source_name,source_url,reference_date,item_type,name_ko,category,region,address,latitude,longitude,summary,story_use,mission_use,age_tags,keywords,lbrryNm,ctprvnNm,signguNm,lbrrySe,closeDay,weekdayOperOpenHhmm,weekdayOperColseHhmm,satOperOperOpenHhmm,satOperCloseHhmm,holidayOperOpenHhmm,holidayCloseOpenHhmm,seatCo,bookCo,pblictnCo,noneBookCo,lonCo,lonDaycnt,rdnmadr,operInstitutionNm,phoneNumber,plotAr,buldAr,homepageUrl,referenceDate,insttCode,insttNm
전국도서관표준데이터 작은도서관 필터,https://www.data.go.kr/data/15013109/standard.do,2024-12-05,place,봉림평생교육센터,작은도서관,창원시,경상남도 창원시 의창구 대봉로26번길 5,35.25192197,128.6675855,봉림평생교육센터은(는) 아이의 독서 습관과 지역 탐험을 연결하는 동화 배경으로 사용할 수 있다.,도서관에서 책 속 주인공을 만나는 생활권 독서 동화,"책 표지 색깔 찾기, 사서에게 추천 도서 묻기, 가족 독서 기록 남기기",4-7;8-10,도서관;작은도서관;7278,봉림평생교육센터,경상남도,창원시,작은도서관,일+국가지정 공휴일,09:00,18:00,09:00,16:00,00:00,00:00,30,7278,14,265,3,14,경상남도 창원시 의창구 대봉로26번길 5,봉림동주민자치위원회,055-265-9877,3681,628,,2024-12-05,5670000,경상남도 창원시
전국도서관표준데이터 작은도서관 필터,https://www.data.go.kr/data/15013109/standard.do,2024-12-05,place,사림평생교육센터,작은도서관,창원시,경상남도 창원시 의창구 사림로16번길37,35.244886,128.6791999,사림평생교육센터은(는) 아이의 독서 습관과 지역 탐험을 연결하는 동화 배경으로 사용할 수 있다.,도서관에서 책 속 주인공을 만나는 생활권 독서 동화,"책 표지 색깔 찾기, 사서에게 추천 도서 묻기, 가족 독서 기록 남기기",4-7;8-10,도서관;작은도서관;16400,사림평생교육센터,경상남도,창원시,작은도서관,일+국가지정 공휴일,09:00,18:00,09:00,18:00,00:00,00:00,45,16400,27,201,3,14,경상남도 창원시 의창구 사림로16번길37,경남정보사회연구소,055-261-1034,665,294,http://www.kisingo.or.kr,2024-12-05,5670000,경상남도 창원시
전국도서관표준데이터 작은도서관 필터,https://www.data.go.kr/data/15013109/standard.do,2024-12-05,place,신월평생교육센터,작은도서관,창원시,경상남도 창원시 의창구 신월로48,35.227648,128.6926044,신월평생교육센터은(는) 아이의 독서 습관과 지역 탐험을 연결하는 동화 배경으로 사용할 수 있다.,도서관에서 책 속 주인공을 만나는 생활권 독서 동화,"책 표지 색깔 찾기, 사서에게 추천 도서 묻기, 가족 독서 기록 남기기",4-7;8-10,도서관;작은도서관;15111,신월평생교육센터,경상남도,창원시,작은도서관,일+국가지정 공휴일,09:00,18:00,09:00,17:00,00:00,00:00,30,15111,140,0,5,14,경상남도 창원시 의창구 신월로48,(사)창원여성의전화,055-287-0667,,,,2024-12-05,5670000,경상남도 창원시
전국도서관표준데이터 작은도서관 필터,https://www.data.go.kr/data/15013109/standard.do,2024-12-05,place,용지평생교육센터,작은도서관,창원시,경상남도 창원시 의창구 용지로239번길 19-4,35.23603518,128.6845091,용지평생교육센터은(는) 아이의 독서 습관과 지역 탐험을 연결하는 동화 배경으로 사용할 수 있다.,도서관에서 책 속 주인공을 만나는 생활권 독서 동화,"책 표지 색깔 찾기, 사서에게 추천 도서 묻기, 가족 독서 기록 남기기",4-7;8-10,도서관;작은도서관;17527,용지평생교육센터,경상남도,창원시,작은도서관,일+국가지정 공휴일,09:00,18:00,09:00,17:00,00:00,00:00,50,17527,8,1000,3,14,경상남도 창원시 의창구 용지로239번길 19-4,용지동주민자치회,055-261-8477,,,,2024-12-05,5670000,경상남도 창원시
전국도서관표준데이터 작은도서관 필터,https://www.data.go.kr/data/15013109/standard.do,2024-12-05,place,반지평생교육센터,작은도서관,창원시,경상남도 창원시 성산구 반지로 15번길 16,35.241006,128.658776,반지평생교육센터은(는) 아이의 독서 습관과 지역 탐험을 연결하는 동화 배경으로 사용할 수 있다.,도서관에서 책 속 주인공을 만나는 생활권 독서 동화,"책 표지 색깔 찾기, 사서에게 추천 도서 묻기, 가족 독서 기록 남기기",4-7;8-10,도서관;작은도서관;18879,반지평생교육센터,경상남도,창원시,작은도서관,일+국가지정 공휴일,09:00,18:00,09:00,17:00,00:00,00:00,20,18879,32,192,5,14,경상남도 창원시 성산구 반지로 15번길 16,반지평생교육센터,055-238-7068,1167,684,http://cafe.daum.net/banji.s.e.c,2024-12-05,5670000,경상남도 창원시
전국도서관표준데이터 작은도서관 필터,https://www.data.go.kr/data/15013109/standard.do,2024-12-05,place,내동평생교육센터,작은도서관,창원시,경상남도 창원시 성산구 연덕로 184번길35,35.217411,128.6695108,내동평생교육센터은(는) 아이의 독서 습관과 지역 탐험을 연결하는 동화 배경으로 사용할 수 있다.,도서관에서 책 속 주인공을 만나는 생활권 독서 동화,"책 표지 색깔 찾기, 사서에게 추천 도서 묻기, 가족 독서 기록 남기기",4-7;8-10,도서관;작은도서관;17086,내동평생교육센터,경상남도,창원시,작은도서관,일+국가지정 공휴일,09:00,18:00,09:00,17:00,00:00,00:00,20,17086,4,95,5,14,경상남도 창원시 성산구 연덕로 184번길35,사)경남여성회,055-287-4114,,350,http://www.gnwomen.com,2024-12-05,5670000,경상남도 창원시
전국도서관표준데이터 작은도서관 필터,https://www.data.go.kr/data/15013109/standard.do,2024-12-05,place,중앙평생교육센터,작은도서관,창원시,경상남도 창원시 성산구 원이대로580번길 34,35.225211,128.677169,중앙평생교육센터은(는) 아이의 독서 습관과 지역 탐험을 연결하는 동화 배경으로 사용할 수 있다.,도서관에서 책 속 주인공을 만나는 생활권 독서 동화,"책 표지 색깔 찾기, 사서에게 추천 도서 묻기, 가족 독서 기록 남기기",4-7;8-10,도서관;작은도서관;15308,중앙평생교육센터,경상남도,창원시,작은도서관,일+국가지정 공휴일,09:00,18:00,09:00,18:00,00:00,00:00,15,15308,4,44,5,14,경상남도 창원시 성산구 원이대로580번길 34,(사)지역문화공동체 경남정보사회연구소,055-263-4511,466,157,http://www.kisingo.or.kr,2024-12-05,5670000,경상남도 창원시
전국도서관표준데이터 작은도서관 필터,https://www.data.go.kr/data/15013109/standard.do,2024-12-05,place,상남평생교육센터,작은도서관,창원시,경상남도 창원시 성산구 동산로 115,35.21905622,128.6876162,상남평생교육센터은(는) 아이의 독서 습관과 지역 탐험을 연결하는 동화 배경으로 사용할 수 있다.,도서관에서 책 속 주인공을 만나는 생활권 독서 동화,"책 표지 색깔 찾기, 사서에게 추천 도서 묻기, 가족 독서 기록 남기기",4-7;8-10,도서관;작은도서관;14122,상남평생교육센터,경상남도,창원시,작은도서관,일+국가지정 공휴일,09:00,18:00,09:00,13:00,00:00,00:00,12,14122,6,64,3,14,경상남도 창원시 성산구 동산로 115,상남동주민자치위원회,055-264-0517,136,136,,2024-12-05,5670000,경상남도 창원시
전국도서관표준데이터 작은도서관 필터,https://www.data.go.kr/data/15013109/standard.do,2024-12-05,place,대방평생교육센터,작은도서관,창원시,경상남도 창원시 성산구 대정로 142,35.21014486,128.7092046,대방평생교육센터은(는) 아이의 독서 습관과 지역 탐험을 연결하는 동화 배경으로 사용할 수 있다.,도서관에서 책 속 주인공을 만나는 생활권 독서 동화,"책 표지 색깔 찾기, 사서에게 추천 도서 묻기, 가족 독서 기록 남기기",4-7;8-10,도서관;작은도서관;16155,대방평생교육센터,경상남도,창원시,작은도서관,일+국가지정 공휴일,09:00,18:00,09:00,17:00,00:00,00:00,26,16155,6,147,3,14,경상남도 창원시 성산구 대정로 142,책사랑창원지부,055-283-6558,,,,2024-12-05,5670000,경상남도 창원시
전국도서관표준데이터 작은도서관 필터,https://www.data.go.kr/data/15013109/standard.do,2024-12-05,place,사파평생교육센터,작은도서관,창원시,경상남도 창원시 성산구 창이대로 706번길 16-23,35.2218241,128.698221,사파평생교육센터은(는) 아이의 독서 습관과 지역 탐험을 연결하는 동화 배경으로 사용할 수 있다.,도서관에서 책 속 주인공을 만나는 생활권 독서 동화,"책 표지 색깔 찾기, 사서에게 추천 도서 묻기, 가족 독서 기록 남기기",4-7;8-10,도서관;작은도서관;16758,사파평생교육센터,경상남도,창원시,작은도서관,일+국가지정 공휴일,09:00,18:00,09:00,16:00,00:00,00:00,27,16758,5,423,2,14,경상남도 창원시 성산구 창이대로 706번길 16-23,창원YMCA,055-266-1158,,,,2024-12-05,5670000,경상남도 창원시
전국도서관표준데이터 작은도서관 필터,https://www.data.go.kr/data/15013109/standard.do,2024-12-05,place,가음정평생교육센터,작은도서관,창원시,"경상남도 창원시 성산구 원이대로 883번길 15-38(가음동,가음정민원센터 2층)",35.208574,128.6972162,가음정평생교육센터은(는) 아이의 독서 습관과 지역 탐험을 연결하는 동화 배경으로 사용할 수 있다.,도서관에서 책 속 주인공을 만나는 생활권 독서 동화,"책 표지 색깔 찾기, 사서에게 추천 도서 묻기, 가족 독서 기록 남기기",4-7;8-10,도서관;작은도서관;20834,가음정평생교육센터,경상남도,창원시,작은도서관,일+국가지정 공휴일,09:00,18:00,09:00,17:00,00:00,00:00,51,20834,27,323,5,14,"경상남도 창원시 성산구 원이대로 883번길 15-38(가음동,가음정민원센터 2층)",가음정동주민자치위원회,055-289-9155,683,355,,2024-12-05,5670000,경상남도 창원시
전국도서관표준데이터 작은도서관 필터,https://www.data.go.kr/data/15013109/standard.do,2024-12-05,place,남산평생교육센터,작은도서관,창원시,경상남도 창원시 성산구 가음로 92번길 6(가음동),35.205109,128.702613,남산평생교육센터은(는) 아이의 독서 습관과 지역 탐험을 연결하는 동화 배경으로 사용할 수 있다.,도서관에서 책 속 주인공을 만나는 생활권 독서 동화,"책 표지 색깔 찾기, 사서에게 추천 도서 묻기, 가족 독서 기록 남기기",4-7;8-10,도서관;작은도서관;19528,남산평생교육센터,경상남도,창원시,작은도서관,일+국가지정 공휴일,09:00,18:00,09:00,17:00,00:00,00:00,20,19528,2,179,3,14,경상남도 창원시 성산구 가음로 92번길 6(가음동),(사)경남여성회,055-282-9605,840,358,,2024-12-05,5670000,경상남도 창원시
전국도서관표준데이터 작은도서관 필터,https://www.data.go.kr/data/15013109/standard.do,2024-12-05,place,남양평생교육센터,작은도서관,창원시,경상남도 창원시 성산구 대정로84,35.20919855,128.7006329,남양평생교육센터은(는) 아이의 독서 습관과 지역 탐험을 연결하는 동화 배경으로 사용할 수 있다.,도서관에서 책 속 주인공을 만나는 생활권 독서 동화,"책 표지 색깔 찾기, 사서에게 추천 도서 묻기, 가족 독서 기록 남기기",4-7;8-10,도서관;작은도서관;15591,남양평생교육센터,경상남도,창원시,작은도서관,일+국가지정 공휴일,09:00,18:00,09:00,16:00,00:00,00:00,36,15591,27,0,5,14,경상남도 창원시 성산구 대정로84,희망나라,055-275-0307,1448,199,http://cafe.daum.net/mcwlnamyang,2024-12-05,5670000,경상남도 창원시
전국도서관표준데이터 작은도서관 필터,https://www.data.go.kr/data/15013109/standard.do,2024-12-05,place,성주평생교육센터,작은도서관,창원시,경상남도 창원시 성산구 공단로 735(성주동),35.18883925,128.6944966,성주평생교육센터은(는) 아이의 독서 습관과 지역 탐험을 연결하는 동화 배경으로 사용할 수 있다.,도서관에서 책 속 주인공을 만나는 생활권 독서 동화,"책 표지 색깔 찾기, 사서에게 추천 도서 묻기, 가족 독서 기록 남기기",4-7;8-10,도서관;작은도서관;21982,성주평생교육센터,경상남도,창원시,작은도서관,일+국가지정 공휴일,09:00,18:00,09:30,17:00,00:00,00:00,36,21982,8,72,3,14,경상남도 창원시 성산구 공단로 735(성주동),성주동주민자치위원회,055-286-5506,,,,2024-12-05,5670000,경상남도 창원시
전국도서관표준데이터 작은도서관 필터,https://www.data.go.kr/data/15013109/standard.do,2024-12-05,place,웅남평생교육센터,작은도서관,창원시,경상남도 창원시 성산구 신촌로 50,35.205316,128.627154,웅남평생교육센터은(는) 아이의 독서 습관과 지역 탐험을 연결하는 동화 배경으로 사용할 수 있다.,도서관에서 책 속 주인공을 만나는 생활권 독서 동화,"책 표지 색깔 찾기, 사서에게 추천 도서 묻기, 가족 독서 기록 남기기",4-7;8-10,도서관;작은도서관;21186,웅남평생교육센터,경상남도,창원시,작은도서관,일+국가지정 공휴일,09:00,18:00,09:00,16:30,00:00,00:00,25,21186,9,107,2,14,경상남도 창원시 성산구 신촌로 50,웅남평생교육센터,055-286-5666,,150,,2024-12-05,5670000,경상남도 창원시
전국도서관표준데이터 작은도서관 필터,https://www.data.go.kr/data/15013109/standard.do,2024-12-05,place,용잠마을도서관,작은도서관,창원시,경상남도 창원시 의창구 동읍 용잠로 41,35.279752,128.688901,용잠마을도서관은(는) 아이의 독서 습관과 지역 탐험을 연결하는 동화 배경으로 사용할 수 있다.,도서관에서 책 속 주인공을 만나는 생활권 독서 동화,"책 표지 색깔 찾기, 사서에게 추천 도서 묻기, 가족 독서 기록 남기기",4-7;8-10,도서관;작은도서관;18150,용잠마을도서관,경상남도,창원시,작은도서관,토+일+국가지정 공휴일,09:00,18:00,00:00,00:00,00:00,00:00,20,18150,1,0,5,14,경상남도 창원시 의창구 동읍 용잠로 41,동읍주민자치회,055-253-9161,,227,,2024-12-05,5670000,경상남도 창원시
전국도서관표준데이터 작은도서관 필터,https://www.data.go.kr/data/15013109/standard.do,2024-12-05,place,자여마을도서관,작은도서관,창원시,경상남도 창원시 의창구 동읍 자여로 64,35.27732449,128.700235,자여마을도서관은(는) 아이의 독서 습관과 지역 탐험을 연결하는 동화 배경으로 사용할 수 있다.,도서관에서 책 속 주인공을 만나는 생활권 독서 동화,"책 표지 색깔 찾기, 사서에게 추천 도서 묻기, 가족 독서 기록 남기기",4-7;8-10,도서관;작은도서관;18399,자여마을도서관,경상남도,창원시,작은도서관,토+일+국가지정 공휴일,09:00,18:00,00:00,00:00,00:00,00:00,36,18399,3,80,5,14,경상남도 창원시 의창구 동읍 자여로 64,동읍주민자치회,055-291-0124,,77,,2024-12-05,5670000,경상남도 창원시
전국도서관표준데이터 작은도서관 필터,https://www.data.go.kr/data/15013109/standard.do,2024-12-05,place,반딧불이도서관,작은도서관,창원시,경상남도 창원시 의창구 북면 천주로 1085,35.347947,128.6073132,반딧불이도서관은(는) 아이의 독서 습관과 지역 탐험을 연결하는 동화 배경으로 사용할 수 있다.,도서관에서 책 속 주인공을 만나는 생활권 독서 동화,"책 표지 색깔 찾기, 사서에게 추천 도서 묻기, 가족 독서 기록 남기기",4-7;8-10,도서관;작은도서관;15543,반딧불이도서관,경상남도,창원시,작은도서관,일+국가지정 공휴일,09:00,18:00,09:00,12:00,00:00,00:00,30,15543,0,0,5,14,경상남도 창원시 의창구 북면 천주로 1085,북면주민자치회,055-298-6588,,132.2,,2024-12-05,5670000,경상남도 창원시
전국도서관표준데이터 작은도서관 필터,https://www.data.go.kr/data/15013109/standard.do,2024-12-05,place,봉림작은도서관,작은도서관,창원시,경상남도 창원시 의창구 창이대로259번길 19(봉곡동),35.24782998,128.666819,봉림작은도서관은(는) 아이의 독서 습관과 지역 탐험을 연결하는 동화 배경으로 사용할 수 있다.,도서관에서 책 속 주인공을 만나는 생활권 독서 동화,"책 표지 색깔 찾기, 사서에게 추천 도서 묻기, 가족 독서 기록 남기기",4-7;8-10,도서관;작은도서관;14645,봉림작은도서관,경상남도,창원시,작은도서관,일+국가지정 공휴일,09:00,18:00,09:00,17:00,00:00,00:00,27,14645,10,16,5,14,경상남도 창원시 의창구 창이대로259번길 19(봉곡동),(재)한가람문화재단,055-265-6087,,118.8,,2024-12-05,5670000,경상남도 창원시
전국도서관표준데이터 작은도서관 필터,https://www.data.go.kr/data/15013109/standard.do,2024-12-05,place,용지호수어울림도서관,작은도서관,창원시,경상남도 창원시 성산구 용지로211번길 21(용지동),35.23383362,128.682604,용지호수어울림도서관은(는) 아이의 독서 습관과 지역 탐험을 연결하는 동화 배경으로 사용할 수 있다.,도서관에서 책 속 주인공을 만나는 생활권 독서 동화,"책 표지 색깔 찾기, 사서에게 추천 도서 묻기, 가족 독서 기록 남기기",4-7;8-10,도서관;작은도서관;4391,용지호수어울림도서관,경상남도,창원시,작은도서관,월+일+국가지정 공휴일,09:00,18:00,09:00,18:00,00:00,00:00,20,4391,3,25,3,14,경상남도 창원시 성산구 용지로211번길 21(용지동),용지동주민자치회,070-8807-0075,,41,,2024-12-05,5670000,경상남도 창원시
전국도서관표준데이터 작은도서관 필터,https://www.data.go.kr/data/15013109/standard.do,2024-12-05,place,반림작은도서관,작은도서관,창원시,"경상남도 창원시 성산구 반송로 105(반림동, 럭키A’)",35.23879258,128.6689248,반림작은도서관은(는) 아이의 독서 습관과 지역 탐험을 연결하는 동화 배경으로 사용할 수 있다.,도서관에서 책 속 주인공을 만나는 생활권 독서 동화,"책 표지 색깔 찾기, 사서에게 추천 도서 묻기, 가족 독서 기록 남기기",4-7;8-10,도서관;작은도서관;18302,반림작은도서관,경상남도,창원시,작은도서관,일+국가지정 공휴일,09:00,18:00,09:30,18:00,00:00,00:00,44,18302,5,969,5,14,"경상남도 창원시 성산구 반송로 105(반림동, 럭키A’)",반림마을도서위원회,055-261-9223,,138.6,,2024-12-05,5670000,경상남도 창원시
전국도서관표준데이터 작은도서관 필터,https://www.data.go.kr/data/15013109/standard.do,2024-12-05,place,늘푸른도서관,작은도서관,창원시,경상남도 창원시 성산구 외동반림로134번길 15(중앙동),35.229753,128.6741132,늘푸른도서관은(는) 아이의 독서 습관과 지역 탐험을 연결하는 동화 배경으로 사용할 수 있다.,도서관에서 책 속 주인공을 만나는 생활권 독서 동화,"책 표지 색깔 찾기, 사서에게 추천 도서 묻기, 가족 독서 기록 남기기",4-7;8-10,도서관;작은도서관;17463,늘푸른도서관,경상남도,창원시,작은도서관,일+국가지정 공휴일,09:00,18:00,09:00,17:00,00:00,00:00,21,17463,13,0,5,14,경상남도 창원시 성산구 외동반림로134번길 15(중앙동),중앙동새마을문고회,055-281-3342,,165,,2024-12-05,5670000,경상남도 창원시
전국도서관표준데이터 작은도서관 필터,https://www.data.go.kr/data/15013109/standard.do,2024-12-05,place,대동디지털마을도서관,작은도서관,창원시,"경상남도 창원시 성산구 창이대로881번길 8(대방동, 대동디지털A’)",35.20625561,128.7073881,대동디지털마을도서관은(는) 아이의 독서 습관과 지역 탐험을 연결하는 동화 배경으로 사용할 수 있다.,도서관에서 책 속 주인공을 만나는 생활권 독서 동화,"책 표지 색깔 찾기, 사서에게 추천 도서 묻기, 가족 독서 기록 남기기",4-7;8-10,도서관;작은도서관;14558,대동디지털마을도서관,경상남도,창원시,작은도서관,일+국가지정 공휴일,09:00,18:00,09:00,17:00,00:00,00:00,43,14558,4,0,3,14,"경상남도 창원시 성산구 창이대로881번길 8(대방동, 대동디지털A’)",대동디지털황토방아파트입주자대표회의,055-603-3087,,229.81,,2024-12-05,5670000,경상남도 창원시
전국도서관표준데이터 작은도서관 필터,https://www.data.go.kr/data/15013109/standard.do,2025-07-15,place,문학마을작은도서관,작은도서관,유성구,대전광역시 유성구 어은로 22(어은동,36.36080533,127.3592859,문학마을작은도서관은(는) 아이의 독서 습관과 지역 탐험을 연결하는 동화 배경으로 사용할 수 있다.,도서관에서 책 속 주인공을 만나는 생활권 독서 동화,"책 표지 색깔 찾기, 사서에게 추천 도서 묻기, 가족 독서 기록 남기기",4-7;8-10,도서관;작은도서관;11086,문학마을작은도서관,대전광역시,유성구,작은도서관,월+공휴일,10:00,17:00,10:00,17:00,00:00,00:00,60,11086,0,0,3,14,대전광역시 유성구 어은로 22(어은동,문학마을작은도서관 운영위원회,070-4192-1677,,263,http://small.u-library.kr,2025-07-15,3670000,대전광역시 유성구
전국도서관표준데이터 작은도서관 필터,https://www.data.go.kr/data/15013109/standard.do,2025-07-15,place,별똥별과학도서관,작은도서관,유성구,대전광역시 유성구 죽동로 322(죽동),36.36942799,127.3356576,별똥별과학도서관은(는) 아이의 독서 습관과 지역 탐험을 연결하는 동화 배경으로 사용할 수 있다.,도서관에서 책 속 주인공을 만나는 생활권 독서 동화,"책 표지 색깔 찾기, 사서에게 추천 도서 묻기, 가족 독서 기록 남기기",4-7;8-10,도서관;작은도서관;16134,별똥별과학도서관,대전광역시,유성구,작은도서관,월+공휴일,10:00,17:00,10:00,17:00,00:00,00:00,25,16134,0,0,3,14,대전광역시 유성구 죽동로 322(죽동),별똥별과학도서관 운영위원회,042-825-6987,,533,http://small.u-library.kr,2025-07-15,3670000,대전광역시 유성구
전국도서관표준데이터 작은도서관 필터,https://www.data.go.kr/data/15013109/standard.do,2025-07-15,place,어린이영어마을도서관,작은도서관,유성구,대전광역시 유성구 지족동로 145(지족동),36.38680886,127.3079041,어린이영어마을도서관은(는) 아이의 독서 습관과 지역 탐험을 연결하는 동화 배경으로 사용할 수 있다.,도서관에서 책 속 주인공을 만나는 생활권 독서 동화,"책 표지 색깔 찾기, 사서에게 추천 도서 묻기, 가족 독서 기록 남기기",4-7;8-10,도서관;작은도서관;22728,어린이영어마을도서관,대전광역시,유성구,작은도서관,월+공휴일,10:00,17:00,10:00,17:00,00:00,00:00,60,22728,0,0,3,7,대전광역시 유성구 지족동로 145(지족동),유성구어린이영어마을 작은도서관 운영위원회,042-611-6962,2594,234,http://small.u-library.kr,2025-07-15,3670000,대전광역시 유성구
전국도서관표준데이터 작은도서관 필터,https://www.data.go.kr/data/15013109/standard.do,2025-07-15,place,송강마을작은도서관,작은도서관,유성구,대전광역시 유성구 송강로 42번길 34(송강동),36.43500958,127.3840999632,송강마을작은도서관은(는) 아이의 독서 습관과 지역 탐험을 연결하는 동화 배경으로 사용할 수 있다.,도서관에서 책 속 주인공을 만나는 생활권 독서 동화,"책 표지 색깔 찾기, 사서에게 추천 도서 묻기, 가족 독서 기록 남기기",4-7;8-10,도서관;작은도서관;18955,송강마을작은도서관,대전광역시,유성구,작은도서관,월+공휴일,10:00,17:00,10:00,17:00,00:00,00:00,40,18955,0,0,3,7,대전광역시 유성구 송강로 42번길 34(송강동),송강마을 작은도서관 운영위원회,070-4404-3030,19703,166,http://small.u-library.kr,2025-07-15,3670000,대전광역시 유성구
전국도서관표준데이터 작은도서관 필터,https://www.data.go.kr/data/15013109/standard.do,2024-12-05,place,사파동성마을작은도서관,작은도서관,창원시,"경상남도 창원시 성산구 창이대로 737(사파동, 사파동성A’)",35.21896394,128.7050223,사파동성마을작은도서관은(는) 아이의 독서 습관과 지역 탐험을 연결하는 동화 배경으로 사용할 수 있다.,도서관에서 책 속 주인공을 만나는 생활권 독서 동화,"책 표지 색깔 찾기, 사서에게 추천 도서 묻기, 가족 독서 기록 남기기",4-7;8-10,도서관;작은도서관;17231,사파동성마을작은도서관,경상남도,창원시,작은도서관,토+일+국가지정 공휴일,09:00,18:00,00:00,00:00,00:00,00:00,32,17231,54,178,3,14,"경상남도 창원시 성산구 창이대로 737(사파동, 사파동성A’)",사파동성아파트입주자대표회의,055-263-8216,,96,,2024-12-05,5670000,경상남도 창원시
전국도서관표준데이터 작은도서관 필터,https://www.data.go.kr/data/15013109/standard.do,2024-12-05,place,안민마을도서관,작은도서관,창원시,경상남도 창원시 성산구 안민안길 34(안민동),35.18723721,128.692676,안민마을도서관은(는) 아이의 독서 습관과 지역 탐험을 연결하는 동화 배경으로 사용할 수 있다.,도서관에서 책 속 주인공을 만나는 생활권 독서 동화,"책 표지 색깔 찾기, 사서에게 추천 도서 묻기, 가족 독서 기록 남기기",4-7;8-10,도서관;작은도서관;14564,안민마을도서관,경상남도,창원시,작은도서관,일+국가지정 공휴일,09:00,18:00,09:00,17:00,00:00,00:00,36,14564,7,0,5,14,경상남도 창원시 성산구 안민안길 34(안민동),성주동주민자치회,055-281-5520,,131,,2024-12-05,5670000,경상남도 창원시
전국도서관표준데이터 작은도서관 필터,https://www.data.go.kr/data/15013109/standard.do,2024-12-05,place,안민청솔마을도서관,작은도서관,창원시,경상남도 창원시 성산구 안민로117번길 17(안민동),35.18740864,128.6897059,안민청솔마을도서관은(는) 아이의 독서 습관과 지역 탐험을 연결하는 동화 배경으로 사용할 수 있다.,도서관에서 책 속 주인공을 만나는 생활권 독서 동화,"책 표지 색깔 찾기, 사서에게 추천 도서 묻기, 가족 독서 기록 남기기",4-7;8-10,도서관;작은도서관;15317,안민청솔마을도서관,경상남도,창원시,작은도서관,일+국가지정 공휴일,09:00,18:00,09:30,17:00,00:00,00:00,138,15317,4,0,5,14,경상남도 창원시 성산구 안민로117번길 17(안민동),성주동주민자치회,055-264-0129,,170.05,,2024-12-05,5670000,경상남도 창원시
전국도서관표준데이터 작은도서관 필터,https://www.data.go.kr/data/15013109/standard.do,2024-12-05,place,반월작은도서관,작은도서관,창원시,경상남도 창원시 마산합포구 3·15대로 121(중앙동1가),35.19036173,128.562451,반월작은도서관은(는) 아이의 독서 습관과 지역 탐험을 연결하는 동화 배경으로 사용할 수 있다.,도서관에서 책 속 주인공을 만나는 생활권 독서 동화,"책 표지 색깔 찾기, 사서에게 추천 도서 묻기, 가족 독서 기록 남기기",4-7;8-10,도서관;작은도서관;15541,반월작은도서관,경상남도,창원시,작은도서관,월+일+국가지정 공휴일,09:00,18:00,09:00,18:00,00:00,00:00,30,15541,0,0,5,14,경상남도 창원시 마산합포구 3·15대로 121(중앙동1가),반월중앙동주민자치회,055-221-8160,,204.95,,2024-12-05,5670000,경상남도 창원시
전국도서관표준데이터 작은도서관 필터,https://www.data.go.kr/data/15013109/standard.do,2024-12-05,place,부림희망작은도서관,작은도서관,창원시,경상남도 창원시 마산합포구 3·15대로 351(부림동),35.20627383,128.5729547,부림희망작은도서관은(는) 아이의 독서 습관과 지역 탐험을 연결하는 동화 배경으로 사용할 수 있다.,도서관에서 책 속 주인공을 만나는 생활권 독서 동화,"책 표지 색깔 찾기, 사서에게 추천 도서 묻기, 가족 독서 기록 남기기",4-7;8-10,도서관;작은도서관;10411,부림희망작은도서관,경상남도,창원시,작은도서관,일+국가지정 공휴일,09:00,18:00,09:00,16:00,00:00,00:00,25,10411,5,33,3,14,경상남도 창원시 마산합포구 3·15대로 351(부림동),오동동새마을문고,055-222-0531,,84,,2024-12-05,5670000,경상남도 창원시
전국도서관표준데이터 작은도서관 필터,https://www.data.go.kr/data/15013109/standard.do,2024-12-05,place,무학산블루밍작은도서관,작은도서관,창원시,"경상남도 창원시 마산합포구 노산서18길 142(교방동, 벽산블루밍A’) 2단지",35.21607751,128.5625775,무학산블루밍작은도서관은(는) 아이의 독서 습관과 지역 탐험을 연결하는 동화 배경으로 사용할 수 있다.,도서관에서 책 속 주인공을 만나는 생활권 독서 동화,"책 표지 색깔 찾기, 사서에게 추천 도서 묻기, 가족 독서 기록 남기기",4-7;8-10,도서관;작은도서관;10427,무학산블루밍작은도서관,경상남도,창원시,작은도서관,월+일+국가지정 공휴일,09:00,18:00,09:00,18:00,00:00,00:00,40,10427,0,159,5,14,"경상남도 창원시 마산합포구 노산서18길 142(교방동, 벽산블루밍A’) 2단지",마산무학산블루밍아파트입주자대표회의,055-245-5730,,175,,2024-12-05,5670000,경상남도 창원시
전국도서관표준데이터 작은도서관 필터,https://www.data.go.kr/data/15013109/standard.do,2024-12-05,place,현동작은도서관,작은도서관,창원시,경상남도 창원시 마산합포구 현동7길 27(현동),35.14988761,128.5537934,현동작은도서관은(는) 아이의 독서 습관과 지역 탐험을 연결하는 동화 배경으로 사용할 수 있다.,도서관에서 책 속 주인공을 만나는 생활권 독서 동화,"책 표지 색깔 찾기, 사서에게 추천 도서 묻기, 가족 독서 기록 남기기",4-7;8-10,도서관;작은도서관;8971,현동작은도서관,경상남도,창원시,작은도서관,일+국가지정 공휴일,09:00,18:00,09:00,17:00,00:00,00:00,26,8971,0,0,5,14,경상남도 창원시 마산합포구 현동7길 27(현동),현동주민자치회,055-221-0223,,106.08,,2024-12-05,5670000,경상남도 창원시
전국도서관표준데이터 작은도서관 필터,https://www.data.go.kr/data/15013109/standard.do,2024-12-05,place,꿈꾸는산호작은도서관,작은도서관,창원시,경상남도 창원시 마산합포구 용마로 30(여성회관 마산관 1층),35.21649814,128.5790896,꿈꾸는산호작은도서관은(는) 아이의 독서 습관과 지역 탐험을 연결하는 동화 배경으로 사용할 수 있다.,도서관에서 책 속 주인공을 만나는 생활권 독서 동화,"책 표지 색깔 찾기, 사서에게 추천 도서 묻기, 가족 독서 기록 남기기",4-7;8-10,도서관;작은도서관;7489,꿈꾸는산호작은도서관,경상남도,창원시,작은도서관,토+일+국가지정 공휴일,09:00,18:00,00:00,00:00,00:00,00:00,29,7489,2,0,10,14,경상남도 창원시 마산합포구 용마로 30(여성회관 마산관 1층),(사)한국인성교육학회,055-604-1615,,89,,2024-12-05,5670000,경상남도 창원시
전국도서관표준데이터 작은도서관 필터,https://www.data.go.kr/data/15013109/standard.do,2024-12-05,place,고운작은도서관,작은도서관,창원시,경상남도 창원시 마산합포구 월영마을로 3(월영동),35.17375179,128.5580464,고운작은도서관은(는) 아이의 독서 습관과 지역 탐험을 연결하는 동화 배경으로 사용할 수 있다.,도서관에서 책 속 주인공을 만나는 생활권 독서 동화,"책 표지 색깔 찾기, 사서에게 추천 도서 묻기, 가족 독서 기록 남기기",4-7;8-10,도서관;작은도서관;6515,고운작은도서관,경상남도,창원시,작은도서관,토+일+국가지정 공휴일,09:00,18:00,00:00,00:00,00:00,00:00,30,6515,8,0,3,14,경상남도 창원시 마산합포구 월영마을로 3(월영동),월영동주민자치회,070-7798-1612,,97.44,,2024-12-05,5670000,경상남도 창원시
전국도서관표준데이터 작은도서관 필터,https://www.data.go.kr/data/15013109/standard.do,2024-12-05,place,신추산작은도서관,작은도서관,창원시,경상남도 창원시 마산합포구 문신길 169(오동동),35.20706717,128.5696019,신추산작은도서관은(는) 아이의 독서 습관과 지역 탐험을 연결하는 동화 배경으로 사용할 수 있다.,도서관에서 책 속 주인공을 만나는 생활권 독서 동화,"책 표지 색깔 찾기, 사서에게 추천 도서 묻기, 가족 독서 기록 남기기",4-7;8-10,도서관;작은도서관;3264,신추산작은도서관,경상남도,창원시,작은도서관,토+일+국가지정 공휴일,09:00,18:00,09:00,18:00,00:00,00:00,21,3264,3,0,5,14,경상남도 창원시 마산합포구 문신길 169(오동동),㈜라온아트앤컬처,055-245-5035,,178.36,,2024-12-05,5670000,경상남도 창원시
전국도서관표준데이터 작은도서관 필터,https://www.data.go.kr/data/15013109/standard.do,2024-12-05,place,상곡어울림작은도서관,작은도서관,창원시,경상남도 창원시 마산회원구 내서읍 상곡로 16,35.24279619,128.5037042,상곡어울림작은도서관은(는) 아이의 독서 습관과 지역 탐험을 연결하는 동화 배경으로 사용할 수 있다.,도서관에서 책 속 주인공을 만나는 생활권 독서 동화,"책 표지 색깔 찾기, 사서에게 추천 도서 묻기, 가족 독서 기록 남기기",4-7;8-10,도서관;작은도서관;14032,상곡어울림작은도서관,경상남도,창원시,작은도서관,월+일+국가지정 공휴일,09:00,18:00,10:00,15:00,00:00,00:00,50,14032,22,93,3,14,경상남도 창원시 마산회원구 내서읍 상곡로 16,(사)창원시새마을회,055-231-4204,,188,,2024-12-05,5670000,경상남도 창원시
전국도서관표준데이터 작은도서관 필터,https://www.data.go.kr/data/15013109/standard.do,2024-12-05,place,합성가고파작은도서관,작은도서관,창원시,경상남도 창원시 마산회원구 합성서3길 21(합성동),35.24218587,128.5838997,합성가고파작은도서관은(는) 아이의 독서 습관과 지역 탐험을 연결하는 동화 배경으로 사용할 수 있다.,도서관에서 책 속 주인공을 만나는 생활권 독서 동화,"책 표지 색깔 찾기, 사서에게 추천 도서 묻기, 가족 독서 기록 남기기",4-7;8-10,도서관;작은도서관;12271,합성가고파작은도서관,경상남도,창원시,작은도서관,토+일+국가지정 공휴일,09:00,18:00,10:00,17:00,00:00,00:00,30,12271,0,180,5,14,경상남도 창원시 마산회원구 합성서3길 21(합성동),합성1동주민자치회,055-253-5583,,114,,2024-12-05,5670000,경상남도 창원시
전국도서관표준데이터 작은도서관 필터,https://www.data.go.kr/data/15013109/standard.do,2024-12-05,place,봉암동작은도서관,작은도서관,창원시,경상남도 창원시 마산회원구 봉암북2길 31(봉암동),35.22128334,128.5972012,봉암동작은도서관은(는) 아이의 독서 습관과 지역 탐험을 연결하는 동화 배경으로 사용할 수 있다.,도서관에서 책 속 주인공을 만나는 생활권 독서 동화,"책 표지 색깔 찾기, 사서에게 추천 도서 묻기, 가족 독서 기록 남기기",4-7;8-10,도서관;작은도서관;10206,봉암동작은도서관,경상남도,창원시,작은도서관,토+일+국가지정 공휴일,09:00,18:00,00:00,00:00,00:00,00:00,20,10206,1,31,4,14,경상남도 창원시 마산회원구 봉암북2길 31(봉암동),㈜라온아트앤컬처,055-292-5760,,105.38,,2024-12-05,5670000,경상남도 창원시
전국도서관표준데이터 작은도서관 필터,https://www.data.go.kr/data/15013109/standard.do,2024-12-05,place,여좌작은도서관,작은도서관,창원시,경상남도 창원시 진해구 여좌천로 64-1(여좌동),35.15867283,128.6602155,여좌작은도서관은(는) 아이의 독서 습관과 지역 탐험을 연결하는 동화 배경으로 사용할 수 있다.,도서관에서 책 속 주인공을 만나는 생활권 독서 동화,"책 표지 색깔 찾기, 사서에게 추천 도서 묻기, 가족 독서 기록 남기기",4-7;8-10,도서관;작은도서관;4348,여좌작은도서관,경상남도,창원시,작은도서관,토+일+국가지정 공휴일,09:00,18:00,10:00,16:00,00:00,00:00,36,4348,0,0,5,14,경상남도 창원시 진해구 여좌천로 64-1(여좌동),블라썸여좌사회적협동조합,055-546-9294,,150,,2024-12-05,5670000,경상남도 창원시
전국도서관표준데이터 작은도서관 필터,https://www.data.go.kr/data/15013109/standard.do,2025-06-26,place,민주작은도서관,작은도서관,동구,광주광역시 동구 동명로26번길 15-3(동명동),35.1512528,126.925462,민주작은도서관은(는) 아이의 독서 습관과 지역 탐험을 연결하는 동화 배경으로 사용할 수 있다.,도서관에서 책 속 주인공을 만나는 생활권 독서 동화,"책 표지 색깔 찾기, 사서에게 추천 도서 묻기, 가족 독서 기록 남기기",4-7;8-10,도서관;작은도서관;5058,민주작은도서관,광주광역시,동구,작은도서관,토+일+국가지정공휴일,10:00,16:30,00:00,00:00,00:00,00:00,20,5058,5,2,0,0,광주광역시 동구 동명로26번길 15-3(동명동),(사)광주민주화운동기념사업회,062-675-3555,,44,,2025-06-26,3590000,광주광역시 동구
전국도서관표준데이터 작은도서관 필터,https://www.data.go.kr/data/15013109/standard.do,2025-06-26,place,푸른길두산위브작은도서관,작은도서관,동구,"광주광역시 동구 계림로30번길 15(계림동, 푸른길 두산위브)",35.15706311,126.9253721,푸른길두산위브작은도서관은(는) 아이의 독서 습관과 지역 탐험을 연결하는 동화 배경으로 사용할 수 있다.,도서관에서 책 속 주인공을 만나는 생활권 독서 동화,"책 표지 색깔 찾기, 사서에게 추천 도서 묻기, 가족 독서 기록 남기기",4-7;8-10,도서관;작은도서관;1698,푸른길두산위브작은도서관,광주광역시,동구,작은도서관,화+수+금+토+일+국가지정공휴일,15:00,18:00,00:00,00:00,00:00,00:00,30,1698,0,0,0,0,"광주광역시 동구 계림로30번길 15(계림동, 푸른길 두산위브)",푸른길두산위브입주자대표회의,062-226-1216,,114.57,,2025-06-26,3590000,광주광역시 동구
전국도서관표준데이터 작은도서관 필터,https://www.data.go.kr/data/15013109/standard.do,2025-06-26,place,꽃대여행작은도서관,작은도서관,동구,광주광역시 동구 천변우로 447,35.1426084009,126.9170039484,꽃대여행작은도서관은(는) 아이의 독서 습관과 지역 탐험을 연결하는 동화 배경으로 사용할 수 있다.,도서관에서 책 속 주인공을 만나는 생활권 독서 동화,"책 표지 색깔 찾기, 사서에게 추천 도서 묻기, 가족 독서 기록 남기기",4-7;8-10,도서관;작은도서관;5000,꽃대여행작은도서관,광주광역시,동구,작은도서관,휴관,09:30,17:30,00:00,00:00,00:00,00:00,30,5000,0,0,0,0,광주광역시 동구 천변우로 447,아시아문화콘텐츠시민네트워크,062-223-2301,,115,,2025-06-26,3590000,광주광역시 동구
전국도서관표준데이터 작은도서관 필터,https://www.data.go.kr/data/15013109/standard.do,2025-10-31,place,하브루타도서관,작은도서관,부평구,인천광역시 부평구 경인로931번길18(부평동),37.48839372,126.7231464,하브루타도서관은(는) 아이의 독서 습관과 지역 탐험을 연결하는 동화 배경으로 사용할 수 있다.,도서관에서 책 속 주인공을 만나는 생활권 독서 동화,"책 표지 색깔 찾기, 사서에게 추천 도서 묻기, 가족 독서 기록 남기기",4-7;8-10,도서관;작은도서관;2653,하브루타도서관,인천광역시,부평구,작은도서관,일+월+법정공휴일,09:00,16:30,13:00,16:00,00:00,00:00,20,2653,0,0,0,0,인천광역시 부평구 경인로931번길18(부평동),부평남부교회,,,140,,2025-10-31,3540000,인천광역시 부평구
전국도서관표준데이터 작은도서관 필터,https://www.data.go.kr/data/15013109/standard.do,2025-10-31,place,상동무지개작은도서관,작은도서관,부평구,인천광역시 부평구 송내대로373번길28(삼산동),37.516550278,126.7588701907,상동무지개작은도서관은(는) 아이의 독서 습관과 지역 탐험을 연결하는 동화 배경으로 사용할 수 있다.,도서관에서 책 속 주인공을 만나는 생활권 독서 동화,"책 표지 색깔 찾기, 사서에게 추천 도서 묻기, 가족 독서 기록 남기기",4-7;8-10,도서관;작은도서관;1250,상동무지개작은도서관,인천광역시,부평구,작은도서관,토+일+법정공휴일,10:00,18:00,00:00,00:00,00:00,00:00,30,1250,0,0,0,0,인천광역시 부평구 송내대로373번길28(삼산동),기쁜소식부천교회,,,62.4,,2025-10-31,3540000,인천광역시 부평구
전국도서관표준데이터 작은도서관 필터,https://www.data.go.kr/data/15013109/standard.do,2025-10-31,place,지혜로작은도서관,작은도서관,부평구,인천광역시 부평구 마장로324번길8-17(산곡동),37.506052,126.7039764,지혜로작은도서관은(는) 아이의 독서 습관과 지역 탐험을 연결하는 동화 배경으로 사용할 수 있다.,도서관에서 책 속 주인공을 만나는 생활권 독서 동화,"책 표지 색깔 찾기, 사서에게 추천 도서 묻기, 가족 독서 기록 남기기",4-7;8-10,도서관;작은도서관;2639,지혜로작은도서관,인천광역시,부평구,작은도서관,토+일+법정공휴일,09:00,18:00,00:00,00:00,00:00,00:00,15,2639,0,0,0,0,인천광역시 부평구 마장로324번길8-17(산곡동),지혜로작은도서관,,,152.51,,2025-10-31,3540000,인천광역시 부평구
전국도서관표준데이터 작은도서관 필터,https://www.data.go.kr/data/15013109/standard.do,2025-10-31,place,로뎀나무도서관,작은도서관,부평구,"인천광역시 부평구 영성동로 35, 부성교회(삼산동)",37.52006146,126.746528,로뎀나무도서관은(는) 아이의 독서 습관과 지역 탐험을 연결하는 동화 배경으로 사용할 수 있다.,도서관에서 책 속 주인공을 만나는 생활권 독서 동화,"책 표지 색깔 찾기, 사서에게 추천 도서 묻기, 가족 독서 기록 남기기",4-7;8-10,도서관;작은도서관;9639,로뎀나무도서관,인천광역시,부평구,작은도서관,토+일+법정공휴일,10:00,18:00,00:00,00:00,00:00,00:00,20,9639,0,0,0,0,"인천광역시 부평구 영성동로 35, 부성교회(삼산동)",부성교회,032-529-5112,,141.2,,2025-10-31,3540000,인천광역시 부평구
전국도서관표준데이터 작은도서관 필터,https://www.data.go.kr/data/15013109/standard.do,2025-10-31,place,꿈쟁이어린이도서관,작은도서관,부평구,인천광역시 부평구 부흥로 213 주안교회(산곡동),37.499561,126.715083,꿈쟁이어린이도서관은(는) 아이의 독서 습관과 지역 탐험을 연결하는 동화 배경으로 사용할 수 있다.,도서관에서 책 속 주인공을 만나는 생활권 독서 동화,"책 표지 색깔 찾기, 사서에게 추천 도서 묻기, 가족 독서 기록 남기기",4-7;8-10,도서관;작은도서관;6500,꿈쟁이어린이도서관,인천광역시,부평구,작은도서관,일+월+법정공휴일,09:00,17:00,09:00,15:00,00:00,00:00,26,6500,0,0,0,0,인천광역시 부평구 부흥로 213 주안교회(산곡동),주안교회,032-590-9809,,192.87,,2025-10-31,3540000,인천광역시 부평구
전국도서관표준데이터 작은도서관 필터,https://www.data.go.kr/data/15013109/standard.do,2025-10-31,place,꿈꾸는작은도서관,작은도서관,부평구,인천광역시 부평구 하정로19번길 5(십정동),37.474552,126.702253,꿈꾸는작은도서관은(는) 아이의 독서 습관과 지역 탐험을 연결하는 동화 배경으로 사용할 수 있다.,도서관에서 책 속 주인공을 만나는 생활권 독서 동화,"책 표지 색깔 찾기, 사서에게 추천 도서 묻기, 가족 독서 기록 남기기",4-7;8-10,도서관;작은도서관;1005,꿈꾸는작은도서관,인천광역시,부평구,작은도서관,일+법정공휴일,14:00,20:00,09:00,17:00,00:00,00:00,24,1005,0,0,0,0,인천광역시 부평구 하정로19번길 5(십정동),십정중부감리교회,032-428-1769,,54.72,,2025-10-31,3540000,인천광역시 부평구
전국도서관표준데이터 작은도서관 필터,https://www.data.go.kr/data/15013109/standard.do,2025-10-31,place,열방작은도서관,작은도서관,부평구,인천광역시 부평구 수변로 68-1(부개동),37.49258443,126.7409216,열방작은도서관은(는) 아이의 독서 습관과 지역 탐험을 연결하는 동화 배경으로 사용할 수 있다.,도서관에서 책 속 주인공을 만나는 생활권 독서 동화,"책 표지 색깔 찾기, 사서에게 추천 도서 묻기, 가족 독서 기록 남기기",4-7;8-10,도서관;작은도서관;9078,열방작은도서관,인천광역시,부평구,작은도서관,일+법정공휴일,13:00,18:00,13:00,18:00,00:00,00:00,10,9078,0,0,0,0,인천광역시 부평구 수변로 68-1(부개동),열방교회,,,37.62,,2025-10-31,3540000,인천광역시 부평구
전국도서관표준데이터 작은도서관 필터,https://www.data.go.kr/data/15013109/standard.do,2025-10-31,place,한아름작은도서관,작은도서관,부평구,인천광역시 부평구 주부토로146번길 35-8(갈산동),37.50838429,126.728054,한아름작은도서관은(는) 아이의 독서 습관과 지역 탐험을 연결하는 동화 배경으로 사용할 수 있다.,도서관에서 책 속 주인공을 만나는 생활권 독서 동화,"책 표지 색깔 찾기, 사서에게 추천 도서 묻기, 가족 독서 기록 남기기",4-7;8-10,도서관;작은도서관;1099,한아름작은도서관,인천광역시,부평구,작은도서관,일+월+법정공휴일,14:00,18:00,14:00,18:00,00:00,00:00,16,1099,0,0,0,0,인천광역시 부평구 주부토로146번길 35-8(갈산동),한아름작은도서관,070-8638-9531,,43.2,,2025-10-31,3540000,인천광역시 부평구
전국도서관표준데이터 작은도서관 필터,https://www.data.go.kr/data/15013109/standard.do,2025-11-14,place,행복한나라 문고,작은도서관,서구,인천광역시 서구 완정로178번길 49,37.60605688,126.659704,행복한나라 문고은(는) 아이의 독서 습관과 지역 탐험을 연결하는 동화 배경으로 사용할 수 있다.,도서관에서 책 속 주인공을 만나는 생활권 독서 동화,"책 표지 색깔 찾기, 사서에게 추천 도서 묻기, 가족 독서 기록 남기기",4-7;8-10,도서관;작은도서관;3200,행복한나라 문고,인천광역시,서구,작은도서관,일+법정공휴일,10:00,18:00,10:00,18:00,00:00,00:00,15,3200,0,2,2,7,인천광역시 서구 완정로178번길 49,,032-266-8845,,,,2025-11-14,3560000,인천광역시 서구
전국도서관표준데이터 작은도서관 필터,https://www.data.go.kr/data/15013109/standard.do,2025-11-14,place,회화나무 도서관,작은도서관,서구,인천광역시 서구 가정로335번길 3,37.514608,126.6722843,회화나무 도서관은(는) 아이의 독서 습관과 지역 탐험을 연결하는 동화 배경으로 사용할 수 있다.,도서관에서 책 속 주인공을 만나는 생활권 독서 동화,"책 표지 색깔 찾기, 사서에게 추천 도서 묻기, 가족 독서 기록 남기기",4-7;8-10,도서관;작은도서관;12932,회화나무 도서관,인천광역시,서구,작은도서관,토+일+법정공휴일,09:00,18:00,00:00,00:00,00:00,00:00,16,12932,0,2,2,7,인천광역시 서구 가정로335번길 3,,032-719-3831,,,,2025-11-14,3560000,인천광역시 서구
전국도서관표준데이터 작은도서관 필터,https://www.data.go.kr/data/15013109/standard.do,2025-11-14,place,힐데스 작은도서관,작은도서관,서구,"인천광역시 서구 청라라임로 17, 청라힐데스하임 아파트 관리동 1층",37.52770121,126.6505059,힐데스 작은도서관은(는) 아이의 독서 습관과 지역 탐험을 연결하는 동화 배경으로 사용할 수 있다.,도서관에서 책 속 주인공을 만나는 생활권 독서 동화,"책 표지 색깔 찾기, 사서에게 추천 도서 묻기, 가족 독서 기록 남기기",4-7;8-10,도서관;작은도서관;1367,힐데스 작은도서관,인천광역시,서구,작은도서관,일+법정공휴일,13:00,19:00,13:00,19:00,00:00,00:00,31,1367,0,0,0,0,"인천광역시 서구 청라라임로 17, 청라힐데스하임 아파트 관리동 1층",,032-564-4401,,,,2025-11-14,3560000,인천광역시 서구
전국도서관표준데이터 작은도서관 필터,https://www.data.go.kr/data/15013109/standard.do,2025-11-14,place,가재울 작은도서관,작은도서관,서구,인천광역시 서구 장고개로280번길 14,37.48748624,126.683403,가재울 작은도서관은(는) 아이의 독서 습관과 지역 탐험을 연결하는 동화 배경으로 사용할 수 있다.,도서관에서 책 속 주인공을 만나는 생활권 독서 동화,"책 표지 색깔 찾기, 사서에게 추천 도서 묻기, 가족 독서 기록 남기기",4-7;8-10,도서관;작은도서관;11271,가재울 작은도서관,인천광역시,서구,작은도서관,토+일+법정공휴일,09:00,18:00,00:00,00:00,00:00,00:00,40,11271,0,0,2,7,인천광역시 서구 장고개로280번길 14,,032-718-5229,,,,2025-11-14,3560000,인천광역시 서구
전국도서관표준데이터 작은도서관 필터,https://www.data.go.kr/data/15013109/standard.do,2025-11-14,place,가정골 북카페,작은도서관,서구,인천광역시 서구 서달로179번길 12-16,37.515517,126.677826,가정골 북카페은(는) 아이의 독서 습관과 지역 탐험을 연결하는 동화 배경으로 사용할 수 있다.,도서관에서 책 속 주인공을 만나는 생활권 독서 동화,"책 표지 색깔 찾기, 사서에게 추천 도서 묻기, 가족 독서 기록 남기기",4-7;8-10,도서관;작은도서관;5504,가정골 북카페,인천광역시,서구,작은도서관,토+일+법정공휴일,09:00,18:00,00:00,00:00,00:00,00:00,30,5504,0,2,2,7,인천광역시 서구 서달로179번길 12-16,,032-571-8920,,,,2025-11-14,3560000,인천광역시 서구
전국도서관표준데이터 작은도서관 필터,https://www.data.go.kr/data/15013109/standard.do,2026-02-01,place,기아행복마루작은도서관,작은도서관,화성시,경기도 화성시 만세구 우정읍 기아자동차로 559,37.06470008,126.7956061,기아행복마루작은도서관은(는) 아이의 독서 습관과 지역 탐험을 연결하는 동화 배경으로 사용할 수 있다.,도서관에서 책 속 주인공을 만나는 생활권 독서 동화,"책 표지 색깔 찾기, 사서에게 추천 도서 묻기, 가족 독서 기록 남기기",4-7;8-10,도서관;작은도서관;14081,기아행복마루작은도서관,경기도,화성시,작은도서관,"매주 일요일, 월요일 및 법정공휴일, 재단창립기념일",09:00,18:00,09:00,18:00,00:00,00:00,25,14081,16,998,7,14,경기도 화성시 만세구 우정읍 기아자동차로 559,화성시문화관광재단,031-358-2597,162,162,www.hscitylib.or.kr,2026-02-01,5530000,경기도 화성시
전국도서관표준데이터 작은도서관 필터,https://www.data.go.kr/data/15013109/standard.do,2026-02-01,place,늘봄이음터작은도서관,작은도서관,화성시,경기도 화성시 동탄구 동탄대로24길 49 (영천동),37.21736028,127.1098102,늘봄이음터작은도서관은(는) 아이의 독서 습관과 지역 탐험을 연결하는 동화 배경으로 사용할 수 있다.,도서관에서 책 속 주인공을 만나는 생활권 독서 동화,"책 표지 색깔 찾기, 사서에게 추천 도서 묻기, 가족 독서 기록 남기기",4-7;8-10,도서관;작은도서관;8782,늘봄이음터작은도서관,경기도,화성시,작은도서관,"매주 일요일, 월요일 및 법정공휴일, 재단창립기념일",09:00,18:00,09:00,18:00,00:00,00:00,21,8782,9,0,7,14,경기도 화성시 동탄구 동탄대로24길 49 (영천동),화성시인재육성재단,031-378-5696,138,138,www.hscitylib.or.kr,2026-02-01,5530000,경기도 화성시
전국도서관표준데이터 작은도서관 필터,https://www.data.go.kr/data/15013109/standard.do,2026-02-01,place,마도작은도서관,작은도서관,화성시,경기도 화성시 만세구 마도면 마도북로 387,37.20501433,126.7702171,마도작은도서관은(는) 아이의 독서 습관과 지역 탐험을 연결하는 동화 배경으로 사용할 수 있다.,도서관에서 책 속 주인공을 만나는 생활권 독서 동화,"책 표지 색깔 찾기, 사서에게 추천 도서 묻기, 가족 독서 기록 남기기",4-7;8-10,도서관;작은도서관;10226,마도작은도서관,경기도,화성시,작은도서관,"매주 토요일, 일요일 및 법정공휴일",10:00,18:00,00:00,00:00,00:00,00:00,35,10226,9,0,7,14,경기도 화성시 만세구 마도면 마도북로 387,경기도 화성시청,031-5189-2338,131,131,www.hscitylib.or.kr,2026-02-01,5530000,경기도 화성시
전국도서관표준데이터 작은도서관 필터,https://www.data.go.kr/data/15013109/standard.do,2026-02-01,place,봉담커피앤북작은도서관,작은도서관,화성시,경기도 화성시 효행구 봉담읍 상리3길 38,37.2260722,126.9439303,봉담커피앤북작은도서관은(는) 아이의 독서 습관과 지역 탐험을 연결하는 동화 배경으로 사용할 수 있다.,도서관에서 책 속 주인공을 만나는 생활권 독서 동화,"책 표지 색깔 찾기, 사서에게 추천 도서 묻기, 가족 독서 기록 남기기",4-7;8-10,도서관;작은도서관;11941,봉담커피앤북작은도서관,경기도,화성시,작은도서관,"매주 토요일, 일요일 및 법정공휴일",10:00,18:00,00:00,00:00,00:00,00:00,18,11941,11,0,7,14,경기도 화성시 효행구 봉담읍 상리3길 38,경기도 화성시청,070-4040-9833,92,92,www.hscitylib.or.kr,2026-02-01,5530000,경기도 화성시
전국도서관표준데이터 작은도서관 필터,https://www.data.go.kr/data/15013109/standard.do,2026-02-01,place,비봉작은도서관,작은도서관,화성시,경기도 화성시 효행구 비봉면 비봉로71번길 1,37.23581859,126.8738925,비봉작은도서관은(는) 아이의 독서 습관과 지역 탐험을 연결하는 동화 배경으로 사용할 수 있다.,도서관에서 책 속 주인공을 만나는 생활권 독서 동화,"책 표지 색깔 찾기, 사서에게 추천 도서 묻기, 가족 독서 기록 남기기",4-7;8-10,도서관;작은도서관;14979,비봉작은도서관,경기도,화성시,작은도서관,"매주 일요일, 월요일 및 법정공휴일, 재단창립기념일",09:00,18:00,09:00,18:00,00:00,00:00,25,14979,8,0,7,14,경기도 화성시 효행구 비봉면 비봉로71번길 1,화성시문화관광재단,031-355-4551,122,122,www.hscitylib.or.kr,2026-02-01,5530000,경기도 화성시
전국도서관표준데이터 작은도서관 필터,https://www.data.go.kr/data/15013109/standard.do,2026-02-01,place,샘내작은도서관,작은도서관,화성시,경기도 화성시 효행구 매송면 매송고색로375번길 11,37.24463572,126.9461715,샘내작은도서관은(는) 아이의 독서 습관과 지역 탐험을 연결하는 동화 배경으로 사용할 수 있다.,도서관에서 책 속 주인공을 만나는 생활권 독서 동화,"책 표지 색깔 찾기, 사서에게 추천 도서 묻기, 가족 독서 기록 남기기",4-7;8-10,도서관;작은도서관;20748,샘내작은도서관,경기도,화성시,작은도서관,"매주 일요일, 월요일 및 법정공휴일, 재단창립기념일",09:00,18:00,09:00,18:00,00:00,00:00,64,20748,10,0,7,14,경기도 화성시 효행구 매송면 매송고색로375번길 11,화성시문화관광재단,031-292-7307,212,212,www.hscitylib.or.kr,2026-02-01,5530000,경기도 화성시
전국도서관표준데이터 작은도서관 필터,https://www.data.go.kr/data/15013109/standard.do,2026-02-01,place,서신작은도서관,작은도서관,화성시,"경기도 화성시 만세구 서신면 궁평항로1702, 2층",37.16658698,126.7087356,서신작은도서관은(는) 아이의 독서 습관과 지역 탐험을 연결하는 동화 배경으로 사용할 수 있다.,도서관에서 책 속 주인공을 만나는 생활권 독서 동화,"책 표지 색깔 찾기, 사서에게 추천 도서 묻기, 가족 독서 기록 남기기",4-7;8-10,도서관;작은도서관;4128,서신작은도서관,경기도,화성시,작은도서관,"매주 토요일, 일요일 및 법정공휴일",10:00,18:00,00:00,00:00,00:00,00:00,25,4128,0,0,7,14,"경기도 화성시 만세구 서신면 궁평항로1702, 2층",경기도 화성시청,031-5189-6489,100,100,www.hscitylib.or.kr,2026-02-01,5530000,경기도 화성시
전국도서관표준데이터 작은도서관 필터,https://www.data.go.kr/data/15013109/standard.do,2026-02-01,place,양감작은도서관,작은도서관,화성시,경기도 화성시 만세구 양감면 초록로 7,37.08165365,126.9456438,양감작은도서관은(는) 아이의 독서 습관과 지역 탐험을 연결하는 동화 배경으로 사용할 수 있다.,도서관에서 책 속 주인공을 만나는 생활권 독서 동화,"책 표지 색깔 찾기, 사서에게 추천 도서 묻기, 가족 독서 기록 남기기",4-7;8-10,도서관;작은도서관;9811,양감작은도서관,경기도,화성시,작은도서관,"매주 토요일, 일요일 및 법정공휴일",10:00,18:00,00:00,00:00,00:00,00:00,17,9811,7,0,7,14,경기도 화성시 만세구 양감면 초록로 7,경기도 화성시청,031-5189-3004,75,75,www.hscitylib.or.kr,2026-02-01,5530000,경기도 화성시
전국도서관표준데이터 작은도서관 필터,https://www.data.go.kr/data/15013109/standard.do,2026-02-01,place,팔탄작은도서관,작은도서관,화성시,경기도 화성시 만세구 팔탄면 구장길 14,37.16223388,126.9049013,팔탄작은도서관은(는) 아이의 독서 습관과 지역 탐험을 연결하는 동화 배경으로 사용할 수 있다.,도서관에서 책 속 주인공을 만나는 생활권 독서 동화,"책 표지 색깔 찾기, 사서에게 추천 도서 묻기, 가족 독서 기록 남기기",4-7;8-10,도서관;작은도서관;10402,팔탄작은도서관,경기도,화성시,작은도서관,"매주 토요일, 일요일 및 법정공휴일",10:00,18:00,00:00,00:00,00:00,00:00,20,10402,10,0,7,14,경기도 화성시 만세구 팔탄면 구장길 14,경기도 화성시청,031-5189-2339,88,88,www.hscitylib.or.kr,2026-02-01,5530000,경기도 화성시
전국도서관표준데이터 작은도서관 필터,https://www.data.go.kr/data/15013109/standard.do,2025-03-06,place,푸르지오작은도서관,작은도서관,동구,울산광역시 동구 봉수로 270,,,푸르지오작은도서관은(는) 아이의 독서 습관과 지역 탐험을 연결하는 동화 배경으로 사용할 수 있다.,도서관에서 책 속 주인공을 만나는 생활권 독서 동화,"책 표지 색깔 찾기, 사서에게 추천 도서 묻기, 가족 독서 기록 남기기",4-7;8-10,도서관;작은도서관;5068,푸르지오작은도서관,울산광역시,동구,작은도서관,주말,15:00,18:00,00:00,00:00,15:00,18:00,14,5068,0,0,2,7,울산광역시 동구 봉수로 270,전하푸르지오 입주자대표회의,052-235-7710,,4941,,2025-03-06,3710000,울산광역시 동구
전국도서관표준데이터 작은도서관 필터,https://www.data.go.kr/data/15013109/standard.do,2025-03-06,place,휴(休)Book사랑방작은도서관,작은도서관,동구,울산광역시 동구 등대4길 25,,,휴(休)Book사랑방작은도서관은(는) 아이의 독서 습관과 지역 탐험을 연결하는 동화 배경으로 사용할 수 있다.,도서관에서 책 속 주인공을 만나는 생활권 독서 동화,"책 표지 색깔 찾기, 사서에게 추천 도서 묻기, 가족 독서 기록 남기기",4-7;8-10,도서관;작은도서관;4147,휴(休)Book사랑방작은도서관,울산광역시,동구,작은도서관,일,14:00,18:00,14:00,18:00,14:00,18:00,18,4147,0,0,3,14,울산광역시 동구 등대4길 25,방어휴먼시아 임차인대표회의,052-234-5055,,10842,,2025-03-06,3710000,울산광역시 동구
전국도서관표준데이터 작은도서관 필터,https://www.data.go.kr/data/15013109/standard.do,2025-06-20,place,고운작은도서관,작은도서관,함양군,경상남도 함양군 휴천면 문하길 30-3,35.4352375815,127.7366754469,고운작은도서관은(는) 아이의 독서 습관과 지역 탐험을 연결하는 동화 배경으로 사용할 수 있다.,도서관에서 책 속 주인공을 만나는 생활권 독서 동화,"책 표지 색깔 찾기, 사서에게 추천 도서 묻기, 가족 독서 기록 남기기",4-7;8-10,도서관;작은도서관;2500,고운작은도서관,경상남도,함양군,작은도서관,매주토요일+일요일,09:00,18:00,00:00,00:00,00:00,00:00,10,2500,5,20,0,0,경상남도 함양군 휴천면 문하길 30-3,,,,,,2025-06-20,5460000,경상남도 함양군
전국도서관표준데이터 작은도서관 필터,https://www.data.go.kr/data/15013109/standard.do,2025-06-20,place,구세군사랑듬book작은도서관,작은도서관,함양군,경상남도 함양군 안의면 갈촌길 5,35.6180625478,127.8281917465,구세군사랑듬book작은도서관은(는) 아이의 독서 습관과 지역 탐험을 연결하는 동화 배경으로 사용할 수 있다.,도서관에서 책 속 주인공을 만나는 생활권 독서 동화,"책 표지 색깔 찾기, 사서에게 추천 도서 묻기, 가족 독서 기록 남기기",4-7;8-10,도서관;작은도서관;1100,구세군사랑듬book작은도서관,경상남도,함양군,작은도서관,매주토요일+일요일,13:00,17:00,00:00,00:00,00:00,00:00,12,1100,4,0,0,0,경상남도 함양군 안의면 갈촌길 5,,,,,,2025-06-20,5460000,경상남도 함양군
전국도서관표준데이터 작은도서관 필터,https://www.data.go.kr/data/15013109/standard.do,2025-06-20,place,녹색대학문고,작은도서관,함양군,경상남도 함양군 백전면 구산대안로 10-2,35.5544219317,127.634258935,녹색대학문고은(는) 아이의 독서 습관과 지역 탐험을 연결하는 동화 배경으로 사용할 수 있다.,도서관에서 책 속 주인공을 만나는 생활권 독서 동화,"책 표지 색깔 찾기, 사서에게 추천 도서 묻기, 가족 독서 기록 남기기",4-7;8-10,도서관;작은도서관;6000,녹색대학문고,경상남도,함양군,작은도서관,매주토요일+일요일,13:00,17:00,00:00,00:00,00:00,00:00,20,6000,2,0,0,0,경상남도 함양군 백전면 구산대안로 10-2,,,,,,2025-06-20,5460000,경상남도 함양군
전국도서관표준데이터 작은도서관 필터,https://www.data.go.kr/data/15013109/standard.do,2025-06-20,place,반딧불작은도서관,작은도서관,함양군,경상남도 함양군 함양읍 거면강변길 22,35.5090491306,127.7299310561,반딧불작은도서관은(는) 아이의 독서 습관과 지역 탐험을 연결하는 동화 배경으로 사용할 수 있다.,도서관에서 책 속 주인공을 만나는 생활권 독서 동화,"책 표지 색깔 찾기, 사서에게 추천 도서 묻기, 가족 독서 기록 남기기",4-7;8-10,도서관;작은도서관;1250,반딧불작은도서관,경상남도,함양군,작은도서관,매주토요일+일요일,13:00,17:00,00:00,00:00,00:00,00:00,10,1250,0,0,0,0,경상남도 함양군 함양읍 거면강변길 22,,,,,,2025-06-20,5460000,경상남도 함양군
전국도서관표준데이터 작은도서관 필터,https://www.data.go.kr/data/15013109/standard.do,2025-06-20,place,용유담작은도서관,작은도서관,함양군,경상남도 함양군 휴천면 송전길 364,35.4095886504,127.7151774162,용유담작은도서관은(는) 아이의 독서 습관과 지역 탐험을 연결하는 동화 배경으로 사용할 수 있다.,도서관에서 책 속 주인공을 만나는 생활권 독서 동화,"책 표지 색깔 찾기, 사서에게 추천 도서 묻기, 가족 독서 기록 남기기",4-7;8-10,도서관;작은도서관;3000,용유담작은도서관,경상남도,함양군,작은도서관,매주토요일+일요일,10:00,18:00,00:00,00:00,00:00,00:00,12,3000,0,0,0,0,경상남도 함양군 휴천면 송전길 364,,,,,,2025-06-20,5460000,경상남도 함양군
전국도서관표준데이터 작은도서관 필터,https://www.data.go.kr/data/15013109/standard.do,2025-06-20,place,이산책판도서관,작은도서관,함양군,경상남도 함양군 서상면 덕유월성로 495,35.7397872201,127.6790334724,이산책판도서관은(는) 아이의 독서 습관과 지역 탐험을 연결하는 동화 배경으로 사용할 수 있다.,도서관에서 책 속 주인공을 만나는 생활권 독서 동화,"책 표지 색깔 찾기, 사서에게 추천 도서 묻기, 가족 독서 기록 남기기",4-7;8-10,도서관;작은도서관;1350,이산책판도서관,경상남도,함양군,작은도서관,매주토요일+일요일,10:00,17:00,00:00,00:00,00:00,00:00,10,1350,0,0,0,0,경상남도 함양군 서상면 덕유월성로 495,,,,,,2025-06-20,5460000,경상남도 함양군
전국도서관표준데이터 작은도서관 필터,https://www.data.go.kr/data/15013109/standard.do,2025-06-20,place,휴먼시아새마을작은도서관,작은도서관,함양군,경상남도 함양군 함양읍 함양로 1246(함양교산휴먼시아),35.5285940053,127.7329722063,휴먼시아새마을작은도서관은(는) 아이의 독서 습관과 지역 탐험을 연결하는 동화 배경으로 사용할 수 있다.,도서관에서 책 속 주인공을 만나는 생활권 독서 동화,"책 표지 색깔 찾기, 사서에게 추천 도서 묻기, 가족 독서 기록 남기기",4-7;8-10,도서관;작은도서관;3378,휴먼시아새마을작은도서관,경상남도,함양군,작은도서관,평일,00:00,00:00,10:00,17:00,10:00,17:00,30,3378,0,0,4,7,경상남도 함양군 함양읍 함양로 1246(함양교산휴먼시아),,,,,,2025-06-20,5460000,경상남도 함양군
전국도서관표준데이터 작은도서관 필터,https://www.data.go.kr/data/15013109/standard.do,2025-06-20,place,LH함양서하어린이도서관,작은도서관,함양군,경상남도 함양군 서하면 송계앞길 7-2,35.6477785276,127.6976741327,LH함양서하어린이도서관은(는) 아이의 독서 습관과 지역 탐험을 연결하는 동화 배경으로 사용할 수 있다.,도서관에서 책 속 주인공을 만나는 생활권 독서 동화,"책 표지 색깔 찾기, 사서에게 추천 도서 묻기, 가족 독서 기록 남기기",4-7;8-10,도서관;작은도서관;1200,LH함양서하어린이도서관,경상남도,함양군,작은도서관,매주 화요일+일요일,11:00,19:00,11:00,19:00,00:00,00:00,30,1200,0,0,5,7,경상남도 함양군 서하면 송계앞길 7-2,,,,,,2025-06-20,5460000,경상남도 함양군
전국도서관표준데이터 작은도서관 필터,https://www.data.go.kr/data/15013109/standard.do,2025-06-20,place,황산마을 작은도서관,작은도서관,함양군,경상남도 함양군 서하면 황산길 53-30,35.6256886477,127.7533491797,황산마을 작은도서관은(는) 아이의 독서 습관과 지역 탐험을 연결하는 동화 배경으로 사용할 수 있다.,도서관에서 책 속 주인공을 만나는 생활권 독서 동화,"책 표지 색깔 찾기, 사서에게 추천 도서 묻기, 가족 독서 기록 남기기",4-7;8-10,도서관;작은도서관;1000,황산마을 작은도서관,경상남도,함양군,작은도서관,연중무휴,09:00,16:00,09:00,16:00,09:00,16:00,10,1000,0,0,0,0,경상남도 함양군 서하면 황산길 53-30,,,,,,2025-06-20,5460000,경상남도 함양군
전국도서관표준데이터 작은도서관 필터,https://www.data.go.kr/data/15013109/standard.do,2025-06-20,place,유림 커뮤니티 도서관,작은도서관,함양군,경상남도 함양군 유림면 천왕봉로 2959,35.4734652657,127.7931638545,유림 커뮤니티 도서관은(는) 아이의 독서 습관과 지역 탐험을 연결하는 동화 배경으로 사용할 수 있다.,도서관에서 책 속 주인공을 만나는 생활권 독서 동화,"책 표지 색깔 찾기, 사서에게 추천 도서 묻기, 가족 독서 기록 남기기",4-7;8-10,도서관;작은도서관;1546,유림 커뮤니티 도서관,경상남도,함양군,작은도서관,매주 월요일+일요일,10:00,19:00,10:00,19:00,00:00,00:00,20,1546,0,0,3,7,경상남도 함양군 유림면 천왕봉로 2959,,,,,,2025-06-20,5460000,경상남도 함양군
전국도서관표준데이터 작은도서관 필터,https://www.data.go.kr/data/15013109/standard.do,2025-09-04,place,목화마을공립작은도서관,작은도서관,영등포구,서울특별시 영등포구 선유로 13길 25,37.51898057,126.8862787,목화마을공립작은도서관은(는) 아이의 독서 습관과 지역 탐험을 연결하는 동화 배경으로 사용할 수 있다.,도서관에서 책 속 주인공을 만나는 생활권 독서 동화,"책 표지 색깔 찾기, 사서에게 추천 도서 묻기, 가족 독서 기록 남기기",4-7;8-10,도서관;작은도서관;12705,목화마을공립작은도서관,서울특별시,영등포구,작은도서관,매주 토요일+일요일+법정공휴일,09:00,19:00,00:00,00:00,00:00,00:00,24,12705,0,0,10,21,서울특별시 영등포구 선유로 13길 25,서울특별시 영등포구청,02-811-7410,,110,https://www.ydplib.or.kr/small,2025-09-04,3180000,서울특별시 영등포구
전국도서관표준데이터 작은도서관 필터,https://www.data.go.kr/data/15013109/standard.do,2025-09-04,place,대림2동공립작은도서관,작은도서관,영등포구,서울특별시 영등포구 대림로23길25,37.49273981,126.8982518,대림2동공립작은도서관은(는) 아이의 독서 습관과 지역 탐험을 연결하는 동화 배경으로 사용할 수 있다.,도서관에서 책 속 주인공을 만나는 생활권 독서 동화,"책 표지 색깔 찾기, 사서에게 추천 도서 묻기, 가족 독서 기록 남기기",4-7;8-10,도서관;작은도서관;11139,대림2동공립작은도서관,서울특별시,영등포구,작은도서관,매주 토요일+일요일+법정공휴일,10:00,17:00,00:00,00:00,00:00,00:00,16,11139,0,0,10,21,서울특별시 영등포구 대림로23길25,서울특별시 영등포구청,02-832-1215,,34,https://www.ydplib.or.kr/small,2025-09-04,3180000,서울특별시 영등포구
전국도서관표준데이터 작은도서관 필터,https://www.data.go.kr/data/15013109/standard.do,2025-09-04,place,대림1동공립작은도서관,작은도서관,영등포구,서울특별시 영등포구 디지털로441,37.49545723,126.905842,대림1동공립작은도서관은(는) 아이의 독서 습관과 지역 탐험을 연결하는 동화 배경으로 사용할 수 있다.,도서관에서 책 속 주인공을 만나는 생활권 독서 동화,"책 표지 색깔 찾기, 사서에게 추천 도서 묻기, 가족 독서 기록 남기기",4-7;8-10,도서관;작은도서관;14480,대림1동공립작은도서관,서울특별시,영등포구,작은도서관,매주 토요일+일요일+법정공휴일,10:00,17:00,00:00,00:00,00:00,00:00,24,14480,0,0,10,21,서울특별시 영등포구 디지털로441,서울특별시 영등포구청,02-834-4560,,130,https://www.ydplib.or.kr/small,2025-09-04,3180000,서울특별시 영등포구
전국도서관표준데이터 작은도서관 필터,https://www.data.go.kr/data/15013109/standard.do,2025-09-04,place,신길7동공립작은도서관,작은도서관,영등포구,서울특별시 영등포구 여의대방로43길10,37.506385,126.9215136,신길7동공립작은도서관은(는) 아이의 독서 습관과 지역 탐험을 연결하는 동화 배경으로 사용할 수 있다.,도서관에서 책 속 주인공을 만나는 생활권 독서 동화,"책 표지 색깔 찾기, 사서에게 추천 도서 묻기, 가족 독서 기록 남기기",4-7;8-10,도서관;작은도서관;10351,신길7동공립작은도서관,서울특별시,영등포구,작은도서관,일요일+법정공휴일,09:00,19:00,10:00,17:00,00:00,00:00,18,10351,0,0,10,21,서울특별시 영등포구 여의대방로43길10,서울특별시 영등포구청,070-8895-1186,,39,https://www.ydplib.or.kr/small,2025-09-04,3180000,서울특별시 영등포구
전국도서관표준데이터 작은도서관 필터,https://www.data.go.kr/data/15013109/standard.do,2025-09-04,place,신길6동공립작은도서관,작은도서관,영등포구,서울특별시 영등포구 대방천로 167,37.49937388,126.9098438,신길6동공립작은도서관은(는) 아이의 독서 습관과 지역 탐험을 연결하는 동화 배경으로 사용할 수 있다.,도서관에서 책 속 주인공을 만나는 생활권 독서 동화,"책 표지 색깔 찾기, 사서에게 추천 도서 묻기, 가족 독서 기록 남기기",4-7;8-10,도서관;작은도서관;12201,신길6동공립작은도서관,서울특별시,영등포구,작은도서관,매주 토요일+일요일+법정공휴일,09:00,19:00,00:00,00:00,00:00,00:00,30,12201,0,0,10,21,서울특별시 영등포구 대방천로 167,서울특별시 영등포구청,02-832-7476,,96,https://www.ydplib.or.kr/small,2025-09-04,3180000,서울특별시 영등포구
전국도서관표준데이터 작은도서관 필터,https://www.data.go.kr/data/15013109/standard.do,2025-09-04,place,신길5동공립작은도서관,작은도서관,영등포구,서울특별시 영등포구 도림로264,37.501614,126.9052198,신길5동공립작은도서관은(는) 아이의 독서 습관과 지역 탐험을 연결하는 동화 배경으로 사용할 수 있다.,도서관에서 책 속 주인공을 만나는 생활권 독서 동화,"책 표지 색깔 찾기, 사서에게 추천 도서 묻기, 가족 독서 기록 남기기",4-7;8-10,도서관;작은도서관;4739,신길5동공립작은도서관,서울특별시,영등포구,작은도서관,일요일+법정공휴일,09:00,19:00,10:00,17:00,00:00,00:00,6,4739,0,0,10,21,서울특별시 영등포구 도림로264,서울특별시 영등포구청,02-836-1005,,66,https://www.ydplib.or.kr/small,2025-09-04,3180000,서울특별시 영등포구
전국도서관표준데이터 작은도서관 필터,https://www.data.go.kr/data/15013109/standard.do,2025-09-04,place,신길4동공립작은도서관,작은도서관,영등포구,서울특별시 영등포구 신길로42길1,37.508428,126.911278,신길4동공립작은도서관은(는) 아이의 독서 습관과 지역 탐험을 연결하는 동화 배경으로 사용할 수 있다.,도서관에서 책 속 주인공을 만나는 생활권 독서 동화,"책 표지 색깔 찾기, 사서에게 추천 도서 묻기, 가족 독서 기록 남기기",4-7;8-10,도서관;작은도서관;7038,신길4동공립작은도서관,서울특별시,영등포구,작은도서관,매주 토요일+일요일+법정공휴일,10:00,17:00,00:00,00:00,00:00,00:00,20,7038,0,0,10,21,서울특별시 영등포구 신길로42길1,서울특별시 영등포구청,02-3457-7688,,36,https://www.ydplib.or.kr/small,2025-09-04,3180000,서울특별시 영등포구
전국도서관표준데이터 작은도서관 필터,https://www.data.go.kr/data/15013109/standard.do,2025-09-04,place,신길1동공립작은도서관,작은도서관,영등포구,서울특별시 영등포구 영등포로84길24-5,37.511135,126.9214408,신길1동공립작은도서관은(는) 아이의 독서 습관과 지역 탐험을 연결하는 동화 배경으로 사용할 수 있다.,도서관에서 책 속 주인공을 만나는 생활권 독서 동화,"책 표지 색깔 찾기, 사서에게 추천 도서 묻기, 가족 독서 기록 남기기",4-7;8-10,도서관;작은도서관;17276,신길1동공립작은도서관,서울특별시,영등포구,작은도서관,매주 토요일+일요일+법정공휴일,09:00,19:00,00:00,00:00,00:00,00:00,25,17276,0,0,10,21,서울특별시 영등포구 영등포로84길24-5,서울특별시 영등포구청,070-8895-1184,,97,https://www.ydplib.or.kr/small,2025-09-04,3180000,서울특별시 영등포구
전국도서관표준데이터 작은도서관 필터,https://www.data.go.kr/data/15013109/standard.do,2025-09-04,place,양평2동공립작은도서관,작은도서관,영등포구,서울특별시영등포구 선유로47길30(4층),37.53650136,126.8940377,양평2동공립작은도서관은(는) 아이의 독서 습관과 지역 탐험을 연결하는 동화 배경으로 사용할 수 있다.,도서관에서 책 속 주인공을 만나는 생활권 독서 동화,"책 표지 색깔 찾기, 사서에게 추천 도서 묻기, 가족 독서 기록 남기기",4-7;8-10,도서관;작은도서관;7579,양평2동공립작은도서관,서울특별시,영등포구,작은도서관,매주 토요일+일요일+법정공휴일,10:00,17:00,00:00,00:00,00:00,00:00,13,7579,0,0,10,21,서울특별시영등포구 선유로47길30(4층),서울특별시 영등포구청,02-2679-5252,,36,https://www.ydplib.or.kr/small,2025-09-04,3180000,서울특별시 영등포구
전국도서관표준데이터 작은도서관 필터,https://www.data.go.kr/data/15013109/standard.do,2025-10-31,place,사랑채작은도서관,작은도서관,부평구,인천광역시 부평구 부흥북로36번길 8(부평동),37.5010106,126.7258266,사랑채작은도서관은(는) 아이의 독서 습관과 지역 탐험을 연결하는 동화 배경으로 사용할 수 있다.,도서관에서 책 속 주인공을 만나는 생활권 독서 동화,"책 표지 색깔 찾기, 사서에게 추천 도서 묻기, 가족 독서 기록 남기기",4-7;8-10,도서관;작은도서관;6300,사랑채작은도서관,인천광역시,부평구,작은도서관,토+일+법정공휴일,16:00,20:00,00:00,00:00,00:00,00:00,20,6300,4,0,0,0,인천광역시 부평구 부흥북로36번길 8(부평동),온천하선교교회,032-221-8291,,52,,2025-10-31,3540000,인천광역시 부평구
전국도서관표준데이터 작은도서관 필터,https://www.data.go.kr/data/15013109/standard.do,2025-10-31,place,노동자의 작은도서관 사람,작은도서관,부평구,인천광역시 부평구 경인로 671(십정동),37.469743,126.707685,노동자의 작은도서관 사람은(는) 아이의 독서 습관과 지역 탐험을 연결하는 동화 배경으로 사용할 수 있다.,도서관에서 책 속 주인공을 만나는 생활권 독서 동화,"책 표지 색깔 찾기, 사서에게 추천 도서 묻기, 가족 독서 기록 남기기",4-7;8-10,도서관;작은도서관;5293,노동자의 작은도서관 사람,인천광역시,부평구,작은도서관,일+법정공휴일,10:00,22:00,10:00,18:00,00:00,00:00,17,5293,6,0,5,14,인천광역시 부평구 경인로 671(십정동),천주교인천교구노동사목,070-4324-0545,,133.13,,2025-10-31,3540000,인천광역시 부평구
전국도서관표준데이터 작은도서관 필터,https://www.data.go.kr/data/15013109/standard.do,2025-10-31,place,함께하는 사랑밭 그림책도서관 1호점,작은도서관,부평구,인천광역시 부평구 동수로 17(부평동),37.48507961,126.720672,함께하는 사랑밭 그림책도서관 1호점은(는) 아이의 독서 습관과 지역 탐험을 연결하는 동화 배경으로 사용할 수 있다.,도서관에서 책 속 주인공을 만나는 생활권 독서 동화,"책 표지 색깔 찾기, 사서에게 추천 도서 묻기, 가족 독서 기록 남기기",4-7;8-10,도서관;작은도서관;4116,함께하는 사랑밭 그림책도서관 1호점,인천광역시,부평구,작은도서관,월+일+법정공휴일,10:00,19:00,10:00,17:30,00:00,00:00,10,4116,1,112,0,0,인천광역시 부평구 동수로 17(부평동),(사법)함께하는 사랑밭,032-518-6575,,195,http://withgo2.egentouch.com,2025-10-31,3540000,인천광역시 부평구
전국도서관표준데이터 작은도서관 필터,https://www.data.go.kr/data/15013109/standard.do,2025-10-31,place,하우스디 작은도서관,작은도서관,부평구,인천광역시 부평구 안남로 315(청천동),37.51163779,126.7088263,하우스디 작은도서관은(는) 아이의 독서 습관과 지역 탐험을 연결하는 동화 배경으로 사용할 수 있다.,도서관에서 책 속 주인공을 만나는 생활권 독서 동화,"책 표지 색깔 찾기, 사서에게 추천 도서 묻기, 가족 독서 기록 남기기",4-7;8-10,도서관;작은도서관;2802,하우스디 작은도서관,인천광역시,부평구,작은도서관,토+일+법정공휴일,13:00,18:00,00:00,00:00,00:00,00:00,18,2802,0,0,0,0,인천광역시 부평구 안남로 315(청천동),부평구 하우스디아파트,032-518-7851,,79.2,,2025-10-31,3540000,인천광역시 부평구
전국도서관표준데이터 작은도서관 필터,https://www.data.go.kr/data/15013109/standard.do,2025-10-31,place,조이도서관,작은도서관,부평구,인천광역시 부평구 세월천로 34(청천동),37.51326245,126.705691,조이도서관은(는) 아이의 독서 습관과 지역 탐험을 연결하는 동화 배경으로 사용할 수 있다.,도서관에서 책 속 주인공을 만나는 생활권 독서 동화,"책 표지 색깔 찾기, 사서에게 추천 도서 묻기, 가족 독서 기록 남기기",4-7;8-10,도서관;작은도서관;2508,조이도서관,인천광역시,부평구,작은도서관,일+법정공휴일,09:00,18:00,09:00,18:00,00:00,00:00,20,2508,3,0,0,0,인천광역시 부평구 세월천로 34(청천동),소망의 교회,032-528-2281,,33,,2025-10-31,3540000,인천광역시 부평구
전국도서관표준데이터 작은도서관 필터,https://www.data.go.kr/data/15013109/standard.do,2025-10-31,place,포도나무 작은도서관,작은도서관,부평구,인천광역시 부평구 마장로179번길 14(산곡동),37.493988,126.7027288,포도나무 작은도서관은(는) 아이의 독서 습관과 지역 탐험을 연결하는 동화 배경으로 사용할 수 있다.,도서관에서 책 속 주인공을 만나는 생활권 독서 동화,"책 표지 색깔 찾기, 사서에게 추천 도서 묻기, 가족 독서 기록 남기기",4-7;8-10,도서관;작은도서관;2793,포도나무 작은도서관,인천광역시,부평구,작은도서관,일+법정공휴일,10:00,18:00,13:00,16:00,00:00,00:00,10,2793,0,0,0,0,인천광역시 부평구 마장로179번길 14(산곡동),포도나무 작은도서관,032-266-3237,,34.69,,2025-10-31,3540000,인천광역시 부평구
전국도서관표준데이터 작은도서관 필터,https://www.data.go.kr/data/15013109/standard.do,2025-10-31,place,여울도서관,작은도서관,부평구,인천광역시 부평구 체육관로 111(삼산동),37.51219785,126.7429963,여울도서관은(는) 아이의 독서 습관과 지역 탐험을 연결하는 동화 배경으로 사용할 수 있다.,도서관에서 책 속 주인공을 만나는 생활권 독서 동화,"책 표지 색깔 찾기, 사서에게 추천 도서 묻기, 가족 독서 기록 남기기",4-7;8-10,도서관;작은도서관;1000,여울도서관,인천광역시,부평구,작은도서관,토+일+법정공휴일,09:00,18:00,00:00,00:00,00:00,00:00,10,1000,0,0,0,0,인천광역시 부평구 체육관로 111(삼산동),삼산타운 주공아파트 4단지,032-513-1445,,43.84,,2025-10-31,3540000,인천광역시 부평구
전국도서관표준데이터 작은도서관 필터,https://www.data.go.kr/data/15013109/standard.do,2025-10-31,place,호별 작은도서관,작은도서관,부평구,인천광역시 부평구 원적로 471번길 34(부평동),37.50464773,126.7198167,호별 작은도서관은(는) 아이의 독서 습관과 지역 탐험을 연결하는 동화 배경으로 사용할 수 있다.,도서관에서 책 속 주인공을 만나는 생활권 독서 동화,"책 표지 색깔 찾기, 사서에게 추천 도서 묻기, 가족 독서 기록 남기기",4-7;8-10,도서관;작은도서관;1300,호별 작은도서관,인천광역시,부평구,작은도서관,화+토+일+법정공휴일,12:00,18:00,00:00,00:00,00:00,00:00,6,1300,0,0,0,0,인천광역시 부평구 원적로 471번길 34(부평동),호별 작은도서관,,,37.5,,2025-10-31,3540000,인천광역시 부평구
전국도서관표준데이터 작은도서관 필터,https://www.data.go.kr/data/15013109/standard.do,2025-03-06,place,아우름쉼터북카페,작은도서관,동구,울산광역시 동구 방어진순환도로 733,,,아우름쉼터북카페은(는) 아이의 독서 습관과 지역 탐험을 연결하는 동화 배경으로 사용할 수 있다.,도서관에서 책 속 주인공을 만나는 생활권 독서 동화,"책 표지 색깔 찾기, 사서에게 추천 도서 묻기, 가족 독서 기록 남기기",4-7;8-10,도서관;작은도서관;1486,아우름쉼터북카페,울산광역시,동구,작은도서관,법정공휴일,08:00,23:00,08:00,23:00,00:00,00:00,16,1486,0,0,5,60,울산광역시 동구 방어진순환도로 733,삼전아이필하모니 입주자대표회의,052-232-7401,,3344,,2025-03-06,3710000,울산광역시 동구
전국도서관표준데이터 작은도서관 필터,https://www.data.go.kr/data/15013109/standard.do,2025-03-06,place,대왕암엘크루작은도서관,작은도서관,동구,울산광역시 동구 등대4길 26,,,대왕암엘크루작은도서관은(는) 아이의 독서 습관과 지역 탐험을 연결하는 동화 배경으로 사용할 수 있다.,도서관에서 책 속 주인공을 만나는 생활권 독서 동화,"책 표지 색깔 찾기, 사서에게 추천 도서 묻기, 가족 독서 기록 남기기",4-7;8-10,도서관;작은도서관;1985,대왕암엘크루작은도서관,울산광역시,동구,작은도서관,일,10:00,17:00,10:00,17:00,10:00,17:00,20,1985,0,0,0,0,울산광역시 동구 등대4길 26,대왕암엘크루아파트 입주자대표회의,052-236-2393,,78,,2025-03-06,3710000,울산광역시 동구
전국도서관표준데이터 작은도서관 필터,https://www.data.go.kr/data/15013109/standard.do,2025-03-06,place,서부징검다리작은도서관,작은도서관,동구,울산광역시 동구 방어진순환도로 995,,,서부징검다리작은도서관은(는) 아이의 독서 습관과 지역 탐험을 연결하는 동화 배경으로 사용할 수 있다.,도서관에서 책 속 주인공을 만나는 생활권 독서 동화,"책 표지 색깔 찾기, 사서에게 추천 도서 묻기, 가족 독서 기록 남기기",4-7;8-10,도서관;작은도서관;1430,서부징검다리작은도서관,울산광역시,동구,작은도서관,주말,09:00,17:00,00:00,00:00,09:00,17:00,30,1430,0,0,0,0,울산광역시 동구 방어진순환도로 995,서부아파트 입주자대표회의,052-234-5766,,6048,,2025-03-06,3710000,울산광역시 동구
전국도서관표준데이터 작은도서관 필터,https://www.data.go.kr/data/15013109/standard.do,2026-03-06,place,꿈꾸는도서관in휴포레,작은도서관,달서구,"대구광역시 달서구 조암로10길 11(월성동, 월성 협성휴포레)",35.82428381,128.5219461,꿈꾸는도서관in휴포레은(는) 아이의 독서 습관과 지역 탐험을 연결하는 동화 배경으로 사용할 수 있다.,도서관에서 책 속 주인공을 만나는 생활권 독서 동화,"책 표지 색깔 찾기, 사서에게 추천 도서 묻기, 가족 독서 기록 남기기",4-7;8-10,도서관;작은도서관;10787,꿈꾸는도서관in휴포레,대구광역시,달서구,작은도서관,토+일+법정공휴일,16:30,21:00,00:00,00:00,00:00,00:00,30,10787,0,0,3,7,"대구광역시 달서구 조암로10길 11(월성동, 월성 협성휴포레)",,070-4209-8891,,119,,2026-03-06,3470000,대구광역시 달서구
전국도서관표준데이터 작은도서관 필터,https://www.data.go.kr/data/15013109/standard.do,2026-03-06,place,아이솔작은도서관,작은도서관,달서구,"대구광역시 달서구 월배로5길 76(유천동, 월배2차아이파크)",35.81946119,128.513714,아이솔작은도서관은(는) 아이의 독서 습관과 지역 탐험을 연결하는 동화 배경으로 사용할 수 있다.,도서관에서 책 속 주인공을 만나는 생활권 독서 동화,"책 표지 색깔 찾기, 사서에게 추천 도서 묻기, 가족 독서 기록 남기기",4-7;8-10,도서관;작은도서관;7837,아이솔작은도서관,대구광역시,달서구,작은도서관,일+법정공휴일,10:00,12:00,10:00,16:00,00:00,00:00,64,7837,2,0,3,7,"대구광역시 달서구 월배로5길 76(유천동, 월배2차아이파크)",,053-639-1333,,247,,2026-03-06,3470000,대구광역시 달서구
전국도서관표준데이터 작은도서관 필터,https://www.data.go.kr/data/15013109/standard.do,2026-03-06,place,달서다문화가족작은도서관,작은도서관,달서구,"대구광역시 달서구 신당로 56(신당동, 성서종합사회복지관 2층)",35.85229651,128.4988252,달서다문화가족작은도서관은(는) 아이의 독서 습관과 지역 탐험을 연결하는 동화 배경으로 사용할 수 있다.,도서관에서 책 속 주인공을 만나는 생활권 독서 동화,"책 표지 색깔 찾기, 사서에게 추천 도서 묻기, 가족 독서 기록 남기기",4-7;8-10,도서관;작은도서관;6992,달서다문화가족작은도서관,대구광역시,달서구,작은도서관,일+법정공휴일,09:00,20:00,09:00,16:00,00:00,00:00,10,6992,0,0,4,10,"대구광역시 달서구 신당로 56(신당동, 성서종합사회복지관 2층)",성서종합사회복지관,053-583-1284,,50,,2026-03-06,3470000,대구광역시 달서구
전국도서관표준데이터 작은도서관 필터,https://www.data.go.kr/data/15013109/standard.do,2026-03-06,place,숲속도서관,작은도서관,달서구,대구광역시 달서구 한실로6길 123,35.79664514,128.5294646,숲속도서관은(는) 아이의 독서 습관과 지역 탐험을 연결하는 동화 배경으로 사용할 수 있다.,도서관에서 책 속 주인공을 만나는 생활권 독서 동화,"책 표지 색깔 찾기, 사서에게 추천 도서 묻기, 가족 독서 기록 남기기",4-7;8-10,도서관;작은도서관;4472,숲속도서관,대구광역시,달서구,작은도서관,월+일+법정공휴일,13:00,18:00,13:00,18:00,00:00,00:00,40,4472,0,0,0,0,대구광역시 달서구 한실로6길 123,,053-643-7673,,47.52,,2026-03-06,3470000,대구광역시 달서구
전국도서관표준데이터 작은도서관 필터,https://www.data.go.kr/data/15013109/standard.do,2026-03-06,place,수목원제일풍경채작은도서관,작은도서관,달서구,"대구광역시 달서구 갈밭남로 12 (대곡동, 수목원제일풍경채)",35.79879724,128.5314819,수목원제일풍경채작은도서관은(는) 아이의 독서 습관과 지역 탐험을 연결하는 동화 배경으로 사용할 수 있다.,도서관에서 책 속 주인공을 만나는 생활권 독서 동화,"책 표지 색깔 찾기, 사서에게 추천 도서 묻기, 가족 독서 기록 남기기",4-7;8-10,도서관;작은도서관;5248,수목원제일풍경채작은도서관,대구광역시,달서구,작은도서관,일+법정공휴일,09:00,18:00,14:00,18:00,00:00,00:00,30,5248,0,0,0,0,"대구광역시 달서구 갈밭남로 12 (대곡동, 수목원제일풍경채)",,053-643-0661,,95.26,,2026-03-06,3470000,대구광역시 달서구
전국도서관표준데이터 작은도서관 필터,https://www.data.go.kr/data/15013109/standard.do,2025-03-06,place,꿈꾸는도서관,작은도서관,동구,"울산광역시 동구 화진1길 39, 3층",,,꿈꾸는도서관은(는) 아이의 독서 습관과 지역 탐험을 연결하는 동화 배경으로 사용할 수 있다.,도서관에서 책 속 주인공을 만나는 생활권 독서 동화,"책 표지 색깔 찾기, 사서에게 추천 도서 묻기, 가족 독서 기록 남기기",4-7;8-10,도서관;작은도서관;4671,꿈꾸는도서관,울산광역시,동구,작은도서관,연중무휴,10:00,20:00,10:00,20:00,10:00,20:00,10,4671,0,0,3,14,"울산광역시 동구 화진1길 39, 3층",한아름나눔사회적협동조합,052-236-0022,,193,,2025-03-06,3710000,울산광역시 동구
전국도서관표준데이터 작은도서관 필터,https://www.data.go.kr/data/15013109/standard.do,2025-06-30,place,영주평은작은도서관,작은도서관,영주시,경상북도 영주시 평은면 신평로 29,36.75842346,128.6885072,영주평은작은도서관은(는) 아이의 독서 습관과 지역 탐험을 연결하는 동화 배경으로 사용할 수 있다.,도서관에서 책 속 주인공을 만나는 생활권 독서 동화,"책 표지 색깔 찾기, 사서에게 추천 도서 묻기, 가족 독서 기록 남기기",4-7;8-10,도서관;작은도서관;3612,영주평은작은도서관,경상북도,영주시,작은도서관,토+일+국가지정공휴일,09:00,18:00,00:00,00:00,00:00,00:00,15,3612,0,112,5,14,경상북도 영주시 평은면 신평로 29,경상북도 영주시청,054-637-1677,,120,https://lib.yeongju.go.kr/,2025-06-30,5090000,경상북도 영주시
전국도서관표준데이터 작은도서관 필터,https://www.data.go.kr/data/15013109/standard.do,2025-07-23,place,북면작은도서관,작은도서관,정읍시,전북특별자치도 정읍시 북면 정읍북로 534,35.6064496,126.8895788,북면작은도서관은(는) 아이의 독서 습관과 지역 탐험을 연결하는 동화 배경으로 사용할 수 있다.,도서관에서 책 속 주인공을 만나는 생활권 독서 동화,"책 표지 색깔 찾기, 사서에게 추천 도서 묻기, 가족 독서 기록 남기기",4-7;8-10,도서관;작은도서관;8727,북면작은도서관,전북특별자치도,정읍시,작은도서관,토요일+일요일+공휴일,09:00,18:00,00:00,00:00,00:00,00:00,35,8727,0,0,5,17,전북특별자치도 정읍시 북면 정읍북로 534,주민자치(북면작은도서관 운영위원회),063-537-3561,,189,,2025-07-23,4691000,전북특별자치도 정읍시
전국도서관표준데이터 작은도서관 필터,https://www.data.go.kr/data/15013109/standard.do,2025-07-23,place,상동작은도서관,작은도서관,정읍시,전북특별자치도 정읍시 학산로 97(우미아파트관리동 2층),35.55961209,126.8735572,상동작은도서관은(는) 아이의 독서 습관과 지역 탐험을 연결하는 동화 배경으로 사용할 수 있다.,도서관에서 책 속 주인공을 만나는 생활권 독서 동화,"책 표지 색깔 찾기, 사서에게 추천 도서 묻기, 가족 독서 기록 남기기",4-7;8-10,도서관;작은도서관;11511,상동작은도서관,전북특별자치도,정읍시,작은도서관,토요일+일요일+공휴일,10:00,19:00,00:00,00:00,00:00,00:00,25,11511,0,0,5,17,전북특별자치도 정읍시 학산로 97(우미아파트관리동 2층),주민자치(상동작은도서관 운영위원회),063-535-5845,,120,,2025-07-23,4691000,전북특별자치도 정읍시
전국도서관표준데이터 작은도서관 필터,https://www.data.go.kr/data/15013109/standard.do,2025-07-23,place,고부작은도서관,작은도서관,정읍시,전북특별자치도 정읍시 고부면 교동3길 10-1,35.6206106,126.7720446,고부작은도서관은(는) 아이의 독서 습관과 지역 탐험을 연결하는 동화 배경으로 사용할 수 있다.,도서관에서 책 속 주인공을 만나는 생활권 독서 동화,"책 표지 색깔 찾기, 사서에게 추천 도서 묻기, 가족 독서 기록 남기기",4-7;8-10,도서관;작은도서관;6412,고부작은도서관,전북특별자치도,정읍시,작은도서관,토요일+일요일+공휴일,09:00,18:00,00:00,00:00,00:00,00:00,10,6412,0,0,5,17,전북특별자치도 정읍시 고부면 교동3길 10-1,주민자치(고부작은도서관 운영위원회),063-538-0015,,83,,2025-07-23,4691000,전북특별자치도 정읍시
전국도서관표준데이터 작은도서관 필터,https://www.data.go.kr/data/15013109/standard.do,2025-07-23,place,수목토작은도서관,작은도서관,정읍시,전북특별자치도 정읍시 학산로 89-25(수목토아파트 관리동 3층),35.5580211,126.8759642,수목토작은도서관은(는) 아이의 독서 습관과 지역 탐험을 연결하는 동화 배경으로 사용할 수 있다.,도서관에서 책 속 주인공을 만나는 생활권 독서 동화,"책 표지 색깔 찾기, 사서에게 추천 도서 묻기, 가족 독서 기록 남기기",4-7;8-10,도서관;작은도서관;8600,수목토작은도서관,전북특별자치도,정읍시,작은도서관,토요일+일요일+공휴일,10:00,19:00,00:00,00:00,00:00,00:00,24,8600,0,0,5,17,전북특별자치도 정읍시 학산로 89-25(수목토아파트 관리동 3층),주민자치(수목토작은도서관 운영위원회),063-538-1055,,128,,2025-07-23,4691000,전북특별자치도 정읍시
전국도서관표준데이터 작은도서관 필터,https://www.data.go.kr/data/15013109/standard.do,2025-07-23,place,옹달샘작은도서관,작은도서관,정읍시,전북특별자치도 정읍시 중앙로 41(관리동 2층),35.57240793,126.8464985,옹달샘작은도서관은(는) 아이의 독서 습관과 지역 탐험을 연결하는 동화 배경으로 사용할 수 있다.,도서관에서 책 속 주인공을 만나는 생활권 독서 동화,"책 표지 색깔 찾기, 사서에게 추천 도서 묻기, 가족 독서 기록 남기기",4-7;8-10,도서관;작은도서관;9692,옹달샘작은도서관,전북특별자치도,정읍시,작은도서관,토요일+일요일+공휴일,10:00,19:00,00:00,00:00,00:00,00:00,19,9692,0,0,5,17,전북특별자치도 정읍시 중앙로 41(관리동 2층),주민자치(옹달샘작은도서관 운영위원회),063-533-0522,,140,,2025-07-23,4691000,전북특별자치도 정읍시
전국도서관표준데이터 작은도서관 필터,https://www.data.go.kr/data/15013109/standard.do,2025-07-23,place,수성작은도서관,작은도서관,정읍시,전북특별자치도 정읍시 수성2로 13-11(수성2차 관리동),35.58308764,126.8531972,수성작은도서관은(는) 아이의 독서 습관과 지역 탐험을 연결하는 동화 배경으로 사용할 수 있다.,도서관에서 책 속 주인공을 만나는 생활권 독서 동화,"책 표지 색깔 찾기, 사서에게 추천 도서 묻기, 가족 독서 기록 남기기",4-7;8-10,도서관;작은도서관;8978,수성작은도서관,전북특별자치도,정읍시,작은도서관,토요일+일요일+공휴일,10:00,19:00,00:00,00:00,00:00,00:00,30,8978,0,0,5,17,전북특별자치도 정읍시 수성2로 13-11(수성2차 관리동),주민자치(수성작은도서관 운영위원회),063-532-0067,,141,,2025-07-23,4691000,전북특별자치도 정읍시
전국도서관표준데이터 작은도서관 필터,https://www.data.go.kr/data/15013109/standard.do,2024-07-25,place,울진작은도서관,작은도서관,울진군,경상북도 울진군 울진읍 읍내8길 26,36.99454271,129.4029533,울진작은도서관은(는) 아이의 독서 습관과 지역 탐험을 연결하는 동화 배경으로 사용할 수 있다.,도서관에서 책 속 주인공을 만나는 생활권 독서 동화,"책 표지 색깔 찾기, 사서에게 추천 도서 묻기, 가족 독서 기록 남기기",4-7;8-10,도서관;작은도서관;11248,울진작은도서관,경상북도,울진군,작은도서관,월+국가지정공휴일,09:00,18:00,09:00,17:00,00:00,00:00,34,11248,23,178,5,15,경상북도 울진군 울진읍 읍내8길 26,경상북도 울진군청,054-781-6650,661,118.08,http://lib.uljin.go.kr,2024-07-25,5250000,경상북도 울진군
전국도서관표준데이터 작은도서관 필터,https://www.data.go.kr/data/15013109/standard.do,2024-07-25,place,근남작은도서관,작은도서관,울진군,경상북도 울진군 근남면 울진북로 151-3,36.96318578,129.395391,근남작은도서관은(는) 아이의 독서 습관과 지역 탐험을 연결하는 동화 배경으로 사용할 수 있다.,도서관에서 책 속 주인공을 만나는 생활권 독서 동화,"책 표지 색깔 찾기, 사서에게 추천 도서 묻기, 가족 독서 기록 남기기",4-7;8-10,도서관;작은도서관;7567,근남작은도서관,경상북도,울진군,작은도서관,월+국가지정공휴일,09:00,18:00,09:00,17:00,00:00,00:00,14,7567,2,153,5,15,경상북도 울진군 근남면 울진북로 151-3,경상북도 울진군청,054-781-6651,1041,66,http://lib.uljin.go.kr,2024-07-25,5250000,경상북도 울진군
전국도서관표준데이터 작은도서관 필터,https://www.data.go.kr/data/15013109/standard.do,2024-07-25,place,매화작은도서관,작은도서관,울진군,경상북도 울진군 매화면 매화4길 3,36.91313012,129.3800439,매화작은도서관은(는) 아이의 독서 습관과 지역 탐험을 연결하는 동화 배경으로 사용할 수 있다.,도서관에서 책 속 주인공을 만나는 생활권 독서 동화,"책 표지 색깔 찾기, 사서에게 추천 도서 묻기, 가족 독서 기록 남기기",4-7;8-10,도서관;작은도서관;10625,매화작은도서관,경상북도,울진군,작은도서관,연중무휴,09:00,18:00,09:00,18:00,09:00,18:00,6,10625,0,0,5,15,경상북도 울진군 매화면 매화4길 3,경상북도 울진군청,054-781-6652,430,33,http://lib.uljin.go.kr,2024-07-25,5250000,경상북도 울진군
전국도서관표준데이터 작은도서관 필터,https://www.data.go.kr/data/15013109/standard.do,2024-07-25,place,기성작은도서관,작은도서관,울진군,경상북도 울진군 기성면 척산길 67,36.79824182,129.4518046,기성작은도서관은(는) 아이의 독서 습관과 지역 탐험을 연결하는 동화 배경으로 사용할 수 있다.,도서관에서 책 속 주인공을 만나는 생활권 독서 동화,"책 표지 색깔 찾기, 사서에게 추천 도서 묻기, 가족 독서 기록 남기기",4-7;8-10,도서관;작은도서관;7103,기성작은도서관,경상북도,울진군,작은도서관,월+국가지정공휴일,09:00,18:00,09:00,17:00,00:00,00:00,15,7103,0,0,5,15,경상북도 울진군 기성면 척산길 67,경상북도 울진군청,054-788-6653,422,83,http://lib.uljin.go.kr,2024-07-25,5250000,경상북도 울진군
전국도서관표준데이터 작은도서관 필터,https://www.data.go.kr/data/15013109/standard.do,2024-07-25,place,평해작은도서관,작은도서관,울진군,경상북도 울진군 평해읍 평해7길 11,36.72761628,129.4421414,평해작은도서관은(는) 아이의 독서 습관과 지역 탐험을 연결하는 동화 배경으로 사용할 수 있다.,도서관에서 책 속 주인공을 만나는 생활권 독서 동화,"책 표지 색깔 찾기, 사서에게 추천 도서 묻기, 가족 독서 기록 남기기",4-7;8-10,도서관;작은도서관;8078,평해작은도서관,경상북도,울진군,작은도서관,월+국가지정공휴일,09:00,18:00,09:00,17:00,00:00,00:00,16,8078,0,0,5,15,경상북도 울진군 평해읍 평해7길 11,경상북도 울진군청,054-788-6654,628,129,http://lib.uljin.go.kr,2024-07-25,5250000,경상북도 울진군
전국도서관표준데이터 작은도서관 필터,https://www.data.go.kr/data/15013109/standard.do,2024-07-25,place,온정작은도서관,작은도서관,울진군,경상북도 울진군 온정면 소태로 23,36.72411072,129.345393,온정작은도서관은(는) 아이의 독서 습관과 지역 탐험을 연결하는 동화 배경으로 사용할 수 있다.,도서관에서 책 속 주인공을 만나는 생활권 독서 동화,"책 표지 색깔 찾기, 사서에게 추천 도서 묻기, 가족 독서 기록 남기기",4-7;8-10,도서관;작은도서관;7468,온정작은도서관,경상북도,울진군,작은도서관,월+국가지정공휴일,09:00,18:00,09:00,17:00,00:00,00:00,28,7468,0,0,5,15,경상북도 울진군 온정면 소태로 23,경상북도 울진군청,054-788-6659,448,116,http://lib.uljin.go.kr,2024-07-25,5250000,경상북도 울진군
전국도서관표준데이터 작은도서관 필터,https://www.data.go.kr/data/15013109/standard.do,2024-07-25,place,흥부작은도서관,작은도서관,울진군,경상북도 울진군 북면 부구4길 29-15,37.1039886768,129.3731172304,흥부작은도서관은(는) 아이의 독서 습관과 지역 탐험을 연결하는 동화 배경으로 사용할 수 있다.,도서관에서 책 속 주인공을 만나는 생활권 독서 동화,"책 표지 색깔 찾기, 사서에게 추천 도서 묻기, 가족 독서 기록 남기기",4-7;8-10,도서관;작은도서관;10539,흥부작은도서관,경상북도,울진군,작은도서관,월+국가지정공휴일,09:00,18:00,09:00,17:00,00:00,00:00,50,10539,0,196,5,15,경상북도 울진군 북면 부구4길 29-15,경상북도 울진군청,054-783-8446,,146.5,http://lib.uljin.go.kr,2024-07-25,5250000,경상북도 울진군
전국도서관표준데이터 작은도서관 필터,https://www.data.go.kr/data/15013109/standard.do,2025-12-26,place,신사동작은도서관,작은도서관,강남구,서울특별시 강남구 압구정로 128(신사동주민센터 5층),37.5239744839,127.0227964323,신사동작은도서관은(는) 아이의 독서 습관과 지역 탐험을 연결하는 동화 배경으로 사용할 수 있다.,도서관에서 책 속 주인공을 만나는 생활권 독서 동화,"책 표지 색깔 찾기, 사서에게 추천 도서 묻기, 가족 독서 기록 남기기",4-7;8-10,도서관;작은도서관;7099,신사동작은도서관,서울특별시,강남구,작은도서관,토+일요일+법정공휴일,10:00,17:00,00:00,00:00,00:00,00:00,6,7099,0,0,5,14,서울특별시 강남구 압구정로 128(신사동주민센터 5층),,02-3423-7334,,,https://library.gangnam.go.kr/small,2025-12-26,3220000,서울특별시 강남구
전국도서관표준데이터 작은도서관 필터,https://www.data.go.kr/data/15013109/standard.do,2024-12-05,place,회성동새마을문고,작은도서관,창원시,경상남도 창원시 마산회원구 북성로 327(회성동),35.23305786,128.5616938,회성동새마을문고은(는) 아이의 독서 습관과 지역 탐험을 연결하는 동화 배경으로 사용할 수 있다.,도서관에서 책 속 주인공을 만나는 생활권 독서 동화,"책 표지 색깔 찾기, 사서에게 추천 도서 묻기, 가족 독서 기록 남기기",4-7;8-10,도서관;작은도서관;10255,회성동새마을문고,경상남도,창원시,작은도서관,토+일+국가지정 공휴일,14:00,18:00,10:00,14:00,00:00,00:00,10,10255,0,0,5,14,경상남도 창원시 마산회원구 북성로 327(회성동),새마을문고회성동분회,055-230-4936,,68.04,,2024-12-05,5670000,경상남도 창원시
전국도서관표준데이터 작은도서관 필터,https://www.data.go.kr/data/15013109/standard.do,2024-12-05,place,양덕1동새마을문고,작은도서관,창원시,경상남도 창원시 마산회원구 팔용로 25(양덕동),35.23230004,128.586187,양덕1동새마을문고은(는) 아이의 독서 습관과 지역 탐험을 연결하는 동화 배경으로 사용할 수 있다.,도서관에서 책 속 주인공을 만나는 생활권 독서 동화,"책 표지 색깔 찾기, 사서에게 추천 도서 묻기, 가족 독서 기록 남기기",4-7;8-10,도서관;작은도서관;10676,양덕1동새마을문고,경상남도,창원시,작은도서관,토+일+국가지정 공휴일,13:00,18:00,00:00,00:00,00:00,00:00,6,10676,0,0,5,24,경상남도 창원시 마산회원구 팔용로 25(양덕동),새마을문고양덕1동분회,055-255-0330,,36,,2024-12-05,5670000,경상남도 창원시
전국도서관표준데이터 작은도서관 필터,https://www.data.go.kr/data/15013109/standard.do,2024-12-05,place,양덕2동새마을문고,작은도서관,창원시,경상남도 창원시 마산회원구 율림교로 3(양덕동),35.22917645,128.5839085,양덕2동새마을문고은(는) 아이의 독서 습관과 지역 탐험을 연결하는 동화 배경으로 사용할 수 있다.,도서관에서 책 속 주인공을 만나는 생활권 독서 동화,"책 표지 색깔 찾기, 사서에게 추천 도서 묻기, 가족 독서 기록 남기기",4-7;8-10,도서관;작은도서관;14382,양덕2동새마을문고,경상남도,창원시,작은도서관,토+일+국가지정 공휴일,13:00,18:00,00:00,00:00,00:00,00:00,20,14382,0,0,5,14,경상남도 창원시 마산회원구 율림교로 3(양덕동),새마을문고양덕2동분회,055-294-5058,,90.4,,2024-12-05,5670000,경상남도 창원시
전국도서관표준데이터 작은도서관 필터,https://www.data.go.kr/data/15013109/standard.do,2024-12-05,place,합성2동새마을문고,작은도서관,창원시,경상남도 창원시 마산회원구 합성남8길 46(합성동),35.2390217,128.5867711,합성2동새마을문고은(는) 아이의 독서 습관과 지역 탐험을 연결하는 동화 배경으로 사용할 수 있다.,도서관에서 책 속 주인공을 만나는 생활권 독서 동화,"책 표지 색깔 찾기, 사서에게 추천 도서 묻기, 가족 독서 기록 남기기",4-7;8-10,도서관;작은도서관;11654,합성2동새마을문고,경상남도,창원시,작은도서관,일+국가지정 공휴일,13:00,18:00,00:00,00:00,00:00,00:00,32,11654,0,0,10,14,경상남도 창원시 마산회원구 합성남8길 46(합성동),새마을문고합성2동분회,055-299-1908,,64.9,,2024-12-05,5670000,경상남도 창원시
전국도서관표준데이터 작은도서관 필터,https://www.data.go.kr/data/15013109/standard.do,2024-12-05,place,구암1동새마을문고,작은도서관,창원시,경상남도 창원시 마산회원구 구암서7길 9(구암동),35.24976363,128.5928012,구암1동새마을문고은(는) 아이의 독서 습관과 지역 탐험을 연결하는 동화 배경으로 사용할 수 있다.,도서관에서 책 속 주인공을 만나는 생활권 독서 동화,"책 표지 색깔 찾기, 사서에게 추천 도서 묻기, 가족 독서 기록 남기기",4-7;8-10,도서관;작은도서관;10272,구암1동새마을문고,경상남도,창원시,작은도서관,토+일+국가지정 공휴일,14:00,18:00,13:00,17:00,00:00,00:00,15,10272,0,21,5,14,경상남도 창원시 마산회원구 구암서7길 9(구암동),새마을문고구암1동분회,055-255-8722,,165.11,,2024-12-05,5670000,경상남도 창원시
전국도서관표준데이터 작은도서관 필터,https://www.data.go.kr/data/15013109/standard.do,2024-12-05,place,구암2동새마을문고,작은도서관,창원시,경상남도 창원시 마산회원구 구암남16길 12(구암동),35.24901286,128.5984288,구암2동새마을문고은(는) 아이의 독서 습관과 지역 탐험을 연결하는 동화 배경으로 사용할 수 있다.,도서관에서 책 속 주인공을 만나는 생활권 독서 동화,"책 표지 색깔 찾기, 사서에게 추천 도서 묻기, 가족 독서 기록 남기기",4-7;8-10,도서관;작은도서관;12462,구암2동새마을문고,경상남도,창원시,작은도서관,토+일+국가지정 공휴일,13:00,18:00,00:00,00:00,00:00,00:00,12,12462,0,0,5,14,경상남도 창원시 마산회원구 구암남16길 12(구암동),새마을문고구암2동분회,055-251-2477,,68.04,,2024-12-05,5670000,경상남도 창원시
전국도서관표준데이터 작은도서관 필터,https://www.data.go.kr/data/15013109/standard.do,2024-12-05,place,대동다숲새마을문고,작은도서관,창원시,"경상남도 창원시 진해구 행암로 25(장천동, 진해 장천 대동 다숲아파트) 114동 1층",35.12923074,128.704756,대동다숲새마을문고은(는) 아이의 독서 습관과 지역 탐험을 연결하는 동화 배경으로 사용할 수 있다.,도서관에서 책 속 주인공을 만나는 생활권 독서 동화,"책 표지 색깔 찾기, 사서에게 추천 도서 묻기, 가족 독서 기록 남기기",4-7;8-10,도서관;작은도서관;9631,대동다숲새마을문고,경상남도,창원시,작은도서관,토+일+국가지정 공휴일,13:00,17:00,00:00,00:00,00:00,00:00,21,9631,1,37,5,14,"경상남도 창원시 진해구 행암로 25(장천동, 진해 장천 대동 다숲아파트) 114동 1층",대동다숲새마을문고,070-7760-8893,,91.4,,2024-12-05,5670000,경상남도 창원시
전국도서관표준데이터 작은도서관 필터,https://www.data.go.kr/data/15013109/standard.do,2024-12-05,place,우성아파트새마을문고,작은도서관,창원시,경상남도 창원시 진해구 충장로 575 우성아파트관리소,35.1379688,128.7027353,우성아파트새마을문고은(는) 아이의 독서 습관과 지역 탐험을 연결하는 동화 배경으로 사용할 수 있다.,도서관에서 책 속 주인공을 만나는 생활권 독서 동화,"책 표지 색깔 찾기, 사서에게 추천 도서 묻기, 가족 독서 기록 남기기",4-7;8-10,도서관;작은도서관;12665,우성아파트새마을문고,경상남도,창원시,작은도서관,일+국가지정 공휴일,13:00,17:00,00:00,00:00,00:00,00:00,21,12665,0,0,5,14,경상남도 창원시 진해구 충장로 575 우성아파트관리소,새마을문고풍호동분회,055-547-0331,,60,,2024-12-05,5670000,경상남도 창원시
전국도서관표준데이터 작은도서관 필터,https://www.data.go.kr/data/15013109/standard.do,2024-12-05,place,한림리츠빌새마을문고,작은도서관,창원시,경상남도 창원시 진해구 풍호로 68 한림리츠빌관리소,35.13866072,128.7095025,한림리츠빌새마을문고은(는) 아이의 독서 습관과 지역 탐험을 연결하는 동화 배경으로 사용할 수 있다.,도서관에서 책 속 주인공을 만나는 생활권 독서 동화,"책 표지 색깔 찾기, 사서에게 추천 도서 묻기, 가족 독서 기록 남기기",4-7;8-10,도서관;작은도서관;10897,한림리츠빌새마을문고,경상남도,창원시,작은도서관,토+일+국가지정 공휴일,13:00,17:00,10:00,13:00,00:00,00:00,20,10897,0,0,5,14,경상남도 창원시 진해구 풍호로 68 한림리츠빌관리소,한림리츠빌아파트부녀회,055-980-6413,,34.99,,2024-12-05,5670000,경상남도 창원시
전국도서관표준데이터 작은도서관 필터,https://www.data.go.kr/data/15013109/standard.do,2024-12-06,place,월산4동작은도서관,작은도서관,남구,광주광역시 남구 대남대로390번길 11,35.14667949,126.8908378,월산4동작은도서관은(는) 아이의 독서 습관과 지역 탐험을 연결하는 동화 배경으로 사용할 수 있다.,도서관에서 책 속 주인공을 만나는 생활권 독서 동화,"책 표지 색깔 찾기, 사서에게 추천 도서 묻기, 가족 독서 기록 남기기",4-7;8-10,도서관;작은도서관;2828,월산4동작은도서관,광주광역시,남구,작은도서관,토+일+공휴일,09:00,21:00,00:00,00:00,00:00,00:00,30,2828,2,0,3,15,광주광역시 남구 대남대로390번길 11,광주광역시 남구청,062-607-4698,,219.45,,2024-12-06,3610000,광주광역시 남구
전국도서관표준데이터 작은도서관 필터,https://www.data.go.kr/data/15013109/standard.do,2024-12-06,place,양지작은도서관,작은도서관,남구,광주광역시 남구 제중로 24-10,35.13656307,126.9154603,양지작은도서관은(는) 아이의 독서 습관과 지역 탐험을 연결하는 동화 배경으로 사용할 수 있다.,도서관에서 책 속 주인공을 만나는 생활권 독서 동화,"책 표지 색깔 찾기, 사서에게 추천 도서 묻기, 가족 독서 기록 남기기",4-7;8-10,도서관;작은도서관;8052,양지작은도서관,광주광역시,남구,작은도서관,일+공휴일,09:00,18:00,10:00,13:00,00:00,00:00,36,8052,0,0,3,14,광주광역시 남구 제중로 24-10,사회복지법인 양림,062-673-1919,,140,,2024-12-06,3610000,광주광역시 남구
전국도서관표준데이터 작은도서관 필터,https://www.data.go.kr/data/15013109/standard.do,2024-12-06,place,푸른길작은도서관,작은도서관,남구,광주광역시 남구 대남대로223번길 5,35.1334029384,126.9000139125,푸른길작은도서관은(는) 아이의 독서 습관과 지역 탐험을 연결하는 동화 배경으로 사용할 수 있다.,도서관에서 책 속 주인공을 만나는 생활권 독서 동화,"책 표지 색깔 찾기, 사서에게 추천 도서 묻기, 가족 독서 기록 남기기",4-7;8-10,도서관;작은도서관;4679,푸른길작은도서관,광주광역시,남구,작은도서관,토+일+공휴일,09:00,17:00,00:00,00:00,00:00,00:00,13,4679,3,0,3,15,광주광역시 남구 대남대로223번길 5,광주광역시 남구청,070-7715-1010,,33,,2024-12-06,3610000,광주광역시 남구
전국도서관표준데이터 작은도서관 필터,https://www.data.go.kr/data/15013109/standard.do,2024-12-06,place,월산5동작은도서관,작은도서관,남구,광주광역시 남구 군분로82번길 14,35.14090962,126.8929894,월산5동작은도서관은(는) 아이의 독서 습관과 지역 탐험을 연결하는 동화 배경으로 사용할 수 있다.,도서관에서 책 속 주인공을 만나는 생활권 독서 동화,"책 표지 색깔 찾기, 사서에게 추천 도서 묻기, 가족 독서 기록 남기기",4-7;8-10,도서관;작은도서관;5210,월산5동작은도서관,광주광역시,남구,작은도서관,토+일+공휴일,09:00,17:00,00:00,00:00,00:00,00:00,10,5210,2,0,3,15,광주광역시 남구 군분로82번길 14,광주광역시 남구청,062-607-4723,,34,,2024-12-06,3610000,광주광역시 남구
전국도서관표준데이터 작은도서관 필터,https://www.data.go.kr/data/15013109/standard.do,2024-12-06,place,노대장수작은도서관,작은도서관,남구,광주광역시 남구 덕남길 7,35.09941963,126.8959145,노대장수작은도서관은(는) 아이의 독서 습관과 지역 탐험을 연결하는 동화 배경으로 사용할 수 있다.,도서관에서 책 속 주인공을 만나는 생활권 독서 동화,"책 표지 색깔 찾기, 사서에게 추천 도서 묻기, 가족 독서 기록 남기기",4-7;8-10,도서관;작은도서관;5839,노대장수작은도서관,광주광역시,남구,작은도서관,토+일+공휴일,08:30,17:30,00:00,00:00,00:00,00:00,68,5839,0,0,3,14,광주광역시 남구 덕남길 7,광주광역시사회서비스원빛고을건강타운,062-603-8940,,214.5,,2024-12-06,3610000,광주광역시 남구
전국도서관표준데이터 작은도서관 필터,https://www.data.go.kr/data/15013109/standard.do,2024-12-06,place,문화예술작은도서관,작은도서관,남구,광주광역시 남구 천변좌로338번길 7,35.14790588,126.9078967,문화예술작은도서관은(는) 아이의 독서 습관과 지역 탐험을 연결하는 동화 배경으로 사용할 수 있다.,도서관에서 책 속 주인공을 만나는 생활권 독서 동화,"책 표지 색깔 찾기, 사서에게 추천 도서 묻기, 가족 독서 기록 남기기",4-7;8-10,도서관;작은도서관;6100,문화예술작은도서관,광주광역시,남구,작은도서관,월+일+공휴일,10:00,18:00,10:00,17:00,00:00,00:00,38,6100,0,0,3,14,광주광역시 남구 천변좌로338번길 7,(재)광주광역시문화재단,062-670-7968,,248,,2024-12-06,3610000,광주광역시 남구
전국도서관표준데이터 작은도서관 필터,https://www.data.go.kr/data/15013109/standard.do,2024-12-06,place,방림2동작은도서관,작은도서관,남구,광주광역시 남구 큰방림길 36,35.13193396,126.9227823,방림2동작은도서관은(는) 아이의 독서 습관과 지역 탐험을 연결하는 동화 배경으로 사용할 수 있다.,도서관에서 책 속 주인공을 만나는 생활권 독서 동화,"책 표지 색깔 찾기, 사서에게 추천 도서 묻기, 가족 독서 기록 남기기",4-7;8-10,도서관;작은도서관;9773,방림2동작은도서관,광주광역시,남구,작은도서관,토+일+공휴일,10:00,18:00,00:00,00:00,00:00,00:00,18,9773,0,0,3,14,광주광역시 남구 큰방림길 36,대한예수교장로회 방림교회,070-4179-0775,,179,,2024-12-06,3610000,광주광역시 남구
전국도서관표준데이터 작은도서관 필터,https://www.data.go.kr/data/15013109/standard.do,2024-12-06,place,방젯골어린이작은도서관,작은도서관,남구,광주광역시 남구 용대로183번길 13,35.13247221,126.9167246,방젯골어린이작은도서관은(는) 아이의 독서 습관과 지역 탐험을 연결하는 동화 배경으로 사용할 수 있다.,도서관에서 책 속 주인공을 만나는 생활권 독서 동화,"책 표지 색깔 찾기, 사서에게 추천 도서 묻기, 가족 독서 기록 남기기",4-7;8-10,도서관;작은도서관;4166,방젯골어린이작은도서관,광주광역시,남구,작은도서관,첫째주 화+셋째주 화+일+공휴일,09:00,18:00,09:00,13:30,00:00,00:00,25,4166,0,0,3,14,광주광역시 남구 용대로183번길 13,샘신용협동조합,062-671-8400,,55,,2024-12-06,3610000,광주광역시 남구
전국도서관표준데이터 작은도서관 필터,https://www.data.go.kr/data/15013109/standard.do,2025-10-31,place,엘림작은도서관,작은도서관,부평구,인천광역시 부평구 항동로46번길 54(일신동),37.48154749,126.7411791,엘림작은도서관은(는) 아이의 독서 습관과 지역 탐험을 연결하는 동화 배경으로 사용할 수 있다.,도서관에서 책 속 주인공을 만나는 생활권 독서 동화,"책 표지 색깔 찾기, 사서에게 추천 도서 묻기, 가족 독서 기록 남기기",4-7;8-10,도서관;작은도서관;7417,엘림작은도서관,인천광역시,부평구,작은도서관,일+월+수+목+금+법정공휴일,13:00,17:00,13:00,14:00,00:00,00:00,40,7417,1,65,5,14,인천광역시 부평구 항동로46번길 54(일신동),대한예수교장로회 엘림교회,032-513-9191,,46.4,http://cafe.daum.net/elimlibrary,2025-10-31,3540000,인천광역시 부평구
전국도서관표준데이터 작은도서관 필터,https://www.data.go.kr/data/15013109/standard.do,2025-10-31,place,늘푸른도서관,작은도서관,부평구,인천광역시 부평구 경원대로1418번길 13(부평동),37.490433,126.726575,늘푸른도서관은(는) 아이의 독서 습관과 지역 탐험을 연결하는 동화 배경으로 사용할 수 있다.,도서관에서 책 속 주인공을 만나는 생활권 독서 동화,"책 표지 색깔 찾기, 사서에게 추천 도서 묻기, 가족 독서 기록 남기기",4-7;8-10,도서관;작은도서관;2508,늘푸른도서관,인천광역시,부평구,작은도서관,일+월+법정공휴일,13:00,18:00,13:00,18:00,00:00,00:00,30,2508,5,0,5,14,인천광역시 부평구 경원대로1418번길 13(부평동),부평중부종합사회복지관,032-528-4020,,68.8,http://bjsocial.co.kr,2025-10-31,3540000,인천광역시 부평구
전국도서관표준데이터 작은도서관 필터,https://www.data.go.kr/data/15013109/standard.do,2025-10-31,place,해오름작은도서관,작은도서관,부평구,인천광역시 부평구 세월천로 21(청천동),37.512637,126.707052,해오름작은도서관은(는) 아이의 독서 습관과 지역 탐험을 연결하는 동화 배경으로 사용할 수 있다.,도서관에서 책 속 주인공을 만나는 생활권 독서 동화,"책 표지 색깔 찾기, 사서에게 추천 도서 묻기, 가족 독서 기록 남기기",4-7;8-10,도서관;작은도서관;5481,해오름작은도서관,인천광역시,부평구,작은도서관,일+월+법정공휴일,09:00,18:00,09:00,18:00,00:00,00:00,12,5481,7,15,5,14,인천광역시 부평구 세월천로 21(청천동),서현교회,032-207-5395,,38.01,,2025-10-31,3540000,인천광역시 부평구
전국도서관표준데이터 작은도서관 필터,https://www.data.go.kr/data/15013109/standard.do,2025-10-31,place,마을도서관,작은도서관,부평구,인천광역시 부평구 영성동로18번길 19(삼산동),37.51992711,126.748044,마을도서관은(는) 아이의 독서 습관과 지역 탐험을 연결하는 동화 배경으로 사용할 수 있다.,도서관에서 책 속 주인공을 만나는 생활권 독서 동화,"책 표지 색깔 찾기, 사서에게 추천 도서 묻기, 가족 독서 기록 남기기",4-7;8-10,도서관;작은도서관;3000,마을도서관,인천광역시,부평구,작은도서관,토+일+법정공휴일,09:00,18:00,00:00,00:00,00:00,00:00,30,3000,1,0,5,14,인천광역시 부평구 영성동로18번길 19(삼산동),부평구 삼산휴먼시아1단지,032-515-0063,,117.9,,2025-10-31,3540000,인천광역시 부평구
전국도서관표준데이터 작은도서관 필터,https://www.data.go.kr/data/15013109/standard.do,2025-10-31,place,하하작은도서관,작은도서관,부평구,인천광역시 부평구 동수북로50번길 13-1(부평동),37.486154,126.7129067,하하작은도서관은(는) 아이의 독서 습관과 지역 탐험을 연결하는 동화 배경으로 사용할 수 있다.,도서관에서 책 속 주인공을 만나는 생활권 독서 동화,"책 표지 색깔 찾기, 사서에게 추천 도서 묻기, 가족 독서 기록 남기기",4-7;8-10,도서관;작은도서관;4237,하하작은도서관,인천광역시,부평구,작은도서관,월+일+법정공휴일,10:00,18:00,10:00,17:00,00:00,00:00,30,4237,5,40,5,14,인천광역시 부평구 동수북로50번길 13-1(부평동),부평시민교회,032-528-6581,,34.5,,2025-10-31,3540000,인천광역시 부평구
전국도서관표준데이터 작은도서관 필터,https://www.data.go.kr/data/15013109/standard.do,2025-10-31,place,선일비전영어작은도서관,작은도서관,부평구,인천광역시 부평구 세월천로25번길 44(청천동),37.510818,126.706111,선일비전영어작은도서관은(는) 아이의 독서 습관과 지역 탐험을 연결하는 동화 배경으로 사용할 수 있다.,도서관에서 책 속 주인공을 만나는 생활권 독서 동화,"책 표지 색깔 찾기, 사서에게 추천 도서 묻기, 가족 독서 기록 남기기",4-7;8-10,도서관;작은도서관;3600,선일비전영어작은도서관,인천광역시,부평구,작은도서관,토+일+법정공휴일,13:00,18:00,00:00,00:00,00:00,00:00,16,3600,1,0,0,0,인천광역시 부평구 세월천로25번길 44(청천동),선일교회,032-513-6546,,44.55,,2025-10-31,3540000,인천광역시 부평구
전국도서관표준데이터 작은도서관 필터,https://www.data.go.kr/data/15013109/standard.do,2024-11-20,place,고림다온작은도서관,작은도서관,용인시,경기도 용인시 처인구 진덕로 7,37.2363945,127.2175356754,고림다온작은도서관은(는) 아이의 독서 습관과 지역 탐험을 연결하는 동화 배경으로 사용할 수 있다.,도서관에서 책 속 주인공을 만나는 생활권 독서 동화,"책 표지 색깔 찾기, 사서에게 추천 도서 묻기, 가족 독서 기록 남기기",4-7;8-10,도서관;작은도서관;1947,고림다온작은도서관,경기도,용인시,작은도서관,토+일+공휴일,09:00,18:00,00:00,00:00,00:00,00:00,27,1947,0,0,7,14,경기도 용인시 처인구 진덕로 7,경기도 용인시 처인구 고림동사무소,031-323-4009,,111.86,,2024-11-20,4050000,경기도 용인시
전국도서관표준데이터 작은도서관 필터,https://www.data.go.kr/data/15013109/standard.do,2025-10-31,place,갈산밀알도서관,작은도서관,부평구,인천광역시 부평구 주부토로 173(갈산동),37.51074117,126.7257141,갈산밀알도서관은(는) 아이의 독서 습관과 지역 탐험을 연결하는 동화 배경으로 사용할 수 있다.,도서관에서 책 속 주인공을 만나는 생활권 독서 동화,"책 표지 색깔 찾기, 사서에게 추천 도서 묻기, 가족 독서 기록 남기기",4-7;8-10,도서관;작은도서관;9459,갈산밀알도서관,인천광역시,부평구,작은도서관,토+일+법정공휴일,10:00,16:00,00:00,00:00,00:00,00:00,30,9459,0,0,5,14,인천광역시 부평구 주부토로 173(갈산동),인천광역시 부평구 갈산2동행정복지센터,032-509-8434,,75.03,http://www.bppl.or.kr,2025-10-31,3540000,인천광역시 부평구
전국도서관표준데이터 작은도서관 필터,https://www.data.go.kr/data/15013109/standard.do,2025-10-31,place,글마루도서관,작은도서관,부평구,인천광역시 부평구 부평문화로37번길 1(부평동),37.494259,126.7200663,글마루도서관은(는) 아이의 독서 습관과 지역 탐험을 연결하는 동화 배경으로 사용할 수 있다.,도서관에서 책 속 주인공을 만나는 생활권 독서 동화,"책 표지 색깔 찾기, 사서에게 추천 도서 묻기, 가족 독서 기록 남기기",4-7;8-10,도서관;작은도서관;13041,글마루도서관,인천광역시,부평구,작은도서관,토+일+법정공휴일,10:00,18:00,00:00,00:00,00:00,00:00,60,13041,5,23,5,14,인천광역시 부평구 부평문화로37번길 1(부평동),인천광역시 부평구 부평1동행정복지센터,032-509-8628,,198,http://www.bppl.or.kr,2025-10-31,3540000,인천광역시 부평구
전국도서관표준데이터 작은도서관 필터,https://www.data.go.kr/data/15013109/standard.do,2025-10-31,place,동수작은도서관,작은도서관,부평구,인천광역시 부평구 동수북로166번길 20(부평동),37.4880013,126.724491,동수작은도서관은(는) 아이의 독서 습관과 지역 탐험을 연결하는 동화 배경으로 사용할 수 있다.,도서관에서 책 속 주인공을 만나는 생활권 독서 동화,"책 표지 색깔 찾기, 사서에게 추천 도서 묻기, 가족 독서 기록 남기기",4-7;8-10,도서관;작은도서관;10340,동수작은도서관,인천광역시,부평구,작은도서관,토+일+법정공휴일,10:00,19:00,00:00,00:00,00:00,00:00,33,10340,0,92,5,14,인천광역시 부평구 동수북로166번길 20(부평동),인천광역시 부평구 부평6동행정복지센터,032-509-8355,,109.62,http://www.bppl.or.kr,2025-10-31,3540000,인천광역시 부평구
전국도서관표준데이터 작은도서관 필터,https://www.data.go.kr/data/15013109/standard.do,2025-10-31,place,민들레작은도서관,작은도서관,부평구,인천광역시 부평구 길주남로 143(부개동),37.50525856,126.738012,민들레작은도서관은(는) 아이의 독서 습관과 지역 탐험을 연결하는 동화 배경으로 사용할 수 있다.,도서관에서 책 속 주인공을 만나는 생활권 독서 동화,"책 표지 색깔 찾기, 사서에게 추천 도서 묻기, 가족 독서 기록 남기기",4-7;8-10,도서관;작은도서관;11041,민들레작은도서관,인천광역시,부평구,작은도서관,토+일+법정공휴일,10:00,18:00,00:00,00:00,00:00,00:00,30,11041,0,0,5,14,인천광역시 부평구 길주남로 143(부개동),부평구 부개주공1단지,070-4129-1739,,172.07,,2025-10-31,3540000,인천광역시 부평구
전국도서관표준데이터 작은도서관 필터,https://www.data.go.kr/data/15013109/standard.do,2025-10-31,place,청개구리어린이도서관,작은도서관,부평구,인천광역시 부평구 화랑북로 15-3(산곡동),37.49579548,126.7048289,청개구리어린이도서관은(는) 아이의 독서 습관과 지역 탐험을 연결하는 동화 배경으로 사용할 수 있다.,도서관에서 책 속 주인공을 만나는 생활권 독서 동화,"책 표지 색깔 찾기, 사서에게 추천 도서 묻기, 가족 독서 기록 남기기",4-7;8-10,도서관;작은도서관;8979,청개구리어린이도서관,인천광역시,부평구,작은도서관,토+일+월+법정공휴일,10:00,18:00,00:00,00:00,00:00,00:00,50,8979,7,0,5,14,인천광역시 부평구 화랑북로 15-3(산곡동),청개구리어린이도서관,032-521-2040,,100,,2025-10-31,3540000,인천광역시 부평구
전국도서관표준데이터 작은도서관 필터,https://www.data.go.kr/data/15013109/standard.do,2025-10-31,place,신나는여성주의도서관 랄라,작은도서관,부평구,인천광역시 부평구 후정동로 60(삼산동),37.522677,126.7385122,신나는여성주의도서관 랄라은(는) 아이의 독서 습관과 지역 탐험을 연결하는 동화 배경으로 사용할 수 있다.,도서관에서 책 속 주인공을 만나는 생활권 독서 동화,"책 표지 색깔 찾기, 사서에게 추천 도서 묻기, 가족 독서 기록 남기기",4-7;8-10,도서관;작은도서관;8273,신나는여성주의도서관 랄라,인천광역시,부평구,작은도서관,토+일+월+법정공휴일,10:00,18:00,00:00,00:00,00:00,00:00,80,8273,5,0,5,14,인천광역시 부평구 후정동로 60(삼산동),인천여성회 부평지부,032-521-3763,,137.28,,2025-10-31,3540000,인천광역시 부평구
전국도서관표준데이터 작은도서관 필터,https://www.data.go.kr/data/15013109/standard.do,2025-10-31,place,춤추는달팽이도서관,작은도서관,부평구,인천광역시 부평구 경인로 749(십정동),37.47695911,126.708486,춤추는달팽이도서관은(는) 아이의 독서 습관과 지역 탐험을 연결하는 동화 배경으로 사용할 수 있다.,도서관에서 책 속 주인공을 만나는 생활권 독서 동화,"책 표지 색깔 찾기, 사서에게 추천 도서 묻기, 가족 독서 기록 남기기",4-7;8-10,도서관;작은도서관;7681,춤추는달팽이도서관,인천광역시,부평구,작은도서관,토+일+법정공휴일,09:00,18:00,00:00,00:00,00:00,00:00,50,7681,3,200,5,14,인천광역시 부평구 경인로 749(십정동),춤추는달팽이도서관,032-526-5204,,117,,2025-10-31,3540000,인천광역시 부평구
전국도서관표준데이터 작은도서관 필터,https://www.data.go.kr/data/15013109/standard.do,2025-10-31,place,동그라미도서관,작은도서관,부평구,인천광역시 부평구 이규보로 79(십정동),37.47967346,126.7029085,동그라미도서관은(는) 아이의 독서 습관과 지역 탐험을 연결하는 동화 배경으로 사용할 수 있다.,도서관에서 책 속 주인공을 만나는 생활권 독서 동화,"책 표지 색깔 찾기, 사서에게 추천 도서 묻기, 가족 독서 기록 남기기",4-7;8-10,도서관;작은도서관;2000,동그라미도서관,인천광역시,부평구,작은도서관,토+일+법정공휴일,15:00,18:00,00:00,00:00,00:00,00:00,40,2000,0,0,5,14,인천광역시 부평구 이규보로 79(십정동),십정동 주공뜨란채아파트,032-330-0532,,45,,2025-10-31,3540000,인천광역시 부평구
전국도서관표준데이터 작은도서관 필터,https://www.data.go.kr/data/15013109/standard.do,2025-10-31,place,옹달샘도서관,작은도서관,부평구,인천광역시 부평구 일신로 120(구산동),37.47772017,126.7496127,옹달샘도서관은(는) 아이의 독서 습관과 지역 탐험을 연결하는 동화 배경으로 사용할 수 있다.,도서관에서 책 속 주인공을 만나는 생활권 독서 동화,"책 표지 색깔 찾기, 사서에게 추천 도서 묻기, 가족 독서 기록 남기기",4-7;8-10,도서관;작은도서관;10025,옹달샘도서관,인천광역시,부평구,작은도서관,토+일+법정공휴일,14:00,18:00,00:00,00:00,00:00,00:00,45,10025,5,70,5,14,인천광역시 부평구 일신로 120(구산동),구산동 부평자이아파트,032-277-2262,,63,,2025-10-31,3540000,인천광역시 부평구
전국도서관표준데이터 작은도서관 필터,https://www.data.go.kr/data/15013109/standard.do,2025-10-31,place,꿈땅도서관,작은도서관,부평구,인천광역시 부평구 경인로 996(부평동),37.48684648,126.7303786,꿈땅도서관은(는) 아이의 독서 습관과 지역 탐험을 연결하는 동화 배경으로 사용할 수 있다.,도서관에서 책 속 주인공을 만나는 생활권 독서 동화,"책 표지 색깔 찾기, 사서에게 추천 도서 묻기, 가족 독서 기록 남기기",4-7;8-10,도서관;작은도서관;12482,꿈땅도서관,인천광역시,부평구,작은도서관,일+월+법정공휴일,09:30,17:30,09:30,15:00,00:00,00:00,70,12482,7,445,5,14,인천광역시 부평구 경인로 996(부평동),동수감리교회,070-7878-6026,,152,,2025-10-31,3540000,인천광역시 부평구
전국도서관표준데이터 작은도서관 필터,https://www.data.go.kr/data/15013109/standard.do,2025-10-31,place,청소년인문학도서관 두잉,작은도서관,부평구,인천광역시 부평구 마장로 35(십정동),37.48207762,126.7088104,청소년인문학도서관 두잉은(는) 아이의 독서 습관과 지역 탐험을 연결하는 동화 배경으로 사용할 수 있다.,도서관에서 책 속 주인공을 만나는 생활권 독서 동화,"책 표지 색깔 찾기, 사서에게 추천 도서 묻기, 가족 독서 기록 남기기",4-7;8-10,도서관;작은도서관;5420,청소년인문학도서관 두잉,인천광역시,부평구,작은도서관,월+일+법정공휴일,13:00,21:00,10:00,18:00,00:00,00:00,50,5420,8,164,5,14,인천광역시 부평구 마장로 35(십정동),사단법인 청소년인권복지센터 내일,070-4202-3669,,122.66,,2025-10-31,3540000,인천광역시 부평구
전국도서관표준데이터 작은도서관 필터,https://www.data.go.kr/data/15013109/standard.do,2025-07-15,place,신성마을작은도서관,작은도서관,유성구,대전광역시 유성구 신성남로 27(신성동),36.38644988,127.3480577,신성마을작은도서관은(는) 아이의 독서 습관과 지역 탐험을 연결하는 동화 배경으로 사용할 수 있다.,도서관에서 책 속 주인공을 만나는 생활권 독서 동화,"책 표지 색깔 찾기, 사서에게 추천 도서 묻기, 가족 독서 기록 남기기",4-7;8-10,도서관;작은도서관;20850,신성마을작은도서관,대전광역시,유성구,작은도서관,월+공휴일,10:00,17:00,10:00,17:00,00:00,00:00,40,20850,0,0,2,7,대전광역시 유성구 신성남로 27(신성동),신성마을 작은도서관 운영위원회,070-4200-6786,18362,181,http://small.u-library.kr,2025-07-15,3670000,대전광역시 유성구
전국도서관표준데이터 작은도서관 필터,https://www.data.go.kr/data/15013109/standard.do,2025-07-15,place,희망마을작은도서관,작은도서관,유성구,대전광역시 유성구 유성대로 680번길 126(구암동),36.35238021,127.3373491,희망마을작은도서관은(는) 아이의 독서 습관과 지역 탐험을 연결하는 동화 배경으로 사용할 수 있다.,도서관에서 책 속 주인공을 만나는 생활권 독서 동화,"책 표지 색깔 찾기, 사서에게 추천 도서 묻기, 가족 독서 기록 남기기",4-7;8-10,도서관;작은도서관;15500,희망마을작은도서관,대전광역시,유성구,작은도서관,월+공휴일,10:00,17:00,10:00,17:00,00:00,00:00,50,15500,0,0,5,7,대전광역시 유성구 유성대로 680번길 126(구암동),희망마을 작은도서관 운영위원회,070-8861-7279,400,334,http://small.u-library.kr,2025-07-15,3670000,대전광역시 유성구
전국도서관표준데이터 작은도서관 필터,https://www.data.go.kr/data/15013109/standard.do,2025-07-15,place,자운마을작은도서관,작은도서관,유성구,대전광역시 유성구 자운로 97번길 470(신봉동),36.41441732,127.3384512,자운마을작은도서관은(는) 아이의 독서 습관과 지역 탐험을 연결하는 동화 배경으로 사용할 수 있다.,도서관에서 책 속 주인공을 만나는 생활권 독서 동화,"책 표지 색깔 찾기, 사서에게 추천 도서 묻기, 가족 독서 기록 남기기",4-7;8-10,도서관;작은도서관;14928,자운마을작은도서관,대전광역시,유성구,작은도서관,월+공휴일,10:00,17:00,10:00,17:00,00:00,00:00,25,14928,0,0,3,7,대전광역시 유성구 자운로 97번길 470(신봉동),자운마을 작은도서관 운영위원회,070-7799-5678,,99,http://small.u-library.kr,2025-07-15,3670000,대전광역시 유성구
전국도서관표준데이터 작은도서관 필터,https://www.data.go.kr/data/15013109/standard.do,2025-07-15,place,온천마을작은도서관,작은도서관,유성구,대전광역시 유성구 문화원로 46(장대동),36.35985367,127.3408353,온천마을작은도서관은(는) 아이의 독서 습관과 지역 탐험을 연결하는 동화 배경으로 사용할 수 있다.,도서관에서 책 속 주인공을 만나는 생활권 독서 동화,"책 표지 색깔 찾기, 사서에게 추천 도서 묻기, 가족 독서 기록 남기기",4-7;8-10,도서관;작은도서관;20358,온천마을작은도서관,대전광역시,유성구,작은도서관,월+공휴일,10:00,17:00,10:00,17:00,00:00,00:00,40,20358,0,0,2,7,대전광역시 유성구 문화원로 46(장대동),온천마을 작은도서관 운영위원회,042-823-3918,,196,http://small.u-library.kr,2025-07-15,3670000,대전광역시 유성구
전국도서관표준데이터 작은도서관 필터,https://www.data.go.kr/data/15013109/standard.do,2025-12-26,place,역삼2동작은도서관,작은도서관,강남구,서울특별시 강남구 언주로 314(강남프라자 2층)역삼동 761-18,37.49589179,127.0464763,역삼2동작은도서관은(는) 아이의 독서 습관과 지역 탐험을 연결하는 동화 배경으로 사용할 수 있다.,도서관에서 책 속 주인공을 만나는 생활권 독서 동화,"책 표지 색깔 찾기, 사서에게 추천 도서 묻기, 가족 독서 기록 남기기",4-7;8-10,도서관;작은도서관;14214,역삼2동작은도서관,서울특별시,강남구,작은도서관,일요일+법정공휴일,09:00,18:00,09:00,17:00,00:00,00:00,18,14214,0,0,5,14,서울특별시 강남구 언주로 314(강남프라자 2층)역삼동 761-18,,02-567-0930,,,https://library.gangnam.go.kr/ys2lib/index.do,2025-12-26,3220000,서울특별시 강남구
전국도서관표준데이터 작은도서관 필터,https://www.data.go.kr/data/15013109/standard.do,2025-10-31,place,꿈나무작은도서관,작은도서관,부평구,인천광역시 부평구 부흥로173번길 68(산곡동),37.50174046,126.711437,꿈나무작은도서관은(는) 아이의 독서 습관과 지역 탐험을 연결하는 동화 배경으로 사용할 수 있다.,도서관에서 책 속 주인공을 만나는 생활권 독서 동화,"책 표지 색깔 찾기, 사서에게 추천 도서 묻기, 가족 독서 기록 남기기",4-7;8-10,도서관;작은도서관;11034,꿈나무작은도서관,인천광역시,부평구,작은도서관,토+일+법정공휴일,10:00,18:00,00:00,00:00,00:00,00:00,42,11034,0,0,5,14,인천광역시 부평구 부흥로173번길 68(산곡동),인천광역시 부평구 산곡4동행정복지센터,032-509-8393,,164.52,http://www.bppl.or.kr,2025-10-31,3540000,인천광역시 부평구
전국도서관표준데이터 작은도서관 필터,https://www.data.go.kr/data/15013109/standard.do,2025-10-31,place,샘터도서관,작은도서관,부평구,인천광역시 부평구 동암산로33번길 6-7(십정동),37.473805,126.707884,샘터도서관은(는) 아이의 독서 습관과 지역 탐험을 연결하는 동화 배경으로 사용할 수 있다.,도서관에서 책 속 주인공을 만나는 생활권 독서 동화,"책 표지 색깔 찾기, 사서에게 추천 도서 묻기, 가족 독서 기록 남기기",4-7;8-10,도서관;작은도서관;7687,샘터도서관,인천광역시,부평구,작은도서관,토+일+법정공휴일,10:00,18:00,00:00,00:00,00:00,00:00,9,7687,0,0,5,14,인천광역시 부평구 동암산로33번길 6-7(십정동),인천광역시 부평구 십정2동행정복지센터,032-509-8620,,164.46,http://www.bppl.or.kr,2025-10-31,3540000,인천광역시 부평구
전국도서관표준데이터 작은도서관 필터,https://www.data.go.kr/data/15013109/standard.do,2025-10-31,place,희망천작은도서관,작은도서관,부평구,인천광역시 부평구 경인로834번길 8(부평동),37.482228,126.7145029,희망천작은도서관은(는) 아이의 독서 습관과 지역 탐험을 연결하는 동화 배경으로 사용할 수 있다.,도서관에서 책 속 주인공을 만나는 생활권 독서 동화,"책 표지 색깔 찾기, 사서에게 추천 도서 묻기, 가족 독서 기록 남기기",4-7;8-10,도서관;작은도서관;13667,희망천작은도서관,인천광역시,부평구,작은도서관,토+일+법정공휴일,10:00,18:00,00:00,00:00,00:00,00:00,26,13667,0,0,5,14,인천광역시 부평구 경인로834번길 8(부평동),인천광역시 부평구 부평2동행정복지센터,032-509-8623,,133.92,http://www.bppl.or.kr,2025-10-31,3540000,인천광역시 부평구
전국도서관표준데이터 작은도서관 필터,https://www.data.go.kr/data/15013109/standard.do,2025-06-30,place,가능동 작은도서관,작은도서관,의정부시,경기도 의정부시 신촌로 35 (가능동),37.7505976,127.0386467,가능동 작은도서관은(는) 아이의 독서 습관과 지역 탐험을 연결하는 동화 배경으로 사용할 수 있다.,도서관에서 책 속 주인공을 만나는 생활권 독서 동화,"책 표지 색깔 찾기, 사서에게 추천 도서 묻기, 가족 독서 기록 남기기",4-7;8-10,도서관;작은도서관;9858,가능동 작은도서관,경기도,의정부시,작은도서관,매주토요일+매주일요일+법정공휴일,09:00,18:00,00:00,00:00,00:00,00:00,36,9858,0,0,10,21,경기도 의정부시 신촌로 35 (가능동),경기도 의정부시청 도서관과,031-870-7068,1670,132.14,http://www.uilib.go.kr,2025-06-30,3820000,경기도 의정부시
전국도서관표준데이터 작은도서관 필터,https://www.data.go.kr/data/15013109/standard.do,2025-06-30,place,녹양동 작은도서관,작은도서관,의정부시,경기도 의정부시 진등로 21 (녹양동),37.7601165,127.032306,녹양동 작은도서관은(는) 아이의 독서 습관과 지역 탐험을 연결하는 동화 배경으로 사용할 수 있다.,도서관에서 책 속 주인공을 만나는 생활권 독서 동화,"책 표지 색깔 찾기, 사서에게 추천 도서 묻기, 가족 독서 기록 남기기",4-7;8-10,도서관;작은도서관;7047,녹양동 작은도서관,경기도,의정부시,작은도서관,매주토요일+매주일요일+법정공휴일,09:00,18:00,00:00,00:00,00:00,00:00,36,7047,0,0,10,21,경기도 의정부시 진등로 21 (녹양동),경기도 의정부시청 도서관과,031-870-7110,771,88,http://www.uilib.go.kr,2025-06-30,3820000,경기도 의정부시
전국도서관표준데이터 작은도서관 필터,https://www.data.go.kr/data/15013109/standard.do,2025-06-30,place,송산1동 작은도서관,작은도서관,의정부시,경기도 의정부시 민락로 13 (용현동),37.7311527,127.0868172,송산1동 작은도서관은(는) 아이의 독서 습관과 지역 탐험을 연결하는 동화 배경으로 사용할 수 있다.,도서관에서 책 속 주인공을 만나는 생활권 독서 동화,"책 표지 색깔 찾기, 사서에게 추천 도서 묻기, 가족 독서 기록 남기기",4-7;8-10,도서관;작은도서관;7838,송산1동 작은도서관,경기도,의정부시,작은도서관,매주토요일+매주일요일+법정공휴일,09:00,18:00,00:00,00:00,00:00,00:00,36,7838,0,0,10,21,경기도 의정부시 민락로 13 (용현동),경기도 의정부시청 도서관과,031-870-7826,1592,129.6,http://www.uilib.go.kr,2025-06-30,3820000,경기도 의정부시
전국도서관표준데이터 작은도서관 필터,https://www.data.go.kr/data/15013109/standard.do,2025-06-30,place,송산2동 작은도서관,작은도서관,의정부시,경기도 의정부시 용민로 115 (민락동),37.7397446,127.0900012,송산2동 작은도서관은(는) 아이의 독서 습관과 지역 탐험을 연결하는 동화 배경으로 사용할 수 있다.,도서관에서 책 속 주인공을 만나는 생활권 독서 동화,"책 표지 색깔 찾기, 사서에게 추천 도서 묻기, 가족 독서 기록 남기기",4-7;8-10,도서관;작은도서관;14033,송산2동 작은도서관,경기도,의정부시,작은도서관,매주토요일+매주일요일+법정공휴일,09:00,18:00,00:00,00:00,00:00,00:00,12,14033,0,0,10,21,경기도 의정부시 용민로 115 (민락동),경기도 의정부시청 도서관과,031-870-7711,750,73.7,http://www.uilib.go.kr,2025-06-30,3820000,경기도 의정부시
전국도서관표준데이터 작은도서관 필터,https://www.data.go.kr/data/15013109/standard.do,2025-06-30,place,송산3동 작은도서관,작은도서관,의정부시,경기도 의정부시 민락로 360 (낙양동),37.75318982,127.1137733,송산3동 작은도서관은(는) 아이의 독서 습관과 지역 탐험을 연결하는 동화 배경으로 사용할 수 있다.,도서관에서 책 속 주인공을 만나는 생활권 독서 동화,"책 표지 색깔 찾기, 사서에게 추천 도서 묻기, 가족 독서 기록 남기기",4-7;8-10,도서관;작은도서관;8558,송산3동 작은도서관,경기도,의정부시,작은도서관,매주토요일+매주일요일+법정공휴일,09:00,18:00,00:00,00:00,00:00,00:00,33,8558,0,0,10,21,경기도 의정부시 민락로 360 (낙양동),경기도 의정부시청 도서관과,031-870-7656,3321.2,248.51,http://www.uilib.go.kr,2025-06-30,3820000,경기도 의정부시
전국도서관표준데이터 작은도서관 필터,https://www.data.go.kr/data/15013109/standard.do,2025-06-30,place,신곡2동 작은도서관,작은도서관,의정부시,경기도 의정부시 추동로23번길 7 (신곡동),37.7436643,127.0579238,신곡2동 작은도서관은(는) 아이의 독서 습관과 지역 탐험을 연결하는 동화 배경으로 사용할 수 있다.,도서관에서 책 속 주인공을 만나는 생활권 독서 동화,"책 표지 색깔 찾기, 사서에게 추천 도서 묻기, 가족 독서 기록 남기기",4-7;8-10,도서관;작은도서관;12300,신곡2동 작은도서관,경기도,의정부시,작은도서관,매주토요일+매주일요일+법정공휴일,09:00,18:00,00:00,00:00,00:00,00:00,40,12300,0,0,10,21,경기도 의정부시 추동로23번길 7 (신곡동),경기도 의정부시청 도서관과,031-870-7619,1300.3,119.18,http://www.uilib.go.kr,2025-06-30,3820000,경기도 의정부시
전국도서관표준데이터 작은도서관 필터,https://www.data.go.kr/data/15013109/standard.do,2025-06-30,place,의정부1동 작은도서관,작은도서관,의정부시,경기도 의정부시 경의로120 (의정부동),37.73275915,127.048936,의정부1동 작은도서관은(는) 아이의 독서 습관과 지역 탐험을 연결하는 동화 배경으로 사용할 수 있다.,도서관에서 책 속 주인공을 만나는 생활권 독서 동화,"책 표지 색깔 찾기, 사서에게 추천 도서 묻기, 가족 독서 기록 남기기",4-7;8-10,도서관;작은도서관;6893,의정부1동 작은도서관,경기도,의정부시,작은도서관,매주토요일+매주일요일+법정공휴일,09:00,18:00,00:00,00:00,00:00,00:00,36,6893,0,0,10,21,경기도 의정부시 경의로120 (의정부동),경기도 의정부시청 도서관과,031-870-6997,1270,263,http://www.uilib.go.kr,2025-06-30,3820000,경기도 의정부시
전국도서관표준데이터 작은도서관 필터,https://www.data.go.kr/data/15013109/standard.do,2025-11-24,place,도초작은도서관,작은도서관,신안군,전라남도 신안군 도초면 서남문로 1521-20,34.70349111,125.9539509,도초작은도서관은(는) 아이의 독서 습관과 지역 탐험을 연결하는 동화 배경으로 사용할 수 있다.,도서관에서 책 속 주인공을 만나는 생활권 독서 동화,"책 표지 색깔 찾기, 사서에게 추천 도서 묻기, 가족 독서 기록 남기기",4-7;8-10,도서관;작은도서관;7648,도초작은도서관,전라남도,신안군,작은도서관,"일,월,공휴일",09:00,18:00,09:00,18:00,00:00,00:00,0,7648,7,0,5,14,전라남도 신안군 도초면 서남문로 1521-20,전라남도 신안군 도초면사무소,061-240-8677,1081,148,,2025-11-24,5010000,전라남도 신안군
전국도서관표준데이터 작은도서관 필터,https://www.data.go.kr/data/15013109/standard.do,2025-11-24,place,지도작은도서관,작은도서관,신안군,전라남도 신안군 지도증도로 9-1,35.057174,126.205546,지도작은도서관은(는) 아이의 독서 습관과 지역 탐험을 연결하는 동화 배경으로 사용할 수 있다.,도서관에서 책 속 주인공을 만나는 생활권 독서 동화,"책 표지 색깔 찾기, 사서에게 추천 도서 묻기, 가족 독서 기록 남기기",4-7;8-10,도서관;작은도서관;7748,지도작은도서관,전라남도,신안군,작은도서관,"토,일,공휴일",09:00,18:00,00:00,00:00,00:00,00:00,0,7748,0,0,5,14,전라남도 신안군 지도증도로 9-1,전라남도 신안군 지도읍사무소,061-240-3426,4788,1051,,2025-11-24,5010000,전라남도 신안군
전국도서관표준데이터 작은도서관 필터,https://www.data.go.kr/data/15013109/standard.do,2024-11-26,place,노아의작은도서관,작은도서관,양양군,강원특별자치도 양양군 양양읍 동해대로 3029-6,38.113159,128.630442,노아의작은도서관은(는) 아이의 독서 습관과 지역 탐험을 연결하는 동화 배경으로 사용할 수 있다.,도서관에서 책 속 주인공을 만나는 생활권 독서 동화,"책 표지 색깔 찾기, 사서에게 추천 도서 묻기, 가족 독서 기록 남기기",4-7;8-10,도서관;작은도서관;1291,노아의작은도서관,강원특별자치도,양양군,작은도서관,토+일+공휴일,10:00,16:00,00:00,00:00,00:00,00:00,12,1291,0,0,0,0,강원특별자치도 양양군 양양읍 동해대로 3029-6,노아의작은도서관,033-671-2443,,62,,2024-11-26,4351000,강원특별자치도 양양군
전국도서관표준데이터 작은도서관 필터,https://www.data.go.kr/data/15013109/standard.do,2024-11-26,place,복골작은도서관,작은도서관,양양군,강원특별자치도 양양군 강현면 복골길 243,38.144233,128.563059,복골작은도서관은(는) 아이의 독서 습관과 지역 탐험을 연결하는 동화 배경으로 사용할 수 있다.,도서관에서 책 속 주인공을 만나는 생활권 독서 동화,"책 표지 색깔 찾기, 사서에게 추천 도서 묻기, 가족 독서 기록 남기기",4-7;8-10,도서관;작은도서관;2500,복골작은도서관,강원특별자치도,양양군,작은도서관,토+일+공휴일,10:00,16:00,00:00,00:00,00:00,00:00,20,2500,2,0,0,0,강원특별자치도 양양군 강현면 복골길 243,복골작은도서관,033-671-5626,,132,,2024-11-26,4351000,강원특별자치도 양양군
전국도서관표준데이터 작은도서관 필터,https://www.data.go.kr/data/15013109/standard.do,2024-11-26,place,거말작은도서관,작은도서관,양양군,강원특별자치도 양양군 양양읍 단지길 40,38.082415,128.588924,거말작은도서관은(는) 아이의 독서 습관과 지역 탐험을 연결하는 동화 배경으로 사용할 수 있다.,도서관에서 책 속 주인공을 만나는 생활권 독서 동화,"책 표지 색깔 찾기, 사서에게 추천 도서 묻기, 가족 독서 기록 남기기",4-7;8-10,도서관;작은도서관;2300,거말작은도서관,강원특별자치도,양양군,작은도서관,토+일+공휴일,10:00,16:00,00:00,00:00,00:00,00:00,40,2300,3,0,0,0,강원특별자치도 양양군 양양읍 단지길 40,거말작은도서관,033-671-4710,,94,,2024-11-26,4351000,강원특별자치도 양양군
전국도서관표준데이터 작은도서관 필터,https://www.data.go.kr/data/15013109/standard.do,2024-11-26,place,양양감리교회작은도서관,작은도서관,양양군,강원특별자치도 양양군 양양읍 구성사잇길 9,38.077158,128.619810,양양감리교회작은도서관은(는) 아이의 독서 습관과 지역 탐험을 연결하는 동화 배경으로 사용할 수 있다.,도서관에서 책 속 주인공을 만나는 생활권 독서 동화,"책 표지 색깔 찾기, 사서에게 추천 도서 묻기, 가족 독서 기록 남기기",4-7;8-10,도서관;작은도서관;1850,양양감리교회작은도서관,강원특별자치도,양양군,작은도서관,토+일+공휴일,10:00,16:00,00:00,00:00,00:00,00:00,20,1850,3,0,0,0,강원특별자치도 양양군 양양읍 구성사잇길 9,양양감리교회작은도서관,033-671-8961,,35,,2024-11-26,4351000,강원특별자치도 양양군
전국도서관표준데이터 작은도서관 필터,https://www.data.go.kr/data/15013109/standard.do,2024-11-20,place,상현1동작은도서관,작은도서관,용인시,경기도 용인시 수지구 상현로 71,37.3046115,127.081122,상현1동작은도서관은(는) 아이의 독서 습관과 지역 탐험을 연결하는 동화 배경으로 사용할 수 있다.,도서관에서 책 속 주인공을 만나는 생활권 독서 동화,"책 표지 색깔 찾기, 사서에게 추천 도서 묻기, 가족 독서 기록 남기기",4-7;8-10,도서관;작은도서관;17962,상현1동작은도서관,경기도,용인시,작은도서관,토+일+공휴일,09:00,17:00,00:00,00:00,00:00,00:00,25,17962,0,0,7,14,경기도 용인시 수지구 상현로 71,경기도 용인시 수지구 상현1동사무소,031-262-3910,,165.29,,2024-11-20,4050000,경기도 용인시
전국도서관표준데이터 작은도서관 필터,https://www.data.go.kr/data/15013109/standard.do,2024-11-20,place,상현2동작은도서관,작은도서관,용인시,"경기도 용인시 수지구 광교호수로386번길 6, 1층",37.2985099,127.0808422,상현2동작은도서관은(는) 아이의 독서 습관과 지역 탐험을 연결하는 동화 배경으로 사용할 수 있다.,도서관에서 책 속 주인공을 만나는 생활권 독서 동화,"책 표지 색깔 찾기, 사서에게 추천 도서 묻기, 가족 독서 기록 남기기",4-7;8-10,도서관;작은도서관;7518,상현2동작은도서관,경기도,용인시,작은도서관,토+일+공휴일,13:00,17:00,00:00,00:00,00:00,00:00,32,7518,0,0,7,14,"경기도 용인시 수지구 광교호수로386번길 6, 1층",경기도 용인시 수지구 상현2동사무소,031-212-4142,,254,,2024-11-20,4050000,경기도 용인시
전국도서관표준데이터 작은도서관 필터,https://www.data.go.kr/data/15013109/standard.do,2024-11-20,place,이동천리작은도서관,작은도서관,용인시,"경기도 용인시 처인구 이동읍 백옥대로624번길 9, 4층",37.1928164,127.207914,이동천리작은도서관은(는) 아이의 독서 습관과 지역 탐험을 연결하는 동화 배경으로 사용할 수 있다.,도서관에서 책 속 주인공을 만나는 생활권 독서 동화,"책 표지 색깔 찾기, 사서에게 추천 도서 묻기, 가족 독서 기록 남기기",4-7;8-10,도서관;작은도서관;8135,이동천리작은도서관,경기도,용인시,작은도서관,토+일+공휴일,13:00,18:00,00:00,00:00,00:00,00:00,33,8135,0,0,7,14,"경기도 용인시 처인구 이동읍 백옥대로624번길 9, 4층",경기도 용인시 처인구 이동면사무소,031-339-0334,,212,,2024-11-20,4050000,경기도 용인시
전국도서관표준데이터 작은도서관 필터,https://www.data.go.kr/data/15013109/standard.do,2025-11-27,place,원성2동작은도서관,작은도서관,천안시,충청남도 천안시 동남구 원거리8길 43,36.80016444,127.1581554,원성2동작은도서관은(는) 아이의 독서 습관과 지역 탐험을 연결하는 동화 배경으로 사용할 수 있다.,도서관에서 책 속 주인공을 만나는 생활권 독서 동화,"책 표지 색깔 찾기, 사서에게 추천 도서 묻기, 가족 독서 기록 남기기",4-7;8-10,도서관;작은도서관;9605,원성2동작은도서관,충청남도,천안시,작은도서관,월+일요일+국가지정공휴일,10:00,18:00,10:00,18:00,00:00,00:00,12,9605,5,0,10,14,충청남도 천안시 동남구 원거리8길 43,충청남도 천안시청,041-521-3229,116,116,http://www.cheonan.go.kr/lib.do,2025-11-27,4490000,충청남도 천안시
전국도서관표준데이터 작은도서관 필터,https://www.data.go.kr/data/15013109/standard.do,2025-11-27,place,중앙동작은도서관,작은도서관,천안시,충청남도 천안시 동남구 영성로 69-1,36.80454611,127.149649,중앙동작은도서관은(는) 아이의 독서 습관과 지역 탐험을 연결하는 동화 배경으로 사용할 수 있다.,도서관에서 책 속 주인공을 만나는 생활권 독서 동화,"책 표지 색깔 찾기, 사서에게 추천 도서 묻기, 가족 독서 기록 남기기",4-7;8-10,도서관;작은도서관;35534,중앙동작은도서관,충청남도,천안시,작은도서관,월+일요일+국가지정공휴일,10:00,18:00,10:00,18:00,00:00,00:00,40,35534,5,0,10,14,충청남도 천안시 동남구 영성로 69-1,충청남도 천안시청,041-566-2639,187,187,http://www.cheonan.go.kr/lib.do,2025-11-27,4490000,충청남도 천안시
전국도서관표준데이터 작은도서관 필터,https://www.data.go.kr/data/15013109/standard.do,2025-11-27,place,일봉동작은도서관,작은도서관,천안시,충청남도 천안시 동남구 차돌고개4길 18,36.79912421,127.1353607,일봉동작은도서관은(는) 아이의 독서 습관과 지역 탐험을 연결하는 동화 배경으로 사용할 수 있다.,도서관에서 책 속 주인공을 만나는 생활권 독서 동화,"책 표지 색깔 찾기, 사서에게 추천 도서 묻기, 가족 독서 기록 남기기",4-7;8-10,도서관;작은도서관;12040,일봉동작은도서관,충청남도,천안시,작은도서관,월+일요일+국가지정공휴일,10:00,18:00,10:00,18:00,00:00,00:00,6,12040,6,0,10,14,충청남도 천안시 동남구 차돌고개4길 18,충청남도 천안시청,041-573-3353,48,48,http://www.cheonan.go.kr/lib.do,2025-11-27,4490000,충청남도 천안시
전국도서관표준데이터 작은도서관 필터,https://www.data.go.kr/data/15013109/standard.do,2025-11-27,place,성남면작은도서관,작은도서관,천안시,충청남도 천안시 동남구 성남면 신사대화로 115,36.7433553,127.233142,성남면작은도서관은(는) 아이의 독서 습관과 지역 탐험을 연결하는 동화 배경으로 사용할 수 있다.,도서관에서 책 속 주인공을 만나는 생활권 독서 동화,"책 표지 색깔 찾기, 사서에게 추천 도서 묻기, 가족 독서 기록 남기기",4-7;8-10,도서관;작은도서관;8349,성남면작은도서관,충청남도,천안시,작은도서관,월+일요일+국가지정공휴일,10:00,18:00,10:00,18:00,00:00,00:00,12,8349,5,0,10,14,충청남도 천안시 동남구 성남면 신사대화로 115,충청남도 천안시청,041-622-6665,33,33,http://www.cheonan.go.kr/lib.do,2025-11-27,4490000,충청남도 천안시
전국도서관표준데이터 작은도서관 필터,https://www.data.go.kr/data/15013109/standard.do,2025-11-27,place,풍세면작은도서관,작은도서관,천안시,충청남도 천안시 동남구 풍세면 상정1길 3,36.72182167,127.1187681,풍세면작은도서관은(는) 아이의 독서 습관과 지역 탐험을 연결하는 동화 배경으로 사용할 수 있다.,도서관에서 책 속 주인공을 만나는 생활권 독서 동화,"책 표지 색깔 찾기, 사서에게 추천 도서 묻기, 가족 독서 기록 남기기",4-7;8-10,도서관;작은도서관;7382,풍세면작은도서관,충청남도,천안시,작은도서관,월+일요일+국가지정공휴일,10:00,18:00,10:00,18:00,00:00,00:00,12,7382,5,0,10,14,충청남도 천안시 동남구 풍세면 상정1길 3,충청남도 천안시청,041-554-5201,100,100,http://www.cheonan.go.kr/lib.do,2025-11-27,4490000,충청남도 천안시
전국도서관표준데이터 작은도서관 필터,https://www.data.go.kr/data/15013109/standard.do,2025-11-27,place,광덕작은도서관,작은도서관,천안시,충청남도 천안시 동남구 광덕면 신흥리3길 76,36.69497428,127.1105853,광덕작은도서관은(는) 아이의 독서 습관과 지역 탐험을 연결하는 동화 배경으로 사용할 수 있다.,도서관에서 책 속 주인공을 만나는 생활권 독서 동화,"책 표지 색깔 찾기, 사서에게 추천 도서 묻기, 가족 독서 기록 남기기",4-7;8-10,도서관;작은도서관;7116,광덕작은도서관,충청남도,천안시,작은도서관,토+일요일+국가지정공휴일,08:30,16:30,00:00,00:00,00:00,00:00,24,7116,4,0,10,14,충청남도 천안시 동남구 광덕면 신흥리3길 76,충청남도 천안시청,041-522-0333,165,165,http://www.cheonan.go.kr/lib.do,2025-11-27,4490000,충청남도 천안시
전국도서관표준데이터 작은도서관 필터,https://www.data.go.kr/data/15013109/standard.do,2025-11-27,place,신안동작은도서관,작은도서관,천안시,충청남도 천안시 동남구 신부3길 16-6,36.81746009,127.1601768,신안동작은도서관은(는) 아이의 독서 습관과 지역 탐험을 연결하는 동화 배경으로 사용할 수 있다.,도서관에서 책 속 주인공을 만나는 생활권 독서 동화,"책 표지 색깔 찾기, 사서에게 추천 도서 묻기, 가족 독서 기록 남기기",4-7;8-10,도서관;작은도서관;10079,신안동작은도서관,충청남도,천안시,작은도서관,월+일요일+국가지정공휴일,10:00,18:00,10:00,18:00,00:00,00:00,18,10079,5,0,10,14,충청남도 천안시 동남구 신부3길 16-6,충청남도 천안시청,041-564-3020,56,56,http://www.cheonan.go.kr/lib.do,2025-11-27,4490000,충청남도 천안시
전국도서관표준데이터 작은도서관 필터,https://www.data.go.kr/data/15013109/standard.do,2025-11-27,place,천안축구센터작은도서관,작은도서관,천안시,충청남도 천안시 서북구 축구센터로 150,36.82144008,127.1457655,천안축구센터작은도서관은(는) 아이의 독서 습관과 지역 탐험을 연결하는 동화 배경으로 사용할 수 있다.,도서관에서 책 속 주인공을 만나는 생활권 독서 동화,"책 표지 색깔 찾기, 사서에게 추천 도서 묻기, 가족 독서 기록 남기기",4-7;8-10,도서관;작은도서관;12795,천안축구센터작은도서관,충청남도,천안시,작은도서관,월+일요일+국가지정공휴일,10:00,18:00,10:00,18:00,00:00,00:00,18,12795,6,0,10,14,충청남도 천안시 서북구 축구센터로 150,충청남도 천안시청,041-577-8270,108,108,http://www.cheonan.go.kr/lib.do,2025-11-27,4490000,충청남도 천안시
전국도서관표준데이터 작은도서관 필터,https://www.data.go.kr/data/15013109/standard.do,2025-11-27,place,성정1동작은도서관,작은도서관,천안시,충청남도 천안시 서북구 선영8길 7,36.8150359,127.1428691,성정1동작은도서관은(는) 아이의 독서 습관과 지역 탐험을 연결하는 동화 배경으로 사용할 수 있다.,도서관에서 책 속 주인공을 만나는 생활권 독서 동화,"책 표지 색깔 찾기, 사서에게 추천 도서 묻기, 가족 독서 기록 남기기",4-7;8-10,도서관;작은도서관;12986,성정1동작은도서관,충청남도,천안시,작은도서관,월+일요일+국가지정공휴일,10:00,18:00,10:00,18:00,00:00,00:00,18,12986,5,935,10,14,충청남도 천안시 서북구 선영8길 7,충청남도 천안시청,041-579-5783,215,215,http://www.cheonan.go.kr/lib.do,2025-11-27,4490000,충청남도 천안시
전국도서관표준데이터 작은도서관 필터,https://www.data.go.kr/data/15013109/standard.do,2025-11-27,place,목천느티나무작은도서관,작은도서관,천안시,충청남도 천안시 동남구 목천읍 서리2길 31,36.7879123613,127.235722581,목천느티나무작은도서관은(는) 아이의 독서 습관과 지역 탐험을 연결하는 동화 배경으로 사용할 수 있다.,도서관에서 책 속 주인공을 만나는 생활권 독서 동화,"책 표지 색깔 찾기, 사서에게 추천 도서 묻기, 가족 독서 기록 남기기",4-7;8-10,도서관;작은도서관;6808,목천느티나무작은도서관,충청남도,천안시,작은도서관,토+일요일+국가지정공휴일,08:30,16:30,00:00,00:00,00:00,00:00,40,6808,4,0,10,14,충청남도 천안시 동남구 목천읍 서리2길 31,충청남도 천안시청,041-522-8018,180,180,http://www.cheonan.go.kr/lib.do,2025-11-27,4490000,충청남도 천안시
전국도서관표준데이터 작은도서관 필터,https://www.data.go.kr/data/15013109/standard.do,2025-11-27,place,북면바로내작은도서관,작은도서관,천안시,충청남도 천안시 동남구 북면 위례성로 724-3,36.8273821,127.2736819,북면바로내작은도서관은(는) 아이의 독서 습관과 지역 탐험을 연결하는 동화 배경으로 사용할 수 있다.,도서관에서 책 속 주인공을 만나는 생활권 독서 동화,"책 표지 색깔 찾기, 사서에게 추천 도서 묻기, 가족 독서 기록 남기기",4-7;8-10,도서관;작은도서관;5892,북면바로내작은도서관,충청남도,천안시,작은도서관,월+일요일+국가지정공휴일,10:00,18:00,10:00,18:00,00:00,00:00,16,5892,5,0,10,14,충청남도 천안시 동남구 북면 위례성로 724-3,충청남도 천안시청,041-557-2332,58.41,58.41,http://www.cheonan.go.kr/lib.do,2025-11-27,4490000,충청남도 천안시
전국도서관표준데이터 작은도서관 필터,https://www.data.go.kr/data/15013109/standard.do,2024-11-20,place,남사맑은누리작은도서관,작은도서관,용인시,"경기도 용인시 처인구 남사면 내기로 6, 복지회관 2층",37.1137577,127.1505799,남사맑은누리작은도서관은(는) 아이의 독서 습관과 지역 탐험을 연결하는 동화 배경으로 사용할 수 있다.,도서관에서 책 속 주인공을 만나는 생활권 독서 동화,"책 표지 색깔 찾기, 사서에게 추천 도서 묻기, 가족 독서 기록 남기기",4-7;8-10,도서관;작은도서관;9001,남사맑은누리작은도서관,경기도,용인시,작은도서관,토+일+공휴일,13:00,18:00,00:00,00:00,00:00,00:00,34,9001,0,0,7,14,"경기도 용인시 처인구 남사면 내기로 6, 복지회관 2층",경기도 용인시 처인구 남사면사무소,031-339-3605,,96,,2024-11-20,4050000,경기도 용인시
전국도서관표준데이터 작은도서관 필터,https://www.data.go.kr/data/15013109/standard.do,2024-11-20,place,백암면작은도서관,작은도서관,용인시,"경기도 용인시 처인구 백암면 백암로 191-1, 1층",37.1638408,127.3751115,백암면작은도서관은(는) 아이의 독서 습관과 지역 탐험을 연결하는 동화 배경으로 사용할 수 있다.,도서관에서 책 속 주인공을 만나는 생활권 독서 동화,"책 표지 색깔 찾기, 사서에게 추천 도서 묻기, 가족 독서 기록 남기기",4-7;8-10,도서관;작은도서관;11815,백암면작은도서관,경기도,용인시,작은도서관,토+일+공휴일,09:00,18:00,00:00,00:00,00:00,00:00,34,11815,0,0,7,14,"경기도 용인시 처인구 백암면 백암로 191-1, 1층",경기도 용인시 처인구 백암면사무소,031-334-0094,,192,,2024-11-20,4050000,경기도 용인시
전국도서관표준데이터 작은도서관 필터,https://www.data.go.kr/data/15013109/standard.do,2025-08-31,place,장군면작은도서관,작은도서관,없음,세종특별자치시 장군면 장척로437-7,36.49994486,127.2081316,장군면작은도서관은(는) 아이의 독서 습관과 지역 탐험을 연결하는 동화 배경으로 사용할 수 있다.,도서관에서 책 속 주인공을 만나는 생활권 독서 동화,"책 표지 색깔 찾기, 사서에게 추천 도서 묻기, 가족 독서 기록 남기기",4-7;8-10,도서관;작은도서관;7082,장군면작은도서관,세종특별자치시,없음,작은도서관,매주월요일+일요일+국가지정공휴일,10:00,18:00,09:00,13:00,00:00,00:00,15,7082,0,0,5,14,세종특별자치시 장군면 장척로437-7,세종특별자치시,044-301-5661,64,64,https://www.smalllibrary.org/library/detail/1942546,2025-08-31,5690000,세종특별자치시
전국도서관표준데이터 작은도서관 필터,https://www.data.go.kr/data/15013109/standard.do,2025-08-31,place,소정작은도서관,작은도서관,없음,세종특별자치시 소정면 소정구길204,36.72230936,127.1585982,소정작은도서관은(는) 아이의 독서 습관과 지역 탐험을 연결하는 동화 배경으로 사용할 수 있다.,도서관에서 책 속 주인공을 만나는 생활권 독서 동화,"책 표지 색깔 찾기, 사서에게 추천 도서 묻기, 가족 독서 기록 남기기",4-7;8-10,도서관;작은도서관;15442,소정작은도서관,세종특별자치시,없음,작은도서관,매주월요일+일요일+국가지정공휴일,10:00,18:00,09:00,13:00,00:00,00:00,42,15442,0,0,5,14,세종특별자치시 소정면 소정구길204,세종특별자치시,044-301-6061,136,136,https://www.smalllibrary.org/library/detail/1112949,2025-08-31,5690000,세종특별자치시
전국도서관표준데이터 작은도서관 필터,https://www.data.go.kr/data/15013109/standard.do,2025-08-31,place,조치원읍도서관,작은도서관,없음,세종특별자치시 전의면 동신길10,36.67989228,127.2085989,조치원읍도서관은(는) 아이의 독서 습관과 지역 탐험을 연결하는 동화 배경으로 사용할 수 있다.,도서관에서 책 속 주인공을 만나는 생활권 독서 동화,"책 표지 색깔 찾기, 사서에게 추천 도서 묻기, 가족 독서 기록 남기기",4-7;8-10,도서관;작은도서관;15521,조치원읍도서관,세종특별자치시,없음,작은도서관,매주월요일+일요일+국가지정공휴일,10:00,18:00,09:00,13:00,00:00,00:00,50,15521,0,0,5,14,세종특별자치시 전의면 동신길10,세종특별자치시,044-301-5092,203,203,https://www.smalllibrary.org/library/detail/3239184,2025-08-31,5690000,세종특별자치시
전국도서관표준데이터 작은도서관 필터,https://www.data.go.kr/data/15013109/standard.do,2025-05-15,place,해평누리작은도서관,작은도서관,구미시,경상북도 구미시 해평면 강동로 1652,36.19817138,128.3918009,해평누리작은도서관은(는) 아이의 독서 습관과 지역 탐험을 연결하는 동화 배경으로 사용할 수 있다.,도서관에서 책 속 주인공을 만나는 생활권 독서 동화,"책 표지 색깔 찾기, 사서에게 추천 도서 묻기, 가족 독서 기록 남기기",4-7;8-10,도서관;작은도서관;7139,해평누리작은도서관,경상북도,구미시,작은도서관,월요일+일요일+공휴일,10:00,18:00,10:00,17:00,00:00,00:00,20,7139,0,0,5,14,경상북도 구미시 해평면 강동로 1652,경상북도 구미시청,054-472-8799,2496,167,https://lib.gumi.go.kr/,2025-05-15,5080000,경상북도 구미시
전국도서관표준데이터 작은도서관 필터,https://www.data.go.kr/data/15013109/standard.do,2025-05-15,place,송정나래작은도서관,작은도서관,구미시,경상북도 구미시 송정대로10길 34-1,36.11833079,128.3546632,송정나래작은도서관은(는) 아이의 독서 습관과 지역 탐험을 연결하는 동화 배경으로 사용할 수 있다.,도서관에서 책 속 주인공을 만나는 생활권 독서 동화,"책 표지 색깔 찾기, 사서에게 추천 도서 묻기, 가족 독서 기록 남기기",4-7;8-10,도서관;작은도서관;4088,송정나래작은도서관,경상북도,구미시,작은도서관,월요일+일요일+공휴일,10:00,18:00,10:00,17:00,00:00,00:00,50,4088,3,0,5,14,경상북도 구미시 송정대로10길 34-1,경상북도 구미시청,054-441-0118,603,279,https://lib.gumi.go.kr/,2025-05-15,5080000,경상북도 구미시
전국도서관표준데이터 작은도서관 필터,https://www.data.go.kr/data/15013109/standard.do,2025-05-15,place,구미생활문화센터작은도서관,작은도서관,구미시,경상북도 구미시 구미중앙로15길 20,36.12963022,128.3340472,구미생활문화센터작은도서관은(는) 아이의 독서 습관과 지역 탐험을 연결하는 동화 배경으로 사용할 수 있다.,도서관에서 책 속 주인공을 만나는 생활권 독서 동화,"책 표지 색깔 찾기, 사서에게 추천 도서 묻기, 가족 독서 기록 남기기",4-7;8-10,도서관;작은도서관;4762,구미생활문화센터작은도서관,경상북도,구미시,작은도서관,월요일+일요일+공휴일,10:00,21:00,10:00,17:00,00:00,00:00,50,4762,3,0,5,14,경상북도 구미시 구미중앙로15길 20,경상북도 구미시청,054-480-6638,1091,322,https://lib.gumi.go.kr/,2025-05-15,5080000,경상북도 구미시
전국도서관표준데이터 작은도서관 필터,https://www.data.go.kr/data/15013109/standard.do,2025-07-31,place,꿈아루도서관,작은도서관,진주시,경상남도 진주시 문산읍 월아산로 1115,35.17022536,128.1615815,꿈아루도서관은(는) 아이의 독서 습관과 지역 탐험을 연결하는 동화 배경으로 사용할 수 있다.,도서관에서 책 속 주인공을 만나는 생활권 독서 동화,"책 표지 색깔 찾기, 사서에게 추천 도서 묻기, 가족 독서 기록 남기기",4-7;8-10,도서관;작은도서관;1000,꿈아루도서관,경상남도,진주시,작은도서관,토+일+공휴일,14:00,17:00,00:00,00:00,00:00,00:00,20,1000,0,0,1000,7,경상남도 진주시 문산읍 월아산로 1115,꿈아루도서관,055-752-5574,,179,,2025-07-31,5310000,경상남도 진주시
전국도서관표준데이터 작은도서관 필터,https://www.data.go.kr/data/15013109/standard.do,2025-07-31,place,낮은울타리작은도서관,작은도서관,진주시,경상남도 진주시 진주대로 596-10,35.16064056,128.1075672,낮은울타리작은도서관은(는) 아이의 독서 습관과 지역 탐험을 연결하는 동화 배경으로 사용할 수 있다.,도서관에서 책 속 주인공을 만나는 생활권 독서 동화,"책 표지 색깔 찾기, 사서에게 추천 도서 묻기, 가족 독서 기록 남기기",4-7;8-10,도서관;작은도서관;3641,낮은울타리작은도서관,경상남도,진주시,작은도서관,토+일+공휴일,10:00,17:00,00:00,00:00,00:00,00:00,15,3641,0,0,2000,14,경상남도 진주시 진주대로 596-10,낮은울타리작은도서관,,,55.7,,2025-07-31,5310000,경상남도 진주시
전국도서관표준데이터 작은도서관 필터,https://www.data.go.kr/data/15013109/standard.do,2025-07-31,place,노을빛작은도서관,작은도서관,진주시,경상남도 진주시 이반성면 오봉산로 871,35.18189622,128.330582,노을빛작은도서관은(는) 아이의 독서 습관과 지역 탐험을 연결하는 동화 배경으로 사용할 수 있다.,도서관에서 책 속 주인공을 만나는 생활권 독서 동화,"책 표지 색깔 찾기, 사서에게 추천 도서 묻기, 가족 독서 기록 남기기",4-7;8-10,도서관;작은도서관;2280,노을빛작은도서관,경상남도,진주시,작은도서관,토+일+공휴일,14:00,17:00,00:00,00:00,00:00,00:00,20,2280,0,0,1546,14,경상남도 진주시 이반성면 오봉산로 871,노을빛작은도서관,,,66,,2025-07-31,5310000,경상남도 진주시
전국도서관표준데이터 작은도서관 필터,https://www.data.go.kr/data/15013109/standard.do,2025-07-31,place,대곡면 사랑방,작은도서관,진주시,"경상남도 진주시 대곡면 진의로1091번길 10, 1층 북카페",35.2638157,128.1683943,대곡면 사랑방은(는) 아이의 독서 습관과 지역 탐험을 연결하는 동화 배경으로 사용할 수 있다.,도서관에서 책 속 주인공을 만나는 생활권 독서 동화,"책 표지 색깔 찾기, 사서에게 추천 도서 묻기, 가족 독서 기록 남기기",4-7;8-10,도서관;작은도서관;1000,대곡면 사랑방,경상남도,진주시,작은도서관,토+일+공휴일,12:00,15:00,00:00,00:00,00:00,00:00,16,1000,0,0,1000,14,"경상남도 진주시 대곡면 진의로1091번길 10, 1층 북카페",대곡면 사랑방,,,70,,2025-07-31,5310000,경상남도 진주시
전국도서관표준데이터 작은도서관 필터,https://www.data.go.kr/data/15013109/standard.do,2025-07-31,place,진주교회 솔로몬,작은도서관,진주시,"경상남도 진주시 하대로34번길 28, 301",35.19261884,128.1123669,진주교회 솔로몬은(는) 아이의 독서 습관과 지역 탐험을 연결하는 동화 배경으로 사용할 수 있다.,도서관에서 책 속 주인공을 만나는 생활권 독서 동화,"책 표지 색깔 찾기, 사서에게 추천 도서 묻기, 가족 독서 기록 남기기",4-7;8-10,도서관;작은도서관;2545,진주교회 솔로몬,경상남도,진주시,작은도서관,토+일+공휴일,14:00,17:00,00:00,00:00,00:00,00:00,64,2545,0,0,2500,147,"경상남도 진주시 하대로34번길 28, 301",진주교회 솔로몬,,,70.83,,2025-07-31,5310000,경상남도 진주시
전국도서관표준데이터 작은도서관 필터,https://www.data.go.kr/data/15013109/standard.do,2025-08-05,place,서빙고동 작은도서관,작은도서관,용산구,서울특별시 용산구 서빙고로 279,37.5204768,126.9946517,서빙고동 작은도서관은(는) 아이의 독서 습관과 지역 탐험을 연결하는 동화 배경으로 사용할 수 있다.,도서관에서 책 속 주인공을 만나는 생활권 독서 동화,"책 표지 색깔 찾기, 사서에게 추천 도서 묻기, 가족 독서 기록 남기기",4-7;8-10,도서관;작은도서관;8803,서빙고동 작은도서관,서울특별시,용산구,작은도서관,토+일+법정공휴일,09:00,18:00,00:00,00:00,00:00,00:00,23,8803,0,0,5,14,서울특별시 용산구 서빙고로 279,서울특별시 용산구청,02-2199-8687,,,https://www.yslibrary.or.kr/small/index.do,2025-08-05,3020000,서울특별시 용산구
전국도서관표준데이터 작은도서관 필터,https://www.data.go.kr/data/15013109/standard.do,2025-08-05,place,작은도서관 꿈꾸는 책마을,작은도서관,용산구,서울특별시 용산구 장문로95,37.526301,127.000181,작은도서관 꿈꾸는 책마을은(는) 아이의 독서 습관과 지역 탐험을 연결하는 동화 배경으로 사용할 수 있다.,도서관에서 책 속 주인공을 만나는 생활권 독서 동화,"책 표지 색깔 찾기, 사서에게 추천 도서 묻기, 가족 독서 기록 남기기",4-7;8-10,도서관;작은도서관;6030,작은도서관 꿈꾸는 책마을,서울특별시,용산구,작은도서관,토+일+법정공휴일,13:00,17:00,00:00,00:00,00:00,00:00,25,6030,0,0,5,14,서울특별시 용산구 장문로95,서울특별시 용산구청,02-2199-8708,,,https://www.yslibrary.or.kr/small/index.do,2025-08-05,3020000,서울특별시 용산구
전국도서관표준데이터 작은도서관 필터,https://www.data.go.kr/data/15013109/standard.do,2025-08-05,place,별밭 작은도서관,작은도서관,용산구,서울특별시 용산구 대사관로34길 49,37.53123832,127.0062243,별밭 작은도서관은(는) 아이의 독서 습관과 지역 탐험을 연결하는 동화 배경으로 사용할 수 있다.,도서관에서 책 속 주인공을 만나는 생활권 독서 동화,"책 표지 색깔 찾기, 사서에게 추천 도서 묻기, 가족 독서 기록 남기기",4-7;8-10,도서관;작은도서관;13775,별밭 작은도서관,서울특별시,용산구,작은도서관,토+일+법정공휴일,09:30,17:30,00:00,00:00,00:00,00:00,36,13775,0,0,5,14,서울특별시 용산구 대사관로34길 49,서울특별시 용산구청,02-2199-8740,,,https://www.yslibrary.or.kr/small/index.do,2025-08-05,3020000,서울특별시 용산구
전국도서관표준데이터 작은도서관 필터,https://www.data.go.kr/data/15013109/standard.do,2025-08-05,place,청소년 푸르미르 작은도서관,작은도서관,용산구,서울특별시 용산구 이촌로71길 24,37.5213567,126.9732982,청소년 푸르미르 작은도서관은(는) 아이의 독서 습관과 지역 탐험을 연결하는 동화 배경으로 사용할 수 있다.,도서관에서 책 속 주인공을 만나는 생활권 독서 동화,"책 표지 색깔 찾기, 사서에게 추천 도서 묻기, 가족 독서 기록 남기기",4-7;8-10,도서관;작은도서관;12751,청소년 푸르미르 작은도서관,서울특별시,용산구,작은도서관,토+일+법정공휴일,09:00,20:00,00:00,00:00,00:00,00:00,34,12751,0,0,5,14,서울특별시 용산구 이촌로71길 24,서울특별시 용산구청,02-749-0102,,,https://www.yslibrary.or.kr/small/index.do,2025-08-05,3020000,서울특별시 용산구
전국도서관표준데이터 작은도서관 필터,https://www.data.go.kr/data/15013109/standard.do,2025-08-26,place,마뜰작은도서관,작은도서관,안동시,경상북도 안동시 전거리1길 93,36.5592268,128.749606,마뜰작은도서관은(는) 아이의 독서 습관과 지역 탐험을 연결하는 동화 배경으로 사용할 수 있다.,도서관에서 책 속 주인공을 만나는 생활권 독서 동화,"책 표지 색깔 찾기, 사서에게 추천 도서 묻기, 가족 독서 기록 남기기",4-7;8-10,도서관;작은도서관;7010,마뜰작은도서관,경상북도,안동시,작은도서관,토+일+국가지정 공휴일,10:00,17:00,00:00,00:00,00:00,00:00,25,7010,0,164,10,14,경상북도 안동시 전거리1길 93,마뜰 작은도서관,054-822-8383,1975,944.29,https://lib.andong.go.kr/andonglibrary/html.do?menu_idx=456,2025-08-26,5070000,경상북도 안동시
전국도서관표준데이터 작은도서관 필터,https://www.data.go.kr/data/15013109/standard.do,2025-08-26,place,어깨동무작은도서관,작은도서관,안동시,경상북도 안동시 와룡면 퇴계로 826,36.61642938,128.767288,어깨동무작은도서관은(는) 아이의 독서 습관과 지역 탐험을 연결하는 동화 배경으로 사용할 수 있다.,도서관에서 책 속 주인공을 만나는 생활권 독서 동화,"책 표지 색깔 찾기, 사서에게 추천 도서 묻기, 가족 독서 기록 남기기",4-7;8-10,도서관;작은도서관;8445,어깨동무작은도서관,경상북도,안동시,작은도서관,월+목+국가지정 공휴일,10:00,17:00,10:00,17:00,00:00,00:00,24,8445,2,0,10,14,경상북도 안동시 와룡면 퇴계로 826,어깨동무 작은도서관,054-859-6477,999,225.87,https://lib.andong.go.kr/andonglibrary/html.do?menu_idx=457,2025-08-26,5070000,경상북도 안동시
전국도서관표준데이터 작은도서관 필터,https://www.data.go.kr/data/15013109/standard.do,2025-08-26,place,IBK기업은행과 함께하는 책읽는 기쁨 작은도서관,작은도서관,안동시,경상북도 안동시 제비원로 93,36.56045844,128.720276,IBK기업은행과 함께하는 책읽는 기쁨 작은도서관은(는) 아이의 독서 습관과 지역 탐험을 연결하는 동화 배경으로 사용할 수 있다.,도서관에서 책 속 주인공을 만나는 생활권 독서 동화,"책 표지 색깔 찾기, 사서에게 추천 도서 묻기, 가족 독서 기록 남기기",4-7;8-10,도서관;작은도서관;4108,IBK기업은행과 함께하는 책읽는 기쁨 작은도서관,경상북도,안동시,작은도서관,토+일+국가지정 공휴일,09:00,18:00,00:00,00:00,00:00,00:00,30,4108,0,0,10,14,경상북도 안동시 제비원로 93,경상북도 안동시 평생교육과,054-840-3736,87.47,3094,https://lib.andong.go.kr/andonglibrary/html.do?menu_idx=458,2025-08-26,5070000,경상북도 안동시
전국도서관표준데이터 작은도서관 필터,https://www.data.go.kr/data/15013109/standard.do,2026-03-06,place,e편한세상월배작은도서관,작은도서관,달서구,"대구광역시 달서구 월성로 132(월성동, e편한세상월배)",35.82799291,128.5209136,e편한세상월배작은도서관은(는) 아이의 독서 습관과 지역 탐험을 연결하는 동화 배경으로 사용할 수 있다.,도서관에서 책 속 주인공을 만나는 생활권 독서 동화,"책 표지 색깔 찾기, 사서에게 추천 도서 묻기, 가족 독서 기록 남기기",4-7;8-10,도서관;작은도서관;6296,e편한세상월배작은도서관,대구광역시,달서구,작은도서관,수+토+일+법정공휴일,14:00,19:00,00:00,00:00,00:00,00:00,12,6296,0,0,3,7,"대구광역시 달서구 월성로 132(월성동, e편한세상월배)",,053-635-0917,,56.83,,2026-03-06,3470000,대구광역시 달서구
전국도서관표준데이터 작은도서관 필터,https://www.data.go.kr/data/15013109/standard.do,2026-03-06,place,레이크뷰행복작은도서관,작은도서관,달서구,"대구광역시 달서구 상화로58길 35(도원동, 서한이다음레이크)",35.8073306,128.546034,레이크뷰행복작은도서관은(는) 아이의 독서 습관과 지역 탐험을 연결하는 동화 배경으로 사용할 수 있다.,도서관에서 책 속 주인공을 만나는 생활권 독서 동화,"책 표지 색깔 찾기, 사서에게 추천 도서 묻기, 가족 독서 기록 남기기",4-7;8-10,도서관;작은도서관;10772,레이크뷰행복작은도서관,대구광역시,달서구,작은도서관,일+법정공휴일,10:00,18:00,20:00,22:00,00:00,00:00,26,10772,2,6,3,7,"대구광역시 달서구 상화로58길 35(도원동, 서한이다음레이크)",,053-638-3434,,70.9,,2026-03-06,3470000,대구광역시 달서구
전국도서관표준데이터 작은도서관 필터,https://www.data.go.kr/data/15013109/standard.do,2026-03-06,place,월배아이파크1차아이빛도서관,작은도서관,달서구,"대구광역시 달서구 조암남로 182(유천동, 월배아이파크1차)",35.81580647,128.5147196,월배아이파크1차아이빛도서관은(는) 아이의 독서 습관과 지역 탐험을 연결하는 동화 배경으로 사용할 수 있다.,도서관에서 책 속 주인공을 만나는 생활권 독서 동화,"책 표지 색깔 찾기, 사서에게 추천 도서 묻기, 가족 독서 기록 남기기",4-7;8-10,도서관;작은도서관;12989,월배아이파크1차아이빛도서관,대구광역시,달서구,작은도서관,일+법정공휴일,10:00,21:00,09:00,17:00,00:00,00:00,60,12989,2,0,4,7,"대구광역시 달서구 조암남로 182(유천동, 월배아이파크1차)",,053-643-7917,,195,,2026-03-06,3470000,대구광역시 달서구
전국도서관표준데이터 작은도서관 필터,https://www.data.go.kr/data/15013109/standard.do,2025-11-28,place,야로작은도서관,작은도서관,합천군,경상남도 합천군 야로면 가야산로 341,35.704862,128.168508,야로작은도서관은(는) 아이의 독서 습관과 지역 탐험을 연결하는 동화 배경으로 사용할 수 있다.,도서관에서 책 속 주인공을 만나는 생활권 독서 동화,"책 표지 색깔 찾기, 사서에게 추천 도서 묻기, 가족 독서 기록 남기기",4-7;8-10,도서관;작은도서관;7943,야로작은도서관,경상남도,합천군,작은도서관,토+일+공휴일,10:00,19:00,00:00,00:00,00:00,00:00,18,7943,0,12,7943,14,경상남도 합천군 야로면 가야산로 341,야로작은도서관,055-933-4306,,185.12,,2025-11-28,5480000,경상남도 합천군
전국도서관표준데이터 작은도서관 필터,https://www.data.go.kr/data/15013109/standard.do,2025-11-28,place,꿈키움작은도서관,작은도서관,합천군,경상남도 합천군 초계면 초계중앙로 45-2,35.55949883,128.265426,꿈키움작은도서관은(는) 아이의 독서 습관과 지역 탐험을 연결하는 동화 배경으로 사용할 수 있다.,도서관에서 책 속 주인공을 만나는 생활권 독서 동화,"책 표지 색깔 찾기, 사서에게 추천 도서 묻기, 가족 독서 기록 남기기",4-7;8-10,도서관;작은도서관;3290,꿈키움작은도서관,경상남도,합천군,작은도서관,토+일+공휴일,10:00,19:00,00:00,00:00,00:00,00:00,10,3290,0,0,3290,14,경상남도 합천군 초계면 초계중앙로 45-2,초계지역아동센터,055-933-1129,,33.27,https://www.crezone.net,2025-11-28,5480000,경상남도 합천군
전국도서관표준데이터 작은도서관 필터,https://www.data.go.kr/data/15013109/standard.do,2025-11-28,place,초계작은도서관,작은도서관,합천군,경상남도 합천군 초계면 동부로 1240,35.55657331,128.2719213,초계작은도서관은(는) 아이의 독서 습관과 지역 탐험을 연결하는 동화 배경으로 사용할 수 있다.,도서관에서 책 속 주인공을 만나는 생활권 독서 동화,"책 표지 색깔 찾기, 사서에게 추천 도서 묻기, 가족 독서 기록 남기기",4-7;8-10,도서관;작은도서관;3342,초계작은도서관,경상남도,합천군,작은도서관,월+일+공휴일,10:00,19:00,10:00,19:00,00:00,00:00,16,3342,0,0,3342,14,경상남도 합천군 초계면 동부로 1240,초계작은도서관,055-930-4071,435.94,99.84,,2025-11-28,5480000,경상남도 합천군
전국도서관표준데이터 작은도서관 필터,https://www.data.go.kr/data/15013109/standard.do,2025-11-28,place,미가람 작은도서관,작은도서관,합천군,경상남도 합천군 합천읍 서산길 69-14,35.5749304,128.1449412,미가람 작은도서관은(는) 아이의 독서 습관과 지역 탐험을 연결하는 동화 배경으로 사용할 수 있다.,도서관에서 책 속 주인공을 만나는 생활권 독서 동화,"책 표지 색깔 찾기, 사서에게 추천 도서 묻기, 가족 독서 기록 남기기",4-7;8-10,도서관;작은도서관;1287,미가람 작은도서관,경상남도,합천군,작은도서관,연중무휴,13:00,18:00,13:00,18:00,13:00,18:00,15,1287,3,1,1287,14,경상남도 합천군 합천읍 서산길 69-14,미가람 작은도서관,,,75,,2025-11-28,5480000,경상남도 합천군
전국도서관표준데이터 작은도서관 필터,https://www.data.go.kr/data/15013109/standard.do,2025-06-10,place,해양동 작은도서관,작은도서관,안산시,경기도 안산시 상록구 해양로 8(사동),37.29473547,126.8200502,해양동 작은도서관은(는) 아이의 독서 습관과 지역 탐험을 연결하는 동화 배경으로 사용할 수 있다.,도서관에서 책 속 주인공을 만나는 생활권 독서 동화,"책 표지 색깔 찾기, 사서에게 추천 도서 묻기, 가족 독서 기록 남기기",4-7;8-10,도서관;작은도서관;10039,해양동 작은도서관,경기도,안산시,작은도서관,매주토요일+국가지정공휴일+추석연휴+설날연휴,09:00,18:00,00:00,00:00,00:00,00:00,26,10039,9,0,10,14,경기도 안산시 상록구 해양로 8(사동),안산시 감골도서관,031-481-5774,101.6,101.06,http://lib.ansan.go.kr,2025-06-10,3930000,경기도 안산시
전국도서관표준데이터 작은도서관 필터,https://www.data.go.kr/data/15013109/standard.do,2025-06-01,place,대구학생문화센터 도서실,작은도서관,달서구,대구광역시 달서구 용산로 181,35.85302346,128.5295222,대구학생문화센터 도서실은(는) 아이의 독서 습관과 지역 탐험을 연결하는 동화 배경으로 사용할 수 있다.,도서관에서 책 속 주인공을 만나는 생활권 독서 동화,"책 표지 색깔 찾기, 사서에게 추천 도서 묻기, 가족 독서 기록 남기기",4-7;8-10,도서관;작은도서관;83259,대구학생문화센터 도서실,대구광역시,달서구,작은도서관,토+일+공휴일,09:00,18:00,00:00,00:00,00:00,00:00,70,83259,140,0,10,15,대구광역시 달서구 용산로 181,대구학생문화센터,053-231-1291,25768,443,http://www.dge.go.kr/dccs,2025-06-01,7240195,대구광역시교육청 대구학생문화센터
전국도서관표준데이터 작은도서관 필터,https://www.data.go.kr/data/15013109/standard.do,2025-12-26,place,대치1작은도서관,작은도서관,강남구,서울특별시 강남구 남부순환로391길 19 (대치1문화센터 지하1층),37.49324481,127.056775,대치1작은도서관은(는) 아이의 독서 습관과 지역 탐험을 연결하는 동화 배경으로 사용할 수 있다.,도서관에서 책 속 주인공을 만나는 생활권 독서 동화,"책 표지 색깔 찾기, 사서에게 추천 도서 묻기, 가족 독서 기록 남기기",4-7;8-10,도서관;작은도서관;22264,대치1작은도서관,서울특별시,강남구,작은도서관,첫째 주 월+셋째 주 월+일요일을 제외한 법정공휴일,09:00,18:00,09:00,17:00,09:00,18:00,26,22264,4,0,5,14,서울특별시 강남구 남부순환로391길 19 (대치1문화센터 지하1층),,02-3452-1170,,,https://library.gangnam.go.kr/dch1lib/index.do,2025-12-26,3220000,서울특별시 강남구
전국도서관표준데이터 작은도서관 필터,https://www.data.go.kr/data/15013109/standard.do,2026-03-06,place,두산미소도서관,작은도서관,달서구,대구광역시 달서구 당산로 82 (성당동),35.84489764,128.546137,두산미소도서관은(는) 아이의 독서 습관과 지역 탐험을 연결하는 동화 배경으로 사용할 수 있다.,도서관에서 책 속 주인공을 만나는 생활권 독서 동화,"책 표지 색깔 찾기, 사서에게 추천 도서 묻기, 가족 독서 기록 남기기",4-7;8-10,도서관;작은도서관;7145,두산미소도서관,대구광역시,달서구,작은도서관,토+일+법정공휴일,13:30,17:30,00:00,00:00,00:00,00:00,12,7145,2,0,5,5,대구광역시 달서구 당산로 82 (성당동),,070-8196-9811,,43,,2026-03-06,3470000,대구광역시 달서구
전국도서관표준데이터 작은도서관 필터,https://www.data.go.kr/data/15013109/standard.do,2026-03-06,place,새하늘작은도서관,작은도서관,달서구,대구광역시 달서구 도원로서길 7 (도원동),35.80775982,128.5347948,새하늘작은도서관은(는) 아이의 독서 습관과 지역 탐험을 연결하는 동화 배경으로 사용할 수 있다.,도서관에서 책 속 주인공을 만나는 생활권 독서 동화,"책 표지 색깔 찾기, 사서에게 추천 도서 묻기, 가족 독서 기록 남기기",4-7;8-10,도서관;작은도서관;4773,새하늘작은도서관,대구광역시,달서구,작은도서관,월+일+법정공휴일,10:00,18:00,10:00,18:00,00:00,00:00,24,4773,0,3,3,7,대구광역시 달서구 도원로서길 7 (도원동),,053-634-1530,,34.65,,2026-03-06,3470000,대구광역시 달서구
전국도서관표준데이터 작은도서관 필터,https://www.data.go.kr/data/15013109/standard.do,2026-03-06,place,책으로꿈꾸는작은도서관,작은도서관,달서구,대구광역시 달서구 용산로 160,35.84986759,128.5312919,책으로꿈꾸는작은도서관은(는) 아이의 독서 습관과 지역 탐험을 연결하는 동화 배경으로 사용할 수 있다.,도서관에서 책 속 주인공을 만나는 생활권 독서 동화,"책 표지 색깔 찾기, 사서에게 추천 도서 묻기, 가족 독서 기록 남기기",4-7;8-10,도서관;작은도서관;6489,책으로꿈꾸는작은도서관,대구광역시,달서구,작은도서관,토+일+법정공휴일,13:30,18:00,00:00,00:00,00:00,00:00,12,6489,1,0,3,8,대구광역시 달서구 용산로 160,,053-565-7900,,42.3,,2026-03-06,3470000,대구광역시 달서구
전국도서관표준데이터 작은도서관 필터,https://www.data.go.kr/data/15013109/standard.do,2026-03-06,place,월성e-편한세상작은도서관,작은도서관,달서구,대구광역시 달서구 조암남로 10(월성동),35.82464895,128.5291202,월성e-편한세상작은도서관은(는) 아이의 독서 습관과 지역 탐험을 연결하는 동화 배경으로 사용할 수 있다.,도서관에서 책 속 주인공을 만나는 생활권 독서 동화,"책 표지 색깔 찾기, 사서에게 추천 도서 묻기, 가족 독서 기록 남기기",4-7;8-10,도서관;작은도서관;11000,월성e-편한세상작은도서관,대구광역시,달서구,작은도서관,토+일+법정공휴일,14:00,16:00,00:00,00:00,00:00,00:00,16,11000,0,0,5,7,대구광역시 달서구 조암남로 10(월성동),,053-639-5780,,53.2,,2026-03-06,3470000,대구광역시 달서구
전국도서관표준데이터 작은도서관 필터,https://www.data.go.kr/data/15013109/standard.do,2026-03-06,place,감새미작은도서관,작은도서관,달서구,대구광역시 달서구 당산로21길 17(감삼동),35.84707944,128.5440265,감새미작은도서관은(는) 아이의 독서 습관과 지역 탐험을 연결하는 동화 배경으로 사용할 수 있다.,도서관에서 책 속 주인공을 만나는 생활권 독서 동화,"책 표지 색깔 찾기, 사서에게 추천 도서 묻기, 가족 독서 기록 남기기",4-7;8-10,도서관;작은도서관;10565,감새미작은도서관,대구광역시,달서구,작은도서관,일+법정공휴일,14:00,19:00,11:00,15:00,00:00,00:00,50,10565,0,500,2,7,대구광역시 달서구 당산로21길 17(감삼동),,053-624-2605,,63,,2026-03-06,3470000,대구광역시 달서구
전국도서관표준데이터 작은도서관 필터,https://www.data.go.kr/data/15013109/standard.do,2026-03-06,place,작은빛도서관,작은도서관,달서구,대구광역시 달서구 구마로 176(본동),35.83686255,128.547067,작은빛도서관은(는) 아이의 독서 습관과 지역 탐험을 연결하는 동화 배경으로 사용할 수 있다.,도서관에서 책 속 주인공을 만나는 생활권 독서 동화,"책 표지 색깔 찾기, 사서에게 추천 도서 묻기, 가족 독서 기록 남기기",4-7;8-10,도서관;작은도서관;4000,작은빛도서관,대구광역시,달서구,작은도서관,토+일+법정공휴일,14:00,20:00,00:00,00:00,00:00,00:00,20,4000,3,0,3,10,대구광역시 달서구 구마로 176(본동),,053-559-0303,,60,,2026-03-06,3470000,대구광역시 달서구
전국도서관표준데이터 작은도서관 필터,https://www.data.go.kr/data/15013109/standard.do,2026-03-06,place,작은숲도서관,작은도서관,달서구,대구광역시 달서구 선원로 30-10(신당동),35.85888255,128.4951242,작은숲도서관은(는) 아이의 독서 습관과 지역 탐험을 연결하는 동화 배경으로 사용할 수 있다.,도서관에서 책 속 주인공을 만나는 생활권 독서 동화,"책 표지 색깔 찾기, 사서에게 추천 도서 묻기, 가족 독서 기록 남기기",4-7;8-10,도서관;작은도서관;8180,작은숲도서관,대구광역시,달서구,작은도서관,일+법정공휴일,09:00,20:00,09:00,18:00,00:00,00:00,30,8180,10,0,0,0,대구광역시 달서구 선원로 30-10(신당동),,053-587-7902,,60.8,,2026-03-06,3470000,대구광역시 달서구
전국도서관표준데이터 작은도서관 필터,https://www.data.go.kr/data/15013109/standard.do,2026-03-06,place,옷박골작은도서관,작은도서관,달서구,"대구광역시 달서구 용산로 259(용산동, 용산파크타운)",35.86060121,128.5295257,옷박골작은도서관은(는) 아이의 독서 습관과 지역 탐험을 연결하는 동화 배경으로 사용할 수 있다.,도서관에서 책 속 주인공을 만나는 생활권 독서 동화,"책 표지 색깔 찾기, 사서에게 추천 도서 묻기, 가족 독서 기록 남기기",4-7;8-10,도서관;작은도서관;3176,옷박골작은도서관,대구광역시,달서구,작은도서관,일+법정공휴일,09:30,18:00,09:00,18:00,00:00,00:00,20,3176,2,0,4,8,"대구광역시 달서구 용산로 259(용산동, 용산파크타운)",,053-525-0141,,41.52,,2026-03-06,3470000,대구광역시 달서구
전국도서관표준데이터 작은도서관 필터,https://www.data.go.kr/data/15013109/standard.do,2024-12-06,place,진월작은도서관,작은도서관,남구,광주광역시 남구 서문대로 693,35.12120609,126.8984467,진월작은도서관은(는) 아이의 독서 습관과 지역 탐험을 연결하는 동화 배경으로 사용할 수 있다.,도서관에서 책 속 주인공을 만나는 생활권 독서 동화,"책 표지 색깔 찾기, 사서에게 추천 도서 묻기, 가족 독서 기록 남기기",4-7;8-10,도서관;작은도서관;9801,진월작은도서관,광주광역시,남구,작은도서관,일+공휴일,10:00,18:00,10:00,17:00,00:00,00:00,50,9801,0,0,3,14,광주광역시 남구 서문대로 693,광주대학교산학협력단,062-673-9788,,124,,2024-12-06,3610000,광주광역시 남구
전국도서관표준데이터 작은도서관 필터,https://www.data.go.kr/data/15013109/standard.do,2024-12-06,place,양림동역사문화작은도서관,작은도서관,남구,광주광역시 남구 백서로 94,35.14050648,126.9164232,양림동역사문화작은도서관은(는) 아이의 독서 습관과 지역 탐험을 연결하는 동화 배경으로 사용할 수 있다.,도서관에서 책 속 주인공을 만나는 생활권 독서 동화,"책 표지 색깔 찾기, 사서에게 추천 도서 묻기, 가족 독서 기록 남기기",4-7;8-10,도서관;작은도서관;5678,양림동역사문화작은도서관,광주광역시,남구,작은도서관,일+공휴일,10:00,18:00,10:00,16:00,00:00,00:00,34,5678,0,0,3,14,광주광역시 남구 백서로 94,양림동주민자치회,062-671-7216,,114,,2024-12-06,3610000,광주광역시 남구
전국도서관표준데이터 작은도서관 필터,https://www.data.go.kr/data/15013109/standard.do,2024-12-06,place,효나눔작은도서관,작은도서관,남구,광주광역시 남구 화산로 15,35.11227283,126.8984361,효나눔작은도서관은(는) 아이의 독서 습관과 지역 탐험을 연결하는 동화 배경으로 사용할 수 있다.,도서관에서 책 속 주인공을 만나는 생활권 독서 동화,"책 표지 색깔 찾기, 사서에게 추천 도서 묻기, 가족 독서 기록 남기기",4-7;8-10,도서관;작은도서관;6431,효나눔작은도서관,광주광역시,남구,작은도서관,토+일+공휴일,09:00,17:00,00:00,00:00,00:00,00:00,10,6431,1,0,3,15,광주광역시 남구 화산로 15,광주광역시 남구청,062-607-4847,,48.09,,2024-12-06,3610000,광주광역시 남구
전국도서관표준데이터 작은도서관 필터,https://www.data.go.kr/data/15013109/standard.do,2024-12-06,place,봉선2동작은도서관,작은도서관,남구,광주광역시 남구 봉선로 189,35.123209,126.9159056908,봉선2동작은도서관은(는) 아이의 독서 습관과 지역 탐험을 연결하는 동화 배경으로 사용할 수 있다.,도서관에서 책 속 주인공을 만나는 생활권 독서 동화,"책 표지 색깔 찾기, 사서에게 추천 도서 묻기, 가족 독서 기록 남기기",4-7;8-10,도서관;작은도서관;2920,봉선2동작은도서관,광주광역시,남구,작은도서관,토+일+공휴일,09:00,22:00,00:00,00:00,00:00,00:00,47,2920,0,0,3,15,광주광역시 남구 봉선로 189,광주광역시 남구청,062-607-4623,,100,,2024-12-06,3610000,광주광역시 남구
전국도서관표준데이터 작은도서관 필터,https://www.data.go.kr/data/15013109/standard.do,2024-12-06,place,남구노인복지관작은도서관,작은도서관,남구,광주광역시 남구 대남대로308번길 32,35.14169021,126.8970677,남구노인복지관작은도서관은(는) 아이의 독서 습관과 지역 탐험을 연결하는 동화 배경으로 사용할 수 있다.,도서관에서 책 속 주인공을 만나는 생활권 독서 동화,"책 표지 색깔 찾기, 사서에게 추천 도서 묻기, 가족 독서 기록 남기기",4-7;8-10,도서관;작은도서관;3000,남구노인복지관작은도서관,광주광역시,남구,작은도서관,토+일+공휴일,09:00,18:00,00:00,00:00,00:00,00:00,27,3000,0,0,3,14,광주광역시 남구 대남대로308번길 32,광주노인복지관,062-367-3223,,115,,2024-12-06,3610000,광주광역시 남구
전국도서관표준데이터 작은도서관 필터,https://www.data.go.kr/data/15013109/standard.do,2024-12-06,place,생각나눔작은도서관,작은도서관,남구,광주광역시 남구 봉선중길 24,35.1299778,126.9135122,생각나눔작은도서관은(는) 아이의 독서 습관과 지역 탐험을 연결하는 동화 배경으로 사용할 수 있다.,도서관에서 책 속 주인공을 만나는 생활권 독서 동화,"책 표지 색깔 찾기, 사서에게 추천 도서 묻기, 가족 독서 기록 남기기",4-7;8-10,도서관;작은도서관;2063,생각나눔작은도서관,광주광역시,남구,작은도서관,토+일+공휴일,10:00,18:00,00:00,00:00,00:00,00:00,8,2063,0,0,5,14,광주광역시 남구 봉선중길 24,노창만,062-676-8520,,66.28,,2024-12-06,3610000,광주광역시 남구
전국도서관표준데이터 작은도서관 필터,https://www.data.go.kr/data/15013109/standard.do,2024-12-06,place,은새암작은도서관,작은도서관,남구,광주광역시 남구 중앙로107번길 15,35.1470732343,126.9100956789,은새암작은도서관은(는) 아이의 독서 습관과 지역 탐험을 연결하는 동화 배경으로 사용할 수 있다.,도서관에서 책 속 주인공을 만나는 생활권 독서 동화,"책 표지 색깔 찾기, 사서에게 추천 도서 묻기, 가족 독서 기록 남기기",4-7;8-10,도서관;작은도서관;5267,은새암작은도서관,광주광역시,남구,작은도서관,토+일+공휴일,09:00,17:00,00:00,00:00,00:00,00:00,30,5267,0,0,0,0,광주광역시 남구 중앙로107번길 15,광주여성가족재단,062-670-0534,,60,,2024-12-06,3610000,광주광역시 남구
전국도서관표준데이터 작은도서관 필터,https://www.data.go.kr/data/15013109/standard.do,2024-12-06,place,LH송화포에버작은도서관,작은도서관,남구,광주광역시 남구 효우로 60번길 9,35.10717945,126.9038214,LH송화포에버작은도서관은(는) 아이의 독서 습관과 지역 탐험을 연결하는 동화 배경으로 사용할 수 있다.,도서관에서 책 속 주인공을 만나는 생활권 독서 동화,"책 표지 색깔 찾기, 사서에게 추천 도서 묻기, 가족 독서 기록 남기기",4-7;8-10,도서관;작은도서관;1512,LH송화포에버작은도서관,광주광역시,남구,작은도서관,토+일+공휴일,14:00,18:00,00:00,00:00,00:00,00:00,12,1512,0,0,0,0,광주광역시 남구 효우로 60번길 9,송화마을4단지아파트,062-675-0147,,113.7,,2024-12-06,3610000,광주광역시 남구
전국도서관표준데이터 작은도서관 필터,https://www.data.go.kr/data/15013109/standard.do,2024-12-06,place,베라체작은도서관,작은도서관,남구,광주광역시 남구 회재로 211,35.08369453,126.8295177,베라체작은도서관은(는) 아이의 독서 습관과 지역 탐험을 연결하는 동화 배경으로 사용할 수 있다.,도서관에서 책 속 주인공을 만나는 생활권 독서 동화,"책 표지 색깔 찾기, 사서에게 추천 도서 묻기, 가족 독서 기록 남기기",4-7;8-10,도서관;작은도서관;2989,베라체작은도서관,광주광역시,남구,작은도서관,일+공휴일,10:00,18:00,10:00,12:00,00:00,00:00,26,2989,0,0,3,7,광주광역시 남구 회재로 211,한일베라체아파트,062-373-0899,,72.2,,2024-12-06,3610000,광주광역시 남구
전국도서관표준데이터 작은도서관 필터,https://www.data.go.kr/data/15013109/standard.do,2024-12-06,place,꿈사랑작은도서관,작은도서관,남구,광주광역시 남구 대남대로 63,35.13528092,126.9178827,꿈사랑작은도서관은(는) 아이의 독서 습관과 지역 탐험을 연결하는 동화 배경으로 사용할 수 있다.,도서관에서 책 속 주인공을 만나는 생활권 독서 동화,"책 표지 색깔 찾기, 사서에게 추천 도서 묻기, 가족 독서 기록 남기기",4-7;8-10,도서관;작은도서관;4100,꿈사랑작은도서관,광주광역시,남구,작은도서관,일+공휴일,09:00,18:00,09:00,17:00,00:00,00:00,16,4100,0,0,3,7,광주광역시 남구 대남대로 63,최용남,062-412-9142,,83,,2024-12-06,3610000,광주광역시 남구
전국도서관표준데이터 작은도서관 필터,https://www.data.go.kr/data/15013109/standard.do,2024-12-06,place,무등산센트럴파크작은도서관,작은도서관,남구,광주광역시 남구 방림로 31,35.13468358,126.9198852,무등산센트럴파크작은도서관은(는) 아이의 독서 습관과 지역 탐험을 연결하는 동화 배경으로 사용할 수 있다.,도서관에서 책 속 주인공을 만나는 생활권 독서 동화,"책 표지 색깔 찾기, 사서에게 추천 도서 묻기, 가족 독서 기록 남기기",4-7;8-10,도서관;작은도서관;4188,무등산센트럴파크작은도서관,광주광역시,남구,작은도서관,토+일+공휴일,09:00,18:00,00:00,00:00,00:00,00:00,24,4188,0,0,0,0,광주광역시 남구 방림로 31,방림휴먼시아아파트,062-675-7766,,69,,2024-12-06,3610000,광주광역시 남구
전국도서관표준데이터 작은도서관 필터,https://www.data.go.kr/data/15013109/standard.do,2024-12-06,place,LH반딧불작은도서관,작은도서관,남구,광주광역시 남구 백운로 100,35.14238102,126.9068774,LH반딧불작은도서관은(는) 아이의 독서 습관과 지역 탐험을 연결하는 동화 배경으로 사용할 수 있다.,도서관에서 책 속 주인공을 만나는 생활권 독서 동화,"책 표지 색깔 찾기, 사서에게 추천 도서 묻기, 가족 독서 기록 남기기",4-7;8-10,도서관;작은도서관;2000,LH반딧불작은도서관,광주광역시,남구,작은도서관,토+일+공휴일,10:00,17:30,00:00,00:00,00:00,00:00,20,2000,0,0,0,0,광주광역시 남구 백운로 100,백운3휴먼시아아파트,062-671-5554,,40,,2024-12-06,3610000,광주광역시 남구
전국도서관표준데이터 작은도서관 필터,https://www.data.go.kr/data/15013109/standard.do,2024-12-06,place,오손도손작은도서관,작은도서관,남구,광주광역시 남구 독립로80번길 7,35.1427754,126.9041534,오손도손작은도서관은(는) 아이의 독서 습관과 지역 탐험을 연결하는 동화 배경으로 사용할 수 있다.,도서관에서 책 속 주인공을 만나는 생활권 독서 동화,"책 표지 색깔 찾기, 사서에게 추천 도서 묻기, 가족 독서 기록 남기기",4-7;8-10,도서관;작은도서관;2746,오손도손작은도서관,광주광역시,남구,작은도서관,토+일+공휴일,10:00,18:00,00:00,00:00,00:00,00:00,30,2746,0,0,3,14,광주광역시 남구 독립로80번길 7,백운1휴먼시아아파트,062-675-6566,,104,,2024-12-06,3610000,광주광역시 남구
전국도서관표준데이터 작은도서관 필터,https://www.data.go.kr/data/15013109/standard.do,2024-12-06,place,행복문화작은도서관,작은도서관,남구,광주광역시 남구 독립로53번길 10,35.13848716,126.9008898,행복문화작은도서관은(는) 아이의 독서 습관과 지역 탐험을 연결하는 동화 배경으로 사용할 수 있다.,도서관에서 책 속 주인공을 만나는 생활권 독서 동화,"책 표지 색깔 찾기, 사서에게 추천 도서 묻기, 가족 독서 기록 남기기",4-7;8-10,도서관;작은도서관;1036,행복문화작은도서관,광주광역시,남구,작은도서관,토+일+공휴일,14:00,18:00,00:00,00:00,00:00,00:00,20,1036,0,0,0,0,광주광역시 남구 독립로53번길 10,사단법인행복문화재단,062-675-5856,,91,,2024-12-06,3610000,광주광역시 남구
전국도서관표준데이터 작은도서관 필터,https://www.data.go.kr/data/15013109/standard.do,2024-12-06,place,흰구름작은도서관,작은도서관,남구,광주광역시 남구 진다리로6번가길 13,35.13655019,126.9037505,흰구름작은도서관은(는) 아이의 독서 습관과 지역 탐험을 연결하는 동화 배경으로 사용할 수 있다.,도서관에서 책 속 주인공을 만나는 생활권 독서 동화,"책 표지 색깔 찾기, 사서에게 추천 도서 묻기, 가족 독서 기록 남기기",4-7;8-10,도서관;작은도서관;2500,흰구름작은도서관,광주광역시,남구,작은도서관,토+일+공휴일,09:00,18:00,00:00,00:00,00:00,00:00,10,2500,0,0,0,0,광주광역시 남구 진다리로6번가길 13,흰구름어린이집,062-652-1319,,39,,2024-12-06,3610000,광주광역시 남구
전국도서관표준데이터 작은도서관 필터,https://www.data.go.kr/data/15013109/standard.do,2024-12-06,place,힐스테이트백운작은도서관,작은도서관,남구,광주광역시 남구 회재로1293번길 7,35.13665692,126.9006318,힐스테이트백운작은도서관은(는) 아이의 독서 습관과 지역 탐험을 연결하는 동화 배경으로 사용할 수 있다.,도서관에서 책 속 주인공을 만나는 생활권 독서 동화,"책 표지 색깔 찾기, 사서에게 추천 도서 묻기, 가족 독서 기록 남기기",4-7;8-10,도서관;작은도서관;2258,힐스테이트백운작은도서관,광주광역시,남구,작은도서관,토+일+공휴일,09:00,18:00,00:00,00:00,00:00,00:00,22,2258,0,0,0,0,광주광역시 남구 회재로1293번길 7,백운힐스테이트1단지아파트,062-671-9981,,38.9183,,2024-12-06,3610000,광주광역시 남구
전국도서관표준데이터 작은도서관 필터,https://www.data.go.kr/data/15013109/standard.do,2024-12-06,place,로뎀작은도서관,작은도서관,남구,광주광역시 남구 봉선중앙로131번길 10,35.1332327181,126.9093036,로뎀작은도서관은(는) 아이의 독서 습관과 지역 탐험을 연결하는 동화 배경으로 사용할 수 있다.,도서관에서 책 속 주인공을 만나는 생활권 독서 동화,"책 표지 색깔 찾기, 사서에게 추천 도서 묻기, 가족 독서 기록 남기기",4-7;8-10,도서관;작은도서관;6000,로뎀작은도서관,광주광역시,남구,작은도서관,공휴일,09:30,17:30,09:30,13:00,10:00,13:00,12,6000,2,0,3,14,광주광역시 남구 봉선중앙로131번길 10,임마누엘교회,062-673-4003,,33,,2024-12-06,3610000,광주광역시 남구
전국도서관표준데이터 작은도서관 필터,https://www.data.go.kr/data/15013109/standard.do,2024-12-06,place,꿈쟁이작은도서관,작은도서관,남구,광주광역시 남구 오방로 33-9,35.12809186,126.9189986,꿈쟁이작은도서관은(는) 아이의 독서 습관과 지역 탐험을 연결하는 동화 배경으로 사용할 수 있다.,도서관에서 책 속 주인공을 만나는 생활권 독서 동화,"책 표지 색깔 찾기, 사서에게 추천 도서 묻기, 가족 독서 기록 남기기",4-7;8-10,도서관;작은도서관;2500,꿈쟁이작은도서관,광주광역시,남구,작은도서관,일+공휴일,09:30,18:00,09:30,13:00,00:00,00:00,20,2500,0,0,0,0,광주광역시 남구 오방로 33-9,주향교회,062-676-1091,,36,,2024-12-06,3610000,광주광역시 남구
전국도서관표준데이터 작은도서관 필터,https://www.data.go.kr/data/15013109/standard.do,2024-12-06,place,남구도시첨단남해오네뜨작은도서관,작은도서관,남구,광주광역시 남구 도시첨단산업로 34,35.0899879631,126.8299019959,남구도시첨단남해오네뜨작은도서관은(는) 아이의 독서 습관과 지역 탐험을 연결하는 동화 배경으로 사용할 수 있다.,도서관에서 책 속 주인공을 만나는 생활권 독서 동화,"책 표지 색깔 찾기, 사서에게 추천 도서 묻기, 가족 독서 기록 남기기",4-7;8-10,도서관;작은도서관;1000,남구도시첨단남해오네뜨작은도서관,광주광역시,남구,작은도서관,일+공휴일,07:00,12:00,07:00,12:00,00:00,00:00,16,1000,0,0,0,0,광주광역시 남구 도시첨단산업로 34,㈜대호안전관리공사,062-385-8543,,51.66,,2024-12-06,3610000,광주광역시 남구
전국도서관표준데이터 작은도서관 필터,https://www.data.go.kr/data/15013109/standard.do,2025-03-13,place,청개구리작은도서관,작은도서관,금천구,"서울특별시 금천구 독산로 317, 3층",37.47513218,126.9031745,청개구리작은도서관은(는) 아이의 독서 습관과 지역 탐험을 연결하는 동화 배경으로 사용할 수 있다.,도서관에서 책 속 주인공을 만나는 생활권 독서 동화,"책 표지 색깔 찾기, 사서에게 추천 도서 묻기, 가족 독서 기록 남기기",4-7;8-10,도서관;작은도서관;12172,청개구리작은도서관,서울특별시,금천구,작은도서관,월요일+일요일+법정공휴일,10:00,20:00,10:00,14:30,00:00,00:00,20,12172,0,0,10,14,"서울특별시 금천구 독산로 317, 3층",금천문화재단,02-2104-5606,,104,https://geumcheonlib.seoul.kr,2025-03-13,3170000,서울특별시 금천구
전국도서관표준데이터 작은도서관 필터,https://www.data.go.kr/data/15013109/standard.do,2025-03-13,place,산돌어린이도서관,작은도서관,금천구,"서울특별시 금천구 시흥대로75길 12, 산돌문화센타",37.45760055,126.898373,산돌어린이도서관은(는) 아이의 독서 습관과 지역 탐험을 연결하는 동화 배경으로 사용할 수 있다.,도서관에서 책 속 주인공을 만나는 생활권 독서 동화,"책 표지 색깔 찾기, 사서에게 추천 도서 묻기, 가족 독서 기록 남기기",4-7;8-10,도서관;작은도서관;13500,산돌어린이도서관,서울특별시,금천구,작은도서관,월요일+법정공휴일,13:00,18:00,13:00,18:00,10:00,15:00,150,13500,0,0,10,14,"서울특별시 금천구 시흥대로75길 12, 산돌문화센타",산돌어린이도서관,02-808-7902,,307,,2025-03-13,3170000,서울특별시 금천구
전국도서관표준데이터 작은도서관 필터,https://www.data.go.kr/data/15013109/standard.do,2025-03-13,place,샘솟는 작은도서관,작은도서관,금천구,서울특별시 금천구 독산로64길 15,37.46523095,126.9034346,샘솟는 작은도서관은(는) 아이의 독서 습관과 지역 탐험을 연결하는 동화 배경으로 사용할 수 있다.,도서관에서 책 속 주인공을 만나는 생활권 독서 동화,"책 표지 색깔 찾기, 사서에게 추천 도서 묻기, 가족 독서 기록 남기기",4-7;8-10,도서관;작은도서관;2300,샘솟는 작은도서관,서울특별시,금천구,작은도서관,토요일+일요일+법정공휴일,13:00,19:00,00:00,00:00,00:00,00:00,35,2300,0,0,10,14,서울특별시 금천구 독산로64길 15,샘솟는 작은도서관,02-854-0500,,79,,2025-03-13,3170000,서울특별시 금천구
전국도서관표준데이터 작은도서관 필터,https://www.data.go.kr/data/15013109/standard.do,2025-03-13,place,소망의나무어린이 작은도서관,작은도서관,금천구,서울특별시 금천구 금하로11길 14,37.45455245,126.9037964,소망의나무어린이 작은도서관은(는) 아이의 독서 습관과 지역 탐험을 연결하는 동화 배경으로 사용할 수 있다.,도서관에서 책 속 주인공을 만나는 생활권 독서 동화,"책 표지 색깔 찾기, 사서에게 추천 도서 묻기, 가족 독서 기록 남기기",4-7;8-10,도서관;작은도서관;7898,소망의나무어린이 작은도서관,서울특별시,금천구,작은도서관,일요일+법정공휴일,13:00,18:00,11:00,14:00,00:00,00:00,24,7898,0,0,10,14,서울특별시 금천구 금하로11길 14,소망의나무어린이 작은도서관,02-804-9596,,79,,2025-03-13,3170000,서울특별시 금천구
전국도서관표준데이터 작은도서관 필터,https://www.data.go.kr/data/15013109/standard.do,2025-03-13,place,우리울 작은도서관,작은도서관,금천구,서울특별시 금천구 범안로12가길 49,37.46493455,126.894003,우리울 작은도서관은(는) 아이의 독서 습관과 지역 탐험을 연결하는 동화 배경으로 사용할 수 있다.,도서관에서 책 속 주인공을 만나는 생활권 독서 동화,"책 표지 색깔 찾기, 사서에게 추천 도서 묻기, 가족 독서 기록 남기기",4-7;8-10,도서관;작은도서관;1343,우리울 작은도서관,서울특별시,금천구,작은도서관,토요일+일요일+법정공휴일,14:00,19:00,00:00,00:00,00:00,00:00,22,1343,0,0,10,14,서울특별시 금천구 범안로12가길 49,우리울 작은도서관,02-3286-8840,,59,,2025-03-13,3170000,서울특별시 금천구
전국도서관표준데이터 작은도서관 필터,https://www.data.go.kr/data/15013109/standard.do,2025-03-13,place,은행나무어린이도서관,작은도서관,금천구,서울특별시 금천구 탑골로 43,37.45205638,126.9139655,은행나무어린이도서관은(는) 아이의 독서 습관과 지역 탐험을 연결하는 동화 배경으로 사용할 수 있다.,도서관에서 책 속 주인공을 만나는 생활권 독서 동화,"책 표지 색깔 찾기, 사서에게 추천 도서 묻기, 가족 독서 기록 남기기",4-7;8-10,도서관;작은도서관;11989,은행나무어린이도서관,서울특별시,금천구,작은도서관,일요일+법정공휴일,10:00,18:00,13:00,18:00,00:00,00:00,50,11989,0,0,10,14,서울특별시 금천구 탑골로 43,은행나무어린이도서관,02-892-7894,,103,,2025-03-13,3170000,서울특별시 금천구
전국도서관표준데이터 작은도서관 필터,https://www.data.go.kr/data/15013109/standard.do,2025-03-13,place,지혜의숲 작은도서관,작은도서관,금천구,"서울특별시 금천구 시흥대로90길 25, 신일교회",37.46181446,126.8992884,지혜의숲 작은도서관은(는) 아이의 독서 습관과 지역 탐험을 연결하는 동화 배경으로 사용할 수 있다.,도서관에서 책 속 주인공을 만나는 생활권 독서 동화,"책 표지 색깔 찾기, 사서에게 추천 도서 묻기, 가족 독서 기록 남기기",4-7;8-10,도서관;작은도서관;11000,지혜의숲 작은도서관,서울특별시,금천구,작은도서관,토요일+일요일+법정공휴일,10:00,18:00,00:00,00:00,00:00,00:00,16,11000,0,0,10,14,"서울특별시 금천구 시흥대로90길 25, 신일교회",지혜의숲 작은도서관,070-4192-5822,,59,,2025-03-13,3170000,서울특별시 금천구
전국도서관표준데이터 작은도서관 필터,https://www.data.go.kr/data/15013109/standard.do,2025-03-13,place,행궁마을작은도서관,작은도서관,금천구,"서울특별시 금천구 금하로24길 6, 1층",37.4506729100,126.9082725000,행궁마을작은도서관은(는) 아이의 독서 습관과 지역 탐험을 연결하는 동화 배경으로 사용할 수 있다.,도서관에서 책 속 주인공을 만나는 생활권 독서 동화,"책 표지 색깔 찾기, 사서에게 추천 도서 묻기, 가족 독서 기록 남기기",4-7;8-10,도서관;작은도서관;6927,행궁마을작은도서관,서울특별시,금천구,작은도서관,토요일+일요일+법정공휴일,10:00,19:00,00:00,00:00,00:00,00:00,14,6927,0,0,10,14,"서울특별시 금천구 금하로24길 6, 1층",금천문화재단,02-2104-5728,,74,https://geumcheonlib.seoul.kr,2025-03-13,3170000,서울특별시 금천구
전국도서관표준데이터 작은도서관 필터,https://www.data.go.kr/data/15013109/standard.do,2025-03-13,place,도란도란작은도서관,작은도서관,금천구,"서울특별시 금천구 독산로36길 14, 1층",37.45897879,126.9061844,도란도란작은도서관은(는) 아이의 독서 습관과 지역 탐험을 연결하는 동화 배경으로 사용할 수 있다.,도서관에서 책 속 주인공을 만나는 생활권 독서 동화,"책 표지 색깔 찾기, 사서에게 추천 도서 묻기, 가족 독서 기록 남기기",4-7;8-10,도서관;작은도서관;12224,도란도란작은도서관,서울특별시,금천구,작은도서관,월요일+일요일+법정공휴일,10:00,20:00,10:00,14:30,00:00,00:00,14,12224,0,0,10,14,"서울특별시 금천구 독산로36길 14, 1층",금천문화재단,02-2104-5706,,38,https://geumcheonlib.seoul.kr,2025-03-13,3170000,서울특별시 금천구
전국도서관표준데이터 작은도서관 필터,https://www.data.go.kr/data/15013109/standard.do,2025-03-13,place,맑은누리작은도서관,작은도서관,금천구,서울특별시 금천구 금하로 668,37.453362,126.904163,맑은누리작은도서관은(는) 아이의 독서 습관과 지역 탐험을 연결하는 동화 배경으로 사용할 수 있다.,도서관에서 책 속 주인공을 만나는 생활권 독서 동화,"책 표지 색깔 찾기, 사서에게 추천 도서 묻기, 가족 독서 기록 남기기",4-7;8-10,도서관;작은도서관;10147,맑은누리작은도서관,서울특별시,금천구,작은도서관,토요일+일요일+법정공휴일,10:00,20:00,10:00,14:30,00:00,00:00,52,10147,0,0,10,14,서울특별시 금천구 금하로 668,금천문화재단,02-804-7001,,233,https://geumcheonlib.seoul.kr,2025-03-13,3170000,서울특별시 금천구
전국도서관표준데이터 작은도서관 필터,https://www.data.go.kr/data/15013109/standard.do,2025-03-13,place,책읽는마을 작은도서관,작은도서관,금천구,서울특별시 금천구 독산로74길 31,37.46865174,126.904183,책읽는마을 작은도서관은(는) 아이의 독서 습관과 지역 탐험을 연결하는 동화 배경으로 사용할 수 있다.,도서관에서 책 속 주인공을 만나는 생활권 독서 동화,"책 표지 색깔 찾기, 사서에게 추천 도서 묻기, 가족 독서 기록 남기기",4-7;8-10,도서관;작은도서관;8061,책읽는마을 작은도서관,서울특별시,금천구,작은도서관,토요일+일요일+법정공휴일,11:00,19:00,00:00,00:00,00:00,00:00,10,8061,0,0,10,14,서울특별시 금천구 독산로74길 31,책읽는마을 작은도서관,02-858-9919,,60,,2025-03-13,3170000,서울특별시 금천구
전국도서관표준데이터 작은도서관 필터,https://www.data.go.kr/data/15013109/standard.do,2025-12-02,place,상무광명메이루즈작은도서관,작은도서관,서구,광주광역시 서구 시청로 27,35.15092145,126.850836,상무광명메이루즈작은도서관은(는) 아이의 독서 습관과 지역 탐험을 연결하는 동화 배경으로 사용할 수 있다.,도서관에서 책 속 주인공을 만나는 생활권 독서 동화,"책 표지 색깔 찾기, 사서에게 추천 도서 묻기, 가족 독서 기록 남기기",4-7;8-10,도서관;작은도서관;2000,상무광명메이루즈작은도서관,광주광역시,서구,작은도서관,토+일+국가지정공휴일,09:00,17:00,00:00,00:00,00:00,00:00,16,2000,0,0,0,0,광주광역시 서구 시청로 27,상무광명메이루즈 입주자대표회의,062-385-9061,,118,,2025-12-02,3600000,광주광역시 서구
전국도서관표준데이터 작은도서관 필터,https://www.data.go.kr/data/15013109/standard.do,2025-12-02,place,상무버들1단지작은도서관,작은도서관,서구,광주광역시 서구 상무버들로40번길 14,35.16506387,126.861231,상무버들1단지작은도서관은(는) 아이의 독서 습관과 지역 탐험을 연결하는 동화 배경으로 사용할 수 있다.,도서관에서 책 속 주인공을 만나는 생활권 독서 동화,"책 표지 색깔 찾기, 사서에게 추천 도서 묻기, 가족 독서 기록 남기기",4-7;8-10,도서관;작은도서관;2000,상무버들1단지작은도서관,광주광역시,서구,작은도서관,일+국가지정공휴일,09:00,18:00,09:00,17:00,00:00,00:00,30,2000,0,10,5,14,광주광역시 서구 상무버들로40번길 14,상무버들1단지 자치회,062-456-2772,,33,,2025-12-02,3600000,광주광역시 서구
전국도서관표준데이터 작은도서관 필터,https://www.data.go.kr/data/15013109/standard.do,2025-12-02,place,상무양우내안애작은도서관,작은도서관,서구,광주광역시 서구 백석길 22-14,35.14162168,126.851059,상무양우내안애작은도서관은(는) 아이의 독서 습관과 지역 탐험을 연결하는 동화 배경으로 사용할 수 있다.,도서관에서 책 속 주인공을 만나는 생활권 독서 동화,"책 표지 색깔 찾기, 사서에게 추천 도서 묻기, 가족 독서 기록 남기기",4-7;8-10,도서관;작은도서관;3000,상무양우내안애작은도서관,광주광역시,서구,작은도서관,토+일+국가지정공휴일,09:00,18:00,00:00,00:00,00:00,00:00,30,3000,0,0,3,7,광주광역시 서구 백석길 22-14,상무양우내안애작은도서관,062-384-9149,,107.677,,2025-12-02,3600000,광주광역시 서구
전국도서관표준데이터 작은도서관 필터,https://www.data.go.kr/data/15013109/standard.do,2025-12-02,place,상무엘리체작은도서관,작은도서관,서구,광주광역시 서구 월드컵4강로197번길12,35.15514315,126.8680907,상무엘리체작은도서관은(는) 아이의 독서 습관과 지역 탐험을 연결하는 동화 배경으로 사용할 수 있다.,도서관에서 책 속 주인공을 만나는 생활권 독서 동화,"책 표지 색깔 찾기, 사서에게 추천 도서 묻기, 가족 독서 기록 남기기",4-7;8-10,도서관;작은도서관;1000,상무엘리체작은도서관,광주광역시,서구,작은도서관,국가지정공휴일,08:30,17:30,08:30,17:30,08:30,17:30,30,1000,0,0,0,0,광주광역시 서구 월드컵4강로197번길12,상무엘리체작은도서관,062-385-8980,,157.32,,2025-12-02,3600000,광주광역시 서구
전국도서관표준데이터 작은도서관 필터,https://www.data.go.kr/data/15013109/standard.do,2025-12-02,place,서광작은도서관,작은도서관,서구,광주광역시 서구 월드컵4강로197번길 37-2,35.1535266,126.865175,서광작은도서관은(는) 아이의 독서 습관과 지역 탐험을 연결하는 동화 배경으로 사용할 수 있다.,도서관에서 책 속 주인공을 만나는 생활권 독서 동화,"책 표지 색깔 찾기, 사서에게 추천 도서 묻기, 가족 독서 기록 남기기",4-7;8-10,도서관;작은도서관;2112,서광작은도서관,광주광역시,서구,작은도서관,일+국가지정공휴일,11:00,20:00,09:00,15:00,00:00,00:00,30,2112,0,0,3,14,광주광역시 서구 월드컵4강로197번길 37-2,서광지역아동센터,062-372-2634,,61.98,,2025-12-02,3600000,광주광역시 서구
전국도서관표준데이터 작은도서관 필터,https://www.data.go.kr/data/15013109/standard.do,2025-12-02,place,소꿉놀이작은도서관,작은도서관,서구,광주광역시 서구 운천로32번길 25,35.13576333,126.862081,소꿉놀이작은도서관은(는) 아이의 독서 습관과 지역 탐험을 연결하는 동화 배경으로 사용할 수 있다.,도서관에서 책 속 주인공을 만나는 생활권 독서 동화,"책 표지 색깔 찾기, 사서에게 추천 도서 묻기, 가족 독서 기록 남기기",4-7;8-10,도서관;작은도서관;9200,소꿉놀이작은도서관,광주광역시,서구,작은도서관,일+국가지정공휴일,10:00,18:00,09:00,17:00,00:00,00:00,20,9200,0,0,2,14,광주광역시 서구 운천로32번길 25,광주진보연대,062-385-7789,,129.6,http://cafe.daum.net/sokkupnolitoy,2025-12-02,3600000,광주광역시 서구
전국도서관표준데이터 작은도서관 필터,https://www.data.go.kr/data/15013109/standard.do,2025-12-02,place,송촌파인힐작은도서관,작은도서관,서구,광주광역시 서구 마재로 65,35.13224823,126.863861,송촌파인힐작은도서관은(는) 아이의 독서 습관과 지역 탐험을 연결하는 동화 배경으로 사용할 수 있다.,도서관에서 책 속 주인공을 만나는 생활권 독서 동화,"책 표지 색깔 찾기, 사서에게 추천 도서 묻기, 가족 독서 기록 남기기",4-7;8-10,도서관;작은도서관;5473,송촌파인힐작은도서관,광주광역시,서구,작은도서관,토+일+국가지정공휴일,09:00,18:00,00:00,00:00,00:00,00:00,30,5473,0,0,0,0,광주광역시 서구 마재로 65,송촌파인힐아파트,062-682-5667,,64,,2025-12-02,3600000,광주광역시 서구
전국도서관표준데이터 작은도서관 필터,https://www.data.go.kr/data/15013109/standard.do,2025-11-14,place,가정동 작은도서관,작은도서관,서구,"인천광역시 서구 가정로394번길 6, 사도들교회 1층",37.51981713,126.6736892,가정동 작은도서관은(는) 아이의 독서 습관과 지역 탐험을 연결하는 동화 배경으로 사용할 수 있다.,도서관에서 책 속 주인공을 만나는 생활권 독서 동화,"책 표지 색깔 찾기, 사서에게 추천 도서 묻기, 가족 독서 기록 남기기",4-7;8-10,도서관;작은도서관;5000,가정동 작은도서관,인천광역시,서구,작은도서관,월+법정공휴일,11:00,17:00,11:00,17:00,00:00,00:00,24,5000,0,20,2,7,"인천광역시 서구 가정로394번길 6, 사도들교회 1층",,032-543-8833,,,,2025-11-14,3560000,인천광역시 서구
전국도서관표준데이터 작은도서관 필터,https://www.data.go.kr/data/15013109/standard.do,2025-11-14,place,거북골 작은도서관,작은도서관,서구,인천광역시 서구 거북로 116,37.5025911,126.6746007,거북골 작은도서관은(는) 아이의 독서 습관과 지역 탐험을 연결하는 동화 배경으로 사용할 수 있다.,도서관에서 책 속 주인공을 만나는 생활권 독서 동화,"책 표지 색깔 찾기, 사서에게 추천 도서 묻기, 가족 독서 기록 남기기",4-7;8-10,도서관;작은도서관;13705,거북골 작은도서관,인천광역시,서구,작은도서관,토+일+법정공휴일,09:00,17:00,00:00,00:00,00:00,00:00,6,13705,0,2,2,7,인천광역시 서구 거북로 116,,032-201-9811,,,,2025-11-14,3560000,인천광역시 서구
전국도서관표준데이터 작은도서관 필터,https://www.data.go.kr/data/15013109/standard.do,2025-11-14,place,당하동 책이있는쉼터,작은도서관,서구,인천광역시 서구 청마로167번길 19,37.59210105,126.6746306,당하동 책이있는쉼터은(는) 아이의 독서 습관과 지역 탐험을 연결하는 동화 배경으로 사용할 수 있다.,도서관에서 책 속 주인공을 만나는 생활권 독서 동화,"책 표지 색깔 찾기, 사서에게 추천 도서 묻기, 가족 독서 기록 남기기",4-7;8-10,도서관;작은도서관;10128,당하동 책이있는쉼터,인천광역시,서구,작은도서관,토+일+법정공휴일,10:00,16:00,00:00,00:00,00:00,00:00,80,10128,0,0,0,0,인천광역시 서구 청마로167번길 19,,032-564-4617,,,,2025-11-14,3560000,인천광역시 서구
전국도서관표준데이터 작은도서관 필터,https://www.data.go.kr/data/15013109/standard.do,2025-11-14,place,으뜸골 작은도서관,작은도서관,서구,인천광역시 서구 고산로 24,37.59508098,126.7017075,으뜸골 작은도서관은(는) 아이의 독서 습관과 지역 탐험을 연결하는 동화 배경으로 사용할 수 있다.,도서관에서 책 속 주인공을 만나는 생활권 독서 동화,"책 표지 색깔 찾기, 사서에게 추천 도서 묻기, 가족 독서 기록 남기기",4-7;8-10,도서관;작은도서관;12719,으뜸골 작은도서관,인천광역시,서구,작은도서관,토+일+법정공휴일,10:30,18:00,00:00,00:00,00:00,00:00,50,12719,0,0,0,0,인천광역시 서구 고산로 24,,032-561-3460,,,,2025-11-14,3560000,인천광역시 서구
전국도서관표준데이터 작은도서관 필터,https://www.data.go.kr/data/15013109/standard.do,2025-11-14,place,금곡하나아파트 문고,작은도서관,서구,인천광역시 서구 완정로216번길 5,37.60378972,126.6527762,금곡하나아파트 문고은(는) 아이의 독서 습관과 지역 탐험을 연결하는 동화 배경으로 사용할 수 있다.,도서관에서 책 속 주인공을 만나는 생활권 독서 동화,"책 표지 색깔 찾기, 사서에게 추천 도서 묻기, 가족 독서 기록 남기기",4-7;8-10,도서관;작은도서관;4745,금곡하나아파트 문고,인천광역시,서구,작은도서관,일+법정공휴일,09:00,17:30,09:00,12:00,00:00,00:00,12,4745,0,2,2,7,인천광역시 서구 완정로216번길 5,,032-564-3588,,,,2025-11-14,3560000,인천광역시 서구
전국도서관표준데이터 작은도서관 필터,https://www.data.go.kr/data/15013109/standard.do,2025-11-14,place,꿈꾸는 나무 도서관,작은도서관,서구,인천광역시 서구 청라에메랄드로 134,37.53671329,126.6570027,꿈꾸는 나무 도서관은(는) 아이의 독서 습관과 지역 탐험을 연결하는 동화 배경으로 사용할 수 있다.,도서관에서 책 속 주인공을 만나는 생활권 독서 동화,"책 표지 색깔 찾기, 사서에게 추천 도서 묻기, 가족 독서 기록 남기기",4-7;8-10,도서관;작은도서관;5944,꿈꾸는 나무 도서관,인천광역시,서구,작은도서관,토+일+법정공휴일,14:30,17:00,00:00,00:00,00:00,00:00,30,5944,0,0,0,0,인천광역시 서구 청라에메랄드로 134,,032-569-7521,,,,2025-11-14,3560000,인천광역시 서구
전국도서관표준데이터 작은도서관 필터,https://www.data.go.kr/data/15013109/standard.do,2025-11-14,place,꿈꾸는 작은도서관,작은도서관,서구,"인천광역시 서구 건지로 402, 가좌한신휴플러스 아파트 내",37.49526648,126.6844068,꿈꾸는 작은도서관은(는) 아이의 독서 습관과 지역 탐험을 연결하는 동화 배경으로 사용할 수 있다.,도서관에서 책 속 주인공을 만나는 생활권 독서 동화,"책 표지 색깔 찾기, 사서에게 추천 도서 묻기, 가족 독서 기록 남기기",4-7;8-10,도서관;작은도서관;4876,꿈꾸는 작은도서관,인천광역시,서구,작은도서관,화+수+금+토+일+법정공휴일,15:00,18:00,00:00,00:00,00:00,00:00,8,4876,0,2,2,7,"인천광역시 서구 건지로 402, 가좌한신휴플러스 아파트 내",,032-578-7721,,,,2025-11-14,3560000,인천광역시 서구
전국도서관표준데이터 작은도서관 필터,https://www.data.go.kr/data/15013109/standard.do,2025-11-14,place,꿈나무 작은도서관,작은도서관,서구,인천광역시 서구 가정로112번길 10,37.494311,126.672569,꿈나무 작은도서관은(는) 아이의 독서 습관과 지역 탐험을 연결하는 동화 배경으로 사용할 수 있다.,도서관에서 책 속 주인공을 만나는 생활권 독서 동화,"책 표지 색깔 찾기, 사서에게 추천 도서 묻기, 가족 독서 기록 남기기",4-7;8-10,도서관;작은도서관;11761,꿈나무 작은도서관,인천광역시,서구,작은도서관,토+일+법정공휴일,09:00,18:00,00:00,00:00,00:00,00:00,25,11761,0,2,2,7,인천광역시 서구 가정로112번길 10,,032-560-3188,,,,2025-11-14,3560000,인천광역시 서구
전국도서관표준데이터 작은도서관 필터,https://www.data.go.kr/data/15013109/standard.do,2025-11-14,place,꿈마을 작은도서관,작은도서관,서구,"인천광역시 서구 승학로 566, 3층",37.566352,126.6825031,꿈마을 작은도서관은(는) 아이의 독서 습관과 지역 탐험을 연결하는 동화 배경으로 사용할 수 있다.,도서관에서 책 속 주인공을 만나는 생활권 독서 동화,"책 표지 색깔 찾기, 사서에게 추천 도서 묻기, 가족 독서 기록 남기기",4-7;8-10,도서관;작은도서관;1620,꿈마을 작은도서관,인천광역시,서구,작은도서관,일+법정공휴일,13:00,18:00,10:00,14:00,00:00,00:00,15,1620,0,30,2,7,"인천광역시 서구 승학로 566, 3층",,032-561-1154,,,,2025-11-14,3560000,인천광역시 서구
전국도서관표준데이터 작은도서관 필터,https://www.data.go.kr/data/15013109/standard.do,2025-11-14,place,꿈빛도서관,작은도서관,서구,"인천광역시 서구 건지로 370, 302호",37.49663164,126.6826083,꿈빛도서관은(는) 아이의 독서 습관과 지역 탐험을 연결하는 동화 배경으로 사용할 수 있다.,도서관에서 책 속 주인공을 만나는 생활권 독서 동화,"책 표지 색깔 찾기, 사서에게 추천 도서 묻기, 가족 독서 기록 남기기",4-7;8-10,도서관;작은도서관;2000,꿈빛도서관,인천광역시,서구,작은도서관,일+법정공휴일,13:00,18:00,13:00,15:00,00:00,00:00,20,2000,0,10,2,7,"인천광역시 서구 건지로 370, 302호",,032-574-0052,,,,2025-11-14,3560000,인천광역시 서구
전국도서관표준데이터 작은도서관 필터,https://www.data.go.kr/data/15013109/standard.do,2025-11-14,place,꿈사랑 작은도서관,작은도서관,서구,"인천광역시 서구 검단로 446, 검단e편한세상아파트 내",37.6006953,126.6576523,꿈사랑 작은도서관은(는) 아이의 독서 습관과 지역 탐험을 연결하는 동화 배경으로 사용할 수 있다.,도서관에서 책 속 주인공을 만나는 생활권 독서 동화,"책 표지 색깔 찾기, 사서에게 추천 도서 묻기, 가족 독서 기록 남기기",4-7;8-10,도서관;작은도서관;9896,꿈사랑 작은도서관,인천광역시,서구,작은도서관,토+일+법정공휴일,14:00,18:00,00:00,00:00,00:00,00:00,40,9896,0,33,2,7,"인천광역시 서구 검단로 446, 검단e편한세상아파트 내",,032-204-3305,,,,2025-11-14,3560000,인천광역시 서구
전국도서관표준데이터 작은도서관 필터,https://www.data.go.kr/data/15013109/standard.do,2025-11-14,place,느티나무 도서관,작은도서관,서구,인천광역시 서구 건지로348번길 18,37.49602907,126.680365,느티나무 도서관은(는) 아이의 독서 습관과 지역 탐험을 연결하는 동화 배경으로 사용할 수 있다.,도서관에서 책 속 주인공을 만나는 생활권 독서 동화,"책 표지 색깔 찾기, 사서에게 추천 도서 묻기, 가족 독서 기록 남기기",4-7;8-10,도서관;작은도서관;6900,느티나무 도서관,인천광역시,서구,작은도서관,법정공휴일,10:00,20:00,10:00,20:00,00:00,00:00,24,6900,0,2,2,7,인천광역시 서구 건지로348번길 18,,032-581-4048,,,,2025-11-14,3560000,인천광역시 서구
전국도서관표준데이터 작은도서관 필터,https://www.data.go.kr/data/15013109/standard.do,2025-11-14,place,드림파크 어울림 1단지 문고,작은도서관,서구,"인천광역시 서구 봉화로 18, 드림파크어울림1단지 내 작은도서관",37.59565987,126.6392635,드림파크 어울림 1단지 문고은(는) 아이의 독서 습관과 지역 탐험을 연결하는 동화 배경으로 사용할 수 있다.,도서관에서 책 속 주인공을 만나는 생활권 독서 동화,"책 표지 색깔 찾기, 사서에게 추천 도서 묻기, 가족 독서 기록 남기기",4-7;8-10,도서관;작은도서관;4000,드림파크 어울림 1단지 문고,인천광역시,서구,작은도서관,월+수+목+토+일+법정공휴일,14:00,18:00,00:00,00:00,00:00,00:00,15,4000,0,2,2,7,"인천광역시 서구 봉화로 18, 드림파크어울림1단지 내 작은도서관",,032-561-3807,,,,2025-11-14,3560000,인천광역시 서구
전국도서관표준데이터 작은도서관 필터,https://www.data.go.kr/data/15013109/standard.do,2025-11-14,place,드림하이 작은도서관,작은도서관,서구,"인천광역시 서구 완정로64번길 64, 3층",37.596244,126.673545,드림하이 작은도서관은(는) 아이의 독서 습관과 지역 탐험을 연결하는 동화 배경으로 사용할 수 있다.,도서관에서 책 속 주인공을 만나는 생활권 독서 동화,"책 표지 색깔 찾기, 사서에게 추천 도서 묻기, 가족 독서 기록 남기기",4-7;8-10,도서관;작은도서관;3385,드림하이 작은도서관,인천광역시,서구,작은도서관,월+법정공휴일,11:00,17:00,11:00,15:00,00:00,00:00,26,3385,0,80,2,7,"인천광역시 서구 완정로64번길 64, 3층",,070-4217-1005,,,,2025-11-14,3560000,인천광역시 서구
전국도서관표준데이터 작은도서관 필터,https://www.data.go.kr/data/15013109/standard.do,2025-11-14,place,물푸레 작은도서관,작은도서관,서구,"인천광역시 서구 원당대로840번길 21, 풍림아이원아파트 관리동 3층",37.59234272,126.6949518,물푸레 작은도서관은(는) 아이의 독서 습관과 지역 탐험을 연결하는 동화 배경으로 사용할 수 있다.,도서관에서 책 속 주인공을 만나는 생활권 독서 동화,"책 표지 색깔 찾기, 사서에게 추천 도서 묻기, 가족 독서 기록 남기기",4-7;8-10,도서관;작은도서관;19229,물푸레 작은도서관,인천광역시,서구,작은도서관,일+법정공휴일,10:00,18:00,11:00,14:00,00:00,00:00,18,19229,0,2,2,7,"인천광역시 서구 원당대로840번길 21, 풍림아이원아파트 관리동 3층",,032-563-1739,,,,2025-11-14,3560000,인천광역시 서구
전국도서관표준데이터 작은도서관 필터,https://www.data.go.kr/data/15013109/standard.do,2025-11-14,place,청초랑 북카페,작은도서관,서구,"인천광역시 서구 청라라임로 58, (연희동) 지하1층",37.53266259,126.6537321,청초랑 북카페은(는) 아이의 독서 습관과 지역 탐험을 연결하는 동화 배경으로 사용할 수 있다.,도서관에서 책 속 주인공을 만나는 생활권 독서 동화,"책 표지 색깔 찾기, 사서에게 추천 도서 묻기, 가족 독서 기록 남기기",4-7;8-10,도서관;작은도서관;3650,청초랑 북카페,인천광역시,서구,작은도서관,토+일+법정공휴일,10:00,18:00,00:00,00:00,00:00,00:00,50,3650,0,0,0,0,"인천광역시 서구 청라라임로 58, (연희동) 지하1층",,032-560-3442,,,,2025-11-14,3560000,인천광역시 서구
전국도서관표준데이터 작은도서관 필터,https://www.data.go.kr/data/15013109/standard.do,2025-11-14,place,푸른길 작은도서관,작은도서관,서구,"인천광역시 서구 검단로744번4길 17, 포근한교회",37.61233136,126.6867536,푸른길 작은도서관은(는) 아이의 독서 습관과 지역 탐험을 연결하는 동화 배경으로 사용할 수 있다.,도서관에서 책 속 주인공을 만나는 생활권 독서 동화,"책 표지 색깔 찾기, 사서에게 추천 도서 묻기, 가족 독서 기록 남기기",4-7;8-10,도서관;작은도서관;2700,푸른길 작은도서관,인천광역시,서구,작은도서관,월+일+법정공휴일,11:00,17:00,13:00,17:00,00:00,00:00,119,2700,0,0,0,0,"인천광역시 서구 검단로744번4길 17, 포근한교회",,032-562-0697,,,,2025-11-14,3560000,인천광역시 서구
전국도서관표준데이터 작은도서관 필터,https://www.data.go.kr/data/15013109/standard.do,2025-11-14,place,5B2F(빠삐뚜엡) 작은도서관,작은도서관,서구,인천광역시 서구 청마로134번길 14,37.5894066,126.6790581,5B2F(빠삐뚜엡) 작은도서관은(는) 아이의 독서 습관과 지역 탐험을 연결하는 동화 배경으로 사용할 수 있다.,도서관에서 책 속 주인공을 만나는 생활권 독서 동화,"책 표지 색깔 찾기, 사서에게 추천 도서 묻기, 가족 독서 기록 남기기",4-7;8-10,도서관;작은도서관;3004,5B2F(빠삐뚜엡) 작은도서관,인천광역시,서구,작은도서관,월+토+일+법정공휴일,12:30,17:00,00:00,00:00,00:00,00:00,34,3004,0,0,0,0,인천광역시 서구 청마로134번길 14,,032-564-0693,,,,2025-11-14,3560000,인천광역시 서구
전국도서관표준데이터 작은도서관 필터,https://www.data.go.kr/data/15013109/standard.do,2025-11-14,place,블루힐도서관,작은도서관,서구,인천광역시 서구 봉오재2로 37,37.53463287,126.6664964,블루힐도서관은(는) 아이의 독서 습관과 지역 탐험을 연결하는 동화 배경으로 사용할 수 있다.,도서관에서 책 속 주인공을 만나는 생활권 독서 동화,"책 표지 색깔 찾기, 사서에게 추천 도서 묻기, 가족 독서 기록 남기기",4-7;8-10,도서관;작은도서관;1043,블루힐도서관,인천광역시,서구,작은도서관,법정공휴일,10:00,18:00,10:00,18:00,00:00,00:00,30,1043,0,0,0,0,인천광역시 서구 봉오재2로 37,,032-569-6791,,,,2025-11-14,3560000,인천광역시 서구
전국도서관표준데이터 작은도서관 필터,https://www.data.go.kr/data/15013109/standard.do,2025-11-14,place,베르힐도서관,작은도서관,서구,인천광역시 서구 봉오재1로 15,37.52442845,126.6653226,베르힐도서관은(는) 아이의 독서 습관과 지역 탐험을 연결하는 동화 배경으로 사용할 수 있다.,도서관에서 책 속 주인공을 만나는 생활권 독서 동화,"책 표지 색깔 찾기, 사서에게 추천 도서 묻기, 가족 독서 기록 남기기",4-7;8-10,도서관;작은도서관;1428,베르힐도서관,인천광역시,서구,작은도서관,법정공휴일,09:00,22:00,09:00,22:00,00:00,00:00,28,1428,0,0,0,0,인천광역시 서구 봉오재1로 15,,032-584-7505,,,,2025-11-14,3560000,인천광역시 서구
전국도서관표준데이터 작은도서관 필터,https://www.data.go.kr/data/15013109/standard.do,2025-11-14,place,푸른꿈 작은도서관,작은도서관,서구,인천광역시 서구 청라라임로 131,37.53870993,126.6526687,푸른꿈 작은도서관은(는) 아이의 독서 습관과 지역 탐험을 연결하는 동화 배경으로 사용할 수 있다.,도서관에서 책 속 주인공을 만나는 생활권 독서 동화,"책 표지 색깔 찾기, 사서에게 추천 도서 묻기, 가족 독서 기록 남기기",4-7;8-10,도서관;작은도서관;4858,푸른꿈 작은도서관,인천광역시,서구,작은도서관,토+일+법정공휴일,19:00,21:00,00:00,00:00,00:00,00:00,30,4858,2,0,0,0,인천광역시 서구 청라라임로 131,,032-000-0000,,,,2025-11-14,3560000,인천광역시 서구
전국도서관표준데이터 작은도서관 필터,https://www.data.go.kr/data/15013109/standard.do,2025-11-14,place,웰카 작은도서관,작은도서관,서구,인천광역시 서구 청라에메랄드로 156,37.53871528,126.6579901,웰카 작은도서관은(는) 아이의 독서 습관과 지역 탐험을 연결하는 동화 배경으로 사용할 수 있다.,도서관에서 책 속 주인공을 만나는 생활권 독서 동화,"책 표지 색깔 찾기, 사서에게 추천 도서 묻기, 가족 독서 기록 남기기",4-7;8-10,도서관;작은도서관;8000,웰카 작은도서관,인천광역시,서구,작은도서관,화+목+토+일+법정공휴일,14:00,17:00,00:00,00:00,00:00,00:00,24,8000,0,0,0,0,인천광역시 서구 청라에메랄드로 156,,032-561-1012,,,,2025-11-14,3560000,인천광역시 서구
전국도서관표준데이터 작은도서관 필터,https://www.data.go.kr/data/15013109/standard.do,2025-11-14,place,서로사랑하는도서관,작은도서관,서구,"인천광역시 서구 완정로10번길 8, 3층",37.59504508,126.673142,서로사랑하는도서관은(는) 아이의 독서 습관과 지역 탐험을 연결하는 동화 배경으로 사용할 수 있다.,도서관에서 책 속 주인공을 만나는 생활권 독서 동화,"책 표지 색깔 찾기, 사서에게 추천 도서 묻기, 가족 독서 기록 남기기",4-7;8-10,도서관;작은도서관;3000,서로사랑하는도서관,인천광역시,서구,작은도서관,법정공휴일,10:00,19:00,10:00,17:00,10:00,13:00,20,3000,5,1100,0,0,"인천광역시 서구 완정로10번길 8, 3층",,070-4246-5061,,,,2025-11-14,3560000,인천광역시 서구
전국도서관표준데이터 작은도서관 필터,https://www.data.go.kr/data/15013109/standard.do,2025-11-14,place,사랑방 작은도서관,작은도서관,서구,"인천광역시 서구 원당대로839번안길 20, 한우리교회",37.59533187,126.6927384,사랑방 작은도서관은(는) 아이의 독서 습관과 지역 탐험을 연결하는 동화 배경으로 사용할 수 있다.,도서관에서 책 속 주인공을 만나는 생활권 독서 동화,"책 표지 색깔 찾기, 사서에게 추천 도서 묻기, 가족 독서 기록 남기기",4-7;8-10,도서관;작은도서관;2300,사랑방 작은도서관,인천광역시,서구,작은도서관,월,10:00,17:00,10:00,17:00,13:00,17:00,50,2300,3,0,0,0,"인천광역시 서구 원당대로839번안길 20, 한우리교회",,032-569-0691,,,,2025-11-14,3560000,인천광역시 서구
전국도서관표준데이터 작은도서관 필터,https://www.data.go.kr/data/15013109/standard.do,2025-11-14,place,비전 작은도서관,작은도서관,서구,"인천광역시 서구 건지로334번길 41, 3층",37.49445846,126.6786235,비전 작은도서관은(는) 아이의 독서 습관과 지역 탐험을 연결하는 동화 배경으로 사용할 수 있다.,도서관에서 책 속 주인공을 만나는 생활권 독서 동화,"책 표지 색깔 찾기, 사서에게 추천 도서 묻기, 가족 독서 기록 남기기",4-7;8-10,도서관;작은도서관;1546,비전 작은도서관,인천광역시,서구,작은도서관,법정공휴일,09:00,17:00,09:00,15:00,09:00,15:00,20,1546,6,22,0,0,"인천광역시 서구 건지로334번길 41, 3층",,032-000-0000,,,,2025-11-14,3560000,인천광역시 서구
전국도서관표준데이터 작은도서관 필터,https://www.data.go.kr/data/15013109/standard.do,2025-11-14,place,맑은내 작은도서관,작은도서관,서구,"인천광역시 서구 여우재로 99, 지하1층",37.48699602,126.6872148,맑은내 작은도서관은(는) 아이의 독서 습관과 지역 탐험을 연결하는 동화 배경으로 사용할 수 있다.,도서관에서 책 속 주인공을 만나는 생활권 독서 동화,"책 표지 색깔 찾기, 사서에게 추천 도서 묻기, 가족 독서 기록 남기기",4-7;8-10,도서관;작은도서관;3000,맑은내 작은도서관,인천광역시,서구,작은도서관,일+법정공휴일,10:30,18:00,10:30,18:30,00:00,00:00,25,3000,5,0,0,0,"인천광역시 서구 여우재로 99, 지하1층",,032-000-0000,,,,2025-11-14,3560000,인천광역시 서구
전국도서관표준데이터 작은도서관 필터,https://www.data.go.kr/data/15013109/standard.do,2025-11-14,place,나비사랑 작은도서관,작은도서관,서구,"인천광역시 서구 담지로 58, 1층",37.53493817,126.660403,나비사랑 작은도서관은(는) 아이의 독서 습관과 지역 탐험을 연결하는 동화 배경으로 사용할 수 있다.,도서관에서 책 속 주인공을 만나는 생활권 독서 동화,"책 표지 색깔 찾기, 사서에게 추천 도서 묻기, 가족 독서 기록 남기기",4-7;8-10,도서관;작은도서관;1460,나비사랑 작은도서관,인천광역시,서구,작은도서관,월,10:00,18:00,10:00,18:00,09:00,18:00,32,1460,0,0,0,0,"인천광역시 서구 담지로 58, 1층",,032-519-8293,,,,2025-11-14,3560000,인천광역시 서구
전국도서관표준데이터 작은도서관 필터,https://www.data.go.kr/data/15013109/standard.do,2025-11-14,place,검단행복 북카페,작은도서관,서구,인천광역시 서구 검단로529번길 14 (마전동),37.60508641,126.6618003,검단행복 북카페은(는) 아이의 독서 습관과 지역 탐험을 연결하는 동화 배경으로 사용할 수 있다.,도서관에서 책 속 주인공을 만나는 생활권 독서 동화,"책 표지 색깔 찾기, 사서에게 추천 도서 묻기, 가족 독서 기록 남기기",4-7;8-10,도서관;작은도서관;1965,검단행복 북카페,인천광역시,서구,작은도서관,토+일+법정공휴일,09:00,18:00,00:00,00:00,00:00,00:00,40,1965,0,0,0,0,인천광역시 서구 검단로529번길 14 (마전동),,032-560-3256,,,,2025-11-14,3560000,인천광역시 서구
전국도서관표준데이터 작은도서관 필터,https://www.data.go.kr/data/15013109/standard.do,2025-11-14,place,청호초중학교 작은도서관,작은도서관,서구,인천광역시 서구 청라한울로 44 (청라동),37.53864489,126.6415165,청호초중학교 작은도서관은(는) 아이의 독서 습관과 지역 탐험을 연결하는 동화 배경으로 사용할 수 있다.,도서관에서 책 속 주인공을 만나는 생활권 독서 동화,"책 표지 색깔 찾기, 사서에게 추천 도서 묻기, 가족 독서 기록 남기기",4-7;8-10,도서관;작은도서관;5661,청호초중학교 작은도서관,인천광역시,서구,작은도서관,토+일+법정공휴일,09:00,17:00,00:00,00:00,00:00,00:00,60,5661,0,0,2,14,인천광역시 서구 청라한울로 44 (청라동),,032-456-9126,,,,2025-11-14,3560000,인천광역시 서구
전국도서관표준데이터 작은도서관 필터,https://www.data.go.kr/data/15013109/standard.do,2024-12-06,place,노들행복작은도서관,작은도서관,남구,광주광역시 남구 봉선로51번길 21,35.1292958118,126.9066916357,노들행복작은도서관은(는) 아이의 독서 습관과 지역 탐험을 연결하는 동화 배경으로 사용할 수 있다.,도서관에서 책 속 주인공을 만나는 생활권 독서 동화,"책 표지 색깔 찾기, 사서에게 추천 도서 묻기, 가족 독서 기록 남기기",4-7;8-10,도서관;작은도서관;3686,노들행복작은도서관,광주광역시,남구,작은도서관,토+일+공휴일,09:00,17:00,00:00,00:00,00:00,00:00,17,3686,2,0,3,15,광주광역시 남구 봉선로51번길 21,광주광역시 남구청,062-607-4598,,37.8,,2024-12-06,3610000,광주광역시 남구
전국도서관표준데이터 작은도서관 필터,https://www.data.go.kr/data/15013109/standard.do,2024-12-06,place,달뫼작은도서관,작은도서관,남구,광주광역시 남구 구성로38번길 10,35.1514300794,126.900973,달뫼작은도서관은(는) 아이의 독서 습관과 지역 탐험을 연결하는 동화 배경으로 사용할 수 있다.,도서관에서 책 속 주인공을 만나는 생활권 독서 동화,"책 표지 색깔 찾기, 사서에게 추천 도서 묻기, 가족 독서 기록 남기기",4-7;8-10,도서관;작은도서관;1211,달뫼작은도서관,광주광역시,남구,작은도서관,토+일+공휴일,09:00,17:00,00:00,00:00,00:00,00:00,6,1211,0,0,3,15,광주광역시 남구 구성로38번길 10,광주광역시 남구청,062-366-3233,,43.09,,2024-12-06,3610000,광주광역시 남구
전국도서관표준데이터 작은도서관 필터,https://www.data.go.kr/data/15013109/standard.do,2025-12-03,place,난곡동 책사랑 작은도서관,작은도서관,관악구,서울특별시 관악구 난곡로 30길 40,37.47102189,126.921644,난곡동 책사랑 작은도서관은(는) 아이의 독서 습관과 지역 탐험을 연결하는 동화 배경으로 사용할 수 있다.,도서관에서 책 속 주인공을 만나는 생활권 독서 동화,"책 표지 색깔 찾기, 사서에게 추천 도서 묻기, 가족 독서 기록 남기기",4-7;8-10,도서관;작은도서관;8916,난곡동 책사랑 작은도서관,서울특별시,관악구,작은도서관,토+일+공휴일,10:00,18:00,00:00,00:00,00:00,00:00,16,8916,7,0,5,14,서울특별시 관악구 난곡로 30길 40,서울특별시 관악구청,02-861-7130,836,2271,http://lib.gwanak.go.kr/,2025-12-03,3200000,서울특별시 관악구
전국도서관표준데이터 작은도서관 필터,https://www.data.go.kr/data/15013109/standard.do,2025-12-03,place,난향동 뜰안에작은도서관,작은도서관,관악구,서울특별시 관악구 난곡로 67,37.46151944,126.918785,난향동 뜰안에작은도서관은(는) 아이의 독서 습관과 지역 탐험을 연결하는 동화 배경으로 사용할 수 있다.,도서관에서 책 속 주인공을 만나는 생활권 독서 동화,"책 표지 색깔 찾기, 사서에게 추천 도서 묻기, 가족 독서 기록 남기기",4-7;8-10,도서관;작은도서관;11057,난향동 뜰안에작은도서관,서울특별시,관악구,작은도서관,토+일+공휴일,10:00,18:00,00:00,00:00,00:00,00:00,22,11057,1,253,5,14,서울특별시 관악구 난곡로 67,서울특별시 관악구청,02-867-1735,1046,1809,http://lib.gwanak.go.kr/,2025-12-03,3200000,서울특별시 관악구
전국도서관표준데이터 작은도서관 필터,https://www.data.go.kr/data/15013109/standard.do,2025-12-03,place,서원동 어울작은도서관,작은도서관,관악구,서울특별시 관악구 신림로 282,37.479734,126.9313649,서원동 어울작은도서관은(는) 아이의 독서 습관과 지역 탐험을 연결하는 동화 배경으로 사용할 수 있다.,도서관에서 책 속 주인공을 만나는 생활권 독서 동화,"책 표지 색깔 찾기, 사서에게 추천 도서 묻기, 가족 독서 기록 남기기",4-7;8-10,도서관;작은도서관;9010,서원동 어울작은도서관,서울특별시,관악구,작은도서관,토+일+공휴일,10:00,18:00,00:00,00:00,00:00,00:00,20,9010,1,0,5,14,서울특별시 관악구 신림로 282,서울특별시 관악구청,02-872-5322,558,1311,http://lib.gwanak.go.kr/,2025-12-03,3200000,서울특별시 관악구
전국도서관표준데이터 작은도서관 필터,https://www.data.go.kr/data/15013109/standard.do,2025-12-03,place,신원동 울타리작은도서관,작은도서관,관악구,서울특별시 관악구 신원로3길 13,37.48161061,126.927333,신원동 울타리작은도서관은(는) 아이의 독서 습관과 지역 탐험을 연결하는 동화 배경으로 사용할 수 있다.,도서관에서 책 속 주인공을 만나는 생활권 독서 동화,"책 표지 색깔 찾기, 사서에게 추천 도서 묻기, 가족 독서 기록 남기기",4-7;8-10,도서관;작은도서관;7916,신원동 울타리작은도서관,서울특별시,관악구,작은도서관,토+일+공휴일,10:00,18:00,00:00,00:00,00:00,00:00,20,7916,0,5,5,14,서울특별시 관악구 신원로3길 13,서울특별시 관악구청,02-839-1547,385,665,http://lib.gwanak.go.kr/,2025-12-03,3200000,서울특별시 관악구
전국도서관표준데이터 작은도서관 필터,https://www.data.go.kr/data/15013109/standard.do,2025-12-03,place,서림동 글사랑작은도서관,작은도서관,관악구,서울특별시 관악구 신림로29길 6,37.474961,126.934984,서림동 글사랑작은도서관은(는) 아이의 독서 습관과 지역 탐험을 연결하는 동화 배경으로 사용할 수 있다.,도서관에서 책 속 주인공을 만나는 생활권 독서 동화,"책 표지 색깔 찾기, 사서에게 추천 도서 묻기, 가족 독서 기록 남기기",4-7;8-10,도서관;작은도서관;10400,서림동 글사랑작은도서관,서울특별시,관악구,작은도서관,토+일+공휴일,10:00,18:00,00:00,00:00,00:00,00:00,20,10400,3,11,5,14,서울특별시 관악구 신림로29길 6,서울특별시 관악구청,02-884-3951,682,780,http://lib.gwanak.go.kr/,2025-12-03,3200000,서울특별시 관악구
전국도서관표준데이터 작은도서관 필터,https://www.data.go.kr/data/15013109/standard.do,2025-12-03,place,삼성동 샛별작은도서관,작은도서관,관악구,서울특별시 관악구 호암로 589,37.4701073,126.932964,삼성동 샛별작은도서관은(는) 아이의 독서 습관과 지역 탐험을 연결하는 동화 배경으로 사용할 수 있다.,도서관에서 책 속 주인공을 만나는 생활권 독서 동화,"책 표지 색깔 찾기, 사서에게 추천 도서 묻기, 가족 독서 기록 남기기",4-7;8-10,도서관;작은도서관;7443,삼성동 샛별작은도서관,서울특별시,관악구,작은도서관,토+일+공휴일,10:00,18:00,00:00,00:00,00:00,00:00,10,7443,0,7,5,14,서울특별시 관악구 호암로 589,서울특별시 관악구청,02-876-2063,,617,http://lib.gwanak.go.kr/,2025-12-03,3200000,서울특별시 관악구
전국도서관표준데이터 작은도서관 필터,https://www.data.go.kr/data/15013109/standard.do,2025-12-03,place,대학동 녹두작은도서관,작은도서관,관악구,서울특별시 관악구 신림로 111,37.470598,126.936927,대학동 녹두작은도서관은(는) 아이의 독서 습관과 지역 탐험을 연결하는 동화 배경으로 사용할 수 있다.,도서관에서 책 속 주인공을 만나는 생활권 독서 동화,"책 표지 색깔 찾기, 사서에게 추천 도서 묻기, 가족 독서 기록 남기기",4-7;8-10,도서관;작은도서관;5874,대학동 녹두작은도서관,서울특별시,관악구,작은도서관,토+일+공휴일,10:00,18:00,00:00,00:00,00:00,00:00,20,5874,0,0,5,14,서울특별시 관악구 신림로 111,서울특별시 관악구청,02-872-4765,489,1184,http://lib.gwanak.go.kr/,2025-12-03,3200000,서울특별시 관악구
전국도서관표준데이터 작은도서관 필터,https://www.data.go.kr/data/15013109/standard.do,2025-11-28,place,보름달작은도서관,작은도서관,합천군,경상남도 합천군 야로면 야로길 10,35.70782043,128.1710102,보름달작은도서관은(는) 아이의 독서 습관과 지역 탐험을 연결하는 동화 배경으로 사용할 수 있다.,도서관에서 책 속 주인공을 만나는 생활권 독서 동화,"책 표지 색깔 찾기, 사서에게 추천 도서 묻기, 가족 독서 기록 남기기",4-7;8-10,도서관;작은도서관;3388,보름달작은도서관,경상남도,합천군,작은도서관,토+일+공휴일,10:00,19:00,00:00,00:00,00:00,00:00,10,3388,3,30,3388,14,경상남도 합천군 야로면 야로길 10,야로지역아동센터,055-932-5225,330.58,66.11,,2025-11-28,5480000,경상남도 합천군
전국도서관표준데이터 작은도서관 필터,https://www.data.go.kr/data/15013109/standard.do,2025-11-28,place,새마을문고센터,작은도서관,합천군,경상남도 합천군 합천읍 충효로 11-1,35.561412,128.1599761,새마을문고센터은(는) 아이의 독서 습관과 지역 탐험을 연결하는 동화 배경으로 사용할 수 있다.,도서관에서 책 속 주인공을 만나는 생활권 독서 동화,"책 표지 색깔 찾기, 사서에게 추천 도서 묻기, 가족 독서 기록 남기기",4-7;8-10,도서관;작은도서관;2587,새마을문고센터,경상남도,합천군,작은도서관,토+일+공휴일,09:00,18:00,00:00,00:00,00:00,00:00,50,2587,0,5,2587,7,경상남도 합천군 합천읍 충효로 11-1,새마을운동합천군지회,055-932-3450,,66.11,,2025-11-28,5480000,경상남도 합천군
전국도서관표준데이터 작은도서관 필터,https://www.data.go.kr/data/15013109/standard.do,2025-11-28,place,향파새마을작은도서관,작은도서관,합천군,경상남도 합천군 합천읍 동서로 39,35.56792811,128.1567534,향파새마을작은도서관은(는) 아이의 독서 습관과 지역 탐험을 연결하는 동화 배경으로 사용할 수 있다.,도서관에서 책 속 주인공을 만나는 생활권 독서 동화,"책 표지 색깔 찾기, 사서에게 추천 도서 묻기, 가족 독서 기록 남기기",4-7;8-10,도서관;작은도서관;7386,향파새마을작은도서관,경상남도,합천군,작은도서관,토+일+공휴일,09:00,17:00,00:00,00:00,00:00,00:00,14,7386,0,0,7386,14,경상남도 합천군 합천읍 동서로 39,새마을운동합천군지회,055-930-4530,,51.9,,2025-11-28,5480000,경상남도 합천군
전국도서관표준데이터 작은도서관 필터,https://www.data.go.kr/data/15013109/standard.do,2025-11-28,place,적중문고,작은도서관,합천군,경상남도 합천군 적중면 중부1길17,35.5464249149,128.2784929361,적중문고은(는) 아이의 독서 습관과 지역 탐험을 연결하는 동화 배경으로 사용할 수 있다.,도서관에서 책 속 주인공을 만나는 생활권 독서 동화,"책 표지 색깔 찾기, 사서에게 추천 도서 묻기, 가족 독서 기록 남기기",4-7;8-10,도서관;작은도서관;2500,적중문고,경상남도,합천군,작은도서관,토+일+공휴일,10:00,19:00,00:00,00:00,00:00,00:00,31,2500,5,0,2500,14,경상남도 합천군 적중면 중부1길17,적중지역아동센터,070-7784-7177,357.02,82.64,,2025-11-28,5480000,경상남도 합천군
전국도서관표준데이터 작은도서관 필터,https://www.data.go.kr/data/15013109/standard.do,2025-11-28,place,도토리와친구들,작은도서관,합천군,경상남도 합천군 초계면 초계중앙로 106-10,35.558138,128.270268,도토리와친구들은(는) 아이의 독서 습관과 지역 탐험을 연결하는 동화 배경으로 사용할 수 있다.,도서관에서 책 속 주인공을 만나는 생활권 독서 동화,"책 표지 색깔 찾기, 사서에게 추천 도서 묻기, 가족 독서 기록 남기기",4-7;8-10,도서관;작은도서관;6300,도토리와친구들,경상남도,합천군,작은도서관,월+일+공휴일,10:00,18:00,10:00,18:00,00:00,00:00,50,6300,0,0,6300,14,경상남도 합천군 초계면 초계중앙로 106-10,도토리와친구들,055-931-7128,389,198,,2025-11-28,5480000,경상남도 합천군
전국도서관표준데이터 작은도서관 필터,https://www.data.go.kr/data/15013109/standard.do,2025-11-28,place,꿈꾸는 도서관,작은도서관,합천군,경상남도 합천군 가회면 황매산로 34-11,35.43440251,128.0341132,꿈꾸는 도서관은(는) 아이의 독서 습관과 지역 탐험을 연결하는 동화 배경으로 사용할 수 있다.,도서관에서 책 속 주인공을 만나는 생활권 독서 동화,"책 표지 색깔 찾기, 사서에게 추천 도서 묻기, 가족 독서 기록 남기기",4-7;8-10,도서관;작은도서관;3500,꿈꾸는 도서관,경상남도,합천군,작은도서관,토+일+공휴일,10:00,16:00,00:00,00:00,00:00,00:00,10,3500,0,3,3500,14,경상남도 합천군 가회면 황매산로 34-11,꿈꾸는도서관,,82.64,66.12,,2025-11-28,5480000,경상남도 합천군
전국도서관표준데이터 작은도서관 필터,https://www.data.go.kr/data/15013109/standard.do,2025-11-28,place,행복한 아이터,작은도서관,합천군,경상남도 합천군 가야면 매안대전길 28,35.73181837,128.105972,행복한 아이터은(는) 아이의 독서 습관과 지역 탐험을 연결하는 동화 배경으로 사용할 수 있다.,도서관에서 책 속 주인공을 만나는 생활권 독서 동화,"책 표지 색깔 찾기, 사서에게 추천 도서 묻기, 가족 독서 기록 남기기",4-7;8-10,도서관;작은도서관;2944,행복한 아이터,경상남도,합천군,작은도서관,일+공휴일,10:00,19:00,11:00,17:00,00:00,00:00,40,2944,0,200,2944,14,경상남도 합천군 가야면 매안대전길 28,행복한아이터 작은도서관,070-8869-8232,264.46,148.76,,2025-11-28,5480000,경상남도 합천군
전국도서관표준데이터 작은도서관 필터,https://www.data.go.kr/data/15013109/standard.do,2025-11-28,place,삼가장터3.1광장도서관,작은도서관,합천군,경상남도 합천군 삼가면 양천강변길59,35.412918,128.121263,삼가장터3.1광장도서관은(는) 아이의 독서 습관과 지역 탐험을 연결하는 동화 배경으로 사용할 수 있다.,도서관에서 책 속 주인공을 만나는 생활권 독서 동화,"책 표지 색깔 찾기, 사서에게 추천 도서 묻기, 가족 독서 기록 남기기",4-7;8-10,도서관;작은도서관;3479,삼가장터3.1광장도서관,경상남도,합천군,작은도서관,토+일+공휴일,09:00,18:00,00:00,00:00,00:00,00:00,26,3479,1,0,3479,14,경상남도 합천군 삼가면 양천강변길59,삼가장터3.1광장도서관,,232,41.04,,2025-11-28,5480000,경상남도 합천군
전국도서관표준데이터 작은도서관 필터,https://www.data.go.kr/data/15013109/standard.do,2025-11-28,place,가야아동센터작은도서관,작은도서관,합천군,경상남도 합천군 가야면 가야시장로 97-1,35.76312934,128.1390964,가야아동센터작은도서관은(는) 아이의 독서 습관과 지역 탐험을 연결하는 동화 배경으로 사용할 수 있다.,도서관에서 책 속 주인공을 만나는 생활권 독서 동화,"책 표지 색깔 찾기, 사서에게 추천 도서 묻기, 가족 독서 기록 남기기",4-7;8-10,도서관;작은도서관;1675,가야아동센터작은도서관,경상남도,합천군,작은도서관,토+일+공휴일,10:00,19:00,00:00,00:00,00:00,00:00,30,1675,3,0,1675,14,경상남도 합천군 가야면 가야시장로 97-1,가야지역아동센터,055-932-7745,231.4,99.17,,2025-11-28,5480000,경상남도 합천군
전국도서관표준데이터 작은도서관 필터,https://www.data.go.kr/data/15013109/standard.do,2025-11-28,place,합천유치원작은도서관,작은도서관,합천군,경상남도 합천군 합천읍 인덕로 2519,35.56955627,128.1532004,합천유치원작은도서관은(는) 아이의 독서 습관과 지역 탐험을 연결하는 동화 배경으로 사용할 수 있다.,도서관에서 책 속 주인공을 만나는 생활권 독서 동화,"책 표지 색깔 찾기, 사서에게 추천 도서 묻기, 가족 독서 기록 남기기",4-7;8-10,도서관;작은도서관;2088,합천유치원작은도서관,경상남도,합천군,작은도서관,토+일+공휴일,10:00,18:00,00:00,00:00,00:00,00:00,6,2088,0,0,2088,14,경상남도 합천군 합천읍 인덕로 2519,합천유치원,055-931-7742,,99.17,http://hcedu.gne.go.kr,2025-11-28,5480000,경상남도 합천군
전국도서관표준데이터 작은도서관 필터,https://www.data.go.kr/data/15013109/standard.do,2025-11-28,place,육아종합지원센터작은도서관,작은도서관,합천군,경상남도 합천군 합천읍 동서로 109,35.566129,128.164193,육아종합지원센터작은도서관은(는) 아이의 독서 습관과 지역 탐험을 연결하는 동화 배경으로 사용할 수 있다.,도서관에서 책 속 주인공을 만나는 생활권 독서 동화,"책 표지 색깔 찾기, 사서에게 추천 도서 묻기, 가족 독서 기록 남기기",4-7;8-10,도서관;작은도서관;1976,육아종합지원센터작은도서관,경상남도,합천군,작은도서관,월+토+일+공휴일,09:00,18:00,00:00,00:00,00:00,00:00,27,1976,0,0,1976,14,경상남도 합천군 합천읍 동서로 109,합천군육아종합지원센터,055-934-0883,,115.7,http://hc4children.or.kr,2025-11-28,5480000,경상남도 합천군
전국도서관표준데이터 작은도서관 필터,https://www.data.go.kr/data/15013109/standard.do,2025-11-28,place,가야작은도서관,작은도서관,합천군,경상남도 합천군 가야면 황산3길 8-15,35.76271077,128.1387963,가야작은도서관은(는) 아이의 독서 습관과 지역 탐험을 연결하는 동화 배경으로 사용할 수 있다.,도서관에서 책 속 주인공을 만나는 생활권 독서 동화,"책 표지 색깔 찾기, 사서에게 추천 도서 묻기, 가족 독서 기록 남기기",4-7;8-10,도서관;작은도서관;7534,가야작은도서관,경상남도,합천군,작은도서관,토+일+공휴일,10:00,19:00,00:00,00:00,00:00,00:00,18,7534,0,0,7534,14,경상남도 합천군 가야면 황산3길 8-15,가야작은도서관,055-932-9989,,122.31,,2025-11-28,5480000,경상남도 합천군
전국도서관표준데이터 작은도서관 필터,https://www.data.go.kr/data/15013109/standard.do,2025-11-14,place,다독다독 북카페,작은도서관,서구,인천광역시 서구 봉화로 42 (왕길동),37.59701626,126.6376311,다독다독 북카페은(는) 아이의 독서 습관과 지역 탐험을 연결하는 동화 배경으로 사용할 수 있다.,도서관에서 책 속 주인공을 만나는 생활권 독서 동화,"책 표지 색깔 찾기, 사서에게 추천 도서 묻기, 가족 독서 기록 남기기",4-7;8-10,도서관;작은도서관;1605,다독다독 북카페,인천광역시,서구,작은도서관,토+일+법정공휴일,10:00,17:00,00:00,00:00,00:00,00:00,35,1605,0,0,0,0,인천광역시 서구 봉화로 42 (왕길동),,032-718-5440,,,,2025-11-14,3560000,인천광역시 서구
전국도서관표준데이터 작은도서관 필터,https://www.data.go.kr/data/15013109/standard.do,2025-11-14,place,책향 북카페,작은도서관,서구,인천광역시 서구 가정로406번길 25 (가정동),37.52195565,126.6765082,책향 북카페은(는) 아이의 독서 습관과 지역 탐험을 연결하는 동화 배경으로 사용할 수 있다.,도서관에서 책 속 주인공을 만나는 생활권 독서 동화,"책 표지 색깔 찾기, 사서에게 추천 도서 묻기, 가족 독서 기록 남기기",4-7;8-10,도서관;작은도서관;1302,책향 북카페,인천광역시,서구,작은도서관,토+일+법정공휴일,10:00,17:00,00:00,00:00,00:00,00:00,14,1302,0,0,0,0,인천광역시 서구 가정로406번길 25 (가정동),,032-718-3720,,,,2025-11-14,3560000,인천광역시 서구
전국도서관표준데이터 작은도서관 필터,https://www.data.go.kr/data/15013109/standard.do,2025-11-14,place,불로문화체육센터 작은도서관,작은도서관,서구,인천광역시 서구 검단로768번1길 3 (불로동),37.61299724,126.6858828,불로문화체육센터 작은도서관은(는) 아이의 독서 습관과 지역 탐험을 연결하는 동화 배경으로 사용할 수 있다.,도서관에서 책 속 주인공을 만나는 생활권 독서 동화,"책 표지 색깔 찾기, 사서에게 추천 도서 묻기, 가족 독서 기록 남기기",4-7;8-10,도서관;작은도서관;1220,불로문화체육센터 작은도서관,인천광역시,서구,작은도서관,일+법정공휴일,07:00,20:00,07:00,17:00,00:00,00:00,54,1220,0,0,0,0,인천광역시 서구 검단로768번1길 3 (불로동),,032-561-5670,,,,2025-11-14,3560000,인천광역시 서구
전국도서관표준데이터 작은도서관 필터,https://www.data.go.kr/data/15013109/standard.do,2025-06-26,place,학2마을작은도서관,작은도서관,동구,"광주광역시 동구 남문로693번길 11, 학2마을아파트 (학동)",35.12981549,126.9282277,학2마을작은도서관은(는) 아이의 독서 습관과 지역 탐험을 연결하는 동화 배경으로 사용할 수 있다.,도서관에서 책 속 주인공을 만나는 생활권 독서 동화,"책 표지 색깔 찾기, 사서에게 추천 도서 묻기, 가족 독서 기록 남기기",4-7;8-10,도서관;작은도서관;3215,학2마을작은도서관,광주광역시,동구,작은도서관,일+국가지정공휴일,09:00,17:00,09:00,12:00,00:00,00:00,12,3215,0,0,0,0,"광주광역시 동구 남문로693번길 11, 학2마을아파트 (학동)",학2마을아파트입주자대표회의,062-223-1168,,83,,2025-06-26,3590000,광주광역시 동구
전국도서관표준데이터 작은도서관 필터,https://www.data.go.kr/data/15013109/standard.do,2025-06-26,place,월남호반독서치유도서관,작은도서관,동구,"광주광역시 동구 남문로 377, 월남호반아파트 (월남동)",35.10512654,126.9371396,월남호반독서치유도서관은(는) 아이의 독서 습관과 지역 탐험을 연결하는 동화 배경으로 사용할 수 있다.,도서관에서 책 속 주인공을 만나는 생활권 독서 동화,"책 표지 색깔 찾기, 사서에게 추천 도서 묻기, 가족 독서 기록 남기기",4-7;8-10,도서관;작은도서관;6414,월남호반독서치유도서관,광주광역시,동구,작은도서관,토+일+국가지정공휴일,15:30,18:00,00:00,00:00,00:00,00:00,39,6414,0,0,0,0,"광주광역시 동구 남문로 377, 월남호반아파트 (월남동)",,062-227-0660,,156,,2025-06-26,3590000,광주광역시 동구
전국도서관표준데이터 작은도서관 필터,https://www.data.go.kr/data/15013109/standard.do,2025-06-02,place,도담도담어린이도서관,작은도서관,북구,광주광역시 북구 우치로 45(중흥동),35.17171831,126.9115915,도담도담어린이도서관은(는) 아이의 독서 습관과 지역 탐험을 연결하는 동화 배경으로 사용할 수 있다.,도서관에서 책 속 주인공을 만나는 생활권 독서 동화,"책 표지 색깔 찾기, 사서에게 추천 도서 묻기, 가족 독서 기록 남기기",4-7;8-10,도서관;작은도서관;3100,도담도담어린이도서관,광주광역시,북구,작은도서관,국가지정공휴일,10:00,17:00,13:00,17:00,00:00,00:00,20,3100,0,0,3,7,광주광역시 북구 우치로 45(중흥동),,062-514-8291,,56,https://www.smalllibrary.org/library/detail/1048482,2025-06-02,3620000,광주광역시 북구
전국도서관표준데이터 작은도서관 필터,https://www.data.go.kr/data/15013109/standard.do,2025-06-02,place,동림동작은도서관,작은도서관,북구,광주광역시 북구 북문대로 236(동림동 행정복지센터 3층),35.18702965,126.8666034,동림동작은도서관은(는) 아이의 독서 습관과 지역 탐험을 연결하는 동화 배경으로 사용할 수 있다.,도서관에서 책 속 주인공을 만나는 생활권 독서 동화,"책 표지 색깔 찾기, 사서에게 추천 도서 묻기, 가족 독서 기록 남기기",4-7;8-10,도서관;작은도서관;5270,동림동작은도서관,광주광역시,북구,작은도서관,토+국가지정공휴일,09:00,18:00,00:00,00:00,00:00,00:00,15,5270,2,0,5,15,광주광역시 북구 북문대로 236(동림동 행정복지센터 3층),광주광역시 북구 행정복지센터,062-410-8703,,186.44,https://www.smalllibrary.org/library/detail/1048355,2025-06-02,3620000,광주광역시 북구
전국도서관표준데이터 작은도서관 필터,https://www.data.go.kr/data/15013109/standard.do,2025-06-02,place,동이트는작은도서관,작은도서관,북구,광주광역시 북구 당뫼로 12(중흥동),35.16746852,126.9137492,동이트는작은도서관은(는) 아이의 독서 습관과 지역 탐험을 연결하는 동화 배경으로 사용할 수 있다.,도서관에서 책 속 주인공을 만나는 생활권 독서 동화,"책 표지 색깔 찾기, 사서에게 추천 도서 묻기, 가족 독서 기록 남기기",4-7;8-10,도서관;작은도서관;2000,동이트는작은도서관,광주광역시,북구,작은도서관,월+국가지정공휴일,10:00,00:00,10:00,00:00,00:00,00:00,50,2000,0,0,3,7,광주광역시 북구 당뫼로 12(중흥동),,062-525-1691,,212.47,https://www.smalllibrary.org/library/detail/1048485,2025-06-02,3620000,광주광역시 북구
전국도서관표준데이터 작은도서관 필터,https://www.data.go.kr/data/15013109/standard.do,2025-09-04,place,양평1동공립작은도서관,작은도서관,영등포구,서울특별시 영등포구 선유서로34길 10,37.5268695,126.8874353,양평1동공립작은도서관은(는) 아이의 독서 습관과 지역 탐험을 연결하는 동화 배경으로 사용할 수 있다.,도서관에서 책 속 주인공을 만나는 생활권 독서 동화,"책 표지 색깔 찾기, 사서에게 추천 도서 묻기, 가족 독서 기록 남기기",4-7;8-10,도서관;작은도서관;10391,양평1동공립작은도서관,서울특별시,영등포구,작은도서관,매주 토요일+일요일+법정공휴일,09:00,19:00,00:00,00:00,00:00,00:00,32,10391,0,0,10,21,서울특별시 영등포구 선유서로34길 10,서울특별시 영등포구청,02-2670-1198,,34,https://www.ydplib.or.kr/small,2025-09-04,3180000,서울특별시 영등포구
전국도서관표준데이터 작은도서관 필터,https://www.data.go.kr/data/15013109/standard.do,2025-09-04,place,늘샘드리공립작은도서관,작은도서관,영등포구,서울특별시 영등포구 도영로7길 10,37.5094234,126.8959334,늘샘드리공립작은도서관은(는) 아이의 독서 습관과 지역 탐험을 연결하는 동화 배경으로 사용할 수 있다.,도서관에서 책 속 주인공을 만나는 생활권 독서 동화,"책 표지 색깔 찾기, 사서에게 추천 도서 묻기, 가족 독서 기록 남기기",4-7;8-10,도서관;작은도서관;7619,늘샘드리공립작은도서관,서울특별시,영등포구,작은도서관,일요일+법정공휴일,09:00,19:00,10:00,17:00,00:00,00:00,32,7619,0,0,10,21,서울특별시 영등포구 도영로7길 10,서울특별시 영등포구청,02-848-9622,,267,https://www.ydplib.or.kr/small,2025-09-04,3180000,서울특별시 영등포구
전국도서관표준데이터 작은도서관 필터,https://www.data.go.kr/data/15013109/standard.do,2025-09-04,place,밤동산작은도서관,작은도서관,영등포구,서울특별시 영등포구 여의대방로61길 18-2,37.51489929,126.9245235,밤동산작은도서관은(는) 아이의 독서 습관과 지역 탐험을 연결하는 동화 배경으로 사용할 수 있다.,도서관에서 책 속 주인공을 만나는 생활권 독서 동화,"책 표지 색깔 찾기, 사서에게 추천 도서 묻기, 가족 독서 기록 남기기",4-7;8-10,도서관;작은도서관;7510,밤동산작은도서관,서울특별시,영등포구,작은도서관,매주 월요일+법정공휴일,09:00,18:00,09:00,17:00,09:00,17:00,70,7510,0,0,10,21,서울특별시 영등포구 여의대방로61길 18-2,영등포문화재단,02-849-9716,149,303,https://www.ydplib.or.kr,2025-09-04,3180000,서울특별시 영등포구
전국도서관표준데이터 작은도서관 필터,https://www.data.go.kr/data/15013109/standard.do,2023-12-01,place,송악샘터작은도서관,작은도서관,당진시,충청남도 당진시 송악읍 송악로 668-8(중흥리노인회관 2층),,,송악샘터작은도서관은(는) 아이의 독서 습관과 지역 탐험을 연결하는 동화 배경으로 사용할 수 있다.,도서관에서 책 속 주인공을 만나는 생활권 독서 동화,"책 표지 색깔 찾기, 사서에게 추천 도서 묻기, 가족 독서 기록 남기기",4-7;8-10,도서관;작은도서관;18934,송악샘터작은도서관,충청남도,당진시,작은도서관,매주 월요일 및 국가지정 공휴일,09:00,18:00,09:00,18:00,00:00,00:00,50,18934,5,0,5,14,충청남도 당진시 송악읍 송악로 668-8(중흥리노인회관 2층),,,,,,2023-12-01,5680000,충청남도 당진시
전국도서관표준데이터 작은도서관 필터,https://www.data.go.kr/data/15013109/standard.do,2023-12-01,place,송악해나루작은도서관,작은도서관,당진시,충청남도 당진시 송악읍 부곡공단4길 53-13(당진근로자종합복지관 2층),,,송악해나루작은도서관은(는) 아이의 독서 습관과 지역 탐험을 연결하는 동화 배경으로 사용할 수 있다.,도서관에서 책 속 주인공을 만나는 생활권 독서 동화,"책 표지 색깔 찾기, 사서에게 추천 도서 묻기, 가족 독서 기록 남기기",4-7;8-10,도서관;작은도서관;13772,송악해나루작은도서관,충청남도,당진시,작은도서관,매주 월요일 및 국가지정 공휴일,09:00,18:00,09:00,18:00,00:00,00:00,44,13772,4,0,5,14,충청남도 당진시 송악읍 부곡공단4길 53-13(당진근로자종합복지관 2층),,,,,,2023-12-01,5680000,충청남도 당진시
전국도서관표준데이터 작은도서관 필터,https://www.data.go.kr/data/15013109/standard.do,2023-12-01,place,고대웃음꽃작은도서관,작은도서관,당진시,충청남도 당진시 고대면 고대로 65(고대면복지회관 2층),,,고대웃음꽃작은도서관은(는) 아이의 독서 습관과 지역 탐험을 연결하는 동화 배경으로 사용할 수 있다.,도서관에서 책 속 주인공을 만나는 생활권 독서 동화,"책 표지 색깔 찾기, 사서에게 추천 도서 묻기, 가족 독서 기록 남기기",4-7;8-10,도서관;작은도서관;17505,고대웃음꽃작은도서관,충청남도,당진시,작은도서관,매주 월요일 및 국가지정 공휴일,09:00,18:00,09:00,18:00,00:00,00:00,25,17505,5,0,5,14,충청남도 당진시 고대면 고대로 65(고대면복지회관 2층),,,,,,2023-12-01,5680000,충청남도 당진시
전국도서관표준데이터 작은도서관 필터,https://www.data.go.kr/data/15013109/standard.do,2023-12-01,place,석문생각나무작은도서관,작은도서관,당진시,충청남도 당진시 석문면 대호만로 1736-13(서부새마을금고 2층),,,석문생각나무작은도서관은(는) 아이의 독서 습관과 지역 탐험을 연결하는 동화 배경으로 사용할 수 있다.,도서관에서 책 속 주인공을 만나는 생활권 독서 동화,"책 표지 색깔 찾기, 사서에게 추천 도서 묻기, 가족 독서 기록 남기기",4-7;8-10,도서관;작은도서관;17921,석문생각나무작은도서관,충청남도,당진시,작은도서관,매주 월요일 및 국가지정 공휴일,09:00,18:00,09:00,18:00,00:00,00:00,31,17921,3,0,5,14,충청남도 당진시 석문면 대호만로 1736-13(서부새마을금고 2층),,,,,,2023-12-01,5680000,충청남도 당진시
전국도서관표준데이터 작은도서관 필터,https://www.data.go.kr/data/15013109/standard.do,2023-12-01,place,대호지책나래작은도서관,작은도서관,당진시,충청남도 당진시 대호지면 4.4만세로 95(대호지면복지회관 1층),,,대호지책나래작은도서관은(는) 아이의 독서 습관과 지역 탐험을 연결하는 동화 배경으로 사용할 수 있다.,도서관에서 책 속 주인공을 만나는 생활권 독서 동화,"책 표지 색깔 찾기, 사서에게 추천 도서 묻기, 가족 독서 기록 남기기",4-7;8-10,도서관;작은도서관;21819,대호지책나래작은도서관,충청남도,당진시,작은도서관,매주 월요일 및 국가지정 공휴일,09:00,18:00,09:00,18:00,00:00,00:00,50,21819,4,0,5,14,충청남도 당진시 대호지면 4.4만세로 95(대호지면복지회관 1층),,,,,,2023-12-01,5680000,충청남도 당진시
전국도서관표준데이터 작은도서관 필터,https://www.data.go.kr/data/15013109/standard.do,2023-12-01,place,순성반딧불이작은도서관,작은도서관,당진시,충청남도 당진시 순성면 순성로 504(순성성모의원 2층),,,순성반딧불이작은도서관은(는) 아이의 독서 습관과 지역 탐험을 연결하는 동화 배경으로 사용할 수 있다.,도서관에서 책 속 주인공을 만나는 생활권 독서 동화,"책 표지 색깔 찾기, 사서에게 추천 도서 묻기, 가족 독서 기록 남기기",4-7;8-10,도서관;작은도서관;10356,순성반딧불이작은도서관,충청남도,당진시,작은도서관,매주 월요일 및 국가지정 공휴일,09:00,18:00,09:00,18:00,00:00,00:00,10,10356,3,0,5,14,충청남도 당진시 순성면 순성로 504(순성성모의원 2층),,,,,,2023-12-01,5680000,충청남도 당진시
전국도서관표준데이터 작은도서관 필터,https://www.data.go.kr/data/15013109/standard.do,2024-12-06,place,봉선2차남양휴튼작은도서관,작은도서관,남구,광주광역시 남구 봉선로 115,35.12473714,126.908109,봉선2차남양휴튼작은도서관은(는) 아이의 독서 습관과 지역 탐험을 연결하는 동화 배경으로 사용할 수 있다.,도서관에서 책 속 주인공을 만나는 생활권 독서 동화,"책 표지 색깔 찾기, 사서에게 추천 도서 묻기, 가족 독서 기록 남기기",4-7;8-10,도서관;작은도서관;1247,봉선2차남양휴튼작은도서관,광주광역시,남구,작은도서관,토+일+공휴일,09:00,18:00,00:00,00:00,00:00,00:00,10,1247,0,0,0,0,광주광역시 남구 봉선로 115,봉선2차남양휴튼,062-672-7254,,65.9,,2024-12-06,3610000,광주광역시 남구
전국도서관표준데이터 작은도서관 필터,https://www.data.go.kr/data/15013109/standard.do,2024-12-06,place,청담에픽영어도서관,작은도서관,남구,광주광역시 남구 봉선로 158,35.12272918,126.9123713,청담에픽영어도서관은(는) 아이의 독서 습관과 지역 탐험을 연결하는 동화 배경으로 사용할 수 있다.,도서관에서 책 속 주인공을 만나는 생활권 독서 동화,"책 표지 색깔 찾기, 사서에게 추천 도서 묻기, 가족 독서 기록 남기기",4-7;8-10,도서관;작은도서관;1200,청담에픽영어도서관,광주광역시,남구,작은도서관,공휴일,09:00,21:00,09:00,21:00,09:00,21:00,18,1200,0,0,0,0,광주광역시 남구 봉선로 158,㈜오디세이원,062-449-0579,,178.99,,2024-12-06,3610000,광주광역시 남구
전국도서관표준데이터 작은도서관 필터,https://www.data.go.kr/data/15013109/standard.do,2024-12-06,place,풍경작은도서관,작은도서관,남구,광주광역시 남구 제석로80번길 5,35.12181523,126.9075683,풍경작은도서관은(는) 아이의 독서 습관과 지역 탐험을 연결하는 동화 배경으로 사용할 수 있다.,도서관에서 책 속 주인공을 만나는 생활권 독서 동화,"책 표지 색깔 찾기, 사서에게 추천 도서 묻기, 가족 독서 기록 남기기",4-7;8-10,도서관;작은도서관;1083,풍경작은도서관,광주광역시,남구,작은도서관,토+일+공휴일,09:00,18:00,00:00,00:00,00:00,00:00,6,1083,0,0,0,0,광주광역시 남구 제석로80번길 5,제일풍경채엘리트파크,062-652-7734,,44,,2024-12-06,3610000,광주광역시 남구
전국도서관표준데이터 작은도서관 필터,https://www.data.go.kr/data/15013109/standard.do,2024-12-06,place,꿈꾸는작은도서관,작은도서관,남구,광주광역시 남구 중앙로 122-1,35.14576621,126.910521,꿈꾸는작은도서관은(는) 아이의 독서 습관과 지역 탐험을 연결하는 동화 배경으로 사용할 수 있다.,도서관에서 책 속 주인공을 만나는 생활권 독서 동화,"책 표지 색깔 찾기, 사서에게 추천 도서 묻기, 가족 독서 기록 남기기",4-7;8-10,도서관;작은도서관;3315,꿈꾸는작은도서관,광주광역시,남구,작은도서관,공휴일,10:00,16:00,13:00,16:00,13:00,16:00,12,3315,0,0,0,0,광주광역시 남구 중앙로 122-1,홍정기,,,90.19,,2024-12-06,3610000,광주광역시 남구
전국도서관표준데이터 작은도서관 필터,https://www.data.go.kr/data/15013109/standard.do,2024-12-06,place,가산작은도서관,작은도서관,남구,광주광역시 남구 효천로 176,35.1076032012,126.8635040924,가산작은도서관은(는) 아이의 독서 습관과 지역 탐험을 연결하는 동화 배경으로 사용할 수 있다.,도서관에서 책 속 주인공을 만나는 생활권 독서 동화,"책 표지 색깔 찾기, 사서에게 추천 도서 묻기, 가족 독서 기록 남기기",4-7;8-10,도서관;작은도서관;1000,가산작은도서관,광주광역시,남구,작은도서관,토+일+공휴일,10:00,18:00,00:00,00:00,00:00,00:00,20,1000,0,0,0,0,광주광역시 남구 효천로 176,효천1지구 LH1단지,062-674-1676,,73.09,,2024-12-06,3610000,광주광역시 남구
전국도서관표준데이터 작은도서관 필터,https://www.data.go.kr/data/15013109/standard.do,2024-12-06,place,늘푸른작은도서관,작은도서관,남구,광주광역시 남구 효우2로 90,35.09838886,126.8830014,늘푸른작은도서관은(는) 아이의 독서 습관과 지역 탐험을 연결하는 동화 배경으로 사용할 수 있다.,도서관에서 책 속 주인공을 만나는 생활권 독서 동화,"책 표지 색깔 찾기, 사서에게 추천 도서 묻기, 가족 독서 기록 남기기",4-7;8-10,도서관;작은도서관;1573,늘푸른작은도서관,광주광역시,남구,작은도서관,토+일+공휴일,09:00,18:00,00:00,00:00,00:00,00:00,30,1573,0,0,0,0,광주광역시 남구 효우2로 90,효천LH천년나무6단지,062-655-1804,,91.64,,2024-12-06,3610000,광주광역시 남구
전국도서관표준데이터 작은도서관 필터,https://www.data.go.kr/data/15013109/standard.do,2024-12-06,place,브라운스톤효천작은도서관,작은도서관,남구,광주광역시 남구 효우2로 89,35.09806998,126.8838704,브라운스톤효천작은도서관은(는) 아이의 독서 습관과 지역 탐험을 연결하는 동화 배경으로 사용할 수 있다.,도서관에서 책 속 주인공을 만나는 생활권 독서 동화,"책 표지 색깔 찾기, 사서에게 추천 도서 묻기, 가족 독서 기록 남기기",4-7;8-10,도서관;작은도서관;5000,브라운스톤효천작은도서관,광주광역시,남구,작은도서관,공휴일,09:00,17:00,09:00,17:00,09:00,17:00,30,5000,0,0,0,0,광주광역시 남구 효우2로 89,브라운스톤효천아파트,062-681-2800,,126.62,,2024-12-06,3610000,광주광역시 남구
전국도서관표준데이터 작은도서관 필터,https://www.data.go.kr/data/15013109/standard.do,2025-07-31,place,푸르미 작은도서관,작은도서관,진주시,경상남도 진주시 초장로14번길 29(진주초전푸르지오2단지)관리사무소 내,35.20783601,128.1119137,푸르미 작은도서관은(는) 아이의 독서 습관과 지역 탐험을 연결하는 동화 배경으로 사용할 수 있다.,도서관에서 책 속 주인공을 만나는 생활권 독서 동화,"책 표지 색깔 찾기, 사서에게 추천 도서 묻기, 가족 독서 기록 남기기",4-7;8-10,도서관;작은도서관;10517,푸르미 작은도서관,경상남도,진주시,작은도서관,일+공휴일,14:00,18:00,10:00,17:00,00:00,00:00,34,10517,2,100,10557,0,경상남도 진주시 초장로14번길 29(진주초전푸르지오2단지)관리사무소 내,푸르미 작은도서관,070-8988-9403,,225.85,,2025-07-31,5310000,경상남도 진주시
전국도서관표준데이터 작은도서관 필터,https://www.data.go.kr/data/15013109/standard.do,2025-07-31,place,핑크드림 도서관,작은도서관,진주시,경상남도 진주시 진양호로125번길 4-1(평거종합사회복지관),35.16863673,128.0538849,핑크드림 도서관은(는) 아이의 독서 습관과 지역 탐험을 연결하는 동화 배경으로 사용할 수 있다.,도서관에서 책 속 주인공을 만나는 생활권 독서 동화,"책 표지 색깔 찾기, 사서에게 추천 도서 묻기, 가족 독서 기록 남기기",4-7;8-10,도서관;작은도서관;6332,핑크드림 도서관,경상남도,진주시,작은도서관,토+일+공휴일,09:00,18:00,00:00,00:00,00:00,00:00,16,6332,1,0,5898,14,경상남도 진주시 진양호로125번길 4-1(평거종합사회복지관),핑크드림 도서관,055-746-5480,,36,,2025-07-31,5310000,경상남도 진주시
전국도서관표준데이터 작은도서관 필터,https://www.data.go.kr/data/15013109/standard.do,2025-07-31,place,하대1동 새마을작은도서관,작은도서관,진주시,경상남도 진주시 도동로215번길 18(하대1동주민센터),35.18970898,128.1202778,하대1동 새마을작은도서관은(는) 아이의 독서 습관과 지역 탐험을 연결하는 동화 배경으로 사용할 수 있다.,도서관에서 책 속 주인공을 만나는 생활권 독서 동화,"책 표지 색깔 찾기, 사서에게 추천 도서 묻기, 가족 독서 기록 남기기",4-7;8-10,도서관;작은도서관;3208,하대1동 새마을작은도서관,경상남도,진주시,작은도서관,토+일+공휴일,09:00,18:00,00:00,00:00,00:00,00:00,16,3208,0,0,3208,14,경상남도 진주시 도동로215번길 18(하대1동주민센터),하대1동 새마을작은도서관,055-749-4243,,38,,2025-07-31,5310000,경상남도 진주시
전국도서관표준데이터 작은도서관 필터,https://www.data.go.kr/data/15013109/standard.do,2025-07-31,place,하대현대우리작은도서관,작은도서관,진주시,"경상남도 진주시 하대로 142(하대동, 하대현대아파트)",35.19313674,128.1267948,하대현대우리작은도서관은(는) 아이의 독서 습관과 지역 탐험을 연결하는 동화 배경으로 사용할 수 있다.,도서관에서 책 속 주인공을 만나는 생활권 독서 동화,"책 표지 색깔 찾기, 사서에게 추천 도서 묻기, 가족 독서 기록 남기기",4-7;8-10,도서관;작은도서관;5800,하대현대우리작은도서관,경상남도,진주시,작은도서관,일+공휴일,14:00,18:00,14:00,18:00,00:00,00:00,30,5800,0,0,5353,14,"경상남도 진주시 하대로 142(하대동, 하대현대아파트)",하대현대우리작은도서관,,,70,,2025-07-31,5310000,경상남도 진주시
전국도서관표준데이터 작은도서관 필터,https://www.data.go.kr/data/15013109/standard.do,2025-07-31,place,혁신도시LH8단지 도서관,작은도서관,진주시,경상남도 진주시 사들로 35(혁신도시LH아파트8단지),35.17291367,128.1460613,혁신도시LH8단지 도서관은(는) 아이의 독서 습관과 지역 탐험을 연결하는 동화 배경으로 사용할 수 있다.,도서관에서 책 속 주인공을 만나는 생활권 독서 동화,"책 표지 색깔 찾기, 사서에게 추천 도서 묻기, 가족 독서 기록 남기기",4-7;8-10,도서관;작은도서관;4203,혁신도시LH8단지 도서관,경상남도,진주시,작은도서관,일+공휴일,14:00,17:00,09:00,18:00,00:00,00:00,32,4203,0,0,1000,0,경상남도 진주시 사들로 35(혁신도시LH아파트8단지),혁신도시LH8단지 도서관,055-761-3592,113.9,78.9,,2025-07-31,5310000,경상남도 진주시
전국도서관표준데이터 작은도서관 필터,https://www.data.go.kr/data/15013109/standard.do,2025-07-31,place,꿈꾸는 도서관,작은도서관,진주시,경상남도 진주시 내동면 순환로 425-61 (진주남강휴먼빌),35.16204058,128.0668114,꿈꾸는 도서관은(는) 아이의 독서 습관과 지역 탐험을 연결하는 동화 배경으로 사용할 수 있다.,도서관에서 책 속 주인공을 만나는 생활권 독서 동화,"책 표지 색깔 찾기, 사서에게 추천 도서 묻기, 가족 독서 기록 남기기",4-7;8-10,도서관;작은도서관;4429,꿈꾸는 도서관,경상남도,진주시,작은도서관,토+일+공휴일,10:00,12:00,00:00,00:00,00:00,00:00,30,4429,0,0,5021,0,경상남도 진주시 내동면 순환로 425-61 (진주남강휴먼빌),꿈꾸는 도서관,055-763-0083,,139.28,,2025-07-31,5310000,경상남도 진주시
전국도서관표준데이터 작은도서관 필터,https://www.data.go.kr/data/15013109/standard.do,2025-07-31,place,LH말티고개작은도서관,작은도서관,진주시,경상남도 진주시 진산로 20,35.19374136,128.094330,LH말티고개작은도서관은(는) 아이의 독서 습관과 지역 탐험을 연결하는 동화 배경으로 사용할 수 있다.,도서관에서 책 속 주인공을 만나는 생활권 독서 동화,"책 표지 색깔 찾기, 사서에게 추천 도서 묻기, 가족 독서 기록 남기기",4-7;8-10,도서관;작은도서관;3123,LH말티고개작은도서관,경상남도,진주시,작은도서관,토+일+공휴일,10:00,17:00,00:00,00:00,00:00,00:00,20,3123,0,0,1000,14,경상남도 진주시 진산로 20,LH말티고개작은도서관,055-746-3510,,94,,2025-07-31,5310000,경상남도 진주시
전국도서관표준데이터 작은도서관 필터,https://www.data.go.kr/data/15013109/standard.do,2025-12-03,place,청림동 푸른숲작은도서관,작은도서관,관악구,서울특별시 관악구 관악로40길 39,37.49184717,126.9586277,청림동 푸른숲작은도서관은(는) 아이의 독서 습관과 지역 탐험을 연결하는 동화 배경으로 사용할 수 있다.,도서관에서 책 속 주인공을 만나는 생활권 독서 동화,"책 표지 색깔 찾기, 사서에게 추천 도서 묻기, 가족 독서 기록 남기기",4-7;8-10,도서관;작은도서관;7938,청림동 푸른숲작은도서관,서울특별시,관악구,작은도서관,토+일+공휴일,10:00,18:00,00:00,00:00,00:00,00:00,20,7938,4,2,5,14,서울특별시 관악구 관악로40길 39,서울특별시 관악구청,02-876-4090,,786,http://lib.gwanak.go.kr/,2025-12-03,3200000,서울특별시 관악구
전국도서관표준데이터 작은도서관 필터,https://www.data.go.kr/data/15013109/standard.do,2025-12-03,place,행운동 마루작은도서관,작은도서관,관악구,서울특별시 관악구 행운1길 43,37.48064257,126.957059,행운동 마루작은도서관은(는) 아이의 독서 습관과 지역 탐험을 연결하는 동화 배경으로 사용할 수 있다.,도서관에서 책 속 주인공을 만나는 생활권 독서 동화,"책 표지 색깔 찾기, 사서에게 추천 도서 묻기, 가족 독서 기록 남기기",4-7;8-10,도서관;작은도서관;6476,행운동 마루작은도서관,서울특별시,관악구,작은도서관,토+일+공휴일,10:00,18:00,00:00,00:00,00:00,00:00,20,6476,0,1,5,14,서울특별시 관악구 행운1길 43,서울특별시 관악구청,02-876-3434,626,1447,http://lib.gwanak.go.kr/,2025-12-03,3200000,서울특별시 관악구
전국도서관표준데이터 작은도서관 필터,https://www.data.go.kr/data/15013109/standard.do,2025-12-03,place,청룡동 숯고을작은도서관,작은도서관,관악구,서울특별시 관악구 쑥고개로 44,37.479107,126.941694,청룡동 숯고을작은도서관은(는) 아이의 독서 습관과 지역 탐험을 연결하는 동화 배경으로 사용할 수 있다.,도서관에서 책 속 주인공을 만나는 생활권 독서 동화,"책 표지 색깔 찾기, 사서에게 추천 도서 묻기, 가족 독서 기록 남기기",4-7;8-10,도서관;작은도서관;10961,청룡동 숯고을작은도서관,서울특별시,관악구,작은도서관,토+일+공휴일,10:00,18:00,00:00,00:00,00:00,00:00,20,10961,0,43,5,14,서울특별시 관악구 쑥고개로 44,서울특별시 관악구청,02-876-4083,779,1441,http://lib.gwanak.go.kr/,2025-12-03,3200000,서울특별시 관악구
전국도서관표준데이터 작은도서관 필터,https://www.data.go.kr/data/15013109/standard.do,2025-12-03,place,낙성동 우듬지작은도서관,작은도서관,관악구,서울특별시 관악구 낙성대로4가길 5,37.476264,126.958365,낙성동 우듬지작은도서관은(는) 아이의 독서 습관과 지역 탐험을 연결하는 동화 배경으로 사용할 수 있다.,도서관에서 책 속 주인공을 만나는 생활권 독서 동화,"책 표지 색깔 찾기, 사서에게 추천 도서 묻기, 가족 독서 기록 남기기",4-7;8-10,도서관;작은도서관;9178,낙성동 우듬지작은도서관,서울특별시,관악구,작은도서관,토+일+공휴일,10:00,18:00,00:00,00:00,00:00,00:00,20,9178,4,15,5,14,서울특별시 관악구 낙성대로4가길 5,서울특별시 관악구청,02-876-4072,924,2004,http://lib.gwanak.go.kr/,2025-12-03,3200000,서울특별시 관악구
전국도서관표준데이터 작은도서관 필터,https://www.data.go.kr/data/15013109/standard.do,2025-12-03,place,인헌동 보물섬 작은도서관,작은도서관,관악구,서울특별시 관악구 남부순환로246가길 20,37.475044,126.9653243,인헌동 보물섬 작은도서관은(는) 아이의 독서 습관과 지역 탐험을 연결하는 동화 배경으로 사용할 수 있다.,도서관에서 책 속 주인공을 만나는 생활권 독서 동화,"책 표지 색깔 찾기, 사서에게 추천 도서 묻기, 가족 독서 기록 남기기",4-7;8-10,도서관;작은도서관;19766,인헌동 보물섬 작은도서관,서울특별시,관악구,작은도서관,토+일+공휴일,10:00,18:00,00:00,00:00,00:00,00:00,24,19766,8,246,5,14,서울특별시 관악구 남부순환로246가길 20,서울특별시 관악구청,02-889-4941,590,1497,http://lib.gwanak.go.kr/,2025-12-03,3200000,서울특별시 관악구
전국도서관표준데이터 작은도서관 필터,https://www.data.go.kr/data/15013109/standard.do,2025-12-03,place,남현동 우리작은도서관,작은도서관,관악구,서울특별시 관악구 남현1가길 29,37.47468786,126.9778675,남현동 우리작은도서관은(는) 아이의 독서 습관과 지역 탐험을 연결하는 동화 배경으로 사용할 수 있다.,도서관에서 책 속 주인공을 만나는 생활권 독서 동화,"책 표지 색깔 찾기, 사서에게 추천 도서 묻기, 가족 독서 기록 남기기",4-7;8-10,도서관;작은도서관;18519,남현동 우리작은도서관,서울특별시,관악구,작은도서관,토+일+공휴일,10:00,18:00,00:00,00:00,00:00,00:00,60,18519,3,288,5,14,서울특별시 관악구 남현1가길 29,서울특별시 관악구청,02-525-1334,939,2448,http://lib.gwanak.go.kr/,2025-12-03,3200000,서울특별시 관악구
전국도서관표준데이터 작은도서관 필터,https://www.data.go.kr/data/15013109/standard.do,2025-12-03,place,신림동 굴렁쇠작은도서관,작은도서관,관악구,서울특별시 관악구 신림동길 14,37.487372,126.927118,신림동 굴렁쇠작은도서관은(는) 아이의 독서 습관과 지역 탐험을 연결하는 동화 배경으로 사용할 수 있다.,도서관에서 책 속 주인공을 만나는 생활권 독서 동화,"책 표지 색깔 찾기, 사서에게 추천 도서 묻기, 가족 독서 기록 남기기",4-7;8-10,도서관;작은도서관;7174,신림동 굴렁쇠작은도서관,서울특별시,관악구,작은도서관,토+일+공휴일,10:00,18:00,00:00,00:00,00:00,00:00,12,7174,3,9,5,14,서울특별시 관악구 신림동길 14,서울특별시 관악구청,02-877-2727,499,1037,http://lib.gwanak.go.kr/,2025-12-03,3200000,서울특별시 관악구
전국도서관표준데이터 작은도서관 필터,https://www.data.go.kr/data/15013109/standard.do,2025-12-03,place,신사동 해오름작은도서관,작은도서관,관악구,서울특별시 관악구 조원로 142,37.48540905,126.9180954,신사동 해오름작은도서관은(는) 아이의 독서 습관과 지역 탐험을 연결하는 동화 배경으로 사용할 수 있다.,도서관에서 책 속 주인공을 만나는 생활권 독서 동화,"책 표지 색깔 찾기, 사서에게 추천 도서 묻기, 가족 독서 기록 남기기",4-7;8-10,도서관;작은도서관;8244,신사동 해오름작은도서관,서울특별시,관악구,작은도서관,토+일+공휴일,10:00,18:00,00:00,00:00,00:00,00:00,20,8244,1,24,5,14,서울특별시 관악구 조원로 142,서울특별시 관악구청,02-853-7336,369,695,http://lib.gwanak.go.kr/,2025-12-03,3200000,서울특별시 관악구
전국도서관표준데이터 작은도서관 필터,https://www.data.go.kr/data/15013109/standard.do,2025-12-03,place,미성동 책의향기작은도서관,작은도서관,관악구,서울특별시 관악구 난곡로 249,37.476132,126.915527,미성동 책의향기작은도서관은(는) 아이의 독서 습관과 지역 탐험을 연결하는 동화 배경으로 사용할 수 있다.,도서관에서 책 속 주인공을 만나는 생활권 독서 동화,"책 표지 색깔 찾기, 사서에게 추천 도서 묻기, 가족 독서 기록 남기기",4-7;8-10,도서관;작은도서관;8102,미성동 책의향기작은도서관,서울특별시,관악구,작은도서관,토+일+공휴일,10:00,18:00,00:00,00:00,00:00,00:00,20,8102,0,25,5,14,서울특별시 관악구 난곡로 249,서울특별시 관악구청,02-830-5312,396,721,http://lib.gwanak.go.kr/,2025-12-03,3200000,서울특별시 관악구
전국도서관표준데이터 작은도서관 필터,https://www.data.go.kr/data/15013109/standard.do,2025-08-31,place,전의도래샘작은도서관,작은도서관,없음,세종특별자치시 조치원읍 신흥샛터3길3,36.59737886,127.2941559,전의도래샘작은도서관은(는) 아이의 독서 습관과 지역 탐험을 연결하는 동화 배경으로 사용할 수 있다.,도서관에서 책 속 주인공을 만나는 생활권 독서 동화,"책 표지 색깔 찾기, 사서에게 추천 도서 묻기, 가족 독서 기록 남기기",4-7;8-10,도서관;작은도서관;12179,전의도래샘작은도서관,세종특별자치시,없음,작은도서관,매주월요일+일요일+국가지정공휴일,10:00,18:00,09:00,13:00,00:00,00:00,30,12179,1,0,5,14,세종특별자치시 조치원읍 신흥샛터3길3,세종특별자치시,044-301-5861,281,281,https://www.smalllibrary.org/library/detail/1048936,2025-08-31,5690000,세종특별자치시
전국도서관표준데이터 작은도서관 필터,https://www.data.go.kr/data/15013109/standard.do,2025-08-31,place,연동면작은도서관,작은도서관,없음,세종특별자치시 연동면 장욱진로7,36.5553423,127.3273282,연동면작은도서관은(는) 아이의 독서 습관과 지역 탐험을 연결하는 동화 배경으로 사용할 수 있다.,도서관에서 책 속 주인공을 만나는 생활권 독서 동화,"책 표지 색깔 찾기, 사서에게 추천 도서 묻기, 가족 독서 기록 남기기",4-7;8-10,도서관;작은도서관;3469,연동면작은도서관,세종특별자치시,없음,작은도서관,매주월요일+일요일+국가지정공휴일,10:00,18:00,09:00,13:00,00:00,00:00,20,3469,0,0,5,14,세종특별자치시 연동면 장욱진로7,세종특별자치시,044-301-5318,99,99,https://www.smalllibrary.org/library/detail/3003376,2025-08-31,5690000,세종특별자치시
전국도서관표준데이터 작은도서관 필터,https://www.data.go.kr/data/15013109/standard.do,2025-11-14,place,The Way 작은도서관,작은도서관,서구,인천광역시 서구 서곶로 341 (연희동),37.54822157,126.6766898,The Way 작은도서관은(는) 아이의 독서 습관과 지역 탐험을 연결하는 동화 배경으로 사용할 수 있다.,도서관에서 책 속 주인공을 만나는 생활권 독서 동화,"책 표지 색깔 찾기, 사서에게 추천 도서 묻기, 가족 독서 기록 남기기",4-7;8-10,도서관;작은도서관;5521,The Way 작은도서관,인천광역시,서구,작은도서관,일+월+법정공휴일,10:00,18:00,10:00,18:00,00:00,00:00,15,5521,0,0,2,7,인천광역시 서구 서곶로 341 (연희동),,032-577-6350,,,,2025-11-14,3560000,인천광역시 서구
전국도서관표준데이터 작은도서관 필터,https://www.data.go.kr/data/15013109/standard.do,2025-11-14,place,글잎새 작은도서관,작은도서관,서구,인천광역시 서구 승학로495번길 4-14 (검암동),37.56574195,126.6761717,글잎새 작은도서관은(는) 아이의 독서 습관과 지역 탐험을 연결하는 동화 배경으로 사용할 수 있다.,도서관에서 책 속 주인공을 만나는 생활권 독서 동화,"책 표지 색깔 찾기, 사서에게 추천 도서 묻기, 가족 독서 기록 남기기",4-7;8-10,도서관;작은도서관;1290,글잎새 작은도서관,인천광역시,서구,작은도서관,휴관,00:00,00:00,00:00,00:00,00:00,00:00,15,1290,0,0,0,0,인천광역시 서구 승학로495번길 4-14 (검암동),,032-000-0000,,,,2025-11-14,3560000,인천광역시 서구
전국도서관표준데이터 작은도서관 필터,https://www.data.go.kr/data/15013109/standard.do,2025-11-14,place,하늘샘 도서관,작은도서관,서구,인천광역시 서구 완정로34번길 55 (마전동),37.59780318,126.674779,하늘샘 도서관은(는) 아이의 독서 습관과 지역 탐험을 연결하는 동화 배경으로 사용할 수 있다.,도서관에서 책 속 주인공을 만나는 생활권 독서 동화,"책 표지 색깔 찾기, 사서에게 추천 도서 묻기, 가족 독서 기록 남기기",4-7;8-10,도서관;작은도서관;3000,하늘샘 도서관,인천광역시,서구,작은도서관,휴관,00:00,00:00,00:00,00:00,00:00,00:00,20,3000,0,0,0,0,인천광역시 서구 완정로34번길 55 (마전동),,032-562-5292,,,,2025-11-14,3560000,인천광역시 서구
전국도서관표준데이터 작은도서관 필터,https://www.data.go.kr/data/15013109/standard.do,2025-11-14,place,꿈을 굽는 작은도서관,작은도서관,서구,인천광역시 서구 원당대로 860 (당하동),37.59328217,126.6968709,꿈을 굽는 작은도서관은(는) 아이의 독서 습관과 지역 탐험을 연결하는 동화 배경으로 사용할 수 있다.,도서관에서 책 속 주인공을 만나는 생활권 독서 동화,"책 표지 색깔 찾기, 사서에게 추천 도서 묻기, 가족 독서 기록 남기기",4-7;8-10,도서관;작은도서관;6482,꿈을 굽는 작은도서관,인천광역시,서구,작은도서관,금+일+법정공휴일,14:00,18:00,14:00,18:00,00:00,00:00,16,6482,0,0,2,7,인천광역시 서구 원당대로 860 (당하동),,032-000-0000,,,,2025-11-14,3560000,인천광역시 서구
전국도서관표준데이터 작은도서관 필터,https://www.data.go.kr/data/15013109/standard.do,2025-11-14,place,동행 작은도서관,작은도서관,서구,인천광역시 서구 고래울로 6-1 (가좌동),37.48846687,126.6837645,동행 작은도서관은(는) 아이의 독서 습관과 지역 탐험을 연결하는 동화 배경으로 사용할 수 있다.,도서관에서 책 속 주인공을 만나는 생활권 독서 동화,"책 표지 색깔 찾기, 사서에게 추천 도서 묻기, 가족 독서 기록 남기기",4-7;8-10,도서관;작은도서관;1138,동행 작은도서관,인천광역시,서구,작은도서관,일+월+법정공휴일,11:00,15:00,11:00,15:00,00:00,00:00,22,1138,0,0,0,0,인천광역시 서구 고래울로 6-1 (가좌동),,032-258-1062,,,,2025-11-14,3560000,인천광역시 서구
전국도서관표준데이터 작은도서관 필터,https://www.data.go.kr/data/15013109/standard.do,2025-11-14,place,아라꿈 도서관,작은도서관,서구,인천광역시 서구 정서진로 651 (시천동),37.57093944,126.6730774,아라꿈 도서관은(는) 아이의 독서 습관과 지역 탐험을 연결하는 동화 배경으로 사용할 수 있다.,도서관에서 책 속 주인공을 만나는 생활권 독서 동화,"책 표지 색깔 찾기, 사서에게 추천 도서 묻기, 가족 독서 기록 남기기",4-7;8-10,도서관;작은도서관;1350,아라꿈 도서관,인천광역시,서구,작은도서관,법정공휴일,09:00,18:00,09:00,18:00,00:00,00:00,26,1350,0,0,0,0,인천광역시 서구 정서진로 651 (시천동),,032-569-6671,,,,2025-11-14,3560000,인천광역시 서구
전국도서관표준데이터 작은도서관 필터,https://www.data.go.kr/data/15013109/standard.do,2025-11-14,place,루원시티센트럴타운 작은도서관,작은도서관,서구,"인천광역시 서구 봉오재1로 36 (신현동, 루원시티센트럴타운)",37.520482,126.6668257,루원시티센트럴타운 작은도서관은(는) 아이의 독서 습관과 지역 탐험을 연결하는 동화 배경으로 사용할 수 있다.,도서관에서 책 속 주인공을 만나는 생활권 독서 동화,"책 표지 색깔 찾기, 사서에게 추천 도서 묻기, 가족 독서 기록 남기기",4-7;8-10,도서관;작은도서관;1048,루원시티센트럴타운 작은도서관,인천광역시,서구,작은도서관,토+일+법정공휴일,10:00,18:00,00:00,00:00,00:00,00:00,14,1048,0,0,0,0,"인천광역시 서구 봉오재1로 36 (신현동, 루원시티센트럴타운)",,032-572-8561,,,,2025-11-14,3560000,인천광역시 서구
전국도서관표준데이터 작은도서관 필터,https://www.data.go.kr/data/15013109/standard.do,2025-11-14,place,이든샘 작은도서관,작은도서관,서구,인천광역시 서구 봉화로69번길 3 (오류동),37.59946756,126.6374502,이든샘 작은도서관은(는) 아이의 독서 습관과 지역 탐험을 연결하는 동화 배경으로 사용할 수 있다.,도서관에서 책 속 주인공을 만나는 생활권 독서 동화,"책 표지 색깔 찾기, 사서에게 추천 도서 묻기, 가족 독서 기록 남기기",4-7;8-10,도서관;작은도서관;2726,이든샘 작은도서관,인천광역시,서구,작은도서관,일+월+법정공휴일,10:00,18:00,10:00,18:00,00:00,00:00,36,2726,0,0,2,7,인천광역시 서구 봉화로69번길 3 (오류동),,032-000-0000,,,,2025-11-14,3560000,인천광역시 서구
전국도서관표준데이터 작은도서관 필터,https://www.data.go.kr/data/15013109/standard.do,2025-11-14,place,신현어린이도서관,작은도서관,서구,인천광역시 서구 새오개로111번안길 19 (신현동),37.52221027,126.6632878,신현어린이도서관은(는) 아이의 독서 습관과 지역 탐험을 연결하는 동화 배경으로 사용할 수 있다.,도서관에서 책 속 주인공을 만나는 생활권 독서 동화,"책 표지 색깔 찾기, 사서에게 추천 도서 묻기, 가족 독서 기록 남기기",4-7;8-10,도서관;작은도서관;1556,신현어린이도서관,인천광역시,서구,작은도서관,월~목+법정공휴일,18:00,20:00,13:00,18:00,00:00,00:00,30,1556,0,0,2,7,인천광역시 서구 새오개로111번안길 19 (신현동),,032-000-0000,,,,2025-11-14,3560000,인천광역시 서구
전국도서관표준데이터 작은도서관 필터,https://www.data.go.kr/data/15013109/standard.do,2025-11-14,place,S.F 영어 작은도서관,작은도서관,서구,인천광역시 서구 심곡로 17-1 (심곡동),37.54244373,126.6716546,S.F 영어 작은도서관은(는) 아이의 독서 습관과 지역 탐험을 연결하는 동화 배경으로 사용할 수 있다.,도서관에서 책 속 주인공을 만나는 생활권 독서 동화,"책 표지 색깔 찾기, 사서에게 추천 도서 묻기, 가족 독서 기록 남기기",4-7;8-10,도서관;작은도서관;2300,S.F 영어 작은도서관,인천광역시,서구,작은도서관,토+일+법정공휴일,10:00,18:00,00:00,00:00,00:00,00:00,20,2300,0,0,2,7,인천광역시 서구 심곡로 17-1 (심곡동),,032-563-0602,,,,2025-11-14,3560000,인천광역시 서구
전국도서관표준데이터 작은도서관 필터,https://www.data.go.kr/data/15013109/standard.do,2025-11-14,place,꿈땅 작은도서관,작은도서관,서구,인천광역시 서구 검암로30번길 21 (검암동),37.56719611,126.6826249,꿈땅 작은도서관은(는) 아이의 독서 습관과 지역 탐험을 연결하는 동화 배경으로 사용할 수 있다.,도서관에서 책 속 주인공을 만나는 생활권 독서 동화,"책 표지 색깔 찾기, 사서에게 추천 도서 묻기, 가족 독서 기록 남기기",4-7;8-10,도서관;작은도서관;4750,꿈땅 작은도서관,인천광역시,서구,작은도서관,월+법정공휴일,10:00,17:00,10:00,15:00,00:00,00:00,24,4750,0,0,2,7,인천광역시 서구 검암로30번길 21 (검암동),,032-563-0019,,,,2025-11-14,3560000,인천광역시 서구
전국도서관표준데이터 작은도서관 필터,https://www.data.go.kr/data/15013109/standard.do,2025-11-14,place,불로 작은도서관,작은도서관,서구,인천광역시 서구 검단로 765 (불로동),37.61386507,126.6850796,불로 작은도서관은(는) 아이의 독서 습관과 지역 탐험을 연결하는 동화 배경으로 사용할 수 있다.,도서관에서 책 속 주인공을 만나는 생활권 독서 동화,"책 표지 색깔 찾기, 사서에게 추천 도서 묻기, 가족 독서 기록 남기기",4-7;8-10,도서관;작은도서관;5450,불로 작은도서관,인천광역시,서구,작은도서관,월+법정공휴일,09:30,17:00,09:30,15:00,00:00,00:00,24,5450,2,0,2,7,인천광역시 서구 검단로 765 (불로동),,023-565-9500,,,,2025-11-14,3560000,인천광역시 서구
전국도서관표준데이터 작은도서관 필터,https://www.data.go.kr/data/15013109/standard.do,2025-11-14,place,빛난이슬 작은도서관,작은도서관,서구,인천광역시 서구 청라에메랄드로 84 (청라동),37.53260237,126.656837,빛난이슬 작은도서관은(는) 아이의 독서 습관과 지역 탐험을 연결하는 동화 배경으로 사용할 수 있다.,도서관에서 책 속 주인공을 만나는 생활권 독서 동화,"책 표지 색깔 찾기, 사서에게 추천 도서 묻기, 가족 독서 기록 남기기",4-7;8-10,도서관;작은도서관;2100,빛난이슬 작은도서관,인천광역시,서구,작은도서관,일+법정공휴일,09:00,17:00,09:00,17:00,00:00,00:00,56,2100,0,0,2,7,인천광역시 서구 청라에메랄드로 84 (청라동),,032-299-9100,,,,2025-11-14,3560000,인천광역시 서구
전국도서관표준데이터 작은도서관 필터,https://www.data.go.kr/data/15013109/standard.do,2025-11-14,place,루에블리 작은도서관,작은도서관,서구,"인천광역시 서구 봉오재1로 49 (신현동, 루원시티루에블리)",37.52394782,126.6670938,루에블리 작은도서관은(는) 아이의 독서 습관과 지역 탐험을 연결하는 동화 배경으로 사용할 수 있다.,도서관에서 책 속 주인공을 만나는 생활권 독서 동화,"책 표지 색깔 찾기, 사서에게 추천 도서 묻기, 가족 독서 기록 남기기",4-7;8-10,도서관;작은도서관;3313,루에블리 작은도서관,인천광역시,서구,작은도서관,토+일+법정공휴일,10:00,17:00,00:00,00:00,00:00,00:00,15,3313,0,0,0,0,"인천광역시 서구 봉오재1로 49 (신현동, 루원시티루에블리)",,032-575-3900,,,,2025-11-14,3560000,인천광역시 서구
전국도서관표준데이터 작은도서관 필터,https://www.data.go.kr/data/15013109/standard.do,2025-11-14,place,빛과진리 작은도서관,작은도서관,서구,인천광역시 서구 염곡로220번길 7-1 (석남동),37.50434469,126.6691833,빛과진리 작은도서관은(는) 아이의 독서 습관과 지역 탐험을 연결하는 동화 배경으로 사용할 수 있다.,도서관에서 책 속 주인공을 만나는 생활권 독서 동화,"책 표지 색깔 찾기, 사서에게 추천 도서 묻기, 가족 독서 기록 남기기",4-7;8-10,도서관;작은도서관;4338,빛과진리 작은도서관,인천광역시,서구,작은도서관,토+일+법정공휴일,10:00,18:00,00:00,00:00,00:00,00:00,20,4338,0,0,2,7,인천광역시 서구 염곡로220번길 7-1 (석남동),,032-578-8291,,,,2025-11-14,3560000,인천광역시 서구
전국도서관표준데이터 작은도서관 필터,https://www.data.go.kr/data/15013109/standard.do,2025-11-14,place,가정LH3단지 작은도서관,작은도서관,서구,"인천광역시 서구 봉오재3로 14 (가정동, 가정엘에이치3단지)",37.53233704,126.6645242,가정LH3단지 작은도서관은(는) 아이의 독서 습관과 지역 탐험을 연결하는 동화 배경으로 사용할 수 있다.,도서관에서 책 속 주인공을 만나는 생활권 독서 동화,"책 표지 색깔 찾기, 사서에게 추천 도서 묻기, 가족 독서 기록 남기기",4-7;8-10,도서관;작은도서관;3000,가정LH3단지 작은도서관,인천광역시,서구,작은도서관,일+법정공휴일,09:00,17:00,10:00,17:00,00:00,00:00,24,3000,0,0,2,7,"인천광역시 서구 봉오재3로 14 (가정동, 가정엘에이치3단지)",,032-569-5661,,,,2025-11-14,3560000,인천광역시 서구
전국도서관표준데이터 작은도서관 필터,https://www.data.go.kr/data/15013109/standard.do,2025-11-14,place,위즈덤 작은도서관,작은도서관,서구,인천광역시 서구 청라한내로161번길 3-9 (청라동),37.5391649,126.6276727,위즈덤 작은도서관은(는) 아이의 독서 습관과 지역 탐험을 연결하는 동화 배경으로 사용할 수 있다.,도서관에서 책 속 주인공을 만나는 생활권 독서 동화,"책 표지 색깔 찾기, 사서에게 추천 도서 묻기, 가족 독서 기록 남기기",4-7;8-10,도서관;작은도서관;2794,위즈덤 작은도서관,인천광역시,서구,작은도서관,휴관,00:00,00:00,00:00,00:00,00:00,00:00,30,2794,0,0,0,0,인천광역시 서구 청라한내로161번길 3-9 (청라동),,032-000-0000,,,,2025-11-14,3560000,인천광역시 서구
전국도서관표준데이터 작은도서관 필터,https://www.data.go.kr/data/15013109/standard.do,2025-11-14,place,선한사랑 어린이도서관,작은도서관,서구,인천광역시 서구 승학로483번길 2 (검암동),37.56515844,126.6735443,선한사랑 어린이도서관은(는) 아이의 독서 습관과 지역 탐험을 연결하는 동화 배경으로 사용할 수 있다.,도서관에서 책 속 주인공을 만나는 생활권 독서 동화,"책 표지 색깔 찾기, 사서에게 추천 도서 묻기, 가족 독서 기록 남기기",4-7;8-10,도서관;작은도서관;1304,선한사랑 어린이도서관,인천광역시,서구,작은도서관,일+법정공휴일,10:00,17:00,10:00,17:00,00:00,00:00,33,1304,0,0,2,7,인천광역시 서구 승학로483번길 2 (검암동),,032-566-0696,,,,2025-11-14,3560000,인천광역시 서구
전국도서관표준데이터 작은도서관 필터,https://www.data.go.kr/data/15013109/standard.do,2025-11-14,place,키다리아저씨,작은도서관,서구,인천광역시 서구 완정로 31 (마전동),37.59541612,126.6704982,키다리아저씨은(는) 아이의 독서 습관과 지역 탐험을 연결하는 동화 배경으로 사용할 수 있다.,도서관에서 책 속 주인공을 만나는 생활권 독서 동화,"책 표지 색깔 찾기, 사서에게 추천 도서 묻기, 가족 독서 기록 남기기",4-7;8-10,도서관;작은도서관;2200,키다리아저씨,인천광역시,서구,작은도서관,법정공휴일,10:00,17:00,10:00,17:00,00:00,00:00,30,2200,0,0,2,7,인천광역시 서구 완정로 31 (마전동),,032-562-9179,,,,2025-11-14,3560000,인천광역시 서구
전국도서관표준데이터 작은도서관 필터,https://www.data.go.kr/data/15013109/standard.do,2025-11-14,place,SK리더스뷰 작은도서관,작은도서관,서구,"인천광역시 서구 가정로 437 (가정동, 루원시티 SK Leaderss VIEW)",37.52195565,126.6765082,SK리더스뷰 작은도서관은(는) 아이의 독서 습관과 지역 탐험을 연결하는 동화 배경으로 사용할 수 있다.,도서관에서 책 속 주인공을 만나는 생활권 독서 동화,"책 표지 색깔 찾기, 사서에게 추천 도서 묻기, 가족 독서 기록 남기기",4-7;8-10,도서관;작은도서관;2500,SK리더스뷰 작은도서관,인천광역시,서구,작은도서관,금+일+법정공휴일,10:00,18:00,10:00,18:00,00:00,00:00,44,2500,0,0,0,0,"인천광역시 서구 가정로 437 (가정동, 루원시티 SK Leaderss VIEW)",,032-713-9974,,,,2025-11-14,3560000,인천광역시 서구
전국도서관표준데이터 작은도서관 필터,https://www.data.go.kr/data/15013109/standard.do,2025-11-14,place,루원더퍼스트 작은도서관,작은도서관,서구,"인천광역시 서구 봉오재2로 13 (가정동, 루원더퍼스트)",37.53346514,126.6651474,루원더퍼스트 작은도서관은(는) 아이의 독서 습관과 지역 탐험을 연결하는 동화 배경으로 사용할 수 있다.,도서관에서 책 속 주인공을 만나는 생활권 독서 동화,"책 표지 색깔 찾기, 사서에게 추천 도서 묻기, 가족 독서 기록 남기기",4-7;8-10,도서관;작은도서관;5000,루원더퍼스트 작은도서관,인천광역시,서구,작은도서관,일+법정공휴일,13:00,18:00,13:00,18:00,00:00,00:00,30,5000,0,0,0,0,"인천광역시 서구 봉오재2로 13 (가정동, 루원더퍼스트)",,032-569-6013,,,,2025-11-14,3560000,인천광역시 서구
전국도서관표준데이터 작은도서관 필터,https://www.data.go.kr/data/15013109/standard.do,2025-06-02,place,용봉작은도서관,작은도서관,북구,광주광역시 북구 설죽로202번길 37(용봉동 노인복지회관 2층),35.19643376,126.8989244,용봉작은도서관은(는) 아이의 독서 습관과 지역 탐험을 연결하는 동화 배경으로 사용할 수 있다.,도서관에서 책 속 주인공을 만나는 생활권 독서 동화,"책 표지 색깔 찾기, 사서에게 추천 도서 묻기, 가족 독서 기록 남기기",4-7;8-10,도서관;작은도서관;10425,용봉작은도서관,광주광역시,북구,작은도서관,월+국가지정공휴일,09:00,18:00,09:00,18:00,00:00,00:00,50,10425,2,0,5,15,광주광역시 북구 설죽로202번길 37(용봉동 노인복지회관 2층),광주광역시 북구 도서관과,062-510-1344,,218,https://www.smalllibrary.org/library/detail/1048443,2025-06-02,3620000,광주광역시 북구
전국도서관표준데이터 작은도서관 필터,https://www.data.go.kr/data/15013109/standard.do,2025-06-02,place,용봉주공작은도서관,작은도서관,북구,광주광역시 북구 매곡로 20,35.1872075,126.8945935,용봉주공작은도서관은(는) 아이의 독서 습관과 지역 탐험을 연결하는 동화 배경으로 사용할 수 있다.,도서관에서 책 속 주인공을 만나는 생활권 독서 동화,"책 표지 색깔 찾기, 사서에게 추천 도서 묻기, 가족 독서 기록 남기기",4-7;8-10,도서관;작은도서관;3348,용봉주공작은도서관,광주광역시,북구,작은도서관,토+국가지정공휴일,10:00,17:00,00:00,00:00,00:00,00:00,15,3348,0,0,3,7,광주광역시 북구 매곡로 20,,062-575-0503,,39.56,https://www.smalllibrary.org/library/detail/1048444,2025-06-02,3620000,광주광역시 북구
전국도서관표준데이터 작은도서관 필터,https://www.data.go.kr/data/15013109/standard.do,2025-12-26,place,세곡도서관,작은도서관,강남구,서울특별시 강남구 밤고개로 286 (세곡문화센터 2층),37.4690492648,127.106912529,세곡도서관은(는) 아이의 독서 습관과 지역 탐험을 연결하는 동화 배경으로 사용할 수 있다.,도서관에서 책 속 주인공을 만나는 생활권 독서 동화,"책 표지 색깔 찾기, 사서에게 추천 도서 묻기, 가족 독서 기록 남기기",4-7;8-10,도서관;작은도서관;29124,세곡도서관,서울특별시,강남구,작은도서관,첫째 주 월+셋째 주 월+일요일을 제외한 법정공휴일,09:00,18:00,09:00,17:00,09:00,18:00,26,29124,12,0,5,14,서울특별시 강남구 밤고개로 286 (세곡문화센터 2층),,02-445-0297,,,https://library.gangnam.go.kr/sklib/index.do,2025-12-26,3220000,서울특별시 강남구
전국도서관표준데이터 작은도서관 필터,https://www.data.go.kr/data/15013109/standard.do,2025-06-02,place,운암1동작은도서관,작은도서관,북구,광주광역시 북구 동운로201번길 55(운암동),35.1748622,126.8657311,운암1동작은도서관은(는) 아이의 독서 습관과 지역 탐험을 연결하는 동화 배경으로 사용할 수 있다.,도서관에서 책 속 주인공을 만나는 생활권 독서 동화,"책 표지 색깔 찾기, 사서에게 추천 도서 묻기, 가족 독서 기록 남기기",4-7;8-10,도서관;작은도서관;2779,운암1동작은도서관,광주광역시,북구,작은도서관,토+국가지정공휴일,09:00,18:00,00:00,00:00,00:00,00:00,10,2779,2,0,5,15,광주광역시 북구 동운로201번길 55(운암동),광주광역시 북구 운암1동행정복지센터,062-410-6146,,33,https://www.smalllibrary.org/library/detail/1048453,2025-06-02,3620000,광주광역시 북구
전국도서관표준데이터 작은도서관 필터,https://www.data.go.kr/data/15013109/standard.do,2025-06-02,place,운암2동작은도서관,작은도서관,북구,광주광역시 북구 죽봉대로 214 (운암2동 행정복지센터 1층),35.1741064,126.8825969,운암2동작은도서관은(는) 아이의 독서 습관과 지역 탐험을 연결하는 동화 배경으로 사용할 수 있다.,도서관에서 책 속 주인공을 만나는 생활권 독서 동화,"책 표지 색깔 찾기, 사서에게 추천 도서 묻기, 가족 독서 기록 남기기",4-7;8-10,도서관;작은도서관;3950,운암2동작은도서관,광주광역시,북구,작은도서관,토+국가지정공휴일,09:00,18:00,00:00,00:00,00:00,00:00,8,3950,2,0,5,15,광주광역시 북구 죽봉대로 214 (운암2동 행정복지센터 1층),광주광역시 북구 운암2동행정복지센터,062-410-8685,,60,https://www.smalllibrary.org/library/detail/1086080,2025-06-02,3620000,광주광역시 북구
전국도서관표준데이터 작은도서관 필터,https://www.data.go.kr/data/15013109/standard.do,2025-06-02,place,운암3동작은도서관,작은도서관,북구,광주광역시 북구 서강로 129(운암3동 행정복지센터 3층),35.1827847,126.8743154,운암3동작은도서관은(는) 아이의 독서 습관과 지역 탐험을 연결하는 동화 배경으로 사용할 수 있다.,도서관에서 책 속 주인공을 만나는 생활권 독서 동화,"책 표지 색깔 찾기, 사서에게 추천 도서 묻기, 가족 독서 기록 남기기",4-7;8-10,도서관;작은도서관;6945,운암3동작은도서관,광주광역시,북구,작은도서관,토+국가지정공휴일,09:00,18:00,00:00,00:00,00:00,00:00,10,6945,2,0,5,15,광주광역시 북구 서강로 129(운암3동 행정복지센터 3층),광주광역시 북구 운암3동행정복지센터,062-410-8605,,116,https://www.smalllibrary.org/library/detail/1048454,2025-06-02,3620000,광주광역시 북구
전국도서관표준데이터 작은도서관 필터,https://www.data.go.kr/data/15013109/standard.do,2025-06-02,place,운암산아이파크작은도서관,작은도서관,북구,광주광역시 북구 서강로 77,35.1793323,126.8703194,운암산아이파크작은도서관은(는) 아이의 독서 습관과 지역 탐험을 연결하는 동화 배경으로 사용할 수 있다.,도서관에서 책 속 주인공을 만나는 생활권 독서 동화,"책 표지 색깔 찾기, 사서에게 추천 도서 묻기, 가족 독서 기록 남기기",4-7;8-10,도서관;작은도서관;1500,운암산아이파크작은도서관,광주광역시,북구,작은도서관,토+국가지정공휴일,09:00,18:00,00:00,00:00,00:00,00:00,10,1500,0,0,3,7,광주광역시 북구 서강로 77,,062-515-0007,,10,https://www.smalllibrary.org/library/detail/3008212,2025-06-02,3620000,광주광역시 북구
전국도서관표준데이터 작은도서관 필터,https://www.data.go.kr/data/15013109/standard.do,2025-06-02,place,웃음꽃도서관,작은도서관,북구,광주광역시 북구 일곡로 41번길 44 101호(일곡동),35.20935556,126.8911298,웃음꽃도서관은(는) 아이의 독서 습관과 지역 탐험을 연결하는 동화 배경으로 사용할 수 있다.,도서관에서 책 속 주인공을 만나는 생활권 독서 동화,"책 표지 색깔 찾기, 사서에게 추천 도서 묻기, 가족 독서 기록 남기기",4-7;8-10,도서관;작은도서관;20700,웃음꽃도서관,광주광역시,북구,작은도서관,연중무휴,10:00,18:00,10:00,17:00,10:00,17:00,60,20700,0,0,3,7,광주광역시 북구 일곡로 41번길 44 101호(일곡동),,,,40,https://www.smalllibrary.org/library/detail/1082191,2025-06-02,3620000,광주광역시 북구
전국도서관표준데이터 작은도서관 필터,https://www.data.go.kr/data/15013109/standard.do,2025-08-05,place,용마루어린이도서관,작은도서관,용산구,서울특별시 용산구 효창원로37길 1,37.536928,126.958230,용마루어린이도서관은(는) 아이의 독서 습관과 지역 탐험을 연결하는 동화 배경으로 사용할 수 있다.,도서관에서 책 속 주인공을 만나는 생활권 독서 동화,"책 표지 색깔 찾기, 사서에게 추천 도서 묻기, 가족 독서 기록 남기기",4-7;8-10,도서관;작은도서관;10150,용마루어린이도서관,서울특별시,용산구,작은도서관,월+법정공휴일,10:00,19:00,10:00,17:00,00:00,00:00,55,10150,57,978,5,14,서울특별시 용산구 효창원로37길 1,서울특별시 용산구청,02-707-1030,,,https://www.yslibrary.or.kr/yongmaru/index.do,2025-08-05,3020000,서울특별시 용산구
전국도서관표준데이터 작은도서관 필터,https://www.data.go.kr/data/15013109/standard.do,2025-08-05,place,청파 어린이 영어도서관,작은도서관,용산구,서울특별시 용산구 청파로49길 34,37.5454737,126.9685013,청파 어린이 영어도서관은(는) 아이의 독서 습관과 지역 탐험을 연결하는 동화 배경으로 사용할 수 있다.,도서관에서 책 속 주인공을 만나는 생활권 독서 동화,"책 표지 색깔 찾기, 사서에게 추천 도서 묻기, 가족 독서 기록 남기기",4-7;8-10,도서관;작은도서관;19291,청파 어린이 영어도서관,서울특별시,용산구,작은도서관,일+법정공휴일,10:00,19:00,10:00,17:00,00:00,00:00,24,19291,0,890,3,14,서울특별시 용산구 청파로49길 34,서울특별시 용산구청,02-702-0641,,,https://www.yslibrary.or.kr/small/index.do,2025-08-05,3020000,서울특별시 용산구
전국도서관표준데이터 작은도서관 필터,https://www.data.go.kr/data/15013109/standard.do,2025-08-05,place,용암 어린이 영어도서관,작은도서관,용산구,서울특별시 용산구 신흥로3가길 21-7,37.54101876,126.9846929,용암 어린이 영어도서관은(는) 아이의 독서 습관과 지역 탐험을 연결하는 동화 배경으로 사용할 수 있다.,도서관에서 책 속 주인공을 만나는 생활권 독서 동화,"책 표지 색깔 찾기, 사서에게 추천 도서 묻기, 가족 독서 기록 남기기",4-7;8-10,도서관;작은도서관;16525,용암 어린이 영어도서관,서울특별시,용산구,작은도서관,일+법정공휴일,10:00,19:00,10:00,17:00,00:00,00:00,24,16525,0,2669,3,14,서울특별시 용산구 신흥로3가길 21-7,서울특별시 용산구청,02-798-4181,,,https://www.yslibrary.or.kr/small/index.do,2025-08-05,3020000,서울특별시 용산구
전국도서관표준데이터 작은도서관 필터,https://www.data.go.kr/data/15013109/standard.do,2025-08-05,place,후암동작은도서관 북앤캠프,작은도서관,용산구,서울특별시 용산구 후암로 32-6,37.54869785,126.9781505,후암동작은도서관 북앤캠프은(는) 아이의 독서 습관과 지역 탐험을 연결하는 동화 배경으로 사용할 수 있다.,도서관에서 책 속 주인공을 만나는 생활권 독서 동화,"책 표지 색깔 찾기, 사서에게 추천 도서 묻기, 가족 독서 기록 남기기",4-7;8-10,도서관;작은도서관;9063,후암동작은도서관 북앤캠프,서울특별시,용산구,작은도서관,토+일+법정공휴일,09:00,17:00,00:00,00:00,00:00,00:00,33,9063,0,0,5,14,서울특별시 용산구 후암로 32-6,서울특별시 용산구청,02-2199-8758,,,https://www.yslibrary.or.kr/small/index.do,2025-08-05,3020000,서울특별시 용산구
전국도서관표준데이터 작은도서관 필터,https://www.data.go.kr/data/15013109/standard.do,2025-08-05,place,해다올 작은도서관,작은도서관,용산구,서울특별시 용산구 신흥로90,37.54607528,126.9855699,해다올 작은도서관은(는) 아이의 독서 습관과 지역 탐험을 연결하는 동화 배경으로 사용할 수 있다.,도서관에서 책 속 주인공을 만나는 생활권 독서 동화,"책 표지 색깔 찾기, 사서에게 추천 도서 묻기, 가족 독서 기록 남기기",4-7;8-10,도서관;작은도서관;10059,해다올 작은도서관,서울특별시,용산구,작은도서관,토+일+법정공휴일,13:00,17:00,00:00,00:00,00:00,00:00,20,10059,0,0,5,14,서울특별시 용산구 신흥로90,서울특별시 용산구청,02-2199-8739,,,https://www.yslibrary.or.kr/small/index.do,2025-08-05,3020000,서울특별시 용산구
전국도서관표준데이터 작은도서관 필터,https://www.data.go.kr/data/15013109/standard.do,2025-08-05,place,원효로제2동 작은도서관 두드림,작은도서관,용산구,서울특별시 용산구 효창원로8길 3,37.53435322,126.9515483,원효로제2동 작은도서관 두드림은(는) 아이의 독서 습관과 지역 탐험을 연결하는 동화 배경으로 사용할 수 있다.,도서관에서 책 속 주인공을 만나는 생활권 독서 동화,"책 표지 색깔 찾기, 사서에게 추천 도서 묻기, 가족 독서 기록 남기기",4-7;8-10,도서관;작은도서관;8836,원효로제2동 작은도서관 두드림,서울특별시,용산구,작은도서관,토+일+법정공휴일,09:30,17:30,00:00,00:00,00:00,00:00,18,8836,0,0,5,14,서울특별시 용산구 효창원로8길 3,서울특별시 용산구청,02-2199-8755,,,https://www.yslibrary.or.kr/small/index.do,2025-08-05,3020000,서울특별시 용산구
전국도서관표준데이터 작은도서관 필터,https://www.data.go.kr/data/15013109/standard.do,2025-08-05,place,효창동 작은도서관,작은도서관,용산구,서울특별시 용산구 효창원로161,37.54250925,126.9618379,효창동 작은도서관은(는) 아이의 독서 습관과 지역 탐험을 연결하는 동화 배경으로 사용할 수 있다.,도서관에서 책 속 주인공을 만나는 생활권 독서 동화,"책 표지 색깔 찾기, 사서에게 추천 도서 묻기, 가족 독서 기록 남기기",4-7;8-10,도서관;작은도서관;13777,효창동 작은도서관,서울특별시,용산구,작은도서관,토+일+법정공휴일,13:00,17:00,00:00,00:00,00:00,00:00,40,13777,0,0,5,14,서울특별시 용산구 효창원로161,서울특별시 용산구청,02-2199-8753,,,https://www.yslibrary.or.kr/small/index.do,2025-08-05,3020000,서울특별시 용산구
전국도서관표준데이터 작은도서관 필터,https://www.data.go.kr/data/15013109/standard.do,2025-08-05,place,한강로동 작은도서관,작은도서관,용산구,서울특별시 용산구 한강대로38길 28,37.52814224,126.9692281,한강로동 작은도서관은(는) 아이의 독서 습관과 지역 탐험을 연결하는 동화 배경으로 사용할 수 있다.,도서관에서 책 속 주인공을 만나는 생활권 독서 동화,"책 표지 색깔 찾기, 사서에게 추천 도서 묻기, 가족 독서 기록 남기기",4-7;8-10,도서관;작은도서관;10463,한강로동 작은도서관,서울특별시,용산구,작은도서관,토+일+법정공휴일,10:00,17:00,00:00,00:00,00:00,00:00,34,10463,0,0,5,14,서울특별시 용산구 한강대로38길 28,서울특별시 용산구청,02-2199-8743,,,https://www.yslibrary.or.kr/small/index.do,2025-08-05,3020000,서울특별시 용산구
전국도서관표준데이터 작은도서관 필터,https://www.data.go.kr/data/15013109/standard.do,2025-08-05,place,이촌2동 작은도서관,작은도서관,용산구,서울특별시 용산구 이촌로18길 20,37.52628148,126.9546578,이촌2동 작은도서관은(는) 아이의 독서 습관과 지역 탐험을 연결하는 동화 배경으로 사용할 수 있다.,도서관에서 책 속 주인공을 만나는 생활권 독서 동화,"책 표지 색깔 찾기, 사서에게 추천 도서 묻기, 가족 독서 기록 남기기",4-7;8-10,도서관;작은도서관;8354,이촌2동 작은도서관,서울특별시,용산구,작은도서관,일+법정공휴일,10:00,18:00,10:00,14:00,00:00,00:00,26,8354,0,0,5,14,서울특별시 용산구 이촌로18길 20,서울특별시 용산구청,02-2199-8756,,,https://www.yslibrary.or.kr/small/index.do,2025-08-05,3020000,서울특별시 용산구
전국도서관표준데이터 작은도서관 필터,https://www.data.go.kr/data/15013109/standard.do,2025-08-05,place,회나무 작은도서관,작은도서관,용산구,서울특별시 용산구 회나무로13길 58,37.54190232,126.9901964,회나무 작은도서관은(는) 아이의 독서 습관과 지역 탐험을 연결하는 동화 배경으로 사용할 수 있다.,도서관에서 책 속 주인공을 만나는 생활권 독서 동화,"책 표지 색깔 찾기, 사서에게 추천 도서 묻기, 가족 독서 기록 남기기",4-7;8-10,도서관;작은도서관;8493,회나무 작은도서관,서울특별시,용산구,작은도서관,토+일+법정공휴일,10:00,14:00,00:00,00:00,00:00,00:00,8,8493,0,0,5,14,서울특별시 용산구 회나무로13길 58,서울특별시 용산구청,02-2199-8647,,,https://www.yslibrary.or.kr/small/index.do,2025-08-05,3020000,서울특별시 용산구
전국도서관표준데이터 작은도서관 필터,https://www.data.go.kr/data/15013109/standard.do,2025-11-14,place,로이 작은도서관,작은도서관,서구,인천광역시 서구 염곡로 344-1 (신현동),37.51542354,126.6689779,로이 작은도서관은(는) 아이의 독서 습관과 지역 탐험을 연결하는 동화 배경으로 사용할 수 있다.,도서관에서 책 속 주인공을 만나는 생활권 독서 동화,"책 표지 색깔 찾기, 사서에게 추천 도서 묻기, 가족 독서 기록 남기기",4-7;8-10,도서관;작은도서관;1027,로이 작은도서관,인천광역시,서구,작은도서관,휴관,00:00,00:00,00:00,00:00,00:00,00:00,12,1027,0,0,0,0,인천광역시 서구 염곡로 344-1 (신현동),,032-000-0000,,,,2025-11-14,3560000,인천광역시 서구
전국도서관표준데이터 작은도서관 필터,https://www.data.go.kr/data/15013109/standard.do,2025-11-14,place,검단LH13단지 아라작은도서관,작은도서관,서구,"인천광역시 서구 서로3로 49 (당하동, 인천검단 엘에이치 13단지)",37.58421986,126.7052687,검단LH13단지 아라작은도서관은(는) 아이의 독서 습관과 지역 탐험을 연결하는 동화 배경으로 사용할 수 있다.,도서관에서 책 속 주인공을 만나는 생활권 독서 동화,"책 표지 색깔 찾기, 사서에게 추천 도서 묻기, 가족 독서 기록 남기기",4-7;8-10,도서관;작은도서관;1020,검단LH13단지 아라작은도서관,인천광역시,서구,작은도서관,토+일+법정공휴일,10:00,17:00,00:00,00:00,00:00,00:00,18,1020,0,0,2,7,"인천광역시 서구 서로3로 49 (당하동, 인천검단 엘에이치 13단지)",,032-567-9907,,,,2025-11-14,3560000,인천광역시 서구
전국도서관표준데이터 작은도서관 필터,https://www.data.go.kr/data/15013109/standard.do,2025-11-14,place,디에트르 더힐 작은도서관,작은도서관,서구,"인천광역시 서구 서로3로 255 (원당동, 검단신도시 디에트르 더 힐)",37.6022774,126.708984,디에트르 더힐 작은도서관은(는) 아이의 독서 습관과 지역 탐험을 연결하는 동화 배경으로 사용할 수 있다.,도서관에서 책 속 주인공을 만나는 생활권 독서 동화,"책 표지 색깔 찾기, 사서에게 추천 도서 묻기, 가족 독서 기록 남기기",4-7;8-10,도서관;작은도서관;3000,디에트르 더힐 작은도서관,인천광역시,서구,작은도서관,법정공휴일,09:00,20:00,09:00,20:00,00:00,00:00,63,3000,0,0,0,0,"인천광역시 서구 서로3로 255 (원당동, 검단신도시 디에트르 더 힐)",,032-568-9740,,,,2025-11-14,3560000,인천광역시 서구
전국도서관표준데이터 작은도서관 필터,https://www.data.go.kr/data/15013109/standard.do,2025-11-14,place,검단신안인스빌어반퍼스트 작은도서관,작은도서관,서구,"인천광역시 서구 이음1로 173, 검단신안인스빌어반퍼스트",37.58189046,126.7125394,검단신안인스빌어반퍼스트 작은도서관은(는) 아이의 독서 습관과 지역 탐험을 연결하는 동화 배경으로 사용할 수 있다.,도서관에서 책 속 주인공을 만나는 생활권 독서 동화,"책 표지 색깔 찾기, 사서에게 추천 도서 묻기, 가족 독서 기록 남기기",4-7;8-10,도서관;작은도서관;1500,검단신안인스빌어반퍼스트 작은도서관,인천광역시,서구,작은도서관,토+일+법정공휴일,10:00,18:00,00:00,00:00,00:00,00:00,32,1500,0,0,0,0,"인천광역시 서구 이음1로 173, 검단신안인스빌어반퍼스트",,032-561-1992,,,,2025-11-14,3560000,인천광역시 서구
전국도서관표준데이터 작은도서관 필터,https://www.data.go.kr/data/15013109/standard.do,2025-11-14,place,청라시티프라디움 작은도서관,작은도서관,서구,"인천광역시 서구 청라한내로 131, 청라시티프라디움",37.53684033,126.6267297,청라시티프라디움 작은도서관은(는) 아이의 독서 습관과 지역 탐험을 연결하는 동화 배경으로 사용할 수 있다.,도서관에서 책 속 주인공을 만나는 생활권 독서 동화,"책 표지 색깔 찾기, 사서에게 추천 도서 묻기, 가족 독서 기록 남기기",4-7;8-10,도서관;작은도서관;1011,청라시티프라디움 작은도서관,인천광역시,서구,작은도서관,토+일+법정공휴일,10:00,18:00,00:00,00:00,00:00,00:00,10,1011,0,0,0,0,"인천광역시 서구 청라한내로 131, 청라시티프라디움",,032-562-5683,,,,2025-11-14,3560000,인천광역시 서구
전국도서관표준데이터 작은도서관 필터,https://www.data.go.kr/data/15013109/standard.do,2025-11-14,place,마음이음 작은도서관,작은도서관,서구,"인천광역시 서구 원창로 159, 3층",37.51792192,126.6670859,마음이음 작은도서관은(는) 아이의 독서 습관과 지역 탐험을 연결하는 동화 배경으로 사용할 수 있다.,도서관에서 책 속 주인공을 만나는 생활권 독서 동화,"책 표지 색깔 찾기, 사서에게 추천 도서 묻기, 가족 독서 기록 남기기",4-7;8-10,도서관;작은도서관;1018,마음이음 작은도서관,인천광역시,서구,작은도서관,토+일+법정공휴일,10:00,18:00,00:00,00:00,00:00,00:00,20,1018,0,0,0,0,"인천광역시 서구 원창로 159, 3층",,032-000-0000,,,,2025-11-14,3560000,인천광역시 서구
전국도서관표준데이터 작은도서관 필터,https://www.data.go.kr/data/15013109/standard.do,2025-11-14,place,당하마루 작은도서관,작은도서관,서구,"인천광역시 서구 독정로 111, 인천검단LH36단지 아파트",,,당하마루 작은도서관은(는) 아이의 독서 습관과 지역 탐험을 연결하는 동화 배경으로 사용할 수 있다.,도서관에서 책 속 주인공을 만나는 생활권 독서 동화,"책 표지 색깔 찾기, 사서에게 추천 도서 묻기, 가족 독서 기록 남기기",4-7;8-10,도서관;작은도서관;1007,당하마루 작은도서관,인천광역시,서구,작은도서관,토+일+법정공휴일,10:00,18:00,00:00,00:00,00:00,00:00,30,1007,0,0,0,0,"인천광역시 서구 독정로 111, 인천검단LH36단지 아파트",,032-568-9270,,,,2025-11-14,3560000,인천광역시 서구
전국도서관표준데이터 작은도서관 필터,https://www.data.go.kr/data/15013109/standard.do,2025-11-14,place,포레나루원시티 작은도서관,작은도서관,서구,"인천광역시 서구 서곶로 120, 포레나루원시티 아파트",37.52195565,126.6765082,포레나루원시티 작은도서관은(는) 아이의 독서 습관과 지역 탐험을 연결하는 동화 배경으로 사용할 수 있다.,도서관에서 책 속 주인공을 만나는 생활권 독서 동화,"책 표지 색깔 찾기, 사서에게 추천 도서 묻기, 가족 독서 기록 남기기",4-7;8-10,도서관;작은도서관;1009,포레나루원시티 작은도서관,인천광역시,서구,작은도서관,토+일+법정공휴일,10:00,18:00,00:00,00:00,00:00,00:00,64,1009,0,0,0,0,"인천광역시 서구 서곶로 120, 포레나루원시티 아파트",,032-569-6337,,,,2025-11-14,3560000,인천광역시 서구
전국도서관표준데이터 작은도서관 필터,https://www.data.go.kr/data/15013109/standard.do,2025-11-14,place,한신더휴어반파크 작은도서관,작은도서관,서구,"인천광역시 서구 매밭로 130, 검단한신더휴어반파크",37.58727269,126.7082031,한신더휴어반파크 작은도서관은(는) 아이의 독서 습관과 지역 탐험을 연결하는 동화 배경으로 사용할 수 있다.,도서관에서 책 속 주인공을 만나는 생활권 독서 동화,"책 표지 색깔 찾기, 사서에게 추천 도서 묻기, 가족 독서 기록 남기기",4-7;8-10,도서관;작은도서관;1003,한신더휴어반파크 작은도서관,인천광역시,서구,작은도서관,토+일+법정공휴일,10:00,18:00,00:00,00:00,00:00,00:00,60,1003,0,0,0,0,"인천광역시 서구 매밭로 130, 검단한신더휴어반파크",,032-569-7967,,,,2025-11-14,3560000,인천광역시 서구
전국도서관표준데이터 작은도서관 필터,https://www.data.go.kr/data/15013109/standard.do,2026-01-28,place,팔판빛오름작은도서관,작은도서관,김해시,"경상남도 김해시 덕정로 108, 복리동 지하1층(관동동, 팔판마을부영이그린타운9차)",35.17891941,128.797674,팔판빛오름작은도서관은(는) 아이의 독서 습관과 지역 탐험을 연결하는 동화 배경으로 사용할 수 있다.,도서관에서 책 속 주인공을 만나는 생활권 독서 동화,"책 표지 색깔 찾기, 사서에게 추천 도서 묻기, 가족 독서 기록 남기기",4-7;8-10,도서관;작은도서관;8584,팔판빛오름작은도서관,경상남도,김해시,작은도서관,매주월요일+일요일+국가지정공휴일,09:00,18:00,09:00,18:00,00:00,00:00,60,8584,4,7,10,14,"경상남도 김해시 덕정로 108, 복리동 지하1층(관동동, 팔판마을부영이그린타운9차)",경상남도 김해시청,055-904-2408,,113,http://lib.gimhae.go.kr,2026-01-28,5350000,경상남도 김해시
전국도서관표준데이터 작은도서관 필터,https://www.data.go.kr/data/15013109/standard.do,2025-03-19,place,송도5동작은도서관,작은도서관,연수구,인천광역시 연수구 인천타워대로 501,37.413912,126.623216,송도5동작은도서관은(는) 아이의 독서 습관과 지역 탐험을 연결하는 동화 배경으로 사용할 수 있다.,도서관에서 책 속 주인공을 만나는 생활권 독서 동화,"책 표지 색깔 찾기, 사서에게 추천 도서 묻기, 가족 독서 기록 남기기",4-7;8-10,도서관;작은도서관;10812,송도5동작은도서관,인천광역시,연수구,작은도서관,매주 일ㆍ월요일+국가지정공휴일,10:00,18:00,10:00,18:00,00:00,00:00,20,10812,0,0,5,15,인천광역시 연수구 인천타워대로 501,인천광역시 연수구청,032-721-6330,4000,486,http://www.yspubliclib.go.kr,2025-03-19,3520000,인천광역시 연수구
전국도서관표준데이터 작은도서관 필터,https://www.data.go.kr/data/15013109/standard.do,2025-03-31,place,신암2동작은도서관,작은도서관,동구,대구광역시 동구 신성로 56,35.87997911,128.612707,신암2동작은도서관은(는) 아이의 독서 습관과 지역 탐험을 연결하는 동화 배경으로 사용할 수 있다.,도서관에서 책 속 주인공을 만나는 생활권 독서 동화,"책 표지 색깔 찾기, 사서에게 추천 도서 묻기, 가족 독서 기록 남기기",4-7;8-10,도서관;작은도서관;13735,신암2동작은도서관,대구광역시,동구,작은도서관,토+국가지정 공휴일,09:00,18:00,00:00,00:00,00:00,00:00,40,13735,5,0,10,15,대구광역시 동구 신성로 56,(재)대구광역시 동구문화재단,053-957-9755,,119,https://library.daegu.go.kr/donggu,2025-03-31,3420000,대구광역시 동구
전국도서관표준데이터 작은도서관 필터,https://www.data.go.kr/data/15013109/standard.do,2025-03-31,place,신암3동작은도서관,작은도서관,동구,대구광역시 동구 아양로 8길 10-1,35.881049,128.618888,신암3동작은도서관은(는) 아이의 독서 습관과 지역 탐험을 연결하는 동화 배경으로 사용할 수 있다.,도서관에서 책 속 주인공을 만나는 생활권 독서 동화,"책 표지 색깔 찾기, 사서에게 추천 도서 묻기, 가족 독서 기록 남기기",4-7;8-10,도서관;작은도서관;5055,신암3동작은도서관,대구광역시,동구,작은도서관,토+국가지정 공휴일,09:00,18:00,00:00,00:00,00:00,00:00,22,5055,5,0,10,15,대구광역시 동구 아양로 8길 10-1,(재)대구광역시 동구문화재단,053-957-9756,,81.4,https://library.daegu.go.kr/donggu,2025-03-31,3420000,대구광역시 동구
전국도서관표준데이터 작은도서관 필터,https://www.data.go.kr/data/15013109/standard.do,2025-03-31,place,신천3동 작은도서관,작은도서관,동구,대구광역시 동구 장등로 90,35.87541517,128.623746,신천3동 작은도서관은(는) 아이의 독서 습관과 지역 탐험을 연결하는 동화 배경으로 사용할 수 있다.,도서관에서 책 속 주인공을 만나는 생활권 독서 동화,"책 표지 색깔 찾기, 사서에게 추천 도서 묻기, 가족 독서 기록 남기기",4-7;8-10,도서관;작은도서관;7595,신천3동 작은도서관,대구광역시,동구,작은도서관,토+국가지정 공휴일,09:00,18:00,00:00,00:00,00:00,00:00,40,7595,5,0,10,15,대구광역시 동구 장등로 90,(재)대구광역시 동구문화재단,053-957-9757,,101.1,https://library.daegu.go.kr/donggu,2025-03-31,3420000,대구광역시 동구
전국도서관표준데이터 작은도서관 필터,https://www.data.go.kr/data/15013109/standard.do,2025-03-31,place,효목1동 작은도서관,작은도서관,동구,대구광역시 동구 화랑로41길 46,35.881614,128.644945,효목1동 작은도서관은(는) 아이의 독서 습관과 지역 탐험을 연결하는 동화 배경으로 사용할 수 있다.,도서관에서 책 속 주인공을 만나는 생활권 독서 동화,"책 표지 색깔 찾기, 사서에게 추천 도서 묻기, 가족 독서 기록 남기기",4-7;8-10,도서관;작은도서관;4967,효목1동 작은도서관,대구광역시,동구,작은도서관,토+국가지정 공휴일,09:00,18:00,00:00,00:00,00:00,00:00,18,4967,5,0,10,15,대구광역시 동구 화랑로41길 46,(재)대구광역시 동구문화재단,053-957-9758,,47.8,https://library.daegu.go.kr/donggu,2025-03-31,3420000,대구광역시 동구
전국도서관표준데이터 작은도서관 필터,https://www.data.go.kr/data/15013109/standard.do,2025-03-31,place,효목2동 작은도서관,작은도서관,동구,대구광역시 동구 화랑로25길 45,35.878152,128.641247,효목2동 작은도서관은(는) 아이의 독서 습관과 지역 탐험을 연결하는 동화 배경으로 사용할 수 있다.,도서관에서 책 속 주인공을 만나는 생활권 독서 동화,"책 표지 색깔 찾기, 사서에게 추천 도서 묻기, 가족 독서 기록 남기기",4-7;8-10,도서관;작은도서관;7387,효목2동 작은도서관,대구광역시,동구,작은도서관,토+국가지정 공휴일,09:00,18:00,00:00,00:00,00:00,00:00,45,7387,5,0,10,15,대구광역시 동구 화랑로25길 45,(재)대구광역시 동구문화재단,053-957-9759,,118.8,https://library.daegu.go.kr/donggu,2025-03-31,3420000,대구광역시 동구
전국도서관표준데이터 작은도서관 필터,https://www.data.go.kr/data/15013109/standard.do,2025-03-31,place,도평동 작은도서관,작은도서관,동구,대구광역시 동구 팔공로24길 171,35.90997576,128.6501287,도평동 작은도서관은(는) 아이의 독서 습관과 지역 탐험을 연결하는 동화 배경으로 사용할 수 있다.,도서관에서 책 속 주인공을 만나는 생활권 독서 동화,"책 표지 색깔 찾기, 사서에게 추천 도서 묻기, 가족 독서 기록 남기기",4-7;8-10,도서관;작은도서관;7452,도평동 작은도서관,대구광역시,동구,작은도서관,토+국가지정 공휴일,09:00,18:00,00:00,00:00,00:00,00:00,50,7452,5,0,10,15,대구광역시 동구 팔공로24길 171,(재)대구광역시 동구문화재단,053-957-9760,126.1,126.51,https://library.daegu.go.kr/donggu,2025-03-31,3420000,대구광역시 동구
전국도서관표준데이터 작은도서관 필터,https://www.data.go.kr/data/15013109/standard.do,2025-03-31,place,불로어울림 작은도서관,작은도서관,동구,대구광역시 동구 팔공로24길 5,35.90964286,128.641811,불로어울림 작은도서관은(는) 아이의 독서 습관과 지역 탐험을 연결하는 동화 배경으로 사용할 수 있다.,도서관에서 책 속 주인공을 만나는 생활권 독서 동화,"책 표지 색깔 찾기, 사서에게 추천 도서 묻기, 가족 독서 기록 남기기",4-7;8-10,도서관;작은도서관;8472,불로어울림 작은도서관,대구광역시,동구,작은도서관,토+국가지정 공휴일,09:00,18:00,00:00,00:00,00:00,00:00,45,8472,5,0,10,15,대구광역시 동구 팔공로24길 5,(재)대구광역시 동구문화재단,053-957-9761,138.85,138.85,https://library.daegu.go.kr/donggu,2025-03-31,3420000,대구광역시 동구
전국도서관표준데이터 작은도서관 필터,https://www.data.go.kr/data/15013109/standard.do,2025-03-31,place,지저동 작은도서관,작은도서관,동구,대구광역시 동구 해동로 7길 14,35.893708,128.638279,지저동 작은도서관은(는) 아이의 독서 습관과 지역 탐험을 연결하는 동화 배경으로 사용할 수 있다.,도서관에서 책 속 주인공을 만나는 생활권 독서 동화,"책 표지 색깔 찾기, 사서에게 추천 도서 묻기, 가족 독서 기록 남기기",4-7;8-10,도서관;작은도서관;7948,지저동 작은도서관,대구광역시,동구,작은도서관,토+국가지정 공휴일,09:00,18:00,00:00,00:00,00:00,00:00,55,7948,5,0,10,15,대구광역시 동구 해동로 7길 14,(재)대구광역시 동구문화재단,053-957-9762,162,162,https://library.daegu.go.kr/donggu,2025-03-31,3420000,대구광역시 동구
전국도서관표준데이터 작은도서관 필터,https://www.data.go.kr/data/15013109/standard.do,2025-03-31,place,동촌역사 작은도서관,작은도서관,동구,대구광역시 동구 동촌역사로 3길 35,35.890163,128.649818,동촌역사 작은도서관은(는) 아이의 독서 습관과 지역 탐험을 연결하는 동화 배경으로 사용할 수 있다.,도서관에서 책 속 주인공을 만나는 생활권 독서 동화,"책 표지 색깔 찾기, 사서에게 추천 도서 묻기, 가족 독서 기록 남기기",4-7;8-10,도서관;작은도서관;6610,동촌역사 작은도서관,대구광역시,동구,작은도서관,토+국가지정 공휴일,09:00,18:00,00:00,00:00,00:00,00:00,50,6610,5,0,10,15,대구광역시 동구 동촌역사로 3길 35,(재)대구광역시 동구문화재단,053-957-9763,166.51,166.51,https://library.daegu.go.kr/donggu,2025-03-31,3420000,대구광역시 동구
전국도서관표준데이터 작은도서관 필터,https://www.data.go.kr/data/15013109/standard.do,2025-03-31,place,해안동 작은도서관,작은도서관,동구,대구광역시 동구 방촌로 29길 46,35.882076,128.671675,해안동 작은도서관은(는) 아이의 독서 습관과 지역 탐험을 연결하는 동화 배경으로 사용할 수 있다.,도서관에서 책 속 주인공을 만나는 생활권 독서 동화,"책 표지 색깔 찾기, 사서에게 추천 도서 묻기, 가족 독서 기록 남기기",4-7;8-10,도서관;작은도서관;5823,해안동 작은도서관,대구광역시,동구,작은도서관,토+국가지정 공휴일,09:00,18:00,00:00,00:00,00:00,00:00,38,5823,5,0,10,15,대구광역시 동구 방촌로 29길 46,(재)대구광역시 동구문화재단,053-957-9765,85.56,85.56,https://library.daegu.go.kr/donggu,2025-03-31,3420000,대구광역시 동구
전국도서관표준데이터 작은도서관 필터,https://www.data.go.kr/data/15013109/standard.do,2025-03-31,place,반야월역사 작은도서관,작은도서관,동구,대구광역시 동구 신서로 50,35.872504,128.724995,반야월역사 작은도서관은(는) 아이의 독서 습관과 지역 탐험을 연결하는 동화 배경으로 사용할 수 있다.,도서관에서 책 속 주인공을 만나는 생활권 독서 동화,"책 표지 색깔 찾기, 사서에게 추천 도서 묻기, 가족 독서 기록 남기기",4-7;8-10,도서관;작은도서관;7320,반야월역사 작은도서관,대구광역시,동구,작은도서관,토+국가지정 공휴일,09:00,18:00,00:00,00:00,00:00,00:00,45,7320,5,0,10,15,대구광역시 동구 신서로 50,(재)대구광역시 동구문화재단,053-957-9766,102.51,102.51,https://library.daegu.go.kr/donggu,2025-03-31,3420000,대구광역시 동구
전국도서관표준데이터 작은도서관 필터,https://www.data.go.kr/data/15013109/standard.do,2025-03-31,place,방촌동 작은도서관,작은도서관,동구,대구광역시 동구 동촌로 46길 2,35.88130152,128.6644272,방촌동 작은도서관은(는) 아이의 독서 습관과 지역 탐험을 연결하는 동화 배경으로 사용할 수 있다.,도서관에서 책 속 주인공을 만나는 생활권 독서 동화,"책 표지 색깔 찾기, 사서에게 추천 도서 묻기, 가족 독서 기록 남기기",4-7;8-10,도서관;작은도서관;8366,방촌동 작은도서관,대구광역시,동구,작은도서관,토+국가지정 공휴일,09:00,18:00,00:00,00:00,00:00,00:00,60,8366,5,0,10,15,대구광역시 동구 동촌로 46길 2,(재)대구광역시 동구문화재단,053-957-9764,183,183,https://library.daegu.go.kr/donggu,2025-03-31,3420000,대구광역시 동구
전국도서관표준데이터 작은도서관 필터,https://www.data.go.kr/data/15013109/standard.do,2026-01-28,place,활천행복작은도서관,작은도서관,김해시,"경상남도 김해시 인제로11번길 51, 활천동주민센터 2층(삼정동)",35.22890489,128.8998574,활천행복작은도서관은(는) 아이의 독서 습관과 지역 탐험을 연결하는 동화 배경으로 사용할 수 있다.,도서관에서 책 속 주인공을 만나는 생활권 독서 동화,"책 표지 색깔 찾기, 사서에게 추천 도서 묻기, 가족 독서 기록 남기기",4-7;8-10,도서관;작은도서관;9266,활천행복작은도서관,경상남도,김해시,작은도서관,매주월요일+일요일+국가지정공휴일,09:00,18:00,09:00,18:00,00:00,00:00,30,9266,0,75,10,14,"경상남도 김해시 인제로11번길 51, 활천동주민센터 2층(삼정동)",경상남도 김해시청,055-337-5544,,95,http://lib.gimhae.go.kr,2026-01-28,5350000,경상남도 김해시
전국도서관표준데이터 작은도서관 필터,https://www.data.go.kr/data/15013109/standard.do,2026-01-28,place,캐슬작은도서관,작은도서관,김해시,"경상남도 김해시 가야로451번길 9, 관리동 2층(동상동, 롯데캐슬1단지아파트)",35.24282762,128.8834639,캐슬작은도서관은(는) 아이의 독서 습관과 지역 탐험을 연결하는 동화 배경으로 사용할 수 있다.,도서관에서 책 속 주인공을 만나는 생활권 독서 동화,"책 표지 색깔 찾기, 사서에게 추천 도서 묻기, 가족 독서 기록 남기기",4-7;8-10,도서관;작은도서관;11435,캐슬작은도서관,경상남도,김해시,작은도서관,매주월요일+일요일+국가지정공휴일,09:00,18:00,09:00,17:00,00:00,00:00,22,11435,0,76,10,14,"경상남도 김해시 가야로451번길 9, 관리동 2층(동상동, 롯데캐슬1단지아파트)",경상남도 김해시청,055-334-4822,,85,http://lib.gimhae.go.kr,2026-01-28,5350000,경상남도 김해시
전국도서관표준데이터 작은도서관 필터,https://www.data.go.kr/data/15013109/standard.do,2024-12-06,place,에코시티작은도서관,작은도서관,남구,광주광역시 남구 효천2로 12,35.10108091,126.8732541,에코시티작은도서관은(는) 아이의 독서 습관과 지역 탐험을 연결하는 동화 배경으로 사용할 수 있다.,도서관에서 책 속 주인공을 만나는 생활권 독서 동화,"책 표지 색깔 찾기, 사서에게 추천 도서 묻기, 가족 독서 기록 남기기",4-7;8-10,도서관;작은도서관;4000,에코시티작은도서관,광주광역시,남구,작은도서관,토+일+공휴일,13:00,18:00,00:00,00:00,00:00,00:00,40,4000,0,0,3,7,광주광역시 남구 효천2로 12,중흥s-클래스에코시티,062-674-9131,,100,,2024-12-06,3610000,광주광역시 남구
전국도서관표준데이터 작은도서관 필터,https://www.data.go.kr/data/15013109/standard.do,2024-12-06,place,에코파크작은도서관,작은도서관,남구,광주광역시 남구 효천3로 110,35.10287955,126.8758333,에코파크작은도서관은(는) 아이의 독서 습관과 지역 탐험을 연결하는 동화 배경으로 사용할 수 있다.,도서관에서 책 속 주인공을 만나는 생활권 독서 동화,"책 표지 색깔 찾기, 사서에게 추천 도서 묻기, 가족 독서 기록 남기기",4-7;8-10,도서관;작은도서관;1610,에코파크작은도서관,광주광역시,남구,작은도서관,공휴일,09:00,18:00,13:00,18:00,13:00,18:00,34,1610,4,0,0,0,광주광역시 남구 효천3로 110,효천1중흥s-클래스에코파크,062-674-1001,,70.76,,2024-12-06,3610000,광주광역시 남구
전국도서관표준데이터 작은도서관 필터,https://www.data.go.kr/data/15013109/standard.do,2024-12-06,place,풍경채1차작은도서관,작은도서관,남구,광주광역시 남구 효우로 332-10,35.10068544,126.8819706,풍경채1차작은도서관은(는) 아이의 독서 습관과 지역 탐험을 연결하는 동화 배경으로 사용할 수 있다.,도서관에서 책 속 주인공을 만나는 생활권 독서 동화,"책 표지 색깔 찾기, 사서에게 추천 도서 묻기, 가족 독서 기록 남기기",4-7;8-10,도서관;작은도서관;5100,풍경채1차작은도서관,광주광역시,남구,작은도서관,일+공휴일,11:00,19:00,10:00,14:00,00:00,00:00,70,5100,0,0,3,7,광주광역시 남구 효우로 332-10,제일풍경채에듀파크1단지,062-654-0526,,194,,2024-12-06,3610000,광주광역시 남구
전국도서관표준데이터 작은도서관 필터,https://www.data.go.kr/data/15013109/standard.do,2024-12-06,place,리얼레스트작은도서관,작은도서관,남구,광주광역시 남구 효천중앙로 52,35.1023528,126.8745874,리얼레스트작은도서관은(는) 아이의 독서 습관과 지역 탐험을 연결하는 동화 배경으로 사용할 수 있다.,도서관에서 책 속 주인공을 만나는 생활권 독서 동화,"책 표지 색깔 찾기, 사서에게 추천 도서 묻기, 가족 독서 기록 남기기",4-7;8-10,도서관;작은도서관;2068,리얼레스트작은도서관,광주광역시,남구,작은도서관,월,10:00,17:00,10:00,17:00,10:00,17:00,20,2068,0,0,0,0,광주광역시 남구 효천중앙로 52,회복하는교회,0507-1433-198,,43.21,,2024-12-06,3610000,광주광역시 남구
전국도서관표준데이터 작은도서관 필터,https://www.data.go.kr/data/15013109/standard.do,2024-12-06,place,상상작은도서관,작은도서관,남구,광주광역시 남구 효우로 332-11,35.10057963,126.8810552,상상작은도서관은(는) 아이의 독서 습관과 지역 탐험을 연결하는 동화 배경으로 사용할 수 있다.,도서관에서 책 속 주인공을 만나는 생활권 독서 동화,"책 표지 색깔 찾기, 사서에게 추천 도서 묻기, 가족 독서 기록 남기기",4-7;8-10,도서관;작은도서관;1018,상상작은도서관,광주광역시,남구,작은도서관,공휴일,09:00,23:00,09:00,23:00,09:00,23:00,10,1018,0,0,0,0,광주광역시 남구 효우로 332-11,효천2지구중흥S클래스아파트입주자대표회의,062-651-3370,,49,,2024-12-06,3610000,광주광역시 남구
전국도서관표준데이터 작은도서관 필터,https://www.data.go.kr/data/15013109/standard.do,2024-12-06,place,효천시티프라디움작은도서관,작은도서관,남구,광주광역시 남구 효천2로 1,35.10024965,126.8720412,효천시티프라디움작은도서관은(는) 아이의 독서 습관과 지역 탐험을 연결하는 동화 배경으로 사용할 수 있다.,도서관에서 책 속 주인공을 만나는 생활권 독서 동화,"책 표지 색깔 찾기, 사서에게 추천 도서 묻기, 가족 독서 기록 남기기",4-7;8-10,도서관;작은도서관;1700,효천시티프라디움작은도서관,광주광역시,남구,작은도서관,공휴일,09:00,23:00,09:00,23:00,09:00,23:00,24,1700,0,0,0,0,광주광역시 남구 효천2로 1,효천시티프라디움아파트,062-675-0930,,123.165,,2024-12-06,3610000,광주광역시 남구
전국도서관표준데이터 작은도서관 필터,https://www.data.go.kr/data/15013109/standard.do,2024-12-06,place,5.18민주인권작은도서관,작은도서관,남구,광주광역시 남구 천변좌로418번길 18,35.14102744,126.9154826,5.18민주인권작은도서관은(는) 아이의 독서 습관과 지역 탐험을 연결하는 동화 배경으로 사용할 수 있다.,도서관에서 책 속 주인공을 만나는 생활권 독서 동화,"책 표지 색깔 찾기, 사서에게 추천 도서 묻기, 가족 독서 기록 남기기",4-7;8-10,도서관;작은도서관;2700,5.18민주인권작은도서관,광주광역시,남구,작은도서관,공휴일,10:00,18:00,10:00,17:00,10:00,17:00,30,2700,0,0,0,0,광주광역시 남구 천변좌로418번길 18,사단법인 오월어머니집,062-227-0518,,64.17,,2024-12-06,3610000,광주광역시 남구
전국도서관표준데이터 작은도서관 필터,https://www.data.go.kr/data/15013109/standard.do,2024-12-06,place,버들애작은도서관,작은도서관,남구,광주광역시 남구 정율성로 7,35.13607575,126.9174994,버들애작은도서관은(는) 아이의 독서 습관과 지역 탐험을 연결하는 동화 배경으로 사용할 수 있다.,도서관에서 책 속 주인공을 만나는 생활권 독서 동화,"책 표지 색깔 찾기, 사서에게 추천 도서 묻기, 가족 독서 기록 남기기",4-7;8-10,도서관;작은도서관;2600,버들애작은도서관,광주광역시,남구,작은도서관,공휴일,09:30,18:00,09:00,17:00,09:00,17:00,15,2600,0,0,0,0,광주광역시 남구 정율성로 7,양림휴먼시아2단지,062-651-6688,,38.64,,2024-12-06,3610000,광주광역시 남구
전국도서관표준데이터 작은도서관 필터,https://www.data.go.kr/data/15013109/standard.do,2024-12-06,place,사랑의뜰안작은도서관,작은도서관,남구,광주광역시 남구 양림로 39-1,35.13705754,126.9132714,사랑의뜰안작은도서관은(는) 아이의 독서 습관과 지역 탐험을 연결하는 동화 배경으로 사용할 수 있다.,도서관에서 책 속 주인공을 만나는 생활권 독서 동화,"책 표지 색깔 찾기, 사서에게 추천 도서 묻기, 가족 독서 기록 남기기",4-7;8-10,도서관;작은도서관;1116,사랑의뜰안작은도서관,광주광역시,남구,작은도서관,토+일+공휴일,14:00,18:00,00:00,00:00,00:00,00:00,16,1116,1,0,3,7,광주광역시 남구 양림로 39-1,영원한빛교회,062-654-9101,,36.91,,2024-12-06,3610000,광주광역시 남구
전국도서관표준데이터 작은도서관 필터,https://www.data.go.kr/data/15013109/standard.do,2024-12-06,place,사랑작은도서관,작은도서관,남구,광주광역시 남구 대남대로372번안길 11-2,35.14599055,126.8930501,사랑작은도서관은(는) 아이의 독서 습관과 지역 탐험을 연결하는 동화 배경으로 사용할 수 있다.,도서관에서 책 속 주인공을 만나는 생활권 독서 동화,"책 표지 색깔 찾기, 사서에게 추천 도서 묻기, 가족 독서 기록 남기기",4-7;8-10,도서관;작은도서관;4049,사랑작은도서관,광주광역시,남구,작은도서관,공휴일,09:00,18:00,09:00,17:00,09:00,17:00,20,4049,0,0,3,14,광주광역시 남구 대남대로372번안길 11-2,사랑봉사단,062-367-0442,,50,,2024-12-06,3610000,광주광역시 남구
전국도서관표준데이터 작은도서관 필터,https://www.data.go.kr/data/15013109/standard.do,2024-12-06,place,수박등마을작은도서관,작은도서관,남구,광주광역시 남구 금화로446번가길 12,35.14687809,126.8921944,수박등마을작은도서관은(는) 아이의 독서 습관과 지역 탐험을 연결하는 동화 배경으로 사용할 수 있다.,도서관에서 책 속 주인공을 만나는 생활권 독서 동화,"책 표지 색깔 찾기, 사서에게 추천 도서 묻기, 가족 독서 기록 남기기",4-7;8-10,도서관;작은도서관;1659,수박등마을작은도서관,광주광역시,남구,작은도서관,토+일+공휴일,13:00,18:00,00:00,00:00,00:00,00:00,20,1659,0,0,3,7,광주광역시 남구 금화로446번가길 12,월산4동주민자치회,062-366-6888,,41.78,,2024-12-06,3610000,광주광역시 남구
전국도서관표준데이터 작은도서관 필터,https://www.data.go.kr/data/15013109/standard.do,2024-12-06,place,월산상록작은도서관,작은도서관,남구,광주광역시 남구 경열로54번길 24,35.14849646,126.8919672,월산상록작은도서관은(는) 아이의 독서 습관과 지역 탐험을 연결하는 동화 배경으로 사용할 수 있다.,도서관에서 책 속 주인공을 만나는 생활권 독서 동화,"책 표지 색깔 찾기, 사서에게 추천 도서 묻기, 가족 독서 기록 남기기",4-7;8-10,도서관;작은도서관;2180,월산상록작은도서관,광주광역시,남구,작은도서관,공휴일,10:00,18:00,10:00,18:00,10:00,18:00,35,2180,4,120,3,14,광주광역시 남구 경열로54번길 24,광주상록교회,062-653-0690,,90,,2024-12-06,3610000,광주광역시 남구
전국도서관표준데이터 작은도서관 필터,https://www.data.go.kr/data/15013109/standard.do,2024-12-06,place,새마을작은도서관,작은도서관,남구,광주광역시 남구 대남대로 289,35.13797009,126.8958849,새마을작은도서관은(는) 아이의 독서 습관과 지역 탐험을 연결하는 동화 배경으로 사용할 수 있다.,도서관에서 책 속 주인공을 만나는 생활권 독서 동화,"책 표지 색깔 찾기, 사서에게 추천 도서 묻기, 가족 독서 기록 남기기",4-7;8-10,도서관;작은도서관;2253,새마을작은도서관,광주광역시,남구,작은도서관,토+일+공휴일,09:00,18:00,00:00,00:00,00:00,00:00,22,2253,0,0,3,7,광주광역시 남구 대남대로 289,새마을문고광주광역시지부,062-361-4680,,165,,2024-12-06,3610000,광주광역시 남구
전국도서관표준데이터 작은도서관 필터,https://www.data.go.kr/data/15013109/standard.do,2024-12-06,place,생각쟁이작은도서관,작은도서관,남구,광주광역시 남구 독립로 85,35.14128781,126.9022516,생각쟁이작은도서관은(는) 아이의 독서 습관과 지역 탐험을 연결하는 동화 배경으로 사용할 수 있다.,도서관에서 책 속 주인공을 만나는 생활권 독서 동화,"책 표지 색깔 찾기, 사서에게 추천 도서 묻기, 가족 독서 기록 남기기",4-7;8-10,도서관;작은도서관;19051,생각쟁이작은도서관,광주광역시,남구,작은도서관,토+일+공휴일,10:00,18:00,00:00,00:00,00:00,00:00,30,19051,0,0,3,7,광주광역시 남구 독립로 85,성도제일교회,062-352-8944,,82.64,,2024-12-06,3610000,광주광역시 남구
전국도서관표준데이터 작은도서관 필터,https://www.data.go.kr/data/15013109/standard.do,2024-12-06,place,금당작은도서관,작은도서관,남구,광주광역시 남구 회서로22번나길 13,35.13035707,126.8919511,금당작은도서관은(는) 아이의 독서 습관과 지역 탐험을 연결하는 동화 배경으로 사용할 수 있다.,도서관에서 책 속 주인공을 만나는 생활권 독서 동화,"책 표지 색깔 찾기, 사서에게 추천 도서 묻기, 가족 독서 기록 남기기",4-7;8-10,도서관;작은도서관;3941,금당작은도서관,광주광역시,남구,작은도서관,공휴일,10:00,19:00,10:00,15:00,10:00,15:00,14,3941,0,0,0,0,광주광역시 남구 회서로22번나길 13,호산나교회,062-653-7112,,33.75,,2024-12-06,3610000,광주광역시 남구
전국도서관표준데이터 작은도서관 필터,https://www.data.go.kr/data/15013109/standard.do,2024-12-06,place,꿈나래작은도서관,작은도서관,남구,광주광역시 남구 서문대로 780,35.12889505,126.8986212,꿈나래작은도서관은(는) 아이의 독서 습관과 지역 탐험을 연결하는 동화 배경으로 사용할 수 있다.,도서관에서 책 속 주인공을 만나는 생활권 독서 동화,"책 표지 색깔 찾기, 사서에게 추천 도서 묻기, 가족 독서 기록 남기기",4-7;8-10,도서관;작은도서관;1800,꿈나래작은도서관,광주광역시,남구,작은도서관,일+공휴일,10:00,20:00,10:00,17:00,00:00,00:00,36,1800,0,0,0,0,광주광역시 남구 서문대로 780,호반힐하임아파트,062-651-8383,,85,,2024-12-06,3610000,광주광역시 남구
전국도서관표준데이터 작은도서관 필터,https://www.data.go.kr/data/15013109/standard.do,2024-12-06,place,무지개작은도서관,작은도서관,남구,광주광역시 남구 회서로52번길 19,35.12767693,126.8967859,무지개작은도서관은(는) 아이의 독서 습관과 지역 탐험을 연결하는 동화 배경으로 사용할 수 있다.,도서관에서 책 속 주인공을 만나는 생활권 독서 동화,"책 표지 색깔 찾기, 사서에게 추천 도서 묻기, 가족 독서 기록 남기기",4-7;8-10,도서관;작은도서관;5000,무지개작은도서관,광주광역시,남구,작은도서관,일+공휴일,09:00,18:00,09:00,17:00,00:00,00:00,50,5000,0,0,0,0,광주광역시 남구 회서로52번길 19,무지개지역아동센터,062-682-0191,,158,,2024-12-06,3610000,광주광역시 남구
전국도서관표준데이터 작은도서관 필터,https://www.data.go.kr/data/15013109/standard.do,2024-12-06,place,양우내안애작은도서관,작은도서관,남구,광주광역시 남구 대남대로223번길 10,35.1339663639,126.8991200444,양우내안애작은도서관은(는) 아이의 독서 습관과 지역 탐험을 연결하는 동화 배경으로 사용할 수 있다.,도서관에서 책 속 주인공을 만나는 생활권 독서 동화,"책 표지 색깔 찾기, 사서에게 추천 도서 묻기, 가족 독서 기록 남기기",4-7;8-10,도서관;작은도서관;1005,양우내안애작은도서관,광주광역시,남구,작은도서관,토+일+공휴일,09:00,18:00,00:00,00:00,00:00,00:00,20,1005,0,0,0,0,광주광역시 남구 대남대로223번길 10,양우내안애아파트입주자대표회의,062-674-9117,,93.7752,,2024-12-06,3610000,광주광역시 남구
전국도서관표준데이터 작은도서관 필터,https://www.data.go.kr/data/15013109/standard.do,2026-01-28,place,책고래작은도서관,작은도서관,김해시,"경상남도 김해시 장유로334번길 76, 관리동 3층(신문동, 장유e편한세상아파트)",35.19409243,128.8108585,책고래작은도서관은(는) 아이의 독서 습관과 지역 탐험을 연결하는 동화 배경으로 사용할 수 있다.,도서관에서 책 속 주인공을 만나는 생활권 독서 동화,"책 표지 색깔 찾기, 사서에게 추천 도서 묻기, 가족 독서 기록 남기기",4-7;8-10,도서관;작은도서관;15390,책고래작은도서관,경상남도,김해시,작은도서관,매주월요일+일요일+국가지정공휴일,09:30,18:30,09:30,18:30,00:00,00:00,20,15390,25,0,10,14,"경상남도 김해시 장유로334번길 76, 관리동 3층(신문동, 장유e편한세상아파트)",경상남도 김해시청,055-314-5879,,193,http://lib.gimhae.go.kr,2026-01-28,5350000,경상남도 김해시
전국도서관표준데이터 작은도서관 필터,https://www.data.go.kr/data/15013109/standard.do,2026-01-28,place,팔판작은도서관,작은도서관,김해시,"경상남도 김해시 덕정로 68, 관리동 지하1층(관동동, 팔판마을부영이그린타운3차아파트)",35.17924236,128.7922295,팔판작은도서관은(는) 아이의 독서 습관과 지역 탐험을 연결하는 동화 배경으로 사용할 수 있다.,도서관에서 책 속 주인공을 만나는 생활권 독서 동화,"책 표지 색깔 찾기, 사서에게 추천 도서 묻기, 가족 독서 기록 남기기",4-7;8-10,도서관;작은도서관;14272,팔판작은도서관,경상남도,김해시,작은도서관,매주월요일+일요일+국가지정공휴일,09:00,18:00,09:00,17:00,00:00,00:00,30,14272,7,3,10,14,"경상남도 김해시 덕정로 68, 관리동 지하1층(관동동, 팔판마을부영이그린타운3차아파트)",경상남도 김해시청,055-312-9822,,306,http://lib.gimhae.go.kr,2026-01-28,5350000,경상남도 김해시
전국도서관표준데이터 작은도서관 필터,https://www.data.go.kr/data/15013109/standard.do,2026-01-28,place,하늘빛작은도서관,작은도서관,김해시,"경상남도 김해시 구산로5번길 65, 구지마을 동원아파트복리동 지하1층(구산동)",35.25471487,128.8690008,하늘빛작은도서관은(는) 아이의 독서 습관과 지역 탐험을 연결하는 동화 배경으로 사용할 수 있다.,도서관에서 책 속 주인공을 만나는 생활권 독서 동화,"책 표지 색깔 찾기, 사서에게 추천 도서 묻기, 가족 독서 기록 남기기",4-7;8-10,도서관;작은도서관;12414,하늘빛작은도서관,경상남도,김해시,작은도서관,매주월요일+일요일+국가지정공휴일,09:00,18:00,09:00,17:00,00:00,00:00,32,12414,23,0,10,14,"경상남도 김해시 구산로5번길 65, 구지마을 동원아파트복리동 지하1층(구산동)",경상남도 김해시청,055-314-3601,,211,http://lib.gimhae.go.kr,2026-01-28,5350000,경상남도 김해시
전국도서관표준데이터 작은도서관 필터,https://www.data.go.kr/data/15013109/standard.do,2026-01-28,place,한국작은도서관,작은도서관,김해시,"경상남도 김해시 분성로 155, 한국2차 관리동 지하1층(외동)",35.23075022,128.8644942,한국작은도서관은(는) 아이의 독서 습관과 지역 탐험을 연결하는 동화 배경으로 사용할 수 있다.,도서관에서 책 속 주인공을 만나는 생활권 독서 동화,"책 표지 색깔 찾기, 사서에게 추천 도서 묻기, 가족 독서 기록 남기기",4-7;8-10,도서관;작은도서관;16914,한국작은도서관,경상남도,김해시,작은도서관,매주월요일+일요일+국가지정공휴일,09:00,18:00,09:00,18:00,00:00,00:00,14,16914,0,0,10,14,"경상남도 김해시 분성로 155, 한국2차 관리동 지하1층(외동)",경상남도 김해시청,055-334-5400,,200,http://lib.gimhae.go.kr,2026-01-28,5350000,경상남도 김해시
전국도서관표준데이터 작은도서관 필터,https://www.data.go.kr/data/15013109/standard.do,2026-01-28,place,한림미래작은도서관,작은도서관,김해시,"경상남도 김해시 한림면 한림로 458번길 20, 한걸음센터 2층",35.32535981,128.8004901,한림미래작은도서관은(는) 아이의 독서 습관과 지역 탐험을 연결하는 동화 배경으로 사용할 수 있다.,도서관에서 책 속 주인공을 만나는 생활권 독서 동화,"책 표지 색깔 찾기, 사서에게 추천 도서 묻기, 가족 독서 기록 남기기",4-7;8-10,도서관;작은도서관;11184,한림미래작은도서관,경상남도,김해시,작은도서관,매주월요일+일요일+국가지정공휴일,09:30,18:30,09:30,18:30,00:00,00:00,70,11184,5,52,10,14,"경상남도 김해시 한림면 한림로 458번길 20, 한걸음센터 2층",경상남도 김해시청,055-346-7274,,161,http://lib.gimhae.go.kr,2026-01-28,5350000,경상남도 김해시
전국도서관표준데이터 작은도서관 필터,https://www.data.go.kr/data/15013109/standard.do,2026-01-28,place,한신책사랑작은도서관,작은도서관,김해시,"경상남도 김해시 분성로48번길 16, 한신타워아파트 관리동 2층(외동)",35.2308061,128.8537536,한신책사랑작은도서관은(는) 아이의 독서 습관과 지역 탐험을 연결하는 동화 배경으로 사용할 수 있다.,도서관에서 책 속 주인공을 만나는 생활권 독서 동화,"책 표지 색깔 찾기, 사서에게 추천 도서 묻기, 가족 독서 기록 남기기",4-7;8-10,도서관;작은도서관;9609,한신책사랑작은도서관,경상남도,김해시,작은도서관,매주월요일+일요일+국가지정공휴일,10:00,18:00,09:00,17:00,00:00,00:00,15,9609,24,0,10,14,"경상남도 김해시 분성로48번길 16, 한신타워아파트 관리동 2층(외동)",경상남도 김해시청,055-337-5151,,88,http://lib.gimhae.go.kr,2026-01-28,5350000,경상남도 김해시
전국도서관표준데이터 작은도서관 필터,https://www.data.go.kr/data/15013109/standard.do,2024-12-06,place,무등지역아동센터작은도서관,작은도서관,남구,광주광역시 남구 군분로 32,35.13664058,126.8946351,무등지역아동센터작은도서관은(는) 아이의 독서 습관과 지역 탐험을 연결하는 동화 배경으로 사용할 수 있다.,도서관에서 책 속 주인공을 만나는 생활권 독서 동화,"책 표지 색깔 찾기, 사서에게 추천 도서 묻기, 가족 독서 기록 남기기",4-7;8-10,도서관;작은도서관;2500,무등지역아동센터작은도서관,광주광역시,남구,작은도서관,일+공휴일,11:00,20:00,13:00,18:00,00:00,00:00,15,2500,10,0,3,7,광주광역시 남구 군분로 32,무등지역아동센터,062-365-7156,,39.7,,2024-12-06,3610000,광주광역시 남구
전국도서관표준데이터 작은도서관 필터,https://www.data.go.kr/data/15013109/standard.do,2024-12-06,place,풍림작은도서관,작은도서관,남구,광주광역시 남구 화산로31번안길 2,35.11287126,126.8995346,풍림작은도서관은(는) 아이의 독서 습관과 지역 탐험을 연결하는 동화 배경으로 사용할 수 있다.,도서관에서 책 속 주인공을 만나는 생활권 독서 동화,"책 표지 색깔 찾기, 사서에게 추천 도서 묻기, 가족 독서 기록 남기기",4-7;8-10,도서관;작은도서관;2102,풍림작은도서관,광주광역시,남구,작은도서관,토+일+공휴일,10:00,17:00,00:00,00:00,00:00,00:00,20,2102,0,0,3,7,광주광역시 남구 화산로31번안길 2,진월풍림아파트,062-671-1901,,112.2,,2024-12-06,3610000,광주광역시 남구
전국도서관표준데이터 작은도서관 필터,https://www.data.go.kr/data/15013109/standard.do,2024-12-06,place,5단지솔빛작은도서관,작은도서관,남구,광주광역시 남구 노대실로 33,35.10619942,126.9079239,5단지솔빛작은도서관은(는) 아이의 독서 습관과 지역 탐험을 연결하는 동화 배경으로 사용할 수 있다.,도서관에서 책 속 주인공을 만나는 생활권 독서 동화,"책 표지 색깔 찾기, 사서에게 추천 도서 묻기, 가족 독서 기록 남기기",4-7;8-10,도서관;작은도서관;3200,5단지솔빛작은도서관,광주광역시,남구,작은도서관,일+공휴일,10:00,18:00,10:00,17:00,00:00,00:00,14,3200,0,0,0,0,광주광역시 남구 노대실로 33,송화마을5단지,,,57,,2024-12-06,3610000,광주광역시 남구
전국도서관표준데이터 작은도서관 필터,https://www.data.go.kr/data/15013109/standard.do,2024-12-06,place,민들레작은도서관,작은도서관,남구,광주광역시 남구 효덕로 201,35.10203276,126.8993362,민들레작은도서관은(는) 아이의 독서 습관과 지역 탐험을 연결하는 동화 배경으로 사용할 수 있다.,도서관에서 책 속 주인공을 만나는 생활권 독서 동화,"책 표지 색깔 찾기, 사서에게 추천 도서 묻기, 가족 독서 기록 남기기",4-7;8-10,도서관;작은도서관;6521,민들레작은도서관,광주광역시,남구,작은도서관,토+일+공휴일,09:00,18:00,00:00,00:00,00:00,00:00,9,6521,4,0,3,14,광주광역시 남구 효덕로 201,(사)실로암사람들,062-672-7784,,35.26,,2024-12-06,3610000,광주광역시 남구
전국도서관표준데이터 작은도서관 필터,https://www.data.go.kr/data/15013109/standard.do,2025-11-25,place,성덕반딧불작은도서관,작은도서관,강릉시,강원특별자치도 강릉시 강중길 55(입암동),37.7559784,128.9081075,성덕반딧불작은도서관은(는) 아이의 독서 습관과 지역 탐험을 연결하는 동화 배경으로 사용할 수 있다.,도서관에서 책 속 주인공을 만나는 생활권 독서 동화,"책 표지 색깔 찾기, 사서에게 추천 도서 묻기, 가족 독서 기록 남기기",4-7;8-10,도서관;작은도서관;16070,성덕반딧불작은도서관,강원특별자치도,강릉시,작은도서관,월+국가지정 공휴일,09:00,18:00,09:00,18:00,09:00,18:00,48,16070,6,0,5,10,강원특별자치도 강릉시 강중길 55(입암동),강원특별자치도 강릉시청,033-660-3260,668,392.6,http://www.gnslib.or.kr/,2025-11-25,4201000,강원특별자치도 강릉시
전국도서관표준데이터 작은도서관 필터,https://www.data.go.kr/data/15013109/standard.do,2025-11-25,place,어울림작은도서관,작은도서관,강릉시,강원특별자치도 강릉시 성덕포남로149번길 42(포남동),37.76300847,128.9084261,어울림작은도서관은(는) 아이의 독서 습관과 지역 탐험을 연결하는 동화 배경으로 사용할 수 있다.,도서관에서 책 속 주인공을 만나는 생활권 독서 동화,"책 표지 색깔 찾기, 사서에게 추천 도서 묻기, 가족 독서 기록 남기기",4-7;8-10,도서관;작은도서관;11856,어울림작은도서관,강원특별자치도,강릉시,작은도서관,월+국가지정 공휴일,09:00,18:00,09:00,18:00,09:00,18:00,81,11856,6,0,5,10,강원특별자치도 강릉시 성덕포남로149번길 42(포남동),강원특별자치도 강릉시청,033-660-3261,335,483.84,http://www.gnslib.or.kr/,2025-11-25,4201000,강원특별자치도 강릉시
전국도서관표준데이터 작은도서관 필터,https://www.data.go.kr/data/15013109/standard.do,2025-11-25,place,남산작은도서관,작은도서관,강릉시,강원특별자치도 강릉시 강변로 194번길 21(내곡동),37.74552171,128.891124,남산작은도서관은(는) 아이의 독서 습관과 지역 탐험을 연결하는 동화 배경으로 사용할 수 있다.,도서관에서 책 속 주인공을 만나는 생활권 독서 동화,"책 표지 색깔 찾기, 사서에게 추천 도서 묻기, 가족 독서 기록 남기기",4-7;8-10,도서관;작은도서관;7977,남산작은도서관,강원특별자치도,강릉시,작은도서관,월+국가지정 공휴일,09:00,18:00,09:00,18:00,09:00,18:00,32,7977,7,0,5,10,강원특별자치도 강릉시 강변로 194번길 21(내곡동),강원특별자치도 강릉시청,033-660-3265,128,170.28,http://www.gnslib.or.kr/,2025-11-25,4201000,강원특별자치도 강릉시
전국도서관표준데이터 작은도서관 필터,https://www.data.go.kr/data/15013109/standard.do,2025-11-25,place,옥거리작은도서관,작은도서관,강릉시,강원특별자치도 강릉시 경강로 2157(옥천동) 한국자산관리공사 강원지역본부 1층,37.758707,128.9013043,옥거리작은도서관은(는) 아이의 독서 습관과 지역 탐험을 연결하는 동화 배경으로 사용할 수 있다.,도서관에서 책 속 주인공을 만나는 생활권 독서 동화,"책 표지 색깔 찾기, 사서에게 추천 도서 묻기, 가족 독서 기록 남기기",4-7;8-10,도서관;작은도서관;12455,옥거리작은도서관,강원특별자치도,강릉시,작은도서관,월+국가지정 공휴일,09:00,18:00,09:00,18:00,09:00,18:00,29,12455,7,0,5,10,강원특별자치도 강릉시 경강로 2157(옥천동) 한국자산관리공사 강원지역본부 1층,강원특별자치도 강릉시청,033-660-3262,1678.4,141.7,http://www.gnslib.or.kr/,2025-11-25,4201000,강원특별자치도 강릉시
전국도서관표준데이터 작은도서관 필터,https://www.data.go.kr/data/15013109/standard.do,2025-11-25,place,초당작은도서관,작은도서관,강릉시,강원특별자치도 강릉시 연당길 116(초당동),37.787332,128.912116,초당작은도서관은(는) 아이의 독서 습관과 지역 탐험을 연결하는 동화 배경으로 사용할 수 있다.,도서관에서 책 속 주인공을 만나는 생활권 독서 동화,"책 표지 색깔 찾기, 사서에게 추천 도서 묻기, 가족 독서 기록 남기기",4-7;8-10,도서관;작은도서관;6098,초당작은도서관,강원특별자치도,강릉시,작은도서관,월+국가지정 공휴일,09:00,18:00,09:00,18:00,09:00,18:00,48,6098,6,0,5,10,강원특별자치도 강릉시 연당길 116(초당동),강원특별자치도 강릉시청,033-640-4542,558,224.56,http://www.gnslib.or.kr/,2025-11-25,4201000,강원특별자치도 강릉시
전국도서관표준데이터 작은도서관 필터,https://www.data.go.kr/data/15013109/standard.do,2025-11-25,place,월대산작은도서관,작은도서관,강릉시,강원특별자치도 강릉시 성덕포남로 80-21(입암동),37.76316223,128.918217,월대산작은도서관은(는) 아이의 독서 습관과 지역 탐험을 연결하는 동화 배경으로 사용할 수 있다.,도서관에서 책 속 주인공을 만나는 생활권 독서 동화,"책 표지 색깔 찾기, 사서에게 추천 도서 묻기, 가족 독서 기록 남기기",4-7;8-10,도서관;작은도서관;9159,월대산작은도서관,강원특별자치도,강릉시,작은도서관,월+국가지정 공휴일,09:00,18:00,09:00,18:00,09:00,18:00,53,9159,7,0,5,10,강원특별자치도 강릉시 성덕포남로 80-21(입암동),강원특별자치도 강릉시청,033-640-4543,250,218.75,http://www.gnslib.or.kr/,2025-11-25,4201000,강원특별자치도 강릉시
전국도서관표준데이터 작은도서관 필터,https://www.data.go.kr/data/15013109/standard.do,2025-04-30,place,작천정작은도서관,작은도서관,울주군,울산광역시 울주군 삼남읍 작괘들길 2,35.5409345,129.1085195119,작천정작은도서관은(는) 아이의 독서 습관과 지역 탐험을 연결하는 동화 배경으로 사용할 수 있다.,도서관에서 책 속 주인공을 만나는 생활권 독서 동화,"책 표지 색깔 찾기, 사서에게 추천 도서 묻기, 가족 독서 기록 남기기",4-7;8-10,도서관;작은도서관;4633,작천정작은도서관,울산광역시,울주군,작은도서관,매주토요일+매주일요일+국가지정공휴일,09:00,18:00,00:00,00:00,00:00,00:00,22,4633,0,0,5,14,울산광역시 울주군 삼남읍 작괘들길 2,울산광역시 울주군 삼남읍행정복지센터,052-254-5901,,60.24,https://uljulib.ulju.ulsan.kr/index.do,2025-04-30,3730000,울산광역시 울주군
전국도서관표준데이터 작은도서관 필터,https://www.data.go.kr/data/15013109/standard.do,2025-04-30,place,해오름작은도서관,작은도서관,울주군,울산광역시 울주군 서생면 해맞이로 894,35.3499577,129.3259379,해오름작은도서관은(는) 아이의 독서 습관과 지역 탐험을 연결하는 동화 배경으로 사용할 수 있다.,도서관에서 책 속 주인공을 만나는 생활권 독서 동화,"책 표지 색깔 찾기, 사서에게 추천 도서 묻기, 가족 독서 기록 남기기",4-7;8-10,도서관;작은도서관;8506,해오름작은도서관,울산광역시,울주군,작은도서관,매주토요일+매주일요일+국가지정공휴일,09:00,18:00,00:00,00:00,00:00,00:00,15,8506,0,0,5,14,울산광역시 울주군 서생면 해맞이로 894,울산광역시 울주군 서생면행정복지센터,052-238-0245,,66,https://uljulib.ulju.ulsan.kr/index.do,2025-04-30,3730000,울산광역시 울주군
전국도서관표준데이터 작은도서관 필터,https://www.data.go.kr/data/15013109/standard.do,2025-04-30,place,웅촌작은도서관,작은도서관,울주군,울산광역시 울주군 웅촌면 새초천길 12,35.4612667,129.2083197,웅촌작은도서관은(는) 아이의 독서 습관과 지역 탐험을 연결하는 동화 배경으로 사용할 수 있다.,도서관에서 책 속 주인공을 만나는 생활권 독서 동화,"책 표지 색깔 찾기, 사서에게 추천 도서 묻기, 가족 독서 기록 남기기",4-7;8-10,도서관;작은도서관;6963,웅촌작은도서관,울산광역시,울주군,작은도서관,매주토요일+매주일요일+국가지정공휴일,09:00,18:00,00:00,00:00,00:00,00:00,8,6963,0,0,5,14,울산광역시 울주군 웅촌면 새초천길 12,울산광역시 울주군 웅촌면행정복지센터,052-221-2637,,66,https://uljulib.ulju.ulsan.kr/index.do,2025-04-30,3730000,울산광역시 울주군
전국도서관표준데이터 작은도서관 필터,https://www.data.go.kr/data/15013109/standard.do,2025-04-30,place,가지산작은도서관,작은도서관,울주군,울산광역시 울주군 상북면 도동신리로 5,35.59030254,129.0908602,가지산작은도서관은(는) 아이의 독서 습관과 지역 탐험을 연결하는 동화 배경으로 사용할 수 있다.,도서관에서 책 속 주인공을 만나는 생활권 독서 동화,"책 표지 색깔 찾기, 사서에게 추천 도서 묻기, 가족 독서 기록 남기기",4-7;8-10,도서관;작은도서관;7152,가지산작은도서관,울산광역시,울주군,작은도서관,매주토요일+매주일요일+국가지정공휴일,09:00,18:00,00:00,00:00,00:00,00:00,10,7152,0,0,5,14,울산광역시 울주군 상북면 도동신리로 5,울산광역시 울주군 상북면행정복지센터,052-254-1240,,72,https://uljulib.ulju.ulsan.kr/index.do,2025-04-30,3730000,울산광역시 울주군
전국도서관표준데이터 작은도서관 필터,https://www.data.go.kr/data/15013109/standard.do,2025-04-30,place,느티나무작은도서관,작은도서관,울주군,울산광역시 울주군 삼동면 삼동로 777,35.5236404,129.1575392,느티나무작은도서관은(는) 아이의 독서 습관과 지역 탐험을 연결하는 동화 배경으로 사용할 수 있다.,도서관에서 책 속 주인공을 만나는 생활권 독서 동화,"책 표지 색깔 찾기, 사서에게 추천 도서 묻기, 가족 독서 기록 남기기",4-7;8-10,도서관;작은도서관;5977,느티나무작은도서관,울산광역시,울주군,작은도서관,매주토요일+매주일요일+국가지정공휴일,09:00,18:00,00:00,00:00,00:00,00:00,11,5977,0,0,5,14,울산광역시 울주군 삼동면 삼동로 777,울산광역시 울주군 삼동면행정복지센터,052-254-0177,,49,https://uljulib.ulju.ulsan.kr/index.do,2025-04-30,3730000,울산광역시 울주군
전국도서관표준데이터 작은도서관 필터,https://www.data.go.kr/data/15013109/standard.do,2025-04-30,place,온산도서관,작은도서관,울주군,울산광역시 울주군 온산읍 명봉거남로 46,35.4385037,129.3153148,온산도서관은(는) 아이의 독서 습관과 지역 탐험을 연결하는 동화 배경으로 사용할 수 있다.,도서관에서 책 속 주인공을 만나는 생활권 독서 동화,"책 표지 색깔 찾기, 사서에게 추천 도서 묻기, 가족 독서 기록 남기기",4-7;8-10,도서관;작은도서관;36472,온산도서관,울산광역시,울주군,작은도서관,매주월요일+국가지정공휴일,09:00,21:30,09:00,17:30,09:00,17:30,74,36472,22,0,5,14,울산광역시 울주군 온산읍 명봉거남로 46,울산광역시 울주군 시설관리공단,052-229-9686,,937.02,https://uljulib.ulju.ulsan.kr/index.do,2025-04-30,3730000,울산광역시 울주군
전국도서관표준데이터 작은도서관 필터,https://www.data.go.kr/data/15013109/standard.do,2025-08-31,place,조치원어린이도서관,작은도서관,없음,세종특별자치시 조치원읍 대첩로76,36.59572048,127.2878041,조치원어린이도서관은(는) 아이의 독서 습관과 지역 탐험을 연결하는 동화 배경으로 사용할 수 있다.,도서관에서 책 속 주인공을 만나는 생활권 독서 동화,"책 표지 색깔 찾기, 사서에게 추천 도서 묻기, 가족 독서 기록 남기기",4-7;8-10,도서관;작은도서관;16952,조치원어린이도서관,세종특별자치시,없음,작은도서관,매주월요일+일요일+국가지정공휴일,10:00,18:00,09:00,13:00,00:00,00:00,38,16952,3,0,5,14,세종특별자치시 조치원읍 대첩로76,세종특별자치시,044-715-5570,439,439,https://www.smalllibrary.org/library/detail/1611430,2025-08-31,5690000,세종특별자치시
전국도서관표준데이터 작은도서관 필터,https://www.data.go.kr/data/15013109/standard.do,2025-08-31,place,싱싱도서관,작은도서관,없음,세종특별자치시 새롬로 20,36.4868083,127.2561142,싱싱도서관은(는) 아이의 독서 습관과 지역 탐험을 연결하는 동화 배경으로 사용할 수 있다.,도서관에서 책 속 주인공을 만나는 생활권 독서 동화,"책 표지 색깔 찾기, 사서에게 추천 도서 묻기, 가족 독서 기록 남기기",4-7;8-10,도서관;작은도서관;2315,싱싱도서관,세종특별자치시,없음,작은도서관,매주월요일+일요일+국가지정공휴일,10:00,18:00,09:00,13:00,00:00,00:00,29,2315,1,0,5,14,세종특별자치시 새롬로 20,세종특별자치시,044-865-1361,272,272,https://www.smalllibrary.org/library/detail/3284895,2025-08-31,5690000,세종특별자치시
전국도서관표준데이터 작은도서관 필터,https://www.data.go.kr/data/15013109/standard.do,2025-08-31,place,전의나무도서관,작은도서관,없음,세종특별자치시 전의면 운주산로 1276,36.68109425,127.195188,전의나무도서관은(는) 아이의 독서 습관과 지역 탐험을 연결하는 동화 배경으로 사용할 수 있다.,도서관에서 책 속 주인공을 만나는 생활권 독서 동화,"책 표지 색깔 찾기, 사서에게 추천 도서 묻기, 가족 독서 기록 남기기",4-7;8-10,도서관;작은도서관;1407,전의나무도서관,세종특별자치시,없음,작은도서관,매주월요일+일요일+국가지정공휴일,10:00,18:00,09:00,13:00,00:00,00:00,21,1407,1,0,5,14,세종특별자치시 전의면 운주산로 1276,세종특별자치시,044-301-5862,266,266,https://www.smalllibrary.org/library/detail/3657822,2025-08-31,5690000,세종특별자치시
전국도서관표준데이터 작은도서관 필터,https://www.data.go.kr/data/15013109/standard.do,2025-08-31,place,어진작은도서관,작은도서관,없음,세종특별자치시 다솜1로 31,36.50190569,127.2566165,어진작은도서관은(는) 아이의 독서 습관과 지역 탐험을 연결하는 동화 배경으로 사용할 수 있다.,도서관에서 책 속 주인공을 만나는 생활권 독서 동화,"책 표지 색깔 찾기, 사서에게 추천 도서 묻기, 가족 독서 기록 남기기",4-7;8-10,도서관;작은도서관;3035,어진작은도서관,세종특별자치시,없음,작은도서관,매주월요일+일요일+국가지정공휴일,10:00,18:00,09:00,13:00,00:00,00:00,31,3035,1,0,5,14,세종특별자치시 다솜1로 31,세종특별자치시,044-301-7561,238,238,https://www.smalllibrary.org/library/detail/3706589,2025-08-31,5690000,세종특별자치시
전국도서관표준데이터 작은도서관 필터,https://www.data.go.kr/data/15013109/standard.do,2025-03-13,place,롯데캐슬1차 작은도서관,작은도서관,금천구,서울특별시 금천구 벚꽃로40,37.46005722,126.8928436,롯데캐슬1차 작은도서관은(는) 아이의 독서 습관과 지역 탐험을 연결하는 동화 배경으로 사용할 수 있다.,도서관에서 책 속 주인공을 만나는 생활권 독서 동화,"책 표지 색깔 찾기, 사서에게 추천 도서 묻기, 가족 독서 기록 남기기",4-7;8-10,도서관;작은도서관;2500,롯데캐슬1차 작은도서관,서울특별시,금천구,작은도서관,일요일+법정공휴일,10:00,17:00,10:00,14:00,00:00,00:00,30,2500,0,0,10,14,서울특별시 금천구 벚꽃로40,롯데캐슬1차 작은도서관,070-4405-8780,,76,,2025-03-13,3170000,서울특별시 금천구
전국도서관표준데이터 작은도서관 필터,https://www.data.go.kr/data/15013109/standard.do,2025-03-13,place,책이든거리작은도서관,작은도서관,금천구,"서울특별시 금천구 범안로 1142, 고가도로 아래",37.4657639016,126.8889750803,책이든거리작은도서관은(는) 아이의 독서 습관과 지역 탐험을 연결하는 동화 배경으로 사용할 수 있다.,도서관에서 책 속 주인공을 만나는 생활권 독서 동화,"책 표지 색깔 찾기, 사서에게 추천 도서 묻기, 가족 독서 기록 남기기",4-7;8-10,도서관;작은도서관;9007,책이든거리작은도서관,서울특별시,금천구,작은도서관,월요일+일요일+법정공휴일,10:00,20:00,10:00,14:30,00:00,00:00,16,9007,0,0,10,14,"서울특별시 금천구 범안로 1142, 고가도로 아래",금천문화재단,02-853-3327,,211,https://geumcheonlib.seoul.kr,2025-03-13,3170000,서울특별시 금천구
전국도서관표준데이터 작은도서관 필터,https://www.data.go.kr/data/15013109/standard.do,2025-06-10,place,달미작은도서관,작은도서관,안산시,경기도 안산시 단원구 선삼로4안길 25-9(선부동),37.348868,126.8098854,달미작은도서관은(는) 아이의 독서 습관과 지역 탐험을 연결하는 동화 배경으로 사용할 수 있다.,도서관에서 책 속 주인공을 만나는 생활권 독서 동화,"책 표지 색깔 찾기, 사서에게 추천 도서 묻기, 가족 독서 기록 남기기",4-7;8-10,도서관;작은도서관;26514,달미작은도서관,경기도,안산시,작은도서관,매주금요일+국가지정공휴일+추석연휴+설날연휴,09:00,18:00,09:00,18:00,00:00,00:00,80,26514,18,0,10,14,경기도 안산시 단원구 선삼로4안길 25-9(선부동),안산시 중앙도서관,031-481-3750,,499.64,http://lib.ansan.go.kr,2025-06-10,3930000,경기도 안산시
전국도서관표준데이터 작은도서관 필터,https://www.data.go.kr/data/15013109/standard.do,2025-06-10,place,당곡작은도서관,작은도서관,안산시,경기도 안산시 단원구 예술대학로 76(중앙동),37.32393654,126.8377438,당곡작은도서관은(는) 아이의 독서 습관과 지역 탐험을 연결하는 동화 배경으로 사용할 수 있다.,도서관에서 책 속 주인공을 만나는 생활권 독서 동화,"책 표지 색깔 찾기, 사서에게 추천 도서 묻기, 가족 독서 기록 남기기",4-7;8-10,도서관;작은도서관;24658,당곡작은도서관,경기도,안산시,작은도서관,매주월요일+국가지정공휴일+추석연휴+설날연휴,09:00,18:00,09:00,18:00,00:00,00:00,30,24658,20,0,10,14,경기도 안산시 단원구 예술대학로 76(중앙동),안산시 중앙도서관,031-481-3879,,429.08,http://lib.ansan.go.kr,2025-06-10,3930000,경기도 안산시
전국도서관표준데이터 작은도서관 필터,https://www.data.go.kr/data/15013109/standard.do,2025-07-23,place,감골작은도서관,작은도서관,정읍시,전북특별자치도 정읍시 감곡면 원삼 1길 24,35.71336266,126.928137,감골작은도서관은(는) 아이의 독서 습관과 지역 탐험을 연결하는 동화 배경으로 사용할 수 있다.,도서관에서 책 속 주인공을 만나는 생활권 독서 동화,"책 표지 색깔 찾기, 사서에게 추천 도서 묻기, 가족 독서 기록 남기기",4-7;8-10,도서관;작은도서관;4184,감골작은도서관,전북특별자치도,정읍시,작은도서관,일요일+공휴일,09:30,17:30,09:30,12:00,00:00,00:00,16,4184,0,0,5,17,전북특별자치도 정읍시 감곡면 원삼 1길 24,주민자치(감골작은도서관 운영위원회),063-571-0002,,68,,2025-07-23,4691000,전북특별자치도 정읍시
전국도서관표준데이터 작은도서관 필터,https://www.data.go.kr/data/15013109/standard.do,2025-07-23,place,초산작은도서관,작은도서관,정읍시,전북특별자치도 정읍시 천변로 226(초산동주민센터 3층),35.56175847,126.8524729,초산작은도서관은(는) 아이의 독서 습관과 지역 탐험을 연결하는 동화 배경으로 사용할 수 있다.,도서관에서 책 속 주인공을 만나는 생활권 독서 동화,"책 표지 색깔 찾기, 사서에게 추천 도서 묻기, 가족 독서 기록 남기기",4-7;8-10,도서관;작은도서관;7203,초산작은도서관,전북특별자치도,정읍시,작은도서관,토요일+일요일+공휴일,09:00,18:00,00:00,00:00,00:00,00:00,11,7203,0,0,5,17,전북특별자치도 정읍시 천변로 226(초산동주민센터 3층),주민자치(초산작은도서관 운영위원회),063-535-0365,,81,,2025-07-23,4691000,전북특별자치도 정읍시
전국도서관표준데이터 작은도서관 필터,https://www.data.go.kr/data/15013109/standard.do,2025-07-23,place,실버작은도서관,작은도서관,정읍시,전북특별자치도 정읍시 금붕1길 190(실버a 관리동 2층),35.55248583,126.8934734,실버작은도서관은(는) 아이의 독서 습관과 지역 탐험을 연결하는 동화 배경으로 사용할 수 있다.,도서관에서 책 속 주인공을 만나는 생활권 독서 동화,"책 표지 색깔 찾기, 사서에게 추천 도서 묻기, 가족 독서 기록 남기기",4-7;8-10,도서관;작은도서관;5732,실버작은도서관,전북특별자치도,정읍시,작은도서관,토요일+일요일+공휴일,09:00,18:00,00:00,00:00,00:00,00:00,24,5732,0,0,5,17,전북특별자치도 정읍시 금붕1길 190(실버a 관리동 2층),주민자치(실버작은도서관 운영위원회),063-533-0955,,135,,2025-07-23,4691000,전북특별자치도 정읍시
전국도서관표준데이터 작은도서관 필터,https://www.data.go.kr/data/15013109/standard.do,2025-07-23,place,상교작은도서관,작은도서관,정읍시,전북특별자치도 정읍시 서부산업도로 138-5,35.56107666,126.8360941,상교작은도서관은(는) 아이의 독서 습관과 지역 탐험을 연결하는 동화 배경으로 사용할 수 있다.,도서관에서 책 속 주인공을 만나는 생활권 독서 동화,"책 표지 색깔 찾기, 사서에게 추천 도서 묻기, 가족 독서 기록 남기기",4-7;8-10,도서관;작은도서관;5963,상교작은도서관,전북특별자치도,정읍시,작은도서관,일요일+공휴일,11:00,19:30,10:00,12:00,00:00,00:00,50,5963,0,0,5,17,전북특별자치도 정읍시 서부산업도로 138-5,주민자치(상교작은도서관 운영위원회),063-531-1455,,305,,2025-07-23,4691000,전북특별자치도 정읍시
전국도서관표준데이터 작은도서관 필터,https://www.data.go.kr/data/15013109/standard.do,2025-07-23,place,꿈꾸는작은도서관,작은도서관,정읍시,전북특별자치도 정읍시 수성택지2길 17,35.57635491,126.8576577,꿈꾸는작은도서관은(는) 아이의 독서 습관과 지역 탐험을 연결하는 동화 배경으로 사용할 수 있다.,도서관에서 책 속 주인공을 만나는 생활권 독서 동화,"책 표지 색깔 찾기, 사서에게 추천 도서 묻기, 가족 독서 기록 남기기",4-7;8-10,도서관;작은도서관;8190,꿈꾸는작은도서관,전북특별자치도,정읍시,작은도서관,토요일+일요일+공휴일,10:00,19:00,00:00,00:00,00:00,00:00,33,8190,0,0,5,17,전북특별자치도 정읍시 수성택지2길 17,주민자치(꿈꾸는작은도서관 운영위원회),063-531-3260,,101,,2025-07-23,4691000,전북특별자치도 정읍시
전국도서관표준데이터 작은도서관 필터,https://www.data.go.kr/data/15013109/standard.do,2025-07-23,place,다문화작은도서관,작은도서관,정읍시,전북특별자치도 정읍시 중앙2길 22,35.5676679,126.8528989,다문화작은도서관은(는) 아이의 독서 습관과 지역 탐험을 연결하는 동화 배경으로 사용할 수 있다.,도서관에서 책 속 주인공을 만나는 생활권 독서 동화,"책 표지 색깔 찾기, 사서에게 추천 도서 묻기, 가족 독서 기록 남기기",4-7;8-10,도서관;작은도서관;4924,다문화작은도서관,전북특별자치도,정읍시,작은도서관,월요일+일요일+공휴일,10:00,18:00,10:00,18:00,00:00,00:00,22,4924,0,0,5,17,전북특별자치도 정읍시 중앙2길 22,주민자치(다문화작은도서관 운영위원회),063-532-0035,,110,,2025-07-23,4691000,전북특별자치도 정읍시
전국도서관표준데이터 작은도서관 필터,https://www.data.go.kr/data/15013109/standard.do,2025-06-30,place,자금동 작은도서관,작은도서관,의정부시,경기도 의정부시 거북로 13 (금오동),37.7503157,127.0581573,자금동 작은도서관은(는) 아이의 독서 습관과 지역 탐험을 연결하는 동화 배경으로 사용할 수 있다.,도서관에서 책 속 주인공을 만나는 생활권 독서 동화,"책 표지 색깔 찾기, 사서에게 추천 도서 묻기, 가족 독서 기록 남기기",4-7;8-10,도서관;작은도서관;11188,자금동 작은도서관,경기도,의정부시,작은도서관,매주토요일+매주일요일+법정공휴일,09:00,18:00,00:00,00:00,00:00,00:00,24,11188,0,0,10,21,경기도 의정부시 거북로 13 (금오동),경기도 의정부시청 도서관과,031-870-7861,1184,75.6,http://www.uilib.go.kr,2025-06-30,3820000,경기도 의정부시
전국도서관표준데이터 작은도서관 필터,https://www.data.go.kr/data/15013109/standard.do,2025-06-30,place,장암동 작은도서관,작은도서관,의정부시,경기도 의정부시 장곡로250번길 23 (장암동),37.7264075,127.0542625,장암동 작은도서관은(는) 아이의 독서 습관과 지역 탐험을 연결하는 동화 배경으로 사용할 수 있다.,도서관에서 책 속 주인공을 만나는 생활권 독서 동화,"책 표지 색깔 찾기, 사서에게 추천 도서 묻기, 가족 독서 기록 남기기",4-7;8-10,도서관;작은도서관;7674,장암동 작은도서관,경기도,의정부시,작은도서관,매주토요일+매주일요일+법정공휴일,09:00,18:00,00:00,00:00,00:00,00:00,32,7674,0,0,10,21,경기도 의정부시 장곡로250번길 23 (장암동),경기도 의정부시청 도서관과,031-870-7565,700,243.96,http://www.uilib.go.kr,2025-06-30,3820000,경기도 의정부시
전국도서관표준데이터 작은도서관 필터,https://www.data.go.kr/data/15013109/standard.do,2025-07-23,place,책향기작은도서관,작은도서관,정읍시,전북특별자치도 정읍시 말고개길 73-5,35.57207784,126.8659434,책향기작은도서관은(는) 아이의 독서 습관과 지역 탐험을 연결하는 동화 배경으로 사용할 수 있다.,도서관에서 책 속 주인공을 만나는 생활권 독서 동화,"책 표지 색깔 찾기, 사서에게 추천 도서 묻기, 가족 독서 기록 남기기",4-7;8-10,도서관;작은도서관;7472,책향기작은도서관,전북특별자치도,정읍시,작은도서관,토요일+일요일+공휴일,09:00,18:00,00:00,00:00,00:00,00:00,24,7472,0,0,5,17,전북특별자치도 정읍시 말고개길 73-5,전북특별자치도 정읍시청,063-537-6432,,113,,2025-07-23,4691000,전북특별자치도 정읍시
전국도서관표준데이터 작은도서관 필터,https://www.data.go.kr/data/15013109/standard.do,2025-09-04,place,조롱박작은도서관,작은도서관,영등포구,서울특별시 영등포구 대림로8길 13-1,37.49097294,126.9053053,조롱박작은도서관은(는) 아이의 독서 습관과 지역 탐험을 연결하는 동화 배경으로 사용할 수 있다.,도서관에서 책 속 주인공을 만나는 생활권 독서 동화,"책 표지 색깔 찾기, 사서에게 추천 도서 묻기, 가족 독서 기록 남기기",4-7;8-10,도서관;작은도서관;6186,조롱박작은도서관,서울특별시,영등포구,작은도서관,매주 월요일+일요일+법정공휴일,09:00,18:00,09:00,17:00,00:00,00:00,48,6186,0,0,10,21,서울특별시 영등포구 대림로8길 13-1,영등포문화재단,02-849-8935,172,198,https://www.ydplib.or.kr,2025-09-04,3180000,서울특별시 영등포구
전국도서관표준데이터 작은도서관 필터,https://www.data.go.kr/data/15013109/standard.do,2024-12-06,place,송화7단지작은도서관,작은도서관,남구,광주광역시 남구 노대실로 89,35.1024571,126.9042862,송화7단지작은도서관은(는) 아이의 독서 습관과 지역 탐험을 연결하는 동화 배경으로 사용할 수 있다.,도서관에서 책 속 주인공을 만나는 생활권 독서 동화,"책 표지 색깔 찾기, 사서에게 추천 도서 묻기, 가족 독서 기록 남기기",4-7;8-10,도서관;작은도서관;4936,송화7단지작은도서관,광주광역시,남구,작은도서관,토+일+공휴일,10:00,18:00,00:00,00:00,00:00,00:00,20,4936,0,0,3,14,광주광역시 남구 노대실로 89,송화마을7단지입주자대표회의,062-675-9339,,129,,2024-12-06,3610000,광주광역시 남구
전국도서관표준데이터 작은도서관 필터,https://www.data.go.kr/data/15013109/standard.do,2024-12-06,place,송화마을3단지작은도서관,작은도서관,남구,광주광역시 남구 효우로60번길 10,35.11017886,126.9023863,송화마을3단지작은도서관은(는) 아이의 독서 습관과 지역 탐험을 연결하는 동화 배경으로 사용할 수 있다.,도서관에서 책 속 주인공을 만나는 생활권 독서 동화,"책 표지 색깔 찾기, 사서에게 추천 도서 묻기, 가족 독서 기록 남기기",4-7;8-10,도서관;작은도서관;3200,송화마을3단지작은도서관,광주광역시,남구,작은도서관,일+공휴일,11:00,18:00,09:00,12:00,00:00,00:00,45,3200,2,87,3,14,광주광역시 남구 효우로60번길 10,송화마을휴먼시아3단지,062-675-1058,,238,,2024-12-06,3610000,광주광역시 남구
전국도서관표준데이터 작은도서관 필터,https://www.data.go.kr/data/15013109/standard.do,2024-12-06,place,송화마을휴먼시아6단지작은도서관,작은도서관,남구,광주광역시 남구 노대실로 49,35.10465053,126.9089031,송화마을휴먼시아6단지작은도서관은(는) 아이의 독서 습관과 지역 탐험을 연결하는 동화 배경으로 사용할 수 있다.,도서관에서 책 속 주인공을 만나는 생활권 독서 동화,"책 표지 색깔 찾기, 사서에게 추천 도서 묻기, 가족 독서 기록 남기기",4-7;8-10,도서관;작은도서관;1300,송화마을휴먼시아6단지작은도서관,광주광역시,남구,작은도서관,공휴일,09:00,18:00,09:00,18:00,09:00,18:00,20,1300,0,0,0,0,광주광역시 남구 노대실로 49,송화마을휴먼시아6단지,062-682-1991,,85.47,,2024-12-06,3610000,광주광역시 남구
전국도서관표준데이터 작은도서관 필터,https://www.data.go.kr/data/15013109/standard.do,2024-12-06,place,숲속작은도서관,작은도서관,남구,광주광역시 남구 효우로60번길 37,35.10809617,126.9003959,숲속작은도서관은(는) 아이의 독서 습관과 지역 탐험을 연결하는 동화 배경으로 사용할 수 있다.,도서관에서 책 속 주인공을 만나는 생활권 독서 동화,"책 표지 색깔 찾기, 사서에게 추천 도서 묻기, 가족 독서 기록 남기기",4-7;8-10,도서관;작은도서관;3404,숲속작은도서관,광주광역시,남구,작은도서관,토+일+공휴일,09:00,19:00,00:00,00:00,00:00,00:00,30,3404,0,2,3,14,광주광역시 남구 효우로60번길 37,숲속작은도서관자치위원회,,,113.78,,2024-12-06,3610000,광주광역시 남구
전국도서관표준데이터 작은도서관 필터,https://www.data.go.kr/data/15013109/standard.do,2024-12-06,place,자윤작은도서관,작은도서관,남구,광주광역시 남구 효우2로26번길 6,35.10232236,126.8892697,자윤작은도서관은(는) 아이의 독서 습관과 지역 탐험을 연결하는 동화 배경으로 사용할 수 있다.,도서관에서 책 속 주인공을 만나는 생활권 독서 동화,"책 표지 색깔 찾기, 사서에게 추천 도서 묻기, 가족 독서 기록 남기기",4-7;8-10,도서관;작은도서관;1400,자윤작은도서관,광주광역시,남구,작은도서관,토+일+공휴일,09:00,18:00,00:00,00:00,00:00,00:00,6,1400,4,10,3,7,광주광역시 남구 효우2로26번길 6,오관영,062-575-3857,,38.4,,2024-12-06,3610000,광주광역시 남구
전국도서관표준데이터 작은도서관 필터,https://www.data.go.kr/data/15013109/standard.do,2024-12-06,place,제일풍경채에듀파크2단지작은도서관,작은도서관,남구,광주광역시 남구 효우2로 46,35.10166517,126.8873049,제일풍경채에듀파크2단지작은도서관은(는) 아이의 독서 습관과 지역 탐험을 연결하는 동화 배경으로 사용할 수 있다.,도서관에서 책 속 주인공을 만나는 생활권 독서 동화,"책 표지 색깔 찾기, 사서에게 추천 도서 묻기, 가족 독서 기록 남기기",4-7;8-10,도서관;작은도서관;2600,제일풍경채에듀파크2단지작은도서관,광주광역시,남구,작은도서관,토+일+공휴일,10:00,18:00,00:00,00:00,00:00,00:00,16,2600,0,0,0,0,광주광역시 남구 효우2로 46,제일풍경채에듀파크2단지,062-655-0563,,84,,2024-12-06,3610000,광주광역시 남구
전국도서관표준데이터 작은도서관 필터,https://www.data.go.kr/data/15013109/standard.do,2025-08-09,place,알음알음작은도서관,작은도서관,서대문구,"서울특별시 서대문구 경기대로 40, 충현동자치회관",37.562901,126.9623774,알음알음작은도서관은(는) 아이의 독서 습관과 지역 탐험을 연결하는 동화 배경으로 사용할 수 있다.,도서관에서 책 속 주인공을 만나는 생활권 독서 동화,"책 표지 색깔 찾기, 사서에게 추천 도서 묻기, 가족 독서 기록 남기기",4-7;8-10,도서관;작은도서관;13371,알음알음작은도서관,서울특별시,서대문구,작은도서관,"토·일요일, 법정공휴일",09:00,18:00,00:00,00:00,00:00,00:00,30,13371,0,0,7,14,"서울특별시 서대문구 경기대로 40, 충현동자치회관",서대문구도시관리공단,02-330-8164,0,106,http://lib.sdm.or.kr,2025-08-09,3120000,서울특별시 서대문구
전국도서관표준데이터 작은도서관 필터,https://www.data.go.kr/data/15013109/standard.do,2025-08-09,place,하늘샘작은도서관,작은도서관,서대문구,"서울특별시 서대문구 독립문로 27, 천연보건분소 5층",37.56960387,126.9613146,하늘샘작은도서관은(는) 아이의 독서 습관과 지역 탐험을 연결하는 동화 배경으로 사용할 수 있다.,도서관에서 책 속 주인공을 만나는 생활권 독서 동화,"책 표지 색깔 찾기, 사서에게 추천 도서 묻기, 가족 독서 기록 남기기",4-7;8-10,도서관;작은도서관;6740,하늘샘작은도서관,서울특별시,서대문구,작은도서관,"토·일요일, 법정공휴일",09:00,18:00,00:00,00:00,00:00,00:00,12,6740,0,0,7,14,"서울특별시 서대문구 독립문로 27, 천연보건분소 5층",서대문구도시관리공단,02-3410-8334,0,165,http://lib.sdm.or.kr,2025-08-09,3120000,서울특별시 서대문구
전국도서관표준데이터 작은도서관 필터,https://www.data.go.kr/data/15013109/standard.do,2025-08-09,place,북아현마을 북카페,작은도서관,서대문구,"서울특별시 서대문구 북아현로 24, 북아현동주민센터 3층",37.559456,126.9570371,북아현마을 북카페은(는) 아이의 독서 습관과 지역 탐험을 연결하는 동화 배경으로 사용할 수 있다.,도서관에서 책 속 주인공을 만나는 생활권 독서 동화,"책 표지 색깔 찾기, 사서에게 추천 도서 묻기, 가족 독서 기록 남기기",4-7;8-10,도서관;작은도서관;7058,북아현마을 북카페,서울특별시,서대문구,작은도서관,"토·일요일, 법정공휴일",09:00,18:00,00:00,00:00,00:00,00:00,35,7058,0,0,7,14,"서울특별시 서대문구 북아현로 24, 북아현동주민센터 3층",서대문구도시관리공단,02-330-8672,0,90,http://lib.sdm.or.kr,2025-08-09,3120000,서울특별시 서대문구
전국도서관표준데이터 작은도서관 필터,https://www.data.go.kr/data/15013109/standard.do,2025-08-09,place,아이누리작은도서관,작은도서관,서대문구,"서울특별시 서대문구 증가로 13-10, 연희동자치회관",37.56930165,126.9307755,아이누리작은도서관은(는) 아이의 독서 습관과 지역 탐험을 연결하는 동화 배경으로 사용할 수 있다.,도서관에서 책 속 주인공을 만나는 생활권 독서 동화,"책 표지 색깔 찾기, 사서에게 추천 도서 묻기, 가족 독서 기록 남기기",4-7;8-10,도서관;작은도서관;12783,아이누리작은도서관,서울특별시,서대문구,작은도서관,"토·일요일, 법정공휴일",09:00,18:00,00:00,00:00,00:00,00:00,39,12783,0,0,7,14,"서울특별시 서대문구 증가로 13-10, 연희동자치회관",서대문구도시관리공단,02-330-8775,0,160,http://lib.sdm.or.kr,2025-08-09,3120000,서울특별시 서대문구
전국도서관표준데이터 작은도서관 필터,https://www.data.go.kr/data/15013109/standard.do,2025-08-09,place,햇살작은도서관,작은도서관,서대문구,"서울특별시 서대문구 세검정로1길 45, 홍은1동 자치회관 2층",37.59323535,126.9439056,햇살작은도서관은(는) 아이의 독서 습관과 지역 탐험을 연결하는 동화 배경으로 사용할 수 있다.,도서관에서 책 속 주인공을 만나는 생활권 독서 동화,"책 표지 색깔 찾기, 사서에게 추천 도서 묻기, 가족 독서 기록 남기기",4-7;8-10,도서관;작은도서관;6518,햇살작은도서관,서울특별시,서대문구,작은도서관,"토·일요일, 법정공휴일",09:00,18:00,00:00,00:00,00:00,00:00,25,6518,0,0,7,14,"서울특별시 서대문구 세검정로1길 45, 홍은1동 자치회관 2층",서대문구도시관리공단,02-330-8461,0,80,http://lib.sdm.or.kr,2025-08-09,3120000,서울특별시 서대문구
전국도서관표준데이터 작은도서관 필터,https://www.data.go.kr/data/15013109/standard.do,2025-08-09,place,행복작은도서관,작은도서관,서대문구,"서울특별시 서대문구 모래내로 334, 홍은2동주민센터 3층",37.58010825,126.9341521,행복작은도서관은(는) 아이의 독서 습관과 지역 탐험을 연결하는 동화 배경으로 사용할 수 있다.,도서관에서 책 속 주인공을 만나는 생활권 독서 동화,"책 표지 색깔 찾기, 사서에게 추천 도서 묻기, 가족 독서 기록 남기기",4-7;8-10,도서관;작은도서관;9180,행복작은도서관,서울특별시,서대문구,작은도서관,"토·일요일, 법정공휴일",09:00,18:00,00:00,00:00,00:00,00:00,25,9180,0,0,7,14,"서울특별시 서대문구 모래내로 334, 홍은2동주민센터 3층",서대문구도시관리공단,02-330-8788,0,91,http://lib.sdm.or.kr,2025-08-09,3120000,서울특별시 서대문구
전국도서관표준데이터 작은도서관 필터,https://www.data.go.kr/data/15013109/standard.do,2025-08-09,place,논골작은도서관,작은도서관,서대문구,"서울특별시 서대문구 연희로41가길 33, 청년미래공동체주택",37.59125623,126.9336552,논골작은도서관은(는) 아이의 독서 습관과 지역 탐험을 연결하는 동화 배경으로 사용할 수 있다.,도서관에서 책 속 주인공을 만나는 생활권 독서 동화,"책 표지 색깔 찾기, 사서에게 추천 도서 묻기, 가족 독서 기록 남기기",4-7;8-10,도서관;작은도서관;10952,논골작은도서관,서울특별시,서대문구,작은도서관,"토·일요일, 법정공휴일",09:00,18:00,00:00,00:00,00:00,00:00,80,10952,0,0,7,14,"서울특별시 서대문구 연희로41가길 33, 청년미래공동체주택",서대문구도시관리공단,02-391-8789,0,223,http://lib.sdm.or.kr,2025-08-09,3120000,서울특별시 서대문구
전국도서관표준데이터 작은도서관 필터,https://www.data.go.kr/data/15013109/standard.do,2024-12-06,place,책문화공간봄작은도서관,작은도서관,남구,광주광역시 남구 효우로77번길 9,35.10615926,126.9050461,책문화공간봄작은도서관은(는) 아이의 독서 습관과 지역 탐험을 연결하는 동화 배경으로 사용할 수 있다.,도서관에서 책 속 주인공을 만나는 생활권 독서 동화,"책 표지 색깔 찾기, 사서에게 추천 도서 묻기, 가족 독서 기록 남기기",4-7;8-10,도서관;작은도서관;3993,책문화공간봄작은도서관,광주광역시,남구,작은도서관,토+일+공휴일,09:00,17:00,00:00,00:00,00:00,00:00,30,3993,0,0,3,7,광주광역시 남구 효우로77번길 9,책문화공간봄,062-681-5432,,131,,2024-12-06,3610000,광주광역시 남구
전국도서관표준데이터 작은도서관 필터,https://www.data.go.kr/data/15013109/standard.do,2024-12-06,place,효천힐마루작은도서관,작은도서관,남구,광주광역시 남구 효우2로 45,35.10079943,126.8871404,효천힐마루작은도서관은(는) 아이의 독서 습관과 지역 탐험을 연결하는 동화 배경으로 사용할 수 있다.,도서관에서 책 속 주인공을 만나는 생활권 독서 동화,"책 표지 색깔 찾기, 사서에게 추천 도서 묻기, 가족 독서 기록 남기기",4-7;8-10,도서관;작은도서관;1691,효천힐마루작은도서관,광주광역시,남구,작은도서관,공휴일,13:00,18:00,13:00,18:00,13:00,18:00,16,1691,0,0,0,0,광주광역시 남구 효우2로 45,효천남해오네뜨2단지,062-674-5446,,89.39,,2024-12-06,3610000,광주광역시 남구
전국도서관표준데이터 작은도서관 필터,https://www.data.go.kr/data/15013109/standard.do,2024-12-06,place,천년나무꿈작은도서관,작은도서관,남구,광주광역시 남구 효우2로 20,35.10266055,126.8897524,천년나무꿈작은도서관은(는) 아이의 독서 습관과 지역 탐험을 연결하는 동화 배경으로 사용할 수 있다.,도서관에서 책 속 주인공을 만나는 생활권 독서 동화,"책 표지 색깔 찾기, 사서에게 추천 도서 묻기, 가족 독서 기록 남기기",4-7;8-10,도서관;작은도서관;2089,천년나무꿈작은도서관,광주광역시,남구,작은도서관,공휴일,09:00,22:00,09:00,22:00,09:00,22:00,13,2089,0,0,3,7,광주광역시 남구 효우2로 20,효천LH천년나무2단지,062-674-0597,,57.74,,2024-12-06,3610000,광주광역시 남구
전국도서관표준데이터 작은도서관 필터,https://www.data.go.kr/data/15013109/standard.do,2024-12-06,place,천년뜨락작은도서관,작은도서관,남구,광주광역시 남구 효우2로 21,35.1013917,126.8892725,천년뜨락작은도서관은(는) 아이의 독서 습관과 지역 탐험을 연결하는 동화 배경으로 사용할 수 있다.,도서관에서 책 속 주인공을 만나는 생활권 독서 동화,"책 표지 색깔 찾기, 사서에게 추천 도서 묻기, 가족 독서 기록 남기기",4-7;8-10,도서관;작은도서관;2280,천년뜨락작은도서관,광주광역시,남구,작은도서관,토+일+공휴일,09:00,18:00,00:00,00:00,00:00,00:00,16,2280,0,0,3,7,광주광역시 남구 효우2로 21,효천남해오네뜨1단지,062-674-9951,,90.54,,2024-12-06,3610000,광주광역시 남구
전국도서관표준데이터 작은도서관 필터,https://www.data.go.kr/data/15013109/standard.do,2024-12-06,place,큰골작은도서관,작은도서관,남구,광주광역시 남구 효우로 262,35.10332304,126.886899,큰골작은도서관은(는) 아이의 독서 습관과 지역 탐험을 연결하는 동화 배경으로 사용할 수 있다.,도서관에서 책 속 주인공을 만나는 생활권 독서 동화,"책 표지 색깔 찾기, 사서에게 추천 도서 묻기, 가족 독서 기록 남기기",4-7;8-10,도서관;작은도서관;2175,큰골작은도서관,광주광역시,남구,작은도서관,토+일+공휴일,09:00,18:00,00:00,00:00,00:00,00:00,16,2175,0,0,3,7,광주광역시 남구 효우로 262,효천LH천년나무1단지,062-674-6328,,56,,2024-12-06,3610000,광주광역시 남구
전국도서관표준데이터 작은도서관 필터,https://www.data.go.kr/data/15013109/standard.do,2024-12-06,place,행복한작은도서관,작은도서관,남구,광주광역시 남구 노대실로 9,35.10917558,126.905149,행복한작은도서관은(는) 아이의 독서 습관과 지역 탐험을 연결하는 동화 배경으로 사용할 수 있다.,도서관에서 책 속 주인공을 만나는 생활권 독서 동화,"책 표지 색깔 찾기, 사서에게 추천 도서 묻기, 가족 독서 기록 남기기",4-7;8-10,도서관;작은도서관;1216,행복한작은도서관,광주광역시,남구,작은도서관,토+일+공휴일,10:00,17:00,00:00,00:00,00:00,00:00,20,1216,0,0,3,7,광주광역시 남구 노대실로 9,송화마을8단지아파트,062-674-1202,,101.17,,2024-12-06,3610000,광주광역시 남구
전국도서관표준데이터 작은도서관 필터,https://www.data.go.kr/data/15013109/standard.do,2024-12-06,place,효천행복작은도서관,작은도서관,남구,광주광역시 남구 행암길 9,35.10231004,126.8951773,효천행복작은도서관은(는) 아이의 독서 습관과 지역 탐험을 연결하는 동화 배경으로 사용할 수 있다.,도서관에서 책 속 주인공을 만나는 생활권 독서 동화,"책 표지 색깔 찾기, 사서에게 추천 도서 묻기, 가족 독서 기록 남기기",4-7;8-10,도서관;작은도서관;1858,효천행복작은도서관,광주광역시,남구,작은도서관,공휴일,09:00,18:00,09:00,17:00,09:00,17:00,20,1858,0,0,3,7,광주광역시 남구 행암길 9,효천LH천년나무7단지,062-674-0472,,125.4,,2024-12-06,3610000,광주광역시 남구
전국도서관표준데이터 작은도서관 필터,https://www.data.go.kr/data/15013109/standard.do,2025-06-26,place,메트로열린도서관,작은도서관,동구,"광주광역시 동구 제봉로 지하 1,지하철 남광주역(학동)",35.13931983,126.9229435,메트로열린도서관은(는) 아이의 독서 습관과 지역 탐험을 연결하는 동화 배경으로 사용할 수 있다.,도서관에서 책 속 주인공을 만나는 생활권 독서 동화,"책 표지 색깔 찾기, 사서에게 추천 도서 묻기, 가족 독서 기록 남기기",4-7;8-10,도서관;작은도서관;7171,메트로열린도서관,광주광역시,동구,작은도서관,토+일+국가지정공휴일,09:00,18:00,00:00,00:00,00:00,00:00,6,7171,0,0,0,0,"광주광역시 동구 제봉로 지하 1,지하철 남광주역(학동)",광주교통문화선교회,062-604-8434,,40,,2025-06-26,3590000,광주광역시 동구
전국도서관표준데이터 작은도서관 필터,https://www.data.go.kr/data/15013109/standard.do,2025-06-26,place,모아미래도 작은도서관,작은도서관,동구,"광주광역시 동구 학소로76번길 14, 모아미래도(소태동)",35.12695351,126.9359979,모아미래도 작은도서관은(는) 아이의 독서 습관과 지역 탐험을 연결하는 동화 배경으로 사용할 수 있다.,도서관에서 책 속 주인공을 만나는 생활권 독서 동화,"책 표지 색깔 찾기, 사서에게 추천 도서 묻기, 가족 독서 기록 남기기",4-7;8-10,도서관;작은도서관;4137,모아미래도 작은도서관,광주광역시,동구,작은도서관,일+국가지정공휴일,09:00,18:00,09:00,18:00,00:00,00:00,20,4137,0,0,0,0,"광주광역시 동구 학소로76번길 14, 모아미래도(소태동)",지원동모아미래도 입주자대표회의,062-233-0433,,90,,2025-06-26,3590000,광주광역시 동구
전국도서관표준데이터 작은도서관 필터,https://www.data.go.kr/data/15013109/standard.do,2025-08-09,place,새싹작은도서관,작은도서관,서대문구,"서울특별시 서대문구 통일로27길 19, 홍제1동 자치회관",37.58316431,126.9484101,새싹작은도서관은(는) 아이의 독서 습관과 지역 탐험을 연결하는 동화 배경으로 사용할 수 있다.,도서관에서 책 속 주인공을 만나는 생활권 독서 동화,"책 표지 색깔 찾기, 사서에게 추천 도서 묻기, 가족 독서 기록 남기기",4-7;8-10,도서관;작은도서관;13670,새싹작은도서관,서울특별시,서대문구,작은도서관,"토·일요일, 법정공휴일",09:00,18:00,00:00,00:00,00:00,00:00,40,13670,0,0,7,14,"서울특별시 서대문구 통일로27길 19, 홍제1동 자치회관",서대문구도시관리공단,02-330-8663,0,125,http://lib.sdm.or.kr,2025-08-09,3120000,서울특별시 서대문구
전국도서관표준데이터 작은도서관 필터,https://www.data.go.kr/data/15013109/standard.do,2025-08-09,place,꿈이있는작은도서관,작은도서관,서대문구,"서울특별시 서대문구 통일로34길 27, 홍제2동주민센터 2층",37.58610556,126.9493681,꿈이있는작은도서관은(는) 아이의 독서 습관과 지역 탐험을 연결하는 동화 배경으로 사용할 수 있다.,도서관에서 책 속 주인공을 만나는 생활권 독서 동화,"책 표지 색깔 찾기, 사서에게 추천 도서 묻기, 가족 독서 기록 남기기",4-7;8-10,도서관;작은도서관;8765,꿈이있는작은도서관,서울특별시,서대문구,작은도서관,"토·일요일, 법정공휴일",09:00,18:00,00:00,00:00,00:00,00:00,26,8765,0,0,7,14,"서울특별시 서대문구 통일로34길 27, 홍제2동주민센터 2층",서대문구도시관리공단,02-330-8453,0,85,http://lib.sdm.or.kr,2025-08-09,3120000,서울특별시 서대문구
전국도서관표준데이터 작은도서관 필터,https://www.data.go.kr/data/15013109/standard.do,2025-08-09,place,문화촌어린이도서관,작은도서관,서대문구,"서울특별시 서대문구 세검정로4길 32, 홍제3동주민센터 3층",37.593746,126.9496936,문화촌어린이도서관은(는) 아이의 독서 습관과 지역 탐험을 연결하는 동화 배경으로 사용할 수 있다.,도서관에서 책 속 주인공을 만나는 생활권 독서 동화,"책 표지 색깔 찾기, 사서에게 추천 도서 묻기, 가족 독서 기록 남기기",4-7;8-10,도서관;작은도서관;10516,문화촌어린이도서관,서울특별시,서대문구,작은도서관,"토·일요일, 법정공휴일",09:00,18:00,00:00,00:00,00:00,00:00,35,10516,0,0,7,14,"서울특별시 서대문구 세검정로4길 32, 홍제3동주민센터 3층",서대문구도시관리공단,02-330-8991,0,128,http://lib.sdm.or.kr,2025-08-09,3120000,서울특별시 서대문구
전국도서관표준데이터 작은도서관 필터,https://www.data.go.kr/data/15013109/standard.do,2025-04-30,place,책마을작은도서관,작은도서관,울주군,울산광역시 울주군 청량읍 군청로 1,35.5219071,129.2413352,책마을작은도서관은(는) 아이의 독서 습관과 지역 탐험을 연결하는 동화 배경으로 사용할 수 있다.,도서관에서 책 속 주인공을 만나는 생활권 독서 동화,"책 표지 색깔 찾기, 사서에게 추천 도서 묻기, 가족 독서 기록 남기기",4-7;8-10,도서관;작은도서관;8715,책마을작은도서관,울산광역시,울주군,작은도서관,매주토요일+매주일요일+국가지정공휴일,09:00,18:00,00:00,00:00,00:00,00:00,38,8715,10,0,5,14,울산광역시 울주군 청량읍 군청로 1,울산광역시 울주군청,052-224-0090,,238,https://uljulib.ulju.ulsan.kr/index.do,2025-04-30,3730000,울산광역시 울주군
전국도서관표준데이터 작은도서관 필터,https://www.data.go.kr/data/15013109/standard.do,2025-04-30,place,읍성작은도서관,작은도서관,울주군,울산광역시 울주군 언양읍 남문4길 16,35.5660647,129.1215639,읍성작은도서관은(는) 아이의 독서 습관과 지역 탐험을 연결하는 동화 배경으로 사용할 수 있다.,도서관에서 책 속 주인공을 만나는 생활권 독서 동화,"책 표지 색깔 찾기, 사서에게 추천 도서 묻기, 가족 독서 기록 남기기",4-7;8-10,도서관;작은도서관;5210,읍성작은도서관,울산광역시,울주군,작은도서관,매주월요일+매주일요일+국가지정공휴일,09:00,18:00,09:00,18:00,00:00,00:00,26,5210,0,0,5,14,울산광역시 울주군 언양읍 남문4길 16,울산광역시 울주군 언양읍행정복지센터,052-264-9071,,118.94,https://uljulib.ulju.ulsan.kr/index.do,2025-04-30,3730000,울산광역시 울주군
전국도서관표준데이터 작은도서관 필터,https://www.data.go.kr/data/15013109/standard.do,2025-04-30,place,온양BOOKCAFE,작은도서관,울주군,울산광역시 울주군 온양읍 남창1길 20,35.4193735,129.2804005,온양BOOKCAFE은(는) 아이의 독서 습관과 지역 탐험을 연결하는 동화 배경으로 사용할 수 있다.,도서관에서 책 속 주인공을 만나는 생활권 독서 동화,"책 표지 색깔 찾기, 사서에게 추천 도서 묻기, 가족 독서 기록 남기기",4-7;8-10,도서관;작은도서관;4605,온양BOOKCAFE,울산광역시,울주군,작은도서관,매주토요일+매주일요일+국가지정공휴일,09:00,18:00,00:00,00:00,00:00,00:00,14,4605,0,0,5,14,울산광역시 울주군 온양읍 남창1길 20,울산광역시 울주군 온양읍행정복지센터,052-238-9090,,107.91,https://uljulib.ulju.ulsan.kr/index.do,2025-04-30,3730000,울산광역시 울주군
전국도서관표준데이터 작은도서관 필터,https://www.data.go.kr/data/15013109/standard.do,2025-04-30,place,늘푸름작은도서관,작은도서관,울주군,울산광역시 울주군 청량읍 신덕하3길 5,35.4930235,129.3059779,늘푸름작은도서관은(는) 아이의 독서 습관과 지역 탐험을 연결하는 동화 배경으로 사용할 수 있다.,도서관에서 책 속 주인공을 만나는 생활권 독서 동화,"책 표지 색깔 찾기, 사서에게 추천 도서 묻기, 가족 독서 기록 남기기",4-7;8-10,도서관;작은도서관;7982,늘푸름작은도서관,울산광역시,울주군,작은도서관,매주토요일+매주일요일+국가지정공휴일,09:00,18:00,00:00,00:00,00:00,00:00,10,7982,0,0,5,14,울산광역시 울주군 청량읍 신덕하3길 5,울산광역시 울주군 청량읍행정복지센터,052-257-1755,,61.4,https://uljulib.ulju.ulsan.kr/index.do,2025-04-30,3730000,울산광역시 울주군
전국도서관표준데이터 작은도서관 필터,https://www.data.go.kr/data/15013109/standard.do,2025-08-09,place,파랑새작은도서관,작은도서관,서대문구,"서울특별시 서대문구 모래내로 15길 37, 남가좌1동주민센터 2층",37.57327343,126.9197817,파랑새작은도서관은(는) 아이의 독서 습관과 지역 탐험을 연결하는 동화 배경으로 사용할 수 있다.,도서관에서 책 속 주인공을 만나는 생활권 독서 동화,"책 표지 색깔 찾기, 사서에게 추천 도서 묻기, 가족 독서 기록 남기기",4-7;8-10,도서관;작은도서관;12176,파랑새작은도서관,서울특별시,서대문구,작은도서관,"토·일요일, 법정공휴일",09:00,18:00,00:00,00:00,00:00,00:00,48,12176,0,0,7,14,"서울특별시 서대문구 모래내로 15길 37, 남가좌1동주민센터 2층",서대문구도시관리공단,02-330-8992,0,124,http://lib.sdm.or.kr,2025-08-09,3120000,서울특별시 서대문구
전국도서관표준데이터 작은도서관 필터,https://www.data.go.kr/data/15013109/standard.do,2025-08-09,place,늘푸른열린작은도서관,작은도서관,서대문구,"서울특별시 서대문구 수색로 100-55, 북가좌1동주민센터 2층",37.5743693,126.9101357,늘푸른열린작은도서관은(는) 아이의 독서 습관과 지역 탐험을 연결하는 동화 배경으로 사용할 수 있다.,도서관에서 책 속 주인공을 만나는 생활권 독서 동화,"책 표지 색깔 찾기, 사서에게 추천 도서 묻기, 가족 독서 기록 남기기",4-7;8-10,도서관;작은도서관;9204,늘푸른열린작은도서관,서울특별시,서대문구,작은도서관,"토·일요일, 법정공휴일",09:00,18:00,00:00,00:00,00:00,00:00,23,9204,0,0,7,14,"서울특별시 서대문구 수색로 100-55, 북가좌1동주민센터 2층",서대문구도시관리공단,02-330-8554,0,84,http://lib.sdm.or.kr,2025-08-09,3120000,서울특별시 서대문구
전국도서관표준데이터 작은도서관 필터,https://www.data.go.kr/data/15013109/standard.do,2025-10-31,place,부평현대1단지아파트작은도서관,작은도서관,부평구,인천광역시 부평구 경원대로 1269(산곡동),37.490572,126.7064071,부평현대1단지아파트작은도서관은(는) 아이의 독서 습관과 지역 탐험을 연결하는 동화 배경으로 사용할 수 있다.,도서관에서 책 속 주인공을 만나는 생활권 독서 동화,"책 표지 색깔 찾기, 사서에게 추천 도서 묻기, 가족 독서 기록 남기기",4-7;8-10,도서관;작은도서관;1291,부평현대1단지아파트작은도서관,인천광역시,부평구,작은도서관,일+법정공휴일,09:00,18:00,09:00,18:00,00:00,00:00,60,1291,0,0,0,0,인천광역시 부평구 경원대로 1269(산곡동),부평현대1단지아파트,032-267-1473,,117,,2025-10-31,3540000,인천광역시 부평구
전국도서관표준데이터 작은도서관 필터,https://www.data.go.kr/data/15013109/standard.do,2025-10-31,place,산곡글향기도서관,작은도서관,부평구,인천광역시 부평구 원적로 289(산곡동),37.505040,126.698600,산곡글향기도서관은(는) 아이의 독서 습관과 지역 탐험을 연결하는 동화 배경으로 사용할 수 있다.,도서관에서 책 속 주인공을 만나는 생활권 독서 동화,"책 표지 색깔 찾기, 사서에게 추천 도서 묻기, 가족 독서 기록 남기기",4-7;8-10,도서관;작은도서관;8720,산곡글향기도서관,인천광역시,부평구,작은도서관,일+월+법정공휴일,10:00,18:00,10:00,10:00,00:00,00:00,16,8720,0,0,0,0,인천광역시 부평구 원적로 289(산곡동),산곡교회,070-4119-4556,,49.92,,2025-10-31,3540000,인천광역시 부평구
전국도서관표준데이터 작은도서관 필터,https://www.data.go.kr/data/15013109/standard.do,2025-10-31,place,홀리스디어린이도서관,작은도서관,부평구,인천광역시 부평구 장제로340번길 26-13(삼산동),37.515060,126.733600,홀리스디어린이도서관은(는) 아이의 독서 습관과 지역 탐험을 연결하는 동화 배경으로 사용할 수 있다.,도서관에서 책 속 주인공을 만나는 생활권 독서 동화,"책 표지 색깔 찾기, 사서에게 추천 도서 묻기, 가족 독서 기록 남기기",4-7;8-10,도서관;작은도서관;1585,홀리스디어린이도서관,인천광역시,부평구,작은도서관,일+월+법정공휴일,13:00,17:00,13:00,17:00,00:00,00:00,30,1585,0,0,0,0,인천광역시 부평구 장제로340번길 26-13(삼산동),세계로선민교회,032-682-3774,,88.42,,2025-10-31,3540000,인천광역시 부평구
전국도서관표준데이터 작은도서관 필터,https://www.data.go.kr/data/15013109/standard.do,2025-10-31,place,부평마을작은도서관,작은도서관,부평구,인천광역시 부평구 부흥북로 35(부평동),37.501560,126.7258697892,부평마을작은도서관은(는) 아이의 독서 습관과 지역 탐험을 연결하는 동화 배경으로 사용할 수 있다.,도서관에서 책 속 주인공을 만나는 생활권 독서 동화,"책 표지 색깔 찾기, 사서에게 추천 도서 묻기, 가족 독서 기록 남기기",4-7;8-10,도서관;작은도서관;1476,부평마을작은도서관,인천광역시,부평구,작은도서관,일+법정공휴일,06:00,17:00,06:00,17:00,00:00,00:00,30,1476,0,0,0,0,인천광역시 부평구 부흥북로 35(부평동),부평마을교회,032-522-2023,,59.06,,2025-10-31,3540000,인천광역시 부평구
전국도서관표준데이터 작은도서관 필터,https://www.data.go.kr/data/15013109/standard.do,2025-10-31,place,초록필그림도서관,작은도서관,부평구,인천광역시 부평구 일신로14번길 5(일신동),37.483670,126.7450353942,초록필그림도서관은(는) 아이의 독서 습관과 지역 탐험을 연결하는 동화 배경으로 사용할 수 있다.,도서관에서 책 속 주인공을 만나는 생활권 독서 동화,"책 표지 색깔 찾기, 사서에게 추천 도서 묻기, 가족 독서 기록 남기기",4-7;8-10,도서관;작은도서관;1000,초록필그림도서관,인천광역시,부평구,작은도서관,일+월+법정공휴일,10:00,14:00,10:00,14:00,00:00,00:00,42,1000,0,0,0,0,인천광역시 부평구 일신로14번길 5(일신동),꿈넘어우리교회,,,141.12,,2025-10-31,3540000,인천광역시 부평구
전국도서관표준데이터 작은도서관 필터,https://www.data.go.kr/data/15013109/standard.do,2025-06-02,place,다솜작은도서관,작은도서관,북구,광주광역시 북구 첨단연신로 250(건국동 첨단휴먼시아1단지),35.2065782,126.8581171,다솜작은도서관은(는) 아이의 독서 습관과 지역 탐험을 연결하는 동화 배경으로 사용할 수 있다.,도서관에서 책 속 주인공을 만나는 생활권 독서 동화,"책 표지 색깔 찾기, 사서에게 추천 도서 묻기, 가족 독서 기록 남기기",4-7;8-10,도서관;작은도서관;3230,다솜작은도서관,광주광역시,북구,작은도서관,국가지정공휴일,09:00,18:00,09:00,17:00,00:00,00:00,30,3230,0,0,3,7,광주광역시 북구 첨단연신로 250(건국동 첨단휴먼시아1단지),,062-573-0114,,50.25,https://www.smalllibrary.org/library/detail/1474700,2025-06-02,3620000,광주광역시 북구
전국도서관표준데이터 작은도서관 필터,https://www.data.go.kr/data/15013109/standard.do,2025-06-02,place,대광초록빛작은도서관,작은도서관,북구,광주광역시 북구 서림로 153,35.1598681,126.9023437,대광초록빛작은도서관은(는) 아이의 독서 습관과 지역 탐험을 연결하는 동화 배경으로 사용할 수 있다.,도서관에서 책 속 주인공을 만나는 생활권 독서 동화,"책 표지 색깔 찾기, 사서에게 추천 도서 묻기, 가족 독서 기록 남기기",4-7;8-10,도서관;작은도서관;2300,대광초록빛작은도서관,광주광역시,북구,작은도서관,토+국가지정공휴일,09:00,18:00,00:00,00:00,00:00,00:00,18,2300,0,0,3,7,광주광역시 북구 서림로 153,,062-529-9112,,87,https://www.smalllibrary.org/library/detail/3534159,2025-06-02,3620000,광주광역시 북구
전국도서관표준데이터 작은도서관 필터,https://www.data.go.kr/data/15013109/standard.do,2025-11-25,place,공군제8249부대,작은도서관,군포시,경기도 군포시 수리산로 81-113,37.357211,126.902897,공군제8249부대은(는) 아이의 독서 습관과 지역 탐험을 연결하는 동화 배경으로 사용할 수 있다.,도서관에서 책 속 주인공을 만나는 생활권 독서 동화,"책 표지 색깔 찾기, 사서에게 추천 도서 묻기, 가족 독서 기록 남기기",4-7;8-10,도서관;작은도서관;5848,공군제8249부대,경기도,군포시,작은도서관,토+일+법정공휴일,09:00,18:00,00:00,00:00,00:00,00:00,20,5848,0,0,0,0,경기도 군포시 수리산로 81-113,공군제8249부대,070-7790-1305,,58,,2025-11-25,4020000,경기도 군포시
전국도서관표준데이터 작은도서관 필터,https://www.data.go.kr/data/15013109/standard.do,2025-11-25,place,군포2동채움작은도서관,작은도서관,군포시,"경기도 군포시 고산로 263, 1층",37.34630759,126.9430854,군포2동채움작은도서관은(는) 아이의 독서 습관과 지역 탐험을 연결하는 동화 배경으로 사용할 수 있다.,도서관에서 책 속 주인공을 만나는 생활권 독서 동화,"책 표지 색깔 찾기, 사서에게 추천 도서 묻기, 가족 독서 기록 남기기",4-7;8-10,도서관;작은도서관;2359,군포2동채움작은도서관,경기도,군포시,작은도서관,토+일+법정공휴일,09:00,18:00,00:00,00:00,00:00,00:00,34,2359,0,0,3,14,"경기도 군포시 고산로 263, 1층",군포2동 주민자치회,031-391-8694,,162.6,,2025-11-25,4020000,경기도 군포시
전국도서관표준데이터 작은도서관 필터,https://www.data.go.kr/data/15013109/standard.do,2025-11-25,place,그리심작은도서관,작은도서관,군포시,경기도 군포시 산본천로199번길 17,37.371117,126.938902,그리심작은도서관은(는) 아이의 독서 습관과 지역 탐험을 연결하는 동화 배경으로 사용할 수 있다.,도서관에서 책 속 주인공을 만나는 생활권 독서 동화,"책 표지 색깔 찾기, 사서에게 추천 도서 묻기, 가족 독서 기록 남기기",4-7;8-10,도서관;작은도서관;1807,그리심작은도서관,경기도,군포시,작은도서관,월+화+법정공휴일,13:00,18:00,13:00,18:00,13:00,18:00,62,1807,0,0,5,14,경기도 군포시 산본천로199번길 17,산본중앙교회,031-397-1204,,162,,2025-11-25,4020000,경기도 군포시
전국도서관표준데이터 작은도서관 필터,https://www.data.go.kr/data/15013109/standard.do,2025-11-25,place,글고운도서관,작은도서관,군포시,경기도 군포시 번영로200번길 71,37.33638042,126.9334537,글고운도서관은(는) 아이의 독서 습관과 지역 탐험을 연결하는 동화 배경으로 사용할 수 있다.,도서관에서 책 속 주인공을 만나는 생활권 독서 동화,"책 표지 색깔 찾기, 사서에게 추천 도서 묻기, 가족 독서 기록 남기기",4-7;8-10,도서관;작은도서관;8659,글고운도서관,경기도,군포시,작은도서관,토+일+법정공휴일,13:00,17:00,00:00,00:00,00:00,00:00,20,8659,0,0,5,7,경기도 군포시 번영로200번길 71,아파트입주자대표위,031-393-7157,,57.72,,2025-11-25,4020000,경기도 군포시
전국도서관표준데이터 작은도서관 필터,https://www.data.go.kr/data/15013109/standard.do,2025-11-25,place,금정작은도서관,작은도서관,군포시,경기도 군포시 금산로 35,37.36540019,126.9392714,금정작은도서관은(는) 아이의 독서 습관과 지역 탐험을 연결하는 동화 배경으로 사용할 수 있다.,도서관에서 책 속 주인공을 만나는 생활권 독서 동화,"책 표지 색깔 찾기, 사서에게 추천 도서 묻기, 가족 독서 기록 남기기",4-7;8-10,도서관;작은도서관;7284,금정작은도서관,경기도,군포시,작은도서관,토+일+법정공휴일,09:00,18:00,00:00,00:00,00:00,00:00,27,7284,0,0,3,14,경기도 군포시 금산로 35,금정동주민자치위원회,031-390-8699,,63,,2025-11-25,4020000,경기도 군포시
전국도서관표준데이터 작은도서관 필터,https://www.data.go.kr/data/15013109/standard.do,2025-11-25,place,꿈드림작은도서관,작은도서관,군포시,경기도 군포시 용호1로 21번길14,37.3451357,126.9363509,꿈드림작은도서관은(는) 아이의 독서 습관과 지역 탐험을 연결하는 동화 배경으로 사용할 수 있다.,도서관에서 책 속 주인공을 만나는 생활권 독서 동화,"책 표지 색깔 찾기, 사서에게 추천 도서 묻기, 가족 독서 기록 남기기",4-7;8-10,도서관;작은도서관;5099,꿈드림작은도서관,경기도,군포시,작은도서관,토+일+법정공휴일,13:00,18:00,00:00,00:00,00:00,00:00,12,5099,0,0,10,14,경기도 군포시 용호1로 21번길14,군포시노동종합복지관,031-688-8146,,41,www.gpstar.or.kr,2025-11-25,4020000,경기도 군포시
전국도서관표준데이터 작은도서관 필터,https://www.data.go.kr/data/15013109/standard.do,2025-11-25,place,꿈땅작은도서관,작은도서관,군포시,경기도 군포시 번영로 610번길 36,37.36187645,126.944014,꿈땅작은도서관은(는) 아이의 독서 습관과 지역 탐험을 연결하는 동화 배경으로 사용할 수 있다.,도서관에서 책 속 주인공을 만나는 생활권 독서 동화,"책 표지 색깔 찾기, 사서에게 추천 도서 묻기, 가족 독서 기록 남기기",4-7;8-10,도서관;작은도서관;2078,꿈땅작은도서관,경기도,군포시,작은도서관,월+일+법정공휴일,13:00,17:00,13:00,17:00,00:00,00:00,0,2078,0,0,5,14,경기도 군포시 번영로 610번길 36,영광교회,031-452-5882,,56,,2025-11-25,4020000,경기도 군포시
전국도서관표준데이터 작은도서관 필터,https://www.data.go.kr/data/15013109/standard.do,2025-11-25,place,꿈마을작은도서관,작은도서관,군포시,"경기도 군포시 삼성로 41, 관리동 B2층",37.33858358,126.9316471,꿈마을작은도서관은(는) 아이의 독서 습관과 지역 탐험을 연결하는 동화 배경으로 사용할 수 있다.,도서관에서 책 속 주인공을 만나는 생활권 독서 동화,"책 표지 색깔 찾기, 사서에게 추천 도서 묻기, 가족 독서 기록 남기기",4-7;8-10,도서관;작은도서관;7849,꿈마을작은도서관,경기도,군포시,작은도서관,토+일+법정공휴일,13:00,19:00,00:00,00:00,00:00,00:00,67,7849,0,0,5,7,"경기도 군포시 삼성로 41, 관리동 B2층",부곡6단지아파트입주회,031-391-9801,,250.56,,2025-11-25,4020000,경기도 군포시
전국도서관표준데이터 작은도서관 필터,https://www.data.go.kr/data/15013109/standard.do,2025-11-25,place,꿈미작은도서관,작은도서관,군포시,"경기도 군포시 송부로 291번안길 7, 503호",37.32178211,126.9443381,꿈미작은도서관은(는) 아이의 독서 습관과 지역 탐험을 연결하는 동화 배경으로 사용할 수 있다.,도서관에서 책 속 주인공을 만나는 생활권 독서 동화,"책 표지 색깔 찾기, 사서에게 추천 도서 묻기, 가족 독서 기록 남기기",4-7;8-10,도서관;작은도서관;2889,꿈미작은도서관,경기도,군포시,작은도서관,법정공휴일,10:00,18:00,10:00,18:00,10:00,18:00,62,2889,1,0,2,7,"경기도 군포시 송부로 291번안길 7, 503호",동행교회,031-461-0116,,146.44,,2025-11-25,4020000,경기도 군포시
전국도서관표준데이터 작은도서관 필터,https://www.data.go.kr/data/15013109/standard.do,2025-11-25,place,꿈을노래하는작은도서관,작은도서관,군포시,경기도 군포시 송부로273번안길 4-18,37.32186164,126.9420134,꿈을노래하는작은도서관은(는) 아이의 독서 습관과 지역 탐험을 연결하는 동화 배경으로 사용할 수 있다.,도서관에서 책 속 주인공을 만나는 생활권 독서 동화,"책 표지 색깔 찾기, 사서에게 추천 도서 묻기, 가족 독서 기록 남기기",4-7;8-10,도서관;작은도서관;4199,꿈을노래하는작은도서관,경기도,군포시,작은도서관,토+일+법정공휴일,13:30,18:00,00:00,00:00,00:00,00:00,16,4199,0,0,3,7,경기도 군포시 송부로273번안길 4-18,부곡이웃교회,070-8880-7811,,119.8,,2025-11-25,4020000,경기도 군포시
전국도서관표준데이터 작은도서관 필터,https://www.data.go.kr/data/15013109/standard.do,2025-11-25,place,노루목작은도서관,작은도서관,군포시,경기도 군포시 산본천로 207,37.37109729,126.940393,노루목작은도서관은(는) 아이의 독서 습관과 지역 탐험을 연결하는 동화 배경으로 사용할 수 있다.,도서관에서 책 속 주인공을 만나는 생활권 독서 동화,"책 표지 색깔 찾기, 사서에게 추천 도서 묻기, 가족 독서 기록 남기기",4-7;8-10,도서관;작은도서관;2908,노루목작은도서관,경기도,군포시,작은도서관,토+일+법정공휴일,09:00,18:00,00:00,00:00,00:00,00:00,18,2908,0,0,3,14,경기도 군포시 산본천로 207,산본1동주민자치위원회,031-390-4010,,61.2,http://cafe.daum.net/g2020,2025-11-25,4020000,경기도 군포시
전국도서관표준데이터 작은도서관 필터,https://www.data.go.kr/data/15013109/standard.do,2025-11-25,place,느티나무작은도서관,작은도서관,군포시,경기도 군포시 송부로291번길29,37.3242474,126.9445981,느티나무작은도서관은(는) 아이의 독서 습관과 지역 탐험을 연결하는 동화 배경으로 사용할 수 있다.,도서관에서 책 속 주인공을 만나는 생활권 독서 동화,"책 표지 색깔 찾기, 사서에게 추천 도서 묻기, 가족 독서 기록 남기기",4-7;8-10,도서관;작은도서관;4650,느티나무작은도서관,경기도,군포시,작은도서관,토+일+법정공휴일,14:00,17:00,00:00,00:00,00:00,00:00,40,4650,3,0,3,14,경기도 군포시 송부로291번길29,부곡2단지관리사무소,070-4237-5124,,100.14,,2025-11-25,4020000,경기도 군포시
전국도서관표준데이터 작은도서관 필터,https://www.data.go.kr/data/15013109/standard.do,2025-06-26,place,지원2동작은도서관,작은도서관,동구,광주광역시 동구 화산로 361,35.1204519,126.9328728,지원2동작은도서관은(는) 아이의 독서 습관과 지역 탐험을 연결하는 동화 배경으로 사용할 수 있다.,도서관에서 책 속 주인공을 만나는 생활권 독서 동화,"책 표지 색깔 찾기, 사서에게 추천 도서 묻기, 가족 독서 기록 남기기",4-7;8-10,도서관;작은도서관;8432,지원2동작은도서관,광주광역시,동구,작은도서관,"첫째,세째 월+국가지정공휴일",09:00,18:00,09:00,17:00,09:00,17:00,34,8432,0,0,5,15,광주광역시 동구 화산로 361,광주광역시 동구청,062-608-3922,,173,https://lib.donggu.kr/,2025-06-26,3590000,광주광역시 동구
전국도서관표준데이터 작은도서관 필터,https://www.data.go.kr/data/15013109/standard.do,2025-06-26,place,지산2동작은도서관,작은도서관,동구,광주광역시 동구 밤실로4번길 16,35.1484263,126.9384911,지산2동작은도서관은(는) 아이의 독서 습관과 지역 탐험을 연결하는 동화 배경으로 사용할 수 있다.,도서관에서 책 속 주인공을 만나는 생활권 독서 동화,"책 표지 색깔 찾기, 사서에게 추천 도서 묻기, 가족 독서 기록 남기기",4-7;8-10,도서관;작은도서관;8275,지산2동작은도서관,광주광역시,동구,작은도서관,운영중단,10:00,18:00,10:00,17:00,00:00,00:00,14,8275,0,23,5,15,광주광역시 동구 밤실로4번길 16,광주광역시 동구청,062-225-2123,,149,https://lib.donggu.kr/,2025-06-26,3590000,광주광역시 동구
전국도서관표준데이터 작은도서관 필터,https://www.data.go.kr/data/15013109/standard.do,2025-06-26,place,학운동작은도서관,작은도서관,동구,광주광역시 동구 의재로43번길 27-3,35.13303885,126.9347467,학운동작은도서관은(는) 아이의 독서 습관과 지역 탐험을 연결하는 동화 배경으로 사용할 수 있다.,도서관에서 책 속 주인공을 만나는 생활권 독서 동화,"책 표지 색깔 찾기, 사서에게 추천 도서 묻기, 가족 독서 기록 남기기",4-7;8-10,도서관;작은도서관;9006,학운동작은도서관,광주광역시,동구,작은도서관,"첫째,세째 월+국가지정공휴일",09:00,18:00,09:00,17:00,09:00,17:00,20,9006,0,177,5,15,광주광역시 동구 의재로43번길 27-3,광주광역시 동구청,062-608-3921,,124,https://lib.donggu.kr/,2025-06-26,3590000,광주광역시 동구
전국도서관표준데이터 작은도서관 필터,https://www.data.go.kr/data/15013109/standard.do,2025-06-26,place,대인작은도서관,작은도서관,동구,광주광역시 동구 중앙로 224(장동),35.15233606,126.9183131,대인작은도서관은(는) 아이의 독서 습관과 지역 탐험을 연결하는 동화 배경으로 사용할 수 있다.,도서관에서 책 속 주인공을 만나는 생활권 독서 동화,"책 표지 색깔 찾기, 사서에게 추천 도서 묻기, 가족 독서 기록 남기기",4-7;8-10,도서관;작은도서관;2000,대인작은도서관,광주광역시,동구,작은도서관,운영중단,00:00,00:00,00:00,00:00,00:00,00:00,60,2000,0,0,0,0,광주광역시 동구 중앙로 224(장동),대인교회,062-234-8291,,150,,2025-06-26,3590000,광주광역시 동구
전국도서관표준데이터 작은도서관 필터,https://www.data.go.kr/data/15013109/standard.do,2025-06-26,place,계림두산위브작은도서관,작은도서관,동구,광주광역시 동구 무등로 374(계림동),35.15878268,126.9239979,계림두산위브작은도서관은(는) 아이의 독서 습관과 지역 탐험을 연결하는 동화 배경으로 사용할 수 있다.,도서관에서 책 속 주인공을 만나는 생활권 독서 동화,"책 표지 색깔 찾기, 사서에게 추천 도서 묻기, 가족 독서 기록 남기기",4-7;8-10,도서관;작은도서관;5131,계림두산위브작은도서관,광주광역시,동구,작은도서관,목+금+국가지정공휴일,14:00,18:00,09:30,13:30,09:30,13:30,15,5131,0,0,0,0,광주광역시 동구 무등로 374(계림동),계림두산위브아파트입주자대표회의,,,150,,2025-06-26,3590000,광주광역시 동구
전국도서관표준데이터 작은도서관 필터,https://www.data.go.kr/data/15013109/standard.do,2025-06-26,place,행복한작은도서관,작은도서관,동구,광주광역시 동구 산수길 39번길 20-4,35.15845654,126.9271752,행복한작은도서관은(는) 아이의 독서 습관과 지역 탐험을 연결하는 동화 배경으로 사용할 수 있다.,도서관에서 책 속 주인공을 만나는 생활권 독서 동화,"책 표지 색깔 찾기, 사서에게 추천 도서 묻기, 가족 독서 기록 남기기",4-7;8-10,도서관;작은도서관;3000,행복한작은도서관,광주광역시,동구,작은도서관,토+일+국가지정공휴일,09:00,18:00,00:00,00:00,00:00,00:00,10,3000,0,0,0,0,광주광역시 동구 산수길 39번길 20-4,행복한지역아동센터,062-223-3164,,33,,2025-06-26,3590000,광주광역시 동구
전국도서관표준데이터 작은도서관 필터,https://www.data.go.kr/data/15013109/standard.do,2025-06-26,place,무등산IPARK아파트작은도서관,작은도서관,동구,광주광역시 동구 남문로 753번길 20,35.13634873,126.9226216,무등산IPARK아파트작은도서관은(는) 아이의 독서 습관과 지역 탐험을 연결하는 동화 배경으로 사용할 수 있다.,도서관에서 책 속 주인공을 만나는 생활권 독서 동화,"책 표지 색깔 찾기, 사서에게 추천 도서 묻기, 가족 독서 기록 남기기",4-7;8-10,도서관;작은도서관;3050,무등산IPARK아파트작은도서관,광주광역시,동구,작은도서관,연중무휴,09:00,18:00,09:00,18:00,09:00,18:00,40,3050,0,0,0,0,광주광역시 동구 남문로 753번길 20,무등산IPARK입주자대표회의,,,148,,2025-06-26,3590000,광주광역시 동구
전국도서관표준데이터 작은도서관 필터,https://www.data.go.kr/data/15013109/standard.do,2025-06-26,place,알암인권작은도서관,작은도서관,동구,광주광역시 동구 동명로 7-4(장동),35.15022609,126.922604,알암인권작은도서관은(는) 아이의 독서 습관과 지역 탐험을 연결하는 동화 배경으로 사용할 수 있다.,도서관에서 책 속 주인공을 만나는 생활권 독서 동화,"책 표지 색깔 찾기, 사서에게 추천 도서 묻기, 가족 독서 기록 남기기",4-7;8-10,도서관;작은도서관;3300,알암인권작은도서관,광주광역시,동구,작은도서관,휴관,00:00,00:00,00:00,00:00,00:00,00:00,14,3300,0,0,0,0,광주광역시 동구 동명로 7-4(장동),(사)알암명노근선생기념사업회,062-228-3563,,33,,2025-06-26,3590000,광주광역시 동구
전국도서관표준데이터 작은도서관 필터,https://www.data.go.kr/data/15013109/standard.do,2025-06-26,place,푸른길책향기작은도서관,작은도서관,동구,광주광역시 동구 동명로20번길 43-5(동명동),35.15031587,126.9278761,푸른길책향기작은도서관은(는) 아이의 독서 습관과 지역 탐험을 연결하는 동화 배경으로 사용할 수 있다.,도서관에서 책 속 주인공을 만나는 생활권 독서 동화,"책 표지 색깔 찾기, 사서에게 추천 도서 묻기, 가족 독서 기록 남기기",4-7;8-10,도서관;작은도서관;3210,푸른길책향기작은도서관,광주광역시,동구,작은도서관,월+일+국가지정공휴일,09:00,18:00,09:00,18:00,00:00,00:00,9,3210,0,0,0,0,광주광역시 동구 동명로20번길 43-5(동명동),(사)동명창조문화행복공동체마을,062-233-2662,,46.8,,2025-06-26,3590000,광주광역시 동구
전국도서관표준데이터 작은도서관 필터,https://www.data.go.kr/data/15013109/standard.do,2025-06-26,place,대안도서관 틔움,작은도서관,동구,광주광역시 동구 밤실로 136번길 8-21(산수동),35.15875024,126.9365481,대안도서관 틔움은(는) 아이의 독서 습관과 지역 탐험을 연결하는 동화 배경으로 사용할 수 있다.,도서관에서 책 속 주인공을 만나는 생활권 독서 동화,"책 표지 색깔 찾기, 사서에게 추천 도서 묻기, 가족 독서 기록 남기기",4-7;8-10,도서관;작은도서관;8064,대안도서관 틔움,광주광역시,동구,작은도서관,국가지정공휴일,09:00,18:00,09:00,18:00,09:00,18:00,32,8064,30,0,0,0,광주광역시 동구 밤실로 136번길 8-21(산수동),광주전남 인드라망생명공동체,062-263-4660,,173,,2025-06-26,3590000,광주광역시 동구
전국도서관표준데이터 작은도서관 필터,https://www.data.go.kr/data/15013109/standard.do,2025-06-26,place,산수중앙작은도서관,작은도서관,동구,광주광역시 동구 필문대로171번길 27-7 (산수동),35.15666917,126.9351624,산수중앙작은도서관은(는) 아이의 독서 습관과 지역 탐험을 연결하는 동화 배경으로 사용할 수 있다.,도서관에서 책 속 주인공을 만나는 생활권 독서 동화,"책 표지 색깔 찾기, 사서에게 추천 도서 묻기, 가족 독서 기록 남기기",4-7;8-10,도서관;작은도서관;6050,산수중앙작은도서관,광주광역시,동구,작은도서관,토+일+국가지정공휴일,10:00,18:00,00:00,00:00,00:00,00:00,10,6050,0,0,0,0,광주광역시 동구 필문대로171번길 27-7 (산수동),산수중앙교회,062-251-6439,,106,http://cafe.daum.net/doseogwan7,2025-06-26,3590000,광주광역시 동구
전국도서관표준데이터 작은도서관 필터,https://www.data.go.kr/data/15013109/standard.do,2025-06-26,place,풀꽃동산작은도서관,작은도서관,동구,광주광역시 동구 동명로110번길 14 (지산동),35.14966936,126.9321566,풀꽃동산작은도서관은(는) 아이의 독서 습관과 지역 탐험을 연결하는 동화 배경으로 사용할 수 있다.,도서관에서 책 속 주인공을 만나는 생활권 독서 동화,"책 표지 색깔 찾기, 사서에게 추천 도서 묻기, 가족 독서 기록 남기기",4-7;8-10,도서관;작은도서관;5770,풀꽃동산작은도서관,광주광역시,동구,작은도서관,국가지정공휴일,09:00,17:00,10:00,15:00,10:00,16:00,40,5770,500,0,0,0,광주광역시 동구 동명로110번길 14 (지산동),광주지산교회,062-222-0736,,94.98,,2025-06-26,3590000,광주광역시 동구
전국도서관표준데이터 작은도서관 필터,https://www.data.go.kr/data/15013109/standard.do,2025-06-26,place,백암문고,작은도서관,동구,광주광역시 동구 학소로86번안길 8 (소태동),35.12886725,126.9345876,백암문고은(는) 아이의 독서 습관과 지역 탐험을 연결하는 동화 배경으로 사용할 수 있다.,도서관에서 책 속 주인공을 만나는 생활권 독서 동화,"책 표지 색깔 찾기, 사서에게 추천 도서 묻기, 가족 독서 기록 남기기",4-7;8-10,도서관;작은도서관;3537,백암문고,광주광역시,동구,작은도서관,토+일+국가지정공휴일,10:00,19:00,00:00,00:00,00:00,00:00,40,3537,0,0,0,0,광주광역시 동구 학소로86번안길 8 (소태동),디딤돌지역아동센터,062-227-9421,,50,,2025-06-26,3590000,광주광역시 동구
전국도서관표준데이터 작은도서관 필터,https://www.data.go.kr/data/15013109/standard.do,2025-06-26,place,파이디온작은도서관,작은도서관,동구,"광주광역시 동구 남문로622번길 6(소태동), 3층",35.1263673,126.9320926,파이디온작은도서관은(는) 아이의 독서 습관과 지역 탐험을 연결하는 동화 배경으로 사용할 수 있다.,도서관에서 책 속 주인공을 만나는 생활권 독서 동화,"책 표지 색깔 찾기, 사서에게 추천 도서 묻기, 가족 독서 기록 남기기",4-7;8-10,도서관;작은도서관;2500,파이디온작은도서관,광주광역시,동구,작은도서관,토+일+국가지정공휴일,10:00,19:00,00:00,00:00,00:00,00:00,20,2500,0,0,0,0,"광주광역시 동구 남문로622번길 6(소태동), 3층",파이디온지역아동센터,062-265-5616,,75,,2025-06-26,3590000,광주광역시 동구
전국도서관표준데이터 작은도서관 필터,https://www.data.go.kr/data/15013109/standard.do,2025-06-26,place,은새암,작은도서관,동구,"광주광역시 동구 금남로 238, 무등빌딩 3층",35.148288,126.917654,은새암은(는) 아이의 독서 습관과 지역 탐험을 연결하는 동화 배경으로 사용할 수 있다.,도서관에서 책 속 주인공을 만나는 생활권 독서 동화,"책 표지 색깔 찾기, 사서에게 추천 도서 묻기, 가족 독서 기록 남기기",4-7;8-10,도서관;작은도서관;5267,은새암,광주광역시,동구,작은도서관,토+일+국가지정공휴일,10:00,17:00,00:00,00:00,00:00,00:00,50,5267,0,0,0,0,"광주광역시 동구 금남로 238, 무등빌딩 3층",(재)광주광역시 광주여성재단,062-670-0539,,59,www.gjwf.or.kr,2025-06-26,3590000,광주광역시 동구
전국도서관표준데이터 작은도서관 필터,https://www.data.go.kr/data/15013109/standard.do,2025-06-26,place,작은도서관 숲,작은도서관,동구,광주광역시 동구 동계천로 51-2 (대인동),35.15449526,126.9176305,작은도서관 숲은(는) 아이의 독서 습관과 지역 탐험을 연결하는 동화 배경으로 사용할 수 있다.,도서관에서 책 속 주인공을 만나는 생활권 독서 동화,"책 표지 색깔 찾기, 사서에게 추천 도서 묻기, 가족 독서 기록 남기기",4-7;8-10,도서관;작은도서관;1250,작은도서관 숲,광주광역시,동구,작은도서관,일+국가지정공휴일,09:00,18:00,09:00,17:00,00:00,00:00,30,1250,1210,0,0,0,광주광역시 동구 동계천로 51-2 (대인동),,062-401-1708,,76,,2025-06-26,3590000,광주광역시 동구
전국도서관표준데이터 작은도서관 필터,https://www.data.go.kr/data/15013109/standard.do,2025-06-26,place,식물그림책작은도서관,작은도서관,동구,광주광역시 동구 계림로30번길 7,35.15671276,126.9233705,식물그림책작은도서관은(는) 아이의 독서 습관과 지역 탐험을 연결하는 동화 배경으로 사용할 수 있다.,도서관에서 책 속 주인공을 만나는 생활권 독서 동화,"책 표지 색깔 찾기, 사서에게 추천 도서 묻기, 가족 독서 기록 남기기",4-7;8-10,도서관;작은도서관;1824,식물그림책작은도서관,광주광역시,동구,작은도서관,월+일+국가지정공휴일,13:00,17:00,13:00,17:00,00:00,00:00,30,1824,0,0,0,0,광주광역시 동구 계림로30번길 7,기살림빛고을협동조합,062-224-8861,,152.58,,2025-06-26,3590000,광주광역시 동구
전국도서관표준데이터 작은도서관 필터,https://www.data.go.kr/data/15013109/standard.do,2025-06-26,place,그림이있는작은도서관,작은도서관,동구,광주광역시 동구 밤실로 119 (산수동),35.15809987,126.9352842,그림이있는작은도서관은(는) 아이의 독서 습관과 지역 탐험을 연결하는 동화 배경으로 사용할 수 있다.,도서관에서 책 속 주인공을 만나는 생활권 독서 동화,"책 표지 색깔 찾기, 사서에게 추천 도서 묻기, 가족 독서 기록 남기기",4-7;8-10,도서관;작은도서관;3150,그림이있는작은도서관,광주광역시,동구,작은도서관,일+국가지정공휴일,14:00,18:00,10:00,16:00,00:00,00:00,20,3150,1,10,0,0,광주광역시 동구 밤실로 119 (산수동),,062-266-8834,,82.5,,2025-06-26,3590000,광주광역시 동구
전국도서관표준데이터 작은도서관 필터,https://www.data.go.kr/data/15013109/standard.do,2025-06-26,place,GIC도서관,작은도서관,동구,광주광역시 동구 중앙로 196번길 5(금남로3가),35.150391,126.9167540782,GIC도서관은(는) 아이의 독서 습관과 지역 탐험을 연결하는 동화 배경으로 사용할 수 있다.,도서관에서 책 속 주인공을 만나는 생활권 독서 동화,"책 표지 색깔 찾기, 사서에게 추천 도서 묻기, 가족 독서 기록 남기기",4-7;8-10,도서관;작은도서관;4689,GIC도서관,광주광역시,동구,작은도서관,국가지정공휴일,10:00,18:00,09:00,17:00,10:00,16:00,50,4689,10,0,0,0,광주광역시 동구 중앙로 196번길 5(금남로3가),(사)광주국제교류센터,062-226-2733,,152,http://www.gic.or.kr/,2025-06-26,3590000,광주광역시 동구
전국도서관표준데이터 작은도서관 필터,https://www.data.go.kr/data/15013109/standard.do,2025-06-26,place,space秀,작은도서관,동구,광주광역시 동구 동명로 14번길 19(동명동),35.15004036,126.9254093,space秀은(는) 아이의 독서 습관과 지역 탐험을 연결하는 동화 배경으로 사용할 수 있다.,도서관에서 책 속 주인공을 만나는 생활권 독서 동화,"책 표지 색깔 찾기, 사서에게 추천 도서 묻기, 가족 독서 기록 남기기",4-7;8-10,도서관;작은도서관;2000,space秀,광주광역시,동구,작은도서관,폐관,00:00,00:00,00:00,00:00,00:00,00:00,8,2000,0,0,0,0,광주광역시 동구 동명로 14번길 19(동명동),,062-223-4127,,37,,2025-06-26,3590000,광주광역시 동구
전국도서관표준데이터 작은도서관 필터,https://www.data.go.kr/data/15013109/standard.do,2025-06-26,place,작은도서관 오월의숲,작은도서관,동구,광주광역시 동구 필문대로205번길 10- 1(지산동),35.1520237,126.9321283,작은도서관 오월의숲은(는) 아이의 독서 습관과 지역 탐험을 연결하는 동화 배경으로 사용할 수 있다.,도서관에서 책 속 주인공을 만나는 생활권 독서 동화,"책 표지 색깔 찾기, 사서에게 추천 도서 묻기, 가족 독서 기록 남기기",4-7;8-10,도서관;작은도서관;4550,작은도서관 오월의숲,광주광역시,동구,작은도서관,일+국가지정공휴일,10:00,18:00,10:00,15:00,00:00,00:00,35,4550,3,150,0,0,광주광역시 동구 필문대로205번길 10- 1(지산동),(사)들불열사기념사업회,062-512-0527,83,115,,2025-06-26,3590000,광주광역시 동구
전국도서관표준데이터 작은도서관 필터,https://www.data.go.kr/data/15013109/standard.do,2025-06-26,place,두암타운작은도서관,작은도서관,동구,광주광역시 동구 밤실로 147(산수동),35.16123352,126.9349042,두암타운작은도서관은(는) 아이의 독서 습관과 지역 탐험을 연결하는 동화 배경으로 사용할 수 있다.,도서관에서 책 속 주인공을 만나는 생활권 독서 동화,"책 표지 색깔 찾기, 사서에게 추천 도서 묻기, 가족 독서 기록 남기기",4-7;8-10,도서관;작은도서관;2000,두암타운작은도서관,광주광역시,동구,작은도서관,운영중단,00:00,00:00,00:00,00:00,00:00,00:00,12,2000,0,0,0,0,광주광역시 동구 밤실로 147(산수동),두암타운입주자대표회의,062-266-3784,,40,,2025-06-26,3590000,광주광역시 동구
전국도서관표준데이터 작은도서관 필터,https://www.data.go.kr/data/15013109/standard.do,2025-06-26,place,이매진도서관,작은도서관,동구,광주광역시 동구 문화전당로 29 (남동),35.14502474,126.9190886,이매진도서관은(는) 아이의 독서 습관과 지역 탐험을 연결하는 동화 배경으로 사용할 수 있다.,도서관에서 책 속 주인공을 만나는 생활권 독서 동화,"책 표지 색깔 찾기, 사서에게 추천 도서 묻기, 가족 독서 기록 남기기",4-7;8-10,도서관;작은도서관;4236,이매진도서관,광주광역시,동구,작은도서관,월+화+수+일+국가지정공휴일,16:30,21:30,16:30,21:30,00:00,00:00,12,4236,0,150,0,0,광주광역시 동구 문화전당로 29 (남동),,062-449-8160,,300,,2025-06-26,3590000,광주광역시 동구
전국도서관표준데이터 작은도서관 필터,https://www.data.go.kr/data/15013109/standard.do,2025-06-26,place,희망작은도서관,작은도서관,동구,광주광역시 동구 밤실로82번길 3(산수동),35.1550332,126.9368627,희망작은도서관은(는) 아이의 독서 습관과 지역 탐험을 연결하는 동화 배경으로 사용할 수 있다.,도서관에서 책 속 주인공을 만나는 생활권 독서 동화,"책 표지 색깔 찾기, 사서에게 추천 도서 묻기, 가족 독서 기록 남기기",4-7;8-10,도서관;작은도서관;1300,희망작은도서관,광주광역시,동구,작은도서관,운영중단,00:00,00:00,00:00,00:00,00:00,00:00,16,1300,0,0,0,0,광주광역시 동구 밤실로82번길 3(산수동),형통한교회,062-365-1992,,53,,2025-06-26,3590000,광주광역시 동구
전국도서관표준데이터 작은도서관 필터,https://www.data.go.kr/data/15013109/standard.do,2025-09-01,place,퐁낭(동홍동)작은도서관,작은도서관,서귀포시,제주특별자치도 서귀포시 동홍중앙로 56(동홍동),33.25544697,126.5722626,퐁낭(동홍동)작은도서관은(는) 아이의 독서 습관과 지역 탐험을 연결하는 동화 배경으로 사용할 수 있다.,도서관에서 책 속 주인공을 만나는 생활권 독서 동화,"책 표지 색깔 찾기, 사서에게 추천 도서 묻기, 가족 독서 기록 남기기",4-7;8-10,도서관;작은도서관;5036,퐁낭(동홍동)작은도서관,제주특별자치도,서귀포시,작은도서관,국가지정공휴일(일요일포함),14:00,20:00,14:00,18:00,00:00,00:00,43,5036,3,50,5,14,제주특별자치도 서귀포시 동홍중앙로 56(동홍동),제주특별자치도 서귀포시,064-733-4682,,,https://www.smalllibrary.org/main/index,2025-09-01,6500000,제주특별자치도
전국도서관표준데이터 작은도서관 필터,https://www.data.go.kr/data/15013109/standard.do,2025-09-01,place,중앙꿈쟁이(중앙동)작은도서관,작은도서관,서귀포시,제주특별자치도 서귀포시 동문로 39 4층,33.25056431,126.5647008,중앙꿈쟁이(중앙동)작은도서관은(는) 아이의 독서 습관과 지역 탐험을 연결하는 동화 배경으로 사용할 수 있다.,도서관에서 책 속 주인공을 만나는 생활권 독서 동화,"책 표지 색깔 찾기, 사서에게 추천 도서 묻기, 가족 독서 기록 남기기",4-7;8-10,도서관;작은도서관;9512,중앙꿈쟁이(중앙동)작은도서관,제주특별자치도,서귀포시,작은도서관,국가지정공휴일(일요일포함),13:00,19:00,10:00,18:00,00:00,00:00,40,9512,1,0,5,14,제주특별자치도 서귀포시 동문로 39 4층,제주특별자치도 서귀포시,070-4548-1409,,,https://www.smalllibrary.org/main/index,2025-09-01,6500000,제주특별자치도
전국도서관표준데이터 작은도서관 필터,https://www.data.go.kr/data/15013109/standard.do,2025-09-01,place,제주국제평화센터작은도서관,작은도서관,서귀포시,제주특별자치도 서귀포시 중문관광로 227-24,33.24438838,126.4220223,제주국제평화센터작은도서관은(는) 아이의 독서 습관과 지역 탐험을 연결하는 동화 배경으로 사용할 수 있다.,도서관에서 책 속 주인공을 만나는 생활권 독서 동화,"책 표지 색깔 찾기, 사서에게 추천 도서 묻기, 가족 독서 기록 남기기",4-7;8-10,도서관;작은도서관;3735,제주국제평화센터작은도서관,제주특별자치도,서귀포시,작은도서관,"1월1일+설날전일, 설날당일+추석전일, 추석당일+둘째주월요일+넷째주월요일",09:00,18:00,09:00,18:00,09:00,18:00,70,3735,0,0,0,0,제주특별자치도 서귀포시 중문관광로 227-24,제주국제평화센터,064-735-6551,,,https://www.smalllibrary.org/main/index,2025-09-01,6500000,제주특별자치도
전국도서관표준데이터 작은도서관 필터,https://www.data.go.kr/data/15013109/standard.do,2025-09-01,place,용흥 작은도서관,작은도서관,서귀포시,제주특별자치도 서귀포시 용흥로 55(대천동),33.25145567,126.4824083,용흥 작은도서관은(는) 아이의 독서 습관과 지역 탐험을 연결하는 동화 배경으로 사용할 수 있다.,도서관에서 책 속 주인공을 만나는 생활권 독서 동화,"책 표지 색깔 찾기, 사서에게 추천 도서 묻기, 가족 독서 기록 남기기",4-7;8-10,도서관;작은도서관;5538,용흥 작은도서관,제주특별자치도,서귀포시,작은도서관,국가지정공휴일(일요일포함)+매주금요일,14:00,18:00,10:00,14:00,00:00,00:00,25,5538,0,0,3,14,제주특별자치도 서귀포시 용흥로 55(대천동),용흥작은도서관,064-739-3669,,,https://www.smalllibrary.org/main/index,2025-09-01,6500000,제주특별자치도
전국도서관표준데이터 작은도서관 필터,https://www.data.go.kr/data/15013109/standard.do,2025-09-01,place,온평 열운이작은도서관,작은도서관,서귀포시,제주특별자치도 서귀포시 성산읍 온평애향로 23번길 6,33.4081246,126.9001727,온평 열운이작은도서관은(는) 아이의 독서 습관과 지역 탐험을 연결하는 동화 배경으로 사용할 수 있다.,도서관에서 책 속 주인공을 만나는 생활권 독서 동화,"책 표지 색깔 찾기, 사서에게 추천 도서 묻기, 가족 독서 기록 남기기",4-7;8-10,도서관;작은도서관;5452,온평 열운이작은도서관,제주특별자치도,서귀포시,작은도서관,국가지정공휴일(일요일포함)+매주월요일,13:00,17:00,13:00,17:00,00:00,00:00,28,5452,13,0,5,15,제주특별자치도 서귀포시 성산읍 온평애향로 23번길 6,온평리마을회,070-8147-6514,,,https://www.smalllibrary.org/main/index,2025-09-01,6500000,제주특별자치도
전국도서관표준데이터 작은도서관 필터,https://www.data.go.kr/data/15013109/standard.do,2025-09-01,place,보목꿈터작은도서관,작은도서관,서귀포시,제주특별자치도 서귀포시 칠십리로 483-1(송산동),33.24174842,126.602407,보목꿈터작은도서관은(는) 아이의 독서 습관과 지역 탐험을 연결하는 동화 배경으로 사용할 수 있다.,도서관에서 책 속 주인공을 만나는 생활권 독서 동화,"책 표지 색깔 찾기, 사서에게 추천 도서 묻기, 가족 독서 기록 남기기",4-7;8-10,도서관;작은도서관;8980,보목꿈터작은도서관,제주특별자치도,서귀포시,작은도서관,국가지정공휴일(일요일포함)+매주월요일,14:00,18:00,14:00,18:00,00:00,00:00,30,8980,6,20,5,14,제주특별자치도 서귀포시 칠십리로 483-1(송산동),보목꿈터작은도서관,064-732-3506,,,https://www.smalllibrary.org/main/index,2025-09-01,6500000,제주특별자치도
전국도서관표준데이터 작은도서관 필터,https://www.data.go.kr/data/15013109/standard.do,2025-09-01,place,LH강정작은도서관,작은도서관,서귀포시,제주특별자치도 서귀포시 대청로 25번길9 강정LH아파트,33.25343367,126.502245,LH강정작은도서관은(는) 아이의 독서 습관과 지역 탐험을 연결하는 동화 배경으로 사용할 수 있다.,도서관에서 책 속 주인공을 만나는 생활권 독서 동화,"책 표지 색깔 찾기, 사서에게 추천 도서 묻기, 가족 독서 기록 남기기",4-7;8-10,도서관;작은도서관;2728,LH강정작은도서관,제주특별자치도,서귀포시,작은도서관,국가지정공휴일(일요일포함)+매주토요일,10:00,17:00,00:00,00:00,00:00,00:00,18,2728,3,0,3,14,제주특별자치도 서귀포시 대청로 25번길9 강정LH아파트,강정LH주거행복지원센터,064-739-3663,,,https://www.smalllibrary.org/main/index,2025-09-01,6500000,제주특별자치도
전국도서관표준데이터 작은도서관 필터,https://www.data.go.kr/data/15013109/standard.do,2025-09-06,place,노을도서관,작은도서관,목포시,전라남도 목포시 고하대로 641-10,34.80747909,126.3688758,노을도서관은(는) 아이의 독서 습관과 지역 탐험을 연결하는 동화 배경으로 사용할 수 있다.,도서관에서 책 속 주인공을 만나는 생활권 독서 동화,"책 표지 색깔 찾기, 사서에게 추천 도서 묻기, 가족 독서 기록 남기기",4-7;8-10,도서관;작은도서관;3564,노을도서관,전라남도,목포시,작은도서관,"매주월요일,공휴일",09:00,18:00,09:00,18:00,00:00,00:00,20,3564,0,0,5,14,전라남도 목포시 고하대로 641-10,노을작은도서관운영위원회,061-272-9872,,72,http://www.mokpolib.or.kr,2025-09-06,4800000,전라남도 목포시
전국도서관표준데이터 작은도서관 필터,https://www.data.go.kr/data/15013109/standard.do,2025-09-06,place,행복마을도서관,작은도서관,목포시,전라남도 목포시 양을로 144,34.80909511,126.3866468,행복마을도서관은(는) 아이의 독서 습관과 지역 탐험을 연결하는 동화 배경으로 사용할 수 있다.,도서관에서 책 속 주인공을 만나는 생활권 독서 동화,"책 표지 색깔 찾기, 사서에게 추천 도서 묻기, 가족 독서 기록 남기기",4-7;8-10,도서관;작은도서관;4623,행복마을도서관,전라남도,목포시,작은도서관,"매주월요일,공휴일",09:00,18:00,09:00,18:00,00:00,00:00,16,4623,0,0,5,14,전라남도 목포시 양을로 144,행복마을작은도서관운영위원회,061-274-7077,,84,http://www.mokpolib.or.kr,2025-09-06,4800000,전라남도 목포시
전국도서관표준데이터 작은도서관 필터,https://www.data.go.kr/data/15013109/standard.do,2025-09-06,place,삼학도서관,작은도서관,목포시,전라남도 목포시 자유로104번길 35,34.79034866,126.4016498,삼학도서관은(는) 아이의 독서 습관과 지역 탐험을 연결하는 동화 배경으로 사용할 수 있다.,도서관에서 책 속 주인공을 만나는 생활권 독서 동화,"책 표지 색깔 찾기, 사서에게 추천 도서 묻기, 가족 독서 기록 남기기",4-7;8-10,도서관;작은도서관;4864,삼학도서관,전라남도,목포시,작은도서관,"매주월요일,공휴일",10:00,19:00,10:00,19:00,00:00,00:00,16,4864,0,0,5,14,전라남도 목포시 자유로104번길 35,삼학작은도서관운영위원회,061-243-4880,,79,http://www.mokpolib.or.kr,2025-09-06,4800000,전라남도 목포시
전국도서관표준데이터 작은도서관 필터,https://www.data.go.kr/data/15013109/standard.do,2025-09-06,place,소나무도서관,작은도서관,목포시,전라남도 목포시 포미로 22,34.81974985,126.3968006,소나무도서관은(는) 아이의 독서 습관과 지역 탐험을 연결하는 동화 배경으로 사용할 수 있다.,도서관에서 책 속 주인공을 만나는 생활권 독서 동화,"책 표지 색깔 찾기, 사서에게 추천 도서 묻기, 가족 독서 기록 남기기",4-7;8-10,도서관;작은도서관;2480,소나무도서관,전라남도,목포시,작은도서관,"매주월요일,공휴일",10:00,19:00,10:00,19:00,00:00,00:00,20,2480,0,0,5,14,전라남도 목포시 포미로 22,소나무작은도서관운영위원회,061-274-0067,,81,http://www.mokpolib.or.kr,2025-09-06,4800000,전라남도 목포시
전국도서관표준데이터 작은도서관 필터,https://www.data.go.kr/data/15013109/standard.do,2025-09-06,place,숲속도서관,작은도서관,목포시,전라남도 목포시 백년대로 95-5(용당2동),34.79958771,126.3997647,숲속도서관은(는) 아이의 독서 습관과 지역 탐험을 연결하는 동화 배경으로 사용할 수 있다.,도서관에서 책 속 주인공을 만나는 생활권 독서 동화,"책 표지 색깔 찾기, 사서에게 추천 도서 묻기, 가족 독서 기록 남기기",4-7;8-10,도서관;작은도서관;5555,숲속도서관,전라남도,목포시,작은도서관,"매주월요일,공휴일",09:00,18:00,09:00,18:00,00:00,00:00,20,5555,0,0,5,14,전라남도 목포시 백년대로 95-5(용당2동),숲속작은도서관운영위원회,061-276-7384,,120,http://www.mokpolib.or.kr,2025-09-06,4800000,전라남도 목포시
전국도서관표준데이터 작은도서관 필터,https://www.data.go.kr/data/15013109/standard.do,2025-09-06,place,청개구리도서관,작은도서관,목포시,"전라남도 목포시 통일대로75번길 14(옥암동,부영@)",34.80236326,126.4319076,청개구리도서관은(는) 아이의 독서 습관과 지역 탐험을 연결하는 동화 배경으로 사용할 수 있다.,도서관에서 책 속 주인공을 만나는 생활권 독서 동화,"책 표지 색깔 찾기, 사서에게 추천 도서 묻기, 가족 독서 기록 남기기",4-7;8-10,도서관;작은도서관;6426,청개구리도서관,전라남도,목포시,작은도서관,"매주월요일,공휴일",09:00,18:00,09:00,18:00,00:00,00:00,23,6426,0,0,5,14,"전라남도 목포시 통일대로75번길 14(옥암동,부영@)",청개구리작은도서관운영위원회,061-281-2463,,131,http://www.mokpolib.or.kr,2025-09-06,4800000,전라남도 목포시
전국도서관표준데이터 작은도서관 필터,https://www.data.go.kr/data/15013109/standard.do,2025-03-13,place,참새작은도서관,작은도서관,금천구,"서울특별시 금천구 한내로 69-15, 3층",37.45738796,126.8865496,참새작은도서관은(는) 아이의 독서 습관과 지역 탐험을 연결하는 동화 배경으로 사용할 수 있다.,도서관에서 책 속 주인공을 만나는 생활권 독서 동화,"책 표지 색깔 찾기, 사서에게 추천 도서 묻기, 가족 독서 기록 남기기",4-7;8-10,도서관;작은도서관;10672,참새작은도서관,서울특별시,금천구,작은도서관,월요일+일요일+법정공휴일,10:00,20:00,10:00,14:30,00:00,00:00,60,10672,0,0,10,14,"서울특별시 금천구 한내로 69-15, 3층",금천문화재단,02-2104-5765,,262,https://geumcheonlib.seoul.kr,2025-03-13,3170000,서울특별시 금천구
전국도서관표준데이터 작은도서관 필터,https://www.data.go.kr/data/15013109/standard.do,2025-03-13,place,나누리 작은도서관,작은도서관,금천구,"서울특별시 금천구 금하로23길 40, 금화빌딩",37.45310408,126.908929,나누리 작은도서관은(는) 아이의 독서 습관과 지역 탐험을 연결하는 동화 배경으로 사용할 수 있다.,도서관에서 책 속 주인공을 만나는 생활권 독서 동화,"책 표지 색깔 찾기, 사서에게 추천 도서 묻기, 가족 독서 기록 남기기",4-7;8-10,도서관;작은도서관;8987,나누리 작은도서관,서울특별시,금천구,작은도서관,토요일+일요일+법정공휴일,11:00,19:00,00:00,00:00,00:00,00:00,40,8987,0,0,10,14,"서울특별시 금천구 금하로23길 40, 금화빌딩",나누리 작은도서관,02-892-0109,,100,,2025-03-13,3170000,서울특별시 금천구
전국도서관표준데이터 작은도서관 필터,https://www.data.go.kr/data/15013109/standard.do,2025-03-13,place,미래향기작은도서관,작은도서관,금천구,"서울특별시 금천구 독산로 179, 1층",37.4631474000,126.903459,미래향기작은도서관은(는) 아이의 독서 습관과 지역 탐험을 연결하는 동화 배경으로 사용할 수 있다.,도서관에서 책 속 주인공을 만나는 생활권 독서 동화,"책 표지 색깔 찾기, 사서에게 추천 도서 묻기, 가족 독서 기록 남기기",4-7;8-10,도서관;작은도서관;9880,미래향기작은도서관,서울특별시,금천구,작은도서관,월요일+일요일+법정공휴일,10:00,20:00,10:00,14:30,00:00,00:00,32,9880,0,0,10,14,"서울특별시 금천구 독산로 179, 1층",금천문화재단,02-2104-5584,,149,https://geumcheonlib.seoul.kr,2025-03-13,3170000,서울특별시 금천구
전국도서관표준데이터 작은도서관 필터,https://www.data.go.kr/data/15013109/standard.do,2023-12-06,place,리즈영어작은도서관,작은도서관,영동군,충청북도 영동군 영동읍 영동시장4길 42,36.17821096,127.774809,리즈영어작은도서관은(는) 아이의 독서 습관과 지역 탐험을 연결하는 동화 배경으로 사용할 수 있다.,도서관에서 책 속 주인공을 만나는 생활권 독서 동화,"책 표지 색깔 찾기, 사서에게 추천 도서 묻기, 가족 독서 기록 남기기",4-7;8-10,도서관;작은도서관;1603,리즈영어작은도서관,충청북도,영동군,작은도서관,금+공휴일,09:00,18:00,09:00,18:00,00:00,00:00,12,1603,0,0,2,7,충청북도 영동군 영동읍 영동시장4길 42,충청북도 영동군 리즈영어마을,043-744-7616,234,150.68,,2023-12-06,4440000,충청북도 영동군
전국도서관표준데이터 작은도서관 필터,https://www.data.go.kr/data/15013109/standard.do,2023-12-06,place,어깨동무작은도서관,작은도서관,영동군,충청북도 영동군 영동읍 구교2길 2,36.1802453,127.7802849,어깨동무작은도서관은(는) 아이의 독서 습관과 지역 탐험을 연결하는 동화 배경으로 사용할 수 있다.,도서관에서 책 속 주인공을 만나는 생활권 독서 동화,"책 표지 색깔 찾기, 사서에게 추천 도서 묻기, 가족 독서 기록 남기기",4-7;8-10,도서관;작은도서관;21217,어깨동무작은도서관,충청북도,영동군,작은도서관,금+공휴일,09:00,18:00,09:00,18:00,00:00,00:00,32,21217,0,0,2,7,충청북도 영동군 영동읍 구교2길 2,충청북도 영동군 어깨동무지역아동센터,043-744-3677,483.8,265,,2023-12-06,4440000,충청북도 영동군
전국도서관표준데이터 작은도서관 필터,https://www.data.go.kr/data/15013109/standard.do,2024-11-13,place,지구촌작은도서관,작은도서관,중구,"울산광역시 중구 북부순환도로 871, 4층(서동)",35.58094462,129.3453065,지구촌작은도서관은(는) 아이의 독서 습관과 지역 탐험을 연결하는 동화 배경으로 사용할 수 있다.,도서관에서 책 속 주인공을 만나는 생활권 독서 동화,"책 표지 색깔 찾기, 사서에게 추천 도서 묻기, 가족 독서 기록 남기기",4-7;8-10,도서관;작은도서관;1284,지구촌작은도서관,울산광역시,중구,작은도서관,토+일+공휴일,10:00,17:00,00:00,00:00,00:00,00:00,6,1284,0,0,3,14,"울산광역시 중구 북부순환도로 871, 4층(서동)",,052-296-7121,,198,,2024-11-13,3690000,울산광역시 중구
전국도서관표준데이터 작은도서관 필터,https://www.data.go.kr/data/15013109/standard.do,2024-11-13,place,중구 우정마을 작은도서관,작은도서관,중구,울산광역시 중구 명룬로 66(우정동) 3층,35.557532,129.311192,중구 우정마을 작은도서관은(는) 아이의 독서 습관과 지역 탐험을 연결하는 동화 배경으로 사용할 수 있다.,도서관에서 책 속 주인공을 만나는 생활권 독서 동화,"책 표지 색깔 찾기, 사서에게 추천 도서 묻기, 가족 독서 기록 남기기",4-7;8-10,도서관;작은도서관;1500,중구 우정마을 작은도서관,울산광역시,중구,작은도서관,일+공휴일,10:00,14:00,10:00,16:00,00:00,00:00,20,1500,0,0,3,14,울산광역시 중구 명룬로 66(우정동) 3층,,,,124,,2024-11-13,3690000,울산광역시 중구
전국도서관표준데이터 작은도서관 필터,https://www.data.go.kr/data/15013109/standard.do,2024-11-13,place,꿈꾸는 작은도서관,작은도서관,중구,울산광역시 중구 병영로 106(동동) 2층,35.578784,129.346596,꿈꾸는 작은도서관은(는) 아이의 독서 습관과 지역 탐험을 연결하는 동화 배경으로 사용할 수 있다.,도서관에서 책 속 주인공을 만나는 생활권 독서 동화,"책 표지 색깔 찾기, 사서에게 추천 도서 묻기, 가족 독서 기록 남기기",4-7;8-10,도서관;작은도서관;1000,꿈꾸는 작은도서관,울산광역시,중구,작은도서관,토+일+공휴일,10:00,18:00,00:00,00:00,00:00,00:00,6,1000,0,0,3,14,울산광역시 중구 병영로 106(동동) 2층,,,,37,,2024-11-13,3690000,울산광역시 중구
전국도서관표준데이터 작은도서관 필터,https://www.data.go.kr/data/15013109/standard.do,2025-09-01,place,(신례1리)예촌작은도서관,작은도서관,서귀포시,제주특별자치도 서귀포시 남원읍 신례중앙로 37,33.28797397,126.6269956,(신례1리)예촌작은도서관은(는) 아이의 독서 습관과 지역 탐험을 연결하는 동화 배경으로 사용할 수 있다.,도서관에서 책 속 주인공을 만나는 생활권 독서 동화,"책 표지 색깔 찾기, 사서에게 추천 도서 묻기, 가족 독서 기록 남기기",4-7;8-10,도서관;작은도서관;7200,(신례1리)예촌작은도서관,제주특별자치도,서귀포시,작은도서관,국가지정공휴일(일요일포함)+매주월요일,14:00,18:00,10:00,14:00,00:00,00:00,29,7200,4,0,5,14,제주특별자치도 서귀포시 남원읍 신례중앙로 37,예촌작은도서관,064-767-5200,,,https://www.smalllibrary.org/main/index,2025-09-01,6500000,제주특별자치도
전국도서관표준데이터 작은도서관 필터,https://www.data.go.kr/data/15013109/standard.do,2025-09-01,place,(세화2리)갯머리작은도서관,작은도서관,서귀포시,제주특별자치도 서귀포시 표선면 일주동로 6276,33.30704179,126.8012247,(세화2리)갯머리작은도서관은(는) 아이의 독서 습관과 지역 탐험을 연결하는 동화 배경으로 사용할 수 있다.,도서관에서 책 속 주인공을 만나는 생활권 독서 동화,"책 표지 색깔 찾기, 사서에게 추천 도서 묻기, 가족 독서 기록 남기기",4-7;8-10,도서관;작은도서관;5739,(세화2리)갯머리작은도서관,제주특별자치도,서귀포시,작은도서관,국가지정공휴일(일요일제외)+매주월요일+매주토요일,15:00,19:00,00:00,00:00,15:00,19:00,20,5739,4,0,3,14,제주특별자치도 서귀포시 표선면 일주동로 6276,세화2리마을회,064-787-3420,,,https://www.smalllibrary.org/main/index,2025-09-01,6500000,제주특별자치도
전국도서관표준데이터 작은도서관 필터,https://www.data.go.kr/data/15013109/standard.do,2025-09-16,place,동명작은도서관,작은도서관,칠곡군,경상북도 칠곡군 동명면 금암중앙길 56,35.98389969,128.5538964,동명작은도서관은(는) 아이의 독서 습관과 지역 탐험을 연결하는 동화 배경으로 사용할 수 있다.,도서관에서 책 속 주인공을 만나는 생활권 독서 동화,"책 표지 색깔 찾기, 사서에게 추천 도서 묻기, 가족 독서 기록 남기기",4-7;8-10,도서관;작은도서관;10482,동명작은도서관,경상북도,칠곡군,작은도서관,매주월요일+국가지정 공휴일,10:00,17:00,10:00,17:00,00:00,00:00,78,10482,0,0,5,14,경상북도 칠곡군 동명면 금암중앙길 56,경상북도 칠곡군청,054-974-8219,266.5,266.5,http://library.chilgok.go.kr,2025-09-16,5220000,경상북도 칠곡군
전국도서관표준데이터 작은도서관 필터,https://www.data.go.kr/data/15013109/standard.do,2025-07-31,place,협성휴포레강북작은도서관,작은도서관,북구,"대구광역시 북구 태암남로 60(태전동,협성휴포레강북아파트)",35.92442007,128.5539097,협성휴포레강북작은도서관은(는) 아이의 독서 습관과 지역 탐험을 연결하는 동화 배경으로 사용할 수 있다.,도서관에서 책 속 주인공을 만나는 생활권 독서 동화,"책 표지 색깔 찾기, 사서에게 추천 도서 묻기, 가족 독서 기록 남기기",4-7;8-10,도서관;작은도서관;7266,협성휴포레강북작은도서관,대구광역시,북구,작은도서관,토+일+법정공휴일,15:00,17:00,00:00,00:00,00:00,00:00,12,7266,2,0,3,7,"대구광역시 북구 태암남로 60(태전동,협성휴포레강북아파트)",,053-311-7620,,109.1,,2025-07-31,3450000,대구광역시 북구
전국도서관표준데이터 작은도서관 필터,https://www.data.go.kr/data/15013109/standard.do,2025-07-31,place,화성그랜드파크 도서관 함지원,작은도서관,북구,"대구광역시 북구 구암로65길 9(구암동,화성그랜드파크)",35.93931668,128.566466,화성그랜드파크 도서관 함지원은(는) 아이의 독서 습관과 지역 탐험을 연결하는 동화 배경으로 사용할 수 있다.,도서관에서 책 속 주인공을 만나는 생활권 독서 동화,"책 표지 색깔 찾기, 사서에게 추천 도서 묻기, 가족 독서 기록 남기기",4-7;8-10,도서관;작은도서관;2300,화성그랜드파크 도서관 함지원,대구광역시,북구,작은도서관,일+법정공휴일,13:00,18:00,13:00,16:00,00:00,00:00,10,2300,0,0,0,0,"대구광역시 북구 구암로65길 9(구암동,화성그랜드파크)",,053-324-6935,,70,,2025-07-31,3450000,대구광역시 북구
전국도서관표준데이터 작은도서관 필터,https://www.data.go.kr/data/15013109/standard.do,2025-07-31,place,화성센트럴파크 도서관,작은도서관,북구,"대구광역시 북구 대천로 100(동천동,화성센트럴파크)",35.93503621,128.559968,화성센트럴파크 도서관은(는) 아이의 독서 습관과 지역 탐험을 연결하는 동화 배경으로 사용할 수 있다.,도서관에서 책 속 주인공을 만나는 생활권 독서 동화,"책 표지 색깔 찾기, 사서에게 추천 도서 묻기, 가족 독서 기록 남기기",4-7;8-10,도서관;작은도서관;10850,화성센트럴파크 도서관,대구광역시,북구,작은도서관,토+일+법정공휴일,14:00,16:00,00:00,00:00,00:00,00:00,22,10850,2,0,0,0,"대구광역시 북구 대천로 100(동천동,화성센트럴파크)",,053-281-0952,,108,,2025-07-31,3450000,대구광역시 북구
전국도서관표준데이터 작은도서관 필터,https://www.data.go.kr/data/15013109/standard.do,2025-07-31,place,힐스테이트 데시앙 도남1단지 작은도서관(운영준비중),작은도서관,북구,"대구광역시 북구 도남길 76(국우동,힐스테이트데시앙도남1단지)",35.95459096,128.5829858,힐스테이트 데시앙 도남1단지 작은도서관(운영준비중)은(는) 아이의 독서 습관과 지역 탐험을 연결하는 동화 배경으로 사용할 수 있다.,도서관에서 책 속 주인공을 만나는 생활권 독서 동화,"책 표지 색깔 찾기, 사서에게 추천 도서 묻기, 가족 독서 기록 남기기",4-7;8-10,도서관;작은도서관;2400,힐스테이트 데시앙 도남1단지 작은도서관(운영준비중),대구광역시,북구,작은도서관,연중무휴,08:00,00:00,08:00,00:00,08:00,00:00,24,2400,1,0,0,0,"대구광역시 북구 도남길 76(국우동,힐스테이트데시앙도남1단지)",,053-327-1692,,174.66,,2025-07-31,3450000,대구광역시 북구
전국도서관표준데이터 작은도서관 필터,https://www.data.go.kr/data/15013109/standard.do,2025-09-16,place,약목작은도서관,작은도서관,칠곡군,경상북도 칠곡군 약목면 복성1길 15,36.03248878,128.363387,약목작은도서관은(는) 아이의 독서 습관과 지역 탐험을 연결하는 동화 배경으로 사용할 수 있다.,도서관에서 책 속 주인공을 만나는 생활권 독서 동화,"책 표지 색깔 찾기, 사서에게 추천 도서 묻기, 가족 독서 기록 남기기",4-7;8-10,도서관;작은도서관;8412,약목작은도서관,경상북도,칠곡군,작은도서관,매주토요일+국가지정 공휴일,10:00,17:00,00:00,00:00,00:00,00:00,85,8412,0,0,5,14,경상북도 칠곡군 약목면 복성1길 15,경상북도 칠곡군청,054-975-7950,261,261,http://library.chilgok.go.kr,2025-09-16,5220000,경상북도 칠곡군
전국도서관표준데이터 작은도서관 필터,https://www.data.go.kr/data/15013109/standard.do,2025-09-10,place,신호작은도서관,작은도서관,강서구,"부산광역시 강서구 르노삼성대로 14(신호동, 신호문화공원 본관 1층)",35.08864446,128.8725303,신호작은도서관은(는) 아이의 독서 습관과 지역 탐험을 연결하는 동화 배경으로 사용할 수 있다.,도서관에서 책 속 주인공을 만나는 생활권 독서 동화,"책 표지 색깔 찾기, 사서에게 추천 도서 묻기, 가족 독서 기록 남기기",4-7;8-10,도서관;작은도서관;9585,신호작은도서관,부산광역시,강서구,작은도서관,월+공휴일,10:00,18:00,10:00,18:00,10:00,17:00,30,9585,19,0,5,14,"부산광역시 강서구 르노삼성대로 14(신호동, 신호문화공원 본관 1층)",부산광역시 강서구청,051-970-2316,156.84,156.84,https://library.bsgangseo.go.kr/gmlib/,2025-09-10,3360000,부산광역시 강서구
전국도서관표준데이터 작은도서관 필터,https://www.data.go.kr/data/15013109/standard.do,2025-09-10,place,아이꿈작은도서관,작은도서관,강서구,"부산광역시 강서구 명지국제6로318번길 58(명지동, 강서구육아종합지원센터 2층)",35.10084821,128.9254715,아이꿈작은도서관은(는) 아이의 독서 습관과 지역 탐험을 연결하는 동화 배경으로 사용할 수 있다.,도서관에서 책 속 주인공을 만나는 생활권 독서 동화,"책 표지 색깔 찾기, 사서에게 추천 도서 묻기, 가족 독서 기록 남기기",4-7;8-10,도서관;작은도서관;8684,아이꿈작은도서관,부산광역시,강서구,작은도서관,월+일+공휴일,09:30,17:30,09:30,17:30,00:00,00:00,30,8684,0,0,5,14,"부산광역시 강서구 명지국제6로318번길 58(명지동, 강서구육아종합지원센터 2층)",부산광역시 강서구 강서구육아종합지원센터,051-201-5202,105.8,105.8,http://www.bgscc.or.kr/,2025-09-10,3360000,부산광역시 강서구
전국도서관표준데이터 작은도서관 필터,https://www.data.go.kr/data/15013109/standard.do,2025-09-10,place,극동스타클래스작은도서관,작은도서관,강서구,부산광역시 강서구 명지오션시티2로 71,35.08395235,128.8999885,극동스타클래스작은도서관은(는) 아이의 독서 습관과 지역 탐험을 연결하는 동화 배경으로 사용할 수 있다.,도서관에서 책 속 주인공을 만나는 생활권 독서 동화,"책 표지 색깔 찾기, 사서에게 추천 도서 묻기, 가족 독서 기록 남기기",4-7;8-10,도서관;작은도서관;11086,극동스타클래스작은도서관,부산광역시,강서구,작은도서관,일+공휴일,10:00,22:00,10:00,22:00,00:00,00:00,120,11086,0,0,3,10,부산광역시 강서구 명지오션시티2로 71,극동스타클래스작은도서관,051-271-2142,367,367,,2025-09-10,3360000,부산광역시 강서구
전국도서관표준데이터 작은도서관 필터,https://www.data.go.kr/data/15013109/standard.do,2025-09-10,place,링컨타운책벌레작은도서관,작은도서관,강서구,부산광역시 강서구 명지오션시티10로 16,35.08639247,128.8967866,링컨타운책벌레작은도서관은(는) 아이의 독서 습관과 지역 탐험을 연결하는 동화 배경으로 사용할 수 있다.,도서관에서 책 속 주인공을 만나는 생활권 독서 동화,"책 표지 색깔 찾기, 사서에게 추천 도서 묻기, 가족 독서 기록 남기기",4-7;8-10,도서관;작은도서관;5900,링컨타운책벌레작은도서관,부산광역시,강서구,작은도서관,화+목+토+일+공휴일,13:00,17:00,00:00,00:00,00:00,00:00,22,5900,0,0,5,14,부산광역시 강서구 명지오션시티10로 16,퀸덤1차 링컨타운아파트,051-271-7170,121,121,,2025-09-10,3360000,부산광역시 강서구
전국도서관표준데이터 작은도서관 필터,https://www.data.go.kr/data/15013109/standard.do,2025-09-10,place,아인슈타인타운책벌레작은도서관,작은도서관,강서구,부산광역시 강서구 명지오션시티11로 51,35.08637338,128.8998473,아인슈타인타운책벌레작은도서관은(는) 아이의 독서 습관과 지역 탐험을 연결하는 동화 배경으로 사용할 수 있다.,도서관에서 책 속 주인공을 만나는 생활권 독서 동화,"책 표지 색깔 찾기, 사서에게 추천 도서 묻기, 가족 독서 기록 남기기",4-7;8-10,도서관;작은도서관;3053,아인슈타인타운책벌레작은도서관,부산광역시,강서구,작은도서관,토+일+공휴일,13:00,17:00,00:00,00:00,00:00,00:00,36,3053,0,0,4,14,부산광역시 강서구 명지오션시티11로 51,퀸덤1차 아이슈타인타운,051-271-7781,129,129,,2025-09-10,3360000,부산광역시 강서구
전국도서관표준데이터 작은도서관 필터,https://www.data.go.kr/data/15013109/standard.do,2025-09-10,place,에디슨타운책벌레작은도서관,작은도서관,강서구,부산광역시 강서구 명지오션시티10로 17,35.08814982,128.8973624,에디슨타운책벌레작은도서관은(는) 아이의 독서 습관과 지역 탐험을 연결하는 동화 배경으로 사용할 수 있다.,도서관에서 책 속 주인공을 만나는 생활권 독서 동화,"책 표지 색깔 찾기, 사서에게 추천 도서 묻기, 가족 독서 기록 남기기",4-7;8-10,도서관;작은도서관;4233,에디슨타운책벌레작은도서관,부산광역시,강서구,작은도서관,토+일+공휴일,13:00,17:00,00:00,00:00,00:00,00:00,23,4233,0,0,5,14,부산광역시 강서구 명지오션시티10로 17,퀸덤1차 에디슨타운,051-271-0541,131,131,,2025-09-10,3360000,부산광역시 강서구
전국도서관표준데이터 작은도서관 필터,https://www.data.go.kr/data/15013109/standard.do,2025-09-10,place,책나무작은도서관,작은도서관,강서구,부산광역시 강서구 대저로63번길 31,35.21676104,128.9593384,책나무작은도서관은(는) 아이의 독서 습관과 지역 탐험을 연결하는 동화 배경으로 사용할 수 있다.,도서관에서 책 속 주인공을 만나는 생활권 독서 동화,"책 표지 색깔 찾기, 사서에게 추천 도서 묻기, 가족 독서 기록 남기기",4-7;8-10,도서관;작은도서관;3238,책나무작은도서관,부산광역시,강서구,작은도서관,토+일+공휴일,09:00,18:00,00:00,00:00,00:00,00:00,12,3238,0,0,2,14,부산광역시 강서구 대저로63번길 31,강서구종합사회복지관,051-972-4591,45,45,,2025-09-10,3360000,부산광역시 강서구
전국도서관표준데이터 작은도서관 필터,https://www.data.go.kr/data/15013109/standard.do,2025-09-10,place,명지한신휴플러스작은도서관,작은도서관,강서구,부산광역시 강서구 명지오션시티1로 155(명지오션시티 한신휴플러스 109동),35.08081407,128.9011278,명지한신휴플러스작은도서관은(는) 아이의 독서 습관과 지역 탐험을 연결하는 동화 배경으로 사용할 수 있다.,도서관에서 책 속 주인공을 만나는 생활권 독서 동화,"책 표지 색깔 찾기, 사서에게 추천 도서 묻기, 가족 독서 기록 남기기",4-7;8-10,도서관;작은도서관;1448,명지한신휴플러스작은도서관,부산광역시,강서구,작은도서관,일+공휴일,09:00,21:00,09:00,21:00,00:00,00:00,60,1448,0,0,5,14,부산광역시 강서구 명지오션시티1로 155(명지오션시티 한신휴플러스 109동),명지한신휴플러스,051-271-2750,332,332,,2025-09-10,3360000,부산광역시 강서구
전국도서관표준데이터 작은도서관 필터,https://www.data.go.kr/data/15013109/standard.do,2025-09-10,place,솔마레작은도서관,작은도서관,강서구,부산광역시 강서구 명지오션시티12로 10(엘크루솔마레 107동),35.08173983,128.8965973,솔마레작은도서관은(는) 아이의 독서 습관과 지역 탐험을 연결하는 동화 배경으로 사용할 수 있다.,도서관에서 책 속 주인공을 만나는 생활권 독서 동화,"책 표지 색깔 찾기, 사서에게 추천 도서 묻기, 가족 독서 기록 남기기",4-7;8-10,도서관;작은도서관;1544,솔마레작은도서관,부산광역시,강서구,작은도서관,일+공휴일,09:00,18:00,09:00,18:00,00:00,00:00,107,1544,0,0,5,14,부산광역시 강서구 명지오션시티12로 10(엘크루솔마레 107동),엘크루솔마레아파트,051-271-3999,382,382,,2025-09-10,3360000,부산광역시 강서구
전국도서관표준데이터 작은도서관 필터,https://www.data.go.kr/data/15013109/standard.do,2025-09-10,place,에일린의뜰작은도서관,작은도서관,강서구,부산광역시 강서구 명지국제5로 60,35.10045574,128.920892,에일린의뜰작은도서관은(는) 아이의 독서 습관과 지역 탐험을 연결하는 동화 배경으로 사용할 수 있다.,도서관에서 책 속 주인공을 만나는 생활권 독서 동화,"책 표지 색깔 찾기, 사서에게 추천 도서 묻기, 가족 독서 기록 남기기",4-7;8-10,도서관;작은도서관;3446,에일린의뜰작은도서관,부산광역시,강서구,작은도서관,연중무휴,05:00,23:00,05:00,23:00,05:00,23:00,28,3446,0,0,6,7,부산광역시 강서구 명지국제5로 60,명지에일린의뜰,051-291-8855,65,65,,2025-09-10,3360000,부산광역시 강서구
전국도서관표준데이터 작은도서관 필터,https://www.data.go.kr/data/15013109/standard.do,2025-09-10,place,동행작은도서관,작은도서관,강서구,부산광역시 강서구 명지국제6로 288,35.10098091,128.9242407,동행작은도서관은(는) 아이의 독서 습관과 지역 탐험을 연결하는 동화 배경으로 사용할 수 있다.,도서관에서 책 속 주인공을 만나는 생활권 독서 동화,"책 표지 색깔 찾기, 사서에게 추천 도서 묻기, 가족 독서 기록 남기기",4-7;8-10,도서관;작은도서관;2140,동행작은도서관,부산광역시,강서구,작은도서관,월+일+공휴일,13:00,18:00,13:00,18:00,00:00,00:00,32,2140,0,0,0,0,부산광역시 강서구 명지국제6로 288,동행교회,051-204-1191,927,150,,2025-09-10,3360000,부산광역시 강서구
전국도서관표준데이터 작은도서관 필터,https://www.data.go.kr/data/15013109/standard.do,2025-09-10,place,지사꿈꾸는작은도서관,작은도서관,강서구,부산광역시 강서구 과학산단2로 20번길 69,35.15089393,128.8389873,지사꿈꾸는작은도서관은(는) 아이의 독서 습관과 지역 탐험을 연결하는 동화 배경으로 사용할 수 있다.,도서관에서 책 속 주인공을 만나는 생활권 독서 동화,"책 표지 색깔 찾기, 사서에게 추천 도서 묻기, 가족 독서 기록 남기기",4-7;8-10,도서관;작은도서관;7782,지사꿈꾸는작은도서관,부산광역시,강서구,작은도서관,토+일+공휴일,12:00,18:00,00:00,00:00,00:00,00:00,13,7782,0,0,5,7,부산광역시 강서구 과학산단2로 20번길 69,지사꿈꾸는 작은도서관 운영위원회,051-941-1184,77,77,,2025-09-10,3360000,부산광역시 강서구
전국도서관표준데이터 작은도서관 필터,https://www.data.go.kr/data/15013109/standard.do,2025-09-10,place,대방2차Book적Book적작은도서관,작은도서관,강서구,부산광역시 강서구 명지국제5로 11,35.09532965,128.9191736,대방2차Book적Book적작은도서관은(는) 아이의 독서 습관과 지역 탐험을 연결하는 동화 배경으로 사용할 수 있다.,도서관에서 책 속 주인공을 만나는 생활권 독서 동화,"책 표지 색깔 찾기, 사서에게 추천 도서 묻기, 가족 독서 기록 남기기",4-7;8-10,도서관;작은도서관;10596,대방2차Book적Book적작은도서관,부산광역시,강서구,작은도서관,토+일+공휴일,12:00,18:00,00:00,00:00,00:00,00:00,62,10596,0,0,5,7,부산광역시 강서구 명지국제5로 11,명지대방노블랜드 오션뷰2차,051-294-8705,141,141,,2025-09-10,3360000,부산광역시 강서구
전국도서관표준데이터 작은도서관 필터,https://www.data.go.kr/data/15013109/standard.do,2025-09-10,place,소담북카페,작은도서관,강서구,부산광역시 강서구 명지국제8로 289,35.09792767,128.9244672,소담북카페은(는) 아이의 독서 습관과 지역 탐험을 연결하는 동화 배경으로 사용할 수 있다.,도서관에서 책 속 주인공을 만나는 생활권 독서 동화,"책 표지 색깔 찾기, 사서에게 추천 도서 묻기, 가족 독서 기록 남기기",4-7;8-10,도서관;작은도서관;4400,소담북카페,부산광역시,강서구,작은도서관,월+일+공휴일,12:00,19:00,12:00,19:00,00:00,00:00,30,4400,0,0,5,14,부산광역시 강서구 명지국제8로 289,동일교회,051-203-0199,77,77,,2025-09-10,3360000,부산광역시 강서구
전국도서관표준데이터 작은도서관 필터,https://www.data.go.kr/data/15013109/standard.do,2023-12-06,place,주곡작은도서관,작은도서관,영동군,충청북도 영동군 영동읍 주곡길 24-11,36.17483958,127.8230803,주곡작은도서관은(는) 아이의 독서 습관과 지역 탐험을 연결하는 동화 배경으로 사용할 수 있다.,도서관에서 책 속 주인공을 만나는 생활권 독서 동화,"책 표지 색깔 찾기, 사서에게 추천 도서 묻기, 가족 독서 기록 남기기",4-7;8-10,도서관;작은도서관;1690,주곡작은도서관,충청북도,영동군,작은도서관,토+금+공휴일,09:00,18:00,00:00,00:00,00:00,00:00,10,1690,0,0,2,7,충청북도 영동군 영동읍 주곡길 24-11,충청북도 영동군 주곡지역아동센터,043-745-2798,100,87,,2023-12-06,4440000,충청북도 영동군
전국도서관표준데이터 작은도서관 필터,https://www.data.go.kr/data/15013109/standard.do,2023-12-06,place,참배움의 집,작은도서관,영동군,충청북도 영동군 영동읍 매천6길 37,36.1654611,127.7819328,참배움의 집은(는) 아이의 독서 습관과 지역 탐험을 연결하는 동화 배경으로 사용할 수 있다.,도서관에서 책 속 주인공을 만나는 생활권 독서 동화,"책 표지 색깔 찾기, 사서에게 추천 도서 묻기, 가족 독서 기록 남기기",4-7;8-10,도서관;작은도서관;1890,참배움의 집,충청북도,영동군,작은도서관,월+공휴일,09:00,18:00,09:00,18:00,00:00,00:00,15,1890,0,0,2,7,충청북도 영동군 영동읍 매천6길 37,충청북도 영동군 영동중앙교회,043-742-2482,80,70,,2023-12-06,4440000,충청북도 영동군
전국도서관표준데이터 작은도서관 필터,https://www.data.go.kr/data/15013109/standard.do,2023-12-06,place,꿈이있는문고,작은도서관,영동군,충청북도 영동군 영동읍 동정로2길 15,36.1760111,127.7875872,꿈이있는문고은(는) 아이의 독서 습관과 지역 탐험을 연결하는 동화 배경으로 사용할 수 있다.,도서관에서 책 속 주인공을 만나는 생활권 독서 동화,"책 표지 색깔 찾기, 사서에게 추천 도서 묻기, 가족 독서 기록 남기기",4-7;8-10,도서관;작은도서관;2500,꿈이있는문고,충청북도,영동군,작은도서관,금+공휴일,09:00,18:00,09:00,18:00,00:00,00:00,24,2500,0,0,2,7,충청북도 영동군 영동읍 동정로2길 15,충청북도 영동군 꿈이있는지역아동센터,043-742-0691,50,40,,2023-12-06,4440000,충청북도 영동군
전국도서관표준데이터 작은도서관 필터,https://www.data.go.kr/data/15013109/standard.do,2023-12-06,place,황간면청소년공부방,작은도서관,영동군,충청북도 영동군 황간면 남성2길 8,36.2277318,127.9105144,황간면청소년공부방은(는) 아이의 독서 습관과 지역 탐험을 연결하는 동화 배경으로 사용할 수 있다.,도서관에서 책 속 주인공을 만나는 생활권 독서 동화,"책 표지 색깔 찾기, 사서에게 추천 도서 묻기, 가족 독서 기록 남기기",4-7;8-10,도서관;작은도서관;1600,황간면청소년공부방,충청북도,영동군,작은도서관,월+공휴일,09:00,18:00,09:00,18:00,00:00,00:00,72,1600,0,0,2,7,충청북도 영동군 황간면 남성2길 8,충청북도 영동군 황간면주민자치위원회,043-740-5748,300,227,,2023-12-06,4440000,충청북도 영동군
전국도서관표준데이터 작은도서관 필터,https://www.data.go.kr/data/15013109/standard.do,2023-12-06,place,구세군양강도서관,작은도서관,영동군,충청북도 영동군 양강면 묘동4길 8,36.1466034282,127.7489480281,구세군양강도서관은(는) 아이의 독서 습관과 지역 탐험을 연결하는 동화 배경으로 사용할 수 있다.,도서관에서 책 속 주인공을 만나는 생활권 독서 동화,"책 표지 색깔 찾기, 사서에게 추천 도서 묻기, 가족 독서 기록 남기기",4-7;8-10,도서관;작은도서관;2708,구세군양강도서관,충청북도,영동군,작은도서관,금+공휴일,09:00,18:00,09:00,18:00,00:00,00:00,30,2708,0,0,2,7,충청북도 영동군 양강면 묘동4길 8,충청북도 영동군 영동지역아동센터,043-742-1032,100,69,,2023-12-06,4440000,충청북도 영동군
전국도서관표준데이터 작은도서관 필터,https://www.data.go.kr/data/15013109/standard.do,2023-12-06,place,묵정마을문고,작은도서관,영동군,충청북도 영동군 양강면 묵정2길 4-5,36.1279645,127.7098753020,묵정마을문고은(는) 아이의 독서 습관과 지역 탐험을 연결하는 동화 배경으로 사용할 수 있다.,도서관에서 책 속 주인공을 만나는 생활권 독서 동화,"책 표지 색깔 찾기, 사서에게 추천 도서 묻기, 가족 독서 기록 남기기",4-7;8-10,도서관;작은도서관;2598,묵정마을문고,충청북도,영동군,작은도서관,금+공휴일,09:00,18:00,09:00,18:00,00:00,00:00,20,2598,0,0,2,7,충청북도 영동군 양강면 묵정2길 4-5,충청북도 영동군 묵정지역아동센터,043-744-1997,100,82,,2023-12-06,4440000,충청북도 영동군
전국도서관표준데이터 작은도서관 필터,https://www.data.go.kr/data/15013109/standard.do,2023-12-06,place,꿈이자라는문고,작은도서관,영동군,충청북도 영동군 양산면 가곡7길 30,36.1199972,127.6674070889,꿈이자라는문고은(는) 아이의 독서 습관과 지역 탐험을 연결하는 동화 배경으로 사용할 수 있다.,도서관에서 책 속 주인공을 만나는 생활권 독서 동화,"책 표지 색깔 찾기, 사서에게 추천 도서 묻기, 가족 독서 기록 남기기",4-7;8-10,도서관;작은도서관;4103,꿈이자라는문고,충청북도,영동군,작은도서관,공휴일,09:00,18:00,09:00,18:00,00:00,00:00,8,4103,0,0,2,7,충청북도 영동군 양산면 가곡7길 30,충청북도 영동군 양산제일교회,043-743-8563,100,83,,2023-12-06,4440000,충청북도 영동군
전국도서관표준데이터 작은도서관 필터,https://www.data.go.kr/data/15013109/standard.do,2023-12-06,place,심천구세군,작은도서관,영동군,충청북도 영동군 심천면 심천로6길 10-15,36.23843124,127.7220401,심천구세군은(는) 아이의 독서 습관과 지역 탐험을 연결하는 동화 배경으로 사용할 수 있다.,도서관에서 책 속 주인공을 만나는 생활권 독서 동화,"책 표지 색깔 찾기, 사서에게 추천 도서 묻기, 가족 독서 기록 남기기",4-7;8-10,도서관;작은도서관;1695,심천구세군,충청북도,영동군,작은도서관,토+금+공휴일,09:00,18:00,00:00,00:00,00:00,00:00,30,1695,0,0,2,7,충청북도 영동군 심천면 심천로6길 10-15,충청북도 영동군 심천지역아동센터,043-742-6044,100,70,,2023-12-06,4440000,충청북도 영동군
전국도서관표준데이터 작은도서관 필터,https://www.data.go.kr/data/15013109/standard.do,2023-12-06,place,갈마루작은도서관,작은도서관,영동군,충청북도 영동군 상촌면 임산1길 44,36.1488053,127.9142032,갈마루작은도서관은(는) 아이의 독서 습관과 지역 탐험을 연결하는 동화 배경으로 사용할 수 있다.,도서관에서 책 속 주인공을 만나는 생활권 독서 동화,"책 표지 색깔 찾기, 사서에게 추천 도서 묻기, 가족 독서 기록 남기기",4-7;8-10,도서관;작은도서관;4721,갈마루작은도서관,충청북도,영동군,작은도서관,금+공휴일,09:00,18:00,09:00,18:00,00:00,00:00,30,4721,0,0,2,7,충청북도 영동군 상촌면 임산1길 44,충청북도 영동군 갈마루지역아동센터,043-745-0842,150,98,,2023-12-06,4440000,충청북도 영동군
전국도서관표준데이터 작은도서관 필터,https://www.data.go.kr/data/15013109/standard.do,2025-07-31,place,침산1동 작은도서관,작은도서관,북구,대구광역시 북구 침산남로13길 16 (침산1동주민센터 2층),35.89031937,128.581354,침산1동 작은도서관은(는) 아이의 독서 습관과 지역 탐험을 연결하는 동화 배경으로 사용할 수 있다.,도서관에서 책 속 주인공을 만나는 생활권 독서 동화,"책 표지 색깔 찾기, 사서에게 추천 도서 묻기, 가족 독서 기록 남기기",4-7;8-10,도서관;작은도서관;7303,침산1동 작은도서관,대구광역시,북구,작은도서관,토+일+법정공휴일,09:00,18:00,00:00,00:00,00:00,00:00,39,7303,2,0,10,15,대구광역시 북구 침산남로13길 16 (침산1동주민센터 2층),대구광역시 북구청,053-320-5191,,187,https://library.daegu.go.kr/bukgs/html.do?menu_idx=98,2025-07-31,3450000,대구광역시 북구
전국도서관표준데이터 작은도서관 필터,https://www.data.go.kr/data/15013109/standard.do,2025-07-31,place,튼튼한어린이집 작은도서관,작은도서관,북구,대구광역시 북구 동변로 20길 30-1,35.92309768,128.6013267,튼튼한어린이집 작은도서관은(는) 아이의 독서 습관과 지역 탐험을 연결하는 동화 배경으로 사용할 수 있다.,도서관에서 책 속 주인공을 만나는 생활권 독서 동화,"책 표지 색깔 찾기, 사서에게 추천 도서 묻기, 가족 독서 기록 남기기",4-7;8-10,도서관;작은도서관;2200,튼튼한어린이집 작은도서관,대구광역시,북구,작은도서관,토+일+법정공휴일,09:00,17:00,00:00,00:00,00:00,00:00,16,2200,0,0,3,14,대구광역시 북구 동변로 20길 30-1,,053-958-0071,,113,,2025-07-31,3450000,대구광역시 북구
전국도서관표준데이터 작은도서관 필터,https://www.data.go.kr/data/15013109/standard.do,2025-07-31,place,하늘샘작은도서관,작은도서관,북구,대구광역시 북구 매전로4길 10-14(매천동),35.90800586,128.5429328,하늘샘작은도서관은(는) 아이의 독서 습관과 지역 탐험을 연결하는 동화 배경으로 사용할 수 있다.,도서관에서 책 속 주인공을 만나는 생활권 독서 동화,"책 표지 색깔 찾기, 사서에게 추천 도서 묻기, 가족 독서 기록 남기기",4-7;8-10,도서관;작은도서관;3064,하늘샘작은도서관,대구광역시,북구,작은도서관,월~토,00:00,00:00,00:00,00:00,10:00,17:00,63,3064,0,0,0,0,대구광역시 북구 매전로4길 10-14(매천동),,053-314-0600,,93.48,,2025-07-31,3450000,대구광역시 북구
전국도서관표준데이터 작은도서관 필터,https://www.data.go.kr/data/15013109/standard.do,2025-07-31,place,한강공원부키도서관,작은도서관,북구,대구광역시 북구 내곡로 38-19,35.89926646,128.512748,한강공원부키도서관은(는) 아이의 독서 습관과 지역 탐험을 연결하는 동화 배경으로 사용할 수 있다.,도서관에서 책 속 주인공을 만나는 생활권 독서 동화,"책 표지 색깔 찾기, 사서에게 추천 도서 묻기, 가족 독서 기록 남기기",4-7;8-10,도서관;작은도서관;8127,한강공원부키도서관,대구광역시,북구,작은도서관,일요일을 제외한 법정공휴일,10:00,19:00,10:00,18:00,10:00,18:00,10,8127,5,0,10,15,대구광역시 북구 내곡로 38-19,대구광역시 북구청,053-320-5199,,41,https://library.daegu.go.kr/bukgs/html.do?menu_idx=98,2025-07-31,3450000,대구광역시 북구
전국도서관표준데이터 작은도서관 필터,https://www.data.go.kr/data/15013109/standard.do,2025-07-31,place,한강숲작은도서관,작은도서관,북구,"대구광역시 북구 한강로 55(사수동,대구금호엘에이치천년나무1단지)",35.89875779,128.5142384,한강숲작은도서관은(는) 아이의 독서 습관과 지역 탐험을 연결하는 동화 배경으로 사용할 수 있다.,도서관에서 책 속 주인공을 만나는 생활권 독서 동화,"책 표지 색깔 찾기, 사서에게 추천 도서 묻기, 가족 독서 기록 남기기",4-7;8-10,도서관;작은도서관;4160,한강숲작은도서관,대구광역시,북구,작은도서관,토+일+법정공휴일,10:00,17:00,00:00,00:00,00:00,00:00,12,4160,22,0,3,7,"대구광역시 북구 한강로 55(사수동,대구금호엘에이치천년나무1단지)",,053-323-6100,,47.58,,2025-07-31,3450000,대구광역시 북구
전국도서관표준데이터 작은도서관 필터,https://www.data.go.kr/data/15013109/standard.do,2025-07-31,place,헤세드 작은도서관,작은도서관,북구,대구광역시 북구 관음중앙로 117(관음동),35.944305,128.5451805,헤세드 작은도서관은(는) 아이의 독서 습관과 지역 탐험을 연결하는 동화 배경으로 사용할 수 있다.,도서관에서 책 속 주인공을 만나는 생활권 독서 동화,"책 표지 색깔 찾기, 사서에게 추천 도서 묻기, 가족 독서 기록 남기기",4-7;8-10,도서관;작은도서관;4220,헤세드 작은도서관,대구광역시,북구,작은도서관,일+법정공휴일,10:30,18:00,10:30,18:00,00:00,00:00,50,4220,5,0,0,0,대구광역시 북구 관음중앙로 117(관음동),,,,39.28,,2025-07-31,3450000,대구광역시 북구
전국도서관표준데이터 작은도서관 필터,https://www.data.go.kr/data/15013109/standard.do,2025-11-25,place,다온숲작은도서관,작은도서관,군포시,"경기도 군포시 고산로250번길 36, 201호",37.3493047,126.9450946,다온숲작은도서관은(는) 아이의 독서 습관과 지역 탐험을 연결하는 동화 배경으로 사용할 수 있다.,도서관에서 책 속 주인공을 만나는 생활권 독서 동화,"책 표지 색깔 찾기, 사서에게 추천 도서 묻기, 가족 독서 기록 남기기",4-7;8-10,도서관;작은도서관;3269,다온숲작은도서관,경기도,군포시,작은도서관,일+법정공휴일,10:00,18:00,10:00,14:00,00:00,00:00,30,3269,10,0,3,14,"경기도 군포시 고산로250번길 36, 201호",예일교회,031-342-8578,,125.85,,2025-11-25,4020000,경기도 군포시
전국도서관표준데이터 작은도서관 필터,https://www.data.go.kr/data/15013109/standard.do,2025-11-25,place,당정문화도서관,작은도서관,군포시,경기도 군포시 한세로56번길 12,37.3472245,126.9548334,당정문화도서관은(는) 아이의 독서 습관과 지역 탐험을 연결하는 동화 배경으로 사용할 수 있다.,도서관에서 책 속 주인공을 만나는 생활권 독서 동화,"책 표지 색깔 찾기, 사서에게 추천 도서 묻기, 가족 독서 기록 남기기",4-7;8-10,도서관;작은도서관;47551,당정문화도서관,경기도,군포시,작은도서관,토+일+법정공휴일,09:00,18:00,00:00,00:00,00:00,00:00,100,47551,17,90,7,14,경기도 군포시 한세로56번길 12,군포문화원,031-429-5577,,307,http://www.gpmunhwa.or.kr/,2025-11-25,4020000,경기도 군포시
전국도서관표준데이터 작은도서관 필터,https://www.data.go.kr/data/15013109/standard.do,2025-11-25,place,사랑아이엔지작은도서관,작은도서관,군포시,경기도 군포시 송부로74번길 24,37.3149437,126.9226607,사랑아이엔지작은도서관은(는) 아이의 독서 습관과 지역 탐험을 연결하는 동화 배경으로 사용할 수 있다.,도서관에서 책 속 주인공을 만나는 생활권 독서 동화,"책 표지 색깔 찾기, 사서에게 추천 도서 묻기, 가족 독서 기록 남기기",4-7;8-10,도서관;작은도서관;11852,사랑아이엔지작은도서관,경기도,군포시,작은도서관,월+법정공휴일,09:00,18:00,09:00,18:00,13:00,14:00,174,11852,0,0,10,14,경기도 군포시 송부로74번길 24,사랑빚는교회,070-8899-0620,,586.83,https://cafe.daum.net/sarangING,2025-11-25,4020000,경기도 군포시
전국도서관표준데이터 작은도서관 필터,https://www.data.go.kr/data/15013109/standard.do,2025-11-25,place,사랑이꽃피는작은도서관,작은도서관,군포시,경기도 군포시 군포로 508,37.35153812,126.9451153,사랑이꽃피는작은도서관은(는) 아이의 독서 습관과 지역 탐험을 연결하는 동화 배경으로 사용할 수 있다.,도서관에서 책 속 주인공을 만나는 생활권 독서 동화,"책 표지 색깔 찾기, 사서에게 추천 도서 묻기, 가족 독서 기록 남기기",4-7;8-10,도서관;작은도서관;6628,사랑이꽃피는작은도서관,경기도,군포시,작은도서관,일+법정공휴일,10:00,18:00,10:00,18:00,00:00,00:00,45,6628,2,0,5,7,경기도 군포시 군포로 508,늘푸른교회,031-457-7942,,99,,2025-11-25,4020000,경기도 군포시
전국도서관표준데이터 작은도서관 필터,https://www.data.go.kr/data/15013109/standard.do,2025-11-25,place,사랑이있는작은도서관,작은도서관,군포시,경기도 군포시 금당로 164,37.36016225,126.943476,사랑이있는작은도서관은(는) 아이의 독서 습관과 지역 탐험을 연결하는 동화 배경으로 사용할 수 있다.,도서관에서 책 속 주인공을 만나는 생활권 독서 동화,"책 표지 색깔 찾기, 사서에게 추천 도서 묻기, 가족 독서 기록 남기기",4-7;8-10,도서관;작은도서관;5911,사랑이있는작은도서관,경기도,군포시,작은도서관,토+법정공휴일,10:00,18:00,00:00,00:00,10:00,15:00,40,5911,1,0,2,14,경기도 군포시 금당로 164,토브침례교회,031-429-0400,,117.3,,2025-11-25,4020000,경기도 군포시
전국도서관표준데이터 작은도서관 필터,https://www.data.go.kr/data/15013109/standard.do,2025-11-25,place,산본녹색작은도서관,작은도서관,군포시,경기도 군포시 산본천로 18,37.35860355,126.926378,산본녹색작은도서관은(는) 아이의 독서 습관과 지역 탐험을 연결하는 동화 배경으로 사용할 수 있다.,도서관에서 책 속 주인공을 만나는 생활권 독서 동화,"책 표지 색깔 찾기, 사서에게 추천 도서 묻기, 가족 독서 기록 남기기",4-7;8-10,도서관;작은도서관;2556,산본녹색작은도서관,경기도,군포시,작은도서관,일+월+법정공휴일,13:00,18:00,13:00,18:00,00:00,00:00,26,2556,0,0,2,14,경기도 군포시 산본천로 18,산본중앙교회,031-396-3996,,73.54,,2025-11-25,4020000,경기도 군포시
전국도서관표준데이터 작은도서관 필터,https://www.data.go.kr/data/15013109/standard.do,2025-11-25,place,삼성마을5단지작은도서관,작은도서관,군포시,경기도 군포시 번영로200번길31,37.3347496,126.9305619,삼성마을5단지작은도서관은(는) 아이의 독서 습관과 지역 탐험을 연결하는 동화 배경으로 사용할 수 있다.,도서관에서 책 속 주인공을 만나는 생활권 독서 동화,"책 표지 색깔 찾기, 사서에게 추천 도서 묻기, 가족 독서 기록 남기기",4-7;8-10,도서관;작은도서관;5114,삼성마을5단지작은도서관,경기도,군포시,작은도서관,일+법정공휴일,13:00,17:00,10:00,12:00,00:00,00:00,37,5114,0,0,7,14,경기도 군포시 번영로200번길31,아파트입주자대표위,031-687-8782,,58,,2025-11-25,4020000,경기도 군포시
전국도서관표준데이터 작은도서관 필터,https://www.data.go.kr/data/15013109/standard.do,2025-11-25,place,새봄작은도서관,작은도서관,군포시,경기도 군포시 삼성로 79,37.3409834,126.9344157,새봄작은도서관은(는) 아이의 독서 습관과 지역 탐험을 연결하는 동화 배경으로 사용할 수 있다.,도서관에서 책 속 주인공을 만나는 생활권 독서 동화,"책 표지 색깔 찾기, 사서에게 추천 도서 묻기, 가족 독서 기록 남기기",4-7;8-10,도서관;작은도서관;4032,새봄작은도서관,경기도,군포시,작은도서관,토+일+법정공휴일,09:00,18:00,00:00,00:00,00:00,00:00,30,4032,0,0,5,7,경기도 군포시 삼성로 79,아파트입주자대표위,031-384-8788,,50,,2025-11-25,4020000,경기도 군포시
전국도서관표준데이터 작은도서관 필터,https://www.data.go.kr/data/15013109/standard.do,2025-11-25,place,샤론작은도서관,작은도서관,군포시,경기도 군포시 당산로 103,37.36081389,126.945999,샤론작은도서관은(는) 아이의 독서 습관과 지역 탐험을 연결하는 동화 배경으로 사용할 수 있다.,도서관에서 책 속 주인공을 만나는 생활권 독서 동화,"책 표지 색깔 찾기, 사서에게 추천 도서 묻기, 가족 독서 기록 남기기",4-7;8-10,도서관;작은도서관;6502,샤론작은도서관,경기도,군포시,작은도서관,토+법정공휴일,10:00,18:00,00:00,00:00,10:00,15:00,40,6502,8,0,3,7,경기도 군포시 당산로 103,장자성결교회,031-477-5692,,142.68,http://cafe.daum.net/sharon-library,2025-11-25,4020000,경기도 군포시
전국도서관표준데이터 작은도서관 필터,https://www.data.go.kr/data/15013109/standard.do,2025-11-25,place,송안작은도서관,작은도서관,군포시,경기도 군포시 송부로49번길 16,37.31859922,126.9186768,송안작은도서관은(는) 아이의 독서 습관과 지역 탐험을 연결하는 동화 배경으로 사용할 수 있다.,도서관에서 책 속 주인공을 만나는 생활권 독서 동화,"책 표지 색깔 찾기, 사서에게 추천 도서 묻기, 가족 독서 기록 남기기",4-7;8-10,도서관;작은도서관;5176,송안작은도서관,경기도,군포시,작은도서관,토+일+법정공휴일,10:00,18:00,00:00,00:00,00:00,00:00,40,5176,0,0,2,7,경기도 군포시 송부로49번길 16,아파트입주자대표위,031-502-0541,,125.7,,2025-11-25,4020000,경기도 군포시
전국도서관표준데이터 작은도서관 필터,https://www.data.go.kr/data/15013109/standard.do,2025-11-25,place,송정작은도서관,작은도서관,군포시,경기도 군포시 송부로49번길 15,37.31721093,126.9183122,송정작은도서관은(는) 아이의 독서 습관과 지역 탐험을 연결하는 동화 배경으로 사용할 수 있다.,도서관에서 책 속 주인공을 만나는 생활권 독서 동화,"책 표지 색깔 찾기, 사서에게 추천 도서 묻기, 가족 독서 기록 남기기",4-7;8-10,도서관;작은도서관;3754,송정작은도서관,경기도,군포시,작은도서관,법정공휴일,09:00,18:00,09:00,18:00,09:00,18:00,74,3754,15,0,3,14,경기도 군포시 송부로49번길 15,아파트입주자대표위,031-419-0227,,192.17,,2025-11-25,4020000,경기도 군포시
전국도서관표준데이터 작은도서관 필터,https://www.data.go.kr/data/15013109/standard.do,2025-11-25,place,숲속작은도서관,작은도서관,군포시,경기도 군포시 삼성로59번길16,37.34161205,126.9307452,숲속작은도서관은(는) 아이의 독서 습관과 지역 탐험을 연결하는 동화 배경으로 사용할 수 있다.,도서관에서 책 속 주인공을 만나는 생활권 독서 동화,"책 표지 색깔 찾기, 사서에게 추천 도서 묻기, 가족 독서 기록 남기기",4-7;8-10,도서관;작은도서관;5804,숲속작은도서관,경기도,군포시,작은도서관,토+법정공휴일,14:00,18:00,00:00,00:00,13:00,17:00,25,5804,2,0,4,14,경기도 군포시 삼성로59번길16,아파트입주자대표위,070-8830-7269,,57,,2025-11-25,4020000,경기도 군포시
전국도서관표준데이터 작은도서관 필터,https://www.data.go.kr/data/15013109/standard.do,2024-10-01,place,달빛마을작은도서관,작은도서관,양천구,서울특별시 양천구 남부순환로 54길 5,37.533662,126.829096,달빛마을작은도서관은(는) 아이의 독서 습관과 지역 탐험을 연결하는 동화 배경으로 사용할 수 있다.,도서관에서 책 속 주인공을 만나는 생활권 독서 동화,"책 표지 색깔 찾기, 사서에게 추천 도서 묻기, 가족 독서 기록 남기기",4-7;8-10,도서관;작은도서관;8816,달빛마을작은도서관,서울특별시,양천구,작은도서관,토+일+법정공휴일,10:00,18:00,00:00,00:00,00:00,00:00,33,8816,4,0,5,14,서울특별시 양천구 남부순환로 54길 5,양천문화재단,02-2696-5919,,132,http://lib.yangcheon.or.kr,2024-10-01,3140000,서울특별시 양천구
전국도서관표준데이터 작은도서관 필터,https://www.data.go.kr/data/15013109/standard.do,2025-11-25,place,영어가족도서관,작은도서관,군포시,경기도 군포시 번영로200번길 72,37.335832,126.9338205,영어가족도서관은(는) 아이의 독서 습관과 지역 탐험을 연결하는 동화 배경으로 사용할 수 있다.,도서관에서 책 속 주인공을 만나는 생활권 독서 동화,"책 표지 색깔 찾기, 사서에게 추천 도서 묻기, 가족 독서 기록 남기기",4-7;8-10,도서관;작은도서관;11232,영어가족도서관,경기도,군포시,작은도서관,일+법정공휴일,09:00,18:00,09:00,18:00,00:00,00:00,72,11232,0,0,5,14,경기도 군포시 번영로200번길 72,군포시가족센터,031-397-1811,,298,https://www.gunpolib.go.kr/gfc,2025-11-25,4020000,경기도 군포시
전국도서관표준데이터 작은도서관 필터,https://www.data.go.kr/data/15013109/standard.do,2025-11-25,place,우리마을작은도서관,작은도서관,군포시,경기도 군포시 곡란로8번길 35-10,37.37552967,126.9379996,우리마을작은도서관은(는) 아이의 독서 습관과 지역 탐험을 연결하는 동화 배경으로 사용할 수 있다.,도서관에서 책 속 주인공을 만나는 생활권 독서 동화,"책 표지 색깔 찾기, 사서에게 추천 도서 묻기, 가족 독서 기록 남기기",4-7;8-10,도서관;작은도서관;9089,우리마을작은도서관,경기도,군포시,작은도서관,일+법정공휴일,10:00,18:00,14:00,18:00,00:00,00:00,80,9089,6,1164,7,14,경기도 군포시 곡란로8번길 35-10,창대한교회,031-394-9101,,253,,2025-11-25,4020000,경기도 군포시
전국도서관표준데이터 작은도서관 필터,https://www.data.go.kr/data/15013109/standard.do,2025-11-25,place,율곡마을작은도서관,작은도서관,군포시,경기도 군포시 오금로43,37.3524557,126.9309585,율곡마을작은도서관은(는) 아이의 독서 습관과 지역 탐험을 연결하는 동화 배경으로 사용할 수 있다.,도서관에서 책 속 주인공을 만나는 생활권 독서 동화,"책 표지 색깔 찾기, 사서에게 추천 도서 묻기, 가족 독서 기록 남기기",4-7;8-10,도서관;작은도서관;6474,율곡마을작은도서관,경기도,군포시,작은도서관,토+법정공휴일,13:00,17:00,00:00,00:00,14:00,16:00,19,6474,0,0,3,14,경기도 군포시 오금로43,율곡마을관리사무소,031-344-6566,,60.5,,2025-11-25,4020000,경기도 군포시
전국도서관표준데이터 작은도서관 필터,https://www.data.go.kr/data/15013109/standard.do,2025-11-25,place,작은도서관버드나무에부는바람,작은도서관,군포시,경기도 군포시 금산로 18-1,37.36420813,126.940866,작은도서관버드나무에부는바람은(는) 아이의 독서 습관과 지역 탐험을 연결하는 동화 배경으로 사용할 수 있다.,도서관에서 책 속 주인공을 만나는 생활권 독서 동화,"책 표지 색깔 찾기, 사서에게 추천 도서 묻기, 가족 독서 기록 남기기",4-7;8-10,도서관;작은도서관;8157,작은도서관버드나무에부는바람,경기도,군포시,작은도서관,토+법정공휴일,10:00,18:00,00:00,00:00,09:00,13:00,26,8157,9,0,3,14,경기도 군포시 금산로 18-1,갈릴리교회,031-429-2753,,127,,2025-11-25,4020000,경기도 군포시
전국도서관표준데이터 작은도서관 필터,https://www.data.go.kr/data/15013109/standard.do,2025-11-25,place,재궁꿈나무도서관,작은도서관,군포시,경기도 군포시 번영로550번길 25,37.35843909,126.9390402,재궁꿈나무도서관은(는) 아이의 독서 습관과 지역 탐험을 연결하는 동화 배경으로 사용할 수 있다.,도서관에서 책 속 주인공을 만나는 생활권 독서 동화,"책 표지 색깔 찾기, 사서에게 추천 도서 묻기, 가족 독서 기록 남기기",4-7;8-10,도서관;작은도서관;7062,재궁꿈나무도서관,경기도,군포시,작은도서관,토+일+법정공휴일,09:00,18:00,00:00,00:00,00:00,00:00,50,7062,0,0,5,14,경기도 군포시 번영로550번길 25,재궁동주민자치위원회,031-428-4560,,113.4,,2025-11-25,4020000,경기도 군포시
전국도서관표준데이터 작은도서관 필터,https://www.data.go.kr/data/15013109/standard.do,2025-11-25,place,책놀이터작은도서관,작은도서관,군포시,경기도 군포시 삼성로 31,37.3376796,126.9301936,책놀이터작은도서관은(는) 아이의 독서 습관과 지역 탐험을 연결하는 동화 배경으로 사용할 수 있다.,도서관에서 책 속 주인공을 만나는 생활권 독서 동화,"책 표지 색깔 찾기, 사서에게 추천 도서 묻기, 가족 독서 기록 남기기",4-7;8-10,도서관;작은도서관;8927,책놀이터작은도서관,경기도,군포시,작은도서관,토+일+법정공휴일,13:00,18:00,00:00,00:00,00:00,00:00,22,8927,3,0,3,7,경기도 군포시 삼성로 31,아파트입주자대표위,031-396-1103,,109,,2025-11-25,4020000,경기도 군포시
전국도서관표준데이터 작은도서관 필터,https://www.data.go.kr/data/15013109/standard.do,2025-06-26,place,제일작은도서관,작은도서관,동구,광주광역시 동구 밤실로54,35.1522949986,126.936424,제일작은도서관은(는) 아이의 독서 습관과 지역 탐험을 연결하는 동화 배경으로 사용할 수 있다.,도서관에서 책 속 주인공을 만나는 생활권 독서 동화,"책 표지 색깔 찾기, 사서에게 추천 도서 묻기, 가족 독서 기록 남기기",4-7;8-10,도서관;작은도서관;1500,제일작은도서관,광주광역시,동구,작은도서관,수+금+일+국가공휴일,17:00,19:00,10:00,15:00,00:00,00:00,20,1500,0,0,0,0,광주광역시 동구 밤실로54,,062-234-4475,,56,,2025-06-26,3590000,광주광역시 동구
전국도서관표준데이터 작은도서관 필터,https://www.data.go.kr/data/15013109/standard.do,2025-07-31,place,초전푸르지오1단지 도서관,작은도서관,진주시,"경상남도 진주시 초장로 14번길 27, (초전동, 진주초전푸르지오1단지)관리동 2층",35.20376886,128.1136763,초전푸르지오1단지 도서관은(는) 아이의 독서 습관과 지역 탐험을 연결하는 동화 배경으로 사용할 수 있다.,도서관에서 책 속 주인공을 만나는 생활권 독서 동화,"책 표지 색깔 찾기, 사서에게 추천 도서 묻기, 가족 독서 기록 남기기",4-7;8-10,도서관;작은도서관;11763,초전푸르지오1단지 도서관,경상남도,진주시,작은도서관,일+공휴일,19:00,22:00,13:00,16:00,00:00,00:00,19,11763,0,0,9469,7,"경상남도 진주시 초장로 14번길 27, (초전동, 진주초전푸르지오1단지)관리동 2층",초전푸르지오1단지 도서관,055-763-0800,,69.3,,2025-07-31,5310000,경상남도 진주시
전국도서관표준데이터 작은도서관 필터,https://www.data.go.kr/data/15013109/standard.do,2025-07-31,place,파미르작은도서관,작은도서관,진주시,경상남도 진주시 정촌면 삼일로106번길 8(대경파미르),35.12881318,128.0993169,파미르작은도서관은(는) 아이의 독서 습관과 지역 탐험을 연결하는 동화 배경으로 사용할 수 있다.,도서관에서 책 속 주인공을 만나는 생활권 독서 동화,"책 표지 색깔 찾기, 사서에게 추천 도서 묻기, 가족 독서 기록 남기기",4-7;8-10,도서관;작은도서관;7082,파미르작은도서관,경상남도,진주시,작은도서관,토+일+공휴일,14:00,17:00,00:00,00:00,00:00,00:00,34,7082,0,0,5696,7,경상남도 진주시 정촌면 삼일로106번길 8(대경파미르),파미르작은도서관,,,92,,2025-07-31,5310000,경상남도 진주시
전국도서관표준데이터 작은도서관 필터,https://www.data.go.kr/data/15013109/standard.do,2025-07-31,place,평거동 새마을작은도서관,작은도서관,진주시,경상남도 진주시 평거로40번길 5(평거동주민센터)2층,35.17381422,128.065394,평거동 새마을작은도서관은(는) 아이의 독서 습관과 지역 탐험을 연결하는 동화 배경으로 사용할 수 있다.,도서관에서 책 속 주인공을 만나는 생활권 독서 동화,"책 표지 색깔 찾기, 사서에게 추천 도서 묻기, 가족 독서 기록 남기기",4-7;8-10,도서관;작은도서관;6159,평거동 새마을작은도서관,경상남도,진주시,작은도서관,토+일+공휴일,10:00,17:00,00:00,00:00,00:00,00:00,20,6159,0,0,5670,14,경상남도 진주시 평거로40번길 5(평거동주민센터)2층,평거동 새마을작은도서관,055-749-4452,,82,,2025-07-31,5310000,경상남도 진주시
