source_name,source_url,reference_date,item_type,name_ko,category,region,address,latitude,longitude,summary,story_use,mission_use,age_tags,keywords,manageNo,parkNm,parkSe,rdnmadr,lnmadr,parkAr,mvmFclty,amsmtFclty,cnvnncFclty,cltrFclty,etcFclty,appnNtfcDate,institutionNm,phoneNumber,referenceDate,insttCode,insttNm
전국도시공원정보표준데이터,https://www.data.go.kr/data/15012890/standard.do,2025-11-05,place,해송공원,어린이공원,부산광역시 사하구,부산광역시 사하구 다대동 113-7,35.06616046,128.9788592,"해송공원은(는) 어린이공원으로, 아이의 생활권 동화 배경으로 사용할 수 있다.",아이의 집 주변 산책·탐험 동화 배경,"공원에서 색깔, 나무, 놀이시설을 찾아보는 관찰 미션",4-7;8-10,공원;어린이공원,26380-00022,해송공원,어린이공원,,부산광역시 사하구 다대동 113-7,2099.7,,,,,,1988-12-17,부산광역시 사하구청,051-220-4522,2025-11-05,3340000,부산광역시 사하구
전국도시공원정보표준데이터,https://www.data.go.kr/data/15012890/standard.do,2023-08-18,place,강덕공원,근린공원,서울특별시 강동구,서울특별시 강동구 강일동 산11-6,37.558585,127.174682,"강덕공원은(는) 근린공원으로, 아이의 생활권 동화 배경으로 사용할 수 있다.",아이의 집 주변 산책·탐험 동화 배경,배드민턴장+체력단련기구,4-7;8-10,공원;근린공원;배드민턴장+체력단련기구,11740-00072,강덕공원,근린공원,,서울특별시 강동구 강일동 산11-6,46699.6,배드민턴장+체력단련기구,,,,,2005-12-29,서울특별시 강동구청,02-3425-6440,2023-08-18,3240000,서울특별시 강동구
전국도시공원정보표준데이터,https://www.data.go.kr/data/15012890/standard.do,2024-08-12,place,훙이,어린이공원,서울특별시 송파구,서울특별시 송파구 송이로17길 48,37.501139,127.1247542,"훙이은(는) 어린이공원으로, 아이의 생활권 동화 배경으로 사용할 수 있다.",아이의 집 주변 산책·탐험 동화 배경,"공원에서 색깔, 나무, 놀이시설을 찾아보는 관찰 미션",4-7;8-10,공원;어린이공원,11710-00120,훙이,어린이공원,서울특별시 송파구 송이로17길 48,서울특별시 송파구 가락본동 14,1500,,,,,,,서울특별시 송파구청,02-2147-3380,2024-08-12,3230000,서울특별시 송파구
전국도시공원정보표준데이터,https://www.data.go.kr/data/15012890/standard.do,2024-08-12,place,늘푸른,소공원,서울특별시 송파구,서울특별시 송파구 마천동 578,37.49861927,127.1557171,"늘푸른은(는) 소공원으로, 아이의 생활권 동화 배경으로 사용할 수 있다.",아이의 집 주변 산책·탐험 동화 배경,"공원에서 색깔, 나무, 놀이시설을 찾아보는 관찰 미션",4-7;8-10,공원;소공원,11710-00122,늘푸른,소공원,,서울특별시 송파구 마천동 578,921,,,,,,,서울특별시 송파구청,02-2147-3380,2024-08-12,3230000,서울특별시 송파구
전국도시공원정보표준데이터,https://www.data.go.kr/data/15012890/standard.do,2024-08-12,place,평화,소공원,서울특별시 송파구,서울특별시 송파구 방이동 42-2,37.516291,127.1119805,"평화은(는) 소공원으로, 아이의 생활권 동화 배경으로 사용할 수 있다.",아이의 집 주변 산책·탐험 동화 배경,"공원에서 색깔, 나무, 놀이시설을 찾아보는 관찰 미션",4-7;8-10,공원;소공원,11710-00123,평화,소공원,,서울특별시 송파구 방이동 42-2,1651.3,,,,,,,서울특별시 송파구청,02-2147-3380,2024-08-12,3230000,서울특별시 송파구
전국도시공원정보표준데이터,https://www.data.go.kr/data/15012890/standard.do,2024-08-12,place,가락1(시영아파트),어린이공원,서울특별시 송파구,서울특별시 송파구 가락동 479,37.49761457,127.1025318,"가락1(시영아파트)은(는) 어린이공원으로, 아이의 생활권 동화 배경으로 사용할 수 있다.",아이의 집 주변 산책·탐험 동화 배경,"공원에서 색깔, 나무, 놀이시설을 찾아보는 관찰 미션",4-7;8-10,공원;어린이공원,11710-00136,가락1(시영아파트),어린이공원,,서울특별시 송파구 가락동 479,1617.7,,,,,,,서울특별시 송파구청,02-2147-3380,2024-08-12,3230000,서울특별시 송파구
전국도시공원정보표준데이터,https://www.data.go.kr/data/15012890/standard.do,2024-08-12,place,잠실주공5단지 근린공원,근린공원,서울특별시 송파구,서울특별시 송파구 잠실동 27 일원,37.512706,127.095491,"잠실주공5단지 근린공원은(는) 근린공원으로, 아이의 생활권 동화 배경으로 사용할 수 있다.",아이의 집 주변 산책·탐험 동화 배경,"공원에서 색깔, 나무, 놀이시설을 찾아보는 관찰 미션",4-7;8-10,공원;근린공원,11710-00134,잠실주공5단지 근린공원,근린공원,,서울특별시 송파구 잠실동 27 일원,10741,,,,,,,서울특별시 송파구청,02-2147-3380,2024-08-12,3230000,서울특별시 송파구
전국도시공원정보표준데이터,https://www.data.go.kr/data/15012890/standard.do,2024-08-12,place,향유(거마재정비),근린공원,서울특별시 송파구,서울특별시 송파구 거여동 200-4 일대,37.494489,127.147614,"향유(거마재정비)은(는) 근린공원으로, 아이의 생활권 동화 배경으로 사용할 수 있다.",아이의 집 주변 산책·탐험 동화 배경,"공원에서 색깔, 나무, 놀이시설을 찾아보는 관찰 미션",4-7;8-10,공원;근린공원,11710-00135,향유(거마재정비),근린공원,,서울특별시 송파구 거여동 200-4 일대,10569,,,,,,,서울특별시 송파구청,02-2147-3380,2024-08-12,3230000,서울특별시 송파구
전국도시공원정보표준데이터,https://www.data.go.kr/data/15012890/standard.do,2024-08-12,place,문이,근린공원,서울특별시 송파구,서울특별시 송파구 문정동 481,37.484857,127.113722,"문이은(는) 근린공원으로, 아이의 생활권 동화 배경으로 사용할 수 있다.",아이의 집 주변 산책·탐험 동화 배경,"공원에서 색깔, 나무, 놀이시설을 찾아보는 관찰 미션",4-7;8-10,공원;근린공원,11710-00129,문이,근린공원,,서울특별시 송파구 문정동 481,20856.2,,,,,,,서울특별시 송파구청,02-2147-3380,2024-08-12,3230000,서울특별시 송파구
전국도시공원정보표준데이터,https://www.data.go.kr/data/15012890/standard.do,2024-08-12,place,위례 근린공원1호,근린공원,서울특별시 송파구,서울특별시 송파구 거여동 491임 일원,37.483179,127.144136,"위례 근린공원1호은(는) 근린공원으로, 아이의 생활권 동화 배경으로 사용할 수 있다.",아이의 집 주변 산책·탐험 동화 배경,"공원에서 색깔, 나무, 놀이시설을 찾아보는 관찰 미션",4-7;8-10,공원;근린공원,11710-00131,위례 근린공원1호,근린공원,,서울특별시 송파구 거여동 491임 일원,200327,,,,,,,서울특별시 송파구청,02-2147-3380,2024-08-12,3230000,서울특별시 송파구
전국도시공원정보표준데이터,https://www.data.go.kr/data/15012890/standard.do,2024-08-12,place,오금지구 수변공원,수변공원,서울특별시 송파구,서울특별시 송파구 오금동 97-21 일원,37.507619,127.136866,"오금지구 수변공원은(는) 수변공원으로, 아이의 생활권 동화 배경으로 사용할 수 있다.",아이의 집 주변 산책·탐험 동화 배경,"공원에서 색깔, 나무, 놀이시설을 찾아보는 관찰 미션",4-7;8-10,공원;수변공원,11710-00124,오금지구 수변공원,수변공원,,서울특별시 송파구 오금동 97-21 일원,4302,,,,,,,서울특별시 송파구청,02-2147-3380,2024-08-12,3230000,서울특별시 송파구
전국도시공원정보표준데이터,https://www.data.go.kr/data/15012890/standard.do,2024-08-12,place,돌무데기놀이터,기타,서울특별시 송파구,서울특별시 송파구 마천동 277-52,37.492024,127.1572039,"돌무데기놀이터은(는) 기타으로, 아이의 생활권 동화 배경으로 사용할 수 있다.",아이의 집 주변 산책·탐험 동화 배경,"공원에서 색깔, 나무, 놀이시설을 찾아보는 관찰 미션",4-7;8-10,공원;기타,11710-00126,돌무데기놀이터,기타,,서울특별시 송파구 마천동 277-52,455,,,,,,,서울특별시 송파구청,02-2147-3380,2024-08-12,3230000,서울특별시 송파구
전국도시공원정보표준데이터,https://www.data.go.kr/data/15012890/standard.do,2024-08-12,place,풍납타이어,기타,서울특별시 송파구,서울특별시 송파구 풍납동 483-4,37.535938,127.121564,"풍납타이어은(는) 기타으로, 아이의 생활권 동화 배경으로 사용할 수 있다.",아이의 집 주변 산책·탐험 동화 배경,"공원에서 색깔, 나무, 놀이시설을 찾아보는 관찰 미션",4-7;8-10,공원;기타,11710-00127,풍납타이어,기타,,서울특별시 송파구 풍납동 483-4,291,,,,,,,서울특별시 송파구청,02-2147-3380,2024-08-12,3230000,서울특별시 송파구
전국도시공원정보표준데이터,https://www.data.go.kr/data/15012890/standard.do,2024-08-12,place,가락1(시영아파트),근린공원,서울특별시 송파구,서울특별시 송파구 가락동 479,37.49761457,127.1025318,"가락1(시영아파트)은(는) 근린공원으로, 아이의 생활권 동화 배경으로 사용할 수 있다.",아이의 집 주변 산책·탐험 동화 배경,"공원에서 색깔, 나무, 놀이시설을 찾아보는 관찰 미션",4-7;8-10,공원;근린공원,11710-00128,가락1(시영아파트),근린공원,,서울특별시 송파구 가락동 479,19159.2,,,,,,,서울특별시 송파구청,02-2147-3380,2024-08-12,3230000,서울특별시 송파구
전국도시공원정보표준데이터,https://www.data.go.kr/data/15012890/standard.do,2025-05-28,place,원도안,어린이공원,대전광역시 서구,대전광역시 서구 도안동 1113,36.32433529,127.3460925,"원도안은(는) 어린이공원으로, 아이의 생활권 동화 배경으로 사용할 수 있다.",아이의 집 주변 산책·탐험 동화 배경,조합놀이대 외5종,4-7;8-10,공원;어린이공원;조합놀이대;외5종,30170-00092,원도안,어린이공원,,대전광역시 서구 도안동 1113,2406.7,,조합놀이대 외5종,,,공원등5주 외2종,2001-01-05,대전광역시 서구청,042-288-3623,2025-05-28,3660000,대전광역시 서구
전국도시공원정보표준데이터,https://www.data.go.kr/data/15012890/standard.do,2024-08-12,place,위례 근린공원3호,근린공원,서울특별시 송파구,서울특별시 송파구 거여동 산26-7임 일원,37.490844,127.139533,"위례 근린공원3호은(는) 근린공원으로, 아이의 생활권 동화 배경으로 사용할 수 있다.",아이의 집 주변 산책·탐험 동화 배경,"공원에서 색깔, 나무, 놀이시설을 찾아보는 관찰 미션",4-7;8-10,공원;근린공원,11710-00132,위례 근린공원3호,근린공원,,서울특별시 송파구 거여동 산26-7임 일원,42448,,,,,,,서울특별시 송파구청,02-2147-3380,2024-08-12,3230000,서울특별시 송파구
전국도시공원정보표준데이터,https://www.data.go.kr/data/15012890/standard.do,2025-12-15,place,양촌,어린이공원,경기도 고양시,경기도 고양시 일산서구 일산로 732-3,37.67815864,126.7493772,"양촌은(는) 어린이공원으로, 아이의 생활권 동화 배경으로 사용할 수 있다.",아이의 집 주변 산책·탐험 동화 배경,조합놀이대+그네+흔들놀이대; 체력단련시설,4-7;8-10,공원;어린이공원;조합놀이대+그네+흔들놀이대;체력단련시설,41287-00016,양촌,어린이공원,경기도 고양시 일산서구 일산로 732-3,경기도 고양시 일산서구 대화동 2211,6555,체력단련시설,조합놀이대+그네+흔들놀이대,화장실,,,1991-06-29,경기도 고양시 푸른도시사업소,031-8075-4341,2025-12-15,3940000,경기도 고양시
전국도시공원정보표준데이터,https://www.data.go.kr/data/15012890/standard.do,2025-12-15,place,김서,어린이공원,경기도 고양시,경기도 고양시 일산서구 대화동 2235,37.67363707,126.7460472,"김서은(는) 어린이공원으로, 아이의 생활권 동화 배경으로 사용할 수 있다.",아이의 집 주변 산책·탐험 동화 배경,조합놀이대; 체력단련시설,4-7;8-10,공원;어린이공원;조합놀이대;체력단련시설,41287-00017,김서,어린이공원,,경기도 고양시 일산서구 대화동 2235,3002.5,체력단련시설,조합놀이대,,,,1991-06-29,경기도 고양시 푸른도시사업소,031-8075-4341,2025-12-15,3940000,경기도 고양시
전국도시공원정보표준데이터,https://www.data.go.kr/data/15012890/standard.do,2025-12-15,place,장촌,근린공원,경기도 고양시,경기도 고양시 일산서구 중앙로 1525,37.67402156,126.7515073,"장촌은(는) 근린공원으로, 아이의 생활권 동화 배경으로 사용할 수 있다.",아이의 집 주변 산책·탐험 동화 배경,체력단련시설,4-7;8-10,공원;근린공원;체력단련시설,41287-00018,장촌,근린공원,경기도 고양시 일산서구 중앙로 1525,경기도 고양시 일산서구 대화동 2241,16574,체력단련시설,,화장실,,수경시설,1991-06-29,경기도 고양시 푸른도시사업소,031-8075-4341,2025-12-15,3940000,경기도 고양시
전국도시공원정보표준데이터,https://www.data.go.kr/data/15012890/standard.do,2025-12-15,place,강서,어린이공원,경기도 고양시,경기도 고양시 일산서구 호수로838번길 55-7,37.67219634,126.7507291,"강서은(는) 어린이공원으로, 아이의 생활권 동화 배경으로 사용할 수 있다.",아이의 집 주변 산책·탐험 동화 배경,조합놀이대+정글짐+시소+흔들놀이대; 체력단련시설,4-7;8-10,공원;어린이공원;조합놀이대+정글짐+시소+흔들놀이대;체력단련시설,41287-00019,강서,어린이공원,경기도 고양시 일산서구 호수로838번길 55-7,경기도 고양시 일산서구 대화동 2265,3217,체력단련시설,조합놀이대+정글짐+시소+흔들놀이대,화장실,,,1991-06-29,경기도 고양시 푸른도시사업소,031-8075-4341,2025-12-15,3940000,경기도 고양시
전국도시공원정보표준데이터,https://www.data.go.kr/data/15012890/standard.do,2025-12-15,place,도화,어린이공원,경기도 고양시,경기도 고양시 일산서구 일산로 604,37.68229664,126.7622449,"도화은(는) 어린이공원으로, 아이의 생활권 동화 배경으로 사용할 수 있다.",아이의 집 주변 산책·탐험 동화 배경,조합놀이대+정글짐+시소+흔들놀이대; 체력단련시설,4-7;8-10,공원;어린이공원;조합놀이대+정글짐+시소+흔들놀이대;체력단련시설,41287-00020,도화,어린이공원,경기도 고양시 일산서구 일산로 604,경기도 고양시 일산서구 일산동 1043,4999,체력단련시설,조합놀이대+정글짐+시소+흔들놀이대,화장실,,,1991-06-29,경기도 고양시 푸른도시사업소,031-8075-4341,2025-12-15,3940000,경기도 고양시
전국도시공원정보표준데이터,https://www.data.go.kr/data/15012890/standard.do,2025-12-15,place,윗말,어린이공원,경기도 고양시,경기도 고양시 일산서구 고봉로 189-3,37.67721758,126.7740777,"윗말은(는) 어린이공원으로, 아이의 생활권 동화 배경으로 사용할 수 있다.",아이의 집 주변 산책·탐험 동화 배경,조합놀이대+그네+시소+흔들놀이대+회전놀이대; 체력단련시설,4-7;8-10,공원;어린이공원;조합놀이대+그네+시소+흔들놀이대+회전놀이대;체력단련시설,41287-00021,윗말,어린이공원,경기도 고양시 일산서구 고봉로 189-3,경기도 고양시 일산서구 일산동 1095,6400,체력단련시설,조합놀이대+그네+시소+흔들놀이대+회전놀이대,화장실,,,1991-06-29,경기도 고양시 푸른도시사업소,031-8075-4341,2025-12-15,3940000,경기도 고양시
전국도시공원정보표준데이터,https://www.data.go.kr/data/15012890/standard.do,2025-12-15,place,이물재,어린이공원,경기도 고양시,경기도 고양시 일산서구 고봉로 143-3,37.6735398,126.7716033,"이물재은(는) 어린이공원으로, 아이의 생활권 동화 배경으로 사용할 수 있다.",아이의 집 주변 산책·탐험 동화 배경,조합놀이대+정글짐+그네+흔들놀이대; 체력단련시설,4-7;8-10,공원;어린이공원;조합놀이대+정글짐+그네+흔들놀이대;체력단련시설,41287-00022,이물재,어린이공원,경기도 고양시 일산서구 고봉로 143-3,경기도 고양시 일산서구 주엽동 39,5701,체력단련시설,조합놀이대+정글짐+그네+흔들놀이대,화장실,,,1991-06-29,경기도 고양시 푸른도시사업소,031-8075-4341,2025-12-15,3940000,경기도 고양시
전국도시공원정보표준데이터,https://www.data.go.kr/data/15012890/standard.do,2025-12-15,place,문촌,어린이공원,경기도 고양시,경기도 고양시 일산서구 주엽로 173-4,37.6747456,126.7584541,"문촌은(는) 어린이공원으로, 아이의 생활권 동화 배경으로 사용할 수 있다.",아이의 집 주변 산책·탐험 동화 배경,조합놀이대+그네+흔들놀이대; 체력단련시설,4-7;8-10,공원;어린이공원;조합놀이대+그네+흔들놀이대;체력단련시설,41287-00023,문촌,어린이공원,경기도 고양시 일산서구 주엽로 173-4,경기도 고양시 일산서구 주엽동 10,4901,체력단련시설,조합놀이대+그네+흔들놀이대,화장실,,,1991-06-29,경기도 고양시 푸른도시사업소,031-8075-4341,2025-12-15,3940000,경기도 고양시
전국도시공원정보표준데이터,https://www.data.go.kr/data/15012890/standard.do,2025-12-15,place,주엽,근린공원,경기도 고양시,경기도 고양시 일산서구 주화로 65-3,37.66867703,126.7603779,"주엽은(는) 근린공원으로, 아이의 생활권 동화 배경으로 사용할 수 있다.",아이의 집 주변 산책·탐험 동화 배경,체력단련시설,4-7;8-10,공원;근린공원;체력단련시설,41287-00024,주엽,근린공원,경기도 고양시 일산서구 주화로 65-3,경기도 고양시 일산서구 주엽동 118,19614,체력단련시설,,화장실,,조형물,1991-06-29,경기도 고양시 푸른도시사업소,031-8075-4341,2025-12-15,3940000,경기도 고양시
전국도시공원정보표준데이터,https://www.data.go.kr/data/15012890/standard.do,2025-12-15,place,백암,어린이공원,경기도 고양시,경기도 고양시 일산서구 주엽로 107,37.66954988,126.7553261,"백암은(는) 어린이공원으로, 아이의 생활권 동화 배경으로 사용할 수 있다.",아이의 집 주변 산책·탐험 동화 배경,조합놀이대+그네+흔들놀이대; 야외배드민턴장+체력단련시설,4-7;8-10,공원;어린이공원;조합놀이대+그네+흔들놀이대;야외배드민턴장+체력단련시설,41287-00025,백암,어린이공원,경기도 고양시 일산서구 주엽로 107,경기도 고양시 일산서구 주엽동 130,7875,야외배드민턴장+체력단련시설,조합놀이대+그네+흔들놀이대,화장실,,,1991-06-29,경기도 고양시 푸른도시사업소,031-8075-4341,2025-12-15,3940000,경기도 고양시
전국도시공원정보표준데이터,https://www.data.go.kr/data/15012890/standard.do,2025-12-15,place,오거리,어린이공원,경기도 고양시,경기도 고양시 일산서구 주엽로 220-4,37.67606162,126.764586,"오거리은(는) 어린이공원으로, 아이의 생활권 동화 배경으로 사용할 수 있다.",아이의 집 주변 산책·탐험 동화 배경,조합놀이대+그네+시소+흔들놀이대,4-7;8-10,공원;어린이공원;조합놀이대+그네+시소+흔들놀이대,41287-00026,오거리,어린이공원,경기도 고양시 일산서구 주엽로 220-4,경기도 고양시 일산서구 주엽동 34,4001,,조합놀이대+그네+시소+흔들놀이대,화장실,,,1991-06-29,경기도 고양시 푸른도시사업소,031-8075-4341,2025-12-15,3940000,경기도 고양시
전국도시공원정보표준데이터,https://www.data.go.kr/data/15012890/standard.do,2025-12-15,place,오마,어린이공원,경기도 고양시,경기도 고양시 일산서구 주엽로 219,37.67830724,126.7609682,"오마은(는) 어린이공원으로, 아이의 생활권 동화 배경으로 사용할 수 있다.",아이의 집 주변 산책·탐험 동화 배경,조합놀이대+그네+시소+흔들놀이대; 체력단련시설,4-7;8-10,공원;어린이공원;조합놀이대+그네+시소+흔들놀이대;체력단련시설,41287-00027,오마,어린이공원,경기도 고양시 일산서구 주엽로 219,경기도 고양시 일산서구 일산동 1375,5700,체력단련시설,조합놀이대+그네+시소+흔들놀이대,화장실,,,1991-06-29,경기도 고양시 푸른도시사업소,031-8075-4341,2025-12-15,3940000,경기도 고양시
전국도시공원정보표준데이터,https://www.data.go.kr/data/15012890/standard.do,2025-12-15,place,강재,어린이공원,경기도 고양시,경기도 고양시 일산서구 강성로 126,37.67254864,126.7633732,"강재은(는) 어린이공원으로, 아이의 생활권 동화 배경으로 사용할 수 있다.",아이의 집 주변 산책·탐험 동화 배경,조합놀이대+그네+시소+흔들놀이대,4-7;8-10,공원;어린이공원;조합놀이대+그네+시소+흔들놀이대,41287-00028,강재,어린이공원,경기도 고양시 일산서구 강성로 126,경기도 고양시 일산서구 주엽동 52,4000,,조합놀이대+그네+시소+흔들놀이대,화장실,,,1991-06-29,경기도 고양시 푸른도시사업소,031-8075-4341,2025-12-15,3940000,경기도 고양시
전국도시공원정보표준데이터,https://www.data.go.kr/data/15012890/standard.do,2025-12-15,place,궁골,어린이공원,경기도 고양시,경기도 고양시 일산서구 고봉로 91-3,37.6695506,126.7690897,"궁골은(는) 어린이공원으로, 아이의 생활권 동화 배경으로 사용할 수 있다.",아이의 집 주변 산책·탐험 동화 배경,조합놀이대+정글짐+그네+흔들놀이대; 체력단련시설,4-7;8-10,공원;어린이공원;조합놀이대+정글짐+그네+흔들놀이대;체력단련시설,41287-00029,궁골,어린이공원,경기도 고양시 일산서구 고봉로 91-3,경기도 고양시 일산서구 주엽동 55,6901,체력단련시설,조합놀이대+정글짐+그네+흔들놀이대,화장실,,,1991-06-29,경기도 고양시 푸른도시사업소,031-8075-4341,2025-12-15,3940000,경기도 고양시
전국도시공원정보표준데이터,https://www.data.go.kr/data/15012890/standard.do,2025-12-15,place,강선,근린공원,경기도 고양시,경기도 고양시 일산서구 강성로 124,37.67117101,126.7620628,"강선은(는) 근린공원으로, 아이의 생활권 동화 배경으로 사용할 수 있다.",아이의 집 주변 산책·탐험 동화 배경,다목적운동장+체력단련시설,4-7;8-10,공원;근린공원;다목적운동장+체력단련시설,41287-00030,강선,근린공원,경기도 고양시 일산서구 강성로 124,경기도 고양시 일산서구 주엽동 78,34384,다목적운동장+체력단련시설,,화장실,,조형물,1991-06-29,경기도 고양시 푸른도시사업소,031-8075-4341,2025-12-15,3940000,경기도 고양시
전국도시공원정보표준데이터,https://www.data.go.kr/data/15012890/standard.do,2025-12-15,place,회화,어린이공원,경기도 고양시,경기도 고양시 일산서구 고봉로 25-3,37.66568037,126.7638604,"회화은(는) 어린이공원으로, 아이의 생활권 동화 배경으로 사용할 수 있다.",아이의 집 주변 산책·탐험 동화 배경,조합놀이대+정글짐+시소+흔들놀이대; 체력단련시설,4-7;8-10,공원;어린이공원;조합놀이대+정글짐+시소+흔들놀이대;체력단련시설,41287-00031,회화,어린이공원,경기도 고양시 일산서구 고봉로 25-3,경기도 고양시 일산서구 주엽동 91,3803,체력단련시설,조합놀이대+정글짐+시소+흔들놀이대,화장실,,,1991-06-29,경기도 고양시 푸른도시사업소,031-8075-4341,2025-12-15,3940000,경기도 고양시
전국도시공원정보표준데이터,https://www.data.go.kr/data/15012890/standard.do,2025-12-15,place,후동,근린공원,경기도 고양시,경기도 고양시 일산서구 일산로 552-1,37.67842011,126.7669398,"후동은(는) 근린공원으로, 아이의 생활권 동화 배경으로 사용할 수 있다.",아이의 집 주변 산책·탐험 동화 배경,체력단련시설,4-7;8-10,공원;근린공원;체력단련시설,41287-00032,후동,근린공원,경기도 고양시 일산서구 일산로 552-1,경기도 고양시 일산서구 일산동 1400,19195,체력단련시설,,화장실,,수경시설+조형물,1995-04-03,경기도 고양시 푸른도시사업소,031-8075-4341,2025-12-15,3940000,경기도 고양시
전국도시공원정보표준데이터,https://www.data.go.kr/data/15012890/standard.do,2025-12-15,place,문화,근린공원,경기도 고양시,경기도 고양시 일산서구 일산로 553-1,37.67705604,126.7659922,"문화은(는) 근린공원으로, 아이의 생활권 동화 배경으로 사용할 수 있다.",아이의 집 주변 산책·탐험 동화 배경,체력단련시설,4-7;8-10,공원;근린공원;체력단련시설,41287-00033,문화,근린공원,경기도 고양시 일산서구 일산로 553-1,경기도 고양시 일산서구 일산동 1379,40373,체력단련시설,,화장실,,수경시설+조형물+시계탑,1995-04-03,경기도 고양시 푸른도시사업소,031-8075-4341,2025-12-15,3940000,경기도 고양시
전국도시공원정보표준데이터,https://www.data.go.kr/data/15012890/standard.do,2025-12-15,place,숯고개,근린공원,경기도 고양시,경기도 고양시 일산서구 산현로 33,37.69071006,126.7649935,"숯고개은(는) 근린공원으로, 아이의 생활권 동화 배경으로 사용할 수 있다.",아이의 집 주변 산책·탐험 동화 배경,조합놀이대; 다목적운동장+체력단련시설,4-7;8-10,공원;근린공원;조합놀이대;다목적운동장+체력단련시설,41287-00034,숯고개,근린공원,경기도 고양시 일산서구 산현로 33,경기도 고양시 일산서구 탄현동 1580,10027,다목적운동장+체력단련시설,조합놀이대,화장실,,조형물,1997-01-21,경기도 고양시 푸른도시사업소,031-8075-4341,2025-12-15,3940000,경기도 고양시
전국도시공원정보표준데이터,https://www.data.go.kr/data/15012890/standard.do,2025-12-15,place,가좌,근린공원,경기도 고양시,경기도 고양시 일산서구 송산로 387-7,37.68619741,126.7216817,"가좌은(는) 근린공원으로, 아이의 생활권 동화 배경으로 사용할 수 있다.",아이의 집 주변 산책·탐험 동화 배경,조합놀이대; 게이트볼장+실내배드민턴장+체력단련시설,4-7;8-10,공원;근린공원;조합놀이대;게이트볼장+실내배드민턴장+체력단련시설,41287-00035,가좌,근린공원,경기도 고양시 일산서구 송산로 387-7,경기도 고양시 일산서구 가좌동 1098,50155,게이트볼장+실내배드민턴장+체력단련시설,조합놀이대,화장실,,조형물,2001-06-22,경기도 고양시 푸른도시사업소,031-8075-4341,2025-12-15,3940000,경기도 고양시
전국도시공원정보표준데이터,https://www.data.go.kr/data/15012890/standard.do,2025-12-15,place,송포,근린공원,경기도 고양시,경기도 고양시 일산서구 대화동 1495-1,37.67030086,126.7301278,"송포은(는) 근린공원으로, 아이의 생활권 동화 배경으로 사용할 수 있다.",아이의 집 주변 산책·탐험 동화 배경,조합놀이대; 족구장+체력단련시설,4-7;8-10,공원;근린공원;조합놀이대;족구장+체력단련시설,41287-00036,송포,근린공원,,경기도 고양시 일산서구 대화동 1495-1,8968,족구장+체력단련시설,조합놀이대,,,,2001-06-22,경기도 고양시 푸른도시사업소,031-8075-4341,2025-12-15,3940000,경기도 고양시
전국도시공원정보표준데이터,https://www.data.go.kr/data/15012890/standard.do,2025-12-15,place,호미걸이,근린공원,경기도 고양시,경기도 고양시 일산서구 대화동 750-16,37.67190295,126.7346817,"호미걸이은(는) 근린공원으로, 아이의 생활권 동화 배경으로 사용할 수 있다.",아이의 집 주변 산책·탐험 동화 배경,조합놀이대; 체력단련시설,4-7;8-10,공원;근린공원;조합놀이대;체력단련시설,41287-00037,호미걸이,근린공원,,경기도 고양시 일산서구 대화동 750-16,10289,체력단련시설,조합놀이대,,,수경시설+야외무대+조형물,2001-06-22,경기도 고양시 푸른도시사업소,031-8075-4341,2025-12-15,3940000,경기도 고양시
전국도시공원정보표준데이터,https://www.data.go.kr/data/15012890/standard.do,2025-12-15,place,레포츠,체육공원,경기도 고양시,경기도 고양시 일산서구 대화로156번길 39,37.66991791,126.7371001,"레포츠은(는) 체육공원으로, 아이의 생활권 동화 배경으로 사용할 수 있다.",아이의 집 주변 산책·탐험 동화 배경,조합놀이대; 축구장+게이트볼장+농구장+인라인스케이트장+테니스장+실내배드민턴장+체력단련시설,4-7;8-10,공원;체육공원;조합놀이대;축구장+게이트볼장+농구장+인라인스케이트장+테니스장+실내배드민턴장+체력단련시설,41287-00038,레포츠,체육공원,경기도 고양시 일산서구 대화로156번길 39,경기도 고양시 일산서구 대화동 2314,45798,축구장+게이트볼장+농구장+인라인스케이트장+테니스장+실내배드민턴장+체력단련시설,조합놀이대,화장실,,조형물,2002-12-31,경기도 고양시 푸른도시사업소,031-8075-4341,2025-12-15,3940000,경기도 고양시
전국도시공원정보표준데이터,https://www.data.go.kr/data/15012890/standard.do,2025-12-15,place,국제전시장,근린공원,경기도 고양시,경기도 고양시 일산서구 한류월드로 280,37.66501092,126.7562768,"국제전시장은(는) 근린공원으로, 아이의 생활권 동화 배경으로 사용할 수 있다.",아이의 집 주변 산책·탐험 동화 배경,조합놀이대,4-7;8-10,공원;근린공원;조합놀이대,41287-00039,국제전시장,근린공원,경기도 고양시 일산서구 한류월드로 280,경기도 고양시 일산서구 대화동 1050-176,42416.2,,조합놀이대,화장실,,수경시설+조형물,2003-04-21,경기도 고양시 푸른도시사업소,031-8075-4341,2025-12-15,3940000,경기도 고양시
전국도시공원정보표준데이터,https://www.data.go.kr/data/15012890/standard.do,2025-12-15,place,덕이근린2(한산),근린공원,경기도 고양시,경기도 고양시 일산서구 덕이동 산131-7,37.69601631,126.7494325,"덕이근린2(한산)은(는) 근린공원으로, 아이의 생활권 동화 배경으로 사용할 수 있다.",아이의 집 주변 산책·탐험 동화 배경,체력단련시설,4-7;8-10,공원;근린공원;체력단련시설,41287-00040,덕이근린2(한산),근린공원,,경기도 고양시 일산서구 덕이동 산131-7,18733.5,체력단련시설,,화장실,,,2006-01-31,경기도 고양시 푸른도시사업소,031-8075-4341,2025-12-15,3940000,경기도 고양시
전국도시공원정보표준데이터,https://www.data.go.kr/data/15012890/standard.do,2025-12-15,place,덕이근린1(덕이),근린공원,경기도 고양시,경기도 고양시 일산서구 덕이동 산145-1,37.70169688,126.7544741,"덕이근린1(덕이)은(는) 근린공원으로, 아이의 생활권 동화 배경으로 사용할 수 있다.",아이의 집 주변 산책·탐험 동화 배경,조합놀이대; 풋살구장+농구장+족구장+실내배드민턴장+체력단련시설,4-7;8-10,공원;근린공원;조합놀이대;풋살구장+농구장+족구장+실내배드민턴장+체력단련시설,41287-00041,덕이근린1(덕이),근린공원,,경기도 고양시 일산서구 덕이동 산145-1,45701.2,풋살구장+농구장+족구장+실내배드민턴장+체력단련시설,조합놀이대,화장실,,수경시설,2006-01-31,경기도 고양시 푸른도시사업소,031-8075-4341,2025-12-15,3940000,경기도 고양시
전국도시공원정보표준데이터,https://www.data.go.kr/data/15012890/standard.do,2025-12-15,place,탄현일단의주택지168(탄현용현),어린이공원,경기도 고양시,경기도 고양시 일산서구 탄현동 1634-1,37.70351395,126.7645746,"탄현일단의주택지168(탄현용현)은(는) 어린이공원으로, 아이의 생활권 동화 배경으로 사용할 수 있다.",아이의 집 주변 산책·탐험 동화 배경,조합놀이대+그네+시소+흔들놀이대; 게이트볼장+체력단련시설,4-7;8-10,공원;어린이공원;조합놀이대+그네+시소+흔들놀이대;게이트볼장+체력단련시설,41287-00042,탄현일단의주택지168(탄현용현),어린이공원,,경기도 고양시 일산서구 탄현동 1634-1,2303,게이트볼장+체력단련시설,조합놀이대+그네+시소+흔들놀이대,,,,2006-10-02,경기도 고양시 푸른도시사업소,031-8075-4341,2025-12-15,3940000,경기도 고양시
전국도시공원정보표준데이터,https://www.data.go.kr/data/15012890/standard.do,2025-12-15,place,식사어린이4(과학),어린이공원,경기도 고양시,경기도 고양시 일산동구 식사동 1502,37.68018521,126.8153401,"식사어린이4(과학)은(는) 어린이공원으로, 아이의 생활권 동화 배경으로 사용할 수 있다.",아이의 집 주변 산책·탐험 동화 배경,조합놀이대+그네+흔들놀이기구+미끄럼틀,4-7;8-10,공원;어린이공원;조합놀이대+그네+흔들놀이기구+미끄럼틀,41285-00069,식사어린이4(과학),어린이공원,,경기도 고양시 일산동구 식사동 1502,2600,,조합놀이대+그네+흔들놀이기구+미끄럼틀,,,,2005-08-24,경기도 고양시 푸른도시사업소,031-8075-4337,2025-12-15,3940000,경기도 고양시
전국도시공원정보표준데이터,https://www.data.go.kr/data/15012890/standard.do,2025-12-15,place,식사어린이5(올림푸스놀이),어린이공원,경기도 고양시,경기도 고양시 일산동구 위시티4로 111,37.68300188,126.8074054,"식사어린이5(올림푸스놀이)은(는) 어린이공원으로, 아이의 생활권 동화 배경으로 사용할 수 있다.",아이의 집 주변 산책·탐험 동화 배경,조합놀이대+건너는기구+흔들놀이기구+미끄럼틀,4-7;8-10,공원;어린이공원;조합놀이대+건너는기구+흔들놀이기구+미끄럼틀,41285-00070,식사어린이5(올림푸스놀이),어린이공원,경기도 고양시 일산동구 위시티4로 111,경기도 고양시 일산동구 식사동 1511,5210,,조합놀이대+건너는기구+흔들놀이기구+미끄럼틀,화장실,,,2005-08-24,경기도 고양시 푸른도시사업소,031-8075-4337,2025-12-15,3940000,경기도 고양시
전국도시공원정보표준데이터,https://www.data.go.kr/data/15012890/standard.do,2025-12-15,place,식사어린이6(저현),어린이공원,경기도 고양시,경기도 고양시 일산동구 식사동 1566,37.675631,126.8123988,"식사어린이6(저현)은(는) 어린이공원으로, 아이의 생활권 동화 배경으로 사용할 수 있다.",아이의 집 주변 산책·탐험 동화 배경,조합놀이대+그네+흔들놀이기구+미끄럼틀,4-7;8-10,공원;어린이공원;조합놀이대+그네+흔들놀이기구+미끄럼틀,41285-00071,식사어린이6(저현),어린이공원,,경기도 고양시 일산동구 식사동 1566,2600,,조합놀이대+그네+흔들놀이기구+미끄럼틀,,,,2005-08-24,경기도 고양시 푸른도시사업소,031-8075-4337,2025-12-15,3940000,경기도 고양시
전국도시공원정보표준데이터,https://www.data.go.kr/data/15012890/standard.do,2025-12-15,place,식사근린2(식사중앙),근린공원,경기도 고양시,경기도 고양시 일산동구 위시티3로 44-2,37.67777805,126.8138635,"식사근린2(식사중앙)은(는) 근린공원으로, 아이의 생활권 동화 배경으로 사용할 수 있다.",아이의 집 주변 산책·탐험 동화 배경,그네+시소+조합놀이대+흔들말; 체력단련시설,4-7;8-10,공원;근린공원;그네+시소+조합놀이대+흔들말;체력단련시설,41285-00072,식사근린2(식사중앙),근린공원,경기도 고양시 일산동구 위시티3로 44-2,경기도 고양시 일산동구 식사동 1535,31578,체력단련시설,그네+시소+조합놀이대+흔들말,화장실,,야외무대+수경시설+조형물,2005-08-24,경기도 고양시 푸른도시사업소,031-8075-4337,2025-12-15,3940000,경기도 고양시
전국도시공원정보표준데이터,https://www.data.go.kr/data/15012890/standard.do,2025-12-15,place,식사근린3(방아고개),근린공원,경기도 고양시,경기도 고양시 일산동구 위시티1로 25,37.67423648,126.8110443,"식사근린3(방아고개)은(는) 근린공원으로, 아이의 생활권 동화 배경으로 사용할 수 있다.",아이의 집 주변 산책·탐험 동화 배경,야외배드민턴장+체력단련시설,4-7;8-10,공원;근린공원;야외배드민턴장+체력단련시설,41285-00073,식사근린3(방아고개),근린공원,경기도 고양시 일산동구 위시티1로 25,경기도 고양시 일산동구 식사동 1569,15220,야외배드민턴장+체력단련시설,,화장실,,수경설,2005-08-24,경기도 고양시 푸른도시사업소,031-8075-4337,2025-12-15,3940000,경기도 고양시
전국도시공원정보표준데이터,https://www.data.go.kr/data/15012890/standard.do,2025-12-15,place,일산문화공원,근린공원,경기도 고양시,경기도 고양시 일산동구 중앙로 1271-1,37.65948674,126.7726989,"일산문화공원은(는) 근린공원으로, 아이의 생활권 동화 배경으로 사용할 수 있다.",아이의 집 주변 산책·탐험 동화 배경,"공원에서 색깔, 나무, 놀이시설을 찾아보는 관찰 미션",4-7;8-10,공원;근린공원,41285-00074,일산문화공원,근린공원,경기도 고양시 일산동구 중앙로 1271-1,경기도 고양시 일산동구 장항동 845,54226.4,,,화장실,,야외무대,2008-10-31,경기도 고양시 푸른도시사업소,031-8075-4333,2025-12-15,3940000,경기도 고양시
전국도시공원정보표준데이터,https://www.data.go.kr/data/15012890/standard.do,2025-12-15,place,문화공원(요진Y-City),문화공원,경기도 고양시,경기도 고양시 일산동구 백석동 1237-1,37.64336554,126.7920516,"문화공원(요진Y-City)은(는) 문화공원으로, 아이의 생활권 동화 배경으로 사용할 수 있다.",아이의 집 주변 산책·탐험 동화 배경,"공원에서 색깔, 나무, 놀이시설을 찾아보는 관찰 미션",4-7;8-10,공원;문화공원,41285-00075,문화공원(요진Y-City),문화공원,,경기도 고양시 일산동구 백석동 1237-1,5742,,,,,,2010-02-02,경기도 고양시 푸른도시사업소,031-8075-4333,2025-12-15,3940000,경기도 고양시
전국도시공원정보표준데이터,https://www.data.go.kr/data/15012890/standard.do,2025-12-15,place,소공원(식사2),소공원,경기도 고양시,경기도 고양시 일산동구 식사동 625-3,37.67301071,126.8082574,"소공원(식사2)은(는) 소공원으로, 아이의 생활권 동화 배경으로 사용할 수 있다.",아이의 집 주변 산책·탐험 동화 배경,"공원에서 색깔, 나무, 놀이시설을 찾아보는 관찰 미션",4-7;8-10,공원;소공원,41285-00076,소공원(식사2),소공원,,경기도 고양시 일산동구 식사동 625-3,1486,,,,,,2014-07-08,경기도 고양시 푸른도시사업소,031-8075-4337,2025-12-15,3940000,경기도 고양시
전국도시공원정보표준데이터,https://www.data.go.kr/data/15012890/standard.do,2025-12-15,place,어린이공원(식사2),어린이공원,경기도 고양시,경기도 고양시 일산동구 식사동 산106-2,37.67297712,126.8116032,"어린이공원(식사2)은(는) 어린이공원으로, 아이의 생활권 동화 배경으로 사용할 수 있다.",아이의 집 주변 산책·탐험 동화 배경,조합놀이대; 체력단련시설,4-7;8-10,공원;어린이공원;조합놀이대;체력단련시설,41285-00077,어린이공원(식사2),어린이공원,,경기도 고양시 일산동구 식사동 산106-2,1525,체력단련시설,조합놀이대,,,,2014-07-18,경기도 고양시 푸른도시사업소,031-8075-4337,2025-12-15,3940000,경기도 고양시
전국도시공원정보표준데이터,https://www.data.go.kr/data/15012890/standard.do,2025-12-15,place,근린공원(식사2),근린공원,경기도 고양시,경기도 고양시 일산동구 식사동 621-16,37.67089055,126.8110623,"근린공원(식사2)은(는) 근린공원으로, 아이의 생활권 동화 배경으로 사용할 수 있다.",아이의 집 주변 산책·탐험 동화 배경,"조합놀이대; 체력단련시설,+농구장",4-7;8-10,공원;근린공원;조합놀이대;체력단련시설;+농구장,41285-00078,근린공원(식사2),근린공원,,경기도 고양시 일산동구 식사동 621-16,21926,"체력단련시설,+농구장",조합놀이대,화장실,,야외무대,2014-07-18,경기도 고양시 푸른도시사업소,031-8075-4337,2025-12-15,3940000,경기도 고양시
전국도시공원정보표준데이터,https://www.data.go.kr/data/15012890/standard.do,2025-12-15,place,파란,소공원,경기도 고양시,경기도 고양시 일산동구 중산동 1853,37.67939508,126.7904581,"파란은(는) 소공원으로, 아이의 생활권 동화 배경으로 사용할 수 있다.",아이의 집 주변 산책·탐험 동화 배경,"공원에서 색깔, 나무, 놀이시설을 찾아보는 관찰 미션",4-7;8-10,공원;소공원,41285-00079,파란,소공원,,경기도 고양시 일산동구 중산동 1853,1007.2,,,,,,2015-06-30,경기도 고양시 푸른도시사업소,031-8075-4337,2025-12-15,3940000,경기도 고양시
전국도시공원정보표준데이터,https://www.data.go.kr/data/15012890/standard.do,2025-12-15,place,모당,근린공원,경기도 고양시,경기도 고양시 일산동구 중산동 1832,37.67791741,126.7805731,"모당은(는) 근린공원으로, 아이의 생활권 동화 배경으로 사용할 수 있다.",아이의 집 주변 산책·탐험 동화 배경,조합놀이대; 체력단련시설,4-7;8-10,공원;근린공원;조합놀이대;체력단련시설,41285-00080,모당,근린공원,,경기도 고양시 일산동구 중산동 1832,17237.6,체력단련시설,조합놀이대,화장실,,,2015-06-30,경기도 고양시 푸른도시사업소,031-8075-4337,2025-12-15,3940000,경기도 고양시
전국도시공원정보표준데이터,https://www.data.go.kr/data/15012890/standard.do,2025-12-15,place,탄현근린,근린공원,경기도 고양시,경기도 고양시 일산서구 탄현동 산16,37.69998903,126.7752129,"탄현근린은(는) 근린공원으로, 아이의 생활권 동화 배경으로 사용할 수 있다.",아이의 집 주변 산책·탐험 동화 배경,아이놀숲+모래마당+무장애놀이터; 족구장+실내배드민턴장+다목적운동장+체력단련시설,4-7;8-10,공원;근린공원;아이놀숲+모래마당+무장애놀이터;족구장+실내배드민턴장+다목적운동장+체력단련시설,41287-00001,탄현근린,근린공원,,경기도 고양시 일산서구 탄현동 산16,88210.3,족구장+실내배드민턴장+다목적운동장+체력단련시설,아이놀숲+모래마당+무장애놀이터,화장실+주차장,,수경시설+야외무대+전망대,1974-05-16,경기도 고양시 푸른도시사업소,031-8075-4341,2025-12-15,3940000,경기도 고양시
전국도시공원정보표준데이터,https://www.data.go.kr/data/15012890/standard.do,2025-12-15,place,탄현 1(황룡),어린이공원,경기도 고양시,경기도 고양시 일산서구 탄현로 73,37.69766301,126.7673758,"탄현 1(황룡)은(는) 어린이공원으로, 아이의 생활권 동화 배경으로 사용할 수 있다.",아이의 집 주변 산책·탐험 동화 배경,조합놀이대+그네+시소; 체력단련시설,4-7;8-10,공원;어린이공원;조합놀이대+그네+시소;체력단련시설,41287-00002,탄현 1(황룡),어린이공원,경기도 고양시 일산서구 탄현로 73,경기도 고양시 일산서구 탄현동 1475,1500,체력단련시설,조합놀이대+그네+시소,화장실,,,1990-12-19,경기도 고양시 푸른도시사업소,031-8075-4341,2025-12-15,3940000,경기도 고양시
전국도시공원정보표준데이터,https://www.data.go.kr/data/15012890/standard.do,2025-12-15,place,탄현 3(현중),어린이공원,경기도 고양시,경기도 고양시 일산서구 현중로 56,37.69559116,126.7675316,"탄현 3(현중)은(는) 어린이공원으로, 아이의 생활권 동화 배경으로 사용할 수 있다.",아이의 집 주변 산책·탐험 동화 배경,조합놀이대+그네+흔들놀이대; 체력단련시설,4-7;8-10,공원;어린이공원;조합놀이대+그네+흔들놀이대;체력단련시설,41287-00003,탄현 3(현중),어린이공원,경기도 고양시 일산서구 현중로 56,경기도 고양시 일산서구 탄현동 1478,1500,체력단련시설,조합놀이대+그네+흔들놀이대,화장실,,,1990-12-19,경기도 고양시 푸른도시사업소,031-8075-4341,2025-12-15,3940000,경기도 고양시
전국도시공원정보표준데이터,https://www.data.go.kr/data/15012890/standard.do,2025-12-15,place,탄현 4(숯고개),어린이공원,경기도 고양시,경기도 고양시 일산서구 홀트로 16-2,37.6939833,126.7663116,"탄현 4(숯고개)은(는) 어린이공원으로, 아이의 생활권 동화 배경으로 사용할 수 있다.",아이의 집 주변 산책·탐험 동화 배경,조합놀이대+흔들놀이대+놀이집; 체력단련시설,4-7;8-10,공원;어린이공원;조합놀이대+흔들놀이대+놀이집;체력단련시설,41287-00004,탄현 4(숯고개),어린이공원,경기도 고양시 일산서구 홀트로 16-2,경기도 고양시 일산서구 탄현동 1486,1500,체력단련시설,조합놀이대+흔들놀이대+놀이집,화장실,,,1990-12-19,경기도 고양시 푸른도시사업소,031-8075-4341,2025-12-15,3940000,경기도 고양시
전국도시공원정보표준데이터,https://www.data.go.kr/data/15012890/standard.do,2025-12-15,place,탄현 5(탄현),어린이공원,경기도 고양시,경기도 고양시 일산서구 현중로36번길 20-2,37.69409935,126.768920,"탄현 5(탄현)은(는) 어린이공원으로, 아이의 생활권 동화 배경으로 사용할 수 있다.",아이의 집 주변 산책·탐험 동화 배경,조합놀이대+그네+흔들놀이대; 체력단련시설,4-7;8-10,공원;어린이공원;조합놀이대+그네+흔들놀이대;체력단련시설,41287-00005,탄현 5(탄현),어린이공원,경기도 고양시 일산서구 현중로36번길 20-2,경기도 고양시 일산서구 탄현동 1495,1501,체력단련시설,조합놀이대+그네+흔들놀이대,화장실,,,1990-12-19,경기도 고양시 푸른도시사업소,031-8075-4341,2025-12-15,3940000,경기도 고양시
전국도시공원정보표준데이터,https://www.data.go.kr/data/15012890/standard.do,2025-12-15,place,탄현 6(탄중),어린이공원,경기도 고양시,경기도 고양시 일산서구 탄중로233번길 16,37.69423204,126.7709827,"탄현 6(탄중)은(는) 어린이공원으로, 아이의 생활권 동화 배경으로 사용할 수 있다.",아이의 집 주변 산책·탐험 동화 배경,조합놀이대+그네+흔들놀이대+철봉; 체력단련시설,4-7;8-10,공원;어린이공원;조합놀이대+그네+흔들놀이대+철봉;체력단련시설,41287-00006,탄현 6(탄중),어린이공원,경기도 고양시 일산서구 탄중로233번길 16,경기도 고양시 일산서구 탄현동 1501,1494,체력단련시설,조합놀이대+그네+흔들놀이대+철봉,화장실,,,1990-12-19,경기도 고양시 푸른도시사업소,031-8075-4341,2025-12-15,3940000,경기도 고양시
전국도시공원정보표준데이터,https://www.data.go.kr/data/15012890/standard.do,2025-12-15,place,탄현 2(황룡산),어린이공원,경기도 고양시,경기도 고양시 일산서구 탄현동 1554,37.69750131,126.7713453,"탄현 2(황룡산)은(는) 어린이공원으로, 아이의 생활권 동화 배경으로 사용할 수 있다.",아이의 집 주변 산책·탐험 동화 배경,조합놀이대+흔들놀이대+암벽오르기; 체력단련시설,4-7;8-10,공원;어린이공원;조합놀이대+흔들놀이대+암벽오르기;체력단련시설,41287-00007,탄현 2(황룡산),어린이공원,,경기도 고양시 일산서구 탄현동 1554,1811,체력단련시설,조합놀이대+흔들놀이대+암벽오르기,,,,1990-12-19,경기도 고양시 푸른도시사업소,031-8075-4341,2025-12-15,3940000,경기도 고양시
전국도시공원정보표준데이터,https://www.data.go.kr/data/15012890/standard.do,2025-12-15,place,중산 10(한뫼),근린공원,경기도 고양시,경기도 고양시 일산서구 탄중로 284,37.69355743,126.7762593,"중산 10(한뫼)은(는) 근린공원으로, 아이의 생활권 동화 배경으로 사용할 수 있다.",아이의 집 주변 산책·탐험 동화 배경,조합놀이대; 체력단련시설,4-7;8-10,공원;근린공원;조합놀이대;체력단련시설,41287-00008,중산 10(한뫼),근린공원,경기도 고양시 일산서구 탄중로 284,경기도 고양시 일산서구 일산동 1558,27167,체력단련시설,조합놀이대,화장실,,수경시설+야외무대+조형물,1991-05-31,경기도 고양시 푸른도시사업소,031-8075-4341,2025-12-15,3940000,경기도 고양시
전국도시공원정보표준데이터,https://www.data.go.kr/data/15012890/standard.do,2025-12-15,place,새말,어린이공원,경기도 고양시,경기도 고양시 일산서구 웅비로12번길 5-21,37.68443535,126.7577169,"새말은(는) 어린이공원으로, 아이의 생활권 동화 배경으로 사용할 수 있다.",아이의 집 주변 산책·탐험 동화 배경,조합놀이대+그네+시소; 체력단련시설,4-7;8-10,공원;어린이공원;조합놀이대+그네+시소;체력단련시설,41287-00009,새말,어린이공원,경기도 고양시 일산서구 웅비로12번길 5-21,경기도 고양시 일산서구 대화동 2008,3987,체력단련시설,조합놀이대+그네+시소,,,,1991-06-29,경기도 고양시 푸른도시사업소,031-8075-4341,2025-12-15,3940000,경기도 고양시
전국도시공원정보표준데이터,https://www.data.go.kr/data/15012890/standard.do,2025-12-15,place,토성,어린이공원,경기도 고양시,경기도 고양시 일산서구 성저로50번길 23,37.68417826,126.7541354,"토성은(는) 어린이공원으로, 아이의 생활권 동화 배경으로 사용할 수 있다.",아이의 집 주변 산책·탐험 동화 배경,조합놀이대+그네+시소+흔들놀이대; 체력단련시설,4-7;8-10,공원;어린이공원;조합놀이대+그네+시소+흔들놀이대;체력단련시설,41287-00010,토성,어린이공원,경기도 고양시 일산서구 성저로50번길 23,경기도 고양시 일산서구 대화동 2065,3659,체력단련시설,조합놀이대+그네+시소+흔들놀이대,,,,1991-06-29,경기도 고양시 푸른도시사업소,031-8075-4341,2025-12-15,3940000,경기도 고양시
전국도시공원정보표준데이터,https://www.data.go.kr/data/15012890/standard.do,2025-12-15,place,왕산,어린이공원,경기도 고양시,경기도 고양시 일산서구 성저로 24-2,37.68218922,126.7515212,"왕산은(는) 어린이공원으로, 아이의 생활권 동화 배경으로 사용할 수 있다.",아이의 집 주변 산책·탐험 동화 배경,조합놀이대+그네+시소; 체력단련시설,4-7;8-10,공원;어린이공원;조합놀이대+그네+시소;체력단련시설,41287-00011,왕산,어린이공원,경기도 고양시 일산서구 성저로 24-2,경기도 고양시 일산서구 대화동 2092,4326,체력단련시설,조합놀이대+그네+시소,화장실,,,1991-06-29,경기도 고양시 푸른도시사업소,031-8075-4341,2025-12-15,3940000,경기도 고양시
전국도시공원정보표준데이터,https://www.data.go.kr/data/15012890/standard.do,2025-12-15,place,성저,근린공원,경기도 고양시,경기도 고양시 일산서구 일산로 655,37.68232402,126.7562364,"성저은(는) 근린공원으로, 아이의 생활권 동화 배경으로 사용할 수 있다.",아이의 집 주변 산책·탐험 동화 배경,다목적운동장+체력단련시설,4-7;8-10,공원;근린공원;다목적운동장+체력단련시설,41287-00012,성저,근린공원,경기도 고양시 일산서구 일산로 655,경기도 고양시 일산서구 대화동 2104,50334,다목적운동장+체력단련시설,,화장실,,야외무대+시계탑,1991-06-29,경기도 고양시 푸른도시사업소,031-8075-4341,2025-12-15,3940000,경기도 고양시
전국도시공원정보표준데이터,https://www.data.go.kr/data/15012890/standard.do,2025-12-15,place,가와지,어린이공원,경기도 고양시,경기도 고양시 일산서구 일산로695번길 47,37.67989046,126.7557898,"가와지은(는) 어린이공원으로, 아이의 생활권 동화 배경으로 사용할 수 있다.",아이의 집 주변 산책·탐험 동화 배경,조합놀이대+그네+흔들놀이대+철봉,4-7;8-10,공원;어린이공원;조합놀이대+그네+흔들놀이대+철봉,41287-00013,가와지,어린이공원,경기도 고양시 일산서구 일산로695번길 47,경기도 고양시 일산서구 대화동 2113,1994,,조합놀이대+그네+흔들놀이대+철봉,,,,1991-06-29,경기도 고양시 푸른도시사업소,031-8075-4341,2025-12-15,3940000,경기도 고양시
전국도시공원정보표준데이터,https://www.data.go.kr/data/15012890/standard.do,2025-12-15,place,장성,어린이공원,경기도 고양시,경기도 고양시 일산서구 강성로214번길 41-10,37.67679795,126.7538503,"장성은(는) 어린이공원으로, 아이의 생활권 동화 배경으로 사용할 수 있다.",아이의 집 주변 산책·탐험 동화 배경,조합놀이대+그네+흔들놀이대+철봉+평행봉; 체력단련시설,4-7;8-10,공원;어린이공원;조합놀이대+그네+흔들놀이대+철봉+평행봉;체력단련시설,41287-00014,장성,어린이공원,경기도 고양시 일산서구 강성로214번길 41-10,경기도 고양시 일산서구 대화동 2166,4798,체력단련시설,조합놀이대+그네+흔들놀이대+철봉+평행봉,화장실,,,1991-06-29,경기도 고양시 푸른도시사업소,031-8075-4341,2025-12-15,3940000,경기도 고양시
전국도시공원정보표준데이터,https://www.data.go.kr/data/15012890/standard.do,2025-12-15,place,대화,근린공원,경기도 고양시,경기도 고양시 일산서구 강성로 203,37.67426561,126.7538961,"대화은(는) 근린공원으로, 아이의 생활권 동화 배경으로 사용할 수 있다.",아이의 집 주변 산책·탐험 동화 배경,체력단련시설,4-7;8-10,공원;근린공원;체력단련시설,41287-00015,대화,근린공원,경기도 고양시 일산서구 강성로 203,경기도 고양시 일산서구 대화동 2201,16685,체력단련시설,,화장실,,조형물,1991-06-29,경기도 고양시 푸른도시사업소,031-8075-4341,2025-12-15,3940000,경기도 고양시
전국도시공원정보표준데이터,https://www.data.go.kr/data/15012890/standard.do,2026-02-01,place,무주골공원,근린공원,인천광역시 연수구,인천광역시 연수구 넘말로 97,37.43211381,126.6967883,"무주골공원은(는) 근린공원으로, 아이의 생활권 동화 배경으로 사용할 수 있다.",아이의 집 주변 산책·탐험 동화 배경,어린이놀이시설; 체력단련시설,4-7;8-10,공원;근린공원;어린이놀이시설;체력단련시설,28185-00037,무주골공원,근린공원,인천광역시 연수구 넘말로 97,인천광역시 연수구 선학동 134-11,850681,체력단련시설,어린이놀이시설,주차장+화장실,,관리사무소+벽천+연못,1944-01-08,월미공원사업소,032-440-5952,2026-02-01,6280000,인천광역시
전국도시공원정보표준데이터,https://www.data.go.kr/data/15012890/standard.do,2026-01-15,place,12호소공원,소공원,경기도 수원시,경기도 수원시 권선구 평동 13-236,37.23979543,127.0552753,"12호소공원은(는) 소공원으로, 아이의 생활권 동화 배경으로 사용할 수 있다.",아이의 집 주변 산책·탐험 동화 배경,휴게쉼터,4-7;8-10,공원;소공원;휴게쉼터,41113-00121,12호소공원,소공원,,경기도 수원시 권선구 평동 13-236,1315.3,,휴게쉼터,,,,,경기도 수원시 권선구 녹지공원과,031-5191-6195,2026-01-15,3740000,경기도 수원시
전국도시공원정보표준데이터,https://www.data.go.kr/data/15012890/standard.do,2026-01-15,place,18호소공원,소공원,경기도 수원시,경기도 수원시 권선구 오목천동 314-86,37.24576426,126.9660779,"18호소공원은(는) 소공원으로, 아이의 생활권 동화 배경으로 사용할 수 있다.",아이의 집 주변 산책·탐험 동화 배경,휴게쉼터,4-7;8-10,공원;소공원;휴게쉼터,41113-00122,18호소공원,소공원,,경기도 수원시 권선구 오목천동 314-86,174,,휴게쉼터,,,,,경기도 수원시 권선구 녹지공원과,031-5191-6195,2026-01-15,3740000,경기도 수원시
전국도시공원정보표준데이터,https://www.data.go.kr/data/15012890/standard.do,2026-01-15,place,20호소공원,소공원,경기도 수원시,경기도 수원시 권선구 금곡동 1115,37.27631795,126.9556215,"20호소공원은(는) 소공원으로, 아이의 생활권 동화 배경으로 사용할 수 있다.",아이의 집 주변 산책·탐험 동화 배경,휴게쉼터,4-7;8-10,공원;소공원;휴게쉼터,41113-00123,20호소공원,소공원,,경기도 수원시 권선구 금곡동 1115,671.1,,휴게쉼터,,,,,경기도 수원시 권선구 녹지공원과,031-5191-6195,2026-01-15,3740000,경기도 수원시
전국도시공원정보표준데이터,https://www.data.go.kr/data/15012890/standard.do,2026-01-15,place,21호소공원,소공원,경기도 수원시,경기도 수원시 권선구 금곡동 1134-4,37.27151843,126.9573903,"21호소공원은(는) 소공원으로, 아이의 생활권 동화 배경으로 사용할 수 있다.",아이의 집 주변 산책·탐험 동화 배경,휴게쉼터,4-7;8-10,공원;소공원;휴게쉼터,41113-00124,21호소공원,소공원,,경기도 수원시 권선구 금곡동 1134-4,269,,휴게쉼터,,,,,경기도 수원시 권선구 녹지공원과,031-5191-6195,2026-01-15,3740000,경기도 수원시
전국도시공원정보표준데이터,https://www.data.go.kr/data/15012890/standard.do,2026-01-15,place,22호소공원,소공원,경기도 수원시,경기도 수원시 권선구 호매실동 1354,37.26707309,126.9462954,"22호소공원은(는) 소공원으로, 아이의 생활권 동화 배경으로 사용할 수 있다.",아이의 집 주변 산책·탐험 동화 배경,휴게쉼터,4-7;8-10,공원;소공원;휴게쉼터,41113-00125,22호소공원,소공원,,경기도 수원시 권선구 호매실동 1354,739.6,,휴게쉼터,,,,,경기도 수원시 권선구 녹지공원과,031-5191-6195,2026-01-15,3740000,경기도 수원시
전국도시공원정보표준데이터,https://www.data.go.kr/data/15012890/standard.do,2026-01-15,place,28호소공원,소공원,경기도 수원시,경기도 수원시 권선구 권선동 1367-14,37.24753698,127.026406,"28호소공원은(는) 소공원으로, 아이의 생활권 동화 배경으로 사용할 수 있다.",아이의 집 주변 산책·탐험 동화 배경,휴게쉼터,4-7;8-10,공원;소공원;휴게쉼터,41113-00126,28호소공원,소공원,,경기도 수원시 권선구 권선동 1367-14,1104.8,,휴게쉼터,,,,,경기도 수원시 권선구 녹지공원과,031-5191-6195,2026-01-15,3740000,경기도 수원시
전국도시공원정보표준데이터,https://www.data.go.kr/data/15012890/standard.do,2026-01-15,place,29호소공원,소공원,경기도 수원시,경기도 수원시 권선구 권선동 1367-26,37.2488844,127.0209394,"29호소공원은(는) 소공원으로, 아이의 생활권 동화 배경으로 사용할 수 있다.",아이의 집 주변 산책·탐험 동화 배경,휴게쉼터,4-7;8-10,공원;소공원;휴게쉼터,41113-00127,29호소공원,소공원,,경기도 수원시 권선구 권선동 1367-26,1030.3,,휴게쉼터,,,,,경기도 수원시 권선구 녹지공원과,031-5191-6195,2026-01-15,3740000,경기도 수원시
전국도시공원정보표준데이터,https://www.data.go.kr/data/15012890/standard.do,2026-01-15,place,34호소공원,소공원,경기도 수원시,경기도 수원시 권선구 호매실동 1413-4,37.25623296,126.9605291,"34호소공원은(는) 소공원으로, 아이의 생활권 동화 배경으로 사용할 수 있다.",아이의 집 주변 산책·탐험 동화 배경,휴게쉼터,4-7;8-10,공원;소공원;휴게쉼터,41113-00128,34호소공원,소공원,,경기도 수원시 권선구 호매실동 1413-4,454.4,,휴게쉼터,,,,,경기도 수원시 권선구 녹지공원과,031-5191-6195,2026-01-15,3740000,경기도 수원시
전국도시공원정보표준데이터,https://www.data.go.kr/data/15012890/standard.do,2026-01-15,place,35호소공원,소공원,경기도 수원시,경기도 수원시 권선구 금곡동 1064,37.27795615,126.9435986,"35호소공원은(는) 소공원으로, 아이의 생활권 동화 배경으로 사용할 수 있다.",아이의 집 주변 산책·탐험 동화 배경,휴게쉼터,4-7;8-10,공원;소공원;휴게쉼터,41113-00129,35호소공원,소공원,,경기도 수원시 권선구 금곡동 1064,421.6,,휴게쉼터,,,,,경기도 수원시 권선구 녹지공원과,031-5191-6195,2026-01-15,3740000,경기도 수원시
전국도시공원정보표준데이터,https://www.data.go.kr/data/15012890/standard.do,2026-01-15,place,까치,어린이공원,경기도 수원시,경기도 수원시 권선구 당수동 292-1,37.29269733,126.9358111,"까치은(는) 어린이공원으로, 아이의 생활권 동화 배경으로 사용할 수 있다.",아이의 집 주변 산책·탐험 동화 배경,조합놀이대1,4-7;8-10,공원;어린이공원;조합놀이대1,41113-00073,까치,어린이공원,,경기도 수원시 권선구 당수동 292-1,4614,,조합놀이대1,화장실1,,,,경기도 수원시 권선구 녹지공원과,031-5191-6195,2026-01-15,3740000,경기도 수원시
전국도시공원정보표준데이터,https://www.data.go.kr/data/15012890/standard.do,2026-01-15,place,갓띠,어린이공원,경기도 수원시,경기도 수원시 권선구 입북동 811,37.29619165,126.9593666,"갓띠은(는) 어린이공원으로, 아이의 생활권 동화 배경으로 사용할 수 있다.",아이의 집 주변 산책·탐험 동화 배경,조합놀이대1+바닥분수1,4-7;8-10,공원;어린이공원;조합놀이대1+바닥분수1,41113-00074,갓띠,어린이공원,,경기도 수원시 권선구 입북동 811,2700,,조합놀이대1+바닥분수1,,,음수대1,,경기도 수원시 권선구 녹지공원과,031-5191-6195,2026-01-15,3740000,경기도 수원시
전국도시공원정보표준데이터,https://www.data.go.kr/data/15012890/standard.do,2026-01-15,place,다온,어린이공원,경기도 수원시,경기도 수원시 권선구 구운동 892,37.28432415,126.9763281,"다온은(는) 어린이공원으로, 아이의 생활권 동화 배경으로 사용할 수 있다.",아이의 집 주변 산책·탐험 동화 배경,조합놀이대1,4-7;8-10,공원;어린이공원;조합놀이대1,41113-00075,다온,어린이공원,,경기도 수원시 권선구 구운동 892,1860,,조합놀이대1,,,,,경기도 수원시 권선구 녹지공원과,031-5191-6195,2026-01-15,3740000,경기도 수원시
전국도시공원정보표준데이터,https://www.data.go.kr/data/15012890/standard.do,2026-01-15,place,꽃길,어린이공원,경기도 수원시,경기도 수원시 권선구 구운동 910,37.2825796,126.9735142,"꽃길은(는) 어린이공원으로, 아이의 생활권 동화 배경으로 사용할 수 있다.",아이의 집 주변 산책·탐험 동화 배경,조합놀이대1,4-7;8-10,공원;어린이공원;조합놀이대1,41113-00076,꽃길,어린이공원,,경기도 수원시 권선구 구운동 910,1657,,조합놀이대1,,,,,경기도 수원시 권선구 녹지공원과,031-5191-6195,2026-01-15,3740000,경기도 수원시
전국도시공원정보표준데이터,https://www.data.go.kr/data/15012890/standard.do,2026-01-15,place,세모,어린이공원,경기도 수원시,경기도 수원시 권선구 구운동 895,37.28530362,126.9724008,"세모은(는) 어린이공원으로, 아이의 생활권 동화 배경으로 사용할 수 있다.",아이의 집 주변 산책·탐험 동화 배경,조합놀이대1; 다목적구장(농구)1,4-7;8-10,공원;어린이공원;조합놀이대1;다목적구장(농구)1,41113-00077,세모,어린이공원,,경기도 수원시 권선구 구운동 895,2448,다목적구장(농구)1,조합놀이대1,,,,,경기도 수원시 권선구 녹지공원과,031-5191-6195,2026-01-15,3740000,경기도 수원시
전국도시공원정보표준데이터,https://www.data.go.kr/data/15012890/standard.do,2026-01-15,place,드림,어린이공원,경기도 수원시,경기도 수원시 권선구 구운동 933,37.28048782,126.9703666,"드림은(는) 어린이공원으로, 아이의 생활권 동화 배경으로 사용할 수 있다.",아이의 집 주변 산책·탐험 동화 배경,조합놀이대1,4-7;8-10,공원;어린이공원;조합놀이대1,41113-00078,드림,어린이공원,,경기도 수원시 권선구 구운동 933,906.8,,조합놀이대1,,,,,경기도 수원시 권선구 녹지공원과,031-5191-6195,2026-01-15,3740000,경기도 수원시
전국도시공원정보표준데이터,https://www.data.go.kr/data/15012890/standard.do,2026-01-15,place,하늬,어린이공원,경기도 수원시,경기도 수원시 권선구 구운로 73번길 10-14,37.28067947,126.9723015,"하늬은(는) 어린이공원으로, 아이의 생활권 동화 배경으로 사용할 수 있다.",아이의 집 주변 산책·탐험 동화 배경,조합놀이대1; 다목적구장(배드민턴)1,4-7;8-10,공원;어린이공원;조합놀이대1;다목적구장(배드민턴)1,41113-00079,하늬,어린이공원,경기도 수원시 권선구 구운로 73번길 10-14,경기도 수원시 권선구 구운동 941-1,2143,다목적구장(배드민턴)1,조합놀이대1,,,,,경기도 수원시 권선구 녹지공원과,031-5191-6195,2026-01-15,3740000,경기도 수원시
전국도시공원정보표준데이터,https://www.data.go.kr/data/15012890/standard.do,2026-01-15,place,별솔,어린이공원,경기도 수원시,경기도 수원시 권선구 구운동 955,37.2785693,126.9698845,"별솔은(는) 어린이공원으로, 아이의 생활권 동화 배경으로 사용할 수 있다.",아이의 집 주변 산책·탐험 동화 배경,조합놀이대1; 다목적구장(농구)1,4-7;8-10,공원;어린이공원;조합놀이대1;다목적구장(농구)1,41113-00080,별솔,어린이공원,,경기도 수원시 권선구 구운동 955,1700,다목적구장(농구)1,조합놀이대1,,,,,경기도 수원시 권선구 녹지공원과,031-5191-6195,2026-01-15,3740000,경기도 수원시
전국도시공원정보표준데이터,https://www.data.go.kr/data/15012890/standard.do,2026-01-15,place,선일,어린이공원,경기도 수원시,경기도 수원시 권선구 권선동 1275,37.2487464,127.0304415,"선일은(는) 어린이공원으로, 아이의 생활권 동화 배경으로 사용할 수 있다.",아이의 집 주변 산책·탐험 동화 배경,조합놀이대1,4-7;8-10,공원;어린이공원;조합놀이대1,41113-00065,선일,어린이공원,,경기도 수원시 권선구 권선동 1275,2856.9,,조합놀이대1,화장실1,,,,경기도 수원시 권선구 녹지공원과,031-5191-6195,2026-01-15,3740000,경기도 수원시
전국도시공원정보표준데이터,https://www.data.go.kr/data/15012890/standard.do,2026-01-15,place,다솜,어린이공원,경기도 수원시,경기도 수원시 권선구 권선동 1264,37.25010811,127.0284402,"다솜은(는) 어린이공원으로, 아이의 생활권 동화 배경으로 사용할 수 있다.",아이의 집 주변 산책·탐험 동화 배경,조합놀이대1,4-7;8-10,공원;어린이공원;조합놀이대1,41113-00066,다솜,어린이공원,,경기도 수원시 권선구 권선동 1264,2202.2,,조합놀이대1,화장실1,,,,경기도 수원시 권선구 녹지공원과,031-5191-6195,2026-01-15,3740000,경기도 수원시
전국도시공원정보표준데이터,https://www.data.go.kr/data/15012890/standard.do,2026-01-15,place,우솔,어린이공원,경기도 수원시,경기도 수원시 권선구 권선동 1261,37.25244724,127.0287838,"우솔은(는) 어린이공원으로, 아이의 생활권 동화 배경으로 사용할 수 있다.",아이의 집 주변 산책·탐험 동화 배경,조합놀이대1,4-7;8-10,공원;어린이공원;조합놀이대1,41113-00067,우솔,어린이공원,,경기도 수원시 권선구 권선동 1261,1649.7,,조합놀이대1,화장실1,,,,경기도 수원시 권선구 녹지공원과,031-5191-6195,2026-01-15,3740000,경기도 수원시
전국도시공원정보표준데이터,https://www.data.go.kr/data/15012890/standard.do,2026-01-15,place,권선,어린이공원,경기도 수원시,경기도 수원시 권선구 경수대로 302번길 29,37.25347243,127.0230507,"권선은(는) 어린이공원으로, 아이의 생활권 동화 배경으로 사용할 수 있다.",아이의 집 주변 산책·탐험 동화 배경,조합놀이대1; 다목적구장(배드민턴+족구)2,4-7;8-10,공원;어린이공원;조합놀이대1;다목적구장(배드민턴+족구)2,41113-00068,권선,어린이공원,경기도 수원시 권선구 경수대로 302번길 29,경기도 수원시 권선구 권선동 1185-1,2974.4,다목적구장(배드민턴+족구)2,조합놀이대1,화장실1,,,,경기도 수원시 권선구 녹지공원과,031-5191-6195,2026-01-15,3740000,경기도 수원시
전국도시공원정보표준데이터,https://www.data.go.kr/data/15012890/standard.do,2026-01-15,place,아우름,어린이공원,경기도 수원시,경기도 수원시 권선구 권선동 1333,37.25206241,127.0277848,"아우름은(는) 어린이공원으로, 아이의 생활권 동화 배경으로 사용할 수 있다.",아이의 집 주변 산책·탐험 동화 배경,놀이시설2,4-7;8-10,공원;어린이공원;놀이시설2,41113-00069,아우름,어린이공원,,경기도 수원시 권선구 권선동 1333,3338.7,,놀이시설2,화장실1,,음수대1,,경기도 수원시 권선구 녹지공원과,031-5191-6195,2026-01-15,3740000,경기도 수원시
전국도시공원정보표준데이터,https://www.data.go.kr/data/15012890/standard.do,2026-01-15,place,다정,어린이공원,경기도 수원시,경기도 수원시 권선구 경수대로 302번길 32,37.25271498,127.0222966,"다정은(는) 어린이공원으로, 아이의 생활권 동화 배경으로 사용할 수 있다.",아이의 집 주변 산책·탐험 동화 배경,조합놀이대1; 다목적구장(족구)1,4-7;8-10,공원;어린이공원;조합놀이대1;다목적구장(족구)1,41113-00070,다정,어린이공원,경기도 수원시 권선구 경수대로 302번길 32,경기도 수원시 권선구 권선동 1188-1,2809,다목적구장(족구)1,조합놀이대1,화장실1,,,,경기도 수원시 권선구 녹지공원과,031-5191-6195,2026-01-15,3740000,경기도 수원시
전국도시공원정보표준데이터,https://www.data.go.kr/data/15012890/standard.do,2026-01-15,place,버드내,어린이공원,경기도 수원시,경기도 수원시 권선구 수원천로 24,37.25735256,127.0096088,"버드내은(는) 어린이공원으로, 아이의 생활권 동화 배경으로 사용할 수 있다.",아이의 집 주변 산책·탐험 동화 배경,조합놀이대1,4-7;8-10,공원;어린이공원;조합놀이대1,41113-00071,버드내,어린이공원,경기도 수원시 권선구 수원천로 24,경기도 수원시 권선구 세류동 463-1,2003.6,,조합놀이대1,노인정1,,,,경기도 수원시 권선구 녹지공원과,031-5191-6195,2026-01-15,3740000,경기도 수원시
전국도시공원정보표준데이터,https://www.data.go.kr/data/15012890/standard.do,2026-01-15,place,벌말,어린이공원,경기도 수원시,경기도 수원시 권선구 평동 21-158,37.26018376,126.9960193,"벌말은(는) 어린이공원으로, 아이의 생활권 동화 배경으로 사용할 수 있다.",아이의 집 주변 산책·탐험 동화 배경,조합놀이대1,4-7;8-10,공원;어린이공원;조합놀이대1,41113-00072,벌말,어린이공원,,경기도 수원시 권선구 평동 21-158,1633,,조합놀이대1,,,,,경기도 수원시 권선구 녹지공원과,031-5191-6195,2026-01-15,3740000,경기도 수원시
전국도시공원정보표준데이터,https://www.data.go.kr/data/15012890/standard.do,2025-12-15,place,풍동(풍식사2),문화공원,경기도 고양시,경기도 고양시 일산동구 풍동 184,37.66450853,126.8035678,"풍동(풍식사2)은(는) 문화공원으로, 아이의 생활권 동화 배경으로 사용할 수 있다.",아이의 집 주변 산책·탐험 동화 배경,야외배드민턴장,4-7;8-10,공원;문화공원;야외배드민턴장,41285-00063,풍동(풍식사2),문화공원,,경기도 고양시 일산동구 풍동 184,3726,야외배드민턴장,,,,,2002-02-18,경기도 고양시 푸른도시사업소,031-8075-4337,2025-12-15,3940000,경기도 고양시
전국도시공원정보표준데이터,https://www.data.go.kr/data/15012890/standard.do,2025-12-15,place,수변공원,근린공원,경기도 고양시,경기도 고양시 일산동구 연리지로 17-2,37.65789838,126.7583196,"수변공원은(는) 근린공원으로, 아이의 생활권 동화 배경으로 사용할 수 있다.",아이의 집 주변 산책·탐험 동화 배경,"공원에서 색깔, 나무, 놀이시설을 찾아보는 관찰 미션",4-7;8-10,공원;근린공원,41285-00064,수변공원,근린공원,경기도 고양시 일산동구 연리지로 17-2,경기도 고양시 일산동구 장항동 1798-1,81511.2,,,,,,2005-04-21,경기도 고양시 푸른도시사업소,031-8075-4333,2025-12-15,3940000,경기도 고양시
전국도시공원정보표준데이터,https://www.data.go.kr/data/15012890/standard.do,2025-12-15,place,식사근린1(어침이),근린공원,경기도 고양시,경기도 고양시 일산동구 위시티로 149,37.68539245,126.8122132,"식사근린1(어침이)은(는) 근린공원으로, 아이의 생활권 동화 배경으로 사용할 수 있다.",아이의 집 주변 산책·탐험 동화 배경,그네+시소+조합놀이대+흔들말; 실내다목적체육관+체력단련시설,4-7;8-10,공원;근린공원;그네+시소+조합놀이대+흔들말;실내다목적체육관+체력단련시설,41285-00065,식사근린1(어침이),근린공원,경기도 고양시 일산동구 위시티로 149,경기도 고양시 일산동구 식사동 1478,25004,실내다목적체육관+체력단련시설,그네+시소+조합놀이대+흔들말,화장실,,,2005-08-24,경기도 고양시 푸른도시사업소,031-8075-4337,2025-12-15,3940000,경기도 고양시
전국도시공원정보표준데이터,https://www.data.go.kr/data/15012890/standard.do,2025-12-15,place,식사어린이1(상상),어린이공원,경기도 고양시,경기도 고양시 일산동구 위시티로 18,37.67456234,126.8075159,"식사어린이1(상상)은(는) 어린이공원으로, 아이의 생활권 동화 배경으로 사용할 수 있다.",아이의 집 주변 산책·탐험 동화 배경,조합놀이대+흔들놀이기구,4-7;8-10,공원;어린이공원;조합놀이대+흔들놀이기구,41285-00066,식사어린이1(상상),어린이공원,경기도 고양시 일산동구 위시티로 18,경기도 고양시 일산동구 식사동 1588,2605,,조합놀이대+흔들놀이기구,,,,2005-08-24,경기도 고양시 푸른도시사업소,031-8075-4337,2025-12-15,3940000,경기도 고양시
전국도시공원정보표준데이터,https://www.data.go.kr/data/15012890/standard.do,2025-12-15,place,식사어린이2(식사숲속),어린이공원,경기도 고양시,경기도 고양시 일산동구 식사동 1496,37.68275713,126.8171515,"식사어린이2(식사숲속)은(는) 어린이공원으로, 아이의 생활권 동화 배경으로 사용할 수 있다.",아이의 집 주변 산책·탐험 동화 배경,흔들놀이기구+기타,4-7;8-10,공원;어린이공원;흔들놀이기구+기타,41285-00067,식사어린이2(식사숲속),어린이공원,,경기도 고양시 일산동구 식사동 1496,2605,,흔들놀이기구+기타,,,,2005-08-24,경기도 고양시 푸른도시사업소,031-8075-4337,2025-12-15,3940000,경기도 고양시
전국도시공원정보표준데이터,https://www.data.go.kr/data/15012890/standard.do,2025-12-15,place,식사어린이3(바람놀이),어린이공원,경기도 고양시,경기도 고양시 일산동구 식사동 1509,37.68164852,126.8095471,"식사어린이3(바람놀이)은(는) 어린이공원으로, 아이의 생활권 동화 배경으로 사용할 수 있다.",아이의 집 주변 산책·탐험 동화 배경,조합놀이대+건너는기구+흔들놀이기구+미끄럼틀,4-7;8-10,공원;어린이공원;조합놀이대+건너는기구+흔들놀이기구+미끄럼틀,41285-00068,식사어린이3(바람놀이),어린이공원,,경기도 고양시 일산동구 식사동 1509,2600,,조합놀이대+건너는기구+흔들놀이기구+미끄럼틀,화장실,,,2005-08-24,경기도 고양시 푸른도시사업소,031-8075-4337,2025-12-15,3940000,경기도 고양시
전국도시공원정보표준데이터,https://www.data.go.kr/data/15012890/standard.do,2026-04-02,place,애린공원,어린이공원,경상북도 구미시,경상북도 구미시 상모동 45,36.0907776,128.356052,"애린공원은(는) 어린이공원으로, 아이의 생활권 동화 배경으로 사용할 수 있다.",아이의 집 주변 산책·탐험 동화 배경,조합놀이대; 공중걷기,4-7;8-10,공원;어린이공원;조합놀이대;공중걷기,47190-00073,애린공원,어린이공원,,경상북도 구미시 상모동 45,1723,공중걷기,조합놀이대,연식의자,,CCTV,1992-10-16,경상북도 구미시청,054-480-5572,2026-04-02,5080000,경상북도 구미시
전국도시공원정보표준데이터,https://www.data.go.kr/data/15012890/standard.do,2026-01-15,place,방죽,어린이공원,경기도 수원시,경기도 수원시 영통구 망포동 383-3,37.23984573,127.0553349,"방죽은(는) 어린이공원으로, 아이의 생활권 동화 배경으로 사용할 수 있다.",아이의 집 주변 산책·탐험 동화 배경,조합놀이대1; 다목적구장(족구)1,4-7;8-10,공원;어린이공원;조합놀이대1;다목적구장(족구)1,41117-00066,방죽,어린이공원,,경기도 수원시 영통구 망포동 383-3,2135,다목적구장(족구)1,조합놀이대1,,,,,경기도 수원시 영통구 녹지공원과,031-5191-8331,2026-01-15,3740000,경기도 수원시
전국도시공원정보표준데이터,https://www.data.go.kr/data/15012890/standard.do,2026-01-15,place,소담,어린이공원,경기도 수원시,경기도 수원시 영통구 태장로 84,37.238967,127.0555283,"소담은(는) 어린이공원으로, 아이의 생활권 동화 배경으로 사용할 수 있다.",아이의 집 주변 산책·탐험 동화 배경,"공원에서 색깔, 나무, 놀이시설을 찾아보는 관찰 미션",4-7;8-10,공원;어린이공원,41117-00067,소담,어린이공원,경기도 수원시 영통구 태장로 84,경기도 수원시 영통구 망포동 544-11,907,,,,,,,경기도 수원시 영통구 녹지공원과,031-5191-8331,2026-01-15,3740000,경기도 수원시
전국도시공원정보표준데이터,https://www.data.go.kr/data/15012890/standard.do,2026-01-15,place,소문,어린이공원,경기도 수원시,경기도 수원시 영통구 망포동 724,37.23990141,127.0573732,"소문은(는) 어린이공원으로, 아이의 생활권 동화 배경으로 사용할 수 있다.",아이의 집 주변 산책·탐험 동화 배경,조합놀이대1,4-7;8-10,공원;어린이공원;조합놀이대1,41117-00068,소문,어린이공원,,경기도 수원시 영통구 망포동 724,1846.8,,조합놀이대1,,,,,경기도 수원시 영통구 녹지공원과,031-5191-8331,2026-01-15,3740000,경기도 수원시
전국도시공원정보표준데이터,https://www.data.go.kr/data/15012890/standard.do,2026-01-15,place,온누리,어린이공원,경기도 수원시,경기도 수원시 영통구 망포동 523-1,37.2387693,127.059446,"온누리은(는) 어린이공원으로, 아이의 생활권 동화 배경으로 사용할 수 있다.",아이의 집 주변 산책·탐험 동화 배경,조합놀이대1,4-7;8-10,공원;어린이공원;조합놀이대1,41117-00069,온누리,어린이공원,,경기도 수원시 영통구 망포동 523-1,887,,조합놀이대1,,,,,경기도 수원시 영통구 녹지공원과,031-5191-8331,2026-01-15,3740000,경기도 수원시
전국도시공원정보표준데이터,https://www.data.go.kr/data/15012890/standard.do,2026-01-15,place,수련,어린이공원,경기도 수원시,경기도 수원시 영통구 망포동 708,37.24245373,127.0645009,"수련은(는) 어린이공원으로, 아이의 생활권 동화 배경으로 사용할 수 있다.",아이의 집 주변 산책·탐험 동화 배경,조합놀이대1,4-7;8-10,공원;어린이공원;조합놀이대1,41117-00070,수련,어린이공원,,경기도 수원시 영통구 망포동 708,1507.1,,조합놀이대1,,,,,경기도 수원시 영통구 녹지공원과,031-5191-8331,2026-01-15,3740000,경기도 수원시
전국도시공원정보표준데이터,https://www.data.go.kr/data/15012890/standard.do,2026-01-15,place,솔빛,어린이공원,경기도 수원시,경기도 수원시 영통구 원천동 549-3,37.26713882,127.058579,"솔빛은(는) 어린이공원으로, 아이의 생활권 동화 배경으로 사용할 수 있다.",아이의 집 주변 산책·탐험 동화 배경,조합놀이대1,4-7;8-10,공원;어린이공원;조합놀이대1,41117-00045,솔빛,어린이공원,,경기도 수원시 영통구 원천동 549-3,3230,,조합놀이대1,,,,,경기도 수원시 영통구 녹지공원과,031-5191-8331,2026-01-15,3740000,경기도 수원시
전국도시공원정보표준데이터,https://www.data.go.kr/data/15012890/standard.do,2026-01-15,place,36호소공원,소공원,경기도 수원시,경기도 수원시 권선구 호매실동 1392,37.26024933,126.9573769,"36호소공원은(는) 소공원으로, 아이의 생활권 동화 배경으로 사용할 수 있다.",아이의 집 주변 산책·탐험 동화 배경,휴게쉼터,4-7;8-10,공원;소공원;휴게쉼터,41113-00130,36호소공원,소공원,,경기도 수원시 권선구 호매실동 1392,5567.8,,휴게쉼터,,,,,경기도 수원시 권선구 녹지공원과,031-5191-6195,2026-01-15,3740000,경기도 수원시
전국도시공원정보표준데이터,https://www.data.go.kr/data/15012890/standard.do,2026-01-15,place,51호소공원,소공원,경기도 수원시,경기도 수원시 권선구 서둔동 382,37.26390643,126.9952846,"51호소공원은(는) 소공원으로, 아이의 생활권 동화 배경으로 사용할 수 있다.",아이의 집 주변 산책·탐험 동화 배경,휴게쉼터,4-7;8-10,공원;소공원;휴게쉼터,41113-00131,51호소공원,소공원,,경기도 수원시 권선구 서둔동 382,1479.3,,휴게쉼터,,,,,경기도 수원시 권선구 녹지공원과,031-5191-6195,2026-01-15,3740000,경기도 수원시
전국도시공원정보표준데이터,https://www.data.go.kr/data/15012890/standard.do,2026-01-15,place,54호소공원,소공원,경기도 수원시,경기도 수원시 권선구 평동 20-10,37.26193815,126.9971396,"54호소공원은(는) 소공원으로, 아이의 생활권 동화 배경으로 사용할 수 있다.",아이의 집 주변 산책·탐험 동화 배경,휴게쉼터,4-7;8-10,공원;소공원;휴게쉼터,41113-00132,54호소공원,소공원,,경기도 수원시 권선구 평동 20-10,574,,휴게쉼터,,,,,경기도 수원시 권선구 녹지공원과,031-5191-6195,2026-01-15,3740000,경기도 수원시
전국도시공원정보표준데이터,https://www.data.go.kr/data/15012890/standard.do,2026-01-15,place,55호소공원,소공원,경기도 수원시,경기도 수원시 권선구 평동 177,37.26288088,126.9995543,"55호소공원은(는) 소공원으로, 아이의 생활권 동화 배경으로 사용할 수 있다.",아이의 집 주변 산책·탐험 동화 배경,휴게쉼터,4-7;8-10,공원;소공원;휴게쉼터,41113-00133,55호소공원,소공원,,경기도 수원시 권선구 평동 177,1000,,휴게쉼터,,,,,경기도 수원시 권선구 녹지공원과,031-5191-6195,2026-01-15,3740000,경기도 수원시
전국도시공원정보표준데이터,https://www.data.go.kr/data/15012890/standard.do,2026-01-15,place,62호소공원,소공원,경기도 수원시,경기도 수원시 권선구 금곡동 1090,37.27250154,126.9422387,"62호소공원은(는) 소공원으로, 아이의 생활권 동화 배경으로 사용할 수 있다.",아이의 집 주변 산책·탐험 동화 배경,휴게쉼터,4-7;8-10,공원;소공원;휴게쉼터,41113-00134,62호소공원,소공원,,경기도 수원시 권선구 금곡동 1090,339.6,,휴게쉼터,,,,,경기도 수원시 권선구 녹지공원과,031-5191-6195,2026-01-15,3740000,경기도 수원시
전국도시공원정보표준데이터,https://www.data.go.kr/data/15012890/standard.do,2026-01-15,place,63호소공원,소공원,경기도 수원시,경기도 수원시 권선구 호매실동 1347,37.26852636,126.9435554,"63호소공원은(는) 소공원으로, 아이의 생활권 동화 배경으로 사용할 수 있다.",아이의 집 주변 산책·탐험 동화 배경,휴게쉼터,4-7;8-10,공원;소공원;휴게쉼터,41113-00135,63호소공원,소공원,,경기도 수원시 권선구 호매실동 1347,515,,휴게쉼터,,,,,경기도 수원시 권선구 녹지공원과,031-5191-6195,2026-01-15,3740000,경기도 수원시
전국도시공원정보표준데이터,https://www.data.go.kr/data/15012890/standard.do,2026-01-15,place,64호소공원,소공원,경기도 수원시,경기도 수원시 권선구 금곡동 1136-2,37.271198,126.9581708,"64호소공원은(는) 소공원으로, 아이의 생활권 동화 배경으로 사용할 수 있다.",아이의 집 주변 산책·탐험 동화 배경,휴게쉼터,4-7;8-10,공원;소공원;휴게쉼터,41113-00136,64호소공원,소공원,,경기도 수원시 권선구 금곡동 1136-2,1051.3,,휴게쉼터,,,,,경기도 수원시 권선구 녹지공원과,031-5191-6195,2026-01-15,3740000,경기도 수원시
전국도시공원정보표준데이터,https://www.data.go.kr/data/15012890/standard.do,2026-01-15,place,64호소공원,소공원,경기도 수원시,경기도 수원시 권선구 세류동 1273,37.2616459,127.0046637,"64호소공원은(는) 소공원으로, 아이의 생활권 동화 배경으로 사용할 수 있다.",아이의 집 주변 산책·탐험 동화 배경,휴게쉼터,4-7;8-10,공원;소공원;휴게쉼터,41113-00137,64호소공원,소공원,,경기도 수원시 권선구 세류동 1273,1478.7,,휴게쉼터,,,,,경기도 수원시 권선구 녹지공원과,031-5191-6195,2026-01-15,3740000,경기도 수원시
전국도시공원정보표준데이터,https://www.data.go.kr/data/15012890/standard.do,2026-01-15,place,69호소공원,소공원,경기도 수원시,경기도 수원시 권선구 권선동 1352-65,37.23644472,127.023442,"69호소공원은(는) 소공원으로, 아이의 생활권 동화 배경으로 사용할 수 있다.",아이의 집 주변 산책·탐험 동화 배경,휴게쉼터,4-7;8-10,공원;소공원;휴게쉼터,41113-00138,69호소공원,소공원,,경기도 수원시 권선구 권선동 1352-65,489,,휴게쉼터,,,,,경기도 수원시 권선구 녹지공원과,031-5191-6195,2026-01-15,3740000,경기도 수원시
전국도시공원정보표준데이터,https://www.data.go.kr/data/15012890/standard.do,2026-01-15,place,70호소공원,소공원,경기도 수원시,경기도 수원시 권선구 권선동 1354-67,37.23678921,127.0232309,"70호소공원은(는) 소공원으로, 아이의 생활권 동화 배경으로 사용할 수 있다.",아이의 집 주변 산책·탐험 동화 배경,휴게쉼터,4-7;8-10,공원;소공원;휴게쉼터,41113-00139,70호소공원,소공원,,경기도 수원시 권선구 권선동 1354-67,477.9,,휴게쉼터,,,,,경기도 수원시 권선구 녹지공원과,031-5191-6195,2026-01-15,3740000,경기도 수원시
전국도시공원정보표준데이터,https://www.data.go.kr/data/15012890/standard.do,2026-01-15,place,71호소공원,소공원,경기도 수원시,경기도 수원시 권선구 권선동 1345-69,37.24035116,127.0201012,"71호소공원은(는) 소공원으로, 아이의 생활권 동화 배경으로 사용할 수 있다.",아이의 집 주변 산책·탐험 동화 배경,휴게쉼터,4-7;8-10,공원;소공원;휴게쉼터,41113-00140,71호소공원,소공원,,경기도 수원시 권선구 권선동 1345-69,523.2,,휴게쉼터,,,,,경기도 수원시 권선구 녹지공원과,031-5191-6195,2026-01-15,3740000,경기도 수원시
전국도시공원정보표준데이터,https://www.data.go.kr/data/15012890/standard.do,2026-01-15,place,80호소공원,소공원,경기도 수원시,경기도 수원시 권선구 서둔동 9-31,37.2701613,126.9936072,"80호소공원은(는) 소공원으로, 아이의 생활권 동화 배경으로 사용할 수 있다.",아이의 집 주변 산책·탐험 동화 배경,휴게쉼터,4-7;8-10,공원;소공원;휴게쉼터,41113-00141,80호소공원,소공원,,경기도 수원시 권선구 서둔동 9-31,2573,,휴게쉼터,,,,,경기도 수원시 권선구 녹지공원과,031-5191-6195,2026-01-15,3740000,경기도 수원시
전국도시공원정보표준데이터,https://www.data.go.kr/data/15012890/standard.do,2026-01-15,place,81호소공원,소공원,경기도 수원시,경기도 수원시 권선구 서둔동 9-51,37.26987871,126.9943135,"81호소공원은(는) 소공원으로, 아이의 생활권 동화 배경으로 사용할 수 있다.",아이의 집 주변 산책·탐험 동화 배경,휴게쉼터,4-7;8-10,공원;소공원;휴게쉼터,41113-00142,81호소공원,소공원,,경기도 수원시 권선구 서둔동 9-51,1528,,휴게쉼터,,,,,경기도 수원시 권선구 녹지공원과,031-5191-6195,2026-01-15,3740000,경기도 수원시
전국도시공원정보표준데이터,https://www.data.go.kr/data/15012890/standard.do,2026-01-15,place,50호소공원,소공원,경기도 수원시,경기도 수원시 권선구 서둔동 323-6,37.26443377,126.9948411,"50호소공원은(는) 소공원으로, 아이의 생활권 동화 배경으로 사용할 수 있다.",아이의 집 주변 산책·탐험 동화 배경,휴게쉼터,4-7;8-10,공원;소공원;휴게쉼터,41113-00143,50호소공원,소공원,,경기도 수원시 권선구 서둔동 323-6,1686.5,,휴게쉼터,,,,,경기도 수원시 권선구 녹지공원과,031-5191-6195,2026-01-15,3740000,경기도 수원시
전국도시공원정보표준데이터,https://www.data.go.kr/data/15012890/standard.do,2026-01-15,place,52호소공원,소공원,경기도 수원시,경기도 수원시 권선구 서둔동 327,37.26559631,126.9943438,"52호소공원은(는) 소공원으로, 아이의 생활권 동화 배경으로 사용할 수 있다.",아이의 집 주변 산책·탐험 동화 배경,휴게쉼터,4-7;8-10,공원;소공원;휴게쉼터,41113-00144,52호소공원,소공원,,경기도 수원시 권선구 서둔동 327,716.2,,휴게쉼터,,,,,경기도 수원시 권선구 녹지공원과,031-5191-6195,2026-01-15,3740000,경기도 수원시
전국도시공원정보표준데이터,https://www.data.go.kr/data/15012890/standard.do,2026-01-15,place,53호소공원,소공원,경기도 수원시,경기도 수원시 권선구 서둔동 321-4,37.26581247,126.9948279,"53호소공원은(는) 소공원으로, 아이의 생활권 동화 배경으로 사용할 수 있다.",아이의 집 주변 산책·탐험 동화 배경,휴게쉼터,4-7;8-10,공원;소공원;휴게쉼터,41113-00145,53호소공원,소공원,,경기도 수원시 권선구 서둔동 321-4,579.7,,휴게쉼터,,,,,경기도 수원시 권선구 녹지공원과,031-5191-6195,2026-01-15,3740000,경기도 수원시
전국도시공원정보표준데이터,https://www.data.go.kr/data/15012890/standard.do,2026-01-15,place,16호소공원,소공원,경기도 수원시,경기도 수원시 팔달구 화서동 767,37.28391618,126.9944429,"16호소공원은(는) 소공원으로, 아이의 생활권 동화 배경으로 사용할 수 있다.",아이의 집 주변 산책·탐험 동화 배경,휴게쉼터,4-7;8-10,공원;소공원;휴게쉼터,41115-00040,16호소공원,소공원,,경기도 수원시 팔달구 화서동 767,1603.5,,휴게쉼터,,,,,경기도 수원시 팔달구 녹지공원과,031-5191-7043,2026-01-15,3740000,경기도 수원시
전국도시공원정보표준데이터,https://www.data.go.kr/data/15012890/standard.do,2026-01-15,place,49호소공원,소공원,경기도 수원시,경기도 수원시 팔달구 남수동 11-515,37.28304593,127.0217246,"49호소공원은(는) 소공원으로, 아이의 생활권 동화 배경으로 사용할 수 있다.",아이의 집 주변 산책·탐험 동화 배경,휴게쉼터,4-7;8-10,공원;소공원;휴게쉼터,41115-00041,49호소공원,소공원,,경기도 수원시 팔달구 남수동 11-515,928,,휴게쉼터,,,,,경기도 수원시 화성사업소 문화유산시설과,031-5191-4473,2026-01-15,3740000,경기도 수원시
전국도시공원정보표준데이터,https://www.data.go.kr/data/15012890/standard.do,2026-01-15,place,66호소공원,소공원,경기도 수원시,경기도 수원시 팔달구 팔달로165번길 34-2,37.28344168,127.0048542,"66호소공원은(는) 소공원으로, 아이의 생활권 동화 배경으로 사용할 수 있다.",아이의 집 주변 산책·탐험 동화 배경,휴게쉼터,4-7;8-10,공원;소공원;휴게쉼터,41115-00042,66호소공원,소공원,경기도 수원시 팔달구 팔달로165번길 34-2,,347,,휴게쉼터,,,,,경기도 수원시 화성사업소 문화유산시설과,031-5191-4473,2026-01-15,3740000,경기도 수원시
전국도시공원정보표준데이터,https://www.data.go.kr/data/15012890/standard.do,2026-01-15,place,67호소공원,소공원,경기도 수원시,경기도 수원시 팔달구 화서문로 75,37.28609837,127.0162903,"67호소공원은(는) 소공원으로, 아이의 생활권 동화 배경으로 사용할 수 있다.",아이의 집 주변 산책·탐험 동화 배경,휴게쉼터,4-7;8-10,공원;소공원;휴게쉼터,41115-00043,67호소공원,소공원,경기도 수원시 팔달구 화서문로 75,경기도 수원시 팔달구 북수동 69,439,,휴게쉼터,,,,,경기도 수원시 팔달구 녹지공원과,031-5191-7043,2026-01-15,3740000,경기도 수원시
전국도시공원정보표준데이터,https://www.data.go.kr/data/15012890/standard.do,2026-01-15,place,73호소공원,소공원,경기도 수원시,경기도 수원시 팔달구 팔달문로 57번길 79,37.28273023,127.0240013,"73호소공원은(는) 소공원으로, 아이의 생활권 동화 배경으로 사용할 수 있다.",아이의 집 주변 산책·탐험 동화 배경,휴게쉼터,4-7;8-10,공원;소공원;휴게쉼터,41115-00044,73호소공원,소공원,경기도 수원시 팔달구 팔달문로 57번길 79,경기도 수원시 팔달구 지동 273-9,140,,휴게쉼터,,,,,경기도 수원시 화성사업소 문화유산시설과,031-5191-4473,2026-01-15,3740000,경기도 수원시
전국도시공원정보표준데이터,https://www.data.go.kr/data/15012890/standard.do,2026-01-15,place,영덕소공원,소공원,경기도 수원시,경기도 수원시 영통구 영통동 1167,37.26554796,127.0759126,"영덕소공원은(는) 소공원으로, 아이의 생활권 동화 배경으로 사용할 수 있다.",아이의 집 주변 산책·탐험 동화 배경,휴게쉼터,4-7;8-10,공원;소공원;휴게쉼터,41117-00086,영덕소공원,소공원,,경기도 수원시 영통구 영통동 1167,1459.4,,휴게쉼터,,,,,경기도 수원시 영통구 녹지공원과,031-5191-8331,2026-01-15,3740000,경기도 수원시
전국도시공원정보표준데이터,https://www.data.go.kr/data/15012890/standard.do,2026-01-15,place,10호소공원,소공원,경기도 수원시,경기도 수원시 영통구 망포동 478,37.23940506,127.0636435,"10호소공원은(는) 소공원으로, 아이의 생활권 동화 배경으로 사용할 수 있다.",아이의 집 주변 산책·탐험 동화 배경,휴게쉼터,4-7;8-10,공원;소공원;휴게쉼터,41117-00087,10호소공원,소공원,,경기도 수원시 영통구 망포동 478,1279,,휴게쉼터,,,,,경기도 수원시 영통구 녹지공원과,031-5191-8331,2026-01-15,3740000,경기도 수원시
전국도시공원정보표준데이터,https://www.data.go.kr/data/15012890/standard.do,2026-01-15,place,17호소공원,소공원,경기도 수원시,경기도 수원시 영통구 영통동 1157,37.24431656,127.0622548,"17호소공원은(는) 소공원으로, 아이의 생활권 동화 배경으로 사용할 수 있다.",아이의 집 주변 산책·탐험 동화 배경,휴게쉼터,4-7;8-10,공원;소공원;휴게쉼터,41117-00088,17호소공원,소공원,,경기도 수원시 영통구 영통동 1157,1134.7,,휴게쉼터,,,,,경기도 수원시 영통구 녹지공원과,031-5191-8331,2026-01-15,3740000,경기도 수원시
전국도시공원정보표준데이터,https://www.data.go.kr/data/15012890/standard.do,2026-01-15,place,19호소공원,소공원,경기도 수원시,경기도 수원시 영통구 망포동 434,37.24371555,127.0630328,"19호소공원은(는) 소공원으로, 아이의 생활권 동화 배경으로 사용할 수 있다.",아이의 집 주변 산책·탐험 동화 배경,휴게쉼터,4-7;8-10,공원;소공원;휴게쉼터,41117-00089,19호소공원,소공원,,경기도 수원시 영통구 망포동 434,512.7,,휴게쉼터,,,,,경기도 수원시 영통구 녹지공원과,031-5191-8331,2026-01-15,3740000,경기도 수원시
전국도시공원정보표준데이터,https://www.data.go.kr/data/15012890/standard.do,2026-01-15,place,60호소공원,소공원,경기도 수원시,경기도 수원시 장안구 정자동 836-5,37.29744098,126.9981817,"60호소공원은(는) 소공원으로, 아이의 생활권 동화 배경으로 사용할 수 있다.",아이의 집 주변 산책·탐험 동화 배경,휴게쉼터,4-7;8-10,공원;소공원;휴게쉼터,41111-00058,60호소공원,소공원,,경기도 수원시 장안구 정자동 836-5,3482,,휴게쉼터,,,,,경기도 수원시 장안구 녹지공원과,031-5191-5995,2026-01-15,3740000,경기도 수원시
전국도시공원정보표준데이터,https://www.data.go.kr/data/15012890/standard.do,2026-01-15,place,61호소공원,소공원,경기도 수원시,경기도 수원시 장안구 정조로 1053번길 36,37.299249,127.0034947,"61호소공원은(는) 소공원으로, 아이의 생활권 동화 배경으로 사용할 수 있다.",아이의 집 주변 산책·탐험 동화 배경,휴게쉼터,4-7;8-10,공원;소공원;휴게쉼터,41111-00059,61호소공원,소공원,경기도 수원시 장안구 정조로 1053번길 36,경기도 수원시 장안구 송죽동 346-6,971.3,,휴게쉼터,,,,,경기도 수원시 장안구 녹지공원과,031-5191-5995,2026-01-15,3740000,경기도 수원시
전국도시공원정보표준데이터,https://www.data.go.kr/data/15012890/standard.do,2026-01-15,place,고래등,어린이공원,경기도 수원시,경기도 수원시 영통구 이의동 1273-1,37.29786649,127.0436077,"고래등은(는) 어린이공원으로, 아이의 생활권 동화 배경으로 사용할 수 있다.",아이의 집 주변 산책·탐험 동화 배경,물놀이시설1,4-7;8-10,공원;어린이공원;물놀이시설1,41117-00082,고래등,어린이공원,,경기도 수원시 영통구 이의동 1273-1,2104.7,,물놀이시설1,,,,,경기도 수원시 영통구 녹지공원과,031-5191-8331,2026-01-15,3740000,경기도 수원시
전국도시공원정보표준데이터,https://www.data.go.kr/data/15012890/standard.do,2026-01-15,place,틴틴,어린이공원,경기도 수원시,경기도 수원시 영통구 이의동 1345,37.28887163,127.0485014,"틴틴은(는) 어린이공원으로, 아이의 생활권 동화 배경으로 사용할 수 있다.",아이의 집 주변 산책·탐험 동화 배경,조합놀이대1,4-7;8-10,공원;어린이공원;조합놀이대1,41117-00083,틴틴,어린이공원,,경기도 수원시 영통구 이의동 1345,2185.1,,조합놀이대1,,,,,경기도 수원시 영통구 녹지공원과,031-5191-8331,2026-01-15,3740000,경기도 수원시
전국도시공원정보표준데이터,https://www.data.go.kr/data/15012890/standard.do,2026-01-15,place,동그라미,어린이공원,경기도 수원시,경기도 수원시 영통구 신동 927-2,37.24783014,127.0429386,"동그라미은(는) 어린이공원으로, 아이의 생활권 동화 배경으로 사용할 수 있다.",아이의 집 주변 산책·탐험 동화 배경,조합놀이대1,4-7;8-10,공원;어린이공원;조합놀이대1,41117-00084,동그라미,어린이공원,,경기도 수원시 영통구 신동 927-2,1527,,조합놀이대1,,,,,경기도 수원시 영통구 녹지공원과,031-5191-8331,2026-01-15,3740000,경기도 수원시
전국도시공원정보표준데이터,https://www.data.go.kr/data/15012890/standard.do,2026-01-15,place,물빛,어린이공원,경기도 수원시,경기도 수원시 영통구 신동969,37.24660746,127.0418114,"물빛은(는) 어린이공원으로, 아이의 생활권 동화 배경으로 사용할 수 있다.",아이의 집 주변 산책·탐험 동화 배경,조합놀이대1,4-7;8-10,공원;어린이공원;조합놀이대1,41117-00085,물빛,어린이공원,,경기도 수원시 영통구 신동969,1683,,조합놀이대1,,,,,경기도 수원시 영통구 녹지공원과,031-5191-8331,2026-01-15,3740000,경기도 수원시
전국도시공원정보표준데이터,https://www.data.go.kr/data/15012890/standard.do,2026-01-15,place,9호소공원,소공원,경기도 수원시,경기도 수원시 장안구 율전동 604,37.29823745,126.9667016,"9호소공원은(는) 소공원으로, 아이의 생활권 동화 배경으로 사용할 수 있다.",아이의 집 주변 산책·탐험 동화 배경,휴게쉼터,4-7;8-10,공원;소공원;휴게쉼터,41111-00054,9호소공원,소공원,,경기도 수원시 장안구 율전동 604,674.7,,휴게쉼터,,,,,경기도 수원시 장안구 녹지공원과,031-5191-5995,2026-01-15,3740000,경기도 수원시
전국도시공원정보표준데이터,https://www.data.go.kr/data/15012890/standard.do,2026-01-15,place,송원공원,소공원,경기도 수원시,경기도 수원시 장안구 조원동 912-2,37.30768169,127.0113154,"송원공원은(는) 소공원으로, 아이의 생활권 동화 배경으로 사용할 수 있다.",아이의 집 주변 산책·탐험 동화 배경,휴게쉼터,4-7;8-10,공원;소공원;휴게쉼터,41111-00055,송원공원,소공원,,경기도 수원시 장안구 조원동 912-2,3071,,휴게쉼터,,,,,경기도 수원시 장안구 녹지공원과,031-5191-5995,2026-01-15,3740000,경기도 수원시
전국도시공원정보표준데이터,https://www.data.go.kr/data/15012890/standard.do,2026-01-15,place,39호소공원,소공원,경기도 수원시,경기도 수원시 장안구 이목동 850,37.3142763,126.9862086,"39호소공원은(는) 소공원으로, 아이의 생활권 동화 배경으로 사용할 수 있다.",아이의 집 주변 산책·탐험 동화 배경,휴게쉼터,4-7;8-10,공원;소공원;휴게쉼터,41111-00056,39호소공원,소공원,,경기도 수원시 장안구 이목동 850,2817,,휴게쉼터,,,,,경기도 수원시 장안구 녹지공원과,031-5191-5995,2026-01-15,3740000,경기도 수원시
전국도시공원정보표준데이터,https://www.data.go.kr/data/15012890/standard.do,2026-01-15,place,당암,어린이공원,경기도 수원시,경기도 수원시 영통구 망포동 719,37.24372795,127.0608294,"당암은(는) 어린이공원으로, 아이의 생활권 동화 배경으로 사용할 수 있다.",아이의 집 주변 산책·탐험 동화 배경,조합놀이대1,4-7;8-10,공원;어린이공원;조합놀이대1,41117-00071,당암,어린이공원,,경기도 수원시 영통구 망포동 719,1743.1,,조합놀이대1,,,,,경기도 수원시 영통구 녹지공원과,031-5191-8331,2026-01-15,3740000,경기도 수원시
전국도시공원정보표준데이터,https://www.data.go.kr/data/15012890/standard.do,2026-01-15,place,우주,어린이공원,경기도 수원시,경기도 수원시 영통구 망포동 500-6,37.24148487,127.0632755,"우주은(는) 어린이공원으로, 아이의 생활권 동화 배경으로 사용할 수 있다.",아이의 집 주변 산책·탐험 동화 배경,조합놀이대1,4-7;8-10,공원;어린이공원;조합놀이대1,41117-00072,우주,어린이공원,,경기도 수원시 영통구 망포동 500-6,1612,,조합놀이대1,,,,,경기도 수원시 영통구 녹지공원과,031-5191-8331,2026-01-15,3740000,경기도 수원시
전국도시공원정보표준데이터,https://www.data.go.kr/data/15012890/standard.do,2026-01-15,place,숲속부엉이,어린이공원,경기도 수원시,경기도 수원시 영통구 망포동 713,37.24084216,127.0654118,"숲속부엉이은(는) 어린이공원으로, 아이의 생활권 동화 배경으로 사용할 수 있다.",아이의 집 주변 산책·탐험 동화 배경,조합놀이대1,4-7;8-10,공원;어린이공원;조합놀이대1,41117-00073,숲속부엉이,어린이공원,,경기도 수원시 영통구 망포동 713,1990.7,,조합놀이대1,,,,,경기도 수원시 영통구 녹지공원과,031-5191-8331,2026-01-15,3740000,경기도 수원시
전국도시공원정보표준데이터,https://www.data.go.kr/data/15012890/standard.do,2026-01-15,place,망포,어린이공원,경기도 수원시,경기도 수원시 영통구 망포동 721,37.2447432,127.0558023,"망포은(는) 어린이공원으로, 아이의 생활권 동화 배경으로 사용할 수 있다.",아이의 집 주변 산책·탐험 동화 배경,조합놀이대1,4-7;8-10,공원;어린이공원;조합놀이대1,41117-00074,망포,어린이공원,,경기도 수원시 영통구 망포동 721,1932.3,,조합놀이대1,,,,,경기도 수원시 영통구 녹지공원과,031-5191-8331,2026-01-15,3740000,경기도 수원시
전국도시공원정보표준데이터,https://www.data.go.kr/data/15012890/standard.do,2026-01-15,place,해오름,어린이공원,경기도 수원시,경기도 수원시 영통구 영통로 514번길 53,37.26491233,127.0813304,"해오름은(는) 어린이공원으로, 아이의 생활권 동화 배경으로 사용할 수 있다.",아이의 집 주변 산책·탐험 동화 배경,조합놀이대1; 다목적구장(농구),4-7;8-10,공원;어린이공원;조합놀이대1;다목적구장(농구),41117-00046,해오름,어린이공원,경기도 수원시 영통구 영통로 514번길 53,경기도 수원시 영통구 영통동 948-4,3824.7,다목적구장(농구),조합놀이대1,,,,,경기도 수원시 영통구 녹지공원과,031-5191-8331,2026-01-15,3740000,경기도 수원시
전국도시공원정보표준데이터,https://www.data.go.kr/data/15012890/standard.do,2026-01-15,place,달래,어린이공원,경기도 수원시,경기도 수원시 영통구 봉영로 1744번길 11,37.26663771,127.0830516,"달래은(는) 어린이공원으로, 아이의 생활권 동화 배경으로 사용할 수 있다.",아이의 집 주변 산책·탐험 동화 배경,조합놀이대1; 다목적구장(농구),4-7;8-10,공원;어린이공원;조합놀이대1;다목적구장(농구),41117-00047,달래,어린이공원,경기도 수원시 영통구 봉영로 1744번길 11,경기도 수원시 영통구 영통동 1053-2,4220.7,다목적구장(농구),조합놀이대1,,,,,경기도 수원시 영통구 녹지공원과,031-5191-8331,2026-01-15,3740000,경기도 수원시
전국도시공원정보표준데이터,https://www.data.go.kr/data/15012890/standard.do,2026-01-15,place,미로,어린이공원,경기도 수원시,경기도 수원시 영통구 청명북로 118,37.26185806,127.0781262,"미로은(는) 어린이공원으로, 아이의 생활권 동화 배경으로 사용할 수 있다.",아이의 집 주변 산책·탐험 동화 배경,다목적구장(농구),4-7;8-10,공원;어린이공원;다목적구장(농구),41117-00048,미로,어린이공원,경기도 수원시 영통구 청명북로 118,경기도 수원시 영통구 영통동 955-3,4969.3,다목적구장(농구),,,,,,경기도 수원시 영통구 녹지공원과,031-5191-8331,2026-01-15,3740000,경기도 수원시
전국도시공원정보표준데이터,https://www.data.go.kr/data/15012890/standard.do,2026-01-15,place,달님,어린이공원,경기도 수원시,경기도 수원시 영통구 영통동 1052-4,37.26276871,127.084262,"달님은(는) 어린이공원으로, 아이의 생활권 동화 배경으로 사용할 수 있다.",아이의 집 주변 산책·탐험 동화 배경,조합놀이대1; 다목적구장,4-7;8-10,공원;어린이공원;조합놀이대1;다목적구장,41117-00049,달님,어린이공원,,경기도 수원시 영통구 영통동 1052-4,4865.2,다목적구장,조합놀이대1,,,,,경기도 수원시 영통구 녹지공원과,031-5191-8331,2026-01-15,3740000,경기도 수원시
전국도시공원정보표준데이터,https://www.data.go.kr/data/15012890/standard.do,2026-01-15,place,푸른,어린이공원,경기도 수원시,경기도 수원시 영통구 영통로 438,37.25905057,127.0739487,"푸른은(는) 어린이공원으로, 아이의 생활권 동화 배경으로 사용할 수 있다.",아이의 집 주변 산책·탐험 동화 배경,조합놀이대1; 다목적구장,4-7;8-10,공원;어린이공원;조합놀이대1;다목적구장,41117-00050,푸른,어린이공원,경기도 수원시 영통구 영통로 438,경기도 수원시 영통구 영통동 957-2,5019.3,다목적구장,조합놀이대1,,,,,경기도 수원시 영통구 녹지공원과,031-5191-8331,2026-01-15,3740000,경기도 수원시
전국도시공원정보표준데이터,https://www.data.go.kr/data/15012890/standard.do,2026-01-15,place,단오,어린이공원,경기도 수원시,경기도 수원시 영통구 영통동 1047-3,37.25601981,127.0766658,"단오은(는) 어린이공원으로, 아이의 생활권 동화 배경으로 사용할 수 있다.",아이의 집 주변 산책·탐험 동화 배경,조합놀이대1,4-7;8-10,공원;어린이공원;조합놀이대1,41117-00051,단오,어린이공원,,경기도 수원시 영통구 영통동 1047-3,6083.3,,조합놀이대1,,,,,경기도 수원시 영통구 녹지공원과,031-5191-8331,2026-01-15,3740000,경기도 수원시
전국도시공원정보표준데이터,https://www.data.go.kr/data/15012890/standard.do,2026-01-15,place,수정,어린이공원,경기도 수원시,경기도 수원시 영통구 청명로 59번길 7-16,37.25175741,127.0800835,"수정은(는) 어린이공원으로, 아이의 생활권 동화 배경으로 사용할 수 있다.",아이의 집 주변 산책·탐험 동화 배경,조합놀이대1,4-7;8-10,공원;어린이공원;조합놀이대1,41117-00052,수정,어린이공원,경기도 수원시 영통구 청명로 59번길 7-16,경기도 수원시 영통구 영통동 1031,2641.1,,조합놀이대1,,,,,경기도 수원시 영통구 녹지공원과,031-5191-8331,2026-01-15,3740000,경기도 수원시
전국도시공원정보표준데이터,https://www.data.go.kr/data/15012890/standard.do,2026-01-15,place,으뜸,어린이공원,경기도 수원시,경기도 수원시 영통구 매영로 421-7,37.24911008,127.0774793,"으뜸은(는) 어린이공원으로, 아이의 생활권 동화 배경으로 사용할 수 있다.",아이의 집 주변 산책·탐험 동화 배경,조합놀이대1,4-7;8-10,공원;어린이공원;조합놀이대1,41117-00053,으뜸,어린이공원,경기도 수원시 영통구 매영로 421-7,경기도 수원시 영통구 영통동 1017,2087.9,,조합놀이대1,노인정1,,,,경기도 수원시 영통구 녹지공원과,031-5191-8331,2026-01-15,3740000,경기도 수원시
전국도시공원정보표준데이터,https://www.data.go.kr/data/15012890/standard.do,2026-01-15,place,풀잎,어린이공원,경기도 수원시,경기도 수원시 영통구 봉영로 1526,37.24851981,127.0696446,"풀잎은(는) 어린이공원으로, 아이의 생활권 동화 배경으로 사용할 수 있다.",아이의 집 주변 산책·탐험 동화 배경,조합놀이대1; 다목적구장(농구)1,4-7;8-10,공원;어린이공원;조합놀이대1;다목적구장(농구)1,41117-00054,풀잎,어린이공원,경기도 수원시 영통구 봉영로 1526,경기도 수원시 영통구 영통동 988-2,8360.4,다목적구장(농구)1,조합놀이대1,,,,,경기도 수원시 영통구 녹지공원과,031-5191-8331,2026-01-15,3740000,경기도 수원시
전국도시공원정보표준데이터,https://www.data.go.kr/data/15012890/standard.do,2026-01-15,place,보리수,어린이공원,경기도 수원시,경기도 수원시 영통구 영통동 970-2,37.24813812,127.0671583,"보리수은(는) 어린이공원으로, 아이의 생활권 동화 배경으로 사용할 수 있다.",아이의 집 주변 산책·탐험 동화 배경,조합놀이대1; 다목적구장(농구)1,4-7;8-10,공원;어린이공원;조합놀이대1;다목적구장(농구)1,41117-00055,보리수,어린이공원,,경기도 수원시 영통구 영통동 970-2,6947.2,다목적구장(농구)1,조합놀이대1,,,,,경기도 수원시 영통구 녹지공원과,031-5191-8331,2026-01-15,3740000,경기도 수원시
전국도시공원정보표준데이터,https://www.data.go.kr/data/15012890/standard.do,2026-01-15,place,솔찬,어린이공원,경기도 수원시,경기도 수원시 영통구 영통동 964-3,37.25302259,127.0647227,"솔찬은(는) 어린이공원으로, 아이의 생활권 동화 배경으로 사용할 수 있다.",아이의 집 주변 산책·탐험 동화 배경,조합놀이대1; 다목적구장(농구)1,4-7;8-10,공원;어린이공원;조합놀이대1;다목적구장(농구)1,41117-00056,솔찬,어린이공원,,경기도 수원시 영통구 영통동 964-3,4968.3,다목적구장(농구)1,조합놀이대1,,,,,경기도 수원시 영통구 녹지공원과,031-5191-8331,2026-01-15,3740000,경기도 수원시
전국도시공원정보표준데이터,https://www.data.go.kr/data/15012890/standard.do,2026-01-15,place,박지성,어린이공원,경기도 수원시,경기도 수원시 영통구 봉영로 1517번길 40,37.24989846,127.0660942,"박지성은(는) 어린이공원으로, 아이의 생활권 동화 배경으로 사용할 수 있다.",아이의 집 주변 산책·탐험 동화 배경,조합놀이대1; 다목적구장(농구+풋살)2,4-7;8-10,공원;어린이공원;조합놀이대1;다목적구장(농구+풋살)2,41117-00057,박지성,어린이공원,경기도 수원시 영통구 봉영로 1517번길 40,경기도 수원시 영통구 영통동 967-4,6968.8,다목적구장(농구+풋살)2,조합놀이대1,,,,,경기도 수원시 영통구 녹지공원과,031-5191-8331,2026-01-15,3740000,경기도 수원시
전국도시공원정보표준데이터,https://www.data.go.kr/data/15012890/standard.do,2026-01-15,place,한울,어린이공원,경기도 수원시,경기도 수원시 영통구 영통동 972-4,37.24923873,127.0608564,"한울은(는) 어린이공원으로, 아이의 생활권 동화 배경으로 사용할 수 있다.",아이의 집 주변 산책·탐험 동화 배경,조합놀이대1; 다목적구장(농구+게이트볼)2,4-7;8-10,공원;어린이공원;조합놀이대1;다목적구장(농구+게이트볼)2,41117-00058,한울,어린이공원,,경기도 수원시 영통구 영통동 972-4,5919.7,다목적구장(농구+게이트볼)2,조합놀이대1,,,,,경기도 수원시 영통구 녹지공원과,031-5191-8331,2026-01-15,3740000,경기도 수원시
전국도시공원정보표준데이터,https://www.data.go.kr/data/15012890/standard.do,2026-01-15,place,미리내,어린이공원,경기도 수원시,경기도 수원시 영통구 영통동 987,37.24536018,127.0685793,"미리내은(는) 어린이공원으로, 아이의 생활권 동화 배경으로 사용할 수 있다.",아이의 집 주변 산책·탐험 동화 배경,조합놀이대1; 다목적구장(농구)1,4-7;8-10,공원;어린이공원;조합놀이대1;다목적구장(농구)1,41117-00059,미리내,어린이공원,,경기도 수원시 영통구 영통동 987,1781.4,다목적구장(농구)1,조합놀이대1,,,,,경기도 수원시 영통구 녹지공원과,031-5191-8331,2026-01-15,3740000,경기도 수원시
전국도시공원정보표준데이터,https://www.data.go.kr/data/15012890/standard.do,2026-01-15,place,푸름,어린이공원,경기도 수원시,경기도 수원시 영통구 영통동 1245,37.2625946,127.0477359,"푸름은(는) 어린이공원으로, 아이의 생활권 동화 배경으로 사용할 수 있다.",아이의 집 주변 산책·탐험 동화 배경,조합놀이대1,4-7;8-10,공원;어린이공원;조합놀이대1,41117-00060,푸름,어린이공원,,경기도 수원시 영통구 영통동 1245,1634.4,,조합놀이대1,,,,,경기도 수원시 영통구 녹지공원과,031-5191-8331,2026-01-15,3740000,경기도 수원시
전국도시공원정보표준데이터,https://www.data.go.kr/data/15012890/standard.do,2026-01-15,place,매화,어린이공원,경기도 수원시,경기도 수원시 영통구 매탄동 1259,37.26020972,127.046066,"매화은(는) 어린이공원으로, 아이의 생활권 동화 배경으로 사용할 수 있다.",아이의 집 주변 산책·탐험 동화 배경,조합놀이대1; 다목적구장(농구)1,4-7;8-10,공원;어린이공원;조합놀이대1;다목적구장(농구)1,41117-00061,매화,어린이공원,,경기도 수원시 영통구 매탄동 1259,2025.7,다목적구장(농구)1,조합놀이대1,,,,,경기도 수원시 영통구 녹지공원과,031-5191-8331,2026-01-15,3740000,경기도 수원시
전국도시공원정보표준데이터,https://www.data.go.kr/data/15012890/standard.do,2026-01-15,place,매여울,어린이공원,경기도 수원시,경기도 수원시 영통구 매탄로 82,37.25833791,127.0430012,"매여울은(는) 어린이공원으로, 아이의 생활권 동화 배경으로 사용할 수 있다.",아이의 집 주변 산책·탐험 동화 배경,조합놀이대1; 다목적구장(농구)1,4-7;8-10,공원;어린이공원;조합놀이대1;다목적구장(농구)1,41117-00062,매여울,어린이공원,경기도 수원시 영통구 매탄로 82,경기도 수원시 영통구 매탄동 1274,2312.2,다목적구장(농구)1,조합놀이대1,,,,,경기도 수원시 영통구 녹지공원과,031-5191-8331,2026-01-15,3740000,경기도 수원시
전국도시공원정보표준데이터,https://www.data.go.kr/data/15012890/standard.do,2026-01-15,place,풀샘,어린이공원,경기도 수원시,경기도 수원시 영통구 매탄동 1283,37.25515484,127.0422868,"풀샘은(는) 어린이공원으로, 아이의 생활권 동화 배경으로 사용할 수 있다.",아이의 집 주변 산책·탐험 동화 배경,조합놀이대1; 다목적구장(농구)1,4-7;8-10,공원;어린이공원;조합놀이대1;다목적구장(농구)1,41117-00063,풀샘,어린이공원,,경기도 수원시 영통구 매탄동 1283,1957,다목적구장(농구)1,조합놀이대1,,,,,경기도 수원시 영통구 녹지공원과,031-5191-8331,2026-01-15,3740000,경기도 수원시
전국도시공원정보표준데이터,https://www.data.go.kr/data/15012890/standard.do,2026-01-15,place,그린나래,어린이공원,경기도 수원시,경기도 수원시 영통구 동탄원천로881번길 35,37.25500972,127.0415066,"그린나래은(는) 어린이공원으로, 아이의 생활권 동화 배경으로 사용할 수 있다.",아이의 집 주변 산책·탐험 동화 배경,조합놀이대1; 조합놀이대1+ 휴게쉼터,4-7;8-10,공원;어린이공원;조합놀이대1;조합놀이대1+;휴게쉼터,41117-00064,그린나래,어린이공원,경기도 수원시 영통구 동탄원천로881번길 35,경기도 수원시 영통구 매탄동 1282,2135.6,조합놀이대1+ 휴게쉼터,조합놀이대1,,,,,경기도 수원시 영통구 녹지공원과,031-5191-8331,2026-01-15,3740000,경기도 수원시
전국도시공원정보표준데이터,https://www.data.go.kr/data/15012890/standard.do,2026-01-15,place,샘말,어린이공원,경기도 수원시,경기도 수원시 영통구 망포동 296-17,37.24182751,127.0536129,"샘말은(는) 어린이공원으로, 아이의 생활권 동화 배경으로 사용할 수 있다.",아이의 집 주변 산책·탐험 동화 배경,조합놀이대1; 조합놀이대1+ 휴게쉼터,4-7;8-10,공원;어린이공원;조합놀이대1;조합놀이대1+;휴게쉼터,41117-00065,샘말,어린이공원,,경기도 수원시 영통구 망포동 296-17,1975,조합놀이대1+ 휴게쉼터,조합놀이대1,,,,,경기도 수원시 영통구 녹지공원과,031-5191-8331,2026-01-15,3740000,경기도 수원시
전국도시공원정보표준데이터,https://www.data.go.kr/data/15012890/standard.do,2026-04-02,place,아이파크더삽공원,어린이공원,경상북도 구미시,경상북도 구미시 원평동 1134,36.129934,128.3371172,"아이파크더삽공원은(는) 어린이공원으로, 아이의 생활권 동화 배경으로 사용할 수 있다.",아이의 집 주변 산책·탐험 동화 배경,조합놀이대,4-7;8-10,공원;어린이공원;조합놀이대,47190-00149,아이파크더삽공원,어린이공원,,경상북도 구미시 원평동 1134,2284,,조합놀이대,평의자,,종합안내판,2011-08-18,경상북도 구미시청,054-480-5572,2026-04-02,5080000,경상북도 구미시
전국도시공원정보표준데이터,https://www.data.go.kr/data/15012890/standard.do,2026-01-15,place,벽적골,근린공원,경기도 수원시,경기도 수원시 영통구 덕영대로 1555번길 60,37.24867774,127.0618933,"벽적골은(는) 근린공원으로, 아이의 생활권 동화 배경으로 사용할 수 있다.",아이의 집 주변 산책·탐험 동화 배경,물놀이시설1; 농구장1+배드민턴장1+족구장1,4-7;8-10,공원;근린공원;물놀이시설1;농구장1+배드민턴장1+족구장1,41117-00009,벽적골,근린공원,경기도 수원시 영통구 덕영대로 1555번길 60,경기도 수원시 영통구 영통동 969-2,13502.4,농구장1+배드민턴장1+족구장1,물놀이시설1,화장실1,,,,경기도 수원시 영통구 녹지공원과,031-5191-8331,2026-01-15,3740000,경기도 수원시
전국도시공원정보표준데이터,https://www.data.go.kr/data/15012890/standard.do,2026-01-15,place,교통,근린공원,경기도 수원시,경기도 수원시 영통구 덕영대로 1570,37.24539567,127.0627739,"교통은(는) 근린공원으로, 아이의 생활권 동화 배경으로 사용할 수 있다.",아이의 집 주변 산책·탐험 동화 배경,바닥분수1,4-7;8-10,공원;근린공원;바닥분수1,41117-00010,교통,근린공원,경기도 수원시 영통구 덕영대로 1570,경기도 수원시 영통구 영통동 981-4,31805,,바닥분수1,화장실1,,교통안전교육장1,,경기도 수원시 영통구 녹지공원과,031-5191-8331,2026-01-15,3740000,경기도 수원시
전국도시공원정보표준데이터,https://www.data.go.kr/data/15012890/standard.do,2026-01-15,place,머내생태,근린공원,경기도 수원시,경기도 수원시 영통구 매탄동 1318,37.2595236,127.0490344,"머내생태은(는) 근린공원으로, 아이의 생활권 동화 배경으로 사용할 수 있다.",아이의 집 주변 산책·탐험 동화 배경,생태연못1,4-7;8-10,공원;근린공원;생태연못1,41117-00011,머내생태,근린공원,,경기도 수원시 영통구 매탄동 1318,14332.6,,생태연못1,화장실1,,,,경기도 수원시 영통구 녹지공원과,031-5191-8331,2026-01-15,3740000,경기도 수원시
전국도시공원정보표준데이터,https://www.data.go.kr/data/15012890/standard.do,2026-01-15,place,매여울,근린공원,경기도 수원시,경기도 수원시 영통구 동탄원천로 915번길 36,37.25697937,127.0438285,"매여울은(는) 근린공원으로, 아이의 생활권 동화 배경으로 사용할 수 있다.",아이의 집 주변 산책·탐험 동화 배경,바닥분수1+물놀이시설1,4-7;8-10,공원;근린공원;바닥분수1+물놀이시설1,41117-00012,매여울,근린공원,경기도 수원시 영통구 동탄원천로 915번길 36,경기도 수원시 영통구 매탄동 1277,19019.4,,바닥분수1+물놀이시설1,화장실1,,,,경기도 수원시 영통구 녹지공원과,031-5191-8331,2026-01-15,3740000,경기도 수원시
전국도시공원정보표준데이터,https://www.data.go.kr/data/15012890/standard.do,2026-01-15,place,선주리들,근린공원,경기도 수원시,경기도 수원시 영통구 동탄원천로 915번길33,37.25604619,127.0439958,"선주리들은(는) 근린공원으로, 아이의 생활권 동화 배경으로 사용할 수 있다.",아이의 집 주변 산책·탐험 동화 배경,조합놀이대1; 게이트볼장1+배드민턴장1,4-7;8-10,공원;근린공원;조합놀이대1;게이트볼장1+배드민턴장1,41117-00013,선주리들,근린공원,경기도 수원시 영통구 동탄원천로 915번길33,경기도 수원시 영통구 매탄동 1280,18956,게이트볼장1+배드민턴장1,조합놀이대1,,,,,경기도 수원시 영통구 녹지공원과,031-5191-8331,2026-01-15,3740000,경기도 수원시
전국도시공원정보표준데이터,https://www.data.go.kr/data/15012890/standard.do,2026-01-15,place,열림,근린공원,경기도 수원시,경기도 수원시 영통구 웰빙타운로 73,37.30555736,127.0431528,"열림은(는) 근린공원으로, 아이의 생활권 동화 배경으로 사용할 수 있다.",아이의 집 주변 산책·탐험 동화 배경,바닥분수1; 풋살장1+농구장1,4-7;8-10,공원;근린공원;바닥분수1;풋살장1+농구장1,41117-00014,열림,근린공원,경기도 수원시 영통구 웰빙타운로 73,경기도 수원시 영통구 이의동1183,152646.2,풋살장1+농구장1,바닥분수1,화장실1,,,,경기도 수원시 영통구 녹지공원과,031-5191-8331,2026-01-15,3740000,경기도 수원시
전국도시공원정보표준데이터,https://www.data.go.kr/data/15012890/standard.do,2026-01-15,place,성죽,근린공원,경기도 수원시,경기도 수원시 영통구 이의동 1213,37.30947394,127.0480744,"성죽은(는) 근린공원으로, 아이의 생활권 동화 배경으로 사용할 수 있다.",아이의 집 주변 산책·탐험 동화 배경,벽천1(물순환시스템),4-7;8-10,공원;근린공원;벽천1(물순환시스템),41117-00015,성죽,근린공원,,경기도 수원시 영통구 이의동 1213,73873.5,,벽천1(물순환시스템),화장실1,,,,경기도 수원시 영통구 녹지공원과,031-5191-8331,2026-01-15,3740000,경기도 수원시
전국도시공원정보표준데이터,https://www.data.go.kr/data/15012890/standard.do,2026-01-15,place,솔내,근린공원,경기도 수원시,경기도 수원시 영통구 이의동 1215,37.30818449,127.0510224,"솔내은(는) 근린공원으로, 아이의 생활권 동화 배경으로 사용할 수 있다.",아이의 집 주변 산책·탐험 동화 배경,"공원에서 색깔, 나무, 놀이시설을 찾아보는 관찰 미션",4-7;8-10,공원;근린공원,41117-00016,솔내,근린공원,,경기도 수원시 영통구 이의동 1215,24489.3,,,,,,,경기도 수원시 영통구 녹지공원과,031-5191-8331,2026-01-15,3740000,경기도 수원시
전국도시공원정보표준데이터,https://www.data.go.kr/data/15012890/standard.do,2026-01-15,place,연암,근린공원,경기도 수원시,경기도 수원시 영통구 이의동 1288,37.29450237,127.0364342,"연암은(는) 근린공원으로, 아이의 생활권 동화 배경으로 사용할 수 있다.",아이의 집 주변 산책·탐험 동화 배경,"공원에서 색깔, 나무, 놀이시설을 찾아보는 관찰 미션",4-7;8-10,공원;근린공원,41117-00017,연암,근린공원,,경기도 수원시 영통구 이의동 1288,128896.7,,,화장실2,,,,경기도 수원시 영통구 녹지공원과,031-5191-8331,2026-01-15,3740000,경기도 수원시
전국도시공원정보표준데이터,https://www.data.go.kr/data/15012890/standard.do,2026-01-15,place,망포,근린공원,경기도 수원시,경기도 수원시 영통구 망포동 358-5,37.24246445,127.0577196,"망포은(는) 근린공원으로, 아이의 생활권 동화 배경으로 사용할 수 있다.",아이의 집 주변 산책·탐험 동화 배경,생태연못1; 게이트볼장1,4-7;8-10,공원;근린공원;생태연못1;게이트볼장1,41117-00018,망포,근린공원,,경기도 수원시 영통구 망포동 358-5,15990.6,게이트볼장1,생태연못1,화장실1,,,,경기도 수원시 영통구 녹지공원과,031-5191-8331,2026-01-15,3740000,경기도 수원시
전국도시공원정보표준데이터,https://www.data.go.kr/data/15012890/standard.do,2026-01-15,place,광교중앙,근린공원,경기도 수원시,경기도 수원시 영통구 이의동 1302,37.293898,127.0603242,"광교중앙은(는) 근린공원으로, 아이의 생활권 동화 배경으로 사용할 수 있다.",아이의 집 주변 산책·탐험 동화 배경,조형수로1+생태연못1,4-7;8-10,공원;근린공원;조형수로1+생태연못1,41117-00019,광교중앙,근린공원,,경기도 수원시 영통구 이의동 1302,554650.2,,조형수로1+생태연못1,화장실1,,,,경기도 수원시 영통구 녹지공원과,031-5191-8331,2026-01-15,3740000,경기도 수원시
전국도시공원정보표준데이터,https://www.data.go.kr/data/15012890/standard.do,2026-01-15,place,다산,근린공원,경기도 수원시,경기도 수원시 영통구 이의동 1328,37.29037967,127.0547563,"다산은(는) 근린공원으로, 아이의 생활권 동화 배경으로 사용할 수 있다.",아이의 집 주변 산책·탐험 동화 배경,계류1(물순환시스템),4-7;8-10,공원;근린공원;계류1(물순환시스템),41117-00020,다산,근린공원,,경기도 수원시 영통구 이의동 1328,41911.8,,계류1(물순환시스템),화장실1,,,,경기도 수원시 영통구 녹지공원과,031-5191-8331,2026-01-15,3740000,경기도 수원시
전국도시공원정보표준데이터,https://www.data.go.kr/data/15012890/standard.do,2026-01-15,place,두레뜰공원,수변공원,경기도 수원시,경기도 수원시 권선구 금곡동 1092,37.27252262,126.9436982,"두레뜰공원은(는) 수변공원으로, 아이의 생활권 동화 배경으로 사용할 수 있다.",아이의 집 주변 산책·탐험 동화 배경,저류지1+텃밭,4-7;8-10,공원;수변공원;저류지1+텃밭,41113-00039,두레뜰공원,수변공원,,경기도 수원시 권선구 금곡동 1092,53938.8,,저류지1+텃밭,,,,,경기도 수원시 권선구 녹지공원과,031-5191-6195,2026-01-15,3740000,경기도 수원시
전국도시공원정보표준데이터,https://www.data.go.kr/data/15012890/standard.do,2026-01-15,place,두물맞이공원,수변공원,경기도 수원시,경기도 수원시 권선구 금곡동 1097,37.27087887,126.9407973,"두물맞이공원은(는) 수변공원으로, 아이의 생활권 동화 배경으로 사용할 수 있다.",아이의 집 주변 산책·탐험 동화 배경,배드민턴장1,4-7;8-10,공원;수변공원;배드민턴장1,41113-00040,두물맞이공원,수변공원,,경기도 수원시 권선구 금곡동 1097,31022.7,배드민턴장1,,,,,,경기도 수원시 권선구 녹지공원과,031-5191-6195,2026-01-15,3740000,경기도 수원시
전국도시공원정보표준데이터,https://www.data.go.kr/data/15012890/standard.do,2026-01-15,place,실개울공원,수변공원,경기도 수원시,경기도 수원시 권선구 금곡동 1095-2,37.27198689,126.9467985,"실개울공원은(는) 수변공원으로, 아이의 생활권 동화 배경으로 사용할 수 있다.",아이의 집 주변 산책·탐험 동화 배경,"공원에서 색깔, 나무, 놀이시설을 찾아보는 관찰 미션",4-7;8-10,공원;수변공원,41113-00041,실개울공원,수변공원,,경기도 수원시 권선구 금곡동 1095-2,11291.5,,,,,,,경기도 수원시 권선구 녹지공원과,031-5191-6195,2026-01-15,3740000,경기도 수원시
전국도시공원정보표준데이터,https://www.data.go.kr/data/15012890/standard.do,2026-01-15,place,물빛찬공원,수변공원,경기도 수원시,경기도 수원시 권선구 금곡동 1120,37.27270944,126.9512045,"물빛찬공원은(는) 수변공원으로, 아이의 생활권 동화 배경으로 사용할 수 있다.",아이의 집 주변 산책·탐험 동화 배경,"공원에서 색깔, 나무, 놀이시설을 찾아보는 관찰 미션",4-7;8-10,공원;수변공원,41113-00042,물빛찬공원,수변공원,,경기도 수원시 권선구 금곡동 1120,20806.3,,,화장실1,,,,경기도 수원시 권선구 녹지공원과,031-5191-6195,2026-01-15,3740000,경기도 수원시
전국도시공원정보표준데이터,https://www.data.go.kr/data/15012890/standard.do,2026-01-15,place,어울림공원,수변공원,경기도 수원시,경기도 수원시 권선구 금곡동 1126,37.27328764,126.9569416,"어울림공원은(는) 수변공원으로, 아이의 생활권 동화 배경으로 사용할 수 있다.",아이의 집 주변 산책·탐험 동화 배경,저류지1; 배드민턴장1,4-7;8-10,공원;수변공원;저류지1;배드민턴장1,41113-00043,어울림공원,수변공원,,경기도 수원시 권선구 금곡동 1126,34833.8,배드민턴장1,저류지1,화장실1,,,,경기도 수원시 권선구 녹지공원과,031-5191-6195,2026-01-15,3740000,경기도 수원시
전국도시공원정보표준데이터,https://www.data.go.kr/data/15012890/standard.do,2026-01-15,place,물향기공원,수변공원,경기도 수원시,경기도 수원시 권선구 호매실동 1384,37.26334249,126.9543911,"물향기공원은(는) 수변공원으로, 아이의 생활권 동화 배경으로 사용할 수 있다.",아이의 집 주변 산책·탐험 동화 배경,저류지3+텃밭; 풋살장2+다목적구장2,4-7;8-10,공원;수변공원;저류지3+텃밭;풋살장2+다목적구장2,41113-00044,물향기공원,수변공원,,경기도 수원시 권선구 호매실동 1384,150447.3,풋살장2+다목적구장2,저류지3+텃밭,화장실1,,음수대1,,경기도 수원시 권선구 녹지공원과,031-5191-6195,2026-01-15,3740000,경기도 수원시
전국도시공원정보표준데이터,https://www.data.go.kr/data/15012890/standard.do,2026-01-15,place,물다미공원,수변공원,경기도 수원시,경기도 수원시 권선구 호매실동1422,37.25920994,126.951423,"물다미공원은(는) 수변공원으로, 아이의 생활권 동화 배경으로 사용할 수 있다.",아이의 집 주변 산책·탐험 동화 배경,"공원에서 색깔, 나무, 놀이시설을 찾아보는 관찰 미션",4-7;8-10,공원;수변공원,41113-00045,물다미공원,수변공원,,경기도 수원시 권선구 호매실동1422,9038,,,,,,,경기도 수원시 권선구 녹지공원과,031-5191-6195,2026-01-15,3740000,경기도 수원시
전국도시공원정보표준데이터,https://www.data.go.kr/data/15012890/standard.do,2026-01-15,place,5호수변공원,수변공원,경기도 수원시,경기도 수원시 권선구 서둔동 27-23,37.26217547,126.9902433,"5호수변공원은(는) 수변공원으로, 아이의 생활권 동화 배경으로 사용할 수 있다.",아이의 집 주변 산책·탐험 동화 배경,"공원에서 색깔, 나무, 놀이시설을 찾아보는 관찰 미션",4-7;8-10,공원;수변공원,41113-00046,5호수변공원,수변공원,,경기도 수원시 권선구 서둔동 27-23,1546.6,,,,,,,경기도 수원시 권선구 녹지공원과,031-5191-6195,2026-01-15,3740000,경기도 수원시
전국도시공원정보표준데이터,https://www.data.go.kr/data/15012890/standard.do,2026-01-15,place,6호수변공원,수변공원,경기도 수원시,경기도 수원시 권선구 서둔동 26-52,37.26240083,126.9915369,"6호수변공원은(는) 수변공원으로, 아이의 생활권 동화 배경으로 사용할 수 있다.",아이의 집 주변 산책·탐험 동화 배경,"공원에서 색깔, 나무, 놀이시설을 찾아보는 관찰 미션",4-7;8-10,공원;수변공원,41113-00047,6호수변공원,수변공원,,경기도 수원시 권선구 서둔동 26-52,3569.2,,,,,,,경기도 수원시 권선구 녹지공원과,031-5191-6195,2026-01-15,3740000,경기도 수원시
전국도시공원정보표준데이터,https://www.data.go.kr/data/15012890/standard.do,2026-01-15,place,팔달공원(장안공원+팔달공원+화서공원),근린공원,경기도 수원시,경기도 수원시 팔달구 고등동 42-140,37.27823573,127.0101051,"팔달공원(장안공원+팔달공원+화서공원)은(는) 근린공원으로, 아이의 생활권 동화 배경으로 사용할 수 있다.",아이의 집 주변 산책·탐험 동화 배경,"공원에서 색깔, 나무, 놀이시설을 찾아보는 관찰 미션",4-7;8-10,공원;근린공원,41115-00001,팔달공원(장안공원+팔달공원+화서공원),근린공원,,경기도 수원시 팔달구 고등동 42-140,543863,,,,,,,경기도 수원시 화성사업소 문화유산시설과,031-5191-4473,2026-01-15,3740000,경기도 수원시
전국도시공원정보표준데이터,https://www.data.go.kr/data/15012890/standard.do,2026-01-15,place,예술/효원공원,근린공원,경기도 수원시,경기도 수원시 팔달구 동수원로335,37.25939225,127.0364507,"예술/효원공원은(는) 근린공원으로, 아이의 생활권 동화 배경으로 사용할 수 있다.",아이의 집 주변 산책·탐험 동화 배경,수경시설(바닥분수),4-7;8-10,공원;근린공원;수경시설(바닥분수),41115-00002,예술/효원공원,근린공원,경기도 수원시 팔달구 동수원로335,경기도 수원시 팔달구 인계동 1128,225826.3,,수경시설(바닥분수),화장실5,,월화원,,경기도 수원시 팔달구 녹지공원과,031-5191-7043,2026-01-15,3740000,경기도 수원시
전국도시공원정보표준데이터,https://www.data.go.kr/data/15012890/standard.do,2026-01-15,place,황새말공원,근린공원,경기도 수원시,경기도 수원시 팔달구 일월로22번길 23,37.286279,126.9811454,"황새말공원은(는) 근린공원으로, 아이의 생활권 동화 배경으로 사용할 수 있다.",아이의 집 주변 산책·탐험 동화 배경,생태놀이터,4-7;8-10,공원;근린공원;생태놀이터,41115-00003,황새말공원,근린공원,경기도 수원시 팔달구 일월로22번길 23,경기도 수원시 팔달구 화서동 717,10242.3,,생태놀이터,,,광장,,경기도 수원시 팔달구 녹지공원과,031-5191-7043,2026-01-15,3740000,경기도 수원시
전국도시공원정보표준데이터,https://www.data.go.kr/data/15012890/standard.do,2026-01-15,place,다람쥐,어린이공원,경기도 수원시,경기도 수원시 영통구 망포동 1259-3,37.29954505,127.0461757,"다람쥐은(는) 어린이공원으로, 아이의 생활권 동화 배경으로 사용할 수 있다.",아이의 집 주변 산책·탐험 동화 배경,조합놀이대1,4-7;8-10,공원;어린이공원;조합놀이대1,41117-00075,다람쥐,어린이공원,,경기도 수원시 영통구 망포동 1259-3,1508.4,,조합놀이대1,,,,,경기도 수원시 영통구 녹지공원과,031-5191-8331,2026-01-15,3740000,경기도 수원시
전국도시공원정보표준데이터,https://www.data.go.kr/data/15012890/standard.do,2026-01-15,place,물봉선,어린이공원,경기도 수원시,경기도 수원시 영통구 망포동 1311-2,37.29409232,127.053864,"물봉선은(는) 어린이공원으로, 아이의 생활권 동화 배경으로 사용할 수 있다.",아이의 집 주변 산책·탐험 동화 배경,물놀이시설1,4-7;8-10,공원;어린이공원;물놀이시설1,41117-00076,물봉선,어린이공원,,경기도 수원시 영통구 망포동 1311-2,1747.9,,물놀이시설1,,,,,경기도 수원시 영통구 녹지공원과,031-5191-8331,2026-01-15,3740000,경기도 수원시
전국도시공원정보표준데이터,https://www.data.go.kr/data/15012890/standard.do,2026-01-15,place,붐붐,어린이공원,경기도 수원시,경기도 수원시 영통구 이의동 1343,37.28591543,127.0525412,"붐붐은(는) 어린이공원으로, 아이의 생활권 동화 배경으로 사용할 수 있다.",아이의 집 주변 산책·탐험 동화 배경,조합놀이대1,4-7;8-10,공원;어린이공원;조합놀이대1,41117-00077,붐붐,어린이공원,,경기도 수원시 영통구 이의동 1343,3083.5,,조합놀이대1,,,,,경기도 수원시 영통구 녹지공원과,031-5191-8331,2026-01-15,3740000,경기도 수원시
전국도시공원정보표준데이터,https://www.data.go.kr/data/15012890/standard.do,2026-01-15,place,꿈틀이,어린이공원,경기도 수원시,경기도 수원시 영통구 원천동 581,37.2772832,127.0502561,"꿈틀이은(는) 어린이공원으로, 아이의 생활권 동화 배경으로 사용할 수 있다.",아이의 집 주변 산책·탐험 동화 배경,조합놀이대1,4-7;8-10,공원;어린이공원;조합놀이대1,41117-00078,꿈틀이,어린이공원,,경기도 수원시 영통구 원천동 581,2374.2,,조합놀이대1,,,,,경기도 수원시 영통구 녹지공원과,031-5191-8331,2026-01-15,3740000,경기도 수원시
전국도시공원정보표준데이터,https://www.data.go.kr/data/15012890/standard.do,2026-01-15,place,동물놀이,어린이공원,경기도 수원시,경기도 수원시 영통구 원천동 612,37.27443574,127.0528192,"동물놀이은(는) 어린이공원으로, 아이의 생활권 동화 배경으로 사용할 수 있다.",아이의 집 주변 산책·탐험 동화 배경,조합놀이대1,4-7;8-10,공원;어린이공원;조합놀이대1,41117-00079,동물놀이,어린이공원,,경기도 수원시 영통구 원천동 612,1618.6,,조합놀이대1,,,,,경기도 수원시 영통구 녹지공원과,031-5191-8331,2026-01-15,3740000,경기도 수원시
전국도시공원정보표준데이터,https://www.data.go.kr/data/15012890/standard.do,2026-01-15,place,소꼽놀이,어린이공원,경기도 수원시,경기도 수원시 영통구 하동 965-8,37.29348217,127.0697268,"소꼽놀이은(는) 어린이공원으로, 아이의 생활권 동화 배경으로 사용할 수 있다.",아이의 집 주변 산책·탐험 동화 배경,조합놀이대1,4-7;8-10,공원;어린이공원;조합놀이대1,41117-00080,소꼽놀이,어린이공원,,경기도 수원시 영통구 하동 965-8,2133.3,,조합놀이대1,,,,,경기도 수원시 영통구 녹지공원과,031-5191-8331,2026-01-15,3740000,경기도 수원시
전국도시공원정보표준데이터,https://www.data.go.kr/data/15012890/standard.do,2026-01-15,place,신호등,어린이공원,경기도 수원시,경기도 수원시 영통구 하동 978,37.29185633,127.0702764,"신호등은(는) 어린이공원으로, 아이의 생활권 동화 배경으로 사용할 수 있다.",아이의 집 주변 산책·탐험 동화 배경,조합놀이대2,4-7;8-10,공원;어린이공원;조합놀이대2,41117-00081,신호등,어린이공원,,경기도 수원시 영통구 하동 978,1835.2,,조합놀이대2,,,,,경기도 수원시 영통구 녹지공원과,031-5191-8331,2026-01-15,3740000,경기도 수원시
전국도시공원정보표준데이터,https://www.data.go.kr/data/15012890/standard.do,2026-04-02,place,아름공원,어린이공원,경상북도 구미시,경상북도 구미시 진평동 19-4,36.09694239,128.4269144,"아름공원은(는) 어린이공원으로, 아이의 생활권 동화 배경으로 사용할 수 있다.",아이의 집 주변 산책·탐험 동화 배경,조합놀이대; 크로스컨트리,4-7;8-10,공원;어린이공원;조합놀이대;크로스컨트리,47190-00096,아름공원,어린이공원,,경상북도 구미시 진평동 19-4,1525,크로스컨트리,조합놀이대,연식의자,,안내판,1993-10-08,경상북도 구미시청,054-480-5572,2026-04-02,5080000,경상북도 구미시
전국도시공원정보표준데이터,https://www.data.go.kr/data/15012890/standard.do,2025-08-05,place,송도  13호 어린이공원,어린이공원,인천광역시 연수구,인천광역시 연수구 송도동 19-8,37.39464032,126.6425438,"송도  13호 어린이공원은(는) 어린이공원으로, 아이의 생활권 동화 배경으로 사용할 수 있다.",아이의 집 주변 산책·탐험 동화 배경,"공원에서 색깔, 나무, 놀이시설을 찾아보는 관찰 미션",4-7;8-10,공원;어린이공원,28185-00048,송도  13호 어린이공원,어린이공원,,인천광역시 연수구 송도동 19-8,1499.8,,,,,,1999-07-26,연수구시설안전관리공단,032-830-8042,2025-08-05,3520000,인천광역시 연수구
전국도시공원정보표준데이터,https://www.data.go.kr/data/15012890/standard.do,2025-08-05,place,문화공원,근린공원,인천광역시 연수구,인천광역시 연수구 연수동 578,37.41812199,126.6823541,"문화공원은(는) 근린공원으로, 아이의 생활권 동화 배경으로 사용할 수 있다.",아이의 집 주변 산책·탐험 동화 배경,"공원에서 색깔, 나무, 놀이시설을 찾아보는 관찰 미션",4-7;8-10,공원;근린공원,28185-00017,문화공원,근린공원,,인천광역시 연수구 연수동 578,41908.8,,,,,,1987-11-19,인천광역시 연수구청,032-749-8694,2025-08-05,3520000,인천광역시 연수구
전국도시공원정보표준데이터,https://www.data.go.kr/data/15012890/standard.do,2025-08-05,place,동춘공원,근린공원,인천광역시 연수구,인천광역시 연수구 동춘동 938-2,37.40873816,126.6701075,"동춘공원은(는) 근린공원으로, 아이의 생활권 동화 배경으로 사용할 수 있다.",아이의 집 주변 산책·탐험 동화 배경,"공원에서 색깔, 나무, 놀이시설을 찾아보는 관찰 미션",4-7;8-10,공원;근린공원,28185-00018,동춘공원,근린공원,,인천광역시 연수구 동춘동 938-2,10000.1,,,,,,1987-11-19,인천광역시 연수구청,032-749-8694,2025-08-05,3520000,인천광역시 연수구
전국도시공원정보표준데이터,https://www.data.go.kr/data/15012890/standard.do,2025-08-05,place,동막공원,근린공원,인천광역시 연수구,인천광역시 연수구 동춘동 932-2,37.403544,126.6737375,"동막공원은(는) 근린공원으로, 아이의 생활권 동화 배경으로 사용할 수 있다.",아이의 집 주변 산책·탐험 동화 배경,"공원에서 색깔, 나무, 놀이시설을 찾아보는 관찰 미션",4-7;8-10,공원;근린공원,28185-00019,동막공원,근린공원,,인천광역시 연수구 동춘동 932-2,10000.1,,,,,,1987-11-19,인천광역시 연수구청,032-749-8694,2025-08-05,3520000,인천광역시 연수구
전국도시공원정보표준데이터,https://www.data.go.kr/data/15012890/standard.do,2025-08-05,place,부수지공원,근린공원,인천광역시 연수구,인천광역시 연수구 동춘동 925-4,37.40810006,126.6778858,"부수지공원은(는) 근린공원으로, 아이의 생활권 동화 배경으로 사용할 수 있다.",아이의 집 주변 산책·탐험 동화 배경,"공원에서 색깔, 나무, 놀이시설을 찾아보는 관찰 미션",4-7;8-10,공원;근린공원,28185-00020,부수지공원,근린공원,,인천광역시 연수구 동춘동 925-4,19001.3,,,,,,1987-11-19,인천광역시 연수구청,032-749-8694,2025-08-05,3520000,인천광역시 연수구
전국도시공원정보표준데이터,https://www.data.go.kr/data/15012890/standard.do,2025-08-05,place,함박공원,어린이공원,인천광역시 연수구,인천광역시 연수구 연수동 535-3,37.4222546,126.6810562,"함박공원은(는) 어린이공원으로, 아이의 생활권 동화 배경으로 사용할 수 있다.",아이의 집 주변 산책·탐험 동화 배경,"공원에서 색깔, 나무, 놀이시설을 찾아보는 관찰 미션",4-7;8-10,공원;어린이공원,28185-00021,함박공원,어린이공원,,인천광역시 연수구 연수동 535-3,5028,,,,,,1987-11-19,인천광역시 연수구청,032-749-8692,2025-08-05,3520000,인천광역시 연수구
전국도시공원정보표준데이터,https://www.data.go.kr/data/15012890/standard.do,2025-08-05,place,효정공원,어린이공원,인천광역시 연수구,인천광역시 연수구 연수동 537-1,37.42318112,126.6719376,"효정공원은(는) 어린이공원으로, 아이의 생활권 동화 배경으로 사용할 수 있다.",아이의 집 주변 산책·탐험 동화 배경,"공원에서 색깔, 나무, 놀이시설을 찾아보는 관찰 미션",4-7;8-10,공원;어린이공원,28185-00022,효정공원,어린이공원,,인천광역시 연수구 연수동 537-1,5994,,,,,,1987-11-19,인천광역시 연수구청,032-749-8692,2025-08-05,3520000,인천광역시 연수구
전국도시공원정보표준데이터,https://www.data.go.kr/data/15012890/standard.do,2025-08-05,place,옥련공원,어린이공원,인천광역시 연수구,인천광역시 연수구 옥련동 644-5,37.42510112,126.653811,"옥련공원은(는) 어린이공원으로, 아이의 생활권 동화 배경으로 사용할 수 있다.",아이의 집 주변 산책·탐험 동화 배경,"공원에서 색깔, 나무, 놀이시설을 찾아보는 관찰 미션",4-7;8-10,공원;어린이공원,28185-00045,옥련공원,어린이공원,,인천광역시 연수구 옥련동 644-5,1425.1,,,,,,1995-07-01,인천광역시 연수구청,032-749-8692,2025-08-05,3520000,인천광역시 연수구
전국도시공원정보표준데이터,https://www.data.go.kr/data/15012890/standard.do,2025-08-05,place,연수체육공원,체육공원,인천광역시 연수구,인천광역시 연수구 연수동 636,37.407803,126.685517,"연수체육공원은(는) 체육공원으로, 아이의 생활권 동화 배경으로 사용할 수 있다.",아이의 집 주변 산책·탐험 동화 배경,"공원에서 색깔, 나무, 놀이시설을 찾아보는 관찰 미션",4-7;8-10,공원;체육공원,28185-00046,연수체육공원,체육공원,,인천광역시 연수구 연수동 636,20000,,,,,,1999-03-13,인천광역시 연수구청,032-749-8694,2025-08-05,3520000,인천광역시 연수구
전국도시공원정보표준데이터,https://www.data.go.kr/data/15012890/standard.do,2025-08-05,place,송도  12호 어린이공원,어린이공원,인천광역시 연수구,"인천광역시 연수구 송도동 19-4, 13",37.39802178,126.6376099,"송도  12호 어린이공원은(는) 어린이공원으로, 아이의 생활권 동화 배경으로 사용할 수 있다.",아이의 집 주변 산책·탐험 동화 배경,"공원에서 색깔, 나무, 놀이시설을 찾아보는 관찰 미션",4-7;8-10,공원;어린이공원,28185-00047,송도  12호 어린이공원,어린이공원,,"인천광역시 연수구 송도동 19-4, 13",1500.1,,,,,,1999-07-26,연수구시설안전관리공단,032-830-8042,2025-08-05,3520000,인천광역시 연수구
전국도시공원정보표준데이터,https://www.data.go.kr/data/15012890/standard.do,2026-01-01,place,쌍문1구역,소공원,서울특별시 도봉구,서울특별시 도봉구 우이천로 367,37.64788419,127.0240704,"쌍문1구역은(는) 소공원으로, 아이의 생활권 동화 배경으로 사용할 수 있다.",아이의 집 주변 산책·탐험 동화 배경,"공원에서 색깔, 나무, 놀이시설을 찾아보는 관찰 미션",4-7;8-10,공원;소공원,11320-00041,쌍문1구역,소공원,서울특별시 도봉구 우이천로 367,서울특별시 도봉구 쌍문동 732,118790,,,,,,,,,2026-01-01,3090000,서울특별시 도봉구
전국도시공원정보표준데이터,https://www.data.go.kr/data/15012890/standard.do,2026-03-25,place,붓꽃어린이공원,어린이공원,대구광역시 동구,대구광역시 동구 율하동 1404,35.86262787,128.6923743,"붓꽃어린이공원은(는) 어린이공원으로, 아이의 생활권 동화 배경으로 사용할 수 있다.",아이의 집 주변 산책·탐험 동화 배경,"공원에서 색깔, 나무, 놀이시설을 찾아보는 관찰 미션",4-7;8-10,공원;어린이공원,27140-00029,붓꽃어린이공원,어린이공원,,대구광역시 동구 율하동 1404,1501.3,,,,,,2004-01-05,대구광역시 동구청,,2026-03-25,3420000,대구광역시 동구
전국도시공원정보표준데이터,https://www.data.go.kr/data/15012890/standard.do,2026-03-25,place,산수국어린이공원,어린이공원,대구광역시 동구,대구광역시 동구 율하동 1462,35.86567507,128.695819,"산수국어린이공원은(는) 어린이공원으로, 아이의 생활권 동화 배경으로 사용할 수 있다.",아이의 집 주변 산책·탐험 동화 배경,"공원에서 색깔, 나무, 놀이시설을 찾아보는 관찰 미션",4-7;8-10,공원;어린이공원,27140-00030,산수국어린이공원,어린이공원,,대구광역시 동구 율하동 1462,1500,,,,,,2004-01-05,대구광역시 동구청,,2026-03-25,3420000,대구광역시 동구
전국도시공원정보표준데이터,https://www.data.go.kr/data/15012890/standard.do,2026-03-25,place,쑥부쟁이어린이공원,어린이공원,대구광역시 동구,대구광역시 동구 율하동 1465,35.86481963,128.698702,"쑥부쟁이어린이공원은(는) 어린이공원으로, 아이의 생활권 동화 배경으로 사용할 수 있다.",아이의 집 주변 산책·탐험 동화 배경,"공원에서 색깔, 나무, 놀이시설을 찾아보는 관찰 미션",4-7;8-10,공원;어린이공원,27140-00031,쑥부쟁이어린이공원,어린이공원,,대구광역시 동구 율하동 1465,2374.2,,,,,,2004-01-05,대구광역시 동구청,,2026-03-25,3420000,대구광역시 동구
전국도시공원정보표준데이터,https://www.data.go.kr/data/15012890/standard.do,2026-03-25,place,원추리어린이공원,어린이공원,대구광역시 동구,대구광역시 동구 율하동 1411,35.86219325,128.6987346,"원추리어린이공원은(는) 어린이공원으로, 아이의 생활권 동화 배경으로 사용할 수 있다.",아이의 집 주변 산책·탐험 동화 배경,"공원에서 색깔, 나무, 놀이시설을 찾아보는 관찰 미션",4-7;8-10,공원;어린이공원,27140-00032,원추리어린이공원,어린이공원,,대구광역시 동구 율하동 1411,1601.5,,,,,,2004-01-05,대구광역시 동구청,,2026-03-25,3420000,대구광역시 동구
전국도시공원정보표준데이터,https://www.data.go.kr/data/15012890/standard.do,2026-03-25,place,비비추어린이공원,어린이공원,대구광역시 동구,대구광역시 동구 율하동 1532,35.86270875,128.7028893,"비비추어린이공원은(는) 어린이공원으로, 아이의 생활권 동화 배경으로 사용할 수 있다.",아이의 집 주변 산책·탐험 동화 배경,"공원에서 색깔, 나무, 놀이시설을 찾아보는 관찰 미션",4-7;8-10,공원;어린이공원,27140-00033,비비추어린이공원,어린이공원,,대구광역시 동구 율하동 1532,1513.7,,,,,,2004-01-05,대구광역시 동구청,,2026-03-25,3420000,대구광역시 동구
전국도시공원정보표준데이터,https://www.data.go.kr/data/15012890/standard.do,2026-03-25,place,범부채어린이공원,어린이공원,대구광역시 동구,대구광역시 동구 율하동 1621,35.86158088,128.7028499,"범부채어린이공원은(는) 어린이공원으로, 아이의 생활권 동화 배경으로 사용할 수 있다.",아이의 집 주변 산책·탐험 동화 배경,"공원에서 색깔, 나무, 놀이시설을 찾아보는 관찰 미션",4-7;8-10,공원;어린이공원,27140-00034,범부채어린이공원,어린이공원,,대구광역시 동구 율하동 1621,2359,,,,,,2004-01-05,대구광역시 동구청,,2026-03-25,3420000,대구광역시 동구
전국도시공원정보표준데이터,https://www.data.go.kr/data/15012890/standard.do,2026-03-25,place,율하공원,근린공원,대구광역시 동구,대구광역시 동구 율하동 1105,35.86761143,128.6903524,"율하공원은(는) 근린공원으로, 아이의 생활권 동화 배경으로 사용할 수 있다.",아이의 집 주변 산책·탐험 동화 배경,"공원에서 색깔, 나무, 놀이시설을 찾아보는 관찰 미션",4-7;8-10,공원;근린공원,27140-00035,율하공원,근린공원,,대구광역시 동구 율하동 1105,16279.4,,,,,,2005-04-20,대구광역시 동구청,,2026-03-25,3420000,대구광역시 동구
전국도시공원정보표준데이터,https://www.data.go.kr/data/15012890/standard.do,2026-03-25,place,하늘어린이공원,어린이공원,대구광역시 동구,대구광역시 동구 율하동 1095,35.86968937,128.6892013,"하늘어린이공원은(는) 어린이공원으로, 아이의 생활권 동화 배경으로 사용할 수 있다.",아이의 집 주변 산책·탐험 동화 배경,"공원에서 색깔, 나무, 놀이시설을 찾아보는 관찰 미션",4-7;8-10,공원;어린이공원,27140-00036,하늘어린이공원,어린이공원,,대구광역시 동구 율하동 1095,2048.8,,,,,,2005-04-20,대구광역시 동구청,,2026-03-25,3420000,대구광역시 동구
전국도시공원정보표준데이터,https://www.data.go.kr/data/15012890/standard.do,2026-03-25,place,초롱어린이공원,어린이공원,대구광역시 동구,대구광역시 동구 율하동 1187,35.86705788,128.691613,"초롱어린이공원은(는) 어린이공원으로, 아이의 생활권 동화 배경으로 사용할 수 있다.",아이의 집 주변 산책·탐험 동화 배경,"공원에서 색깔, 나무, 놀이시설을 찾아보는 관찰 미션",4-7;8-10,공원;어린이공원,27140-00037,초롱어린이공원,어린이공원,,대구광역시 동구 율하동 1187,1503.9,,,,,,2005-04-20,대구광역시 동구청,,2026-03-25,3420000,대구광역시 동구
전국도시공원정보표준데이터,https://www.data.go.kr/data/15012890/standard.do,2026-03-25,place,바람꽃어린이공원,어린이공원,대구광역시 동구,대구광역시 동구 율하동 1218,35.86689592,128.694375,"바람꽃어린이공원은(는) 어린이공원으로, 아이의 생활권 동화 배경으로 사용할 수 있다.",아이의 집 주변 산책·탐험 동화 배경,"공원에서 색깔, 나무, 놀이시설을 찾아보는 관찰 미션",4-7;8-10,공원;어린이공원,27140-00038,바람꽃어린이공원,어린이공원,,대구광역시 동구 율하동 1218,2064.9,,,,,,2005-04-20,대구광역시 동구청,,2026-03-25,3420000,대구광역시 동구
전국도시공원정보표준데이터,https://www.data.go.kr/data/15012890/standard.do,2026-03-25,place,대구선동촌공원,근린공원,대구광역시 동구,대구광역시 동구 입석동 962-43,35.89302026,128.645187,"대구선동촌공원은(는) 근린공원으로, 아이의 생활권 동화 배경으로 사용할 수 있다.",아이의 집 주변 산책·탐험 동화 배경,"공원에서 색깔, 나무, 놀이시설을 찾아보는 관찰 미션",4-7;8-10,공원;근린공원,27140-00039,대구선동촌공원,근린공원,,대구광역시 동구 입석동 962-43,76027.5,,,,,,2006-03-10,대구광역시 동구청,,2026-03-25,3420000,대구광역시 동구
전국도시공원정보표준데이터,https://www.data.go.kr/data/15012890/standard.do,2026-03-25,place,대구선반야월공원,근린공원,대구광역시 동구,대구광역시 동구 신서동 818-1,35.872504,128.724961,"대구선반야월공원은(는) 근린공원으로, 아이의 생활권 동화 배경으로 사용할 수 있다.",아이의 집 주변 산책·탐험 동화 배경,"공원에서 색깔, 나무, 놀이시설을 찾아보는 관찰 미션",4-7;8-10,공원;근린공원,27140-00040,대구선반야월공원,근린공원,,대구광역시 동구 신서동 818-1,33273,,,,,,2006-03-10,대구광역시 동구청,,2026-03-25,3420000,대구광역시 동구
전국도시공원정보표준데이터,https://www.data.go.kr/data/15012890/standard.do,2026-03-25,place,신천공원,어린이공원,대구광역시 동구,대구광역시 동구 신천동 1504,35.87626346,128.613244,"신천공원은(는) 어린이공원으로, 아이의 생활권 동화 배경으로 사용할 수 있다.",아이의 집 주변 산책·탐험 동화 배경,"공원에서 색깔, 나무, 놀이시설을 찾아보는 관찰 미션",4-7;8-10,공원;어린이공원,27140-00041,신천공원,어린이공원,,대구광역시 동구 신천동 1504,1500,,,,,,2006-09-20,대구광역시 동구청,,2026-03-25,3420000,대구광역시 동구
전국도시공원정보표준데이터,https://www.data.go.kr/data/15012890/standard.do,2026-03-25,place,대구선아양공원,근린공원,대구광역시 동구,대구광역시 동구 효목동 963,35.884987,128.635938,"대구선아양공원은(는) 근린공원으로, 아이의 생활권 동화 배경으로 사용할 수 있다.",아이의 집 주변 산책·탐험 동화 배경,"공원에서 색깔, 나무, 놀이시설을 찾아보는 관찰 미션",4-7;8-10,공원;근린공원,27140-00042,대구선아양공원,근린공원,,대구광역시 동구 효목동 963,21600.2,,,,,,2007-08-20,대구광역시 동구청,,2026-03-25,3420000,대구광역시 동구
전국도시공원정보표준데이터,https://www.data.go.kr/data/15012890/standard.do,2026-03-25,place,송호지공원,근린공원,대구광역시 동구,대구광역시 동구 상매동 502,35.889411,128.705488,"송호지공원은(는) 근린공원으로, 아이의 생활권 동화 배경으로 사용할 수 있다.",아이의 집 주변 산책·탐험 동화 배경,"공원에서 색깔, 나무, 놀이시설을 찾아보는 관찰 미션",4-7;8-10,공원;근린공원,27140-00043,송호지공원,근린공원,,대구광역시 동구 상매동 502,46961.2,,,,,,2007-09-05,대구광역시 동구청,,2026-03-25,3420000,대구광역시 동구
전국도시공원정보표준데이터,https://www.data.go.kr/data/15012890/standard.do,2026-03-25,place,각산비나리공원,근린공원,대구광역시 동구,대구광역시 동구 각산동 1064,35.88003275,128.715402,"각산비나리공원은(는) 근린공원으로, 아이의 생활권 동화 배경으로 사용할 수 있다.",아이의 집 주변 산책·탐험 동화 배경,"공원에서 색깔, 나무, 놀이시설을 찾아보는 관찰 미션",4-7;8-10,공원;근린공원,27140-00044,각산비나리공원,근린공원,,대구광역시 동구 각산동 1064,22995.2,,,,,,2007-09-05,대구광역시 동구청,,2026-03-25,3420000,대구광역시 동구
전국도시공원정보표준데이터,https://www.data.go.kr/data/15012890/standard.do,2026-03-25,place,새론공원,근린공원,대구광역시 동구,대구광역시 동구 각산동 1060,35.88432213,128.7159299,"새론공원은(는) 근린공원으로, 아이의 생활권 동화 배경으로 사용할 수 있다.",아이의 집 주변 산책·탐험 동화 배경,"공원에서 색깔, 나무, 놀이시설을 찾아보는 관찰 미션",4-7;8-10,공원;근린공원,27140-00045,새론공원,근린공원,,대구광역시 동구 각산동 1060,14869.3,,,,,,2007-09-05,대구광역시 동구청,,2026-03-25,3420000,대구광역시 동구
전국도시공원정보표준데이터,https://www.data.go.kr/data/15012890/standard.do,2026-03-25,place,수리물길공원,근린공원,대구광역시 동구,대구광역시 동구 각산동 1127,35.88495579,128.7203047,"수리물길공원은(는) 근린공원으로, 아이의 생활권 동화 배경으로 사용할 수 있다.",아이의 집 주변 산책·탐험 동화 배경,"공원에서 색깔, 나무, 놀이시설을 찾아보는 관찰 미션",4-7;8-10,공원;근린공원,27140-00046,수리물길공원,근린공원,,대구광역시 동구 각산동 1127,37398.3,,,,,,2007-09-05,대구광역시 동구청,,2026-03-25,3420000,대구광역시 동구
전국도시공원정보표준데이터,https://www.data.go.kr/data/15012890/standard.do,2024-05-07,place,대도영암,어린이공원,경상북도 포항시,경상북도 포항시 남구 대도동 638,36.011199,129.3569967561,"대도영암은(는) 어린이공원으로, 아이의 생활권 동화 배경으로 사용할 수 있다.",아이의 집 주변 산책·탐험 동화 배경,조합놀이대; 운동기구,4-7;8-10,공원;어린이공원;조합놀이대;운동기구,47111-00008,대도영암,어린이공원,,경상북도 포항시 남구 대도동 638,2697.6,운동기구,조합놀이대,정자+파고라+등의자+ 평의자,,,1980-01-12,경상북도 포항시 공원과,054-270-5735,2024-05-07,5020000,경상북도 포항시
전국도시공원정보표준데이터,https://www.data.go.kr/data/15012890/standard.do,2024-05-07,place,대각근린,근린공원,경상북도 포항시,경상북도 포항시 남구 대송면 옥명리 524,35.9641034411,129.3813339817,"대각근린은(는) 근린공원으로, 아이의 생활권 동화 배경으로 사용할 수 있다.",아이의 집 주변 산책·탐험 동화 배경,풋살장,4-7;8-10,공원;근린공원;풋살장,47111-00009,대각근린,근린공원,,경상북도 포항시 남구 대송면 옥명리 524,241437,풋살장,,화장실+음수대,,,1973-07-02,경상북도 포항시 공원과,054-270-5735,2024-05-07,5020000,경상북도 포항시
전국도시공원정보표준데이터,https://www.data.go.kr/data/15012890/standard.do,2024-05-07,place,공단1근린,근린공원,경상북도 포항시,경상북도 포항시 남구 대송면 옥명리 582-2,35.957075,129.3884434834,"공단1근린은(는) 근린공원으로, 아이의 생활권 동화 배경으로 사용할 수 있다.",아이의 집 주변 산책·탐험 동화 배경,농구장+풋살장+족구장+운동기구,4-7;8-10,공원;근린공원;농구장+풋살장+족구장+운동기구,47111-00010,공단1근린,근린공원,,경상북도 포항시 남구 대송면 옥명리 582-2,14492,농구장+풋살장+족구장+운동기구,,화장실+음수대,,,2002-01-24,경상북도 포항시 공원과,054-270-5735,2024-05-07,5020000,경상북도 포항시
전국도시공원정보표준데이터,https://www.data.go.kr/data/15012890/standard.do,2024-05-07,place,공단근린,근린공원,경상북도 포항시,경상북도 포항시 남구 대송면 옥명리 584-1,35.9498919865,129.3829952759,"공단근린은(는) 근린공원으로, 아이의 생활권 동화 배경으로 사용할 수 있다.",아이의 집 주변 산책·탐험 동화 배경,놀이시설; 배구장,4-7;8-10,공원;근린공원;놀이시설;배구장,47111-00011,공단근린,근린공원,,경상북도 포항시 남구 대송면 옥명리 584-1,129094,배구장,놀이시설,평의자,,,2002-01-24,경상북도 포항시 공원과,054-270-5735,2024-05-07,5020000,경상북도 포항시
전국도시공원정보표준데이터,https://www.data.go.kr/data/15012890/standard.do,2026-01-01,place,갈대밭,어린이공원,서울특별시 도봉구,서울특별시 도봉구 마들로 760,37.67761781,127.0493276,"갈대밭은(는) 어린이공원으로, 아이의 생활권 동화 배경으로 사용할 수 있다.",아이의 집 주변 산책·탐험 동화 배경,"공원에서 색깔, 나무, 놀이시설을 찾아보는 관찰 미션",4-7;8-10,공원;어린이공원,11320-00039,갈대밭,어린이공원,서울특별시 도봉구 마들로 760,서울특별시 도봉구 도봉동 629-6,973,,,,,,,,,2026-01-01,3090000,서울특별시 도봉구
전국도시공원정보표준데이터,https://www.data.go.kr/data/15012890/standard.do,2026-03-13,place,14호 어린이공원(고덕국제화지구  두릉리),어린이공원,경기도 평택시,경기도 평택시 고덕면 두릉리 529-1답,37.055543,127.017238,"14호 어린이공원(고덕국제화지구  두릉리)은(는) 어린이공원으로, 아이의 생활권 동화 배경으로 사용할 수 있다.",아이의 집 주변 산책·탐험 동화 배경,"공원에서 색깔, 나무, 놀이시설을 찾아보는 관찰 미션",4-7;8-10,공원;어린이공원,41220-00310,14호 어린이공원(고덕국제화지구  두릉리),어린이공원,,경기도 평택시 고덕면 두릉리 529-1답,1770,,,,,,2013-01-04,경기도 평택시청,031-8024-4248,2026-03-13,3910000,경기도 평택시
전국도시공원정보표준데이터,https://www.data.go.kr/data/15012890/standard.do,2026-03-13,place,17호 어린이공원(고덕국제화지구 좌교리),어린이공원,경기도 평택시,경기도 평택시 고덕면 좌교리 399-1답,37.044118,127.013642,"17호 어린이공원(고덕국제화지구 좌교리)은(는) 어린이공원으로, 아이의 생활권 동화 배경으로 사용할 수 있다.",아이의 집 주변 산책·탐험 동화 배경,"공원에서 색깔, 나무, 놀이시설을 찾아보는 관찰 미션",4-7;8-10,공원;어린이공원,41220-00311,17호 어린이공원(고덕국제화지구 좌교리),어린이공원,,경기도 평택시 고덕면 좌교리 399-1답,4449,,,,,,2013-01-04,경기도 평택시청,031-8024-4248,2026-03-13,3910000,경기도 평택시
전국도시공원정보표준데이터,https://www.data.go.kr/data/15012890/standard.do,2026-03-13,place,18호 어린이공원(고덕국제화지구 해창리),어린이공원,경기도 평택시,경기도 평택시 고덕면 해창리 485-1장,37.041406,127.014060,"18호 어린이공원(고덕국제화지구 해창리)은(는) 어린이공원으로, 아이의 생활권 동화 배경으로 사용할 수 있다.",아이의 집 주변 산책·탐험 동화 배경,"공원에서 색깔, 나무, 놀이시설을 찾아보는 관찰 미션",4-7;8-10,공원;어린이공원,41220-00312,18호 어린이공원(고덕국제화지구 해창리),어린이공원,,경기도 평택시 고덕면 해창리 485-1장,3888,,,,,,2013-01-04,경기도 평택시청,031-8024-4248,2026-03-13,3910000,경기도 평택시
전국도시공원정보표준데이터,https://www.data.go.kr/data/15012890/standard.do,2026-03-13,place,20호 어린이공원(고덕국제화지구  해창리),어린이공원,경기도 평택시,경기도 평택시 고덕면 해창리 437-1답,37.036903,127.017934,"20호 어린이공원(고덕국제화지구  해창리)은(는) 어린이공원으로, 아이의 생활권 동화 배경으로 사용할 수 있다.",아이의 집 주변 산책·탐험 동화 배경,"공원에서 색깔, 나무, 놀이시설을 찾아보는 관찰 미션",4-7;8-10,공원;어린이공원,41220-00313,20호 어린이공원(고덕국제화지구  해창리),어린이공원,,경기도 평택시 고덕면 해창리 437-1답,1520,,,,,,2013-01-04,경기도 평택시청,031-8024-4248,2026-03-13,3910000,경기도 평택시
전국도시공원정보표준데이터,https://www.data.go.kr/data/15012890/standard.do,2026-03-13,place,25호 어린이공원(여염리),어린이공원,경기도 평택시,경기도 평택시 고덕면 여염리 산60임,37.037592,127.046179,"25호 어린이공원(여염리)은(는) 어린이공원으로, 아이의 생활권 동화 배경으로 사용할 수 있다.",아이의 집 주변 산책·탐험 동화 배경,"공원에서 색깔, 나무, 놀이시설을 찾아보는 관찰 미션",4-7;8-10,공원;어린이공원,41220-00314,25호 어린이공원(여염리),어린이공원,,경기도 평택시 고덕면 여염리 산60임,3378,,,,,,2015-04-03,경기도 평택시청,031-8024-4248,2026-03-13,3910000,경기도 평택시
전국도시공원정보표준데이터,https://www.data.go.kr/data/15012890/standard.do,2026-03-13,place,26호 어린이공원(서정동),어린이공원,경기도 평택시,경기도 평택시 서정동 산1-1임,37.071496,127.065145,"26호 어린이공원(서정동)은(는) 어린이공원으로, 아이의 생활권 동화 배경으로 사용할 수 있다.",아이의 집 주변 산책·탐험 동화 배경,"공원에서 색깔, 나무, 놀이시설을 찾아보는 관찰 미션",4-7;8-10,공원;어린이공원,41220-00315,26호 어린이공원(서정동),어린이공원,,경기도 평택시 서정동 산1-1임,1853,,,,,,2015-04-03,경기도 평택시청,031-8024-4248,2026-03-13,3910000,경기도 평택시
전국도시공원정보표준데이터,https://www.data.go.kr/data/15012890/standard.do,2026-03-13,place,27호 어린이공원(율포리),어린이공원,경기도 평택시,경기도 평택시 고덕면 율포리 334-2전,37.051333,127.041019,"27호 어린이공원(율포리)은(는) 어린이공원으로, 아이의 생활권 동화 배경으로 사용할 수 있다.",아이의 집 주변 산책·탐험 동화 배경,"공원에서 색깔, 나무, 놀이시설을 찾아보는 관찰 미션",4-7;8-10,공원;어린이공원,41220-00316,27호 어린이공원(율포리),어린이공원,,경기도 평택시 고덕면 율포리 334-2전,3898,,,,,,2015-04-03,경기도 평택시청,031-8024-4248,2026-03-13,3910000,경기도 평택시
전국도시공원정보표준데이터,https://www.data.go.kr/data/15012890/standard.do,2026-03-13,place,28호 어린이공원(서정동),어린이공원,경기도 평택시,경기도 평택시 서정동 632답,37.065532,127.043825,"28호 어린이공원(서정동)은(는) 어린이공원으로, 아이의 생활권 동화 배경으로 사용할 수 있다.",아이의 집 주변 산책·탐험 동화 배경,"공원에서 색깔, 나무, 놀이시설을 찾아보는 관찰 미션",4-7;8-10,공원;어린이공원,41220-00317,28호 어린이공원(서정동),어린이공원,,경기도 평택시 서정동 632답,2049,,,,,,2015-04-03,경기도 평택시청,031-8024-4248,2026-03-13,3910000,경기도 평택시
전국도시공원정보표준데이터,https://www.data.go.kr/data/15012890/standard.do,2026-03-13,place,마루어린이공원(2호),어린이공원,경기도 평택시,경기도 평택시 고덕면 여염리 326-4답,37.039568,127.045056,"마루어린이공원(2호)은(는) 어린이공원으로, 아이의 생활권 동화 배경으로 사용할 수 있다.",아이의 집 주변 산책·탐험 동화 배경,"공원에서 색깔, 나무, 놀이시설을 찾아보는 관찰 미션",4-7;8-10,공원;어린이공원,41220-00319,마루어린이공원(2호),어린이공원,,경기도 평택시 고덕면 여염리 326-4답,2072,,,,,,2013-01-04,경기도 평택시청,031-8024-4248,2026-03-13,3910000,경기도 평택시
전국도시공원정보표준데이터,https://www.data.go.kr/data/15012890/standard.do,2026-03-13,place,물방개어린이공원(30호),어린이공원,경기도 평택시,경기도 평택시 고덕동 2458-2,37.045928,127.0314656,"물방개어린이공원(30호)은(는) 어린이공원으로, 아이의 생활권 동화 배경으로 사용할 수 있다.",아이의 집 주변 산책·탐험 동화 배경,"공원에서 색깔, 나무, 놀이시설을 찾아보는 관찰 미션",4-7;8-10,공원;어린이공원,41220-00320,물방개어린이공원(30호),어린이공원,,경기도 평택시 고덕동 2458-2,2098,,,,,,2015-04-03,경기도 평택시청,031-8024-4248,2026-03-13,3910000,경기도 평택시
전국도시공원정보표준데이터,https://www.data.go.kr/data/15012890/standard.do,2026-03-13,place,혜윰어린이공원(31호),어린이공원,경기도 평택시,경기도 평택시 고덕동 2503-7,37.04051766,127.0294403,"혜윰어린이공원(31호)은(는) 어린이공원으로, 아이의 생활권 동화 배경으로 사용할 수 있다.",아이의 집 주변 산책·탐험 동화 배경,"공원에서 색깔, 나무, 놀이시설을 찾아보는 관찰 미션",4-7;8-10,공원;어린이공원,41220-00321,혜윰어린이공원(31호),어린이공원,,경기도 평택시 고덕동 2503-7,4674,,,,,,2015-04-03,경기도 평택시청,031-8024-4248,2026-03-13,3910000,경기도 평택시
전국도시공원정보표준데이터,https://www.data.go.kr/data/15012890/standard.do,2026-03-13,place,별솔어린이공원(32호),어린이공원,경기도 평택시,경기도 평택시 고덕동 2726-2,37.03208166,127.026291,"별솔어린이공원(32호)은(는) 어린이공원으로, 아이의 생활권 동화 배경으로 사용할 수 있다.",아이의 집 주변 산책·탐험 동화 배경,"공원에서 색깔, 나무, 놀이시설을 찾아보는 관찰 미션",4-7;8-10,공원;어린이공원,41220-00322,별솔어린이공원(32호),어린이공원,,경기도 평택시 고덕동 2726-2,2280,,,,,,2015-04-03,경기도 평택시청,031-8024-4248,2026-03-13,3910000,경기도 평택시
전국도시공원정보표준데이터,https://www.data.go.kr/data/15012890/standard.do,2026-03-13,place,33호 어린이공원(고덕국제화지구  해창리),어린이공원,경기도 평택시,경기도 평택시 고덕면 해창리 733-27임,37.026212,127.016897,"33호 어린이공원(고덕국제화지구  해창리)은(는) 어린이공원으로, 아이의 생활권 동화 배경으로 사용할 수 있다.",아이의 집 주변 산책·탐험 동화 배경,"공원에서 색깔, 나무, 놀이시설을 찾아보는 관찰 미션",4-7;8-10,공원;어린이공원,41220-00323,33호 어린이공원(고덕국제화지구  해창리),어린이공원,,경기도 평택시 고덕면 해창리 733-27임,2258,,,,,,2015-04-03,경기도 평택시청,031-8024-4248,2026-03-13,3910000,경기도 평택시
전국도시공원정보표준데이터,https://www.data.go.kr/data/15012890/standard.do,2026-03-13,place,꽃구름어린이공원(34호),어린이공원,경기도 평택시,경기도 평택시 고덕면 여염리 373-2답,37.036401,127.044059,"꽃구름어린이공원(34호)은(는) 어린이공원으로, 아이의 생활권 동화 배경으로 사용할 수 있다.",아이의 집 주변 산책·탐험 동화 배경,"공원에서 색깔, 나무, 놀이시설을 찾아보는 관찰 미션",4-7;8-10,공원;어린이공원,41220-00324,꽃구름어린이공원(34호),어린이공원,,경기도 평택시 고덕면 여염리 373-2답,1585,,,,,,2015-04-03,경기도 평택시청,031-8024-4248,2026-03-13,3910000,경기도 평택시
전국도시공원정보표준데이터,https://www.data.go.kr/data/15012890/standard.do,2024-05-07,place,블루밸리3,어린이공원,경상북도 포항시,경상북도 포항시 남구 구룡포읍 구평리 617-1,35.9446374578,129.5283150260,"블루밸리3은(는) 어린이공원으로, 아이의 생활권 동화 배경으로 사용할 수 있다.",아이의 집 주변 산책·탐험 동화 배경,어린이놀이시설,4-7;8-10,공원;어린이공원;어린이놀이시설,47111-00001,블루밸리3,어린이공원,,경상북도 포항시 남구 구룡포읍 구평리 617-1,2680,,어린이놀이시설,파고라,,,2022-07-04,경상북도 포항시 공원과,054-270-5735,2024-05-07,5020000,경상북도 포항시
전국도시공원정보표준데이터,https://www.data.go.kr/data/15012890/standard.do,2024-05-07,place,블루밸리2,어린이공원,경상북도 포항시,경상북도 포항시 남구 구룡포읍 성동리 1391,35.9584563522,129.5058097231,"블루밸리2은(는) 어린이공원으로, 아이의 생활권 동화 배경으로 사용할 수 있다.",아이의 집 주변 산책·탐험 동화 배경,어린이놀이시설,4-7;8-10,공원;어린이공원;어린이놀이시설,47111-00002,블루밸리2,어린이공원,,경상북도 포항시 남구 구룡포읍 성동리 1391,1791,,어린이놀이시설,파고라,,,2022-07-04,경상북도 포항시 공원과,054-270-5735,2024-05-07,5020000,경상북도 포항시
전국도시공원정보표준데이터,https://www.data.go.kr/data/15012890/standard.do,2024-05-07,place,구룡포솔머리,어린이공원,경상북도 포항시,경상북도 포항시 남구 구룡포읍 하정리 129,35.9698429,129.551204,"구룡포솔머리은(는) 어린이공원으로, 아이의 생활권 동화 배경으로 사용할 수 있다.",아이의 집 주변 산책·탐험 동화 배경,조합놀이대,4-7;8-10,공원;어린이공원;조합놀이대,47111-00003,구룡포솔머리,어린이공원,,경상북도 포항시 남구 구룡포읍 하정리 129,3499,,조합놀이대,파고라,,,1984-12-08,경상북도 포항시 공원과,054-270-5735,2024-05-07,5020000,경상북도 포항시
전국도시공원정보표준데이터,https://www.data.go.kr/data/15012890/standard.do,2024-05-07,place,구룡포당사포,어린이공원,경상북도 포항시,경상북도 포항시 남구 구룡포읍 하정리 65,35.9732486,129.5494594,"구룡포당사포은(는) 어린이공원으로, 아이의 생활권 동화 배경으로 사용할 수 있다.",아이의 집 주변 산책·탐험 동화 배경,조합놀이대,4-7;8-10,공원;어린이공원;조합놀이대,47111-00004,구룡포당사포,어린이공원,,경상북도 포항시 남구 구룡포읍 하정리 65,3694,,조합놀이대,파고라,,,1994-04-22,경상북도 포항시 공원과,054-270-5735,2024-05-07,5020000,경상북도 포항시
전국도시공원정보표준데이터,https://www.data.go.kr/data/15012890/standard.do,2024-05-07,place,대도,어린이공원,경상북도 포항시,경상북도 포항시 남구 상공로18번길 55,36.011268,129.361726,"대도은(는) 어린이공원으로, 아이의 생활권 동화 배경으로 사용할 수 있다.",아이의 집 주변 산책·탐험 동화 배경,조합놀이대; 운동기구,4-7;8-10,공원;어린이공원;조합놀이대;운동기구,47111-00005,대도,어린이공원,경상북도 포항시 남구 상공로18번길 55,경상북도 포항시 남구 대도동 171-2,1160.7,운동기구,조합놀이대,파고라+등의자+ 평의자,,,1987-04-03,경상북도 포항시 공원과,054-270-5735,2024-05-07,5020000,경상북도 포항시
전국도시공원정보표준데이터,https://www.data.go.kr/data/15012890/standard.do,2024-05-07,place,대도 큰섬마을,어린이공원,경상북도 포항시,경상북도 포항시 남구 대해로91번길 22,36.023708,129.364147,"대도 큰섬마을은(는) 어린이공원으로, 아이의 생활권 동화 배경으로 사용할 수 있다.",아이의 집 주변 산책·탐험 동화 배경,조합놀이대+그네; 운동기구; 야외공연장,4-7;8-10,공원;어린이공원;조합놀이대+그네;운동기구;야외공연장,47111-00006,대도 큰섬마을,어린이공원,경상북도 포항시 남구 대해로91번길 22,경상북도 포항시 남구 대도동 54-2,4274.1,운동기구,조합놀이대+그네,정자+파고라+등의자,야외공연장,,2001-12-06,경상북도 포항시 공원과,054-270-5735,2024-05-07,5020000,경상북도 포항시
전국도시공원정보표준데이터,https://www.data.go.kr/data/15012890/standard.do,2024-05-07,place,대도대해,어린이공원,경상북도 포항시,경상북도 포항시 남구 양학천로118번길 37,36.02244192,129.364291,"대도대해은(는) 어린이공원으로, 아이의 생활권 동화 배경으로 사용할 수 있다.",아이의 집 주변 산책·탐험 동화 배경,조합놀이대; 운동기구,4-7;8-10,공원;어린이공원;조합놀이대;운동기구,47111-00007,대도대해,어린이공원,경상북도 포항시 남구 양학천로118번길 37,경상북도 포항시 남구 대도동 56-7,1170.6,운동기구,조합놀이대,등의자,,,1974-06-15,경상북도 포항시 공원과,054-270-5735,2024-05-07,5020000,경상북도 포항시
전국도시공원정보표준데이터,https://www.data.go.kr/data/15012890/standard.do,2026-01-01,place,무수,어린이공원,서울특별시 도봉구,서울특별시 도봉구 도봉로169가길 33,37.68154186,127.0428342,"무수은(는) 어린이공원으로, 아이의 생활권 동화 배경으로 사용할 수 있다.",아이의 집 주변 산책·탐험 동화 배경,"공원에서 색깔, 나무, 놀이시설을 찾아보는 관찰 미션",4-7;8-10,공원;어린이공원,11320-00038,무수,어린이공원,서울특별시 도봉구 도봉로169가길 33,서울특별시 도봉구 도봉동 585,1003,,,,,,,,,2026-01-01,3090000,서울특별시 도봉구
전국도시공원정보표준데이터,https://www.data.go.kr/data/15012890/standard.do,2026-03-13,place,목천 마을쉼터,기타,경기도 평택시,경기도 평택시 신장동 327-15 327-14 326-5~7,37.083503,127.054172,"목천 마을쉼터은(는) 기타으로, 아이의 생활권 동화 배경으로 사용할 수 있다.",아이의 집 주변 산책·탐험 동화 배경,고무매트포장+조합놀이대+흔들놀이; 마라톤운동기+발바닥지압걷기+어깨근육풀기+옆파도타기+온몸역기올리기+온몸허리돌리기,4-7;8-10,공원;기타;고무매트포장+조합놀이대+흔들놀이;마라톤운동기+발바닥지압걷기+어깨근육풀기+옆파도타기+온몸역기올리기+온몸허리돌리기,41220-00256,목천 마을쉼터,기타,,경기도 평택시 신장동 327-15 327-14 326-5~7,451,마라톤운동기+발바닥지압걷기+어깨근육풀기+옆파도타기+온몸역기올리기+온몸허리돌리기,고무매트포장+조합놀이대+흔들놀이,,,소화전+집수정,,경기도 평택시청,031-8024-4248,2026-03-13,3910000,경기도 평택시
전국도시공원정보표준데이터,https://www.data.go.kr/data/15012890/standard.do,2026-03-13,place,문곡1리 마을쉼터,기타,경기도 평택시,경기도 평택시 고덕면 문곡리 419 419-1,37.066241,127.011993,"문곡1리 마을쉼터은(는) 기타으로, 아이의 생활권 동화 배경으로 사용할 수 있다.",아이의 집 주변 산책·탐험 동화 배경,고무매트포장+그네+그네보호대+조합놀이대; 어깨근육풀기+온몸역기내리기+온몸허리돌리기+윗몸일으키기,4-7;8-10,공원;기타;고무매트포장+그네+그네보호대+조합놀이대;어깨근육풀기+온몸역기내리기+온몸허리돌리기+윗몸일으키기,41220-00257,문곡1리 마을쉼터,기타,,경기도 평택시 고덕면 문곡리 419 419-1,1000,어깨근육풀기+온몸역기내리기+온몸허리돌리기+윗몸일으키기,고무매트포장+그네+그네보호대+조합놀이대,,,집수정,,경기도 평택시청,031-8024-4248,2026-03-13,3910000,경기도 평택시
전국도시공원정보표준데이터,https://www.data.go.kr/data/15012890/standard.do,2026-03-13,place,수월암2리 마을쉼터,기타,경기도 평택시,경기도 평택시 서탄면 수월암리 406 409 434-1,37.118986,127.034179,"수월암2리 마을쉼터은(는) 기타으로, 아이의 생활권 동화 배경으로 사용할 수 있다.",아이의 집 주변 산책·탐험 동화 배경,고무매트포장+조합놀이대+흔들놀이; 등허리지압기+어깨근육풀기+온몸허리돌리기+지압길 포장,4-7;8-10,공원;기타;고무매트포장+조합놀이대+흔들놀이;등허리지압기+어깨근육풀기+온몸허리돌리기+지압길;포장,41220-00258,수월암2리 마을쉼터,기타,,경기도 평택시 서탄면 수월암리 406 409 434-1,991,등허리지압기+어깨근육풀기+온몸허리돌리기+지압길 포장,고무매트포장+조합놀이대+흔들놀이,,,,,경기도 평택시청,031-8024-4248,2026-03-13,3910000,경기도 평택시
전국도시공원정보표준데이터,https://www.data.go.kr/data/15012890/standard.do,2026-03-13,place,신리 마을쉼터,기타,경기도 평택시,경기도 평택시 진위면 신리 126-3,37.09739684,127.071037,"신리 마을쉼터은(는) 기타으로, 아이의 생활권 동화 배경으로 사용할 수 있다.",아이의 집 주변 산책·탐험 동화 배경,고무칩포장+그네+조합놀이대; 등허리지압기+옆파도타기+온몸역기내리기+지압자갈포장+하늘걷기,4-7;8-10,공원;기타;고무칩포장+그네+조합놀이대;등허리지압기+옆파도타기+온몸역기내리기+지압자갈포장+하늘걷기,41220-00259,신리 마을쉼터,기타,,경기도 평택시 진위면 신리 126-3,793,등허리지압기+옆파도타기+온몸역기내리기+지압자갈포장+하늘걷기,고무칩포장+그네+조합놀이대,,,수목보호대+측구수로,,경기도 평택시청,031-8024-4248,2026-03-13,3910000,경기도 평택시
전국도시공원정보표준데이터,https://www.data.go.kr/data/15012890/standard.do,2026-03-13,place,대장골 어린이공원(청북지구 택지개발),어린이공원,경기도 평택시,경기도 평택시 청북면 옥길리 1056-3,37.024696,126.913794,"대장골 어린이공원(청북지구 택지개발)은(는) 어린이공원으로, 아이의 생활권 동화 배경으로 사용할 수 있다.",아이의 집 주변 산책·탐험 동화 배경,고무칩포장+조합놀이대+흔들놀이; 온몸허리돌리기+철봉 대형+철봉 소형+평행봉,4-7;8-10,공원;어린이공원;고무칩포장+조합놀이대+흔들놀이;온몸허리돌리기+철봉;대형+철봉;소형+평행봉,41220-00494,대장골 어린이공원(청북지구 택지개발),어린이공원,,경기도 평택시 청북면 옥길리 1056-3,1551.7,온몸허리돌리기+철봉 대형+철봉 소형+평행봉,고무칩포장+조합놀이대+흔들놀이,,,우수관+집수정+트랜치,2005-10-07,경기도 평택시청,031-8024-4248,2026-03-13,3910000,경기도 평택시
전국도시공원정보표준데이터,https://www.data.go.kr/data/15012890/standard.do,2026-03-13,place,도곡 어린이공원(포승공단),어린이공원,경기도 평택시,경기도 평택시 포승읍 도곡리 1147,36.987462,126.8463206,"도곡 어린이공원(포승공단)은(는) 어린이공원으로, 아이의 생활권 동화 배경으로 사용할 수 있다.",아이의 집 주변 산책·탐험 동화 배경,그네+그네보호대+모래포장+조합놀이대; 고무매트포장+옆파도타기+온몸역기내리기+하늘걷기,4-7;8-10,공원;어린이공원;그네+그네보호대+모래포장+조합놀이대;고무매트포장+옆파도타기+온몸역기내리기+하늘걷기,41220-00495,도곡 어린이공원(포승공단),어린이공원,,경기도 평택시 포승읍 도곡리 1147,1500.1,고무매트포장+옆파도타기+온몸역기내리기+하늘걷기,그네+그네보호대+모래포장+조합놀이대,음수전,,ㄷ 자 옹벽+집수정,2000-09-27,경기도 평택시청,031-8024-4248,2026-03-13,3910000,경기도 평택시
전국도시공원정보표준데이터,https://www.data.go.kr/data/15012890/standard.do,2026-03-13,place,도화동 어린이공원(안중지구 택지개발),어린이공원,경기도 평택시,경기도 평택시 안중읍 현화리 820-5 820-7 551-8,36.986918,126.919066,"도화동 어린이공원(안중지구 택지개발)은(는) 어린이공원으로, 아이의 생활권 동화 배경으로 사용할 수 있다.",아이의 집 주변 산책·탐험 동화 배경,고무매트포장+그네+그네보호대+시소+조합놀이대+흔들놀이; 옆파도타기+온몸허리돌리기,4-7;8-10,공원;어린이공원;고무매트포장+그네+그네보호대+시소+조합놀이대+흔들놀이;옆파도타기+온몸허리돌리기,41220-00496,도화동 어린이공원(안중지구 택지개발),어린이공원,,경기도 평택시 안중읍 현화리 820-5 820-7 551-8,2220,옆파도타기+온몸허리돌리기,고무매트포장+그네+그네보호대+시소+조합놀이대+흔들놀이,육각 음수전+자전거거치대,,수목보호대,1995-05-02,경기도 평택시청,031-8024-4248,2026-03-13,3910000,경기도 평택시
전국도시공원정보표준데이터,https://www.data.go.kr/data/15012890/standard.do,2026-03-13,place,돌패기 어린이공원(청북지구 택지개발),어린이공원,경기도 평택시,경기도 평택시 청북면 옥길리 1073,37.024696,126.913794,"돌패기 어린이공원(청북지구 택지개발)은(는) 어린이공원으로, 아이의 생활권 동화 배경으로 사용할 수 있다.",아이의 집 주변 산책·탐험 동화 배경,고무칩포장+그네+그네보호대+조합놀이대; 자유철봉기+하늘걷기,4-7;8-10,공원;어린이공원;고무칩포장+그네+그네보호대+조합놀이대;자유철봉기+하늘걷기,41220-00497,돌패기 어린이공원(청북지구 택지개발),어린이공원,,경기도 평택시 청북면 옥길리 1073,3832.1,자유철봉기+하늘걷기,고무칩포장+그네+그네보호대+조합놀이대,,,수목보호덮개,2009-12-28,경기도 평택시청,031-8024-4248,2026-03-13,3910000,경기도 평택시
전국도시공원정보표준데이터,https://www.data.go.kr/data/15012890/standard.do,2026-03-13,place,둔터 어린이공원(청북지구 택지개발),어린이공원,경기도 평택시,경기도 평택시 청북면 옥길리 1148,37.024696,126.913794,"둔터 어린이공원(청북지구 택지개발)은(는) 어린이공원으로, 아이의 생활권 동화 배경으로 사용할 수 있다.",아이의 집 주변 산책·탐험 동화 배경,고무칩포장+그네+그네보호대+시소+조합놀이대,4-7;8-10,공원;어린이공원;고무칩포장+그네+그네보호대+시소+조합놀이대,41220-00498,둔터 어린이공원(청북지구 택지개발),어린이공원,,경기도 평택시 청북면 옥길리 1148,1594.1,,고무칩포장+그네+그네보호대+시소+조합놀이대,,,우수관+우수배수로+집수정,2005-10-07,경기도 평택시청,031-8024-4248,2026-03-13,3910000,경기도 평택시
전국도시공원정보표준데이터,https://www.data.go.kr/data/15012890/standard.do,2026-03-13,place,방죽골 어린이공원(안중지구 택지개발),어린이공원,경기도 평택시,경기도 평택시 안중읍 현화리 840-2,36.98111142,126.9242138,"방죽골 어린이공원(안중지구 택지개발)은(는) 어린이공원으로, 아이의 생활권 동화 배경으로 사용할 수 있다.",아이의 집 주변 산책·탐험 동화 배경,고무매트포장+그네+그네보호대+시소+조합놀이대+흔들놀이; 농구대+배드민턴장+배드민턴지주대+온몸허리돌리기+철봉+평행봉+하늘걷기+허리다리뻗기,4-7;8-10,공원;어린이공원;고무매트포장+그네+그네보호대+시소+조합놀이대+흔들놀이;농구대+배드민턴장+배드민턴지주대+온몸허리돌리기+철봉+평행봉+하늘걷기+허리다리뻗기,41220-00499,방죽골 어린이공원(안중지구 택지개발),어린이공원,,경기도 평택시 안중읍 현화리 840-2,6014.9,농구대+배드민턴장+배드민턴지주대+온몸허리돌리기+철봉+평행봉+하늘걷기+허리다리뻗기,고무매트포장+그네+그네보호대+시소+조합놀이대+흔들놀이,육각 음수전+화장실,,소화전+정구장 배수로+집수정,1995-05-02,경기도 평택시청,031-8024-4248,2026-03-13,3910000,경기도 평택시
전국도시공원정보표준데이터,https://www.data.go.kr/data/15012890/standard.do,2026-03-13,place,배당지 어린이공원(청북지구 택지개발),어린이공원,경기도 평택시,경기도 평택시 청북면 옥길리 1099,37.024696,126.913794,"배당지 어린이공원(청북지구 택지개발)은(는) 어린이공원으로, 아이의 생활권 동화 배경으로 사용할 수 있다.",아이의 집 주변 산책·탐험 동화 배경,고무칩포장+조합놀이대,4-7;8-10,공원;어린이공원;고무칩포장+조합놀이대,41220-00500,배당지 어린이공원(청북지구 택지개발),어린이공원,,경기도 평택시 청북면 옥길리 1099,3942,,고무칩포장+조합놀이대,,,집수정+트랜치,2005-10-07,경기도 평택시청,031-8024-4248,2026-03-13,3910000,경기도 평택시
전국도시공원정보표준데이터,https://www.data.go.kr/data/15012890/standard.do,2026-03-13,place,백로 어린이공원(청북지구 택지개발),어린이공원,경기도 평택시,경기도 평택시 청북면 옥길리 1092,37.016615,126.925231,"백로 어린이공원(청북지구 택지개발)은(는) 어린이공원으로, 아이의 생활권 동화 배경으로 사용할 수 있다.",아이의 집 주변 산책·탐험 동화 배경,고무칩포장+조합놀이대+흔들놀이,4-7;8-10,공원;어린이공원;고무칩포장+조합놀이대+흔들놀이,41220-00501,백로 어린이공원(청북지구 택지개발),어린이공원,,경기도 평택시 청북면 옥길리 1092,1732.5,,고무칩포장+조합놀이대+흔들놀이,,,,2005-10-07,경기도 평택시청,031-8024-4248,2026-03-13,3910000,경기도 평택시
전국도시공원정보표준데이터,https://www.data.go.kr/data/15012890/standard.do,2026-03-13,place,비파 어린이공원(청북지구 택지개발),어린이공원,경기도 평택시,경기도 평택시 청북면 옥길리 1164,37.028514,126.911493,"비파 어린이공원(청북지구 택지개발)은(는) 어린이공원으로, 아이의 생활권 동화 배경으로 사용할 수 있다.",아이의 집 주변 산책·탐험 동화 배경,개구리놀이+거미소리골+고무칩포장+그네+그네보호대+조합놀이대,4-7;8-10,공원;어린이공원;개구리놀이+거미소리골+고무칩포장+그네+그네보호대+조합놀이대,41220-00502,비파 어린이공원(청북지구 택지개발),어린이공원,,경기도 평택시 청북면 옥길리 1164,2340.9,,개구리놀이+거미소리골+고무칩포장+그네+그네보호대+조합놀이대,,,수목보호틀+우수관+집수정,2005-10-07,경기도 평택시청,031-8024-4248,2026-03-13,3910000,경기도 평택시
전국도시공원정보표준데이터,https://www.data.go.kr/data/15012890/standard.do,2026-03-13,place,서당제 어린이공원(안중지구 택지개발),어린이공원,경기도 평택시,경기도 평택시 안중읍 현화리 824-4,36.982991,126.918873,"서당제 어린이공원(안중지구 택지개발)은(는) 어린이공원으로, 아이의 생활권 동화 배경으로 사용할 수 있다.",아이의 집 주변 산책·탐험 동화 배경,고무칩포장+그네+그네보호대+시소+조합놀이대+흔들놀이; 마라톤운동기+배드민턴장+배드민턴지주대+온몸노젓기+하늘걷기,4-7;8-10,공원;어린이공원;고무칩포장+그네+그네보호대+시소+조합놀이대+흔들놀이;마라톤운동기+배드민턴장+배드민턴지주대+온몸노젓기+하늘걷기,41220-00503,서당제 어린이공원(안중지구 택지개발),어린이공원,,경기도 평택시 안중읍 현화리 824-4,4652.4,마라톤운동기+배드민턴장+배드민턴지주대+온몸노젓기+하늘걷기,고무칩포장+그네+그네보호대+시소+조합놀이대+흔들놀이,음수전+화장실,,배수로+조형물출입문 기둥+집수정+트랜치,1995-05-02,경기도 평택시청,031-8024-4248,2026-03-13,3910000,경기도 평택시
전국도시공원정보표준데이터,https://www.data.go.kr/data/15012890/standard.do,2026-03-13,place,송담4로 어린이공원(안중송담지구),어린이공원,경기도 평택시,경기도 평택시 안중읍 안중리 96-8,36.986820,126.935346,"송담4로 어린이공원(안중송담지구)은(는) 어린이공원으로, 아이의 생활권 동화 배경으로 사용할 수 있다.",아이의 집 주변 산책·탐험 동화 배경,고무칩포장+버섯의자+조합놀이대+회전놀이대+흔들놀이,4-7;8-10,공원;어린이공원;고무칩포장+버섯의자+조합놀이대+회전놀이대+흔들놀이,41220-00504,송담4로 어린이공원(안중송담지구),어린이공원,,경기도 평택시 안중읍 안중리 96-8,1540,,고무칩포장+버섯의자+조합놀이대+회전놀이대+흔들놀이,,,U형측구+집수정+흉관,2006-02-06,경기도 평택시청,031-8024-4248,2026-03-13,3910000,경기도 평택시
전국도시공원정보표준데이터,https://www.data.go.kr/data/15012890/standard.do,2026-03-13,place,신흥 마을쉼터,기타,경기도 평택시,경기도 평택시 신장동 646-8,37.086660,127.057540,"신흥 마을쉼터은(는) 기타으로, 아이의 생활권 동화 배경으로 사용할 수 있다.",아이의 집 주변 산책·탐험 동화 배경,등허리지압기+마라톤운동기+발바닥목재판걷기+발바닥지압기+어깨근육풀기+온몸역기올리기+온몸허리돌리기,4-7;8-10,공원;기타;등허리지압기+마라톤운동기+발바닥목재판걷기+발바닥지압기+어깨근육풀기+온몸역기올리기+온몸허리돌리기,41220-00260,신흥 마을쉼터,기타,,경기도 평택시 신장동 646-8,738,등허리지압기+마라톤운동기+발바닥목재판걷기+발바닥지압기+어깨근육풀기+온몸역기올리기+온몸허리돌리기,,,,집수정,,경기도 평택시청,031-8024-4248,2026-03-13,3910000,경기도 평택시
전국도시공원정보표준데이터,https://www.data.go.kr/data/15012890/standard.do,2026-03-13,place,적봉 마을쉼터,기타,경기도 평택시,경기도 평택시 서정동 972,37.07771363,127.0421127,"적봉 마을쉼터은(는) 기타으로, 아이의 생활권 동화 배경으로 사용할 수 있다.",아이의 집 주변 산책·탐험 동화 배경,고무매트포장+그네+조합놀이대+흔들놀이; 마라톤운동기+발바닥지압걷기+어깨근육풀기+옆파도타기+온몸허리돌리기+족구대+족구장+탁구대(이동식)+하늘걷기,4-7;8-10,공원;기타;고무매트포장+그네+조합놀이대+흔들놀이;마라톤운동기+발바닥지압걷기+어깨근육풀기+옆파도타기+온몸허리돌리기+족구대+족구장+탁구대(이동식)+하늘걷기,41220-00261,적봉 마을쉼터,기타,,경기도 평택시 서정동 972,1002,마라톤운동기+발바닥지압걷기+어깨근육풀기+옆파도타기+온몸허리돌리기+족구대+족구장+탁구대(이동식)+하늘걷기,고무매트포장+그네+조합놀이대+흔들놀이,,,옹벽+집수정+트랜치,,경기도 평택시청,031-8024-4248,2026-03-13,3910000,경기도 평택시
전국도시공원정보표준데이터,https://www.data.go.kr/data/15012890/standard.do,2026-03-13,place,하북3리 마을쉼터,기타,경기도 평택시,경기도 평택시 진위면 하북리 187-12,37.104372,127.058457,"하북3리 마을쉼터은(는) 기타으로, 아이의 생활권 동화 배경으로 사용할 수 있다.",아이의 집 주변 산책·탐험 동화 배경,고무칩포장+조합놀이대; 온몸역기올리기+온몸허리돌리기+윗몸일으키기+지압길 포장+하늘걷기,4-7;8-10,공원;기타;고무칩포장+조합놀이대;온몸역기올리기+온몸허리돌리기+윗몸일으키기+지압길;포장+하늘걷기,41220-00262,하북3리 마을쉼터,기타,,경기도 평택시 진위면 하북리 187-12,999,온몸역기올리기+온몸허리돌리기+윗몸일으키기+지압길 포장+하늘걷기,고무칩포장+조합놀이대,,,U형측구+수목보호대,,경기도 평택시청,031-8024-4248,2026-03-13,3910000,경기도 평택시
전국도시공원정보표준데이터,https://www.data.go.kr/data/15012890/standard.do,2026-03-13,place,통복2 수변공원(수촌지구),수변공원,경기도 평택시,경기도 평택시 수촌길 50 (칠원동),37.02080218,127.113503,"통복2 수변공원(수촌지구)은(는) 수변공원으로, 아이의 생활권 동화 배경으로 사용할 수 있다.",아이의 집 주변 산책·탐험 동화 배경,"공원에서 색깔, 나무, 놀이시설을 찾아보는 관찰 미션",4-7;8-10,공원;수변공원,41220-00308,통복2 수변공원(수촌지구),수변공원,경기도 평택시 수촌길 50 (칠원동),경기도 평택시 칠원동 286,13256,,,,,,2009-12-16,경기도 평택시청,031-8024-4248,2026-03-13,3910000,경기도 평택시
전국도시공원정보표준데이터,https://www.data.go.kr/data/15012890/standard.do,2026-01-15,place,영복,어린이공원,경기도 수원시,경기도 수원시 장안구 영화동 396-13,37.28922453,127.0027517,"영복은(는) 어린이공원으로, 아이의 생활권 동화 배경으로 사용할 수 있다.",아이의 집 주변 산책·탐험 동화 배경,휴게쉼터,4-7;8-10,공원;어린이공원;휴게쉼터,41111-00025,영복,어린이공원,,경기도 수원시 장안구 영화동 396-13,204.7,,휴게쉼터,,,,,경기도 수원시 장안구 녹지공원과,031-5191-5995,2026-01-15,3740000,경기도 수원시
전국도시공원정보표준데이터,https://www.data.go.kr/data/15012890/standard.do,2026-01-15,place,대추원,어린이공원,경기도 수원시,경기도 수원시 장안구 금당로 39번길 33,37.30451968,127.0151755,"대추원은(는) 어린이공원으로, 아이의 생활권 동화 배경으로 사용할 수 있다.",아이의 집 주변 산책·탐험 동화 배경,조합놀이대1,4-7;8-10,공원;어린이공원;조합놀이대1,41111-00026,대추원,어린이공원,경기도 수원시 장안구 금당로 39번길 33,경기도 수원시 장안구 조원동 855,2160,,조합놀이대1,,,,,경기도 수원시 장안구 녹지공원과,031-5191-5995,2026-01-15,3740000,경기도 수원시
전국도시공원정보표준데이터,https://www.data.go.kr/data/15012890/standard.do,2026-01-15,place,조원,어린이공원,경기도 수원시,경기도 수원시 장안구 조원동 860,37.30368019,127.0172351,"조원은(는) 어린이공원으로, 아이의 생활권 동화 배경으로 사용할 수 있다.",아이의 집 주변 산책·탐험 동화 배경,조합놀이대1; 다목적구장(농구)1,4-7;8-10,공원;어린이공원;조합놀이대1;다목적구장(농구)1,41111-00027,조원,어린이공원,,경기도 수원시 장안구 조원동 860,2500,다목적구장(농구)1,조합놀이대1,,,,,경기도 수원시 장안구 녹지공원과,031-5191-5995,2026-01-15,3740000,경기도 수원시
전국도시공원정보표준데이터,https://www.data.go.kr/data/15012890/standard.do,2026-01-15,place,금당,어린이공원,경기도 수원시,경기도 수원시 장안구 금당로 39번길 34,37.30439047,127.0178064,"금당은(는) 어린이공원으로, 아이의 생활권 동화 배경으로 사용할 수 있다.",아이의 집 주변 산책·탐험 동화 배경,조합놀이대1,4-7;8-10,공원;어린이공원;조합놀이대1,41111-00028,금당,어린이공원,경기도 수원시 장안구 금당로 39번길 34,경기도 수원시 장안구 조원동 861,2150,,조합놀이대1,,,,,경기도 수원시 장안구 녹지공원과,031-5191-5995,2026-01-15,3740000,경기도 수원시
전국도시공원정보표준데이터,https://www.data.go.kr/data/15012890/standard.do,2026-01-15,place,별,어린이공원,경기도 수원시,경기도 수원시 장안구 하률로 46번길 22,37.30267863,126.9776435,"별은(는) 어린이공원으로, 아이의 생활권 동화 배경으로 사용할 수 있다.",아이의 집 주변 산책·탐험 동화 배경,조합놀이대1,4-7;8-10,공원;어린이공원;조합놀이대1,41111-00029,별,어린이공원,경기도 수원시 장안구 하률로 46번길 22,경기도 수원시 장안구 천천동 565,2202,,조합놀이대1,,,,,경기도 수원시 장안구 녹지공원과,031-5191-5995,2026-01-15,3740000,경기도 수원시
전국도시공원정보표준데이터,https://www.data.go.kr/data/15012890/standard.do,2026-01-15,place,달,어린이공원,경기도 수원시,경기도 수원시 장안구 하률로 46번길 17,37.30269384,126.9785128,"달은(는) 어린이공원으로, 아이의 생활권 동화 배경으로 사용할 수 있다.",아이의 집 주변 산책·탐험 동화 배경,조합놀이대1; 다목적구장(농구+족구)2,4-7;8-10,공원;어린이공원;조합놀이대1;다목적구장(농구+족구)2,41111-00030,달,어린이공원,경기도 수원시 장안구 하률로 46번길 17,경기도 수원시 장안구 천천동 566,3742.8,다목적구장(농구+족구)2,조합놀이대1,,,,,경기도 수원시 장안구 녹지공원과,031-5191-5995,2026-01-15,3740000,경기도 수원시
전국도시공원정보표준데이터,https://www.data.go.kr/data/15012890/standard.do,2026-01-15,place,하늘,어린이공원,경기도 수원시,경기도 수원시 장안구 천천동 551-16,37.30368551,126.9758072,"하늘은(는) 어린이공원으로, 아이의 생활권 동화 배경으로 사용할 수 있다.",아이의 집 주변 산책·탐험 동화 배경,원형무대1,4-7;8-10,공원;어린이공원;원형무대1,41111-00031,하늘,어린이공원,,경기도 수원시 장안구 천천동 551-16,3274.5,,원형무대1,,,,,경기도 수원시 장안구 녹지공원과,031-5191-5995,2026-01-15,3740000,경기도 수원시
전국도시공원정보표준데이터,https://www.data.go.kr/data/15012890/standard.do,2026-01-15,place,바람,어린이공원,경기도 수원시,경기도 수원시 장안구 정자로 41번길 12,37.30115977,126.9819739,"바람은(는) 어린이공원으로, 아이의 생활권 동화 배경으로 사용할 수 있다.",아이의 집 주변 산책·탐험 동화 배경,조합놀이대1; 다목적구장(족구)1,4-7;8-10,공원;어린이공원;조합놀이대1;다목적구장(족구)1,41111-00032,바람,어린이공원,경기도 수원시 장안구 정자로 41번길 12,경기도 수원시 장안구 천천동 482,1960.6,다목적구장(족구)1,조합놀이대1,,,,,경기도 수원시 장안구 녹지공원과,031-5191-5995,2026-01-15,3740000,경기도 수원시
전국도시공원정보표준데이터,https://www.data.go.kr/data/15012890/standard.do,2026-01-15,place,샘터,어린이공원,경기도 수원시,경기도 수원시 장안구 천천동 505-2,37.29939524,126.9792424,"샘터은(는) 어린이공원으로, 아이의 생활권 동화 배경으로 사용할 수 있다.",아이의 집 주변 산책·탐험 동화 배경,조합놀이대1; 다목적구장(농구)1,4-7;8-10,공원;어린이공원;조합놀이대1;다목적구장(농구)1,41111-00033,샘터,어린이공원,,경기도 수원시 장안구 천천동 505-2,1863.2,다목적구장(농구)1,조합놀이대1,,,,,경기도 수원시 장안구 녹지공원과,031-5191-5995,2026-01-15,3740000,경기도 수원시
전국도시공원정보표준데이터,https://www.data.go.kr/data/15012890/standard.do,2026-01-15,place,천천,어린이공원,경기도 수원시,경기도 수원시 장안구 천천동 511-2,37.29916341,126.9818185,"천천은(는) 어린이공원으로, 아이의 생활권 동화 배경으로 사용할 수 있다.",아이의 집 주변 산책·탐험 동화 배경,조합놀이대1,4-7;8-10,공원;어린이공원;조합놀이대1,41111-00034,천천,어린이공원,,경기도 수원시 장안구 천천동 511-2,1839.1,,조합놀이대1,,,,,경기도 수원시 장안구 녹지공원과,031-5191-5995,2026-01-15,3740000,경기도 수원시
전국도시공원정보표준데이터,https://www.data.go.kr/data/15012890/standard.do,2026-01-15,place,초록,어린이공원,경기도 수원시,경기도 수원시 장안구 천천로 74번길 50,37.29693844,126.9870001,"초록은(는) 어린이공원으로, 아이의 생활권 동화 배경으로 사용할 수 있다.",아이의 집 주변 산책·탐험 동화 배경,조합놀이대1+원형무대1,4-7;8-10,공원;어린이공원;조합놀이대1+원형무대1,41111-00035,초록,어린이공원,경기도 수원시 장안구 천천로 74번길 50,경기도 수원시 장안구 정자동 937,2204.1,,조합놀이대1+원형무대1,,,,,경기도 수원시 장안구 녹지공원과,031-5191-5995,2026-01-15,3740000,경기도 수원시
전국도시공원정보표준데이터,https://www.data.go.kr/data/15012890/standard.do,2026-01-15,place,비단,어린이공원,경기도 수원시,경기도 수원시 장안구 천천동 529,37.29751654,126.9833844,"비단은(는) 어린이공원으로, 아이의 생활권 동화 배경으로 사용할 수 있다.",아이의 집 주변 산책·탐험 동화 배경,조합놀이대1; 다목적구장(농구)1,4-7;8-10,공원;어린이공원;조합놀이대1;다목적구장(농구)1,41111-00036,비단,어린이공원,,경기도 수원시 장안구 천천동 529,2309.5,다목적구장(농구)1,조합놀이대1,,,,,경기도 수원시 장안구 녹지공원과,031-5191-5995,2026-01-15,3740000,경기도 수원시
전국도시공원정보표준데이터,https://www.data.go.kr/data/15012890/standard.do,2026-01-15,place,청솔,어린이공원,경기도 수원시,경기도 수원시 장안구 만석로 20번길 28,37.29385892,126.9844114,"청솔은(는) 어린이공원으로, 아이의 생활권 동화 배경으로 사용할 수 있다.",아이의 집 주변 산책·탐험 동화 배경,조합놀이대1; 다목적구장(농구)1,4-7;8-10,공원;어린이공원;조합놀이대1;다목적구장(농구)1,41111-00037,청솔,어린이공원,경기도 수원시 장안구 만석로 20번길 28,경기도 수원시 장안구 정자동 919,2000.1,다목적구장(농구)1,조합놀이대1,,,,,경기도 수원시 장안구 녹지공원과,031-5191-5995,2026-01-15,3740000,경기도 수원시
전국도시공원정보표준데이터,https://www.data.go.kr/data/15012890/standard.do,2026-01-15,place,신동수변공원,수변공원,경기도 수원시,경기도 수원시 영통구 덕영대로 1373번길 66,37.24740815,127.0404663,"신동수변공원은(는) 수변공원으로, 아이의 생활권 동화 배경으로 사용할 수 있다.",아이의 집 주변 산책·탐험 동화 배경,"공원에서 색깔, 나무, 놀이시설을 찾아보는 관찰 미션",4-7;8-10,공원;수변공원,41117-00030,신동수변공원,수변공원,경기도 수원시 영통구 덕영대로 1373번길 66,경기도 수원시 영통구 신동 942,24329,,,,,,,경기도 수원시 영통구 녹지공원과,031-5191-8331,2026-01-15,3740000,경기도 수원시
전국도시공원정보표준데이터,https://www.data.go.kr/data/15012890/standard.do,2026-01-15,place,세일,어린이공원,경기도 수원시,경기도 수원시 장안구 이목로 74번길 42,37.31001292,126.9907275,"세일은(는) 어린이공원으로, 아이의 생활권 동화 배경으로 사용할 수 있다.",아이의 집 주변 산책·탐험 동화 배경,조합놀이대1,4-7;8-10,공원;어린이공원;조합놀이대1,41111-00012,세일,어린이공원,경기도 수원시 장안구 이목로 74번길 42,경기도 수원시 장안구 파장동 561,3172,,조합놀이대1,노인정1,,,,경기도 수원시 장안구 녹지공원과,031-5191-5995,2026-01-15,3740000,경기도 수원시
전국도시공원정보표준데이터,https://www.data.go.kr/data/15012890/standard.do,2026-01-15,place,장우,어린이공원,경기도 수원시,경기도 수원시 장안구 파장동 593-4,37.30731373,126.9966882,"장우은(는) 어린이공원으로, 아이의 생활권 동화 배경으로 사용할 수 있다.",아이의 집 주변 산책·탐험 동화 배경,조합놀이대1; 조합놀이대1,4-7;8-10,공원;어린이공원;조합놀이대1,41111-00013,장우,어린이공원,,경기도 수원시 장안구 파장동 593-4,2675.7,조합놀이대1,조합놀이대1,,,,,경기도 수원시 장안구 녹지공원과,031-5191-5995,2026-01-15,3740000,경기도 수원시
전국도시공원정보표준데이터,https://www.data.go.kr/data/15012890/standard.do,2026-01-15,place,사색,근린공원,경기도 수원시,경기도 수원시 영통구 원천동 588,37.28323083,127.0548829,"사색은(는) 근린공원으로, 아이의 생활권 동화 배경으로 사용할 수 있다.",아이의 집 주변 산책·탐험 동화 배경,계류1,4-7;8-10,공원;근린공원;계류1,41117-00022,사색,근린공원,,경기도 수원시 영통구 원천동 588,260086.1,,계류1,화장실1,,,,경기도 수원시 영통구 녹지공원과,031-5191-8331,2026-01-15,3740000,경기도 수원시
전국도시공원정보표준데이터,https://www.data.go.kr/data/15012890/standard.do,2026-01-15,place,텃밭,근린공원,경기도 수원시,경기도 수원시 영통구 원천동 596-1,37.27302817,127.0632063,"텃밭은(는) 근린공원으로, 아이의 생활권 동화 배경으로 사용할 수 있다.",아이의 집 주변 산책·탐험 동화 배경,"공원에서 색깔, 나무, 놀이시설을 찾아보는 관찰 미션",4-7;8-10,공원;근린공원,41117-00023,텃밭,근린공원,,경기도 수원시 영통구 원천동 596-1,33295.6,,,,,,,경기도 수원시 영통구 녹지공원과,031-5191-8331,2026-01-15,3740000,경기도 수원시
전국도시공원정보표준데이터,https://www.data.go.kr/data/15012890/standard.do,2026-01-15,place,번암가족,근린공원,경기도 수원시,경기도 수원시 영통구 하동 1002,37.29674051,127.0879704,"번암가족은(는) 근린공원으로, 아이의 생활권 동화 배경으로 사용할 수 있다.",아이의 집 주변 산책·탐험 동화 배경,"공원에서 색깔, 나무, 놀이시설을 찾아보는 관찰 미션",4-7;8-10,공원;근린공원,41117-00024,번암가족,근린공원,,경기도 수원시 영통구 하동 1002,116170,,,,,,,경기도 수원시 영통구 녹지공원과,031-5191-8331,2026-01-15,3740000,경기도 수원시
전국도시공원정보표준데이터,https://www.data.go.kr/data/15012890/standard.do,2026-01-15,place,71호근린공원,근린공원,경기도 수원시,경기도 수원시 영통구 이의동 1365,37.28401494,127.0394157,"71호근린공원은(는) 근린공원으로, 아이의 생활권 동화 배경으로 사용할 수 있다.",아이의 집 주변 산책·탐험 동화 배경,"공원에서 색깔, 나무, 놀이시설을 찾아보는 관찰 미션",4-7;8-10,공원;근린공원,41117-00025,71호근린공원,근린공원,,경기도 수원시 영통구 이의동 1365,11863.9,,,,,,,경기도 수원시 영통구 녹지공원과,031-5191-8331,2026-01-15,3740000,경기도 수원시
전국도시공원정보표준데이터,https://www.data.go.kr/data/15012890/standard.do,2026-01-15,place,광교호수공원,근린공원,경기도 수원시,경기도 수원시 영통구 광교호수로 57,37.27499276,127.0652651,"광교호수공원은(는) 근린공원으로, 아이의 생활권 동화 배경으로 사용할 수 있다.",아이의 집 주변 산책·탐험 동화 배경,분수9+캠핑장1+조합놀이대2; 클라이밍장1,4-7;8-10,공원;근린공원;분수9+캠핑장1+조합놀이대2;클라이밍장1,41117-00026,광교호수공원,근린공원,경기도 수원시 영통구 광교호수로 57,경기도 수원시 영통구 하동 1023,1764901.7,클라이밍장1,분수9+캠핑장1+조합놀이대2,화장실10+매점3,,주차장,,경기도 수원시 공원녹지사업소 공원관리과,031-5191-4192,2026-01-15,3740000,경기도 수원시
전국도시공원정보표준데이터,https://www.data.go.kr/data/15012890/standard.do,2026-01-15,place,방죽,근린공원,경기도 수원시,경기도 수원시 영통구 덕영대로 1484번길 10-25,37.24470146,127.0514803,"방죽은(는) 근린공원으로, 아이의 생활권 동화 배경으로 사용할 수 있다.",아이의 집 주변 산책·탐험 동화 배경,물놀이시설1,4-7;8-10,공원;근린공원;물놀이시설1,41117-00027,방죽,근린공원,경기도 수원시 영통구 덕영대로 1484번길 10-25,경기도 수원시 영통구 망포동 737,20801.8,물놀이시설1,,화장실1,,,,경기도 수원시 영통구 녹지공원과,031-5191-8331,2026-01-15,3740000,경기도 수원시
전국도시공원정보표준데이터,https://www.data.go.kr/data/15012890/standard.do,2026-01-15,place,지성,근린공원,경기도 수원시,경기도 수원시 영통구 동탄지성로 520,37.23882922,127.0463235,"지성은(는) 근린공원으로, 아이의 생활권 동화 배경으로 사용할 수 있다.",아이의 집 주변 산책·탐험 동화 배경,게이트볼장1+다목적구장1,4-7;8-10,공원;근린공원;게이트볼장1+다목적구장1,41117-00028,지성,근린공원,경기도 수원시 영통구 동탄지성로 520,경기도 수원시 영통구 망포동 755,15320.6,게이트볼장1+다목적구장1,,화장실1,,,,경기도 수원시 영통구 녹지공원과,031-5191-8331,2026-01-15,3740000,경기도 수원시
전국도시공원정보표준데이터,https://www.data.go.kr/data/15012890/standard.do,2026-01-15,place,수원광교박물관 인근,역사공원,경기도 수원시,경기도 수원시 영통구 이의동 산13-88,37.29764664,127.0530962,"수원광교박물관 인근은(는) 역사공원으로, 아이의 생활권 동화 배경으로 사용할 수 있다.",아이의 집 주변 산책·탐험 동화 배경,박물관1,4-7;8-10,공원;역사공원;박물관1,41117-00029,수원광교박물관 인근,역사공원,,경기도 수원시 영통구 이의동 산13-88,131972,,,화장실2,박물관1,주차장,,경기도 수원시 영통구 녹지공원과,031-5191-8331,2026-01-15,3740000,경기도 수원시
전국도시공원정보표준데이터,https://www.data.go.kr/data/15012890/standard.do,2026-01-15,place,혜령,근린공원,경기도 수원시,경기도 수원시 영통구 에듀타운로 91,37.28826802,127.0452351,"혜령은(는) 근린공원으로, 아이의 생활권 동화 배경으로 사용할 수 있다.",아이의 집 주변 산책·탐험 동화 배경,케스케이드1(물순환시스템); 게이트볼장1+다목적구장(농구+풋살)1+배드민턴장1,4-7;8-10,공원;근린공원;케스케이드1(물순환시스템);게이트볼장1+다목적구장(농구+풋살)1+배드민턴장1,41117-00021,혜령,근린공원,경기도 수원시 영통구 에듀타운로 91,경기도 수원시 영통구 이의동 1354,203137.8,게이트볼장1+다목적구장(농구+풋살)1+배드민턴장1,케스케이드1(물순환시스템),화장실1,,,,경기도 수원시 영통구 녹지공원과,031-5191-8331,2026-01-15,3740000,경기도 수원시
전국도시공원정보표준데이터,https://www.data.go.kr/data/15012890/standard.do,2026-01-15,place,서호꽃뫼공원,근린공원,경기도 수원시,경기도 수원시 팔달구 수성로 120,37.28420801,126.9867613,"서호꽃뫼공원은(는) 근린공원으로, 아이의 생활권 동화 배경으로 사용할 수 있다.",아이의 집 주변 산책·탐험 동화 배경,포시즌가든+텃밭; 농구장2+배드민턴장1,4-7;8-10,공원;근린공원;포시즌가든+텃밭;농구장2+배드민턴장1,41115-00004,서호꽃뫼공원,근린공원,경기도 수원시 팔달구 수성로 120,경기도 수원시 팔달구 화서동 410-6,56450.2,농구장2+배드민턴장1,포시즌가든+텃밭,화장실1,,,,경기도 수원시 팔달구 녹지공원과,031-5191-7043,2026-01-15,3740000,경기도 수원시
전국도시공원정보표준데이터,https://www.data.go.kr/data/15012890/standard.do,2026-01-15,place,종루공원,역사공원,경기도 수원시,경기도 수원시 팔달구 정조로 824,37.28156226,127.0169524,"종루공원은(는) 역사공원으로, 아이의 생활권 동화 배경으로 사용할 수 있다.",아이의 집 주변 산책·탐험 동화 배경,"공원에서 색깔, 나무, 놀이시설을 찾아보는 관찰 미션",4-7;8-10,공원;역사공원,41115-00005,종루공원,역사공원,경기도 수원시 팔달구 정조로 824,경기도 수원시 팔달구 팔달로1가 6-1,1013.6,,,,,,,경기도 수원시 화성사업소 문화유산시설과,031-5191-4473,2026-01-15,3740000,경기도 수원시
전국도시공원정보표준데이터,https://www.data.go.kr/data/15012890/standard.do,2026-01-15,place,3호역사공원,역사공원,경기도 수원시,경기도 수원시 팔달구 신풍로 14,37.28253808,127.0149731,"3호역사공원은(는) 역사공원으로, 아이의 생활권 동화 배경으로 사용할 수 있다.",아이의 집 주변 산책·탐험 동화 배경,"공원에서 색깔, 나무, 놀이시설을 찾아보는 관찰 미션",4-7;8-10,공원;역사공원,41115-00006,3호역사공원,역사공원,경기도 수원시 팔달구 신풍로 14,경기도 수원시 팔달구 신풍동 221-8,3536,,,,,,,경기도 수원시 화성사업소 문화유산시설과,031-5191-4473,2026-01-15,3740000,경기도 수원시
전국도시공원정보표준데이터,https://www.data.go.kr/data/15012890/standard.do,2026-01-15,place,매탄,근린공원,경기도 수원시,경기도 수원시 영통구 매탄로 185,37.26713341,127.0454804,"매탄은(는) 근린공원으로, 아이의 생활권 동화 배경으로 사용할 수 있다.",아이의 집 주변 산책·탐험 동화 배경,배드민턴장1+축구장1+테니스장1+농구장1+족구장1+탁구장1+ 게이트볼장1,4-7;8-10,공원;근린공원;배드민턴장1+축구장1+테니스장1+농구장1+족구장1+탁구장1+;게이트볼장1,41117-00001,매탄,근린공원,경기도 수원시 영통구 매탄로 185,경기도 수원시 영통구 매탄동 811,59956,배드민턴장1+축구장1+테니스장1+농구장1+족구장1+탁구장1+ 게이트볼장1,,노인정1+화장실1,,,,경기도 수원시 영통구 녹지공원과,031-5191-8331,2026-01-15,3740000,경기도 수원시
전국도시공원정보표준데이터,https://www.data.go.kr/data/15012890/standard.do,2026-01-15,place,매봉,근린공원,경기도 수원시,경기도 수원시 영통구 동탄원천로 1109번길 61,37.26961594,127.0550597,"매봉은(는) 근린공원으로, 아이의 생활권 동화 배경으로 사용할 수 있다.",아이의 집 주변 산책·탐험 동화 배경,게이트볼장1+농구장1,4-7;8-10,공원;근린공원;게이트볼장1+농구장1,41117-00002,매봉,근린공원,경기도 수원시 영통구 동탄원천로 1109번길 61,경기도 수원시 영통구 매탄동 1210,23673.4,게이트볼장1+농구장1,,화장실1,,,,경기도 수원시 영통구 녹지공원과,031-5191-8331,2026-01-15,3740000,경기도 수원시
전국도시공원정보표준데이터,https://www.data.go.kr/data/15012890/standard.do,2026-01-15,place,효정,어린이공원,경기도 수원시,경기도 수원시 권선구 권선동 1232,37.25494733,127.0333658,"효정은(는) 어린이공원으로, 아이의 생활권 동화 배경으로 사용할 수 있다.",아이의 집 주변 산책·탐험 동화 배경,조합놀이대1,4-7;8-10,공원;어린이공원;조합놀이대1,41113-00063,효정,어린이공원,,경기도 수원시 권선구 권선동 1232,2529.8,,조합놀이대1,화장실1,,,,경기도 수원시 권선구 녹지공원과,031-5191-6195,2026-01-15,3740000,경기도 수원시
전국도시공원정보표준데이터,https://www.data.go.kr/data/15012890/standard.do,2026-01-15,place,꽃잎,어린이공원,경기도 수원시,경기도 수원시 권선구 권선동 1273,37.24991194,127.0320242,"꽃잎은(는) 어린이공원으로, 아이의 생활권 동화 배경으로 사용할 수 있다.",아이의 집 주변 산책·탐험 동화 배경,조합놀이대1,4-7;8-10,공원;어린이공원;조합놀이대1,41113-00064,꽃잎,어린이공원,,경기도 수원시 권선구 권선동 1273,1624.7,,조합놀이대1,화장실1,,,,경기도 수원시 권선구 녹지공원과,031-5191-6195,2026-01-15,3740000,경기도 수원시
전국도시공원정보표준데이터,https://www.data.go.kr/data/15012890/standard.do,2026-01-15,place,솔뫼,어린이공원,경기도 수원시,경기도 수원시 장안구 천천로 21번길 11,37.2934661,126.9869171,"솔뫼은(는) 어린이공원으로, 아이의 생활권 동화 배경으로 사용할 수 있다.",아이의 집 주변 산책·탐험 동화 배경,조합놀이대1; 다목적구장(농구)2,4-7;8-10,공원;어린이공원;조합놀이대1;다목적구장(농구)2,41111-00038,솔뫼,어린이공원,경기도 수원시 장안구 천천로 21번길 11,경기도 수원시 장안구 정자동 923,6028.5,다목적구장(농구)2,조합놀이대1,,,,,경기도 수원시 장안구 녹지공원과,031-5191-5995,2026-01-15,3740000,경기도 수원시
전국도시공원정보표준데이터,https://www.data.go.kr/data/15012890/standard.do,2026-01-15,place,연꽃,어린이공원,경기도 수원시,경기도 수원시 장안구 정자동 873-2,37.29914994,126.9946448,"연꽃은(는) 어린이공원으로, 아이의 생활권 동화 배경으로 사용할 수 있다.",아이의 집 주변 산책·탐험 동화 배경,조합놀이대1,4-7;8-10,공원;어린이공원;조합놀이대1,41111-00039,연꽃,어린이공원,,경기도 수원시 장안구 정자동 873-2,2267,,조합놀이대1,,,,,경기도 수원시 장안구 녹지공원과,031-5191-5995,2026-01-15,3740000,경기도 수원시
전국도시공원정보표준데이터,https://www.data.go.kr/data/15012890/standard.do,2026-01-15,place,대평,어린이공원,경기도 수원시,경기도 수원시 장안구 만석로 68번길 10,37.29674446,126.9889194,"대평은(는) 어린이공원으로, 아이의 생활권 동화 배경으로 사용할 수 있다.",아이의 집 주변 산책·탐험 동화 배경,조합놀이대1,4-7;8-10,공원;어린이공원;조합놀이대1,41111-00040,대평,어린이공원,경기도 수원시 장안구 만석로 68번길 10,경기도 수원시 장안구 정자동 870-1,3000.1,,조합놀이대1,,,,,경기도 수원시 장안구 녹지공원과,031-5191-5995,2026-01-15,3740000,경기도 수원시
전국도시공원정보표준데이터,https://www.data.go.kr/data/15012890/standard.do,2026-01-15,place,백설,어린이공원,경기도 수원시,경기도 수원시 장안구 정자천로 133번길 26,37.29513422,126.9911147,"백설은(는) 어린이공원으로, 아이의 생활권 동화 배경으로 사용할 수 있다.",아이의 집 주변 산책·탐험 동화 배경,조합놀이대1; 다목적구장(농구)2,4-7;8-10,공원;어린이공원;조합놀이대1;다목적구장(농구)2,41111-00041,백설,어린이공원,경기도 수원시 장안구 정자천로 133번길 26,경기도 수원시 장안구 정자동 879-1,2999.9,다목적구장(농구)2,조합놀이대1,,,,,경기도 수원시 장안구 녹지공원과,031-5191-5995,2026-01-15,3740000,경기도 수원시
전국도시공원정보표준데이터,https://www.data.go.kr/data/15012890/standard.do,2026-01-15,place,꽃뫼,어린이공원,경기도 수원시,경기도 수원시 장안구 정자동 883-3,37.29287891,126.9920965,"꽃뫼은(는) 어린이공원으로, 아이의 생활권 동화 배경으로 사용할 수 있다.",아이의 집 주변 산책·탐험 동화 배경,조합놀이대1; 다목적구장(농구)1,4-7;8-10,공원;어린이공원;조합놀이대1;다목적구장(농구)1,41111-00042,꽃뫼,어린이공원,,경기도 수원시 장안구 정자동 883-3,3100.1,다목적구장(농구)1,조합놀이대1,,,,,경기도 수원시 장안구 녹지공원과,031-5191-5995,2026-01-15,3740000,경기도 수원시
전국도시공원정보표준데이터,https://www.data.go.kr/data/15012890/standard.do,2026-01-15,place,명인,어린이공원,경기도 수원시,경기도 수원시 장안구 정자천로 188번길 28,37.29497112,126.9955839,"명인은(는) 어린이공원으로, 아이의 생활권 동화 배경으로 사용할 수 있다.",아이의 집 주변 산책·탐험 동화 배경,다목적구장(배드민턴+족구)1,4-7;8-10,공원;어린이공원;다목적구장(배드민턴+족구)1,41111-00043,명인,어린이공원,경기도 수원시 장안구 정자천로 188번길 28,경기도 수원시 장안구 정자동 884-4,2000.1,다목적구장(배드민턴+족구)1,,,,,,경기도 수원시 장안구 녹지공원과,031-5191-5995,2026-01-15,3740000,경기도 수원시
전국도시공원정보표준데이터,https://www.data.go.kr/data/15012890/standard.do,2026-01-15,place,두견,어린이공원,경기도 수원시,경기도 수원시 장안구 정자동 887-2,37.29150236,126.9974648,"두견은(는) 어린이공원으로, 아이의 생활권 동화 배경으로 사용할 수 있다.",아이의 집 주변 산책·탐험 동화 배경,조합놀이대1; 조합놀이대1+ 휴게쉼터,4-7;8-10,공원;어린이공원;조합놀이대1;조합놀이대1+;휴게쉼터,41111-00044,두견,어린이공원,,경기도 수원시 장안구 정자동 887-2,2000,조합놀이대1+ 휴게쉼터,조합놀이대1,,,,,경기도 수원시 장안구 녹지공원과,031-5191-5995,2026-01-15,3740000,경기도 수원시
전국도시공원정보표준데이터,https://www.data.go.kr/data/15012890/standard.do,2026-01-15,place,동신,어린이공원,경기도 수원시,경기도 수원시 장안구 정자동 880-1,37.29483221,126.9901113,"동신은(는) 어린이공원으로, 아이의 생활권 동화 배경으로 사용할 수 있다.",아이의 집 주변 산책·탐험 동화 배경,조합놀이대1; 조합놀이대1+ 휴게쉼터,4-7;8-10,공원;어린이공원;조합놀이대1;조합놀이대1+;휴게쉼터,41111-00045,동신,어린이공원,,경기도 수원시 장안구 정자동 880-1,1600.2,조합놀이대1+ 휴게쉼터,조합놀이대1,,,,,경기도 수원시 장안구 녹지공원과,031-5191-5995,2026-01-15,3740000,경기도 수원시
전국도시공원정보표준데이터,https://www.data.go.kr/data/15012890/standard.do,2026-01-15,place,거북,어린이공원,경기도 수원시,경기도 수원시 장안구 영화동 229-1,37.29306205,127.0148778,"거북은(는) 어린이공원으로, 아이의 생활권 동화 배경으로 사용할 수 있다.",아이의 집 주변 산책·탐험 동화 배경,조합놀이대1; 조합놀이대1+ 휴게쉼터,4-7;8-10,공원;어린이공원;조합놀이대1;조합놀이대1+;휴게쉼터,41111-00046,거북,어린이공원,,경기도 수원시 장안구 영화동 229-1,2113,조합놀이대1+ 휴게쉼터,조합놀이대1,,,,,경기도 수원시 장안구 녹지공원과,031-5191-5995,2026-01-15,3740000,경기도 수원시
전국도시공원정보표준데이터,https://www.data.go.kr/data/15012890/standard.do,2026-01-15,place,화산,어린이공원,경기도 수원시,경기도 수원시 장안구 화산로 85,37.29115659,126.9805545,"화산은(는) 어린이공원으로, 아이의 생활권 동화 배경으로 사용할 수 있다.",아이의 집 주변 산책·탐험 동화 배경,조합놀이대1; 조합놀이대1+ 음수대1+휴게쉼터,4-7;8-10,공원;어린이공원;조합놀이대1;조합놀이대1+;음수대1+휴게쉼터,41111-00047,화산,어린이공원,경기도 수원시 장안구 화산로 85,경기도 수원시 장안구 천천동 333,2000,조합놀이대1+ 음수대1+휴게쉼터,조합놀이대1,,,음수대1,,경기도 수원시 장안구 녹지공원과,031-5191-5995,2026-01-15,3740000,경기도 수원시
전국도시공원정보표준데이터,https://www.data.go.kr/data/15012890/standard.do,2026-01-15,place,정천,어린이공원,경기도 수원시,경기도 수원시 장안구 화산로 85,37.29115659,126.9805545,"정천은(는) 어린이공원으로, 아이의 생활권 동화 배경으로 사용할 수 있다.",아이의 집 주변 산책·탐험 동화 배경,조합놀이대1; 조합놀이대1+ 음수대1+휴게쉼터,4-7;8-10,공원;어린이공원;조합놀이대1;조합놀이대1+;음수대1+휴게쉼터,41111-00048,정천,어린이공원,경기도 수원시 장안구 화산로 85,경기도 수원시 장안구 천천동 333,4100,조합놀이대1+ 음수대1+휴게쉼터,조합놀이대1,,,음수대1,,경기도 수원시 장안구 녹지공원과,031-5191-5995,2026-01-15,3740000,경기도 수원시
전국도시공원정보표준데이터,https://www.data.go.kr/data/15012890/standard.do,2026-01-15,place,율전,어린이공원,경기도 수원시,경기도 수원시 장안구 율전동 601,37.29924994,126.9643046,"율전은(는) 어린이공원으로, 아이의 생활권 동화 배경으로 사용할 수 있다.",아이의 집 주변 산책·탐험 동화 배경,조합놀이대1; 다목적구장(배드민턴)1,4-7;8-10,공원;어린이공원;조합놀이대1;다목적구장(배드민턴)1,41111-00049,율전,어린이공원,,경기도 수원시 장안구 율전동 601,5212.6,다목적구장(배드민턴)1,조합놀이대1,,,,,경기도 수원시 장안구 녹지공원과,031-5191-5995,2026-01-15,3740000,경기도 수원시
전국도시공원정보표준데이터,https://www.data.go.kr/data/15012890/standard.do,2026-01-15,place,해드림,어린이공원,경기도 수원시,경기도 수원시 장안구 이목동 332-1,37.31218176,126.9830698,"해드림은(는) 어린이공원으로, 아이의 생활권 동화 배경으로 사용할 수 있다.",아이의 집 주변 산책·탐험 동화 배경,조합놀이대1,4-7;8-10,공원;어린이공원;조합놀이대1,41111-00050,해드림,어린이공원,,경기도 수원시 장안구 이목동 332-1,1757,,조합놀이대1,,,음수대1,,경기도 수원시 장안구 녹지공원과,031-5191-5995,2026-01-15,3740000,경기도 수원시
전국도시공원정보표준데이터,https://www.data.go.kr/data/15012890/standard.do,2026-01-15,place,해늘찬,어린이공원,경기도 수원시,경기도 수원시 장안구 이목동 519-5,37.31414983,126.9846442,"해늘찬은(는) 어린이공원으로, 아이의 생활권 동화 배경으로 사용할 수 있다.",아이의 집 주변 산책·탐험 동화 배경,조합놀이대1,4-7;8-10,공원;어린이공원;조합놀이대1,41111-00051,해늘찬,어린이공원,,경기도 수원시 장안구 이목동 519-5,2277,,조합놀이대1,,,음수대1,,경기도 수원시 장안구 녹지공원과,031-5191-5995,2026-01-15,3740000,경기도 수원시
전국도시공원정보표준데이터,https://www.data.go.kr/data/15012890/standard.do,2026-01-15,place,노루말,어린이공원,경기도 수원시,경기도 수원시 장안구 정자동 945-2,37.30949297,126.9823575,"노루말은(는) 어린이공원으로, 아이의 생활권 동화 배경으로 사용할 수 있다.",아이의 집 주변 산책·탐험 동화 배경,조합놀이대1,4-7;8-10,공원;어린이공원;조합놀이대1,41111-00052,노루말,어린이공원,,경기도 수원시 장안구 정자동 945-2,1500,,조합놀이대1,,,,,경기도 수원시 장안구 녹지공원과,031-5191-5995,2026-01-15,3740000,경기도 수원시
전국도시공원정보표준데이터,https://www.data.go.kr/data/15012890/standard.do,2026-01-15,place,오리뜰,어린이공원,경기도 수원시,경기도 수원시 장안구 정자동 945-10,37.30544929,126.983509,"오리뜰은(는) 어린이공원으로, 아이의 생활권 동화 배경으로 사용할 수 있다.",아이의 집 주변 산책·탐험 동화 배경,조합놀이대1,4-7;8-10,공원;어린이공원;조합놀이대1,41111-00053,오리뜰,어린이공원,,경기도 수원시 장안구 정자동 945-10,1500.1,,조합놀이대1,,,,,경기도 수원시 장안구 녹지공원과,031-5191-5995,2026-01-15,3740000,경기도 수원시
전국도시공원정보표준데이터,https://www.data.go.kr/data/15012890/standard.do,2026-01-15,place,기차놀이,어린이공원,경기도 수원시,경기도 수원시 권선구 세류동 1280-1,37.2598756,127.0080277,"기차놀이은(는) 어린이공원으로, 아이의 생활권 동화 배경으로 사용할 수 있다.",아이의 집 주변 산책·탐험 동화 배경,조합놀이대1,4-7;8-10,공원;어린이공원;조합놀이대1,41113-00048,기차놀이,어린이공원,,경기도 수원시 권선구 세류동 1280-1,2208.1,,조합놀이대1,,,,,경기도 수원시 권선구 녹지공원과,031-5191-6195,2026-01-15,3740000,경기도 수원시
전국도시공원정보표준데이터,https://www.data.go.kr/data/15012890/standard.do,2026-01-15,place,장대산,어린이공원,경기도 수원시,경기도 수원시 권선구 장다리로 97,37.25903418,127.0212921,"장대산은(는) 어린이공원으로, 아이의 생활권 동화 배경으로 사용할 수 있다.",아이의 집 주변 산책·탐험 동화 배경,조합놀이대1,4-7;8-10,공원;어린이공원;조합놀이대1,41113-00049,장대산,어린이공원,경기도 수원시 권선구 장다리로 97,경기도 수원시 권선구 권선동 985,1499,,조합놀이대1,노인정1,,음수대1,,경기도 수원시 권선구 녹지공원과,031-5191-6195,2026-01-15,3740000,경기도 수원시
전국도시공원정보표준데이터,https://www.data.go.kr/data/15012890/standard.do,2026-01-15,place,소정,어린이공원,경기도 수원시,경기도 수원시 장안구 파장로 22번길 30,37.30558378,126.9990299,"소정은(는) 어린이공원으로, 아이의 생활권 동화 배경으로 사용할 수 있다.",아이의 집 주변 산책·탐험 동화 배경,조합놀이대1; 다목적구장(농구)1,4-7;8-10,공원;어린이공원;조합놀이대1;다목적구장(농구)1,41111-00014,소정,어린이공원,경기도 수원시 장안구 파장로 22번길 30,경기도 수원시 장안구 파장동 603-7,4840.1,다목적구장(농구)1,조합놀이대1,,,,,경기도 수원시 장안구 녹지공원과,031-5191-5995,2026-01-15,3740000,경기도 수원시
전국도시공원정보표준데이터,https://www.data.go.kr/data/15012890/standard.do,2026-01-15,place,송죽,어린이공원,경기도 수원시,경기도 수원시 장안구 정조로 1088번길 6-6,37.30222909,127.0033486,"송죽은(는) 어린이공원으로, 아이의 생활권 동화 배경으로 사용할 수 있다.",아이의 집 주변 산책·탐험 동화 배경,조합놀이대1,4-7;8-10,공원;어린이공원;조합놀이대1,41111-00015,송죽,어린이공원,경기도 수원시 장안구 정조로 1088번길 6-6,경기도 수원시 장안구 송죽동 457,3592.4,,조합놀이대1,,,음수대1,,경기도 수원시 장안구 녹지공원과,031-5191-5995,2026-01-15,3740000,경기도 수원시
전국도시공원정보표준데이터,https://www.data.go.kr/data/15012890/standard.do,2026-01-15,place,석산,어린이공원,경기도 수원시,경기도 수원시 장안구 금당로38번길 7,37.3030995,127.0156152,"석산은(는) 어린이공원으로, 아이의 생활권 동화 배경으로 사용할 수 있다.",아이의 집 주변 산책·탐험 동화 배경,조합놀이대2,4-7;8-10,공원;어린이공원;조합놀이대2,41111-00016,석산,어린이공원,경기도 수원시 장안구 금당로38번길 7,경기도 수원시 장안구 조원동 731,1556,,조합놀이대2,화장실1,,,,경기도 수원시 장안구 녹지공원과,031-5191-5995,2026-01-15,3740000,경기도 수원시
전국도시공원정보표준데이터,https://www.data.go.kr/data/15012890/standard.do,2026-01-15,place,다람쥐,어린이공원,경기도 수원시,경기도 수원시 장안구 조원로111번길 33-23,37.30016231,127.0141348,"다람쥐은(는) 어린이공원으로, 아이의 생활권 동화 배경으로 사용할 수 있다.",아이의 집 주변 산책·탐험 동화 배경,조합놀이대1,4-7;8-10,공원;어린이공원;조합놀이대1,41111-00017,다람쥐,어린이공원,경기도 수원시 장안구 조원로111번길 33-23,경기도 수원시 장안구 조원동 758-4,1647.6,,조합놀이대1,화장실1,,,,경기도 수원시 장안구 녹지공원과,031-5191-5995,2026-01-15,3740000,경기도 수원시
전국도시공원정보표준데이터,https://www.data.go.kr/data/15012890/standard.do,2026-01-15,place,역마,어린이공원,경기도 수원시,경기도 수원시 장안구 경수대로 838,37.29686206,127.0163697,"역마은(는) 어린이공원으로, 아이의 생활권 동화 배경으로 사용할 수 있다.",아이의 집 주변 산책·탐험 동화 배경,조합놀이대1,4-7;8-10,공원;어린이공원;조합놀이대1,41111-00018,역마,어린이공원,경기도 수원시 장안구 경수대로 838,경기도 수원시 장안구 조원동 556,1503.2,,조합놀이대1,,,,,경기도 수원시 장안구 녹지공원과,031-5191-5995,2026-01-15,3740000,경기도 수원시
전국도시공원정보표준데이터,https://www.data.go.kr/data/15012890/standard.do,2026-01-15,place,연무,어린이공원,경기도 수원시,경기도 수원시 장안구 창훈로39번길 4,37.2961515,127.0301403,"연무은(는) 어린이공원으로, 아이의 생활권 동화 배경으로 사용할 수 있다.",아이의 집 주변 산책·탐험 동화 배경,조합놀이대1,4-7;8-10,공원;어린이공원;조합놀이대1,41111-00019,연무,어린이공원,경기도 수원시 장안구 창훈로39번길 4,경기도 수원시 장안구 연무동 214-6,1621,,조합놀이대1,노인정1,,음수대1,,경기도 수원시 장안구 녹지공원과,031-5191-5995,2026-01-15,3740000,경기도 수원시
전국도시공원정보표준데이터,https://www.data.go.kr/data/15012890/standard.do,2026-01-15,place,창훈,어린이공원,경기도 수원시,경기도 수원시 장안구 월드컵로 418번길 31,37.29437818,127.0274999,"창훈은(는) 어린이공원으로, 아이의 생활권 동화 배경으로 사용할 수 있다.",아이의 집 주변 산책·탐험 동화 배경,조합놀이대1,4-7;8-10,공원;어린이공원;조합놀이대1,41111-00020,창훈,어린이공원,경기도 수원시 장안구 월드컵로 418번길 31,경기도 수원시 장안구 연무동 237-15,1630.4,,조합놀이대1,노인정1,,,,경기도 수원시 장안구 녹지공원과,031-5191-5995,2026-01-15,3740000,경기도 수원시
전국도시공원정보표준데이터,https://www.data.go.kr/data/15012890/standard.do,2026-01-15,place,쪽박산,어린이공원,경기도 수원시,경기도 수원시 장안구 경수대로 754번길 59,37.29318313,127.0239151,"쪽박산은(는) 어린이공원으로, 아이의 생활권 동화 배경으로 사용할 수 있다.",아이의 집 주변 산책·탐험 동화 배경,조합놀이대1,4-7;8-10,공원;어린이공원;조합놀이대1,41111-00021,쪽박산,어린이공원,경기도 수원시 장안구 경수대로 754번길 59,경기도 수원시 장안구 연무동 252-14,1500,,조합놀이대1,노인정1,,,,경기도 수원시 장안구 녹지공원과,031-5191-5995,2026-01-15,3740000,경기도 수원시
전국도시공원정보표준데이터,https://www.data.go.kr/data/15012890/standard.do,2026-01-15,place,일림,어린이공원,경기도 수원시,경기도 수원시 장안구 수일로 104번길 20,37.30864072,127.001409,"일림은(는) 어린이공원으로, 아이의 생활권 동화 배경으로 사용할 수 있다.",아이의 집 주변 산책·탐험 동화 배경,조합놀이대1,4-7;8-10,공원;어린이공원;조합놀이대1,41111-00022,일림,어린이공원,경기도 수원시 장안구 수일로 104번길 20,경기도 수원시 장안구 파장동 629,1632,,조합놀이대1,노인정1,,음수대1,,경기도 수원시 장안구 녹지공원과,031-5191-5995,2026-01-15,3740000,경기도 수원시
전국도시공원정보표준데이터,https://www.data.go.kr/data/15012890/standard.do,2026-01-15,place,정자,어린이공원,경기도 수원시,경기도 수원시 장안구 송정로60번길 10-23,37.29552819,127.0025669,"정자은(는) 어린이공원으로, 아이의 생활권 동화 배경으로 사용할 수 있다.",아이의 집 주변 산책·탐험 동화 배경,조합놀이대1; 다목적구장(농구)1,4-7;8-10,공원;어린이공원;조합놀이대1;다목적구장(농구)1,41111-00023,정자,어린이공원,경기도 수원시 장안구 송정로60번길 10-23,경기도 수원시 장안구 정자동 35-22,3238,다목적구장(농구)1,조합놀이대1,노인정1,,,,경기도 수원시 장안구 녹지공원과,031-5191-5995,2026-01-15,3740000,경기도 수원시
전국도시공원정보표준데이터,https://www.data.go.kr/data/15012890/standard.do,2026-04-02,place,싸리공원,어린이공원,경상북도 구미시,경상북도 구미시 고아읍 원호리 451,36.15228132,128.3304887,"싸리공원은(는) 어린이공원으로, 아이의 생활권 동화 배경으로 사용할 수 있다.",아이의 집 주변 산책·탐험 동화 배경,조합놀이대; 공중걷기,4-7;8-10,공원;어린이공원;조합놀이대;공중걷기,47190-00086,싸리공원,어린이공원,,경상북도 구미시 고아읍 원호리 451,1585,공중걷기,조합놀이대,등의자,,CCTV,1993-07-02,경상북도 구미시청,054-480-5572,2026-04-02,5080000,경상북도 구미시
전국도시공원정보표준데이터,https://www.data.go.kr/data/15012890/standard.do,2026-01-15,place,아낌없이주는나무,어린이공원,경기도 수원시,경기도 수원시 팔달구 세지로 399번길 46,37.28716691,127.0278678,"아낌없이주는나무은(는) 어린이공원으로, 아이의 생활권 동화 배경으로 사용할 수 있다.",아이의 집 주변 산책·탐험 동화 배경,조합놀이대1; 다목적구장노인정1 +다목적구장(풋살+게이트볼)2,4-7;8-10,공원;어린이공원;조합놀이대1;다목적구장노인정1;+다목적구장(풋살+게이트볼)2,41115-00007,아낌없이주는나무,어린이공원,경기도 수원시 팔달구 세지로 399번길 46,,3146.7,다목적구장노인정1 +다목적구장(풋살+게이트볼)2,조합놀이대1,노인정1,,,,경기도 수원시 팔달구 녹지공원과,031-5191-7043,2026-01-15,3740000,경기도 수원시
전국도시공원정보표준데이터,https://www.data.go.kr/data/15012890/standard.do,2026-01-15,place,당산,어린이공원,경기도 수원시,경기도 수원시 팔달구 세지로 436,37.28706853,127.0320989,"당산은(는) 어린이공원으로, 아이의 생활권 동화 배경으로 사용할 수 있다.",아이의 집 주변 산책·탐험 동화 배경,조합놀이대1; 다목적구장,4-7;8-10,공원;어린이공원;조합놀이대1;다목적구장,41115-00008,당산,어린이공원,경기도 수원시 팔달구 세지로 436,경기도 수원시 팔달구 우만동 500,5379.9,다목적구장,조합놀이대1,노인정1,,,,경기도 수원시 팔달구 녹지공원과,031-5191-7043,2026-01-15,3740000,경기도 수원시
전국도시공원정보표준데이터,https://www.data.go.kr/data/15012890/standard.do,2026-01-15,place,사랑,어린이공원,경기도 수원시,경기도 수원시 권선구 구운로 45번길 34-7,37.27714009,126.9718878,"사랑은(는) 어린이공원으로, 아이의 생활권 동화 배경으로 사용할 수 있다.",아이의 집 주변 산책·탐험 동화 배경,조합놀이대1; 다목적구장(배드민턴)1,4-7;8-10,공원;어린이공원;조합놀이대1;다목적구장(배드민턴)1,41113-00081,사랑,어린이공원,경기도 수원시 권선구 구운로 45번길 34-7,경기도 수원시 권선구 구운동 966,2375,다목적구장(배드민턴)1,조합놀이대1,,,,,경기도 수원시 권선구 녹지공원과,031-5191-6195,2026-01-15,3740000,경기도 수원시
전국도시공원정보표준데이터,https://www.data.go.kr/data/15012890/standard.do,2026-01-15,place,탑마루,어린이공원,경기도 수원시,경기도 수원시 권선구 탑동 764,37.27362319,126.9753258,"탑마루은(는) 어린이공원으로, 아이의 생활권 동화 배경으로 사용할 수 있다.",아이의 집 주변 산책·탐험 동화 배경,조합놀이대1,4-7;8-10,공원;어린이공원;조합놀이대1,41113-00082,탑마루,어린이공원,,경기도 수원시 권선구 탑동 764,1591.3,,조합놀이대1,,,,,경기도 수원시 권선구 녹지공원과,031-5191-6195,2026-01-15,3740000,경기도 수원시
전국도시공원정보표준데이터,https://www.data.go.kr/data/15012890/standard.do,2026-01-15,place,푸른지대,어린이공원,경기도 수원시,경기도 수원시 권선구 탑동 829,37.27024924,126.9732388,"푸른지대은(는) 어린이공원으로, 아이의 생활권 동화 배경으로 사용할 수 있다.",아이의 집 주변 산책·탐험 동화 배경,조합놀이대1,4-7;8-10,공원;어린이공원;조합놀이대1,41113-00083,푸른지대,어린이공원,,경기도 수원시 권선구 탑동 829,1601,,조합놀이대1,,,,,경기도 수원시 권선구 녹지공원과,031-5191-6195,2026-01-15,3740000,경기도 수원시
전국도시공원정보표준데이터,https://www.data.go.kr/data/15012890/standard.do,2026-01-15,place,잎새,어린이공원,경기도 수원시,경기도 수원시 권선구 탑동 855-9,37.27090592,126.9780323,"잎새은(는) 어린이공원으로, 아이의 생활권 동화 배경으로 사용할 수 있다.",아이의 집 주변 산책·탐험 동화 배경,조합놀이대1,4-7;8-10,공원;어린이공원;조합놀이대1,41113-00084,잎새,어린이공원,,경기도 수원시 권선구 탑동 855-9,1533.1,,조합놀이대1,,,,,경기도 수원시 권선구 녹지공원과,031-5191-6195,2026-01-15,3740000,경기도 수원시
전국도시공원정보표준데이터,https://www.data.go.kr/data/15012890/standard.do,2026-01-15,place,탑골,어린이공원,경기도 수원시,경기도 수원시 권선구 탑동 866,37.26817391,126.9764008,"탑골은(는) 어린이공원으로, 아이의 생활권 동화 배경으로 사용할 수 있다.",아이의 집 주변 산책·탐험 동화 배경,조합놀이대1,4-7;8-10,공원;어린이공원;조합놀이대1,41113-00085,탑골,어린이공원,,경기도 수원시 권선구 탑동 866,1559.2,,조합놀이대1,,,,,경기도 수원시 권선구 녹지공원과,031-5191-6195,2026-01-15,3740000,경기도 수원시
전국도시공원정보표준데이터,https://www.data.go.kr/data/15012890/standard.do,2026-01-15,place,명당,어린이공원,경기도 수원시,경기도 수원시 권선구 권선동 1300,37.25264478,127.0399881,"명당은(는) 어린이공원으로, 아이의 생활권 동화 배경으로 사용할 수 있다.",아이의 집 주변 산책·탐험 동화 배경,바닥분수1+계류1,4-7;8-10,공원;어린이공원;바닥분수1+계류1,41113-00086,명당,어린이공원,,경기도 수원시 권선구 권선동 1300,4534,,바닥분수1+계류1,,,온천공1+음수대1,,경기도 수원시 권선구 녹지공원과,031-5191-6195,2026-01-15,3740000,경기도 수원시
전국도시공원정보표준데이터,https://www.data.go.kr/data/15012890/standard.do,2026-01-15,place,온수골,어린이공원,경기도 수원시,경기도 수원시 권선구 권선동 1288,37.25190143,127.0363942,"온수골은(는) 어린이공원으로, 아이의 생활권 동화 배경으로 사용할 수 있다.",아이의 집 주변 산책·탐험 동화 배경,조합놀이대1,4-7;8-10,공원;어린이공원;조합놀이대1,41113-00087,온수골,어린이공원,,경기도 수원시 권선구 권선동 1288,1396.1,,조합놀이대1,,,,,경기도 수원시 권선구 녹지공원과,031-5191-6195,2026-01-15,3740000,경기도 수원시
전국도시공원정보표준데이터,https://www.data.go.kr/data/15012890/standard.do,2026-01-15,place,상록,어린이공원,경기도 수원시,경기도 수원시 권선구 권선동 1307,37.25002682,127.0378542,"상록은(는) 어린이공원으로, 아이의 생활권 동화 배경으로 사용할 수 있다.",아이의 집 주변 산책·탐험 동화 배경,조합놀이대1,4-7;8-10,공원;어린이공원;조합놀이대1,41113-00088,상록,어린이공원,,경기도 수원시 권선구 권선동 1307,3455.2,,조합놀이대1,,,,,경기도 수원시 권선구 녹지공원과,031-5191-6195,2026-01-15,3740000,경기도 수원시
전국도시공원정보표준데이터,https://www.data.go.kr/data/15012890/standard.do,2026-01-15,place,산들,어린이공원,경기도 수원시,경기도 수원시 권선구 권선동 1319,37.24863213,127.0368538,"산들은(는) 어린이공원으로, 아이의 생활권 동화 배경으로 사용할 수 있다.",아이의 집 주변 산책·탐험 동화 배경,조합놀이대1; 다목적구장(농구)1,4-7;8-10,공원;어린이공원;조합놀이대1;다목적구장(농구)1,41113-00089,산들,어린이공원,,경기도 수원시 권선구 권선동 1319,5289.1,다목적구장(농구)1,조합놀이대1,화장실1,,음수대1,,경기도 수원시 권선구 녹지공원과,031-5191-6195,2026-01-15,3740000,경기도 수원시
전국도시공원정보표준데이터,https://www.data.go.kr/data/15012890/standard.do,2026-01-15,place,별빛,어린이공원,경기도 수원시,경기도 수원시 권선구 덕영대로 1323번길 25-30,37.24810467,127.033795,"별빛은(는) 어린이공원으로, 아이의 생활권 동화 배경으로 사용할 수 있다.",아이의 집 주변 산책·탐험 동화 배경,조합놀이대1,4-7;8-10,공원;어린이공원;조합놀이대1,41113-00090,별빛,어린이공원,경기도 수원시 권선구 덕영대로 1323번길 25-30,경기도 수원시 권선구 권선동 1312,2000.2,,조합놀이대1,,,음수대1,,경기도 수원시 권선구 녹지공원과,031-5191-6195,2026-01-15,3740000,경기도 수원시
전국도시공원정보표준데이터,https://www.data.go.kr/data/15012890/standard.do,2026-01-15,place,고색,어린이공원,경기도 수원시,경기도 수원시 권선구 고색동 916,37.24694221,126.9788974,"고색은(는) 어린이공원으로, 아이의 생활권 동화 배경으로 사용할 수 있다.",아이의 집 주변 산책·탐험 동화 배경,조합놀이대1,4-7;8-10,공원;어린이공원;조합놀이대1,41113-00091,고색,어린이공원,,경기도 수원시 권선구 고색동 916,1433.1,,조합놀이대1,,,,,경기도 수원시 권선구 녹지공원과,031-5191-6195,2026-01-15,3740000,경기도 수원시
전국도시공원정보표준데이터,https://www.data.go.kr/data/15012890/standard.do,2026-01-15,place,한주,어린이공원,경기도 수원시,경기도 수원시 권선구 세류동 1020-12,37.25407994,127.0134765,"한주은(는) 어린이공원으로, 아이의 생활권 동화 배경으로 사용할 수 있다.",아이의 집 주변 산책·탐험 동화 배경,조합놀이대1; 조합놀이대1+ 음수대1+휴게쉼터,4-7;8-10,공원;어린이공원;조합놀이대1;조합놀이대1+;음수대1+휴게쉼터,41113-00092,한주,어린이공원,,경기도 수원시 권선구 세류동 1020-12,3146,조합놀이대1+ 음수대1+휴게쉼터,조합놀이대1,,,음수대1,,경기도 수원시 권선구 녹지공원과,031-5191-6195,2026-01-15,3740000,경기도 수원시
전국도시공원정보표준데이터,https://www.data.go.kr/data/15012890/standard.do,2026-01-15,place,풀잎,어린이공원,경기도 수원시,경기도 수원시 권선구 금곡동 66-1,37.27833743,126.9518662,"풀잎은(는) 어린이공원으로, 아이의 생활권 동화 배경으로 사용할 수 있다.",아이의 집 주변 산책·탐험 동화 배경,조합놀이대1; 다목적구장(농구)1,4-7;8-10,공원;어린이공원;조합놀이대1;다목적구장(농구)1,41113-00093,풀잎,어린이공원,,경기도 수원시 권선구 금곡동 66-1,1837,다목적구장(농구)1,조합놀이대1,,,,,경기도 수원시 권선구 녹지공원과,031-5191-6195,2026-01-15,3740000,경기도 수원시
전국도시공원정보표준데이터,https://www.data.go.kr/data/15012890/standard.do,2026-01-15,place,장교둑,어린이공원,경기도 수원시,경기도 수원시 권선구 세지로 82번길 15-5,37.2591911,127.0188716,"장교둑은(는) 어린이공원으로, 아이의 생활권 동화 배경으로 사용할 수 있다.",아이의 집 주변 산책·탐험 동화 배경,조합놀이대1,4-7;8-10,공원;어린이공원;조합놀이대1,41113-00094,장교둑,어린이공원,경기도 수원시 권선구 세지로 82번길 15-5,경기도 수원시 권선구 권선동 980-1,2068,,조합놀이대1,화장실1,,,,경기도 수원시 권선구 녹지공원과,031-5191-6195,2026-01-15,3740000,경기도 수원시
전국도시공원정보표준데이터,https://www.data.go.kr/data/15012890/standard.do,2026-01-15,place,벌터,어린이공원,경기도 수원시,경기도 수원시 권선구 서둔동 27-114,37.26367431,126.9908188,"벌터은(는) 어린이공원으로, 아이의 생활권 동화 배경으로 사용할 수 있다.",아이의 집 주변 산책·탐험 동화 배경,"공원에서 색깔, 나무, 놀이시설을 찾아보는 관찰 미션",4-7;8-10,공원;어린이공원,41113-00095,벌터,어린이공원,,경기도 수원시 권선구 서둔동 27-114,1132,,,,,,,경기도 수원시 권선구 녹지공원과,031-5191-6195,2026-01-15,3740000,경기도 수원시
전국도시공원정보표준데이터,https://www.data.go.kr/data/15012890/standard.do,2026-01-15,place,고래의모험,어린이공원,경기도 수원시,경기도 수원시 권선구 덕영대로 1070번길 56,37.25248056,127.0090813,"고래의모험은(는) 어린이공원으로, 아이의 생활권 동화 배경으로 사용할 수 있다.",아이의 집 주변 산책·탐험 동화 배경,물놀이시설1,4-7;8-10,공원;어린이공원;물놀이시설1,41113-00096,고래의모험,어린이공원,경기도 수원시 권선구 덕영대로 1070번길 56,경기도 수원시 권선구 세류동 1066-9,1553,,물놀이시설1,,,,,경기도 수원시 권선구 녹지공원과,031-5191-6195,2026-01-15,3740000,경기도 수원시
전국도시공원정보표준데이터,https://www.data.go.kr/data/15012890/standard.do,2026-01-15,place,40호소공원,소공원,경기도 수원시,경기도 수원시 장안구 정자동 569-11,37.31075034,126.9869221,"40호소공원은(는) 소공원으로, 아이의 생활권 동화 배경으로 사용할 수 있다.",아이의 집 주변 산책·탐험 동화 배경,휴게쉼터,4-7;8-10,공원;소공원;휴게쉼터,41111-00057,40호소공원,소공원,,경기도 수원시 장안구 정자동 569-11,2531,,휴게쉼터,,,,,경기도 수원시 장안구 녹지공원과,031-5191-5995,2026-01-15,3740000,경기도 수원시
전국도시공원정보표준데이터,https://www.data.go.kr/data/15012890/standard.do,2026-01-15,place,전원,어린이공원,경기도 수원시,경기도 수원시 권선구 권선동 1059,37.25539377,127.0223372,"전원은(는) 어린이공원으로, 아이의 생활권 동화 배경으로 사용할 수 있다.",아이의 집 주변 산책·탐험 동화 배경,조합놀이대1,4-7;8-10,공원;어린이공원;조합놀이대1,41113-00050,전원,어린이공원,,경기도 수원시 권선구 권선동 1059,1490.3,,조합놀이대1,,,음수대1,,경기도 수원시 권선구 녹지공원과,031-5191-6195,2026-01-15,3740000,경기도 수원시
전국도시공원정보표준데이터,https://www.data.go.kr/data/15012890/standard.do,2026-01-15,place,문화,어린이공원,경기도 수원시,경기도 수원시 권선구 세지로 12번길 45,37.25265544,127.0173046,"문화은(는) 어린이공원으로, 아이의 생활권 동화 배경으로 사용할 수 있다.",아이의 집 주변 산책·탐험 동화 배경,조합놀이대2,4-7;8-10,공원;어린이공원;조합놀이대2,41113-00051,문화,어린이공원,경기도 수원시 권선구 세지로 12번길 45,경기도 수원시 권선구 세류동 1106,1487.8,,조합놀이대2,노인정1,,음수대1,,경기도 수원시 권선구 녹지공원과,031-5191-6195,2026-01-15,3740000,경기도 수원시
전국도시공원정보표준데이터,https://www.data.go.kr/data/15012890/standard.do,2026-01-15,place,중앙,어린이공원,경기도 수원시,경기도 수원시 권선구 권선동 946,37.26240021,127.0227361,"중앙은(는) 어린이공원으로, 아이의 생활권 동화 배경으로 사용할 수 있다.",아이의 집 주변 산책·탐험 동화 배경,조합놀이대1,4-7;8-10,공원;어린이공원;조합놀이대1,41113-00052,중앙,어린이공원,,경기도 수원시 권선구 권선동 946,1499.1,,조합놀이대1,,,음수대1,,경기도 수원시 권선구 녹지공원과,031-5191-6195,2026-01-15,3740000,경기도 수원시
전국도시공원정보표준데이터,https://www.data.go.kr/data/15012890/standard.do,2026-01-15,place,세곡,어린이공원,경기도 수원시,경기도 수원시 권선구 권선동 1045,37.25644901,127.0273183,"세곡은(는) 어린이공원으로, 아이의 생활권 동화 배경으로 사용할 수 있다.",아이의 집 주변 산책·탐험 동화 배경,조합놀이대1,4-7;8-10,공원;어린이공원;조합놀이대1,41113-00053,세곡,어린이공원,,경기도 수원시 권선구 권선동 1045,1496.5,,조합놀이대1,,,음수대1,,경기도 수원시 권선구 녹지공원과,031-5191-6195,2026-01-15,3740000,경기도 수원시
전국도시공원정보표준데이터,https://www.data.go.kr/data/15012890/standard.do,2026-01-15,place,신곡,어린이공원,경기도 수원시,경기도 수원시 권선구 세류동 1156,37.24498949,127.0163291,"신곡은(는) 어린이공원으로, 아이의 생활권 동화 배경으로 사용할 수 있다.",아이의 집 주변 산책·탐험 동화 배경,조합놀이대1,4-7;8-10,공원;어린이공원;조합놀이대1,41113-00054,신곡,어린이공원,,경기도 수원시 권선구 세류동 1156,1495.8,,조합놀이대1,,,음수대1,,경기도 수원시 권선구 녹지공원과,031-5191-6195,2026-01-15,3740000,경기도 수원시
전국도시공원정보표준데이터,https://www.data.go.kr/data/15012890/standard.do,2026-01-15,place,재간령,어린이공원,경기도 수원시,경기도 수원시 권선구 경수대로 235번길 68-4,37.24951633,127.0143373,"재간령은(는) 어린이공원으로, 아이의 생활권 동화 배경으로 사용할 수 있다.",아이의 집 주변 산책·탐험 동화 배경,조합놀이대2; 다목적구장(배드민턴)1,4-7;8-10,공원;어린이공원;조합놀이대2;다목적구장(배드민턴)1,41113-00055,재간령,어린이공원,경기도 수원시 권선구 경수대로 235번길 68-4,경기도 수원시 권선구 세류동 1135,1496.6,다목적구장(배드민턴)1,조합놀이대2,노인정1,,,,경기도 수원시 권선구 녹지공원과,031-5191-6195,2026-01-15,3740000,경기도 수원시
전국도시공원정보표준데이터,https://www.data.go.kr/data/15012890/standard.do,2026-01-15,place,장승배기,어린이공원,경기도 수원시,경기도 수원시 권선구 세류동 1086,37.25592118,127.0179275,"장승배기은(는) 어린이공원으로, 아이의 생활권 동화 배경으로 사용할 수 있다.",아이의 집 주변 산책·탐험 동화 배경,조합놀이대1,4-7;8-10,공원;어린이공원;조합놀이대1,41113-00056,장승배기,어린이공원,,경기도 수원시 권선구 세류동 1086,1497.1,,조합놀이대1,,,,,경기도 수원시 권선구 녹지공원과,031-5191-6195,2026-01-15,3740000,경기도 수원시
전국도시공원정보표준데이터,https://www.data.go.kr/data/15012890/standard.do,2026-01-15,place,은하수,어린이공원,경기도 수원시,경기도 수원시 권선구 구운로 86번길 20-21,37.27982195,126.9734779,"은하수은(는) 어린이공원으로, 아이의 생활권 동화 배경으로 사용할 수 있다.",아이의 집 주변 산책·탐험 동화 배경,조합놀이대1,4-7;8-10,공원;어린이공원;조합놀이대1,41113-00057,은하수,어린이공원,경기도 수원시 권선구 구운로 86번길 20-21,경기도 수원시 권선구 구운동 487,1723.1,,조합놀이대1,화장실1,,,,경기도 수원시 권선구 녹지공원과,031-5191-6195,2026-01-15,3740000,경기도 수원시
전국도시공원정보표준데이터,https://www.data.go.kr/data/15012890/standard.do,2026-01-15,place,하구운,어린이공원,경기도 수원시,경기도 수원시 권선구 구운로 45번길 59-46,37.27633658,126.9728353,"하구운은(는) 어린이공원으로, 아이의 생활권 동화 배경으로 사용할 수 있다.",아이의 집 주변 산책·탐험 동화 배경,조합놀이대1,4-7;8-10,공원;어린이공원;조합놀이대1,41113-00058,하구운,어린이공원,경기도 수원시 권선구 구운로 45번길 59-46,경기도 수원시 권선구 구운동 524,1995.8,,조합놀이대1,화장실1+노인정1,,,,경기도 수원시 권선구 녹지공원과,031-5191-6195,2026-01-15,3740000,경기도 수원시
전국도시공원정보표준데이터,https://www.data.go.kr/data/15012890/standard.do,2026-01-15,place,칙칙폭폭,어린이공원,경기도 수원시,경기도 수원시 권선구 구운동 510,37.27600935,126.976222,"칙칙폭폭은(는) 어린이공원으로, 아이의 생활권 동화 배경으로 사용할 수 있다.",아이의 집 주변 산책·탐험 동화 배경,조합놀이대1; 다목적구장(배드민턴)1,4-7;8-10,공원;어린이공원;조합놀이대1;다목적구장(배드민턴)1,41113-00059,칙칙폭폭,어린이공원,,경기도 수원시 권선구 구운동 510,2182.1,다목적구장(배드민턴)1,조합놀이대1,,,빗물저류시설1,,경기도 수원시 권선구 녹지공원과,031-5191-6195,2026-01-15,3740000,경기도 수원시
전국도시공원정보표준데이터,https://www.data.go.kr/data/15012890/standard.do,2026-01-15,place,용화출,어린이공원,경기도 수원시,경기도 수원시 권선구 권중로 7번길 18,37.25632088,127.0339841,"용화출은(는) 어린이공원으로, 아이의 생활권 동화 배경으로 사용할 수 있다.",아이의 집 주변 산책·탐험 동화 배경,조합놀이대1,4-7;8-10,공원;어린이공원;조합놀이대1,41113-00060,용화출,어린이공원,경기도 수원시 권선구 권중로 7번길 18,경기도 수원시 권선구 권선동 1163-7,1501,,조합놀이대1,,,음수대1,,경기도 수원시 권선구 녹지공원과,031-5191-6195,2026-01-15,3740000,경기도 수원시
전국도시공원정보표준데이터,https://www.data.go.kr/data/15012890/standard.do,2026-01-15,place,안용,어린이공원,경기도 수원시,경기도 수원시 권선구 동수원로 146번길 16-10,37.24340039,127.0322652,"안용은(는) 어린이공원으로, 아이의 생활권 동화 배경으로 사용할 수 있다.",아이의 집 주변 산책·탐험 동화 배경,조합놀이대1,4-7;8-10,공원;어린이공원;조합놀이대1,41113-00061,안용,어린이공원,경기도 수원시 권선구 동수원로 146번길 16-10,경기도 수원시 권선구 곡반정동 523,5568.1,,조합놀이대1,노인정1,,약수대2,,경기도 수원시 권선구 녹지공원과,031-5191-6195,2026-01-15,3740000,경기도 수원시
전국도시공원정보표준데이터,https://www.data.go.kr/data/15012890/standard.do,2026-01-15,place,선재미,어린이공원,경기도 수원시,경기도 수원시 팔달구 화서동 678-1,37.2876746,126.9890251,"선재미은(는) 어린이공원으로, 아이의 생활권 동화 배경으로 사용할 수 있다.",아이의 집 주변 산책·탐험 동화 배경,조합놀이대1,4-7;8-10,공원;어린이공원;조합놀이대1,41115-00026,선재미,어린이공원,,경기도 수원시 팔달구 화서동 678-1,1775.3,,조합놀이대1,노인정1,,,,경기도 수원시 팔달구 녹지공원과,031-5191-7043,2026-01-15,3740000,경기도 수원시
전국도시공원정보표준데이터,https://www.data.go.kr/data/15012890/standard.do,2026-01-15,place,쪽빛,어린이공원,경기도 수원시,경기도 수원시 팔달구 화서동 645,37.28592281,126.9909966,"쪽빛은(는) 어린이공원으로, 아이의 생활권 동화 배경으로 사용할 수 있다.",아이의 집 주변 산책·탐험 동화 배경,조합놀이대1; 농구장,4-7;8-10,공원;어린이공원;조합놀이대1;농구장,41115-00027,쪽빛,어린이공원,,경기도 수원시 팔달구 화서동 645,1641.3,농구장,조합놀이대1,,,,,경기도 수원시 팔달구 녹지공원과,031-5191-7043,2026-01-15,3740000,경기도 수원시
전국도시공원정보표준데이터,https://www.data.go.kr/data/15012890/standard.do,2026-01-15,place,개구쟁이,어린이공원,경기도 수원시,경기도 수원시 팔달구 화서동 649-1,37.28474429,126.9915651,"개구쟁이은(는) 어린이공원으로, 아이의 생활권 동화 배경으로 사용할 수 있다.",아이의 집 주변 산책·탐험 동화 배경,조합놀이대1; 다목적구장,4-7;8-10,공원;어린이공원;조합놀이대1;다목적구장,41115-00028,개구쟁이,어린이공원,,경기도 수원시 팔달구 화서동 649-1,1500,다목적구장,조합놀이대1,,,,,경기도 수원시 팔달구 녹지공원과,031-5191-7043,2026-01-15,3740000,경기도 수원시
전국도시공원정보표준데이터,https://www.data.go.kr/data/15012890/standard.do,2026-01-15,place,숙지,어린이공원,경기도 수원시,경기도 수원시 팔달구 화서동 654,37.28337838,126.9925305,"숙지은(는) 어린이공원으로, 아이의 생활권 동화 배경으로 사용할 수 있다.",아이의 집 주변 산책·탐험 동화 배경,조합놀이대1,4-7;8-10,공원;어린이공원;조합놀이대1,41115-00029,숙지,어린이공원,,경기도 수원시 팔달구 화서동 654,2017.2,,조합놀이대1,,,,,경기도 수원시 팔달구 녹지공원과,031-5191-7043,2026-01-15,3740000,경기도 수원시
전국도시공원정보표준데이터,https://www.data.go.kr/data/15012890/standard.do,2026-01-15,place,네버랜드,어린이공원,경기도 수원시,경기도 수원시 팔달구덕영대로 735번길 18,37.28135952,126.9925868,"네버랜드은(는) 어린이공원으로, 아이의 생활권 동화 배경으로 사용할 수 있다.",아이의 집 주변 산책·탐험 동화 배경,조합놀이대1; 농구장,4-7;8-10,공원;어린이공원;조합놀이대1;농구장,41115-00030,네버랜드,어린이공원,경기도 수원시 팔달구덕영대로 735번길 18,경기도 수원시 팔달구 화서동 656,1500,농구장,조합놀이대1,,,,,경기도 수원시 팔달구 녹지공원과,031-5191-7043,2026-01-15,3740000,경기도 수원시
전국도시공원정보표준데이터,https://www.data.go.kr/data/15012890/standard.do,2026-01-15,place,솔밭산,어린이공원,경기도 수원시,경기도 수원시 팔달구 우만동 72-1,37.27790107,127.0434517,"솔밭산은(는) 어린이공원으로, 아이의 생활권 동화 배경으로 사용할 수 있다.",아이의 집 주변 산책·탐험 동화 배경,"공원에서 색깔, 나무, 놀이시설을 찾아보는 관찰 미션",4-7;8-10,공원;어린이공원,41115-00031,솔밭산,어린이공원,,경기도 수원시 팔달구 우만동 72-1,3693,,,화장실1,,,,경기도 수원시 팔달구 녹지공원과,031-5191-7043,2026-01-15,3740000,경기도 수원시
전국도시공원정보표준데이터,https://www.data.go.kr/data/15012890/standard.do,2026-01-15,place,장고개,어린이공원,경기도 수원시,경기도 수원시 팔달구 우만동 51-1,37.2786827,127.0404484,"장고개은(는) 어린이공원으로, 아이의 생활권 동화 배경으로 사용할 수 있다.",아이의 집 주변 산책·탐험 동화 배경,조합놀이대1,4-7;8-10,공원;어린이공원;조합놀이대1,41115-00032,장고개,어린이공원,,경기도 수원시 팔달구 우만동 51-1,3506.9,,조합놀이대1,,,,,경기도 수원시 팔달구 녹지공원과,031-5191-7043,2026-01-15,3740000,경기도 수원시
전국도시공원정보표준데이터,https://www.data.go.kr/data/15012890/standard.do,2026-01-15,place,교동,어린이공원,경기도 수원시,경기도 수원시 팔달구 교동 45,37.27174738,127.012064,"교동은(는) 어린이공원으로, 아이의 생활권 동화 배경으로 사용할 수 있다.",아이의 집 주변 산책·탐험 동화 배경,조합놀이대1,4-7;8-10,공원;어린이공원;조합놀이대1,41115-00033,교동,어린이공원,,경기도 수원시 팔달구 교동 45,1910,,조합놀이대1,육각정자,,,,경기도 수원시 팔달구 녹지공원과,031-5191-7043,2026-01-15,3740000,경기도 수원시
전국도시공원정보표준데이터,https://www.data.go.kr/data/15012890/standard.do,2026-01-15,place,서낭재,어린이공원,경기도 수원시,경기도 수원시 권선구 탑동 23-39,37.27316319,126.9783039,"서낭재은(는) 어린이공원으로, 아이의 생활권 동화 배경으로 사용할 수 있다.",아이의 집 주변 산책·탐험 동화 배경,"공원에서 색깔, 나무, 놀이시설을 찾아보는 관찰 미션",4-7;8-10,공원;어린이공원,41113-00097,서낭재,어린이공원,,경기도 수원시 권선구 탑동 23-39,1867,,,,,,,경기도 수원시 권선구 녹지공원과,031-5191-6195,2026-01-15,3740000,경기도 수원시
전국도시공원정보표준데이터,https://www.data.go.kr/data/15012890/standard.do,2026-01-15,place,오목천,어린이공원,경기도 수원시,경기도 수원시 권선구 오목천동 945,37.24213772,126.9636059,"오목천은(는) 어린이공원으로, 아이의 생활권 동화 배경으로 사용할 수 있다.",아이의 집 주변 산책·탐험 동화 배경,조합놀이대1+휴게쉼터2; 다목적구장,4-7;8-10,공원;어린이공원;조합놀이대1+휴게쉼터2;다목적구장,41113-00098,오목천,어린이공원,,경기도 수원시 권선구 오목천동 945,4300.3,다목적구장,조합놀이대1+휴게쉼터2,,,,,경기도 수원시 권선구 녹지공원과,031-5191-6195,2026-01-15,3740000,경기도 수원시
전국도시공원정보표준데이터,https://www.data.go.kr/data/15012890/standard.do,2026-01-15,place,오색,어린이공원,경기도 수원시,경기도 수원시 권선구 오목천동 953,37.24674139,126.9675025,"오색은(는) 어린이공원으로, 아이의 생활권 동화 배경으로 사용할 수 있다.",아이의 집 주변 산책·탐험 동화 배경,조합놀이대1,4-7;8-10,공원;어린이공원;조합놀이대1,41113-00099,오색,어린이공원,,경기도 수원시 권선구 오목천동 953,750,,조합놀이대1,,,,,경기도 수원시 권선구 녹지공원과,031-5191-6195,2026-01-15,3740000,경기도 수원시
전국도시공원정보표준데이터,https://www.data.go.kr/data/15012890/standard.do,2026-01-15,place,한터,어린이공원,경기도 수원시,경기도 수원시 권선구 서둔동 372,37.26787345,126.9961442,"한터은(는) 어린이공원으로, 아이의 생활권 동화 배경으로 사용할 수 있다.",아이의 집 주변 산책·탐험 동화 배경,다목적구장,4-7;8-10,공원;어린이공원;다목적구장,41113-00100,한터,어린이공원,,경기도 수원시 권선구 서둔동 372,3218,다목적구장,,,,,,경기도 수원시 권선구 녹지공원과,031-5191-6195,2026-01-15,3740000,경기도 수원시
전국도시공원정보표준데이터,https://www.data.go.kr/data/15012890/standard.do,2026-01-15,place,무지개,어린이공원,경기도 수원시,경기도 수원시 권선구 권선동 1035-2,37.25774671,127.0252778,"무지개은(는) 어린이공원으로, 아이의 생활권 동화 배경으로 사용할 수 있다.",아이의 집 주변 산책·탐험 동화 배경,조합놀이대1,4-7;8-10,공원;어린이공원;조합놀이대1,41113-00101,무지개,어린이공원,,경기도 수원시 권선구 권선동 1035-2,2367.7,,조합놀이대1,,,음수대1,,경기도 수원시 권선구 녹지공원과,031-5191-6195,2026-01-15,3740000,경기도 수원시
전국도시공원정보표준데이터,https://www.data.go.kr/data/15012890/standard.do,2026-01-15,place,상상나래,어린이공원,경기도 수원시,경기도 수원시 권선구 권선동 1329,37.25377589,127.0242229,"상상나래은(는) 어린이공원으로, 아이의 생활권 동화 배경으로 사용할 수 있다.",아이의 집 주변 산책·탐험 동화 배경,놀이시설2,4-7;8-10,공원;어린이공원;놀이시설2,41113-00102,상상나래,어린이공원,,경기도 수원시 권선구 권선동 1329,2400,,놀이시설2,,,음수대1,,경기도 수원시 권선구 녹지공원과,031-5191-6195,2026-01-15,3740000,경기도 수원시
전국도시공원정보표준데이터,https://www.data.go.kr/data/15012890/standard.do,2026-01-15,place,꿈나무,어린이공원,경기도 수원시,경기도 수원시 권선구 권선동 1332,37.25404854,127.0265616,"꿈나무은(는) 어린이공원으로, 아이의 생활권 동화 배경으로 사용할 수 있다.",아이의 집 주변 산책·탐험 동화 배경,놀이시설3,4-7;8-10,공원;어린이공원;놀이시설3,41113-00103,꿈나무,어린이공원,,경기도 수원시 권선구 권선동 1332,3000,,놀이시설3,,,,,경기도 수원시 권선구 녹지공원과,031-5191-6195,2026-01-15,3740000,경기도 수원시
전국도시공원정보표준데이터,https://www.data.go.kr/data/15012890/standard.do,2026-01-15,place,여우별,어린이공원,경기도 수원시,경기도 수원시 권선구 오목천동 958,37.24502597,126.9681128,"여우별은(는) 어린이공원으로, 아이의 생활권 동화 배경으로 사용할 수 있다.",아이의 집 주변 산책·탐험 동화 배경,조합놀이대1,4-7;8-10,공원;어린이공원;조합놀이대1,41113-00104,여우별,어린이공원,,경기도 수원시 권선구 오목천동 958,755.1,,조합놀이대1,,,,,경기도 수원시 권선구 녹지공원과,031-5191-6195,2026-01-15,3740000,경기도 수원시
전국도시공원정보표준데이터,https://www.data.go.kr/data/15012890/standard.do,2026-01-15,place,물결,어린이공원,경기도 수원시,경기도 수원시 권선구 세류동 1267,37.26546203,127.0084686,"물결은(는) 어린이공원으로, 아이의 생활권 동화 배경으로 사용할 수 있다.",아이의 집 주변 산책·탐험 동화 배경,조합놀이대1+바닥분수1,4-7;8-10,공원;어린이공원;조합놀이대1+바닥분수1,41113-00105,물결,어린이공원,,경기도 수원시 권선구 세류동 1267,1441.8,,조합놀이대1+바닥분수1,,,음수대1,,경기도 수원시 권선구 녹지공원과,031-5191-6195,2026-01-15,3740000,경기도 수원시
전국도시공원정보표준데이터,https://www.data.go.kr/data/15012890/standard.do,2026-01-15,place,크레파스,어린이공원,경기도 수원시,경기도 수원시 권선구 금곡동 1080,37.27508432,126.9372468,"크레파스은(는) 어린이공원으로, 아이의 생활권 동화 배경으로 사용할 수 있다.",아이의 집 주변 산책·탐험 동화 배경,조합놀이대1,4-7;8-10,공원;어린이공원;조합놀이대1,41113-00106,크레파스,어린이공원,,경기도 수원시 권선구 금곡동 1080,2981.7,,조합놀이대1,,,,,경기도 수원시 권선구 녹지공원과,031-5191-6195,2026-01-15,3740000,경기도 수원시
전국도시공원정보표준데이터,https://www.data.go.kr/data/15012890/standard.do,2026-01-15,place,물방울,어린이공원,경기도 수원시,경기도 수원시 권선구 호매실동 1339,37.27035712,126.9422609,"물방울은(는) 어린이공원으로, 아이의 생활권 동화 배경으로 사용할 수 있다.",아이의 집 주변 산책·탐험 동화 배경,조합놀이대1,4-7;8-10,공원;어린이공원;조합놀이대1,41113-00107,물방울,어린이공원,,경기도 수원시 권선구 호매실동 1339,1493.9,,조합놀이대1,,,,,경기도 수원시 권선구 녹지공원과,031-5191-6195,2026-01-15,3740000,경기도 수원시
전국도시공원정보표준데이터,https://www.data.go.kr/data/15012890/standard.do,2026-01-15,place,우주선,어린이공원,경기도 수원시,경기도 수원시 권선구 금곡동 1107,37.27614865,126.9544608,"우주선은(는) 어린이공원으로, 아이의 생활권 동화 배경으로 사용할 수 있다.",아이의 집 주변 산책·탐험 동화 배경,조합놀이대1,4-7;8-10,공원;어린이공원;조합놀이대1,41113-00108,우주선,어린이공원,,경기도 수원시 권선구 금곡동 1107,5968.5,,조합놀이대1,,,,,경기도 수원시 권선구 녹지공원과,031-5191-6195,2026-01-15,3740000,경기도 수원시
전국도시공원정보표준데이터,https://www.data.go.kr/data/15012890/standard.do,2026-01-15,place,숲속,어린이공원,경기도 수원시,경기도 수원시 권선구 금곡동 1143,37.2708023,126.9548565,"숲속은(는) 어린이공원으로, 아이의 생활권 동화 배경으로 사용할 수 있다.",아이의 집 주변 산책·탐험 동화 배경,조합놀이대1,4-7;8-10,공원;어린이공원;조합놀이대1,41113-00109,숲속,어린이공원,,경기도 수원시 권선구 금곡동 1143,1728.5,,조합놀이대1,,,,,경기도 수원시 권선구 녹지공원과,031-5191-6195,2026-01-15,3740000,경기도 수원시
전국도시공원정보표준데이터,https://www.data.go.kr/data/15012890/standard.do,2026-01-15,place,곡반정,어린이공원,경기도 수원시,경기도 수원시 권선구 곡반정동 541,37.24116251,127.0310741,"곡반정은(는) 어린이공원으로, 아이의 생활권 동화 배경으로 사용할 수 있다.",아이의 집 주변 산책·탐험 동화 배경,조합놀이대1,4-7;8-10,공원;어린이공원;조합놀이대1,41113-00110,곡반정,어린이공원,,경기도 수원시 권선구 곡반정동 541,1495.3,,조합놀이대1,,,,,경기도 수원시 권선구 녹지공원과,031-5191-6195,2026-01-15,3740000,경기도 수원시
전국도시공원정보표준데이터,https://www.data.go.kr/data/15012890/standard.do,2026-01-15,place,신아,어린이공원,경기도 수원시,경기도 수원시 권선구 곡반정동 572,37.2373961,127.0299682,"신아은(는) 어린이공원으로, 아이의 생활권 동화 배경으로 사용할 수 있다.",아이의 집 주변 산책·탐험 동화 배경,조합놀이대1; 다목적구장(농구)1,4-7;8-10,공원;어린이공원;조합놀이대1;다목적구장(농구)1,41113-00111,신아,어린이공원,,경기도 수원시 권선구 곡반정동 572,1686.5,다목적구장(농구)1,조합놀이대1,,,,,경기도 수원시 권선구 녹지공원과,031-5191-6195,2026-01-15,3740000,경기도 수원시
전국도시공원정보표준데이터,https://www.data.go.kr/data/15012890/standard.do,2026-01-15,place,오누이,어린이공원,경기도 수원시,경기도 수원시 권선구 곡반정동 600,37.2335338,127.0254139,"오누이은(는) 어린이공원으로, 아이의 생활권 동화 배경으로 사용할 수 있다.",아이의 집 주변 산책·탐험 동화 배경,조합놀이대1,4-7;8-10,공원;어린이공원;조합놀이대1,41113-00112,오누이,어린이공원,,경기도 수원시 권선구 곡반정동 600,1631.5,,조합놀이대1,,,,,경기도 수원시 권선구 녹지공원과,031-5191-6195,2026-01-15,3740000,경기도 수원시
전국도시공원정보표준데이터,https://www.data.go.kr/data/15012890/standard.do,2026-01-15,place,해누리,어린이공원,경기도 수원시,경기도 수원시 권선구 입북동 818,37.30068259,126.9538867,"해누리은(는) 어린이공원으로, 아이의 생활권 동화 배경으로 사용할 수 있다.",아이의 집 주변 산책·탐험 동화 배경,조합놀이대2,4-7;8-10,공원;어린이공원;조합놀이대2,41113-00113,해누리,어린이공원,,경기도 수원시 권선구 입북동 818,5134.3,,조합놀이대2,화장실1,,음수대1,,경기도 수원시 권선구 녹지공원과,031-5191-6195,2026-01-15,3740000,경기도 수원시
전국도시공원정보표준데이터,https://www.data.go.kr/data/15012890/standard.do,2026-01-15,place,별누리,어린이공원,경기도 수원시,경기도 수원시 권선구 입북동 816,37.29784735,126.9534509,"별누리은(는) 어린이공원으로, 아이의 생활권 동화 배경으로 사용할 수 있다.",아이의 집 주변 산책·탐험 동화 배경,조합놀이대1,4-7;8-10,공원;어린이공원;조합놀이대1,41113-00114,별누리,어린이공원,,경기도 수원시 권선구 입북동 816,2002.2,,조합놀이대1,,,,,경기도 수원시 권선구 녹지공원과,031-5191-6195,2026-01-15,3740000,경기도 수원시
전국도시공원정보표준데이터,https://www.data.go.kr/data/15012890/standard.do,2026-01-15,place,하늘이랑,어린이공원,경기도 수원시,경기도 수원시 권선구 권선동 1346-5,37.24006544,127.0210479,"하늘이랑은(는) 어린이공원으로, 아이의 생활권 동화 배경으로 사용할 수 있다.",아이의 집 주변 산책·탐험 동화 배경,조합놀이대1,4-7;8-10,공원;어린이공원;조합놀이대1,41113-00115,하늘이랑,어린이공원,,경기도 수원시 권선구 권선동 1346-5,1504.7,,조합놀이대1,,,음수대1,,경기도 수원시 권선구 녹지공원과,031-5191-6195,2026-01-15,3740000,경기도 수원시
전국도시공원정보표준데이터,https://www.data.go.kr/data/15012890/standard.do,2026-01-15,place,꿈이랑,어린이공원,경기도 수원시,경기도 수원시 권선구 권선동 1343,37.24177692,127.0181324,"꿈이랑은(는) 어린이공원으로, 아이의 생활권 동화 배경으로 사용할 수 있다.",아이의 집 주변 산책·탐험 동화 배경,조합놀이대1,4-7;8-10,공원;어린이공원;조합놀이대1,41113-00116,꿈이랑,어린이공원,,경기도 수원시 권선구 권선동 1343,8135.5,,조합놀이대1,화장실1,,음수대1,,경기도 수원시 권선구 녹지공원과,031-5191-6195,2026-01-15,3740000,경기도 수원시
전국도시공원정보표준데이터,https://www.data.go.kr/data/15012890/standard.do,2026-01-15,place,물이랑,어린이공원,경기도 수원시,경기도 수원시 권선구 권선동 1361-2,37.24417067,127.0275409,"물이랑은(는) 어린이공원으로, 아이의 생활권 동화 배경으로 사용할 수 있다.",아이의 집 주변 산책·탐험 동화 배경,조합놀이대1,4-7;8-10,공원;어린이공원;조합놀이대1,41113-00117,물이랑,어린이공원,,경기도 수원시 권선구 권선동 1361-2,1507.3,,조합놀이대1,,,,,경기도 수원시 권선구 녹지공원과,031-5191-6195,2026-01-15,3740000,경기도 수원시
전국도시공원정보표준데이터,https://www.data.go.kr/data/15012890/standard.do,2026-01-15,place,고금,어린이공원,경기도 수원시,경기도 수원시 권선구 서수원로 47번길,37.23393782,126.9742589,"고금은(는) 어린이공원으로, 아이의 생활권 동화 배경으로 사용할 수 있다.",아이의 집 주변 산책·탐험 동화 배경,조합놀이대1,4-7;8-10,공원;어린이공원;조합놀이대1,41113-00118,고금,어린이공원,경기도 수원시 권선구 서수원로 47번길,경기도 수원시 권선구 오목천동 851-3,1760.9,,조합놀이대1,,,,,경기도 수원시 권선구 녹지공원과,031-5191-6195,2026-01-15,3740000,경기도 수원시
전국도시공원정보표준데이터,https://www.data.go.kr/data/15012890/standard.do,2026-01-15,place,고사,어린이공원,경기도 수원시,경기도 수원시 권선구 오목천동 788-4,37.23304652,126.9774257,"고사은(는) 어린이공원으로, 아이의 생활권 동화 배경으로 사용할 수 있다.",아이의 집 주변 산책·탐험 동화 배경,조합놀이대1,4-7;8-10,공원;어린이공원;조합놀이대1,41113-00119,고사,어린이공원,,경기도 수원시 권선구 오목천동 788-4,1776.3,,조합놀이대1,,,,,경기도 수원시 권선구 녹지공원과,031-5191-6195,2026-01-15,3740000,경기도 수원시
전국도시공원정보표준데이터,https://www.data.go.kr/data/15012890/standard.do,2026-01-15,place,씽씽어린이공원,어린이공원,경기도 수원시,경기도 수원시 권선구 고색동 14-35,37.2568351,126.9887757,"씽씽어린이공원은(는) 어린이공원으로, 아이의 생활권 동화 배경으로 사용할 수 있다.",아이의 집 주변 산책·탐험 동화 배경,조합놀이대1,4-7;8-10,공원;어린이공원;조합놀이대1,41113-00120,씽씽어린이공원,어린이공원,,경기도 수원시 권선구 고색동 14-35,9524,,조합놀이대1,화장실1,,,,경기도 수원시 권선구 녹지공원과,031-5191-6195,2026-01-15,3740000,경기도 수원시
전국도시공원정보표준데이터,https://www.data.go.kr/data/15012890/standard.do,2026-04-02,place,싸리골공원,어린이공원,경상북도 구미시,경상북도 구미시 봉곡동 217-1,36.15327826,128.3156936,"싸리골공원은(는) 어린이공원으로, 아이의 생활권 동화 배경으로 사용할 수 있다.",아이의 집 주변 산책·탐험 동화 배경,조합놀이대; 공중걷기,4-7;8-10,공원;어린이공원;조합놀이대;공중걷기,47190-00056,싸리골공원,어린이공원,,경상북도 구미시 봉곡동 217-1,1500,공중걷기,조합놀이대,평의자,,CCTV,1992-09-18,경상북도 구미시청,054-480-5572,2026-04-02,5080000,경상북도 구미시
전국도시공원정보표준데이터,https://www.data.go.kr/data/15012890/standard.do,2026-01-15,place,매화,어린이공원,경기도 수원시,경기도 수원시 영통구 매탄동 899,37.27008315,127.0404451,"매화은(는) 어린이공원으로, 아이의 생활권 동화 배경으로 사용할 수 있다.",아이의 집 주변 산책·탐험 동화 배경,조합놀이대1; 다목적구장,4-7;8-10,공원;어린이공원;조합놀이대1;다목적구장,41117-00031,매화,어린이공원,,경기도 수원시 영통구 매탄동 899,3771,다목적구장,조합놀이대1,,,,,경기도 수원시 영통구 녹지공원과,031-5191-8331,2026-01-15,3740000,경기도 수원시
전국도시공원정보표준데이터,https://www.data.go.kr/data/15012890/standard.do,2026-01-15,place,참새,어린이공원,경기도 수원시,경기도 수원시 영통구 매탄로 65번길 17,37.25704329,127.0404504,"참새은(는) 어린이공원으로, 아이의 생활권 동화 배경으로 사용할 수 있다.",아이의 집 주변 산책·탐험 동화 배경,조합놀이대1,4-7;8-10,공원;어린이공원;조합놀이대1,41117-00032,참새,어린이공원,경기도 수원시 영통구 매탄로 65번길 17,경기도 수원시 영통구 매탄동 1166-2,1502.3,,조합놀이대1,노인정1,,,,경기도 수원시 영통구 녹지공원과,031-5191-8331,2026-01-15,3740000,경기도 수원시
전국도시공원정보표준데이터,https://www.data.go.kr/data/15012890/standard.do,2026-01-15,place,혜성,어린이공원,경기도 수원시,경기도 수원시 영통구 동수원로 286번길 33-3,37.25488673,127.0379939,"혜성은(는) 어린이공원으로, 아이의 생활권 동화 배경으로 사용할 수 있다.",아이의 집 주변 산책·탐험 동화 배경,조합놀이대1; 다목적구장(농구)1,4-7;8-10,공원;어린이공원;조합놀이대1;다목적구장(농구)1,41117-00033,혜성,어린이공원,경기도 수원시 영통구 동수원로 286번길 33-3,경기도 수원시 영통구 매탄동 1177,2287.3,다목적구장(농구)1,조합놀이대1,노인정1,,,,경기도 수원시 영통구 녹지공원과,031-5191-8331,2026-01-15,3740000,경기도 수원시
전국도시공원정보표준데이터,https://www.data.go.kr/data/15012890/standard.do,2026-01-15,place,무지개,어린이공원,경기도 수원시,경기도 수원시 영통구 매여울로 68번길 23,37.2730117,127.0450275,"무지개은(는) 어린이공원으로, 아이의 생활권 동화 배경으로 사용할 수 있다.",아이의 집 주변 산책·탐험 동화 배경,조합놀이대1,4-7;8-10,공원;어린이공원;조합놀이대1,41117-00034,무지개,어린이공원,경기도 수원시 영통구 매여울로 68번길 23,경기도 수원시 영통구 매탄동 101-16,1616.2,,조합놀이대1,,,,,경기도 수원시 영통구 녹지공원과,031-5191-8331,2026-01-15,3740000,경기도 수원시
전국도시공원정보표준데이터,https://www.data.go.kr/data/15012890/standard.do,2026-01-15,place,미래,어린이공원,경기도 수원시,경기도 수원시 영통구 매여울로 10번길 14-20,37.27168445,127.0473854,"미래은(는) 어린이공원으로, 아이의 생활권 동화 배경으로 사용할 수 있다.",아이의 집 주변 산책·탐험 동화 배경,조합놀이대1,4-7;8-10,공원;어린이공원;조합놀이대1,41117-00035,미래,어린이공원,경기도 수원시 영통구 매여울로 10번길 14-20,경기도 수원시 영통구 매탄동 196-25,1507.3,,조합놀이대1,노인정1,,,,경기도 수원시 영통구 녹지공원과,031-5191-8331,2026-01-15,3740000,경기도 수원시
전국도시공원정보표준데이터,https://www.data.go.kr/data/15012890/standard.do,2026-01-15,place,산남,어린이공원,경기도 수원시,경기도 수원시 영통구 매봉로 35번길 43,37.27170482,127.0504251,"산남은(는) 어린이공원으로, 아이의 생활권 동화 배경으로 사용할 수 있다.",아이의 집 주변 산책·탐험 동화 배경,조합놀이대1,4-7;8-10,공원;어린이공원;조합놀이대1,41117-00036,산남,어린이공원,경기도 수원시 영통구 매봉로 35번길 43,경기도 수원시 영통구 매탄동 111-107,1595.5,,조합놀이대1,노인정1,,,,경기도 수원시 영통구 녹지공원과,031-5191-8331,2026-01-15,3740000,경기도 수원시
전국도시공원정보표준데이터,https://www.data.go.kr/data/15012890/standard.do,2026-01-15,place,옹달샘,어린이공원,경기도 수원시,경기도 수원시 영통구 매탄동 209-25,37.26557551,127.0470885,"옹달샘은(는) 어린이공원으로, 아이의 생활권 동화 배경으로 사용할 수 있다.",아이의 집 주변 산책·탐험 동화 배경,조합놀이대1,4-7;8-10,공원;어린이공원;조합놀이대1,41117-00037,옹달샘,어린이공원,,경기도 수원시 영통구 매탄동 209-25,1518.6,,조합놀이대1,,,,,경기도 수원시 영통구 녹지공원과,031-5191-8331,2026-01-15,3740000,경기도 수원시
전국도시공원정보표준데이터,https://www.data.go.kr/data/15012890/standard.do,2026-01-15,place,산샘,어린이공원,경기도 수원시,경기도 수원시 영통구 매원로11번길 8-16,37.26714647,127.0482123,"산샘은(는) 어린이공원으로, 아이의 생활권 동화 배경으로 사용할 수 있다.",아이의 집 주변 산책·탐험 동화 배경,조합놀이대1,4-7;8-10,공원;어린이공원;조합놀이대1,41117-00038,산샘,어린이공원,경기도 수원시 영통구 매원로11번길 8-16,경기도 수원시 영통구 매탄동 205-32,1940.1,,조합놀이대1,노인정1,,,,경기도 수원시 영통구 녹지공원과,031-5191-8331,2026-01-15,3740000,경기도 수원시
전국도시공원정보표준데이터,https://www.data.go.kr/data/15012890/standard.do,2026-01-15,place,마루터기,어린이공원,경기도 수원시,경기도 수원시 영통구 산남로 4번길 27,37.26385648,127.0487029,"마루터기은(는) 어린이공원으로, 아이의 생활권 동화 배경으로 사용할 수 있다.",아이의 집 주변 산책·탐험 동화 배경,조합놀이대1,4-7;8-10,공원;어린이공원;조합놀이대1,41117-00039,마루터기,어린이공원,경기도 수원시 영통구 산남로 4번길 27,경기도 수원시 영통구 매탄동 861,1815.6,,조합놀이대1,노인정1,,,,경기도 수원시 영통구 녹지공원과,031-5191-8331,2026-01-15,3740000,경기도 수원시
전국도시공원정보표준데이터,https://www.data.go.kr/data/15012890/standard.do,2026-01-15,place,먼내,어린이공원,경기도 수원시,경기도 수원시 영통구 동탄원천로 1109번길 22,37.26957867,127.0576438,"먼내은(는) 어린이공원으로, 아이의 생활권 동화 배경으로 사용할 수 있다.",아이의 집 주변 산책·탐험 동화 배경,조합놀이대1,4-7;8-10,공원;어린이공원;조합놀이대1,41117-00040,먼내,어린이공원,경기도 수원시 영통구 동탄원천로 1109번길 22,경기도 수원시 영통구 원천동 463-1,1523,,조합놀이대1,,,,,경기도 수원시 영통구 녹지공원과,031-5191-8331,2026-01-15,3740000,경기도 수원시
전국도시공원정보표준데이터,https://www.data.go.kr/data/15012890/standard.do,2026-01-15,place,우정,어린이공원,경기도 수원시,경기도 수원시 영통구 매탄동 1201,37.27156282,127.0538907,"우정은(는) 어린이공원으로, 아이의 생활권 동화 배경으로 사용할 수 있다.",아이의 집 주변 산책·탐험 동화 배경,조합놀이대1,4-7;8-10,공원;어린이공원;조합놀이대1,41117-00041,우정,어린이공원,,경기도 수원시 영통구 매탄동 1201,1939.1,,조합놀이대1,화장실1,,,,경기도 수원시 영통구 녹지공원과,031-5191-8331,2026-01-15,3740000,경기도 수원시
전국도시공원정보표준데이터,https://www.data.go.kr/data/15012890/standard.do,2026-01-15,place,매미,어린이공원,경기도 수원시,경기도 수원시 영통구 매탄동 1217-6,37.26651885,127.0517346,"매미은(는) 어린이공원으로, 아이의 생활권 동화 배경으로 사용할 수 있다.",아이의 집 주변 산책·탐험 동화 배경,조합놀이대1,4-7;8-10,공원;어린이공원;조합놀이대1,41117-00042,매미,어린이공원,,경기도 수원시 영통구 매탄동 1217-6,2135.3,,조합놀이대1,화장실1,,,,경기도 수원시 영통구 녹지공원과,031-5191-8331,2026-01-15,3740000,경기도 수원시
전국도시공원정보표준데이터,https://www.data.go.kr/data/15012890/standard.do,2026-01-15,place,효원,어린이공원,경기도 수원시,경기도 수원시 영통구 매탄동 1354,37.26223292,127.0415354,"효원은(는) 어린이공원으로, 아이의 생활권 동화 배경으로 사용할 수 있다.",아이의 집 주변 산책·탐험 동화 배경,조합놀이대1,4-7;8-10,공원;어린이공원;조합놀이대1,41117-00043,효원,어린이공원,,경기도 수원시 영통구 매탄동 1354,6653,,조합놀이대1,,,,,경기도 수원시 영통구 녹지공원과,031-5191-8331,2026-01-15,3740000,경기도 수원시
전국도시공원정보표준데이터,https://www.data.go.kr/data/15012890/standard.do,2026-01-15,place,교통,어린이공원,경기도 수원시,경기도 수원시 영통구 매탄동 1231-2,37.26630262,127.0574025,"교통은(는) 어린이공원으로, 아이의 생활권 동화 배경으로 사용할 수 있다.",아이의 집 주변 산책·탐험 동화 배경,조합놀이대1,4-7;8-10,공원;어린이공원;조합놀이대1,41117-00044,교통,어린이공원,,경기도 수원시 영통구 매탄동 1231-2,2530,,조합놀이대1,,,,,경기도 수원시 영통구 녹지공원과,031-5191-8331,2026-01-15,3740000,경기도 수원시
전국도시공원정보표준데이터,https://www.data.go.kr/data/15012890/standard.do,2026-01-15,place,못골,어린이공원,경기도 수원시,경기도 수원시 팔달구 팔달문로 115번길 43,37.2834799,127.027695,"못골은(는) 어린이공원으로, 아이의 생활권 동화 배경으로 사용할 수 있다.",아이의 집 주변 산책·탐험 동화 배경,조합놀이대1,4-7;8-10,공원;어린이공원;조합놀이대1,41115-00009,못골,어린이공원,경기도 수원시 팔달구 팔달문로 115번길 43,경기도 수원시 팔달구 지동 473,3257,,조합놀이대1,노인정1+화장실1,,,,경기도 수원시 팔달구 녹지공원과,031-5191-7043,2026-01-15,3740000,경기도 수원시
전국도시공원정보표준데이터,https://www.data.go.kr/data/15012890/standard.do,2026-01-15,place,청록,어린이공원,경기도 수원시,경기도 수원시 팔달구 경수대로 616번길 32,37.28091621,127.0321865,"청록은(는) 어린이공원으로, 아이의 생활권 동화 배경으로 사용할 수 있다.",아이의 집 주변 산책·탐험 동화 배경,조합놀이대1,4-7;8-10,공원;어린이공원;조합놀이대1,41115-00010,청록,어린이공원,경기도 수원시 팔달구 경수대로 616번길 32,경기도 수원시 팔달구 우만동 560,2275.4,,조합놀이대1,노인정1,,,,경기도 수원시 팔달구 녹지공원과,031-5191-7043,2026-01-15,3740000,경기도 수원시
전국도시공원정보표준데이터,https://www.data.go.kr/data/15012890/standard.do,2026-01-15,place,반달,어린이공원,경기도 수원시,경기도 수원시 팔달구 인계동 973,37.26967298,127.024921,"반달은(는) 어린이공원으로, 아이의 생활권 동화 배경으로 사용할 수 있다.",아이의 집 주변 산책·탐험 동화 배경,조합놀이대1; 다목적구장2(농구+게이트볼) 인라인스케이트장1,4-7;8-10,공원;어린이공원;조합놀이대1;다목적구장2(농구+게이트볼);인라인스케이트장1,41115-00011,반달,어린이공원,,경기도 수원시 팔달구 인계동 973,4665.5,다목적구장2(농구+게이트볼) 인라인스케이트장1,조합놀이대1,노인정1+화장실1,,,,경기도 수원시 팔달구 녹지공원과,031-5191-7043,2026-01-15,3740000,경기도 수원시
전국도시공원정보표준데이터,https://www.data.go.kr/data/15012890/standard.do,2026-01-15,place,드라마센터,어린이공원,경기도 수원시,경기도 수원시 팔달구 인계동 948,37.27019098,127.0292686,"드라마센터은(는) 어린이공원으로, 아이의 생활권 동화 배경으로 사용할 수 있다.",아이의 집 주변 산책·탐험 동화 배경,조합놀이대1; 다목적구장(축구장),4-7;8-10,공원;어린이공원;조합놀이대1;다목적구장(축구장),41115-00012,드라마센터,어린이공원,,경기도 수원시 팔달구 인계동 948,2639,다목적구장(축구장),조합놀이대1,,,,,경기도 수원시 팔달구 녹지공원과,031-5191-7043,2026-01-15,3740000,경기도 수원시
전국도시공원정보표준데이터,https://www.data.go.kr/data/15012890/standard.do,2026-01-15,place,미소,어린이공원,경기도 수원시,경기도 수원시 팔달구 인계동 944,37.27465621,127.0305692,"미소은(는) 어린이공원으로, 아이의 생활권 동화 배경으로 사용할 수 있다.",아이의 집 주변 산책·탐험 동화 배경,조합놀이대1,4-7;8-10,공원;어린이공원;조합놀이대1,41115-00013,미소,어린이공원,,경기도 수원시 팔달구 인계동 944,1512.9,,조합놀이대1,,,,,경기도 수원시 팔달구 녹지공원과,031-5191-7043,2026-01-15,3740000,경기도 수원시
전국도시공원정보표준데이터,https://www.data.go.kr/data/15012890/standard.do,2026-01-15,place,장다리,어린이공원,경기도 수원시,경기도 수원시 팔달구 인계동 998,37.2655614,127.0240014,"장다리은(는) 어린이공원으로, 아이의 생활권 동화 배경으로 사용할 수 있다.",아이의 집 주변 산책·탐험 동화 배경,조합놀이대1,4-7;8-10,공원;어린이공원;조합놀이대1,41115-00014,장다리,어린이공원,,경기도 수원시 팔달구 인계동 998,1498.9,,조합놀이대1,,,,,경기도 수원시 팔달구 녹지공원과,031-5191-7043,2026-01-15,3740000,경기도 수원시
전국도시공원정보표준데이터,https://www.data.go.kr/data/15012890/standard.do,2026-01-15,place,소만,어린이공원,경기도 수원시,경기도 수원시 팔달구 우만동 300-4,37.29189804,127.0322859,"소만은(는) 어린이공원으로, 아이의 생활권 동화 배경으로 사용할 수 있다.",아이의 집 주변 산책·탐험 동화 배경,조합놀이대1; 다목적구장(게이트볼)1,4-7;8-10,공원;어린이공원;조합놀이대1;다목적구장(게이트볼)1,41115-00015,소만,어린이공원,,경기도 수원시 팔달구 우만동 300-4,2000.1,다목적구장(게이트볼)1,조합놀이대1,,,,,경기도 수원시 팔달구 녹지공원과,031-5191-7043,2026-01-15,3740000,경기도 수원시
전국도시공원정보표준데이터,https://www.data.go.kr/data/15012890/standard.do,2026-01-15,place,작은새,어린이공원,경기도 수원시,경기도 수원시 팔달구 우만동 301-2,37.29240068,127.0358679,"작은새은(는) 어린이공원으로, 아이의 생활권 동화 배경으로 사용할 수 있다.",아이의 집 주변 산책·탐험 동화 배경,조합놀이대1,4-7;8-10,공원;어린이공원;조합놀이대1,41115-00016,작은새,어린이공원,,경기도 수원시 팔달구 우만동 301-2,2772.8,,조합놀이대1,,,,,경기도 수원시 팔달구 녹지공원과,031-5191-7043,2026-01-15,3740000,경기도 수원시
전국도시공원정보표준데이터,https://www.data.go.kr/data/15012890/standard.do,2026-01-15,place,버들,어린이공원,경기도 수원시,경기도 수원시 팔달구 화서동 707,37.2894783,126.9829531,"버들은(는) 어린이공원으로, 아이의 생활권 동화 배경으로 사용할 수 있다.",아이의 집 주변 산책·탐험 동화 배경,조합놀이대1; 농구장,4-7;8-10,공원;어린이공원;조합놀이대1;농구장,41115-00017,버들,어린이공원,,경기도 수원시 팔달구 화서동 707,4442.7,농구장,조합놀이대1,,,,,경기도 수원시 팔달구 녹지공원과,031-5191-7043,2026-01-15,3740000,경기도 수원시
전국도시공원정보표준데이터,https://www.data.go.kr/data/15012890/standard.do,2026-01-15,place,백로,어린이공원,경기도 수원시,경기도 수원시 팔달구 화서동 728,37.28589764,126.9817406,"백로은(는) 어린이공원으로, 아이의 생활권 동화 배경으로 사용할 수 있다.",아이의 집 주변 산책·탐험 동화 배경,조합놀이대1; 농구장,4-7;8-10,공원;어린이공원;조합놀이대1;농구장,41115-00018,백로,어린이공원,,경기도 수원시 팔달구 화서동 728,3232.2,농구장,조합놀이대1,,,,,경기도 수원시 팔달구 녹지공원과,031-5191-7043,2026-01-15,3740000,경기도 수원시
전국도시공원정보표준데이터,https://www.data.go.kr/data/15012890/standard.do,2026-01-15,place,샛별,어린이공원,경기도 수원시,경기도 수원시 팔달구 화서동 64-3,37.27942364,127.0051463,"샛별은(는) 어린이공원으로, 아이의 생활권 동화 배경으로 사용할 수 있다.",아이의 집 주변 산책·탐험 동화 배경,조합놀이대1,4-7;8-10,공원;어린이공원;조합놀이대1,41115-00019,샛별,어린이공원,,경기도 수원시 팔달구 화서동 64-3,931.9,,조합놀이대1,파고라2,,,,경기도 수원시 팔달구 녹지공원과,031-5191-7043,2026-01-15,3740000,경기도 수원시
전국도시공원정보표준데이터,https://www.data.go.kr/data/15012890/standard.do,2026-01-15,place,고등,어린이공원,경기도 수원시,경기도 수원시 팔달구 고등동 79-5,37.27058365,127.0069136,"고등은(는) 어린이공원으로, 아이의 생활권 동화 배경으로 사용할 수 있다.",아이의 집 주변 산책·탐험 동화 배경,조합놀이대1,4-7;8-10,공원;어린이공원;조합놀이대1,41115-00020,고등,어린이공원,,경기도 수원시 팔달구 고등동 79-5,1288.6,,조합놀이대1,한식풍정자,,,,경기도 수원시 팔달구 녹지공원과,031-5191-7043,2026-01-15,3740000,경기도 수원시
전국도시공원정보표준데이터,https://www.data.go.kr/data/15012890/standard.do,2026-01-15,place,나래,어린이공원,경기도 수원시,경기도 수원시 팔달구 고등동 50-2,37.27509616,127.0048438,"나래은(는) 어린이공원으로, 아이의 생활권 동화 배경으로 사용할 수 있다.",아이의 집 주변 산책·탐험 동화 배경,조합놀이대1,4-7;8-10,공원;어린이공원;조합놀이대1,41115-00021,나래,어린이공원,,경기도 수원시 팔달구 고등동 50-2,1045.3,,조합놀이대1,,,,,경기도 수원시 팔달구 녹지공원과,031-5191-7043,2026-01-15,3740000,경기도 수원시
전국도시공원정보표준데이터,https://www.data.go.kr/data/15012890/standard.do,2026-01-15,place,화서오거리,어린이공원,경기도 수원시,경기도 수원시 팔달구 동말로 47번길 24-10,37.27966634,126.9997294,"화서오거리은(는) 어린이공원으로, 아이의 생활권 동화 배경으로 사용할 수 있다.",아이의 집 주변 산책·탐험 동화 배경,조합놀이대1,4-7;8-10,공원;어린이공원;조합놀이대1,41115-00022,화서오거리,어린이공원,경기도 수원시 팔달구 동말로 47번길 24-10,경기도 수원시 팔달구 화서동 116-3,1000,,조합놀이대1,,,,,경기도 수원시 팔달구 녹지공원과,031-5191-7043,2026-01-15,3740000,경기도 수원시
전국도시공원정보표준데이터,https://www.data.go.kr/data/15012890/standard.do,2026-01-15,place,동말,어린이공원,경기도 수원시,경기도 수원시 팔달구 화서동 184-58,37.27712897,126.9969782,"동말은(는) 어린이공원으로, 아이의 생활권 동화 배경으로 사용할 수 있다.",아이의 집 주변 산책·탐험 동화 배경,조합놀이대1,4-7;8-10,공원;어린이공원;조합놀이대1,41115-00023,동말,어린이공원,,경기도 수원시 팔달구 화서동 184-58,1278.4,,조합놀이대1,,,,,경기도 수원시 팔달구 녹지공원과,031-5191-7043,2026-01-15,3740000,경기도 수원시
전국도시공원정보표준데이터,https://www.data.go.kr/data/15012890/standard.do,2026-01-15,place,양지말,어린이공원,경기도 수원시,경기도 수원시 팔달구 화서동 702,37.28595461,126.9847311,"양지말은(는) 어린이공원으로, 아이의 생활권 동화 배경으로 사용할 수 있다.",아이의 집 주변 산책·탐험 동화 배경,조합놀이대1; 시소,4-7;8-10,공원;어린이공원;조합놀이대1;시소,41115-00024,양지말,어린이공원,,경기도 수원시 팔달구 화서동 702,3000.4,시소,조합놀이대1,,,광장,,경기도 수원시 팔달구 녹지공원과,031-5191-7043,2026-01-15,3740000,경기도 수원시
전국도시공원정보표준데이터,https://www.data.go.kr/data/15012890/standard.do,2026-01-15,place,산마루,어린이공원,경기도 수원시,경기도 수원시 팔달구 화서동 688-4,37.28604145,126.9876586,"산마루은(는) 어린이공원으로, 아이의 생활권 동화 배경으로 사용할 수 있다.",아이의 집 주변 산책·탐험 동화 배경,조합놀이대1,4-7;8-10,공원;어린이공원;조합놀이대1,41115-00025,산마루,어린이공원,,경기도 수원시 팔달구 화서동 688-4,4595.8,,조합놀이대1,,,광장,,경기도 수원시 팔달구 녹지공원과,031-5191-7043,2026-01-15,3740000,경기도 수원시
전국도시공원정보표준데이터,https://www.data.go.kr/data/15012890/standard.do,2026-01-15,place,고색중보들,근린공원,경기도 수원시,경기도 수원시 권선구 고색동 1129,37.24822973,126.9900297,"고색중보들은(는) 근린공원으로, 아이의 생활권 동화 배경으로 사용할 수 있다.",아이의 집 주변 산책·탐험 동화 배경,바닥분수1; 풋살1+게이트볼장1+배구장1+족구장1+농구장1+테니스장1,4-7;8-10,공원;근린공원;바닥분수1;풋살1+게이트볼장1+배구장1+족구장1+농구장1+테니스장1,41113-00011,고색중보들,근린공원,,경기도 수원시 권선구 고색동 1129,138326.5,풋살1+게이트볼장1+배구장1+족구장1+농구장1+테니스장1,바닥분수1,화장실2,,주차장,,경기도 수원시 권선구 녹지공원과,031-5191-6195,2026-01-15,3740000,경기도 수원시
전국도시공원정보표준데이터,https://www.data.go.kr/data/15012890/standard.do,2026-01-15,place,들바람,근린공원,경기도 수원시,경기도 수원시 권선구 고색동 931,37.24072849,126.9787184,"들바람은(는) 근린공원으로, 아이의 생활권 동화 배경으로 사용할 수 있다.",아이의 집 주변 산책·탐험 동화 배경,"공원에서 색깔, 나무, 놀이시설을 찾아보는 관찰 미션",4-7;8-10,공원;근린공원,41113-00012,들바람,근린공원,,경기도 수원시 권선구 고색동 931,5186.7,,,화장실1,,,,경기도 수원시 권선구 녹지공원과,031-5191-6195,2026-01-15,3740000,경기도 수원시
전국도시공원정보표준데이터,https://www.data.go.kr/data/15012890/standard.do,2026-01-15,place,고렴,근린공원,경기도 수원시,경기도 수원시 권선구 곡반정동 546,37.24063001,127.0292104,"고렴은(는) 근린공원으로, 아이의 생활권 동화 배경으로 사용할 수 있다.",아이의 집 주변 산책·탐험 동화 배경,바닥분수1; 게이트볼장1+농구장1+배드민턴장1+인라인스케이트장1,4-7;8-10,공원;근린공원;바닥분수1;게이트볼장1+농구장1+배드민턴장1+인라인스케이트장1,41113-00013,고렴,근린공원,,경기도 수원시 권선구 곡반정동 546,10571,게이트볼장1+농구장1+배드민턴장1+인라인스케이트장1,바닥분수1,화장실1,,,,경기도 수원시 권선구 녹지공원과,031-5191-6195,2026-01-15,3740000,경기도 수원시
전국도시공원정보표준데이터,https://www.data.go.kr/data/15012890/standard.do,2026-01-15,place,산울림공원,근린공원,경기도 수원시,경기도 수원시 권선구 금곡동 1059,37.27698626,126.938702,"산울림공원은(는) 근린공원으로, 아이의 생활권 동화 배경으로 사용할 수 있다.",아이의 집 주변 산책·탐험 동화 배경,농구장1,4-7;8-10,공원;근린공원;농구장1,41113-00014,산울림공원,근린공원,,경기도 수원시 권선구 금곡동 1059,23151.4,농구장1,,,,,,경기도 수원시 권선구 녹지공원과,031-5191-6195,2026-01-15,3740000,경기도 수원시
전국도시공원정보표준데이터,https://www.data.go.kr/data/15012890/standard.do,2026-01-15,place,가온공원,근린공원,경기도 수원시,경기도 수원시 권선구 금곡동 1096,37.27260543,126.9490445,"가온공원은(는) 근린공원으로, 아이의 생활권 동화 배경으로 사용할 수 있다.",아이의 집 주변 산책·탐험 동화 배경,휴게쉼터,4-7;8-10,공원;근린공원;휴게쉼터,41113-00015,가온공원,근린공원,,경기도 수원시 권선구 금곡동 1096,14523,,휴게쉼터,,,,,경기도 수원시 권선구 녹지공원과,031-5191-6195,2026-01-15,3740000,경기도 수원시
전국도시공원정보표준데이터,https://www.data.go.kr/data/15012890/standard.do,2026-01-15,place,호매실공원,근린공원,경기도 수원시,경기도 수원시 권선구 호매실동 1358,37.27119348,126.948787,"호매실공원은(는) 근린공원으로, 아이의 생활권 동화 배경으로 사용할 수 있다.",아이의 집 주변 산책·탐험 동화 배경,족구장1,4-7;8-10,공원;근린공원;족구장1,41113-00016,호매실공원,근린공원,,경기도 수원시 권선구 호매실동 1358,50894,족구장1,,,,,,경기도 수원시 권선구 녹지공원과,031-5191-6195,2026-01-15,3740000,경기도 수원시
전국도시공원정보표준데이터,https://www.data.go.kr/data/15012890/standard.do,2026-01-15,place,매화공원,근린공원,경기도 수원시,경기도 수원시 권선구 금곡동 1148,37.26952284,126.9498476,"매화공원은(는) 근린공원으로, 아이의 생활권 동화 배경으로 사용할 수 있다.",아이의 집 주변 산책·탐험 동화 배경,물놀이시설1,4-7;8-10,공원;근린공원;물놀이시설1,41113-00017,매화공원,근린공원,,경기도 수원시 권선구 금곡동 1148,17555.7,,물놀이시설1,화장실 및 관리사무실1,,애견놀이터1,,경기도 수원시 권선구 녹지공원과,031-5191-6195,2026-01-15,3740000,경기도 수원시
전국도시공원정보표준데이터,https://www.data.go.kr/data/15012890/standard.do,2026-01-15,place,바람소리공원,근린공원,경기도 수원시,경기도 수원시 권선구 서수원로 577번길 202,37.27705532,126.9457828,"바람소리공원은(는) 근린공원으로, 아이의 생활권 동화 배경으로 사용할 수 있다.",아이의 집 주변 산책·탐험 동화 배경,그라운드골프장; 어린이집,4-7;8-10,공원;근린공원;그라운드골프장;어린이집,41113-00018,바람소리공원,근린공원,경기도 수원시 권선구 서수원로 577번길 202,경기도 수원시 권선구 금곡동 1068,17255.9,그라운드골프장,,화장실1,어린이집,,,경기도 수원시 권선구 녹지공원과,031-5191-6195,2026-01-15,3740000,경기도 수원시
전국도시공원정보표준데이터,https://www.data.go.kr/data/15012890/standard.do,2026-01-15,place,사랑뜰공원,근린공원,경기도 수원시,경기도 수원시 권선구 호매실동 1370,37.26498272,126.9577427,"사랑뜰공원은(는) 근린공원으로, 아이의 생활권 동화 배경으로 사용할 수 있다.",아이의 집 주변 산책·탐험 동화 배경,어린이집 및 문화센터,4-7;8-10,공원;근린공원;어린이집;및;문화센터,41113-00019,사랑뜰공원,근린공원,,경기도 수원시 권선구 호매실동 1370,16757.5,,,,어린이집 및 문화센터,,,경기도 수원시 권선구 녹지공원과,031-5191-6195,2026-01-15,3740000,경기도 수원시
전국도시공원정보표준데이터,https://www.data.go.kr/data/15012890/standard.do,2026-01-15,place,마중공원,근린공원,경기도 수원시,경기도 수원시 권선구 권선동 1344,37.2385727,127.0192999653,"마중공원은(는) 근린공원으로, 아이의 생활권 동화 배경으로 사용할 수 있다.",아이의 집 주변 산책·탐험 동화 배경,물놀이시설1+유수지2+텃밭; 농구장1+풋살장1,4-7;8-10,공원;근린공원;물놀이시설1+유수지2+텃밭;농구장1+풋살장1,41113-00020,마중공원,근린공원,,경기도 수원시 권선구 권선동 1344,64604.5,농구장1+풋살장1,물놀이시설1+유수지2+텃밭,화장실2,,,,경기도 수원시 권선구 녹지공원과,031-5191-6195,2026-01-15,3740000,경기도 수원시
전국도시공원정보표준데이터,https://www.data.go.kr/data/15012890/standard.do,2026-01-15,place,대부둑공원,근린공원,경기도 수원시,경기도 수원시 권선구 고색동 1189,37.25489133,126.970192,"대부둑공원은(는) 근린공원으로, 아이의 생활권 동화 배경으로 사용할 수 있다.",아이의 집 주변 산책·탐험 동화 배경,조합놀이대1+야외무대+음수대1; 농구장1,4-7;8-10,공원;근린공원;조합놀이대1+야외무대+음수대1;농구장1,41113-00021,대부둑공원,근린공원,,경기도 수원시 권선구 고색동 1189,25106.8,농구장1,조합놀이대1+야외무대+음수대1,화장실1,,,,경기도 수원시 권선구 녹지공원과,031-5191-6195,2026-01-15,3740000,경기도 수원시
전국도시공원정보표준데이터,https://www.data.go.kr/data/15012890/standard.do,2026-01-15,place,105호근린공원,근린공원,경기도 수원시,경기도 수원시 권선구 오목천동 814-1,37.2359684,126.9761943,"105호근린공원은(는) 근린공원으로, 아이의 생활권 동화 배경으로 사용할 수 있다.",아이의 집 주변 산책·탐험 동화 배경,"공원에서 색깔, 나무, 놀이시설을 찾아보는 관찰 미션",4-7;8-10,공원;근린공원,41113-00022,105호근린공원,근린공원,,경기도 수원시 권선구 오목천동 814-1,10191.8,,,,,,,경기도 수원시 권선구 녹지공원과,031-5191-6195,2026-01-15,3740000,경기도 수원시
전국도시공원정보표준데이터,https://www.data.go.kr/data/15012890/standard.do,2026-01-15,place,배다리공원,근린공원,경기도 수원시,경기도 수원시 권선구 산업로 156번길 171-33,37.24029343,126.9850965,"배다리공원은(는) 근린공원으로, 아이의 생활권 동화 배경으로 사용할 수 있다.",아이의 집 주변 산책·탐험 동화 배경,유슈지1; 농구장1+족구장1,4-7;8-10,공원;근린공원;유슈지1;농구장1+족구장1,41113-00023,배다리공원,근린공원,경기도 수원시 권선구 산업로 156번길 171-33,경기도 수원시 권선구 고색동 1111,20928.8,농구장1+족구장1,유슈지1,화장실1,,,,경기도 수원시 권선구 녹지공원과,031-5191-6195,2026-01-15,3740000,경기도 수원시
전국도시공원정보표준데이터,https://www.data.go.kr/data/15012890/standard.do,2026-01-15,place,고색체육공원,체육공원,경기도 수원시,경기도 수원시 권선구 오목천로 152번길 29,37.24370905,126.9782807,"고색체육공원은(는) 체육공원으로, 아이의 생활권 동화 배경으로 사용할 수 있다.",아이의 집 주변 산책·탐험 동화 배경,축구장1,4-7;8-10,공원;체육공원;축구장1,41113-00024,고색체육공원,체육공원,경기도 수원시 권선구 오목천로 152번길 29,경기도 수원시 권선구 고색동 919,13502.2,축구장1,,,,,,경기도 수원시 권선구 녹지공원과,031-5191-6195,2026-01-15,3740000,경기도 수원시
전국도시공원정보표준데이터,https://www.data.go.kr/data/15012890/standard.do,2026-01-15,place,오목천체육공원,체육공원,경기도 수원시,경기도 수원시 권선구 고색동 904-4,37.24725021,126.970053,"오목천체육공원은(는) 체육공원으로, 아이의 생활권 동화 배경으로 사용할 수 있다.",아이의 집 주변 산책·탐험 동화 배경,"공원에서 색깔, 나무, 놀이시설을 찾아보는 관찰 미션",4-7;8-10,공원;체육공원,41113-00025,오목천체육공원,체육공원,,경기도 수원시 권선구 고색동 904-4,45795,,,,,,,경기도 수원시 청소자원과,031-5191-2247,2026-01-15,3740000,경기도 수원시
전국도시공원정보표준데이터,https://www.data.go.kr/data/15012890/standard.do,2026-01-15,place,1호체육공원,체육공원,경기도 수원시,경기도 수원시 권선구 서수원로 577번길 171,37.27629039,126.9483114,"1호체육공원은(는) 체육공원으로, 아이의 생활권 동화 배경으로 사용할 수 있다.",아이의 집 주변 산책·탐험 동화 배경,서수원칠보체육관,4-7;8-10,공원;체육공원;서수원칠보체육관,41113-00026,1호체육공원,체육공원,경기도 수원시 권선구 서수원로 577번길 171,경기도 수원시 권선구 금곡동 1071,61899.7,서수원칠보체육관,,,,,,경기도 수원시 체육진흥과,031-5191-2138,2026-01-15,3740000,경기도 수원시
전국도시공원정보표준데이터,https://www.data.go.kr/data/15012890/standard.do,2026-01-15,place,글모둠문화공원,문화공원,경기도 수원시,경기도 수원시 권선구 칠보로 169,37.26641239,126.9579934,"글모둠문화공원은(는) 문화공원으로, 아이의 생활권 동화 배경으로 사용할 수 있다.",아이의 집 주변 산책·탐험 동화 배경,호매실도서관,4-7;8-10,공원;문화공원;호매실도서관,41113-00027,글모둠문화공원,문화공원,경기도 수원시 권선구 칠보로 169,경기도 수원시 권선구 호매실동 1369,8627.2,,,,호매실도서관,,,경기도 수원시 권선구 녹지공원과,031-5191-6195,2026-01-15,3740000,경기도 수원시
전국도시공원정보표준데이터,https://www.data.go.kr/data/15012890/standard.do,2026-01-15,place,누리문화공원,문화공원,경기도 수원시,경기도 수원시 권선구 서수원로 577번길 225,37.27647038,126.9450191,"누리문화공원은(는) 문화공원으로, 아이의 생활권 동화 배경으로 사용할 수 있다.",아이의 집 주변 산책·탐험 동화 배경,농구장1; 청소년수련관1,4-7;8-10,공원;문화공원;농구장1;청소년수련관1,41113-00028,누리문화공원,문화공원,경기도 수원시 권선구 서수원로 577번길 225,경기도 수원시 권선구 금곡동 1074,13056.4,농구장1,,,청소년수련관1,생태체험관1+주차장,,경기도 수원시 권선구 녹지공원과,031-5191-6195,2026-01-15,3740000,경기도 수원시
전국도시공원정보표준데이터,https://www.data.go.kr/data/15012890/standard.do,2026-01-15,place,권선1문화공원,문화공원,경기도 수원시,경기도 수원시 권선구 고색동 1187,37.25532774,126.9723092,"권선1문화공원은(는) 문화공원으로, 아이의 생활권 동화 배경으로 사용할 수 있다.",아이의 집 주변 산책·탐험 동화 배경,"공원에서 색깔, 나무, 놀이시설을 찾아보는 관찰 미션",4-7;8-10,공원;문화공원,41113-00029,권선1문화공원,문화공원,,경기도 수원시 권선구 고색동 1187,3195.8,,,,,,,경기도 수원시 권선구 녹지공원과,031-5191-6195,2026-01-15,3740000,경기도 수원시
전국도시공원정보표준데이터,https://www.data.go.kr/data/15012890/standard.do,2026-01-15,place,한림문화공원,문화공원,경기도 수원시,경기도 수원시 권선구 동수원로25번길 32-110,37.23760102,127.0250249,"한림문화공원은(는) 문화공원으로, 아이의 생활권 동화 배경으로 사용할 수 있다.",아이의 집 주변 산책·탐험 동화 배경,한림도서관,4-7;8-10,공원;문화공원;한림도서관,41113-00030,한림문화공원,문화공원,경기도 수원시 권선구 동수원로25번길 32-110,경기도 수원시 권선구 권선동 1355-4,7154.2,,,,한림도서관,,,경기도 수원시 도서관사업소,031-5191-4861,2026-01-15,3740000,경기도 수원시
전국도시공원정보표준데이터,https://www.data.go.kr/data/15012890/standard.do,2026-01-15,place,10호문화공원,문화공원,경기도 수원시,경기도 수원시 권선구 권선동 1253,37.25336116,127.0296678,"10호문화공원은(는) 문화공원으로, 아이의 생활권 동화 배경으로 사용할 수 있다.",아이의 집 주변 산책·탐험 동화 배경,"공원에서 색깔, 나무, 놀이시설을 찾아보는 관찰 미션",4-7;8-10,공원;문화공원,41113-00031,10호문화공원,문화공원,,경기도 수원시 권선구 권선동 1253,2231.6,,,,,,,경기도 수원시 권선구 녹지공원과,031-5191-6195,2026-01-15,3740000,경기도 수원시
전국도시공원정보표준데이터,https://www.data.go.kr/data/15012890/standard.do,2026-01-15,place,11호문화공원,문화공원,경기도 수원시,경기도 수원시 권선구 권중로 50번길 5,37.25298444,127.0312257,"11호문화공원은(는) 문화공원으로, 아이의 생활권 동화 배경으로 사용할 수 있다.",아이의 집 주변 산책·탐험 동화 배경,바닥분수,4-7;8-10,공원;문화공원;바닥분수,41113-00032,11호문화공원,문화공원,경기도 수원시 권선구 권중로 50번길 5,경기도 수원시 권선구 권선동 1252,3301.4,바닥분수,,,,,,경기도 수원시 권선구 녹지공원과,031-5191-6195,2026-01-15,3740000,경기도 수원시
전국도시공원정보표준데이터,https://www.data.go.kr/data/15012890/standard.do,2026-01-15,place,14호문화공원,문화공원,경기도 수원시,경기도 수원시 권선구 평동 2-36,37.25874733,126.9923985,"14호문화공원은(는) 문화공원으로, 아이의 생활권 동화 배경으로 사용할 수 있다.",아이의 집 주변 산책·탐험 동화 배경,"공원에서 색깔, 나무, 놀이시설을 찾아보는 관찰 미션",4-7;8-10,공원;문화공원,41113-00033,14호문화공원,문화공원,,경기도 수원시 권선구 평동 2-36,2678.3,,,,,주차장,,경기도 수원시 권선구 녹지공원과,031-5191-6195,2026-01-15,3740000,경기도 수원시
전국도시공원정보표준데이터,https://www.data.go.kr/data/15012890/standard.do,2026-01-15,place,15호문화공원,문화공원,경기도 수원시,경기도 수원시 권선구 평동 4-11,37.2589472,126.9931637,"15호문화공원은(는) 문화공원으로, 아이의 생활권 동화 배경으로 사용할 수 있다.",아이의 집 주변 산책·탐험 동화 배경,"공원에서 색깔, 나무, 놀이시설을 찾아보는 관찰 미션",4-7;8-10,공원;문화공원,41113-00034,15호문화공원,문화공원,,경기도 수원시 권선구 평동 4-11,438.1,,,,,,,경기도 수원시 권선구 녹지공원과,031-5191-6195,2026-01-15,3740000,경기도 수원시
전국도시공원정보표준데이터,https://www.data.go.kr/data/15012890/standard.do,2026-01-15,place,세류문화공원,문화공원,경기도 수원시,경기도 수원시 권선구 세류동 283-1,37.25830559,127.0071658,"세류문화공원은(는) 문화공원으로, 아이의 생활권 동화 배경으로 사용할 수 있다.",아이의 집 주변 산책·탐험 동화 배경,"공원에서 색깔, 나무, 놀이시설을 찾아보는 관찰 미션",4-7;8-10,공원;문화공원,41113-00035,세류문화공원,문화공원,,경기도 수원시 권선구 세류동 283-1,7102,,,,,버드내도서관,,경기도 수원시 권선구 녹지공원과,031-5191-6195,2026-01-15,3740000,경기도 수원시
전국도시공원정보표준데이터,https://www.data.go.kr/data/15012890/standard.do,2026-01-15,place,달누리,수변공원,경기도 수원시,경기도 수원시 권선구 입북동 817,37.30049017,126.951202,"달누리은(는) 수변공원으로, 아이의 생활권 동화 배경으로 사용할 수 있다.",아이의 집 주변 산책·탐험 동화 배경,"공원에서 색깔, 나무, 놀이시설을 찾아보는 관찰 미션",4-7;8-10,공원;수변공원,41113-00036,달누리,수변공원,,경기도 수원시 권선구 입북동 817,4331.8,,,,,,,경기도 수원시 권선구 녹지공원과,031-5191-6195,2026-01-15,3740000,경기도 수원시
전국도시공원정보표준데이터,https://www.data.go.kr/data/15012890/standard.do,2026-01-15,place,7호수변공원,수변공원,경기도 수원시,경기도 수원시 권선구 평동 185,37.2591678,126.9915777,"7호수변공원은(는) 수변공원으로, 아이의 생활권 동화 배경으로 사용할 수 있다.",아이의 집 주변 산책·탐험 동화 배경,"공원에서 색깔, 나무, 놀이시설을 찾아보는 관찰 미션",4-7;8-10,공원;수변공원,41113-00037,7호수변공원,수변공원,,경기도 수원시 권선구 평동 185,2991.3,,,,,,,경기도 수원시 권선구 녹지공원과,031-5191-6195,2026-01-15,3740000,경기도 수원시
전국도시공원정보표준데이터,https://www.data.go.kr/data/15012890/standard.do,2026-01-15,place,물새공원,수변공원,경기도 수원시,경기도 수원시 권선구 금곡동 1075,37.27558977,126.9440925,"물새공원은(는) 수변공원으로, 아이의 생활권 동화 배경으로 사용할 수 있다.",아이의 집 주변 산책·탐험 동화 배경,저류지1,4-7;8-10,공원;수변공원;저류지1,41113-00038,물새공원,수변공원,,경기도 수원시 권선구 금곡동 1075,32119.5,,저류지1,,,,,경기도 수원시 권선구 녹지공원과,031-5191-6195,2026-01-15,3740000,경기도 수원시
전국도시공원정보표준데이터,https://www.data.go.kr/data/15012890/standard.do,2026-01-15,place,약수터,어린이공원,경기도 수원시,경기도 수원시 팔달구 화서동 79-9,37.28291807,127.0038746,"약수터은(는) 어린이공원으로, 아이의 생활권 동화 배경으로 사용할 수 있다.",아이의 집 주변 산책·탐험 동화 배경,체력단련시설,4-7;8-10,공원;어린이공원;체력단련시설,41115-00034,약수터,어린이공원,,경기도 수원시 팔달구 화서동 79-9,2135,체력단련시설,,파고자,,,,경기도 수원시 팔달구 녹지공원과,031-5191-7043,2026-01-15,3740000,경기도 수원시
전국도시공원정보표준데이터,https://www.data.go.kr/data/15012890/standard.do,2026-01-15,place,푸른숲,어린이공원,경기도 수원시,경기도 수원시 팔달구 화서동 755,37.28176264,127.0006431,"푸른숲은(는) 어린이공원으로, 아이의 생활권 동화 배경으로 사용할 수 있다.",아이의 집 주변 산책·탐험 동화 배경,조합놀이대1,4-7;8-10,공원;어린이공원;조합놀이대1,41115-00035,푸른숲,어린이공원,,경기도 수원시 팔달구 화서동 755,1500.2,,조합놀이대1,정자,,,,경기도 수원시 팔달구 녹지공원과,031-5191-7043,2026-01-15,3740000,경기도 수원시
전국도시공원정보표준데이터,https://www.data.go.kr/data/15012890/standard.do,2026-01-15,place,힘찬,어린이공원,경기도 수원시,경기도 수원시 팔달구 화서동 744,37.28889777,126.999060,"힘찬은(는) 어린이공원으로, 아이의 생활권 동화 배경으로 사용할 수 있다.",아이의 집 주변 산책·탐험 동화 배경,조합놀이대1,4-7;8-10,공원;어린이공원;조합놀이대1,41115-00036,힘찬,어린이공원,,경기도 수원시 팔달구 화서동 744,1670.7,,조합놀이대1,,,,,경기도 수원시 팔달구 녹지공원과,031-5191-7043,2026-01-15,3740000,경기도 수원시
전국도시공원정보표준데이터,https://www.data.go.kr/data/15012890/standard.do,2026-04-02,place,시무실공원,어린이공원,경상북도 구미시,경상북도 구미시 형곡동 332,36.10563283,128.3373799,"시무실공원은(는) 어린이공원으로, 아이의 생활권 동화 배경으로 사용할 수 있다.",아이의 집 주변 산책·탐험 동화 배경,조합놀이대; 공중걷기,4-7;8-10,공원;어린이공원;조합놀이대;공중걷기,47190-00023,시무실공원,어린이공원,,경상북도 구미시 형곡동 332,2221,공중걷기,조합놀이대,연식의자,,CCTV,1980-11-18,경상북도 구미시청,054-480-5572,2026-04-02,5080000,경상북도 구미시
전국도시공원정보표준데이터,https://www.data.go.kr/data/15012890/standard.do,2026-01-01,place,덕흥동 1,소공원,광주광역시 서구,광주광역시 서구 덕흥동 447-1,35.166008,126.837597,"덕흥동 1은(는) 소공원으로, 아이의 생활권 동화 배경으로 사용할 수 있다.",아이의 집 주변 산책·탐험 동화 배경,허리돌리기(1)+런닝트레이너(1)+에어워킹(1)+어깨근육풀기(1),4-7;8-10,공원;소공원;허리돌리기(1)+런닝트레이너(1)+에어워킹(1)+어깨근육풀기(1),29140-00077,덕흥동 1,소공원,,광주광역시 서구 덕흥동 447-1,889,허리돌리기(1)+런닝트레이너(1)+에어워킹(1)+어깨근육풀기(1),,,,목재등의자(4)+목재평의자(4),2006-08-16,광주광역시 서구청,062-360-7512,2026-01-01,3600000,광주광역시 서구
전국도시공원정보표준데이터,https://www.data.go.kr/data/15012890/standard.do,2026-01-01,place,덕흥동 2,소공원,광주광역시 서구,광주광역시 서구 덕흥동 454,35.166619,126.837582,"덕흥동 2은(는) 소공원으로, 아이의 생활권 동화 배경으로 사용할 수 있다.",아이의 집 주변 산책·탐험 동화 배경,허리돌리기(1)+런닝트레이너(1)+옆파도타기(1)+에어워킹(1)+어깨근육풀기(1),4-7;8-10,공원;소공원;허리돌리기(1)+런닝트레이너(1)+옆파도타기(1)+에어워킹(1)+어깨근육풀기(1),29140-00078,덕흥동 2,소공원,,광주광역시 서구 덕흥동 454,501,허리돌리기(1)+런닝트레이너(1)+옆파도타기(1)+에어워킹(1)+어깨근육풀기(1),,음수장(1),,한식정자(1)+목재등의자(4),2006-08-16,광주광역시 서구청,062-360-7512,2026-01-01,3600000,광주광역시 서구
전국도시공원정보표준데이터,https://www.data.go.kr/data/15012890/standard.do,2026-01-01,place,농성1동,소공원,광주광역시 서구,광주광역시 서구 농성동 30-10,35.156464,126.8913076,"농성1동은(는) 소공원으로, 아이의 생활권 동화 배경으로 사용할 수 있다.",아이의 집 주변 산책·탐험 동화 배경,"공원에서 색깔, 나무, 놀이시설을 찾아보는 관찰 미션",4-7;8-10,공원;소공원,29140-00079,농성1동,소공원,,광주광역시 서구 농성동 30-10,280,,,,,,2007-08-16,광주광역시 서구청,062-360-7512,2026-01-01,3600000,광주광역시 서구
전국도시공원정보표준데이터,https://www.data.go.kr/data/15012890/standard.do,2026-01-01,place,유촌동,소공원,광주광역시 서구,광주광역시 서구 경열로121번길 17 (양동),35.15424133,126.8991313,"유촌동은(는) 소공원으로, 아이의 생활권 동화 배경으로 사용할 수 있다.",아이의 집 주변 산책·탐험 동화 배경,허리돌리기(1)+런닝트레이너(1)+옆파도타기(1)+에어워킹(1)+역기들어올리기(1)+기타체육기구(1),4-7;8-10,공원;소공원;허리돌리기(1)+런닝트레이너(1)+옆파도타기(1)+에어워킹(1)+역기들어올리기(1)+기타체육기구(1),29140-00080,유촌동,소공원,광주광역시 서구 경열로121번길 17 (양동),광주광역시 서구 유촌동 518,559,허리돌리기(1)+런닝트레이너(1)+옆파도타기(1)+에어워킹(1)+역기들어올리기(1)+기타체육기구(1),,,,파고라마루(1)+목재등의자(6),2011-04-15,광주광역시 서구청,062-360-7512,2026-01-01,3600000,광주광역시 서구
전국도시공원정보표준데이터,https://www.data.go.kr/data/15012890/standard.do,2026-01-01,place,농성1동 2,소공원,광주광역시 서구,광주광역시 서구 농성동 74-12,35.15338773,126.8923048,"농성1동 2은(는) 소공원으로, 아이의 생활권 동화 배경으로 사용할 수 있다.",아이의 집 주변 산책·탐험 동화 배경,"공원에서 색깔, 나무, 놀이시설을 찾아보는 관찰 미션",4-7;8-10,공원;소공원,29140-00081,농성1동 2,소공원,,광주광역시 서구 농성동 74-12,1004,,,,,파고라마루(1),2011-04-15,광주광역시 서구청,062-360-7512,2026-01-01,3600000,광주광역시 서구
전국도시공원정보표준데이터,https://www.data.go.kr/data/15012890/standard.do,2026-01-01,place,서창동 1,소공원,광주광역시 서구,광주광역시 서구 서창동 464-3,35.10729831,126.822745,"서창동 1은(는) 소공원으로, 아이의 생활권 동화 배경으로 사용할 수 있다.",아이의 집 주변 산책·탐험 동화 배경,그네(1)+시소(1); 허리돌리기(1)+거꾸로매달리기(1)+에어워킹(1)+양팔줄당기기(1)+어깨근육풀기(1)+기타운동시설(2),4-7;8-10,공원;소공원;그네(1)+시소(1);허리돌리기(1)+거꾸로매달리기(1)+에어워킹(1)+양팔줄당기기(1)+어깨근육풀기(1)+기타운동시설(2),29140-00082,서창동 1,소공원,,광주광역시 서구 서창동 464-3,162,허리돌리기(1)+거꾸로매달리기(1)+에어워킹(1)+양팔줄당기기(1)+어깨근육풀기(1)+기타운동시설(2),그네(1)+시소(1),,,파고라마루(1),2006-08-16,광주광역시 서구청,062-360-7512,2026-01-01,3600000,광주광역시 서구
전국도시공원정보표준데이터,https://www.data.go.kr/data/15012890/standard.do,2026-01-01,place,U대회1,소공원,광주광역시 서구,광주광역시 서구 화정동1618,35.1468975,126.8836504,"U대회1은(는) 소공원으로, 아이의 생활권 동화 배경으로 사용할 수 있다.",아이의 집 주변 산책·탐험 동화 배경,"공원에서 색깔, 나무, 놀이시설을 찾아보는 관찰 미션",4-7;8-10,공원;소공원,29140-00083,U대회1,소공원,,광주광역시 서구 화정동1618,252.4,,,,,파고라마루(1)+파고라의자(3)+목재등의자(2),2012-03-28,광주광역시 서구청,062-360-7512,2026-01-01,3600000,광주광역시 서구
전국도시공원정보표준데이터,https://www.data.go.kr/data/15012890/standard.do,2026-01-01,place,농성동,소공원,광주광역시 서구,광주광역시 서구 농성동 704,35.1561163,126.8882777,"농성동은(는) 소공원으로, 아이의 생활권 동화 배경으로 사용할 수 있다.",아이의 집 주변 산책·탐험 동화 배경,"공원에서 색깔, 나무, 놀이시설을 찾아보는 관찰 미션",4-7;8-10,공원;소공원,29140-00084,농성동,소공원,,광주광역시 서구 농성동 704,417,,,,,,2019-10-01,농성주택조합,062-360-7512,2026-01-01,3600000,광주광역시 서구
전국도시공원정보표준데이터,https://www.data.go.kr/data/15012890/standard.do,2026-01-01,place,마륵,소공원,광주광역시 서구,광주광역시 서구 마륵동 813,35.14084835,126.851704,"마륵은(는) 소공원으로, 아이의 생활권 동화 배경으로 사용할 수 있다.",아이의 집 주변 산책·탐험 동화 배경,"공원에서 색깔, 나무, 놀이시설을 찾아보는 관찰 미션",4-7;8-10,공원;소공원,29140-00085,마륵,소공원,,광주광역시 서구 마륵동 813,2051,,,,,파고라의자(1)+목재등의자(10),2020-06-01,광주광역시 서구청,062-360-7512,2026-01-01,3600000,광주광역시 서구
전국도시공원정보표준데이터,https://www.data.go.kr/data/15012890/standard.do,2026-01-01,place,518,역사공원,광주광역시 서구,광주광역시 서구 쌍촌동 993-1,35.1502524,126.8662999,"518은(는) 역사공원으로, 아이의 생활권 동화 배경으로 사용할 수 있다.",아이의 집 주변 산책·탐험 동화 배경,"공원에서 색깔, 나무, 놀이시설을 찾아보는 관찰 미션",4-7;8-10,공원;역사공원,29140-00086,518,역사공원,,광주광역시 서구 쌍촌동 993-1,36629.6,,,,,,2021-05-21,광주광역시 서구청,062-360-7512,2026-01-01,3600000,광주광역시 서구
전국도시공원정보표준데이터,https://www.data.go.kr/data/15012890/standard.do,2026-01-15,place,만석,근린공원,경기도 수원시,경기도 수원시 장안구 정조로 1067,37.30064243,127.0042635,"만석은(는) 근린공원으로, 아이의 생활권 동화 배경으로 사용할 수 있다.",아이의 집 주변 산책·탐험 동화 배경,음악분수1+바닥분수1+노인복지관1+실내배드민턴장1+축구장1+테니스장1+클레이축구장1+게이트볼장1+ 족구장1+X게임장1; 도서관1+미술관1,4-7;8-10,공원;근린공원;음악분수1+바닥분수1+노인복지관1+실내배드민턴장1+축구장1+테니스장1+클레이축구장1+게이트볼장1+;족구장1+X게임장1;도서관1+미술관1,41111-00001,만석,근린공원,경기도 수원시 장안구 정조로 1067,경기도 수원시 장안구 송죽동 316,329004.3,음악분수1+바닥분수1+노인복지관1+실내배드민턴장1+축구장1+테니스장1+클레이축구장1+게이트볼장1+ 족구장1+X게임장1,,매점1+화장실3,도서관1+미술관1,주차장,,경기도 수원시 장안구 녹지공원과,031-5191-5995,2026-01-15,3740000,경기도 수원시
전국도시공원정보표준데이터,https://www.data.go.kr/data/15012890/standard.do,2026-01-15,place,정자,근린공원,경기도 수원시,경기도 수원시 장안구 만석로 65,37.29766409,126.9883063,"정자은(는) 근린공원으로, 아이의 생활권 동화 배경으로 사용할 수 있다.",아이의 집 주변 산책·탐험 동화 배경,야외무대1; 농구장1+게이트볼장1+배드민턴장1+테니스장1; 도서관1,4-7;8-10,공원;근린공원;야외무대1;농구장1+게이트볼장1+배드민턴장1+테니스장1;도서관1,41111-00002,정자,근린공원,경기도 수원시 장안구 만석로 65,경기도 수원시 장안구 정자동 869-1,51089.5,농구장1+게이트볼장1+배드민턴장1+테니스장1,야외무대1,화장실1,도서관1,주차장,,경기도 수원시 장안구 녹지공원과,031-5191-5995,2026-01-15,3740000,경기도 수원시
전국도시공원정보표준데이터,https://www.data.go.kr/data/15012890/standard.do,2026-01-15,place,퉁소바위,근린공원,경기도 수원시,경기도 수원시 장안구 연무동 산21-1,37.29133938,127.025709,"퉁소바위은(는) 근린공원으로, 아이의 생활권 동화 배경으로 사용할 수 있다.",아이의 집 주변 산책·탐험 동화 배경,배드민턴장1,4-7;8-10,공원;근린공원;배드민턴장1,41111-00003,퉁소바위,근린공원,,경기도 수원시 장안구 연무동 산21-1,46817,배드민턴장1,,화장실1,,,,경기도 수원시 장안구 녹지공원과,031-5191-5995,2026-01-15,3740000,경기도 수원시
전국도시공원정보표준데이터,https://www.data.go.kr/data/15012890/standard.do,2026-01-15,place,밤밭,근린공원,경기도 수원시,경기도 수원시 장안구 천천동 575,37.30059174,126.9758041,"밤밭은(는) 근린공원으로, 아이의 생활권 동화 배경으로 사용할 수 있다.",아이의 집 주변 산책·탐험 동화 배경,배드민턴장1,4-7;8-10,공원;근린공원;배드민턴장1,41111-00004,밤밭,근린공원,,경기도 수원시 장안구 천천동 575,10465.7,배드민턴장1,,화장실1,,,,경기도 수원시 장안구 녹지공원과,031-5191-5995,2026-01-15,3740000,경기도 수원시
전국도시공원정보표준데이터,https://www.data.go.kr/data/15012890/standard.do,2026-01-15,place,샘내,근린공원,경기도 수원시,경기도 수원시 장안구 만석로 5번길21,37.29576471,126.9819051,"샘내은(는) 근린공원으로, 아이의 생활권 동화 배경으로 사용할 수 있다.",아이의 집 주변 산책·탐험 동화 배경,물놀이시설1; 다목적구장(족구+배트민턴+농구)1,4-7;8-10,공원;근린공원;물놀이시설1;다목적구장(족구+배트민턴+농구)1,41111-00005,샘내,근린공원,경기도 수원시 장안구 만석로 5번길21,경기도 수원시 장안구 천천동 520,15212.6,다목적구장(족구+배트민턴+농구)1,물놀이시설1,화장실1,,,,경기도 수원시 장안구 녹지공원과,031-5191-5995,2026-01-15,3740000,경기도 수원시
전국도시공원정보표준데이터,https://www.data.go.kr/data/15012890/standard.do,2026-01-15,place,광교,근린공원,경기도 수원시,경기도 수원시 장안구 광교산로 159,37.30150454,127.0312636,"광교은(는) 근린공원으로, 아이의 생활권 동화 배경으로 사용할 수 있다.",아이의 집 주변 산책·탐험 동화 배경,음악분수1+터널분수1+벽천1+계류1+야외무대1,4-7;8-10,공원;근린공원;음악분수1+터널분수1+벽천1+계류1+야외무대1,41111-00006,광교,근린공원,경기도 수원시 장안구 광교산로 159,경기도 수원시 장안구 하광교동 393-2,25849,,음악분수1+터널분수1+벽천1+계류1+야외무대1,,,,,경기도 수원시 장안구 녹지공원과,031-5191-5995,2026-01-15,3740000,경기도 수원시
전국도시공원정보표준데이터,https://www.data.go.kr/data/15012890/standard.do,2026-01-15,place,정자문화공원,문화공원,경기도 수원시,경기도 수원시 장안구 이목로 24-25,37.3095764,126.9864004,"정자문화공원은(는) 문화공원으로, 아이의 생활권 동화 배경으로 사용할 수 있다.",아이의 집 주변 산책·탐험 동화 배경,바닥분수1,4-7;8-10,공원;문화공원;바닥분수1,41111-00008,정자문화공원,문화공원,경기도 수원시 장안구 이목로 24-25,경기도 수원시 장안구 정자동 947,39000,,바닥분수1,화장실1,,주차장,,경기도 수원시 장안구 녹지공원과,031-5191-5995,2026-01-15,3740000,경기도 수원시
전국도시공원정보표준데이터,https://www.data.go.kr/data/15012890/standard.do,2026-01-15,place,새싹문화공원,문화공원,경기도 수원시,경기도 수원시 장안구 수일로 164,37.30660898,127.0080955,"새싹문화공원은(는) 문화공원으로, 아이의 생활권 동화 배경으로 사용할 수 있다.",아이의 집 주변 산책·탐험 동화 배경,대추골 도서관,4-7;8-10,공원;문화공원;대추골;도서관,41111-00009,새싹문화공원,문화공원,경기도 수원시 장안구 수일로 164,경기도 수원시 장안구 조원동 198-14,3460,,,,대추골 도서관,,,경기도 수원시 도서관사업소,031-5191-4819,2026-01-15,3740000,경기도 수원시
전국도시공원정보표준데이터,https://www.data.go.kr/data/15012890/standard.do,2026-01-15,place,104호수변공원,수변공원,경기도 수원시,경기도 수원시 장안구 이목동 519-138,37.31284336,126.982227,"104호수변공원은(는) 수변공원으로, 아이의 생활권 동화 배경으로 사용할 수 있다.",아이의 집 주변 산책·탐험 동화 배경,"공원에서 색깔, 나무, 놀이시설을 찾아보는 관찰 미션",4-7;8-10,공원;수변공원,41111-00010,104호수변공원,수변공원,,경기도 수원시 장안구 이목동 519-138,966,,,휴게쉼터,,,,경기도 수원시 장안구 녹지공원과,031-5191-5995,2026-01-15,3740000,경기도 수원시
전국도시공원정보표준데이터,https://www.data.go.kr/data/15012890/standard.do,2026-01-15,place,5호 체육공원,체육공원,경기도 수원시,경기도 수원시 장안구 덕영대로 623,37.29073825,126.986498,"5호 체육공원은(는) 체육공원으로, 아이의 생활권 동화 배경으로 사용할 수 있다.",아이의 집 주변 산책·탐험 동화 배경,족구장1,4-7;8-10,공원;체육공원;족구장1,41111-00011,5호 체육공원,체육공원,경기도 수원시 장안구 덕영대로 623,경기도 수원시 장안구 정자동 926,10634.8,족구장1,,화장실1,,,,경기도 수원시 장안구 녹지공원과,031-5191-5995,2026-01-15,3740000,경기도 수원시
전국도시공원정보표준데이터,https://www.data.go.kr/data/15012890/standard.do,2026-01-15,place,올림픽,근린공원,경기도 수원시,경기도 수원시 권선구 효원로256번길 16,37.26147267,127.0285798,"올림픽은(는) 근린공원으로, 아이의 생활권 동화 배경으로 사용할 수 있다.",아이의 집 주변 산책·탐험 동화 배경,테니스장1+족구장1+농구장1+배드민턴장1+,4-7;8-10,공원;근린공원;테니스장1+족구장1+농구장1+배드민턴장1+,41113-00001,올림픽,근린공원,경기도 수원시 권선구 효원로256번길 16,경기도 수원시 권선구 권선동 1012,57559.1,테니스장1+족구장1+농구장1+배드민턴장1+,,화장실2,,주차장+약수터2,,경기도 수원시 권선구 녹지공원과,031-5191-6195,2026-01-15,3740000,경기도 수원시
전국도시공원정보표준데이터,https://www.data.go.kr/data/15012890/standard.do,2026-01-15,place,구운,근린공원,경기도 수원시,경기도 수원시 권선구 구운로 4번길 34,37.27849556,126.976192,"구운은(는) 근린공원으로, 아이의 생활권 동화 배경으로 사용할 수 있다.",아이의 집 주변 산책·탐험 동화 배경,게이트볼장1+배드민턴장2+인라인스케이트장1,4-7;8-10,공원;근린공원;게이트볼장1+배드민턴장2+인라인스케이트장1,41113-00002,구운,근린공원,경기도 수원시 권선구 구운로 4번길 34,경기도 수원시 권선구 구운동 501,52586,게이트볼장1+배드민턴장2+인라인스케이트장1,,화장실2,,약수터2,,경기도 수원시 권선구 녹지공원과,031-5191-6195,2026-01-15,3740000,경기도 수원시
전국도시공원정보표준데이터,https://www.data.go.kr/data/15012890/standard.do,2026-01-15,place,권선중앙,근린공원,경기도 수원시,경기도 수원시 권선구 권선동 1269,37.25138141,127.0311845,"권선중앙은(는) 근린공원으로, 아이의 생활권 동화 배경으로 사용할 수 있다.",아이의 집 주변 산책·탐험 동화 배경,배드민턴장2(실내1+실외1)+족구장1+농구장1,4-7;8-10,공원;근린공원;배드민턴장2(실내1+실외1)+족구장1+농구장1,41113-00003,권선중앙,근린공원,,경기도 수원시 권선구 권선동 1269,26338.3,배드민턴장2(실내1+실외1)+족구장1+농구장1,,화장실2,,약수터1,,경기도 수원시 권선구 녹지공원과,031-5191-6195,2026-01-15,3740000,경기도 수원시
전국도시공원정보표준데이터,https://www.data.go.kr/data/15012890/standard.do,2026-01-15,place,권선,근린공원,경기도 수원시,경기도 수원시 권선구 권선동 1198,37.24998179,127.0234851,"권선은(는) 근린공원으로, 아이의 생활권 동화 배경으로 사용할 수 있다.",아이의 집 주변 산책·탐험 동화 배경,물놀이시설1; 게이트볼장1+농구장1,4-7;8-10,공원;근린공원;물놀이시설1;게이트볼장1+농구장1,41113-00004,권선,근린공원,,경기도 수원시 권선구 권선동 1198,11500,게이트볼장1+농구장1,물놀이시설1,화장실1,,,,경기도 수원시 권선구 녹지공원과,031-5191-6195,2026-01-15,3740000,경기도 수원시
전국도시공원정보표준데이터,https://www.data.go.kr/data/15012890/standard.do,2026-01-15,place,오목천,근린공원,경기도 수원시,경기도 수원시 권선구 오목천로 96,37.24105541,126.973141,"오목천은(는) 근린공원으로, 아이의 생활권 동화 배경으로 사용할 수 있다.",아이의 집 주변 산책·탐험 동화 배경,야외무대1; 조합놀이대1+농구장1+족구장1,4-7;8-10,공원;근린공원;야외무대1;조합놀이대1+농구장1+족구장1,41113-00005,오목천,근린공원,경기도 수원시 권선구 오목천로 96,경기도 수원시 권선구 고색동 980,21121.3,조합놀이대1+농구장1+족구장1,야외무대1,화장실1,,,,경기도 수원시 권선구 녹지공원과,031-5191-6195,2026-01-15,3740000,경기도 수원시
전국도시공원정보표준데이터,https://www.data.go.kr/data/15012890/standard.do,2026-01-15,place,탑동,근린공원,경기도 수원시,경기도 수원시 권선구 탑동로 57번길 35,37.27311789,126.9720697,"탑동은(는) 근린공원으로, 아이의 생활권 동화 배경으로 사용할 수 있다.",아이의 집 주변 산책·탐험 동화 배경,농구장1+족구장1; 도서관,4-7;8-10,공원;근린공원;농구장1+족구장1;도서관,41113-00006,탑동,근린공원,경기도 수원시 권선구 탑동로 57번길 35,경기도 수원시 권선구 탑동 746-1,14574.3,농구장1+족구장1,,화장실1,도서관,,,경기도 수원시 권선구 녹지공원과,031-5191-6195,2026-01-15,3740000,경기도 수원시
전국도시공원정보표준데이터,https://www.data.go.kr/data/15012890/standard.do,2026-01-15,place,권선늘푸른,근린공원,경기도 수원시,경기도 수원시 권선구 동탄원천로 818,37.24800774,127.0400804,"권선늘푸른은(는) 근린공원으로, 아이의 생활권 동화 배경으로 사용할 수 있다.",아이의 집 주변 산책·탐험 동화 배경,바닥분수1+ 야외무대1; 농구장1; 도서관,4-7;8-10,공원;근린공원;바닥분수1+;야외무대1;농구장1;도서관,41113-00007,권선늘푸른,근린공원,경기도 수원시 권선구 동탄원천로 818,,33855.6,농구장1,바닥분수1+ 야외무대1,화장실1,도서관,주차장,,경기도 수원시 권선구 녹지공원과,031-5191-6195,2026-01-15,3740000,경기도 수원시
전국도시공원정보표준데이터,https://www.data.go.kr/data/15012890/standard.do,2026-01-15,place,오목호수공원,근린공원,경기도 수원시,경기도 수원시 권선구 오목천동 1171,37.24815347,126.9645449,"오목호수공원은(는) 근린공원으로, 아이의 생활권 동화 배경으로 사용할 수 있다.",아이의 집 주변 산책·탐험 동화 배경,저류지1+부유분수3+야외무대1+휴게쉼터+생태관찰지 등,4-7;8-10,공원;근린공원;저류지1+부유분수3+야외무대1+휴게쉼터+생태관찰지;등,41113-00008,오목호수공원,근린공원,,경기도 수원시 권선구 오목천동 1171,38718.7,,저류지1+부유분수3+야외무대1+휴게쉼터+생태관찰지 등,화장실1+관리사무소,,,,경기도 수원시 권선구 녹지공원과,031-5191-6195,2026-01-15,3740000,경기도 수원시
전국도시공원정보표준데이터,https://www.data.go.kr/data/15012890/standard.do,2026-01-15,place,은하수공원,근린공원,경기도 수원시,경기도 수원시 권선구 평동 45-13,37.25632198,126.9943208,"은하수공원은(는) 근린공원으로, 아이의 생활권 동화 배경으로 사용할 수 있다.",아이의 집 주변 산책·탐험 동화 배경,야외무대1+저류지1,4-7;8-10,공원;근린공원;야외무대1+저류지1,41113-00009,은하수공원,근린공원,,경기도 수원시 권선구 평동 45-13,9402,,야외무대1+저류지1,화장실1,,,,경기도 수원시 권선구 녹지공원과,031-5191-6195,2026-01-15,3740000,경기도 수원시
전국도시공원정보표준데이터,https://www.data.go.kr/data/15012890/standard.do,2026-04-02,place,숲속어린이공원,어린이공원,경상북도 구미시,경상북도 구미시 고아읍 원호리 209-3,36.15502187,128.3344745,"숲속어린이공원은(는) 어린이공원으로, 아이의 생활권 동화 배경으로 사용할 수 있다.",아이의 집 주변 산책·탐험 동화 배경,조합놀이대; 공중걷기,4-7;8-10,공원;어린이공원;조합놀이대;공중걷기,47190-00169,숲속어린이공원,어린이공원,,경상북도 구미시 고아읍 원호리 209-3,1506,공중걷기,조합놀이대,평의자,,종합안내판,2020-12-23,경상북도 구미시청,054-480-5572,2026-04-02,5080000,경상북도 구미시
전국도시공원정보표준데이터,https://www.data.go.kr/data/15012890/standard.do,2026-01-01,place,금호,어린이공원,광주광역시 서구,광주광역시 서구 금호동 811,35.12925074,126.8571496,"금호은(는) 어린이공원으로, 아이의 생활권 동화 배경으로 사용할 수 있다.",아이의 집 주변 산책·탐험 동화 배경,조합놀이대(1)+그네(1)+흔들놀이(2)+회전놀이(1); 허리돌리기(1)+거꾸로매달리기(1)+윗몸일으키기(1)+런닝트레이너(1)+옆파도타기(1)+에어워킹(1)+등맛사지기(1)+어깨근육풀기(1)+철봉(2)+평행봉(1)+농구대(1),4-7;8-10,공원;어린이공원;조합놀이대(1)+그네(1)+흔들놀이(2)+회전놀이(1);허리돌리기(1)+거꾸로매달리기(1)+윗몸일으키기(1)+런닝트레이너(1)+옆파도타기(1)+에어워킹(1)+등맛사지기(1)+어깨근육풀기(1)+철봉(2)+평행봉(1)+농구대(1),29140-00051,금호,어린이공원,,광주광역시 서구 금호동 811,3608.9,허리돌리기(1)+거꾸로매달리기(1)+윗몸일으키기(1)+런닝트레이너(1)+옆파도타기(1)+에어워킹(1)+등맛사지기(1)+어깨근육풀기(1)+철봉(2)+평행봉(1)+농구대(1),조합놀이대(1)+그네(1)+흔들놀이(2)+회전놀이(1),,,한식정자(1)+파고라마루(1)+목재등의자(4)+목재평의자(7)+그네의자(1),1995-06-30,광주광역시 서구청,062-360-7512,2026-01-01,3600000,광주광역시 서구
전국도시공원정보표준데이터,https://www.data.go.kr/data/15012890/standard.do,2026-01-01,place,달맞이,어린이공원,광주광역시 서구,광주광역시 서구 금호동 833,35.12383597,126.8591944,"달맞이은(는) 어린이공원으로, 아이의 생활권 동화 배경으로 사용할 수 있다.",아이의 집 주변 산책·탐험 동화 배경,조합놀이대(2)+그네(2)+시소(1); 허리돌리기(1)+런닝트레이너(1)+에어워킹(1)+기타체육기구(1),4-7;8-10,공원;어린이공원;조합놀이대(2)+그네(2)+시소(1);허리돌리기(1)+런닝트레이너(1)+에어워킹(1)+기타체육기구(1),29140-00052,달맞이,어린이공원,,광주광역시 서구 금호동 833,1631.2,허리돌리기(1)+런닝트레이너(1)+에어워킹(1)+기타체육기구(1),조합놀이대(2)+그네(2)+시소(1),,,파고라마루(1)+목재등의자(4),1995-06-30,광주광역시 서구청,062-360-7512,2026-01-01,3600000,광주광역시 서구
전국도시공원정보표준데이터,https://www.data.go.kr/data/15012890/standard.do,2026-01-01,place,당산,어린이공원,광주광역시 서구,광주광역시 서구 풍암동 1129,35.12401153,126.8815859,"당산은(는) 어린이공원으로, 아이의 생활권 동화 배경으로 사용할 수 있다.",아이의 집 주변 산책·탐험 동화 배경,조합놀이대(1)+흔들놀이(3); 허리돌리기(1)+윗몸일으키기(1)+옆파도타기(1)+에어워킹(1)+어깨근육풀기(1),4-7;8-10,공원;어린이공원;조합놀이대(1)+흔들놀이(3);허리돌리기(1)+윗몸일으키기(1)+옆파도타기(1)+에어워킹(1)+어깨근육풀기(1),29140-00053,당산,어린이공원,,광주광역시 서구 풍암동 1129,4728.1,허리돌리기(1)+윗몸일으키기(1)+옆파도타기(1)+에어워킹(1)+어깨근육풀기(1),조합놀이대(1)+흔들놀이(3),,,파고라마루(1)+목재등의자(15)+목재평의자(1),1995-06-30,광주광역시 서구청,062-360-7512,2026-01-01,3600000,광주광역시 서구
전국도시공원정보표준데이터,https://www.data.go.kr/data/15012890/standard.do,2026-01-01,place,살구,어린이공원,광주광역시 서구,광주광역시 서구 풍암동 1062,35.12080041,126.8825173,"살구은(는) 어린이공원으로, 아이의 생활권 동화 배경으로 사용할 수 있다.",아이의 집 주변 산책·탐험 동화 배경,조합놀이대(1),4-7;8-10,공원;어린이공원;조합놀이대(1),29140-00054,살구,어린이공원,,광주광역시 서구 풍암동 1062,2191,,조합놀이대(1),,,파고라의자(1)+목재등의자(4)+목재평의자(3)+석재의자(2),1995-06-30,광주광역시 서구청,062-360-7512,2026-01-01,3600000,광주광역시 서구
전국도시공원정보표준데이터,https://www.data.go.kr/data/15012890/standard.do,2026-01-01,place,새롬,어린이공원,광주광역시 서구,광주광역시 서구 풍암동 1008,35.12270918,126.868453,"새롬은(는) 어린이공원으로, 아이의 생활권 동화 배경으로 사용할 수 있다.",아이의 집 주변 산책·탐험 동화 배경,조합놀이대(1)+그네(1)+회전놀이(1); 허리돌리기(1)+윗몸일으키기(1)+옆파도타기(1)+에어워킹(1)+등맛사지기(1)+어깨근육풀기(1),4-7;8-10,공원;어린이공원;조합놀이대(1)+그네(1)+회전놀이(1);허리돌리기(1)+윗몸일으키기(1)+옆파도타기(1)+에어워킹(1)+등맛사지기(1)+어깨근육풀기(1),29140-00055,새롬,어린이공원,,광주광역시 서구 풍암동 1008,3090.1,허리돌리기(1)+윗몸일으키기(1)+옆파도타기(1)+에어워킹(1)+등맛사지기(1)+어깨근육풀기(1),조합놀이대(1)+그네(1)+회전놀이(1),,,파고라마루(1)+목재등의자(4),1995-06-30,광주광역시 서구청,062-360-7512,2026-01-01,3600000,광주광역시 서구
전국도시공원정보표준데이터,https://www.data.go.kr/data/15012890/standard.do,2026-01-01,place,운리,어린이공원,광주광역시 서구,광주광역시 서구 풍암운리로 7번길 5 (풍암동),35.12281877,126.8647779,"운리은(는) 어린이공원으로, 아이의 생활권 동화 배경으로 사용할 수 있다.",아이의 집 주변 산책·탐험 동화 배경,"공원에서 색깔, 나무, 놀이시설을 찾아보는 관찰 미션",4-7;8-10,공원;어린이공원,29140-00056,운리,어린이공원,광주광역시 서구 풍암운리로 7번길 5 (풍암동),광주광역시 서구 풍암동 947,8548.7,,,,,,1995-06-30,광주광역시 서구청,062-360-7512,2026-01-01,3600000,광주광역시 서구
전국도시공원정보표준데이터,https://www.data.go.kr/data/15012890/standard.do,2026-01-01,place,희망,어린이공원,광주광역시 서구,광주광역시 서구 풍암동 1052,35.12350596,126.876195,"희망은(는) 어린이공원으로, 아이의 생활권 동화 배경으로 사용할 수 있다.",아이의 집 주변 산책·탐험 동화 배경,조합놀이대(1)+시소(2); 허리돌리기(1)+윗몸일으키기(1)+옆파도타기(1)+에어워킹(1)+등맛사지기(1)+어깨근육풀기(1),4-7;8-10,공원;어린이공원;조합놀이대(1)+시소(2);허리돌리기(1)+윗몸일으키기(1)+옆파도타기(1)+에어워킹(1)+등맛사지기(1)+어깨근육풀기(1),29140-00057,희망,어린이공원,,광주광역시 서구 풍암동 1052,2207,허리돌리기(1)+윗몸일으키기(1)+옆파도타기(1)+에어워킹(1)+등맛사지기(1)+어깨근육풀기(1),조합놀이대(1)+시소(2),,,파고라의자(1)+목재등의자(10)+석재의자(4),1995-06-30,광주광역시 서구청,062-360-7512,2026-01-01,3600000,광주광역시 서구
전국도시공원정보표준데이터,https://www.data.go.kr/data/15012890/standard.do,2026-01-01,place,금부,어린이공원,광주광역시 서구,광주광역시 서구 금호동 749,35.13463818,126.857329,"금부은(는) 어린이공원으로, 아이의 생활권 동화 배경으로 사용할 수 있다.",아이의 집 주변 산책·탐험 동화 배경,조합놀이대(1)+그네(1); 허리돌리기(1)+옆파도타기(2)+에어워킹(1)+어깨근육풀기(1),4-7;8-10,공원;어린이공원;조합놀이대(1)+그네(1);허리돌리기(1)+옆파도타기(2)+에어워킹(1)+어깨근육풀기(1),29140-00058,금부,어린이공원,,광주광역시 서구 금호동 749,1464,허리돌리기(1)+옆파도타기(2)+에어워킹(1)+어깨근육풀기(1),조합놀이대(1)+그네(1),,,목재등의자(2)+그네의자(1),1996-01-20,광주광역시 서구청,062-360-7512,2026-01-01,3600000,광주광역시 서구
전국도시공원정보표준데이터,https://www.data.go.kr/data/15012890/standard.do,2026-01-01,place,풍금,어린이공원,광주광역시 서구,광주광역시 서구 금호동 771-1,35.13311149,126.8609287,"풍금은(는) 어린이공원으로, 아이의 생활권 동화 배경으로 사용할 수 있다.",아이의 집 주변 산책·탐험 동화 배경,조합놀이대(1)+회전놀이(1); 허리돌리기(1)+거꾸로매달리기(1)+옆파도타기(2)+에어워킹(1)+양팔줄당기기(1)+농구대(1),4-7;8-10,공원;어린이공원;조합놀이대(1)+회전놀이(1);허리돌리기(1)+거꾸로매달리기(1)+옆파도타기(2)+에어워킹(1)+양팔줄당기기(1)+농구대(1),29140-00059,풍금,어린이공원,,광주광역시 서구 금호동 771-1,5414,허리돌리기(1)+거꾸로매달리기(1)+옆파도타기(2)+에어워킹(1)+양팔줄당기기(1)+농구대(1),조합놀이대(1)+회전놀이(1),,,파고라마루(1)+목재등의자(6)+그네의자(2),1996-01-20,광주광역시 서구청,062-360-7512,2026-01-01,3600000,광주광역시 서구
전국도시공원정보표준데이터,https://www.data.go.kr/data/15012890/standard.do,2026-01-01,place,상일,어린이공원,광주광역시 서구,광주광역시 서구 풍암운리로7번길 5 (풍암동),35.12289012,126.8647779,"상일은(는) 어린이공원으로, 아이의 생활권 동화 배경으로 사용할 수 있다.",아이의 집 주변 산책·탐험 동화 배경,조합놀이대(1)+그네(1); 허리돌리기(1)+등맛사지기(1)+양팔줄당기기(1)+어깨근육풀기(1)+복합기기(2)+철봉(1)+평행봉(1)+농구대(1),4-7;8-10,공원;어린이공원;조합놀이대(1)+그네(1);허리돌리기(1)+등맛사지기(1)+양팔줄당기기(1)+어깨근육풀기(1)+복합기기(2)+철봉(1)+평행봉(1)+농구대(1),29140-00060,상일,어린이공원,광주광역시 서구 풍암운리로7번길 5 (풍암동),광주광역시 서구 쌍촌동 1344-6,2549.6,허리돌리기(1)+등맛사지기(1)+양팔줄당기기(1)+어깨근육풀기(1)+복합기기(2)+철봉(1)+평행봉(1)+농구대(1),조합놀이대(1)+그네(1),음수장(1),,한식정자(1)+목재등의자(5),1995-05-23,광주광역시 서구청,062-360-7512,2026-01-01,3600000,광주광역시 서구
전국도시공원정보표준데이터,https://www.data.go.kr/data/15012890/standard.do,2026-01-01,place,서광,어린이공원,광주광역시 서구,광주광역시 서구 쌍촌동 1358,35.157198,126.8644969,"서광은(는) 어린이공원으로, 아이의 생활권 동화 배경으로 사용할 수 있다.",아이의 집 주변 산책·탐험 동화 배경,조합놀이대(1)+그네(2); 허리돌리기(1)+옆파도타기(1)+에어워킹(1)+양팔줄당기기(1)+어깨근육풀기(1)+철봉(1),4-7;8-10,공원;어린이공원;조합놀이대(1)+그네(2);허리돌리기(1)+옆파도타기(1)+에어워킹(1)+양팔줄당기기(1)+어깨근육풀기(1)+철봉(1),29140-00061,서광,어린이공원,,광주광역시 서구 쌍촌동 1358,3067.2,허리돌리기(1)+옆파도타기(1)+에어워킹(1)+양팔줄당기기(1)+어깨근육풀기(1)+철봉(1),조합놀이대(1)+그네(2),음수장(1),,,1995-05-23,광주광역시 서구청,062-360-7512,2026-01-01,3600000,광주광역시 서구
전국도시공원정보표준데이터,https://www.data.go.kr/data/15012890/standard.do,2026-01-01,place,유촌,어린이공원,광주광역시 서구,광주광역시 서구 계수로59번길 4-9 (쌍촌동),35.16086468,126.8577838,"유촌은(는) 어린이공원으로, 아이의 생활권 동화 배경으로 사용할 수 있다.",아이의 집 주변 산책·탐험 동화 배경,조합놀이대(1)+그네(2)+시소(2)+흔들놀이(3); 허리돌리기(1)+거꾸로매달리기(1)+윗몸일으키기(1)+런닝트레이너(1)+옆파도타기(1)+에어워킹(1)+등맛사지기(1)+역기들어올리기(1)+양팔줄당기기(1)+어깨근육풀기(1)+철봉(1)+평행봉(1)+농구대(2)+기타운동시설(1),4-7;8-10,공원;어린이공원;조합놀이대(1)+그네(2)+시소(2)+흔들놀이(3);허리돌리기(1)+거꾸로매달리기(1)+윗몸일으키기(1)+런닝트레이너(1)+옆파도타기(1)+에어워킹(1)+등맛사지기(1)+역기들어올리기(1)+양팔줄당기기(1)+어깨근육풀기(1)+철봉(1)+평행봉(1)+농구대(2)+기타운동시설(1),29140-00062,유촌,어린이공원,광주광역시 서구 계수로59번길 4-9 (쌍촌동),광주광역시 서구 쌍촌동 1326-1,3733.4,허리돌리기(1)+거꾸로매달리기(1)+윗몸일으키기(1)+런닝트레이너(1)+옆파도타기(1)+에어워킹(1)+등맛사지기(1)+역기들어올리기(1)+양팔줄당기기(1)+어깨근육풀기(1)+철봉(1)+평행봉(1)+농구대(2)+기타운동시설(1),조합놀이대(1)+그네(2)+시소(2)+흔들놀이(3),,,파고라마루(1)+파고라의자(1)+목재등의자(7)+목재평의자(5),1995-05-23,광주광역시 서구청,062-360-7512,2026-01-01,3600000,광주광역시 서구
전국도시공원정보표준데이터,https://www.data.go.kr/data/15012890/standard.do,2026-01-01,place,극락,어린이공원,광주광역시 서구,광주광역시 서구 유촌동 857,35.165255,126.8584369,"극락은(는) 어린이공원으로, 아이의 생활권 동화 배경으로 사용할 수 있다.",아이의 집 주변 산책·탐험 동화 배경,조합놀이대(1); 거꾸로매달리기(2)+옆파도타기(2)+에어워킹(1)+양팔줄당기기(2)+어(1)+복합기기(2),4-7;8-10,공원;어린이공원;조합놀이대(1);거꾸로매달리기(2)+옆파도타기(2)+에어워킹(1)+양팔줄당기기(2)+어(1)+복합기기(2),29140-00063,극락,어린이공원,,광주광역시 서구 유촌동 857,1517.4,거꾸로매달리기(2)+옆파도타기(2)+에어워킹(1)+양팔줄당기기(2)+어(1)+복합기기(2),조합놀이대(1),,,파고라마루(1)+목재등의자(10),1996-06-29,광주광역시 서구청,062-360-7512,2026-01-01,3600000,광주광역시 서구
전국도시공원정보표준데이터,https://www.data.go.kr/data/15012890/standard.do,2026-01-01,place,유덕,어린이공원,광주광역시 서구,광주광역시 서구 유촌동 873,35.164624,126.8619757,"유덕은(는) 어린이공원으로, 아이의 생활권 동화 배경으로 사용할 수 있다.",아이의 집 주변 산책·탐험 동화 배경,조합놀이대(1),4-7;8-10,공원;어린이공원;조합놀이대(1),29140-00064,유덕,어린이공원,,광주광역시 서구 유촌동 873,1643.3,,조합놀이대(1),,,파고라의자(1)+목재등의자(6)+목재평의자(3)+야외탁자(1),1996-06-29,광주광역시 서구청,062-360-7512,2026-01-01,3600000,광주광역시 서구
전국도시공원정보표준데이터,https://www.data.go.kr/data/15012890/standard.do,2026-01-01,place,새누리,어린이공원,광주광역시 서구,광주광역시 서구 풍암동 903,35.121169,126.863672,"새누리은(는) 어린이공원으로, 아이의 생활권 동화 배경으로 사용할 수 있다.",아이의 집 주변 산책·탐험 동화 배경,허리돌리기(1)+런닝트레이너(1)+옆파도타기(1)+에어워킹(1)+농구대(2),4-7;8-10,공원;어린이공원;허리돌리기(1)+런닝트레이너(1)+옆파도타기(1)+에어워킹(1)+농구대(2),29140-00065,새누리,어린이공원,,광주광역시 서구 풍암동 903,2187.1,허리돌리기(1)+런닝트레이너(1)+옆파도타기(1)+에어워킹(1)+농구대(2),,,,,1996-12-30,광주광역시 서구청,062-360-7512,2026-01-01,3600000,광주광역시 서구
전국도시공원정보표준데이터,https://www.data.go.kr/data/15012890/standard.do,2026-01-01,place,햇살,어린이공원,광주광역시 서구,광주광역시 서구 계수로59번길 4-9 (쌍촌동),35.16086468,126.8577838,"햇살은(는) 어린이공원으로, 아이의 생활권 동화 배경으로 사용할 수 있다.",아이의 집 주변 산책·탐험 동화 배경,조합놀이대(1)+시소(2); 허리돌리기(2)+런닝트레이너(1)+옆파도타기(1)+에어워킹(1)+양팔줄당기기(1)+어깨근육풀기(1)+농구대(1),4-7;8-10,공원;어린이공원;조합놀이대(1)+시소(2);허리돌리기(2)+런닝트레이너(1)+옆파도타기(1)+에어워킹(1)+양팔줄당기기(1)+어깨근육풀기(1)+농구대(1),29140-00066,햇살,어린이공원,광주광역시 서구 계수로59번길 4-9 (쌍촌동),광주광역시 서구 금호동 862,2322,허리돌리기(2)+런닝트레이너(1)+옆파도타기(1)+에어워킹(1)+양팔줄당기기(1)+어깨근육풀기(1)+농구대(1),조합놀이대(1)+시소(2),,,한식정자(1)+파고라의자(1)+목재등의자(8)+목재평의자(4)+그네의자(2),1996-12-30,광주광역시 서구청,062-360-7512,2026-01-01,3600000,광주광역시 서구
전국도시공원정보표준데이터,https://www.data.go.kr/data/15012890/standard.do,2026-01-01,place,화개,어린이공원,광주광역시 서구,광주광역시 서구 금호동 890,35.12390516,126.856268,"화개은(는) 어린이공원으로, 아이의 생활권 동화 배경으로 사용할 수 있다.",아이의 집 주변 산책·탐험 동화 배경,조합놀이대(1); 허리돌리기(2)+런닝트레이너(1)+양팔줄당기기(1)+어깨근육풀기(1),4-7;8-10,공원;어린이공원;조합놀이대(1);허리돌리기(2)+런닝트레이너(1)+양팔줄당기기(1)+어깨근육풀기(1),29140-00067,화개,어린이공원,,광주광역시 서구 금호동 890,1877.1,허리돌리기(2)+런닝트레이너(1)+양팔줄당기기(1)+어깨근육풀기(1),조합놀이대(1),,,파고라의자(1)+목재평의자(13)+그네의자(1),1996-12-30,광주광역시 서구청,062-360-7512,2026-01-01,3600000,광주광역시 서구
전국도시공원정보표준데이터,https://www.data.go.kr/data/15012890/standard.do,2026-01-01,place,원마륵,어린이공원,광주광역시 서구,광주광역시 서구 치평동 1280-1,35.144901,126.841092,"원마륵은(는) 어린이공원으로, 아이의 생활권 동화 배경으로 사용할 수 있다.",아이의 집 주변 산책·탐험 동화 배경,조합놀이대(1)+그네(1); 허리돌리기(1)+어깨근육풀기(1)+평행봉(1)+농구대(1)+게이트볼장(1),4-7;8-10,공원;어린이공원;조합놀이대(1)+그네(1);허리돌리기(1)+어깨근육풀기(1)+평행봉(1)+농구대(1)+게이트볼장(1),29140-00068,원마륵,어린이공원,,광주광역시 서구 치평동 1280-1,1500,허리돌리기(1)+어깨근육풀기(1)+평행봉(1)+농구대(1)+게이트볼장(1),조합놀이대(1)+그네(1),음수장(1),,파고라마루(1)+목재등의자(2)+목재평의자(1),1999-12-14,광주광역시 서구청,062-360-7512,2026-01-01,3600000,광주광역시 서구
전국도시공원정보표준데이터,https://www.data.go.kr/data/15012890/standard.do,2026-01-01,place,백구,어린이공원,광주광역시 서구,광주광역시 서구 동천동 503,35.17038594,126.8586783,"백구은(는) 어린이공원으로, 아이의 생활권 동화 배경으로 사용할 수 있다.",아이의 집 주변 산책·탐험 동화 배경,조합놀이대(1)+시소(2)+흔들놀이(2); 허리돌리기(1)+거꾸로매달리기(1)+옆파도타기(1)+에어워킹(1)+양팔줄당기기(1)+어깨근육풀기(1)+농구대(1),4-7;8-10,공원;어린이공원;조합놀이대(1)+시소(2)+흔들놀이(2);허리돌리기(1)+거꾸로매달리기(1)+옆파도타기(1)+에어워킹(1)+양팔줄당기기(1)+어깨근육풀기(1)+농구대(1),29140-00069,백구,어린이공원,,광주광역시 서구 동천동 503,1601.9,허리돌리기(1)+거꾸로매달리기(1)+옆파도타기(1)+에어워킹(1)+양팔줄당기기(1)+어깨근육풀기(1)+농구대(1),조합놀이대(1)+시소(2)+흔들놀이(2),,,파고라마루(1)+파고라의자(1)+목재등의자(3),2001-12-01,광주광역시 서구청,062-360-7512,2026-01-01,3600000,광주광역시 서구
전국도시공원정보표준데이터,https://www.data.go.kr/data/15012890/standard.do,2026-01-01,place,자미,어린이공원,광주광역시 서구,광주광역시 서구 동천동 539,35.16970318,126.8616675,"자미은(는) 어린이공원으로, 아이의 생활권 동화 배경으로 사용할 수 있다.",아이의 집 주변 산책·탐험 동화 배경,조합놀이대(1)+시소(2)+흔들놀이(2); 거꾸로매달리기(1)+에어워킹(1)+어깨근육풀기(1)+농구대(1),4-7;8-10,공원;어린이공원;조합놀이대(1)+시소(2)+흔들놀이(2);거꾸로매달리기(1)+에어워킹(1)+어깨근육풀기(1)+농구대(1),29140-00070,자미,어린이공원,,광주광역시 서구 동천동 539,1505.5,거꾸로매달리기(1)+에어워킹(1)+어깨근육풀기(1)+농구대(1),조합놀이대(1)+시소(2)+흔들놀이(2),,,파고라의자(2)+야외탁자(2),2001-12-01,광주광역시 서구청,062-360-7512,2026-01-01,3600000,광주광역시 서구
전국도시공원정보표준데이터,https://www.data.go.kr/data/15012890/standard.do,2026-01-01,place,화추,어린이공원,광주광역시 서구,광주광역시 서구 동천동 609,35.17095087,126.8642108,"화추은(는) 어린이공원으로, 아이의 생활권 동화 배경으로 사용할 수 있다.",아이의 집 주변 산책·탐험 동화 배경,조합놀이대(1)+흔들놀이(2); 농구대(1),4-7;8-10,공원;어린이공원;조합놀이대(1)+흔들놀이(2);농구대(1),29140-00071,화추,어린이공원,,광주광역시 서구 동천동 609,1592.5,농구대(1),조합놀이대(1)+흔들놀이(2),,,파고라마루(1)+파고라의자(2)+야외탁자(2),2001-12-01,광주광역시 서구청,062-360-7512,2026-01-01,3600000,광주광역시 서구
전국도시공원정보표준데이터,https://www.data.go.kr/data/15012890/standard.do,2026-01-01,place,행자,어린이공원,광주광역시 서구,광주광역시 서구 동천동 646,35.1706037,126.869378,"행자은(는) 어린이공원으로, 아이의 생활권 동화 배경으로 사용할 수 있다.",아이의 집 주변 산책·탐험 동화 배경,조합놀이대(1)+시소(2)+흔들놀이(2)+회전놀이(1),4-7;8-10,공원;어린이공원;조합놀이대(1)+시소(2)+흔들놀이(2)+회전놀이(1),29140-00072,행자,어린이공원,,광주광역시 서구 동천동 646,1742.2,,조합놀이대(1)+시소(2)+흔들놀이(2)+회전놀이(1),,,파고라마루(1)+파고라의자(2)+야외탁자(2),2001-12-01,광주광역시 서구청,062-360-7512,2026-01-01,3600000,광주광역시 서구
전국도시공원정보표준데이터,https://www.data.go.kr/data/15012890/standard.do,2026-01-01,place,강나루,어린이공원,광주광역시 서구,광주광역시 서구 동천동 729,35.1695636,126.8730533,"강나루은(는) 어린이공원으로, 아이의 생활권 동화 배경으로 사용할 수 있다.",아이의 집 주변 산책·탐험 동화 배경,조합놀이대(1)+시소(2)+흔들놀이(2),4-7;8-10,공원;어린이공원;조합놀이대(1)+시소(2)+흔들놀이(2),29140-00073,강나루,어린이공원,,광주광역시 서구 동천동 729,2215.1,,조합놀이대(1)+시소(2)+흔들놀이(2),,,파고라의자(2)+야외탁자(2),2001-12-01,광주광역시 서구청,062-360-7512,2026-01-01,3600000,광주광역시 서구
전국도시공원정보표준데이터,https://www.data.go.kr/data/15012890/standard.do,2026-01-01,place,경열,어린이공원,광주광역시 서구,광주광역시 서구 농성동 73-1,35.153118,126.891822,"경열은(는) 어린이공원으로, 아이의 생활권 동화 배경으로 사용할 수 있다.",아이의 집 주변 산책·탐험 동화 배경,조합놀이대(1)+그네(1); 허리돌리기(1)+거꾸로매달리기(1)+옆파도타기(1)+에어워킹(1)+어깨근육풀기(1)+복합기기(1),4-7;8-10,공원;어린이공원;조합놀이대(1)+그네(1);허리돌리기(1)+거꾸로매달리기(1)+옆파도타기(1)+에어워킹(1)+어깨근육풀기(1)+복합기기(1),29140-00074,경열,어린이공원,,광주광역시 서구 농성동 73-1,901,허리돌리기(1)+거꾸로매달리기(1)+옆파도타기(1)+에어워킹(1)+어깨근육풀기(1)+복합기기(1),조합놀이대(1)+그네(1),,,한식정자(1)+목재등의자(5),2011-04-15,광주광역시 서구청,062-360-7512,2026-01-01,3600000,광주광역시 서구
전국도시공원정보표준데이터,https://www.data.go.kr/data/15012890/standard.do,2026-01-01,place,U대회,어린이공원,광주광역시 서구,광주광역시 서구 화정동 1621,35.144733,126.8850615,"U대회은(는) 어린이공원으로, 아이의 생활권 동화 배경으로 사용할 수 있다.",아이의 집 주변 산책·탐험 동화 배경,조합놀이대(1)+그네(1)+시소(1); 허리돌리기(1)+옆파도타기(1)+에어워킹(1),4-7;8-10,공원;어린이공원;조합놀이대(1)+그네(1)+시소(1);허리돌리기(1)+옆파도타기(1)+에어워킹(1),29140-00075,U대회,어린이공원,,광주광역시 서구 화정동 1621,2077.6,허리돌리기(1)+옆파도타기(1)+에어워킹(1),조합놀이대(1)+그네(1)+시소(1),,,파고라의자(2)+목재등의자(11)+목재평의자(6),2013-06-01,광주광역시 서구청,062-360-7512,2026-01-01,3600000,광주광역시 서구
전국도시공원정보표준데이터,https://www.data.go.kr/data/15012890/standard.do,2026-04-02,place,하늘공원,어린이공원,경상북도 구미시,경상북도 구미시 도량동 867,36.13342368,128.3255991,"하늘공원은(는) 어린이공원으로, 아이의 생활권 동화 배경으로 사용할 수 있다.",아이의 집 주변 산책·탐험 동화 배경,조합놀이대; 허리돌리기,4-7;8-10,공원;어린이공원;조합놀이대;허리돌리기,47190-00129,하늘공원,어린이공원,,경상북도 구미시 도량동 867,1543,허리돌리기,조합놀이대,평의자,,cctv,2004-12-31,경상북도 구미시청,054-480-5572,2026-04-02,5080000,경상북도 구미시
전국도시공원정보표준데이터,https://www.data.go.kr/data/15012890/standard.do,2026-01-01,place,쌍학,어린이공원,광주광역시 서구,광주광역시 서구 월드컵4강로68번길 17 (화정동),35.14337133,126.8764191,"쌍학은(는) 어린이공원으로, 아이의 생활권 동화 배경으로 사용할 수 있다.",아이의 집 주변 산책·탐험 동화 배경,조합놀이대(1)+그네(1); 허리돌리기(1)+거꾸로매달리기(1)+런닝트레이너(2)+에어워킹(3)+양팔줄당기기(1)+어깨근육풀기(2)+철봉(1)+평행봉(1)+기타체육기구(2)+농구대(2),4-7;8-10,공원;어린이공원;조합놀이대(1)+그네(1);허리돌리기(1)+거꾸로매달리기(1)+런닝트레이너(2)+에어워킹(3)+양팔줄당기기(1)+어깨근육풀기(2)+철봉(1)+평행봉(1)+기타체육기구(2)+농구대(2),29140-00028,쌍학,어린이공원,광주광역시 서구 월드컵4강로68번길 17 (화정동),광주광역시 서구 쌍촌동 1205,8920,허리돌리기(1)+거꾸로매달리기(1)+런닝트레이너(2)+에어워킹(3)+양팔줄당기기(1)+어깨근육풀기(2)+철봉(1)+평행봉(1)+기타체육기구(2)+농구대(2),조합놀이대(1)+그네(1),음수장(3),,한식정자(1)+파고라의자(2)+목재등의자(34)+목재평의자(5)+야외탁자(2)+기타시설(1)+경로당(1),1987-12-21,광주광역시 서구청,062-360-7512,2026-01-01,3600000,광주광역시 서구
전국도시공원정보표준데이터,https://www.data.go.kr/data/15012890/standard.do,2026-01-01,place,효광,어린이공원,광주광역시 서구,광주광역시 서구 쌍촌동 1213,35.14600926,126.8631693,"효광은(는) 어린이공원으로, 아이의 생활권 동화 배경으로 사용할 수 있다.",아이의 집 주변 산책·탐험 동화 배경,조합놀이대(1)+그네(1); 허리돌리기(2)+옆파도타기(1)+에어워킹(1)+철봉(1),4-7;8-10,공원;어린이공원;조합놀이대(1)+그네(1);허리돌리기(2)+옆파도타기(1)+에어워킹(1)+철봉(1),29140-00029,효광,어린이공원,,광주광역시 서구 쌍촌동 1213,2317.9,허리돌리기(2)+옆파도타기(1)+에어워킹(1)+철봉(1),조합놀이대(1)+그네(1),,,파고라마루(1)+파고라의자(2)+목재등의자(6)+목재평의자(4)+야외탁자(2),1987-12-21,광주광역시 서구청,062-360-7512,2026-01-01,3600000,광주광역시 서구
전국도시공원정보표준데이터,https://www.data.go.kr/data/15012890/standard.do,2026-01-01,place,맛고을,어린이공원,광주광역시 서구,광주광역시 서구 화정동 914-1,35.14286812,126.8723439,"맛고을은(는) 어린이공원으로, 아이의 생활권 동화 배경으로 사용할 수 있다.",아이의 집 주변 산책·탐험 동화 배경,조합놀이대(1)+그네(1)+기타기구(1); 허리돌리기(1)+런닝트레이너(1)+에어워킹(1)+등맛사지기(1)+역기들어올리기(1)+어깨근육풀기(1),4-7;8-10,공원;어린이공원;조합놀이대(1)+그네(1)+기타기구(1);허리돌리기(1)+런닝트레이너(1)+에어워킹(1)+등맛사지기(1)+역기들어올리기(1)+어깨근육풀기(1),29140-00030,맛고을,어린이공원,,광주광역시 서구 화정동 914-1,2912,허리돌리기(1)+런닝트레이너(1)+에어워킹(1)+등맛사지기(1)+역기들어올리기(1)+어깨근육풀기(1),조합놀이대(1)+그네(1)+기타기구(1),,,한식정자(1)+목재등의자(8),1990-09-12,광주광역시 서구청,062-360-7512,2026-01-01,3600000,광주광역시 서구
전국도시공원정보표준데이터,https://www.data.go.kr/data/15012890/standard.do,2026-01-01,place,학생독립,어린이공원,광주광역시 서구,광주광역시 서구 화정동 903-1,35.143864,126.867287,"학생독립은(는) 어린이공원으로, 아이의 생활권 동화 배경으로 사용할 수 있다.",아이의 집 주변 산책·탐험 동화 배경,조합놀이대(1)+그네(1); 허리돌리기(1)+거꾸로매달리기(1)+런닝트레이너(1)+에어워킹(1)+어깨근육풀기(1),4-7;8-10,공원;어린이공원;조합놀이대(1)+그네(1);허리돌리기(1)+거꾸로매달리기(1)+런닝트레이너(1)+에어워킹(1)+어깨근육풀기(1),29140-00031,학생독립,어린이공원,,광주광역시 서구 화정동 903-1,1500,허리돌리기(1)+거꾸로매달리기(1)+런닝트레이너(1)+에어워킹(1)+어깨근육풀기(1),조합놀이대(1)+그네(1),,,파고라마루(1)+목재등의자(6)+목재평의자(4),1990-12-06,광주광역시 서구청,062-360-7512,2026-01-01,3600000,광주광역시 서구
전국도시공원정보표준데이터,https://www.data.go.kr/data/15012890/standard.do,2026-01-01,place,새싹,어린이공원,광주광역시 서구,광주광역시 서구 화정로85번길 26 (쌍촌동),35.14717048,126.8666378,"새싹은(는) 어린이공원으로, 아이의 생활권 동화 배경으로 사용할 수 있다.",아이의 집 주변 산책·탐험 동화 배경,조합놀이대(1)+그네(1); 허리돌리기(1)+거꾸로매달리기(1)+옆파도타기(1)+에어워킹(1)+등맛사지기(1)+어깨근육풀기(1),4-7;8-10,공원;어린이공원;조합놀이대(1)+그네(1);허리돌리기(1)+거꾸로매달리기(1)+옆파도타기(1)+에어워킹(1)+등맛사지기(1)+어깨근육풀기(1),29140-00032,새싹,어린이공원,광주광역시 서구 화정로85번길 26 (쌍촌동),광주광역시 서구 쌍촌동 1233-11,1650,허리돌리기(1)+거꾸로매달리기(1)+옆파도타기(1)+에어워킹(1)+등맛사지기(1)+어깨근육풀기(1),조합놀이대(1)+그네(1),음수장(1),,파고라의자(1)+목재등의자(4)+목재평의자(3),1990-12-06,광주광역시 서구청,062-360-7512,2026-01-01,3600000,광주광역시 서구
전국도시공원정보표준데이터,https://www.data.go.kr/data/15012890/standard.do,2026-01-01,place,우정,어린이공원,광주광역시 서구,광주광역시 서구 화정동 929-2,35.13748182,126.8717175,"우정은(는) 어린이공원으로, 아이의 생활권 동화 배경으로 사용할 수 있다.",아이의 집 주변 산책·탐험 동화 배경,옆파도타기(1)+에어워킹(1)+양팔줄당기기(1)+어깨근육풀기(1)+철봉(1)+평행봉(1),4-7;8-10,공원;어린이공원;옆파도타기(1)+에어워킹(1)+양팔줄당기기(1)+어깨근육풀기(1)+철봉(1)+평행봉(1),29140-00033,우정,어린이공원,,광주광역시 서구 화정동 929-2,3317,옆파도타기(1)+에어워킹(1)+양팔줄당기기(1)+어깨근육풀기(1)+철봉(1)+평행봉(1),,,,한식정자(1)+파고라의자(1)+목재등의자(14)+목재평의자(2)+야외탁자(2),1990-09-19,광주광역시 서구청,062-360-7512,2026-01-01,3600000,광주광역시 서구
전국도시공원정보표준데이터,https://www.data.go.kr/data/15012890/standard.do,2026-01-01,place,믿음,어린이공원,광주광역시 서구,광주광역시 서구 쌍촌동 1236-1,35.14506561,126.860862,"믿음은(는) 어린이공원으로, 아이의 생활권 동화 배경으로 사용할 수 있다.",아이의 집 주변 산책·탐험 동화 배경,조합놀이대(1); 옆파도타기(1)+에어워킹(1))+양팔줄당기기(1)+어깨근육풀기(1),4-7;8-10,공원;어린이공원;조합놀이대(1);옆파도타기(1)+에어워킹(1))+양팔줄당기기(1)+어깨근육풀기(1),29140-00034,믿음,어린이공원,,광주광역시 서구 쌍촌동 1236-1,1500,옆파도타기(1)+에어워킹(1))+양팔줄당기기(1)+어깨근육풀기(1),조합놀이대(1),,,파고라의자(1)+목재등의자(4)+목재평의자(3),1990-09-19,광주광역시 서구청,062-360-7512,2026-01-01,3600000,광주광역시 서구
전국도시공원정보표준데이터,https://www.data.go.kr/data/15012890/standard.do,2026-01-01,place,반달,어린이공원,광주광역시 서구,광주광역시 서구 금호동 741-2,35.13650107,126.8573987,"반달은(는) 어린이공원으로, 아이의 생활권 동화 배경으로 사용할 수 있다.",아이의 집 주변 산책·탐험 동화 배경,조합놀이대(1)+그네(1); 허리돌리기(3)+윗몸일으키기(2)+옆파도타기(1)+에어워킹(1)+등맛사지기(1)+양팔줄당기기(1)+어깨근육풀기(1)+평행봉(2),4-7;8-10,공원;어린이공원;조합놀이대(1)+그네(1);허리돌리기(3)+윗몸일으키기(2)+옆파도타기(1)+에어워킹(1)+등맛사지기(1)+양팔줄당기기(1)+어깨근육풀기(1)+평행봉(2),29140-00035,반달,어린이공원,,광주광역시 서구 금호동 741-2,2654.2,허리돌리기(3)+윗몸일으키기(2)+옆파도타기(1)+에어워킹(1)+등맛사지기(1)+양팔줄당기기(1)+어깨근육풀기(1)+평행봉(2),조합놀이대(1)+그네(1),,,한식정자(1)+목재등의자(6),1990-09-19,광주광역시 서구청,062-360-7512,2026-01-01,3600000,광주광역시 서구
전국도시공원정보표준데이터,https://www.data.go.kr/data/15012890/standard.do,2026-01-01,place,사랑,어린이공원,광주광역시 서구,광주광역시 서구 쌍촌동 1258-3,35.14120992,126.8605182,"사랑은(는) 어린이공원으로, 아이의 생활권 동화 배경으로 사용할 수 있다.",아이의 집 주변 산책·탐험 동화 배경,조합놀이대(1)+시소(2); 허리돌리기(1)+거꾸로매달리기(1)+옆파도타기(1)+에어워킹(1)+양팔줄당기기(1)+어깨근육풀기(1),4-7;8-10,공원;어린이공원;조합놀이대(1)+시소(2);허리돌리기(1)+거꾸로매달리기(1)+옆파도타기(1)+에어워킹(1)+양팔줄당기기(1)+어깨근육풀기(1),29140-00036,사랑,어린이공원,,광주광역시 서구 쌍촌동 1258-3,1815.9,허리돌리기(1)+거꾸로매달리기(1)+옆파도타기(1)+에어워킹(1)+양팔줄당기기(1)+어깨근육풀기(1),조합놀이대(1)+시소(2),,,파고라마루(2)+목재등의자(5),1990-09-19,광주광역시 서구청,062-360-7512,2026-01-01,3600000,광주광역시 서구
전국도시공원정보표준데이터,https://www.data.go.kr/data/15012890/standard.do,2026-01-01,place,소망,어린이공원,광주광역시 서구,광주광역시 서구 쌍촌동 1246-2,35.14344799,126.8587973,"소망은(는) 어린이공원으로, 아이의 생활권 동화 배경으로 사용할 수 있다.",아이의 집 주변 산책·탐험 동화 배경,조합놀이대(1)+시소(2); 허리돌리기(1)+옆파도타기(1)+에어워킹(1),4-7;8-10,공원;어린이공원;조합놀이대(1)+시소(2);허리돌리기(1)+옆파도타기(1)+에어워킹(1),29140-00037,소망,어린이공원,,광주광역시 서구 쌍촌동 1246-2,1510.5,허리돌리기(1)+옆파도타기(1)+에어워킹(1),조합놀이대(1)+시소(2),,,파고라마루(2)+목재등의자(4)+그네의자(1),1991-09-19,광주광역시 서구청,062-360-7512,2026-01-01,3600000,광주광역시 서구
전국도시공원정보표준데이터,https://www.data.go.kr/data/15012890/standard.do,2026-01-01,place,푸름,어린이공원,광주광역시 서구,광주광역시 서구 금호동 743-1,35.13720954,126.8610334,"푸름은(는) 어린이공원으로, 아이의 생활권 동화 배경으로 사용할 수 있다.",아이의 집 주변 산책·탐험 동화 배경,조합놀이대(1); 허리돌리기(1)+옆파도타기(1)+에어워킹(1)+게이트볼장(2),4-7;8-10,공원;어린이공원;조합놀이대(1);허리돌리기(1)+옆파도타기(1)+에어워킹(1)+게이트볼장(2),29140-00038,푸름,어린이공원,,광주광역시 서구 금호동 743-1,3745.4,허리돌리기(1)+옆파도타기(1)+에어워킹(1)+게이트볼장(2),조합놀이대(1),음수장(1),,한식정자(1)+목재등의자(6)+그네의자(5),1991-09-19,광주광역시 서구청,062-360-7512,2026-01-01,3600000,광주광역시 서구
전국도시공원정보표준데이터,https://www.data.go.kr/data/15012890/standard.do,2026-01-01,place,해님,어린이공원,광주광역시 서구,광주광역시 서구 금호운천길 10 (금호동),35.13650107,126.8573987,"해님은(는) 어린이공원으로, 아이의 생활권 동화 배경으로 사용할 수 있다.",아이의 집 주변 산책·탐험 동화 배경,조합놀이대(1); 허리돌리기(1)+거꾸로매달리기(1)+런닝트레이너(1)+옆파도타기(1)+에어워킹(1)+어깨근육풀기(1),4-7;8-10,공원;어린이공원;조합놀이대(1);허리돌리기(1)+거꾸로매달리기(1)+런닝트레이너(1)+옆파도타기(1)+에어워킹(1)+어깨근육풀기(1),29140-00039,해님,어린이공원,광주광역시 서구 금호운천길 10 (금호동),광주광역시 서구 금호동 721-1,1638,허리돌리기(1)+거꾸로매달리기(1)+런닝트레이너(1)+옆파도타기(1)+에어워킹(1)+어깨근육풀기(1),조합놀이대(1),,,파고라마루(1)+목재등의자(3)+그네의자(2)+기타시설(1),1991-09-19,광주광역시 서구청,062-360-7512,2026-01-01,3600000,광주광역시 서구
전국도시공원정보표준데이터,https://www.data.go.kr/data/15012890/standard.do,2026-01-01,place,농성공단,어린이공원,광주광역시 서구,광주광역시 서구 농성동 417-8,35.15982261,126.8848429,"농성공단은(는) 어린이공원으로, 아이의 생활권 동화 배경으로 사용할 수 있다.",아이의 집 주변 산책·탐험 동화 배경,허리돌리기(1)+윗몸일으키기(1)+런닝트레이너(1)+에어워킹(1)+테니스장(2)+기타운동시설(2),4-7;8-10,공원;어린이공원;허리돌리기(1)+윗몸일으키기(1)+런닝트레이너(1)+에어워킹(1)+테니스장(2)+기타운동시설(2),29140-00040,농성공단,어린이공원,,광주광역시 서구 농성동 417-8,2084,허리돌리기(1)+윗몸일으키기(1)+런닝트레이너(1)+에어워킹(1)+테니스장(2)+기타운동시설(2),,음수장(1),,파고라마루(2)+목재등의자(2)+목재평의자(6),1992-08-06,광주광역시 서구청,062-360-7512,2026-01-01,3600000,광주광역시 서구
전국도시공원정보표준데이터,https://www.data.go.kr/data/15012890/standard.do,2026-01-01,place,풍암,어린이공원,광주광역시 서구,광주광역시 서구 송풍로 13번길 27,35.13052374,126.8839083,"풍암은(는) 어린이공원으로, 아이의 생활권 동화 배경으로 사용할 수 있다.",아이의 집 주변 산책·탐험 동화 배경,조합놀이대(1); 허리돌리기(1)+런닝트레이너(1)+옆파도타기(1)+에어워킹(1)+농구대(1),4-7;8-10,공원;어린이공원;조합놀이대(1);허리돌리기(1)+런닝트레이너(1)+옆파도타기(1)+에어워킹(1)+농구대(1),29140-00041,풍암,어린이공원,광주광역시 서구 송풍로 13번길 27,광주광역시 서구 풍암동 30-2,1708,허리돌리기(1)+런닝트레이너(1)+옆파도타기(1)+에어워킹(1)+농구대(1),조합놀이대(1),,,파고라마루(1)+파고라의자(2)+목재등의자(7)+목재평의자(3)+석재의자(1),1992-08-06,광주광역시 서구청,062-360-7512,2026-01-01,3600000,광주광역시 서구
전국도시공원정보표준데이터,https://www.data.go.kr/data/15012890/standard.do,2026-01-01,place,느티나무,어린이공원,광주광역시 서구,광주광역시 서구 치평동 1192,35.159801,126.846567,"느티나무은(는) 어린이공원으로, 아이의 생활권 동화 배경으로 사용할 수 있다.",아이의 집 주변 산책·탐험 동화 배경,조합놀이대(1); 허리돌리기(1)+거꾸로매달리기(1)+런닝트레이너(1)+옆파도타기(1)+어깨근육풀기(1),4-7;8-10,공원;어린이공원;조합놀이대(1);허리돌리기(1)+거꾸로매달리기(1)+런닝트레이너(1)+옆파도타기(1)+어깨근육풀기(1),29140-00042,느티나무,어린이공원,,광주광역시 서구 치평동 1192,1519,허리돌리기(1)+거꾸로매달리기(1)+런닝트레이너(1)+옆파도타기(1)+어깨근육풀기(1),조합놀이대(1),음수장(1),,파고라마루(1)+파고라의자(2)+목재평의자(8)+그네의자(1),1994-11-12,광주광역시 서구청,062-360-7512,2026-01-01,3600000,광주광역시 서구
전국도시공원정보표준데이터,https://www.data.go.kr/data/15012890/standard.do,2026-01-01,place,무지개,어린이공원,광주광역시 서구,광주광역시 서구 쌍촌동 1302-2,35.15319791,126.8598394,"무지개은(는) 어린이공원으로, 아이의 생활권 동화 배경으로 사용할 수 있다.",아이의 집 주변 산책·탐험 동화 배경,조합놀이대(1),4-7;8-10,공원;어린이공원;조합놀이대(1),29140-00043,무지개,어린이공원,,광주광역시 서구 쌍촌동 1302-2,2716,,조합놀이대(1),,,목재등의자(9),1994-11-12,광주광역시 서구청,062-360-7512,2026-01-01,3600000,광주광역시 서구
전국도시공원정보표준데이터,https://www.data.go.kr/data/15012890/standard.do,2026-01-01,place,오월,어린이공원,광주광역시 서구,광주광역시 서구 쌍촌동 1288-2,35.15587992,126.862207,"오월은(는) 어린이공원으로, 아이의 생활권 동화 배경으로 사용할 수 있다.",아이의 집 주변 산책·탐험 동화 배경,조합놀이대(1)+그네(1); 런닝트레이너(1)+에어워킹(1)+평행봉(1),4-7;8-10,공원;어린이공원;조합놀이대(1)+그네(1);런닝트레이너(1)+에어워킹(1)+평행봉(1),29140-00044,오월,어린이공원,,광주광역시 서구 쌍촌동 1288-2,2057.1,런닝트레이너(1)+에어워킹(1)+평행봉(1),조합놀이대(1)+그네(1),,,파고라의자(4)+목재등의자(2)+목재평의자(8),1994-11-12,광주광역시 서구청,062-360-7512,2026-01-01,3600000,광주광역시 서구
전국도시공원정보표준데이터,https://www.data.go.kr/data/15012890/standard.do,2026-01-01,place,운천,어린이공원,광주광역시 서구,광주광역시 서구 치평동 1168-3,35.15329763,126.8465895,"운천은(는) 어린이공원으로, 아이의 생활권 동화 배경으로 사용할 수 있다.",아이의 집 주변 산책·탐험 동화 배경,조합놀이대(1)+그네(1); 런닝트레이너(1)+옆파도타기(1)+에어워킹(1)+철봉(2)+농구대(2),4-7;8-10,공원;어린이공원;조합놀이대(1)+그네(1);런닝트레이너(1)+옆파도타기(1)+에어워킹(1)+철봉(2)+농구대(2),29140-00045,운천,어린이공원,,광주광역시 서구 치평동 1168-3,2794.1,런닝트레이너(1)+옆파도타기(1)+에어워킹(1)+철봉(2)+농구대(2),조합놀이대(1)+그네(1),,,파고라마루(1)+목재등의자(5)+목재평의자(2),1994-11-12,광주광역시 서구청,062-360-7512,2026-01-01,3600000,광주광역시 서구
전국도시공원정보표준데이터,https://www.data.go.kr/data/15012890/standard.do,2026-01-01,place,장수,어린이공원,광주광역시 서구,광주광역시 서구 치평동 1166-10,35.15714776,126.8433994,"장수은(는) 어린이공원으로, 아이의 생활권 동화 배경으로 사용할 수 있다.",아이의 집 주변 산책·탐험 동화 배경,조합놀이대(1)+그네(1)+시소(1)+회전놀이(1); 허리돌리기(1)+거꾸로매달리기(1)+윗몸일으키기(1)+런닝크레이너(1)+옆파도타기(1)+에어워킹(1)+어깨근육풀기(1)+철봉(1)+평행봉(1)+농구대(1),4-7;8-10,공원;어린이공원;조합놀이대(1)+그네(1)+시소(1)+회전놀이(1);허리돌리기(1)+거꾸로매달리기(1)+윗몸일으키기(1)+런닝크레이너(1)+옆파도타기(1)+에어워킹(1)+어깨근육풀기(1)+철봉(1)+평행봉(1)+농구대(1),29140-00046,장수,어린이공원,,광주광역시 서구 치평동 1166-10,8084.1,허리돌리기(1)+거꾸로매달리기(1)+윗몸일으키기(1)+런닝크레이너(1)+옆파도타기(1)+에어워킹(1)+어깨근육풀기(1)+철봉(1)+평행봉(1)+농구대(1),조합놀이대(1)+그네(1)+시소(1)+회전놀이(1),음수장(1),,파고라마루(1)+파고라의자(1)+목재등의자(8),1994-11-12,광주광역시 서구청,062-360-7512,2026-01-01,3600000,광주광역시 서구
전국도시공원정보표준데이터,https://www.data.go.kr/data/15012890/standard.do,2026-01-01,place,치평,어린이공원,광주광역시 서구,광주광역시 서구 상무민주로6번길 27 (쌍촌동),35.14965487,126.8439699,"치평은(는) 어린이공원으로, 아이의 생활권 동화 배경으로 사용할 수 있다.",아이의 집 주변 산책·탐험 동화 배경,조합놀이대(1); 허리돌리기(3)+거꾸로매달리기(2)+윗몸일으키기(2)+런닝트레이너(1)+옆파도타기(1)+에어워킹(1)+등맛사지기(1)+양팔줄당기기(1)+어깨근육풀기(1)+철봉(1)+평행봉(1)+기타체육기구(1)+농구대(1),4-7;8-10,공원;어린이공원;조합놀이대(1);허리돌리기(3)+거꾸로매달리기(2)+윗몸일으키기(2)+런닝트레이너(1)+옆파도타기(1)+에어워킹(1)+등맛사지기(1)+양팔줄당기기(1)+어깨근육풀기(1)+철봉(1)+평행봉(1)+기타체육기구(1)+농구대(1),29140-00047,치평,어린이공원,광주광역시 서구 상무민주로6번길 27 (쌍촌동),광주광역시 서구 치평동 1171-9,4416.3,허리돌리기(3)+거꾸로매달리기(2)+윗몸일으키기(2)+런닝트레이너(1)+옆파도타기(1)+에어워킹(1)+등맛사지기(1)+양팔줄당기기(1)+어깨근육풀기(1)+철봉(1)+평행봉(1)+기타체육기구(1)+농구대(1),조합놀이대(1),,,파고라마루(1)+파고라의자(2)+목재등의자(6)+목재평의자(4)+야외탁자(2),1994-11-12,광주광역시 서구청,062-360-7512,2026-01-01,3600000,광주광역시 서구
전국도시공원정보표준데이터,https://www.data.go.kr/data/15012890/standard.do,2026-01-01,place,해오리,어린이공원,광주광역시 서구,광주광역시 서구 치평동 1174-1,35.14655021,126.8439587,"해오리은(는) 어린이공원으로, 아이의 생활권 동화 배경으로 사용할 수 있다.",아이의 집 주변 산책·탐험 동화 배경,조합놀이대(1); 허리돌리기(1)+윗몸일으키기(1)+런닝트레이너(1)+옆파도타기(1)+에어워킹(1)+등맛사지기(1)+어깨근육풀기(1)+농구대(1),4-7;8-10,공원;어린이공원;조합놀이대(1);허리돌리기(1)+윗몸일으키기(1)+런닝트레이너(1)+옆파도타기(1)+에어워킹(1)+등맛사지기(1)+어깨근육풀기(1)+농구대(1),29140-00048,해오리,어린이공원,,광주광역시 서구 치평동 1174-1,3551.5,허리돌리기(1)+윗몸일으키기(1)+런닝트레이너(1)+옆파도타기(1)+에어워킹(1)+등맛사지기(1)+어깨근육풀기(1)+농구대(1),조합놀이대(1),,,파고라마루(1)+목재등의자(5)+목재평의자(2),1994-11-12,광주광역시 서구청,062-360-7512,2026-01-01,3600000,광주광역시 서구
전국도시공원정보표준데이터,https://www.data.go.kr/data/15012890/standard.do,2026-01-01,place,개나리,어린이공원,광주광역시 서구,광주광역시 서구 풍암동 1056,35.120501,126.8776872,"개나리은(는) 어린이공원으로, 아이의 생활권 동화 배경으로 사용할 수 있다.",아이의 집 주변 산책·탐험 동화 배경,조합놀이대(1); 허리돌리기(1)+거꾸로매달리기(1)+런닝트레이너(1)+옆파도타기(1)+에어워킹(1)+철봉(1),4-7;8-10,공원;어린이공원;조합놀이대(1);허리돌리기(1)+거꾸로매달리기(1)+런닝트레이너(1)+옆파도타기(1)+에어워킹(1)+철봉(1),29140-00049,개나리,어린이공원,,광주광역시 서구 풍암동 1056,3837.4,허리돌리기(1)+거꾸로매달리기(1)+런닝트레이너(1)+옆파도타기(1)+에어워킹(1)+철봉(1),조합놀이대(1),,,파고라마루(1)+목재등의자(3),1995-06-30,광주광역시 서구청,062-360-7512,2026-01-01,3600000,광주광역시 서구
전국도시공원정보표준데이터,https://www.data.go.kr/data/15012890/standard.do,2026-01-01,place,금당,어린이공원,광주광역시 서구,광주광역시 서구 풍암동 1165,35.12780503,126.883968,"금당은(는) 어린이공원으로, 아이의 생활권 동화 배경으로 사용할 수 있다.",아이의 집 주변 산책·탐험 동화 배경,조합놀이대(1); 허리돌리기(1)+옆파도타기(1)+에어워킹(1)+어깨근육풀기(1),4-7;8-10,공원;어린이공원;조합놀이대(1);허리돌리기(1)+옆파도타기(1)+에어워킹(1)+어깨근육풀기(1),29140-00050,금당,어린이공원,,광주광역시 서구 풍암동 1165,3277.8,허리돌리기(1)+옆파도타기(1)+에어워킹(1)+어깨근육풀기(1),조합놀이대(1),,,파고라마루(1)+파고라의자(1)+목재등의자(8)+목재평의자(3)+석재의자(5),1995-06-30,광주광역시 서구청,062-360-7512,2026-01-01,3600000,광주광역시 서구
전국도시공원정보표준데이터,https://www.data.go.kr/data/15012890/standard.do,2026-04-02,place,푸른꿈공원,어린이공원,경상북도 구미시,경상북도 구미시 진평동 1056-1,36.09076162,128.4277525,"푸른꿈공원은(는) 어린이공원으로, 아이의 생활권 동화 배경으로 사용할 수 있다.",아이의 집 주변 산책·탐험 동화 배경,조합놀이대; 허리돌리기,4-7;8-10,공원;어린이공원;조합놀이대;허리돌리기,47190-00088,푸른꿈공원,어린이공원,,경상북도 구미시 진평동 1056-1,1750,허리돌리기,조합놀이대,평의자,,CCTV,1993-10-04,경상북도 구미시청,054-480-5572,2026-04-02,5080000,경상북도 구미시
전국도시공원정보표준데이터,https://www.data.go.kr/data/15012890/standard.do,2025-05-28,place,미나리,어린이공원,대전광역시 서구,대전광역시 서구 가수원동 1237,36.30809214,127.3535844,"미나리은(는) 어린이공원으로, 아이의 생활권 동화 배경으로 사용할 수 있다.",아이의 집 주변 산책·탐험 동화 배경,조합놀이대 외 1종; 어깨관절놀이 외2종,4-7;8-10,공원;어린이공원;조합놀이대;외;1종;어깨관절놀이;외2종,30170-00093,미나리,어린이공원,,대전광역시 서구 가수원동 1237,1532,어깨관절놀이 외2종,조합놀이대 외 1종,,,공원등4주 외3종,2001-01-05,대전광역시 서구청,042-288-3623,2025-05-28,3660000,대전광역시 서구
전국도시공원정보표준데이터,https://www.data.go.kr/data/15012890/standard.do,2025-05-28,place,용소,어린이공원,대전광역시 서구,대전광역시 서구 가수원동 989,36.30703083,127.3506341,"용소은(는) 어린이공원으로, 아이의 생활권 동화 배경으로 사용할 수 있다.",아이의 집 주변 산책·탐험 동화 배경,조합놀이대 외3종; 농구대 외5종,4-7;8-10,공원;어린이공원;조합놀이대;외3종;농구대;외5종,30170-00094,용소,어린이공원,,대전광역시 서구 가수원동 989,15745.6,농구대 외5종,조합놀이대 외3종,,,공원등6주 외4종,2001-01-05,대전광역시 서구청,042-288-3623,2025-05-28,3660000,대전광역시 서구
전국도시공원정보표준데이터,https://www.data.go.kr/data/15012890/standard.do,2025-05-28,place,나비,어린이공원,대전광역시 서구,대전광역시 서구 도안동 1401,36.3150075,127.3501199,"나비은(는) 어린이공원으로, 아이의 생활권 동화 배경으로 사용할 수 있다.",아이의 집 주변 산책·탐험 동화 배경,조합놀이대 외3종,4-7;8-10,공원;어린이공원;조합놀이대;외3종,30170-00095,나비,어린이공원,,대전광역시 서구 도안동 1401,1523.7,,조합놀이대 외3종,,,공원등4주 외2종,2001-01-05,대전광역시 서구청,042-288-3623,2025-05-28,3660000,대전광역시 서구
전국도시공원정보표준데이터,https://www.data.go.kr/data/15012890/standard.do,2025-05-28,place,바다,어린이공원,대전광역시 서구,대전광역시 서구 가수원동 1091,36.31081136,127.352368,"바다은(는) 어린이공원으로, 아이의 생활권 동화 배경으로 사용할 수 있다.",아이의 집 주변 산책·탐험 동화 배경,조합놀이대 외4종; 어깨관절놀이 외3종,4-7;8-10,공원;어린이공원;조합놀이대;외4종;어깨관절놀이;외3종,30170-00096,바다,어린이공원,,대전광역시 서구 가수원동 1091,1702.5,어깨관절놀이 외3종,조합놀이대 외4종,,,공원등6주 외3종,2001-01-05,대전광역시 서구청,042-288-3623,2025-05-28,3660000,대전광역시 서구
전국도시공원정보표준데이터,https://www.data.go.kr/data/15012890/standard.do,2025-05-28,place,윗용소,어린이공원,대전광역시 서구,대전광역시 서구 가수원동 925,36.30788283,127.3496123,"윗용소은(는) 어린이공원으로, 아이의 생활권 동화 배경으로 사용할 수 있다.",아이의 집 주변 산책·탐험 동화 배경,조합놀이대 외1종; 어깨관절놀이 외2종,4-7;8-10,공원;어린이공원;조합놀이대;외1종;어깨관절놀이;외2종,30170-00097,윗용소,어린이공원,,대전광역시 서구 가수원동 925,2761.3,어깨관절놀이 외2종,조합놀이대 외1종,,,공원등9주 외4종,2001-01-05,대전광역시 서구청,042-288-3623,2025-05-28,3660000,대전광역시 서구
전국도시공원정보표준데이터,https://www.data.go.kr/data/15012890/standard.do,2025-05-28,place,변정,어린이공원,대전광역시 서구,대전광역시 서구 변동 45-1,36.32330852,127.382723,"변정은(는) 어린이공원으로, 아이의 생활권 동화 배경으로 사용할 수 있다.",아이의 집 주변 산책·탐험 동화 배경,조합놀이대외1종; 윗몸일으키기외7종,4-7;8-10,공원;어린이공원;조합놀이대외1종;윗몸일으키기외7종,30170-00098,변정,어린이공원,,대전광역시 서구 변동 45-1,1649.6,윗몸일으키기외7종,조합놀이대외1종,음수대,,점멸기외3종,1970-11-05,대전광역시 서구청,042-288-3623,2025-05-28,3660000,대전광역시 서구
전국도시공원정보표준데이터,https://www.data.go.kr/data/15012890/standard.do,2026-01-01,place,염주,근린공원,광주광역시 서구,광주광역시 서구 염화로134번길 18 (화정동),35.14159896,126.8792537,"염주은(는) 근린공원으로, 아이의 생활권 동화 배경으로 사용할 수 있다.",아이의 집 주변 산책·탐험 동화 배경,허리돌리기(1)+거꾸로매달리기(2)+윗몸일으키기(3)+런닝트레이너(2)+옆파도타기(2)+에어워킹(2)+등맛사지기(2)+역기들어올리기(1)+양팔줄당기기(1)+어깨근육풀기(2)+철봉(9)+평행봉(4)+매달리기(1),4-7;8-10,공원;근린공원;허리돌리기(1)+거꾸로매달리기(2)+윗몸일으키기(3)+런닝트레이너(2)+옆파도타기(2)+에어워킹(2)+등맛사지기(2)+역기들어올리기(1)+양팔줄당기기(1)+어깨근육풀기(2)+철봉(9)+평행봉(4)+매달리기(1),29140-00001,염주,근린공원,광주광역시 서구 염화로134번길 18 (화정동),광주광역시 서구 화정동 843,10400,허리돌리기(1)+거꾸로매달리기(2)+윗몸일으키기(3)+런닝트레이너(2)+옆파도타기(2)+에어워킹(2)+등맛사지기(2)+역기들어올리기(1)+양팔줄당기기(1)+어깨근육풀기(2)+철봉(9)+평행봉(4)+매달리기(1),,,,한식정자(2)+목재등의자(20)+석재의자(19)+야외탁자(3)+경로당(1),1982-03-23,광주광역시 서구청,062-360-7512,2026-01-01,3600000,광주광역시 서구
전국도시공원정보표준데이터,https://www.data.go.kr/data/15012890/standard.do,2026-01-01,place,시민,근린공원,광주광역시 서구,광주광역시 서구 상무민주로 61 (쌍촌동),35.15574851,126.8585843,"시민은(는) 근린공원으로, 아이의 생활권 동화 배경으로 사용할 수 있다.",아이의 집 주변 산책·탐험 동화 배경,기타기구(1); 허리돌리기(3)+거꾸로매달리기(1)+윗몸일으키기(6)+런닝트레이너(3)+옆파도타기(2)+에어워킹(2)+등맛사지기(4)+역기들어올리기(6)+양팔줄당기기(2)+어깨근육풀기(4)+철봉(3)+평행봉(3)+테니스장(3)+족구장(6)+기타운동시설(1); 가상관측시설(1)+기념비(2),4-7;8-10,공원;근린공원;기타기구(1);허리돌리기(3)+거꾸로매달리기(1)+윗몸일으키기(6)+런닝트레이너(3)+옆파도타기(2)+에어워킹(2)+등맛사지기(4)+역기들어올리기(6)+양팔줄당기기(2)+어깨근육풀기(4)+철봉(3)+평행봉(3)+테니스장(3)+족구장(6)+기타운동시설(1);가상관측시설(1)+기념비(2),29140-00003,시민,근린공원,광주광역시 서구 상무민주로 61 (쌍촌동),광주광역시 서구 치평동1162,170384.9,허리돌리기(3)+거꾸로매달리기(1)+윗몸일으키기(6)+런닝트레이너(3)+옆파도타기(2)+에어워킹(2)+등맛사지기(4)+역기들어올리기(6)+양팔줄당기기(2)+어깨근육풀기(4)+철봉(3)+평행봉(3)+테니스장(3)+족구장(6)+기타운동시설(1),기타기구(1),음수장(3)+시계탑(1),가상관측시설(1)+기념비(2),한식정자(1)+파고라마루(7)+파고라의자(7)+목재등의자(34)+목재평의자(39)+석재의자(38)+그네의자(3)+야외탁자(3)+경로당(1),1994-11-12,광주광역시 서구청,062-360-7512,2026-01-01,3600000,광주광역시 서구
전국도시공원정보표준데이터,https://www.data.go.kr/data/15012890/standard.do,2026-01-01,place,마재,근린공원,광주광역시 서구,광주광역시 서구 상무자유로 73 (치평동),35.15221868,126.8422202,"마재은(는) 근린공원으로, 아이의 생활권 동화 배경으로 사용할 수 있다.",아이의 집 주변 산책·탐험 동화 배경,그네(1)+시소(2)+흔들놀이(2); 허리돌리기(1)+런닝트레이너(1)+옆파도타기(1)+에어워킹(1)+양팔줄당기기(1)+어깨근육풀기(1)+게이트볼장((1); 기념비(1)+문화센터(1),4-7;8-10,공원;근린공원;그네(1)+시소(2)+흔들놀이(2);허리돌리기(1)+런닝트레이너(1)+옆파도타기(1)+에어워킹(1)+양팔줄당기기(1)+어깨근육풀기(1)+게이트볼장((1);기념비(1)+문화센터(1),29140-00004,마재,근린공원,광주광역시 서구 상무자유로 73 (치평동),광주광역시 서구 금호동 789,18267.3,허리돌리기(1)+런닝트레이너(1)+옆파도타기(1)+에어워킹(1)+양팔줄당기기(1)+어깨근육풀기(1)+게이트볼장((1),그네(1)+시소(2)+흔들놀이(2),음수장(1),기념비(1)+문화센터(1),한식정자(1)+파고라마루(1)+파고라의자(2)+목재등의자(11)+목재평의자(11),1995-06-30,광주광역시 서구청,062-360-7512,2026-01-01,3600000,광주광역시 서구
전국도시공원정보표준데이터,https://www.data.go.kr/data/15012890/standard.do,2026-01-01,place,상무,수변공원,광주광역시 서구,광주광역시 서구 내방로 102 (치평동),35.15654724,126.8516022,"상무은(는) 수변공원으로, 아이의 생활권 동화 배경으로 사용할 수 있다.",아이의 집 주변 산책·탐험 동화 배경,허리돌리기(4)+거꾸로매달리기(1)+윗몸일으키기(3)+런닝트레이너(1)+옆파도타기(2)+에어워킹(2)+양팔줄당기기(1)+어깨근육풀기(2)+철봉(1)+평행봉(1)+기타체육기구(2); 어린이집(1),4-7;8-10,공원;수변공원;허리돌리기(4)+거꾸로매달리기(1)+윗몸일으키기(3)+런닝트레이너(1)+옆파도타기(2)+에어워킹(2)+양팔줄당기기(1)+어깨근육풀기(2)+철봉(1)+평행봉(1)+기타체육기구(2);어린이집(1),29140-00017,상무,수변공원,광주광역시 서구 내방로 102 (치평동),광주광역시 서구 쌍촌동 869-9,74020,허리돌리기(4)+거꾸로매달리기(1)+윗몸일으키기(3)+런닝트레이너(1)+옆파도타기(2)+에어워킹(2)+양팔줄당기기(1)+어깨근육풀기(2)+철봉(1)+평행봉(1)+기타체육기구(2),,전망대(1)+음수장(1),어린이집(1),한식정자(3)+파고라마루(3)+목재등의자(34)+목재평의자(5)+그네의자(2)+야외탁자(2)+기타시설(2),1967-02-20,광주광역시 서구청,062-360-7512,2026-01-01,3600000,광주광역시 서구
전국도시공원정보표준데이터,https://www.data.go.kr/data/15012890/standard.do,2026-01-01,place,전평제,수변공원,광주광역시 서구,광주광역시 서구 매월동 519-1,35.11557813,126.8484198,"전평제은(는) 수변공원으로, 아이의 생활권 동화 배경으로 사용할 수 있다.",아이의 집 주변 산책·탐험 동화 배경,허리돌리기(1)+거꾸로매달리기(1)+윗몸일으키기(4)+런닝트레이너(1)+옆파도타기(2)+에어워킹(2)+등맛사지기(3)+어깨근육풀기(1)+평행봉(1),4-7;8-10,공원;수변공원;허리돌리기(1)+거꾸로매달리기(1)+윗몸일으키기(4)+런닝트레이너(1)+옆파도타기(2)+에어워킹(2)+등맛사지기(3)+어깨근육풀기(1)+평행봉(1),29140-00018,전평제,수변공원,,광주광역시 서구 매월동 519-1,44000,허리돌리기(1)+거꾸로매달리기(1)+윗몸일으키기(4)+런닝트레이너(1)+옆파도타기(2)+에어워킹(2)+등맛사지기(3)+어깨근육풀기(1)+평행봉(1),,,,한식정자(2)+파고라마루(2)+파고라의자(3)+목재등의자(6)+목재평의자(28)+야외탁자(3),1906-07-14,광주광역시 서구청,062-360-7512,2026-01-01,3600000,광주광역시 서구
전국도시공원정보표준데이터,https://www.data.go.kr/data/15012890/standard.do,2026-01-01,place,농성,어린이공원,광주광역시 서구,광주광역시 서구 농성동 669-3,35.148223,126.887055,"농성은(는) 어린이공원으로, 아이의 생활권 동화 배경으로 사용할 수 있다.",아이의 집 주변 산책·탐험 동화 배경,조합놀이대(1)+그네(1); 허리돌리기(1)+윗몸일으키기(1)+에어워킹(1)+등맛사지기(1)+역기들어올리기(1)+어깨근육풀기(1)+철봉(1)+기타체육기구(1),4-7;8-10,공원;어린이공원;조합놀이대(1)+그네(1);허리돌리기(1)+윗몸일으키기(1)+에어워킹(1)+등맛사지기(1)+역기들어올리기(1)+어깨근육풀기(1)+철봉(1)+기타체육기구(1),29140-00019,농성,어린이공원,,광주광역시 서구 농성동 669-3,2100,허리돌리기(1)+윗몸일으키기(1)+에어워킹(1)+등맛사지기(1)+역기들어올리기(1)+어깨근육풀기(1)+철봉(1)+기타체육기구(1),조합놀이대(1)+그네(1),음수장(1),,파고라마루(2)+목재등의자(9),1970-02-05,광주광역시 서구청,062-360-7512,2026-01-01,3600000,광주광역시 서구
전국도시공원정보표준데이터,https://www.data.go.kr/data/15012890/standard.do,2026-01-01,place,내방,어린이공원,광주광역시 서구,광주광역시 서구 내방동 837,35.15314897,126.8724926,"내방은(는) 어린이공원으로, 아이의 생활권 동화 배경으로 사용할 수 있다.",아이의 집 주변 산책·탐험 동화 배경,조합놀이대(2)+그네(2)+시소(1); 허리돌리기(1)+런닝트레이너(1)+에어워킹(1)+기타체육기구(1),4-7;8-10,공원;어린이공원;조합놀이대(2)+그네(2)+시소(1);허리돌리기(1)+런닝트레이너(1)+에어워킹(1)+기타체육기구(1),29140-00020,내방,어린이공원,,광주광역시 서구 내방동 837,30200,허리돌리기(1)+런닝트레이너(1)+에어워킹(1)+기타체육기구(1),조합놀이대(2)+그네(2)+시소(1),,,파고라마루(1)+목재등의자(4),1970-02-05,광주광역시 서구청,062-360-7512,2026-01-01,3600000,광주광역시 서구
전국도시공원정보표준데이터,https://www.data.go.kr/data/15012890/standard.do,2026-01-01,place,쌍촌,어린이공원,광주광역시 서구,광주광역시 서구 쌍촌동 967,35.15154893,126.8601455,"쌍촌은(는) 어린이공원으로, 아이의 생활권 동화 배경으로 사용할 수 있다.",아이의 집 주변 산책·탐험 동화 배경,조합놀이대(1)+그네(1); 허리돌리기(1)+런닝트레이너(1)+옆파도타기(1)+등맛사지기(1)+양팔줄당기기(1)+어깨근육풀기(2),4-7;8-10,공원;어린이공원;조합놀이대(1)+그네(1);허리돌리기(1)+런닝트레이너(1)+옆파도타기(1)+등맛사지기(1)+양팔줄당기기(1)+어깨근육풀기(2),29140-00021,쌍촌,어린이공원,,광주광역시 서구 쌍촌동 967,1500,허리돌리기(1)+런닝트레이너(1)+옆파도타기(1)+등맛사지기(1)+양팔줄당기기(1)+어깨근육풀기(2),조합놀이대(1)+그네(1),,,파고라마루(2)+목재등의자(3)+목재평의자(6),1970-02-05,광주광역시 서구청,062-360-7512,2026-01-01,3600000,광주광역시 서구
전국도시공원정보표준데이터,https://www.data.go.kr/data/15012890/standard.do,2026-01-01,place,꿈마당,어린이공원,광주광역시 서구,광주광역시 서구 화정동 892,35.14086813,126.8769884,"꿈마당은(는) 어린이공원으로, 아이의 생활권 동화 배경으로 사용할 수 있다.",아이의 집 주변 산책·탐험 동화 배경,조합놀이대(1)+그네(1); 허리돌리기(1)+런닝트레이너(1)+에어워킹(1)+양팔줄당기기(1)+어깨근육풀기(1)+철봉봉(1),4-7;8-10,공원;어린이공원;조합놀이대(1)+그네(1);허리돌리기(1)+런닝트레이너(1)+에어워킹(1)+양팔줄당기기(1)+어깨근육풀기(1)+철봉봉(1),29140-00022,꿈마당,어린이공원,,광주광역시 서구 화정동 892,1500,허리돌리기(1)+런닝트레이너(1)+에어워킹(1)+양팔줄당기기(1)+어깨근육풀기(1)+철봉봉(1),조합놀이대(1)+그네(1),,,파고라마루(1)+목재등의자(7),1983-12-30,광주광역시 서구청,062-360-7512,2026-01-01,3600000,광주광역시 서구
전국도시공원정보표준데이터,https://www.data.go.kr/data/15012890/standard.do,2026-01-01,place,염주,어린이공원,광주광역시 서구,광주광역시 서구 화정로276번길 5 (농성동),35.1482234,126.8870553,"염주은(는) 어린이공원으로, 아이의 생활권 동화 배경으로 사용할 수 있다.",아이의 집 주변 산책·탐험 동화 배경,"공원에서 색깔, 나무, 놀이시설을 찾아보는 관찰 미션",4-7;8-10,공원;어린이공원,29140-00023,염주,어린이공원,광주광역시 서구 화정로276번길 5 (농성동),광주광역시 서구 화정동 895,1500,,,,,,1983-12-30,광주광역시 서구청,062-360-7512,2026-01-01,3600000,광주광역시 서구
전국도시공원정보표준데이터,https://www.data.go.kr/data/15012890/standard.do,2026-01-01,place,콩콩,어린이공원,광주광역시 서구,광주광역시 서구 상무대로1005번길 12-5 (내방동),35.14337133,126.8764191,"콩콩은(는) 어린이공원으로, 아이의 생활권 동화 배경으로 사용할 수 있다.",아이의 집 주변 산책·탐험 동화 배경,조합놀이대(1); 허리돌리기(1)+거꾸로매달리기(1)+옆파도타기(1)+에어워킹(1)+등맛사지기(1)+양팔줄당기기(1)+어깨근육풀기(1),4-7;8-10,공원;어린이공원;조합놀이대(1);허리돌리기(1)+거꾸로매달리기(1)+옆파도타기(1)+에어워킹(1)+등맛사지기(1)+양팔줄당기기(1)+어깨근육풀기(1),29140-00024,콩콩,어린이공원,광주광역시 서구 상무대로1005번길 12-5 (내방동),광주광역시 서구 화정동 891,1500,허리돌리기(1)+거꾸로매달리기(1)+옆파도타기(1)+에어워킹(1)+등맛사지기(1)+양팔줄당기기(1)+어깨근육풀기(1),조합놀이대(1),음수장(1),,한식정자(1)+목재등의자(1),1983-12-30,광주광역시 서구청,062-360-7512,2026-01-01,3600000,광주광역시 서구
전국도시공원정보표준데이터,https://www.data.go.kr/data/15012890/standard.do,2026-01-01,place,효행,어린이공원,광주광역시 서구,광주광역시 서구 상무민주로6번길 17 (쌍촌동),35.15154575,126.8601455,"효행은(는) 어린이공원으로, 아이의 생활권 동화 배경으로 사용할 수 있다.",아이의 집 주변 산책·탐험 동화 배경,조합놀이대(1)+시소(1)+흔들놀이(2); 허리돌리기(1)+거꾸로매달리기(1)+런닝트레이너(1)+옆파도타기(1)+에어워킹(1)+역기들어올리기(1)+어깨근육풀기(1)+농구대(1),4-7;8-10,공원;어린이공원;조합놀이대(1)+시소(1)+흔들놀이(2);허리돌리기(1)+거꾸로매달리기(1)+런닝트레이너(1)+옆파도타기(1)+에어워킹(1)+역기들어올리기(1)+어깨근육풀기(1)+농구대(1),29140-00025,효행,어린이공원,광주광역시 서구 상무민주로6번길 17 (쌍촌동),광주광역시 서구 화정동 802,1500,허리돌리기(1)+거꾸로매달리기(1)+런닝트레이너(1)+옆파도타기(1)+에어워킹(1)+역기들어올리기(1)+어깨근육풀기(1)+농구대(1),조합놀이대(1)+시소(1)+흔들놀이(2),,,파고라마루(2)+목재등의자(5),1983-12-30,광주광역시 서구청,062-360-7512,2026-01-01,3600000,광주광역시 서구
전국도시공원정보표준데이터,https://www.data.go.kr/data/15012890/standard.do,2026-01-01,place,화방,어린이공원,광주광역시 서구,광주광역시 서구 화정동 894,35.140983,126.874497,"화방은(는) 어린이공원으로, 아이의 생활권 동화 배경으로 사용할 수 있다.",아이의 집 주변 산책·탐험 동화 배경,"공원에서 색깔, 나무, 놀이시설을 찾아보는 관찰 미션",4-7;8-10,공원;어린이공원,29140-00026,화방,어린이공원,,광주광역시 서구 화정동 894,1500,,,,,,1983-12-30,광주광역시 서구청,062-360-7512,2026-01-01,3600000,광주광역시 서구
전국도시공원정보표준데이터,https://www.data.go.kr/data/15012890/standard.do,2026-04-02,place,푸른공원,어린이공원,경상북도 구미시,경상북도 구미시 산호대로 925,36.13833395,128.4308104,"푸른공원은(는) 어린이공원으로, 아이의 생활권 동화 배경으로 사용할 수 있다.",아이의 집 주변 산책·탐험 동화 배경,조합놀이대; 공중걷기,4-7;8-10,공원;어린이공원;조합놀이대;공중걷기,47190-00024,푸른공원,어린이공원,경상북도 구미시 산호대로 925,경상북도 구미시 옥계동 922,1648,공중걷기,조합놀이대,평의자,,CCTV,1980-12-11,경상북도 구미시청,054-480-5587,2026-04-02,5080000,경상북도 구미시
전국도시공원정보표준데이터,https://www.data.go.kr/data/15012890/standard.do,2025-05-28,place,금평,어린이공원,대전광역시 서구,대전광역시 서구 흑석동 983,36.254111,127.341743,"금평은(는) 어린이공원으로, 아이의 생활권 동화 배경으로 사용할 수 있다.",아이의 집 주변 산책·탐험 동화 배경,조합놀이대외1종; 싸이클링 외 5종,4-7;8-10,공원;어린이공원;조합놀이대외1종;싸이클링;외;5종,30170-00082,금평,어린이공원,,대전광역시 서구 흑석동 983,1580.1,싸이클링 외 5종,조합놀이대외1종,파고라,,공원등3주 외1종,1997-12-05,대전광역시 서구청,042-288-3623,2025-05-28,3660000,대전광역시 서구
전국도시공원정보표준데이터,https://www.data.go.kr/data/15012890/standard.do,2026-01-01,place,풍암,근린공원,광주광역시 서구,광주광역시 서구 상무자유로 59 (치평동),35.15221868,126.8422202,"풍암은(는) 근린공원으로, 아이의 생활권 동화 배경으로 사용할 수 있다.",아이의 집 주변 산책·탐험 동화 배경,허리돌리기(3)+윗몸일으키기(1)+런닝트레이너(1)+옆파도타기(1)+에어워킹(2)+등맛사지기(1)+역기들어올리기(1)+평행봉(1),4-7;8-10,공원;근린공원;허리돌리기(3)+윗몸일으키기(1)+런닝트레이너(1)+옆파도타기(1)+에어워킹(2)+등맛사지기(1)+역기들어올리기(1)+평행봉(1),29140-00006,풍암,근린공원,광주광역시 서구 상무자유로 59 (치평동),광주광역시 서구 풍암동 1065,14344.9,허리돌리기(3)+윗몸일으키기(1)+런닝트레이너(1)+옆파도타기(1)+에어워킹(2)+등맛사지기(1)+역기들어올리기(1)+평행봉(1),,,,파고라의자(1)+목재등의자(3)+목재평의자(6),1995-06-30,광주광역시 서구청,062-360-7512,2026-01-01,3600000,광주광역시 서구
전국도시공원정보표준데이터,https://www.data.go.kr/data/15012890/standard.do,2025-02-21,place,내남3,소공원,광주광역시 동구,광주광역시 동구 내남동 903,35.090829,126.9421201,"내남3은(는) 소공원으로, 아이의 생활권 동화 배경으로 사용할 수 있다.",아이의 집 주변 산책·탐험 동화 배경,"공원에서 색깔, 나무, 놀이시설을 찾아보는 관찰 미션",4-7;8-10,공원;소공원,29110-00041,내남3,소공원,,광주광역시 동구 내남동 903,1624,,,,,,2016-10-21,광주광역시 동구청,062-608-2965,2025-02-21,3590000,광주광역시 동구
전국도시공원정보표준데이터,https://www.data.go.kr/data/15012890/standard.do,2025-02-21,place,학동,역사공원,광주광역시 동구,광주광역시 동구 천변우로 599 (학동),35.13113755,126.9263174,"학동은(는) 역사공원으로, 아이의 생활권 동화 배경으로 사용할 수 있다.",아이의 집 주변 산책·탐험 동화 배경,"공원에서 색깔, 나무, 놀이시설을 찾아보는 관찰 미션",4-7;8-10,공원;역사공원,29110-00042,학동,역사공원,광주광역시 동구 천변우로 599 (학동),광주광역시 동구 학동 1013,2049.3,,,,,,2005-11-01,광주광역시 동구청,062-608-2965,2025-02-21,3590000,광주광역시 동구
전국도시공원정보표준데이터,https://www.data.go.kr/data/15012890/standard.do,2025-02-21,place,계림8,문화공원,광주광역시 동구,광주광역시 동구 독립로 310 (계림동),35.15815221,126.913944,"계림8은(는) 문화공원으로, 아이의 생활권 동화 배경으로 사용할 수 있다.",아이의 집 주변 산책·탐험 동화 배경,"공원에서 색깔, 나무, 놀이시설을 찾아보는 관찰 미션",4-7;8-10,공원;문화공원,29110-00043,계림8,문화공원,광주광역시 동구 독립로 310 (계림동),광주광역시 동구 계림동 962,5999,,,,,,2007-09-11,광주광역시 동구청,062-608-2965,2025-02-21,3590000,광주광역시 동구
전국도시공원정보표준데이터,https://www.data.go.kr/data/15012890/standard.do,2025-02-21,place,천변,수변공원,광주광역시 동구,광주광역시 동구 수기동 138,35.14992915,126.909259,"천변은(는) 수변공원으로, 아이의 생활권 동화 배경으로 사용할 수 있다.",아이의 집 주변 산책·탐험 동화 배경,"공원에서 색깔, 나무, 놀이시설을 찾아보는 관찰 미션",4-7;8-10,공원;수변공원,29110-00044,천변,수변공원,,광주광역시 동구 수기동 138,108420,,,,,,1975-02-18,광주광역시 동구청,062-608-2965,2025-02-21,3590000,광주광역시 동구
전국도시공원정보표준데이터,https://www.data.go.kr/data/15012890/standard.do,2025-02-21,place,율곡,어린이공원,광주광역시 동구,광주광역시 동구 산수동 708,35.15985601,126.9372678,"율곡은(는) 어린이공원으로, 아이의 생활권 동화 배경으로 사용할 수 있다.",아이의 집 주변 산책·탐험 동화 배경,"조합놀이대, 그네, 흔들놀이기구",4-7;8-10,공원;어린이공원;조합놀이대;그네;흔들놀이기구,29110-00012,율곡,어린이공원,,광주광역시 동구 산수동 708,4216,,"조합놀이대, 그네, 흔들놀이기구",,,,1990-12-12,광주광역시 동구청,062-608-2965,2025-02-21,3590000,광주광역시 동구
전국도시공원정보표준데이터,https://www.data.go.kr/data/15012890/standard.do,2025-02-21,place,월남,어린이공원,광주광역시 동구,광주광역시 동구 월남동 623,35.10339656,126.938209,"월남은(는) 어린이공원으로, 아이의 생활권 동화 배경으로 사용할 수 있다.",아이의 집 주변 산책·탐험 동화 배경,"조합놀이대, 그네, 흔들놀이기구",4-7;8-10,공원;어린이공원;조합놀이대;그네;흔들놀이기구,29110-00013,월남,어린이공원,,광주광역시 동구 월남동 623,1501.7,,"조합놀이대, 그네, 흔들놀이기구",,,,2011-07-01,광주광역시 동구청,062-608-2965,2025-02-21,3590000,광주광역시 동구
전국도시공원정보표준데이터,https://www.data.go.kr/data/15012890/standard.do,2025-02-21,place,용산,어린이공원,광주광역시 동구,광주광역시 동구 용산동 670,35.11799477,126.9231157,"용산은(는) 어린이공원으로, 아이의 생활권 동화 배경으로 사용할 수 있다.",아이의 집 주변 산책·탐험 동화 배경,"흔들놀이기구, 조합놀이대",4-7;8-10,공원;어린이공원;흔들놀이기구;조합놀이대,29110-00014,용산,어린이공원,,광주광역시 동구 용산동 670,1574,,"흔들놀이기구, 조합놀이대",,,,2006-12-29,광주광역시 동구청,062-608-2965,2025-02-21,3590000,광주광역시 동구
전국도시공원정보표준데이터,https://www.data.go.kr/data/15012890/standard.do,2025-02-21,place,남계,어린이공원,광주광역시 동구,광주광역시 동구 내남동 303,35.09425388,126.9391133,"남계은(는) 어린이공원으로, 아이의 생활권 동화 배경으로 사용할 수 있다.",아이의 집 주변 산책·탐험 동화 배경,"조합놀이대, 바구니그네, 공중놀이기구",4-7;8-10,공원;어린이공원;조합놀이대;바구니그네;공중놀이기구,29110-00015,남계,어린이공원,,광주광역시 동구 내남동 303,2113,,"조합놀이대, 바구니그네, 공중놀이기구",화장실,,,2006-03-07,광주광역시 동구청,062-608-2965,2025-02-21,3590000,광주광역시 동구
전국도시공원정보표준데이터,https://www.data.go.kr/data/15012890/standard.do,2025-02-21,place,학운1,소공원,광주광역시 동구,광주광역시 동구 학동 810,35.13049928,126.933169,"학운1은(는) 소공원으로, 아이의 생활권 동화 배경으로 사용할 수 있다.",아이의 집 주변 산책·탐험 동화 배경,"공원에서 색깔, 나무, 놀이시설을 찾아보는 관찰 미션",4-7;8-10,공원;소공원,29110-00016,학운1,소공원,,광주광역시 동구 학동 810,63,,,,,,2006-11-01,광주광역시 동구청,062-608-2965,2025-02-21,3590000,광주광역시 동구
전국도시공원정보표준데이터,https://www.data.go.kr/data/15012890/standard.do,2025-02-21,place,학운2,소공원,광주광역시 동구,광주광역시 동구 학동 781-15,35.13140446,126.932773,"학운2은(는) 소공원으로, 아이의 생활권 동화 배경으로 사용할 수 있다.",아이의 집 주변 산책·탐험 동화 배경,"공원에서 색깔, 나무, 놀이시설을 찾아보는 관찰 미션",4-7;8-10,공원;소공원,29110-00017,학운2,소공원,,광주광역시 동구 학동 781-15,43,,,,,,2006-11-01,광주광역시 동구청,062-608-2965,2025-02-21,3590000,광주광역시 동구
전국도시공원정보표준데이터,https://www.data.go.kr/data/15012890/standard.do,2025-02-21,place,학운3,소공원,광주광역시 동구,광주광역시 동구 학동 782-1,35.131232,126.9327996,"학운3은(는) 소공원으로, 아이의 생활권 동화 배경으로 사용할 수 있다.",아이의 집 주변 산책·탐험 동화 배경,"공원에서 색깔, 나무, 놀이시설을 찾아보는 관찰 미션",4-7;8-10,공원;소공원,29110-00018,학운3,소공원,,광주광역시 동구 학동 782-1,45,,,,,,2006-11-01,광주광역시 동구청,062-608-2965,2025-02-21,3590000,광주광역시 동구
전국도시공원정보표준데이터,https://www.data.go.kr/data/15012890/standard.do,2025-02-21,place,서남2-1,소공원,광주광역시 동구,광주광역시 동구 서석동 106-14,35.144371,126.922377,"서남2-1은(는) 소공원으로, 아이의 생활권 동화 배경으로 사용할 수 있다.",아이의 집 주변 산책·탐험 동화 배경,"공원에서 색깔, 나무, 놀이시설을 찾아보는 관찰 미션",4-7;8-10,공원;소공원,29110-00019,서남2-1,소공원,,광주광역시 동구 서석동 106-14,91.2,,,,,,2006-11-01,광주광역시 동구청,062-608-2965,2025-02-21,3590000,광주광역시 동구
전국도시공원정보표준데이터,https://www.data.go.kr/data/15012890/standard.do,2025-02-21,place,서남2-2,소공원,광주광역시 동구,광주광역시 동구 서석동 117-2,35.144162,126.922333,"서남2-2은(는) 소공원으로, 아이의 생활권 동화 배경으로 사용할 수 있다.",아이의 집 주변 산책·탐험 동화 배경,"공원에서 색깔, 나무, 놀이시설을 찾아보는 관찰 미션",4-7;8-10,공원;소공원,29110-00020,서남2-2,소공원,,광주광역시 동구 서석동 117-2,70.7,,,,,,2006-11-01,광주광역시 동구청,062-608-2965,2025-02-21,3590000,광주광역시 동구
전국도시공원정보표준데이터,https://www.data.go.kr/data/15012890/standard.do,2025-02-21,place,산수1동 3-1,소공원,광주광역시 동구,광주광역시 동구 산수동 489-16,35.154726,126.923214,"산수1동 3-1은(는) 소공원으로, 아이의 생활권 동화 배경으로 사용할 수 있다.",아이의 집 주변 산책·탐험 동화 배경,"공원에서 색깔, 나무, 놀이시설을 찾아보는 관찰 미션",4-7;8-10,공원;소공원,29110-00021,산수1동 3-1,소공원,,광주광역시 동구 산수동 489-16,332,,,,,,2010-11-01,광주광역시 동구청,062-608-2965,2025-02-21,3590000,광주광역시 동구
전국도시공원정보표준데이터,https://www.data.go.kr/data/15012890/standard.do,2025-02-21,place,산수1동 3-2,소공원,광주광역시 동구,광주광역시 동구 산수동 487-21,35.154847,126.922527,"산수1동 3-2은(는) 소공원으로, 아이의 생활권 동화 배경으로 사용할 수 있다.",아이의 집 주변 산책·탐험 동화 배경,"공원에서 색깔, 나무, 놀이시설을 찾아보는 관찰 미션",4-7;8-10,공원;소공원,29110-00022,산수1동 3-2,소공원,,광주광역시 동구 산수동 487-21,270,,,,,,2010-09-01,광주광역시 동구청,062-608-2965,2025-02-21,3590000,광주광역시 동구
전국도시공원정보표준데이터,https://www.data.go.kr/data/15012890/standard.do,2025-02-21,place,산수1동 3-3,소공원,광주광역시 동구,광주광역시 동구 산수동 490-7,35.15488243,126.923236,"산수1동 3-3은(는) 소공원으로, 아이의 생활권 동화 배경으로 사용할 수 있다.",아이의 집 주변 산책·탐험 동화 배경,"공원에서 색깔, 나무, 놀이시설을 찾아보는 관찰 미션",4-7;8-10,공원;소공원,29110-00023,산수1동 3-3,소공원,,광주광역시 동구 산수동 490-7,290,,,,,,2010-11-01,광주광역시 동구청,062-608-2965,2025-02-21,3590000,광주광역시 동구
전국도시공원정보표준데이터,https://www.data.go.kr/data/15012890/standard.do,2025-02-21,place,계림5-2,소공원,광주광역시 동구,광주광역시 동구 계림동 53,35.15854489,126.9250135,"계림5-2은(는) 소공원으로, 아이의 생활권 동화 배경으로 사용할 수 있다.",아이의 집 주변 산책·탐험 동화 배경,"공원에서 색깔, 나무, 놀이시설을 찾아보는 관찰 미션",4-7;8-10,공원;소공원,29110-00024,계림5-2,소공원,,광주광역시 동구 계림동 53,977,,,,,,2007-03-27,광주광역시 동구청,062-608-2965,2025-02-21,3590000,광주광역시 동구
전국도시공원정보표준데이터,https://www.data.go.kr/data/15012890/standard.do,2025-02-21,place,산수1,소공원,광주광역시 동구,광주광역시 동구 산수동 380-18,35.15431915,126.926806,"산수1은(는) 소공원으로, 아이의 생활권 동화 배경으로 사용할 수 있다.",아이의 집 주변 산책·탐험 동화 배경,"공원에서 색깔, 나무, 놀이시설을 찾아보는 관찰 미션",4-7;8-10,공원;소공원,29110-00025,산수1,소공원,,광주광역시 동구 산수동 380-18,3170,,,,,,2007-07-27,광주광역시 동구청,062-608-2965,2025-02-21,3590000,광주광역시 동구
전국도시공원정보표준데이터,https://www.data.go.kr/data/15012890/standard.do,2025-02-21,place,계림7,소공원,광주광역시 동구,광주광역시 동구 계림동 196-11,35.157856,126.923602,"계림7은(는) 소공원으로, 아이의 생활권 동화 배경으로 사용할 수 있다.",아이의 집 주변 산책·탐험 동화 배경,"공원에서 색깔, 나무, 놀이시설을 찾아보는 관찰 미션",4-7;8-10,공원;소공원,29110-00026,계림7,소공원,,광주광역시 동구 계림동 196-11,2680,,,,,,2007-07-27,광주광역시 동구청,062-608-2965,2025-02-21,3590000,광주광역시 동구
전국도시공원정보표준데이터,https://www.data.go.kr/data/15012890/standard.do,2025-02-21,place,지원2,소공원,광주광역시 동구,광주광역시 동구 용산동 226,35.11908285,126.930703,"지원2은(는) 소공원으로, 아이의 생활권 동화 배경으로 사용할 수 있다.",아이의 집 주변 산책·탐험 동화 배경,"공원에서 색깔, 나무, 놀이시설을 찾아보는 관찰 미션",4-7;8-10,공원;소공원,29110-00027,지원2,소공원,,광주광역시 동구 용산동 226,603,,,,,,2011-11-15,광주광역시 동구청,062-608-2965,2025-02-21,3590000,광주광역시 동구
전국도시공원정보표준데이터,https://www.data.go.kr/data/15012890/standard.do,2025-02-21,place,동명2-1,소공원,광주광역시 동구,광주광역시 동구 동명동 181-1,35.15270011,126.925899,"동명2-1은(는) 소공원으로, 아이의 생활권 동화 배경으로 사용할 수 있다.",아이의 집 주변 산책·탐험 동화 배경,"공원에서 색깔, 나무, 놀이시설을 찾아보는 관찰 미션",4-7;8-10,공원;소공원,29110-00028,동명2-1,소공원,,광주광역시 동구 동명동 181-1,988.1,,,,,,2012-06-15,광주광역시 동구청,062-608-2965,2025-02-21,3590000,광주광역시 동구
전국도시공원정보표준데이터,https://www.data.go.kr/data/15012890/standard.do,2025-02-21,place,동명2-2,소공원,광주광역시 동구,광주광역시 동구 동명동 207-70,35.152636,126.924836,"동명2-2은(는) 소공원으로, 아이의 생활권 동화 배경으로 사용할 수 있다.",아이의 집 주변 산책·탐험 동화 배경,"공원에서 색깔, 나무, 놀이시설을 찾아보는 관찰 미션",4-7;8-10,공원;소공원,29110-00029,동명2-2,소공원,,광주광역시 동구 동명동 207-70,104.5,,,,,,2013-04-15,광주광역시 동구청,062-608-2965,2025-02-21,3590000,광주광역시 동구
전국도시공원정보표준데이터,https://www.data.go.kr/data/15012890/standard.do,2025-02-21,place,계림2-1,소공원,광주광역시 동구,광주광역시 동구 계림동 1873,35.16150481,126.9241797,"계림2-1은(는) 소공원으로, 아이의 생활권 동화 배경으로 사용할 수 있다.",아이의 집 주변 산책·탐험 동화 배경,"공원에서 색깔, 나무, 놀이시설을 찾아보는 관찰 미션",4-7;8-10,공원;소공원,29110-00030,계림2-1,소공원,,광주광역시 동구 계림동 1873,5005.7,,,,,,2013-03-15,광주광역시 동구청,062-608-2965,2025-02-21,3590000,광주광역시 동구
전국도시공원정보표준데이터,https://www.data.go.kr/data/15012890/standard.do,2025-02-21,place,지원3-1,소공원,광주광역시 동구,광주광역시 동구 소태길 31-12 (소태동),35.12123006,126.9357376,"지원3-1은(는) 소공원으로, 아이의 생활권 동화 배경으로 사용할 수 있다.",아이의 집 주변 산책·탐험 동화 배경,"공원에서 색깔, 나무, 놀이시설을 찾아보는 관찰 미션",4-7;8-10,공원;소공원,29110-00031,지원3-1,소공원,광주광역시 동구 소태길 31-12 (소태동),광주광역시 동구 소태동 230,596,,,,,,2013-10-01,광주광역시 동구청,062-608-2965,2025-02-21,3590000,광주광역시 동구
전국도시공원정보표준데이터,https://www.data.go.kr/data/15012890/standard.do,2025-02-21,place,지원3-2,소공원,광주광역시 동구,광주광역시 동구 소태동 303,35.12121592,126.936784,"지원3-2은(는) 소공원으로, 아이의 생활권 동화 배경으로 사용할 수 있다.",아이의 집 주변 산책·탐험 동화 배경,"공원에서 색깔, 나무, 놀이시설을 찾아보는 관찰 미션",4-7;8-10,공원;소공원,29110-00032,지원3-2,소공원,,광주광역시 동구 소태동 303,459,,,,,,2013-10-01,광주광역시 동구청,062-608-2965,2025-02-21,3590000,광주광역시 동구
전국도시공원정보표준데이터,https://www.data.go.kr/data/15012890/standard.do,2025-02-21,place,지원1-1,소공원,광주광역시 동구,광주광역시 동구 용산동 276-2,35.122048,126.932528,"지원1-1은(는) 소공원으로, 아이의 생활권 동화 배경으로 사용할 수 있다.",아이의 집 주변 산책·탐험 동화 배경,"공원에서 색깔, 나무, 놀이시설을 찾아보는 관찰 미션",4-7;8-10,공원;소공원,29110-00033,지원1-1,소공원,,광주광역시 동구 용산동 276-2,544,,,,,,2012-03-01,광주광역시 동구청,062-608-2965,2025-02-21,3590000,광주광역시 동구
전국도시공원정보표준데이터,https://www.data.go.kr/data/15012890/standard.do,2025-02-21,place,지원1-2,소공원,광주광역시 동구,광주광역시 동구 용산동 298-27,35.125408,126.930531,"지원1-2은(는) 소공원으로, 아이의 생활권 동화 배경으로 사용할 수 있다.",아이의 집 주변 산책·탐험 동화 배경,"공원에서 색깔, 나무, 놀이시설을 찾아보는 관찰 미션",4-7;8-10,공원;소공원,29110-00034,지원1-2,소공원,,광주광역시 동구 용산동 298-27,1238,,,,,,2016-05-01,광주광역시 동구청,062-608-2965,2025-02-21,3590000,광주광역시 동구
전국도시공원정보표준데이터,https://www.data.go.kr/data/15012890/standard.do,2025-02-21,place,지원1-3,소공원,광주광역시 동구,광주광역시 동구 용산동 293-3,35.125313,126.930964,"지원1-3은(는) 소공원으로, 아이의 생활권 동화 배경으로 사용할 수 있다.",아이의 집 주변 산책·탐험 동화 배경,"공원에서 색깔, 나무, 놀이시설을 찾아보는 관찰 미션",4-7;8-10,공원;소공원,29110-00035,지원1-3,소공원,,광주광역시 동구 용산동 293-3,551,,,,,,2016-05-01,광주광역시 동구청,062-608-2965,2025-02-21,3590000,광주광역시 동구
전국도시공원정보표준데이터,https://www.data.go.kr/data/15012890/standard.do,2025-02-21,place,지원1-4,소공원,광주광역시 동구,광주광역시 동구 용산동 636-3,35.122524,126.9316854,"지원1-4은(는) 소공원으로, 아이의 생활권 동화 배경으로 사용할 수 있다.",아이의 집 주변 산책·탐험 동화 배경,"공원에서 색깔, 나무, 놀이시설을 찾아보는 관찰 미션",4-7;8-10,공원;소공원,29110-00036,지원1-4,소공원,,광주광역시 동구 용산동 636-3,570,,,,,,2016-05-01,광주광역시 동구청,062-608-2965,2025-02-21,3590000,광주광역시 동구
전국도시공원정보표준데이터,https://www.data.go.kr/data/15012890/standard.do,2025-02-21,place,미량1,소공원,광주광역시 동구,광주광역시 동구 학동 706,35.1337463,126.9326147,"미량1은(는) 소공원으로, 아이의 생활권 동화 배경으로 사용할 수 있다.",아이의 집 주변 산책·탐험 동화 배경,"공원에서 색깔, 나무, 놀이시설을 찾아보는 관찰 미션",4-7;8-10,공원;소공원,29110-00037,미량1,소공원,,광주광역시 동구 학동 706,125,,,,,,2017-08-01,광주광역시 동구청,062-608-2965,2025-02-21,3590000,광주광역시 동구
전국도시공원정보표준데이터,https://www.data.go.kr/data/15012890/standard.do,2025-02-21,place,미량2,소공원,광주광역시 동구,광주광역시 동구 학동 692,35.1343115,126.9319398,"미량2은(는) 소공원으로, 아이의 생활권 동화 배경으로 사용할 수 있다.",아이의 집 주변 산책·탐험 동화 배경,"공원에서 색깔, 나무, 놀이시설을 찾아보는 관찰 미션",4-7;8-10,공원;소공원,29110-00038,미량2,소공원,,광주광역시 동구 학동 692,78,,,,,,2017-08-01,광주광역시 동구청,062-608-2965,2025-02-21,3590000,광주광역시 동구
전국도시공원정보표준데이터,https://www.data.go.kr/data/15012890/standard.do,2025-02-21,place,내남1,소공원,광주광역시 동구,광주광역시 동구 내남동 900,35.0926208,126.940714,"내남1은(는) 소공원으로, 아이의 생활권 동화 배경으로 사용할 수 있다.",아이의 집 주변 산책·탐험 동화 배경,"공원에서 색깔, 나무, 놀이시설을 찾아보는 관찰 미션",4-7;8-10,공원;소공원,29110-00039,내남1,소공원,,광주광역시 동구 내남동 900,726,,,,,,2016-10-21,광주광역시 동구청,062-608-2965,2025-02-21,3590000,광주광역시 동구
전국도시공원정보표준데이터,https://www.data.go.kr/data/15012890/standard.do,2025-02-21,place,내남2,소공원,광주광역시 동구,광주광역시 동구 내남동 901,35.09187217,126.9394753,"내남2은(는) 소공원으로, 아이의 생활권 동화 배경으로 사용할 수 있다.",아이의 집 주변 산책·탐험 동화 배경,"공원에서 색깔, 나무, 놀이시설을 찾아보는 관찰 미션",4-7;8-10,공원;소공원,29110-00040,내남2,소공원,,광주광역시 동구 내남동 901,3776,,,,,,2016-10-21,광주광역시 동구청,062-608-2965,2025-02-21,3590000,광주광역시 동구
전국도시공원정보표준데이터,https://www.data.go.kr/data/15012890/standard.do,2025-04-02,place,풀잎,어린이공원,서울특별시 강서구,서울특별시 강서구 공항동 705,37.556989,126.816565,"풀잎은(는) 어린이공원으로, 아이의 생활권 동화 배경으로 사용할 수 있다.",아이의 집 주변 산책·탐험 동화 배경,어린이놀이시설,4-7;8-10,공원;어린이공원;어린이놀이시설,11500-00135,풀잎,어린이공원,,서울특별시 강서구 공항동 705,1945,,어린이놀이시설,,,,,서울특별시 강서구청,02-2600-4267,2025-04-02,3150000,서울특별시 강서구
전국도시공원정보표준데이터,https://www.data.go.kr/data/15012890/standard.do,2025-04-02,place,푸르미,어린이공원,서울특별시 강서구,서울특별시 강서구 마곡동 316-1,37.570478,126.825219,"푸르미은(는) 어린이공원으로, 아이의 생활권 동화 배경으로 사용할 수 있다.",아이의 집 주변 산책·탐험 동화 배경,어린이놀이시설,4-7;8-10,공원;어린이공원;어린이놀이시설,11500-00136,푸르미,어린이공원,,서울특별시 강서구 마곡동 316-1,1494,,어린이놀이시설,음수대,,,,서울특별시 강서구청,02-2600-4267,2025-04-02,3150000,서울특별시 강서구
전국도시공원정보표준데이터,https://www.data.go.kr/data/15012890/standard.do,2025-04-02,place,예솔,어린이공원,서울특별시 강서구,서울특별시 강서구 마곡동 397-1,37.563629,126.822694,"예솔은(는) 어린이공원으로, 아이의 생활권 동화 배경으로 사용할 수 있다.",아이의 집 주변 산책·탐험 동화 배경,수경시설+어린이놀이시설,4-7;8-10,공원;어린이공원;수경시설+어린이놀이시설,11500-00137,예솔,어린이공원,,서울특별시 강서구 마곡동 397-1,864,,수경시설+어린이놀이시설,음수대,,,,서울특별시 강서구청,02-2600-4267,2025-04-02,3150000,서울특별시 강서구
전국도시공원정보표준데이터,https://www.data.go.kr/data/15012890/standard.do,2025-04-02,place,솔,어린이공원,서울특별시 강서구,서울특별시 강서구 외발산동 69-1,37.555856,126.825767,"솔은(는) 어린이공원으로, 아이의 생활권 동화 배경으로 사용할 수 있다.",아이의 집 주변 산책·탐험 동화 배경,어린이놀이시설,4-7;8-10,공원;어린이공원;어린이놀이시설,11500-00138,솔,어린이공원,,서울특별시 강서구 외발산동 69-1,2000,,어린이놀이시설,음수대,,,,서울특별시 강서구청,02-2600-4267,2025-04-02,3150000,서울특별시 강서구
전국도시공원정보표준데이터,https://www.data.go.kr/data/15012890/standard.do,2025-04-02,place,햇빛,어린이공원,서울특별시 강서구,서울특별시 강서구 내발산동 384-2,37.555822,126.826886,"햇빛은(는) 어린이공원으로, 아이의 생활권 동화 배경으로 사용할 수 있다.",아이의 집 주변 산책·탐험 동화 배경,어린이놀이시설,4-7;8-10,공원;어린이공원;어린이놀이시설,11500-00139,햇빛,어린이공원,,서울특별시 강서구 내발산동 384-2,2066,,어린이놀이시설,음수대,,,,서울특별시 강서구청,02-2600-4267,2025-04-02,3150000,서울특별시 강서구
전국도시공원정보표준데이터,https://www.data.go.kr/data/15012890/standard.do,2025-04-02,place,마곡지구4호,근린공원,서울특별시 강서구,서울특별시 강서구 마곡동 811-5,37.568317,126.826463,"마곡지구4호은(는) 근린공원으로, 아이의 생활권 동화 배경으로 사용할 수 있다.",아이의 집 주변 산책·탐험 동화 배경,수경시설+어린이놀이시설,4-7;8-10,공원;근린공원;수경시설+어린이놀이시설,11500-00140,마곡지구4호,근린공원,,서울특별시 강서구 마곡동 811-5,35884,,수경시설+어린이놀이시설,화장실,,,,서울특별시 강서구청,02-2600-4186,2025-04-02,3150000,서울특별시 강서구
전국도시공원정보표준데이터,https://www.data.go.kr/data/15012890/standard.do,2025-04-02,place,푸른수명산,소공원,서울특별시 강서구,서울특별시 강서구 화곡동 1091-15,37.544175,126.830269,"푸른수명산은(는) 소공원으로, 아이의 생활권 동화 배경으로 사용할 수 있다.",아이의 집 주변 산책·탐험 동화 배경,"공원에서 색깔, 나무, 놀이시설을 찾아보는 관찰 미션",4-7;8-10,공원;소공원,11500-00141,푸른수명산,소공원,,서울특별시 강서구 화곡동 1091-15,822.9,,,,,,,서울특별시 강서구청,02-2600-4267,2025-04-02,3150000,서울특별시 강서구
전국도시공원정보표준데이터,https://www.data.go.kr/data/15012890/standard.do,2025-04-02,place,마곡,소공원,서울특별시 강서구,서울특별시 강서구 마곡동 737-16,37.56758598,126.8219651,"마곡은(는) 소공원으로, 아이의 생활권 동화 배경으로 사용할 수 있다.",아이의 집 주변 산책·탐험 동화 배경,"공원에서 색깔, 나무, 놀이시설을 찾아보는 관찰 미션",4-7;8-10,공원;소공원,11500-00142,마곡,소공원,,서울특별시 강서구 마곡동 737-16,1085.2,,,,,,,서울특별시 강서구청,02-2600-4267,2025-04-02,3150000,서울특별시 강서구
전국도시공원정보표준데이터,https://www.data.go.kr/data/15012890/standard.do,2025-04-02,place,염창,소공원,서울특별시 강서구염창동,서울특별시 강서구염창동 309-1,37.549839,126.8706462,"염창은(는) 소공원으로, 아이의 생활권 동화 배경으로 사용할 수 있다.",아이의 집 주변 산책·탐험 동화 배경,"공원에서 색깔, 나무, 놀이시설을 찾아보는 관찰 미션",4-7;8-10,공원;소공원,11500-00143,염창,소공원,,서울특별시 강서구염창동 309-1,1229.2,,,,,,,서울특별시 강서구청,02-2600-4267,2025-04-02,3150000,서울특별시 강서구
전국도시공원정보표준데이터,https://www.data.go.kr/data/15012890/standard.do,2025-04-02,place,염창2,소공원,서울특별시 강서구염창동,서울특별시 강서구염창동 306-1,37.551722,126.873857,"염창2은(는) 소공원으로, 아이의 생활권 동화 배경으로 사용할 수 있다.",아이의 집 주변 산책·탐험 동화 배경,"공원에서 색깔, 나무, 놀이시설을 찾아보는 관찰 미션",4-7;8-10,공원;소공원,11500-00144,염창2,소공원,,서울특별시 강서구염창동 306-1,272.5,,,,,,,서울특별시 강서구청,02-2600-4267,2025-04-02,3150000,서울특별시 강서구
전국도시공원정보표준데이터,https://www.data.go.kr/data/15012890/standard.do,2025-04-02,place,탑산(가양동),문화공원,서울특별시 강서구가양동,서울특별시 강서구가양동 1499,37.566194,126.846336,"탑산(가양동)은(는) 문화공원으로, 아이의 생활권 동화 배경으로 사용할 수 있다.",아이의 집 주변 산책·탐험 동화 배경,수경시설; 운동기구,4-7;8-10,공원;문화공원;수경시설;운동기구,11500-00145,탑산(가양동),문화공원,,서울특별시 강서구가양동 1499,3783.8,운동기구,수경시설,음수대,,,,서울특별시 강서구청,02-2600-4267,2025-04-02,3150000,서울특별시 강서구
전국도시공원정보표준데이터,https://www.data.go.kr/data/15012890/standard.do,2025-04-02,place,새개,문화공원,서울특별시 강서구마곡동,서울특별시 강서구마곡동 800-7,37.558287,126.8301253,"새개은(는) 문화공원으로, 아이의 생활권 동화 배경으로 사용할 수 있다.",아이의 집 주변 산책·탐험 동화 배경,운동기구,4-7;8-10,공원;문화공원;운동기구,11500-00146,새개,문화공원,,서울특별시 강서구마곡동 800-7,3836.6,운동기구,,,,,,서울특별시 강서구청,02-2600-4267,2025-04-02,3150000,서울특별시 강서구
전국도시공원정보표준데이터,https://www.data.go.kr/data/15012890/standard.do,2025-04-02,place,놋다리,문화공원,서울특별시 강서구마곡동,서울특별시 강서구마곡동 790-6,37.562055,126.8363266,"놋다리은(는) 문화공원으로, 아이의 생활권 동화 배경으로 사용할 수 있다.",아이의 집 주변 산책·탐험 동화 배경,운동기구,4-7;8-10,공원;문화공원;운동기구,11500-00147,놋다리,문화공원,,서울특별시 강서구마곡동 790-6,2574.7,운동기구,,,,,,서울특별시 강서구청,02-2600-4267,2025-04-02,3150000,서울특별시 강서구
전국도시공원정보표준데이터,https://www.data.go.kr/data/15012890/standard.do,2025-04-02,place,똘고랑,문화공원,서울특별시 강서구,서울특별시 강서구 마곡동 756-4,37.57072504,126.8279071,"똘고랑은(는) 문화공원으로, 아이의 생활권 동화 배경으로 사용할 수 있다.",아이의 집 주변 산책·탐험 동화 배경,운동기구,4-7;8-10,공원;문화공원;운동기구,11500-00148,똘고랑,문화공원,,서울특별시 강서구 마곡동 756-4,3089.9,운동기구,,,,,,서울특별시 강서구청,02-2600-4267,2025-04-02,3150000,서울특별시 강서구
전국도시공원정보표준데이터,https://www.data.go.kr/data/15012890/standard.do,2025-04-02,place,선두암,문화공원,서울특별시 강서구,서울특별시 강서구 마곡동 778-4,37.56729616,126.8382088,"선두암은(는) 문화공원으로, 아이의 생활권 동화 배경으로 사용할 수 있다.",아이의 집 주변 산책·탐험 동화 배경,"공원에서 색깔, 나무, 놀이시설을 찾아보는 관찰 미션",4-7;8-10,공원;문화공원,11500-00149,선두암,문화공원,,서울특별시 강서구 마곡동 778-4,2581.3,,,,,,,서울특별시 강서구청,02-2600-4267,2025-04-02,3150000,서울특별시 강서구
전국도시공원정보표준데이터,https://www.data.go.kr/data/15012890/standard.do,2025-04-02,place,한다리,문화공원,서울특별시 강서구,서울특별시 강서구 마곡동 727-1038,37.5610600,126.8303690,"한다리은(는) 문화공원으로, 아이의 생활권 동화 배경으로 사용할 수 있다.",아이의 집 주변 산책·탐험 동화 배경,"공원에서 색깔, 나무, 놀이시설을 찾아보는 관찰 미션",4-7;8-10,공원;문화공원,11500-00150,한다리,문화공원,,서울특별시 강서구 마곡동 727-1038,8298,,,,,,,서울특별시 강서구청,02-2600-4267,2025-04-02,3150000,서울특별시 강서구
전국도시공원정보표준데이터,https://www.data.go.kr/data/15012890/standard.do,2025-04-02,place,가로공원1호,기타,서울특별시 강서구,서울특별시 강서구 마곡동 797-5,37.559061,126.837242,"가로공원1호은(는) 기타으로, 아이의 생활권 동화 배경으로 사용할 수 있다.",아이의 집 주변 산책·탐험 동화 배경,"공원에서 색깔, 나무, 놀이시설을 찾아보는 관찰 미션",4-7;8-10,공원;기타,11500-00151,가로공원1호,기타,,서울특별시 강서구 마곡동 797-5,2618.5,,,,,,,서울특별시 강서구청,02-2600-4267,2025-04-02,3150000,서울특별시 강서구
전국도시공원정보표준데이터,https://www.data.go.kr/data/15012890/standard.do,2025-02-21,place,푸른길,근린공원,광주광역시 동구,광주광역시 동구 제봉로 7 (학동),35.138933,126.9218729,"푸른길은(는) 근린공원으로, 아이의 생활권 동화 배경으로 사용할 수 있다.",아이의 집 주변 산책·탐험 동화 배경,"공원에서 색깔, 나무, 놀이시설을 찾아보는 관찰 미션",4-7;8-10,공원;근린공원,29110-00001,푸른길,근린공원,광주광역시 동구 제봉로 7 (학동),광주광역시 동구 학동 55-151,58205.8,,,,,광장,2002-05-07,광주광역시 동구청,062-608-2965,2025-02-21,3590000,광주광역시 동구
전국도시공원정보표준데이터,https://www.data.go.kr/data/15012890/standard.do,2025-02-21,place,산수,근린공원,광주광역시 동구,광주광역시 동구 산수동 401-1,35.15478679,126.9292655,"산수은(는) 근린공원으로, 아이의 생활권 동화 배경으로 사용할 수 있다.",아이의 집 주변 산책·탐험 동화 배경,"공원에서 색깔, 나무, 놀이시설을 찾아보는 관찰 미션",4-7;8-10,공원;근린공원,29110-00002,산수,근린공원,,광주광역시 동구 산수동 401-1,19691,,,,,,1967-02-20,광주광역시립산수도서관,062-608-7822,2025-02-21,3590000,광주광역시 동구
전국도시공원정보표준데이터,https://www.data.go.kr/data/15012890/standard.do,2025-02-21,place,금남로,근린공원,광주광역시 동구,광주광역시 동구 금남로3가 20-2,35.14966953,126.9156302,"금남로은(는) 근린공원으로, 아이의 생활권 동화 배경으로 사용할 수 있다.",아이의 집 주변 산책·탐험 동화 배경,야외무대,4-7;8-10,공원;근린공원;야외무대,29110-00003,금남로,근린공원,,광주광역시 동구 금남로3가 20-2,3489.8,,,화장실,야외무대,,2003-11-15,광주광역시 동구청,062-608-2965,2025-02-21,3590000,광주광역시 동구
전국도시공원정보표준데이터,https://www.data.go.kr/data/15012890/standard.do,2025-02-21,place,두암제2,근린공원,광주광역시 동구,광주광역시 동구 갈마로 68 (산수동),35.16158847,126.9379859,"두암제2은(는) 근린공원으로, 아이의 생활권 동화 배경으로 사용할 수 있다.",아이의 집 주변 산책·탐험 동화 배경,"조합놀이대, 시소; 다목적운동장",4-7;8-10,공원;근린공원;조합놀이대;시소;다목적운동장,29110-00004,두암제2,근린공원,광주광역시 동구 갈마로 68 (산수동),광주광역시 동구 산수동 687,10000.6,다목적운동장,"조합놀이대, 시소",화장실,,광장,1991-10-24,광주광역시 동구청,062-608-2965,2025-02-21,3590000,광주광역시 동구
전국도시공원정보표준데이터,https://www.data.go.kr/data/15012890/standard.do,2025-02-21,place,용산,근린공원,광주광역시 동구,광주광역시 동구 용산1길 2,35.11967302,126.9241534,"용산은(는) 근린공원으로, 아이의 생활권 동화 배경으로 사용할 수 있다.",아이의 집 주변 산책·탐험 동화 배경,"공원에서 색깔, 나무, 놀이시설을 찾아보는 관찰 미션",4-7;8-10,공원;근린공원,29110-00005,용산,근린공원,광주광역시 동구 용산1길 2,광주광역시 동구 용산동 323,14482,,,,,,2006-12-29,광주광역시 동구청,062-608-2965,2025-02-21,3590000,광주광역시 동구
전국도시공원정보표준데이터,https://www.data.go.kr/data/15012890/standard.do,2025-02-21,place,산수제1,어린이공원,광주광역시 동구,광주광역시 동구 산수동 568-2,35.15882516,126.934946,"산수제1은(는) 어린이공원으로, 아이의 생활권 동화 배경으로 사용할 수 있다.",아이의 집 주변 산책·탐험 동화 배경,"조합놀이대, 그네",4-7;8-10,공원;어린이공원;조합놀이대;그네,29110-00006,산수제1,어린이공원,,광주광역시 동구 산수동 568-2,2500,,"조합놀이대, 그네",,,,1990-12-12,광주광역시 동구청,062-608-2965,2025-02-21,3590000,광주광역시 동구
전국도시공원정보표준데이터,https://www.data.go.kr/data/15012890/standard.do,2025-02-21,place,무량,어린이공원,광주광역시 동구,광주광역시 동구 운림동 656-1,35.13262277,126.9431535,"무량은(는) 어린이공원으로, 아이의 생활권 동화 배경으로 사용할 수 있다.",아이의 집 주변 산책·탐험 동화 배경,흔들놀이기구,4-7;8-10,공원;어린이공원;흔들놀이기구,29110-00007,무량,어린이공원,,광주광역시 동구 운림동 656-1,2200,,흔들놀이기구,,,,1990-12-12,광주광역시 동구청,062-608-2965,2025-02-21,3590000,광주광역시 동구
전국도시공원정보표준데이터,https://www.data.go.kr/data/15012890/standard.do,2025-02-21,place,계림제1,어린이공원,광주광역시 동구,광주광역시 동구 계림동 53,35.158524,126.925015,"계림제1은(는) 어린이공원으로, 아이의 생활권 동화 배경으로 사용할 수 있다.",아이의 집 주변 산책·탐험 동화 배경,"조합놀이대, 흔들놀이기구",4-7;8-10,공원;어린이공원;조합놀이대;흔들놀이기구,29110-00008,계림제1,어린이공원,,광주광역시 동구 계림동 53,750,,"조합놀이대, 흔들놀이기구",,,,2001-01-10,광주광역시 동구청,062-608-2965,2025-02-21,3590000,광주광역시 동구
전국도시공원정보표준데이터,https://www.data.go.kr/data/15012890/standard.do,2025-02-21,place,무지개,어린이공원,광주광역시 동구,광주광역시 동구 운림동 693,35.130862,126.944456,"무지개은(는) 어린이공원으로, 아이의 생활권 동화 배경으로 사용할 수 있다.",아이의 집 주변 산책·탐험 동화 배경,"조합놀이대, 그네",4-7;8-10,공원;어린이공원;조합놀이대;그네,29110-00009,무지개,어린이공원,,광주광역시 동구 운림동 693,2132.8,,"조합놀이대, 그네",,,,2006-06-05,광주광역시 동구청,062-608-2965,2025-02-21,3590000,광주광역시 동구
전국도시공원정보표준데이터,https://www.data.go.kr/data/15012890/standard.do,2025-02-21,place,학머리,어린이공원,광주광역시 동구,광주광역시 동구 학동 625,35.135958,126.9269173,"학머리은(는) 어린이공원으로, 아이의 생활권 동화 배경으로 사용할 수 있다.",아이의 집 주변 산책·탐험 동화 배경,"미끄럼틀, 회전놀이기구, 흔들놀이기구",4-7;8-10,공원;어린이공원;미끄럼틀;회전놀이기구;흔들놀이기구,29110-00010,학머리,어린이공원,,광주광역시 동구 학동 625,2102.6,,"미끄럼틀, 회전놀이기구, 흔들놀이기구",,,,2001-12-17,광주광역시 동구청,062-608-2965,2025-02-21,3590000,광주광역시 동구
전국도시공원정보표준데이터,https://www.data.go.kr/data/15012890/standard.do,2025-02-21,place,풍향,어린이공원,광주광역시 동구,광주광역시 동구 계림동 1730,35.160909,126.927968,"풍향은(는) 어린이공원으로, 아이의 생활권 동화 배경으로 사용할 수 있다.",아이의 집 주변 산책·탐험 동화 배경,"조합놀이대, 흔들놀이기구",4-7;8-10,공원;어린이공원;조합놀이대;흔들놀이기구,29110-00011,풍향,어린이공원,,광주광역시 동구 계림동 1730,2500,,"조합놀이대, 흔들놀이기구",,,,1968-03-05,광주광역시 동구청,062-608-2965,2025-02-21,3590000,광주광역시 동구
전국도시공원정보표준데이터,https://www.data.go.kr/data/15012890/standard.do,2025-05-28,place,방울샘,어린이공원,대전광역시 서구,대전광역시 서구 복수동 752,36.29766824,127.376469,"방울샘은(는) 어린이공원으로, 아이의 생활권 동화 배경으로 사용할 수 있다.",아이의 집 주변 산책·탐험 동화 배경,조합놀이대외5종; 체력단련시설,4-7;8-10,공원;어린이공원;조합놀이대외5종;체력단련시설,30170-00078,방울샘,어린이공원,,대전광역시 서구 복수동 752,1852.6,체력단련시설,조합놀이대외5종,,,공원등5주 외6종,1996-06-25,대전광역시 서구청,042-288-3623,2025-05-28,3660000,대전광역시 서구
전국도시공원정보표준데이터,https://www.data.go.kr/data/15012890/standard.do,2024-05-07,place,오천복지,어린이공원,경상북도 포항시,경상북도 포항시 남구 오천읍 원리 987,35.9657193159,129.408228,"오천복지은(는) 어린이공원으로, 아이의 생활권 동화 배경으로 사용할 수 있다.",아이의 집 주변 산책·탐험 동화 배경,조합놀이대,4-7;8-10,공원;어린이공원;조합놀이대,47111-00059,오천복지,어린이공원,,경상북도 포항시 남구 오천읍 원리 987,2891,,조합놀이대,평의자+등의자,,,1997-10-17,경상북도 포항시 공원과,054-270-5735,2024-05-07,5020000,경상북도 포항시
전국도시공원정보표준데이터,https://www.data.go.kr/data/15012890/standard.do,2024-05-07,place,원동 땅공원,어린이공원,경상북도 포항시,경상북도 포항시 남구 오천읍 원리565-1,35.981742,129.400711,"원동 땅공원은(는) 어린이공원으로, 아이의 생활권 동화 배경으로 사용할 수 있다.",아이의 집 주변 산책·탐험 동화 배경,어린이놀이시설,4-7;8-10,공원;어린이공원;어린이놀이시설,47111-00060,원동 땅공원,어린이공원,,경상북도 포항시 남구 오천읍 원리565-1,1500,,어린이놀이시설,등의자+평의자,,,2001-10-30,경상북도 포항시 공원과,054-270-5735,2024-05-07,5020000,경상북도 포항시
전국도시공원정보표준데이터,https://www.data.go.kr/data/15012890/standard.do,2024-05-07,place,이동사랑,어린이공원,경상북도 포항시,경상북도 포항시 남구 이동 650,36.029667,129.337668,"이동사랑은(는) 어린이공원으로, 아이의 생활권 동화 배경으로 사용할 수 있다.",아이의 집 주변 산책·탐험 동화 배경,조합놀이대+미끄럼틀; 운동기구,4-7;8-10,공원;어린이공원;조합놀이대+미끄럼틀;운동기구,47111-00061,이동사랑,어린이공원,,경상북도 포항시 남구 이동 650,4417,운동기구,조합놀이대+미끄럼틀,파고라+평의자+등의자,,,1994-06-07,경상북도 포항시 공원과,054-270-5735,2024-05-07,5020000,경상북도 포항시
전국도시공원정보표준데이터,https://www.data.go.kr/data/15012890/standard.do,2024-05-07,place,이동이화,어린이공원,경상북도 포항시,경상북도 포항시 남구 대이로127번길 12-10,36.027085,129.339531,"이동이화은(는) 어린이공원으로, 아이의 생활권 동화 배경으로 사용할 수 있다.",아이의 집 주변 산책·탐험 동화 배경,조합놀이대; 배드민턴장+운동기구,4-7;8-10,공원;어린이공원;조합놀이대;배드민턴장+운동기구,47111-00062,이동이화,어린이공원,경상북도 포항시 남구 대이로127번길 12-10,경상북도 포항시 남구 이동 659,6602.2,배드민턴장+운동기구,조합놀이대,화장실+파고라+평의자,,,1964-06-07,경상북도 포항시 공원과,054-270-5735,2024-05-07,5020000,경상북도 포항시
전국도시공원정보표준데이터,https://www.data.go.kr/data/15012890/standard.do,2024-05-07,place,원동 바다공원,어린이공원,경상북도 포항시,경상북도 포항시 남구 인덕동 349,35.984801,129.399601,"원동 바다공원은(는) 어린이공원으로, 아이의 생활권 동화 배경으로 사용할 수 있다.",아이의 집 주변 산책·탐험 동화 배경,어린이놀이시설,4-7;8-10,공원;어린이공원;어린이놀이시설,47111-00063,원동 바다공원,어린이공원,,경상북도 포항시 남구 인덕동 349,3987,,어린이놀이시설,등의자+평의자,,,2001-10-30,경상북도 포항시 공원과,054-270-5735,2024-05-07,5020000,경상북도 포항시
전국도시공원정보표준데이터,https://www.data.go.kr/data/15012890/standard.do,2024-05-07,place,청림일월,어린이공원,경상북도 포항시,경상북도 포항시 남구 청림동길 56,35.993923,129.4204392,"청림일월은(는) 어린이공원으로, 아이의 생활권 동화 배경으로 사용할 수 있다.",아이의 집 주변 산책·탐험 동화 배경,조합놀이대; 운동기구,4-7;8-10,공원;어린이공원;조합놀이대;운동기구,47111-00064,청림일월,어린이공원,경상북도 포항시 남구 청림동길 56,경상북도 포항시 남구 일월동 679-277,2390,운동기구,조합놀이대,정자+등의자+ 평의자,,,1993-07-26,경상북도 포항시 공원과,054-270-5735,2024-05-07,5020000,경상북도 포항시
전국도시공원정보표준데이터,https://www.data.go.kr/data/15012890/standard.do,2024-05-07,place,지곡라근린공원(체육공원),근린공원,경상북도 포항시,경상북도 포항시 남구 지곡동 470,36.0330028609,129.3211485428,"지곡라근린공원(체육공원)은(는) 근린공원으로, 아이의 생활권 동화 배경으로 사용할 수 있다.",아이의 집 주변 산책·탐험 동화 배경,농구장+게이트볼장+족구장+인라인장+테니스장+운동기구,4-7;8-10,공원;근린공원;농구장+게이트볼장+족구장+인라인장+테니스장+운동기구,47111-00065,지곡라근린공원(체육공원),근린공원,,경상북도 포항시 남구 지곡동 470,13947,농구장+게이트볼장+족구장+인라인장+테니스장+운동기구,,화장실+음수대+먼지떨이+주차장+자전거 보관소,,,2000-06-27,경상북도 포항시 공원과,054-270-5735,2024-05-07,5020000,경상북도 포항시
전국도시공원정보표준데이터,https://www.data.go.kr/data/15012890/standard.do,2024-05-07,place,지곡체육,어린이공원,경상북도 포항시,경상북도 포항시 남구 지곡동 470-1,36.033112,129.320351,"지곡체육은(는) 어린이공원으로, 아이의 생활권 동화 배경으로 사용할 수 있다.",아이의 집 주변 산책·탐험 동화 배경,조합놀이대,4-7;8-10,공원;어린이공원;조합놀이대,47111-00066,지곡체육,어린이공원,,경상북도 포항시 남구 지곡동 470-1,2800.2,,조합놀이대,등의자,,,1992-09-02,경상북도 포항시 공원과,054-270-5735,2024-05-07,5020000,경상북도 포항시
전국도시공원정보표준데이터,https://www.data.go.kr/data/15012890/standard.do,2024-05-07,place,지곡중앙,어린이공원,경상북도 포항시,경상북도 포항시 남구 지곡동 471-1,36.031001,129.323056,"지곡중앙은(는) 어린이공원으로, 아이의 생활권 동화 배경으로 사용할 수 있다.",아이의 집 주변 산책·탐험 동화 배경,조합놀이대+흔들놀이,4-7;8-10,공원;어린이공원;조합놀이대+흔들놀이,47111-00067,지곡중앙,어린이공원,,경상북도 포항시 남구 지곡동 471-1,2412.6,,조합놀이대+흔들놀이,화장실+ 음수대+정자+등의자,,,1992-09-02,경상북도 포항시 공원과,054-270-5735,2024-05-07,5020000,경상북도 포항시
전국도시공원정보표준데이터,https://www.data.go.kr/data/15012890/standard.do,2024-05-07,place,지곡마근린공원,근린공원,경상북도 포항시,경상북도 포항시 남구 지곡동 485,36.0262084572,129.3244391104,"지곡마근린공원은(는) 근린공원으로, 아이의 생활권 동화 배경으로 사용할 수 있다.",아이의 집 주변 산책·탐험 동화 배경,"공원에서 색깔, 나무, 놀이시설을 찾아보는 관찰 미션",4-7;8-10,공원;근린공원,47111-00068,지곡마근린공원,근린공원,,경상북도 포항시 남구 지곡동 485,13720,,,등의자+ 평의자,,,1993-03-16,경상북도 포항시 공원과,054-270-5735,2024-05-07,5020000,경상북도 포항시
전국도시공원정보표준데이터,https://www.data.go.kr/data/15012890/standard.do,2024-05-07,place,지곡그린빌라,어린이공원,경상북도 포항시,경상북도 포항시 남구 지곡동 642-1,36.029059,129.317709,"지곡그린빌라은(는) 어린이공원으로, 아이의 생활권 동화 배경으로 사용할 수 있다.",아이의 집 주변 산책·탐험 동화 배경,조합놀이대; 운동기구,4-7;8-10,공원;어린이공원;조합놀이대;운동기구,47111-00069,지곡그린빌라,어린이공원,,경상북도 포항시 남구 지곡동 642-1,1594,운동기구,조합놀이대,파고라+평의자,,,1992-09-02,경상북도 포항시 공원과,054-270-5735,2024-05-07,5020000,경상북도 포항시
전국도시공원정보표준데이터,https://www.data.go.kr/data/15012890/standard.do,2024-05-07,place,지곡근린공원,근린공원,경상북도 포항시,경상북도 포항시 남구 지곡동 653-1,36.027679,129.321846,"지곡근린공원은(는) 근린공원으로, 아이의 생활권 동화 배경으로 사용할 수 있다.",아이의 집 주변 산책·탐험 동화 배경,운동기구,4-7;8-10,공원;근린공원;운동기구,47111-00070,지곡근린공원,근린공원,,경상북도 포항시 남구 지곡동 653-1,53396,운동기구,,평의자,,,1992-08-27,경상북도 포항시 공원과,054-270-5735,2024-05-07,5020000,경상북도 포항시
전국도시공원정보표준데이터,https://www.data.go.kr/data/15012890/standard.do,2024-05-07,place,지곡스틸,어린이공원,경상북도 포항시,경상북도 포항시 남구 지곡동 965-1,36.033341,129.313441,"지곡스틸은(는) 어린이공원으로, 아이의 생활권 동화 배경으로 사용할 수 있다.",아이의 집 주변 산책·탐험 동화 배경,조합놀이대; 인라인장+운동기구,4-7;8-10,공원;어린이공원;조합놀이대;인라인장+운동기구,47111-00071,지곡스틸,어린이공원,,경상북도 포항시 남구 지곡동 965-1,3019.6,인라인장+운동기구,조합놀이대,정자+음수대+ 평의자,,,1999-05-13,경상북도 포항시 공원과,054-270-5735,2024-05-07,5020000,경상북도 포항시
전국도시공원정보표준데이터,https://www.data.go.kr/data/15012890/standard.do,2024-05-07,place,청림찬내,어린이공원,경상북도 포항시,경상북도 포항시 남구 청림동 1179-15,35.991228,129.404821,"청림찬내은(는) 어린이공원으로, 아이의 생활권 동화 배경으로 사용할 수 있다.",아이의 집 주변 산책·탐험 동화 배경,조합놀이대+그네+시소; 운동기구,4-7;8-10,공원;어린이공원;조합놀이대+그네+시소;운동기구,47111-00072,청림찬내,어린이공원,,경상북도 포항시 남구 청림동 1179-15,1500.2,운동기구,조합놀이대+그네+시소,정자+파고라+등의자+평의자,,,1988-08-20,경상북도 포항시 공원과,054-270-5735,2024-05-07,5020000,경상북도 포항시
전국도시공원정보표준데이터,https://www.data.go.kr/data/15012890/standard.do,2025-08-29,place,흰구름,어린이공원,서울특별시 강북구,서울특별시 강북구 수유2동 252-19,37.6455986,127.0205211,"흰구름은(는) 어린이공원으로, 아이의 생활권 동화 배경으로 사용할 수 있다.",아이의 집 주변 산책·탐험 동화 배경,조합놀이대+그네+시소,4-7;8-10,공원;어린이공원;조합놀이대+그네+시소,11305-00032,흰구름,어린이공원,,서울특별시 강북구 수유2동 252-19,1064,,조합놀이대+그네+시소,화장실,,,1965-07-08,서울특별시 강북구청,02-901-6954,2025-08-29,3080000,서울특별시 강북구
전국도시공원정보표준데이터,https://www.data.go.kr/data/15012890/standard.do,2025-08-29,place,희망,어린이공원,서울특별시 강북구,서울특별시 강북구 수유3동 194-41,37.6407466,127.0243466,"희망은(는) 어린이공원으로, 아이의 생활권 동화 배경으로 사용할 수 있다.",아이의 집 주변 산책·탐험 동화 배경,조합놀이대+그네,4-7;8-10,공원;어린이공원;조합놀이대+그네,11305-00033,희망,어린이공원,,서울특별시 강북구 수유3동 194-41,976.9,,조합놀이대+그네,,,,1965-11-08,서울특별시 강북구청,02-901-6954,2025-08-29,3080000,서울특별시 강북구
전국도시공원정보표준데이터,https://www.data.go.kr/data/15012890/standard.do,2025-08-29,place,은모루,어린이공원,서울특별시 강북구,서울특별시 강북구 수유3동 172-209,37.642469,127.0267036,"은모루은(는) 어린이공원으로, 아이의 생활권 동화 배경으로 사용할 수 있다.",아이의 집 주변 산책·탐험 동화 배경,조합놀이대+그네+시소,4-7;8-10,공원;어린이공원;조합놀이대+그네+시소,11305-00034,은모루,어린이공원,,서울특별시 강북구 수유3동 172-209,918,,조합놀이대+그네+시소,화장실,,,1965-11-08,서울특별시 강북구청,02-901-6954,2025-08-29,3080000,서울특별시 강북구
전국도시공원정보표준데이터,https://www.data.go.kr/data/15012890/standard.do,2025-08-29,place,소귀,어린이공원,서울특별시 강북구,서울특별시 강북구 수유3동 25-1,37.6385644,127.0186984,"소귀은(는) 어린이공원으로, 아이의 생활권 동화 배경으로 사용할 수 있다.",아이의 집 주변 산책·탐험 동화 배경,조합놀이대+그네+시소,4-7;8-10,공원;어린이공원;조합놀이대+그네+시소,11305-00035,소귀,어린이공원,,서울특별시 강북구 수유3동 25-1,961,,조합놀이대+그네+시소,,,,1965-11-08,서울특별시 강북구청,02-901-6954,2025-08-29,3080000,서울특별시 강북구
전국도시공원정보표준데이터,https://www.data.go.kr/data/15012890/standard.do,2025-08-29,place,상산,어린이공원,서울특별시 강북구,서울특별시 강북구 수유3동 224-4,37.6383561,127.0240152,"상산은(는) 어린이공원으로, 아이의 생활권 동화 배경으로 사용할 수 있다.",아이의 집 주변 산책·탐험 동화 배경,조합놀이대+그네+시소,4-7;8-10,공원;어린이공원;조합놀이대+그네+시소,11305-00036,상산,어린이공원,,서울특별시 강북구 수유3동 224-4,972.9,,조합놀이대+그네+시소,,,,1965-11-08,서울특별시 강북구청,02-901-6954,2025-08-29,3080000,서울특별시 강북구
전국도시공원정보표준데이터,https://www.data.go.kr/data/15012890/standard.do,2025-08-29,place,흰구름,소공원,서울특별시 강북구,서울특별시 강북구 수유2동 252-16,37.6459856,127.0204707,"흰구름은(는) 소공원으로, 아이의 생활권 동화 배경으로 사용할 수 있다.",아이의 집 주변 산책·탐험 동화 배경,"공원에서 색깔, 나무, 놀이시설을 찾아보는 관찰 미션",4-7;8-10,공원;소공원,11305-00037,흰구름,소공원,,서울특별시 강북구 수유2동 252-16,214,,,,,,1990-06-08,서울특별시 강북구청,02-901-6954,2025-08-29,3080000,서울특별시 강북구
전국도시공원정보표준데이터,https://www.data.go.kr/data/15012890/standard.do,2025-08-29,place,보등골,어린이공원,서울특별시 강북구,서울특별시 강북구 인수동 605-209,37.6350571,127.0184273,"보등골은(는) 어린이공원으로, 아이의 생활권 동화 배경으로 사용할 수 있다.",아이의 집 주변 산책·탐험 동화 배경,조합놀이대+그네+시소,4-7;8-10,공원;어린이공원;조합놀이대+그네+시소,11305-00038,보등골,어린이공원,,서울특별시 강북구 인수동 605-209,869,,조합놀이대+그네+시소,,,,1999-02-19,서울특별시 강북구청,02-901-6954,2025-08-29,3080000,서울특별시 강북구
전국도시공원정보표준데이터,https://www.data.go.kr/data/15012890/standard.do,2025-08-29,place,수유일공원,어린이공원,서울특별시 강북구,서울특별시 강북구 수유1동 605-389,37.6307116,127.0170455,"수유일공원은(는) 어린이공원으로, 아이의 생활권 동화 배경으로 사용할 수 있다.",아이의 집 주변 산책·탐험 동화 배경,조합놀이대+그네+등,4-7;8-10,공원;어린이공원;조합놀이대+그네+등,11305-00039,수유일공원,어린이공원,,서울특별시 강북구 수유1동 605-389,2632,,조합놀이대+그네+등,화장실,,,2005-09-15,서울특별시 강북구청,02-901-6952,2025-08-29,3080000,서울특별시 강북구
전국도시공원정보표준데이터,https://www.data.go.kr/data/15012890/standard.do,2025-08-29,place,새싹,어린이공원,서울특별시 강북구,서울특별시 강북구 수유3동 134-40,37.6361119,127.0195804,"새싹은(는) 어린이공원으로, 아이의 생활권 동화 배경으로 사용할 수 있다.",아이의 집 주변 산책·탐험 동화 배경,조합놀이대+시소,4-7;8-10,공원;어린이공원;조합놀이대+시소,11305-00040,새싹,어린이공원,,서울특별시 강북구 수유3동 134-40,651,,조합놀이대+시소,,,,,서울특별시 강북구청,02-901-6954,2025-08-29,3080000,서울특별시 강북구
전국도시공원정보표준데이터,https://www.data.go.kr/data/15012890/standard.do,2024-05-07,place,연일근린,근린공원,경상북도 포항시,경상북도 포항시 남구 연일읍 동문리 9-2,35.9959100213,129.3510552400,"연일근린은(는) 근린공원으로, 아이의 생활권 동화 배경으로 사용할 수 있다.",아이의 집 주변 산책·탐험 동화 배경,조합놀이대; 족구장+운동기구,4-7;8-10,공원;근린공원;조합놀이대;족구장+운동기구,47111-00033,연일근린,근린공원,,경상북도 포항시 남구 연일읍 동문리 9-2,19600,족구장+운동기구,조합놀이대,자전거 보관소,,,1987-02-07,경상북도 포항시 공원과,054-270-5735,2024-05-07,5020000,경상북도 포항시
전국도시공원정보표준데이터,https://www.data.go.kr/data/15012890/standard.do,2024-05-07,place,연일용잠,어린이공원,경상북도 포항시,경상북도 포항시 남구 연일읍 유강리 601,36.004523,129.313939,"연일용잠은(는) 어린이공원으로, 아이의 생활권 동화 배경으로 사용할 수 있다.",아이의 집 주변 산책·탐험 동화 배경,운동기구,4-7;8-10,공원;어린이공원;운동기구,47111-00034,연일용잠,어린이공원,,경상북도 포항시 남구 연일읍 유강리 601,3213.9,운동기구,,파고라+등의자+ 평의자,,,1994-12-03,경상북도 포항시 공원과,054-270-5735,2024-05-07,5020000,경상북도 포항시
전국도시공원정보표준데이터,https://www.data.go.kr/data/15012890/standard.do,2024-05-07,place,연일노적봉,어린이공원,경상북도 포항시,경상북도 포항시 남구 연일읍 유강리 601-2,36.0048139616,129.3168366272,"연일노적봉은(는) 어린이공원으로, 아이의 생활권 동화 배경으로 사용할 수 있다.",아이의 집 주변 산책·탐험 동화 배경,조합놀이대; 게이트볼장+운동기구,4-7;8-10,공원;어린이공원;조합놀이대;게이트볼장+운동기구,47111-00035,연일노적봉,어린이공원,,경상북도 포항시 남구 연일읍 유강리 601-2,3009.9,게이트볼장+운동기구,조합놀이대,파고라+등의자+ 평의자,,,1994-12-03,경상북도 포항시 공원과,054-270-5735,2024-05-07,5020000,경상북도 포항시
전국도시공원정보표준데이터,https://www.data.go.kr/data/15012890/standard.do,2024-05-07,place,연일풋살,어린이공원,경상북도 포항시,경상북도 포항시 남구 연일읍 유강리 601-4,36.003962,129.319132,"연일풋살은(는) 어린이공원으로, 아이의 생활권 동화 배경으로 사용할 수 있다.",아이의 집 주변 산책·탐험 동화 배경,유소년축구장,4-7;8-10,공원;어린이공원;유소년축구장,47111-00036,연일풋살,어린이공원,,경상북도 포항시 남구 연일읍 유강리 601-4,2050.3,유소년축구장,,,,,1994-12-03,경상북도 포항시 공원과,054-270-5735,2024-05-07,5020000,경상북도 포항시
전국도시공원정보표준데이터,https://www.data.go.kr/data/15012890/standard.do,2024-05-07,place,연일버드마,어린이공원,경상북도 포항시,경상북도 포항시 남구 연일읍 유강리 601-5,36.004339,129.320048,"연일버드마은(는) 어린이공원으로, 아이의 생활권 동화 배경으로 사용할 수 있다.",아이의 집 주변 산책·탐험 동화 배경,농구장+운동기구,4-7;8-10,공원;어린이공원;농구장+운동기구,47111-00037,연일버드마,어린이공원,,경상북도 포항시 남구 연일읍 유강리 601-5,2578.6,농구장+운동기구,,등의자+ 평의자+ 화장실,,,1994-12-03,경상북도 포항시 공원과,054-270-5735,2024-05-07,5020000,경상북도 포항시
전국도시공원정보표준데이터,https://www.data.go.kr/data/15012890/standard.do,2024-05-07,place,오천천마,어린이공원,경상북도 포항시,경상북도 포항시 남구 오천읍 문덕리 1188-488,35.949642,129.408872,"오천천마은(는) 어린이공원으로, 아이의 생활권 동화 배경으로 사용할 수 있다.",아이의 집 주변 산책·탐험 동화 배경,조합놀이대; 운동기구,4-7;8-10,공원;어린이공원;조합놀이대;운동기구,47111-00038,오천천마,어린이공원,,경상북도 포항시 남구 오천읍 문덕리 1188-488,1583,운동기구,조합놀이대,정자+등의자+ 평의자,,,1993-12-03,경상북도 포항시 공원과,054-270-5735,2024-05-07,5020000,경상북도 포항시
전국도시공원정보표준데이터,https://www.data.go.kr/data/15012890/standard.do,2024-05-07,place,오천포은,어린이공원,경상북도 포항시,경상북도 포항시 남구 오천읍 문덕리 197-1,35.9640590121,129.404031,"오천포은은(는) 어린이공원으로, 아이의 생활권 동화 배경으로 사용할 수 있다.",아이의 집 주변 산책·탐험 동화 배경,그네+시소+흔들놀이; 운동기구,4-7;8-10,공원;어린이공원;그네+시소+흔들놀이;운동기구,47111-00039,오천포은,어린이공원,,경상북도 포항시 남구 오천읍 문덕리 197-1,1599.6,운동기구,그네+시소+흔들놀이,파고라+평의자,,,1987-04-03,경상북도 포항시 공원과,054-270-5735,2024-05-07,5020000,경상북도 포항시
전국도시공원정보표준데이터,https://www.data.go.kr/data/15012890/standard.do,2024-05-07,place,오천문덕,어린이공원,경상북도 포항시,경상북도 포항시 남구 오천읍 문덕리 219-5,35.9619026702,129.401607,"오천문덕은(는) 어린이공원으로, 아이의 생활권 동화 배경으로 사용할 수 있다.",아이의 집 주변 산책·탐험 동화 배경,조합놀이대; 운동기구,4-7;8-10,공원;어린이공원;조합놀이대;운동기구,47111-00040,오천문덕,어린이공원,,경상북도 포항시 남구 오천읍 문덕리 219-5,1701.9,운동기구,조합놀이대,정자+파고라+등의자+ 평의자,,,1989-08-19,경상북도 포항시 공원과,054-270-5735,2024-05-07,5020000,경상북도 포항시
전국도시공원정보표준데이터,https://www.data.go.kr/data/15012890/standard.do,2026-01-01,place,새동네,어린이공원,서울특별시 도봉구,서울특별시 도봉구 도봉로180나길,37.68889354,127.0431764,"새동네은(는) 어린이공원으로, 아이의 생활권 동화 배경으로 사용할 수 있다.",아이의 집 주변 산책·탐험 동화 배경,"공원에서 색깔, 나무, 놀이시설을 찾아보는 관찰 미션",4-7;8-10,공원;어린이공원,11320-00037,새동네,어린이공원,서울특별시 도봉구 도봉로180나길,서울특별시 도봉구 도봉동 289-5,1289,,,,,,,,,2026-01-01,3090000,서울특별시 도봉구
전국도시공원정보표준데이터,https://www.data.go.kr/data/15012890/standard.do,2024-05-07,place,오천갈매기,어린이공원,경상북도 포항시,경상북도 포항시 남구 오천읍 문덕리 256-4,35.963087,129.4066977877,"오천갈매기은(는) 어린이공원으로, 아이의 생활권 동화 배경으로 사용할 수 있다.",아이의 집 주변 산책·탐험 동화 배경,운동기구,4-7;8-10,공원;어린이공원;운동기구,47111-00041,오천갈매기,어린이공원,,경상북도 포항시 남구 오천읍 문덕리 256-4,1600.6,운동기구,,파고라+등의자+ 평의자,,,1987-04-03,경상북도 포항시 공원과,054-270-5735,2024-05-07,5020000,경상북도 포항시
전국도시공원정보표준데이터,https://www.data.go.kr/data/15012890/standard.do,2024-05-07,place,오천장미,어린이공원,경상북도 포항시,경상북도 포항시 남구 오천읍 문덕리 298-1,35.9612873632,129.405965,"오천장미은(는) 어린이공원으로, 아이의 생활권 동화 배경으로 사용할 수 있다.",아이의 집 주변 산책·탐험 동화 배경,운동기구,4-7;8-10,공원;어린이공원;운동기구,47111-00042,오천장미,어린이공원,,경상북도 포항시 남구 오천읍 문덕리 298-1,1599.9,운동기구,,정자+등의자+ 평의자,,,1987-04-03,경상북도 포항시 공원과,054-270-5735,2024-05-07,5020000,경상북도 포항시
전국도시공원정보표준데이터,https://www.data.go.kr/data/15012890/standard.do,2024-05-07,place,오천해송,어린이공원,경상북도 포항시,경상북도 포항시 남구 오천읍 문덕리 319-6,35.959933,129.4044140153,"오천해송은(는) 어린이공원으로, 아이의 생활권 동화 배경으로 사용할 수 있다.",아이의 집 주변 산책·탐험 동화 배경,조합놀이대; 운동기구,4-7;8-10,공원;어린이공원;조합놀이대;운동기구,47111-00043,오천해송,어린이공원,,경상북도 포항시 남구 오천읍 문덕리 319-6,1599.6,운동기구,조합놀이대,정자+등의자+ 평의자,,,1989-08-19,경상북도 포항시 공원과,054-270-5735,2024-05-07,5020000,경상북도 포항시
전국도시공원정보표준데이터,https://www.data.go.kr/data/15012890/standard.do,2024-05-07,place,오천해병,어린이공원,경상북도 포항시,경상북도 포항시 남구 오천읍 문덕로44번길 13-2,35.958675,129.401049,"오천해병은(는) 어린이공원으로, 아이의 생활권 동화 배경으로 사용할 수 있다.",아이의 집 주변 산책·탐험 동화 배경,운동기구,4-7;8-10,공원;어린이공원;운동기구,47111-00044,오천해병,어린이공원,경상북도 포항시 남구 오천읍 문덕로44번길 13-2,경상북도 포항시 남구 오천읍 문덕리 338-1,1600.2,운동기구,,정자+등의자+ 평의자,,,1989-08-19,경상북도 포항시 공원과,054-270-5735,2024-05-07,5020000,경상북도 포항시
전국도시공원정보표준데이터,https://www.data.go.kr/data/15012890/standard.do,2024-05-07,place,오천원효,어린이공원,경상북도 포항시,경상북도 포항시 남구 오천읍 문덕리 357-1,35.958617,129.404365,"오천원효은(는) 어린이공원으로, 아이의 생활권 동화 배경으로 사용할 수 있다.",아이의 집 주변 산책·탐험 동화 배경,운동기구,4-7;8-10,공원;어린이공원;운동기구,47111-00045,오천원효,어린이공원,,경상북도 포항시 남구 오천읍 문덕리 357-1,1599.8,운동기구,,정자+등의자+ 평의자,,,1989-08-19,경상북도 포항시 공원과,054-270-5735,2024-05-07,5020000,경상북도 포항시
전국도시공원정보표준데이터,https://www.data.go.kr/data/15012890/standard.do,2024-05-07,place,문덕근린,근린공원,경상북도 포항시,경상북도 포항시 남구 오천읍 문덕리 383-1,35.9560872338,129.400884,"문덕근린은(는) 근린공원으로, 아이의 생활권 동화 배경으로 사용할 수 있다.",아이의 집 주변 산책·탐험 동화 배경,그네; 테니스장+족구장+게이트볼장+운동기구,4-7;8-10,공원;근린공원;그네;테니스장+족구장+게이트볼장+운동기구,47111-00046,문덕근린,근린공원,,경상북도 포항시 남구 오천읍 문덕리 383-1,14000,테니스장+족구장+게이트볼장+운동기구,그네,화장실+음수대+정자+파고라+등의자+평의자,,,1987-02-07,경상북도 포항시 공원과,054-270-5735,2024-05-07,5020000,경상북도 포항시
전국도시공원정보표준데이터,https://www.data.go.kr/data/15012890/standard.do,2024-05-07,place,오천오어사,어린이공원,경상북도 포항시,경상북도 포항시 남구 오천읍 문덕리 404-5,35.956161,129.404842,"오천오어사은(는) 어린이공원으로, 아이의 생활권 동화 배경으로 사용할 수 있다.",아이의 집 주변 산책·탐험 동화 배경,운동기구,4-7;8-10,공원;어린이공원;운동기구,47111-00047,오천오어사,어린이공원,,경상북도 포항시 남구 오천읍 문덕리 404-5,1599.7,운동기구,,정자+등의자+ 평의자,,,1989-08-19,경상북도 포항시 공원과,054-270-5735,2024-05-07,5020000,경상북도 포항시
전국도시공원정보표준데이터,https://www.data.go.kr/data/15012890/standard.do,2024-05-07,place,용덕1,어린이공원,경상북도 포항시,경상북도 포항시 남구 오천읍 용덕리 303-11,35.972116,129.4165283,"용덕1은(는) 어린이공원으로, 아이의 생활권 동화 배경으로 사용할 수 있다.",아이의 집 주변 산책·탐험 동화 배경,어린이놀이시설,4-7;8-10,공원;어린이공원;어린이놀이시설,47111-00048,용덕1,어린이공원,,경상북도 포항시 남구 오천읍 용덕리 303-11,1400,,어린이놀이시설,파고라+ 사각정자,,,2015-09-22,경상북도 포항시 공원과,054-270-5735,2024-05-07,5020000,경상북도 포항시
전국도시공원정보표준데이터,https://www.data.go.kr/data/15012890/standard.do,2024-05-07,place,오천원동,어린이공원,경상북도 포항시,경상북도 포항시 남구 오천읍 원리 1135,35.9740116266,129.403451,"오천원동은(는) 어린이공원으로, 아이의 생활권 동화 배경으로 사용할 수 있다.",아이의 집 주변 산책·탐험 동화 배경,조합놀이대,4-7;8-10,공원;어린이공원;조합놀이대,47111-00049,오천원동,어린이공원,,경상북도 포항시 남구 오천읍 원리 1135,4282,,조합놀이대,파고라+평의자,,,2005-02-17,경상북도 포항시 공원과,054-270-5735,2024-05-07,5020000,경상북도 포항시
전국도시공원정보표준데이터,https://www.data.go.kr/data/15012890/standard.do,2024-05-07,place,오천충무,어린이공원,경상북도 포항시,경상북도 포항시 남구 오천읍 원리 1328,35.972447,129.405541,"오천충무은(는) 어린이공원으로, 아이의 생활권 동화 배경으로 사용할 수 있다.",아이의 집 주변 산책·탐험 동화 배경,조합놀이대; 운동기구,4-7;8-10,공원;어린이공원;조합놀이대;운동기구,47111-00050,오천충무,어린이공원,,경상북도 포항시 남구 오천읍 원리 1328,3887,운동기구,조합놀이대,평의자,,,1997-10-17,경상북도 포항시 공원과,054-270-5735,2024-05-07,5020000,경상북도 포항시
전국도시공원정보표준데이터,https://www.data.go.kr/data/15012890/standard.do,2024-05-07,place,원동7근린,근린공원,경상북도 포항시,경상북도 포항시 남구 오천읍 원리 1429,35.9723166696,129.4089394030,"원동7근린은(는) 근린공원으로, 아이의 생활권 동화 배경으로 사용할 수 있다.",아이의 집 주변 산책·탐험 동화 배경,조합놀이대; 게이트볼장+운동기구,4-7;8-10,공원;근린공원;조합놀이대;게이트볼장+운동기구,47111-00051,원동7근린,근린공원,,경상북도 포항시 남구 오천읍 원리 1429,11031,게이트볼장+운동기구,조합놀이대,화장실,,,1997-09-13,경상북도 포항시 공원과,054-270-5735,2024-05-07,5020000,경상북도 포항시
전국도시공원정보표준데이터,https://www.data.go.kr/data/15012890/standard.do,2024-05-07,place,원동1근린공원,근린공원,경상북도 포항시,경상북도 포항시 남구 오천읍 원리 28-2,35.979274,129.405173,"원동1근린공원은(는) 근린공원으로, 아이의 생활권 동화 배경으로 사용할 수 있다.",아이의 집 주변 산책·탐험 동화 배경,조합놀이대+그네+시소+흔들놀이; 운동기구,4-7;8-10,공원;근린공원;조합놀이대+그네+시소+흔들놀이;운동기구,47111-00052,원동1근린공원,근린공원,,경상북도 포항시 남구 오천읍 원리 28-2,10500,운동기구,조합놀이대+그네+시소+흔들놀이,등의자+ 평의자+ 화장실+자전거 보관소,,,2001-10-30,경상북도 포항시 공원과,054-270-5735,2024-05-07,5020000,경상북도 포항시
전국도시공원정보표준데이터,https://www.data.go.kr/data/15012890/standard.do,2024-05-07,place,원동 역사공원,역사공원,경상북도 포항시,경상북도 포항시 남구 오천읍 원리 518,35.979557,129.400937,"원동 역사공원은(는) 역사공원으로, 아이의 생활권 동화 배경으로 사용할 수 있다.",아이의 집 주변 산책·탐험 동화 배경,"공원에서 색깔, 나무, 놀이시설을 찾아보는 관찰 미션",4-7;8-10,공원;역사공원,47111-00053,원동 역사공원,역사공원,,경상북도 포항시 남구 오천읍 원리 518,1500,,,등의자,,,2001-10-30,경상북도 포항시 공원과,054-270-5735,2024-05-07,5020000,경상북도 포항시
전국도시공원정보표준데이터,https://www.data.go.kr/data/15012890/standard.do,2024-05-07,place,원동 역사공원,역사공원,경상북도 포항시,경상북도 포항시 남구 오천읍 원리 518,35.979557,129.400937,"원동 역사공원은(는) 역사공원으로, 아이의 생활권 동화 배경으로 사용할 수 있다.",아이의 집 주변 산책·탐험 동화 배경,"공원에서 색깔, 나무, 놀이시설을 찾아보는 관찰 미션",4-7;8-10,공원;역사공원,47111-00054,원동 역사공원,역사공원,,경상북도 포항시 남구 오천읍 원리 518,1500,,,등의자,,,2001-10-30,경상북도 포항시 공원과,054-270-5735,2024-05-07,5020000,경상북도 포항시
전국도시공원정보표준데이터,https://www.data.go.kr/data/15012890/standard.do,2024-05-07,place,오천냉천,어린이공원,경상북도 포항시,경상북도 포항시 남구 오천읍 원리 903-4,35.969608,129.408562,"오천냉천은(는) 어린이공원으로, 아이의 생활권 동화 배경으로 사용할 수 있다.",아이의 집 주변 산책·탐험 동화 배경,조합놀이대+흔들놀이,4-7;8-10,공원;어린이공원;조합놀이대+흔들놀이,47111-00055,오천냉천,어린이공원,,경상북도 포항시 남구 오천읍 원리 903-4,3033,,조합놀이대+흔들놀이,파고라+등의자+평의자,,,1997-10-17,경상북도 포항시 공원과,054-270-5735,2024-05-07,5020000,경상북도 포항시
전국도시공원정보표준데이터,https://www.data.go.kr/data/15012890/standard.do,2024-05-07,place,오천일월,어린이공원,경상북도 포항시,경상북도 포항시 남구 오천읍 원리 919,35.968823,129.406353,"오천일월은(는) 어린이공원으로, 아이의 생활권 동화 배경으로 사용할 수 있다.",아이의 집 주변 산책·탐험 동화 배경,조합놀이대+시소+흔들놀이,4-7;8-10,공원;어린이공원;조합놀이대+시소+흔들놀이,47111-00056,오천일월,어린이공원,,경상북도 포항시 남구 오천읍 원리 919,3033,,조합놀이대+시소+흔들놀이,파고라+평의자,,,1997-10-17,경상북도 포항시 공원과,054-270-5735,2024-05-07,5020000,경상북도 포항시
전국도시공원정보표준데이터,https://www.data.go.kr/data/15012890/standard.do,2024-05-07,place,대잠1,어린이공원,경상북도 포항시,경상북도 포항시 남구 대잠동 1001-1,36.0200790680,129.3438590143,"대잠1은(는) 어린이공원으로, 아이의 생활권 동화 배경으로 사용할 수 있다.",아이의 집 주변 산책·탐험 동화 배경,"공원에서 색깔, 나무, 놀이시설을 찾아보는 관찰 미션",4-7;8-10,공원;어린이공원,47111-00012,대잠1,어린이공원,,경상북도 포항시 남구 대잠동 1001-1,2037,,,파고라,,,2002-02-15,경상북도 포항시 공원과,054-270-5735,2024-05-07,5020000,경상북도 포항시
전국도시공원정보표준데이터,https://www.data.go.kr/data/15012890/standard.do,2024-05-07,place,대잠센트럴,어린이공원,경상북도 포항시,경상북도 포항시 남구 대잠동 1013,36.0216664542,129.3384171644,"대잠센트럴은(는) 어린이공원으로, 아이의 생활권 동화 배경으로 사용할 수 있다.",아이의 집 주변 산책·탐험 동화 배경,조합놀이대; 운동기구,4-7;8-10,공원;어린이공원;조합놀이대;운동기구,47111-00013,대잠센트럴,어린이공원,,경상북도 포항시 남구 대잠동 1013,1582,운동기구,조합놀이대,파고라+등의자+ 평의자,,,2007-02-15,경상북도 포항시 공원과,054-270-5735,2024-05-07,5020000,경상북도 포항시
전국도시공원정보표준데이터,https://www.data.go.kr/data/15012890/standard.do,2024-05-07,place,대잠포스코,어린이공원,경상북도 포항시,경상북도 포항시 남구 대잠동 160-53,36.012768,129.339312,"대잠포스코은(는) 어린이공원으로, 아이의 생활권 동화 배경으로 사용할 수 있다.",아이의 집 주변 산책·탐험 동화 배경,조합놀이대+시소; 운동기구,4-7;8-10,공원;어린이공원;조합놀이대+시소;운동기구,47111-00014,대잠포스코,어린이공원,,경상북도 포항시 남구 대잠동 160-53,825,운동기구,조합놀이대+시소,평의자,,,2003-09-29,경상북도 포항시 공원과,054-270-5735,2024-05-07,5020000,경상북도 포항시
전국도시공원정보표준데이터,https://www.data.go.kr/data/15012890/standard.do,2024-05-07,place,이동체육,어린이공원,경상북도 포항시,경상북도 포항시 남구 대이로95번길 6-7,36.02409876,129.3400887,"이동체육은(는) 어린이공원으로, 아이의 생활권 동화 배경으로 사용할 수 있다.",아이의 집 주변 산책·탐험 동화 배경,조합놀이대+시소+흔들놀이; 유소년축구장,4-7;8-10,공원;어린이공원;조합놀이대+시소+흔들놀이;유소년축구장,47111-00015,이동체육,어린이공원,경상북도 포항시 남구 대이로95번길 6-7,경상북도 포항시 남구 대잠동 462-3,4958.1,유소년축구장,조합놀이대+시소+흔들놀이,축구장 관리실+화장실+파고라+등의자+평의자,,,1994-06-07,경상북도 포항시 공원과,054-270-5735,2024-05-07,5020000,경상북도 포항시
전국도시공원정보표준데이터,https://www.data.go.kr/data/15012890/standard.do,2024-05-07,place,대잠행복,어린이공원,경상북도 포항시,경상북도 포항시 남구 대잠동 668-32,36.014201,129.337695,"대잠행복은(는) 어린이공원으로, 아이의 생활권 동화 배경으로 사용할 수 있다.",아이의 집 주변 산책·탐험 동화 배경,조합놀이대+그네+시소; 운동기구,4-7;8-10,공원;어린이공원;조합놀이대+그네+시소;운동기구,47111-00016,대잠행복,어린이공원,,경상북도 포항시 남구 대잠동 668-32,523,운동기구,조합놀이대+그네+시소,평의자,,,2003-09-29,경상북도 포항시 공원과,054-270-5735,2024-05-07,5020000,경상북도 포항시
전국도시공원정보표준데이터,https://www.data.go.kr/data/15012890/standard.do,2024-05-07,place,대잠화목,어린이공원,경상북도 포항시,경상북도 포항시 남구 대잠동 780-201,36.011971,129.335738,"대잠화목은(는) 어린이공원으로, 아이의 생활권 동화 배경으로 사용할 수 있다.",아이의 집 주변 산책·탐험 동화 배경,그네+시소+흔들놀이; 운동기구,4-7;8-10,공원;어린이공원;그네+시소+흔들놀이;운동기구,47111-00017,대잠화목,어린이공원,,경상북도 포항시 남구 대잠동 780-201,402,운동기구,그네+시소+흔들놀이,등의자+평의자,,,2003-09-29,경상북도 포항시 공원과,054-270-5735,2024-05-07,5020000,경상북도 포항시
전국도시공원정보표준데이터,https://www.data.go.kr/data/15012890/standard.do,2024-05-07,place,대잠소망,어린이공원,경상북도 포항시,경상북도 포항시 남구 대잠동 973-2,36.016649,129.342051,"대잠소망은(는) 어린이공원으로, 아이의 생활권 동화 배경으로 사용할 수 있다.",아이의 집 주변 산책·탐험 동화 배경,조합놀이대; 운동기구,4-7;8-10,공원;어린이공원;조합놀이대;운동기구,47111-00018,대잠소망,어린이공원,,경상북도 포항시 남구 대잠동 973-2,2836.1,운동기구,조합놀이대,파고라+등의자+ 평의자,,,1993-12-03,경상북도 포항시 공원과,054-270-5735,2024-05-07,5020000,경상북도 포항시
전국도시공원정보표준데이터,https://www.data.go.kr/data/15012890/standard.do,2024-05-07,place,대잠희망,어린이공원,경상북도 포항시,경상북도 포항시 남구 대잠동 979,36.0152693298,129.341719,"대잠희망은(는) 어린이공원으로, 아이의 생활권 동화 배경으로 사용할 수 있다.",아이의 집 주변 산책·탐험 동화 배경,조합놀이대+흔들놀이; 운동기구,4-7;8-10,공원;어린이공원;조합놀이대+흔들놀이;운동기구,47111-00019,대잠희망,어린이공원,,경상북도 포항시 남구 대잠동 979,1500,운동기구,조합놀이대+흔들놀이,파고라+등의자+평의자,,,1993-12-03,경상북도 포항시 공원과,054-270-5735,2024-05-07,5020000,경상북도 포항시
전국도시공원정보표준데이터,https://www.data.go.kr/data/15012890/standard.do,2024-05-07,place,블루밸리 소공원,소공원,경상북도 포항시,경상북도 포항시 남구 동해면 공당리 339,35.9648454413,129.4992743721,"블루밸리 소공원은(는) 소공원으로, 아이의 생활권 동화 배경으로 사용할 수 있다.",아이의 집 주변 산책·탐험 동화 배경,"공원에서 색깔, 나무, 놀이시설을 찾아보는 관찰 미션",4-7;8-10,공원;소공원,47111-00020,블루밸리 소공원,소공원,,경상북도 포항시 남구 동해면 공당리 339,1403,,,평의자+ 등의자,,,2022-07-04,경상북도 포항시 공원과,054-270-5735,2024-05-07,5020000,경상북도 포항시
전국도시공원정보표준데이터,https://www.data.go.kr/data/15012890/standard.do,2024-05-07,place,블루밸리 1호 근린공원,근린공원,경상북도 포항시,경상북도 포항시 남구 동해면 공당리 895-20,35.9596967755,129.5017931987,"블루밸리 1호 근린공원은(는) 근린공원으로, 아이의 생활권 동화 배경으로 사용할 수 있다.",아이의 집 주변 산책·탐험 동화 배경,조합놀이대+시소+흔들놀이; 멀티코트장+운동기구,4-7;8-10,공원;근린공원;조합놀이대+시소+흔들놀이;멀티코트장+운동기구,47111-00021,블루밸리 1호 근린공원,근린공원,,경상북도 포항시 남구 동해면 공당리 895-20,10013,멀티코트장+운동기구,조합놀이대+시소+흔들놀이,자전거 보관소+평의자+ 등의자,,바닥분수,2022-07-04,경상북도 포항시 공원과,054-270-5735,2024-05-07,5020000,경상북도 포항시
전국도시공원정보표준데이터,https://www.data.go.kr/data/15012890/standard.do,2024-05-07,place,블루밸리 3호 근린공원,근린공원,경상북도 포항시,경상북도 포항시 남구 동해면 공당리 988,35.9550000571,129.5017761482,"블루밸리 3호 근린공원은(는) 근린공원으로, 아이의 생활권 동화 배경으로 사용할 수 있다.",아이의 집 주변 산책·탐험 동화 배경,운동기구,4-7;8-10,공원;근린공원;운동기구,47111-00022,블루밸리 3호 근린공원,근린공원,,경상북도 포항시 남구 동해면 공당리 988,147632,운동기구,,자전거 보관소+평의자+ 등의자,,,2022-07-04,경상북도 포항시 공원과,054-270-5735,2024-05-07,5020000,경상북도 포항시
전국도시공원정보표준데이터,https://www.data.go.kr/data/15012890/standard.do,2024-05-07,place,블루밸리 체육공원,체육공원,경상북도 포항시,경상북도 포항시 남구 동해면 공당리 산59,35.9646539617,129.4945692928,"블루밸리 체육공원은(는) 체육공원으로, 아이의 생활권 동화 배경으로 사용할 수 있다.",아이의 집 주변 산책·탐험 동화 배경,농구장+풋살장+족구장+운동기구,4-7;8-10,공원;체육공원;농구장+풋살장+족구장+운동기구,47111-00023,블루밸리 체육공원,체육공원,,경상북도 포항시 남구 동해면 공당리 산59,14469,농구장+풋살장+족구장+운동기구,,화장실+파고라,,,2022-07-04,경상북도 포항시 공원과,054-270-5735,2024-05-07,5020000,경상북도 포항시
전국도시공원정보표준데이터,https://www.data.go.kr/data/15012890/standard.do,2024-05-07,place,연오랑세오녀테마공원,문화공원,경상북도 포항시,경상북도 포항시 남구 동해면 임곡리 123,36.0021980793,129.4588877051,"연오랑세오녀테마공원은(는) 문화공원으로, 아이의 생활권 동화 배경으로 사용할 수 있다.",아이의 집 주변 산책·탐험 동화 배경,야외무대,4-7;8-10,공원;문화공원;야외무대,47111-00024,연오랑세오녀테마공원,문화공원,,경상북도 포항시 남구 동해면 임곡리 123,82637,,,화장실+파고라+등의자,야외무대,연못,2011-12-23,경상북도 포항시 공원과,054-270-5735,2024-05-07,5020000,경상북도 포항시
전국도시공원정보표준데이터,https://www.data.go.kr/data/15012890/standard.do,2024-05-07,place,상도,어린이공원,경상북도 포항시,경상북도 포항시 남구 상공로 84,36.015415,129.359215,"상도은(는) 어린이공원으로, 아이의 생활권 동화 배경으로 사용할 수 있다.",아이의 집 주변 산책·탐험 동화 배경,조합놀이대; 운동기구,4-7;8-10,공원;어린이공원;조합놀이대;운동기구,47111-00025,상도,어린이공원,경상북도 포항시 남구 상공로 84,경상북도 포항시 남구 상도동 18-125,1526,운동기구,조합놀이대,정자+등의자,,,1978-10-19,경상북도 포항시 공원과,054-270-5735,2024-05-07,5020000,경상북도 포항시
전국도시공원정보표준데이터,https://www.data.go.kr/data/15012890/standard.do,2026-01-01,place,서원,어린이공원,서울특별시 도봉구,서울특별시 도봉구 도봉로169길,37.68386081,127.0432817,"서원은(는) 어린이공원으로, 아이의 생활권 동화 배경으로 사용할 수 있다.",아이의 집 주변 산책·탐험 동화 배경,"공원에서 색깔, 나무, 놀이시설을 찾아보는 관찰 미션",4-7;8-10,공원;어린이공원,11320-00036,서원,어린이공원,서울특별시 도봉구 도봉로169길,서울특별시 도봉구 도봉동 576-13,921,,,,,,,,,2026-01-01,3090000,서울특별시 도봉구
전국도시공원정보표준데이터,https://www.data.go.kr/data/15012890/standard.do,2024-05-07,place,상도섬안,어린이공원,경상북도 포항시,경상북도 포항시 남구 중흥로162번길 32-3,36.016775,129.357694,"상도섬안은(는) 어린이공원으로, 아이의 생활권 동화 배경으로 사용할 수 있다.",아이의 집 주변 산책·탐험 동화 배경,조합놀이대; 운동기구,4-7;8-10,공원;어린이공원;조합놀이대;운동기구,47111-00026,상도섬안,어린이공원,경상북도 포항시 남구 중흥로162번길 32-3,경상북도 포항시 남구 상도동 18-63,4180,운동기구,조합놀이대,정자+파고라+등의자+ 평의자,,,1978-10-19,경상북도 포항시 공원과,054-270-5735,2024-05-07,5020000,경상북도 포항시
전국도시공원정보표준데이터,https://www.data.go.kr/data/15012890/standard.do,2024-05-07,place,상도1,어린이공원,경상북도 포항시,경상북도 포항시 남구 상도동 588-3,36.0112201,129.3470514597,"상도1은(는) 어린이공원으로, 아이의 생활권 동화 배경으로 사용할 수 있다.",아이의 집 주변 산책·탐험 동화 배경,"공원에서 색깔, 나무, 놀이시설을 찾아보는 관찰 미션",4-7;8-10,공원;어린이공원,47111-00027,상도1,어린이공원,,경상북도 포항시 남구 상도동 588-3,1826,,,평의자+ 등의자,,,1987-04-03,경상북도 포항시 공원과,054-270-5735,2024-05-07,5020000,경상북도 포항시
전국도시공원정보표준데이터,https://www.data.go.kr/data/15012890/standard.do,2024-05-07,place,상도뱃머리,어린이공원,경상북도 포항시,경상북도 포항시 남구 상도로 22,36.011273,129.352631,"상도뱃머리은(는) 어린이공원으로, 아이의 생활권 동화 배경으로 사용할 수 있다.",아이의 집 주변 산책·탐험 동화 배경,조합놀이대; 운동기구,4-7;8-10,공원;어린이공원;조합놀이대;운동기구,47111-00028,상도뱃머리,어린이공원,경상북도 포항시 남구 상도로 22,경상북도 포항시 남구 상도동 645,1830,운동기구,조합놀이대,정자+등의자+ 평의자,,,1980-01-12,경상북도 포항시 공원과,054-270-5735,2024-05-07,5020000,경상북도 포항시
전국도시공원정보표준데이터,https://www.data.go.kr/data/15012890/standard.do,2024-05-07,place,상도코아루,어린이공원,경상북도 포항시,경상북도 포항시 남구 상도동 676,36.0095393074,129.346933,"상도코아루은(는) 어린이공원으로, 아이의 생활권 동화 배경으로 사용할 수 있다.",아이의 집 주변 산책·탐험 동화 배경,조합놀이대+시소+흔들놀이,4-7;8-10,공원;어린이공원;조합놀이대+시소+흔들놀이,47111-00029,상도코아루,어린이공원,,경상북도 포항시 남구 상도동 676,2844.1,,조합놀이대+시소+흔들놀이,정자+파고라+등의자+ 평의자,,,2008-06-02,경상북도 포항시 공원과,054-270-5735,2024-05-07,5020000,경상북도 포항시
전국도시공원정보표준데이터,https://www.data.go.kr/data/15012890/standard.do,2024-05-07,place,송도솔바람,어린이공원,경상북도 포항시,경상북도 포항시 남구 송도동 413-16,36.0356959,129.3724137,"송도솔바람은(는) 어린이공원으로, 아이의 생활권 동화 배경으로 사용할 수 있다.",아이의 집 주변 산책·탐험 동화 배경,조합놀이대+시소+흔들놀이; 운동기구,4-7;8-10,공원;어린이공원;조합놀이대+시소+흔들놀이;운동기구,47111-00030,송도솔바람,어린이공원,,경상북도 포항시 남구 송도동 413-16,991,운동기구,조합놀이대+시소+흔들놀이,파고라+등의자+ 평의자,,,1987-04-03,경상북도 포항시 공원과,054-270-5735,2024-05-07,5020000,경상북도 포항시
전국도시공원정보표준데이터,https://www.data.go.kr/data/15012890/standard.do,2024-05-07,place,송도바닷바람,어린이공원,경상북도 포항시,경상북도 포항시 남구 송도동 448-1,36.032071,129.3737050112,"송도바닷바람은(는) 어린이공원으로, 아이의 생활권 동화 배경으로 사용할 수 있다.",아이의 집 주변 산책·탐험 동화 배경,조합놀이대+그네; 운동기구,4-7;8-10,공원;어린이공원;조합놀이대+그네;운동기구,47111-00031,송도바닷바람,어린이공원,,경상북도 포항시 남구 송도동 448-1,989.4,운동기구,조합놀이대+그네,파고라+등의자+ 평의자,,,1987-04-03,경상북도 포항시 공원과,054-270-5735,2024-05-07,5020000,경상북도 포항시
전국도시공원정보표준데이터,https://www.data.go.kr/data/15012890/standard.do,2024-05-07,place,송도강바람,어린이공원,경상북도 포항시,경상북도 포항시 남구 희망대로 1065,36.0265748574,129.3779155553,"송도강바람은(는) 어린이공원으로, 아이의 생활권 동화 배경으로 사용할 수 있다.",아이의 집 주변 산책·탐험 동화 배경,조합놀이대+시소; 운동기구,4-7;8-10,공원;어린이공원;조합놀이대+시소;운동기구,47111-00032,송도강바람,어린이공원,경상북도 포항시 남구 희망대로 1065,경상북도 포항시 남구 송도동 508-1,1944,운동기구,조합놀이대+시소,정자+파고라+등의자+ 평의자,,,1987-04-03,경상북도 포항시 공원과,054-270-5735,2024-05-07,5020000,경상북도 포항시
전국도시공원정보표준데이터,https://www.data.go.kr/data/15012890/standard.do,2024-08-12,place,문정동136 어린이공원,어린이공원,서울특별시 송파구,서울특별시 송파구 문정동 142 일대,37.487357,127.134752,"문정동136 어린이공원은(는) 어린이공원으로, 아이의 생활권 동화 배경으로 사용할 수 있다.",아이의 집 주변 산책·탐험 동화 배경,"공원에서 색깔, 나무, 놀이시설을 찾아보는 관찰 미션",4-7;8-10,공원;어린이공원,11710-00137,문정동136 어린이공원,어린이공원,,서울특별시 송파구 문정동 142 일대,4685,,,,,,,서울특별시 송파구청,02-2147-3380,2024-08-12,3230000,서울특별시 송파구
전국도시공원정보표준데이터,https://www.data.go.kr/data/15012890/standard.do,2024-08-12,place,잠실진주,어린이공원,서울특별시 송파구,서울특별시 송파구 신천동 20-4 일원,37.518792,127.108557,"잠실진주은(는) 어린이공원으로, 아이의 생활권 동화 배경으로 사용할 수 있다.",아이의 집 주변 산책·탐험 동화 배경,"공원에서 색깔, 나무, 놀이시설을 찾아보는 관찰 미션",4-7;8-10,공원;어린이공원,11710-00140,잠실진주,어린이공원,,서울특별시 송파구 신천동 20-4 일원,4470,,,,,,,서울특별시 송파구청,02-2147-3380,2024-08-12,3230000,서울특별시 송파구
전국도시공원정보표준데이터,https://www.data.go.kr/data/15012890/standard.do,2024-08-12,place,장미아파트1호,어린이공원,서울특별시 송파구,서울특별시 송파구 신천동 7 일원,37.518333,127.099146,"장미아파트1호은(는) 어린이공원으로, 아이의 생활권 동화 배경으로 사용할 수 있다.",아이의 집 주변 산책·탐험 동화 배경,"공원에서 색깔, 나무, 놀이시설을 찾아보는 관찰 미션",4-7;8-10,공원;어린이공원,11710-00141,장미아파트1호,어린이공원,,서울특별시 송파구 신천동 7 일원,5470,,,,,,,서울특별시 송파구청,02-2147-3380,2024-08-12,3230000,서울특별시 송파구
전국도시공원정보표준데이터,https://www.data.go.kr/data/15012890/standard.do,2024-08-01,place,공원(어7혁신),어린이공원,전라남도 나주시,전라남도 나주시 빛가람동 774,35.01247425,126.791016,"공원(어7혁신)은(는) 어린이공원으로, 아이의 생활권 동화 배경으로 사용할 수 있다.",아이의 집 주변 산책·탐험 동화 배경,어린이놀이시설,4-7;8-10,공원;어린이공원;어린이놀이시설,46170-00083,공원(어7혁신),어린이공원,,전라남도 나주시 빛가람동 774,2353,,어린이놀이시설,,,,2007-10-26,전라남도 나주시청,061-339-2615,2024-08-01,4830000,전라남도 나주시
전국도시공원정보표준데이터,https://www.data.go.kr/data/15012890/standard.do,2025-06-30,place,광천 5호 소공원,소공원,충청남도 홍성군,충청남도 홍성군 광천읍 옹암리 475,36.48769961,126.617557,"광천 5호 소공원은(는) 소공원으로, 아이의 생활권 동화 배경으로 사용할 수 있다.",아이의 집 주변 산책·탐험 동화 배경,"공원에서 색깔, 나무, 놀이시설을 찾아보는 관찰 미션",4-7;8-10,공원;소공원,44800-00051,광천 5호 소공원,소공원,,충청남도 홍성군 광천읍 옹암리 475,1052,,,,,,2016-02-29,충청남도 홍성군,041-630-1269,2025-06-30,4600000,충청남도 홍성군
전국도시공원정보표준데이터,https://www.data.go.kr/data/15012890/standard.do,2025-06-30,place,남당리 5호소공원(남당유통형),소공원,충청남도 홍성군,충청남도 홍성군 서부면 남당리 859-3,36.538895,126.472284,"남당리 5호소공원(남당유통형)은(는) 소공원으로, 아이의 생활권 동화 배경으로 사용할 수 있다.",아이의 집 주변 산책·탐험 동화 배경,"공원에서 색깔, 나무, 놀이시설을 찾아보는 관찰 미션",4-7;8-10,공원;소공원,44800-00052,남당리 5호소공원(남당유통형),소공원,,충청남도 홍성군 서부면 남당리 859-3,1618,,,,,,2005-02-11,충청남도 홍성군,041-630-1269,2025-06-30,4600000,충청남도 홍성군
전국도시공원정보표준데이터,https://www.data.go.kr/data/15012890/standard.do,2025-06-30,place,남당리 4호소공원(남당취락),소공원,충청남도 홍성군,충청남도 홍성군 서부면 남당리 509-14,36.54056694,126.471532,"남당리 4호소공원(남당취락)은(는) 소공원으로, 아이의 생활권 동화 배경으로 사용할 수 있다.",아이의 집 주변 산책·탐험 동화 배경,"공원에서 색깔, 나무, 놀이시설을 찾아보는 관찰 미션",4-7;8-10,공원;소공원,44800-00053,남당리 4호소공원(남당취락),소공원,,충청남도 홍성군 서부면 남당리 509-14,630,,,,,,2008-10-20,충청남도 홍성군,041-630-1269,2025-06-30,4600000,충청남도 홍성군
전국도시공원정보표준데이터,https://www.data.go.kr/data/15012890/standard.do,2025-06-30,place,고암 2호 소공원,소공원,충청남도 홍성군,충청남도 홍성군 홍성읍 고암리 1137,36.591093,126.6701356,"고암 2호 소공원은(는) 소공원으로, 아이의 생활권 동화 배경으로 사용할 수 있다.",아이의 집 주변 산책·탐험 동화 배경,"공원에서 색깔, 나무, 놀이시설을 찾아보는 관찰 미션",4-7;8-10,공원;소공원,44800-00054,고암 2호 소공원,소공원,,충청남도 홍성군 홍성읍 고암리 1137,2183,,,,,,2016-02-25,충청남도 홍성군,041-630-1269,2025-06-30,4600000,충청남도 홍성군
전국도시공원정보표준데이터,https://www.data.go.kr/data/15012890/standard.do,2025-06-30,place,옥암 1호소공원,소공원,충청남도 홍성군,충청남도 홍성군 홍성읍 옥암리 1377,36.593314,126.651349,"옥암 1호소공원은(는) 소공원으로, 아이의 생활권 동화 배경으로 사용할 수 있다.",아이의 집 주변 산책·탐험 동화 배경,"공원에서 색깔, 나무, 놀이시설을 찾아보는 관찰 미션",4-7;8-10,공원;소공원,44800-00055,옥암 1호소공원,소공원,,충청남도 홍성군 홍성읍 옥암리 1377,1142,,,,,,2007-01-13,충청남도 홍성군,041-630-1269,2025-06-30,4600000,충청남도 홍성군
전국도시공원정보표준데이터,https://www.data.go.kr/data/15012890/standard.do,2025-06-30,place,홍성산단 1호소공원,소공원,충청남도 홍성군,충청남도 홍성군 갈산면 취생리 645,36.627802,126.532262,"홍성산단 1호소공원은(는) 소공원으로, 아이의 생활권 동화 배경으로 사용할 수 있다.",아이의 집 주변 산책·탐험 동화 배경,"공원에서 색깔, 나무, 놀이시설을 찾아보는 관찰 미션",4-7;8-10,공원;소공원,44800-00056,홍성산단 1호소공원,소공원,,충청남도 홍성군 갈산면 취생리 645,1806,,,,,,2010-06-24,충청남도 홍성군,041-630-1269,2025-06-30,4600000,충청남도 홍성군
전국도시공원정보표준데이터,https://www.data.go.kr/data/15012890/standard.do,2025-06-30,place,홍성읍 24호소공원(오관지구),소공원,충청남도 홍성군,충청남도 홍성군 홍성읍 오관리 470-1,36.597376,126.6639724,"홍성읍 24호소공원(오관지구)은(는) 소공원으로, 아이의 생활권 동화 배경으로 사용할 수 있다.",아이의 집 주변 산책·탐험 동화 배경,"공원에서 색깔, 나무, 놀이시설을 찾아보는 관찰 미션",4-7;8-10,공원;소공원,44800-00057,홍성읍 24호소공원(오관지구),소공원,,충청남도 홍성군 홍성읍 오관리 470-1,901,,,,,,2011-06-13,충청남도 홍성군,041-630-1269,2025-06-30,4600000,충청남도 홍성군
전국도시공원정보표준데이터,https://www.data.go.kr/data/15012890/standard.do,2025-06-30,place,25호 소공원,소공원,충청남도 홍성군,충청남도 홍성군 홍성읍 오관리 806-1,36.60445188,126.6591555,"25호 소공원은(는) 소공원으로, 아이의 생활권 동화 배경으로 사용할 수 있다.",아이의 집 주변 산책·탐험 동화 배경,"공원에서 색깔, 나무, 놀이시설을 찾아보는 관찰 미션",4-7;8-10,공원;소공원,44800-00058,25호 소공원,소공원,,충청남도 홍성군 홍성읍 오관리 806-1,1210,,,,,,2018-02-28,충청남도 홍성군,041-630-1269,2025-06-30,4600000,충청남도 홍성군
전국도시공원정보표준데이터,https://www.data.go.kr/data/15012890/standard.do,2025-06-30,place,광천 6호 소공원,소공원,충청남도 홍성군,충청남도 홍성군 광천읍 옹암리 509-15,36.48512015,126.6160376,"광천 6호 소공원은(는) 소공원으로, 아이의 생활권 동화 배경으로 사용할 수 있다.",아이의 집 주변 산책·탐험 동화 배경,"공원에서 색깔, 나무, 놀이시설을 찾아보는 관찰 미션",4-7;8-10,공원;소공원,44800-00059,광천 6호 소공원,소공원,,충청남도 홍성군 광천읍 옹암리 509-15,772,,,,,,2018-02-28,충청남도 홍성군,041-630-1269,2025-06-30,4600000,충청남도 홍성군
전국도시공원정보표준데이터,https://www.data.go.kr/data/15012890/standard.do,2025-06-30,place,7호 소공원,소공원,충청남도 홍성군,충청남도 홍성군 서부면 거차리 405-38,36.5608516,126.4706011,"7호 소공원은(는) 소공원으로, 아이의 생활권 동화 배경으로 사용할 수 있다.",아이의 집 주변 산책·탐험 동화 배경,"공원에서 색깔, 나무, 놀이시설을 찾아보는 관찰 미션",4-7;8-10,공원;소공원,44800-00060,7호 소공원,소공원,,충청남도 홍성군 서부면 거차리 405-38,9259,,,,,,2018-02-28,충청남도 홍성군,041-630-1269,2025-06-30,4600000,충청남도 홍성군
전국도시공원정보표준데이터,https://www.data.go.kr/data/15012890/standard.do,2025-06-30,place,역세권1호 소공원,소공원,충청남도 홍성군,충청남도 홍성군 홍성읍 고암리 492-4,36.60240225,126.678417,"역세권1호 소공원은(는) 소공원으로, 아이의 생활권 동화 배경으로 사용할 수 있다.",아이의 집 주변 산책·탐험 동화 배경,"공원에서 색깔, 나무, 놀이시설을 찾아보는 관찰 미션",4-7;8-10,공원;소공원,44800-00061,역세권1호 소공원,소공원,,충청남도 홍성군 홍성읍 고암리 492-4,1143,,,,,,2001-08-20,충청남도 홍성군,041-630-1269,2025-06-30,4600000,충청남도 홍성군
전국도시공원정보표준데이터,https://www.data.go.kr/data/15012890/standard.do,2025-06-30,place,역세권2호 소공원,소공원,충청남도 홍성군,충청남도 홍성군 홍성읍 고암리 475-1,36.6022418,126.6802195,"역세권2호 소공원은(는) 소공원으로, 아이의 생활권 동화 배경으로 사용할 수 있다.",아이의 집 주변 산책·탐험 동화 배경,"공원에서 색깔, 나무, 놀이시설을 찾아보는 관찰 미션",4-7;8-10,공원;소공원,44800-00062,역세권2호 소공원,소공원,,충청남도 홍성군 홍성읍 고암리 475-1,2714,,,,,,2001-08-20,충청남도 홍성군,041-630-1269,2025-06-30,4600000,충청남도 홍성군
전국도시공원정보표준데이터,https://www.data.go.kr/data/15012890/standard.do,2025-06-30,place,역세권3호 소공원,소공원,충청남도 홍성군,충청남도 홍성군 홍성읍 고암리 431-1,36.59745492,126.6802622,"역세권3호 소공원은(는) 소공원으로, 아이의 생활권 동화 배경으로 사용할 수 있다.",아이의 집 주변 산책·탐험 동화 배경,"공원에서 색깔, 나무, 놀이시설을 찾아보는 관찰 미션",4-7;8-10,공원;소공원,44800-00063,역세권3호 소공원,소공원,,충청남도 홍성군 홍성읍 고암리 431-1,2594,,,,,,2001-08-20,충청남도 홍성군,041-630-1269,2025-06-30,4600000,충청남도 홍성군
전국도시공원정보표준데이터,https://www.data.go.kr/data/15012890/standard.do,2025-06-30,place,역세권4호 소공원,소공원,충청남도 홍성군,충청남도 홍성군 홍성읍 고암리 463-3,36.60111632,126.6803345,"역세권4호 소공원은(는) 소공원으로, 아이의 생활권 동화 배경으로 사용할 수 있다.",아이의 집 주변 산책·탐험 동화 배경,"공원에서 색깔, 나무, 놀이시설을 찾아보는 관찰 미션",4-7;8-10,공원;소공원,44800-00064,역세권4호 소공원,소공원,,충청남도 홍성군 홍성읍 고암리 463-3,961,,,,,,2001-08-20,충청남도 홍성군,041-630-1269,2025-06-30,4600000,충청남도 홍성군
전국도시공원정보표준데이터,https://www.data.go.kr/data/15012890/standard.do,2025-06-30,place,오관공원,소공원,충청남도 홍성군,충청남도 홍성군 홍성읍 오관리 359,36.59705184,126.6659825,"오관공원은(는) 소공원으로, 아이의 생활권 동화 배경으로 사용할 수 있다.",아이의 집 주변 산책·탐험 동화 배경,"공원에서 색깔, 나무, 놀이시설을 찾아보는 관찰 미션",4-7;8-10,공원;소공원,44800-00065,오관공원,소공원,,충청남도 홍성군 홍성읍 오관리 359,465,,,,,,2020-06-30,충청남도 홍성군,041-630-1269,2025-06-30,4600000,충청남도 홍성군
전국도시공원정보표준데이터,https://www.data.go.kr/data/15012890/standard.do,2025-06-30,place,신진공원,소공원,충청남도 홍성군,충청남도 홍성군 광천읍 신진리 398-2,36.50578364,126.6231039,"신진공원은(는) 소공원으로, 아이의 생활권 동화 배경으로 사용할 수 있다.",아이의 집 주변 산책·탐험 동화 배경,"공원에서 색깔, 나무, 놀이시설을 찾아보는 관찰 미션",4-7;8-10,공원;소공원,44800-00066,신진공원,소공원,,충청남도 홍성군 광천읍 신진리 398-2,579,,,,,,2020-06-30,충청남도 홍성군,041-630-1269,2025-06-30,4600000,충청남도 홍성군
전국도시공원정보표준데이터,https://www.data.go.kr/data/15012890/standard.do,2025-06-30,place,27호 소공원,소공원,충청남도 홍성군,충청남도 홍성군 홍성읍 남장리 439-3,36.57675699,126.652731,"27호 소공원은(는) 소공원으로, 아이의 생활권 동화 배경으로 사용할 수 있다.",아이의 집 주변 산책·탐험 동화 배경,"공원에서 색깔, 나무, 놀이시설을 찾아보는 관찰 미션",4-7;8-10,공원;소공원,44800-00067,27호 소공원,소공원,,충청남도 홍성군 홍성읍 남장리 439-3,4000,,,,,,2020-07-30,충청남도 홍성군,041-630-1269,2025-06-30,4600000,충청남도 홍성군
전국도시공원정보표준데이터,https://www.data.go.kr/data/15012890/standard.do,2025-06-30,place,신진제2공원,소공원,충청남도 홍성군,충청남도 홍성군 광천읍 신진리 380-14,36.50803261,126.6239036,"신진제2공원은(는) 소공원으로, 아이의 생활권 동화 배경으로 사용할 수 있다.",아이의 집 주변 산책·탐험 동화 배경,"공원에서 색깔, 나무, 놀이시설을 찾아보는 관찰 미션",4-7;8-10,공원;소공원,44800-00068,신진제2공원,소공원,,충청남도 홍성군 광천읍 신진리 380-14,567,,,,,,2021-09-30,충청남도 홍성군,041-630-1269,2025-06-30,4600000,충청남도 홍성군
전국도시공원정보표준데이터,https://www.data.go.kr/data/15012890/standard.do,2025-06-30,place,두레2소공원(홍성1),소공원,충청남도 홍성군,충청남도 홍성군 홍북읍 신경리 599,36.660257,126.682714,"두레2소공원(홍성1)은(는) 소공원으로, 아이의 생활권 동화 배경으로 사용할 수 있다.",아이의 집 주변 산책·탐험 동화 배경,"공원에서 색깔, 나무, 놀이시설을 찾아보는 관찰 미션",4-7;8-10,공원;소공원,44800-00069,두레2소공원(홍성1),소공원,,충청남도 홍성군 홍북읍 신경리 599,1371.3,,,,,,2009-03-20,충청남도 홍성군,041-630-9593,2025-06-30,4600000,충청남도 홍성군
전국도시공원정보표준데이터,https://www.data.go.kr/data/15012890/standard.do,2025-06-30,place,두레4소공원(홍성3),소공원,충청남도 홍성군,충청남도 홍성군 홍북읍 신경리 664,36.657683,126.683178,"두레4소공원(홍성3)은(는) 소공원으로, 아이의 생활권 동화 배경으로 사용할 수 있다.",아이의 집 주변 산책·탐험 동화 배경,"공원에서 색깔, 나무, 놀이시설을 찾아보는 관찰 미션",4-7;8-10,공원;소공원,44800-00070,두레4소공원(홍성3),소공원,,충청남도 홍성군 홍북읍 신경리 664,1129.8,,,,,,2009-03-20,충청남도 홍성군,041-630-9593,2025-06-30,4600000,충청남도 홍성군
전국도시공원정보표준데이터,https://www.data.go.kr/data/15012890/standard.do,2025-06-30,place,두레5소공원(홍성4),소공원,충청남도 홍성군,충청남도 홍성군 홍북읍 신경리 634,36.658983,126.682774,"두레5소공원(홍성4)은(는) 소공원으로, 아이의 생활권 동화 배경으로 사용할 수 있다.",아이의 집 주변 산책·탐험 동화 배경,"공원에서 색깔, 나무, 놀이시설을 찾아보는 관찰 미션",4-7;8-10,공원;소공원,44800-00071,두레5소공원(홍성4),소공원,,충청남도 홍성군 홍북읍 신경리 634,1340.8,,,,,,2009-03-20,충청남도 홍성군,041-630-9593,2025-06-30,4600000,충청남도 홍성군
전국도시공원정보표준데이터,https://www.data.go.kr/data/15012890/standard.do,2025-06-30,place,두레6소공원(홍성5),소공원,충청남도 홍성군,충청남도 홍성군 홍북읍 신경리 847,36.657681,126.685889,"두레6소공원(홍성5)은(는) 소공원으로, 아이의 생활권 동화 배경으로 사용할 수 있다.",아이의 집 주변 산책·탐험 동화 배경,"공원에서 색깔, 나무, 놀이시설을 찾아보는 관찰 미션",4-7;8-10,공원;소공원,44800-00072,두레6소공원(홍성5),소공원,,충청남도 홍성군 홍북읍 신경리 847,1409.2,,,,,,2009-03-20,충청남도 홍성군,041-630-9593,2025-06-30,4600000,충청남도 홍성군
전국도시공원정보표준데이터,https://www.data.go.kr/data/15012890/standard.do,2025-06-30,place,임시소공원1,소공원,충청남도 홍성군,충청남도 홍성군 홍북읍 신경리 512-48일원,36.6464626,126.6635056,"임시소공원1은(는) 소공원으로, 아이의 생활권 동화 배경으로 사용할 수 있다.",아이의 집 주변 산책·탐험 동화 배경,"공원에서 색깔, 나무, 놀이시설을 찾아보는 관찰 미션",4-7;8-10,공원;소공원,44800-00073,임시소공원1,소공원,,충청남도 홍성군 홍북읍 신경리 512-48일원,738,,,,,,2012-09-19,충청남도 홍성군,041-630-9593,2025-06-30,4600000,충청남도 홍성군
전국도시공원정보표준데이터,https://www.data.go.kr/data/15012890/standard.do,2026-01-01,place,무지개,어린이공원,서울특별시 도봉구,서울특별시 도봉구 도봉로169나길,37.685648,127.045024,"무지개은(는) 어린이공원으로, 아이의 생활권 동화 배경으로 사용할 수 있다.",아이의 집 주변 산책·탐험 동화 배경,"공원에서 색깔, 나무, 놀이시설을 찾아보는 관찰 미션",4-7;8-10,공원;어린이공원,11320-00034,무지개,어린이공원,서울특별시 도봉구 도봉로169나길,서울특별시 도봉구 도봉동 570-13,921,,,,,,,,,2026-01-01,3090000,서울특별시 도봉구
전국도시공원정보표준데이터,https://www.data.go.kr/data/15012890/standard.do,2025-06-30,place,임시소공원2,소공원,충청남도 홍성군,충청남도 홍성군 홍북읍 신경리 512-52일원,36.645986,126.6636032,"임시소공원2은(는) 소공원으로, 아이의 생활권 동화 배경으로 사용할 수 있다.",아이의 집 주변 산책·탐험 동화 배경,"공원에서 색깔, 나무, 놀이시설을 찾아보는 관찰 미션",4-7;8-10,공원;소공원,44800-00074,임시소공원2,소공원,,충청남도 홍성군 홍북읍 신경리 512-52일원,1156,,,,,,2012-09-19,충청남도 홍성군,041-630-9593,2025-06-30,4600000,충청남도 홍성군
전국도시공원정보표준데이터,https://www.data.go.kr/data/15012890/standard.do,2025-06-30,place,천주교역사공원,역사공원,충청남도 홍성군,충청남도 홍성군 홍성읍 오관리 1,36.604529,126.668934,"천주교역사공원은(는) 역사공원으로, 아이의 생활권 동화 배경으로 사용할 수 있다.",아이의 집 주변 산책·탐험 동화 배경,"공원에서 색깔, 나무, 놀이시설을 찾아보는 관찰 미션",4-7;8-10,공원;역사공원,44800-00075,천주교역사공원,역사공원,,충청남도 홍성군 홍성읍 오관리 1,5134,,,화장실,,,2009-08-31,충청남도 홍성군,041-630-1269,2025-06-30,4600000,충청남도 홍성군
전국도시공원정보표준데이터,https://www.data.go.kr/data/15012890/standard.do,2025-06-30,place,만해공원,역사공원,충청남도 홍성군,충청남도 홍성군 결성면 성곡리 20-1,36.56214158,126.5529499,"만해공원은(는) 역사공원으로, 아이의 생활권 동화 배경으로 사용할 수 있다.",아이의 집 주변 산책·탐험 동화 배경,"공원에서 색깔, 나무, 놀이시설을 찾아보는 관찰 미션",4-7;8-10,공원;역사공원,44800-00076,만해공원,역사공원,,충청남도 홍성군 결성면 성곡리 20-1,50496,,,,,,2020-01-20,충청남도 홍성군,041-630-1269,2025-06-30,4600000,충청남도 홍성군
전국도시공원정보표준데이터,https://www.data.go.kr/data/15012890/standard.do,2025-06-30,place,홍예공원(홍성1),문화공원,충청남도 홍성군,충청남도 홍성군 홍북읍 신경리 886,36.654562,126.665506,"홍예공원(홍성1)은(는) 문화공원으로, 아이의 생활권 동화 배경으로 사용할 수 있다.",아이의 집 주변 산책·탐험 동화 배경,보훈전시관,4-7;8-10,공원;문화공원;보훈전시관,44800-00077,홍예공원(홍성1),문화공원,,충청남도 홍성군 홍북읍 신경리 886,204699.3,,,주차장+ 화장실+ 전망대,보훈전시관,,2009-03-20,충청남도 홍성군,041-630-9593,2025-06-30,4600000,충청남도 홍성군
전국도시공원정보표준데이터,https://www.data.go.kr/data/15012890/standard.do,2025-05-01,place,목련공원,소공원,대구광역시 남구,대구광역시 남구 봉덕로2길 31,35.84372529,128.5913934,"목련공원은(는) 소공원으로, 아이의 생활권 동화 배경으로 사용할 수 있다.",아이의 집 주변 산책·탐험 동화 배경,조합놀이대,4-7;8-10,공원;소공원;조합놀이대,27200-00005,목련공원,소공원,대구광역시 남구 봉덕로2길 31,대구광역시 남구 봉덕동 1005-4,667.1,,조합놀이대,,,,1966-08-27,대구광역시 남구청,053-664-2784,2025-05-01,3440000,대구광역시 남구
전국도시공원정보표준데이터,https://www.data.go.kr/data/15012890/standard.do,2025-05-01,place,명덕공원,어린이공원,대구광역시 남구,대구광역시 남구 두류공원로12길 25-33,35.84388048,128.5728204,"명덕공원은(는) 어린이공원으로, 아이의 생활권 동화 배경으로 사용할 수 있다.",아이의 집 주변 산책·탐험 동화 배경,조합놀이대+흔들놀이기구,4-7;8-10,공원;어린이공원;조합놀이대+흔들놀이기구,27200-00006,명덕공원,어린이공원,대구광역시 남구 두류공원로12길 25-33,대구광역시 남구 대명동 152,493.6,,조합놀이대+흔들놀이기구,,,,1966-08-27,대구광역시 남구청,053-664-2784,2025-05-01,3440000,대구광역시 남구
전국도시공원정보표준데이터,https://www.data.go.kr/data/15012890/standard.do,2025-05-01,place,무궁화공원,어린이공원,대구광역시 남구,대구광역시 남구 현충로23길 23,35.8428124,128.5781744,"무궁화공원은(는) 어린이공원으로, 아이의 생활권 동화 배경으로 사용할 수 있다.",아이의 집 주변 산책·탐험 동화 배경,조합놀이대,4-7;8-10,공원;어린이공원;조합놀이대,27200-00007,무궁화공원,어린이공원,대구광역시 남구 현충로23길 23,대구광역시 남구 대명동 1668-10,1660.8,,조합놀이대,,,,1967-08-10,대구광역시 남구청,053-664-2784,2025-05-01,3440000,대구광역시 남구
전국도시공원정보표준데이터,https://www.data.go.kr/data/15012890/standard.do,2025-05-01,place,중앙공원,어린이공원,대구광역시 남구,대구광역시 남구 대명로20길 28,35.83788281,128.567714,"중앙공원은(는) 어린이공원으로, 아이의 생활권 동화 배경으로 사용할 수 있다.",아이의 집 주변 산책·탐험 동화 배경,조합놀이대+흔들놀이기구+시소+오르는기구,4-7;8-10,공원;어린이공원;조합놀이대+흔들놀이기구+시소+오르는기구,27200-00008,중앙공원,어린이공원,대구광역시 남구 대명로20길 28,대구광역시 남구 대명동 1046,1320.7,,조합놀이대+흔들놀이기구+시소+오르는기구,화장실,,,1967-08-10,대구광역시 남구청,053-664-2784,2025-05-01,3440000,대구광역시 남구
전국도시공원정보표준데이터,https://www.data.go.kr/data/15012890/standard.do,2025-05-01,place,대덕공원,어린이공원,대구광역시 남구,대구광역시 남구 대명동 444-1,35.83852208,128.581824,"대덕공원은(는) 어린이공원으로, 아이의 생활권 동화 배경으로 사용할 수 있다.",아이의 집 주변 산책·탐험 동화 배경,조합놀이대+흔들놀이기구+시소+놀이집+건너는기구,4-7;8-10,공원;어린이공원;조합놀이대+흔들놀이기구+시소+놀이집+건너는기구,27200-00009,대덕공원,어린이공원,,대구광역시 남구 대명동 444-1,1320.3,,조합놀이대+흔들놀이기구+시소+놀이집+건너는기구,,,,1967-08-10,대구광역시 남구청,053-664-2784,2025-05-01,3440000,대구광역시 남구
전국도시공원정보표준데이터,https://www.data.go.kr/data/15012890/standard.do,2025-05-01,place,안지랑공원,어린이공원,대구광역시 남구,대구광역시 남구 대명로30길 21,35.83833677,128.5741367,"안지랑공원은(는) 어린이공원으로, 아이의 생활권 동화 배경으로 사용할 수 있다.",아이의 집 주변 산책·탐험 동화 배경,조합놀이대+흔들놀이기구,4-7;8-10,공원;어린이공원;조합놀이대+흔들놀이기구,27200-00010,안지랑공원,어린이공원,대구광역시 남구 대명로30길 21,대구광역시 남구 대명동 895,1320,,조합놀이대+흔들놀이기구,,,,1967-08-10,대구광역시 남구청,053-664-2784,2025-05-01,3440000,대구광역시 남구
전국도시공원정보표준데이터,https://www.data.go.kr/data/15012890/standard.do,2025-05-01,place,관문공원,어린이공원,대구광역시 남구,대구광역시 남구 관문시장4길 53,35.83624135,128.5606358,"관문공원은(는) 어린이공원으로, 아이의 생활권 동화 배경으로 사용할 수 있다.",아이의 집 주변 산책·탐험 동화 배경,조합놀이대+흔들놀이기구,4-7;8-10,공원;어린이공원;조합놀이대+흔들놀이기구,27200-00011,관문공원,어린이공원,대구광역시 남구 관문시장4길 53,대구광역시 남구 대명동 1180-1,748.6,,조합놀이대+흔들놀이기구,,,,1967-08-10,대구광역시 남구청,053-664-2784,2025-05-01,3440000,대구광역시 남구
전국도시공원정보표준데이터,https://www.data.go.kr/data/15012890/standard.do,2025-05-01,place,백합공원,어린이공원,대구광역시 남구,대구광역시 남구 대명역6길 48,35.83269131,128.5640623,"백합공원은(는) 어린이공원으로, 아이의 생활권 동화 배경으로 사용할 수 있다.",아이의 집 주변 산책·탐험 동화 배경,조합놀이대+흔들놀이기구+공중놀이기구,4-7;8-10,공원;어린이공원;조합놀이대+흔들놀이기구+공중놀이기구,27200-00012,백합공원,어린이공원,대구광역시 남구 대명역6길 48,대구광역시 남구 대명동 1540,1341.5,,조합놀이대+흔들놀이기구+공중놀이기구,,,,1967-08-10,대구광역시 남구청,053-664-2784,2025-05-01,3440000,대구광역시 남구
전국도시공원정보표준데이터,https://www.data.go.kr/data/15012890/standard.do,2025-05-01,place,앵두마을공원,어린이공원,대구광역시 남구,대구광역시 남구 두류공원로12길 17-25,35.8439276,128.5722939,"앵두마을공원은(는) 어린이공원으로, 아이의 생활권 동화 배경으로 사용할 수 있다.",아이의 집 주변 산책·탐험 동화 배경,그네+미끄럼틀+건너는기구,4-7;8-10,공원;어린이공원;그네+미끄럼틀+건너는기구,27200-00013,앵두마을공원,어린이공원,대구광역시 남구 두류공원로12길 17-25,대구광역시 남구 대명동 1224-8,1161,,그네+미끄럼틀+건너는기구,,,,1969-05-21,대구광역시 남구청,053-664-2784,2025-05-01,3440000,대구광역시 남구
전국도시공원정보표준데이터,https://www.data.go.kr/data/15012890/standard.do,2025-05-01,place,성명공원,어린이공원,대구광역시 남구,대구광역시 남구 성명공원길 49,35.8476391,128.5713899,"성명공원은(는) 어린이공원으로, 아이의 생활권 동화 배경으로 사용할 수 있다.",아이의 집 주변 산책·탐험 동화 배경,조합놀이대+흔들놀이기구+시소,4-7;8-10,공원;어린이공원;조합놀이대+흔들놀이기구+시소,27200-00014,성명공원,어린이공원,대구광역시 남구 성명공원길 49,대구광역시 남구 대명동 3038-1,1163.6,,조합놀이대+흔들놀이기구+시소,,,,1969-05-21,대구광역시 남구청,053-664-2784,2025-05-01,3440000,대구광역시 남구
전국도시공원정보표준데이터,https://www.data.go.kr/data/15012890/standard.do,2025-05-01,place,영선공원,소공원,대구광역시 남구,대구광역시 남구 영선길 34,35.853885,128.5915237,"영선공원은(는) 소공원으로, 아이의 생활권 동화 배경으로 사용할 수 있다.",아이의 집 주변 산책·탐험 동화 배경,"공원에서 색깔, 나무, 놀이시설을 찾아보는 관찰 미션",4-7;8-10,공원;소공원,27200-00016,영선공원,소공원,대구광역시 남구 영선길 34,대구광역시 남구 대명동 2003-1,1005,,,,,,2008-01-30,대구광역시 남구청,053-664-2784,2025-05-01,3440000,대구광역시 남구
전국도시공원정보표준데이터,https://www.data.go.kr/data/15012890/standard.do,2025-05-01,place,삼정골소공원,소공원,대구광역시 남구,대구광역시 남구 봉덕동 1643,35.8377851839,128.5953594,"삼정골소공원은(는) 소공원으로, 아이의 생활권 동화 배경으로 사용할 수 있다.",아이의 집 주변 산책·탐험 동화 배경,"공원에서 색깔, 나무, 놀이시설을 찾아보는 관찰 미션",4-7;8-10,공원;소공원,27200-00017,삼정골소공원,소공원,,대구광역시 남구 봉덕동 1643,709.8,,,,,,2009-10-12,대구광역시 남구청,053-664-2784,2025-05-01,3440000,대구광역시 남구
전국도시공원정보표준데이터,https://www.data.go.kr/data/15012890/standard.do,2025-06-27,place,진천3호공원,기타,충청북도 진천군,충청북도 진천군 진천읍 문진로 1411-38,36.85335736,127.4231938,"진천3호공원은(는) 기타으로, 아이의 생활권 동화 배경으로 사용할 수 있다.",아이의 집 주변 산책·탐험 동화 배경,"공원에서 색깔, 나무, 놀이시설을 찾아보는 관찰 미션",4-7;8-10,공원;기타,43750-00001,진천3호공원,기타,충청북도 진천군 진천읍 문진로 1411-38,충청북도 진천군 진천읍 벽암리 산 19-5,50016,,,,,,1977-11-23,충청북도 진천군청,043-539-3587,2025-06-27,4450000,충청북도 진천군
전국도시공원정보표준데이터,https://www.data.go.kr/data/15012890/standard.do,2025-06-27,place,진천1호공원,근린공원,충청북도 진천군,충청북도 진천군 진천읍 중앙서1길 29,36.85792637,127.4396775,"진천1호공원은(는) 근린공원으로, 아이의 생활권 동화 배경으로 사용할 수 있다.",아이의 집 주변 산책·탐험 동화 배경,조합놀이대 1+ 시소 1+ 흔들놀이 3; 간이운동시설 17+야외농구대 1,4-7;8-10,공원;근린공원;조합놀이대;1+;시소;흔들놀이;3;간이운동시설;17+야외농구대;1,43750-00002,진천1호공원,근린공원,충청북도 진천군 진천읍 중앙서1길 29,충청북도 진천군 진천읍 읍내리 347-14,33380,간이운동시설 17+야외농구대 1,조합놀이대 1+ 시소 1+ 흔들놀이 3,화장실 1+ 사각파고라 4+ 자전거보관대 1+ 음수대 1,,,1977-11-23,충청북도 진천군청,043-539-3587,2025-06-27,4450000,충청북도 진천군
전국도시공원정보표준데이터,https://www.data.go.kr/data/15012890/standard.do,2025-06-27,place,광혜원공원,근린공원,충청북도 진천군,충청북도 진천군 광혜원면 화랑5길 39,36.9942363,127.4383117,"광혜원공원은(는) 근린공원으로, 아이의 생활권 동화 배경으로 사용할 수 있다.",아이의 집 주변 산책·탐험 동화 배경,조합놀이대 1; 야외운동기구 5,4-7;8-10,공원;근린공원;조합놀이대;1;야외운동기구;5,43750-00003,광혜원공원,근린공원,충청북도 진천군 광혜원면 화랑5길 39,충청북도 진천군 광혜원면 광혜원리 529-2,11704,야외운동기구 5,조합놀이대 1,정자 1+ 음수대 1+ 화장실 1,,컨테이너 1+ 야외무대 1,1989-03-03,충청북도 진천군청,043-539-3587,2025-06-27,4450000,충청북도 진천군
전국도시공원정보표준데이터,https://www.data.go.kr/data/15012890/standard.do,2025-06-27,place,공단공원,체육공원,충청북도 진천군,충청북도 진천군 광혜원면 광혜원리 665-3,36.98507186,127.4377032,"공단공원은(는) 체육공원으로, 아이의 생활권 동화 배경으로 사용할 수 있다.",아이의 집 주변 산책·탐험 동화 배경,"공원에서 색깔, 나무, 놀이시설을 찾아보는 관찰 미션",4-7;8-10,공원;체육공원,43750-00004,공단공원,체육공원,,충청북도 진천군 광혜원면 광혜원리 665-3,23595,,,,,,1989-03-03,충청북도 진천군청,043-539-3587,2025-06-27,4450000,충청북도 진천군
전국도시공원정보표준데이터,https://www.data.go.kr/data/15012890/standard.do,2025-06-27,place,덕산1호공원,근린공원,충청북도 진천군,충청북도 진천군 덕산읍 덕금로 815-24,36.91490259,127.5092614,"덕산1호공원은(는) 근린공원으로, 아이의 생활권 동화 배경으로 사용할 수 있다.",아이의 집 주변 산책·탐험 동화 배경,어린이놀이시설 4; 체력단련시설 4,4-7;8-10,공원;근린공원;어린이놀이시설;4;체력단련시설,43750-00005,덕산1호공원,근린공원,충청북도 진천군 덕산읍 덕금로 815-24,충청북도 진천군 덕산읍 용몽리 640-17,14210,체력단련시설 4,어린이놀이시설 4,정자 3+ 파고라 3+ 야외무대1+ 음수대 2+ 화장실 1,,,1993-02-18,충청북도 진천군청,043-539-3587,2025-06-27,4450000,충청북도 진천군
전국도시공원정보표준데이터,https://www.data.go.kr/data/15012890/standard.do,2025-06-27,place,광혜원 5호 어린이공원,어린이공원,충청북도 진천군,충청북도 진천군 광혜원면 광혜원산단2길 135,36.98921822,127.436107,"광혜원 5호 어린이공원은(는) 어린이공원으로, 아이의 생활권 동화 배경으로 사용할 수 있다.",아이의 집 주변 산책·탐험 동화 배경,"공원에서 색깔, 나무, 놀이시설을 찾아보는 관찰 미션",4-7;8-10,공원;어린이공원,43750-00006,광혜원 5호 어린이공원,어린이공원,충청북도 진천군 광혜원면 광혜원산단2길 135,충청북도 진천군 광혜원면 광혜원리 571-12,1886,,,,,,1999-02-12,충청북도 진천군청,043-539-3587,2025-06-27,4450000,충청북도 진천군
전국도시공원정보표준데이터,https://www.data.go.kr/data/15012890/standard.do,2025-06-27,place,윗말공원,근린공원,충청북도 진천군,충청북도 진천군 덕산읍 두촌리 3127,36.91097902,127.5353874,"윗말공원은(는) 근린공원으로, 아이의 생활권 동화 배경으로 사용할 수 있다.",아이의 집 주변 산책·탐험 동화 배경,트윈트위스트2+바웨이트2,4-7;8-10,공원;근린공원;트윈트위스트2+바웨이트2,43750-00008,윗말공원,근린공원,,충청북도 진천군 덕산읍 두촌리 3127,10087,트윈트위스트2+바웨이트2,,사각평상2+,,,2007-12-07,충청북도 진천군청,043-539-3587,2025-06-27,4450000,충청북도 진천군
전국도시공원정보표준데이터,https://www.data.go.kr/data/15012890/standard.do,2025-06-27,place,옥동공원,근린공원,충청북도 진천군,충청북도 진천군 덕산읍 연미로 185,36.90918806,127.5342158,"옥동공원은(는) 근린공원으로, 아이의 생활권 동화 배경으로 사용할 수 있다.",아이의 집 주변 산책·탐험 동화 배경,트윈트위스트2+트윈바디싣업1+트윈워밍암2+레그프레스1+크로스컨트리1+스텝싸이클1+워밍암1+풀웨이트1,4-7;8-10,공원;근린공원;트윈트위스트2+트윈바디싣업1+트윈워밍암2+레그프레스1+크로스컨트리1+스텝싸이클1+워밍암1+풀웨이트1,43750-00009,옥동공원,근린공원,충청북도 진천군 덕산읍 연미로 185,충청북도 진천군 덕산읍 두촌리 2407,46531,트윈트위스트2+트윈바디싣업1+트윈워밍암2+레그프레스1+크로스컨트리1+스텝싸이클1+워밍암1+풀웨이트1,,평의자8+등의자37+사각평상8+앉음벽84+파고라7+방향안내판3+종합안내판2+자전거보관대32+,,돌담1식+,2007-12-07,충청북도 진천군청,043-539-3587,2025-06-27,4450000,충청북도 진천군
전국도시공원정보표준데이터,https://www.data.go.kr/data/15012890/standard.do,2025-06-27,place,두레봉공원,근린공원,충청북도 진천군,충청북도 진천군 덕산읍 공원로 43,36.9059929,127.5361792,"두레봉공원은(는) 근린공원으로, 아이의 생활권 동화 배경으로 사용할 수 있다.",아이의 집 주변 산책·탐험 동화 배경,파워프레스6+풀웨이트3+러닝싸이클4+레그프레스2+트위스트8+바디싣업2+,4-7;8-10,공원;근린공원;파워프레스6+풀웨이트3+러닝싸이클4+레그프레스2+트위스트8+바디싣업2+,43750-00010,두레봉공원,근린공원,충청북도 진천군 덕산읍 공원로 43,충청북도 진천군 덕산읍 두촌리 2447,157788,파워프레스6+풀웨이트3+러닝싸이클4+레그프레스2+트위스트8+바디싣업2+,,평의자52+등의자83+사각야외테이블3+앉음벽18+화장실1+음수전1+전망데크1식+사모정1+데크1식+데크로드1식+자전거보관대40+파고라11+종합안내판3+방향안내판7,,장식벽7+돌담1식+연못1+,2007-12-07,충청북도 진천군청,043-539-3587,2025-06-27,4450000,충청북도 진천군
전국도시공원정보표준데이터,https://www.data.go.kr/data/15012890/standard.do,2025-06-27,place,원봉공원,근린공원,충청북도 진천군,충청북도 진천군 덕산읍 두촌리 2593,36.90398387,127.5376977,"원봉공원은(는) 근린공원으로, 아이의 생활권 동화 배경으로 사용할 수 있다.",아이의 집 주변 산책·탐험 동화 배경,풀웨이트1+파워프레스1+트위스트1+,4-7;8-10,공원;근린공원;풀웨이트1+파워프레스1+트위스트1+,43750-00011,원봉공원,근린공원,,충청북도 진천군 덕산읍 두촌리 2593,28263,풀웨이트1+파워프레스1+트위스트1+,,평의자3+등의자16+사각평상6+조형평의자4+앉음벽103+파고라1+종합안내판2,,,2007-12-07,충청북도 진천군청,043-539-3587,2025-06-27,4450000,충청북도 진천군
전국도시공원정보표준데이터,https://www.data.go.kr/data/15012890/standard.do,2026-03-13,place,숙성2리 마을쉼터,기타,경기도 평택시,경기도 평택시 오성면 숙성리 622-24,37.002628,126.976534,"숙성2리 마을쉼터은(는) 기타으로, 아이의 생활권 동화 배경으로 사용할 수 있다.",아이의 집 주변 산책·탐험 동화 배경,고무칩포장+그네+시소; 다리뻗치기+등허리펴기+배드민턴대+옆파도타기+온몸허리돌리기+족구장+하늘걷기,4-7;8-10,공원;기타;고무칩포장+그네+시소;다리뻗치기+등허리펴기+배드민턴대+옆파도타기+온몸허리돌리기+족구장+하늘걷기,41220-00453,숙성2리 마을쉼터,기타,,경기도 평택시 오성면 숙성리 622-24,1243,다리뻗치기+등허리펴기+배드민턴대+옆파도타기+온몸허리돌리기+족구장+하늘걷기,고무칩포장+그네+시소,음수전,,배수관+상수관+자연석쌓기+제수변+집수정,,경기도 평택시청,031-8024-4248,2026-03-13,3910000,경기도 평택시
전국도시공원정보표준데이터,https://www.data.go.kr/data/15012890/standard.do,2026-03-13,place,송담5길 어린이공원(안중 송담지구),어린이공원,경기도 평택시,경기도 평택시 안중읍 송담리 660,36.978327,126.931769,"송담5길 어린이공원(안중 송담지구)은(는) 어린이공원으로, 아이의 생활권 동화 배경으로 사용할 수 있다.",아이의 집 주변 산책·탐험 동화 배경,고무칩포장+버섯의자+시소+인공암벽놀이대+조합놀이대+회전놀이대,4-7;8-10,공원;어린이공원;고무칩포장+버섯의자+시소+인공암벽놀이대+조합놀이대+회전놀이대,41220-00505,송담5길 어린이공원(안중 송담지구),어린이공원,,경기도 평택시 안중읍 송담리 660,1518,,고무칩포장+버섯의자+시소+인공암벽놀이대+조합놀이대+회전놀이대,,,U형측구+수목보호판+집수정+흉관,2006-02-06,경기도 평택시청,031-8024-4248,2026-03-13,3910000,경기도 평택시
전국도시공원정보표준데이터,https://www.data.go.kr/data/15012890/standard.do,2026-03-13,place,송담6길 어린이공원(안중 송담지구),어린이공원,경기도 평택시,경기도 평택시 안중읍 송담리 862,36.981261,126.9292127,"송담6길 어린이공원(안중 송담지구)은(는) 어린이공원으로, 아이의 생활권 동화 배경으로 사용할 수 있다.",아이의 집 주변 산책·탐험 동화 배경,고무칩포장+그네+그네보호대+조합놀이대+흔들놀이,4-7;8-10,공원;어린이공원;고무칩포장+그네+그네보호대+조합놀이대+흔들놀이,41220-00506,송담6길 어린이공원(안중 송담지구),어린이공원,,경기도 평택시 안중읍 송담리 862,1525,,고무칩포장+그네+그네보호대+조합놀이대+흔들놀이,,,U형측구+수목보호판+집수정+흉관,2006-02-06,경기도 평택시청,031-8024-4248,2026-03-13,3910000,경기도 평택시
전국도시공원정보표준데이터,https://www.data.go.kr/data/15012890/standard.do,2025-05-28,place,느티나무,어린이공원,대전광역시 서구,대전광역시 서구 복수동 898,36.29670138,127.379542,"느티나무은(는) 어린이공원으로, 아이의 생활권 동화 배경으로 사용할 수 있다.",아이의 집 주변 산책·탐험 동화 배경,조합놀이대외3종; 노르딕머신외1종,4-7;8-10,공원;어린이공원;조합놀이대외3종;노르딕머신외1종,30170-00076,느티나무,어린이공원,,대전광역시 서구 복수동 898,1600,노르딕머신외1종,조합놀이대외3종,,,공원등4주 외5종,1996-06-25,대전광역시 서구청,042-288-3623,2025-05-28,3660000,대전광역시 서구
전국도시공원정보표준데이터,https://www.data.go.kr/data/15012890/standard.do,2025-05-28,place,옻샘,어린이공원,대전광역시 서구,대전광역시 서구 복수동 815,36.295968,127.376842,"옻샘은(는) 어린이공원으로, 아이의 생활권 동화 배경으로 사용할 수 있다.",아이의 집 주변 산책·탐험 동화 배경,조합놀이대외 2종; 베드민턴장외3종,4-7;8-10,공원;어린이공원;조합놀이대외;2종;베드민턴장외3종,30170-00077,옻샘,어린이공원,,대전광역시 서구 복수동 815,1694.5,베드민턴장외3종,조합놀이대외 2종,,,공원등6주 외5종,1996-06-25,대전광역시 서구청,042-288-3623,2025-05-28,3660000,대전광역시 서구
전국도시공원정보표준데이터,https://www.data.go.kr/data/15012890/standard.do,2026-01-01,place,대창,어린이공원,서울특별시 도봉구,서울특별시 도봉구 도봉로136길,37.64436186,127.0522613,"대창은(는) 어린이공원으로, 아이의 생활권 동화 배경으로 사용할 수 있다.",아이의 집 주변 산책·탐험 동화 배경,"공원에서 색깔, 나무, 놀이시설을 찾아보는 관찰 미션",4-7;8-10,공원;어린이공원,11320-00031,대창,어린이공원,서울특별시 도봉구 도봉로136길,서울특별시 도봉구 창동 38-4,1500,,,,,,,,,2026-01-01,3090000,서울특별시 도봉구
전국도시공원정보표준데이터,https://www.data.go.kr/data/15012890/standard.do,2026-04-02,place,형일공원,어린이공원,경상북도 구미시,경상북도 구미시 형곡동 133-1,36.11505544,128.3313871,"형일공원은(는) 어린이공원으로, 아이의 생활권 동화 배경으로 사용할 수 있다.",아이의 집 주변 산책·탐험 동화 배경,조합놀이대; 공중걷기,4-7;8-10,공원;어린이공원;조합놀이대;공중걷기,47190-00035,형일공원,어린이공원,,경상북도 구미시 형곡동 133-1,1500,공중걷기,조합놀이대,연식의자,,CCTV,1990-06-02,경상북도 구미시청,054-480-5572,2026-04-02,5080000,경상북도 구미시
전국도시공원정보표준데이터,https://www.data.go.kr/data/15012890/standard.do,2026-04-02,place,황상공원(꾸러기),어린이공원,경상북도 구미시,경상북도 구미시 황상동 273-1,36.11205188,128.4238376,"황상공원(꾸러기)은(는) 어린이공원으로, 아이의 생활권 동화 배경으로 사용할 수 있다.",아이의 집 주변 산책·탐험 동화 배경,조합놀이대; 공중걷기,4-7;8-10,공원;어린이공원;조합놀이대;공중걷기,47190-00033,황상공원(꾸러기),어린이공원,,경상북도 구미시 황상동 273-1,1517,공중걷기,조합놀이대,평의자,,CCTV,1987-10-15,경상북도 구미시청,054-480-5572,2026-04-02,5080000,경상북도 구미시
전국도시공원정보표준데이터,https://www.data.go.kr/data/15012890/standard.do,2026-04-02,place,효자(모래)공원,어린이공원,경상북도 구미시,경상북도 구미시 사곡동 660,36.10048905,128.3583899,"효자(모래)공원은(는) 어린이공원으로, 아이의 생활권 동화 배경으로 사용할 수 있다.",아이의 집 주변 산책·탐험 동화 배경,조합놀이대; 공중걷기,4-7;8-10,공원;어린이공원;조합놀이대;공중걷기,47190-00072,효자(모래)공원,어린이공원,,경상북도 구미시 사곡동 660,1716,공중걷기,조합놀이대,평의자,,안내판,1992-10-16,경상북도 구미시청,054-480-5572,2026-04-02,5080000,경상북도 구미시
전국도시공원정보표준데이터,https://www.data.go.kr/data/15012890/standard.do,2026-04-02,place,희망공원,어린이공원,경상북도 구미시,경상북도 구미시 송동로 105,36.14136147,128.3222939,"희망공원은(는) 어린이공원으로, 아이의 생활권 동화 배경으로 사용할 수 있다.",아이의 집 주변 산책·탐험 동화 배경,조합놀이대; 허리돌리기,4-7;8-10,공원;어린이공원;조합놀이대;허리돌리기,47190-00037,희망공원,어린이공원,경상북도 구미시 송동로 105,경상북도 구미시 도량동 112,1800,허리돌리기,조합놀이대,등의자,,안내판,1990-10-30,경상북도 구미시청,054-480-5572,2026-04-02,5080000,경상북도 구미시
전국도시공원정보표준데이터,https://www.data.go.kr/data/15012890/standard.do,2026-04-02,place,희망공원,어린이공원,경상북도 구미시,경상북도 구미시 진평동 111-3,36.09478387,128.4259552,"희망공원은(는) 어린이공원으로, 아이의 생활권 동화 배경으로 사용할 수 있다.",아이의 집 주변 산책·탐험 동화 배경,조합놀이대; 하늘걷기,4-7;8-10,공원;어린이공원;조합놀이대;하늘걷기,47190-00101,희망공원,어린이공원,,경상북도 구미시 진평동 111-3,1564,하늘걷기,조합놀이대,평의자,,CCTV,1993-10-08,경상북도 구미시청,054-480-5572,2026-04-02,5080000,경상북도 구미시
전국도시공원정보표준데이터,https://www.data.go.kr/data/15012890/standard.do,2026-04-02,place,이리공원,소공원,경상북도 구미시,경상북도 구미시 고아읍 이례리 442,36.20777781,128.325389,"이리공원은(는) 소공원으로, 아이의 생활권 동화 배경으로 사용할 수 있다.",아이의 집 주변 산책·탐험 동화 배경,"공원에서 색깔, 나무, 놀이시설을 찾아보는 관찰 미션",4-7;8-10,공원;소공원,47190-00138,이리공원,소공원,,경상북도 구미시 고아읍 이례리 442,194,,,등의자,,음수대,2009-06-08,경상북도 구미시청,054-480-5572,2026-04-02,5080000,경상북도 구미시
전국도시공원정보표준데이터,https://www.data.go.kr/data/15012890/standard.do,2026-04-02,place,이마트앞 소공원,소공원,경상북도 구미시,경상북도 구미시 광평동 77-21,36.10887845,128.3643983,"이마트앞 소공원은(는) 소공원으로, 아이의 생활권 동화 배경으로 사용할 수 있다.",아이의 집 주변 산책·탐험 동화 배경,"공원에서 색깔, 나무, 놀이시설을 찾아보는 관찰 미션",4-7;8-10,공원;소공원,47190-00151,이마트앞 소공원,소공원,,경상북도 구미시 광평동 77-21,466,,,퍼걸러,,,2012-10-04,경상북도 구미시청,054-480-5572,2026-04-02,5080000,경상북도 구미시
전국도시공원정보표준데이터,https://www.data.go.kr/data/15012890/standard.do,2026-04-02,place,인덕지 수변생태공원,수변공원,경상북도 구미시,경상북도 구미시 산동읍 인덕리 135,36.16577544,128.4660935,"인덕지 수변생태공원은(는) 수변공원으로, 아이의 생활권 동화 배경으로 사용할 수 있다.",아이의 집 주변 산책·탐험 동화 배경,"공원에서 색깔, 나무, 놀이시설을 찾아보는 관찰 미션",4-7;8-10,공원;수변공원,47190-00173,인덕지 수변생태공원,수변공원,,경상북도 구미시 산동읍 인덕리 135,2589,,,평의자,,아치교,,경상북도 구미시청,054-480-5587,2026-04-02,5080000,경상북도 구미시
전국도시공원정보표준데이터,https://www.data.go.kr/data/15012890/standard.do,2026-04-02,place,인서공원,어린이공원,경상북도 구미시,경상북도 구미시 고아읍 문성리 1333,36.16431086,128.3513511,"인서공원은(는) 어린이공원으로, 아이의 생활권 동화 배경으로 사용할 수 있다.",아이의 집 주변 산책·탐험 동화 배경,시소; 허리돌리기,4-7;8-10,공원;어린이공원;시소;허리돌리기,47190-00112,인서공원,어린이공원,,경상북도 구미시 고아읍 문성리 1333,4092,허리돌리기,시소,평의자,,,1997-09-01,경상북도 구미시청,054-480-5572,2026-04-02,5080000,경상북도 구미시
전국도시공원정보표준데이터,https://www.data.go.kr/data/15012890/standard.do,2026-04-02,place,인의공원,어린이공원,경상북도 구미시,경상북도 구미시 인의동 681-5,36.10085993,128.4261128,"인의공원은(는) 어린이공원으로, 아이의 생활권 동화 배경으로 사용할 수 있다.",아이의 집 주변 산책·탐험 동화 배경,조합놀이대; 자전거타기,4-7;8-10,공원;어린이공원;조합놀이대;자전거타기,47190-00098,인의공원,어린이공원,,경상북도 구미시 인의동 681-5,1545,자전거타기,조합놀이대,평의자,,CCTV,1993-10-08,경상북도 구미시청,054-480-5572,2026-04-02,5080000,경상북도 구미시
전국도시공원정보표준데이터,https://www.data.go.kr/data/15012890/standard.do,2026-04-02,place,자드락공원,어린이공원,경상북도 구미시,경상북도 구미시 도량동 218,36.14292195,128.3199794,"자드락공원은(는) 어린이공원으로, 아이의 생활권 동화 배경으로 사용할 수 있다.",아이의 집 주변 산책·탐험 동화 배경,조합놀이대,4-7;8-10,공원;어린이공원;조합놀이대,47190-00122,자드락공원,어린이공원,,경상북도 구미시 도량동 218,1759,,조합놀이대,평의자,,CCTV,2000-04-27,경상북도 구미시청,054-480-5572,2026-04-02,5080000,경상북도 구미시
전국도시공원정보표준데이터,https://www.data.go.kr/data/15012890/standard.do,2026-04-02,place,장고개공원,어린이공원,경상북도 구미시,경상북도 구미시 봉곡동 410-1,36.14882108,128.3155427,"장고개공원은(는) 어린이공원으로, 아이의 생활권 동화 배경으로 사용할 수 있다.",아이의 집 주변 산책·탐험 동화 배경,조합놀이대,4-7;8-10,공원;어린이공원;조합놀이대,47190-00062,장고개공원,어린이공원,,경상북도 구미시 봉곡동 410-1,1565,,조합놀이대,연식의자,,안내판,1992-09-18,경상북도 구미시청,054-480-5572,2026-04-02,5080000,경상북도 구미시
전국도시공원정보표준데이터,https://www.data.go.kr/data/15012890/standard.do,2026-04-02,place,중수공원,어린이공원,경상북도 구미시,경상북도 구미시 상모동 196,36.08868494,128.3509646,"중수공원은(는) 어린이공원으로, 아이의 생활권 동화 배경으로 사용할 수 있다.",아이의 집 주변 산책·탐험 동화 배경,조합놀이대; 공중걷기,4-7;8-10,공원;어린이공원;조합놀이대;공중걷기,47190-00047,중수공원,어린이공원,,경상북도 구미시 상모동 196,1500,공중걷기,조합놀이대,연식의자,,안내판,1992-04-04,경상북도 구미시청,054-480-5572,2026-04-02,5080000,경상북도 구미시
전국도시공원정보표준데이터,https://www.data.go.kr/data/15012890/standard.do,2026-04-02,place,중앙공원,근린공원,경상북도 구미시,경상북도 구미시 광평동 산56,36.10978878,128.350664,"중앙공원은(는) 근린공원으로, 아이의 생활권 동화 배경으로 사용할 수 있다.",아이의 집 주변 산책·탐험 동화 배경,공중걷기,4-7;8-10,공원;근린공원;공중걷기,47190-00007,중앙공원,근린공원,,경상북도 구미시 광평동 산56,275120,공중걷기,,퍼걸러,,,1973-12-31,경상북도 구미시청,054-480-5572,2026-04-02,5080000,경상북도 구미시
전국도시공원정보표준데이터,https://www.data.go.kr/data/15012890/standard.do,2026-04-02,place,지내공원,어린이공원,경상북도 구미시,경상북도 구미시 고아읍 문성리 1147,36.16150678,128.3445667,"지내공원은(는) 어린이공원으로, 아이의 생활권 동화 배경으로 사용할 수 있다.",아이의 집 주변 산책·탐험 동화 배경,조합놀이대,4-7;8-10,공원;어린이공원;조합놀이대,47190-00110,지내공원,어린이공원,,경상북도 구미시 고아읍 문성리 1147,2543,,조합놀이대,등의자,,CCTV,1997-09-01,경상북도 구미시청,054-480-5572,2026-04-02,5080000,경상북도 구미시
전국도시공원정보표준데이터,https://www.data.go.kr/data/15012890/standard.do,2026-04-02,place,지산샛강생태공원,수변공원,경상북도 구미시,경상북도 구미시 지산동 847-72,36.13575859,128.3518755,"지산샛강생태공원은(는) 수변공원으로, 아이의 생활권 동화 배경으로 사용할 수 있다.",아이의 집 주변 산책·탐험 동화 배경,공중걷기,4-7;8-10,공원;수변공원;공중걷기,47190-00162,지산샛강생태공원,수변공원,,경상북도 구미시 지산동 847-72,214265,공중걷기,,등의자,,CCTV,2016-03-14,경상북도 구미시청,054-480-5572,2026-04-02,5080000,경상북도 구미시
전국도시공원정보표준데이터,https://www.data.go.kr/data/15012890/standard.do,2026-04-02,place,지성공원,어린이공원,경상북도 구미시,경상북도 구미시 봉곡동 151-1,36.1557878,128.307645,"지성공원은(는) 어린이공원으로, 아이의 생활권 동화 배경으로 사용할 수 있다.",아이의 집 주변 산책·탐험 동화 배경,조합놀이대; 공중걷기,4-7;8-10,공원;어린이공원;조합놀이대;공중걷기,47190-00058,지성공원,어린이공원,,경상북도 구미시 봉곡동 151-1,1500,공중걷기,조합놀이대,등의자,,CCTV,1992-09-18,경상북도 구미시청,054-480-5572,2026-04-02,5080000,경상북도 구미시
전국도시공원정보표준데이터,https://www.data.go.kr/data/15012890/standard.do,2026-04-02,place,찰밭공원,어린이공원,경상북도 구미시,경상북도 구미시 진평동 1041-1,36.10083394,128.4225801,"찰밭공원은(는) 어린이공원으로, 아이의 생활권 동화 배경으로 사용할 수 있다.",아이의 집 주변 산책·탐험 동화 배경,조합놀이대; 공중걷기,4-7;8-10,공원;어린이공원;조합놀이대;공중걷기,47190-00011,찰밭공원,어린이공원,,경상북도 구미시 진평동 1041-1,1560,공중걷기,조합놀이대,등의자,,CCTV,1978-02-14,경상북도 구미시청,054-480-5572,2026-04-02,5080000,경상북도 구미시
전국도시공원정보표준데이터,https://www.data.go.kr/data/15012890/standard.do,2026-04-02,place,참빛공원,어린이공원,경상북도 구미시,경상북도 구미시 구평동 431-1,36.09452054,128.4381152,"참빛공원은(는) 어린이공원으로, 아이의 생활권 동화 배경으로 사용할 수 있다.",아이의 집 주변 산책·탐험 동화 배경,조합놀이대,4-7;8-10,공원;어린이공원;조합놀이대,47190-00126,참빛공원,어린이공원,,경상북도 구미시 구평동 431-1,4200,,조합놀이대,평의자,,안내판,2002-06-01,경상북도 구미시청,054-480-5572,2026-04-02,5080000,경상북도 구미시
전국도시공원정보표준데이터,https://www.data.go.kr/data/15012890/standard.do,2026-04-02,place,참살이공원,어린이공원,경상북도 구미시,경상북도 구미시 봉곡동 16,36.14080579,128.3126944,"참살이공원은(는) 어린이공원으로, 아이의 생활권 동화 배경으로 사용할 수 있다.",아이의 집 주변 산책·탐험 동화 배경,조합놀이대; 공중걷기,4-7;8-10,공원;어린이공원;조합놀이대;공중걷기,47190-00120,참살이공원,어린이공원,,경상북도 구미시 봉곡동 16,1506,공중걷기,조합놀이대,등의자,,CCTV,2000-04-27,경상북도 구미시청,054-480-5572,2026-04-02,5080000,경상북도 구미시
전국도시공원정보표준데이터,https://www.data.go.kr/data/15012890/standard.do,2026-04-02,place,천생산공원(마제지),근린공원,경상북도 구미시,경상북도 구미시 인의동 13-2,36.10562813,128.439297,"천생산공원(마제지)은(는) 근린공원으로, 아이의 생활권 동화 배경으로 사용할 수 있다.",아이의 집 주변 산책·탐험 동화 배경,워밍암,4-7;8-10,공원;근린공원;워밍암,47190-00045,천생산공원(마제지),근린공원,,경상북도 구미시 인의동 13-2,1714947,워밍암,,정자,,,1991-08-12,경상북도 구미시청,054-480-5572,2026-04-02,5080000,경상북도 구미시
전국도시공원정보표준데이터,https://www.data.go.kr/data/15012890/standard.do,2026-04-02,place,청류공원,어린이공원,경상북도 구미시,경상북도 구미시 옥계동 742-1,36.13754168,128.4235249,"청류공원은(는) 어린이공원으로, 아이의 생활권 동화 배경으로 사용할 수 있다.",아이의 집 주변 산책·탐험 동화 배경,"공원에서 색깔, 나무, 놀이시설을 찾아보는 관찰 미션",4-7;8-10,공원;어린이공원,47190-00115,청류공원,어린이공원,,경상북도 구미시 옥계동 742-1,1499,,,평의자,,CCTV,1998-03-13,경상북도 구미시청,054-480-5587,2026-04-02,5080000,경상북도 구미시
전국도시공원정보표준데이터,https://www.data.go.kr/data/15012890/standard.do,2026-04-02,place,청백리공원,근린공원,경상북도 구미시,경상북도 구미시 인동14길 14,36.0994342,128.423668,"청백리공원은(는) 근린공원으로, 아이의 생활권 동화 배경으로 사용할 수 있다.",아이의 집 주변 산책·탐험 동화 배경,허리돌리기,4-7;8-10,공원;근린공원;허리돌리기,47190-00087,청백리공원,근린공원,경상북도 구미시 인동14길 14,경상북도 구미시 진평동 14,10150,허리돌리기,,평의자,,주차장,1993-10-04,경상북도 구미시청,054-480-5572,2026-04-02,5080000,경상북도 구미시
전국도시공원정보표준데이터,https://www.data.go.kr/data/15012890/standard.do,2026-04-02,place,초록공원,어린이공원,경상북도 구미시,경상북도 구미시 오태동 734,36.07185292,128.3470154,"초록공원은(는) 어린이공원으로, 아이의 생활권 동화 배경으로 사용할 수 있다.",아이의 집 주변 산책·탐험 동화 배경,조합놀이대; 공중걷기,4-7;8-10,공원;어린이공원;조합놀이대;공중걷기,47190-00040,초록공원,어린이공원,,경상북도 구미시 오태동 734,884,공중걷기,조합놀이대,등의자,,제어기,1990-11-09,경상북도 구미시청,054-480-5572,2026-04-02,5080000,경상북도 구미시
전국도시공원정보표준데이터,https://www.data.go.kr/data/15012890/standard.do,2026-04-02,place,초롱공원,어린이공원,경상북도 구미시,경상북도 구미시 고아읍 원호리 457,36.15134562,128.3327924,"초롱공원은(는) 어린이공원으로, 아이의 생활권 동화 배경으로 사용할 수 있다.",아이의 집 주변 산책·탐험 동화 배경,막구조물(공연장); 공중걷기,4-7;8-10,공원;어린이공원;막구조물(공연장);공중걷기,47190-00084,초롱공원,어린이공원,,경상북도 구미시 고아읍 원호리 457,1564,공중걷기,막구조물(공연장),등의자,,안내판,1993-07-02,경상북도 구미시청,054-480-5572,2026-04-02,5080000,경상북도 구미시
전국도시공원정보표준데이터,https://www.data.go.kr/data/15012890/standard.do,2026-04-02,place,토골공원,어린이공원,경상북도 구미시,경상북도 구미시 진평동 175-6,36.09409713,128.422851,"토골공원은(는) 어린이공원으로, 아이의 생활권 동화 배경으로 사용할 수 있다.",아이의 집 주변 산책·탐험 동화 배경,조합놀이대; 허리돌리기,4-7;8-10,공원;어린이공원;조합놀이대;허리돌리기,47190-00100,토골공원,어린이공원,,경상북도 구미시 진평동 175-6,1563,허리돌리기,조합놀이대,등의자,,CCTV,1993-10-08,경상북도 구미시청,054-480-5572,2026-04-02,5080000,경상북도 구미시
전국도시공원정보표준데이터,https://www.data.go.kr/data/15012890/standard.do,2026-04-02,place,퇴경공원,어린이공원,경상북도 구미시,경상북도 구미시 고아읍 원호리 436,36.15090515,128.3294623,"퇴경공원은(는) 어린이공원으로, 아이의 생활권 동화 배경으로 사용할 수 있다.",아이의 집 주변 산책·탐험 동화 배경,미끄럼틀; 공중걷기,4-7;8-10,공원;어린이공원;미끄럼틀;공중걷기,47190-00085,퇴경공원,어린이공원,,경상북도 구미시 고아읍 원호리 436,1583,공중걷기,미끄럼틀,연식의자,,점멸기,1993-07-02,경상북도 구미시청,054-480-5572,2026-04-02,5080000,경상북도 구미시
전국도시공원정보표준데이터,https://www.data.go.kr/data/15012890/standard.do,2026-04-02,place,평성공원,어린이공원,경상북도 구미시,경상북도 구미시 고아읍 원호리 424,36.15190954,128.3274226,"평성공원은(는) 어린이공원으로, 아이의 생활권 동화 배경으로 사용할 수 있다.",아이의 집 주변 산책·탐험 동화 배경,막구조물(공연장); 공중걷기,4-7;8-10,공원;어린이공원;막구조물(공연장);공중걷기,47190-00083,평성공원,어린이공원,,경상북도 구미시 고아읍 원호리 424,1535,공중걷기,막구조물(공연장),등의자,,CCTV,1993-07-02,경상북도 구미시청,054-480-5572,2026-04-02,5080000,경상북도 구미시
전국도시공원정보표준데이터,https://www.data.go.kr/data/15012890/standard.do,2026-04-02,place,푸르미공원,어린이공원,경상북도 구미시,경상북도 구미시 신평동 56-2,36.12492123,128.3629816,"푸르미공원은(는) 어린이공원으로, 아이의 생활권 동화 배경으로 사용할 수 있다.",아이의 집 주변 산책·탐험 동화 배경,조합놀이대; 공중걷기,4-7;8-10,공원;어린이공원;조합놀이대;공중걷기,47190-00013,푸르미공원,어린이공원,,경상북도 구미시 신평동 56-2,2340,공중걷기,조합놀이대,연식의자,,CCTV,1978-09-15,경상북도 구미시청,054-480-5572,2026-04-02,5080000,경상북도 구미시
전국도시공원정보표준데이터,https://www.data.go.kr/data/15012890/standard.do,2022-03-30,place,생활권공원,근린공원,충청남도 천안시,충청남도 천안시 동남구 성남면 대화리 376,36.73608467,127.2584033,"생활권공원은(는) 근린공원으로, 아이의 생활권 동화 배경으로 사용할 수 있다.",아이의 집 주변 산책·탐험 동화 배경,"공원에서 색깔, 나무, 놀이시설을 찾아보는 관찰 미션",4-7;8-10,공원;근린공원,44131-00013,생활권공원,근린공원,,충청남도 천안시 동남구 성남면 대화리 376,94186,,,,,,2009-04-07,충청남도 천안시청,041-521-2723,2022-03-30,6440000,충청남도
전국도시공원정보표준데이터,https://www.data.go.kr/data/15012890/standard.do,2022-03-30,place,천안온천중앙공원,근린공원,충청남도 천안시,충청남도 천안시 동남구 성남면 용원리 668,36.757753,127.226102,"천안온천중앙공원은(는) 근린공원으로, 아이의 생활권 동화 배경으로 사용할 수 있다.",아이의 집 주변 산책·탐험 동화 배경,"공원에서 색깔, 나무, 놀이시설을 찾아보는 관찰 미션",4-7;8-10,공원;근린공원,44131-00014,천안온천중앙공원,근린공원,,충청남도 천안시 동남구 성남면 용원리 668,37125,,,화장실,,,2008-12-01,충청남도 천안시청,041-521-2723,2022-03-30,6440000,충청남도
전국도시공원정보표준데이터,https://www.data.go.kr/data/15012890/standard.do,2022-03-30,place,생활권공원,소공원,충청남도 천안시,충청남도 천안시 동남구 수신면 신풍리 575,36.738997,127.265699,"생활권공원은(는) 소공원으로, 아이의 생활권 동화 배경으로 사용할 수 있다.",아이의 집 주변 산책·탐험 동화 배경,"공원에서 색깔, 나무, 놀이시설을 찾아보는 관찰 미션",4-7;8-10,공원;소공원,44131-00015,생활권공원,소공원,,충청남도 천안시 동남구 수신면 신풍리 575,2042,,,,,,2012-04-04,충청남도 천안시청,041-521-2723,2022-03-30,6440000,충청남도
전국도시공원정보표준데이터,https://www.data.go.kr/data/15012890/standard.do,2022-03-30,place,소리공원,어린이공원,충청남도 천안시,충청남도 천안시 동남구 신방동 1073,36.777332,127.130359,"소리공원은(는) 어린이공원으로, 아이의 생활권 동화 배경으로 사용할 수 있다.",아이의 집 주변 산책·탐험 동화 배경,흔들놀이,4-7;8-10,공원;어린이공원;흔들놀이,44131-00016,소리공원,어린이공원,,충청남도 천안시 동남구 신방동 1073,2330,,흔들놀이,,,,2005-08-22,충청남도 천안시청,041-521-2723,2022-03-30,6440000,충청남도
전국도시공원정보표준데이터,https://www.data.go.kr/data/15012890/standard.do,2022-03-30,place,산마루공원,어린이공원,충청남도 천안시,충청남도 천안시 동남구 신방동 1392,36.772609,127.128786,"산마루공원은(는) 어린이공원으로, 아이의 생활권 동화 배경으로 사용할 수 있다.",아이의 집 주변 산책·탐험 동화 배경,조합놀이대+흔들놀이; 농구장,4-7;8-10,공원;어린이공원;조합놀이대+흔들놀이;농구장,44131-00017,산마루공원,어린이공원,,충청남도 천안시 동남구 신방동 1392,2841,농구장,조합놀이대+흔들놀이,,,,2005-08-22,충청남도 천안시청,041-521-2723,2022-03-30,6440000,충청남도
전국도시공원정보표준데이터,https://www.data.go.kr/data/15012890/standard.do,2022-03-30,place,무지개공원,어린이공원,충청남도 천안시,충청남도 천안시 동남구 신방동 1600,36.776157,127.136605,"무지개공원은(는) 어린이공원으로, 아이의 생활권 동화 배경으로 사용할 수 있다.",아이의 집 주변 산책·탐험 동화 배경,조합놀이대,4-7;8-10,공원;어린이공원;조합놀이대,44131-00018,무지개공원,어린이공원,,충청남도 천안시 동남구 신방동 1600,3116,,조합놀이대,,,,2005-08-22,충청남도 천안시청,041-521-2723,2022-03-30,6440000,충청남도
전국도시공원정보표준데이터,https://www.data.go.kr/data/15012890/standard.do,2022-03-30,place,중앙공원,근린공원,충청남도 천안시,충청남도 천안시 동남구 신방동 1894,36.771882,127.131169,"중앙공원은(는) 근린공원으로, 아이의 생활권 동화 배경으로 사용할 수 있다.",아이의 집 주변 산책·탐험 동화 배경,조합놀이대; 베드민턴장,4-7;8-10,공원;근린공원;조합놀이대;베드민턴장,44131-00019,중앙공원,근린공원,,충청남도 천안시 동남구 신방동 1894,15918,베드민턴장,조합놀이대,,,,2005-08-22,충청남도 천안시청,041-521-2723,2022-03-30,6440000,충청남도
전국도시공원정보표준데이터,https://www.data.go.kr/data/15012890/standard.do,2022-03-30,place,꽃내음공원,어린이공원,충청남도 천안시,충청남도 천안시 동남구 신방동 1925,36.770997,127.130926,"꽃내음공원은(는) 어린이공원으로, 아이의 생활권 동화 배경으로 사용할 수 있다.",아이의 집 주변 산책·탐험 동화 배경,조합놀이대,4-7;8-10,공원;어린이공원;조합놀이대,44131-00020,꽃내음공원,어린이공원,,충청남도 천안시 동남구 신방동 1925,2434,,조합놀이대,,,,2005-08-22,충청남도 천안시청,041-521-2723,2022-03-30,6440000,충청남도
전국도시공원정보표준데이터,https://www.data.go.kr/data/15012890/standard.do,2022-03-30,place,신방2공원,어린이공원,충청남도 천안시,충청남도 천안시 동남구 신방동 896,36.793032,127.131714,"신방2공원은(는) 어린이공원으로, 아이의 생활권 동화 배경으로 사용할 수 있다.",아이의 집 주변 산책·탐험 동화 배경,조합놀이대; 농구장,4-7;8-10,공원;어린이공원;조합놀이대;농구장,44131-00021,신방2공원,어린이공원,,충청남도 천안시 동남구 신방동 896,1770,농구장,조합놀이대,,,,1993-02-18,충청남도 천안시청,041-521-2723,2022-03-30,6440000,충청남도
전국도시공원정보표준데이터,https://www.data.go.kr/data/15012890/standard.do,2022-03-30,place,3호공원,근린공원,충청남도 천안시,충청남도 천안시 동남구 풍세면 보성리 818,36.725448,127.0960662,"3호공원은(는) 근린공원으로, 아이의 생활권 동화 배경으로 사용할 수 있다.",아이의 집 주변 산책·탐험 동화 배경,"공원에서 색깔, 나무, 놀이시설을 찾아보는 관찰 미션",4-7;8-10,공원;근린공원,44131-00022,3호공원,근린공원,,충청남도 천안시 동남구 풍세면 보성리 818,32195,,,,,,2007-08-20,충청남도 천안시청,041-521-2723,2022-03-30,6440000,충청남도
전국도시공원정보표준데이터,https://www.data.go.kr/data/15012890/standard.do,2022-03-30,place,신방3공원,어린이공원,충청남도 천안시,충청남도 천안시 동남구 신방동 898,36.791565,127.129518,"신방3공원은(는) 어린이공원으로, 아이의 생활권 동화 배경으로 사용할 수 있다.",아이의 집 주변 산책·탐험 동화 배경,조합놀이대+그네; 농구장,4-7;8-10,공원;어린이공원;조합놀이대+그네;농구장,44131-00022,신방3공원,어린이공원,,충청남도 천안시 동남구 신방동 898,1592,농구장,조합놀이대+그네,,,,1993-02-18,충청남도 천안시청,041-521-2723,2022-03-30,6440000,충청남도
전국도시공원정보표준데이터,https://www.data.go.kr/data/15012890/standard.do,2022-03-30,place,4호공원,근린공원,충청남도 천안시,충청남도 천안시 동남구 풍세면 보성리 822,36.72039278,127.105633,"4호공원은(는) 근린공원으로, 아이의 생활권 동화 배경으로 사용할 수 있다.",아이의 집 주변 산책·탐험 동화 배경,"공원에서 색깔, 나무, 놀이시설을 찾아보는 관찰 미션",4-7;8-10,공원;근린공원,44131-00023,4호공원,근린공원,,충청남도 천안시 동남구 풍세면 보성리 822,124735,,,,,,2008-03-10,충청남도 천안시청,041-521-2723,2022-03-30,6440000,충청남도
전국도시공원정보표준데이터,https://www.data.go.kr/data/15012890/standard.do,2022-03-30,place,용곡2공원,어린이공원,충청남도 천안시,충청남도 천안시 동남구 신방동 906,36.790057,127.1311209,"용곡2공원은(는) 어린이공원으로, 아이의 생활권 동화 배경으로 사용할 수 있다.",아이의 집 주변 산책·탐험 동화 배경,조합놀이대,4-7;8-10,공원;어린이공원;조합놀이대,44131-00023,용곡2공원,어린이공원,,충청남도 천안시 동남구 신방동 906,1540,,조합놀이대,,,,1993-02-18,충청남도 천안시청,041-521-2723,2022-03-30,6440000,충청남도
전국도시공원정보표준데이터,https://www.data.go.kr/data/15012890/standard.do,2025-09-09,place,석적-어린이공원9(중리제9공원),어린이공원,경상북도 칠곡군,경상북도 칠곡군 북삼읍 인평리 204-20,36.06728453,128.3475984,"석적-어린이공원9(중리제9공원)은(는) 어린이공원으로, 아이의 생활권 동화 배경으로 사용할 수 있다.",아이의 집 주변 산책·탐험 동화 배경,"공원에서 색깔, 나무, 놀이시설을 찾아보는 관찰 미션",4-7;8-10,공원;어린이공원,47850-00047,석적-어린이공원9(중리제9공원),어린이공원,,경상북도 칠곡군 북삼읍 인평리 204-20,545,,,,,,2015-08-24,경상북도 칠곡군,054-000-0000,2025-09-09,5220000,경상북도 칠곡군
전국도시공원정보표준데이터,https://www.data.go.kr/data/15012890/standard.do,2025-09-09,place,북삼-어린이공원16(율리제2공원),어린이공원,경상북도 칠곡군,경상북도 칠곡군 북삼읍 율리 649,36.0517725,128.3442258,"북삼-어린이공원16(율리제2공원)은(는) 어린이공원으로, 아이의 생활권 동화 배경으로 사용할 수 있다.",아이의 집 주변 산책·탐험 동화 배경,"공원에서 색깔, 나무, 놀이시설을 찾아보는 관찰 미션",4-7;8-10,공원;어린이공원,47850-00048,북삼-어린이공원16(율리제2공원),어린이공원,,경상북도 칠곡군 북삼읍 율리 649,1360,,,,,,2015-08-24,경상북도 칠곡군,054-000-0000,2025-09-09,5220000,경상북도 칠곡군
전국도시공원정보표준데이터,https://www.data.go.kr/data/15012890/standard.do,2025-09-09,place,왜관-어린이공원21(왜관공원),어린이공원,경상북도 칠곡군,경상북도 칠곡군 왜관읍 아곡리 829,36.01056777,128.4303925,"왜관-어린이공원21(왜관공원)은(는) 어린이공원으로, 아이의 생활권 동화 배경으로 사용할 수 있다.",아이의 집 주변 산책·탐험 동화 배경,"공원에서 색깔, 나무, 놀이시설을 찾아보는 관찰 미션",4-7;8-10,공원;어린이공원,47850-00049,왜관-어린이공원21(왜관공원),어린이공원,,경상북도 칠곡군 왜관읍 아곡리 829,1562,,,,,,2018-02-22,경상북도 칠곡군,054-000-0000,2025-09-09,5220000,경상북도 칠곡군
전국도시공원정보표준데이터,https://www.data.go.kr/data/15012890/standard.do,2025-09-09,place,왜관-어린이공원7(석전제2어린이공원),어린이공원,경상북도 칠곡군,경상북도 칠곡군 왜관읍 아곡리 816,36.00685691,128.4329288,"왜관-어린이공원7(석전제2어린이공원)은(는) 어린이공원으로, 아이의 생활권 동화 배경으로 사용할 수 있다.",아이의 집 주변 산책·탐험 동화 배경,"공원에서 색깔, 나무, 놀이시설을 찾아보는 관찰 미션",4-7;8-10,공원;어린이공원,47850-00050,왜관-어린이공원7(석전제2어린이공원),어린이공원,,경상북도 칠곡군 왜관읍 아곡리 816,1345,,,,,,2018-02-22,경상북도 칠곡군,054-000-0000,2025-09-09,5220000,경상북도 칠곡군
전국도시공원정보표준데이터,https://www.data.go.kr/data/15012890/standard.do,2025-09-09,place,비도시-근린공원3(관호산성공원),근린공원,경상북도 칠곡군,경상북도 칠곡군 약목면 관호리 산15,36.0209409,128.3938144,"비도시-근린공원3(관호산성공원)은(는) 근린공원으로, 아이의 생활권 동화 배경으로 사용할 수 있다.",아이의 집 주변 산책·탐험 동화 배경,풋살장+농구장+족구장,4-7;8-10,공원;근린공원;풋살장+농구장+족구장,47850-00051,비도시-근린공원3(관호산성공원),근린공원,,경상북도 칠곡군 약목면 관호리 산15,154262,풋살장+농구장+족구장,,화장실+주차장,,,2018-05-21,경상북도 칠곡군,054-000-0000,2025-09-09,5220000,경상북도 칠곡군
전국도시공원정보표준데이터,https://www.data.go.kr/data/15012890/standard.do,2025-09-09,place,북삼-근린공원북삼1(율리),근린공원,경상북도 칠곡군,경상북도 칠곡군 북삼읍  율리 107-7,36.06356445,128.3552246,"북삼-근린공원북삼1(율리)은(는) 근린공원으로, 아이의 생활권 동화 배경으로 사용할 수 있다.",아이의 집 주변 산책·탐험 동화 배경,"공원에서 색깔, 나무, 놀이시설을 찾아보는 관찰 미션",4-7;8-10,공원;근린공원,47850-00052,북삼-근린공원북삼1(율리),근린공원,,경상북도 칠곡군 북삼읍  율리 107-7,42883,,,,,,2020-06-29,경상북도 칠곡군,054-000-0000,2025-09-09,5220000,경상북도 칠곡군
전국도시공원정보표준데이터,https://www.data.go.kr/data/15012890/standard.do,2025-09-09,place,북삼-근린공원북삼2(율리),근린공원,경상북도 칠곡군,경상북도 칠곡군 북삼읍  율리 32,36.06265406,128.3468771,"북삼-근린공원북삼2(율리)은(는) 근린공원으로, 아이의 생활권 동화 배경으로 사용할 수 있다.",아이의 집 주변 산책·탐험 동화 배경,"공원에서 색깔, 나무, 놀이시설을 찾아보는 관찰 미션",4-7;8-10,공원;근린공원,47850-00053,북삼-근린공원북삼2(율리),근린공원,,경상북도 칠곡군 북삼읍  율리 32,27085,,,,,,2020-06-29,경상북도 칠곡군,054-000-0000,2025-09-09,5220000,경상북도 칠곡군
전국도시공원정보표준데이터,https://www.data.go.kr/data/15012890/standard.do,2025-09-09,place,동명-소공원봉1(봉암1공원),소공원,경상북도 칠곡군,경상북도 칠곡군 왜관읍 낙산리 102,35.95190149,128.4177012,"동명-소공원봉1(봉암1공원)은(는) 소공원으로, 아이의 생활권 동화 배경으로 사용할 수 있다.",아이의 집 주변 산책·탐험 동화 배경,"공원에서 색깔, 나무, 놀이시설을 찾아보는 관찰 미션",4-7;8-10,공원;소공원,47850-00054,동명-소공원봉1(봉암1공원),소공원,,경상북도 칠곡군 왜관읍 낙산리 102,15000,,,,,,2020-06-29,경상북도 칠곡군,054-000-0000,2025-09-09,5220000,경상북도 칠곡군
전국도시공원정보표준데이터,https://www.data.go.kr/data/15012890/standard.do,2025-09-09,place,동명-소공원봉2(봉암2공원),소공원,경상북도 칠곡군,경상북도 칠곡군 북삼읍 인평리 665,36.06949378,128.3380715,"동명-소공원봉2(봉암2공원)은(는) 소공원으로, 아이의 생활권 동화 배경으로 사용할 수 있다.",아이의 집 주변 산책·탐험 동화 배경,"공원에서 색깔, 나무, 놀이시설을 찾아보는 관찰 미션",4-7;8-10,공원;소공원,47850-00055,동명-소공원봉2(봉암2공원),소공원,,경상북도 칠곡군 북삼읍 인평리 665,16590,,,,,,2020-06-29,경상북도 칠곡군,054-000-0000,2025-09-09,5220000,경상북도 칠곡군
전국도시공원정보표준데이터,https://www.data.go.kr/data/15012890/standard.do,2025-09-09,place,동명-소공원봉3(봉암3공원),소공원,경상북도 칠곡군,경상북도 칠곡군 동명면 구덕리 415,35.98380159,128.5678943,"동명-소공원봉3(봉암3공원)은(는) 소공원으로, 아이의 생활권 동화 배경으로 사용할 수 있다.",아이의 집 주변 산책·탐험 동화 배경,"공원에서 색깔, 나무, 놀이시설을 찾아보는 관찰 미션",4-7;8-10,공원;소공원,47850-00056,동명-소공원봉3(봉암3공원),소공원,,경상북도 칠곡군 동명면 구덕리 415,494689,,,,,,2020-06-29,경상북도 칠곡군,054-000-0000,2025-09-09,5220000,경상북도 칠곡군
전국도시공원정보표준데이터,https://www.data.go.kr/data/15012890/standard.do,2025-09-09,place,동명-소공원봉5(봉암5공원),소공원,경상북도 칠곡군,경상북도 칠곡군 약목면 남계리 299,36.02766253,128.3659654,"동명-소공원봉5(봉암5공원)은(는) 소공원으로, 아이의 생활권 동화 배경으로 사용할 수 있다.",아이의 집 주변 산책·탐험 동화 배경,"공원에서 색깔, 나무, 놀이시설을 찾아보는 관찰 미션",4-7;8-10,공원;소공원,47850-00057,동명-소공원봉5(봉암5공원),소공원,,경상북도 칠곡군 약목면 남계리 299,17785,,,,,,2020-06-29,경상북도 칠곡군,054-000-0000,2025-09-09,5220000,경상북도 칠곡군
전국도시공원정보표준데이터,https://www.data.go.kr/data/15012890/standard.do,2025-09-09,place,왜관-어린이공원17(삼청어린이공원),어린이공원,경상북도 칠곡군,경상북도 칠곡군 왜관읍 석전리 41,36.00543288,128.4201066,"왜관-어린이공원17(삼청어린이공원)은(는) 어린이공원으로, 아이의 생활권 동화 배경으로 사용할 수 있다.",아이의 집 주변 산책·탐험 동화 배경,조합놀이기구,4-7;8-10,공원;어린이공원;조합놀이기구,47850-00058,왜관-어린이공원17(삼청어린이공원),어린이공원,,경상북도 칠곡군 왜관읍 석전리 41,873,조합놀이기구,,,,,2020-06-29,경상북도 칠곡군,054-000-0000,2025-09-09,5220000,경상북도 칠곡군
전국도시공원정보표준데이터,https://www.data.go.kr/data/15012890/standard.do,2026-02-26,place,장성공원,근린공원,전라남도 장성군,전라남도 장성군 장성읍 대창2길 15-1,35.2963899,126.7826422,"장성공원은(는) 근린공원으로, 아이의 생활권 동화 배경으로 사용할 수 있다.",아이의 집 주변 산책·탐험 동화 배경,"어린이놀이터, 모험놀이터; 운동기구; 상징탑, 충혼탑",4-7;8-10,공원;근린공원;어린이놀이터;모험놀이터;운동기구;상징탑;충혼탑,46880-00002,장성공원,근린공원,전라남도 장성군 장성읍 대창2길 15-1,전라남도 장성군 장성읍 영천리 산202-1 외 19필,33914,운동기구,"어린이놀이터, 모험놀이터","화장실, 주차장, 정자, 쉼터 등","상징탑, 충혼탑","경관폭포, 광장, 산책로, 계단",1976-12-07,전라남도 장성군청,061-390-7428,2026-02-26,4980000,전라남도 장성군
전국도시공원정보표준데이터,https://www.data.go.kr/data/15012890/standard.do,2026-02-26,place,동산동원,근린공원,전라남도 장성군,전라남도 장성군 장성읍 전고개로 19,35.3269965,126.805463,"동산동원은(는) 근린공원으로, 아이의 생활권 동화 배경으로 사용할 수 있다.",아이의 집 주변 산책·탐험 동화 배경,"운동기구; 충혼탑, 선정비, 불망비",4-7;8-10,공원;근린공원;운동기구;충혼탑;선정비;불망비,46880-00003,동산동원,근린공원,전라남도 장성군 장성읍 전고개로 19,전라남도 장성군 장성읍 수산리1 외 21필,25730,운동기구,,,"충혼탑, 선정비, 불망비","계단, 팔각정, 벤치 등",1976-12-07,전라남도 장성군청,061-390-7399,2026-02-26,4980000,전라남도 장성군
전국도시공원정보표준데이터,https://www.data.go.kr/data/15012890/standard.do,2026-04-02,place,3-1-공원,어린이공원,경상북도 구미시,경상북도 구미시 옥계동 629-1,36.13905615,128.4144688,"3-1-공원은(는) 어린이공원으로, 아이의 생활권 동화 배경으로 사용할 수 있다.",아이의 집 주변 산책·탐험 동화 배경,조합놀이대; 달리기,4-7;8-10,공원;어린이공원;조합놀이대;달리기,47190-00108,3-1-공원,어린이공원,,경상북도 구미시 옥계동 629-1,2186,달리기,조합놀이대,평의자,,CCTV,1996-07-02,경상북도 구미시청,054-480-5587,2026-04-02,5080000,경상북도 구미시
전국도시공원정보표준데이터,https://www.data.go.kr/data/15012890/standard.do,2026-04-02,place,하늘어린이공원,어린이공원,경상북도 구미시,경상북도 구미시 고아읍 원호리 647,36.15621357,128.3374069,"하늘어린이공원은(는) 어린이공원으로, 아이의 생활권 동화 배경으로 사용할 수 있다.",아이의 집 주변 산책·탐험 동화 배경,조합놀이대; 공중걷기,4-7;8-10,공원;어린이공원;조합놀이대;공중걷기,47190-00168,하늘어린이공원,어린이공원,,경상북도 구미시 고아읍 원호리 647,1507,공중걷기,조합놀이대,평의자,,종합안내판,2020-12-23,경상북도 구미시청,054-480-5572,2026-04-02,5080000,경상북도 구미시
전국도시공원정보표준데이터,https://www.data.go.kr/data/15012890/standard.do,2026-04-02,place,한누리공원,어린이공원,경상북도 구미시,경상북도 구미시 인의동 838-1,36.10464574,128.422043,"한누리공원은(는) 어린이공원으로, 아이의 생활권 동화 배경으로 사용할 수 있다.",아이의 집 주변 산책·탐험 동화 배경,조합놀이대; 공중걷기,4-7;8-10,공원;어린이공원;조합놀이대;공중걷기,47190-00042,한누리공원,어린이공원,,경상북도 구미시 인의동 838-1,1760,공중걷기,조합놀이대,평의자,,표지판,1991-07-15,경상북도 구미시청,054-480-5572,2026-04-02,5080000,경상북도 구미시
전국도시공원정보표준데이터,https://www.data.go.kr/data/15012890/standard.do,2026-04-02,place,한울공원,어린이공원,경상북도 구미시,경상북도 구미시 상모동 69-1,36.08724898,128.3568063,"한울공원은(는) 어린이공원으로, 아이의 생활권 동화 배경으로 사용할 수 있다.",아이의 집 주변 산책·탐험 동화 배경,조합놀이대; 공중걷기,4-7;8-10,공원;어린이공원;조합놀이대;공중걷기,47190-00077,한울공원,어린이공원,,경상북도 구미시 상모동 69-1,2100,공중걷기,조합놀이대,연식의자,,안내판,1992-10-16,경상북도 구미시청,054-480-5572,2026-04-02,5080000,경상북도 구미시
전국도시공원정보표준데이터,https://www.data.go.kr/data/15012890/standard.do,2026-04-02,place,한울공원,어린이공원,경상북도 구미시,경상북도 구미시 옥계동 571,36.14537873,128.4154201,"한울공원은(는) 어린이공원으로, 아이의 생활권 동화 배경으로 사용할 수 있다.",아이의 집 주변 산책·탐험 동화 배경,조합놀이대; 파도타기,4-7;8-10,공원;어린이공원;조합놀이대;파도타기,47190-00081,한울공원,어린이공원,,경상북도 구미시 옥계동 571,6894,파도타기,조합놀이대,평의자,,자전거보관함,1992-11-25,경상북도 구미시청,054-480-5587,2026-04-02,5080000,경상북도 구미시
전국도시공원정보표준데이터,https://www.data.go.kr/data/15012890/standard.do,2026-04-02,place,함박공원,어린이공원,경상북도 구미시,경상북도 구미시 옥계동 798-1,36.13760963,128.4265908,"함박공원은(는) 어린이공원으로, 아이의 생활권 동화 배경으로 사용할 수 있다.",아이의 집 주변 산책·탐험 동화 배경,조합놀이대; 윗몸일으키기,4-7;8-10,공원;어린이공원;조합놀이대;윗몸일으키기,47190-00116,함박공원,어린이공원,,경상북도 구미시 옥계동 798-1,1499,윗몸일으키기,조합놀이대,평의자,,CCTV,1998-03-13,경상북도 구미시청,054-480-5587,2026-04-02,5080000,경상북도 구미시
전국도시공원정보표준데이터,https://www.data.go.kr/data/15012890/standard.do,2025-08-18,place,서계가로어린이공원,어린이공원,서울특별시 용산구,서울특별시 용산구 서계동 276-7,37.551285,126.964252,"서계가로어린이공원은(는) 어린이공원으로, 아이의 생활권 동화 배경으로 사용할 수 있다.",아이의 집 주변 산책·탐험 동화 배경,"공원에서 색깔, 나무, 놀이시설을 찾아보는 관찰 미션",4-7;8-10,공원;어린이공원,11170-00027,서계가로어린이공원,어린이공원,,서울특별시 용산구 서계동 276-7,183,,,,,,2004-11-20,서울특별시 용산구청,02-2199-7605,2025-08-18,3020000,서울특별시 용산구
전국도시공원정보표준데이터,https://www.data.go.kr/data/15012890/standard.do,2025-08-18,place,후암어린이공원,어린이공원,서울특별시 용산구,서울특별시 용산구 후암동 406-80,37.54722997,126.9836734,"후암어린이공원은(는) 어린이공원으로, 아이의 생활권 동화 배경으로 사용할 수 있다.",아이의 집 주변 산책·탐험 동화 배경,"공원에서 색깔, 나무, 놀이시설을 찾아보는 관찰 미션",4-7;8-10,공원;어린이공원,11170-00028,후암어린이공원,어린이공원,,서울특별시 용산구 후암동 406-80,182,,,,,,2005-10-31,서울특별시 용산구청,02-2199-7605,2025-08-18,3020000,서울특별시 용산구
전국도시공원정보표준데이터,https://www.data.go.kr/data/15012890/standard.do,2025-08-18,place,비상공원,소공원,서울특별시 용산구,서울특별시 용산구 이촌동 417,37.522342,126.971394,"비상공원은(는) 소공원으로, 아이의 생활권 동화 배경으로 사용할 수 있다.",아이의 집 주변 산책·탐험 동화 배경,조합놀이대,4-7;8-10,공원;소공원;조합놀이대,11170-00029,비상공원,소공원,,서울특별시 용산구 이촌동 417,889,,조합놀이대,,,,2006-03-23,서울특별시 용산구청,02-2199-7605,2025-08-18,3020000,서울특별시 용산구
전국도시공원정보표준데이터,https://www.data.go.kr/data/15012890/standard.do,2025-08-18,place,청탑공원,소공원,서울특별시 용산구,서울특별시 용산구 이촌동 425,37.517808,126.977273,"청탑공원은(는) 소공원으로, 아이의 생활권 동화 배경으로 사용할 수 있다.",아이의 집 주변 산책·탐험 동화 배경,"공원에서 색깔, 나무, 놀이시설을 찾아보는 관찰 미션",4-7;8-10,공원;소공원,11170-00030,청탑공원,소공원,,서울특별시 용산구 이촌동 425,546,,,,,,2006-03-23,서울특별시 용산구청,02-2199-7605,2025-08-18,3020000,서울특별시 용산구
전국도시공원정보표준데이터,https://www.data.go.kr/data/15012890/standard.do,2025-08-18,place,사촌공원,소공원,서울특별시 용산구,서울특별시 용산구 이촌동 429,37.520666,126.9709256,"사촌공원은(는) 소공원으로, 아이의 생활권 동화 배경으로 사용할 수 있다.",아이의 집 주변 산책·탐험 동화 배경,조합놀이대,4-7;8-10,공원;소공원;조합놀이대,11170-00031,사촌공원,소공원,,서울특별시 용산구 이촌동 429,1500,,조합놀이대,,,,2006-03-23,서울특별시 용산구청,02-2199-7605,2025-08-18,3020000,서울특별시 용산구
전국도시공원정보표준데이터,https://www.data.go.kr/data/15012890/standard.do,2025-08-18,place,강변복지공원,소공원,서울특별시 용산구,서울특별시 용산구 이촌동 421,37.521114,126.9658983,"강변복지공원은(는) 소공원으로, 아이의 생활권 동화 배경으로 사용할 수 있다.",아이의 집 주변 산책·탐험 동화 배경,조합놀이대,4-7;8-10,공원;소공원;조합놀이대,11170-00032,강변복지공원,소공원,,서울특별시 용산구 이촌동 421,377,,조합놀이대,,,,2006-03-23,서울특별시 용산구청,02-2199-7605,2025-08-18,3020000,서울특별시 용산구
전국도시공원정보표준데이터,https://www.data.go.kr/data/15012890/standard.do,2025-08-18,place,이촌한우리공원,소공원,서울특별시 용산구,서울특별시 용산구 이촌동 437,37.5172264,126.981103,"이촌한우리공원은(는) 소공원으로, 아이의 생활권 동화 배경으로 사용할 수 있다.",아이의 집 주변 산책·탐험 동화 배경,"공원에서 색깔, 나무, 놀이시설을 찾아보는 관찰 미션",4-7;8-10,공원;소공원,11170-00033,이촌한우리공원,소공원,,서울특별시 용산구 이촌동 437,4325,,,음수대,,,2006-03-23,서울특별시 용산구청,02-2199-7605,2025-08-18,3020000,서울특별시 용산구
전국도시공원정보표준데이터,https://www.data.go.kr/data/15012890/standard.do,2025-11-10,place,백조해양어린이공원,어린이공원,대구광역시 달서구,대구광역시 달서구 구마로9길 42,35.83945563,128.5324319,"백조해양어린이공원은(는) 어린이공원으로, 아이의 생활권 동화 배경으로 사용할 수 있다.",아이의 집 주변 산책·탐험 동화 배경,그네+조합놀이대+짚라인,4-7;8-10,공원;어린이공원;그네+조합놀이대+짚라인,27290-00100,백조해양어린이공원,어린이공원,대구광역시 달서구 구마로9길 42,대구광역시 달서구 본리동 644,1649.9,,그네+조합놀이대+짚라인,,,,1973-05-10,대구광역시 달서구청,053-667-2857,2025-11-10,3470000,대구광역시 달서구
전국도시공원정보표준데이터,https://www.data.go.kr/data/15012890/standard.do,2025-11-10,place,별메어린이공원,어린이공원,대구광역시 달서구,대구광역시 달서구 도원로 46,35.80460189,128.5343185,"별메어린이공원은(는) 어린이공원으로, 아이의 생활권 동화 배경으로 사용할 수 있다.",아이의 집 주변 산책·탐험 동화 배경,흔들놀이기구+조합놀이대,4-7;8-10,공원;어린이공원;흔들놀이기구+조합놀이대,27290-00101,별메어린이공원,어린이공원,대구광역시 달서구 도원로 46,대구광역시 달서구 도원동 1442,2897.9,,흔들놀이기구+조합놀이대,,,,1992-12-28,대구광역시 달서구청,053-667-3636,2025-11-10,3470000,대구광역시 달서구
전국도시공원정보표준데이터,https://www.data.go.kr/data/15012890/standard.do,2025-11-10,place,별모람어린이공원,어린이공원,대구광역시 달서구,대구광역시 달서구 도원남로 19,35.80596892,128.5323853,"별모람어린이공원은(는) 어린이공원으로, 아이의 생활권 동화 배경으로 사용할 수 있다.",아이의 집 주변 산책·탐험 동화 배경,조합놀이대; 게이트볼장,4-7;8-10,공원;어린이공원;조합놀이대;게이트볼장,27290-00102,별모람어린이공원,어린이공원,대구광역시 달서구 도원남로 19,대구광역시 달서구 도원동 1441-1,3262.4,게이트볼장,조합놀이대,,,,1992-12-28,대구광역시 달서구청,053-667-3636,2025-11-10,3470000,대구광역시 달서구
전국도시공원정보표준데이터,https://www.data.go.kr/data/15012890/standard.do,2025-11-10,place,병풍바위어린이공원,어린이공원,대구광역시 달서구,대구광역시 달서구 새방로 23-16,35.8614499,128.5209723,"병풍바위어린이공원은(는) 어린이공원으로, 아이의 생활권 동화 배경으로 사용할 수 있다.",아이의 집 주변 산책·탐험 동화 배경,조합놀이대,4-7;8-10,공원;어린이공원;조합놀이대,27290-00103,병풍바위어린이공원,어린이공원,대구광역시 달서구 새방로 23-16,대구광역시 달서구 용산동 517,1616.3,,조합놀이대,,,,1990-12-28,대구광역시 달서구청,053-667-2857,2025-11-10,3470000,대구광역시 달서구
전국도시공원정보표준데이터,https://www.data.go.kr/data/15012890/standard.do,2025-11-10,place,보람어린이공원,어린이공원,대구광역시 달서구,대구광역시 달서구 새동네로 34,35.85102674,128.5182786,"보람어린이공원은(는) 어린이공원으로, 아이의 생활권 동화 배경으로 사용할 수 있다.",아이의 집 주변 산책·탐험 동화 배경,조합놀이대,4-7;8-10,공원;어린이공원;조합놀이대,27290-00104,보람어린이공원,어린이공원,대구광역시 달서구 새동네로 34,대구광역시 달서구 용산동 410-2,1526.2,,조합놀이대,,,,1990-12-28,대구광역시 달서구청,053-667-2857,2025-11-10,3470000,대구광역시 달서구
전국도시공원정보표준데이터,https://www.data.go.kr/data/15012890/standard.do,2025-11-10,place,보배어린이공원,어린이공원,대구광역시 달서구,대구광역시 달서구 상인서로 75,35.81584474,128.5415238,"보배어린이공원은(는) 어린이공원으로, 아이의 생활권 동화 배경으로 사용할 수 있다.",아이의 집 주변 산책·탐험 동화 배경,조합놀이대+흔들놀이기구,4-7;8-10,공원;어린이공원;조합놀이대+흔들놀이기구,27290-00105,보배어린이공원,어린이공원,대구광역시 달서구 상인서로 75,대구광역시 달서구 상인동 1515,1800.3,,조합놀이대+흔들놀이기구,화장실,,,1991-05-29,대구광역시 달서구청,053-667-3636,2025-11-10,3470000,대구광역시 달서구
전국도시공원정보표준데이터,https://www.data.go.kr/data/15012890/standard.do,2025-11-10,place,본리어린이공원,어린이공원,대구광역시 달서구,대구광역시 달서구 당산로 37-25,35.84055882,128.541814,"본리어린이공원은(는) 어린이공원으로, 아이의 생활권 동화 배경으로 사용할 수 있다.",아이의 집 주변 산책·탐험 동화 배경,그네+조합놀이대,4-7;8-10,공원;어린이공원;그네+조합놀이대,27290-00106,본리어린이공원,어린이공원,대구광역시 달서구 당산로 37-25,대구광역시 달서구 본리동 88-6,19286.2,,그네+조합놀이대,화장실,,,1982-04-12,대구광역시 달서구청,053-667-2857,2025-11-10,3470000,대구광역시 달서구
전국도시공원정보표준데이터,https://www.data.go.kr/data/15012890/standard.do,2025-11-10,place,봉숭아어린이공원,어린이공원,대구광역시 달서구,대구광역시 달서구 진천로4길 14,35.81071605,128.5266816,"봉숭아어린이공원은(는) 어린이공원으로, 아이의 생활권 동화 배경으로 사용할 수 있다.",아이의 집 주변 산책·탐험 동화 배경,그네+조합놀이대+흔들놀이기구,4-7;8-10,공원;어린이공원;그네+조합놀이대+흔들놀이기구,27290-00107,봉숭아어린이공원,어린이공원,대구광역시 달서구 진천로4길 14,대구광역시 달서구 진천동 253-32,1995,,그네+조합놀이대+흔들놀이기구,,,,1980-09-15,대구광역시 달서구청,053-667-3636,2025-11-10,3470000,대구광역시 달서구
전국도시공원정보표준데이터,https://www.data.go.kr/data/15012890/standard.do,2025-11-10,place,비둘기어린이공원,어린이공원,대구광역시 달서구,대구광역시 달서구 상화로 371,35.80867671,128.5522461,"비둘기어린이공원은(는) 어린이공원으로, 아이의 생활권 동화 배경으로 사용할 수 있다.",아이의 집 주변 산책·탐험 동화 배경,조합놀이대,4-7;8-10,공원;어린이공원;조합놀이대,27290-00108,비둘기어린이공원,어린이공원,대구광역시 달서구 상화로 371,대구광역시 달서구 상인동 1563,1729.1,,조합놀이대,화장실,,,1991-05-29,대구광역시 달서구청,053-667-3636,2025-11-10,3470000,대구광역시 달서구
전국도시공원정보표준데이터,https://www.data.go.kr/data/15012890/standard.do,2025-11-10,place,사계절어린이공원,어린이공원,대구광역시 달서구,대구광역시 달서구 한실로 117,35.80694033,128.5382931,"사계절어린이공원은(는) 어린이공원으로, 아이의 생활권 동화 배경으로 사용할 수 있다.",아이의 집 주변 산책·탐험 동화 배경,조합놀이대,4-7;8-10,공원;어린이공원;조합놀이대,27290-00109,사계절어린이공원,어린이공원,대구광역시 달서구 한실로 117,대구광역시 달서구 도원동 1438,2520.1,,조합놀이대,,,,1992-12-28,대구광역시 달서구청,053-667-3636,2025-11-10,3470000,대구광역시 달서구
전국도시공원정보표준데이터,https://www.data.go.kr/data/15012890/standard.do,2025-11-10,place,사랑어린이공원,어린이공원,대구광역시 달서구,대구광역시 달서구 학산로7길 27,35.83033101,128.5311067,"사랑어린이공원은(는) 어린이공원으로, 아이의 생활권 동화 배경으로 사용할 수 있다.",아이의 집 주변 산책·탐험 동화 배경,조합놀이대,4-7;8-10,공원;어린이공원;조합놀이대,27290-00110,사랑어린이공원,어린이공원,대구광역시 달서구 학산로7길 27,대구광역시 달서구 월성동 277,1646.2,,조합놀이대,화장실,,,1989-07-19,대구광역시 달서구청,053-667-3636,2025-11-10,3470000,대구광역시 달서구
전국도시공원정보표준데이터,https://www.data.go.kr/data/15012890/standard.do,2025-11-10,place,사령봉어린이공원,어린이공원,대구광역시 달서구,대구광역시 달서구 달구벌대로245길 17-12,35.85292679,128.5032909,"사령봉어린이공원은(는) 어린이공원으로, 아이의 생활권 동화 배경으로 사용할 수 있다.",아이의 집 주변 산책·탐험 동화 배경,그네+흔들놀이기구+조합놀이대,4-7;8-10,공원;어린이공원;그네+흔들놀이기구+조합놀이대,27290-00111,사령봉어린이공원,어린이공원,대구광역시 달서구 달구벌대로245길 17-12,대구광역시 달서구 이곡동 1216,1500.1,,그네+흔들놀이기구+조합놀이대,화장실,,,1990-12-28,대구광역시 달서구청,053-667-2857,2025-11-10,3470000,대구광역시 달서구
전국도시공원정보표준데이터,https://www.data.go.kr/data/15012890/standard.do,2025-11-10,place,산새어린이공원,어린이공원,대구광역시 달서구,대구광역시 달서구 도원남로 40,35.80265602,128.5345222,"산새어린이공원은(는) 어린이공원으로, 아이의 생활권 동화 배경으로 사용할 수 있다.",아이의 집 주변 산책·탐험 동화 배경,조합놀이대+그네+오르는기구,4-7;8-10,공원;어린이공원;조합놀이대+그네+오르는기구,27290-00112,산새어린이공원,어린이공원,대구광역시 달서구 도원남로 40,대구광역시 달서구 도원동 1457,1924.9,,조합놀이대+그네+오르는기구,,,,1992-12-28,대구광역시 달서구청,053-667-3636,2025-11-10,3470000,대구광역시 달서구
전국도시공원정보표준데이터,https://www.data.go.kr/data/15012890/standard.do,2025-11-10,place,상록어린이공원,어린이공원,대구광역시 달서구,대구광역시 달서구 야외음악당로47안길 6,35.85689442,128.5596054,"상록어린이공원은(는) 어린이공원으로, 아이의 생활권 동화 배경으로 사용할 수 있다.",아이의 집 주변 산책·탐험 동화 배경,흔들놀이기구+조합놀이대,4-7;8-10,공원;어린이공원;흔들놀이기구+조합놀이대,27290-00113,상록어린이공원,어린이공원,대구광역시 달서구 야외음악당로47안길 6,대구광역시 달서구 두류동 140-8,1641.2,,흔들놀이기구+조합놀이대,,,,1975-03-11,대구광역시 달서구청,053-667-2857,2025-11-10,3470000,대구광역시 달서구
전국도시공원정보표준데이터,https://www.data.go.kr/data/15012890/standard.do,2025-11-10,place,새동네어린이공원,어린이공원,대구광역시 달서구,대구광역시 달서구 성지로16길 45,35.85703549,128.5225599,"새동네어린이공원은(는) 어린이공원으로, 아이의 생활권 동화 배경으로 사용할 수 있다.",아이의 집 주변 산책·탐험 동화 배경,조합놀이대,4-7;8-10,공원;어린이공원;조합놀이대,27290-00114,새동네어린이공원,어린이공원,대구광역시 달서구 성지로16길 45,대구광역시 달서구 용산동 459-1,1695.1,,조합놀이대,,,,1990-12-28,대구광역시 달서구청,053-667-2857,2025-11-10,3470000,대구광역시 달서구
전국도시공원정보표준데이터,https://www.data.go.kr/data/15012890/standard.do,2025-11-10,place,새싹어린이공원,어린이공원,대구광역시 달서구,대구광역시 달서구 상화북로43길 50,35.81669196,128.5469138,"새싹어린이공원은(는) 어린이공원으로, 아이의 생활권 동화 배경으로 사용할 수 있다.",아이의 집 주변 산책·탐험 동화 배경,조합놀이대,4-7;8-10,공원;어린이공원;조합놀이대,27290-00115,새싹어린이공원,어린이공원,대구광역시 달서구 상화북로43길 50,대구광역시 달서구 상인동 1534-8,2671.1,,조합놀이대,화장실,,,1991-05-29,대구광역시 달서구청,053-667-3636,2025-11-10,3470000,대구광역시 달서구
전국도시공원정보표준데이터,https://www.data.go.kr/data/15012890/standard.do,2025-11-10,place,샘골어린이공원,어린이공원,대구광역시 달서구,대구광역시 달서구 달구벌대로301길 109,35.85467177,128.5315795,"샘골어린이공원은(는) 어린이공원으로, 아이의 생활권 동화 배경으로 사용할 수 있다.",아이의 집 주변 산책·탐험 동화 배경,조합놀이대+그네+트램플린,4-7;8-10,공원;어린이공원;조합놀이대+그네+트램플린,27290-00116,샘골어린이공원,어린이공원,대구광역시 달서구 달구벌대로301길 109,대구광역시 달서구 용산동 952-2,1607.4,,조합놀이대+그네+트램플린,,,,1994-10-23,대구광역시 달서구청,053-667-2857,2025-11-10,3470000,대구광역시 달서구
전국도시공원정보표준데이터,https://www.data.go.kr/data/15012890/standard.do,2025-11-10,place,샛별어린이공원,어린이공원,대구광역시 달서구,대구광역시 달서구 선원로 100,35.85760607,128.5038436,"샛별어린이공원은(는) 어린이공원으로, 아이의 생활권 동화 배경으로 사용할 수 있다.",아이의 집 주변 산책·탐험 동화 배경,조합놀이대+그네,4-7;8-10,공원;어린이공원;조합놀이대+그네,27290-00117,샛별어린이공원,어린이공원,대구광역시 달서구 선원로 100,대구광역시 달서구 이곡동 1189-2,1501,,조합놀이대+그네,화장실,,,1990-12-28,대구광역시 달서구청,053-667-2857,2025-11-10,3470000,대구광역시 달서구
전국도시공원정보표준데이터,https://www.data.go.kr/data/15012890/standard.do,2025-11-10,place,서광어린이공원,어린이공원,대구광역시 달서구,대구광역시 달서구 상인서로 3,35.81139438,128.5471541,"서광어린이공원은(는) 어린이공원으로, 아이의 생활권 동화 배경으로 사용할 수 있다.",아이의 집 주변 산책·탐험 동화 배경,흔들놀이기구+조합놀이대,4-7;8-10,공원;어린이공원;흔들놀이기구+조합놀이대,27290-00118,서광어린이공원,어린이공원,대구광역시 달서구 상인서로 3,대구광역시 달서구 상인동 1557,1514.3,,흔들놀이기구+조합놀이대,화장실,,,1991-05-29,대구광역시 달서구청,053-667-3636,2025-11-10,3470000,대구광역시 달서구
전국도시공원정보표준데이터,https://www.data.go.kr/data/15012890/standard.do,2025-11-10,place,서산어린이공원,어린이공원,대구광역시 달서구,대구광역시 달서구 화암로 379,35.80722675,128.5202436,"서산어린이공원은(는) 어린이공원으로, 아이의 생활권 동화 배경으로 사용할 수 있다.",아이의 집 주변 산책·탐험 동화 배경,조합놀이대,4-7;8-10,공원;어린이공원;조합놀이대,27290-00119,서산어린이공원,어린이공원,대구광역시 달서구 화암로 379,대구광역시 달서구 대곡동 1018,1823.4,,조합놀이대,,,,1996-05-22,대구광역시 달서구청,053-667-3636,2025-11-10,3470000,대구광역시 달서구
전국도시공원정보표준데이터,https://www.data.go.kr/data/15012890/standard.do,2025-11-10,place,서촌어린이공원,어린이공원,대구광역시 달서구,대구광역시 달서구 선원로55길 11-8,35.85949187,128.5226048,"서촌어린이공원은(는) 어린이공원으로, 아이의 생활권 동화 배경으로 사용할 수 있다.",아이의 집 주변 산책·탐험 동화 배경,조합놀이대,4-7;8-10,공원;어린이공원;조합놀이대,27290-00120,서촌어린이공원,어린이공원,대구광역시 달서구 선원로55길 11-8,대구광역시 달서구 용산동 485-1,1510.1,,조합놀이대,,,,1990-12-28,대구광역시 달서구청,053-667-2857,2025-11-10,3470000,대구광역시 달서구
전국도시공원정보표준데이터,https://www.data.go.kr/data/15012890/standard.do,2025-11-10,place,성당소어린이공원,어린이공원,대구광역시 달서구,대구광역시 달서구 장기로 127,35.84270993,128.5462204,"성당소어린이공원은(는) 어린이공원으로, 아이의 생활권 동화 배경으로 사용할 수 있다.",아이의 집 주변 산책·탐험 동화 배경,그네+미끄럼틀+흔들놀이기구+조합놀이대,4-7;8-10,공원;어린이공원;그네+미끄럼틀+흔들놀이기구+조합놀이대,27290-00121,성당소어린이공원,어린이공원,대구광역시 달서구 장기로 127,대구광역시 달서구 성당동 839,3148.4,,그네+미끄럼틀+흔들놀이기구+조합놀이대,,,,2001-07-16,대구광역시 달서구청,053-667-2857,2025-11-10,3470000,대구광역시 달서구
전국도시공원정보표준데이터,https://www.data.go.kr/data/15012890/standard.do,2025-11-10,place,성당천체어린이공원,어린이공원,대구광역시 달서구,대구광역시 달서구 야외음악당로11길 14-7,35.84200641,128.5518277,"성당천체어린이공원은(는) 어린이공원으로, 아이의 생활권 동화 배경으로 사용할 수 있다.",아이의 집 주변 산책·탐험 동화 배경,조합놀이대+흔들놀이기구,4-7;8-10,공원;어린이공원;조합놀이대+흔들놀이기구,27290-00122,성당천체어린이공원,어린이공원,대구광역시 달서구 야외음악당로11길 14-7,대구광역시 달서구 성당동 495-6,1641.3,,조합놀이대+흔들놀이기구,,,,1973-05-10,대구광역시 달서구청,053-667-2857,2025-11-10,3470000,대구광역시 달서구
전국도시공원정보표준데이터,https://www.data.go.kr/data/15012890/standard.do,2025-06-10,place,저들이,어린이공원,대전광역시 유성구,대전광역시 유성구 죽동 617,36.38064771,127.3247599,"저들이은(는) 어린이공원으로, 아이의 생활권 동화 배경으로 사용할 수 있다.",아이의 집 주변 산책·탐험 동화 배경,"공원에서 색깔, 나무, 놀이시설을 찾아보는 관찰 미션",4-7;8-10,공원;어린이공원,30200-00081,저들이,어린이공원,,대전광역시 유성구 죽동 617,3407.8,,,,,,,대전광역시 유성구청,042-611-2718,2025-06-10,3670000,대전광역시 유성구
전국도시공원정보표준데이터,https://www.data.go.kr/data/15012890/standard.do,2025-06-10,place,아래텃골,어린이공원,대전광역시 유성구,대전광역시 유성구 하기동 562,36.38705392,127.3314199,"아래텃골은(는) 어린이공원으로, 아이의 생활권 동화 배경으로 사용할 수 있다.",아이의 집 주변 산책·탐험 동화 배경,"공원에서 색깔, 나무, 놀이시설을 찾아보는 관찰 미션",4-7;8-10,공원;어린이공원,30200-00082,아래텃골,어린이공원,,대전광역시 유성구 하기동 562,3486,,,,,,,대전광역시 유성구청,042-611-2718,2025-06-10,3670000,대전광역시 유성구
전국도시공원정보표준데이터,https://www.data.go.kr/data/15012890/standard.do,2025-06-10,place,윗텃골,어린이공원,대전광역시 유성구,대전광역시 유성구 하기동 550,36.38878237,127.330936,"윗텃골은(는) 어린이공원으로, 아이의 생활권 동화 배경으로 사용할 수 있다.",아이의 집 주변 산책·탐험 동화 배경,"공원에서 색깔, 나무, 놀이시설을 찾아보는 관찰 미션",4-7;8-10,공원;어린이공원,30200-00083,윗텃골,어린이공원,,대전광역시 유성구 하기동 550,1562,,,,,,,대전광역시 유성구청,042-611-2718,2025-06-10,3670000,대전광역시 유성구
전국도시공원정보표준데이터,https://www.data.go.kr/data/15012890/standard.do,2025-06-10,place,초숯골,어린이공원,대전광역시 유성구,대전광역시 유성구 하기동 539,36.38740332,127.3245948,"초숯골은(는) 어린이공원으로, 아이의 생활권 동화 배경으로 사용할 수 있다.",아이의 집 주변 산책·탐험 동화 배경,"공원에서 색깔, 나무, 놀이시설을 찾아보는 관찰 미션",4-7;8-10,공원;어린이공원,30200-00084,초숯골,어린이공원,,대전광역시 유성구 하기동 539,1644,,,,,,,대전광역시 유성구청,042-611-2718,2025-06-10,3670000,대전광역시 유성구
전국도시공원정보표준데이터,https://www.data.go.kr/data/15012890/standard.do,2025-06-10,place,반석,어린이공원,대전광역시 유성구,대전광역시 유성구 반석동 655,36.38968104,127.3146544,"반석은(는) 어린이공원으로, 아이의 생활권 동화 배경으로 사용할 수 있다.",아이의 집 주변 산책·탐험 동화 배경,"공원에서 색깔, 나무, 놀이시설을 찾아보는 관찰 미션",4-7;8-10,공원;어린이공원,30200-00085,반석,어린이공원,,대전광역시 유성구 반석동 655,1512,,,,,,,대전광역시 유성구청,042-611-2718,2025-06-10,3670000,대전광역시 유성구
전국도시공원정보표준데이터,https://www.data.go.kr/data/15012890/standard.do,2025-06-10,place,양지말,어린이공원,대전광역시 유성구,대전광역시 유성구 반석동 627,36.39330599,127.3129893,"양지말은(는) 어린이공원으로, 아이의 생활권 동화 배경으로 사용할 수 있다.",아이의 집 주변 산책·탐험 동화 배경,"공원에서 색깔, 나무, 놀이시설을 찾아보는 관찰 미션",4-7;8-10,공원;어린이공원,30200-00086,양지말,어린이공원,,대전광역시 유성구 반석동 627,1502,,,,,,,대전광역시 유성구청,042-611-2718,2025-06-10,3670000,대전광역시 유성구
전국도시공원정보표준데이터,https://www.data.go.kr/data/15012890/standard.do,2025-06-10,place,회병골,어린이공원,대전광역시 유성구,대전광역시 유성구 반석동 615,36.39336532,127.3096393,"회병골은(는) 어린이공원으로, 아이의 생활권 동화 배경으로 사용할 수 있다.",아이의 집 주변 산책·탐험 동화 배경,"공원에서 색깔, 나무, 놀이시설을 찾아보는 관찰 미션",4-7;8-10,공원;어린이공원,30200-00087,회병골,어린이공원,,대전광역시 유성구 반석동 615,1520,,,,,,,대전광역시 유성구청,042-611-2718,2025-06-10,3670000,대전광역시 유성구
전국도시공원정보표준데이터,https://www.data.go.kr/data/15012890/standard.do,2025-06-10,place,안산,어린이공원,대전광역시 유성구,대전광역시 유성구 지족동 878,36.37808911,127.3197154,"안산은(는) 어린이공원으로, 아이의 생활권 동화 배경으로 사용할 수 있다.",아이의 집 주변 산책·탐험 동화 배경,"공원에서 색깔, 나무, 놀이시설을 찾아보는 관찰 미션",4-7;8-10,공원;어린이공원,30200-00088,안산,어린이공원,,대전광역시 유성구 지족동 878,1643,,,,,,,대전광역시 유성구청,042-611-2718,2025-06-10,3670000,대전광역시 유성구
전국도시공원정보표준데이터,https://www.data.go.kr/data/15012890/standard.do,2025-06-10,place,지족실,어린이공원,대전광역시 유성구,"대전광역시 유성구 노은서로210번길 40, (지족동)",36.37792677,127.3174433,"지족실은(는) 어린이공원으로, 아이의 생활권 동화 배경으로 사용할 수 있다.",아이의 집 주변 산책·탐험 동화 배경,"공원에서 색깔, 나무, 놀이시설을 찾아보는 관찰 미션",4-7;8-10,공원;어린이공원,30200-00089,지족실,어린이공원,"대전광역시 유성구 노은서로210번길 40, (지족동)",대전광역시 유성구 지족동 859,2854,,,,,,,대전광역시 유성구청,042-611-2718,2025-06-10,3670000,대전광역시 유성구
전국도시공원정보표준데이터,https://www.data.go.kr/data/15012890/standard.do,2025-06-10,place,새미래,어린이공원,대전광역시 유성구,대전광역시 유성구 지족동 845,36.38193709,127.3174084,"새미래은(는) 어린이공원으로, 아이의 생활권 동화 배경으로 사용할 수 있다.",아이의 집 주변 산책·탐험 동화 배경,"공원에서 색깔, 나무, 놀이시설을 찾아보는 관찰 미션",4-7;8-10,공원;어린이공원,30200-00090,새미래,어린이공원,,대전광역시 유성구 지족동 845,1729,,,,,,,대전광역시 유성구청,042-611-2718,2025-06-10,3670000,대전광역시 유성구
전국도시공원정보표준데이터,https://www.data.go.kr/data/15012890/standard.do,2025-06-10,place,죽궁이,어린이공원,대전광역시 유성구,대전광역시 유성구 지족동 890,36.37377204,127.3158636,"죽궁이은(는) 어린이공원으로, 아이의 생활권 동화 배경으로 사용할 수 있다.",아이의 집 주변 산책·탐험 동화 배경,"공원에서 색깔, 나무, 놀이시설을 찾아보는 관찰 미션",4-7;8-10,공원;어린이공원,30200-00091,죽궁이,어린이공원,,대전광역시 유성구 지족동 890,1557,,,,,,,대전광역시 유성구청,042-611-2718,2025-06-10,3670000,대전광역시 유성구
전국도시공원정보표준데이터,https://www.data.go.kr/data/15012890/standard.do,2025-06-10,place,수정,어린이공원,대전광역시 유성구,대전광역시 유성구 노은동 556-1,36.36490747,127.3158078,"수정은(는) 어린이공원으로, 아이의 생활권 동화 배경으로 사용할 수 있다.",아이의 집 주변 산책·탐험 동화 배경,"공원에서 색깔, 나무, 놀이시설을 찾아보는 관찰 미션",4-7;8-10,공원;어린이공원,30200-00092,수정,어린이공원,,대전광역시 유성구 노은동 556-1,1887,,,,,,,대전광역시 유성구청,042-611-2718,2025-06-10,3670000,대전광역시 유성구
전국도시공원정보표준데이터,https://www.data.go.kr/data/15012890/standard.do,2025-06-10,place,속들,어린이공원,대전광역시 유성구,대전광역시 유성구 노은동 536-5,36.36818322,127.3216509,"속들은(는) 어린이공원으로, 아이의 생활권 동화 배경으로 사용할 수 있다.",아이의 집 주변 산책·탐험 동화 배경,"공원에서 색깔, 나무, 놀이시설을 찾아보는 관찰 미션",4-7;8-10,공원;어린이공원,30200-00093,속들,어린이공원,,대전광역시 유성구 노은동 536-5,1601,,,,,,,대전광역시 유성구청,042-611-2718,2025-06-10,3670000,대전광역시 유성구
전국도시공원정보표준데이터,https://www.data.go.kr/data/15012890/standard.do,2025-06-10,place,덕미,어린이공원,대전광역시 유성구,대전광역시 유성구 노은동 509-7,36.36834029,127.3161569,"덕미은(는) 어린이공원으로, 아이의 생활권 동화 배경으로 사용할 수 있다.",아이의 집 주변 산책·탐험 동화 배경,"공원에서 색깔, 나무, 놀이시설을 찾아보는 관찰 미션",4-7;8-10,공원;어린이공원,30200-00094,덕미,어린이공원,,대전광역시 유성구 노은동 509-7,1600,,,,,,,대전광역시 유성구청,042-611-2718,2025-06-10,3670000,대전광역시 유성구
전국도시공원정보표준데이터,https://www.data.go.kr/data/15012890/standard.do,2025-06-10,place,노은,어린이공원,대전광역시 유성구,대전광역시 유성구 노은동 522-1,36.37069815,127.3207603,"노은은(는) 어린이공원으로, 아이의 생활권 동화 배경으로 사용할 수 있다.",아이의 집 주변 산책·탐험 동화 배경,"공원에서 색깔, 나무, 놀이시설을 찾아보는 관찰 미션",4-7;8-10,공원;어린이공원,30200-00095,노은,어린이공원,,대전광역시 유성구 노은동 522-1,1994,,,,,,,대전광역시 유성구청,042-611-2718,2025-06-10,3670000,대전광역시 유성구
전국도시공원정보표준데이터,https://www.data.go.kr/data/15012890/standard.do,2025-06-10,place,논골,어린이공원,대전광역시 유성구,대전광역시 유성구 노은동 520-2,36.37187661,127.320115,"논골은(는) 어린이공원으로, 아이의 생활권 동화 배경으로 사용할 수 있다.",아이의 집 주변 산책·탐험 동화 배경,"공원에서 색깔, 나무, 놀이시설을 찾아보는 관찰 미션",4-7;8-10,공원;어린이공원,30200-00096,논골,어린이공원,,대전광역시 유성구 노은동 520-2,1853,,,,,,,대전광역시 유성구청,042-611-2718,2025-06-10,3670000,대전광역시 유성구
전국도시공원정보표준데이터,https://www.data.go.kr/data/15012890/standard.do,2025-06-10,place,창뜰,어린이공원,대전광역시 유성구,대전광역시 유성구 노은동 490,36.37169651,127.3169739,"창뜰은(는) 어린이공원으로, 아이의 생활권 동화 배경으로 사용할 수 있다.",아이의 집 주변 산책·탐험 동화 배경,"공원에서 색깔, 나무, 놀이시설을 찾아보는 관찰 미션",4-7;8-10,공원;어린이공원,30200-00097,창뜰,어린이공원,,대전광역시 유성구 노은동 490,1588,,,,,,,대전광역시 유성구청,042-611-2718,2025-06-10,3670000,대전광역시 유성구
전국도시공원정보표준데이터,https://www.data.go.kr/data/15012890/standard.do,2025-06-10,place,방아다리,어린이공원,대전광역시 유성구,대전광역시 유성구 용산동 667,36.41806292,127.3934879,"방아다리은(는) 어린이공원으로, 아이의 생활권 동화 배경으로 사용할 수 있다.",아이의 집 주변 산책·탐험 동화 배경,"공원에서 색깔, 나무, 놀이시설을 찾아보는 관찰 미션",4-7;8-10,공원;어린이공원,30200-00098,방아다리,어린이공원,,대전광역시 유성구 용산동 667,3015,,,,,,,대전광역시 유성구청,042-611-2718,2025-06-10,3670000,대전광역시 유성구
전국도시공원정보표준데이터,https://www.data.go.kr/data/15012890/standard.do,2025-06-10,place,윗관들,어린이공원,대전광역시 유성구,"대전광역시 유성구 관들3길 46, (관평동)",36.42313245,127.3908391,"윗관들은(는) 어린이공원으로, 아이의 생활권 동화 배경으로 사용할 수 있다.",아이의 집 주변 산책·탐험 동화 배경,"공원에서 색깔, 나무, 놀이시설을 찾아보는 관찰 미션",4-7;8-10,공원;어린이공원,30200-00099,윗관들,어린이공원,"대전광역시 유성구 관들3길 46, (관평동)",대전광역시 유성구 관평동 1007,4101,,,,,,,대전광역시 유성구청,042-611-2718,2025-06-10,3670000,대전광역시 유성구
전국도시공원정보표준데이터,https://www.data.go.kr/data/15012890/standard.do,2025-06-10,place,아래관들,어린이공원,대전광역시 유성구,대전광역시 유성구 관평동 894,36.42419071,127.3862921,"아래관들은(는) 어린이공원으로, 아이의 생활권 동화 배경으로 사용할 수 있다.",아이의 집 주변 산책·탐험 동화 배경,"공원에서 색깔, 나무, 놀이시설을 찾아보는 관찰 미션",4-7;8-10,공원;어린이공원,30200-00100,아래관들,어린이공원,,대전광역시 유성구 관평동 894,2960,,,,,,,대전광역시 유성구청,042-611-2718,2025-06-10,3670000,대전광역시 유성구
전국도시공원정보표준데이터,https://www.data.go.kr/data/15012890/standard.do,2025-06-10,place,배울골,어린이공원,대전광역시 유성구,대전광역시 유성구 관평동 670,36.41977551,127.3882225,"배울골은(는) 어린이공원으로, 아이의 생활권 동화 배경으로 사용할 수 있다.",아이의 집 주변 산책·탐험 동화 배경,"공원에서 색깔, 나무, 놀이시설을 찾아보는 관찰 미션",4-7;8-10,공원;어린이공원,30200-00101,배울골,어린이공원,,대전광역시 유성구 관평동 670,2647,,,,,,,대전광역시 유성구청,042-611-2718,2025-06-10,3670000,대전광역시 유성구
전국도시공원정보표준데이터,https://www.data.go.kr/data/15012890/standard.do,2025-11-10,place,월광수변공원,수변공원,대구광역시 달서구,대구광역시 달서구 월곡로 5,35.7988027,128.5482878,"월광수변공원은(는) 수변공원으로, 아이의 생활권 동화 배경으로 사용할 수 있다.",아이의 집 주변 산책·탐험 동화 배경,조합놀이대+흔들놀이기구; 게이트볼장+인라인스케이트장+다목적구장,4-7;8-10,공원;수변공원;조합놀이대+흔들놀이기구;게이트볼장+인라인스케이트장+다목적구장,27290-00050,월광수변공원,수변공원,대구광역시 달서구 월곡로 5,대구광역시 달서구 도원동 952-1,39295,게이트볼장+인라인스케이트장+다목적구장,조합놀이대+흔들놀이기구,화장실,,,2017-11-30,대구광역시 달서구청,053-667-3636,2025-11-10,3470000,대구광역시 달서구
전국도시공원정보표준데이터,https://www.data.go.kr/data/15012890/standard.do,2025-11-10,place,출판밸리수변공원,수변공원,대구광역시 달서구,대구광역시 달서구 장기로65길 11-4,35.84179251,128.5254492,"출판밸리수변공원은(는) 수변공원으로, 아이의 생활권 동화 배경으로 사용할 수 있다.",아이의 집 주변 산책·탐험 동화 배경,"공원에서 색깔, 나무, 놀이시설을 찾아보는 관찰 미션",4-7;8-10,공원;수변공원,27290-00054,출판밸리수변공원,수변공원,대구광역시 달서구 장기로65길 11-4,대구광역시 달서구 장기동 841-1,6936,,,,,,2012-12-20,대구광역시 달서구청,053-667-2851,2025-11-10,3470000,대구광역시 달서구
전국도시공원정보표준데이터,https://www.data.go.kr/data/15012890/standard.do,2025-11-10,place,가람어린이공원,어린이공원,대구광역시 달서구,대구광역시 달서구 한실로 135,35.80665966,128.5408088,"가람어린이공원은(는) 어린이공원으로, 아이의 생활권 동화 배경으로 사용할 수 있다.",아이의 집 주변 산책·탐험 동화 배경,그네+미끄럼틀+흔들놀이기구+오르는기구,4-7;8-10,공원;어린이공원;그네+미끄럼틀+흔들놀이기구+오르는기구,27290-00055,가람어린이공원,어린이공원,대구광역시 달서구 한실로 135,대구광역시 달서구 도원동 1439,2061.8,,그네+미끄럼틀+흔들놀이기구+오르는기구,,,,1992-12-28,대구광역시 달서구청,053-667-3636,2025-11-10,3470000,대구광역시 달서구
전국도시공원정보표준데이터,https://www.data.go.kr/data/15012890/standard.do,2025-11-10,place,갈뫼어린이공원,어린이공원,대구광역시 달서구,대구광역시 달서구 서당로3길 19-10,35.85276471,128.494303,"갈뫼어린이공원은(는) 어린이공원으로, 아이의 생활권 동화 배경으로 사용할 수 있다.",아이의 집 주변 산책·탐험 동화 배경,그네+조합놀이대,4-7;8-10,공원;어린이공원;그네+조합놀이대,27290-00056,갈뫼어린이공원,어린이공원,대구광역시 달서구 서당로3길 19-10,대구광역시 달서구 신당동 1834-3,1682.2,,그네+조합놀이대,화장실,,,1990-12-28,대구광역시 달서구청,053-667-2857,2025-11-10,3470000,대구광역시 달서구
전국도시공원정보표준데이터,https://www.data.go.kr/data/15012890/standard.do,2025-11-10,place,감삼어린이공원,어린이공원,대구광역시 달서구,대구광역시 달서구 감삼2길 22,35.84909064,128.539941,"감삼어린이공원은(는) 어린이공원으로, 아이의 생활권 동화 배경으로 사용할 수 있다.",아이의 집 주변 산책·탐험 동화 배경,그네+조합놀이대+흔들놀이기구,4-7;8-10,공원;어린이공원;그네+조합놀이대+흔들놀이기구,27290-00057,감삼어린이공원,어린이공원,대구광역시 달서구 감삼2길 22,대구광역시 달서구 감삼동 165-21,1639.3,,그네+조합놀이대+흔들놀이기구,,,,1975-03-11,대구광역시 달서구청,053-667-2857,2025-11-10,3470000,대구광역시 달서구
전국도시공원정보표준데이터,https://www.data.go.kr/data/15012890/standard.do,2025-11-10,place,삼각지어린이공원,어린이공원,대구광역시 달서구,대구광역시 달서구 감삼길 135,35.84984363,128.5457296,"삼각지어린이공원은(는) 어린이공원으로, 아이의 생활권 동화 배경으로 사용할 수 있다.",아이의 집 주변 산책·탐험 동화 배경,흔들놀이기구+시소,4-7;8-10,공원;어린이공원;흔들놀이기구+시소,27290-00058,삼각지어린이공원,어린이공원,대구광역시 달서구 감삼길 135,대구광역시 달서구 감삼동 123,1051.5,,흔들놀이기구+시소,,,,1975-03-11,대구광역시 달서구청,053-667-2857,2025-11-10,3470000,대구광역시 달서구
전국도시공원정보표준데이터,https://www.data.go.kr/data/15012890/standard.do,2025-11-10,place,감삼소어린이공원,어린이공원,대구광역시 달서구,대구광역시 달서구 장기로 160,35.84441945,128.5421725,"감삼소어린이공원은(는) 어린이공원으로, 아이의 생활권 동화 배경으로 사용할 수 있다.",아이의 집 주변 산책·탐험 동화 배경,그네+조합놀이대,4-7;8-10,공원;어린이공원;그네+조합놀이대,27290-00059,감삼소어린이공원,어린이공원,대구광역시 달서구 장기로 160,대구광역시 달서구 감삼동 287-57,2436,,그네+조합놀이대,,,,2001-07-16,대구광역시 달서구청,053-667-2857,2025-11-10,3470000,대구광역시 달서구
전국도시공원정보표준데이터,https://www.data.go.kr/data/15012890/standard.do,2025-11-10,place,감성테마어린이공원,어린이공원,대구광역시 달서구,대구광역시 달서구 상원로1길 3,35.81040639,128.5354373,"감성테마어린이공원은(는) 어린이공원으로, 아이의 생활권 동화 배경으로 사용할 수 있다.",아이의 집 주변 산책·탐험 동화 배경,흔들놀이기구+조합놀이대,4-7;8-10,공원;어린이공원;흔들놀이기구+조합놀이대,27290-00060,감성테마어린이공원,어린이공원,대구광역시 달서구 상원로1길 3,대구광역시 달서구 상인동 1460-5,1681,,흔들놀이기구+조합놀이대,,,,1983-11-22,대구광역시 달서구청,053-667-3636,2025-11-10,3470000,대구광역시 달서구
전국도시공원정보표준데이터,https://www.data.go.kr/data/15012890/standard.do,2025-11-10,place,감천리어린이공원,어린이공원,대구광역시 달서구,대구광역시 달서구 월성로 77,35.83004106,128.5283352,"감천리어린이공원은(는) 어린이공원으로, 아이의 생활권 동화 배경으로 사용할 수 있다.",아이의 집 주변 산책·탐험 동화 배경,건너는기구+조합놀이대,4-7;8-10,공원;어린이공원;건너는기구+조합놀이대,27290-00061,감천리어린이공원,어린이공원,대구광역시 달서구 월성로 77,대구광역시 달서구 월성동 86,2342.3,,건너는기구+조합놀이대,화장실,,,1989-04-15,대구광역시 달서구청,053-667-3636,2025-11-10,3470000,대구광역시 달서구
전국도시공원정보표준데이터,https://www.data.go.kr/data/15012890/standard.do,2025-11-10,place,강산어린이공원,어린이공원,대구광역시 달서구,대구광역시 달서구 도원로 45,35.80543908,128.5358911,"강산어린이공원은(는) 어린이공원으로, 아이의 생활권 동화 배경으로 사용할 수 있다.",아이의 집 주변 산책·탐험 동화 배경,그네+조합놀이대,4-7;8-10,공원;어린이공원;그네+조합놀이대,27290-00062,강산어린이공원,어린이공원,대구광역시 달서구 도원로 45,대구광역시 달서구 도원동 1443,2537.7,,그네+조합놀이대,,,,1992-12-28,대구광역시 달서구청,053-667-3636,2025-11-10,3470000,대구광역시 달서구
전국도시공원정보표준데이터,https://www.data.go.kr/data/15012890/standard.do,2025-11-10,place,광수어린이공원,어린이공원,대구광역시 달서구,대구광역시 달서구 학산로 30,35.82894498,128.5338024,"광수어린이공원은(는) 어린이공원으로, 아이의 생활권 동화 배경으로 사용할 수 있다.",아이의 집 주변 산책·탐험 동화 배경,조합놀이대+그네+흔들놀이기구,4-7;8-10,공원;어린이공원;조합놀이대+그네+흔들놀이기구,27290-00063,광수어린이공원,어린이공원,대구광역시 달서구 학산로 30,대구광역시 달서구 월성동 364,2800.2,,조합놀이대+그네+흔들놀이기구,화장실,,,1989-07-19,대구광역시 달서구청,053-667-3636,2025-11-10,3470000,대구광역시 달서구
전국도시공원정보표준데이터,https://www.data.go.kr/data/15012890/standard.do,2025-11-10,place,거인나라어린이공원,어린이공원,대구광역시 달서구,대구광역시 달서구 와룡로43길 36-5,35.85229653,128.5349085,"거인나라어린이공원은(는) 어린이공원으로, 아이의 생활권 동화 배경으로 사용할 수 있다.",아이의 집 주변 산책·탐험 동화 배경,조합놀이대,4-7;8-10,공원;어린이공원;조합놀이대,27290-00064,거인나라어린이공원,어린이공원,대구광역시 달서구 와룡로43길 36-5,대구광역시 달서구 죽전동 261-3,1652.9,,조합놀이대,,,,1975-03-11,대구광역시 달서구청,053-667-2857,2025-11-10,3470000,대구광역시 달서구
전국도시공원정보표준데이터,https://www.data.go.kr/data/15012890/standard.do,2025-06-23,place,천부체육공원,체육공원,경상북도 울릉군,경상북도 울릉군 북면 천부리 678-1,37.53799344,130.8703392,"천부체육공원은(는) 체육공원으로, 아이의 생활권 동화 배경으로 사용할 수 있다.",아이의 집 주변 산책·탐험 동화 배경,"공원에서 색깔, 나무, 놀이시설을 찾아보는 관찰 미션",4-7;8-10,공원;체육공원,47940-00009,천부체육공원,체육공원,,경상북도 울릉군 북면 천부리 678-1,10687,,,,,,2011-08-01,경상북도 울릉군청,054-790-6242,2025-06-23,5260000,경상북도 울릉군
전국도시공원정보표준데이터,https://www.data.go.kr/data/15012890/standard.do,2025-06-09,place,청량,근린공원,서울특별시 동대문구,서울특별시 동대문구 청량리동 산1-1,37.59573175,127.0448296,"청량은(는) 근린공원으로, 아이의 생활권 동화 배경으로 사용할 수 있다.",아이의 집 주변 산책·탐험 동화 배경,홍릉수목원,4-7;8-10,공원;근린공원;홍릉수목원,11230-00001,청량,근린공원,,서울특별시 동대문구 청량리동 산1-1,119871,,,,홍릉수목원,,1940-03-12,서울특별시 동대문구청,02-2127-4772,2025-06-09,3050000,서울특별시 동대문구
전국도시공원정보표준데이터,https://www.data.go.kr/data/15012890/standard.do,2025-06-09,place,우산각,어린이공원,서울특별시 동대문구,서울특별시 동대문구 신설동 109-4,37.57385655,127.0241852,"우산각은(는) 어린이공원으로, 아이의 생활권 동화 배경으로 사용할 수 있다.",아이의 집 주변 산책·탐험 동화 배경,도서관,4-7;8-10,공원;어린이공원;도서관,11230-00002,우산각,어린이공원,,서울특별시 동대문구 신설동 109-4,5294.2,,,,도서관,,1963-04-26,서울특별시 동대문구청,02-2127-4776,2025-06-09,3050000,서울특별시 동대문구
전국도시공원정보표준데이터,https://www.data.go.kr/data/15012890/standard.do,2025-11-05,place,공간공원,어린이공원,부산광역시 사하구,부산광역시 사하구 다대동 85-14,35.06618505,128.9805657,"공간공원은(는) 어린이공원으로, 아이의 생활권 동화 배경으로 사용할 수 있다.",아이의 집 주변 산책·탐험 동화 배경,"공원에서 색깔, 나무, 놀이시설을 찾아보는 관찰 미션",4-7;8-10,공원;어린이공원,26380-00028,공간공원,어린이공원,,부산광역시 사하구 다대동 85-14,266.7,,,,,,1994-11-18,부산광역시 사하구청,051-220-4522,2025-11-05,3340000,부산광역시 사하구
전국도시공원정보표준데이터,https://www.data.go.kr/data/15012890/standard.do,2025-11-05,place,대성공원,어린이공원,부산광역시 사하구,부산광역시 사하구 다대동 1552-3,35.04870983,128.9672813,"대성공원은(는) 어린이공원으로, 아이의 생활권 동화 배경으로 사용할 수 있다.",아이의 집 주변 산책·탐험 동화 배경,"공원에서 색깔, 나무, 놀이시설을 찾아보는 관찰 미션",4-7;8-10,공원;어린이공원,26380-00033,대성공원,어린이공원,,부산광역시 사하구 다대동 1552-3,1516.2,,,,,,1995-12-08,부산광역시 사하구청,051-220-4522,2025-11-05,3340000,부산광역시 사하구
전국도시공원정보표준데이터,https://www.data.go.kr/data/15012890/standard.do,2025-11-05,place,중현공원,어린이공원,부산광역시 사하구,부산광역시 사하구 다대동 1550-5,35.05139146,128.9670788,"중현공원은(는) 어린이공원으로, 아이의 생활권 동화 배경으로 사용할 수 있다.",아이의 집 주변 산책·탐험 동화 배경,"공원에서 색깔, 나무, 놀이시설을 찾아보는 관찰 미션",4-7;8-10,공원;어린이공원,26380-00034,중현공원,어린이공원,,부산광역시 사하구 다대동 1550-5,1500.4,,,,,,1995-12-08,부산광역시 사하구청,051-220-4522,2025-11-05,3340000,부산광역시 사하구
전국도시공원정보표준데이터,https://www.data.go.kr/data/15012890/standard.do,2025-11-05,place,응봉공원,어린이공원,부산광역시 사하구,부산광역시 사하구 다대동 1549-1,35.05154267,128.9611924,"응봉공원은(는) 어린이공원으로, 아이의 생활권 동화 배경으로 사용할 수 있다.",아이의 집 주변 산책·탐험 동화 배경,"공원에서 색깔, 나무, 놀이시설을 찾아보는 관찰 미션",4-7;8-10,공원;어린이공원,26380-00035,응봉공원,어린이공원,,부산광역시 사하구 다대동 1549-1,1500.3,,,,,,1995-12-08,부산광역시 사하구청,051-220-4522,2025-11-05,3340000,부산광역시 사하구
전국도시공원정보표준데이터,https://www.data.go.kr/data/15012890/standard.do,2025-11-05,place,조성공원,어린이공원,부산광역시 사하구,부산광역시 사하구 다대동 1548-16,35.04986397,128.9645862,"조성공원은(는) 어린이공원으로, 아이의 생활권 동화 배경으로 사용할 수 있다.",아이의 집 주변 산책·탐험 동화 배경,"공원에서 색깔, 나무, 놀이시설을 찾아보는 관찰 미션",4-7;8-10,공원;어린이공원,26380-00036,조성공원,어린이공원,,부산광역시 사하구 다대동 1548-16,1691.5,,,,,,1995-12-08,부산광역시 사하구청,051-220-4522,2025-11-05,3340000,부산광역시 사하구
전국도시공원정보표준데이터,https://www.data.go.kr/data/15012890/standard.do,2025-11-05,place,씨앗공원,어린이공원,부산광역시 사하구,부산광역시 사하구 구평동 201,35.07721144,128.9902403,"씨앗공원은(는) 어린이공원으로, 아이의 생활권 동화 배경으로 사용할 수 있다.",아이의 집 주변 산책·탐험 동화 배경,"공원에서 색깔, 나무, 놀이시설을 찾아보는 관찰 미션",4-7;8-10,공원;어린이공원,26380-00037,씨앗공원,어린이공원,,부산광역시 사하구 구평동 201,1802.2,,,,,,1996-12-10,부산광역시 사하구청,051-220-4522,2025-11-05,3340000,부산광역시 사하구
전국도시공원정보표준데이터,https://www.data.go.kr/data/15012890/standard.do,2025-11-05,place,풀꽃공원,어린이공원,부산광역시 사하구,부산광역시 사하구 구평동 514,35.08018378,128.9877105,"풀꽃공원은(는) 어린이공원으로, 아이의 생활권 동화 배경으로 사용할 수 있다.",아이의 집 주변 산책·탐험 동화 배경,"공원에서 색깔, 나무, 놀이시설을 찾아보는 관찰 미션",4-7;8-10,공원;어린이공원,26380-00038,풀꽃공원,어린이공원,,부산광역시 사하구 구평동 514,1502.6,,,,,,1996-12-10,부산광역시 사하구청,051-220-4522,2025-11-05,3340000,부산광역시 사하구
전국도시공원정보표준데이터,https://www.data.go.kr/data/15012890/standard.do,2025-11-05,place,열매공원,어린이공원,부산광역시 사하구,부산광역시 사하구 구평동 511,35.07986636,128.9897447,"열매공원은(는) 어린이공원으로, 아이의 생활권 동화 배경으로 사용할 수 있다.",아이의 집 주변 산책·탐험 동화 배경,"공원에서 색깔, 나무, 놀이시설을 찾아보는 관찰 미션",4-7;8-10,공원;어린이공원,26380-00039,열매공원,어린이공원,,부산광역시 사하구 구평동 511,1657.3,,,,,,1996-12-10,부산광역시 사하구청,051-220-4522,2025-11-05,3340000,부산광역시 사하구
전국도시공원정보표준데이터,https://www.data.go.kr/data/15012890/standard.do,2025-11-05,place,보림공원,어린이공원,부산광역시 사하구,부산광역시 사하구 장림동 1139,35.083152,128.9673322,"보림공원은(는) 어린이공원으로, 아이의 생활권 동화 배경으로 사용할 수 있다.",아이의 집 주변 산책·탐험 동화 배경,"공원에서 색깔, 나무, 놀이시설을 찾아보는 관찰 미션",4-7;8-10,공원;어린이공원,26380-00041,보림공원,어린이공원,,부산광역시 사하구 장림동 1139,1532,,,,,,1997-08-26,부산광역시 사하구청,051-220-4522,2025-11-05,3340000,부산광역시 사하구
전국도시공원정보표준데이터,https://www.data.go.kr/data/15012890/standard.do,2025-11-05,place,장림공원,어린이공원,부산광역시 사하구,부산광역시 사하구 장림동 1125,35.08188889,128.965405,"장림공원은(는) 어린이공원으로, 아이의 생활권 동화 배경으로 사용할 수 있다.",아이의 집 주변 산책·탐험 동화 배경,"공원에서 색깔, 나무, 놀이시설을 찾아보는 관찰 미션",4-7;8-10,공원;어린이공원,26380-00042,장림공원,어린이공원,,부산광역시 사하구 장림동 1125,910,,,,,,1998-05-02,부산광역시 사하구청,051-220-4522,2025-11-05,3340000,부산광역시 사하구
전국도시공원정보표준데이터,https://www.data.go.kr/data/15012890/standard.do,2025-11-05,place,통일아시아드공원,근린공원,부산광역시 사하구,부산광역시 사하구 다대동 1585,35.05939394,128.980004,"통일아시아드공원은(는) 근린공원으로, 아이의 생활권 동화 배경으로 사용할 수 있다.",아이의 집 주변 산책·탐험 동화 배경,"공원에서 색깔, 나무, 놀이시설을 찾아보는 관찰 미션",4-7;8-10,공원;근린공원,26380-00044,통일아시아드공원,근린공원,,부산광역시 사하구 다대동 1585,9915.3,,,,,,2003-11-20,부산광역시 사하구청,051-220-4522,2025-11-05,3340000,부산광역시 사하구
전국도시공원정보표준데이터,https://www.data.go.kr/data/15012890/standard.do,2025-11-05,place,희망공원,어린이공원,부산광역시 사하구,부산광역시 사하구 당리동 309-5,35.1070058,128.9727379,"희망공원은(는) 어린이공원으로, 아이의 생활권 동화 배경으로 사용할 수 있다.",아이의 집 주변 산책·탐험 동화 배경,"공원에서 색깔, 나무, 놀이시설을 찾아보는 관찰 미션",4-7;8-10,공원;어린이공원,26380-00045,희망공원,어린이공원,,부산광역시 사하구 당리동 309-5,989.3,,,,,,2003-12-11,부산광역시 사하구청,051-220-4522,2025-11-05,3340000,부산광역시 사하구
전국도시공원정보표준데이터,https://www.data.go.kr/data/15012890/standard.do,2025-11-05,place,하늘공원,어린이공원,부산광역시 사하구,부산광역시 사하구 다대동 1673,35.06361877,128.9833972,"하늘공원은(는) 어린이공원으로, 아이의 생활권 동화 배경으로 사용할 수 있다.",아이의 집 주변 산책·탐험 동화 배경,"공원에서 색깔, 나무, 놀이시설을 찾아보는 관찰 미션",4-7;8-10,공원;어린이공원,26380-00046,하늘공원,어린이공원,,부산광역시 사하구 다대동 1673,2530,,,,,,2005-11-23,부산광역시 사하구청,051-220-4522,2025-11-05,3340000,부산광역시 사하구
전국도시공원정보표준데이터,https://www.data.go.kr/data/15012890/standard.do,2026-03-19,place,진접7호숲속공원,어린이공원,경기도 남양주시,경기도 남양주시 진접읍 금곡리 1119,37.7239485,127.2104548,"진접7호숲속공원은(는) 어린이공원으로, 아이의 생활권 동화 배경으로 사용할 수 있다.",아이의 집 주변 산책·탐험 동화 배경,"공원에서 색깔, 나무, 놀이시설을 찾아보는 관찰 미션",4-7;8-10,공원;어린이공원,41360-00056,진접7호숲속공원,어린이공원,,경기도 남양주시 진접읍 금곡리 1119,2498,,,,,,,경기도 남양주시청,031-590-8369,2026-03-19,3990000,경기도 남양주시
전국도시공원정보표준데이터,https://www.data.go.kr/data/15012890/standard.do,2026-03-19,place,진접3호늘찬공원,어린이공원,경기도 남양주시,경기도 남양주시 진접읍 금곡리 1092,37.71490907,127.1962489,"진접3호늘찬공원은(는) 어린이공원으로, 아이의 생활권 동화 배경으로 사용할 수 있다.",아이의 집 주변 산책·탐험 동화 배경,"공원에서 색깔, 나무, 놀이시설을 찾아보는 관찰 미션",4-7;8-10,공원;어린이공원,41360-00057,진접3호늘찬공원,어린이공원,,경기도 남양주시 진접읍 금곡리 1092,2877,,,,,,,경기도 남양주시청,031-590-8369,2026-03-19,3990000,경기도 남양주시
전국도시공원정보표준데이터,https://www.data.go.kr/data/15012890/standard.do,2026-03-19,place,진접2호도담공원,어린이공원,경기도 남양주시,경기도 남양주시 진접읍 금곡리 970,37.7192162,127.1915425,"진접2호도담공원은(는) 어린이공원으로, 아이의 생활권 동화 배경으로 사용할 수 있다.",아이의 집 주변 산책·탐험 동화 배경,"공원에서 색깔, 나무, 놀이시설을 찾아보는 관찰 미션",4-7;8-10,공원;어린이공원,41360-00058,진접2호도담공원,어린이공원,,경기도 남양주시 진접읍 금곡리 970,3702,,,,,,,경기도 남양주시청,031-590-8369,2026-03-19,3990000,경기도 남양주시
전국도시공원정보표준데이터,https://www.data.go.kr/data/15012890/standard.do,2026-03-19,place,진접6호한빛공원,어린이공원,경기도 남양주시,경기도 남양주시 진접읍 금곡리 985,37.7221182,127.2017407,"진접6호한빛공원은(는) 어린이공원으로, 아이의 생활권 동화 배경으로 사용할 수 있다.",아이의 집 주변 산책·탐험 동화 배경,"공원에서 색깔, 나무, 놀이시설을 찾아보는 관찰 미션",4-7;8-10,공원;어린이공원,41360-00059,진접6호한빛공원,어린이공원,,경기도 남양주시 진접읍 금곡리 985,4237,,,,,,,경기도 남양주시청,031-590-8369,2026-03-19,3990000,경기도 남양주시
전국도시공원정보표준데이터,https://www.data.go.kr/data/15012890/standard.do,2026-03-19,place,진접1호해밀공원,어린이공원,경기도 남양주시,경기도 남양주시 진접읍 금곡리 1084,37.71199895,127.1895491,"진접1호해밀공원은(는) 어린이공원으로, 아이의 생활권 동화 배경으로 사용할 수 있다.",아이의 집 주변 산책·탐험 동화 배경,"공원에서 색깔, 나무, 놀이시설을 찾아보는 관찰 미션",4-7;8-10,공원;어린이공원,41360-00060,진접1호해밀공원,어린이공원,,경기도 남양주시 진접읍 금곡리 1084,5742,,,,,,,경기도 남양주시청,031-590-8369,2026-03-19,3990000,경기도 남양주시
전국도시공원정보표준데이터,https://www.data.go.kr/data/15012890/standard.do,2026-03-19,place,도농 제3호공원,어린이공원,경기도 남양주시,경기도 남양주시 도농로 34,37.61101957,127.1562291,"도농 제3호공원은(는) 어린이공원으로, 아이의 생활권 동화 배경으로 사용할 수 있다.",아이의 집 주변 산책·탐험 동화 배경,"공원에서 색깔, 나무, 놀이시설을 찾아보는 관찰 미션",4-7;8-10,공원;어린이공원,41360-00004,도농 제3호공원,어린이공원,경기도 남양주시 도농로 34,경기도 남양주시 다산동 4002-1,1500,,,,,,,경기도 남양주시청,031-590-5354,2026-03-19,3990000,경기도 남양주시
전국도시공원정보표준데이터,https://www.data.go.kr/data/15012890/standard.do,2026-03-19,place,퇴계3호공원,어린이공원,경기도 남양주시,경기도 남양주시 퇴계원읍 퇴계원리 259-8,37.6513146,127.142909,"퇴계3호공원은(는) 어린이공원으로, 아이의 생활권 동화 배경으로 사용할 수 있다.",아이의 집 주변 산책·탐험 동화 배경,"공원에서 색깔, 나무, 놀이시설을 찾아보는 관찰 미션",4-7;8-10,공원;어린이공원,41360-00005,퇴계3호공원,어린이공원,,경기도 남양주시 퇴계원읍 퇴계원리 259-8,1414,,,,,,,경기도 남양주시청,031-590-5354,2026-03-19,3990000,경기도 남양주시
전국도시공원정보표준데이터,https://www.data.go.kr/data/15012890/standard.do,2026-03-19,place,도곡1공원,근린공원,경기도 남양주시,경기도 남양주시 와부읍 도곡리 1114-2,37.5765337,127.220081,"도곡1공원은(는) 근린공원으로, 아이의 생활권 동화 배경으로 사용할 수 있다.",아이의 집 주변 산책·탐험 동화 배경,"공원에서 색깔, 나무, 놀이시설을 찾아보는 관찰 미션",4-7;8-10,공원;근린공원,41360-00006,도곡1공원,근린공원,,경기도 남양주시 와부읍 도곡리 1114-2,11898,,,,,,,경기도 남양주시청,031-590-8601,2026-03-19,3990000,경기도 남양주시
전국도시공원정보표준데이터,https://www.data.go.kr/data/15012890/standard.do,2026-03-19,place,금곡물놀이장,어린이공원,경기도 남양주시,경기도 남양주시 석실로 716-20,37.6256228,127.2021588,"금곡물놀이장은(는) 어린이공원으로, 아이의 생활권 동화 배경으로 사용할 수 있다.",아이의 집 주변 산책·탐험 동화 배경,"공원에서 색깔, 나무, 놀이시설을 찾아보는 관찰 미션",4-7;8-10,공원;어린이공원,41360-00007,금곡물놀이장,어린이공원,경기도 남양주시 석실로 716-20,경기도 남양주시 금곡동 656,1762,,,,,,,경기도 남양주시청,031-590-4738,2026-03-19,3990000,경기도 남양주시
전국도시공원정보표준데이터,https://www.data.go.kr/data/15012890/standard.do,2026-03-19,place,진접물놀이장,어린이공원,경기도 남양주시,경기도 남양주시 진접읍 장현리 677-2,37.7151558,127.1816603,"진접물놀이장은(는) 어린이공원으로, 아이의 생활권 동화 배경으로 사용할 수 있다.",아이의 집 주변 산책·탐험 동화 배경,"공원에서 색깔, 나무, 놀이시설을 찾아보는 관찰 미션",4-7;8-10,공원;어린이공원,41360-00008,진접물놀이장,어린이공원,,경기도 남양주시 진접읍 장현리 677-2,1509,,,,,,,경기도 남양주시청,031-590-8369,2026-03-19,3990000,경기도 남양주시
전국도시공원정보표준데이터,https://www.data.go.kr/data/15012890/standard.do,2026-03-19,place,평내1호근린공원,근린공원,경기도 남양주시,경기도 남양주시 평내로 9,37.6443214,127.2309081,"평내1호근린공원은(는) 근린공원으로, 아이의 생활권 동화 배경으로 사용할 수 있다.",아이의 집 주변 산책·탐험 동화 배경,"공원에서 색깔, 나무, 놀이시설을 찾아보는 관찰 미션",4-7;8-10,공원;근린공원,41360-00009,평내1호근린공원,근린공원,경기도 남양주시 평내로 9,경기도 남양주시 평내동 427-5,29356,,,,,,,경기도 남양주시청,031-590-4738,2026-03-19,3990000,경기도 남양주시
전국도시공원정보표준데이터,https://www.data.go.kr/data/15012890/standard.do,2026-03-19,place,중앙공원,근린공원,경기도 남양주시,경기도 남양주시 늘을2로 67,37.6588764,127.2422816,"중앙공원은(는) 근린공원으로, 아이의 생활권 동화 배경으로 사용할 수 있다.",아이의 집 주변 산책·탐험 동화 배경,"공원에서 색깔, 나무, 놀이시설을 찾아보는 관찰 미션",4-7;8-10,공원;근린공원,41360-00010,중앙공원,근린공원,경기도 남양주시 늘을2로 67,경기도 남양주시 호평동 620,57710,,,,,,,경기도 남양주시청,031-590-4738,2026-03-19,3990000,경기도 남양주시
전국도시공원정보표준데이터,https://www.data.go.kr/data/15012890/standard.do,2026-03-19,place,창현제3호어린이공원,어린이공원,경기도 남양주시,경기도 남양주시 화도읍 수레로 1234-24,37.6474158,127.3045481,"창현제3호어린이공원은(는) 어린이공원으로, 아이의 생활권 동화 배경으로 사용할 수 있다.",아이의 집 주변 산책·탐험 동화 배경,"공원에서 색깔, 나무, 놀이시설을 찾아보는 관찰 미션",4-7;8-10,공원;어린이공원,41360-00011,창현제3호어린이공원,어린이공원,경기도 남양주시 화도읍 수레로 1234-24,경기도 남양주시 화도읍 창현리 749,2000,,,,,,,경기도 남양주시청,031-590-4993,2026-03-19,3990000,경기도 남양주시
전국도시공원정보표준데이터,https://www.data.go.kr/data/15012890/standard.do,2026-03-19,place,창현제5호어린이공원,어린이공원,경기도 남양주시,경기도 남양주시 화도읍 창현리 763,37.64598147,127.2989328,"창현제5호어린이공원은(는) 어린이공원으로, 아이의 생활권 동화 배경으로 사용할 수 있다.",아이의 집 주변 산책·탐험 동화 배경,"공원에서 색깔, 나무, 놀이시설을 찾아보는 관찰 미션",4-7;8-10,공원;어린이공원,41360-00012,창현제5호어린이공원,어린이공원,,경기도 남양주시 화도읍 창현리 763,2038,,,,,,,경기도 남양주시청,031-590-4993,2026-03-19,3990000,경기도 남양주시
전국도시공원정보표준데이터,https://www.data.go.kr/data/15012890/standard.do,2026-03-19,place,창현제4호어린이공원,어린이공원,경기도 남양주시,경기도 남양주시 화도읍 창현리 756,37.64900798,127.3013676,"창현제4호어린이공원은(는) 어린이공원으로, 아이의 생활권 동화 배경으로 사용할 수 있다.",아이의 집 주변 산책·탐험 동화 배경,"공원에서 색깔, 나무, 놀이시설을 찾아보는 관찰 미션",4-7;8-10,공원;어린이공원,41360-00013,창현제4호어린이공원,어린이공원,,경기도 남양주시 화도읍 창현리 756,2204,,,,,,,경기도 남양주시청,031-590-4993,2026-03-19,3990000,경기도 남양주시
전국도시공원정보표준데이터,https://www.data.go.kr/data/15012890/standard.do,2026-03-19,place,호만5지구 어린이공원,어린이공원,경기도 남양주시,경기도 남양주시 호평동 729-2,37.65748855,127.2488667,"호만5지구 어린이공원은(는) 어린이공원으로, 아이의 생활권 동화 배경으로 사용할 수 있다.",아이의 집 주변 산책·탐험 동화 배경,"공원에서 색깔, 나무, 놀이시설을 찾아보는 관찰 미션",4-7;8-10,공원;어린이공원,41360-00014,호만5지구 어린이공원,어린이공원,,경기도 남양주시 호평동 729-2,3357,,,,,,,경기도 남양주시청,031-590-4993,2026-03-19,3990000,경기도 남양주시
전국도시공원정보표준데이터,https://www.data.go.kr/data/15012890/standard.do,2026-03-19,place,영락공원,묘지공원,경기도 남양주시,경기도 남양주시 진건읍 사릉로264번길 232,37.6642595,127.2048522,"영락공원은(는) 묘지공원으로, 아이의 생활권 동화 배경으로 사용할 수 있다.",아이의 집 주변 산책·탐험 동화 배경,"공원에서 색깔, 나무, 놀이시설을 찾아보는 관찰 미션",4-7;8-10,공원;묘지공원,41360-00015,영락공원,묘지공원,경기도 남양주시 진건읍 사릉로264번길 232,경기도 남양주시 진건읍 사능리 산 1-1,281785,,,,,,,경기도 남양주시청,031-590-8601,2026-03-19,3990000,경기도 남양주시
전국도시공원정보표준데이터,https://www.data.go.kr/data/15012890/standard.do,2026-03-19,place,진건물놀이장,어린이공원,경기도 남양주시,경기도 남양주시 진건읍 사능리 645-7,37.6551243,127.1800891,"진건물놀이장은(는) 어린이공원으로, 아이의 생활권 동화 배경으로 사용할 수 있다.",아이의 집 주변 산책·탐험 동화 배경,"공원에서 색깔, 나무, 놀이시설을 찾아보는 관찰 미션",4-7;8-10,공원;어린이공원,41360-00016,진건물놀이장,어린이공원,,경기도 남양주시 진건읍 사능리 645-7,1905,,,,,,,경기도 남양주시청,031-590-5354,2026-03-19,3990000,경기도 남양주시
전국도시공원정보표준데이터,https://www.data.go.kr/data/15012890/standard.do,2026-02-26,place,평림댐공원,수변공원,전라남도 장성군,전라남도 장성군 수옥리 865-4,35.285855,126.684203,"평림댐공원은(는) 수변공원으로, 아이의 생활권 동화 배경으로 사용할 수 있다.",아이의 집 주변 산책·탐험 동화 배경,"공원에서 색깔, 나무, 놀이시설을 찾아보는 관찰 미션",4-7;8-10,공원;수변공원,46880-00111,평림댐공원,수변공원,,전라남도 장성군 수옥리 865-4,54110,,,"화장실2, 운동장, 주차장, 쉼터 등",,"장미원, 벽천폭포, 파고라 등",2016-01-21,전라남도 장성군청,061-390-7399,2026-02-26,4980000,전라남도 장성군
전국도시공원정보표준데이터,https://www.data.go.kr/data/15012890/standard.do,2025-11-05,place,은빛공원,어린이공원,부산광역시 사하구,부산광역시 사하구 다대동 113-4,35.06724935,128.9780931,"은빛공원은(는) 어린이공원으로, 아이의 생활권 동화 배경으로 사용할 수 있다.",아이의 집 주변 산책·탐험 동화 배경,"공원에서 색깔, 나무, 놀이시설을 찾아보는 관찰 미션",4-7;8-10,공원;어린이공원,26380-00023,은빛공원,어린이공원,,부산광역시 사하구 다대동 113-4,1762.5,,,,,,1988-12-17,부산광역시 사하구청,051-220-4522,2025-11-05,3340000,부산광역시 사하구
전국도시공원정보표준데이터,https://www.data.go.kr/data/15012890/standard.do,2025-11-05,place,새싹공원,어린이공원,부산광역시 사하구,부산광역시 사하구 다대동 94-7,35.0632643,128.9875102,"새싹공원은(는) 어린이공원으로, 아이의 생활권 동화 배경으로 사용할 수 있다.",아이의 집 주변 산책·탐험 동화 배경,"공원에서 색깔, 나무, 놀이시설을 찾아보는 관찰 미션",4-7;8-10,공원;어린이공원,26380-00024,새싹공원,어린이공원,,부산광역시 사하구 다대동 94-7,2928.1,,,,,,1990-11-16,부산광역시 사하구청,051-220-4522,2025-11-05,3340000,부산광역시 사하구
전국도시공원정보표준데이터,https://www.data.go.kr/data/15012890/standard.do,2025-11-05,place,다송공원,어린이공원,부산광역시 사하구,부산광역시 사하구 다대동 94-1,35.06858736,128.9805874,"다송공원은(는) 어린이공원으로, 아이의 생활권 동화 배경으로 사용할 수 있다.",아이의 집 주변 산책·탐험 동화 배경,"공원에서 색깔, 나무, 놀이시설을 찾아보는 관찰 미션",4-7;8-10,공원;어린이공원,26380-00025,다송공원,어린이공원,,부산광역시 사하구 다대동 94-1,3142.9,,,,,,1990-11-16,부산광역시 사하구청,051-220-4522,2025-11-05,3340000,부산광역시 사하구
전국도시공원정보표준데이터,https://www.data.go.kr/data/15012890/standard.do,2025-11-05,place,두송공원,어린이공원,부산광역시 사하구,부산광역시 사하구 다대동 94-3,35.06629567,128.9853734,"두송공원은(는) 어린이공원으로, 아이의 생활권 동화 배경으로 사용할 수 있다.",아이의 집 주변 산책·탐험 동화 배경,"공원에서 색깔, 나무, 놀이시설을 찾아보는 관찰 미션",4-7;8-10,공원;어린이공원,26380-00026,두송공원,어린이공원,,부산광역시 사하구 다대동 94-3,7713.7,,,,,,1990-11-16,부산광역시 사하구청,051-220-4522,2025-11-05,3340000,부산광역시 사하구
전국도시공원정보표준데이터,https://www.data.go.kr/data/15012890/standard.do,2025-11-05,place,신평레포츠공원,체육공원,부산광역시 사하구,부산광역시 사하구 신평동 651-9,35.09324072,128.959711,"신평레포츠공원은(는) 체육공원으로, 아이의 생활권 동화 배경으로 사용할 수 있다.",아이의 집 주변 산책·탐험 동화 배경,"공원에서 색깔, 나무, 놀이시설을 찾아보는 관찰 미션",4-7;8-10,공원;체육공원,26380-00027,신평레포츠공원,체육공원,,부산광역시 사하구 신평동 651-9,13223.1,,,,,,1994-03-10,부산광역시 사하구청,051-220-4522,2025-11-05,3340000,부산광역시 사하구
전국도시공원정보표준데이터,https://www.data.go.kr/data/15012890/standard.do,2023-12-07,place,황지제1공원,어린이공원,강원특별자치도 태백시,강원특별자치도 태백시 황지동 49-94,37.1689609,128.9890054,"황지제1공원은(는) 어린이공원으로, 아이의 생활권 동화 배경으로 사용할 수 있다.",아이의 집 주변 산책·탐험 동화 배경,쉼터+놀이터+벤치,4-7;8-10,공원;어린이공원;쉼터+놀이터+벤치,51190-00004,황지제1공원,어린이공원,,강원특별자치도 태백시 황지동 49-94,1682,,쉼터+놀이터+벤치,,,,1985-11-04,강원특별자치도 태백시청,033-550-2111,2023-12-07,4221000,강원특별자치도 태백시
전국도시공원정보표준데이터,https://www.data.go.kr/data/15012890/standard.do,2023-12-07,place,황지제2공원,어린이공원,강원특별자치도 태백시,강원특별자치도 태백시 고원로 181,37.1706705,128.989702,"황지제2공원은(는) 어린이공원으로, 아이의 생활권 동화 배경으로 사용할 수 있다.",아이의 집 주변 산책·탐험 동화 배경,놀이시설,4-7;8-10,공원;어린이공원;놀이시설,51190-00005,황지제2공원,어린이공원,강원특별자치도 태백시 고원로 181,강원특별자치도 태백시 황지동 44-53,695,,놀이시설,,,,1985-11-04,강원특별자치도 태백시청,033-550-2111,2023-12-07,4221000,강원특별자치도 태백시
전국도시공원정보표준데이터,https://www.data.go.kr/data/15012890/standard.do,2023-12-07,place,화전제1공원,어린이공원,강원특별자치도 태백시,강원특별자치도 태백시 화전동 24-7,37.1813696,128.9763461,"화전제1공원은(는) 어린이공원으로, 아이의 생활권 동화 배경으로 사용할 수 있다.",아이의 집 주변 산책·탐험 동화 배경,쉼터+놀이터+벤치,4-7;8-10,공원;어린이공원;쉼터+놀이터+벤치,51190-00006,화전제1공원,어린이공원,,강원특별자치도 태백시 화전동 24-7,1053,,쉼터+놀이터+벤치,,,,2002-12-27,강원특별자치도 태백시청,033-550-2111,2023-12-07,4221000,강원특별자치도 태백시
전국도시공원정보표준데이터,https://www.data.go.kr/data/15012890/standard.do,2023-12-07,place,황지제3공원,어린이공원,강원특별자치도 태백시,강원특별자치도 태백시 황지동 20-27,37.176455,128.992131,"황지제3공원은(는) 어린이공원으로, 아이의 생활권 동화 배경으로 사용할 수 있다.",아이의 집 주변 산책·탐험 동화 배경,쉼터+벤치,4-7;8-10,공원;어린이공원;쉼터+벤치,51190-00007,황지제3공원,어린이공원,,강원특별자치도 태백시 황지동 20-27,1203,,쉼터+벤치,,,,2002-12-27,강원특별자치도 태백시청,033-550-2111,2023-12-07,4221000,강원특별자치도 태백시
전국도시공원정보표준데이터,https://www.data.go.kr/data/15012890/standard.do,2023-12-07,place,상장제2공원,어린이공원,강원특별자치도 태백시,강원특별자치도 태백시 황지동 663-1,37.1626259,128.983054,"상장제2공원은(는) 어린이공원으로, 아이의 생활권 동화 배경으로 사용할 수 있다.",아이의 집 주변 산책·탐험 동화 배경,쉼터+놀이터+벤치,4-7;8-10,공원;어린이공원;쉼터+놀이터+벤치,51190-00008,상장제2공원,어린이공원,,강원특별자치도 태백시 황지동 663-1,1500,,쉼터+놀이터+벤치,,,,1985-11-04,강원특별자치도 태백시청,033-550-2111,2023-12-07,4221000,강원특별자치도 태백시
전국도시공원정보표준데이터,https://www.data.go.kr/data/15012890/standard.do,2023-12-07,place,상장제4공원,어린이공원,강원특별자치도 태백시,강원특별자치도 태백시 서학1길 35,37.15508645,128.9811067,"상장제4공원은(는) 어린이공원으로, 아이의 생활권 동화 배경으로 사용할 수 있다.",아이의 집 주변 산책·탐험 동화 배경,"공원에서 색깔, 나무, 놀이시설을 찾아보는 관찰 미션",4-7;8-10,공원;어린이공원,51190-00009,상장제4공원,어린이공원,강원특별자치도 태백시 서학1길 35,강원특별자치도 태백시 황지동 409-20,550,,,,,,2002-12-27,강원특별자치도 태백시청,033-550-2111,2023-12-07,4221000,강원특별자치도 태백시
전국도시공원정보표준데이터,https://www.data.go.kr/data/15012890/standard.do,2023-12-07,place,절골제1공원,어린이공원,강원특별자치도 태백시,강원특별자치도 태백시 황지동 359-7,37.17591384,128.9789001,"절골제1공원은(는) 어린이공원으로, 아이의 생활권 동화 배경으로 사용할 수 있다.",아이의 집 주변 산책·탐험 동화 배경,야외무대+놀이터+벤치,4-7;8-10,공원;어린이공원;야외무대+놀이터+벤치,51190-00010,절골제1공원,어린이공원,,강원특별자치도 태백시 황지동 359-7,1240,,야외무대+놀이터+벤치,,,,1985-11-04,강원특별자치도 태백시청,033-550-2111,2023-12-07,4221000,강원특별자치도 태백시
전국도시공원정보표준데이터,https://www.data.go.kr/data/15012890/standard.do,2025-10-21,place,역사공원2,역사공원,부산광역시 중구,부산광역시 중구 충장대로 26,35.1051276121,129.0396108093,"역사공원2은(는) 역사공원으로, 아이의 생활권 동화 배경으로 사용할 수 있다.",아이의 집 주변 산책·탐험 동화 배경,"공원에서 색깔, 나무, 놀이시설을 찾아보는 관찰 미션",4-7;8-10,공원;역사공원,26110-00007,역사공원2,역사공원,부산광역시 중구 충장대로 26,부산광역시 중구 중앙동4가 15-3,31464.9,,,,,,2023-05-17,부산광역시,,2025-10-21,3250000,부산광역시 중구
전국도시공원정보표준데이터,https://www.data.go.kr/data/15012890/standard.do,2025-11-07,place,채신1 공원,근린공원,경상북도 영천시,경상북도 영천시 채신동 749-6,35.9163463,128.9537267,"채신1 공원은(는) 근린공원으로, 아이의 생활권 동화 배경으로 사용할 수 있다.",아이의 집 주변 산책·탐험 동화 배경,윗몸일으키기+공중걷기+마라톤운동 등,4-7;8-10,공원;근린공원;윗몸일으키기+공중걷기+마라톤운동;등,47230-00001,채신1 공원,근린공원,,경상북도 영천시 채신동 749-6,14822.4,윗몸일으키기+공중걷기+마라톤운동 등,,사각파고라 3ea+평의자+등의자,,CCTV 1ea,2001-02-01,경상북도 영천시청,054-330-6623,2025-11-07,5100000,경상북도 영천시
전국도시공원정보표준데이터,https://www.data.go.kr/data/15012890/standard.do,2025-11-07,place,채신2 공원,근린공원,경상북도 영천시,경상북도 영천시 채신동 765-1,35.91166873,128.9561283,"채신2 공원은(는) 근린공원으로, 아이의 생활권 동화 배경으로 사용할 수 있다.",아이의 집 주변 산책·탐험 동화 배경,마라톤운동+하체돌리기+공중걷기 등,4-7;8-10,공원;근린공원;마라톤운동+하체돌리기+공중걷기;등,47230-00002,채신2 공원,근린공원,,경상북도 영천시 채신동 765-1,11513.7,마라톤운동+하체돌리기+공중걷기 등,,사각파고라 2ea+평의자,,CCTV 1ea,2001-03-01,경상북도 영천시청,054-330-6623,2025-11-07,5100000,경상북도 영천시
전국도시공원정보표준데이터,https://www.data.go.kr/data/15012890/standard.do,2025-11-07,place,채신3 공원,근린공원,경상북도 영천시,경상북도 영천시 채신동 769,35.9066803,128.9551743,"채신3 공원은(는) 근린공원으로, 아이의 생활권 동화 배경으로 사용할 수 있다.",아이의 집 주변 산책·탐험 동화 배경,윗몸일으키기+공중걷기+마라톤운동 등,4-7;8-10,공원;근린공원;윗몸일으키기+공중걷기+마라톤운동;등,47230-00003,채신3 공원,근린공원,,경상북도 영천시 채신동 769,27135.5,윗몸일으키기+공중걷기+마라톤운동 등,,사각파고라 5ea+평의자+등의자+목재데크,,CCTV 1ea,2002-05-01,경상북도 영천시청,054-330-6623,2025-11-07,5100000,경상북도 영천시
전국도시공원정보표준데이터,https://www.data.go.kr/data/15012890/standard.do,2025-11-07,place,문화1 공원,어린이공원,경상북도 영천시,경상북도 영천시 야사동 186-2,35.97352652,128.9463624,"문화1 공원은(는) 어린이공원으로, 아이의 생활권 동화 배경으로 사용할 수 있다.",아이의 집 주변 산책·탐험 동화 배경,조합놀이대+시소; 레그프레스+워밍암 등,4-7;8-10,공원;어린이공원;조합놀이대+시소;레그프레스+워밍암;등,47230-00004,문화1 공원,어린이공원,,경상북도 영천시 야사동 186-2,380,레그프레스+워밍암 등,조합놀이대+시소,파고라+벤치,,공원등 3ea+CCTV 1ea,2002-05-02,경상북도 영천시청,054-330-6623,2025-11-07,5100000,경상북도 영천시
전국도시공원정보표준데이터,https://www.data.go.kr/data/15012890/standard.do,2025-11-07,place,문화2 공원,어린이공원,경상북도 영천시,경상북도 영천시 야사동 186-5,35.97410544,128.9467264,"문화2 공원은(는) 어린이공원으로, 아이의 생활권 동화 배경으로 사용할 수 있다.",아이의 집 주변 산책·탐험 동화 배경,조합놀이대+흔들놀이기구 2ea; 크로스컨트리+스트레칭로라 등,4-7;8-10,공원;어린이공원;조합놀이대+흔들놀이기구;2ea;크로스컨트리+스트레칭로라;등,47230-00005,문화2 공원,어린이공원,,경상북도 영천시 야사동 186-5,300,크로스컨트리+스트레칭로라 등,조합놀이대+흔들놀이기구 2ea,벤치,,공원등 3ea+CCTV 1ea,2003-06-05,경상북도 영천시청,054-330-6623,2025-11-07,5100000,경상북도 영천시
전국도시공원정보표준데이터,https://www.data.go.kr/data/15012890/standard.do,2025-11-07,place,망정 제1공원,어린이공원,경상북도 영천시,경상북도 영천시 망정동 518-4,35.98792815,128.9523307,"망정 제1공원은(는) 어린이공원으로, 아이의 생활권 동화 배경으로 사용할 수 있다.",아이의 집 주변 산책·탐험 동화 배경,토굴+유아놀이대+언덕미끄럼틀+움집+출렁다리 등 등,4-7;8-10,공원;어린이공원;토굴+유아놀이대+언덕미끄럼틀+움집+출렁다리;등,47230-00006,망정 제1공원,어린이공원,,경상북도 영천시 망정동 518-4,2251.3,,토굴+유아놀이대+언덕미끄럼틀+움집+출렁다리 등 등,그늘집+세면대 2ea+벤치+주차장 10면,,공원등 6ea+CCTV 3ea,2003-12-10,경상북도 영천시청,054-330-6623,2025-11-07,5100000,경상북도 영천시
전국도시공원정보표준데이터,https://www.data.go.kr/data/15012890/standard.do,2025-11-07,place,망정 제2공원,어린이공원,경상북도 영천시,경상북도 영천시 망정동 409-16,35.99001433,128.9559115,"망정 제2공원은(는) 어린이공원으로, 아이의 생활권 동화 배경으로 사용할 수 있다.",아이의 집 주변 산책·탐험 동화 배경,"공원에서 색깔, 나무, 놀이시설을 찾아보는 관찰 미션",4-7;8-10,공원;어린이공원,47230-00007,망정 제2공원,어린이공원,,경상북도 영천시 망정동 409-16,2632,,,벤치,,공원등 4ea+CCTV 1ea,2003-12-10,경상북도 영천시청,054-330-6623,2025-11-07,5100000,경상북도 영천시
전국도시공원정보표준데이터,https://www.data.go.kr/data/15012890/standard.do,2025-11-07,place,망정 제3공원,어린이공원,경상북도 영천시,경상북도 영천시 망정동 417-5,35.9874905,128.9561796,"망정 제3공원은(는) 어린이공원으로, 아이의 생활권 동화 배경으로 사용할 수 있다.",아이의 집 주변 산책·탐험 동화 배경,조합놀이대,4-7;8-10,공원;어린이공원;조합놀이대,47230-00008,망정 제3공원,어린이공원,,경상북도 영천시 망정동 417-5,2631.9,,조합놀이대,벤치,,공원등 4ea+CCTV 1ea,2004-01-02,경상북도 영천시청,054-330-6623,2025-11-07,5100000,경상북도 영천시
전국도시공원정보표준데이터,https://www.data.go.kr/data/15012890/standard.do,2025-11-07,place,야사공원,어린이공원,경상북도 영천시,경상북도 영천시 야사동 334-39,35.97403848,128.9429982,"야사공원은(는) 어린이공원으로, 아이의 생활권 동화 배경으로 사용할 수 있다.",아이의 집 주변 산책·탐험 동화 배경,조합놀이대+시소; 공중걷기+허리돌리기 등,4-7;8-10,공원;어린이공원;조합놀이대+시소;공중걷기+허리돌리기;등,47230-00009,야사공원,어린이공원,,경상북도 영천시 야사동 334-39,1960,공중걷기+허리돌리기 등,조합놀이대+시소,정자+벤치,,공원등 5ea+CCTV 2ea,2005-11-15,경상북도 영천시청,054-330-6623,2025-11-07,5100000,경상북도 영천시
전국도시공원정보표준데이터,https://www.data.go.kr/data/15012890/standard.do,2025-11-07,place,문외공원,어린이공원,경상북도 영천시,경상북도 영천시 청산1길 19 (문외동),35.97411828,128.9371938,"문외공원은(는) 어린이공원으로, 아이의 생활권 동화 배경으로 사용할 수 있다.",아이의 집 주변 산책·탐험 동화 배경,조합놀이대+흔들놀이기구 3ea; 농구골대+야외 헬스기구,4-7;8-10,공원;어린이공원;조합놀이대+흔들놀이기구;3ea;농구골대+야외;헬스기구,47230-00010,문외공원,어린이공원,경상북도 영천시 청산1길 19 (문외동),경상북도 영천시 문외동 5-4,2319.8,농구골대+야외 헬스기구,조합놀이대+흔들놀이기구 3ea,정자+벤치,,공원등 7ea+CCTV 2ea,2006-08-08,경상북도 영천시청,054-330-6623,2025-11-07,5100000,경상북도 영천시
전국도시공원정보표준데이터,https://www.data.go.kr/data/15012890/standard.do,2025-11-07,place,문내외 제1공원,어린이공원,경상북도 영천시,경상북도 영천시 문내동 13-1,35.97424095,128.9314416,"문내외 제1공원은(는) 어린이공원으로, 아이의 생활권 동화 배경으로 사용할 수 있다.",아이의 집 주변 산책·탐험 동화 배경,조합놀이대 2ea+흔들놀이기구 4ea+시소; 트위스트+스카이워킹 등,4-7;8-10,공원;어린이공원;조합놀이대;2ea+흔들놀이기구;4ea+시소;트위스트+스카이워킹;등,47230-00011,문내외 제1공원,어린이공원,,경상북도 영천시 문내동 13-1,2783.8,트위스트+스카이워킹 등,조합놀이대 2ea+흔들놀이기구 4ea+시소,정자+벤치+음수대,,공원등 6ea+CCTV 2ea,2006-10-16,경상북도 영천시청,054-330-6623,2025-11-07,5100000,경상북도 영천시
전국도시공원정보표준데이터,https://www.data.go.kr/data/15012890/standard.do,2025-11-07,place,문내외 제2공원,어린이공원,경상북도 영천시,경상북도 영천시 문외동 247-7,35.97276408,128.9350035,"문내외 제2공원은(는) 어린이공원으로, 아이의 생활권 동화 배경으로 사용할 수 있다.",아이의 집 주변 산책·탐험 동화 배경,조합놀이대+워터터널 등,4-7;8-10,공원;어린이공원;조합놀이대+워터터널;등,47230-00012,문내외 제2공원,어린이공원,,경상북도 영천시 문외동 247-7,1913.2,,조합놀이대+워터터널 등,화장실+탈의실그늘막+벤치,,공원등 5ea+CCTV 2ea,2008-01-18,경상북도 영천시청,054-330-6623,2025-11-07,5100000,경상북도 영천시
전국도시공원정보표준데이터,https://www.data.go.kr/data/15012890/standard.do,2025-11-07,place,도남공원,어린이공원,경상북도 영천시,경상북도 영천시 도남동 173-2,35.930033,128.9380006,"도남공원은(는) 어린이공원으로, 아이의 생활권 동화 배경으로 사용할 수 있다.",아이의 집 주변 산책·탐험 동화 배경,"공원에서 색깔, 나무, 놀이시설을 찾아보는 관찰 미션",4-7;8-10,공원;어린이공원,47230-00013,도남공원,어린이공원,,경상북도 영천시 도남동 173-2,1632.5,,,등나무파고라+벤치,,,2008-09-03,경상북도 영천시청,054-330-6623,2025-11-07,5100000,경상북도 영천시
전국도시공원정보표준데이터,https://www.data.go.kr/data/15012890/standard.do,2025-11-07,place,주남공원,어린이공원,경상북도 영천시,경상북도 영천시 금노동 604-17,35.95937515,128.9317581,"주남공원은(는) 어린이공원으로, 아이의 생활권 동화 배경으로 사용할 수 있다.",아이의 집 주변 산책·탐험 동화 배경,조합놀이대+흔들놀이기구 2ea+시소+바닥분수; 공중걷기+자전거타기+윗몸일으키기 등,4-7;8-10,공원;어린이공원;조합놀이대+흔들놀이기구;2ea+시소+바닥분수;공중걷기+자전거타기+윗몸일으키기;등,47230-00014,주남공원,어린이공원,,경상북도 영천시 금노동 604-17,1728,공중걷기+자전거타기+윗몸일으키기 등,조합놀이대+흔들놀이기구 2ea+시소+바닥분수,정자+벤치+화장실,,공원등 10ea+CCTV 1ea,2009-05-08,경상북도 영천시청,054-330-6623,2025-11-07,5100000,경상북도 영천시
전국도시공원정보표준데이터,https://www.data.go.kr/data/15012890/standard.do,2025-11-07,place,봉동공원,어린이공원,경상북도 영천시,경상북도 영천시 도남동 76,35.93293538,128.9411421,"봉동공원은(는) 어린이공원으로, 아이의 생활권 동화 배경으로 사용할 수 있다.",아이의 집 주변 산책·탐험 동화 배경,조합놀이대; 철봉+허리돌리기 등,4-7;8-10,공원;어린이공원;조합놀이대;철봉+허리돌리기;등,47230-00015,봉동공원,어린이공원,,경상북도 영천시 도남동 76,1505,철봉+허리돌리기 등,조합놀이대,정자+벤치,,공원등 4ea,2010-04-16,경상북도 영천시청,054-330-6623,2025-11-07,5100000,경상북도 영천시
전국도시공원정보표준데이터,https://www.data.go.kr/data/15012890/standard.do,2025-11-07,place,마현산공원,근린공원,경상북도 영천시,경상북도 영천시 교촌동 11-36,35.97237908,128.9264017,"마현산공원은(는) 근린공원으로, 아이의 생활권 동화 배경으로 사용할 수 있다.",아이의 집 주변 산책·탐험 동화 배경,윗몸일으키기+다리벌리기+팔굽혀펴기 등,4-7;8-10,공원;근린공원;윗몸일으키기+다리벌리기+팔굽혀펴기;등,47230-00016,마현산공원,근린공원,,경상북도 영천시 교촌동 11-36,204780,윗몸일으키기+다리벌리기+팔굽혀펴기 등,,화장실+세면대,,공원등 23ea,2011-05-17,경상북도 영천시청,054-330-6623,2025-11-07,5100000,경상북도 영천시
전국도시공원정보표준데이터,https://www.data.go.kr/data/15012890/standard.do,2026-03-19,place,장현4어린이공원,어린이공원,경기도 남양주시,경기도 남양주시 진접읍 장현리 90-2,37.73077783,127.1924898,"장현4어린이공원은(는) 어린이공원으로, 아이의 생활권 동화 배경으로 사용할 수 있다.",아이의 집 주변 산책·탐험 동화 배경,"공원에서 색깔, 나무, 놀이시설을 찾아보는 관찰 미션",4-7;8-10,공원;어린이공원,41360-00053,장현4어린이공원,어린이공원,,경기도 남양주시 진접읍 장현리 90-2,1560,,,,,,,경기도 남양주시청,031-590-8369,2026-03-19,3990000,경기도 남양주시
전국도시공원정보표준데이터,https://www.data.go.kr/data/15012890/standard.do,2026-03-19,place,진접4호솔빛공원,어린이공원,경기도 남양주시,경기도 남양주시 진접읍 금곡리 1054-4,37.7164475,127.2028681,"진접4호솔빛공원은(는) 어린이공원으로, 아이의 생활권 동화 배경으로 사용할 수 있다.",아이의 집 주변 산책·탐험 동화 배경,"공원에서 색깔, 나무, 놀이시설을 찾아보는 관찰 미션",4-7;8-10,공원;어린이공원,41360-00054,진접4호솔빛공원,어린이공원,,경기도 남양주시 진접읍 금곡리 1054-4,1538,,,,,,,경기도 남양주시청,031-590-8369,2026-03-19,3990000,경기도 남양주시
전국도시공원정보표준데이터,https://www.data.go.kr/data/15012890/standard.do,2026-03-19,place,진접5호아쿠아키즈파크,어린이공원,경기도 남양주시,경기도 남양주시 진접읍 금곡리 1037-18,37.719012,127.2016274,"진접5호아쿠아키즈파크은(는) 어린이공원으로, 아이의 생활권 동화 배경으로 사용할 수 있다.",아이의 집 주변 산책·탐험 동화 배경,"공원에서 색깔, 나무, 놀이시설을 찾아보는 관찰 미션",4-7;8-10,공원;어린이공원,41360-00055,진접5호아쿠아키즈파크,어린이공원,,경기도 남양주시 진접읍 금곡리 1037-18,2157,,,,,,,경기도 남양주시청,031-590-8369,2026-03-19,3990000,경기도 남양주시
전국도시공원정보표준데이터,https://www.data.go.kr/data/15012890/standard.do,2025-11-11,place,판교제18호(빛나래)공원,어린이공원,경기도 성남시,경기도 성남시 분당구 삼평동 614,37.405127,127.098647,"판교제18호(빛나래)공원은(는) 어린이공원으로, 아이의 생활권 동화 배경으로 사용할 수 있다.",아이의 집 주변 산책·탐험 동화 배경,어린이놀이터; 야외운동기구,4-7;8-10,공원;어린이공원;어린이놀이터;야외운동기구,41135-00129,판교제18호(빛나래)공원,어린이공원,,경기도 성남시 분당구 삼평동 614,6465.5,야외운동기구,어린이놀이터,벤치,,경관분수,2006-03-22,경기도 성남시 분당구 녹지공원과,031-729-8093,2025-11-11,3780000,경기도 성남시
전국도시공원정보표준데이터,https://www.data.go.kr/data/15012890/standard.do,2025-11-11,place,판교제19호(우주)공원,어린이공원,경기도 성남시,경기도 성남시 분당구 삼평동 620,37.404050,127.101378,"판교제19호(우주)공원은(는) 어린이공원으로, 아이의 생활권 동화 배경으로 사용할 수 있다.",아이의 집 주변 산책·탐험 동화 배경,"공원에서 색깔, 나무, 놀이시설을 찾아보는 관찰 미션",4-7;8-10,공원;어린이공원,41135-00130,판교제19호(우주)공원,어린이공원,,경기도 성남시 분당구 삼평동 620,4739.8,,,벤치,,경관분수,2006-03-22,경기도 성남시 분당구 녹지공원과,031-729-8093,2025-11-11,3780000,경기도 성남시
전국도시공원정보표준데이터,https://www.data.go.kr/data/15012890/standard.do,2025-11-11,place,판교제20호(달팽이)공원,어린이공원,경기도 성남시,경기도 성남시 분당구 삼평동 699,37.404422,127.107991,"판교제20호(달팽이)공원은(는) 어린이공원으로, 아이의 생활권 동화 배경으로 사용할 수 있다.",아이의 집 주변 산책·탐험 동화 배경,야외운동기구,4-7;8-10,공원;어린이공원;야외운동기구,41135-00131,판교제20호(달팽이)공원,어린이공원,,경기도 성남시 분당구 삼평동 699,4164,야외운동기구,,벤치,,경관분수,2006-03-22,경기도 성남시 분당구 녹지공원과,031-729-8093,2025-11-11,3780000,경기도 성남시
전국도시공원정보표준데이터,https://www.data.go.kr/data/15012890/standard.do,2025-11-11,place,판교제21호(물방울)공원,어린이공원,경기도 성남시,경기도 성남시 분당구 삼평동 677,37.401686,127.111345,"판교제21호(물방울)공원은(는) 어린이공원으로, 아이의 생활권 동화 배경으로 사용할 수 있다.",아이의 집 주변 산책·탐험 동화 배경,어린이놀이터; 야외운동기구,4-7;8-10,공원;어린이공원;어린이놀이터;야외운동기구,41135-00132,판교제21호(물방울)공원,어린이공원,,경기도 성남시 분당구 삼평동 677,8323.9,야외운동기구,어린이놀이터,벤치,,경관분수,2006-03-22,경기도 성남시 분당구 녹지공원과,031-729-8093,2025-11-11,3780000,경기도 성남시
전국도시공원정보표준데이터,https://www.data.go.kr/data/15012890/standard.do,2025-11-11,place,판교제23호(운중)공원,어린이공원,경기도 성남시,경기도 성남시 분당구 운중동 307-3,37.392716,127.060025,"판교제23호(운중)공원은(는) 어린이공원으로, 아이의 생활권 동화 배경으로 사용할 수 있다.",아이의 집 주변 산책·탐험 동화 배경,어린이놀이터; 야외운동기구,4-7;8-10,공원;어린이공원;어린이놀이터;야외운동기구,41135-00133,판교제23호(운중)공원,어린이공원,,경기도 성남시 분당구 운중동 307-3,1492,야외운동기구,어린이놀이터,벤치,,,2005-01-31,경기도 성남시 분당구 녹지공원과,031-729-8093,2025-11-11,3780000,경기도 성남시
전국도시공원정보표준데이터,https://www.data.go.kr/data/15012890/standard.do,2025-11-11,place,판교제1호체육공원,체육공원,경기도 성남시,경기도 성남시 분당구 운중동 956-1,37.392381,127.070299,"판교제1호체육공원은(는) 체육공원으로, 아이의 생활권 동화 배경으로 사용할 수 있다.",아이의 집 주변 산책·탐험 동화 배경,운동시설+농구장,4-7;8-10,공원;체육공원;운동시설+농구장,41135-00136,판교제1호체육공원,체육공원,,경기도 성남시 분당구 운중동 956-1,12002.5,운동시설+농구장,,음수대,,,2004-12-30,경기도 성남시 공원과,031-729-4382,2025-11-11,3780000,경기도 성남시
전국도시공원정보표준데이터,https://www.data.go.kr/data/15012890/standard.do,2025-11-11,place,판교제2호체육공원,체육공원,경기도 성남시,경기도 성남시 분당구 운중동 954,37.390838,127.070018,"판교제2호체육공원은(는) 체육공원으로, 아이의 생활권 동화 배경으로 사용할 수 있다.",아이의 집 주변 산책·탐험 동화 배경,풋살경기장+운동시설물,4-7;8-10,공원;체육공원;풋살경기장+운동시설물,41135-00137,판교제2호체육공원,체육공원,,경기도 성남시 분당구 운중동 954,10909.3,풋살경기장+운동시설물,,음수대,,,2004-12-30,경기도 성남시 공원과,031-729-4382,2025-11-11,3780000,경기도 성남시
전국도시공원정보표준데이터,https://www.data.go.kr/data/15012890/standard.do,2025-11-11,place,판교제3호체육공원,체육공원,경기도 성남시,경기도 성남시 분당구 운중동 921-3,37.389184,127.070124,"판교제3호체육공원은(는) 체육공원으로, 아이의 생활권 동화 배경으로 사용할 수 있다.",아이의 집 주변 산책·탐험 동화 배경,X-game장,4-7;8-10,공원;체육공원;X-game장,41135-00138,판교제3호체육공원,체육공원,,경기도 성남시 분당구 운중동 921-3,11651.6,X-game장,,벤치,,,2004-12-30,경기도 성남시 공원과,031-729-4382,2025-11-11,3780000,경기도 성남시
전국도시공원정보표준데이터,https://www.data.go.kr/data/15012890/standard.do,2025-11-11,place,남서울묘지공원,묘지공원,경기도 성남시,경기도 성남시 분당구 야탑동 산 82,37.401818,127.161970,"남서울묘지공원은(는) 묘지공원으로, 아이의 생활권 동화 배경으로 사용할 수 있다.",아이의 집 주변 산책·탐험 동화 배경,"공원에서 색깔, 나무, 놀이시설을 찾아보는 관찰 미션",4-7;8-10,공원;묘지공원,41135-00139,남서울묘지공원,묘지공원,,경기도 성남시 분당구 야탑동 산 82,635928,,,식당+매점,,납골당,1974-08-24,경기도 성남시 공원과,031-729-4382,2025-11-11,3780000,경기도 성남시
전국도시공원정보표준데이터,https://www.data.go.kr/data/15012890/standard.do,2025-11-11,place,판교역사공원,역사공원,경기도 성남시,경기도 성남시 분당구 판교로 191,37.400902,127.095569,"판교역사공원은(는) 역사공원으로, 아이의 생활권 동화 배경으로 사용할 수 있다.",아이의 집 주변 산책·탐험 동화 배경,박물관,4-7;8-10,공원;역사공원;박물관,41135-00140,판교역사공원,역사공원,경기도 성남시 분당구 판교로 191,경기도 성남시 분당구 판교동 499,4891.2,,,벤치+정자,박물관,,2008-12-17,경기도 성남시 공원과,031-729-4382,2025-11-11,3780000,경기도 성남시
전국도시공원정보표준데이터,https://www.data.go.kr/data/15012890/standard.do,2025-11-11,place,판교대장공원,근린공원,경기도 성남시,경기도 성남시 분당구 대장동 242-1 일원,37.414086,127.122035,"판교대장공원은(는) 근린공원으로, 아이의 생활권 동화 배경으로 사용할 수 있다.",아이의 집 주변 산책·탐험 동화 배경,"공원에서 색깔, 나무, 놀이시설을 찾아보는 관찰 미션",4-7;8-10,공원;근린공원,41135-00141,판교대장공원,근린공원,,경기도 성남시 분당구 대장동 242-1 일원,106779.3,,,,,,2016-11-08,경기도 성남시 공원과,031-729-4382,2025-11-11,3780000,경기도 성남시
전국도시공원정보표준데이터,https://www.data.go.kr/data/15012890/standard.do,2025-10-21,place,용두산공원,근린공원,부산광역시 중구,부산광역시 중구 용두산길 37-55(광복동2가),35.10020856,129.0322778,"용두산공원은(는) 근린공원으로, 아이의 생활권 동화 배경으로 사용할 수 있다.",아이의 집 주변 산책·탐험 동화 배경,"공원에서 색깔, 나무, 놀이시설을 찾아보는 관찰 미션",4-7;8-10,공원;근린공원,26110-00001,용두산공원,근린공원,부산광역시 중구 용두산길 37-55(광복동2가),부산광역시 중구 광복동2가 1-2,65620.1,,,,,,1944-01-03,부산시설공단,,2025-10-21,3250000,부산광역시 중구
전국도시공원정보표준데이터,https://www.data.go.kr/data/15012890/standard.do,2025-10-21,place,중앙공원,근린공원,부산광역시 중구,부산광역시 중구 영주동 239-114,35.1096029,129.0281365,"중앙공원은(는) 근린공원으로, 아이의 생활권 동화 배경으로 사용할 수 있다.",아이의 집 주변 산책·탐험 동화 배경,"공원에서 색깔, 나무, 놀이시설을 찾아보는 관찰 미션",4-7;8-10,공원;근린공원,26110-00002,중앙공원,근린공원,,부산광역시 중구 영주동 239-114,207489.6,,,,,,1986-12-02,부산시설공단,,2025-10-21,3250000,부산광역시 중구
전국도시공원정보표준데이터,https://www.data.go.kr/data/15012890/standard.do,2025-10-21,place,영주어린이공원,어린이공원,부산광역시 중구,부산광역시 중구 영주동 274-11,35.1115211,129.0307744,"영주어린이공원은(는) 어린이공원으로, 아이의 생활권 동화 배경으로 사용할 수 있다.",아이의 집 주변 산책·탐험 동화 배경,"공원에서 색깔, 나무, 놀이시설을 찾아보는 관찰 미션",4-7;8-10,공원;어린이공원,26110-00003,영주어린이공원,어린이공원,,부산광역시 중구 영주동 274-11,198,,,,,,1968-02-27,부산광역시중구청,051-600-4532,2025-10-21,3250000,부산광역시 중구
전국도시공원정보표준데이터,https://www.data.go.kr/data/15012890/standard.do,2025-10-21,place,오름소공원,소공원,부산광역시 중구,부산광역시 중구 동광동5가 14-1,35.10853818,129.0328293,"오름소공원은(는) 소공원으로, 아이의 생활권 동화 배경으로 사용할 수 있다.",아이의 집 주변 산책·탐험 동화 배경,"공원에서 색깔, 나무, 놀이시설을 찾아보는 관찰 미션",4-7;8-10,공원;소공원,26110-00004,오름소공원,소공원,,부산광역시 중구 동광동5가 14-1,3758.5,,,,,,2018-10-10,부산광역시중구청,051-600-4532,2025-10-21,3250000,부산광역시 중구
전국도시공원정보표준데이터,https://www.data.go.kr/data/15012890/standard.do,2025-10-21,place,문화공원2,문화공원,부산광역시 중구,부산광역시 중구 중앙동4가 107,35.1080439959,129.042945,"문화공원2은(는) 문화공원으로, 아이의 생활권 동화 배경으로 사용할 수 있다.",아이의 집 주변 산책·탐험 동화 배경,"공원에서 색깔, 나무, 놀이시설을 찾아보는 관찰 미션",4-7;8-10,공원;문화공원,26110-00005,문화공원2,문화공원,,부산광역시 중구 중앙동4가 107,23959.5,,,,,,2016-04-13,부산시설공단,,2025-10-21,3250000,부산광역시 중구
전국도시공원정보표준데이터,https://www.data.go.kr/data/15012890/standard.do,2025-10-21,place,문화공원3,문화공원,부산광역시 중구,부산광역시 중구 중앙동4가 101,35.107388021,129.0419375369,"문화공원3은(는) 문화공원으로, 아이의 생활권 동화 배경으로 사용할 수 있다.",아이의 집 주변 산책·탐험 동화 배경,"공원에서 색깔, 나무, 놀이시설을 찾아보는 관찰 미션",4-7;8-10,공원;문화공원,26110-00006,문화공원3,문화공원,,부산광역시 중구 중앙동4가 101,32385.2,,,,,,2016-04-13,부산시설공단,,2025-10-21,3250000,부산광역시 중구
전국도시공원정보표준데이터,https://www.data.go.kr/data/15012890/standard.do,2025-11-11,place,늘푸른공원,어린이공원,경기도 성남시,경기도 성남시 분당구 정자동 182,37.358264,127.106417,"늘푸른공원은(는) 어린이공원으로, 아이의 생활권 동화 배경으로 사용할 수 있다.",아이의 집 주변 산책·탐험 동화 배경,어린이놀이터; 야외운동기구+다목적운동장,4-7;8-10,공원;어린이공원;어린이놀이터;야외운동기구+다목적운동장,41135-00092,늘푸른공원,어린이공원,,경기도 성남시 분당구 정자동 182,2000,야외운동기구+다목적운동장,어린이놀이터,벤치+파고라+음수전,,,1991-01-08,경기도 성남시 분당구 녹지공원과,031-729-7463,2025-11-11,3780000,경기도 성남시
전국도시공원정보표준데이터,https://www.data.go.kr/data/15012890/standard.do,2025-11-11,place,앞구미공원,어린이공원,경기도 성남시,경기도 성남시 분당구 금곡동 135,37.353651,127.113425,"앞구미공원은(는) 어린이공원으로, 아이의 생활권 동화 배경으로 사용할 수 있다.",아이의 집 주변 산책·탐험 동화 배경,어린이놀이터; 야외운동기구+다목적운동장,4-7;8-10,공원;어린이공원;어린이놀이터;야외운동기구+다목적운동장,41135-00093,앞구미공원,어린이공원,,경기도 성남시 분당구 금곡동 135,3029.8,야외운동기구+다목적운동장,어린이놀이터,벤치+파고라,,,1991-01-08,경기도 성남시 분당구 녹지공원과,031-729-7463,2025-11-11,3780000,경기도 성남시
전국도시공원정보표준데이터,https://www.data.go.kr/data/15012890/standard.do,2025-11-11,place,청솔공원,어린이공원,경기도 성남시,경기도 성남시 분당구 금곡동 146,37.351600,127.110779,"청솔공원은(는) 어린이공원으로, 아이의 생활권 동화 배경으로 사용할 수 있다.",아이의 집 주변 산책·탐험 동화 배경,어린이놀이터; 야외운동기구+다목적운동장,4-7;8-10,공원;어린이공원;어린이놀이터;야외운동기구+다목적운동장,41135-00094,청솔공원,어린이공원,,경기도 성남시 분당구 금곡동 146,3570.5,야외운동기구+다목적운동장,어린이놀이터,벤치+파고라+음수전,,,1991-01-08,경기도 성남시 분당구 녹지공원과,031-729-7463,2025-11-11,3780000,경기도 성남시
전국도시공원정보표준데이터,https://www.data.go.kr/data/15012890/standard.do,2025-11-11,place,뒷구미공원,어린이공원,경기도 성남시,경기도 성남시 분당구 구미동 32,37.348973,127.111282,"뒷구미공원은(는) 어린이공원으로, 아이의 생활권 동화 배경으로 사용할 수 있다.",아이의 집 주변 산책·탐험 동화 배경,어린이놀이터; 야외운동기구,4-7;8-10,공원;어린이공원;어린이놀이터;야외운동기구,41135-00095,뒷구미공원,어린이공원,,경기도 성남시 분당구 구미동 32,2311.9,야외운동기구,어린이놀이터,벤치+파고라+음수전,,,1991-01-08,경기도 성남시 분당구 녹지공원과,031-729-7463,2025-11-11,3780000,경기도 성남시
전국도시공원정보표준데이터,https://www.data.go.kr/data/15012890/standard.do,2025-11-11,place,까치마을공원,어린이공원,경기도 성남시,경기도 성남시 분당구 구미동 73,37.351103,127.118164,"까치마을공원은(는) 어린이공원으로, 아이의 생활권 동화 배경으로 사용할 수 있다.",아이의 집 주변 산책·탐험 동화 배경,어린이놀이터; 야외운동기구,4-7;8-10,공원;어린이공원;어린이놀이터;야외운동기구,41135-00097,까치마을공원,어린이공원,,경기도 성남시 분당구 구미동 73,3170.1,야외운동기구,어린이놀이터,벤치+파고라+음수전,,,1991-01-08,경기도 성남시 분당구 녹지공원과,031-729-7463,2025-11-11,3780000,경기도 성남시
전국도시공원정보표준데이터,https://www.data.go.kr/data/15012890/standard.do,2025-11-11,place,샘터공원,어린이공원,경기도 성남시,경기도 성남시 분당구 구미동 87,37.348799,127.118614,"샘터공원은(는) 어린이공원으로, 아이의 생활권 동화 배경으로 사용할 수 있다.",아이의 집 주변 산책·탐험 동화 배경,어린이놀이터; 야외운동기구+다목적운동장,4-7;8-10,공원;어린이공원;어린이놀이터;야외운동기구+다목적운동장,41135-00098,샘터공원,어린이공원,,경기도 성남시 분당구 구미동 87,3620.1,야외운동기구+다목적운동장,어린이놀이터,벤치+파고라+음수전,,,1991-01-08,경기도 성남시 분당구 녹지공원과,031-729-7463,2025-11-11,3780000,경기도 성남시
전국도시공원정보표준데이터,https://www.data.go.kr/data/15012890/standard.do,2025-11-11,place,하얀공원,어린이공원,경기도 성남시,경기도 성남시 분당구 구미동 108,37.344885,127.118069,"하얀공원은(는) 어린이공원으로, 아이의 생활권 동화 배경으로 사용할 수 있다.",아이의 집 주변 산책·탐험 동화 배경,어린이놀이터; 야외운동기구+테니스장,4-7;8-10,공원;어린이공원;어린이놀이터;야외운동기구+테니스장,41135-00099,하얀공원,어린이공원,,경기도 성남시 분당구 구미동 108,3800.2,야외운동기구+테니스장,어린이놀이터,벤치+파고라+음수전,,,1991-01-08,경기도 성남시 분당구 녹지공원과,031-729-7463,2025-11-11,3780000,경기도 성남시
전국도시공원정보표준데이터,https://www.data.go.kr/data/15012890/standard.do,2025-11-11,place,수평공원,어린이공원,경기도 성남시,경기도 성남시 분당구 금곡로23번길 15-5,37.344924,127.111009,"수평공원은(는) 어린이공원으로, 아이의 생활권 동화 배경으로 사용할 수 있다.",아이의 집 주변 산책·탐험 동화 배경,어린이놀이터; 야외운동기구,4-7;8-10,공원;어린이공원;어린이놀이터;야외운동기구,41135-00101,수평공원,어린이공원,경기도 성남시 분당구 금곡로23번길 15-5,경기도 성남시 분당구 구미동 138,2020.2,야외운동기구,어린이놀이터,벤치+음수전,,,1991-01-08,경기도 성남시 분당구 녹지공원과,031-729-7463,2025-11-11,3780000,경기도 성남시
전국도시공원정보표준데이터,https://www.data.go.kr/data/15012890/standard.do,2025-11-11,place,골안공원,어린이공원,경기도 성남시,경기도 성남시 분당구 구미동 281,37.343108,127.124620,"골안공원은(는) 어린이공원으로, 아이의 생활권 동화 배경으로 사용할 수 있다.",아이의 집 주변 산책·탐험 동화 배경,어린이놀이터; 야외운동기구,4-7;8-10,공원;어린이공원;어린이놀이터;야외운동기구,41135-00103,골안공원,어린이공원,,경기도 성남시 분당구 구미동 281,1588.2,야외운동기구,어린이놀이터,벤치+파고라+음수전,,,1992-01-10,경기도 성남시 분당구 녹지공원과,031-729-7463,2025-11-11,3780000,경기도 성남시
전국도시공원정보표준데이터,https://www.data.go.kr/data/15012890/standard.do,2025-11-11,place,불곡공원,어린이공원,경기도 성남시,경기도 성남시 분당구 구미동 294,37.344735,127.126551,"불곡공원은(는) 어린이공원으로, 아이의 생활권 동화 배경으로 사용할 수 있다.",아이의 집 주변 산책·탐험 동화 배경,어린이놀이터; 야외운동기구,4-7;8-10,공원;어린이공원;어린이놀이터;야외운동기구,41135-00104,불곡공원,어린이공원,,경기도 성남시 분당구 구미동 294,1586.7,야외운동기구,어린이놀이터,벤치+파고라+음수전,,,1992-01-10,경기도 성남시 분당구 녹지공원과,031-729-7463,2025-11-11,3780000,경기도 성남시
전국도시공원정보표준데이터,https://www.data.go.kr/data/15012890/standard.do,2025-11-11,place,파랑새공원,어린이공원,경기도 성남시,경기도 성남시 분당구 금곡동 183,37.355077,127.106404,"파랑새공원은(는) 어린이공원으로, 아이의 생활권 동화 배경으로 사용할 수 있다.",아이의 집 주변 산책·탐험 동화 배경,어린이놀이터; 야외운동기구,4-7;8-10,공원;어린이공원;어린이놀이터;야외운동기구,41135-00105,파랑새공원,어린이공원,,경기도 성남시 분당구 금곡동 183,2400.1,야외운동기구,어린이놀이터,벤치+파고라+음수전,,,1991-01-08,경기도 성남시 분당구 녹지공원과,031-729-8094,2025-11-11,3780000,경기도 성남시
전국도시공원정보표준데이터,https://www.data.go.kr/data/15012890/standard.do,2025-11-11,place,야생화공원,어린이공원,경기도 성남시,경기도 성남시 분당구 금곡동 175,37.351585,127.106626,"야생화공원은(는) 어린이공원으로, 아이의 생활권 동화 배경으로 사용할 수 있다.",아이의 집 주변 산책·탐험 동화 배경,어린이놀이터; 야외운동기구,4-7;8-10,공원;어린이공원;어린이놀이터;야외운동기구,41135-00106,야생화공원,어린이공원,,경기도 성남시 분당구 금곡동 175,1756.6,야외운동기구,어린이놀이터,벤치+파고라+음수전,,,1991-01-08,경기도 성남시 분당구 녹지공원과,031-729-7463,2025-11-11,3780000,경기도 성남시
전국도시공원정보표준데이터,https://www.data.go.kr/data/15012890/standard.do,2025-11-11,place,무지개공원,어린이공원,경기도 성남시,경기도 성남시 분당구 구미동 230,37.339789,127.122776,"무지개공원은(는) 어린이공원으로, 아이의 생활권 동화 배경으로 사용할 수 있다.",아이의 집 주변 산책·탐험 동화 배경,어린이놀이터,4-7;8-10,공원;어린이공원;어린이놀이터,41135-00107,무지개공원,어린이공원,,경기도 성남시 분당구 구미동 230,1530.2,,어린이놀이터,벤치+파고라+음수전,,,1992-01-10,경기도 성남시 분당구 녹지공원과,031-729-7463,2025-11-11,3780000,경기도 성남시
전국도시공원정보표준데이터,https://www.data.go.kr/data/15012890/standard.do,2025-11-11,place,덕봉공원,어린이공원,경기도 성남시,경기도 성남시 분당구 구미동 279,37.342231,127.125836,"덕봉공원은(는) 어린이공원으로, 아이의 생활권 동화 배경으로 사용할 수 있다.",아이의 집 주변 산책·탐험 동화 배경,어린이놀이터; 야외운동기구,4-7;8-10,공원;어린이공원;어린이놀이터;야외운동기구,41135-00108,덕봉공원,어린이공원,,경기도 성남시 분당구 구미동 279,1985.8,야외운동기구,어린이놀이터,벤치+파고라+음수전,,,1992-01-10,경기도 성남시 분당구 녹지공원과,031-729-7463,2025-11-11,3780000,경기도 성남시
전국도시공원정보표준데이터,https://www.data.go.kr/data/15012890/standard.do,2024-01-29,place,윤슬공원,근린공원,전북특별자치도 완주군,전북특별자치도 완주군 이서면 혁신로 181-101,35.83203568,127.0474664,"윤슬공원은(는) 근린공원으로, 아이의 생활권 동화 배경으로 사용할 수 있다.",아이의 집 주변 산책·탐험 동화 배경,야외운동기구 12,4-7;8-10,공원;근린공원;야외운동기구;12,52710-00031,윤슬공원,근린공원,전북특별자치도 완주군 이서면 혁신로 181-101,전북특별자치도 완주군 이서면 금평리 789,23440,야외운동기구 12,,파고라 8+평의자 17+등의자 15,,방범용 cctv 2,2008-01-03,전북특별자치도 완주군청 건설도시과,063-290-3813,2024-01-29,4721000,전북특별자치도 완주군
전국도시공원정보표준데이터,https://www.data.go.kr/data/15012890/standard.do,2024-01-29,place,노을공원,근린공원,전북특별자치도 완주군,전북특별자치도 완주군 이서면 반교리 723,35.83169047,127.0343136,"노을공원은(는) 근린공원으로, 아이의 생활권 동화 배경으로 사용할 수 있다.",아이의 집 주변 산책·탐험 동화 배경,야외운동기구 14,4-7;8-10,공원;근린공원;야외운동기구;14,52710-00032,노을공원,근린공원,,전북특별자치도 완주군 이서면 반교리 723,26821,야외운동기구 14,,파고라 10+평의자 39+등의자 16,,방범용 cctv 2,2008-01-03,전북특별자치도 완주군청 건설도시과,063-290-3813,2024-01-29,4721000,전북특별자치도 완주군
전국도시공원정보표준데이터,https://www.data.go.kr/data/15012890/standard.do,2024-01-29,place,산들공원,어린이공원,전북특별자치도 완주군,전북특별자치도 완주군 이서면 갈산리 641-20,35.8391906,127.0541614,"산들공원은(는) 어린이공원으로, 아이의 생활권 동화 배경으로 사용할 수 있다.",아이의 집 주변 산책·탐험 동화 배경,어린이놀이터; 지압로 32㎡,4-7;8-10,공원;어린이공원;어린이놀이터;지압로;32㎡,52710-00033,산들공원,어린이공원,,전북특별자치도 완주군 이서면 갈산리 641-20,1897,지압로 32㎡,어린이놀이터,파고라 2+평의자 6+등의자 6,,방범용 cctv 2,2008-01-03,전북특별자치도 완주군청 건설도시과,063-290-3813,2024-01-29,4721000,전북특별자치도 완주군
전국도시공원정보표준데이터,https://www.data.go.kr/data/15012890/standard.do,2024-01-29,place,병아리공원,어린이공원,전북특별자치도 완주군,전북특별자치도 완주군 이서면 갈산리 656-2,35.8335799,127.0540985,"병아리공원은(는) 어린이공원으로, 아이의 생활권 동화 배경으로 사용할 수 있다.",아이의 집 주변 산책·탐험 동화 배경,어린이놀이터; 지압로 23㎡,4-7;8-10,공원;어린이공원;어린이놀이터;지압로;23㎡,52710-00034,병아리공원,어린이공원,,전북특별자치도 완주군 이서면 갈산리 656-2,1528,지압로 23㎡,어린이놀이터,파고라 1+평의자 3,,방범용 cctv 2,2008-01-03,전북특별자치도 완주군청 건설도시과,063-290-3813,2024-01-29,4721000,전북특별자치도 완주군
전국도시공원정보표준데이터,https://www.data.go.kr/data/15012890/standard.do,2024-01-29,place,비행기공원,어린이공원,전북특별자치도 완주군,전북특별자치도 완주군 이서면 용서리 771-14,35.8308576,127.0234643,"비행기공원은(는) 어린이공원으로, 아이의 생활권 동화 배경으로 사용할 수 있다.",아이의 집 주변 산책·탐험 동화 배경,어린이놀이터,4-7;8-10,공원;어린이공원;어린이놀이터,52710-00035,비행기공원,어린이공원,,전북특별자치도 완주군 이서면 용서리 771-14,2207,,어린이놀이터,파고라 2+평의자 6+등의자 6,,방범용 cctv 2,2008-01-03,전북특별자치도 완주군청 건설도시과,063-290-3813,2024-01-29,4721000,전북특별자치도 완주군
전국도시공원정보표준데이터,https://www.data.go.kr/data/15012890/standard.do,2024-01-29,place,씽씽공원,어린이공원,전북특별자치도 완주군,전북특별자치도 완주군 이서면 용서리 767-6,35.8306749,127.0215346,"씽씽공원은(는) 어린이공원으로, 아이의 생활권 동화 배경으로 사용할 수 있다.",아이의 집 주변 산책·탐험 동화 배경,어린이놀이터,4-7;8-10,공원;어린이공원;어린이놀이터,52710-00036,씽씽공원,어린이공원,,전북특별자치도 완주군 이서면 용서리 767-6,1512,,어린이놀이터,파고라 2+평의자 6+등의자 2,,방범용 cctv 2,2008-01-03,전북특별자치도 완주군청 건설도시과,063-290-3813,2024-01-29,4721000,전북특별자치도 완주군
전국도시공원정보표준데이터,https://www.data.go.kr/data/15012890/standard.do,2024-01-29,place,기차공원,어린이공원,전북특별자치도 완주군,전북특별자치도 완주군 이서면 용서리 761-5,35.83089165,127.018643,"기차공원은(는) 어린이공원으로, 아이의 생활권 동화 배경으로 사용할 수 있다.",아이의 집 주변 산책·탐험 동화 배경,어린이놀이터,4-7;8-10,공원;어린이공원;어린이놀이터,52710-00037,기차공원,어린이공원,,전북특별자치도 완주군 이서면 용서리 761-5,1512,,어린이놀이터,파고라 2+평의자 6+등의자 2,,방범용 cctv 2,2008-01-03,전북특별자치도 완주군청 건설도시과,063-290-3813,2024-01-29,4721000,전북특별자치도 완주군
전국도시공원정보표준데이터,https://www.data.go.kr/data/15012890/standard.do,2024-01-29,place,고산문화공원,문화공원,전북특별자치도 완주군,전북특별자치도 완주군 고산면 고산휴양림로 89,35.97398096,127.2315259,"고산문화공원은(는) 문화공원으로, 아이의 생활권 동화 배경으로 사용할 수 있다.",아이의 집 주변 산책·탐험 동화 배경,"공원에서 색깔, 나무, 놀이시설을 찾아보는 관찰 미션",4-7;8-10,공원;문화공원,52710-00038,고산문화공원,문화공원,전북특별자치도 완주군 고산면 고산휴양림로 89,전북특별자치도 완주군 고산면 오산리 808,174246,,,,,,2008-02-15,,,2024-01-29,4721000,전북특별자치도 완주군
전국도시공원정보표준데이터,https://www.data.go.kr/data/15012890/standard.do,2024-01-29,place,새누공원,수변공원,전북특별자치도 완주군,전북특별자치도 완주군 구이면 원기리 1260,35.72921777,127.1236426,"새누공원은(는) 수변공원으로, 아이의 생활권 동화 배경으로 사용할 수 있다.",아이의 집 주변 산책·탐험 동화 배경,등의자 6,4-7;8-10,공원;수변공원;등의자;6,52710-00039,새누공원,수변공원,,전북특별자치도 완주군 구이면 원기리 1260,13960,등의자 6,,,,방범용 cctv 2,2008-03-04,전북특별자치도 완주군청 건설도시과,063-290-3813,2024-01-29,4721000,전북특별자치도 완주군
전국도시공원정보표준데이터,https://www.data.go.kr/data/15012890/standard.do,2024-01-29,place,용암소공원,소공원,전북특별자치도 완주군,전북특별자치도 완주군 봉동읍 용암리 81-1,35.96010717,127.1343031,"용암소공원은(는) 소공원으로, 아이의 생활권 동화 배경으로 사용할 수 있다.",아이의 집 주변 산책·탐험 동화 배경,"공원에서 색깔, 나무, 놀이시설을 찾아보는 관찰 미션",4-7;8-10,공원;소공원,52710-00040,용암소공원,소공원,,전북특별자치도 완주군 봉동읍 용암리 81-1,2770,,,,,,2008-03-04,전북특별자치도 완주군청 건설도시과,063-290-3813,2024-01-29,4721000,전북특별자치도 완주군
전국도시공원정보표준데이터,https://www.data.go.kr/data/15012890/standard.do,2024-01-29,place,수도산근린공원,근린공원,전북특별자치도 완주군,전북특별자치도 완주군 삼례읍 후정리 123-42,35.9010944,127.0690832,"수도산근린공원은(는) 근린공원으로, 아이의 생활권 동화 배경으로 사용할 수 있다.",아이의 집 주변 산책·탐험 동화 배경,유아시설; 야외운동기구 5; 통나무의자 26+ 앉음벽의자 84m,4-7;8-10,공원;근린공원;유아시설;야외운동기구;5;통나무의자;26+;앉음벽의자;84m,52710-00041,수도산근린공원,근린공원,,전북특별자치도 완주군 삼례읍 후정리 123-42,29000,야외운동기구 5,유아시설,팔각정1+ 파고라 1,통나무의자 26+ 앉음벽의자 84m,,2008-03-04,전북특별자치도 완주군청 건설도시과,063-290-3813,2024-01-29,4721000,전북특별자치도 완주군
전국도시공원정보표준데이터,https://www.data.go.kr/data/15012890/standard.do,2024-01-29,place,우주공원,근린공원,전북특별자치도 완주군,전북특별자치도 완주군 봉동읍 장구리 602,35.97337174,127.1124526,"우주공원은(는) 근린공원으로, 아이의 생활권 동화 배경으로 사용할 수 있다.",아이의 집 주변 산책·탐험 동화 배경,"공원에서 색깔, 나무, 놀이시설을 찾아보는 관찰 미션",4-7;8-10,공원;근린공원,52710-00042,우주공원,근린공원,,전북특별자치도 완주군 봉동읍 장구리 602,20388,,,,,,2008-03-04,,,2024-01-29,4721000,전북특별자치도 완주군
전국도시공원정보표준데이터,https://www.data.go.kr/data/15012890/standard.do,2024-01-29,place,찬누리공원,근린공원,전북특별자치도 완주군,전북특별자치도 완주군 봉동읍 장구리 600,35.9767881,127.1173621,"찬누리공원은(는) 근린공원으로, 아이의 생활권 동화 배경으로 사용할 수 있다.",아이의 집 주변 산책·탐험 동화 배경,"공원에서 색깔, 나무, 놀이시설을 찾아보는 관찰 미션",4-7;8-10,공원;근린공원,52710-00043,찬누리공원,근린공원,,전북특별자치도 완주군 봉동읍 장구리 600,17775,,,,,,2008-03-04,,,2024-01-29,4721000,전북특별자치도 완주군
전국도시공원정보표준데이터,https://www.data.go.kr/data/15012890/standard.do,2024-01-29,place,소예공원,소공원,전북특별자치도 완주군,전북특별자치도 완주군 봉동읍 장구리 582-11,35.9718315,127.113905,"소예공원은(는) 소공원으로, 아이의 생활권 동화 배경으로 사용할 수 있다.",아이의 집 주변 산책·탐험 동화 배경,"공원에서 색깔, 나무, 놀이시설을 찾아보는 관찰 미션",4-7;8-10,공원;소공원,52710-00044,소예공원,소공원,,전북특별자치도 완주군 봉동읍 장구리 582-11,9092,,,,,,2008-03-04,,,2024-01-29,4721000,전북특별자치도 완주군
전국도시공원정보표준데이터,https://www.data.go.kr/data/15012890/standard.do,2024-01-29,place,만경강수변생태공원,수변공원,전북특별자치도 완주군,전북특별자치도 완주군 고산면 읍내리 900,35.97450949,127.2030509,"만경강수변생태공원은(는) 수변공원으로, 아이의 생활권 동화 배경으로 사용할 수 있다.",아이의 집 주변 산책·탐험 동화 배경,야외운동기구 10,4-7;8-10,공원;수변공원;야외운동기구;10,52710-00045,만경강수변생태공원,수변공원,,전북특별자치도 완주군 고산면 읍내리 900,54020,야외운동기구 10,,파고라 1+평의자 20,,방범용 cctv 3,2008-03-04,전북특별자치도 완주군청 건설도시과,063-290-3813,2024-01-29,4721000,전북특별자치도 완주군
전국도시공원정보표준데이터,https://www.data.go.kr/data/15012890/standard.do,2024-01-29,place,장기늘푸름공원,어린이공원,전북특별자치도 완주군,전북특별자치도 완주군 봉동읍 장기리 1129-27,35.9364634,127.1654274,"장기늘푸름공원은(는) 어린이공원으로, 아이의 생활권 동화 배경으로 사용할 수 있다.",아이의 집 주변 산책·탐험 동화 배경,야외운동기구 6,4-7;8-10,공원;어린이공원;야외운동기구;6,52710-00046,장기늘푸름공원,어린이공원,,전북특별자치도 완주군 봉동읍 장기리 1129-27,3707,야외운동기구 6,,파고라 2+평의자 14,,방범용 cctv 3,2008-03-04,전북특별자치도 완주군청 건설도시과,063-290-3813,2024-01-29,4721000,전북특별자치도 완주군
전국도시공원정보표준데이터,https://www.data.go.kr/data/15012890/standard.do,2024-01-29,place,깡쇠어린이공원,어린이공원,전북특별자치도 완주군,전북특별자치도 완주군 삼례읍 삼례리 1656,35.91778414,127.0729496,"깡쇠어린이공원은(는) 어린이공원으로, 아이의 생활권 동화 배경으로 사용할 수 있다.",아이의 집 주변 산책·탐험 동화 배경,"공원에서 색깔, 나무, 놀이시설을 찾아보는 관찰 미션",4-7;8-10,공원;어린이공원,52710-00047,깡쇠어린이공원,어린이공원,,전북특별자치도 완주군 삼례읍 삼례리 1656,2250,,,,,,2008-03-04,,,2024-01-29,4721000,전북특별자치도 완주군
전국도시공원정보표준데이터,https://www.data.go.kr/data/15012890/standard.do,2024-01-29,place,삼례충혼탑어린이공원,어린이공원,전북특별자치도 완주군,전북특별자치도 완주군 삼례읍 삼례리 1429-30,35.90801738,127.0716715,"삼례충혼탑어린이공원은(는) 어린이공원으로, 아이의 생활권 동화 배경으로 사용할 수 있다.",아이의 집 주변 산책·탐험 동화 배경,"공원에서 색깔, 나무, 놀이시설을 찾아보는 관찰 미션",4-7;8-10,공원;어린이공원,52710-00048,삼례충혼탑어린이공원,어린이공원,,전북특별자치도 완주군 삼례읍 삼례리 1429-30,6159,,,,,,2008-03-04,,,2024-01-29,4721000,전북특별자치도 완주군
전국도시공원정보표준데이터,https://www.data.go.kr/data/15012890/standard.do,2024-01-29,place,고산어린이공원,어린이공원,전북특별자치도 완주군,전북특별자치도 완주군 고산면 읍내5길 19-1,35.97597896,127.209547,"고산어린이공원은(는) 어린이공원으로, 아이의 생활권 동화 배경으로 사용할 수 있다.",아이의 집 주변 산책·탐험 동화 배경,"공원에서 색깔, 나무, 놀이시설을 찾아보는 관찰 미션",4-7;8-10,공원;어린이공원,52710-00049,고산어린이공원,어린이공원,전북특별자치도 완주군 고산면 읍내5길 19-1,전북특별자치도 완주군 고산면 읍내리683-1,8019,,,,,,2008-03-04,,,2024-01-29,4721000,전북특별자치도 완주군
전국도시공원정보표준데이터,https://www.data.go.kr/data/15012890/standard.do,2024-01-29,place,서여공원,소공원,전북특별자치도 완주군,전북특별자치도 완주군 삼례읍 삼례리 1656-3,35.9175984,127.073193,"서여공원은(는) 소공원으로, 아이의 생활권 동화 배경으로 사용할 수 있다.",아이의 집 주변 산책·탐험 동화 배경,"공원에서 색깔, 나무, 놀이시설을 찾아보는 관찰 미션",4-7;8-10,공원;소공원,52710-00050,서여공원,소공원,,전북특별자치도 완주군 삼례읍 삼례리 1656-3,1476,,,,,,2009-05-22,,,2024-01-29,4721000,전북특별자치도 완주군
