latitude,longitude,lbrryNm,ctprvnNm,signguNm,lbrrySe,closeDay,weekdayOperOpenHhmm,weekdayOperColseHhmm,satOperOperOpenHhmm,satOperCloseHhmm,holidayOperOpenHhmm,holidayCloseOpenHhmm,seatCo,bookCo,pblictnCo,noneBookCo,lonCo,lonDaycnt,rdnmadr,operInstitutionNm,phoneNumber,plotAr,buldAr,homepageUrl,referenceDate,insttCode,insttNm
36.38210426,127.3204213,원신흥도서관,대전광역시,유성구,공공도서관,월+공휴일,08:00,22:00,08:00,22:00,00:00,00:00,98,50347,51,0,5,14,대전광역시 유성구 노은동로 234번길35(지족동),대전광역시 유성구청,042-611-6970,4782,3717,http://lib.yuseong.go.kr/,2025-07-15,3670000,대전광역시 유성구
35.25192197,128.6675855,봉림평생교육센터,경상남도,창원시,작은도서관,일+국가지정 공휴일,09:00,18:00,09:00,16:00,00:00,00:00,30,7278,14,265,3,14,경상남도 창원시 의창구 대봉로26번길 5,봉림동주민자치위원회,055-265-9877,3681,628,,2024-12-05,5670000,경상남도 창원시
35.244886,128.6791999,사림평생교육센터,경상남도,창원시,작은도서관,일+국가지정 공휴일,09:00,18:00,09:00,18:00,00:00,00:00,45,16400,27,201,3,14,경상남도 창원시 의창구 사림로16번길37,경남정보사회연구소,055-261-1034,665,294,http://www.kisingo.or.kr,2024-12-05,5670000,경상남도 창원시
35.227648,128.6926044,신월평생교육센터,경상남도,창원시,작은도서관,일+국가지정 공휴일,09:00,18:00,09:00,17:00,00:00,00:00,30,15111,140,0,5,14,경상남도 창원시 의창구 신월로48,(사)창원여성의전화,055-287-0667,,,,2024-12-05,5670000,경상남도 창원시
35.23603518,128.6845091,용지평생교육센터,경상남도,창원시,작은도서관,일+국가지정 공휴일,09:00,18:00,09:00,17:00,00:00,00:00,50,17527,8,1000,3,14,경상남도 창원시 의창구 용지로239번길 19-4,용지동주민자치회,055-261-8477,,,,2024-12-05,5670000,경상남도 창원시
35.241006,128.658776,반지평생교육센터,경상남도,창원시,작은도서관,일+국가지정 공휴일,09:00,18:00,09:00,17:00,00:00,00:00,20,18879,32,192,5,14,경상남도 창원시 성산구 반지로 15번길 16,반지평생교육센터,055-238-7068,1167,684,http://cafe.daum.net/banji.s.e.c,2024-12-05,5670000,경상남도 창원시
35.217411,128.6695108,내동평생교육센터,경상남도,창원시,작은도서관,일+국가지정 공휴일,09:00,18:00,09:00,17:00,00:00,00:00,20,17086,4,95,5,14,경상남도 창원시 성산구 연덕로 184번길35,사)경남여성회,055-287-4114,,350,http://www.gnwomen.com,2024-12-05,5670000,경상남도 창원시
35.225211,128.677169,중앙평생교육센터,경상남도,창원시,작은도서관,일+국가지정 공휴일,09:00,18:00,09:00,18:00,00:00,00:00,15,15308,4,44,5,14,경상남도 창원시 성산구 원이대로580번길 34,(사)지역문화공동체 경남정보사회연구소,055-263-4511,466,157,http://www.kisingo.or.kr,2024-12-05,5670000,경상남도 창원시
35.21905622,128.6876162,상남평생교육센터,경상남도,창원시,작은도서관,일+국가지정 공휴일,09:00,18:00,09:00,13:00,00:00,00:00,12,14122,6,64,3,14,경상남도 창원시 성산구 동산로 115,상남동주민자치위원회,055-264-0517,136,136,,2024-12-05,5670000,경상남도 창원시
35.21014486,128.7092046,대방평생교육센터,경상남도,창원시,작은도서관,일+국가지정 공휴일,09:00,18:00,09:00,17:00,00:00,00:00,26,16155,6,147,3,14,경상남도 창원시 성산구 대정로 142,책사랑창원지부,055-283-6558,,,,2024-12-05,5670000,경상남도 창원시
35.2218241,128.698221,사파평생교육센터,경상남도,창원시,작은도서관,일+국가지정 공휴일,09:00,18:00,09:00,16:00,00:00,00:00,27,16758,5,423,2,14,경상남도 창원시 성산구 창이대로 706번길 16-23,창원YMCA,055-266-1158,,,,2024-12-05,5670000,경상남도 창원시
35.208574,128.6972162,가음정평생교육센터,경상남도,창원시,작은도서관,일+국가지정 공휴일,09:00,18:00,09:00,17:00,00:00,00:00,51,20834,27,323,5,14,"경상남도 창원시 성산구 원이대로 883번길 15-38(가음동,가음정민원센터 2층)",가음정동주민자치위원회,055-289-9155,683,355,,2024-12-05,5670000,경상남도 창원시
35.205109,128.702613,남산평생교육센터,경상남도,창원시,작은도서관,일+국가지정 공휴일,09:00,18:00,09:00,17:00,00:00,00:00,20,19528,2,179,3,14,경상남도 창원시 성산구 가음로 92번길 6(가음동),(사)경남여성회,055-282-9605,840,358,,2024-12-05,5670000,경상남도 창원시
35.20919855,128.7006329,남양평생교육센터,경상남도,창원시,작은도서관,일+국가지정 공휴일,09:00,18:00,09:00,16:00,00:00,00:00,36,15591,27,0,5,14,경상남도 창원시 성산구 대정로84,희망나라,055-275-0307,1448,199,http://cafe.daum.net/mcwlnamyang,2024-12-05,5670000,경상남도 창원시
35.18883925,128.6944966,성주평생교육센터,경상남도,창원시,작은도서관,일+국가지정 공휴일,09:00,18:00,09:30,17:00,00:00,00:00,36,21982,8,72,3,14,경상남도 창원시 성산구 공단로 735(성주동),성주동주민자치위원회,055-286-5506,,,,2024-12-05,5670000,경상남도 창원시
35.205316,128.627154,웅남평생교육센터,경상남도,창원시,작은도서관,일+국가지정 공휴일,09:00,18:00,09:00,16:30,00:00,00:00,25,21186,9,107,2,14,경상남도 창원시 성산구 신촌로 50,웅남평생교육센터,055-286-5666,,150,,2024-12-05,5670000,경상남도 창원시
35.279752,128.688901,용잠마을도서관,경상남도,창원시,작은도서관,토+일+국가지정 공휴일,09:00,18:00,00:00,00:00,00:00,00:00,20,18150,1,0,5,14,경상남도 창원시 의창구 동읍 용잠로 41,동읍주민자치회,055-253-9161,,227,,2024-12-05,5670000,경상남도 창원시
35.27732449,128.700235,자여마을도서관,경상남도,창원시,작은도서관,토+일+국가지정 공휴일,09:00,18:00,00:00,00:00,00:00,00:00,36,18399,3,80,5,14,경상남도 창원시 의창구 동읍 자여로 64,동읍주민자치회,055-291-0124,,77,,2024-12-05,5670000,경상남도 창원시
35.347947,128.6073132,반딧불이도서관,경상남도,창원시,작은도서관,일+국가지정 공휴일,09:00,18:00,09:00,12:00,00:00,00:00,30,15543,0,0,5,14,경상남도 창원시 의창구 북면 천주로 1085,북면주민자치회,055-298-6588,,132.2,,2024-12-05,5670000,경상남도 창원시
35.24782998,128.666819,봉림작은도서관,경상남도,창원시,작은도서관,일+국가지정 공휴일,09:00,18:00,09:00,17:00,00:00,00:00,27,14645,10,16,5,14,경상남도 창원시 의창구 창이대로259번길 19(봉곡동),(재)한가람문화재단,055-265-6087,,118.8,,2024-12-05,5670000,경상남도 창원시
35.23383362,128.682604,용지호수어울림도서관,경상남도,창원시,작은도서관,월+일+국가지정 공휴일,09:00,18:00,09:00,18:00,00:00,00:00,20,4391,3,25,3,14,경상남도 창원시 성산구 용지로211번길 21(용지동),용지동주민자치회,070-8807-0075,,41,,2024-12-05,5670000,경상남도 창원시
35.23879258,128.6689248,반림작은도서관,경상남도,창원시,작은도서관,일+국가지정 공휴일,09:00,18:00,09:30,18:00,00:00,00:00,44,18302,5,969,5,14,"경상남도 창원시 성산구 반송로 105(반림동, 럭키A’)",반림마을도서위원회,055-261-9223,,138.6,,2024-12-05,5670000,경상남도 창원시
35.229753,128.6741132,늘푸른도서관,경상남도,창원시,작은도서관,일+국가지정 공휴일,09:00,18:00,09:00,17:00,00:00,00:00,21,17463,13,0,5,14,경상남도 창원시 성산구 외동반림로134번길 15(중앙동),중앙동새마을문고회,055-281-3342,,165,,2024-12-05,5670000,경상남도 창원시
35.20625561,128.7073881,대동디지털마을도서관,경상남도,창원시,작은도서관,일+국가지정 공휴일,09:00,18:00,09:00,17:00,00:00,00:00,43,14558,4,0,3,14,"경상남도 창원시 성산구 창이대로881번길 8(대방동, 대동디지털A’)",대동디지털황토방아파트입주자대표회의,055-603-3087,,229.81,,2024-12-05,5670000,경상남도 창원시
36.37842291,127.3759135,유성도서관,대전광역시,유성구,공공도서관,월+공휴일,09:00,22:00,09:00,22:00,00:00,00:00,186,126201,48,3989,5,14,대전광역시 유성구 대덕대로 507-38(가정동),대전광역시 유성구청,042-611-6530,29063,2466,http://lib.yuseong.go.kr/,2025-07-15,3670000,대전광역시 유성구
36.30315562,127.3197685,진잠도서관,대전광역시,유성구,공공도서관,월+공휴일,09:00,18:00,09:00,18:00,00:00,00:00,117,84232,56,2050,5,14,대전광역시 유성구 진잠로160번길 19(원내동),대전광역시 유성구청,042-611-6590,1913,2591,http://lib.yuseong.go.kr/,2025-07-15,3670000,대전광역시 유성구
36.42947012,127.3804467,구즉도서관,대전광역시,유성구,공공도서관,월+공휴일,09:00,18:00,09:00,18:00,00:00,00:00,36,98884,50,2936,5,14,대전광역시 유성구 와룡로37번길 20(송강동),대전광역시 유성구청,042-611-6510,2967,1496,http://lib.yuseong.go.kr/,2025-07-15,3670000,대전광역시 유성구
36.3907889461,127.3062704645,아가랑도서관,대전광역시,유성구,공공도서관,월+공휴일,09:00,18:00,09:00,18:00,00:00,00:00,0,19050,25,0,5,14,대전광역시 유성구 반석로 78(반석동),대전광역시 유성구청,042-611-6526,602,995,http://lib.yuseong.go.kr/,2025-07-15,3670000,대전광역시 유성구
36.42318326,127.388391,관평도서관,대전광역시,유성구,공공도서관,월+공휴일,08:00,22:00,09:00,22:00,00:00,00:00,68,38982,48,216,5,14,대전광역시 유성구 테크노 4로 131(관평동),충남대학교 산학협력단(민간위탁),042-716-0350,809,1756,http://lib.yuseong.go.kr/,2025-07-15,3670000,대전광역시 유성구
36.393110092,127.4063070841,전민복합문화센터,대전광역시,유성구,공공도서관,공휴일,10:00,19:00,10:00,19:00,00:00,00:00,40,30662,49,0,5,14,대전광역시 유성구 문지로299번길 18(문지동),충남대학교 산학협력단(민간위탁),042-389-0350,711.3,2790.65,http://lib.yuseong.go.kr/,2025-07-15,3670000,대전광역시 유성구
36.3907889461,127.3062704645,용산도서관,대전광역시,유성구,공공도서관,월+공휴일,09:00,21:00,09:00,18:00,00:00,00:00,0,13916,27,0,5,14,대전광역시 유성구 반석로 78(반석동),대전광역시 유성구청,042-611-6526,999.31,1914.59,http://lib.yuseong.go.kr/,2025-07-15,3670000,대전광역시 유성구
36.36080533,127.3592859,문학마을작은도서관,대전광역시,유성구,작은도서관,월+공휴일,10:00,17:00,10:00,17:00,00:00,00:00,60,11086,0,0,3,14,대전광역시 유성구 어은로 22(어은동,문학마을작은도서관 운영위원회,070-4192-1677,,263,http://small.u-library.kr,2025-07-15,3670000,대전광역시 유성구
36.36942799,127.3356576,별똥별과학도서관,대전광역시,유성구,작은도서관,월+공휴일,10:00,17:00,10:00,17:00,00:00,00:00,25,16134,0,0,3,14,대전광역시 유성구 죽동로 322(죽동),별똥별과학도서관 운영위원회,042-825-6987,,533,http://small.u-library.kr,2025-07-15,3670000,대전광역시 유성구
36.38680886,127.3079041,어린이영어마을도서관,대전광역시,유성구,작은도서관,월+공휴일,10:00,17:00,10:00,17:00,00:00,00:00,60,22728,0,0,3,7,대전광역시 유성구 지족동로 145(지족동),유성구어린이영어마을 작은도서관 운영위원회,042-611-6962,2594,234,http://small.u-library.kr,2025-07-15,3670000,대전광역시 유성구
36.43500958,127.3840999632,송강마을작은도서관,대전광역시,유성구,작은도서관,월+공휴일,10:00,17:00,10:00,17:00,00:00,00:00,40,18955,0,0,3,7,대전광역시 유성구 송강로 42번길 34(송강동),송강마을 작은도서관 운영위원회,070-4404-3030,19703,166,http://small.u-library.kr,2025-07-15,3670000,대전광역시 유성구
35.21896394,128.7050223,사파동성마을작은도서관,경상남도,창원시,작은도서관,토+일+국가지정 공휴일,09:00,18:00,00:00,00:00,00:00,00:00,32,17231,54,178,3,14,"경상남도 창원시 성산구 창이대로 737(사파동, 사파동성A’)",사파동성아파트입주자대표회의,055-263-8216,,96,,2024-12-05,5670000,경상남도 창원시
35.18723721,128.692676,안민마을도서관,경상남도,창원시,작은도서관,일+국가지정 공휴일,09:00,18:00,09:00,17:00,00:00,00:00,36,14564,7,0,5,14,경상남도 창원시 성산구 안민안길 34(안민동),성주동주민자치회,055-281-5520,,131,,2024-12-05,5670000,경상남도 창원시
35.18740864,128.6897059,안민청솔마을도서관,경상남도,창원시,작은도서관,일+국가지정 공휴일,09:00,18:00,09:30,17:00,00:00,00:00,138,15317,4,0,5,14,경상남도 창원시 성산구 안민로117번길 17(안민동),성주동주민자치회,055-264-0129,,170.05,,2024-12-05,5670000,경상남도 창원시
35.19036173,128.562451,반월작은도서관,경상남도,창원시,작은도서관,월+일+국가지정 공휴일,09:00,18:00,09:00,18:00,00:00,00:00,30,15541,0,0,5,14,경상남도 창원시 마산합포구 3·15대로 121(중앙동1가),반월중앙동주민자치회,055-221-8160,,204.95,,2024-12-05,5670000,경상남도 창원시
35.20627383,128.5729547,부림희망작은도서관,경상남도,창원시,작은도서관,일+국가지정 공휴일,09:00,18:00,09:00,16:00,00:00,00:00,25,10411,5,33,3,14,경상남도 창원시 마산합포구 3·15대로 351(부림동),오동동새마을문고,055-222-0531,,84,,2024-12-05,5670000,경상남도 창원시
35.21607751,128.5625775,무학산블루밍작은도서관,경상남도,창원시,작은도서관,월+일+국가지정 공휴일,09:00,18:00,09:00,18:00,00:00,00:00,40,10427,0,159,5,14,"경상남도 창원시 마산합포구 노산서18길 142(교방동, 벽산블루밍A’) 2단지",마산무학산블루밍아파트입주자대표회의,055-245-5730,,175,,2024-12-05,5670000,경상남도 창원시
35.14988761,128.5537934,현동작은도서관,경상남도,창원시,작은도서관,일+국가지정 공휴일,09:00,18:00,09:00,17:00,00:00,00:00,26,8971,0,0,5,14,경상남도 창원시 마산합포구 현동7길 27(현동),현동주민자치회,055-221-0223,,106.08,,2024-12-05,5670000,경상남도 창원시
35.21649814,128.5790896,꿈꾸는산호작은도서관,경상남도,창원시,작은도서관,토+일+국가지정 공휴일,09:00,18:00,00:00,00:00,00:00,00:00,29,7489,2,0,10,14,경상남도 창원시 마산합포구 용마로 30(여성회관 마산관 1층),(사)한국인성교육학회,055-604-1615,,89,,2024-12-05,5670000,경상남도 창원시
35.17375179,128.5580464,고운작은도서관,경상남도,창원시,작은도서관,토+일+국가지정 공휴일,09:00,18:00,00:00,00:00,00:00,00:00,30,6515,8,0,3,14,경상남도 창원시 마산합포구 월영마을로 3(월영동),월영동주민자치회,070-7798-1612,,97.44,,2024-12-05,5670000,경상남도 창원시
35.20706717,128.5696019,신추산작은도서관,경상남도,창원시,작은도서관,토+일+국가지정 공휴일,09:00,18:00,09:00,18:00,00:00,00:00,21,3264,3,0,5,14,경상남도 창원시 마산합포구 문신길 169(오동동),㈜라온아트앤컬처,055-245-5035,,178.36,,2024-12-05,5670000,경상남도 창원시
35.24279619,128.5037042,상곡어울림작은도서관,경상남도,창원시,작은도서관,월+일+국가지정 공휴일,09:00,18:00,10:00,15:00,00:00,00:00,50,14032,22,93,3,14,경상남도 창원시 마산회원구 내서읍 상곡로 16,(사)창원시새마을회,055-231-4204,,188,,2024-12-05,5670000,경상남도 창원시
35.24218587,128.5838997,합성가고파작은도서관,경상남도,창원시,작은도서관,토+일+국가지정 공휴일,09:00,18:00,10:00,17:00,00:00,00:00,30,12271,0,180,5,14,경상남도 창원시 마산회원구 합성서3길 21(합성동),합성1동주민자치회,055-253-5583,,114,,2024-12-05,5670000,경상남도 창원시
35.22128334,128.5972012,봉암동작은도서관,경상남도,창원시,작은도서관,토+일+국가지정 공휴일,09:00,18:00,00:00,00:00,00:00,00:00,20,10206,1,31,4,14,경상남도 창원시 마산회원구 봉암북2길 31(봉암동),㈜라온아트앤컬처,055-292-5760,,105.38,,2024-12-05,5670000,경상남도 창원시
35.15867283,128.6602155,여좌작은도서관,경상남도,창원시,작은도서관,토+일+국가지정 공휴일,09:00,18:00,10:00,16:00,00:00,00:00,36,4348,0,0,5,14,경상남도 창원시 진해구 여좌천로 64-1(여좌동),블라썸여좌사회적협동조합,055-546-9294,,150,,2024-12-05,5670000,경상남도 창원시
,,안성시 중앙도서관,경기도,안성시,공공도서관,1)매주월요일 2)국가지정공휴일,08:00,23:59,08:00,23:59,00:00,23:59,206,462952,6083,7337,10,14,경기도 안성시 안성맞춤대로 1150,경기도 안성시,031-676-7941,6800,6249,http://www.anseong.go.kr/library,2025-02-11,4080000,경기도 안성시
,,안성시 공도도서관,경기도,안성시,공공도서관,1)매주금요일 2)국가지정공휴일,08:00,23:59,08:00,23:59,00:00,23:59,135,177491,3618,1677,10,14,경기도 안성시 공도읍 공도5로 26,경기도 안성시,031-678-3210,1085,4021,http://www.anseong.go.kr/library,2025-02-11,4080000,경기도 안성시
,,안성시 보개도서관,경기도,안성시,공공도서관,1)매주금요일 2)국가지정공휴일,09:00,20:00,09:00,18:00,00:00,23:59,216,94063,2334,2103,10,14,경기도 안성시 보개면 종합운동장로 205,경기도 안성시,031-678-5330,18098,1769,http://www.anseong.go.kr/library,2025-02-11,4080000,경기도 안성시
,,안성시 진사도서관,경기도,안성시,공공도서관,1)매주월요일 2)국가지정공휴일,09:00,22:00,09:00,22:00,00:00,23:59,125,100933,2301,1410,10,14,경기도 안성시 공도읍 진사2길 70,경기도 안성시,031-678-4090,7240,1526,http://www.anseong.go.kr/library,2025-02-11,4080000,경기도 안성시
,,안성시 일죽도서관,경기도,안성시,공공도서관,1)매주일요일 2)국가지정공휴일,09:00,19:00,09:00,19:00,00:00,00:00,50,35427,1763,905,10,14,경기도 안성시 일죽면 금일로 433,경기도 안성시,031-671-3230,3188,1271,http://www.anseong.go.kr/library,2025-02-11,4080000,경기도 안성시
35.1512528,126.925462,민주작은도서관,광주광역시,동구,작은도서관,토+일+국가지정공휴일,10:00,16:30,00:00,00:00,00:00,00:00,20,5058,5,2,0,0,광주광역시 동구 동명로26번길 15-3(동명동),(사)광주민주화운동기념사업회,062-675-3555,,44,,2025-06-26,3590000,광주광역시 동구
35.15706311,126.9253721,푸른길두산위브작은도서관,광주광역시,동구,작은도서관,화+수+금+토+일+국가지정공휴일,15:00,18:00,00:00,00:00,00:00,00:00,30,1698,0,0,0,0,"광주광역시 동구 계림로30번길 15(계림동, 푸른길 두산위브)",푸른길두산위브입주자대표회의,062-226-1216,,114.57,,2025-06-26,3590000,광주광역시 동구
35.1426084009,126.9170039484,꽃대여행작은도서관,광주광역시,동구,작은도서관,휴관,09:30,17:30,00:00,00:00,00:00,00:00,30,5000,0,0,0,0,광주광역시 동구 천변우로 447,아시아문화콘텐츠시민네트워크,062-223-2301,,115,,2025-06-26,3590000,광주광역시 동구
37.48839372,126.7231464,하브루타도서관,인천광역시,부평구,작은도서관,일+월+법정공휴일,09:00,16:30,13:00,16:00,00:00,00:00,20,2653,0,0,0,0,인천광역시 부평구 경인로931번길18(부평동),부평남부교회,,,140,,2025-10-31,3540000,인천광역시 부평구
37.516550278,126.7588701907,상동무지개작은도서관,인천광역시,부평구,작은도서관,토+일+법정공휴일,10:00,18:00,00:00,00:00,00:00,00:00,30,1250,0,0,0,0,인천광역시 부평구 송내대로373번길28(삼산동),기쁜소식부천교회,,,62.4,,2025-10-31,3540000,인천광역시 부평구
37.506052,126.7039764,지혜로작은도서관,인천광역시,부평구,작은도서관,토+일+법정공휴일,09:00,18:00,00:00,00:00,00:00,00:00,15,2639,0,0,0,0,인천광역시 부평구 마장로324번길8-17(산곡동),지혜로작은도서관,,,152.51,,2025-10-31,3540000,인천광역시 부평구
37.52006146,126.746528,로뎀나무도서관,인천광역시,부평구,작은도서관,토+일+법정공휴일,10:00,18:00,00:00,00:00,00:00,00:00,20,9639,0,0,0,0,"인천광역시 부평구 영성동로 35, 부성교회(삼산동)",부성교회,032-529-5112,,141.2,,2025-10-31,3540000,인천광역시 부평구
37.499561,126.715083,꿈쟁이어린이도서관,인천광역시,부평구,작은도서관,일+월+법정공휴일,09:00,17:00,09:00,15:00,00:00,00:00,26,6500,0,0,0,0,인천광역시 부평구 부흥로 213 주안교회(산곡동),주안교회,032-590-9809,,192.87,,2025-10-31,3540000,인천광역시 부평구
37.474552,126.702253,꿈꾸는작은도서관,인천광역시,부평구,작은도서관,일+법정공휴일,14:00,20:00,09:00,17:00,00:00,00:00,24,1005,0,0,0,0,인천광역시 부평구 하정로19번길 5(십정동),십정중부감리교회,032-428-1769,,54.72,,2025-10-31,3540000,인천광역시 부평구
37.49258443,126.7409216,열방작은도서관,인천광역시,부평구,작은도서관,일+법정공휴일,13:00,18:00,13:00,18:00,00:00,00:00,10,9078,0,0,0,0,인천광역시 부평구 수변로 68-1(부개동),열방교회,,,37.62,,2025-10-31,3540000,인천광역시 부평구
37.50838429,126.728054,한아름작은도서관,인천광역시,부평구,작은도서관,일+월+법정공휴일,14:00,18:00,14:00,18:00,00:00,00:00,16,1099,0,0,0,0,인천광역시 부평구 주부토로146번길 35-8(갈산동),한아름작은도서관,070-8638-9531,,43.2,,2025-10-31,3540000,인천광역시 부평구
37.60605688,126.659704,행복한나라 문고,인천광역시,서구,작은도서관,일+법정공휴일,10:00,18:00,10:00,18:00,00:00,00:00,15,3200,0,2,2,7,인천광역시 서구 완정로178번길 49,,032-266-8845,,,,2025-11-14,3560000,인천광역시 서구
37.514608,126.6722843,회화나무 도서관,인천광역시,서구,작은도서관,토+일+법정공휴일,09:00,18:00,00:00,00:00,00:00,00:00,16,12932,0,2,2,7,인천광역시 서구 가정로335번길 3,,032-719-3831,,,,2025-11-14,3560000,인천광역시 서구
37.52770121,126.6505059,힐데스 작은도서관,인천광역시,서구,작은도서관,일+법정공휴일,13:00,19:00,13:00,19:00,00:00,00:00,31,1367,0,0,0,0,"인천광역시 서구 청라라임로 17, 청라힐데스하임 아파트 관리동 1층",,032-564-4401,,,,2025-11-14,3560000,인천광역시 서구
37.48748624,126.683403,가재울 작은도서관,인천광역시,서구,작은도서관,토+일+법정공휴일,09:00,18:00,00:00,00:00,00:00,00:00,40,11271,0,0,2,7,인천광역시 서구 장고개로280번길 14,,032-718-5229,,,,2025-11-14,3560000,인천광역시 서구
37.515517,126.677826,가정골 북카페,인천광역시,서구,작은도서관,토+일+법정공휴일,09:00,18:00,00:00,00:00,00:00,00:00,30,5504,0,2,2,7,인천광역시 서구 서달로179번길 12-16,,032-571-8920,,,,2025-11-14,3560000,인천광역시 서구
37.06470008,126.7956061,기아행복마루작은도서관,경기도,화성시,작은도서관,"매주 일요일, 월요일 및 법정공휴일, 재단창립기념일",09:00,18:00,09:00,18:00,00:00,00:00,25,14081,16,998,7,14,경기도 화성시 만세구 우정읍 기아자동차로 559,화성시문화관광재단,031-358-2597,162,162,www.hscitylib.or.kr,2026-02-01,5530000,경기도 화성시
37.21736028,127.1098102,늘봄이음터작은도서관,경기도,화성시,작은도서관,"매주 일요일, 월요일 및 법정공휴일, 재단창립기념일",09:00,18:00,09:00,18:00,00:00,00:00,21,8782,9,0,7,14,경기도 화성시 동탄구 동탄대로24길 49 (영천동),화성시인재육성재단,031-378-5696,138,138,www.hscitylib.or.kr,2026-02-01,5530000,경기도 화성시
37.20501433,126.7702171,마도작은도서관,경기도,화성시,작은도서관,"매주 토요일, 일요일 및 법정공휴일",10:00,18:00,00:00,00:00,00:00,00:00,35,10226,9,0,7,14,경기도 화성시 만세구 마도면 마도북로 387,경기도 화성시청,031-5189-2338,131,131,www.hscitylib.or.kr,2026-02-01,5530000,경기도 화성시
37.2260722,126.9439303,봉담커피앤북작은도서관,경기도,화성시,작은도서관,"매주 토요일, 일요일 및 법정공휴일",10:00,18:00,00:00,00:00,00:00,00:00,18,11941,11,0,7,14,경기도 화성시 효행구 봉담읍 상리3길 38,경기도 화성시청,070-4040-9833,92,92,www.hscitylib.or.kr,2026-02-01,5530000,경기도 화성시
37.23581859,126.8738925,비봉작은도서관,경기도,화성시,작은도서관,"매주 일요일, 월요일 및 법정공휴일, 재단창립기념일",09:00,18:00,09:00,18:00,00:00,00:00,25,14979,8,0,7,14,경기도 화성시 효행구 비봉면 비봉로71번길 1,화성시문화관광재단,031-355-4551,122,122,www.hscitylib.or.kr,2026-02-01,5530000,경기도 화성시
37.24463572,126.9461715,샘내작은도서관,경기도,화성시,작은도서관,"매주 일요일, 월요일 및 법정공휴일, 재단창립기념일",09:00,18:00,09:00,18:00,00:00,00:00,64,20748,10,0,7,14,경기도 화성시 효행구 매송면 매송고색로375번길 11,화성시문화관광재단,031-292-7307,212,212,www.hscitylib.or.kr,2026-02-01,5530000,경기도 화성시
37.16658698,126.7087356,서신작은도서관,경기도,화성시,작은도서관,"매주 토요일, 일요일 및 법정공휴일",10:00,18:00,00:00,00:00,00:00,00:00,25,4128,0,0,7,14,"경기도 화성시 만세구 서신면 궁평항로1702, 2층",경기도 화성시청,031-5189-6489,100,100,www.hscitylib.or.kr,2026-02-01,5530000,경기도 화성시
37.08165365,126.9456438,양감작은도서관,경기도,화성시,작은도서관,"매주 토요일, 일요일 및 법정공휴일",10:00,18:00,00:00,00:00,00:00,00:00,17,9811,7,0,7,14,경기도 화성시 만세구 양감면 초록로 7,경기도 화성시청,031-5189-3004,75,75,www.hscitylib.or.kr,2026-02-01,5530000,경기도 화성시
37.16223388,126.9049013,팔탄작은도서관,경기도,화성시,작은도서관,"매주 토요일, 일요일 및 법정공휴일",10:00,18:00,00:00,00:00,00:00,00:00,20,10402,10,0,7,14,경기도 화성시 만세구 팔탄면 구장길 14,경기도 화성시청,031-5189-2339,88,88,www.hscitylib.or.kr,2026-02-01,5530000,경기도 화성시
,,푸르지오작은도서관,울산광역시,동구,작은도서관,주말,15:00,18:00,00:00,00:00,15:00,18:00,14,5068,0,0,2,7,울산광역시 동구 봉수로 270,전하푸르지오 입주자대표회의,052-235-7710,,4941,,2025-03-06,3710000,울산광역시 동구
,,휴(休)Book사랑방작은도서관,울산광역시,동구,작은도서관,일,14:00,18:00,14:00,18:00,14:00,18:00,18,4147,0,0,3,14,울산광역시 동구 등대4길 25,방어휴먼시아 임차인대표회의,052-234-5055,,10842,,2025-03-06,3710000,울산광역시 동구
37.554834,127.021637,금호1가동우리동네북카페책단지꿀단지,서울특별시,성동구,공공도서관,"주말, 법정공휴일",09:00,18:00,00:00,00:00,00:00,00:00,28,4284,1,0,3,14,서울특별시 성동구 행당로 15 (금호동1가),서울특별시 성동구,02-2286-7343,71,71,,2025-06-18,3030000,서울특별시 성동구
37.553233,127.0208504,"금호2,3가동어린이작은도서관",서울특별시,성동구,공공도서관,"주말, 법정공휴일",09:00,16:00,00:00,00:00,00:00,00:00,15,8793,1,0,3,14,서울특별시 성동구 금호동2가 무수막18길 1,서울특별시 성동구,02-2286-7374,77,77,,2025-06-18,3030000,서울특별시 성동구
37.54715523,127.0224398,금호4가동어린이작은도서관,서울특별시,성동구,공공도서관,"주말, 법정공휴일",09:00,18:00,00:00,00:00,00:00,00:00,20,8629,1,0,3,14,서울특별시 성동구 금호동4가 독서당로46길 26 금호4가동주민센터,서울특별시 성동구,02-2286-7383,134,134,,2025-06-18,3030000,서울특별시 성동구
37.56631825,127.0454072,마장동작은도서관,서울특별시,성동구,공공도서관,"주말, 법정공휴일",14:00,18:00,00:00,00:00,00:00,00:00,20,4989,1,0,3,14,서울특별시 성동구 마장동 마장로42길 11 마장동주민센터,서울특별시 성동구,02-2286-7256,46,46,,2025-06-18,3030000,서울특별시 성동구
37.56149975,127.0453273,사근동어린이놀이터도서관,서울특별시,성동구,공공도서관,"주말, 법정공휴일",09:00,18:00,00:00,00:00,00:00,00:00,20,4963,1,0,3,14,서울특별시 성동구 사근동 사근동길 37 사근동공공복합청사,서울특별시 성동구,02-2286-7271,51.8,51.8,,2025-06-18,3030000,서울특별시 성동구
36.97160657,127.7869643,중원교육도서관,충청북도,충주시,공공도서관,매주월요일+공휴일,09:00,18:00,09:00,18:00,00:00,00:00,105,39108,30,1330,5,15,충청북도 충주시 주덕읍 창전길 221,충청북도중원교육문화원,043-846-0629,1024,390,https://www.jwelib.go.kr,2025-06-23,8000451,충청북도교육청 충청북도중원교육문화원
36.12417372,128.3313513,경상북도교육청 구미도서관,경상북도,구미시,공공도서관,매월 둘째 월+ 매월 넷째 월요일+일요일을 제외한 법정공휴일(일요일과 공휴일이 겹치는 경우는 휴관)+특별한 사유로 도서관장이 지정한 날,08:00,22:00,08:00,22:00,08:00,22:00,590,236528,307,7204,10,14,경상북도 구미시 산책길 41 (원평동),경상북도교육청 구미도서관,054-450-7000,6470,4722,http://www.gbelib.kr/gm,2025-06-24,8750686,경상북도교육청 경상북도교육청구미도서관
35.4352375815,127.7366754469,고운작은도서관,경상남도,함양군,작은도서관,매주토요일+일요일,09:00,18:00,00:00,00:00,00:00,00:00,10,2500,5,20,0,0,경상남도 함양군 휴천면 문하길 30-3,,,,,,2025-06-20,5460000,경상남도 함양군
35.6180625478,127.8281917465,구세군사랑듬book작은도서관,경상남도,함양군,작은도서관,매주토요일+일요일,13:00,17:00,00:00,00:00,00:00,00:00,12,1100,4,0,0,0,경상남도 함양군 안의면 갈촌길 5,,,,,,2025-06-20,5460000,경상남도 함양군
35.5544219317,127.634258935,녹색대학문고,경상남도,함양군,작은도서관,매주토요일+일요일,13:00,17:00,00:00,00:00,00:00,00:00,20,6000,2,0,0,0,경상남도 함양군 백전면 구산대안로 10-2,,,,,,2025-06-20,5460000,경상남도 함양군
35.5090491306,127.7299310561,반딧불작은도서관,경상남도,함양군,작은도서관,매주토요일+일요일,13:00,17:00,00:00,00:00,00:00,00:00,10,1250,0,0,0,0,경상남도 함양군 함양읍 거면강변길 22,,,,,,2025-06-20,5460000,경상남도 함양군
35.4095886504,127.7151774162,용유담작은도서관,경상남도,함양군,작은도서관,매주토요일+일요일,10:00,18:00,00:00,00:00,00:00,00:00,12,3000,0,0,0,0,경상남도 함양군 휴천면 송전길 364,,,,,,2025-06-20,5460000,경상남도 함양군
35.7397872201,127.6790334724,이산책판도서관,경상남도,함양군,작은도서관,매주토요일+일요일,10:00,17:00,00:00,00:00,00:00,00:00,10,1350,0,0,0,0,경상남도 함양군 서상면 덕유월성로 495,,,,,,2025-06-20,5460000,경상남도 함양군
35.5285940053,127.7329722063,휴먼시아새마을작은도서관,경상남도,함양군,작은도서관,평일,00:00,00:00,10:00,17:00,10:00,17:00,30,3378,0,0,4,7,경상남도 함양군 함양읍 함양로 1246(함양교산휴먼시아),,,,,,2025-06-20,5460000,경상남도 함양군
35.6477785276,127.6976741327,LH함양서하어린이도서관,경상남도,함양군,작은도서관,매주 화요일+일요일,11:00,19:00,11:00,19:00,00:00,00:00,30,1200,0,0,5,7,경상남도 함양군 서하면 송계앞길 7-2,,,,,,2025-06-20,5460000,경상남도 함양군
35.6256886477,127.7533491797,황산마을 작은도서관,경상남도,함양군,작은도서관,연중무휴,09:00,16:00,09:00,16:00,09:00,16:00,10,1000,0,0,0,0,경상남도 함양군 서하면 황산길 53-30,,,,,,2025-06-20,5460000,경상남도 함양군
35.4734652657,127.7931638545,유림 커뮤니티 도서관,경상남도,함양군,작은도서관,매주 월요일+일요일,10:00,19:00,10:00,19:00,00:00,00:00,20,1546,0,0,3,7,경상남도 함양군 유림면 천왕봉로 2959,,,,,,2025-06-20,5460000,경상남도 함양군
35.920992,128.283836,청사도서관,경상북도,성주군,공공도서관,매주금요일,09:00,22:00,09:00,22:00,09:00,22:00,124,15000,50,350,5,14,경상북도 성주군 성주읍 청사도서관길13,경상북도 성주군청,054-933-3269,1299,427.9,,2025-06-20,5210000,경상북도 성주군
37.50431765,126.8960782,대림도서관,서울특별시,영등포구,공공도서관,매주 월요일+법정공휴일,09:00,22:00,09:00,17:00,09:00,17:00,168,70383,46,3465,10,21,서울특별시 영등포구 도신로27,영등포문화재단,02-828-3700,727,1945,https://www.ydplib.or.kr,2025-09-04,3180000,서울특별시 영등포구
37.51898057,126.8862787,목화마을공립작은도서관,서울특별시,영등포구,작은도서관,매주 토요일+일요일+법정공휴일,09:00,19:00,00:00,00:00,00:00,00:00,24,12705,0,0,10,21,서울특별시 영등포구 선유로 13길 25,서울특별시 영등포구청,02-811-7410,,110,https://www.ydplib.or.kr/small,2025-09-04,3180000,서울특별시 영등포구
37.49273981,126.8982518,대림2동공립작은도서관,서울특별시,영등포구,작은도서관,매주 토요일+일요일+법정공휴일,10:00,17:00,00:00,00:00,00:00,00:00,16,11139,0,0,10,21,서울특별시 영등포구 대림로23길25,서울특별시 영등포구청,02-832-1215,,34,https://www.ydplib.or.kr/small,2025-09-04,3180000,서울특별시 영등포구
37.49545723,126.905842,대림1동공립작은도서관,서울특별시,영등포구,작은도서관,매주 토요일+일요일+법정공휴일,10:00,17:00,00:00,00:00,00:00,00:00,24,14480,0,0,10,21,서울특별시 영등포구 디지털로441,서울특별시 영등포구청,02-834-4560,,130,https://www.ydplib.or.kr/small,2025-09-04,3180000,서울특별시 영등포구
37.506385,126.9215136,신길7동공립작은도서관,서울특별시,영등포구,작은도서관,일요일+법정공휴일,09:00,19:00,10:00,17:00,00:00,00:00,18,10351,0,0,10,21,서울특별시 영등포구 여의대방로43길10,서울특별시 영등포구청,070-8895-1186,,39,https://www.ydplib.or.kr/small,2025-09-04,3180000,서울특별시 영등포구
37.49937388,126.9098438,신길6동공립작은도서관,서울특별시,영등포구,작은도서관,매주 토요일+일요일+법정공휴일,09:00,19:00,00:00,00:00,00:00,00:00,30,12201,0,0,10,21,서울특별시 영등포구 대방천로 167,서울특별시 영등포구청,02-832-7476,,96,https://www.ydplib.or.kr/small,2025-09-04,3180000,서울특별시 영등포구
37.501614,126.9052198,신길5동공립작은도서관,서울특별시,영등포구,작은도서관,일요일+법정공휴일,09:00,19:00,10:00,17:00,00:00,00:00,6,4739,0,0,10,21,서울특별시 영등포구 도림로264,서울특별시 영등포구청,02-836-1005,,66,https://www.ydplib.or.kr/small,2025-09-04,3180000,서울특별시 영등포구
37.508428,126.911278,신길4동공립작은도서관,서울특별시,영등포구,작은도서관,매주 토요일+일요일+법정공휴일,10:00,17:00,00:00,00:00,00:00,00:00,20,7038,0,0,10,21,서울특별시 영등포구 신길로42길1,서울특별시 영등포구청,02-3457-7688,,36,https://www.ydplib.or.kr/small,2025-09-04,3180000,서울특별시 영등포구
37.511135,126.9214408,신길1동공립작은도서관,서울특별시,영등포구,작은도서관,매주 토요일+일요일+법정공휴일,09:00,19:00,00:00,00:00,00:00,00:00,25,17276,0,0,10,21,서울특별시 영등포구 영등포로84길24-5,서울특별시 영등포구청,070-8895-1184,,97,https://www.ydplib.or.kr/small,2025-09-04,3180000,서울특별시 영등포구
37.53650136,126.8940377,양평2동공립작은도서관,서울특별시,영등포구,작은도서관,매주 토요일+일요일+법정공휴일,10:00,17:00,00:00,00:00,00:00,00:00,13,7579,0,0,10,21,서울특별시영등포구 선유로47길30(4층),서울특별시 영등포구청,02-2679-5252,,36,https://www.ydplib.or.kr/small,2025-09-04,3180000,서울특별시 영등포구
37.4960959,130.903963,경상북도교육청 울릉도서관,경상북도,울릉군,공공도서관,매주 월요일,09:00,18:00,09:00,17:00,00:00,00:00,60,83626,70,5267,10,14,경상북도 울릉군 울릉읍 봉래길 128-10,경상북도교육청 울릉도서관,054-791-2294,731,633.48,http://www.gbelib.kr/ul,2023-06-27,8981000,경상북도교육청 경상북도울릉교육지원청
37.5010106,126.7258266,사랑채작은도서관,인천광역시,부평구,작은도서관,토+일+법정공휴일,16:00,20:00,00:00,00:00,00:00,00:00,20,6300,4,0,0,0,인천광역시 부평구 부흥북로36번길 8(부평동),온천하선교교회,032-221-8291,,52,,2025-10-31,3540000,인천광역시 부평구
37.469743,126.707685,노동자의 작은도서관 사람,인천광역시,부평구,작은도서관,일+법정공휴일,10:00,22:00,10:00,18:00,00:00,00:00,17,5293,6,0,5,14,인천광역시 부평구 경인로 671(십정동),천주교인천교구노동사목,070-4324-0545,,133.13,,2025-10-31,3540000,인천광역시 부평구
37.48507961,126.720672,함께하는 사랑밭 그림책도서관 1호점,인천광역시,부평구,작은도서관,월+일+법정공휴일,10:00,19:00,10:00,17:30,00:00,00:00,10,4116,1,112,0,0,인천광역시 부평구 동수로 17(부평동),(사법)함께하는 사랑밭,032-518-6575,,195,http://withgo2.egentouch.com,2025-10-31,3540000,인천광역시 부평구
37.51163779,126.7088263,하우스디 작은도서관,인천광역시,부평구,작은도서관,토+일+법정공휴일,13:00,18:00,00:00,00:00,00:00,00:00,18,2802,0,0,0,0,인천광역시 부평구 안남로 315(청천동),부평구 하우스디아파트,032-518-7851,,79.2,,2025-10-31,3540000,인천광역시 부평구
37.51326245,126.705691,조이도서관,인천광역시,부평구,작은도서관,일+법정공휴일,09:00,18:00,09:00,18:00,00:00,00:00,20,2508,3,0,0,0,인천광역시 부평구 세월천로 34(청천동),소망의 교회,032-528-2281,,33,,2025-10-31,3540000,인천광역시 부평구
37.493988,126.7027288,포도나무 작은도서관,인천광역시,부평구,작은도서관,일+법정공휴일,10:00,18:00,13:00,16:00,00:00,00:00,10,2793,0,0,0,0,인천광역시 부평구 마장로179번길 14(산곡동),포도나무 작은도서관,032-266-3237,,34.69,,2025-10-31,3540000,인천광역시 부평구
37.51219785,126.7429963,여울도서관,인천광역시,부평구,작은도서관,토+일+법정공휴일,09:00,18:00,00:00,00:00,00:00,00:00,10,1000,0,0,0,0,인천광역시 부평구 체육관로 111(삼산동),삼산타운 주공아파트 4단지,032-513-1445,,43.84,,2025-10-31,3540000,인천광역시 부평구
37.50464773,126.7198167,호별 작은도서관,인천광역시,부평구,작은도서관,화+토+일+법정공휴일,12:00,18:00,00:00,00:00,00:00,00:00,6,1300,0,0,0,0,인천광역시 부평구 원적로 471번길 34(부평동),호별 작은도서관,,,37.5,,2025-10-31,3540000,인천광역시 부평구
,,아우름쉼터북카페,울산광역시,동구,작은도서관,법정공휴일,08:00,23:00,08:00,23:00,00:00,00:00,16,1486,0,0,5,60,울산광역시 동구 방어진순환도로 733,삼전아이필하모니 입주자대표회의,052-232-7401,,3344,,2025-03-06,3710000,울산광역시 동구
,,대왕암엘크루작은도서관,울산광역시,동구,작은도서관,일,10:00,17:00,10:00,17:00,10:00,17:00,20,1985,0,0,0,0,울산광역시 동구 등대4길 26,대왕암엘크루아파트 입주자대표회의,052-236-2393,,78,,2025-03-06,3710000,울산광역시 동구
,,서부징검다리작은도서관,울산광역시,동구,작은도서관,주말,09:00,17:00,00:00,00:00,09:00,17:00,30,1430,0,0,0,0,울산광역시 동구 방어진순환도로 995,서부아파트 입주자대표회의,052-234-5766,,6048,,2025-03-06,3710000,울산광역시 동구
35.82428381,128.5219461,꿈꾸는도서관in휴포레,대구광역시,달서구,작은도서관,토+일+법정공휴일,16:30,21:00,00:00,00:00,00:00,00:00,30,10787,0,0,3,7,"대구광역시 달서구 조암로10길 11(월성동, 월성 협성휴포레)",,070-4209-8891,,119,,2026-03-06,3470000,대구광역시 달서구
35.81946119,128.513714,아이솔작은도서관,대구광역시,달서구,작은도서관,일+법정공휴일,10:00,12:00,10:00,16:00,00:00,00:00,64,7837,2,0,3,7,"대구광역시 달서구 월배로5길 76(유천동, 월배2차아이파크)",,053-639-1333,,247,,2026-03-06,3470000,대구광역시 달서구
35.85229651,128.4988252,달서다문화가족작은도서관,대구광역시,달서구,작은도서관,일+법정공휴일,09:00,20:00,09:00,16:00,00:00,00:00,10,6992,0,0,4,10,"대구광역시 달서구 신당로 56(신당동, 성서종합사회복지관 2층)",성서종합사회복지관,053-583-1284,,50,,2026-03-06,3470000,대구광역시 달서구
35.79664514,128.5294646,숲속도서관,대구광역시,달서구,작은도서관,월+일+법정공휴일,13:00,18:00,13:00,18:00,00:00,00:00,40,4472,0,0,0,0,대구광역시 달서구 한실로6길 123,,053-643-7673,,47.52,,2026-03-06,3470000,대구광역시 달서구
35.79879724,128.5314819,수목원제일풍경채작은도서관,대구광역시,달서구,작은도서관,일+법정공휴일,09:00,18:00,14:00,18:00,00:00,00:00,30,5248,0,0,0,0,"대구광역시 달서구 갈밭남로 12 (대곡동, 수목원제일풍경채)",,053-643-0661,,95.26,,2026-03-06,3470000,대구광역시 달서구
35.25770793,126.6618721,장성군립삼계도서관,전라남도,장성군,공공도서관,"금+법정공휴일(단, 법정공휴일과 일요일이 겹치는 경우 휴관)+시설의 보수 및 점검·그 밖의 사유로 군수가 필요하다고 인정하는 경우",09:00,18:00,09:00,18:00,09:00,18:00,145,49775,24,0,10,14,전라남도 장성군 삼계면 영장로 1585,전라남도 장성군청,061-395-4100,8525,627.36,https://lib.jangseong.go.kr,2026-02-19,4980000,전라남도 장성군
35.4297411,126.8104889,장성군립북이도서관,전라남도,장성군,공공도서관,"금+법정공휴일(단, 법정공휴일과 일요일이 겹치는 경우 휴관)+시설의 보수 및 점검·그 밖의 사유로 군수가 필요하다고 인정하는 경우",09:00,18:00,09:00,18:00,09:00,18:00,70,24866,23,0,10,14,전라남도 장성군 북이면 백양로 13,전라남도 장성군청,061-395-4200,3199,609.3,https://lib.jangseong.go.kr,2026-02-19,4980000,전라남도 장성군
35.6891718,127.9036917,거창군립한마음도서관,경상남도,거창군,공공도서관,금+법정공휴일,09:00,22:00,09:00,22:00,09:00,18:00,428,109181,49,11662,5,14,경상남도 거창군 거창읍 거열로6길 11,경상남도 거창군청,055-940-8470,1538,2441,https://library.geochang.go.kr,2026-03-05,5470000,경상남도 거창군
,,꿈꾸는도서관,울산광역시,동구,작은도서관,연중무휴,10:00,20:00,10:00,20:00,10:00,20:00,10,4671,0,0,3,14,"울산광역시 동구 화진1길 39, 3층",한아름나눔사회적협동조합,052-236-0022,,193,,2025-03-06,3710000,울산광역시 동구
36.75842346,128.6885072,영주평은작은도서관,경상북도,영주시,작은도서관,토+일+국가지정공휴일,09:00,18:00,00:00,00:00,00:00,00:00,15,3612,0,112,5,14,경상북도 영주시 평은면 신평로 29,경상북도 영주시청,054-637-1677,,120,https://lib.yeongju.go.kr/,2025-06-30,5090000,경상북도 영주시
36.82063442,128.6115011,영주시립도서관,경상북도,영주시,공공도서관,화+국가지정공휴일,09:00,21:00,09:00,21:00,00:00,00:00,188,82715,29,2870,5,14,경상북도 영주시 가흥로 263,경상북도 영주시청,054-638-2550,9470,1338,https://lib.yeongju.go.kr/,2025-06-30,5090000,경상북도 영주시
36.8263808,128.6265258,영주하망도서관,경상북도,영주시,공공도서관,월+국가지정공휴일,09:00,18:00,09:00,18:00,00:00,00:00,190,15645,33,5502,5,14,경상북도 영주시 중앙로126번길 11,경상북도 영주시청,054-639-4957,1618,2053,https://lib.yeongju.go.kr/,2025-06-30,5090000,경상북도 영주시
35.557377,126.8669738,정읍시립중앙도서관,전북특별자치도,정읍시,공공도서관,법정공휴일,08:00,23:59,08:00,23:59,08:00,23:59,602,185320,35,6649,5,17,전북특별자치도 정읍시 벚꽃로 511,전북특별자치도 정읍시청,063-539-6437,13692,3503,https://lib.jeongeup.go.kr,2025-07-23,4691000,전북특별자치도 정읍시
35.689748,126.8899813,정읍시립신태인도서관,전북특별자치도,정읍시,공공도서관,법정공휴일,08:00,23:59,08:00,23:59,08:00,23:59,100,56740,21,578,5,17,전북특별자치도 정읍시 신태인읍 신태인중앙로47,전북특별자치도 정읍시청,063-539-6442,3342,837,https://lib.jeongeup.go.kr,2025-07-23,4691000,전북특별자치도 정읍시
35.58427178,126.8606536,정읍기적의도서관,전북특별자치도,정읍시,공공도서관,법정공휴일,09:00,17:30,09:00,17:30,09:00,17:30,78,72972,22,386,5,17,전북특별자치도 정읍시 수성5로 45-5,전북특별자치도 정읍시청,063-539-6452,1688,1274,https://lib.jeongeup.go.kr,2025-07-23,4691000,전북특별자치도 정읍시
35.6064496,126.8895788,북면작은도서관,전북특별자치도,정읍시,작은도서관,토요일+일요일+공휴일,09:00,18:00,00:00,00:00,00:00,00:00,35,8727,0,0,5,17,전북특별자치도 정읍시 북면 정읍북로 534,주민자치(북면작은도서관 운영위원회),063-537-3561,,189,,2025-07-23,4691000,전북특별자치도 정읍시
35.55961209,126.8735572,상동작은도서관,전북특별자치도,정읍시,작은도서관,토요일+일요일+공휴일,10:00,19:00,00:00,00:00,00:00,00:00,25,11511,0,0,5,17,전북특별자치도 정읍시 학산로 97(우미아파트관리동 2층),주민자치(상동작은도서관 운영위원회),063-535-5845,,120,,2025-07-23,4691000,전북특별자치도 정읍시
35.6206106,126.7720446,고부작은도서관,전북특별자치도,정읍시,작은도서관,토요일+일요일+공휴일,09:00,18:00,00:00,00:00,00:00,00:00,10,6412,0,0,5,17,전북특별자치도 정읍시 고부면 교동3길 10-1,주민자치(고부작은도서관 운영위원회),063-538-0015,,83,,2025-07-23,4691000,전북특별자치도 정읍시
35.5580211,126.8759642,수목토작은도서관,전북특별자치도,정읍시,작은도서관,토요일+일요일+공휴일,10:00,19:00,00:00,00:00,00:00,00:00,24,8600,0,0,5,17,전북특별자치도 정읍시 학산로 89-25(수목토아파트 관리동 3층),주민자치(수목토작은도서관 운영위원회),063-538-1055,,128,,2025-07-23,4691000,전북특별자치도 정읍시
35.57240793,126.8464985,옹달샘작은도서관,전북특별자치도,정읍시,작은도서관,토요일+일요일+공휴일,10:00,19:00,00:00,00:00,00:00,00:00,19,9692,0,0,5,17,전북특별자치도 정읍시 중앙로 41(관리동 2층),주민자치(옹달샘작은도서관 운영위원회),063-533-0522,,140,,2025-07-23,4691000,전북특별자치도 정읍시
35.58308764,126.8531972,수성작은도서관,전북특별자치도,정읍시,작은도서관,토요일+일요일+공휴일,10:00,19:00,00:00,00:00,00:00,00:00,30,8978,0,0,5,17,전북특별자치도 정읍시 수성2로 13-11(수성2차 관리동),주민자치(수성작은도서관 운영위원회),063-532-0067,,141,,2025-07-23,4691000,전북특별자치도 정읍시
37.0650198454,129.4189834477,북울진도서관,경상북도,울진군,공공도서관,월+국가지정공휴일,09:00,22:00,09:00,22:00,00:00,00:00,65,67843,28,577,5,15,경상북도 울진군 죽변면 죽변북로64-4,경상북도 울진군청,054-780-1910,3091,2004,http://lib.uljin.go.kr,2024-07-25,5250000,경상북도 울진군
36.68813334,129.4438282,울진남부도서관,경상북도,울진군,공공도서관,월+국가지정공휴일,09:00,22:00,09:00,22:00,00:00,00:00,181,59372,100,1208,5,15,경상북도 울진군 후포면 후포삼율로 194-13,경상북도 울진군청,054-788-1107,20073,9577,http://lib.uljin.go.kr,2024-07-25,5250000,경상북도 울진군
36.99454271,129.4029533,울진작은도서관,경상북도,울진군,작은도서관,월+국가지정공휴일,09:00,18:00,09:00,17:00,00:00,00:00,34,11248,23,178,5,15,경상북도 울진군 울진읍 읍내8길 26,경상북도 울진군청,054-781-6650,661,118.08,http://lib.uljin.go.kr,2024-07-25,5250000,경상북도 울진군
36.96318578,129.395391,근남작은도서관,경상북도,울진군,작은도서관,월+국가지정공휴일,09:00,18:00,09:00,17:00,00:00,00:00,14,7567,2,153,5,15,경상북도 울진군 근남면 울진북로 151-3,경상북도 울진군청,054-781-6651,1041,66,http://lib.uljin.go.kr,2024-07-25,5250000,경상북도 울진군
36.91313012,129.3800439,매화작은도서관,경상북도,울진군,작은도서관,연중무휴,09:00,18:00,09:00,18:00,09:00,18:00,6,10625,0,0,5,15,경상북도 울진군 매화면 매화4길 3,경상북도 울진군청,054-781-6652,430,33,http://lib.uljin.go.kr,2024-07-25,5250000,경상북도 울진군
36.79824182,129.4518046,기성작은도서관,경상북도,울진군,작은도서관,월+국가지정공휴일,09:00,18:00,09:00,17:00,00:00,00:00,15,7103,0,0,5,15,경상북도 울진군 기성면 척산길 67,경상북도 울진군청,054-788-6653,422,83,http://lib.uljin.go.kr,2024-07-25,5250000,경상북도 울진군
36.72761628,129.4421414,평해작은도서관,경상북도,울진군,작은도서관,월+국가지정공휴일,09:00,18:00,09:00,17:00,00:00,00:00,16,8078,0,0,5,15,경상북도 울진군 평해읍 평해7길 11,경상북도 울진군청,054-788-6654,628,129,http://lib.uljin.go.kr,2024-07-25,5250000,경상북도 울진군
36.72411072,129.345393,온정작은도서관,경상북도,울진군,작은도서관,월+국가지정공휴일,09:00,18:00,09:00,17:00,00:00,00:00,28,7468,0,0,5,15,경상북도 울진군 온정면 소태로 23,경상북도 울진군청,054-788-6659,448,116,http://lib.uljin.go.kr,2024-07-25,5250000,경상북도 울진군
37.1039886768,129.3731172304,흥부작은도서관,경상북도,울진군,작은도서관,월+국가지정공휴일,09:00,18:00,09:00,17:00,00:00,00:00,50,10539,0,196,5,15,경상북도 울진군 북면 부구4길 29-15,경상북도 울진군청,054-783-8446,,146.5,http://lib.uljin.go.kr,2024-07-25,5250000,경상북도 울진군
37.66109975,127.0650081,노원중앙도서관,서울특별시,노원구　,공공도서관,법정공휴일+첫째 주 월+셋째 주 월,08:00,23:00,08:00,23:00,08:00,23:00,847,179924,83,8102,7,14,서울특별시 노원구 노원로34길 43,노원문화재단,02-950-0050,2850,6526,www.nowonlib.kr,2024-07-24,3100000,서울특별시 노원구
37.65795085,127.0763791,노원어린이도서관,서울특별시,노원구　,공공도서관,법정공휴일+둘째 주 월+넷째 주 월,09:00,18:00,09:00,17:00,09:00,17:00,380,67579,25,5877,7,14,서울특별시 노원구 한글비석로 346(,노원문화재단,02-933-7145,1140,1361.88,www.nowonlib.kr,2024-07-24,3100000,서울특별시 노원구
36.5046345,127.2468694,종촌동도서관,세종특별자치시,없음,공공도서관,매주일요일+국가지정공휴일,09:00,22:00,09:00,18:00,00:00,00:00,196,58229,15,484,5,14,세종특별자치시 도움3로125,세종특별자치시,044-301-6462,8109,1281.47,https://lib.sejong.go.kr/jongchon/,2025-08-31,5690000,세종특별자치시
36.51972434,127.2365898,고운동도서관,세종특별자치시,없음,공공도서관,매주일요일+국가지정공휴일,09:00,22:00,09:00,18:00,00:00,00:00,219,48254,13,247,5,14,세종특별자치시 마음로284,세종특별자치시,044-301-6661,8057,1067.82,https://lib.sejong.go.kr/goun/,2025-08-31,5690000,세종특별자치시
37.5239744839,127.0227964323,신사동작은도서관,서울특별시,강남구,작은도서관,토+일요일+법정공휴일,10:00,17:00,00:00,00:00,00:00,00:00,6,7099,0,0,5,14,서울특별시 강남구 압구정로 128(신사동주민센터 5층),,02-3423-7334,,,https://library.gangnam.go.kr/small,2025-12-26,3220000,서울특별시 강남구
36.50497406,127.2353641,고운남측도서관,세종특별자치시,없음,공공도서관,매주토요일+국가지정공휴일,09:00,22:00,00:00,00:00,09:00,18:00,144,38055,12,368,5,14,세종특별자치시 마음로 64,세종특별자치시,044-301-7262,8243,1116.69,https://lib.sejong.go.kr/gounsouth/,2025-08-31,5690000,세종특별자치시
36.47858534,127.2908454,보람동도서관,세종특별자치시,없음,공공도서관,매주일요일+국가지정공휴일,09:00,22:00,09:00,18:00,00:00,00:00,150,57568,15,401,5,14,세종특별자치시 호려울로42,세종특별자치시,044-301-6761,11695,1055.48,https://lib.sejong.go.kr/boram/,2025-08-31,5690000,세종특별자치시
36.48511097,127.2518155,새롬동도서관,세종특별자치시,없음,공공도서관,매주일요일+국가지정공휴일,09:00,22:00,09:00,18:00,00:00,00:00,210,57114,17,45,5,14,세종특별자치시 새롬중앙로 44,세종특별자치시,044-301-6861,8086,1333.42,https://lib.sejong.go.kr/saerom/,2025-08-31,5690000,세종특별자치시
36.47096106,127.2792664,대평동도서관,세종특별자치시,없음,공공도서관,매주토요일+국가지정공휴일,09:00,22:00,00:00,00:00,09:00,18:00,230,48469,14,332,5,14,세종특별자치시 대평1길 10,세종특별자치시,044-301-6961,7895,1506.23,https://lib.sejong.go.kr/daepyung/,2025-08-31,5690000,세종특별자치시
36.48407359,127.3003683,소담동도서관,세종특별자치시,없음,공공도서관,매주일요일+국가지정공휴일,09:00,22:00,09:00,18:00,00:00,00:00,230,60639,10,1244,5,14,세종특별자치시 한누리대로 2023,세종특별자치시,044-301-7061,8196,2275.29,https://lib.sejong.go.kr/sodam/,2025-08-31,5690000,세종특별자치시
36.49411391,127.2502153,다정동도서관,세종특별자치시,없음,공공도서관,매주토요일+국가지정공휴일,09:00,22:00,00:00,00:00,09:00,18:00,218,48588,17,0,5,14,세종특별자치시 다정남3로10,세종특별자치시,044-301-7161,10763,1150.72,https://lib.sejong.go.kr/dajeong/,2025-08-31,5690000,세종특별자치시
35.23305786,128.5616938,회성동새마을문고,경상남도,창원시,작은도서관,토+일+국가지정 공휴일,14:00,18:00,10:00,14:00,00:00,00:00,10,10255,0,0,5,14,경상남도 창원시 마산회원구 북성로 327(회성동),새마을문고회성동분회,055-230-4936,,68.04,,2024-12-05,5670000,경상남도 창원시
35.23230004,128.586187,양덕1동새마을문고,경상남도,창원시,작은도서관,토+일+국가지정 공휴일,13:00,18:00,00:00,00:00,00:00,00:00,6,10676,0,0,5,24,경상남도 창원시 마산회원구 팔용로 25(양덕동),새마을문고양덕1동분회,055-255-0330,,36,,2024-12-05,5670000,경상남도 창원시
35.22917645,128.5839085,양덕2동새마을문고,경상남도,창원시,작은도서관,토+일+국가지정 공휴일,13:00,18:00,00:00,00:00,00:00,00:00,20,14382,0,0,5,14,경상남도 창원시 마산회원구 율림교로 3(양덕동),새마을문고양덕2동분회,055-294-5058,,90.4,,2024-12-05,5670000,경상남도 창원시
35.2390217,128.5867711,합성2동새마을문고,경상남도,창원시,작은도서관,일+국가지정 공휴일,13:00,18:00,00:00,00:00,00:00,00:00,32,11654,0,0,10,14,경상남도 창원시 마산회원구 합성남8길 46(합성동),새마을문고합성2동분회,055-299-1908,,64.9,,2024-12-05,5670000,경상남도 창원시
35.24976363,128.5928012,구암1동새마을문고,경상남도,창원시,작은도서관,토+일+국가지정 공휴일,14:00,18:00,13:00,17:00,00:00,00:00,15,10272,0,21,5,14,경상남도 창원시 마산회원구 구암서7길 9(구암동),새마을문고구암1동분회,055-255-8722,,165.11,,2024-12-05,5670000,경상남도 창원시
35.24901286,128.5984288,구암2동새마을문고,경상남도,창원시,작은도서관,토+일+국가지정 공휴일,13:00,18:00,00:00,00:00,00:00,00:00,12,12462,0,0,5,14,경상남도 창원시 마산회원구 구암남16길 12(구암동),새마을문고구암2동분회,055-251-2477,,68.04,,2024-12-05,5670000,경상남도 창원시
35.12923074,128.704756,대동다숲새마을문고,경상남도,창원시,작은도서관,토+일+국가지정 공휴일,13:00,17:00,00:00,00:00,00:00,00:00,21,9631,1,37,5,14,"경상남도 창원시 진해구 행암로 25(장천동, 진해 장천 대동 다숲아파트) 114동 1층",대동다숲새마을문고,070-7760-8893,,91.4,,2024-12-05,5670000,경상남도 창원시
35.1379688,128.7027353,우성아파트새마을문고,경상남도,창원시,작은도서관,일+국가지정 공휴일,13:00,17:00,00:00,00:00,00:00,00:00,21,12665,0,0,5,14,경상남도 창원시 진해구 충장로 575 우성아파트관리소,새마을문고풍호동분회,055-547-0331,,60,,2024-12-05,5670000,경상남도 창원시
35.13866072,128.7095025,한림리츠빌새마을문고,경상남도,창원시,작은도서관,토+일+국가지정 공휴일,13:00,17:00,10:00,13:00,00:00,00:00,20,10897,0,0,5,14,경상남도 창원시 진해구 풍호로 68 한림리츠빌관리소,한림리츠빌아파트부녀회,055-980-6413,,34.99,,2024-12-05,5670000,경상남도 창원시
35.14667949,126.8908378,월산4동작은도서관,광주광역시,남구,작은도서관,토+일+공휴일,09:00,21:00,00:00,00:00,00:00,00:00,30,2828,2,0,3,15,광주광역시 남구 대남대로390번길 11,광주광역시 남구청,062-607-4698,,219.45,,2024-12-06,3610000,광주광역시 남구
35.13656307,126.9154603,양지작은도서관,광주광역시,남구,작은도서관,일+공휴일,09:00,18:00,10:00,13:00,00:00,00:00,36,8052,0,0,3,14,광주광역시 남구 제중로 24-10,사회복지법인 양림,062-673-1919,,140,,2024-12-06,3610000,광주광역시 남구
35.1334029384,126.9000139125,푸른길작은도서관,광주광역시,남구,작은도서관,토+일+공휴일,09:00,17:00,00:00,00:00,00:00,00:00,13,4679,3,0,3,15,광주광역시 남구 대남대로223번길 5,광주광역시 남구청,070-7715-1010,,33,,2024-12-06,3610000,광주광역시 남구
35.14090962,126.8929894,월산5동작은도서관,광주광역시,남구,작은도서관,토+일+공휴일,09:00,17:00,00:00,00:00,00:00,00:00,10,5210,2,0,3,15,광주광역시 남구 군분로82번길 14,광주광역시 남구청,062-607-4723,,34,,2024-12-06,3610000,광주광역시 남구
35.09941963,126.8959145,노대장수작은도서관,광주광역시,남구,작은도서관,토+일+공휴일,08:30,17:30,00:00,00:00,00:00,00:00,68,5839,0,0,3,14,광주광역시 남구 덕남길 7,광주광역시사회서비스원빛고을건강타운,062-603-8940,,214.5,,2024-12-06,3610000,광주광역시 남구
35.14790588,126.9078967,문화예술작은도서관,광주광역시,남구,작은도서관,월+일+공휴일,10:00,18:00,10:00,17:00,00:00,00:00,38,6100,0,0,3,14,광주광역시 남구 천변좌로338번길 7,(재)광주광역시문화재단,062-670-7968,,248,,2024-12-06,3610000,광주광역시 남구
35.13193396,126.9227823,방림2동작은도서관,광주광역시,남구,작은도서관,토+일+공휴일,10:00,18:00,00:00,00:00,00:00,00:00,18,9773,0,0,3,14,광주광역시 남구 큰방림길 36,대한예수교장로회 방림교회,070-4179-0775,,179,,2024-12-06,3610000,광주광역시 남구
35.13247221,126.9167246,방젯골어린이작은도서관,광주광역시,남구,작은도서관,첫째주 화+셋째주 화+일+공휴일,09:00,18:00,09:00,13:30,00:00,00:00,25,4166,0,0,3,14,광주광역시 남구 용대로183번길 13,샘신용협동조합,062-671-8400,,55,,2024-12-06,3610000,광주광역시 남구
37.48154749,126.7411791,엘림작은도서관,인천광역시,부평구,작은도서관,일+월+수+목+금+법정공휴일,13:00,17:00,13:00,14:00,00:00,00:00,40,7417,1,65,5,14,인천광역시 부평구 항동로46번길 54(일신동),대한예수교장로회 엘림교회,032-513-9191,,46.4,http://cafe.daum.net/elimlibrary,2025-10-31,3540000,인천광역시 부평구
37.490433,126.726575,늘푸른도서관,인천광역시,부평구,작은도서관,일+월+법정공휴일,13:00,18:00,13:00,18:00,00:00,00:00,30,2508,5,0,5,14,인천광역시 부평구 경원대로1418번길 13(부평동),부평중부종합사회복지관,032-528-4020,,68.8,http://bjsocial.co.kr,2025-10-31,3540000,인천광역시 부평구
37.512637,126.707052,해오름작은도서관,인천광역시,부평구,작은도서관,일+월+법정공휴일,09:00,18:00,09:00,18:00,00:00,00:00,12,5481,7,15,5,14,인천광역시 부평구 세월천로 21(청천동),서현교회,032-207-5395,,38.01,,2025-10-31,3540000,인천광역시 부평구
37.51992711,126.748044,마을도서관,인천광역시,부평구,작은도서관,토+일+법정공휴일,09:00,18:00,00:00,00:00,00:00,00:00,30,3000,1,0,5,14,인천광역시 부평구 영성동로18번길 19(삼산동),부평구 삼산휴먼시아1단지,032-515-0063,,117.9,,2025-10-31,3540000,인천광역시 부평구
37.486154,126.7129067,하하작은도서관,인천광역시,부평구,작은도서관,월+일+법정공휴일,10:00,18:00,10:00,17:00,00:00,00:00,30,4237,5,40,5,14,인천광역시 부평구 동수북로50번길 13-1(부평동),부평시민교회,032-528-6581,,34.5,,2025-10-31,3540000,인천광역시 부평구
37.510818,126.706111,선일비전영어작은도서관,인천광역시,부평구,작은도서관,토+일+법정공휴일,13:00,18:00,00:00,00:00,00:00,00:00,16,3600,1,0,0,0,인천광역시 부평구 세월천로25번길 44(청천동),선일교회,032-513-6546,,44.55,,2025-10-31,3540000,인천광역시 부평구
37.2363945,127.2175356754,고림다온작은도서관,경기도,용인시,작은도서관,토+일+공휴일,09:00,18:00,00:00,00:00,00:00,00:00,27,1947,0,0,7,14,경기도 용인시 처인구 진덕로 7,경기도 용인시 처인구 고림동사무소,031-323-4009,,111.86,,2024-11-20,4050000,경기도 용인시
37.51074117,126.7257141,갈산밀알도서관,인천광역시,부평구,작은도서관,토+일+법정공휴일,10:00,16:00,00:00,00:00,00:00,00:00,30,9459,0,0,5,14,인천광역시 부평구 주부토로 173(갈산동),인천광역시 부평구 갈산2동행정복지센터,032-509-8434,,75.03,http://www.bppl.or.kr,2025-10-31,3540000,인천광역시 부평구
37.494259,126.7200663,글마루도서관,인천광역시,부평구,작은도서관,토+일+법정공휴일,10:00,18:00,00:00,00:00,00:00,00:00,60,13041,5,23,5,14,인천광역시 부평구 부평문화로37번길 1(부평동),인천광역시 부평구 부평1동행정복지센터,032-509-8628,,198,http://www.bppl.or.kr,2025-10-31,3540000,인천광역시 부평구
37.4880013,126.724491,동수작은도서관,인천광역시,부평구,작은도서관,토+일+법정공휴일,10:00,19:00,00:00,00:00,00:00,00:00,33,10340,0,92,5,14,인천광역시 부평구 동수북로166번길 20(부평동),인천광역시 부평구 부평6동행정복지센터,032-509-8355,,109.62,http://www.bppl.or.kr,2025-10-31,3540000,인천광역시 부평구
37.50525856,126.738012,민들레작은도서관,인천광역시,부평구,작은도서관,토+일+법정공휴일,10:00,18:00,00:00,00:00,00:00,00:00,30,11041,0,0,5,14,인천광역시 부평구 길주남로 143(부개동),부평구 부개주공1단지,070-4129-1739,,172.07,,2025-10-31,3540000,인천광역시 부평구
37.49579548,126.7048289,청개구리어린이도서관,인천광역시,부평구,작은도서관,토+일+월+법정공휴일,10:00,18:00,00:00,00:00,00:00,00:00,50,8979,7,0,5,14,인천광역시 부평구 화랑북로 15-3(산곡동),청개구리어린이도서관,032-521-2040,,100,,2025-10-31,3540000,인천광역시 부평구
37.522677,126.7385122,신나는여성주의도서관 랄라,인천광역시,부평구,작은도서관,토+일+월+법정공휴일,10:00,18:00,00:00,00:00,00:00,00:00,80,8273,5,0,5,14,인천광역시 부평구 후정동로 60(삼산동),인천여성회 부평지부,032-521-3763,,137.28,,2025-10-31,3540000,인천광역시 부평구
37.47695911,126.708486,춤추는달팽이도서관,인천광역시,부평구,작은도서관,토+일+법정공휴일,09:00,18:00,00:00,00:00,00:00,00:00,50,7681,3,200,5,14,인천광역시 부평구 경인로 749(십정동),춤추는달팽이도서관,032-526-5204,,117,,2025-10-31,3540000,인천광역시 부평구
37.47967346,126.7029085,동그라미도서관,인천광역시,부평구,작은도서관,토+일+법정공휴일,15:00,18:00,00:00,00:00,00:00,00:00,40,2000,0,0,5,14,인천광역시 부평구 이규보로 79(십정동),십정동 주공뜨란채아파트,032-330-0532,,45,,2025-10-31,3540000,인천광역시 부평구
37.47772017,126.7496127,옹달샘도서관,인천광역시,부평구,작은도서관,토+일+법정공휴일,14:00,18:00,00:00,00:00,00:00,00:00,45,10025,5,70,5,14,인천광역시 부평구 일신로 120(구산동),구산동 부평자이아파트,032-277-2262,,63,,2025-10-31,3540000,인천광역시 부평구
37.48684648,126.7303786,꿈땅도서관,인천광역시,부평구,작은도서관,일+월+법정공휴일,09:30,17:30,09:30,15:00,00:00,00:00,70,12482,7,445,5,14,인천광역시 부평구 경인로 996(부평동),동수감리교회,070-7878-6026,,152,,2025-10-31,3540000,인천광역시 부평구
37.48207762,126.7088104,청소년인문학도서관 두잉,인천광역시,부평구,작은도서관,월+일+법정공휴일,13:00,21:00,10:00,18:00,00:00,00:00,50,5420,8,164,5,14,인천광역시 부평구 마장로 35(십정동),사단법인 청소년인권복지센터 내일,070-4202-3669,,122.66,,2025-10-31,3540000,인천광역시 부평구
36.38644988,127.3480577,신성마을작은도서관,대전광역시,유성구,작은도서관,월+공휴일,10:00,17:00,10:00,17:00,00:00,00:00,40,20850,0,0,2,7,대전광역시 유성구 신성남로 27(신성동),신성마을 작은도서관 운영위원회,070-4200-6786,18362,181,http://small.u-library.kr,2025-07-15,3670000,대전광역시 유성구
36.35238021,127.3373491,희망마을작은도서관,대전광역시,유성구,작은도서관,월+공휴일,10:00,17:00,10:00,17:00,00:00,00:00,50,15500,0,0,5,7,대전광역시 유성구 유성대로 680번길 126(구암동),희망마을 작은도서관 운영위원회,070-8861-7279,400,334,http://small.u-library.kr,2025-07-15,3670000,대전광역시 유성구
36.41441732,127.3384512,자운마을작은도서관,대전광역시,유성구,작은도서관,월+공휴일,10:00,17:00,10:00,17:00,00:00,00:00,25,14928,0,0,3,7,대전광역시 유성구 자운로 97번길 470(신봉동),자운마을 작은도서관 운영위원회,070-7799-5678,,99,http://small.u-library.kr,2025-07-15,3670000,대전광역시 유성구
36.35985367,127.3408353,온천마을작은도서관,대전광역시,유성구,작은도서관,월+공휴일,10:00,17:00,10:00,17:00,00:00,00:00,40,20358,0,0,2,7,대전광역시 유성구 문화원로 46(장대동),온천마을 작은도서관 운영위원회,042-823-3918,,196,http://small.u-library.kr,2025-07-15,3670000,대전광역시 유성구
35.0572872,128.3726389,고성동부도서관,경상남도,고성군,공공도서관,월+국가지정 공휴일,09:00,22:00,09:00,17:00,09:00,17:00,60,40071,4,1112,3,14,경상남도 고성군 회화면 관인로44번길 26-5,경상남도 고성군,055-670-2916,1134,997.29,https://www.goseong.go.kr/gslib/index.goseong,2025-07-11,5420000,경상남도 고성군
34.9920653,128.404247,책사랑작은도서관,경상남도,고성군,공공도서관,일+월+국가지정 공휴일,09:00,21:00,09:00,18:00,00:00,00:00,50,19582,5,0,5,14,경상남도 고성군 거류면 당동3길 11,책사랑작은도서관회,055-672-2055,850,414.04,,2025-07-11,5420000,경상남도 고성군
35.14438692,129.105318,수영구도서관,부산광역시,수영구,공공도서관,월+국가지정공휴일,09:00,22:00,09:00,18:00,09:00,17:00,532,146685,70,9704,5,14,부산광역시 수영구 남천서로 33,부산광역시 수영구청,051-610-3993,,4290.38,http://www.suyeong.go.kr/library/index.suyeong,2025-06-21,3380000,부산광역시 수영구
35.1734151,129.104916,망미도서관,부산광역시,수영구,공공도서관,월+국가지정공휴일,09:00,22:00,09:00,18:00,09:00,17:00,150,86931,111,0,5,14,부산광역시 수영구 연수로 315번길 23,부산광역시 수영구청,051-610-4709,,930,http://www.suyeong.go.kr/library/index.suyeong,2025-06-21,3380000,부산광역시 수영구
35.15974715,129.1049944,수영구어린이도서관,부산광역시,수영구,공공도서관,월+국가지정공휴일,09:00,18:00,09:00,18:00,09:00,17:00,125,34796,18,0,5,14,부산광역시 수영구 장대골로 75-6,부산광역시 수영구청,051-610-3891,,952.54,http://www.suyeong.go.kr/library/index.suyeong,2025-06-21,3380000,부산광역시 수영구
37.63005097,127.017543,수유문화정보도서관,서울특별시,강북구,공공도서관,매월첫째셋째월요일+정부지정공휴일,07:00,22:00,07:00,22:00,00:00,00:00,194,40165,18,0,5,14,서울특별시 강북구 삼양로 299 (수유동),서울특별시강북구도시관리공단,02-944-3170,990,951,http://www.gblib.or.kr/suyu/index.do,2025-11-26,3080000,서울특별시 강북구
37.627063,127.026981,미아문화정보도서관,서울특별시,강북구,공공도서관,매월둘째넷째월요일+정부지정공휴일,07:00,22:00,07:00,22:00,00:00,00:00,191,44199,30,0,5,14,서울특별시 강북구 솔매로49길 14 (미아동),서울특별시강북구도시관리공단,02-944-3180,1987,751,http://www.gblib.or.kr/mia/index.do,2025-11-26,3080000,서울특별시 강북구
37.61514813,127.0207409,삼각산어린이도서관,서울특별시,강북구,공공도서관,매월둘째넷째월요일+정부지정공휴일,09:00,18:00,09:00,17:00,00:00,00:00,180,30675,5,717,5,14,서울특별시 강북구 삼양로19길 34 (미아동),서울특별시강북구도시관리공단,02-944-3190,1500,995,http://www.gblib.or.kr/kids/index.do,2025-11-26,3080000,서울특별시 강북구
37.49589179,127.0464763,역삼2동작은도서관,서울특별시,강남구,작은도서관,일요일+법정공휴일,09:00,18:00,09:00,17:00,00:00,00:00,18,14214,0,0,5,14,서울특별시 강남구 언주로 314(강남프라자 2층)역삼동 761-18,,02-567-0930,,,https://library.gangnam.go.kr/ys2lib/index.do,2025-12-26,3220000,서울특별시 강남구
37.491051,126.7395091,부개도서관,인천광역시,부평구,공공도서관,일+월+법정공휴일,09:00,22:00,09:00,18:00,00:00,00:00,227,77534,37,6217,5,14,인천광역시 부평구 부일로83번길 46(부개동),(재)인천광역시부평구문화재단,032-505-0062,3130.4,1450.47,https://www.bppl.or.kr,2025-10-31,3540000,인천광역시 부평구
37.522166,126.743035,삼산도서관,인천광역시,부평구,공공도서관,일+월+법정공휴일,09:00,22:00,09:00,18:00,00:00,00:00,204,81156,54,2323,5,14,인천광역시 부평구 부평북로 445(삼산동),(재)인천광역시부평구문화재단,032-330-7012,1048.4,1592.1,https://www.bppl.or.kr,2025-10-31,3540000,인천광역시 부평구
37.50344695,126.7401943,부평기적의도서관,인천광역시,부평구,공공도서관,일+월+법정공휴일,09:00,18:00,09:00,18:00,00:00,00:00,120,55857,17,1113,5,14,인천광역시 부평구 길주남로 166(부개동),(재)인천광역시부평구문화재단,032-505-0612,1300.1,926.21,https://www.bppl.or.kr,2025-10-31,3540000,인천광역시 부평구
37.5058741,126.714391,청천도서관,인천광역시,부평구,공공도서관,일+월+법정공휴일,09:00,22:00,09:00,18:00,00:00,00:00,149,68573,27,1773,5,14,인천광역시 부평구 원길로 23(청천동),(재)인천광역시부평구문화재단,032-330-9171,760,1083.02,https://www.bppl.or.kr,2025-10-31,3540000,인천광역시 부평구
37.517563,126.7271369,갈산도서관,인천광역시,부평구,공공도서관,일+월+법정공휴일,09:00,18:00,09:00,18:00,00:00,00:00,92,30708,20,0,5,14,인천광역시 부평구 주부토로 254(갈산동),(재)인천광역시부평구문화재단,032-362-0261,1530,475.2,https://www.bppl.or.kr,2025-10-31,3540000,인천광역시 부평구
37.48552079,126.737024,부개어린이도서관,인천광역시,부평구,공공도서관,일+월+법정공휴일,09:00,18:00,09:00,18:00,00:00,00:00,70,24895,10,0,5,14,인천광역시 부평구 동수로 166(부개동),(재)인천광역시부평구문화재단,032-505-1131,319.4,365.36,https://www.bppl.or.kr,2025-10-31,3540000,인천광역시 부평구
37.50174046,126.711437,꿈나무작은도서관,인천광역시,부평구,작은도서관,토+일+법정공휴일,10:00,18:00,00:00,00:00,00:00,00:00,42,11034,0,0,5,14,인천광역시 부평구 부흥로173번길 68(산곡동),인천광역시 부평구 산곡4동행정복지센터,032-509-8393,,164.52,http://www.bppl.or.kr,2025-10-31,3540000,인천광역시 부평구
37.473805,126.707884,샘터도서관,인천광역시,부평구,작은도서관,토+일+법정공휴일,10:00,18:00,00:00,00:00,00:00,00:00,9,7687,0,0,5,14,인천광역시 부평구 동암산로33번길 6-7(십정동),인천광역시 부평구 십정2동행정복지센터,032-509-8620,,164.46,http://www.bppl.or.kr,2025-10-31,3540000,인천광역시 부평구
37.482228,126.7145029,희망천작은도서관,인천광역시,부평구,작은도서관,토+일+법정공휴일,10:00,18:00,00:00,00:00,00:00,00:00,26,13667,0,0,5,14,인천광역시 부평구 경인로834번길 8(부평동),인천광역시 부평구 부평2동행정복지센터,032-509-8623,,133.92,http://www.bppl.or.kr,2025-10-31,3540000,인천광역시 부평구
37.744726,127.069132,의정부과학도서관,경기도,의정부시,공공도서관,매주월요일+법정공휴일(일요일 제외),09:00,21:00,09:00,18:00,09:00,18:00,270,175174,18,30859,10,21,경기도 의정부시 추동로 124번길 52,경기도 의정부시청 도서관과,031-828-8670,9455,6951,http://www.uilib.go.kr,2025-06-30,3820000,경기도 의정부시
37.74514473,127.1061267,의정부미술도서관,경기도,의정부시,공공도서관,매주월요일+법정공휴일,10:00,21:00,10:00,18:00,10:00,18:00,350,56578,12,440,10,21,경기도 의정부시 민락로 248,경기도 의정부시청 도서관과,031-828-8870,2645,6565.2,http://www.uilib.go.kr,2025-06-30,3820000,경기도 의정부시
37.72846446,127.0537736,의정부음악도서관,경기도,의정부시,공공도서관,매주월요일+법정공휴일(일요일 제외),10:00,21:00,10:00,18:00,10:00,18:00,243,13216,19,16382,10,21,경기도 의정부시 장곡로 280,경기도 의정부시청 도서관과,031-828-4850,10368.2,1691.27,http://www.uilib.go.kr/music,2025-06-30,3820000,경기도 의정부시
37.72654382,127.0426296,의정부영어도서관,경기도,의정부시,공공도서관,매주월요일+법정공휴일(일요일 제외),10:00,20:00,10:00,18:00,09:00,18:00,139,57787,11,1402,10,21,경기도 의정부시 회룡로 79,경기도 의정부시청 도서관과,031-828-8710,1978,2185,http://www.uilib.go.kr,2025-06-30,3820000,경기도 의정부시
37.748365,127.0442207,의정부가재울도서관,경기도,의정부시,공공도서관,매주토요일+매주일요일+법정공휴일,08:00,20:00,00:00,00:00,00:00,00:00,200,32111,10,0,10,21,경기도 의정부시 평화로 633,경기도 의정부시청 도서관과,031-828-8660,1094,964,http://www.uilib.go.kr,2025-06-30,3820000,경기도 의정부시
37.7505976,127.0386467,가능동 작은도서관,경기도,의정부시,작은도서관,매주토요일+매주일요일+법정공휴일,09:00,18:00,00:00,00:00,00:00,00:00,36,9858,0,0,10,21,경기도 의정부시 신촌로 35 (가능동),경기도 의정부시청 도서관과,031-870-7068,1670,132.14,http://www.uilib.go.kr,2025-06-30,3820000,경기도 의정부시
37.7601165,127.032306,녹양동 작은도서관,경기도,의정부시,작은도서관,매주토요일+매주일요일+법정공휴일,09:00,18:00,00:00,00:00,00:00,00:00,36,7047,0,0,10,21,경기도 의정부시 진등로 21 (녹양동),경기도 의정부시청 도서관과,031-870-7110,771,88,http://www.uilib.go.kr,2025-06-30,3820000,경기도 의정부시
37.7311527,127.0868172,송산1동 작은도서관,경기도,의정부시,작은도서관,매주토요일+매주일요일+법정공휴일,09:00,18:00,00:00,00:00,00:00,00:00,36,7838,0,0,10,21,경기도 의정부시 민락로 13 (용현동),경기도 의정부시청 도서관과,031-870-7826,1592,129.6,http://www.uilib.go.kr,2025-06-30,3820000,경기도 의정부시
37.7397446,127.0900012,송산2동 작은도서관,경기도,의정부시,작은도서관,매주토요일+매주일요일+법정공휴일,09:00,18:00,00:00,00:00,00:00,00:00,12,14033,0,0,10,21,경기도 의정부시 용민로 115 (민락동),경기도 의정부시청 도서관과,031-870-7711,750,73.7,http://www.uilib.go.kr,2025-06-30,3820000,경기도 의정부시
37.75318982,127.1137733,송산3동 작은도서관,경기도,의정부시,작은도서관,매주토요일+매주일요일+법정공휴일,09:00,18:00,00:00,00:00,00:00,00:00,33,8558,0,0,10,21,경기도 의정부시 민락로 360 (낙양동),경기도 의정부시청 도서관과,031-870-7656,3321.2,248.51,http://www.uilib.go.kr,2025-06-30,3820000,경기도 의정부시
37.7436643,127.0579238,신곡2동 작은도서관,경기도,의정부시,작은도서관,매주토요일+매주일요일+법정공휴일,09:00,18:00,00:00,00:00,00:00,00:00,40,12300,0,0,10,21,경기도 의정부시 추동로23번길 7 (신곡동),경기도 의정부시청 도서관과,031-870-7619,1300.3,119.18,http://www.uilib.go.kr,2025-06-30,3820000,경기도 의정부시
37.73275915,127.048936,의정부1동 작은도서관,경기도,의정부시,작은도서관,매주토요일+매주일요일+법정공휴일,09:00,18:00,00:00,00:00,00:00,00:00,36,6893,0,0,10,21,경기도 의정부시 경의로120 (의정부동),경기도 의정부시청 도서관과,031-870-6997,1270,263,http://www.uilib.go.kr,2025-06-30,3820000,경기도 의정부시
34.70349111,125.9539509,도초작은도서관,전라남도,신안군,작은도서관,"일,월,공휴일",09:00,18:00,09:00,18:00,00:00,00:00,0,7648,7,0,5,14,전라남도 신안군 도초면 서남문로 1521-20,전라남도 신안군 도초면사무소,061-240-8677,1081,148,,2025-11-24,5010000,전라남도 신안군
37.23743366,127.0625894,달빛나래어린이도서관,경기도,화성시,어린이도서관,"매월 첫 번째, 세 번째 월요일, 일요일을 제외한 법정공휴일, 재단창립기념일",09:00,18:00,09:00,18:00,09:00,18:00,100,24289,27,0,7,14,경기도 화성시 병점구 영통로60번길 15 (반월동),화성시문화관광재단,031-273-8878,10222,729,www.hscitylib.or.kr,2026-02-01,5530000,경기도 화성시
37.20925484,127.056105,두빛나래어린이도서관,경기도,화성시,어린이도서관,"매월 두 번째, 네 번째 월요일, 일요일을 제외한 법정공휴일, 재단창립기념일",09:00,18:00,09:00,18:00,09:00,18:00,142,72335,42,2197,7,14,경기도 화성시 동탄구 동탄숲속로 69-14 (능동),화성시문화관광재단,031-8003-0748,13593,1628,www.hscitylib.or.kr,2026-02-01,5530000,경기도 화성시
37.12917664,126.9247654,둥지나래어린이도서관,경기도,화성시,어린이도서관,"매월 첫 번째, 세 번째 월요일, 일요일을 제외한 법정공휴일, 재단창립기념일",09:00,18:00,09:00,18:00,09:00,18:00,78,79310,46,2084,7,14,경기도 화성시 만세구 향남읍 행정중앙2로 88,화성시문화관광재단,031-353-8162,47003,1619,www.hscitylib.or.kr,2026-02-01,5530000,경기도 화성시
35.057174,126.205546,지도작은도서관,전라남도,신안군,작은도서관,"토,일,공휴일",09:00,18:00,00:00,00:00,00:00,00:00,0,7748,0,0,5,14,전라남도 신안군 지도증도로 9-1,전라남도 신안군 지도읍사무소,061-240-3426,4788,1051,,2025-11-24,5010000,전라남도 신안군
34.684118,125.4426134,흑산자산문화도서관,전라남도,신안군,공공도서관,"월,공휴일",09:00,18:00,09:00,18:00,09:00,18:00,0,8031,0,0,5,14,전라남도 신안군 흑산면 흑산일주로 5,전라남도 신안군 흑산면사무소,061-240-8890,1455,753,,2025-11-24,5010000,전라남도 신안군
34.862602,126.3177669,신안군립도서관,전라남도,신안군,공공도서관,"월,공휴일",09:00,18:00,09:30,17:00,09:30,17:00,0,44643,68,597,5,14,전라남도 신안군 압해읍 압해로 825,전라남도 신안군청,061-240-4070,2717,1116,http://www.shinan.go.kr/home/library,2025-11-24,5010000,전라남도 신안군
36.856571,127.438673,진천군립도서관,충청북도,진천군,공공도서관,월+법정공휴일,09:00,22:00,09:00,18:00,09:00,18:00,372,108145,37,8718,5,10,충청북도 진천군 진천읍 포석길 37-6,충청북도 진천군청 평생학습센터,043-539-7733,33380,6110,http://lib.jincheon.go.kr,2025-11-25,4450000,충청북도 진천군
36.994458,127.435839,진천군립광혜원도서관,충청북도,진천군,공공도서관,월+법정공휴일,09:00,22:00,09:00,18:00,09:00,18:00,100,73658,40,0,5,10,충청북도 진천군 광혜원면 화랑길 72,충청북도 진천군청 평생학습센터,043-539-7766,6288,1629,http://lib.jincheon.go.kr,2025-11-25,4450000,충청북도 진천군
36.899019,127.527464,생거진천혁신도시도서관,충청북도,진천군,공공도서관,월+법정공휴일,09:00,22:00,09:00,18:00,09:00,18:00,120,72104,40,0,5,10,충청북도 진천군 덕산읍 대하로 52,충청북도 진천군청 평생학습센터,043-539-7790,7536,1492,http://lib.jincheon.go.kr,2025-11-25,4450000,충청북도 진천군
37.625174,127.0360816,강북문화정보도서관,서울특별시,강북구,공공도서관,매월둘째넷째월요일+정부지정공휴일,07:00,22:00,07:00,22:00,00:00,00:00,466,227001,59,22413,5,14,서울특별시 강북구 오현로 145 (번동),서울특별시강북구도시관리공단,02-944-3100,8002,5574,http://www.gblib.or.kr/gangbuk/index.do,2025-11-26,3080000,서울특별시 강북구
37.62308028,127.0215541,강북청소년문화정보도서관,서울특별시,강북구,공공도서관,매월둘째넷째월요일+정부지정공휴일,07:00,22:00,07:00,22:00,00:00,00:00,164,47528,29,153,5,14,서울특별시 강북구 삼양로54길 68 (미아동),서울특별시강북구도시관리공단,02-944-3140,692,1777,http://www.gblib.or.kr/youth/index.do,2025-11-26,3080000,서울특별시 강북구
37.62047594,127.012452,솔샘문화정보도서관,서울특별시,강북구,공공도서관,매월첫째셋째월요일+정부지정공휴일,07:00,22:00,07:00,22:00,00:00,00:00,194,52296,38,2423,5,14,서울특별시 강북구 솔샘로 177 (미아동),서울특별시강북구도시관리공단,02-944-3150,1019,944,http://www.gblib.or.kr/solsem/index.do,2025-11-26,3080000,서울특별시 강북구
37.618342,127.0299392,송중문화정보도서관,서울특별시,강북구,공공도서관,매월첫째셋째월요일+정부지정공휴일,07:00,22:00,07:00,22:00,00:00,00:00,83,25844,14,0,5,14,서울특별시 강북구 도봉로20나길 6 (미아동),서울특별시강북구도시관리공단,02-944-3160,485,511,http://www.gblib.or.kr/songjung/index.do,2025-11-26,3080000,서울특별시 강북구
38.113159,128.630442,노아의작은도서관,강원특별자치도,양양군,작은도서관,토+일+공휴일,10:00,16:00,00:00,00:00,00:00,00:00,12,1291,0,0,0,0,강원특별자치도 양양군 양양읍 동해대로 3029-6,노아의작은도서관,033-671-2443,,62,,2024-11-26,4351000,강원특별자치도 양양군
38.144233,128.563059,복골작은도서관,강원특별자치도,양양군,작은도서관,토+일+공휴일,10:00,16:00,00:00,00:00,00:00,00:00,20,2500,2,0,0,0,강원특별자치도 양양군 강현면 복골길 243,복골작은도서관,033-671-5626,,132,,2024-11-26,4351000,강원특별자치도 양양군
38.082415,128.588924,거말작은도서관,강원특별자치도,양양군,작은도서관,토+일+공휴일,10:00,16:00,00:00,00:00,00:00,00:00,40,2300,3,0,0,0,강원특별자치도 양양군 양양읍 단지길 40,거말작은도서관,033-671-4710,,94,,2024-11-26,4351000,강원특별자치도 양양군
38.077158,128.619810,양양감리교회작은도서관,강원특별자치도,양양군,작은도서관,토+일+공휴일,10:00,16:00,00:00,00:00,00:00,00:00,20,1850,3,0,0,0,강원특별자치도 양양군 양양읍 구성사잇길 9,양양감리교회작은도서관,033-671-8961,,35,,2024-11-26,4351000,강원특별자치도 양양군
37.3046115,127.081122,상현1동작은도서관,경기도,용인시,작은도서관,토+일+공휴일,09:00,17:00,00:00,00:00,00:00,00:00,25,17962,0,0,7,14,경기도 용인시 수지구 상현로 71,경기도 용인시 수지구 상현1동사무소,031-262-3910,,165.29,,2024-11-20,4050000,경기도 용인시
37.2985099,127.0808422,상현2동작은도서관,경기도,용인시,작은도서관,토+일+공휴일,13:00,17:00,00:00,00:00,00:00,00:00,32,7518,0,0,7,14,"경기도 용인시 수지구 광교호수로386번길 6, 1층",경기도 용인시 수지구 상현2동사무소,031-212-4142,,254,,2024-11-20,4050000,경기도 용인시
37.1928164,127.207914,이동천리작은도서관,경기도,용인시,작은도서관,토+일+공휴일,13:00,18:00,00:00,00:00,00:00,00:00,33,8135,0,0,7,14,"경기도 용인시 처인구 이동읍 백옥대로624번길 9, 4층",경기도 용인시 처인구 이동면사무소,031-339-0334,,212,,2024-11-20,4050000,경기도 용인시
37.683315,127.491015,가평군 설악도서관,경기도,가평군,공공도서관,1월 1일+설 연휴+대통령 선거일+추석연휴,07:00,23:59,07:00,23:59,07:00,23:59,97,68862,42,1615,7,14,경기도 가평군 설악면 자잠로 65 가평설악도서관,경기도 가평군,031-580-4313,3693,1470,www.gaplib.go.kr,2025-05-30,4160000,경기도 가평군
37.739591,127.424230,가평군 청평도서관,경기도,가평군,공공도서관,1월 1일+설 연휴+대통령 선거일+추석연휴,07:00,23:59,07:00,23:59,07:00,23:59,110,79496,39,1452,7,14,경기도 가평군 청평면 은고개로 31,경기도 가평군,031-580-4332,4500,2486,www.gaplib.go.kr,2025-05-30,4160000,경기도 가평군
37.818290,127.352981,가평군 조종도서관,경기도,가평군,공공도서관,1월 1일+설 연휴+대통령 선거일+추석연휴,07:00,23:59,07:00,23:59,07:00,23:59,72,76583,40,1999,7,14,경기도 가평군 조종면 조종희망로 26번길22,경기도 가평군,031-580-4303,2692,1502,www.gaplib.go.kr,2025-05-30,4160000,경기도 가평군
36.83458255,127.1346155,두정도서관,충청남도,천안시,공공도서관,첫째 주 월+셋째 주 월+국가지정공휴일,08:00,22:00,08:00,22:00,08:00,22:00,148,220178,105,2007,10,14,충청남도 천안시 서북구 부성3길 9,충청남도 천안시청,041-521-3733,16325,6663,http://www.cheonan.go.kr/lib.do,2025-11-27,4490000,충청남도 천안시
36.77441534,127.1307313,신방도서관,충청남도,천안시,공공도서관,둘째 주 월+넷째 주 월+국가지정공휴일,08:00,22:00,08:00,22:00,08:00,22:00,808,121606,80,1678,10,14,충청남도 천안시 동남구 통정4로 7,충청남도 천안시청,041-521-3724,12252,5390,http://www.cheonan.go.kr/lib.do,2025-11-27,4490000,충청남도 천안시
36.78946178,127.1563569,청수도서관,충청남도,천안시,공공도서관,첫째 주 월+셋째 주 월+국가지정공휴일,08:00,22:00,08:00,22:00,08:00,22:00,780,101671,70,878,10,14,충청남도 천안시 동남구 청수 16로 5-10,충청남도 천안시청,041-521-3725,3219,6263,http://www.cheonan.go.kr/lib.do,2025-11-27,4490000,충청남도 천안시
36.87887862,127.1501874,직산도서관,충청남도,천안시,공공도서관,첫째 주 월+셋째 주 월+국가지정공휴일,09:00,20:00,09:00,20:00,08:00,22:00,272,17134,43,0,10,14,충청남도 천안시 서북구 직산읍 삼은4길 12,충청남도 천안시청,041-521-3736,4411,2112,http://www.cheonan.go.kr/lib.do,2025-11-27,4490000,충청남도 천안시
36.80016444,127.1581554,원성2동작은도서관,충청남도,천안시,작은도서관,월+일요일+국가지정공휴일,10:00,18:00,10:00,18:00,00:00,00:00,12,9605,5,0,10,14,충청남도 천안시 동남구 원거리8길 43,충청남도 천안시청,041-521-3229,116,116,http://www.cheonan.go.kr/lib.do,2025-11-27,4490000,충청남도 천안시
36.80454611,127.149649,중앙동작은도서관,충청남도,천안시,작은도서관,월+일요일+국가지정공휴일,10:00,18:00,10:00,18:00,00:00,00:00,40,35534,5,0,10,14,충청남도 천안시 동남구 영성로 69-1,충청남도 천안시청,041-566-2639,187,187,http://www.cheonan.go.kr/lib.do,2025-11-27,4490000,충청남도 천안시
36.79912421,127.1353607,일봉동작은도서관,충청남도,천안시,작은도서관,월+일요일+국가지정공휴일,10:00,18:00,10:00,18:00,00:00,00:00,6,12040,6,0,10,14,충청남도 천안시 동남구 차돌고개4길 18,충청남도 천안시청,041-573-3353,48,48,http://www.cheonan.go.kr/lib.do,2025-11-27,4490000,충청남도 천안시
36.7433553,127.233142,성남면작은도서관,충청남도,천안시,작은도서관,월+일요일+국가지정공휴일,10:00,18:00,10:00,18:00,00:00,00:00,12,8349,5,0,10,14,충청남도 천안시 동남구 성남면 신사대화로 115,충청남도 천안시청,041-622-6665,33,33,http://www.cheonan.go.kr/lib.do,2025-11-27,4490000,충청남도 천안시
36.72182167,127.1187681,풍세면작은도서관,충청남도,천안시,작은도서관,월+일요일+국가지정공휴일,10:00,18:00,10:00,18:00,00:00,00:00,12,7382,5,0,10,14,충청남도 천안시 동남구 풍세면 상정1길 3,충청남도 천안시청,041-554-5201,100,100,http://www.cheonan.go.kr/lib.do,2025-11-27,4490000,충청남도 천안시
36.69497428,127.1105853,광덕작은도서관,충청남도,천안시,작은도서관,토+일요일+국가지정공휴일,08:30,16:30,00:00,00:00,00:00,00:00,24,7116,4,0,10,14,충청남도 천안시 동남구 광덕면 신흥리3길 76,충청남도 천안시청,041-522-0333,165,165,http://www.cheonan.go.kr/lib.do,2025-11-27,4490000,충청남도 천안시
36.81746009,127.1601768,신안동작은도서관,충청남도,천안시,작은도서관,월+일요일+국가지정공휴일,10:00,18:00,10:00,18:00,00:00,00:00,18,10079,5,0,10,14,충청남도 천안시 동남구 신부3길 16-6,충청남도 천안시청,041-564-3020,56,56,http://www.cheonan.go.kr/lib.do,2025-11-27,4490000,충청남도 천안시
36.82144008,127.1457655,천안축구센터작은도서관,충청남도,천안시,작은도서관,월+일요일+국가지정공휴일,10:00,18:00,10:00,18:00,00:00,00:00,18,12795,6,0,10,14,충청남도 천안시 서북구 축구센터로 150,충청남도 천안시청,041-577-8270,108,108,http://www.cheonan.go.kr/lib.do,2025-11-27,4490000,충청남도 천안시
36.8150359,127.1428691,성정1동작은도서관,충청남도,천안시,작은도서관,월+일요일+국가지정공휴일,10:00,18:00,10:00,18:00,00:00,00:00,18,12986,5,935,10,14,충청남도 천안시 서북구 선영8길 7,충청남도 천안시청,041-579-5783,215,215,http://www.cheonan.go.kr/lib.do,2025-11-27,4490000,충청남도 천안시
36.7879123613,127.235722581,목천느티나무작은도서관,충청남도,천안시,작은도서관,토+일요일+국가지정공휴일,08:30,16:30,00:00,00:00,00:00,00:00,40,6808,4,0,10,14,충청남도 천안시 동남구 목천읍 서리2길 31,충청남도 천안시청,041-522-8018,180,180,http://www.cheonan.go.kr/lib.do,2025-11-27,4490000,충청남도 천안시
36.8273821,127.2736819,북면바로내작은도서관,충청남도,천안시,작은도서관,월+일요일+국가지정공휴일,10:00,18:00,10:00,18:00,00:00,00:00,16,5892,5,0,10,14,충청남도 천안시 동남구 북면 위례성로 724-3,충청남도 천안시청,041-557-2332,58.41,58.41,http://www.cheonan.go.kr/lib.do,2025-11-27,4490000,충청남도 천안시
37.50305083,127.0768362,소나무언덕잠실본동도서관,서울특별시,송파구,공공도서관,매주 월+국가지정공휴일,09:00,18:00,09:00,18:00,09:00,18:00,105,29640,8,515,5,14,서울특별시 송파구 탄천동로 205 (잠실동),서울특별시 송파구청,02-412-0750,510,510,http://www.splib.or.kr,2023-12-05,3230000,서울특별시 송파구
37.5223926,127.102983,송파어린이영어도서관,서울특별시,송파구,공공도서관,매주 월+국가지정공휴일,09:00,18:00,09:00,18:00,09:00,18:00,80,32805,7,859,5,14,서울특별시 송파구 오금로 1 (신천동),서울특별시 송파구청,02-415-3567,772,772,http://www.splib.or.kr,2023-12-05,3230000,서울특별시 송파구
37.50356461,127.1036855,돌마리도서관,서울특별시,송파구,공공도서관,매주 월+국가지정공휴일,09:00,22:00,09:00,18:00,09:00,18:00,53,26666,16,0,5,14,서울특별시 송파구 백제고분로37길 16 (석촌동),서울특별시 송파구청,02-414-7007,265,265,http://www.splib.or.kr,2023-12-05,3230000,서울특별시 송파구
37.48116665,127.143936,송파위례도서관,서울특별시,송파구,공공도서관,매주 월+국가지정공휴일,09:00,22:00,09:00,20:00,09:00,20:00,140,53821,29,106,5,14,서울특별시 송파구 위례광장로 210 (장지동),서울특별시 송파구청,02-402-3003,914,914,http://www.splib.or.kr,2023-12-05,3230000,서울특별시 송파구
37.3168159756,127.0634834888,성복도서관,경기도,용인시,공공도서관,둘째 주 월+넷째 주 월+공휴일,09:00,22:00,09:00,17:00,00:00,00:00,169,55497,80,0,7,14,경기도 용인시 수지구 성복1로164번길 6,경기도 용인시청,031-6193-1700,10628,2592,https://lib.yongin.go.kr/,2024-11-20,4050000,경기도 용인시
37.3301406438,127.0901124840,동천도서관,경기도,용인시,공공도서관,첫째 주 월+셋째 주 월+공휴일,09:00,22:00,09:00,17:00,00:00,00:00,258,31472,102,0,7,14,경기도 용인시 수지구 수풍로57-14,경기도 용인시청,031-6193-1720,4083,3780,https://lib.yongin.go.kr/,2024-11-20,4050000,경기도 용인시
37.33401684,127.0960404,느티나무도서관,경기도,용인시,공공도서관,월+목+공휴일,10:00,21:00,10:00,21:00,00:00,00:00,260,56103,53,4607,99,14,경기도 용인시 수지구 수풍로116번길 22,느티나무재단,031-262-3494,544,1085,www.neutinamu.org,2024-11-20,4050000,경기도 용인시
37.1137577,127.1505799,남사맑은누리작은도서관,경기도,용인시,작은도서관,토+일+공휴일,13:00,18:00,00:00,00:00,00:00,00:00,34,9001,0,0,7,14,"경기도 용인시 처인구 남사면 내기로 6, 복지회관 2층",경기도 용인시 처인구 남사면사무소,031-339-3605,,96,,2024-11-20,4050000,경기도 용인시
37.1638408,127.3751115,백암면작은도서관,경기도,용인시,작은도서관,토+일+공휴일,09:00,18:00,00:00,00:00,00:00,00:00,34,11815,0,0,7,14,"경기도 용인시 처인구 백암면 백암로 191-1, 1층",경기도 용인시 처인구 백암면사무소,031-334-0094,,192,,2024-11-20,4050000,경기도 용인시
36.79442387,127.0548432,탕정온샘도서관,충청남도,아산시,공공도서관,월+국가지정공휴일,09:00,20:00,09:00,18:00,00:00,00:00,243,82968,22,1709,10,14,충청남도 아산시 탕정면 한내로 209,충청남도 아산시,041-536-8747,83840,2291,http://ascl.asan.go.kr,2025-04-30,4520000,충청남도 아산시
36.7940409,127.0023214,꿈샘어린이청소년도서관,충청남도,아산시,공공도서관,월+국가지정공휴일,09:00,22:00,09:00,18:00,00:00,00:00,270,106021,24,164,10,14,충청남도 아산시 시민로 500,충청남도 아산시,041-530-6722,71952,1815,http://ascl.asan.go.kr,2025-04-30,4520000,충청남도 아산시
36.843660,127.0687156795,음봉어울샘도서관,충청남도,아산시,공공도서관,월+국가지정공휴일,09:00,22:00,09:00,18:00,00:00,00:00,167,27195,25,0,10,14,충청남도 아산시 음봉면 음봉로 515-36,충청남도 아산시,041-530-6450,2072.6,4593.7,http://ascl.asan.go.kr,2025-04-30,4520000,충청남도 아산시
36.92643394,127.0409036,둔포도서관,충청남도,아산시,공공도서관,월+국가지정공휴일,09:00,22:00,09:00,18:00,00:00,00:00,63,96205,15,411,10,14,충청남도 아산시 둔포면 둔포중앙로 161번길 27-6,충청남도 아산시,041-536-8595,1157,1015.21,http://ascl.asan.go.kr,2025-04-30,4520000,충청남도 아산시
36.77464896,127.0617021,배방도서관,충청남도,아산시,공공도서관,월+국가지정공휴일,09:00,22:00,09:00,18:00,00:00,00:00,413,116402,31,0,10,14,충청남도 아산시 배방읍 모산로 182-14,충청남도 아산시,041-537-3956,15181,2888,http://ascl.asan.go.kr,2025-04-30,4520000,충청남도 아산시
36.770690,127.0782799188,배방월천도서관,충청남도,아산시,공공도서관,월+국가지정공휴일,09:00,22:00,09:00,18:00,00:00,00:00,338,20281,20,0,10,14,충청남도 아산시 배방읍 월천5길 13,충청남도 아산시,041-530-6380,914,2944,http://ascl.asan.go.kr,2025-04-30,4520000,충청남도 아산시
37.829691,127.506433,가평군 한석봉도서관,경기도,가평군,공공도서관,1월 1일+설 연휴+대통령 선거일+추석연휴,07:00,23:59,07:00,23:59,07:00,23:59,119,139392,43,5563,7,14,경기도 가평군 가평읍 문화로 187,경기도 가평군,031-580-4041,7485,3602,www.gaplib.go.kr,2025-05-30,4160000,경기도 가평군
36.5271282,127.2683376,해밀동도서관,세종특별자치시,없음,공공도서관,매주일요일+국가지정공휴일,09:00,22:00,09:00,18:00,00:00,00:00,122,33801,16,0,5,14,세종특별자치시 해밀1로45,세종특별자치시,044-301-7462,9925,1736.09,https://lib.sejong.go.kr/haemil/,2025-08-31,5690000,세종특별자치시
36.49867988,127.3106457,반곡동도서관,세종특별자치시,없음,공공도서관,매주토요일+국가지정공휴일,09:00,22:00,00:00,00:00,09:00,18:00,116,33646,20,68,5,14,세종특별자치시 반곡로39,세종특별자치시,044-301-7362,7917,1286.12,https://lib.sejong.go.kr/bangok/,2025-08-31,5690000,세종특별자치시
36.49867988,127.3106457,나성동도서관,세종특별자치시,없음,공공도서관,매주토요일+국가지정공휴일,09:00,22:00,00:00,00:00,09:00,18:00,182,36230,14,0,5,14,세종특별자치시 반곡로39,세종특별자치시,044-301-7362,6781,2485.98,https://lib.sejong.go.kr/nasung/,2025-08-31,5690000,세종특별자치시
36.49994486,127.2081316,장군면작은도서관,세종특별자치시,없음,작은도서관,매주월요일+일요일+국가지정공휴일,10:00,18:00,09:00,13:00,00:00,00:00,15,7082,0,0,5,14,세종특별자치시 장군면 장척로437-7,세종특별자치시,044-301-5661,64,64,https://www.smalllibrary.org/library/detail/1942546,2025-08-31,5690000,세종특별자치시
36.72230936,127.1585982,소정작은도서관,세종특별자치시,없음,작은도서관,매주월요일+일요일+국가지정공휴일,10:00,18:00,09:00,13:00,00:00,00:00,42,15442,0,0,5,14,세종특별자치시 소정면 소정구길204,세종특별자치시,044-301-6061,136,136,https://www.smalllibrary.org/library/detail/1112949,2025-08-31,5690000,세종특별자치시
36.67989228,127.2085989,조치원읍도서관,세종특별자치시,없음,작은도서관,매주월요일+일요일+국가지정공휴일,10:00,18:00,09:00,13:00,00:00,00:00,50,15521,0,0,5,14,세종특별자치시 전의면 동신길10,세종특별자치시,044-301-5092,203,203,https://www.smalllibrary.org/library/detail/3239184,2025-08-31,5690000,세종특별자치시
36.1137978,128.3352215,구미시립중앙도서관,경상북도,구미시,공공도서관,자료실(첫째 월요일+셋째 월요일+일요일 제외한 공휴일)+열람실(1월 1일+설 연휴+추석 연휴),08:00,22:00,08:00,22:00,08:00,22:00,799,193414,70,148176,5,14,경상북도 구미시 경은로 85 (형곡동),경상북도 구미시청,054-480-4660,6783,2674,https://lib.gumi.go.kr/,2025-05-15,5080000,경상북도 구미시
36.0874729,128.3560852,구미시립상모정수도서관,경상북도,구미시,공공도서관,자료실(둘째 월요일+넷째 월요일+일요일 제외한 공휴일)+열람실(1월 1일+설 연휴+추석 연휴),08:00,22:00,08:00,22:00,08:00,22:00,608,98477,79,0,5,14,경상북도 구미시 상사서로4길 10 (상모동),경상북도 구미시청,054-480-4730,4503,1146,https://lib.gumi.go.kr/,2025-05-15,5080000,경상북도 구미시
36.0994342,128.423668,구미시립인동도서관,경상북도,구미시,공공도서관,자료실(둘째 월요일+넷째 월요일+일요일 제외한 공휴일)+열람실(1월 1일+설 연휴+추석 연휴),08:00,22:00,08:00,22:00,08:00,22:00,800,109334,70,260,5,14,경상북도 구미시 인동14길 14 (진평동),경상북도 구미시청,054-480-4700,10149,1396,https://lib.gumi.go.kr/,2025-05-15,5080000,경상북도 구미시
36.13877686,128.423119,구미시립양포도서관,경상북도,구미시,공공도서관,자료실(첫째 월요일+셋째 월요일+일요일 제외한 공휴일)+열람실(1월 1일+설 연휴+추석 연휴),08:00,22:00,08:00,22:00,08:00,22:00,744,56830,81,0,5,14,경상북도 구미시 옥계북로 51 (옥계동),경상북도 구미시청,054-480-4770,10063,3530,https://lib.gumi.go.kr/,2025-05-15,5080000,경상북도 구미시
36.15814085,128.4299363,구미시립산동도서관,경상북도,구미시,공공도서관,자료실(둘째 월요일+넷째 월요일+일요일 제외한 공휴일)+공휴일 및 1월 1일 신정,09:00,20:00,09:00,17:00,09:00,17:00,508,43273,61,0,5,14,경상북도 구미시 산동읍 신당3로1길 4(신당리),경상북도 구미시청,054-480-4690,5000,3149,https://lib.gumi.go.kr/,2025-05-15,5080000,경상북도 구미시
36.15291574,128.3076921,구미시립봉곡도서관,경상북도,구미시,공공도서관,자료실(둘째 월요일+넷째 월요일+일요일 제외한 공휴일)+열람실(1월 1일+설 연휴+추석 연휴),08:00,22:00,08:00,22:00,08:00,22:00,710,134417,97,780,5,14,경상북도 구미시 봉곡로15길 54 (봉곡동),경상북도 구미도시공사,054-480-2100,11837,4826,https://lib.gumi.go.kr/,2025-05-15,5080000,경상북도 구미시
36.23882067,128.3048733,구미시립선산도서관,경상북도,구미시,공공도서관,자료실(첫째 월요일+셋째 월요일+일요일 제외한 공휴일)+열람실(1월 1일+설 연휴+추석 연휴),08:00,22:00,08:00,22:00,08:00,22:00,406,87394,87,661,5,14,경상북도 구미시 선산읍 선산대로 1400-16,경상북도 구미도시공사,054-480-2120,4577,2942,https://lib.gumi.go.kr/,2025-05-15,5080000,경상북도 구미시
36.19817138,128.3918009,해평누리작은도서관,경상북도,구미시,작은도서관,월요일+일요일+공휴일,10:00,18:00,10:00,17:00,00:00,00:00,20,7139,0,0,5,14,경상북도 구미시 해평면 강동로 1652,경상북도 구미시청,054-472-8799,2496,167,https://lib.gumi.go.kr/,2025-05-15,5080000,경상북도 구미시
36.11833079,128.3546632,송정나래작은도서관,경상북도,구미시,작은도서관,월요일+일요일+공휴일,10:00,18:00,10:00,17:00,00:00,00:00,50,4088,3,0,5,14,경상북도 구미시 송정대로10길 34-1,경상북도 구미시청,054-441-0118,603,279,https://lib.gumi.go.kr/,2025-05-15,5080000,경상북도 구미시
36.12963022,128.3340472,구미생활문화센터작은도서관,경상북도,구미시,작은도서관,월요일+일요일+공휴일,10:00,21:00,10:00,17:00,00:00,00:00,50,4762,3,0,5,14,경상북도 구미시 구미중앙로15길 20,경상북도 구미시청,054-480-6638,1091,322,https://lib.gumi.go.kr/,2025-05-15,5080000,경상북도 구미시
36.97477945,127.9338048,충주시립도서관,충청북도,충주시,공공도서관,매주 월,09:00,22:00,09:00,18:00,09:00,18:00,580,531660,168,18960,5,21,충청북도 충주시 예성로 207,충주시립도서관,043-850-3970,13372,7298,lib.chungju.go.kr,2025-05-31,4390000,충청북도 충주시
36.77034055,127.0056811,아산중앙도서관,충청남도,아산시,공공도서관,월+국가지정공휴일,09:00,22:00,09:00,18:00,00:00,00:00,348,252928,258,3116,10,14,충청남도 아산시 남부로 229,충청남도 아산시,041-530-6600,7129,9037.21,http://ascl.asan.go.kr,2025-04-30,4520000,충청남도 아산시
35.17022536,128.1615815,꿈아루도서관,경상남도,진주시,작은도서관,토+일+공휴일,14:00,17:00,00:00,00:00,00:00,00:00,20,1000,0,0,1000,7,경상남도 진주시 문산읍 월아산로 1115,꿈아루도서관,055-752-5574,,179,,2025-07-31,5310000,경상남도 진주시
35.16064056,128.1075672,낮은울타리작은도서관,경상남도,진주시,작은도서관,토+일+공휴일,10:00,17:00,00:00,00:00,00:00,00:00,15,3641,0,0,2000,14,경상남도 진주시 진주대로 596-10,낮은울타리작은도서관,,,55.7,,2025-07-31,5310000,경상남도 진주시
35.18189622,128.330582,노을빛작은도서관,경상남도,진주시,작은도서관,토+일+공휴일,14:00,17:00,00:00,00:00,00:00,00:00,20,2280,0,0,1546,14,경상남도 진주시 이반성면 오봉산로 871,노을빛작은도서관,,,66,,2025-07-31,5310000,경상남도 진주시
35.2638157,128.1683943,대곡면 사랑방,경상남도,진주시,작은도서관,토+일+공휴일,12:00,15:00,00:00,00:00,00:00,00:00,16,1000,0,0,1000,14,"경상남도 진주시 대곡면 진의로1091번길 10, 1층 북카페",대곡면 사랑방,,,70,,2025-07-31,5310000,경상남도 진주시
35.19261884,128.1123669,진주교회 솔로몬,경상남도,진주시,작은도서관,토+일+공휴일,14:00,17:00,00:00,00:00,00:00,00:00,64,2545,0,0,2500,147,"경상남도 진주시 하대로34번길 28, 301",진주교회 솔로몬,,,70.83,,2025-07-31,5310000,경상남도 진주시
37.455674,126.702493,인천광역시교육청 인천광역시교육청중앙도서관,인천광역시,남동구,공공도서관,매주 월요일+국가지정공휴일,09:00,20:00,09:00,17:00,00:00,00:00,360,303482,90,11475,10,15,인천광역시 남동구 정각로9,인천광역시교육청,032-421-1152,1281.34,1281.34,https://lib.ice.go.kr/jungang/index.do,2025-08-04,7310503,인천광역시교육청 인천광역시교육청중앙도서관
37.45550009,126.6928788,인천광역시교육청 주안도서관,인천광역시,미추홀구,공공도서관,매주목요일,06:00,22:00,06:00,22:00,06:00,22:00,835,250447,88,17871,10,15,인천광역시 미추홀구 구월남로 27,인천광역시교육청 주안도서관,032-450-9100,6611,4996,https://lib.ice.go.kr/juan,2025-08-04,7310505,인천광역시교육청 인천광역시교육청주안도서관
37.41791595,126.6853266,인천광역시교육청연수도서관,인천광역시,연수구,공공도서관,수+법정공휴일,06:00,22:00,06:00,22:00,06:00,22:00,743,247697,81,30049,10,15,인천광역시 연수구 함박뫼로 152번길 96(연수동),인천광역시교육청,032-899-7500,6354,5343,https://lib.ice.go.kr/yeonsu,2025-08-04,7310509,인천광역시교육청 인천광역시교육청연수도서관
37.7365771,127.0338703,의정부정보도서관,경기도,의정부시,공공도서관,매주월요일+법정공휴일(일요일 제외),09:00,21:00,09:00,18:00,09:00,18:00,530,158676,0,9999,10,21,경기도 의정부시 의정로41,경기도 의정부시청 도서관과,031-828-8700,16685,5310,http://www.uilib.go.kr,2025-06-30,3820000,경기도 의정부시
37.5204768,126.9946517,서빙고동 작은도서관,서울특별시,용산구,작은도서관,토+일+법정공휴일,09:00,18:00,00:00,00:00,00:00,00:00,23,8803,0,0,5,14,서울특별시 용산구 서빙고로 279,서울특별시 용산구청,02-2199-8687,,,https://www.yslibrary.or.kr/small/index.do,2025-08-05,3020000,서울특별시 용산구
37.526301,127.000181,작은도서관 꿈꾸는 책마을,서울특별시,용산구,작은도서관,토+일+법정공휴일,13:00,17:00,00:00,00:00,00:00,00:00,25,6030,0,0,5,14,서울특별시 용산구 장문로95,서울특별시 용산구청,02-2199-8708,,,https://www.yslibrary.or.kr/small/index.do,2025-08-05,3020000,서울특별시 용산구
37.53123832,127.0062243,별밭 작은도서관,서울특별시,용산구,작은도서관,토+일+법정공휴일,09:30,17:30,00:00,00:00,00:00,00:00,36,13775,0,0,5,14,서울특별시 용산구 대사관로34길 49,서울특별시 용산구청,02-2199-8740,,,https://www.yslibrary.or.kr/small/index.do,2025-08-05,3020000,서울특별시 용산구
37.5213567,126.9732982,청소년 푸르미르 작은도서관,서울특별시,용산구,작은도서관,토+일+법정공휴일,09:00,20:00,00:00,00:00,00:00,00:00,34,12751,0,0,5,14,서울특별시 용산구 이촌로71길 24,서울특별시 용산구청,02-749-0102,,,https://www.yslibrary.or.kr/small/index.do,2025-08-05,3020000,서울특별시 용산구
36.567531,128.701327,안동시립중앙도서관,경상북도,안동시,공공도서관,첫째 주 월+셋째 주 월+국가지정 공휴일,08:00,22:00,08:00,22:00,00:00,00:00,184,61220,38,12725,10,14,경상북도 안동시 경북대로 426-36,안동시립중앙도서관,054-858-5041,6752,3469,https://lib.andong.go.kr,2025-08-26,5070000,경상북도 안동시
36.5661722,128.7352914,안동시립웅부도서관,경상북도,안동시,공공도서관,첫째 주 월+셋째 주 월+국가지정 공휴일,08:00,22:00,08:00,22:00,00:00,00:00,88,81799,21,0,10,14,경상북도 안동시 태사길 78,안동시립웅부도서관,054-858-5041,1385,1898,https://lib.andong.go.kr,2025-08-26,5070000,경상북도 안동시
36.54883645,128.7298289,안동시립어린이도서관,경상북도,안동시,공공도서관,첫째 주 월+셋째 주 월+국가지정 공휴일,08:00,22:00,08:00,22:00,00:00,00:00,46,57114,24,3657,10,14,경상북도 안동시 강남5길 113-14,안동시립어린이도서관,054-858-5041,4850,2197,https://lib.andong.go.kr,2025-08-26,5070000,경상북도 안동시
36.5592268,128.749606,마뜰작은도서관,경상북도,안동시,작은도서관,토+일+국가지정 공휴일,10:00,17:00,00:00,00:00,00:00,00:00,25,7010,0,164,10,14,경상북도 안동시 전거리1길 93,마뜰 작은도서관,054-822-8383,1975,944.29,https://lib.andong.go.kr/andonglibrary/html.do?menu_idx=456,2025-08-26,5070000,경상북도 안동시
36.61642938,128.767288,어깨동무작은도서관,경상북도,안동시,작은도서관,월+목+국가지정 공휴일,10:00,17:00,10:00,17:00,00:00,00:00,24,8445,2,0,10,14,경상북도 안동시 와룡면 퇴계로 826,어깨동무 작은도서관,054-859-6477,999,225.87,https://lib.andong.go.kr/andonglibrary/html.do?menu_idx=457,2025-08-26,5070000,경상북도 안동시
36.56045844,128.720276,IBK기업은행과 함께하는 책읽는 기쁨 작은도서관,경상북도,안동시,작은도서관,토+일+국가지정 공휴일,09:00,18:00,00:00,00:00,00:00,00:00,30,4108,0,0,10,14,경상북도 안동시 제비원로 93,경상북도 안동시 평생교육과,054-840-3736,87.47,3094,https://lib.andong.go.kr/andonglibrary/html.do?menu_idx=458,2025-08-26,5070000,경상북도 안동시
37.48499649,126.7045861,인천광역시교육청 인천광역시교육청부평도서관,인천광역시,부평구,공공도서관,매주 월요일+국가지정공휴일,06:00,20:00,06:00,17:00,00:00,00:00,574,192571,92,14449,10,15,인천광역시 부평구 경원대로1191,인천광역시교육청,032-510-7300,5663,3374,https://lib.ice.go.kr/bupyeong/index.do,2025-08-19,7310504,인천광역시교육청 인천광역시교육청부평도서관
35.82871068,127.1372021,전주학생교육문화관,전북특별자치도,전주시,공공도서관,법정공휴일,09:00,18:00,09:00,18:00,00:00,00:00,653,226910,60,16754,6,14,전북특별자치도 전주시 덕진구 안덕원로 71,전북특별자치도교육청,063-270-1643,21364,16690,http://lib.jbe.go.kr/jec,2025-08-01,8321000,전북특별자치도교육청
35.97119653,126.736574,군산학생교육문화관,전북특별자치도,군산시,공공도서관,법정공휴일,09:00,18:00,09:00,18:00,00:00,00:00,321,101984,40,11203,5,14,전북특별자치도 군산시 조촌4길 46,전북특별자치도교육청,063-450-3244,14036,9732,http://lib.jbe.go.kr/gec,2025-08-01,8321000,전북특별자치도교육청
35.94901121,126.818895,군산학생교육문화관 대야분관,전북특별자치도,군산시,공공도서관,법정공휴일,09:00,18:00,09:00,18:00,00:00,00:00,63,45621,15,2314,10,14,전북특별자치도 군산시 대야면 석화로 84,전북특별자치도교육청,063-451-2669,1202,776.16,http://lib.jbe.go.kr/gecdy,2025-08-01,8321000,전북특별자치도교육청
35.938952,126.9609209,익산학생교육문화관,전북특별자치도,익산시,공공도서관,법정공휴일,09:00,18:00,09:00,18:00,00:00,00:00,225,122116,32,12916,5,15,전북특별자치도 익산시 고봉로 55,전북특별자치도교육청,063-840-7200,10889,7175,http://lib.jbe.go.kr/isec,2025-08-01,8321000,전북특별자치도교육청
36.07861573,126.963465,익산학생교육문화관 함열분관,전북특별자치도,익산시,공공도서관,법정공휴일,09:00,18:00,09:00,18:00,00:00,00:00,92,71984,13,9632,5,14,전북특별자치도 익산시 함열읍 함열중앙로 53,전북특별자치도교육청,063-861-1474,1773,1227,http://lib.jbe.go.kr/hyisec,2025-08-01,8321000,전북특별자치도교육청
,,연봉도서관,강원특별자치도,홍천군,공공도서관,월+국가지정 공휴일,09:00,18:00,09:00,18:00,00:00,00:00,138,70856,42,1399,5,14,강원특별자치도 홍천군 홍천읍 연봉중앙로 11-10,강원특별자치도 홍천군청,033-430-2403,10158,719.13,https://www.hongcheon.go.kr/library/yblib/,2023-12-04,4251000,강원특별자치도 홍천군
,,서석도서관,강원특별자치도,홍천군,공공도서관,월+국가지정 공휴일,09:00,18:00,09:00,18:00,00:00,00:00,115,17885,21,375,5,14,강원특별자치도 홍천군 서석면 풍암길 7,강원특별자치도 홍천군청,033-430-2407,1375,436.6,https://www.hongcheon.go.kr/library/sslib/,2023-12-04,4251000,강원특별자치도 홍천군
,,남면도서관,강원특별자치도,홍천군,공공도서관,월+국가지정 공휴일,09:00,18:00,09:00,18:00,00:00,00:00,112,15411,19,187,5,14,강원특별자치도 홍천군 남면 명덕길 28(양덕원리),강원특별자치도 홍천군청,033-430-2418,1058,503.44,https://www.hongcheon.go.kr/library/nammyeon/,2023-12-04,4251000,강원특별자치도 홍천군
,,내면도서관,강원특별자치도,홍천군,공공도서관,월+국가지정 공휴일,09:00,18:00,09:00,18:00,00:00,00:00,100,10292,14,0,5,14,강원특별자치도 홍천군 내면 창촌로 57-11,강원특별자치도 홍천군청,033-430-2586,1100,385.1,https://www.hongcheon.go.kr/library/naemyeon/,2023-12-04,4251000,강원특별자치도 홍천군
37.69179363,127.8838503,홍천교육도서관,강원특별자치도,홍천군,공공도서관,월+국가지정 공휴일,08:00,23:00,08:00,23:00,00:00,00:00,138,82930,29,3531,5,14,강원특별자치도 홍천군 홍천읍 꽃뫼로 93,강원특별자치도교육청,033-434-3236,1440,1874.68,https://lib.gwe.go.kr/hclib,2023-12-04,4251000,강원특별자치도 홍천군
37.7228175228,126.4830801204,지혜의숲도서관,인천광역시,강화군,공공도서관,금,09:00,22:00,09:00,22:00,09:00,22:00,82,19603,29,0,5,14,인천광역시 강화군 선원면 대문고개로 131,인천광역시 강화군청,032-934-8273,1995,1189,https://lib.ganghwa.go.kr,2024-08-07,3570000,인천광역시 강화군
35.82799291,128.5209136,e편한세상월배작은도서관,대구광역시,달서구,작은도서관,수+토+일+법정공휴일,14:00,19:00,00:00,00:00,00:00,00:00,12,6296,0,0,3,7,"대구광역시 달서구 월성로 132(월성동, e편한세상월배)",,053-635-0917,,56.83,,2026-03-06,3470000,대구광역시 달서구
35.8073306,128.546034,레이크뷰행복작은도서관,대구광역시,달서구,작은도서관,일+법정공휴일,10:00,18:00,20:00,22:00,00:00,00:00,26,10772,2,6,3,7,"대구광역시 달서구 상화로58길 35(도원동, 서한이다음레이크)",,053-638-3434,,70.9,,2026-03-06,3470000,대구광역시 달서구
35.81580647,128.5147196,월배아이파크1차아이빛도서관,대구광역시,달서구,작은도서관,일+법정공휴일,10:00,21:00,09:00,17:00,00:00,00:00,60,12989,2,0,4,7,"대구광역시 달서구 조암남로 182(유천동, 월배아이파크1차)",,053-643-7917,,195,,2026-03-06,3470000,대구광역시 달서구
35.704862,128.168508,야로작은도서관,경상남도,합천군,작은도서관,토+일+공휴일,10:00,19:00,00:00,00:00,00:00,00:00,18,7943,0,12,7943,14,경상남도 합천군 야로면 가야산로 341,야로작은도서관,055-933-4306,,185.12,,2025-11-28,5480000,경상남도 합천군
35.55949883,128.265426,꿈키움작은도서관,경상남도,합천군,작은도서관,토+일+공휴일,10:00,19:00,00:00,00:00,00:00,00:00,10,3290,0,0,3290,14,경상남도 합천군 초계면 초계중앙로 45-2,초계지역아동센터,055-933-1129,,33.27,https://www.crezone.net,2025-11-28,5480000,경상남도 합천군
35.55657331,128.2719213,초계작은도서관,경상남도,합천군,작은도서관,월+일+공휴일,10:00,19:00,10:00,19:00,00:00,00:00,16,3342,0,0,3342,14,경상남도 합천군 초계면 동부로 1240,초계작은도서관,055-930-4071,435.94,99.84,,2025-11-28,5480000,경상남도 합천군
35.5749304,128.1449412,미가람 작은도서관,경상남도,합천군,작은도서관,연중무휴,13:00,18:00,13:00,18:00,13:00,18:00,15,1287,3,1,1287,14,경상남도 합천군 합천읍 서산길 69-14,미가람 작은도서관,,,75,,2025-11-28,5480000,경상남도 합천군
37.418729,126.989709,정보과학도서관,경기도,과천시,공공도서관,금+국가지정공휴일+개관기념일,09:00,22:00,09:00,18:00,09:00,18:00,840,320806,137,14959,10,14,경기도 과천시 중앙로 24,경기도 과천시청,02-2150-3008,24080,10027,https://www.gclib.go.kr/,2025-10-31,3970000,경기도 과천시
37.42495599,127.007425,문원도서관,경기도,과천시,공공도서관,월+국가지정공휴일+개관기념일,09:00,22:00,09:00,18:00,09:00,18:00,370,75587,82,1315,10,14,경기도 과천시 문원로 104,경기도 과천시청,02-2150-3080,1249,2538,https://www.gclib.go.kr/,2025-10-31,3970000,경기도 과천시
36.80917505,127.1535917,중앙도서관,충청남도,천안시,공공도서관,둘째 주 월+넷째 주 월+국가지정공휴일,08:00,22:00,08:00,22:00,08:00,22:00,540,92571,80,507,10,14,충청남도 천안시 동남구 중앙로 118,충청남도 천안시청,041-521-3722,3727,4824,http://www.cheonan.go.kr/lib.do,2025-11-27,4490000,충청남도 천안시
36.80040702,127.1146227,쌍용도서관,충청남도,천안시,공공도서관,첫째 주 월+셋째 주 월+국가지정공휴일,08:00,22:00,08:00,22:00,08:00,22:00,659,193093,97,4450,10,14,충청남도 천안시 서북구 월봉4로 153,충청남도 천안시청,041-521-3731,5631,4792,http://www.cheonan.go.kr/lib.do,2025-11-27,4490000,충청남도 천안시
36.87162717,127.2010108,성거도서관,충청남도,천안시,공공도서관,둘째 주 월+넷째 주 월+국가지정공휴일,09:00,20:00,09:00,20:00,08:00,22:00,295,82366,39,845,10,14,충청남도 천안시 서북구 성거읍 천흥3길 3,충청남도 천안시청,041-521-3734,2803,1584,http://www.cheonan.go.kr/lib.do,2025-11-27,4490000,충청남도 천안시
36.76684262,127.3032646,아우내도서관,충청남도,천안시,공공도서관,첫째 주 월+셋째 주 월+국가지정공휴일,09:00,20:00,09:00,20:00,08:00,22:00,312,72155,40,1474,10,14,충청남도 천안시 동남구 병천면 병천2로 57-2,충청남도 천안시청,041-521-3723,10495,4456,http://www.cheonan.go.kr/lib.do,2025-11-27,4490000,충청남도 천안시
36.81612985,127.113047,도솔도서관,충청남도,천안시,공공도서관,둘째 주 월+넷째 주 월+국가지정공휴일,08:00,22:00,08:00,22:00,08:00,22:00,265,102739,72,1745,10,14,충청남도 천안시 서북구 번영로 156,충청남도 천안시청,041-521-3735,1088,1088,http://www.cheonan.go.kr/lib.do,2025-11-27,4490000,충청남도 천안시
37.29883865,126.862944,상록수도서관,경기도,안산시,공공도서관,매주월요일+국가지정공휴일+추석연휴+설날연휴,09:00,22:00,09:00,18:00,00:00,00:00,128,20782,40,0,10,14,경기도 안산시 상록구 샘골로 167(본오동),안산시 감골도서관,031-481-3035,643.3,997.05,http://lib.ansan.go.kr,2025-06-10,3930000,경기도 안산시
37.29473547,126.8200502,해양동 작은도서관,경기도,안산시,작은도서관,매주토요일+국가지정공휴일+추석연휴+설날연휴,09:00,18:00,00:00,00:00,00:00,00:00,26,10039,9,0,10,14,경기도 안산시 상록구 해양로 8(사동),안산시 감골도서관,031-481-5774,101.6,101.06,http://lib.ansan.go.kr,2025-06-10,3930000,경기도 안산시
37.43232929,126.9966058,경기도교육청과천도서관,경기도,과천시,공공도서관,월+공휴일,09:00,22:00,09:00,17:00,00:00,00:00,840,177656,173,9621,5,14,경기도 과천시 도서관길 36,경기도교육청과천도서관,02-3677-0371,2574,5586,lib.goe.go.kr/kwa/,2025-05-30,7531571,경기도교육청 경기도교육청과천도서관
35.85302346,128.5295222,대구학생문화센터 도서실,대구광역시,달서구,작은도서관,토+일+공휴일,09:00,18:00,00:00,00:00,00:00,00:00,70,83259,140,0,10,15,대구광역시 달서구 용산로 181,대구학생문화센터,053-231-1291,25768,443,http://www.dge.go.kr/dccs,2025-06-01,7240195,대구광역시교육청 대구학생문화센터
35.86930105,128.6017153,국채보상운동기념도서관,대구광역시,중구,공공도서관,첫째 월 + 셋째 월 + 일요일을제외한국가지정공휴일,09:00,22:00,09:00,17:00,09:00,19:00,880,524121,33,170555,10,15,대구광역시 중구 공평로 10길 25,대구광역시교육청,053-231-2000,10620,10395,https://library.daegu.go.kr/jungang/index.do,2025-05-28,6270000,대구광역시
35.89015755,128.6215946,대구광역시립동부도서관,대구광역시,동구,공공도서관,첫째 월 + 셋째 월 + 일요일을제외한국가지정공휴일,07:00,22:00,07:00,22:00,07:00,22:00,1566,314857,49,24616,10,15,대구광역시 동구 신암북로 11길 54,대구광역시교육청,053-231-2200,5048,7396,https://library.daegu.go.kr/dongbu/index.do,2025-05-28,6270000,대구광역시
35.8320556,128.5807502,대구광역시립남부도서관,대구광역시,남구,공공도서관,둘째 월 + 넷째 월 + 일요일을제외한국가지정공휴일,07:00,22:00,07:00,22:00,07:00,22:00,1405,336644,42,37371,10,15,대구광역시 남구 앞산순환로 512,대구광역시교육청,053-231-2301,18082,7533,https://library.daegu.go.kr/nambu/index.do,2025-05-28,6270000,대구광역시
37.49324481,127.056775,대치1작은도서관,서울특별시,강남구,작은도서관,첫째 주 월+셋째 주 월+일요일을 제외한 법정공휴일,09:00,18:00,09:00,17:00,09:00,18:00,26,22264,4,0,5,14,서울특별시 강남구 남부순환로391길 19 (대치1문화센터 지하1층),,02-3452-1170,,,https://library.gangnam.go.kr/dch1lib/index.do,2025-12-26,3220000,서울특별시 강남구
35.84489764,128.546137,두산미소도서관,대구광역시,달서구,작은도서관,토+일+법정공휴일,13:30,17:30,00:00,00:00,00:00,00:00,12,7145,2,0,5,5,대구광역시 달서구 당산로 82 (성당동),,070-8196-9811,,43,,2026-03-06,3470000,대구광역시 달서구
35.80775982,128.5347948,새하늘작은도서관,대구광역시,달서구,작은도서관,월+일+법정공휴일,10:00,18:00,10:00,18:00,00:00,00:00,24,4773,0,3,3,7,대구광역시 달서구 도원로서길 7 (도원동),,053-634-1530,,34.65,,2026-03-06,3470000,대구광역시 달서구
35.84986759,128.5312919,책으로꿈꾸는작은도서관,대구광역시,달서구,작은도서관,토+일+법정공휴일,13:30,18:00,00:00,00:00,00:00,00:00,12,6489,1,0,3,8,대구광역시 달서구 용산로 160,,053-565-7900,,42.3,,2026-03-06,3470000,대구광역시 달서구
35.82464895,128.5291202,월성e-편한세상작은도서관,대구광역시,달서구,작은도서관,토+일+법정공휴일,14:00,16:00,00:00,00:00,00:00,00:00,16,11000,0,0,5,7,대구광역시 달서구 조암남로 10(월성동),,053-639-5780,,53.2,,2026-03-06,3470000,대구광역시 달서구
35.84707944,128.5440265,감새미작은도서관,대구광역시,달서구,작은도서관,일+법정공휴일,14:00,19:00,11:00,15:00,00:00,00:00,50,10565,0,500,2,7,대구광역시 달서구 당산로21길 17(감삼동),,053-624-2605,,63,,2026-03-06,3470000,대구광역시 달서구
35.83686255,128.547067,작은빛도서관,대구광역시,달서구,작은도서관,토+일+법정공휴일,14:00,20:00,00:00,00:00,00:00,00:00,20,4000,3,0,3,10,대구광역시 달서구 구마로 176(본동),,053-559-0303,,60,,2026-03-06,3470000,대구광역시 달서구
35.85888255,128.4951242,작은숲도서관,대구광역시,달서구,작은도서관,일+법정공휴일,09:00,20:00,09:00,18:00,00:00,00:00,30,8180,10,0,0,0,대구광역시 달서구 선원로 30-10(신당동),,053-587-7902,,60.8,,2026-03-06,3470000,대구광역시 달서구
35.86060121,128.5295257,옷박골작은도서관,대구광역시,달서구,작은도서관,일+법정공휴일,09:30,18:00,09:00,18:00,00:00,00:00,20,3176,2,0,4,8,"대구광역시 달서구 용산로 259(용산동, 용산파크타운)",,053-525-0141,,41.52,,2026-03-06,3470000,대구광역시 달서구
35.87245023,128.5577302,대구광역시립서부도서관,대구광역시,서구,공공도서관,둘째 월 + 넷째 월 + 일요일을제외한국가지정공휴일,07:00,22:00,07:00,22:00,07:00,22:00,865,312742,42,32808,10,15,대구광역시 서구 국채보상로49길 12,대구광역시교육청,053-231-2400,16372,7025,https://library.daegu.go.kr/seobu/index.do,2025-05-28,6270000,대구광역시
35.89052566,128.6340584,대구광역시립2.28학생도서관,대구광역시,동구,공공도서관,둘째 월 + 넷째 월 + 일요일을제외한국가지정공휴일,09:00,20:00,09:00,17:00,09:00,17:00,591,293421,60,69296,10,15,대구광역시 동구 아양로41길56,대구광역시교육청,053-231-2841,14659,6485,https://library.daegu.go.kr/228/index.do,2025-05-28,6270000,대구광역시
35.87213199,128.6390614,대구광역시립수성도서관,대구광역시,수성구,공공도서관,둘째 월 + 넷째 월 + 일요일을제외한국가지정공휴일,07:00,22:00,07:00,22:00,07:00,22:00,853,303633,57,46627,10,15,대구광역시 수성구 만촌로 151(만촌동),대구광역시교육청,053-231-2500,3840,5827,https://library.daegu.go.kr/suseong/index.do,2025-05-28,6270000,대구광역시
35.88512484,128.5838419,대구광역시립북부도서관,대구광역시,북구,공공도서관,첫째 월 + 셋째 월 + 일요일을제외한국가지정공휴일,07:00,22:00,07:00,22:00,07:00,22:00,820,263141,55,20028,10,15,대구광역시 북구 옥산로 75,대구광역시교육청,053-231-2600,6598,4633,https://library.daegu.go.kr/bukbu/index.do,2025-05-28,6270000,대구광역시
35.8526596,128.5604325,대구광역시립두류도서관,대구광역시,달서구,공공도서관,첫째 월 + 셋째 월 + 일요일을제외한국가지정공휴일,07:00,22:00,07:00,22:00,07:00,22:00,633,283667,66,17393,10,15,대구광역시 달서구 공원순환로 8,대구광역시교육청,053-231-2700,8211,3461,https://library.daegu.go.kr/duryu/index.do,2025-05-28,6270000,대구광역시
35.69852242,128.4477723,대구광역시립달성도서관,대구광역시,달성군,공공도서관,둘째 월 + 넷째 월 + 일요일을제외한국가지정공휴일,09:00,19:00,09:00,17:00,09:00,17:00,356,144691,45,16068,10,15,대구광역시 달성군 현풍읍 현풍동로 19길 26,대구광역시교육청,053-231-2163,2306,1861,https://library.daegu.go.kr/dalseong/index.do,2025-05-28,6270000,대구광역시
36.23947096,128.5725502,삼국유사군위도서관,대구광역시,군위군,공공도서관,매주 월,09:00,22:00,09:00,22:00,09:00,22:00,180,835412,41,4513,10,15,대구광역시 군위군 군위읍 군청로 175,대구광역시교육청,053-380-4290,5781,2205,https://library.daegu.go.kr/dalseong/index.do,2025-05-28,6270000,대구광역시
35.8784466652,128.7167586122,대구혁신도시복합문화센터 물빛서원,대구광역시,동구,공공도서관,연중무휴,09:00,20:00,09:00,17:00,09:00,17:00,150,31548,27,0,10,15,대구광역시 동구 이노밸리로 180,대구시설관리공단,053-962-7600,5430,1669,https://library.daegu.go.kr/,2025-05-28,6270000,대구광역시
35.17650598,126.9252752,무등도서관,광주광역시,북구,공공도서관,둘째 주 월+넷째 주 월+법정공휴일,09:00,22:00,09:00,17:00,00:00,00:00,879,377300,117,18915,10,15,광주광역시 북구 면앙로 130,광주광역시립도서관,062-613-7753,12488,9145,https://citylib.gwangju.go.kr,2025-05-29,6290000,광주광역시
35.13952796,126.913963,사직도서관,광주광역시,남구,공공도서관,첫째 주 월+셋째 주 월+법정공휴일,09:00,22:00,09:00,17:00,00:00,00:00,535,256626,174,3064,10,15,광주광역시 남구 제중로 56,광주광역시립도서관,062-613-7783,3252,5111,https://citylib.gwangju.go.kr,2025-05-29,6290000,광주광역시
35.15441235,126.928434,산수도서관,광주광역시,동구,공공도서관,첫째 주 월+셋째 주 월+법정공휴일,09:00,22:00,09:00,17:00,00:00,00:00,516,223216,122,2876,10,15,광주광역시 동구 경양로 355,광주광역시립도서관,062-613-7831,1823,4532,https://citylib.gwangju.go.kr,2025-05-29,6290000,광주광역시
35.14835809,126.918779,디지털정보도서관,광주광역시,동구,공공도서관,1월 1일+설 당일+추석 당일,10:00,19:00,10:00,19:00,10:00,19:00,89,4620,11,33812,0,0,광주광역시 동구 금남로 245,광주광역시립도서관,062-613-7763,2778,1114,https://citylib.gwangju.go.kr,2025-05-29,6290000,광주광역시
35.1451552,126.9121076,시립점자도서관,광주광역시,남구,공공도서관,토+법정공휴일,09:00,18:00,00:00,00:00,00:00,00:00,30,6747,0,4492,5,30,광주광역시 남구 천변좌로370번길 3,광주광역시립도서관,062-672-9534,199,414,https://citylib.gwangju.go.kr/braille,2025-05-29,6290000,광주광역시
35.12120609,126.8984467,진월작은도서관,광주광역시,남구,작은도서관,일+공휴일,10:00,18:00,10:00,17:00,00:00,00:00,50,9801,0,0,3,14,광주광역시 남구 서문대로 693,광주대학교산학협력단,062-673-9788,,124,,2024-12-06,3610000,광주광역시 남구
35.14050648,126.9164232,양림동역사문화작은도서관,광주광역시,남구,작은도서관,일+공휴일,10:00,18:00,10:00,16:00,00:00,00:00,34,5678,0,0,3,14,광주광역시 남구 백서로 94,양림동주민자치회,062-671-7216,,114,,2024-12-06,3610000,광주광역시 남구
35.11227283,126.8984361,효나눔작은도서관,광주광역시,남구,작은도서관,토+일+공휴일,09:00,17:00,00:00,00:00,00:00,00:00,10,6431,1,0,3,15,광주광역시 남구 화산로 15,광주광역시 남구청,062-607-4847,,48.09,,2024-12-06,3610000,광주광역시 남구
35.123209,126.9159056908,봉선2동작은도서관,광주광역시,남구,작은도서관,토+일+공휴일,09:00,22:00,00:00,00:00,00:00,00:00,47,2920,0,0,3,15,광주광역시 남구 봉선로 189,광주광역시 남구청,062-607-4623,,100,,2024-12-06,3610000,광주광역시 남구
35.14169021,126.8970677,남구노인복지관작은도서관,광주광역시,남구,작은도서관,토+일+공휴일,09:00,18:00,00:00,00:00,00:00,00:00,27,3000,0,0,3,14,광주광역시 남구 대남대로308번길 32,광주노인복지관,062-367-3223,,115,,2024-12-06,3610000,광주광역시 남구
35.1299778,126.9135122,생각나눔작은도서관,광주광역시,남구,작은도서관,토+일+공휴일,10:00,18:00,00:00,00:00,00:00,00:00,8,2063,0,0,5,14,광주광역시 남구 봉선중길 24,노창만,062-676-8520,,66.28,,2024-12-06,3610000,광주광역시 남구
35.1470732343,126.9100956789,은새암작은도서관,광주광역시,남구,작은도서관,토+일+공휴일,09:00,17:00,00:00,00:00,00:00,00:00,30,5267,0,0,0,0,광주광역시 남구 중앙로107번길 15,광주여성가족재단,062-670-0534,,60,,2024-12-06,3610000,광주광역시 남구
35.10717945,126.9038214,LH송화포에버작은도서관,광주광역시,남구,작은도서관,토+일+공휴일,14:00,18:00,00:00,00:00,00:00,00:00,12,1512,0,0,0,0,광주광역시 남구 효우로 60번길 9,송화마을4단지아파트,062-675-0147,,113.7,,2024-12-06,3610000,광주광역시 남구
35.08369453,126.8295177,베라체작은도서관,광주광역시,남구,작은도서관,일+공휴일,10:00,18:00,10:00,12:00,00:00,00:00,26,2989,0,0,3,7,광주광역시 남구 회재로 211,한일베라체아파트,062-373-0899,,72.2,,2024-12-06,3610000,광주광역시 남구
35.13528092,126.9178827,꿈사랑작은도서관,광주광역시,남구,작은도서관,일+공휴일,09:00,18:00,09:00,17:00,00:00,00:00,16,4100,0,0,3,7,광주광역시 남구 대남대로 63,최용남,062-412-9142,,83,,2024-12-06,3610000,광주광역시 남구
35.13468358,126.9198852,무등산센트럴파크작은도서관,광주광역시,남구,작은도서관,토+일+공휴일,09:00,18:00,00:00,00:00,00:00,00:00,24,4188,0,0,0,0,광주광역시 남구 방림로 31,방림휴먼시아아파트,062-675-7766,,69,,2024-12-06,3610000,광주광역시 남구
35.14238102,126.9068774,LH반딧불작은도서관,광주광역시,남구,작은도서관,토+일+공휴일,10:00,17:30,00:00,00:00,00:00,00:00,20,2000,0,0,0,0,광주광역시 남구 백운로 100,백운3휴먼시아아파트,062-671-5554,,40,,2024-12-06,3610000,광주광역시 남구
35.1427754,126.9041534,오손도손작은도서관,광주광역시,남구,작은도서관,토+일+공휴일,10:00,18:00,00:00,00:00,00:00,00:00,30,2746,0,0,3,14,광주광역시 남구 독립로80번길 7,백운1휴먼시아아파트,062-675-6566,,104,,2024-12-06,3610000,광주광역시 남구
35.13848716,126.9008898,행복문화작은도서관,광주광역시,남구,작은도서관,토+일+공휴일,14:00,18:00,00:00,00:00,00:00,00:00,20,1036,0,0,0,0,광주광역시 남구 독립로53번길 10,사단법인행복문화재단,062-675-5856,,91,,2024-12-06,3610000,광주광역시 남구
35.13655019,126.9037505,흰구름작은도서관,광주광역시,남구,작은도서관,토+일+공휴일,09:00,18:00,00:00,00:00,00:00,00:00,10,2500,0,0,0,0,광주광역시 남구 진다리로6번가길 13,흰구름어린이집,062-652-1319,,39,,2024-12-06,3610000,광주광역시 남구
35.13665692,126.9006318,힐스테이트백운작은도서관,광주광역시,남구,작은도서관,토+일+공휴일,09:00,18:00,00:00,00:00,00:00,00:00,22,2258,0,0,0,0,광주광역시 남구 회재로1293번길 7,백운힐스테이트1단지아파트,062-671-9981,,38.9183,,2024-12-06,3610000,광주광역시 남구
35.1332327181,126.9093036,로뎀작은도서관,광주광역시,남구,작은도서관,공휴일,09:30,17:30,09:30,13:00,10:00,13:00,12,6000,2,0,3,14,광주광역시 남구 봉선중앙로131번길 10,임마누엘교회,062-673-4003,,33,,2024-12-06,3610000,광주광역시 남구
35.12809186,126.9189986,꿈쟁이작은도서관,광주광역시,남구,작은도서관,일+공휴일,09:30,18:00,09:30,13:00,00:00,00:00,20,2500,0,0,0,0,광주광역시 남구 오방로 33-9,주향교회,062-676-1091,,36,,2024-12-06,3610000,광주광역시 남구
35.0899879631,126.8299019959,남구도시첨단남해오네뜨작은도서관,광주광역시,남구,작은도서관,일+공휴일,07:00,12:00,07:00,12:00,00:00,00:00,16,1000,0,0,0,0,광주광역시 남구 도시첨단산업로 34,㈜대호안전관리공사,062-385-8543,,51.66,,2024-12-06,3610000,광주광역시 남구
37.47513218,126.9031745,청개구리작은도서관,서울특별시,금천구,작은도서관,월요일+일요일+법정공휴일,10:00,20:00,10:00,14:30,00:00,00:00,20,12172,0,0,10,14,"서울특별시 금천구 독산로 317, 3층",금천문화재단,02-2104-5606,,104,https://geumcheonlib.seoul.kr,2025-03-13,3170000,서울특별시 금천구
37.45760055,126.898373,산돌어린이도서관,서울특별시,금천구,작은도서관,월요일+법정공휴일,13:00,18:00,13:00,18:00,10:00,15:00,150,13500,0,0,10,14,"서울특별시 금천구 시흥대로75길 12, 산돌문화센타",산돌어린이도서관,02-808-7902,,307,,2025-03-13,3170000,서울특별시 금천구
37.46523095,126.9034346,샘솟는 작은도서관,서울특별시,금천구,작은도서관,토요일+일요일+법정공휴일,13:00,19:00,00:00,00:00,00:00,00:00,35,2300,0,0,10,14,서울특별시 금천구 독산로64길 15,샘솟는 작은도서관,02-854-0500,,79,,2025-03-13,3170000,서울특별시 금천구
37.45455245,126.9037964,소망의나무어린이 작은도서관,서울특별시,금천구,작은도서관,일요일+법정공휴일,13:00,18:00,11:00,14:00,00:00,00:00,24,7898,0,0,10,14,서울특별시 금천구 금하로11길 14,소망의나무어린이 작은도서관,02-804-9596,,79,,2025-03-13,3170000,서울특별시 금천구
37.46493455,126.894003,우리울 작은도서관,서울특별시,금천구,작은도서관,토요일+일요일+법정공휴일,14:00,19:00,00:00,00:00,00:00,00:00,22,1343,0,0,10,14,서울특별시 금천구 범안로12가길 49,우리울 작은도서관,02-3286-8840,,59,,2025-03-13,3170000,서울특별시 금천구
37.45205638,126.9139655,은행나무어린이도서관,서울특별시,금천구,작은도서관,일요일+법정공휴일,10:00,18:00,13:00,18:00,00:00,00:00,50,11989,0,0,10,14,서울특별시 금천구 탑골로 43,은행나무어린이도서관,02-892-7894,,103,,2025-03-13,3170000,서울특별시 금천구
37.46181446,126.8992884,지혜의숲 작은도서관,서울특별시,금천구,작은도서관,토요일+일요일+법정공휴일,10:00,18:00,00:00,00:00,00:00,00:00,16,11000,0,0,10,14,"서울특별시 금천구 시흥대로90길 25, 신일교회",지혜의숲 작은도서관,070-4192-5822,,59,,2025-03-13,3170000,서울특별시 금천구
37.4506729100,126.9082725000,행궁마을작은도서관,서울특별시,금천구,작은도서관,토요일+일요일+법정공휴일,10:00,19:00,00:00,00:00,00:00,00:00,14,6927,0,0,10,14,"서울특별시 금천구 금하로24길 6, 1층",금천문화재단,02-2104-5728,,74,https://geumcheonlib.seoul.kr,2025-03-13,3170000,서울특별시 금천구
37.45897879,126.9061844,도란도란작은도서관,서울특별시,금천구,작은도서관,월요일+일요일+법정공휴일,10:00,20:00,10:00,14:30,00:00,00:00,14,12224,0,0,10,14,"서울특별시 금천구 독산로36길 14, 1층",금천문화재단,02-2104-5706,,38,https://geumcheonlib.seoul.kr,2025-03-13,3170000,서울특별시 금천구
37.453362,126.904163,맑은누리작은도서관,서울특별시,금천구,작은도서관,토요일+일요일+법정공휴일,10:00,20:00,10:00,14:30,00:00,00:00,52,10147,0,0,10,14,서울특별시 금천구 금하로 668,금천문화재단,02-804-7001,,233,https://geumcheonlib.seoul.kr,2025-03-13,3170000,서울특별시 금천구
37.46865174,126.904183,책읽는마을 작은도서관,서울특별시,금천구,작은도서관,토요일+일요일+법정공휴일,11:00,19:00,00:00,00:00,00:00,00:00,10,8061,0,0,10,14,서울특별시 금천구 독산로74길 31,책읽는마을 작은도서관,02-858-9919,,60,,2025-03-13,3170000,서울특별시 금천구
35.15092145,126.850836,상무광명메이루즈작은도서관,광주광역시,서구,작은도서관,토+일+국가지정공휴일,09:00,17:00,00:00,00:00,00:00,00:00,16,2000,0,0,0,0,광주광역시 서구 시청로 27,상무광명메이루즈 입주자대표회의,062-385-9061,,118,,2025-12-02,3600000,광주광역시 서구
35.16506387,126.861231,상무버들1단지작은도서관,광주광역시,서구,작은도서관,일+국가지정공휴일,09:00,18:00,09:00,17:00,00:00,00:00,30,2000,0,10,5,14,광주광역시 서구 상무버들로40번길 14,상무버들1단지 자치회,062-456-2772,,33,,2025-12-02,3600000,광주광역시 서구
35.14162168,126.851059,상무양우내안애작은도서관,광주광역시,서구,작은도서관,토+일+국가지정공휴일,09:00,18:00,00:00,00:00,00:00,00:00,30,3000,0,0,3,7,광주광역시 서구 백석길 22-14,상무양우내안애작은도서관,062-384-9149,,107.677,,2025-12-02,3600000,광주광역시 서구
35.15514315,126.8680907,상무엘리체작은도서관,광주광역시,서구,작은도서관,국가지정공휴일,08:30,17:30,08:30,17:30,08:30,17:30,30,1000,0,0,0,0,광주광역시 서구 월드컵4강로197번길12,상무엘리체작은도서관,062-385-8980,,157.32,,2025-12-02,3600000,광주광역시 서구
35.1535266,126.865175,서광작은도서관,광주광역시,서구,작은도서관,일+국가지정공휴일,11:00,20:00,09:00,15:00,00:00,00:00,30,2112,0,0,3,14,광주광역시 서구 월드컵4강로197번길 37-2,서광지역아동센터,062-372-2634,,61.98,,2025-12-02,3600000,광주광역시 서구
35.13576333,126.862081,소꿉놀이작은도서관,광주광역시,서구,작은도서관,일+국가지정공휴일,10:00,18:00,09:00,17:00,00:00,00:00,20,9200,0,0,2,14,광주광역시 서구 운천로32번길 25,광주진보연대,062-385-7789,,129.6,http://cafe.daum.net/sokkupnolitoy,2025-12-02,3600000,광주광역시 서구
35.13224823,126.863861,송촌파인힐작은도서관,광주광역시,서구,작은도서관,토+일+국가지정공휴일,09:00,18:00,00:00,00:00,00:00,00:00,30,5473,0,0,0,0,광주광역시 서구 마재로 65,송촌파인힐아파트,062-682-5667,,64,,2025-12-02,3600000,광주광역시 서구
37.2173702,127.0336058,진안도서관,경기도,화성시,공공도서관,"매월 두 번째, 네 번째 월요일, 일요일을 제외한 법정공휴일, 재단창립기념일",09:00,22:00,09:00,18:00,09:00,18:00,471,91689,78,2427,7,14,경기도 화성시 병점구 병점중앙로 229 (진안동),화성시문화관광재단,031-224-9977,43268,2931,www.hscitylib.or.kr,2026-02-01,5530000,경기도 화성시
37.20603589,127.0137962,태안도서관,경기도,화성시,공공도서관,"매월 두 번째, 네 번째 월요일, 일요일을 제외한 법정공휴일, 재단창립기념일",09:00,22:00,09:00,18:00,09:00,18:00,359,115287,48,4629,7,14,경기도 화성시 병점구 화산중앙로 19 (안녕동),화성시문화관광재단,031-223-4764,4423,4506,www.hscitylib.or.kr,2026-02-01,5530000,경기도 화성시
37.11285115,126.901518,향남복합문화센터도서관,경기도,화성시,공공도서관,"매월 두 번째, 네 번째 월요일, 일요일을 제외한 법정공휴일, 재단창립기념일",09:00,22:00,09:00,18:00,09:00,18:00,374,36465,50,0,7,14,경기도 화성시 만세구 향남읍 상신하길로273번길 17,화성시문화관광재단,031-8059-6800,170312,3317,www.hscitylib.or.kr,2026-02-01,5530000,경기도 화성시
37.19606624,127.0699959,화성동탄중앙도서관,경기도,화성시,공공도서관,"매월 두 번째, 네 번째 월요일, 일요일을 제외한 법정공휴일",09:00,22:00,09:00,18:00,09:00,18:00,600,237747,65,0,7,14,경기도 화성시 동탄구 동탄중앙로 120 (반송동),경기도 화성시청,031-5189-5859,6202,10637,www.hscitylib.or.kr,2026-02-01,5530000,경기도 화성시
36.2769184,127.2498121,계룡도서관,충청남도,계룡시,공공도서관,매주 월,09:00,22:00,09:00,18:00,09:00,18:00,426,78055,70,2037,5,14,충청남도 계룡시 새터산길27,충청남도 계룡시,042-840-3607,2823,2740,https://lib.gyeryong.go.kr/,2023-07-19,5580000,충청남도 계룡시
36.2870281,127.2379241,엄사도서관,충청남도,계룡시,공공도서관,매주 금,09:00,22:00,09:00,18:00,09:00,18:00,313,77143,64,795,5,14,충청남도 계룡시 엄사면 번영7길 17,충청남도 계룡시,042-840-3667,1197,180250,https://lib.gyeryong.go.kr/,2023-07-19,5580000,충청남도 계룡시
37.51981713,126.6736892,가정동 작은도서관,인천광역시,서구,작은도서관,월+법정공휴일,11:00,17:00,11:00,17:00,00:00,00:00,24,5000,0,20,2,7,"인천광역시 서구 가정로394번길 6, 사도들교회 1층",,032-543-8833,,,,2025-11-14,3560000,인천광역시 서구
37.5025911,126.6746007,거북골 작은도서관,인천광역시,서구,작은도서관,토+일+법정공휴일,09:00,17:00,00:00,00:00,00:00,00:00,6,13705,0,2,2,7,인천광역시 서구 거북로 116,,032-201-9811,,,,2025-11-14,3560000,인천광역시 서구
37.59210105,126.6746306,당하동 책이있는쉼터,인천광역시,서구,작은도서관,토+일+법정공휴일,10:00,16:00,00:00,00:00,00:00,00:00,80,10128,0,0,0,0,인천광역시 서구 청마로167번길 19,,032-564-4617,,,,2025-11-14,3560000,인천광역시 서구
37.59508098,126.7017075,으뜸골 작은도서관,인천광역시,서구,작은도서관,토+일+법정공휴일,10:30,18:00,00:00,00:00,00:00,00:00,50,12719,0,0,0,0,인천광역시 서구 고산로 24,,032-561-3460,,,,2025-11-14,3560000,인천광역시 서구
37.60378972,126.6527762,금곡하나아파트 문고,인천광역시,서구,작은도서관,일+법정공휴일,09:00,17:30,09:00,12:00,00:00,00:00,12,4745,0,2,2,7,인천광역시 서구 완정로216번길 5,,032-564-3588,,,,2025-11-14,3560000,인천광역시 서구
37.53671329,126.6570027,꿈꾸는 나무 도서관,인천광역시,서구,작은도서관,토+일+법정공휴일,14:30,17:00,00:00,00:00,00:00,00:00,30,5944,0,0,0,0,인천광역시 서구 청라에메랄드로 134,,032-569-7521,,,,2025-11-14,3560000,인천광역시 서구
37.49526648,126.6844068,꿈꾸는 작은도서관,인천광역시,서구,작은도서관,화+수+금+토+일+법정공휴일,15:00,18:00,00:00,00:00,00:00,00:00,8,4876,0,2,2,7,"인천광역시 서구 건지로 402, 가좌한신휴플러스 아파트 내",,032-578-7721,,,,2025-11-14,3560000,인천광역시 서구
37.494311,126.672569,꿈나무 작은도서관,인천광역시,서구,작은도서관,토+일+법정공휴일,09:00,18:00,00:00,00:00,00:00,00:00,25,11761,0,2,2,7,인천광역시 서구 가정로112번길 10,,032-560-3188,,,,2025-11-14,3560000,인천광역시 서구
37.566352,126.6825031,꿈마을 작은도서관,인천광역시,서구,작은도서관,일+법정공휴일,13:00,18:00,10:00,14:00,00:00,00:00,15,1620,0,30,2,7,"인천광역시 서구 승학로 566, 3층",,032-561-1154,,,,2025-11-14,3560000,인천광역시 서구
37.49663164,126.6826083,꿈빛도서관,인천광역시,서구,작은도서관,일+법정공휴일,13:00,18:00,13:00,15:00,00:00,00:00,20,2000,0,10,2,7,"인천광역시 서구 건지로 370, 302호",,032-574-0052,,,,2025-11-14,3560000,인천광역시 서구
37.6006953,126.6576523,꿈사랑 작은도서관,인천광역시,서구,작은도서관,토+일+법정공휴일,14:00,18:00,00:00,00:00,00:00,00:00,40,9896,0,33,2,7,"인천광역시 서구 검단로 446, 검단e편한세상아파트 내",,032-204-3305,,,,2025-11-14,3560000,인천광역시 서구
37.49602907,126.680365,느티나무 도서관,인천광역시,서구,작은도서관,법정공휴일,10:00,20:00,10:00,20:00,00:00,00:00,24,6900,0,2,2,7,인천광역시 서구 건지로348번길 18,,032-581-4048,,,,2025-11-14,3560000,인천광역시 서구
37.59565987,126.6392635,드림파크 어울림 1단지 문고,인천광역시,서구,작은도서관,월+수+목+토+일+법정공휴일,14:00,18:00,00:00,00:00,00:00,00:00,15,4000,0,2,2,7,"인천광역시 서구 봉화로 18, 드림파크어울림1단지 내 작은도서관",,032-561-3807,,,,2025-11-14,3560000,인천광역시 서구
37.596244,126.673545,드림하이 작은도서관,인천광역시,서구,작은도서관,월+법정공휴일,11:00,17:00,11:00,15:00,00:00,00:00,26,3385,0,80,2,7,"인천광역시 서구 완정로64번길 64, 3층",,070-4217-1005,,,,2025-11-14,3560000,인천광역시 서구
37.59234272,126.6949518,물푸레 작은도서관,인천광역시,서구,작은도서관,일+법정공휴일,10:00,18:00,11:00,14:00,00:00,00:00,18,19229,0,2,2,7,"인천광역시 서구 원당대로840번길 21, 풍림아이원아파트 관리동 3층",,032-563-1739,,,,2025-11-14,3560000,인천광역시 서구
37.53266259,126.6537321,청초랑 북카페,인천광역시,서구,작은도서관,토+일+법정공휴일,10:00,18:00,00:00,00:00,00:00,00:00,50,3650,0,0,0,0,"인천광역시 서구 청라라임로 58, (연희동) 지하1층",,032-560-3442,,,,2025-11-14,3560000,인천광역시 서구
37.61233136,126.6867536,푸른길 작은도서관,인천광역시,서구,작은도서관,월+일+법정공휴일,11:00,17:00,13:00,17:00,00:00,00:00,119,2700,0,0,0,0,"인천광역시 서구 검단로744번4길 17, 포근한교회",,032-562-0697,,,,2025-11-14,3560000,인천광역시 서구
37.5894066,126.6790581,5B2F(빠삐뚜엡) 작은도서관,인천광역시,서구,작은도서관,월+토+일+법정공휴일,12:30,17:00,00:00,00:00,00:00,00:00,34,3004,0,0,0,0,인천광역시 서구 청마로134번길 14,,032-564-0693,,,,2025-11-14,3560000,인천광역시 서구
34.7542288,127.7010727,여수시립환경도서관,전라남도,여수시,공공도서관,법정공휴일+정기청소일,07:30,22:00,07:30,22:00,00:00,00:00,225,109691,45,4063,5,14,전라남도 여수시 문수로 53-32(문수동),전라남도 여수시청,061-659-4811,22388,2274,yslib.yeosu.go.kr,2025-02-20,4810000,전라남도 여수시
34.7160081,127.7499315,여수시립돌산도서관,전라남도,여수시,공공도서관,법정공휴일+정기청소일,09:00,22:00,09:00,18:00,00:00,00:00,136,72265,33,750,5,14,전라남도 여수시 돌산읍 강남해안로 129,전라남도 여수시청,061-659-4823,1820,1146,yslib.yeosu.go.kr,2025-02-20,4810000,전라남도 여수시
34.7886128,127.6334897,여수시립소라도서관,전라남도,여수시,공공도서관,법정공휴일+정기청소일,09:00,22:00,09:00,18:00,00:00,00:00,134,69812,35,748,5,14,전라남도 여수시 소라면 덕양로 344,전라남도 여수시청,061-659-4833,1660,1230,yslib.yeosu.go.kr,2025-02-20,4810000,전라남도 여수시
34.88377494,127.5789439,여수시립율촌도서관,전라남도,여수시,공공도서관,법정공휴일+정기청소일,09:00,22:00,09:00,18:00,00:00,00:00,246,53319,27,764,5,14,전라남도 여수시 율촌면 율촌로 100-11,전라남도 여수시청,061-659-4848,5022,1558,yslib.yeosu.go.kr,2025-02-20,4810000,전라남도 여수시
37.21678133,126.7392489,송산도서관,경기도,화성시,공공도서관,"매월 첫 번째, 세 번째 월요일, 일요일을 제외한 법정공휴일, 재단창립기념일",09:00,22:00,09:00,18:00,09:00,18:00,396,86249,38,3083,7,14,경기도 화성시 만세구 송산면 삼일공원로 87,화성시문화관광재단,031-355-3598,8070,3907,www.hscitylib.or.kr,2026-02-01,5530000,경기도 화성시
37.17754195,127.1093934,왕배푸른숲도서관,경기도,화성시,공공도서관,"매월 두 번째, 네 번째 월요일, 일요일을 제외한 법정공휴일, 재단창립기념일",09:00,22:00,09:00,18:00,09:00,18:00,218,61000,42,0,7,14,경기도 화성시 동탄구 동탄대로12길 102 (산척동),화성시문화관광재단,031-372-4435,282284,2192,www.hscitylib.or.kr,2026-02-01,5530000,경기도 화성시
37.16822178,126.983164,정남도서관,경기도,화성시,공공도서관,"매월 첫 번째, 세 번째 월요일, 일요일을 제외한 법정공휴일, 재단창립기념일",09:00,22:00,09:00,18:00,09:00,18:00,83,45396,42,1632,7,14,경기도 화성시 효행구 정남면 만년로 527,화성시문화관광재단,031-8059-4946,1713,567,www.hscitylib.or.kr,2026-02-01,5530000,경기도 화성시
38.3811463779,128.4636437,고성군립간성도서관,강원특별자치도,고성군,공공도서관,매주월요일+국가지정공휴일+매년12.31.,09:00,22:00,09:00,22:00,00:00,00:00,180,59409,17,0,5,14,강원특별자치도 고성군 간성읍 수성로 160,강원특별자치도 고성군청,033-680-3560,3820,1499.62,https://gwgs.go.kr/lib,2025-03-05,4341000,강원특별자치도 고성군
38.2588771525,128.5562186,토성공공도서관,강원특별자치도,고성군,공공도서관,매주월요일+국가지정공휴일+매년12.31.,09:00,22:00,09:00,22:00,00:00,00:00,170,43418,17,1676,5,14,강원특별자치도 고성군 토성면 토성로 167-6,강원특별자치도 고성군청,033-680-3560,1974,1261.92,https://gwgs.go.kr/lib,2025-03-05,4341000,강원특별자치도 고성군
37.3045533,126.8213625,중앙도서관,경기도,안산시,공공도서관,매주월요일+국가지정공휴일+추석연휴+설날연휴,08:00,22:00,08:00,22:00,00:00,00:00,526,317238,191,5966,10,14,경기도 안산시 단원구 안산천남로 14(고잔동),안산시 중앙도서관,031-481-2702,9975.7,7358,http://lib.ansan.go.kr,2025-06-10,3930000,경기도 안산시
37.33620779,126.8455597,월피예술도서관,경기도,안산시,공공도서관,매주월요일+국가지정공휴일+추석연휴+설날연휴,09:00,22:00,09:00,18:00,00:00,00:00,400,24611,123,395,10,14,경기도 안산시 상록구 광덕산안길 32(월피동),안산시 감골도서관,031-369-1869,1721.9,3205.64,http://lib.ansan.go.kr,2025-06-10,3930000,경기도 안산시
37.53463287,126.6664964,블루힐도서관,인천광역시,서구,작은도서관,법정공휴일,10:00,18:00,10:00,18:00,00:00,00:00,30,1043,0,0,0,0,인천광역시 서구 봉오재2로 37,,032-569-6791,,,,2025-11-14,3560000,인천광역시 서구
37.52442845,126.6653226,베르힐도서관,인천광역시,서구,작은도서관,법정공휴일,09:00,22:00,09:00,22:00,00:00,00:00,28,1428,0,0,0,0,인천광역시 서구 봉오재1로 15,,032-584-7505,,,,2025-11-14,3560000,인천광역시 서구
37.53870993,126.6526687,푸른꿈 작은도서관,인천광역시,서구,작은도서관,토+일+법정공휴일,19:00,21:00,00:00,00:00,00:00,00:00,30,4858,2,0,0,0,인천광역시 서구 청라라임로 131,,032-000-0000,,,,2025-11-14,3560000,인천광역시 서구
37.53871528,126.6579901,웰카 작은도서관,인천광역시,서구,작은도서관,화+목+토+일+법정공휴일,14:00,17:00,00:00,00:00,00:00,00:00,24,8000,0,0,0,0,인천광역시 서구 청라에메랄드로 156,,032-561-1012,,,,2025-11-14,3560000,인천광역시 서구
37.59504508,126.673142,서로사랑하는도서관,인천광역시,서구,작은도서관,법정공휴일,10:00,19:00,10:00,17:00,10:00,13:00,20,3000,5,1100,0,0,"인천광역시 서구 완정로10번길 8, 3층",,070-4246-5061,,,,2025-11-14,3560000,인천광역시 서구
37.59533187,126.6927384,사랑방 작은도서관,인천광역시,서구,작은도서관,월,10:00,17:00,10:00,17:00,13:00,17:00,50,2300,3,0,0,0,"인천광역시 서구 원당대로839번안길 20, 한우리교회",,032-569-0691,,,,2025-11-14,3560000,인천광역시 서구
37.49445846,126.6786235,비전 작은도서관,인천광역시,서구,작은도서관,법정공휴일,09:00,17:00,09:00,15:00,09:00,15:00,20,1546,6,22,0,0,"인천광역시 서구 건지로334번길 41, 3층",,032-000-0000,,,,2025-11-14,3560000,인천광역시 서구
37.48699602,126.6872148,맑은내 작은도서관,인천광역시,서구,작은도서관,일+법정공휴일,10:30,18:00,10:30,18:30,00:00,00:00,25,3000,5,0,0,0,"인천광역시 서구 여우재로 99, 지하1층",,032-000-0000,,,,2025-11-14,3560000,인천광역시 서구
37.53493817,126.660403,나비사랑 작은도서관,인천광역시,서구,작은도서관,월,10:00,18:00,10:00,18:00,09:00,18:00,32,1460,0,0,0,0,"인천광역시 서구 담지로 58, 1층",,032-519-8293,,,,2025-11-14,3560000,인천광역시 서구
37.60508641,126.6618003,검단행복 북카페,인천광역시,서구,작은도서관,토+일+법정공휴일,09:00,18:00,00:00,00:00,00:00,00:00,40,1965,0,0,0,0,인천광역시 서구 검단로529번길 14 (마전동),,032-560-3256,,,,2025-11-14,3560000,인천광역시 서구
37.53864489,126.6415165,청호초중학교 작은도서관,인천광역시,서구,작은도서관,토+일+법정공휴일,09:00,17:00,00:00,00:00,00:00,00:00,60,5661,0,0,2,14,인천광역시 서구 청라한울로 44 (청라동),,032-456-9126,,,,2025-11-14,3560000,인천광역시 서구
37.48083269,127.1304766,송파글마루도서관,서울특별시,송파구,공공도서관,매주 월+국가지정공휴일,09:00,22:00,09:00,20:00,09:00,20:00,389,106322,66,4366,5,14,서울특별시 송파구 충민로 120 (장지동),서울특별시 송파구청,02-449-8855,3697,3697,http://www.splib.or.kr,2023-12-05,3230000,서울특별시 송파구
37.51210126,127.0824285,송파어린이도서관,서울특별시,송파구,공공도서관,매주 월+국가지정공휴일,09:00,18:00,09:00,18:00,09:00,18:00,300,88918,42,1485,5,14,서울특별시 송파구 올림픽로 105 (잠실동),서울특별시 송파구청,02-418-0303,1273,1273,http://www.splib.or.kr,2023-12-05,3230000,서울특별시 송파구
37.493545,127.1468274,거마도서관,서울특별시,송파구,공공도서관,매주 월+국가지정공휴일,09:00,22:00,09:00,20:00,09:00,20:00,241,52717,49,495,5,14,서울특별시 송파구 거마로2길 19 (거여동),서울특별시 송파구청,02-449-2332,886,886,http://www.splib.or.kr,2023-12-05,3230000,서울특별시 송파구
37.52741692,127.1180409,소나무언덕1호작은도서관,서울특별시,송파구,공공도서관,매주 월+국가지정공휴일,09:00,22:00,09:00,18:00,09:00,18:00,38,20754,20,292,5,14,서울특별시 송파구 올림픽로 47길 9 (풍납동),서울특별시 송파구청,02-475-0266,177,177,http://www.splib.or.kr,2023-12-05,3230000,서울특별시 송파구
37.50726667,127.0942173,소나무언덕2호도서관,서울특별시,송파구,공공도서관,매주 월+국가지정공휴일,09:00,22:00,09:00,18:00,09:00,18:00,68,27286,24,391,5,14,서울특별시 송파구 석촌호수로 155 (잠실동),서울특별시 송파구청,02-424-0083,329,329,http://www.splib.or.kr,2023-12-05,3230000,서울특별시 송파구
37.492325,127.156619,소나무언덕3호도서관,서울특별시,송파구,공공도서관,매주 월+국가지정공휴일,09:00,22:00,09:00,18:00,09:00,18:00,70,31418,12,333,5,14,서울특별시 송파구 성내천로 319 (마천동),서울특별시 송파구청,02-443-0130,343,343,http://www.splib.or.kr,2023-12-05,3230000,서울특별시 송파구
37.502207,127.116836,소나무언덕4호작은도서관,서울특별시,송파구,공공도서관,매주 월+국가지정공휴일,09:00,22:00,09:00,18:00,09:00,18:00,45,21326,8,365,5,14,서울특별시 송파구 송이로 34 (송파동),서울특별시 송파구청,02-419-5100,246,246,http://www.splib.or.kr,2023-12-05,3230000,서울특별시 송파구
35.1292958118,126.9066916357,노들행복작은도서관,광주광역시,남구,작은도서관,토+일+공휴일,09:00,17:00,00:00,00:00,00:00,00:00,17,3686,2,0,3,15,광주광역시 남구 봉선로51번길 21,광주광역시 남구청,062-607-4598,,37.8,,2024-12-06,3610000,광주광역시 남구
35.1514300794,126.900973,달뫼작은도서관,광주광역시,남구,작은도서관,토+일+공휴일,09:00,17:00,00:00,00:00,00:00,00:00,6,1211,0,0,3,15,광주광역시 남구 구성로38번길 10,광주광역시 남구청,062-366-3233,,43.09,,2024-12-06,3610000,광주광역시 남구
37.6621078,127.0278197,학마을도서관 (종합자료실),서울특별시,서울특별시 도봉구,공공도서관,매주월요일,09:00,20:00,09:00,17:00,09:00,17:00,36,35288,80,0,5,14,서울특별시 도봉구 도봉구 시루봉로 128,,02-955-0655,1320,1781,http://www.unilib.dobong.kr/,2018-05-01,3090000,서울특별시 도봉구
37.47102189,126.921644,난곡동 책사랑 작은도서관,서울특별시,관악구,작은도서관,토+일+공휴일,10:00,18:00,00:00,00:00,00:00,00:00,16,8916,7,0,5,14,서울특별시 관악구 난곡로 30길 40,서울특별시 관악구청,02-861-7130,836,2271,http://lib.gwanak.go.kr/,2025-12-03,3200000,서울특별시 관악구
37.46151944,126.918785,난향동 뜰안에작은도서관,서울특별시,관악구,작은도서관,토+일+공휴일,10:00,18:00,00:00,00:00,00:00,00:00,22,11057,1,253,5,14,서울특별시 관악구 난곡로 67,서울특별시 관악구청,02-867-1735,1046,1809,http://lib.gwanak.go.kr/,2025-12-03,3200000,서울특별시 관악구
37.479734,126.9313649,서원동 어울작은도서관,서울특별시,관악구,작은도서관,토+일+공휴일,10:00,18:00,00:00,00:00,00:00,00:00,20,9010,1,0,5,14,서울특별시 관악구 신림로 282,서울특별시 관악구청,02-872-5322,558,1311,http://lib.gwanak.go.kr/,2025-12-03,3200000,서울특별시 관악구
37.48161061,126.927333,신원동 울타리작은도서관,서울특별시,관악구,작은도서관,토+일+공휴일,10:00,18:00,00:00,00:00,00:00,00:00,20,7916,0,5,5,14,서울특별시 관악구 신원로3길 13,서울특별시 관악구청,02-839-1547,385,665,http://lib.gwanak.go.kr/,2025-12-03,3200000,서울특별시 관악구
37.474961,126.934984,서림동 글사랑작은도서관,서울특별시,관악구,작은도서관,토+일+공휴일,10:00,18:00,00:00,00:00,00:00,00:00,20,10400,3,11,5,14,서울특별시 관악구 신림로29길 6,서울특별시 관악구청,02-884-3951,682,780,http://lib.gwanak.go.kr/,2025-12-03,3200000,서울특별시 관악구
37.4701073,126.932964,삼성동 샛별작은도서관,서울특별시,관악구,작은도서관,토+일+공휴일,10:00,18:00,00:00,00:00,00:00,00:00,10,7443,0,7,5,14,서울특별시 관악구 호암로 589,서울특별시 관악구청,02-876-2063,,617,http://lib.gwanak.go.kr/,2025-12-03,3200000,서울특별시 관악구
37.470598,126.936927,대학동 녹두작은도서관,서울특별시,관악구,작은도서관,토+일+공휴일,10:00,18:00,00:00,00:00,00:00,00:00,20,5874,0,0,5,14,서울특별시 관악구 신림로 111,서울특별시 관악구청,02-872-4765,489,1184,http://lib.gwanak.go.kr/,2025-12-03,3200000,서울특별시 관악구
35.70782043,128.1710102,보름달작은도서관,경상남도,합천군,작은도서관,토+일+공휴일,10:00,19:00,00:00,00:00,00:00,00:00,10,3388,3,30,3388,14,경상남도 합천군 야로면 야로길 10,야로지역아동센터,055-932-5225,330.58,66.11,,2025-11-28,5480000,경상남도 합천군
35.561412,128.1599761,새마을문고센터,경상남도,합천군,작은도서관,토+일+공휴일,09:00,18:00,00:00,00:00,00:00,00:00,50,2587,0,5,2587,7,경상남도 합천군 합천읍 충효로 11-1,새마을운동합천군지회,055-932-3450,,66.11,,2025-11-28,5480000,경상남도 합천군
35.56792811,128.1567534,향파새마을작은도서관,경상남도,합천군,작은도서관,토+일+공휴일,09:00,17:00,00:00,00:00,00:00,00:00,14,7386,0,0,7386,14,경상남도 합천군 합천읍 동서로 39,새마을운동합천군지회,055-930-4530,,51.9,,2025-11-28,5480000,경상남도 합천군
35.5464249149,128.2784929361,적중문고,경상남도,합천군,작은도서관,토+일+공휴일,10:00,19:00,00:00,00:00,00:00,00:00,31,2500,5,0,2500,14,경상남도 합천군 적중면 중부1길17,적중지역아동센터,070-7784-7177,357.02,82.64,,2025-11-28,5480000,경상남도 합천군
35.558138,128.270268,도토리와친구들,경상남도,합천군,작은도서관,월+일+공휴일,10:00,18:00,10:00,18:00,00:00,00:00,50,6300,0,0,6300,14,경상남도 합천군 초계면 초계중앙로 106-10,도토리와친구들,055-931-7128,389,198,,2025-11-28,5480000,경상남도 합천군
35.43440251,128.0341132,꿈꾸는 도서관,경상남도,합천군,작은도서관,토+일+공휴일,10:00,16:00,00:00,00:00,00:00,00:00,10,3500,0,3,3500,14,경상남도 합천군 가회면 황매산로 34-11,꿈꾸는도서관,,82.64,66.12,,2025-11-28,5480000,경상남도 합천군
35.73181837,128.105972,행복한 아이터,경상남도,합천군,작은도서관,일+공휴일,10:00,19:00,11:00,17:00,00:00,00:00,40,2944,0,200,2944,14,경상남도 합천군 가야면 매안대전길 28,행복한아이터 작은도서관,070-8869-8232,264.46,148.76,,2025-11-28,5480000,경상남도 합천군
35.412918,128.121263,삼가장터3.1광장도서관,경상남도,합천군,작은도서관,토+일+공휴일,09:00,18:00,00:00,00:00,00:00,00:00,26,3479,1,0,3479,14,경상남도 합천군 삼가면 양천강변길59,삼가장터3.1광장도서관,,232,41.04,,2025-11-28,5480000,경상남도 합천군
35.76312934,128.1390964,가야아동센터작은도서관,경상남도,합천군,작은도서관,토+일+공휴일,10:00,19:00,00:00,00:00,00:00,00:00,30,1675,3,0,1675,14,경상남도 합천군 가야면 가야시장로 97-1,가야지역아동센터,055-932-7745,231.4,99.17,,2025-11-28,5480000,경상남도 합천군
35.56955627,128.1532004,합천유치원작은도서관,경상남도,합천군,작은도서관,토+일+공휴일,10:00,18:00,00:00,00:00,00:00,00:00,6,2088,0,0,2088,14,경상남도 합천군 합천읍 인덕로 2519,합천유치원,055-931-7742,,99.17,http://hcedu.gne.go.kr,2025-11-28,5480000,경상남도 합천군
35.566129,128.164193,육아종합지원센터작은도서관,경상남도,합천군,작은도서관,월+토+일+공휴일,09:00,18:00,00:00,00:00,00:00,00:00,27,1976,0,0,1976,14,경상남도 합천군 합천읍 동서로 109,합천군육아종합지원센터,055-934-0883,,115.7,http://hc4children.or.kr,2025-11-28,5480000,경상남도 합천군
35.76271077,128.1387963,가야작은도서관,경상남도,합천군,작은도서관,토+일+공휴일,10:00,19:00,00:00,00:00,00:00,00:00,18,7534,0,0,7534,14,경상남도 합천군 가야면 황산3길 8-15,가야작은도서관,055-932-9989,,122.31,,2025-11-28,5480000,경상남도 합천군
37.59701626,126.6376311,다독다독 북카페,인천광역시,서구,작은도서관,토+일+법정공휴일,10:00,17:00,00:00,00:00,00:00,00:00,35,1605,0,0,0,0,인천광역시 서구 봉화로 42 (왕길동),,032-718-5440,,,,2025-11-14,3560000,인천광역시 서구
37.52195565,126.6765082,책향 북카페,인천광역시,서구,작은도서관,토+일+법정공휴일,10:00,17:00,00:00,00:00,00:00,00:00,14,1302,0,0,0,0,인천광역시 서구 가정로406번길 25 (가정동),,032-718-3720,,,,2025-11-14,3560000,인천광역시 서구
37.61299724,126.6858828,불로문화체육센터 작은도서관,인천광역시,서구,작은도서관,일+법정공휴일,07:00,20:00,07:00,17:00,00:00,00:00,54,1220,0,0,0,0,인천광역시 서구 검단로768번1길 3 (불로동),,032-561-5670,,,,2025-11-14,3560000,인천광역시 서구
37.08933609,126.8143188,삼괴도서관,경기도,화성시,공공도서관,"매월 두 번째, 네 번째 월요일, 일요일을 제외한 법정공휴일, 재단창립기념일",09:00,22:00,09:00,18:00,09:00,18:00,186,86775,53,4063,7,14,경기도 화성시 만세구 우정읍 쌍봉로 109-26,화성시문화관광재단,031-358-2101,6612,1965,www.hscitylib.or.kr,2026-02-01,5530000,경기도 화성시
37.16058993,127.1096568,서연이음터도서관,경기도,화성시,공공도서관,"매월 첫 번째, 세 번째 월요일, 일요일을 제외한 법정공휴일, 재단창립기념일",09:00,22:00,09:00,18:00,09:00,18:00,140,47642,57,0,7,14,경기도 화성시 동탄구 동탄순환대로8길 57 (장지동),화성시인재육성재단,031-378-1352,12344,1790,www.hscitylib.or.kr,2026-02-01,5530000,경기도 화성시
37.27732279,126.8225295,송린이음터도서관,경기도,화성시,공공도서관,"매월 두 번째, 네 번째 월요일, 일요일을 제외한 법정공휴일, 재단창립기념일",09:00,22:00,09:00,18:00,09:00,18:00,204,68158,61,0,7,14,경기도 화성시 만세구 수노을2로 150 (새솔동),화성시문화관광재단,031-356-9680,14844,1141,www.hscitylib.or.kr,2026-02-01,5530000,경기도 화성시
34.83891845,127.890675,남해화전도서관,경상남도,남해군,공공도서관,화+설 연휴+추석 연휴,09:00,18:00,09:00,18:00,09:00,18:00,170,76846,19,2441,4,14,경상남도 남해군 남해읍 망운로30번길 9,경상남도 남해군청,055-860-3871,3041,2345,http://www.namhae.go.kr/lib/index.do,2025-02-27,5430000,경상남도 남해군
34.74991263,127.6904301,여수시이순신도서관,전라남도,여수시,공공도서관,법정공휴일+정기청소일,07:30,22:00,07:30,22:00,00:00,00:00,718,101867,43,15611,5,14,전라남도 여수시 웅천6길 51,전라남도 여수시청,061-659-2850,7120,5622,yslib.yeosu.go.kr,2025-02-20,4810000,전라남도 여수시
34.76217013,127.6585793,여수시립쌍봉도서관,전라남도,여수시,공공도서관,법정공휴일+정기청소일,07:30,22:00,07:30,22:00,00:00,00:00,363,158977,56,26298,5,14,전라남도 여수시 학동서4길 18-12(학동),전라남도 여수시청,061-659-4770,30311,3735,yslib.yeosu.go.kr,2025-02-20,4810000,전라남도 여수시
34.75758412,127.7317853,여수시립현암도서관,전라남도,여수시,공공도서관,법정공휴일+정기청소일,07:30,22:00,07:30,22:00,00:00,00:00,369,156271,30,5741,5,14,전라남도 여수시 충민사길 43(덕충동),전라남도 여수시청,061-659-4810,8782,3546,yslib.yeosu.go.kr,2025-02-20,4810000,전라남도 여수시
35.12981549,126.9282277,학2마을작은도서관,광주광역시,동구,작은도서관,일+국가지정공휴일,09:00,17:00,09:00,12:00,00:00,00:00,12,3215,0,0,0,0,"광주광역시 동구 남문로693번길 11, 학2마을아파트 (학동)",학2마을아파트입주자대표회의,062-223-1168,,83,,2025-06-26,3590000,광주광역시 동구
35.10512654,126.9371396,월남호반독서치유도서관,광주광역시,동구,작은도서관,토+일+국가지정공휴일,15:30,18:00,00:00,00:00,00:00,00:00,39,6414,0,0,0,0,"광주광역시 동구 남문로 377, 월남호반아파트 (월남동)",,062-227-0660,,156,,2025-06-26,3590000,광주광역시 동구
35.17171831,126.9115915,도담도담어린이도서관,광주광역시,북구,작은도서관,국가지정공휴일,10:00,17:00,13:00,17:00,00:00,00:00,20,3100,0,0,3,7,광주광역시 북구 우치로 45(중흥동),,062-514-8291,,56,https://www.smalllibrary.org/library/detail/1048482,2025-06-02,3620000,광주광역시 북구
35.18702965,126.8666034,동림동작은도서관,광주광역시,북구,작은도서관,토+국가지정공휴일,09:00,18:00,00:00,00:00,00:00,00:00,15,5270,2,0,5,15,광주광역시 북구 북문대로 236(동림동 행정복지센터 3층),광주광역시 북구 행정복지센터,062-410-8703,,186.44,https://www.smalllibrary.org/library/detail/1048355,2025-06-02,3620000,광주광역시 북구
35.16746852,126.9137492,동이트는작은도서관,광주광역시,북구,작은도서관,월+국가지정공휴일,10:00,00:00,10:00,00:00,00:00,00:00,50,2000,0,0,3,7,광주광역시 북구 당뫼로 12(중흥동),,062-525-1691,,212.47,https://www.smalllibrary.org/library/detail/1048485,2025-06-02,3620000,광주광역시 북구
37.5268695,126.8874353,양평1동공립작은도서관,서울특별시,영등포구,작은도서관,매주 토요일+일요일+법정공휴일,09:00,19:00,00:00,00:00,00:00,00:00,32,10391,0,0,10,21,서울특별시 영등포구 선유서로34길 10,서울특별시 영등포구청,02-2670-1198,,34,https://www.ydplib.or.kr/small,2025-09-04,3180000,서울특별시 영등포구
37.5094234,126.8959334,늘샘드리공립작은도서관,서울특별시,영등포구,작은도서관,일요일+법정공휴일,09:00,19:00,10:00,17:00,00:00,00:00,32,7619,0,0,10,21,서울특별시 영등포구 도영로7길 10,서울특별시 영등포구청,02-848-9622,,267,https://www.ydplib.or.kr/small,2025-09-04,3180000,서울특별시 영등포구
37.51489929,126.9245235,밤동산작은도서관,서울특별시,영등포구,작은도서관,매주 월요일+법정공휴일,09:00,18:00,09:00,17:00,09:00,17:00,70,7510,0,0,10,21,서울특별시 영등포구 여의대방로61길 18-2,영등포문화재단,02-849-9716,149,303,https://www.ydplib.or.kr,2025-09-04,3180000,서울특별시 영등포구
,,당진시립중앙도서관,충청남도,당진시,공공도서관,매주 월요일 및 국가지정 공휴일,08:00,22:00,08:00,22:00,00:00,00:00,700,156511,47,4290,5,14,충청남도 당진시 당진중앙2로 132-30(당진교육문화스포츠센터 내),,,,,,2023-12-01,5680000,충청남도 당진시
,,당진시립합덕도서관,충청남도,당진시,공공도서관,매주 월요일 및 국가지정 공휴일,09:00,22:00,09:00,22:00,00:00,00:00,150,39314,13,2253,5,14,충청남도 당진시 합덕읍 면천로 1578-1,,,,,,2023-12-01,5680000,충청남도 당진시
,,당진시립송악도서관,충청남도,당진시,공공도서관,매주 월요일 및 국가지정 공휴일,09:00,22:00,09:00,22:00,00:00,00:00,177,61414,11,2118,5,14,충청남도 당진시 송악읍 틀모시로 840,,,,,,2023-12-01,5680000,충청남도 당진시
,,송악샘터작은도서관,충청남도,당진시,작은도서관,매주 월요일 및 국가지정 공휴일,09:00,18:00,09:00,18:00,00:00,00:00,50,18934,5,0,5,14,충청남도 당진시 송악읍 송악로 668-8(중흥리노인회관 2층),,,,,,2023-12-01,5680000,충청남도 당진시
,,송악해나루작은도서관,충청남도,당진시,작은도서관,매주 월요일 및 국가지정 공휴일,09:00,18:00,09:00,18:00,00:00,00:00,44,13772,4,0,5,14,충청남도 당진시 송악읍 부곡공단4길 53-13(당진근로자종합복지관 2층),,,,,,2023-12-01,5680000,충청남도 당진시
,,고대웃음꽃작은도서관,충청남도,당진시,작은도서관,매주 월요일 및 국가지정 공휴일,09:00,18:00,09:00,18:00,00:00,00:00,25,17505,5,0,5,14,충청남도 당진시 고대면 고대로 65(고대면복지회관 2층),,,,,,2023-12-01,5680000,충청남도 당진시
,,석문생각나무작은도서관,충청남도,당진시,작은도서관,매주 월요일 및 국가지정 공휴일,09:00,18:00,09:00,18:00,00:00,00:00,31,17921,3,0,5,14,충청남도 당진시 석문면 대호만로 1736-13(서부새마을금고 2층),,,,,,2023-12-01,5680000,충청남도 당진시
,,대호지책나래작은도서관,충청남도,당진시,작은도서관,매주 월요일 및 국가지정 공휴일,09:00,18:00,09:00,18:00,00:00,00:00,50,21819,4,0,5,14,충청남도 당진시 대호지면 4.4만세로 95(대호지면복지회관 1층),,,,,,2023-12-01,5680000,충청남도 당진시
,,순성반딧불이작은도서관,충청남도,당진시,작은도서관,매주 월요일 및 국가지정 공휴일,09:00,18:00,09:00,18:00,00:00,00:00,10,10356,3,0,5,14,충청남도 당진시 순성면 순성로 504(순성성모의원 2층),,,,,,2023-12-01,5680000,충청남도 당진시
37.18938961,127.1243164,목동이음터도서관,경기도,화성시,공공도서관,"매월 첫 번째, 세 번째 월요일, 일요일을 제외한 법정공휴일, 재단창립기념일",09:00,22:00,09:00,18:00,09:00,18:00,168,94708,17,8221,7,14,경기도 화성시 동탄구 동탄순환대로20길 6 (목동),화성시문화관광재단,031-378-6771,11515,1774,www.hscitylib.or.kr,2026-02-01,5530000,경기도 화성시
37.21234435,127.0461085,병점도서관,경기도,화성시,공공도서관,"매월 첫 번째, 세 번째 월요일, 일요일을 제외한 법정공휴일, 재단창립기념일",09:00,22:00,09:00,18:00,09:00,18:00,275,141429,59,4860,7,14,경기도 화성시 병점구 병점3로 132-6 (병점동),화성시문화관광재단,031-226-1822,49171,2620,www.hscitylib.or.kr,2026-02-01,5530000,경기도 화성시
37.21942115,126.949004,봉담도서관,경기도,화성시,공공도서관,"매월 첫 번째, 세 번째 월요일, 일요일을 제외한 법정공휴일, 재단창립기념일",09:00,22:00,09:00,18:00,09:00,18:00,737,130996,75,4014,7,14,경기도 화성시 효행구 봉담읍 샘마을1길 8-4,화성시문화관광재단,031-227-7281,2394,4574,www.hscitylib.or.kr,2026-02-01,5530000,경기도 화성시
35.12473714,126.908109,봉선2차남양휴튼작은도서관,광주광역시,남구,작은도서관,토+일+공휴일,09:00,18:00,00:00,00:00,00:00,00:00,10,1247,0,0,0,0,광주광역시 남구 봉선로 115,봉선2차남양휴튼,062-672-7254,,65.9,,2024-12-06,3610000,광주광역시 남구
35.12272918,126.9123713,청담에픽영어도서관,광주광역시,남구,작은도서관,공휴일,09:00,21:00,09:00,21:00,09:00,21:00,18,1200,0,0,0,0,광주광역시 남구 봉선로 158,㈜오디세이원,062-449-0579,,178.99,,2024-12-06,3610000,광주광역시 남구
35.12181523,126.9075683,풍경작은도서관,광주광역시,남구,작은도서관,토+일+공휴일,09:00,18:00,00:00,00:00,00:00,00:00,6,1083,0,0,0,0,광주광역시 남구 제석로80번길 5,제일풍경채엘리트파크,062-652-7734,,44,,2024-12-06,3610000,광주광역시 남구
35.14576621,126.910521,꿈꾸는작은도서관,광주광역시,남구,작은도서관,공휴일,10:00,16:00,13:00,16:00,13:00,16:00,12,3315,0,0,0,0,광주광역시 남구 중앙로 122-1,홍정기,,,90.19,,2024-12-06,3610000,광주광역시 남구
35.1076032012,126.8635040924,가산작은도서관,광주광역시,남구,작은도서관,토+일+공휴일,10:00,18:00,00:00,00:00,00:00,00:00,20,1000,0,0,0,0,광주광역시 남구 효천로 176,효천1지구 LH1단지,062-674-1676,,73.09,,2024-12-06,3610000,광주광역시 남구
35.09838886,126.8830014,늘푸른작은도서관,광주광역시,남구,작은도서관,토+일+공휴일,09:00,18:00,00:00,00:00,00:00,00:00,30,1573,0,0,0,0,광주광역시 남구 효우2로 90,효천LH천년나무6단지,062-655-1804,,91.64,,2024-12-06,3610000,광주광역시 남구
35.09806998,126.8838704,브라운스톤효천작은도서관,광주광역시,남구,작은도서관,공휴일,09:00,17:00,09:00,17:00,09:00,17:00,30,5000,0,0,0,0,광주광역시 남구 효우2로 89,브라운스톤효천아파트,062-681-2800,,126.62,,2024-12-06,3610000,광주광역시 남구
35.20783601,128.1119137,푸르미 작은도서관,경상남도,진주시,작은도서관,일+공휴일,14:00,18:00,10:00,17:00,00:00,00:00,34,10517,2,100,10557,0,경상남도 진주시 초장로14번길 29(진주초전푸르지오2단지)관리사무소 내,푸르미 작은도서관,070-8988-9403,,225.85,,2025-07-31,5310000,경상남도 진주시
35.16863673,128.0538849,핑크드림 도서관,경상남도,진주시,작은도서관,토+일+공휴일,09:00,18:00,00:00,00:00,00:00,00:00,16,6332,1,0,5898,14,경상남도 진주시 진양호로125번길 4-1(평거종합사회복지관),핑크드림 도서관,055-746-5480,,36,,2025-07-31,5310000,경상남도 진주시
35.18970898,128.1202778,하대1동 새마을작은도서관,경상남도,진주시,작은도서관,토+일+공휴일,09:00,18:00,00:00,00:00,00:00,00:00,16,3208,0,0,3208,14,경상남도 진주시 도동로215번길 18(하대1동주민센터),하대1동 새마을작은도서관,055-749-4243,,38,,2025-07-31,5310000,경상남도 진주시
35.19313674,128.1267948,하대현대우리작은도서관,경상남도,진주시,작은도서관,일+공휴일,14:00,18:00,14:00,18:00,00:00,00:00,30,5800,0,0,5353,14,"경상남도 진주시 하대로 142(하대동, 하대현대아파트)",하대현대우리작은도서관,,,70,,2025-07-31,5310000,경상남도 진주시
35.17291367,128.1460613,혁신도시LH8단지 도서관,경상남도,진주시,작은도서관,일+공휴일,14:00,17:00,09:00,18:00,00:00,00:00,32,4203,0,0,1000,0,경상남도 진주시 사들로 35(혁신도시LH아파트8단지),혁신도시LH8단지 도서관,055-761-3592,113.9,78.9,,2025-07-31,5310000,경상남도 진주시
35.16204058,128.0668114,꿈꾸는 도서관,경상남도,진주시,작은도서관,토+일+공휴일,10:00,12:00,00:00,00:00,00:00,00:00,30,4429,0,0,5021,0,경상남도 진주시 내동면 순환로 425-61 (진주남강휴먼빌),꿈꾸는 도서관,055-763-0083,,139.28,,2025-07-31,5310000,경상남도 진주시
35.19374136,128.094330,LH말티고개작은도서관,경상남도,진주시,작은도서관,토+일+공휴일,10:00,17:00,00:00,00:00,00:00,00:00,20,3123,0,0,1000,14,경상남도 진주시 진산로 20,LH말티고개작은도서관,055-746-3510,,94,,2025-07-31,5310000,경상남도 진주시
37.49184717,126.9586277,청림동 푸른숲작은도서관,서울특별시,관악구,작은도서관,토+일+공휴일,10:00,18:00,00:00,00:00,00:00,00:00,20,7938,4,2,5,14,서울특별시 관악구 관악로40길 39,서울특별시 관악구청,02-876-4090,,786,http://lib.gwanak.go.kr/,2025-12-03,3200000,서울특별시 관악구
37.48064257,126.957059,행운동 마루작은도서관,서울특별시,관악구,작은도서관,토+일+공휴일,10:00,18:00,00:00,00:00,00:00,00:00,20,6476,0,1,5,14,서울특별시 관악구 행운1길 43,서울특별시 관악구청,02-876-3434,626,1447,http://lib.gwanak.go.kr/,2025-12-03,3200000,서울특별시 관악구
37.479107,126.941694,청룡동 숯고을작은도서관,서울특별시,관악구,작은도서관,토+일+공휴일,10:00,18:00,00:00,00:00,00:00,00:00,20,10961,0,43,5,14,서울특별시 관악구 쑥고개로 44,서울특별시 관악구청,02-876-4083,779,1441,http://lib.gwanak.go.kr/,2025-12-03,3200000,서울특별시 관악구
37.476264,126.958365,낙성동 우듬지작은도서관,서울특별시,관악구,작은도서관,토+일+공휴일,10:00,18:00,00:00,00:00,00:00,00:00,20,9178,4,15,5,14,서울특별시 관악구 낙성대로4가길 5,서울특별시 관악구청,02-876-4072,924,2004,http://lib.gwanak.go.kr/,2025-12-03,3200000,서울특별시 관악구
37.475044,126.9653243,인헌동 보물섬 작은도서관,서울특별시,관악구,작은도서관,토+일+공휴일,10:00,18:00,00:00,00:00,00:00,00:00,24,19766,8,246,5,14,서울특별시 관악구 남부순환로246가길 20,서울특별시 관악구청,02-889-4941,590,1497,http://lib.gwanak.go.kr/,2025-12-03,3200000,서울특별시 관악구
37.47468786,126.9778675,남현동 우리작은도서관,서울특별시,관악구,작은도서관,토+일+공휴일,10:00,18:00,00:00,00:00,00:00,00:00,60,18519,3,288,5,14,서울특별시 관악구 남현1가길 29,서울특별시 관악구청,02-525-1334,939,2448,http://lib.gwanak.go.kr/,2025-12-03,3200000,서울특별시 관악구
37.487372,126.927118,신림동 굴렁쇠작은도서관,서울특별시,관악구,작은도서관,토+일+공휴일,10:00,18:00,00:00,00:00,00:00,00:00,12,7174,3,9,5,14,서울특별시 관악구 신림동길 14,서울특별시 관악구청,02-877-2727,499,1037,http://lib.gwanak.go.kr/,2025-12-03,3200000,서울특별시 관악구
37.48540905,126.9180954,신사동 해오름작은도서관,서울특별시,관악구,작은도서관,토+일+공휴일,10:00,18:00,00:00,00:00,00:00,00:00,20,8244,1,24,5,14,서울특별시 관악구 조원로 142,서울특별시 관악구청,02-853-7336,369,695,http://lib.gwanak.go.kr/,2025-12-03,3200000,서울특별시 관악구
37.476132,126.915527,미성동 책의향기작은도서관,서울특별시,관악구,작은도서관,토+일+공휴일,10:00,18:00,00:00,00:00,00:00,00:00,20,8102,0,25,5,14,서울특별시 관악구 난곡로 249,서울특별시 관악구청,02-830-5312,396,721,http://lib.gwanak.go.kr/,2025-12-03,3200000,서울특별시 관악구
37.2103429,126.8250593,남양도서관,경기도,화성시,공공도서관,"매월 두 번째, 네 번째 월요일, 일요일을 제외한 법정공휴일",09:00,22:00,09:00,18:00,09:00,18:00,756,113967,66,0,7,14,경기도 화성시 만세구 남양읍 역골중앙로 143,경기도 화성시청,031-356-5241,4556,4499,www.hscitylib.or.kr,2026-02-01,5530000,경기도 화성시
37.20146282,127.0297732,노을빛도서관,경기도,화성시,공공도서관,"매월 첫 번째, 세 번째 월요일, 일요일을 제외한 법정공휴일, 재단창립기념일",09:00,22:00,09:30,18:00,09:30,18:00,262,37530,39,0,7,14,경기도 화성시 병점구 병점노을로 19 (병점동),화성시문화관광재단,031-226-3301,12946,739,www.hscitylib.or.kr,2026-02-01,5530000,경기도 화성시
37.21054214,127.1048231,동탄다원이음터도서관,경기도,화성시,공공도서관,"매월 두 번째, 네 번째 월요일, 일요일을 제외한 법정공휴일, 재단창립기념일",09:00,22:00,09:00,18:00,09:00,18:00,284,94873,62,2630,7,14,경기도 화성시 동탄구 동탄순환대로 754-14 (영천동),화성시인재육성재단,031-372-9611,13002,1696,www.hscitylib.or.kr,2026-02-01,5530000,경기도 화성시
37.19882557,127.1107996,동탄중앙이음터도서관,경기도,화성시,공공도서관,"매월 첫 번째, 세 번째 월요일, 일요일을 제외한 법정공휴일, 재단창립기념일",09:00,22:00,09:00,18:00,09:00,18:00,480,124473,74,2150,7,14,경기도 화성시 동탄구 동탄대로시범길 115 (청계동),화성시문화관광재단,031-378-7344,11002,2965,www.hscitylib.or.kr,2026-02-01,5530000,경기도 화성시
37.50658091,126.7236393,북구도서관,인천광역시,부평구,공공도서관,매주 월요일,09:00,20:00,09:00,17:00,09:00,17:00,500,308092,88,59748,10,22,인천광역시 부평구 신트리로 21,인천광역시교육청북구도서관,032-363-5000,9362,8098,https://lib.ice.go.kr/bukgu,2024-08-09,7310237,인천광역시교육청 인천광역시북구도서관
36.59737886,127.2941559,전의도래샘작은도서관,세종특별자치시,없음,작은도서관,매주월요일+일요일+국가지정공휴일,10:00,18:00,09:00,13:00,00:00,00:00,30,12179,1,0,5,14,세종특별자치시 조치원읍 신흥샛터3길3,세종특별자치시,044-301-5861,281,281,https://www.smalllibrary.org/library/detail/1048936,2025-08-31,5690000,세종특별자치시
36.5553423,127.3273282,연동면작은도서관,세종특별자치시,없음,작은도서관,매주월요일+일요일+국가지정공휴일,10:00,18:00,09:00,13:00,00:00,00:00,20,3469,0,0,5,14,세종특별자치시 연동면 장욱진로7,세종특별자치시,044-301-5318,99,99,https://www.smalllibrary.org/library/detail/3003376,2025-08-31,5690000,세종특별자치시
37.54822157,126.6766898,The Way 작은도서관,인천광역시,서구,작은도서관,일+월+법정공휴일,10:00,18:00,10:00,18:00,00:00,00:00,15,5521,0,0,2,7,인천광역시 서구 서곶로 341 (연희동),,032-577-6350,,,,2025-11-14,3560000,인천광역시 서구
37.56574195,126.6761717,글잎새 작은도서관,인천광역시,서구,작은도서관,휴관,00:00,00:00,00:00,00:00,00:00,00:00,15,1290,0,0,0,0,인천광역시 서구 승학로495번길 4-14 (검암동),,032-000-0000,,,,2025-11-14,3560000,인천광역시 서구
37.59780318,126.674779,하늘샘 도서관,인천광역시,서구,작은도서관,휴관,00:00,00:00,00:00,00:00,00:00,00:00,20,3000,0,0,0,0,인천광역시 서구 완정로34번길 55 (마전동),,032-562-5292,,,,2025-11-14,3560000,인천광역시 서구
37.59328217,126.6968709,꿈을 굽는 작은도서관,인천광역시,서구,작은도서관,금+일+법정공휴일,14:00,18:00,14:00,18:00,00:00,00:00,16,6482,0,0,2,7,인천광역시 서구 원당대로 860 (당하동),,032-000-0000,,,,2025-11-14,3560000,인천광역시 서구
37.48846687,126.6837645,동행 작은도서관,인천광역시,서구,작은도서관,일+월+법정공휴일,11:00,15:00,11:00,15:00,00:00,00:00,22,1138,0,0,0,0,인천광역시 서구 고래울로 6-1 (가좌동),,032-258-1062,,,,2025-11-14,3560000,인천광역시 서구
37.57093944,126.6730774,아라꿈 도서관,인천광역시,서구,작은도서관,법정공휴일,09:00,18:00,09:00,18:00,00:00,00:00,26,1350,0,0,0,0,인천광역시 서구 정서진로 651 (시천동),,032-569-6671,,,,2025-11-14,3560000,인천광역시 서구
37.520482,126.6668257,루원시티센트럴타운 작은도서관,인천광역시,서구,작은도서관,토+일+법정공휴일,10:00,18:00,00:00,00:00,00:00,00:00,14,1048,0,0,0,0,"인천광역시 서구 봉오재1로 36 (신현동, 루원시티센트럴타운)",,032-572-8561,,,,2025-11-14,3560000,인천광역시 서구
37.59946756,126.6374502,이든샘 작은도서관,인천광역시,서구,작은도서관,일+월+법정공휴일,10:00,18:00,10:00,18:00,00:00,00:00,36,2726,0,0,2,7,인천광역시 서구 봉화로69번길 3 (오류동),,032-000-0000,,,,2025-11-14,3560000,인천광역시 서구
37.52221027,126.6632878,신현어린이도서관,인천광역시,서구,작은도서관,월~목+법정공휴일,18:00,20:00,13:00,18:00,00:00,00:00,30,1556,0,0,2,7,인천광역시 서구 새오개로111번안길 19 (신현동),,032-000-0000,,,,2025-11-14,3560000,인천광역시 서구
37.54244373,126.6716546,S.F 영어 작은도서관,인천광역시,서구,작은도서관,토+일+법정공휴일,10:00,18:00,00:00,00:00,00:00,00:00,20,2300,0,0,2,7,인천광역시 서구 심곡로 17-1 (심곡동),,032-563-0602,,,,2025-11-14,3560000,인천광역시 서구
37.56719611,126.6826249,꿈땅 작은도서관,인천광역시,서구,작은도서관,월+법정공휴일,10:00,17:00,10:00,15:00,00:00,00:00,24,4750,0,0,2,7,인천광역시 서구 검암로30번길 21 (검암동),,032-563-0019,,,,2025-11-14,3560000,인천광역시 서구
37.61386507,126.6850796,불로 작은도서관,인천광역시,서구,작은도서관,월+법정공휴일,09:30,17:00,09:30,15:00,00:00,00:00,24,5450,2,0,2,7,인천광역시 서구 검단로 765 (불로동),,023-565-9500,,,,2025-11-14,3560000,인천광역시 서구
37.53260237,126.656837,빛난이슬 작은도서관,인천광역시,서구,작은도서관,일+법정공휴일,09:00,17:00,09:00,17:00,00:00,00:00,56,2100,0,0,2,7,인천광역시 서구 청라에메랄드로 84 (청라동),,032-299-9100,,,,2025-11-14,3560000,인천광역시 서구
37.52394782,126.6670938,루에블리 작은도서관,인천광역시,서구,작은도서관,토+일+법정공휴일,10:00,17:00,00:00,00:00,00:00,00:00,15,3313,0,0,0,0,"인천광역시 서구 봉오재1로 49 (신현동, 루원시티루에블리)",,032-575-3900,,,,2025-11-14,3560000,인천광역시 서구
37.50434469,126.6691833,빛과진리 작은도서관,인천광역시,서구,작은도서관,토+일+법정공휴일,10:00,18:00,00:00,00:00,00:00,00:00,20,4338,0,0,2,7,인천광역시 서구 염곡로220번길 7-1 (석남동),,032-578-8291,,,,2025-11-14,3560000,인천광역시 서구
37.53233704,126.6645242,가정LH3단지 작은도서관,인천광역시,서구,작은도서관,일+법정공휴일,09:00,17:00,10:00,17:00,00:00,00:00,24,3000,0,0,2,7,"인천광역시 서구 봉오재3로 14 (가정동, 가정엘에이치3단지)",,032-569-5661,,,,2025-11-14,3560000,인천광역시 서구
37.5391649,126.6276727,위즈덤 작은도서관,인천광역시,서구,작은도서관,휴관,00:00,00:00,00:00,00:00,00:00,00:00,30,2794,0,0,0,0,인천광역시 서구 청라한내로161번길 3-9 (청라동),,032-000-0000,,,,2025-11-14,3560000,인천광역시 서구
37.56515844,126.6735443,선한사랑 어린이도서관,인천광역시,서구,작은도서관,일+법정공휴일,10:00,17:00,10:00,17:00,00:00,00:00,33,1304,0,0,2,7,인천광역시 서구 승학로483번길 2 (검암동),,032-566-0696,,,,2025-11-14,3560000,인천광역시 서구
37.59541612,126.6704982,키다리아저씨,인천광역시,서구,작은도서관,법정공휴일,10:00,17:00,10:00,17:00,00:00,00:00,30,2200,0,0,2,7,인천광역시 서구 완정로 31 (마전동),,032-562-9179,,,,2025-11-14,3560000,인천광역시 서구
37.52195565,126.6765082,SK리더스뷰 작은도서관,인천광역시,서구,작은도서관,금+일+법정공휴일,10:00,18:00,10:00,18:00,00:00,00:00,44,2500,0,0,0,0,"인천광역시 서구 가정로 437 (가정동, 루원시티 SK Leaderss VIEW)",,032-713-9974,,,,2025-11-14,3560000,인천광역시 서구
37.53346514,126.6651474,루원더퍼스트 작은도서관,인천광역시,서구,작은도서관,일+법정공휴일,13:00,18:00,13:00,18:00,00:00,00:00,30,5000,0,0,0,0,"인천광역시 서구 봉오재2로 13 (가정동, 루원더퍼스트)",,032-569-6013,,,,2025-11-14,3560000,인천광역시 서구
36.1713509,127.7727012,영동교육도서관,충청북도,영동군,공공도서관,격주월요일+공휴일,08:00,22:00,08:00,22:00,00:00,00:00,423,75999,64,2146,5,7,충청북도 영동군 영동읍 학산영동로 1220,충청북도 영동교육지원청,043-744-5754,5102,1650,,2023-12-06,4440000,충청북도 영동군
36.19589454,127.799035,유원대학교 도서관,충청북도,영동군,대학도서관,토+금+공휴일,09:00,18:00,00:00,00:00,00:00,00:00,422,170997,3397,7764,5,10,충청북도 영동군 영동읍 대학로 310,충총북도 영동군 영동대학교,043-740-1072,1643,3748.03,,2023-12-06,4440000,충청북도 영동군
35.19643376,126.8989244,용봉작은도서관,광주광역시,북구,작은도서관,월+국가지정공휴일,09:00,18:00,09:00,18:00,00:00,00:00,50,10425,2,0,5,15,광주광역시 북구 설죽로202번길 37(용봉동 노인복지회관 2층),광주광역시 북구 도서관과,062-510-1344,,218,https://www.smalllibrary.org/library/detail/1048443,2025-06-02,3620000,광주광역시 북구
35.1872075,126.8945935,용봉주공작은도서관,광주광역시,북구,작은도서관,토+국가지정공휴일,10:00,17:00,00:00,00:00,00:00,00:00,15,3348,0,0,3,7,광주광역시 북구 매곡로 20,,062-575-0503,,39.56,https://www.smalllibrary.org/library/detail/1048444,2025-06-02,3620000,광주광역시 북구
37.4690492648,127.106912529,세곡도서관,서울특별시,강남구,작은도서관,첫째 주 월+셋째 주 월+일요일을 제외한 법정공휴일,09:00,18:00,09:00,17:00,09:00,18:00,26,29124,12,0,5,14,서울특별시 강남구 밤고개로 286 (세곡문화센터 2층),,02-445-0297,,,https://library.gangnam.go.kr/sklib/index.do,2025-12-26,3220000,서울특별시 강남구
35.1748622,126.8657311,운암1동작은도서관,광주광역시,북구,작은도서관,토+국가지정공휴일,09:00,18:00,00:00,00:00,00:00,00:00,10,2779,2,0,5,15,광주광역시 북구 동운로201번길 55(운암동),광주광역시 북구 운암1동행정복지센터,062-410-6146,,33,https://www.smalllibrary.org/library/detail/1048453,2025-06-02,3620000,광주광역시 북구
35.1741064,126.8825969,운암2동작은도서관,광주광역시,북구,작은도서관,토+국가지정공휴일,09:00,18:00,00:00,00:00,00:00,00:00,8,3950,2,0,5,15,광주광역시 북구 죽봉대로 214 (운암2동 행정복지센터 1층),광주광역시 북구 운암2동행정복지센터,062-410-8685,,60,https://www.smalllibrary.org/library/detail/1086080,2025-06-02,3620000,광주광역시 북구
35.1827847,126.8743154,운암3동작은도서관,광주광역시,북구,작은도서관,토+국가지정공휴일,09:00,18:00,00:00,00:00,00:00,00:00,10,6945,2,0,5,15,광주광역시 북구 서강로 129(운암3동 행정복지센터 3층),광주광역시 북구 운암3동행정복지센터,062-410-8605,,116,https://www.smalllibrary.org/library/detail/1048454,2025-06-02,3620000,광주광역시 북구
35.1793323,126.8703194,운암산아이파크작은도서관,광주광역시,북구,작은도서관,토+국가지정공휴일,09:00,18:00,00:00,00:00,00:00,00:00,10,1500,0,0,3,7,광주광역시 북구 서강로 77,,062-515-0007,,10,https://www.smalllibrary.org/library/detail/3008212,2025-06-02,3620000,광주광역시 북구
35.20935556,126.8911298,웃음꽃도서관,광주광역시,북구,작은도서관,연중무휴,10:00,18:00,10:00,17:00,10:00,17:00,60,20700,0,0,3,7,광주광역시 북구 일곡로 41번길 44 101호(일곡동),,,,40,https://www.smalllibrary.org/library/detail/1082191,2025-06-02,3620000,광주광역시 북구
37.55392482,126.9676059,구립 청파도서관,서울특별시,용산구,공공도서관,월+법정공휴일,09:00,21:00,09:00,17:00,00:00,00:00,75,43571,46,461,5,14,서울특별시 용산구 청파로93길 27,서울특별시 용산구청,02-714-3931,,,https://www.yslibrary.or.kr/cheongpa/index.do,2025-08-05,3020000,서울특별시 용산구
37.5389038,126.9650122,용산 꿈나무도서관,서울특별시,용산구,공공도서관,월+법정공휴일,09:00,21:00,09:00,17:00,00:00,00:00,150,57852,79,2038,5,14,서울특별시 용산구 백범로 329,서울특별시 용산구청,02-707-0138,,,https://www.yslibrary.or.kr/dream/index.do,2025-08-05,3020000,서울특별시 용산구
37.536928,126.958230,용마루어린이도서관,서울특별시,용산구,작은도서관,월+법정공휴일,10:00,19:00,10:00,17:00,00:00,00:00,55,10150,57,978,5,14,서울특별시 용산구 효창원로37길 1,서울특별시 용산구청,02-707-1030,,,https://www.yslibrary.or.kr/yongmaru/index.do,2025-08-05,3020000,서울특별시 용산구
37.5454737,126.9685013,청파 어린이 영어도서관,서울특별시,용산구,작은도서관,일+법정공휴일,10:00,19:00,10:00,17:00,00:00,00:00,24,19291,0,890,3,14,서울특별시 용산구 청파로49길 34,서울특별시 용산구청,02-702-0641,,,https://www.yslibrary.or.kr/small/index.do,2025-08-05,3020000,서울특별시 용산구
37.54101876,126.9846929,용암 어린이 영어도서관,서울특별시,용산구,작은도서관,일+법정공휴일,10:00,19:00,10:00,17:00,00:00,00:00,24,16525,0,2669,3,14,서울특별시 용산구 신흥로3가길 21-7,서울특별시 용산구청,02-798-4181,,,https://www.yslibrary.or.kr/small/index.do,2025-08-05,3020000,서울특별시 용산구
37.54869785,126.9781505,후암동작은도서관 북앤캠프,서울특별시,용산구,작은도서관,토+일+법정공휴일,09:00,17:00,00:00,00:00,00:00,00:00,33,9063,0,0,5,14,서울특별시 용산구 후암로 32-6,서울특별시 용산구청,02-2199-8758,,,https://www.yslibrary.or.kr/small/index.do,2025-08-05,3020000,서울특별시 용산구
37.54607528,126.9855699,해다올 작은도서관,서울특별시,용산구,작은도서관,토+일+법정공휴일,13:00,17:00,00:00,00:00,00:00,00:00,20,10059,0,0,5,14,서울특별시 용산구 신흥로90,서울특별시 용산구청,02-2199-8739,,,https://www.yslibrary.or.kr/small/index.do,2025-08-05,3020000,서울특별시 용산구
37.53435322,126.9515483,원효로제2동 작은도서관 두드림,서울특별시,용산구,작은도서관,토+일+법정공휴일,09:30,17:30,00:00,00:00,00:00,00:00,18,8836,0,0,5,14,서울특별시 용산구 효창원로8길 3,서울특별시 용산구청,02-2199-8755,,,https://www.yslibrary.or.kr/small/index.do,2025-08-05,3020000,서울특별시 용산구
37.54250925,126.9618379,효창동 작은도서관,서울특별시,용산구,작은도서관,토+일+법정공휴일,13:00,17:00,00:00,00:00,00:00,00:00,40,13777,0,0,5,14,서울특별시 용산구 효창원로161,서울특별시 용산구청,02-2199-8753,,,https://www.yslibrary.or.kr/small/index.do,2025-08-05,3020000,서울특별시 용산구
37.52814224,126.9692281,한강로동 작은도서관,서울특별시,용산구,작은도서관,토+일+법정공휴일,10:00,17:00,00:00,00:00,00:00,00:00,34,10463,0,0,5,14,서울특별시 용산구 한강대로38길 28,서울특별시 용산구청,02-2199-8743,,,https://www.yslibrary.or.kr/small/index.do,2025-08-05,3020000,서울특별시 용산구
37.52628148,126.9546578,이촌2동 작은도서관,서울특별시,용산구,작은도서관,일+법정공휴일,10:00,18:00,10:00,14:00,00:00,00:00,26,8354,0,0,5,14,서울특별시 용산구 이촌로18길 20,서울특별시 용산구청,02-2199-8756,,,https://www.yslibrary.or.kr/small/index.do,2025-08-05,3020000,서울특별시 용산구
37.54190232,126.9901964,회나무 작은도서관,서울특별시,용산구,작은도서관,토+일+법정공휴일,10:00,14:00,00:00,00:00,00:00,00:00,8,8493,0,0,5,14,서울특별시 용산구 회나무로13길 58,서울특별시 용산구청,02-2199-8647,,,https://www.yslibrary.or.kr/small/index.do,2025-08-05,3020000,서울특별시 용산구
36.51068344,127.2403364,시립도서관,세종특별자치시,없음,공공도서관,매주월요일+국가지정공휴일,09:00,22:00,09:00,18:00,09:00,18:00,1000,182559,164,23419,5,14,세종특별자치시 세종로1207,세종특별자치시,044-301-4300,6766,10097,https://lib.sejong.go.kr,2025-08-31,5690000,세종특별자치시
37.4024391619,126.7264659283,남동논현도서관,인천광역시,남동구,공공도서관,금+국가지정 공휴일,08:00,22:00,08:00,22:00,08:00,22:00,333,55936,59,1536,5,15,인천광역시 남동구 청능대로 611번길 15,인천광역시 남동구청,032-453-6430,41789,1411,www.namdonglib.go.kr,2025-02-11,3530000,인천광역시 남동구
37.39318223,126.7231934,소래도서관,인천광역시,남동구,공공도서관,월+국가지정 공휴일,08:00,22:00,08:00,22:00,08:00,22:00,150,119305,58,5266,5,15,인천광역시 남동구 앵고개로 793(논현동),인천광역시 남동구청,032-453-5940,1929,586,www.namdonglib.go.kr,2025-02-11,3530000,인천광역시 남동구
37.4363253,126.7462252,서창도서관,인천광역시,남동구,공공도서관,월+국가지정 공휴일,08:00,22:00,08:00,22:00,08:00,22:00,183,94504,49,2350,5,15,인천광역시 남동구 독곡로16번길 15(서창동),인천광역시 남동구청,032-453-5950,17518.9,518,www.namdonglib.go.kr,2025-02-11,3530000,인천광역시 남동구
37.46611169,126.714682,간석3동어린이도서관,인천광역시,남동구,공공도서관,월+국가지정 공휴일,09:00,18:00,09:00,17:00,09:00,17:00,80,39626,28,0,5,15,인천광역시 남동구 용천로 186(간석동),인천광역시 남동구청,032-453-5927,1342,469,www.namdonglib.go.kr,2025-02-11,3530000,인천광역시 남동구
37.60821711,126.7296092,풍무도서관,경기도,김포시,공공도서관,매주 월요일+일요일을 제외한 법정공휴일,09:00,22:00,09:00,17:00,09:00,17:00,313,126524,96,0,7,14,경기도 김포시 풍무로146번길 101(풍무동),경기도 김포시,031-5186-4870,1530,3982,http://www.gimpo.go.kr/lib/index.do,2026-03-12,4090000,경기도 김포시
37.64242826,126.6396941,마산도서관,경기도,김포시,공공도서관,매주 월요일+일요일을 제외한 법정공휴일,09:00,22:00,09:00,17:00,09:00,17:00,372,73541,80,0,7,14,경기도 김포시 김포한강7로22번길 174-6,경기도 김포시,031-5186-4890,4250,3408,http://www.gimpo.go.kr/lib/index.do,2026-03-12,4090000,경기도 김포시
35.30226604,126.7678845,장성군립중앙도서관,전라남도,장성군,공공도서관,"금+법정공휴일(단, 법정공휴일과 일요일이 겹치는 경우 휴관)+시설의 보수 및 점검·그 밖의 사유로 군수가 필요하다고 인정하는 경우",09:00,18:00,09:00,18:00,09:00,18:00,200,155656,64,13844,10,14,전라남도 장성군 장성읍 문화로 110,전라남도 장성군청,061-393-7900,57918,2925,https://lib.jangseong.go.kr,2026-02-19,4980000,전라남도 장성군
37.4613894,126.7311617,만수2동어린이도서관,인천광역시,남동구,공공도서관,월+국가지정 공휴일,09:00,18:00,09:00,17:00,09:00,17:00,65,35678,28,0,5,15,인천광역시 남동구 만수서로 46(만수동),인천광역시 남동구청,032-453-5741,1400,472,www.namdonglib.go.kr,2025-02-11,3530000,인천광역시 남동구
37.51542354,126.6689779,로이 작은도서관,인천광역시,서구,작은도서관,휴관,00:00,00:00,00:00,00:00,00:00,00:00,12,1027,0,0,0,0,인천광역시 서구 염곡로 344-1 (신현동),,032-000-0000,,,,2025-11-14,3560000,인천광역시 서구
37.58421986,126.7052687,검단LH13단지 아라작은도서관,인천광역시,서구,작은도서관,토+일+법정공휴일,10:00,17:00,00:00,00:00,00:00,00:00,18,1020,0,0,2,7,"인천광역시 서구 서로3로 49 (당하동, 인천검단 엘에이치 13단지)",,032-567-9907,,,,2025-11-14,3560000,인천광역시 서구
37.6022774,126.708984,디에트르 더힐 작은도서관,인천광역시,서구,작은도서관,법정공휴일,09:00,20:00,09:00,20:00,00:00,00:00,63,3000,0,0,0,0,"인천광역시 서구 서로3로 255 (원당동, 검단신도시 디에트르 더 힐)",,032-568-9740,,,,2025-11-14,3560000,인천광역시 서구
37.58189046,126.7125394,검단신안인스빌어반퍼스트 작은도서관,인천광역시,서구,작은도서관,토+일+법정공휴일,10:00,18:00,00:00,00:00,00:00,00:00,32,1500,0,0,0,0,"인천광역시 서구 이음1로 173, 검단신안인스빌어반퍼스트",,032-561-1992,,,,2025-11-14,3560000,인천광역시 서구
37.53684033,126.6267297,청라시티프라디움 작은도서관,인천광역시,서구,작은도서관,토+일+법정공휴일,10:00,18:00,00:00,00:00,00:00,00:00,10,1011,0,0,0,0,"인천광역시 서구 청라한내로 131, 청라시티프라디움",,032-562-5683,,,,2025-11-14,3560000,인천광역시 서구
37.51792192,126.6670859,마음이음 작은도서관,인천광역시,서구,작은도서관,토+일+법정공휴일,10:00,18:00,00:00,00:00,00:00,00:00,20,1018,0,0,0,0,"인천광역시 서구 원창로 159, 3층",,032-000-0000,,,,2025-11-14,3560000,인천광역시 서구
,,당하마루 작은도서관,인천광역시,서구,작은도서관,토+일+법정공휴일,10:00,18:00,00:00,00:00,00:00,00:00,30,1007,0,0,0,0,"인천광역시 서구 독정로 111, 인천검단LH36단지 아파트",,032-568-9270,,,,2025-11-14,3560000,인천광역시 서구
37.52195565,126.6765082,포레나루원시티 작은도서관,인천광역시,서구,작은도서관,토+일+법정공휴일,10:00,18:00,00:00,00:00,00:00,00:00,64,1009,0,0,0,0,"인천광역시 서구 서곶로 120, 포레나루원시티 아파트",,032-569-6337,,,,2025-11-14,3560000,인천광역시 서구
37.58727269,126.7082031,한신더휴어반파크 작은도서관,인천광역시,서구,작은도서관,토+일+법정공휴일,10:00,18:00,00:00,00:00,00:00,00:00,60,1003,0,0,0,0,"인천광역시 서구 매밭로 130, 검단한신더휴어반파크",,032-569-7967,,,,2025-11-14,3560000,인천광역시 서구
36.46073266,127.1110429,공주시 도서관(웅진도서관),충청남도,공주시,공공도서관,"매주월요일, 법정공휴일",08:00,22:00,08:00,22:00,08:00,22:00,373,142209,61,5948,142209,300,충청남도 공주시 고마나루길 17,공주시,041-840-2205,7600,2900,www.gongjulib.go.kr,2024-08-28,4500000,충청남도 공주시
36.47133917,127.1549033,공주시 도서관(기적의도서관),충청남도,공주시,공공도서관,"매주월요일, 법정공휴일",08:00,22:00,08:00,22:00,08:00,22:00,530,131582,33,16217,131582,300,충청남도 공주시 월송동현로 51,공주시,041-840-8955,6000,4075,www.gongjulib.go.kr,2024-08-28,4500000,충청남도 공주시
34.9579849,127.4860252,그림책도서관,전라남도,순천시,공공도서관,매주 월요일(다만 월요일이 공휴일인 경우 그 다음날 휴관) + 설날+ 추석 + 전시 준비 기간 중 공휴일,09:00,18:00,09:00,18:00,09:00,18:00,175,82981,17,270,20,14,전라남도 순천시 도서관길 33,전라남도 순천시청 도서관운영과,061-749-8892,5276,2332,https://library.suncheon.go.kr/pblibrary/,2025-05-19,4820000,전라남도 순천시
34.94710586,127.5185747,연향도서관,전라남도,순천시,공공도서관,매월 첫 번째 월요일(정비의 날)+ 일요일을 제외한 국가 지정 공휴일(일요일과 국가 지정 공휴일이 겹칠 경우 휴관),08:00,22:00,08:00,22:00,08:00,22:00,556,150219,31,3446,20,14,전라남도 순천시 연향번영길 54,전라남도 순천시청 도서관운영과,061-749-8555,6333,4114,https://library.suncheon.go.kr/,2025-05-19,4820000,전라남도 순천시
34.94715332,127.527648,기적의도서관,전라남도,순천시,공공도서관,매월 첫 번째 월요일(정비의 날)+ 일요일을 제외한 국가 지정 공휴일(일요일과 국가 지정 공휴일이 겹칠 경우 휴관),09:00,18:00,09:00,18:00,09:00,18:00,315,92705,14,1076,20,14,전라남도 순천시 해룡면 기적의도서관길 60,전라남도 순천시청 도서관운영과,061-749-8890,4204,1890,https://library.suncheon.go.kr/miracle,2025-05-19,4820000,전라남도 순천시
34.9640441,127.5245546,조례호수도서관,전라남도,순천시,공공도서관,매월 첫 번째 월요일(정비의 날)+ 일요일을 제외한 국가 지정 공휴일(일요일과 국가 지정 공휴일이 겹칠 경우 휴관),08:00,22:00,08:00,22:00,08:00,22:00,308,88565,56,580,20,14,전라남도 순천시 조례2길 31,전라남도 순천시청 도서관운영과,061-749-8891,4950,2292,https://library.suncheon.go.kr/,2025-05-19,4820000,전라남도 순천시
34.9307676584,127.5465480383,신대도서관,전라남도,순천시,공공도서관,매월 첫 번째 월요일(정비의 날)+ 일요일을 제외한 국가 지정 공휴일(일요일과 국가 지정 공휴일이 겹칠 경우 휴관),09:00,21:00,09:00,21:00,09:00,21:00,150,70071,80,2204,20,14,전라남도 순천시 해룡면 좌야로 71,전라남도 순천시청 도서관운영과,061-749-4374,1837,778,https://library.suncheon.go.kr/,2025-05-19,4820000,전라남도 순천시
35.17891941,128.797674,팔판빛오름작은도서관,경상남도,김해시,작은도서관,매주월요일+일요일+국가지정공휴일,09:00,18:00,09:00,18:00,00:00,00:00,60,8584,4,7,10,14,"경상남도 김해시 덕정로 108, 복리동 지하1층(관동동, 팔판마을부영이그린타운9차)",경상남도 김해시청,055-904-2408,,113,http://lib.gimhae.go.kr,2026-01-28,5350000,경상남도 김해시
35.45273826,128.5305123,영산도서관,경상남도,창녕군,공공도서관,월+국가지정공휴일,09:00,18:00,09:00,18:00,00:00,00:00,153,70201,29,5854,5,14,경상남도 창녕군 영산면 원다리길 34,경상남도 창녕군청,055-530-1931,6500,1400,http://www.cng.go.kr/ysl.web,2025-12-23,5410000,경상남도 창녕군
37.693983,126.5920603,통진도서관,경기도,김포시,공공도서관,매주 월요일+일요일을 제외한 법정공휴일,07:00,22:00,07:00,22:00,07:00,22:00,406,173404,97,4843,20,14,경기도 김포시 통진읍 조강로 132,경기도 김포시,031-5186-4980,6313,4080,http://www.gimpo.go.kr/lib/index.do,2026-03-12,4090000,경기도 김포시
37.6616235,126.6314373,양곡도서관,경기도,김포시,공공도서관,매주 금요일+일요일을 제외한 법정공휴일,09:00,22:00,09:00,17:00,09:00,17:00,161,112191,91,2077,20,14,경기도 김포시 양촌읍 양곡4로197번길 40,경기도 김포시,031-5186-4830,2095,1702,http://www.gimpo.go.kr/lib/index.do,2026-03-12,4090000,경기도 김포시
37.60328556,126.7708991,고촌도서관,경기도,김포시,공공도서관,매주 금요일+일요일을 제외한 법정공휴일,09:00,22:00,09:00,17:00,09:00,17:00,162,105014,86,448,20,14,경기도 김포시 고촌읍 장차로 14,경기도 김포시,031-5186-4850,2850,3079,http://www.gimpo.go.kr/lib/index.do,2026-03-12,4090000,경기도 김포시
37.64176517,126.6766167,장기도서관,경기도,김포시,공공도서관,매주 금요일+일요일을 제외한 법정공휴일,09:00,22:00,09:00,17:00,09:00,17:00,465,173532,108,39086,7,14,경기도 김포시 김포한강2로 42(장기동),경기도 김포시,031-5186-4680,2993,5865,http://www.gimpo.go.kr/lib/index.do,2026-03-12,4090000,경기도 김포시
37.413912,126.623216,송도5동작은도서관,인천광역시,연수구,작은도서관,매주 일ㆍ월요일+국가지정공휴일,10:00,18:00,10:00,18:00,00:00,00:00,20,10812,0,0,5,15,인천광역시 연수구 인천타워대로 501,인천광역시 연수구청,032-721-6330,4000,486,http://www.yspubliclib.go.kr,2025-03-19,3520000,인천광역시 연수구
35.85902104,128.7018714,안심도서관,대구광역시,동구,공공도서관,월+국가지정 공휴일(일요일 제외),09:00,22:00,09:00,17:00,09:00,17:00,205,146986,38,8887,10,15,대구광역시 동구 금호강변로 360,(재)대구광역시 동구문화재단,053-980-2600,4032,2469,https://library.daegu.go.kr/donggu,2025-03-31,3420000,대구광역시 동구
35.87147288,128.617776,신천도서관,대구광역시,동구,공공도서관,월+국가지정 공휴일(일요일 제외),09:00,20:00,09:00,17:00,09:00,17:00,69,45687,38,5388,10,15,대구광역시 동구 동부로6길 65,(재)대구광역시 동구문화재단,053-980-2600,358,694,https://library.daegu.go.kr/donggu,2025-03-31,3420000,대구광역시 동구
35.87997911,128.612707,신암2동작은도서관,대구광역시,동구,작은도서관,토+국가지정 공휴일,09:00,18:00,00:00,00:00,00:00,00:00,40,13735,5,0,10,15,대구광역시 동구 신성로 56,(재)대구광역시 동구문화재단,053-957-9755,,119,https://library.daegu.go.kr/donggu,2025-03-31,3420000,대구광역시 동구
35.881049,128.618888,신암3동작은도서관,대구광역시,동구,작은도서관,토+국가지정 공휴일,09:00,18:00,00:00,00:00,00:00,00:00,22,5055,5,0,10,15,대구광역시 동구 아양로 8길 10-1,(재)대구광역시 동구문화재단,053-957-9756,,81.4,https://library.daegu.go.kr/donggu,2025-03-31,3420000,대구광역시 동구
35.87541517,128.623746,신천3동 작은도서관,대구광역시,동구,작은도서관,토+국가지정 공휴일,09:00,18:00,00:00,00:00,00:00,00:00,40,7595,5,0,10,15,대구광역시 동구 장등로 90,(재)대구광역시 동구문화재단,053-957-9757,,101.1,https://library.daegu.go.kr/donggu,2025-03-31,3420000,대구광역시 동구
35.881614,128.644945,효목1동 작은도서관,대구광역시,동구,작은도서관,토+국가지정 공휴일,09:00,18:00,00:00,00:00,00:00,00:00,18,4967,5,0,10,15,대구광역시 동구 화랑로41길 46,(재)대구광역시 동구문화재단,053-957-9758,,47.8,https://library.daegu.go.kr/donggu,2025-03-31,3420000,대구광역시 동구
35.878152,128.641247,효목2동 작은도서관,대구광역시,동구,작은도서관,토+국가지정 공휴일,09:00,18:00,00:00,00:00,00:00,00:00,45,7387,5,0,10,15,대구광역시 동구 화랑로25길 45,(재)대구광역시 동구문화재단,053-957-9759,,118.8,https://library.daegu.go.kr/donggu,2025-03-31,3420000,대구광역시 동구
35.90997576,128.6501287,도평동 작은도서관,대구광역시,동구,작은도서관,토+국가지정 공휴일,09:00,18:00,00:00,00:00,00:00,00:00,50,7452,5,0,10,15,대구광역시 동구 팔공로24길 171,(재)대구광역시 동구문화재단,053-957-9760,126.1,126.51,https://library.daegu.go.kr/donggu,2025-03-31,3420000,대구광역시 동구
35.90964286,128.641811,불로어울림 작은도서관,대구광역시,동구,작은도서관,토+국가지정 공휴일,09:00,18:00,00:00,00:00,00:00,00:00,45,8472,5,0,10,15,대구광역시 동구 팔공로24길 5,(재)대구광역시 동구문화재단,053-957-9761,138.85,138.85,https://library.daegu.go.kr/donggu,2025-03-31,3420000,대구광역시 동구
35.893708,128.638279,지저동 작은도서관,대구광역시,동구,작은도서관,토+국가지정 공휴일,09:00,18:00,00:00,00:00,00:00,00:00,55,7948,5,0,10,15,대구광역시 동구 해동로 7길 14,(재)대구광역시 동구문화재단,053-957-9762,162,162,https://library.daegu.go.kr/donggu,2025-03-31,3420000,대구광역시 동구
35.890163,128.649818,동촌역사 작은도서관,대구광역시,동구,작은도서관,토+국가지정 공휴일,09:00,18:00,00:00,00:00,00:00,00:00,50,6610,5,0,10,15,대구광역시 동구 동촌역사로 3길 35,(재)대구광역시 동구문화재단,053-957-9763,166.51,166.51,https://library.daegu.go.kr/donggu,2025-03-31,3420000,대구광역시 동구
35.882076,128.671675,해안동 작은도서관,대구광역시,동구,작은도서관,토+국가지정 공휴일,09:00,18:00,00:00,00:00,00:00,00:00,38,5823,5,0,10,15,대구광역시 동구 방촌로 29길 46,(재)대구광역시 동구문화재단,053-957-9765,85.56,85.56,https://library.daegu.go.kr/donggu,2025-03-31,3420000,대구광역시 동구
35.872504,128.724995,반야월역사 작은도서관,대구광역시,동구,작은도서관,토+국가지정 공휴일,09:00,18:00,00:00,00:00,00:00,00:00,45,7320,5,0,10,15,대구광역시 동구 신서로 50,(재)대구광역시 동구문화재단,053-957-9766,102.51,102.51,https://library.daegu.go.kr/donggu,2025-03-31,3420000,대구광역시 동구
35.88130152,128.6644272,방촌동 작은도서관,대구광역시,동구,작은도서관,토+국가지정 공휴일,09:00,18:00,00:00,00:00,00:00,00:00,60,8366,5,0,10,15,대구광역시 동구 동촌로 46길 2,(재)대구광역시 동구문화재단,053-957-9764,183,183,https://library.daegu.go.kr/donggu,2025-03-31,3420000,대구광역시 동구
35.92758878,128.2835666,경상북도교육청성주도서관,경상북도,성주군,공공도서관,매주월요일,09:00,22:00,09:00,22:00,09:00,22:00,204,84537,95,3209,10,14,경상북도 성주군 성주읍 주천로 15-11,경상북도교육청성주도서관,054-933-2095,5277,2292,https://www.gbelib.kr/sj,2025-06-24,8931000,경상북도교육청 경상북도성주교육지원청
36.95695788,127.930566,충청북도중원교육문화원책누리도서관,충청북도,충주시,공공도서관,매주월요일+공휴일,09:00,22:00,09:00,18:00,00:00,00:00,164,69467,62,1672,5,15,충청북도 충주시 호암대로 50,충청북도중원교육문화원,043-841-8955,12467,2133,https://www.jwec.go.kr/,2025-06-23,8000451,충청북도교육청 충청북도중원교육문화원
35.12206372,126.9174046,문화정보도서관,광주광역시,남구,공공도서관,둘째주 월+넷째주 월+공휴일,09:00,18:00,09:00,17:00,00:00,00:00,346,97423,27,3321,5,15,광주광역시 남구 봉선로 208,광주광역시 남구청,062-607-2521,3724,1714,http://lib.namgu.gwangju.kr/,2024-12-06,3610000,광주광역시 남구
35.12920853,126.8952049,푸른길도서관,광주광역시,남구,공공도서관,둘째주 월+넷째주 월+공휴일,09:00,22:00,09:00,17:00,00:00,00:00,190,64612,23,8127,5,15,광주광역시 남구 금당로 140,광주광역시 남구청,062-607-2531,1701,1462,http://lib.namgu.gwangju.kr/,2024-12-06,3610000,광주광역시 남구
35.12337076,126.9077424,청소년도서관,광주광역시,남구,공공도서관,첫째주 월+셋째주 월+공휴일,09:00,22:00,09:00,17:00,00:00,00:00,158,65244,24,267,5,15,광주광역시 남구 제석로 100,광주광역시 남구청,062-607-2541,3715,2099,http://lib.namgu.gwangju.kr/,2024-12-06,3610000,광주광역시 남구
35.1019895336,126.8937373083,효천어울림도서관,광주광역시,남구,공공도서관,첫째주 월+셋째주 월+공휴일,09:00,22:00,09:00,17:00,00:00,00:00,170,38188,24,0,5,15,광주광역시 남구 효우로 208,광주광역시 남구청,062-607-2552,1520,1376,http://lib.namgu.gwangju.kr/,2024-12-06,3610000,광주광역시 남구
35.22890489,128.8998574,활천행복작은도서관,경상남도,김해시,작은도서관,매주월요일+일요일+국가지정공휴일,09:00,18:00,09:00,18:00,00:00,00:00,30,9266,0,75,10,14,"경상남도 김해시 인제로11번길 51, 활천동주민센터 2층(삼정동)",경상남도 김해시청,055-337-5544,,95,http://lib.gimhae.go.kr,2026-01-28,5350000,경상남도 김해시
35.24456328,128.910444,칠암도서관,경상남도,김해시,공공도서관,매월마지막주 월요일+국가지정공휴일,09:00,22:00,09:00,18:00,09:00,18:00,540,105162,123,4621,10,14,경상남도 김해시 활천로285번길 14 (삼방동),경상남도 김해시청,055-330-4581,,5868,http://lib.gimhae.go.kr,2026-01-28,5350000,경상남도 김해시
35.24282762,128.8834639,캐슬작은도서관,경상남도,김해시,작은도서관,매주월요일+일요일+국가지정공휴일,09:00,18:00,09:00,17:00,00:00,00:00,22,11435,0,76,10,14,"경상남도 김해시 가야로451번길 9, 관리동 2층(동상동, 롯데캐슬1단지아파트)",경상남도 김해시청,055-334-4822,,85,http://lib.gimhae.go.kr,2026-01-28,5350000,경상남도 김해시
35.10108091,126.8732541,에코시티작은도서관,광주광역시,남구,작은도서관,토+일+공휴일,13:00,18:00,00:00,00:00,00:00,00:00,40,4000,0,0,3,7,광주광역시 남구 효천2로 12,중흥s-클래스에코시티,062-674-9131,,100,,2024-12-06,3610000,광주광역시 남구
35.10287955,126.8758333,에코파크작은도서관,광주광역시,남구,작은도서관,공휴일,09:00,18:00,13:00,18:00,13:00,18:00,34,1610,4,0,0,0,광주광역시 남구 효천3로 110,효천1중흥s-클래스에코파크,062-674-1001,,70.76,,2024-12-06,3610000,광주광역시 남구
35.10068544,126.8819706,풍경채1차작은도서관,광주광역시,남구,작은도서관,일+공휴일,11:00,19:00,10:00,14:00,00:00,00:00,70,5100,0,0,3,7,광주광역시 남구 효우로 332-10,제일풍경채에듀파크1단지,062-654-0526,,194,,2024-12-06,3610000,광주광역시 남구
35.1023528,126.8745874,리얼레스트작은도서관,광주광역시,남구,작은도서관,월,10:00,17:00,10:00,17:00,10:00,17:00,20,2068,0,0,0,0,광주광역시 남구 효천중앙로 52,회복하는교회,0507-1433-198,,43.21,,2024-12-06,3610000,광주광역시 남구
35.10057963,126.8810552,상상작은도서관,광주광역시,남구,작은도서관,공휴일,09:00,23:00,09:00,23:00,09:00,23:00,10,1018,0,0,0,0,광주광역시 남구 효우로 332-11,효천2지구중흥S클래스아파트입주자대표회의,062-651-3370,,49,,2024-12-06,3610000,광주광역시 남구
35.10024965,126.8720412,효천시티프라디움작은도서관,광주광역시,남구,작은도서관,공휴일,09:00,23:00,09:00,23:00,09:00,23:00,24,1700,0,0,0,0,광주광역시 남구 효천2로 1,효천시티프라디움아파트,062-675-0930,,123.165,,2024-12-06,3610000,광주광역시 남구
35.14102744,126.9154826,5.18민주인권작은도서관,광주광역시,남구,작은도서관,공휴일,10:00,18:00,10:00,17:00,10:00,17:00,30,2700,0,0,0,0,광주광역시 남구 천변좌로418번길 18,사단법인 오월어머니집,062-227-0518,,64.17,,2024-12-06,3610000,광주광역시 남구
35.13607575,126.9174994,버들애작은도서관,광주광역시,남구,작은도서관,공휴일,09:30,18:00,09:00,17:00,09:00,17:00,15,2600,0,0,0,0,광주광역시 남구 정율성로 7,양림휴먼시아2단지,062-651-6688,,38.64,,2024-12-06,3610000,광주광역시 남구
35.13705754,126.9132714,사랑의뜰안작은도서관,광주광역시,남구,작은도서관,토+일+공휴일,14:00,18:00,00:00,00:00,00:00,00:00,16,1116,1,0,3,7,광주광역시 남구 양림로 39-1,영원한빛교회,062-654-9101,,36.91,,2024-12-06,3610000,광주광역시 남구
35.14599055,126.8930501,사랑작은도서관,광주광역시,남구,작은도서관,공휴일,09:00,18:00,09:00,17:00,09:00,17:00,20,4049,0,0,3,14,광주광역시 남구 대남대로372번안길 11-2,사랑봉사단,062-367-0442,,50,,2024-12-06,3610000,광주광역시 남구
35.14687809,126.8921944,수박등마을작은도서관,광주광역시,남구,작은도서관,토+일+공휴일,13:00,18:00,00:00,00:00,00:00,00:00,20,1659,0,0,3,7,광주광역시 남구 금화로446번가길 12,월산4동주민자치회,062-366-6888,,41.78,,2024-12-06,3610000,광주광역시 남구
35.14849646,126.8919672,월산상록작은도서관,광주광역시,남구,작은도서관,공휴일,10:00,18:00,10:00,18:00,10:00,18:00,35,2180,4,120,3,14,광주광역시 남구 경열로54번길 24,광주상록교회,062-653-0690,,90,,2024-12-06,3610000,광주광역시 남구
35.13797009,126.8958849,새마을작은도서관,광주광역시,남구,작은도서관,토+일+공휴일,09:00,18:00,00:00,00:00,00:00,00:00,22,2253,0,0,3,7,광주광역시 남구 대남대로 289,새마을문고광주광역시지부,062-361-4680,,165,,2024-12-06,3610000,광주광역시 남구
35.14128781,126.9022516,생각쟁이작은도서관,광주광역시,남구,작은도서관,토+일+공휴일,10:00,18:00,00:00,00:00,00:00,00:00,30,19051,0,0,3,7,광주광역시 남구 독립로 85,성도제일교회,062-352-8944,,82.64,,2024-12-06,3610000,광주광역시 남구
35.13035707,126.8919511,금당작은도서관,광주광역시,남구,작은도서관,공휴일,10:00,19:00,10:00,15:00,10:00,15:00,14,3941,0,0,0,0,광주광역시 남구 회서로22번나길 13,호산나교회,062-653-7112,,33.75,,2024-12-06,3610000,광주광역시 남구
35.12889505,126.8986212,꿈나래작은도서관,광주광역시,남구,작은도서관,일+공휴일,10:00,20:00,10:00,17:00,00:00,00:00,36,1800,0,0,0,0,광주광역시 남구 서문대로 780,호반힐하임아파트,062-651-8383,,85,,2024-12-06,3610000,광주광역시 남구
35.12767693,126.8967859,무지개작은도서관,광주광역시,남구,작은도서관,일+공휴일,09:00,18:00,09:00,17:00,00:00,00:00,50,5000,0,0,0,0,광주광역시 남구 회서로52번길 19,무지개지역아동센터,062-682-0191,,158,,2024-12-06,3610000,광주광역시 남구
35.1339663639,126.8991200444,양우내안애작은도서관,광주광역시,남구,작은도서관,토+일+공휴일,09:00,18:00,00:00,00:00,00:00,00:00,20,1005,0,0,0,0,광주광역시 남구 대남대로223번길 10,양우내안애아파트입주자대표회의,062-674-9117,,93.7752,,2024-12-06,3610000,광주광역시 남구
37.48896262,127.0000503,방배숲환경도서관,서울특별시,서초구,공공도서관,금+ 법정공휴일,09:00,22:00,09:00,18:00,09:00,18:00,115,22801,0,0,5,14,서울특별시 서초구 서초대로 160-7,(사)에코맘코리아,02-537-6001,1635,1635,https://forest.seocholib.or.kr/,2025-12-22,3210000,서울특별시 서초구
35.30467825,128.7369112,진영한빛도서관,경상남도,김해시,공공도서관,매월마지막주 월요일+국가지정공휴일,09:00,22:00,09:00,18:00,09:00,18:00,259,122350,103,6459,10,14,경상남도 김해시 진영읍 김해대로 440,경상남도 김해시청,055-330-4831,,6568,http://lib.gimhae.go.kr,2026-01-28,5350000,경상남도 김해시
35.19409243,128.8108585,책고래작은도서관,경상남도,김해시,작은도서관,매주월요일+일요일+국가지정공휴일,09:30,18:30,09:30,18:30,00:00,00:00,20,15390,25,0,10,14,"경상남도 김해시 장유로334번길 76, 관리동 3층(신문동, 장유e편한세상아파트)",경상남도 김해시청,055-314-5879,,193,http://lib.gimhae.go.kr,2026-01-28,5350000,경상남도 김해시
35.17924236,128.7922295,팔판작은도서관,경상남도,김해시,작은도서관,매주월요일+일요일+국가지정공휴일,09:00,18:00,09:00,17:00,00:00,00:00,30,14272,7,3,10,14,"경상남도 김해시 덕정로 68, 관리동 지하1층(관동동, 팔판마을부영이그린타운3차아파트)",경상남도 김해시청,055-312-9822,,306,http://lib.gimhae.go.kr,2026-01-28,5350000,경상남도 김해시
35.25471487,128.8690008,하늘빛작은도서관,경상남도,김해시,작은도서관,매주월요일+일요일+국가지정공휴일,09:00,18:00,09:00,17:00,00:00,00:00,32,12414,23,0,10,14,"경상남도 김해시 구산로5번길 65, 구지마을 동원아파트복리동 지하1층(구산동)",경상남도 김해시청,055-314-3601,,211,http://lib.gimhae.go.kr,2026-01-28,5350000,경상남도 김해시
35.23075022,128.8644942,한국작은도서관,경상남도,김해시,작은도서관,매주월요일+일요일+국가지정공휴일,09:00,18:00,09:00,18:00,00:00,00:00,14,16914,0,0,10,14,"경상남도 김해시 분성로 155, 한국2차 관리동 지하1층(외동)",경상남도 김해시청,055-334-5400,,200,http://lib.gimhae.go.kr,2026-01-28,5350000,경상남도 김해시
35.32535981,128.8004901,한림미래작은도서관,경상남도,김해시,작은도서관,매주월요일+일요일+국가지정공휴일,09:30,18:30,09:30,18:30,00:00,00:00,70,11184,5,52,10,14,"경상남도 김해시 한림면 한림로 458번길 20, 한걸음센터 2층",경상남도 김해시청,055-346-7274,,161,http://lib.gimhae.go.kr,2026-01-28,5350000,경상남도 김해시
35.2308061,128.8537536,한신책사랑작은도서관,경상남도,김해시,작은도서관,매주월요일+일요일+국가지정공휴일,10:00,18:00,09:00,17:00,00:00,00:00,15,9609,24,0,10,14,"경상남도 김해시 분성로48번길 16, 한신타워아파트 관리동 2층(외동)",경상남도 김해시청,055-337-5151,,88,http://lib.gimhae.go.kr,2026-01-28,5350000,경상남도 김해시
35.26212698,128.8662657,화정글샘도서관,경상남도,김해시,공공도서관,매월마지막주 월요일+국가지정공휴일,09:00,22:00,09:00,18:00,09:00,18:00,128,115759,115,5171,10,14,경상남도 김해시 삼계중앙로13번길 19(삼계동),경상남도 김해시청,055-330-2971,,4245,http://lib.gimhae.go.kr,2026-01-28,5350000,경상남도 김해시
35.13664058,126.8946351,무등지역아동센터작은도서관,광주광역시,남구,작은도서관,일+공휴일,11:00,20:00,13:00,18:00,00:00,00:00,15,2500,10,0,3,7,광주광역시 남구 군분로 32,무등지역아동센터,062-365-7156,,39.7,,2024-12-06,3610000,광주광역시 남구
35.11287126,126.8995346,풍림작은도서관,광주광역시,남구,작은도서관,토+일+공휴일,10:00,17:00,00:00,00:00,00:00,00:00,20,2102,0,0,3,7,광주광역시 남구 화산로31번안길 2,진월풍림아파트,062-671-1901,,112.2,,2024-12-06,3610000,광주광역시 남구
35.10619942,126.9079239,5단지솔빛작은도서관,광주광역시,남구,작은도서관,일+공휴일,10:00,18:00,10:00,17:00,00:00,00:00,14,3200,0,0,0,0,광주광역시 남구 노대실로 33,송화마을5단지,,,57,,2024-12-06,3610000,광주광역시 남구
35.10203276,126.8993362,민들레작은도서관,광주광역시,남구,작은도서관,토+일+공휴일,09:00,18:00,00:00,00:00,00:00,00:00,9,6521,4,0,3,14,광주광역시 남구 효덕로 201,(사)실로암사람들,062-672-7784,,35.26,,2024-12-06,3610000,광주광역시 남구
37.7559784,128.9081075,성덕반딧불작은도서관,강원특별자치도,강릉시,작은도서관,월+국가지정 공휴일,09:00,18:00,09:00,18:00,09:00,18:00,48,16070,6,0,5,10,강원특별자치도 강릉시 강중길 55(입암동),강원특별자치도 강릉시청,033-660-3260,668,392.6,http://www.gnslib.or.kr/,2025-11-25,4201000,강원특별자치도 강릉시
37.76300847,128.9084261,어울림작은도서관,강원특별자치도,강릉시,작은도서관,월+국가지정 공휴일,09:00,18:00,09:00,18:00,09:00,18:00,81,11856,6,0,5,10,강원특별자치도 강릉시 성덕포남로149번길 42(포남동),강원특별자치도 강릉시청,033-660-3261,335,483.84,http://www.gnslib.or.kr/,2025-11-25,4201000,강원특별자치도 강릉시
37.74552171,128.891124,남산작은도서관,강원특별자치도,강릉시,작은도서관,월+국가지정 공휴일,09:00,18:00,09:00,18:00,09:00,18:00,32,7977,7,0,5,10,강원특별자치도 강릉시 강변로 194번길 21(내곡동),강원특별자치도 강릉시청,033-660-3265,128,170.28,http://www.gnslib.or.kr/,2025-11-25,4201000,강원특별자치도 강릉시
37.758707,128.9013043,옥거리작은도서관,강원특별자치도,강릉시,작은도서관,월+국가지정 공휴일,09:00,18:00,09:00,18:00,09:00,18:00,29,12455,7,0,5,10,강원특별자치도 강릉시 경강로 2157(옥천동) 한국자산관리공사 강원지역본부 1층,강원특별자치도 강릉시청,033-660-3262,1678.4,141.7,http://www.gnslib.or.kr/,2025-11-25,4201000,강원특별자치도 강릉시
37.787332,128.912116,초당작은도서관,강원특별자치도,강릉시,작은도서관,월+국가지정 공휴일,09:00,18:00,09:00,18:00,09:00,18:00,48,6098,6,0,5,10,강원특별자치도 강릉시 연당길 116(초당동),강원특별자치도 강릉시청,033-640-4542,558,224.56,http://www.gnslib.or.kr/,2025-11-25,4201000,강원특별자치도 강릉시
37.76316223,128.918217,월대산작은도서관,강원특별자치도,강릉시,작은도서관,월+국가지정 공휴일,09:00,18:00,09:00,18:00,09:00,18:00,53,9159,7,0,5,10,강원특별자치도 강릉시 성덕포남로 80-21(입암동),강원특별자치도 강릉시청,033-640-4543,250,218.75,http://www.gnslib.or.kr/,2025-11-25,4201000,강원특별자치도 강릉시
37.75323917,128.8753354,강릉책문화센터,강원특별자치도,강릉시,공공도서관,일+월+국가지정 공휴일,09:00,18:00,09:00,18:00,00:00,00:00,131,16385,0,0,5,10,강원특별자치도 강릉시 강릉대로33 (홍제동),강원특별자치도 강릉시청,033-640-5881,143.122,1358,http://www.gn.go.kr/gbcc/,2025-11-25,4201000,강원특별자치도 강릉시
35.20716823,129.0947605,동래읍성도서관,부산광역시,동래구,공공도서관,매주 월요일+국가지정공휴일,07:00,22:00,07:00,22:00,00:00,00:00,179,63406,50,1415,5,14,부산광역시 동래구 동래로159번길153 (칠산동),부산광역시 동래구청,051-550-6901,1022,956.38,http://lib.dongnae.go.kr/dongnae,2025-11-19,3300000,부산광역시 동래구
35.19698358,129.107726,안락누리도서관,부산광역시,동래구,공공도서관,매주 월요일+국가지정공휴일,07:00,22:00,07:00,22:00,00:00,00:00,186,64808,49,0,5,14,부산광역시 동래구 명안로 10번길 64 (안락동),부산광역시 동래구청,051-550-6911,524.6,993.41,http://lib.dongnae.go.kr/allak,2025-11-19,3300000,부산광역시 동래구
34.8615032,128.4247136,통영시립도서관,경상남도,통영시,공공도서관,매주월요일+법정공휴일,09:00,22:00,09:00,18:00,00:00,00:00,171,87868,22,5949,5,14,경상남도 통영시 무전3길 29,경상남도 통영시 평생학습관,055-650-2630,10763,1693,http://www.tongyeonglib.or.kr,2025-11-15,5330000,경상남도 통영시
34.87320995,128.4205408,통영시립충무도서관,경상남도,통영시,공공도서관,매주금요일+법정공휴일,09:00,22:00,09:00,18:00,00:00,00:00,169,73226,22,0,5,14,경상남도 통영시 용남면 기호바깥길 7-87,경상남도 통영시 평생학습관,055-650-2640,5155,2001,http://www.tongyeonglib.or.kr,2025-11-15,5330000,경상남도 통영시
34.80286788,128.3934494,꿈이랑도서관,경상남도,통영시,공공도서관,매주월요일+법정공휴일,09:00,18:00,09:00,18:00,00:00,00:00,80,29136,11,0,5,14,경상남도 통영시 산양읍 둔전길 155,경상남도 통영시 평생학습관,055-650-2500,2684,1223,http://www.tongyeonglib.or.kr,2025-11-15,5330000,경상남도 통영시
34.63676613,128.2633651,통영시립욕지도서관,경상남도,통영시,공공도서관,매주월요일+법정공휴일,09:00,18:00,09:00,18:00,00:00,00:00,52,46814,10,230,5,14,경상남도 통영시 욕지면 중촌길 203,경상남도 통영시 욕지면,055-650-4580,3022,886,http://www.tongyeonglib.or.kr,2025-11-15,5330000,경상남도 통영시
34.6405087,126.7697201,강진군도서관,전라남도,강진군,공공도서관,개관기념일+관공서의 공휴일에 관한 규정에 정하는 공휴일,09:00,22:00,09:00,22:00,00:00,12:00,201,142553,1,18984,5,14,전라남도 강진군 강진읍 남문길 10,전라남도 강진군청,061-430-3832,4527,3638,https://www.gjlib.go.kr/,2025-11-19,4920000,전라남도 강진군
37.556385,127.010838,가온도서관,서울특별시,중구,공공도서관,월+법정공휴일,09:00,22:00,09:00,22:00,09:00,22:00,169,81391,26,457,10,14,서울특별시 중구 동호로14길 18,재단법인중구문화재단,02-2230-2921,486,965.95,https://www.junggulib.or.kr,2025-11-13,3010000,서울특별시 중구
37.561723,127.0189303,어울림도서관,서울특별시,중구,공공도서관,월+법정공휴일,09:00,22:00,09:00,22:00,09:00,22:00,190,86145,35,1578,10,14,서울특별시 중구 다산로38길 66-35,재단법인중구문화재단,02-2230-2901,618,1557.4,https://www.junggulib.or.kr,2025-11-13,3010000,서울특별시 중구
37.547167,127.005677,남산타운어린이도서관,서울특별시,중구,공공도서관,월(격주)+일(2·4주)+법정공휴일,09:00,22:00,09:00,18:00,09:00,18:00,65,38717,12,634,10,14,서울특별시 중구 다산로 32,재단법인중구문화재단,02-2230-2941,577,274,https://www.junggulib.or.kr,2025-11-13,3010000,서울특별시 중구
37.55592073,126.9645377,손기정어린이도서관,서울특별시,중구,공공도서관,월+법정공휴일,09:00,22:00,09:00,18:00,09:00,18:00,70,28428,13,0,10,14,서울특별시 중구 손기정로 101,재단법인중구문화재단,02-2230-2945,445,448,https://www.junggulib.or.kr,2025-11-13,3010000,서울특별시 중구
37.56230079,127.0145942,신당누리도서관,서울특별시,중구,공공도서관,일+법정공휴일,09:00,22:00,09:00,18:00,00:00,00:00,64,17313,10,0,10,14,서울특별시 중구 다산로33길 2,재단법인중구문화재단,02-2230-2960,1226,653,https://www.junggulib.or.kr,2025-11-13,3010000,서울특별시 중구
37.551604,127.0043894,다산성곽도서관,서울특별시,중구,공공도서관,월+법정공휴일,09:00,22:00,09:00,22:00,09:00,22:00,80,17282,26,0,10,14,서울특별시 중구 동호로17길 173,재단법인중구문화재단,02-2230-2965,788,442,https://www.junggulib.or.kr,2025-11-13,3010000,서울특별시 중구
37.55592073,126.9645377,손기정문화도서관,서울특별시,중구,공공도서관,월+법정공휴일,09:00,22:00,09:00,22:00,09:00,22:00,140,26463,29,0,10,14,서울특별시 중구 손기정로101-3,재단법인중구문화재단,02-2230-2950,486,927,https://www.junggulib.or.kr,2025-11-13,3010000,서울특별시 중구
37.29279817,127.1474288,청덕도서관,경기도,용인시,공공도서관,둘째 주 월+넷째 주 월+공휴일,09:00,22:00,09:00,17:00,00:00,00:00,266,118244,88,1528,7,14,경기도 용인시 기흥구 구성1로 44,경기도 용인시청,031-6193-1350,4328,1981,https://lib.yongin.go.kr/,2024-11-20,4050000,경기도 용인시
37.15380506,127.1706227,남사도서관,경기도,용인시,공공도서관,첫째 주 월+셋째 주 월+공휴일,09:00,22:00,09:00,17:00,00:00,00:00,366,88536,105,848,7,14,경기도 용인시 처인구 남사면 한숲로 61,경기도 용인시청,031-6193-1370,20322,3382,https://lib.yongin.go.kr/,2024-11-20,4050000,경기도 용인시
37.23758228,127.2854997,양지해밀도서관,경기도,용인시,공공도서관,월+공휴일,09:00,18:00,09:00,17:00,00:00,00:00,67,48420,25,0,7,14,경기도 용인시 처인구 양지면 교동로18번길 8,경기도 용인시청,031-6193-1285,3248,706,https://lib.yongin.go.kr/,2024-11-20,4050000,경기도 용인시
37.13912157,127.199754,이동꿈틀도서관,경기도,용인시,공공도서관,월+공휴일,09:00,18:00,09:00,17:00,00:00,00:00,121,36957,20,418,7,14,경기도 용인시 처인구 이동읍 경기동로705번길 16,경기도 용인시청,031-6193-1390,2000,792,https://lib.yongin.go.kr/,2024-11-20,4050000,경기도 용인시
37.28617851,127.1135998,기흥도서관,경기도,용인시,공공도서관,첫째 주 월+셋째 주 월,07:00,22:00,07:00,22:00,09:00,18:00,608,194188,91,3607,7,14,경기도 용인시 기흥구 기흥로116번길 10,경기도 용인시청,031-6193-1440,13200,6607,https://lib.yongin.go.kr/,2024-11-20,4050000,경기도 용인시
37.2967623,127.1189833,구성도서관,경기도,용인시,공공도서관,첫째 주 월+셋째 주 월,07:00,22:00,07:00,22:00,09:00,18:00,478,142051,100,4289,7,14,경기도 용인시 기흥구 구성로77번길 17,경기도 용인시청,031-6193-1470,8937,2775,https://lib.yongin.go.kr/,2024-11-20,4050000,경기도 용인시
37.24841486,127.1090246,보라도서관,경기도,용인시,공공도서관,둘째 주 월+넷째 주 월,07:00,22:00,07:00,22:00,09:00,18:00,470,153651,108,1967,7,14,경기도 용인시 기흥구 한보라2로 116,경기도 용인시청,031-6193-1490,87722,4323,https://lib.yongin.go.kr/,2024-11-20,4050000,경기도 용인시
37.27498371,127.0839883,흥덕도서관,경기도,용인시,공공도서관,둘째 주 월+넷째 주 월,07:00,22:00,07:00,22:00,09:00,18:00,467,142985,85,1344,7,14,경기도 용인시 기흥구 흥덕중앙로 153,경기도 용인시청,031-6193-1510,3674,4494,https://lib.yongin.go.kr/,2024-11-20,4050000,경기도 용인시
37.2376446803,127.0687630018,서농도서관,경기도,용인시,공공도서관,첫째 주 월+셋째 주 월,07:00,22:00,07:00,22:00,09:00,18:00,288,68104,94,0,7,14,경기도 용인시 기흥구 서천서로 83,경기도 용인시청,031-6193-1530,8609,2887,https://lib.yongin.go.kr/,2024-11-20,4050000,경기도 용인시
37.2675563799,127.0969496220,영덕도서관,경기도,용인시,공공도서관,첫째 주 월+셋째 주 월+공휴일,09:00,22:00,09:00,17:00,00:00,00:00,145,29529,99,0,7,14,경기도 용인시 기흥구 덕영대로2077번길 7,경기도 용인시청,031-6193-1550,808,2307,https://lib.yongin.go.kr/,2024-11-20,4050000,경기도 용인시
37.27274411,127.1295592,구갈희망누리도서관,경기도,용인시,공공도서관,일+공휴일,09:00,18:00,09:00,17:00,00:00,00:00,64,44906,17,0,7,14,경기도 용인시 기흥구 갈곡로12번길 1,경기도 용인시청,031-6193-1465,357,264,https://lib.yongin.go.kr/,2024-11-20,4050000,경기도 용인시
37.32027602,127.0946874,수지도서관,경기도,용인시,공공도서관,둘째 주 월+넷째 주 월+공휴일,09:00,22:00,09:00,17:00,00:00,00:00,592,271260,116,3708,7,14,경기도 용인시 수지구 문정로7번길 23,경기도 용인시청,031-6193-1620,15538,5059,https://lib.yongin.go.kr/,2024-11-20,4050000,경기도 용인시
37.33043385,127.1186264,죽전도서관,경기도,용인시,공공도서관,첫째 주 월+셋째 주 월,07:00,22:00,07:00,22:00,09:00,18:00,494,199579,92,3453,7,14,경기도 용인시 수지구 대지로 89,경기도 용인시청,031-6193-1650,6490,4965,https://lib.yongin.go.kr/,2024-11-20,4050000,경기도 용인시
37.299975,127.0742442,상현도서관,경기도,용인시,공공도서관,첫째 주 월+셋째 주 월,07:00,22:00,07:00,22:00,09:00,18:00,522,163450,79,1856,7,14,경기도 용인시 수지구 법조로 232,경기도 용인시청,031-6193-1670,5435,6813,https://lib.yongin.go.kr/,2024-11-20,4050000,경기도 용인시
35.5409345,129.1085195119,작천정작은도서관,울산광역시,울주군,작은도서관,매주토요일+매주일요일+국가지정공휴일,09:00,18:00,00:00,00:00,00:00,00:00,22,4633,0,0,5,14,울산광역시 울주군 삼남읍 작괘들길 2,울산광역시 울주군 삼남읍행정복지센터,052-254-5901,,60.24,https://uljulib.ulju.ulsan.kr/index.do,2025-04-30,3730000,울산광역시 울주군
35.3499577,129.3259379,해오름작은도서관,울산광역시,울주군,작은도서관,매주토요일+매주일요일+국가지정공휴일,09:00,18:00,00:00,00:00,00:00,00:00,15,8506,0,0,5,14,울산광역시 울주군 서생면 해맞이로 894,울산광역시 울주군 서생면행정복지센터,052-238-0245,,66,https://uljulib.ulju.ulsan.kr/index.do,2025-04-30,3730000,울산광역시 울주군
35.4612667,129.2083197,웅촌작은도서관,울산광역시,울주군,작은도서관,매주토요일+매주일요일+국가지정공휴일,09:00,18:00,00:00,00:00,00:00,00:00,8,6963,0,0,5,14,울산광역시 울주군 웅촌면 새초천길 12,울산광역시 울주군 웅촌면행정복지센터,052-221-2637,,66,https://uljulib.ulju.ulsan.kr/index.do,2025-04-30,3730000,울산광역시 울주군
35.59030254,129.0908602,가지산작은도서관,울산광역시,울주군,작은도서관,매주토요일+매주일요일+국가지정공휴일,09:00,18:00,00:00,00:00,00:00,00:00,10,7152,0,0,5,14,울산광역시 울주군 상북면 도동신리로 5,울산광역시 울주군 상북면행정복지센터,052-254-1240,,72,https://uljulib.ulju.ulsan.kr/index.do,2025-04-30,3730000,울산광역시 울주군
35.5236404,129.1575392,느티나무작은도서관,울산광역시,울주군,작은도서관,매주토요일+매주일요일+국가지정공휴일,09:00,18:00,00:00,00:00,00:00,00:00,11,5977,0,0,5,14,울산광역시 울주군 삼동면 삼동로 777,울산광역시 울주군 삼동면행정복지센터,052-254-0177,,49,https://uljulib.ulju.ulsan.kr/index.do,2025-04-30,3730000,울산광역시 울주군
35.4385037,129.3153148,온산도서관,울산광역시,울주군,작은도서관,매주월요일+국가지정공휴일,09:00,21:30,09:00,17:30,09:00,17:30,74,36472,22,0,5,14,울산광역시 울주군 온산읍 명봉거남로 46,울산광역시 울주군 시설관리공단,052-229-9686,,937.02,https://uljulib.ulju.ulsan.kr/index.do,2025-04-30,3730000,울산광역시 울주군
34.9666776,127.4860721,삼산도서관,전라남도,순천시,공공도서관,매월 첫 번째 월요일(정비의 날)+ 일요일을 제외한 국가 지정 공휴일(일요일과 국가 지정 공휴일이 겹칠 경우 휴관),09:00,22:00,09:00,22:00,09:00,22:00,473,177805,44,7534,20,14,전라남도 순천시 중앙로 232,전라남도 순천시청 도서관운영과,061-749-6691,26160,5026,https://library.suncheon.go.kr/,2025-05-19,4820000,전라남도 순천시
36.59572048,127.2878041,조치원어린이도서관,세종특별자치시,없음,작은도서관,매주월요일+일요일+국가지정공휴일,10:00,18:00,09:00,13:00,00:00,00:00,38,16952,3,0,5,14,세종특별자치시 조치원읍 대첩로76,세종특별자치시,044-715-5570,439,439,https://www.smalllibrary.org/library/detail/1611430,2025-08-31,5690000,세종특별자치시
36.4868083,127.2561142,싱싱도서관,세종특별자치시,없음,작은도서관,매주월요일+일요일+국가지정공휴일,10:00,18:00,09:00,13:00,00:00,00:00,29,2315,1,0,5,14,세종특별자치시 새롬로 20,세종특별자치시,044-865-1361,272,272,https://www.smalllibrary.org/library/detail/3284895,2025-08-31,5690000,세종특별자치시
36.68109425,127.195188,전의나무도서관,세종특별자치시,없음,작은도서관,매주월요일+일요일+국가지정공휴일,10:00,18:00,09:00,13:00,00:00,00:00,21,1407,1,0,5,14,세종특별자치시 전의면 운주산로 1276,세종특별자치시,044-301-5862,266,266,https://www.smalllibrary.org/library/detail/3657822,2025-08-31,5690000,세종특별자치시
36.50190569,127.2566165,어진작은도서관,세종특별자치시,없음,작은도서관,매주월요일+일요일+국가지정공휴일,10:00,18:00,09:00,13:00,00:00,00:00,31,3035,1,0,5,14,세종특별자치시 다솜1로 31,세종특별자치시,044-301-7561,238,238,https://www.smalllibrary.org/library/detail/3706589,2025-08-31,5690000,세종특별자치시
36.2322653,126.6058086,충청남도보령교육지원청웅천도서관,충청남도,보령시,공공도서관,일+국가지정공휴일,09:00,18:00,09:00,18:00,00:00,00:00,109,71207,25,2375,20,21,충청남도 보령시 웅천읍 방축길 90-39,충청남도교육청,041-934-1789,3096,1013,https://uclib.cne.go.kr,2025-09-04,8171101,충청남도교육청 충청남도보령교육지원청 충청남도보령교육지원청웅천도서관
37.46005722,126.8928436,롯데캐슬1차 작은도서관,서울특별시,금천구,작은도서관,일요일+법정공휴일,10:00,17:00,10:00,14:00,00:00,00:00,30,2500,0,0,10,14,서울특별시 금천구 벚꽃로40,롯데캐슬1차 작은도서관,070-4405-8780,,76,,2025-03-13,3170000,서울특별시 금천구
37.4657639016,126.8889750803,책이든거리작은도서관,서울특별시,금천구,작은도서관,월요일+일요일+법정공휴일,10:00,20:00,10:00,14:30,00:00,00:00,16,9007,0,0,10,14,"서울특별시 금천구 범안로 1142, 고가도로 아래",금천문화재단,02-853-3327,,211,https://geumcheonlib.seoul.kr,2025-03-13,3170000,서울특별시 금천구
37.348868,126.8098854,달미작은도서관,경기도,안산시,작은도서관,매주금요일+국가지정공휴일+추석연휴+설날연휴,09:00,18:00,09:00,18:00,00:00,00:00,80,26514,18,0,10,14,경기도 안산시 단원구 선삼로4안길 25-9(선부동),안산시 중앙도서관,031-481-3750,,499.64,http://lib.ansan.go.kr,2025-06-10,3930000,경기도 안산시
37.32393654,126.8377438,당곡작은도서관,경기도,안산시,작은도서관,매주월요일+국가지정공휴일+추석연휴+설날연휴,09:00,18:00,09:00,18:00,00:00,00:00,30,24658,20,0,10,14,경기도 안산시 단원구 예술대학로 76(중앙동),안산시 중앙도서관,031-481-3879,,429.08,http://lib.ansan.go.kr,2025-06-10,3930000,경기도 안산시
37.24047289,126.5831173,대부도서관,경기도,안산시,공공도서관,매주월요일+국가지정공휴일+추석연휴+설날연휴,09:00,22:00,09:00,18:00,00:00,00:00,99,45561,23,1738,10,14,경기도 안산시 단원구 대남로 30(대부북동),안산시 중앙도서관,031-481-3955,2091,997.25,http://lib.ansan.go.kr,2025-06-10,3930000,경기도 안산시
37.30932822,126.9028041,반월도서관,경기도,안산시,공공도서관,매주월요일+국가지정공휴일+추석연휴+설날연휴,09:00,22:00,09:00,18:00,00:00,00:00,276,40172,26,1778,10,14,경기도 안산시 상록구 반월새싹길 39-3(건건동),안산시 감골도서관,031-481-2663,2446,956.06,http://lib.ansan.go.kr,2025-06-10,3930000,경기도 안산시
37.29399604,126.8722919,본오도서관,경기도,안산시,공공도서관,매주월요일+국가지정공휴일+추석연휴+설날연휴,09:00,18:00,09:00,18:00,00:00,00:00,104,35816,26,511,10,14,경기도 안산시 상록구 각골로 49(본오동),안산시 감골도서관,031-481-3697,480.1,740.2,http://lib.ansan.go.kr,2025-06-10,3930000,경기도 안산시
35.71336266,126.928137,감골작은도서관,전북특별자치도,정읍시,작은도서관,일요일+공휴일,09:30,17:30,09:30,12:00,00:00,00:00,16,4184,0,0,5,17,전북특별자치도 정읍시 감곡면 원삼 1길 24,주민자치(감골작은도서관 운영위원회),063-571-0002,,68,,2025-07-23,4691000,전북특별자치도 정읍시
35.56175847,126.8524729,초산작은도서관,전북특별자치도,정읍시,작은도서관,토요일+일요일+공휴일,09:00,18:00,00:00,00:00,00:00,00:00,11,7203,0,0,5,17,전북특별자치도 정읍시 천변로 226(초산동주민센터 3층),주민자치(초산작은도서관 운영위원회),063-535-0365,,81,,2025-07-23,4691000,전북특별자치도 정읍시
35.55248583,126.8934734,실버작은도서관,전북특별자치도,정읍시,작은도서관,토요일+일요일+공휴일,09:00,18:00,00:00,00:00,00:00,00:00,24,5732,0,0,5,17,전북특별자치도 정읍시 금붕1길 190(실버a 관리동 2층),주민자치(실버작은도서관 운영위원회),063-533-0955,,135,,2025-07-23,4691000,전북특별자치도 정읍시
35.56107666,126.8360941,상교작은도서관,전북특별자치도,정읍시,작은도서관,일요일+공휴일,11:00,19:30,10:00,12:00,00:00,00:00,50,5963,0,0,5,17,전북특별자치도 정읍시 서부산업도로 138-5,주민자치(상교작은도서관 운영위원회),063-531-1455,,305,,2025-07-23,4691000,전북특별자치도 정읍시
35.57635491,126.8576577,꿈꾸는작은도서관,전북특별자치도,정읍시,작은도서관,토요일+일요일+공휴일,10:00,19:00,00:00,00:00,00:00,00:00,33,8190,0,0,5,17,전북특별자치도 정읍시 수성택지2길 17,주민자치(꿈꾸는작은도서관 운영위원회),063-531-3260,,101,,2025-07-23,4691000,전북특별자치도 정읍시
35.5676679,126.8528989,다문화작은도서관,전북특별자치도,정읍시,작은도서관,월요일+일요일+공휴일,10:00,18:00,10:00,18:00,00:00,00:00,22,4924,0,0,5,17,전북특별자치도 정읍시 중앙2길 22,주민자치(다문화작은도서관 운영위원회),063-532-0035,,110,,2025-07-23,4691000,전북특별자치도 정읍시
37.7503157,127.0581573,자금동 작은도서관,경기도,의정부시,작은도서관,매주토요일+매주일요일+법정공휴일,09:00,18:00,00:00,00:00,00:00,00:00,24,11188,0,0,10,21,경기도 의정부시 거북로 13 (금오동),경기도 의정부시청 도서관과,031-870-7861,1184,75.6,http://www.uilib.go.kr,2025-06-30,3820000,경기도 의정부시
37.7264075,127.0542625,장암동 작은도서관,경기도,의정부시,작은도서관,매주토요일+매주일요일+법정공휴일,09:00,18:00,00:00,00:00,00:00,00:00,32,7674,0,0,10,21,경기도 의정부시 장곡로250번길 23 (장암동),경기도 의정부시청 도서관과,031-870-7565,700,243.96,http://www.uilib.go.kr,2025-06-30,3820000,경기도 의정부시
38.00570829,127.2454886,포천시립영중꿈나무도서관,경기도,포천시,공공도서관,일+월+법정공휴일,09:00,18:00,10:00,19:00,00:00,00:00,0,33143,14,1777,7,14,경기도 포천시 영중면 양문로 151,포천시립영중꿈나무도서관,031-538-3942,6600,610.67,https://lib.pocheon.go.kr/yeongjung/index.do,2023-12-04,5600000,경기도 포천시
38.08772182,127.2742284,포천시립영북도서관,경기도,포천시,공공도서관,금+법정공휴일,09:00,20:00,09:00,18:00,00:00,00:00,38,33541,42,1285,7,14,경기도 포천시 영북면 운천안길 3,경기도 포천시,031-538-3971,1382,1127,https://lib.pocheon.go.kr/yeongbuk/index.do,2023-12-04,5600000,경기도 포천시
37.8537067,127.159927,포천시립선단도서관,경기도,포천시,공공도서관,월+법정공휴일,09:00,20:00,09:00,18:00,00:00,00:00,120,20385,24,4819,7,14,경기도 포천시 삼육사로 2186번길 7,경기도 포천시,031-538-3990,1998,452.85,https://lib.pocheon.go.kr/seondan/index.do,2023-12-04,5600000,경기도 포천시
35.57207784,126.8659434,책향기작은도서관,전북특별자치도,정읍시,작은도서관,토요일+일요일+공휴일,09:00,18:00,00:00,00:00,00:00,00:00,24,7472,0,0,5,17,전북특별자치도 정읍시 말고개길 73-5,전북특별자치도 정읍시청,063-537-6432,,113,,2025-07-23,4691000,전북특별자치도 정읍시
35.82269363,128.4521122,다산도서관,경상북도,고령군,공공도서관,월+법정공휴일,09:00,18:00,09:00,17:00,00:00,00:00,206,36481,20,469,7,14,경상북도 고령군 다산면 다산로681,경상북도 고령군청,054-950-6271,,,http://lib.goryeong.go.kr,2025-06-30,5200000,경상북도 고령군
35.949834,126.936459,모현도서관,전북특별자치도,익산시,공공도서관,매주 월요일+일요일을 제외한 법정 공휴일,07:00,22:00,07:00,22:00,07:00,22:00,340,208377,171,32675,5,21,전북특별자치도 익산시 선화로6길 7,익산시 모현시립도서관,063-859-3731,9963,7492,https://lib.iksan.go.kr/mh,2025-06-30,4681000,전북특별자치도 익산시
35.940071,126.968691,마동도서관,전북특별자치도,익산시,공공도서관,매주 월요일+일요일을 제외한 법정 공휴일,07:00,22:00,07:00,22:00,07:00,22:00,139,274148,222,7369,5,21,전북특별자치도 익산시 선화1로 99,익산시 모현시립도서관,063-859-3465,8669,4958,https://lib.iksan.go.kr/md,2025-06-30,4681000,전북특별자치도 익산시
35.962916,126.977744,영등도서관,전북특별자치도,익산시,공공도서관,매주 월요일+일요일을 제외한 법정 공휴일,07:00,22:00,07:00,22:00,07:00,22:00,258,190003,99,6188,5,21,전북특별자치도 익산시 궁동로 57,익산시 영등시립도서관,063-859-4661,2910,3959,https://lib.iksan.go.kr/yd,2025-06-30,4681000,전북특별자치도 익산시
35.868973,128.562315,New평리도서관,대구광역시,서구,공공도서관,월+공휴일,09:00,18:00,09:00,17:00,09:00,17:00,202,15159,19,2592,10,15,대구광역시 서구 평리로73길 37,대구광역시 서구청,053-663-3881,812,1692,http://lib.dgs.go.kr,2025-06-24,3430000,대구광역시 서구
37.49097294,126.9053053,조롱박작은도서관,서울특별시,영등포구,작은도서관,매주 월요일+일요일+법정공휴일,09:00,18:00,09:00,17:00,00:00,00:00,48,6186,0,0,10,21,서울특별시 영등포구 대림로8길 13-1,영등포문화재단,02-849-8935,172,198,https://www.ydplib.or.kr,2025-09-04,3180000,서울특별시 영등포구
37.52012008,126.8972026,영등포생각공장도서관,서울특별시,영등포구,공공도서관,매주 월요일+법정공휴일,09:00,20:00,09:00,17:00,09:00,17:00,78,12272,0,0,10,21,서울특별시 영등포구 문래북로 105,영등포문화재단,02-2069-1893,,817,https://www.ydplib.or.kr,2025-09-04,3180000,서울특별시 영등포구
35.1024571,126.9042862,송화7단지작은도서관,광주광역시,남구,작은도서관,토+일+공휴일,10:00,18:00,00:00,00:00,00:00,00:00,20,4936,0,0,3,14,광주광역시 남구 노대실로 89,송화마을7단지입주자대표회의,062-675-9339,,129,,2024-12-06,3610000,광주광역시 남구
35.11017886,126.9023863,송화마을3단지작은도서관,광주광역시,남구,작은도서관,일+공휴일,11:00,18:00,09:00,12:00,00:00,00:00,45,3200,2,87,3,14,광주광역시 남구 효우로60번길 10,송화마을휴먼시아3단지,062-675-1058,,238,,2024-12-06,3610000,광주광역시 남구
35.10465053,126.9089031,송화마을휴먼시아6단지작은도서관,광주광역시,남구,작은도서관,공휴일,09:00,18:00,09:00,18:00,09:00,18:00,20,1300,0,0,0,0,광주광역시 남구 노대실로 49,송화마을휴먼시아6단지,062-682-1991,,85.47,,2024-12-06,3610000,광주광역시 남구
35.10809617,126.9003959,숲속작은도서관,광주광역시,남구,작은도서관,토+일+공휴일,09:00,19:00,00:00,00:00,00:00,00:00,30,3404,0,2,3,14,광주광역시 남구 효우로60번길 37,숲속작은도서관자치위원회,,,113.78,,2024-12-06,3610000,광주광역시 남구
35.10232236,126.8892697,자윤작은도서관,광주광역시,남구,작은도서관,토+일+공휴일,09:00,18:00,00:00,00:00,00:00,00:00,6,1400,4,10,3,7,광주광역시 남구 효우2로26번길 6,오관영,062-575-3857,,38.4,,2024-12-06,3610000,광주광역시 남구
35.10166517,126.8873049,제일풍경채에듀파크2단지작은도서관,광주광역시,남구,작은도서관,토+일+공휴일,10:00,18:00,00:00,00:00,00:00,00:00,16,2600,0,0,0,0,광주광역시 남구 효우2로 46,제일풍경채에듀파크2단지,062-655-0563,,84,,2024-12-06,3610000,광주광역시 남구
37.57295354,126.9555487,이진아기념도서관,서울특별시,서대문구,공공도서관,매주 월요일 및 법정공휴일(일요일제외),09:00,20:00,09:00,17:00,09:00,17:00,238,166562,110,16193,7,14,서울특별시 서대문구 독립문공원길 80,서대문구도시관리공단,02-360-8600,757,2765,http://lib.sdm.or.kr,2025-08-09,3120000,서울특별시 서대문구
37.57833984,126.9240465,남가좌새롬어린이도서관,서울특별시,서대문구,공공도서관,매주 월요일 및 법정공휴일(일요일제외),09:00,20:00,09:00,17:00,09:00,17:00,75,68794,26,661,7,14,서울특별시 서대문구 증가로10길 16-15,서대문구도시관리공단,02-360-8639,287.9,674.58,http://lib.sdm.or.kr,2025-08-09,3120000,서울특별시 서대문구
37.601701,126.9489544,홍은도담도서관,서울특별시,서대문구,공공도서관,매주 금요일 및 법정공휴일(일요일제외),09:00,20:00,09:00,17:00,09:00,17:00,65,42911,24,169,7,14,서울특별시 서대문구 홍은중앙로 129,서대문구도시관리공단,02-360-8640,474,697.25,http://lib.sdm.or.kr,2025-08-09,3120000,서울특별시 서대문구
37.562901,126.9623774,알음알음작은도서관,서울특별시,서대문구,작은도서관,"토·일요일, 법정공휴일",09:00,18:00,00:00,00:00,00:00,00:00,30,13371,0,0,7,14,"서울특별시 서대문구 경기대로 40, 충현동자치회관",서대문구도시관리공단,02-330-8164,0,106,http://lib.sdm.or.kr,2025-08-09,3120000,서울특별시 서대문구
37.56960387,126.9613146,하늘샘작은도서관,서울특별시,서대문구,작은도서관,"토·일요일, 법정공휴일",09:00,18:00,00:00,00:00,00:00,00:00,12,6740,0,0,7,14,"서울특별시 서대문구 독립문로 27, 천연보건분소 5층",서대문구도시관리공단,02-3410-8334,0,165,http://lib.sdm.or.kr,2025-08-09,3120000,서울특별시 서대문구
37.559456,126.9570371,북아현마을 북카페,서울특별시,서대문구,작은도서관,"토·일요일, 법정공휴일",09:00,18:00,00:00,00:00,00:00,00:00,35,7058,0,0,7,14,"서울특별시 서대문구 북아현로 24, 북아현동주민센터 3층",서대문구도시관리공단,02-330-8672,0,90,http://lib.sdm.or.kr,2025-08-09,3120000,서울특별시 서대문구
37.56930165,126.9307755,아이누리작은도서관,서울특별시,서대문구,작은도서관,"토·일요일, 법정공휴일",09:00,18:00,00:00,00:00,00:00,00:00,39,12783,0,0,7,14,"서울특별시 서대문구 증가로 13-10, 연희동자치회관",서대문구도시관리공단,02-330-8775,0,160,http://lib.sdm.or.kr,2025-08-09,3120000,서울특별시 서대문구
37.59323535,126.9439056,햇살작은도서관,서울특별시,서대문구,작은도서관,"토·일요일, 법정공휴일",09:00,18:00,00:00,00:00,00:00,00:00,25,6518,0,0,7,14,"서울특별시 서대문구 세검정로1길 45, 홍은1동 자치회관 2층",서대문구도시관리공단,02-330-8461,0,80,http://lib.sdm.or.kr,2025-08-09,3120000,서울특별시 서대문구
37.58010825,126.9341521,행복작은도서관,서울특별시,서대문구,작은도서관,"토·일요일, 법정공휴일",09:00,18:00,00:00,00:00,00:00,00:00,25,9180,0,0,7,14,"서울특별시 서대문구 모래내로 334, 홍은2동주민센터 3층",서대문구도시관리공단,02-330-8788,0,91,http://lib.sdm.or.kr,2025-08-09,3120000,서울특별시 서대문구
37.59125623,126.9336552,논골작은도서관,서울특별시,서대문구,작은도서관,"토·일요일, 법정공휴일",09:00,18:00,00:00,00:00,00:00,00:00,80,10952,0,0,7,14,"서울특별시 서대문구 연희로41가길 33, 청년미래공동체주택",서대문구도시관리공단,02-391-8789,0,223,http://lib.sdm.or.kr,2025-08-09,3120000,서울특별시 서대문구
35.10615926,126.9050461,책문화공간봄작은도서관,광주광역시,남구,작은도서관,토+일+공휴일,09:00,17:00,00:00,00:00,00:00,00:00,30,3993,0,0,3,7,광주광역시 남구 효우로77번길 9,책문화공간봄,062-681-5432,,131,,2024-12-06,3610000,광주광역시 남구
35.10079943,126.8871404,효천힐마루작은도서관,광주광역시,남구,작은도서관,공휴일,13:00,18:00,13:00,18:00,13:00,18:00,16,1691,0,0,0,0,광주광역시 남구 효우2로 45,효천남해오네뜨2단지,062-674-5446,,89.39,,2024-12-06,3610000,광주광역시 남구
35.10266055,126.8897524,천년나무꿈작은도서관,광주광역시,남구,작은도서관,공휴일,09:00,22:00,09:00,22:00,09:00,22:00,13,2089,0,0,3,7,광주광역시 남구 효우2로 20,효천LH천년나무2단지,062-674-0597,,57.74,,2024-12-06,3610000,광주광역시 남구
35.1013917,126.8892725,천년뜨락작은도서관,광주광역시,남구,작은도서관,토+일+공휴일,09:00,18:00,00:00,00:00,00:00,00:00,16,2280,0,0,3,7,광주광역시 남구 효우2로 21,효천남해오네뜨1단지,062-674-9951,,90.54,,2024-12-06,3610000,광주광역시 남구
35.10332304,126.886899,큰골작은도서관,광주광역시,남구,작은도서관,토+일+공휴일,09:00,18:00,00:00,00:00,00:00,00:00,16,2175,0,0,3,7,광주광역시 남구 효우로 262,효천LH천년나무1단지,062-674-6328,,56,,2024-12-06,3610000,광주광역시 남구
35.10917558,126.905149,행복한작은도서관,광주광역시,남구,작은도서관,토+일+공휴일,10:00,17:00,00:00,00:00,00:00,00:00,20,1216,0,0,3,7,광주광역시 남구 노대실로 9,송화마을8단지아파트,062-674-1202,,101.17,,2024-12-06,3610000,광주광역시 남구
35.10231004,126.8951773,효천행복작은도서관,광주광역시,남구,작은도서관,공휴일,09:00,18:00,09:00,17:00,09:00,17:00,20,1858,0,0,3,7,광주광역시 남구 행암길 9,효천LH천년나무7단지,062-674-0472,,125.4,,2024-12-06,3610000,광주광역시 남구
35.13931983,126.9229435,메트로열린도서관,광주광역시,동구,작은도서관,토+일+국가지정공휴일,09:00,18:00,00:00,00:00,00:00,00:00,6,7171,0,0,0,0,"광주광역시 동구 제봉로 지하 1,지하철 남광주역(학동)",광주교통문화선교회,062-604-8434,,40,,2025-06-26,3590000,광주광역시 동구
35.12695351,126.9359979,모아미래도 작은도서관,광주광역시,동구,작은도서관,일+국가지정공휴일,09:00,18:00,09:00,18:00,00:00,00:00,20,4137,0,0,0,0,"광주광역시 동구 학소로76번길 14, 모아미래도(소태동)",지원동모아미래도 입주자대표회의,062-233-0433,,90,,2025-06-26,3590000,광주광역시 동구
37.58316431,126.9484101,새싹작은도서관,서울특별시,서대문구,작은도서관,"토·일요일, 법정공휴일",09:00,18:00,00:00,00:00,00:00,00:00,40,13670,0,0,7,14,"서울특별시 서대문구 통일로27길 19, 홍제1동 자치회관",서대문구도시관리공단,02-330-8663,0,125,http://lib.sdm.or.kr,2025-08-09,3120000,서울특별시 서대문구
37.58610556,126.9493681,꿈이있는작은도서관,서울특별시,서대문구,작은도서관,"토·일요일, 법정공휴일",09:00,18:00,00:00,00:00,00:00,00:00,26,8765,0,0,7,14,"서울특별시 서대문구 통일로34길 27, 홍제2동주민센터 2층",서대문구도시관리공단,02-330-8453,0,85,http://lib.sdm.or.kr,2025-08-09,3120000,서울특별시 서대문구
37.593746,126.9496936,문화촌어린이도서관,서울특별시,서대문구,작은도서관,"토·일요일, 법정공휴일",09:00,18:00,00:00,00:00,00:00,00:00,35,10516,0,0,7,14,"서울특별시 서대문구 세검정로4길 32, 홍제3동주민센터 3층",서대문구도시관리공단,02-330-8991,0,128,http://lib.sdm.or.kr,2025-08-09,3120000,서울특별시 서대문구
35.5219071,129.2413352,책마을작은도서관,울산광역시,울주군,작은도서관,매주토요일+매주일요일+국가지정공휴일,09:00,18:00,00:00,00:00,00:00,00:00,38,8715,10,0,5,14,울산광역시 울주군 청량읍 군청로 1,울산광역시 울주군청,052-224-0090,,238,https://uljulib.ulju.ulsan.kr/index.do,2025-04-30,3730000,울산광역시 울주군
35.5660647,129.1215639,읍성작은도서관,울산광역시,울주군,작은도서관,매주월요일+매주일요일+국가지정공휴일,09:00,18:00,09:00,18:00,00:00,00:00,26,5210,0,0,5,14,울산광역시 울주군 언양읍 남문4길 16,울산광역시 울주군 언양읍행정복지센터,052-264-9071,,118.94,https://uljulib.ulju.ulsan.kr/index.do,2025-04-30,3730000,울산광역시 울주군
35.4193735,129.2804005,온양BOOKCAFE,울산광역시,울주군,작은도서관,매주토요일+매주일요일+국가지정공휴일,09:00,18:00,00:00,00:00,00:00,00:00,14,4605,0,0,5,14,울산광역시 울주군 온양읍 남창1길 20,울산광역시 울주군 온양읍행정복지센터,052-238-9090,,107.91,https://uljulib.ulju.ulsan.kr/index.do,2025-04-30,3730000,울산광역시 울주군
35.4930235,129.3059779,늘푸름작은도서관,울산광역시,울주군,작은도서관,매주토요일+매주일요일+국가지정공휴일,09:00,18:00,00:00,00:00,00:00,00:00,10,7982,0,0,5,14,울산광역시 울주군 청량읍 신덕하3길 5,울산광역시 울주군 청량읍행정복지센터,052-257-1755,,61.4,https://uljulib.ulju.ulsan.kr/index.do,2025-04-30,3730000,울산광역시 울주군
37.57327343,126.9197817,파랑새작은도서관,서울특별시,서대문구,작은도서관,"토·일요일, 법정공휴일",09:00,18:00,00:00,00:00,00:00,00:00,48,12176,0,0,7,14,"서울특별시 서대문구 모래내로 15길 37, 남가좌1동주민센터 2층",서대문구도시관리공단,02-330-8992,0,124,http://lib.sdm.or.kr,2025-08-09,3120000,서울특별시 서대문구
37.5743693,126.9101357,늘푸른열린작은도서관,서울특별시,서대문구,작은도서관,"토·일요일, 법정공휴일",09:00,18:00,00:00,00:00,00:00,00:00,23,9204,0,0,7,14,"서울특별시 서대문구 수색로 100-55, 북가좌1동주민센터 2층",서대문구도시관리공단,02-330-8554,0,84,http://lib.sdm.or.kr,2025-08-09,3120000,서울특별시 서대문구
37.490572,126.7064071,부평현대1단지아파트작은도서관,인천광역시,부평구,작은도서관,일+법정공휴일,09:00,18:00,09:00,18:00,00:00,00:00,60,1291,0,0,0,0,인천광역시 부평구 경원대로 1269(산곡동),부평현대1단지아파트,032-267-1473,,117,,2025-10-31,3540000,인천광역시 부평구
37.505040,126.698600,산곡글향기도서관,인천광역시,부평구,작은도서관,일+월+법정공휴일,10:00,18:00,10:00,10:00,00:00,00:00,16,8720,0,0,0,0,인천광역시 부평구 원적로 289(산곡동),산곡교회,070-4119-4556,,49.92,,2025-10-31,3540000,인천광역시 부평구
37.515060,126.733600,홀리스디어린이도서관,인천광역시,부평구,작은도서관,일+월+법정공휴일,13:00,17:00,13:00,17:00,00:00,00:00,30,1585,0,0,0,0,인천광역시 부평구 장제로340번길 26-13(삼산동),세계로선민교회,032-682-3774,,88.42,,2025-10-31,3540000,인천광역시 부평구
37.501560,126.7258697892,부평마을작은도서관,인천광역시,부평구,작은도서관,일+법정공휴일,06:00,17:00,06:00,17:00,00:00,00:00,30,1476,0,0,0,0,인천광역시 부평구 부흥북로 35(부평동),부평마을교회,032-522-2023,,59.06,,2025-10-31,3540000,인천광역시 부평구
37.483670,126.7450353942,초록필그림도서관,인천광역시,부평구,작은도서관,일+월+법정공휴일,10:00,14:00,10:00,14:00,00:00,00:00,42,1000,0,0,0,0,인천광역시 부평구 일신로14번길 5(일신동),꿈넘어우리교회,,,141.12,,2025-10-31,3540000,인천광역시 부평구
36.41231747,128.1585556,경상북도교육청상주도서관,경상북도,상주시,공공도서관,둘째 주 월+넷째 주 월,09:00,19:00,09:00,17:00,09:00,17:00,1208,188663,284,6563,10,14,경상북도 상주시 상서문1길 127,경상북도교육청 상주도서관,054-530-6300,7628,3898,www.gbelib.kr/sj,2025-11-25,8750688,경상북도교육청 경상북도교육청상주도서관
36.632765,127.4778249,충청북도교육도서관 충청북도교육도서관,충청북도,청주시,공공도서관,매주 월요일+공휴일,09:00,21:00,09:00,18:00,00:00,00:00,678,378289,643,14021,10,21,충청북도 청주시 서원구 충렬로 19,충청북도교육도서관,043-276-8305,12646,1765.52,www.cbelib.go.kr,2025-11-24,8000448,충청북도교육청 충청북도교육도서관
37.76383478,128.8912288,행복한모루도서관,강원특별자치도,강릉시,공공도서관,월+국가지정 공휴일,09:00,23:00,09:00,23:00,09:00,18:00,418,75917,27,0,5,10,강원특별자치도 강릉시 율곡로 2923-12(교동),강원특별자치도 강릉시청,033-660-3252,11639,5060,http://www.gnslib.or.kr/,2025-11-25,4201000,강원특별자치도 강릉시
37.77302712,128.9130098,강릉시립중앙도서관,강원특별자치도,강릉시,공공도서관,월+국가지정 공휴일,09:00,23:00,09:00,23:00,09:00,18:00,246,89883,23,0,5,10,강원특별자치도 강릉시 강릉대로 448(포남동),강원특별자치도 강릉시청,033-660-3279,4067,2583.6,http://www.gnslib.or.kr/,2025-11-25,4201000,강원특별자치도 강릉시
35.2065782,126.8581171,다솜작은도서관,광주광역시,북구,작은도서관,국가지정공휴일,09:00,18:00,09:00,17:00,00:00,00:00,30,3230,0,0,3,7,광주광역시 북구 첨단연신로 250(건국동 첨단휴먼시아1단지),,062-573-0114,,50.25,https://www.smalllibrary.org/library/detail/1474700,2025-06-02,3620000,광주광역시 북구
35.1598681,126.9023437,대광초록빛작은도서관,광주광역시,북구,작은도서관,토+국가지정공휴일,09:00,18:00,00:00,00:00,00:00,00:00,18,2300,0,0,3,7,광주광역시 북구 서림로 153,,062-529-9112,,87,https://www.smalllibrary.org/library/detail/3534159,2025-06-02,3620000,광주광역시 북구
37.49734899,126.8994319,원지공원도서관,서울특별시,영등포구,공공도서관,매주 월요일+법정공휴일,09:00,20:00,09:00,17:00,09:00,17:00,80,6637,0,0,10,21,서울특별시 영등포구 도림로47길 23,영등포문화재단,02-849-7990,,596,https://www.ydplib.or.kr,2025-09-04,3180000,서울특별시 영등포구
37.50409647,126.9099182,신길책마루문화센터,서울특별시,영등포구,공공도서관,매주 월요일+법정공휴일,09:00,22:00,09:00,17:00,09:00,17:00,173,37615,0,0,10,21,서울특별시 영등포구 신길로 131,영등포문화재단,02-2165-7700,,7471,https://www.ydplib.or.kr,2025-09-04,3180000,서울특별시 영등포구
37.36258429,126.9332329,그림책꿈마루,경기도,군포시,전문도서관,월+법정공휴일,09:00,22:00,09:00,22:00,09:00,22:00,188,19398,19,0,0,0,경기도 군포시 청백리길 16,(사)참행복한,031-391-4545,3821.66,459.34,https://www.gunpo.go.kr/picturebook,2025-11-25,4020000,경기도 군포시
37.357211,126.902897,공군제8249부대,경기도,군포시,작은도서관,토+일+법정공휴일,09:00,18:00,00:00,00:00,00:00,00:00,20,5848,0,0,0,0,경기도 군포시 수리산로 81-113,공군제8249부대,070-7790-1305,,58,,2025-11-25,4020000,경기도 군포시
37.34630759,126.9430854,군포2동채움작은도서관,경기도,군포시,작은도서관,토+일+법정공휴일,09:00,18:00,00:00,00:00,00:00,00:00,34,2359,0,0,3,14,"경기도 군포시 고산로 263, 1층",군포2동 주민자치회,031-391-8694,,162.6,,2025-11-25,4020000,경기도 군포시
37.371117,126.938902,그리심작은도서관,경기도,군포시,작은도서관,월+화+법정공휴일,13:00,18:00,13:00,18:00,13:00,18:00,62,1807,0,0,5,14,경기도 군포시 산본천로199번길 17,산본중앙교회,031-397-1204,,162,,2025-11-25,4020000,경기도 군포시
37.33638042,126.9334537,글고운도서관,경기도,군포시,작은도서관,토+일+법정공휴일,13:00,17:00,00:00,00:00,00:00,00:00,20,8659,0,0,5,7,경기도 군포시 번영로200번길 71,아파트입주자대표위,031-393-7157,,57.72,,2025-11-25,4020000,경기도 군포시
37.36540019,126.9392714,금정작은도서관,경기도,군포시,작은도서관,토+일+법정공휴일,09:00,18:00,00:00,00:00,00:00,00:00,27,7284,0,0,3,14,경기도 군포시 금산로 35,금정동주민자치위원회,031-390-8699,,63,,2025-11-25,4020000,경기도 군포시
37.3451357,126.9363509,꿈드림작은도서관,경기도,군포시,작은도서관,토+일+법정공휴일,13:00,18:00,00:00,00:00,00:00,00:00,12,5099,0,0,10,14,경기도 군포시 용호1로 21번길14,군포시노동종합복지관,031-688-8146,,41,www.gpstar.or.kr,2025-11-25,4020000,경기도 군포시
37.36187645,126.944014,꿈땅작은도서관,경기도,군포시,작은도서관,월+일+법정공휴일,13:00,17:00,13:00,17:00,00:00,00:00,0,2078,0,0,5,14,경기도 군포시 번영로 610번길 36,영광교회,031-452-5882,,56,,2025-11-25,4020000,경기도 군포시
37.33858358,126.9316471,꿈마을작은도서관,경기도,군포시,작은도서관,토+일+법정공휴일,13:00,19:00,00:00,00:00,00:00,00:00,67,7849,0,0,5,7,"경기도 군포시 삼성로 41, 관리동 B2층",부곡6단지아파트입주회,031-391-9801,,250.56,,2025-11-25,4020000,경기도 군포시
37.32178211,126.9443381,꿈미작은도서관,경기도,군포시,작은도서관,법정공휴일,10:00,18:00,10:00,18:00,10:00,18:00,62,2889,1,0,2,7,"경기도 군포시 송부로 291번안길 7, 503호",동행교회,031-461-0116,,146.44,,2025-11-25,4020000,경기도 군포시
37.32186164,126.9420134,꿈을노래하는작은도서관,경기도,군포시,작은도서관,토+일+법정공휴일,13:30,18:00,00:00,00:00,00:00,00:00,16,4199,0,0,3,7,경기도 군포시 송부로273번안길 4-18,부곡이웃교회,070-8880-7811,,119.8,,2025-11-25,4020000,경기도 군포시
37.37109729,126.940393,노루목작은도서관,경기도,군포시,작은도서관,토+일+법정공휴일,09:00,18:00,00:00,00:00,00:00,00:00,18,2908,0,0,3,14,경기도 군포시 산본천로 207,산본1동주민자치위원회,031-390-4010,,61.2,http://cafe.daum.net/g2020,2025-11-25,4020000,경기도 군포시
37.3242474,126.9445981,느티나무작은도서관,경기도,군포시,작은도서관,토+일+법정공휴일,14:00,17:00,00:00,00:00,00:00,00:00,40,4650,3,0,3,14,경기도 군포시 송부로291번길29,부곡2단지관리사무소,070-4237-5124,,100.14,,2025-11-25,4020000,경기도 군포시
35.1585316,126.9196528,계림꿈나무도서관,광주광역시,동구,공공도서관,"첫째,세째 월+국가지정공휴일",09:00,18:00,09:00,17:00,09:00,17:00,108,27350,69,641,5,15,광주광역시 동구 경양로247번길 26,광주광역시 동구청,062-608-3920,646,453,https://lib.donggu.kr/,2025-06-26,3590000,광주광역시 동구
35.1204519,126.9328728,지원2동작은도서관,광주광역시,동구,작은도서관,"첫째,세째 월+국가지정공휴일",09:00,18:00,09:00,17:00,09:00,17:00,34,8432,0,0,5,15,광주광역시 동구 화산로 361,광주광역시 동구청,062-608-3922,,173,https://lib.donggu.kr/,2025-06-26,3590000,광주광역시 동구
35.1484263,126.9384911,지산2동작은도서관,광주광역시,동구,작은도서관,운영중단,10:00,18:00,10:00,17:00,00:00,00:00,14,8275,0,23,5,15,광주광역시 동구 밤실로4번길 16,광주광역시 동구청,062-225-2123,,149,https://lib.donggu.kr/,2025-06-26,3590000,광주광역시 동구
35.13303885,126.9347467,학운동작은도서관,광주광역시,동구,작은도서관,"첫째,세째 월+국가지정공휴일",09:00,18:00,09:00,17:00,09:00,17:00,20,9006,0,177,5,15,광주광역시 동구 의재로43번길 27-3,광주광역시 동구청,062-608-3921,,124,https://lib.donggu.kr/,2025-06-26,3590000,광주광역시 동구
35.15233606,126.9183131,대인작은도서관,광주광역시,동구,작은도서관,운영중단,00:00,00:00,00:00,00:00,00:00,00:00,60,2000,0,0,0,0,광주광역시 동구 중앙로 224(장동),대인교회,062-234-8291,,150,,2025-06-26,3590000,광주광역시 동구
35.15878268,126.9239979,계림두산위브작은도서관,광주광역시,동구,작은도서관,목+금+국가지정공휴일,14:00,18:00,09:30,13:30,09:30,13:30,15,5131,0,0,0,0,광주광역시 동구 무등로 374(계림동),계림두산위브아파트입주자대표회의,,,150,,2025-06-26,3590000,광주광역시 동구
35.15845654,126.9271752,행복한작은도서관,광주광역시,동구,작은도서관,토+일+국가지정공휴일,09:00,18:00,00:00,00:00,00:00,00:00,10,3000,0,0,0,0,광주광역시 동구 산수길 39번길 20-4,행복한지역아동센터,062-223-3164,,33,,2025-06-26,3590000,광주광역시 동구
35.13634873,126.9226216,무등산IPARK아파트작은도서관,광주광역시,동구,작은도서관,연중무휴,09:00,18:00,09:00,18:00,09:00,18:00,40,3050,0,0,0,0,광주광역시 동구 남문로 753번길 20,무등산IPARK입주자대표회의,,,148,,2025-06-26,3590000,광주광역시 동구
35.15022609,126.922604,알암인권작은도서관,광주광역시,동구,작은도서관,휴관,00:00,00:00,00:00,00:00,00:00,00:00,14,3300,0,0,0,0,광주광역시 동구 동명로 7-4(장동),(사)알암명노근선생기념사업회,062-228-3563,,33,,2025-06-26,3590000,광주광역시 동구
35.15031587,126.9278761,푸른길책향기작은도서관,광주광역시,동구,작은도서관,월+일+국가지정공휴일,09:00,18:00,09:00,18:00,00:00,00:00,9,3210,0,0,0,0,광주광역시 동구 동명로20번길 43-5(동명동),(사)동명창조문화행복공동체마을,062-233-2662,,46.8,,2025-06-26,3590000,광주광역시 동구
35.15875024,126.9365481,대안도서관 틔움,광주광역시,동구,작은도서관,국가지정공휴일,09:00,18:00,09:00,18:00,09:00,18:00,32,8064,30,0,0,0,광주광역시 동구 밤실로 136번길 8-21(산수동),광주전남 인드라망생명공동체,062-263-4660,,173,,2025-06-26,3590000,광주광역시 동구
35.15666917,126.9351624,산수중앙작은도서관,광주광역시,동구,작은도서관,토+일+국가지정공휴일,10:00,18:00,00:00,00:00,00:00,00:00,10,6050,0,0,0,0,광주광역시 동구 필문대로171번길 27-7 (산수동),산수중앙교회,062-251-6439,,106,http://cafe.daum.net/doseogwan7,2025-06-26,3590000,광주광역시 동구
35.14966936,126.9321566,풀꽃동산작은도서관,광주광역시,동구,작은도서관,국가지정공휴일,09:00,17:00,10:00,15:00,10:00,16:00,40,5770,500,0,0,0,광주광역시 동구 동명로110번길 14 (지산동),광주지산교회,062-222-0736,,94.98,,2025-06-26,3590000,광주광역시 동구
35.12886725,126.9345876,백암문고,광주광역시,동구,작은도서관,토+일+국가지정공휴일,10:00,19:00,00:00,00:00,00:00,00:00,40,3537,0,0,0,0,광주광역시 동구 학소로86번안길 8 (소태동),디딤돌지역아동센터,062-227-9421,,50,,2025-06-26,3590000,광주광역시 동구
35.1263673,126.9320926,파이디온작은도서관,광주광역시,동구,작은도서관,토+일+국가지정공휴일,10:00,19:00,00:00,00:00,00:00,00:00,20,2500,0,0,0,0,"광주광역시 동구 남문로622번길 6(소태동), 3층",파이디온지역아동센터,062-265-5616,,75,,2025-06-26,3590000,광주광역시 동구
35.148288,126.917654,은새암,광주광역시,동구,작은도서관,토+일+국가지정공휴일,10:00,17:00,00:00,00:00,00:00,00:00,50,5267,0,0,0,0,"광주광역시 동구 금남로 238, 무등빌딩 3층",(재)광주광역시 광주여성재단,062-670-0539,,59,www.gjwf.or.kr,2025-06-26,3590000,광주광역시 동구
35.15449526,126.9176305,작은도서관 숲,광주광역시,동구,작은도서관,일+국가지정공휴일,09:00,18:00,09:00,17:00,00:00,00:00,30,1250,1210,0,0,0,광주광역시 동구 동계천로 51-2 (대인동),,062-401-1708,,76,,2025-06-26,3590000,광주광역시 동구
35.15671276,126.9233705,식물그림책작은도서관,광주광역시,동구,작은도서관,월+일+국가지정공휴일,13:00,17:00,13:00,17:00,00:00,00:00,30,1824,0,0,0,0,광주광역시 동구 계림로30번길 7,기살림빛고을협동조합,062-224-8861,,152.58,,2025-06-26,3590000,광주광역시 동구
35.15809987,126.9352842,그림이있는작은도서관,광주광역시,동구,작은도서관,일+국가지정공휴일,14:00,18:00,10:00,16:00,00:00,00:00,20,3150,1,10,0,0,광주광역시 동구 밤실로 119 (산수동),,062-266-8834,,82.5,,2025-06-26,3590000,광주광역시 동구
35.150391,126.9167540782,GIC도서관,광주광역시,동구,작은도서관,국가지정공휴일,10:00,18:00,09:00,17:00,10:00,16:00,50,4689,10,0,0,0,광주광역시 동구 중앙로 196번길 5(금남로3가),(사)광주국제교류센터,062-226-2733,,152,http://www.gic.or.kr/,2025-06-26,3590000,광주광역시 동구
35.15004036,126.9254093,space秀,광주광역시,동구,작은도서관,폐관,00:00,00:00,00:00,00:00,00:00,00:00,8,2000,0,0,0,0,광주광역시 동구 동명로 14번길 19(동명동),,062-223-4127,,37,,2025-06-26,3590000,광주광역시 동구
35.1520237,126.9321283,작은도서관 오월의숲,광주광역시,동구,작은도서관,일+국가지정공휴일,10:00,18:00,10:00,15:00,00:00,00:00,35,4550,3,150,0,0,광주광역시 동구 필문대로205번길 10- 1(지산동),(사)들불열사기념사업회,062-512-0527,83,115,,2025-06-26,3590000,광주광역시 동구
35.16123352,126.9349042,두암타운작은도서관,광주광역시,동구,작은도서관,운영중단,00:00,00:00,00:00,00:00,00:00,00:00,12,2000,0,0,0,0,광주광역시 동구 밤실로 147(산수동),두암타운입주자대표회의,062-266-3784,,40,,2025-06-26,3590000,광주광역시 동구
35.14502474,126.9190886,이매진도서관,광주광역시,동구,작은도서관,월+화+수+일+국가지정공휴일,16:30,21:30,16:30,21:30,00:00,00:00,12,4236,0,150,0,0,광주광역시 동구 문화전당로 29 (남동),,062-449-8160,,300,,2025-06-26,3590000,광주광역시 동구
35.1550332,126.9368627,희망작은도서관,광주광역시,동구,작은도서관,운영중단,00:00,00:00,00:00,00:00,00:00,00:00,16,1300,0,0,0,0,광주광역시 동구 밤실로82번길 3(산수동),형통한교회,062-365-1992,,53,,2025-06-26,3590000,광주광역시 동구
33.47620763,126.5161965,한라도서관,제주특별자치도,제주시,공공도서관,매주금요일+1월1일+설연휴+추석연휴+12월31일+「관공서의 공휴일에 관한 규정」제3조제1항제2호에 따른 대체공휴일,08:00,22:00,09:00,18:00,09:00,18:00,0,316697,0,18876,5,15,제주특별자치도 제주시 오남로 221,제주특별자치도 한라도서관,064-710-8666,22820,4823,http://lib.jeju.go.kr/,2025-09-01,6500000,제주특별자치도
33.35010593,126.1845312,한경도서관,제주특별자치도,제주시,공공도서관,금요일+1월1일+설연휴+추석연휴+12월31일+「관공서의 공휴일에 관한 규정」제3조제1항제2호에 따른 대체공휴일,08:00,22:00,08:00,22:00,08:00,22:00,124,62897,22,1873,5,15,제주특별자치도 제주시 한경면 신한로13,제주특별자치도 제주시청,064-728-1508,5852,1048,http://lib.jeju.go.kr/,2025-09-01,6500000,제주특별자치도
33.47919835,126.4762462,탐라도서관,제주특별자치도,제주시,공공도서관,금요일+1월1일+설연휴+추석연휴+12월31일+「관공서의 공휴일에 관한 규정」제3조제1항제2호에 따른 대체공휴일,08:00,23:00,08:00,23:00,08:00,23:00,979,229801,151,22627,5,15,제주특별자치도 제주시 정원로 50,제주특별자치도 제주시청,064-728-1506,15897,4998,http://lib.jeju.go.kr/,2025-09-01,6500000,제주특별자치도
33.53770537,126.6676186,조천읍도서관,제주특별자치도,제주시,공공도서관,금요일+1월1일+설연휴+추석연휴+12월31일+「관공서의 공휴일에 관한 규정」제3조제1항제2호에 따른 대체공휴일,08:00,22:00,08:00,22:00,08:00,22:00,180,68486,25,3382,5,15,제주특별자치도 제주시 조천읍 일주동로 1189,제주특별자치도 제주시청,064-728-1505,9311,1231,http://lib.jeju.go.kr/,2025-09-01,6500000,제주특별자치도
33.50176496,126.5355283,제주시기적의도서관,제주특별자치도,제주시,공공도서관,금요일+1월1일+설연휴+추석연휴+12월31일+「관공서의 공휴일에 관한 규정」제3조제1항제2호에 따른 대체공휴일,09:00,18:00,09:00,18:00,09:00,18:00,100,46124,20,1699,5,15,제주특별자치도 제주시 동광로 12길19,제주특별자치도 제주시청,064-728-1504,2126,728,http://lib.jeju.go.kr/,2025-09-01,6500000,제주특별자치도
33.51486981,126.547868,우당도서관,제주특별자치도,제주시,공공도서관,금요일+1월1일+설연휴+추석연휴+12월31일+「관공서의 공휴일에 관한 규정」제3조제1항제2호에 따른 대체공휴일,08:00,23:00,08:00,23:00,08:00,23:00,847,265142,45,31094,5,15,제주특별자치도 제주시 사라봉동길 30,제주특별자치도 제주시청,064-728-1503,24389,7037,http://lib.jeju.go.kr/,2025-09-01,6500000,제주특별자치도
37.6590072,127.0494699,"도봉어린이문화정보센터(자료열람실, 잉글리시 아일랜드)",서울특별시,서울특별시 도봉구,공공도서관,매주화요일,09:00,18:00,09:00,17:00,09:00,17:00,67,44653,57,0,5,14,서울특별시 도봉구 도봉구 노해로69길 151,,02-995-4171,870,1498,http://www.unilib.dobong.kr/,2018-05-01,3090000,서울특별시 도봉구
35.5731956,129.2374571,울주선바위도서관,울산광역시,울주군,공공도서관,매주월요일+국가지정공휴일,09:00,22:00,09:00,18:00,09:00,18:00,418,156668,161,23835,5,14,울산광역시 울주군 범서읍 점촌3길 40,울산광역시 울주군청,052-211-5773,4546,7816,https://uljulib.ulju.ulsan.kr/index.do,2025-04-30,3730000,울산광역시 울주군
35.4128329,129.2765134,울주옹기종기도서관,울산광역시,울주군,공공도서관,매주월요일+국가지정공휴일,09:00,22:00,09:00,18:00,09:00,18:00,180,67410,58,8683,5,14,울산광역시 울주군 온양읍 온양로 38-1,울산광역시 울주군청,052-239-7413,4690,1490,https://uljulib.ulju.ulsan.kr/index.do,2025-04-30,3730000,울산광역시 울주군
35.5610657,129.2250734,울주천상도서관,울산광역시,울주군,공공도서관,매주월요일+국가지정공휴일,09:00,22:00,09:00,18:00,09:00,18:00,137,56103,29,1772,5,14,울산광역시 울주군 범서읍 천상길 60,울산광역시 울주군청,052-243-9096,2359,3405,https://uljulib.ulju.ulsan.kr/index.do,2025-04-30,3730000,울산광역시 울주군
37.5873556125,127.0875552003,중랑구립면목정보도서관,서울특별시,중랑구,공공도서관,첫째 월+셋째 월+법정공휴일+근로자의날(5월1일)+창립기념일(8월12일)+임시휴관일,09:00,18:00,09:00,17:00,09:00,17:00,202,104999,0,0,104999,14,서울특별시 중랑구 면목로 397(면목동),중랑문화재단,02-432-4123,,1234,https://www.jungnanglib.seoul.kr/,2025-05-31,3060000,서울특별시 중랑구
37.6026681925,127.1039284121,중랑숲어린이도서관,서울특별시,중랑구,공공도서관,월+법정공휴일+근로자의날(5월1일)+창립기념일(8월12일)+임시휴관일,09:00,18:00,09:00,17:00,09:00,17:00,303,52785,0,6665,59450,14,서울특별시 중랑구 망우로73길 46-1(망우동),중랑문화재단,02-6235-1150,,977.8,https://www.jungnanglib.seoul.kr/,2025-05-31,3060000,서울특별시 중랑구
37.6068612805,127.1106971521,양원숲속도서관,서울특별시,중랑구,공공도서관,월+법정공휴일+근로자의날(5월1일)+창립기념일(8월12일)+임시휴관일,09:00,18:00,09:00,17:00,10:00,17:00,248,58102,0,2860,60962,14,서울특별시 중랑구 송림길 172(망우동),중랑문화재단,02-432-0710,,970.78,https://www.jungnanglib.seoul.kr/,2025-05-31,3060000,서울특별시 중랑구
37.5928919454,127.0808517891,중랑상봉도서관,서울특별시,중랑구,공공도서관,월+법정공휴일+근로자의날(5월1일)+창립기념일(8월12일)+임시휴관일,09:00,18:00,09:00,17:00,09:00,17:00,322,68364,0,0,68364,14,서울특별시 중랑구 동일로114길 10(상봉동),중랑문화재단,02-2209-0094,,1753,https://www.jungnanglib.seoul.kr/,2025-05-31,3060000,서울특별시 중랑구
,,중화문학도서관,서울특별시,중랑구,공공도서관,월+법정공휴일+근로자의날(5월1일)+창립기념일(8월12일)+임시휴관일,09:00,18:00,09:00,17:00,09:00,17:00,150,14487,0,682,15169,14,서울특별시 중랑구 봉화산로 27(중화동),중랑문화재단,02-3407-1400,,822.11,https://www.jungnanglib.seoul.kr/,2025-05-31,3060000,서울특별시 중랑구
33.46332164,126.3313092,애월도서관,제주특별자치도,제주시,공공도서관,금요일+1월1일+설연휴+추석연휴+12월31일+「관공서의 공휴일에 관한 규정」제3조제1항제2호에 따른 대체공휴일,08:00,22:00,08:00,22:00,08:00,22:00,181,70454,16,2591,5,15,제주특별자치도 제주시 애월읍 일주서로 6339,제주특별자치도 제주시청,064-728-1507,3599,1501,http://lib.jeju.go.kr/,2025-09-01,6500000,제주특별자치도
33.32377597,126.8384972,표선도서관,제주특별자치도,서귀포시,공공도서관,매주금요일+1월1일+설연휴+추석연휴+12월31일+「관공서의 공휴일에 관한 규정」제3조제1항제2호에 따른 대체공휴일,08:00,22:00,08:00,22:00,08:00,22:00,148,61333,29,3451,5,15,제주특별자치도 서귀포시 표선면 표선백사로 110번길 17-10,제주특별자치도 서귀포시,064-787-5488,5840,2039,http://lib.jeju.go.kr/,2025-09-01,6500000,제주특별자치도
33.25505201,126.3306509,안덕산방도서관,제주특별자치도,서귀포시,공공도서관,매주금요일+1월1일+설연휴+추석연휴+12월31일+「관공서의 공휴일에 관한 규정」제3조제1항제2호에 따른 대체공휴일,08:00,22:00,08:00,22:00,08:00,22:00,150,63425,27,3976,5,15,제주특별자치도 서귀포시 안덕면 화순서서로 44,제주특별자치도 서귀포시,064-794-2489,3306,1838,http://lib.jeju.go.kr/,2025-09-01,6500000,제주특별자치도
33.45527375,126.9122989,성산일출도서관,제주특별자치도,서귀포시,공공도서관,매주금요일+1월1일+설연휴+추석연휴+12월31일+「관공서의 공휴일에 관한 규정」제3조제1항제2호에 따른 대체공휴일,08:00,22:00,08:00,22:00,08:00,22:00,167,74419,29,8042,5,15,제주특별자치도 서귀포시 성산읍 고성오조로 133,제주특별자치도 서귀포시,064-783-4227,7007,2115,http://lib.jeju.go.kr/,2025-09-01,6500000,제주특별자치도
33.25141739,126.5076218,서귀포시중앙도서관,제주특별자치도,서귀포시,공공도서관,매주금요일+1월1일+설연휴+추석연휴+12월31일+「관공서의 공휴일에 관한 규정」제3조제1항제2호에 따른 대체공휴일,08:00,23:00,08:00,23:00,08:00,23:00,325,92444,26,6605,5,15,제주특별자치도 서귀포시 김정문화로 32,제주특별자치도 서귀포시,064-739-1516,20882,3416,http://lib.jeju.go.kr/,2025-09-01,6500000,제주특별자치도
33.25090559,126.432152,서귀포시서부도서관,제주특별자치도,서귀포시,공공도서관,매주월요일+1월1일+설연휴+추석연휴+12월31일+「관공서의 공휴일에 관한 규정」제3조제1항제2호에 따른 대체공휴일,08:00,23:00,08:00,23:00,08:00,23:00,198,67791,31,4322,5,15,제주특별자치도 서귀포시 중문관광로 346,제주특별자치도 서귀포시,064-739-9862,7927,1300,http://lib.jeju.go.kr/,2025-09-01,6500000,제주특별자치도
33.24484755,126.5511958,서귀포시삼매봉도서관,제주특별자치도,서귀포시,공공도서관,매주금요일+1월1일+설연휴+추석연휴+12월31일+「관공서의 공휴일에 관한 규정」제3조제1항제2호에 따른 대체공휴일,08:00,23:00,08:00,23:00,08:00,23:00,170,94739,30,4689,5,15,제주특별자치도 서귀포시 남성중로153번길 15,제주특별자치도 서귀포시,064-733-1524,13189,1624,http://lib.jeju.go.kr/,2025-09-01,6500000,제주특별자치도
33.26175816,126.6083179,서귀포시동부도서관,제주특별자치도,서귀포시,공공도서관,매주월요일+1월1일+설연휴+추석연휴+12월31일+「관공서의 공휴일에 관한 규정」제3조제1항제2호에 따른 대체공휴일,08:00,23:00,08:00,23:00,08:00,23:00,154,73237,35,7194,5,15,제주특별자치도 서귀포시 일주동로 8232,제주특별자치도 서귀포시,064-767-1524,8859,1424,http://lib.jeju.go.kr/,2025-09-01,6500000,제주특별자치도
33.2543139,126.5699888,서귀포기적의도서관,제주특별자치도,서귀포시,공공도서관,매주월요일+1월1일+설연휴+추석연휴+12월31일+「관공서의 공휴일에 관한 규정」제3조제1항제2호에 따른 대체공휴일,09:00,18:00,09:00,18:00,09:00,18:00,80,38579,22,3734,5,15,제주특별자치도 서귀포시 일주동로 8593,제주특별자치도 서귀포시,064-732-3251,16190,911,http://lib.jeju.go.kr/,2025-09-01,6500000,제주특별자치도
33.25544697,126.5722626,퐁낭(동홍동)작은도서관,제주특별자치도,서귀포시,작은도서관,국가지정공휴일(일요일포함),14:00,20:00,14:00,18:00,00:00,00:00,43,5036,3,50,5,14,제주특별자치도 서귀포시 동홍중앙로 56(동홍동),제주특별자치도 서귀포시,064-733-4682,,,https://www.smalllibrary.org/main/index,2025-09-01,6500000,제주특별자치도
33.25056431,126.5647008,중앙꿈쟁이(중앙동)작은도서관,제주특별자치도,서귀포시,작은도서관,국가지정공휴일(일요일포함),13:00,19:00,10:00,18:00,00:00,00:00,40,9512,1,0,5,14,제주특별자치도 서귀포시 동문로 39 4층,제주특별자치도 서귀포시,070-4548-1409,,,https://www.smalllibrary.org/main/index,2025-09-01,6500000,제주특별자치도
33.24438838,126.4220223,제주국제평화센터작은도서관,제주특별자치도,서귀포시,작은도서관,"1월1일+설날전일, 설날당일+추석전일, 추석당일+둘째주월요일+넷째주월요일",09:00,18:00,09:00,18:00,09:00,18:00,70,3735,0,0,0,0,제주특별자치도 서귀포시 중문관광로 227-24,제주국제평화센터,064-735-6551,,,https://www.smalllibrary.org/main/index,2025-09-01,6500000,제주특별자치도
33.25145567,126.4824083,용흥 작은도서관,제주특별자치도,서귀포시,작은도서관,국가지정공휴일(일요일포함)+매주금요일,14:00,18:00,10:00,14:00,00:00,00:00,25,5538,0,0,3,14,제주특별자치도 서귀포시 용흥로 55(대천동),용흥작은도서관,064-739-3669,,,https://www.smalllibrary.org/main/index,2025-09-01,6500000,제주특별자치도
33.4081246,126.9001727,온평 열운이작은도서관,제주특별자치도,서귀포시,작은도서관,국가지정공휴일(일요일포함)+매주월요일,13:00,17:00,13:00,17:00,00:00,00:00,28,5452,13,0,5,15,제주특별자치도 서귀포시 성산읍 온평애향로 23번길 6,온평리마을회,070-8147-6514,,,https://www.smalllibrary.org/main/index,2025-09-01,6500000,제주특별자치도
33.24174842,126.602407,보목꿈터작은도서관,제주특별자치도,서귀포시,작은도서관,국가지정공휴일(일요일포함)+매주월요일,14:00,18:00,14:00,18:00,00:00,00:00,30,8980,6,20,5,14,제주특별자치도 서귀포시 칠십리로 483-1(송산동),보목꿈터작은도서관,064-732-3506,,,https://www.smalllibrary.org/main/index,2025-09-01,6500000,제주특별자치도
33.25343367,126.502245,LH강정작은도서관,제주특별자치도,서귀포시,작은도서관,국가지정공휴일(일요일포함)+매주토요일,10:00,17:00,00:00,00:00,00:00,00:00,18,2728,3,0,3,14,제주특별자치도 서귀포시 대청로 25번길9 강정LH아파트,강정LH주거행복지원센터,064-739-3663,,,https://www.smalllibrary.org/main/index,2025-09-01,6500000,제주특별자치도
37.6590072,127.0494699,도봉어린이문화정보도서관(영 유아),서울특별시,서울특별시 도봉구,공공도서관,매주화요일,09:00,18:00,09:00,17:00,09:00,17:00,50,20095,0,0,5,14,서울특별시 도봉구 도봉구 노해로69길 151,,02-995-4171,869,1498,http://www.unilib.dobong.kr/,2018-05-01,3090000,서울특별시 도봉구
37.6807721,127.0502436,도봉 기적의 도서관,서울특별시,서울특별시 도봉구,공공도서관,국가지정공휴일,09:00,18:00,09:00,17:00,09:00,17:00,0,20676,1,55,0,0,서울특별시 도봉구 도봉구 마들로 797,,,1500,4489,,2018-05-01,3090000,서울특별시 도봉구
36.6343959625,127.4320559128,청주흥덕도서관,충청북도,청주시,공공도서관,매주월요일+국가지정공휴일,09:00,22:00,09:00,18:00,09:00,18:00,231,137418,95,573,10,15,충청북도 청주시 흥덕구 증안로90번길 34,청주시 도서관평생학습본부,043-201-4208,36496.5,2480,https://library.cheongju.go.kr,2025-06-25,5710000,충청북도 청주시
36.6314378452,127.4464937475,청주신율봉도서관,충청북도,청주시,공공도서관,매주금요일+국가지정공휴일,09:00,18:00,09:00,18:00,09:00,18:00,121,67781,30,8518,10,15,충청북도 청주시 흥덕구 신율로153번길 16,청주시 도서관평생학습본부,043-201-4225,1236.9,990.64,https://library.cheongju.go.kr,2025-06-25,5710000,충청북도 청주시
36.6238715495,127.3630540526,청주강내도서관,충청북도,청주시,공공도서관,매주금요일+국가지정공휴일,09:00,18:00,09:00,18:00,09:00,18:00,150,93248,49,38,10,15,충청북도 청주시 흥덕구 강내면 가로수로 568,청주시 도서관평생학습본부,043-201-4194,1626,605.08,https://library.cheongju.go.kr,2025-06-25,5710000,충청북도 청주시
36.6660878933,127.3693921801,청주옥산도서관,충청북도,청주시,공공도서관,매주월요일+국가지정공휴일,09:00,18:00,09:00,18:00,09:00,18:00,47,73043,45,1351,10,15,충청북도 청주시 흥덕구 옥산면 오산5길 10,청주시 도서관평생학습본부,043-201-4212,1156,666.08,https://library.cheongju.go.kr,2025-06-25,5710000,충청북도 청주시
36.6184367358,127.4287139314,청주가로수도서관,충청북도,청주시,공공도서관,매주금요일+국가지정공휴일,09:00,22:00,09:00,18:00,09:00,18:00,150,59391,106,4103,10,15,충청북도 청주시 흥덕구 서현서로 5,청주시 도서관평생학습본부,043-201-4232,3666.72,1382.66,https://library.cheongju.go.kr,2025-06-25,5710000,충청북도 청주시
,,목포어울림도서관,전라남도,목포시,공공도서관,"매월 둘째,넷째 월요일/ 일요일을 제외한 공휴일 / 매분기 마지막일",09:00,22:00,09:00,18:00,09:00,18:00,131,39057,51,1333,5,14,전라남도 목포시 용해지구로 31,전라남도 목포시,061-270-1250,2000,4424,http://www.mokpolib.or.kr,2025-09-06,4800000,전라남도 목포시
34.80347274,126.4030674,목포시립도서관,전라남도,목포시,공공도서관,"매월 둘째,넷째 월요일/ 일요일을 제외한 공휴일 / 매분기 마지막일",09:00,22:00,09:00,22:00,09:00,22:00,652,326211,55,10072,10,14,전라남도 목포시 용당로160번길 32,(재)목포문화재단,061-278-3320,9814,5774,http://www.mokpolib.or.kr,2025-09-06,4800000,전라남도 목포시
34.81483061,126.4256009,목포어린이도서관,전라남도,목포시,어린이도서관,"매월 첫째,셋째 월요일/ 일요일을 제외한 공휴일 / 매분기 마지막일",09:00,18:00,09:00,18:00,09:00,18:00,416,71852,15,1375,5,14,전라남도 목포시 옥암로186번길 30-7(석현동),(재)목포문화재단,061-287-1922,3721,2177,http://www.mokpolib.or.kr,2025-09-06,4800000,전라남도 목포시
34.81453381,126.4259326,목포영어도서관,전라남도,목포시,공공도서관,"매월 첫째,셋째 월요일/ 일요일을 제외한 공휴일 / 매분기 마지막일",09:00,18:00,09:00,18:00,09:00,18:00,70,24187,7,1075,5,14,전라남도 목포시 옥암로186번길 30-11(석현동),전라남도 목포시,061-270-3322,2476,935.03,http://www.mokpolib.or.kr,2025-09-06,4800000,전라남도 목포시
34.80747909,126.3688758,노을도서관,전라남도,목포시,작은도서관,"매주월요일,공휴일",09:00,18:00,09:00,18:00,00:00,00:00,20,3564,0,0,5,14,전라남도 목포시 고하대로 641-10,노을작은도서관운영위원회,061-272-9872,,72,http://www.mokpolib.or.kr,2025-09-06,4800000,전라남도 목포시
34.80909511,126.3866468,행복마을도서관,전라남도,목포시,작은도서관,"매주월요일,공휴일",09:00,18:00,09:00,18:00,00:00,00:00,16,4623,0,0,5,14,전라남도 목포시 양을로 144,행복마을작은도서관운영위원회,061-274-7077,,84,http://www.mokpolib.or.kr,2025-09-06,4800000,전라남도 목포시
34.79034866,126.4016498,삼학도서관,전라남도,목포시,작은도서관,"매주월요일,공휴일",10:00,19:00,10:00,19:00,00:00,00:00,16,4864,0,0,5,14,전라남도 목포시 자유로104번길 35,삼학작은도서관운영위원회,061-243-4880,,79,http://www.mokpolib.or.kr,2025-09-06,4800000,전라남도 목포시
34.81974985,126.3968006,소나무도서관,전라남도,목포시,작은도서관,"매주월요일,공휴일",10:00,19:00,10:00,19:00,00:00,00:00,20,2480,0,0,5,14,전라남도 목포시 포미로 22,소나무작은도서관운영위원회,061-274-0067,,81,http://www.mokpolib.or.kr,2025-09-06,4800000,전라남도 목포시
34.79958771,126.3997647,숲속도서관,전라남도,목포시,작은도서관,"매주월요일,공휴일",09:00,18:00,09:00,18:00,00:00,00:00,20,5555,0,0,5,14,전라남도 목포시 백년대로 95-5(용당2동),숲속작은도서관운영위원회,061-276-7384,,120,http://www.mokpolib.or.kr,2025-09-06,4800000,전라남도 목포시
34.80236326,126.4319076,청개구리도서관,전라남도,목포시,작은도서관,"매주월요일,공휴일",09:00,18:00,09:00,18:00,00:00,00:00,23,6426,0,0,5,14,"전라남도 목포시 통일대로75번길 14(옥암동,부영@)",청개구리작은도서관운영위원회,061-281-2463,,131,http://www.mokpolib.or.kr,2025-09-06,4800000,전라남도 목포시
37.45738796,126.8865496,참새작은도서관,서울특별시,금천구,작은도서관,월요일+일요일+법정공휴일,10:00,20:00,10:00,14:30,00:00,00:00,60,10672,0,0,10,14,"서울특별시 금천구 한내로 69-15, 3층",금천문화재단,02-2104-5765,,262,https://geumcheonlib.seoul.kr,2025-03-13,3170000,서울특별시 금천구
37.45310408,126.908929,나누리 작은도서관,서울특별시,금천구,작은도서관,토요일+일요일+법정공휴일,11:00,19:00,00:00,00:00,00:00,00:00,40,8987,0,0,10,14,"서울특별시 금천구 금하로23길 40, 금화빌딩",나누리 작은도서관,02-892-0109,,100,,2025-03-13,3170000,서울특별시 금천구
37.4631474000,126.903459,미래향기작은도서관,서울특별시,금천구,작은도서관,월요일+일요일+법정공휴일,10:00,20:00,10:00,14:30,00:00,00:00,32,9880,0,0,10,14,"서울특별시 금천구 독산로 179, 1층",금천문화재단,02-2104-5584,,149,https://geumcheonlib.seoul.kr,2025-03-13,3170000,서울특별시 금천구
36.17821096,127.774809,리즈영어작은도서관,충청북도,영동군,작은도서관,금+공휴일,09:00,18:00,09:00,18:00,00:00,00:00,12,1603,0,0,2,7,충청북도 영동군 영동읍 영동시장4길 42,충청북도 영동군 리즈영어마을,043-744-7616,234,150.68,,2023-12-06,4440000,충청북도 영동군
36.1802453,127.7802849,어깨동무작은도서관,충청북도,영동군,작은도서관,금+공휴일,09:00,18:00,09:00,18:00,00:00,00:00,32,21217,0,0,2,7,충청북도 영동군 영동읍 구교2길 2,충청북도 영동군 어깨동무지역아동센터,043-744-3677,483.8,265,,2023-12-06,4440000,충청북도 영동군
36.17275272,127.7777909,레인보우영동도서관,충청북도,영동군,공공도서관,금+공휴일,09:00,22:00,09:00,22:00,00:00,00:00,200,60622,64,4646,5,10,충청북도 영동군 영동읍 계산로2길 25,충청북도 영동군청,043-743-9600,2456,1947.48,,2023-12-06,4440000,충청북도 영동군
35.58094462,129.3453065,지구촌작은도서관,울산광역시,중구,작은도서관,토+일+공휴일,10:00,17:00,00:00,00:00,00:00,00:00,6,1284,0,0,3,14,"울산광역시 중구 북부순환도로 871, 4층(서동)",,052-296-7121,,198,,2024-11-13,3690000,울산광역시 중구
35.557532,129.311192,중구 우정마을 작은도서관,울산광역시,중구,작은도서관,일+공휴일,10:00,14:00,10:00,16:00,00:00,00:00,20,1500,0,0,3,14,울산광역시 중구 명룬로 66(우정동) 3층,,,,124,,2024-11-13,3690000,울산광역시 중구
35.578784,129.346596,꿈꾸는 작은도서관,울산광역시,중구,작은도서관,토+일+공휴일,10:00,18:00,00:00,00:00,00:00,00:00,6,1000,0,0,3,14,울산광역시 중구 병영로 106(동동) 2층,,,,37,,2024-11-13,3690000,울산광역시 중구
33.28797397,126.6269956,(신례1리)예촌작은도서관,제주특별자치도,서귀포시,작은도서관,국가지정공휴일(일요일포함)+매주월요일,14:00,18:00,10:00,14:00,00:00,00:00,29,7200,4,0,5,14,제주특별자치도 서귀포시 남원읍 신례중앙로 37,예촌작은도서관,064-767-5200,,,https://www.smalllibrary.org/main/index,2025-09-01,6500000,제주특별자치도
33.30704179,126.8012247,(세화2리)갯머리작은도서관,제주특별자치도,서귀포시,작은도서관,국가지정공휴일(일요일제외)+매주월요일+매주토요일,15:00,19:00,00:00,00:00,15:00,19:00,20,5739,4,0,3,14,제주특별자치도 서귀포시 표선면 일주동로 6276,세화2리마을회,064-787-3420,,,https://www.smalllibrary.org/main/index,2025-09-01,6500000,제주특별자치도
33.24413745,126.4593733,서귀포점자도서관,제주특별자치도,서귀포시,장애인도서관,국가지정공휴일(일요일포함)+매주토요일,09:00,18:00,00:00,00:00,00:00,00:00,11,2135,10,1340,3,7,제주특별자치도 서귀포시 월평로 10,사회복지법인 삼다,064-738-5665,,,,2025-09-01,6500000,제주특별자치도
35.97529549,128.3995557,칠곡군립도서관,경상북도,칠곡군,공공도서관,매주금요일+국가지정 공휴일,09:00,22:00,09:00,22:00,00:00,00:00,582,94567,215,11151,5,14,경상북도 칠곡군 왜관읍 달오1길 6-7,경상북도 칠곡군청,054-979-6702,2449,1358,http://library.chilgok.go.kr,2025-09-16,5220000,경상북도 칠곡군
36.07449135,128.409165,북삼도서관,경상북도,칠곡군,공공도서관,매주월요일+국가지정 공휴일,09:00,22:00,09:00,22:00,00:00,00:00,240,81502,0,1579,5,14,경상북도 칠곡군 석적읍 남중리2길 25,경상북도 칠곡군청,054-979-5976,680,582,http://library.chilgok.go.kr,2025-09-16,5220000,경상북도 칠곡군
36.062692,128.3418267,석적도서관,경상북도,칠곡군,공공도서관,매주월요일+국가지정 공휴일,09:00,22:00,09:00,22:00,00:00,00:00,130,80783,0,1200,5,14,경상북도 칠곡군 북삼읍 인평2길 2,경상북도 칠곡군청,054-979-5985,2166,423,http://library.chilgok.go.kr,2025-09-16,5220000,경상북도 칠곡군
35.98389969,128.5538964,동명작은도서관,경상북도,칠곡군,작은도서관,매주월요일+국가지정 공휴일,10:00,17:00,10:00,17:00,00:00,00:00,78,10482,0,0,5,14,경상북도 칠곡군 동명면 금암중앙길 56,경상북도 칠곡군청,054-974-8219,266.5,266.5,http://library.chilgok.go.kr,2025-09-16,5220000,경상북도 칠곡군
37.3402564824,127.950996105,그림책도서관,강원특별자치도,원주시,공공도서관,월+국가지정 공휴일+12월 31일,09:00,18:00,09:00,18:00,09:00,18:00,315,17413,0,0,6,14,강원특별자치도 원주시 향교길 77 (명륜동),강원특별자치도 원주시청,033-737-4702,28691,1506,https://lib.wonju.go.kr/pb,2025-06-30,4191000,강원특별자치도 원주시
37.3302196,127.934070,생각자람어린이도서관,강원특별자치도,원주시,공공도서관,월+국가지정 공휴일+12월 31일,09:00,18:00,09:00,18:00,09:00,18:00,307,17780,16,100,6,14,강원특별자치도 원주시 시청로 160-9,강원특별자치도 원주시청,033-737-3700,2558.44,1083.08,https://lib.wonju.go.kr/sj,2025-06-30,4191000,강원특별자치도 원주시
36.6058404,128.2044061,경상북도교육청 점촌도서관,경상북도,문경시,공공도서관,매주 월요일 「관공서의 공휴일에 관한 규정」에서 정한 공휴일(단 일요일이 관공서의 기타 공휴일과 겹치는 경우 휴관) 도서 및 시설물의 정리 수리 기타 사유로 휴관이 불가피한 경우 관장이 지정하여 공고하는 날,09:00,22:00,09:00,22:00,09:00,22:00,313,66264,156,5538,10,14,경상북도 문경시 호서로 133,경상북도교육청,054-550-3600,2203,1454.41,http://www.gbelib.kr/jc/index.do,2025-06-26,8841000,경상북도교육청 경상북도문경교육지원청
36.6442221,128.0624045,경상북도교육청 점촌도서관 가은분관,경상북도,문경시,공공도서관,매주 월요일 「관공서의 공휴일에 관한 규정」에서 정한 공휴일(단 일요일이 관공서의 기타 공휴일과 겹치는 경우 휴관) 도서 및 시설물의 정리 수리 기타 사유로 휴관이 불가피한 경우 관장이 지정하여 공고하는 날,09:00,21:00,09:00,21:00,09:00,21:00,200,43168,89,3874,10,14,경상북도 문경시 가은읍 대야로 2508,경상북도교육청,054-572-0309,2068,894.21,http://www.gbelib.kr/jcge/index.do,2025-06-26,8841000,경상북도교육청 경상북도문경교육지원청
36.61238757,127.5058042,청주시립도서관,충청북도,청주시,공공도서관,매주월요일+국가지정공휴일,09:00,22:00,09:00,18:00,09:00,18:00,344,233126,98,6645,10,15,충청북도 청주시 상당구 용암로 55,청주시 도서관평생학습본부,043-201-4074,11045,5364,https://library.cheongju.go.kr,2025-06-25,5710000,충청북도 청주시
36.712947457,127.4238802757,청주오창호수도서관,충청북도,청주시,공공도서관,매주월요일+국가지정공휴일,09:00,22:00,09:00,18:00,09:00,18:00,430,150226,100,2615,10,15,충청북도 청주시 청원구 오창읍 오창공원로 102,청주시 도서관평생학습본부,043-201-4096,9368,8338.5,https://library.cheongju.go.kr,2025-06-25,5710000,충청북도 청주시
36.6428278384,127.4912787816,청주상당도서관,충청북도,청주시,공공도서관,매주월요일+국가지정공휴일,09:00,22:00,09:00,18:00,09:00,18:00,330,142490,95,8,10,15,충청북도 청주시 상당구 대성로 195,청주시 도서관평생학습본부,043-201-4103,3807,2681,https://library.cheongju.go.kr,2025-06-25,5710000,충청북도 청주시
36.66629696,127.4749425,청주청원도서관,충청북도,청주시,공공도서관,매주금요일+국가지정공휴일,09:00,22:00,09:00,18:00,09:00,18:00,392,153389,100,48,10,15,충청북도 청주시 청원구 사뜸로61번길 88-14,청주시 도서관평생학습본부,043-201-4126,6896,2623.03,https://library.cheongju.go.kr,2025-06-25,5710000,충청북도 청주시
36.7425323262,127.4550083034,청주오창도서관,충청북도,청주시,공공도서관,매주금요일+국가지정공휴일,09:00,22:00,09:00,18:00,09:00,18:00,148,109570,47,50,10,15,충청북도 청주시 청원구 오창읍 두릉유리로 1141-10,청주시 도서관평생학습본부,043-201-4146,2747,1781.09,https://library.cheongju.go.kr,2025-06-25,5710000,충청북도 청주시
36.630994028,127.5117276965,청주금빛도서관,충청북도,청주시,공공도서관,매주금요일+국가지정공휴일,09:00,22:00,09:00,18:00,09:00,18:00,193,72235,89,5521,10,15,충청북도 청주시 상당구 호미로 272(금천동),청주시 도서관평생학습본부,043-201-4136,12628,4052,https://library.cheongju.go.kr,2025-06-25,5710000,충청북도 청주시
36.72391493,127.534927,청주내수도서관,충청북도,청주시,공공도서관,매주월요일+국가지정공휴일,09:00,18:00,09:00,18:00,09:00,18:00,159,28778,68,51,10,15,충청북도 청주시 청원구 내수읍 마산3길 49,청주시 도서관평생학습본부,043-201-4736,5258,1628.5,https://library.cheongju.go.kr,2025-06-25,5710000,충청북도 청주시
36.6351748,127.3232691,청주오송도서관,충청북도,청주시,공공도서관,매주월요일+국가지정공휴일,09:00,22:00,09:00,18:00,09:00,18:00,375,125345,97,12039,10,15,충청북도 청주시 흥덕구 오송읍 오송생명1로 180,청주시 도서관평생학습본부,043-201-4167,1156.65,2752,https://library.cheongju.go.kr,2025-06-25,5710000,충청북도 청주시
36.6086928352,127.4891401342,청주서원도서관,충청북도,청주시,공공도서관,매주금요일+국가지정공휴일,09:00,22:00,09:00,18:00,09:00,18:00,346,125832,85,1558,10,15,충청북도 청주시 서원구 분평로 35,청주시 도서관평생학습본부,043-201-4182,2365.5,2365,https://library.cheongju.go.kr,2025-06-25,5710000,충청북도 청주시
35.92442007,128.5539097,협성휴포레강북작은도서관,대구광역시,북구,작은도서관,토+일+법정공휴일,15:00,17:00,00:00,00:00,00:00,00:00,12,7266,2,0,3,7,"대구광역시 북구 태암남로 60(태전동,협성휴포레강북아파트)",,053-311-7620,,109.1,,2025-07-31,3450000,대구광역시 북구
35.93931668,128.566466,화성그랜드파크 도서관 함지원,대구광역시,북구,작은도서관,일+법정공휴일,13:00,18:00,13:00,16:00,00:00,00:00,10,2300,0,0,0,0,"대구광역시 북구 구암로65길 9(구암동,화성그랜드파크)",,053-324-6935,,70,,2025-07-31,3450000,대구광역시 북구
35.93503621,128.559968,화성센트럴파크 도서관,대구광역시,북구,작은도서관,토+일+법정공휴일,14:00,16:00,00:00,00:00,00:00,00:00,22,10850,2,0,0,0,"대구광역시 북구 대천로 100(동천동,화성센트럴파크)",,053-281-0952,,108,,2025-07-31,3450000,대구광역시 북구
35.95459096,128.5829858,힐스테이트 데시앙 도남1단지 작은도서관(운영준비중),대구광역시,북구,작은도서관,연중무휴,08:00,00:00,08:00,00:00,08:00,00:00,24,2400,1,0,0,0,"대구광역시 북구 도남길 76(국우동,힐스테이트데시앙도남1단지)",,053-327-1692,,174.66,,2025-07-31,3450000,대구광역시 북구
36.03248878,128.363387,약목작은도서관,경상북도,칠곡군,작은도서관,매주토요일+국가지정 공휴일,10:00,17:00,00:00,00:00,00:00,00:00,85,8412,0,0,5,14,경상북도 칠곡군 약목면 복성1길 15,경상북도 칠곡군청,054-975-7950,261,261,http://library.chilgok.go.kr,2025-09-16,5220000,경상북도 칠곡군
35.18023609,128.957200,강서도서관,부산광역시,강서구,공공도서관,월+공휴일,09:00,22:00,09:00,18:00,09:00,17:00,306,123603,59,12334,5,14,부산광역시 강서구 공항로811번길 10(강서브라이트센터 3층),부산광역시 강서구청,051-970-4068,7471,3418,https://library.bsgangseo.go.kr/gslib/,2025-09-10,3360000,부산광역시 강서구
35.08616321,128.904741,강서기적의도서관,부산광역시,강서구,어린이도서관,월+공휴일,09:00,18:00,09:00,18:00,09:00,17:00,247,82492,59,0,5,14,"부산광역시 강서구 명지오션시티10로 80(명지동, 강서기적의도서관)",부산광역시 강서구청,051-970-2317,2438,1289.18,https://library.bsgangseo.go.kr/gmlib/,2025-09-10,3360000,부산광역시 강서구
35.15093108,128.8312888,지사도서관,부산광역시,강서구,공공도서관,월+공휴일,09:00,18:00,09:00,18:00,09:00,17:00,30,31037,36,0,5,14,부산광역시 강서구 과학산단2로20번길 5(지사문화회관 3층),부산광역시 강서구청,051-970-2777,682.86,682.86,https://library.bsgangseo.go.kr/jslib/,2025-09-10,3360000,부산광역시 강서구
35.08864446,128.8725303,신호작은도서관,부산광역시,강서구,작은도서관,월+공휴일,10:00,18:00,10:00,18:00,10:00,17:00,30,9585,19,0,5,14,"부산광역시 강서구 르노삼성대로 14(신호동, 신호문화공원 본관 1층)",부산광역시 강서구청,051-970-2316,156.84,156.84,https://library.bsgangseo.go.kr/gmlib/,2025-09-10,3360000,부산광역시 강서구
35.10084821,128.9254715,아이꿈작은도서관,부산광역시,강서구,작은도서관,월+일+공휴일,09:30,17:30,09:30,17:30,00:00,00:00,30,8684,0,0,5,14,"부산광역시 강서구 명지국제6로318번길 58(명지동, 강서구육아종합지원센터 2층)",부산광역시 강서구 강서구육아종합지원센터,051-201-5202,105.8,105.8,http://www.bgscc.or.kr/,2025-09-10,3360000,부산광역시 강서구
35.08395235,128.8999885,극동스타클래스작은도서관,부산광역시,강서구,작은도서관,일+공휴일,10:00,22:00,10:00,22:00,00:00,00:00,120,11086,0,0,3,10,부산광역시 강서구 명지오션시티2로 71,극동스타클래스작은도서관,051-271-2142,367,367,,2025-09-10,3360000,부산광역시 강서구
35.08639247,128.8967866,링컨타운책벌레작은도서관,부산광역시,강서구,작은도서관,화+목+토+일+공휴일,13:00,17:00,00:00,00:00,00:00,00:00,22,5900,0,0,5,14,부산광역시 강서구 명지오션시티10로 16,퀸덤1차 링컨타운아파트,051-271-7170,121,121,,2025-09-10,3360000,부산광역시 강서구
35.08637338,128.8998473,아인슈타인타운책벌레작은도서관,부산광역시,강서구,작은도서관,토+일+공휴일,13:00,17:00,00:00,00:00,00:00,00:00,36,3053,0,0,4,14,부산광역시 강서구 명지오션시티11로 51,퀸덤1차 아이슈타인타운,051-271-7781,129,129,,2025-09-10,3360000,부산광역시 강서구
35.08814982,128.8973624,에디슨타운책벌레작은도서관,부산광역시,강서구,작은도서관,토+일+공휴일,13:00,17:00,00:00,00:00,00:00,00:00,23,4233,0,0,5,14,부산광역시 강서구 명지오션시티10로 17,퀸덤1차 에디슨타운,051-271-0541,131,131,,2025-09-10,3360000,부산광역시 강서구
35.21676104,128.9593384,책나무작은도서관,부산광역시,강서구,작은도서관,토+일+공휴일,09:00,18:00,00:00,00:00,00:00,00:00,12,3238,0,0,2,14,부산광역시 강서구 대저로63번길 31,강서구종합사회복지관,051-972-4591,45,45,,2025-09-10,3360000,부산광역시 강서구
35.08081407,128.9011278,명지한신휴플러스작은도서관,부산광역시,강서구,작은도서관,일+공휴일,09:00,21:00,09:00,21:00,00:00,00:00,60,1448,0,0,5,14,부산광역시 강서구 명지오션시티1로 155(명지오션시티 한신휴플러스 109동),명지한신휴플러스,051-271-2750,332,332,,2025-09-10,3360000,부산광역시 강서구
35.08173983,128.8965973,솔마레작은도서관,부산광역시,강서구,작은도서관,일+공휴일,09:00,18:00,09:00,18:00,00:00,00:00,107,1544,0,0,5,14,부산광역시 강서구 명지오션시티12로 10(엘크루솔마레 107동),엘크루솔마레아파트,051-271-3999,382,382,,2025-09-10,3360000,부산광역시 강서구
35.10045574,128.920892,에일린의뜰작은도서관,부산광역시,강서구,작은도서관,연중무휴,05:00,23:00,05:00,23:00,05:00,23:00,28,3446,0,0,6,7,부산광역시 강서구 명지국제5로 60,명지에일린의뜰,051-291-8855,65,65,,2025-09-10,3360000,부산광역시 강서구
35.10098091,128.9242407,동행작은도서관,부산광역시,강서구,작은도서관,월+일+공휴일,13:00,18:00,13:00,18:00,00:00,00:00,32,2140,0,0,0,0,부산광역시 강서구 명지국제6로 288,동행교회,051-204-1191,927,150,,2025-09-10,3360000,부산광역시 강서구
35.15089393,128.8389873,지사꿈꾸는작은도서관,부산광역시,강서구,작은도서관,토+일+공휴일,12:00,18:00,00:00,00:00,00:00,00:00,13,7782,0,0,5,7,부산광역시 강서구 과학산단2로 20번길 69,지사꿈꾸는 작은도서관 운영위원회,051-941-1184,77,77,,2025-09-10,3360000,부산광역시 강서구
35.09532965,128.9191736,대방2차Book적Book적작은도서관,부산광역시,강서구,작은도서관,토+일+공휴일,12:00,18:00,00:00,00:00,00:00,00:00,62,10596,0,0,5,7,부산광역시 강서구 명지국제5로 11,명지대방노블랜드 오션뷰2차,051-294-8705,141,141,,2025-09-10,3360000,부산광역시 강서구
35.09792767,128.9244672,소담북카페,부산광역시,강서구,작은도서관,월+일+공휴일,12:00,19:00,12:00,19:00,00:00,00:00,30,4400,0,0,5,14,부산광역시 강서구 명지국제8로 289,동일교회,051-203-0199,77,77,,2025-09-10,3360000,부산광역시 강서구
36.17745821,127.7766024,이수초등학교도서관,충청북도,영동군,학교도서관,토+금+공휴일,09:00,17:00,00:00,00:00,00:00,00:00,67,18446,2,247,3,7,충청북도 영동군 영동읍 영산로 4길 9,충청북도 영동군 이수초등학교,043-744-0140,218,2191.32,,2023-12-06,4440000,충청북도 영동군
36.2165728,127.7145748,초강초등학교 도서관,충청북도,영동군,학교도서관,토+금+공휴일,09:00,16:40,00:00,00:00,00:00,00:00,24,9616,0,29,3,7,충청북도 영동군 초강면 초강로 97,충청북도 영동군 초강초등학교,043-742-6260,1962,95,,2023-12-06,4440000,충청북도 영동군
36.21507951,127.9966215,추풍령초등학교학교도서관,충청북도,영동군,학교도서관,토+금+공휴일,08:40,16:40,00:00,00:00,00:00,00:00,45,12239,0,63,5,21,충청북도 영동군 추풍령면 추풍령로2길 7,충청북도 영동군 추풍령초등학교,043-742-2781,,,,2023-12-06,4440000,충청북도 영동군
36.09154408,127.6869653,학산초등학교 도서관,충청북도,영동군,학교도서관,토+금+공휴일,09:00,17:00,00:00,00:00,00:00,00:00,20,10394,0,550,2,5,충청북도 영동군 학산면 서산동길 12-9,충청북도 영동군 학산초등학교,043-743-6397,,101.25,,2023-12-06,4440000,충청북도 영동군
36.22659358,127.9127685,황간초등학교 월류글터도서실,충청북도,영동군,학교도서관,토+금+공휴일,08:40,17:00,00:00,00:00,00:00,00:00,16,12248,0,14,2,7,충청북도 영동군 황간면 남성1길 25,충청북도 영동군 황간초등학교,043-742-4088,92,92,,2023-12-06,4440000,충청북도 영동군
36.17483958,127.8230803,주곡작은도서관,충청북도,영동군,작은도서관,토+금+공휴일,09:00,18:00,00:00,00:00,00:00,00:00,10,1690,0,0,2,7,충청북도 영동군 영동읍 주곡길 24-11,충청북도 영동군 주곡지역아동센터,043-745-2798,100,87,,2023-12-06,4440000,충청북도 영동군
36.1654611,127.7819328,참배움의 집,충청북도,영동군,작은도서관,월+공휴일,09:00,18:00,09:00,18:00,00:00,00:00,15,1890,0,0,2,7,충청북도 영동군 영동읍 매천6길 37,충청북도 영동군 영동중앙교회,043-742-2482,80,70,,2023-12-06,4440000,충청북도 영동군
36.1760111,127.7875872,꿈이있는문고,충청북도,영동군,작은도서관,금+공휴일,09:00,18:00,09:00,18:00,00:00,00:00,24,2500,0,0,2,7,충청북도 영동군 영동읍 동정로2길 15,충청북도 영동군 꿈이있는지역아동센터,043-742-0691,50,40,,2023-12-06,4440000,충청북도 영동군
36.2277318,127.9105144,황간면청소년공부방,충청북도,영동군,작은도서관,월+공휴일,09:00,18:00,09:00,18:00,00:00,00:00,72,1600,0,0,2,7,충청북도 영동군 황간면 남성2길 8,충청북도 영동군 황간면주민자치위원회,043-740-5748,300,227,,2023-12-06,4440000,충청북도 영동군
36.1466034282,127.7489480281,구세군양강도서관,충청북도,영동군,작은도서관,금+공휴일,09:00,18:00,09:00,18:00,00:00,00:00,30,2708,0,0,2,7,충청북도 영동군 양강면 묘동4길 8,충청북도 영동군 영동지역아동센터,043-742-1032,100,69,,2023-12-06,4440000,충청북도 영동군
36.1279645,127.7098753020,묵정마을문고,충청북도,영동군,작은도서관,금+공휴일,09:00,18:00,09:00,18:00,00:00,00:00,20,2598,0,0,2,7,충청북도 영동군 양강면 묵정2길 4-5,충청북도 영동군 묵정지역아동센터,043-744-1997,100,82,,2023-12-06,4440000,충청북도 영동군
36.1199972,127.6674070889,꿈이자라는문고,충청북도,영동군,작은도서관,공휴일,09:00,18:00,09:00,18:00,00:00,00:00,8,4103,0,0,2,7,충청북도 영동군 양산면 가곡7길 30,충청북도 영동군 양산제일교회,043-743-8563,100,83,,2023-12-06,4440000,충청북도 영동군
36.23843124,127.7220401,심천구세군,충청북도,영동군,작은도서관,토+금+공휴일,09:00,18:00,00:00,00:00,00:00,00:00,30,1695,0,0,2,7,충청북도 영동군 심천면 심천로6길 10-15,충청북도 영동군 심천지역아동센터,043-742-6044,100,70,,2023-12-06,4440000,충청북도 영동군
36.1488053,127.9142032,갈마루작은도서관,충청북도,영동군,작은도서관,금+공휴일,09:00,18:00,09:00,18:00,00:00,00:00,30,4721,0,0,2,7,충청북도 영동군 상촌면 임산1길 44,충청북도 영동군 갈마루지역아동센터,043-745-0842,150,98,,2023-12-06,4440000,충청북도 영동군
35.89031937,128.581354,침산1동 작은도서관,대구광역시,북구,작은도서관,토+일+법정공휴일,09:00,18:00,00:00,00:00,00:00,00:00,39,7303,2,0,10,15,대구광역시 북구 침산남로13길 16 (침산1동주민센터 2층),대구광역시 북구청,053-320-5191,,187,https://library.daegu.go.kr/bukgs/html.do?menu_idx=98,2025-07-31,3450000,대구광역시 북구
35.92852111,128.5461677,태전도서관,대구광역시,북구,공공도서관,"매월 첫째,셋째 월요일, 일요일 제외한 법정공휴일",09:00,20:00,09:00,17:00,09:00,17:00,160,65924,80,0,10,15,대구광역시 북구 영송로 36-16,대구광역시 북구청,053-320-5180,1950,936.88,https://library.daegu.go.kr/buktj/index.do,2025-07-31,3450000,대구광역시 북구
35.92309768,128.6013267,튼튼한어린이집 작은도서관,대구광역시,북구,작은도서관,토+일+법정공휴일,09:00,17:00,00:00,00:00,00:00,00:00,16,2200,0,0,3,14,대구광역시 북구 동변로 20길 30-1,,053-958-0071,,113,,2025-07-31,3450000,대구광역시 북구
35.90800586,128.5429328,하늘샘작은도서관,대구광역시,북구,작은도서관,월~토,00:00,00:00,00:00,00:00,10:00,17:00,63,3064,0,0,0,0,대구광역시 북구 매전로4길 10-14(매천동),,053-314-0600,,93.48,,2025-07-31,3450000,대구광역시 북구
35.89926646,128.512748,한강공원부키도서관,대구광역시,북구,작은도서관,일요일을 제외한 법정공휴일,10:00,19:00,10:00,18:00,10:00,18:00,10,8127,5,0,10,15,대구광역시 북구 내곡로 38-19,대구광역시 북구청,053-320-5199,,41,https://library.daegu.go.kr/bukgs/html.do?menu_idx=98,2025-07-31,3450000,대구광역시 북구
35.89875779,128.5142384,한강숲작은도서관,대구광역시,북구,작은도서관,토+일+법정공휴일,10:00,17:00,00:00,00:00,00:00,00:00,12,4160,22,0,3,7,"대구광역시 북구 한강로 55(사수동,대구금호엘에이치천년나무1단지)",,053-323-6100,,47.58,,2025-07-31,3450000,대구광역시 북구
35.944305,128.5451805,헤세드 작은도서관,대구광역시,북구,작은도서관,일+법정공휴일,10:30,18:00,10:30,18:00,00:00,00:00,50,4220,5,0,0,0,대구광역시 북구 관음중앙로 117(관음동),,,,39.28,,2025-07-31,3450000,대구광역시 북구
37.3493047,126.9450946,다온숲작은도서관,경기도,군포시,작은도서관,일+법정공휴일,10:00,18:00,10:00,14:00,00:00,00:00,30,3269,10,0,3,14,"경기도 군포시 고산로250번길 36, 201호",예일교회,031-342-8578,,125.85,,2025-11-25,4020000,경기도 군포시
37.3472245,126.9548334,당정문화도서관,경기도,군포시,작은도서관,토+일+법정공휴일,09:00,18:00,00:00,00:00,00:00,00:00,100,47551,17,90,7,14,경기도 군포시 한세로56번길 12,군포문화원,031-429-5577,,307,http://www.gpmunhwa.or.kr/,2025-11-25,4020000,경기도 군포시
37.3149437,126.9226607,사랑아이엔지작은도서관,경기도,군포시,작은도서관,월+법정공휴일,09:00,18:00,09:00,18:00,13:00,14:00,174,11852,0,0,10,14,경기도 군포시 송부로74번길 24,사랑빚는교회,070-8899-0620,,586.83,https://cafe.daum.net/sarangING,2025-11-25,4020000,경기도 군포시
37.35153812,126.9451153,사랑이꽃피는작은도서관,경기도,군포시,작은도서관,일+법정공휴일,10:00,18:00,10:00,18:00,00:00,00:00,45,6628,2,0,5,7,경기도 군포시 군포로 508,늘푸른교회,031-457-7942,,99,,2025-11-25,4020000,경기도 군포시
37.36016225,126.943476,사랑이있는작은도서관,경기도,군포시,작은도서관,토+법정공휴일,10:00,18:00,00:00,00:00,10:00,15:00,40,5911,1,0,2,14,경기도 군포시 금당로 164,토브침례교회,031-429-0400,,117.3,,2025-11-25,4020000,경기도 군포시
37.35860355,126.926378,산본녹색작은도서관,경기도,군포시,작은도서관,일+월+법정공휴일,13:00,18:00,13:00,18:00,00:00,00:00,26,2556,0,0,2,14,경기도 군포시 산본천로 18,산본중앙교회,031-396-3996,,73.54,,2025-11-25,4020000,경기도 군포시
37.3347496,126.9305619,삼성마을5단지작은도서관,경기도,군포시,작은도서관,일+법정공휴일,13:00,17:00,10:00,12:00,00:00,00:00,37,5114,0,0,7,14,경기도 군포시 번영로200번길31,아파트입주자대표위,031-687-8782,,58,,2025-11-25,4020000,경기도 군포시
37.3409834,126.9344157,새봄작은도서관,경기도,군포시,작은도서관,토+일+법정공휴일,09:00,18:00,00:00,00:00,00:00,00:00,30,4032,0,0,5,7,경기도 군포시 삼성로 79,아파트입주자대표위,031-384-8788,,50,,2025-11-25,4020000,경기도 군포시
37.36081389,126.945999,샤론작은도서관,경기도,군포시,작은도서관,토+법정공휴일,10:00,18:00,00:00,00:00,10:00,15:00,40,6502,8,0,3,7,경기도 군포시 당산로 103,장자성결교회,031-477-5692,,142.68,http://cafe.daum.net/sharon-library,2025-11-25,4020000,경기도 군포시
37.31859922,126.9186768,송안작은도서관,경기도,군포시,작은도서관,토+일+법정공휴일,10:00,18:00,00:00,00:00,00:00,00:00,40,5176,0,0,2,7,경기도 군포시 송부로49번길 16,아파트입주자대표위,031-502-0541,,125.7,,2025-11-25,4020000,경기도 군포시
37.31721093,126.9183122,송정작은도서관,경기도,군포시,작은도서관,법정공휴일,09:00,18:00,09:00,18:00,09:00,18:00,74,3754,15,0,3,14,경기도 군포시 송부로49번길 15,아파트입주자대표위,031-419-0227,,192.17,,2025-11-25,4020000,경기도 군포시
37.34161205,126.9307452,숲속작은도서관,경기도,군포시,작은도서관,토+법정공휴일,14:00,18:00,00:00,00:00,13:00,17:00,25,5804,2,0,4,14,경기도 군포시 삼성로59번길16,아파트입주자대표위,070-8830-7269,,57,,2025-11-25,4020000,경기도 군포시
36.22008398,127.7135686,심천중학교 도서관,충청북도,영동군,학교도서관,토+금+공휴일,08:30,16:30,00:00,00:00,00:00,00:00,36,6123,0,0,2,7,충청북도 영동군 심천면 초강로 143,충청북도 영동군 심천중학교,043-742-6082,180,180,,2023-12-06,4440000,충청북도 영동군
36.16900834,127.7748399,영신중학교 도서관,충청북도,영동군,학교도서관,토+금+공휴일,09:00,17:00,00:00,00:00,00:00,00:00,36,11686,0,0,2,7,충청북도 영동군 영동읍 영동황간로 22,충청북도 영동군 영신중학교,043-742-3851,,147.6,,2023-12-06,4440000,충청북도 영동군
36.12676451,127.6780589,정수중학교 도서관,충청북도,영동군,학교도서관,토+금+공휴일,09:00,16:30,00:00,00:00,00:00,00:00,20,5908,0,40,2,7,충청북도 영동군 양산면 송호로1길56,충청북도 영동군 정수중학교,043-744-8079,,55,,2023-12-06,4440000,충청북도 영동군
36.21774616,128.0027118,추풍령중학교도서관,충청북도,영동군,학교도서관,토+금+공휴일,08:20,16:30,00:00,00:00,00:00,00:00,30,9747,0,0,3,14,충청북도 영동군 추풍령면 신안로 106,충청북도 영동군 추풍령중학교,043-742-2881,159095,2838,,2023-12-06,4440000,충청북도 영동군
36.26402003,127.8280072,구룡초등학교 도담도서관,충청북도,영동군,학교도서관,토+금+공휴일,09:00,17:00,00:00,00:00,00:00,00:00,24,11246,3,22,3,7,충청북도 영동군 용산면 용산로 366,충청북도 영동군 구룡초등학교,043-742-9010,,198,,2023-12-06,4440000,충청북도 영동군
36.1927206,127.9325944,매곡초등학교 매화골 도서관,충청북도,영동군,학교도서관,토+금+공휴일,08:40,16:40,00:00,00:00,00:00,00:00,28,5945,0,28,2,14,충청북도 영동군 매곡면 민주지산로 3609,충청북도 영동군 매곡초등학교,043-743-2181,120,11181,,2023-12-06,4440000,충청북도 영동군
36.1672741,127.7671267,부용초등학교 부용햇살글마을,충청북도,영동군,학교도서관,토+금+공휴일,09:00,17:00,00:00,00:00,00:00,00:00,57,15042,0,50,2,7,충청북도 영동군 영동급 학산영동로 1155,충청북도 영동군 부용초등학교,043-742-0031,,130,,2023-12-06,4440000,충청북도 영동군
36.14761312,127.9120911,상촌초등학교 도서관,충청북도,영동군,학교도서관,토+금+공휴일,08:40,16:40,00:00,00:00,00:00,00:00,22,7277,0,0,3,7,충청북도 영동군 상촌면 임산 2길 20,충청북도 영동군 상촌초등학교,043-743-3516,99,99,,2023-12-06,4440000,충청북도 영동군
36.14516473,127.7474976,양강초등학교도서실,충청북도,영동군,학교도서관,토+금+공휴일,08:40,17:00,00:00,00:00,00:00,00:00,30,12106,0,88,2,7,충청북도 영동군 양강면 학산영동로817,충청북도 영동군 양강초등학교,043-744-2827,135,135,,2023-12-06,4440000,충청북도 영동군
36.1246393,127.6663507,양산초등학교 비봉글샘터,충청북도,영동군,학교도서관,토+금+공휴일,08:40,17:00,00:00,00:00,00:00,00:00,16,7901,0,24,3,7,충청북도 영동군 양산면 금강로 1500,충청북도 영동군 양산초등학교,043-743-9218,141.75,141.75,,2023-12-06,4440000,충청북도 영동군
36.4252531,125.7913417,영동초등학교 도서관,충청북도,영동군,학교도서관,토+금+공휴일,08:30,16:30,00:00,00:00,00:00,00:00,40,15499,7,187,3,7,충청북도 영동군 영동읍 영동촌 2길 47,충청북도 영동군 영동초등학교,043-742-3672,346.4,346.4,,2023-12-06,4440000,충청북도 영동군
36.02359338,127.765981,용화초등학교,충청북도,영동군,학교도서관,토+금+공휴일,09:00,17:00,00:00,00:00,00:00,00:00,23,11881,2,91,2,3,충청북도 영동군 용화면 용화양강로 32,충청북도 영동군 용화초등학교,043-743-7009,224,109,,2023-12-06,4440000,충청북도 영동군
37.533662,126.829096,달빛마을작은도서관,서울특별시,양천구,작은도서관,토+일+법정공휴일,10:00,18:00,00:00,00:00,00:00,00:00,33,8816,4,0,5,14,서울특별시 양천구 남부순환로 54길 5,양천문화재단,02-2696-5919,,132,http://lib.yangcheon.or.kr,2024-10-01,3140000,서울특별시 양천구
37.335832,126.9338205,영어가족도서관,경기도,군포시,작은도서관,일+법정공휴일,09:00,18:00,09:00,18:00,00:00,00:00,72,11232,0,0,5,14,경기도 군포시 번영로200번길 72,군포시가족센터,031-397-1811,,298,https://www.gunpolib.go.kr/gfc,2025-11-25,4020000,경기도 군포시
37.37552967,126.9379996,우리마을작은도서관,경기도,군포시,작은도서관,일+법정공휴일,10:00,18:00,14:00,18:00,00:00,00:00,80,9089,6,1164,7,14,경기도 군포시 곡란로8번길 35-10,창대한교회,031-394-9101,,253,,2025-11-25,4020000,경기도 군포시
37.3524557,126.9309585,율곡마을작은도서관,경기도,군포시,작은도서관,토+법정공휴일,13:00,17:00,00:00,00:00,14:00,16:00,19,6474,0,0,3,14,경기도 군포시 오금로43,율곡마을관리사무소,031-344-6566,,60.5,,2025-11-25,4020000,경기도 군포시
37.36420813,126.940866,작은도서관버드나무에부는바람,경기도,군포시,작은도서관,토+법정공휴일,10:00,18:00,00:00,00:00,09:00,13:00,26,8157,9,0,3,14,경기도 군포시 금산로 18-1,갈릴리교회,031-429-2753,,127,,2025-11-25,4020000,경기도 군포시
37.35843909,126.9390402,재궁꿈나무도서관,경기도,군포시,작은도서관,토+일+법정공휴일,09:00,18:00,00:00,00:00,00:00,00:00,50,7062,0,0,5,14,경기도 군포시 번영로550번길 25,재궁동주민자치위원회,031-428-4560,,113.4,,2025-11-25,4020000,경기도 군포시
37.3376796,126.9301936,책놀이터작은도서관,경기도,군포시,작은도서관,토+일+법정공휴일,13:00,18:00,00:00,00:00,00:00,00:00,22,8927,3,0,3,7,경기도 군포시 삼성로 31,아파트입주자대표위,031-396-1103,,109,,2025-11-25,4020000,경기도 군포시
36.17809238,127.7795959,영동인터넷고등학교 도서관,충청북도,영동군,학교도서관,토+금+공휴일,12:30,13:30,00:00,00:00,00:00,00:00,24,7795,0,0,3,7,충청북도 영동군 영동읍 대학로 10,충청북도 영동군 영동인터넷고등학교,043-742-3653,410.4,90,,2023-12-06,4440000,충청북도 영동군
36.2349373,127.910531,황간고등학교월류문화센터,충청북도,영동군,학교도서관,토+금+공휴일,12:30,13:10,00:00,00:00,00:00,00:00,20,13358,0,202,2,21,충청북도 영동군 황간면 남성동3길 4-22,충청북도 영동군 황간고등학교,043-740-9714,165,165,,2023-12-06,4440000,충청북도 영동군
36.16949301,127.7884058,영동고등학교 도서관,충청북도,영동군,학교도서관,토+금+공휴일,08:00,19:30,00:00,00:00,00:00,00:00,60,15719,0,26,2,7,충청북도 영동군 영동읍 계산로 122,충청북도 영동군 영동고등학교,043-740-7611,225,225,,2023-12-06,4440000,충청북도 영동군
36.17254541,127.7711799,영동산업과학고등학교 도서관,충청북도,영동군,학교도서관,토+금+공휴일,08:30,17:00,00:00,00:00,00:00,00:00,58,10255,0,102,3,14,충청북도 영동군 영동읍 학산영동로 1213,충청북도 영동군 영동산업과학고등학교,043-740-2500,30827,180,,2023-12-06,4440000,충청북도 영동군
36.10090506,127.6820366,학마을 글샘터,충청북도,영동군,학교도서관,토+금+공휴일,12:40,13:15,00:00,00:00,00:00,00:00,48,16167,0,102,2,10,충청북도 영동군 학산면 학산양산로 12,충청북도 영동군 학산고등학교,043-743-6392,180,180,,2023-12-06,4440000,충청북도 영동군
36.1699964,127.7876525,책드림도서관,충청북도,영동군,학교도서관,토+금+공휴일,08:30,16:30,00:00,00:00,00:00,00:00,56,16679,2,340,2,7,충청북도 영동군 영동읍 계산로 106,충청북도 영동군 영동중학교,043-740-7900,,188,,2023-12-06,4440000,충청북도 영동군
36.23094344,127.9087523,새너울중학교 도서관,충청북도,영동군,학교도서관,토+금+공휴일,09:00,16:00,00:00,00:00,00:00,00:00,24,5348,0,0,2,7,충청북도 영동군 황간면 황간로 66,충청북도 영동군 새너울중학교,043-740-0323,135,135,,2023-12-06,4440000,충청북도 영동군
35.0928232718,126.9399176172,책정원도서관,광주광역시,동구,공공도서관,"둘째,넷째 월+국가지정공휴일",09:00,18:00,09:00,17:00,09:00,17:00,225,22536,27,1646,5,15,광주광역시 동구 남계길 49,광주광역시 동구청,062-608-4700,2710.6,2494.95,https://lib.donggu.kr/,2025-06-26,3590000,광주광역시 동구
35.1522949986,126.936424,제일작은도서관,광주광역시,동구,작은도서관,수+금+일+국가공휴일,17:00,19:00,10:00,15:00,00:00,00:00,20,1500,0,0,0,0,광주광역시 동구 밤실로54,,062-234-4475,,56,,2025-06-26,3590000,광주광역시 동구
35.20376886,128.1136763,초전푸르지오1단지 도서관,경상남도,진주시,작은도서관,일+공휴일,19:00,22:00,13:00,16:00,00:00,00:00,19,11763,0,0,9469,7,"경상남도 진주시 초장로 14번길 27, (초전동, 진주초전푸르지오1단지)관리동 2층",초전푸르지오1단지 도서관,055-763-0800,,69.3,,2025-07-31,5310000,경상남도 진주시
35.12881318,128.0993169,파미르작은도서관,경상남도,진주시,작은도서관,토+일+공휴일,14:00,17:00,00:00,00:00,00:00,00:00,34,7082,0,0,5696,7,경상남도 진주시 정촌면 삼일로106번길 8(대경파미르),파미르작은도서관,,,92,,2025-07-31,5310000,경상남도 진주시
35.17381422,128.065394,평거동 새마을작은도서관,경상남도,진주시,작은도서관,토+일+공휴일,10:00,17:00,00:00,00:00,00:00,00:00,20,6159,0,0,5670,14,경상남도 진주시 평거로40번길 5(평거동주민센터)2층,평거동 새마을작은도서관,055-749-4452,,82,,2025-07-31,5310000,경상남도 진주시
