source_name,source_url,reference_date,item_type,name_ko,category,region,address,latitude,longitude,summary,story_use,mission_use,age_tags,keywords,trrsrtNm,trrsrtSe,rdnmadr,lnmadr,ar,cnvnncFclty,stayngInfo,mvmAmsmtFclty,recrtClturFclty,hospitalityFclty,sportFclty,appnDate,aceptncCo,prkplceCo,trrsrtIntrcn,phoneNumber,institutionNm,referenceDate,insttCode,insttNm
전국관광지정보표준데이터,https://www.data.go.kr/data/15021141/standard.do,2024-11-20,place,산청중산관광지,관광지,경상남도 산청군,경상남도 산청군 시천면 지리산대로 525,35.293297,127.7549317,수려한 자연경관과 지리산 천왕봉을 조망할 수 있는 산악형 관광지,지역 역사·관광 탐방 동화 배경,장소의 특징을 찾아보고 가족 여행 기록 남기기,5-7;8-10,관광;관광지;산청중산관광지;수려한;자연경관과;지리산;천왕봉을;조망할;수;있는;산악형,산청중산관광지,관광지,경상남도 산청군 시천면 지리산대로 525,경상남도 산청군 시천면 중산리 519,292515,공중화장실(3개소)+주차장(2개소)+보건진료소+우체국,펜션,체력단련장,지리산빨치산토벌전시관+트릭아트체험관,관광식당,,1990-11-09,10000,200,수려한 자연경관과 지리산 천왕봉을 조망할 수 있는 산악형 관광지,055-970-7222,경상남도 산청군청,2024-11-20,5450000,경상남도 산청군
전국관광지정보표준데이터,https://www.data.go.kr/data/15021141/standard.do,2024-11-20,place,산청금서관광지,관광지,경상남도 산청군,경상남도 산청군 금서면 친환경로 1715,35.394237,127.847052,수려한 자연경관을 조망할 수 있는 가족단위 형태의 관광지,지역 역사·관광 탐방 동화 배경,장소의 특징을 찾아보고 가족 여행 기록 남기기,5-7;8-10,관광;관광지;산청금서관광지;수려한;자연경관을;조망할;수;있는;가족단위;형태의,산청금서관광지,관광지,경상남도 산청군 금서면 친환경로 1715,경상남도 산청군 금서면 지막리 산12,194800,주차장(1개소),휴양콘도미니엄,수영장+당구장,리조트,관광식당,,1991-12-30,1200,100,수려한 자연경관을 조망할 수 있는 가족단위 형태의 관광지,055-970-7222,경상남도 산청군청,2024-11-20,5450000,경상남도 산청군
전국관광지정보표준데이터,https://www.data.go.kr/data/15021141/standard.do,2024-08-16,place,신지명사십리해수욕장,관광지,전라남도 완도군,전라남도 완도군 신지면 명사십리길 85-105,34.327329,126.8088597,"모래 우는 소리가 십리 밖까지 들린다고 하여 울모래 또는 명사십리로 불리우며, 2019년 우리나라 최초로 블루플래그(친환경 안전해변)해변으로 지정되었다.",지역 역사·관광 탐방 동화 배경,장소의 특징을 찾아보고 가족 여행 기록 남기기,5-7;8-10,관광;관광지;신지명사십리해수욕장;모래;우는;소리가;십리;밖까지;들린다고;하여;울모래;또는,신지명사십리해수욕장,관광지,전라남도 완도군 신지면 명사십리길 85-105,,570000,화장실+주차장+관광안내소,,,,,,2000-01-01,1000,100,"모래 우는 소리가 십리 밖까지 들린다고 하여 울모래 또는 명사십리로 불리우며, 2019년 우리나라 최초로 블루플래그(친환경 안전해변)해변으로 지정되었다.",061-550-5427,전라남도 완도군청 관광과,2024-08-16,4990000,전라남도 완도군
전국관광지정보표준데이터,https://www.data.go.kr/data/15021141/standard.do,2024-08-16,place,해조류센터,관광지,전라남도 완도군,전라남도 완도군 완도읍 해변공원로 84,34.320789,126.748793,2014년 3월에 개관한 완도국제해조류박람회 주제관으로 특산품 홍보관과 해조류 전시실로 구성되어 있다.,지역 역사·관광 탐방 동화 배경,장소의 특징을 찾아보고 가족 여행 기록 남기기,5-7;8-10,관광;관광지;해조류센터;2014년;3월에;개관한;완도국제해조류박람회;주제관으로;특산품;홍보관과;해조류;전시실로,해조류센터,관광지,전라남도 완도군 완도읍 해변공원로 84,,90100,화장실+주차장+관광안내소,,,,,,2012-01-01,1000,100,2014년 3월에 개관한 완도국제해조류박람회 주제관으로 특산품 홍보관과 해조류 전시실로 구성되어 있다.,061-550-5872,전라남도 완도군청 시설관리사업소,2024-08-16,4990000,전라남도 완도군
전국관광지정보표준데이터,https://www.data.go.kr/data/15021141/standard.do,2026-02-09,place,창원과학체험관,관광지,경상남도 창원시,경상남도 창원시 성산구 충혼로 72번길 16,35.230268,128.6617774,미래 과학자의 소중한 꿈을 키워 나갈 수 있도록 자라나는 꿈나무들에게 과학을 쉽고 재미있게 즐기면서 배울 수 있는 과학체험관이다.,지역 역사·관광 탐방 동화 배경,장소의 특징을 찾아보고 가족 여행 기록 남기기,5-7;8-10,관광;관광지;창원과학체험관;미래;과학자의;소중한;꿈을;키워;나갈;수;있도록;자라나는,창원과학체험관,관광지,경상남도 창원시 성산구 충혼로 72번길 16,,31565,화장실+주차장,,,,,,2010-01-05,250,99,미래 과학자의 소중한 꿈을 키워 나갈 수 있도록 자라나는 꿈나무들에게 과학을 쉽고 재미있게 즐기면서 배울 수 있는 과학체험관이다.,055-267-2676,경상남도 창원시청,2026-02-09,5670000,경상남도 창원시
전국관광지정보표준데이터,https://www.data.go.kr/data/15021141/standard.do,2026-02-09,place,마산해양레포츠센터,관광지,경상남도 창원시,경상남도 창원시 마산합포구 제2부두로 56,35.19529973,128.5738199,배를 타고 들어와 해양체험을 즐길 수 있는 이색적인 해양레포츠센터이다. 요일별 체험 프로그램을 진행하고 있으며,지역 역사·관광 탐방 동화 배경,장소의 특징을 찾아보고 가족 여행 기록 남기기,5-7;8-10,관광;관광지;마산해양레포츠센터;배를;타고;들어와;해양체험을;즐길;수;있는;이색적인;해양레포츠센터이다.,마산해양레포츠센터,관광지,경상남도 창원시 마산합포구 제2부두로 56,,1092,강의실+탈의실+화장실,,,,,,2011-02-08,50,0,배를 타고 들어와 해양체험을 즐길 수 있는 이색적인 해양레포츠센터이다. 요일별 체험 프로그램을 진행하고 있으며,055-712-0454,창원시설관리공단,2026-02-09,5670000,경상남도 창원시
전국관광지정보표준데이터,https://www.data.go.kr/data/15021141/standard.do,2026-02-09,place,웅천도요지전시관,관광지,경상남도 창원시,경상남도 창원시 진해구 두동도요로 198,35.12738997,128.8155983,웅천도요지 출토품을 비롯한 80여점의 유물이 전시되어 있는 전시실과 도자기를 직접 만들어 볼 수 있는 체험공방을 운영하고 있다.,지역 역사·관광 탐방 동화 배경,장소의 특징을 찾아보고 가족 여행 기록 남기기,5-7;8-10,관광;관광지;웅천도요지전시관;웅천도요지;출토품을;비롯한;80여점의;유물이;전시되어;있는;전시실과;도자기를,웅천도요지전시관,관광지,경상남도 창원시 진해구 두동도요로 198,,33654,화장실+주차장+체험공방,,,,,,2011-11-23,150,30,웅천도요지 출토품을 비롯한 80여점의 유물이 전시되어 있는 전시실과 도자기를 직접 만들어 볼 수 있는 체험공방을 운영하고 있다.,055-225-6859,경상남도 창원시청,2026-02-09,5670000,경상남도 창원시
전국관광지정보표준데이터,https://www.data.go.kr/data/15021141/standard.do,2026-02-09,place,진해해양레포츠센터,관광지,경상남도 창원시,경상남도 창원시 진해구 천자로 160,35.14129989,128.6883002,"편리한 접근성과 저렴한 이용요금, 스쿨 전용 해상교육장 및 국가대표 출신 강사진 등 우수한 시설을 구비하고 있다. 쉽게 접하기 힘든 크루즈, 딩기요트, 윈드서핑, 카약, 래프팅보트, 바나나보트 등을 운영하고 있다.",지역 역사·관광 탐방 동화 배경,장소의 특징을 찾아보고 가족 여행 기록 남기기,5-7;8-10,관광;관광지;진해해양레포츠센터;편리한;접근성과;저렴한;이용요금;스쿨;전용;해상교육장;및;국가대표,진해해양레포츠센터,관광지,경상남도 창원시 진해구 천자로 160,,4400,화장실+탈의실+샤워실+강의실,,,,,,2011-02-08,80,0,"편리한 접근성과 저렴한 이용요금, 스쿨 전용 해상교육장 및 국가대표 출신 강사진 등 우수한 시설을 구비하고 있다. 쉽게 접하기 힘든 크루즈, 딩기요트, 윈드서핑, 카약, 래프팅보트, 바나나보트 등을 운영하고 있다.",055-712-0445,창원시설관리공단,2026-02-09,5670000,경상남도 창원시
전국관광지정보표준데이터,https://www.data.go.kr/data/15021141/standard.do,2025-12-22,place,신륵사관광지,관광지,경기도 여주시,경기도 여주시 신륵사길 73,37.29742583,127.6599364,"시원한 남한강을 따라 자전거도로, 각종 체육시설과 여주박물관, 도자세상, 농특산물 판매장이 있으며, 매년 여주도자기축제와 오곡나루축제가 이곳에서 개최되고 있다. 특히 남한강을 가르는 황포돛배(Yellow Sail boat)와 수상레저를 즐길 수 있는 가족 연인들의 나들이 공간이다",지역 역사·관광 탐방 동화 배경,장소의 특징을 찾아보고 가족 여행 기록 남기기,5-7;8-10,관광;관광지;신륵사관광지;시원한;남한강을;따라;자전거도로;각종;체육시설과;여주박물관;도자세상;농특산물,신륵사관광지,관광지,경기도 여주시 신륵사길 73,경기도 여주시 천송동 289-7,947268,관광안내소+주차장,관광호텔+여관+콘도,물놀이장+오락장,청소년 수련실+야외음악당,,,1978-02-11,4070,1830,"시원한 남한강을 따라 자전거도로, 각종 체육시설과 여주박물관, 도자세상, 농특산물 판매장이 있으며, 매년 여주도자기축제와 오곡나루축제가 이곳에서 개최되고 있다. 특히 남한강을 가르는 황포돛배(Yellow Sail boat)와 수상레저를 즐길 수 있는 가족 연인들의 나들이 공간이다",031-887-2070,경기도 여주시청,2025-12-22,5700000,경기도 여주시
전국관광지정보표준데이터,https://www.data.go.kr/data/15021141/standard.do,2025-11-19,place,고려청자박물관,관광지,전라남도 강진군,전라남도 강진군 대구면 청자촌길 33,34.50866203,126.8008374,"고려청자의 체계적인 관리와 연구를 위해1997년 고려청자박물관을 개관,운영하여청자의 연구는 물론 누구나 쉽게 청자를접하고 이해할 수 있도록 하고 있다.",지역 역사·관광 탐방 동화 배경,장소의 특징을 찾아보고 가족 여행 기록 남기기,5-7;8-10,관광;관광지;고려청자박물관;고려청자의;체계적인;관리와;연구를;위해1997년;고려청자박물관을;개관;운영하여청자의;연구는,고려청자박물관,관광지,전라남도 강진군 대구면 청자촌길 33,,3000,관리사무소+화장실,,,,,,2013-01-01,1000,100,"고려청자의 체계적인 관리와 연구를 위해1997년 고려청자박물관을 개관,운영하여청자의 연구는 물론 누구나 쉽게 청자를접하고 이해할 수 있도록 하고 있다.",061-430-3755,전라남도 강진군청,2025-11-19,4920000,전라남도 강진군
전국관광지정보표준데이터,https://www.data.go.kr/data/15021141/standard.do,2025-11-19,place,백련사,관광지,전라남도 강진군,전라남도 강진군 도암면 백련사길 145,34.58775658,126.747892,신라말에 창건되어 1211년 원묘국사요세에 의해 중창된 백련사는 1236년백련결사문을 발표하고 백련결사운동을주창하였으며 고려 8국사와 조선 8대사를배출하여 명찰로 알려지게 되었다,지역 역사·관광 탐방 동화 배경,장소의 특징을 찾아보고 가족 여행 기록 남기기,5-7;8-10,관광;관광지;백련사;신라말에;창건되어;1211년;원묘국사요세에;의해;중창된;백련사는;1236년백련결사문을;발표하고,백련사,관광지,전라남도 강진군 도암면 백련사길 145,,3000,관리사무소+화장실,,,,,,2013-01-01,100,50,신라말에 창건되어 1211년 원묘국사요세에 의해 중창된 백련사는 1236년백련결사문을 발표하고 백련결사운동을주창하였으며 고려 8국사와 조선 8대사를배출하여 명찰로 알려지게 되었다,061-432-0837,전라남도 강진군청,2025-11-19,4920000,전라남도 강진군
전국관광지정보표준데이터,https://www.data.go.kr/data/15021141/standard.do,2025-11-19,place,진주성,관광지,경상남도 진주시,경상남도 진주시 남강로 626(본성동),35.19043229,128.0802214,8년 연속 한국관광100선에 선정된 진주의 대표적인 관광지이자 사적지이다. 진주목사 김시민 장군이 임진왜란 때 3800여명의 적은 군사로 2만여 명의 왜군을 물리친 임진왜란 3대첩지의 하나로 다양한 유물과 유적이 성내에 있다.,지역 역사·관광 탐방 동화 배경,장소의 특징을 찾아보고 가족 여행 기록 남기기,5-7;8-10,관광;관광지;진주성;8년;연속;한국관광100선에;선정된;진주의;대표적인;관광지이자;사적지이다.;진주목사,진주성,관광지,경상남도 진주시 남강로 626(본성동),경상남도 진주시 본성동 415,176804,주차장+진주관광안내소+관광통역안내소+화장실,,,사적지+박물관,,,1963-01-21,5000,37,8년 연속 한국관광100선에 선정된 진주의 대표적인 관광지이자 사적지이다. 진주목사 김시민 장군이 임진왜란 때 3800여명의 적은 군사로 2만여 명의 왜군을 물리친 임진왜란 3대첩지의 하나로 다양한 유물과 유적이 성내에 있다.,055-749-5171,경상남도 진주시청,2025-11-19,5310000,경상남도 진주시
전국관광지정보표준데이터,https://www.data.go.kr/data/15021141/standard.do,2025-11-19,place,진양호,관광지,경상남도 진주시,경상남도 진주시 남강로1번길 130(판문동),35.17660992,128.0362677,지리산을 바라볼 수 있는 아름다운 자연 경관과 어우러진 진양호는 시원하게 탁 트인 전망 속 호반의 물안개와 황홀한 저녁노을로 많은 사랑을 받고 있다.  진양호공원ㆍ 휴게전망대ㆍ소원계단ㆍ동물원ㆍ진주전통소싸움경기장ㆍ남강댐물문화관ㆍ어린이 교통공원ㆍ진양호 일주도로 등의 다양한 볼거리가 있다.,지역 역사·관광 탐방 동화 배경,장소의 특징을 찾아보고 가족 여행 기록 남기기,5-7;8-10,관광;관광지;진양호;지리산을;바라볼;수;있는;아름다운;자연;경관과;어우러진;진양호는,진양호,관광지,경상남도 진주시 남강로1번길 130(판문동),경상남도 진주시 판문동 산171-1,2285,주차장+관광안내도+화장실,,소싸움경기장+동물원,댐+동물원+선착장,,,1970-12-31,3000,400,지리산을 바라볼 수 있는 아름다운 자연 경관과 어우러진 진양호는 시원하게 탁 트인 전망 속 호반의 물안개와 황홀한 저녁노을로 많은 사랑을 받고 있다.  진양호공원ㆍ 휴게전망대ㆍ소원계단ㆍ동물원ㆍ진주전통소싸움경기장ㆍ남강댐물문화관ㆍ어린이 교통공원ㆍ진양호 일주도로 등의 다양한 볼거리가 있다.,055-749-5933,경상남도 진주시청,2025-11-19,5310000,경상남도 진주시
전국관광지정보표준데이터,https://www.data.go.kr/data/15021141/standard.do,2025-11-19,place,경상남도 수목원,관광지,경상남도 진주시,경상남도 진주시 이반성면 수목원로 386,35.15719862,128.2957346,경상남도 수목원은 산림과 동식물에 대한 자연생태 종합학습교육장이다. 3340여 종의 식물을 보유하고 있으며 테마별로 전시관과 식물원이 조성되어 있어 나들이장소와 데이트 코스로 사랑받고 있다.,지역 역사·관광 탐방 동화 배경,장소의 특징을 찾아보고 가족 여행 기록 남기기,5-7;8-10,관광;관광지;경상남도;수목원;수목원은;산림과;동식물에;대한;자연생태;종합학습교육장이다.;3340여;종의,경상남도 수목원,관광지,경상남도 진주시 이반성면 수목원로 386,경상남도 진주시 이반성면 대천리 482-1,1015953,주자창+안내소+화장실+사업소,,,식물원+동물원,,,1993-04-05,5000,304,경상남도 수목원은 산림과 동식물에 대한 자연생태 종합학습교육장이다. 3340여 종의 식물을 보유하고 있으며 테마별로 전시관과 식물원이 조성되어 있어 나들이장소와 데이트 코스로 사랑받고 있다.,055-254-3811,경상남도 산림환경연구원,2025-11-19,5310000,경상남도 진주시
전국관광지정보표준데이터,https://www.data.go.kr/data/15021141/standard.do,2025-11-19,place,월아산 숲속의 진주,관광지,경상남도 진주시,경상남도 진주시 진성면 달음산로 313,35.199915,128.1941257,월아산을 중심으로 조성된 복합 산림복지시설로 우드랜드ㆍ 산림레포츠ㆍ 자연휴양림 등 도심지와 가까운 곳에서 다양한 산림휴양을 즐길 수 있는 명소로 사랑받고 있다.,지역 역사·관광 탐방 동화 배경,장소의 특징을 찾아보고 가족 여행 기록 남기기,5-7;8-10,관광;관광지;월아산;숲속의;진주;월아산을;중심으로;조성된;복합;산림복지시설로;우드랜드ㆍ;산림레포츠ㆍ,월아산 숲속의 진주,관광지,경상남도 진주시 진성면 달음산로 313,경상남도 진주시 진성면 동산리 산134,900000,주자창+안내소+화장실+사무실,자연휴양림,산림레포츠단지,정원+숲,,,2020-11-27,5000,500,월아산을 중심으로 조성된 복합 산림복지시설로 우드랜드ㆍ 산림레포츠ㆍ 자연휴양림 등 도심지와 가까운 곳에서 다양한 산림휴양을 즐길 수 있는 명소로 사랑받고 있다.,055-760-3670,경상남도 진주시청,2025-11-19,5310000,경상남도 진주시
전국관광지정보표준데이터,https://www.data.go.kr/data/15021141/standard.do,2025-11-19,place,진주 K-기업가정신센터,관광지,경상남도 진주시,경상남도 진주시 지수면 지수로 482,35.23484495,128.2705103,2018년 한국경영학회가 진주시를 대한민국 기업가정신 수도로 선포한 것을 계기로 LGㆍGSㆍ삼성 등 글로벌 기업 창업주들이 다녔던 옛지수초등학교를 기업가정신 교육센터와 전문도서관 및 체험센터로 리모델링하여 기업가정신을 널리 확산하기 위해 설립하여 운영하고 있다.,지역 역사·관광 탐방 동화 배경,장소의 특징을 찾아보고 가족 여행 기록 남기기,5-7;8-10,관광;관광지;진주;K-기업가정신센터;2018년;한국경영학회가;진주시를;대한민국;기업가정신;수도로;선포한;것을,진주 K-기업가정신센터,관광지,경상남도 진주시 지수면 지수로 482,경상남도 진주시 지수면 승산리 195-2,2214,전시관+교육장+안내소+도서관+체험센터+사무실+화장실,승산에부자한옥+지수남명진취가,,전시관+카페,,,2022-03-29,300,35,2018년 한국경영학회가 진주시를 대한민국 기업가정신 수도로 선포한 것을 계기로 LGㆍGSㆍ삼성 등 글로벌 기업 창업주들이 다녔던 옛지수초등학교를 기업가정신 교육센터와 전문도서관 및 체험센터로 리모델링하여 기업가정신을 널리 확산하기 위해 설립하여 운영하고 있다.,055-749-7980,경상남도 진주시청,2025-11-19,5310000,경상남도 진주시
전국관광지정보표준데이터,https://www.data.go.kr/data/15021141/standard.do,2025-11-19,place,물빛나루쉼터(김시민호),관광지,경상남도 진주시,경상남도 진주시 망경로 195,35.18657405,128.0788814,물빛나루쉼터는 전통 목구조 건축 방식의  현대적 재현을 목표한 건축물로 2022 대한민국 목조건축대전ㆍ2023 캐나다 우드 디자인 앤 빌딩 어워드등에서 수상을 하였다. 김시민호는 남강의 운행하는 유람선으로 특히 야간에 선상에서 바로보는 진주성과 음악분수대의 화려한 조명 분수는 김시민호만의 매력 포인트이다.,지역 역사·관광 탐방 동화 배경,장소의 특징을 찾아보고 가족 여행 기록 남기기,5-7;8-10,관광;관광지;물빛나루쉼터(김시민호);물빛나루쉼터는;전통;목구조;건축;방식의;현대적;재현을;목표한;건축물로,물빛나루쉼터(김시민호),관광지,경상남도 진주시 망경로 195,경상남도 진주시 망경동 634,119.19,매표소+화장실,,,유람선,,,2022-05-02,30,0,물빛나루쉼터는 전통 목구조 건축 방식의  현대적 재현을 목표한 건축물로 2022 대한민국 목조건축대전ㆍ2023 캐나다 우드 디자인 앤 빌딩 어워드등에서 수상을 하였다. 김시민호는 남강의 운행하는 유람선으로 특히 야간에 선상에서 바로보는 진주성과 음악분수대의 화려한 조명 분수는 김시민호만의 매력 포인트이다.,055-761-3691,경상남도 진주시청,2025-11-19,5310000,경상남도 진주시
전국관광지정보표준데이터,https://www.data.go.kr/data/15021141/standard.do,2025-11-10,place,김영삼전대통령생가기록전시관,관광지,경상남도 거제시,경상남도 거제시 장목면 옥포대첩로 743,34.931413,128.715439,거산 김영상대통령의 정치적 삶과 민주주의 사상을 널리 알리고 계승하기 위하여 개관,지역 역사·관광 탐방 동화 배경,장소의 특징을 찾아보고 가족 여행 기록 남기기,5-7;8-10,관광;관광지;김영삼전대통령생가기록전시관;거산;김영상대통령의;정치적;삶과;민주주의;사상을;널리;알리고;계승하기,김영삼전대통령생가기록전시관,관광지,경상남도 거제시 장목면 옥포대첩로 743,경상남도 거제시 장목면 외포리 1371,8420,화장실,,,,안내소,,2010-06-01,500,15,거산 김영상대통령의 정치적 삶과 민주주의 사상을 널리 알리고 계승하기 위하여 개관,055-639-8290,경상남도 거제시 거제해양관광개발공사,2025-11-10,5370000,경상남도 거제시
전국관광지정보표준데이터,https://www.data.go.kr/data/15021141/standard.do,2025-02-13,place,박경리기념관,관광지,경상남도 통영시,경상남도 통영시 산양읍 산양중앙로 173,34.802301,128.4035792,통영이 낳은 대 소설가 박경리 선생님의 문학적 업적을 기리고 독창적이고 차별화된 문화콘텐츠를 육성하기 위해 기념관 건립함.,지역 역사·관광 탐방 동화 배경,장소의 특징을 찾아보고 가족 여행 기록 남기기,5-7;8-10,관광;관광지;박경리기념관;통영이;낳은;대;소설가;박경리;선생님의;문학적;업적을;기리고,박경리기념관,관광지,경상남도 통영시 산양읍 산양중앙로 173,경상남도 통영시 산양읍 신전리 1429-9,4465,화장실,,,,세미나실+회의실,,2010-05-05,400,23,통영이 낳은 대 소설가 박경리 선생님의 문학적 업적을 기리고 독창적이고 차별화된 문화콘텐츠를 육성하기 위해 기념관 건립함.,055-650-2541,경상남도 통영시청,2025-02-13,5330000,경상남도 통영시
전국관광지정보표준데이터,https://www.data.go.kr/data/15021141/standard.do,2025-02-13,place,해저터널,관광지,경상남도 통영시,경상남도 통영시 당동 1-3,34.83609021,128.411698,동양 최초의 바다 밑 터널,지역 역사·관광 탐방 동화 배경,장소의 특징을 찾아보고 가족 여행 기록 남기기,5-7;8-10,관광;관광지;해저터널;동양;최초의;바다;밑;터널,해저터널,관광지,경상남도 통영시 당동 1-3,경상남도 통영시 당동 1-3,2415,관광안내소,,,,,,2005-09-14,200,0,동양 최초의 바다 밑 터널,055-650-0514,경상남도 통영시청,2025-02-13,5330000,경상남도 통영시
전국관광지정보표준데이터,https://www.data.go.kr/data/15021141/standard.do,2025-02-13,place,장사도해상공원,관광지,경상남도 통영시,경상남도 통영시 한산면 장사도길 55,34.71373747,128.5588706,바다위의 공원으로 배를 타고 입장.,지역 역사·관광 탐방 동화 배경,장소의 특징을 찾아보고 가족 여행 기록 남기기,5-7;8-10,관광;관광지;장사도해상공원;바다위의;공원으로;배를;타고;입장.,장사도해상공원,관광지,경상남도 통영시 한산면 장사도길 55,경상남도 통영시 한산면 매죽리 산4-1,390131,화장실+카페+음식점+휴게공간,,,공원,,,2012-01-01,2500,0,바다위의 공원으로 배를 타고 입장.,055-650-0514,경상남도 통영시청,2025-02-13,5330000,경상남도 통영시
전국관광지정보표준데이터,https://www.data.go.kr/data/15021141/standard.do,2025-02-13,place,통영시립박물관,관광지,경상남도 통영시,경상남도 통영시 중앙로 65,34.84075153,128.4167887,"통영시립박물관은 통여의 소중한 문화자산을 잘 보존, 전시하여 후대에까지 전하려고 합니다.",지역 역사·관광 탐방 동화 배경,장소의 특징을 찾아보고 가족 여행 기록 남기기,5-7;8-10,관광;관광지;통영시립박물관;통영시립박물관은;통여의;소중한;문화자산을;잘;보존;전시하여;후대에까지;전하려고,통영시립박물관,관광지,경상남도 통영시 중앙로 65,경상남도 통영시 도천동 28,4989,화장실+카페+음식점+휴게공간,,,전시실,세미나실+영화관람실,,2013-08-23,500,32,"통영시립박물관은 통여의 소중한 문화자산을 잘 보존, 전시하여 후대에까지 전하려고 합니다.",055-650-4515,경상남도 통영시청,2025-02-13,5330000,경상남도 통영시
전국관광지정보표준데이터,https://www.data.go.kr/data/15021141/standard.do,2025-02-13,place,삼도수군통제영,관광지,경상남도 통영시,경상남도 통영시 세병로 27,34.84715495,128.423489,"이충무공의 숨결이 살아있는 통제영은 삼도수군통제영의 약칭으로 삼도수군통제사가 경상,전라,충청 3도의 수군을 지휘하던 본영을 말한다. 최초의 통제영은 임진왜란 당시 초대 통제사로 제수된 이순신장군의 한산 진영이였다.",지역 역사·관광 탐방 동화 배경,장소의 특징을 찾아보고 가족 여행 기록 남기기,5-7;8-10,관광;관광지;삼도수군통제영;이충무공의;숨결이;살아있는;통제영은;삼도수군통제영의;약칭으로;삼도수군통제사가;경상;전라,삼도수군통제영,관광지,경상남도 통영시 세병로 27,경상남도 통영시 문화동 62,46683,관광안내소+화장실,,,,,,1998-02-20,800,140,"이충무공의 숨결이 살아있는 통제영은 삼도수군통제영의 약칭으로 삼도수군통제사가 경상,전라,충청 3도의 수군을 지휘하던 본영을 말한다. 최초의 통제영은 임진왜란 당시 초대 통제사로 제수된 이순신장군의 한산 진영이였다.",055-645-3805,경상남도 통영시 통영관광개발공사,2025-02-13,5330000,경상남도 통영시
전국관광지정보표준데이터,https://www.data.go.kr/data/15021141/standard.do,2026-02-09,place,창원의집,관광지,경상남도 창원시,경상남도 창원시 의창구 사림로 16번길 59,35.24444959,128.6813533,순흥 안씨 안택영의 5대조인 퇴은 두철 선생이 거주하던 집으로 우리 고유의 한옥을 이해하고 조상들의 생활풍습과 지혜를 새롭게 조명할 수 있는 공간이다.,지역 역사·관광 탐방 동화 배경,장소의 특징을 찾아보고 가족 여행 기록 남기기,5-7;8-10,관광;관광지;창원의집;순흥;안씨;안택영의;5대조인;퇴은;두철;선생이;거주하던;집으로,창원의집,관광지,경상남도 창원시 의창구 사림로 16번길 59,,10209,관광안내소+화장실+주차장,,,,,,1985-10-15,150,40,순흥 안씨 안택영의 5대조인 퇴은 두철 선생이 거주하던 집으로 우리 고유의 한옥을 이해하고 조상들의 생활풍습과 지혜를 새롭게 조명할 수 있는 공간이다.,055-719-7800,창원문화재단,2026-02-09,5670000,경상남도 창원시
전국관광지정보표준데이터,https://www.data.go.kr/data/15021141/standard.do,2026-02-09,place,주남저수지,관광지,경상남도 창원시,경상남도 창원시 의창구 동읍 주남로 101번길 26,35.30732964,128.6779306,"해마다 찾아오는 수만 마리의 철새들과 텃새들의 서식지로 다양한 수생식물, 수서곤충 등을 만나볼 수 있으며 철새들의 자유로운 곡예비행을 생생하게 관찰할 수 있는 곳이다. 천연기념물 16여종과 환경부 멸종위기 10여종 등 다양한 철새들을 직접 볼 수 있다.",지역 역사·관광 탐방 동화 배경,장소의 특징을 찾아보고 가족 여행 기록 남기기,5-7;8-10,관광;관광지;주남저수지;해마다;찾아오는;수만;마리의;철새들과;텃새들의;서식지로;다양한;수생식물,주남저수지,관광지,경상남도 창원시 의창구 동읍 주남로 101번길 26,,8980000,관리사무소+화장실+주차장+전망대+생태학습관+람사르문화관,,,,,,2002-10-21,200,44,"해마다 찾아오는 수만 마리의 철새들과 텃새들의 서식지로 다양한 수생식물, 수서곤충 등을 만나볼 수 있으며 철새들의 자유로운 곡예비행을 생생하게 관찰할 수 있는 곳이다. 천연기념물 16여종과 환경부 멸종위기 10여종 등 다양한 철새들을 직접 볼 수 있다.",055-225-2798,경상남도 창원시청,2026-02-09,5670000,경상남도 창원시
전국관광지정보표준데이터,https://www.data.go.kr/data/15021141/standard.do,2026-02-09,place,마금산온천,관광지,경상남도 창원시,경상남도 창원시 의창구 북면 천주로 1167,35.35464845,128.6094168,"마금산온천은 약알칼리성 수질로 평균 수온이 55℃ 이상을 유지하고 있으며, 나트륨, 철, 칼슘, 라듐 등 20여종의 광물질을 포함하고 있다. 운동욕장, 수영장, 노천탕 등 보양온천 시설을 갖추고 치료와 요양, 휴양이 가능하다.",지역 역사·관광 탐방 동화 배경,장소의 특징을 찾아보고 가족 여행 기록 남기기,5-7;8-10,관광;관광지;마금산온천;마금산온천은;약알칼리성;수질로;평균;수온이;55℃;이상을;유지하고;있으며,마금산온천,관광지,경상남도 창원시 의창구 북면 천주로 1167,,528000,화장실+주차장+족욕장+쉼터,,,,,,2015-07-29,4110,910,"마금산온천은 약알칼리성 수질로 평균 수온이 55℃ 이상을 유지하고 있으며, 나트륨, 철, 칼슘, 라듐 등 20여종의 광물질을 포함하고 있다. 운동욕장, 수영장, 노천탕 등 보양온천 시설을 갖추고 치료와 요양, 휴양이 가능하다.",055-225-3641,경상남도 창원시청,2026-02-09,5670000,경상남도 창원시
전국관광지정보표준데이터,https://www.data.go.kr/data/15021141/standard.do,2025-07-25,place,옛 남영동 대공분실(현 민주화운동기념관),관광지,서울특별시 용산구,서울특별시 용산구 한강대로71길 37,37.54101166,126.9716345,1970~80년대 민주주의를 억압하며 악명을 떨쳤던 남영동 대공분실은 1976년 지상5층 규모로 신축되어 치안본부 대공과 대공분실로 사용되었다. 2023년경 민주주의와 인권의 가치를 수호하는 민주인권기념관으로 정식 개관할 예정이다.,지역 역사·관광 탐방 동화 배경,장소의 특징을 찾아보고 가족 여행 기록 남기기,5-7;8-10,관광;관광지;옛;남영동;대공분실(현;민주화운동기념관);1970~80년대;민주주의를;억압하며;악명을;떨쳤던;대공분실은,옛 남영동 대공분실(현 민주화운동기념관),관광지,서울특별시 용산구 한강대로71길 37,서울특별시 용산구 갈월동 98-8,6391,화장실,,,,,,2024-12-01,430,0,1970~80년대 민주주의를 억압하며 악명을 떨쳤던 남영동 대공분실은 1976년 지상5층 규모로 신축되어 치안본부 대공과 대공분실로 사용되었다. 2023년경 민주주의와 인권의 가치를 수호하는 민주인권기념관으로 정식 개관할 예정이다.,031-361-9576,민주화운동기념사업회,2025-07-25,3020000,서울특별시 용산구
전국관광지정보표준데이터,https://www.data.go.kr/data/15021141/standard.do,2025-07-25,place,옛 용산공설시장(현 남영아케이드),관광지,서울특별시 용산구,서울특별시 용산구 한강대로84길 7,37.543723,126.972924,1922년 일제가 설치한 시장으로 지금은 남영아케이드로 불리고 있다.,지역 역사·관광 탐방 동화 배경,장소의 특징을 찾아보고 가족 여행 기록 남기기,5-7;8-10,관광;관광지;옛;용산공설시장(현;남영아케이드);1922년;일제가;설치한;시장으로;지금은;남영아케이드로;불리고,옛 용산공설시장(현 남영아케이드),관광지,서울특별시 용산구 한강대로84길 7,서울특별시 용산구 남영동 28-8,1449,화장실,,,,,,1920-01-01,100,0,1922년 일제가 설치한 시장으로 지금은 남영아케이드로 불리고 있다.,02-2199-7240,서울특별시 용산구청 문화진흥과,2025-07-25,3020000,서울특별시 용산구
전국관광지정보표준데이터,https://www.data.go.kr/data/15021141/standard.do,2025-09-03,place,고씨굴 관광지,관광단지,강원특별자치도 영월군,강원특별자치도 영월군 김삿갓면 영월동로 1111,37.13117779,128.5352623,천연기념물 제219호로 지정된 석회동굴 관광지,지역 역사·관광 탐방 동화 배경,장소의 특징을 찾아보고 가족 여행 기록 남기기,5-7;8-10,관광;관광단지;고씨굴;관광지;천연기념물;제219호로;지정된;석회동굴,고씨굴 관광지,관광단지,강원특별자치도 영월군 김삿갓면 영월동로 1111,강원특별자치도 영월군 김삿갓면 진별리 506-1,106.383,화장실(2동)+주차장+관광안내소+전기+통신+상하수도시설,모텔(2동),,박물관+전시관,관광식당,관광안내소,1971-05-21,1000,470,천연기념물 제219호로 지정된 석회동굴 관광지,033-375-6556,영월군시설관리공단,2025-09-03,4271000,강원특별자치도 영월군
전국관광지정보표준데이터,https://www.data.go.kr/data/15021141/standard.do,2024-08-16,place,도림사,관광지,전라남도 곡성군,전라남도 곡성군 곡성읍 도림로 175,35.26727743,127.2575047,"곡성읍에서 서남쪽으로 4km 떨어진 동악산 줄기인 형제봉(성출봉) 중턱에 자리잡은 도림사는 신라 무열왕 7년(660)에 원효대사가 화엄사로부터 이주하여 지었다고 전해지며 현재는 응진당, 지장전, 칠성각, 요사채 등이 있고 절 입구에는 허백련 화백이 쓴 「도림사」라는 현판이 걸려있다. 도선국사, 사명대사, 서산대사 등 도인이 숲같이 많이 모여들었다 하여 도림사라 하는데, 인근에는 도림사 계곡이 있다. 해발 748.5m의 동악산 남쪽 골짜기를 흘러내리는 것으로 동악계곡, 성출계곡과 더불어 아홉구비마다 펼쳐진 반석 위로 맑은 물줄기가 마치 비단을 펼쳐 놓은 듯이 흐르고 수맥이 연중 그치치 않을 뿐만 아니라 노송, 계곡, 폭포들이 어우러져 절경을 이루고 있는 도림사 계곡은 지방 기념물 101호로 지정되어 있다.주변의 경치를 감상할 수 있는 반석들이 있어 예부터 풍류객들의 발길이 잦았으며 이곳 9개의 반석에는 선현들의 문구가 음각되어 있어 그들의 풍류를 엿볼 수 있고 한 아름 반석 위로 흐르는 계곡 물에 몸을 담그는 맛이 색다르다. 그리고 이 계곡 정상 부근에는 이곳에서 바라보는 전망이 좋아 신선이 쉬어 간다고 하는 높이 4m에 넓이 30평에 달하는 신선바위가 있으며 멀리 보이는 형제봉은 등산로 코스로 널리 알려져 있다. 인근에 도림사를 찾는 많은 관광객에게 좋은 휴식처가 되고 있는 도림사는 1984년 지방문화재자료 22호로 지정되었고 사찰내에는 도유형문화재 119호 괘불(掛佛)이 소장되어 있다.",지역 역사·관광 탐방 동화 배경,장소의 특징을 찾아보고 가족 여행 기록 남기기,5-7;8-10,관광;관광지;도림사;곡성읍에서;서남쪽으로;4km;떨어진;동악산;줄기인;형제봉(성출봉);중턱에;자리잡은,도림사,관광지,전라남도 곡성군 곡성읍 도림로 175,전라남도 곡성군 곡성읍 월봉리 327,6333,주차장+화장실,,,,,,2021-09-01,100,36,"곡성읍에서 서남쪽으로 4km 떨어진 동악산 줄기인 형제봉(성출봉) 중턱에 자리잡은 도림사는 신라 무열왕 7년(660)에 원효대사가 화엄사로부터 이주하여 지었다고 전해지며 현재는 응진당, 지장전, 칠성각, 요사채 등이 있고 절 입구에는 허백련 화백이 쓴 「도림사」라는 현판이 걸려있다. 도선국사, 사명대사, 서산대사 등 도인이 숲같이 많이 모여들었다 하여 도림사라 하는데, 인근에는 도림사 계곡이 있다. 해발 748.5m의 동악산 남쪽 골짜기를 흘러내리는 것으로 동악계곡, 성출계곡과 더불어 아홉구비마다 펼쳐진 반석 위로 맑은 물줄기가 마치 비단을 펼쳐 놓은 듯이 흐르고 수맥이 연중 그치치 않을 뿐만 아니라 노송, 계곡, 폭포들이 어우러져 절경을 이루고 있는 도림사 계곡은 지방 기념물 101호로 지정되어 있다.주변의 경치를 감상할 수 있는 반석들이 있어 예부터 풍류객들의 발길이 잦았으며 이곳 9개의 반석에는 선현들의 문구가 음각되어 있어 그들의 풍류를 엿볼 수 있고 한 아름 반석 위로 흐르는 계곡 물에 몸을 담그는 맛이 색다르다. 그리고 이 계곡 정상 부근에는 이곳에서 바라보는 전망이 좋아 신선이 쉬어 간다고 하는 높이 4m에 넓이 30평에 달하는 신선바위가 있으며 멀리 보이는 형제봉은 등산로 코스로 널리 알려져 있다. 인근에 도림사를 찾는 많은 관광객에게 좋은 휴식처가 되고 있는 도림사는 1984년 지방문화재자료 22호로 지정되었고 사찰내에는 도유형문화재 119호 괘불(掛佛)이 소장되어 있다.",061-362-2727,전라남도 곡성군청 문화체육과,2024-08-16,4860000,전라남도 곡성군
전국관광지정보표준데이터,https://www.data.go.kr/data/15021141/standard.do,2024-12-13,place,용대관광지,관광지,강원특별자치도 인제군,강원특별자치도 인제군 북면 십이선녀탕길 16,38.18568475,128.3061965,"설악산국립공원의 내설악지역에 위치하고 있으며 십이선녀탕, 만해마을, 백담사, 황태덕장, 하천 등이 관광지 주변이 있음",지역 역사·관광 탐방 동화 배경,장소의 특징을 찾아보고 가족 여행 기록 남기기,5-7;8-10,관광;관광지;용대관광지;설악산국립공원의;내설악지역에;위치하고;있으며;십이선녀탕;만해마을;백담사;황태덕장;하천,용대관광지,관광지,강원특별자치도 인제군 북면 십이선녀탕길 16,강원특별자치도 인제군 북면 용대리 1795,289754,화장실+주차장,펜션+야영장,,조경휴게지+산림욕장,음식점,,1996-06-01,1500,300,"설악산국립공원의 내설악지역에 위치하고 있으며 십이선녀탕, 만해마을, 백담사, 황태덕장, 하천 등이 관광지 주변이 있음",033-460-4312,강원특별자치도 인제군청,2024-12-13,4331000,강원특별자치도 인제군
전국관광지정보표준데이터,https://www.data.go.kr/data/15021141/standard.do,2025-06-25,place,연희네슈퍼(영화 1987 촬영지),관광지,전라남도 목포시,전라남도 목포시 해안로 127번길 14-2,34.78174519,126.3773176,영화 1987의 주인공 연희가 살던 곳이곳의 시간은 1987년이다. 개발되지 않은 배경에 1987년을 그대로 옮겨놓은 연희네 슈퍼는 단순한 영화세트장이 아니다. 각자의 1987년을 떠올릴 수 있는 공간이다. 문득 시간을 돌아보고 싶거든 연희네 슈퍼로 가자. 그곳에 나의 1987년이 있고 나의 연희가 있다.,지역 역사·관광 탐방 동화 배경,장소의 특징을 찾아보고 가족 여행 기록 남기기,5-7;8-10,관광;관광지;연희네슈퍼(영화;1987;촬영지);영화;1987의;주인공;연희가;살던;곳이곳의;시간은,연희네슈퍼(영화 1987 촬영지),관광지,전라남도 목포시 해안로 127번길 14-2,전라남도 목포시 서산동 12-89,62.2,화장실+주차장+여행자쉼터,,의상체험+셀프시잔관+화가의집,,여행자쉼터,,2018-02-12,100,40,영화 1987의 주인공 연희가 살던 곳이곳의 시간은 1987년이다. 개발되지 않은 배경에 1987년을 그대로 옮겨놓은 연희네 슈퍼는 단순한 영화세트장이 아니다. 각자의 1987년을 떠올릴 수 있는 공간이다. 문득 시간을 돌아보고 싶거든 연희네 슈퍼로 가자. 그곳에 나의 1987년이 있고 나의 연희가 있다.,061-270-8598,전라남도 목포시청,2025-06-25,4800000,전라남도 목포시
전국관광지정보표준데이터,https://www.data.go.kr/data/15021141/standard.do,2025-06-25,place,춤추는 바다분수,관광지,전라남도 목포시,전라남도 목포시 평화로 82,34.79666213,126.4337909,"목포춤추는바다분수는 매년 4월부터 11월까지 8개월간 목포 평화광장 앞바다에서 음악과 분수, 워터스크린, 레이저, 빔프로 젝트를 이용한 미디어 아트 작품을 선보이고 있다. 목포춤추는바다분수는 수반길이 150m, 높이 13.5m, 최대분사 높이 70m의 세계최초 초대형 부유식 바다음악분수이다.이에 더해 2021년 10월부터는 바다분수 앞에 설치한 해상무대에서 불꽃과 바다분수가 어우러진 환상적인 해상공연을 펼칠 예정이다.",지역 역사·관광 탐방 동화 배경,장소의 특징을 찾아보고 가족 여행 기록 남기기,5-7;8-10,관광;관광지;춤추는;바다분수;목포춤추는바다분수는;매년;4월부터;11월까지;8개월간;목포;평화광장;앞바다에서,춤추는 바다분수,관광지,전라남도 목포시 평화로 82,전라남도 목포시 상동 1157,4210,화장실+주차장+관광안내소,,레이저쇼+워터스크린+사연이벤트,,,,2010-07-30,4500,80,"목포춤추는바다분수는 매년 4월부터 11월까지 8개월간 목포 평화광장 앞바다에서 음악과 분수, 워터스크린, 레이저, 빔프로 젝트를 이용한 미디어 아트 작품을 선보이고 있다. 목포춤추는바다분수는 수반길이 150m, 높이 13.5m, 최대분사 높이 70m의 세계최초 초대형 부유식 바다음악분수이다.이에 더해 2021년 10월부터는 바다분수 앞에 설치한 해상무대에서 불꽃과 바다분수가 어우러진 환상적인 해상공연을 펼칠 예정이다.",061-270-8580,전라남도 목포시청,2025-06-25,4800000,전라남도 목포시
전국관광지정보표준데이터,https://www.data.go.kr/data/15021141/standard.do,2025-06-25,place,목포해상케이블카,관광지,전라남도 목포시,전라남도 목포시 해양대학로 240,34.79940179,126.3700239,"155m의 높이에서 스릴넘치는 아찔한 체험을...국내 최장구간 3.23km의 해상케이블카로 북항에서 고하도까지 이어진다.목포항과 삼학도를 비롯한 목포 원도심이 한눈에 펼쳐지고 보석처럼 빛나는 다도해와목포대교, 고하도 등을 조망할 수 있다.",지역 역사·관광 탐방 동화 배경,장소의 특징을 찾아보고 가족 여행 기록 남기기,5-7;8-10,관광;관광지;목포해상케이블카;155m의;높이에서;스릴넘치는;아찔한;체험을...국내;최장구간;3.23km의;해상케이블카로;북항에서,목포해상케이블카,관광지,전라남도 목포시 해양대학로 240,전라남도 목포시 죽교동 516-101,19079,화장실+주차장+매표소+관광안내소+기념품판매점+푸드코트,,VR체험관,안전홍보관,카페테리아+휴게실,,2019-09-06,2500,848,"155m의 높이에서 스릴넘치는 아찔한 체험을...국내 최장구간 3.23km의 해상케이블카로 북항에서 고하도까지 이어진다.목포항과 삼학도를 비롯한 목포 원도심이 한눈에 펼쳐지고 보석처럼 빛나는 다도해와목포대교, 고하도 등을 조망할 수 있다.",061-244-2600,전라남도 목포시청,2025-06-25,4800000,전라남도 목포시
전국관광지정보표준데이터,https://www.data.go.kr/data/15021141/standard.do,2025-06-25,place,삼학도크루즈,관광지,전라남도 목포시,전라남도 목포시 삼학로 92번길 104,34.78101571,126.387931,"삼학도 계류장을 출발하여 해상케이블카타워, 인어동상, 목포대교로 간다.잔잔한 목포 앞바다를 배를 타고 노니는것은 또 다른 경험이다. 오른쪽으로 높이오른 유달산과 목포대교의 일몰, 끝없이펼쳐진 다도해 그리고 고하도의 해안을감상할 수 있다.",지역 역사·관광 탐방 동화 배경,장소의 특징을 찾아보고 가족 여행 기록 남기기,5-7;8-10,관광;관광지;삼학도크루즈;삼학도;계류장을;출발하여;해상케이블카타워;인어동상;목포대교로;간다.잔잔한;목포;앞바다를,삼학도크루즈,관광지,전라남도 목포시 삼학로 92번길 104,전라남도 목포시 산정동 1454-7,15455,화장실+주차장+매표소+휴게실,,공연장+전망대+카페테리아+라운지,관광유람선,카페테리아,,2020-06-12,578,100,"삼학도 계류장을 출발하여 해상케이블카타워, 인어동상, 목포대교로 간다.잔잔한 목포 앞바다를 배를 타고 노니는것은 또 다른 경험이다. 오른쪽으로 높이오른 유달산과 목포대교의 일몰, 끝없이펼쳐진 다도해 그리고 고하도의 해안을감상할 수 있다.",061-245-3222,전라남도 목포시청,2025-06-25,4800000,전라남도 목포시
전국관광지정보표준데이터,https://www.data.go.kr/data/15021141/standard.do,2023-07-06,place,산정호수,관광지,경기도 포천시,경기도 포천시 영북면 산정호수로411번길 5 일원,38.065669,127.315722,백운산에서 흘러내린 맑은 물이 계곡을 이룬곳으로 경관이 수려함,지역 역사·관광 탐방 동화 배경,장소의 특징을 찾아보고 가족 여행 기록 남기기,5-7;8-10,관광;관광지;산정호수;백운산에서;흘러내린;맑은;물이;계곡을;이룬곳으로;경관이;수려함,산정호수,관광지,경기도 포천시 영북면 산정호수로411번길 5 일원,경기도 포천시 영북면 산정리 451-3일원,644500,관리사무실+화장실+주차장,,,,,,1977-03-30,20000,500,백운산에서 흘러내린 맑은 물이 계곡을 이룬곳으로 경관이 수려함,031-538-3363,경기도 포천시청 관광사업과,2023-07-06,5600000,경기도 포천시
전국관광지정보표준데이터,https://www.data.go.kr/data/15021141/standard.do,2023-07-06,place,백운계곡,관광지,경기도 포천시,경기도 포천시 이동면 포화로 236-24 일원,38.072165,127.409889,"명성산 밑에 위치한 호수로 경관이 둘레길이 잘 조성되어 있고, 가을 억새로 장관을 이룸",지역 역사·관광 탐방 동화 배경,장소의 특징을 찾아보고 가족 여행 기록 남기기,5-7;8-10,관광;관광지;백운계곡;명성산;밑에;위치한;호수로;경관이;둘레길이;잘;조성되어;있고,백운계곡,관광지,경기도 포천시 이동면 포화로 236-24 일원,경기도 포천시 이동면 도평리 35 일원,148000,관리사무실+화장실+주차장,,,,,,1987-09-04,10000,100,"명성산 밑에 위치한 호수로 경관이 둘레길이 잘 조성되어 있고, 가을 억새로 장관을 이룸",031-538-3363,경기도 포천시청 관광사업과,2023-07-06,5600000,경기도 포천시
전국관광지정보표준데이터,https://www.data.go.kr/data/15021141/standard.do,2023-05-24,place,용문산 관광지,관광지,경기도 양평군,경기도 양평군 용문면 용문산로 641,37.54529617,127.583066,관광지를 품에 안고 있는 용문산의 웅장한 산세와 기암괴석이 만들어 낸 절경은 금강산을 방불케 한다.,지역 역사·관광 탐방 동화 배경,장소의 특징을 찾아보고 가족 여행 기록 남기기,5-7;8-10,관광;관광지;용문산;관광지를;품에;안고;있는;용문산의;웅장한;산세와;기암괴석이;만들어,용문산 관광지,관광지,경기도 양평군 용문면 용문산로 641,경기도 양평군 용문면 신점리 525-2번지,382233,관리사무소+관광안내소+ 주차장+ 공중화장실,콘도+ 펜션,청춘뮤지엄,야영장+ 친환경농업박물관,야외공연장,,1971-05-20,5000,807,관광지를 품에 안고 있는 용문산의 웅장한 산세와 기암괴석이 만들어 낸 절경은 금강산을 방불케 한다.,031-770-2491,경기도 양평군청,2023-05-24,4170000,경기도 양평군
전국관광지정보표준데이터,https://www.data.go.kr/data/15021141/standard.do,2023-05-24,place,두물머리,관광지,경기도 양평군,경기도 양평군 양서면 두물머리길 145,37.53362262,127.3174715,물안개와 일출+ 황포돛배 그리고 400년이 넘은 느티나무가 어우러진 한국관광 100선에 선정된 곳,지역 역사·관광 탐방 동화 배경,장소의 특징을 찾아보고 가족 여행 기록 남기기,5-7;8-10,관광;관광지;두물머리;물안개와;일출+;황포돛배;그리고;400년이;넘은;느티나무가;어우러진;한국관광,두물머리,관광지,경기도 양평군 양서면 두물머리길 145,경기도 양평군 양서면 양수리 697번지,400000,관리사무소+주차장+ 공중화장실,,두물머리생태학교,,,,1974-05-24,5000,567,물안개와 일출+ 황포돛배 그리고 400년이 넘은 느티나무가 어우러진 한국관광 100선에 선정된 곳,031-770-2568,경기도 양평군청,2023-05-24,4170000,경기도 양평군
전국관광지정보표준데이터,https://www.data.go.kr/data/15021141/standard.do,2023-05-24,place,세미원,관광지,경기도 양평군,경기도 양평군 양서면 양수로 93,37.54093866,127.3239608,경기도 제1호 지방정원,지역 역사·관광 탐방 동화 배경,장소의 특징을 찾아보고 가족 여행 기록 남기기,5-7;8-10,관광;관광지;세미원;경기도;제1호;지방정원,세미원,관광지,경기도 양평군 양서면 양수로 93,경기도 양평군 양서면 용담리 428-8번지,127085,관리사무소+주차장+ 공중화장실,,,연꽃박물관,,,2019-09-17,3000,567,경기도 제1호 지방정원,031-770-2568,경기도 양평군청,2023-05-24,4170000,경기도 양평군
전국관광지정보표준데이터,https://www.data.go.kr/data/15021141/standard.do,2023-05-24,place,쉬자파크,관광지,경기도 양평군,경기도 양평군 양평읍 쉬자파크길 193,37.51122354,127.5331978,쉼을 주는 공원으로 맑은공기+ 숙박+ 치유+ 체험과 교육이 함께하는 전국 최초 산림문화 휴양단지,지역 역사·관광 탐방 동화 배경,장소의 특징을 찾아보고 가족 여행 기록 남기기,5-7;8-10,관광;관광지;쉬자파크;쉼을;주는;공원으로;맑은공기+;숙박+;치유+;체험과;교육이;함께하는,쉬자파크,관광지,경기도 양평군 양평읍 쉬자파크길 193,경기도 양평군 양평읍 백안리 산45-7번지,186504,관리사무소+주차장+ 공중화장실,펜션,암벽등반+ 놀이터,체험관+ 치유센터,,,2018-05-16,3000,85,쉼을 주는 공원으로 맑은공기+ 숙박+ 치유+ 체험과 교육이 함께하는 전국 최초 산림문화 휴양단지,031-770-2417,경기도 양평군청,2023-05-24,4170000,경기도 양평군
전국관광지정보표준데이터,https://www.data.go.kr/data/15021141/standard.do,2025-11-19,place,가우도,관광지,전라남도 강진군,전라남도 강진군 대구면 중저길 31-27,34.53639111,126.7910468,곰솔나무 등 태고적 숨결이 가득한 함께해길그리고 바다를 걷는 출렁다리삶의 여유가 묻어나는 섬 가우도에서는 건강함도 함께한다,지역 역사·관광 탐방 동화 배경,장소의 특징을 찾아보고 가족 여행 기록 남기기,5-7;8-10,관광;관광지;가우도;곰솔나무;등;태고적;숨결이;가득한;함께해길그리고;바다를;걷는;출렁다리삶의,가우도,관광지,전라남도 강진군 대구면 중저길 31-27,,3000,낚시공원1+휴게시설1+식당2+쉼터2,밀물펜션+한옥펜션+노을민박+바닷가펜션+가우도펜션,,낚시공원1,,,2013-01-01,1000,100,곰솔나무 등 태고적 숨결이 가득한 함께해길그리고 바다를 걷는 출렁다리삶의 여유가 묻어나는 섬 가우도에서는 건강함도 함께한다,061-430-3344,전라남도 강진군청,2025-11-19,4920000,전라남도 강진군
전국관광지정보표준데이터,https://www.data.go.kr/data/15021141/standard.do,2025-11-19,place,영랑생가,관광지,전라남도 강진군,전라남도 강진군 강진읍 영랑생가길 15,34.64209922,126.7655711,구수한 남도 사투리로 현대 서정시의 새로운 지평을 열었던 영랑 김윤식 선생의 생가를 원형 그대로 보존한 곳으로 영랑의 시혼과 그 발자취를 엿볼 수 있다.,지역 역사·관광 탐방 동화 배경,장소의 특징을 찾아보고 가족 여행 기록 남기기,5-7;8-10,관광;관광지;영랑생가;구수한;남도;사투리로;현대;서정시의;새로운;지평을;열었던;영랑,영랑생가,관광지,전라남도 강진군 강진읍 영랑생가길 15,,3000,관리사무소,,,,,,2013-01-01,100,50,구수한 남도 사투리로 현대 서정시의 새로운 지평을 열었던 영랑 김윤식 선생의 생가를 원형 그대로 보존한 곳으로 영랑의 시혼과 그 발자취를 엿볼 수 있다.,061-430-3185,전라남도 강진군청,2025-11-19,4920000,전라남도 강진군
전국관광지정보표준데이터,https://www.data.go.kr/data/15021141/standard.do,2025-11-19,place,다산초당,관광지,전라남도 강진군,전라남도 강진군 도암면 다산초당길 68-35,34.5807211,126.7449445,다산초당은 조선 후기 실학 사상을집대성한 다산 정약용 선생이 18년간의 유배기간 중 10여년간 생활하며후학을 양성하고 ’’’’목민심서’’’’를 비롯하여 500여권의 책을 저술했던 조선실학의 산실이다.,지역 역사·관광 탐방 동화 배경,장소의 특징을 찾아보고 가족 여행 기록 남기기,5-7;8-10,관광;관광지;다산초당;다산초당은;조선;후기;실학;사상을집대성한;다산;정약용;선생이;18년간의,다산초당,관광지,전라남도 강진군 도암면 다산초당길 68-35,,3000,관리사무소,,,,,,2013-01-01,100,50,다산초당은 조선 후기 실학 사상을집대성한 다산 정약용 선생이 18년간의 유배기간 중 10여년간 생활하며후학을 양성하고 ’’’’목민심서’’’’를 비롯하여 500여권의 책을 저술했던 조선실학의 산실이다.,061-430-3911,전라남도 강진군청,2025-11-19,4920000,전라남도 강진군
전국관광지정보표준데이터,https://www.data.go.kr/data/15021141/standard.do,2025-07-08,place,태조대왕태실,관광지,충청남도 금산군,충청남도 금산군 추부면 마전리 산 1-86,36.19976177,127.4543633,조선을 개국한 태조가 함경도 용연지역에 있는 자신의 태를 이 산에 옮겨와 태자의 태와 함께 안치하여 나라의 태평성대를 염원한데서 그 유래를 찾을 수 있다.,지역 역사·관광 탐방 동화 배경,장소의 특징을 찾아보고 가족 여행 기록 남기기,5-7;8-10,관광;관광지;태조대왕태실;조선을;개국한;태조가;함경도;용연지역에;있는;자신의;태를;이,태조대왕태실,관광지,,충청남도 금산군 추부면 마전리 산 1-86,360,화장실(1동)+주차장,,,태조대왕태실 석비,,,1989-04-20,100,100,조선을 개국한 태조가 함경도 용연지역에 있는 자신의 태를 이 산에 옮겨와 태자의 태와 함께 안치하여 나라의 태평성대를 염원한데서 그 유래를 찾을 수 있다.,041-750-2293,충청남도 금산군청,2025-07-08,4550000,충청남도 금산군
전국관광지정보표준데이터,https://www.data.go.kr/data/15021141/standard.do,2025-07-08,place,보석사,관광지,충청남도 금산군,충청남도 금산군 남이면 보석사1길 30,36.054757,127.4753969,"나무 천년, 절집 천년",지역 역사·관광 탐방 동화 배경,장소의 특징을 찾아보고 가족 여행 기록 남기기,5-7;8-10,관광;관광지;보석사;나무;천년;절집,보석사,관광지,충청남도 금산군 남이면 보석사1길 30,충청남도 금산군 남이면 석동리 711,5000,관리사무소+화장실(2동)+주차장,,,대웅전,,,1993-11-12,100,20,"나무 천년, 절집 천년",041-750-2293,충청남도 금산군청,2025-07-08,4550000,충청남도 금산군
전국관광지정보표준데이터,https://www.data.go.kr/data/15021141/standard.do,2025-07-08,place,보석사   은행나무,관광지,충청남도 금산군,충청남도 금산군 남이면 보석사1길 30,36.054757,127.4753969,"나무 천년, 절집 천년",지역 역사·관광 탐방 동화 배경,장소의 특징을 찾아보고 가족 여행 기록 남기기,5-7;8-10,관광;관광지;보석사;은행나무;나무;천년;절집,보석사   은행나무,관광지,충청남도 금산군 남이면 보석사1길 30,충청남도 금산군 남이면 석동리 711,600,관리사무소+화장실(2동)+주차장,,,은행나무,,,1990-08-02,60,20,"나무 천년, 절집 천년",041-750-2293,충청남도 금산군청,2025-07-08,4550000,충청남도 금산군
전국관광지정보표준데이터,https://www.data.go.kr/data/15021141/standard.do,2025-07-25,place,3.1운동 용산인쇄소 노동자 만세시위지,관광지,서울특별시 용산구,서울특별시 용산구 원효로41길 33,37.53543893,126.9584156,"1919년 3.1운동 당시 용산에서 만세시위가 일어난 곳으로, 용산인쇄소가 있던 자리이다.",지역 역사·관광 탐방 동화 배경,장소의 특징을 찾아보고 가족 여행 기록 남기기,5-7;8-10,관광;관광지;3.1운동;용산인쇄소;노동자;만세시위지;1919년;당시;용산에서;만세시위가;일어난;곳으로,3.1운동 용산인쇄소 노동자 만세시위지,관광지,서울특별시 용산구 원효로41길 33,서울특별시 용산구 원효로3가 1-2,10702.2,주차장,,,,,,1919-01-01,720,0,"1919년 3.1운동 당시 용산에서 만세시위가 일어난 곳으로, 용산인쇄소가 있던 자리이다.",02-2199-7240,서울특별시 용산구청 문화진흥과,2025-07-25,3020000,서울특별시 용산구
전국관광지정보표준데이터,https://www.data.go.kr/data/15021141/standard.do,2025-07-25,place,이봉창 의사 집터,관광지,서울특별시 용산구,서울특별시 용산구 백범로 275,37.540313,126.959653,1932년 1월 8일 일왕 히로히토를 처단하려했던 이봉창 의사가 11살 때인 1917년부터 25살이 되던 1925년까지 살던 곳이다.,지역 역사·관광 탐방 동화 배경,장소의 특징을 찾아보고 가족 여행 기록 남기기,5-7;8-10,관광;관광지;이봉창;의사;집터;1932년;1월;8일;일왕;히로히토를;처단하려했던;의사가,이봉창 의사 집터,관광지,서울특별시 용산구 백범로 275,서울특별시 용산구 효창동 286,279.3,쉼터,,,,,,1994-01-01,20,0,1932년 1월 8일 일왕 히로히토를 처단하려했던 이봉창 의사가 11살 때인 1917년부터 25살이 되던 1925년까지 살던 곳이다.,02-2199-7240,서울특별시 용산구청 문화진흥과,2025-07-25,3020000,서울특별시 용산구
전국관광지정보표준데이터,https://www.data.go.kr/data/15021141/standard.do,2025-07-25,place,백범김구기념관,관광지,서울특별시 용산구,서울특별시 용산구 임정로 26,37.54427794,126.959253,백범김구기념관은 김구 선생의 삶과 사상을 널리 알리고 계승 발전시키기 위한 취지에서 2002년 10월 22일 개관하였다.,지역 역사·관광 탐방 동화 배경,장소의 특징을 찾아보고 가족 여행 기록 남기기,5-7;8-10,관광;관광지;백범김구기념관;백범김구기념관은;김구;선생의;삶과;사상을;널리;알리고;계승;발전시키기,백범김구기념관,관광지,서울특별시 용산구 임정로 26,서울특별시 용산구 효창동 255,18355,지하주차장+야외주차장+화장실,,,전시관,,컨벤션홀대회의실교육장,2002-10-01,1000,100,백범김구기념관은 김구 선생의 삶과 사상을 널리 알리고 계승 발전시키기 위한 취지에서 2002년 10월 22일 개관하였다.,02-799-3400,백범김구기념관,2025-07-25,3020000,서울특별시 용산구
전국관광지정보표준데이터,https://www.data.go.kr/data/15021141/standard.do,2025-07-25,place,이봉창 의사 역사울림관,관광지,서울특별시 용산구,서울특별시 용산구 백범로 281-9,37.54010272,126.960852,용산구를 대표하는 독립투사인 이봉창의사를 추모하고 그의 삶과 독립정신을 기리기 위해 세워진 기념관이다.,지역 역사·관광 탐방 동화 배경,장소의 특징을 찾아보고 가족 여행 기록 남기기,5-7;8-10,관광;관광지;이봉창;의사;역사울림관;용산구를;대표하는;독립투사인;이봉창의사를;추모하고;그의;삶과,이봉창 의사 역사울림관,관광지,서울특별시 용산구 백범로 281-9,서울특별시 용산구 효창동 286-7,484.4,쉼터,,,,,,2020-10-26,30,0,용산구를 대표하는 독립투사인 이봉창의사를 추모하고 그의 삶과 독립정신을 기리기 위해 세워진 기념관이다.,02-2199-7240,서울특별시 용산구청 문화진흥과,2025-07-25,3020000,서울특별시 용산구
전국관광지정보표준데이터,https://www.data.go.kr/data/15021141/standard.do,2025-07-25,place,남이장군 사당,관광지,서울특별시 용산구,서울특별시 용산구 효창원로 88-10,37.536475,126.958433,"구전에 의하면 이시애의 난을 토벌할 때 군병을 훈련시킨 곳이 둔지미(현 삼각지 부근)이고 한강변 새남터에서 처형되었기 때문에 용산에서 장군을 추모하는 사당을 세우고, 그의 원혼을 달래고자 공동제와 제의굿을 300년 동안 지내왔다고 한다.",지역 역사·관광 탐방 동화 배경,장소의 특징을 찾아보고 가족 여행 기록 남기기,5-7;8-10,관광;관광지;남이장군;사당;구전에;의하면;이시애의;난을;토벌할;때;군병을;훈련시킨,남이장군 사당,관광지,서울특별시 용산구 효창원로 88-10,서울특별시 용산구 용문동 107,314,화장실,,,,,,1997-07-01,20,0,"구전에 의하면 이시애의 난을 토벌할 때 군병을 훈련시킨 곳이 둔지미(현 삼각지 부근)이고 한강변 새남터에서 처형되었기 때문에 용산에서 장군을 추모하는 사당을 세우고, 그의 원혼을 달래고자 공동제와 제의굿을 300년 동안 지내왔다고 한다.",02-2199-7240,서울특별시 용산구청 문화진흥과,2025-07-25,3020000,서울특별시 용산구
전국관광지정보표준데이터,https://www.data.go.kr/data/15021141/standard.do,2025-07-25,place,연복사탑중창비,관광지,서울특별시 용산구,서울특별시 용산구 한강대로21나길 7,37.5297718,126.9647415,조선을 건국한 태조 이성계의 공덕으로 재건된 연복사 오층불탑의 건립내력을 담은 비석이다.,지역 역사·관광 탐방 동화 배경,장소의 특징을 찾아보고 가족 여행 기록 남기기,5-7;8-10,관광;관광지;연복사탑중창비;조선을;건국한;태조;이성계의;공덕으로;재건된;연복사;오층불탑의;건립내력을,연복사탑중창비,관광지,서울특별시 용산구 한강대로21나길 7,서울특별시 용산구 한강로3가 40-999,116403,쉼터,,,,,,2013-05-23,7760,5,조선을 건국한 태조 이성계의 공덕으로 재건된 연복사 오층불탑의 건립내력을 담은 비석이다.,02-2199-7240,서울특별시 용산구청 문화진흥과,2025-07-25,3020000,서울특별시 용산구
전국관광지정보표준데이터,https://www.data.go.kr/data/15021141/standard.do,2025-07-25,place,서울 구 용산철도병원 본관(현 용산역사박물관),관광지,서울특별시 용산구,서울특별시 용산구 한강대로14길 35-29,37.52557465,126.9656016,"1907년 통감부의 철도국 서울진료소로 개원되어 운영되다 1913년 용산철도병원이라 불리던 본관 건물로 1928년에 철근콘크리트조 벽돌마감의 지하1층, 지상2층 규모로 신축되었다.",지역 역사·관광 탐방 동화 배경,장소의 특징을 찾아보고 가족 여행 기록 남기기,5-7;8-10,관광;관광지;서울;구;용산철도병원;본관(현;용산역사박물관);1907년;통감부의;철도국;서울진료소로;개원되어,서울 구 용산철도병원 본관(현 용산역사박물관),관광지,서울특별시 용산구 한강대로14길 35-29,서울특별시 용산구 한강로3가 65-154,10183.8,화장실+수유실+관광안내소,,,옥상정원,카페,,2022-01-01,680,0,"1907년 통감부의 철도국 서울진료소로 개원되어 운영되다 1913년 용산철도병원이라 불리던 본관 건물로 1928년에 철근콘크리트조 벽돌마감의 지하1층, 지상2층 규모로 신축되었다.",02-2199-4620,용산역사박물관,2025-07-25,3020000,서울특별시 용산구
전국관광지정보표준데이터,https://www.data.go.kr/data/15021141/standard.do,2025-08-14,place,증평민속체험박물관,관광지,충청북도 증평군,충청북도 증평군 증평읍 둔덕길 89,36.7638886,127.5955694,"증평의 역사와 전통문화를 만날 수 있는 문화공간으로 증평의 문화재, 옛 사진, 출토유물, 고서, 민속품 등 다양한 문화유산을 관람할 수 있으며, 농경문화체험과 전시연계교육 등 종합적인 교육체험을 할 수 있음",지역 역사·관광 탐방 동화 배경,장소의 특징을 찾아보고 가족 여행 기록 남기기,5-7;8-10,관광;관광지;증평민속체험박물관;증평의;역사와;전통문화를;만날;수;있는;문화공간으로;문화재;옛,증평민속체험박물관,관광지,충청북도 증평군 증평읍 둔덕길 89,충청북도 증평군 증평읍 남하리 91,21980,휴게실+수유실+야외정자+흔들벤치+장애인화장실,,어린이체험전시+전통놀이체험+민속품체험+한옥체험+공예체험+농경문화체험,두레관+문화체험관+향토자료관+한옥체험장+공예체험장+대장간체험장,,,2010-06-12,1000,50,"증평의 역사와 전통문화를 만날 수 있는 문화공간으로 증평의 문화재, 옛 사진, 출토유물, 고서, 민속품 등 다양한 문화유산을 관람할 수 있으며, 농경문화체험과 전시연계교육 등 종합적인 교육체험을 할 수 있음",043-835-4152,충청북도 증평군청 문화관광과,2025-08-14,5570000,충청북도 증평군
전국관광지정보표준데이터,https://www.data.go.kr/data/15021141/standard.do,2025-08-14,place,보강천 미루나무숲,관광지,충청북도 증평군,충청북도 증평군 증평읍 송산리 649-45,36.78834006,127.5810146,"보강천 수변에 위치하고 형형색색 이국풍의 꽃과 풍차, 분수, 놀이터 등 다양한 휴식공간을 갖추며, 산책뿐만 아니라 사진을 찍으며 추억을 쌓기 좋은 곳, 증평인삼골 축제 개최",지역 역사·관광 탐방 동화 배경,장소의 특징을 찾아보고 가족 여행 기록 남기기,5-7;8-10,관광;관광지;보강천;미루나무숲;수변에;위치하고;형형색색;이국풍의;꽃과;풍차;분수;놀이터,보강천 미루나무숲,관광지,,충청북도 증평군 증평읍 송산리 649-45,20000,관리사무소+화장실+주차장,,어린이 놀이체험기구+휴식쉼터,보강천생태공원+보강천 김득신도서관,,,2019-10-21,500,50,"보강천 수변에 위치하고 형형색색 이국풍의 꽃과 풍차, 분수, 놀이터 등 다양한 휴식공간을 갖추며, 산책뿐만 아니라 사진을 찍으며 추억을 쌓기 좋은 곳, 증평인삼골 축제 개최",043-835-3482,충청북도 증평군청 축산산림과,2025-08-14,5570000,충청북도 증평군
전국관광지정보표준데이터,https://www.data.go.kr/data/15021141/standard.do,2025-08-14,place,증평인삼문화센터,관광지,충청북도 증평군,충청북도 증평군 증평읍 중부로 2451,36.79588146,127.5817602,지역 농특산물인 인삼을 판매하는 대표 인삼판매장,지역 역사·관광 탐방 동화 배경,장소의 특징을 찾아보고 가족 여행 기록 남기기,5-7;8-10,관광;관광지;증평인삼문화센터;지역;농특산물인;인삼을;판매하는;대표;인삼판매장,증평인삼문화센터,관광지,충청북도 증평군 증평읍 중부로 2451,충청북도 증평군 증평읍 송산리 94-1,20774,화장실+주차장,,,,충북인삼유통센터+상설판매장,,2005-09-23,500,118,지역 농특산물인 인삼을 판매하는 대표 인삼판매장,043-835-3732,충청북도 증평군청 농업유통과,2025-08-14,5570000,충청북도 증평군
전국관광지정보표준데이터,https://www.data.go.kr/data/15021141/standard.do,2025-08-14,place,에듀팜특구관광단지(벨포레리조트),관광단지,충청북도 증평군,충청북도 증평군 도안면 벨포레길 346,36.84514868,127.5821182,충청북도 유일한 관광특구단지+중부권 최대관광단지로 다양한 액티비티 활동과 휴양시설을 갖춤,지역 역사·관광 탐방 동화 배경,장소의 특징을 찾아보고 가족 여행 기록 남기기,5-7;8-10,관광;관광단지;에듀팜특구관광단지(벨포레리조트);충청북도;유일한;관광특구단지+중부권;최대관광단지로;다양한;액티비티;활동과;휴양시설을;갖춤,에듀팜특구관광단지(벨포레리조트),관광단지,충청북도 증평군 도안면 벨포레길 346,충청북도 증평군 증평읍 연촌리 산 58,2622825,관리사무소+화장실+주차장,휴양콘도(펫동반 가능 객실 보유),골프장+마운틴카트+수상레저+마리나클럽+디노시네마+모토아레나+놀이공원,벨포레목장+미디어아트센터+국제정원+펫포레플레이그라운드 및 힐링코스,,,2009-10-02,8328,2776,충청북도 유일한 관광특구단지+중부권 최대관광단지로 다양한 액티비티 활동과 휴양시설을 갖춤,1566-0162,㈜블랙스톤에듀팜리조트,2025-08-14,5570000,충청북도 증평군
전국관광지정보표준데이터,https://www.data.go.kr/data/15021141/standard.do,2025-08-20,place,녹진관광지,관광지,전라남도 진도군,전라남도 진도군 군내면 진도대로 8478,34.56907794,126.300024,명량해전의 울둘목 해역이 한눈에 보이는 역사가 숨쉬는 관광지,지역 역사·관광 탐방 동화 배경,장소의 특징을 찾아보고 가족 여행 기록 남기기,5-7;8-10,관광;관광지;녹진관광지;명량해전의;울둘목;해역이;한눈에;보이는;역사가;숨쉬는,녹진관광지,관광지,전라남도 진도군 군내면 진도대로 8478,전라남도 진도군 군내면 녹진리 1-74,227299,화장실(3동)+주차장(5개소)+관광안내소(1동),,,진도타워+해양에너지공원+판옥선+진도휴게소,,,1988-12-16,10000,310,명량해전의 울둘목 해역이 한눈에 보이는 역사가 숨쉬는 관광지,061-540-3442,전라남도 진도군청,2025-08-20,5000000,전라남도 진도군
전국관광지정보표준데이터,https://www.data.go.kr/data/15021141/standard.do,2025-08-20,place,회동관광지,관광지,전라남도 진도군,전라남도 진도군 고군면 신비의바닷길 148,34.42726548,126.3513474,신비의바닷길이 열리는 축제명소,지역 역사·관광 탐방 동화 배경,장소의 특징을 찾아보고 가족 여행 기록 남기기,5-7;8-10,관광;관광지;회동관광지;신비의바닷길이;열리는;축제명소,회동관광지,관광지,전라남도 진도군 고군면 신비의바닷길 148,전라남도 진도군 고군면 금계리 153-1,2962920,화장실(4동)+주차장(4개소)+관광안내소(1동),,게이트볼장+야구장,신비의바닷길체험관+가계해수욕장+회동전망대+해양생태관,회동+가계공연장,청소년수련원,1987-10-15,10000,350,신비의바닷길이 열리는 축제명소,061-540-3442,전라남도 진도군청,2025-08-20,5000000,전라남도 진도군
전국관광지정보표준데이터,https://www.data.go.kr/data/15021141/standard.do,2025-08-20,place,아리랑마을관광지,관광지,전라남도 진도군,전라남도 진도군 임회면 아리랑길 95-5,34.38201529,126.2310334,예술인의 멋과 정취를 느낄수 있는 아리랑마을,지역 역사·관광 탐방 동화 배경,장소의 특징을 찾아보고 가족 여행 기록 남기기,5-7;8-10,관광;관광지;아리랑마을관광지;예술인의;멋과;정취를;느낄수;있는;아리랑마을,아리랑마을관광지,관광지,전라남도 진도군 임회면 아리랑길 95-5,전라남도 진도군 임회면 상만리 11,298930,화장실(2동)+주차장(3개소),,,아리랑체험관+홍주촌+예술인촌전시관,,,2005-09-01,3000,150,예술인의 멋과 정취를 느낄수 있는 아리랑마을,061-540-3442,전라남도 진도군청,2025-08-20,5000000,전라남도 진도군
전국관광지정보표준데이터,https://www.data.go.kr/data/15021141/standard.do,2025-07-25,place,서울 한양도성(서울성곽),관광지,서울특별시 용산구,서울특별시 용산구 후암동 산1-2,37.551483,126.9853756,"조선왕조 도읍지인 한성부의 경계를 표시하고 그 권위를 드러내며, 외부의 침입을 막기 위해 축조된 성이다.",지역 역사·관광 탐방 동화 배경,장소의 특징을 찾아보고 가족 여행 기록 남기기,5-7;8-10,관광;관광지;서울;한양도성(서울성곽);조선왕조;도읍지인;한성부의;경계를;표시하고;그;권위를;드러내며,서울 한양도성(서울성곽),관광지,,서울특별시 용산구 후암동 산1-2,1311.15,화장실+주차장,,,,,,1963-01-21,87,0,"조선왕조 도읍지인 한성부의 경계를 표시하고 그 권위를 드러내며, 외부의 침입을 막기 위해 축조된 성이다.",02-2133-2658,서울문화재청,2025-07-25,3020000,서울특별시 용산구
전국관광지정보표준데이터,https://www.data.go.kr/data/15021141/standard.do,2025-07-25,place,후암동 조선은행 사택지,관광지,서울특별시 용산구,서울특별시 용산구 후암로16가길 7,37.547716,126.9786783,일제강점기인 1920년대 서울의 도시화와 함께 후암동 일대가 본격적으로 개발되는 가운데 생긴 대표적인 문화주택지였다.,지역 역사·관광 탐방 동화 배경,장소의 특징을 찾아보고 가족 여행 기록 남기기,5-7;8-10,관광;관광지;후암동;조선은행;사택지;일제강점기인;1920년대;서울의;도시화와;함께;일대가;본격적으로,후암동 조선은행 사택지,관광지,서울특별시 용산구 후암로16가길 7,서울특별시 용산구 후암동 247-57,2120.2,지하주차장,,,,,,1905-03-28,141,0,일제강점기인 1920년대 서울의 도시화와 함께 후암동 일대가 본격적으로 개발되는 가운데 생긴 대표적인 문화주택지였다.,02-759-4114,한국은행,2025-07-25,3020000,서울특별시 용산구
전국관광지정보표준데이터,https://www.data.go.kr/data/15021141/standard.do,2025-07-25,place,서울 해병대사령부 초대교회,관광지,서울특별시 용산구,서울특별시 용산구 용산동2가 2-18,37.54303445,126.982882,"1951년 해병대 초대교회로 시작되었으며, 우리나라 군(軍)에 남아있는 교회 중에서 가장 오래된 교회이다.",지역 역사·관광 탐방 동화 배경,장소의 특징을 찾아보고 가족 여행 기록 남기기,5-7;8-10,관광;관광지;서울;해병대사령부;초대교회;1951년;해병대;초대교회로;시작되었으며;우리나라;군(軍)에;남아있는,서울 해병대사령부 초대교회,관광지,,서울특별시 용산구 용산동2가 2-18,262.5,화장실+주차장,,,,,,2017-02-15,20,10,"1951년 해병대 초대교회로 시작되었으며, 우리나라 군(軍)에 남아있는 교회 중에서 가장 오래된 교회이다.",1577-9090,국방부,2025-07-25,3020000,서울특별시 용산구
전국관광지정보표준데이터,https://www.data.go.kr/data/15021141/standard.do,2025-07-25,place,일제 경성호국신사 계단(108계단),관광지,서울특별시 용산구,서울특별시 용산구 신흥로22가길 33,37.546023,126.982542,"일제강점기 경성호국신사에 참배하기 위해 오르던 진입로로, 완공까지 한국인들의 재산과 노동력이 동원되었다. 일제 말기 식민지 한국이 처했던 비극의 역사를 선명하게 보여주는 장소이다.",지역 역사·관광 탐방 동화 배경,장소의 특징을 찾아보고 가족 여행 기록 남기기,5-7;8-10,관광;관광지;일제;경성호국신사;계단(108계단);일제강점기;경성호국신사에;참배하기;위해;오르던;진입로로;완공까지,일제 경성호국신사 계단(108계단),관광지,서울특별시 용산구 신흥로22가길 33,서울특별시 용산구 용산동2가 1-346,237.2,승강기,,,,,,1905-04-26,20,0,"일제강점기 경성호국신사에 참배하기 위해 오르던 진입로로, 완공까지 한국인들의 재산과 노동력이 동원되었다. 일제 말기 식민지 한국이 처했던 비극의 역사를 선명하게 보여주는 장소이다.",02-2199-7240,서울특별시 용산구청 문화진흥과,2025-07-25,3020000,서울특별시 용산구
전국관광지정보표준데이터,https://www.data.go.kr/data/15021141/standard.do,2025-07-25,place,찬바람재,관광지,서울특별시 용산구,서울특별시 용산구 녹사평대로 195,37.534815,126.987014,예전부터 겨울철 찬바람이 매섭게 몰아친다 하여 찬바람재 또는 한풍재라고도 불리던 곳이다. 현재는 이 일대를 푸른 풀이 무성한 들판이라는 뜻의 녹사평이라고 부르고 있다.,지역 역사·관광 탐방 동화 배경,장소의 특징을 찾아보고 가족 여행 기록 남기기,5-7;8-10,관광;관광지;찬바람재;예전부터;겨울철;찬바람이;매섭게;몰아친다;하여;또는;한풍재라고도;불리던,찬바람재,관광지,서울특별시 용산구 녹사평대로 195,서울특별시 용산구 용산동4가 4,646.6,승강기,,,,,,2000-12-15,50,0,예전부터 겨울철 찬바람이 매섭게 몰아친다 하여 찬바람재 또는 한풍재라고도 불리던 곳이다. 현재는 이 일대를 푸른 풀이 무성한 들판이라는 뜻의 녹사평이라고 부르고 있다.,02-2199-7240,서울특별시 용산구청 문화진흥과,2025-07-25,3020000,서울특별시 용산구
전국관광지정보표준데이터,https://www.data.go.kr/data/15021141/standard.do,2025-07-25,place,전쟁기념관,관광지,서울특별시 용산구,서울특별시 용산구 이태원로 29,37.53731405,126.9784661,"1994년 용산에 건립된 전쟁기념관은 외침을 극복하고 국민의 생명과 재산을 지켜온 대외항쟁사와 민족의 자주독립을 지켜온 국난극복사 등 전쟁에 관한 자료를 수집,보존하고, 전쟁의 교훈을 통해 전쟁을 예방하여 조국의 평화적 통일을 이룩하는데 이바지하기 위해 세워졌다.",지역 역사·관광 탐방 동화 배경,장소의 특징을 찾아보고 가족 여행 기록 남기기,5-7;8-10,관광;관광지;전쟁기념관;1994년;용산에;건립된;전쟁기념관은;외침을;극복하고;국민의;생명과;재산을,전쟁기념관,관광지,서울특별시 용산구 이태원로 29,서울특별시 용산구 용산동1가 8,112887.2,화장실+주차장+물품보관함+수유실,,,,,,1994-06-10,7500,150,"1994년 용산에 건립된 전쟁기념관은 외침을 극복하고 국민의 생명과 재산을 지켜온 대외항쟁사와 민족의 자주독립을 지켜온 국난극복사 등 전쟁에 관한 자료를 수집,보존하고, 전쟁의 교훈을 통해 전쟁을 예방하여 조국의 평화적 통일을 이룩하는데 이바지하기 위해 세워졌다.",02-709-3114,전쟁기념사업회,2025-07-25,3020000,서울특별시 용산구
전국관광지정보표준데이터,https://www.data.go.kr/data/15021141/standard.do,2025-07-25,place,당고개 순교성지,관광지,서울특별시 용산구,서울특별시 용산구 청파로 139-26,37.53559012,126.966963,"이 일대는 조선후기에 처형장으로도 이용되었는데, 1839년 기해박해 당시 천주교 신자 10여명이 순교한 곳이다. 지금은 기해박해 당시 천주교 순교자들을 기리기 위해 당고개 순교성지가 들어서 있다.",지역 역사·관광 탐방 동화 배경,장소의 특징을 찾아보고 가족 여행 기록 남기기,5-7;8-10,관광;관광지;당고개;순교성지;이;일대는;조선후기에;처형장으로도;이용되었는데;1839년;기해박해;당시,당고개 순교성지,관광지,서울특별시 용산구 청파로 139-26,서울특별시 용산구 신계동 56,1752,화장실,,,,,,1986-01-01,120,10,"이 일대는 조선후기에 처형장으로도 이용되었는데, 1839년 기해박해 당시 천주교 신자 10여명이 순교한 곳이다. 지금은 기해박해 당시 천주교 순교자들을 기리기 위해 당고개 순교성지가 들어서 있다.",02-711-0933,당고개 순교성지,2025-07-25,3020000,서울특별시 용산구
전국관광지정보표준데이터,https://www.data.go.kr/data/15021141/standard.do,2025-07-25,place,옛 풍국제과 공장(현 오리온),관광지,서울특별시 용산구,서울특별시 용산구 백범로90다길 13,37.53567207,126.9695135,풍국제과는 일제강점기 용산에 본사와 생산공장을 두었던 제과업체로 1934년 지금의 위치에 설립하였다. 해방 이후 풍국제과는 정부에 귀속되었다가 1956년 이양구가 인수해 동양제과공업 주식회사를 설립했다. 그 후 사업확장과 함께 2001년 제과업을 중심으로 하는 오리온 그룹이 동양그룹계열에서 분리되어 오늘날의 ㈜오리온이 되었다.,지역 역사·관광 탐방 동화 배경,장소의 특징을 찾아보고 가족 여행 기록 남기기,5-7;8-10,관광;관광지;옛;풍국제과;공장(현;오리온);풍국제과는;일제강점기;용산에;본사와;생산공장을;두었던,옛 풍국제과 공장(현 오리온),관광지,서울특별시 용산구 백범로90다길 13,서울특별시 용산구 문배동 30-10,3086,화장실+주차장,,,,,,1930-01-01,200,70,풍국제과는 일제강점기 용산에 본사와 생산공장을 두었던 제과업체로 1934년 지금의 위치에 설립하였다. 해방 이후 풍국제과는 정부에 귀속되었다가 1956년 이양구가 인수해 동양제과공업 주식회사를 설립했다. 그 후 사업확장과 함께 2001년 제과업을 중심으로 하는 오리온 그룹이 동양그룹계열에서 분리되어 오늘날의 ㈜오리온이 되었다.,02-710-6000,오리온,2025-07-25,3020000,서울특별시 용산구
전국관광지정보표준데이터,https://www.data.go.kr/data/15021141/standard.do,2025-07-25,place,용산신학교,관광지,서울특별시 용산구,서울특별시 용산구 원효로19길 49,37.53420937,126.9545934,"1892년에 세워졌으며, 프랑스인 코스트 신부가 설계, 감독 했다. 한국 최초의 신학교 건물이다.",지역 역사·관광 탐방 동화 배경,장소의 특징을 찾아보고 가족 여행 기록 남기기,5-7;8-10,관광;관광지;용산신학교;1892년에;세워졌으며;프랑스인;코스트;신부가;설계;감독;했다.;한국,용산신학교,관광지,서울특별시 용산구 원효로19길 49,서울특별시 용산구 원효로4가 1-1,690,주차장+쉼터+화장실,,,,,,2012-06-20,50,10,"1892년에 세워졌으며, 프랑스인 코스트 신부가 설계, 감독 했다. 한국 최초의 신학교 건물이다.",02-701-5501,성심수녀회,2025-07-25,3020000,서울특별시 용산구
전국관광지정보표준데이터,https://www.data.go.kr/data/15021141/standard.do,2025-11-19,place,일호광장진주역,관광지,경상남도 진주시,경상남도 진주시 진주대로879번길 18(강남동),35.17816441,128.0893466,일호광장 진주역은 2024년 대한민국 공간문화대상에서 대통령상을 수상한 철도문화공원 내 위치하고 있다. 상설 및 기획 전시를 통해 철도와 관련된 기록을 공유함으로써 과거의 흔적과 옛 감성을 느낄 수 있다.,지역 역사·관광 탐방 동화 배경,장소의 특징을 찾아보고 가족 여행 기록 남기기,5-7;8-10,관광;관광지;일호광장진주역;일호광장;진주역은;2024년;대한민국;공간문화대상에서;대통령상을;수상한;철도문화공원;내,일호광장진주역,관광지,경상남도 진주시 진주대로879번길 18(강남동),경상남도 진주시 강남동 245-110,3367,상설전시실+기획전시실+사무실+화장실,,,전시관,,,2022-05-16,30,47,일호광장 진주역은 2024년 대한민국 공간문화대상에서 대통령상을 수상한 철도문화공원 내 위치하고 있다. 상설 및 기획 전시를 통해 철도와 관련된 기록을 공유함으로써 과거의 흔적과 옛 감성을 느낄 수 있다.,055-752-9877,경상남도 진주시청,2025-11-19,5310000,경상남도 진주시
전국관광지정보표준데이터,https://www.data.go.kr/data/15021141/standard.do,2025-11-19,place,진주목공예전수관,관광지,경상남도 진주시,경상남도 진주시 명석면 광제산로 367,35.24702277,128.0417914,경남무형유산을 비롯하여 소목장의 고장으로 명석면에 위치하고 있으며 역사와 전통이 있는 진주소목의 가치를 알리고자 자체개발한 일일체험과 다양하고 전문적인 주ㆍ야간 목공 교육프로그램 및 전시실 운영으로 진주의 우수한 목공예 문화를 발전 계승한다.,지역 역사·관광 탐방 동화 배경,장소의 특징을 찾아보고 가족 여행 기록 남기기,5-7;8-10,관광;관광지;진주목공예전수관;경남무형유산을;비롯하여;소목장의;고장으로;명석면에;위치하고;있으며;역사와;전통이,진주목공예전수관,관광지,경상남도 진주시 명석면 광제산로 367,경상남도 진주시 명석면 관지리 767,10520,주차장+화장실,,,전시실+체험실,,,2018-11-12,150,46,경남무형유산을 비롯하여 소목장의 고장으로 명석면에 위치하고 있으며 역사와 전통이 있는 진주소목의 가치를 알리고자 자체개발한 일일체험과 다양하고 전문적인 주ㆍ야간 목공 교육프로그램 및 전시실 운영으로 진주의 우수한 목공예 문화를 발전 계승한다.,055-746-3633,경상남도 진주시청,2025-11-19,5310000,경상남도 진주시
전국관광지정보표준데이터,https://www.data.go.kr/data/15021141/standard.do,2025-11-19,place,진주시립이성자미술관,관광지,경상남도 진주시,경상남도 진주시 에나로 128번길 14(충무공동),35.17580996,128.1427403,"진주시립이성자미술관은 진주 출신 이성자 작가의 376점의 작품을 기증받아 2015년 7월 16일에 개관하였다. 동녘의 여대사라고 불릴 만큼 세계적인 작가였던 이성자는 여성으로서 한국 최초의 프랑스 유학을 떠났으며 동양철학으로 서양의 문화를 재해석하여 자신만의 독창적인 작업세계를 펼쳤다. 진주시는 이성자 작가의 예술적 업적과 삶을 기리기 위해 작품에 대한 연구ㆍ수집ㆍ보존ㆍ전시ㆍ교육을 운영하고 있으며 현재 진주혁신도시 영천 강변에 위치한 미술관은 “나의 미술관이 지어진다면, 강을 조망할 수 있는 곳이면 좋겠다”라는 작가의 바램을 담은 공간이다.",지역 역사·관광 탐방 동화 배경,장소의 특징을 찾아보고 가족 여행 기록 남기기,5-7;8-10,관광;관광지;진주시립이성자미술관;진주시립이성자미술관은;진주;출신;이성자;작가의;376점의;작품을;기증받아;2015년,진주시립이성자미술관,관광지,경상남도 진주시 에나로 128번길 14(충무공동),경상남도 진주시 충무공동 291,13003,"제1,2전시실+1층전시실+수유실+사무실+아트샵+교육실+화장실",,,전시관,,,2015-07-16,50,9,"진주시립이성자미술관은 진주 출신 이성자 작가의 376점의 작품을 기증받아 2015년 7월 16일에 개관하였다. 동녘의 여대사라고 불릴 만큼 세계적인 작가였던 이성자는 여성으로서 한국 최초의 프랑스 유학을 떠났으며 동양철학으로 서양의 문화를 재해석하여 자신만의 독창적인 작업세계를 펼쳤다. 진주시는 이성자 작가의 예술적 업적과 삶을 기리기 위해 작품에 대한 연구ㆍ수집ㆍ보존ㆍ전시ㆍ교육을 운영하고 있으며 현재 진주혁신도시 영천 강변에 위치한 미술관은 “나의 미술관이 지어진다면, 강을 조망할 수 있는 곳이면 좋겠다”라는 작가의 바램을 담은 공간이다.",055-749-5898,경상남도 진주시청,2025-11-19,5310000,경상남도 진주시
전국관광지정보표준데이터,https://www.data.go.kr/data/15021141/standard.do,2025-11-19,place,진주익룡발자국전시관,관광지,경상남도 진주시,경상남도 진주시 영천강로68번길 22(충무공동),35.1686382,128.1396863,천연기념물 진주 충무공동 익룡 새 공룡발자국 화석산지에 건립된 박물관으로 1억여년전 살았던 익룡을 비롯한 많은 생명체들의 흔적들이 화석으로 남아있다. 화석산지 현장이 그대로 보존된 보호각과 경남진주혁신도시 조성공사 중 발굴된 화석이 전시되어 있으며 화석과 관련된 다양한 체험이 마련되어 있어 가족 모두가 보고 즐길 수 있다.,지역 역사·관광 탐방 동화 배경,장소의 특징을 찾아보고 가족 여행 기록 남기기,5-7;8-10,관광;관광지;진주익룡발자국전시관;천연기념물;진주;충무공동;익룡;새;공룡발자국;화석산지에;건립된;박물관으로,진주익룡발자국전시관,관광지,경상남도 진주시 영천강로68번길 22(충무공동),경상남도 진주시 충무공동 136,10124,전시실+보호각+교육영상관+사무실+휴게음식점+체험활동존+수유실+화장실,,,전시관,,,2019-11-19,50,33,천연기념물 진주 충무공동 익룡 새 공룡발자국 화석산지에 건립된 박물관으로 1억여년전 살았던 익룡을 비롯한 많은 생명체들의 흔적들이 화석으로 남아있다. 화석산지 현장이 그대로 보존된 보호각과 경남진주혁신도시 조성공사 중 발굴된 화석이 전시되어 있으며 화석과 관련된 다양한 체험이 마련되어 있어 가족 모두가 보고 즐길 수 있다.,055-749-7401,경상남도 진주시청,2025-11-19,5310000,경상남도 진주시
전국관광지정보표준데이터,https://www.data.go.kr/data/15021141/standard.do,2025-11-19,place,진주청동기문화박물관,관광지,경상남도 진주시,경상남도 진주시 대평면 호반로 1353,35.22437983,127.9619637,남강댐 확장에 따라 수몰된 국내 청동기시대 최대 유적지인 대평마을에 만들어진 청동기시대 전문박물관으로 상설전시관과 기획전시관ㆍ입체영상관과 야외전시장ㆍ수변산책로 및 물놀이 시설 등을 갖추고 있다.,지역 역사·관광 탐방 동화 배경,장소의 특징을 찾아보고 가족 여행 기록 남기기,5-7;8-10,관광;관광지;진주청동기문화박물관;남강댐;확장에;따라;수몰된;국내;청동기시대;최대;유적지인;대평마을에,진주청동기문화박물관,관광지,경상남도 진주시 대평면 호반로 1353,경상남도 진주시 대평면 대평리 706-5,27373,주차장+화장실,,,바닥물놀이시설+카페,,,2009-06-11,300,80,남강댐 확장에 따라 수몰된 국내 청동기시대 최대 유적지인 대평마을에 만들어진 청동기시대 전문박물관으로 상설전시관과 기획전시관ㆍ입체영상관과 야외전시장ㆍ수변산책로 및 물놀이 시설 등을 갖추고 있다.,055-749-5172,경상남도 진주시청,2025-11-19,5310000,경상남도 진주시
전국관광지정보표준데이터,https://www.data.go.kr/data/15021141/standard.do,2025-11-19,place,진주남강유등전시관,관광지,경상남도 진주시,경상남도 진주시 망경로 207,35.1818005936,128.0772058,진주를 대표·상징하는 유등을 주제로 한 다양한 전시와 프로그램을 운영하고 야외 옥외정원에 유등을 상시 전시하여 관람객들이 예술과 소통할 수 있는 공간으로 자리잡고 있다.,지역 역사·관광 탐방 동화 배경,장소의 특징을 찾아보고 가족 여행 기록 남기기,5-7;8-10,관광;관광지;진주남강유등전시관;진주를;대표·상징하는;유등을;주제로;한;다양한;전시와;프로그램을;운영하고,진주남강유등전시관,관광지,경상남도 진주시 망경로 207,경상남도 진주시 망경동 183,2761,상설전시실+기획전시실+사무실+체험활동존+수유실+화장실,,,전시관+카페,,,2023-10-05,500,30,진주를 대표·상징하는 유등을 주제로 한 다양한 전시와 프로그램을 운영하고 야외 옥외정원에 유등을 상시 전시하여 관람객들이 예술과 소통할 수 있는 공간으로 자리잡고 있다.,055-762-8583,경상남도 진주시청,2025-11-19,5310000,경상남도 진주시
전국관광지정보표준데이터,https://www.data.go.kr/data/15021141/standard.do,2025-11-19,place,진주실크박물관,관광지,경상남도 진주시,경상남도 진주시 문산읍 월아산로 994,35.159879128,128.164800,"실크산업 가치를 보존하는 국내 유일의 기념비적 공간으로, 100년 전통 진주 실크산업의 역사적ㆍ문화적 가치 보존",지역 역사·관광 탐방 동화 배경,장소의 특징을 찾아보고 가족 여행 기록 남기기,5-7;8-10,관광;관광지;진주실크박물관;실크산업;가치를;보존하는;국내;유일의;기념비적;공간으로;100년;전통,진주실크박물관,관광지,경상남도 진주시 문산읍 월아산로 994,경상남도 진주시 문산읍 삼곡리 1672-2,2931,상설전시실+기획전시실+사무실+체험교육실+수유실+화장실,,,박물관+카페,,,2025-11-06,300,30,"실크산업 가치를 보존하는 국내 유일의 기념비적 공간으로, 100년 전통 진주 실크산업의 역사적ㆍ문화적 가치 보존",055-749-5972,경상남도 진주시청,2025-11-19,5310000,경상남도 진주시
전국관광지정보표준데이터,https://www.data.go.kr/data/15021141/standard.do,2025-11-19,place,진주대첩역사공원,관광지,경상남도 진주시,경상남도 진주시 논개길 7,35.190252764,128.0838567554,"임진왜란 진주대첩 기념과 호국충절의 고장인 진주의 얼을 기리고, 국난 극복의 역사 현장을 관광 자원화하기 위해 조성된 곳으로 여러 시대를 걸쳐 역사적 가치를 보존하고 있는 공간인 만큼 다채로운 문화를 품은 복합 유적지로 자리 잡고 있다",지역 역사·관광 탐방 동화 배경,장소의 특징을 찾아보고 가족 여행 기록 남기기,5-7;8-10,관광;관광지;진주대첩역사공원;임진왜란;진주대첩;기념과;호국충절의;고장인;진주의;얼을;기리고;국난,진주대첩역사공원,관광지,경상남도 진주시 논개길 7,경상남도 진주시 본성동 10-4,19870,화장실(3개소)+진주관광안내소+하모스토어+하모카페+진주성촉석문매표소,,,전시관+카페,,,2024-09-27,600,149,"임진왜란 진주대첩 기념과 호국충절의 고장인 진주의 얼을 기리고, 국난 극복의 역사 현장을 관광 자원화하기 위해 조성된 곳으로 여러 시대를 걸쳐 역사적 가치를 보존하고 있는 공간인 만큼 다채로운 문화를 품은 복합 유적지로 자리 잡고 있다",055-749-5171,경상남도 진주시청,2025-11-19,5310000,경상남도 진주시
전국관광지정보표준데이터,https://www.data.go.kr/data/15021141/standard.do,2025-11-18,place,내원사계곡(내원사),관광지,경상남도 양산시,경상남도 양산시 하북면 내원로 207,35.44578536,129.1104508,내원사 아래 울창한 숲 사이로 흐르는 이 계곡은 예로부터 소금강 또는 제2의 금강산으로 불릴만큼 자연경관이 빼어난 곳으로 계곡 곳곳에 독특한 바위가 특징이다.,지역 역사·관광 탐방 동화 배경,장소의 특징을 찾아보고 가족 여행 기록 남기기,5-7;8-10,관광;관광지;내원사계곡(내원사);내원사;아래;울창한;숲;사이로;흐르는;이;계곡은;예로부터,내원사계곡(내원사),관광지,경상남도 양산시 하북면 내원로 207,경상남도 양산시 하북면 용연리 291,13221,주차장+화장실+관광안내소,,,,,,2000-01-01,5000,300,내원사 아래 울창한 숲 사이로 흐르는 이 계곡은 예로부터 소금강 또는 제2의 금강산으로 불릴만큼 자연경관이 빼어난 곳으로 계곡 곳곳에 독특한 바위가 특징이다.,055-374-6466,내원사,2025-11-18,5380000,경상남도 양산시
전국관광지정보표준데이터,https://www.data.go.kr/data/15021141/standard.do,2025-11-18,place,대운산자연휴양림,관광지,경상남도 양산시,경상남도 양산시 탑골길 270,35.41784975,129.2088996,대운산 서북쪽 자락에 위치하여 깊고 웅장하면서도 물이 맑아 고요한 숲의 분위기를 느끼며 자연에서의 특별한 하루를 보낼 수 있는 휴양처다.,지역 역사·관광 탐방 동화 배경,장소의 특징을 찾아보고 가족 여행 기록 남기기,5-7;8-10,관광;관광지;대운산자연휴양림;대운산;서북쪽;자락에;위치하여;깊고;웅장하면서도;물이;맑아;고요한,대운산자연휴양림,관광지,경상남도 양산시 탑골길 270,경상남도 양산시 용당동 산66-1,2400000,주차장+화장실+관리사무소,,,,,,2009-07-01,650,192,대운산 서북쪽 자락에 위치하여 깊고 웅장하면서도 물이 맑아 고요한 숲의 분위기를 느끼며 자연에서의 특별한 하루를 보낼 수 있는 휴양처다.,055-379-8670,양산시시설관리공단,2025-11-18,5380000,경상남도 양산시
전국관광지정보표준데이터,https://www.data.go.kr/data/15021141/standard.do,2025-11-18,place,법기수원지,관광지,경상남도 양산시,경상남도 양산시 동면 법기로 198-13,35.34825271,129.1079758,부산 금정구 일원의 식수원 역할을 하는 상수원으로 가장 오래된 파란 취수탑이 있으며 청정한 자연과 수려한 풍광을 자랑한다.,지역 역사·관광 탐방 동화 배경,장소의 특징을 찾아보고 가족 여행 기록 남기기,5-7;8-10,관광;관광지;법기수원지;부산;금정구;일원의;식수원;역할을;하는;상수원으로;가장;오래된,법기수원지,관광지,경상남도 양산시 동면 법기로 198-13,경상남도 양산시 동면 법기리 332,680000,화장실+관리사무소,,,,,,2010-07-01,20000,110,부산 금정구 일원의 식수원 역할을 하는 상수원으로 가장 오래된 파란 취수탑이 있으며 청정한 자연과 수려한 풍광을 자랑한다.,055-392-5379,부산명장정수사업소,2025-11-18,5380000,경상남도 양산시
전국관광지정보표준데이터,https://www.data.go.kr/data/15021141/standard.do,2025-11-10,place,문동휴양지,관광지,경상남도 거제시,경상남도 거제시 문동동 산 8,34.85648266,128.6628354,문동폭포와 함께 우그러진 숲，시원한 바람을 느낄 수 있는 도심 속 휴양지이다,지역 역사·관광 탐방 동화 배경,장소의 특징을 찾아보고 가족 여행 기록 남기기,5-7;8-10,관광;관광지;문동휴양지;문동폭포와;함께;우그러진;숲，시원한;바람을;느낄;수;있는;도심,문동휴양지,관광지,,경상남도 거제시 문동동 산 8,7421.58,화장실,,,,,,1999-05-20,250,50,문동폭포와 함께 우그러진 숲，시원한 바람을 느낄 수 있는 도심 속 휴양지이다,055-639-4183,경상남도 거제시청,2025-11-10,5370000,경상남도 거제시
전국관광지정보표준데이터,https://www.data.go.kr/data/15021141/standard.do,2025-07-08,place,칠백의총,관광지,충청남도 금산군,충청남도 금산군 금성면 의총길 50,36.12942797,127.492435,임진왜란(1592) 당시 1만 5천의 왜군과 싸우다가 수적 열세였지만 적에게 큰 타격을 입히고 장렬히 전사한 700 의승병들의 유해를 모신 호국영령의 성지이다,지역 역사·관광 탐방 동화 배경,장소의 특징을 찾아보고 가족 여행 기록 남기기,5-7;8-10,관광;관광지;칠백의총;임진왜란(1592);당시;1만;5천의;왜군과;싸우다가;수적;열세였지만;적에게,칠백의총,관광지,충청남도 금산군 금성면 의총길 50,충청남도 금산군 금성면 의총리 216,135693,관리사무소+화장실(5동)+주차장,,,기념관+칠백의사순의탑+종용사,,,1963-01-21,4600,116,임진왜란(1592) 당시 1만 5천의 왜군과 싸우다가 수적 열세였지만 적에게 큰 타격을 입히고 장렬히 전사한 700 의승병들의 유해를 모신 호국영령의 성지이다,041-753-8701,문화재청칠백의총관리사무소,2025-07-08,4550000,충청남도 금산군
전국관광지정보표준데이터,https://www.data.go.kr/data/15021141/standard.do,2025-07-08,place,태고사,관광지,충청남도 금산군,충청남도 금산군 진산면 청림동로 440,36.13440357,127.3251004,대둔산 최고봉 마천대 다음 제2봉우리 낙조대 아래 동북쪽에 자리 잡고 있는 금산의 고찰이다.,지역 역사·관광 탐방 동화 배경,장소의 특징을 찾아보고 가족 여행 기록 남기기,5-7;8-10,관광;관광지;태고사;대둔산;최고봉;마천대;다음;제2봉우리;낙조대;아래;동북쪽에;자리,태고사,관광지,충청남도 금산군 진산면 청림동로 440,충청남도 금산군 진산면 행정리 512-1,3100,관리사무소+화장실(2동),,,대웅전,,,1984-05-17,150,30,대둔산 최고봉 마천대 다음 제2봉우리 낙조대 아래 동북쪽에 자리 잡고 있는 금산의 고찰이다.,041-750-2293,충청남도 금산군청,2025-07-08,4550000,충청남도 금산군
전국관광지정보표준데이터,https://www.data.go.kr/data/15021141/standard.do,2025-07-08,place,개삼터,관광지,충청남도 금산군,충청남도 금산군 남이면 개삼로 101,36.07533917,127.4783939,신비의 영약 인삼의 시배지,지역 역사·관광 탐방 동화 배경,장소의 특징을 찾아보고 가족 여행 기록 남기기,5-7;8-10,관광;관광지;개삼터;신비의;영약;인삼의;시배지,개삼터,관광지,충청남도 금산군 남이면 개삼로 101,충청남도 금산군 남이면 성곡리 826,18405,화장실(1동)+주차장,,,개삼각,,,2018-02-20,500,37,신비의 영약 인삼의 시배지,041-750-2273,충청남도 금산군청,2025-07-08,4550000,충청남도 금산군
전국관광지정보표준데이터,https://www.data.go.kr/data/15021141/standard.do,2025-11-18,place,황산공원,관광지,경상남도 양산시,경상남도 양산시 물금읍 황산공원5길 13,35.30173083,128.9895949,"낙동강을 따라 조성된 양산의 대표 도심 속 자연친화적인 수변공원으로 체육시설, 캠핑장, 자전거길, 산책로 등 다양한 공간이 있어 시민들의 휴식처가 되고 있다.",지역 역사·관광 탐방 동화 배경,장소의 특징을 찾아보고 가족 여행 기록 남기기,5-7;8-10,관광;관광지;황산공원;낙동강을;따라;조성된;양산의;대표;도심;속;자연친화적인;수변공원으로,황산공원,관광지,경상남도 양산시 물금읍 황산공원5길 13,경상남도 양산시 물금읍 물금리 162-1,1873000,주차장+화장실+해설사의 집,,,,,,2000-01-01,20000,1000,"낙동강을 따라 조성된 양산의 대표 도심 속 자연친화적인 수변공원으로 체육시설, 캠핑장, 자전거길, 산책로 등 다양한 공간이 있어 시민들의 휴식처가 되고 있다.",055-392-2823,경상남도 양산시청,2025-11-18,5380000,경상남도 양산시
전국관광지정보표준데이터,https://www.data.go.kr/data/15021141/standard.do,2025-11-13,place,치산관광지,관광지,경상북도 영천시,경상북도 영천시 신녕면 신암길 17,36.04693281,128.712821,"수려하고 맑은물이 흐르는 치산계곡이 있어 여름철 30,000명 이상이 찾는 관광명소임",지역 역사·관광 탐방 동화 배경,장소의 특징을 찾아보고 가족 여행 기록 남기기,5-7;8-10,관광;관광지;치산관광지;수려하고;맑은물이;흐르는;치산계곡이;있어;여름철;30;000명;이상이,치산관광지,관광지,경상북도 영천시 신녕면 신암길 17,경상북도 영천시 신녕면 치산리 1344-3,270000,공용화장실+공영주차장,캐라반 6인용+캐빈하우스+캐라반 8인용,족구장,치산캠핑장,소공연장,전용숙소,1990-12-31,1124,281,"수려하고 맑은물이 흐르는 치산계곡이 있어 여름철 30,000명 이상이 찾는 관광명소임",054-330-6582,경상북도 영천시청,2025-11-13,5100000,경상북도 영천시
전국관광지정보표준데이터,https://www.data.go.kr/data/15021141/standard.do,2025-11-10,place,맹종죽테마공원,관광지,경상남도 거제시,경상남도 거제시 하청면 거제북로 700,34.967708,128.650512,맹종죽을 이용한 창조적 활용과 보존을 통하여 죽림욕을 이용한 치유，바다경관과 환경예술을 접목한 경관치유，맹족죽을 이용한 체험놀이치유가 가능한 죽림테라피 공간입니다.,지역 역사·관광 탐방 동화 배경,장소의 특징을 찾아보고 가족 여행 기록 남기기,5-7;8-10,관광;관광지;맹종죽테마공원;맹종죽을;이용한;창조적;활용과;보존을;통하여;죽림욕을;치유，바다경관과;환경예술을,맹종죽테마공원,관광지,경상남도 거제시 하청면 거제북로 700,경상남도 거제시 하청면 실전리 880-3,40215,화장실,,서바이벌 체험장,맹종족 숲체험,안내소,,2000-10-01,1000,20,맹종죽을 이용한 창조적 활용과 보존을 통하여 죽림욕을 이용한 치유，바다경관과 환경예술을 접목한 경관치유，맹족죽을 이용한 체험놀이치유가 가능한 죽림테라피 공간입니다.,055-637-0067,경상남도 거제시청,2025-11-10,5370000,경상남도 거제시
전국관광지정보표준데이터,https://www.data.go.kr/data/15021141/standard.do,2025-11-10,place,거제박물관,관광지,경상남도 거제시,경상남도 거제시 거제대로 3791(옥포동),34.894071,128.686203,거제의 역사와 자료를 수집，정리，연구전시하고 있는 비영리 법인인 거제 문화재단의 사업기관,지역 역사·관광 탐방 동화 배경,장소의 특징을 찾아보고 가족 여행 기록 남기기,5-7;8-10,관광;관광지;거제박물관;거제의;역사와;자료를;수집，정리，연구전시하고;있는;비영리;법인인;거제;문화재단의,거제박물관,관광지,경상남도 거제시 거제대로 3791(옥포동),경상남도 거제시 옥포동 1565,899.16,화장실,,,전시실,안내소,,1991-12-21,200,10,거제의 역사와 자료를 수집，정리，연구전시하고 있는 비영리 법인인 거제 문화재단의 사업기관,055-687-6790,거제박물관,2025-11-10,5370000,경상남도 거제시
전국관광지정보표준데이터,https://www.data.go.kr/data/15021141/standard.do,2025-11-10,place,거제시농업개발원,관광지,경상남도 거제시,경상남도 거제시 거제면 거제남서로 3577,34.856464,128.579187,지역실정에 맞는 농업기술과 지역소득작물을 연구개발 보급하여 농업인의 소득을 높이고，도시민에게는 농업 현장체험과 사계절 꽃 및 난지식물을 만날 수 있는 농업테마공원,지역 역사·관광 탐방 동화 배경,장소의 특징을 찾아보고 가족 여행 기록 남기기,5-7;8-10,관광;관광지;거제시농업개발원;지역실정에;맞는;농업기술과;지역소득작물을;연구개발;보급하여;농업인의;소득을;높이고，도시민에게는,거제시농업개발원,관광지,경상남도 거제시 거제면 거제남서로 3577,경상남도 거제시 거제면 서정리 855-9,58904.67,화장실,,,전시실,안내소,,1992-03-01,3000,50,지역실정에 맞는 농업기술과 지역소득작물을 연구개발 보급하여 농업인의 소득을 높이고，도시민에게는 농업 현장체험과 사계절 꽃 및 난지식물을 만날 수 있는 농업테마공원,055-639-6421,거제시농업개발원,2025-11-10,5370000,경상남도 거제시
전국관광지정보표준데이터,https://www.data.go.kr/data/15021141/standard.do,2025-11-10,place,거제요트학교,관광지,경상남도 거제시,경상남도 거제시 일운면 지세포해안로 41,34.833694,128.701885,요트 산업의 활성화와 해양레저 스포츠 인구의 저변 확대는 물론 요트，윈드서핑을 비롯한 해양레저 스포츠의 철저한 교육 등 요트인구 저변 확대,지역 역사·관광 탐방 동화 배경,장소의 특징을 찾아보고 가족 여행 기록 남기기,5-7;8-10,관광;관광지;거제요트학교;요트;산업의;활성화와;해양레저;스포츠;인구의;저변;확대는;물론,거제요트학교,관광지,경상남도 거제시 일운면 지세포해안로 41,경상남도 거제시 일운면 지세포리 929-88,174,화장실,,,,안내소,,2004-05-25,250,25,요트 산업의 활성화와 해양레저 스포츠 인구의 저변 확대는 물론 요트，윈드서핑을 비롯한 해양레저 스포츠의 철저한 교육 등 요트인구 저변 확대,055-682-1100,경상남도 거제시청,2025-11-10,5370000,경상남도 거제시
전국관광지정보표준데이터,https://www.data.go.kr/data/15021141/standard.do,2025-11-10,place,거제자연휴양림,관광지,경상남도 거제시,경상남도 거제시 동부면 거제중앙로 325,34.785699,128.625943,동부면 구천리 노자산 해발 565M 위치에 120ha 면적에 설치되었으며，산 정상에 전망대가 설치되어 거제전역과 한려해상국립공원의 크고 작은 섬들과 기암절병의 해안선을 관망할 수 있는 가족단위 휴양객들이 많이 찾고 있다,지역 역사·관광 탐방 동화 배경,장소의 특징을 찾아보고 가족 여행 기록 남기기,5-7;8-10,관광;관광지;거제자연휴양림;동부면;구천리;노자산;해발;565M;위치에;120ha;면적에;설치되었으며，산,거제자연휴양림,관광지,경상남도 거제시 동부면 거제중앙로 325,경상남도 거제시 동부면 구천리 산103,1200000,화장실+ 샤워장+ 취사장,야영데크+ 숲속의집(펜션)+ 수련장,족구장,등산로+산책로,안내소,,1993-01-01,2000,50,동부면 구천리 노자산 해발 565M 위치에 120ha 면적에 설치되었으며，산 정상에 전망대가 설치되어 거제전역과 한려해상국립공원의 크고 작은 섬들과 기암절병의 해안선을 관망할 수 있는 가족단위 휴양객들이 많이 찾고 있다,055-639-8115,경상남도 거제시 거제해양관광개발공사,2025-11-10,5370000,경상남도 거제시
전국관광지정보표준데이터,https://www.data.go.kr/data/15021141/standard.do,2025-11-10,place,계도어촌체험마을,관광지,경상남도 거제시,경상남도 거제시 사등면 가조로 837,34.974872,128.517512,가조도의 서북쪽에 위치 앞 바다에 닭모양의 닭섬이 있어 계도마을이라 하였다. 주요 특산물로는 미더덕 젓갈，미더덕，마른멸치，건홍합이 있다.,지역 역사·관광 탐방 동화 배경,장소의 특징을 찾아보고 가족 여행 기록 남기기,5-7;8-10,관광;관광지;계도어촌체험마을;가조도의;서북쪽에;위치;앞;바다에;닭모양의;닭섬이;있어;계도마을이라,계도어촌체험마을,관광지,경상남도 거제시 사등면 가조로 837,경상남도 거제시 사등면 창호리 1070-14,516.32,화장실+ 샤워장+ 취사장,,,,안내소,,2007-10-01,100,10,가조도의 서북쪽에 위치 앞 바다에 닭모양의 닭섬이 있어 계도마을이라 하였다. 주요 특산물로는 미더덕 젓갈，미더덕，마른멸치，건홍합이 있다.,055-632-2515,경상남도 거제시청,2025-11-10,5370000,경상남도 거제시
전국관광지정보표준데이터,https://www.data.go.kr/data/15021141/standard.do,2025-11-10,place,다대어촌체험마을,관광지,경상남도 거제시,경상남도 거제시 남부면 다대5길 11,34.73449995,128.630513,남부면 다대리에 위치한 다대마을로서 갯벌체험을 할 수 있다.,지역 역사·관광 탐방 동화 배경,장소의 특징을 찾아보고 가족 여행 기록 남기기,5-7;8-10,관광;관광지;다대어촌체험마을;남부면;다대리에;위치한;다대마을로서;갯벌체험을;할;수;있다.,다대어촌체험마을,관광지,경상남도 거제시 남부면 다대5길 11,경상남도 거제시 남부면 다대리 424,6143.9,화장실+ 샤워장+ 취사장,,,,,,2007-10-01,100,10,남부면 다대리에 위치한 다대마을로서 갯벌체험을 할 수 있다.,055-632-7506,경상남도 거제시청,2025-11-10,5370000,경상남도 거제시
전국관광지정보표준데이터,https://www.data.go.kr/data/15021141/standard.do,2025-11-10,place,도장포어촌체험마을,관광지,경상남도 거제시,경상남도 거제시 남부면 도장포1길 76,34.743449,128.662475,도장포 마을 인근에는 신선대와 바람의 언덕이 있다. 아름다운 풍경으로 새롭게 각광받고 있는 관광지로 연인들에게 인기 만점이다.,지역 역사·관광 탐방 동화 배경,장소의 특징을 찾아보고 가족 여행 기록 남기기,5-7;8-10,관광;관광지;도장포어촌체험마을;도장포;마을;인근에는;신선대와;바람의;언덕이;있다.;아름다운;풍경으로,도장포어촌체험마을,관광지,경상남도 거제시 남부면 도장포1길 76,경상남도 거제시 남부면 갈곶리 292-13,928.12,화장실+ 샤워장+ 취사장,,,,,,2007-10-01,200,78,도장포 마을 인근에는 신선대와 바람의 언덕이 있다. 아름다운 풍경으로 새롭게 각광받고 있는 관광지로 연인들에게 인기 만점이다.,055-638-2202,경상남도 거제시청,2025-11-10,5370000,경상남도 거제시
전국관광지정보표준데이터,https://www.data.go.kr/data/15021141/standard.do,2024-11-14,place,죽녹원,관광지,전라남도 담양군,전라남도 담양군 담양읍 죽녹원로 119,35.32535666,126.9866155,"2003년 5월에 조성하여 약 31만㎡의 울창한 대나무숲이 펼쳐져 있음. 죽림욕을 즐길수 있는 2.4km의 산책로가 있으며, 가사문학의 산실 담양의 정자문화를 대표하는 6정자를 재현하하고, 밤에는 별을 보며 한옥을 체험할 수 있는 공간이 조성되어있음",지역 역사·관광 탐방 동화 배경,장소의 특징을 찾아보고 가족 여행 기록 남기기,5-7;8-10,관광;관광지;죽녹원;2003년;5월에;조성하여;약;31만㎡의;울창한;대나무숲이;펼쳐져;있음.,죽녹원,관광지,전라남도 담양군 담양읍 죽녹원로 119,전라남도 담양군 담양읍 향교리 산37-6,310238,관리사무소+공중화장실+전망대+정자,한옥체험장(12객실),어린이놀이터,조경 및 휴게시설+생태전시관(이이남아트센터),향교죽녹원+죽녹원식당,,2000-01-02,3800,70,"2003년 5월에 조성하여 약 31만㎡의 울창한 대나무숲이 펼쳐져 있음. 죽림욕을 즐길수 있는 2.4km의 산책로가 있으며, 가사문학의 산실 담양의 정자문화를 대표하는 6정자를 재현하하고, 밤에는 별을 보며 한옥을 체험할 수 있는 공간이 조성되어있음",061-380-2782,전라남도 담양군 산림정원과(대숲정원팀),2024-11-14,4850000,전라남도 담양군
전국관광지정보표준데이터,https://www.data.go.kr/data/15021141/standard.do,2024-11-14,place,메타세쿼이아랜드,관광지,전라남도 담양군,전라남도 담양군 담양읍 학동리 578-4,35.32342607,127.001993,"아름다운 숲 전국대회 부문 대상등 3회 수상에 빛나는 메타세쿼이아 길은 현재 메타세쿼이아 랜드로 조례개정하여 메타세쿼이아 길 외 어린이프로방스, 호남기후변화체험관, 개구리생태공원, 에코허브센터, 곤충박물관, 카페테리아 등 유원시설을 운영 및 공사 중이다. 메타세쿼이아 길을 사색하며 걷는것 외에도 체험 및 어린이를 위한 시설확충으로 담양을 대표하는 유원지 중 하나임",지역 역사·관광 탐방 동화 배경,장소의 특징을 찾아보고 가족 여행 기록 남기기,5-7;8-10,관광;관광지;메타세쿼이아랜드;아름다운;숲;전국대회;부문;대상등;3회;수상에;빛나는;메타세쿼이아,메타세쿼이아랜드,관광지,,전라남도 담양군 담양읍 학동리 578-4,117998,메타세쿼이아길 L=2.1km+어린이프로방스+영화세트장+개구리생태공원+에코허브센터+호남기후변화체험관+매표소 3개소+검표소 6개소+쉼터 2개소+화장실 4개소,메종드프로방스+담양프로방스펜션,어린이프로방스+카페테리아+곤충박물관,조경 및 휴게시설,명가정+담양갈비창고,,2010-01-13,1400,2000,"아름다운 숲 전국대회 부문 대상등 3회 수상에 빛나는 메타세쿼이아 길은 현재 메타세쿼이아 랜드로 조례개정하여 메타세쿼이아 길 외 어린이프로방스, 호남기후변화체험관, 개구리생태공원, 에코허브센터, 곤충박물관, 카페테리아 등 유원시설을 운영 및 공사 중이다. 메타세쿼이아 길을 사색하며 걷는것 외에도 체험 및 어린이를 위한 시설확충으로 담양을 대표하는 유원지 중 하나임",061-380-3161,전라남도 담양군 관광과(관광시설팀),2024-11-14,4850000,전라남도 담양군
전국관광지정보표준데이터,https://www.data.go.kr/data/15021141/standard.do,2024-11-14,place,소쇄원,관광지,전라남도 담양군,전라남도 담양군 가사문학면 소쇄원길 17,35.18433903,127.0121793,"1983년 7월 20일 사적 제304호로 지정되었다가 2008년 5월 2일 명승 제40호로 변경되었다. 전체 면적은 4,060㎡(지정구역), 118,866㎡(보호구역)이다. 이곳은 물이 흘러내리는 계곡을 사이에 두고 각 건물을 지어 자연과 인공이 조화를 이루는 대표적 정원이다.",지역 역사·관광 탐방 동화 배경,장소의 특징을 찾아보고 가족 여행 기록 남기기,5-7;8-10,관광;관광지;소쇄원;1983년;7월;20일;사적;제304호로;지정되었다가;2008년;5월;2일,소쇄원,관광지,전라남도 담양군 가사문학면 소쇄원길 17,전라남도 담양군 가사문학면 지곡리 123,4060,관리사무소(매표소),,,조경 및 휴게시설,대가,,2008-05-02,600,90,"1983년 7월 20일 사적 제304호로 지정되었다가 2008년 5월 2일 명승 제40호로 변경되었다. 전체 면적은 4,060㎡(지정구역), 118,866㎡(보호구역)이다. 이곳은 물이 흘러내리는 계곡을 사이에 두고 각 건물을 지어 자연과 인공이 조화를 이루는 대표적 정원이다.",061-380-2819,전라남도 담양군 문화체육과(문화재팀),2024-11-14,4850000,전라남도 담양군
전국관광지정보표준데이터,https://www.data.go.kr/data/15021141/standard.do,2024-11-14,place,한국대나무박물관,관광지,전라남도 담양군,전라남도 담양군 담양읍 죽향문화로 35,35.30934367,126.9764088,"1981년에 죽물박물관이 개관된 후 전국 유일의 죽제품 주산지로서 보존, 전시, 시연, 판매 등 종합기능을 수행할 공간을 갖추어 대나무공예문화 전통 계승과 대나무공예 진흥의 계기를 마련하고자 1998년에 현재의 위치에 확장 이전하여 2003년에 한국대나무박물관으로 명칭을 변경하여 운영",지역 역사·관광 탐방 동화 배경,장소의 특징을 찾아보고 가족 여행 기록 남기기,5-7;8-10,관광;관광지;한국대나무박물관;1981년에;죽물박물관이;개관된;후;전국;유일의;죽제품;주산지로서;보존,한국대나무박물관,관광지,전라남도 담양군 담양읍 죽향문화로 35,전라남도 담양군 담양읍 천변리 401-1,3300,관리사무소(매표소),,,조경 및 휴게시설,박물관앞집,,1991-06-27,260,150,"1981년에 죽물박물관이 개관된 후 전국 유일의 죽제품 주산지로서 보존, 전시, 시연, 판매 등 종합기능을 수행할 공간을 갖추어 대나무공예문화 전통 계승과 대나무공예 진흥의 계기를 마련하고자 1998년에 현재의 위치에 확장 이전하여 2003년에 한국대나무박물관으로 명칭을 변경하여 운영",061-380-2902,전라남도 담양군 공공시설사업소(한국대나무박물관팀),2024-11-14,4850000,전라남도 담양군
전국관광지정보표준데이터,https://www.data.go.kr/data/15021141/standard.do,2024-11-14,place,한국가사문학관,관광지,전라남도 담양군,전라남도 담양군 가사문학면 가사문학로 877,35.18796216,127.0054858,"가사문학 관련 문화유산의 전승, 보전과 현대적 계승, 발전을 위하여 2000년 10월 완공. 1만 6,556㎡의 부지에 2,022㎡ 규모의 한옥형 본관과 기획전시실(갤러리), 자미정, 세심정, 토산품전시장, 전통찻집 등의 부대시설을 갖추고 있음",지역 역사·관광 탐방 동화 배경,장소의 특징을 찾아보고 가족 여행 기록 남기기,5-7;8-10,관광;관광지;한국가사문학관;가사문학;관련;문화유산의;전승;보전과;현대적;계승;발전을;위하여,한국가사문학관,관광지,전라남도 담양군 가사문학면 가사문학로 877,전라남도 담양군 가사문학면 지곡리 319,2022,한옥형 본관+매표소+화장실,,,기획전시실(갤러리)+자미정+세심정+토산품전시장+전통찻집,대가,,2018-04-11,250,90,"가사문학 관련 문화유산의 전승, 보전과 현대적 계승, 발전을 위하여 2000년 10월 완공. 1만 6,556㎡의 부지에 2,022㎡ 규모의 한옥형 본관과 기획전시실(갤러리), 자미정, 세심정, 토산품전시장, 전통찻집 등의 부대시설을 갖추고 있음",061-380-2702,전라남도 담양군 문화체육과(한국가사문학관팀),2024-11-14,4850000,전라남도 담양군
전국관광지정보표준데이터,https://www.data.go.kr/data/15021141/standard.do,2024-11-14,place,슬로시티삼지내마을,관광지,전라남도 담양군,전라남도 담양군 창평면 돌담길 56-24,35.23522516,127.0178498,"담양은 예로부터의 고택이 많이 남아 있으며 아직도 인근에 문화재가 많이 있다. 도심 인근의 농촌인데도 전통문화가 많이 남아 있어 현대와 전통이 조화를 이루고 있는 대표적 마을이기도 하다. 특히 삼지천 마을의 고택, 한옥마을에 펼쳐진 돌담길에서의 여유로운 산책은 방문객들의 슬로라이프 체험의 장이기도 하다.",지역 역사·관광 탐방 동화 배경,장소의 특징을 찾아보고 가족 여행 기록 남기기,5-7;8-10,관광;관광지;슬로시티삼지내마을;담양은;예로부터의;고택이;많이;남아;있으며;아직도;인근에;문화재가,슬로시티삼지내마을,관광지,전라남도 담양군 창평면 돌담길 56-24,전라남도 담양군 창평면 창평리 113-1,15680,관리사무소+공중화장실,돌담집 민박+한옥애+하심당,,,약초밥상,,2007-12-01,470,300,"담양은 예로부터의 고택이 많이 남아 있으며 아직도 인근에 문화재가 많이 있다. 도심 인근의 농촌인데도 전통문화가 많이 남아 있어 현대와 전통이 조화를 이루고 있는 대표적 마을이기도 하다. 특히 삼지천 마을의 고택, 한옥마을에 펼쳐진 돌담길에서의 여유로운 산책은 방문객들의 슬로라이프 체험의 장이기도 하다.",061-380-3159,전라남도 담양군 관광과(슬로시티팀),2024-11-14,4850000,전라남도 담양군
전국관광지정보표준데이터,https://www.data.go.kr/data/15021141/standard.do,2024-10-31,place,인천도호부청사,관광지,인천광역시 미추홀구,인천광역시 미추홀구 매소홀로 589,37.4393787,126.6868134,조선시대 행정기관의 하나로 상급기관인 목(牧)과 하급기관인 군(郡) · 현(縣) 사이에서 행정을 담당했던 관청,지역 역사·관광 탐방 동화 배경,장소의 특징을 찾아보고 가족 여행 기록 남기기,5-7;8-10,관광;관광지;인천도호부청사;조선시대;행정기관의;하나로;상급기관인;목(牧)과;하급기관인;군(郡);·;현(縣),인천도호부청사,관광지,인천광역시 미추홀구 매소홀로 589,인천광역시 미추홀구 문학동 349-2,9103,관리사무소+화장실+주차장,,,,,,2001-10-14,3000,50,조선시대 행정기관의 하나로 상급기관인 목(牧)과 하급기관인 군(郡) · 현(縣) 사이에서 행정을 담당했던 관청,032-422-3492,인천광역시청,2024-10-31,3510500,인천광역시 미추홀구
전국관광지정보표준데이터,https://www.data.go.kr/data/15021141/standard.do,2024-11-19,place,순천만국가정원,관광지,전라남도 순천시,전라남도 순천시 국가정원1호길 47,34.92888588,127.4999591,대한민국 생태도시 순천은 세계 5대 연안습지인 순천만습지의항구적인 보전을 위해 정원을 조성하고 2013순천만국제정원박람회를 개최하였다. 그 이후 제1호 국가정원으로 지정됨으로써 순천만국가정원은 대한민국 정원문화산업의 메카로 자리매김하게 되었다.,지역 역사·관광 탐방 동화 배경,장소의 특징을 찾아보고 가족 여행 기록 남기기,5-7;8-10,관광;관광지;순천만국가정원;대한민국;생태도시;순천은;세계;5대;연안습지인;순천만습지의항구적인;보전을;위해,순천만국가정원,관광지,전라남도 순천시 국가정원1호길 47,전라남도 순천시 오천동 600,926992,ATM+ 의료센터+ 체험학습센터+ 공중전화+ 물품대여소+ 물품보관소+ 분실물보관소+ 종합안내소+ 매표소+ 수유실+ 어린이보호소+ 노약자/장애인 보호소+ 대형버스기사쉼터,해당없음,관람차+스카이큐브+야생동물원+세계의상체험장+수상자전거체험+이미지유화체험,갯벌공연장+갯지렁이갤러리+갯지렁이도서관+한방체험센터,매점+식당+카페+기념품점,소회의실+컨퍼런스홀+입체영상관+,2015-09-05,130000,3530,대한민국 생태도시 순천은 세계 5대 연안습지인 순천만습지의항구적인 보전을 위해 정원을 조성하고 2013순천만국제정원박람회를 개최하였다. 그 이후 제1호 국가정원으로 지정됨으로써 순천만국가정원은 대한민국 정원문화산업의 메카로 자리매김하게 되었다.,061-749-2749,전라남도 순천시청 국가정원운영과,2024-11-19,4820000,전라남도 순천시
전국관광지정보표준데이터,https://www.data.go.kr/data/15021141/standard.do,2025-11-10,place,공곶이,관광지,경상남도 거제시,경상남도 거제시 일운면 와현리 87,34.79451496,128.713906,지형이 궁둥이처럼 튀어나왔다고 해서 공곶이라고 불리며，수선화와 동백나무 등 50여 종의 나무와 꽃이 심겨 있다,지역 역사·관광 탐방 동화 배경,장소의 특징을 찾아보고 가족 여행 기록 남기기,5-7;8-10,관광;관광지;공곶이;지형이;궁둥이처럼;튀어나왔다고;해서;공곶이라고;불리며，수선화와;동백나무;등;50여,공곶이,관광지,,경상남도 거제시 일운면 와현리 87,121521,화장실,,,,,,2009-04-15,1000,50,지형이 궁둥이처럼 튀어나왔다고 해서 공곶이라고 불리며，수선화와 동백나무 등 50여 종의 나무와 꽃이 심겨 있다,055-639-4183,경상남도 거제시청,2025-11-10,5370000,경상남도 거제시
전국관광지정보표준데이터,https://www.data.go.kr/data/15021141/standard.do,2024-08-09,place,보은 삼년산성,관광지,충청북도 보은군,충청북도 보은군 보은읍 성주1길 104,36.48993999,127.7417752,신라 삼국통일의 전초기지인 삼년산성은 축성연대는 물론 수축연대가 정확히 기록되어 있는 산성으로 중부권의 역사적 가치를 지닌 문화유산이다,지역 역사·관광 탐방 동화 배경,장소의 특징을 찾아보고 가족 여행 기록 남기기,5-7;8-10,관광;관광지;보은;삼년산성;신라;삼국통일의;전초기지인;삼년산성은;축성연대는;물론;수축연대가;정확히,보은 삼년산성,관광지,충청북도 보은군 보은읍 성주1길 104,충청북도 보은군 보은읍 어암리 280-1,232655,화장실+해설사의 집,보은읍내 숙박 가능,보은 스포츠파크(야구장+수영장+축구장),농경문화관,해설사의 집(문화관광해설사 관광안내),,1973-05-25,1000,50,신라 삼국통일의 전초기지인 삼년산성은 축성연대는 물론 수축연대가 정확히 기록되어 있는 산성으로 중부권의 역사적 가치를 지닌 문화유산이다,043-540-3407,충청북도 보은군청,2024-08-09,4420000,충청북도 보은군
전국관광지정보표준데이터,https://www.data.go.kr/data/15021141/standard.do,2024-08-09,place,보은 우당고택,관광지,충청북도 보은군,충청북도 보은군 장안면 개안길 10-2,36.46857583,127.7906134,고요함을 품은 보은 우당고택은 100년이 넘은 고택으로 전통적인 기법으로 지어 전통가옥을 체험할 수 있다,지역 역사·관광 탐방 동화 배경,장소의 특징을 찾아보고 가족 여행 기록 남기기,5-7;8-10,관광;관광지;보은;우당고택;고요함을;품은;우당고택은;100년이;넘은;고택으로;전통적인;기법으로,보은 우당고택,관광지,충청북도 보은군 장안면 개안길 10-2,충청북도 보은군 장안면 개안리 154,33057,화장실+해설사의 집,보은 우당고택 숙박가능,,서원계곡+서원리 소나무,보은 우당고택 안채+사랑채,,1984-01-10,50,10,고요함을 품은 보은 우당고택은 100년이 넘은 고택으로 전통적인 기법으로 지어 전통가옥을 체험할 수 있다,043-540-3392,충청북도 보은군청,2024-08-09,4420000,충청북도 보은군
전국관광지정보표준데이터,https://www.data.go.kr/data/15021141/standard.do,2024-08-09,place,속리산 법주사,관광지,충청북도 보은군,충청북도 보은군 속리산면 법주사로 379,36.53993659,127.8306346,대한불교조계종 제5교구의 본사로 신라시대 의신 조사가 창건하였고 2018년 6월 유네스코세계문화유산에 등재 되어 세계문화를 인정 받았다,지역 역사·관광 탐방 동화 배경,장소의 특징을 찾아보고 가족 여행 기록 남기기,5-7;8-10,관광;관광지;속리산;법주사;대한불교조계종;제5교구의;본사로;신라시대;의신;조사가;창건하였고;2018년,속리산 법주사,관광지,충청북도 보은군 속리산면 법주사로 379,충청북도 보은군 속리산면 사내리 209,125625,화장실+해설사의 집,속리산 숲체험휴양마을 등 다수의 숙박시설 보유,세조길+오리숲길+야영장,법주사내 국보와 보물 보유,해설사의 집(문화관광해설사 관광안내),,2009-12-21,1000,150,대한불교조계종 제5교구의 본사로 신라시대 의신 조사가 창건하였고 2018년 6월 유네스코세계문화유산에 등재 되어 세계문화를 인정 받았다,043-540-3392,충청북도 보은군청,2024-08-09,4420000,충청북도 보은군
전국관광지정보표준데이터,https://www.data.go.kr/data/15021141/standard.do,2024-08-09,place,동학농민혁명기념공원,관광지,충청북도 보은군,충청북도 보은군 보은읍 동학로 236-22,36.51567136,127.7591951,탐관오리에 대한 봉기와 외세에 대한 저항 의식을 일깨워 준 농민들의 자발적 혁명으로 3.1운동의 큰 밑거름이 되었다,지역 역사·관광 탐방 동화 배경,장소의 특징을 찾아보고 가족 여행 기록 남기기,5-7;8-10,관광;관광지;동학농민혁명기념공원;탐관오리에;대한;봉기와;외세에;저항;의식을;일깨워;준;농민들의,동학농민혁명기념공원,관광지,충청북도 보은군 보은읍 동학로 236-22,충청북도 보은군 보은읍 성족리 산16,336992,화장실+해설사의 집,보은읍내 숙박 가능,보은 스포츠파크(야구장+수영장+축구장),솔향공원+속리산 법주사,해설사의 집(문화관광해설사 관광안내),,2015-09-01,300,30,탐관오리에 대한 봉기와 외세에 대한 저항 의식을 일깨워 준 농민들의 자발적 혁명으로 3.1운동의 큰 밑거름이 되었다,043-540-3392,충청북도 보은군청,2024-08-09,4420000,충청북도 보은군
전국관광지정보표준데이터,https://www.data.go.kr/data/15021141/standard.do,2025-06-19,place,만리포 관광지,관광지,충청남도 태안군,충청남도 태안군 소원면 만리포2길 190-3,36.79000781,126.1465709,만리포 해수욕장에 멋진 바다가 한눈에 보이고 항구가 많으니 놀거리 볼거리가 많아서 다양하게 관람할수 있음,지역 역사·관광 탐방 동화 배경,장소의 특징을 찾아보고 가족 여행 기록 남기기,5-7;8-10,관광;관광지;만리포;해수욕장에;멋진;바다가;한눈에;보이고;항구가;많으니;놀거리;볼거리가,만리포 관광지,관광지,충청남도 태안군 소원면 만리포2길 190-3,,321561.8,관리사무소+화장실+주차장,가족호텔,골프장+인라인스케이트장,해수욕장,,,2010-05-06,30000,1805,만리포 해수욕장에 멋진 바다가 한눈에 보이고 항구가 많으니 놀거리 볼거리가 많아서 다양하게 관람할수 있음,041-670-2771,충청남도 태안군청,2025-06-19,4620000,충청남도 태안군
전국관광지정보표준데이터,https://www.data.go.kr/data/15021141/standard.do,2025-05-27,place,부평아트센터,관광지,인천광역시 부평구,인천광역시 부평구 아트센터로 166,37.4822383,126.7049334,뮤지컬+음악회+전시회 등,지역 역사·관광 탐방 동화 배경,장소의 특징을 찾아보고 가족 여행 기록 남기기,5-7;8-10,관광;관광지;부평아트센터;뮤지컬+음악회+전시회;등,부평아트센터,관광지,인천광역시 부평구 아트센터로 166,인천광역시 부평구 십정동 186-22,17236,수유실+놀이방,,,공연+전시,카페+레스토랑,,2015-05-06,600,259,뮤지컬+음악회+전시회 등,032-500-2000,인천광역시 부평문화재단,2025-05-27,3540000,인천광역시 부평구
전국관광지정보표준데이터,https://www.data.go.kr/data/15021141/standard.do,2025-05-27,place,기후변화체험관,관광지,인천광역시 부평구,인천광역시 부평구 장제로 267,37.50932668,126.7307645,생태교육프로그램 체험,지역 역사·관광 탐방 동화 배경,장소의 특징을 찾아보고 가족 여행 기록 남기기,5-7;8-10,관광;관광지;기후변화체험관;생태교육프로그램;체험,기후변화체험관,관광지,인천광역시 부평구 장제로 267,인천광역시 부평구 갈산동 403,1279,수유실,,,생태교육체험,,,2017-02-20,100,4,생태교육프로그램 체험,032-509-3900,인천광역시 부평구청,2025-05-27,3540000,인천광역시 부평구
전국관광지정보표준데이터,https://www.data.go.kr/data/15021141/standard.do,2025-05-27,place,부평역사박물관,관광지,인천광역시 부평구,인천광역시 부평구 굴포로 151,37.51214216,126.7379081,부평 역사관련 전시물 관람,지역 역사·관광 탐방 동화 배경,장소의 특징을 찾아보고 가족 여행 기록 남기기,5-7;8-10,관광;관광지;부평역사박물관;부평;역사관련;전시물;관람,부평역사박물관,관광지,인천광역시 부평구 굴포로 151,인천광역시 부평구 삼산동 451-1,3108,화장실,,,전시,카페,,2013-03-13,100,31,부평 역사관련 전시물 관람,032-515-6471,인천광역시 부평구청,2025-05-27,3540000,인천광역시 부평구
전국관광지정보표준데이터,https://www.data.go.kr/data/15021141/standard.do,2025-05-27,place,부평안전체험관,관광지,인천광역시 부평구,인천광역시 부평구 굴포로 110,37.51098789,126.7333177,재난상황 시뮬레이션 체험,지역 역사·관광 탐방 동화 배경,장소의 특징을 찾아보고 가족 여행 기록 남기기,5-7;8-10,관광;관광지;부평안전체험관;재난상황;시뮬레이션;체험,부평안전체험관,관광지,인천광역시 부평구 굴포로 110,인천광역시 부평구 삼산동 441-6,10240,화장실,,,안전교육체험,카페,,2017-02-20,100,65,재난상황 시뮬레이션 체험,032-509-3940,인천광역시 부평구청,2025-05-27,3540000,인천광역시 부평구
전국관광지정보표준데이터,https://www.data.go.kr/data/15021141/standard.do,2025-05-27,place,인천나비공원,관광지,인천광역시 부평구,인천광역시 부평구 평천로 26-47,37.52026697,126.6927245,살아있는 나비 등 관람,지역 역사·관광 탐방 동화 배경,장소의 특징을 찾아보고 가족 여행 기록 남기기,5-7;8-10,관광;관광지;인천나비공원;살아있는;나비;등;관람,인천나비공원,관광지,인천광역시 부평구 평천로 26-47,인천광역시 부평구 청천동 68-12,1674,수유실,,,전시,카페,,2017-02-20,500,24,살아있는 나비 등 관람,032-509-8824,인천광역시 부평구청,2025-05-27,3540000,인천광역시 부평구
전국관광지정보표준데이터,https://www.data.go.kr/data/15021141/standard.do,2025-07-25,place,서울 원효로 예수성심당,관광지,서울특별시 용산구,서울특별시 용산구 원효로19길 49,37.53420937,126.9545934,"1902년에 세워졌으며, 프랑스인 코스트 신부가 설계, 감독 했다. 19세기 말의 성당 건축을 상징적으로 보여준다.",지역 역사·관광 탐방 동화 배경,장소의 특징을 찾아보고 가족 여행 기록 남기기,5-7;8-10,관광;관광지;서울;원효로;예수성심당;1902년에;세워졌으며;프랑스인;코스트;신부가;설계;감독,서울 원효로 예수성심당,관광지,서울특별시 용산구 원효로19길 49,서울특별시 용산구 원효로4가 1-1,709,주차장,,,,,,2012-06-20,50,10,"1902년에 세워졌으며, 프랑스인 코스트 신부가 설계, 감독 했다. 19세기 말의 성당 건축을 상징적으로 보여준다.",02-701-5501,성심수녀회,2025-07-25,3020000,서울특별시 용산구
전국관광지정보표준데이터,https://www.data.go.kr/data/15021141/standard.do,2025-07-25,place,구 용산 수위관측소,관광지,서울특별시 용산구,서울특별시 용산구 청암동 169-1,37.533956,126.947132,"한강변에서는 최초로, 전국에서는 아홉번째로 건립된 자기 관측소로서 조위와 홍수위를 관측할 목적으로 건립되었다.",지역 역사·관광 탐방 동화 배경,장소의 특징을 찾아보고 가족 여행 기록 남기기,5-7;8-10,관광;관광지;구;용산;수위관측소;한강변에서는;최초로;전국에서는;아홉번째로;건립된;자기;관측소로서,구 용산 수위관측소,관광지,,서울특별시 용산구 청암동 169-1,10.9,쉼터,,,,,,2002-02-05,1,0,"한강변에서는 최초로, 전국에서는 아홉번째로 건립된 자기 관측소로서 조위와 홍수위를 관측할 목적으로 건립되었다.",02-2199-7240,서울특별시 기념물,2025-07-25,3020000,서울특별시 용산구
전국관광지정보표준데이터,https://www.data.go.kr/data/15021141/standard.do,2025-07-25,place,심원정 왜명강화지처비,관광지,서울특별시 용산구,서울특별시 용산구 효창원로8길 28,37.53342496,126.951860,임진왜란 당시 명나라 장군 심유경과 왜군의 장수 고니시 유키나가 만나 강화회담을 벌였던 장소로 전해진다.,지역 역사·관광 탐방 동화 배경,장소의 특징을 찾아보고 가족 여행 기록 남기기,5-7;8-10,관광;관광지;심원정;왜명강화지처비;임진왜란;당시;명나라;장군;심유경과;왜군의;장수;고니시,심원정 왜명강화지처비,관광지,서울특별시 용산구 효창원로8길 28,서울특별시 용산구 원효로4가 87-2,1200.5,쉼터,,,,,,1593-01-01,80,10,임진왜란 당시 명나라 장군 심유경과 왜군의 장수 고니시 유키나가 만나 강화회담을 벌였던 장소로 전해진다.,02-2199-7240,서울특별시 용산구청 문화진흥과,2025-07-25,3020000,서울특별시 용산구
전국관광지정보표준데이터,https://www.data.go.kr/data/15021141/standard.do,2025-07-25,place,청암동 부군당,관광지,서울특별시 용산구,서울특별시 용산구 원효로 17-11,37.534803,126.946373,부군당은 마을의 안녕과 복을 지켜주는 부군신을 모신 곳으로 서울의 대표적인 마을신앙이다. 청암동에는 12신 무신도를 모신 부군당과 이성계를 모시던 영당이 인접하여 존재했었다.,지역 역사·관광 탐방 동화 배경,장소의 특징을 찾아보고 가족 여행 기록 남기기,5-7;8-10,관광;관광지;청암동;부군당;부군당은;마을의;안녕과;복을;지켜주는;부군신을;모신;곳으로,청암동 부군당,관광지,서울특별시 용산구 원효로 17-11,서울특별시 용산구 청암동 120-2,29.26,화장실,,,,,,1953-01-01,5,0,부군당은 마을의 안녕과 복을 지켜주는 부군신을 모신 곳으로 서울의 대표적인 마을신앙이다. 청암동에는 12신 무신도를 모신 부군당과 이성계를 모시던 영당이 인접하여 존재했었다.,02-2199-7240,서울특별시 용산구청 문화진흥과,2025-07-25,3020000,서울특별시 용산구
전국관광지정보표준데이터,https://www.data.go.kr/data/15021141/standard.do,2025-07-25,place,산천동 부군당,관광지,서울특별시 용산구,서울특별시 용산구 효창원로15길 7,37.535662,126.9531703,"부군당은 마을의 안녕과 복을 지켜주는 부군신을 모신 곳으로 서울의 대표적인 마을신앙이다. 산천동 부군당 제사는 봄, 가을에 지내왔으나 요즘은 가을에만 한 차례 지내고 있다.",지역 역사·관광 탐방 동화 배경,장소의 특징을 찾아보고 가족 여행 기록 남기기,5-7;8-10,관광;관광지;산천동;부군당;부군당은;마을의;안녕과;복을;지켜주는;부군신을;모신;곳으로,산천동 부군당,관광지,서울특별시 용산구 효창원로15길 7,서울특별시 용산구 산천동 199,139.6,산천동마을마당(작은쉼터)+화장실,,,,,,2000-10-25,10,0,"부군당은 마을의 안녕과 복을 지켜주는 부군신을 모신 곳으로 서울의 대표적인 마을신앙이다. 산천동 부군당 제사는 봄, 가을에 지내왔으나 요즘은 가을에만 한 차례 지내고 있다.",02-2199-7240,서울특별시 용산구청 문화진흥과,2025-07-25,3020000,서울특별시 용산구
전국관광지정보표준데이터,https://www.data.go.kr/data/15021141/standard.do,2025-11-18,place,양산시립박물관,관광지,경상남도 양산시,경상남도 양산시 북정로 78,35.35849531,129.0490358,"양산의 역사와 문화를 담고 있으며 역사실, 고분실 등 주제에 맞는 공간들과 함께 다양한 전시를 볼 수 있는 문화 예술 행사와 교육의 장이다.",지역 역사·관광 탐방 동화 배경,장소의 특징을 찾아보고 가족 여행 기록 남기기,5-7;8-10,관광;관광지;양산시립박물관;양산의;역사와;문화를;담고;있으며;역사실;고분실;등;주제에,양산시립박물관,관광지,경상남도 양산시 북정로 78,경상남도 양산시 북정동 678,13063,주차장+화장실,,,,,,2012-12-01,500,82,"양산의 역사와 문화를 담고 있으며 역사실, 고분실 등 주제에 맞는 공간들과 함께 다양한 전시를 볼 수 있는 문화 예술 행사와 교육의 장이다.",055-392-3314,경상남도 양산시청,2025-11-18,5380000,경상남도 양산시
전국관광지정보표준데이터,https://www.data.go.kr/data/15021141/standard.do,2025-11-18,place,양산타워,관광지,경상남도 양산시,경상남도 양산시 동면 강변로 264,35.32591877,129.0239276,자원 회수 시설의 굴뚝을 전망타워화하여 양산 전체를 조망할 수 있고 홍보관에서는 양산의 역사를 한눈에 볼 수 있다.,지역 역사·관광 탐방 동화 배경,장소의 특징을 찾아보고 가족 여행 기록 남기기,5-7;8-10,관광;관광지;양산타워;자원;회수;시설의;굴뚝을;전망타워화하여;양산;전체를;조망할;수,양산타워,관광지,경상남도 양산시 동면 강변로 264,경상남도 양산시 동면 석산리 656-2,135,주차장+화장실,,,,,,2008-01-01,700,70,자원 회수 시설의 굴뚝을 전망타워화하여 양산 전체를 조망할 수 있고 홍보관에서는 양산의 역사를 한눈에 볼 수 있다.,055-367-9026,경상남도 양산시청,2025-11-18,5380000,경상남도 양산시
전국관광지정보표준데이터,https://www.data.go.kr/data/15021141/standard.do,2025-11-18,place,에덴밸리,관광지,경상남도 양산시,경상남도 양산시 원동면 어실로 1206,35.42905699,128.9844664,"국내 최남단 스키장이 있는 곳으로 리조트로 스키, 루지 등 다양한 레저를 즐길 수 있는 관광지이다.",지역 역사·관광 탐방 동화 배경,장소의 특징을 찾아보고 가족 여행 기록 남기기,5-7;8-10,관광;관광지;에덴밸리;국내;최남단;스키장이;있는;곳으로;리조트로;스키;루지;등,에덴밸리,관광지,경상남도 양산시 원동면 어실로 1206,경상남도 양산시 원동면 대리 1040-1,2446280,주차장+화장실,,,,,,2007-12-20,17000,1400,"국내 최남단 스키장이 있는 곳으로 리조트로 스키, 루지 등 다양한 레저를 즐길 수 있는 관광지이다.",055-379-8000,㈜에덴밸리리조트,2025-11-18,5380000,경상남도 양산시
전국관광지정보표준데이터,https://www.data.go.kr/data/15021141/standard.do,2025-11-18,place,임경대,관광지,경상남도 양산시,경상남도 양산시 원동면 원동로 285,35.32243455,128.9778074,통일신라시대 학자 최치원이 머무르며 시를 읊었던 곳으로 오봉산 기슭에 위치하여 하늘을 품고 드넓게 펼쳐진 낙동강의 풍경이 특징이다.,지역 역사·관광 탐방 동화 배경,장소의 특징을 찾아보고 가족 여행 기록 남기기,5-7;8-10,관광;관광지;임경대;통일신라시대;학자;최치원이;머무르며;시를;읊었던;곳으로;오봉산;기슭에,임경대,관광지,경상남도 양산시 원동면 원동로 285,경상남도 양산시 원동면 화제리 산72-4,6755,주차장+화장실+해설사의 집,,,,,,2000-01-01,300,30,통일신라시대 학자 최치원이 머무르며 시를 읊었던 곳으로 오봉산 기슭에 위치하여 하늘을 품고 드넓게 펼쳐진 낙동강의 풍경이 특징이다.,055-392-3562,경상남도 양산시청,2025-11-18,5380000,경상남도 양산시
전국관광지정보표준데이터,https://www.data.go.kr/data/15021141/standard.do,2025-11-18,place,통도사,관광지,경상남도 양산시,경상남도 양산시 하북면 통도사로 108,35.47540912,129.0563672,세계문화유산으로 등재된 우리나라 3대 사찰중 하나로 부처님의 진신사리와 가사를 봉안한 불보사찰이다.,지역 역사·관광 탐방 동화 배경,장소의 특징을 찾아보고 가족 여행 기록 남기기,5-7;8-10,관광;관광지;통도사;세계문화유산으로;등재된;우리나라;3대;사찰중;하나로;부처님의;진신사리와;가사를,통도사,관광지,경상남도 양산시 하북면 통도사로 108,경상남도 양산시 하북면 지산리 583,16855179,주차장+화장실+관광안내소,,,,,,2000-01-01,50000,1500,세계문화유산으로 등재된 우리나라 3대 사찰중 하나로 부처님의 진신사리와 가사를 봉안한 불보사찰이다.,055-382-7182,통도사,2025-11-18,5380000,경상남도 양산시
전국관광지정보표준데이터,https://www.data.go.kr/data/15021141/standard.do,2025-11-18,place,통도환타지아,관광지,경상남도 양산시,경상남도 양산시 하북면 통도7길 68,35.4999924,129.0831299,"영축산 아래 위치한 테마공원으로 다양한 행사와 놀거리, 볼거리 등을 제공하고 있다.",지역 역사·관광 탐방 동화 배경,장소의 특징을 찾아보고 가족 여행 기록 남기기,5-7;8-10,관광;관광지;통도환타지아;영축산;아래;위치한;테마공원으로;다양한;행사와;놀거리;볼거리;등을,통도환타지아,관광지,경상남도 양산시 하북면 통도7길 68,경상남도 양산시 하북면 순지리 472-1,280991,주차장+화장실,,,,,,1993-04-30,10000,2100,"영축산 아래 위치한 테마공원으로 다양한 행사와 놀거리, 볼거리 등을 제공하고 있다.",055-379-7000,㈜동일리조트,2025-11-18,5380000,경상남도 양산시
전국관광지정보표준데이터,https://www.data.go.kr/data/15021141/standard.do,2025-11-18,place,홍룡폭포(홍룡사),관광지,경상남도 양산시,경상남도 양산시 상북면 홍룡로 372,35.39699967,129.0864895,원효산 골짜기에 위치한 폭포로 떨어지는 모습이 꼭 용이 무지개를 타고 승천하는 것과 같다는 의미로 이름붙였고 상중하 세단계에 걸쳐 떨어지는 독특한 형태가 특징이다.,지역 역사·관광 탐방 동화 배경,장소의 특징을 찾아보고 가족 여행 기록 남기기,5-7;8-10,관광;관광지;홍룡폭포(홍룡사);원효산;골짜기에;위치한;폭포로;떨어지는;모습이;꼭;용이;무지개를,홍룡폭포(홍룡사),관광지,경상남도 양산시 상북면 홍룡로 372,경상남도 양산시 상북면 대석리 1,4499,주차장+화장실,,,,,,2000-01-01,3000,150,원효산 골짜기에 위치한 폭포로 떨어지는 모습이 꼭 용이 무지개를 타고 승천하는 것과 같다는 의미로 이름붙였고 상중하 세단계에 걸쳐 떨어지는 독특한 형태가 특징이다.,055-375-4177,홍룡사,2025-11-18,5380000,경상남도 양산시
전국관광지정보표준데이터,https://www.data.go.kr/data/15021141/standard.do,2025-07-28,place,자인계정숲,관광지,경상북도 경산시,경상북도 경산시 자인면 계정길 68,35.81784608,128.8189958,한장군놀이 전수회관 등 있으며 구릉지에 남아있는 천연숲,지역 역사·관광 탐방 동화 배경,장소의 특징을 찾아보고 가족 여행 기록 남기기,5-7;8-10,관광;관광지;자인계정숲;한장군놀이;전수회관;등;있으며;구릉지에;남아있는;천연숲,자인계정숲,관광지,경상북도 경산시 자인면 계정길 68,경상북도 경산시 자인면 서부리72-1,43237,체험시설,,,,,,1997-12-01,100,20,한장군놀이 전수회관 등 있으며 구릉지에 남아있는 천연숲,053-856-5765,경상북도 경산시청,2025-07-28,5130000,경상북도 경산시
전국관광지정보표준데이터,https://www.data.go.kr/data/15021141/standard.do,2025-07-24,place,황령산관광지,관광지,부산광역시 수영구,부산광역시 수영구 황령산로 156 일원,35.155156,129.102558,"부산광역시 금련산청소년수련원 일대이며, 부산 도심 속 천혜의 황령산 자락에 위치하고 있어 부산의 랜드마크인 광안리 해수욕장, 광안대교, 해운대를 한눈에 바라볼 수 있음.",지역 역사·관광 탐방 동화 배경,장소의 특징을 찾아보고 가족 여행 기록 남기기,5-7;8-10,관광;관광지;황령산관광지;부산광역시;금련산청소년수련원;일대이며;부산;도심;속;천혜의;황령산;자락에,황령산관광지,관광지,부산광역시 수영구 황령산로 156 일원,부산광역시 수영구 광안동 산 60-1일원,174890,관리사무소+화장실+주차장,,,,,,1987-03-02,10000,80,"부산광역시 금련산청소년수련원 일대이며, 부산 도심 속 천혜의 황령산 자락에 위치하고 있어 부산의 랜드마크인 광안리 해수욕장, 광안대교, 해운대를 한눈에 바라볼 수 있음.",051-610-3211,금련산청소년수련원,2025-07-24,3380000,부산광역시 수영구
전국관광지정보표준데이터,https://www.data.go.kr/data/15021141/standard.do,2025-07-28,place,삼척해수욕장,관광지,강원특별자치도 삼척시,강원특별자치도 삼척시 수로부인길 453,37.47034344,129.1647024,길이 1㎞+폭 85m의 넓은 백사장+ 맑고 깨끗한 동해해수욕장+ 푸른 송림+소규모의 항포구+ 해안의 기암괴석과 모래+ 산이 분포되어 있으며+ 남쪽으로 해안선을 끼고 해안도로가 4.2KM 개설되어 관광객들로부터 많은 호응을 얻고 있음,지역 역사·관광 탐방 동화 배경,장소의 특징을 찾아보고 가족 여행 기록 남기기,5-7;8-10,관광;관광지;삼척해수욕장;길이;1㎞+폭;85m의;넓은;백사장+;맑고;깨끗한;동해해수욕장+;푸른,삼척해수욕장,관광지,강원특별자치도 삼척시 수로부인길 453,,237503,관리사무소+주차장+광장+화장실(2동)+샤워장,모텔+콘도미니엄 및 호텔,,,,,1984-07-06,5000,1400,길이 1㎞+폭 85m의 넓은 백사장+ 맑고 깨끗한 동해해수욕장+ 푸른 송림+소규모의 항포구+ 해안의 기암괴석과 모래+ 산이 분포되어 있으며+ 남쪽으로 해안선을 끼고 해안도로가 4.2KM 개설되어 관광객들로부터 많은 호응을 얻고 있음,033-570-3547,강원특별자치도 삼척시청,2025-07-28,4241000,강원특별자치도 삼척시
전국관광지정보표준데이터,https://www.data.go.kr/data/15021141/standard.do,2024-08-16,place,성륜사,관광지,전라남도 곡성군,전라남도 곡성군 옥과면 미술관로 287,35.29704978,127.1208706,"곡성군 옥과면 옥과리에 위치한 대한불교조계종 성륜사(聖輪寺)는 옥과의 진산인 설산(雪山)의 남쪽 설령골에 위치하였으며, 1988년 6월4일부터 중창불사 하여 현재에 이르렀다. 주변으로 괘일산과 갈산 등이 자리를 잡고, 설산에서 발원한 작은 계곡들이 흘러 안으로 굽은 산세가 성륜사를 외호(外護)하고 있다. 성륜사는 고려시대 사찰이었던‘나암사(羅巖寺)’의 맥을 잇는 터에 자리를 잡았다. 나암사는『신증동국여지승람(新增東國輿地勝覽)』,『동국여지지(東國輿地誌)』에 기록되어 있으며,『동여비고(東輿備考)』옥과현 지도에 나타난 나암사의 위치를 보면 지리적으로 현재 성륜사가 위치한 자리였음을 알 수 있다. 조선 중기 편찬된 『여지도서(輿地圖書)』부터는 사찰이 폐했다는 기록이 전해지나, 마을 주민들의 증언으로 현재 성륜사의 자리가 ‘절골’로 불렸다는 점, 성륜사에서 고려시대 기와와 조선시대 기와가 수집되었다는 점에서 현 성륜사 터에서 법등이 계속 이어져 왔음을 알 수 있다. 성륜사는 1986년 청화 대종사(淸華 大宗師)와 아산 조방원(雅山 趙邦元) 거사와의 인연으로, 10만평의 땅을 시주 받으면서 중창불사가 시작되었다. 현재 전해지고 있는 당우로 대웅전, 지장전, 조선당, 육화당, 안심당, 법성당, 설령각, 정운당, 범종각, 적멸보궁 등이 있다. 중창불사 당시 구례군에서 이축했던‘안심당’과 ‘육화당’은 1920년대 전라남도 건축 양식을 잘 유지하고 있으며 난간의 장식, 다락 구조 등의 건축학적 특징으로 현재 근대문화재로 평가받고 있다. 또한‘조선당’은 청화 대종사가 주석하시던 곳으로, 열반하신 후에는 스님을 기리는 공간으로 남아있다. 조선당 옆으로 청화 대종사의 부도와 비석, 청화 대종사의 은사 스님인‘금타 대화상’의 부도가 자리 잡고 있다. 그 밑으로는 부처님의 진신사리를 모신 ‘적멸보궁’이 자리 잡고 있다. 곡성 성륜사는 나암사의 전통과 청화 대종사가 중창불사한 실상염불선 수행의 맥을 있는 전통사찰이다.",지역 역사·관광 탐방 동화 배경,장소의 특징을 찾아보고 가족 여행 기록 남기기,5-7;8-10,관광;관광지;성륜사;곡성군;옥과면;옥과리에;위치한;대한불교조계종;성륜사(聖輪寺)는;옥과의;진산인;설산(雪山)의,성륜사,관광지,전라남도 곡성군 옥과면 미술관로 287,전라남도 곡성군 옥과면 옥과리 650,44882,주차장,,,,,,2021-09-01,50,40,"곡성군 옥과면 옥과리에 위치한 대한불교조계종 성륜사(聖輪寺)는 옥과의 진산인 설산(雪山)의 남쪽 설령골에 위치하였으며, 1988년 6월4일부터 중창불사 하여 현재에 이르렀다. 주변으로 괘일산과 갈산 등이 자리를 잡고, 설산에서 발원한 작은 계곡들이 흘러 안으로 굽은 산세가 성륜사를 외호(外護)하고 있다. 성륜사는 고려시대 사찰이었던‘나암사(羅巖寺)’의 맥을 잇는 터에 자리를 잡았다. 나암사는『신증동국여지승람(新增東國輿地勝覽)』,『동국여지지(東國輿地誌)』에 기록되어 있으며,『동여비고(東輿備考)』옥과현 지도에 나타난 나암사의 위치를 보면 지리적으로 현재 성륜사가 위치한 자리였음을 알 수 있다. 조선 중기 편찬된 『여지도서(輿地圖書)』부터는 사찰이 폐했다는 기록이 전해지나, 마을 주민들의 증언으로 현재 성륜사의 자리가 ‘절골’로 불렸다는 점, 성륜사에서 고려시대 기와와 조선시대 기와가 수집되었다는 점에서 현 성륜사 터에서 법등이 계속 이어져 왔음을 알 수 있다. 성륜사는 1986년 청화 대종사(淸華 大宗師)와 아산 조방원(雅山 趙邦元) 거사와의 인연으로, 10만평의 땅을 시주 받으면서 중창불사가 시작되었다. 현재 전해지고 있는 당우로 대웅전, 지장전, 조선당, 육화당, 안심당, 법성당, 설령각, 정운당, 범종각, 적멸보궁 등이 있다. 중창불사 당시 구례군에서 이축했던‘안심당’과 ‘육화당’은 1920년대 전라남도 건축 양식을 잘 유지하고 있으며 난간의 장식, 다락 구조 등의 건축학적 특징으로 현재 근대문화재로 평가받고 있다. 또한‘조선당’은 청화 대종사가 주석하시던 곳으로, 열반하신 후에는 스님을 기리는 공간으로 남아있다. 조선당 옆으로 청화 대종사의 부도와 비석, 청화 대종사의 은사 스님인‘금타 대화상’의 부도가 자리 잡고 있다. 그 밑으로는 부처님의 진신사리를 모신 ‘적멸보궁’이 자리 잡고 있다. 곡성 성륜사는 나암사의 전통과 청화 대종사가 중창불사한 실상염불선 수행의 맥을 있는 전통사찰이다.",061-363-7001,전라남도 곡성군청 문화체육과,2024-08-16,4860000,전라남도 곡성군
전국관광지정보표준데이터,https://www.data.go.kr/data/15021141/standard.do,2024-08-16,place,관음사,관광지,전라남도 곡성군,전라남도 곡성군 오산면 성덕관음길 453,35.21469614,127.1653199,"전라남도 성덕산에 있는 관음사는 백제 분서왕 3년(300) 성덕보살이 세운 절이다. 절 이름은 성덕보살이 낙안포에서 금동관세음보살상을 모셔와 절을 짓고 이름을 ‘관음사’라 부른데서 비롯되었다고 한다.고려 공민왕 23년(1374) 5번째로 넓혀 지었고, 조선시대에는 임진왜란으로 피해를 입어 선조 37년(1604) 5년 동안 모든 건물을 복원하였다.근세에 와서는 1912년 영담화상이 전가람을 고쳐 세웠으나 한국전쟁으로 모두 불타버렸다. 이 때 국보로 지정되어 있던 원통전과 금동관음보살이 소실되었다.지금 있는 건물들은 최근에 새로 지은 것들로 금랑각을 지나면 가운데에 법당인 원통전이 있고 그 왼편과 오른편에 벽안당과 요사채 등이 있다.",지역 역사·관광 탐방 동화 배경,장소의 특징을 찾아보고 가족 여행 기록 남기기,5-7;8-10,관광;관광지;관음사;전라남도;성덕산에;있는;관음사는;백제;분서왕;3년(300);성덕보살이;세운,관음사,관광지,전라남도 곡성군 오산면 성덕관음길 453,전라남도 곡성군 오산면 선세리 2,13783,주차장,,,,,,2021-09-01,60,12,"전라남도 성덕산에 있는 관음사는 백제 분서왕 3년(300) 성덕보살이 세운 절이다. 절 이름은 성덕보살이 낙안포에서 금동관세음보살상을 모셔와 절을 짓고 이름을 ‘관음사’라 부른데서 비롯되었다고 한다.고려 공민왕 23년(1374) 5번째로 넓혀 지었고, 조선시대에는 임진왜란으로 피해를 입어 선조 37년(1604) 5년 동안 모든 건물을 복원하였다.근세에 와서는 1912년 영담화상이 전가람을 고쳐 세웠으나 한국전쟁으로 모두 불타버렸다. 이 때 국보로 지정되어 있던 원통전과 금동관음보살이 소실되었다.지금 있는 건물들은 최근에 새로 지은 것들로 금랑각을 지나면 가운데에 법당인 원통전이 있고 그 왼편과 오른편에 벽안당과 요사채 등이 있다.",061-362-4433,전라남도 곡성군청 문화체육과,2024-08-16,4860000,전라남도 곡성군
전국관광지정보표준데이터,https://www.data.go.kr/data/15021141/standard.do,2024-08-16,place,천태암,관광지,전라남도 곡성군,전라남도 곡성군 목사동면 대신로 381-336,35.09395689,127.2764599,"천태암은 곡성군 목사동면에 있는 아미산 정상 부근에 자리 잡고 있는 사찰로, 대한불교조계종 제19교구 화엄사의 말사이다. 천태암은 665년 혜암율사가 창건하여 주석하였던 고찰로서 고려 명종 25년(1195)에 보조국사 지눌 스님이 자연석굴에 16나한을 모시고 법당과 요사를 중창하여 후학들을 제접하였다고 한다. 국사는 이곳 산세가 중국의 불교성지인 아미산과 닮았다하여 아미산 천태암이라 이름하고 산신각 위 벼랑에 형성된 대에 앉아 선정을 닦았으니 이곳을 보조국사 좌선대라 전해진다.하루는 좌선대에서 나무새를 만들어 날려 보내니 조계산에 날아 앉는지라 지금의 송광사로 자리를 옮기고 직접 다리를 만들어 천태암과 송광사를 오고 갔다고 한다. 다리의 이름은 ‘토성칠교’로 오늘날에도 ‘토성칠교를 건너면 무병장수하고 극락왕생 한다’는 이야기가 전해지고 있다. 동사열전에 따르면 석곡 출신 용운처익 스님이 경신년(1806)과 신유년(1861)간에 곡성 천태암을 중수했다는 기록이 있고, 또한 근대에 동명선지 스님이 쓴 천태암중수화문에도 천태암 중수에 인연을 지을 것을 권하고 있어 천태암은 면면히 그 위상을 유지하고 있었음을 알 수 있다. 천태암은 정유년(1957) 화재 때 전각 일부가 피해를 입었음에도 불구하고 그 명맥을 이어오던 중 호연스님의 원력과 신도님들의 불심과 사회 각계 뜻 있는 분들의 동참으로 갑신년(2004)에 다시 중창되었으며, 경자년(2020)에 전통사찰 제 97호로 지정받았다.",지역 역사·관광 탐방 동화 배경,장소의 특징을 찾아보고 가족 여행 기록 남기기,5-7;8-10,관광;관광지;천태암;천태암은;곡성군;목사동면에;있는;아미산;정상;부근에;자리;잡고,천태암,관광지,전라남도 곡성군 목사동면 대신로 381-336,전라남도 곡성군 목사동면 신기리 1-2,3407,주차장+화장실,,,,,,2021-09-01,40,9,"천태암은 곡성군 목사동면에 있는 아미산 정상 부근에 자리 잡고 있는 사찰로, 대한불교조계종 제19교구 화엄사의 말사이다. 천태암은 665년 혜암율사가 창건하여 주석하였던 고찰로서 고려 명종 25년(1195)에 보조국사 지눌 스님이 자연석굴에 16나한을 모시고 법당과 요사를 중창하여 후학들을 제접하였다고 한다. 국사는 이곳 산세가 중국의 불교성지인 아미산과 닮았다하여 아미산 천태암이라 이름하고 산신각 위 벼랑에 형성된 대에 앉아 선정을 닦았으니 이곳을 보조국사 좌선대라 전해진다.하루는 좌선대에서 나무새를 만들어 날려 보내니 조계산에 날아 앉는지라 지금의 송광사로 자리를 옮기고 직접 다리를 만들어 천태암과 송광사를 오고 갔다고 한다. 다리의 이름은 ‘토성칠교’로 오늘날에도 ‘토성칠교를 건너면 무병장수하고 극락왕생 한다’는 이야기가 전해지고 있다. 동사열전에 따르면 석곡 출신 용운처익 스님이 경신년(1806)과 신유년(1861)간에 곡성 천태암을 중수했다는 기록이 있고, 또한 근대에 동명선지 스님이 쓴 천태암중수화문에도 천태암 중수에 인연을 지을 것을 권하고 있어 천태암은 면면히 그 위상을 유지하고 있었음을 알 수 있다. 천태암은 정유년(1957) 화재 때 전각 일부가 피해를 입었음에도 불구하고 그 명맥을 이어오던 중 호연스님의 원력과 신도님들의 불심과 사회 각계 뜻 있는 분들의 동참으로 갑신년(2004)에 다시 중창되었으며, 경자년(2020)에 전통사찰 제 97호로 지정받았다.",061-363-2011,전라남도 곡성군청 문화체육과,2024-08-16,4860000,전라남도 곡성군
전국관광지정보표준데이터,https://www.data.go.kr/data/15021141/standard.do,2024-08-16,place,용산재,관광지,전라남도 곡성군,전라남도 곡성군 목사동면 신숭겸로 226,35.13103091,127.3210133,"고려의 개국 공신 신숭겸(∼927)의 탄생지를 중심으로 이루어진 장군의 유적이다.신숭겸은 왕건을 도와 궁예를 몰아내고 고려를 건국하는데 큰 공을 세워 개국 일등공신이 되었다. 고려 태조가 즉위한 몇 년 뒤 후백제의 견훤은 신라를 공격하였다. 이에 크게 분개한 태조는 군사를 거느리고 나가 싸웠으나 후백제군에 포위되어 위급하게 되었다. 이 때 신숭겸이 태조를 구하고 후백제군과 싸우다 전사하였다. 이 유적지에는 제사를 모시는 용산재와 구룡문, 유허비, 유허단 및 비각이 있으며 해마다 9월 중에 제사를 지낸다.",지역 역사·관광 탐방 동화 배경,장소의 특징을 찾아보고 가족 여행 기록 남기기,5-7;8-10,관광;관광지;용산재;고려의;개국;공신;신숭겸(∼927)의;탄생지를;중심으로;이루어진;장군의;유적이다.신숭겸은,용산재,관광지,전라남도 곡성군 목사동면 신숭겸로 226,전라남도 곡성군 목사동면 구룡리 180,9653,주차장,,,,,,2021-09-01,20,40,"고려의 개국 공신 신숭겸(∼927)의 탄생지를 중심으로 이루어진 장군의 유적이다.신숭겸은 왕건을 도와 궁예를 몰아내고 고려를 건국하는데 큰 공을 세워 개국 일등공신이 되었다. 고려 태조가 즉위한 몇 년 뒤 후백제의 견훤은 신라를 공격하였다. 이에 크게 분개한 태조는 군사를 거느리고 나가 싸웠으나 후백제군에 포위되어 위급하게 되었다. 이 때 신숭겸이 태조를 구하고 후백제군과 싸우다 전사하였다. 이 유적지에는 제사를 모시는 용산재와 구룡문, 유허비, 유허단 및 비각이 있으며 해마다 9월 중에 제사를 지낸다.",061-363-1495,전라남도 곡성군청 문화체육과,2024-08-16,4860000,전라남도 곡성군
전국관광지정보표준데이터,https://www.data.go.kr/data/15021141/standard.do,2025-11-10,place,쌍근어촌체험마을,관광지,경상남도 거제시,경상남도 거제시 남부면 남부해안로 1094,34.762399,128.589438,남부면의 왕조산 자락에 자리잡고 있으며，바닷가의 시원한 바람을 느낄 수 있는 전형적인 어촌마을이다.,지역 역사·관광 탐방 동화 배경,장소의 특징을 찾아보고 가족 여행 기록 남기기,5-7;8-10,관광;관광지;쌍근어촌체험마을;남부면의;왕조산;자락에;자리잡고;있으며，바닷가의;시원한;바람을;느낄;수,쌍근어촌체험마을,관광지,경상남도 거제시 남부면 남부해안로 1094,경상남도 거제시 남부면 탑포리 504-1,1451.25,화장실+ 샤워장+ 취사장,,,,,,2007-10-01,200,30,남부면의 왕조산 자락에 자리잡고 있으며，바닷가의 시원한 바람을 느낄 수 있는 전형적인 어촌마을이다.,055-635-6238,경상남도 거제시청,2025-11-10,5370000,경상남도 거제시
전국관광지정보표준데이터,https://www.data.go.kr/data/15021141/standard.do,2025-11-10,place,씨라인,관광지,경상남도 거제시,경상남도 거제시 덕포5길 32-3,34.91111602,128.7102346,덕포해수욕장의 맑고 푸른 바다 위를 ’한마리 새처럼 자유롭고 짜릿하게 활강하면서 즐기는 체험시설’을 의미한다.,지역 역사·관광 탐방 동화 배경,장소의 특징을 찾아보고 가족 여행 기록 남기기,5-7;8-10,관광;관광지;씨라인;덕포해수욕장의;맑고;푸른;바다;위를;’한마리;새처럼;자유롭고;짜릿하게,씨라인,관광지,경상남도 거제시 덕포5길 32-3,경상남도 거제시 덕포동 365-3,514.12,화장실,,짚라인,,,,2010-04-03,200,50,덕포해수욕장의 맑고 푸른 바다 위를 ’한마리 새처럼 자유롭고 짜릿하게 활강하면서 즐기는 체험시설’을 의미한다.,055-688-2351,씨라인,2025-11-10,5370000,경상남도 거제시
전국관광지정보표준데이터,https://www.data.go.kr/data/15021141/standard.do,2025-11-10,place,오션어드벤처,관광지,경상남도 거제시,경상남도 거제시 일운면 거제대로 2660,34.843791,128.702943,소노캄 거제 내에 위치한 종합 유원시설로 여름철 물놀이를 즐길 수 있다.,지역 역사·관광 탐방 동화 배경,장소의 특징을 찾아보고 가족 여행 기록 남기기,5-7;8-10,관광;관광지;오션어드벤처;소노캄;거제;내에;위치한;종합;유원시설로;여름철;물놀이를;즐길,오션어드벤처,관광지,경상남도 거제시 일운면 거제대로 2660,경상남도 거제시 일운면 소동리 115,10630.15,화장실+ 샤워장,콘도,,,안내소,,2013-06-12,500,30,소노캄 거제 내에 위치한 종합 유원시설로 여름철 물놀이를 즐길 수 있다.,1588-4888,오션베이,2025-11-10,5370000,경상남도 거제시
전국관광지정보표준데이터,https://www.data.go.kr/data/15021141/standard.do,2025-11-10,place,옥포대첩기념공원,관광지,경상남도 거제시,경상남도 거제시 팔랑포2길 87,34.902196,128.714059,임진왜란 발발 이후 충무공 이순신장군이 첫 승전한 옥포해전을 기념하고 충무공정신을 후세에 길이 계승하기 위하여 조성한 기념공원이다,지역 역사·관광 탐방 동화 배경,장소의 특징을 찾아보고 가족 여행 기록 남기기,5-7;8-10,관광;관광지;옥포대첩기념공원;임진왜란;발발;이후;충무공;이순신장군이;첫;승전한;옥포해전을;기념하고,옥포대첩기념공원,관광지,경상남도 거제시 팔랑포2길 87,경상남도 거제시 옥포동 산1-1,25046.53,화장실,,,,안내소,,2010-04-12,1000,50,임진왜란 발발 이후 충무공 이순신장군이 첫 승전한 옥포해전을 기념하고 충무공정신을 후세에 길이 계승하기 위하여 조성한 기념공원이다,055-639-8129,경상남도 거제시 거제해양관광개발공사,2025-11-10,5370000,경상남도 거제시
전국관광지정보표준데이터,https://www.data.go.kr/data/15021141/standard.do,2025-11-10,place,조선해양문화관,관광지,경상남도 거제시,경상남도 거제시 일운면 지세포해안로 41,34.833694,128.701885,어촌에 전해 내려오는 전통문화 및 어업변천사 등 보전 전시하여 청소년 교육의 장과 도시민의 휴식공간으로 활용,지역 역사·관광 탐방 동화 배경,장소의 특징을 찾아보고 가족 여행 기록 남기기,5-7;8-10,관광;관광지;조선해양문화관;어촌에;전해;내려오는;전통문화;및;어업변천사;등;보전;전시하여,조선해양문화관,관광지,경상남도 거제시 일운면 지세포해안로 41,경상남도 거제시 일운면 지세포리 929-88,4510.12,화장실,,,전시실,안내소,,2003-10-01,300,30,어촌에 전해 내려오는 전통문화 및 어업변천사 등 보전 전시하여 청소년 교육의 장과 도시민의 휴식공간으로 활용,055-639-8270,조선해양문화관,2025-11-10,5370000,경상남도 거제시
전국관광지정보표준데이터,https://www.data.go.kr/data/15021141/standard.do,2025-11-10,place,지심도,관광지,경상남도 거제시,경상남도 거제시 일운면 지심도길 56-12,34.81531906,128.6750514,지심도 섬 전체가 거의 동백나무로 뒤덮여 있는 섬으로 장승포항에서 5km 쯤 떨어져 있다. 지심도 일주도로인 오솔길을 따라 걸으면 2~3시간이면 전부 감상 할 수 있다.,지역 역사·관광 탐방 동화 배경,장소의 특징을 찾아보고 가족 여행 기록 남기기,5-7;8-10,관광;관광지;지심도;섬;전체가;거의;동백나무로;뒤덮여;있는;섬으로;장승포항에서;5km,지심도,관광지,경상남도 거제시 일운면 지심도길 56-12,경상남도 거제시 일운면 옥림리 산1,400033.31,화장실,민박(펜션),,,,,2017-02-20,3000,20,지심도 섬 전체가 거의 동백나무로 뒤덮여 있는 섬으로 장승포항에서 5km 쯤 떨어져 있다. 지심도 일주도로인 오솔길을 따라 걸으면 2~3시간이면 전부 감상 할 수 있다.,055-639-4193,경상남도 거제시청,2025-11-10,5370000,경상남도 거제시
전국관광지정보표준데이터,https://www.data.go.kr/data/15021141/standard.do,2025-11-10,place,칠천량해전공원,관광지,경상남도 거제시,경상남도 거제시 하청면 칠천로 265-39,34.977629,128.628247,임진왜란 당시 조선 수군의 최대 패전으로 기록된 칠천량 해전의 의미를 되새기는 기념공원이다,지역 역사·관광 탐방 동화 배경,장소의 특징을 찾아보고 가족 여행 기록 남기기,5-7;8-10,관광;관광지;칠천량해전공원;임진왜란;당시;조선;수군의;최대;패전으로;기록된;칠천량;해전의,칠천량해전공원,관광지,경상남도 거제시 하청면 칠천로 265-39,경상남도 거제시 하청면 연구리 산85-4,6841.2,화장실,,,전시실,안내소,,2014-05-20,1000,40,임진왜란 당시 조선 수군의 최대 패전으로 기록된 칠천량 해전의 의미를 되새기는 기념공원이다,055-639-8250,경상남도 거제시 거제해양관광개발공사,2025-11-10,5370000,경상남도 거제시
전국관광지정보표준데이터,https://www.data.go.kr/data/15021141/standard.do,2025-11-10,place,포로수용소유적공원,관광지,경상남도 거제시,경상남도 거제시 계룡로 61,34.87637998,128.625371,한국전쟁 당시 거제도는 고립된 천연의 수용소로 아픈 한국 현대사의 상처가 남아 있는 곳이다.,지역 역사·관광 탐방 동화 배경,장소의 특징을 찾아보고 가족 여행 기록 남기기,5-7;8-10,관광;관광지;포로수용소유적공원;한국전쟁;당시;거제도는;고립된;천연의;수용소로;아픈;한국;현대사의,포로수용소유적공원,관광지,경상남도 거제시 계룡로 61,경상남도 거제시 고현동 362,79000,화장실,,아바타포,전시실,안내소,,1998-03-20,2000,100,한국전쟁 당시 거제도는 고립된 천연의 수용소로 아픈 한국 현대사의 상처가 남아 있는 곳이다.,055-639-0625,경상남도 거제시 거제해양관광개발공사,2025-11-10,5370000,경상남도 거제시
전국관광지정보표준데이터,https://www.data.go.kr/data/15021141/standard.do,2025-11-10,place,거제해금강,관광지,경상남도 거제시,경상남도 거제시 남부면 갈곶리 산 1,34.73266258,128.683858,자연경관이 빼어나 1971년 명승제2호로 지정됨，수억 년 파도와 바람에 씻긴 형상이 갖가지 모습을 연출한다.,지역 역사·관광 탐방 동화 배경,장소의 특징을 찾아보고 가족 여행 기록 남기기,5-7;8-10,관광;관광지;거제해금강;자연경관이;빼어나;1971년;명승제2호로;지정됨，수억;년;파도와;바람에;씻긴,거제해금강,관광지,,경상남도 거제시 남부면 갈곶리 산 1,102000,없음,,,,,,1971-01-01,0,0,자연경관이 빼어나 1971년 명승제2호로 지정됨，수억 년 파도와 바람에 씻긴 형상이 갖가지 모습을 연출한다.,055-639-3404,경상남도 거제시청,2025-11-10,5370000,경상남도 거제시
전국관광지정보표준데이터,https://www.data.go.kr/data/15021141/standard.do,2025-11-10,place,외도,관광지,경상남도 거제시,경상남도 거제시 일운면 외도길 17,34.76947226,128.7113921,개인 소유 섬으로 거제의 대표적인 관광지이다.,지역 역사·관광 탐방 동화 배경,장소의 특징을 찾아보고 가족 여행 기록 남기기,5-7;8-10,관광;관광지;외도;개인;소유;섬으로;거제의;대표적인;관광지이다.,외도,관광지,경상남도 거제시 일운면 외도길 17,경상남도 거제시 일운면 와현리 산 109,139463,화장실,,,전시실,안내소,,1995-04-15,2000,0,개인 소유 섬으로 거제의 대표적인 관광지이다.,055-681-4541,경상남도 거제시청,2025-11-10,5370000,경상남도 거제시
전국관광지정보표준데이터,https://www.data.go.kr/data/15021141/standard.do,2020-11-23,place,고석정,관광지,강원도 철원군,강원도 철원군 동송읍 태봉로 1825,38.18542141,127.2874037,1977년 국민관광지로 지정된 고석정은 한탄강 중류에 위치한 철원구경의 하나로 강 중앙에 10m 높이의 거대한 기암이 우뚝 솟아 있는 것이 특이한 남한대륙의 유일한 현무암 분출지이며 조선조 초기 임꺽정의 활동무대로도 널리 알려져 있어 많은 전설이 전해지고 있다. 이 곳에서 상류로 약 2km 지점에 직탕폭포와 하류 약 2km 지점에 순담이 위치해 있으며 넓은 잔디광장과 유원시설 등이 있어 어느 때나 관광객이 즐겨 찾고 있다. 또한 시설물관리사업소가 있어 안보관광도 함께 할 수 있는 관광의 최적지이다.,지역 역사·관광 탐방 동화 배경,장소의 특징을 찾아보고 가족 여행 기록 남기기,5-7;8-10,관광;관광지;고석정;1977년;국민관광지로;지정된;고석정은;한탄강;중류에;위치한;철원구경의;하나로,고석정,관광지,강원도 철원군 동송읍 태봉로 1825,강원도 철원군 동송읍 장흥리 20-1,793689,"시설물관리사업소, 주차장, 화장실, 매표소, 오수처리장, 도로 및 광장, 임꺽정상, 분수대관광정보센터, 관광안내소",관광호텔,"다목적운동장, 일반유원시설","잔디광장, 정자, 철원관광정보센터, 농업전시관, 팔각정, 생태탐방로","판매점, 종합휴게소",관광안내소,1977-03-17,166200,628,1977년 국민관광지로 지정된 고석정은 한탄강 중류에 위치한 철원구경의 하나로 강 중앙에 10m 높이의 거대한 기암이 우뚝 솟아 있는 것이 특이한 남한대륙의 유일한 현무암 분출지이며 조선조 초기 임꺽정의 활동무대로도 널리 알려져 있어 많은 전설이 전해지고 있다. 이 곳에서 상류로 약 2km 지점에 직탕폭포와 하류 약 2km 지점에 순담이 위치해 있으며 넓은 잔디광장과 유원시설 등이 있어 어느 때나 관광객이 즐겨 찾고 있다. 또한 시설물관리사업소가 있어 안보관광도 함께 할 수 있는 관광의 최적지이다.,033-450-5534,철원군청 관광과,2020-11-23,4301000,강원특별자치도 철원군
전국관광지정보표준데이터,https://www.data.go.kr/data/15021141/standard.do,2025-07-28,place,경산상대온천,관광지,경상북도 경산시,경상북도 경산시 남산면 상대로116길 18,35.78037855,128.7922287,"상대온천관광호텔은 경산 시내에서 자동차로 30분가량 걸리는 산속 마을에자리잡고 있어 처음 찾기는 어려우나, 수질이 좋아 한번 찾아온 사람은 반드시다시 찾아온다고 한다. 신라 시대부터 더운 바위샘온암정(溫巖井), 대추골 더운샘,온수골이라 불렸으며, 한겨울에도 물이 얼지 않아 빨래터로 이용했다. 수량이풍부한 데다 한국에서는 보기 드물게 알칼리성이 강한 황산천이다. 맑고 깨끗한온천수에 황산이온, 염소, 과망간산칼륨 등 2,500여 종의 각종 미네랄이 함유돼 있다.피부병·신경통·위장병·비뇨기질환·동맥경화증에 효과가 좋다고 알려져 있다. 특히위장병에 좋다고 해서 온천수를 그대로 마시는 사람들도 있다.객실은 양실과 한실로 구성돼 있으며, 연회장, 가족탕, 온천사우나, 토산품점, 예식홀,커피숍, 숲속 카페, 교육문화회관 등 부대시설을 갖추고 있다. 053)815-8001",지역 역사·관광 탐방 동화 배경,장소의 특징을 찾아보고 가족 여행 기록 남기기,5-7;8-10,관광;관광지;경산상대온천;상대온천관광호텔은;경산;시내에서;자동차로;30분가량;걸리는;산속;마을에자리잡고;있어,경산상대온천,관광지,경상북도 경산시 남산면 상대로116길 18,경상북도 경산시 남산면 상대리 528,262060,상대온천웨딩홀+커피,관광호텔,,교육문화회관,,,1987-12-15,100,100,"상대온천관광호텔은 경산 시내에서 자동차로 30분가량 걸리는 산속 마을에자리잡고 있어 처음 찾기는 어려우나, 수질이 좋아 한번 찾아온 사람은 반드시다시 찾아온다고 한다. 신라 시대부터 더운 바위샘온암정(溫巖井), 대추골 더운샘,온수골이라 불렸으며, 한겨울에도 물이 얼지 않아 빨래터로 이용했다. 수량이풍부한 데다 한국에서는 보기 드물게 알칼리성이 강한 황산천이다. 맑고 깨끗한온천수에 황산이온, 염소, 과망간산칼륨 등 2,500여 종의 각종 미네랄이 함유돼 있다.피부병·신경통·위장병·비뇨기질환·동맥경화증에 효과가 좋다고 알려져 있다. 특히위장병에 좋다고 해서 온천수를 그대로 마시는 사람들도 있다.객실은 양실과 한실로 구성돼 있으며, 연회장, 가족탕, 온천사우나, 토산품점, 예식홀,커피숍, 숲속 카페, 교육문화회관 등 부대시설을 갖추고 있다. 053)815-8001",053-810-5363,경상북도 경산시청,2025-07-28,5130000,경상북도 경산시
전국관광지정보표준데이터,https://www.data.go.kr/data/15021141/standard.do,2025-07-28,place,동의한방촌,관광지,경상북도 경산시,경상북도 경산시 남산면 삼성현공원로38,35.79937497,128.800141,자연치유및 한방치유 명품 한방문화체험관,지역 역사·관광 탐방 동화 배경,장소의 특징을 찾아보고 가족 여행 기록 남기기,5-7;8-10,관광;관광지;동의한방촌;자연치유및;한방치유;명품;한방문화체험관,동의한방촌,관광지,경상북도 경산시 남산면 삼성현공원로38,경상북도 경산시 남산면 인흥리 352-2,49447,체험시설,,,,,,2020-07-01,50,40,자연치유및 한방치유 명품 한방문화체험관,053-852-8866,경상북도 경산시청,2025-07-28,5130000,경상북도 경산시
전국관광지정보표준데이터,https://www.data.go.kr/data/15021141/standard.do,2025-07-28,place,삼성현역사문화공원,관광지,경상북도 경산시,경상북도 경산시 남산면 삼성현공원로59,35.80168834,128.7966117,일연원효설총 세 성현분들의 역사를 기록한 박물관 및 체험시설,지역 역사·관광 탐방 동화 배경,장소의 특징을 찾아보고 가족 여행 기록 남기기,5-7;8-10,관광;관광지;삼성현역사문화공원;일연원효설총;세;성현분들의;역사를;기록한;박물관;및;체험시설,삼성현역사문화공원,관광지,경상북도 경산시 남산면 삼성현공원로59,경상북도 경산시 남산면 인흥리250,262462,박물관+체험시설,,,,,,2015-04-30,50,100,일연원효설총 세 성현분들의 역사를 기록한 박물관 및 체험시설,053-804-7329,경상북도 경산시청,2025-07-28,5130000,경상북도 경산시
전국관광지정보표준데이터,https://www.data.go.kr/data/15021141/standard.do,2026-02-04,place,별밤미술관 in 선운,관광지,광주광역시 광산구,광주광역시 광산구 선운로2번길 40,35.14604759,126.7732908,"코로나19 팬데믹으로 위축된 예술인들의 활동을 장려하고 대중 속에서 꽃피는 전시문화를 위해, 주민들이 즐겨 찾는 거점공간에 비대면 간이 미술관 5개소를 조성 및 운영하고있습니다.  별밤미술관은 탁 트인 야외 공원에 위치하고 있고 저녁 시간에 운영하기 때문에 직장에 다니거나 일을 하느라 바쁜 일상에서 일부러 시간을 낼 필요도 없습니다. 퇴근 후 동네 공원에서 산책하시거나 운동하시면서 좋은 작품을 여유롭게 즐기시기만 하면 됩니다.",지역 역사·관광 탐방 동화 배경,장소의 특징을 찾아보고 가족 여행 기록 남기기,5-7;8-10,관광;관광지;별밤미술관;in;선운;코로나19;팬데믹으로;위축된;예술인들의;활동을;장려하고;대중,별밤미술관 in 선운,관광지,광주광역시 광산구 선운로2번길 40,광주광역시 광산구 선암동 794,40,없음,,,,,,2021-04-07,0,0,"코로나19 팬데믹으로 위축된 예술인들의 활동을 장려하고 대중 속에서 꽃피는 전시문화를 위해, 주민들이 즐겨 찾는 거점공간에 비대면 간이 미술관 5개소를 조성 및 운영하고있습니다.  별밤미술관은 탁 트인 야외 공원에 위치하고 있고 저녁 시간에 운영하기 때문에 직장에 다니거나 일을 하느라 바쁜 일상에서 일부러 시간을 낼 필요도 없습니다. 퇴근 후 동네 공원에서 산책하시거나 운동하시면서 좋은 작품을 여유롭게 즐기시기만 하면 됩니다.",062-960-3689,광주광역시 광산구청,2026-02-04,3630000,광주광역시 광산구
전국관광지정보표준데이터,https://www.data.go.kr/data/15021141/standard.do,2026-02-09,place,창원단감테마공원,관광지,경상남도 창원시,경상남도 창원시 의창구 동읍 동읍로 359번길 27,35.29915488,128.6632468,"전국 최초로 단감을 소재로 조성한 테마공원으로 아이들이 뛰어놀 수 있는 드넓은 잔디광장에 대형 데크무대와 단감그네, 바람개비 조형물 등이 설치되어 있어 공원을 찾는 방문객들에게 다양한 즐길거리를 선사한다.",지역 역사·관광 탐방 동화 배경,장소의 특징을 찾아보고 가족 여행 기록 남기기,5-7;8-10,관광;관광지;창원단감테마공원;전국;최초로;단감을;소재로;조성한;테마공원으로;아이들이;뛰어놀;수,창원단감테마공원,관광지,경상남도 창원시 의창구 동읍 동읍로 359번길 27,,49000,화장실+주차장+파고라+초가동,,,,,,2016-06-23,2000,196,"전국 최초로 단감을 소재로 조성한 테마공원으로 아이들이 뛰어놀 수 있는 드넓은 잔디광장에 대형 데크무대와 단감그네, 바람개비 조형물 등이 설치되어 있어 공원을 찾는 방문객들에게 다양한 즐길거리를 선사한다.",055-225-5611,경상남도 창원시청,2026-02-09,5670000,경상남도 창원시
전국관광지정보표준데이터,https://www.data.go.kr/data/15021141/standard.do,2026-02-26,place,장성호관광지,관광지,전라남도 장성군,전라남도 장성군 북하면 백양로 591-4,35.41373254,126.8508186,"문화예술공원,임권택시네마테크,수몰문화관 등이 모여 있는 장성호 상류의 관광지",지역 역사·관광 탐방 동화 배경,장소의 특징을 찾아보고 가족 여행 기록 남기기,5-7;8-10,관광;관광지;장성호관광지;문화예술공원;임권택시네마테크;수몰문화관;등이;모여;있는;장성호;상류의,장성호관광지,관광지,전라남도 장성군 북하면 백양로 591-4,전라남도 장성군 북하면 쌍웅리 산38-1,250595,관리사무소+화장실+주차장,임권택시네마테크캠프동,,문화예술공원+수몰문화관+야외공연장,매점,,1977-08-23,500,200,"문화예술공원,임권택시네마테크,수몰문화관 등이 모여 있는 장성호 상류의 관광지",061-392-7248,전라남도 장성군청,2026-02-26,4980000,전라남도 장성군
전국관광지정보표준데이터,https://www.data.go.kr/data/15021141/standard.do,2026-02-26,place,홍길동테마파크,관광지,전라남도 장성군,전라남도 장성군 황룡면 홍길동로 431,35.31862071,126.7265578,홍길동의 역사적 문화적 가치를 보존하고 있는 테마파크,지역 역사·관광 탐방 동화 배경,장소의 특징을 찾아보고 가족 여행 기록 남기기,5-7;8-10,관광;관광지;홍길동테마파크;홍길동의;역사적;문화적;가치를;보존하고;있는;테마파크,홍길동테마파크,관광지,전라남도 장성군 황룡면 홍길동로 431,전라남도 장성군 황룡면 아곡리 373,230639,관리사무소+화장실+주차장,청백한옥,풋살경기장+홍길동산채체험관,야영장,4D영상관+홍길동전시관,,2004-05-27,400,200,홍길동의 역사적 문화적 가치를 보존하고 있는 테마파크,061-390-7567,전라남도 장성군청,2026-02-26,4980000,전라남도 장성군
전국관광지정보표준데이터,https://www.data.go.kr/data/15021141/standard.do,2024-11-19,place,순천자연휴양림,관광지,전라남도 순천시,전라남도 순천시 서면 청소년수련원길 170,35.04388083,127.4744949,2011년 개장한 순천자연휴양림은 피톤치드가 풍부한 침엽수림으로 산책로가 길지않고 대부분이 평지여서 남녀노소 누구나 힐링할수 있는곳임,지역 역사·관광 탐방 동화 배경,장소의 특징을 찾아보고 가족 여행 기록 남기기,5-7;8-10,관광;관광지;순천자연휴양림;2011년;개장한;순천자연휴양림은;피톤치드가;풍부한;침엽수림으로;산책로가;길지않고;대부분이,순천자연휴양림,관광지,전라남도 순천시 서면 청소년수련원길 170,전라남도 순천시 서면 운평리 산160,900000,화장실+ 취사장+ 샤워장,객실 29실+ 캐빈하우스 6동+ 야영장 19면,,숲속치유의집+ 유아숲체험원,,관리사무소,2011-04-09,257,80,2011년 개장한 순천자연휴양림은 피톤치드가 풍부한 침엽수림으로 산책로가 길지않고 대부분이 평지여서 남녀노소 누구나 힐링할수 있는곳임,061-749-8948,전라남도 순천시청 산림과,2024-11-19,4820000,전라남도 순천시
전국관광지정보표준데이터,https://www.data.go.kr/data/15021141/standard.do,2024-11-19,place,기독교역사박물관,관광지,전라남도 순천시,전라남도 순천시 매산길 61(매곡동),34.96043473,127.4801207,호남기독교 100년의 역사를 품은 순천시 기독교역사박물관은 한국 기독교 선교의 역사를 다양한 유물과 영상을 통해 알기 쉽게 전달하는 공립박물관입니다.,지역 역사·관광 탐방 동화 배경,장소의 특징을 찾아보고 가족 여행 기록 남기기,5-7;8-10,관광;관광지;기독교역사박물관;호남기독교;100년의;역사를;품은;순천시;기독교역사박물관은;한국;기독교;선교의,기독교역사박물관,관광지,전라남도 순천시 매산길 61(매곡동),전라남도 순천시 매곡동 179-10,1447,작은 도서관+ 안내데스크,해당없음,해당없음,해당없음,해당없음,해당없음,2012-11-20,100,4,호남기독교 100년의 역사를 품은 순천시 기독교역사박물관은 한국 기독교 선교의 역사를 다양한 유물과 영상을 통해 알기 쉽게 전달하는 공립박물관입니다.,061-749-8858,전라남도 순천시청 문화유산과,2024-11-19,4820000,전라남도 순천시
전국관광지정보표준데이터,https://www.data.go.kr/data/15021141/standard.do,2024-11-19,place,승주골프장,관광지,전라남도 순천시,전라남도 순천시 별량면 오실길 333,34.89477542,127.4482083,"63만평의 순천만과 다도해가 내려다 보이는 광활한 대지 위에 자연 그대로 어우러져 동, 남, 중 3개 코스로 펼쳐진 전장 9,682m의 27홀 회원제 골프장입니다.",지역 역사·관광 탐방 동화 배경,장소의 특징을 찾아보고 가족 여행 기록 남기기,5-7;8-10,관광;관광지;승주골프장;63만평의;순천만과;다도해가;내려다;보이는;광활한;대지;위에;자연,승주골프장,관광지,전라남도 순천시 별량면 오실길 333,전라남도 순천시 별량면 덕정리 산90-1,630000,주차장,,,,,,2017-05-01,500,400,"63만평의 순천만과 다도해가 내려다 보이는 광활한 대지 위에 자연 그대로 어우러져 동, 남, 중 3개 코스로 펼쳐진 전장 9,682m의 27홀 회원제 골프장입니다.",061-740-8181,전라남도 순천시청 승주읍,2024-11-19,4820000,전라남도 순천시
전국관광지정보표준데이터,https://www.data.go.kr/data/15021141/standard.do,2024-11-19,place,파인힐스골프장,관광지,전라남도 순천시,전라남도 순천시 주암면 송광사길 99,35.03454985,127.2723022,산림의 짙은 솔 내음의 대자연의 청취속에서 어우러진 다이나믹하고 드라마틱한 27홀코스,지역 역사·관광 탐방 동화 배경,장소의 특징을 찾아보고 가족 여행 기록 남기기,5-7;8-10,관광;관광지;파인힐스골프장;산림의;짙은;솔;내음의;대자연의;청취속에서;어우러진;다이나믹하고;드라마틱한,파인힐스골프장,관광지,전라남도 순천시 주암면 송광사길 99,전라남도 순천시 주암면 문길리 산20-2,1023000,클럽하우스+ 락카룸+ 사우나,골프텔(36객실),27홀,,레스토랑+ 그늘집+ 프로샵,,2004-11-24,480,300,산림의 짙은 솔 내음의 대자연의 청취속에서 어우러진 다이나믹하고 드라마틱한 27홀코스,061-750-9000,전라남도 순천시청 주암면,2024-11-19,4820000,전라남도 순천시
전국관광지정보표준데이터,https://www.data.go.kr/data/15021141/standard.do,2024-11-19,place,레이크힐스골프장,관광지,전라남도 순천시,전라남도 순천시 주암면 행정1길 77,35.0453779,127.3092617,남도의 따뜻한 기후 아래 사계절 내내 푸른 양잔디에서 라운딩이 가능한 꿈의 필드,지역 역사·관광 탐방 동화 배경,장소의 특징을 찾아보고 가족 여행 기록 남기기,5-7;8-10,관광;관광지;레이크힐스골프장;남도의;따뜻한;기후;아래;사계절;내내;푸른;양잔디에서;라운딩이,레이크힐스골프장,관광지,전라남도 순천시 주암면 행정1길 77,전라남도 순천시 주암면 행정리 1,1120000,클럽하우스+ 락카룸+ 사우나,골프텔,36홀,,레스토랑+ 프로샵,,2008-03-13,656,400,남도의 따뜻한 기후 아래 사계절 내내 푸른 양잔디에서 라운딩이 가능한 꿈의 필드,061-729-8888,전라남도 순천시청 주암면,2024-11-19,4820000,전라남도 순천시
전국관광지정보표준데이터,https://www.data.go.kr/data/15021141/standard.do,2024-11-19,place,순천컨트리클럽,관광지,전라남도 순천시,전라남도 순천시 별량면 동화사길 85,34.86653556,127.4059214,"골프를 즐기면서 순천만과 여수, 고흥 앞바다를 한눈에 내려다볼 수 있는 자연 경관이 아름다운 남도 최고의 힐링골프장이다.",지역 역사·관광 탐방 동화 배경,장소의 특징을 찾아보고 가족 여행 기록 남기기,5-7;8-10,관광;관광지;순천컨트리클럽;골프를;즐기면서;순천만과;여수;고흥;앞바다를;한눈에;내려다볼;수,순천컨트리클럽,관광지,전라남도 순천시 별량면 동화사길 85,전라남도 순천시 별량면 죽산리 447,1620000,골프장,,,,매점+식당,,2007-03-12,160,150,"골프를 즐기면서 순천만과 여수, 고흥 앞바다를 한눈에 내려다볼 수 있는 자연 경관이 아름다운 남도 최고의 힐링골프장이다.",061-720-0000,전라남도 순천시청 별량면,2024-11-19,4820000,전라남도 순천시
전국관광지정보표준데이터,https://www.data.go.kr/data/15021141/standard.do,2024-11-19,place,부영컨트리클럽,관광지,전라남도 순천시,전라남도 순천시 해룡면 신대로 188,34.94005246,127.5555065,자연 친화형 설계로 도심과 가까운 곳에 위치하여 언제든지 부담없이 즐길수 있는 18홀 코스 컨트리클럽,지역 역사·관광 탐방 동화 배경,장소의 특징을 찾아보고 가족 여행 기록 남기기,5-7;8-10,관광;관광지;부영컨트리클럽;자연;친화형;설계로;도심과;가까운;곳에;위치하여;언제든지;부담없이,부영컨트리클럽,관광지,전라남도 순천시 해룡면 신대로 188,전라남도 순천시 해룡면 신대리 1043,842238,ATM,호텔,골프연습장,,호텔 76객실,,2012-10-03,160,150,자연 친화형 설계로 도심과 가까운 곳에 위치하여 언제든지 부담없이 즐길수 있는 18홀 코스 컨트리클럽,061-816-5500,전라남도 순천시청 해룡면,2024-11-19,4820000,전라남도 순천시
전국관광지정보표준데이터,https://www.data.go.kr/data/15021141/standard.do,2024-11-19,place,그림책도서관,관광지,전라남도 순천시,전라남도 순천시 도서관길 33(동외동),34.9579091,127.4860252,그림책원화전시 및 인형극등 체험,지역 역사·관광 탐방 동화 배경,장소의 특징을 찾아보고 가족 여행 기록 남기기,5-7;8-10,관광;관광지;그림책도서관;그림책원화전시;및;인형극등;체험,그림책도서관,관광지,전라남도 순천시 도서관길 33(동외동),전라남도 순천시 동외동 176,2205,화장실+ 수유실,,,인형극장,카페테리아,,2017-01-01,200,20,그림책원화전시 및 인형극등 체험,061-749-8892,전라남도 순천시청 도서관운영과,2024-11-19,4820000,전라남도 순천시
전국관광지정보표준데이터,https://www.data.go.kr/data/15021141/standard.do,2024-11-19,place,순천시청소년수련원,관광지,전라남도 순천시,전라남도 순천시 서면 청소년수련원길 167,35.04652524,127.4733227,물과 숲 그리고 자연과 사람이 어우러지는 청소년 수련원,지역 역사·관광 탐방 동화 배경,장소의 특징을 찾아보고 가족 여행 기록 남기기,5-7;8-10,관광;관광지;순천시청소년수련원;물과;숲;그리고;자연과;사람이;어우러지는;청소년;수련원,순천시청소년수련원,관광지,전라남도 순천시 서면 청소년수련원길 167,전라남도 순천시 서면 운평리 774-1,559000,화장실,,,,,,1993-10-22,7500,100,물과 숲 그리고 자연과 사람이 어우러지는 청소년 수련원,061-755-6296,전라남도 순천시청 평생학습과,2024-11-19,4820000,전라남도 순천시
전국관광지정보표준데이터,https://www.data.go.kr/data/15021141/standard.do,2024-11-19,place,순천용오름마을,관광지,전라남도 순천시,전라남도 순천시 주암면 운룡2길 17,35.0921171,127.2020571,"한봉채취, 천연 밀랍초 만들기, 한봉 분양받기, 꿀벌 관찰 등 다양하고 흥미로운 체험을 할 수 있는 농촌전통테마마을",지역 역사·관광 탐방 동화 배경,장소의 특징을 찾아보고 가족 여행 기록 남기기,5-7;8-10,관광;관광지;순천용오름마을;한봉채취;천연;밀랍초;만들기;한봉;분양받기;꿀벌;관찰;등,순천용오름마을,관광지,전라남도 순천시 주암면 운룡2길 17,전라남도 순천시 주암면 운룡리 798-1,98300,화장실+ 테마체험관+,숙박시설 5개,,용오름계곡,매점+ 용오름장터,,2011-03-01,100,50,"한봉채취, 천연 밀랍초 만들기, 한봉 분양받기, 꿀벌 관찰 등 다양하고 흥미로운 체험을 할 수 있는 농촌전통테마마을",061-754-2416,전라남도 순천시청 주암면,2024-11-19,4820000,전라남도 순천시
전국관광지정보표준데이터,https://www.data.go.kr/data/15021141/standard.do,2023-12-27,place,비비정예술열차,관광지,전라북도 완주군,전라북도 완주군 삼례읍 비비정길 73-21,35.89880244,127.0676418,"1량은 레스토랑, 1량과 2량 사이의 공간은 음악공연, 2량은 특산물 판매점, 3량에는 편의점과 갤러리, 4량은 카페로 구성되어 있다",지역 역사·관광 탐방 동화 배경,장소의 특징을 찾아보고 가족 여행 기록 남기기,5-7;8-10,관광;관광지;비비정예술열차;1량은;레스토랑;1량과;2량;사이의;공간은;음악공연;2량은;특산물,비비정예술열차,관광지,전라북도 완주군 삼례읍 비비정길 73-21,,876,주차장+레스토랑+아트숍+카페,,,주차장+레스토랑+아트숍+카페,주차장+레스토랑+아트숍+카페,,2021-06-16,30,20,"1량은 레스토랑, 1량과 2량 사이의 공간은 음악공연, 2량은 특산물 판매점, 3량에는 편의점과 갤러리, 4량은 카페로 구성되어 있다",063-211-7788,전라북도 완주군청,2023-12-27,4721000,전북특별자치도 완주군
전국관광지정보표준데이터,https://www.data.go.kr/data/15021141/standard.do,2023-12-27,place,삼례문화예술촌,관광지,전라북도 완주군,전라북도 완주군 삼례읍 삼례역로 81-13,35.90623513,127.0658535,수탈의 상징인 양곡창고를 문화예술의 중심지로 탈바꿈시켜 역사적 의미와 문화가 공존하는 삼례만의 독특하고 절묘한 공간,지역 역사·관광 탐방 동화 배경,장소의 특징을 찾아보고 가족 여행 기록 남기기,5-7;8-10,관광;관광지;삼례문화예술촌;수탈의;상징인;양곡창고를;문화예술의;중심지로;탈바꿈시켜;역사적;의미와;문화가,삼례문화예술촌,관광지,전라북도 완주군 삼례읍 삼례역로 81-13,,11800,관리사무소+화장실(3동)+주차장,관광호텔,,관리사무소+화장실(3동)+주차장,관리사무소+화장실(3동)+주차장,,2021-06-16,150,30,수탈의 상징인 양곡창고를 문화예술의 중심지로 탈바꿈시켜 역사적 의미와 문화가 공존하는 삼례만의 독특하고 절묘한 공간,063-290-2614,전라북도 완주군청,2023-12-27,4721000,전북특별자치도 완주군
전국관광지정보표준데이터,https://www.data.go.kr/data/15021141/standard.do,2023-12-27,place,삼례책마을,관광지,전라북도 완주군,전라북도 완주군 삼례읍 삼례역로 68,35.90745719,127.065756,전시와 공연 토크콘서트 등 다양한 프로그램을 운영하고 있는 곳,지역 역사·관광 탐방 동화 배경,장소의 특징을 찾아보고 가족 여행 기록 남기기,5-7;8-10,관광;관광지;삼례책마을;전시와;공연;토크콘서트;등;다양한;프로그램을;운영하고;있는;곳,삼례책마을,관광지,전라북도 완주군 삼례읍 삼례역로 68,,2445,주차장+카페+무인서점,관광호텔,,주차장+카페+무인서점,주차장+카페+무인서점,,2021-06-16,120,30,전시와 공연 토크콘서트 등 다양한 프로그램을 운영하고 있는 곳,063-290-2614,전라북도 완주군청,2023-12-27,4721000,전북특별자치도 완주군
전국관광지정보표준데이터,https://www.data.go.kr/data/15021141/standard.do,2023-12-27,place,그림책미술관,관광지,전라북도 완주군,전라북도 완주군 삼례읍 삼례역로 48-1,35.90832046,127.068059,"그림책을 보고, 듣고, 느낄 수 있는 공간",지역 역사·관광 탐방 동화 배경,장소의 특징을 찾아보고 가족 여행 기록 남기기,5-7;8-10,관광;관광지;그림책미술관;그림책을;보고;듣고;느낄;수;있는;공간,그림책미술관,관광지,전라북도 완주군 삼례읍 삼례역로 48-1,,757,주차장,관광호텔,,주차장,주차장,,2021-06-16,30,5,"그림책을 보고, 듣고, 느낄 수 있는 공간",063-290-2614,전라북도 완주군청,2023-12-27,4721000,전북특별자치도 완주군
전국관광지정보표준데이터,https://www.data.go.kr/data/15021141/standard.do,2023-12-27,place,대한민국술테마박물관,관광지,전라북도 완주군,전라북도 완주군 구이면 덕천전원길 232-58,35.726048,127.1361627,5만여 점의 유물을 통해 태곳적부터 현대까지 우리 술에 담긴 다양한 이야기를 오롯이 담고 있는 테마박물관,지역 역사·관광 탐방 동화 배경,장소의 특징을 찾아보고 가족 여행 기록 남기기,5-7;8-10,관광;관광지;대한민국술테마박물관;5만여;점의;유물을;통해;태곳적부터;현대까지;우리;술에;담긴,대한민국술테마박물관,관광지,전라북도 완주군 구이면 덕천전원길 232-58,,61594,관리사무소+화장실(5동)+주차장,,,관리사무소+화장실(5동)+주차장,관리사무소+화장실(5동)+주차장,,2021-06-16,150,40,5만여 점의 유물을 통해 태곳적부터 현대까지 우리 술에 담긴 다양한 이야기를 오롯이 담고 있는 테마박물관,063-290-3854,전라북도 완주군청,2023-12-27,4721000,전북특별자치도 완주군
전국관광지정보표준데이터,https://www.data.go.kr/data/15021141/standard.do,2023-12-27,place,완주전통문화체험장,관광지,전라북도 완주군,전라북도 완주군 고산면 대아저수로 416,35.98879491,127.261342,고즈넉한 한옥의 숨결을 느끼며 뛰어난 자연경관 속에 아늑한 휴식을 즐기기에 안성맞춤인 공간,지역 역사·관광 탐방 동화 배경,장소의 특징을 찾아보고 가족 여행 기록 남기기,5-7;8-10,관광;관광지;완주전통문화체험장;고즈넉한;한옥의;숨결을;느끼며;뛰어난;자연경관;속에;아늑한;휴식을,완주전통문화체험장,관광지,전라북도 완주군 고산면 대아저수로 416,,1215,주차장+화장실,,,주차장+화장실,주차장+화장실,,2021-06-16,50,100,고즈넉한 한옥의 숨결을 느끼며 뛰어난 자연경관 속에 아늑한 휴식을 즐기기에 안성맞춤인 공간,070-4100-1100,전라북도 완주군청,2023-12-27,4721000,전북특별자치도 완주군
전국관광지정보표준데이터,https://www.data.go.kr/data/15021141/standard.do,2025-03-31,place,간현관광지,관광지,강원특별자치도 원주시,강원특별자치도 원주시 지정면 소금산길 12,37.36457641,127.834038,섬강과 삼산천 강물이 합수되는 지점에 위치하고 있어 빼어난 자연경관과 소금산 등반 등을 할 수 있음,지역 역사·관광 탐방 동화 배경,장소의 특징을 찾아보고 가족 여행 기록 남기기,5-7;8-10,관광;관광지;간현관광지;섬강과;삼산천;강물이;합수되는;지점에;위치하고;있어;빼어난;자연경관과,간현관광지,관광지,강원특별자치도 원주시 지정면 소금산길 12,강원특별자치도 원주시 지정면 간현리 1056-24,364644,관리사무소+주차장+화장실+샤워장,민박+모텔,풋살장+족구장,야영장+공연장+수련원,,,1984-05-02,50000,268,섬강과 삼산천 강물이 합수되는 지점에 위치하고 있어 빼어난 자연경관과 소금산 등반 등을 할 수 있음,033-737-4765,강원특별자치도 원주시청,2025-03-31,4191000,강원특별자치도 원주시
전국관광지정보표준데이터,https://www.data.go.kr/data/15021141/standard.do,2025-06-25,place,대가야생활촌,관광지,경상북도 고령군,경상북도 고령군 대가야읍 신남로 81,35.7118532,128.269244,"역사적 고증과 현대적 상상을 바탕으로 대가야의 역사와 문화의 과거, 현재, 미래의 모습을 볼 수 있도록 재현한 대가야생활촌입니다. 대가야생활촌에는 1500년 전 대가야시대로 안내해주는 인트로영상관, 대가야 의식주 생활상을 재현한 인줄마을, 대가야를 대표하는 철기문화를 직접 체험할 수 있는 불묏골, 대가야의 토기문화와 교역물품을 알아볼 수 있는 골안마을, 아름다운 경관을 감상 할 수 있는 상가라도못, 짚라인을 즐길 수 있는 놀이터가 있는 메나릿골, 여름철 시원한 물놀이가 가능한 물놀이장, 대가야 철의 원정대 일원이 되어 원정선 하지호에 승선할 수 있는 주산성전시관, 기와마을과 초가마을로 이루어진 숙박시설 한기촌 등이 있어 학습체험과 관광숙박을 한 곳에서 즐길 수 있습니다.",지역 역사·관광 탐방 동화 배경,장소의 특징을 찾아보고 가족 여행 기록 남기기,5-7;8-10,관광;관광지;대가야생활촌;역사적;고증과;현대적;상상을;바탕으로;대가야의;역사와;문화의;과거,대가야생활촌,관광지,경상북도 고령군 대가야읍 신남로 81,경상북도 고령군 대가야읍 고아리 658,102067,관리사무실 1동(매표소)+고객쉼터(1동)+수유실(2동)+공중화장실(3동)+문화관광안내소 및 복식체험존(1동)+연못 1개소+어린이 놀이터 1개소+물놀이시설 1개소+전시관 3개소,기와마을 11실+초가마을 9실,,,,,2019-02-25,500,198,"역사적 고증과 현대적 상상을 바탕으로 대가야의 역사와 문화의 과거, 현재, 미래의 모습을 볼 수 있도록 재현한 대가야생활촌입니다. 대가야생활촌에는 1500년 전 대가야시대로 안내해주는 인트로영상관, 대가야 의식주 생활상을 재현한 인줄마을, 대가야를 대표하는 철기문화를 직접 체험할 수 있는 불묏골, 대가야의 토기문화와 교역물품을 알아볼 수 있는 골안마을, 아름다운 경관을 감상 할 수 있는 상가라도못, 짚라인을 즐길 수 있는 놀이터가 있는 메나릿골, 여름철 시원한 물놀이가 가능한 물놀이장, 대가야 철의 원정대 일원이 되어 원정선 하지호에 승선할 수 있는 주산성전시관, 기와마을과 초가마을로 이루어진 숙박시설 한기촌 등이 있어 학습체험과 관광숙박을 한 곳에서 즐길 수 있습니다.",054-950-7180,경상북도 고령군청,2025-06-25,5200000,경상북도 고령군
전국관광지정보표준데이터,https://www.data.go.kr/data/15021141/standard.do,2025-06-25,place,대가야역사테마관광지,관광지,경상북도 고령군,경상북도 고령군 대가야읍 대가야로 1216,35.72008263,128.2596761,"찬란하게 꽃 피웠던 대가야의 토기와 철기, 가야금 문화 등 대가야의 역사를 테마로 하여 조성된 관광지입니다. 대가야에 대하여 배워볼 수 있는 전시관들 및 대가야탐방숲길이 있으며, 아이들이 즐겁게 즐길 수 있는 레일썰매장, 물놀이장을 운영하고 있습니다.",지역 역사·관광 탐방 동화 배경,장소의 특징을 찾아보고 가족 여행 기록 남기기,5-7;8-10,관광;관광지;대가야역사테마관광지;찬란하게;꽃;피웠던;대가야의;토기와;철기;가야금;문화;등,대가야역사테마관광지,관광지,경상북도 고령군 대가야읍 대가야로 1216,경상북도 고령군 대가야읍 지산리 471-1,154588,관리사무실(매표소) 1동+수유실(1동)+공중화장실(2동)+문화관광안내소(1동)+연못 1개소+어린이놀이터 1개소+음악분수,대가야 펜션 10실+인빈관 4실,,"작은영화관 1개소(2개관, 총 99석)","세미나실(주산실 50석, 금산실 28석)",,2009-03-25,500,178,"찬란하게 꽃 피웠던 대가야의 토기와 철기, 가야금 문화 등 대가야의 역사를 테마로 하여 조성된 관광지입니다. 대가야에 대하여 배워볼 수 있는 전시관들 및 대가야탐방숲길이 있으며, 아이들이 즐겁게 즐길 수 있는 레일썰매장, 물놀이장을 운영하고 있습니다.",054-950-7005,경상북도 고령군청,2025-06-25,5200000,경상북도 고령군
전국관광지정보표준데이터,https://www.data.go.kr/data/15021141/standard.do,2025-06-28,place,한탄강관광지,관광지,경기도 연천군,경기도 연천군 전곡읍 선사로 76,38.00887699,127.0588604,한탄강이 내려다보이는 천혜의 위치에 자리잡은 관광지,지역 역사·관광 탐방 동화 배경,장소의 특징을 찾아보고 가족 여행 기록 남기기,5-7;8-10,관광;관광지;한탄강관광지;한탄강이;내려다보이는;천혜의;위치에;자리잡은,한탄강관광지,관광지,경기도 연천군 전곡읍 선사로 76,경기도 연천군 전곡읍 전곡리 696-3,312000,관리사무소+화장실+주차장,캐라반59개+캐빈하우스16개+강변야영장86면+언덕야영장19면,인조잔디구장+풋살구장+농구장+인라인스케이트장+산책로+캐릭터공원+각종체육시설,오토캠핑장,,,1977-03-31,7800,392,한탄강이 내려다보이는 천혜의 위치에 자리잡은 관광지,031-839-2148,경기도연천군청,2025-06-28,4140000,경기도 연천군
전국관광지정보표준데이터,https://www.data.go.kr/data/15021141/standard.do,2025-06-28,place,연천재인폭포,관광지,경기도 연천군,경기도 연천군 연천읍 부곡리 193,38.07672631,127.142345,18.5m 높이의 폭포로 연천군 대표적인 명승지,지역 역사·관광 탐방 동화 배경,장소의 특징을 찾아보고 가족 여행 기록 남기기,5-7;8-10,관광;관광지;연천재인폭포;18.5m;높이의;폭포로;연천군;대표적인;명승지,연천재인폭포,관광지,,경기도 연천군 연천읍 부곡리 193,27569,해설안내소+화장실+주차장,,,출렁다리,,,2013-02-12,500,50,18.5m 높이의 폭포로 연천군 대표적인 명승지,031-839-2278,경기도연천군청,2025-06-28,4140000,경기도 연천군
전국관광지정보표준데이터,https://www.data.go.kr/data/15021141/standard.do,2025-11-10,place,바람의언덕,관광지,경상남도 거제시,경상남도 거제시 남부면 갈곶리 산14-47,34.74401583,128.6632699,영화의 제목처럼 불리는 언덕으로 실제 많은 드라마 속 배경으로 유명해졌다. 마무 계단으로 연결된 산책로를 따라 언덕을 오르면 몸을 가누기 힘들 정도의 바람이 마치 힘겨루기 하듯 불어온다. 정상 부근 벤치에 앉으면 지중해의 경치가 부럽지 않은 우리 국토의 또 다른 아름다움이 눈앞으로 펼쳐진다.,지역 역사·관광 탐방 동화 배경,장소의 특징을 찾아보고 가족 여행 기록 남기기,5-7;8-10,관광;관광지;바람의언덕;영화의;제목처럼;불리는;언덕으로;실제;많은;드라마;속;배경으로,바람의언덕,관광지,,경상남도 거제시 남부면 갈곶리 산14-47,84953.21,화장실,,,,,,2002-10-01,3000,150,영화의 제목처럼 불리는 언덕으로 실제 많은 드라마 속 배경으로 유명해졌다. 마무 계단으로 연결된 산책로를 따라 언덕을 오르면 몸을 가누기 힘들 정도의 바람이 마치 힘겨루기 하듯 불어온다. 정상 부근 벤치에 앉으면 지중해의 경치가 부럽지 않은 우리 국토의 또 다른 아름다움이 눈앞으로 펼쳐진다.,055-639-4183,경상남도 거제시청,2025-11-10,5370000,경상남도 거제시
전국관광지정보표준데이터,https://www.data.go.kr/data/15021141/standard.do,2025-11-10,place,우제봉전망대,관광지,경상남도 거제시,경상남도 거제시 남부면 갈곶리 산2-16,34.73218035,128.6738928,한려해상국립공원을 한눈에 볼 수 있는 전망대로 해발 107m에 위치해 있다. 정면으로는 거제 해금강이 보여 멋진비경을 자랑한다,지역 역사·관광 탐방 동화 배경,장소의 특징을 찾아보고 가족 여행 기록 남기기,5-7;8-10,관광;관광지;우제봉전망대;한려해상국립공원을;한눈에;볼;수;있는;전망대로;해발;107m에;위치해,우제봉전망대,관광지,,경상남도 거제시 남부면 갈곶리 산2-16,220114.15,없음,,,,,,1994-02-01,1000,200,한려해상국립공원을 한눈에 볼 수 있는 전망대로 해발 107m에 위치해 있다. 정면으로는 거제 해금강이 보여 멋진비경을 자랑한다,055-639-4793,경상남도 거제시청,2025-11-10,5370000,경상남도 거제시
전국관광지정보표준데이터,https://www.data.go.kr/data/15021141/standard.do,2025-11-10,place,청마기념관,관광지,경상남도 거제시,경상남도 거제시 둔덕면 방하2길 6,34.854887,128.517123,청마 유치환이 태어난 곳으로 그이 문학 정신을 기리고 그 업적을 고양하기 위하여 기념관을 건립,지역 역사·관광 탐방 동화 배경,장소의 특징을 찾아보고 가족 여행 기록 남기기,5-7;8-10,관광;관광지;청마기념관;청마;유치환이;태어난;곳으로;그이;문학;정신을;기리고;그,청마기념관,관광지,경상남도 거제시 둔덕면 방하2길 6,경상남도 거제시 둔덕면 방하리 505-1,550.18,화장실,,,전시실,안내소,,2000-05-01,200,20,청마 유치환이 태어난 곳으로 그이 문학 정신을 기리고 그 업적을 고양하기 위하여 기념관을 건립,055-635-8340,경상남도 거제시 거제해양관광개발공사,2025-11-10,5370000,경상남도 거제시
전국관광지정보표준데이터,https://www.data.go.kr/data/15021141/standard.do,2025-11-10,place,씨월드,관광지,경상남도 거제시,경상남도 거제시 일운면 지세포해안로 15,34.835848,128.701478,대한민국 최대의 돌고래 체험시설로 돌고래 만지기，악수하기，돌고래에게 먹이주기 등 다양한 체험 및 교육프로그래을 즐길 수 있다.,지역 역사·관광 탐방 동화 배경,장소의 특징을 찾아보고 가족 여행 기록 남기기,5-7;8-10,관광;관광지;씨월드;대한민국;최대의;돌고래;체험시설로;만지기，악수하기，돌고래에게;먹이주기;등;다양한;체험,씨월드,관광지,경상남도 거제시 일운면 지세포해안로 15,경상남도 거제시 일운면 소동리 478-1,7696.89,화장실,,,전시실+돌고래체험,안내소,,2013-05-10,300,30,대한민국 최대의 돌고래 체험시설로 돌고래 만지기，악수하기，돌고래에게 먹이주기 등 다양한 체험 및 교육프로그래을 즐길 수 있다.,055-682-0330,거제씨월드,2025-11-10,5370000,경상남도 거제시
전국관광지정보표준데이터,https://www.data.go.kr/data/15021141/standard.do,2024-08-12,place,사성암,관광지,전라남도 구례군,전라남도 구례군 문척면 사성암길 303,35.1801282769,127.480644,2014년 명승 제111호로 지정된 사성암은 해발 531m의 오산 정상에 위치해 있다.,지역 역사·관광 탐방 동화 배경,장소의 특징을 찾아보고 가족 여행 기록 남기기,5-7;8-10,관광;관광지;사성암;2014년;명승;제111호로;지정된;사성암은;해발;531m의;오산;정상에,사성암,관광지,전라남도 구례군 문척면 사성암길 303,전라남도 구례군 문척면 죽마리 산7-1,17000,화장실+주차장+상하수도시설,,,,,,1963-01-01,100,20,2014년 명승 제111호로 지정된 사성암은 해발 531m의 오산 정상에 위치해 있다.,061-781-4544,전라남도 구례군청,2024-08-12,4870000,전라남도 구례군
전국관광지정보표준데이터,https://www.data.go.kr/data/15021141/standard.do,2024-08-12,place,운조루,관광지,전라남도 구례군,전라남도 구례군 토지면 운조루길 59,35.2059449812,127.5152885523,운조루는 조선 영조 52년(1776년) 당시 삼수 부사를 지낸 류이주가 99칸(현 존 73칸)으로 지은품자형의 대규모 저택으로 조선 후기 건축양식을 따르고 있다.,지역 역사·관광 탐방 동화 배경,장소의 특징을 찾아보고 가족 여행 기록 남기기,5-7;8-10,관광;관광지;운조루;운조루는;조선;영조;52년(1776년);당시;삼수;부사를;지낸;류이주가,운조루,관광지,전라남도 구례군 토지면 운조루길 59,전라남도 구례군 토지면 오미리 103,4700,화장실+주차장,,,,,,1963-01-01,50,20,운조루는 조선 영조 52년(1776년) 당시 삼수 부사를 지낸 류이주가 99칸(현 존 73칸)으로 지은품자형의 대규모 저택으로 조선 후기 건축양식을 따르고 있다.,061-782-2432,전라남도 구례군청,2024-08-12,4870000,전라남도 구례군
전국관광지정보표준데이터,https://www.data.go.kr/data/15021141/standard.do,2024-08-12,place,한국압화박물관,관광지,전라남도 구례군,전라남도 구례군 구례읍 동산1길 29,35.1966499793,127.4599106331,대한민국 압화대전의 대통령상 수상작 등 국내외 작가들의 작품 600여 점이 전시 되어 있다.,지역 역사·관광 탐방 동화 배경,장소의 특징을 찾아보고 가족 여행 기록 남기기,5-7;8-10,관광;관광지;한국압화박물관;대한민국;압화대전의;대통령상;수상작;등;국내외;작가들의;작품;600여,한국압화박물관,관광지,전라남도 구례군 구례읍 동산1길 29,전라남도 구례군 봉서리 894-2,1400,화장실+주차장+상하수도시설,,,,,,2016-05-26,50,10,대한민국 압화대전의 대통령상 수상작 등 국내외 작가들의 작품 600여 점이 전시 되어 있다.,061-780-2082,전라남도 구례군청,2024-08-12,4870000,전라남도 구례군
전국관광지정보표준데이터,https://www.data.go.kr/data/15021141/standard.do,2024-08-12,place,지리산역사문화관,관광지,전라남도 구례군,전라남도 구례군 마산면 화엄사로 377-36,35.2440852427,127.4837598742,"지리산권의 다양한 역사, 문화자원이 전시된 곳으로,강따라(기획전시), 산따라(상설전시), 길따라(체험전시) 등 총 3개관으로 구성되어 있다.",지역 역사·관광 탐방 동화 배경,장소의 특징을 찾아보고 가족 여행 기록 남기기,5-7;8-10,관광;관광지;지리산역사문화관;지리산권의;다양한;역사;문화자원이;전시된;곳으로;강따라(기획전시);산따라(상설전시);길따라(체험전시),지리산역사문화관,관광지,전라남도 구례군 마산면 화엄사로 377-36,전라남도 구례군 마산면 황전리 605,38000,화장실+주차장+상하수도시설,,,,,,2019-04-15,100,30,"지리산권의 다양한 역사, 문화자원이 전시된 곳으로,강따라(기획전시), 산따라(상설전시), 길따라(체험전시) 등 총 3개관으로 구성되어 있다.",061-780-8040,전라남도 구례군청,2024-08-12,4870000,전라남도 구례군
전국관광지정보표준데이터,https://www.data.go.kr/data/15021141/standard.do,2024-08-12,place,섬진강어류생태관,관광지,전라남도 구례군,전라남도 구례군 간전면 간전중앙로 47,35.1874522353,127.5465226180,"섬진강 민물고기 자원에 대한 체계적인 보전과 생태전시를 위한 전시관이다.강따라(기획전시), 산따라(상설전시), 길따라(체험전시) 등 총 3개관으로 구성되어 있다.",지역 역사·관광 탐방 동화 배경,장소의 특징을 찾아보고 가족 여행 기록 남기기,5-7;8-10,관광;관광지;섬진강어류생태관;섬진강;민물고기;자원에;대한;체계적인;보전과;생태전시를;위한;전시관이다.강따라(기획전시),섬진강어류생태관,관광지,전라남도 구례군 간전면 간전중앙로 47,전라남도 구례군 간전면 양천리 815-12,25000,"화장실, 주차장, 상하수도시설",,,,,,2008-03-02,100,50,"섬진강 민물고기 자원에 대한 체계적인 보전과 생태전시를 위한 전시관이다.강따라(기획전시), 산따라(상설전시), 길따라(체험전시) 등 총 3개관으로 구성되어 있다.",0507-1330-366,전라남도 구례군청,2024-08-12,4870000,전라남도 구례군
전국관광지정보표준데이터,https://www.data.go.kr/data/15021141/standard.do,2025-07-01,place,지리산허브밸리,관광지,전북특별자치도 남원시,전북특별자치도 남원시 운봉읍 바래봉길 214,35.435092,127.548617,"국내 최대의 철쭉 군락지를 보듬고 있는 지리산 바래봉해발 600m 지역인 남원시 운봉읍 용산리 일대에 자리하고 있으며,2005년 정부로부터 지리산 웰빙 허브산업특구로 지정받은 지역입니다.지리산의 자연 속에서 허브의 모든 것을 즐길 수 있는 지리산허브밸리는대한민국 허브산업의 중심지입니다.",지역 역사·관광 탐방 동화 배경,장소의 특징을 찾아보고 가족 여행 기록 남기기,5-7;8-10,관광;관광지;지리산허브밸리;국내;최대의;철쭉;군락지를;보듬고;있는;지리산;바래봉해발;600m,지리산허브밸리,관광지,전북특별자치도 남원시 운봉읍 바래봉길 214,,720907,주차장,,,,,,2005-01-01,1000,150,"국내 최대의 철쭉 군락지를 보듬고 있는 지리산 바래봉해발 600m 지역인 남원시 운봉읍 용산리 일대에 자리하고 있으며,2005년 정부로부터 지리산 웰빙 허브산업특구로 지정받은 지역입니다.지리산의 자연 속에서 허브의 모든 것을 즐길 수 있는 지리산허브밸리는대한민국 허브산업의 중심지입니다.",063-620-6254,전북특별자치도 남원시청,2025-07-01,4701000,전북특별자치도 남원시
전국관광지정보표준데이터,https://www.data.go.kr/data/15021141/standard.do,2025-07-01,place,만인의총,관광지,전북특별자치도 남원시,전북특별자치도 남원시 만인로 3,35.420404,127.377325,만인의총은 정유재란(1597년)때 남원성 전투에서 순절한 민·관·군 1만여 의사들의 호국의 얼이 서려있는 성스러운 곳이다,지역 역사·관광 탐방 동화 배경,장소의 특징을 찾아보고 가족 여행 기록 남기기,5-7;8-10,관광;관광지;만인의총;만인의총은;정유재란(1597년)때;남원성;전투에서;순절한;민·관·군;1만여;의사들의;호국의,만인의총,관광지,전북특별자치도 남원시 만인로 3,,10866,주차장,,,,,,1981-04-01,1000,50,만인의총은 정유재란(1597년)때 남원성 전투에서 순절한 민·관·군 1만여 의사들의 호국의 얼이 서려있는 성스러운 곳이다,063-636-9321,문화재청,2025-07-01,4701000,전북특별자치도 남원시
전국관광지정보표준데이터,https://www.data.go.kr/data/15021141/standard.do,2026-03-27,place,강서체육공원,관광지,부산광역시 강서구,"부산광역시 강서구 체육공원로 43, (대저1동)",35.21018443,128.9723366,"강서체육공원은 강서구 대저1동에 부지면적 20만㎡로 2002, 6월에 완공되었다. 2002년 부산아시아경기대회 펜싱경기와 배드민턴경기가 열린 실내체육관과 2,000석 규모의 하키경기장, 500석 규모의 보조경기장, 그리고 양궁경기장 등으로 구성되어 있다. 강서체육공원은 종목별 경기장 뿐만 아니라 시민체육, 문화센터 등 여가시설을 위한 체육가족공원으로 조성되어 있으며, 천연잔디구장 2면은 부산아이콘스 및 유소년 축구클럽 전용연습장으로 사용하고 있다. 또한 4,189석의 관람석을 갖고 있는 실내체육관에서는 펜싱과 배드민턴 등 경기가 가능하며, 야간에는 주차장 일부를 폐쇄하여 인라인스케이트장으로 활용하고 있다.",지역 역사·관광 탐방 동화 배경,장소의 특징을 찾아보고 가족 여행 기록 남기기,5-7;8-10,관광;관광지;강서체육공원;강서체육공원은;강서구;대저1동에;부지면적;20만㎡로;2002;6월에;완공되었다.;2002년,강서체육공원,관광지,"부산광역시 강서구 체육공원로 43, (대저1동)",,208985,관리사무소+화장실+주차장,,"실내체육관(경기장1개소, 관람석 4189석)+보조체육관(지하1층: 수영장(1개소), 지상1층: 배드민턴장(9면), 지상2층: 트레이닝센터(1), 배트민턴장(3면))+하키경기장(경기장 2면(인조잔디), 관람석 2612석)+양궁경기장(경기장 1면, 관람석 432석)+축구연습장(경기장 2면)+테니스장(인조잔디 4면)+기타시설(야외농구장, 소공원 1개소)",,,,2002-06-30,7500,527,"강서체육공원은 강서구 대저1동에 부지면적 20만㎡로 2002, 6월에 완공되었다. 2002년 부산아시아경기대회 펜싱경기와 배드민턴경기가 열린 실내체육관과 2,000석 규모의 하키경기장, 500석 규모의 보조경기장, 그리고 양궁경기장 등으로 구성되어 있다. 강서체육공원은 종목별 경기장 뿐만 아니라 시민체육, 문화센터 등 여가시설을 위한 체육가족공원으로 조성되어 있으며, 천연잔디구장 2면은 부산아이콘스 및 유소년 축구클럽 전용연습장으로 사용하고 있다. 또한 4,189석의 관람석을 갖고 있는 실내체육관에서는 펜싱과 배드민턴 등 경기가 가능하며, 야간에는 주차장 일부를 폐쇄하여 인라인스케이트장으로 활용하고 있다.",051-970-1200,강서체육공원 관리사무소,2026-03-27,3360000,부산광역시 강서구
전국관광지정보표준데이터,https://www.data.go.kr/data/15021141/standard.do,2026-03-27,place,서낙동강카누경기장,관광지,부산광역시 강서구,"부산광역시 강서구 조정경기장길 120, (강동동)",35.17013026,128.9068188,"서낙동강 조정 카누 경기장은 강서구 강동교~남해 고속 도로 지선, 강서구 강동동 서낙동강 일대에 있다. 전국 체육 대회 등 국내 대회를 성공적으로 개최하여 조정·카누 인구의 저변 확대와 부산 체육 진흥에 크게 이바지하였다. 연중 해양 스포츠 아카데미를 개설·운영하여 조정, 카누, 래프팅 등을 배울 수 있으며, 다양한 해양 스포츠 체험을 할 수 있다. 매년 6월 중에는 강 스포츠 축제가 개최되고 있다.[네이버 지식백과] 서낙동강 조정 카누 경기장 [西洛東江漕艇-競技場] (한국향토문화전자대전)",지역 역사·관광 탐방 동화 배경,장소의 특징을 찾아보고 가족 여행 기록 남기기,5-7;8-10,관광;관광지;서낙동강카누경기장;서낙동강;조정;카누;경기장은;강서구;강동교~남해;고속;도로;지선,서낙동강카누경기장,관광지,"부산광역시 강서구 조정경기장길 120, (강동동)",,276272,관리사무소+화장실+주차장,,"운동장 276272㎡(부지25252㎡, 조정호 251020㎡)+경기장시설(조정8레인, 카누9레인)",,,,2002-07-31,150,20,"서낙동강 조정 카누 경기장은 강서구 강동교~남해 고속 도로 지선, 강서구 강동동 서낙동강 일대에 있다. 전국 체육 대회 등 국내 대회를 성공적으로 개최하여 조정·카누 인구의 저변 확대와 부산 체육 진흥에 크게 이바지하였다. 연중 해양 스포츠 아카데미를 개설·운영하여 조정, 카누, 래프팅 등을 배울 수 있으며, 다양한 해양 스포츠 체험을 할 수 있다. 매년 6월 중에는 강 스포츠 축제가 개최되고 있다.[네이버 지식백과] 서낙동강 조정 카누 경기장 [西洛東江漕艇-競技場] (한국향토문화전자대전)",051-970-4125,부산광역시 강서구청,2026-03-27,3360000,부산광역시 강서구
전국관광지정보표준데이터,https://www.data.go.kr/data/15021141/standard.do,2026-03-17,place,평택호관광단지,관광단지,경기도 평택시,경기도 평택시 현덕면 평택호길 48,36.914825,126.912951,문화와 예술이 살아숨쉬는 친환경 문화관광단지,지역 역사·관광 탐방 동화 배경,장소의 특징을 찾아보고 가족 여행 기록 남기기,5-7;8-10,관광;관광단지;평택호관광단지;문화와;예술이;살아숨쉬는;친환경;문화관광단지,평택호관광단지,관광단지,경기도 평택시 현덕면 평택호길 48,경기도 평택시 현덕면 권관리 551-3,663013,관리사무소+화장실(4동)+주차장(5개소) 등,조성중,조성중,한국소리터+평택호예술관+지영희국악관 등,조성중,관리사무소,1977-03-31,100000,724,문화와 예술이 살아숨쉬는 친환경 문화관광단지,031-8024-8687,경기도 평택시청,2026-03-17,3910000,경기도 평택시
전국관광지정보표준데이터,https://www.data.go.kr/data/15021141/standard.do,2026-04-03,place,수동관광지,관광지,경기도 남양주시,경기도 남양주시 수동면 비룡로 1635,37.75797919,127.2753596,몽골문화촌,지역 역사·관광 탐방 동화 배경,장소의 특징을 찾아보고 가족 여행 기록 남기기,5-7;8-10,관광;관광지;수동관광지;몽골문화촌,수동관광지,관광지,경기도 남양주시 수동면 비룡로 1635,경기도 남양주시 수동면 내방리 254,225000,개방화장실+주차장,,,몽골문화촌+민속전시관+어린이체험관+공연장,,,1983-10-11,100,119,몽골문화촌,031-559-8018,경기도 남양주시청,2026-04-03,3990000,경기도 남양주시
전국관광지정보표준데이터,https://www.data.go.kr/data/15021141/standard.do,2025-06-30,place,좌천동굴,관광지,부산광역시 동구,부산광역시 동구 고관로185번길 1,35.13325838,129.0522683,일제강점기때 방공호이자 한국전쟁때 피난처였던 역사를 가진 좌천동의 동굴,지역 역사·관광 탐방 동화 배경,장소의 특징을 찾아보고 가족 여행 기록 남기기,5-7;8-10,관광;관광지;좌천동굴;일제강점기때;방공호이자;한국전쟁때;피난처였던;역사를;가진;좌천동의;동굴,좌천동굴,관광지,부산광역시 동구 고관로185번길 1,부산광역시 동구 좌천동 567-2,61,전기시설,,,,,,2016-12-15,5,0,일제강점기때 방공호이자 한국전쟁때 피난처였던 역사를 가진 좌천동의 동굴,051-440-4711,부산광역시 동구청 문화관광과,2025-06-30,3270000,부산광역시 동구
전국관광지정보표준데이터,https://www.data.go.kr/data/15021141/standard.do,2025-06-30,place,만화카페,관광지,부산광역시 동구,부산광역시 동구 성북로 31,35.13675143,129.0496096,"동구 전역의 산복도로, 북항을 열기구 형태의 VR로 체험할 수 있고, 웹툰 도서 읽을 수 있다.",지역 역사·관광 탐방 동화 배경,장소의 특징을 찾아보고 가족 여행 기록 남기기,5-7;8-10,관광;관광지;만화카페;동구;전역의;산복도로;북항을;열기구;형태의;VR로;체험할;수,만화카페,관광지,부산광역시 동구 성북로 31,부산광역시 동구 좌천동 892-8,159.92,화장실+주차장,,,,,,2021-09-14,10,1,"동구 전역의 산복도로, 북항을 열기구 형태의 VR로 체험할 수 있고, 웹툰 도서 읽을 수 있다.",051-440-4715,부산광역시 동구청 문화관광과,2025-06-30,3270000,부산광역시 동구
전국관광지정보표준데이터,https://www.data.go.kr/data/15021141/standard.do,2025-06-30,place,명란브랜드연구소,관광지,부산광역시 동구,부산광역시 동구 영초윗길 22-1,35.117117,129.035016,명란을 토대로 한 지역특화 미식관광 브랜딩 추진의 일환으로 지어진 공간이다.,지역 역사·관광 탐방 동화 배경,장소의 특징을 찾아보고 가족 여행 기록 남기기,5-7;8-10,관광;관광지;명란브랜드연구소;명란을;토대로;한;지역특화;미식관광;브랜딩;추진의;일환으로;지어진,명란브랜드연구소,관광지,부산광역시 동구 영초윗길 22-1,부산광역시 동구 초량동 994-351,464.05,화장실,,,,,,2021-11-26,15,0,명란을 토대로 한 지역특화 미식관광 브랜딩 추진의 일환으로 지어진 공간이다.,051-440-4712,부산광역시 동구청 문화관광과,2025-06-30,3270000,부산광역시 동구
전국관광지정보표준데이터,https://www.data.go.kr/data/15021141/standard.do,2025-06-30,place,168 더데크,관광지,부산광역시 동구,부산광역시 동구 초량동 994-892,35.117273,129.036088,대형스크린 및 헤드셋을 활용한 야외 영화 상영관이다.,지역 역사·관광 탐방 동화 배경,장소의 특징을 찾아보고 가족 여행 기록 남기기,5-7;8-10,관광;관광지;168;더데크;대형스크린;및;헤드셋을;활용한;야외;영화;상영관이다.,168 더데크,관광지,부산광역시 동구 초량동 994-892,부산광역시 동구 초량동 994-892,214,화장실,,,,,,2024-05-10,50,0,대형스크린 및 헤드셋을 활용한 야외 영화 상영관이다.,051-440-4714,부산광역시 동구청 문화관광과,2025-06-30,3270000,부산광역시 동구
전국관광지정보표준데이터,https://www.data.go.kr/data/15021141/standard.do,2025-06-30,place,망양로산복도로전시관,관광지,부산광역시 동구,부산광역시 동구 망양로 488,35.117653,129.033231,산복도로의 근현대사 생활사를 전시하고 및 문화주택 만들기 등 각종 체험프로그램을 운영하는 시설이다.,지역 역사·관광 탐방 동화 배경,장소의 특징을 찾아보고 가족 여행 기록 남기기,5-7;8-10,관광;관광지;망양로산복도로전시관;산복도로의;근현대사;생활사를;전시하고;및;문화주택;만들기;등;각종,망양로산복도로전시관,관광지,부산광역시 동구 망양로 488,부산광역시 동구 초량동 865-148,852.8,화장실+주차장,,,,,,2025-06-01,20,7,산복도로의 근현대사 생활사를 전시하고 및 문화주택 만들기 등 각종 체험프로그램을 운영하는 시설이다.,051-440-4715,부산광역시 동구청 문화관광과,2025-06-30,3270000,부산광역시 동구
전국관광지정보표준데이터,https://www.data.go.kr/data/15021141/standard.do,2025-06-28,place,연천호로고루,관광지,경기도 연천군,경기도 연천군 장남면 원당리 1258,37.98583872,126.8596065,임진강이 지류와 만나 형성된 삼각형의 대지위에 조성된 독특한 고구려성,지역 역사·관광 탐방 동화 배경,장소의 특징을 찾아보고 가족 여행 기록 남기기,5-7;8-10,관광;관광지;연천호로고루;임진강이;지류와;만나;형성된;삼각형의;대지위에;조성된;독특한;고구려성,연천호로고루,관광지,,경기도 연천군 장남면 원당리 1258,21768,해설안내소+화장실+주차장,,,하늘계단,,,2006-01-02,500,20,임진강이 지류와 만나 형성된 삼각형의 대지위에 조성된 독특한 고구려성,031-839-2144,경기도연천군청,2025-06-28,4140000,경기도 연천군
전국관광지정보표준데이터,https://www.data.go.kr/data/15021141/standard.do,2025-06-28,place,당포성,관광지,경기도 연천군,경기도 연천군 미산면 동이리 778,38.02350322,126.9854182,삼국시대 성곽 천연 절벽을 이용하여 축조한 평지성,지역 역사·관광 탐방 동화 배경,장소의 특징을 찾아보고 가족 여행 기록 남기기,5-7;8-10,관광;관광지;당포성;삼국시대;성곽;천연;절벽을;이용하여;축조한;평지성,당포성,관광지,,경기도 연천군 미산면 동이리 778,35174,화장실+주차장,,,,,,2006-01-02,200,20,삼국시대 성곽 천연 절벽을 이용하여 축조한 평지성,031-839-2144,경기도연천군청,2025-06-28,4140000,경기도 연천군
전국관광지정보표준데이터,https://www.data.go.kr/data/15021141/standard.do,2025-06-28,place,연천전곡리유적,관광지,경기도 연천군,경기도 연천군 전곡읍 양연로 1510,38.01564838,127.0614526,한탄강변에 있는 구석기시대으로 1978년 아슐리안형 주먹도끼가 발견된 이래 전 세계적으로 주목을 받고 있는 유적으로 사적 제268호,지역 역사·관광 탐방 동화 배경,장소의 특징을 찾아보고 가족 여행 기록 남기기,5-7;8-10,관광;관광지;연천전곡리유적;한탄강변에;있는;구석기시대으로;1978년;아슐리안형;주먹도끼가;발견된;이래;전,연천전곡리유적,관광지,경기도 연천군 전곡읍 양연로 1510,경기도 연천군 전곡읍 전곡리 529,778296,해설안내소+화장실+주차장,,,체험마을,,,1979-10-02,500,50,한탄강변에 있는 구석기시대으로 1978년 아슐리안형 주먹도끼가 발견된 이래 전 세계적으로 주목을 받고 있는 유적으로 사적 제268호,031-839-2565,경기도연천군청,2025-06-28,4140000,경기도 연천군
전국관광지정보표준데이터,https://www.data.go.kr/data/15021141/standard.do,2025-06-28,place,은대리 문화벽돌공장,관광지,경기도 연천군,경기도 연천군 전곡읍 평화로940번길 72-27,38.051066007,127.0713676999,은대리에 위치한 폐벽돌공장을 리모델링한 복합문화공간,지역 역사·관광 탐방 동화 배경,장소의 특징을 찾아보고 가족 여행 기록 남기기,5-7;8-10,관광;관광지;은대리;문화벽돌공장;은대리에;위치한;폐벽돌공장을;리모델링한;복합문화공간,은대리 문화벽돌공장,관광지,경기도 연천군 전곡읍 평화로940번길 72-27,경기도 연천군 전곡읍 은대리 267-1,2998,복합문화공간+카페+주차장+수유실+화장실,,,복합문화공간+카페,,,2025-07-01,250,49,은대리에 위치한 폐벽돌공장을 리모델링한 복합문화공간,031-832-1995,경기도연천군청,2025-06-28,4140000,경기도 연천군
전국관광지정보표준데이터,https://www.data.go.kr/data/15021141/standard.do,2025-06-25,place,사계고택,관광지,충청남도 계룡시,충청남도 계룡시 두마면 사계로 122-4,36.265691,127.2719783,조선중기 유학의 대가 사계김장생 선생의고택,지역 역사·관광 탐방 동화 배경,장소의 특징을 찾아보고 가족 여행 기록 남기기,5-7;8-10,관광;관광지;사계고택;조선중기;유학의;대가;사계김장생;선생의고택,사계고택,관광지,충청남도 계룡시 두마면 사계로 122-4,충청남도 계룡시 두마면 두계리 96,9236,관리사무소+화장실(1동),,,,,,2013-11-11,150,0,조선중기 유학의 대가 사계김장생 선생의고택,042-840-2412,충청남도 계룡시,2025-06-25,5580000,충청남도 계룡시
전국관광지정보표준데이터,https://www.data.go.kr/data/15021141/standard.do,2025-06-25,place,모원재,관광지,충청남도 계룡시,충청남도 계룡시 두마면 왕대2길6-10,36.254886,127.2732753,사계 김장생 선생의 5대 선친인 김국광의 재실,지역 역사·관광 탐방 동화 배경,장소의 특징을 찾아보고 가족 여행 기록 남기기,5-7;8-10,관광;관광지;모원재;사계;김장생;선생의;5대;선친인;김국광의;재실,모원재,관광지,충청남도 계룡시 두마면 왕대2길6-10,충청남도 계룡시 두마면 왕대리 281-1,16366,화장실(1동)+주차장,,,,,,1989-04-20,300,35,사계 김장생 선생의 5대 선친인 김국광의 재실,042-840-2412,충청남도 계룡시,2025-06-25,5580000,충청남도 계룡시
전국관광지정보표준데이터,https://www.data.go.kr/data/15021141/standard.do,2025-06-25,place,염선재,관광지,충청남도 계룡시,충청남도 계룡시 사계로1길 16,36.2693923,127.261851,사계 김장생 선생의 계배 순천김씨의 재실,지역 역사·관광 탐방 동화 배경,장소의 특징을 찾아보고 가족 여행 기록 남기기,5-7;8-10,관광;관광지;염선재;사계;김장생;선생의;계배;순천김씨의;재실,염선재,관광지,충청남도 계룡시 사계로1길 16,충청남도 계룡시 금암동 45,86,주차장,,,,,,1990-09-27,10,2,사계 김장생 선생의 계배 순천김씨의 재실,042-840-2412,충청남도 계룡시,2025-06-25,5580000,충청남도 계룡시
전국관광지정보표준데이터,https://www.data.go.kr/data/15021141/standard.do,2025-06-25,place,이심원충신정려현판,관광지,충청남도 계룡시,충청남도 계룡시 금암1 길 7(금암동),36.280034,127.2470773,효령대군의 증손인 이심원선생의 충직함을 기리기 위한 현판,지역 역사·관광 탐방 동화 배경,장소의 특징을 찾아보고 가족 여행 기록 남기기,5-7;8-10,관광;관광지;이심원충신정려현판;효령대군의;증손인;이심원선생의;충직함을;기리기;위한;현판,이심원충신정려현판,관광지,충청남도 계룡시 금암1 길 7(금암동),충청남도 계룡시 금암동 281-12,34,주차장,,,,,,1995-03-06,5,0,효령대군의 증손인 이심원선생의 충직함을 기리기 위한 현판,042-840-2412,충청남도 계룡시,2025-06-25,5580000,충청남도 계룡시
전국관광지정보표준데이터,https://www.data.go.kr/data/15021141/standard.do,2025-06-25,place,신원재,관광지,충청남도 계룡시,충청남도 계룡시 두마면 왕대2길43,36.255245,127.2705257,사계 김장생 선생의 9번째 아들인 김비 선생의 재실,지역 역사·관광 탐방 동화 배경,장소의 특징을 찾아보고 가족 여행 기록 남기기,5-7;8-10,관광;관광지;신원재;사계;김장생;선생의;9번째;아들인;김비;재실,신원재,관광지,충청남도 계룡시 두마면 왕대2길43,충청남도 계룡시 두마면 왕대리 299,1263,주차장,,,,,,2002-01-10,30,5,사계 김장생 선생의 9번째 아들인 김비 선생의 재실,042-840-2412,충청남도 계룡시,2025-06-25,5580000,충청남도 계룡시
전국관광지정보표준데이터,https://www.data.go.kr/data/15021141/standard.do,2024-06-14,place,광명동굴,관광지,경기도 광명시,경기도 광명시 가학로 85번길 142,37.42467857,126.8634321,1912년 일제가 자원수탈을 목적으로 개발을 시작한 광명동굴(구.시흥광산)은 일제강점기 징용과 수탈의 현장이자 해방 후 근대화ㆍ산업화의 흔적을 고스란히 간직한 산업유산이다. 1972년 폐광된 후 40여 년간 새우젓 창고로 쓰이며 잠들어 있던 광명동굴을 2011년 광명시가 매입하여 역사ㆍ문화 관광명소로 탈바꿈시켰다. 광명동굴은 산업유산으로서의 가치와 문화적 가치가 결합된 대한민국 최고의 동굴테마파크라는 평가를 받고 있으며 연간 100만 명 이상의 관광객이 찾는 세계가 놀란 폐광의 기적을 이루었다.,지역 역사·관광 탐방 동화 배경,장소의 특징을 찾아보고 가족 여행 기록 남기기,5-7;8-10,관광;관광지;광명동굴;1912년;일제가;자원수탈을;목적으로;개발을;시작한;광명동굴(구.시흥광산)은;일제강점기;징용과,광명동굴,관광지,경기도 광명시 가학로 85번길 142,경기도 광명시 가학동 27,782,주차장+화장실+매표소+방문자센터,,VR체험관+공포체험관,라스코전시관+예술의전당+미디어타워,푸드코트+노천카페+이동판매대+와인판매대+기념품샵,,2011-09-11,4000,899,1912년 일제가 자원수탈을 목적으로 개발을 시작한 광명동굴(구.시흥광산)은 일제강점기 징용과 수탈의 현장이자 해방 후 근대화ㆍ산업화의 흔적을 고스란히 간직한 산업유산이다. 1972년 폐광된 후 40여 년간 새우젓 창고로 쓰이며 잠들어 있던 광명동굴을 2011년 광명시가 매입하여 역사ㆍ문화 관광명소로 탈바꿈시켰다. 광명동굴은 산업유산으로서의 가치와 문화적 가치가 결합된 대한민국 최고의 동굴테마파크라는 평가를 받고 있으며 연간 100만 명 이상의 관광객이 찾는 세계가 놀란 폐광의 기적을 이루었다.,070-4277-8902,경기도 광명도시공사,2024-06-14,3900000,경기도 광명시
전국관광지정보표준데이터,https://www.data.go.kr/data/15021141/standard.do,2021-10-27,place,대전문화예술단지,관광단지,대전광역시 서구,대전광역시 서구 둔산대로 169,36.366496,127.3880154,Y,지역 역사·관광 탐방 동화 배경,장소의 특징을 찾아보고 가족 여행 기록 남기기,5-7;8-10,관광;관광단지;대전문화예술단지;Y,대전문화예술단지,관광단지,대전광역시 서구 둔산대로 169,대전광역시 서구 만년동 396,33150,Y,N,Y,Y,N,Y,2019-01-01,3000,751,Y,042-270-8333,N,2021-10-27,6300000,대전광역시
전국관광지정보표준데이터,https://www.data.go.kr/data/15021141/standard.do,2021-10-27,place,으능정이문화의거리,관광지,대전광역시 중구,대전광역시 중구 중앙로 170,36.32934665,127.428337,Y,지역 역사·관광 탐방 동화 배경,장소의 특징을 찾아보고 가족 여행 기록 남기기,5-7;8-10,관광;관광지;으능정이문화의거리;Y,으능정이문화의거리,관광지,대전광역시 중구 중앙로 170,대전광역시 중구 은행동 45-10,630.8,Y,N,Y,Y,N,Y,2019-01-01,5000,355,Y,042-252-7100,N,2021-10-27,6300000,대전광역시
전국관광지정보표준데이터,https://www.data.go.kr/data/15021141/standard.do,2021-10-27,place,유성온천,관광지,대전광역시 유성구,대전광역시 유성구 계룡로60,36.3547298,127.3375865,Y,지역 역사·관광 탐방 동화 배경,장소의 특징을 찾아보고 가족 여행 기록 남기기,5-7;8-10,관광;관광지;유성온천;Y,유성온천,관광지,대전광역시 유성구 계룡로60,대전광역시 유성구 봉명동 574,273970,Y,N,Y,Y,N,Y,2019-01-01,3000,0,Y,042-611-2114,N,2021-10-27,6300000,대전광역시
전국관광지정보표준데이터,https://www.data.go.kr/data/15021141/standard.do,2025-06-30,place,이바구공작소,관광지,부산광역시 동구,부산광역시 동구 망양로486번길 14-13,35.11709939,129.0338233,산복도로 사람들의 삶과 지역문화를 전시하는 아카이브센터이다,지역 역사·관광 탐방 동화 배경,장소의 특징을 찾아보고 가족 여행 기록 남기기,5-7;8-10,관광;관광지;이바구공작소;산복도로;사람들의;삶과;지역문화를;전시하는;아카이브센터이다,이바구공작소,관광지,부산광역시 동구 망양로486번길 14-13,부산광역시 동구 초량동 875-2,264.51,화장실+주차장,,,,,,2013-02-21,15,2,산복도로 사람들의 삶과 지역문화를 전시하는 아카이브센터이다,051-440-4715,부산광역시 동구청 문화관광과,2025-06-30,3270000,부산광역시 동구
전국관광지정보표준데이터,https://www.data.go.kr/data/15021141/standard.do,2025-06-30,place,장기려더나눔센터,관광지,부산광역시 동구,부산광역시 동구 영초윗길 48,35.11853593,129.0326526,장기려박사의 뜻을 기리는 기념관이다,지역 역사·관광 탐방 동화 배경,장소의 특징을 찾아보고 가족 여행 기록 남기기,5-7;8-10,관광;관광지;장기려더나눔센터;장기려박사의;뜻을;기리는;기념관이다,장기려더나눔센터,관광지,부산광역시 동구 영초윗길 48,부산광역시 동구 초량동 856-31,394.92,화장실+주차장,,,,,,2013-04-01,15,2,장기려박사의 뜻을 기리는 기념관이다,051-440-4715,부산광역시 동구청 문화관광과,2025-06-30,3270000,부산광역시 동구
전국관광지정보표준데이터,https://www.data.go.kr/data/15021141/standard.do,2025-06-30,place,이바구충전소,관광지,부산광역시 동구,부산광역시 동구 영초윗길 25,35.11735028,129.034686,초량168계단이 보이고 경사형엘리베이터 종점부에 위치하고 현재는 청년 창업공간으로 사용하고 있다.,지역 역사·관광 탐방 동화 배경,장소의 특징을 찾아보고 가족 여행 기록 남기기,5-7;8-10,관광;관광지;이바구충전소;초량168계단이;보이고;경사형엘리베이터;종점부에;위치하고;현재는;청년;창업공간으로;사용하고,이바구충전소,관광지,부산광역시 동구 영초윗길 25,부산광역시 동구 초량동 974-4,76.92,화장실,,,,,,2020-01-01,5,0,초량168계단이 보이고 경사형엘리베이터 종점부에 위치하고 현재는 청년 창업공간으로 사용하고 있다.,051-440-4712,부산광역시 동구청 문화관광과,2025-06-30,3270000,부산광역시 동구
전국관광지정보표준데이터,https://www.data.go.kr/data/15021141/standard.do,2025-06-30,place,168계단 부대시설,관광지,부산광역시 동구,부산광역시 동구 영초윗길26번길 14,35.1176995,129.0353474,"168계단 모노레일 승강장 주변에 위치하며, 현재는 청년 창업공간으로 사용하고 있다.",지역 역사·관광 탐방 동화 배경,장소의 특징을 찾아보고 가족 여행 기록 남기기,5-7;8-10,관광;관광지;168계단;부대시설;모노레일;승강장;주변에;위치하며;현재는;청년;창업공간으로;사용하고,168계단 부대시설,관광지,부산광역시 동구 영초윗길26번길 14,부산광역시 동구 초량동 994-520,179.6,화장실,,,,,,2016-04-20,0,0,"168계단 모노레일 승강장 주변에 위치하며, 현재는 청년 창업공간으로 사용하고 있다.",051-440-4712,부산광역시 동구청 문화관광과,2025-06-30,3270000,부산광역시 동구
전국관광지정보표준데이터,https://www.data.go.kr/data/15021141/standard.do,2025-06-30,place,김민부전망대,관광지,부산광역시 동구,부산광역시 동구 영초윗길26번길 14,35.1176995,129.0353474,부산 동구출신의 김민부 시인을 기리기위해 만들어진 전망대이다. 현재는 청년 창업공간으로 사용하고 있다.,지역 역사·관광 탐방 동화 배경,장소의 특징을 찾아보고 가족 여행 기록 남기기,5-7;8-10,관광;관광지;김민부전망대;부산;동구출신의;김민부;시인을;기리기위해;만들어진;전망대이다.;현재는;청년,김민부전망대,관광지,부산광역시 동구 영초윗길26번길 14,부산광역시 동구 초량동 994-520,28.8,전기시설,,,,,,2016-04-20,0,0,부산 동구출신의 김민부 시인을 기리기위해 만들어진 전망대이다. 현재는 청년 창업공간으로 사용하고 있다.,051-440-4712,부산광역시 동구청 문화관광과,2025-06-30,3270000,부산광역시 동구
전국관광지정보표준데이터,https://www.data.go.kr/data/15021141/standard.do,2025-06-30,place,유치환의 우체통,관광지,부산광역시 동구,부산광역시 동구 망양로580번길 2,35.12209588,129.0338423,청마유치환선생을 기리기 위해 지어진곳 3층에 그리움이있는 느린우체통이 명소이다,지역 역사·관광 탐방 동화 배경,장소의 특징을 찾아보고 가족 여행 기록 남기기,5-7;8-10,관광;관광지;유치환의;우체통;청마유치환선생을;기리기;위해;지어진곳;3층에;그리움이있는;느린우체통이;명소이다,유치환의 우체통,관광지,부산광역시 동구 망양로580번길 2,부산광역시 동구 초량동 827-44,133.93,화장실,,,,,,2013-03-08,10,0,청마유치환선생을 기리기 위해 지어진곳 3층에 그리움이있는 느린우체통이 명소이다,051-440-4714,부산광역시 동구청 문화관광과,2025-06-30,3270000,부산광역시 동구
전국관광지정보표준데이터,https://www.data.go.kr/data/15021141/standard.do,2025-07-01,place,남원백두대간생태교육장전시관,관광지,전북특별자치도 남원시,전북특별자치도 남원시 운봉읍 운봉로 151,35.397328,127.5079302,"지리산의 상징성과 백두대간의 역사·생태·보존의 최적지인 남원에 백두대간 생태교육장 전시관이 조성되었습니다. 전시관은 한반도 지도 형상을 본 따 만든 곡선의 전시관 지붕외관에서부터 우리나라의 중심축인 백두대간의 모든 것을 알고 보고 체험 할 수 있는 갖가지 내용물 등이 전시되어 있습니다. 전시관 주요시설로는 상설전시실, 기획전시실, 호남 최초로 시도하는 5D서클영상관, 카페테리아 등이 있으며 부대시설로는 야외공연장, 곤충온실, 체육시설 등이 있습니다",지역 역사·관광 탐방 동화 배경,장소의 특징을 찾아보고 가족 여행 기록 남기기,5-7;8-10,관광;관광지;남원백두대간생태교육장전시관;지리산의;상징성과;백두대간의;역사·생태·보존의;최적지인;남원에;백두대간;생태교육장;전시관이,남원백두대간생태교육장전시관,관광지,전북특별자치도 남원시 운봉읍 운봉로 151,,33000,주차장,,어린이 놀이시설,야외공연장,,,2016-04-26,1000,95,"지리산의 상징성과 백두대간의 역사·생태·보존의 최적지인 남원에 백두대간 생태교육장 전시관이 조성되었습니다. 전시관은 한반도 지도 형상을 본 따 만든 곡선의 전시관 지붕외관에서부터 우리나라의 중심축인 백두대간의 모든 것을 알고 보고 체험 할 수 있는 갖가지 내용물 등이 전시되어 있습니다. 전시관 주요시설로는 상설전시실, 기획전시실, 호남 최초로 시도하는 5D서클영상관, 카페테리아 등이 있으며 부대시설로는 야외공연장, 곤충온실, 체육시설 등이 있습니다",063-620-5752,전북특별자치도 남원시청,2025-07-01,4701000,전북특별자치도 남원시
전국관광지정보표준데이터,https://www.data.go.kr/data/15021141/standard.do,2025-08-25,place,망우리공원,관광지,서울특별시 중랑구,서울특별시 중랑구 망우로 570,37.59835362,127.1148164,우리나라 근현대사 주요인물들이 영면하고 계신 역사와 문화가 살아 숨 쉬는 서울의 대표 공원,지역 역사·관광 탐방 동화 배경,장소의 특징을 찾아보고 가족 여행 기록 남기기,5-7;8-10,관광;관광지;망우리공원;우리나라;근현대사;주요인물들이;영면하고;계신;역사와;문화가;살아;숨,망우리공원,관광지,서울특별시 중랑구 망우로 570,서울특별시 중랑구 망우동 산 57-1,832800,주차장,,,,,,1933-05-27,100000,121,우리나라 근현대사 주요인물들이 영면하고 계신 역사와 문화가 살아 숨 쉬는 서울의 대표 공원,02-2094-1812,서울특별시 중랑구청 문화관광과,2025-08-25,3060000,서울특별시 중랑구
전국관광지정보표준데이터,https://www.data.go.kr/data/15021141/standard.do,2025-08-25,place,중랑캠핑숲,관광지,서울특별시 중랑구,서울특별시 중랑구 망우로87길 110,37.60495511,127.1099608,학생소풍 및 가족단위 피크닉을 주제로 한 체험형 공원(캠핑장),지역 역사·관광 탐방 동화 배경,장소의 특징을 찾아보고 가족 여행 기록 남기기,5-7;8-10,관광;관광지;중랑캠핑숲;학생소풍;및;가족단위;피크닉을;주제로;한;체험형;공원(캠핑장),중랑캠핑숲,관광지,서울특별시 중랑구 망우로87길 110,서울특별시 중랑구 망우동 76,179666,주차장,,,,,,2010-11-20,100000,68,학생소풍 및 가족단위 피크닉을 주제로 한 체험형 공원(캠핑장),02-434-4371,서울특별시 중부공원녹지사업소,2025-08-25,3060000,서울특별시 중랑구
전국관광지정보표준데이터,https://www.data.go.kr/data/15021141/standard.do,2025-08-25,place,옹기테마공원,관광지,서울특별시 중랑구,서울특별시 중랑구 신내로21길 116,37.61265372,127.0885194,다양한 전통문화 체험프로그램 참여가 가능한 옹기를 테마로 조성된 공원,지역 역사·관광 탐방 동화 배경,장소의 특징을 찾아보고 가족 여행 기록 남기기,5-7;8-10,관광;관광지;옹기테마공원;다양한;전통문화;체험프로그램;참여가;가능한;옹기를;테마로;조성된;공원,옹기테마공원,관광지,서울특별시 중랑구 신내로21길 116,서울특별시 중랑구 신내동 777,9000,화장실,,,옹기정원,,,2017-03-15,100000,0,다양한 전통문화 체험프로그램 참여가 가능한 옹기를 테마로 조성된 공원,02-2094-1813,서울특별시 중랑구청 문화관광과,2025-08-25,3060000,서울특별시 중랑구
전국관광지정보표준데이터,https://www.data.go.kr/data/15021141/standard.do,2025-08-14,place,좌구산휴양랜드,관광지,충청북도 증평군,충청북도 증평군 증평읍 솟점말길 107,36.70556821,127.6511216,"증평의 명산 좌구산에 조성된 휴양랜드로서, 휴양림, 캠핑, 명상구름다리, 명상의 집, 줄타기체험, 사계절썰매장 등 다양한 체험시설과 아름다운 풍경을 한눈에 담을 수 있음",지역 역사·관광 탐방 동화 배경,장소의 특징을 찾아보고 가족 여행 기록 남기기,5-7;8-10,관광;관광지;좌구산휴양랜드;증평의;명산;좌구산에;조성된;휴양랜드로서;휴양림;캠핑;명상구름다리;명상의,좌구산휴양랜드,관광지,충청북도 증평군 증평읍 솟점말길 107,충청북도 증평군 증평읍 율리 산 61-1,730000,관리사무소+화장실+주차장,좌구산 휴양림+율리휴양촌+오토캠핑장,좌구산줄타기+사계절썰매장+MTB코스+가상증강현실 종합전시체험장+숲속모험시설,명상구름다리+좌구산 숲명상의 집+삼기생태공원+별천지공원+별천지숲인성학교+워터스퀘어,,,2005-10-01,5000,230,"증평의 명산 좌구산에 조성된 휴양랜드로서, 휴양림, 캠핑, 명상구름다리, 명상의 집, 줄타기체험, 사계절썰매장 등 다양한 체험시설과 아름다운 풍경을 한눈에 담을 수 있음",043-835-4551,충청북도 증평군청 휴양랜드사업소,2025-08-14,5570000,충청북도 증평군
전국관광지정보표준데이터,https://www.data.go.kr/data/15021141/standard.do,2025-08-14,place,좌구산 천문대,관광지,충청북도 증평군,충청북도 증평군 증평읍 솟점말길 187,36.70370345,127.6530963,356mm 굴절망원경을 갖추어 천체의 생생한 모습과 좌구산의 맑고 깨끗한 밤하늘을 관찰할 수 있음,지역 역사·관광 탐방 동화 배경,장소의 특징을 찾아보고 가족 여행 기록 남기기,5-7;8-10,관광;관광지;좌구산;천문대;356mm;굴절망원경을;갖추어;천체의;생생한;모습과;좌구산의;맑고,좌구산 천문대,관광지,충청북도 증평군 증평읍 솟점말길 187,충청북도 증평군 증평읍 율리 산 61-1,892,관리사무소+화장실+주차장+야외화장실,,천체관측+천체투영실+Spacelab전시실+VR체험관,,,,2013-09-04,160,22,356mm 굴절망원경을 갖추어 천체의 생생한 모습과 좌구산의 맑고 깨끗한 밤하늘을 관찰할 수 있음,043-835-4573,충청북도 증평군청 휴양랜드사업소,2025-08-14,5570000,충청북도 증평군
전국관광지정보표준데이터,https://www.data.go.kr/data/15021141/standard.do,2025-02-20,place,불회사,관광지,전라남도 나주시,전라남도 나주시 다도면 다도로 1224-142,34.90877918,126.8234812,사찰,지역 역사·관광 탐방 동화 배경,장소의 특징을 찾아보고 가족 여행 기록 남기기,5-7;8-10,관광;관광지;불회사;사찰,불회사,관광지,전라남도 나주시 다도면 다도로 1224-142,전라남도 나주시 다도면 마산리 999,300000,화장실,템플스테이,,체험프로그램,,,1968-12-12,500,20,사찰,061-337-3440,불회사,2025-02-20,4830000,전라남도 나주시
전국관광지정보표준데이터,https://www.data.go.kr/data/15021141/standard.do,2025-02-20,place,금성관,관광지,전라남도 나주시,전라남도 나주시 금성관길 8,35.03335643,126.7165553,시도유형문화재,지역 역사·관광 탐방 동화 배경,장소의 특징을 찾아보고 가족 여행 기록 남기기,5-7;8-10,관광;관광지;금성관;시도유형문화재,금성관,관광지,전라남도 나주시 금성관길 8,전라남도 나주시 과원동 109-5,62441,안내소+화장실,,,문화관광해설사,,,1972-01-29,1000,100,시도유형문화재,061-339-8615,전라남도 나주시청,2025-02-20,4830000,전라남도 나주시
전국관광지정보표준데이터,https://www.data.go.kr/data/15021141/standard.do,2025-02-20,place,도래마을(홍기옥 가옥),관광지,전라남도 나주시,전라남도 나주시 다도면 동력길 16,34.9981825,126.8223995,중요민속문화재,지역 역사·관광 탐방 동화 배경,장소의 특징을 찾아보고 가족 여행 기록 남기기,5-7;8-10,관광;관광지;도래마을(홍기옥;가옥);중요민속문화재,도래마을(홍기옥 가옥),관광지,전라남도 나주시 다도면 동력길 16,전라남도 나주시 다도면 풍산리 199,54000,안내소+화장실,민박,,산책로,,,1984-01-10,200,30,중요민속문화재,061-336-3675,전라남도 나주시청,2025-02-20,4830000,전라남도 나주시
전국관광지정보표준데이터,https://www.data.go.kr/data/15021141/standard.do,2025-02-20,place,정수루,관광지,전라남도 나주시,전라남도 나주시 금성관길 13-20,35.03193288,126.7150148,전라남도문화재자료,지역 역사·관광 탐방 동화 배경,장소의 특징을 찾아보고 가족 여행 기록 남기기,5-7;8-10,관광;관광지;정수루;전라남도문화재자료,정수루,관광지,전라남도 나주시 금성관길 13-20,전라남도 나주시 금계동 33-18,200,주차장,,,,,,1984-02-29,30,100,전라남도문화재자료,061-330-8114,전라남도 나주시청,2025-02-20,4830000,전라남도 나주시
전국관광지정보표준데이터,https://www.data.go.kr/data/15021141/standard.do,2025-02-20,place,나주향교,관광지,전라남도 나주시,전라남도 나주시 향교길 38,35.03403137,126.711466,시도유형문화재,지역 역사·관광 탐방 동화 배경,장소의 특징을 찾아보고 가족 여행 기록 남기기,5-7;8-10,관광;관광지;나주향교;시도유형문화재,나주향교,관광지,전라남도 나주시 향교길 38,전라남도 나주시 교동 32-3,11105,화장실,,,체험프로그램+전시관,,,1985-02-25,500,15,시도유형문화재,061-334-2369,나주향교,2025-02-20,4830000,전라남도 나주시
전국관광지정보표준데이터,https://www.data.go.kr/data/15021141/standard.do,2025-02-20,place,완사천,관광지,전라남도 나주시,전라남도 나주시 완사천길 14,35.01496092,126.7128194,시도기념물,지역 역사·관광 탐방 동화 배경,장소의 특징을 찾아보고 가족 여행 기록 남기기,5-7;8-10,관광;관광지;완사천;시도기념물,완사천,관광지,전라남도 나주시 완사천길 14,전라남도 나주시 송월동 1096-13,12000,화장실,,,산책로,,,1986-02-17,500,10,시도기념물,061-339-8615,전라남도 나주시청,2025-02-20,4830000,전라남도 나주시
전국관광지정보표준데이터,https://www.data.go.kr/data/15021141/standard.do,2025-02-20,place,목사내아,관광지,전라남도 나주시,전라남도 나주시 금성관길 13-8,35.0320205,126.7151642,전라남도문화재자료,지역 역사·관광 탐방 동화 배경,장소의 특징을 찾아보고 가족 여행 기록 남기기,5-7;8-10,관광;관광지;목사내아;전라남도문화재자료,목사내아,관광지,전라남도 나주시 금성관길 13-8,전라남도 나주시 금계동 33-31,1300,관리실+화장실,한옥체험,,숙박실,,,1986-09-29,20,100,전라남도문화재자료,061-332-6565,전라남도 나주시청,2025-02-20,4830000,전라남도 나주시
전국관광지정보표준데이터,https://www.data.go.kr/data/15021141/standard.do,2025-02-20,place,영모정,관광지,전라남도 나주시,전라남도 나주시 다시면 회진길 14-8,34.9973737,126.6671219,시도기념물,지역 역사·관광 탐방 동화 배경,장소의 특징을 찾아보고 가족 여행 기록 남기기,5-7;8-10,관광;관광지;영모정;시도기념물,영모정,관광지,전라남도 나주시 다시면 회진길 14-8,전라남도 나주시 다시면 회진리 101,8000,관리실+화장실,,,,,,1987-06-01,100,5,시도기념물,061-339-8615,전라남도 나주시청,2025-02-20,4830000,전라남도 나주시
전국관광지정보표준데이터,https://www.data.go.kr/data/15021141/standard.do,2025-02-20,place,남고문,관광지,전라남도 나주시,전라남도 나주시 남내동 2-20,35.0295791,126.7204701,사적,지역 역사·관광 탐방 동화 배경,장소의 특징을 찾아보고 가족 여행 기록 남기기,5-7;8-10,관광;관광지;남고문;사적,남고문,관광지,,전라남도 나주시 남내동 2-20,640,주차장,,,,,,1990-10-31,20,200,사적,061-330-7823,전라남도 나주시청,2025-02-20,4830000,전라남도 나주시
전국관광지정보표준데이터,https://www.data.go.kr/data/15021141/standard.do,2025-02-20,place,구)나주역,관광지,전라남도 나주시,전라남도 나주시 죽림길 26,35.0280742,126.7262445,전라남도기념물,지역 역사·관광 탐방 동화 배경,장소의 특징을 찾아보고 가족 여행 기록 남기기,5-7;8-10,관광;관광지;구)나주역;전라남도기념물,구)나주역,관광지,전라남도 나주시 죽림길 26,전라남도 나주시 죽림동 60-172,450,주차장+화장실,,,,,,2000-12-29,50,16,전라남도기념물,061-330-7823,전라남도 나주시청,2025-02-20,4830000,전라남도 나주시
전국관광지정보표준데이터,https://www.data.go.kr/data/15021141/standard.do,2025-02-20,place,노안천주교회,관광지,전라남도 나주시,전라남도 나주시 노안면 이슬촌길 108,35.10432714,126.6754469,등록문화재,지역 역사·관광 탐방 동화 배경,장소의 특징을 찾아보고 가족 여행 기록 남기기,5-7;8-10,관광;관광지;노안천주교회;등록문화재,노안천주교회,관광지,전라남도 나주시 노안면 이슬촌길 108,전라남도 나주시 노안면 양천리 780,500,화장실,,,노안천주교회,,,2002-09-13,200,10,등록문화재,061-336-8900,노안천주교회,2025-02-20,4830000,전라남도 나주시
전국관광지정보표준데이터,https://www.data.go.kr/data/15021141/standard.do,2025-02-20,place,나주시천연염색박물관,관광지,전라남도 나주시,전라남도 나주시 다시면 백호로 379,34.99403168,126.6625254,박물관,지역 역사·관광 탐방 동화 배경,장소의 특징을 찾아보고 가족 여행 기록 남기기,5-7;8-10,관광;관광지;나주시천연염색박물관;박물관,나주시천연염색박물관,관광지,전라남도 나주시 다시면 백호로 379,전라남도 나주시 다시면 회진리 163,3337,화장실,,,체험관+전시관,,,2006-09-15,300,100,박물관,061-335-0091,전라남도 나주시청,2025-02-20,4830000,전라남도 나주시
전국관광지정보표준데이터,https://www.data.go.kr/data/15021141/standard.do,2025-02-20,place,나주목문화관,관광지,전라남도 나주시,전라남도 나주시 금성관길 15,35.03232804,126.7157031,박물관,지역 역사·관광 탐방 동화 배경,장소의 특징을 찾아보고 가족 여행 기록 남기기,5-7;8-10,관광;관광지;나주목문화관;박물관,나주목문화관,관광지,전라남도 나주시 금성관길 15,전라남도 나주시 금계동 13-2,1500,화장실,,,전시관,,,2006-10-19,50,50,박물관,061-332-5432,전라남도 나주시청,2025-02-20,4830000,전라남도 나주시
전국관광지정보표준데이터,https://www.data.go.kr/data/15021141/standard.do,2025-02-20,place,중흥골드스파&리조트,관광지,전라남도 나주시,전라남도 나주시 다도면 나주호로 558-314,34.94833414,126.8714774,유원지,지역 역사·관광 탐방 동화 배경,장소의 특징을 찾아보고 가족 여행 기록 남기기,5-7;8-10,관광;관광지;중흥골드스파&리조트;유원지,중흥골드스파&리조트,관광지,전라남도 나주시 다도면 나주호로 558-314,전라남도 나주시 다도면 방산리 1449-4,100000,회의실+화장실,콘도+펜션,수상레포츠,수영장+스파+전시관,관광식당,,2007-06-15,1000,3000,유원지,061-339-5000,나주관광개발㈜,2025-02-20,4830000,전라남도 나주시
전국관광지정보표준데이터,https://www.data.go.kr/data/15021141/standard.do,2025-06-30,place,소흥관(한중우호센터),관광지,부산광역시 동구,부산광역시 동구 초량중로 36,35.11507608,129.0375502,소흥시와 동구의 우호계약을 맺은 기념으로 만들어진곳으로 한복과 치파오체험을 할수있다,지역 역사·관광 탐방 동화 배경,장소의 특징을 찾아보고 가족 여행 기록 남기기,5-7;8-10,관광;관광지;소흥관(한중우호센터);소흥시와;동구의;우호계약을;맺은;기념으로;만들어진곳으로;한복과;치파오체험을;할수있다,소흥관(한중우호센터),관광지,부산광역시 동구 초량중로 36,부산광역시 동구 초량동 546,254.02,화장실,,,,,,2019-08-27,10,0,소흥시와 동구의 우호계약을 맺은 기념으로 만들어진곳으로 한복과 치파오체험을 할수있다,051-440-4711,부산광역시 동구청 문화관광과,2025-06-30,3270000,부산광역시 동구
전국관광지정보표준데이터,https://www.data.go.kr/data/15021141/standard.do,2025-06-30,place,만화체험관,관광지,부산광역시 동구,부산광역시 동구 성북로 42-1,35.13778041,129.0497944,관광객의 볼거리와 재래시장 활성화를 위해 조성된 웹툰거리 내에 위치한 체험관,지역 역사·관광 탐방 동화 배경,장소의 특징을 찾아보고 가족 여행 기록 남기기,5-7;8-10,관광;관광지;만화체험관;관광객의;볼거리와;재래시장;활성화를;위해;조성된;웹툰거리;내에;위치한,만화체험관,관광지,부산광역시 동구 성북로 42-1,부산광역시 동구 범일동 1405-1,142.08,화장실+주차장,,,,,,2017-05-11,10,2,관광객의 볼거리와 재래시장 활성화를 위해 조성된 웹툰거리 내에 위치한 체험관,051-440-4715,부산광역시 동구청 문화관광과,2025-06-30,3270000,부산광역시 동구
전국관광지정보표준데이터,https://www.data.go.kr/data/15021141/standard.do,2025-06-30,place,안용복기념 부산포개항문화관,관광지,부산광역시 동구,부산광역시 동구 증산로 100,35.13563677,129.0529467,부산포개항의 역사를 기억하고 독도를 수호한 안용복장군의 정신을 기리기위해 만들어진 문화관이다,지역 역사·관광 탐방 동화 배경,장소의 특징을 찾아보고 가족 여행 기록 남기기,5-7;8-10,관광;관광지;안용복기념;부산포개항문화관;부산포개항의;역사를;기억하고;독도를;수호한;안용복장군의;정신을;기리기위해,안용복기념 부산포개항문화관,관광지,부산광역시 동구 증산로 100,부산광역시 동구 좌천동 722,142.96,화장실,,,,,,2014-02-12,15,0,부산포개항의 역사를 기억하고 독도를 수호한 안용복장군의 정신을 기리기위해 만들어진 문화관이다,051-440-4711,부산광역시 동구청 문화관광과,2025-06-30,3270000,부산광역시 동구
전국관광지정보표준데이터,https://www.data.go.kr/data/15021141/standard.do,2026-02-04,place,별밤미술관 in 신창,관광지,광주광역시 광산구,광주광역시 광산구 왕버들로 331,35.19467258,126.8452966,"코로나19 팬데믹으로 위축된 예술인들의 활동을 장려하고 대중 속에서 꽃피는 전시문화를 위해, 주민들이 즐겨 찾는 거점공간에 비대면 간이 미술관 5개소를 조성 및 운영하고있습니다.  별밤미술관은 탁 트인 야외 공원에 위치하고 있고 저녁 시간에 운영하기 때문에 직장에 다니거나 일을 하느라 바쁜 일상에서 일부러 시간을 낼 필요도 없습니다. 퇴근 후 동네 공원에서 산책하시거나 운동하시면서 좋은 작품을 여유롭게 즐기시기만 하면 됩니다.",지역 역사·관광 탐방 동화 배경,장소의 특징을 찾아보고 가족 여행 기록 남기기,5-7;8-10,관광;관광지;별밤미술관;in;신창;코로나19;팬데믹으로;위축된;예술인들의;활동을;장려하고;대중,별밤미술관 in 신창,관광지,광주광역시 광산구 왕버들로 331,광주광역시 광산구 신창동 1173-2,40,없음,,,,,,2021-03-30,0,0,"코로나19 팬데믹으로 위축된 예술인들의 활동을 장려하고 대중 속에서 꽃피는 전시문화를 위해, 주민들이 즐겨 찾는 거점공간에 비대면 간이 미술관 5개소를 조성 및 운영하고있습니다.  별밤미술관은 탁 트인 야외 공원에 위치하고 있고 저녁 시간에 운영하기 때문에 직장에 다니거나 일을 하느라 바쁜 일상에서 일부러 시간을 낼 필요도 없습니다. 퇴근 후 동네 공원에서 산책하시거나 운동하시면서 좋은 작품을 여유롭게 즐기시기만 하면 됩니다.",062-960-3689,광주광역시 광산구청,2026-02-04,3630000,광주광역시 광산구
전국관광지정보표준데이터,https://www.data.go.kr/data/15021141/standard.do,2026-03-27,place,렛츠런파크 부산경남,관광지,부산광역시 강서구,"부산광역시 강서구 가락대로 929, (범방동)",35.15474347,128.8819186,"전국 최대 말 테마파크로 더비랜드(사계절썰매장, 바닥분수, 렛츠런투어 등) 포니랜드(어린이승마장, 어린이놀이터, 바운싱돔) 에코랜드(테니스장, 족구장, 농구장, 축구장) 호스아일랜드(호수공원, 미니기차, 가족 자전거) 승마랜드(말 먹이주기체험, 승마체험, 힐링/재활 승마) 등 가족, 연인, 친구와 다양한 즐길거리의 시설이 갖춰져 있다. 금~일요일 경마일에 방문한다면, 공원 놀이시설 외에 관람대에서 실제 말이 뛰는 모습을 볼 수 있다. 또, 관람대 내 루키존에서는 다양한 콘텐츠(인생네컷, 농구게임, 다트, 초보경마교실 등)도 무료로 이용할 수 있다. 시즌 프로그램으로 더비랜드에서 여름을 시원하게 보낼 수 있는 워터파크도 운영되고 봄, 가을에는 문화행사와 축제도 꾸준히 운영되고 있다.",지역 역사·관광 탐방 동화 배경,장소의 특징을 찾아보고 가족 여행 기록 남기기,5-7;8-10,관광;관광지;렛츠런파크;부산경남;전국;최대;말;테마파크로;더비랜드(사계절썰매장;바닥분수;렛츠런투어;등),렛츠런파크 부산경남,관광지,"부산광역시 강서구 가락대로 929, (범방동)",,1243103,종합안내센터+편의용품대여소+화장실+흡연실+마권사는곳+편의점,,어린이축구장+어린이놀이터+포니승마장+가족테마존+생활체육존국제승마경기장+실내승마장+승용마하우스,,,,2005-09-30,30000,4747,"전국 최대 말 테마파크로 더비랜드(사계절썰매장, 바닥분수, 렛츠런투어 등) 포니랜드(어린이승마장, 어린이놀이터, 바운싱돔) 에코랜드(테니스장, 족구장, 농구장, 축구장) 호스아일랜드(호수공원, 미니기차, 가족 자전거) 승마랜드(말 먹이주기체험, 승마체험, 힐링/재활 승마) 등 가족, 연인, 친구와 다양한 즐길거리의 시설이 갖춰져 있다. 금~일요일 경마일에 방문한다면, 공원 놀이시설 외에 관람대에서 실제 말이 뛰는 모습을 볼 수 있다. 또, 관람대 내 루키존에서는 다양한 콘텐츠(인생네컷, 농구게임, 다트, 초보경마교실 등)도 무료로 이용할 수 있다. 시즌 프로그램으로 더비랜드에서 여름을 시원하게 보낼 수 있는 워터파크도 운영되고 봄, 가을에는 문화행사와 축제도 꾸준히 운영되고 있다.",051-901-7114,렛츠런파크 부산경남공원,2026-03-27,3360000,부산광역시 강서구
전국관광지정보표준데이터,https://www.data.go.kr/data/15021141/standard.do,2025-07-24,place,예술의전당,관광지,서울특별시 서초구,서울특별시 서초구 남부순환로 2406,37.4802402,127.0142152,"수준높은 문화예술 콘텐츠와 편리한 시설, 감동적인 서비스가 조화를 이루는 우리나라 대표 복합문화공간이다. 예술가들의 열정이 고객 감동으로 이어지는 예술의 전당은 연간 300만명의 관람객이 찾는 문화놀이터이자 도심 속 문화 휴식공간이다.",지역 역사·관광 탐방 동화 배경,장소의 특징을 찾아보고 가족 여행 기록 남기기,5-7;8-10,관광;관광지;예술의전당;수준높은;문화예술;콘텐츠와;편리한;시설;감동적인;서비스가;조화를;이루는,예술의전당,관광지,서울특별시 서초구 남부순환로 2406,서울특별시 서초구 서초동 700,120734,오페라글라스+물품보관소+키즈라운지+수유실+주차요금+사전정산기+은행ATM,,,오페라극장+CJ 토월극장+자유소극장+콘서트홀+IBK챔버홀+리사이틀홀+한가람미술관+서예박물관 등,,,1988-02-15,7000,1212,"수준높은 문화예술 콘텐츠와 편리한 시설, 감동적인 서비스가 조화를 이루는 우리나라 대표 복합문화공간이다. 예술가들의 열정이 고객 감동으로 이어지는 예술의 전당은 연간 300만명의 관람객이 찾는 문화놀이터이자 도심 속 문화 휴식공간이다.",02-580-1300,예술의전당,2025-07-24,3210000,서울특별시 서초구
전국관광지정보표준데이터,https://www.data.go.kr/data/15021141/standard.do,2025-07-24,place,국립국악원,관광지,서울특별시 서초구,서울특별시 서초구 남부순환로 2364,37.47835156,127.0090736,"전통음악 및 무용의 계승과 발전을 위해 설립된 국립 음악기관으로 각종 국악 공연 및 연구, 진흥사업 등 다양한 활동을 펼치고 있다. 산하에 정악단, 무용단, 민속악단, 창작악단 등 네개의 전속 예술단과 예악당, 우면당, 풍류사랑방, 연희마당 등의 공연장, 국악박물관, 국악연수관 등의 시설을 갖추고 있다.",지역 역사·관광 탐방 동화 배경,장소의 특징을 찾아보고 가족 여행 기록 남기기,5-7;8-10,관광;관광지;국립국악원;전통음악;및;무용의;계승과;발전을;위해;설립된;국립;음악기관으로,국립국악원,관광지,서울특별시 서초구 남부순환로 2364,서울특별시 서초구 서초동 700,36622,화장실+주차장+카페,,,국악박물관+예악당+우면당+연희풍류극장+국악연수관+야외체험관,,,1951-04-10,1160,227,"전통음악 및 무용의 계승과 발전을 위해 설립된 국립 음악기관으로 각종 국악 공연 및 연구, 진흥사업 등 다양한 활동을 펼치고 있다. 산하에 정악단, 무용단, 민속악단, 창작악단 등 네개의 전속 예술단과 예악당, 우면당, 풍류사랑방, 연희마당 등의 공연장, 국악박물관, 국악연수관 등의 시설을 갖추고 있다.",02-580-3300,국립국악원,2025-07-24,3210000,서울특별시 서초구
전국관광지정보표준데이터,https://www.data.go.kr/data/15021141/standard.do,2025-07-24,place,헌인릉,관광지,서울특별시 서초구,서울특별시 서초구 헌인릉길 36-10,37.46537744,127.0837156,"사적 제 194호인 이곳은 동쪽의 헌릉과 서쪽의 인릉으로 구성되어 있다. 헌릉은 조선 제3대 태종과 원경왕후 민씨의 쌍봉릉이며, 인릉은 조선 제23대 순조와 순원왕후 김씨의 동원합동 형태이다. 또한 헌인릉 오리나무 숲은 생태계적으로 가치가 높은 지역이며, 다양한 습지성 식물들이 번성하고 서울시 보호종인 오색 딱다구리, 제비, 꾀꼬리, 박새 등이 출현하는 지역이다.",지역 역사·관광 탐방 동화 배경,장소의 특징을 찾아보고 가족 여행 기록 남기기,5-7;8-10,관광;관광지;헌인릉;사적;제;194호인;이곳은;동쪽의;헌릉과;서쪽의;인릉으로;구성되어,헌인릉,관광지,서울특별시 서초구 헌인릉길 36-10,서울특별시 서초구 내곡동 1-3079,247,화장실+주차장,,,,,,1970-05-26,500,20,"사적 제 194호인 이곳은 동쪽의 헌릉과 서쪽의 인릉으로 구성되어 있다. 헌릉은 조선 제3대 태종과 원경왕후 민씨의 쌍봉릉이며, 인릉은 조선 제23대 순조와 순원왕후 김씨의 동원합동 형태이다. 또한 헌인릉 오리나무 숲은 생태계적으로 가치가 높은 지역이며, 다양한 습지성 식물들이 번성하고 서울시 보호종인 오색 딱다구리, 제비, 꾀꼬리, 박새 등이 출현하는 지역이다.",02-440-0347,문화재청,2025-07-24,3210000,서울특별시 서초구
전국관광지정보표준데이터,https://www.data.go.kr/data/15021141/standard.do,2025-11-28,place,불갑사관광지,관광지,전라남도 영광군,전라남도 영광군 불갑면 불갑사로 450,35.199675,126.550047,유서깊은 불교문화의 역사와 수려한 자연경관를 간직한 불갑사 지구의 관광명소이며 관광수요에 능동적으로 대처할 수 있는 휴식공간 제공,지역 역사·관광 탐방 동화 배경,장소의 특징을 찾아보고 가족 여행 기록 남기기,5-7;8-10,관광;관광지;불갑사관광지;유서깊은;불교문화의;역사와;수려한;자연경관를;간직한;불갑사;지구의;관광명소이며,불갑사관광지,관광지,전라남도 영광군 불갑면 불갑사로 450,전라남도 영광군 불갑면 모악리 408-2,137517,관광안내소,영광힐링컨벤션타운,,,,,1992-02-09,10000,3400,유서깊은 불교문화의 역사와 수려한 자연경관를 간직한 불갑사 지구의 관광명소이며 관광수요에 능동적으로 대처할 수 있는 휴식공간 제공,061-350-5758,전라남도 영광군청,2025-11-28,4970000,전라남도 영광군
전국관광지정보표준데이터,https://www.data.go.kr/data/15021141/standard.do,2025-11-17,place,미당서정주의 집,관광지,서울특별시 관악구,서울특별시 관악구 남부순환로 256 나길 4,37.4734032,126.973367,시인 미당 서정주가 1970년부터 2000년까지 실재 거주하던 곳으로 생활 흔적이 그대로 남아있음,지역 역사·관광 탐방 동화 배경,장소의 특징을 찾아보고 가족 여행 기록 남기기,5-7;8-10,관광;관광지;미당서정주의;집;시인;미당;서정주가;1970년부터;2000년까지;실재;거주하던;곳으로,미당서정주의 집,관광지,서울특별시 관악구 남부순환로 256 나길 4,서울특별시 관악구 남현동 1071-11,154.71,화장실,,,,,,2013-01-01,20,0,시인 미당 서정주가 1970년부터 2000년까지 실재 거주하던 곳으로 생활 흔적이 그대로 남아있음,02-879-5605,서울특별시 관악구청,2025-11-17,3200000,서울특별시 관악구
전국관광지정보표준데이터,https://www.data.go.kr/data/15021141/standard.do,2025-11-17,place,강감찬전시관,관광지,서울특별시 관악구,서울특별시 관악구 낙성대로 77 낙성대공원내,37.47197208,126.959371,강감찬장군과 귀주대첩 관련 자료를 전시하는 전시관,지역 역사·관광 탐방 동화 배경,장소의 특징을 찾아보고 가족 여행 기록 남기기,5-7;8-10,관광;관광지;강감찬전시관;강감찬장군과;귀주대첩;관련;자료를;전시하는;전시관,강감찬전시관,관광지,서울특별시 관악구 낙성대로 77 낙성대공원내,서울특별시 관악구 봉천동 228,125,없음(공원화장실 이용),,,,,,2017-04-01,20,0,강감찬장군과 귀주대첩 관련 자료를 전시하는 전시관,02-879-5605,서울특별시 관악구청,2025-11-17,3200000,서울특별시 관악구
전국관광지정보표준데이터,https://www.data.go.kr/data/15021141/standard.do,2025-11-24,place,김포평화누리길 1코스,관광지,경기도 김포시,경기도 김포시 대곶면 대명리 561(대명항),37.6535376,126.5533799,김포 평화누리길은 대명항에서 시작하여 문수산 + 애기봉 입구를 지나 전류리포구까지 3코스(총39km)로 나뉘어 조성되어 있다.,지역 역사·관광 탐방 동화 배경,장소의 특징을 찾아보고 가족 여행 기록 남기기,5-7;8-10,관광;관광지;김포평화누리길;1코스;김포;평화누리길은;대명항에서;시작하여;문수산;+;애기봉;입구를,김포평화누리길 1코스,관광지,,경기도 김포시 대곶면 대명리 561(대명항),15000,대곶면행정복지센터,약암홍염천 관광호텔 + 덕포진 누리마을 캠핑장,,김포 함상공원 + 덕포진,,김포시 관광안내소,2010-01-01,3514,0,김포 평화누리길은 대명항에서 시작하여 문수산 + 애기봉 입구를 지나 전류리포구까지 3코스(총39km)로 나뉘어 조성되어 있다.,031-980-5108,경기도 김포시청,2025-11-24,4090000,경기도 김포시
전국관광지정보표준데이터,https://www.data.go.kr/data/15021141/standard.do,2025-11-24,place,김포평화누리길 2코스,관광지,경기도 김포시,경기도 김포시 월곶면 성동리 산49(문수산성),37.73869766,126.5484911,김포 평화누리길은 대명항에서 시작하여 문수산 + 애기봉 입구를 지나 전류리포구까지 3코스(총39km)로 나뉘어 조성되어 있다.,지역 역사·관광 탐방 동화 배경,장소의 특징을 찾아보고 가족 여행 기록 남기기,5-7;8-10,관광;관광지;김포평화누리길;2코스;김포;평화누리길은;대명항에서;시작하여;문수산;+;애기봉;입구를,김포평화누리길 2코스,관광지,,경기도 김포시 월곶면 성동리 산49(문수산성),15000,월곶면행정복지센터,조강276(평화의 길 거점센터),,문수산성 + 애기봉 평화 생태공원,,,2010-01-01,3514,0,김포 평화누리길은 대명항에서 시작하여 문수산 + 애기봉 입구를 지나 전류리포구까지 3코스(총39km)로 나뉘어 조성되어 있다.,031-980-5108,경기도 김포시청,2025-11-24,4090000,경기도 김포시
전국관광지정보표준데이터,https://www.data.go.kr/data/15021141/standard.do,2025-11-24,place,김포평화누리길 3코스,관광지,경기도 김포시,경기도 김포시 하성면 전류리 43-4(전류리 포구),37.70077831,126.6622045,김포 평화누리길은 대명항에서 시작하여 문수산 + 애기봉 입구를 지나 전류리포구까지 3코스(총39km)로 나뉘어 조성되어 있다.,지역 역사·관광 탐방 동화 배경,장소의 특징을 찾아보고 가족 여행 기록 남기기,5-7;8-10,관광;관광지;김포평화누리길;3코스;김포;평화누리길은;대명항에서;시작하여;문수산;+;애기봉;입구를,김포평화누리길 3코스,관광지,,경기도 김포시 하성면 전류리 43-4(전류리 포구),15000,하성면행정복지센터,,,전류리 포구,,,2010-01-01,3514,0,김포 평화누리길은 대명항에서 시작하여 문수산 + 애기봉 입구를 지나 전류리포구까지 3코스(총39km)로 나뉘어 조성되어 있다.,031-980-5108,경기도 김포시청,2025-11-24,4090000,경기도 김포시
전국관광지정보표준데이터,https://www.data.go.kr/data/15021141/standard.do,2025-05-07,place,창녕 우포늪,관광지,경상남도 창녕군,경상남도 창녕군 유어면 우포늪길 220,35.54456088,128.4191195,"천연보호구역인 창녕 우포늪은 국내 최대 규모(2,505천㎡)의 자연내륙습지로 다양한 동식물이 서식하고 있는 자연생태게의 보고로 람사르습지에 등록되어있으며, 우포늪생명길을 따라 걸으며 다양한 동식물들을 만날수있다.",지역 역사·관광 탐방 동화 배경,장소의 특징을 찾아보고 가족 여행 기록 남기기,5-7;8-10,관광;관광지;창녕;우포늪;천연보호구역인;우포늪은;국내;최대;규모(2;505천㎡)의;자연내륙습지로;다양한,창녕 우포늪,관광지,경상남도 창녕군 유어면 우포늪길 220,,2505000,안내소+화장실,우포생태촌유스호스텔,자전거대여+우포늪생태관,,,,1997-07-26,10000,325,"천연보호구역인 창녕 우포늪은 국내 최대 규모(2,505천㎡)의 자연내륙습지로 다양한 동식물이 서식하고 있는 자연생태게의 보고로 람사르습지에 등록되어있으며, 우포늪생명길을 따라 걸으며 다양한 동식물들을 만날수있다.",055-530-2121,경상남도 창녕군청,2025-05-07,5410000,경상남도 창녕군
전국관광지정보표준데이터,https://www.data.go.kr/data/15021141/standard.do,2025-05-07,place,화왕산,관광지,경상남도 창녕군,경상남도 창녕군 창녕읍 옥천리 산322,35.54419647,128.5344873,"봄에는 진달래, 여름에는 녹음과 계곡, 가을에는 은빛 억새 물결 그리고 겨울 설경이 아름다운 화왕산은 가파른 코스부터 완만한 코스까지 다양한 등산코스가 있어 남여노소 누구나 즐길 수 있는 창녕의 진산이다.",지역 역사·관광 탐방 동화 배경,장소의 특징을 찾아보고 가족 여행 기록 남기기,5-7;8-10,관광;관광지;화왕산;봄에는;진달래;여름에는;녹음과;계곡;가을에는;은빛;억새;물결,화왕산,관광지,,경상남도 창녕군 창녕읍 옥천리 산322,31258,화장실,화왕산자연휴양림,,,,,1963-01-21,5000,731,"봄에는 진달래, 여름에는 녹음과 계곡, 가을에는 은빛 억새 물결 그리고 겨울 설경이 아름다운 화왕산은 가파른 코스부터 완만한 코스까지 다양한 등산코스가 있어 남여노소 누구나 즐길 수 있는 창녕의 진산이다.",055-530-1661,경상남도 창녕군청,2025-05-07,5410000,경상남도 창녕군
전국관광지정보표준데이터,https://www.data.go.kr/data/15021141/standard.do,2025-05-07,place,부곡온천관광특구,관광단지,경상남도 창녕군,경상남도 창녕군 부곡면 원앙로 218,35.4361725,128.5916371,국내 최고의 수온 78℃로 이름난 부곡온천관광특구 내에 위치한 부곡온천 르네상스관은 부곡온천수의 우수성을 널리 홍보하고 부곡온천의 역사를 알 수 있는곳으로 다양한 콘텐츠를 체험할 수 있다.,지역 역사·관광 탐방 동화 배경,장소의 특징을 찾아보고 가족 여행 기록 남기기,5-7;8-10,관광;관광단지;부곡온천관광특구;국내;최고의;수온;78℃로;이름난;내에;위치한;부곡온천;르네상스관은,부곡온천관광특구,관광단지,경상남도 창녕군 부곡면 원앙로 218,,4818000,화장실,가족호텔+목욕장,부곡온천르네상스관,,,,1997-01-18,8740,1360,국내 최고의 수온 78℃로 이름난 부곡온천관광특구 내에 위치한 부곡온천 르네상스관은 부곡온천수의 우수성을 널리 홍보하고 부곡온천의 역사를 알 수 있는곳으로 다양한 콘텐츠를 체험할 수 있다.,055-530-1591,경상남도 창녕군청,2025-05-07,5410000,경상남도 창녕군
전국관광지정보표준데이터,https://www.data.go.kr/data/15021141/standard.do,2025-05-07,place,낙동강 유채단지,관광지,경상남도 창녕군,경상남도 창녕군 남지읍 남지리 835-25,35.384718,128.4715696,"단일면적 전국 최대 규모(110만㎡)인 낙동강 유채단지는 유채꽃의 명소로 유채꽃이 만개하는 매년 4월 공연, 체험, 먹거리 등 풍성한 즐길 거리가 있는 창녕 낙동강 유채축제가 열린다.",지역 역사·관광 탐방 동화 배경,장소의 특징을 찾아보고 가족 여행 기록 남기기,5-7;8-10,관광;관광지;낙동강;유채단지;단일면적;전국;최대;규모(110만㎡)인;유채단지는;유채꽃의;명소로;유채꽃이,낙동강 유채단지,관광지,,경상남도 창녕군 남지읍 남지리 835-25,990000,화장실,,,,,,2006-04-01,10000,1500,"단일면적 전국 최대 규모(110만㎡)인 낙동강 유채단지는 유채꽃의 명소로 유채꽃이 만개하는 매년 4월 공연, 체험, 먹거리 등 풍성한 즐길 거리가 있는 창녕 낙동강 유채축제가 열린다.",055-530-1651,경상남도 창녕군청,2025-05-07,5410000,경상남도 창녕군
전국관광지정보표준데이터,https://www.data.go.kr/data/15021141/standard.do,2025-05-07,place,창녕 남지 개비리,관광지,경상남도 창녕군,경상남도 창녕군 남지읍 용산리 160-2,35.3945598,128.4405466,창녕 남지 개비리는 낙동강을 따라 가파른 벼랑에 난 오솔길로 수만 그루의 대나무로 이루어진 죽림이 있으며 계절에 따라 피고 지는 야생화와 낙동강의 윤슬을 보며 걷기 좋은 도보여행의 명소이다.,지역 역사·관광 탐방 동화 배경,장소의 특징을 찾아보고 가족 여행 기록 남기기,5-7;8-10,관광;관광지;창녕;남지;개비리;개비리는;낙동강을;따라;가파른;벼랑에;난;오솔길로,창녕 남지 개비리,관광지,,경상남도 창녕군 남지읍 용산리 160-2,660000,화장실,,,,,,2021-12-08,1000,150,창녕 남지 개비리는 낙동강을 따라 가파른 벼랑에 난 오솔길로 수만 그루의 대나무로 이루어진 죽림이 있으며 계절에 따라 피고 지는 야생화와 낙동강의 윤슬을 보며 걷기 좋은 도보여행의 명소이다.,055-530-1523,경상남도 창녕군청,2025-05-07,5410000,경상남도 창녕군
전국관광지정보표준데이터,https://www.data.go.kr/data/15021141/standard.do,2025-08-26,place,추암,관광지,강원특별자치도 동해시,강원특별자치도 동해시 촛대바위길 28,37.477063,129.159196,"애국가 첫 소절의 배경화면으로 유명한 각종 기암괴석이 조화를 이루는 촛대바위, 이 바위에 걸리는 아침 해돋이가 가히 장관이라 할 수 있어 관광객들이 가장 선호하는 해돋이 명소이다.",지역 역사·관광 탐방 동화 배경,장소의 특징을 찾아보고 가족 여행 기록 남기기,5-7;8-10,관광;관광지;추암;애국가;첫;소절의;배경화면으로;유명한;각종;기암괴석이;조화를;이루는,추암,관광지,강원특별자치도 동해시 촛대바위길 28,강원특별자치도 동해시 추암동 1,33216,"관리사무소, 주차장, 샤워장, 화장실, 관광안내소, 전기시설, 통신시설, 상하수도시설","캠핑장, 일반숙박업소 등",,"야영장, 근린공원, 해수욕장, 자연경관",,관리사무실,2006-02-01,1000,200,"애국가 첫 소절의 배경화면으로 유명한 각종 기암괴석이 조화를 이루는 촛대바위, 이 바위에 걸리는 아침 해돋이가 가히 장관이라 할 수 있어 관광객들이 가장 선호하는 해돋이 명소이다.",033-530-2447,강원특별자치도 동해시청,2025-08-26,4211000,강원특별자치도 동해시
전국관광지정보표준데이터,https://www.data.go.kr/data/15021141/standard.do,2025-08-25,place,용마폭포공원,관광지,서울특별시 중랑구,서울특별시 중랑구 용마산로 250-12,37.57335201,127.0891138,동양 최대의 인공폭포가 있는 명소,지역 역사·관광 탐방 동화 배경,장소의 특징을 찾아보고 가족 여행 기록 남기기,5-7;8-10,관광;관광지;용마폭포공원;동양;최대의;인공폭포가;있는;명소,용마폭포공원,관광지,서울특별시 중랑구 용마산로 250-12,서울특별시 중랑구 면목동 산 1-4,167172,관리사무소+화장실,,수영장+축구장+배드민턴장,,,,1997-05-10,100000,0,동양 최대의 인공폭포가 있는 명소,02-2094-2965,서울특별시 중랑구청 공원녹지과,2025-08-25,3060000,서울특별시 중랑구
전국관광지정보표준데이터,https://www.data.go.kr/data/15021141/standard.do,2026-02-12,place,달맞이동산지구,관광지,부산광역시 해운대구,부산광역시 해운대구 달맞이길 190,35.15768146,129.1825429,"벚나무와 송림이 울창하게 들어찬 오솔길로 드라이브 코스로 유명하다. 달맞이 고개 일대에서는 다양한 예술작품을 만날 수 있고, 특히 보름날 달빛에 어우러진 바다 정취는 데이트 코스로 유명하다.",지역 역사·관광 탐방 동화 배경,장소의 특징을 찾아보고 가족 여행 기록 남기기,5-7;8-10,관광;관광지;달맞이동산지구;벚나무와;송림이;울창하게;들어찬;오솔길로;드라이브;코스로;유명하다.;달맞이,달맞이동산지구,관광지,부산광역시 해운대구 달맞이길 190,부산광역시 해운대구 중동 산 42-25,85.845,공중화장실 2동+관리사무소 1동+광장+도로+주차장,,,망월정 1동,,,1988-07-19,700000,76,"벚나무와 송림이 울창하게 들어찬 오솔길로 드라이브 코스로 유명하다. 달맞이 고개 일대에서는 다양한 예술작품을 만날 수 있고, 특히 보름날 달빛에 어우러진 바다 정취는 데이트 코스로 유명하다.",051-749-4081,부산광역시 해운대구청,2026-02-12,3330000,부산광역시 해운대구
전국관광지정보표준데이터,https://www.data.go.kr/data/15021141/standard.do,2026-03-27,place,명월사지흥국사,관광지,부산광역시 강서구,"부산광역시 강서구 허왕후길 182, (지사동)",35.13886951,128.8341451,"<신증동국여지승람>에 의하면 명월사(明月寺)는 명월산에 있었다고 하고, 헌종 34년(1708) 승(僧)증원(證元)이 천한 <김해명월사사적비>에 명월사 내력이 자세히 기록되어 있다.명월사는 임진왜란때 불타버렸는데, 광해군 10년(1618)에 중건하였고, 그 뒤 또 다시중수(重修)할 때 「건강원년갑신삼월남색(健康元年甲申 三月藍色)」이라고 새겨진 기와장이 무너진 담장 아래서 발견되었는데, 건강원년은 수로왕 103년(144)이 되며 서역불교(西域佛敎)가 장유화상(長遊和尙)에 의해서 일찍이 이 땅에 전래된 것을 입증한다고 한다.흥국사 경내에 있는 명월사 사적비문(史蹟碑文)을 보면, 가락국 수로왕이 높은 산길 아래서 만전(滿殿)을 베풀어 허왕후를 맞이하였으며, 익일(翼日)에 궁으로 돌아갈 때에 허왕후가 입었던 비단바지를 벗어서 산신(山神)께 바쳤다고 전해오고 있다.",지역 역사·관광 탐방 동화 배경,장소의 특징을 찾아보고 가족 여행 기록 남기기,5-7;8-10,관광;관광지;명월사지흥국사;<신증동국여지승람>에;의하면;명월사(明月寺)는;명월산에;있었다고;하고;헌종;34년(1708);승(僧)증원(證元)이,명월사지흥국사,관광지,"부산광역시 강서구 허왕후길 182, (지사동)",,1018,안내판,,,,,,1956-01-01,200,0,"<신증동국여지승람>에 의하면 명월사(明月寺)는 명월산에 있었다고 하고, 헌종 34년(1708) 승(僧)증원(證元)이 천한 <김해명월사사적비>에 명월사 내력이 자세히 기록되어 있다.명월사는 임진왜란때 불타버렸는데, 광해군 10년(1618)에 중건하였고, 그 뒤 또 다시중수(重修)할 때 「건강원년갑신삼월남색(健康元年甲申 三月藍色)」이라고 새겨진 기와장이 무너진 담장 아래서 발견되었는데, 건강원년은 수로왕 103년(144)이 되며 서역불교(西域佛敎)가 장유화상(長遊和尙)에 의해서 일찍이 이 땅에 전래된 것을 입증한다고 한다.흥국사 경내에 있는 명월사 사적비문(史蹟碑文)을 보면, 가락국 수로왕이 높은 산길 아래서 만전(滿殿)을 베풀어 허왕후를 맞이하였으며, 익일(翼日)에 궁으로 돌아갈 때에 허왕후가 입었던 비단바지를 벗어서 산신(山神)께 바쳤다고 전해오고 있다.",051-970-4065,부산광역시 강서구청,2026-03-27,3360000,부산광역시 강서구
전국관광지정보표준데이터,https://www.data.go.kr/data/15021141/standard.do,2025-06-25,place,"목포근대역사관 1관 (구, 일본영사관)",관광지,전라남도 목포시,전라남도 목포시 영산로 29번길 6,34.78769578,126.3817942,"목포 최초의 서구적 근대 건축물로 건립당시의 내·외관을 거의 그대로 유지하고 있으며 목포 개항 이후 1900년 12월 일본영사관으로 지어져 광복 이후 목포시청, 시립도서관, 문화원으로 사용하다가 현재는 목포 근대역사관 1관으로 운영중에 있다",지역 역사·관광 탐방 동화 배경,장소의 특징을 찾아보고 가족 여행 기록 남기기,5-7;8-10,관광;관광지;목포근대역사관;1관;(구;일본영사관);목포;최초의;서구적;근대;건축물로;건립당시의,"목포근대역사관 1관 (구, 일본영사관)",관광지,전라남도 목포시 영산로 29번길 6,전라남도 목포시 대의동2가 1-5,6575.2,화장실,,방공호체험+XR체험존,박물관,,,2014-03-01,100,0,"목포 최초의 서구적 근대 건축물로 건립당시의 내·외관을 거의 그대로 유지하고 있으며 목포 개항 이후 1900년 12월 일본영사관으로 지어져 광복 이후 목포시청, 시립도서관, 문화원으로 사용하다가 현재는 목포 근대역사관 1관으로 운영중에 있다",061-242-0340,전라남도 목포시청,2025-06-25,4800000,전라남도 목포시
전국관광지정보표준데이터,https://www.data.go.kr/data/15021141/standard.do,2025-06-25,place,"목포근대역사관 2관 (구,동양척식주식회사)",관광지,전라남도 목포시,전라남도 목포시 번화로 18,34.78596374,126.3814912,구 동양척식주식회사 목포지점이었던 근대역사관2관은 1920년 6월에 건립된 일제시대 건축물로 1999년 11월 20일 전라남도 기념물 제174호로 지정.동양척식주식회사 건물 복원기념으로 사진이 전시되고 있다 2층건물에는 주요 근대역사자료와 관련한 상설전시중이다.,지역 역사·관광 탐방 동화 배경,장소의 특징을 찾아보고 가족 여행 기록 남기기,5-7;8-10,관광;관광지;목포근대역사관;2관;(구;동양척식주식회사);구;동양척식주식회사;목포지점이었던;근대역사관2관은;1920년;6월에,"목포근대역사관 2관 (구,동양척식주식회사)",관광지,전라남도 목포시 번화로 18,전라남도 목포시 중앙동2가 6,1448,화장실+주차장+여행자쉼터,,,박물관,,,2006-07-20,100,30,구 동양척식주식회사 목포지점이었던 근대역사관2관은 1920년 6월에 건립된 일제시대 건축물로 1999년 11월 20일 전라남도 기념물 제174호로 지정.동양척식주식회사 건물 복원기념으로 사진이 전시되고 있다 2층건물에는 주요 근대역사자료와 관련한 상설전시중이다.,061-270-8728,전라남도 목포시청,2025-06-25,4800000,전라남도 목포시
전국관광지정보표준데이터,https://www.data.go.kr/data/15021141/standard.do,2025-06-25,place,성옥기념관,관광지,전라남도 목포시,전라남도 목포시 영산로 11,34.78698576,126.3798645,"조선내화(주)창업자인 성옥 이훈동 선생의 미수를 기리기 위해 자녀들이 건립한 문화공간으로 선생이 수집한 근 · 현대 작품, 다양한 고미술작품과 도자기 등을 감상 할 수 있다.",지역 역사·관광 탐방 동화 배경,장소의 특징을 찾아보고 가족 여행 기록 남기기,5-7;8-10,관광;관광지;성옥기념관;조선내화(주)창업자인;성옥;이훈동;선생의;미수를;기리기;위해;자녀들이;건립한,성옥기념관,관광지,전라남도 목포시 영산로 11,전라남도 목포시 유달동 4-2,1723,화장실+주차장+라운지,,,,,,2004-06-01,200,10,"조선내화(주)창업자인 성옥 이훈동 선생의 미수를 기리기 위해 자녀들이 건립한 문화공간으로 선생이 수집한 근 · 현대 작품, 다양한 고미술작품과 도자기 등을 감상 할 수 있다.",061-244-2527,전라남도 목포시청,2025-06-25,4800000,전라남도 목포시
전국관광지정보표준데이터,https://www.data.go.kr/data/15021141/standard.do,2025-11-26,place,천지연폭포,관광지,제주특별자치도 서귀포시,제주특별자치도 서귀포시 남성중로 2-15(서홍동),33.2447447,126.5595511,하늘과 땅이 만나는 곳의 연못이라는 뜻의 천지연은 난대식물지대로서 계곡전체가 천연보호구역으로 지정되어 있어 주변 경관이 수려함. 조명시설이 되어있어 오후 10시까지 야간 관람 가능함.(천연기념물 제163호 담팔수 자생지. 제379호 천지연 난대림. 제27호 무태장어 서식지),지역 역사·관광 탐방 동화 배경,장소의 특징을 찾아보고 가족 여행 기록 남기기,5-7;8-10,관광;관광지;천지연폭포;하늘과;땅이;만나는;곳의;연못이라는;뜻의;천지연은;난대식물지대로서;계곡전체가,천지연폭포,관광지,제주특별자치도 서귀포시 남성중로 2-15(서홍동),제주특별자치도 서귀포시 서홍동 666-1,273538,관리사무소+화장실(3동)+주차장,,,,,,1972-03-23,15000,181,하늘과 땅이 만나는 곳의 연못이라는 뜻의 천지연은 난대식물지대로서 계곡전체가 천연보호구역으로 지정되어 있어 주변 경관이 수려함. 조명시설이 되어있어 오후 10시까지 야간 관람 가능함.(천연기념물 제163호 담팔수 자생지. 제379호 천지연 난대림. 제27호 무태장어 서식지),064-760-6300,제주특별자치도 서귀포시청,2025-11-26,6520000,제주특별자치도 서귀포시
전국관광지정보표준데이터,https://www.data.go.kr/data/15021141/standard.do,2025-11-26,place,정방폭포,관광지,제주특별자치도 서귀포시,제주특별자치도 서귀포시 칠십리로214번길 37(동홍동),33.24474912,126.5730486,높이 23m. 너비 8m. 깊이 5m에 달하는 동양 유일의 해안폭포로서 폭포수가 바다로 직접 떨어지는 경관을 관람할 수 있음(명승 제43호),지역 역사·관광 탐방 동화 배경,장소의 특징을 찾아보고 가족 여행 기록 남기기,5-7;8-10,관광;관광지;정방폭포;높이;23m.;너비;8m.;깊이;5m에;달하는;동양;유일의,정방폭포,관광지,제주특별자치도 서귀포시 칠십리로214번길 37(동홍동),제주특별자치도 서귀포시 동홍동 278,295000,관리사무소+화장실(1동)+주차장,,,,,,1972-05-02,7000,95,높이 23m. 너비 8m. 깊이 5m에 달하는 동양 유일의 해안폭포로서 폭포수가 바다로 직접 떨어지는 경관을 관람할 수 있음(명승 제43호),064-760-6300,제주특별자치도 서귀포시청,2025-11-26,6520000,제주특별자치도 서귀포시
전국관광지정보표준데이터,https://www.data.go.kr/data/15021141/standard.do,2025-11-26,place,주상절리대,관광지,제주특별자치도 서귀포시,제주특별자치도 서귀포시 이어도로 36-30(중문동),33.23799399,126.4260174,주상절리는 주로 현무암질 용암류에 형성되는 수직절리를 말함. 중문·대포해안 주상절리대는 높이가 30~40m. 폭이 약 1km 정도로 우리나라 최대 규모로 육모꼴의 기둥이 병풍처럼 둘러쳐져 있어 자연의 신비를 만끽할 수 있음.(천연기념물 제 443호. 제주도지질공원),지역 역사·관광 탐방 동화 배경,장소의 특징을 찾아보고 가족 여행 기록 남기기,5-7;8-10,관광;관광지;주상절리대;주상절리는;주로;현무암질;용암류에;형성되는;수직절리를;말함.;중문·대포해안;주상절리대는,주상절리대,관광지,제주특별자치도 서귀포시 이어도로 36-30(중문동),제주특별자치도 서귀포시 중문동 2768-1,21764,관리사무소+화장실(1동)+주차장,,,,,,2005-08-01,11000,80,주상절리는 주로 현무암질 용암류에 형성되는 수직절리를 말함. 중문·대포해안 주상절리대는 높이가 30~40m. 폭이 약 1km 정도로 우리나라 최대 규모로 육모꼴의 기둥이 병풍처럼 둘러쳐져 있어 자연의 신비를 만끽할 수 있음.(천연기념물 제 443호. 제주도지질공원),064-760-6300,제주특별자치도 서귀포시청,2025-11-26,6520000,제주특별자치도 서귀포시
전국관광지정보표준데이터,https://www.data.go.kr/data/15021141/standard.do,2025-11-26,place,천제연폭포,관광지,제주특별자치도 서귀포시,제주특별자치도 서귀포시 천제연로 132(중문동),33.2526783,126.4183754,한라산에서 시작된 중문천이 바다로 흐르면서 형성된 폭포. 3개의 폭포로 나뉘어 지는데 주상절리 절벽에서 천제연(못)으로 떨어지는 1폭포. 천제연 물이 더 아래로 흐르면서 형성된 2. 3폭포가 있음. 옥황상제를 모시는 칠선녀가 목욕을 하다 간다는 전설이 있을만큼 빼어난 경관을 자랑함(천연기념물 제378호 천제연 난대림),지역 역사·관광 탐방 동화 배경,장소의 특징을 찾아보고 가족 여행 기록 남기기,5-7;8-10,관광;관광지;천제연폭포;한라산에서;시작된;중문천이;바다로;흐르면서;형성된;폭포.;3개의;폭포로,천제연폭포,관광지,제주특별자치도 서귀포시 천제연로 132(중문동),제주특별자치도 서귀포시 중문동 2232,349000,관리사무소+화장실(1동)+주차장,,,,,,1972-03-23,15000,141,한라산에서 시작된 중문천이 바다로 흐르면서 형성된 폭포. 3개의 폭포로 나뉘어 지는데 주상절리 절벽에서 천제연(못)으로 떨어지는 1폭포. 천제연 물이 더 아래로 흐르면서 형성된 2. 3폭포가 있음. 옥황상제를 모시는 칠선녀가 목욕을 하다 간다는 전설이 있을만큼 빼어난 경관을 자랑함(천연기념물 제378호 천제연 난대림),064-760-6300,제주특별자치도 서귀포시청,2025-11-26,6520000,제주특별자치도 서귀포시
전국관광지정보표준데이터,https://www.data.go.kr/data/15021141/standard.do,2025-11-26,place,산방산,관광지,제주특별자치도 서귀포시,제주특별자치도 서귀포시 안덕면 산방로 218-11,33.23697818,126.312306,높이 395m의 거대한 종 모양의 화산체로서 설문대할망이 한라산 꼭대기를 뽑아 던져 놓았다는 전설이 있음. 해발고도 200m에 산방굴이라는 해식동굴이 있음. (명승 제77호. 천연기념물 제376호. 제주도지질공원),지역 역사·관광 탐방 동화 배경,장소의 특징을 찾아보고 가족 여행 기록 남기기,5-7;8-10,관광;관광지;산방산;높이;395m의;거대한;종;모양의;화산체로서;설문대할망이;한라산;꼭대기를,산방산,관광지,제주특별자치도 서귀포시 안덕면 산방로 218-11,제주특별자치도 서귀포시 안덕면 사계리 184,643736,관리사무소+화장실(1동)+주차장,,,,,,1972-03-22,3000,26,높이 395m의 거대한 종 모양의 화산체로서 설문대할망이 한라산 꼭대기를 뽑아 던져 놓았다는 전설이 있음. 해발고도 200m에 산방굴이라는 해식동굴이 있음. (명승 제77호. 천연기념물 제376호. 제주도지질공원),064-760-6300,제주특별자치도 서귀포시청,2025-11-26,6520000,제주특별자치도 서귀포시
전국관광지정보표준데이터,https://www.data.go.kr/data/15021141/standard.do,2025-11-26,place,용머리해안,관광지,제주특별자치도 서귀포시,제주특별자치도 서귀포시 안덕면 사계남로216번길 24-30,33.23342738,126.3136956,마치 바다속으로 들어가는 용의 머리를 닮았다 해서 용머리해안으로 불림. 수천만년 동안 층층이 쌓인 사암층 암벽이 파도에 깎여 기묘한 절벽을 이루고 있음. (천연기념물 제526호. 제주도지질공원),지역 역사·관광 탐방 동화 배경,장소의 특징을 찾아보고 가족 여행 기록 남기기,5-7;8-10,관광;관광지;용머리해안;마치;바다속으로;들어가는;용의;머리를;닮았다;해서;용머리해안으로;불림.,용머리해안,관광지,제주특별자치도 서귀포시 안덕면 사계남로216번길 24-30,제주특별자치도 서귀포시 안덕면 사계리 112-3,256000,관리사무소+화장실(2동)+주차장,,,,,,1986-09-01,10000,123,마치 바다속으로 들어가는 용의 머리를 닮았다 해서 용머리해안으로 불림. 수천만년 동안 층층이 쌓인 사암층 암벽이 파도에 깎여 기묘한 절벽을 이루고 있음. (천연기념물 제526호. 제주도지질공원),064-760-6300,제주특별자치도 서귀포시청,2025-11-26,6520000,제주특별자치도 서귀포시
전국관광지정보표준데이터,https://www.data.go.kr/data/15021141/standard.do,2025-11-26,place,감귤박물관,관광지,제주특별자치도 서귀포시,제주특별자치도 서귀포시 효돈순환로 441(신효동),33.27159304,126.6074285,제주감귤의 역사와 문화. 산업현장을 의미있는 관점에서 전시한 박물관으로. 감귤 관련 전시물과 다양한 감귤 품종 및 이국의 식물을 관람할 수 있음. 또한 감귤과 관련한 다양한 체험 프로그램도 준비되어 있으며. 최근 개장한 감귤카페 꿈나다에서 주변 경치를 구경하며 맛있는 감귤 음료. 디저트를 저렴한 가격에 즐길 수 있음.,지역 역사·관광 탐방 동화 배경,장소의 특징을 찾아보고 가족 여행 기록 남기기,5-7;8-10,관광;관광지;감귤박물관;제주감귤의;역사와;문화.;산업현장을;의미있는;관점에서;전시한;박물관으로.;감귤,감귤박물관,관광지,제주특별자치도 서귀포시 효돈순환로 441(신효동),제주특별자치도 서귀포시 신효동 1200-6,98426,"관리사무소+화장실(실내 3, 야외 2)+주차장",,,,,,2005-02-25,1000,90,제주감귤의 역사와 문화. 산업현장을 의미있는 관점에서 전시한 박물관으로. 감귤 관련 전시물과 다양한 감귤 품종 및 이국의 식물을 관람할 수 있음. 또한 감귤과 관련한 다양한 체험 프로그램도 준비되어 있으며. 최근 개장한 감귤카페 꿈나다에서 주변 경치를 구경하며 맛있는 감귤 음료. 디저트를 저렴한 가격에 즐길 수 있음.,064-760-6400,제주특별자치도 서귀포시청,2025-11-26,6520000,제주특별자치도 서귀포시
전국관광지정보표준데이터,https://www.data.go.kr/data/15021141/standard.do,2024-07-30,place,성류굴 관광지,관광지,경상북도 울진군,경상북도 울진군 근남면 성류굴로 202,36.95884825,129.3794409,성류굴 주변 관광지,지역 역사·관광 탐방 동화 배경,장소의 특징을 찾아보고 가족 여행 기록 남기기,5-7;8-10,관광;관광지;성류굴;주변,성류굴 관광지,관광지,경상북도 울진군 근남면 성류굴로 202,경상북도 울진군 근남면 노음리 850-12,56000,도로+주차장+광장+화장실+오수처리장,펜션하우스,,동굴생태전시관+야외공연장,,,1981-01-18,3300,91,성류굴 주변 관광지,054-789-5402,경상북도 울진군청,2024-07-30,5250000,경상북도 울진군
전국관광지정보표준데이터,https://www.data.go.kr/data/15021141/standard.do,2024-07-30,place,백암온천 관광지,관광지,경상북도 울진군,경상북도 울진군 온정면 온천로 7,36.72132775,129.343467,백암산 온천수를 이용한 온천관광지,지역 역사·관광 탐방 동화 배경,장소의 특징을 찾아보고 가족 여행 기록 남기기,5-7;8-10,관광;관광지;백암온천;백암산;온천수를;이용한;온천관광지,백암온천 관광지,관광지,경상북도 울진군 온정면 온천로 7,경상북도 울진군 온정면 소태리 1453,357132,도로+주차장+정류장+공원+녹지+소하천+온천공+소방시설+국유림관리소+배수지,호텔+콘도미니엄+국민호텔+교육원+여관+펜션,다목적운동장+축구장+잔디썰매장+체력단련장+극기체험장+족구장+서바이벌게임장,회의장+전망대+조경휴게소+자연학습장,,,1987-12-31,15310,501,백암산 온천수를 이용한 온천관광지,054-789-5480,경상북도 울진군청,2024-07-30,5250000,경상북도 울진군
전국관광지정보표준데이터,https://www.data.go.kr/data/15021141/standard.do,2025-07-28,place,맹방관광지,관광지,강원특별자치도 삼척시,강원특별자치도 삼척시 근덕면 상맹방길 30-80,37.39591618,129.2207941,해수욕장을 중심으로 한 해변관광지로 동해의 맑은 물과 명사십리라 일컬어진 긴 백사장과 인접 농경지 사이에 평행하게 형성된 곰솔 등의 자연적 환경 요소를 갖춤,지역 역사·관광 탐방 동화 배경,장소의 특징을 찾아보고 가족 여행 기록 남기기,5-7;8-10,관광;관광지;맹방관광지;해수욕장을;중심으로;한;해변관광지로;동해의;맑은;물과;명사십리라;일컬어진,맹방관광지,관광지,강원특별자치도 삼척시 근덕면 상맹방길 30-80,,779988,관리사무소+주차장+화장실(1동),휴양콘도미니엄+ 돔하우스+ 카라반,골프장,야영장,,,1980-05-29,1500,500,해수욕장을 중심으로 한 해변관광지로 동해의 맑은 물과 명사십리라 일컬어진 긴 백사장과 인접 농경지 사이에 평행하게 형성된 곰솔 등의 자연적 환경 요소를 갖춤,033-570-3547,강원특별자치도 삼척시청,2025-07-28,4241000,강원특별자치도 삼척시
전국관광지정보표준데이터,https://www.data.go.kr/data/15021141/standard.do,2025-07-28,place,장호관광지,관광지,강원특별자치도 삼척시,강원특별자치도 삼척시 근덕면 삼척로 2154,37.2868038,129.3079336,운동오락시설+오토캠핑장+카라반+야영시설 등 관광객 편의시설이 조성되어 운영되고 있으며+해상로프웨이 및 조경휴게지 등의 자연경관 감상을 위한 시설이 조성되어 운영되어 해마다 많은 관광객들이 방문,지역 역사·관광 탐방 동화 배경,장소의 특징을 찾아보고 가족 여행 기록 남기기,5-7;8-10,관광;관광지;장호관광지;운동오락시설+오토캠핑장+카라반+야영시설;등;관광객;편의시설이;조성되어;운영되고;있으며+해상로프웨이;및;조경휴게지,장호관광지,관광지,강원특별자치도 삼척시 근덕면 삼척로 2154,,163261,관리사무소+주차장,호텔,케이블카,야영장,,,1979-06-20,2200,800,운동오락시설+오토캠핑장+카라반+야영시설 등 관광객 편의시설이 조성되어 운영되고 있으며+해상로프웨이 및 조경휴게지 등의 자연경관 감상을 위한 시설이 조성되어 운영되어 해마다 많은 관광객들이 방문,033-570-3547,강원특별자치도 삼척시청,2025-07-28,4241000,강원특별자치도 삼척시
전국관광지정보표준데이터,https://www.data.go.kr/data/15021141/standard.do,2025-07-28,place,초당관광지,관광지,강원특별자치도 삼척시,강원특별자치도 삼척시 근덕면 미근로 1629,37.37650408,129.2047561,자연환경과 더불어 수려한 자연 지형을 그대로 살린 친환경 골프장은 기후 영향을 비교적 덜 받아 사계절 체류형 관광지의 면모를 지니고 있음,지역 역사·관광 탐방 동화 배경,장소의 특징을 찾아보고 가족 여행 기록 남기기,5-7;8-10,관광;관광지;초당관광지;자연환경과;더불어;수려한;자연;지형을;그대로;살린;친환경;골프장은,초당관광지,관광지,강원특별자치도 삼척시 근덕면 미근로 1629,,2157243,광장+주차장,게스트하우스+ 클럽하우스,골프장,,,,1990-04-19,500,140,자연환경과 더불어 수려한 자연 지형을 그대로 살린 친환경 골프장은 기후 영향을 비교적 덜 받아 사계절 체류형 관광지의 면모를 지니고 있음,033-570-3547,강원특별자치도 삼척시청,2025-07-28,4241000,강원특별자치도 삼척시
전국관광지정보표준데이터,https://www.data.go.kr/data/15021141/standard.do,2025-07-01,place,아담원,관광지,전북특별자치도 남원시,전북특별자치도 남원시 이백면 목가길 193,35.440571,127.476826,"아담원은 본래 나무를 키우던 조경농원이었던 곳으로 지난 10년간 정성으로 가꾸어 아름다운 정원으로 재탄생 하였습니다. 나무 한 주, 풀 한포기까지 엄선하여 심고, 관리하여 지리산자락의 비경과 함께 훌륭한 힐링의 장을 제공해 줄 것입니다. 아무쪼록 방문하시어 편안한 휴식을 만끽하시길 바랍니다",지역 역사·관광 탐방 동화 배경,장소의 특징을 찾아보고 가족 여행 기록 남기기,5-7;8-10,관광;관광지;아담원;아담원은;본래;나무를;키우던;조경농원이었던;곳으로;지난;10년간;정성으로,아담원,관광지,전북특별자치도 남원시 이백면 목가길 193,,26446,주차장,,,커피숍,,,2018-08-01,1000,40,"아담원은 본래 나무를 키우던 조경농원이었던 곳으로 지난 10년간 정성으로 가꾸어 아름다운 정원으로 재탄생 하였습니다. 나무 한 주, 풀 한포기까지 엄선하여 심고, 관리하여 지리산자락의 비경과 함께 훌륭한 힐링의 장을 제공해 줄 것입니다. 아무쪼록 방문하시어 편안한 휴식을 만끽하시길 바랍니다",063-635-8342,아담원,2025-07-01,4701000,전북특별자치도 남원시
전국관광지정보표준데이터,https://www.data.go.kr/data/15021141/standard.do,2026-02-04,place,별밤미술관 in 수완,관광지,광주광역시 광산구,광주광역시 광산구 풍영정천자전거길 1030,35.18597183,126.819001,"코로나19 팬데믹으로 위축된 예술인들의 활동을 장려하고 대중 속에서 꽃피는 전시문화를 위해, 주민들이 즐겨 찾는 거점공간에 비대면 간이 미술관 5개소를 조성 및 운영하고있습니다.  별밤미술관은 탁 트인 야외 공원에 위치하고 있고 저녁 시간에 운영하기 때문에 직장에 다니거나 일을 하느라 바쁜 일상에서 일부러 시간을 낼 필요도 없습니다. 퇴근 후 동네 공원에서 산책하시거나 운동하시면서 좋은 작품을 여유롭게 즐기시기만 하면 됩니다.",지역 역사·관광 탐방 동화 배경,장소의 특징을 찾아보고 가족 여행 기록 남기기,5-7;8-10,관광;관광지;별밤미술관;in;수완;코로나19;팬데믹으로;위축된;예술인들의;활동을;장려하고;대중,별밤미술관 in 수완,관광지,광주광역시 광산구 풍영정천자전거길 1030,광주광역시 광산구 신가동 1051,40,없음,,,,,,2021-02-26,0,0,"코로나19 팬데믹으로 위축된 예술인들의 활동을 장려하고 대중 속에서 꽃피는 전시문화를 위해, 주민들이 즐겨 찾는 거점공간에 비대면 간이 미술관 5개소를 조성 및 운영하고있습니다.  별밤미술관은 탁 트인 야외 공원에 위치하고 있고 저녁 시간에 운영하기 때문에 직장에 다니거나 일을 하느라 바쁜 일상에서 일부러 시간을 낼 필요도 없습니다. 퇴근 후 동네 공원에서 산책하시거나 운동하시면서 좋은 작품을 여유롭게 즐기시기만 하면 됩니다.",062-960-3689,광주광역시 광산구청,2026-02-04,3630000,광주광역시 광산구
전국관광지정보표준데이터,https://www.data.go.kr/data/15021141/standard.do,2026-02-04,place,별밤미술관 in 운남,관광지,광주광역시 광산구,광주광역시 광산구 목련로 156,35.17144137,126.8159402,"코로나19 팬데믹으로 위축된 예술인들의 활동을 장려하고 대중 속에서 꽃피는 전시문화를 위해, 주민들이 즐겨 찾는 거점공간에 비대면 간이 미술관 5개소를 조성 및 운영하고있습니다.  별밤미술관은 탁 트인 야외 공원에 위치하고 있고 저녁 시간에 운영하기 때문에 직장에 다니거나 일을 하느라 바쁜 일상에서 일부러 시간을 낼 필요도 없습니다. 퇴근 후 동네 공원에서 산책하시거나 운동하시면서 좋은 작품을 여유롭게 즐기시기만 하면 됩니다.",지역 역사·관광 탐방 동화 배경,장소의 특징을 찾아보고 가족 여행 기록 남기기,5-7;8-10,관광;관광지;별밤미술관;in;운남;코로나19;팬데믹으로;위축된;예술인들의;활동을;장려하고;대중,별밤미술관 in 운남,관광지,광주광역시 광산구 목련로 156,광주광역시 광산구 운남동 799-1,40,없음,,,,,,2021-03-22,0,0,"코로나19 팬데믹으로 위축된 예술인들의 활동을 장려하고 대중 속에서 꽃피는 전시문화를 위해, 주민들이 즐겨 찾는 거점공간에 비대면 간이 미술관 5개소를 조성 및 운영하고있습니다.  별밤미술관은 탁 트인 야외 공원에 위치하고 있고 저녁 시간에 운영하기 때문에 직장에 다니거나 일을 하느라 바쁜 일상에서 일부러 시간을 낼 필요도 없습니다. 퇴근 후 동네 공원에서 산책하시거나 운동하시면서 좋은 작품을 여유롭게 즐기시기만 하면 됩니다.",062-960-3689,광주광역시 광산구청,2026-02-04,3630000,광주광역시 광산구
전국관광지정보표준데이터,https://www.data.go.kr/data/15021141/standard.do,2024-04-01,place,진남관,관광지,전라남도 여수시,전라남도 여수시 동문로 11,34.7413383,127.7365704,국보 제 304호 국내 최대 단층목조건물로 조선시대 400여 년간 조선수군의 본거지로 이용되었던 역사의 현장이다. 2020년 12월까지 보수공사중이다.,지역 역사·관광 탐방 동화 배경,장소의 특징을 찾아보고 가족 여행 기록 남기기,5-7;8-10,관광;관광지;진남관;국보;제;304호;국내;최대;단층목조건물로;조선시대;400여;년간,진남관,관광지,전라남도 여수시 동문로 11,전라남도 여수시 군자동 472,792,화장실,,,임란유물전시관,관광안내소,관리사무소,2001-04-17,0,102,국보 제 304호 국내 최대 단층목조건물로 조선시대 400여 년간 조선수군의 본거지로 이용되었던 역사의 현장이다. 2020년 12월까지 보수공사중이다.,061-659-5710,전라남도 여수시청,2024-04-01,4810000,전라남도 여수시
전국관광지정보표준데이터,https://www.data.go.kr/data/15021141/standard.do,2024-04-01,place,향일암,관광지,전라남도 여수시,전라남도 여수시 돌산읍 향일암로 60,34.59379448,127.8029861,우리나라 4대 관음기도도량 중 하나로 전국 최고의 일출명소이다. 644년 원효대사에 의해 창건되었다고 전해진다.,지역 역사·관광 탐방 동화 배경,장소의 특징을 찾아보고 가족 여행 기록 남기기,5-7;8-10,관광;관광지;향일암;우리나라;4대;관음기도도량;중;하나로;전국;최고의;일출명소이다.;644년,향일암,관광지,전라남도 여수시 돌산읍 향일암로 60,전라남도 여수시 율림리 산 7,0,화장실,,,,관광안내소,매표소+종무소,2012-05-06,0,109,우리나라 4대 관음기도도량 중 하나로 전국 최고의 일출명소이다. 644년 원효대사에 의해 창건되었다고 전해진다.,061-644-0309,대한불교조계종,2024-04-01,4810000,전라남도 여수시
전국관광지정보표준데이터,https://www.data.go.kr/data/15021141/standard.do,2024-04-01,place,여수해상케이블카,관광지,전라남도 여수시,전라남도 여수시 자산4길 39,34.7402223,127.7529197,"여수 돌산과 자산공원을 잇는 1.5km구간의 국내 첫 해상케이블카로 바닥이 투명한 크리스탈 캐빈 15대(5인승)와 일반 캐빈 35대(8인승), 총 50대가 운행되고 있다. 아찔한 스릴감과 함께 맛보는 다도해의 전망과 여수밤바다 풍경이 한눈에 들어온다.",지역 역사·관광 탐방 동화 배경,장소의 특징을 찾아보고 가족 여행 기록 남기기,5-7;8-10,관광;관광지;여수해상케이블카;여수;돌산과;자산공원을;잇는;1.5km구간의;국내;첫;해상케이블카로;바닥이,여수해상케이블카,관광지,전라남도 여수시 자산4길 39,전라남도 여수시 수정동 332-57,0,화장실,,판타지아트뮤지엄,공연장,매표소,사무소,2014-12-02,355,244,"여수 돌산과 자산공원을 잇는 1.5km구간의 국내 첫 해상케이블카로 바닥이 투명한 크리스탈 캐빈 15대(5인승)와 일반 캐빈 35대(8인승), 총 50대가 운행되고 있다. 아찔한 스릴감과 함께 맛보는 다도해의 전망과 여수밤바다 풍경이 한눈에 들어온다.",061-664-7301,여수해상케이블카 주식회사,2024-04-01,4810000,전라남도 여수시
전국관광지정보표준데이터,https://www.data.go.kr/data/15021141/standard.do,2024-04-01,place,여수세계박람회장,관광지,전라남도 여수시,전라남도 여수시 박람회길 1,34.75218956,127.7465005,2012년 여수세계박람회를 성공적으로 개최한 장소로 단순 공원이 아닌 관광부터 비즈니스까지 원스톱으로 즐길 수 있는 전천후 복합문화체험공단.,지역 역사·관광 탐방 동화 배경,장소의 특징을 찾아보고 가족 여행 기록 남기기,5-7;8-10,관광;관광지;여수세계박람회장;2012년;여수세계박람회를;성공적으로;개최한;장소로;단순;공원이;아닌;관광부터,여수세계박람회장,관광지,전라남도 여수시 박람회길 1,전라남도 여수시 덕충동 2005,598000,화장실,소노캄+베네치아호텔+유탑마리나리조트+신라스테이,아쿠아플라넷+빅오쇼,엑스포아트갤러리+엑스포기념관,안내소,사무실,2012-04-30,0,1909,2012년 여수세계박람회를 성공적으로 개최한 장소로 단순 공원이 아닌 관광부터 비즈니스까지 원스톱으로 즐길 수 있는 전천후 복합문화체험공단.,1577-2012,2012여수세계박람회재단,2024-04-01,4810000,전라남도 여수시
전국관광지정보표준데이터,https://www.data.go.kr/data/15021141/standard.do,2024-04-01,place,여수해양공원,관광지,전라남도 여수시,전라남도 여수시 하멜로 96,34.73676698,127.7484079,"해안선을 따라 조성된 1.5km 구간 시민공원으로 아름다운 여수 밤바다를 만끽 할 수 있는 최고의 휴식공간이다. 하멜등대, 해양케이블카, 돌산대교, 거북선대교, 장군도 등이 한눈에 보여 밤바다를 거닐 수 있는 필수 데이트 코스이며, 또한 각종 공연 및 행사가 다채롭게 열려 볼거리가 많다.",지역 역사·관광 탐방 동화 배경,장소의 특징을 찾아보고 가족 여행 기록 남기기,5-7;8-10,관광;관광지;여수해양공원;해안선을;따라;조성된;1.5km;구간;시민공원으로;아름다운;여수;밤바다를,여수해양공원,관광지,전라남도 여수시 하멜로 96,전라남도 여수시 종화동 458-5,0,화장실,,,공연장+놀이터,관광안내소,관리사무소,2012-01-01,0,214,"해안선을 따라 조성된 1.5km 구간 시민공원으로 아름다운 여수 밤바다를 만끽 할 수 있는 최고의 휴식공간이다. 하멜등대, 해양케이블카, 돌산대교, 거북선대교, 장군도 등이 한눈에 보여 밤바다를 거닐 수 있는 필수 데이트 코스이며, 또한 각종 공연 및 행사가 다채롭게 열려 볼거리가 많다.",061-659-3962,전라남도 여수시청,2024-04-01,4810000,전라남도 여수시
전국관광지정보표준데이터,https://www.data.go.kr/data/15021141/standard.do,2024-04-01,place,예술랜드리조트,관광지,전라남도 여수시,"전라남도 여수시 돌산읍 무술목길 142-1,",34.69510702,127.7769452,"전 객실 오션뷰, AR로 체험하는 국내 최대 테마형 3D트릭아트뮤지엄, +60미터 미디어 터널과 150미터 암반터널을 통해 만나는 조각공원, 바다를 바라보는 여수 최대규모 1500평 인피니티 풀로 새로운 종합관광지로 자리잡았다.",지역 역사·관광 탐방 동화 배경,장소의 특징을 찾아보고 가족 여행 기록 남기기,5-7;8-10,관광;관광지;예술랜드리조트;전;객실;오션뷰;AR로;체험하는;국내;최대;테마형;3D트릭아트뮤지엄,예술랜드리조트,관광지,"전라남도 여수시 돌산읍 무술목길 142-1,",전라남도 여수시 돌산읍 평사리 산244,65904,화장실+푸드코트,리조트,인피니티풀+트릭아트뮤지엄+조각공원,,안내데스크,안내데스크,2018-07-15,0,0,"전 객실 오션뷰, AR로 체험하는 국내 최대 테마형 3D트릭아트뮤지엄, +60미터 미디어 터널과 150미터 암반터널을 통해 만나는 조각공원, 바다를 바라보는 여수 최대규모 1500평 인피니티 풀로 새로운 종합관광지로 자리잡았다.",1522-2600,(주)여수예술랜드,2024-04-01,4810000,전라남도 여수시
전국관광지정보표준데이터,https://www.data.go.kr/data/15021141/standard.do,2024-04-01,place,여수이순신대교,관광지,전라남도 여수시,전라남도 여수시 묘도7길 110,34.8892365327,127.7049289912,"세계최고의 높이를 자랑하는 주탑높이(270m)는 63빌딩보다 높고 주탑간 거리 1,545m는 충무공 이순신 장군의 탄신해인 1545년을 기념하기 위한 것으로 웅장함과 탁 뜨인 바다 전경이 일품이다.",지역 역사·관광 탐방 동화 배경,장소의 특징을 찾아보고 가족 여행 기록 남기기,5-7;8-10,관광;관광지;여수이순신대교;세계최고의;높이를;자랑하는;주탑높이(270m)는;63빌딩보다;높고;주탑간;거리;1,여수이순신대교,관광지,전라남도 여수시 묘도7길 110,전라남도 여수시 묘도동 산127-37,0,화장실,,,전망대,안내데스크,사무실,2013-02-08,0,0,"세계최고의 높이를 자랑하는 주탑높이(270m)는 63빌딩보다 높고 주탑간 거리 1,545m는 충무공 이순신 장군의 탄신해인 1545년을 기념하기 위한 것으로 웅장함과 탁 뜨인 바다 전경이 일품이다.",061-807-2020,국토교통부,2024-04-01,4810000,전라남도 여수시
전국관광지정보표준데이터,https://www.data.go.kr/data/15021141/standard.do,2025-04-22,place,서산류방택천문기상과학관,관광지,충청남도 서산시,충청남도 서산시 인지면 무학로 1353-4,36.72736,126.41315,천상열차분야지도를 제작한 충남 서산 출신 고려말 천문학자 류방택 선생의 뜻을 기려 설립된 과학관,지역 역사·관광 탐방 동화 배경,장소의 특징을 찾아보고 가족 여행 기록 남기기,5-7;8-10,관광;관광지;서산류방택천문기상과학관;천상열차분야지도를;제작한;충남;서산;출신;고려말;천문학자;류방택;선생의,서산류방택천문기상과학관,관광지,충청남도 서산시 인지면 무학로 1353-4,,3770,사무실+화장실+주차장,,,,,,2011-07-11,280,25,천상열차분야지도를 제작한 충남 서산 출신 고려말 천문학자 류방택 선생의 뜻을 기려 설립된 과학관,041-669-8496,서산시 문화시설사업소+류방택천문기상과학관관리소,2025-04-22,4530000,충청남도 서산시
전국관광지정보표준데이터,https://www.data.go.kr/data/15021141/standard.do,2025-04-22,place,서산버드랜드,관광지,충청남도 서산시,충청남도 서산시 부석면 천수만로 655-73,36.63124,126.37809,철새도래시기에는 천수만에 도래하는 철새들을 탐조투어를 통해 볼 수 있고 특별프로그램 기간에는 각종 체험행사 등을 경험할 수 있으며 4D 영상 등의 볼거리가 있음,지역 역사·관광 탐방 동화 배경,장소의 특징을 찾아보고 가족 여행 기록 남기기,5-7;8-10,관광;관광지;서산버드랜드;철새도래시기에는;천수만에;도래하는;철새들을;탐조투어를;통해;볼;수;있고,서산버드랜드,관광지,충청남도 서산시 부석면 천수만로 655-73,,244804,화장실(5동)+주차장+안내소(4개소),,,,,,2013-11-01,10000,200,철새도래시기에는 천수만에 도래하는 철새들을 탐조투어를 통해 볼 수 있고 특별프로그램 기간에는 각종 체험행사 등을 경험할 수 있으며 4D 영상 등의 볼거리가 있음,041-661-8054,서산시 버드랜드사업소,2025-04-22,4530000,충청남도 서산시
전국관광지정보표준데이터,https://www.data.go.kr/data/15021141/standard.do,2025-04-22,place,용현자연휴양림,관광지,충청남도 서산시,충청남도 서산시 운산면 마애삼존불길 339,36.75188,126.60764,용현계곡 한가운데 자리해 심산유곡의 경치를 자랑하는 산림휴양의 적지,지역 역사·관광 탐방 동화 배경,장소의 특징을 찾아보고 가족 여행 기록 남기기,5-7;8-10,관광;관광지;용현자연휴양림;용현계곡;한가운데;자리해;심산유곡의;경치를;자랑하는;산림휴양의;적지,용현자연휴양림,관광지,충청남도 서산시 운산면 마애삼존불길 339,,100000,관리사무소+화장실+주차장,,,,,,2000-06-12,800,98,용현계곡 한가운데 자리해 심산유곡의 경치를 자랑하는 산림휴양의 적지,041-664-1971,국립자연휴양림관리소,2025-04-22,4530000,충청남도 서산시
전국관광지정보표준데이터,https://www.data.go.kr/data/15021141/standard.do,2025-04-22,place,해미읍성,관광지,충청남도 서산시,충청남도 서산시 해미면 남문2로 143,36.71356,126.55038,500년 옛모습을 잘 간직한 조선시대 석축 읍성,지역 역사·관광 탐방 동화 배경,장소의 특징을 찾아보고 가족 여행 기록 남기기,5-7;8-10,관광;관광지;해미읍성;500년;옛모습을;잘;간직한;조선시대;석축;읍성,해미읍성,관광지,충청남도 서산시 해미면 남문2로 143,,196381,사무실+화장실+주차장,,,,,,1963-01-21,300000,24000,500년 옛모습을 잘 간직한 조선시대 석축 읍성,041-660-3069,서산시 문화시설사업소+해미읍성관광안내소,2025-04-22,4530000,충청남도 서산시
전국관광지정보표준데이터,https://www.data.go.kr/data/15021141/standard.do,2025-05-08,place,유니온파크,관광지,경기도 하남시,경기도 하남시 미사대로 710,37.54654783,127.2205032,"기존의 노후화 된 소각장, 재활용선별장, 음식물처리장, 중계펌프장 등의 시설 개선과 미사지구와 같은 택지개발사업 등으로 환경기초시설 확충이 요구됨에 따라 국내최초로 지하에 폐기물처리시설과 하수처리시설을 함께 설치한 신개념 환경기초시설이다. 지하에는 소각처리시설, 재활용선별시설, 음식물자원화시설, 하수처리시설 등이 설치되어 있고, 지상에는 잔디광장, 어린이물놀이시설, 다목적체육관, 야외체육시설 등 다양한 주민친화시설이 있는 하남유니온파크와 한강·검단산 등 하남의 아름다운 경관을 한눈에 조망할 수 있는 하남유니온타워(105m)가 설치되어있다.",지역 역사·관광 탐방 동화 배경,장소의 특징을 찾아보고 가족 여행 기록 남기기,5-7;8-10,관광;관광지;유니온파크;기존의;노후화;된;소각장;재활용선별장;음식물처리장;중계펌프장;등의;시설,유니온파크,관광지,경기도 하남시 미사대로 710,경기도 하남시 신장동 27,79057,도로+주차장+관리사무소+화장실,,다목적 체육관+테니스장+족구장+농구장+체육시설+어린이 물놀이시설,유니온타워+야외무대,,,2015-06-01,500,237,"기존의 노후화 된 소각장, 재활용선별장, 음식물처리장, 중계펌프장 등의 시설 개선과 미사지구와 같은 택지개발사업 등으로 환경기초시설 확충이 요구됨에 따라 국내최초로 지하에 폐기물처리시설과 하수처리시설을 함께 설치한 신개념 환경기초시설이다. 지하에는 소각처리시설, 재활용선별시설, 음식물자원화시설, 하수처리시설 등이 설치되어 있고, 지상에는 잔디광장, 어린이물놀이시설, 다목적체육관, 야외체육시설 등 다양한 주민친화시설이 있는 하남유니온파크와 한강·검단산 등 하남의 아름다운 경관을 한눈에 조망할 수 있는 하남유니온타워(105m)가 설치되어있다.",031-790-6255,경기도 하남시청 체육진흥과,2025-05-08,4040000,경기도 하남시
전국관광지정보표준데이터,https://www.data.go.kr/data/15021141/standard.do,2025-05-08,place,광주향교,관광지,경기도 하남시,경기도 하남시 대성로 126-13,37.52207622,127.1984175,"고려, 조선시대의 교육기관으로 유학을 가르치고 인재를 양성하던 곳",지역 역사·관광 탐방 동화 배경,장소의 특징을 찾아보고 가족 여행 기록 남기기,5-7;8-10,관광;관광지;광주향교;고려;조선시대의;교육기관으로;유학을;가르치고;인재를;양성하던;곳,광주향교,관광지,경기도 하남시 대성로 126-13,경기도 하남시 교산동 227-3,7127,공중화장실,,,,,,1983-09-19,100,45,"고려, 조선시대의 교육기관으로 유학을 가르치고 인재를 양성하던 곳",031-790-5971,경기도 하남시청 문화정책과,2025-05-08,4040000,경기도 하남시
전국관광지정보표준데이터,https://www.data.go.kr/data/15021141/standard.do,2025-05-08,place,이성산성,관광지,경기도 하남시,경기도 하남시 춘궁동 산 36,37.52530687,127.1847777,6세기 중반경에 신라가 쌓은 것으로 추정되는 신라시대 산성,지역 역사·관광 탐방 동화 배경,장소의 특징을 찾아보고 가족 여행 기록 남기기,5-7;8-10,관광;관광지;이성산성;6세기;중반경에;신라가;쌓은;것으로;추정되는;신라시대;산성,이성산성,관광지,,경기도 하남시 춘궁동 산 36,128891,주차장+화장실+공원,,,,,,2000-09-16,3000,35,6세기 중반경에 신라가 쌓은 것으로 추정되는 신라시대 산성,031-790-5971,경기도 하남시청 문화정책과,2025-05-08,4040000,경기도 하남시
전국관광지정보표준데이터,https://www.data.go.kr/data/15021141/standard.do,2025-05-08,place,미사경정공원,관광지,경기도 하남시,경기도 하남시 미사대로 505,37.5536259053,127.2132295877,"86아시안게임 및 88 서울 올림픽 당시 조정, 카누경기를 위해 만들어진 공원으로 조정호수를 중심으로 축구장, 족구장 등 스포츠시설을 비롯하여 매점, 자전거 대여 등 편의시설과 놀이시설을 갖춘 시민들의 여가선용 장소임",지역 역사·관광 탐방 동화 배경,장소의 특징을 찾아보고 가족 여행 기록 남기기,5-7;8-10,관광;관광지;미사경정공원;86아시안게임;및;88;서울;올림픽;당시;조정;카누경기를;위해,미사경정공원,관광지,경기도 하남시 미사대로 505,,1329933,조정호수+축구장+족구장+매점+자전거대여 등,,"조정호수, 축구장, 족구장, 매점, 자전거대여 등",,,,1980-01-01,10000,3500,"86아시안게임 및 88 서울 올림픽 당시 조정, 카누경기를 위해 만들어진 공원으로 조정호수를 중심으로 축구장, 족구장 등 스포츠시설을 비롯하여 매점, 자전거 대여 등 편의시설과 놀이시설을 갖춘 시민들의 여가선용 장소임",031-790-8883,한국체육산업개발주식회사,2025-05-08,4040000,경기도 하남시
전국관광지정보표준데이터,https://www.data.go.kr/data/15021141/standard.do,2024-04-01,place,오동도,관광지,전라남도 여수시,전라남도 여수시 오동도로 222,34.7443435,127.764121,동백을 비롯하여 194종의 울창한 의귀수목과 기암절벽이 자연스럽게 조화를 이룬 섬으로 한려해상국립공원에 속해있다. 동백꽃으로 유명한 여수의 대표 관광지이다.,지역 역사·관광 탐방 동화 배경,장소의 특징을 찾아보고 가족 여행 기록 남기기,5-7;8-10,관광;관광지;오동도;동백을;비롯하여;194종의;울창한;의귀수목과;기암절벽이;자연스럽게;조화를;이룬,오동도,관광지,전라남도 여수시 오동도로 222,전라남도 여수시 수정동 1-2,130000,화장실+동백열차,,U-Bike,음악분수대,관광안내소,관리사무소,1968-01-01,0,356,동백을 비롯하여 194종의 울창한 의귀수목과 기암절벽이 자연스럽게 조화를 이룬 섬으로 한려해상국립공원에 속해있다. 동백꽃으로 유명한 여수의 대표 관광지이다.,061-659-1819,전라남도 여수시청,2024-04-01,4810000,전라남도 여수시
전국관광지정보표준데이터,https://www.data.go.kr/data/15021141/standard.do,2025-05-07,place,산토끼노래동산,관광지,경상남도 창녕군,경상남도 창녕군 이방면 이방로 623,35.57772326,128.3835799595,"국민 동요 ‘산토끼’의 유래지역인 창녕군 이방면에 어른들에게는 어린 시절의 추억을 떠올리고, 어린이들에게는 생생한 체험학습의 장을 마련하고자 조성된 어린이 및 가족단위의 생태체험 여행관광지이다.",지역 역사·관광 탐방 동화 배경,장소의 특징을 찾아보고 가족 여행 기록 남기기,5-7;8-10,관광;관광지;산토끼노래동산;국민;동요;‘산토끼’의;유래지역인;창녕군;이방면에;어른들에게는;어린;시절의,산토끼노래동산,관광지,경상남도 창녕군 이방면 이방로 623,,49910,안내소(매표소)+주차장+화장실,,롤링미끄럼틀+사계절썰매장+어린이놀이터,작은동물원+토끼먹이체험장,,,2013-11-15,780,195,"국민 동요 ‘산토끼’의 유래지역인 창녕군 이방면에 어른들에게는 어린 시절의 추억을 떠올리고, 어린이들에게는 생생한 체험학습의 장을 마련하고자 조성된 어린이 및 가족단위의 생태체험 여행관광지이다.",055-530-1534,경상남도 창녕군청,2025-05-07,5410000,경상남도 창녕군
전국관광지정보표준데이터,https://www.data.go.kr/data/15021141/standard.do,2025-05-07,place,창녕 영산 만년교,관광지,경상남도 창녕군,경상남도 창녕군 영산면 동리 433,35.45282939,128.5283272,"창녕 영산 만년교는 정조 4년 축조되어 고종 29년에 중수한 무지개다리로 조선 후기 홍예교를 세운 방법을 알 수 있는중요한 자료이며, 봄이면 수양벚꽃과 개나리가 만개하여 한폭의 그림을 보는듯하다.",지역 역사·관광 탐방 동화 배경,장소의 특징을 찾아보고 가족 여행 기록 남기기,5-7;8-10,관광;관광지;창녕;영산;만년교;만년교는;정조;4년;축조되어;고종;29년에;중수한,창녕 영산 만년교,관광지,,경상남도 창녕군 영산면 동리 433,2000,화장실,,,,,,1972-03-02,100,20,"창녕 영산 만년교는 정조 4년 축조되어 고종 29년에 중수한 무지개다리로 조선 후기 홍예교를 세운 방법을 알 수 있는중요한 자료이며, 봄이면 수양벚꽃과 개나리가 만개하여 한폭의 그림을 보는듯하다.",055-530-1471,경상남도 창녕군청,2025-05-07,5410000,경상남도 창녕군
전국관광지정보표준데이터,https://www.data.go.kr/data/15021141/standard.do,2025-04-28,place,인천가스과학관,관광지,인천광역시 연수구,인천광역시 연수구 인천신항대로960,37.34875022,126.6077146,옥외조형물 5종+실내전시물 23개코너+크린타워,지역 역사·관광 탐방 동화 배경,장소의 특징을 찾아보고 가족 여행 기록 남기기,5-7;8-10,관광;관광지;인천가스과학관;옥외조형물;5종+실내전시물;23개코너+크린타워,인천가스과학관,관광지,인천광역시 연수구 인천신항대로960,인천광역시 연수구 송도동 364,6096,주차장 + 화장실 + 상하수도시설 + 전기시설 + 통신시설,,,,,,1998-11-03,300,100,옥외조형물 5종+실내전시물 23개코너+크린타워,032-822-4492,한국가스공사,2025-04-28,3520000,인천광역시 연수구
전국관광지정보표준데이터,https://www.data.go.kr/data/15021141/standard.do,2025-04-28,place,인천상륙작전기념관,관광지,인천광역시 연수구,인천광역시 연수구 청량로160번길 26,37.42070925,126.6531798,전시관+야외전시장+야외공연장+영상실+휴게실+전망대+소공원,지역 역사·관광 탐방 동화 배경,장소의 특징을 찾아보고 가족 여행 기록 남기기,5-7;8-10,관광;관광지;인천상륙작전기념관;전시관+야외전시장+야외공연장+영상실+휴게실+전망대+소공원,인천상륙작전기념관,관광지,인천광역시 연수구 청량로160번길 26,인천광역시 연수구 옥련동 525,1788,주차장 + 화장실 + 상하수도시설 + 전기시설 + 통신시설,,,,,,1984-09-15,200,50,전시관+야외전시장+야외공연장+영상실+휴게실+전망대+소공원,032-832-0915,인천광역시,2025-04-28,3520000,인천광역시 연수구
전국관광지정보표준데이터,https://www.data.go.kr/data/15021141/standard.do,2025-04-28,place,인천도시역사관,관광지,인천광역시 연수구,인천광역시 연수구 인천타워대로 238,37.39281227,126.6358879,고대 및 근대 전시관+인천 모형관+IFEZ모형관,지역 역사·관광 탐방 동화 배경,장소의 특징을 찾아보고 가족 여행 기록 남기기,5-7;8-10,관광;관광지;인천도시역사관;고대;및;근대;전시관+인천;모형관+IFEZ모형관,인천도시역사관,관광지,인천광역시 연수구 인천타워대로 238,인천광역시 연수구 송도동24-7,8409,주차장 + 화장실 + 상하수도시설 + 전기시설 + 통신시설,,,,,,2009-08-07,300,70,고대 및 근대 전시관+인천 모형관+IFEZ모형관,032-850-6000,인천광역시,2025-04-28,3520000,인천광역시 연수구
전국관광지정보표준데이터,https://www.data.go.kr/data/15021141/standard.do,2025-04-16,place,안성남사당공연장,관광지,경기도 안성시,경기도 안성시 보개면 남사당로 198-2,37.03181804,127.310053,안성맞춤랜드 내 위치한 안성남사당 상설공연용 공연장,지역 역사·관광 탐방 동화 배경,장소의 특징을 찾아보고 가족 여행 기록 남기기,5-7;8-10,관광;관광지;안성남사당공연장;안성맞춤랜드;내;위치한;안성남사당;상설공연용;공연장,안성남사당공연장,관광지,경기도 안성시 보개면 남사당로 198-2,경기도 안성시 보개면 복평리 302-8,3431,남사당카페,,,,,남사당전수관,2011-08-30,727,8,안성맞춤랜드 내 위치한 안성남사당 상설공연용 공연장,031-678-2512,경기도 안성시청,2025-04-16,4080000,경기도 안성시
전국관광지정보표준데이터,https://www.data.go.kr/data/15021141/standard.do,2025-04-16,place,안성맞춤랜드,관광지,경기도 안성시,경기도 안성시 보개면 남사당로 198,37.0328236,127.3078038,안성의 최대규모 시민공원,지역 역사·관광 탐방 동화 배경,장소의 특징을 찾아보고 가족 여행 기록 남기기,5-7;8-10,관광;관광지;안성맞춤랜드;안성의;최대규모;시민공원,안성맞춤랜드,관광지,경기도 안성시 보개면 남사당로 198,경기도 안성시 보개면 복평리 303-3,344514,화장실+주차장,,운동기구3종+ 잔디광장,잔디광장+수변공원+야생화단지+미니식물원 등,랜드사무실 1동,,2012-12-28,40000,850,안성의 최대규모 시민공원,031-678-2486,경기도 안성시청,2025-04-16,4080000,경기도 안성시
전국관광지정보표준데이터,https://www.data.go.kr/data/15021141/standard.do,2025-04-16,place,안성맞춤캠핑장,관광지,경기도 안성시,경기도 안성시 보개면 남사당로 196-31,37.03129806,127.3091429,자연과 함께하는 캠핑장,지역 역사·관광 탐방 동화 배경,장소의 특징을 찾아보고 가족 여행 기록 남기기,5-7;8-10,관광;관광지;안성맞춤캠핑장;자연과;함께하는;캠핑장,안성맞춤캠핑장,관광지,경기도 안성시 보개면 남사당로 196-31,경기도 안성시 보개면 복평리 302-5,24750,화장실+주차장,캠핑장 71면+카라반 7대+ 글램핑 10동,,,캠핑장 사무실 1동,,2015-10-06,400,60,자연과 함께하는 캠핑장,031-678-2487,경기도 안성시청,2025-04-16,4080000,경기도 안성시
전국관광지정보표준데이터,https://www.data.go.kr/data/15021141/standard.do,2025-04-16,place,안성시사계절썰매장,관광지,경기도 안성시,경기도 안성시 보개면 남사당로 198-3,37.0312917,127.3114616,사계절 운영하는 썰매장,지역 역사·관광 탐방 동화 배경,장소의 특징을 찾아보고 가족 여행 기록 남기기,5-7;8-10,관광;관광지;안성시사계절썰매장;사계절;운영하는;썰매장,안성시사계절썰매장,관광지,경기도 안성시 보개면 남사당로 198-3,경기도 안성시 보개면 복평리 302-7,17301,관리동+ 매점,,슬로프2면+ 수경시설,,관리동,,2015-10-07,1000,50,사계절 운영하는 썰매장,031-678-2674,경기도 안성시청,2025-04-16,4080000,경기도 안성시
전국관광지정보표준데이터,https://www.data.go.kr/data/15021141/standard.do,2025-04-16,place,안성맞춤천문과학관,관광지,경기도 안성시,경기도 안성시 보개면 남사당로 198-9,37.03291074,127.3125372,안성 유일한 천문과학관,지역 역사·관광 탐방 동화 배경,장소의 특징을 찾아보고 가족 여행 기록 남기기,5-7;8-10,관광;관광지;안성맞춤천문과학관;안성;유일한;천문과학관,안성맞춤천문과학관,관광지,경기도 안성시 보개면 남사당로 198-9,경기도 안성시 보개면 복평리 298,854,회의실+ 전시장,,,천체투영관+ 관측실2,천문과학관 로비,,2015-10-08,40,6,안성 유일한 천문과학관,031-675-6978,경기도 안성시청,2025-04-16,4080000,경기도 안성시
전국관광지정보표준데이터,https://www.data.go.kr/data/15021141/standard.do,2025-04-16,place,안성맞춤공예문화센터,관광지,경기도 안성시,경기도 안성시 보개면 남사당로 198-11,37.03497838,127.3108743,공방체험 및 전시문화공간,지역 역사·관광 탐방 동화 배경,장소의 특징을 찾아보고 가족 여행 기록 남기기,5-7;8-10,관광;관광지;안성맞춤공예문화센터;공방체험;및;전시문화공간,안성맞춤공예문화센터,관광지,경기도 안성시 보개면 남사당로 198-11,경기도 안성시 보개면 복평리 296,449,화장실+주차장,,,전시장,공예문화센터 로비,,2015-10-09,70,4,공방체험 및 전시문화공간,031-678-2673,경기도 안성시청,2025-04-16,4080000,경기도 안성시
전국관광지정보표준데이터,https://www.data.go.kr/data/15021141/standard.do,2025-04-16,place,안성맞춤박물관,관광지,경기도 안성시,경기도 안성시 대덕면 서동대로 4726-15,37.011318,127.228354,안성맞춤박물관은 안성유기를 중심테마로2002년 8월 1일에 개관한 시립박물관이다.,지역 역사·관광 탐방 동화 배경,장소의 특징을 찾아보고 가족 여행 기록 남기기,5-7;8-10,관광;관광지;안성맞춤박물관;안성맞춤박물관은;안성유기를;중심테마로2002년;8월;1일에;개관한;시립박물관이다.,안성맞춤박물관,관광지,경기도 안성시 대덕면 서동대로 4726-15,경기도 안성시 대덕면 내리 399-5,8264,휴식공간+ 자전거보관대,,,,,,2002-08-01,150,60,안성맞춤박물관은 안성유기를 중심테마로2002년 8월 1일에 개관한 시립박물관이다.,031-678-2506,경기도 안성시청,2025-04-16,4080000,경기도 안성시
전국관광지정보표준데이터,https://www.data.go.kr/data/15021141/standard.do,2025-04-16,place,안성3.1운동기념관,관광지,경기도 안성시,경기도 안성시 원곡면 만세로 868,37.06278592,127.1752942,3.1운동의 전국 3대 실력 항쟁지 중 한 곳으로 가장 극렬하게 만세항쟁을 펼쳐 일제를 몰아내고 2일 간의해방을 이뤄냈던 4.1만세 항쟁의 집결지였던 만세고개 일원을성역화하여 선열들의 숭고한 자주독립 정신을 발전시키고 후세들에게 나라사랑의 산 교육장으로 활용하기 위해 건립하였다.,지역 역사·관광 탐방 동화 배경,장소의 특징을 찾아보고 가족 여행 기록 남기기,5-7;8-10,관광;관광지;안성3.1운동기념관;3.1운동의;전국;3대;실력;항쟁지;중;한;곳으로;가장,안성3.1운동기념관,관광지,경기도 안성시 원곡면 만세로 868,경기도 안성시 원곡면 칠곡리 2-18,30422,휠체어+ 유모차 보관함+체험교육실,,,,,,2001-11-17,60,57,3.1운동의 전국 3대 실력 항쟁지 중 한 곳으로 가장 극렬하게 만세항쟁을 펼쳐 일제를 몰아내고 2일 간의해방을 이뤄냈던 4.1만세 항쟁의 집결지였던 만세고개 일원을성역화하여 선열들의 숭고한 자주독립 정신을 발전시키고 후세들에게 나라사랑의 산 교육장으로 활용하기 위해 건립하였다.,031-678-2476,경기도 안성시청,2025-04-16,4080000,경기도 안성시
전국관광지정보표준데이터,https://www.data.go.kr/data/15021141/standard.do,2025-04-16,place,박두진문학관,관광지,경기도 안성시,경기도 안성시 보개면 남사당로 198-11,37.03497856,127.3108743,안성출신 시인 박두진의 삶과 문학적 발자취를 소개하고 전시하는 곳이다.,지역 역사·관광 탐방 동화 배경,장소의 특징을 찾아보고 가족 여행 기록 남기기,5-7;8-10,관광;관광지;박두진문학관;안성출신;시인;박두진의;삶과;문학적;발자취를;소개하고;전시하는;곳이다.,박두진문학관,관광지,경기도 안성시 보개면 남사당로 198-11,경기도 안성시 보개면 복평리 296,10512,북카페+ 다목적실+ 전망대 쉼터,,,,,,2018-11-16,60,10,안성출신 시인 박두진의 삶과 문학적 발자취를 소개하고 전시하는 곳이다.,031-678-2469,경기도 안성시청,2025-04-16,4080000,경기도 안성시
전국관광지정보표준데이터,https://www.data.go.kr/data/15021141/standard.do,2025-04-28,place,가천박물관,관광지,인천광역시 연수구,인천광역시 연수구 청량로102번길 40-9,37.41847997,126.6576026,인천지역 유일한 국보를 포함한 총소장품 18382점,지역 역사·관광 탐방 동화 배경,장소의 특징을 찾아보고 가족 여행 기록 남기기,5-7;8-10,관광;관광지;가천박물관;인천지역;유일한;국보를;포함한;총소장품;18382점,가천박물관,관광지,인천광역시 연수구 청량로102번길 40-9,인천광역시 연수구 옥련동 567-22,396,주차장 + 화장실 + 상하수도시설 + 전기시설 + 통신시설,,,,,,1995-10-31,100,21,인천지역 유일한 국보를 포함한 총소장품 18382점,032-833-4747,가천문화재단,2025-04-28,3520000,인천광역시 연수구
전국관광지정보표준데이터,https://www.data.go.kr/data/15021141/standard.do,2025-04-29,place,실안관광지,관광지,경상남도 사천시,경상남도 사천시 노을길 138,34.94398447,128.0399764,전통 물고기 잡이 죽방렴과 전국에서 빼어난 노을을 관망할 수 있음,지역 역사·관광 탐방 동화 배경,장소의 특징을 찾아보고 가족 여행 기록 남기기,5-7;8-10,관광;관광지;실안관광지;전통;물고기;잡이;죽방렴과;전국에서;빼어난;노을을;관망할;수,실안관광지,관광지,경상남도 사천시 노을길 138,경상남도 사천시 실안동 1245-1,256877,숙박시설+휴양문화시설+주차장+화장실,호텔+모텔,,관상어 교육 및 창업지원센터+야외공연장,,,2000-06-26,1000,150,전통 물고기 잡이 죽방렴과 전국에서 빼어난 노을을 관망할 수 있음,055-831-2731,경상남도 사천시,2025-04-29,5340000,경상남도 사천시
전국관광지정보표준데이터,https://www.data.go.kr/data/15021141/standard.do,2025-04-25,place,에버랜드,관광지,경기도 용인시,경기도 용인시 처인구 포곡읍 에버랜드로 199,37.2940667,127.202128,경기도 용인시 처인구 포곡읍 에버랜드로 199에 위치한 테마파크. 현재까지 대한민국 최대 규모의 놀이공원 및 동물원이 있다.,지역 역사·관광 탐방 동화 배경,장소의 특징을 찾아보고 가족 여행 기록 남기기,5-7;8-10,관광;관광지;에버랜드;경기도;용인시;처인구;포곡읍;에버랜드로;199에;위치한;테마파크.;현재까지,에버랜드,관광지,경기도 용인시 처인구 포곡읍 에버랜드로 199,경기도 용인시 처인구 포곡읍 전대리 310,746000,화장실+주차장+관광안내소,,,,,,1976-04-17,81546,10400,경기도 용인시 처인구 포곡읍 에버랜드로 199에 위치한 테마파크. 현재까지 대한민국 최대 규모의 놀이공원 및 동물원이 있다.,031-324-2117,경기도 용인시 관광과,2025-04-25,4050000,경기도 용인시
전국관광지정보표준데이터,https://www.data.go.kr/data/15021141/standard.do,2025-04-25,place,한국민속촌,관광지,경기도 용인시,경기도 용인시 기흥구 민속촌로 90,37.25913189,127.1225431,한국의 전통문화와 민속적인 삶을 재현하고 있는 곳으로 이를 통해 조상들의 지혜와 생활 모습을 느낄 수 있는 곳이다.,지역 역사·관광 탐방 동화 배경,장소의 특징을 찾아보고 가족 여행 기록 남기기,5-7;8-10,관광;관광지;한국민속촌;한국의;전통문화와;민속적인;삶을;재현하고;있는;곳으로;이를;통해,한국민속촌,관광지,경기도 용인시 기흥구 민속촌로 90,경기도 용인시 기흥구 보라동 35,659118,화장실+주차장+관광안내소,,,,,,1974-10-03,60000,2800,한국의 전통문화와 민속적인 삶을 재현하고 있는 곳으로 이를 통해 조상들의 지혜와 생활 모습을 느낄 수 있는 곳이다.,031-324-2117,경기도 용인시 관광과,2025-04-25,4050000,경기도 용인시
전국관광지정보표준데이터,https://www.data.go.kr/data/15021141/standard.do,2025-05-13,place,공릉관광지,관광지,경기도 파주시,경기도 파주시 조리읍 장곡로 218,37.74984994,126.8335561,"공릉호의 수려한 자연환경을 즐길 수 있으며 유원시설, 캠핑장, 산책로를 갖춘 관광지",지역 역사·관광 탐방 동화 배경,장소의 특징을 찾아보고 가족 여행 기록 남기기,5-7;8-10,관광;관광지;공릉관광지;공릉호의;수려한;자연환경을;즐길;수;있으며;유원시설;캠핑장;산책로를,공릉관광지,관광지,경기도 파주시 조리읍 장곡로 218,경기도 파주시 조리읍 장곡리 420,659276,관리사무소+화장실(4동)+주차장,,유원시설,캠핑장,,,1977-03-31,1000,300,"공릉호의 수려한 자연환경을 즐길 수 있으며 유원시설, 캠핑장, 산책로를 갖춘 관광지",031-950-1800,경기도 파주도시관광공사,2025-05-13,4060000,경기도 파주시
전국관광지정보표준데이터,https://www.data.go.kr/data/15021141/standard.do,2025-05-13,place,임진각관광지,관광지,경기도 파주시,경기도 파주시 문산읍 임진각로 177,37.88953876,126.7401859,"임진각관광지는 6.25전쟁의 비극이 그대로 남아있는 대한민국 대표 평화관광지로, 망배단, 6.25납북자기념관, 자유의다리 등이 소재하고 있으며, 3만평 규모의 평화누리공원이 조성되어 있음. 평화교육의 공간이자, 가족단위 나들이 장소로 매년 100만명이 방문하고 있음.",지역 역사·관광 탐방 동화 배경,장소의 특징을 찾아보고 가족 여행 기록 남기기,5-7;8-10,관광;관광지;임진각관광지;임진각관광지는;6.25전쟁의;비극이;그대로;남아있는;대한민국;대표;평화관광지로;망배단,임진각관광지,관광지,경기도 파주시 문산읍 임진각로 177,경기도 파주시 문산읍 마정리 1360-44 일원,477894,관리사무소+화장실+오수처리시설+기반시설(주차장+도로+전기공급시설),,평화랜드,기념공원+ 망배단+ 비트뮤지엄+ 평화누리+ 종합관광센터+ 평화누리캠핑장,,,1991-01-28,50000,2091,"임진각관광지는 6.25전쟁의 비극이 그대로 남아있는 대한민국 대표 평화관광지로, 망배단, 6.25납북자기념관, 자유의다리 등이 소재하고 있으며, 3만평 규모의 평화누리공원이 조성되어 있음. 평화교육의 공간이자, 가족단위 나들이 장소로 매년 100만명이 방문하고 있음.",031-950-1962,경기도 파주도시관광공사,2025-05-13,4060000,경기도 파주시
전국관광지정보표준데이터,https://www.data.go.kr/data/15021141/standard.do,2025-04-15,place,회산백련지,관광지,전라남도 무안군,전라남도 무안군 일로읍 백련로 333,34.86008886,126.5298981,"동양 최대의 백련서식지, 수상유리온실, 수생식물생태관, 생태탐방로, 야외물놀이장, 오토캠핑장 등 다양한 시설을 갖추고 있어 체험과 관광을 동시에 즐길수 있음",지역 역사·관광 탐방 동화 배경,장소의 특징을 찾아보고 가족 여행 기록 남기기,5-7;8-10,관광;관광지;회산백련지;동양;최대의;백련서식지;수상유리온실;수생식물생태관;생태탐방로;야외물놀이장;오토캠핑장;등,회산백련지,관광지,전라남도 무안군 일로읍 백련로 333,전라남도 무안군 일로읍 복룡리 150,185316,화장실+주차장+전기시설+통신시설+상하수도시설+매표소,오토캠핑장,황토맨발길,"야외물놀이장, 수상유리온실, 동물농장",공연장,,2004-01-06,2000,563,"동양 최대의 백련서식지, 수상유리온실, 수생식물생태관, 생태탐방로, 야외물놀이장, 오토캠핑장 등 다양한 시설을 갖추고 있어 체험과 관광을 동시에 즐길수 있음",061-450-5863,전라남도 무안군 관광과,2025-04-15,4950000,전라남도 무안군
전국관광지정보표준데이터,https://www.data.go.kr/data/15021141/standard.do,2026-02-12,place,동백섬,관광지,부산광역시 해운대구,부산광역시 해운대구 동백로 116,35.15234205,129.1513619,해운대해수욕장 남쪽 끝에 위치한 동백섬은 율지와 연계된 육계도로 동백섬의 자연 그대롱를 공원으로 조성한 곳으로 2005년 APEC 정상회의 장소인 누리마루 APEC하우스가 자리해 있다.,지역 역사·관광 탐방 동화 배경,장소의 특징을 찾아보고 가족 여행 기록 남기기,5-7;8-10,관광;관광지;동백섬;해운대해수욕장;남쪽;끝에;위치한;동백섬은;율지와;연계된;육계도로;동백섬의,동백섬,관광지,부산광역시 해운대구 동백로 116,부산광역시 해운대구 우동 708-1,93.649,공중화장실 2동+도로+전망대 1개소+수목+잔디 1개소,관광호텔 1동,,관광유람선 1개소,,,1988-07-19,700000,101,해운대해수욕장 남쪽 끝에 위치한 동백섬은 율지와 연계된 육계도로 동백섬의 자연 그대롱를 공원으로 조성한 곳으로 2005년 APEC 정상회의 장소인 누리마루 APEC하우스가 자리해 있다.,051-749-4081,부산광역시 해운대구청,2026-02-12,3330000,부산광역시 해운대구
전국관광지정보표준데이터,https://www.data.go.kr/data/15021141/standard.do,2026-02-12,place,해운대해수욕장,관광지,부산광역시 해운대구,부산광역시 해운대구 해운대해변로 264,35.15910698,129.1602838,6월부터 9월까지 해수욕장을 개장하여 해수욕을 즐길 수 있다. 수심이 얕고 조수의 변화가 심하지 않아 해마다 천만 명이 넘는 피서색이 찾는다. 또한 매년 해수욕장 개장에 맞춰 다양한 행사와 축제가 개최된다,지역 역사·관광 탐방 동화 배경,장소의 특징을 찾아보고 가족 여행 기록 남기기,5-7;8-10,관광;관광지;해운대해수욕장;6월부터;9월까지;해수욕장을;개장하여;해수욕을;즐길;수;있다.;수심이,해운대해수욕장,관광지,부산광역시 해운대구 해운대해변로 264,부산광역시 해운대구 우동 620-3,115.944,도로+광장+공중화장실 4동+주차장 1개소+관리사무소 1동+변전실 1동,,,해저  테마수족관,,,1988-07-19,800000,203,6월부터 9월까지 해수욕장을 개장하여 해수욕을 즐길 수 있다. 수심이 얕고 조수의 변화가 심하지 않아 해마다 천만 명이 넘는 피서색이 찾는다. 또한 매년 해수욕장 개장에 맞춰 다양한 행사와 축제가 개최된다,051-749-4081,부산광역시 해운대구청,2026-02-12,3330000,부산광역시 해운대구
전국관광지정보표준데이터,https://www.data.go.kr/data/15021141/standard.do,2026-03-27,place,대저생태공원,관광지,부산광역시 강서구,"부산광역시 강서구 공항로 1246, (대저1동)",35.20985086,128.9845591,"대저생태공원은 대저수문부터 김해공항램프까지이며, 구포대교하류부부터 천연기념물 제179호(낙동강하구 철새도래지)로 지정되어 있으며, 신덕습지를 비롯한 습지 및 자연초지, 유채꽃단지와 체육시설인 축구장, 야구장등이 조성되어 있는 부산시민이 여가와 휴식을 즐길 수 있는 자연생태 친수공간이다.특히 공원에 조성된 유채꽃 단지(370,000㎡)에서 4월 개최되는 유채꽃 축제는 수많은 관광객을 불러 모으고 있어 새로운 관광 명소로 자리 잡아 시민의 여가와 휴식을 즐기는 곳이다.",지역 역사·관광 탐방 동화 배경,장소의 특징을 찾아보고 가족 여행 기록 남기기,5-7;8-10,관광;관광지;대저생태공원;대저생태공원은;대저수문부터;김해공항램프까지이며;구포대교하류부부터;천연기념물;제179호(낙동강하구;철새도래지)로;지정되어;있으며,대저생태공원,관광지,"부산광역시 강서구 공항로 1246, (대저1동)",,3430000,관리사무소+화장실+주차장,,축구장(3)+야구장(2)+농구장(8)+테니스장(8)+게이트볼장(4)+인라인스케이트장(1),대저생태공원캠핑장,,,1966-07-23,70000,1100,"대저생태공원은 대저수문부터 김해공항램프까지이며, 구포대교하류부부터 천연기념물 제179호(낙동강하구 철새도래지)로 지정되어 있으며, 신덕습지를 비롯한 습지 및 자연초지, 유채꽃단지와 체육시설인 축구장, 야구장등이 조성되어 있는 부산시민이 여가와 휴식을 즐길 수 있는 자연생태 친수공간이다.특히 공원에 조성된 유채꽃 단지(370,000㎡)에서 4월 개최되는 유채꽃 축제는 수많은 관광객을 불러 모으고 있어 새로운 관광 명소로 자리 잡아 시민의 여가와 휴식을 즐기는 곳이다.",051-971-6011,대저생태공원 관리사무소,2026-03-27,3360000,부산광역시 강서구
전국관광지정보표준데이터,https://www.data.go.kr/data/15021141/standard.do,2026-03-27,place,맥도생태공원,관광지,부산광역시 강서구,"부산광역시 강서구 공항로 500, (대저2동)",35.15230906,128.9549009,"맥도생태공원은 강서구 명지동(낙동강하구둑)부터 대저2동(공항램프)까지 하천내 자연적으로 형성된 둔치지역이며, 낙동강하구 천연기념물 179호(철새도래지)로 지정된 지역이다. 이곳은 과거부터 벼농사 등의 농경지로 이용되어 겨울철새들에겐 먹이터겸 쉼터로 활용되던 곳으로, 2006년의 정비사업 및 2009년의 4대강사업 추진 시에도 이를 고려하여 사업이 추진되어, 많은 곳이 겨울철새의 먹이터겸 쉼터로 관리되도록 하였다.한편, 겨울철새에 대한 배려 이외에도 생태공원의 특징을 살려 갈대밭, 연꽃단지, 수생식물원 등을 조성하여 시민들의 볼거리를 만들었고, 그밖에 축구장, 야구장 등 각종 체육시설(9종 22면)과 파고라, 정자 등 휴게시설이 구비되어 있다.",지역 역사·관광 탐방 동화 배경,장소의 특징을 찾아보고 가족 여행 기록 남기기,5-7;8-10,관광;관광지;맥도생태공원;맥도생태공원은;강서구;명지동(낙동강하구둑)부터;대저2동(공항램프)까지;하천내;자연적으로;형성된;둔치지역이며;낙동강하구,맥도생태공원,관광지,"부산광역시 강서구 공항로 500, (대저2동)",,2510000,관리사무소+화장실+주차장,,축구장(2)+야구장(1)+농구장(2)+족구장(2)+테니스장(6)+배구장(2)+배드민턴장(3)+게이트볼장(3)+인라인스케이트장(1),,,,1966-07-23,60000,122,"맥도생태공원은 강서구 명지동(낙동강하구둑)부터 대저2동(공항램프)까지 하천내 자연적으로 형성된 둔치지역이며, 낙동강하구 천연기념물 179호(철새도래지)로 지정된 지역이다. 이곳은 과거부터 벼농사 등의 농경지로 이용되어 겨울철새들에겐 먹이터겸 쉼터로 활용되던 곳으로, 2006년의 정비사업 및 2009년의 4대강사업 추진 시에도 이를 고려하여 사업이 추진되어, 많은 곳이 겨울철새의 먹이터겸 쉼터로 관리되도록 하였다.한편, 겨울철새에 대한 배려 이외에도 생태공원의 특징을 살려 갈대밭, 연꽃단지, 수생식물원 등을 조성하여 시민들의 볼거리를 만들었고, 그밖에 축구장, 야구장 등 각종 체육시설(9종 22면)과 파고라, 정자 등 휴게시설이 구비되어 있다.",051-941-9728,맥도생태공원 관리사무소,2026-03-27,3360000,부산광역시 강서구
전국관광지정보표준데이터,https://www.data.go.kr/data/15021141/standard.do,2025-06-25,place,구 동본원사 목포별원,관광지,전라남도 목포시,전라남도 목포시 영산로 75번길 5,34.78970032,126.3842863,동본원사는 목포에 들어선 일본 첫 불교사원으로 정식명칭은 ‘진종 대곡파 동본원사’이다. 동본원사 목포별원은 1898년 4월에 세워졌으며 목포심상고등학교 설립 인가를 받아 목포 내에서 일본인 소학교로 최초·정식 운영되기도 했다. 해방 이후 정광사의 관리를 받다가 1957년부터 목포중앙교회로 사용하게 되어 사찰이 교회가 되는 이색적인 약력을 가지게 되었다. 현재는 각종 문화행사 및 전시회 공간으로 활용되고 있다.,지역 역사·관광 탐방 동화 배경,장소의 특징을 찾아보고 가족 여행 기록 남기기,5-7;8-10,관광;관광지;구;동본원사;목포별원;동본원사는;목포에;들어선;일본;첫;불교사원으로;정식명칭은,구 동본원사 목포별원,관광지,전라남도 목포시 영산로 75번길 5,전라남도 목포시 무안동 2-4,340,주차장,,,,,,2007-07-03,150,45,동본원사는 목포에 들어선 일본 첫 불교사원으로 정식명칭은 ‘진종 대곡파 동본원사’이다. 동본원사 목포별원은 1898년 4월에 세워졌으며 목포심상고등학교 설립 인가를 받아 목포 내에서 일본인 소학교로 최초·정식 운영되기도 했다. 해방 이후 정광사의 관리를 받다가 1957년부터 목포중앙교회로 사용하게 되어 사찰이 교회가 되는 이색적인 약력을 가지게 되었다. 현재는 각종 문화행사 및 전시회 공간으로 활용되고 있다.,061-245-8832,전라남도 목포시청,2025-06-25,4800000,전라남도 목포시
전국관광지정보표준데이터,https://www.data.go.kr/data/15021141/standard.do,2025-06-25,place,유달산,관광지,전라남도 목포시,전라남도 목포시 유달로 180,34.79142993,126.3759183,노령산맥의 맨 마지막 봉우리이자 다도해로 이어지는서남단의 땅 끝인 산 해발 228미터 기암괴석으로 이루어진 유달산은 노령산맥의 맨 마지막 봉우리이다. 정상에 올라 서면 목포 시내가 한눈에 내려다보이며 푸른 다도해의 경관이 시원스레 펼쳐져 있고 그 사이를 오고가는 크고 작은 선박들의 모습이 한폭의 동양화를 연상시킨다.,지역 역사·관광 탐방 동화 배경,장소의 특징을 찾아보고 가족 여행 기록 남기기,5-7;8-10,관광;관광지;유달산;노령산맥의;맨;마지막;봉우리이자;다도해로;이어지는서남단의;땅;끝인;산,유달산,관광지,전라남도 목포시 유달로 180,전라남도 목포시 죽교동 300,116813,화장실+주차장+관광안내소,,,특정자생식물원+봉후샘쉼터+옛수원지 암벽폭포+조각공원,매점,,1982-01-01,100000,2000,노령산맥의 맨 마지막 봉우리이자 다도해로 이어지는서남단의 땅 끝인 산 해발 228미터 기암괴석으로 이루어진 유달산은 노령산맥의 맨 마지막 봉우리이다. 정상에 올라 서면 목포 시내가 한눈에 내려다보이며 푸른 다도해의 경관이 시원스레 펼쳐져 있고 그 사이를 오고가는 크고 작은 선박들의 모습이 한폭의 동양화를 연상시킨다.,061-270-8359,전라남도 목포시청,2025-06-25,4800000,전라남도 목포시
전국관광지정보표준데이터,https://www.data.go.kr/data/15021141/standard.do,2025-06-25,place,서산동 시화골목,관광지,전라남도 목포시,전라남도 목포시 해안로 127번길 14-2,34.78174519,126.3773176,지역의 시인과 화가 그리고 주민들이 참여하여 생활적인 시와 벽화를 구성해 놓은 곳이다.개발되지 않은 1970 ~ 80 년대 해안가 마을의 골목길을 보존해 당시의 생활적 정서를 엿볼 수 있는 대표적인 레트로 공간이다. 초입에 1987의 촬영지 연희네 슈퍼가 있어 조화를 이루고 있다,지역 역사·관광 탐방 동화 배경,장소의 특징을 찾아보고 가족 여행 기록 남기기,5-7;8-10,관광;관광지;서산동;시화골목;지역의;시인과;화가;그리고;주민들이;참여하여;생활적인;시와,서산동 시화골목,관광지,전라남도 목포시 해안로 127번길 14-2,전라남도 목포시 서산동 12-89,8420,화장실+주차장+여행자쉼터,,,,여행자쉼터,,2016-07-28,250,40,지역의 시인과 화가 그리고 주민들이 참여하여 생활적인 시와 벽화를 구성해 놓은 곳이다.개발되지 않은 1970 ~ 80 년대 해안가 마을의 골목길을 보존해 당시의 생활적 정서를 엿볼 수 있는 대표적인 레트로 공간이다. 초입에 1987의 촬영지 연희네 슈퍼가 있어 조화를 이루고 있다,061-270-8598,전라남도 목포시청,2025-06-25,4800000,전라남도 목포시
전국관광지정보표준데이터,https://www.data.go.kr/data/15021141/standard.do,2025-11-12,place,청평사(춘천),관광지,강원특별자치도 춘천시,강원특별자치도 춘천시 북산면 오봉산길 810,37.986071,127.808407,"청평사 관광지는 시내에서 19km 지점에 있으며 소양호 선착장에서 선박을 이용하여 10분 정도 가면 청평사 관광지에 이른다. 계곡이 수려하여 등산객들이 즐겨 찾는 곳으로 계곡을 따라 오르다 보면 7m 높이의 아홉 가지 소리를 낸다는 구성폭포가 있다. 그밖에 청평사 고려 정원 영지, 청평사 회전문, 3층 석탑 등이 있다. 이곳을 계속 오르면 오봉산 등산로와 연결된다. 청평사 관광지의 초입에는 다양한 먹거리가 있어 춘천의 토속음식들을 만나볼 수 있다.",지역 역사·관광 탐방 동화 배경,장소의 특징을 찾아보고 가족 여행 기록 남기기,5-7;8-10,관광;관광지;청평사(춘천);청평사;관광지는;시내에서;19km;지점에;있으며;소양호;선착장에서;선박을,청평사(춘천),관광지,강원특별자치도 춘천시 북산면 오봉산길 810,강원특별자치도 춘천시 북산면 청평리 673,175000,도로+주차장+하수처리장+관리사무소 2동+화장실 3동+다목적광장,국민여가캠핑장,계곡+구성폭포,오봉산+소양댐+야영장+전망대,관광식당,,1987-06-15,2800,137,"청평사 관광지는 시내에서 19km 지점에 있으며 소양호 선착장에서 선박을 이용하여 10분 정도 가면 청평사 관광지에 이른다. 계곡이 수려하여 등산객들이 즐겨 찾는 곳으로 계곡을 따라 오르다 보면 7m 높이의 아홉 가지 소리를 낸다는 구성폭포가 있다. 그밖에 청평사 고려 정원 영지, 청평사 회전문, 3층 석탑 등이 있다. 이곳을 계속 오르면 오봉산 등산로와 연결된다. 청평사 관광지의 초입에는 다양한 먹거리가 있어 춘천의 토속음식들을 만나볼 수 있다.",033-250-3717,강원특별자치도 춘천시청,2025-11-12,4181000,강원특별자치도 춘천시
전국관광지정보표준데이터,https://www.data.go.kr/data/15021141/standard.do,2025-11-12,place,춘천호반(하중도),관광지,강원특별자치도 춘천시,강원특별자치도 춘천시 하중도길 128,37.88224246,127.6963924,호반 위에 조성되어 주변 자연경관이 우수하고 수도권의 부족한 관광휴양 공간기능을 수행하는 거점 관광지이다.,지역 역사·관광 탐방 동화 배경,장소의 특징을 찾아보고 가족 여행 기록 남기기,5-7;8-10,관광;관광지;춘천호반(하중도);호반;위에;조성되어;주변;자연경관이;우수하고;수도권의;부족한;관광휴양,춘천호반(하중도),관광지,강원특별자치도 춘천시 하중도길 128,강원특별자치도 춘천시 중도동 603,918.745,도로+부체도로+통합관제실+레고랜드 주차장+저류지+오수중계펌프장+배수펌프장,관광호텔+가족호텔,레고랜드,레고랜드 진입광장,관광식당,,1969-01-21,15000,4000,호반 위에 조성되어 주변 자연경관이 우수하고 수도권의 부족한 관광휴양 공간기능을 수행하는 거점 관광지이다.,033-250-3075,강원특별자치도 춘천시청,2025-11-12,4181000,강원특별자치도 춘천시
전국관광지정보표준데이터,https://www.data.go.kr/data/15021141/standard.do,2025-11-12,place,신영,관광단지,강원특별자치도 춘천시,강원특별자치도 춘천시 동산면 종자리로 148-16,37.747692,127.7252549,"일상의 스트레스를 벗고, 위대한 자연 속에서 휴식의 옷으로 갈아입는 곳",지역 역사·관광 탐방 동화 배경,장소의 특징을 찾아보고 가족 여행 기록 남기기,5-7;8-10,관광;관광단지;신영;일상의;스트레스를;벗고;위대한;자연;속에서;휴식의;옷으로;갈아입는,신영,관광단지,강원특별자치도 춘천시 동산면 종자리로 148-16,강원특별자치도 춘천시 동산면 군자리 1435,1694696,주차장+화장실+도로+전기시설+통신시설+상하수도시설+관광안내소+오수처리장,관광호텔+휴양콘도미니엄,저류지+클럽하우스+수위실+스키하우스+전망대+슬로프,커뮤니티센터,관광식당,,2010-08-01,1000,311,"일상의 스트레스를 벗고, 위대한 자연 속에서 휴식의 옷으로 갈아입는 곳",033-269-8801,신영종합개발(주),2025-11-12,4181000,강원특별자치도 춘천시
전국관광지정보표준데이터,https://www.data.go.kr/data/15021141/standard.do,2025-11-12,place,라비에벨,관광단지,강원특별자치도 춘천시,강원특별자치도 춘천시 동산면 종자리로 436,37.741217,127.7578198,"자연 원형의 생태가 그대로 살아 숨쉬고 최고의 코스와 함께 도전과 변화, 평온과 휴식을 동시에 만끽하실 수 있습니다",지역 역사·관광 탐방 동화 배경,장소의 특징을 찾아보고 가족 여행 기록 남기기,5-7;8-10,관광;관광단지;라비에벨;자연;원형의;생태가;그대로;살아;숨쉬고;최고의;코스와;함께,라비에벨,관광단지,강원특별자치도 춘천시 동산면 종자리로 436,강원특별자치도 춘천시 동산면 조양리 산199,4843796,주차장+화장실+도로+광장+전기시설+통신시설+상하수도시설+관광안내소+오수처리장,한국전통호텔+관광호텔+휴양콘도미니엄,클럽하우스+승마장+골프장+티하우스,양회공연장+트레킹코스+전망대+수목원+체험농장+컨퍼런스센터+아울렛,관광식당,,2009-09-01,1000,317,"자연 원형의 생태가 그대로 살아 숨쉬고 최고의 코스와 함께 도전과 변화, 평온과 휴식을 동시에 만끽하실 수 있습니다",033-245-7100,코오롱글로벌㈜,2025-11-12,4181000,강원특별자치도 춘천시
전국관광지정보표준데이터,https://www.data.go.kr/data/15021141/standard.do,2025-11-28,place,소래포구,관광지,인천광역시 남동구,인천광역시 남동구 포구로 2-9(논현동),37.3988308,126.7403795,실제 어선이 드나드는 수도권 유일의 재래포구,지역 역사·관광 탐방 동화 배경,장소의 특징을 찾아보고 가족 여행 기록 남기기,5-7;8-10,관광;관광지;소래포구;실제;어선이;드나드는;수도권;유일의;재래포구,소래포구,관광지,인천광역시 남동구 포구로 2-9(논현동),,20798,화장실,,,,,,2000-01-01,10000,0,실제 어선이 드나드는 수도권 유일의 재래포구,032-453-2140,인천광역시 남동구청,2025-11-28,3530000,인천광역시 남동구
전국관광지정보표준데이터,https://www.data.go.kr/data/15021141/standard.do,2025-11-28,place,소래습지생태공원,관광지,인천광역시 남동구,인천광역시 남동구 소래로 154번길 77(논현동),37.40736572,126.7463366,갯벌과 옛 염전지역을 다양한 생물군락지와 철새도래지로 복원시킨 생태공원,지역 역사·관광 탐방 동화 배경,장소의 특징을 찾아보고 가족 여행 기록 남기기,5-7;8-10,관광;관광지;소래습지생태공원;갯벌과;옛;염전지역을;다양한;생물군락지와;철새도래지로;복원시킨;생태공원,소래습지생태공원,관광지,인천광역시 남동구 소래로 154번길 77(논현동),,1478000,화장실+주차장,,,,,,2005-01-01,10000,100,갯벌과 옛 염전지역을 다양한 생물군락지와 철새도래지로 복원시킨 생태공원,032-453-2140,인천광역시 남동구청,2025-11-28,3530000,인천광역시 남동구
전국관광지정보표준데이터,https://www.data.go.kr/data/15021141/standard.do,2025-11-28,place,소래철교,관광지,인천광역시 남동구,인천광역시 남동구 포구로 2-9(논현동),37.3988308,126.7403795,수인선 협궤열차가 다니던 철로교량으로 길이 126미터의 소래철교는 1994년 열차운행이 중단된 후 통행로로 이용,지역 역사·관광 탐방 동화 배경,장소의 특징을 찾아보고 가족 여행 기록 남기기,5-7;8-10,관광;관광지;소래철교;수인선;협궤열차가;다니던;철로교량으로;길이;126미터의;소래철교는;1994년;열차운행이,소래철교,관광지,인천광역시 남동구 포구로 2-9(논현동),,152,전기시설,,,,,,2000-01-01,10000,0,수인선 협궤열차가 다니던 철로교량으로 길이 126미터의 소래철교는 1994년 열차운행이 중단된 후 통행로로 이용,032-453-2140,인천광역시 남동구청,2025-11-28,3530000,인천광역시 남동구
전국관광지정보표준데이터,https://www.data.go.kr/data/15021141/standard.do,2025-11-28,place,장도포대지,관광지,인천광역시 남동구,인천광역시 남동구 논현동 111-13,37.39790186,126.7382687,인천광역시 문화재자료 제19호로 조선시대인 1877년 일본이 서해안 개항지를 물색하자 고종이 어영대장 신정희로 하여금 설치하였음,지역 역사·관광 탐방 동화 배경,장소의 특징을 찾아보고 가족 여행 기록 남기기,5-7;8-10,관광;관광지;장도포대지;인천광역시;문화재자료;제19호로;조선시대인;1877년;일본이;서해안;개항지를;물색하자,장도포대지,관광지,,인천광역시 남동구 논현동 111-13,2275,전기시설,,,,,,2000-01-01,1000,0,인천광역시 문화재자료 제19호로 조선시대인 1877년 일본이 서해안 개항지를 물색하자 고종이 어영대장 신정희로 하여금 설치하였음,032-453-2140,인천광역시 남동구청,2025-11-28,3530000,인천광역시 남동구
전국관광지정보표준데이터,https://www.data.go.kr/data/15021141/standard.do,2023-12-27,place,대둔산도립공원,관광지,전라북도 완주군,전라북도 완주군 운주면 대둔산공원길 23,36.11708032,127.3328815,사계절이 모두 아름다운 완주의 자랑이자 보물인 산,지역 역사·관광 탐방 동화 배경,장소의 특징을 찾아보고 가족 여행 기록 남기기,5-7;8-10,관광;관광지;대둔산도립공원;사계절이;모두;아름다운;완주의;자랑이자;보물인;산,대둔산도립공원,관광지,전라북도 완주군 운주면 대둔산공원길 23,,72.64,관리사무소+케이블카,관광호텔,,관리사무소+케이블카,관리사무소+케이블카,,2021-06-16,10000,300,사계절이 모두 아름다운 완주의 자랑이자 보물인 산,063-290-2742,전라북도 완주군청,2023-12-27,4721000,전북특별자치도 완주군
전국관광지정보표준데이터,https://www.data.go.kr/data/15021141/standard.do,2025-04-22,place,방화동가족휴가촌,관광지,전북특별자치도 장수군,전북특별자치도 장수군 번암면 방화동로 778,35.59064179,127.5268761,전국 8대종산에 속하는 장안산 기슭을 따라 펼쳐지는 맑고 깨끗한 계곡을 끼고 조성된 국민 휴양지,지역 역사·관광 탐방 동화 배경,장소의 특징을 찾아보고 가족 여행 기록 남기기,5-7;8-10,관광;관광지;방화동가족휴가촌;전국;8대종산에;속하는;장안산;기슭을;따라;펼쳐지는;맑고;깨끗한,방화동가족휴가촌,관광지,전북특별자치도 장수군 번암면 방화동로 778,전북특별자치도 장수군 번암면 사암리 625,250000,관리사무실+주차장+화장실+샤워실+취사장,가족휴양동 20실+다문화체험동 5실,족구장 1식+체육광장 1식,목재문화체험장+야영장+인공폭포,,,1988-02-19,2400,200,전국 8대종산에 속하는 장안산 기슭을 따라 펼쳐지는 맑고 깨끗한 계곡을 끼고 조성된 국민 휴양지,063-350-2475,전북특별자치도 장수군 산림과,2025-04-22,4751000,전북특별자치도 장수군
전국관광지정보표준데이터,https://www.data.go.kr/data/15021141/standard.do,2025-03-14,place,고래불관광지,관광지,경상북도 영덕군,경상북도 영덕군 병곡면 고래불로 68,36.57151713,129.4190153,명사20리 라고 불리는 8km에 이르는 넓고 긴 양질의 백사장과 빼어난 해송림 등 우수한 자연자원을 보유한 관광지,지역 역사·관광 탐방 동화 배경,장소의 특징을 찾아보고 가족 여행 기록 남기기,5-7;8-10,관광;관광지;고래불관광지;명사20리;라고;불리는;8km에;이르는;넓고;긴;양질의;백사장과,고래불관광지,관광지,경상북도 영덕군 병곡면 고래불로 68,경상북도 영덕군 병곡면 병곡리 72-8,880400,관리사무소(2동)+주차장+화장실(6동)+샤워장(5동)+하계휴양소+취사동(4동),,비치발리볼경기장+자전거대여점+풋살구장+체력단련시설,야영장+연수원,상가(2동),,1988-03-28,17100,1000,명사20리 라고 불리는 8km에 이르는 넓고 긴 양질의 백사장과 빼어난 해송림 등 우수한 자연자원을 보유한 관광지,054-730-6513,경상북도 영덕군청,2025-03-14,5180000,경상북도 영덕군
전국관광지정보표준데이터,https://www.data.go.kr/data/15021141/standard.do,2025-03-14,place,장사해수욕장관광지,관광지,경상북도 영덕군,경상북도 영덕군 남정면 동해대로 3592,36.2824187,129.3755938,해수욕장의 청정 자연자원과 장사상륙작전이라는 역사적 사건을 보존한 관광지,지역 역사·관광 탐방 동화 배경,장소의 특징을 찾아보고 가족 여행 기록 남기기,5-7;8-10,관광;관광지;장사해수욕장관광지;해수욕장의;청정;자연자원과;장사상륙작전이라는;역사적;사건을;보존한,장사해수욕장관광지,관광지,경상북도 영덕군 남정면 동해대로 3592,경상북도 영덕군 남정면 장사리 74-1,104219,관리사무소+주차장+화장실(3동)+샤워장(2동)+광장,방갈로(20동),미니축구장,전승기념마당,상가(2동),,1981-12-31,2500,297,해수욕장의 청정 자연자원과 장사상륙작전이라는 역사적 사건을 보존한 관광지,054-730-6513,경상북도 영덕군청,2025-03-14,5180000,경상북도 영덕군
전국관광지정보표준데이터,https://www.data.go.kr/data/15021141/standard.do,2026-03-30,place,부산영화체험박물관,관광지,부산광역시 중구,부산광역시 중구 대청로126번길 12,35.10169342,129.033594,"부산영화체험박물관은 대한민국을 대표하는 영화체험 복합문화공간입니다. 전국 최초의 영화관련 전문전시체험시설로 지상지상 4층, 지하 3층으로 구성된 본 체험박물관은 영화의 원리를 이해하고 제작의 즐거움을 체험할 수 있는 다양한 전시시설 및 영화의 과거와 미래를 연결하는 하이테크 시네마를 갖추고 있습니다.",지역 역사·관광 탐방 동화 배경,장소의 특징을 찾아보고 가족 여행 기록 남기기,5-7;8-10,관광;관광지;부산영화체험박물관;부산영화체험박물관은;대한민국을;대표하는;영화체험;복합문화공간입니다.;전국;최초의;영화관련;전문전시체험시설로,부산영화체험박물관,관광지,부산광역시 중구 대청로126번길 12,부산광역시 중구 동광동3가 41-4,4469.1,화장실+공영주차장,,,,,,2017-07-03,500,292,"부산영화체험박물관은 대한민국을 대표하는 영화체험 복합문화공간입니다. 전국 최초의 영화관련 전문전시체험시설로 지상지상 4층, 지하 3층으로 구성된 본 체험박물관은 영화의 원리를 이해하고 제작의 즐거움을 체험할 수 있는 다양한 전시시설 및 영화의 과거와 미래를 연결하는 하이테크 시네마를 갖추고 있습니다.",051-715-4200,부산 영화체험 박물관,2026-03-30,3250000,부산광역시 중구
전국관광지정보표준데이터,https://www.data.go.kr/data/15021141/standard.do,2026-03-27,place,가덕도,관광지,부산광역시 강서구,"부산광역시 강서구 동선길 10, (성북동)",35.05664068,128.8316554,"가덕도는 보개산이 바다 가운데 침몰되었다가 다시 솟아서 이루어 졌다는 전설이 있는 부산 최대의 섬이다. 최고봉인 연대산(459.4m)을 위시하여 수많은 산들이 펼쳐져 있으며, 해안선을 따라 동북쪽으로 눌차·동선 사이를 이어주는 주변 백사장에서부터 기도원앞 바닷가의 경관, 동남쪽으로 대항 새바지의 넓은 자갈밭과 용두암을 시작으로 펼쳐지는 동백숲과 아동섬일대와 동두말, 가덕도 등대 주위의 깎아지른 듯한 기암괴석, 서남쪽으로 돌아 외양포 해수욕장, 두문의 길게 뻗은 솔섬, 천수말 코바위 등 가덕도는 해금강 절경을 방불케 한다.(수용인원 제한 없음)",지역 역사·관광 탐방 동화 배경,장소의 특징을 찾아보고 가족 여행 기록 남기기,5-7;8-10,관광;관광지;가덕도;가덕도는;보개산이;바다;가운데;침몰되었다가;다시;솟아서;이루어;졌다는,가덕도,관광지,"부산광역시 강서구 동선길 10, (성북동)",,21073000,강서구관광안내소+화장실+주차장,,,,,,1989-01-01,0,248,"가덕도는 보개산이 바다 가운데 침몰되었다가 다시 솟아서 이루어 졌다는 전설이 있는 부산 최대의 섬이다. 최고봉인 연대산(459.4m)을 위시하여 수많은 산들이 펼쳐져 있으며, 해안선을 따라 동북쪽으로 눌차·동선 사이를 이어주는 주변 백사장에서부터 기도원앞 바닷가의 경관, 동남쪽으로 대항 새바지의 넓은 자갈밭과 용두암을 시작으로 펼쳐지는 동백숲과 아동섬일대와 동두말, 가덕도 등대 주위의 깎아지른 듯한 기암괴석, 서남쪽으로 돌아 외양포 해수욕장, 두문의 길게 뻗은 솔섬, 천수말 코바위 등 가덕도는 해금강 절경을 방불케 한다.(수용인원 제한 없음)",051-970-2652,부산광역시 강서구청,2026-03-27,3360000,부산광역시 강서구
전국관광지정보표준데이터,https://www.data.go.kr/data/15021141/standard.do,2026-03-27,place,낙동강제방(강서30리벚꽃길),관광지,부산광역시 강서구,"부산광역시 강서구 공항로 1246, (대저1동)",35.20985086,128.9845591,"낙동강제방을 시민공원화하여 산책인들에게 정서함양과 향토애를 고취하기 위해 1992년 강서구에서는 조경으로 철쭉동산 등을 조성하고 시비를 건립하였다. 그렇게 세워진 시비는 구포대교와 낙동대교 사이의 강서쪽 제방이 되는데 금수현 노래비와 이은상 시비는 1992년 2월에, 배재황 시비는 1992년 7월에 조지훈과 박목월 이주홍 시비는 1992년 8월에 제각각 특성을 지닌 아담한 조각으로 세워졌다.강서구의 아름다운 낙동강제방위에 마라톤코스를 조성하여 맥도생태공원과 연계한 시민들의 여가공간 확보 및 주민건강증진을 위하여 우리구에서는 명지동 I.C에서 구포대교까지 L=12.68km구간에 조깅코스를 조성하였다.",지역 역사·관광 탐방 동화 배경,장소의 특징을 찾아보고 가족 여행 기록 남기기,5-7;8-10,관광;관광지;낙동강제방(강서30리벚꽃길);낙동강제방을;시민공원화하여;산책인들에게;정서함양과;향토애를;고취하기;위해;1992년;강서구에서는,낙동강제방(강서30리벚꽃길),관광지,"부산광역시 강서구 공항로 1246, (대저1동)",,3430000,관리사무소+화장실+주차장,,,,,,2015-03-03,70000,1100,"낙동강제방을 시민공원화하여 산책인들에게 정서함양과 향토애를 고취하기 위해 1992년 강서구에서는 조경으로 철쭉동산 등을 조성하고 시비를 건립하였다. 그렇게 세워진 시비는 구포대교와 낙동대교 사이의 강서쪽 제방이 되는데 금수현 노래비와 이은상 시비는 1992년 2월에, 배재황 시비는 1992년 7월에 조지훈과 박목월 이주홍 시비는 1992년 8월에 제각각 특성을 지닌 아담한 조각으로 세워졌다.강서구의 아름다운 낙동강제방위에 마라톤코스를 조성하여 맥도생태공원과 연계한 시민들의 여가공간 확보 및 주민건강증진을 위하여 우리구에서는 명지동 I.C에서 구포대교까지 L=12.68km구간에 조깅코스를 조성하였다.",051-971-6011,대저생태공원 관리사무소,2026-03-27,3360000,부산광역시 강서구
전국관광지정보표준데이터,https://www.data.go.kr/data/15021141/standard.do,2025-02-12,place,신라불교초전지,관광지,경상북도 구미시,경상북도 구미시 도개면 도개다곡길 389-46,36.2909091829,128.3633378140,"고구려 승려 아도화상이 산라에 불교를 처음 전한 곳으로, 전통한옥숙박체험, 사찰음식체험(유료) / 신라불교초전기념관, 전시가옥(무료) 등 신라문화를 재현하여 체험할 수 있음",지역 역사·관광 탐방 동화 배경,장소의 특징을 찾아보고 가족 여행 기록 남기기,5-7;8-10,관광;관광지;신라불교초전지;고구려;승려;아도화상이;산라에;불교를;처음;전한;곳으로;전통한옥숙박체험,신라불교초전지,관광지,경상북도 구미시 도개면 도개다곡길 389-46,경상북도 구미시 도개면 도개리 328-3,43977,화장실+주차장,전통가옥체험관+생활관,,기념관+전시가옥+사찰음식체험관+교육관+아도화상 동상,,,2019-04-12,71,59,"고구려 승려 아도화상이 산라에 불교를 처음 전한 곳으로, 전통한옥숙박체험, 사찰음식체험(유료) / 신라불교초전기념관, 전시가옥(무료) 등 신라문화를 재현하여 체험할 수 있음",054-480-2140,구미도시공사,2025-02-12,B555076,구미도시공사
전국관광지정보표준데이터,https://www.data.go.kr/data/15021141/standard.do,2025-11-10,place,알로에테마파크,관광지,경상남도 거제시,경상남도 거제시 거제면 거제남서로 3937,34.835716,128.560282,알로에를 화분에 심어가져가거나 족욕을 즐기는 등 다양한 체험을 할 수 있는 테마파크,지역 역사·관광 탐방 동화 배경,장소의 특징을 찾아보고 가족 여행 기록 남기기,5-7;8-10,관광;관광지;알로에테마파크;알로에를;화분에;심어가져가거나;족욕을;즐기는;등;다양한;체험을;할,알로에테마파크,관광지,경상남도 거제시 거제면 거제남서로 3937,경상남도 거제시 거제면 내간리 산121-3,3219.1,화장실,,,전시실,안내소,,2014-12-01,500,30,알로에를 화분에 심어가져가거나 족욕을 즐기는 등 다양한 체험을 할 수 있는 테마파크,055-632-9907,알로에테마파크,2025-11-10,5370000,경상남도 거제시
전국관광지정보표준데이터,https://www.data.go.kr/data/15021141/standard.do,2025-11-10,place,노을이물드는언덕,관광지,경상남도 거제시,경상남도 거제시 사등면 창호리 1475,34.95450963,128.5194543,푸른 빛 바다와 붉은 노을이 어우러져 아름다운 풍경을 자아내는 곳,지역 역사·관광 탐방 동화 배경,장소의 특징을 찾아보고 가족 여행 기록 남기기,5-7;8-10,관광;관광지;노을이물드는언덕;푸른;빛;바다와;붉은;노을이;어우러져;아름다운;풍경을;자아내는,노을이물드는언덕,관광지,,경상남도 거제시 사등면 창호리 1475,3974,화장실,,,전망대,,,2012-12-01,300,10,푸른 빛 바다와 붉은 노을이 어우러져 아름다운 풍경을 자아내는 곳,055-639-4183,경상남도 거제시청,2025-11-10,5370000,경상남도 거제시
전국관광지정보표준데이터,https://www.data.go.kr/data/15021141/standard.do,2025-11-10,place,가조수협효시공원,관광지,경상남도 거제시,경상남도 거제시 사등면 가조서로 7,34.929516,128.525144,우리나라 수산업협동조합의 처음 시작된 역사적 의미 기념하여 조성함.,지역 역사·관광 탐방 동화 배경,장소의 특징을 찾아보고 가족 여행 기록 남기기,5-7;8-10,관광;관광지;가조수협효시공원;우리나라;수산업협동조합의;처음;시작된;역사적;의미;기념하여;조성함.,가조수협효시공원,관광지,경상남도 거제시 사등면 가조서로 7,경상남도 거제시 사등면 창호리 2080,3141,화장실,,,전시실,안내소,,2018-12-26,100,20,우리나라 수산업협동조합의 처음 시작된 역사적 의미 기념하여 조성함.,055-639-8341,경상남도 거제시 거제해양관광개발공사,2025-11-10,5370000,경상남도 거제시
전국관광지정보표준데이터,https://www.data.go.kr/data/15021141/standard.do,2025-09-30,place,장계관광지,관광지,충청북도 옥천군,충청북도 옥천군 안내면 장계1길 57,36.37753534,127.6350074,"아름다운 대청호반이 한눈에 내려다보이며, 향토자료 및 시문학 작품을 감상할 수 있음",지역 역사·관광 탐방 동화 배경,장소의 특징을 찾아보고 가족 여행 기록 남기기,5-7;8-10,관광;관광지;장계관광지;아름다운;대청호반이;한눈에;내려다보이며;향토자료;및;시문학;작품을;감상할,장계관광지,관광지,충청북도 옥천군 안내면 장계1길 57,충청북도 옥천군 안내면 장계리 산7-1,198705,향토전시관(관리실)+화장실(3동)+주차장,없음,없음,문화 및 집회시설,없음,없음,1986-06-07,1000,250,"아름다운 대청호반이 한눈에 내려다보이며, 향토자료 및 시문학 작품을 감상할 수 있음",043-730-3733,충청북도 옥천군청,2025-09-30,4430000,충청북도 옥천군
전국관광지정보표준데이터,https://www.data.go.kr/data/15021141/standard.do,2025-11-10,place,선바위관광지,관광지,경상북도 영양군,경상북도 영양군 입암면 영양로 883-16,36.60854407,129.0820141,절벽과 강을 사이에 두고 바위를 깎아 세운 듯한 선바위를 볼 수 있음,지역 역사·관광 탐방 동화 배경,장소의 특징을 찾아보고 가족 여행 기록 남기기,5-7;8-10,관광;관광지;선바위관광지;절벽과;강을;사이에;두고;바위를;깎아;세운;듯한;선바위를,선바위관광지,관광지,경상북도 영양군 입암면 영양로 883-16,경상북도 영양군 입암면 신구리 95,94913,화장실+주차장+문화관광해설사 대기소,,어린이놀이터,야외공연장+분재수석야생화테마파크+고추홍보전시관+잔디밭 등,,,2001-03-03,1675,70,절벽과 강을 사이에 두고 바위를 깎아 세운 듯한 선바위를 볼 수 있음,054-680-5363,경상북도 영양군청,2025-11-10,5170000,경상북도 영양군
전국관광지정보표준데이터,https://www.data.go.kr/data/15021141/standard.do,2025-11-03,place,두타연,관광지,강원특별자치도 양구군,강원특별자치도 양구군 방산면 두타연로 297,38.246709,127.982055,"금강산에서 발원한 물줄기가 골짜기를 만나 아담한 폭포를 이루고, 그 아래 만들어진 너른 소를 일컫는다.",지역 역사·관광 탐방 동화 배경,장소의 특징을 찾아보고 가족 여행 기록 남기기,5-7;8-10,관광;관광지;두타연;금강산에서;발원한;물줄기가;골짜기를;만나;아담한;폭포를;이루고;그,두타연,관광지,강원특별자치도 양구군 방산면 두타연로 297,강원특별자치도 양구군 방산면 고방산리 1024,30,화장실+주차장,,,,,,1996-12-31,400,50,"금강산에서 발원한 물줄기가 골짜기를 만나 아담한 폭포를 이루고, 그 아래 만들어진 너른 소를 일컫는다.",033-480-2278,강원특별자치도 양구군청,2025-11-03,4321000,강원특별자치도 양구군
전국관광지정보표준데이터,https://www.data.go.kr/data/15021141/standard.do,2025-11-03,place,한반도섬,관광지,강원특별자치도 양구군,강원특별자치도 양구군 양구읍 한반도섬길 78,38.130774,127.982758,파로호 한반도 섬은 파로호 상류에 163만 평방미터의 국내 최대의 습지를 조성하고 호수 한가운데에 한반도 모습으로 만들어진 인공 섬으로 섬까지 나무 데크길로 연결이 되어 있어 강변 바람을 맞으며 걷기에 좋은 산책로가 조성이 되어있다.,지역 역사·관광 탐방 동화 배경,장소의 특징을 찾아보고 가족 여행 기록 남기기,5-7;8-10,관광;관광지;한반도섬;파로호;한반도;섬은;상류에;163만;평방미터의;국내;최대의;습지를,한반도섬,관광지,강원특별자치도 양구군 양구읍 한반도섬길 78,강원특별자치도 양구군 양구읍 고대리 649-1,4500,화장실+주차장,,,,,,2009-07-09,5000,100,파로호 한반도 섬은 파로호 상류에 163만 평방미터의 국내 최대의 습지를 조성하고 호수 한가운데에 한반도 모습으로 만들어진 인공 섬으로 섬까지 나무 데크길로 연결이 되어 있어 강변 바람을 맞으며 걷기에 좋은 산책로가 조성이 되어있다.,033-480-2237,강원특별자치도 양구군청,2025-11-03,4321000,강원특별자치도 양구군
전국관광지정보표준데이터,https://www.data.go.kr/data/15021141/standard.do,2025-11-03,place,을지전망대,관광지,강원특별자치도 양구군,강원특별자치도 양구군 해안면 전망대로 540,38.328304,128.126482,"해발 1,049m DMZ 철책위에서 남북한의 대치상황을 한눈에 볼 수 있다",지역 역사·관광 탐방 동화 배경,장소의 특징을 찾아보고 가족 여행 기록 남기기,5-7;8-10,관광;관광지;을지전망대;해발;1;049m;DMZ;철책위에서;남북한의;대치상황을;한눈에;볼,을지전망대,관광지,강원특별자치도 양구군 해안면 전망대로 540,강원특별자치도 양구군 해안면 후리 621,324,화장실+주차장,,,,,,1988-12-01,160,20,"해발 1,049m DMZ 철책위에서 남북한의 대치상황을 한눈에 볼 수 있다",033-480-2674,강원특별자치도 양구군청,2025-11-03,4321000,강원특별자치도 양구군
전국관광지정보표준데이터,https://www.data.go.kr/data/15021141/standard.do,2025-11-03,place,제4땅굴,관광지,강원특별자치도 양구군,강원특별자치도 양구군 해안면 땅굴로 454,38.319461,128.110627,"1990년 2월3일 발견,  군사 분계선에서 1,028m 떨어진 곳에 위치",지역 역사·관광 탐방 동화 배경,장소의 특징을 찾아보고 가족 여행 기록 남기기,5-7;8-10,관광;관광지;제4땅굴;1990년;2월3일;발견;군사;분계선에서;1;028m;떨어진;곳에,제4땅굴,관광지,강원특별자치도 양구군 해안면 땅굴로 454,강원특별자치도 양구군 해안면 이현리 743,1652,화장실+주차장,,,안보전시관,,,1996-08-01,161,40,"1990년 2월3일 발견,  군사 분계선에서 1,028m 떨어진 곳에 위치",033-480-2674,강원특별자치도 양구군청,2025-11-03,4321000,강원특별자치도 양구군
전국관광지정보표준데이터,https://www.data.go.kr/data/15021141/standard.do,2025-11-03,place,국토정중앙천문대,관광지,강원특별자치도 양구군,강원특별자치도 양구군 국토정중앙면 국토정중앙로 127,38.068791,128.029681,"우리나라의 중심에서 하늘을 바라보기 위해국토정중앙점 부근에 건설되어 2007년 5월 31일 개관, 한반도의 중심에서 넓은 하늘을 볼 수 있는 기회만으로도 재미있는 경험이자 특별한 추억이 될 것이다.",지역 역사·관광 탐방 동화 배경,장소의 특징을 찾아보고 가족 여행 기록 남기기,5-7;8-10,관광;관광지;국토정중앙천문대;우리나라의;중심에서;하늘을;바라보기;위해국토정중앙점;부근에;건설되어;2007년;5월,국토정중앙천문대,관광지,강원특별자치도 양구군 국토정중앙면 국토정중앙로 127,강원특별자치도 양구군 국토정중앙면 도촌리 96-5,1166,화장실+주차장,,,휴게실+전시실+천체투영실+영상관,,,2007-05-31,50,55,"우리나라의 중심에서 하늘을 바라보기 위해국토정중앙점 부근에 건설되어 2007년 5월 31일 개관, 한반도의 중심에서 넓은 하늘을 볼 수 있는 기회만으로도 재미있는 경험이자 특별한 추억이 될 것이다.",033-480-2586,강원특별자치도 양구군청,2025-11-03,4321000,강원특별자치도 양구군
전국관광지정보표준데이터,https://www.data.go.kr/data/15021141/standard.do,2025-11-03,place,양구자연생태공원,관광지,강원특별자치도 양구군,강원특별자치도 양구군 동면 숨골로310번길 131,38.189801,128.079108,"양구군 대암산 자락에 위치한 양구 수목원은 2004년 생태식물원 조성을 시작으로 DMZ야생동물생태관, DMZ야생화분재원, 목재문화체험관 그리고 DMZ무장애나눔길과 생태 탐방로가 한군데 어우러진 자연중심의 수목원이라고 할 수 있다. 자연 생태가 잘 보존된 해발 450M 자락에서 자연 생태를 오감으로 느껴볼 수 있는 곳이다.",지역 역사·관광 탐방 동화 배경,장소의 특징을 찾아보고 가족 여행 기록 남기기,5-7;8-10,관광;관광지;양구자연생태공원;양구군;대암산;자락에;위치한;양구;수목원은;2004년;생태식물원;조성을,양구자연생태공원,관광지,강원특별자치도 양구군 동면 숨골로310번길 131,강원특별자치도 양구군 동면 원당리 180,227764,화장실+주차장,,,,,,2004-04-19,1000,50,"양구군 대암산 자락에 위치한 양구 수목원은 2004년 생태식물원 조성을 시작으로 DMZ야생동물생태관, DMZ야생화분재원, 목재문화체험관 그리고 DMZ무장애나눔길과 생태 탐방로가 한군데 어우러진 자연중심의 수목원이라고 할 수 있다. 자연 생태가 잘 보존된 해발 450M 자락에서 자연 생태를 오감으로 느껴볼 수 있는 곳이다.",033-480-2529,강원특별자치도 양구군청,2025-11-03,4321000,강원특별자치도 양구군
전국관광지정보표준데이터,https://www.data.go.kr/data/15021141/standard.do,2025-11-03,place,후곡약수터,관광지,강원특별자치도 양구군,강원특별자치도 양구군 동면 약수터길 90-1,38.167554,128.057021,"두개의 샘이 나란히 있으며 철분성분으로 바닥이 붉게 물들어있다. 위장에 좋은 탄산이온, 규산이온, 불소성분이 많이 함우된 양질의 광천수로 주변의 수려한 경관과 함께 관광 휴양지로 주목 받고 있다.",지역 역사·관광 탐방 동화 배경,장소의 특징을 찾아보고 가족 여행 기록 남기기,5-7;8-10,관광;관광지;후곡약수터;두개의;샘이;나란히;있으며;철분성분으로;바닥이;붉게;물들어있다.;위장에,후곡약수터,관광지,강원특별자치도 양구군 동면 약수터길 90-1,강원특별자치도 양구군 동면 후곡리 263-9,200042,화장실+주차장,,,,,,1996-12-31,200,40,"두개의 샘이 나란히 있으며 철분성분으로 바닥이 붉게 물들어있다. 위장에 좋은 탄산이온, 규산이온, 불소성분이 많이 함우된 양질의 광천수로 주변의 수려한 경관과 함께 관광 휴양지로 주목 받고 있다.",033-480-7266,강원특별자치도 양구군청,2025-11-03,4321000,강원특별자치도 양구군
전국관광지정보표준데이터,https://www.data.go.kr/data/15021141/standard.do,2024-07-30,place,화순온천,관광지,전라남도 화순군,전라남도 화순군 백아면 옥리길 14-7,35.1624699,127.0837781,온천휴양지,지역 역사·관광 탐방 동화 배경,장소의 특징을 찾아보고 가족 여행 기록 남기기,5-7;8-10,관광;관광지;화순온천;온천휴양지,화순온천,관광지,전라남도 화순군 백아면 옥리길 14-7,,512000,관리사무소+공중화장실+온천공+배수지+단지내도로 등,휴양콘도,아쿠아리움,온천장+종합유원시설,,,1984-09-24,3000,536,온천휴양지,061-379-3532,전라남도 화순군청,2024-07-30,4900000,전라남도 화순군
전국관광지정보표준데이터,https://www.data.go.kr/data/15021141/standard.do,2024-07-30,place,도곡온천,관광지,전라남도 화순군,전라남도 화순군 도곡면 온천2길 44,35.02470562,126.903529,온천휴양지,지역 역사·관광 탐방 동화 배경,장소의 특징을 찾아보고 가족 여행 기록 남기기,5-7;8-10,관광;관광지;도곡온천;온천휴양지,도곡온천,관광지,전라남도 화순군 도곡면 온천2길 44,,646819,관리사무소+공중화장실+온천공+배수지+단지내도로 등,일반숙박업+무인텔 등,,온천장+일반유원시설,,,1989-10-27,4700,462,온천휴양지,061-379-3532,전라남도 화순군청,2024-07-30,4900000,전라남도 화순군
전국관광지정보표준데이터,https://www.data.go.kr/data/15021141/standard.do,2024-07-30,place,운주사,관광지,전라남도 화순군,전라남도 화순군 도암면 천태로 91-44,34.92906333,126.8825635,"군립운주사문화관, 운주사 사찰",지역 역사·관광 탐방 동화 배경,장소의 특징을 찾아보고 가족 여행 기록 남기기,5-7;8-10,관광;관광지;운주사;군립운주사문화관;사찰,운주사,관광지,전라남도 화순군 도암면 천태로 91-44,,105495,야외공연장+하수처리장+잔디광장+화장실+주차장+사진문화관,,,,,,2008-05-15,1650,380,"군립운주사문화관, 운주사 사찰",061-379-3532,전라남도 화순군청,2024-07-30,4900000,전라남도 화순군
전국관광지정보표준데이터,https://www.data.go.kr/data/15021141/standard.do,2024-08-15,place,함평엑스포공원,관광지,전라남도 함평군,전라남도 함평군 함평읍 곤재로 27,35.05813923,126.5226056,아시아생태문화관광지,지역 역사·관광 탐방 동화 배경,장소의 특징을 찾아보고 가족 여행 기록 남기기,5-7;8-10,관광;관광지;함평엑스포공원;아시아생태문화관광지,함평엑스포공원,관광지,전라남도 함평군 함평읍 곤재로 27,,529998,화장실+주차장+관광안내소,,파크골프장+미술관+종합유원시설,공연장,,,2000-11-11,50000,1625,아시아생태문화관광지,061-320-2204,전라남도 함평군,2024-08-15,4960000,전라남도 함평군
전국관광지정보표준데이터,https://www.data.go.kr/data/15021141/standard.do,2025-06-17,place,롯데월드 부산,관광지,부산광역시 기장군,부산광역시 기장군 기장읍 동부산관광로 42,35.19603043,129.2129711,"부산광역시 기장군 기장읍 시랑리 산46에 위치한 테마파크. 줄여서 부롯이라 부른다. 오시리아관광단지 테마파크존 내에 조성된 핵심시설로, 서울에 있는 롯데월드 어드벤처와 부산 롯데월드 스카이프라자, 롯데월드 언더씨킹덤에 이은 롯데월드의 4번째 테마파크이다.",지역 역사·관광 탐방 동화 배경,장소의 특징을 찾아보고 가족 여행 기록 남기기,5-7;8-10,관광;관광지;롯데월드;부산;부산광역시;기장군;기장읍;시랑리;산46에;위치한;테마파크.;줄여서,롯데월드 부산,관광지,부산광역시 기장군 기장읍 동부산관광로 42,부산광역시 기장군 기장읍 시랑리 산46번지,158677,화장실+주차장,관광숙박시설,테마파크,테마파크,안내센터,,2022-03-31,10000,1000,"부산광역시 기장군 기장읍 시랑리 산46에 위치한 테마파크. 줄여서 부롯이라 부른다. 오시리아관광단지 테마파크존 내에 조성된 핵심시설로, 서울에 있는 롯데월드 어드벤처와 부산 롯데월드 스카이프라자, 롯데월드 언더씨킹덤에 이은 롯데월드의 4번째 테마파크이다.",1661-2000,롯데,2025-06-17,3400000,부산광역시 기장군
전국관광지정보표준데이터,https://www.data.go.kr/data/15021141/standard.do,2025-06-05,place,농월정,관광지,경상남도 함양군,경상남도 함양군 안의면 농월정길 9-35,35.62464301,127.7815571,"안의 삼동 중에서 화려한 자연의 미를 간직한 곳이 화림동이다. 화림동은 안의에서 전북 장수군으로 통하는 국도 26호선을 따라 약 4km를 가면 굽이치는 물가에 아담한 마을하나를 발견할 수 있는데, 이 곳이 화림동의 정수 농월정이 있는 곳이다. 화림동은 남덕유산에서 발원하는 금천이 굽이치며 흘러 팔담팔정을 이루었다. 그래서, 옛부터 화림동을 정자문화의 보고라 한다. 지금도 농월정을 비롯한 4개의 고풍스런 정자가 남아 있다. 특히 농월정은 달을 희롱하며 논다는 옛날 우리 선조들의 풍류사상이 깃든 곳, 함양을 찾은 많은 시인과 묵객들이 필히 거쳐간 곳이다. 이 곳 녹수를 사이에 둔 양쪽 산기슭의 송림은 거문고 현을 퉁기는 듯하며, 길게 늘어선 수양버들은 천줄기의 실로 낚시질을 하는 듯 보인다. 맑은 물이 급한 굴곡을 이루는 곳에 커다란 반석이 펼쳐져 있다. 반석위를 흐르는 물이 달빛을 받아 금물결을 이루는 이 곳에 세워진 고색창연한 농월정은 이름 그대로 달을 희롱하고 있는 듯하다. 크기를 짐작할 수 없을 정도로 거대한 월연암이라 이름 붙은 너럭바위 위로 미끄럼타듯 물살이 세차게 흐르고, 물길따라 골이 깊게 패였다. 월연의 맑은 물에서 물장구치며 노는 개구쟁이들의 모습과 아름다운 풍경은 한 폭의 동양화가 되어 지나는 행인의 발걸음을 멈추게 한다.",지역 역사·관광 탐방 동화 배경,장소의 특징을 찾아보고 가족 여행 기록 남기기,5-7;8-10,관광;관광지;농월정;안의;삼동;중에서;화려한;자연의;미를;간직한;곳이;화림동이다.,농월정,관광지,경상남도 함양군 안의면 농월정길 9-35,경상남도 함양군 안의면 월림리 727-1,138110,도로+주차장+관리사무소+화장실+노유자시설,,,캐빈하우스+오토캠핑장,,,1996-04-18,2000,150,"안의 삼동 중에서 화려한 자연의 미를 간직한 곳이 화림동이다. 화림동은 안의에서 전북 장수군으로 통하는 국도 26호선을 따라 약 4km를 가면 굽이치는 물가에 아담한 마을하나를 발견할 수 있는데, 이 곳이 화림동의 정수 농월정이 있는 곳이다. 화림동은 남덕유산에서 발원하는 금천이 굽이치며 흘러 팔담팔정을 이루었다. 그래서, 옛부터 화림동을 정자문화의 보고라 한다. 지금도 농월정을 비롯한 4개의 고풍스런 정자가 남아 있다. 특히 농월정은 달을 희롱하며 논다는 옛날 우리 선조들의 풍류사상이 깃든 곳, 함양을 찾은 많은 시인과 묵객들이 필히 거쳐간 곳이다. 이 곳 녹수를 사이에 둔 양쪽 산기슭의 송림은 거문고 현을 퉁기는 듯하며, 길게 늘어선 수양버들은 천줄기의 실로 낚시질을 하는 듯 보인다. 맑은 물이 급한 굴곡을 이루는 곳에 커다란 반석이 펼쳐져 있다. 반석위를 흐르는 물이 달빛을 받아 금물결을 이루는 이 곳에 세워진 고색창연한 농월정은 이름 그대로 달을 희롱하고 있는 듯하다. 크기를 짐작할 수 없을 정도로 거대한 월연암이라 이름 붙은 너럭바위 위로 미끄럼타듯 물살이 세차게 흐르고, 물길따라 골이 깊게 패였다. 월연의 맑은 물에서 물장구치며 노는 개구쟁이들의 모습과 아름다운 풍경은 한 폭의 동양화가 되어 지나는 행인의 발걸음을 멈추게 한다.",055-960-4510,경상남도 함양군청,2025-06-05,5460000,경상남도 함양군
전국관광지정보표준데이터,https://www.data.go.kr/data/15021141/standard.do,2024-09-23,place,명승 거창 수승대,관광지,경상남도 거창군,경상남도 거창군 위천면 은하리길 2,35.760923,127.8336763,"거창군 위천면 황산리에 있는 영남 제일의 동천(洞天: 산천으로 둘러싸인 경치 좋은 곳)으로 알려진 ‘안의삼동(安義三洞)’ 중 하나로 원학동 계곡 한가운데 넓은 화강암 암반으로 이루어진 계곡이다. 이곳은 암반 위를 흐르는 계류와 숲이 어우러져 빼어난 자연경관을 이루고 있어 2008년에 명승 제53호로 지정[네이버 지식백과] 거창 수승대 [居昌搜勝臺] (한국민족문화대백과, 한국학중앙연구원)",지역 역사·관광 탐방 동화 배경,장소의 특징을 찾아보고 가족 여행 기록 남기기,5-7;8-10,관광;관광지;명승;거창;수승대;거창군;위천면;황산리에;있는;영남;제일의;동천(洞天:,명승 거창 수승대,관광지,경상남도 거창군 위천면 은하리길 2,경상남도 거창군 위천면 황산리 750-3,297679,관리사무소+취사장+화장실+관광안내소,여관,모험시설+간이수영장+썰매장,목재체험장+조경휴게지+구연서원+요수정+원각사+야외공연장+야영장+오토캠핑장,,자연취락용지+현수교,1986-08-20,10000,483,"거창군 위천면 황산리에 있는 영남 제일의 동천(洞天: 산천으로 둘러싸인 경치 좋은 곳)으로 알려진 ‘안의삼동(安義三洞)’ 중 하나로 원학동 계곡 한가운데 넓은 화강암 암반으로 이루어진 계곡이다. 이곳은 암반 위를 흐르는 계류와 숲이 어우러져 빼어난 자연경관을 이루고 있어 2008년에 명승 제53호로 지정[네이버 지식백과] 거창 수승대 [居昌搜勝臺] (한국민족문화대백과, 한국학중앙연구원)",055-940-8532,경상남도 거창군청,2024-09-23,5470000,경상남도 거창군
전국관광지정보표준데이터,https://www.data.go.kr/data/15021141/standard.do,2024-09-23,place,가조온천,관광지,경상남도 거창군,경상남도 거창군 가조면 온천길161,35.69875771,128.0231044,"온천수  - 수질 : 26.5℃ / PH 9.7(국내 최고의 강 알칼리성 수질)      ▶ 류머티즘, 알레르기성 피부염 등에 탁월한 효과",지역 역사·관광 탐방 동화 배경,장소의 특징을 찾아보고 가족 여행 기록 남기기,5-7;8-10,관광;관광지;가조온천;온천수;-;수질;:;26.5℃;/;PH;9.7(국내;최고의,가조온천,관광지,경상남도 거창군 가조면 온천길161,경상남도 거창군 가조면 일부리 1301,230673.6,관리사무소+주차장+공원,여관,테니스장+종합위락센터,온천장+공원,,녹지+하천,1992-02-11,6100,168,"온천수  - 수질 : 26.5℃ / PH 9.7(국내 최고의 강 알칼리성 수질)      ▶ 류머티즘, 알레르기성 피부염 등에 탁월한 효과",055-940-3443,경상남도 거창군청,2024-09-23,5470000,경상남도 거창군
전국관광지정보표준데이터,https://www.data.go.kr/data/15021141/standard.do,2024-08-16,place,오-월드,관광지,대전광역시 중구,대전광역시 중구 사정공원로 70(사정동),36.28749924,127.3985039,주랜드 + 플라워랜드 + 조이랜드”를 복합적으로 구성하여 온가족이 함께 즐길 수 있는 테마공원 *수용인원:제한없음,지역 역사·관광 탐방 동화 배경,장소의 특징을 찾아보고 가족 여행 기록 남기기,5-7;8-10,관광;관광지;오-월드;주랜드;+;플라워랜드;조이랜드”를;복합적으로;구성하여;온가족이;함께;즐길,오-월드,관광지,대전광역시 중구 사정공원로 70(사정동),대전광역시 중구 사정동 142,682830,유모차대여소+수유실+의무실+고객지원센터+물품보관소,,버드랜드+조이랜드+플라워랜드+시즌놀이시설,행복쉼터,,,2002-05-02,0,1545,주랜드 + 플라워랜드 + 조이랜드”를 복합적으로 구성하여 온가족이 함께 즐길 수 있는 테마공원 *수용인원:제한없음,042-580-4820,대전도시공사,2024-08-16,3650000,대전광역시 중구
전국관광지정보표준데이터,https://www.data.go.kr/data/15021141/standard.do,2024-08-16,place,뿌리공원,관광지,대전광역시 중구,대전광역시 중구 뿌리공원로 79(침산동),36.28538043,127.3883000376,"전국유일의 효 테마공원으로서 자신의 뿌리를 되찾을 수 있는 성씨별 조형물과 수변무대, 전망대, 산림욕장 등 다양한 시설이 갖추어진 체험학습의 산 교육장  *수용인원:제한없음",지역 역사·관광 탐방 동화 배경,장소의 특징을 찾아보고 가족 여행 기록 남기기,5-7;8-10,관광;관광지;뿌리공원;전국유일의;효;테마공원으로서;자신의;뿌리를;되찾을;수;있는;성씨별,뿌리공원,관광지,대전광역시 중구 뿌리공원로 79(침산동),대전광역시 중구 침산동 364,125000,관광안내소+수유실,효문화마을관리원,국궁장,성씨조형물+한국족보박물관 등,,,2013-09-01,0,447,"전국유일의 효 테마공원으로서 자신의 뿌리를 되찾을 수 있는 성씨별 조형물과 수변무대, 전망대, 산림욕장 등 다양한 시설이 갖추어진 체험학습의 산 교육장  *수용인원:제한없음",042-288-8301,대전광역시 중구청,2024-08-16,3650000,대전광역시 중구
전국관광지정보표준데이터,https://www.data.go.kr/data/15021141/standard.do,2024-08-16,place,아쿠아리움,관광지,대전광역시 중구,대전광역시 중구 보문산공원로 469(대사동),36.31005741,127.4209439,전쟁에 대비해 지하방공호로 활용하던 대전 도심의 천연동굴을 변화시킨 수족관으로 국내최초이자 최대인 담수어 아쿠아리움  *수용인원:제한없음,지역 역사·관광 탐방 동화 배경,장소의 특징을 찾아보고 가족 여행 기록 남기기,5-7;8-10,관광;관광지;아쿠아리움;전쟁에;대비해;지하방공호로;활용하던;대전;도심의;천연동굴을;변화시킨;수족관으로,아쿠아리움,관광지,대전광역시 중구 보문산공원로 469(대사동),대전광역시 중구 대사동 198-14,18708,휠체어+유모차대여소+보관소+수유실+고객지원센터,,,아쿠아리움+체험동물원,,,2016-07-01,0,300,전쟁에 대비해 지하방공호로 활용하던 대전 도심의 천연동굴을 변화시킨 수족관으로 국내최초이자 최대인 담수어 아쿠아리움  *수용인원:제한없음,042-226-2100,㈜신라애니멀그룹,2024-08-16,3650000,대전광역시 중구
전국관광지정보표준데이터,https://www.data.go.kr/data/15021141/standard.do,2024-06-11,place,천안종합휴양관광지,관광지,충청남도 천안시,충청남도 천안시 동남구 성남면 종합휴양지로 200,36.75731215,127.2240961,"중부권 최대의 온천관광지로 워터파크, 휴양콘도, 천안예술의 전당이 있음.",지역 역사·관광 탐방 동화 배경,장소의 특징을 찾아보고 가족 여행 기록 남기기,5-7;8-10,관광;관광지;천안종합휴양관광지;중부권;최대의;온천관광지로;워터파크;휴양콘도;천안예술의;전당이;있음.,천안종합휴양관광지,관광지,충청남도 천안시 동남구 성남면 종합휴양지로 200,,748020,주차장,콘도미니엄,워터파크,미술관+공연장,식당,,1996-07-02,5000,500,"중부권 최대의 온천관광지로 워터파크, 휴양콘도, 천안예술의 전당이 있음.",041-906-7000,소노벨 천안,2024-06-11,4490000,충청남도 천안시
전국관광지정보표준데이터,https://www.data.go.kr/data/15021141/standard.do,2024-06-11,place,태조산관광지,관광지,충청남도 천안시,충청남도 천안시 동남구 태조산길 261,36.82207666,127.1889559,유량동 태조산 아래에 자리잡힌 넓은 공원으로 천안시민들의 문화ㆍ휴식 공간,지역 역사·관광 탐방 동화 배경,장소의 특징을 찾아보고 가족 여행 기록 남기기,5-7;8-10,관광;관광지;태조산관광지;유량동;태조산;아래에;자리잡힌;넓은;공원으로;천안시민들의;문화ㆍ휴식;공간,태조산관광지,관광지,충청남도 천안시 동남구 태조산길 261,,331000,주차장,,,조각공원,,,1985-07-24,10000,300,유량동 태조산 아래에 자리잡힌 넓은 공원으로 천안시민들의 문화ㆍ휴식 공간,041-550-2520,천안시시설관리공단,2024-06-11,4490000,충청남도 천안시
전국관광지정보표준데이터,https://www.data.go.kr/data/15021141/standard.do,2020-06-16,place,가산산성,관광지,경상북도 칠곡군,경상북도 칠곡군 동명면 남원리 32-78,36.021011,128.590851,임진왜란과 병자호란을 겪은후 잇따른 외침에 대비하기 위해 세원진 산성,지역 역사·관광 탐방 동화 배경,장소의 특징을 찾아보고 가족 여행 기록 남기기,5-7;8-10,관광;관광지;가산산성;임진왜란과;병자호란을;겪은후;잇따른;외침에;대비하기;위해;세원진;산성,가산산성,관광지,,경상북도 칠곡군 동명면 남원리 32-78,293753,사무실+주차장+화장실,,,,,,2012-01-25,10000,200,임진왜란과 병자호란을 겪은후 잇따른 외침에 대비하기 위해 세원진 산성,054-880-8334,경상북도,2020-06-16,5220000,경상북도 칠곡군
전국관광지정보표준데이터,https://www.data.go.kr/data/15021141/standard.do,2020-06-16,place,가산산성야영장,관광지,경상북도 칠곡군,경상북도 칠곡군 동명면 한티로 1034,36.016197,128.618108,자연의 정취와 팔공산 사계를 만끽할 수 있는 야영공간,지역 역사·관광 탐방 동화 배경,장소의 특징을 찾아보고 가족 여행 기록 남기기,5-7;8-10,관광;관광지;가산산성야영장;자연의;정취와;팔공산;사계를;만끽할;수;있는;야영공간,가산산성야영장,관광지,경상북도 칠곡군 동명면 한티로 1034,,109213,사무실+화장실,야영장,,,,전용숙소,2012-01-25,840,220,자연의 정취와 팔공산 사계를 만끽할 수 있는 야영공간,054-880-8300,경상북도,2020-06-16,5220000,경상북도 칠곡군
전국관광지정보표준데이터,https://www.data.go.kr/data/15021141/standard.do,2020-06-16,place,구상문학관,관광지,경상북도 칠곡군,경상북도 칠곡군 왜관읍 구상길 191,35.983943,128.394568,프랑스 문인협회 선정 세계 200대 문인중인 구상 시인의 문학관을 느낄 수 있는 곳,지역 역사·관광 탐방 동화 배경,장소의 특징을 찾아보고 가족 여행 기록 남기기,5-7;8-10,관광;관광지;구상문학관;프랑스;문인협회;선정;세계;200대;문인중인;구상;시인의;문학관을,구상문학관,관광지,경상북도 칠곡군 왜관읍 구상길 191,,1611,사무실+화장실+주차장,,,,,,2012-01-25,100,10,프랑스 문인협회 선정 세계 200대 문인중인 구상 시인의 문학관을 느낄 수 있는 곳,054-973-0039,경상북도 칠곡군청,2020-06-16,5220000,경상북도 칠곡군
전국관광지정보표준데이터,https://www.data.go.kr/data/15021141/standard.do,2020-06-16,place,다부동전적기념관,관광지,경상북도 칠곡군,경상북도 칠곡군 가산면 호국로 1486,36.046443,128.518875,구국의 정신과 평화의 소중함을 전하는 역사가 흐르는 기념관,지역 역사·관광 탐방 동화 배경,장소의 특징을 찾아보고 가족 여행 기록 남기기,5-7;8-10,관광;관광지;다부동전적기념관;구국의;정신과;평화의;소중함을;전하는;역사가;흐르는;기념관,다부동전적기념관,관광지,경상북도 칠곡군 가산면 호국로 1486,,18744,관리사무실+화장실+주차장,,,,,,2012-01-25,5000,150,구국의 정신과 평화의 소중함을 전하는 역사가 흐르는 기념관,054-973-6313,경상북도 칠곡군청,2020-06-16,5220000,경상북도 칠곡군
전국관광지정보표준데이터,https://www.data.go.kr/data/15021141/standard.do,2020-06-16,place,송정자연휴양림,관광지,경상북도 칠곡군,경상북도 칠곡군 석적읍 반계3길 88,36.023332,128.441641,자연과 사람이 숨 쉬는 곳 도심에서 가까운 휴양림,지역 역사·관광 탐방 동화 배경,장소의 특징을 찾아보고 가족 여행 기록 남기기,5-7;8-10,관광;관광지;송정자연휴양림;자연과;사람이;숨;쉬는;곳;도심에서;가까운;휴양림,송정자연휴양림,관광지,경상북도 칠곡군 석적읍 반계3길 88,,636297,관리사무실+화장실+주차장+야영장+숙박시설+샤워장+취사장,야영장+펜션,숲체험장,,,전용숙소,2012-01-25,500,100,자연과 사람이 숨 쉬는 곳 도심에서 가까운 휴양림,054-979-6000,경상북도 칠곡군청,2020-06-16,5220000,경상북도 칠곡군
전국관광지정보표준데이터,https://www.data.go.kr/data/15021141/standard.do,2020-06-16,place,칠곡보오토캠핑장,관광지,경상북도 칠곡군,경상북도 칠곡군 약목면 강변서로 110-43,36.020591,128.394566,산과 강이 어우러진 오토캠핑장,지역 역사·관광 탐방 동화 배경,장소의 특징을 찾아보고 가족 여행 기록 남기기,5-7;8-10,관광;관광지;칠곡보오토캠핑장;산과;강이;어우러진;오토캠핑장,칠곡보오토캠핑장,관광지,경상북도 칠곡군 약목면 강변서로 110-43,,30000,전기시설+상하수도시설+화장실+샤워장,,,,,전용숙소,2017-02-23,396,100,산과 강이 어우러진 오토캠핑장,054-974-7997,경상북도 칠곡군청,2020-06-16,5220000,경상북도 칠곡군
전국관광지정보표준데이터,https://www.data.go.kr/data/15021141/standard.do,2020-06-16,place,칠곡호국평화기념관,관광지,경상북도 칠곡군,경상북도 칠곡군 석적읍 강변대로 1580,36.017918,128.404032,낙동강 55일간의 전투를 재조명하고 다채로운 체험 통해 호국체험공간,지역 역사·관광 탐방 동화 배경,장소의 특징을 찾아보고 가족 여행 기록 남기기,5-7;8-10,관광;관광지;칠곡호국평화기념관;낙동강;55일간의;전투를;재조명하고;다채로운;체험;통해;호국체험공간,칠곡호국평화기념관,관광지,경상북도 칠곡군 석적읍 강변대로 1580,,9461.61,식당+화장실+수유실+사무실,,각종체험관+전시공간,세미나실+다목적실,,,2017-02-23,5000,300,낙동강 55일간의 전투를 재조명하고 다채로운 체험 통해 호국체험공간,054-979-5502,경상북도 칠곡군청,2020-06-16,5220000,경상북도 칠곡군
전국관광지정보표준데이터,https://www.data.go.kr/data/15021141/standard.do,2020-06-16,place,칠곡양떼목장,관광지,경상북도 칠곡군,경상북도 칠곡군 지천면 창평로 209-42,35.984545,128.488740,양떼를 체험해볼수 있는 어린이를 위한 체험장,지역 역사·관광 탐방 동화 배경,장소의 특징을 찾아보고 가족 여행 기록 남기기,5-7;8-10,관광;관광지;칠곡양떼목장;양떼를;체험해볼수;있는;어린이를;위한;체험장,칠곡양떼목장,관광지,경상북도 칠곡군 지천면 창평로 209-42,,99173,사무실+주차장+화장실+양떼목장,,,,,,2020-06-16,1000,100,양떼를 체험해볼수 있는 어린이를 위한 체험장,054-972-8833,경상북도 칠곡군청,2020-06-16,5220000,경상북도 칠곡군
전국관광지정보표준데이터,https://www.data.go.kr/data/15021141/standard.do,2020-06-16,place,가산수피아,관광지,경상북도 칠곡군,경상북도 칠곡군 가산면 학하들안2길 105,36.086109,128.485044,2019년 4월에 개장한 국내최대 민간정원,지역 역사·관광 탐방 동화 배경,장소의 특징을 찾아보고 가족 여행 기록 남기기,5-7;8-10,관광;관광지;가산수피아;2019년;4월에;개장한;국내최대;민간정원,가산수피아,관광지,경상북도 칠곡군 가산면 학하들안2길 105,,133600,관리실+야영장+수영장+사계절썰매장+공룡뜰+배움뜰+미술관,,,,,,2020-06-16,10000,500,2019년 4월에 개장한 국내최대 민간정원,054-971-9861,경상북도 칠곡군청,2020-06-16,5220000,경상북도 칠곡군
전국관광지정보표준데이터,https://www.data.go.kr/data/15021141/standard.do,2020-06-16,place,국립칠곡숲체원,관광지,경상북도 칠곡군,경상북도 칠곡군 석적읍 유학로 532,36.063539,128.466183,청소년 및 가족 단체를 위한 숲체험 산림교육프로그램과 산림치유프로그램 운영,지역 역사·관광 탐방 동화 배경,장소의 특징을 찾아보고 가족 여행 기록 남기기,5-7;8-10,관광;관광지;국립칠곡숲체원;청소년;및;가족;단체를;위한;숲체험;산림교육프로그램과;산림치유프로그램;운영,국립칠곡숲체원,관광지,경상북도 칠곡군 석적읍 유학로 532,,300000,관리실+숲체원+체험장,,,,,전용숙소,2020-06-16,500,100,청소년 및 가족 단체를 위한 숲체험 산림교육프로그램과 산림치유프로그램 운영,054-977-8773,경상북도 칠곡군청,2020-06-16,5220000,경상북도 칠곡군
전국관광지정보표준데이터,https://www.data.go.kr/data/15021141/standard.do,2024-08-15,place,함평해수찜,관광지,전라남도 함평군,전라남도 함평군 손불면 석산로 61,35.10050068,126.4648643,온천과 약찜의 효능을 한꺼번에 즐길수 있음,지역 역사·관광 탐방 동화 배경,장소의 특징을 찾아보고 가족 여행 기록 남기기,5-7;8-10,관광;관광지;함평해수찜;온천과;약찜의;효능을;한꺼번에;즐길수;있음,함평해수찜,관광지,전라남도 함평군 손불면 석산로 61,,993,X,,해수욕장,,,,2000-11-11,500,100,온천과 약찜의 효능을 한꺼번에 즐길수 있음,061-320-1784,전라남도 함평군,2024-08-15,4960000,전라남도 함평군
전국관광지정보표준데이터,https://www.data.go.kr/data/15021141/standard.do,2024-08-15,place,함평자연생태공원,관광지,전라남도 함평군,전라남도 함평군 대동면 학동로 1398-77,35.13500123,126.5056999542,사계절 탐방학습과 생태체험,지역 역사·관광 탐방 동화 배경,장소의 특징을 찾아보고 가족 여행 기록 남기기,5-7;8-10,관광;관광지;함평자연생태공원;사계절;탐방학습과;생태체험,함평자연생태공원,관광지,전라남도 함평군 대동면 학동로 1398-77,,610840,화장실+주차장,,식물원+산림휴양시설,,,,2000-11-11,10000,100,사계절 탐방학습과 생태체험,061-320-2851,전라남도 함평군,2024-08-15,4960000,전라남도 함평군
전국관광지정보표준데이터,https://www.data.go.kr/data/15021141/standard.do,2024-08-15,place,함평양서파충류생태공원,관광지,전라남도 함평군,전라남도 함평군 신광면 학동로 1398-9,35.13834076,126.4937003,국내 최대 양서파충류 전문 전시관,지역 역사·관광 탐방 동화 배경,장소의 특징을 찾아보고 가족 여행 기록 남기기,5-7;8-10,관광;관광지;함평양서파충류생태공원;국내;최대;양서파충류;전문;전시관,함평양서파충류생태공원,관광지,전라남도 함평군 신광면 학동로 1398-9,,86000,화장실+주차장,,동물원,,,,2000-11-11,5000,100,국내 최대 양서파충류 전문 전시관,061-320-2874,전라남도 함평군,2024-08-15,4960000,전라남도 함평군
전국관광지정보표준데이터,https://www.data.go.kr/data/15021141/standard.do,2026-03-18,place,궁산땅굴역사전시관,관광지,서울특별시 강서구,서울특별시 강서구 양천로49길 102,37.57266746,126.8383649,"궁산 땅굴은 태평양전쟁 말기 일제 강점기에 굴착된 곳으로, 무기나 탄약 등, 군수물 자를 저장하거나 김포 비행장을 감시하고, 공습 때에는 부대 본부로 사용하기 위한 곳이었다고 전해진다.",지역 역사·관광 탐방 동화 배경,장소의 특징을 찾아보고 가족 여행 기록 남기기,5-7;8-10,관광;관광지;궁산땅굴역사전시관;궁산;땅굴은;태평양전쟁;말기;일제;강점기에;굴착된;곳으로;무기나,궁산땅굴역사전시관,관광지,서울특별시 강서구 양천로49길 102,,758.11,전기시설,,,,,,2018-05-11,15,0,"궁산 땅굴은 태평양전쟁 말기 일제 강점기에 굴착된 곳으로, 무기나 탄약 등, 군수물 자를 저장하거나 김포 비행장을 감시하고, 공습 때에는 부대 본부로 사용하기 위한 곳이었다고 전해진다.",02-2600-7419,서울특별시 강서구청,2026-03-18,3150000,서울특별시 강서구
전국관광지정보표준데이터,https://www.data.go.kr/data/15021141/standard.do,2026-02-04,place,영도관광안내센터,관광지,부산광역시 영도구,부산광역시 영도구 봉래나루로 79,35.09454127,129.0387847,부산의 새로운 관광명소로 각광받고있는 영도대교의 도개모습을 감상하고 영도관광에 필요한 종합서비스를 제공받을 수 있다.,지역 역사·관광 탐방 동화 배경,장소의 특징을 찾아보고 가족 여행 기록 남기기,5-7;8-10,관광;관광지;영도관광안내센터;부산의;새로운;관광명소로;각광받고있는;영도대교의;도개모습을;감상하고;영도관광에;필요한,영도관광안내센터,관광지,부산광역시 영도구 봉래나루로 79,부산광역시 영도구 봉래동1가 1,305.18,화장실+주차장,,,,,,2016-09-02,300,2,부산의 새로운 관광명소로 각광받고있는 영도대교의 도개모습을 감상하고 영도관광에 필요한 종합서비스를 제공받을 수 있다.,051-419-4048,부산광역시 영도구청 문화관광과,2026-02-04,3280000,부산광역시 영도구
전국관광지정보표준데이터,https://www.data.go.kr/data/15021141/standard.do,2026-02-19,place,용호 Sea-Side 관광지,관광지,부산광역시 남구,부산광역시 남구 용호동 산205,35.1004511779,129.1185343066,현재 관광지 조성계획 승인 단계,지역 역사·관광 탐방 동화 배경,장소의 특징을 찾아보고 가족 여행 기록 남기기,5-7;8-10,관광;관광지;용호;Sea-Side;현재;조성계획;승인;단계,용호 Sea-Side 관광지,관광지,,부산광역시 남구 용호동 산205,143626,주차장+화장실 등 예정,,,,,,2006-05-24,0,0,현재 관광지 조성계획 승인 단계,051-607-5612,부산광역시 남구청,2026-02-19,3310000,부산광역시 남구
전국관광지정보표준데이터,https://www.data.go.kr/data/15021141/standard.do,2026-02-12,place,요트올림픽동산지구,관광지,부산광역시 해운대구,부산광역시 해운대구 APEC로 30,35.16578256,129.1350266,360여척의 요트를 계류할  수 있는 요트경기장이 있는 곳으로 요트와 보트 등이 파란 바다와 마린시티의 마천루를 배경으로 어우러져 이국적인 풍경을 자아내는 곳이다. 각종 국제대회는 물론 해양스포츠와 국제영화제를 비롯한 다양한 문화행사가 개최된다,지역 역사·관광 탐방 동화 배경,장소의 특징을 찾아보고 가족 여행 기록 남기기,5-7;8-10,관광;관광지;요트올림픽동산지구;360여척의;요트를;계류할;수;있는;요트경기장이;곳으로;요트와;보트,요트올림픽동산지구,관광지,부산광역시 해운대구 APEC로 30,부산광역시 해운대구 우동 1413-4,117.958,관리사무소 1동+공중화장실 3동+도로포장+원형분수 1개소+연못 1개소+파고라 1동+기념동산 1개소+녹지 1개소,,놀이광장 1개소+잔디광장 1개소+산책로  1개소+놀이마당 1개소+어린이놀이터 1개소+수영장 1동,식물원 1개소+야외전시장,,,1988-07-19,800000,398,360여척의 요트를 계류할  수 있는 요트경기장이 있는 곳으로 요트와 보트 등이 파란 바다와 마린시티의 마천루를 배경으로 어우러져 이국적인 풍경을 자아내는 곳이다. 각종 국제대회는 물론 해양스포츠와 국제영화제를 비롯한 다양한 문화행사가 개최된다,051-749-4081,부산광역시 해운대구청,2026-02-12,3330000,부산광역시 해운대구
전국관광지정보표준데이터,https://www.data.go.kr/data/15021141/standard.do,2025-08-04,place,가야랜드,관광지,경상남도 김해시,경상남도 김해시 인제로 368(삼방동),35.25817158,128.9024348,가야테마파크 건너편에 자리한 어드벤처 놀이동산,지역 역사·관광 탐방 동화 배경,장소의 특징을 찾아보고 가족 여행 기록 남기기,5-7;8-10,관광;관광지;가야랜드;가야테마파크;건너편에;자리한;어드벤처;놀이동산,가야랜드,관광지,경상남도 김해시 인제로 368(삼방동),경상남도 김해시 삼방동 792,1352.91,음식점+화장실+주차장+의무실,카라반+글램핑+오토캠핑장,14종의 유기기구,,,,1991-10-05,1000,398,가야테마파크 건너편에 자리한 어드벤처 놀이동산,055-330-3241,경상남도 김해시청,2025-08-04,5350000,경상남도 김해시
전국관광지정보표준데이터,https://www.data.go.kr/data/15021141/standard.do,2025-08-04,place,김해천문대,관광지,경상남도 김해시,경상남도 김해시 가야테마길 254(어방동),35.25306424,128.887298,밀레니엄 기념사업의 일환으로 2002년 2월 1일 개관한 영남지역 유일의 시민 천문대,지역 역사·관광 탐방 동화 배경,장소의 특징을 찾아보고 가족 여행 기록 남기기,5-7;8-10,관광;관광지;김해천문대;밀레니엄;기념사업의;일환으로;2002년;2월;1일;개관한;영남지역;유일의,김해천문대,관광지,경상남도 김해시 가야테마길 254(어방동),경상남도 김해시 어방동 산2-80,6600,사무실+관측실+휴게실+화장실+주차장,,,전시동+관측동,,,2002-02-01,500,13,밀레니엄 기념사업의 일환으로 2002년 2월 1일 개관한 영남지역 유일의 시민 천문대,055-330-3241,경상남도 김해시청,2025-08-04,5350000,경상남도 김해시
전국관광지정보표준데이터,https://www.data.go.kr/data/15021141/standard.do,2025-08-04,place,롯데워터파크,관광지,경상남도 김해시,경상남도 김해시 장유로 555(신문동),35.17891121,128.8285605,남태평양 폴리네시아를 콘셉트로 2만여 명을 동시에 수용할 수 있는 국내 최대 규모의 워터파크,지역 역사·관광 탐방 동화 배경,장소의 특징을 찾아보고 가족 여행 기록 남기기,5-7;8-10,관광;관광지;롯데워터파크;남태평양;폴리네시아를;콘셉트로;2만여;명을;동시에;수용할;수;있는,롯데워터파크,관광지,경상남도 김해시 장유로 555(신문동),경상남도 김해시 신문동 1417,122397.27,음식점+화장실+주차장+의무실,,28종의 유기기구,,,,2014-05-01,20000,732,남태평양 폴리네시아를 콘셉트로 2만여 명을 동시에 수용할 수 있는 국내 최대 규모의 워터파크,055-330-3241,경상남도 김해시청,2025-08-04,5350000,경상남도 김해시
전국관광지정보표준데이터,https://www.data.go.kr/data/15021141/standard.do,2025-08-04,place,클레이아크김해미술관,관광지,경상남도 김해시,경상남도 김해시 진례면 분청로 25,35.25086479,128.7457858,세계 최초의 건축도자 전문 미술관,지역 역사·관광 탐방 동화 배경,장소의 특징을 찾아보고 가족 여행 기록 남기기,5-7;8-10,관광;관광지;클레이아크김해미술관;세계;최초의;건축도자;전문;미술관,클레이아크김해미술관,관광지,경상남도 김해시 진례면 분청로 25,경상남도 김해시 진례면 송정리 358,41952,전시관+체험관+커피숍+도자점+화장실+주차장,,,돔하우스+큐빅하우스+체험관,,,2006-03-24,500,203,세계 최초의 건축도자 전문 미술관,055-330-3211,경상남도 김해시청,2025-08-04,5350000,경상남도 김해시
전국관광지정보표준데이터,https://www.data.go.kr/data/15021141/standard.do,2025-08-04,place,김해한옥체험관,관광지,경상남도 김해시,경상남도 김해시 왕릉길 40(봉황동),35.23436297,128.8766847,소박한 전통의 멋과 편리한 현대적인 편의시설을 두루 갖춘 한옥 체험관,지역 역사·관광 탐방 동화 배경,장소의 특징을 찾아보고 가족 여행 기록 남기기,5-7;8-10,관광;관광지;김해한옥체험관;소박한;전통의;멋과;편리한;현대적인;편의시설을;두루;갖춘;한옥,김해한옥체험관,관광지,경상남도 김해시 왕릉길 40(봉황동),경상남도 김해시 봉황동 425-13,4132,음식점+화장실+숙박시설,13개 객실,,,,,2010-11-22,30,10,소박한 전통의 멋과 편리한 현대적인 편의시설을 두루 갖춘 한옥 체험관,055-330-3241,경상남도 김해시청,2025-08-04,5350000,경상남도 김해시
전국관광지정보표준데이터,https://www.data.go.kr/data/15021141/standard.do,2025-12-02,place,다리안관광지,관광지,충청북도 단양군,충청북도 단양군 단양읍 소백산등산길 12,36.9647819,128.4207808,돔하우스+원두막 등을 이용할 수 있는 곳입니다,지역 역사·관광 탐방 동화 배경,장소의 특징을 찾아보고 가족 여행 기록 남기기,5-7;8-10,관광;관광지;다리안관광지;돔하우스+원두막;등을;이용할;수;있는;곳입니다,다리안관광지,관광지,충청북도 단양군 단양읍 소백산등산길 12,충청북도 단양군 단양읍 천동리 409,153835,화장실+주차장,돔하우스+통나무집+캠핑장,원두막+야영장+돔하우스+캠핑장,,,,1984-11-28,2000,155,돔하우스+원두막 등을 이용할 수 있는 곳입니다,043-423-1243,단양관광공사,2025-12-02,4480000,충청북도 단양군
전국관광지정보표준데이터,https://www.data.go.kr/data/15021141/standard.do,2025-11-12,place,구곡폭포,관광지,강원특별자치도 춘천시,강원특별자치도 춘천시 남산면 강촌구곡길 254,37.797033,127.615852,"봉화산 근처 아홉구비를 돌아 떨어지는 구곡폭포와 탄성을 자아내는 하늘벽 바위 등 자연경관이 출중한 곳이며, 깔닥재를 넘으면 자연부락인 문배마을까지 볼 수 있다.",지역 역사·관광 탐방 동화 배경,장소의 특징을 찾아보고 가족 여행 기록 남기기,5-7;8-10,관광;관광지;구곡폭포;봉화산;근처;아홉구비를;돌아;떨어지는;구곡폭포와;탄성을;자아내는;하늘벽,구곡폭포,관광지,강원특별자치도 춘천시 남산면 강촌구곡길 254,강원특별자치도 춘천시 남산면 강촌리 432,2423000,관리사무소+주차장+공중화장실 2동+도로,국민여가캠핑장,구곡폭포,구곡폭포+야영장+문배마을 트레킹코스,관광식당,,1981-02-13,3800,242,"봉화산 근처 아홉구비를 돌아 떨어지는 구곡폭포와 탄성을 자아내는 하늘벽 바위 등 자연경관이 출중한 곳이며, 깔닥재를 넘으면 자연부락인 문배마을까지 볼 수 있다.",033-250-3717,강원특별자치도 춘천시청,2025-11-12,4181000,강원특별자치도 춘천시
전국관광지정보표준데이터,https://www.data.go.kr/data/15021141/standard.do,2025-11-12,place,춘천호반(삼악산),관광지,강원특별자치도 춘천시,강원특별자치도 춘천시 서면 경춘로 1401-25,37.825714,127.659368,"삼악산은 시내에서 서울방면으로 약 10km 지점에 있으며 매표소에서 계곡을 따라 오르다 보면 등선폭포, 비선폭포, 승학폭포, 백련폭포등 크고 작은 5개의 폭포가 나타난다.높이가 약10m에 이르는 제1폭포에서 제3폭포까지는 난간의 계단길을 통해서 올라갈 수 있게 만들어 놓아 자연의 웅장한 신비를 바로 눈 앞에서 바라볼 수 있도록 해 놓았다.산세가 크고 웅장하지는 않지만 이 산을 형성하고 있는 용화봉과 청운봉, 등선봉의 3개 봉우리에서 뻗어 내린 능선이 암봉으로 이루어져 절경을 이룬다.삼악산에는 흥국사, 상원사등 7개의 사찰과 삼악산성이 있고 등산로를 따라 오르면 해발 654m 높이의 정상에 이르며, 정상에서는 의암호의 아름다운 경관과 춘천시가지가 한눈에 내려다보인다. 정상에서 보아 흥국사 건너편 산이 등선봉인데 이곳은 옛날 맥국때 쌓았다는 삼악산성 성곽과 대궐터가 남아 있다.",지역 역사·관광 탐방 동화 배경,장소의 특징을 찾아보고 가족 여행 기록 남기기,5-7;8-10,관광;관광지;춘천호반(삼악산);삼악산은;시내에서;서울방면으로;약;10km;지점에;있으며;매표소에서;계곡을,춘천호반(삼악산),관광지,강원특별자치도 춘천시 서면 경춘로 1401-25,강원특별자치도 춘천시 서면 덕두원리 118-6,3305373,도로+매표소+주차장+화장실 2동+오수처리장,,등선폭포,삼악산+전망대,,,1969-01-21,606,202,"삼악산은 시내에서 서울방면으로 약 10km 지점에 있으며 매표소에서 계곡을 따라 오르다 보면 등선폭포, 비선폭포, 승학폭포, 백련폭포등 크고 작은 5개의 폭포가 나타난다.높이가 약10m에 이르는 제1폭포에서 제3폭포까지는 난간의 계단길을 통해서 올라갈 수 있게 만들어 놓아 자연의 웅장한 신비를 바로 눈 앞에서 바라볼 수 있도록 해 놓았다.산세가 크고 웅장하지는 않지만 이 산을 형성하고 있는 용화봉과 청운봉, 등선봉의 3개 봉우리에서 뻗어 내린 능선이 암봉으로 이루어져 절경을 이룬다.삼악산에는 흥국사, 상원사등 7개의 사찰과 삼악산성이 있고 등산로를 따라 오르면 해발 654m 높이의 정상에 이르며, 정상에서는 의암호의 아름다운 경관과 춘천시가지가 한눈에 내려다보인다. 정상에서 보아 흥국사 건너편 산이 등선봉인데 이곳은 옛날 맥국때 쌓았다는 삼악산성 성곽과 대궐터가 남아 있다.",033-250-3692,강원특별자치도 춘천시청,2025-11-12,4181000,강원특별자치도 춘천시
전국관광지정보표준데이터,https://www.data.go.kr/data/15021141/standard.do,2025-11-28,place,소래역사관,관광지,인천광역시 남동구,인천광역시 남동구 아암대로 1605(논현동),37.39816347,126.7375992,소래의 역사와 문화 그리고 아름다운 옛모습을 보존하고자 2012년 6월에 개관한 남동구 최초의 공립박물관,지역 역사·관광 탐방 동화 배경,장소의 특징을 찾아보고 가족 여행 기록 남기기,5-7;8-10,관광;관광지;소래역사관;소래의;역사와;문화;그리고;아름다운;옛모습을;보존하고자;2012년;6월에,소래역사관,관광지,인천광역시 남동구 아암대로 1605(논현동),,1234,화장실,,,,,,2012-06-29,100,0,소래의 역사와 문화 그리고 아름다운 옛모습을 보존하고자 2012년 6월에 개관한 남동구 최초의 공립박물관,032-453-2140,인천광역시 남동구청,2025-11-28,3530000,인천광역시 남동구
전국관광지정보표준데이터,https://www.data.go.kr/data/15021141/standard.do,2024-08-16,place,곡성기차당 뚝방마켓,관광지,전라남도 곡성군,전라남도 곡성군 곡성읍 곡성로 856,35.27976851,127.2984376,"곡성역 그리고 러브트레인이 설치된 곡성 기차마을 후문과 곡성읍 사이에는 곡성천으로 연결되어 있다. 깔끔하게 정비된 곡성천 제방위로 예쁜 길이 나있다.이길은 뚝방길이라 불리우며 곡성사람들의 산책로로 이용되고 있다.이 길을 알려 곡성섬진강기차마을과 곡성읍을 연결하자는 의미로 이곳에 플리마켓 즉 누구나 판매자가 되고 소비자가 될 수 있는 벼룩시장을 연 것이다. 2016년 5월에 곡성에서 열리는 세계 장미축제의 개최와 함께 최초로 문을 연 뚝방마켓회를 거듭할수록 곡성 주민 뿐만 아니라, 인근 지역에서 일부러 뚝방마켓을 구경하러 찾아올 정도로 인기를 끌고 있다. 그리고 뚝방길을 알리는 효과를 넘어서 이제는 곡성을 대표하는 문화 현상으로 자리 잡았다.",지역 역사·관광 탐방 동화 배경,장소의 특징을 찾아보고 가족 여행 기록 남기기,5-7;8-10,관광;관광지;곡성기차당;뚝방마켓;곡성역;그리고;러브트레인이;설치된;곡성;기차마을;후문과;곡성읍,곡성기차당 뚝방마켓,관광지,전라남도 곡성군 곡성읍 곡성로 856,전라남도 곡성군 곡성읍 읍내리 208,3153,주차장+화장실,,,,,,2016-05-01,180,35,"곡성역 그리고 러브트레인이 설치된 곡성 기차마을 후문과 곡성읍 사이에는 곡성천으로 연결되어 있다. 깔끔하게 정비된 곡성천 제방위로 예쁜 길이 나있다.이길은 뚝방길이라 불리우며 곡성사람들의 산책로로 이용되고 있다.이 길을 알려 곡성섬진강기차마을과 곡성읍을 연결하자는 의미로 이곳에 플리마켓 즉 누구나 판매자가 되고 소비자가 될 수 있는 벼룩시장을 연 것이다. 2016년 5월에 곡성에서 열리는 세계 장미축제의 개최와 함께 최초로 문을 연 뚝방마켓회를 거듭할수록 곡성 주민 뿐만 아니라, 인근 지역에서 일부러 뚝방마켓을 구경하러 찾아올 정도로 인기를 끌고 있다. 그리고 뚝방길을 알리는 효과를 넘어서 이제는 곡성을 대표하는 문화 현상으로 자리 잡았다.",061-362-2753,전라남도 곡성군청 인구정책과,2024-08-16,4860000,전라남도 곡성군
전국관광지정보표준데이터,https://www.data.go.kr/data/15021141/standard.do,2024-08-16,place,가정역(섬진강출렁다리),관광지,전라남도 곡성군,전라남도 곡성군 오곡면 섬진강로 1465,35.23018353,127.3682034,"가정역은 기차마을을 떠나 13km를 달려온 증기기관차와 침곡 약을 출발하여 5.2km를 굴러온 레일바이크의 종착역이다.원래 전라선 철로에는 없었던 역인데 증기기관차 운행과 함께 순수한 관광 목적으로 지어졌다. 통나무집을 연상케 하는 가정역의 외관은 마치 알프스 산악 기차역 같은 모습을 하고 있어 관광객들의 눈길을 끈다.섬진강 출렁다리는 국내 보도 현수교 중 가장 긴, 길이 200m, 폭 3m의 규모라 한다. 주 케이블에 보조 케이블을 매달아 보도 강판을 지탱하는 보강 거더(girder)에 연결했다. 따라서 바람에 흔들리거나 많은 사람들이 건너게 되면 출렁거리도록 제작되었다.증기기관차로 가정역에 도착하면 출발시간까지 30 남짓 여유시간이 주어진다. 이곳에 머무는 이들을 ’추억과 향수’에 젖어들게 하기엔 충분한 시간이다.가정역이 ’아름다운 역’으로 기억될 수 있는 것은 지척에 우리나라 사람들에게 고향의 강으로 여겨지는 섬진강이 흐르고 있어서다. 가정역에 내린 승객들은 강을 가로지르는 출렁다리를 건너가서 자연스럽게 섬진강을 만난다.그리고 강변을 산책하면서 더 가까이서 섬진강 풍경을 감상하게 된다. 따라서 이곳을 처음 찾는 이들에게 가정역은 섬진강과 동의어로 여겨진다. 강을 건너올 때는 사람만 다닐 수 있는 출렁다리를 이용하지만, 다시 가정역으로 건너갈 때는 대개, 아래쪽에 설치된, 사람과 차량이 함께 통행할 수 있는 두계 세월교를 이용한다. 이 다리는 강물이 불으면 물속에 잠기게 되는 잠수교다. 가정역에서 기다리고 있는 증기기관차가 긴 기적소리를 울리면 출발시간이 임박했음을 알리는 신호다.",지역 역사·관광 탐방 동화 배경,장소의 특징을 찾아보고 가족 여행 기록 남기기,5-7;8-10,관광;관광지;가정역(섬진강출렁다리);가정역은;기차마을을;떠나;13km를;달려온;증기기관차와;침곡;약을;출발하여,가정역(섬진강출렁다리),관광지,전라남도 곡성군 오곡면 섬진강로 1465,전라남도 곡성군 오곡면 송정리 55-4,2673,주차장,,,,,,2005-03-01,100,210,"가정역은 기차마을을 떠나 13km를 달려온 증기기관차와 침곡 약을 출발하여 5.2km를 굴러온 레일바이크의 종착역이다.원래 전라선 철로에는 없었던 역인데 증기기관차 운행과 함께 순수한 관광 목적으로 지어졌다. 통나무집을 연상케 하는 가정역의 외관은 마치 알프스 산악 기차역 같은 모습을 하고 있어 관광객들의 눈길을 끈다.섬진강 출렁다리는 국내 보도 현수교 중 가장 긴, 길이 200m, 폭 3m의 규모라 한다. 주 케이블에 보조 케이블을 매달아 보도 강판을 지탱하는 보강 거더(girder)에 연결했다. 따라서 바람에 흔들리거나 많은 사람들이 건너게 되면 출렁거리도록 제작되었다.증기기관차로 가정역에 도착하면 출발시간까지 30 남짓 여유시간이 주어진다. 이곳에 머무는 이들을 ’추억과 향수’에 젖어들게 하기엔 충분한 시간이다.가정역이 ’아름다운 역’으로 기억될 수 있는 것은 지척에 우리나라 사람들에게 고향의 강으로 여겨지는 섬진강이 흐르고 있어서다. 가정역에 내린 승객들은 강을 가로지르는 출렁다리를 건너가서 자연스럽게 섬진강을 만난다.그리고 강변을 산책하면서 더 가까이서 섬진강 풍경을 감상하게 된다. 따라서 이곳을 처음 찾는 이들에게 가정역은 섬진강과 동의어로 여겨진다. 강을 건너올 때는 사람만 다닐 수 있는 출렁다리를 이용하지만, 다시 가정역으로 건너갈 때는 대개, 아래쪽에 설치된, 사람과 차량이 함께 통행할 수 있는 두계 세월교를 이용한다. 이 다리는 강물이 불으면 물속에 잠기게 되는 잠수교다. 가정역에서 기다리고 있는 증기기관차가 긴 기적소리를 울리면 출발시간이 임박했음을 알리는 신호다.",061-363-6174,전라남도 곡성군청 관광과,2024-08-16,4860000,전라남도 곡성군
전국관광지정보표준데이터,https://www.data.go.kr/data/15021141/standard.do,2024-08-16,place,도림사오토갬핑리조트,관광지,전라남도 곡성군,전라남도 곡성군 곡성읍 도림로 74,35.26209959,127.2668616,"도림사관광단지 내에 위치하고 있는 캠핑장으로 가족단위의 새로운 개념의 숙박시설로캐러밴 4인 4대 / 캐러밴 6인 21대 / 편백하우스 14동 / 캠핑장 40면과 취사장, 샤워장, 화장실 등캠핑에 필요한 시설이 마련되어 있다.",지역 역사·관광 탐방 동화 배경,장소의 특징을 찾아보고 가족 여행 기록 남기기,5-7;8-10,관광;관광지;도림사오토갬핑리조트;도림사관광단지;내에;위치하고;있는;캠핑장으로;가족단위의;새로운;개념의;숙박시설로캐러밴,도림사오토갬핑리조트,관광지,전라남도 곡성군 곡성읍 도림로 74,전라남도 곡성군 곡성읍 구원리 553-3,129188,주차장+안내소,,,,,,2013-06-01,100,51,"도림사관광단지 내에 위치하고 있는 캠핑장으로 가족단위의 새로운 개념의 숙박시설로캐러밴 4인 4대 / 캐러밴 6인 21대 / 편백하우스 14동 / 캠핑장 40면과 취사장, 샤워장, 화장실 등캠핑에 필요한 시설이 마련되어 있다.",061-363-6224,전라남도 곡성군청 관광과,2024-08-16,4860000,전라남도 곡성군
전국관광지정보표준데이터,https://www.data.go.kr/data/15021141/standard.do,2024-08-16,place,청계동솔바람야영장,관광지,전라남도 곡성군,전라남도 곡성군 곡성읍 청계동로 415,35.31107436,127.2623887,"청계동 솔바람 야영장 일원은 섬진강과 인접해 있어 경치가 아름답고 계곡의 물과 주변에 울창한 숲이 우거져 계곡 피서지로는 절정의 인기를 누리는 곳이다.계곡 곳곳에는 자연속의 풀장, 어린이 놀이터, 잔디광장, 의병 체험장, 산책로 등이 조성되어어린이를 동반한 가족 단위 피서객들의 편안한 휴식처이다.",지역 역사·관광 탐방 동화 배경,장소의 특징을 찾아보고 가족 여행 기록 남기기,5-7;8-10,관광;관광지;청계동솔바람야영장;청계동;솔바람;야영장;일원은;섬진강과;인접해;있어;경치가;아름답고,청계동솔바람야영장,관광지,전라남도 곡성군 곡성읍 청계동로 415,전라남도 곡성군 곡성읍 신기리 1061-6,3238,주차장+화장실,,,,,,2017-06-01,80,40,"청계동 솔바람 야영장 일원은 섬진강과 인접해 있어 경치가 아름답고 계곡의 물과 주변에 울창한 숲이 우거져 계곡 피서지로는 절정의 인기를 누리는 곳이다.계곡 곳곳에는 자연속의 풀장, 어린이 놀이터, 잔디광장, 의병 체험장, 산책로 등이 조성되어어린이를 동반한 가족 단위 피서객들의 편안한 휴식처이다.",061-884-7000,전라남도 곡성군청 관광과,2024-08-16,4860000,전라남도 곡성군
전국관광지정보표준데이터,https://www.data.go.kr/data/15021141/standard.do,2024-08-16,place,대황강자연휴식체혐장야영장,관광지,전라남도 곡성군,전라남도 곡성군 석곡면 유정리 37,35.12497878,127.2550756,"저희 대황강 자연휴식체험캠핑장은 여가 및 레저수요에 대응한 수변관광시설을 조성하고 기존 자원과의 연계를 통한 치유의 자연휴식 체험장 조성으로 관광객 증대 및 지역 활성화 도모하고 있습니다. 석곡면은 곡성군의 서남쪽에 위치하며, 동쪽으로는 죽곡면과 목사동면, 서쪽으로는 화순군 북면, 남쪽으로는 순천시 주암면, 북쪽으로는 삼기면과 경계를 이루고 있으며 통명산, 국사봉, 한동산 등이 사방에서 솟아 있으며, 대황강(보성강)이 지역의 남쪽에서 북쪽으로 흐르고 있어서 온수천이 남류하는 유역과 연반천과 당월천이 합류하여 남쪽으로 흐르는 석곡천 유역에 소평야가 조성되어 있어 토질이 비옥하고 수리가 안전합니다.또한 호남고속도로 (석곡 나들목)와 국도 27호선이 서로 연결되어 있어 교통이 편리하며 대황강을 중심으로 목사동면과 경계를 이루고 있어서 대황강 자연휴식체험캠핑장 접근이 용이합니다. 대황강 곳곳에는 자연속의 물놀이장, 어린이 놀이터, 잔디광장, 체험장, 산책로 등이 조성되어 어린이를 동반한 가족 단위 피서객들의 편안한 휴식처가 될 것입니다.가족 및 친구, 연인들과 행복한 추억을 만들 수 있는 이곳 대황강 자연휴식체험캠핑장이 여러분을 기다립니다.",지역 역사·관광 탐방 동화 배경,장소의 특징을 찾아보고 가족 여행 기록 남기기,5-7;8-10,관광;관광지;대황강자연휴식체혐장야영장;저희;대황강;자연휴식체험캠핑장은;여가;및;레저수요에;대응한;수변관광시설을;조성하고,대황강자연휴식체혐장야영장,관광지,,전라남도 곡성군 석곡면 유정리 37,50641,주차장+화장실+샤워실+개수대,,,,,,2021-09-01,500,40,"저희 대황강 자연휴식체험캠핑장은 여가 및 레저수요에 대응한 수변관광시설을 조성하고 기존 자원과의 연계를 통한 치유의 자연휴식 체험장 조성으로 관광객 증대 및 지역 활성화 도모하고 있습니다. 석곡면은 곡성군의 서남쪽에 위치하며, 동쪽으로는 죽곡면과 목사동면, 서쪽으로는 화순군 북면, 남쪽으로는 순천시 주암면, 북쪽으로는 삼기면과 경계를 이루고 있으며 통명산, 국사봉, 한동산 등이 사방에서 솟아 있으며, 대황강(보성강)이 지역의 남쪽에서 북쪽으로 흐르고 있어서 온수천이 남류하는 유역과 연반천과 당월천이 합류하여 남쪽으로 흐르는 석곡천 유역에 소평야가 조성되어 있어 토질이 비옥하고 수리가 안전합니다.또한 호남고속도로 (석곡 나들목)와 국도 27호선이 서로 연결되어 있어 교통이 편리하며 대황강을 중심으로 목사동면과 경계를 이루고 있어서 대황강 자연휴식체험캠핑장 접근이 용이합니다. 대황강 곳곳에는 자연속의 물놀이장, 어린이 놀이터, 잔디광장, 체험장, 산책로 등이 조성되어 어린이를 동반한 가족 단위 피서객들의 편안한 휴식처가 될 것입니다.가족 및 친구, 연인들과 행복한 추억을 만들 수 있는 이곳 대황강 자연휴식체험캠핑장이 여러분을 기다립니다.",061-362-3300,전라남도 곡성군청 관광과,2024-08-16,4860000,전라남도 곡성군
전국관광지정보표준데이터,https://www.data.go.kr/data/15021141/standard.do,2024-08-16,place,청계동계곡,관광지,전라남도 곡성군,전라남도 곡성군 곡성읍 신기리 산 190-1,35.31375081,127.2525557,"곡성읍과 입면 사이로 동악산이 큰 용처럼 달려오다 강줄기를 만나 멈춘 곳이다. 또한 기암괴석으로 이루어진 남원시의 한봉과 순자강을 사이에 두고 서로 손으로 모으고 만나는 듯한 도계(道界)지역으로써 예부터 주변 경관이 빼어나 마치 삼청의 진경을 옮겨 놓은 듯 하다는 명승지이다.여름에는 맑은 물이 계곡 사이로 흐르고, 울창한 소나무 숲이 우거져 시원한 그늘이 많다. 계곡바닥에 깔려있는 바위와 돌들은 매끄럽고 부드러워 앉아서 놀기가 매우 좋다. 4km쯤 되는 긴 계곡으로 주변에 크고 작은 산 골짜기가 수없이 많고 골짜기를 따라 군데군데 작은 폭포들이 있는 아담한 곳이다. 계곡을 오르는 산책길의 경사도는 평지와 같이 완만하여 여름철이면 피서지로 최상의 휴식지이다.청계동 계곡은 도로와 접해 있어 접근이 쉽고, 수량이 풍부하여 물놀이하기에 최고의 조건을 갖추고 있어 여름이면 계곡 피서지로서 절정의 인기를 누린다. 섬진강과 연결되는 계곡 하류 쪽에 넓은 자연풀장이 형성되어 있어 어린이를 동반한 가족피서지로도 각광을 받고 있다. 청계동 입구에서부터 소나무사이로 난오솔길을 따라가다 보면, 무수한 계곡 쉼터를 발견할 수 있고 약 2km 거리에 청계폭포가 있다.이 곳은 임진왜란시 금산전투에 참가하여 장렬하게 전사한 최초의 의병장 청계 양대박 장군이, 왜군에게 동래성이 함락 당했다는 비보를 접하고, 즉시 낙향하여 의병을 모아 이 계곡에 진을 치고 군사를 조련했다고 하여 그의 호를 따서 청계동이라 부르게 되었다고 한다. 그래서인지 청계동 계곡에서 만나는 풍경마다엔 양대박 장군의 호연지기가 서려있는 듯하다.",지역 역사·관광 탐방 동화 배경,장소의 특징을 찾아보고 가족 여행 기록 남기기,5-7;8-10,관광;관광지;청계동계곡;곡성읍과;입면;사이로;동악산이;큰;용처럼;달려오다;강줄기를;만나,청계동계곡,관광지,,전라남도 곡성군 곡성읍 신기리 산 190-1,4656,주차장+화장실,,,,,,2021-09-01,1000,50,"곡성읍과 입면 사이로 동악산이 큰 용처럼 달려오다 강줄기를 만나 멈춘 곳이다. 또한 기암괴석으로 이루어진 남원시의 한봉과 순자강을 사이에 두고 서로 손으로 모으고 만나는 듯한 도계(道界)지역으로써 예부터 주변 경관이 빼어나 마치 삼청의 진경을 옮겨 놓은 듯 하다는 명승지이다.여름에는 맑은 물이 계곡 사이로 흐르고, 울창한 소나무 숲이 우거져 시원한 그늘이 많다. 계곡바닥에 깔려있는 바위와 돌들은 매끄럽고 부드러워 앉아서 놀기가 매우 좋다. 4km쯤 되는 긴 계곡으로 주변에 크고 작은 산 골짜기가 수없이 많고 골짜기를 따라 군데군데 작은 폭포들이 있는 아담한 곳이다. 계곡을 오르는 산책길의 경사도는 평지와 같이 완만하여 여름철이면 피서지로 최상의 휴식지이다.청계동 계곡은 도로와 접해 있어 접근이 쉽고, 수량이 풍부하여 물놀이하기에 최고의 조건을 갖추고 있어 여름이면 계곡 피서지로서 절정의 인기를 누린다. 섬진강과 연결되는 계곡 하류 쪽에 넓은 자연풀장이 형성되어 있어 어린이를 동반한 가족피서지로도 각광을 받고 있다. 청계동 입구에서부터 소나무사이로 난오솔길을 따라가다 보면, 무수한 계곡 쉼터를 발견할 수 있고 약 2km 거리에 청계폭포가 있다.이 곳은 임진왜란시 금산전투에 참가하여 장렬하게 전사한 최초의 의병장 청계 양대박 장군이, 왜군에게 동래성이 함락 당했다는 비보를 접하고, 즉시 낙향하여 의병을 모아 이 계곡에 진을 치고 군사를 조련했다고 하여 그의 호를 따서 청계동이라 부르게 되었다고 한다. 그래서인지 청계동 계곡에서 만나는 풍경마다엔 양대박 장군의 호연지기가 서려있는 듯하다.",061-360-8511,전라남도 곡성군청 관광과,2024-08-16,4860000,전라남도 곡성군
전국관광지정보표준데이터,https://www.data.go.kr/data/15021141/standard.do,2022-12-01,place,삽교호관광지,관광지,충청남도 당진시,충청남도 당진시 신평면 삽교천3길 100,36.88890544,126.8247541,"서해대교를 비롯, 호수와 바다가 한눈에 들어오는 곳",지역 역사·관광 탐방 동화 배경,장소의 특징을 찾아보고 가족 여행 기록 남기기,5-7;8-10,관광;관광지;삽교호관광지;서해대교를;비롯;호수와;바다가;한눈에;들어오는;곳,삽교호관광지,관광지,충청남도 당진시 신평면 삽교천3길 100,,240154,공중화장실+테마과학관+근린공원,,,,,,1983-10-10,500000,728,"서해대교를 비롯, 호수와 바다가 한눈에 들어오는 곳",041-350-3601,충청남도 당진시청,2022-12-01,5680000,충청남도 당진시
전국관광지정보표준데이터,https://www.data.go.kr/data/15021141/standard.do,2022-12-01,place,왜목마을관광지,관광지,충청남도 당진시,충청남도 당진시 석문면 왜목길 15-5,37.04493276,126.5246154,"서해 최고의 일출, 일몰 감상지",지역 역사·관광 탐방 동화 배경,장소의 특징을 찾아보고 가족 여행 기록 남기기,5-7;8-10,관광;관광지;왜목마을관광지;서해;최고의;일출;일몰;감상지,왜목마을관광지,관광지,충청남도 당진시 석문면 왜목길 15-5,,133876,공중화장실+공연장+전망대,,,,,,2002-02-26,300000,150,"서해 최고의 일출, 일몰 감상지",041-350-3601,충청남도 당진시청,2022-12-01,5680000,충청남도 당진시
전국관광지정보표준데이터,https://www.data.go.kr/data/15021141/standard.do,2025-08-05,place,청도레일바이크,관광지,경상북도 청도군,경상북도 청도군 청도읍 하지길 46-51,35.58811543,128.7661723,청도천변 주변으로 폐선된 옛 철길을 테마로 왕복 5km의 레일바이크를 체험할 수 있다. 자동화시스템을 이용해 오르막도 편하게 오를 수 있다.,지역 역사·관광 탐방 동화 배경,장소의 특징을 찾아보고 가족 여행 기록 남기기,5-7;8-10,관광;관광지;청도레일바이크;청도천변;주변으로;폐선된;옛;철길을;테마로;왕복;5km의;레일바이크를,청도레일바이크,관광지,경상북도 청도군 청도읍 하지길 46-51,경상북도 청도군 청도읍 유호리 701,99800,화장실+공원,,종합유원시설,,,,2016-07-01,400,100,청도천변 주변으로 폐선된 옛 철길을 테마로 왕복 5km의 레일바이크를 체험할 수 있다. 자동화시스템을 이용해 오르막도 편하게 오를 수 있다.,054-373-2426,경상북도 청도군청,2025-08-05,5190000,경상북도 청도군
전국관광지정보표준데이터,https://www.data.go.kr/data/15021141/standard.do,2025-08-05,place,청도자전거공원,관광지,경상북도 청도군,경상북도 청도군 청도읍 하지길 46-51,35.5881145,128.7661742,청도레일바이크 옆에 조성된 공원으로 군내 최대 규모의 자전거공원이다. MTB지원센터에서 자전거를 대여해 체험을 즐길 수 있어 초봅자 부터 마니아까지 많이 찾는 곳이다.,지역 역사·관광 탐방 동화 배경,장소의 특징을 찾아보고 가족 여행 기록 남기기,5-7;8-10,관광;관광지;청도자전거공원;청도레일바이크;옆에;조성된;공원으로;군내;최대;규모의;자전거공원이다.;MTB지원센터에서,청도자전거공원,관광지,경상북도 청도군 청도읍 하지길 46-51,경상북도 청도군 청도읍 유호리 39-15,32788,화장실+공원,,종합유원시설,,,,2017-05-31,100,50,청도레일바이크 옆에 조성된 공원으로 군내 최대 규모의 자전거공원이다. MTB지원센터에서 자전거를 대여해 체험을 즐길 수 있어 초봅자 부터 마니아까지 많이 찾는 곳이다.,054-373-2425,경상북도 청도군청,2025-08-05,5190000,경상북도 청도군
전국관광지정보표준데이터,https://www.data.go.kr/data/15021141/standard.do,2025-08-05,place,청도신화랑풍류마을,관광지,경상북도 청도군,경상북도 청도군 운문면 신화랑길 1,35.71750257,128.9207343,"화랑의 세속오계 정신을 연출한 체험형 복합관광단지로 화랑정신발상지기념관, 대강상, 명상실, 국궁장, 스카이트레일, 짚라인, 콘도, 카라반 등의 시설을 갖췄다.",지역 역사·관광 탐방 동화 배경,장소의 특징을 찾아보고 가족 여행 기록 남기기,5-7;8-10,관광;관광지;청도신화랑풍류마을;화랑의;세속오계;정신을;연출한;체험형;복합관광단지로;화랑정신발상지기념관;대강상;명상실,청도신화랑풍류마을,관광지,경상북도 청도군 운문면 신화랑길 1,경상북도 청도군 운문면 방지리 74,291067,주차장+화장실,,,산림휴양시설,대강당+세미나실+연회장+교육실,,2012-07-23,200,219,"화랑의 세속오계 정신을 연출한 체험형 복합관광단지로 화랑정신발상지기념관, 대강상, 명상실, 국궁장, 스카이트레일, 짚라인, 콘도, 카라반 등의 시설을 갖췄다.",054-370-7300,청도우리정신문화재단,2025-08-05,5190000,경상북도 청도군
전국관광지정보표준데이터,https://www.data.go.kr/data/15021141/standard.do,2025-08-05,place,새마을운동발상지기념공원,관광지,경상북도 청도군,경상북도 청도군 청도읍 새마을1길 34,35.60012971,128.7661487,"새마을운동의 발상지인 신도리에 건립되었따. 새마을운동의 탄생배경, 과정 등을 알 수 있는 전시실이 있고 숙박시설, 신거역, 대통령 전용열차 등 70~80시대를 실감나게 재현해 놨다.",지역 역사·관광 탐방 동화 배경,장소의 특징을 찾아보고 가족 여행 기록 남기기,5-7;8-10,관광;관광지;새마을운동발상지기념공원;새마을운동의;발상지인;신도리에;건립되었따.;탄생배경;과정;등을;알;수,새마을운동발상지기념공원,관광지,경상북도 청도군 청도읍 새마을1길 34,경상북도 청도군 청도읍 신도리 18-2,136473,기념관+공원+주차장+화장실,,,박물관,,,2019-04-14,200,100,"새마을운동의 발상지인 신도리에 건립되었따. 새마을운동의 탄생배경, 과정 등을 알 수 있는 전시실이 있고 숙박시설, 신거역, 대통령 전용열차 등 70~80시대를 실감나게 재현해 놨다.",054-372-5500,청도우리정신문화재단,2025-08-05,5190000,경상북도 청도군
전국관광지정보표준데이터,https://www.data.go.kr/data/15021141/standard.do,2025-08-05,place,청도소싸움경기장,관광지,경상북도 청도군,경상북도 청도군 화양읍 남성현로 348,35.6867346,128.7251449,세계 최초 돔형식(개폐식) 소싸움경기장으로 전통 민속문화인 소싸움을 매주 주말 11시부터 경기를 관전할 수 있다.,지역 역사·관광 탐방 동화 배경,장소의 특징을 찾아보고 가족 여행 기록 남기기,5-7;8-10,관광;관광지;청도소싸움경기장;세계;최초;돔형식(개폐식);소싸움경기장으로;전통;민속문화인;소싸움을;매주;주말,청도소싸움경기장,관광지,경상북도 청도군 화양읍 남성현로 348,경상북도 청도군 화양읍 삼신리 693-2,2116,의무실+수유실+식당+초보고객안내실+종합안내소,,소싸움경기장,,,,2011-09-03,10000,850,세계 최초 돔형식(개폐식) 소싸움경기장으로 전통 민속문화인 소싸움을 매주 주말 11시부터 경기를 관전할 수 있다.,054-370-7500,청도공영사업공사,2025-08-05,5190000,경상북도 청도군
전국관광지정보표준데이터,https://www.data.go.kr/data/15021141/standard.do,2025-08-05,place,와인터널,관광지,경상북도 청도군,경상북도 청도군 화양읍 송금길 100,35.71513567,128.7205341,"대한제국 말기 완공되어 용도없이 방치되어온 터널을 정비하여 감와인 숙성저장고로 활용하고 있다. 터널 내부 온도는 섭씨 13~15도를 유지하고 있어 여름에는 피서용, 겨울에는 피한용으로 제격이다.",지역 역사·관광 탐방 동화 배경,장소의 특징을 찾아보고 가족 여행 기록 남기기,5-7;8-10,관광;관광지;와인터널;대한제국;말기;완공되어;용도없이;방치되어온;터널을;정비하여;감와인;숙성저장고로,와인터널,관광지,경상북도 청도군 화양읍 송금길 100,경상북도 청도군 화양읍 송금리 산 122,8001,화장실,,,동굴자원,,,2005-05-23,500,100,"대한제국 말기 완공되어 용도없이 방치되어온 터널을 정비하여 감와인 숙성저장고로 활용하고 있다. 터널 내부 온도는 섭씨 13~15도를 유지하고 있어 여름에는 피서용, 겨울에는 피한용으로 제격이다.",054-371-1904,청도감와인㈜,2025-08-05,5190000,경상북도 청도군
전국관광지정보표준데이터,https://www.data.go.kr/data/15021141/standard.do,2024-08-29,place,진하해수욕장,관광지,울산광역시 울주군,울산광역시 울주군 서생면 진하해변길 77,35.38384823,129.3460154,수심이 얕고 파도가 잔잔하여 가족단위 해수욕에 알맞은 울산의 대표적 해수욕장,지역 역사·관광 탐방 동화 배경,장소의 특징을 찾아보고 가족 여행 기록 남기기,5-7;8-10,관광;관광지;진하해수욕장;수심이;얕고;파도가;잔잔하여;가족단위;해수욕에;알맞은;울산의;대표적,진하해수욕장,관광지,울산광역시 울주군 서생면 진하해변길 77,울산광역시 울주군 서생면 진하리 307-2,44000,샤워실+화장실,펜션+호텔,산책로+해양스포츠,카페+식당,,진하행정봉사실,2016-03-21,50000,405,수심이 얕고 파도가 잔잔하여 가족단위 해수욕에 알맞은 울산의 대표적 해수욕장,052-204-0352,울산광역시 울주군청,2024-08-29,3730000,울산광역시 울주군
전국관광지정보표준데이터,https://www.data.go.kr/data/15021141/standard.do,2024-08-29,place,영남알프스 복합웰컴센터,관광지,울산광역시 울주군,울산광역시 울주군 상북면 알프스온천5길 103-8,35.55645417,129.0679842,"울주 서쪽에 자리하고 있는 1,000m높이의 산들이 유럽 알프스와 견주어도 손색이 없어 많은 등산객들이 방문하고 있음",지역 역사·관광 탐방 동화 배경,장소의 특징을 찾아보고 가족 여행 기록 남기기,5-7;8-10,관광;관광지;영남알프스;복합웰컴센터;울주;서쪽에;자리하고;있는;1;000m높이의;산들이;유럽,영남알프스 복합웰컴센터,관광지,울산광역시 울주군 상북면 알프스온천5길 103-8,울산광역시 울주군 상북면 등억알프스리 515-4,103604,샤워실+화장실+주차장,모텔+리조트+캠핑장,영화관+클라이밍센터+번개맨체험관+VR체험존,영화관+카페,,영남알프스복합웰컴센터,2016-03-21,10000,600,"울주 서쪽에 자리하고 있는 1,000m높이의 산들이 유럽 알프스와 견주어도 손색이 없어 많은 등산객들이 방문하고 있음",052-204-2931,울산광역시 울주군청,2024-08-29,3730000,울산광역시 울주군
전국관광지정보표준데이터,https://www.data.go.kr/data/15021141/standard.do,2024-08-29,place,외고산옹기마을,관광지,울산광역시 울주군,울산광역시 울주군 온양읍 외고산 3길 36,35.435094,129.2795067,전국 최대 규모의 옹기 집성촌으로 옹기를 만드는 공방과 전통 옹기 가마를 볼 수 있다.,지역 역사·관광 탐방 동화 배경,장소의 특징을 찾아보고 가족 여행 기록 남기기,5-7;8-10,관광;관광지;외고산옹기마을;전국;최대;규모의;옹기;집성촌으로;옹기를;만드는;공방과;전통,외고산옹기마을,관광지,울산광역시 울주군 온양읍 외고산 3길 36,울산광역시 울주군 온양읍 고산리 501-18,174580,화장실+안내소,,산책로+어린이 놀이터,옹기박물관+민속박물관+옹기아카데미관+발효아카데미관,,,2016-03-21,500000,500,전국 최대 규모의 옹기 집성촌으로 옹기를 만드는 공방과 전통 옹기 가마를 볼 수 있다.,052-204-0334,울산광역시 울주군청,2024-08-29,3730000,울산광역시 울주군
전국관광지정보표준데이터,https://www.data.go.kr/data/15021141/standard.do,2024-08-29,place,울주 대곡리 반구대 암각화,관광지,울산광역시 울주군,울산광역시 울주군 언양읍 반구대안길 285,35.60863087,129.172957,"태화강의 한 지류인 대곡천의 너비 10m, 높이 3m바위에 새겨진 그림으로 신석기 시대부터 여러시대에 걸쳐 제작된 것으로 보인다. 국보 285호",지역 역사·관광 탐방 동화 배경,장소의 특징을 찾아보고 가족 여행 기록 남기기,5-7;8-10,관광;관광지;울주;대곡리;반구대;암각화;태화강의;한;지류인;대곡천의;너비;10m,울주 대곡리 반구대 암각화,관광지,울산광역시 울주군 언양읍 반구대안길 285,울산광역시 울주군 언양읍 대곡리 991,117937,암각화박물관+주차장,반구대 팜스테이,산책로,반구대 팜스테이,,관광안내소,2016-03-21,50000,200,"태화강의 한 지류인 대곡천의 너비 10m, 높이 3m바위에 새겨진 그림으로 신석기 시대부터 여러시대에 걸쳐 제작된 것으로 보인다. 국보 285호",052-204-0323,울산광역시 울주군청,2024-08-29,3730000,울산광역시 울주군
전국관광지정보표준데이터,https://www.data.go.kr/data/15021141/standard.do,2025-08-04,place,노무현대통령생가,관광지,경상남도 김해시,경상남도 김해시 진영읍 봉하로129,35.31448783,128.7712136,"故 노무현 대통령이 1946년 9월 1일 태어나 8살까지 살았던 집, 전통적인 초가집 형태로 본채에 방 2칸과 부엌, 아래채에 헛간과 옛날식 화장실이 있다",지역 역사·관광 탐방 동화 배경,장소의 특징을 찾아보고 가족 여행 기록 남기기,5-7;8-10,관광;관광지;노무현대통령생가;故;노무현;대통령이;1946년;9월;1일;태어나;8살까지;살았던,노무현대통령생가,관광지,경상남도 김해시 진영읍 봉하로129,경상남도 김해시 진영읍 본산리 30,305,화장실+주차장+카페테리아,,,,,,2009-09-01,5000,240,"故 노무현 대통령이 1946년 9월 1일 태어나 8살까지 살았던 집, 전통적인 초가집 형태로 본채에 방 2칸과 부엌, 아래채에 헛간과 옛날식 화장실이 있다",055-330-3241,경상남도 김해시청,2025-08-04,5350000,경상남도 김해시
전국관광지정보표준데이터,https://www.data.go.kr/data/15021141/standard.do,2025-08-04,place,김해수로왕릉,관광지,경상남도 김해시,경상남도 김해시 왕릉길 26(서상동),35.23487875,128.8772054,가락국의 시조인 김수로왕의 릉으로 김해의 상징적인 문화유적이다,지역 역사·관광 탐방 동화 배경,장소의 특징을 찾아보고 가족 여행 기록 남기기,5-7;8-10,관광;관광지;김해수로왕릉;가락국의;시조인;김수로왕의;릉으로;김해의;상징적인;문화유적이다,김해수로왕릉,관광지,경상남도 김해시 왕릉길 26(서상동),경상남도 김해시 서상동 312,49488,화장실+주차장+안내소,,,,,,1963-01-21,5000,38,가락국의 시조인 김수로왕의 릉으로 김해의 상징적인 문화유적이다,055-330-0891,경상남도 김해시청,2025-08-04,5350000,경상남도 김해시
전국관광지정보표준데이터,https://www.data.go.kr/data/15021141/standard.do,2025-12-05,place,대천해수욕장,관광지,충청남도 보령시,충청남도 보령시 머드로 123,36.31554012,126.5108563,대천해수욕장은 젊음과 낭만+안락함과 자연미가 함께 어우러져 있는 곳이다. 젊은 연인들에게는 추억 만들기의 장소로서 또 가족 단위의 휴식처로서 해양스포츠의 메카로서 제반 요건을 충분히 갖추고 있다.,지역 역사·관광 탐방 동화 배경,장소의 특징을 찾아보고 가족 여행 기록 남기기,5-7;8-10,관광;관광지;대천해수욕장;대천해수욕장은;젊음과;낭만+안락함과;자연미가;함께;어우러져;있는;곳이다.;젊은,대천해수욕장,관광지,충청남도 보령시 머드로 123,충청남도 보령시 신흑동 2267-3,350000,화장실+샤워장+급수대+관광안내소+주차장+야영장,,,,,,2021-07-06,96200,3209,대천해수욕장은 젊음과 낭만+안락함과 자연미가 함께 어우러져 있는 곳이다. 젊은 연인들에게는 추억 만들기의 장소로서 또 가족 단위의 휴식처로서 해양스포츠의 메카로서 제반 요건을 충분히 갖추고 있다.,041-930-6810,충청남도 보령시청 해수욕장경영과,2025-12-05,4510000,충청남도 보령시
전국관광지정보표준데이터,https://www.data.go.kr/data/15021141/standard.do,2025-12-05,place,무창포해수욕장,관광지,충청남도 보령시,충청남도 보령시 웅천읍 열린바다1길 10,36.24457737,126.5365426,1928년 서해안에서 최초로 개장된 해수욕장으로 백사장 길이 1.5km 수심 1 ~ 2m+백사장 50m+수온 섭씨 22도+경사도 4도의 해수욕장으로 주변에는 송림이 울창하여 해수욕과 산림욕을 함께 즐길 수가 있다.,지역 역사·관광 탐방 동화 배경,장소의 특징을 찾아보고 가족 여행 기록 남기기,5-7;8-10,관광;관광지;무창포해수욕장;1928년;서해안에서;최초로;개장된;해수욕장으로;백사장;길이;1.5km;수심,무창포해수욕장,관광지,충청남도 보령시 웅천읍 열린바다1길 10,충청남도 보령시 웅천읍 관당리 799-1,150000,화장실+샤워장+급수대+관광안내소+주차장+야영장,,,,,,2021-07-06,16300,647,1928년 서해안에서 최초로 개장된 해수욕장으로 백사장 길이 1.5km 수심 1 ~ 2m+백사장 50m+수온 섭씨 22도+경사도 4도의 해수욕장으로 주변에는 송림이 울창하여 해수욕과 산림욕을 함께 즐길 수가 있다.,041-930-6802,충청남도 보령시청 해수욕장경영과,2025-12-05,4510000,충청남도 보령시
전국관광지정보표준데이터,https://www.data.go.kr/data/15021141/standard.do,2025-12-02,place,온달관광지,관광지,충청북도 단양군,충청북도 단양군 영춘면 온달로 23,37.06295564,128.4929221,온달 전시관+온달산성+온달 동굴 등 명승지를 모아놓은 곳입니다,지역 역사·관광 탐방 동화 배경,장소의 특징을 찾아보고 가족 여행 기록 남기기,5-7;8-10,관광;관광지;온달관광지;온달;전시관+온달산성+온달;동굴;등;명승지를;모아놓은;곳입니다,온달관광지,관광지,충청북도 단양군 영춘면 온달로 23,충청북도 단양군 영춘면 하리 147,97567,화장실+주차장,,드라마세트장+온달동굴,온달전시관,,,1994-09-06,2000,265,온달 전시관+온달산성+온달 동굴 등 명승지를 모아놓은 곳입니다,043-423-8820,단양관광공사,2025-12-02,4480000,충청북도 단양군
전국관광지정보표준데이터,https://www.data.go.kr/data/15021141/standard.do,2025-12-02,place,천동관광지,관광지,충청북도 단양군,충청북도 단양군 단양읍 다리안로 520,36.97401141,128.4165952,물놀이장+캠핑장+천동동굴이 있습니다,지역 역사·관광 탐방 동화 배경,장소의 특징을 찾아보고 가족 여행 기록 남기기,5-7;8-10,관광;관광지;천동관광지;물놀이장+캠핑장+천동동굴이;있습니다,천동관광지,관광지,충청북도 단양군 단양읍 다리안로 520,충청북도 단양군 단양읍 천동리 201,26594,화장실+주차장,야영장,물놀이장+천동동굴,,,,1984-11-28,2000,80,물놀이장+캠핑장+천동동굴이 있습니다,043-423-3589,단양관광공사,2025-12-02,4480000,충청북도 단양군
전국관광지정보표준데이터,https://www.data.go.kr/data/15021141/standard.do,2025-08-05,place,프로방스 포토랜드,관광지,경상북도 청도군,경상북도 청도군 화양읍 이슬미로 272-28,35.68397476,128.7187441,프랑스의 정감 있는 프로방스마을을 그래도 재현했다. 밤이되면 1000만여개의 화려한 조명과 자신만의 감각을 살려 사진을 찍을 수 있는 셀프스튜디오가 있다.,지역 역사·관광 탐방 동화 배경,장소의 특징을 찾아보고 가족 여행 기록 남기기,5-7;8-10,관광;관광지;프로방스;포토랜드;프랑스의;정감;있는;프로방스마을을;그래도;재현했다.;밤이되면;1000만여개의,프로방스 포토랜드,관광지,경상북도 청도군 화양읍 이슬미로 272-28,경상북도 청도군 화양읍 삼신리 879,74682,주차장+화장실,,종합유원시설,,,,2012-01-01,1500,300,프랑스의 정감 있는 프로방스마을을 그래도 재현했다. 밤이되면 1000만여개의 화려한 조명과 자신만의 감각을 살려 사진을 찍을 수 있는 셀프스튜디오가 있다.,054-372-5050,(주)용암온천관광호텔 프로방스점,2025-08-05,5190000,경상북도 청도군
전국관광지정보표준데이터,https://www.data.go.kr/data/15021141/standard.do,2025-08-04,place,김해가야테마파크,관광지,경상남도 김해시,경상남도 김해시 가야테마길 161,35.25163508,128.8937494,"가야의 역사를 놀이, 체험, 전시를 통해 보고 듣고 느낄 수 있는 오감 체험형 테마파크",지역 역사·관광 탐방 동화 배경,장소의 특징을 찾아보고 가족 여행 기록 남기기,5-7;8-10,관광;관광지;김해가야테마파크;가야의;역사를;놀이;체험;전시를;통해;보고;듣고;느낄,김해가야테마파크,관광지,경상남도 김해시 가야테마길 161,경상남도 김해시 어방동 986,165078,일반음식점+화장실+공연장+주차장,카라반 캠핑장,가야무사어드벤처+익사이팅 사이클+익사이팅 타워,철광산공연장,,,2015-05-21,5000,281,"가야의 역사를 놀이, 체험, 전시를 통해 보고 듣고 느낄 수 있는 오감 체험형 테마파크",055-330-3241,경상남도 김해시청,2025-08-04,5350000,경상남도 김해시
전국관광지정보표준데이터,https://www.data.go.kr/data/15021141/standard.do,2025-08-04,place,김해낙동강레일파크,관광지,경상남도 김해시,경상남도 김해시 생림면 마사로473번길 41,35.37177644,128.8208387,"밀양시 삼랑진역과 광주시 광주송정역을 잇는 경전선으로 레일바이크, 와인동굴, 열차카페, 철교 전망대를 조성",지역 역사·관광 탐방 동화 배경,장소의 특징을 찾아보고 가족 여행 기록 남기기,5-7;8-10,관광;관광지;김해낙동강레일파크;밀양시;삼랑진역과;광주시;광주송정역을;잇는;경전선으로;레일바이크;와인동굴;열차카페,김해낙동강레일파크,관광지,경상남도 김해시 생림면 마사로473번길 41,경상남도 김해시 생림면 마사리 654-4,313.87,전망대+열차카페+주차장+화장실,,낙동강레일바이크,와인동굴+철교전망대,열차카페,,2016-04-22,1000,210,"밀양시 삼랑진역과 광주시 광주송정역을 잇는 경전선으로 레일바이크, 와인동굴, 열차카페, 철교 전망대를 조성",055-330-3241,경상남도 김해시청,2025-08-04,5350000,경상남도 김해시
전국관광지정보표준데이터,https://www.data.go.kr/data/15021141/standard.do,2025-06-25,place,척산온천,관광지,강원특별자치도 속초시,강원특별자치도 속초시 관광로 327,38.19020313,128.5407019,"1971년 설립된 온천장으로 지하 4,000km 심도에서 발생한 온천수를 이용하며 설악산과 근접한 위치에 자리잡고 있다.",지역 역사·관광 탐방 동화 배경,장소의 특징을 찾아보고 가족 여행 기록 남기기,5-7;8-10,관광;관광지;척산온천;1971년;설립된;온천장으로;지하;4;000km;심도에서;발생한;온천수를,척산온천,관광지,강원특별자치도 속초시 관광로 327,강원특별자치도 속초시 노학동 972-1,154743,도로+주차장,호텔+아쿠아훼미리호텔+온천호텔+채플+pool빌라,,설악예방의학센터+월드스파+푸드코드+키즈캠프+레스토랑/카페동,,,2009-05-20,1100,350,"1971년 설립된 온천장으로 지하 4,000km 심도에서 발생한 온천수를 이용하며 설악산과 근접한 위치에 자리잡고 있다.",033-639-2544,강원특별자치도 속초시청,2025-06-25,4231000,강원특별자치도 속초시
전국관광지정보표준데이터,https://www.data.go.kr/data/15021141/standard.do,2025-06-25,place,설악한화리조트,관광단지,강원특별자치도 속초시,강원특별자치도 속초시 미시령로 2983번길 111,38.21030036,128.5287214,"천연 온천수를 이용한 온천시설과 물놀이 시설을 갖춘 종합 테마파크이며, 설악 워터피아 등 다양한 부대시설은 완비하고 있다.",지역 역사·관광 탐방 동화 배경,장소의 특징을 찾아보고 가족 여행 기록 남기기,5-7;8-10,관광;관광단지;설악한화리조트;천연;온천수를;이용한;온천시설과;물놀이;시설을;갖춘;종합;테마파크이며,설악한화리조트,관광단지,강원특별자치도 속초시 미시령로 2983번길 111,강원특별자치도 속초시 장사동 24-1,1332578,주차장+배수지+변전소+도로,휴양콘도미니엄4,플라잉폭스+골프장,온천장+레이크가든,,,2010-10-08,10000,2000,"천연 온천수를 이용한 온천시설과 물놀이 시설을 갖춘 종합 테마파크이며, 설악 워터피아 등 다양한 부대시설은 완비하고 있다.",033-639-2544,강원특별자치도 속초시청,2025-06-25,4231000,강원특별자치도 속초시
전국관광지정보표준데이터,https://www.data.go.kr/data/15021141/standard.do,2025-06-23,place,은평역사한옥박물관,관광지,서울특별시 은평구,서울특별시 은평구 연서로50길 8,37.6403324561,126.9380102120,은평구의 문화유산과 한옥의 전통을 소개하는 박물관,지역 역사·관광 탐방 동화 배경,장소의 특징을 찾아보고 가족 여행 기록 남기기,5-7;8-10,관광;관광지;은평역사한옥박물관;은평구의;문화유산과;한옥의;전통을;소개하는;박물관,은평역사한옥박물관,관광지,서울특별시 은평구 연서로50길 8,서울특별시 은평구 진관동 135-5,6530,"장난감도서관, 휴게실, 화장실 등",없음,없음,"은평역사실, 한옥전시실",매표소(안내),,2014-10-07,300,26,은평구의 문화유산과 한옥의 전통을 소개하는 박물관,02-351-8525,서울특별시 은평구청,2025-06-23,3110000,서울특별시 은평구
전국관광지정보표준데이터,https://www.data.go.kr/data/15021141/standard.do,2025-06-23,place,금성당,관광지,서울특별시 은평구,서울특별시 은평구 진관2로 57-23,37.6351354710,126.9253799732,세종대왕 6째 아들 금성대군을 모신 당,지역 역사·관광 탐방 동화 배경,장소의 특징을 찾아보고 가족 여행 기록 남기기,5-7;8-10,관광;관광지;금성당;세종대왕;6째;아들;금성대군을;모신;당,금성당,관광지,서울특별시 은평구 진관2로 57-23,서울특별시 은평구 진관동 175-836,2684,화장실,없음,없음,,,,2008-07-22,50,0,세종대왕 6째 아들 금성대군을 모신 당,02-388-6522,서울특별시 은평구청,2025-06-23,3110000,서울특별시 은평구
전국관광지정보표준데이터,https://www.data.go.kr/data/15021141/standard.do,2025-06-24,place,우장춘기념관,관광지,부산광역시 동래구,부산광역시 동래구 우장춘로62번길 7(온천동),35.213515,129.0720181,씨 없는 수박으로 우리 모두에게 잘 알려진 세계적 육종학자인 故우장춘박사의 탄생 1백주년을 맞아 그의 생전 연구 활동 유적지,지역 역사·관광 탐방 동화 배경,장소의 특징을 찾아보고 가족 여행 기록 남기기,5-7;8-10,관광;관광지;우장춘기념관;씨;없는;수박으로;우리;모두에게;잘;알려진;세계적;육종학자인,우장춘기념관,관광지,부산광역시 동래구 우장춘로62번길 7(온천동),부산광역시 동래구 온천동 850-48,1241,화장실,,,,,,1999-10-21,100,2,씨 없는 수박으로 우리 모두에게 잘 알려진 세계적 육종학자인 故우장춘박사의 탄생 1백주년을 맞아 그의 생전 연구 활동 유적지,051-550-6602,동래구 문화시설사업소,2025-06-24,3300000,부산광역시 동래구
전국관광지정보표준데이터,https://www.data.go.kr/data/15021141/standard.do,2025-06-24,place,장영실과학동산,관광지,부산광역시 동래구,부산광역시 동래구 동래역사관길 18(복천동),35.20916308,129.0896688,"동래출신 조선시대 세종당시 최고의 과학자인 장영실이 만든 세계최고의 옛 천문의기 18종 19점을 동래읍성북문광장 1,177㎡에 시비 5억을 투입하여 2009. 6. 16.부터 2009.10.15.까지 4개월에 걸쳐 사업을 완료하였다.",지역 역사·관광 탐방 동화 배경,장소의 특징을 찾아보고 가족 여행 기록 남기기,5-7;8-10,관광;관광지;장영실과학동산;동래출신;조선시대;세종당시;최고의;과학자인;장영실이;만든;세계최고의;옛,장영실과학동산,관광지,부산광역시 동래구 동래역사관길 18(복천동),부산광역시 동래구 복천동 1-2,1177,화장실(2동),,,,,,2009-10-15,10000,50,"동래출신 조선시대 세종당시 최고의 과학자인 장영실이 만든 세계최고의 옛 천문의기 18종 19점을 동래읍성북문광장 1,177㎡에 시비 5억을 투입하여 2009. 6. 16.부터 2009.10.15.까지 4개월에 걸쳐 사업을 완료하였다.",051-550-6604,동래구 문화시설사업소,2025-06-24,3300000,부산광역시 동래구
전국관광지정보표준데이터,https://www.data.go.kr/data/15021141/standard.do,2025-06-24,place,박차정의사생가,관광지,부산광역시 동래구,부산광역시 동래구 명륜로 98번길 129-10(칠산동),35.20169645,129.090397,"박차정의사 생가 복원사업은 항일독립운동가이자 한국여성해방운동의 선구자인 박차정의사의 남편 김원봉(임시정부국무위원, 북한노동상, 국가검열상)의 사회주의적 성향으로 군사정부시절 대우를 받지 못하다가 1995년 광복 40주년에 문민정부로부터 “대한민국 건국훈장 독립장”을 추서받은 지 10년만인 2005년 7월 8일 완공하였다.",지역 역사·관광 탐방 동화 배경,장소의 특징을 찾아보고 가족 여행 기록 남기기,5-7;8-10,관광;관광지;박차정의사생가;박차정의사;생가;복원사업은;항일독립운동가이자;한국여성해방운동의;선구자인;박차정의사의;남편;김원봉(임시정부국무위원,박차정의사생가,관광지,부산광역시 동래구 명륜로 98번길 129-10(칠산동),부산광역시 동래구 칠산동 319-1,379,화장실,,,,,,2005-07-08,50,0,"박차정의사 생가 복원사업은 항일독립운동가이자 한국여성해방운동의 선구자인 박차정의사의 남편 김원봉(임시정부국무위원, 북한노동상, 국가검열상)의 사회주의적 성향으로 군사정부시절 대우를 받지 못하다가 1995년 광복 40주년에 문민정부로부터 “대한민국 건국훈장 독립장”을 추서받은 지 10년만인 2005년 7월 8일 완공하였다.",051-860-7880,동래구 문화시설사업소,2025-06-24,3300000,부산광역시 동래구
전국관광지정보표준데이터,https://www.data.go.kr/data/15021141/standard.do,2025-06-24,place,금강공원,관광지,부산광역시 동래구,부산광역시 동래구 우장춘로 155 (온천동),35.21962513,129.075758,"울창한 숲과 기암절벽, 골짜기 마다 흐르는 맑은 시냇물 등이 신선경에 들어선 느낌을 주며, 봄철부터 겨울철에 이르기까지 인적이 끊이지 않는 근린공원으로서 남녀노소 누구나가 즐길 수 있는 휴식처로 사랑을 받고 있다",지역 역사·관광 탐방 동화 배경,장소의 특징을 찾아보고 가족 여행 기록 남기기,5-7;8-10,관광;관광지;금강공원;울창한;숲과;기암절벽;골짜기;마다;흐르는;맑은;시냇물;등이,금강공원,관광지,부산광역시 동래구 우장춘로 155 (온천동),부산광역시 동래구 온천동 291-1,3093953,관리사무소+화장실+주차장,,,,,,1940-11-10,10000,216,"울창한 숲과 기암절벽, 골짜기 마다 흐르는 맑은 시냇물 등이 신선경에 들어선 느낌을 주며, 봄철부터 겨울철에 이르기까지 인적이 끊이지 않는 근린공원으로서 남녀노소 누구나가 즐길 수 있는 휴식처로 사랑을 받고 있다",051-860-7880,부산시설공단,2025-06-24,3300000,부산광역시 동래구
전국관광지정보표준데이터,https://www.data.go.kr/data/15021141/standard.do,2025-12-12,place,장림포구,관광지,부산광역시 사하구,부산광역시 사하구 장림로93번길 74(장림동),35.08037994,128.95569762,배가 드나드는 강의 어귀로 조선시대 군사요충지였으며 부네치아라 불림,지역 역사·관광 탐방 동화 배경,장소의 특징을 찾아보고 가족 여행 기록 남기기,5-7;8-10,관광;관광지;장림포구;배가;드나드는;강의;어귀로;조선시대;군사요충지였으며;부네치아라;불림,장림포구,관광지,부산광역시 사하구 장림로93번길 74(장림동),부산광역시 사하구 장림동 1092,130000,화장실+주차장,,놀이촌,문화촌,맛술촌,해양보호구역 홍보관,2019-04-24,130000,100,배가 드나드는 강의 어귀로 조선시대 군사요충지였으며 부네치아라 불림,051-220-4501,부산광역시 사하구청,2025-12-12,3340000,부산광역시 사하구
전국관광지정보표준데이터,https://www.data.go.kr/data/15021141/standard.do,2025-12-03,place,오수의견관광지,관광지,전북특별자치도 임실군,전북특별자치도 임실군 오수면 충효로 2096-16,35.54520338,127.3326779,오수의 개 기념 비등 관광 가능,지역 역사·관광 탐방 동화 배경,장소의 특징을 찾아보고 가족 여행 기록 남기기,5-7;8-10,관광;관광지;오수의견관광지;오수의;개;기념;비등;가능,오수의견관광지,관광지,전북특별자치도 임실군 오수면 충효로 2096-16,"전북특별자치도 임실군 오수면 오수리 33, 임실군문화체육센터",117490,화장실(1동)+주차장,,,,,,2010-01-01,600,200,오수의 개 기념 비등 관광 가능,063-640-4671,전북특별자치도 임실군청,2025-12-03,4761000,전북특별자치도 임실군
전국관광지정보표준데이터,https://www.data.go.kr/data/15021141/standard.do,2025-12-03,place,사선대관광지,관광지,전북특별자치도 임실군,전북특별자치도 임실군 관촌면 사선2길 68-7,35.672357,127.2746265,경관이 수려하고 편의시설이 있음,지역 역사·관광 탐방 동화 배경,장소의 특징을 찾아보고 가족 여행 기록 남기기,5-7;8-10,관광;관광지;사선대관광지;경관이;수려하고;편의시설이;있음,사선대관광지,관광지,전북특별자치도 임실군 관촌면 사선2길 68-7,"전북특별자치도 임실군 관촌면 관촌리 222, 사선대 관리 사무소",166000,관리사무소+화장실(4동)+주차장,,,,,,2004-01-01,1000,251,경관이 수려하고 편의시설이 있음,063-640-2921,전북특별자치도 임실군청,2025-12-03,4761000,전북특별자치도 임실군
전국관광지정보표준데이터,https://www.data.go.kr/data/15021141/standard.do,2025-12-10,place,예천포리관광지,관광지,경상북도 예천군,경상북도 예천군 감천면 복골길 150,36.70015808,128.514204,"내성천 지류가 자연석과 어울려 경관이 수려하며, 충효테마공원에서 충효 체험이 가능함.",지역 역사·관광 탐방 동화 배경,장소의 특징을 찾아보고 가족 여행 기록 남기기,5-7;8-10,관광;관광지;예천포리관광지;내성천;지류가;자연석과;어울려;경관이;수려하며;충효테마공원에서;충효;체험이,예천포리관광지,관광지,경상북도 예천군 감천면 복골길 150,경상북도 예천군 감천면 포리 688,210241,주차장+화장실+휴게공간,,다목적운동장+체력단련장+전통놀이광장,박물관,,,2004-11-08,600,150,"내성천 지류가 자연석과 어울려 경관이 수려하며, 충효테마공원에서 충효 체험이 가능함.",054-650-6394,경상북도 예천군청,2025-12-10,5230000,경상북도 예천군
전국관광지정보표준데이터,https://www.data.go.kr/data/15021141/standard.do,2025-12-10,place,예천삼강,관광지,경상북도 예천군,경상북도 예천군 풍양면 삼강리길 53-23,36.56378393,128.304509,"자연과 문호, 사람과 역사가 함께 공존하는 예천의 신개념 문화체험공간",지역 역사·관광 탐방 동화 배경,장소의 특징을 찾아보고 가족 여행 기록 남기기,5-7;8-10,관광;관광지;예천삼강;자연과;문호;사람과;역사가;함께;공존하는;예천의;신개념;문화체험공간,예천삼강,관광지,경상북도 예천군 풍양면 삼강리길 53-23,경상북도 예천군 풍양면 삼강리 58-1,210389,도로+마당+종합안내센터+주차장+공급처리시설+화장실,전통가옥체험장+강문화체험 휴·유·락마을,,강문화전시관,,,2014-04-28,300,100,"자연과 문호, 사람과 역사가 함께 공존하는 예천의 신개념 문화체험공간",054-650-6802,경상북도 예천군청,2025-12-10,5230000,경상북도 예천군
전국관광지정보표준데이터,https://www.data.go.kr/data/15021141/standard.do,2024-08-16,place,곡성 섬진강 기차마을,관광지,전라남도 곡성군,전라남도 곡성군 오곡면 기차마을로 232,35.27753157,127.3082867,"증기소리가 둔탁하지만 촌스럽지 않고, 많은 사람들의 관심을 받지만 혼자만의 공간이 있는곳.증기기관차와 레일바이크체험, 음악분수, 엔터테인먼트 놀이공간까지 옛 추억과 테마가 있는 새로움과 익숙함이 공존하는 새로운 개념의 테마파크이다.인기 관광지로 각광을 받고 있는 기차마을의 첫 관문은 옛 곡성역 건물을 그대로 기차마을 정문으로 사용하고 있다. 그래서 그곳을 통과하면 아련한 추억이 기다리고 있을 것 같다.1960년대를 고스란히 옮겨 놓은 것 같은 플랫폼으로 기차가 들어오자 내리는 승객들과 그것을 배경으로 사진을 찍어 추억을 남기고 , 플랫폼에는 수형이 아름다운 두 그루의 소나무가 있는데 소나무를 배경으로 나란히 서서 단체사진을 찍어도 멋지다.관람은 반 시계 방향으로 돌면서 관람시설과 놀이시설을 하나씩 섭렵해가는 것이 가장 효과적인데 기차 체험 공간 치치뿌뿌 놀이터, 오감으로 느끼는 4D 영상관, 커다란 도깨비가 방망이를 치켜들고 서 있는 재미있는 요술 랜드를 차례로 돌아보는 동안 우리는 어느덧 동심의 세계에 흠뻑 빠져들수 있다. 전통체험관에서 칼에 글귀를 새기는 무형문화재 낙죽장도 전시관도 볼 수 있다.기차마을 최고의 포토존으로 알려진 장미공원은 기차마을 안에 있으면서도 별도의 공원이나 다름없는 매우 특별한 공간이다. 장미공원은 무려 3만 7천여주, 1004종의 장미와 세계 몇 안 되는 희귀종도 수십종을 보유중이다.그리고 그 명성을 유지하기 위해 숙련된 원예 전문가들이 일년 내내 정성을 다하여 관리하고 있는데 5월 장미 축제때는 이곳의 장미들이 일제히 개화를 하면서 대단한 장관이 펼쳐진다.이때 우리나라 최고로 꼽히는 장미의 향연을 즐기기 위해서 전국에서엄청난 관광객들이 몰려드는데 곡성 장미공원의 5월 장미는 꼭 봐야할 명소이다.",지역 역사·관광 탐방 동화 배경,장소의 특징을 찾아보고 가족 여행 기록 남기기,5-7;8-10,관광;관광지;곡성;섬진강;기차마을;증기소리가;둔탁하지만;촌스럽지;않고;많은;사람들의;관심을,곡성 섬진강 기차마을,관광지,전라남도 곡성군 오곡면 기차마을로 232,전라남도 곡성군 오곡면 오지리 770-5,70000,주차장+화장실+장애인 공용화장실+모유수유실,,,,,,2005-03-01,2500,210,"증기소리가 둔탁하지만 촌스럽지 않고, 많은 사람들의 관심을 받지만 혼자만의 공간이 있는곳.증기기관차와 레일바이크체험, 음악분수, 엔터테인먼트 놀이공간까지 옛 추억과 테마가 있는 새로움과 익숙함이 공존하는 새로운 개념의 테마파크이다.인기 관광지로 각광을 받고 있는 기차마을의 첫 관문은 옛 곡성역 건물을 그대로 기차마을 정문으로 사용하고 있다. 그래서 그곳을 통과하면 아련한 추억이 기다리고 있을 것 같다.1960년대를 고스란히 옮겨 놓은 것 같은 플랫폼으로 기차가 들어오자 내리는 승객들과 그것을 배경으로 사진을 찍어 추억을 남기고 , 플랫폼에는 수형이 아름다운 두 그루의 소나무가 있는데 소나무를 배경으로 나란히 서서 단체사진을 찍어도 멋지다.관람은 반 시계 방향으로 돌면서 관람시설과 놀이시설을 하나씩 섭렵해가는 것이 가장 효과적인데 기차 체험 공간 치치뿌뿌 놀이터, 오감으로 느끼는 4D 영상관, 커다란 도깨비가 방망이를 치켜들고 서 있는 재미있는 요술 랜드를 차례로 돌아보는 동안 우리는 어느덧 동심의 세계에 흠뻑 빠져들수 있다. 전통체험관에서 칼에 글귀를 새기는 무형문화재 낙죽장도 전시관도 볼 수 있다.기차마을 최고의 포토존으로 알려진 장미공원은 기차마을 안에 있으면서도 별도의 공원이나 다름없는 매우 특별한 공간이다. 장미공원은 무려 3만 7천여주, 1004종의 장미와 세계 몇 안 되는 희귀종도 수십종을 보유중이다.그리고 그 명성을 유지하기 위해 숙련된 원예 전문가들이 일년 내내 정성을 다하여 관리하고 있는데 5월 장미 축제때는 이곳의 장미들이 일제히 개화를 하면서 대단한 장관이 펼쳐진다.이때 우리나라 최고로 꼽히는 장미의 향연을 즐기기 위해서 전국에서엄청난 관광객들이 몰려드는데 곡성 장미공원의 5월 장미는 꼭 봐야할 명소이다.",061-362-7461,전라남도 곡성군청 관광과,2024-08-16,4860000,전라남도 곡성군
전국관광지정보표준데이터,https://www.data.go.kr/data/15021141/standard.do,2024-08-16,place,기차마을 장미공원,관광지,전라남도 곡성군,전라남도 곡성군 오곡면 기차마을로 232,35.27753157,127.3082867,"섬진강기차마을 단지 내에 위치한 장미공원은 대한민국 최고의 장미공원을 목표로 사랑의 상징 ‘천사’와 음이 같은 1,004 품종을 수집하여 40,000㎡의 부지에 독일, 프랑스, 영국 등 유럽의 우수한 장미품종들을 수집, 전국에서 가장 많은 1,004종의 장미를 식재하여 조성되었다. 장미와 다양한 수목, 연못 등이 아름다운 경관을 이루고 있으며, 그 밖에 분수, 미로원, 야외공연장, 파고라 등 다양한 시설을 갖추고 있다. 독특하고 다양한 장미품종들을 정성스럽게 관리하여 5~11월 계속해서 장미꽃을 감상할 수 있고, 매년 5월에서 6월 사이 세계장미축제를 개최하여 많은 관광객들을 맞이하고 있다.",지역 역사·관광 탐방 동화 배경,장소의 특징을 찾아보고 가족 여행 기록 남기기,5-7;8-10,관광;관광지;기차마을;장미공원;섬진강기차마을;단지;내에;위치한;장미공원은;대한민국;최고의;장미공원을,기차마을 장미공원,관광지,전라남도 곡성군 오곡면 기차마을로 232,전라남도 곡성군 오곡면 오지리 770-5,40000,주차장+화장실+장애인 공용화장실+모유수유실,,,,,,2011-05-01,4000,210,"섬진강기차마을 단지 내에 위치한 장미공원은 대한민국 최고의 장미공원을 목표로 사랑의 상징 ‘천사’와 음이 같은 1,004 품종을 수집하여 40,000㎡의 부지에 독일, 프랑스, 영국 등 유럽의 우수한 장미품종들을 수집, 전국에서 가장 많은 1,004종의 장미를 식재하여 조성되었다. 장미와 다양한 수목, 연못 등이 아름다운 경관을 이루고 있으며, 그 밖에 분수, 미로원, 야외공연장, 파고라 등 다양한 시설을 갖추고 있다. 독특하고 다양한 장미품종들을 정성스럽게 관리하여 5~11월 계속해서 장미꽃을 감상할 수 있고, 매년 5월에서 6월 사이 세계장미축제를 개최하여 많은 관광객들을 맞이하고 있다.",061-360-8443,전라남도 곡성군청 관광과,2024-08-16,4860000,전라남도 곡성군
전국관광지정보표준데이터,https://www.data.go.kr/data/15021141/standard.do,2024-08-16,place,섬진강 침실습지,관광지,전라남도 곡성군,전라남도 곡성군 고달면 고달길 192-6,35.27503038,127.3335915,"제22호 국가기정습지로서 천혜의 자연환경이 잘 보전되어 있다. 수달, 흰꼬리수리, 삵 등 멸종위기 동물의 서식지이다. 이른 아침 물안개와 일출, 그리고 일몰풍경 등 시시각각 변하는 풍경이 한 폭의 동양화를 연상시킨다.침실 습지는 섬진강 유역인 곡성군 고달면 고달교에서 오곡면 오지1교까지 서울 여의도 면적과 비슷한 규모의 광활한 강 습지로서 물버들 군락이 이룬 가운데, 강변에는 울창한 갈대숲이 형성되어 있다.수달, 고라니, 오소리를 비롯한 포유류와 다양한 조류들이 서식 하는 생태계의 보고로 2016.11.7 국가습지보호구역으로 지정되었다.침실 습지는 언제 어느 때 찾아도 섬진강이 자아내는 아름다움의 진수를 만날 수 있지만 특히 이른 아침 무렵에 찾아가면 겨울에는 상고대, 이른 봄과 가을에는 물안개가 그려내는 비경을 만날 수 있다.버드나무와 갈대숲 그리고 크고 작은 섬들이 어우러져 아름다운 경관을 자랑한다.빼어난 풍경과 생물 다양성을 인정받아 2016년 11월에 강 중류 하도습지로는 유일하게 환경부로부터 22번째 국가습지로 지정되었다. 특히 일교차가 심한 새벽이면 물안개가 피어오르면서 환상적인 장면을 연출한다.",지역 역사·관광 탐방 동화 배경,장소의 특징을 찾아보고 가족 여행 기록 남기기,5-7;8-10,관광;관광지;섬진강;침실습지;제22호;국가기정습지로서;천혜의;자연환경이;잘;보전되어;있다.;수달,섬진강 침실습지,관광지,전라남도 곡성군 고달면 고달길 192-6,전라남도 곡성군 고달면 고달리 785-1,2036815,주차장+화장실,,,,,,2016-11-01,2000,12,"제22호 국가기정습지로서 천혜의 자연환경이 잘 보전되어 있다. 수달, 흰꼬리수리, 삵 등 멸종위기 동물의 서식지이다. 이른 아침 물안개와 일출, 그리고 일몰풍경 등 시시각각 변하는 풍경이 한 폭의 동양화를 연상시킨다.침실 습지는 섬진강 유역인 곡성군 고달면 고달교에서 오곡면 오지1교까지 서울 여의도 면적과 비슷한 규모의 광활한 강 습지로서 물버들 군락이 이룬 가운데, 강변에는 울창한 갈대숲이 형성되어 있다.수달, 고라니, 오소리를 비롯한 포유류와 다양한 조류들이 서식 하는 생태계의 보고로 2016.11.7 국가습지보호구역으로 지정되었다.침실 습지는 언제 어느 때 찾아도 섬진강이 자아내는 아름다움의 진수를 만날 수 있지만 특히 이른 아침 무렵에 찾아가면 겨울에는 상고대, 이른 봄과 가을에는 물안개가 그려내는 비경을 만날 수 있다.버드나무와 갈대숲 그리고 크고 작은 섬들이 어우러져 아름다운 경관을 자랑한다.빼어난 풍경과 생물 다양성을 인정받아 2016년 11월에 강 중류 하도습지로는 유일하게 환경부로부터 22번째 국가습지로 지정되었다. 특히 일교차가 심한 새벽이면 물안개가 피어오르면서 환상적인 장면을 연출한다.",061-360-8512,전라남도 곡성군청 환경축산과,2024-08-16,4860000,전라남도 곡성군
전국관광지정보표준데이터,https://www.data.go.kr/data/15021141/standard.do,2024-08-16,place,곡성아트빌리지,관광지,전라남도 곡성군,전라남도 곡성군 오곡면 섬진강로 1455,35.23004949,127.3677915,"곡성아트빌리지는 섬진강 증기기관차가 운행하는 가정역에 위치해 있으며 아트갤러리, 유리공예 체험장, 야외공연장, 캡슐호텔과 목조펜션, 카페굴리엘모 등으로 이루어져 있어 가정역에서 머무르며 향기 가득한 차 한잔과 함께 낭만 가득한 섬진강을 느껴볼 수 있다.",지역 역사·관광 탐방 동화 배경,장소의 특징을 찾아보고 가족 여행 기록 남기기,5-7;8-10,관광;관광지;곡성아트빌리지;곡성아트빌리지는;섬진강;증기기관차가;운행하는;가정역에;위치해;있으며;아트갤러리;유리공예,곡성아트빌리지,관광지,전라남도 곡성군 오곡면 섬진강로 1455,전라남도 곡성군 오곡면 송정리 55-4,13222,주차장+ 무선 인터넷+ 화장실+장애인 편의시설,,,,,,2021-09-01,30,210,"곡성아트빌리지는 섬진강 증기기관차가 운행하는 가정역에 위치해 있으며 아트갤러리, 유리공예 체험장, 야외공연장, 캡슐호텔과 목조펜션, 카페굴리엘모 등으로 이루어져 있어 가정역에서 머무르며 향기 가득한 차 한잔과 함께 낭만 가득한 섬진강을 느껴볼 수 있다.",061-362-5559,전라남도 곡성군청 관광과,2024-08-16,4860000,전라남도 곡성군
전국관광지정보표준데이터,https://www.data.go.kr/data/15021141/standard.do,2025-11-18,place,서동미로시장,관광지,부산광역시 금정구,부산광역시 금정구 서동로141번길 16,35.21586987,129.102466,서동미로시장은 아름다운 길(美路)이라는 의미이자 골목마다 형성된 상권이 미로같다 하여 이름 붙은 문화관광형 시장이다.,지역 역사·관광 탐방 동화 배경,장소의 특징을 찾아보고 가족 여행 기록 남기기,5-7;8-10,관광;관광지;서동미로시장;서동미로시장은;아름다운;길(美路)이라는;의미이자;골목마다;형성된;상권이;미로같다;하여,서동미로시장,관광지,부산광역시 금정구 서동로141번길 16,부산광역시 금정구 서동 341-10,20000,서동예술창작공간+쉼터+작은도서관+하늘정원,,,,,,2014-01-01,100,20,서동미로시장은 아름다운 길(美路)이라는 의미이자 골목마다 형성된 상권이 미로같다 하여 이름 붙은 문화관광형 시장이다.,051-519-4085,부산광역시 금정구 문화관광과,2025-11-18,3350000,부산광역시 금정구
전국관광지정보표준데이터,https://www.data.go.kr/data/15021141/standard.do,2025-11-18,place,스포원파크,관광지,부산광역시 금정구,부산광역시 금정구 체육공원로399번길 324,35.28912108,129.1070434,스포원파크는 기존의 경기장과는 달리 ‘공원’과 ‘개방’의 개념을 도입한 ‘공원형 경기장’으로서 쾌적한 환경여건을 가지고 있어 건강과 휴식을 위한 명소로 사랑받고 있다.,지역 역사·관광 탐방 동화 배경,장소의 특징을 찾아보고 가족 여행 기록 남기기,5-7;8-10,관광;관광지;스포원파크;스포원파크는;기존의;경기장과는;달리;‘공원’과;‘개방’의;개념을;도입한;‘공원형,스포원파크,관광지,부산광역시 금정구 체육공원로399번길 324,부산광역시 금정구 두구동 1641,30000,주차장+화장실,,,,,,2014-01-01,100,100,스포원파크는 기존의 경기장과는 달리 ‘공원’과 ‘개방’의 개념을 도입한 ‘공원형 경기장’으로서 쾌적한 환경여건을 가지고 있어 건강과 휴식을 위한 명소로 사랑받고 있다.,051-519-4085,부산광역시 금정구 문화관광과,2025-11-18,3350000,부산광역시 금정구
전국관광지정보표준데이터,https://www.data.go.kr/data/15021141/standard.do,2025-11-18,place,한국이슬람부산성원,관광지,부산광역시 금정구,부산광역시 금정구 금단로 113-13,35.25998626,129.0922564,"부산의 유일한 한국이슬람 부산성원은 이슬람 신자들에게는 네트워킹 장이자 쉼터로, 지역민들에게는 이슬람 문화를 체험하고 강연을 접할 수 있는 장소로 자리 잡고 있다.",지역 역사·관광 탐방 동화 배경,장소의 특징을 찾아보고 가족 여행 기록 남기기,5-7;8-10,관광;관광지;한국이슬람부산성원;부산의;유일한;한국이슬람;부산성원은;이슬람;신자들에게는;네트워킹;장이자;쉼터로,한국이슬람부산성원,관광지,부산광역시 금정구 금단로 113-13,부산광역시 금정구 남산동 30-1,2022,화장실,,,,,,1980-09-30,100,100,"부산의 유일한 한국이슬람 부산성원은 이슬람 신자들에게는 네트워킹 장이자 쉼터로, 지역민들에게는 이슬람 문화를 체험하고 강연을 접할 수 있는 장소로 자리 잡고 있다.",051-519-4085,부산광역시 금정구 문화관광과,2025-11-18,3350000,부산광역시 금정구
전국관광지정보표준데이터,https://www.data.go.kr/data/15021141/standard.do,2024-12-13,place,방동관광지,관광지,강원특별자치도 인제군,강원특별자치도 인제군 기린면 방동약수로 89-59,37.94387136,128.3962628,기린면 방동지역에 위치하고 있음,지역 역사·관광 탐방 동화 배경,장소의 특징을 찾아보고 가족 여행 기록 남기기,5-7;8-10,관광;관광지;방동관광지;기린면;방동지역에;위치하고;있음,방동관광지,관광지,강원특별자치도 인제군 기린면 방동약수로 89-59,강원특별자치도 인제군 기린면 방동리 34-5,60900,화장실+주차장,펜션+야영장,,조경휴게지+산림욕장,음식점,,2008-06-01,1000,250,기린면 방동지역에 위치하고 있음,033-460-4312,강원특별자치도 인제군청,2024-12-13,4331000,강원특별자치도 인제군
전국관광지정보표준데이터,https://www.data.go.kr/data/15021141/standard.do,2024-11-28,place,벽계관광지,관광지,경상남도 의령군,경상남도 의령군 궁류면 벽계로 201,35.42604967,128.2080942,"주변경관이 수려하며 물놀이장, 공연장, 캠프파이어장을 갖추고 있음",지역 역사·관광 탐방 동화 배경,장소의 특징을 찾아보고 가족 여행 기록 남기기,5-7;8-10,관광;관광지;벽계관광지;주변경관이;수려하며;물놀이장;공연장;캠프파이어장을;갖추고;있음,벽계관광지,관광지,경상남도 의령군 궁류면 벽계로 201,경상남도 의령군 궁류면 벽계리 379,56940,화장실+주차장+전기시설+통신시설+물놀이장+공연장,야영사이트(80면)+카라반(8동)+방갈로(9동),트램플린 3개소,힐링공원 1개소,,,2015-08-03,500,90,"주변경관이 수려하며 물놀이장, 공연장, 캠프파이어장을 갖추고 있음",055-570-2512,경상남도 의령군청,2024-11-28,5390000,경상남도 의령군
전국관광지정보표준데이터,https://www.data.go.kr/data/15021141/standard.do,2024-11-26,place,오색관광지,관광지,강원특별자치도 양양군,강원특별자치도 양양군 서면 가라피리 165,38.077061,128.5128997056,설악산과 오색령에 아름다운 자연경관을 볼수 있음,지역 역사·관광 탐방 동화 배경,장소의 특징을 찾아보고 가족 여행 기록 남기기,5-7;8-10,관광;관광지;오색관광지;설악산과;오색령에;아름다운;자연경관을;볼수;있음,오색관광지,관광지,,강원특별자치도 양양군 서면 가라피리 165,196280,관리사무소+주차장+하수도시설+도로+취사장+공중화장실,가족호텔+콘도미니엄+모텔+산장+방가로+팬션,수영장+클럽하우스+골프연습장,야영장+조경휴게소,,,1994-10-26,3000,1000,설악산과 오색령에 아름다운 자연경관을 볼수 있음,033-670-2724,강원특별자치도 양양군청,2024-11-26,4351000,강원특별자치도 양양군
전국관광지정보표준데이터,https://www.data.go.kr/data/15021141/standard.do,2024-11-26,place,지경관광지,관광지,강원특별자치도 양양군,강원특별자치도 양양군 현남면 지리 5-1,37.927413,128.794861,동해안 해안절경 감상,지역 역사·관광 탐방 동화 배경,장소의 특징을 찾아보고 가족 여행 기록 남기기,5-7;8-10,관광;관광지;지경관광지;동해안;해안절경;감상,지경관광지,관광지,,강원특별자치도 양양군 현남면 지리 5-1,157699,주차장,호텔+생활형숙박시설,농촌체험장,수동골센타+캠핑장및 카라반,,,2016-09-23,3000,1500,동해안 해안절경 감상,033-670-2724,강원특별자치도 양양군청,2024-11-26,4351000,강원특별자치도 양양군
전국관광지정보표준데이터,https://www.data.go.kr/data/15021141/standard.do,2024-11-26,place,설해원(양양국제공항),관광단지,강원특별자치도 양양군,강원특별자치도 양양군 손양면 동호리 510-28,38.055556,128.664198,장기체류형 종합 스포츠레저단지,지역 역사·관광 탐방 동화 배경,장소의 특징을 찾아보고 가족 여행 기록 남기기,5-7;8-10,관광;관광단지;설해원(양양국제공항);장기체류형;종합;스포츠레저단지,설해원(양양국제공항),관광단지,,강원특별자치도 양양군 손양면 동호리 510-28,2730114,주차장+경비실+직원숙소,관광호텔+휴양콘도미니엄+생활형숙박시설,골프장+체육관,박물관+힐링가든+미술관,,,2019-12-23,5000,2500,장기체류형 종합 스포츠레저단지,033-670-2724,강원특별자치도 양양군청,2024-11-26,4351000,강원특별자치도 양양군
전국관광지정보표준데이터,https://www.data.go.kr/data/15021141/standard.do,2025-06-25,place,속초해수욕장,관광지,강원특별자치도 속초시,강원특별자치도 속초시 해오름로 186,38.19014884,128.6035305,"해안선 길이 약2km, 백사장 길이 약 500m이며 수심이 얕아 가족단위 관광객이 선호하는 속초시 대표 관광지이다.",지역 역사·관광 탐방 동화 배경,장소의 특징을 찾아보고 가족 여행 기록 남기기,5-7;8-10,관광;관광지;속초해수욕장;해안선;길이;약2km;백사장;약;500m이며;수심이;얕아;가족단위,속초해수욕장,관광지,강원특별자치도 속초시 해오름로 186,강원특별자치도 속초시 조양동 1464-7,231748.3,관리사무소+샤워탈의장+공중화장실+도로+주차장,리조트단지(호텔/콘도),해수풀장,해양관+휴게소+전망대+테마거리+조경휴양공간+다목적잔디광장,,,1984-07-06,50000,550,"해안선 길이 약2km, 백사장 길이 약 500m이며 수심이 얕아 가족단위 관광객이 선호하는 속초시 대표 관광지이다.",033-639-2544,강원특별자치도 속초시청,2025-06-25,4231000,강원특별자치도 속초시
전국관광지정보표준데이터,https://www.data.go.kr/data/15021141/standard.do,2026-03-18,place,양천향교,관광지,서울특별시 강서구,서울특별시 강서구 양천로47나길 53,37.572863,126.839905,조선 태종 11년(1411년)에 만들어졌으며 현재 서울에 남아있는 유일한 향교이다. 이름 때문에 양천구에 위치한 것으로 오해할 수 있으나 실제로는 강서구 가양동에 위치하고 있다. 인근에 위치한 서울 지하철 9호선 양천향교역 역시 이 곳의 이름을 따서 제정되었다.,지역 역사·관광 탐방 동화 배경,장소의 특징을 찾아보고 가족 여행 기록 남기기,5-7;8-10,관광;관광지;양천향교;조선;태종;11년(1411년)에;만들어졌으며;현재;서울에;남아있는;유일한;향교이다.,양천향교,관광지,서울특별시 강서구 양천로47나길 53,서울 강서구 가양동 234,1782,화장실,,,,,,1990-06-18,100,0,조선 태종 11년(1411년)에 만들어졌으며 현재 서울에 남아있는 유일한 향교이다. 이름 때문에 양천구에 위치한 것으로 오해할 수 있으나 실제로는 강서구 가양동에 위치하고 있다. 인근에 위치한 서울 지하철 9호선 양천향교역 역시 이 곳의 이름을 따서 제정되었다.,02-2659-0076,서울특별시 향교재단,2026-03-18,3150000,서울특별시 강서구
전국관광지정보표준데이터,https://www.data.go.kr/data/15021141/standard.do,2026-03-18,place,약사사,관광지,서울특별시 강서구,서울특별시 강서구 금낭화로17길 261,37.58312625,126.8050072,서울 강서구 관내 전통사찰 중 제1의 위상을 지닌 대한불교조계종 직할교구 사찰,지역 역사·관광 탐방 동화 배경,장소의 특징을 찾아보고 가족 여행 기록 남기기,5-7;8-10,관광;관광지;약사사;서울;강서구;관내;전통사찰;중;제1의;위상을;지닌;대한불교조계종,약사사,관광지,서울특별시 강서구 금낭화로17길 261,서울 강서구 개화동 332-2,5702,화장실+주차장,,,,,,1980-06-11,500,50,서울 강서구 관내 전통사찰 중 제1의 위상을 지닌 대한불교조계종 직할교구 사찰,02-2662-2551,약사사,2026-03-18,3150000,서울특별시 강서구
전국관광지정보표준데이터,https://www.data.go.kr/data/15021141/standard.do,2026-03-18,place,서울양천고성지,관광지,서울특별시 강서구,서울특별시 강서구 양천로47나길 52-54,37.57425363,126.8413319,양천고성지는 양천향교의 뒷산인 궁산에 있는 옛 성터. 백제 22대 문주왕이 웅진으로 천도(475년)하기 전 강 건너 고구려 침입에 대비하기 위해 쌓은 성으로 조선 성종(1470년)까지 요새가 있었던 것으로 짐작된다.,지역 역사·관광 탐방 동화 배경,장소의 특징을 찾아보고 가족 여행 기록 남기기,5-7;8-10,관광;관광지;서울양천고성지;양천고성지는;양천향교의;뒷산인;궁산에;있는;옛;성터.;백제;22대,서울양천고성지,관광지,서울특별시 강서구 양천로47나길 52-54,,29752,전기시설,,,,,,1992-03-10,1000,0,양천고성지는 양천향교의 뒷산인 궁산에 있는 옛 성터. 백제 22대 문주왕이 웅진으로 천도(475년)하기 전 강 건너 고구려 침입에 대비하기 위해 쌓은 성으로 조선 성종(1470년)까지 요새가 있었던 것으로 짐작된다.,02-2600-6456,서울특별시 강서구청,2026-03-18,3150000,서울특별시 강서구
전국관광지정보표준데이터,https://www.data.go.kr/data/15021141/standard.do,2026-03-18,place,허가바위,관광지,서울특별시 강서구,서울특별시 강서구 허준로5길 15,37.56983571,126.8500301,옛날 석기 시대의 사람들이 이곳에서 살았으리라 짐작되는 혈거동굴로서 연구 가치가 매우 높다. 허준은 허가바위에서 『동의보감』을 완성했다고 한다.,지역 역사·관광 탐방 동화 배경,장소의 특징을 찾아보고 가족 여행 기록 남기기,5-7;8-10,관광;관광지;허가바위;옛날;석기;시대의;사람들이;이곳에서;살았으리라;짐작되는;혈거동굴로서;연구,허가바위,관광지,서울특별시 강서구 허준로5길 15,서울 강서구 가양동26-5+서울특별시 강서구 가양동26-28,7456,전기시설,,,,,,1991-12-24,20,0,옛날 석기 시대의 사람들이 이곳에서 살았으리라 짐작되는 혈거동굴로서 연구 가치가 매우 높다. 허준은 허가바위에서 『동의보감』을 완성했다고 한다.,02-2600-6456,서울특별시 강서구청,2026-03-18,3150000,서울특별시 강서구
전국관광지정보표준데이터,https://www.data.go.kr/data/15021141/standard.do,2026-03-18,place,허준근린공원,관광지,서울특별시 강서구,서울특별시 강서구 허준로5길 42,37.56759867,126.8537291,공원주위에는 서울 기념물 제11호인 허가바위가 있고 공원내에는 전설이 깃든 광주바위와 허준 선생이 앉아서 병자를 진료하는 인자한 모습의 동상 그리고 호수 정자 어린이 놀이 시설이 있으며 인근 주민들의 휴식공간으로 이용되고 있다.,지역 역사·관광 탐방 동화 배경,장소의 특징을 찾아보고 가족 여행 기록 남기기,5-7;8-10,관광;관광지;허준근린공원;공원주위에는;서울;기념물;제11호인;허가바위가;있고;공원내에는;전설이;깃든,허준근린공원,관광지,서울특별시 강서구 허준로5길 42,,29843,화장실+관리사무실,,,,,,1993-10-31,20000,0,공원주위에는 서울 기념물 제11호인 허가바위가 있고 공원내에는 전설이 깃든 광주바위와 허준 선생이 앉아서 병자를 진료하는 인자한 모습의 동상 그리고 호수 정자 어린이 놀이 시설이 있으며 인근 주민들의 휴식공간으로 이용되고 있다.,02-2600-4196,서울특별시 강서구청,2026-03-18,3150000,서울특별시 강서구
전국관광지정보표준데이터,https://www.data.go.kr/data/15021141/standard.do,2026-03-30,place,자갈치시장,관광지,부산광역시 중구,부산광역시 중구 자갈치해안로 52,35.09661444,129.0305818,부산의 대표적 명소이자 신선한 활어와 선어를 저렴하게 살 수있는 한국 최대의 전통 수산물시장,지역 역사·관광 탐방 동화 배경,장소의 특징을 찾아보고 가족 여행 기록 남기기,5-7;8-10,관광;관광지;자갈치시장;부산의;대표적;명소이자;신선한;활어와;선어를;저렴하게;살;수있는,자갈치시장,관광지,부산광역시 중구 자갈치해안로 52,부산광역시 중구 남포동4가 37-1,4841.5,화장실+주차장+공영주차장,관광호텔+게스트하우스,,,,,2006-08-11,6217,151,부산의 대표적 명소이자 신선한 활어와 선어를 저렴하게 살 수있는 한국 최대의 전통 수산물시장,051-245-2594,부산 시설공단,2026-03-30,3250000,부산광역시 중구
전국관광지정보표준데이터,https://www.data.go.kr/data/15021141/standard.do,2026-03-30,place,40계단테마거리,관광지,부산광역시 중구,부산광역시 중구 대청로135번길 13,35.10397225,129.0346287,"40계단을 중심으로 조성된 테마거리로 뻥튀기 아저씨,  물동이 진 아이 등의 조형물이 꾸며져있다.",지역 역사·관광 탐방 동화 배경,장소의 특징을 찾아보고 가족 여행 기록 남기기,5-7;8-10,관광;관광지;40계단테마거리;40계단을;중심으로;조성된;테마거리로;뻥튀기;아저씨;물동이;진;아이,40계단테마거리,관광지,부산광역시 중구 대청로135번길 13,부산광역시 중구 중앙동4가 38-1,3557,공중화장실,,,40계단 문화관,,,2003-02-12,500,0,"40계단을 중심으로 조성된 테마거리로 뻥튀기 아저씨,  물동이 진 아이 등의 조형물이 꾸며져있다.",051-600-4046,부산광역시 중구,2026-03-30,3250000,부산광역시 중구
전국관광지정보표준데이터,https://www.data.go.kr/data/15021141/standard.do,2026-03-30,place,BIFF광장,관광지,부산광역시 중구,부산광역시 중구 비프광장로 36,35.09862035,129.0287588,세계적 영화제로 발돋움한 부산국제영화제의 태동지,지역 역사·관광 탐방 동화 배경,장소의 특징을 찾아보고 가족 여행 기록 남기기,5-7;8-10,관광;관광지;BIFF광장;세계적;영화제로;발돋움한;부산국제영화제의;태동지,BIFF광장,관광지,부산광역시 중구 비프광장로 36,부산광역시 중구 남포동5가 18-1,300,공중화장실,호텔+게스트하우스,,,,,2011-02-24,5000,0,세계적 영화제로 발돋움한 부산국제영화제의 태동지,051-600-4084,부산광역시 중구,2026-03-30,3250000,부산광역시 중구
전국관광지정보표준데이터,https://www.data.go.kr/data/15021141/standard.do,2026-03-30,place,영도대교,관광지,부산광역시 중구,부산광역시 중구 태종로 8,35.09725344,129.035681,"영도대교는 일제 강점기 시절 영도와 부산항 사이의 원활한 왕래를 위해 1934년 11월에 준공된 동양최조의 교량이자 국내 유일의 연륙교로써의 역사적인 의미를 지니고 있으며, 한국 전쟁 당시 헤어진 가족들의 기약 없는 이별의 종착지이자 이산가족들에겐 삶의 애환이 서려있는 장소이다.",지역 역사·관광 탐방 동화 배경,장소의 특징을 찾아보고 가족 여행 기록 남기기,5-7;8-10,관광;관광지;영도대교;영도대교는;일제;강점기;시절;영도와;부산항;사이의;원활한;왕래를,영도대교,관광지,부산광역시 중구 태종로 8,부산광역시 중구 남포동1가 33-9,3927.7,공중화장실+부산중구 관광안내소,,,,,,2006-11-25,2000,0,"영도대교는 일제 강점기 시절 영도와 부산항 사이의 원활한 왕래를 위해 1934년 11월에 준공된 동양최조의 교량이자 국내 유일의 연륙교로써의 역사적인 의미를 지니고 있으며, 한국 전쟁 당시 헤어진 가족들의 기약 없는 이별의 종착지이자 이산가족들에겐 삶의 애환이 서려있는 장소이다.",051-780-0062,부산 시설공단,2026-03-30,3250000,부산광역시 중구
전국관광지정보표준데이터,https://www.data.go.kr/data/15021141/standard.do,2026-03-30,place,보수동책방골목,관광지,부산광역시 중구,부산광역시 중구 대청로 57-1,35.10323904,129.0263248,"보수동 책방골목은 국제시장 입구 대청로 사거리 건너 보수동쪽으로 난 사선 방향의 좁은 골목길에 집결된 책방을 말한다. 8.15광복 직후 오늘날의 국제시장이 태평양전쟁으로 주택가가 철거되어 빈터로 놓여 있을 때 일본인이 남기고 간 책을 난전을 벌여 팔았는데, 그 장소가 개인소유가 되자, 보수동 앞길로 책장사들이 한 두 사람 자리를 옮겨 앉게 되면서부터 오늘의 골목이 형성되는 바탕이 되었다.",지역 역사·관광 탐방 동화 배경,장소의 특징을 찾아보고 가족 여행 기록 남기기,5-7;8-10,관광;관광지;보수동책방골목;보수동;책방골목은;국제시장;입구;대청로;사거리;건너;보수동쪽으로;난,보수동책방골목,관광지,부산광역시 중구 대청로 57-1,부산광역시 중구 보수동1가 124-15,1200,화장실,,,보수동책방골목 문화관,,,2010-12-08,4010,0,"보수동 책방골목은 국제시장 입구 대청로 사거리 건너 보수동쪽으로 난 사선 방향의 좁은 골목길에 집결된 책방을 말한다. 8.15광복 직후 오늘날의 국제시장이 태평양전쟁으로 주택가가 철거되어 빈터로 놓여 있을 때 일본인이 남기고 간 책을 난전을 벌여 팔았는데, 그 장소가 개인소유가 되자, 보수동 앞길로 책장사들이 한 두 사람 자리를 옮겨 앉게 되면서부터 오늘의 골목이 형성되는 바탕이 되었다.",051-743-7650,부산광역시 중구,2026-03-30,3250000,부산광역시 중구
전국관광지정보표준데이터,https://www.data.go.kr/data/15021141/standard.do,2026-03-30,place,용두산공원,관광지,부산광역시 중구,부산광역시 중구 용두산길 37-55,35.1009305,129.0324434,"부산의 역사가 살아 숨쉬고 있는 대표적 관광명소로서 부산의 상진인 120m 높이의 부산타워, 부산 시민의 종, 충무공 이순신 동상, 미술전시관 등이 조화롭게 조성되어 있다.",지역 역사·관광 탐방 동화 배경,장소의 특징을 찾아보고 가족 여행 기록 남기기,5-7;8-10,관광;관광지;용두산공원;부산의;역사가;살아;숨쉬고;있는;대표적;관광명소로서;상진인;120m,용두산공원,관광지,부산광역시 중구 용두산길 37-55,부산광역시 중구 광복동2가 1-2,65620,화장실+공영주차장,,,,,,1944-01-08,3000,292,"부산의 역사가 살아 숨쉬고 있는 대표적 관광명소로서 부산의 상진인 120m 높이의 부산타워, 부산 시민의 종, 충무공 이순신 동상, 미술전시관 등이 조화롭게 조성되어 있다.",051-860-7820,부산 시설공단,2026-03-30,3250000,부산광역시 중구
전국관광지정보표준데이터,https://www.data.go.kr/data/15021141/standard.do,2026-03-30,place,광복로,관광지,부산광역시 중구,부산광역시 중구 광복중앙로 1,35.09947039,129.0311659,"패션·쇼핑거리로 중앙에는 21세기 도약의 이미지를 상징하는 `비상 2000` 조형물이 설치되어 있다. 매년 광복로 문화축제를 개최하는 볼거리, 즐길거리가 풍성한 문화예술의 거리이다.",지역 역사·관광 탐방 동화 배경,장소의 특징을 찾아보고 가족 여행 기록 남기기,5-7;8-10,관광;관광지;광복로;패션·쇼핑거리로;중앙에는;21세기;도약의;이미지를;상징하는;`비상;2000`;조형물이,광복로,관광지,부산광역시 중구 광복중앙로 1,부산광역시 중구 창선동1가 44,13351,화장실+공영주차장+창선동 관광안내소,,,,,,1970-01-01,7000,240,"패션·쇼핑거리로 중앙에는 21세기 도약의 이미지를 상징하는 `비상 2000` 조형물이 설치되어 있다. 매년 광복로 문화축제를 개최하는 볼거리, 즐길거리가 풍성한 문화예술의 거리이다.",051-600-4084,부산광역시 중구,2026-03-30,3250000,부산광역시 중구
전국관광지정보표준데이터,https://www.data.go.kr/data/15021141/standard.do,2025-06-17,place,죽성드림세트장,관광지,부산광역시 기장군,부산광역시 기장군 기장읍 죽성리 134-7,35.24113258,129.2479302,죽성리 바닷가에 세워진 드라마 세트장이다. 드림세트장은 유럽의 건축물을 옮겨놓은 듯한 이국적 분위기로 많은 여행객이 찾는다 세트장 근처에 고산윤선도 선생이 귀양살이를 하면서 가끔 찾아 시를 읊펴다는 황학대가 있으며 300년 이상된 죽성리 해송이 있다 죽성 드림세트장 에오면 죽성리 바다를 한눈에 조망할수있다,지역 역사·관광 탐방 동화 배경,장소의 특징을 찾아보고 가족 여행 기록 남기기,5-7;8-10,관광;관광지;죽성드림세트장;죽성리;바닷가에;세워진;드라마;세트장이다.;드림세트장은;유럽의;건축물을;옮겨놓은,죽성드림세트장,관광지,,부산광역시 기장군 기장읍 죽성리 134-7,207.48,화장실(2동) +주차장,,산책로+포토존,관광홍보전시관,안내데스크,,2017-03-09,500,20,죽성리 바닷가에 세워진 드라마 세트장이다. 드림세트장은 유럽의 건축물을 옮겨놓은 듯한 이국적 분위기로 많은 여행객이 찾는다 세트장 근처에 고산윤선도 선생이 귀양살이를 하면서 가끔 찾아 시를 읊펴다는 황학대가 있으며 300년 이상된 죽성리 해송이 있다 죽성 드림세트장 에오면 죽성리 바다를 한눈에 조망할수있다,051-709-4081,부산광역시 기장군청,2025-06-17,3400000,부산광역시 기장군
전국관광지정보표준데이터,https://www.data.go.kr/data/15021141/standard.do,2025-06-17,place,박태준기념관,관광지,부산광역시 기장군,부산광역시 기장군 장안읍 임랑해안길 1,35.316877,129.261226,대한민국 근현대사에 큰 족적을 남긴 청암 박태준의 업적을 기리고 그의 철학과 사상을 엿볼수있다 2021년 대한민국 공간문화대상을 수상하며 지역의 아름다운 공간으로 인정받았으며 수준높은 문화 콘텐츠를 제공하는 문화예술의 장으로도 사랑받고 있다,지역 역사·관광 탐방 동화 배경,장소의 특징을 찾아보고 가족 여행 기록 남기기,5-7;8-10,관광;관광지;박태준기념관;대한민국;근현대사에;큰;족적을;남긴;청암;박태준의;업적을;기리고,박태준기념관,관광지,부산광역시 기장군 장안읍 임랑해안길 1,부산광역시 기장군 장안읍 임랑리 120-3,951.31,화장실 +주차장+도서관,,산책로,도서관+기념관 전시실,안내데스크,,2021-12-14,500,9,대한민국 근현대사에 큰 족적을 남긴 청암 박태준의 업적을 기리고 그의 철학과 사상을 엿볼수있다 2021년 대한민국 공간문화대상을 수상하며 지역의 아름다운 공간으로 인정받았으며 수준높은 문화 콘텐츠를 제공하는 문화예술의 장으로도 사랑받고 있다,051-709-4089,부산광역시 기장군청,2025-06-17,3400000,부산광역시 기장군
전국관광지정보표준데이터,https://www.data.go.kr/data/15021141/standard.do,2025-06-17,place,달음산자연휴양림,관광지,부산광역시 기장군,부산광역시 기장군 일광읍 화용길 299-106,35.291977,129.213303,"달음산 서쪽 자락에 위치하고 있으며, 부산시 최초의 국립 자연휴양림으로 산과 바다를 모두 즐길 수 있는 최적의 휴양림이다. 휴양림에서는 숙박은 물론, 숲 해설 프로그램과 목공예 체험 활동이 가능하다",지역 역사·관광 탐방 동화 배경,장소의 특징을 찾아보고 가족 여행 기록 남기기,5-7;8-10,관광;관광지;달음산자연휴양림;달음산;서쪽;자락에;위치하고;있으며;부산시;최초의;국립;자연휴양림으로,달음산자연휴양림,관광지,부산광역시 기장군 일광읍 화용길 299-106,부산광역시 기장군 용천리 산252,30000,화장실+주차장,관광숙박시설,산책로+운동시설,숲 체험공간,안내센터,,2013-01-24,150,50,"달음산 서쪽 자락에 위치하고 있으며, 부산시 최초의 국립 자연휴양림으로 산과 바다를 모두 즐길 수 있는 최적의 휴양림이다. 휴양림에서는 숙박은 물론, 숲 해설 프로그램과 목공예 체험 활동이 가능하다",051-722-3023,산림청,2025-06-17,3400000,부산광역시 기장군
전국관광지정보표준데이터,https://www.data.go.kr/data/15021141/standard.do,2025-06-30,place,홍성스카이타워,관광지,충청남도 홍성군,충청남도 홍성군 서부면 남당항로 689,36.576682,126.464427,"홍성스카이타워 총높이는 65m로 전망층과 옥상층으로 이루어져 있으며 옥상층에서는 보령, 태안, 서산까지 펼쳐진 서해 갯벌과 천수만의 리아스식 해안을 한눈에 담아 볼 수 있는 특별함을 가지고 있다. 특히 전망층에서는 둘레 66m의 파노라마식 스카이워크가 설치되어 천혜의 경관과 아찔한 스릴을 동시에 느껴볼 수 있으며 야간에는 천수만의 천년노을과 함께 야간 경관 연출이 홍성스카이타워에서만 느껴볼 수 있는 감동을 선사한다.",지역 역사·관광 탐방 동화 배경,장소의 특징을 찾아보고 가족 여행 기록 남기기,5-7;8-10,관광;관광지;홍성스카이타워;총높이는;65m로;전망층과;옥상층으로;이루어져;있으며;옥상층에서는;보령;태안,홍성스카이타워,관광지,충청남도 홍성군 서부면 남당항로 689,충청남도 홍성군 서부면 상황리 627-10,4552,홍성스카이타워+속동 노을광장+화장실+주차장,,,관광시설,,,2024-05-14,200,242,"홍성스카이타워 총높이는 65m로 전망층과 옥상층으로 이루어져 있으며 옥상층에서는 보령, 태안, 서산까지 펼쳐진 서해 갯벌과 천수만의 리아스식 해안을 한눈에 담아 볼 수 있는 특별함을 가지고 있다. 특히 전망층에서는 둘레 66m의 파노라마식 스카이워크가 설치되어 천혜의 경관과 아찔한 스릴을 동시에 느껴볼 수 있으며 야간에는 천수만의 천년노을과 함께 야간 경관 연출이 홍성스카이타워에서만 느껴볼 수 있는 감동을 선사한다.",041-635-1254,충청남도 홍성군청,2025-06-30,4600000,충청남도 홍성군
전국관광지정보표준데이터,https://www.data.go.kr/data/15021141/standard.do,2025-06-30,place,남당항 해양분수공원,관광지,충청남도 홍성군,충청남도 홍성군 서부면 남당항로 171,36.538115,126.473753,"남당항 해양분수공원은 대하, 새조개, 바다송어로 유명한 남당항에 ‘23년도 조성한 핫 플레이스로 공원 총면적이 55,000㎡에 달하며 주간에는 국내 최대의 물놀이형 음악분수를 직접 몸으로 체험하여 즐길 수 있으며 야간에는 천수만 밤바다를 배경으로 레이저쇼 등 다양한 조명 연출의 음악 분수를 감상할 수 있다. 또한 2층 구조의 해양권 최초 네트어드벤처가 조성되어 있어 물놀이와 함께 다양한 레포츠를 체험할 수 있으며 공원 곳곳에 입체 음영 및 색으로 표현한 총 280m 규모의 트릭아트존 등 다양한 포토존들이 조성되어 있어 SNS 인생샷을 남길 수 있다.",지역 역사·관광 탐방 동화 배경,장소의 특징을 찾아보고 가족 여행 기록 남기기,5-7;8-10,관광;관광지;남당항;해양분수공원;해양분수공원은;대하;새조개;바다송어로;유명한;남당항에;‘23년도;조성한,남당항 해양분수공원,관광지,충청남도 홍성군 서부면 남당항로 171,충청남도 홍성군 서부면 남당리 864,55000,분수공원+네트어드벤처+화장실+주차장,,,관광시설,,,2023-07-01,8000,180,"남당항 해양분수공원은 대하, 새조개, 바다송어로 유명한 남당항에 ‘23년도 조성한 핫 플레이스로 공원 총면적이 55,000㎡에 달하며 주간에는 국내 최대의 물놀이형 음악분수를 직접 몸으로 체험하여 즐길 수 있으며 야간에는 천수만 밤바다를 배경으로 레이저쇼 등 다양한 조명 연출의 음악 분수를 감상할 수 있다. 또한 2층 구조의 해양권 최초 네트어드벤처가 조성되어 있어 물놀이와 함께 다양한 레포츠를 체험할 수 있으며 공원 곳곳에 입체 음영 및 색으로 표현한 총 280m 규모의 트릭아트존 등 다양한 포토존들이 조성되어 있어 SNS 인생샷을 남길 수 있다.",041-630-1255,충청남도 홍성군청,2025-06-30,4600000,충청남도 홍성군
전국관광지정보표준데이터,https://www.data.go.kr/data/15021141/standard.do,2025-07-03,place,서포리관광지,관광단지,인천광역시 옹진군,인천광역시 옹진군 덕적면 덕적남로606번길 3,37.2232919,126.1169337,"100년이 넘는 노송이 울창한 숲을 이루고 있고 완만한 경사와 넓이 300m 길이 3km의 넓은 백사장은 매년 10만 명이 넘는 관광객들의 휴식처가 되고 있는 곳이다. 200여 년은 족히 됐다는 소나무 8백여 본이 심어져 있는 소나무 숲은 단체야영에 제격이다. 거기에 넓은 운동장, 바닷가 놀이터, 테니스장, 음식점, 노래방, 자전거 대여소도 있으니 웬만한 레저시설은 다 준비되어 있는 셈이다. 주변의 갯바위에서는 우럭과 놀래미가 잘 잡혀 바다 낚시를 즐기는 관광객들의 발길이 끊이지 않고 있다.",지역 역사·관광 탐방 동화 배경,장소의 특징을 찾아보고 가족 여행 기록 남기기,5-7;8-10,관광;관광단지;서포리관광지;100년이;넘는;노송이;울창한;숲을;이루고;있고;완만한;경사와,서포리관광지,관광단지,인천광역시 옹진군 덕적면 덕적남로606번길 3,인천광역시 옹진군 덕적면 서포리 229-23,228769,관리사무소+오수처리장+샤워장+도로+주차장+화장실,펜션,,오토캠핑장,,,1977-03-31,100,20,"100년이 넘는 노송이 울창한 숲을 이루고 있고 완만한 경사와 넓이 300m 길이 3km의 넓은 백사장은 매년 10만 명이 넘는 관광객들의 휴식처가 되고 있는 곳이다. 200여 년은 족히 됐다는 소나무 8백여 본이 심어져 있는 소나무 숲은 단체야영에 제격이다. 거기에 넓은 운동장, 바닷가 놀이터, 테니스장, 음식점, 노래방, 자전거 대여소도 있으니 웬만한 레저시설은 다 준비되어 있는 셈이다. 주변의 갯바위에서는 우럭과 놀래미가 잘 잡혀 바다 낚시를 즐기는 관광객들의 발길이 끊이지 않고 있다.",032-899-2254,인천광역시 옹진군청,2025-07-03,3580000,인천광역시 옹진군
전국관광지정보표준데이터,https://www.data.go.kr/data/15021141/standard.do,2025-07-18,place,왕궁보석테마 관광지,관광지,전북특별자치도 익산시,전북특별자치도 익산시 왕궁면 호반로 8,35.99061279,127.1025486,익산 보석박물관,지역 역사·관광 탐방 동화 배경,장소의 특징을 찾아보고 가족 여행 기록 남기기,5-7;8-10,관광;관광지;왕궁보석테마;익산;보석박물관,왕궁보석테마 관광지,관광지,전북특별자치도 익산시 왕궁면 호반로 8,전북특별자치도 익산시 왕궁면 동용리 541-1,160460,주차장+광장+관광안내시설,,놀이터,보석박물관+화석전시관+공룡테마공원+피크닉장+기타+전시판매센터+식당+판매시설,,,2001-07-05,3000,236,익산 보석박물관,063-859-5797,전북특별자치도 익산시청,2025-07-18,4681000,전북특별자치도 익산시
전국관광지정보표준데이터,https://www.data.go.kr/data/15021141/standard.do,2024-11-20,place,산청전통한방휴양관광지,관광지,경상남도 산청군,경상남도 산청군 금서면 동의보감로555번길 45-6,35.441066,127.829361,"엑스포주제관, 한의학박물관, 동의전 등 머무를 수 있는 체류형 관광지",지역 역사·관광 탐방 동화 배경,장소의 특징을 찾아보고 가족 여행 기록 남기기,5-7;8-10,관광;관광지;산청전통한방휴양관광지;엑스포주제관;한의학박물관;동의전;등;머무를;수;있는;체류형,산청전통한방휴양관광지,관광지,경상남도 산청군 금서면 동의보감로555번길 45-6,경상남도 산청군 금서면 특리 1300-86,294998,공중화장실(12개소)+주차장(3개소),가족호텔,,산림휴양시설+주제관+박물관+약초관+사슴사육장+곰사육장,관광식당,,2001-06-22,250000,400,"엑스포주제관, 한의학박물관, 동의전 등 머무를 수 있는 체류형 관광지",055-970-6633,경상남도 산청군청,2024-11-20,5450000,경상남도 산청군
전국관광지정보표준데이터,https://www.data.go.kr/data/15021141/standard.do,2025-06-30,place,성삼문 선생 유허지,관광지,충청남도 홍성군,충청남도 홍성군 홍북읍 매죽헌길 403-12,36.64524478,126.7310363,성삼문 선생 유허지) : 국가유산,지역 역사·관광 탐방 동화 배경,장소의 특징을 찾아보고 가족 여행 기록 남기기,5-7;8-10,관광;관광지;성삼문;선생;유허지;유허지);:;국가유산,성삼문 선생 유허지,관광지,충청남도 홍성군 홍북읍 매죽헌길 403-12,,10000,문화관광해설사 배치+화장실+주차장,,,고택,,,1973-12-24,10,0,성삼문 선생 유허지) : 국가유산,041-630-1221,충청남도 홍성군청,2025-06-30,4600000,충청남도 홍성군
전국관광지정보표준데이터,https://www.data.go.kr/data/15021141/standard.do,2025-06-30,place,홍주성 역사관,관광지,충청남도 홍성군,충청남도 홍성군 홍성읍 아문길 20,36.60019877,126.6609204,"홍주성 역사관 : 홍성 역사 연구, 발굴, 조사, 전시, 교육 기관",지역 역사·관광 탐방 동화 배경,장소의 특징을 찾아보고 가족 여행 기록 남기기,5-7;8-10,관광;관광지;홍주성;역사관;:;홍성;역사;연구;발굴;조사;전시;교육,홍주성 역사관,관광지,충청남도 홍성군 홍성읍 아문길 20,,46500,문화관광해설사 배치+화장실+주차장+체험실,,,박물관,,,2011-07-01,100,0,"홍주성 역사관 : 홍성 역사 연구, 발굴, 조사, 전시, 교육 기관",041-630-9240,충청남도 홍성군청,2025-06-30,4600000,충청남도 홍성군
전국관광지정보표준데이터,https://www.data.go.kr/data/15021141/standard.do,2025-06-30,place,충남보훈관,관광지,충청남도 홍성군,충청남도 홍성군 홍성읍 상하천로,36.602981,126.660651,충남보훈관 : 호국보훈을 기리는 전시장,지역 역사·관광 탐방 동화 배경,장소의 특징을 찾아보고 가족 여행 기록 남기기,5-7;8-10,관광;관광지;충남보훈관;:;호국보훈을;기리는;전시장,충남보훈관,관광지,충청남도 홍성군 홍성읍 상하천로,,2667,문화관광해설사 배치+화장실+주차장+체험실,,,전시장,,,2014-02-01,50,2,충남보훈관 : 호국보훈을 기리는 전시장,041-635-1090,충청남도 홍성군청,2025-06-30,4600000,충청남도 홍성군
전국관광지정보표준데이터,https://www.data.go.kr/data/15021141/standard.do,2025-06-30,place,홍주의사총,관광지,충청남도 홍성군,충청남도 홍성군 홍성읍 의사로 79,36.6048297,126.6708805,홍주의사총 : 1973년 12월 24일 충청남도기념물로 지정,지역 역사·관광 탐방 동화 배경,장소의 특징을 찾아보고 가족 여행 기록 남기기,5-7;8-10,관광;관광지;홍주의사총;:;1973년;12월;24일;충청남도기념물로;지정,홍주의사총,관광지,충청남도 홍성군 홍성읍 의사로 79,,21000,문화관광해설사 배치+화장실+주차장,,,사적,,,2001-08-17,200,80,홍주의사총 : 1973년 12월 24일 충청남도기념물로 지정,041-633-8733,충청남도 홍성군청,2025-06-30,4600000,충청남도 홍성군
전국관광지정보표준데이터,https://www.data.go.kr/data/15021141/standard.do,2025-06-30,place,결성동헌,관광지,충청남도 홍성군,충청남도 홍성군 흥남서로 738번길,36.551381,126.611921,결성동헌 : 조선시대 관아 1989년 4월 20일 충남문화재 지정,지역 역사·관광 탐방 동화 배경,장소의 특징을 찾아보고 가족 여행 기록 남기기,5-7;8-10,관광;관광지;결성동헌;:;조선시대;관아;1989년;4월;20일;충남문화재;지정,결성동헌,관광지,충청남도 홍성군 흥남서로 738번길,,1400,문화관광해설사 배치+화장실+주차장,,,문화재,,,1989-04-20,20,20,결성동헌 : 조선시대 관아 1989년 4월 20일 충남문화재 지정,041-634-8712,충청남도 홍성군청,2025-06-30,4600000,충청남도 홍성군
전국관광지정보표준데이터,https://www.data.go.kr/data/15021141/standard.do,2025-11-18,place,범어사,관광지,부산광역시 금정구,부산광역시 금정구 범어사로 250,35.28304308,129.0676212,범어사는 역사적으로 많은 고승대덕을 길러내고 선승을 배출한 수행사찰로 오랜 전통과 많은 문화재가 보존되어 있는 한국 불교계의 중심지 중 하나이다.,지역 역사·관광 탐방 동화 배경,장소의 특징을 찾아보고 가족 여행 기록 남기기,5-7;8-10,관광;관광지;범어사;범어사는;역사적으로;많은;고승대덕을;길러내고;선승을;배출한;수행사찰로;오랜,범어사,관광지,부산광역시 금정구 범어사로 250,부산광역시 금정구 청룡동 546,3513,화장실+주차장+명상공간+체육시설,,,,,,1966-01-01,100,100,범어사는 역사적으로 많은 고승대덕을 길러내고 선승을 배출한 수행사찰로 오랜 전통과 많은 문화재가 보존되어 있는 한국 불교계의 중심지 중 하나이다.,051-519-4085,부산광역시 금정구 문화관광과,2025-11-18,3350000,부산광역시 금정구
전국관광지정보표준데이터,https://www.data.go.kr/data/15021141/standard.do,2025-11-18,place,회동수원지,관광지,부산광역시 금정구,부산광역시 금정구 오륜대로258,35.24707332,129.115753,"조선시대부터 아름다운 풍경으로 유명한 회동수원지는 금정구를 대표하는 도심 속 힐링 명소이다. 땅뫼산 황토숲길, 편백나무숲, 오륜대 전망대는 일상 속 휴식처가 되어 준다.",지역 역사·관광 탐방 동화 배경,장소의 특징을 찾아보고 가족 여행 기록 남기기,5-7;8-10,관광;관광지;회동수원지;조선시대부터;아름다운;풍경으로;유명한;회동수원지는;금정구를;대표하는;도심;속,회동수원지,관광지,부산광역시 금정구 오륜대로258,부산광역시 금정구 오륜동 353-2,2017,정자+수변데크,,,,,,2010-01-01,100,20,"조선시대부터 아름다운 풍경으로 유명한 회동수원지는 금정구를 대표하는 도심 속 힐링 명소이다. 땅뫼산 황토숲길, 편백나무숲, 오륜대 전망대는 일상 속 휴식처가 되어 준다.",051-519-4085,부산광역시 금정구 문화관광과,2025-11-18,3350000,부산광역시 금정구
전국관광지정보표준데이터,https://www.data.go.kr/data/15021141/standard.do,2026-02-04,place,수완호수공원,관광지,광주광역시 광산구,광주광역시 광산구 장신로82번길 57,35.18794733,126.8202489,밤낮으로 호수공원의 다른 정취를 느낄 수 있으며 롯데마트를 비롯한 대형마트와 상업시설이 있어 편하게 주차 및 쇼핑을 이용할 수 있다.,지역 역사·관광 탐방 동화 배경,장소의 특징을 찾아보고 가족 여행 기록 남기기,5-7;8-10,관광;관광지;수완호수공원;밤낮으로;호수공원의;다른;정취를;느낄;수;있으며;롯데마트를;비롯한,수완호수공원,관광지,광주광역시 광산구 장신로82번길 57,광주광역시 광산구 장덕동 1681,84835,화장실(2),,,,,,2009-11-12,500,0,밤낮으로 호수공원의 다른 정취를 느낄 수 있으며 롯데마트를 비롯한 대형마트와 상업시설이 있어 편하게 주차 및 쇼핑을 이용할 수 있다.,062-960-8677,광주광역시 광산구청,2026-02-04,3630000,광주광역시 광산구
전국관광지정보표준데이터,https://www.data.go.kr/data/15021141/standard.do,2026-02-04,place,송정작은미술관,관광지,광주광역시 광산구,광주광역시 광산구 송정로30번길 25,35.13510527,126.7933629,"광주송정역세권 도시재생사업으로 개관한 미술관으로써, 광산 송정역세권의 입지적 특성을 고려하여 송정역 이용객들이 1913시장, 골목상권으로 유입될 수 있도록 볼 거리 제공하고 지역의 인문 문화와 어우러지고 시민이 함께하는 열린 공간으로 운영",지역 역사·관광 탐방 동화 배경,장소의 특징을 찾아보고 가족 여행 기록 남기기,5-7;8-10,관광;관광지;송정작은미술관;광주송정역세권;도시재생사업으로;개관한;미술관으로써;광산;송정역세권의;입지적;특성을;고려하여,송정작은미술관,관광지,광주광역시 광산구 송정로30번길 25,광주광역시 광산구 도산동 964-2,393,화장실,,,,,,2021-07-07,126,3,"광주송정역세권 도시재생사업으로 개관한 미술관으로써, 광산 송정역세권의 입지적 특성을 고려하여 송정역 이용객들이 1913시장, 골목상권으로 유입될 수 있도록 볼 거리 제공하고 지역의 인문 문화와 어우러지고 시민이 함께하는 열린 공간으로 운영",062-960-3688,광주광역시 광산구청,2026-02-04,3630000,광주광역시 광산구
전국관광지정보표준데이터,https://www.data.go.kr/data/15021141/standard.do,2026-02-04,place,소촌아트팩토리,관광지,광주광역시 광산구,광주광역시 광산구 소촌로85번길 14-9,35.15262857,126.7912355,"광주 최초의 산업단지 문화재생시설인 소촌아트팩토리는 낡고 오래된 민방위비상대피시설(방공호)과 아시아문화중심도시 홍보관(아시아문화마루)으로 사용되었던 폐컨테이너를 조합해 리뉴얼한 복합문화공간이다.2015년 개관하였으며 큐브미술관, 아르코공연연습센터, 유노윤호 작은도서관 HUG및 부대시설 등을 갖추고 있다. 오랫동안 쓸모없이 방치되었던 유휴공간이 문화예술 콘텐츠 융합을 통해 시민들의 일상을 풍요롭게 하는 혁신공간으로 재탄생한 것이다.",지역 역사·관광 탐방 동화 배경,장소의 특징을 찾아보고 가족 여행 기록 남기기,5-7;8-10,관광;관광지;소촌아트팩토리;광주;최초의;산업단지;문화재생시설인;소촌아트팩토리는;낡고;오래된;민방위비상대피시설(방공호)과;아시아문화중심도시,소촌아트팩토리,관광지,광주광역시 광산구 소촌로85번길 14-9,광주광역시 광산구 소촌동 845,2454,화장실+주차장,,,,,,2015-12-24,102,23,"광주 최초의 산업단지 문화재생시설인 소촌아트팩토리는 낡고 오래된 민방위비상대피시설(방공호)과 아시아문화중심도시 홍보관(아시아문화마루)으로 사용되었던 폐컨테이너를 조합해 리뉴얼한 복합문화공간이다.2015년 개관하였으며 큐브미술관, 아르코공연연습센터, 유노윤호 작은도서관 HUG및 부대시설 등을 갖추고 있다. 오랫동안 쓸모없이 방치되었던 유휴공간이 문화예술 콘텐츠 융합을 통해 시민들의 일상을 풍요롭게 하는 혁신공간으로 재탄생한 것이다.",062-960-3688,광주광역시 광산구청,2026-02-04,3630000,광주광역시 광산구
전국관광지정보표준데이터,https://www.data.go.kr/data/15021141/standard.do,2026-02-04,place,별밤미술관 in 첨단,관광지,광주광역시 광산구,광주광역시 광산구 첨단중앙로182번길 39,35.22222807,126.8442514,"코로나19 팬데믹으로 위축된 예술인들의 활동을 장려하고 대중 속에서 꽃피는 전시문화를 위해, 주민들이 즐겨 찾는 거점공간에 비대면 간이 미술관 5개소를 조성 및 운영하고있습니다.  별밤미술관은 탁 트인 야외 공원에 위치하고 있고 저녁 시간에 운영하기 때문에 직장에 다니거나 일을 하느라 바쁜 일상에서 일부러 시간을 낼 필요도 없습니다. 퇴근 후 동네 공원에서 산책하시거나 운동하시면서 좋은 작품을 여유롭게 즐기시기만 하면 됩니다.",지역 역사·관광 탐방 동화 배경,장소의 특징을 찾아보고 가족 여행 기록 남기기,5-7;8-10,관광;관광지;별밤미술관;in;첨단;코로나19;팬데믹으로;위축된;예술인들의;활동을;장려하고;대중,별밤미술관 in 첨단,관광지,광주광역시 광산구 첨단중앙로182번길 39,광주광역시 광산구 쌍암동 653-1,126.79336,없음,,,,,,2020-09-17,0,0,"코로나19 팬데믹으로 위축된 예술인들의 활동을 장려하고 대중 속에서 꽃피는 전시문화를 위해, 주민들이 즐겨 찾는 거점공간에 비대면 간이 미술관 5개소를 조성 및 운영하고있습니다.  별밤미술관은 탁 트인 야외 공원에 위치하고 있고 저녁 시간에 운영하기 때문에 직장에 다니거나 일을 하느라 바쁜 일상에서 일부러 시간을 낼 필요도 없습니다. 퇴근 후 동네 공원에서 산책하시거나 운동하시면서 좋은 작품을 여유롭게 즐기시기만 하면 됩니다.",062-960-3689,광주광역시 광산구청,2026-02-04,3630000,광주광역시 광산구
전국관광지정보표준데이터,https://www.data.go.kr/data/15021141/standard.do,2025-08-26,place,황계폭포,관광지,경상남도 합천군,경상남도 합천군 용주면 황계2길 30,35.51135706,128.071173,떨어지는 폭포소리와 그 풍경이 예술인 자연의 신비,지역 역사·관광 탐방 동화 배경,장소의 특징을 찾아보고 가족 여행 기록 남기기,5-7;8-10,관광;관광지;황계폭포;떨어지는;폭포소리와;그;풍경이;예술인;자연의;신비,황계폭포,관광지,경상남도 합천군 용주면 황계2길 30,,11804,화장실,,,,,,2020-07-07,200,40,떨어지는 폭포소리와 그 풍경이 예술인 자연의 신비,055-930-4663,경상남도 합천군청,2025-08-26,5480000,경상남도 합천군
전국관광지정보표준데이터,https://www.data.go.kr/data/15021141/standard.do,2025-08-26,place,정양레포츠공원,관광지,경상남도 합천군,경상남도 합천군 대양면 동부로 39-13,35.55690191,128.1668052,남녀노소 즐길거리가 다양한 여름 대표 휴가지,지역 역사·관광 탐방 동화 배경,장소의 특징을 찾아보고 가족 여행 기록 남기기,5-7;8-10,관광;관광지;정양레포츠공원;남녀노소;즐길거리가;다양한;여름;대표;휴가지,정양레포츠공원,관광지,경상남도 합천군 대양면 동부로 39-13,,10708,주차장+화장실,,,,,,2020-07-07,3000,150,남녀노소 즐길거리가 다양한 여름 대표 휴가지,055-930-4663,경상남도 합천군청,2025-08-26,5480000,경상남도 합천군
전국관광지정보표준데이터,https://www.data.go.kr/data/15021141/standard.do,2024-08-13,place,최참판댁,관광지,경상남도 하동군,경상남도 하동군 악양면 평사리길 66-7,35.15590905,127.688408,소설 토지의 최참판댁을 복원하여 전통 건축물 등을 관람 할 수 있음,지역 역사·관광 탐방 동화 배경,장소의 특징을 찾아보고 가족 여행 기록 남기기,5-7;8-10,관광;관광지;최참판댁;소설;토지의;최참판댁을;복원하여;전통;건축물;등을;관람;할,최참판댁,관광지,경상남도 하동군 악양면 평사리길 66-7,경상남도 하동군 악양면 평사리 483,9529,화장실(4동)+주차장,,,,,,2001-01-04,5000,230,소설 토지의 최참판댁을 복원하여 전통 건축물 등을 관람 할 수 있음,055-880-2821,경상남도 하동군청,2024-08-13,5440000,경상남도 하동군
전국관광지정보표준데이터,https://www.data.go.kr/data/15021141/standard.do,2024-08-13,place,화개장터,관광지,경상남도 하동군,경상남도 하동군 화개면 쌍계로 15,35.18798946,127.6240666,영호남 교통의 길목이며 물류이동의 중심지로서 화개장터가 조성됨,지역 역사·관광 탐방 동화 배경,장소의 특징을 찾아보고 가족 여행 기록 남기기,5-7;8-10,관광;관광지;화개장터;영호남;교통의;길목이며;물류이동의;중심지로서;화개장터가;조성됨,화개장터,관광지,경상남도 하동군 화개면 쌍계로 15,경상남도 하동군 화개면 탑리 726-46,8226,화장실(2동)+주차장,,,,,,2001-09-25,3000,300,영호남 교통의 길목이며 물류이동의 중심지로서 화개장터가 조성됨,055-880-2821,경상남도 하동군청,2024-08-13,5440000,경상남도 하동군
전국관광지정보표준데이터,https://www.data.go.kr/data/15021141/standard.do,2024-08-13,place,삼성궁,관광지,경상남도 하동군,경상남도 하동군 청암면 삼성궁길 2,35.23870093,127.7054288,"환인, 환웅, 단군을 모신 궁이며 돌탑 등을 관람 할 수 있음",지역 역사·관광 탐방 동화 배경,장소의 특징을 찾아보고 가족 여행 기록 남기기,5-7;8-10,관광;관광지;삼성궁;환인;환웅;단군을;모신;궁이며;돌탑;등을;관람;할,삼성궁,관광지,경상남도 하동군 청암면 삼성궁길 2,경상남도 하동군 청암면 묵계리 1738-3,43967,화장실(2동)+주차장,,,,,,2001-12-03,3000,100,"환인, 환웅, 단군을 모신 궁이며 돌탑 등을 관람 할 수 있음",055-884-1279,배달성전 삼성궁,2024-08-13,5440000,경상남도 하동군
전국관광지정보표준데이터,https://www.data.go.kr/data/15021141/standard.do,2024-08-13,place,이병주문학관,관광지,경상남도 하동군,경상남도 하동군 북천면 이명골길 14-28,35.09720238,127.8942256,문학인 이병주선생의 작품 및 작품활동을 엿볼수 있음,지역 역사·관광 탐방 동화 배경,장소의 특징을 찾아보고 가족 여행 기록 남기기,5-7;8-10,관광;관광지;이병주문학관;문학인;이병주선생의;작품;및;작품활동을;엿볼수;있음,이병주문학관,관광지,경상남도 하동군 북천면 이명골길 14-28,경상남도 하동군 북천면 직전리 231,13535,화장실(2동)+주차장,,,,,,2008-04-24,500,40,문학인 이병주선생의 작품 및 작품활동을 엿볼수 있음,055-880-2821,경상남도 하동군청,2024-08-13,5440000,경상남도 하동군
전국관광지정보표준데이터,https://www.data.go.kr/data/15021141/standard.do,2021-10-27,place,오월드,관광지,대전광역시 중구,대전광역시 중구 사정공원로 70,36.28749807,127.3985061,Y,지역 역사·관광 탐방 동화 배경,장소의 특징을 찾아보고 가족 여행 기록 남기기,5-7;8-10,관광;관광지;오월드;Y,오월드,관광지,대전광역시 중구 사정공원로 70,대전광역시 중구 사정동 142,783000,Y,N,Y,Y,N,Y,2019-01-01,3000,1913,Y,042-580-4820,Y,2021-10-27,6300000,대전광역시
전국관광지정보표준데이터,https://www.data.go.kr/data/15021141/standard.do,2021-10-27,place,뿌리공원,관광지,대전광역시 중구,대전광역시 중구 뿌리공원로 79,36.28537962,127.3883000376,Y,지역 역사·관광 탐방 동화 배경,장소의 특징을 찾아보고 가족 여행 기록 남기기,5-7;8-10,관광;관광지;뿌리공원;Y,뿌리공원,관광지,대전광역시 중구 뿌리공원로 79,대전광역시 중구 침산동 364,125000,Y,N,Y,Y,N,Y,2019-01-01,3000,447,Y,042-228-8310,Y,2021-10-27,6300000,대전광역시
전국관광지정보표준데이터,https://www.data.go.kr/data/15021141/standard.do,2021-10-27,place,엑스포과학공원,관광지,대전광역시 유성구,대전광역시 유성구 대덕대로 480,36.37662561,127.3871992,Y,지역 역사·관광 탐방 동화 배경,장소의 특징을 찾아보고 가족 여행 기록 남기기,5-7;8-10,관광;관광지;엑스포과학공원;Y,엑스포과학공원,관광지,대전광역시 유성구 대덕대로 480,대전광역시 유성구 도룡동 3-1,130000,Y,N,Y,Y,N,Y,2019-01-01,2000,200,Y,042-250-1111,Y,2021-10-27,6300000,대전광역시
전국관광지정보표준데이터,https://www.data.go.kr/data/15021141/standard.do,2021-10-27,place,한밭수목원,관광지,대전광역시 서구,대전광역시 서구 둔산대로 169,36.36646857,127.3880154,Y,지역 역사·관광 탐방 동화 배경,장소의 특징을 찾아보고 가족 여행 기록 남기기,5-7;8-10,관광;관광지;한밭수목원;Y,한밭수목원,관광지,대전광역시 서구 둔산대로 169,대전광역시 서구 만년동 396,387000,Y,N,Y,Y,N,Y,2019-01-01,3000,465,Y,042-270-8464,Y,2021-10-27,6300000,대전광역시
전국관광지정보표준데이터,https://www.data.go.kr/data/15021141/standard.do,2021-10-27,place,계족산황톳길,관광지,대전광역시 대덕구,대전광역시 대덕구 장동로 59,36.40406651,127.4297932,Y,지역 역사·관광 탐방 동화 배경,장소의 특징을 찾아보고 가족 여행 기록 남기기,5-7;8-10,관광;관광지;계족산황톳길;Y,계족산황톳길,관광지,대전광역시 대덕구 장동로 59,대전광역시 대덕구 와동 2-1,54000,Y,N,Y,Y,N,Y,2019-01-01,3000,25,Y,042-623-9909,Y,2021-10-27,6300000,대전광역시
전국관광지정보표준데이터,https://www.data.go.kr/data/15021141/standard.do,2021-10-27,place,대청호반,관광지,대전광역시 대덕구,대전광역시 대덕구 대청로 607,36.47362538,127.4735679,Y,지역 역사·관광 탐방 동화 배경,장소의 특징을 찾아보고 가족 여행 기록 남기기,5-7;8-10,관광;관광지;대청호반;Y,대청호반,관광지,대전광역시 대덕구 대청로 607,대전광역시 대덕구 미호동 57,72800,Y,N,Y,Y,N,Y,2019-01-01,3000,0,Y,042-930-7240,Y,2021-10-27,6300000,대전광역시
전국관광지정보표준데이터,https://www.data.go.kr/data/15021141/standard.do,2021-10-27,place,장태산휴양림,관광지,대전광역시 서구,대전광역시 서구 장안로 461,36.21596913,127.3412778,Y,지역 역사·관광 탐방 동화 배경,장소의 특징을 찾아보고 가족 여행 기록 남기기,5-7;8-10,관광;관광지;장태산휴양림;Y,장태산휴양림,관광지,대전광역시 서구 장안로 461,대전광역시 서구 장안동 259,815855,Y,N,Y,Y,N,Y,2019-01-01,2000,472,Y,042-270-7883,Y,2021-10-27,6300000,대전광역시
전국관광지정보표준데이터,https://www.data.go.kr/data/15021141/standard.do,2026-02-06,place,달성토성마을,관광지,대구광역시 서구,대구광역시 서구 국채보상로 83길 21 (비산동) 일대,35.87331563,128.5753765,집안에 있는 화분을 골목으로 꺼내놓으며 시작된 골목정원,지역 역사·관광 탐방 동화 배경,장소의 특징을 찾아보고 가족 여행 기록 남기기,5-7;8-10,관광;관광지;달성토성마을;집안에;있는;화분을;골목으로;꺼내놓으며;시작된;골목정원,달성토성마을,관광지,대구광역시 서구 국채보상로 83길 21 (비산동) 일대,대구광역시 서구 비산동 404-5,45000,행복한 날뫼골 공방,,,채비천연염색공방+전양순자수박물관+마을도서관 햇빛따라+퍼팩토리소극장,달성토성마을 다락방,,2015-06-01,8000,26,집안에 있는 화분을 골목으로 꺼내놓으며 시작된 골목정원,053-663-2181,대구광역시 서구청,2026-02-06,3430000,대구광역시 서구
전국관광지정보표준데이터,https://www.data.go.kr/data/15021141/standard.do,2026-01-27,place,꽃보라동산,관광지,대구광역시 북구,대구광역시 북구 산격동 1500-6,35.88935018,128.601059,대구광역시 북구 8경사진찍기좋은명소,지역 역사·관광 탐방 동화 배경,장소의 특징을 찾아보고 가족 여행 기록 남기기,5-7;8-10,관광;관광지;꽃보라동산;대구광역시;북구;8경사진찍기좋은명소,꽃보라동산,관광지,,대구광역시 북구 산격동 1500-6,10000,화장실+벤치+벚꽃길,,,,,,2017-03-14,3000,50,대구광역시 북구 8경사진찍기좋은명소,053-665-2344,대구광역시 북구청,2026-01-27,3450000,대구광역시 북구
전국관광지정보표준데이터,https://www.data.go.kr/data/15021141/standard.do,2026-01-27,place,운암지수변공원,관광지,대구광역시 북구,대구광역시 북구 구암동 349,35.93241418,128.5674979,대구광역시 북구 8경사진찍기좋은명소,지역 역사·관광 탐방 동화 배경,장소의 특징을 찾아보고 가족 여행 기록 남기기,5-7;8-10,관광;관광지;운암지수변공원;대구광역시;북구;8경사진찍기좋은명소,운암지수변공원,관광지,,대구광역시 북구 구암동 349,17962,화장실+데크로드+분수대+생활공원+유아숲체험원,,,,,,2017-03-14,10000,50,대구광역시 북구 8경사진찍기좋은명소,053-665-2344,대구광역시 북구청,2026-01-27,3450000,대구광역시 북구
전국관광지정보표준데이터,https://www.data.go.kr/data/15021141/standard.do,2026-01-27,place,팔달대교 야경,관광지,대구광역시 북구,대구광역시 북구 팔달동 524-4,35.89629048,128.5491628,대구광역시 북구 8경사진찍기좋은명소,지역 역사·관광 탐방 동화 배경,장소의 특징을 찾아보고 가족 여행 기록 남기기,5-7;8-10,관광;관광지;팔달대교;야경;대구광역시;북구;8경사진찍기좋은명소,팔달대교 야경,관광지,,대구광역시 북구 팔달동 524-4,10000,조명시설,,,,,,2017-03-14,1000,0,대구광역시 북구 8경사진찍기좋은명소,053-665-2344,대구광역시 북구청,2026-01-27,3450000,대구광역시 북구
전국관광지정보표준데이터,https://www.data.go.kr/data/15021141/standard.do,2026-01-27,place,금호강하중도,관광지,대구광역시 북구,대구광역시 북구 노곡동 673,35.90019471,128.5595886,대구광역시 북구 8경사진찍기좋은명소,지역 역사·관광 탐방 동화 배경,장소의 특징을 찾아보고 가족 여행 기록 남기기,5-7;8-10,관광;관광지;금호강하중도;대구광역시;북구;8경사진찍기좋은명소,금호강하중도,관광지,,대구광역시 북구 노곡동 673,223000,화장실+주차장,,,,,,2017-03-14,50000,2000,대구광역시 북구 8경사진찍기좋은명소,053-665-2344,대구광역시 북구청,2026-01-27,3450000,대구광역시 북구
전국관광지정보표준데이터,https://www.data.go.kr/data/15021141/standard.do,2026-01-27,place,경북대학교 캠퍼스,관광지,대구광역시 북구,대구광역시 북구 대학로80,35.88909849,128.6143217,대구광역시 북구 8경사진찍기좋은명소,지역 역사·관광 탐방 동화 배경,장소의 특징을 찾아보고 가족 여행 기록 남기기,5-7;8-10,관광;관광지;경북대학교;캠퍼스;대구광역시;북구;8경사진찍기좋은명소,경북대학교 캠퍼스,관광지,대구광역시 북구 대학로80,대구광역시 북구 산격동 1370-1,1317639,화장실+주차장+휴게시설,,,,,,2017-03-14,50000,5000,대구광역시 북구 8경사진찍기좋은명소,053-665-2344,대구광역시 북구청,2026-01-27,3450000,대구광역시 북구
전국관광지정보표준데이터,https://www.data.go.kr/data/15021141/standard.do,2026-01-27,place,함지공원,관광지,대구광역시 북구,대구광역시 북구 동암로38길 9,35.9424608,128.570482,대구광역시 북구 8경사진찍기좋은명소,지역 역사·관광 탐방 동화 배경,장소의 특징을 찾아보고 가족 여행 기록 남기기,5-7;8-10,관광;관광지;함지공원;대구광역시;북구;8경사진찍기좋은명소,함지공원,관광지,대구광역시 북구 동암로38길 9,대구광역시 북구 구암동 775-6,44385,화장실+주차장+음악공원시설+물놀이시설+휴게시설,,,,,,2017-03-14,10000,100,대구광역시 북구 8경사진찍기좋은명소,053-665-2344,대구광역시 북구청,2026-01-27,3450000,대구광역시 북구
전국관광지정보표준데이터,https://www.data.go.kr/data/15021141/standard.do,2026-01-27,place,구암서원,관광지,대구광역시 북구,대구광역시 북구 연암공원로17길 20,35.89881592,128.5989989,대구광역시 북구 8경사진찍기좋은명소,지역 역사·관광 탐방 동화 배경,장소의 특징을 찾아보고 가족 여행 기록 남기기,5-7;8-10,관광;관광지;구암서원;대구광역시;북구;8경사진찍기좋은명소,구암서원,관광지,대구광역시 북구 연암공원로17길 20,대구광역시 북구 산격동 산79-1,65000,화장실+주차장+관광안내시설+휴게시설,,,,,,2017-03-14,500,30,대구광역시 북구 8경사진찍기좋은명소,053-665-2344,대구광역시 북구청,2026-01-27,3450000,대구광역시 북구
전국관광지정보표준데이터,https://www.data.go.kr/data/15021141/standard.do,2026-01-27,place,침산정,관광지,대구광역시 북구,대구광역시 북구 침산남로9길 118,35.897221,128.5848591,대구광역시 북구 8경사진찍기좋은명소,지역 역사·관광 탐방 동화 배경,장소의 특징을 찾아보고 가족 여행 기록 남기기,5-7;8-10,관광;관광지;침산정;대구광역시;북구;8경사진찍기좋은명소,침산정,관광지,대구광역시 북구 침산남로9길 118,대구광역시 북구 침산동 1168-3,291080,화장실+주차장+휴게시설,,,,,,2017-03-14,500,50,대구광역시 북구 8경사진찍기좋은명소,053-665-2344,대구광역시 북구청,2026-01-27,3450000,대구광역시 북구
전국관광지정보표준데이터,https://www.data.go.kr/data/15021141/standard.do,2026-02-04,place,월봉서원,관광지,광주광역시 광산구,광주광역시 광산구 광곡길 133,35.23583653,126.7451862,조선 전기의 문신인 기대승(1527∼1572)선생의 위패를 모시고 있는 사당으로 그 시대에 조선의 명신들을 함께 배향하였던 ‘월봉서원’의 강당이다. 기대승 선생은 성리학의 대가로서 새 학설을 제시하여 학계에 주목을 받았으며 스승인 이황 선생과 사단칠정을 주제로 8년 간 서신왕래를 한 것으로도 유명하다.,지역 역사·관광 탐방 동화 배경,장소의 특징을 찾아보고 가족 여행 기록 남기기,5-7;8-10,관광;관광지;월봉서원;조선;전기의;문신인;기대승(1527∼1572)선생의;위패를;모시고;있는;사당으로;그,월봉서원,관광지,광주광역시 광산구 광곡길 133,광주광역시 광산구 광산동 452,2344,화장실(1)+주차장,,,,,,1979-08-03,50,10,조선 전기의 문신인 기대승(1527∼1572)선생의 위패를 모시고 있는 사당으로 그 시대에 조선의 명신들을 함께 배향하였던 ‘월봉서원’의 강당이다. 기대승 선생은 성리학의 대가로서 새 학설을 제시하여 학계에 주목을 받았으며 스승인 이황 선생과 사단칠정을 주제로 8년 간 서신왕래를 한 것으로도 유명하다.,062-960-8255,광주광역시 광산구청,2026-02-04,3630000,광주광역시 광산구
전국관광지정보표준데이터,https://www.data.go.kr/data/15021141/standard.do,2026-02-04,place,무양서원,관광지,광주광역시 광산구,광주광역시 광산구 산월로21번길 26,35.21001305,126.8400956,고려 인종 때 어의이면서 명신인 장경공 최사전을 중심으로 그의 후손 4명을 모시고 있는 서원으로 1927년에 전국 유림의 호응을 얻어서 세운 서원이다. 서원의 이름은 광주의 옛 지명에서 따 왔다.,지역 역사·관광 탐방 동화 배경,장소의 특징을 찾아보고 가족 여행 기록 남기기,5-7;8-10,관광;관광지;무양서원;고려;인종;때;어의이면서;명신인;장경공;최사전을;중심으로;그의,무양서원,관광지,광주광역시 광산구 산월로21번길 26,광주광역시 광산구 월계동 535-2,3167,화장실(1)+주차장,,,,,,1987-12-31,30,6,고려 인종 때 어의이면서 명신인 장경공 최사전을 중심으로 그의 후손 4명을 모시고 있는 서원으로 1927년에 전국 유림의 호응을 얻어서 세운 서원이다. 서원의 이름은 광주의 옛 지명에서 따 왔다.,062-960-8255,광주광역시 광산구청,2026-02-04,3630000,광주광역시 광산구
전국관광지정보표준데이터,https://www.data.go.kr/data/15021141/standard.do,2026-02-04,place,용아생가,관광지,광주광역시 광산구,광주광역시 광산구 소촌로46번길 24,35.14942906,126.7951682,"김영랑·정지용·정인보 등과 문학 동인으로 활동하였던, 한국 서정시 발전에 선구적 역할을 한 용아 박용철(1904∼1938) 선생의 생가이다.",지역 역사·관광 탐방 동화 배경,장소의 특징을 찾아보고 가족 여행 기록 남기기,5-7;8-10,관광;관광지;용아생가;김영랑·정지용·정인보;등과;문학;동인으로;활동하였던;한국;서정시;발전에;선구적,용아생가,관광지,광주광역시 광산구 소촌로46번길 24,광주광역시 광산구 소촌동 363-1,2479,화장실,,,,,,1986-02-07,30,0,"김영랑·정지용·정인보 등과 문학 동인으로 활동하였던, 한국 서정시 발전에 선구적 역할을 한 용아 박용철(1904∼1938) 선생의 생가이다.",062-960-3827,광주광역시 광산구청,2026-02-04,3630000,광주광역시 광산구
전국관광지정보표준데이터,https://www.data.go.kr/data/15021141/standard.do,2026-02-04,place,호가정,관광지,광주광역시 광산구,광주광역시 광산구 동곡분토길 195,35.08243286,126.7871342,조선시대 문신 설강 유사 선생이 지은 정자로 큰 소리로 노래 부른다라는 의미를 담고 있다고 하며 광산 8경 중 한 곳으로 선정될 만큼 풍광이 수려하고 유서깊은 곳이다.,지역 역사·관광 탐방 동화 배경,장소의 특징을 찾아보고 가족 여행 기록 남기기,5-7;8-10,관광;관광지;호가정;조선시대;문신;설강;유사;선생이;지은;정자로;큰;소리로,호가정,관광지,광주광역시 광산구 동곡분토길 195,광주광역시 광산구 본덕동 1,731,화장실,,,,,,1990-11-15,25,2,조선시대 문신 설강 유사 선생이 지은 정자로 큰 소리로 노래 부른다라는 의미를 담고 있다고 하며 광산 8경 중 한 곳으로 선정될 만큼 풍광이 수려하고 유서깊은 곳이다.,062-960-3827,광주광역시 광산구청,2026-02-04,3630000,광주광역시 광산구
전국관광지정보표준데이터,https://www.data.go.kr/data/15021141/standard.do,2026-02-04,place,신창동 유적체험학습관,관광지,광주광역시 광산구,광주광역시 광산구 북문대로 396-2,35.19348956,126.8504632,초기 철기의 생활에 대한 동영상 시청 등을 포함한 그 시대 체험 박물관,지역 역사·관광 탐방 동화 배경,장소의 특징을 찾아보고 가족 여행 기록 남기기,5-7;8-10,관광;관광지;신창동;유적체험학습관;초기;철기의;생활에;대한;동영상;시청;등을;포함한,신창동 유적체험학습관,관광지,광주광역시 광산구 북문대로 396-2,광주광역시 광산구 신창동 632-4,2259,화장실(2)+직원동+주차장,,,,,,2022-10-10,100,23,초기 철기의 생활에 대한 동영상 시청 등을 포함한 그 시대 체험 박물관,062-960-3827,광주광역시 문화기반조성과,2026-02-04,3630000,광주광역시 광산구
전국관광지정보표준데이터,https://www.data.go.kr/data/15021141/standard.do,2026-02-04,place,쌍암공원,관광지,광주광역시 광산구,광주광역시 광산구 첨단중앙로182번길 39,35.22222807,126.8442514,"한가운데 위치하고 있는 호수, 호수주변을 따라 잘 조성된 철쭉꽃 숲들과 소나무숲이 운치를 더한다.",지역 역사·관광 탐방 동화 배경,장소의 특징을 찾아보고 가족 여행 기록 남기기,5-7;8-10,관광;관광지;쌍암공원;한가운데;위치하고;있는;호수;호수주변을;따라;잘;조성된;철쭉꽃,쌍암공원,관광지,광주광역시 광산구 첨단중앙로182번길 39,광주광역시 광산구 쌍암동 653-1,147962,주차장(2)+화장실(3),,,,,,1998-02-21,800,194,"한가운데 위치하고 있는 호수, 호수주변을 따라 잘 조성된 철쭉꽃 숲들과 소나무숲이 운치를 더한다.",062-960-8702,광주광역시 광산구청,2026-02-04,3630000,광주광역시 광산구
전국관광지정보표준데이터,https://www.data.go.kr/data/15021141/standard.do,2025-08-26,place,해인사 소리길,관광지,경상남도 합천군,경상남도 합천군 가야면 가야산로 1160,35.76749785,128.1365362,"트래킹코스로 사랑받고, 다양한 꽃길을 보유한 소리길",지역 역사·관광 탐방 동화 배경,장소의 특징을 찾아보고 가족 여행 기록 남기기,5-7;8-10,관광;관광지;해인사;소리길;트래킹코스로;사랑받고;다양한;꽃길을;보유한,해인사 소리길,관광지,경상남도 합천군 가야면 가야산로 1160,,930365,주차장+화장실,,,,,,2020-07-07,5000,200,"트래킹코스로 사랑받고, 다양한 꽃길을 보유한 소리길",055-930-8000,경상남도 합천군청,2025-08-26,5480000,경상남도 합천군
전국관광지정보표준데이터,https://www.data.go.kr/data/15021141/standard.do,2025-08-26,place,신소양체육공원,관광지,경상남도 합천군,경상남도 합천군 합천읍 영창리 898,35.580901,128.170251,"핑크뮬리, 유채, 황화고스모스 등 계절별 초화류 및 은행나무 군락지",지역 역사·관광 탐방 동화 배경,장소의 특징을 찾아보고 가족 여행 기록 남기기,5-7;8-10,관광;관광지;신소양체육공원;핑크뮬리;유채;황화고스모스;등;계절별;초화류;및;은행나무;군락지,신소양체육공원,관광지,,경상남도 합천군 합천읍 영창리 898,50000,주차장+화장실,,,,,,2024-01-04,5000,400,"핑크뮬리, 유채, 황화고스모스 등 계절별 초화류 및 은행나무 군락지",055-930-3544,경상남도 합천군청,2025-08-26,5480000,경상남도 합천군
전국관광지정보표준데이터,https://www.data.go.kr/data/15021141/standard.do,2025-08-26,place,합천호회양관광단지,관광지,경상남도 합천군,경상남도 합천군 대병면 회양리 700-27,35.524398,128.016537,자연 경관이 뛰어난 호반 유원지,지역 역사·관광 탐방 동화 배경,장소의 특징을 찾아보고 가족 여행 기록 남기기,5-7;8-10,관광;관광지;합천호회양관광단지;자연;경관이;뛰어난;호반;유원지,합천호회양관광단지,관광지,,경상남도 합천군 대병면 회양리 700-27,51000,주차장+화장실,,,,,,2020-06-17,1000,100,자연 경관이 뛰어난 호반 유원지,055-930-3752,경상남도 합천군청,2025-08-26,5480000,경상남도 합천군
전국관광지정보표준데이터,https://www.data.go.kr/data/15021141/standard.do,2025-08-26,place,무릉계곡,관광지,강원특별자치도 동해시,강원특별자치도 동해시 삼화로 584,37.463551,129.0146909,신선이 노닐었다는 무릉계곡명승지 일명 무릉도원이라 불리는 무릉계곡 명승지는 두타산과 청옥산을 배경으로 이루어진 계곡으로 수많은 기암괴석과 절경들이 장관을 이루고 있어 마치 현존하는 선경에 와있는 듯한 느낌을 준다.,지역 역사·관광 탐방 동화 배경,장소의 특징을 찾아보고 가족 여행 기록 남기기,5-7;8-10,관광;관광지;무릉계곡;신선이;노닐었다는;무릉계곡명승지;일명;무릉도원이라;불리는;명승지는;두타산과;청옥산을,무릉계곡,관광지,강원특별자치도 동해시 삼화로 584,강원특별자치도 동해시 삼화동 860-1,156000,"관리사무소, 주차장, 화장실, 관광안내소, 전기시설, 통신시설, 상하수도시설","캠핑장, 일반숙박업소 등",,야영장,,관리사무실,1977-03-01,10000,600,신선이 노닐었다는 무릉계곡명승지 일명 무릉도원이라 불리는 무릉계곡 명승지는 두타산과 청옥산을 배경으로 이루어진 계곡으로 수많은 기암괴석과 절경들이 장관을 이루고 있어 마치 현존하는 선경에 와있는 듯한 느낌을 준다.,033-530-2447,강원특별자치도 동해시청,2025-08-26,4211000,강원특별자치도 동해시
전국관광지정보표준데이터,https://www.data.go.kr/data/15021141/standard.do,2025-08-26,place,망상,관광지,강원특별자치도 동해시,강원특별자치도 동해시 동해대로 6270-10,37.59225327,129.0896922,"눈앞에 바로 펼쳐지는 깨끗한 백사장과 맑고 푸른 바다, 상쾌한 바닷바람과 해가 뜨는 드넓은 수평선을 느낄 수 있는 해수욕장과 오토캠핑리조트등이 있다",지역 역사·관광 탐방 동화 배경,장소의 특징을 찾아보고 가족 여행 기록 남기기,5-7;8-10,관광;관광지;망상;눈앞에;바로;펼쳐지는;깨끗한;백사장과;맑고;푸른;바다;상쾌한,망상,관광지,강원특별자치도 동해시 동해대로 6270-10,강원특별자치도 동해시 망상동 393-100,459397,"관리사무소, 주차장, 샤워장, 화장실, 관광안내소, 전기시설, 통신시설, 상하수도시설","관광호텔, 리조트, 가족호텔, 야영장, 일반숙박업소 등",게이트볼장,"야영장, 한옥체험, 해수욕장",,관리사무실,1977-03-01,10000,900,"눈앞에 바로 펼쳐지는 깨끗한 백사장과 맑고 푸른 바다, 상쾌한 바닷바람과 해가 뜨는 드넓은 수평선을 느낄 수 있는 해수욕장과 오토캠핑리조트등이 있다",033-530-2447,강원특별자치도 동해시청,2025-08-26,4211000,강원특별자치도 동해시
전국관광지정보표준데이터,https://www.data.go.kr/data/15021141/standard.do,2022-12-01,place,난지섬관광지,관광지,충청남도 당진시,충청남도 당진시 석문면 난지1길 67,37.047036,126.4242087,바다가 맑고 한적한 섬 해수욕장,지역 역사·관광 탐방 동화 배경,장소의 특징을 찾아보고 가족 여행 기록 남기기,5-7;8-10,관광;관광지;난지섬관광지;바다가;맑고;한적한;섬;해수욕장,난지섬관광지,관광지,충청남도 당진시 석문면 난지1길 67,,155440,공중화장실+공연장+전망대,,,,,,2007-02-28,100000,150,바다가 맑고 한적한 섬 해수욕장,041-350-3601,충청남도 당진시청,2022-12-01,5680000,충청남도 당진시
전국관광지정보표준데이터,https://www.data.go.kr/data/15021141/standard.do,2022-11-23,place,마곡사관광지,관광지,충청남도 공주시,충청남도 공주시 사곡면 운암리 731-2,36.55617136,127.0205918,천년고찰 마곡사 관광지,지역 역사·관광 탐방 동화 배경,장소의 특징을 찾아보고 가족 여행 기록 남기기,5-7;8-10,관광;관광지;마곡사관광지;천년고찰;마곡사,마곡사관광지,관광지,,충청남도 공주시 사곡면 운암리 731-2,125861,화장실+주차장,"펜션, 민박",백범명상길,탬플스테이,음식점,,1994-03-30,5000,100,천년고찰 마곡사 관광지,1899-0088,공주시,2022-11-23,4500000,충청남도 공주시
전국관광지정보표준데이터,https://www.data.go.kr/data/15021141/standard.do,2022-11-23,place,공주문화관광지,관광지,충청남도 공주시,충청남도 공주시 웅진동 431,36.47022166,127.1117007,백제역사 유적관광지,지역 역사·관광 탐방 동화 배경,장소의 특징을 찾아보고 가족 여행 기록 남기기,5-7;8-10,관광;관광지;공주문화관광지;백제역사;유적관광지,공주문화관광지,관광지,,충청남도 공주시 웅진동 431,1029179,화장실+주차장+관리사무소+관광안내소,한옥마을,공산성,"고마센터, 국립박물관",음식점,,2007-09-27,5000,100,백제역사 유적관광지,1899-0088,공주시,2022-11-23,4500000,충청남도 공주시
전국관광지정보표준데이터,https://www.data.go.kr/data/15021141/standard.do,2021-10-27,place,대전둘레산길,관광단지,대전광역시 중구,대전광역시 중구 보문산공원로 440,36.30879672,127.4231236,Y,지역 역사·관광 탐방 동화 배경,장소의 특징을 찾아보고 가족 여행 기록 남기기,5-7;8-10,관광;관광단지;대전둘레산길;Y,대전둘레산길,관광단지,대전광역시 중구 보문산공원로 440,대전광역시 중구 대사동 195-2,159000,Y,N,Y,Y,N,Y,2019-01-01,10000,0,Y,042-270-5583,N,2021-10-27,6300000,대전광역시
전국관광지정보표준데이터,https://www.data.go.kr/data/15021141/standard.do,2021-10-27,place,동춘당,관광지,대전광역시 대덕구,대전광역시 대덕구 동춘당로 80,36.36537889,127.4412933,Y,지역 역사·관광 탐방 동화 배경,장소의 특징을 찾아보고 가족 여행 기록 남기기,5-7;8-10,관광;관광지;동춘당;Y,동춘당,관광지,대전광역시 대덕구 동춘당로 80,대전광역시 대덕구 송촌동 192,4492,Y,N,Y,Y,N,Y,2019-01-01,100,30,Y,042-607-6575,N,2021-10-27,6300000,대전광역시
전국관광지정보표준데이터,https://www.data.go.kr/data/15021141/standard.do,2025-06-24,place,허심청,관광지,부산광역시 동래구,부산광역시 동래구 온천장로107번길 32 (온천동),35.221157,129.0826889,허심청은 종래의 위락 시설과는 달리 편안하고 즐거운 온천욕과 휴식 및 체력단련을 통한 건강증진을 추구하는 새로운 유형의 도시형 온천건강랜드이다,지역 역사·관광 탐방 동화 배경,장소의 특징을 찾아보고 가족 여행 기록 남기기,5-7;8-10,관광;관광지;허심청;허심청은;종래의;위락;시설과는;달리;편안하고;즐거운;온천욕과;휴식,허심청,관광지,부산광역시 동래구 온천장로107번길 32 (온천동),부산광역시 동래구 온천동 137,4300,안내데스크+화장실+주차장,,,,,,1991-10-01,3000,200,허심청은 종래의 위락 시설과는 달리 편안하고 즐거운 온천욕과 휴식 및 체력단련을 통한 건강증진을 추구하는 새로운 유형의 도시형 온천건강랜드이다,051-550-2200,호텔농심,2025-06-24,3300000,부산광역시 동래구
전국관광지정보표준데이터,https://www.data.go.kr/data/15021141/standard.do,2025-06-24,place,복천박물관,관광지,부산광역시 동래구,부산광역시 동래구 복천로 63(복천동),35.20877662,129.0911741,"삼한시대부터 삼국시대까지 부산의 역사를 보여주는 고고전문박물관으로서, 현재 7차에 걸친 발굴조사로 밝혀진 169기의 유구와 각종 토기 및 철기류 등의 유물을 종합 전시하고있다",지역 역사·관광 탐방 동화 배경,장소의 특징을 찾아보고 가족 여행 기록 남기기,5-7;8-10,관광;관광지;복천박물관;삼한시대부터;삼국시대까지;부산의;역사를;보여주는;고고전문박물관으로서;현재;7차에;걸친,복천박물관,관광지,부산광역시 동래구 복천로 63(복천동),부산광역시 동래구 복천동 16-5,4000,안내데스크+화장실+주차장,,,,,,1996-07-26,1000,30,"삼한시대부터 삼국시대까지 부산의 역사를 보여주는 고고전문박물관으로서, 현재 7차에 걸친 발굴조사로 밝혀진 169기의 유구와 각종 토기 및 철기류 등의 유물을 종합 전시하고있다",051-550-0311,복천박물관,2025-06-24,3300000,부산광역시 동래구
전국관광지정보표준데이터,https://www.data.go.kr/data/15021141/standard.do,2025-06-24,place,충렬사,관광지,부산광역시 동래구,부산광역시 동래구 충렬대로 345,35.199577,129.0959922,충렬사는 임진왜란 때 순절한 동래부사 송상현 공을 모시기 위해 1605년(선조 38년) 당시의 동래부사 윤훤(尹暄)이 동래읍성 남문 근처의 농주산에 송공의 위패를 모신 송공사(宋公祠)를 지어 매년 제사를 지낸 것이 그 시초이다. 그 후 1624년(인조 2년) 선위사(宣慰使) 이민구의 청으로 충렬사라는 사액(賜額)이 내려짐에 따라 송공사는 충렬사로 이름이 바뀌었다.,지역 역사·관광 탐방 동화 배경,장소의 특징을 찾아보고 가족 여행 기록 남기기,5-7;8-10,관광;관광지;충렬사;충렬사는;임진왜란;때;순절한;동래부사;송상현;공을;모시기;위해,충렬사,관광지,부산광역시 동래구 충렬대로 345,부산광역시 동래구 안락동 421-33,95804,안내소+화장실(1동)+주차장,,,,,,1972-06-26,10000,10,충렬사는 임진왜란 때 순절한 동래부사 송상현 공을 모시기 위해 1605년(선조 38년) 당시의 동래부사 윤훤(尹暄)이 동래읍성 남문 근처의 농주산에 송공의 위패를 모신 송공사(宋公祠)를 지어 매년 제사를 지낸 것이 그 시초이다. 그 후 1624년(인조 2년) 선위사(宣慰使) 이민구의 청으로 충렬사라는 사액(賜額)이 내려짐에 따라 송공사는 충렬사로 이름이 바뀌었다.,051-523-4223,충렬사관리사무소,2025-06-24,3300000,부산광역시 동래구
전국관광지정보표준데이터,https://www.data.go.kr/data/15021141/standard.do,2025-06-24,place,해양자연사박물관,관광지,부산광역시 동래구,부산광역시 동래구 우장춘로 175 (온천동),35.2219498,129.075647,"1994년 6월 10일 동래구 온천동 금강공원 내에 개관한 부산해양자연사박물관은 전국 최초, 최대규모의 해양자연사분야의 전문박물관으로",지역 역사·관광 탐방 동화 배경,장소의 특징을 찾아보고 가족 여행 기록 남기기,5-7;8-10,관광;관광지;해양자연사박물관;1994년;6월;10일;동래구;온천동;금강공원;내에;개관한;부산해양자연사박물관은,해양자연사박물관,관광지,부산광역시 동래구 우장춘로 175 (온천동),부산광역시 동래구 온천동 산 13-1,21538,안내소+화장실,,,,,,1994-06-10,1000,0,"1994년 6월 10일 동래구 온천동 금강공원 내에 개관한 부산해양자연사박물관은 전국 최초, 최대규모의 해양자연사분야의 전문박물관으로",051-593-4944,부산해양자연사박물관,2025-06-24,3300000,부산광역시 동래구
전국관광지정보표준데이터,https://www.data.go.kr/data/15021141/standard.do,2025-06-18,place,서창한옥문화관,관광지,광주광역시 서구,광주광역시 서구 눌재로 420,35.11523537,126.8300424,"서창한옥문화관은 방문객들에게 전통문화의 우수성과 아름다움을 안내하는 역할을 하면서 동시에 우리나라의 전통가옥인 한옥에 대한 의미를 알리는 곳으로 연중 전통문화강좌, 민속놀이, 예절학당, 한옥스테이 등 다채로운 프로그램을 운영하고 있다. 인근의 관광지로는 서구8경 중 3경인 만귀정, 용두동지석묘, 들녘낙조가 있어 한옥의 운치와 볼거리를 더한다",지역 역사·관광 탐방 동화 배경,장소의 특징을 찾아보고 가족 여행 기록 남기기,5-7;8-10,관광;관광지;서창한옥문화관;서창한옥문화관은;방문객들에게;전통문화의;우수성과;아름다움을;안내하는;역할을;하면서;동시에,서창한옥문화관,관광지,광주광역시 서구 눌재로 420,광주광역시 서구 세하동 559-1,1054.2,화장실+주차장+전기시설+통신시설+상하수도 시설,,,,,,1999-10-02,26,14,"서창한옥문화관은 방문객들에게 전통문화의 우수성과 아름다움을 안내하는 역할을 하면서 동시에 우리나라의 전통가옥인 한옥에 대한 의미를 알리는 곳으로 연중 전통문화강좌, 민속놀이, 예절학당, 한옥스테이 등 다채로운 프로그램을 운영하고 있다. 인근의 관광지로는 서구8경 중 3경인 만귀정, 용두동지석묘, 들녘낙조가 있어 한옥의 운치와 볼거리를 더한다",062-373-1365,서창한옥문화관,2025-06-18,3600000,광주광역시 서구
전국관광지정보표준데이터,https://www.data.go.kr/data/15021141/standard.do,2025-06-23,place,비슬산관광지,관광지,대구광역시 달성군,대구광역시 달성군 유가읍 휴양림길 236,35.6933423054,128.5058006463,비슬산 참꽃 군락지와 대견사 및 암괴류 등 자연과 함께 휴양 가능한 힐링공간 제공,지역 역사·관광 탐방 동화 배경,장소의 특징을 찾아보고 가족 여행 기록 남기기,5-7;8-10,관광;관광지;비슬산관광지;비슬산;참꽃;군락지와;대견사;및;암괴류;등;자연과;함께,비슬산관광지,관광지,대구광역시 달성군 유가읍 휴양림길 236,대구광역시 달성군 유가읍 용리 15,253587,관리사무소+화장실+주차장,,,산림휴양시설,,,2019-03-20,3000,598,비슬산 참꽃 군락지와 대견사 및 암괴류 등 자연과 함께 휴양 가능한 힐링공간 제공,053-668-8292,대구광역시 달성군청,2025-06-23,3480000,대구광역시 달성군
전국관광지정보표준데이터,https://www.data.go.kr/data/15021141/standard.do,2025-06-23,place,화원관광지,관광지,대구광역시 달성군,대구광역시 달성군 화원읍 사문진로1길40-14,35.8127712325,128.4806365248,도심 속 자연을 느끼고 낙동강변 경관을 감상할 수 있는 관광지,지역 역사·관광 탐방 동화 배경,장소의 특징을 찾아보고 가족 여행 기록 남기기,5-7;8-10,관광;관광지;화원관광지;도심;속;자연을;느끼고;낙동강변;경관을;감상할;수;있는,화원관광지,관광지,대구광역시 달성군 화원읍 사문진로1길40-14,대구광역시 달성군 화원읍 성산리 310,207720,관리사무소+화장실+주차장,,,관광유람선+동물원+체험관,,,2019-05-01,5000,146,도심 속 자연을 느끼고 낙동강변 경관을 감상할 수 있는 관광지,053-668-8294,대구광역시 달성군청,2025-06-23,3480000,대구광역시 달성군
전국관광지정보표준데이터,https://www.data.go.kr/data/15021141/standard.do,2025-08-26,place,해인사,관광지,경상남도 합천군,경상남도 합천군 가야면 해인사길 122,35.801504,128.0976255,합천 대표 관광지이자 한국관광공사가 선정한 한국관광100선에 4회 연속 선정된 역사 그대로의 유산,지역 역사·관광 탐방 동화 배경,장소의 특징을 찾아보고 가족 여행 기록 남기기,5-7;8-10,관광;관광지;해인사;합천;대표;관광지이자;한국관광공사가;선정한;한국관광100선에;4회;연속;선정된,해인사,관광지,경상남도 합천군 가야면 해인사길 122,,84227,관광안내소+주차장+화장실,,,,,,2020-07-07,5000,500,합천 대표 관광지이자 한국관광공사가 선정한 한국관광100선에 4회 연속 선정된 역사 그대로의 유산,055-934-3000,경상남도 합천군청,2025-08-26,5480000,경상남도 합천군
전국관광지정보표준데이터,https://www.data.go.kr/data/15021141/standard.do,2025-08-26,place,대장경테마파크,관광지,경상남도 합천군,경상남도 합천군 가야면 가야산로 1160,35.76749785,128.1365362,해인사 팔만대장경을 비롯한 각종 기록의 문화를 총집합 해놓은 복합테마파크,지역 역사·관광 탐방 동화 배경,장소의 특징을 찾아보고 가족 여행 기록 남기기,5-7;8-10,관광;관광지;대장경테마파크;해인사;팔만대장경을;비롯한;각종;기록의;문화를;총집합;해놓은;복합테마파크,대장경테마파크,관광지,경상남도 합천군 가야면 가야산로 1160,,86402,관광안내소+주차장+화장실,,,,,,2020-07-07,5000,500,해인사 팔만대장경을 비롯한 각종 기록의 문화를 총집합 해놓은 복합테마파크,055-930-4697,경상남도 합천군청,2025-08-26,5480000,경상남도 합천군
전국관광지정보표준데이터,https://www.data.go.kr/data/15021141/standard.do,2025-08-26,place,오도산 자연휴양림,관광지,경상남도 합천군,경상남도 합천군 봉산면 오도산휴양로 398,35.67233319,128.0553007,웰니스 관광지로 선정된 대표 힐링 관광지,지역 역사·관광 탐방 동화 배경,장소의 특징을 찾아보고 가족 여행 기록 남기기,5-7;8-10,관광;관광지;오도산;자연휴양림;웰니스;관광지로;선정된;대표;힐링,오도산 자연휴양림,관광지,경상남도 합천군 봉산면 오도산휴양로 398,,506854,주차장+화장실,,,,,,2020-07-07,200,50,웰니스 관광지로 선정된 대표 힐링 관광지,055-930-3733,경상남도 합천군청,2025-08-26,5480000,경상남도 합천군
전국관광지정보표준데이터,https://www.data.go.kr/data/15021141/standard.do,2025-08-26,place,합천박물관,관광지,경상남도 합천군,경상남도 합천군 쌍책면 황강옥전로 1558,35.58042271,128.2829423,합천의 살아숨쉬는 역사와 문화가 담긴 관광지,지역 역사·관광 탐방 동화 배경,장소의 특징을 찾아보고 가족 여행 기록 남기기,5-7;8-10,관광;관광지;합천박물관;합천의;살아숨쉬는;역사와;문화가;담긴,합천박물관,관광지,경상남도 합천군 쌍책면 황강옥전로 1558,,10627,관광안내소+주차장+화장실,,,,,,2020-07-07,184,77,합천의 살아숨쉬는 역사와 문화가 담긴 관광지,055-930-4883,경상남도 합천군청,2025-08-26,5480000,경상남도 합천군
전국관광지정보표준데이터,https://www.data.go.kr/data/15021141/standard.do,2025-08-26,place,황매산군립공원,관광지,경상남도 합천군,경상남도 합천군 가회면 황매산공원길 4,35.48184913,128.0037495,사계절 색이 바뀌는 도화지로 풍경이 일품인 대표관광지,지역 역사·관광 탐방 동화 배경,장소의 특징을 찾아보고 가족 여행 기록 남기기,5-7;8-10,관광;관광지;황매산군립공원;사계절;색이;바뀌는;도화지로;풍경이;일품인;대표관광지,황매산군립공원,관광지,경상남도 합천군 가회면 황매산공원길 4,,2600000,주차장+화장실,,,,,,2020-07-07,20000,1200,사계절 색이 바뀌는 도화지로 풍경이 일품인 대표관광지,055-930-4754,경상남도 합천군청,2025-08-26,5480000,경상남도 합천군
전국관광지정보표준데이터,https://www.data.go.kr/data/15021141/standard.do,2025-08-26,place,영상테마파크&청와대세트장,관광지,경상남도 합천군,경상남도 합천군 용주면 합천호수로 757,35.54877253,128.0728984,"국내 최대 영화, 드라마세트장으로 많은 프로그램이 촬영된 장소",지역 역사·관광 탐방 동화 배경,장소의 특징을 찾아보고 가족 여행 기록 남기기,5-7;8-10,관광;관광지;영상테마파크&청와대세트장;국내;최대;영화;드라마세트장으로;많은;프로그램이;촬영된;장소,영상테마파크&청와대세트장,관광지,경상남도 합천군 용주면 합천호수로 757,,75734,관광안내소+주차장+화장실,,,,,,2020-07-07,10000,500,"국내 최대 영화, 드라마세트장으로 많은 프로그램이 촬영된 장소",055-930-8623,경상남도 합천군청,2025-08-26,5480000,경상남도 합천군
전국관광지정보표준데이터,https://www.data.go.kr/data/15021141/standard.do,2025-11-19,place,대신공원,관광지,부산광역시 서구,부산광역시 서구 대신공원로 37-18,35.121591,129.0161785,"1968년 2월 21일 대신공원이란 이름으로 일반인이 즐기는 중앙 근린공원 으로 지정되었다. (건설부고시 제360호) 1900년 구덕산과 엄광산의 계곡에 2곳의 수원지를 축조하면서 삼나무, 편백, 벚꽃나무 등의 수목을 심고 주위를 정비한 후 수원지의 수원보호를 위해 일반인의 출입을 금지하였다. 1944년에는 수원지 일대를 자연공원 으로 고시하였는데 역시 일반인의 출입을 통제하였다.",지역 역사·관광 탐방 동화 배경,장소의 특징을 찾아보고 가족 여행 기록 남기기,5-7;8-10,관광;관광지;대신공원;1968년;2월;21일;대신공원이란;이름으로;일반인이;즐기는;중앙;근린공원,대신공원,관광지,부산광역시 서구 대신공원로 37-18,부산광역시 서구 서대신동 3가 산2-3,2283033,화장실,,운동시설+궁도장 등,저수지+약수터+산책로+시비+조각품+민속석조물 등,관리사무소,,1968-02-21,100,110,"1968년 2월 21일 대신공원이란 이름으로 일반인이 즐기는 중앙 근린공원 으로 지정되었다. (건설부고시 제360호) 1900년 구덕산과 엄광산의 계곡에 2곳의 수원지를 축조하면서 삼나무, 편백, 벚꽃나무 등의 수목을 심고 주위를 정비한 후 수원지의 수원보호를 위해 일반인의 출입을 금지하였다. 1944년에는 수원지 일대를 자연공원 으로 고시하였는데 역시 일반인의 출입을 통제하였다.",051-860-7800,부산시설공단 중앙공원사업소,2025-11-19,3260000,부산광역시 서구
전국관광지정보표준데이터,https://www.data.go.kr/data/15021141/standard.do,2025-11-19,place,부산공동어시장,관광지,부산광역시 서구,부산광역시 서구 충무대로 202,35.08990091,129.0263675,부산 공동어시장은 5개의 수산업협동조합이 공동으로 운영하고 있다. 1일 최대 3200톤(16만 상자) 규모의 우리나라 제일의 산지 어시장으로 새벽부터 경매사와 수산물 중도매인들의 열기가 뜨거운 곳이다.,지역 역사·관광 탐방 동화 배경,장소의 특징을 찾아보고 가족 여행 기록 남기기,5-7;8-10,관광;관광지;부산공동어시장;부산;공동어시장은;5개의;수산업협동조합이;공동으로;운영하고;있다.;1일;최대,부산공동어시장,관광지,부산광역시 서구 충무대로 202,부산광역시 서구 남부민동 691-3,65287,화장실,,,,사무실,,1963-11-01,500,482,부산 공동어시장은 5개의 수산업협동조합이 공동으로 운영하고 있다. 1일 최대 3200톤(16만 상자) 규모의 우리나라 제일의 산지 어시장으로 새벽부터 경매사와 수산물 중도매인들의 열기가 뜨거운 곳이다.,051-254-8961,부산광역시 수산업협동조합,2025-11-19,3260000,부산광역시 서구
전국관광지정보표준데이터,https://www.data.go.kr/data/15021141/standard.do,2025-11-19,place,천마산조각공원,관광지,부산광역시 서구,부산광역시 서구 천마산로 209번길 94,35.08903987,129.0174786,"남항에서 서쪽으로 바라보이는 해발 324m의 아담한 산에 조성된 1만 6천㎡에 이르는 공원이다. 하늘에서 말이 내려왔다는 전설의 천마 바위와 44점의 아름다운 조각 예술 작품이 운해의 바다 속에서 그 평화로움을 선보인다. 공원 주변에는체육시설과 산책로, 쉼터 등이 조성되어 문화공간으로 각광받고 있다.",지역 역사·관광 탐방 동화 배경,장소의 특징을 찾아보고 가족 여행 기록 남기기,5-7;8-10,관광;관광지;천마산조각공원;남항에서;서쪽으로;바라보이는;해발;324m의;아담한;산에;조성된;1만,천마산조각공원,관광지,부산광역시 서구 천마산로 209번길 94,부산광역시 서구 남부민동 1-6,16000,화장실,,소운동장 및 각종 체육시설,산책로+전망대+쉼터+조각작품 등,관리실,,2004-03-01,100,0,"남항에서 서쪽으로 바라보이는 해발 324m의 아담한 산에 조성된 1만 6천㎡에 이르는 공원이다. 하늘에서 말이 내려왔다는 전설의 천마 바위와 44점의 아름다운 조각 예술 작품이 운해의 바다 속에서 그 평화로움을 선보인다. 공원 주변에는체육시설과 산책로, 쉼터 등이 조성되어 문화공간으로 각광받고 있다.",051-240-3521,부산광역시 서구청,2025-11-19,3260000,부산광역시 서구
전국관광지정보표준데이터,https://www.data.go.kr/data/15021141/standard.do,2025-11-19,place,구덕운동장,관광지,부산광역시 서구,부산광역시 서구 망양로 57,35.11659638,129.0145297,1920년 9월 조그만 동물원을 곁에 둔 넓은 빈터로 마을 체육대회 장소로 사용하다가 1928년 9월에 부산공설운동장으로 건립되었다가 1982년 사직운동장이 건립되어 그해 6월에 구덕운동장으로 개칭되었다.,지역 역사·관광 탐방 동화 배경,장소의 특징을 찾아보고 가족 여행 기록 남기기,5-7;8-10,관광;관광지;구덕운동장;1920년;9월;조그만;동물원을;곁에;둔;넓은;빈터로;마을,구덕운동장,관광지,부산광역시 서구 망양로 57,부산광역시 서구 서대신동3가 211-1,71432,화장실,,주경기장+야구장+체육관 등,,관리사무소,,1928-09-01,100,182,1920년 9월 조그만 동물원을 곁에 둔 넓은 빈터로 마을 체육대회 장소로 사용하다가 1928년 9월에 부산공설운동장으로 건립되었다가 1982년 사직운동장이 건립되어 그해 6월에 구덕운동장으로 개칭되었다.,051-602-2211,부산광역시 체육시설관리사업소,2025-11-19,3260000,부산광역시 서구
전국관광지정보표준데이터,https://www.data.go.kr/data/15021141/standard.do,2025-11-19,place,임시수도기념관,관광지,부산광역시 서구,부산광역시 서구 임시수도기념로 45,35.10374876,129.0175954,"6.25 당시 임시수도로서 국난극복의 역사적 현장을 길이 보전하여,후세에 물려줌으로서 민족사의 암울한 시기를 깨닫게 하고 조국통일과 번영의 산교육장으로 활용하고 있다.",지역 역사·관광 탐방 동화 배경,장소의 특징을 찾아보고 가족 여행 기록 남기기,5-7;8-10,관광;관광지;임시수도기념관;6.25;당시;임시수도로서;국난극복의;역사적;현장을;길이;보전하여;후세에,임시수도기념관,관광지,부산광역시 서구 임시수도기념로 45,부산광역시 서구 부민동3가 22,4774.2,화장실,,,전시실 등,관리실,,1984-06-25,40,18,"6.25 당시 임시수도로서 국난극복의 역사적 현장을 길이 보전하여,후세에 물려줌으로서 민족사의 암울한 시기를 깨닫게 하고 조국통일과 번영의 산교육장으로 활용하고 있다.",051-244-6345,부산광역시 서구청,2025-11-19,3260000,부산광역시 서구
전국관광지정보표준데이터,https://www.data.go.kr/data/15021141/standard.do,2025-11-19,place,송도오션파크,관광지,부산광역시 서구,부산광역시 서구 송도해변로 36,35.0727183,129.0174477,"「송도지구 복합해양휴양지 조성사업」일환으로 2017년에 완공된 「송도오션파크」는 관광객 및 주민들의 열린 공간인 축제의 광장과 힐링의 광장, 운동시설이 설치되어 있는 젊음의 광장이 조성되어 있다.",지역 역사·관광 탐방 동화 배경,장소의 특징을 찾아보고 가족 여행 기록 남기기,5-7;8-10,관광;관광지;송도오션파크;「송도지구;복합해양휴양지;조성사업」일환으로;2017년에;완공된;「송도오션파크」는;관광객;및;주민들의,송도오션파크,관광지,부산광역시 서구 송도해변로 36,부산광역시 서구 암남동 135-23,19222.5,화장실+주차장,,운동시설+해안산책로+광장,,관리실,,2017-04-17,100,88,"「송도지구 복합해양휴양지 조성사업」일환으로 2017년에 완공된 「송도오션파크」는 관광객 및 주민들의 열린 공간인 축제의 광장과 힐링의 광장, 운동시설이 설치되어 있는 젊음의 광장이 조성되어 있다.",051-240-4082,부산광역시 서구청,2025-11-19,3260000,부산광역시 서구
전국관광지정보표준데이터,https://www.data.go.kr/data/15021141/standard.do,2025-11-19,place,송도용궁구름다리,관광지,부산광역시 서구,부산광역시 서구 암남공원로 179-20,35.0619212,129.021965,"송도해수욕장의 동쪽 송림공원에서 거북섬을 연결했던 추억의 명물 송도구름다리가 2002년 태풍 셀마 때 파손돼 철거된 지 18년 만에 ‘송도용궁구름다리’로 재탄생하였습니다. 암남공원에서 바다건너 작은 무인도인 동섬 상부를 연결하는 길이 127m, 폭 2m의 송도용궁구름다리는 바다 위를 걷는 짜릿함과 시원스럽게 펼쳐지는 바다 풍광, 기암절벽이 빚어내는 천혜의 경관을 감상할 수 있으며, 야간경관조명이 설치돼 밤에는 바다에 떠있는 신기루와 같은 환상적인 분위기를 연출해 관광도시 부산 서구의 새로운 랜드마크로 자리매김 하고 있습니다.",지역 역사·관광 탐방 동화 배경,장소의 특징을 찾아보고 가족 여행 기록 남기기,5-7;8-10,관광;관광지;송도용궁구름다리;송도해수욕장의;동쪽;송림공원에서;거북섬을;연결했던;추억의;명물;송도구름다리가;2002년,송도용궁구름다리,관광지,부산광역시 서구 암남공원로 179-20,부산광역시 서구 암남동 620-53,254,화장실,,,,매표소,,2020-06-05,200,0,"송도해수욕장의 동쪽 송림공원에서 거북섬을 연결했던 추억의 명물 송도구름다리가 2002년 태풍 셀마 때 파손돼 철거된 지 18년 만에 ‘송도용궁구름다리’로 재탄생하였습니다. 암남공원에서 바다건너 작은 무인도인 동섬 상부를 연결하는 길이 127m, 폭 2m의 송도용궁구름다리는 바다 위를 걷는 짜릿함과 시원스럽게 펼쳐지는 바다 풍광, 기암절벽이 빚어내는 천혜의 경관을 감상할 수 있으며, 야간경관조명이 설치돼 밤에는 바다에 떠있는 신기루와 같은 환상적인 분위기를 연출해 관광도시 부산 서구의 새로운 랜드마크로 자리매김 하고 있습니다.",051-240-4084,부산광역시 서구청,2025-11-19,3260000,부산광역시 서구
전국관광지정보표준데이터,https://www.data.go.kr/data/15021141/standard.do,2025-11-18,place,금정산,관광지,부산광역시 금정구,부산광역시 금정구 범어사로 250,35.28304264,129.0676208,금정산은‘산마루에 우물이 있어 한 마리 금빛 나는 물고기가 오색구름을 타고 하늘에서 내려 와 우물 속에 놀았다’는 이야기에서 유래하여 이름 붙은 부산의 진산이다.,지역 역사·관광 탐방 동화 배경,장소의 특징을 찾아보고 가족 여행 기록 남기기,5-7;8-10,관광;관광지;금정산;금정산은‘산마루에;우물이;있어;한;마리;금빛;나는;물고기가;오색구름을,금정산,관광지,부산광역시 금정구 범어사로 250,부산광역시 금정구 청룡동 546,18845,케이블카+범어사 주차장,,,,,,1994-01-01,100,100,금정산은‘산마루에 우물이 있어 한 마리 금빛 나는 물고기가 오색구름을 타고 하늘에서 내려 와 우물 속에 놀았다’는 이야기에서 유래하여 이름 붙은 부산의 진산이다.,051-519-4085,부산광역시 금정구 문화관광과,2025-11-18,3350000,부산광역시 금정구
전국관광지정보표준데이터,https://www.data.go.kr/data/15021141/standard.do,2025-02-20,place,남파고택,관광지,전라남도 나주시,전라남도 나주시 금성길 13,35.03051267,126.7184493,중요민속자료,지역 역사·관광 탐방 동화 배경,장소의 특징을 찾아보고 가족 여행 기록 남기기,5-7;8-10,관광;관광지;남파고택;중요민속자료,남파고택,관광지,전라남도 나주시 금성길 13,전라남도 나주시 남내동 95-25,2960,화장실,,,체험프로그램+전시관,,,2009-12-17,500,20,중요민속자료,061-332-6100,박경중,2025-02-20,4830000,전라남도 나주시
전국관광지정보표준데이터,https://www.data.go.kr/data/15021141/standard.do,2025-02-20,place,반남고분군,관광지,전라남도 나주시,전라남도 나주시 반남면 고분로 756,34.91475649,126.6613546,사적,지역 역사·관광 탐방 동화 배경,장소의 특징을 찾아보고 가족 여행 기록 남기기,5-7;8-10,관광;관광지;반남고분군;사적,반남고분군,관광지,전라남도 나주시 반남면 고분로 756,전라남도 나주시 반남면 신촌리 249-2,121397,안내소+화장실,,,,,,2011-07-28,1000,100,사적,061-336-1151,전라남도 나주시청,2025-02-20,4830000,전라남도 나주시
전국관광지정보표준데이터,https://www.data.go.kr/data/15021141/standard.do,2025-02-20,place,백호문학관,관광지,전라남도 나주시,전라남도 나주시 다시면 회진길 8,34.99694703,126.6668094,박물관,지역 역사·관광 탐방 동화 배경,장소의 특징을 찾아보고 가족 여행 기록 남기기,5-7;8-10,관광;관광지;백호문학관;박물관,백호문학관,관광지,전라남도 나주시 다시면 회진길 8,전라남도 나주시 다시면 회진리 103,387,화장실,,,체험프로그램+전시관,,,2013-04-13,50,20,박물관,061-335-5008,전라남도 나주시청,2025-02-20,4830000,전라남도 나주시
전국관광지정보표준데이터,https://www.data.go.kr/data/15021141/standard.do,2025-02-20,place,국립나주박물관,관광지,전라남도 나주시,전라남도 나주시 반남면 고분로 747,34.91485383,126.6589014,박물관,지역 역사·관광 탐방 동화 배경,장소의 특징을 찾아보고 가족 여행 기록 남기기,5-7;8-10,관광;관광지;국립나주박물관;박물관,국립나주박물관,관광지,전라남도 나주시 반남면 고분로 747,전라남도 나주시 반남면 신촌리 152-25,11086,회의실+주차장+화장실,,,전시관,,,2013-11-22,1000,200,박물관,061-330-7885,문화체육관광부,2025-02-20,4830000,전라남도 나주시
전국관광지정보표준데이터,https://www.data.go.kr/data/15021141/standard.do,2025-02-20,place,영산포 역사갤러리,관광지,전라남도 나주시,전라남도 나주시 영산3길 17,35.00072134,126.7115039,박물관,지역 역사·관광 탐방 동화 배경,장소의 특징을 찾아보고 가족 여행 기록 남기기,5-7;8-10,관광;관광지;영산포;역사갤러리;박물관,영산포 역사갤러리,관광지,전라남도 나주시 영산3길 17,전라남도 나주시 영산동 247-2,281,화장실,,,전시관,,,2015-10-15,30,2,박물관,061-331-1755,전라남도 나주시청,2025-02-20,4830000,전라남도 나주시
전국관광지정보표준데이터,https://www.data.go.kr/data/15021141/standard.do,2025-02-20,place,나주복암리고분전시관,관광지,전라남도 나주시,전라남도 나주시 다시면 백호로 287,34.99608962,126.6570592,박물관,지역 역사·관광 탐방 동화 배경,장소의 특징을 찾아보고 가족 여행 기록 남기기,5-7;8-10,관광;관광지;나주복암리고분전시관;박물관,나주복암리고분전시관,관광지,전라남도 나주시 다시면 백호로 287,전라남도 나주시 다시면 복암리 71,42211,관리실+화장실,,야외공원,영상체험관+전시관,,,2016-04-30,650,56,박물관,061-337-0090,전라남도 나주시청,2025-02-20,4830000,전라남도 나주시
전국관광지정보표준데이터,https://www.data.go.kr/data/15021141/standard.do,2025-02-20,place,일본인근대가옥,관광지,전라남도 나주시,전라남도 나주시 예향로 3869-4,34.99946578,126.7131249,근대가옥,지역 역사·관광 탐방 동화 배경,장소의 특징을 찾아보고 가족 여행 기록 남기기,5-7;8-10,관광;관광지;일본인근대가옥;근대가옥,일본인근대가옥,관광지,전라남도 나주시 예향로 3869-4,전라남도 나주시 영산동 660,226,화장실,,,,,,2016-06-10,10,2,근대가옥,061-334-7726,전라남도 나주시청,2025-02-20,4830000,전라남도 나주시
전국관광지정보표준데이터,https://www.data.go.kr/data/15021141/standard.do,2025-02-20,place,빛가람호수공원전망대,관광지,전라남도 나주시,전라남도 나주시 호수로 77,35.01395501,126.7949874,공원,지역 역사·관광 탐방 동화 배경,장소의 특징을 찾아보고 가족 여행 기록 남기기,5-7;8-10,관광;관광지;빛가람호수공원전망대;공원,빛가람호수공원전망대,관광지,전라남도 나주시 호수로 77,전라남도 나주시 빛가람동 산 4-321,24000,안내소+화장실,,돌미끄럼틀+모노레일,전망대+갤러리+전시관,관광공연장,,2016-07-08,1000,104,공원,061-333-1501,전라남도 나주시청,2025-02-20,4830000,전라남도 나주시
전국관광지정보표준데이터,https://www.data.go.kr/data/15021141/standard.do,2025-03-21,place,송정관광지,관광지,경상남도 남해군,경상남도 남해군 미조면 미송로 483,34.7231451,128.0249667,"해수욕장이 넓게 분포되어 있으며, 해수욕장을 조금만 벗어나면 몽돌과 기암괴석이 뒤섞인 단애의 해안을 구경할 수 있다.",지역 역사·관광 탐방 동화 배경,장소의 특징을 찾아보고 가족 여행 기록 남기기,5-7;8-10,관광;관광지;송정관광지;해수욕장이;넓게;분포되어;있으며;해수욕장을;조금만;벗어나면;몽돌과;기암괴석이,송정관광지,관광지,경상남도 남해군 미조면 미송로 483,경상남도 남해군 미조면 송정리 1129,605283,샤워탈의장/화장실(2동)+관리사무실(2동)+오수처리장+주차장,,,,,,1994-10-21,10000,387,"해수욕장이 넓게 분포되어 있으며, 해수욕장을 조금만 벗어나면 몽돌과 기암괴석이 뒤섞인 단애의 해안을 구경할 수 있다.",055-860-8615,경상남도 남해군,2025-03-21,5430000,경상남도 남해군
전국관광지정보표준데이터,https://www.data.go.kr/data/15021141/standard.do,2025-02-07,place,성기동,관광지,전라남도 영암군,전라남도 영암군 군서면 왕인로 440,34.75653201,126.6291224,"성기동은 왕인박사의 탄생지로 추정되는 곳으로 왕인박사유적지와 함께 탄생지, 문산재, 양사재, 상대포, 회사정 등 왕인박사 관련 관광자원이 분포되어 있다. 매년 4월이면 왕인문화축제가 열리고 있어 다양한 체험 및 관람을 즐길 수 있다",지역 역사·관광 탐방 동화 배경,장소의 특징을 찾아보고 가족 여행 기록 남기기,5-7;8-10,관광;관광지;성기동;성기동은;왕인박사의;탄생지로;추정되는;곳으로;왕인박사유적지와;함께;탄생지;문산재,성기동,관광지,전라남도 영암군 군서면 왕인로 440,전라남도 영암군 군서면 동구림리 산18,220000,비지터센터+화장실(9동)+주차장,,,전시관 2개소,,,2008-08-23,10000,860,"성기동은 왕인박사의 탄생지로 추정되는 곳으로 왕인박사유적지와 함께 탄생지, 문산재, 양사재, 상대포, 회사정 등 왕인박사 관련 관광자원이 분포되어 있다. 매년 4월이면 왕인문화축제가 열리고 있어 다양한 체험 및 관람을 즐길 수 있다",061-470-6653,전라남도 영암군청,2025-02-07,4940000,전라남도 영암군
전국관광지정보표준데이터,https://www.data.go.kr/data/15021141/standard.do,2025-02-07,place,마한문화,관광지,전라남도 영암군,전라남도 영암군 시종면 남해당로 65,34.89539241,126.5859196,영산강 유역에 분포되어 있는 고대 옹관 고분을 이해함으로써 영산강 유역의 독자성이 가득한 고대사를 조명하기 위해 조성,지역 역사·관광 탐방 동화 배경,장소의 특징을 찾아보고 가족 여행 기록 남기기,5-7;8-10,관광;관광지;마한문화;영산강;유역에;분포되어;있는;고대;옹관;고분을;이해함으로써;유역의,마한문화,관광지,전라남도 영암군 시종면 남해당로 65,전라남도 영암군 시종면 옥야리 956,182000,비지터센터+화장실(3동)+주차장,,야구장,고분탐사관+전망대,,,2003-07-28,650,85,영산강 유역에 분포되어 있는 고대 옹관 고분을 이해함으로써 영산강 유역의 독자성이 가득한 고대사를 조명하기 위해 조성,061-470-6672,전라남도 영암군청,2025-02-07,4940000,전라남도 영암군
전국관광지정보표준데이터,https://www.data.go.kr/data/15021141/standard.do,2025-02-07,place,영산호관광지,관광지,전라남도 영암군,전라남도 영암군 삼호읍 녹색로 653-11,34.776135,126.4577774,1981년 영산강 하굿둑이 준공되면서 만들어진 인공호수인 영산호를 중심으로 조성된 휴양지이다.,지역 역사·관광 탐방 동화 배경,장소의 특징을 찾아보고 가족 여행 기록 남기기,5-7;8-10,관광;관광지;영산호관광지;1981년;영산강;하굿둑이;준공되면서;만들어진;인공호수인;영산호를;중심으로;조성된,영산호관광지,관광지,전라남도 영암군 삼호읍 녹색로 653-11,전라남도 영암군 삼호읍 나불리 일원,669217,관리사무소+화장실(8동)+주차장,한옥호텔+관광호텔,승마장,농업박물관+쌀문화테마공원,,,1983-10-11,100000,375,1981년 영산강 하굿둑이 준공되면서 만들어진 인공호수인 영산호를 중심으로 조성된 휴양지이다.,061-462-2798,전라남도청,2025-02-07,4940000,전라남도 영암군
전국관광지정보표준데이터,https://www.data.go.kr/data/15021141/standard.do,2025-08-26,place,정양늪생태공원,관광지,경상남도 합천군,경상남도 합천군 대양면 대야로 730,35.55322772,128.162786,자연을 직접 느끼고 경험할 수 있는 생태관광지,지역 역사·관광 탐방 동화 배경,장소의 특징을 찾아보고 가족 여행 기록 남기기,5-7;8-10,관광;관광지;정양늪생태공원;자연을;직접;느끼고;경험할;수;있는;생태관광지,정양늪생태공원,관광지,경상남도 합천군 대양면 대야로 730,,124024,주차장+화장실,,,,,,2020-07-07,3000,30,자연을 직접 느끼고 경험할 수 있는 생태관광지,055-930-3343,경상남도 합천군청,2025-08-26,5480000,경상남도 합천군
전국관광지정보표준데이터,https://www.data.go.kr/data/15021141/standard.do,2024-08-16,place,섬진강도깨비마을,관광지,전라남도 곡성군,전라남도 곡성군 고달면 호곡도깨비길 119-99,35.25424902,127.363209,"곡성에도 여느 고장처럼 무수한 도깨비 이야기가 전해져 내려오고 있지만, 그중 태종임금, 이방원의 심복이었던 마천목 장군과 도깨비살 전설이 가장 유명하여 애니메이션으로 제작되어 기차마을 요술랜드에서도 상영하고 있다. 돌로 바다나 강물을 막고 그곳에 나뭇가지를 촘촘히 박아서 고기가 빠져나가지 못하게 한 다음, 물고기를 잡는 전통 어로방식을 어살이라고 한다. 그런데 물살이 드센 강을 커다란 돌로 막는다는 것이 보통 어려운 일은 아니다.[효성이 지극한 마천목 장군이 어머니에게 고기를 잡아드리기 위해서 강가에 나갔다가, 푸른빛이 도는 돌을 주워온다. 그 돌이 도깨비 두목이었던 것이다. 도깨비들이 집으로 찾아와 두목을 돌려주면 무슨 소원이든 들어주겠다고 하자, 마천목장군은 어살을 막아달라고 했다. 그래서 도깨비들이 하룻밤사이에 어살을 막아주었는데, 섬진강에는 아직도 그 자취가 남아있다.]도깨비와 관련된 각종 자료와 전시품들이 박물관 수준 이상으로 일목요연하게 전시되어 있어 우리가 몰랐던 도깨비에 대한 상식들을 많이 알수 있다.",지역 역사·관광 탐방 동화 배경,장소의 특징을 찾아보고 가족 여행 기록 남기기,5-7;8-10,관광;관광지;섬진강도깨비마을;곡성에도;여느;고장처럼;무수한;도깨비;이야기가;전해져;내려오고;있지만,섬진강도깨비마을,관광지,전라남도 곡성군 고달면 호곡도깨비길 119-99,전라남도 곡성군 고달면 호곡리 136-1,6144,주차장+화장실,,,,,,2005-06-01,150,5,"곡성에도 여느 고장처럼 무수한 도깨비 이야기가 전해져 내려오고 있지만, 그중 태종임금, 이방원의 심복이었던 마천목 장군과 도깨비살 전설이 가장 유명하여 애니메이션으로 제작되어 기차마을 요술랜드에서도 상영하고 있다. 돌로 바다나 강물을 막고 그곳에 나뭇가지를 촘촘히 박아서 고기가 빠져나가지 못하게 한 다음, 물고기를 잡는 전통 어로방식을 어살이라고 한다. 그런데 물살이 드센 강을 커다란 돌로 막는다는 것이 보통 어려운 일은 아니다.[효성이 지극한 마천목 장군이 어머니에게 고기를 잡아드리기 위해서 강가에 나갔다가, 푸른빛이 도는 돌을 주워온다. 그 돌이 도깨비 두목이었던 것이다. 도깨비들이 집으로 찾아와 두목을 돌려주면 무슨 소원이든 들어주겠다고 하자, 마천목장군은 어살을 막아달라고 했다. 그래서 도깨비들이 하룻밤사이에 어살을 막아주었는데, 섬진강에는 아직도 그 자취가 남아있다.]도깨비와 관련된 각종 자료와 전시품들이 박물관 수준 이상으로 일목요연하게 전시되어 있어 우리가 몰랐던 도깨비에 대한 상식들을 많이 알수 있다.",061-362-2954,전라남도 곡성군청 문화체육과,2024-08-16,4860000,전라남도 곡성군
전국관광지정보표준데이터,https://www.data.go.kr/data/15021141/standard.do,2024-08-16,place,압록상상스쿨,관광지,전라남도 곡성군,전라남도 곡성군 오곡면 섬진강로 1060,35.19580901,127.375484,"압록상상스쿨은 (구)압록초등학교에 위치하고 있으며, 1층(798.83㎡)은 홍보 및 전시공간, 2층(806.33㎡)은 어린이 실내놀이터와 다목적 놀이 공간, 3층(308.69㎡)은 카페테리아, 소공연장, 전망대, 테라스 등으로 구성되어 섬진강 기차마을과 함께 새로운 놀이 문화공간으로 부상하고 있다.",지역 역사·관광 탐방 동화 배경,장소의 특징을 찾아보고 가족 여행 기록 남기기,5-7;8-10,관광;관광지;압록상상스쿨;압록상상스쿨은;(구)압록초등학교에;위치하고;있으며;1층(798.83㎡)은;홍보;및;전시공간;2층(806.33㎡)은,압록상상스쿨,관광지,전라남도 곡성군 오곡면 섬진강로 1060,전라남도 곡성군 오곡면 압록리 594,1851,주차장+화장실+수유실,,,,,,2020-04-01,500,16,"압록상상스쿨은 (구)압록초등학교에 위치하고 있으며, 1층(798.83㎡)은 홍보 및 전시공간, 2층(806.33㎡)은 어린이 실내놀이터와 다목적 놀이 공간, 3층(308.69㎡)은 카페테리아, 소공연장, 전망대, 테라스 등으로 구성되어 섬진강 기차마을과 함께 새로운 놀이 문화공간으로 부상하고 있다.",061-362-2225,전라남도 곡성군청 관광과,2024-08-16,4860000,전라남도 곡성군
전국관광지정보표준데이터,https://www.data.go.kr/data/15021141/standard.do,2024-08-16,place,압록유원지,관광지,전라남도 곡성군,전라남도 곡성군 죽곡면 섬진강로 1012,35.19196269,127.3775123,"강을 통한 운송이 수송의 중요한 역할을 담당했던 시절, 두 강이 만나는 합수지점은 물산과 사람이 모이는 교통의 요지 구실을 했다. 섬진강과 대황강(보성강)이 합쳐지는 곡성 압록포구도 그런 곳이었다. 옛 사람들이 일컬은 곡성팔경중 압록의 귀범(歸帆)이라는 표현만 보더라도 그것을 알 수 있다.섬진강과 보성강이 합류한 기점인 이 곳은 3만여평의 드넓은 백사장이 펼쳐있는 한여름 피서지로 널리 알려진 자연유원지다. 여름에는 모기가 없어 가족단위 캠핑장소로 각광을 받고 있으며, 반월교와 철교가 나란히 강을 가로질러 놓여있어 운치가 뛰어나다. 특히, 보성강 하류의 유명 낚시터가 산재해 있어 강태공들에게는 인기가 높다. 강변에는 압록의 별미인 참게탕, 은어회, 매운탕을 맛볼 수 있는 향토음식점이 즐비해 있어 또다른 즐거움을 준다.또한 이곳 압록유원지에는 「모기전설」 이 전해 내려오고 있는데 「강감찬 장군이 어머니를 모시고 여행을 하다 이 곳 압록유원지에서 노숙을 하였는데 극성스런 모기 때문에 어머님이 잠을 청하지 못하자, 강감찬장군이 고함을 질러 모기의 입을 봉하였다.」고 한다. 그런 연유에서인지 아니면 섬진강의 시원한 강줄기 때문인지 다른 지역에 비해 여름에 모기가 별로 없다고 한다.",지역 역사·관광 탐방 동화 배경,장소의 특징을 찾아보고 가족 여행 기록 남기기,5-7;8-10,관광;관광지;압록유원지;강을;통한;운송이;수송의;중요한;역할을;담당했던;시절;두,압록유원지,관광지,전라남도 곡성군 죽곡면 섬진강로 1012,전라남도 곡성군 죽곡면 하한리 1039,85776,주차장+화장실+개수대,,,,,,2021-09-01,2000,50,"강을 통한 운송이 수송의 중요한 역할을 담당했던 시절, 두 강이 만나는 합수지점은 물산과 사람이 모이는 교통의 요지 구실을 했다. 섬진강과 대황강(보성강)이 합쳐지는 곡성 압록포구도 그런 곳이었다. 옛 사람들이 일컬은 곡성팔경중 압록의 귀범(歸帆)이라는 표현만 보더라도 그것을 알 수 있다.섬진강과 보성강이 합류한 기점인 이 곳은 3만여평의 드넓은 백사장이 펼쳐있는 한여름 피서지로 널리 알려진 자연유원지다. 여름에는 모기가 없어 가족단위 캠핑장소로 각광을 받고 있으며, 반월교와 철교가 나란히 강을 가로질러 놓여있어 운치가 뛰어나다. 특히, 보성강 하류의 유명 낚시터가 산재해 있어 강태공들에게는 인기가 높다. 강변에는 압록의 별미인 참게탕, 은어회, 매운탕을 맛볼 수 있는 향토음식점이 즐비해 있어 또다른 즐거움을 준다.또한 이곳 압록유원지에는 「모기전설」 이 전해 내려오고 있는데 「강감찬 장군이 어머니를 모시고 여행을 하다 이 곳 압록유원지에서 노숙을 하였는데 극성스런 모기 때문에 어머님이 잠을 청하지 못하자, 강감찬장군이 고함을 질러 모기의 입을 봉하였다.」고 한다. 그런 연유에서인지 아니면 섬진강의 시원한 강줄기 때문인지 다른 지역에 비해 여름에 모기가 별로 없다고 한다.",061-360-8431,전라남도 곡성군청 관광과,2024-08-16,4860000,전라남도 곡성군
전국관광지정보표준데이터,https://www.data.go.kr/data/15021141/standard.do,2024-08-13,place,하동레일파크,관광지,경상남도 하동군,경상남도 하동군 북천면 경서대로 2446-6,35.11333681,127.8929765,"1968년 2월 7일 보통역으로 영업을 개시, 2017년 현재는 하동레일파크가 오픈하고 레일바이크 매표소로 이용되고 있다. 주변 행사로는 5월에는 북천 꽃 양귀비 축제가 열리며, 가을이면 역 주변에 코스모스와 메밀꽃이 만발해 7월 부터 코스모스 메밀꽃 축제를 개최한다.",지역 역사·관광 탐방 동화 배경,장소의 특징을 찾아보고 가족 여행 기록 남기기,5-7;8-10,관광;관광지;하동레일파크;1968년;2월;7일;보통역으로;영업을;개시;2017년;현재는;하동레일파크가,하동레일파크,관광지,경상남도 하동군 북천면 경서대로 2446-6,경상남도 하동군 북천면 직전리 1477-2,13000,화장실(1동)+주차장,,레일바이크,,,,2017-01-01,1000,30,"1968년 2월 7일 보통역으로 영업을 개시, 2017년 현재는 하동레일파크가 오픈하고 레일바이크 매표소로 이용되고 있다. 주변 행사로는 5월에는 북천 꽃 양귀비 축제가 열리며, 가을이면 역 주변에 코스모스와 메밀꽃이 만발해 7월 부터 코스모스 메밀꽃 축제를 개최한다.",055-880-2821,경상남도 하동군청,2024-08-13,5440000,경상남도 하동군
전국관광지정보표준데이터,https://www.data.go.kr/data/15021141/standard.do,2024-08-13,place,지리산역사관,관광지,경상남도 하동군,경상남도 하동군 화개면 화개로 1438,35.2896912,127.646527,지리산을 안고 살아온 우리조상들의 생활상 이해공간 제공,지역 역사·관광 탐방 동화 배경,장소의 특징을 찾아보고 가족 여행 기록 남기기,5-7;8-10,관광;관광지;지리산역사관;지리산을;안고;살아온;우리조상들의;생활상;이해공간;제공,지리산역사관,관광지,경상남도 하동군 화개면 화개로 1438,경상남도 하동군 화개면 대성리 1389,4311,화장실(1동)+주차장,,,,,,2002-06-03,100,15,지리산을 안고 살아온 우리조상들의 생활상 이해공간 제공,055-880-2821,경상남도 하동군청,2024-08-13,5440000,경상남도 하동군
전국관광지정보표준데이터,https://www.data.go.kr/data/15021141/standard.do,2024-08-13,place,하동코리아짚와이어,관광지,경상남도 하동군,경상남도 하동군 금남면 경충로 493-9,34.98260917,127.894714,"금오산 정상 해발 849m에서 경사도 27, 최대 시속 120km/h로, 마치 하늘에서 떨어져 내리는 듯한 짜릿함과 금오산, 다도해의 아름다운 정경을 함께 만끽하는 아시아 최장 3.42km의 활강체험 레포츠이다",지역 역사·관광 탐방 동화 배경,장소의 특징을 찾아보고 가족 여행 기록 남기기,5-7;8-10,관광;관광지;하동코리아짚와이어;금오산;정상;해발;849m에서;경사도;27;최대;시속;120km/h로,하동코리아짚와이어,관광지,경상남도 하동군 금남면 경충로 493-9,경상남도 하동군 금남면 중평리 763,10000,화장실(1동)+주차장,,짚와이어,,,,2017-07-21,300,133,"금오산 정상 해발 849m에서 경사도 27, 최대 시속 120km/h로, 마치 하늘에서 떨어져 내리는 듯한 짜릿함과 금오산, 다도해의 아름다운 정경을 함께 만끽하는 아시아 최장 3.42km의 활강체험 레포츠이다",055-880-2821,경상남도 하동군청,2024-08-13,5440000,경상남도 하동군
전국관광지정보표준데이터,https://www.data.go.kr/data/15021141/standard.do,2024-08-13,place,하동 플라이웨이 케이블카,관광지,경상남도 하동군,경상남도 하동군 금남면 경충로 461-7,34.9807001529,127.8953015127,"총연장 2,556m의 선로와 40대의 캐빈으로 해발 849m 금오산 정상까지 운행하는 하동 플라이웨이 케이블카는 하루 최대 9,800명이 탑승할 수 있으며, 한려해상국립공원의 다도해와 금오산 절경을 동시에 조망할 수 있다.",지역 역사·관광 탐방 동화 배경,장소의 특징을 찾아보고 가족 여행 기록 남기기,5-7;8-10,관광;관광지;하동;플라이웨이;케이블카;총연장;2;556m의;선로와;40대의;캐빈으로;해발,하동 플라이웨이 케이블카,관광지,경상남도 하동군 금남면 경충로 461-7,경상남도 하동군 금남면 중평리 772,10000,화장실(3동)+주차장,,케이블카,,,,2022-04-22,2000,53,"총연장 2,556m의 선로와 40대의 캐빈으로 해발 849m 금오산 정상까지 운행하는 하동 플라이웨이 케이블카는 하루 최대 9,800명이 탑승할 수 있으며, 한려해상국립공원의 다도해와 금오산 절경을 동시에 조망할 수 있다.",055-883-2000,하동케이블카(주),2024-08-13,5440000,경상남도 하동군
전국관광지정보표준데이터,https://www.data.go.kr/data/15021141/standard.do,2020-11-23,place,직탕,관광지,강원도 철원군,강원도 철원군 갈말읍 직탕길 32,38.2069247,127.2690548,"천혜의 자연환경을 자랑하는 한탄강 상류지역으로 강을 횡단하여 떨어지는 수직 낙하 폭이 80m의 절벽으로 이루어진 직탕폭포가 있는 곳으로 맑고 깨끗한 풍부한 수량, 빼어난 주상절리 협곡, 절경을 감상하며 뛰어내리는 태봉대교 번지점프, 자연의 맛이 살아 있는 매운탕이 유명한 곳이다. 한탄강 국가지질공원으로 지정받은 지질명소이기도 하다.",지역 역사·관광 탐방 동화 배경,장소의 특징을 찾아보고 가족 여행 기록 남기기,5-7;8-10,관광;관광지;직탕;천혜의;자연환경을;자랑하는;한탄강;상류지역으로;강을;횡단하여;떨어지는;수직,직탕,관광지,강원도 철원군 갈말읍 직탕길 32,강원도 철원군 갈말읍 상사리 552,94530,"도로, 주차장, 화장실, 산책로, 자전거도로, 오수처리장, 관리사무소",,,,,,2001-02-01,85784,192,"천혜의 자연환경을 자랑하는 한탄강 상류지역으로 강을 횡단하여 떨어지는 수직 낙하 폭이 80m의 절벽으로 이루어진 직탕폭포가 있는 곳으로 맑고 깨끗한 풍부한 수량, 빼어난 주상절리 협곡, 절경을 감상하며 뛰어내리는 태봉대교 번지점프, 자연의 맛이 살아 있는 매운탕이 유명한 곳이다. 한탄강 국가지질공원으로 지정받은 지질명소이기도 하다.",033-450-5534,철원군청 관광과,2020-11-23,4301000,강원특별자치도 철원군
전국관광지정보표준데이터,https://www.data.go.kr/data/15021141/standard.do,2025-11-24,place,애기봉 평화생태공원,관광지,경기도 김포시,경기도 김포시 월곶면 평화공원로 289,37.75316598,126.5942484,병자호란 때 끌려간 평안감사를 그리워하다 죽은 애기의 한이 강 하나를 사이에 두고 오가지 못하는 이산가족의 한과 같다고 하여 애기봉이라 명명한 곳으로 우리나라에서 북한을 제일 가까이에서 볼 수 있다.,지역 역사·관광 탐방 동화 배경,장소의 특징을 찾아보고 가족 여행 기록 남기기,5-7;8-10,관광;관광지;애기봉;평화생태공원;병자호란;때;끌려간;평안감사를;그리워하다;죽은;애기의;한이,애기봉 평화생태공원,관광지,경기도 김포시 월곶면 평화공원로 289,경기도 김포시 월곶면 조강리 1-9,49500,월곶면사무소,김포캠핑파크 + 조강276(평화의 길 거점센터),,월곶생활문화센터 + 김포 평화문화관 + 김포국제조각공원,,,1966-01-01,500,56,병자호란 때 끌려간 평안감사를 그리워하다 죽은 애기의 한이 강 하나를 사이에 두고 오가지 못하는 이산가족의 한과 같다고 하여 애기봉이라 명명한 곳으로 우리나라에서 북한을 제일 가까이에서 볼 수 있다.,031-989-6034,김포문화재단,2025-11-24,4090000,경기도 김포시
전국관광지정보표준데이터,https://www.data.go.kr/data/15021141/standard.do,2025-11-24,place,김포함상공원,관광지,경기도 김포시,경기도 김포시 대곶면 대명항1로 110-36,37.6406387,126.539261,52년간 바다를 지켜오다 2006년 12월 퇴역한 상륙함(운봉함)을 활용하여 조성한 수도권 유일의 함상공원으로 다양한 전시품 감상 및 함상 체험활동을 할 수 있다.,지역 역사·관광 탐방 동화 배경,장소의 특징을 찾아보고 가족 여행 기록 남기기,5-7;8-10,관광;관광지;김포함상공원;52년간;바다를;지켜오다;2006년;12월;퇴역한;상륙함(운봉함)을;활용하여;조성한,김포함상공원,관광지,경기도 김포시 대곶면 대명항1로 110-36,경기도 김포시 대곶면 대명리 551-1,9578,대곶면행정복지센터,약암홍염천 관광호텔,,,,,2006-01-01,80,100,52년간 바다를 지켜오다 2006년 12월 퇴역한 상륙함(운봉함)을 활용하여 조성한 수도권 유일의 함상공원으로 다양한 전시품 감상 및 함상 체험활동을 할 수 있다.,031-987-4097,김포도시관리공사,2025-11-24,4090000,경기도 김포시
전국관광지정보표준데이터,https://www.data.go.kr/data/15021141/standard.do,2025-11-20,place,마니산 국민관광지,관광지,인천광역시 강화군,인천광역시 강화군 화도면 마니산로675번길 18,37.63245827,126.4237957,백두산과 한라산의 중간지점에 위치하여 우리나라에서 기가 가장 센 곳이며 정상에 있는 참성단에서 매해 제례를 올리고 칠선녀가 전국 체육대회의 성화를 채화함,지역 역사·관광 탐방 동화 배경,장소의 특징을 찾아보고 가족 여행 기록 남기기,5-7;8-10,관광;관광지;마니산;국민관광지;백두산과;한라산의;중간지점에;위치하여;우리나라에서;기가;가장;센,마니산 국민관광지,관광지,인천광역시 강화군 화도면 마니산로675번길 18,인천광역시 강화군 화도면 상방리 402-2,486000,관리사무소(2동)+분리수거장(2동)+창고(2동)+석교(7동)+목교(3동)+담수보(6동)+배수지(2동)+화장실(12동)+주차장(11개소)+매표소+정수장+물탱크(5동)+정화시설+샤워실,,,야외공연장+단군놀이터+야외취사장(7동)+전망대,,,1977-03-21,147272,1293,백두산과 한라산의 중간지점에 위치하여 우리나라에서 기가 가장 센 곳이며 정상에 있는 참성단에서 매해 제례를 올리고 칠선녀가 전국 체육대회의 성화를 채화함,032-930-7068,인천광역시 강화군 시설관리공단,2025-11-20,3570000,인천광역시 강화군
전국관광지정보표준데이터,https://www.data.go.kr/data/15021141/standard.do,2025-11-19,place,송도해상케이블카,관광지,부산광역시 서구,부산광역시 서구 송도해변로 171,35.07664334,129.0233986,"부산 송도해수욕장 동쪽 송림공원에서 서쪽 암남공원까지 1.62㎞ 구간을 바닥이 투명한 크리스탈 캐빈을 포함한 8인승 캐빈 39기가 운행합니다. 특히 최대 86m 높이에서 바다 위를 가로질러 운행함으로서 탑승객들은 바다 한가운데에서 짜릿함을 느끼는 것은 물론 암남공원, 남항, 영도에 이르기까지 사방으로 펼쳐진 빼어난 풍광을 즐길 수 있습니다.",지역 역사·관광 탐방 동화 배경,장소의 특징을 찾아보고 가족 여행 기록 남기기,5-7;8-10,관광;관광지;송도해상케이블카;부산;송도해수욕장;동쪽;송림공원에서;서쪽;암남공원까지;1.62㎞;구간을;바닥이,송도해상케이블카,관광지,부산광역시 서구 송도해변로 171,부산광역시 서구 암남동 124-1,11369,화장실+주차장,,케이블카 캐빈 39기,레스토랑+전망대 등,송도해상케이블카 안내데스크(상부+하부 2곳),,2017-06-20,1000,892,"부산 송도해수욕장 동쪽 송림공원에서 서쪽 암남공원까지 1.62㎞ 구간을 바닥이 투명한 크리스탈 캐빈을 포함한 8인승 캐빈 39기가 운행합니다. 특히 최대 86m 높이에서 바다 위를 가로질러 운행함으로서 탑승객들은 바다 한가운데에서 짜릿함을 느끼는 것은 물론 암남공원, 남항, 영도에 이르기까지 사방으로 펼쳐진 빼어난 풍광을 즐길 수 있습니다.",051-240-4701,부산광역시 서구청,2025-11-19,3260000,부산광역시 서구
전국관광지정보표준데이터,https://www.data.go.kr/data/15021141/standard.do,2025-11-19,place,송도해수욕장,관광지,부산광역시 서구,부산광역시 서구 송도해변로 100,35.07682117,129.0180502,"우리나라 제1호 해수욕장. 동양의 나폴리로 불리며 60,80년대 송도의 추억으로 잘 알려진 송도해수욕장이 아름다운 해안선을 자랑하며 사계절 즐길 수 있는 해변공원으로 새롭게 태어났다.",지역 역사·관광 탐방 동화 배경,장소의 특징을 찾아보고 가족 여행 기록 남기기,5-7;8-10,관광;관광지;송도해수욕장;우리나라;제1호;해수욕장.;동양의;나폴리로;불리며;60;80년대;송도의,송도해수욕장,관광지,부산광역시 서구 송도해변로 100,부산광역시 서구 암남동 135-5,199392,화장실,,송도구름산책로+해상다이빙대+해양레포츠센터+바닥분수대 등,탈의실+샤워장+분수대+파고라+테마거리 등,임해행정봉사실,,1913-07-01,10000,1047,"우리나라 제1호 해수욕장. 동양의 나폴리로 불리며 60,80년대 송도의 추억으로 잘 알려진 송도해수욕장이 아름다운 해안선을 자랑하며 사계절 즐길 수 있는 해변공원으로 새롭게 태어났다.",051-240-4126,부산광역시 서구청,2025-11-19,3260000,부산광역시 서구
전국관광지정보표준데이터,https://www.data.go.kr/data/15021141/standard.do,2025-11-19,place,암남공원,관광지,부산광역시 서구,부산광역시 서구 암남공원로 185,35.0616574,129.0149368,"암남공원(岩南公園)은 부산시 서구 진정산 일대에 조성된 자연생태공원이다. 이곳에는 약 1억 년 전 형성된 퇴적암, 100여 종의 야생화와 370여 종의 식물 등 도심에서 보기 드문 자연생태가 군락을 이루고 있다. 산책로 1.9km, 해안 산책로 1.2km를 포함한 총 면적이 55만 3277㎡로 아름다운 해안 경치와 울창한 산림이 조화를 이룬 천혜의 자연 경관을 자랑한다.",지역 역사·관광 탐방 동화 배경,장소의 특징을 찾아보고 가족 여행 기록 남기기,5-7;8-10,관광;관광지;암남공원;암남공원(岩南公園)은;부산시;서구;진정산;일대에;조성된;자연생태공원이다.;이곳에는;약,암남공원,관광지,부산광역시 서구 암남공원로 185,부산광역시 서구 암남동 산193,553277,화장실,,낚시터+레포츠 시설 등,음수대+조각작품 등,관리사무소,,2004-04-01,100,341,"암남공원(岩南公園)은 부산시 서구 진정산 일대에 조성된 자연생태공원이다. 이곳에는 약 1억 년 전 형성된 퇴적암, 100여 종의 야생화와 370여 종의 식물 등 도심에서 보기 드문 자연생태가 군락을 이루고 있다. 산책로 1.9km, 해안 산책로 1.2km를 포함한 총 면적이 55만 3277㎡로 아름다운 해안 경치와 울창한 산림이 조화를 이룬 천혜의 자연 경관을 자랑한다.",051-240-4538,부산광역시 서구청,2025-11-19,3260000,부산광역시 서구
전국관광지정보표준데이터,https://www.data.go.kr/data/15021141/standard.do,2025-11-19,place,구덕문화공원,관광지,부산광역시 서구,부산광역시 서구 꽃마을로 163번길 73,35.12641369,129.005742,"구덕산 자락 숲속에 자리하였으며 교육역사관에는 조선시대부터 개화기, 일제강점기, 한국전쟁기, 그리고 현재에 이르기까지 약 640여점의 교육 사료가 전시되어있으며 최근 다목적관에 어린이복합문화공간인 서구 숲속놀이터가 조성되었다.",지역 역사·관광 탐방 동화 배경,장소의 특징을 찾아보고 가족 여행 기록 남기기,5-7;8-10,관광;관광지;구덕문화공원;구덕산;자락;숲속에;자리하였으며;교육역사관에는;조선시대부터;개화기;일제강점기;한국전쟁기,구덕문화공원,관광지,부산광역시 서구 꽃마을로 163번길 73,부산광역시 서구 서대신동3가 산18-15,20000,화장실,,,교육역사관+민속생활관+목석원예관+인공폭포+편백숲 명상의 길+다목적관,,,2004-11-05,100,16,"구덕산 자락 숲속에 자리하였으며 교육역사관에는 조선시대부터 개화기, 일제강점기, 한국전쟁기, 그리고 현재에 이르기까지 약 640여점의 교육 사료가 전시되어있으며 최근 다목적관에 어린이복합문화공간인 서구 숲속놀이터가 조성되었다.",051-240-3521,부산광역시 서구청,2025-11-19,3260000,부산광역시 서구
전국관광지정보표준데이터,https://www.data.go.kr/data/15021141/standard.do,2025-12-19,place,수옥정,관광지,충청북도 괴산군,"충청북도 괴산군 연풍면 수옥정길 174, 수옥정관광지관리사무소",36.81361722,128.036232,"드라마 촬영등으로 유명한 수옥폭포와 수옥정, 한여름의 더위를 식혀주는 수옥정 물놀이장과 더불어 조령산, 깃대봉 등의 명산이 어우러져 자인이 만들어 낸 천혜의 관광지",지역 역사·관광 탐방 동화 배경,장소의 특징을 찾아보고 가족 여행 기록 남기기,5-7;8-10,관광;관광지;수옥정;드라마;촬영등으로;유명한;수옥폭포와;한여름의;더위를;식혀주는;물놀이장과;더불어,수옥정,관광지,"충청북도 괴산군 연풍면 수옥정길 174, 수옥정관광지관리사무소",충청북도 괴산군 연풍면 원풍리 52-5,229469,주차장+배수지+공중화장실+오수처리장+관리사무소+도로 및 광장,"호텔, 여관, 펜션",물놀이장,저수지 위락시설,,녹지+사찰+하천 및 저수지,1995-12-08,1000,120,"드라마 촬영등으로 유명한 수옥폭포와 수옥정, 한여름의 더위를 식혀주는 수옥정 물놀이장과 더불어 조령산, 깃대봉 등의 명산이 어우러져 자인이 만들어 낸 천혜의 관광지",043-830-3824,충청북도 괴산군청,2025-12-19,4460000,충청북도 괴산군
전국관광지정보표준데이터,https://www.data.go.kr/data/15021141/standard.do,2025-07-01,place,남원관광지,관광지,전북특별자치도 남원시,전북특별자치도 남원시 양림길 12,35.402481,127.386137,"남원하면 떠오르는 모든 상징물과 위락시설들을 모아 놓은 종합관광단지이다. 남원시 어현동 일대에 자리하고 있다. 한국관광공사가 조성한 남원관광단지에는 춘향전과 관련된 춘향테마파크, 춘향문화예술회관을 비롯해 국립민속국악원, 남원향토박물관 등의 문화시설이 있다.",지역 역사·관광 탐방 동화 배경,장소의 특징을 찾아보고 가족 여행 기록 남기기,5-7;8-10,관광;관광지;남원관광지;남원하면;떠오르는;모든;상징물과;위락시설들을;모아;놓은;종합관광단지이다.;남원시,남원관광지,관광지,전북특별자치도 남원시 양림길 12,,909510,관리사무소+주차장+화장실,켄싱턴리조트+춘향가호텔+남원파크+호텔춘향+리버모텔+드라마모텔+마음호텔,오리보트장+궁술장,남원랜드+국립국악원+동백연죽전시장+춘향테마파크+향토박물관+사랑의 광장,,,1985-10-10,1000,255,"남원하면 떠오르는 모든 상징물과 위락시설들을 모아 놓은 종합관광단지이다. 남원시 어현동 일대에 자리하고 있다. 한국관광공사가 조성한 남원관광단지에는 춘향전과 관련된 춘향테마파크, 춘향문화예술회관을 비롯해 국립민속국악원, 남원향토박물관 등의 문화시설이 있다.",063-620-8911,전북특별자치도 남원시청,2025-07-01,4701000,전북특별자치도 남원시
전국관광지정보표준데이터,https://www.data.go.kr/data/15021141/standard.do,2025-07-01,place,춘향테마파크,관광지,전북특별자치도 남원시,전북특별자치도 남원시 양림길 14-9,35.401464,127.386902,"남원시 양림길 남원관광지내에 소재한 곳(3만 5천평 규모)으로 임권택 감독의 영화 [춘향뎐]의 촬영 장소를 포함하여 사랑의 테마가 있는 관광지로 조성한 곳이다. [춘향뎐]의 지고지순한 사랑을 오늘을 살아가는 이들의 마음속에 담아내 과거의 사랑과 이제 사랑을 시작하는 이들이 사랑의 추억을 만들 수 있도록 조성돼 있고 만남의 장, 맹약의 장, 춘향뎐 영화세트장, 축제의 장 등 사랑의 5개 마당으로 춘향테마의 일대기를 재현하고 있다. 또한 철저한 고증을 거쳐 완성된 동헌, 관아, 내아, 월매집, 부용당, 옥사정을 비롯해 조선 중기 서민들의 삶이 깃든 고건물들이 들어서 있어 조선 중기 서민문화와 춘향의 삶을 제대로 이해할 수 있도록 조성되어 있다.",지역 역사·관광 탐방 동화 배경,장소의 특징을 찾아보고 가족 여행 기록 남기기,5-7;8-10,관광;관광지;춘향테마파크;남원시;양림길;남원관광지내에;소재한;곳(3만;5천평;규모)으로;임권택;감독의,춘향테마파크,관광지,전북특별자치도 남원시 양림길 14-9,,66462,주차장,,,,,,2004-05-01,1000,255,"남원시 양림길 남원관광지내에 소재한 곳(3만 5천평 규모)으로 임권택 감독의 영화 [춘향뎐]의 촬영 장소를 포함하여 사랑의 테마가 있는 관광지로 조성한 곳이다. [춘향뎐]의 지고지순한 사랑을 오늘을 살아가는 이들의 마음속에 담아내 과거의 사랑과 이제 사랑을 시작하는 이들이 사랑의 추억을 만들 수 있도록 조성돼 있고 만남의 장, 맹약의 장, 춘향뎐 영화세트장, 축제의 장 등 사랑의 5개 마당으로 춘향테마의 일대기를 재현하고 있다. 또한 철저한 고증을 거쳐 완성된 동헌, 관아, 내아, 월매집, 부용당, 옥사정을 비롯해 조선 중기 서민들의 삶이 깃든 고건물들이 들어서 있어 조선 중기 서민문화와 춘향의 삶을 제대로 이해할 수 있도록 조성되어 있다.",063-620-5797,전북특별자치도 남원시청,2025-07-01,4701000,전북특별자치도 남원시
전국관광지정보표준데이터,https://www.data.go.kr/data/15021141/standard.do,2025-07-01,place,남원항공우주천문대,관광지,전북특별자치도 남원시,전북특별자치도 남원시 양림길 48-63,35.399194,127.387388,"남원항공우주천문대는 2009년 10월 9일에 개관하여 서남권 관광문화의 중심 도시인 남원 및 인근지역 어린이, 청소년에게 천문우주 및 첨단 항공과학 체험 기회를 제공하고 또한 가족 단위와 단체가 함께 즐길 수 있는 가족 체험시설로 관광수요 창출 및 지역경제 활성화에 기여하고 있습니다.",지역 역사·관광 탐방 동화 배경,장소의 특징을 찾아보고 가족 여행 기록 남기기,5-7;8-10,관광;관광지;남원항공우주천문대;남원항공우주천문대는;2009년;10월;9일에;개관하여;서남권;관광문화의;중심;도시인,남원항공우주천문대,관광지,전북특별자치도 남원시 양림길 48-63,,6532,주차장,,,,,,2009-10-01,1000,10,"남원항공우주천문대는 2009년 10월 9일에 개관하여 서남권 관광문화의 중심 도시인 남원 및 인근지역 어린이, 청소년에게 천문우주 및 첨단 항공과학 체험 기회를 제공하고 또한 가족 단위와 단체가 함께 즐길 수 있는 가족 체험시설로 관광수요 창출 및 지역경제 활성화에 기여하고 있습니다.",063-620-8988,전북특별자치도 남원시청,2025-07-01,4701000,전북특별자치도 남원시
전국관광지정보표준데이터,https://www.data.go.kr/data/15021141/standard.do,2025-07-01,place,남원시립김병종미술관,관광지,전북특별자치도 남원시,전북특별자치도 남원시 함파우길 65-14,35.398706,127.389555,"전북특별자치도 남원시 춘향테마파크 내에 위치한 남원시립김병종미술관은 2018년 3월 2일에 개관하였습니다. 남원시에서 직접 운영하는 공립미술관으로서 시민들의 문화예술 향유를 통한 삶의 질 향상과 지역 출신 작가들의 전시 공간 마련을 통해 지역 미술의 특성을 알리는데 설립 목적이 있습니다. 특히 남원 출신의 김병종(b.1953) 작가가 본인의 대표작을 남원시에 대량 기증하면서 콜렉션의 기반을 갖추었습니다. 숲으로 둘러싸인 남원시립김병종미술관은 전원형(田園形) 미술관으로서 바쁜 일상에 지친 현대인들이 찾아와 미술작품 뿐 아니라 자연을 감상하고, 마음을 치유하는 복합 문화시설입니다. 또한 문학인으로 유명한 김병종 작가가 기증한 각종 문학 관련 자료들을 선보여, 미술과 문학이 공존하는 공간이기도 합니다. 약 2,000권의 미술·문학·인문학 관련 도서가 비치된 북카페도 이 같은 미술관의 독특한 역할에 일조하고 있습니다",지역 역사·관광 탐방 동화 배경,장소의 특징을 찾아보고 가족 여행 기록 남기기,5-7;8-10,관광;관광지;남원시립김병종미술관;전북특별자치도;남원시;춘향테마파크;내에;위치한;남원시립김병종미술관은;2018년;3월;2일에,남원시립김병종미술관,관광지,전북특별자치도 남원시 함파우길 65-14,,1442,주차장,,,커피숍,,,2018-03-02,1000,25,"전북특별자치도 남원시 춘향테마파크 내에 위치한 남원시립김병종미술관은 2018년 3월 2일에 개관하였습니다. 남원시에서 직접 운영하는 공립미술관으로서 시민들의 문화예술 향유를 통한 삶의 질 향상과 지역 출신 작가들의 전시 공간 마련을 통해 지역 미술의 특성을 알리는데 설립 목적이 있습니다. 특히 남원 출신의 김병종(b.1953) 작가가 본인의 대표작을 남원시에 대량 기증하면서 콜렉션의 기반을 갖추었습니다. 숲으로 둘러싸인 남원시립김병종미술관은 전원형(田園形) 미술관으로서 바쁜 일상에 지친 현대인들이 찾아와 미술작품 뿐 아니라 자연을 감상하고, 마음을 치유하는 복합 문화시설입니다. 또한 문학인으로 유명한 김병종 작가가 기증한 각종 문학 관련 자료들을 선보여, 미술과 문학이 공존하는 공간이기도 합니다. 약 2,000권의 미술·문학·인문학 관련 도서가 비치된 북카페도 이 같은 미술관의 독특한 역할에 일조하고 있습니다",063-620-5660,전북특별자치도 남원시청,2025-07-01,4701000,전북특별자치도 남원시
전국관광지정보표준데이터,https://www.data.go.kr/data/15021141/standard.do,2025-07-01,place,혼불문학관,관광지,전북특별자치도 남원시,전북특별자치도 남원시 사매면 노봉안길 52,35.481096,127.319992,"현대 문학의 백미라고 할 수 있는 소설 “혼불”과 작가 최명희 선생의 문학정신을 널리 선양하고 전승, 보존하기 위하여 2004년 10월에 국고와 지방비 포함 49억을 들여서 이곳 노봉마을에 혼불문학관을 개관하게 되었습니다.",지역 역사·관광 탐방 동화 배경,장소의 특징을 찾아보고 가족 여행 기록 남기기,5-7;8-10,관광;관광지;혼불문학관;현대;문학의;백미라고;할;수;있는;소설;“혼불”과;작가,혼불문학관,관광지,전북특별자치도 남원시 사매면 노봉안길 52,,16653,주차장,,,,,,2004-10-01,1000,30,"현대 문학의 백미라고 할 수 있는 소설 “혼불”과 작가 최명희 선생의 문학정신을 널리 선양하고 전승, 보존하기 위하여 2004년 10월에 국고와 지방비 포함 49억을 들여서 이곳 노봉마을에 혼불문학관을 개관하게 되었습니다.",063-620-5744,전북특별자치도 남원시청,2025-07-01,4701000,전북특별자치도 남원시
전국관광지정보표준데이터,https://www.data.go.kr/data/15021141/standard.do,2025-07-01,place,국악의 성지,관광지,전북특별자치도 남원시,전북특별자치도 남원시 운봉읍 비전길 69,35.459997,127.569101,"민족의 영산 지리산 자락 운봉에 위치하고 있는 국악의 성지는 우리 민족의 전통과 혼이 담긴 국악의 본 고장이요, 성지임을 널리 알리기 위해 국악을 사랑하는 모든 분들의 염원을 모아 조성하였다.",지역 역사·관광 탐방 동화 배경,장소의 특징을 찾아보고 가족 여행 기록 남기기,5-7;8-10,관광;관광지;국악의;성지;민족의;영산;지리산;자락;운봉에;위치하고;있는;성지는,국악의 성지,관광지,전북특별자치도 남원시 운봉읍 비전길 69,,74540,주차장,,,야외공연장,,,2007-10-31,1000,50,"민족의 영산 지리산 자락 운봉에 위치하고 있는 국악의 성지는 우리 민족의 전통과 혼이 담긴 국악의 본 고장이요, 성지임을 널리 알리기 위해 국악을 사랑하는 모든 분들의 염원을 모아 조성하였다.",063-620-6905,전북특별자치도 남원시청,2025-07-01,4701000,전북특별자치도 남원시
전국관광지정보표준데이터,https://www.data.go.kr/data/15021141/standard.do,2024-08-12,place,노고단,관광지,전라남도 구례군,전라남도 구례군 토지면 반곡길 42-237,35.2362904501,127.5547985930,"천왕봉, 반야봉과 함께 지리산 3대 주봉으로 꼽힌다.",지역 역사·관광 탐방 동화 배경,장소의 특징을 찾아보고 가족 여행 기록 남기기,5-7;8-10,관광;관광지;노고단;천왕봉;반야봉과;함께;지리산;3대;주봉으로;꼽힌다.,노고단,관광지,전라남도 구례군 토지면 반곡길 42-237,전라남도 구례군 토지면 문수리 산 17,3500000,화장실+주차장+상하수도시설,,,,,,1967-12-29,1870,200,"천왕봉, 반야봉과 함께 지리산 3대 주봉으로 꼽힌다.",061-780-7700,전라남도 구례군청,2024-08-12,4870000,전라남도 구례군
전국관광지정보표준데이터,https://www.data.go.kr/data/15021141/standard.do,2024-08-12,place,지리산정원,관광지,전라남도 구례군,전라남도 구례군 광의면 온동2길 124,35.2872264338,127.4388392323,"사계절 다양한 식생을 관찰할 수 있는 야생화테마랜드와 자생식물원,생태숲, 자연휴양림, 수목원이 있으며, 자연속 힐링공간인 숲속수목가옥은 인기가 높다.",지역 역사·관광 탐방 동화 배경,장소의 특징을 찾아보고 가족 여행 기록 남기기,5-7;8-10,관광;관광지;지리산정원;사계절;다양한;식생을;관찰할;수;있는;야생화테마랜드와;자생식물원;생태숲,지리산정원,관광지,전라남도 구례군 광의면 온동2길 124,전라남도 구례군 광의면 온당리 산164,300000,화장실+주차장,,,,,,2017-10-23,300,50,"사계절 다양한 식생을 관찰할 수 있는 야생화테마랜드와 자생식물원,생태숲, 자연휴양림, 수목원이 있으며, 자연속 힐링공간인 숲속수목가옥은 인기가 높다.",061-780-8026,전라남도 구례군청,2024-08-12,4870000,전라남도 구례군
전국관광지정보표준데이터,https://www.data.go.kr/data/15021141/standard.do,2024-08-12,place,섬진강대숲길,관광지,전라남도 구례군,전라남도 구례군 구례읍 원방리 1,35.1863378056,127.4652530574,섬진강변 대숲길은 강 풍경과 어우러져 마음을 평온하게 한다.,지역 역사·관광 탐방 동화 배경,장소의 특징을 찾아보고 가족 여행 기록 남기기,5-7;8-10,관광;관광지;섬진강대숲길;섬진강변;대숲길은;강;풍경과;어우러져;마음을;평온하게;한다.,섬진강대숲길,관광지,,전라남도 구례군 구례읍 원방리 1,38000,화장실+주차장,,,,,,2015-09-21,100,50,섬진강변 대숲길은 강 풍경과 어우러져 마음을 평온하게 한다.,061-780-2390,전라남도 구례군청,2024-08-12,4870000,전라남도 구례군
전국관광지정보표준데이터,https://www.data.go.kr/data/15021141/standard.do,2024-08-12,place,화엄사,관광지,전라남도 구례군,전라남도 구례군 마산면 화엄사로 239,35.2573160234,127.4977197326,대한 불교조계종 제 19교구 본사인 화엄사는 사적 제 505호로 지정(2009년) 되어있다.,지역 역사·관광 탐방 동화 배경,장소의 특징을 찾아보고 가족 여행 기록 남기기,5-7;8-10,관광;관광지;화엄사;대한;불교조계종;제;19교구;본사인;화엄사는;사적;505호로;지정(2009년),화엄사,관광지,전라남도 구례군 마산면 화엄사로 239,전라남도 구례군 마산면 황전리 12,72000,화장실+주차장+상하수도시설+관광안내소,,,,,,1967-12-29,500,100,대한 불교조계종 제 19교구 본사인 화엄사는 사적 제 505호로 지정(2009년) 되어있다.,061-783-7600,전라남도 구례군청,2024-08-12,4870000,전라남도 구례군
전국관광지정보표준데이터,https://www.data.go.kr/data/15021141/standard.do,2024-08-12,place,천은사,관광지,전라남도 구례군,전라남도 구례군 광의면 노고단로 209,35.2730927149,127.476325,신라 흥덕왕 3년(828년)에 덕운선사가 창건하였다고 전해지며 경내에 이슬처럼 맑고 찬 샘이 있어 처음에는 절 이름을 감로사(甘露寺)라 하였다.,지역 역사·관광 탐방 동화 배경,장소의 특징을 찾아보고 가족 여행 기록 남기기,5-7;8-10,관광;관광지;천은사;신라;흥덕왕;3년(828년)에;덕운선사가;창건하였다고;전해지며;경내에;이슬처럼;맑고,천은사,관광지,전라남도 구례군 광의면 노고단로 209,전라남도 구례군 광의면 방광리 70,59000,화장실+주차장+상하수도시설+관광안내소,,,,,,1967-12-29,300,100,신라 흥덕왕 3년(828년)에 덕운선사가 창건하였다고 전해지며 경내에 이슬처럼 맑고 찬 샘이 있어 처음에는 절 이름을 감로사(甘露寺)라 하였다.,061-781-4800,전라남도 구례군청,2024-08-12,4870000,전라남도 구례군
전국관광지정보표준데이터,https://www.data.go.kr/data/15021141/standard.do,2024-08-15,place,일강김철선생기념관,관광지,전라남도 함평군,전라남도 함평군 신광면 일강로 873-12,35.18893103,126.4801235,독립운동가 김철선생의 애국정신을 재조명하는 교육의 장,지역 역사·관광 탐방 동화 배경,장소의 특징을 찾아보고 가족 여행 기록 남기기,5-7;8-10,관광;관광지;일강김철선생기념관;독립운동가;김철선생의;애국정신을;재조명하는;교육의;장,일강김철선생기념관,관광지,전라남도 함평군 신광면 일강로 873-12,,10770,화장실+주차장,,,,,,2009-06-29,300,10,독립운동가 김철선생의 애국정신을 재조명하는 교육의 장,061-320-1453,전라남도 함평군,2024-08-15,4960000,전라남도 함평군
전국관광지정보표준데이터,https://www.data.go.kr/data/15021141/standard.do,2024-08-15,place,꽃무릇공원,관광지,전라남도 함평군,전라남도 함평군 해보면 용천사길 209,35.18352786,126.5452774,"한국의 백경중 일경에 속하는 40여만평의 꽃무릇과 나비, 꽃무릇공원을 배경으로 매년 9월 꽃무릇큰잔치가 열리고 있습니다",지역 역사·관광 탐방 동화 배경,장소의 특징을 찾아보고 가족 여행 기록 남기기,5-7;8-10,관광;관광지;꽃무릇공원;한국의;백경중;일경에;속하는;40여만평의;꽃무릇과;나비;꽃무릇공원을;배경으로,꽃무릇공원,관광지,전라남도 함평군 해보면 용천사길 209,,13913,화장실+주차장,,농어촌휴양시설,공연장+관광식당,,,2000-09-01,10000,350,"한국의 백경중 일경에 속하는 40여만평의 꽃무릇과 나비, 꽃무릇공원을 배경으로 매년 9월 꽃무릇큰잔치가 열리고 있습니다",061-320-2773,전라남도 함평군,2024-08-15,4960000,전라남도 함평군
전국관광지정보표준데이터,https://www.data.go.kr/data/15021141/standard.do,2024-08-15,place,함평자동차극장,관광지,전라남도 함평군,전라남도 함평군 함평읍 함장로 1162,35.0581392300,126.5226056000,최신 영화를 자동차에서 편하게 관람하실 수 있습니다,지역 역사·관광 탐방 동화 배경,장소의 특징을 찾아보고 가족 여행 기록 남기기,5-7;8-10,관광;관광지;함평자동차극장;최신;영화를;자동차에서;편하게;관람하실;수;있습니다,함평자동차극장,관광지,전라남도 함평군 함평읍 함장로 1162,,26183,화장실+주차장+매점+매표소,,자동차영화관,,,,2021-02-18,180,180,최신 영화를 자동차에서 편하게 관람하실 수 있습니다,061-320-2228,전라남도 함평군,2024-08-15,4960000,전라남도 함평군
전국관광지정보표준데이터,https://www.data.go.kr/data/15021141/standard.do,2024-09-26,place,오전약수관광지,관광지,경상북도 봉화군,경상북도 봉화군 물야면 문수로 1541,37.01209531,128.7457209,"심산계곡에 자리잡은 약수탕은 선달산, 옥석산 아래 깊은 계곡에 위치하고 있고, 약수는 예부터 위장병과 피부병에 효험이 있다.",지역 역사·관광 탐방 동화 배경,장소의 특징을 찾아보고 가족 여행 기록 남기기,5-7;8-10,관광;관광지;오전약수관광지;심산계곡에;자리잡은;약수탕은;선달산;옥석산;아래;깊은;계곡에;위치하고,오전약수관광지,관광지,경상북도 봉화군 물야면 문수로 1541,경상북도 봉화군 물야면 오전리 95-35,137000,관리사무소+화장실+상하수도시설+주차장,,,,관광식당,,1986-12-30,2000,500,"심산계곡에 자리잡은 약수탕은 선달산, 옥석산 아래 깊은 계곡에 위치하고 있고, 약수는 예부터 위장병과 피부병에 효험이 있다.",054-679-6353,경상북도 봉화군청,2024-09-26,5240000,경상북도 봉화군
전국관광지정보표준데이터,https://www.data.go.kr/data/15021141/standard.do,2024-09-26,place,다덕약수관광지,관광지,경상북도 봉화군,경상북도 봉화군 봉성면 다덕로 873,36.9141215,128.8273232,옛날 스무나무 아래 약수가 있어 이를 마시고 위장병과 피부병에 효험이 있어 많은 사람이 이 약수를 마시고 덕을 보았다 하여 다덕약수라고 불리움,지역 역사·관광 탐방 동화 배경,장소의 특징을 찾아보고 가족 여행 기록 남기기,5-7;8-10,관광;관광지;다덕약수관광지;옛날;스무나무;아래;약수가;있어;이를;마시고;위장병과;피부병에,다덕약수관광지,관광지,경상북도 봉화군 봉성면 다덕로 873,경상북도 봉화군 봉성면 우곡리 505-5,88720,관리사무소+화장실+주차장,,,,관광식당,,2008-12-30,500,120,옛날 스무나무 아래 약수가 있어 이를 마시고 위장병과 피부병에 효험이 있어 많은 사람이 이 약수를 마시고 덕을 보았다 하여 다덕약수라고 불리움,054-679-6353,경상북도 봉화군청,2024-09-26,5240000,경상북도 봉화군
전국관광지정보표준데이터,https://www.data.go.kr/data/15021141/standard.do,2024-08-16,place,곡성섬진강천문대,관광지,전라남도 구례군,전라남도 구례군 구례읍 섬진강로 1234,35.22666779,127.3691674,"2007년 9월 19일 개관한 곡성섬진강천문대는 아름답고 깨끗한 섬진강이 흐르는 강변에 위치하고 있으며, 한국천문연구원에서 우리나라 순수 과학기술로 제작한 600mm 천체망원을 설치한 주관측실을 비롯하여 정밀도를 자랑하는 다양한 망원경들이 설치되어 있는 보조관측실, 8m 원형돔 스크린을 갖춘 천체투영실, 그리고 각종 천문자료 등을 전시해 놓은 학습공간으로 구성되어 있어, 별에 대한 옛 추억을 되새기고 미래 우주시대 주인공이 되기 위한 꿈과 미래를 찾아 떠나는 우주여행의 길잡이 역할을 충실히 할 것이다.",지역 역사·관광 탐방 동화 배경,장소의 특징을 찾아보고 가족 여행 기록 남기기,5-7;8-10,관광;관광지;곡성섬진강천문대;2007년;9월;19일;개관한;곡성섬진강천문대는;아름답고;깨끗한;섬진강이;흐르는,곡성섬진강천문대,관광지,전라남도 구례군 구례읍 섬진강로 1234,전라남도 구례군 구례읍 논곡리 829-2,2283,주차장+화장실+장애인 공용화장실,,,,,,2007-09-01,100,25,"2007년 9월 19일 개관한 곡성섬진강천문대는 아름답고 깨끗한 섬진강이 흐르는 강변에 위치하고 있으며, 한국천문연구원에서 우리나라 순수 과학기술로 제작한 600mm 천체망원을 설치한 주관측실을 비롯하여 정밀도를 자랑하는 다양한 망원경들이 설치되어 있는 보조관측실, 8m 원형돔 스크린을 갖춘 천체투영실, 그리고 각종 천문자료 등을 전시해 놓은 학습공간으로 구성되어 있어, 별에 대한 옛 추억을 되새기고 미래 우주시대 주인공이 되기 위한 꿈과 미래를 찾아 떠나는 우주여행의 길잡이 역할을 충실히 할 것이다.",061-363-8528,전라남도 곡성군청 관광과,2024-08-16,4860000,전라남도 곡성군
전국관광지정보표준데이터,https://www.data.go.kr/data/15021141/standard.do,2025-12-22,place,금강하구둑관광지,관광지,충청남도 서천군,충청남도 서천군 마서면 장산로 855번길 56-2,36.01993599,126.736726,"금강을 경계로 군산과 인접하고 있으며, 철새도래지로 유려한 철새군무를 볼수 있고 먹거리가 풍부함",지역 역사·관광 탐방 동화 배경,장소의 특징을 찾아보고 가족 여행 기록 남기기,5-7;8-10,관광;관광지;금강하구둑관광지;금강을;경계로;군산과;인접하고;있으며;철새도래지로;유려한;철새군무를;볼수,금강하구둑관광지,관광지,충청남도 서천군 마서면 장산로 855번길 56-2,충청남도 서천군 마서면 도삼리 71-5,175384,종합안내소+주차장+화장실,,,,,,1993-09-22,5000,486,"금강을 경계로 군산과 인접하고 있으며, 철새도래지로 유려한 철새군무를 볼수 있고 먹거리가 풍부함",041-950-4018,충청남도 서천군청,2025-12-22,4580000,충청남도 서천군
전국관광지정보표준데이터,https://www.data.go.kr/data/15021141/standard.do,2024-08-16,place,아산조방원미술관,관광지,전라남도 곡성군,전라남도 곡성군 옥과면 미술관로 288,35.29706668,127.1224042303,"아산 조방원 화백(雅山 趙邦元 畵伯, 1922년 전남 무안출생)이 자신의 노후 작품 활동을 정리하고 제자들을 육성할 수 있는 공간을 마련키 위해 평생 모아온 미술품 6천 7백여점과 부지 4천 2백여평을 전라남도에 기증함으로써 지난 88년부터 공사가 시작되어 96년 완공된 전라남도 옥과 미술관은 옥과면 옥과리에 소재하여 4천 2백여평의 부지에 2층으로 3백여평 규모의 전시관을 구비한 현대식 미술관이다. 아산 조방원 미술관을 가족과 함께 찾아 가려면 옥과면 소재지에서 죽림천을 따라 포장도로 10여분 차를 타고 가다 보면 지동마을이 나오고 다시 왼편으로 조금 더 가다 보면 검정 기와 지붕에 빨간 벽돌로 지어진 옥과미술관과 숲속에 은근히 성륜사가 나타난다. 아산 조방원 미술관 1층 전시실에는 남도 중진 및 중견작가 작품 등, 동·서양화 40여점이 전시되어 있으며 2층에는 아산 조방원 선생이 기증한 소치 허련 선생의 사군자, 모란, 추사 김정희 선생의 서간문, 퇴계 이황 선생의 詩 그리고 아산 조방원 선생의 작품 歸路 , 田家 등이 전시되어 가족 방문객과 미술 관람객들의 발길이 계속되고 있으며 전남 미술의 진수를 한눈에 느낄 수 있고 전남 예술인들의 창작 의욕을 불러 일으키는 전당이 되고 있다.",지역 역사·관광 탐방 동화 배경,장소의 특징을 찾아보고 가족 여행 기록 남기기,5-7;8-10,관광;관광지;아산조방원미술관;아산;조방원;화백(雅山;趙邦元;畵伯;1922년;전남;무안출생)이;자신의,아산조방원미술관,관광지,전라남도 곡성군 옥과면 미술관로 288,전라남도 곡성군 옥과면 옥과리 산1-3,14090,주차장+화장실,,,,,,2018-06-01,150,12,"아산 조방원 화백(雅山 趙邦元 畵伯, 1922년 전남 무안출생)이 자신의 노후 작품 활동을 정리하고 제자들을 육성할 수 있는 공간을 마련키 위해 평생 모아온 미술품 6천 7백여점과 부지 4천 2백여평을 전라남도에 기증함으로써 지난 88년부터 공사가 시작되어 96년 완공된 전라남도 옥과 미술관은 옥과면 옥과리에 소재하여 4천 2백여평의 부지에 2층으로 3백여평 규모의 전시관을 구비한 현대식 미술관이다. 아산 조방원 미술관을 가족과 함께 찾아 가려면 옥과면 소재지에서 죽림천을 따라 포장도로 10여분 차를 타고 가다 보면 지동마을이 나오고 다시 왼편으로 조금 더 가다 보면 검정 기와 지붕에 빨간 벽돌로 지어진 옥과미술관과 숲속에 은근히 성륜사가 나타난다. 아산 조방원 미술관 1층 전시실에는 남도 중진 및 중견작가 작품 등, 동·서양화 40여점이 전시되어 있으며 2층에는 아산 조방원 선생이 기증한 소치 허련 선생의 사군자, 모란, 추사 김정희 선생의 서간문, 퇴계 이황 선생의 詩 그리고 아산 조방원 선생의 작품 歸路 , 田家 등이 전시되어 가족 방문객과 미술 관람객들의 발길이 계속되고 있으며 전남 미술의 진수를 한눈에 느낄 수 있고 전남 예술인들의 창작 의욕을 불러 일으키는 전당이 되고 있다.",061-363-7278,전라남도 곡성군청 문화체육과,2024-08-16,4860000,전라남도 곡성군
전국관광지정보표준데이터,https://www.data.go.kr/data/15021141/standard.do,2024-08-16,place,곡성생태체험관,관광지,전라남도 곡성군,전라남도 곡성군 옥과면 월파로 295,35.31719414,127.1699834,"맑고 푸른 섬진강변의 수려한 자연경관을 배경으로 한 현장 체험 위주의 전인 교육장으로 환경과 자연생태의 중요성을 직접 체험하게 하여 그 소중함을 일깨우고 나아가 자연 환경보존을 실천하도록 하는데 목적이 있다.오랜 동안의 연구와 경험을 바탕으로 한 프로그램 운영으로 우리의 소중한 아이들이 즐겁게 뛰놀며 체험할 수 있고, 어른들의 지난 시절을 아름답게 추억할 수 있는 공간이다. 또한 초가집에서 잠을 자고 뛰어 놀 수 있는 놀이 마당과 창포머리감기, 고구마 구워먹기, 캠프파이어 등 방학기간 중 운영되는 환경캠프에도 많은 체험자가 참여하는 등 인기가 대단하다. 수려한 풍광을 자랑하는 곡성 옥과 설산자락, 폐교된 옛 옥수초등학교 부지에 자리 잡은 곡성생태체험관은 징검다리, 야생화 화단이 갖춰져 있어 청정 그대로의 자연과 접할 수 있다. 그리고 맘껏 뛰어놀 수 있는 널찍한 잔디 운동장과 야외무대도 마음을 사로잡는다.아련한 추억을 떠올리게 하는 옛날 초등학교 교실들은 각각 그릇을 직접 구어서 빚어볼 수 있는 도예체험관, 야생초나 야생화를 이용하여 옷감에 물을 들이는 천연염색체험관, 볏짚으로 각종 공예품을 만들어보는 짚풀 공예관 등으로 구성되어 있다. 그래서 어린이뿐만 아니라 어른들에게도 타임머신을 타고 동심의 세계로 돌아가게 해주는 곳이 곡성생태체험관이다. 가족단위 프로그램 참가신청도 가능하다.특히 방학기간에는 환경캠프를 운영 하는데, 생태체험관 기본 프로그램외에도 창포머리감기나, 고구마 구워먹기, 캠프파이어 등을 즐기며 자연과 보다 진한 교감을 맛보고 귀중한 추억도 만들 수 있다. 아울러, 함께 있는 합강투어텔에서는 숙박과 식사를 동시에 해결할 수 있어 매우 편리하다.",지역 역사·관광 탐방 동화 배경,장소의 특징을 찾아보고 가족 여행 기록 남기기,5-7;8-10,관광;관광지;곡성생태체험관;맑고;푸른;섬진강변의;수려한;자연경관을;배경으로;한;현장;체험,곡성생태체험관,관광지,전라남도 곡성군 옥과면 월파로 295,전라남도 곡성군 옥과면 합강리 499-1,314,주차장+화장실+운동기구,,,,,,2002-06-01,100,15,"맑고 푸른 섬진강변의 수려한 자연경관을 배경으로 한 현장 체험 위주의 전인 교육장으로 환경과 자연생태의 중요성을 직접 체험하게 하여 그 소중함을 일깨우고 나아가 자연 환경보존을 실천하도록 하는데 목적이 있다.오랜 동안의 연구와 경험을 바탕으로 한 프로그램 운영으로 우리의 소중한 아이들이 즐겁게 뛰놀며 체험할 수 있고, 어른들의 지난 시절을 아름답게 추억할 수 있는 공간이다. 또한 초가집에서 잠을 자고 뛰어 놀 수 있는 놀이 마당과 창포머리감기, 고구마 구워먹기, 캠프파이어 등 방학기간 중 운영되는 환경캠프에도 많은 체험자가 참여하는 등 인기가 대단하다. 수려한 풍광을 자랑하는 곡성 옥과 설산자락, 폐교된 옛 옥수초등학교 부지에 자리 잡은 곡성생태체험관은 징검다리, 야생화 화단이 갖춰져 있어 청정 그대로의 자연과 접할 수 있다. 그리고 맘껏 뛰어놀 수 있는 널찍한 잔디 운동장과 야외무대도 마음을 사로잡는다.아련한 추억을 떠올리게 하는 옛날 초등학교 교실들은 각각 그릇을 직접 구어서 빚어볼 수 있는 도예체험관, 야생초나 야생화를 이용하여 옷감에 물을 들이는 천연염색체험관, 볏짚으로 각종 공예품을 만들어보는 짚풀 공예관 등으로 구성되어 있다. 그래서 어린이뿐만 아니라 어른들에게도 타임머신을 타고 동심의 세계로 돌아가게 해주는 곳이 곡성생태체험관이다. 가족단위 프로그램 참가신청도 가능하다.특히 방학기간에는 환경캠프를 운영 하는데, 생태체험관 기본 프로그램외에도 창포머리감기나, 고구마 구워먹기, 캠프파이어 등을 즐기며 자연과 보다 진한 교감을 맛보고 귀중한 추억도 만들 수 있다. 아울러, 함께 있는 합강투어텔에서는 숙박과 식사를 동시에 해결할 수 있어 매우 편리하다.",061-363-2999,전라남도 곡성군청 환경축산과,2024-08-16,4860000,전라남도 곡성군
전국관광지정보표준데이터,https://www.data.go.kr/data/15021141/standard.do,2024-08-16,place,심청효문화센터,관광지,전라남도 곡성군,전라남도 곡성군 오산면 오산로 254-4,35.20836622,127.1288481,"곡성에서는 심청의 본고장이라는 자부심으로 만행의 근본이라 일컬어지는 효(孝) 정신을 널리 전파하기 위해서 매년 심청축제를 여는 등 다양한 노력을 기울이고 있다. ’효’는 이제 곡성을 상징하는 대표 키워드나 다름없다.따라서, 곡성에는 심청이 들어가는 명칭이 많은데, 그중 하나가 심청효문화센터다. 심청효문화센터는 곡성스러운 청정하고 조용한 분위기가 물씬 풍기는 시골마을 한켠에 자리 잡고 있다. 곡성 심청의 근원지인 관음사와 연계하여 심청의 효문화를 새롭게 조명하고 현대적인 효의 위상과 의미를 재정립하여 그 중요성을 인식하게 할 수 있는 교육의 장으로 활용하고자 체험공간과 숙소동을 갖추고 운영하고 있다. 한꺼번에 100여명을 수용할 수 있는 숙박시설과, 세미나실과 잔디 운동장, 야외취사장, 음향설비 등을 갖추고 있어 학생들의 현장학습, 기업연수, 대학생 M/T장소로 활용되고 있다. 아울러 심청의 효 문화를 알리기 위한 전시실과 더불어 ’효’ 체험 프로그램을 운영하고 있어, 가족단위의 발걸음도 꾸준히 이어진다.또한 인근에 조성된 심청공원도 꼭 들러볼 만한 곳이다. 이곳엔 심청전의 배역 인물을 묘사하는 장승 23기가 세워져 있다.",지역 역사·관광 탐방 동화 배경,장소의 특징을 찾아보고 가족 여행 기록 남기기,5-7;8-10,관광;관광지;심청효문화센터;곡성에서는;심청의;본고장이라는;자부심으로;만행의;근본이라;일컬어지는;효(孝);정신을,심청효문화센터,관광지,전라남도 곡성군 오산면 오산로 254-4,전라남도 곡성군 오산면 선세리 702,2151,주차장,,,,,,2018-08-01,200,25,"곡성에서는 심청의 본고장이라는 자부심으로 만행의 근본이라 일컬어지는 효(孝) 정신을 널리 전파하기 위해서 매년 심청축제를 여는 등 다양한 노력을 기울이고 있다. ’효’는 이제 곡성을 상징하는 대표 키워드나 다름없다.따라서, 곡성에는 심청이 들어가는 명칭이 많은데, 그중 하나가 심청효문화센터다. 심청효문화센터는 곡성스러운 청정하고 조용한 분위기가 물씬 풍기는 시골마을 한켠에 자리 잡고 있다. 곡성 심청의 근원지인 관음사와 연계하여 심청의 효문화를 새롭게 조명하고 현대적인 효의 위상과 의미를 재정립하여 그 중요성을 인식하게 할 수 있는 교육의 장으로 활용하고자 체험공간과 숙소동을 갖추고 운영하고 있다. 한꺼번에 100여명을 수용할 수 있는 숙박시설과, 세미나실과 잔디 운동장, 야외취사장, 음향설비 등을 갖추고 있어 학생들의 현장학습, 기업연수, 대학생 M/T장소로 활용되고 있다. 아울러 심청의 효 문화를 알리기 위한 전시실과 더불어 ’효’ 체험 프로그램을 운영하고 있어, 가족단위의 발걸음도 꾸준히 이어진다.또한 인근에 조성된 심청공원도 꼭 들러볼 만한 곳이다. 이곳엔 심청전의 배역 인물을 묘사하는 장승 23기가 세워져 있다.",061-363-4041,전라남도 곡성군청 문화체육과,2024-08-16,4860000,전라남도 곡성군
전국관광지정보표준데이터,https://www.data.go.kr/data/15021141/standard.do,2024-08-16,place,심청골짝나라학교,관광지,전라남도 곡성군,전라남도 곡성군 석곡면 방주마천목길 107,35.17183675,127.2580116,"전라남도교육청 대안학교 위탁교육기관인 심청골짝나라학교는 학교 부적응 학생이나 폭력 등의 문제를 일으킨 아이들에게 퇴학이나 전학 조치가 취해지던 예전과는 달리 아이들은 위탁 교육기관에서 일정 기간의 교육을 받은 후 원적학교로 복귀하게 됩니다.  심청골짝나라학교는 이러한 아이들을 무료 대안교육 하는 기관입니다. 비영리단체로 운영되며 학교 운영에 필요한 비용은 체험학습이나 수련활동, 수익사업,  교직원 연수 등 프로그램을 제공한 수익금으로 충당합니다.  이곳의 교사들 역시 변화하는 아이들을 지켜보는 기쁨만으로 7년째 봉사하고 있습니다. 진정한 ’대안교육’을 꿈꾸는 사람들이 모인 학교입니다. 현재 다양한 교육프로그램을 제공하고 있습니다.",지역 역사·관광 탐방 동화 배경,장소의 특징을 찾아보고 가족 여행 기록 남기기,5-7;8-10,관광;관광지;심청골짝나라학교;전라남도교육청;대안학교;위탁교육기관인;심청골짝나라학교는;학교;부적응;학생이나;폭력;등의,심청골짝나라학교,관광지,전라남도 곡성군 석곡면 방주마천목길 107,전라남도 곡성군 석곡면 방송리 590-1,11391,주차장,,,,,,2021-09-01,140,7,"전라남도교육청 대안학교 위탁교육기관인 심청골짝나라학교는 학교 부적응 학생이나 폭력 등의 문제를 일으킨 아이들에게 퇴학이나 전학 조치가 취해지던 예전과는 달리 아이들은 위탁 교육기관에서 일정 기간의 교육을 받은 후 원적학교로 복귀하게 됩니다.  심청골짝나라학교는 이러한 아이들을 무료 대안교육 하는 기관입니다. 비영리단체로 운영되며 학교 운영에 필요한 비용은 체험학습이나 수련활동, 수익사업,  교직원 연수 등 프로그램을 제공한 수익금으로 충당합니다.  이곳의 교사들 역시 변화하는 아이들을 지켜보는 기쁨만으로 7년째 봉사하고 있습니다. 진정한 ’대안교육’을 꿈꾸는 사람들이 모인 학교입니다. 현재 다양한 교육프로그램을 제공하고 있습니다.",061-363-4224,전라남도 곡성군청 관광과,2024-08-16,4860000,전라남도 곡성군
전국관광지정보표준데이터,https://www.data.go.kr/data/15021141/standard.do,2024-08-16,place,심청한옥마을,관광지,전라남도 곡성군,전라남도 곡성군 오곡면 심청로 178,35.23063008,127.3575205,"곡성군은 심청전의 원류 관음사연기설화가 있는 심청의 고장이다.KBS 역사스페셜 [역사추적 심청의 바닷길] 을 통해서 소개된 바와 같이 관음사 연기설화는 1700년전 장님 아버지를 둔 곡성의 효녀가 중국으로 건너가 진나라 황제의 황후가 되었는데, 아버지를 그리워하며 관음상을 만들어 고국으로 보내고, 아버지는 딸과 헤어지는 것이 슬퍼 흘린 눈물때문에 눈이 밝아졌다고 하는 내용이다.추론하여, 서기 300년 곡성땅은 철의 주산지였으며, 고대국가 형성의 중요한 자원이였던 철을 확보하기 위해 섬진강을 따라 중국 상인과 무역선이 드나드는 과정에서 곡성의 효녀가 중국 양자강 어귀의 보타섬으로 건너가 귀인이 되었다는 내용이다. 이에 따라 곡성군이 심청의 고장으로 떠오르면서 곡성군은 심청이 실천했던 아름다운 우리의 전통문화 효 사상을 계승 발전시키고자 전통한옥으로 된 심청이야기 마을을 조성하게 되었다.즉 효녀 심청의 이야기가 있는 마을을 만든 것이다. 심청이야기마을은 기와집과 초가집이 들어서 있는 전통 마을이다. 그래서 이곳에는 실제로 심청이살고 있을 것 같은 느낌을 준다. 마을의 이름을 ‘심청이야기마을’이라 정한 이유도 그것이다. 심청이야기마을은 섬진강을 끼고 달리는 17번 국도에서 들어간다. 돌로만들어진 이정표를 보고 증기기관차가 다니는 철길을 건너 산으로 향하는 길을 쭉 따라가면, 심청전을 상징하는 조형물들과 더불어 심청이야기마을이 모습을 드러낸다. 심청이야기마을은 억지로 산을 깍아서 조성한 것이 아니라, 원래 있었던 송정마을의 집터와 가옥의 원형을 최대한 살렸기 때문에, 전혀 이질감이 느껴지지 않는다. 이곳을 다녀간 사람들은 이구동성으로 곤방산 자락 울창한 숲속으로 연결되는 산책로를 최고로 친다. 그 길을 따라가면 곤방산 정상까지도 1시간 이내면 올라갈 수 있고, 여름밤엔 청정지역에서만 서식하는 반디불이도 어렵지 않게 만날 수 있다. 굳이 숙박을 하지않더라도 누구든지 부담없이 찾아와 마을을 둘러보며 초가집 돌담길을 배경으로 멋진 인증샷을 찍거나 곤방산 숲길을 산책할 수",지역 역사·관광 탐방 동화 배경,장소의 특징을 찾아보고 가족 여행 기록 남기기,5-7;8-10,관광;관광지;심청한옥마을;곡성군은;심청전의;원류;관음사연기설화가;있는;심청의;고장이다.KBS;역사스페셜;[역사추적,심청한옥마을,관광지,전라남도 곡성군 오곡면 심청로 178,전라남도 곡성군 오곡면 송정리 274,147603,주차장+무선 인터넷+화장실,,,,,,2006-06-01,100,10,"곡성군은 심청전의 원류 관음사연기설화가 있는 심청의 고장이다.KBS 역사스페셜 [역사추적 심청의 바닷길] 을 통해서 소개된 바와 같이 관음사 연기설화는 1700년전 장님 아버지를 둔 곡성의 효녀가 중국으로 건너가 진나라 황제의 황후가 되었는데, 아버지를 그리워하며 관음상을 만들어 고국으로 보내고, 아버지는 딸과 헤어지는 것이 슬퍼 흘린 눈물때문에 눈이 밝아졌다고 하는 내용이다.추론하여, 서기 300년 곡성땅은 철의 주산지였으며, 고대국가 형성의 중요한 자원이였던 철을 확보하기 위해 섬진강을 따라 중국 상인과 무역선이 드나드는 과정에서 곡성의 효녀가 중국 양자강 어귀의 보타섬으로 건너가 귀인이 되었다는 내용이다. 이에 따라 곡성군이 심청의 고장으로 떠오르면서 곡성군은 심청이 실천했던 아름다운 우리의 전통문화 효 사상을 계승 발전시키고자 전통한옥으로 된 심청이야기 마을을 조성하게 되었다.즉 효녀 심청의 이야기가 있는 마을을 만든 것이다. 심청이야기마을은 기와집과 초가집이 들어서 있는 전통 마을이다. 그래서 이곳에는 실제로 심청이살고 있을 것 같은 느낌을 준다. 마을의 이름을 ‘심청이야기마을’이라 정한 이유도 그것이다. 심청이야기마을은 섬진강을 끼고 달리는 17번 국도에서 들어간다. 돌로만들어진 이정표를 보고 증기기관차가 다니는 철길을 건너 산으로 향하는 길을 쭉 따라가면, 심청전을 상징하는 조형물들과 더불어 심청이야기마을이 모습을 드러낸다. 심청이야기마을은 억지로 산을 깍아서 조성한 것이 아니라, 원래 있었던 송정마을의 집터와 가옥의 원형을 최대한 살렸기 때문에, 전혀 이질감이 느껴지지 않는다. 이곳을 다녀간 사람들은 이구동성으로 곤방산 자락 울창한 숲속으로 연결되는 산책로를 최고로 친다. 그 길을 따라가면 곤방산 정상까지도 1시간 이내면 올라갈 수 있고, 여름밤엔 청정지역에서만 서식하는 반디불이도 어렵지 않게 만날 수 있다. 굳이 숙박을 하지않더라도 누구든지 부담없이 찾아와 마을을 둘러보며 초가집 돌담길을 배경으로 멋진 인증샷을 찍거나 곤방산 숲길을 산책할 수",061-363-9910,전라남도 곡성군청 문화체육과,2024-08-16,4860000,전라남도 곡성군
전국관광지정보표준데이터,https://www.data.go.kr/data/15021141/standard.do,2024-08-16,place,곡성청소년야영장,관광지,전라남도 곡성군,전라남도 곡성군 고달면 가정마을길 51,35.22777786,127.369723,"증기기관차 종착역인 가정역에 도착하면, 승객들은 으레 섬진강을 가로지르는 출렁다리를 건너가는데 그곳 섬진강변에 청소년 야영장이 자리 잡고 있다.청소년 야영장 설립 목적은 청소년들이 몸과 마음을 단련하고 호연지기를 기를 수 있도록 하는 종합 수련장 역할을 하는 것으로 수익성 보다는 공익을 우선으로 하는 리조트 시설이다.따라서 숙소와 식당, 강당 그리고 각종 체험 시설을 갖추고, 1박 2일 또는 2박 3일의 청소년 수련 프로그램 위주로 운영 된다. 그러나 가족을 비롯한 일반인에게도 야영장 시설을 제공한다. 우선 텐트 50동을 설치할 수 있는 야영장을 비롯하여 별도의 글램핑장이 마련되어 있고, 신청을 하면 가족단위 숙소도 이용할 수 있다. 뿐만 아니라 섬진강 레프팅, 섬진강 자전거 하이킹등 다양한 레져 활동도 지원한다. 참고로 청소년 야영장 옆에는 주야간에 천체를 관측할 수 있는 섬진강천문대를 운영하고 있다.",지역 역사·관광 탐방 동화 배경,장소의 특징을 찾아보고 가족 여행 기록 남기기,5-7;8-10,관광;관광지;곡성청소년야영장;증기기관차;종착역인;가정역에;도착하면;승객들은;으레;섬진강을;가로지르는;출렁다리를,곡성청소년야영장,관광지,전라남도 곡성군 고달면 가정마을길 51,전라남도 곡성군 고달면 두가리 627-2,1356,화장실+샤워실+주차장,,,,,,2004-06-01,300,300,"증기기관차 종착역인 가정역에 도착하면, 승객들은 으레 섬진강을 가로지르는 출렁다리를 건너가는데 그곳 섬진강변에 청소년 야영장이 자리 잡고 있다.청소년 야영장 설립 목적은 청소년들이 몸과 마음을 단련하고 호연지기를 기를 수 있도록 하는 종합 수련장 역할을 하는 것으로 수익성 보다는 공익을 우선으로 하는 리조트 시설이다.따라서 숙소와 식당, 강당 그리고 각종 체험 시설을 갖추고, 1박 2일 또는 2박 3일의 청소년 수련 프로그램 위주로 운영 된다. 그러나 가족을 비롯한 일반인에게도 야영장 시설을 제공한다. 우선 텐트 50동을 설치할 수 있는 야영장을 비롯하여 별도의 글램핑장이 마련되어 있고, 신청을 하면 가족단위 숙소도 이용할 수 있다. 뿐만 아니라 섬진강 레프팅, 섬진강 자전거 하이킹등 다양한 레져 활동도 지원한다. 참고로 청소년 야영장 옆에는 주야간에 천체를 관측할 수 있는 섬진강천문대를 운영하고 있다.",061-362-4186,전라남도 곡성군청 인구정책과,2024-08-16,4860000,전라남도 곡성군
전국관광지정보표준데이터,https://www.data.go.kr/data/15021141/standard.do,2024-08-16,place,곡성기차마을전통시장,관광지,전라남도 곡성군,전라남도 곡성군 곡성읍 곡성로 856,35.27976851,127.2984461,"곡성기차마을전통시장은 곡성의 대표적인 전통시장으로 2009년 현재의 자리로 옮긴 곡성장이 곡성기차마을전통시장으로 거듭나면서 곡성사람들은 물론 곡성 기차마을을 찾는 관광객들이 들려가는 필수 코스로 자리 잡고 있다. 애초에는 3일에 끝나는 날짜에 여는 10일 장이었다가, 19세기 중반부터 지금까지 매3일과 8일에 장이 서는 오일장으로 바뀌었다고 한다.고려말 이곳에 곡성읍이 들어설때부터 곡성장이 열렸을 것으로 추정하는데 지금까지 무려 600년을 이어온 대단한 전통을 가진 장인 셈이다. 600년 전통으로 이어 내려온 곡성장의 정취와 인심은 곡성기차마을전통시장에 고스란히 남아 있다. 지금도 곡성장에 가면 깊은 산중에서 나는 능이버섯, 송이버섯, 귀한 산나물과 약초를 쉽게 발견할 수 있다. 곡성의 특산물인 멜론, 토란같은 품질 좋은 농산물을 저렴한 가격으로 구입할 수 있다.",지역 역사·관광 탐방 동화 배경,장소의 특징을 찾아보고 가족 여행 기록 남기기,5-7;8-10,관광;관광지;곡성기차마을전통시장;곡성기차마을전통시장은;곡성의;대표적인;전통시장으로;2009년;현재의;자리로;옮긴;곡성장이,곡성기차마을전통시장,관광지,전라남도 곡성군 곡성읍 곡성로 856,전라남도 곡성군 곡성읍 읍내리 208,23342,주차장,,,,,,1975-06-01,1000,43,"곡성기차마을전통시장은 곡성의 대표적인 전통시장으로 2009년 현재의 자리로 옮긴 곡성장이 곡성기차마을전통시장으로 거듭나면서 곡성사람들은 물론 곡성 기차마을을 찾는 관광객들이 들려가는 필수 코스로 자리 잡고 있다. 애초에는 3일에 끝나는 날짜에 여는 10일 장이었다가, 19세기 중반부터 지금까지 매3일과 8일에 장이 서는 오일장으로 바뀌었다고 한다.고려말 이곳에 곡성읍이 들어설때부터 곡성장이 열렸을 것으로 추정하는데 지금까지 무려 600년을 이어온 대단한 전통을 가진 장인 셈이다. 600년 전통으로 이어 내려온 곡성장의 정취와 인심은 곡성기차마을전통시장에 고스란히 남아 있다. 지금도 곡성장에 가면 깊은 산중에서 나는 능이버섯, 송이버섯, 귀한 산나물과 약초를 쉽게 발견할 수 있다. 곡성의 특산물인 멜론, 토란같은 품질 좋은 농산물을 저렴한 가격으로 구입할 수 있다.",061-363-9002,전라남도 곡성군청 도시경제과,2024-08-16,4860000,전라남도 곡성군
전국관광지정보표준데이터,https://www.data.go.kr/data/15021141/standard.do,2024-08-16,place,곡성기차마을 패러글라이딩체험,관광지,전라남도 곡성군,전라남도 곡성군 오곡면 덕산리 123-6,35.26672854,127.3087391,섬진강 기찻길따라 떠나는 하늘여행 내안의 버킷리스트를 오늘 완성하세요세계대회를 개최할 수 있는 규모의 전국 최대의 패러글라이딩 체험장입니다.남녀노소 누구나 스릴 넘치는 긴장과 재미로 평생 이야기 할 수 있는 재미만 가져가세요~고객님께서 원하시는 체험을 선택 하시기만 하면 아주 멋지고 스릴넘치는 내안의 버킷리스트와 함께 소중한 추억을 담아 드리겠습니다.,지역 역사·관광 탐방 동화 배경,장소의 특징을 찾아보고 가족 여행 기록 남기기,5-7;8-10,관광;관광지;곡성기차마을;패러글라이딩체험;섬진강;기찻길따라;떠나는;하늘여행;내안의;버킷리스트를;오늘;완성하세요세계대회를,곡성기차마을 패러글라이딩체험,관광지,,전라남도 곡성군 오곡면 덕산리 123-6,2379,주차장+무선 인터넷+유아시설(놀이방)+화장실,,,,,,2017-06-01,20,20,섬진강 기찻길따라 떠나는 하늘여행 내안의 버킷리스트를 오늘 완성하세요세계대회를 개최할 수 있는 규모의 전국 최대의 패러글라이딩 체험장입니다.남녀노소 누구나 스릴 넘치는 긴장과 재미로 평생 이야기 할 수 있는 재미만 가져가세요~고객님께서 원하시는 체험을 선택 하시기만 하면 아주 멋지고 스릴넘치는 내안의 버킷리스트와 함께 소중한 추억을 담아 드리겠습니다.,061-363-6696,전라남도 곡성군청 관광과,2024-08-16,4860000,전라남도 곡성군
전국관광지정보표준데이터,https://www.data.go.kr/data/15021141/standard.do,2024-08-16,place,섬진강 레일바이크,관광지,전라남도 곡성군,전라남도 곡성군 오곡면 섬진강로 1465 (가정역),35.23015492,127.3682034,아름다운 섬진강을 품고 내려가는 색다른 경험을 온 가족이 함께 즐길수 있는 섬진강레일바이크는 구 전라선 철도를 이용하여 섬진강변을 따라 운행하고 있다. 2인승과 4인승이 있으며 섬진강과 국도 17호선을 따라 운행하며 아름다운 청정자연을 만끽할 수 있다.,지역 역사·관광 탐방 동화 배경,장소의 특징을 찾아보고 가족 여행 기록 남기기,5-7;8-10,관광;관광지;섬진강;레일바이크;아름다운;섬진강을;품고;내려가는;색다른;경험을;온;가족이,섬진강 레일바이크,관광지,전라남도 곡성군 오곡면 섬진강로 1465 (가정역),전라남도 곡성군 오곡면 송정리 55-4,372,주차장,,,,,,2008-06-01,240,210,아름다운 섬진강을 품고 내려가는 색다른 경험을 온 가족이 함께 즐길수 있는 섬진강레일바이크는 구 전라선 철도를 이용하여 섬진강변을 따라 운행하고 있다. 2인승과 4인승이 있으며 섬진강과 국도 17호선을 따라 운행하며 아름다운 청정자연을 만끽할 수 있다.,061-362-7717,전라남도 곡성군청 관광과,2024-08-16,4860000,전라남도 곡성군
전국관광지정보표준데이터,https://www.data.go.kr/data/15021141/standard.do,2024-11-14,place,담양호국민관광지,관광지,전라남도 담양군,전라남도 담양군 용면 월계리 149-67,35.4019831,126.9990829,"담양호 국민관광지는 영산강 시원지인 가마골생태공원(용소)과 청정하고 맑은 담양호, 산세가 좋은 추월산, 역사의 흔적이 깊이 남아있는 금성산성에 이르기까지 힐링과 역사의 숨결이 살아있는 천혜의 관광지임",지역 역사·관광 탐방 동화 배경,장소의 특징을 찾아보고 가족 여행 기록 남기기,5-7;8-10,관광;관광지;담양호국민관광지;담양호;국민관광지는;영산강;시원지인;가마골생태공원(용소)과;청정하고;맑은;산세가;좋은,담양호국민관광지,관광지,,전라남도 담양군 용면 월계리 149-67,47920000,관리사무소+공중화장실+전망대+정수장+주차장+도로,국민숙사(해피랜드호텔)+펜션(오쑈),운동시설지구,조경 및 휴게시설+용마루길+추월산 등산로,목포맛집+수정횟집+초원의집,가마골생태공원+JK통나무펜션단지(비호재지구),1988-11-29,10000,500,"담양호 국민관광지는 영산강 시원지인 가마골생태공원(용소)과 청정하고 맑은 담양호, 산세가 좋은 추월산, 역사의 흔적이 깊이 남아있는 금성산성에 이르기까지 힐링과 역사의 숨결이 살아있는 천혜의 관광지임",061-380-2793,전라남도 담양군 관광과(담양호권관광지관리팀),2024-11-14,4850000,전라남도 담양군
전국관광지정보표준데이터,https://www.data.go.kr/data/15021141/standard.do,2025-08-11,place,사라온 이야기 마을,관광지,대구광역시 군위군,대구광역시 군위군 군위읍 동서길 49,36.236155,128.567733,"선조들이 살아온 역사와 문화를 적라촌, 적라청, 적라골 3가지 테마로 나누어 재현",지역 역사·관광 탐방 동화 배경,장소의 특징을 찾아보고 가족 여행 기록 남기기,5-7;8-10,관광;관광지;사라온;이야기;마을;선조들이;살아온;역사와;문화를;적라촌;적라청;적라골,사라온 이야기 마을,관광지,대구광역시 군위군 군위읍 동서길 49,대구광역시 군위군 군위읍 서부리 44-1,8140,관리사무소+주차장,,,야외쉼터+환희문(정문)+적라촌+적라청+적라골,매표소,,2015-10-01,200,70,"선조들이 살아온 역사와 문화를 적라촌, 적라청, 적라골 3가지 테마로 나누어 재현",054-380-7216,대구광역시 군위군청,2025-08-11,5141000,대구광역시 군위군
전국관광지정보표준데이터,https://www.data.go.kr/data/15021141/standard.do,2025-07-18,place,웅포관광지,관광지,전북특별자치도 익산시,전북특별자치도 익산시 웅포면 강변로 25,36.06581391,126.8754193,웅포 곰개나루 및 캠핑장,지역 역사·관광 탐방 동화 배경,장소의 특징을 찾아보고 가족 여행 기록 남기기,5-7;8-10,관광;관광지;웅포관광지;웅포;곰개나루;및;캠핑장,웅포관광지,관광지,전북특별자치도 익산시 웅포면 강변로 25,전북특별자치도 익산시 웅포면 웅포리 727,2576294,주차장+화장실+샤워장+취사장및음수대,,골프장+운동장+썰매장,문화체육센터+캠핑장+청소년수련시설+야영장+자연학습장+골프연습장+상가,,,2003-02-18,500,100,웅포 곰개나루 및 캠핑장,063-859-5797,전북특별자치도 익산시청,2025-07-18,4681000,전북특별자치도 익산시
전국관광지정보표준데이터,https://www.data.go.kr/data/15021141/standard.do,2025-07-11,place,당항포관광지,관광지,경상남도 고성군,경상남도 고성군 회화면 당항만로 1116,35.05322615,128.3920276,당항포관광지는 임진왜란 당시 충무공 이순신 장군의 대첩지로서 다목적 관광지,지역 역사·관광 탐방 동화 배경,장소의 특징을 찾아보고 가족 여행 기록 남기기,5-7;8-10,관광;관광지;당항포관광지;당항포관광지는;임진왜란;당시;충무공;이순신;장군의;대첩지로서;다목적,당항포관광지,관광지,경상남도 고성군 회화면 당항만로 1116,경상남도 고성군 회화면 봉동리 950-1,551902,관리사무소+매표소(게이트)+화장실+샤워장+취사장+주차장+오수처리장,펜션+오토캠핑장,미끄럼틀+야외풀장+모험놀이장+족구장 2면+야외 대공연장+소공연장,오토캠핑장,식당,펜션,1984-06-21,10000,1572,당항포관광지는 임진왜란 당시 충무공 이순신 장군의 대첩지로서 다목적 관광지,055-670-7400,경상남도 고성군청,2025-07-11,5420000,경상남도 고성군
전국관광지정보표준데이터,https://www.data.go.kr/data/15021141/standard.do,2025-06-30,place,탄금공원,관광지,충청북도 충주시,충청북도 충주시 남한강로 24,36.98782919,127.9055691,우륵이 가야금을 연주하던 장소인 탄금대 및 아름다운 남한강 변과 인접하여 충주의 관광거점 기능을 담당하는 관광지 조성,지역 역사·관광 탐방 동화 배경,장소의 특징을 찾아보고 가족 여행 기록 남기기,5-7;8-10,관광;관광지;탄금공원;우륵이;가야금을;연주하던;장소인;탄금대;및;아름다운;남한강;변과,탄금공원,관광지,충청북도 충주시 남한강로 24,충청북도 충주시 금릉동 601,616968,주차장+도로+화장실+야외놀이터,,돌미로원+라바랜드+어린이놀이시설,세계무술박물관+야외공연장,,,1989-08-22,1436,718,우륵이 가야금을 연주하던 장소인 탄금대 및 아름다운 남한강 변과 인접하여 충주의 관광거점 기능을 담당하는 관광지 조성,043-850-6751,충청북도 충주시청,2025-06-30,4390000,충청북도 충주시
전국관광지정보표준데이터,https://www.data.go.kr/data/15021141/standard.do,2025-06-30,place,충주호체험,관광지,충청북도 충주시,충청북도 충주시 중앙탑면 중앙탑길 150,37.02308256,127.8619229,역사 문화와 수변공간이 어우러지는 체험관광지 조성 / 수변의 위락시설과 생태환경의 조화로 체험가능한 수변 휴식 학습공간 조성 /수상레저활성화를 위한 국제수변레포츠단지 조성,지역 역사·관광 탐방 동화 배경,장소의 특징을 찾아보고 가족 여행 기록 남기기,5-7;8-10,관광;관광지;충주호체험;역사;문화와;수변공간이;어우러지는;체험관광지;조성;/;수변의;위락시설과,충주호체험,관광지,충청북도 충주시 중앙탑면 중앙탑길 150,충청북도 충주시 중앙탑면 탑평리 545-1,223134,주차장+도로+화장실,,그랜드스탠드+마리나센터+중앙탑공원,야영장+풍류문화관+충주박물관,,,2004-08-13,1100,285,역사 문화와 수변공간이 어우러지는 체험관광지 조성 / 수변의 위락시설과 생태환경의 조화로 체험가능한 수변 휴식 학습공간 조성 /수상레저활성화를 위한 국제수변레포츠단지 조성,043-850-6751,충청북도 충주시청,2025-06-30,4390000,충청북도 충주시
전국관광지정보표준데이터,https://www.data.go.kr/data/15021141/standard.do,2025-06-30,place,능암온천,관광지,충청북도 충주시,충청북도 충주시 앙성면 새바지길 37,37.09370046,127.802172,중원 유적과 충주호반 관광 등 주변 관광자원과 중부권 유일의 탄산온천 자원을 연계한 종합 온천휴양 관광지 조성,지역 역사·관광 탐방 동화 배경,장소의 특징을 찾아보고 가족 여행 기록 남기기,5-7;8-10,관광;관광지;능암온천;중원;유적과;충주호반;등;주변;관광자원과;중부권;유일의;탄산온천,능암온천,관광지,충청북도 충주시 앙성면 새바지길 37,충청북도 충주시 앙성면 능암리 14-1,199210,도로,,,,,,1989-12-14,280,100,중원 유적과 충주호반 관광 등 주변 관광자원과 중부권 유일의 탄산온천 자원을 연계한 종합 온천휴양 관광지 조성,043-850-6732,충청북도 충주시청,2025-06-30,4390000,충청북도 충주시
전국관광지정보표준데이터,https://www.data.go.kr/data/15021141/standard.do,2025-06-30,place,충온온천,관광지,충청북도 충주시,충청북도 충주시 앙성면 산전장수1길 103,37.10173095,127.7962316,중원 유적과 충주호반 관광 등 주변 관광자원과 중부권 유일의 탄산온천 자원을 연계한 종합 온천휴양 관광지 조성,지역 역사·관광 탐방 동화 배경,장소의 특징을 찾아보고 가족 여행 기록 남기기,5-7;8-10,관광;관광지;충온온천;중원;유적과;충주호반;등;주변;관광자원과;중부권;유일의;탄산온천,충온온천,관광지,충청북도 충주시 앙성면 산전장수1길 103,충청북도 충주시 앙성면 돈산리 13-1,224825,도로,콘도미니엄,,,,,1989-12-14,720,165,중원 유적과 충주호반 관광 등 주변 관광자원과 중부권 유일의 탄산온천 자원을 연계한 종합 온천휴양 관광지 조성,043-850-6732,충청북도 충주시청,2025-06-30,4390000,충청북도 충주시
전국관광지정보표준데이터,https://www.data.go.kr/data/15021141/standard.do,2024-08-16,place,장보고기념관,관광지,전라남도 완도군,전라남도 완도군 완도읍 청해진로 1455,34.355097,126.730164,장보고대사의 도전정신과 기상을 엿볼 수 있는 다양한 자료와 유물이 전시되어 있다. 특히 전시실은 보고 듣고 만지는 체험형 입체 관람 시스템을 갖추고 있어 흥미로운 관람이 가능하다.,지역 역사·관광 탐방 동화 배경,장소의 특징을 찾아보고 가족 여행 기록 남기기,5-7;8-10,관광;관광지;장보고기념관;장보고대사의;도전정신과;기상을;엿볼;수;있는;다양한;자료와;유물이,장보고기념관,관광지,전라남도 완도군 완도읍 청해진로 1455,,14472,화장실+주차장+관광안내소,,,,,,2002-10-25,1000,100,장보고대사의 도전정신과 기상을 엿볼 수 있는 다양한 자료와 유물이 전시되어 있다. 특히 전시실은 보고 듣고 만지는 체험형 입체 관람 시스템을 갖추고 있어 흥미로운 관람이 가능하다.,061-550-6945,전라남도 완도군청 시설관리사업소,2024-08-16,4990000,전라남도 완도군
전국관광지정보표준데이터,https://www.data.go.kr/data/15021141/standard.do,2024-11-19,place,순천향매실마을,관광지,전라남도 순천시,전라남도 순천시 월등면 계월길 138,35.0622232,127.4045173,"50여년전 마을에 매화를 심은것을 시작으로 그 규모가 마을 단위로는 전국 최대 규모이며, 매년 4월이면 마을에는 매화꽃이 피기 시작하여 매화향기와 눈가루를 뿌려놓은듯한 풍경이 아름다운 마을입니다. 군장마을로 넘어가는 고개길에는 장군이 용마를 타고 하늘로 도약하면서 남겼다는 용발태족(용발자국)이 선명하게 남아있으며, 중촌마을에는 당산나무인 수령 500년생 느티나무 두 그루가 마을 입구에 서있어 마을의 오랜역사를 말해준다. 이문마을에는 이택종 선생이 일본에서 가져와 최초로 심은 매화나무로, 향매실마을에서 가장 오래된 매화나무가 자라고 있다.",지역 역사·관광 탐방 동화 배경,장소의 특징을 찾아보고 가족 여행 기록 남기기,5-7;8-10,관광;관광지;순천향매실마을;50여년전;마을에;매화를;심은것을;시작으로;그;규모가;마을;단위로는,순천향매실마을,관광지,전라남도 순천시 월등면 계월길 138,전라남도 순천시 월등면 계월리 493,925619,체험관 1+ 숙박동 1+ 휴게시설 1+ 화장실 1,숙박시설 1동,해당없음,해당없음,휴게시설,해당없음,2008-02-28,140,42,"50여년전 마을에 매화를 심은것을 시작으로 그 규모가 마을 단위로는 전국 최대 규모이며, 매년 4월이면 마을에는 매화꽃이 피기 시작하여 매화향기와 눈가루를 뿌려놓은듯한 풍경이 아름다운 마을입니다. 군장마을로 넘어가는 고개길에는 장군이 용마를 타고 하늘로 도약하면서 남겼다는 용발태족(용발자국)이 선명하게 남아있으며, 중촌마을에는 당산나무인 수령 500년생 느티나무 두 그루가 마을 입구에 서있어 마을의 오랜역사를 말해준다. 이문마을에는 이택종 선생이 일본에서 가져와 최초로 심은 매화나무로, 향매실마을에서 가장 오래된 매화나무가 자라고 있다.",061-754-2337,전라남도 순천시청 월등면,2024-11-19,4820000,전라남도 순천시
전국관광지정보표준데이터,https://www.data.go.kr/data/15021141/standard.do,2024-11-19,place,순천생태마을,관광지,전라남도 순천시,전라남도 순천시 승주읍 고산도목길 9,35.06648711,127.3602718,산간마을의 오염되지 않은 환경 속에 도심에서는 볼 수 없는 생명들이 함께하는 곳으로 계곡과 습지가 잘 보존되어 있어 생태교육장으로 안성맞춤,지역 역사·관광 탐방 동화 배경,장소의 특징을 찾아보고 가족 여행 기록 남기기,5-7;8-10,관광;관광지;순천생태마을;산간마을의;오염되지;않은;환경;속에;도심에서는;볼;수;없는,순천생태마을,관광지,전라남도 순천시 승주읍 고산도목길 9,전라남도 순천시 승주읍 도정리 1642-1,200,화장실+ 안내소+ 생태체험관+ 주차장,생태체험관,없음,생태체험관,없음,없음,2006-04-09,600,6,산간마을의 오염되지 않은 환경 속에 도심에서는 볼 수 없는 생명들이 함께하는 곳으로 계곡과 습지가 잘 보존되어 있어 생태교육장으로 안성맞춤,061-755-0141,전라남도 순천시청 승주읍,2024-11-19,4820000,전라남도 순천시
전국관광지정보표준데이터,https://www.data.go.kr/data/15021141/standard.do,2024-11-19,place,거차뻘배체험마을,관광지,전라남도 순천시,전라남도 순천시 별량면 거차길 130,34.8375993,127.4474457,"거차뻘배 체험장은 2헥타르(ha)의 넓은 공유수면에서 뻘배타기,  꼬막캐기, 칠게잡기, 짱뚱어잡기, 갯벌미끄럼틀타기 등 다양한 갯벌생태체험을 할 수 있는 곳이다.",지역 역사·관광 탐방 동화 배경,장소의 특징을 찾아보고 가족 여행 기록 남기기,5-7;8-10,관광;관광지;거차뻘배체험마을;거차뻘배;체험장은;2헥타르(ha)의;넓은;공유수면에서;뻘배타기;꼬막캐기;칠게잡기;짱뚱어잡기,거차뻘배체험마을,관광지,전라남도 순천시 별량면 거차길 130,전라남도 순천시 별량면 마산리 566-1,495868,화장실+ 샤워장+ 뻘배체험장,민박3개,,캠핑장,,매점,2013-04-20,300,50,"거차뻘배 체험장은 2헥타르(ha)의 넓은 공유수면에서 뻘배타기,  꼬막캐기, 칠게잡기, 짱뚱어잡기, 갯벌미끄럼틀타기 등 다양한 갯벌생태체험을 할 수 있는 곳이다.",061-742-8837,전라남도 순천시청 별량면,2024-11-19,4820000,전라남도 순천시
전국관광지정보표준데이터,https://www.data.go.kr/data/15021141/standard.do,2024-11-19,place,낙안민속자연휴양림,관광지,전라남도 순천시,전라남도 순천시 낙안면 민속마을길 1600,34.91226789,127.3523884,"낙안읍성과 주변 경관이 수려해 휴식 공간으로는 최적지일 뿐만 아니라 인근에 송광사, 선암사 같은 전통 고찰과 서산의 저녁 노을을 함께 즐길 수 있는 주암호, 상사호가 있으며, 순천만의 갈대와 해변, 순천만 국가정원, 드라마세트장, 고인돌 공원 그리고 낙안읍성 민속마을의 각종 문화 축제를 즐길 수 있는 관광 명소들이 많아 사계절 이용이 가능",지역 역사·관광 탐방 동화 배경,장소의 특징을 찾아보고 가족 여행 기록 남기기,5-7;8-10,관광;관광지;낙안민속자연휴양림;낙안읍성과;주변;경관이;수려해;휴식;공간으로는;최적지일;뿐만;아니라,낙안민속자연휴양림,관광지,전라남도 순천시 낙안면 민속마을길 1600,전라남도 순천시 낙안면 동내리 산3-1,2860000,화장실+ 취사장+ 샤워장+ 민속놀이체험장+ 숲체험교실,객실 15개+ 야영장 17개,,,,,2004-02-09,300,50,"낙안읍성과 주변 경관이 수려해 휴식 공간으로는 최적지일 뿐만 아니라 인근에 송광사, 선암사 같은 전통 고찰과 서산의 저녁 노을을 함께 즐길 수 있는 주암호, 상사호가 있으며, 순천만의 갈대와 해변, 순천만 국가정원, 드라마세트장, 고인돌 공원 그리고 낙안읍성 민속마을의 각종 문화 축제를 즐길 수 있는 관광 명소들이 많아 사계절 이용이 가능",061-754-4400,전라남도 순천시청 낙안면,2024-11-19,4820000,전라남도 순천시
전국관광지정보표준데이터,https://www.data.go.kr/data/15021141/standard.do,2024-12-17,place,무극전적국민관광지,관광지,충청북도 음성군,충청북도 음성군 음성읍 생음대로 594,36.95063812,127.6470132,6·25전쟁 당시 격전지였던 곳으로써 남한이 최초로 승전하여 국군의 사기를 드높였음,지역 역사·관광 탐방 동화 배경,장소의 특징을 찾아보고 가족 여행 기록 남기기,5-7;8-10,관광;관광지;무극전적국민관광지;6·25전쟁;당시;격전지였던;곳으로써;남한이;최초로;승전하여;국군의;사기를,무극전적국민관광지,관광지,충청북도 음성군 음성읍 생음대로 594,충청북도 음성군 음성읍 소여리 897,18499,감우재전승기념관+화장실+주차장,,,,,,1985-06-08,100,15,6·25전쟁 당시 격전지였던 곳으로써 남한이 최초로 승전하여 국군의 사기를 드높였음,043-871-3114,충청북도 음성군청,2024-12-17,4470000,충청북도 음성군
전국관광지정보표준데이터,https://www.data.go.kr/data/15021141/standard.do,2025-02-13,place,통영루지,관광지,경상남도 통영시,경상남도 통영시 발개로 178,34.82440908,128.4241617,스카이라인 루지는 탑승자들이 1.5km의 트랙 위를 자유롭게 조정하며 내려올 수 있도록 특별제작된 카트로 연령에 관계없이 누구나 쉽게 배우고 즐길 수 있는 아웃도어 기구.,지역 역사·관광 탐방 동화 배경,장소의 특징을 찾아보고 가족 여행 기록 남기기,5-7;8-10,관광;관광지;통영루지;스카이라인;루지는;탑승자들이;1.5km의;트랙;위를;자유롭게;조정하며;내려올,통영루지,관광지,경상남도 통영시 발개로 178,경상남도 통영시 도남동 319-3,164000,화장실,,,,,,2017-02-09,2500,350,스카이라인 루지는 탑승자들이 1.5km의 트랙 위를 자유롭게 조정하며 내려올 수 있도록 특별제작된 카트로 연령에 관계없이 누구나 쉽게 배우고 즐길 수 있는 아웃도어 기구.,055-650-0621,경상남도 통영시청,2025-02-13,5330000,경상남도 통영시
전국관광지정보표준데이터,https://www.data.go.kr/data/15021141/standard.do,2025-07-25,place,왜고개 순교성지,관광지,서울특별시 용산구,서울특별시 용산구 한강대로40길 46,37.52990239,126.9719253,"왜고개는 조선시대 와서에서 비롯된 이름이다. 왜고개는 조선 말엽 네 번에 걸친 천주교 박해(신유박해, 기해박해, 병오박해, 병인박해) 때 처형당한 천주교 성직자와 신자들이 묻히게 되면서 천주교 순교성지로 알려지게 된다.",지역 역사·관광 탐방 동화 배경,장소의 특징을 찾아보고 가족 여행 기록 남기기,5-7;8-10,관광;관광지;왜고개;순교성지;왜고개는;조선시대;와서에서;비롯된;이름이다.;조선;말엽;네,왜고개 순교성지,관광지,서울특별시 용산구 한강대로40길 46,서울특별시 용산구 용산동5가 2-5,1471.1,화장실,,,,,,2013-12-15,100,20,"왜고개는 조선시대 와서에서 비롯된 이름이다. 왜고개는 조선 말엽 네 번에 걸친 천주교 박해(신유박해, 기해박해, 병오박해, 병인박해) 때 처형당한 천주교 성직자와 신자들이 묻히게 되면서 천주교 순교성지로 알려지게 된다.",02-798-2457,왜고개 순교성지,2025-07-25,3020000,서울특별시 용산구
전국관광지정보표준데이터,https://www.data.go.kr/data/15021141/standard.do,2025-07-25,place,옛 간조 경성지점 사옥,관광지,서울특별시 용산구,서울특별시 용산구 한강대로42길 13,37.53059231,126.970508,"간조는 일제강점기 대표적인 건설토목회사로 1903년 경부철도 공사를 위해 한반도로 진출하여 도로와 철도, 군사시설 등 일제의 한국 식민지배를 뒷받침하기 위한 각종 인프라를 구축했다. 현재는 식품소재회사 사무실로 사용중이다.",지역 역사·관광 탐방 동화 배경,장소의 특징을 찾아보고 가족 여행 기록 남기기,5-7;8-10,관광;관광지;옛;간조;경성지점;사옥;간조는;일제강점기;대표적인;건설토목회사로;1903년;경부철도,옛 간조 경성지점 사옥,관광지,서울특별시 용산구 한강대로42길 13,서울특별시 용산구 한강로2가 112-2,617.5,화장실,,,,,,1889-01-01,40,0,"간조는 일제강점기 대표적인 건설토목회사로 1903년 경부철도 공사를 위해 한반도로 진출하여 도로와 철도, 군사시설 등 일제의 한국 식민지배를 뒷받침하기 위한 각종 인프라를 구축했다. 현재는 식품소재회사 사무실로 사용중이다.",02-2199-7240,서울특별시 용산구청 문화진흥과,2025-07-25,3020000,서울특별시 용산구
전국관광지정보표준데이터,https://www.data.go.kr/data/15021141/standard.do,2025-07-25,place,새남터,관광지,서울특별시 용산구,서울특별시 용산구 이촌로 71,37.52587942,126.956708,"한강이 범람하여 만들어진 넓은 모래사장으로 군인들의 훈련터로 사용되는 곳이자, 중죄인들을 처형하는 장소이기도 하였다.",지역 역사·관광 탐방 동화 배경,장소의 특징을 찾아보고 가족 여행 기록 남기기,5-7;8-10,관광;관광지;새남터;한강이;범람하여;만들어진;넓은;모래사장으로;군인들의;훈련터로;사용되는;곳이자,새남터,관광지,서울특별시 용산구 이촌로 71,서울특별시 용산구 이촌동 1-43,107.7,쉼터,,,,,,1983-01-01,10,0,"한강이 범람하여 만들어진 넓은 모래사장으로 군인들의 훈련터로 사용되는 곳이자, 중죄인들을 처형하는 장소이기도 하였다.",070-8672-0327,새남터 성당,2025-07-25,3020000,서울특별시 용산구
전국관광지정보표준데이터,https://www.data.go.kr/data/15021141/standard.do,2025-07-25,place,천주교 순교성지 새남터 성당,관광지,서울특별시 용산구,서울특별시 용산구 이촌로 80-8,37.52512658,126.9570717,"1950년 한국 천주교구는 지금의 장소를 순교성지로 지정하였다. 1981년에는 천주교 새남터 교회가 창설되고, 1987년에는 새남터 성당 건물과 기념관이 완공되어 대표적 천주교 순교지로 매김하였다.",지역 역사·관광 탐방 동화 배경,장소의 특징을 찾아보고 가족 여행 기록 남기기,5-7;8-10,관광;관광지;천주교;순교성지;새남터;성당;1950년;한국;천주교구는;지금의;장소를;순교성지로,천주교 순교성지 새남터 성당,관광지,서울특별시 용산구 이촌로 80-8,서울특별시 용산구 이촌동 199-1,3599,화장실+관광안내소,,,기념관,,,1983-01-01,240,20,"1950년 한국 천주교구는 지금의 장소를 순교성지로 지정하였다. 1981년에는 천주교 새남터 교회가 창설되고, 1987년에는 새남터 성당 건물과 기념관이 완공되어 대표적 천주교 순교지로 매김하였다.",070-8672-0327,새남터 성당,2025-07-25,3020000,서울특별시 용산구
전국관광지정보표준데이터,https://www.data.go.kr/data/15021141/standard.do,2025-07-25,place,이태원 부군당,관광지,서울특별시 용산구,서울특별시 용산구 녹사평대로40다길 37,37.53587802,126.9897044,"부군당은 마을의 안녕과 복을 지켜주는 부군신을 모신 곳으로 서울의 대표적인 마을신앙이다. 당내 정면 중앙에는 부군할아버지와 부군할머니를, 좌우로 12점의 신상을 마을 수호신으로 모시고 매년 음력 4월 1일에 제례와 굿을 올리고, 음력 10월 1일은 제관만이 모여 제사를 지내며 마을의 액을 몰아내고 복을 불러들여 동네와 주민의 평안을 지켜주시기를 기원하고 있다.",지역 역사·관광 탐방 동화 배경,장소의 특징을 찾아보고 가족 여행 기록 남기기,5-7;8-10,관광;관광지;이태원;부군당;부군당은;마을의;안녕과;복을;지켜주는;부군신을;모신;곳으로,이태원 부군당,관광지,서울특별시 용산구 녹사평대로40다길 37,서울특별시 용산구 이태원동 192,178,관리사무소+쉼터,,,,,,1619-01-01,20,0,"부군당은 마을의 안녕과 복을 지켜주는 부군신을 모신 곳으로 서울의 대표적인 마을신앙이다. 당내 정면 중앙에는 부군할아버지와 부군할머니를, 좌우로 12점의 신상을 마을 수호신으로 모시고 매년 음력 4월 1일에 제례와 굿을 올리고, 음력 10월 1일은 제관만이 모여 제사를 지내며 마을의 액을 몰아내고 복을 불러들여 동네와 주민의 평안을 지켜주시기를 기원하고 있다.",02-2199-7240,서울특별시 용산구청 문화진흥과,2025-07-25,3020000,서울특별시 용산구
전국관광지정보표준데이터,https://www.data.go.kr/data/15021141/standard.do,2025-07-25,place,유관순 열사 추모비,관광지,서울특별시 용산구,서울특별시 용산구 녹사평대로40다길 37,37.53587802,126.9897044,유관순 열사는 1920년 9월 28일 서대문형무소에서 모진 고문 끝에 순국한 후 현 용산구 이태원과 보광동 일대에 있던 이태원 공동묘지에 묻혔다. 이러한 역사적 사실을 근거로 열사의 숭고한 넋을 기리고자 이태원 부군당 옆에 유관순 열사 추모비를 세우고 이 일대를 이태원 부군당 역사공원으로 조성하였다.,지역 역사·관광 탐방 동화 배경,장소의 특징을 찾아보고 가족 여행 기록 남기기,5-7;8-10,관광;관광지;유관순;열사;추모비;열사는;1920년;9월;28일;서대문형무소에서;모진;고문,유관순 열사 추모비,관광지,서울특별시 용산구 녹사평대로40다길 37,서울특별시 용산구 이태원동 192,178,관리사무소+쉼터,,,,,,2015-09-01,20,0,유관순 열사는 1920년 9월 28일 서대문형무소에서 모진 고문 끝에 순국한 후 현 용산구 이태원과 보광동 일대에 있던 이태원 공동묘지에 묻혔다. 이러한 역사적 사실을 근거로 열사의 숭고한 넋을 기리고자 이태원 부군당 옆에 유관순 열사 추모비를 세우고 이 일대를 이태원 부군당 역사공원으로 조성하였다.,02-2199-7240,서울특별시 용산구청 문화진흥과,2025-07-25,3020000,서울특별시 용산구
전국관광지정보표준데이터,https://www.data.go.kr/data/15021141/standard.do,2025-07-25,place,한강 나루터,관광지,서울특별시 용산구,서울특별시 용산구 한남동 524-6,37.530347,127.007028,"한강나루의 도승과 한강진의 별장은 한강단과 국가 정자인 제천정을 관리하는 한편, 제천정 아래 한강변에 설치한 수표석을 관찰하는 일까지 담당하였다.",지역 역사·관광 탐방 동화 배경,장소의 특징을 찾아보고 가족 여행 기록 남기기,5-7;8-10,관광;관광지;한강;나루터;한강나루의;도승과;한강진의;별장은;한강단과;국가;정자인;제천정을,한강 나루터,관광지,,서울특별시 용산구 한남동 524-6,998,화장실,,,,,,1989-01-01,70,0,"한강나루의 도승과 한강진의 별장은 한강단과 국가 정자인 제천정을 관리하는 한편, 제천정 아래 한강변에 설치한 수표석을 관찰하는 일까지 담당하였다.",02-2199-7240,서울특별시 용산구청 문화진흥과,2025-07-25,3020000,서울특별시 용산구
전국관광지정보표준데이터,https://www.data.go.kr/data/15021141/standard.do,2023-08-30,place,웰리힐리파크 관광단지,관광단지,강원특별자치도 횡성군,강원특별자치도 횡성군 둔내면 고원로 451,37.49012611,128.2501389,강원특별자치도 횡성 무공해 청정 지대인 술이봉 일대 486만㎡부지에 조성된 웰리힐리파크는 사계절 각각의 특색있는 아름다움과 수려한 자연 속에서 차원 높은 휴식의 안함을 즐길 수 있는 도시 근교형 사계절 종합 휴양지이다,지역 역사·관광 탐방 동화 배경,장소의 특징을 찾아보고 가족 여행 기록 남기기,5-7;8-10,관광;관광단지;웰리힐리파크;강원특별자치도;횡성;무공해;청정;지대인;술이봉;일대;486만㎡부지에;조성된,웰리힐리파크 관광단지,관광단지,강원특별자치도 횡성군 둔내면 고원로 451,강원특별자치도 횡성군 둔내면 두원리 204,4830709,스키장+콘도+골프장,콘도,유원시설+공연장,,,,2005-06-15,10000,500,강원특별자치도 횡성 무공해 청정 지대인 술이봉 일대 486만㎡부지에 조성된 웰리힐리파크는 사계절 각각의 특색있는 아름다움과 수려한 자연 속에서 차원 높은 휴식의 안함을 즐길 수 있는 도시 근교형 사계절 종합 휴양지이다,1544-8833,신안종합리조트,2023-08-30,4261000,강원특별자치도 횡성군
전국관광지정보표준데이터,https://www.data.go.kr/data/15021141/standard.do,2025-08-11,place,팔공산 하늘정원,관광지,대구광역시 군위군,대구광역시 군위군 부계면 동산리 산 74-18,36.023813,128.696761,"오도암, 비로봉, 동봉, 서봉 등 팔공산의 봉우리들을 자유롭게 다닐 수 있는 오름길",지역 역사·관광 탐방 동화 배경,장소의 특징을 찾아보고 가족 여행 기록 남기기,5-7;8-10,관광;관광지;팔공산;하늘정원;오도암;비로봉;동봉;서봉;등;팔공산의;봉우리들을;자유롭게,팔공산 하늘정원,관광지,,대구광역시 군위군 부계면 동산리 산 74-18,6000,정자+탐방로,,정자+탐방로,정자+탐방로,,,2015-06-12,100,10,"오도암, 비로봉, 동봉, 서봉 등 팔공산의 봉우리들을 자유롭게 다닐 수 있는 오름길",054-380-7943,대구광역시 군위군청,2025-08-11,5141000,대구광역시 군위군
전국관광지정보표준데이터,https://www.data.go.kr/data/15021141/standard.do,2025-08-11,place,김수환 추기경 사랑과 나눔 공원,관광지,대구광역시 군위군,대구광역시 군위군 군위읍 군위금성로 270,36.232449,128.599613,"김수환 추기경의 사랑과 나눔 정신의 계승,확산을 위한 정신문화 공간",지역 역사·관광 탐방 동화 배경,장소의 특징을 찾아보고 가족 여행 기록 남기기,5-7;8-10,관광;관광지;김수환;추기경;사랑과;나눔;공원;추기경의;정신의;계승;확산을;위한,김수환 추기경 사랑과 나눔 공원,관광지,대구광역시 군위군 군위읍 군위금성로 270,대구광역시 군위군 군위읍 용대리 424,32128,공원,,,기념관+경당+추기경생가+십자가의 길+평화의 숲+추모정원+중앙광장+잔디광장+옹기가마,,,2018-03-27,30,20,"김수환 추기경의 사랑과 나눔 정신의 계승,확산을 위한 정신문화 공간",054-380-6866,대구광역시 군위군청,2025-08-11,5141000,대구광역시 군위군
전국관광지정보표준데이터,https://www.data.go.kr/data/15021141/standard.do,2025-09-01,place,아산온천관광지,관광지,충청남도 아산시,충청남도 아산시 음봉면 신수리 292-6,36.69884759,126.9666069,"1987년에 발견되어, 1991년에 관광지로 지정된 아산온천은 2001년 테마 온천 시설인 아산스파비스가 개장된 이후로 인기가 높다. 약알칼리성 온천으로 20여종의 인체에 유익한 성분이 다량 함유되어 있다.",지역 역사·관광 탐방 동화 배경,장소의 특징을 찾아보고 가족 여행 기록 남기기,5-7;8-10,관광;관광지;아산온천관광지;1987년에;발견되어;1991년에;관광지로;지정된;아산온천은;2001년;테마;온천,아산온천관광지,관광지,,충청남도 아산시 음봉면 신수리 292-6,844000,"관리사무소+,화장실+,주차장+일반광장",,,,,,1991-03-15,1500,350,"1987년에 발견되어, 1991년에 관광지로 지정된 아산온천은 2001년 테마 온천 시설인 아산스파비스가 개장된 이후로 인기가 높다. 약알칼리성 온천으로 20여종의 인체에 유익한 성분이 다량 함유되어 있다.",041-540-2822,충청남도 아산시청,2025-09-01,4520000,충청남도 아산시
전국관광지정보표준데이터,https://www.data.go.kr/data/15021141/standard.do,2025-09-12,place,장흥관광지,관광지,경기도 양주시,경기도 양주시 장흥면 권율로 193,37.73281632,126.9492504,"계명산과 송추계곡 등의 우수한 자연경관과 양주시립장욱진미술관, 가나아트파크, 송암스페이스센터 등 풍부한 문화예술체험을 동시에 즐길 수 있음",지역 역사·관광 탐방 동화 배경,장소의 특징을 찾아보고 가족 여행 기록 남기기,5-7;8-10,관광;관광지;장흥관광지;계명산과;송추계곡;등의;우수한;자연경관과;양주시립장욱진미술관;가나아트파크;송암스페이스센터;등,장흥관광지,관광지,경기도 양주시 장흥면 권율로 193,경기도 양주시 장흥면 석현리 산 1,390000,관광안내소+화장실+주차장,관광호텔,,캠핑장+미술관,,,1986-12-27,2340,502,"계명산과 송추계곡 등의 우수한 자연경관과 양주시립장욱진미술관, 가나아트파크, 송암스페이스센터 등 풍부한 문화예술체험을 동시에 즐길 수 있음",031-8082-5664,경기도 양주시청,2025-09-12,5590000,경기도 양주시
전국관광지정보표준데이터,https://www.data.go.kr/data/15021141/standard.do,2025-09-08,place,보문관광단지,관광단지,경상북도 경주시,경상북도 경주시 보문로 446,35.843673,129.2869659,"사계절 관광객이 이용할 수 있는 온천형 관광지, 우아하고 정취있는 전통적 이미지가 창출될 수 있는 내륙형 관광 휴양지",지역 역사·관광 탐방 동화 배경,장소의 특징을 찾아보고 가족 여행 기록 남기기,5-7;8-10,관광;관광단지;보문관광단지;사계절;관광객이;이용할;수;있는;온천형;관광지;우아하고;정취있는,보문관광단지,관광단지,경상북도 경주시 보문로 446,경상북도 경주시 신평동 375-7,8515243,도로+동사무소+파출소+소방서+우체국+물레방아광장 등,특급호텔(5개소)+소형호텔(3개소)+콘도미니엄(5개소)+여관(8개소) 등,"회원제 골프장(36홀, 1개소)+퍼브릭골프장(18홀, 1개소)+유희 시설(경주월드) 등",컨벤션 센터+연수 및 수련시설+청소년수련시설+신라밀레니엄+종합스포츠시설+소공원 등,휴게식당+한식요식점+상가 등,,1975-04-04,20000,540,"사계절 관광객이 이용할 수 있는 온천형 관광지, 우아하고 정취있는 전통적 이미지가 창출될 수 있는 내륙형 관광 휴양지",054-779-6082,경상북도 경주시청,2025-09-08,5050000,경상북도 경주시
전국관광지정보표준데이터,https://www.data.go.kr/data/15021141/standard.do,2025-09-05,place,고양관광정보센터,관광지,경기도 고양시,경기도 고양시 일산동구 중앙로1271-1,37.65948674,126.7726989,고양시 관광지 자료 배포 및 시티투어 안내,지역 역사·관광 탐방 동화 배경,장소의 특징을 찾아보고 가족 여행 기록 남기기,5-7;8-10,관광;관광지;고양관광정보센터;고양시;자료;배포;및;시티투어;안내,고양관광정보센터,관광지,경기도 고양시 일산동구 중앙로1271-1,경기도 고양시 일산동구 장항동845,1732,핸드폰충전 +컴퓨터 검색 + 우산대여서비스 + 휠체어대여 서비스 + 유모차대여서비스 + 휴계공간 + 공용화장실 + 정수기 +,,버스킹존 + 민속놀이 체험존,고양시 관광지 자료배포+행사 안내,영상관25명 + 관광회의실 12명 + 북쉼터 15명 + 루프탑 30명 + 공유오피스 40명,영상관+회의실+북쉼터+영상창작실+루프탑+관광기념품판매점 + 카페,2020-11-15,122,0,고양시 관광지 자료 배포 및 시티투어 안내,031-905-8396,경기도 고양시청 관광과,2025-09-05,3940000,경기도 고양시
전국관광지정보표준데이터,https://www.data.go.kr/data/15021141/standard.do,2025-09-05,place,행주산성,관광지,경기도 고양시,경기도 고양시 덕양구 행주로 15번길 89,37.59610775,126.8287118,행주산성 사적 제 56호(행주대첩비 + 충훈정+충장사+대첩기념관+대첩비각+충의정+덕양정+진강정),지역 역사·관광 탐방 동화 배경,장소의 특징을 찾아보고 가족 여행 기록 남기기,5-7;8-10,관광;관광지;행주산성;사적;제;56호(행주대첩비;+;충훈정+충장사+대첩기념관+대첩비각+충의정+덕양정+진강정),행주산성,관광지,경기도 고양시 덕양구 행주로 15번길 89,경기도 고양시 덕양구 행주외동116,347670,휠체어대여 서비스+ 유모차대여서비스 + 교통약자 차량 지원+ 공중화장실 +,,민속놀이 체험존,행주산성 문화재 관광 안내+행사 안내,대첩기념관 20여명 + 충의정 20여명,영상교육관 + 대첩기념관,1963-01-21,2000,230,행주산성 사적 제 56호(행주대첩비 + 충훈정+충장사+대첩기념관+대첩비각+충의정+덕양정+진강정),031-8075-4642,경기도 고양시청 관광과,2025-09-05,3940000,경기도 고양시
전국관광지정보표준데이터,https://www.data.go.kr/data/15021141/standard.do,2025-09-05,place,나들라온,관광지,경기도 고양시,경기도 고양시 일산동구 장대들길 747,37.64063549,126.7560031,DMZ 평화의 길 고양 거점센터(쉼터)+기존 통일촌 군막사 리모델링,지역 역사·관광 탐방 동화 배경,장소의 특징을 찾아보고 가족 여행 기록 남기기,5-7;8-10,관광;관광지;나들라온;DMZ;평화의;길;고양;거점센터(쉼터)+기존;통일촌;군막사;리모델링,나들라온,관광지,경기도 고양시 일산동구 장대들길 747,경기도 고양시 일산동구 장항동 537-43,664,식수대 + 화장실 + 휴계공간,,병영체험실,고양시 관광지 자료배포+행사 안내,병영체험실50명 + 회의실 100명,병영체험실 + 회의실,2023-05-24,150,3,DMZ 평화의 길 고양 거점센터(쉼터)+기존 통일촌 군막사 리모델링,031-8075-3407,경기도 고양시청 관광과,2025-09-05,3940000,경기도 고양시
전국관광지정보표준데이터,https://www.data.go.kr/data/15021141/standard.do,2025-09-04,place,탑산약수온천,관광지,경상북도 의성군,경상북도 의성군 봉양면 도리원2길 88-42,36.30396195,128.5892642,몸에 기를 넣어 건강을 증진시키는 유기 게르마늄 성분이 들어있는 세계 최고 게르마늄 함유 온천,지역 역사·관광 탐방 동화 배경,장소의 특징을 찾아보고 가족 여행 기록 남기기,5-7;8-10,관광;관광지;탑산약수온천;몸에;기를;넣어;건강을;증진시키는;유기;게르마늄;성분이;들어있는,탑산약수온천,관광지,경상북도 의성군 봉양면 도리원2길 88-42,경상북도 의성군 봉양면 구산리 1635,4958.6776,관리사무소 + 화장실 + 주차장,총객실수 33,,,,,1997-12-31,1000,200,몸에 기를 넣어 건강을 증진시키는 유기 게르마늄 성분이 들어있는 세계 최고 게르마늄 함유 온천,054-833-5001,경상북도 의성군청,2025-09-04,5150000,경상북도 의성군
전국관광지정보표준데이터,https://www.data.go.kr/data/15021141/standard.do,2025-09-04,place,하회관광지,관광지,경상북도 안동시,경상북도 안동시 풍천면 전서로 206,36.5489594,128.5274931,하회마을등 주변의전통문화자원과 연계된 관광여가단지,지역 역사·관광 탐방 동화 배경,장소의 특징을 찾아보고 가족 여행 기록 남기기,5-7;8-10,관광;관광지;하회관광지;하회마을등;주변의전통문화자원과;연계된;관광여가단지,하회관광지,관광지,경상북도 안동시 풍천면 전서로 206,경상북도 안동시 풍천면 하회리 287,184000,관리사무소+주차장+매표소+화장실 등,,,,,,2001-01-01,100000,500,하회마을등 주변의전통문화자원과 연계된 관광여가단지,054-840-3797,경상북도 안동시청,2025-09-04,5070000,경상북도 안동시
전국관광지정보표준데이터,https://www.data.go.kr/data/15021141/standard.do,2025-09-04,place,안동문화관광지,관광단지,경상북도 안동시,경상북도 안동시 관광단지로 346-30,36.5695076,128.7786154,운동+숙박+휴양시설을 갖춘 체류형복합문화단지,지역 역사·관광 탐방 동화 배경,장소의 특징을 찾아보고 가족 여행 기록 남기기,5-7;8-10,관광;관광단지;안동문화관광지;운동+숙박+휴양시설을;갖춘;체류형복합문화단지,안동문화관광지,관광단지,경상북도 안동시 관광단지로 346-30,경상북도 안동시 성곡동 1559,1655181,주차장+관리사무소+수변공원 등,,,,,,2003-12-15,5174,458,운동+숙박+휴양시설을 갖춘 체류형복합문화단지,054-840-5817,경상북도 안동시청,2025-09-04,5070000,경상북도 안동시
전국관광지정보표준데이터,https://www.data.go.kr/data/15021141/standard.do,2024-09-26,place,무이예술관,관광지,강원특별자치도 평창군,강원특별자치도 평창군 봉평면 사리평길 233,37.61527594,128.348787,폐교로 남겨진 무이초등학교에 예술의 꽃이 활짝 폈다. 폐교를 복원해 조성한 예술인촌 평창무이예술관은 그 자체로 아름다운 볼거리가 되었다. 현재 이곳에서는 서양화가 정연서+조각가 오상욱+도예가 권순범+서예가 이천섭 등의 예술가들이 활발히 창작활동을 하고 있는 곳이다. 평창무이예술관을 찾으면 작가들의 작품활동 장면을 직접 볼 수 있고+다양한 체험프로그램에도 참여할 수 있다. 넓은 운동장은 야외조각공원으로 꾸며져 대형조각품들이 전시되어 있다. 예술전망대에 올라가면 그림과 같은 풍경이 펼쳐져 또 한 번의 감동을 선사한다.,지역 역사·관광 탐방 동화 배경,장소의 특징을 찾아보고 가족 여행 기록 남기기,5-7;8-10,관광;관광지;무이예술관;폐교로;남겨진;무이초등학교에;예술의;꽃이;활짝;폈다.;폐교를;복원해,무이예술관,관광지,강원특별자치도 평창군 봉평면 사리평길 233,강원특별자치도 평창군 봉평면 무이리 58,10568,화장실,,문화예술체험장,조각공원(야외전시장)+예술전시장(실내),,,2013-01-09,80,5,폐교로 남겨진 무이초등학교에 예술의 꽃이 활짝 폈다. 폐교를 복원해 조성한 예술인촌 평창무이예술관은 그 자체로 아름다운 볼거리가 되었다. 현재 이곳에서는 서양화가 정연서+조각가 오상욱+도예가 권순범+서예가 이천섭 등의 예술가들이 활발히 창작활동을 하고 있는 곳이다. 평창무이예술관을 찾으면 작가들의 작품활동 장면을 직접 볼 수 있고+다양한 체험프로그램에도 참여할 수 있다. 넓은 운동장은 야외조각공원으로 꾸며져 대형조각품들이 전시되어 있다. 예술전망대에 올라가면 그림과 같은 풍경이 펼쳐져 또 한 번의 감동을 선사한다.,033-330-2742,강원특별자치도 평창군청,2024-09-26,4281000,강원특별자치도 평창군
전국관광지정보표준데이터,https://www.data.go.kr/data/15021141/standard.do,2024-09-26,place,백룡동굴,관광지,강원특별자치도 평창군,강원특별자치도 평창군 미탄면 문희길 63,37.27786356,128.577051,"백룡동굴의 입구는 해발고도 235m 지점에 있는 천연동굴로서 약 5억년 전에 생성된 것으로 보인다. 동강의 수면으로부터 약 15m 위의 지점에 위치한다. 백룡동굴은 오래 전부터 마을 주민들에게 알려져 왔으며, 동굴 입구에 온돌이 있고 그 주위에 토기조각들이 발견되는 것으로 보아 오래 전에는 우리 조상의 거처로도 사용되었던 것으로 생각된다. 또한 약 3만년 전의 것으로 추측되는 소의 대퇴부 뼈가 석순에 응고된 채 발견되어 신비로움을 더해주고 있다. 특히 굴의 주변을 감싸고 있는 백운산과 굽이쳐 흐르는 강줄기는 때묻지 않은 아름다운 자연 경관을 그대로 간직하고 있어 선경을 연상하게 해 준다.",지역 역사·관광 탐방 동화 배경,장소의 특징을 찾아보고 가족 여행 기록 남기기,5-7;8-10,관광;관광지;백룡동굴;백룡동굴의;입구는;해발고도;235m;지점에;있는;천연동굴로서;약;5억년,백룡동굴,관광지,강원특별자치도 평창군 미탄면 문희길 63,강원특별자치도 평창군 미탄면 마하리 82,956433,화장실+세면장,,,,,,2005-01-01,240,40,"백룡동굴의 입구는 해발고도 235m 지점에 있는 천연동굴로서 약 5억년 전에 생성된 것으로 보인다. 동강의 수면으로부터 약 15m 위의 지점에 위치한다. 백룡동굴은 오래 전부터 마을 주민들에게 알려져 왔으며, 동굴 입구에 온돌이 있고 그 주위에 토기조각들이 발견되는 것으로 보아 오래 전에는 우리 조상의 거처로도 사용되었던 것으로 생각된다. 또한 약 3만년 전의 것으로 추측되는 소의 대퇴부 뼈가 석순에 응고된 채 발견되어 신비로움을 더해주고 있다. 특히 굴의 주변을 감싸고 있는 백운산과 굽이쳐 흐르는 강줄기는 때묻지 않은 아름다운 자연 경관을 그대로 간직하고 있어 선경을 연상하게 해 준다.",033-330-2742,강원특별자치도 평창군청,2024-09-26,4281000,강원특별자치도 평창군
전국관광지정보표준데이터,https://www.data.go.kr/data/15021141/standard.do,2024-09-26,place,이효석문화예술촌,관광지,강원특별자치도 평창군,강원특별자치도 평창군 봉평면 효석문학길 73-25,37.61317426,128.3701239,이효석문화예술촌은 가산 이효석의 생애와 문학세계를 볼 수 있는 곳으로 특히 이효석문학관에는 이효석 문학전시실과 다양한 문학체험을 할 수 있는 문학교실+학예연구실 등으로 이루어져 있다. 문학전시실은 그의 생애와 문학세계를 시간의 흐름에 따라 볼 수 있도록 구성하였으며+재현한 창작실+옛 봉평 장터 모형+문학과 생애를 다룬 영상물+어린이용 영상물 등을 통해 다양한 체험이 가능하도록 준비하였다. 또 문학교실에서는 다양한 영상물을 시청할 수 있고 문예행사도 볼 수 있으며+학예연구실에는 이효석과 관련된 다양한 자료를 준비하여 그의 문학세계를 깊이 연구하는 공간으로 자리잡고 있으며+문학정원에서는 자연의 아름다움과 문학의 소중함을 느낄 수 있다.또한 이효석문화예술촌에는 이효석문학관 뿐만 아니라+사계절의 자연을 느낄 수 있는 꿈꾸는 정원과 야외광장인 나귀광장과 달빛광장이 있으며 효석달빛언덕을 한눈에 내려다 볼 수 있는 달빛나귀 전망대+이효석의 기억과 추억을 들여다 볼 수 있는 작은 도서관+카페+기념품샵이 있다.,지역 역사·관광 탐방 동화 배경,장소의 특징을 찾아보고 가족 여행 기록 남기기,5-7;8-10,관광;관광지;이효석문화예술촌;이효석문화예술촌은;가산;이효석의;생애와;문학세계를;볼;수;있는;곳으로,이효석문화예술촌,관광지,강원특별자치도 평창군 봉평면 효석문학길 73-25,강원특별자치도 평창군 봉평면 창동리 544-3,31961,화장실,,,이효석문학관(기념관+자료 전시실)+효석달빛언덕+이효석생가 복원동+문학의 숲(야외),카페+야외쉼터,,2018-06-29,3000,250,이효석문화예술촌은 가산 이효석의 생애와 문학세계를 볼 수 있는 곳으로 특히 이효석문학관에는 이효석 문학전시실과 다양한 문학체험을 할 수 있는 문학교실+학예연구실 등으로 이루어져 있다. 문학전시실은 그의 생애와 문학세계를 시간의 흐름에 따라 볼 수 있도록 구성하였으며+재현한 창작실+옛 봉평 장터 모형+문학과 생애를 다룬 영상물+어린이용 영상물 등을 통해 다양한 체험이 가능하도록 준비하였다. 또 문학교실에서는 다양한 영상물을 시청할 수 있고 문예행사도 볼 수 있으며+학예연구실에는 이효석과 관련된 다양한 자료를 준비하여 그의 문학세계를 깊이 연구하는 공간으로 자리잡고 있으며+문학정원에서는 자연의 아름다움과 문학의 소중함을 느낄 수 있다.또한 이효석문화예술촌에는 이효석문학관 뿐만 아니라+사계절의 자연을 느낄 수 있는 꿈꾸는 정원과 야외광장인 나귀광장과 달빛광장이 있으며 효석달빛언덕을 한눈에 내려다 볼 수 있는 달빛나귀 전망대+이효석의 기억과 추억을 들여다 볼 수 있는 작은 도서관+카페+기념품샵이 있다.,033-330-2742,강원특별자치도 평창군청,2024-09-26,4281000,강원특별자치도 평창군
전국관광지정보표준데이터,https://www.data.go.kr/data/15021141/standard.do,2024-09-26,place,평창돌문화체험관,관광지,강원특별자치도 평창군,강원특별자치도 평창군 평창읍 바위공원길 111,37.376584,128.409516,장암산을 마주보는 평창강변에 위치하며 체험실+수석테마카페+전시장 등의 공간이 전국 각지의 수석 애호가들이 기증한 양질의 수석들로 채워져 있다. 바깥에는 커다란 수석들을 보며 산책을 즐길 수 있는 공원길도 갖추어져 있다.,지역 역사·관광 탐방 동화 배경,장소의 특징을 찾아보고 가족 여행 기록 남기기,5-7;8-10,관광;관광지;평창돌문화체험관;장암산을;마주보는;평창강변에;위치하며;체험실+수석테마카페+전시장;등의;공간이;전국;각지의,평창돌문화체험관,관광지,강원특별자치도 평창군 평창읍 바위공원길 111,강원특별자치도 평창군 평창읍 중리 15-3,1833.41,주차장+화장실,,전시관,바위공원(야외전시장)+수석 전시관(실내),카페,,2019-12-27,50,15,장암산을 마주보는 평창강변에 위치하며 체험실+수석테마카페+전시장 등의 공간이 전국 각지의 수석 애호가들이 기증한 양질의 수석들로 채워져 있다. 바깥에는 커다란 수석들을 보며 산책을 즐길 수 있는 공원길도 갖추어져 있다.,033-330-2742,강원특별자치도 평창군청,2024-09-26,4281000,강원특별자치도 평창군
전국관광지정보표준데이터,https://www.data.go.kr/data/15021141/standard.do,2024-09-26,place,마하생태관광지,관광지,강원특별자치도 평창군,강원특별자치도 평창군 미탄면 마하길 42-5,37.29236873,128.5412837,마하리 본동 지구 및 마하리 문희마을 지구로 이루어져 있으며 백룡동굴의 생태관광 체험을 할 수 있다. 또한 주차장+관리사무소 등 공공편익시설과 휴게음식점+매점 등 숙박+상가시설 및 자연학습장+명상의 정원 등 휴양 문화시설이 함께 조성되어있다.,지역 역사·관광 탐방 동화 배경,장소의 특징을 찾아보고 가족 여행 기록 남기기,5-7;8-10,관광;관광지;마하생태관광지;마하리;본동;지구;및;문희마을;지구로;이루어져;있으며;백룡동굴의,마하생태관광지,관광지,강원특별자치도 평창군 미탄면 마하길 42-5,강원특별자치도 평창군 미탄면 마하리 323,29841,주차장,생태체험민박,,생태주택관+명상의정원+여울광장+자연학습장+담소원+산속학습장+광장6야영장,휴게음식점,,2009-04-28,300,199,마하리 본동 지구 및 마하리 문희마을 지구로 이루어져 있으며 백룡동굴의 생태관광 체험을 할 수 있다. 또한 주차장+관리사무소 등 공공편익시설과 휴게음식점+매점 등 숙박+상가시설 및 자연학습장+명상의 정원 등 휴양 문화시설이 함께 조성되어있다.,033-330-2742,강원특별자치도 평창군청,2024-09-26,4281000,강원특별자치도 평창군
전국관광지정보표준데이터,https://www.data.go.kr/data/15021141/standard.do,2024-09-26,place,용평관광단지,관광단지,강원특별자치도 평창군,강원특별자치도 평창군 대관령면 올림픽로 715,37.65094444,128.7055569,버치힐GC+워터파크+그린피아콘도+드래곤밸리호텔 등 숙박시설 및 유원시설+골프시설이 갖춰져 있으며+사계절 휴양 가능한 복합 리조트이다.,지역 역사·관광 탐방 동화 배경,장소의 특징을 찾아보고 가족 여행 기록 남기기,5-7;8-10,관광;관광단지;용평관광단지;버치힐GC+워터파크+그린피아콘도+드래곤밸리호텔;등;숙박시설;및;유원시설+골프시설이;갖춰져;있으며+사계절;휴양;가능한,용평관광단지,관광단지,강원특별자치도 평창군 대관령면 올림픽로 715,강원특별자치도 평창군 대관령면 용산리 130,16219204,주차장+화장실,콘도+호텔,스키장+골프장,,상가+음식점+카페 등,,2001-02-21,64000,2837,버치힐GC+워터파크+그린피아콘도+드래곤밸리호텔 등 숙박시설 및 유원시설+골프시설이 갖춰져 있으며+사계절 휴양 가능한 복합 리조트이다.,033-330-2742,강원특별자치도 평창군청,2024-09-26,4281000,강원특별자치도 평창군
전국관광지정보표준데이터,https://www.data.go.kr/data/15021141/standard.do,2024-09-26,place,알펜시아관광단지,관광단지,강원특별자치도 평창군,강원특별자치도 평창군 대관령면 솔봉로 325,37.65925417,128.6840107,골프지구+리조트빌리지지구+스키지구+동계올림픽지구로 구성되어 있으며 스키전망대 등 스키시설과 유원시설+골프시설 등이 조성되어있는 사계절 복합 리조트 시설이다.,지역 역사·관광 탐방 동화 배경,장소의 특징을 찾아보고 가족 여행 기록 남기기,5-7;8-10,관광;관광단지;알펜시아관광단지;골프지구+리조트빌리지지구+스키지구+동계올림픽지구로;구성되어;있으며;스키전망대;등;스키시설과;유원시설+골프시설;등이;조성되어있는,알펜시아관광단지,관광단지,강원특별자치도 평창군 대관령면 솔봉로 325,강원특별자치도 평창군 대관령면 용산리 425,4855224,주차장+화장실,콘도+호텔,스키장+골프장,"생태학습원+뮤직텐트,콘서트홀+강원학생체육훈련장+채플+아름드리원+늘푸른원+야생화원+숲마루원",상가+명품아울렛+초콜릿전시관,,2005-09-23,40000,2800,골프지구+리조트빌리지지구+스키지구+동계올림픽지구로 구성되어 있으며 스키전망대 등 스키시설과 유원시설+골프시설 등이 조성되어있는 사계절 복합 리조트 시설이다.,033-330-2742,강원특별자치도 평창군청,2024-09-26,4281000,강원특별자치도 평창군
전국관광지정보표준데이터,https://www.data.go.kr/data/15021141/standard.do,2023-08-31,place,화진포해양박물관,관광지,강원특별자치도 고성군,강원특별자치도 고성군 현내면 화진포길 412,38.481345,128.435682,"세계적으로 희귀한 각종 조개류, 갑각류, 박제 등 1,500여 종 40,000여 점을 전시한 패류박물관과 수중생물 125종 3,000여 마리를 보여주는 어류전시관으로 구성",지역 역사·관광 탐방 동화 배경,장소의 특징을 찾아보고 가족 여행 기록 남기기,5-7;8-10,관광;관광지;화진포해양박물관;세계적으로;희귀한;각종;조개류;갑각류;박제;등;1;500여,화진포해양박물관,관광지,강원특별자치도 고성군 현내면 화진포길 412,강원특별자치도 고성군 현내면 초도리 94-1 화진포해양박물관,1849.9,화장실+주차장,,,,,,1995-02-07,800,100,"세계적으로 희귀한 각종 조개류, 갑각류, 박제 등 1,500여 종 40,000여 점을 전시한 패류박물관과 수중생물 125종 3,000여 마리를 보여주는 어류전시관으로 구성",033-680-3361,강원특별자치도 고성군청,2023-08-31,4341000,강원특별자치도 고성군
전국관광지정보표준데이터,https://www.data.go.kr/data/15021141/standard.do,2024-09-26,place,휘닉스파크관광단지,관광단지,강원특별자치도 평창군,강원특별자치도 평창군 봉평면 태기로 174,37.5758724566,128.3160325007,스키+스노우빌리지+워터파크 등 다양한 레저시설을 갖추고 있으며 사계절 이용 가능한 복합레져휴양리조트이다. 골프장+스키장+유원시설 및 관광숙박시설 등 이용가능하다.,지역 역사·관광 탐방 동화 배경,장소의 특징을 찾아보고 가족 여행 기록 남기기,5-7;8-10,관광;관광단지;휘닉스파크관광단지;스키+스노우빌리지+워터파크;등;다양한;레저시설을;갖추고;있으며;사계절;이용;가능한,휘닉스파크관광단지,관광단지,강원특별자치도 평창군 봉평면 태기로 174,강원특별자치도 평창군 봉평면 면온리 1095-1,4233000,주차장+화장실,콘도+호텔,스키장+골프장,유스호스텔+극장+워터파크+컨벤션센터,상가(센타프라자),,1998-10-01,38000,2800,스키+스노우빌리지+워터파크 등 다양한 레저시설을 갖추고 있으며 사계절 이용 가능한 복합레져휴양리조트이다. 골프장+스키장+유원시설 및 관광숙박시설 등 이용가능하다.,033-330-2742,강원특별자치도 평창군청,2024-09-26,4281000,강원특별자치도 평창군
전국관광지정보표준데이터,https://www.data.go.kr/data/15021141/standard.do,2024-08-29,place,작괘천,관광지,울산광역시 울주군,울산광역시 울주군 상북면 등억알프스리 18-2,35.55162452,129.0953395,수백평이나 되는 바위가 오랜 세월의 물살에 깎여 움푹움푹 파인 형상이 마치 술잔을 걸어둔 것과 같다고 해서 작괘천이라 하며 사시사철 맑은 물이 흐른다,지역 역사·관광 탐방 동화 배경,장소의 특징을 찾아보고 가족 여행 기록 남기기,5-7;8-10,관광;관광지;작괘천;수백평이나;되는;바위가;오랜;세월의;물살에;깎여;움푹움푹;파인,작괘천,관광지,,울산광역시 울주군 상북면 등억알프스리 18-2,100000,샤워실+급수대+화장실,펜션+야영장,캠핑장+산책로,작천정+캠핑장,,,2016-03-21,200000,2000,수백평이나 되는 바위가 오랜 세월의 물살에 깎여 움푹움푹 파인 형상이 마치 술잔을 걸어둔 것과 같다고 해서 작괘천이라 하며 사시사철 맑은 물이 흐른다,052-204-2346,울산광역시 울주군청,2024-08-29,3730000,울산광역시 울주군
전국관광지정보표준데이터,https://www.data.go.kr/data/15021141/standard.do,2024-08-29,place,대운산 내원암 계곡,관광지,울산광역시 울주군,울산광역시 울주군 온양읍 대운상대길 382,35.39913422,129.2309807,"깊고 청량한 계곡 속의 수려한 연못과 폭포, 한번 누워보고 싶은 반석들을 품고 있는 비경이 있음",지역 역사·관광 탐방 동화 배경,장소의 특징을 찾아보고 가족 여행 기록 남기기,5-7;8-10,관광;관광지;대운산;내원암;계곡;깊고;청량한;속의;수려한;연못과;폭포;한번,대운산 내원암 계곡,관광지,울산광역시 울주군 온양읍 대운상대길 382,울산광역시 울주군 온양읍 운화리 1312,891008,화장실+주차장,,,산책로+사찰,,,2016-03-21,200000,500,"깊고 청량한 계곡 속의 수려한 연못과 폭포, 한번 누워보고 싶은 반석들을 품고 있는 비경이 있음",052-204-2345,울산광역시 울주군청,2024-08-29,3730000,울산광역시 울주군
전국관광지정보표준데이터,https://www.data.go.kr/data/15021141/standard.do,2024-08-29,place,간절곶 공원,관광지,울산광역시 울주군,울산광역시 울주군 서생면 간절곶해안길 205,35.3625312,129.3591079,한반도에서 가장 해가 먼저 뜨는 대표적 해맞이 장소,지역 역사·관광 탐방 동화 배경,장소의 특징을 찾아보고 가족 여행 기록 남기기,5-7;8-10,관광;관광지;간절곶;공원;한반도에서;가장;해가;먼저;뜨는;대표적;해맞이;장소,간절곶 공원,관광지,울산광역시 울주군 서생면 간절곶해안길 205,울산광역시 울주군 서생면 대송리 2,584984,주차장+화장실,펜션,산책로+카페,카페+소망우체통,,,2016-03-21,500000,580,한반도에서 가장 해가 먼저 뜨는 대표적 해맞이 장소,052-204-1754,울산광역시 울주군청,2024-08-29,3730000,울산광역시 울주군
전국관광지정보표준데이터,https://www.data.go.kr/data/15021141/standard.do,2025-05-15,place,남한산성,관광지,경기도 광주시,경기도 광주시 남한산성면 남한산성로 731,37.47669636,127.1884165,"역사와 문화, 4계절의 아름다움을 감상할 수 있는 곳",지역 역사·관광 탐방 동화 배경,장소의 특징을 찾아보고 가족 여행 기록 남기기,5-7;8-10,관광;관광지;남한산성;역사와;문화;4계절의;아름다움을;감상할;수;있는;곳,남한산성,관광지,경기도 광주시 남한산성면 남한산성로 731,경기도 광주시 남한산성면 산성리 158-1번지,526476,주차장+화장실,펜션,,행궁+만해기념관 등,관광식당,해당없음,2007-01-24,10000,945,"역사와 문화, 4계절의 아름다움을 감상할 수 있는 곳",031-8008-5155,남한산성세계문화유산센터,2025-05-15,5540000,경기도 광주시
전국관광지정보표준데이터,https://www.data.go.kr/data/15021141/standard.do,2025-05-15,place,분원백자자료관,관광지,경기도 광주시,경기도 광주시 남종면 산수로 1642-1,37.49625742,127.3034492,조선시대 관영사기의 변천과 도자기역사의 발자취 감상,지역 역사·관광 탐방 동화 배경,장소의 특징을 찾아보고 가족 여행 기록 남기기,5-7;8-10,관광;관광지;분원백자자료관;조선시대;관영사기의;변천과;도자기역사의;발자취;감상,분원백자자료관,관광지,경기도 광주시 남종면 산수로 1642-1,경기도 광주시 남종면 분원리 116번지,3339,주차장+화장실,,,백자자료관,,해당없음,2007-01-24,300,0,조선시대 관영사기의 변천과 도자기역사의 발자취 감상,031-799-1500,경기도자박물관,2025-05-15,5540000,경기도 광주시
전국관광지정보표준데이터,https://www.data.go.kr/data/15021141/standard.do,2025-05-15,place,천진암,관광지,경기도 광주시,경기도 광주시 퇴촌면 천진암로 1203,37.42357313,127.3883989,천학 강학회를 통해 신앙의 차원인 천주교로 발전시킨 성지,지역 역사·관광 탐방 동화 배경,장소의 특징을 찾아보고 가족 여행 기록 남기기,5-7;8-10,관광;관광지;천진암;천학;강학회를;통해;신앙의;차원인;천주교로;발전시킨;성지,천진암,관광지,경기도 광주시 퇴촌면 천진암로 1203,경기도 광주시 퇴촌면 우산리 500번지,990000,주차장+화장실,,,천주교박물관,,해당없음,2007-01-24,10000,100,천학 강학회를 통해 신앙의 차원인 천주교로 발전시킨 성지,031-764-5953,재단법인 천주교수원교구유지재단,2025-05-15,5540000,경기도 광주시
전국관광지정보표준데이터,https://www.data.go.kr/data/15021141/standard.do,2025-05-15,place,경기도자박물관,관광지,경기도 광주시,경기도 광주시 곤지암읍 경충대로 727,37.35028421,127.3347877,우리의 전통 도자문화와 역사를 느낄 수 있는 곳,지역 역사·관광 탐방 동화 배경,장소의 특징을 찾아보고 가족 여행 기록 남기기,5-7;8-10,관광;관광지;경기도자박물관;우리의;전통;도자문화와;역사를;느낄;수;있는;곳,경기도자박물관,관광지,경기도 광주시 곤지암읍 경충대로 727,경기도 광주시 곤지암읍 삼리 72-1번지,3328,주차장+화장실+공원,,,야외조각공원+장작가마+다래시연장 등,,해당없음,2007-01-24,300,482,우리의 전통 도자문화와 역사를 느낄 수 있는 곳,031-799-1500,한국도자재단,2025-05-15,5540000,경기도 광주시
전국관광지정보표준데이터,https://www.data.go.kr/data/15021141/standard.do,2025-05-15,place,경안천습지생태공원,관광지,경기도 광주시,경기도 광주시 퇴촌면 산수로 1159,37.45920014,127.3051169,다양한 수생식물 등 조류관찰과 자연학습의 장,지역 역사·관광 탐방 동화 배경,장소의 특징을 찾아보고 가족 여행 기록 남기기,5-7;8-10,관광;관광지;경안천습지생태공원;다양한;수생식물;등;조류관찰과;자연학습의;장,경안천습지생태공원,관광지,경기도 광주시 퇴촌면 산수로 1159,경기도 광주시 퇴촌면 정지리 456-4번지,162000,주차장+화장실,,,조류관찰+자연학습의 장,,해당없음,2007-01-24,10000,115,다양한 수생식물 등 조류관찰과 자연학습의 장,031-760-3763,경기도 광주시청,2025-05-15,5540000,경기도 광주시
전국관광지정보표준데이터,https://www.data.go.kr/data/15021141/standard.do,2025-05-15,place,팔당물안개공원,관광지,경기도 광주시,경기도 광주시 남종면 산수로 1897,37.50956344,127.3174613,"시민의 숲, 희망의 숲, 코스모스길, 자전거길이 잘 조성된 공원",지역 역사·관광 탐방 동화 배경,장소의 특징을 찾아보고 가족 여행 기록 남기기,5-7;8-10,관광;관광지;팔당물안개공원;시민의;숲;희망의;코스모스길;자전거길이;잘;조성된;공원,팔당물안개공원,관광지,경기도 광주시 남종면 산수로 1897,경기도 광주시 남종면 귀여리 267-10번지,708241,주차장+화장실+공원,,,시민의 숲+희망의 숲+코스모스길 등,,해당없음,2018-01-31,10000,300,"시민의 숲, 희망의 숲, 코스모스길, 자전거길이 잘 조성된 공원",031-760-4483,경기도 광주시청,2025-05-15,5540000,경기도 광주시
전국관광지정보표준데이터,https://www.data.go.kr/data/15021141/standard.do,2025-05-15,place,중대물빛공원,관광지,경기도 광주시,경기도 광주시 순암로 307,37.40272258,127.218054,"장미터널, 연꽃로드, 아치목교 등이 있는 수변공원",지역 역사·관광 탐방 동화 배경,장소의 특징을 찾아보고 가족 여행 기록 남기기,5-7;8-10,관광;관광지;중대물빛공원;장미터널;연꽃로드;아치목교;등이;있는;수변공원,중대물빛공원,관광지,경기도 광주시 순암로 307,경기도 광주시 중대동 229번지,216372,주차장+화장실+공원,,,장미터널+연꽃로드+아치목교 등,,해당없음,2018-01-31,10000,100,"장미터널, 연꽃로드, 아치목교 등이 있는 수변공원",031-760-3763,경기도 광주시청,2025-05-15,5540000,경기도 광주시
전국관광지정보표준데이터,https://www.data.go.kr/data/15021141/standard.do,2025-04-22,place,간월도관광지,관광지,충청남도 서산시,충청남도 서산시 부석면 간월도1길 119-29,36.60625,126.41775,간월도 스카이워크 및 간월암,지역 역사·관광 탐방 동화 배경,장소의 특징을 찾아보고 가족 여행 기록 남기기,5-7;8-10,관광;관광지;간월도관광지;간월도;스카이워크;및;간월암,간월도관광지,관광지,충청남도 서산시 부석면 간월도1길 119-29,,55819,화장실+주차장,,,간월암,,,2000-05-04,100000,139,간월도 스카이워크 및 간월암,041-660-2373,충청남도 서산시청 관광과,2025-04-22,4530000,충청남도 서산시
전국관광지정보표준데이터,https://www.data.go.kr/data/15021141/standard.do,2025-12-12,place,몰운대,관광지,부산광역시 사하구,부산광역시 사하구 다대동 산144,35.03931428,128.96893979,태종대·해운대와 함께 부산의 3臺 중 하나,지역 역사·관광 탐방 동화 배경,장소의 특징을 찾아보고 가족 여행 기록 남기기,5-7;8-10,관광;관광지;몰운대;태종대·해운대와;함께;부산의;3臺;중;하나,몰운대,관광지,,부산광역시 사하구 다대동 산144,492300,화장실+주차장+관광안내소,,,산책로+낙조전망대+정운공순의비+다대진동헌,,,1972-06-26,240000,230,태종대·해운대와 함께 부산의 3臺 중 하나,051-220-4915,부산광역시 사하구청,2025-12-12,3340000,부산광역시 사하구
전국관광지정보표준데이터,https://www.data.go.kr/data/15021141/standard.do,2025-12-12,place,다대포 꿈의 낙조분수,관광지,부산광역시 사하구,부산광역시 사하구 몰운대1길 14(다대동),35.04661416,128.96800515,세계 최대이자 최고의 바닥 음악분수,지역 역사·관광 탐방 동화 배경,장소의 특징을 찾아보고 가족 여행 기록 남기기,5-7;8-10,관광;관광지;다대포;꿈의;낙조분수;세계;최대이자;최고의;바닥;음악분수,다대포 꿈의 낙조분수,관광지,부산광역시 사하구 몰운대1길 14(다대동),부산광역시 사하구 다대동 482-3,2538,화장실+주차장+관광안내소,,,물놀이 체험분수+야간 음악분수,,,2010-03-27,2500,156,세계 최대이자 최고의 바닥 음악분수,051-220-5892,부산광역시 사하구청,2025-12-12,3340000,부산광역시 사하구
전국관광지정보표준데이터,https://www.data.go.kr/data/15021141/standard.do,2025-12-12,place,다대포해수욕장,관광지,부산광역시 사하구,부산광역시 사하구 몰운대1길 14(다대동),35.04661416,128.96800515,백사장 길이 900m 폭 65~330m의 얕은 수심으로 가족단위 피서지로 유명,지역 역사·관광 탐방 동화 배경,장소의 특징을 찾아보고 가족 여행 기록 남기기,5-7;8-10,관광;관광지;다대포해수욕장;백사장;길이;900m;폭;65~330m의;얕은;수심으로;가족단위;피서지로,다대포해수욕장,관광지,부산광역시 사하구 몰운대1길 14(다대동),부산광역시 사하구 다대동 482-3,500000,화장실+주차장+관광안내소,,갯벌체험+패들보드+서핑보드 (※ 해양스포츠 체험 가능),해수욕장+해변공원+고우니생태길,,,1900-01-01,500000,500,백사장 길이 900m 폭 65~330m의 얕은 수심으로 가족단위 피서지로 유명,051-220-4911,부산광역시 사하구청,2025-12-12,3340000,부산광역시 사하구
전국관광지정보표준데이터,https://www.data.go.kr/data/15021141/standard.do,2025-12-12,place,낙동강하구아미산전망대,관광지,부산광역시 사하구,부산광역시 사하구 다대낙조2길 77(다대동),35.05265992,128.96069407,모래섬·철새·낙조 등 천혜의 전경을 조망할 수 있는 전망대,지역 역사·관광 탐방 동화 배경,장소의 특징을 찾아보고 가족 여행 기록 남기기,5-7;8-10,관광;관광지;낙동강하구아미산전망대;모래섬·철새·낙조;등;천혜의;전경을;조망할;수;있는;전망대,낙동강하구아미산전망대,관광지,부산광역시 사하구 다대낙조2길 77(다대동),부산광역시 사하구 다대동 1548-1,10254,화장실+주차장+관광안내소,,,,,,2011-02-21,1000000,28,모래섬·철새·낙조 등 천혜의 전경을 조망할 수 있는 전망대,051-265-6863,부산광역시 사하구청,2025-12-12,3340000,부산광역시 사하구
전국관광지정보표준데이터,https://www.data.go.kr/data/15021141/standard.do,2025-12-12,place,을숙도 생태공원,관광지,부산광역시 사하구,부산광역시 사하구 하단동 1142,35.11604341,128.94861721,을숙도 상단부로 수생식물이 서식하는 생태의 보고,지역 역사·관광 탐방 동화 배경,장소의 특징을 찾아보고 가족 여행 기록 남기기,5-7;8-10,관광;관광지;을숙도;생태공원;상단부로;수생식물이;서식하는;생태의;보고,을숙도 생태공원,관광지,,부산광역시 사하구 하단동 1142,1907000,화장실+주차장+관광안내소,,,,,낙동강하구에코센터,2012-11-01,4500000,600,을숙도 상단부로 수생식물이 서식하는 생태의 보고,051-209-2000,부산광역시 낙동강관리본부,2025-12-12,3340000,부산광역시 사하구
전국관광지정보표준데이터,https://www.data.go.kr/data/15021141/standard.do,2025-12-12,place,을숙도 철새공원,관광지,부산광역시 사하구,부산광역시 사하구 하단동 1209-1,35.09903966,128.94364550,철새를 보호하는 한편 습지를 비롯한 생태보존 공원,지역 역사·관광 탐방 동화 배경,장소의 특징을 찾아보고 가족 여행 기록 남기기,5-7;8-10,관광;관광지;을숙도;철새공원;철새를;보호하는;한편;습지를;비롯한;생태보존;공원,을숙도 철새공원,관광지,,부산광역시 사하구 하단동 1209-1,1907000,화장실+주차장+관광안내소,,,,,낙동강하구에코센터,2004-01-01,1500000,300,철새를 보호하는 한편 습지를 비롯한 생태보존 공원,051-209-2000,부산광역시 낙동강관리본부,2025-12-12,3340000,부산광역시 사하구
전국관광지정보표준데이터,https://www.data.go.kr/data/15021141/standard.do,2025-12-12,place,감천문화마을,관광지,부산광역시 사하구,부산광역시 사하구 감내2로 203(감천동),35.09748533,129.01060359,한국전쟁 당시 피난민들이 모여산 계단식 마을로 다양한 예술작품 감상 가능,지역 역사·관광 탐방 동화 배경,장소의 특징을 찾아보고 가족 여행 기록 남기기,5-7;8-10,관광;관광지;감천문화마을;한국전쟁;당시;피난민들이;모여산;계단식;마을로;다양한;예술작품;감상,감천문화마을,관광지,부산광역시 사하구 감내2로 203(감천동),부산광역시 사하구 감천동 1-14,188177,화장실+관광안내소,방가방가게스트하우스+감내어울터+감천골목하우스 등,,작은박물관+도자기+목공예 등,,,2010-02-01,300000,200,한국전쟁 당시 피난민들이 모여산 계단식 마을로 다양한 예술작품 감상 가능,051-220-5922,부산광역시 사하구청,2025-12-12,3340000,부산광역시 사하구
전국관광지정보표준데이터,https://www.data.go.kr/data/15021141/standard.do,2024-08-16,place,장도청해진유적지,관광지,전라남도 완도군,전라남도 완도군 완도읍 장좌리 787,34.3601250565,126.7369503241,"해상왕 장보고 대사가 828년 청해진을 설치하고 중구과 신라, 일본을 잇는 삼각 무역을 펼쳤던 우리나라 최초의 무역전진기지이자 군사 요충지이다. 사적 제308호이다.",지역 역사·관광 탐방 동화 배경,장소의 특징을 찾아보고 가족 여행 기록 남기기,5-7;8-10,관광;관광지;장도청해진유적지;해상왕;장보고;대사가;828년;청해진을;설치하고;중구과;신라;일본을,장도청해진유적지,관광지,,전라남도 완도군 완도읍 장좌리 787,482884,화장실+주차장+관광안내소,,,,,,1984-09-01,1000,100,"해상왕 장보고 대사가 828년 청해진을 설치하고 중구과 신라, 일본을 잇는 삼각 무역을 펼쳤던 우리나라 최초의 무역전진기지이자 군사 요충지이다. 사적 제308호이다.",061-550-6945,전라남도 완도군청 시설관리사업소,2024-08-16,4990000,전라남도 완도군
전국관광지정보표준데이터,https://www.data.go.kr/data/15021141/standard.do,2024-08-16,place,해양생태전시관,관광지,전라남도 완도군,전라남도 완도군 완도읍 청해진로 1459,34.351532,126.731489,"기존 장보고기념관, 장도 등 청해진 유적지의 기존 문화·관광 시설과 연계하여 방문하는 관광객과 주민들에게 볼거리, 체험거리 제공 및 해양생태에 대한 교육의 장을 마련하고 해양치유 산업의 중요성을 제공하는데 그 의의가 있다. 1층과 2층으로 나뉘어 각 실마다 저마다의 주제를 가지고 완도의 역사, 생태계 현황, 다양한 해양 체험활동 등을 학습하고 경험할 수 있다.",지역 역사·관광 탐방 동화 배경,장소의 특징을 찾아보고 가족 여행 기록 남기기,5-7;8-10,관광;관광지;해양생태전시관;기존;장보고기념관;장도;등;청해진;유적지의;문화·관광;시설과;연계하여,해양생태전시관,관광지,전라남도 완도군 완도읍 청해진로 1459,,1305,화장실+주차장+관광안내소,,,,,,2018-08-08,1000,100,"기존 장보고기념관, 장도 등 청해진 유적지의 기존 문화·관광 시설과 연계하여 방문하는 관광객과 주민들에게 볼거리, 체험거리 제공 및 해양생태에 대한 교육의 장을 마련하고 해양치유 산업의 중요성을 제공하는데 그 의의가 있다. 1층과 2층으로 나뉘어 각 실마다 저마다의 주제를 가지고 완도의 역사, 생태계 현황, 다양한 해양 체험활동 등을 학습하고 경험할 수 있다.",061-550-6944,전라남도 완도군청 시설관리사업소,2024-08-16,4990000,전라남도 완도군
전국관광지정보표준데이터,https://www.data.go.kr/data/15021141/standard.do,2024-08-16,place,완도수목원,관광지,전라남도 완도군,전라남도 완도군 군외면 초평1길 156,34.36065258,126.6635321,"국내 유일의 난대수목원으로 3,801종의 수목유전자원을 보유하고 있다. 난대성 목,초본 등 희귀식물 770여종이 자생하고 있는데 아열대,온대 교차지의 다양한 식물이 분포하여 학술적 가치가 높은 수목원이다.",지역 역사·관광 탐방 동화 배경,장소의 특징을 찾아보고 가족 여행 기록 남기기,5-7;8-10,관광;관광지;완도수목원;국내;유일의;난대수목원으로;3;801종의;수목유전자원을;보유하고;있다.;난대성,완도수목원,관광지,전라남도 완도군 군외면 초평1길 156,,2050,화장실+주차장+관광안내소,,,,,,1998-09-01,1000,100,"국내 유일의 난대수목원으로 3,801종의 수목유전자원을 보유하고 있다. 난대성 목,초본 등 희귀식물 770여종이 자생하고 있는데 아열대,온대 교차지의 다양한 식물이 분포하여 학술적 가치가 높은 수목원이다.",061-552-1544,전라남도 산림연구원,2024-08-16,4990000,전라남도 완도군
전국관광지정보표준데이터,https://www.data.go.kr/data/15021141/standard.do,2024-08-16,place,청해포구촬영장,관광지,전라남도 완도군,전라남도 완도군 완도읍 청해진서로 1161-8,34.32293555,126.6705189,장보고대사를 소재로 한 최인호의 역사소설 (해신)을 원작으로 한 KBS 특별 드라마 (해신)의 촬영부대이다.,지역 역사·관광 탐방 동화 배경,장소의 특징을 찾아보고 가족 여행 기록 남기기,5-7;8-10,관광;관광지;청해포구촬영장;장보고대사를;소재로;한;최인호의;역사소설;(해신)을;원작으로;KBS;특별,청해포구촬영장,관광지,전라남도 완도군 완도읍 청해진서로 1161-8,,16400,화장실+주차장+관광안내소,,,,,,2004-01-01,1000,100,장보고대사를 소재로 한 최인호의 역사소설 (해신)을 원작으로 한 KBS 특별 드라마 (해신)의 촬영부대이다.,061-555-4500,전라남도 완도청해포구촬영장,2024-08-16,4990000,전라남도 완도군
전국관광지정보표준데이터,https://www.data.go.kr/data/15021141/standard.do,2024-08-16,place,어촌민속전시관,관광지,전라남도 완도군,전라남도 완도군 완도읍 화흥포길 149,34.307331,126.688559,"어촌의 생활사, 어획방법, 수산양식의 실태, 선박의 발달사 등 사진자료와 함께 전시하고있다.",지역 역사·관광 탐방 동화 배경,장소의 특징을 찾아보고 가족 여행 기록 남기기,5-7;8-10,관광;관광지;어촌민속전시관;어촌의;생활사;어획방법;수산양식의;실태;선박의;발달사;등;사진자료와,어촌민속전시관,관광지,전라남도 완도군 완도읍 화흥포길 149,,11084,화장실+주차장+관광안내소,,,,,,1997-12-01,1000,100,"어촌의 생활사, 어획방법, 수산양식의 실태, 선박의 발달사 등 사진자료와 함께 전시하고있다.",061-550-6910,전라남도 완도군청 시설관리사업소,2024-08-16,4990000,전라남도 완도군
전국관광지정보표준데이터,https://www.data.go.kr/data/15021141/standard.do,2024-08-16,place,슬로시티청산도,관광지,전라남도 완도군,전라남도 완도군 청산면 청산로 132,34.1717924248,126.8621742186,"2007년 아시아 최초 슬로시티로 지정되었으며 영화 (서편제)와 드라마 (봄의왈츠)가 촬영된 곳으로 푸른바다, 푸른산, 구들장논, 돌담길 등 느림의 풍경이 가득한 곳이다.",지역 역사·관광 탐방 동화 배경,장소의 특징을 찾아보고 가족 여행 기록 남기기,5-7;8-10,관광;관광지;슬로시티청산도;2007년;아시아;최초;슬로시티로;지정되었으며;영화;(서편제)와;드라마;(봄의왈츠)가,슬로시티청산도,관광지,전라남도 완도군 청산면 청산로 132,,3328000,화장실+주차장+관광안내소,,,,,,2007-01-01,1000,100,"2007년 아시아 최초 슬로시티로 지정되었으며 영화 (서편제)와 드라마 (봄의왈츠)가 촬영된 곳으로 푸른바다, 푸른산, 구들장논, 돌담길 등 느림의 풍경이 가득한 곳이다.",061-550-6490,전라남도 청산면사무소,2024-08-16,4990000,전라남도 완도군
전국관광지정보표준데이터,https://www.data.go.kr/data/15021141/standard.do,2024-08-16,place,보길윤선도원림,관광지,전라남도 완도군,전라남도 완도군 보길면 부황길 57,34.16247899,126.5559442,"고산 윤선도가 직접 조성한 곳으로 특히, 세연정은 조선시대 대표적인 별서정원으로 우리나라 3대 정원중 하나다. 조선시대 가사문학의 백미 (어부사시사)가 이곳에서 창작되었다.",지역 역사·관광 탐방 동화 배경,장소의 특징을 찾아보고 가족 여행 기록 남기기,5-7;8-10,관광;관광지;보길윤선도원림;고산;윤선도가;직접;조성한;곳으로;특히;세연정은;조선시대;대표적인,보길윤선도원림,관광지,전라남도 완도군 보길면 부황길 57,,480728,화장실+주차장+관광안내소,,,,,,2008-01-08,1000,100,"고산 윤선도가 직접 조성한 곳으로 특히, 세연정은 조선시대 대표적인 별서정원으로 우리나라 3대 정원중 하나다. 조선시대 가사문학의 백미 (어부사시사)가 이곳에서 창작되었다.",061-550-6637,전라남도 완도군청 문화예술과,2024-08-16,4990000,전라남도 완도군
전국관광지정보표준데이터,https://www.data.go.kr/data/15021141/standard.do,2023-12-27,place,모악산도립공원,관광지,전라북도 완주군,전라북도 완주군 구이면 모악산길 91,35.72946608,127.1098589,금산사를 안고있는 특히 봄의 풍경이 아름답기로 유명한 산,지역 역사·관광 탐방 동화 배경,장소의 특징을 찾아보고 가족 여행 기록 남기기,5-7;8-10,관광;관광지;모악산도립공원;금산사를;안고있는;특히;봄의;풍경이;아름답기로;유명한;산,모악산도립공원,관광지,전라북도 완주군 구이면 모악산길 91,,44.22,관리사무소+공영주차장,관광호텔,,관리사무소+공영주차장,관리사무소+공영주차장,,2021-06-16,10000,300,금산사를 안고있는 특히 봄의 풍경이 아름답기로 유명한 산,063-290-2753,전라북도 완주군청,2023-12-27,4721000,전북특별자치도 완주군
전국관광지정보표준데이터,https://www.data.go.kr/data/15021141/standard.do,2023-12-27,place,고산자연휴양림,관광지,전라북도 완주군,전라북도 완주군 고산면 고산휴양림로 246,35.96224205,127.2328719,숲에서 산림욕을 즐길 수 있는 사계절 가족휴양지,지역 역사·관광 탐방 동화 배경,장소의 특징을 찾아보고 가족 여행 기록 남기기,5-7;8-10,관광;관광지;고산자연휴양림;숲에서;산림욕을;즐길;수;있는;사계절;가족휴양지,고산자연휴양림,관광지,전라북도 완주군 고산면 고산휴양림로 246,,692,물놀이장+물썰매장+임간수련장+숲속의집+야영장+삼림욕장+등산로,산림휴양시설+자동차야영장,,물놀이장+물썰매장+임간수련장+숲속의집+야영장+삼림욕장+등산로,물놀이장+물썰매장+임간수련장+숲속의집+야영장+삼림욕장+등산로,,2021-06-16,5000,200,숲에서 산림욕을 즐길 수 있는 사계절 가족휴양지,063-290-2766,전라북도 완주군청,2023-12-27,4721000,전북특별자치도 완주군
전국관광지정보표준데이터,https://www.data.go.kr/data/15021141/standard.do,2023-12-27,place,상관 공기마을 편백숲,관광지,전라북도 완주군,전라북도 완주군 상관면 죽림편백길 191-24,35.737491,127.2023884,10만그루의 빽빽한 편백나무가 우거진 숲,지역 역사·관광 탐방 동화 배경,장소의 특징을 찾아보고 가족 여행 기록 남기기,5-7;8-10,관광;관광지;상관;공기마을;편백숲;10만그루의;빽빽한;편백나무가;우거진;숲,상관 공기마을 편백숲,관광지,전라북도 완주군 상관면 죽림편백길 191-24,,86,공영주차장+공중화장실+관광안내소,콘도+리조트,,공영주차장+공중화장실+관광안내소,공영주차장+공중화장실+관광안내소,,2021-06-16,1000,100,10만그루의 빽빽한 편백나무가 우거진 숲,063-290-2624,전라북도 완주군청,2023-12-27,4721000,전북특별자치도 완주군
전국관광지정보표준데이터,https://www.data.go.kr/data/15021141/standard.do,2023-12-27,place,대아수목원&대아호,관광지,전라북도 완주군,전라북도 완주군 동상면 대아수목로 94-34,35.97623865,127.3003851,대아저수지의 맑은 물과 수려한 자연경광 속에 자리하고 있는 곳,지역 역사·관광 탐방 동화 배경,장소의 특징을 찾아보고 가족 여행 기록 남기기,5-7;8-10,관광;관광지;대아수목원&대아호;대아저수지의;맑은;물과;수려한;자연경광;속에;자리하고;있는;곳,대아수목원&대아호,관광지,전라북도 완주군 동상면 대아수목로 94-34,,150,수목원+천연림+건축시설+교육시설,관광숙박,,수목원+천연림+건축시설+교육시설,수목원+천연림+건축시설+교육시설,,2021-06-16,1000,145,대아저수지의 맑은 물과 수려한 자연경광 속에 자리하고 있는 곳,063-280-4590,전라북도,2023-12-27,4721000,전북특별자치도 완주군
전국관광지정보표준데이터,https://www.data.go.kr/data/15021141/standard.do,2023-12-27,place,비비정,관광지,전라북도 완주군,전라북도 완주군 삼례읍 비비정길 96-9,35.90154901,127.071693,만경강의 아름다운 풍경을 한눈에 조망할 수 있는 곳,지역 역사·관광 탐방 동화 배경,장소의 특징을 찾아보고 가족 여행 기록 남기기,5-7;8-10,관광;관광지;비비정;만경강의;아름다운;풍경을;한눈에;조망할;수;있는;곳,비비정,관광지,전라북도 완주군 삼례읍 비비정길 96-9,,98,주차장,,,주차장,주차장,,2021-06-16,20,20,만경강의 아름다운 풍경을 한눈에 조망할 수 있는 곳,063-211-7788,비비정,2023-12-27,4721000,전북특별자치도 완주군
전국관광지정보표준데이터,https://www.data.go.kr/data/15021141/standard.do,2025-08-01,place,백제문화관광단지,관광단지,충청남도 부여군,충청남도 부여군 규암면 백제문로 400,36.30386704,126.9007732,"고유의 교육적 가치 제고 및 관광, 지역경제 활성화를 위한 슈요자 중심의 체류형 종합 관광단지",지역 역사·관광 탐방 동화 배경,장소의 특징을 찾아보고 가족 여행 기록 남기기,5-7;8-10,관광;관광단지;백제문화관광단지;고유의;교육적;가치;제고;및;지역경제;활성화를;위한;슈요자,백제문화관광단지,관광단지,충청남도 부여군 규암면 백제문로 400,충청남도 부여군 규암면 합정리 578,3026277,주차장+화장실,휴양콘도미니엄,골프장,백제역사문화관+백제문화단지+롯데아울렛,,,2015-01-12,100000,3000,"고유의 교육적 가치 제고 및 관광, 지역경제 활성화를 위한 슈요자 중심의 체류형 종합 관광단지",041-830-2203,충청남도 부여군청,2025-08-01,4570000,충청남도 부여군
전국관광지정보표준데이터,https://www.data.go.kr/data/15021141/standard.do,2025-08-13,place,대광해수욕장,관광지,전라남도 신안군,전라남도 신안군 임자면 대광해수욕장길 179,35.10291276,126.0725117,넓은 백사장과 주변 섬들의 경관 등 천혜의 자연환경을 지님,지역 역사·관광 탐방 동화 배경,장소의 특징을 찾아보고 가족 여행 기록 남기기,5-7;8-10,관광;관광지;대광해수욕장;넓은;백사장과;주변;섬들의;경관;등;천혜의;자연환경을;지님,대광해수욕장,관광지,전라남도 신안군 임자면 대광해수욕장길 179,전라남도 신안군 임자면 광산리 407-24,1500,화장실(6동)+주차장(4개소)+취사장(5동)+관리사업소(1동),,,,,,1990-09-21,10000,1000,넓은 백사장과 주변 섬들의 경관 등 천혜의 자연환경을 지님,061-240-3554,임자면,2025-08-13,5010000,전라남도 신안군
전국관광지정보표준데이터,https://www.data.go.kr/data/15021141/standard.do,2025-08-13,place,심우장,관광지,서울특별시 성북구,서울특별시 성북구 성북로29길 24,37.5936268,126.9916662,만해 한용운의 일제강점기 머물던 집,지역 역사·관광 탐방 동화 배경,장소의 특징을 찾아보고 가족 여행 기록 남기기,5-7;8-10,관광;관광지;심우장;만해;한용운의;일제강점기;머물던;집,심우장,관광지,서울특별시 성북구 성북로29길 24,서울특별시 성북구 성북동 222-1,386,화장실,,,,,,1984-07-05,100,0,만해 한용운의 일제강점기 머물던 집,02-741-4693,서울특별시 성북구청 문화체육과,2025-08-13,3070000,서울특별시 성북구
전국관광지정보표준데이터,https://www.data.go.kr/data/15021141/standard.do,2025-08-13,place,길상사,관광지,서울특별시 성북구,서울특별시 성북구 선잠로5길 68(성북동),37.59910942,126.9946522,최고급 요정에서 도심속 도량으로 환골탈퇴,지역 역사·관광 탐방 동화 배경,장소의 특징을 찾아보고 가족 여행 기록 남기기,5-7;8-10,관광;관광지;길상사;최고급;요정에서;도심속;도량으로;환골탈퇴,길상사,관광지,서울특별시 성북구 선잠로5길 68(성북동),서울특별시 성북구 성북동 324-1,16939,화장실,,,,,,1997-12-14,1000,50,최고급 요정에서 도심속 도량으로 환골탈퇴,02-3672-5945,길상사,2025-08-13,3070000,서울특별시 성북구
전국관광지정보표준데이터,https://www.data.go.kr/data/15021141/standard.do,2025-08-13,place,한국가구박물관,관광지,서울특별시 성북구,서울특별시 성북구 대사관로121,37.60037831,126.9934492,한국의 전통가구를 한눈에 볼수있는 곳,지역 역사·관광 탐방 동화 배경,장소의 특징을 찾아보고 가족 여행 기록 남기기,5-7;8-10,관광;관광지;한국가구박물관;한국의;전통가구를;한눈에;볼수있는;곳,한국가구박물관,관광지,서울특별시 성북구 대사관로121,서울특별시 성북구 성북동 330-577,5555,화장실+라운지,,,,,,2013-01-01,20,35,한국의 전통가구를 한눈에 볼수있는 곳,02-745-0181,한국가구박물관,2025-08-13,3070000,서울특별시 성북구
전국관광지정보표준데이터,https://www.data.go.kr/data/15021141/standard.do,2025-08-12,place,부석사관광지,관광지,경상북도 영주시,경상북도 영주시 부석면 부석사로 298,36.99435088,128.6797054,소백산 자연환경을 배경으로 한 천년고찰 부석사를 직접 참여하고 머무르는 다양한 체험 및 관광활동 제공,지역 역사·관광 탐방 동화 배경,장소의 특징을 찾아보고 가족 여행 기록 남기기,5-7;8-10,관광;관광지;부석사관광지;소백산;자연환경을;배경으로;한;천년고찰;부석사를;직접;참여하고;머무르는,부석사관광지,관광지,경상북도 영주시 부석면 부석사로 298,경상북도 영주시 부석면 북지리 301-4,242280,관광안내소+광장+화장실+보행자도로 등,,,피크닉마당+부석사 이야기길+의상대사 스토리원 등,상가 등,,2012-06-11,779,540,소백산 자연환경을 배경으로 한 천년고찰 부석사를 직접 참여하고 머무르는 다양한 체험 및 관광활동 제공,054-639-6617,경상북도 영주시청,2025-08-12,5090000,경상북도 영주시
전국관광지정보표준데이터,https://www.data.go.kr/data/15021141/standard.do,2024-08-16,place,설산,관광지,전라남도 곡성군,전라남도 곡성군 옥과면 설옥리 산 256-1,35.29950593,127.1025224,해발 522.6m의 설산은 산 정상의 햐얀 규암이 멀리서 바라보면 눈처럼 하얗게 보여 설산(雪山)이라 불리어 지고 괘일봉에 걸린 눈부신 황혼은 곡성 8경에 속한다. 설옥리 목동마을을 지나 임도를 따라 10여분 정도 올라가면 설산 수도암이 품안에 아담하게 들어 앉아 있다. 설산 수도암은 신라시대 설두화상이 수도한 곳으로 전해지며 그 당시 건물은 없었고 1928년 임공덕보살이 창건한 건물이 지금까지 전해오고 있는 작은 암자이다. 수도암 앞 마당에는 지방문화재 자료 제84호로 지정된 잣나무가 있는데 잣나무는 수령이 200년 정도 된다고 한다. 설산을 오르면 수도암 뒷편 산길을 따라 20분 오르다 보면 커다란 두개의 바위가 수문장처럼 좌우로 나란히 서 있고 그 사이를 약간 내려가면 헬기장과 야묏동이 나타난다. 등산코스로 잘 알려진 설산은 헬기장에서 조금 올라 설산 정상에 이르면 책을 층층히 쌓아 놓은 것 같은 맞은편의 괘일산 기암괴석이 웅장하게 한눈에 들어오고 옥과방면의 올망졸망한 산들이 마치 군대에서 일열로 도열해 있는 듯하며 담야쪽을 바라다보면 날씨가 좋을 때는 멀리 광주 무등산까지 보이며 전북 순창군 풍산면 전체가 내려다 보이는 설산은 사시사철 소풍객과 등산객의 발길이 끊이지 않고 있다.,지역 역사·관광 탐방 동화 배경,장소의 특징을 찾아보고 가족 여행 기록 남기기,5-7;8-10,관광;관광지;설산;해발;522.6m의;설산은;산;정상의;햐얀;규암이;멀리서;바라보면,설산,관광지,,전라남도 곡성군 옥과면 설옥리 산 256-1,6,주차장,,,,,,2021-09-01,2000,34,해발 522.6m의 설산은 산 정상의 햐얀 규암이 멀리서 바라보면 눈처럼 하얗게 보여 설산(雪山)이라 불리어 지고 괘일봉에 걸린 눈부신 황혼은 곡성 8경에 속한다. 설옥리 목동마을을 지나 임도를 따라 10여분 정도 올라가면 설산 수도암이 품안에 아담하게 들어 앉아 있다. 설산 수도암은 신라시대 설두화상이 수도한 곳으로 전해지며 그 당시 건물은 없었고 1928년 임공덕보살이 창건한 건물이 지금까지 전해오고 있는 작은 암자이다. 수도암 앞 마당에는 지방문화재 자료 제84호로 지정된 잣나무가 있는데 잣나무는 수령이 200년 정도 된다고 한다. 설산을 오르면 수도암 뒷편 산길을 따라 20분 오르다 보면 커다란 두개의 바위가 수문장처럼 좌우로 나란히 서 있고 그 사이를 약간 내려가면 헬기장과 야묏동이 나타난다. 등산코스로 잘 알려진 설산은 헬기장에서 조금 올라 설산 정상에 이르면 책을 층층히 쌓아 놓은 것 같은 맞은편의 괘일산 기암괴석이 웅장하게 한눈에 들어오고 옥과방면의 올망졸망한 산들이 마치 군대에서 일열로 도열해 있는 듯하며 담야쪽을 바라다보면 날씨가 좋을 때는 멀리 광주 무등산까지 보이며 전북 순창군 풍산면 전체가 내려다 보이는 설산은 사시사철 소풍객과 등산객의 발길이 끊이지 않고 있다.,061-360-8780,전라남도 곡성군청 산림과,2024-08-16,4860000,전라남도 곡성군
전국관광지정보표준데이터,https://www.data.go.kr/data/15021141/standard.do,2024-08-16,place,통명산,관광지,전라남도 곡성군,전라남도 곡성군 삼기면 금계리 산 137-1,35.20404024,127.2592454,"곡성 제1고봉···섬진강과 보성강 가르는 맹주 통명산. 지금은 곡성의 제1명산을 동악산으로 꼽는 데에 이견이 없지만 동악산은 곡성 제1고봉이 아니다. 곡성의 제1고봉은 통명산이다. 물론 높다고 명산이 되는 것은 아니다. 동악산은 곡성의 배후산이자 도림사계곡은 삼남 제일의 암반계류 라 일컬어질 정도로 유명하고 특히 이곳 봄 벚꽃은 상춘객들에게 큰 기쁨을 주고 있다. 통명산은 지리상으로도 중요한 위치를 점하고 있다. 통명산을 주산으로 하는 통명산~주부산~곤명산 산괴가 바로 섬진강과 보성강을 가르고 있기 때문이다. 통명산 정상에 서면 곡성의 산악이 크게 동악산 산괴, 통명산 산괴, 봉두산 산괴, 그리고 동쪽으로 섬진강 건너 지리산에서 뻗어내린 천마산 산줄기와 서쪽으로 화순군 경계에 모후산 북쪽 줄기인 차일봉~한동산 산줄기로 나뉘는 것을 가늠할 수 있다. 곡성의 지세를 보려면 당연히 통명산에 올라봐야 하는 것이다. 곡성이 배출한 명장 중 신숭겸(申崇兼)과 마천목(馬天牧)은 각각 고려 초와 조선 초에 주군이 나라의 기초를 다지는 데 크게 기여한 장군들로 모두 통명산자락에서 태어났다. 당연히 두 장군에 대한 전설적인 이야기들이 산자락에 널리 있기도 하다. 특히 신숭겸장군의 사당인 덕양서원(오곡면 덕산리)과 마천목 장군의 묘와 사당(석곡면)이 바로 통명산 자락에 있다. 마 장군은 조선 초 제2차 왕자의 난 때 방간이 박포와 같이 난을 일으키자 박포를 잡아베어 난을 평정했다. 위태로운 사직을 구한 공로로 그는 상장군이 되어 나주목사, 전라병사, 병조판서를 거쳐 판돈영부중추원사까지 지냈다.(신숭겸 장군 이야기는 봉두산과 참조). 통명산에는 명당이 많다는 소문이 자자하다. 또한 지명이 풍수적 해석으로 붙은 곳도 여럿 있다. 통명산 남쪽, 죽곡면 봉정리의 이름도 그런 예 중의 하나다. 주부산에서 성주봉을 거쳐 짧은 지능선이 장군봉과 천덕산 사이를 비집고 내려선 그 아래에 있는 이 마을은 포란비봉(抱卵飛峰) 형국으로 장자등을 봉황의 몸통으로, 천덕산과 통명산을 봉황의 날개로, 주부",지역 역사·관광 탐방 동화 배경,장소의 특징을 찾아보고 가족 여행 기록 남기기,5-7;8-10,관광;관광지;통명산;곡성;제1고봉···섬진강과;보성강;가르는;맹주;통명산.;지금은;곡성의;제1명산을,통명산,관광지,,전라남도 곡성군 삼기면 금계리 산 137-1,33,주차장,,,,,,2021-09-01,1500,10,"곡성 제1고봉···섬진강과 보성강 가르는 맹주 통명산. 지금은 곡성의 제1명산을 동악산으로 꼽는 데에 이견이 없지만 동악산은 곡성 제1고봉이 아니다. 곡성의 제1고봉은 통명산이다. 물론 높다고 명산이 되는 것은 아니다. 동악산은 곡성의 배후산이자 도림사계곡은 삼남 제일의 암반계류 라 일컬어질 정도로 유명하고 특히 이곳 봄 벚꽃은 상춘객들에게 큰 기쁨을 주고 있다. 통명산은 지리상으로도 중요한 위치를 점하고 있다. 통명산을 주산으로 하는 통명산~주부산~곤명산 산괴가 바로 섬진강과 보성강을 가르고 있기 때문이다. 통명산 정상에 서면 곡성의 산악이 크게 동악산 산괴, 통명산 산괴, 봉두산 산괴, 그리고 동쪽으로 섬진강 건너 지리산에서 뻗어내린 천마산 산줄기와 서쪽으로 화순군 경계에 모후산 북쪽 줄기인 차일봉~한동산 산줄기로 나뉘는 것을 가늠할 수 있다. 곡성의 지세를 보려면 당연히 통명산에 올라봐야 하는 것이다. 곡성이 배출한 명장 중 신숭겸(申崇兼)과 마천목(馬天牧)은 각각 고려 초와 조선 초에 주군이 나라의 기초를 다지는 데 크게 기여한 장군들로 모두 통명산자락에서 태어났다. 당연히 두 장군에 대한 전설적인 이야기들이 산자락에 널리 있기도 하다. 특히 신숭겸장군의 사당인 덕양서원(오곡면 덕산리)과 마천목 장군의 묘와 사당(석곡면)이 바로 통명산 자락에 있다. 마 장군은 조선 초 제2차 왕자의 난 때 방간이 박포와 같이 난을 일으키자 박포를 잡아베어 난을 평정했다. 위태로운 사직을 구한 공로로 그는 상장군이 되어 나주목사, 전라병사, 병조판서를 거쳐 판돈영부중추원사까지 지냈다.(신숭겸 장군 이야기는 봉두산과 참조). 통명산에는 명당이 많다는 소문이 자자하다. 또한 지명이 풍수적 해석으로 붙은 곳도 여럿 있다. 통명산 남쪽, 죽곡면 봉정리의 이름도 그런 예 중의 하나다. 주부산에서 성주봉을 거쳐 짧은 지능선이 장군봉과 천덕산 사이를 비집고 내려선 그 아래에 있는 이 마을은 포란비봉(抱卵飛峰) 형국으로 장자등을 봉황의 몸통으로, 천덕산과 통명산을 봉황의 날개로, 주부",061-360-8780,전라남도 곡성군청 산림과,2024-08-16,4860000,전라남도 곡성군
전국관광지정보표준데이터,https://www.data.go.kr/data/15021141/standard.do,2024-08-16,place,조태일시문학기념관,관광지,전라남도 곡성군,전라남도 곡성군 죽곡면 태안로 622-38,35.13351552,127.3685909,"조태일 시인(1941~1999년)은 곡성 태안사에서 대처승의 아들로 태어났으며, 1964년 경향신문 신춘문예에 ‘아침선박’의 당선으로 문단에 등단하였다.이후 1969년 시전문지 ‘시인’을 창간하였고, ‘식칼론’을 비롯하여 여덟권의 시집을 간행하였다.시문학기념관과 시집전시관은 문단에 길이 남을 민족시인 조태일의 문학세계를 기리고, 예비 문학도들의 창작 공간 마련을 위하여 2003년도에 건립 되었으며, 태안사를 찾는 관광객은 물론 전국의 많은 문학인들이 이곳을 찾고 있다.「조태일 시문학 기념관」은 조태일 시인의 유품과 작품, 시인을 기리는 문학 작품 등 2,000여점이 전시되어 있으며, 「시집전시관」은 우리나라 최초의 근대시집인 최남선의 ‘백팔번뇌’, 최초의 번역시집 ‘오뇌의 무도’ 등 희귀본에서 최근 작품까지 3,000여점의 시집이 전시되어 있다.소박미가 넘치는 시문학관 건물은 시인 이윤하(건축사사무소 노둣돌 대표)의 설계로 지어져, 제1회 대한민국 목조건축 대전에서 본상을 수상했다.어쩌면, 조태일 시문학관 그 자체가 조태일을 표현하는 한편의 시다.",지역 역사·관광 탐방 동화 배경,장소의 특징을 찾아보고 가족 여행 기록 남기기,5-7;8-10,관광;관광지;조태일시문학기념관;조태일;시인(1941~1999년)은;곡성;태안사에서;대처승의;아들로;태어났으며;1964년;경향신문,조태일시문학기념관,관광지,전라남도 곡성군 죽곡면 태안로 622-38,전라남도 곡성군 죽곡면 원달리 799,5859,주차장,,,,,,2003-06-01,200,9,"조태일 시인(1941~1999년)은 곡성 태안사에서 대처승의 아들로 태어났으며, 1964년 경향신문 신춘문예에 ‘아침선박’의 당선으로 문단에 등단하였다.이후 1969년 시전문지 ‘시인’을 창간하였고, ‘식칼론’을 비롯하여 여덟권의 시집을 간행하였다.시문학기념관과 시집전시관은 문단에 길이 남을 민족시인 조태일의 문학세계를 기리고, 예비 문학도들의 창작 공간 마련을 위하여 2003년도에 건립 되었으며, 태안사를 찾는 관광객은 물론 전국의 많은 문학인들이 이곳을 찾고 있다.「조태일 시문학 기념관」은 조태일 시인의 유품과 작품, 시인을 기리는 문학 작품 등 2,000여점이 전시되어 있으며, 「시집전시관」은 우리나라 최초의 근대시집인 최남선의 ‘백팔번뇌’, 최초의 번역시집 ‘오뇌의 무도’ 등 희귀본에서 최근 작품까지 3,000여점의 시집이 전시되어 있다.소박미가 넘치는 시문학관 건물은 시인 이윤하(건축사사무소 노둣돌 대표)의 설계로 지어져, 제1회 대한민국 목조건축 대전에서 본상을 수상했다.어쩌면, 조태일 시문학관 그 자체가 조태일을 표현하는 한편의 시다.",061-362-5868,전라남도 곡성군청 문화체육과,2024-08-16,4860000,전라남도 곡성군
전국관광지정보표준데이터,https://www.data.go.kr/data/15021141/standard.do,2024-08-16,place,섬진강문화학교 독도사진전시관,관광지,전라남도 곡성군,전라남도 곡성군 죽곡면 태안로 793,35.14820762,127.3603367,"이 전시관은 우리나라의 중견사진 작가이자 한국비경 촬영단장인 김종권작가가 평생동안 촬영한 우리나라의 산과 들 바다, 홀로 섬 독도 등 수많은 사진들이 전시되어 있으며 특히 이곳을 방문 시 사진에 대한 배경과 촬영 기법 등 작가의 해설이 더하여 우리가 직접 가 보지 못한 곳에 대한 간접적인 체험과 문화적인 공감대를 느낄 수 있는 좋은 문화공간으로 활용되고 있다.김종권 작가는 사진가들이 도저히 접근하기 힘든 독도와 백두산을 비롯한, 우리나라 금수강산 이곳저곳에 감춰져 있는 아름다움의 진수를 찾아내어, 세상에 알려온비경 사진작가로 유명하다.잠시 곡성에 내려와 작품 활동을 하다가, 곡성의 인심과 고향의 이미지를 간직한 풍광에 이끌려 아예 눌러앉게 되면서 태안사 가는 길목 폐교에 캠핑을 비롯한 각종 체험활동을 할 수 있는 섬진강문화학교와 사진박물관을 개설하였다.섬진강문화학교에서는 캠핑장을 제공하고, 각종 어린이체험교실을 진행한다. 교실을 개조한 각각의 전시공간에는, 곡성의 아름다움을 담은 풍경사진, 남도의 각종풍경과 생태사진, 희귀한 독도사진, 백두산 사진, 우리나라의 숨은 비경을 담은 사진 등 천여 점의 사진이 전시되어 있다. 이곳을 둘러보는 것으로 곡성으로부터 시작하여 독도와 백두산 그리고 설악산을 비롯한 우리나라 곳곳의 비경들을 한군데서 만나볼 수 있다.2km 거리에 태안사와 봉두산, 삼산, 섬진강, 보성강이 있어 산책 및 등산 코스로 최적이며 특히, 사진에 관심있는 분들에게 촬영기법 소개 및 사진 여행코스 안내를 받을 수 있다.",지역 역사·관광 탐방 동화 배경,장소의 특징을 찾아보고 가족 여행 기록 남기기,5-7;8-10,관광;관광지;섬진강문화학교;독도사진전시관;이;전시관은;우리나라의;중견사진;작가이자;한국비경;촬영단장인;김종권작가가,섬진강문화학교 독도사진전시관,관광지,전라남도 곡성군 죽곡면 태안로 793,전라남도 곡성군 죽곡면 동계리 269,9529,주차장,,,,,,2007-07-01,150,10,"이 전시관은 우리나라의 중견사진 작가이자 한국비경 촬영단장인 김종권작가가 평생동안 촬영한 우리나라의 산과 들 바다, 홀로 섬 독도 등 수많은 사진들이 전시되어 있으며 특히 이곳을 방문 시 사진에 대한 배경과 촬영 기법 등 작가의 해설이 더하여 우리가 직접 가 보지 못한 곳에 대한 간접적인 체험과 문화적인 공감대를 느낄 수 있는 좋은 문화공간으로 활용되고 있다.김종권 작가는 사진가들이 도저히 접근하기 힘든 독도와 백두산을 비롯한, 우리나라 금수강산 이곳저곳에 감춰져 있는 아름다움의 진수를 찾아내어, 세상에 알려온비경 사진작가로 유명하다.잠시 곡성에 내려와 작품 활동을 하다가, 곡성의 인심과 고향의 이미지를 간직한 풍광에 이끌려 아예 눌러앉게 되면서 태안사 가는 길목 폐교에 캠핑을 비롯한 각종 체험활동을 할 수 있는 섬진강문화학교와 사진박물관을 개설하였다.섬진강문화학교에서는 캠핑장을 제공하고, 각종 어린이체험교실을 진행한다. 교실을 개조한 각각의 전시공간에는, 곡성의 아름다움을 담은 풍경사진, 남도의 각종풍경과 생태사진, 희귀한 독도사진, 백두산 사진, 우리나라의 숨은 비경을 담은 사진 등 천여 점의 사진이 전시되어 있다. 이곳을 둘러보는 것으로 곡성으로부터 시작하여 독도와 백두산 그리고 설악산을 비롯한 우리나라 곳곳의 비경들을 한군데서 만나볼 수 있다.2km 거리에 태안사와 봉두산, 삼산, 섬진강, 보성강이 있어 산책 및 등산 코스로 최적이며 특히, 사진에 관심있는 분들에게 촬영기법 소개 및 사진 여행코스 안내를 받을 수 있다.",061-362-0313,전라남도 곡성군청 관광과,2024-08-16,4860000,전라남도 곡성군
전국관광지정보표준데이터,https://www.data.go.kr/data/15021141/standard.do,2024-08-16,place,시사교육박물관 김갑진 갤러리,관광지,전라남도 곡성군,전라남도 곡성군 목사동면 대곡당산길 1,35.11000012,127.262542,옛 기룡초등학교의 폐교를 활용하여 박물관으로 재탄생 시킨 공간으로 현대사의 기록물과 시사정보 관련 상품 및 캐릭터 등 수많은 자료가 소장되어 있다.,지역 역사·관광 탐방 동화 배경,장소의 특징을 찾아보고 가족 여행 기록 남기기,5-7;8-10,관광;관광지;시사교육박물관;김갑진;갤러리;옛;기룡초등학교의;폐교를;활용하여;박물관으로;재탄생;시킨,시사교육박물관 김갑진 갤러리,관광지,전라남도 곡성군 목사동면 대곡당산길 1,전라남도 곡성군 목사동면 대곡리 1041-2,6727,주차장+무선 인터넷+화장실,,,,,,2012-07-01,90,20,옛 기룡초등학교의 폐교를 활용하여 박물관으로 재탄생 시킨 공간으로 현대사의 기록물과 시사정보 관련 상품 및 캐릭터 등 수많은 자료가 소장되어 있다.,061-362-9004,전라남도 곡성군청 문화체육과,2024-08-16,4860000,전라남도 곡성군
전국관광지정보표준데이터,https://www.data.go.kr/data/15021141/standard.do,2023-08-31,place,화진포 생태박물관,관광지,강원특별자치도 고성군,강원특별자치도 고성군 거진읍 화진포길 256,38.47218738,128.4436214,"지상 3층 규모로 층별 3개 전시관에서 화진포호와 관련한 생태계를 관찰, 학습할 수 있는 곳",지역 역사·관광 탐방 동화 배경,장소의 특징을 찾아보고 가족 여행 기록 남기기,5-7;8-10,관광;관광지;화진포;생태박물관;지상;3층;규모로;층별;3개;전시관에서;화진포호와;관련한,화진포 생태박물관,관광지,강원특별자치도 고성군 거진읍 화진포길 256,강원특별자치도 고성군 거진읍 화포리 590-2,1562.72,화장실+주차장,,,,,,2011-11-24,200,20,"지상 3층 규모로 층별 3개 전시관에서 화진포호와 관련한 생태계를 관찰, 학습할 수 있는 곳",033-680-3361,강원특별자치도 고성군청,2023-08-31,4341000,강원특별자치도 고성군
전국관광지정보표준데이터,https://www.data.go.kr/data/15021141/standard.do,2023-08-31,place,송지호 관망타워,관광지,강원특별자치도 고성군,강원특별자치도 고성군 죽왕면 동해대로 6021,38.33623615,128.5175989,5층 규모의 독특한 관망타워 형태로 송지호에 떼지어 이리저리 날아드는 철새들의 군무가 한눈에 내려다보이는 곳,지역 역사·관광 탐방 동화 배경,장소의 특징을 찾아보고 가족 여행 기록 남기기,5-7;8-10,관광;관광지;송지호;관망타워;5층;규모의;독특한;형태로;송지호에;떼지어;이리저리;날아드는,송지호 관망타워,관광지,강원특별자치도 고성군 죽왕면 동해대로 6021,강원특별자치도 고성군 죽왕면 오봉리 9-34,278.47,화장실+주차장,,,,,,2007-07-02,120,50,5층 규모의 독특한 관망타워 형태로 송지호에 떼지어 이리저리 날아드는 철새들의 군무가 한눈에 내려다보이는 곳,033-680-3361,강원특별자치도 고성군청,2023-08-31,4341000,강원특별자치도 고성군
전국관광지정보표준데이터,https://www.data.go.kr/data/15021141/standard.do,2023-08-30,place,어답산관광지,관광지,강원특별자치도 횡성군,강원특별자치도 횡성군 갑천면 어답산로 516,37.59380861,128.0575207,왕의 발길만을 허락한 오지의 선경으로 임금이 친히 밟아본 산이라는 뜻의 어답산(御踏山)은 신라 박혁거세가 태기산의 태기왕을 뒤쫓다가 이 산에 들렀다 해서 붙여진 이름. 때묻지 않은 오지의 절경 속에 자연의 옛 모습 그대로를 고스란히 담아내는 어답산은 갑천면 삼거리저수지 동북쪽으로 병풍을 두른 듯 솟아 있다.,지역 역사·관광 탐방 동화 배경,장소의 특징을 찾아보고 가족 여행 기록 남기기,5-7;8-10,관광;관광지;어답산관광지;왕의;발길만을;허락한;오지의;선경으로;임금이;친히;밟아본;산이라는,어답산관광지,관광지,강원특별자치도 횡성군 갑천면 어답산로 516,강원특별자치도 횡성군 갑천면 병지방리 539-1,256567,캠핑장+계곡,민박+펜션,족구장,,,,1999-09-27,10000,400,왕의 발길만을 허락한 오지의 선경으로 임금이 친히 밟아본 산이라는 뜻의 어답산(御踏山)은 신라 박혁거세가 태기산의 태기왕을 뒤쫓다가 이 산에 들렀다 해서 붙여진 이름. 때묻지 않은 오지의 절경 속에 자연의 옛 모습 그대로를 고스란히 담아내는 어답산은 갑천면 삼거리저수지 동북쪽으로 병풍을 두른 듯 솟아 있다.,033-340-5985,강원특별자치도 횡성군,2023-08-30,4261000,강원특별자치도 횡성군
전국관광지정보표준데이터,https://www.data.go.kr/data/15021141/standard.do,2023-08-30,place,유현문화관광지,관광지,강원특별자치도 횡성군,강원특별자치도 횡성군 서원면 경강로유현1길 30,37.52903211,127.8186829,풍수원성당은 한국인 신부가 지은 최초의 성당이자 한국에서 네 번째로 지어진 유서깊은 성당으로서 1982년 지방문화재 제69호로 지정됐다. 횡성의 유명한 관광지 중 하나로 풍수원 성당과 연계해 관광지를 개발하여 방문하는 이들에게 많은 볼거리(유물전시관+산책로+성체현양대회 등)를 제공하고 있다,지역 역사·관광 탐방 동화 배경,장소의 특징을 찾아보고 가족 여행 기록 남기기,5-7;8-10,관광;관광지;유현문화관광지;풍수원성당은;한국인;신부가;지은;최초의;성당이자;한국에서;네;번째로,유현문화관광지,관광지,강원특별자치도 횡성군 서원면 경강로유현1길 30,강원특별자치도 횡성군 서원면 유현리 1097,147959,성당+유물전시관,,,,,,2003-04-12,5000,60,풍수원성당은 한국인 신부가 지은 최초의 성당이자 한국에서 네 번째로 지어진 유서깊은 성당으로서 1982년 지방문화재 제69호로 지정됐다. 횡성의 유명한 관광지 중 하나로 풍수원 성당과 연계해 관광지를 개발하여 방문하는 이들에게 많은 볼거리(유물전시관+산책로+성체현양대회 등)를 제공하고 있다,033-340-5987,강원특별자치도 횡성군,2023-08-30,4261000,강원특별자치도 횡성군
전국관광지정보표준데이터,https://www.data.go.kr/data/15021141/standard.do,2024-09-10,place,철암탄광역사촌,관광지,강원특별자치도 태백시,강원특별자치도 태백시 동태백로 406,37.11436554,129.0372165,"1960년대의 한국을 보여줌으로써, 아련한 향수를 불러일으키는 곳. 바로 철암 탄광역사 촌이다. 현재의 문명은 전혀 느낄 길이 없이, 오롯이 60년대의 정서를 그대로 살린 역사 마을이라 할 수 있으며, 기념비에서도 옛사람들의 정신을 살펴볼 수 있다. 내용인즉슨, 「남겨야 하나, 부수어야 하나 논쟁하는 사이 한국 근현대사의 유구들이 무수히 사라져갔다.「인데, 이미 많이 사라져버린 것들에 대하여 다시금 생각할 수 있도록 하곤 한다. 탄광 지역 생활사의 흔적을 고스란히 느낄 수 있는 곳으로 체험여행으로 좋다.",지역 역사·관광 탐방 동화 배경,장소의 특징을 찾아보고 가족 여행 기록 남기기,5-7;8-10,관광;관광지;철암탄광역사촌;1960년대의;한국을;보여줌으로써;아련한;향수를;불러일으키는;곳.;바로;철암,철암탄광역사촌,관광지,강원특별자치도 태백시 동태백로 406,강원특별자치도 태백시 철암동 403-59,16000,주차장+도로+공중화장실+집,,,,,,2018-10-08,500,50,"1960년대의 한국을 보여줌으로써, 아련한 향수를 불러일으키는 곳. 바로 철암 탄광역사 촌이다. 현재의 문명은 전혀 느낄 길이 없이, 오롯이 60년대의 정서를 그대로 살린 역사 마을이라 할 수 있으며, 기념비에서도 옛사람들의 정신을 살펴볼 수 있다. 내용인즉슨, 「남겨야 하나, 부수어야 하나 논쟁하는 사이 한국 근현대사의 유구들이 무수히 사라져갔다.「인데, 이미 많이 사라져버린 것들에 대하여 다시금 생각할 수 있도록 하곤 한다. 탄광 지역 생활사의 흔적을 고스란히 느낄 수 있는 곳으로 체험여행으로 좋다.",033-582-8070,강원특별자치도 태백시청,2024-09-10,4221000,강원특별자치도 태백시
전국관광지정보표준데이터,https://www.data.go.kr/data/15021141/standard.do,2024-09-10,place,석탄박물관,관광지,강원특별자치도 태백시,강원특별자치도 태백시 천제단길 195,37.1185773888,128.9505662,"석탄은 우리나라의 유일한 부존 에너지 자원으로서 생활연료 공급과 기간산업의 중추적인 역할로 국가 경제발전에 크게 기여해 왔으나 물질문명의 발달과 청정에너지 사용 증대로 그 수요가 급격히 줄어들고 있어 그간의 석탄산업 변천사와 석탄의 역사적 사실들을 한곳에 모아 귀중한 사료가 되도록 하고,후세들에게 열악한 작업환경 속에서도 산업역군으로서 석탄생산에 종사한 광산근로자들의 업적을 알리고 석탄산업 전반에 대하여 직접 체험할 수 있는 학습장으로 활용하여 석탄에 대한 기억을 되새기고자 함.",지역 역사·관광 탐방 동화 배경,장소의 특징을 찾아보고 가족 여행 기록 남기기,5-7;8-10,관광;관광지;석탄박물관;석탄은;우리나라의;유일한;부존;에너지;자원으로서;생활연료;공급과;기간산업의,석탄박물관,관광지,강원특별자치도 태백시 천제단길 195,강원특별자치도 태백시 소도동 166,23811,주차장+도로+공중화장실+다목적공원+석탄박물관,,,,,,1997-05-27,500,50,"석탄은 우리나라의 유일한 부존 에너지 자원으로서 생활연료 공급과 기간산업의 중추적인 역할로 국가 경제발전에 크게 기여해 왔으나 물질문명의 발달과 청정에너지 사용 증대로 그 수요가 급격히 줄어들고 있어 그간의 석탄산업 변천사와 석탄의 역사적 사실들을 한곳에 모아 귀중한 사료가 되도록 하고,후세들에게 열악한 작업환경 속에서도 산업역군으로서 석탄생산에 종사한 광산근로자들의 업적을 알리고 석탄산업 전반에 대하여 직접 체험할 수 있는 학습장으로 활용하여 석탄에 대한 기억을 되새기고자 함.",033-552-7720,강원특별자치도 태백시청,2024-09-10,4221000,강원특별자치도 태백시
전국관광지정보표준데이터,https://www.data.go.kr/data/15021141/standard.do,2024-09-10,place,태백고생대자연사박물관,관광지,강원특별자치도 태백시,강원특별자치도 태백시 태백로 2249,37.0948994,129.0396319,고생대 자연환경과 그 곳에 살았던 생물역사를 추적할 수 있는 다양한 화석 및 퇴적구조를 구문소지역 일대에서 체험학습을 겸한 교육효과 향상과 학자들의 자연사 연구에 기여하고자 고생대자연사박물관을 건립하게 되었다.,지역 역사·관광 탐방 동화 배경,장소의 특징을 찾아보고 가족 여행 기록 남기기,5-7;8-10,관광;관광지;태백고생대자연사박물관;고생대;자연환경과;그;곳에;살았던;생물역사를;추적할;수;있는,태백고생대자연사박물관,관광지,강원특별자치도 태백시 태백로 2249,강원특별자치도 태백시 동점동 295,2530,주차장+도로+공중화장실+다목적공원+자연사박물관,,,,,,2000-10-01,500,50,고생대 자연환경과 그 곳에 살았던 생물역사를 추적할 수 있는 다양한 화석 및 퇴적구조를 구문소지역 일대에서 체험학습을 겸한 교육효과 향상과 학자들의 자연사 연구에 기여하고자 고생대자연사박물관을 건립하게 되었다.,033-581-8181,강원특별자치도 태백시청,2024-09-10,4221000,강원특별자치도 태백시
전국관광지정보표준데이터,https://www.data.go.kr/data/15021141/standard.do,2024-08-16,place,완도타워,관광지,전라남도 완도군,전라남도 완도군 완도읍 장보고대로 330,34.31443839,126.763267,완도타워는 첨탑까지 76m이며 지상2층과 전망층으로 구성되어 있다. 다도해의 아름다운 풍경을 조망할 수 잇으며 완도타워 외부에는 경관조명이 설치되어 있어 야간에는 환상적인 야경과 레이저쇼를 감상할 수 있다.,지역 역사·관광 탐방 동화 배경,장소의 특징을 찾아보고 가족 여행 기록 남기기,5-7;8-10,관광;관광지;완도타워;완도타워는;첨탑까지;76m이며;지상2층과;전망층으로;구성되어;있다.;다도해의;아름다운,완도타워,관광지,전라남도 완도군 완도읍 장보고대로 330,,52810,화장실+주차장+관광안내소,,,,,,2008-09-11,1000,100,완도타워는 첨탑까지 76m이며 지상2층과 전망층으로 구성되어 있다. 다도해의 아름다운 풍경을 조망할 수 잇으며 완도타워 외부에는 경관조명이 설치되어 있어 야간에는 환상적인 야경과 레이저쇼를 감상할 수 있다.,061-550-7642,전라남도 완도해양치유관리공단,2024-08-16,4990000,전라남도 완도군
전국관광지정보표준데이터,https://www.data.go.kr/data/15021141/standard.do,2023-08-31,place,화진포역사안보전시관,관광지,강원특별자치도 고성군,강원특별자치도 고성군 거진읍 화진포길 280,38.47250515,128.4430602,"화진포의 성, 이승만대통령 화진포 기념관, 이기붕부통령별장으로 이루어진 곳",지역 역사·관광 탐방 동화 배경,장소의 특징을 찾아보고 가족 여행 기록 남기기,5-7;8-10,관광;관광지;화진포역사안보전시관;화진포의;성;이승만대통령;화진포;기념관;이기붕부통령별장으로;이루어진;곳,화진포역사안보전시관,관광지,강원특별자치도 고성군 거진읍 화진포길 280,강원특별자치도 고성군 거진읍 화포리 530-1,703.56,화장실+주차장,,,,,,1999-07-15,1000,60,"화진포의 성, 이승만대통령 화진포 기념관, 이기붕부통령별장으로 이루어진 곳",033-682-0500,국군복지단,2023-08-31,4341000,강원특별자치도 고성군
전국관광지정보표준데이터,https://www.data.go.kr/data/15021141/standard.do,2024-08-16,place,동악산,관광지,전라남도 곡성군,전라남도 곡성군 곡성읍 도림로 175,35.26726372,127.2575047,"삼남제일 암반계류 청류동 계곡 풍치 일품인 동악산 (위치 : 곡성읍~입면, 높이 : 736.8m)우선 動樂山을 동락산 이라 읽지 않고, 동악산 이라 읽는 까닭부터 밝혀야 이 산을 이해하는데 도움이 되겠다. 대개 樂 은 뒤에 딸려 나올 때 락으로 읽힌다. 도락산(道樂山)이니 진락산(眞樂山)이니 하는 것이 그런 경우인데, 이 경우는 즐거울 락의 경우다. 그러나 동악산의 경우에는 풍류 악으로 읽어야 한다. 천상의 노래, 즉 음악이 울린다(동한다)는 전설에서 비롯되기 때문이다. 유래는 이렇다. 이 산의 개산조인 원효대사가 성출봉(聖出峰 형제봉 동봉으로 동악산 최고봉) 아래에 길상암을 짓고 원효골(청류동 남쪽 골짜기)에서 도를 베풀고 있는데 하루는 꿈에 성출봉과 16아라한이 그를 굽어보는지라 깨어나 즉시 성출봉에 올라가 보았더니 1척 남짓한 아라한 석상들이 솟아났다는 것이다.원효가 열일곱 차례나 성출봉을 오르내리면서 아라한 석상들을 길상암에 모셔 놓으니 육시(六時) - 불교에서 하루를 여섯으로 나눈 염불독경의 시각으로 신조, 일중, 일몰, 초야, 중야, 후야- 만 되면 천상에서 음악이 들려 온 산에 퍼졌다 한다. 도림사 응진전에 봉안된 아라한상들이 당시의 것이라 전해지고 있으나 신빙성은 없다.마을 주민들은 곡성 마을에서 장원급제자가 탄생하게 되면 이 산에서 노래가 울려 펴졌다고도 한다. 남원 실상사 약사전의 약사여래상처럼 나라에 불길한 징후가 나타나면 땀을 흘리는 흉조를 나타내는 불상이 있는가 하면 동악산처럼 길조를 알리는 산도 있기 마련이다. 곡성의 진산인 동악산은 크게 두 산덩어리가 남북으로 놓여 있다. 각 산덩어리에는 비슷한 높이의 정상이 있는데 이 두 산덩어리를 가르는 것이 배넘이재이고, 남봉(형제봉·동봉과 서봉으로 형성돼 북봉에 동악산, 남봉에 형제봉 이라 표기해 놓고 있지만 최고봉은 형제봉이 된다. 산이름의 유래가 성출봉(형제봉 동봉)에서 유래됐다는 것과 주요 등산로가 형제봉을 중심으로 더 잘 나 있다는 점은 형제봉이 동악산의 주봉임을 뒷받침해 주고 있다.이",지역 역사·관광 탐방 동화 배경,장소의 특징을 찾아보고 가족 여행 기록 남기기,5-7;8-10,관광;관광지;동악산;삼남제일;암반계류;청류동;계곡;풍치;일품인;(위치;:;곡성읍~입면,동악산,관광지,전라남도 곡성군 곡성읍 도림로 175,전라남도 곡성군 곡성읍 월봉리 327,20,주차장+화장실,,,,,,2021-09-01,1000,76,"삼남제일 암반계류 청류동 계곡 풍치 일품인 동악산 (위치 : 곡성읍~입면, 높이 : 736.8m)우선 動樂山을 동락산 이라 읽지 않고, 동악산 이라 읽는 까닭부터 밝혀야 이 산을 이해하는데 도움이 되겠다. 대개 樂 은 뒤에 딸려 나올 때 락으로 읽힌다. 도락산(道樂山)이니 진락산(眞樂山)이니 하는 것이 그런 경우인데, 이 경우는 즐거울 락의 경우다. 그러나 동악산의 경우에는 풍류 악으로 읽어야 한다. 천상의 노래, 즉 음악이 울린다(동한다)는 전설에서 비롯되기 때문이다. 유래는 이렇다. 이 산의 개산조인 원효대사가 성출봉(聖出峰 형제봉 동봉으로 동악산 최고봉) 아래에 길상암을 짓고 원효골(청류동 남쪽 골짜기)에서 도를 베풀고 있는데 하루는 꿈에 성출봉과 16아라한이 그를 굽어보는지라 깨어나 즉시 성출봉에 올라가 보았더니 1척 남짓한 아라한 석상들이 솟아났다는 것이다.원효가 열일곱 차례나 성출봉을 오르내리면서 아라한 석상들을 길상암에 모셔 놓으니 육시(六時) - 불교에서 하루를 여섯으로 나눈 염불독경의 시각으로 신조, 일중, 일몰, 초야, 중야, 후야- 만 되면 천상에서 음악이 들려 온 산에 퍼졌다 한다. 도림사 응진전에 봉안된 아라한상들이 당시의 것이라 전해지고 있으나 신빙성은 없다.마을 주민들은 곡성 마을에서 장원급제자가 탄생하게 되면 이 산에서 노래가 울려 펴졌다고도 한다. 남원 실상사 약사전의 약사여래상처럼 나라에 불길한 징후가 나타나면 땀을 흘리는 흉조를 나타내는 불상이 있는가 하면 동악산처럼 길조를 알리는 산도 있기 마련이다. 곡성의 진산인 동악산은 크게 두 산덩어리가 남북으로 놓여 있다. 각 산덩어리에는 비슷한 높이의 정상이 있는데 이 두 산덩어리를 가르는 것이 배넘이재이고, 남봉(형제봉·동봉과 서봉으로 형성돼 북봉에 동악산, 남봉에 형제봉 이라 표기해 놓고 있지만 최고봉은 형제봉이 된다. 산이름의 유래가 성출봉(형제봉 동봉)에서 유래됐다는 것과 주요 등산로가 형제봉을 중심으로 더 잘 나 있다는 점은 형제봉이 동악산의 주봉임을 뒷받침해 주고 있다.이",061-360-8772,전라남도 곡성군청 산림과,2024-08-16,4860000,전라남도 곡성군
전국관광지정보표준데이터,https://www.data.go.kr/data/15021141/standard.do,2024-08-16,place,봉두산,관광지,전라남도 곡성군,전라남도 곡성군 죽곡면 태안로 622-215,35.13195828,127.3863807,"천년사찰 구산선문 태안사 품은 명산.지형도에는 봉두산이라 표기돼 있지만, 이 산 안에 깃든 태안사 일주문 현액에는 桐裏山(동리산) 泰安寺(태안사) 라 되어 있다. 산이름이 언제 바뀌었는지는 몰라도 두 이름에 연관이 전혀 없는 것은 아니다. 봉황이 서식하는 나무가 오동나무이고 태안사가 자리잡은 곳을 둘러싼 주변 산세가 오동나무 줄기 속처럼 아늑해서 동리산이라 불렀으며 둘러싼 주변 산세의 최고점을 봉황의 머리 즉 봉두산이라 불렀을 가능성이 없지 않다. 봉두산 주변에는 곡성 특유의 내륙산지를 이루고 있어 정상에 올라서면 순천쪽 황학리의 작은 들판을 제외하고 주변 조망이 온통 산뿐이다. 남서쪽으로 삼산과 희야산 능선 넘어로 모후산이 오똑하고 북서쪽으로는 통명산 넘어 무등산까지 시야가 트인다. 동쪽으로는 둥주리봉과 자라봉, 그리고 지리산이 장막을 치고 있다. 이러한 내륙산지 조망이 산행의 맛으로는 제일이지만 봉두산은 태안사 여행에 초점을 맞추어도 좋을 산이다. 곡성~구례 간 17번 국도 상 압록(보성강이 섬진강에 합류하는 곳)에서 18번 국도쪽(서쪽)으로 방향을 틀면 마치 히말라야의 한 거대한 협곡에 들어선 듯한 기분이 들고 약 4km정도 강변 도로를 따라 산모퉁이를 돌아들면 태안사로 드는 다리가 나온다. 이 다리를 건너 약 5km 가면 태안사 입구에 닿는데, 강변을 따라 난 도로에 차량통행도 뜸해 드라이브코스로도 일품이다. 장승 한 쌍과 거대한 느티나무가 서 있는 입구서부터 다시 협곡을 비집고 낸 비포장길을 따라 들어서면 자유교 넘어 주차장이 마련돼 있다. 여기에 차를 놓고 정심교, 반야교, 해탈교를 건너 능파각에 이르는 길은 호젓하기 그지없고, 봄이면 벚꽃이 터널을 이룬다. 능파각은 계곡에 걸쳐 지은 고색창연한 다리겸 정자다. 경찰충혼탑이 나오면 태안사는 바로 그 위 넓은 터에 자리잡고 있다.",지역 역사·관광 탐방 동화 배경,장소의 특징을 찾아보고 가족 여행 기록 남기기,5-7;8-10,관광;관광지;봉두산;천년사찰;구산선문;태안사;품은;명산.지형도에는;봉두산이라;표기돼;있지만;이,봉두산,관광지,전라남도 곡성군 죽곡면 태안로 622-215,전라남도 곡성군 죽곡면 원달리 산 18-1,17,주차장,,,,,,2021-09-01,1000,9,"천년사찰 구산선문 태안사 품은 명산.지형도에는 봉두산이라 표기돼 있지만, 이 산 안에 깃든 태안사 일주문 현액에는 桐裏山(동리산) 泰安寺(태안사) 라 되어 있다. 산이름이 언제 바뀌었는지는 몰라도 두 이름에 연관이 전혀 없는 것은 아니다. 봉황이 서식하는 나무가 오동나무이고 태안사가 자리잡은 곳을 둘러싼 주변 산세가 오동나무 줄기 속처럼 아늑해서 동리산이라 불렀으며 둘러싼 주변 산세의 최고점을 봉황의 머리 즉 봉두산이라 불렀을 가능성이 없지 않다. 봉두산 주변에는 곡성 특유의 내륙산지를 이루고 있어 정상에 올라서면 순천쪽 황학리의 작은 들판을 제외하고 주변 조망이 온통 산뿐이다. 남서쪽으로 삼산과 희야산 능선 넘어로 모후산이 오똑하고 북서쪽으로는 통명산 넘어 무등산까지 시야가 트인다. 동쪽으로는 둥주리봉과 자라봉, 그리고 지리산이 장막을 치고 있다. 이러한 내륙산지 조망이 산행의 맛으로는 제일이지만 봉두산은 태안사 여행에 초점을 맞추어도 좋을 산이다. 곡성~구례 간 17번 국도 상 압록(보성강이 섬진강에 합류하는 곳)에서 18번 국도쪽(서쪽)으로 방향을 틀면 마치 히말라야의 한 거대한 협곡에 들어선 듯한 기분이 들고 약 4km정도 강변 도로를 따라 산모퉁이를 돌아들면 태안사로 드는 다리가 나온다. 이 다리를 건너 약 5km 가면 태안사 입구에 닿는데, 강변을 따라 난 도로에 차량통행도 뜸해 드라이브코스로도 일품이다. 장승 한 쌍과 거대한 느티나무가 서 있는 입구서부터 다시 협곡을 비집고 낸 비포장길을 따라 들어서면 자유교 넘어 주차장이 마련돼 있다. 여기에 차를 놓고 정심교, 반야교, 해탈교를 건너 능파각에 이르는 길은 호젓하기 그지없고, 봄이면 벚꽃이 터널을 이룬다. 능파각은 계곡에 걸쳐 지은 고색창연한 다리겸 정자다. 경찰충혼탑이 나오면 태안사는 바로 그 위 넓은 터에 자리잡고 있다.",061-360-8780,전라남도 곡성군청 산림과,2024-08-16,4860000,전라남도 곡성군
전국관광지정보표준데이터,https://www.data.go.kr/data/15021141/standard.do,2023-10-30,place,노루생태관찰원,관광지,제주특별자치도 제주시,제주특별자치도 제주시 명림로 520(봉개동),33.4443253,126.6266934,"100여 마리의 노루를 관찰할 수 있고, 자연학습과 생태체험, 오름산행을 즐길 수 있는 열린 시민의 공간입니다",지역 역사·관광 탐방 동화 배경,장소의 특징을 찾아보고 가족 여행 기록 남기기,5-7;8-10,관광;관광지;노루생태관찰원;100여;마리의;노루를;관찰할;수;있고;자연학습과;생태체험;오름산행을,노루생태관찰원,관광지,제주특별자치도 제주시 명림로 520(봉개동),,520000,사무실 전시실+상시관찰원+사육동+관찰로+어린이놀이시설+파고라 등,,,,,,2007-08-03,300,92,"100여 마리의 노루를 관찰할 수 있고, 자연학습과 생태체험, 오름산행을 즐길 수 있는 열린 시민의 공간입니다",064-728-3611,제주특별자치도 제주시 절물생태관리소,2023-10-30,6510000,제주특별자치도 제주시
전국관광지정보표준데이터,https://www.data.go.kr/data/15021141/standard.do,2023-10-30,place,제주별빛누리공원,관광지,제주특별자치도 제주시,제주특별자치도 제주시 선돌목동길 60(오등동),33.4445529,126.5491863,천문우주과학분야에 대한 호기심을 해결 할 수 있는 문화공간,지역 역사·관광 탐방 동화 배경,장소의 특징을 찾아보고 가족 여행 기록 남기기,5-7;8-10,관광;관광지;제주별빛누리공원;천문우주과학분야에;대한;호기심을;해결;할;수;있는;문화공간,제주별빛누리공원,관광지,제주특별자치도 제주시 선돌목동길 60(오등동),제주특별자치도 제주시 오등동 10-34,33637,4D입체영상관+천체투영실+천체관측실+전시실,,,,,,2009-03-20,300,100,천문우주과학분야에 대한 호기심을 해결 할 수 있는 문화공간,064-728-8900,제주특별자치도 제주시 관광진흥과,2023-10-30,6510000,제주특별자치도 제주시
전국관광지정보표준데이터,https://www.data.go.kr/data/15021141/standard.do,2023-10-05,place,팔봉산관광지,관광지,강원특별자치도 홍천군,강원특별자치도 홍천군 서면 한치골길 1124,37.703098,127.695183,8개의 암봉과 홍천강이 어우러진 아름다운 명산,지역 역사·관광 탐방 동화 배경,장소의 특징을 찾아보고 가족 여행 기록 남기기,5-7;8-10,관광;관광지;팔봉산관광지;8개의;암봉과;홍천강이;어우러진;아름다운;명산,팔봉산관광지,관광지,강원특별자치도 홍천군 서면 한치골길 1124,,386977,관리사무소+화장실+주차장,,풋살장,캠핑장+공연장,향토식당,관리사무실,1980-05-28,1000,150,8개의 암봉과 홍천강이 어우러진 아름다운 명산,033-430-2471,강원특별자치도 홍천군청,2023-10-05,4251000,강원특별자치도 홍천군
전국관광지정보표준데이터,https://www.data.go.kr/data/15021141/standard.do,2023-10-05,place,소노벨비발디파크,관광단지,강원특별자치도 홍천군,강원특별자치도 홍천군 서면 한치골길 262,37.65233706,127.6873348,"휴양과 레저, 골프 및 스키 등 국내 최대규모의 관광휴양단지",지역 역사·관광 탐방 동화 배경,장소의 특징을 찾아보고 가족 여행 기록 남기기,5-7;8-10,관광;관광단지;소노벨비발디파크;휴양과;레저;골프;및;스키;등;국내;최대규모의;관광휴양단지,소노벨비발디파크,관광단지,강원특별자치도 홍천군 서면 한치골길 262,,7052479.2,관리사무소+화장실+주차장,휴양콘도미니엄,골프장+스키장+승마장,오션월드,관광공연장+식당 등,직원전용 숙소,2008-11-21,20000,2000,"휴양과 레저, 골프 및 스키 등 국내 최대규모의 관광휴양단지",033-430-2471,강원특별자치도 홍천군청,2023-10-05,4251000,강원특별자치도 홍천군
전국관광지정보표준데이터,https://www.data.go.kr/data/15021141/standard.do,2023-08-31,place,통일전망대,관광지,강원특별자치도 고성군,강원특별자치도 고성군 현내면 금강산로 481,38.51438609,128.416703,"우리나라에서 가장 북쪽에 위차한 전망대로, 천혜의 절경이라 할 금강산과 동해바다의 비경을 감상할수 있으며, 통일관, 통일전망타워 등 기타 시설을 관람할 수 있는 곳",지역 역사·관광 탐방 동화 배경,장소의 특징을 찾아보고 가족 여행 기록 남기기,5-7;8-10,관광;관광지;통일전망대;우리나라에서;가장;북쪽에;위차한;전망대로;천혜의;절경이라;할;금강산과,통일전망대,관광지,강원특별자치도 고성군 현내면 금강산로 481,강원특별자치도 고성군 현내면 마차진리 188,143851,화장실+주차장,,,,,,1983-07-26,1640,320,"우리나라에서 가장 북쪽에 위차한 전망대로, 천혜의 절경이라 할 금강산과 동해바다의 비경을 감상할수 있으며, 통일관, 통일전망타워 등 기타 시설을 관람할 수 있는 곳",033-682-0088,강원특별자치도 고성군청,2023-08-31,4341000,강원특별자치도 고성군
전국관광지정보표준데이터,https://www.data.go.kr/data/15021141/standard.do,2023-10-30,place,협재관광지,관광지,제주특별자치도 제주시,제주특별자치도 제주시 한림읍 협재리 2450,33.3934958502,126.2385968886,에메랄드 빛 바다색과 비양도 절경을 품고 있는 제주시 서부 대표 휴양지,지역 역사·관광 탐방 동화 배경,장소의 특징을 찾아보고 가족 여행 기록 남기기,5-7;8-10,관광;관광지;협재관광지;에메랄드;빛;바다색과;비양도;절경을;품고;있는;제주시;서부,협재관광지,관광지,,제주특별자치도 제주시 한림읍 협재리 2450,214300,관리사무소+화장실(4동)+취사장(2동)+샤워탈의장(2동)+주차장,,다목적운동장+해수풀장,야영장+조경휴게소,,,1985-06-21,15000,534,에메랄드 빛 바다색과 비양도 절경을 품고 있는 제주시 서부 대표 휴양지,064-728-2762,제주특별자치도 제주시 관광진흥과,2023-10-30,6510000,제주특별자치도 제주시
전국관광지정보표준데이터,https://www.data.go.kr/data/15021141/standard.do,2023-10-30,place,곽지관광지,관광지,제주특별자치도 제주시,제주특별자치도 제주시 애월읍 곽지리 1566,33.4499564,126.3041171,접근성이 좋고 바닷물과 노천탕을 동시에 즐길 수 있는 제주시 서부 대표 휴양지,지역 역사·관광 탐방 동화 배경,장소의 특징을 찾아보고 가족 여행 기록 남기기,5-7;8-10,관광;관광지;곽지관광지;접근성이;좋고;바닷물과;노천탕을;동시에;즐길;수;있는;제주시,곽지관광지,관광지,,제주특별자치도 제주시 애월읍 곽지리 1566,235020,관리사무소+화장실(2동)+주차장+목욕장,,,야영장+조경휴게소+광장,,,2004-07-19,15000,331,접근성이 좋고 바닷물과 노천탕을 동시에 즐길 수 있는 제주시 서부 대표 휴양지,064-728-2762,제주특별자치도 제주시 관광진흥과,2023-10-30,6510000,제주특별자치도 제주시
전국관광지정보표준데이터,https://www.data.go.kr/data/15021141/standard.do,2023-10-30,place,김녕관광지,관광지,제주특별자치도 제주시,제주특별자치도 제주시 구좌읍 김녕리 497-5,33.5548971,126.7654535215,"해양레져스포츠, 캠핑 등 즐길거리가 가득한 제주시 동부 대표 휴양지",지역 역사·관광 탐방 동화 배경,장소의 특징을 찾아보고 가족 여행 기록 남기기,5-7;8-10,관광;관광지;김녕관광지;해양레져스포츠;캠핑;등;즐길거리가;가득한;제주시;동부;대표;휴양지,김녕관광지,관광지,,제주특별자치도 제주시 구좌읍 김녕리 497-5,161324,관리사무소+화장실(2동)+주차장+샤워탈의장+취사장+여름파출소,,다목적운동장+야영장+피크닉장+광장+조경휴게지,,,,1971-05-20,10000,234,"해양레져스포츠, 캠핑 등 즐길거리가 가득한 제주시 동부 대표 휴양지",064-728-2762,제주특별자치도 제주시 관광진흥과,2023-10-30,6510000,제주특별자치도 제주시
전국관광지정보표준데이터,https://www.data.go.kr/data/15021141/standard.do,2023-10-30,place,절물자연휴양림,관광지,제주특별자치도 제주시,제주특별자치도 제주시 명림로 584(봉개동),33.44004881,126.6252034,"제주시에서 20분거리에 위치해 있으며, 50여년생 삼나무조림지와 자연림이 조화를 이루는 독특한 경관으로 전국 국립자연휴양림 중 매년 최다 방문객을 바랑하고 있다. 또한 유아숲체험원. 숲해설. 목공예 등 산림체험프로그램을 운영하고 있다",지역 역사·관광 탐방 동화 배경,장소의 특징을 찾아보고 가족 여행 기록 남기기,5-7;8-10,관광;관광지;절물자연휴양림;제주시에서;20분거리에;위치해;있으며;50여년생;삼나무조림지와;자연림이;조화를;이루는,절물자연휴양림,관광지,제주특별자치도 제주시 명림로 584(봉개동),,3000000,관리사무실 1동(매표소)+방문자센터(전시실. 영상상영관)+물품보관실+공중화장실 2동+연못 2개소+어린이놀이터 3개소+주차시설(7.212㎡) 등,숲속의 집 7동 19실+산림문화휴양관 1동10실,,,,,1992-05-26,2000,238,"제주시에서 20분거리에 위치해 있으며, 50여년생 삼나무조림지와 자연림이 조화를 이루는 독특한 경관으로 전국 국립자연휴양림 중 매년 최다 방문객을 바랑하고 있다. 또한 유아숲체험원. 숲해설. 목공예 등 산림체험프로그램을 운영하고 있다",064-728-1510,제주특별자치도 제주시 절물생태관리소,2023-10-30,6510000,제주특별자치도 제주시
전국관광지정보표준데이터,https://www.data.go.kr/data/15021141/standard.do,2025-07-25,place,노들섬,관광지,서울특별시 용산구,서울특별시 용산구 양녕로 445,37.51766383,126.9580365,서울특별시 한강위에 있는 섬. 동작구와 용산구 사이에 있으며 섬 사이로 한강대교가 지나간다. 행정구역상으로는 용산구 이촌동에 속해 있다. 원래 이름은 중지도(中之島)였으나 1995년 역사바로세우기가 시행되면서 일본식 지명 개선사업이 이루어졌는데 이 때 노들섬으로 개명되었다.,지역 역사·관광 탐방 동화 배경,장소의 특징을 찾아보고 가족 여행 기록 남기기,5-7;8-10,관광;관광지;노들섬;서울특별시;한강위에;있는;섬.;동작구와;용산구;사이에;있으며;섬,노들섬,관광지,서울특별시 용산구 양녕로 445,서울특별시 용산구 이촌동 302-146,25656.6,화장실+주차장,,,,,,1995-01-01,1700,30,서울특별시 한강위에 있는 섬. 동작구와 용산구 사이에 있으며 섬 사이로 한강대교가 지나간다. 행정구역상으로는 용산구 이촌동에 속해 있다. 원래 이름은 중지도(中之島)였으나 1995년 역사바로세우기가 시행되면서 일본식 지명 개선사업이 이루어졌는데 이 때 노들섬으로 개명되었다.,02-749-4500,인터파크노들씨어터,2025-07-25,3020000,서울특별시 용산구
전국관광지정보표준데이터,https://www.data.go.kr/data/15021141/standard.do,2025-07-31,place,소요산관광지,관광지,경기도 동두천시,경기도 동두천시 평화로2910번길 145,37.94652177,127.0693409,가을 단풍이 아름다워 예부터 경기의 소금강이라 일컬어졌으며 자재암 원효폭포 등의 관광명소가 소재하고 있다,지역 역사·관광 탐방 동화 배경,장소의 특징을 찾아보고 가족 여행 기록 남기기,5-7;8-10,관광;관광지;소요산관광지;가을;단풍이;아름다워;예부터;경기의;소금강이라;일컬어졌으며;자재암;원효폭포,소요산관광지,관광지,경기도 동두천시 평화로2910번길 145,경기도 동두천시 상봉암동 산 1-1,2472000,관리사무소+주차장+화장실,캐라반,,캠핑장+자유수호평화박물관+경기북부어린이박물관,야외음악당,,1977-03-31,100000,500,가을 단풍이 아름다워 예부터 경기의 소금강이라 일컬어졌으며 자재암 원효폭포 등의 관광명소가 소재하고 있다,031-860-2049,경기도 동두천시청 관광휴양과,2025-07-31,3920000,경기도 동두천시
전국관광지정보표준데이터,https://www.data.go.kr/data/15021141/standard.do,2025-08-18,place,율포해수욕장,관광지,전라남도 보성군,전라남도 보성군 회천면 우암길 24,34.67002926,127.0890241,"2012년 전국3대 우수해변, 2016년 해양수산부가 추천하는 올 여름 바다여행지 10선에 선정된 율포솔밭해변은 폭 60m와 길이 1.2km에 이르는 은빛 모래밭에 50~60년생의 소나무들이 숲을 이뤄 운치를 더한다.  공해없는 청정해역이므로 깨끗한 바다를 즐길 수 있고 1991년 국민관광지로 지정되어 각종 편의시설이 잘 갖춰져있다. 해수녹차 휴게센터와 해수풀장, 그리고 녹차탕까지 있어 어린이를 동반한 가족단위 피서지로 많은 관광객들이 여름철에 이곳을 찾고 있다.",지역 역사·관광 탐방 동화 배경,장소의 특징을 찾아보고 가족 여행 기록 남기기,5-7;8-10,관광;관광지;율포해수욕장;2012년;전국3대;우수해변;2016년;해양수산부가;추천하는;올;여름;바다여행지,율포해수욕장,관광지,전라남도 보성군 회천면 우암길 24,전라남도 보성군 회천면 동율리 678,34625,관광안내소+화장실+샤워실+주차장,휴양콘도미니엄,,해수욕장+해수녹차탕+오토캠핑리조트,,,2005-05-12,1500,100,"2012년 전국3대 우수해변, 2016년 해양수산부가 추천하는 올 여름 바다여행지 10선에 선정된 율포솔밭해변은 폭 60m와 길이 1.2km에 이르는 은빛 모래밭에 50~60년생의 소나무들이 숲을 이뤄 운치를 더한다.  공해없는 청정해역이므로 깨끗한 바다를 즐길 수 있고 1991년 국민관광지로 지정되어 각종 편의시설이 잘 갖춰져있다. 해수녹차 휴게센터와 해수풀장, 그리고 녹차탕까지 있어 어린이를 동반한 가족단위 피서지로 많은 관광객들이 여름철에 이곳을 찾고 있다.",061-850-5211,전라남도 보성군청,2025-08-18,4890000,전라남도 보성군
전국관광지정보표준데이터,https://www.data.go.kr/data/15021141/standard.do,2025-08-18,place,한국차문화공원,관광지,전라남도 보성군,전라남도 보성군 보성읍 녹차로 775,34.71987643,127.0817099,"한국차박물관+세계차나무식물원+보성차품평관+다목적 야외공연장+차만들어보는 곳+청소년 수련원 등이 푸른녹차밭과 어우러져 있어 관람 및 휴식, 체험이 가능하다. 특히 한국차박물관은 천혜의 차밭 경관과 인접하고 차에 대한 풍부한 컨텐츠를 담은 차 전문 박물관으로 우리 차 문화의 올바른 정립 및 연구와 보급의 구심점 역할을 한다.",지역 역사·관광 탐방 동화 배경,장소의 특징을 찾아보고 가족 여행 기록 남기기,5-7;8-10,관광;관광지;한국차문화공원;한국차박물관+세계차나무식물원+보성차품평관+다목적;야외공연장+차만들어보는;곳+청소년;수련원;등이;푸른녹차밭과;어우러져;있어;관람,한국차문화공원,관광지,전라남도 보성군 보성읍 녹차로 775,전라남도 보성군 보성읍 봉산리 1197,90067,관광안내소+화장실+주차장,휴양콘도미니엄,,실내정원+한국차박물관+야외공연장+청소년수련원+천문과학관,,,2003-08-29,200,150,"한국차박물관+세계차나무식물원+보성차품평관+다목적 야외공연장+차만들어보는 곳+청소년 수련원 등이 푸른녹차밭과 어우러져 있어 관람 및 휴식, 체험이 가능하다. 특히 한국차박물관은 천혜의 차밭 경관과 인접하고 차에 대한 풍부한 컨텐츠를 담은 차 전문 박물관으로 우리 차 문화의 올바른 정립 및 연구와 보급의 구심점 역할을 한다.",061-852-0918,전라남도 보성군청,2025-08-18,4890000,전라남도 보성군
전국관광지정보표준데이터,https://www.data.go.kr/data/15021141/standard.do,2025-08-13,place,호미곶관광단지,관광지,경상북도 포항시,경상북도 포항시 남구 호미곶면 해맞이로 136,36.07608308,129.5665319,호미곶의전경을 확인,지역 역사·관광 탐방 동화 배경,장소의 특징을 찾아보고 가족 여행 기록 남기기,5-7;8-10,관광;관광지;호미곶관광단지;호미곶의전경을;확인,호미곶관광단지,관광지,경상북도 포항시 남구 호미곶면 해맞이로 136,경상북도 포항시 남구 호미곶면 대보리 286-5,221366,공중화장실+잔디밭,,,새천년기념관,여행자센터,,2003-11-06,1000000,223,호미곶의전경을 확인,054-270-2244,경상북도 포항시 관광산업과,2025-08-13,5020000,경상북도 포항시
전국관광지정보표준데이터,https://www.data.go.kr/data/15021141/standard.do,2025-08-01,place,구드래관광지,관광지,충청남도 부여군,충청남도 부여군 부여읍 백강로 148,36.28718846,126.9068136,백마강과 함께 가족단위 공원 심터 및 생활체육을 즐길수 있는 웰빙관광지,지역 역사·관광 탐방 동화 배경,장소의 특징을 찾아보고 가족 여행 기록 남기기,5-7;8-10,관광;관광지;구드래관광지;백마강과;함께;가족단위;공원;심터;및;생활체육을;즐길수;있는,구드래관광지,관광지,충청남도 부여군 부여읍 백강로 148,충청남도 부여군 부여읍 구교리 17-4,148515,광장+선착장+조각공원,,,,,,1969-01-21,45000,300,백마강과 함께 가족단위 공원 심터 및 생활체육을 즐길수 있는 웰빙관광지,041-830-2203,충청남도 부여군청,2025-08-01,4570000,충청남도 부여군
전국관광지정보표준데이터,https://www.data.go.kr/data/15021141/standard.do,2025-08-01,place,서동요역사관광지,관광지,충청남도 부여군,충청남도 부여군 충화면 충신로 618,36.14594895,126.8248464,역사문화환경을 구축하여 부여 대표 관광명소,지역 역사·관광 탐방 동화 배경,장소의 특징을 찾아보고 가족 여행 기록 남기기,5-7;8-10,관광;관광지;서동요역사관광지;역사문화환경을;구축하여;부여;대표;관광명소,서동요역사관광지,관광지,충청남도 부여군 충화면 충신로 618,충청남도 부여군 충화면 가화리 313,174508,관리사무소+주차장+화장실,수련시설,짚라이더+둘레길,부여군청소년수련원,,,2008-11-20,400,150,역사문화환경을 구축하여 부여 대표 관광명소,041-830-2203,충청남도 부여군청,2025-08-01,4570000,충청남도 부여군
전국관광지정보표준데이터,https://www.data.go.kr/data/15021141/standard.do,2023-12-27,place,청소년전통문화체험관,관광지,전라북도 완주군,전라북도 완주군 고산면 대아저수로 416,35.98879491,127.261342,"전통문화를 기반으로 한 청소년들의 문화공간, 체험공간, 지역 내 전해 내려오는 역사의 흔적과 문화를 소재로 한 교육체험 공간",지역 역사·관광 탐방 동화 배경,장소의 특징을 찾아보고 가족 여행 기록 남기기,5-7;8-10,관광;관광지;청소년전통문화체험관;전통문화를;기반으로;한;청소년들의;문화공간;체험공간;지역;내;전해,청소년전통문화체험관,관광지,전라북도 완주군 고산면 대아저수로 416,,2768,주차장+화장실,,,주차장+화장실,주차장+화장실,,2021-06-16,50,100,"전통문화를 기반으로 한 청소년들의 문화공간, 체험공간, 지역 내 전해 내려오는 역사의 흔적과 문화를 소재로 한 교육체험 공간",070-4100-1100,전라북도 완주군청,2023-12-27,4721000,전북특별자치도 완주군
전국관광지정보표준데이터,https://www.data.go.kr/data/15021141/standard.do,2023-12-27,place,놀토피아,관광지,전라북도 완주군,전라북도 완주군 고산면 대아저수로 416,35.98879491,127.261342,국내 최대규모(34종류)를 자랑하는 심신발달형 어린이 모험 놀이시설,지역 역사·관광 탐방 동화 배경,장소의 특징을 찾아보고 가족 여행 기록 남기기,5-7;8-10,관광;관광지;놀토피아;국내;최대규모(34종류)를;자랑하는;심신발달형;어린이;모험;놀이시설,놀토피아,관광지,전라북도 완주군 고산면 대아저수로 416,,397,주차장+화장실,,,주차장+화장실,주차장+화장실,,2021-06-16,200,100,국내 최대규모(34종류)를 자랑하는 심신발달형 어린이 모험 놀이시설,070-4100-1100,전라북도 완주군청,2023-12-27,4721000,전북특별자치도 완주군
전국관광지정보표준데이터,https://www.data.go.kr/data/15021141/standard.do,2023-12-27,place,오성한옥마을,관광지,전라북도 완주군,전라북도 완주군 소양면 오도길 73,35.90695186,127.2367573,종남산과 위봉산이 병품처럼 둘러쌓고 있는 천혜의 자연경관에 한옥고택 등 전통한옥이 자리잡고 있는 곳,지역 역사·관광 탐방 동화 배경,장소의 특징을 찾아보고 가족 여행 기록 남기기,5-7;8-10,관광;관광지;오성한옥마을;종남산과;위봉산이;병품처럼;둘러쌓고;있는;천혜의;자연경관에;한옥고택;등,오성한옥마을,관광지,전라북도 완주군 소양면 오도길 73,,13856,주차장+숙박시설+카페,관광숙박+한옥체험,,주차장+숙박시설+카페,주차장+숙박시설+카페,,2021-06-16,500,100,종남산과 위봉산이 병품처럼 둘러쌓고 있는 천혜의 자연경관에 한옥고택 등 전통한옥이 자리잡고 있는 곳,063-243-1022,오성한옥마을,2023-12-27,4721000,전북특별자치도 완주군
전국관광지정보표준데이터,https://www.data.go.kr/data/15021141/standard.do,2023-12-27,place,무궁화오토캠핑장,관광지,전라북도 완주군,전라북도 완주군 고산면 고산휴양림로 89,35.97398132,127.2315513,문화체육관광부 국민여가캠핑장으로 조성된 공공야영장으로 52개 사이트와 캐러반 등 부대시설이 갖추어져 있는 곳,지역 역사·관광 탐방 동화 배경,장소의 특징을 찾아보고 가족 여행 기록 남기기,5-7;8-10,관광;관광지;무궁화오토캠핑장;문화체육관광부;국민여가캠핑장으로;조성된;공공야영장으로;52개;사이트와;캐러반;등;부대시설이,무궁화오토캠핑장,관광지,전라북도 완주군 고산면 고산휴양림로 89,,4664,주차장+화장실,자동차야영장,,주차장+화장실,주차장+화장실,,2021-06-16,400,100,문화체육관광부 국민여가캠핑장으로 조성된 공공야영장으로 52개 사이트와 캐러반 등 부대시설이 갖추어져 있는 곳,063-290-2762,전라북도 완주군청,2023-12-27,4721000,전북특별자치도 완주군
전국관광지정보표준데이터,https://www.data.go.kr/data/15021141/standard.do,2023-12-27,place,송광사&벚꽃길,관광지,전라북도 완주군,전라북도 완주군 소양면 송광수만로 255-16,35.885763,127.2417509,송광사는 종남산 아래에 자리한 사찰로 신라시대에 도의선사가 창건한 것으로 전해진다,지역 역사·관광 탐방 동화 배경,장소의 특징을 찾아보고 가족 여행 기록 남기기,5-7;8-10,관광;관광지;송광사&벚꽃길;송광사는;종남산;아래에;자리한;사찰로;신라시대에;도의선사가;창건한;것으로,송광사&벚꽃길,관광지,전라북도 완주군 소양면 송광수만로 255-16,,30,주차장,,,주차장+템플스테이,주차장+템플스테이,,2021-06-16,100,40,송광사는 종남산 아래에 자리한 사찰로 신라시대에 도의선사가 창건한 것으로 전해진다,063-243-8091,송광사,2023-12-27,4721000,전북특별자치도 완주군
전국관광지정보표준데이터,https://www.data.go.kr/data/15021141/standard.do,2023-12-27,place,위봉사&위봉폭포&위봉산성,관광지,전라북도 완주군,전라북도 완주군 소양면 위봉길 53,35.9105769,127.2572831,위봉사는 세마리 봉황이 날고 있는 자리에 절을 짓고 이름붙였다는 이야기가 전해져 오는 곳,지역 역사·관광 탐방 동화 배경,장소의 특징을 찾아보고 가족 여행 기록 남기기,5-7;8-10,관광;관광지;위봉사&위봉폭포&위봉산성;위봉사는;세마리;봉황이;날고;있는;자리에;절을;짓고;이름붙였다는,위봉사&위봉폭포&위봉산성,관광지,전라북도 완주군 소양면 위봉길 53,,29,주차장,,,주차장,주차장,,2021-06-16,200,20,위봉사는 세마리 봉황이 날고 있는 자리에 절을 짓고 이름붙였다는 이야기가 전해져 오는 곳,063-243-7657,위봉사,2023-12-27,4721000,전북특별자치도 완주군
전국관광지정보표준데이터,https://www.data.go.kr/data/15021141/standard.do,2023-12-27,place,화암사,관광지,전라북도 완주군,전라북도 완주군 경천면 화암사길 271,36.06629938,127.2872339,세월의 흐름을 멋지게 담고있는 아름다운 사찰,지역 역사·관광 탐방 동화 배경,장소의 특징을 찾아보고 가족 여행 기록 남기기,5-7;8-10,관광;관광지;화암사;세월의;흐름을;멋지게;담고있는;아름다운;사찰,화암사,관광지,전라북도 완주군 경천면 화암사길 271,,1083,주차장+공중화장실,,,주차장+공중화장실,주차장+공중화장실,,2021-06-16,50,20,세월의 흐름을 멋지게 담고있는 아름다운 사찰,063-261-7576,화암사,2023-12-27,4721000,전북특별자치도 완주군
전국관광지정보표준데이터,https://www.data.go.kr/data/15021141/standard.do,2023-12-07,place,레인보우힐링관광지,관광지,충청북도 영동군,충청북도 영동군 영동읍 매천리 산 35-1,36.15635341,127.7865137,영동의 아름다움을 볼 수 있는 7가지 테마가 있는 관광지,지역 역사·관광 탐방 동화 배경,장소의 특징을 찾아보고 가족 여행 기록 남기기,5-7;8-10,관광;관광지;레인보우힐링관광지;영동의;아름다움을;볼;수;있는;7가지;테마가,레인보우힐링관광지,관광지,,충청북도 영동군 영동읍 매천리 산 35-1,1790835,주차장+화장실,영동 일라이트휴양빌리지+일라이트 호텔,골프연습장,,,,2009-05-22,45000,450,영동의 아름다움을 볼 수 있는 7가지 테마가 있는 관광지,043-740-3634,충청북도 영동군청,2023-12-07,4440000,충청북도 영동군
전국관광지정보표준데이터,https://www.data.go.kr/data/15021141/standard.do,2023-12-07,place,송호관광지,관광지,충청북도 영동군,충청북도 영동군 양산면 송호로 105,36.12969079,127.676367,아름다운 금강변 옆 1400여 그루의 송림에서 캠핑을 즐기며+ 신선놀음을 하기 제격인 곳,지역 역사·관광 탐방 동화 배경,장소의 특징을 찾아보고 가족 여행 기록 남기기,5-7;8-10,관광;관광지;송호관광지;아름다운;금강변;옆;1400여;그루의;송림에서;캠핑을;즐기며+;신선놀음을,송호관광지,관광지,충청북도 영동군 양산면 송호로 105,충청북도 영동군 양산면 송호리 249-8,284000,주차장+화장실,야영장,축구장+다목적구장,,,,1977-10-31,1000,310,아름다운 금강변 옆 1400여 그루의 송림에서 캠핑을 즐기며+ 신선놀음을 하기 제격인 곳,043-740-3632,충청북도 영동군청,2023-12-07,4440000,충청북도 영동군
전국관광지정보표준데이터,https://www.data.go.kr/data/15021141/standard.do,2025-06-25,place,김대중노벨평화상기념관,관광지,전라남도 목포시,전라남도 목포시 삼학로 92번길 68,34.78285177,126.3922506,"김대중 前대통령의 업적 및 걸어온 길을 살펴볼 수 있는 곳이다. 평화의 메시지 보내기, 노르웨이 오슬로 시상식장 체험, 노벨평화상 단상 포토존 및 대통령 집무실을 그대로 옮겨놓은 집무실 체험공간에서 대통령이 되어보는 체험을 할 수 있다",지역 역사·관광 탐방 동화 배경,장소의 특징을 찾아보고 가족 여행 기록 남기기,5-7;8-10,관광;관광지;김대중노벨평화상기념관;김대중;前대통령의;업적;및;걸어온;길을;살펴볼;수;있는,김대중노벨평화상기념관,관광지,전라남도 목포시 삼학로 92번길 68,전라남도 목포시 산정동 1481,4730,화장실+주차장+기념품판매점,,,박물관,카페테리아,,2013-06-15,200,10,"김대중 前대통령의 업적 및 걸어온 길을 살펴볼 수 있는 곳이다. 평화의 메시지 보내기, 노르웨이 오슬로 시상식장 체험, 노벨평화상 단상 포토존 및 대통령 집무실을 그대로 옮겨놓은 집무실 체험공간에서 대통령이 되어보는 체험을 할 수 있다",061-245-5660,전라남도 목포시청,2025-06-25,4800000,전라남도 목포시
전국관광지정보표준데이터,https://www.data.go.kr/data/15021141/standard.do,2025-06-25,place,목포자연사박물관,관광지,전라남도 목포시,전라남도 목포시 남농로 135,34.79372717,126.4210674,"지구 46억년 자연사를 볼 수 있는 곳으로 다양한 생명체와 관람객이 공존하는 증강현실 사진관 체험,  박물관에 잠든 공룡알 화석을 부화시키는 게임형 AR 체험, 수생 생물이 살고 있는 연못 생태계 위를 거니는 콘텐츠등 다양한 VR, AR콘텐츠와 영상쇼를 제공한다",지역 역사·관광 탐방 동화 배경,장소의 특징을 찾아보고 가족 여행 기록 남기기,5-7;8-10,관광;관광지;목포자연사박물관;지구;46억년;자연사를;볼;수;있는;곳으로;다양한;생명체와,목포자연사박물관,관광지,전라남도 목포시 남농로 135,전라남도 목포시 용해동 7,3170,화장실+주차장+기념품판매점,,,박물관,매점,,2003-10-24,300,450,"지구 46억년 자연사를 볼 수 있는 곳으로 다양한 생명체와 관람객이 공존하는 증강현실 사진관 체험,  박물관에 잠든 공룡알 화석을 부화시키는 게임형 AR 체험, 수생 생물이 살고 있는 연못 생태계 위를 거니는 콘텐츠등 다양한 VR, AR콘텐츠와 영상쇼를 제공한다",061-274-3655,전라남도 목포시청,2025-06-25,4800000,전라남도 목포시
전국관광지정보표준데이터,https://www.data.go.kr/data/15021141/standard.do,2025-06-25,place,갓바위,관광지,전라남도 목포시,전라남도 목포시 남농로 135,34.79372717,126.4210674,"갓바위는 두 사람이 나란히 삿갓을 쓰고 서 있는 모습의 바위로 관광객들이 즐겨찾는 명소이며, 예전에는 배를 타고 나가야만 볼 수 있었던 갓바위를 해상에서 직접 조망할 수 있는 보행교를 바다위에 설치하였다.",지역 역사·관광 탐방 동화 배경,장소의 특징을 찾아보고 가족 여행 기록 남기기,5-7;8-10,관광;관광지;갓바위;갓바위는;두;사람이;나란히;삿갓을;쓰고;서;있는;모습의,갓바위,관광지,전라남도 목포시 남농로 135,전라남도 목포시 용해동 산86-24,6650,공중화장실,,,,,,2009-04-27,250,60,"갓바위는 두 사람이 나란히 삿갓을 쓰고 서 있는 모습의 바위로 관광객들이 즐겨찾는 명소이며, 예전에는 배를 타고 나가야만 볼 수 있었던 갓바위를 해상에서 직접 조망할 수 있는 보행교를 바다위에 설치하였다.",061-273-0536,전라남도 목포시청,2025-06-25,4800000,전라남도 목포시
전국관광지정보표준데이터,https://www.data.go.kr/data/15021141/standard.do,2024-09-10,place,구문소 관광지,관광지,강원특별자치도 태백시,강원특별자치도 태백시 동태백로11(동점동),37.09296812,129.0422636,"천연기념물인 구문소와 접목되어 자연환경적 특성을 부각하고 지질학습 및 화석 산출지의 탐방자원화, 체류형 관광시설 도입",지역 역사·관광 탐방 동화 배경,장소의 특징을 찾아보고 가족 여행 기록 남기기,5-7;8-10,관광;관광지;구문소;천연기념물인;구문소와;접목되어;자연환경적;특성을;부각하고;지질학습;및;화석,구문소 관광지,관광지,강원특별자치도 태백시 동태백로11(동점동),강원특별자치도 태백시 동점동 산 6-3,130000,주차장+도로+공중화장실+다목적공원+자연사박물관,구문소마을펜션 3동,,,,,1999-11-12,5000,150,"천연기념물인 구문소와 접목되어 자연환경적 특성을 부각하고 지질학습 및 화석 산출지의 탐방자원화, 체류형 관광시설 도입",033-550-1360,강원특별자치도 태백시청,2024-09-10,4221000,강원특별자치도 태백시
전국관광지정보표준데이터,https://www.data.go.kr/data/15021141/standard.do,2024-09-10,place,용연동굴,관광지,강원특별자치도 태백시,강원특별자치도 태백시 태백로 283-29,37.20888277,128.9418601,"「용연동굴」이란 이름은 용의 연못 속에 있던 용이 계곡을 따라 하늘로 승천했다는 뜻을 담고 있다. 용연동굴은 백두대간의 중추인 금대봉 하부능선 해발 920m에 위치하고, 약 1억5천~3억만 년 전에 생선된 것으로 알려져 있다. 동굴의 길이는 약 843m, 구조는 4개의 광장과 순환형 수평굴로 이루어져 있다.",지역 역사·관광 탐방 동화 배경,장소의 특징을 찾아보고 가족 여행 기록 남기기,5-7;8-10,관광;관광지;용연동굴;「용연동굴」이란;이름은;용의;연못;속에;있던;용이;계곡을;따라,용연동굴,관광지,강원특별자치도 태백시 태백로 283-29,강원특별자치도 태백시 화전동 산 47-88,150000,주차장+도로+공중화장실+동굴관람,,,,,,1994-05-08,500,100,"「용연동굴」이란 이름은 용의 연못 속에 있던 용이 계곡을 따라 하늘로 승천했다는 뜻을 담고 있다. 용연동굴은 백두대간의 중추인 금대봉 하부능선 해발 920m에 위치하고, 약 1억5천~3억만 년 전에 생선된 것으로 알려져 있다. 동굴의 길이는 약 843m, 구조는 4개의 광장과 순환형 수평굴로 이루어져 있다.",033-553-8584,강원특별자치도 태백시청,2024-09-10,4221000,강원특별자치도 태백시
전국관광지정보표준데이터,https://www.data.go.kr/data/15021141/standard.do,2025-07-25,place,동빙고 부군당,관광지,서울특별시 용산구,서울특별시 용산구 서빙고로73길 24-27,37.52214299,126.996145,동빙고 부군당은 수백년 전부터 단군 할아버지와 할머니를 비롯해 여러 신을 함께 모시고 주민의 안전과 국태민안을 기원했던 곳이다.,지역 역사·관광 탐방 동화 배경,장소의 특징을 찾아보고 가족 여행 기록 남기기,5-7;8-10,관광;관광지;동빙고;부군당;부군당은;수백년;전부터;단군;할아버지와;할머니를;비롯해;여러,동빙고 부군당,관광지,서울특별시 용산구 서빙고로73길 24-27,서울특별시 용산구 동빙고동 62,129,화장실,,,,,,1945-01-01,10,0,동빙고 부군당은 수백년 전부터 단군 할아버지와 할머니를 비롯해 여러 신을 함께 모시고 주민의 안전과 국태민안을 기원했던 곳이다.,02-2199-7240,서울특별시 용산구청 문화진흥과,2025-07-25,3020000,서울특별시 용산구
전국관광지정보표준데이터,https://www.data.go.kr/data/15021141/standard.do,2025-07-25,place,용산기지 옛 미군장교숙소(현 용산공원),관광지,서울특별시 용산구,서울특별시 용산구 서빙고로 221,37.52300977,126.989165,주한미군 장교들의 숙소가 있었던 곳이다. 정부는 용산기지의 본격적인 반환 이전 국민들이 용산공원 조성을 체감하고 용산공원의 과거와 현재 그리고 미래를 함께 논의하는 소통의 장으로 활용하고자 지난 2020년 7월 21일 옛 미군장교숙소를 국민들에게 개방됐다.,지역 역사·관광 탐방 동화 배경,장소의 특징을 찾아보고 가족 여행 기록 남기기,5-7;8-10,관광;관광지;용산기지;옛;미군장교숙소(현;용산공원);주한미군;장교들의;숙소가;있었던;곳이다.;정부는,용산기지 옛 미군장교숙소(현 용산공원),관광지,서울특별시 용산구 서빙고로 221,서울특별시 용산구 용산동6가 22-1,26613,관광안내소+화장실,,어린이누리마당+어린이실내놀이터,전시관,누리방카페,직원휴게실,2020-08-01,300,60,주한미군 장교들의 숙소가 있었던 곳이다. 정부는 용산기지의 본격적인 반환 이전 국민들이 용산공원 조성을 체감하고 용산공원의 과거와 현재 그리고 미래를 함께 논의하는 소통의 장으로 활용하고자 지난 2020년 7월 21일 옛 미군장교숙소를 국민들에게 개방됐다.,070-4224-1708,국토교통부 용산공원,2025-07-25,3020000,서울특별시 용산구
전국관광지정보표준데이터,https://www.data.go.kr/data/15021141/standard.do,2025-07-25,place,김유신 장군 사당,관광지,서울특별시 용산구,서울특별시 용산구 서빙고로91길 28-15,37.523941,127.000688,본래 관아에서 신령을 모시는 집인 부군당으로서 김유신 장군을 주신으로 모셨으며 이름을 명화전이라 부른다.,지역 역사·관광 탐방 동화 배경,장소의 특징을 찾아보고 가족 여행 기록 남기기,5-7;8-10,관광;관광지;김유신;장군;사당;본래;관아에서;신령을;모시는;집인;부군당으로서;장군을,김유신 장군 사당,관광지,서울특별시 용산구 서빙고로91길 28-15,서울특별시 용산구 보광동 155,615,화장실,,,,,,1992-01-01,40,10,본래 관아에서 신령을 모시는 집인 부군당으로서 김유신 장군을 주신으로 모셨으며 이름을 명화전이라 부른다.,02-2199-7240,서울특별시 용산구청 문화진흥과,2025-07-25,3020000,서울특별시 용산구
전국관광지정보표준데이터,https://www.data.go.kr/data/15021141/standard.do,2025-07-25,place,보광동 무후묘,관광지,서울특별시 용산구,서울특별시 용산구 장문로15나길 6,37.527058,126.9973443,"서울 마을신앙인 부군당으로 제갈공명, 제갈공명부인, 산신, 청장군, 홍장군 무신도가 봉안되어있다.",지역 역사·관광 탐방 동화 배경,장소의 특징을 찾아보고 가족 여행 기록 남기기,5-7;8-10,관광;관광지;보광동;무후묘;서울;마을신앙인;부군당으로;제갈공명;제갈공명부인;산신;청장군;홍장군,보광동 무후묘,관광지,서울특별시 용산구 장문로15나길 6,서울특별시 용산구 보광동 419,202,화장실,,,,,,1974-01-15,20,0,"서울 마을신앙인 부군당으로 제갈공명, 제갈공명부인, 산신, 청장군, 홍장군 무신도가 봉안되어있다.",02-2199-7240,서울특별시 용산구청 문화진흥과,2025-07-25,3020000,서울특별시 용산구
전국관광지정보표준데이터,https://www.data.go.kr/data/15021141/standard.do,2025-07-25,place,새남터 순교성지,관광지,서울특별시 용산구,서울특별시 용산구 이촌로 80-8,37.52512658,126.9570717,조선 말엽 네 번에 걸쳐 일어난 천주교 박해 때 천주교 신자들이 처형당하면서 천주교 순교성지로 알려지게 되었다.,지역 역사·관광 탐방 동화 배경,장소의 특징을 찾아보고 가족 여행 기록 남기기,5-7;8-10,관광;관광지;새남터;순교성지;조선;말엽;네;번에;걸쳐;일어난;천주교;박해,새남터 순교성지,관광지,서울특별시 용산구 이촌로 80-8,서울특별시 용산구 이촌동 199-1,3599,화장실+주차장+관광안내소,,,,,,1983-01-01,240,20,조선 말엽 네 번에 걸쳐 일어난 천주교 박해 때 천주교 신자들이 처형당하면서 천주교 순교성지로 알려지게 되었다.,070-8672-0327,새남터 성당,2025-07-25,3020000,서울특별시 용산구
전국관광지정보표준데이터,https://www.data.go.kr/data/15021141/standard.do,2025-07-25,place,남산&N서울타워,관광지,서울특별시 용산구,서울특별시 용산구 남산공원길 105,37.55112257,126.9878678,남산서울타워는 효율적인 방송전파 송수신과 한국의 전통미를 살린 관광 전망시설의 기능을 겸비한 국내 최초의 종합전파 탑으로 방송문화와 관광산업의 미래를 위해 건립되었습니다. 세계 유명한 종합 탑들이 그 나라 또는 그 도시의 상징적인 존재가 된 것처럼 남산서울타워 역시 지난 40여 년간 대한민국의 대표적인 관광지이자 서울의 상징물 역할을 해왔습니다.,지역 역사·관광 탐방 동화 배경,장소의 특징을 찾아보고 가족 여행 기록 남기기,5-7;8-10,관광;관광지;남산&N서울타워;남산서울타워는;효율적인;방송전파;송수신과;한국의;전통미를;살린;전망시설의;기능을,남산&N서울타워,관광지,서울특별시 용산구 남산공원길 105,서울특별시 용산구 용산동2가 산1-3,8456,화장실+주차장+관광안내소+수유실,,,전망대,푸드코트+카페,,1980-10-15,600,0,남산서울타워는 효율적인 방송전파 송수신과 한국의 전통미를 살린 관광 전망시설의 기능을 겸비한 국내 최초의 종합전파 탑으로 방송문화와 관광산업의 미래를 위해 건립되었습니다. 세계 유명한 종합 탑들이 그 나라 또는 그 도시의 상징적인 존재가 된 것처럼 남산서울타워 역시 지난 40여 년간 대한민국의 대표적인 관광지이자 서울의 상징물 역할을 해왔습니다.,02-2199-7240,서울특별시 용산구청 문화진흥과,2025-07-25,3020000,서울특별시 용산구
전국관광지정보표준데이터,https://www.data.go.kr/data/15021141/standard.do,2024-11-19,place,순천만습지,관광지,전라남도 순천시,전라남도 순천시 순천만길 513-25(대대동),34.88579701,127.5092833,"75㎢가 넘는 해수역, 22.6㎢의 갯벌면적, 5.4㎢에 달하는 거대한 갈대군락과 겨울이면 흑두루미, 재두루미, 노랑부리저어새, 큰고니, 검은머리물떼새 등 순천만에서 발견되는 철새는 총 230여종으로 우리나라 전체 조류의 절반가량이나 되며 2003년 습지 보호지역, 2006년 람사르협약 등록, 2008년 국가지정문화재 명승 제41호로 지정된 순천만은 농게, 칠게, 짱뚱어 등과 같은 갯벌 생물들이 한데 어우러져 살아가고 있음.",지역 역사·관광 탐방 동화 배경,장소의 특징을 찾아보고 가족 여행 기록 남기기,5-7;8-10,관광;관광지;순천만습지;75㎢가;넘는;해수역;22.6㎢의;갯벌면적;5.4㎢에;달하는;거대한;갈대군락과,순천만습지,관광지,전라남도 순천시 순천만길 513-25(대대동),전라남도 순천시 대대동 162-2,3015859,순천만쉼터+ 공예·특산품관+ 안내소+유모차대여+양산대여,,용산전망대+순천만갈대밭,순천문학관+체험선+순천만역사관+자연생태관,,,2008-06-16,1000,600,"75㎢가 넘는 해수역, 22.6㎢의 갯벌면적, 5.4㎢에 달하는 거대한 갈대군락과 겨울이면 흑두루미, 재두루미, 노랑부리저어새, 큰고니, 검은머리물떼새 등 순천만에서 발견되는 철새는 총 230여종으로 우리나라 전체 조류의 절반가량이나 되며 2003년 습지 보호지역, 2006년 람사르협약 등록, 2008년 국가지정문화재 명승 제41호로 지정된 순천만은 농게, 칠게, 짱뚱어 등과 같은 갯벌 생물들이 한데 어우러져 살아가고 있음.",061-749-6052,전라남도 순천시청 순천만보전과,2024-11-19,4820000,전라남도 순천시
전국관광지정보표준데이터,https://www.data.go.kr/data/15021141/standard.do,2024-11-19,place,낙안읍성,관광지,전라남도 순천시,전라남도 순천시 낙안면 충민길 30(동내리),34.90640107,127.3418227,"조선시대 상징적 계획도시인 읍성으로 주민이 실재 거주하는 대한민국 대표 민속마을-사적 제302호(1983.6.14.), 세계문화유산 잠정목록에 등재(2011.3.29.)",지역 역사·관광 탐방 동화 배경,장소의 특징을 찾아보고 가족 여행 기록 남기기,5-7;8-10,관광;관광지;낙안읍성;조선시대;상징적;계획도시인;읍성으로;주민이;실재;거주하는;대한민국;대표,낙안읍성,관광지,전라남도 순천시 낙안면 충민길 30(동내리),전라남도 순천시 낙안면 동내리 438-1,223108,주차장+ 화장실+ 음수대+ 매표소+ 관광안내소+ 전시가옥+ 체험장+ 자료관+ 교통통제소,개인 민박(36개소),,,식당(난전1~4호점)+ 매점,,1983-06-14,30000,565,"조선시대 상징적 계획도시인 읍성으로 주민이 실재 거주하는 대한민국 대표 민속마을-사적 제302호(1983.6.14.), 세계문화유산 잠정목록에 등재(2011.3.29.)",061-749-8840,전라남도 순천시청 낙안읍성지원사업소,2024-11-19,4820000,전라남도 순천시
전국관광지정보표준데이터,https://www.data.go.kr/data/15021141/standard.do,2024-11-19,place,드라마촬영장,관광지,전라남도 순천시,전라남도 순천시 비례골길 24(조례동),34.95810919,127.5378026,2006년 개장한 순천드라마촬영장은 1960~80년대 시대별 3개 마을(185여채)이 조성되어 있으며 7080 복고 체험 프로그램을 구성하여 관광객이 지속적으로 증가하고 있는 추세임,지역 역사·관광 탐방 동화 배경,장소의 특징을 찾아보고 가족 여행 기록 남기기,5-7;8-10,관광;관광지;드라마촬영장;2006년;개장한;순천드라마촬영장은;1960~80년대;시대별;3개;마을(185여채)이;조성되어;있으며,드라마촬영장,관광지,전라남도 순천시 비례골길 24(조례동),전라남도 순천시 조례동 22,40463,주차장+화장실+음수대+매표소+관광안내소+전시가옥+체험장+자료관+수유실+여행자쉼터,해당없음,추억음악실+청춘사진관+뽑기방+오락실,순양극장+언약의집+시간여행영화속으로+여행자쉼터,매점+장터,해당없음,2006-11-02,10000,170,2006년 개장한 순천드라마촬영장은 1960~80년대 시대별 3개 마을(185여채)이 조성되어 있으며 7080 복고 체험 프로그램을 구성하여 관광객이 지속적으로 증가하고 있는 추세임,061-749-4540,전라남도 순천시청 관광과,2024-11-19,4820000,전라남도 순천시
전국관광지정보표준데이터,https://www.data.go.kr/data/15021141/standard.do,2024-11-19,place,뿌리깊은나무박물관,관광지,전라남도 순천시,전라남도 순천시 낙안면 평촌3길 45,34.9036464,127.3399827,"2011년에 개관한 뿌리깊은나무박물관은 잡지뿌리깊은나무 창간자 故한창기 선생이 생전에 모은 6,500여점의 유물이 전시·보존 되어 있는곳입니다.",지역 역사·관광 탐방 동화 배경,장소의 특징을 찾아보고 가족 여행 기록 남기기,5-7;8-10,관광;관광지;뿌리깊은나무박물관;2011년에;개관한;뿌리깊은나무박물관은;잡지뿌리깊은나무;창간자;故한창기;선생이;생전에;모은,뿌리깊은나무박물관,관광지,전라남도 순천시 낙안면 평촌3길 45,전라남도 순천시 낙안면 남내리 219,1736,박물관 쉼터+ 물품보관소+ 매표소+ 안내데스크,해당없음,해당없음,해당없음,해당없음,해당없음,2011-11-21,300,40,"2011년에 개관한 뿌리깊은나무박물관은 잡지뿌리깊은나무 창간자 故한창기 선생이 생전에 모은 6,500여점의 유물이 전시·보존 되어 있는곳입니다.",061-749-8858,전라남도 순천시청 문화유산과,2024-11-19,4820000,전라남도 순천시
전국관광지정보표준데이터,https://www.data.go.kr/data/15021141/standard.do,2024-11-19,place,송광사,관광지,전라남도 순천시,전라남도 순천시 송광면 송광사안길 100,35.00236255,127.2748706,유구한 역사를 품은 힐링 사찰,지역 역사·관광 탐방 동화 배경,장소의 특징을 찾아보고 가족 여행 기록 남기기,5-7;8-10,관광;관광지;송광사;유구한;역사를;품은;힐링;사찰,송광사,관광지,전라남도 순천시 송광면 송광사안길 100,전라남도 순천시 송광면 신평리 12,44297,쉼터,,,,,,2009-12-21,200,300,유구한 역사를 품은 힐링 사찰,061-755-0107,전라남도 순천시청 송광면,2024-11-19,4820000,전라남도 순천시
전국관광지정보표준데이터,https://www.data.go.kr/data/15021141/standard.do,2024-11-19,place,선암사,관광지,전라남도 순천시,전라남도 순천시 승주읍 선암사길 450,34.99618213,127.327356,선암사는 호남의 명산 조계산(884M)에 자리잡은 한국적인 절의 옛 모습을  가장 잘 보존한 천년의 고찰로 2018년 유네스코 세계문화유산에 등재된 국내의 명찰 가운데 하나,지역 역사·관광 탐방 동화 배경,장소의 특징을 찾아보고 가족 여행 기록 남기기,5-7;8-10,관광;관광지;선암사;선암사는;호남의;명산;조계산(884M)에;자리잡은;한국적인;절의;옛;모습을,선암사,관광지,전라남도 순천시 승주읍 선암사길 450,전라남도 순천시 승주읍 죽학리 802,10000,화장실+ 매표소+ 주차장+ 종무소(안내소)+ 기념품판매소(선각당+ 금강서적),심검당+ 창파당+ 설선당+ 해천당,해당없음,불교대학+ 템플스테이,공양간+ 선각당(찻집),없음,2018-06-30,2000,330,선암사는 호남의 명산 조계산(884M)에 자리잡은 한국적인 절의 옛 모습을  가장 잘 보존한 천년의 고찰로 2018년 유네스코 세계문화유산에 등재된 국내의 명찰 가운데 하나,061-754-5247,전라남도 순천시청 승주읍,2024-11-19,4820000,전라남도 순천시
전국관광지정보표준데이터,https://www.data.go.kr/data/15021141/standard.do,2024-11-19,place,에코촌유스호스텔,관광지,전라남도 순천시,전라남도 순천시 해룡면 생태배움길 123,34.92310938,127.5164423,"세계5대 연안습지 순천만, 2013년 440만이 감동한 순천마 정원의 인근에 자리잡은 전국 최초 전통 한옥형 유스호스텔.",지역 역사·관광 탐방 동화 배경,장소의 특징을 찾아보고 가족 여행 기록 남기기,5-7;8-10,관광;관광지;에코촌유스호스텔;세계5대;연안습지;순천만;2013년;440만이;감동한;순천마;정원의;인근에,에코촌유스호스텔,관광지,전라남도 순천시 해룡면 생태배움길 123,전라남도 순천시 해룡면 대안리 1055-9,1866,화장실,숙박시설 20개,씨름장,,,에코관+ 생태관+ 식당+ 자가취사장,2013-04-17,150,45,"세계5대 연안습지 순천만, 2013년 440만이 감동한 순천마 정원의 인근에 자리잡은 전국 최초 전통 한옥형 유스호스텔.",061-749-4816,전라남도 순천시청 관광과,2024-11-19,4820000,전라남도 순천시
전국관광지정보표준데이터,https://www.data.go.kr/data/15021141/standard.do,2025-12-22,place,춘장대,관광지,충청남도 서천군,충청남도 서천군 서면 춘장대길 20,36.16334922,126.5243355,국내 유일의 해송림 해수욕장으로 캠핑장과 조개잡이 체험등 다양한 즐길거리와 인근 동백정 마량항등 볼거리도 풍부,지역 역사·관광 탐방 동화 배경,장소의 특징을 찾아보고 가족 여행 기록 남기기,5-7;8-10,관광;관광지;춘장대;국내;유일의;해송림;해수욕장으로;캠핑장과;조개잡이;체험등;다양한;즐길거리와,춘장대,관광지,충청남도 서천군 서면 춘장대길 20,충청남도 서천군 서면 도둔리 1319,298930,종합안내소+주차장+화장실+취사장,,,,,,1977-04-21,100000,300,국내 유일의 해송림 해수욕장으로 캠핑장과 조개잡이 체험등 다양한 즐길거리와 인근 동백정 마량항등 볼거리도 풍부,041-950-4091,충청남도 서천군청,2025-12-22,4580000,충청남도 서천군
전국관광지정보표준데이터,https://www.data.go.kr/data/15021141/standard.do,2026-01-19,place,은파관광지,관광지,전북특별자치도 군산시,전북특별자치도 군산시 은파순환길9 (나운동),35.95536227,126.6890748,봄철이 되면 화사한 벚꽃길로 유명하여 시민들의 사랑을 받고 있다.,지역 역사·관광 탐방 동화 배경,장소의 특징을 찾아보고 가족 여행 기록 남기기,5-7;8-10,관광;관광지;은파관광지;봄철이;되면;화사한;벚꽃길로;유명하여;시민들의;사랑을;받고;있다.,은파관광지,관광지,전북특별자치도 군산시 은파순환길9 (나운동),전북특별자치도 군산시 나운동 1223-5,1408151,관리사무소+화장실+주차장+잔디관장,관광호텔,다목적운동장+체력단련장,숲체험장+휴게쉼터+전망휴게쉼터+생태습지+억새원+편백나무쉼터+숲속산책쉼터,야외공연장,없음,2020-07-10,40000,982,봄철이 되면 화사한 벚꽃길로 유명하여 시민들의 사랑을 받고 있다.,063-454-4895,전북특별자치도 군산시청,2026-01-19,4671000,전북특별자치도 군산시
전국관광지정보표준데이터,https://www.data.go.kr/data/15021141/standard.do,2026-01-19,place,금강호관광지,관광지,전북특별자치도 군산시,전북특별자치도 군산시 성산면 철새로 120,36.01987856,126.7653058,국내 최대 철새도래지로서 자연과 문화가 어우러지는 사계절 관광지로 거듭나고 있음,지역 역사·관광 탐방 동화 배경,장소의 특징을 찾아보고 가족 여행 기록 남기기,5-7;8-10,관광;관광지;금강호관광지;국내;최대;철새도래지로서;자연과;문화가;어우러지는;사계절;관광지로;거듭나고,금강호관광지,관광지,전북특별자치도 군산시 성산면 철새로 120,전북특별자치도 군산시 성산면 성덕리 411-1,648380,주차장+광장+화장실+관리사무소,관광호텔,유희시설+테니스장,어린이공원+체험학습장+철새조망대,야외무대,없음,2020-07-10,9969,1055,국내 최대 철새도래지로서 자연과 문화가 어우러지는 사계절 관광지로 거듭나고 있음,063-454-3344,전북특별자치도 군산시청,2026-01-19,4671000,전북특별자치도 군산시
전국관광지정보표준데이터,https://www.data.go.kr/data/15021141/standard.do,2025-11-28,place,유당공원,관광지,전라남도 광양시,전라남도 광양시 광양읍 백운로 14,34.97010442,127.5924243,1528년 광양현감 박세후 조성,지역 역사·관광 탐방 동화 배경,장소의 특징을 찾아보고 가족 여행 기록 남기기,5-7;8-10,관광;관광지;유당공원;1528년;광양현감;박세후;조성,유당공원,관광지,전라남도 광양시 광양읍 백운로 14,전라남도 광양시 광양읍 목성리 673-1,10029,주차장,,,,,,1979-12-03,10000,1000,1528년 광양현감 박세후 조성,061-797-4979,전라남도 광양시청 공원녹지과,2025-11-28,4840000,전라남도 광양시
전국관광지정보표준데이터,https://www.data.go.kr/data/15021141/standard.do,2025-11-28,place,서천무지개분수대,관광지,전라남도 광양시,전라남도 광양시 광양읍 칠성리 729,34.9735109,127.5756854,음악분수 퍼포먼스 공연,지역 역사·관광 탐방 동화 배경,장소의 특징을 찾아보고 가족 여행 기록 남기기,5-7;8-10,관광;관광지;서천무지개분수대;음악분수;퍼포먼스;공연,서천무지개분수대,관광지,,전라남도 광양시 광양읍 칠성리 729,10029,주차장+화장실,,,,,,1979-12-03,10000,1000,음악분수 퍼포먼스 공연,061-797-4979,전라남도 광양시청 공원녹지과,2025-11-28,4840000,전라남도 광양시
전국관광지정보표준데이터,https://www.data.go.kr/data/15021141/standard.do,2025-11-28,place,장도전수관,관광지,전라남도 광양시,전라남도 광양시 광양읍 매천로 771,34.97705608,127.5805515,"장도 선비·부녀자 사용, 중요무형문화재 60호 장도장",지역 역사·관광 탐방 동화 배경,장소의 특징을 찾아보고 가족 여행 기록 남기기,5-7;8-10,관광;관광지;장도전수관;장도;선비·부녀자;사용;중요무형문화재;60호;장도장,장도전수관,관광지,전라남도 광양시 광양읍 매천로 771,전라남도 광양시 광양읍 칠성리 1009-3,1590.8,화장실+주차장+기념품판매소,,,,,,2001-06-30,10000,1000,"장도 선비·부녀자 사용, 중요무형문화재 60호 장도장",061-763-0510,광양 장도박물관,2025-11-28,4840000,전라남도 광양시
전국관광지정보표준데이터,https://www.data.go.kr/data/15021141/standard.do,2025-11-28,place,도립미술관,관광지,전라남도 광양시,전라남도 광양시 순광로 680-4,34.96887104,127.5903033,2017년 말 착공 예정,지역 역사·관광 탐방 동화 배경,장소의 특징을 찾아보고 가족 여행 기록 남기기,5-7;8-10,관광;관광지;도립미술관;2017년;말;착공;예정,도립미술관,관광지,전라남도 광양시 순광로 680-4,전라남도 광양시 광양읍 인동리 227-1,9464,화장실+주차장+기념품판매소,,,미술관+전시관,카페테리아,관리사무소,2017-07-07,10000,1000,2017년 말 착공 예정,061-797-2227,전라남도 광양시청 문화예술과,2025-11-28,4840000,전라남도 광양시
전국관광지정보표준데이터,https://www.data.go.kr/data/15021141/standard.do,2025-11-28,place,광양와인동굴,관광지,전라남도 광양시,전라남도 광양시 광양읍 강정길 33,34.96130264,127.6085909,"바닥 트릭아트, 세계 와인 전시, 와인 카페테리아, 오브젝트 맴핑, VR체험관 등",지역 역사·관광 탐방 동화 배경,장소의 특징을 찾아보고 가족 여행 기록 남기기,5-7;8-10,관광;관광지;광양와인동굴;바닥;트릭아트;세계;와인;전시;카페테리아;오브젝트;맴핑;VR체험관,광양와인동굴,관광지,전라남도 광양시 광양읍 강정길 33,전라남도 광양시 광양읍 용강리 48-1,10029,화장실+주차장+기념품판매소+특산품판매소+매표소,,,,카페테리아,관리사무소,2017-07-07,10000,1000,"바닥 트릭아트, 세계 와인 전시, 와인 카페테리아, 오브젝트 맴핑, VR체험관 등",061-794-7788,광양 와인동굴,2025-11-28,4840000,전라남도 광양시
전국관광지정보표준데이터,https://www.data.go.kr/data/15021141/standard.do,2025-11-28,place,광양역사문화관,관광지,전라남도 광양시,전라남도 광양시 광양읍 매천로 829,34.9757671,127.5859802,"광양의 역사, 문화, 인물 자료 전시·설명",지역 역사·관광 탐방 동화 배경,장소의 특징을 찾아보고 가족 여행 기록 남기기,5-7;8-10,관광;관광지;광양역사문화관;광양의;역사;문화;인물;자료;전시·설명,광양역사문화관,관광지,전라남도 광양시 광양읍 매천로 829,전라남도 광양시 광양읍 읍내리 272-1,2447,주차장+화장실,,,전시관,,관리사무소,1942-08-25,10000,1000,"광양의 역사, 문화, 인물 자료 전시·설명",061-797-1985,전라남도 광양시청 문화예술과,2025-11-28,4840000,전라남도 광양시
전국관광지정보표준데이터,https://www.data.go.kr/data/15021141/standard.do,2025-11-28,place,사라실 라벤더 단지,관광지,전라남도 광양시,전라남도 광양시 주암면 문길리 산 20-2,35.04162939,127.270748,"라벤더마을, 라벤더 체험장",지역 역사·관광 탐방 동화 배경,장소의 특징을 찾아보고 가족 여행 기록 남기기,5-7;8-10,관광;관광지;사라실;라벤더;단지;라벤더마을;체험장,사라실 라벤더 단지,관광지,,전라남도 광양시 주암면 문길리 산 20-2,23792,화장실+주차장+기념품판매소+매표소,,,,레스토랑+카페테리아,관리사무소,2005-05-15,10000,1000,"라벤더마을, 라벤더 체험장",061-762-0723,사라실라벤터 영농조합법인,2025-11-28,4840000,전라남도 광양시
전국관광지정보표준데이터,https://www.data.go.kr/data/15021141/standard.do,2025-11-28,place,사라실 예술촌,관광지,전라남도 광양시,전라남도 광양시 사곡로 201,34.962211,127.626222,광양 사라실 예술촌,지역 역사·관광 탐방 동화 배경,장소의 특징을 찾아보고 가족 여행 기록 남기기,5-7;8-10,관광;관광지;사라실;예술촌;광양,사라실 예술촌,관광지,전라남도 광양시 사곡로 201,전라남도 광양시 사곡리 1005,14000,주차장+화장실,,,,,,1979-12-03,10000,1000,광양 사라실 예술촌,061-797-2734,전라남도 광양시청 문화예술과,2025-11-28,4840000,전라남도 광양시
전국관광지정보표준데이터,https://www.data.go.kr/data/15021141/standard.do,2025-11-28,place,광양 마로산성,관광지,전라남도 광양시,전라남도 광양시 사곡리 산 254,34.966742,127.619496,국가지정문화재 사적 제492호,지역 역사·관광 탐방 동화 배경,장소의 특징을 찾아보고 가족 여행 기록 남기기,5-7;8-10,관광;관광지;광양;마로산성;국가지정문화재;사적;제492호,광양 마로산성,관광지,,전라남도 광양시 사곡리 산 254,10029,주차장+화장실,,,,,,1979-12-03,10000,1000,국가지정문화재 사적 제492호,061-797-2418,전라남도 광양시청 문화예술과,2025-11-28,4840000,전라남도 광양시
전국관광지정보표준데이터,https://www.data.go.kr/data/15021141/standard.do,2025-11-28,place,광양 궁시장,관광지,전라남도 광양시,전라남도 광양시 광양읍 구산리 716,34.98778794,127.5865036,도지정무형문화재 제12호,지역 역사·관광 탐방 동화 배경,장소의 특징을 찾아보고 가족 여행 기록 남기기,5-7;8-10,관광;관광지;광양;궁시장;도지정무형문화재;제12호,광양 궁시장,관광지,,전라남도 광양시 광양읍 구산리 716,1377,"화장실,+궁시체험장",,,,,,1979-12-03,10000,1000,도지정무형문화재 제12호,061-763-1154,광양궁시전수교육관,2025-11-28,4840000,전라남도 광양시
전국관광지정보표준데이터,https://www.data.go.kr/data/15021141/standard.do,2025-11-28,place,매천황현생가,관광지,전라남도 광양시,전라남도 광양시 봉강면 서석길 14-3,34.99341564,127.561707,조선의 마지막 선비 우국지사 매천 황현선생 생가,지역 역사·관광 탐방 동화 배경,장소의 특징을 찾아보고 가족 여행 기록 남기기,5-7;8-10,관광;관광지;매천황현생가;조선의;마지막;선비;우국지사;매천;황현선생;생가,매천황현생가,관광지,전라남도 광양시 봉강면 서석길 14-3,전라남도 광양시 봉강면 석사리 758,522,화장실,,,,,,1979-12-03,10000,1000,조선의 마지막 선비 우국지사 매천 황현선생 생가,061-797-2418,전라남도 광양시청 문화예술과,2025-11-28,4840000,전라남도 광양시
전국관광지정보표준데이터,https://www.data.go.kr/data/15021141/standard.do,2025-11-28,place,해달별천문대,관광지,전라남도 광양시,전라남도 광양시 봉강면 하조길 91-20,35.07478024,127.5540516,"낮-태양, 밤-해·달 관찰, 천체사진 촬영",지역 역사·관광 탐방 동화 배경,장소의 특징을 찾아보고 가족 여행 기록 남기기,5-7;8-10,관광;관광지;해달별천문대;낮-태양;밤-해·달;관찰;천체사진;촬영,해달별천문대,관광지,전라남도 광양시 봉강면 하조길 91-20,전라남도 광양시 봉강면 조령리 산 222-7,1421,화장실+천문대,,,,,,2016-01-28,10000,1000,"낮-태양, 밤-해·달 관찰, 천체사진 촬영",061-762-5393,광양 해달별천문대,2025-11-28,4840000,전라남도 광양시
전국관광지정보표준데이터,https://www.data.go.kr/data/15021141/standard.do,2025-11-28,place,백운산자연휴양림,관광지,전라남도 광양시,전라남도 광양시 옥룡면 백계로 33,35.05164423,127.5985292,"교육장, 야영장, 수영장, 산책로",지역 역사·관광 탐방 동화 배경,장소의 특징을 찾아보고 가족 여행 기록 남기기,5-7;8-10,관광;관광지;백운산자연휴양림;교육장;야영장;수영장;산책로,백운산자연휴양림,관광지,전라남도 광양시 옥룡면 백계로 33,전라남도 광양시 옥룡면 추산리 산 114,5157,화장실+주차장+매표소+매점,캐빈하우스 20+ 카라반 3,수영장+황톳길+둘레길,,,관리사무소,1979-12-03,10000,1000,"교육장, 야영장, 수영장, 산책로",061-797-4705,전라남도 광양시 휴양림사업소,2025-11-28,4840000,전라남도 광양시
전국관광지정보표준데이터,https://www.data.go.kr/data/15021141/standard.do,2025-11-28,place,광양 옥룡사지,관광지,전라남도 광양시,전라남도 광양시 옥룡면 추산리 산 35-1,35.04701721,127.6085305,국가지정문화재 사적 제207호,지역 역사·관광 탐방 동화 배경,장소의 특징을 찾아보고 가족 여행 기록 남기기,5-7;8-10,관광;관광지;광양;옥룡사지;국가지정문화재;사적;제207호,광양 옥룡사지,관광지,전라남도 광양시 옥룡면 추산리 산 35-1,전라남도 광양시 옥룡면 추산리 산 35-1,136502,주차장+화장실,,,,,,1979-12-03,10000,1000,국가지정문화재 사적 제207호,061-797-2418,전라남도 광양시청 문화예술과,2025-11-28,4840000,전라남도 광양시
전국관광지정보표준데이터,https://www.data.go.kr/data/15021141/standard.do,2025-11-28,place,국사봉랜드,관광지,전라남도 광양시,전라남도 광양시 옥곡면 대치로 433,35.00642478,127.6525399,"숙박, 물놀이장, 야외공연장",지역 역사·관광 탐방 동화 배경,장소의 특징을 찾아보고 가족 여행 기록 남기기,5-7;8-10,관광;관광지;국사봉랜드;숙박;물놀이장;야외공연장,국사봉랜드,관광지,전라남도 광양시 옥곡면 대치로 433,전라남도 광양시 옥곡면 수평리 130,10029,화장실+주차장+매점+매표소,객실 16+ 카라반 3,수영장+4계절썰매장+실내행사장+족구장+트램폴린,,,,1979-12-03,10000,1000,"숙박, 물놀이장, 야외공연장",061-794-8724,광양 국사봉랜드,2025-11-28,4840000,전라남도 광양시
전국관광지정보표준데이터,https://www.data.go.kr/data/15021141/standard.do,2025-11-28,place,기독교선교100주년기념관,관광지,전라남도 광양시,전라남도 광양시 진상면 성지로 399,35.04305027,127.6604508,"기독교역사관, 유품전시관",지역 역사·관광 탐방 동화 배경,장소의 특징을 찾아보고 가족 여행 기록 남기기,5-7;8-10,관광;관광지;기독교선교100주년기념관;기독교역사관;유품전시관,기독교선교100주년기념관,관광지,전라남도 광양시 진상면 성지로 399,전라남도 광양시 진상면 황죽리 1395,2269,주차장+화장실,,,대예배실,레스토랑,,2008-05-28,10000,1000,"기독교역사관, 유품전시관",061-772-7441,광양 기독교 선교 100주년 기념관,2025-11-28,4840000,전라남도 광양시
전국관광지정보표준데이터,https://www.data.go.kr/data/15021141/standard.do,2025-11-28,place,섬진강 망덕포구,관광지,전라남도 광양시,전라남도 광양시 진월면 망덕길 171,34.96787088,127.7579265,"550리 섬진강과 남해바다가 만나는곳, 윤동주시인 유고보존 정병욱 가옥",지역 역사·관광 탐방 동화 배경,장소의 특징을 찾아보고 가족 여행 기록 남기기,5-7;8-10,관광;관광지;섬진강;망덕포구;550리;섬진강과;남해바다가;만나는곳;윤동주시인;유고보존;정병욱;가옥,섬진강 망덕포구,관광지,전라남도 광양시 진월면 망덕길 171,전라남도 광양시 진월면 망덕리 845-82,10029,주차장+화장실,,,,,,1979-12-03,10000,1000,"550리 섬진강과 남해바다가 만나는곳, 윤동주시인 유고보존 정병욱 가옥",061-772-4066,청매실농원,2025-11-28,4840000,전라남도 광양시
전국관광지정보표준데이터,https://www.data.go.kr/data/15021141/standard.do,2025-11-28,place,윤동주 유고 보존 정병욱 가옥,관광지,전라남도 광양시,전라남도 광양시 진월면 망덕길 249,34.97075423,127.759122,국가등록문화재 제341호,지역 역사·관광 탐방 동화 배경,장소의 특징을 찾아보고 가족 여행 기록 남기기,5-7;8-10,관광;관광지;윤동주;유고;보존;정병욱;가옥;국가등록문화재;제341호,윤동주 유고 보존 정병욱 가옥,관광지,전라남도 광양시 진월면 망덕길 249,전라남도 광양시 진월면 망덕리 23,254,화장실,,,,,,1979-12-03,10000,1000,국가등록문화재 제341호,061-797-2418,전라남도 광양시청 문화예술과,2025-11-28,4840000,전라남도 광양시
전국관광지정보표준데이터,https://www.data.go.kr/data/15021141/standard.do,2025-11-28,place,광양매화문화관,관광지,전라남도 광양시,전라남도 광양시 다압면 지막1길 21,35.07665864,127.7180474,"매화꽃, 매실가공식품, 홍쌍리 명인",지역 역사·관광 탐방 동화 배경,장소의 특징을 찾아보고 가족 여행 기록 남기기,5-7;8-10,관광;관광지;광양매화문화관;매화꽃;매실가공식품;홍쌍리;명인,광양매화문화관,관광지,전라남도 광양시 다압면 지막1길 21,전라남도 광양시 다압면 도사리 377,4694.1,화장실+주차장+매점,,,,,,1979-12-03,10000,1000,"매화꽃, 매실가공식품, 홍쌍리 명인",061-797-3363,전라남도 광양시청 관광과,2025-11-28,4840000,전라남도 광양시
전국관광지정보표준데이터,https://www.data.go.kr/data/15021141/standard.do,2025-11-28,place,느랭이골자연리조트,관광지,전라남도 광양시,전라남도 광양시 토끼재길 119-32,35.06003247,127.7114041,"편백숲 삼림욕장, 글램핑장, 별빛축제",지역 역사·관광 탐방 동화 배경,장소의 특징을 찾아보고 가족 여행 기록 남기기,5-7;8-10,관광;관광지;느랭이골자연리조트;편백숲;삼림욕장;글램핑장;별빛축제,느랭이골자연리조트,관광지,전라남도 광양시 토끼재길 119-32,전라남도 광양시 다압면 신원리 산125,53302,화장실+주차장+매점+매표소,글램핑 40동,힐링산책로+LED 별빛축제,,레스토랑,관리사무소,1979-12-03,10000,1000,"편백숲 삼림욕장, 글램핑장, 별빛축제",1588-2704,느랭이골 자연휴양림 글램핑장,2025-11-28,4840000,전라남도 광양시
전국관광지정보표준데이터,https://www.data.go.kr/data/15021141/standard.do,2025-11-28,place,구봉산전망대,관광지,전라남도 광양시,전라남도 광양시 구봉산전망대길 155,34.93646837,127.6427008,"해발 473m 구봉산, 9.4m 봉수대, 광양만야경",지역 역사·관광 탐방 동화 배경,장소의 특징을 찾아보고 가족 여행 기록 남기기,5-7;8-10,관광;관광지;구봉산전망대;해발;473m;구봉산;9.4m;봉수대;광양만야경,구봉산전망대,관광지,전라남도 광양시 구봉산전망대길 155,전라남도 광양시 성황동 산228-1,1761,주차장+화장실,,,,카페테리아,관리사무소,1979-12-03,10000,1000,"해발 473m 구봉산, 9.4m 봉수대, 광양만야경",061-797-2296,전라남도 광양시청 시설관리과,2025-11-28,4840000,전라남도 광양시
전국관광지정보표준데이터,https://www.data.go.kr/data/15021141/standard.do,2025-11-28,place,광양항해양공원,관광지,전라남도 광양시,전라남도 광양시 중동 1894,34.92127751,127.6939636,"공연장, 포토존, 산책로",지역 역사·관광 탐방 동화 배경,장소의 특징을 찾아보고 가족 여행 기록 남기기,5-7;8-10,관광;관광지;광양항해양공원;공연장;포토존;산책로,광양항해양공원,관광지,,전라남도 광양시 중동 1894,27282.5,주차장+화장실,,,,,,1979-12-03,10000,1000,"공연장, 포토존, 산책로",061-797-3363,전라남도 광양시청 관광과,2025-11-28,4840000,전라남도 광양시
전국관광지정보표준데이터,https://www.data.go.kr/data/15021141/standard.do,2025-11-28,place,무지개다리,관광지,전라남도 광양시,전라남도 광양시 금호동 625-1,34.93679857,127.715141,"해상보도교량(L=300m, B=4m)",지역 역사·관광 탐방 동화 배경,장소의 특징을 찾아보고 가족 여행 기록 남기기,5-7;8-10,관광;관광지;무지개다리;해상보도교량(L=300m;B=4m),무지개다리,관광지,,전라남도 광양시 금호동 625-1,1840.5,주차장+화장실,,,,,,1979-12-03,10000,1000,"해상보도교량(L=300m, B=4m)",061-797-3363,전라남도 광양시청 관광과,2025-11-28,4840000,전라남도 광양시
전국관광지정보표준데이터,https://www.data.go.kr/data/15021141/standard.do,2025-11-28,place,해오름육교,관광지,전라남도 광양시,전라남도 광양시 마동 1125,34.93442662,127.7061606,중마동과 금호동을 연결하는 이순신 해변관광 테마거리 랜드마크 육교 (L=155.2m),지역 역사·관광 탐방 동화 배경,장소의 특징을 찾아보고 가족 여행 기록 남기기,5-7;8-10,관광;관광지;해오름육교;중마동과;금호동을;연결하는;이순신;해변관광;테마거리;랜드마크;육교;(L=155.2m),해오름육교,관광지,,전라남도 광양시 마동 1125,32577.6,주차장+화장실,,,,,,1979-12-03,10000,1000,중마동과 금호동을 연결하는 이순신 해변관광 테마거리 랜드마크 육교 (L=155.2m),061-797-3363,전라남도 광양시청 관광과,2025-11-28,4840000,전라남도 광양시
전국관광지정보표준데이터,https://www.data.go.kr/data/15021141/standard.do,2025-11-28,place,배알도수변공원,관광지,전라남도 광양시,전라남도 광양시 태인동 1632-13,34.959931,127.7601849,"가족단위 야영·캠핑장, 해변 데크산책로",지역 역사·관광 탐방 동화 배경,장소의 특징을 찾아보고 가족 여행 기록 남기기,5-7;8-10,관광;관광지;배알도수변공원;가족단위;야영·캠핑장;해변;데크산책로,배알도수변공원,관광지,,전라남도 광양시 태인동 1632-13,1598,주차장+화장실,,,캠핑장,,,1979-12-03,10000,1000,"가족단위 야영·캠핑장, 해변 데크산책로",061-797-3363,전라남도 광양시청 관광과,2025-11-28,4840000,전라남도 광양시
전국관광지정보표준데이터,https://www.data.go.kr/data/15021141/standard.do,2025-11-28,place,광양 김 시식지,관광지,전라남도 광양시,전라남도 광양시 김시식지1길 57-6,34.94697848,127.7519933,도지정기념물 제113호,지역 역사·관광 탐방 동화 배경,장소의 특징을 찾아보고 가족 여행 기록 남기기,5-7;8-10,관광;관광지;광양;김;시식지;도지정기념물;제113호,광양 김 시식지,관광지,전라남도 광양시 김시식지1길 57-6,전라남도 광양시 태인동 829,166,주차장+화장실,,,,,,1979-12-03,10000,1000,도지정기념물 제113호,061-797-2418,전라남도 광양시청 문화예술과,2025-11-28,4840000,전라남도 광양시
전국관광지정보표준데이터,https://www.data.go.kr/data/15021141/standard.do,2026-01-10,place,문경새재 도립공원,관광지,경상북도 문경시,경상북도 문경시 문경읍 새재로 932,36.76160207,128.0769905,"문경새재는 새도 날아서 넘기 힘든 고개라는 뜻으로, 조령(鳥嶺)이라고도 한다. 풀이 우거진 고개[草岾] 또는 하늘재와 이우리재[伊火峴] 사이에 있는 고개라는 뜻에서 새재로 했다는 설과 새로[新] 생긴 고개라는 뜻에서 새재로 지었다는 설도 전해진다.1966년 문경관문이 사적 147호로 지정된 뒤, 1974년에는 주흘산(1,106m)과 조령관문 일원이 경상북도지방기념물 18호로 지정되었다. 1979년 경상북도 제1호 국민관광지, 1982년 문화재보호구역으로 각각 지정되었다. 1997년 문경새재박물관을 개관한 데 이어, 2000년과 2002년에 각각 KBS 촬영장과 문경새재 야외공연장을 개장하였다.",지역 역사·관광 탐방 동화 배경,장소의 특징을 찾아보고 가족 여행 기록 남기기,5-7;8-10,관광;관광지;문경새재;도립공원;문경새재는;새도;날아서;넘기;힘든;고개라는;뜻으로;조령(鳥嶺)이라고도,문경새재 도립공원,관광지,경상북도 문경시 문경읍 새재로 932,,5494000,"관리사무소+화장실(31동 - 수세식 12동, 재래식 19동)+주차장(4개소)",,,,,,1981-06-04,10000,2320,"문경새재는 새도 날아서 넘기 힘든 고개라는 뜻으로, 조령(鳥嶺)이라고도 한다. 풀이 우거진 고개[草岾] 또는 하늘재와 이우리재[伊火峴] 사이에 있는 고개라는 뜻에서 새재로 했다는 설과 새로[新] 생긴 고개라는 뜻에서 새재로 지었다는 설도 전해진다.1966년 문경관문이 사적 147호로 지정된 뒤, 1974년에는 주흘산(1,106m)과 조령관문 일원이 경상북도지방기념물 18호로 지정되었다. 1979년 경상북도 제1호 국민관광지, 1982년 문화재보호구역으로 각각 지정되었다. 1997년 문경새재박물관을 개관한 데 이어, 2000년과 2002년에 각각 KBS 촬영장과 문경새재 야외공연장을 개장하였다.",054-550-8351,문경새재관리사무소,2026-01-10,5120000,경상북도 문경시
전국관광지정보표준데이터,https://www.data.go.kr/data/15021141/standard.do,2026-01-10,place,문경 에코월드(석탄박물관 포함),관광지,경상북도 문경시,경상북도 문경시 가은읍 왕능길 112,36.65420039,128.0613259,백두대간 생태자원이라는 핵심 콘텐츠와 친환경 녹색문화의 중심 문경에서 영상문화 콘텐츠를 결합한 생태 녹색 에너지환경 테마의 휴양문화공간으로 조성되어 모든 연령층이 함께 즐길 수 있는 문화 콘텐츠 테마파크,지역 역사·관광 탐방 동화 배경,장소의 특징을 찾아보고 가족 여행 기록 남기기,5-7;8-10,관광;관광지;문경;에코월드(석탄박물관;포함);백두대간;생태자원이라는;핵심;콘텐츠와;친환경;녹색문화의;중심,문경 에코월드(석탄박물관 포함),관광지,경상북도 문경시 가은읍 왕능길 112,,907503,관리사무소+화장실(동)+주차장(개소),,,,,,2018-10-02,4911,375,백두대간 생태자원이라는 핵심 콘텐츠와 친환경 녹색문화의 중심 문경에서 영상문화 콘텐츠를 결합한 생태 녹색 에너지환경 테마의 휴양문화공간으로 조성되어 모든 연령층이 함께 즐길 수 있는 문화 콘텐츠 테마파크,054-550-6398,경상북도 문경시청 관광진흥과,2026-01-10,5120000,경상북도 문경시
전국관광지정보표준데이터,https://www.data.go.kr/data/15021141/standard.do,2026-01-10,place,문경 철로자전거(진남역),관광지,경상북도 문경시,경상북도 문경시 마성면 진남1길 155,36.65438526,128.1283486,"전국 최초의 철로자전거, 영화의 촬영지로 쓰여도 좋을 만큼 예쁜 진남역을 출발해 진남교반의 절경을 감상하며 불정역까지 갔다가 돌아오는 코스",지역 역사·관광 탐방 동화 배경,장소의 특징을 찾아보고 가족 여행 기록 남기기,5-7;8-10,관광;관광지;문경;철로자전거(진남역);전국;최초의;철로자전거;영화의;촬영지로;쓰여도;좋을;만큼,문경 철로자전거(진남역),관광지,경상북도 문경시 마성면 진남1길 155,경상북도 문경시 마성면 신현리 116-7,3600,관리사무소+화장실(동)+주차장(개소),,,,,,2005-03-28,160,58,"전국 최초의 철로자전거, 영화의 촬영지로 쓰여도 좋을 만큼 예쁜 진남역을 출발해 진남교반의 절경을 감상하며 불정역까지 갔다가 돌아오는 코스",054-553-8300,문경관광공사,2026-01-10,5120000,경상북도 문경시
전국관광지정보표준데이터,https://www.data.go.kr/data/15021141/standard.do,2026-01-10,place,문경 철로자전거(구랑리역),관광지,경상북도 문경시,경상북도 문경시 마성면 구랑로 20,36.66102501,128.0993075,진남역을 출발해 야생화를 감상하며 달리다 어두운 터널을 통과하는 독특한 체험을 할 수 있는 구랑리역 코스,지역 역사·관광 탐방 동화 배경,장소의 특징을 찾아보고 가족 여행 기록 남기기,5-7;8-10,관광;관광지;문경;철로자전거(구랑리역);진남역을;출발해;야생화를;감상하며;달리다;어두운;터널을;통과하는,문경 철로자전거(구랑리역),관광지,경상북도 문경시 마성면 구랑로 20,,3300,관리사무소+화장실(동)+주차장(개소),,,,,,2013-09-10,180,64,진남역을 출발해 야생화를 감상하며 달리다 어두운 터널을 통과하는 독특한 체험을 할 수 있는 구랑리역 코스,054-553-8300,문경관광공사,2026-01-10,5120000,경상북도 문경시
전국관광지정보표준데이터,https://www.data.go.kr/data/15021141/standard.do,2026-01-10,place,문경 철로자전거(가은역),관광지,경상북도 문경시,경상북도 문경시 가은읍 대야로 2445,36.64931827,128.0607306,석탄박물관에서 가까운 가은역에서 출발해 구랑리역까지 갔다가 돌아오는 코스,지역 역사·관광 탐방 동화 배경,장소의 특징을 찾아보고 가족 여행 기록 남기기,5-7;8-10,관광;관광지;문경;철로자전거(가은역);석탄박물관에서;가까운;가은역에서;출발해;구랑리역까지;갔다가;돌아오는;코스,문경 철로자전거(가은역),관광지,경상북도 문경시 가은읍 대야로 2445,,3200,관리사무소+화장실(동)+주차장(개소),,,,,,2014-02-26,132,30,석탄박물관에서 가까운 가은역에서 출발해 구랑리역까지 갔다가 돌아오는 코스,054-553-8300,문경관광공사,2026-01-10,5120000,경상북도 문경시
전국관광지정보표준데이터,https://www.data.go.kr/data/15021141/standard.do,2026-01-10,place,문경 오미자테마터널,관광지,경상북도 문경시,경상북도 문경시 마성면 문경대로 1356-1,36.65989315,128.1286031,"경북 8경 중 제1경으로 꼽히는 진남교반 고모산성 아래에 있는 오미자테마터널, 과거에 석탄을 실어나르던 문경선 내 석현터널을 개발함",지역 역사·관광 탐방 동화 배경,장소의 특징을 찾아보고 가족 여행 기록 남기기,5-7;8-10,관광;관광지;문경;오미자테마터널;경북;8경;중;제1경으로;꼽히는;진남교반;고모산성;아래에,문경 오미자테마터널,관광지,경상북도 문경시 마성면 문경대로 1356-1,경상북도 문경시 마성면 신현리 산 35-6,540,관리사무소+화장실(동)+주차장(개소),,,,,,2017-06-21,3000,300,"경북 8경 중 제1경으로 꼽히는 진남교반 고모산성 아래에 있는 오미자테마터널, 과거에 석탄을 실어나르던 문경선 내 석현터널을 개발함",054-554-5212,㈜오미원,2026-01-10,5120000,경상북도 문경시
전국관광지정보표준데이터,https://www.data.go.kr/data/15021141/standard.do,2026-01-10,place,"고모산성, 토끼비리",관광지,경상북도 문경시,경상북도 문경시 마성면 고모산성길 60,36.66292256,128.1290151,삼국시대의 성곽. 문경시 마성면 신현리 고모산(姑母山)에 있는 포곡식 산성,지역 역사·관광 탐방 동화 배경,장소의 특징을 찾아보고 가족 여행 기록 남기기,5-7;8-10,관광;관광지;고모산성;토끼비리;삼국시대의;성곽.;문경시;마성면;신현리;고모산(姑母山)에;있는;포곡식,"고모산성, 토끼비리",관광지,경상북도 문경시 마성면 고모산성길 60,경상북도 문경시 마성면 신현리 77-6,1300,관리사무소+화장실(동)+주차장(개소),,,,,,2007-12-17,1000,80,삼국시대의 성곽. 문경시 마성면 신현리 고모산(姑母山)에 있는 포곡식 산성,054-550-6408,경상북도 문경시청 문화예술과,2026-01-10,5120000,경상북도 문경시
전국관광지정보표준데이터,https://www.data.go.kr/data/15021141/standard.do,2026-01-10,place,문경짚라인,관광지,경상북도 문경시,경상북도 문경시 불정길 174,36.62285644,128.1367824,"불정 자연휴양림 내에 위치한 짚라인, 난이도 및 코스길이가 다른 9개의 코스로 운영",지역 역사·관광 탐방 동화 배경,장소의 특징을 찾아보고 가족 여행 기록 남기기,5-7;8-10,관광;관광지;문경짚라인;불정;자연휴양림;내에;위치한;짚라인;난이도;및;코스길이가;다른,문경짚라인,관광지,경상북도 문경시 불정길 174,,2897,관리사무소+화장실(동)+주차장(개소),,,,,,2009-02-17,600,60,"불정 자연휴양림 내에 위치한 짚라인, 난이도 및 코스길이가 다른 9개의 코스로 운영",054-553-1788,짚라인문경,2026-01-10,5120000,경상북도 문경시
전국관광지정보표준데이터,https://www.data.go.kr/data/15021141/standard.do,2026-01-10,place,문경 종합온천,관광지,경상북도 문경시,경상북도 문경시 문경읍 온천2길 24,36.72937376,128.1089547,중탄산 온천수 및 알칼리성 온천수 등 신진대사를 촉진하는 2가지 온천수가 있음,지역 역사·관광 탐방 동화 배경,장소의 특징을 찾아보고 가족 여행 기록 남기기,5-7;8-10,관광;관광지;문경;종합온천;중탄산;온천수;및;알칼리성;등;신진대사를;촉진하는;2가지,문경 종합온천,관광지,경상북도 문경시 문경읍 온천2길 24,,9528,관리사무소+화장실(동)+주차장(개소),,,,,,2001-03-24,2500,1000,중탄산 온천수 및 알칼리성 온천수 등 신진대사를 촉진하는 2가지 온천수가 있음,054-571-2002,문경종합온천,2026-01-10,5120000,경상북도 문경시
전국관광지정보표준데이터,https://www.data.go.kr/data/15021141/standard.do,2026-01-10,place,문경 활공랜드,관광지,경상북도 문경시,경상북도 문경시 문경읍 활공장길 80,36.7362239,128.1538507,문경읍(문경온천)에서 동쪽방향으로 4km쯤 떨어진 고요리 단산에 위치하며 이륙장 2개소와 착륙장 3개소를 갖추고 있음,지역 역사·관광 탐방 동화 배경,장소의 특징을 찾아보고 가족 여행 기록 남기기,5-7;8-10,관광;관광지;문경;활공랜드;문경읍(문경온천)에서;동쪽방향으로;4km쯤;떨어진;고요리;단산에;위치하며;이륙장,문경 활공랜드,관광지,경상북도 문경시 문경읍 활공장길 80,경상북도 문경시 문경읍 고요리 437-3,23386,관리사무소+화장실(동)+주차장(개소),,,,,,2011-05-01,35,30,문경읍(문경온천)에서 동쪽방향으로 4km쯤 떨어진 고요리 단산에 위치하며 이륙장 2개소와 착륙장 3개소를 갖추고 있음,054-571-4675,㈜문경활공랜드,2026-01-10,5120000,경상북도 문경시
전국관광지정보표준데이터,https://www.data.go.kr/data/15021141/standard.do,2026-01-10,place,불정자연휴양림,관광지,경상북도 문경시,경상북도 문경시 불정길 180,36.62128207,128.1365074,"불정동 마을 안쪽에 위치한 나트막한 봉우리인 수정봉 (해발 487m, 약수산)과 조봉 사이에 자리잡고 있으며 연중 인기리에 운영 중임",지역 역사·관광 탐방 동화 배경,장소의 특징을 찾아보고 가족 여행 기록 남기기,5-7;8-10,관광;관광지;불정자연휴양림;불정동;마을;안쪽에;위치한;나트막한;봉우리인;수정봉;(해발;487m,불정자연휴양림,관광지,경상북도 문경시 불정길 180,,2750000,관리사무소+화장실(동)+주차장(개소),,,,,,1997-12-10,188,50,"불정동 마을 안쪽에 위치한 나트막한 봉우리인 수정봉 (해발 487m, 약수산)과 조봉 사이에 자리잡고 있으며 연중 인기리에 운영 중임",054-552-9443,문경관광공사,2026-01-10,5120000,경상북도 문경시
전국관광지정보표준데이터,https://www.data.go.kr/data/15021141/standard.do,2025-12-24,place,주왕산 관광지,관광지,경상북도 청송군,경상북도 청송군 주왕산면 주왕산로 494,36.37813214,129.108598,체험+체류형 종합휴양관광지,지역 역사·관광 탐방 동화 배경,장소의 특징을 찾아보고 가족 여행 기록 남기기,5-7;8-10,관광;관광지;주왕산;체험+체류형;종합휴양관광지,주왕산 관광지,관광지,경상북도 청송군 주왕산면 주왕산로 494,경상북도 청송군 주왕산면 하의리 842,249642.6,관리사무소+주차장+진입광장+도로+배수지+오수처리장,콘도미니엄,,허브가든+도예촌+전망휴게소+유교문화체험관+민예촌+박물관,,,2007-10-22,3000,708,체험+체류형 종합휴양관광지,054-870-6239,경상북도 청송군청,2025-12-24,5160000,경상북도 청송군
전국관광지정보표준데이터,https://www.data.go.kr/data/15021141/standard.do,2025-12-19,place,표충비,관광지,경상남도 밀양시,경상남도 밀양시 무안면 동부동안길4,35.471582,128.6520376,표충비는 국가의 중대사가 있을때를 전후하여 비면에 자연적으러 땀방울이 맺혀서 마치 구슬처럼 흐르는데 이것을 두고 사람들은 나라와 겨례를 염려하는 사명대사의 영험이라고 신성시 하고 있음,지역 역사·관광 탐방 동화 배경,장소의 특징을 찾아보고 가족 여행 기록 남기기,5-7;8-10,관광;관광지;표충비;표충비는;국가의;중대사가;있을때를;전후하여;비면에;자연적으러;땀방울이;맺혀서,표충비,관광지,경상남도 밀양시 무안면 동부동안길4,,7122,화장실,,,,,,1972-02-12,100,50,표충비는 국가의 중대사가 있을때를 전후하여 비면에 자연적으러 땀방울이 맺혀서 마치 구슬처럼 흐르는데 이것을 두고 사람들은 나라와 겨례를 염려하는 사명대사의 영험이라고 신성시 하고 있음,055-359-5639,경상남도 밀양시청,2025-12-19,5360000,경상남도 밀양시
전국관광지정보표준데이터,https://www.data.go.kr/data/15021141/standard.do,2025-12-19,place,작원관지,관광지,경상남도 밀양시,경상남도 밀양시 삼랑진읍 작원관지길 77,35.39853126,128.8665763,김해와 낙동강 유역에 창궐하던 왜적들의 침공을 방비하던 요새지,지역 역사·관광 탐방 동화 배경,장소의 특징을 찾아보고 가족 여행 기록 남기기,5-7;8-10,관광;관광지;작원관지;김해와;낙동강;유역에;창궐하던;왜적들의;침공을;방비하던;요새지,작원관지,관광지,경상남도 밀양시 삼랑진읍 작원관지길 77,경상남도 밀양시 삼랑진읍 검세리 135,16000,화장실,,,,,,1990-01-01,100,50,김해와 낙동강 유역에 창궐하던 왜적들의 침공을 방비하던 요새지,055-359-5639,경상남도 밀양시청,2025-12-19,5360000,경상남도 밀양시
전국관광지정보표준데이터,https://www.data.go.kr/data/15021141/standard.do,2025-12-19,place,예림서원,관광지,경상남도 밀양시,경상남도 밀양시 부북면 예림서원로128,35.46605971,128.7299691,예림서원은 영남유림의 종장인 점필재 김종직을 사숙하던 후학들의 교육기관,지역 역사·관광 탐방 동화 배경,장소의 특징을 찾아보고 가족 여행 기록 남기기,5-7;8-10,관광;관광지;예림서원;예림서원은;영남유림의;종장인;점필재;김종직을;사숙하던;후학들의;교육기관,예림서원,관광지,경상남도 밀양시 부북면 예림서원로128,,41367,화장실,,,,,,1988-01-01,100,50,예림서원은 영남유림의 종장인 점필재 김종직을 사숙하던 후학들의 교육기관,055-359-5639,경상남도 밀양시청,2025-12-19,5360000,경상남도 밀양시
전국관광지정보표준데이터,https://www.data.go.kr/data/15021141/standard.do,2025-12-19,place,밀양향교,관광지,경상남도 밀양시,경상남도 밀양시 밀양향교3길 19 (교동),35.50660573,128.7545381,밀양향교는 고려시대(1100년경)때 창립되어 임진왜란때 불타 버린것을 1602년 부사 최기가 중건하여 지금까지 현존하고 있는 건물임,지역 역사·관광 탐방 동화 배경,장소의 특징을 찾아보고 가족 여행 기록 남기기,5-7;8-10,관광;관광지;밀양향교;밀양향교는;고려시대(1100년경)때;창립되어;임진왜란때;불타;버린것을;1602년;부사;최기가,밀양향교,관광지,경상남도 밀양시 밀양향교3길 19 (교동),,5068,화장실,,,,,,1983-08-12,150,50,밀양향교는 고려시대(1100년경)때 창립되어 임진왜란때 불타 버린것을 1602년 부사 최기가 중건하여 지금까지 현존하고 있는 건물임,055-359-5639,경상남도 밀양시청,2025-12-19,5360000,경상남도 밀양시
전국관광지정보표준데이터,https://www.data.go.kr/data/15021141/standard.do,2025-12-19,place,밀양관아,관광지,경상남도 밀양시,경상남도 밀양시 중앙로348,35.49429512,128.7543310,"조선시대 밀양부 관아의 창건연대는 정확히 알 수 없으며, 1612년에 원유남 부사가 부임하면서 원래 자리에 관아를 복원 하였음",지역 역사·관광 탐방 동화 배경,장소의 특징을 찾아보고 가족 여행 기록 남기기,5-7;8-10,관광;관광지;밀양관아;조선시대;밀양부;관아의;창건연대는;정확히;알;수;없으며;1612년에,밀양관아,관광지,경상남도 밀양시 중앙로348,,7110,화장실,,,,,,2010-04-01,200,50,"조선시대 밀양부 관아의 창건연대는 정확히 알 수 없으며, 1612년에 원유남 부사가 부임하면서 원래 자리에 관아를 복원 하였음",055-359-5639,경상남도 밀양시청,2025-12-19,5360000,경상남도 밀양시
전국관광지정보표준데이터,https://www.data.go.kr/data/15021141/standard.do,2025-12-19,place,밀양영남루,관광지,경상남도 밀양시,경상남도 밀양시 중앙로324,35.49154522,128.7556080,우리나라 3대 누각중에 하나이며 국보(2023. 12. 28.)로 지정됨,지역 역사·관광 탐방 동화 배경,장소의 특징을 찾아보고 가족 여행 기록 남기기,5-7;8-10,관광;관광지;밀양영남루;우리나라;3대;누각중에;하나이며;국보(2023.;12.;28.)로;지정됨,밀양영남루,관광지,경상남도 밀양시 중앙로324,,12931,화장실,,,,,,1963-01-21,200,50,우리나라 3대 누각중에 하나이며 국보(2023. 12. 28.)로 지정됨,055-359-5639,경상남도 밀양시청,2025-12-19,5360000,경상남도 밀양시
전국관광지정보표준데이터,https://www.data.go.kr/data/15021141/standard.do,2025-12-19,place,만어사,관광지,경상남도 밀양시,경상남도 밀양시 삼랑진읍 만어로776,35.454932,128.8462220,해발674m의 만어산 8부 능선에 위치하고 있는 만어사는 가라국 수로왕이 창건한 유서 깊은 사찰,지역 역사·관광 탐방 동화 배경,장소의 특징을 찾아보고 가족 여행 기록 남기기,5-7;8-10,관광;관광지;만어사;해발674m의;만어산;8부;능선에;위치하고;있는;만어사는;가라국;수로왕이,만어사,관광지,경상남도 밀양시 삼랑진읍 만어로776,,115149,화장실,,,,,,1968-12-19,200,50,해발674m의 만어산 8부 능선에 위치하고 있는 만어사는 가라국 수로왕이 창건한 유서 깊은 사찰,055-359-5639,경상남도 밀양시청,2025-12-19,5360000,경상남도 밀양시
전국관광지정보표준데이터,https://www.data.go.kr/data/15021141/standard.do,2025-12-19,place,표충사,관광지,경상남도 밀양시,경상남도 밀양시 단장면 표충로1338,35.532294,128.9590450,표충사는 유생들을 교육하고 성현들이 제사하는 표충서원이 사찰영역안에있어 불교와유교가 한자리에 공존하는 특색있는 사찰,지역 역사·관광 탐방 동화 배경,장소의 특징을 찾아보고 가족 여행 기록 남기기,5-7;8-10,관광;관광지;표충사;표충사는;유생들을;교육하고;성현들이;제사하는;표충서원이;사찰영역안에있어;불교와유교가;한자리에,표충사,관광지,경상남도 밀양시 단장면 표충로1338,,29751,화장실,,,,,,1974-12-28,1000,200,표충사는 유생들을 교육하고 성현들이 제사하는 표충서원이 사찰영역안에있어 불교와유교가 한자리에 공존하는 특색있는 사찰,055-359-5639,경상남도 밀양시청,2025-12-19,5360000,경상남도 밀양시
전국관광지정보표준데이터,https://www.data.go.kr/data/15021141/standard.do,2026-02-11,place,광덕계곡관광지,관광지,강원특별자치도 화천군,강원특별자치도 화천군 사내면 포화로 582,38.07630808,127.4817356,"광덕계곡은 백운산과 광덕산 사이에 위치하며 자연경관이 수려하고 오염되지 않은 작은폭포, 작은소 등 개끗한 물이 일품이다. 숙박시설이 마련되어 있어 여름 피서지로서 안성맞춤이다.",지역 역사·관광 탐방 동화 배경,장소의 특징을 찾아보고 가족 여행 기록 남기기,5-7;8-10,관광;관광지;광덕계곡관광지;광덕계곡은;백운산과;광덕산;사이에;위치하며;자연경관이;수려하고;오염되지;않은,광덕계곡관광지,관광지,강원특별자치도 화천군 사내면 포화로 582,강원특별자치도 화천군 사내면 광덕리 419-3,26070,관리사무소2개소+일반광장1개소+공중화장실7개소+주차장13개소+오수처리장1개소,,,,,,1995-08-03,800,200,"광덕계곡은 백운산과 광덕산 사이에 위치하며 자연경관이 수려하고 오염되지 않은 작은폭포, 작은소 등 개끗한 물이 일품이다. 숙박시설이 마련되어 있어 여름 피서지로서 안성맞춤이다.",033-440-2562,강원특별자치도 화천군청,2026-02-11,4311000,강원특별자치도 화천군
전국관광지정보표준데이터,https://www.data.go.kr/data/15021141/standard.do,2025-12-24,place,능강관광지,관광지,충청북도 제천시,충청북도 제천시 수산면 옥순봉로 1248,36.99002277,128.1956764,청풍호 경관자원과 연계 한국 최고의 스위스형 테마 및 산악 휴양형 핵심 체류 거점 리조트,지역 역사·관광 탐방 동화 배경,장소의 특징을 찾아보고 가족 여행 기록 남기기,5-7;8-10,관광;관광지;능강관광지;청풍호;경관자원과;연계;한국;최고의;스위스형;테마;및;산악,능강관광지,관광지,충청북도 제천시 수산면 옥순봉로 1248,충청북도 제천시 수산면 능강리 200-10,136818,주차장+관광정보안내소+관리사무소+오수처리장+정배수장+순환도로+전용상수도,휴양콘도미니엄,골프연습장+미니골프장+노래방+당구장,"산상전망대1,2+찜질방+자연학습장+과수단지+문화관+전통도예방+야외공연장+산정휴게소+명산센터",,녹지,1997-06-27,20730,300,청풍호 경관자원과 연계 한국 최고의 스위스형 테마 및 산악 휴양형 핵심 체류 거점 리조트,043-641-6694,충청북도 제천시청,2025-12-24,4400000,충청북도 제천시
전국관광지정보표준데이터,https://www.data.go.kr/data/15021141/standard.do,2025-12-24,place,금월봉관광지,관광지,충청북도 제천시,충청북도 제천시 금성면 청풍호로 1316,37.04384263,128.1736527,"청풍호의 수려한 자연경관과 기암괴석(금월봉)을 배경으로 유휴지를 최대한 활용한 체류형 관공시설(호텔, 콘도 등) 조성",지역 역사·관광 탐방 동화 배경,장소의 특징을 찾아보고 가족 여행 기록 남기기,5-7;8-10,관광;관광지;금월봉관광지;청풍호의;수려한;자연경관과;기암괴석(금월봉)을;배경으로;유휴지를;최대한;활용한;체류형,금월봉관광지,관광지,충청북도 제천시 금성면 청풍호로 1316,충청북도 제천시 금성면 월굴리 134-41,92514,관리사무소+주차장+공중화장실+오수처리장+정수장(배수지)+도로+이벤트광장+변전소,빌라형+테라스형1+테라스형2+별장형+타워형,,조경휴게소,,상가+보전녹지+기타녹지,1998-05-29,14017,300,"청풍호의 수려한 자연경관과 기암괴석(금월봉)을 배경으로 유휴지를 최대한 활용한 체류형 관공시설(호텔, 콘도 등) 조성",043-641-6694,충청북도 제천시청,2025-12-24,4400000,충청북도 제천시
전국관광지정보표준데이터,https://www.data.go.kr/data/15021141/standard.do,2025-12-24,place,계산관광지,관광지,충청북도 제천시,충청북도 제천시 청풍면 계산리 9-4,37.017861,128.130911,수상레저 및 수상마리나 등 수상연계관광 인프라 조성 및 비봉산모노레일 등과 연계 관광 인프라조성 목적 관광지,지역 역사·관광 탐방 동화 배경,장소의 특징을 찾아보고 가족 여행 기록 남기기,5-7;8-10,관광;관광지;계산관광지;수상레저;및;수상마리나;등;수상연계관광;인프라;조성;비봉산모노레일;등과,계산관광지,관광지,,충청북도 제천시 청풍면 계산리 9-4,135806,주차장+도로+배수지오수처리장,펜션,운동장+눈썰매장,조경휴게소+바비큐장+전망대,,완충녹지+원형보존녹지,1998-07-24,20576,0,수상레저 및 수상마리나 등 수상연계관광 인프라 조성 및 비봉산모노레일 등과 연계 관광 인프라조성 목적 관광지,043-641-6694,충청북도 제천시청,2025-12-24,4400000,충청북도 제천시
전국관광지정보표준데이터,https://www.data.go.kr/data/15021141/standard.do,2025-12-24,place,만남의광장,관광지,충청북도 제천시,충청북도 제천시 청풍면 청풍호로50길 6,37.01083356,128.1811895,청풍호반 주변 관광시설과 연계한 핵심 관광거점으로 각종 관광시설이 집중된 제천관광의 중심지,지역 역사·관광 탐방 동화 배경,장소의 특징을 찾아보고 가족 여행 기록 남기기,5-7;8-10,관광;관광지;만남의광장;청풍호반;주변;관광시설과;연계한;핵심;관광거점으로;각종;관광시설이;집중된,만남의광장,관광지,충청북도 제천시 청풍면 청풍호로50길 6,충청북도 제천시 청풍면 교리 147,147440,도로+광장+공용주차장+매표소(매점)+화장실,,번지점프장+인공암벽장+종합관리동,만남의광장+휴게쉼터+야생화원,,,2003-02-13,22339,264,청풍호반 주변 관광시설과 연계한 핵심 관광거점으로 각종 관광시설이 집중된 제천관광의 중심지,043-641-6694,충청북도 제천시청,2025-12-24,4400000,충청북도 제천시
전국관광지정보표준데이터,https://www.data.go.kr/data/15021141/standard.do,2025-12-24,place,제천 성내관광지,관광지,충청북도 제천시,충청북도 제천시 금성면 청풍호로 1482,37.03366403,128.1751729,청풍호반의 뛰어난 장소적 특성을 활용한 문화영상 테마지구로 한류와 연계 국내외 영상테마 관광지,지역 역사·관광 탐방 동화 배경,장소의 특징을 찾아보고 가족 여행 기록 남기기,5-7;8-10,관광;관광지;제천;성내관광지;청풍호반의;뛰어난;장소적;특성을;활용한;문화영상;테마지구로;한류와,제천 성내관광지,관광지,충청북도 제천시 금성면 청풍호로 1482,충청북도 제천시 금성면 성내리 산12-2,111060,도로+광장+주차장+관리동+화장실,,,촬영장+휴게쉼터,,전문음식점+기념품(토산품점)+녹지,2004-08-27,16827,0,청풍호반의 뛰어난 장소적 특성을 활용한 문화영상 테마지구로 한류와 연계 국내외 영상테마 관광지,043-641-6694,충청북도 제천시청,2025-12-24,4400000,충청북도 제천시
전국관광지정보표준데이터,https://www.data.go.kr/data/15021141/standard.do,2025-12-24,place,제천온천관광지,관광지,충청북도 제천시,충청북도 제천시 수산면 내리 산24,36.92183352,128.1819714,"청풍호반, 월악산등과 연계한 핵심 처류거점으로 한방도시 컨셉과 연계한 한방온천장으로 조성계획 관광지",지역 역사·관광 탐방 동화 배경,장소의 특징을 찾아보고 가족 여행 기록 남기기,5-7;8-10,관광;관광지;제천온천관광지;청풍호반;월악산등과;연계한;핵심;처류거점으로;한방도시;컨셉과;한방온천장으로;조성계획,제천온천관광지,관광지,,충청북도 제천시 수산면 내리 산24,296700,관리사무소+도로+주차장+오수처리장+배수지,휴양콘도미니엄,,한방온천장(워터파크포함)+조경휴게지,,상가+완충녹지+원형보존녹지,2002-01-16,44954,0,"청풍호반, 월악산등과 연계한 핵심 처류거점으로 한방도시 컨셉과 연계한 한방온천장으로 조성계획 관광지",043-641-6694,충청북도 제천시청,2025-12-24,4400000,충청북도 제천시
전국관광지정보표준데이터,https://www.data.go.kr/data/15021141/standard.do,2025-12-24,place,교리관광지,관광지,충청북도 제천시,충청북도 제천시 청풍면 청풍호로 1798,37.01656717,128.1768531,청풍호반 주변 관광시설과 연계한 핵심 체류 거점으로 청풍권 최고의 리조트 관광지,지역 역사·관광 탐방 동화 배경,장소의 특징을 찾아보고 가족 여행 기록 남기기,5-7;8-10,관광;관광지;교리관광지;청풍호반;주변;관광시설과;연계한;핵심;체류;거점으로;청풍권;최고의,교리관광지,관광지,충청북도 제천시 청풍면 청풍호로 1798,충청북도 제천시 청풍면 교리 225-1,316900,오수정화조+정배수장+소각장+공중화장실+주차장+도로,청풍레이크호텔+청풍힐호텔+민박촌,다목적운동장+구기장+놀이동산+미니골프장,조경휴게소+녹지공원+다목적광장+격납고,,관리원 숙소+하천+유보지+녹지,1989-12-28,48015,200,청풍호반 주변 관광시설과 연계한 핵심 체류 거점으로 청풍권 최고의 리조트 관광지,043-641-6694,충청북도 제천시청,2025-12-24,4400000,충청북도 제천시
전국관광지정보표준데이터,https://www.data.go.kr/data/15021141/standard.do,2026-01-16,place,예당관광지,관광지,충청남도 예산군,충청남도 예산군 응봉면 예당관광로 161,36.63801252,126.799434,"예당호를 배경으로 예당호 출렁다리, 예당호 조각공원, 느린호수길, 캠핑장, 야영장이 조성되어 있어 가족단위 휴양객이 즐길수 있는 관광지",지역 역사·관광 탐방 동화 배경,장소의 특징을 찾아보고 가족 여행 기록 남기기,5-7;8-10,관광;관광지;예당관광지;예당호를;배경으로;예당호;출렁다리;조각공원;느린호수길;캠핑장;야영장이;조성되어,예당관광지,관광지,충청남도 예산군 응봉면 예당관광로 161,,143000,관리사무소+화장실(6동)+주차장,,,,,,1986-05-02,20000,185,"예당호를 배경으로 예당호 출렁다리, 예당호 조각공원, 느린호수길, 캠핑장, 야영장이 조성되어 있어 가족단위 휴양객이 즐길수 있는 관광지",041-339-8282,충청남도 예산군청,2026-01-16,4610000,충청남도 예산군
전국관광지정보표준데이터,https://www.data.go.kr/data/15021141/standard.do,2026-01-16,place,덕산온천관광단지,관광단지,충청남도 예산군,충청남도 예산군 덕산면 온천단지2로 11,36.69075649,126.659328,"1917년 처음으로 탕을 이용한 온천으로 개장됐으며, 49도씨 이상의 천연중탄산나트륨 온천수로 전국 최고의 온천수로 인정받고 있다.",지역 역사·관광 탐방 동화 배경,장소의 특징을 찾아보고 가족 여행 기록 남기기,5-7;8-10,관광;관광단지;덕산온천관광단지;1917년;처음으로;탕을;이용한;온천으로;개장됐으며;49도씨;이상의;천연중탄산나트륨,덕산온천관광단지,관광단지,충청남도 예산군 덕산면 온천단지2로 11,충청남도 예산군 덕산면 신평리 513,724544.5,관광안내소+화장실(2동)+주차장,리솜스파캐슬,,,,,1981-09-22,100000,350,"1917년 처음으로 탕을 이용한 온천으로 개장됐으며, 49도씨 이상의 천연중탄산나트륨 온천수로 전국 최고의 온천수로 인정받고 있다.",041-339-7303,충청남도 예산군청,2026-01-16,4610000,충청남도 예산군
전국관광지정보표준데이터,https://www.data.go.kr/data/15021141/standard.do,2026-01-28,place,운일암반일암,관광지,전북특별자치도 진안군,전북특별자치도 진안군 주천면 동상주천로 1924,35.97596963,127.408748,"기암괴석과 크고 작은 폭포, 소가 어울려 빚어낸 절경",지역 역사·관광 탐방 동화 배경,장소의 특징을 찾아보고 가족 여행 기록 남기기,5-7;8-10,관광;관광지;운일암반일암;기암괴석과;크고;작은;폭포;소가;어울려;빚어낸;절경,운일암반일암,관광지,전북특별자치도 진안군 주천면 동상주천로 1924,전북특별자치도 진안군 주천면 주양리 630,595463,도로+관리사무소+공중화장실(7개소)+오수처리장,,,야영장 2개소,,,1990-12-27,2000,500,"기암괴석과 크고 작은 폭포, 소가 어울려 빚어낸 절경",063-430-2554,전북특별자치도 진안군,2026-01-28,4731000,전북특별자치도 진안군
전국관광지정보표준데이터,https://www.data.go.kr/data/15021141/standard.do,2026-01-28,place,마이산도립공원 일원,관광지,전북특별자치도 진안군,전북특별자치도 진안군 마령면 마이산남로 182,35.75700898,127.3938329,"마이산은 암마이봉(686m)과 수마이봉(680m)으로 진안읍 단양리와 마령면 동촌리 경계면에 걸쳐있다. 신라시대 서다산(西多山), 고려시대 용출산(聳出山), 조선 초 속금산(束金山)에서 현재는 말의 귀를 닮았다는 의미의 마이산(馬耳山)으로 불리고 있다. 1979년 전라북도 도립공원으로 지정되었고 2003년 10월 31일에는 마이산 권역 160여 ㎢가 명승 제12호 국가지정문화재로 승격되어 진안군수가 위탁 관리한다.",지역 역사·관광 탐방 동화 배경,장소의 특징을 찾아보고 가족 여행 기록 남기기,5-7;8-10,관광;관광지;마이산도립공원;일원;마이산은;암마이봉(686m)과;수마이봉(680m)으로;진안읍;단양리와;마령면;동촌리;경계면에,마이산도립공원 일원,관광지,전북특별자치도 진안군 마령면 마이산남로 182,전북특별자치도 진안군 마령면 동촌리 76-2,16900000,화장실(6개소)+파고라+NFC(8개소),,,가위박물관+명인명품관+홍삼스파+산약초타운+역사박물관+마이돈농촌테마공원,,,1979-10-16,6500,862,"마이산은 암마이봉(686m)과 수마이봉(680m)으로 진안읍 단양리와 마령면 동촌리 경계면에 걸쳐있다. 신라시대 서다산(西多山), 고려시대 용출산(聳出山), 조선 초 속금산(束金山)에서 현재는 말의 귀를 닮았다는 의미의 마이산(馬耳山)으로 불리고 있다. 1979년 전라북도 도립공원으로 지정되었고 2003년 10월 31일에는 마이산 권역 160여 ㎢가 명승 제12호 국가지정문화재로 승격되어 진안군수가 위탁 관리한다.",063-430-8752,전북특별자치도 진안군,2026-01-28,4731000,전북특별자치도 진안군
전국관광지정보표준데이터,https://www.data.go.kr/data/15021141/standard.do,2026-01-28,place,용담호및주변시설,관광지,전북특별자치도 진안군,전북특별자치도 진안군 안천면 안용로 793,35.94593497,127.5256742,"댐으로 만들어진 인공호수로써 높이 70m, 길이 498m, 저수량이 8억1,500톤에 이르고 댐주위로 난 이설도로를 따라 여러가지 볼거리가 구비되어 있다.",지역 역사·관광 탐방 동화 배경,장소의 특징을 찾아보고 가족 여행 기록 남기기,5-7;8-10,관광;관광지;용담호및주변시설;댐으로;만들어진;인공호수로써;높이;70m;길이;498m;저수량이;8억1,용담호및주변시설,관광지,전북특별자치도 진안군 안천면 안용로 793,전북특별자치도 진안군 안천면 삼락리 1179-2,31400000,휴게소 및 망향의동산(6개소)+화장실(5개소),,,용담댐물문화관+용담호사진관+용담가족테마공원+용담호자연생테습지공원,,,2001-10-13,200,100,"댐으로 만들어진 인공호수로써 높이 70m, 길이 498m, 저수량이 8억1,500톤에 이르고 댐주위로 난 이설도로를 따라 여러가지 볼거리가 구비되어 있다.",063-430-4263,한국수자원공사,2026-01-28,4731000,전북특별자치도 진안군
전국관광지정보표준데이터,https://www.data.go.kr/data/15021141/standard.do,2026-01-28,place,운장산자연휴양림,관광지,전북특별자치도 진안군,전북특별자치도 진안군 정천면 휴향림길 77,35.89924607,127.4211096,약7㎞에 달하는 운장산 계곡은 원시림과 옥류수가 연중 흐르고 순환임도와 연접하고 여러가지 기암바위들이 자연수목과 조화를 이룬다,지역 역사·관광 탐방 동화 배경,장소의 특징을 찾아보고 가족 여행 기록 남기기,5-7;8-10,관광;관광지;운장산자연휴양림;약7㎞에;달하는;운장산;계곡은;원시림과;옥류수가;연중;흐르고;순환임도와,운장산자연휴양림,관광지,전북특별자치도 진안군 정천면 휴향림길 77,전북특별자치도 진안군 정천면 갈용리 산 183,19580000,도로+관리사무소+공중화장실(3개소)+오수처리장,,,야영장 20개,,,2000-01-01,400,200,약7㎞에 달하는 운장산 계곡은 원시림과 옥류수가 연중 흐르고 순환임도와 연접하고 여러가지 기암바위들이 자연수목과 조화를 이룬다,063-432-1193,국립자연휴양관리사무소,2026-01-28,4731000,전북특별자치도 진안군
전국관광지정보표준데이터,https://www.data.go.kr/data/15021141/standard.do,2026-01-28,place,데미샘자연휴양림,관광지,전북특별자치도 진안군,전북특별자치도 진안군 백운면 데미샘1길 172,35.6569938,127.4610402,데미샘은 3개도 10개 시군에 걸쳐 218.6㎞를 흐르는 우리나라에서 4번째로 긴강인 섬진강의 발원지이다,지역 역사·관광 탐방 동화 배경,장소의 특징을 찾아보고 가족 여행 기록 남기기,5-7;8-10,관광;관광지;데미샘자연휴양림;데미샘은;3개도;10개;시군에;걸쳐;218.6㎞를;흐르는;우리나라에서;4번째로,데미샘자연휴양림,관광지,전북특별자치도 진안군 백운면 데미샘1길 172,전북특별자치도 진안군 백운면 덕현리 산 100,2000000,도로+관리사무소+공중화장실(2개소)+오수처리장,,,휴양관1개소,,,2012-05-18,200,100,데미샘은 3개도 10개 시군에 걸쳐 218.6㎞를 흐르는 우리나라에서 4번째로 긴강인 섬진강의 발원지이다,063-290-6991,전북특별자치도,2026-01-28,4731000,전북특별자치도 진안군
전국관광지정보표준데이터,https://www.data.go.kr/data/15021141/standard.do,2026-01-28,place,진안고원치유의숲,관광지,전북특별자치도 진안군,전북특별자치도 진안군 정천면 봉학로 171-22,35.87516093,127.4177407,"전국 최초로 설립된 환경성질환 예방교육시설이다. 생활치료 공간으로 교육관과 생활관, 체험관, 유기농식당을 갖추고 있다. 방학과 주말은 물론 평일에도 아토피로 고통받는 어린이와 가족들이 함께행활하면저 치유할수 있다",지역 역사·관광 탐방 동화 배경,장소의 특징을 찾아보고 가족 여행 기록 남기기,5-7;8-10,관광;관광지;진안고원치유의숲;전국;최초로;설립된;환경성질환;예방교육시설이다.;생활치료;공간으로;교육관과;생활관,진안고원치유의숲,관광지,전북특별자치도 진안군 정천면 봉학로 171-22,전북특별자치도 진안군 정천면 봉학리 688,48545,도로+관리사무소+공중화장실3개소+오수처리장,,,작은도서관+옥녀폭포 산책길,,,2012-07-01,200,100,"전국 최초로 설립된 환경성질환 예방교육시설이다. 생활치료 공간으로 교육관과 생활관, 체험관, 유기농식당을 갖추고 있다. 방학과 주말은 물론 평일에도 아토피로 고통받는 어린이와 가족들이 함께행활하면저 치유할수 있다",063-433-1666,전북권 환경성질환치유센터,2026-01-28,4731000,전북특별자치도 진안군
전국관광지정보표준데이터,https://www.data.go.kr/data/15021141/standard.do,2026-01-28,place,가위박물관,관광지,전북특별자치도 진안군,전북특별자치도 진안군 진안읍 마이산로 258,35.76592077,127.4150023,"세계유일의 가위박물관, 진안가위박물관, 마이산북부에 위치하고 세계 희귀 가위 1500여점을 소장",지역 역사·관광 탐방 동화 배경,장소의 특징을 찾아보고 가족 여행 기록 남기기,5-7;8-10,관광;관광지;가위박물관;세계유일의;진안가위박물관;마이산북부에;위치하고;세계;희귀;가위;1500여점을;소장,가위박물관,관광지,전북특별자치도 진안군 진안읍 마이산로 258,전북특별자치도 진안군 진안읍 단양리 690-4,556.99,전시실+수장고+사무실+뮤지업숍,,,가위박물관+명인명품관+홍삼스파+산약초타운+역사박물관+마이돈농촌테마공원,,,2016-12-09,200,100,"세계유일의 가위박물관, 진안가위박물관, 마이산북부에 위치하고 세계 희귀 가위 1500여점을 소장",063-430-8745,전북특별자치도 진안군,2026-01-28,4731000,전북특별자치도 진안군
전국관광지정보표준데이터,https://www.data.go.kr/data/15021141/standard.do,2026-01-14,place,무주 덕유산 리조트,관광지,전북특별자치도 무주군,전북특별자치도 무주군 설천면 만선로 185,35.889797,127.731389,"덕유산의 수려한 자연환경을 느낄 수 있으며, 오스트리아풍의 건물들로 이루어진 산악형 리조트",지역 역사·관광 탐방 동화 배경,장소의 특징을 찾아보고 가족 여행 기록 남기기,5-7;8-10,관광;관광지;무주;덕유산;리조트;덕유산의;수려한;자연환경을;느낄;수;있으며;오스트리아풍의,무주 덕유산 리조트,관광지,전북특별자치도 무주군 설천면 만선로 185,전북특별자치도 무주군 설천면 심곡리 산43-15,7018181,화장실+주차장,관광호텔+가족호텔+호스텔,골프장+스키장,,관광식당,전용숙소,1990-12-22,45000,10000,"덕유산의 수려한 자연환경을 느낄 수 있으며, 오스트리아풍의 건물들로 이루어진 산악형 리조트",063-320-2547,전북특별자치도 무주군청,2026-01-14,4741000,전북특별자치도 무주군
전국관광지정보표준데이터,https://www.data.go.kr/data/15021141/standard.do,2026-01-15,place,변산해수욕장,관광지,전북특별자치도 부안군,전북특별자치도 부안군 변산면 변산로 2086,35.67999179,126.5309105,국립공원 변산반도에 위치한 노을이 아름다운 해수욕장,지역 역사·관광 탐방 동화 배경,장소의 특징을 찾아보고 가족 여행 기록 남기기,5-7;8-10,관광;관광지;변산해수욕장;국립공원;변산반도에;위치한;노을이;아름다운;해수욕장,변산해수욕장,관광지,전북특별자치도 부안군 변산면 변산로 2086,전북특별자치도 부안군 변산면 대항리 523-117,535436,관리사무소+화장실+주차장,민박+펜션 등,,,,,2008-04-28,100000,688,국립공원 변산반도에 위치한 노을이 아름다운 해수욕장,063-580-4739,전북특별자치도 부안군,2026-01-15,4791000,전북특별자치도 부안군
전국관광지정보표준데이터,https://www.data.go.kr/data/15021141/standard.do,2026-01-15,place,위도해수욕장,관광지,전북특별자치도 부안군,전북특별자치도 부안군 위도면 위도로 366,35.60583098,126.2853294,산들이 감싸고 있는 아담한 모래사장과 맑은 물이 아름다운 위도의 해수욕장,지역 역사·관광 탐방 동화 배경,장소의 특징을 찾아보고 가족 여행 기록 남기기,5-7;8-10,관광;관광지;위도해수욕장;산들이;감싸고;있는;아담한;모래사장과;맑은;물이;아름다운;위도의,위도해수욕장,관광지,전북특별자치도 부안군 위도면 위도로 366,전북특별자치도 부안군 위도면 진리 545,148077,관리사무소+화장실+주차장,민박+펜션 등,,,,,1992-08-22,50000,100,산들이 감싸고 있는 아담한 모래사장과 맑은 물이 아름다운 위도의 해수욕장,063-583-3804,전북특별자치도 부안군,2026-01-15,4791000,전북특별자치도 부안군
전국관광지정보표준데이터,https://www.data.go.kr/data/15021141/standard.do,2026-01-15,place,모항해수욕장,관광지,전북특별자치도 부안군,전북특별자치도 부안군 변산면 모항길 23-1,35.5831428,126.5082098,아담한 백사장과 소나무 밭이 조화를 이루는 해수욕장,지역 역사·관광 탐방 동화 배경,장소의 특징을 찾아보고 가족 여행 기록 남기기,5-7;8-10,관광;관광지;모항해수욕장;아담한;백사장과;소나무;밭이;조화를;이루는;해수욕장,모항해수욕장,관광지,전북특별자치도 부안군 변산면 모항길 23-1,전북특별자치도 부안군 변산면 도청리 165,143082,관리사무소+화장실+주차장,모항해나루가족호텔,,,,,2000-11-30,50000,300,아담한 백사장과 소나무 밭이 조화를 이루는 해수욕장,063-580-4738,전북특별자치도 부안군,2026-01-15,4791000,전북특별자치도 부안군
전국관광지정보표준데이터,https://www.data.go.kr/data/15021141/standard.do,2026-02-18,place,우수영관광지,관광지,전라남도 해남군,전라남도 해남군 문내면 관광레저로 1,34.57257374,126.3101147,이순신장군의 명량대첩의 감동이 살아있는 관광지,지역 역사·관광 탐방 동화 배경,장소의 특징을 찾아보고 가족 여행 기록 남기기,5-7;8-10,관광;관광지;우수영관광지;이순신장군의;명량대첩의;감동이;살아있는,우수영관광지,관광지,전라남도 해남군 문내면 관광레저로 1,전라남도 해남군 문내면 학동리 1021,250821,전망대+화장실,유스호스텔,인조구장+명량해상케이블카+울돌목스카이워크,해전사기념전시관+명량대첩비,,주차장,1986-01-04,3000,500,이순신장군의 명량대첩의 감동이 살아있는 관광지,061-530-5541,전라남도 해남군청,2026-02-18,4930000,전라남도 해남군
전국관광지정보표준데이터,https://www.data.go.kr/data/15021141/standard.do,2026-02-18,place,땅끝관광지,관광지,전라남도 해남군,전라남도 해남군 송지면 땅끝마을길 100,34.29471348,126.5250233,한반도의 최남단이자 삼천리 금수강산의 시작점으로 희망을 상징하는 관광지,지역 역사·관광 탐방 동화 배경,장소의 특징을 찾아보고 가족 여행 기록 남기기,5-7;8-10,관광;관광지;땅끝관광지;한반도의;최남단이자;삼천리;금수강산의;시작점으로;희망을;상징하는,땅끝관광지,관광지,전라남도 해남군 송지면 땅끝마을길 100,전라남도 해남군 송지면 송호리 1158-5,665884,전망대+화장실,황토나라테마촌,땅끝모노레일+놀이터,오토캠핑장+땅끝해양자연사박물관+전망대,,주차장,1986-06-07,10000,800,한반도의 최남단이자 삼천리 금수강산의 시작점으로 희망을 상징하는 관광지,061-530-5544,전라남도 해남군청,2026-02-18,4930000,전라남도 해남군
전국관광지정보표준데이터,https://www.data.go.kr/data/15021141/standard.do,2026-01-01,place,경천대관광지,관광지,경상북도 상주시,경상북도 상주시 사벌국면 경천로 652,36.45722382,128.2478641,낙동강 1300여 리 물길 중 강의 이름이 되었을 정도로 태고의 신비를 간직한 경천대는 깎아지른 절벽과 노송으로 이루어진 절경이 빼어난 곳으로 하늘이 스스로 내렸다고 해 자천대라고도 함,지역 역사·관광 탐방 동화 배경,장소의 특징을 찾아보고 가족 여행 기록 남기기,5-7;8-10,관광;관광지;경천대관광지;낙동강;1300여;리;물길;중;강의;이름이;되었을;정도로,경천대관광지,관광지,경상북도 상주시 사벌국면 경천로 652,경상북도 상주시 사벌국면 삼덕리 1-13,209000,관리사무소+주차장+화장실(5동)+관광안내센터,경천대펜션,눈썰매장+밀리터리 테마파크,종합유원시설,관광식당,,1987-06-20,3000,213,낙동강 1300여 리 물길 중 강의 이름이 되었을 정도로 태고의 신비를 간직한 경천대는 깎아지른 절벽과 노송으로 이루어진 절경이 빼어난 곳으로 하늘이 스스로 내렸다고 해 자천대라고도 함,054-537-7128,경상북도 상주시청,2026-01-01,5110000,경상북도 상주시
전국관광지정보표준데이터,https://www.data.go.kr/data/15021141/standard.do,2026-01-01,place,회상나루관광지,관광지,경상북도 상주시,경상북도 상주시 중동면 갱다불길 97,36.44187503,128.2657793,"낙동강 회상나루의 새로운 해석과 재현을 통해 주막 · 역원 등을 소재로 전통한옥으로 지은 주막촌, 객주촌, 낙동강 문학관 등이 조성되어 관광객들에게 편의를 제공함",지역 역사·관광 탐방 동화 배경,장소의 특징을 찾아보고 가족 여행 기록 남기기,5-7;8-10,관광;관광지;회상나루관광지;낙동강;회상나루의;새로운;해석과;재현을;통해;주막;·;역원,회상나루관광지,관광지,경상북도 상주시 중동면 갱다불길 97,경상북도 상주시 중동면 회상리 764,165000,주차장+화장실+관광안내센터,객주촌(펜션),상주보 수상레저센터,문학관+학(철새)전망대,객주촌(숙박시설)+주막촌(식당),,2013-12-30,1500,159,"낙동강 회상나루의 새로운 해석과 재현을 통해 주막 · 역원 등을 소재로 전통한옥으로 지은 주막촌, 객주촌, 낙동강 문학관 등이 조성되어 관광객들에게 편의를 제공함",054-537-7125,경상북도 상주시청,2026-01-01,5110000,경상북도 상주시
전국관광지정보표준데이터,https://www.data.go.kr/data/15021141/standard.do,2024-08-16,place,도림사계곡,관광지,전라남도 곡성군,전라남도 곡성군 곡성읍 도림로 175,35.26724907,127.2575171,"해발 748.5m의 동악산 남쪽 골짜기를 흘러내리는 것으로 동악계곡, 성출계곡과 더불어 아홉구비마다 펼쳐진 반석 위로 맑은 물줄기가 마치 비단을 펼쳐 놓은 듯이 흐르고 수맥이 연중 그치치 않을 뿐만 아니라 노송, 계곡, 폭포들이 어우러져 절경을 이루고 있는 도림사 계곡은 지방 기념물 101호로 지정되어 있다.주변의 경치를 감상할 수 있는 반석들이 있어 예부터 풍류객들의 발길이 잦았으며 이곳 9개의 반석에는 선현들의 문구가 음각되어 있어 그들의 풍류를 엿볼 수 있고 한 아름 반석 위로 흐르는 계곡 물에 몸을 담그는 맛이 색다르다.선현들이 이곳에서 시를 짓고 노래를 불렀을 그 자취와 흔적들이 지금까지 도림사 계곡암반 위에 고스란히 남아있다. 무엇보다 선비들이 이곳을 즐겨 찾았던 또 다른 의미는 이 계곡에 성리학이 이상향으로 삼는 청류구곡의 형상이 구현되어 있다고 믿었기 때문이다. 그래서 계곡의 와폭(臥瀑)과 담(潭), 소(沼), 대(臺) 등의 암반을 아홉 구간 즉 구곡으로 구분하여 각각의 골짜기에 맞는 경구를 새겨놓고, 도림사 계곡에 머무는 그 자체를, 성리학적 이념을 되새기는 행위로 여겼다. 따라서 도림사 계곡은 성리학을 포함한 유불선의 정신이 살아있는 경전과 같은 역할을 하게 된다. 도림사 계곡이 갖는 이러한 의미는 한일합방 이후 독립운동가들에 의하여 항일운동의 이념적 거점으로 삼으려는 시도와도 연결된다.그리고 이 계곡 정상 부근에는 이곳에서 바라보는 전망이 좋아 신선이 쉬어 간다고 하는 높이 4m에 넓이 30평에 달하는 신선바위가 있으며 멀리 보이는 형제봉은 등산로 코스로 널리 알려져 있다.",지역 역사·관광 탐방 동화 배경,장소의 특징을 찾아보고 가족 여행 기록 남기기,5-7;8-10,관광;관광지;도림사계곡;해발;748.5m의;동악산;남쪽;골짜기를;흘러내리는;것으로;동악계곡;성출계곡과,도림사계곡,관광지,전라남도 곡성군 곡성읍 도림로 175,전라남도 곡성군 곡성읍 월봉리 327,3657,주차장+화장실,,,,,,2021-09-01,100,36,"해발 748.5m의 동악산 남쪽 골짜기를 흘러내리는 것으로 동악계곡, 성출계곡과 더불어 아홉구비마다 펼쳐진 반석 위로 맑은 물줄기가 마치 비단을 펼쳐 놓은 듯이 흐르고 수맥이 연중 그치치 않을 뿐만 아니라 노송, 계곡, 폭포들이 어우러져 절경을 이루고 있는 도림사 계곡은 지방 기념물 101호로 지정되어 있다.주변의 경치를 감상할 수 있는 반석들이 있어 예부터 풍류객들의 발길이 잦았으며 이곳 9개의 반석에는 선현들의 문구가 음각되어 있어 그들의 풍류를 엿볼 수 있고 한 아름 반석 위로 흐르는 계곡 물에 몸을 담그는 맛이 색다르다.선현들이 이곳에서 시를 짓고 노래를 불렀을 그 자취와 흔적들이 지금까지 도림사 계곡암반 위에 고스란히 남아있다. 무엇보다 선비들이 이곳을 즐겨 찾았던 또 다른 의미는 이 계곡에 성리학이 이상향으로 삼는 청류구곡의 형상이 구현되어 있다고 믿었기 때문이다. 그래서 계곡의 와폭(臥瀑)과 담(潭), 소(沼), 대(臺) 등의 암반을 아홉 구간 즉 구곡으로 구분하여 각각의 골짜기에 맞는 경구를 새겨놓고, 도림사 계곡에 머무는 그 자체를, 성리학적 이념을 되새기는 행위로 여겼다. 따라서 도림사 계곡은 성리학을 포함한 유불선의 정신이 살아있는 경전과 같은 역할을 하게 된다. 도림사 계곡이 갖는 이러한 의미는 한일합방 이후 독립운동가들에 의하여 항일운동의 이념적 거점으로 삼으려는 시도와도 연결된다.그리고 이 계곡 정상 부근에는 이곳에서 바라보는 전망이 좋아 신선이 쉬어 간다고 하는 높이 4m에 넓이 30평에 달하는 신선바위가 있으며 멀리 보이는 형제봉은 등산로 코스로 널리 알려져 있다.",061-362-2727,전라남도 곡성군청 관광과,2024-08-16,4860000,전라남도 곡성군
전국관광지정보표준데이터,https://www.data.go.kr/data/15021141/standard.do,2024-08-16,place,태안사계곡,관광지,전라남도 곡성군,전라남도 곡성군 죽곡면 태안로 622-215,35.13195828,127.3863807,"섬진강으로 흘러드는 보성강은 잔잔한 물줄기지만 다른 곳에 비해 덜 알려져 자연 그대로의 모습을 간직하고 있다. 보성강으로 흘러드는 태안사계곡은 이런 보성강의 아기자기한 특징을 잘 드러내주는 계곡이다.태안사 입구에서 절까지 걸어가는 2㎞쯤 되는 계곡길은 여느 계곡길보다 짧지만 이런 기대를 충족시켜주기에 충분한 자격을 갖고 있다. 고로쇠나무, 떡갈나무, 단풍나무, 소나무가 우거져 있고, 차가운 계곡에 발을 담그면 한여름의 무더위는 순식간에 사라진다.태안사의 현관 역할을 하는 능파각(凌波閣)의 운치있는 다리겸 누각도 계곡의 풍광을 즐기기 좋은 곳이다. 태안사계곡은 아주 빼어난 바위봉들은 없어도 아늑하고 편안한 분위기만으로 충분히 더위를 잊을 수 있는 곳이다.능파각(凌波閣)이라는 말은 아름다운 여인의 우아하고 가벼운 걸음걸이를 뜻한다고 한다. 능파각은 서기 850년 혜철선사가 태안사를 창건할때부터 지어졌던 목조 건물로서 몇 번의 복원과 보수끝에 지금의 모습을 유지하고 있는 것이다.능파각을 건너 숲으로 접어들면 이내 일주문이 나오면서 태안사의 정경이 한눈에 들어온다. 태안사는 지금은 규모가 그리 크지 않지만 구산선문의 유서 깊은 절로 한때 화엄사를 거느리기도 했었다. 경내에는 지름 40m쯤 되는 큰 연못 가운데 부처님 사리를 모셨다는 삼층석탑이 있어 색다른 느낌이 든다.",지역 역사·관광 탐방 동화 배경,장소의 특징을 찾아보고 가족 여행 기록 남기기,5-7;8-10,관광;관광지;태안사계곡;섬진강으로;흘러드는;보성강은;잔잔한;물줄기지만;다른;곳에;비해;덜,태안사계곡,관광지,전라남도 곡성군 죽곡면 태안로 622-215,전라남도 곡성군 죽곡면 원달리 20,1069,주차장,,,,,,2021-09-01,100,11,"섬진강으로 흘러드는 보성강은 잔잔한 물줄기지만 다른 곳에 비해 덜 알려져 자연 그대로의 모습을 간직하고 있다. 보성강으로 흘러드는 태안사계곡은 이런 보성강의 아기자기한 특징을 잘 드러내주는 계곡이다.태안사 입구에서 절까지 걸어가는 2㎞쯤 되는 계곡길은 여느 계곡길보다 짧지만 이런 기대를 충족시켜주기에 충분한 자격을 갖고 있다. 고로쇠나무, 떡갈나무, 단풍나무, 소나무가 우거져 있고, 차가운 계곡에 발을 담그면 한여름의 무더위는 순식간에 사라진다.태안사의 현관 역할을 하는 능파각(凌波閣)의 운치있는 다리겸 누각도 계곡의 풍광을 즐기기 좋은 곳이다. 태안사계곡은 아주 빼어난 바위봉들은 없어도 아늑하고 편안한 분위기만으로 충분히 더위를 잊을 수 있는 곳이다.능파각(凌波閣)이라는 말은 아름다운 여인의 우아하고 가벼운 걸음걸이를 뜻한다고 한다. 능파각은 서기 850년 혜철선사가 태안사를 창건할때부터 지어졌던 목조 건물로서 몇 번의 복원과 보수끝에 지금의 모습을 유지하고 있는 것이다.능파각을 건너 숲으로 접어들면 이내 일주문이 나오면서 태안사의 정경이 한눈에 들어온다. 태안사는 지금은 규모가 그리 크지 않지만 구산선문의 유서 깊은 절로 한때 화엄사를 거느리기도 했었다. 경내에는 지름 40m쯤 되는 큰 연못 가운데 부처님 사리를 모셨다는 삼층석탑이 있어 색다른 느낌이 든다.",061-363-6669,전라남도 곡성군청 관광과,2024-08-16,4860000,전라남도 곡성군
전국관광지정보표준데이터,https://www.data.go.kr/data/15021141/standard.do,2024-08-16,place,태안사,관광지,전라남도 곡성군,전라남도 곡성군 죽곡면 태안로 622-215,35.13195828,127.3863807,"태안사는 통일신라 경덕왕 원년(742)에 이름모를 스님 세 분이 세웠다고 전한다. 고려시대에는 광자대사가 크게 늘려 지었는데 이 때 절의 규모는 총 40여 동에 110칸이었고, 법당에는 높이 1.4m되는 약사여래철불좌상을 모셨던 듯하다. 고려 고종 10년(1223)에는 당시 집권자인 최우가 고쳐 지었으며, 조선시대에는 숙종 10년(1684)에 주지 각현이 창고를 새로 지었다는 기록이 보이고 있다. 특히 조선초에 태종의 둘째 아들 효령대군이 이곳에 머물렀던 인연이 있는 곳이다. 한국전쟁때 많은 피해를 입어서 지금 있는 건물은 대부분이 복원된 것이다.경내에는 혜철선사의 부도인 적인선사조륜청정탑(보물 제273호), 윤다의 부도인 광자대사탑(보물 제274호), 광자대사비(보물 제275호), 승무를 출 때 사용하던 태안사대바라(보물 제956호), 태안사동종(보물 1349호), 태안사일주문(전라남도 유형문화재 제83호), 태안사삼층석탑(문화재자료 제170호) 등이 있다. 은빛모래와 하늘이 비치는 맑은 물의 섬진강을 끼고 곡성읍에서 17호선의 국도를 따라 16km가다보면 섬진강과 보성강이 합류하는 압록유원지가 나온다. 이곳에서 보성강을 끼고 국도 18호선을 따라 6km정도 가다보면 태안사로 들어가는 태안교를 접하게 되고 다리를 건너 다시 6km정도 가다보면 죽곡면 원달리에 위치한 태안사에 다다를 수 있다.동리산 자락에 위치한 태안사는 신라 경덕왕 원년(742년)에 동리산파를 일으켜 세 선승에 의하여 창건한 것으로 알려져 있는데, 처음에는 대안사로 불리웠으며 이 나라 불교의 선문 아홉가지의 하나인 동리산파의 본산지로 선암사, 송광사, 화엄사, 쌍계사 등을 거느리고 꽤 오랫동안 영화로움을 누렸던 사찰로 혜철선사와 도선국사가 득도한 정량수도의 도량이다.고려시대에 들어와서 광자선사가 32칸으로 넓혀 지었으나 고려시대 중기에 송광사가 조계종의 본산지로 지위를 굳혀 따로 제금났고, 조선시대에는 불교를 억누르는 정책 바람을 탈 수 밖에 없었으나 효령대군이 머물며 왕가의 원당으로 삼기도",지역 역사·관광 탐방 동화 배경,장소의 특징을 찾아보고 가족 여행 기록 남기기,5-7;8-10,관광;관광지;태안사;태안사는;통일신라;경덕왕;원년(742)에;이름모를;스님;세;분이;세웠다고,태안사,관광지,전라남도 곡성군 죽곡면 태안로 622-215,전라남도 곡성군 죽곡면 원달리 20,19150,주차장,,,,,,2021-09-01,200,9,"태안사는 통일신라 경덕왕 원년(742)에 이름모를 스님 세 분이 세웠다고 전한다. 고려시대에는 광자대사가 크게 늘려 지었는데 이 때 절의 규모는 총 40여 동에 110칸이었고, 법당에는 높이 1.4m되는 약사여래철불좌상을 모셨던 듯하다. 고려 고종 10년(1223)에는 당시 집권자인 최우가 고쳐 지었으며, 조선시대에는 숙종 10년(1684)에 주지 각현이 창고를 새로 지었다는 기록이 보이고 있다. 특히 조선초에 태종의 둘째 아들 효령대군이 이곳에 머물렀던 인연이 있는 곳이다. 한국전쟁때 많은 피해를 입어서 지금 있는 건물은 대부분이 복원된 것이다.경내에는 혜철선사의 부도인 적인선사조륜청정탑(보물 제273호), 윤다의 부도인 광자대사탑(보물 제274호), 광자대사비(보물 제275호), 승무를 출 때 사용하던 태안사대바라(보물 제956호), 태안사동종(보물 1349호), 태안사일주문(전라남도 유형문화재 제83호), 태안사삼층석탑(문화재자료 제170호) 등이 있다. 은빛모래와 하늘이 비치는 맑은 물의 섬진강을 끼고 곡성읍에서 17호선의 국도를 따라 16km가다보면 섬진강과 보성강이 합류하는 압록유원지가 나온다. 이곳에서 보성강을 끼고 국도 18호선을 따라 6km정도 가다보면 태안사로 들어가는 태안교를 접하게 되고 다리를 건너 다시 6km정도 가다보면 죽곡면 원달리에 위치한 태안사에 다다를 수 있다.동리산 자락에 위치한 태안사는 신라 경덕왕 원년(742년)에 동리산파를 일으켜 세 선승에 의하여 창건한 것으로 알려져 있는데, 처음에는 대안사로 불리웠으며 이 나라 불교의 선문 아홉가지의 하나인 동리산파의 본산지로 선암사, 송광사, 화엄사, 쌍계사 등을 거느리고 꽤 오랫동안 영화로움을 누렸던 사찰로 혜철선사와 도선국사가 득도한 정량수도의 도량이다.고려시대에 들어와서 광자선사가 32칸으로 넓혀 지었으나 고려시대 중기에 송광사가 조계종의 본산지로 지위를 굳혀 따로 제금났고, 조선시대에는 불교를 억누르는 정책 바람을 탈 수 밖에 없었으나 효령대군이 머물며 왕가의 원당으로 삼기도",061-363-6669,전라남도 곡성군청 문화체육과,2024-08-16,4860000,전라남도 곡성군
전국관광지정보표준데이터,https://www.data.go.kr/data/15021141/standard.do,2024-08-16,place,안개 농촌체험 휴양마을,관광지,전라남도 곡성군,전라남도 곡성군 고달면 고산로 39-18,35.29052093,127.3419816,‘곡성안개마을’은 곡성군 고달면 목동리 연꽃방죽 옆에 위치하고 있으며 국가보호습지로 지정된 섬진강 ‘침실습지’를 바라보는 장소에 위치한 체험휴양마을입니다.아침이면 강변 습지에 물안개가 피어오르고 강변을 따라 이어지는 섬진강 자전거길의 풍경은 오염되지 않은 청정자연 그대로의 강의 모습을 고스란히 간직하고 있으며 강 건너 기차마을의 증기기관차의 기적소리가 향수를 불러일으키는 곳입니다.,지역 역사·관광 탐방 동화 배경,장소의 특징을 찾아보고 가족 여행 기록 남기기,5-7;8-10,관광;관광지;안개;농촌체험;휴양마을;‘곡성안개마을’은;곡성군;고달면;목동리;연꽃방죽;옆에;위치하고,안개 농촌체험 휴양마을,관광지,전라남도 곡성군 고달면 고산로 39-18,전라남도 곡성군 고달면 목동리 258-5,2360,주차장,,,,,,2021-09-01,200,10,‘곡성안개마을’은 곡성군 고달면 목동리 연꽃방죽 옆에 위치하고 있으며 국가보호습지로 지정된 섬진강 ‘침실습지’를 바라보는 장소에 위치한 체험휴양마을입니다.아침이면 강변 습지에 물안개가 피어오르고 강변을 따라 이어지는 섬진강 자전거길의 풍경은 오염되지 않은 청정자연 그대로의 강의 모습을 고스란히 간직하고 있으며 강 건너 기차마을의 증기기관차의 기적소리가 향수를 불러일으키는 곳입니다.,061-363-3231,전라남도 곡성군청 농촌지원과,2024-08-16,4860000,전라남도 곡성군
전국관광지정보표준데이터,https://www.data.go.kr/data/15021141/standard.do,2024-08-16,place,가정 농촌체험 휴양마을,관광지,전라남도 곡성군,전라남도 곡성군 고달면 가정마을길 65,35.22727591,127.3704119,"곡성 가정마을은 녹색농촌체험마을이다. 청소년 야영장과 인접해 있고, 섬진강과 시골의 향취를 마음껏 느낄 수 있다. 가정마을에서 체험할수 있는 프로그램들도 다양한데 그 중에서 먹거리체험으로는 인절미 떡메치기와 전통 손두부,콩비지도넛 만들기 체험이다. 계절에 따라 고사리꺾기,매실따기,복숭아따기,자두,살구,감,배등 각종 수확체험이 단연 인기체험이다",지역 역사·관광 탐방 동화 배경,장소의 특징을 찾아보고 가족 여행 기록 남기기,5-7;8-10,관광;관광지;가정;농촌체험;휴양마을;곡성;가정마을은;녹색농촌체험마을이다.;청소년;야영장과;인접해;있고,가정 농촌체험 휴양마을,관광지,전라남도 곡성군 고달면 가정마을길 65,전라남도 곡성군 고달면 두가리 630-3,658,주차장+운동기구,,,,,,2021-09-01,110,4,"곡성 가정마을은 녹색농촌체험마을이다. 청소년 야영장과 인접해 있고, 섬진강과 시골의 향취를 마음껏 느낄 수 있다. 가정마을에서 체험할수 있는 프로그램들도 다양한데 그 중에서 먹거리체험으로는 인절미 떡메치기와 전통 손두부,콩비지도넛 만들기 체험이다. 계절에 따라 고사리꺾기,매실따기,복숭아따기,자두,살구,감,배등 각종 수확체험이 단연 인기체험이다",061-363-1637,전라남도 곡성군청 농촌지원과,2024-08-16,4860000,전라남도 곡성군
전국관광지정보표준데이터,https://www.data.go.kr/data/15021141/standard.do,2024-08-16,place,죽산 농촌체험 휴양마을,관광지,전라남도 곡성군,전라남도 곡성군 겸면 죽산하늘재길42,35.23352336,127.1752282,곡성 죽산사과마을은 농촌체험휴양마을이다. 목화공원과 인접한 곳으로 시골의 향취를 마음껏 느낄 수 있다.죽산사과마을에서 체험할수 있는 프로그램들도 다양한데 그 중에서 먹거리체험으로는 인절미 떡메치기 체험있고. 계절에 따라 사과따기 감따기등 각종 수확체험이 있다.,지역 역사·관광 탐방 동화 배경,장소의 특징을 찾아보고 가족 여행 기록 남기기,5-7;8-10,관광;관광지;죽산;농촌체험;휴양마을;곡성;죽산사과마을은;농촌체험휴양마을이다.;목화공원과;인접한;곳으로;시골의,죽산 농촌체험 휴양마을,관광지,전라남도 곡성군 겸면 죽산하늘재길42,전라남도 곡성군 겸면 운교리 468-13,765,화장실,,,,,,2021-09-01,1000,0,곡성 죽산사과마을은 농촌체험휴양마을이다. 목화공원과 인접한 곳으로 시골의 향취를 마음껏 느낄 수 있다.죽산사과마을에서 체험할수 있는 프로그램들도 다양한데 그 중에서 먹거리체험으로는 인절미 떡메치기 체험있고. 계절에 따라 사과따기 감따기등 각종 수확체험이 있다.,061-363-2011,전라남도 곡성군청 농촌지원과,2024-08-16,4860000,전라남도 곡성군
전국관광지정보표준데이터,https://www.data.go.kr/data/15021141/standard.do,2024-08-16,place,용암 농촌체험 휴양마을,관광지,전라남도 곡성군,전라남도 곡성군 목사동면 용사용암길 8-2,35.12878212,127.3134337,곡성 용암마을은 목사동면에 위치한 농촌체험휴양마을입니다.계절별 팜놀이를 통해서 아이와 어른이 함께 즐길수 있는데 특히 여름에는 은어잡기체험을 진행하고 있습니다.,지역 역사·관광 탐방 동화 배경,장소의 특징을 찾아보고 가족 여행 기록 남기기,5-7;8-10,관광;관광지;용암;농촌체험;휴양마을;곡성;용암마을은;목사동면에;위치한;농촌체험휴양마을입니다.계절별;팜놀이를;통해서,용암 농촌체험 휴양마을,관광지,전라남도 곡성군 목사동면 용사용암길 8-2,전라남도 곡성군 목사동면 용사리 38,641,주차장,,,,,,2021-09-01,15,5,곡성 용암마을은 목사동면에 위치한 농촌체험휴양마을입니다.계절별 팜놀이를 통해서 아이와 어른이 함께 즐길수 있는데 특히 여름에는 은어잡기체험을 진행하고 있습니다.,061-362-0990,전라남도 곡성군청 농촌지원과,2024-08-16,4860000,전라남도 곡성군
전국관광지정보표준데이터,https://www.data.go.kr/data/15021141/standard.do,2024-08-16,place,칠봉 농촌체험 휴양마을,관광지,전라남도 곡성군,전라남도 곡성군 겸면 칠봉길 89,35.24620059,127.1802226,"곡성 겸면 칠봉마을은 옛 전통이 그대로 살아 있은 농촌 체험마을입니다.마을 뒤로는 일곱 봉우리기 평풍처럼 둘러 쌓여 있고 앞으로는 동계동천을 이루어 신선이 사는 곳으로써 마을 한복판에 체험마을이 자리 잡고 있습니다.철 따라 감자캐기,땅콩캐기.고구마캐기등 농사체험이 있고 감잎차,뽕잎차.연잎차 만들기 체험이 있으며 칠봉산 등산체험은 어린이,장년,노인들 모두 즐길수 있는 인기 체험이며 목화공원의 목화체험(목화따기,목화 꽃다발 만들기,무명실 뽑기등) 이 다른 고장과 차별화 되는 체험꺼리가 있습니다.또한 미풍양속을 지키는 마을로써 구정에 합동세배,삼월삼일 칠봉 큰샘제,추석절 윳놀이행사등 민속놀이 행사를 꾸준히 하고있는 마을 입니다.",지역 역사·관광 탐방 동화 배경,장소의 특징을 찾아보고 가족 여행 기록 남기기,5-7;8-10,관광;관광지;칠봉;농촌체험;휴양마을;곡성;겸면;칠봉마을은;옛;전통이;그대로;살아,칠봉 농촌체험 휴양마을,관광지,전라남도 곡성군 겸면 칠봉길 89,전라남도 곡성군 겸면 칠봉리 311,253,주차장+화장실,,,,,,2021-09-01,30,10,"곡성 겸면 칠봉마을은 옛 전통이 그대로 살아 있은 농촌 체험마을입니다.마을 뒤로는 일곱 봉우리기 평풍처럼 둘러 쌓여 있고 앞으로는 동계동천을 이루어 신선이 사는 곳으로써 마을 한복판에 체험마을이 자리 잡고 있습니다.철 따라 감자캐기,땅콩캐기.고구마캐기등 농사체험이 있고 감잎차,뽕잎차.연잎차 만들기 체험이 있으며 칠봉산 등산체험은 어린이,장년,노인들 모두 즐길수 있는 인기 체험이며 목화공원의 목화체험(목화따기,목화 꽃다발 만들기,무명실 뽑기등) 이 다른 고장과 차별화 되는 체험꺼리가 있습니다.또한 미풍양속을 지키는 마을로써 구정에 합동세배,삼월삼일 칠봉 큰샘제,추석절 윳놀이행사등 민속놀이 행사를 꾸준히 하고있는 마을 입니다.",061-362-1049,전라남도 곡성군청 농촌지원과,2024-08-16,4860000,전라남도 곡성군
전국관광지정보표준데이터,https://www.data.go.kr/data/15021141/standard.do,2024-08-16,place,봉정 농촌체험 휴양마을,관광지,전라남도 곡성군,전라남도 곡성군 죽곡면 봉정길 43-137,35.19394727,127.3107811,"‘봉정마을’은 날던 봉황이 보금자리에 들어 알을 품은 모습같아하여 봉정(鳳停)이라고 불렸습니다.쌀엿의 향기가 가득한 마을 안쪽으로는 두 팔을 벌려도 안을 수 없는 느티나무와 선인들의 배움에 대한 열정이 남아 있는 영류재가 있고, 뒤쪽에는 넓은 논밭과 저수지 위로 이어진 아름다운 편백나무 산책로가 있습니다.다양한 체험과 함께하는 최고의 힐링 깨끗한 자연 환경 속의 농산물을 만날 수 있는 봉정농촌체험휴양마을로 오세요",지역 역사·관광 탐방 동화 배경,장소의 특징을 찾아보고 가족 여행 기록 남기기,5-7;8-10,관광;관광지;봉정;농촌체험;휴양마을;‘봉정마을’은;날던;봉황이;보금자리에;들어;알을;품은,봉정 농촌체험 휴양마을,관광지,전라남도 곡성군 죽곡면 봉정길 43-137,전라남도 곡성군 죽곡면 봉정리 815,1015,무선 인터넷+화장실,,,,,,2021-09-01,30,0,"‘봉정마을’은 날던 봉황이 보금자리에 들어 알을 품은 모습같아하여 봉정(鳳停)이라고 불렸습니다.쌀엿의 향기가 가득한 마을 안쪽으로는 두 팔을 벌려도 안을 수 없는 느티나무와 선인들의 배움에 대한 열정이 남아 있는 영류재가 있고, 뒤쪽에는 넓은 논밭과 저수지 위로 이어진 아름다운 편백나무 산책로가 있습니다.다양한 체험과 함께하는 최고의 힐링 깨끗한 자연 환경 속의 농산물을 만날 수 있는 봉정농촌체험휴양마을로 오세요",061-363-2011,전라남도 곡성군청 농촌지원과,2024-08-16,4860000,전라남도 곡성군
전국관광지정보표준데이터,https://www.data.go.kr/data/15021141/standard.do,2024-08-16,place,대신주말농장 정보화마을,관광지,전라남도 곡성군,전라남도 곡성군 곡성읍 신리길 24-1,35.29488111,127.3237142,"섬진강 자연분지 양지바른 곳에 자리한 대신주말농장마을섬진강변의 기름지고 넓은 평지에 맑은 물과 깨끗한 공기를 간직한 자연그대로의 환경을 보존한 마을로 환경농업을 실천하고 미래를 준비하는 농촌체험형 녹색의 전원마을이다.300여 농가가 옹기종기 모여 사는 이곳은 곡성읍 대평리 1,2,3구와 신리 4개의 행정마을로 구성되어 있으며 대평리와 신리의 첫 자를 따 대신주말농장마을이라 하였다.주민 70이상이 시설하우스에서 지역의 특산물인 딸기, 멜론, 화훼를 생산하고 있으며 우수한 맛이 인정되어 딸기와 메론, 화훼를 일본등 외국에 수출하고 있다.대신주말농장마을 주변은 전라선 철도, 호남고속도로, 국도 4개 노선이 지나고 광주, 순천, 남원과 인접한 편리한 교통지역으로 증기기관차와 레일바이크 체험, 음악분수, 1004장미공원, 놀이공간을 갖춘 섬진강기차마을이 인접하고 있어 갖가지 체험관광을 즐길수 있다.",지역 역사·관광 탐방 동화 배경,장소의 특징을 찾아보고 가족 여행 기록 남기기,5-7;8-10,관광;관광지;대신주말농장;정보화마을;섬진강;자연분지;양지바른;곳에;자리한;대신주말농장마을섬진강변의;기름지고;넓은,대신주말농장 정보화마을,관광지,전라남도 곡성군 곡성읍 신리길 24-1,전라남도 곡성군 곡성읍 신리 324-2,285,주차장,,,,,,2021-09-01,300,5,"섬진강 자연분지 양지바른 곳에 자리한 대신주말농장마을섬진강변의 기름지고 넓은 평지에 맑은 물과 깨끗한 공기를 간직한 자연그대로의 환경을 보존한 마을로 환경농업을 실천하고 미래를 준비하는 농촌체험형 녹색의 전원마을이다.300여 농가가 옹기종기 모여 사는 이곳은 곡성읍 대평리 1,2,3구와 신리 4개의 행정마을로 구성되어 있으며 대평리와 신리의 첫 자를 따 대신주말농장마을이라 하였다.주민 70이상이 시설하우스에서 지역의 특산물인 딸기, 멜론, 화훼를 생산하고 있으며 우수한 맛이 인정되어 딸기와 메론, 화훼를 일본등 외국에 수출하고 있다.대신주말농장마을 주변은 전라선 철도, 호남고속도로, 국도 4개 노선이 지나고 광주, 순천, 남원과 인접한 편리한 교통지역으로 증기기관차와 레일바이크 체험, 음악분수, 1004장미공원, 놀이공간을 갖춘 섬진강기차마을이 인접하고 있어 갖가지 체험관광을 즐길수 있다.",061-363-2011,전라남도 곡성군청 행정과,2024-08-16,4860000,전라남도 곡성군
전국관광지정보표준데이터,https://www.data.go.kr/data/15021141/standard.do,2025-07-24,place,매헌 윤봉길의사 기념관,관광지,서울특별시 서초구,서울특별시 서초구 매헌로 99,37.4730498,127.0369771,"윤봉길의사의 업적과 살신성인 정신의 높은 뜻을 선양하고 계승 발전시키키 위하여 1988년 준공되었다. 지하 1층부터 지상 3층에 이르는 규모로 기념관 1층에는 유품과 생애사진이 전시되어 있으며, 2층에는 사무처, 매헌연구원, 세미나실, 윤봉길 도서관 등을 갖추고 있다.",지역 역사·관광 탐방 동화 배경,장소의 특징을 찾아보고 가족 여행 기록 남기기,5-7;8-10,관광;관광지;매헌;윤봉길의사;기념관;윤봉길의사의;업적과;살신성인;정신의;높은;뜻을;선양하고,매헌 윤봉길의사 기념관,관광지,서울특별시 서초구 매헌로 99,서울특별시 서초구 양재동 236,2627,화장실+주차장,,,,,,1988-12-01,400,50,"윤봉길의사의 업적과 살신성인 정신의 높은 뜻을 선양하고 계승 발전시키키 위하여 1988년 준공되었다. 지하 1층부터 지상 3층에 이르는 규모로 기념관 1층에는 유품과 생애사진이 전시되어 있으며, 2층에는 사무처, 매헌연구원, 세미나실, 윤봉길 도서관 등을 갖추고 있다.",02-577-9932,국가보훈처,2025-07-24,3210000,서울특별시 서초구
전국관광지정보표준데이터,https://www.data.go.kr/data/15021141/standard.do,2025-07-24,place,고투몰,관광지,서울특별시 서초구,서울특별시 서초구 신반포로 지하200,37.50622031,127.0050517,"고속터미널 지하상가를 일컫는 고투몰은 카페, 음식점, 꽃시장 등 다양한 먹거리와 볼거리를 선사하는 곳이다. 의류, 신발, 각종 액세서리 등을 싸게 구입할 수 있어 많은 관광객들이 북적거리는 곳이다. 최근 고투몰은 고터·세빛 관광특구로 지정되었다.",지역 역사·관광 탐방 동화 배경,장소의 특징을 찾아보고 가족 여행 기록 남기기,5-7;8-10,관광;관광지;고투몰;고속터미널;지하상가를;일컫는;고투몰은;카페;음식점;꽃시장;등;다양한,고투몰,관광지,서울특별시 서초구 신반포로 지하200,서울특별시 서초구 잠원동 68-17,15601,화장실,,,,,,1974-04-30,20000,0,"고속터미널 지하상가를 일컫는 고투몰은 카페, 음식점, 꽃시장 등 다양한 먹거리와 볼거리를 선사하는 곳이다. 의류, 신발, 각종 액세서리 등을 싸게 구입할 수 있어 많은 관광객들이 북적거리는 곳이다. 최근 고투몰은 고터·세빛 관광특구로 지정되었다.",02-535-8182,강남터미널지하쇼핑몰,2025-07-24,3210000,서울특별시 서초구
전국관광지정보표준데이터,https://www.data.go.kr/data/15021141/standard.do,2025-07-24,place,세빛섬· 반포대교 달빛무지개분수,관광지,서울특별시 서초구,서울특별시 서초구 올림픽대로 2085-14,37.5124362,126.9959623,"세빛섬은 세 개의 빛나는 섬이라는 의미로, 세계 최초로 물 위에 떠 있는 부체 위에 건물을 짓는 플로팅 형태의 건축물이다. 가빛섬, 채빛섬, 솔빛섬 등 3개의 섬이 다리로 연결되어 있고 미디어아트갤러리 예빛섬이 함께 조화를 이루고 있으며 컨벤션홀, 공연, 전시, 레스토랑 시설 등을 갖춘 복합문화공간이다. 최근 세빛섬과 반포한강공원 일대는 고터·세빛 관광특구로 지정되었다.",지역 역사·관광 탐방 동화 배경,장소의 특징을 찾아보고 가족 여행 기록 남기기,5-7;8-10,관광;관광지;세빛섬·;반포대교;달빛무지개분수;세빛섬은;세;개의;빛나는;섬이라는;의미로;세계,세빛섬· 반포대교 달빛무지개분수,관광지,서울특별시 서초구 올림픽대로 2085-14,서울특별시 서초구 반포동 650,10421,화장실+주차장,,수상컨벤션센터,미디어아트갤러리+전망대,,,2014-10-15,20000,635,"세빛섬은 세 개의 빛나는 섬이라는 의미로, 세계 최초로 물 위에 떠 있는 부체 위에 건물을 짓는 플로팅 형태의 건축물이다. 가빛섬, 채빛섬, 솔빛섬 등 3개의 섬이 다리로 연결되어 있고 미디어아트갤러리 예빛섬이 함께 조화를 이루고 있으며 컨벤션홀, 공연, 전시, 레스토랑 시설 등을 갖춘 복합문화공간이다. 최근 세빛섬과 반포한강공원 일대는 고터·세빛 관광특구로 지정되었다.",02-1566-3433,효성티앤씨,2025-07-24,3210000,서울특별시 서초구
전국관광지정보표준데이터,https://www.data.go.kr/data/15021141/standard.do,2025-07-18,place,금마관광지,관광지,전북특별자치도 익산시,전북특별자치도 익산시 금마면 고도9길 41-14,36.0015063,127.0570781,익산 서동공원 일원,지역 역사·관광 탐방 동화 배경,장소의 특징을 찾아보고 가족 여행 기록 남기기,5-7;8-10,관광;관광지;금마관광지;익산;서동공원;일원,금마관광지,관광지,전북특별자치도 익산시 금마면 고도9길 41-14,전북특별자치도 익산시 금마면 동고도리 534-3,208700,광장+안내시설+화장실+주차장+만남의장,황토숙박,놀이시설+전통 놀이마당,공연장+조경휴게소+공원+교양관+유적전시시설+꽃동산+마재배지+실개천+잔디광장+서동선화이야기동산+주말농장+농경체험장+상가,,,1990-12-03,1000,451,익산 서동공원 일원,063-859-5797,전북특별자치도 익산시청,2025-07-18,4681000,전북특별자치도 익산시
전국관광지정보표준데이터,https://www.data.go.kr/data/15021141/standard.do,2025-07-18,place,미륵사지관광지,관광지,전북특별자치도 익산시,전북특별자치도 익산시 금마면 미륵사지로 362,36.01154232,127.0287139,미륵사지 절터 및 전시실,지역 역사·관광 탐방 동화 배경,장소의 특징을 찾아보고 가족 여행 기록 남기기,5-7;8-10,관광;관광지;미륵사지관광지;미륵사지;절터;및;전시실,미륵사지관광지,관광지,전북특별자치도 익산시 금마면 미륵사지로 362,전북특별자치도 익산시 금마면 기양리 104-1,108743,주차장+광장+안내소+화장실,,,전통음식점+기념품점,,,2006-02-22,2000,150,미륵사지 절터 및 전시실,063-859-5797,전북특별자치도 익산시청,2025-07-18,4681000,전북특별자치도 익산시
전국관광지정보표준데이터,https://www.data.go.kr/data/15021141/standard.do,2024-08-16,place,섬진강변 자전거하이킹,관광지,전라남도 곡성군,전라남도 곡성군 오곡면 기차마을로 232,35.27753393,127.3082912,천혜의 자연경관을 가진 섬진강과 보성강변의 아름다운 도로와 경치좋은 산길(임도)를 따라 달려볼 수 있는 코스입니다.에코레일(Eco-Rail)자전거 열차를 통해 전국의 동호인들이 찾고 있습니다.,지역 역사·관광 탐방 동화 배경,장소의 특징을 찾아보고 가족 여행 기록 남기기,5-7;8-10,관광;관광지;섬진강변;자전거하이킹;천혜의;자연경관을;가진;섬진강과;보성강변의;아름다운;도로와;경치좋은,섬진강변 자전거하이킹,관광지,전라남도 곡성군 오곡면 기차마을로 232,전라남도 곡성군 오곡면 오지리 770-5,113345,주차장+화장실,,,,,,2021-09-01,1000,10,천혜의 자연경관을 가진 섬진강과 보성강변의 아름다운 도로와 경치좋은 산길(임도)를 따라 달려볼 수 있는 코스입니다.에코레일(Eco-Rail)자전거 열차를 통해 전국의 동호인들이 찾고 있습니다.,061-360-8419,전라남도 곡성군청 관광과,2024-08-16,4860000,전라남도 곡성군
전국관광지정보표준데이터,https://www.data.go.kr/data/15021141/standard.do,2024-08-16,place,두계 농촌체험 휴양마을,관광지,전라남도 곡성군,전라남도 곡성군 고달면 두계길 126,35.24354627,127.3790396,"곡성 두계외갓집체험마을은 천마산에서 섬진강으로 8km에 이어지는 계곡이 있고, 외갓집 같은 포근함과 옛 정취가 물씬 풍기는 자연경관이 가득한 조용한 시골 마을입니다.곡성관광을 마치고 조용히 휴식과 휴양을 할 수 있는 한옥팬션이 준비되어 있으며 다양한 체험프로그램들이 있지만 연중 가능한 인절미 떡메치기와 시골두부만들기 체험이 있고 봄철에 식용 야생꽃을 이용하여 추억을 한 가득 담아갈 수 있는 토란화전만들기 체험이 있습니다. 그 밖에 단감따기, 고추따기 등 다양한 농사체험이 있습니다.",지역 역사·관광 탐방 동화 배경,장소의 특징을 찾아보고 가족 여행 기록 남기기,5-7;8-10,관광;관광지;두계;농촌체험;휴양마을;곡성;두계외갓집체험마을은;천마산에서;섬진강으로;8km에;이어지는;계곡이,두계 농촌체험 휴양마을,관광지,전라남도 곡성군 고달면 두계길 126,전라남도 곡성군 고달면 두가리 494-1,957,주치장,,,,,,2021-09-01,50,5,"곡성 두계외갓집체험마을은 천마산에서 섬진강으로 8km에 이어지는 계곡이 있고, 외갓집 같은 포근함과 옛 정취가 물씬 풍기는 자연경관이 가득한 조용한 시골 마을입니다.곡성관광을 마치고 조용히 휴식과 휴양을 할 수 있는 한옥팬션이 준비되어 있으며 다양한 체험프로그램들이 있지만 연중 가능한 인절미 떡메치기와 시골두부만들기 체험이 있고 봄철에 식용 야생꽃을 이용하여 추억을 한 가득 담아갈 수 있는 토란화전만들기 체험이 있습니다. 그 밖에 단감따기, 고추따기 등 다양한 농사체험이 있습니다.",061-363-2011,전라남도 곡성군청 농촌지원과,2024-08-16,4860000,전라남도 곡성군
전국관광지정보표준데이터,https://www.data.go.kr/data/15021141/standard.do,2024-08-16,place,봉조 농촌체험 휴양마을,관광지,전라남도 곡성군,전라남도 곡성군 오곡면 봉조길 114,35.21496518,127.3604656,"즐겁고 보람있는 체험 활동이 가득한 봉조농촌체험학교섬진강의 맑은 기운과 지리산 따뜻한 숨결을 품은 산골 마을 봉조리 입구에는 오랜 시간동안 마을과 함께 한 작은 시골 초등학교가 있습니다.도시로 아이들이 떠나면서 비록 그 초등학교는 폐교가 되었지만, 이제 그 시골 학교는 봉조 마을 어르신들이 농촌 선생님이 되어 우리 아이들에게 시골의 넉넉함과 농촌의 풋풋한 생기를 함께 나누는 <봉조농촌체험학교>로 다시 태어났습니다.마을 주민들이 정성을 다해 관리하고 있는 아름다운 ‘봉조농촌체험학교’를 중심으로, 봉조리의 논과 밭에서 다양한 농촌 체험 활동을 비롯한 창의 체험 활동들을 초, 중, 고 학생과 함께 하고 있습니다.마음이 따뜻한 사람들의 마을 ‘봉조리’가 여러분을 두 팔 벌려 환영합니다",지역 역사·관광 탐방 동화 배경,장소의 특징을 찾아보고 가족 여행 기록 남기기,5-7;8-10,관광;관광지;봉조;농촌체험;휴양마을;즐겁고;보람있는;체험;활동이;가득한;봉조농촌체험학교섬진강의;맑은,봉조 농촌체험 휴양마을,관광지,전라남도 곡성군 오곡면 봉조길 114,전라남도 곡성군 오곡면 봉조리 15-1,2934,주차장+화장실+개수대,,,,,,2021-09-01,180,5,"즐겁고 보람있는 체험 활동이 가득한 봉조농촌체험학교섬진강의 맑은 기운과 지리산 따뜻한 숨결을 품은 산골 마을 봉조리 입구에는 오랜 시간동안 마을과 함께 한 작은 시골 초등학교가 있습니다.도시로 아이들이 떠나면서 비록 그 초등학교는 폐교가 되었지만, 이제 그 시골 학교는 봉조 마을 어르신들이 농촌 선생님이 되어 우리 아이들에게 시골의 넉넉함과 농촌의 풋풋한 생기를 함께 나누는 <봉조농촌체험학교>로 다시 태어났습니다.마을 주민들이 정성을 다해 관리하고 있는 아름다운 ‘봉조농촌체험학교’를 중심으로, 봉조리의 논과 밭에서 다양한 농촌 체험 활동을 비롯한 창의 체험 활동들을 초, 중, 고 학생과 함께 하고 있습니다.마음이 따뜻한 사람들의 마을 ‘봉조리’가 여러분을 두 팔 벌려 환영합니다",061-362-5268,전라남도 곡성군청 농촌지원과,2024-08-16,4860000,전라남도 곡성군
전국관광지정보표준데이터,https://www.data.go.kr/data/15021141/standard.do,2024-08-16,place,상한 농촌체험 휴양마을,관광지,전라남도 곡성군,전라남도 곡성군 죽곡면 상한길 240,35.16105726,127.3987916,"하늘처럼 깨끗한 산골마을인 하늘나리마을은 천혜자원인 해발 753고지 봉두산 아래에 위치하여 작은 골짜기를 사이로 맑은 물이 흐르고 골짜기를 따라 등산로가 있습니다.깊은 산속에는 고로쇠나무가 자생하여 이른 봄이면 고로쇠 수액을 채취하고 또한 집집마다 시골민박을 운영하고 있는 정겨운 산골마을입니다.마을에서 채취한 갖가지 산나물과 버섯을 활용한 시골밥상은 정겨운 시골의 옛맛을 그대로 느낄수 있으며, 마을주민 전체가 공동체를 이뤄 체험마을 활동에 참여하고 있습니다.",지역 역사·관광 탐방 동화 배경,장소의 특징을 찾아보고 가족 여행 기록 남기기,5-7;8-10,관광;관광지;상한;농촌체험;휴양마을;하늘처럼;깨끗한;산골마을인;하늘나리마을은;천혜자원인;해발;753고지,상한 농촌체험 휴양마을,관광지,전라남도 곡성군 죽곡면 상한길 240,전라남도 곡성군 죽곡면 하한리 672-4,1309,주차장,,,,,,2021-09-01,100,5,"하늘처럼 깨끗한 산골마을인 하늘나리마을은 천혜자원인 해발 753고지 봉두산 아래에 위치하여 작은 골짜기를 사이로 맑은 물이 흐르고 골짜기를 따라 등산로가 있습니다.깊은 산속에는 고로쇠나무가 자생하여 이른 봄이면 고로쇠 수액을 채취하고 또한 집집마다 시골민박을 운영하고 있는 정겨운 산골마을입니다.마을에서 채취한 갖가지 산나물과 버섯을 활용한 시골밥상은 정겨운 시골의 옛맛을 그대로 느낄수 있으며, 마을주민 전체가 공동체를 이뤄 체험마을 활동에 참여하고 있습니다.",061-363-8546,전라남도 곡성군청 농촌지원과,2024-08-16,4860000,전라남도 곡성군
전국관광지정보표준데이터,https://www.data.go.kr/data/15021141/standard.do,2024-08-16,place,무창 농촌체험 휴양마을,관광지,전라남도 곡성군,전라남도 곡성군 옥과면 금의길 59,35.28642041,127.1520961,무창마을은 전남 곡성군의 북서쪽에 위치한 전형적인 시골마을입니다.200여 농가가 모여있는 마을로 호남고속도로가 지나고 옥과 IC과 있어 광주와 인접해 교통이 편리한 농촌마을입니다.섬진강의 맑은 물과 깨끗한 공기와 더불어 점토질 량이 높아 기름지고 넓은 황등들을 중심으로 황등쌀과 사과.포도.송화버섯 수확체험이 가능한 체험마을입니다.,지역 역사·관광 탐방 동화 배경,장소의 특징을 찾아보고 가족 여행 기록 남기기,5-7;8-10,관광;관광지;무창;농촌체험;휴양마을;무창마을은;전남;곡성군의;북서쪽에;위치한;전형적인;시골마을입니다.200여,무창 농촌체험 휴양마을,관광지,전라남도 곡성군 옥과면 금의길 59,전라남도 곡성군 옥과면 무창리 1164-16,653,화장실+주차장,,,,,,2021-09-01,50,7,무창마을은 전남 곡성군의 북서쪽에 위치한 전형적인 시골마을입니다.200여 농가가 모여있는 마을로 호남고속도로가 지나고 옥과 IC과 있어 광주와 인접해 교통이 편리한 농촌마을입니다.섬진강의 맑은 물과 깨끗한 공기와 더불어 점토질 량이 높아 기름지고 넓은 황등들을 중심으로 황등쌀과 사과.포도.송화버섯 수확체험이 가능한 체험마을입니다.,061-363-2011,전라남도 곡성군청 농촌지원과,2024-08-16,4860000,전라남도 곡성군
전국관광지정보표준데이터,https://www.data.go.kr/data/15021141/standard.do,2025-06-30,place,남당항,관광지,충청남도 홍성군,충청남도 홍성군 서부면 남당항로213번길 1,36.53886252,126.4716002,대하 우럭 새조개 꽃게 등 사시사철 싱싱한 수산물을 맛볼수 있으며 잔잔한 은빛 수면으로 석양이 아름다움을 느낄 수 있음,지역 역사·관광 탐방 동화 배경,장소의 특징을 찾아보고 가족 여행 기록 남기기,5-7;8-10,관광;관광지;남당항;대하;우럭;새조개;꽃게;등;사시사철;싱싱한;수산물을;맛볼수,남당항,관광지,충청남도 홍성군 서부면 남당항로213번길 1,충청남도 홍성군 서부면 남당리 859-2,166200,관광안내소+화장실+주차장,,,국가어항,,,2007-09-20,10000,408,대하 우럭 새조개 꽃게 등 사시사철 싱싱한 수산물을 맛볼수 있으며 잔잔한 은빛 수면으로 석양이 아름다움을 느낄 수 있음,041-630-1300,충청남도 홍성군청,2025-06-30,4600000,충청남도 홍성군
전국관광지정보표준데이터,https://www.data.go.kr/data/15021141/standard.do,2025-06-30,place,백야 김좌진 장군 생가,관광지,충청남도 홍성군,충청남도 홍성군 갈산면 백야로 546번길 12,36.59786571,126.5471345,백야 김좌진 장군 생가 : 일제강점기 독립운동가 김좌진 의 생가터. 충청남도 기념물 제76호,지역 역사·관광 탐방 동화 배경,장소의 특징을 찾아보고 가족 여행 기록 남기기,5-7;8-10,관광;관광지;백야;김좌진;장군;생가;:;일제강점기;독립운동가;의;생가터.;충청남도,백야 김좌진 장군 생가,관광지,충청남도 홍성군 갈산면 백야로 546번길 12,,35700,문화관광해설사 배치+화장실+주차장,,,박물관,,,1989-12-29,200,60,백야 김좌진 장군 생가 : 일제강점기 독립운동가 김좌진 의 생가터. 충청남도 기념물 제76호,041-634-6952,충청남도 홍성군청,2025-06-30,4600000,충청남도 홍성군
전국관광지정보표준데이터,https://www.data.go.kr/data/15021141/standard.do,2025-06-30,place,한용운선생생가지,관광지,충청남도 홍성군,충청남도 홍성군 결성면 만해로 318번길 83,36.56214158,126.5529499,한용운선생생가지 : 1989년 12월 29일 충청남도 기념물 제75호 지정,지역 역사·관광 탐방 동화 배경,장소의 특징을 찾아보고 가족 여행 기록 남기기,5-7;8-10,관광;관광지;한용운선생생가지;:;1989년;12월;29일;충청남도;기념물;제75호;지정,한용운선생생가지,관광지,충청남도 홍성군 결성면 만해로 318번길 83,,16400,문화관광해설사 배치+화장실+주차장,,,박물관,,,1989-12-29,100,50,한용운선생생가지 : 1989년 12월 29일 충청남도 기념물 제75호 지정,041-642-6716,충청남도 홍성군청,2025-06-30,4600000,충청남도 홍성군
전국관광지정보표준데이터,https://www.data.go.kr/data/15021141/standard.do,2025-02-13,place,한려수도조망케이블카,관광지,경상남도 통영시,경상남도 통영시 발개로 205,34.82665041,128.4251243,"통영 미륵산에 설치된 한려수도 조망 케이블카는 한국에서 유일한 2선(bi-cable) 자동순환식 곤돌라 방식으로 스위스의 최신기술에 의해 설치되었으며, 그 길이도 1975m로 국내 일반관광객용 케이블카 중에서는 가장 길다. 특히, 그렇게 긴 길이에도 불구하고 친환경적인 설계에 의해 중간지주는 1개만 설치하여, 환경보호는 물론 탑승객에게 아주 편안한 승차감을 제공한다. 또한, 8인승 곤돌라 48대가 연속적으로 탑승객을 운송함으로써 지체 없이 탑승이 가능하며, 가까운 사람끼리 오붓하게 아름다운 한려수도의 경치를 감상할 수 있다.",지역 역사·관광 탐방 동화 배경,장소의 특징을 찾아보고 가족 여행 기록 남기기,5-7;8-10,관광;관광지;한려수도조망케이블카;통영;미륵산에;설치된;한려수도;조망;케이블카는;한국에서;유일한;2선(bi-cable),한려수도조망케이블카,관광지,경상남도 통영시 발개로 205,경상남도 통영시 도남동 349-1,34106,화장실+카페+음식점+휴게공간,,,,,,2008-04-18,10000,286,"통영 미륵산에 설치된 한려수도 조망 케이블카는 한국에서 유일한 2선(bi-cable) 자동순환식 곤돌라 방식으로 스위스의 최신기술에 의해 설치되었으며, 그 길이도 1975m로 국내 일반관광객용 케이블카 중에서는 가장 길다. 특히, 그렇게 긴 길이에도 불구하고 친환경적인 설계에 의해 중간지주는 1개만 설치하여, 환경보호는 물론 탑승객에게 아주 편안한 승차감을 제공한다. 또한, 8인승 곤돌라 48대가 연속적으로 탑승객을 운송함으로써 지체 없이 탑승이 가능하며, 가까운 사람끼리 오붓하게 아름다운 한려수도의 경치를 감상할 수 있다.",055-649-3804,경상남도 통영시 통영관광개발공사,2025-02-13,5330000,경상남도 통영시
전국관광지정보표준데이터,https://www.data.go.kr/data/15021141/standard.do,2025-02-13,place,한산도 제승당,관광지,경상남도 통영시,경상남도 통영시 한산면 한산일주로 70,34.79264032,128.4759648,"선조26년(1593년) 이순신장군이 삼도수군통제사를 제수받고 이 곳에 진영을 설치했고, 1976년 지금의 제승당과 충무사, 한산정, 수루 등을 새로 짓고 경내를 정화하여 오늘에 이름.",지역 역사·관광 탐방 동화 배경,장소의 특징을 찾아보고 가족 여행 기록 남기기,5-7;8-10,관광;관광지;한산도;제승당;선조26년(1593년);이순신장군이;삼도수군통제사를;제수받고;이;곳에;진영을;설치했고,한산도 제승당,관광지,경상남도 통영시 한산면 한산일주로 70,경상남도 통영시 한산면 두억리 산39,524625,화장실+휴게소,,,,,,1976-01-01,1600,0,"선조26년(1593년) 이순신장군이 삼도수군통제사를 제수받고 이 곳에 진영을 설치했고, 1976년 지금의 제승당과 충무사, 한산정, 수루 등을 새로 짓고 경내를 정화하여 오늘에 이름.",055-254-4483,경상남도청,2025-02-13,5330000,경상남도 통영시
전국관광지정보표준데이터,https://www.data.go.kr/data/15021141/standard.do,2025-08-11,place,화암관광지,관광지,강원특별자치도 정선군,강원특별자치도 정선군 화암면 화암동굴길 12-13,37.35092374,128.7896216,천혜의 경관과 자연적 역사문화적 특성을 관광자원화하였음,지역 역사·관광 탐방 동화 배경,장소의 특징을 찾아보고 가족 여행 기록 남기기,5-7;8-10,관광;관광지;화암관광지;천혜의;경관과;자연적;역사문화적;특성을;관광자원화하였음,화암관광지,관광지,강원특별자치도 정선군 화암면 화암동굴길 12-13,강원특별자치도 정선군 화암면 화암리 540-12,213235,도로주차장관리사무소+화장실 등,,다목적광장 등,향토박물관+금광촌 등,,,1977-03-17,100000,500,천혜의 경관과 자연적 역사문화적 특성을 관광자원화하였음,033-560-2053,강원특별자치도 정선군청,2025-08-11,4291000,강원특별자치도 정선군
전국관광지정보표준데이터,https://www.data.go.kr/data/15021141/standard.do,2025-08-11,place,아우라지 관광지,관광지,강원특별자치도 정선군,강원특별자치도 정선군 여량면 아우라지길 69,37.47574407,128.7243663,천혜의 경관과 자연적 역사문화적 특성을 관광자원화하였음,지역 역사·관광 탐방 동화 배경,장소의 특징을 찾아보고 가족 여행 기록 남기기,5-7;8-10,관광;관광지;아우라지;천혜의;경관과;자연적;역사문화적;특성을;관광자원화하였음,아우라지 관광지,관광지,강원특별자치도 정선군 여량면 아우라지길 69,강원특별자치도 정선군 여량면 여량리 186-1,122244,도로주차장관리사무소+화장실 등,,다목적운동장 등,아리랑전수관+달오름공원 등,,,2002-09-13,100000,100,천혜의 경관과 자연적 역사문화적 특성을 관광자원화하였음,033-560-2053,강원특별자치도 정선군청,2025-08-11,4291000,강원특별자치도 정선군
전국관광지정보표준데이터,https://www.data.go.kr/data/15021141/standard.do,2025-08-05,place,청도박물관,관광지,경상북도 청도군,경상북도 청도군 이서면 이서로 567,35.6942561,128.6865383,폐교를 새단장하여 만든 청도 최초의 종합박물관으로 고대부터 근현대까지 청도의 다양한 역사 문화자료를 수집 전시하고 있다.,지역 역사·관광 탐방 동화 배경,장소의 특징을 찾아보고 가족 여행 기록 남기기,5-7;8-10,관광;관광지;청도박물관;폐교를;새단장하여;만든;청도;최초의;종합박물관으로;고대부터;근현대까지;청도의,청도박물관,관광지,경상북도 청도군 이서면 이서로 567,경상북도 청도군 이서면 양원리 129-5,1941,화장실+주차장+고고역사관+민속관+전시실+어린이체험실,,,박물관,,,2013-12-14,40,40,폐교를 새단장하여 만든 청도 최초의 종합박물관으로 고대부터 근현대까지 청도의 다양한 역사 문화자료를 수집 전시하고 있다.,054-370-2282,경상북도 청도군청,2025-08-05,5190000,경상북도 청도군
전국관광지정보표준데이터,https://www.data.go.kr/data/15021141/standard.do,2025-08-05,place,한국코미디타운,관광지,경상북도 청도군,경상북도 청도군 이서면 이서로 565,35.69358927,128.6863109,한국코미디역사를 재조명하고 관련 자료를 체계적으로 보존하고 있다. 주말이면 코미디 공연 등이 열려 사람들에게 웃음을 선사한다.,지역 역사·관광 탐방 동화 배경,장소의 특징을 찾아보고 가족 여행 기록 남기기,5-7;8-10,관광;관광지;한국코미디타운;한국코미디역사를;재조명하고;관련;자료를;체계적으로;보존하고;있다.;주말이면;코미디,한국코미디타운,관광지,경상북도 청도군 이서면 이서로 565,경상북도 청도군 이서면 양원리 91-3,9671,주차장+화장실,,,박물관,다목적홀+공연장+카페,,2017-01-11,300,27,한국코미디역사를 재조명하고 관련 자료를 체계적으로 보존하고 있다. 주말이면 코미디 공연 등이 열려 사람들에게 웃음을 선사한다.,054-372-8700,경상북도 청도군청,2025-08-05,5190000,경상북도 청도군
전국관광지정보표준데이터,https://www.data.go.kr/data/15021141/standard.do,2025-08-05,place,청도소싸움미디어체험관,관광지,경상북도 청도군,경상북도 청도군 화양읍 남성현로 346,35.68529236,128.7242012,"소싸움의 유래부터 오늘날의 소싸움까지 알수 있다. 체험장, 4D영화관, 유아놀이관 등 편의시설을 갖추고 있다.",지역 역사·관광 탐방 동화 배경,장소의 특징을 찾아보고 가족 여행 기록 남기기,5-7;8-10,관광;관광지;청도소싸움미디어체험관;소싸움의;유래부터;오늘날의;소싸움까지;알수;있다.;체험장;4D영화관;유아놀이관,청도소싸움미디어체험관,관광지,경상북도 청도군 화양읍 남성현로 346,경상북도 청도군 화양읍 삼신리 1059-1,7276,주차장+화장실+수유실,,,박물관,,,2012-04-18,300,45,"소싸움의 유래부터 오늘날의 소싸움까지 알수 있다. 체험장, 4D영화관, 유아놀이관 등 편의시설을 갖추고 있다.",054-373-2076,경상북도 청도군청,2025-08-05,5190000,경상북도 청도군
전국관광지정보표준데이터,https://www.data.go.kr/data/15021141/standard.do,2025-11-18,place,요산문학관,관광지,부산광역시 금정구,부산광역시 금정구 팔송로 60-6,35.27236562,129.085732,일제강점기의 잔인했던 시절 속 궁핍한 현실을 작품에 담은 요산 김정한 선생의 문학 정신과 삶을 기리는 문학관은 요산 선생의 생가와 연접해 그의 숨결을 더욱 깊이 느낄 수 있다.,지역 역사·관광 탐방 동화 배경,장소의 특징을 찾아보고 가족 여행 기록 남기기,5-7;8-10,관광;관광지;요산문학관;일제강점기의;잔인했던;시절;속;궁핍한;현실을;작품에;담은;요산,요산문학관,관광지,부산광역시 금정구 팔송로 60-6,부산광역시 금정구 남산동 662,1128,화장실+전시실+자료실,,,,,,2006-11-01,100,100,일제강점기의 잔인했던 시절 속 궁핍한 현실을 작품에 담은 요산 김정한 선생의 문학 정신과 삶을 기리는 문학관은 요산 선생의 생가와 연접해 그의 숨결을 더욱 깊이 느낄 수 있다.,051-519-4085,부산광역시 금정구 문화관광과,2025-11-18,3350000,부산광역시 금정구
전국관광지정보표준데이터,https://www.data.go.kr/data/15021141/standard.do,2025-11-18,place,오륜대한국순교자박물관,관광지,부산광역시 금정구,부산광역시 금정구 오륜대로 106-1,35.24570172,129.1009016,한국 가톨릭 순교자들의 신념을 기억하기 위해 건립된 오륜대한국순교자박물관에는 한국 순교자들의 유물뿐만 아니라 역사적 의미가 있는 자료들도 함께 전시·보존하여 더욱 의미가 있다.,지역 역사·관광 탐방 동화 배경,장소의 특징을 찾아보고 가족 여행 기록 남기기,5-7;8-10,관광;관광지;오륜대한국순교자박물관;한국;가톨릭;순교자들의;신념을;기억하기;위해;건립된;오륜대한국순교자박물관에는;유물뿐만,오륜대한국순교자박물관,관광지,부산광역시 금정구 오륜대로 106-1,부산광역시 금정구 부곡동 1-4,1317,휴게소+화장실+전시실,,,,,,1982-09-25,100,100,한국 가톨릭 순교자들의 신념을 기억하기 위해 건립된 오륜대한국순교자박물관에는 한국 순교자들의 유물뿐만 아니라 역사적 의미가 있는 자료들도 함께 전시·보존하여 더욱 의미가 있다.,051-519-4085,부산광역시 금정구 문화관광과,2025-11-18,3350000,부산광역시 금정구
전국관광지정보표준데이터,https://www.data.go.kr/data/15021141/standard.do,2025-11-18,place,부산대젊음의거리,관광지,부산광역시 금정구,부산광역시 금정구 장전온천천로 51,35.229587,129.0888177,"청춘들의 꿈, 열정, 자유가 넘치는 부산대 젊음의 거리는 색다른 문화공연과 프리마켓 등 다양한 행사가 날마다 이어진다. 골목골목 위치한 상점에서 청춘의 열기를 느낄 수 있다.",지역 역사·관광 탐방 동화 배경,장소의 특징을 찾아보고 가족 여행 기록 남기기,5-7;8-10,관광;관광지;부산대젊음의거리;청춘들의;꿈;열정;자유가;넘치는;부산대;젊음의;거리는;색다른,부산대젊음의거리,관광지,부산광역시 금정구 장전온천천로 51,부산광역시 금정구 장전동 643-117,10000,문화나눔터+어울마당,,,,,,2004-01-01,100,100,"청춘들의 꿈, 열정, 자유가 넘치는 부산대 젊음의 거리는 색다른 문화공연과 프리마켓 등 다양한 행사가 날마다 이어진다. 골목골목 위치한 상점에서 청춘의 열기를 느낄 수 있다.",051-519-4085,부산광역시 금정구 문화관광과,2025-11-18,3350000,부산광역시 금정구
전국관광지정보표준데이터,https://www.data.go.kr/data/15021141/standard.do,2025-11-18,place,금정산성마을,관광지,부산광역시 금정구,부산광역시 금정구 산성로 452,35.250339,129.0561338,금정산성마을은 금정산 해발 400m의 분지에 아담히 자리잡은 산성마을로 금정산 능선이 병풍처럼 둘러싸고 있는 아름다운 자연환경을 갖추고 있어 휴일이면 이곳을 찾는 등산객들의 발길이 끊이지 않는다.,지역 역사·관광 탐방 동화 배경,장소의 특징을 찾아보고 가족 여행 기록 남기기,5-7;8-10,관광;관광지;금정산성마을;금정산성마을은;금정산;해발;400m의;분지에;아담히;자리잡은;산성마을로;능선이,금정산성마을,관광지,부산광역시 금정구 산성로 452,부산광역시 금정구 금성동 554-3,7450,미술관+문화체험촌,,,,,,1994-01-01,100,100,금정산성마을은 금정산 해발 400m의 분지에 아담히 자리잡은 산성마을로 금정산 능선이 병풍처럼 둘러싸고 있는 아름다운 자연환경을 갖추고 있어 휴일이면 이곳을 찾는 등산객들의 발길이 끊이지 않는다.,051-519-4085,부산광역시 금정구 문화관광과,2025-11-18,3350000,부산광역시 금정구
전국관광지정보표준데이터,https://www.data.go.kr/data/15021141/standard.do,2025-11-20,place,옥계해변관광지,관광지,강원특별자치도 강릉시,강원특별자치도 강릉시 옥계면 금진솔밭길 104-29,37.62673237,129.0485254,옥계해변관광지는 깨끗하고 넓은 백사장과 오래된 송림지역을 갖추어 바라보는 경치가 매우 아름다운 곳임.,지역 역사·관광 탐방 동화 배경,장소의 특징을 찾아보고 가족 여행 기록 남기기,5-7;8-10,관광;관광지;옥계해변관광지;옥계해변관광지는;깨끗하고;넓은;백사장과;오래된;송림지역을;갖추어;바라보는;경치가,옥계해변관광지,관광지,강원특별자치도 강릉시 옥계면 금진솔밭길 104-29,강원특별자치도 강릉시 옥계면 금진리 799-16,215839,화장실+주차장+샤워장,,,한국여성수련원,,,1980-05-28,900,180,옥계해변관광지는 깨끗하고 넓은 백사장과 오래된 송림지역을 갖추어 바라보는 경치가 매우 아름다운 곳임.,033-640-5685,강원특별자치도 강릉시청,2025-11-20,4201000,강원특별자치도 강릉시
전국관광지정보표준데이터,https://www.data.go.kr/data/15021141/standard.do,2025-11-20,place,주문진해변관광지,관광지,강원특별자치도 강릉시,강원특별자치도 강릉시 주문진읍 주문북로 222-30,37.91144947,128.8177557,주문진해변관광지는 주문진읍 향호리에 위치하고 넓은 백사장과 수심이 얕고 바닷물이 맑아 가족 단위 피서지에 적합한 곳임.,지역 역사·관광 탐방 동화 배경,장소의 특징을 찾아보고 가족 여행 기록 남기기,5-7;8-10,관광;관광지;주문진해변관광지;주문진해변관광지는;주문진읍;향호리에;위치하고;넓은;백사장과;수심이;얕고;바닷물이,주문진해변관광지,관광지,강원특별자치도 강릉시 주문진읍 주문북로 222-30,강원특별자치도 강릉시 주문진읍 향호리 8-22,484200,화장실+주차장+샤워장,베네키아호텔,,교직원연수원,,,1984-07-06,1000,250,주문진해변관광지는 주문진읍 향호리에 위치하고 넓은 백사장과 수심이 얕고 바닷물이 맑아 가족 단위 피서지에 적합한 곳임.,033-640-5685,강원특별자치도 강릉시청,2025-11-20,4201000,강원특별자치도 강릉시
전국관광지정보표준데이터,https://www.data.go.kr/data/15021141/standard.do,2025-11-20,place,연곡해변관광지,관광지,강원특별자치도 강릉시,강원특별자치도 강릉시 연곡면 해안로 1282,37.85990446,128.8520583,"길이 700m, 56000㎡의 넓은 백사장을 간직하고 있다.",지역 역사·관광 탐방 동화 배경,장소의 특징을 찾아보고 가족 여행 기록 남기기,5-7;8-10,관광;관광지;연곡해변관광지;길이;700m;56000㎡의;넓은;백사장을;간직하고;있다.,연곡해변관광지,관광지,강원특별자치도 강릉시 연곡면 해안로 1282,강원특별자치도 강릉시 연곡면 동덕리 99-3,169603,관리사무소+화장실+주차장+샤워장,"솔향기캠핑장(캠핑존 127면, 카라반존 8면, 자동차 캠핑존 12면)",,,,,1986-03-12,600,120,"길이 700m, 56000㎡의 넓은 백사장을 간직하고 있다.",033-640-5685,강원특별자치도 강릉시청,2025-11-20,4201000,강원특별자치도 강릉시
전국관광지정보표준데이터,https://www.data.go.kr/data/15021141/standard.do,2025-11-20,place,등명해변관광지,관광지,강원특별자치도 강릉시,강원특별자치도 강릉시 강동면 정동등명길 2,37.70232906,129.0161926,소나무와 해변이 어우러져 아름다운 곳,지역 역사·관광 탐방 동화 배경,장소의 특징을 찾아보고 가족 여행 기록 남기기,5-7;8-10,관광;관광지;등명해변관광지;소나무와;해변이;어우러져;아름다운;곳,등명해변관광지,관광지,강원특별자치도 강릉시 강동면 정동등명길 2,강원특별자치도 강릉시 강동면 정동진리 440-41,193660,화장실+주차장,다우리조텔+민박,레일바이크,정동진시간박물관,,,1997-08-02,600,120,소나무와 해변이 어우러져 아름다운 곳,033-640-5685,강원특별자치도 강릉시청,2025-11-20,4201000,강원특별자치도 강릉시
전국관광지정보표준데이터,https://www.data.go.kr/data/15021141/standard.do,2025-11-20,place,대관령어흘리관광지,관광지,강원특별자치도 강릉시,강원특별자치도 강릉시 성산면 삼포암길 17,37.719113,128.7959193,"2014년 163천㎡를 관광지로 지정받아, 도로, 주차장, 안내소, 화장실 등의 공공편익시설, 트리하우스, 게스트하우스 등 숙박·휴양문화시설이 조성",지역 역사·관광 탐방 동화 배경,장소의 특징을 찾아보고 가족 여행 기록 남기기,5-7;8-10,관광;관광지;대관령어흘리관광지;2014년;163천㎡를;관광지로;지정받아;도로;주차장;안내소;화장실;등의,대관령어흘리관광지,관광지,강원특별자치도 강릉시 성산면 삼포암길 17,강원특별자치도 강릉시 성산면 어흘리 508-2,163160,화장실+주차장,,,대관령박물관,,,2014-12-26,1000,122,"2014년 163천㎡를 관광지로 지정받아, 도로, 주차장, 안내소, 화장실 등의 공공편익시설, 트리하우스, 게스트하우스 등 숙박·휴양문화시설이 조성",033-640-5685,강원특별자치도 강릉시청,2025-11-20,4201000,강원특별자치도 강릉시
전국관광지정보표준데이터,https://www.data.go.kr/data/15021141/standard.do,2024-08-16,place,곡성집라인,관광지,전라남도 곡성군,전라남도 곡성군 오곡면 섬진강로 1492,35.23192974,127.3698908,공중 비행의 스릴감과 천혜의 자연 경관으로 유명한 섬진강변의 수려한 경치가 주는 경이로움을 모두 느낄 수 있는 곡성 집라인입니다.,지역 역사·관광 탐방 동화 배경,장소의 특징을 찾아보고 가족 여행 기록 남기기,5-7;8-10,관광;관광지;곡성집라인;공중;비행의;스릴감과;천혜의;자연;경관으로;유명한;섬진강변의;수려한,곡성집라인,관광지,전라남도 곡성군 오곡면 섬진강로 1492,전라남도 곡성군 오곡면 송정리 60-2,686,주차장,,,,,,2018-10-01,20,5,공중 비행의 스릴감과 천혜의 자연 경관으로 유명한 섬진강변의 수려한 경치가 주는 경이로움을 모두 느낄 수 있는 곡성 집라인입니다.,061-362-0494,전라남도 곡성군청 관광과,2024-08-16,4860000,전라남도 곡성군
전국관광지정보표준데이터,https://www.data.go.kr/data/15021141/standard.do,2024-08-16,place,대황강 출렁다리,관광지,전라남도 곡성군,전라남도 곡성군 죽곡면 태평리 783,35.15035107,127.3286414,"대황강출렁다리는 대황강을 가로질러 죽곡면 태평리와 목사동면 구룡리를 연결하는 185m 길이의 인도교로 국내하천에 설치된 최장거리 다리이다.그동안 접근이 불편했던 강건너편 7km가량의 트레킹 코스가 출렁다리와 연결되면서 대황강의 빼어난 경관을 한 눈에 감상할 수 있고, 안전하면서도 사람이 지나가면 위아래로 30cm 가량 출렁이기 때문에 출렁다리를 건너는 스릴이 있어 이곳을 찾는 이들에게 즐거움을 안겨준다. 트레킹코스는 소나무숲길, 대나무 숲길, 삼나무숲길로 구성되어 있다.",지역 역사·관광 탐방 동화 배경,장소의 특징을 찾아보고 가족 여행 기록 남기기,5-7;8-10,관광;관광지;대황강;출렁다리;대황강출렁다리는;대황강을;가로질러;죽곡면;태평리와;목사동면;구룡리를;연결하는,대황강 출렁다리,관광지,,전라남도 곡성군 죽곡면 태평리 783,608,주차장,,,,,,2016-11-01,50,10,"대황강출렁다리는 대황강을 가로질러 죽곡면 태평리와 목사동면 구룡리를 연결하는 185m 길이의 인도교로 국내하천에 설치된 최장거리 다리이다.그동안 접근이 불편했던 강건너편 7km가량의 트레킹 코스가 출렁다리와 연결되면서 대황강의 빼어난 경관을 한 눈에 감상할 수 있고, 안전하면서도 사람이 지나가면 위아래로 30cm 가량 출렁이기 때문에 출렁다리를 건너는 스릴이 있어 이곳을 찾는 이들에게 즐거움을 안겨준다. 트레킹코스는 소나무숲길, 대나무 숲길, 삼나무숲길로 구성되어 있다.",061-360-8431,전라남도 곡성군청 관광과,2024-08-16,4860000,전라남도 곡성군
전국관광지정보표준데이터,https://www.data.go.kr/data/15021141/standard.do,2024-08-16,place,반구정습지,관광지,전라남도 곡성군,전라남도 곡성군 석곡면 봉전리 34-1,35.11550817,127.2453298,"대황강을 굽어보는 언덕 위에 서있는 ‘반구정’ 이라는 정자이름을 따서 대황강 만곡부에 형성된 습원을 반구정 습지로 부른다.김감선생은 문무를 두루 겸비한 조선 인조 때의 명신이었다. 병자호란이 일어나 인조임금이 남한산성으로 피신하자 선생은 두 아들과 함께 의병을 조직하여, 임금을 구출하고 오랑케를 물리치기 위해서 그곳으로 진격하지만, 인조임금의 항복소식을 접하고 비탄에 젖어 고향 석곡으로 내려와 은거한다. 선생은 강 언덕에 올라, 이곳의 빼어난 경치를 감상하는 것을 즐겼다.시를 짓고 노래하며 세상에 초연한 삶을 추구하였다. 그리고 그곳에 작고 소담한 정자 반구정을 앉혔다고 전한다. 애초에 김감선생이 지은 반구정은 주춧만 남아있을 뿐이라서, 지금 정자는 최근에 지어진 것이다.이곳에 제방이 들어서고, 주암댐으로 물길이 막히면서 반구정 습지의 많은 부분이 농경지로 개간되었고, 김감 선생의 시심을 불러일으키던 아름다운 옛 모습은 많이 훼손되었지만 반구정 습지는 아직도 온갖 종류의 조류들이 날아들고 무수한 동식물이 서식하는 생태계의 보고다. 반구정 습지는 산책 데크가 잘 갖추어져 있어, 도보 혹은 자전거를 타고 둘러볼 수 있다.",지역 역사·관광 탐방 동화 배경,장소의 특징을 찾아보고 가족 여행 기록 남기기,5-7;8-10,관광;관광지;반구정습지;대황강을;굽어보는;언덕;위에;서있는;‘반구정’;이라는;정자이름을;따서,반구정습지,관광지,,전라남도 곡성군 석곡면 봉전리 34-1,87656,주차장,,,,,,2021-09-01,1000,50,"대황강을 굽어보는 언덕 위에 서있는 ‘반구정’ 이라는 정자이름을 따서 대황강 만곡부에 형성된 습원을 반구정 습지로 부른다.김감선생은 문무를 두루 겸비한 조선 인조 때의 명신이었다. 병자호란이 일어나 인조임금이 남한산성으로 피신하자 선생은 두 아들과 함께 의병을 조직하여, 임금을 구출하고 오랑케를 물리치기 위해서 그곳으로 진격하지만, 인조임금의 항복소식을 접하고 비탄에 젖어 고향 석곡으로 내려와 은거한다. 선생은 강 언덕에 올라, 이곳의 빼어난 경치를 감상하는 것을 즐겼다.시를 짓고 노래하며 세상에 초연한 삶을 추구하였다. 그리고 그곳에 작고 소담한 정자 반구정을 앉혔다고 전한다. 애초에 김감선생이 지은 반구정은 주춧만 남아있을 뿐이라서, 지금 정자는 최근에 지어진 것이다.이곳에 제방이 들어서고, 주암댐으로 물길이 막히면서 반구정 습지의 많은 부분이 농경지로 개간되었고, 김감 선생의 시심을 불러일으키던 아름다운 옛 모습은 많이 훼손되었지만 반구정 습지는 아직도 온갖 종류의 조류들이 날아들고 무수한 동식물이 서식하는 생태계의 보고다. 반구정 습지는 산책 데크가 잘 갖추어져 있어, 도보 혹은 자전거를 타고 둘러볼 수 있다.",061-360-7410,전라남도 곡성군청 환경축산과,2024-08-16,4860000,전라남도 곡성군
전국관광지정보표준데이터,https://www.data.go.kr/data/15021141/standard.do,2024-08-16,place,대황강자연휴식공원,관광지,전라남도 곡성군,전라남도 곡성군 석곡면 석곡리 246-12,35.12890532,127.2559931,"석곡의 순 우리말 이름은 ’돌실’이다. 석곡주변 대황강에 멋진 바위들이 많아 유래된 이름이다. 석곡 소재지 인근 대황강 주변에 넓게 조성된 공원이 석곡 대황강 휴식공원 또는 돌실 대황강 휴식공원이다.특히 이곳에는 코스모스로 가득 채워져 있어 꽃이 피는 매년 9월말이면 코스모스 축제가 열리고, 광주, 순천 등 인근 도시에서 수많은 관광객들이 몰려와 공원과 강변을 가득채운 코스모스의 향연을 즐긴다.석곡의 돼지 숯불구이가 점점 유명해지면서, 이곳을 찾아오는 관광객들의 발걸음이 꾸준히 이어지고, 카누를 비롯한 수상 레포츠를 즐길 수 있는 시설도 잘 갖추어져 있다.대황강 휴식공원 산책로에서는 봄에는 벚꽃이 피고, 여름에는 백일홍이, 가을에는 코스모스가 핀다.",지역 역사·관광 탐방 동화 배경,장소의 특징을 찾아보고 가족 여행 기록 남기기,5-7;8-10,관광;관광지;대황강자연휴식공원;석곡의;순;우리말;이름은;’돌실’이다.;석곡주변;대황강에;멋진;바위들이,대황강자연휴식공원,관광지,,전라남도 곡성군 석곡면 석곡리 246-12,53388,주차장+화장실,,,,,,2021-09-01,1000,50,"석곡의 순 우리말 이름은 ’돌실’이다. 석곡주변 대황강에 멋진 바위들이 많아 유래된 이름이다. 석곡 소재지 인근 대황강 주변에 넓게 조성된 공원이 석곡 대황강 휴식공원 또는 돌실 대황강 휴식공원이다.특히 이곳에는 코스모스로 가득 채워져 있어 꽃이 피는 매년 9월말이면 코스모스 축제가 열리고, 광주, 순천 등 인근 도시에서 수많은 관광객들이 몰려와 공원과 강변을 가득채운 코스모스의 향연을 즐긴다.석곡의 돼지 숯불구이가 점점 유명해지면서, 이곳을 찾아오는 관광객들의 발걸음이 꾸준히 이어지고, 카누를 비롯한 수상 레포츠를 즐길 수 있는 시설도 잘 갖추어져 있다.대황강 휴식공원 산책로에서는 봄에는 벚꽃이 피고, 여름에는 백일홍이, 가을에는 코스모스가 핀다.",061-360-7420,전라남도 곡성군청 관광과,2024-08-16,4860000,전라남도 곡성군
전국관광지정보표준데이터,https://www.data.go.kr/data/15021141/standard.do,2024-08-16,place,섬진강변 철쭉길,관광지,전라남도 곡성군,전라남도 곡성군 오곡면 섬진강로 2068,35.26690786,127.3325028,"섬진강변따라 만개하는 불타는듯 화려한 철쭉의 향연을 차, 자전거, 도보 그리고 섬진강레일바이크로 즐길 수 있다.봄이 무르익는 4월에서 5월 무렵이 환상의 드라이브 코스인 섬진강 17번 국도가 가장 아름다운 시기다. 그 무렵 이 길을 벚꽃과 철쭉으로 그리고 연두색 신록으로 화려하게 치장한다.섬진강변 예전 철길을 따라 빼곡하게 늘어선 철쭉이 병풍처럼 늘어서 있어서 드라이브하기에 안성맞춤이다.벚꽃이 지면 철쭉의 계절이 된다 . 연두색 신록이 새얼굴로 치장한듯 모든게 새로운 계절에 짙은 빨란물감이라도 뿌려놓은듯한 강력한 철쭉이 섬진강변을 따라 모두를 반겨주듯 꽉찬 배열로 연호하고 있다.",지역 역사·관광 탐방 동화 배경,장소의 특징을 찾아보고 가족 여행 기록 남기기,5-7;8-10,관광;관광지;섬진강변;철쭉길;섬진강변따라;만개하는;불타는듯;화려한;철쭉의;향연을;차;자전거,섬진강변 철쭉길,관광지,전라남도 곡성군 오곡면 섬진강로 2068,전라남도 곡성군 오곡면 오지리 12-1,1471,없음,,,,,,2021-09-01,1000,0,"섬진강변따라 만개하는 불타는듯 화려한 철쭉의 향연을 차, 자전거, 도보 그리고 섬진강레일바이크로 즐길 수 있다.봄이 무르익는 4월에서 5월 무렵이 환상의 드라이브 코스인 섬진강 17번 국도가 가장 아름다운 시기다. 그 무렵 이 길을 벚꽃과 철쭉으로 그리고 연두색 신록으로 화려하게 치장한다.섬진강변 예전 철길을 따라 빼곡하게 늘어선 철쭉이 병풍처럼 늘어서 있어서 드라이브하기에 안성맞춤이다.벚꽃이 지면 철쭉의 계절이 된다 . 연두색 신록이 새얼굴로 치장한듯 모든게 새로운 계절에 짙은 빨란물감이라도 뿌려놓은듯한 강력한 철쭉이 섬진강변을 따라 모두를 반겨주듯 꽉찬 배열로 연호하고 있다.",061-360-8792,전라남도 곡성군청 관광과,2024-08-16,4860000,전라남도 곡성군
전국관광지정보표준데이터,https://www.data.go.kr/data/15021141/standard.do,2024-06-26,place,석정온천관광지,관광지,전북특별자치도 고창군,전북특별자치도 고창군 고창읍 석정2로 173,35.43111098,126.7405968,게르마늄 온천을 이용한 온가족이 함께 즐길 수 있는 사계절 휴양 관광지,지역 역사·관광 탐방 동화 배경,장소의 특징을 찾아보고 가족 여행 기록 남기기,5-7;8-10,관광;관광지;석정온천관광지;게르마늄;온천을;이용한;온가족이;함께;즐길;수;있는;사계절,석정온천관광지,관광지,전북특별자치도 고창군 고창읍 석정2로 173,전북특별자치도 고창군 고창읍 석정리 733,1501011,도로+주차장+공원+광장+화장실,펜션+콘도미니엄,골프장+스파,문화체육센터+실버휴양촌,,,1992-02-24,3000,840,게르마늄 온천을 이용한 온가족이 함께 즐길 수 있는 사계절 휴양 관광지,063-560-2954,전북특별자치도 고창군,2024-06-26,4781000,전북특별자치도 고창군
전국관광지정보표준데이터,https://www.data.go.kr/data/15021141/standard.do,2025-07-25,place,큰한강 부군당(한남제1부군당),관광지,서울특별시 용산구,서울특별시 용산구 한남대로8길 9-9,37.531338,127.0103972,"부군당은 마을의 안녕과 복을 지켜주는 부군신을 모신 곳으로 서울의 대표적인 마을신앙이다. 큰한강 부군당은 조선 후기에 건립된 것으로 추정된다. 부군신 내외, 삼장군, 삼장군부인, 삼불제석, 산신, 백마장군의 무신도가 모셔져 있고, 용궁당에는 용궁할아버지, 용궁할머니, 용궁애기씨의 무신도가 모셔져 있다.",지역 역사·관광 탐방 동화 배경,장소의 특징을 찾아보고 가족 여행 기록 남기기,5-7;8-10,관광;관광지;큰한강;부군당(한남제1부군당);부군당은;마을의;안녕과;복을;지켜주는;부군신을;모신;곳으로,큰한강 부군당(한남제1부군당),관광지,서울특별시 용산구 한남대로8길 9-9,서울특별시 용산구 한남동 385-5,26,화장실+쉼터,,,,,,1972-01-01,2,0,"부군당은 마을의 안녕과 복을 지켜주는 부군신을 모신 곳으로 서울의 대표적인 마을신앙이다. 큰한강 부군당은 조선 후기에 건립된 것으로 추정된다. 부군신 내외, 삼장군, 삼장군부인, 삼불제석, 산신, 백마장군의 무신도가 모셔져 있고, 용궁당에는 용궁할아버지, 용궁할머니, 용궁애기씨의 무신도가 모셔져 있다.",02-2199-7240,서울특별시 용산구청 문화진흥과,2025-07-25,3020000,서울특별시 용산구
전국관광지정보표준데이터,https://www.data.go.kr/data/15021141/standard.do,2025-07-25,place,작은한강 부군당(한남제2부군당),관광지,서울특별시 용산구,서울특별시 용산구 장문로49길 17-10,37.529112,127.0047267,"부군당은 마을의 안녕과 복을 지켜주는 부군신을 모신 곳으로 서울의 대표적인 마을신앙이다. 작은한강 부군당은 태조 이성계를 주신으로 모시고 있으며 당안에는 이성계와 그 부인의 신상 2점이 있고 좌우벽면에 용장군, 산신할아버지, 울당 할머니 신상이 모셔져 있다.",지역 역사·관광 탐방 동화 배경,장소의 특징을 찾아보고 가족 여행 기록 남기기,5-7;8-10,관광;관광지;작은한강;부군당(한남제2부군당);부군당은;마을의;안녕과;복을;지켜주는;부군신을;모신;곳으로,작은한강 부군당(한남제2부군당),관광지,서울특별시 용산구 장문로49길 17-10,서울특별시 용산구 한남동 568-88,159,화장실+쉼터,,,,,,1972-01-01,10,0,"부군당은 마을의 안녕과 복을 지켜주는 부군신을 모신 곳으로 서울의 대표적인 마을신앙이다. 작은한강 부군당은 태조 이성계를 주신으로 모시고 있으며 당안에는 이성계와 그 부인의 신상 2점이 있고 좌우벽면에 용장군, 산신할아버지, 울당 할머니 신상이 모셔져 있다.",02-2199-7240,서울특별시 용산구청 문화진흥과,2025-07-25,3020000,서울특별시 용산구
전국관광지정보표준데이터,https://www.data.go.kr/data/15021141/standard.do,2025-07-25,place,이슬람 중앙성원,관광지,서울특별시 용산구,서울특별시 용산구 우사단로10길 39,37.5332513,126.997615,이슬람교 한국 선교의 총본산으로 1976년 5월 21일에 설립된 국내 최초이자 최대의 이슬람사원(모스크)이다.,지역 역사·관광 탐방 동화 배경,장소의 특징을 찾아보고 가족 여행 기록 남기기,5-7;8-10,관광;관광지;이슬람;중앙성원;이슬람교;한국;선교의;총본산으로;1976년;5월;21일에;설립된,이슬람 중앙성원,관광지,서울특별시 용산구 우사단로10길 39,서울특별시 용산구 한남동 732-21,3225.7,화장실+주차장+관광안내소,,,,,,1976-05-21,400,50,이슬람교 한국 선교의 총본산으로 1976년 5월 21일에 설립된 국내 최초이자 최대의 이슬람사원(모스크)이다.,02-793-6908,한국이슬람교,2025-07-25,3020000,서울특별시 용산구
전국관광지정보표준데이터,https://www.data.go.kr/data/15021141/standard.do,2025-07-25,place,서빙고동 부군당,관광지,서울특별시 용산구,서울특별시 용산구 서빙고로59길 3-6,37.520454,126.993114,"부군당은 마을의 안녕과 복을 지켜주는 부군신을 모신 곳으로 서울의 대표적인 마을신앙이다. 부군당의 정면에는 당의 주신인 조선 태조 이성계와 그 부인의 화분이 나란히 모셔져 있고, 그 왼쪽 벽면에는 삼불재석이 모셔져 있다.",지역 역사·관광 탐방 동화 배경,장소의 특징을 찾아보고 가족 여행 기록 남기기,5-7;8-10,관광;관광지;서빙고동;부군당;부군당은;마을의;안녕과;복을;지켜주는;부군신을;모신;곳으로,서빙고동 부군당,관광지,서울특별시 용산구 서빙고로59길 3-6,서울특별시 용산구 서빙고동 195-3,272.1,화장실,,,,,,1973-01-26,20,0,"부군당은 마을의 안녕과 복을 지켜주는 부군신을 모신 곳으로 서울의 대표적인 마을신앙이다. 부군당의 정면에는 당의 주신인 조선 태조 이성계와 그 부인의 화분이 나란히 모셔져 있고, 그 왼쪽 벽면에는 삼불재석이 모셔져 있다.",02-2199-7240,서울특별시 용산구청 문화진흥과,2025-07-25,3020000,서울특별시 용산구
전국관광지정보표준데이터,https://www.data.go.kr/data/15021141/standard.do,2025-12-19,place,고구려대장간마을,관광지,경기도 구리시,경기도 구리시 우미내길 41,37.560808,127.110949,국내유일의 고구려 박물관으로 아차산에서 출토된 유물을 전시하고 있으며 고구려모습을 보여주는 야외전시관을 운영,지역 역사·관광 탐방 동화 배경,장소의 특징을 찾아보고 가족 여행 기록 남기기,5-7;8-10,관광;관광지;고구려대장간마을;국내유일의;고구려;박물관으로;아차산에서;출토된;유물을;전시하고;있으며;고구려모습을,고구려대장간마을,관광지,경기도 구리시 우미내길 41,경기도 구리시 아천동 산45-1,4928,관리사무소+화장실+주차장,,,,,,2008-04-25,200,100,국내유일의 고구려 박물관으로 아차산에서 출토된 유물을 전시하고 있으며 고구려모습을 보여주는 야외전시관을 운영,031-550-8355,경기도 구리시청,2025-12-19,3980000,경기도 구리시
전국관광지정보표준데이터,https://www.data.go.kr/data/15021141/standard.do,2025-12-19,place,동구릉,관광지,경기도 구리시,경기도 구리시 동구릉로 197,37.617129,127.136334,유네스코 세계유산이자 사적 제193호로 지정된 「구리 동구릉(東九陵)」은 ‘도성(都城)의 동(東)쪽에 있는 아홉(九) 기의 왕릉’이라 하여 동구릉이라 붙여짐,지역 역사·관광 탐방 동화 배경,장소의 특징을 찾아보고 가족 여행 기록 남기기,5-7;8-10,관광;관광지;동구릉;유네스코;세계유산이자;사적;제193호로;지정된;「구리;동구릉(東九陵)」은;‘도성(都城)의;동(東)쪽에,동구릉,관광지,경기도 구리시 동구릉로 197,경기도 구리시 인창동 66-1,1969675,관리사무소+화장실+주차장,,,,,,1970-05-26,5000,109,유네스코 세계유산이자 사적 제193호로 지정된 「구리 동구릉(東九陵)」은 ‘도성(都城)의 동(東)쪽에 있는 아홉(九) 기의 왕릉’이라 하여 동구릉이라 붙여짐,031-563-2909,문화재청,2025-12-19,3980000,경기도 구리시
전국관광지정보표준데이터,https://www.data.go.kr/data/15021141/standard.do,2025-12-31,place,반월호수,관광지,경기도 군포시,경기도 군포시 호수로 92,37.32458238,126.8899642,순환산책로가 조성되어 있고 아름다운 풍경으로 유명한 장소이다.,지역 역사·관광 탐방 동화 배경,장소의 특징을 찾아보고 가족 여행 기록 남기기,5-7;8-10,관광;관광지;반월호수;순환산책로가;조성되어;있고;아름다운;풍경으로;유명한;장소이다.,반월호수,관광지,경기도 군포시 호수로 92,경기도 군포시 둔대동 354-3,12000000,화장실,,,,,,2021-05-12,10000,120,순환산책로가 조성되어 있고 아름다운 풍경으로 유명한 장소이다.,031-392-3000,경기도 군포시청,2025-12-31,4020000,경기도 군포시
전국관광지정보표준데이터,https://www.data.go.kr/data/15021141/standard.do,2025-12-31,place,초막골 생태공원,관광지,경기도 군포시,경기도 군포시 초막골길 216,37.35410097,126.9191417,수리산이 가진 자연적 환경과 조선시대 역사유적 등의 문화유산을 겸비한 생태문화공간이다.,지역 역사·관광 탐방 동화 배경,장소의 특징을 찾아보고 가족 여행 기록 남기기,5-7;8-10,관광;관광지;초막골;생태공원;수리산이;가진;자연적;환경과;조선시대;역사유적;등의;문화유산을,초막골 생태공원,관광지,경기도 군포시 초막골길 216,경기도 군포시 산본동 856,561500,화장실,,,전시관,카페,방문자센터,2010-09-01,90000,184,수리산이 가진 자연적 환경과 조선시대 역사유적 등의 문화유산을 겸비한 생태문화공간이다.,031-392-3000,경기도 군포시청,2025-12-31,4020000,경기도 군포시
전국관광지정보표준데이터,https://www.data.go.kr/data/15021141/standard.do,2025-12-31,place,철쭉동산,관광지,경기도 군포시,경기도 군포시 산본동 1152-14,37.35543392,126.924967,빈틈없이 심긴 철쭉꽃이 만개한 모습은 많은 사람들에게 사랑을 받으며 군포의 대표축제로 자리매김하였다.,지역 역사·관광 탐방 동화 배경,장소의 특징을 찾아보고 가족 여행 기록 남기기,5-7;8-10,관광;관광지;철쭉동산;빈틈없이;심긴;철쭉꽃이;만개한;모습은;많은;사람들에게;사랑을;받으며,철쭉동산,관광지,,경기도 군포시 산본동 1152-14,55795,화장실,,,,,,2021-05-12,50000,260,빈틈없이 심긴 철쭉꽃이 만개한 모습은 많은 사람들에게 사랑을 받으며 군포의 대표축제로 자리매김하였다.,031-392-3000,경기도 군포시청,2025-12-31,4020000,경기도 군포시
전국관광지정보표준데이터,https://www.data.go.kr/data/15021141/standard.do,2025-12-31,place,수리사,관광지,경기도 군포시,경기도 군포시 속달로 347-181,37.35443607,126.8967938,진흥왕 때 세워진 수리사는 6.25전쟁을 거치며 모든 건물들이 소실되었다가 꾸준히 복원되어 오늘에 이르고 있다.,지역 역사·관광 탐방 동화 배경,장소의 특징을 찾아보고 가족 여행 기록 남기기,5-7;8-10,관광;관광지;수리사;진흥왕;때;세워진;수리사는;6.25전쟁을;거치며;모든;건물들이;소실되었다가,수리사,관광지,경기도 군포시 속달로 347-181,경기도 군포시 속달동 329,7369,화장실,,,,,,1988-10-25,100,5,진흥왕 때 세워진 수리사는 6.25전쟁을 거치며 모든 건물들이 소실되었다가 꾸준히 복원되어 오늘에 이르고 있다.,031-438-1823,수리사,2025-12-31,4020000,경기도 군포시
전국관광지정보표준데이터,https://www.data.go.kr/data/15021141/standard.do,2025-12-31,place,물누리체험관,관광지,경기도 군포시,경기도 군포시 호수로 170-85,37.32136505,126.8996775,물과 관련된 다양한 체험프로그램이 있는 물누리체험관,지역 역사·관광 탐방 동화 배경,장소의 특징을 찾아보고 가족 여행 기록 남기기,5-7;8-10,관광;관광지;물누리체험관;물과;관련된;다양한;체험프로그램이;있는,물누리체험관,관광지,경기도 군포시 호수로 170-85,경기도 군포시 둔대동 301-5,1477.76,화장실,,,,,,2009-10-01,40,11,물과 관련된 다양한 체험프로그램이 있는 물누리체험관,031-390-8688,경기도 군포시청,2025-12-31,4020000,경기도 군포시
전국관광지정보표준데이터,https://www.data.go.kr/data/15021141/standard.do,2025-12-31,place,누리천문대,관광지,경기도 군포시,경기도 군포시 대야2로 139,37.33028283,126.9153444,"천체관측실, 천문우주체험관. 4D입체상영관, 플라네타리움 등 유익하고 알찬 시설을 갖춘 천문과학문화 공간, 군포시 대야도서관 4층, 5층에 있다.",지역 역사·관광 탐방 동화 배경,장소의 특징을 찾아보고 가족 여행 기록 남기기,5-7;8-10,관광;관광지;누리천문대;천체관측실;천문우주체험관.;4D입체상영관;플라네타리움;등;유익하고;알찬;시설을;갖춘,누리천문대,관광지,경기도 군포시 대야2로 139,경기도 군포시 대야미동 636-7,237,화장실,,,,,,2004-10-04,20,10,"천체관측실, 천문우주체험관. 4D입체상영관, 플라네타리움 등 유익하고 알찬 시설을 갖춘 천문과학문화 공간, 군포시 대야도서관 4층, 5층에 있다.",031-501-7100,경기도 군포시청,2025-12-31,4020000,경기도 군포시
전국관광지정보표준데이터,https://www.data.go.kr/data/15021141/standard.do,2025-12-24,place,대성관광지,관광지,경기도 가평군,경기도 가평군 청평면 대성강변길 14,37.681431,127.379521,"경춘가도의 대성리역을 중심으로 북한강변 8만여 평에 이루어져 있으며, 산책로, 피크닉장, 자전거도로가 조성되어 있으며, 여러 편의시설도 들어서 있다. 북한강은 수영이  금지되어 있으며, 보트 등 수상스포츠는 즐길 수 있다.",지역 역사·관광 탐방 동화 배경,장소의 특징을 찾아보고 가족 여행 기록 남기기,5-7;8-10,관광;관광지;대성관광지;경춘가도의;대성리역을;중심으로;북한강변;8만여;평에;이루어져;있으며;산책로,대성관광지,관광지,경기도 가평군 청평면 대성강변길 14,경기도 가평군 청평면 대성리 601-3,262722,공중화장실(2동)+안내소운영(1동),"휴양콘도, 가족호텔, 방가로, 펜션","유원시설, 다목적운동장, 족구장 등","선착장 3개, 야영장 등",매점+식당 등 4개소 운영,없음,1968-10-04,1000,25,"경춘가도의 대성리역을 중심으로 북한강변 8만여 평에 이루어져 있으며, 산책로, 피크닉장, 자전거도로가 조성되어 있으며, 여러 편의시설도 들어서 있다. 북한강은 수영이  금지되어 있으며, 보트 등 수상스포츠는 즐길 수 있다.",031-580-2517,경기도 가평군청 관광과,2025-12-24,4160000,경기도 가평군
전국관광지정보표준데이터,https://www.data.go.kr/data/15021141/standard.do,2025-12-24,place,산장관광지,관광지,경기도 가평군,경기도 가평군 상면 덕현산장길 71 산장관광지,37.754183,127.410629,"1977년에 국민관광지로 지정, 자연경관을 최대한 살린 계곡형 관광지로 개발되었으며, 북한강 지류인 조종천의 맑은 물이 한데 어우러져 경치가 아름답다. 주요 시설로는 야영장과 다양한 숙박시설, 계곡자연풀장이 있다.",지역 역사·관광 탐방 동화 배경,장소의 특징을 찾아보고 가족 여행 기록 남기기,5-7;8-10,관광;관광지;산장관광지;1977년에;국민관광지로;지정;자연경관을;최대한;살린;계곡형;관광지로;개발되었으며,산장관광지,관광지,경기도 가평군 상면 덕현산장길 71 산장관광지,경기도 가평군 상면 덕현리 21,118040,도로+주차장+관리사무소+홍수위관리소,"콘도형펜션 1동, 펜션하우스 5동",조경 식재,"캐라반 12동, 캐라반싸이트, 캠핑장, 야외공연장 등",음식점 및 상가 2동 운영,없음,1977-03-31,2700,156,"1977년에 국민관광지로 지정, 자연경관을 최대한 살린 계곡형 관광지로 개발되었으며, 북한강 지류인 조종천의 맑은 물이 한데 어우러져 경치가 아름답다. 주요 시설로는 야영장과 다양한 숙박시설, 계곡자연풀장이 있다.",031-580-2515,경기도 가평군청 관광과,2025-12-24,4160000,경기도 가평군
전국관광지정보표준데이터,https://www.data.go.kr/data/15021141/standard.do,2025-12-19,place,괴강,관광지,충청북도 괴산군,충청북도 괴산군 괴산읍 충민로검승3길 10,36.80676203,127.8252917,"달천을 중심으로 괴강국민여가캥핑장 농업역사박물관, 각종 체육시설등이 조성된 관광지",지역 역사·관광 탐방 동화 배경,장소의 특징을 찾아보고 가족 여행 기록 남기기,5-7;8-10,관광;관광지;괴강;달천을;중심으로;괴강국민여가캥핑장;농업역사박물관;각종;체육시설등이;조성된,괴강,관광지,충청북도 괴산군 괴산읍 충민로검승3길 10,충청북도 괴산군 괴산읍 검승리 623,238132,도로+주차장+관리사무소+이벤트광장,"향토음식점, 노변휴게소","극기훈련장, 다목적구장",청소년수련관+생태학습준비실+괴강국민여가캠핑장 야외무대+괴강공원+농업역사박물관,,녹지,2000-12-27,1000,140,"달천을 중심으로 괴강국민여가캥핑장 농업역사박물관, 각종 체육시설등이 조성된 관광지",043-830-2689,충청북도 괴산군청,2025-12-19,4460000,충청북도 괴산군
