source_name,source_url,reference_date,item_type,name_ko,category,region,address,latitude,longitude,summary,story_use,mission_use,age_tags,keywords,경도,국가,국명,분류체계,위도,지역,채집일,학명,해역
국립해양생물자원관_해양생물 채집 공간정보,https://www.data.go.kr/data/15151832/openapi.do,2014-06-02,marine_life,훈수용선충,Nematoda > Chromadorea > Desmodorida > Draconematidae > Draconema > Draconema hoonsooi,대한민국 강원도 양양군 현남면 조간대,대한민국; 동해중부; 대한민국 강원도 양양군 현남면 조간대,37.958641,128.769684,훈수용선충은(는) 동해중부에서 관찰·채집된 해양생물 소재로 사용할 수 있다.,해양생물 캐릭터와 바다 탐험 동화 소재,"생물의 이름, 서식 해역, 분류를 활용한 관찰 질문과 퀴즈",5-7;8-10,해양생물;훈수용선충;Draconema;hoonsooi;Nematoda;>;Chromadorea;Desmodorida;Draconematidae;동해중부;대한민국;강원도,128.769684,대한민국,훈수용선충,Nematoda > Chromadorea > Desmodorida > Draconematidae > Draconema > Draconema hoonsooi,37.958641,대한민국 강원도 양양군 현남면 조간대,2014-06-02,Draconema hoonsooi,동해중부
국립해양생물자원관_해양생물 채집 공간정보,https://www.data.go.kr/data/15151832/openapi.do,2015-04-20,marine_life,말쥐치,Thamnaconus modestus,대한민국 전라남도 여수시,대한민국; 남해동부; 대한민국 전라남도 여수시,34.206280,127.846413,말쥐치은(는) 남해동부에서 관찰·채집된 해양생물 소재로 사용할 수 있다.,해양생물 캐릭터와 바다 탐험 동화 소재,"생물의 이름, 서식 해역, 분류를 활용한 관찰 질문과 퀴즈",5-7;8-10,해양생물;말쥐치;Thamnaconus;modestus;남해동부;대한민국;전라남도;여수시,127.846413,대한민국,말쥐치,Thamnaconus modestus,34.206280,대한민국 전라남도 여수시,2015-04-20,Thamnaconus modestus,남해동부
국립해양생물자원관_해양생물 채집 공간정보,https://www.data.go.kr/data/15151832/openapi.do,2015-05-21,marine_life,범섬긴털용선충,Prochaetosoma beomseomense,대한민국 제주특별자치도 제주시 한경면 조간대,대한민국; 남해서부; 대한민국 제주특별자치도 제주시 한경면 조간대,33.344032,126.169395,범섬긴털용선충은(는) 남해서부에서 관찰·채집된 해양생물 소재로 사용할 수 있다.,해양생물 캐릭터와 바다 탐험 동화 소재,"생물의 이름, 서식 해역, 분류를 활용한 관찰 질문과 퀴즈",5-7;8-10,해양생물;범섬긴털용선충;Prochaetosoma;beomseomense;남해서부;대한민국;제주특별자치도;제주시;한경면;조간대,126.169395,대한민국,범섬긴털용선충,Prochaetosoma beomseomense,33.344032,대한민국 제주특별자치도 제주시 한경면 조간대,2015-05-21,Prochaetosoma beomseomense,남해서부
국립해양생물자원관_해양생물 채집 공간정보,https://www.data.go.kr/data/15151832/openapi.do,2014-06-20,marine_life,독도긴털용선충,Prochaetosoma dokdoense,대한민국 경상북도 울릉군 울릉읍 조하대,대한민국; 동해중부; 대한민국 경상북도 울릉군 울릉읍 조하대,37.239449,131.867569,독도긴털용선충은(는) 동해중부에서 관찰·채집된 해양생물 소재로 사용할 수 있다.,해양생물 캐릭터와 바다 탐험 동화 소재,"생물의 이름, 서식 해역, 분류를 활용한 관찰 질문과 퀴즈",5-7;8-10,해양생물;독도긴털용선충;Prochaetosoma;dokdoense;동해중부;대한민국;경상북도;울릉군;울릉읍;조하대,131.867569,대한민국,독도긴털용선충,Prochaetosoma dokdoense,37.239449,대한민국 경상북도 울릉군 울릉읍 조하대,2014-06-20,Prochaetosoma dokdoense,동해중부
국립해양생물자원관_해양생물 채집 공간정보,https://www.data.go.kr/data/15151832/openapi.do,2010-09-05,marine_life,Brachybacterium paraconglomeratum,Micrococcales > Dermabacteraceae > Brachybacterium > Brachybacterium paraconglomeratum,대한민국 동해,대한민국; 동해중부; 대한민국 동해,36.844147,130.115677,Brachybacterium paraconglomeratum은(는) 동해중부에서 관찰·채집된 해양생물 소재로 사용할 수 있다.,해양생물 캐릭터와 바다 탐험 동화 소재,"생물의 이름, 서식 해역, 분류를 활용한 관찰 질문과 퀴즈",5-7;8-10,해양생물;Brachybacterium;paraconglomeratum;Micrococcales;>;Dermabacteraceae;동해중부;대한민국;동해,130.115677,대한민국,,Micrococcales > Dermabacteraceae > Brachybacterium > Brachybacterium paraconglomeratum,36.844147,대한민국 동해,2010-09-05,Brachybacterium paraconglomeratum,동해중부
국립해양생물자원관_해양생물 채집 공간정보,https://www.data.go.kr/data/15151832/openapi.do,2021-03-15,marine_life,무늬발게,Varunidae > Hemigrapsus > Hemigrapsus sanguineus,대한민국 전라북도 부안군 진서면,대한민국; 서해; 대한민국 전라북도 부안군 진서면,35.586128,126.545944,무늬발게은(는) 서해에서 관찰·채집된 해양생물 소재로 사용할 수 있다.,해양생물 캐릭터와 바다 탐험 동화 소재,"생물의 이름, 서식 해역, 분류를 활용한 관찰 질문과 퀴즈",5-7;8-10,해양생물;무늬발게;Hemigrapsus;sanguineus;Varunidae;>;서해;대한민국;전라북도;부안군;진서면,126.545944,대한민국,무늬발게,Varunidae > Hemigrapsus > Hemigrapsus sanguineus,35.586128,대한민국 전라북도 부안군 진서면,2021-03-15,Hemigrapsus sanguineus,서해
국립해양생물자원관_해양생물 채집 공간정보,https://www.data.go.kr/data/15151832/openapi.do,2021-03-16,marine_life,짧은미륵비늘갯지렁이,Polynoidae > Halosydna > Halosydna brevisetosa,대한민국 전라북도 부안군 변산면 격포해수욕장,대한민국; 서해; 대한민국 전라북도 부안군 변산면 격포해수욕장,35.628166,126.468742,짧은미륵비늘갯지렁이은(는) 서해에서 관찰·채집된 해양생물 소재로 사용할 수 있다.,해양생물 캐릭터와 바다 탐험 동화 소재,"생물의 이름, 서식 해역, 분류를 활용한 관찰 질문과 퀴즈",5-7;8-10,해양생물;짧은미륵비늘갯지렁이;Halosydna;brevisetosa;Polynoidae;>;서해;대한민국;전라북도;부안군;변산면;격포해수욕장,126.468742,대한민국,짧은미륵비늘갯지렁이,Polynoidae > Halosydna > Halosydna brevisetosa,35.628166,대한민국 전라북도 부안군 변산면 격포해수욕장,2021-03-16,Halosydna brevisetosa,서해
국립해양생물자원관_해양생물 채집 공간정보,https://www.data.go.kr/data/15151832/openapi.do,2010-09-05,marine_life,Bacillus albus,Caryophanales > Bacillaceae > Bacillus > Bacillus albus,대한민국 동해,대한민국; 동해남부; 대한민국 동해,35.683472,130.349213,Bacillus albus은(는) 동해남부에서 관찰·채집된 해양생물 소재로 사용할 수 있다.,해양생물 캐릭터와 바다 탐험 동화 소재,"생물의 이름, 서식 해역, 분류를 활용한 관찰 질문과 퀴즈",5-7;8-10,해양생물;Bacillus;albus;Caryophanales;>;Bacillaceae;동해남부;대한민국;동해,130.349213,대한민국,,Caryophanales > Bacillaceae > Bacillus > Bacillus albus,35.683472,대한민국 동해,2010-09-05,Bacillus albus,동해남부
국립해양생물자원관_해양생물 채집 공간정보,https://www.data.go.kr/data/15151832/openapi.do,2010-09-05,marine_life,Brachybacterium paraconglomeratum,Micrococcales > Dermabacteraceae > Brachybacterium > Brachybacterium paraconglomeratum,대한민국 동해,대한민국; 동해남부; 대한민국 동해,35.683472,130.349213,Brachybacterium paraconglomeratum은(는) 동해남부에서 관찰·채집된 해양생물 소재로 사용할 수 있다.,해양생물 캐릭터와 바다 탐험 동화 소재,"생물의 이름, 서식 해역, 분류를 활용한 관찰 질문과 퀴즈",5-7;8-10,해양생물;Brachybacterium;paraconglomeratum;Micrococcales;>;Dermabacteraceae;동해남부;대한민국;동해,130.349213,대한민국,,Micrococcales > Dermabacteraceae > Brachybacterium > Brachybacterium paraconglomeratum,35.683472,대한민국 동해,2010-09-05,Brachybacterium paraconglomeratum,동해남부
국립해양생물자원관_해양생물 채집 공간정보,https://www.data.go.kr/data/15151832/openapi.do,2010-09-05,marine_life,Fictibacillus enclensis,Fictibacillus enclensis,대한민국 동해,대한민국; 동해남부; 대한민국 동해,35.683472,130.349213,Fictibacillus enclensis은(는) 동해남부에서 관찰·채집된 해양생물 소재로 사용할 수 있다.,해양생물 캐릭터와 바다 탐험 동화 소재,"생물의 이름, 서식 해역, 분류를 활용한 관찰 질문과 퀴즈",5-7;8-10,해양생물;Fictibacillus;enclensis;동해남부;대한민국;동해,130.349213,대한민국,,Fictibacillus enclensis,35.683472,대한민국 동해,2010-09-05,Fictibacillus enclensis,동해남부
국립해양생물자원관_해양생물 채집 공간정보,https://www.data.go.kr/data/15151832/openapi.do,2010-09-05,marine_life,Peribacillus frigoritolerans,Peribacillus frigoritolerans,대한민국 동해,대한민국; 동해남부; 대한민국 동해,35.683472,130.349213,Peribacillus frigoritolerans은(는) 동해남부에서 관찰·채집된 해양생물 소재로 사용할 수 있다.,해양생물 캐릭터와 바다 탐험 동화 소재,"생물의 이름, 서식 해역, 분류를 활용한 관찰 질문과 퀴즈",5-7;8-10,해양생물;Peribacillus;frigoritolerans;동해남부;대한민국;동해,130.349213,대한민국,,Peribacillus frigoritolerans,35.683472,대한민국 동해,2010-09-05,Peribacillus frigoritolerans,동해남부
국립해양생물자원관_해양생물 채집 공간정보,https://www.data.go.kr/data/15151832/openapi.do,2010-09-05,marine_life,Muricauda beolgyonensis,Muricauda beolgyonensis,대한민국 동해,대한민국; 동해중부; 대한민국 동해,36.914806,130.366776,Muricauda beolgyonensis은(는) 동해중부에서 관찰·채집된 해양생물 소재로 사용할 수 있다.,해양생물 캐릭터와 바다 탐험 동화 소재,"생물의 이름, 서식 해역, 분류를 활용한 관찰 질문과 퀴즈",5-7;8-10,해양생물;Muricauda;beolgyonensis;동해중부;대한민국;동해,130.366776,대한민국,,Muricauda beolgyonensis,36.914806,대한민국 동해,2010-09-05,Muricauda beolgyonensis,동해중부
국립해양생물자원관_해양생물 채집 공간정보,https://www.data.go.kr/data/15151832/openapi.do,2010-09-05,marine_life,Microbacterium kitamiense,Micrococcales > Microbacteriaceae > Microbacterium > Microbacterium kitamiense,대한민국 동해,대한민국; 동해중부; 대한민국 동해,36.914806,130.366776,Microbacterium kitamiense은(는) 동해중부에서 관찰·채집된 해양생물 소재로 사용할 수 있다.,해양생물 캐릭터와 바다 탐험 동화 소재,"생물의 이름, 서식 해역, 분류를 활용한 관찰 질문과 퀴즈",5-7;8-10,해양생물;Microbacterium;kitamiense;Micrococcales;>;Microbacteriaceae;동해중부;대한민국;동해,130.366776,대한민국,,Micrococcales > Microbacteriaceae > Microbacterium > Microbacterium kitamiense,36.914806,대한민국 동해,2010-09-05,Microbacterium kitamiense,동해중부
국립해양생물자원관_해양생물 채집 공간정보,https://www.data.go.kr/data/15151832/openapi.do,2011-05-15,marine_life,가는낫노벌레,Copepoda > Calanoida > Centropagidae > Centropages > Centropages tenuiremis,대한민국 전라남도 진도군,대한민국; 남해서부; 대한민국 전라남도 진도군,34.342258,126.160950,가는낫노벌레은(는) 남해서부에서 관찰·채집된 해양생물 소재로 사용할 수 있다.,해양생물 캐릭터와 바다 탐험 동화 소재,"생물의 이름, 서식 해역, 분류를 활용한 관찰 질문과 퀴즈",5-7;8-10,해양생물;가는낫노벌레;Centropages;tenuiremis;Copepoda;>;Calanoida;Centropagidae;남해서부;대한민국;전라남도;진도군,126.160950,대한민국,가는낫노벌레,Copepoda > Calanoida > Centropagidae > Centropages > Centropages tenuiremis,34.342258,대한민국 전라남도 진도군,2011-05-15,Centropages tenuiremis,남해서부
국립해양생물자원관_해양생물 채집 공간정보,https://www.data.go.kr/data/15151832/openapi.do,2015-09-22,marine_life,Oncholaimus tripapillatus,Oncholaimus tripapillatus,대한민국 경상북도 울릉군 울릉읍 조하대,대한민국; 동해중부; 대한민국 경상북도 울릉군 울릉읍 조하대,37.239166,131.867783,Oncholaimus tripapillatus은(는) 동해중부에서 관찰·채집된 해양생물 소재로 사용할 수 있다.,해양생물 캐릭터와 바다 탐험 동화 소재,"생물의 이름, 서식 해역, 분류를 활용한 관찰 질문과 퀴즈",5-7;8-10,해양생물;Oncholaimus;tripapillatus;동해중부;대한민국;경상북도;울릉군;울릉읍;조하대,131.867783,대한민국,,Oncholaimus tripapillatus,37.239166,대한민국 경상북도 울릉군 울릉읍 조하대,2015-09-22,Oncholaimus tripapillatus,동해중부
국립해양생물자원관_해양생물 채집 공간정보,https://www.data.go.kr/data/15151832/openapi.do,2010-09-05,marine_life,Bacillus haynesii,Caryophanales > Bacillaceae > Bacillus > Bacillus haynesii,대한민국 동해,대한민국; 동해중부; 대한민국 동해,36.914806,130.366776,Bacillus haynesii은(는) 동해중부에서 관찰·채집된 해양생물 소재로 사용할 수 있다.,해양생물 캐릭터와 바다 탐험 동화 소재,"생물의 이름, 서식 해역, 분류를 활용한 관찰 질문과 퀴즈",5-7;8-10,해양생물;Bacillus;haynesii;Caryophanales;>;Bacillaceae;동해중부;대한민국;동해,130.366776,대한민국,,Caryophanales > Bacillaceae > Bacillus > Bacillus haynesii,36.914806,대한민국 동해,2010-09-05,Bacillus haynesii,동해중부
국립해양생물자원관_해양생물 채집 공간정보,https://www.data.go.kr/data/15151832/openapi.do,2010-12-20,marine_life,Phaeobacter porticola,Rhodobacterales > Paracoccaceae > Phaeobacter > Phaeobacter porticola,대한민국 경상북도 울진군,대한민국; 동해중부; 대한민국 경상북도 울진군,37.100739,129.381134,Phaeobacter porticola은(는) 동해중부에서 관찰·채집된 해양생물 소재로 사용할 수 있다.,해양생물 캐릭터와 바다 탐험 동화 소재,"생물의 이름, 서식 해역, 분류를 활용한 관찰 질문과 퀴즈",5-7;8-10,해양생물;Phaeobacter;porticola;Rhodobacterales;>;Paracoccaceae;동해중부;대한민국;경상북도;울진군,129.381134,대한민국,,Rhodobacterales > Paracoccaceae > Phaeobacter > Phaeobacter porticola,37.100739,대한민국 경상북도 울진군,2010-12-20,Phaeobacter porticola,동해중부
국립해양생물자원관_해양생물 채집 공간정보,https://www.data.go.kr/data/15151832/openapi.do,2010-12-20,marine_life,Polaribacter reichenbachii,Polaribacter reichenbachii,대한민국 경상북도 울진군,대한민국; 동해중부; 대한민국 경상북도 울진군,37.100739,129.381134,Polaribacter reichenbachii은(는) 동해중부에서 관찰·채집된 해양생물 소재로 사용할 수 있다.,해양생물 캐릭터와 바다 탐험 동화 소재,"생물의 이름, 서식 해역, 분류를 활용한 관찰 질문과 퀴즈",5-7;8-10,해양생물;Polaribacter;reichenbachii;동해중부;대한민국;경상북도;울진군,129.381134,대한민국,,Polaribacter reichenbachii,37.100739,대한민국 경상북도 울진군,2010-12-20,Polaribacter reichenbachii,동해중부
국립해양생물자원관_해양생물 채집 공간정보,https://www.data.go.kr/data/15151832/openapi.do,2016-02-18,marine_life,남방갑옷선충,Nematoda > Enoplea > Enoplida > Enoplidae > Enoplus > Enoplus meridionalis,대한민국 전라남도 진도군 의신면 조간대,대한민국; 남해서부; 대한민국 전라남도 진도군 의신면 조간대,34.395836,126.275284,남방갑옷선충은(는) 남해서부에서 관찰·채집된 해양생물 소재로 사용할 수 있다.,해양생물 캐릭터와 바다 탐험 동화 소재,"생물의 이름, 서식 해역, 분류를 활용한 관찰 질문과 퀴즈",5-7;8-10,해양생물;남방갑옷선충;Enoplus;meridionalis;Nematoda;>;Enoplea;Enoplida;Enoplidae;남해서부;대한민국;전라남도,126.275284,대한민국,남방갑옷선충,Nematoda > Enoplea > Enoplida > Enoplidae > Enoplus > Enoplus meridionalis,34.395836,대한민국 전라남도 진도군 의신면 조간대,2016-02-18,Enoplus meridionalis,남해서부
국립해양생물자원관_해양생물 채집 공간정보,https://www.data.go.kr/data/15151832/openapi.do,2010-12-20,marine_life,Shewanella japonica,Shewanellaceae > Shewanella > Shewanella japonica,대한민국 경상북도 울진군,대한민국; 동해중부; 대한민국 경상북도 울진군,37.100739,129.381134,Shewanella japonica은(는) 동해중부에서 관찰·채집된 해양생물 소재로 사용할 수 있다.,해양생물 캐릭터와 바다 탐험 동화 소재,"생물의 이름, 서식 해역, 분류를 활용한 관찰 질문과 퀴즈",5-7;8-10,해양생물;Shewanella;japonica;Shewanellaceae;>;동해중부;대한민국;경상북도;울진군,129.381134,대한민국,,Shewanellaceae > Shewanella > Shewanella japonica,37.100739,대한민국 경상북도 울진군,2010-12-20,Shewanella japonica,동해중부
국립해양생물자원관_해양생물 채집 공간정보,https://www.data.go.kr/data/15151832/openapi.do,2013-03-15,marine_life,별상어,Triakidae > Mustelus > Mustelus manazo,대한민국 남해,대한민국; 서해; 대한민국 남해,34.228333,125.239494,별상어은(는) 서해에서 관찰·채집된 해양생물 소재로 사용할 수 있다.,해양생물 캐릭터와 바다 탐험 동화 소재,"생물의 이름, 서식 해역, 분류를 활용한 관찰 질문과 퀴즈",5-7;8-10,해양생물;별상어;Mustelus;manazo;Triakidae;>;서해;대한민국;남해,125.239494,대한민국,별상어,Triakidae > Mustelus > Mustelus manazo,34.228333,대한민국 남해,2013-03-15,Mustelus manazo,서해
국립해양생물자원관_해양생물 채집 공간정보,https://www.data.go.kr/data/15151832/openapi.do,2018-09-24,marine_life,Brevundimonas vesicularis,Pseudomonadota > Alphaproteobacteria > Caulobacterales > Caulobacteraceae > Brevundimonas > Brevundimonas vesicularis,대한민국 서해,대한민국; 서해; 대한민국 서해,37.240002,126.563889,Brevundimonas vesicularis은(는) 서해에서 관찰·채집된 해양생물 소재로 사용할 수 있다.,해양생물 캐릭터와 바다 탐험 동화 소재,"생물의 이름, 서식 해역, 분류를 활용한 관찰 질문과 퀴즈",5-7;8-10,해양생물;Brevundimonas;vesicularis;Pseudomonadota;>;Alphaproteobacteria;Caulobacterales;Caulobacteraceae;서해;대한민국,126.563889,대한민국,,Pseudomonadota > Alphaproteobacteria > Caulobacterales > Caulobacteraceae > Brevundimonas > Brevundimonas vesicularis,37.240002,대한민국 서해,2018-09-24,Brevundimonas vesicularis,서해
국립해양생물자원관_해양생물 채집 공간정보,https://www.data.go.kr/data/15151832/openapi.do,2018-06-19,marine_life,Brucella anthropi,Pseudomonadota > Alphaproteobacteria > Hyphomicrobiales > Brucellaceae > Brucella > Brucella anthropi,대한민국 서해 송림해수욕장,대한민국; 서해; 대한민국 서해 송림해수욕장,36.026943,126.662224,Brucella anthropi은(는) 서해에서 관찰·채집된 해양생물 소재로 사용할 수 있다.,해양생물 캐릭터와 바다 탐험 동화 소재,"생물의 이름, 서식 해역, 분류를 활용한 관찰 질문과 퀴즈",5-7;8-10,해양생물;Brucella;anthropi;Pseudomonadota;>;Alphaproteobacteria;Hyphomicrobiales;Brucellaceae;서해;대한민국;송림해수욕장,126.662224,대한민국,,Pseudomonadota > Alphaproteobacteria > Hyphomicrobiales > Brucellaceae > Brucella > Brucella anthropi,36.026943,대한민국 서해 송림해수욕장,2018-06-19,Brucella anthropi,서해
국립해양생물자원관_해양생물 채집 공간정보,https://www.data.go.kr/data/15151832/openapi.do,2014-05-23,marine_life,Pseudoalteromonas distincta,Pseudomonadota > Gammaproteobacteria > Alteromonadales > Pseudoalteromonadaceae > Pseudoalteromonas > Pseudoalteromonas distincta,대한민국 서해 영흥면 선재리_측도,대한민국; 서해; 대한민국 서해 영흥면 선재리_측도,37.241669,126.518616,Pseudoalteromonas distincta은(는) 서해에서 관찰·채집된 해양생물 소재로 사용할 수 있다.,해양생물 캐릭터와 바다 탐험 동화 소재,"생물의 이름, 서식 해역, 분류를 활용한 관찰 질문과 퀴즈",5-7;8-10,해양생물;Pseudoalteromonas;distincta;Pseudomonadota;>;Gammaproteobacteria;Alteromonadales;Pseudoalteromonadaceae;서해;대한민국;영흥면;선재리_측도,126.518616,대한민국,,Pseudomonadota > Gammaproteobacteria > Alteromonadales > Pseudoalteromonadaceae > Pseudoalteromonas > Pseudoalteromonas distincta,37.241669,대한민국 서해 영흥면 선재리_측도,2014-05-23,Pseudoalteromonas distincta,서해
국립해양생물자원관_해양생물 채집 공간정보,https://www.data.go.kr/data/15151832/openapi.do,2016-08-10,marine_life,Alkalihalobacillus algicola,Caryophanales > Bacillaceae > Alkalihalobacillus > Alkalihalobacillus algicola,대한민국 서해 영흥면 선재리_측도,대한민국; 서해; 대한민국 서해 영흥면 선재리_측도,37.241669,126.518616,Alkalihalobacillus algicola은(는) 서해에서 관찰·채집된 해양생물 소재로 사용할 수 있다.,해양생물 캐릭터와 바다 탐험 동화 소재,"생물의 이름, 서식 해역, 분류를 활용한 관찰 질문과 퀴즈",5-7;8-10,해양생물;Alkalihalobacillus;algicola;Caryophanales;>;Bacillaceae;서해;대한민국;영흥면;선재리_측도,126.518616,대한민국,,Caryophanales > Bacillaceae > Alkalihalobacillus > Alkalihalobacillus algicola,37.241669,대한민국 서해 영흥면 선재리_측도,2016-08-10,Alkalihalobacillus algicola,서해
국립해양생물자원관_해양생물 채집 공간정보,https://www.data.go.kr/data/15151832/openapi.do,2012-06-28,marine_life,넓은게발,Rhodophyta > Florideophyceae > Corallinales > Lithophyllaceae > Amphiroa > Amphiroa anceps,대한민국 경상남도 통영시 사량면,대한민국; 남해동부; 대한민국 경상남도 통영시 사량면,34.876446,128.288452,넓은게발은(는) 남해동부에서 관찰·채집된 해양생물 소재로 사용할 수 있다.,해양생물 캐릭터와 바다 탐험 동화 소재,"생물의 이름, 서식 해역, 분류를 활용한 관찰 질문과 퀴즈",5-7;8-10,해양생물;넓은게발;Amphiroa;anceps;Rhodophyta;>;Florideophyceae;Corallinales;Lithophyllaceae;남해동부;대한민국;경상남도,128.288452,대한민국,넓은게발,Rhodophyta > Florideophyceae > Corallinales > Lithophyllaceae > Amphiroa > Amphiroa anceps,34.876446,대한민국 경상남도 통영시 사량면,2012-06-28,Amphiroa anceps,남해동부
국립해양생물자원관_해양생물 채집 공간정보,https://www.data.go.kr/data/15151832/openapi.do,2010-07-26,marine_life,동양예쁜털배벌레,Thaumastodermatidae > Ptychostomella > Ptychostomella orientalis,대한민국 경상북도 울진군 근남면,대한민국; 동해중부; 대한민국 경상북도 울진군 근남면,36.969563,129.413651,동양예쁜털배벌레은(는) 동해중부에서 관찰·채집된 해양생물 소재로 사용할 수 있다.,해양생물 캐릭터와 바다 탐험 동화 소재,"생물의 이름, 서식 해역, 분류를 활용한 관찰 질문과 퀴즈",5-7;8-10,해양생물;동양예쁜털배벌레;Ptychostomella;orientalis;Thaumastodermatidae;>;동해중부;대한민국;경상북도;울진군;근남면,129.413651,대한민국,동양예쁜털배벌레,Thaumastodermatidae > Ptychostomella > Ptychostomella orientalis,36.969563,대한민국 경상북도 울진군 근남면,2010-07-26,Ptychostomella orientalis,동해중부
국립해양생물자원관_해양생물 채집 공간정보,https://www.data.go.kr/data/15151832/openapi.do,2010-12-20,marine_life,Vibrio lentus,Vibrionales > Vibrionaceae > Vibrio > Vibrio lentus,대한민국 경상북도 울진군,대한민국; 동해중부; 대한민국 경상북도 울진군,37.100739,129.381134,Vibrio lentus은(는) 동해중부에서 관찰·채집된 해양생물 소재로 사용할 수 있다.,해양생물 캐릭터와 바다 탐험 동화 소재,"생물의 이름, 서식 해역, 분류를 활용한 관찰 질문과 퀴즈",5-7;8-10,해양생물;Vibrio;lentus;Vibrionales;>;Vibrionaceae;동해중부;대한민국;경상북도;울진군,129.381134,대한민국,,Vibrionales > Vibrionaceae > Vibrio > Vibrio lentus,37.100739,대한민국 경상북도 울진군,2010-12-20,Vibrio lentus,동해중부
국립해양생물자원관_해양생물 채집 공간정보,https://www.data.go.kr/data/15151832/openapi.do,2010-08-12,marine_life,Halomonas olivaria,Pseudomonadota > Gammaproteobacteria > Oceanospirillales > Halomonadaceae > Halomonas > Halomonas olivaria,대한민국 충청남도 태안군,대한민국; 서해; 대한민국 충청남도 태안군,36.886307,126.178467,Halomonas olivaria은(는) 서해에서 관찰·채집된 해양생물 소재로 사용할 수 있다.,해양생물 캐릭터와 바다 탐험 동화 소재,"생물의 이름, 서식 해역, 분류를 활용한 관찰 질문과 퀴즈",5-7;8-10,해양생물;Halomonas;olivaria;Pseudomonadota;>;Gammaproteobacteria;Oceanospirillales;Halomonadaceae;서해;대한민국;충청남도;태안군,126.178467,대한민국,,Pseudomonadota > Gammaproteobacteria > Oceanospirillales > Halomonadaceae > Halomonas > Halomonas olivaria,36.886307,대한민국 충청남도 태안군,2010-08-12,Halomonas olivaria,서해
국립해양생물자원관_해양생물 채집 공간정보,https://www.data.go.kr/data/15151832/openapi.do,2017-04-28,marine_life,부풀음벌집소모충,Tintinnida > Rhabdonellidae > Schmidingerella > Schmidingerella arcuata,대한민국 강원도 강릉시 강릉항,대한민국; 동해중부; 대한민국 강원도 강릉시 강릉항,37.772167,128.951157,부풀음벌집소모충은(는) 동해중부에서 관찰·채집된 해양생물 소재로 사용할 수 있다.,해양생물 캐릭터와 바다 탐험 동화 소재,"생물의 이름, 서식 해역, 분류를 활용한 관찰 질문과 퀴즈",5-7;8-10,해양생물;부풀음벌집소모충;Schmidingerella;arcuata;Tintinnida;>;Rhabdonellidae;동해중부;대한민국;강원도;강릉시;강릉항,128.951157,대한민국,부풀음벌집소모충,Tintinnida > Rhabdonellidae > Schmidingerella > Schmidingerella arcuata,37.772167,대한민국 강원도 강릉시 강릉항,2017-04-28,Schmidingerella arcuata,동해중부
국립해양생물자원관_해양생물 채집 공간정보,https://www.data.go.kr/data/15151832/openapi.do,2015-09-13,marine_life,개청각,Ulvophyceae > Bryopsidales > Codiaceae > Codium > Codium tomentosum,대한민국 제주특별자치도 제주시 추자면,대한민국; 남해서부; 대한민국 제주특별자치도 제주시 추자면,33.957550,126.334862,개청각은(는) 남해서부에서 관찰·채집된 해양생물 소재로 사용할 수 있다.,해양생물 캐릭터와 바다 탐험 동화 소재,"생물의 이름, 서식 해역, 분류를 활용한 관찰 질문과 퀴즈",5-7;8-10,해양생물;개청각;Codium;tomentosum;Ulvophyceae;>;Bryopsidales;Codiaceae;남해서부;대한민국;제주특별자치도;제주시,126.334862,대한민국,개청각,Ulvophyceae > Bryopsidales > Codiaceae > Codium > Codium tomentosum,33.957550,대한민국 제주특별자치도 제주시 추자면,2015-09-13,Codium tomentosum,남해서부
국립해양생물자원관_해양생물 채집 공간정보,https://www.data.go.kr/data/15151832/openapi.do,2013-12-20,marine_life,청각,Ulvophyceae > Bryopsidales > Codiaceae > Codium > Codium fragile,대한민국 부산광역시 해운대구,대한민국; 동해남부; 대한민국 부산광역시 해운대구,35.160782,129.193710,청각은(는) 동해남부에서 관찰·채집된 해양생물 소재로 사용할 수 있다.,해양생물 캐릭터와 바다 탐험 동화 소재,"생물의 이름, 서식 해역, 분류를 활용한 관찰 질문과 퀴즈",5-7;8-10,해양생물;청각;Codium;fragile;Ulvophyceae;>;Bryopsidales;Codiaceae;동해남부;대한민국;부산광역시;해운대구,129.193710,대한민국,청각,Ulvophyceae > Bryopsidales > Codiaceae > Codium > Codium fragile,35.160782,대한민국 부산광역시 해운대구,2013-12-20,Codium fragile,동해남부
국립해양생물자원관_해양생물 채집 공간정보,https://www.data.go.kr/data/15151832/openapi.do,2011-01-13,marine_life,순양거미불가사리,Ophiuroidea > Amphilepidida > Amphiuridae > Amphioplus > Lymanella > Amphioplus (Lymanella) japonicus,대한민국 인천광역시 옹진군,대한민국; 서해; 대한민국 인천광역시 옹진군,37.394733,126.242409,순양거미불가사리은(는) 서해에서 관찰·채집된 해양생물 소재로 사용할 수 있다.,해양생물 캐릭터와 바다 탐험 동화 소재,"생물의 이름, 서식 해역, 분류를 활용한 관찰 질문과 퀴즈",5-7;8-10,해양생물;순양거미불가사리;Amphioplus;(Lymanella);japonicus;Ophiuroidea;>;Amphilepidida;Amphiuridae;Lymanella;서해;대한민국,126.242409,대한민국,순양거미불가사리,Ophiuroidea > Amphilepidida > Amphiuridae > Amphioplus > Lymanella > Amphioplus (Lymanella) japonicus,37.394733,대한민국 인천광역시 옹진군,2011-01-13,Amphioplus (Lymanella) japonicus,서해
국립해양생물자원관_해양생물 채집 공간정보,https://www.data.go.kr/data/15151832/openapi.do,2011-04-19,marine_life,Dokdonia diaphoros,Flavobacteriia > Flavobacteriales > Flavobacteriaceae > Dokdonia > Dokdonia diaphoros,대한민국 동해,대한민국; 동해남부; 대한민국 동해,36.106667,130.971664,Dokdonia diaphoros은(는) 동해남부에서 관찰·채집된 해양생물 소재로 사용할 수 있다.,해양생물 캐릭터와 바다 탐험 동화 소재,"생물의 이름, 서식 해역, 분류를 활용한 관찰 질문과 퀴즈",5-7;8-10,해양생물;Dokdonia;diaphoros;Flavobacteriia;>;Flavobacteriales;Flavobacteriaceae;동해남부;대한민국;동해,130.971664,대한민국,,Flavobacteriia > Flavobacteriales > Flavobacteriaceae > Dokdonia > Dokdonia diaphoros,36.106667,대한민국 동해,2011-04-19,Dokdonia diaphoros,동해남부
국립해양생물자원관_해양생물 채집 공간정보,https://www.data.go.kr/data/15151832/openapi.do,2015-07-07,marine_life,갈색대마디말,Ulvophyceae > Cladophorales > Cladophoraceae > Cladophora > Cladophora wrightiana var. minor,대한민국 제주특별자치도 제주시 조천읍,대한민국; 남해서부; 대한민국 제주특별자치도 제주시 조천읍,33.537579,126.616417,갈색대마디말은(는) 남해서부에서 관찰·채집된 해양생물 소재로 사용할 수 있다.,해양생물 캐릭터와 바다 탐험 동화 소재,"생물의 이름, 서식 해역, 분류를 활용한 관찰 질문과 퀴즈",5-7;8-10,해양생물;갈색대마디말;Cladophora;wrightiana;var.;minor;Ulvophyceae;>;Cladophorales;Cladophoraceae;남해서부;대한민국,126.616417,대한민국,갈색대마디말,Ulvophyceae > Cladophorales > Cladophoraceae > Cladophora > Cladophora wrightiana var. minor,33.537579,대한민국 제주특별자치도 제주시 조천읍,2015-07-07,Cladophora wrightiana var. minor,남해서부
국립해양생물자원관_해양생물 채집 공간정보,https://www.data.go.kr/data/15151832/openapi.do,2011-04-19,marine_life,Fictibacillus phosphorivorans,Fictibacillus phosphorivorans,대한민국 동해,대한민국; 동해중부; 대한민국 동해,37.098331,131.927231,Fictibacillus phosphorivorans은(는) 동해중부에서 관찰·채집된 해양생물 소재로 사용할 수 있다.,해양생물 캐릭터와 바다 탐험 동화 소재,"생물의 이름, 서식 해역, 분류를 활용한 관찰 질문과 퀴즈",5-7;8-10,해양생물;Fictibacillus;phosphorivorans;동해중부;대한민국;동해,131.927231,대한민국,,Fictibacillus phosphorivorans,37.098331,대한민국 동해,2011-04-19,Fictibacillus phosphorivorans,동해중부
국립해양생물자원관_해양생물 채집 공간정보,https://www.data.go.kr/data/15151832/openapi.do,2015-03-01,marine_life,매생이,Ulvophyceae > Ulotrichales > Ulotrichaceae > Capsosiphon > Capsosiphon fulvescens,대한민국 제주특별자치도 서귀포시 안덕면,대한민국; 남해서부; 대한민국 제주특별자치도 서귀포시 안덕면,33.239666,126.330338,매생이은(는) 남해서부에서 관찰·채집된 해양생물 소재로 사용할 수 있다.,해양생물 캐릭터와 바다 탐험 동화 소재,"생물의 이름, 서식 해역, 분류를 활용한 관찰 질문과 퀴즈",5-7;8-10,해양생물;매생이;Capsosiphon;fulvescens;Ulvophyceae;>;Ulotrichales;Ulotrichaceae;남해서부;대한민국;제주특별자치도;서귀포시,126.330338,대한민국,매생이,Ulvophyceae > Ulotrichales > Ulotrichaceae > Capsosiphon > Capsosiphon fulvescens,33.239666,대한민국 제주특별자치도 서귀포시 안덕면,2015-03-01,Capsosiphon fulvescens,남해서부
국립해양생물자원관_해양생물 채집 공간정보,https://www.data.go.kr/data/15151832/openapi.do,2017-03-01,marine_life,미끌풀,Rhodophyta > Florideophyceae > Gigartinales > Dumontiaceae > Dumontia > Dumontia simplex,대한민국 강원도 고성군 거진읍,대한민국; 동해중부; 대한민국 강원도 고성군 거진읍,38.423233,128.463287,미끌풀은(는) 동해중부에서 관찰·채집된 해양생물 소재로 사용할 수 있다.,해양생물 캐릭터와 바다 탐험 동화 소재,"생물의 이름, 서식 해역, 분류를 활용한 관찰 질문과 퀴즈",5-7;8-10,해양생물;미끌풀;Dumontia;simplex;Rhodophyta;>;Florideophyceae;Gigartinales;Dumontiaceae;동해중부;대한민국;강원도,128.463287,대한민국,미끌풀,Rhodophyta > Florideophyceae > Gigartinales > Dumontiaceae > Dumontia > Dumontia simplex,38.423233,대한민국 강원도 고성군 거진읍,2017-03-01,Dumontia simplex,동해중부
국립해양생물자원관_해양생물 채집 공간정보,https://www.data.go.kr/data/15151832/openapi.do,2014-10-29,marine_life,말청각,Ulvophyceae > Bryopsidales > Codiaceae > Codium > Codium subtubulosum,대한민국 경상남도 통영시,대한민국; 남해동부; 대한민국 경상남도 통영시,34.854221,128.381058,말청각은(는) 남해동부에서 관찰·채집된 해양생물 소재로 사용할 수 있다.,해양생물 캐릭터와 바다 탐험 동화 소재,"생물의 이름, 서식 해역, 분류를 활용한 관찰 질문과 퀴즈",5-7;8-10,해양생물;말청각;Codium;subtubulosum;Ulvophyceae;>;Bryopsidales;Codiaceae;남해동부;대한민국;경상남도;통영시,128.381058,대한민국,말청각,Ulvophyceae > Bryopsidales > Codiaceae > Codium > Codium subtubulosum,34.854221,대한민국 경상남도 통영시,2014-10-29,Codium subtubulosum,남해동부
국립해양생물자원관_해양생물 채집 공간정보,https://www.data.go.kr/data/15151832/openapi.do,2015-08-13,marine_life,Penicillium oxalicum,Penicillium oxalicum,대한민국 충청남도 서천군 마서면,대한민국; 서해; 대한민국 충청남도 서천군 마서면,36.076248,126.631477,Penicillium oxalicum은(는) 서해에서 관찰·채집된 해양생물 소재로 사용할 수 있다.,해양생물 캐릭터와 바다 탐험 동화 소재,"생물의 이름, 서식 해역, 분류를 활용한 관찰 질문과 퀴즈",5-7;8-10,해양생물;Penicillium;oxalicum;서해;대한민국;충청남도;서천군;마서면,126.631477,대한민국,,Penicillium oxalicum,36.076248,대한민국 충청남도 서천군 마서면,2015-08-13,Penicillium oxalicum,서해
국립해양생물자원관_해양생물 채집 공간정보,https://www.data.go.kr/data/15151832/openapi.do,2017-03-01,marine_life,참가시그물바탕말,Phaeophyceae > Dictyotales > Dictyotaceae > Dictyopteris > Dictyopteris pacifica,대한민국 강원도 고성군 거진읍,대한민국; 동해중부; 대한민국 강원도 고성군 거진읍,38.423233,128.463287,참가시그물바탕말은(는) 동해중부에서 관찰·채집된 해양생물 소재로 사용할 수 있다.,해양생물 캐릭터와 바다 탐험 동화 소재,"생물의 이름, 서식 해역, 분류를 활용한 관찰 질문과 퀴즈",5-7;8-10,해양생물;참가시그물바탕말;Dictyopteris;pacifica;Phaeophyceae;>;Dictyotales;Dictyotaceae;동해중부;대한민국;강원도;고성군,128.463287,대한민국,참가시그물바탕말,Phaeophyceae > Dictyotales > Dictyotaceae > Dictyopteris > Dictyopteris pacifica,38.423233,대한민국 강원도 고성군 거진읍,2017-03-01,Dictyopteris pacifica,동해중부
국립해양생물자원관_해양생물 채집 공간정보,https://www.data.go.kr/data/15151832/openapi.do,2013-02-19,marine_life,방석청각,Ulvophyceae > Bryopsidales > Codiaceae > Codium > Codium hubbsii,대한민국 제주특별자치도 서귀포시 성산읍,대한민국; 남해서부; 대한민국 제주특별자치도 서귀포시 성산읍,33.470974,126.935692,방석청각은(는) 남해서부에서 관찰·채집된 해양생물 소재로 사용할 수 있다.,해양생물 캐릭터와 바다 탐험 동화 소재,"생물의 이름, 서식 해역, 분류를 활용한 관찰 질문과 퀴즈",5-7;8-10,해양생물;방석청각;Codium;hubbsii;Ulvophyceae;>;Bryopsidales;Codiaceae;남해서부;대한민국;제주특별자치도;서귀포시,126.935692,대한민국,방석청각,Ulvophyceae > Bryopsidales > Codiaceae > Codium > Codium hubbsii,33.470974,대한민국 제주특별자치도 서귀포시 성산읍,2013-02-19,Codium hubbsii,남해서부
국립해양생물자원관_해양생물 채집 공간정보,https://www.data.go.kr/data/15151832/openapi.do,2015-10-22,marine_life,붉벤자리,Teleostei > Perciformes > Anthiadidae > Caprodon > Caprodon schlegelii,대한민국 제주특별자치도 제주시,대한민국; 남해서부; 대한민국 제주특별자치도 제주시,33.677185,126.706764,붉벤자리은(는) 남해서부에서 관찰·채집된 해양생물 소재로 사용할 수 있다.,해양생물 캐릭터와 바다 탐험 동화 소재,"생물의 이름, 서식 해역, 분류를 활용한 관찰 질문과 퀴즈",5-7;8-10,해양생물;붉벤자리;Caprodon;schlegelii;Teleostei;>;Perciformes;Anthiadidae;남해서부;대한민국;제주특별자치도;제주시,126.706764,대한민국,붉벤자리,Teleostei > Perciformes > Anthiadidae > Caprodon > Caprodon schlegelii,33.677185,대한민국 제주특별자치도 제주시,2015-10-22,Caprodon schlegelii,남해서부
국립해양생물자원관_해양생물 채집 공간정보,https://www.data.go.kr/data/15151832/openapi.do,2016-03-24,marine_life,큰수염붉은실,Rhodophyta > Florideophyceae > Ceramiales > Rhodomelaceae > Polysiphonia > Polysiphonia morrowii,대한민국 전라남도 여수시 화양면,대한민국; 남해서부; 대한민국 전라남도 여수시 화양면,34.644646,127.608330,큰수염붉은실은(는) 남해서부에서 관찰·채집된 해양생물 소재로 사용할 수 있다.,해양생물 캐릭터와 바다 탐험 동화 소재,"생물의 이름, 서식 해역, 분류를 활용한 관찰 질문과 퀴즈",5-7;8-10,해양생물;큰수염붉은실;Polysiphonia;morrowii;Rhodophyta;>;Florideophyceae;Ceramiales;Rhodomelaceae;남해서부;대한민국;전라남도,127.608330,대한민국,큰수염붉은실,Rhodophyta > Florideophyceae > Ceramiales > Rhodomelaceae > Polysiphonia > Polysiphonia morrowii,34.644646,대한민국 전라남도 여수시 화양면,2016-03-24,Polysiphonia morrowii,남해서부
국립해양생물자원관_해양생물 채집 공간정보,https://www.data.go.kr/data/15151832/openapi.do,2014-04-18,marine_life,홍어,Rajiformes > Rajidae > Okamejei > Okamejei kenojei,대한민국 충청남도 태안군,대한민국; 서해; 대한민국 충청남도 태안군,36.435577,125.703484,홍어은(는) 서해에서 관찰·채집된 해양생물 소재로 사용할 수 있다.,해양생물 캐릭터와 바다 탐험 동화 소재,"생물의 이름, 서식 해역, 분류를 활용한 관찰 질문과 퀴즈",5-7;8-10,해양생물;홍어;Okamejei;kenojei;Rajiformes;>;Rajidae;서해;대한민국;충청남도;태안군,125.703484,대한민국,홍어,Rajiformes > Rajidae > Okamejei > Okamejei kenojei,36.435577,대한민국 충청남도 태안군,2014-04-18,Okamejei kenojei,서해
국립해양생물자원관_해양생물 채집 공간정보,https://www.data.go.kr/data/15151832/openapi.do,2011-06-21,marine_life,Cellulophaga baltica,Flavobacteriia > Flavobacteriales > Flavobacteriaceae > Cellulophaga > Cellulophaga baltica,대한민국 경상북도 울진군,대한민국; 동해중부; 대한민국 경상북도 울진군,37.100739,129.381134,Cellulophaga baltica은(는) 동해중부에서 관찰·채집된 해양생물 소재로 사용할 수 있다.,해양생물 캐릭터와 바다 탐험 동화 소재,"생물의 이름, 서식 해역, 분류를 활용한 관찰 질문과 퀴즈",5-7;8-10,해양생물;Cellulophaga;baltica;Flavobacteriia;>;Flavobacteriales;Flavobacteriaceae;동해중부;대한민국;경상북도;울진군,129.381134,대한민국,,Flavobacteriia > Flavobacteriales > Flavobacteriaceae > Cellulophaga > Cellulophaga baltica,37.100739,대한민국 경상북도 울진군,2011-06-21,Cellulophaga baltica,동해중부
국립해양생물자원관_해양생물 채집 공간정보,https://www.data.go.kr/data/15151832/openapi.do,2016-06-14,marine_life,Halichoanolaimus minor,Selachinematidae > Halichoanolaimus > Halichoanolaimus minor,대한민국 경상북도 울릉군 울릉읍 조하대,대한민국; 동해중부; 대한민국 경상북도 울릉군 울릉읍 조하대,37.526459,130.936584,Halichoanolaimus minor은(는) 동해중부에서 관찰·채집된 해양생물 소재로 사용할 수 있다.,해양생물 캐릭터와 바다 탐험 동화 소재,"생물의 이름, 서식 해역, 분류를 활용한 관찰 질문과 퀴즈",5-7;8-10,해양생물;Halichoanolaimus;minor;Selachinematidae;>;동해중부;대한민국;경상북도;울릉군;울릉읍;조하대,130.936584,대한민국,,Selachinematidae > Halichoanolaimus > Halichoanolaimus minor,37.526459,대한민국 경상북도 울릉군 울릉읍 조하대,2016-06-14,Halichoanolaimus minor,동해중부
국립해양생물자원관_해양생물 채집 공간정보,https://www.data.go.kr/data/15151832/openapi.do,2014-09-20,marine_life,전력날치,Teleostei > Beloniformes > Exocoetidae > Cheilopogon > Cheilopogon doederleinii,대한민국 제주특별자치도 서귀포시,대한민국; 남해서부; 대한민국 제주특별자치도 서귀포시,33.127071,126.180908,전력날치은(는) 남해서부에서 관찰·채집된 해양생물 소재로 사용할 수 있다.,해양생물 캐릭터와 바다 탐험 동화 소재,"생물의 이름, 서식 해역, 분류를 활용한 관찰 질문과 퀴즈",5-7;8-10,해양생물;전력날치;Cheilopogon;doederleinii;Teleostei;>;Beloniformes;Exocoetidae;남해서부;대한민국;제주특별자치도;서귀포시,126.180908,대한민국,전력날치,Teleostei > Beloniformes > Exocoetidae > Cheilopogon > Cheilopogon doederleinii,33.127071,대한민국 제주특별자치도 서귀포시,2014-09-20,Cheilopogon doederleinii,남해서부
국립해양생물자원관_해양생물 채집 공간정보,https://www.data.go.kr/data/15151832/openapi.do,2019-07-24,marine_life,Sarsamphiascus titoi,Sarsamphiascus titoi,대한민국 경상북도 울릉군 서면 거북바위,대한민국; 동해중부; 대한민국 경상북도 울릉군 서면 거북바위,37.460064,130.857437,Sarsamphiascus titoi은(는) 동해중부에서 관찰·채집된 해양생물 소재로 사용할 수 있다.,해양생물 캐릭터와 바다 탐험 동화 소재,"생물의 이름, 서식 해역, 분류를 활용한 관찰 질문과 퀴즈",5-7;8-10,해양생물;Sarsamphiascus;titoi;동해중부;대한민국;경상북도;울릉군;서면;거북바위,130.857437,대한민국,,Sarsamphiascus titoi,37.460064,대한민국 경상북도 울릉군 서면 거북바위,2019-07-24,Sarsamphiascus titoi,동해중부
국립해양생물자원관_해양생물 채집 공간정보,https://www.data.go.kr/data/15151832/openapi.do,2011-05-15,marine_life,가는낫노벌레,Copepoda > Calanoida > Centropagidae > Centropages > Centropages tenuiremis,대한민국 전라남도 진도군,대한민국; 남해서부; 대한민국 전라남도 진도군,34.276421,126.145805,가는낫노벌레은(는) 남해서부에서 관찰·채집된 해양생물 소재로 사용할 수 있다.,해양생물 캐릭터와 바다 탐험 동화 소재,"생물의 이름, 서식 해역, 분류를 활용한 관찰 질문과 퀴즈",5-7;8-10,해양생물;가는낫노벌레;Centropages;tenuiremis;Copepoda;>;Calanoida;Centropagidae;남해서부;대한민국;전라남도;진도군,126.145805,대한민국,가는낫노벌레,Copepoda > Calanoida > Centropagidae > Centropages > Centropages tenuiremis,34.276421,대한민국 전라남도 진도군,2011-05-15,Centropages tenuiremis,남해서부
국립해양생물자원관_해양생물 채집 공간정보,https://www.data.go.kr/data/15151832/openapi.do,2011-05-12,marine_life,Vibrio crassostreae,Vibrionales > Vibrionaceae > Vibrio > Vibrio crassostreae,대한민국 강원도 고성군 백도,대한민국; 동해중부; 대한민국 강원도 고성군 백도,38.300739,128.549194,Vibrio crassostreae은(는) 동해중부에서 관찰·채집된 해양생물 소재로 사용할 수 있다.,해양생물 캐릭터와 바다 탐험 동화 소재,"생물의 이름, 서식 해역, 분류를 활용한 관찰 질문과 퀴즈",5-7;8-10,해양생물;Vibrio;crassostreae;Vibrionales;>;Vibrionaceae;동해중부;대한민국;강원도;고성군;백도,128.549194,대한민국,,Vibrionales > Vibrionaceae > Vibrio > Vibrio crassostreae,38.300739,대한민국 강원도 고성군 백도,2011-05-12,Vibrio crassostreae,동해중부
국립해양생물자원관_해양생물 채집 공간정보,https://www.data.go.kr/data/15151832/openapi.do,2011-05-12,marine_life,Vibrio coralliirubri,Vibrionales > Vibrionaceae > Vibrio > Vibrio coralliirubri,대한민국 전라남도 영광군,대한민국; 서해; 대한민국 전라남도 영광군,35.310490,126.375160,Vibrio coralliirubri은(는) 서해에서 관찰·채집된 해양생물 소재로 사용할 수 있다.,해양생물 캐릭터와 바다 탐험 동화 소재,"생물의 이름, 서식 해역, 분류를 활용한 관찰 질문과 퀴즈",5-7;8-10,해양생물;Vibrio;coralliirubri;Vibrionales;>;Vibrionaceae;서해;대한민국;전라남도;영광군,126.375160,대한민국,,Vibrionales > Vibrionaceae > Vibrio > Vibrio coralliirubri,35.310490,대한민국 전라남도 영광군,2011-05-12,Vibrio coralliirubri,서해
국립해양생물자원관_해양생물 채집 공간정보,https://www.data.go.kr/data/15151832/openapi.do,2011-07-20,marine_life,뾰족아참노벌레,Subeucalanus mucronatus,대한민국 경상북도 울진군,대한민국; 동해중부; 대한민국 경상북도 울진군,37.083660,129.463104,뾰족아참노벌레은(는) 동해중부에서 관찰·채집된 해양생물 소재로 사용할 수 있다.,해양생물 캐릭터와 바다 탐험 동화 소재,"생물의 이름, 서식 해역, 분류를 활용한 관찰 질문과 퀴즈",5-7;8-10,해양생물;뾰족아참노벌레;Subeucalanus;mucronatus;동해중부;대한민국;경상북도;울진군,129.463104,대한민국,뾰족아참노벌레,Subeucalanus mucronatus,37.083660,대한민국 경상북도 울진군,2011-07-20,Subeucalanus mucronatus,동해중부
국립해양생물자원관_해양생물 채집 공간정보,https://www.data.go.kr/data/15151832/openapi.do,2011-06-02,marine_life,Dietzia maris,Mycobacteriales > Dietziaceae > Dietzia > Dietzia maris,대한민국 제주특별자치도,대한민국; 남해서부; 대한민국 제주특별자치도,33.212902,126.407242,Dietzia maris은(는) 남해서부에서 관찰·채집된 해양생물 소재로 사용할 수 있다.,해양생물 캐릭터와 바다 탐험 동화 소재,"생물의 이름, 서식 해역, 분류를 활용한 관찰 질문과 퀴즈",5-7;8-10,해양생물;Dietzia;maris;Mycobacteriales;>;Dietziaceae;남해서부;대한민국;제주특별자치도,126.407242,대한민국,,Mycobacteriales > Dietziaceae > Dietzia > Dietzia maris,33.212902,대한민국 제주특별자치도,2011-06-02,Dietzia maris,남해서부
국립해양생물자원관_해양생물 채집 공간정보,https://www.data.go.kr/data/15151832/openapi.do,2024-07-30,marine_life,얼룩덜룩갈줄고둥,Not assigned > Cerithiidae > Cerithium > Cerithium alutaceum,대한민국 제주특별자치도 서귀포시 성산읍 우도 남동쪽,대한민국; 남해서부; 대한민국 제주특별자치도 서귀포시 성산읍 우도 남동쪽,33.488998,126.995995,얼룩덜룩갈줄고둥은(는) 남해서부에서 관찰·채집된 해양생물 소재로 사용할 수 있다.,해양생물 캐릭터와 바다 탐험 동화 소재,"생물의 이름, 서식 해역, 분류를 활용한 관찰 질문과 퀴즈",5-7;8-10,해양생물;얼룩덜룩갈줄고둥;Cerithium;alutaceum;Not;assigned;>;Cerithiidae;남해서부;대한민국;제주특별자치도;서귀포시,126.995995,대한민국,얼룩덜룩갈줄고둥,Not assigned > Cerithiidae > Cerithium > Cerithium alutaceum,33.488998,대한민국 제주특별자치도 서귀포시 성산읍 우도 남동쪽,2024-07-30,Cerithium alutaceum,남해서부
국립해양생물자원관_해양생물 채집 공간정보,https://www.data.go.kr/data/15151832/openapi.do,2012-04-18,marine_life,상어껍질별벌레,Sipuncula > Phascolosomatidea > Phascolosomatida > Phascolosomatidae > Phascolosoma > Phascolosoma > Phascolosoma (Phascolosoma) scolops,대한민국 강원도 삼척시 원덕읍,대한민국; 동해중부; 대한민국 강원도 삼척시 원덕읍,37.219555,129.343811,상어껍질별벌레은(는) 동해중부에서 관찰·채집된 해양생물 소재로 사용할 수 있다.,해양생물 캐릭터와 바다 탐험 동화 소재,"생물의 이름, 서식 해역, 분류를 활용한 관찰 질문과 퀴즈",5-7;8-10,해양생물;상어껍질별벌레;Phascolosoma;(Phascolosoma);scolops;Sipuncula;>;Phascolosomatidea;Phascolosomatida;Phascolosomatidae;동해중부;대한민국,129.343811,대한민국,상어껍질별벌레,Sipuncula > Phascolosomatidea > Phascolosomatida > Phascolosomatidae > Phascolosoma > Phascolosoma > Phascolosoma (Phascolosoma) scolops,37.219555,대한민국 강원도 삼척시 원덕읍,2012-04-18,Phascolosoma (Phascolosoma) scolops,동해중부
국립해양생물자원관_해양생물 채집 공간정보,https://www.data.go.kr/data/15151832/openapi.do,2015-12-23,marine_life,구슬청각,Ulvophyceae > Bryopsidales > Codiaceae > Codium > Codium minus,대한민국 제주특별자치도 서귀포시 안덕면,대한민국; 남해서부; 대한민국 제주특별자치도 서귀포시 안덕면,33.219082,126.318726,구슬청각은(는) 남해서부에서 관찰·채집된 해양생물 소재로 사용할 수 있다.,해양생물 캐릭터와 바다 탐험 동화 소재,"생물의 이름, 서식 해역, 분류를 활용한 관찰 질문과 퀴즈",5-7;8-10,해양생물;구슬청각;Codium;minus;Ulvophyceae;>;Bryopsidales;Codiaceae;남해서부;대한민국;제주특별자치도;서귀포시,126.318726,대한민국,구슬청각,Ulvophyceae > Bryopsidales > Codiaceae > Codium > Codium minus,33.219082,대한민국 제주특별자치도 서귀포시 안덕면,2015-12-23,Codium minus,남해서부
국립해양생물자원관_해양생물 채집 공간정보,https://www.data.go.kr/data/15151832/openapi.do,2018-03-29,marine_life,마디잘록이,Rhodymeniales > Lomentariaceae > Fushitsunagia > Fushitsunagia catenata,대한민국 경상남도 남해군 미조면,대한민국; 남해동부; 대한민국 경상남도 남해군 미조면,34.704613,128.027054,마디잘록이은(는) 남해동부에서 관찰·채집된 해양생물 소재로 사용할 수 있다.,해양생물 캐릭터와 바다 탐험 동화 소재,"생물의 이름, 서식 해역, 분류를 활용한 관찰 질문과 퀴즈",5-7;8-10,해양생물;마디잘록이;Fushitsunagia;catenata;Rhodymeniales;>;Lomentariaceae;남해동부;대한민국;경상남도;남해군;미조면,128.027054,대한민국,마디잘록이,Rhodymeniales > Lomentariaceae > Fushitsunagia > Fushitsunagia catenata,34.704613,대한민국 경상남도 남해군 미조면,2018-03-29,Fushitsunagia catenata,남해동부
국립해양생물자원관_해양생물 채집 공간정보,https://www.data.go.kr/data/15151832/openapi.do,2016-06-01,marine_life,떨기나무새붉은실,Rhodophyta > Florideophyceae > Ceramiales > Rhodomelaceae > Melanothamnus > Melanothamnus japonicus,대한민국 제주특별자치도 제주시 구좌읍,대한민국; 남해서부; 대한민국 제주특별자치도 제주시 구좌읍,33.491108,126.911537,떨기나무새붉은실은(는) 남해서부에서 관찰·채집된 해양생물 소재로 사용할 수 있다.,해양생물 캐릭터와 바다 탐험 동화 소재,"생물의 이름, 서식 해역, 분류를 활용한 관찰 질문과 퀴즈",5-7;8-10,해양생물;떨기나무새붉은실;Melanothamnus;japonicus;Rhodophyta;>;Florideophyceae;Ceramiales;Rhodomelaceae;남해서부;대한민국;제주특별자치도,126.911537,대한민국,떨기나무새붉은실,Rhodophyta > Florideophyceae > Ceramiales > Rhodomelaceae > Melanothamnus > Melanothamnus japonicus,33.491108,대한민국 제주특별자치도 제주시 구좌읍,2016-06-01,Melanothamnus japonicus,남해서부
국립해양생물자원관_해양생물 채집 공간정보,https://www.data.go.kr/data/15151832/openapi.do,2011-06-02,marine_life,Qipengyuania flava,Sphingomonadales > Erythrobacteraceae > Qipengyuania > Qipengyuania flava,대한민국 제주근해,대한민국; 남해서부; 대한민국 제주근해,32.752979,125.917892,Qipengyuania flava은(는) 남해서부에서 관찰·채집된 해양생물 소재로 사용할 수 있다.,해양생물 캐릭터와 바다 탐험 동화 소재,"생물의 이름, 서식 해역, 분류를 활용한 관찰 질문과 퀴즈",5-7;8-10,해양생물;Qipengyuania;flava;Sphingomonadales;>;Erythrobacteraceae;남해서부;대한민국;제주근해,125.917892,대한민국,,Sphingomonadales > Erythrobacteraceae > Qipengyuania > Qipengyuania flava,32.752979,대한민국 제주근해,2011-06-02,Qipengyuania flava,남해서부
국립해양생물자원관_해양생물 채집 공간정보,https://www.data.go.kr/data/15151832/openapi.do,2011-06-02,marine_life,Halomonas zincidurans,Pseudomonadota > Gammaproteobacteria > Oceanospirillales > Halomonadaceae > Halomonas > Halomonas zincidurans,대한민국 제주근해,대한민국; 남해서부; 대한민국 제주근해,32.246227,125.414742,Halomonas zincidurans은(는) 남해서부에서 관찰·채집된 해양생물 소재로 사용할 수 있다.,해양생물 캐릭터와 바다 탐험 동화 소재,"생물의 이름, 서식 해역, 분류를 활용한 관찰 질문과 퀴즈",5-7;8-10,해양생물;Halomonas;zincidurans;Pseudomonadota;>;Gammaproteobacteria;Oceanospirillales;Halomonadaceae;남해서부;대한민국;제주근해,125.414742,대한민국,,Pseudomonadota > Gammaproteobacteria > Oceanospirillales > Halomonadaceae > Halomonas > Halomonas zincidurans,32.246227,대한민국 제주근해,2011-06-02,Halomonas zincidurans,남해서부
국립해양생물자원관_해양생물 채집 공간정보,https://www.data.go.kr/data/15151832/openapi.do,2011-06-03,marine_life,Winogradskyella sediminis,Winogradskyella sediminis,대한민국 제주특별자치도,대한민국; 남해서부; 대한민국 제주특별자치도,33.541252,126.438187,Winogradskyella sediminis은(는) 남해서부에서 관찰·채집된 해양생물 소재로 사용할 수 있다.,해양생물 캐릭터와 바다 탐험 동화 소재,"생물의 이름, 서식 해역, 분류를 활용한 관찰 질문과 퀴즈",5-7;8-10,해양생물;Winogradskyella;sediminis;남해서부;대한민국;제주특별자치도,126.438187,대한민국,,Winogradskyella sediminis,33.541252,대한민국 제주특별자치도,2011-06-03,Winogradskyella sediminis,남해서부
국립해양생물자원관_해양생물 채집 공간정보,https://www.data.go.kr/data/15151832/openapi.do,2021-03-02,marine_life,비단부채게,Sphaerozius nitidus,대한민국 충청남도 보령시 웅천읍 독산해수욕장,대한민국; 서해; 대한민국 충청남도 보령시 웅천읍 독산해수욕장,36.221111,126.527000,비단부채게은(는) 서해에서 관찰·채집된 해양생물 소재로 사용할 수 있다.,해양생물 캐릭터와 바다 탐험 동화 소재,"생물의 이름, 서식 해역, 분류를 활용한 관찰 질문과 퀴즈",5-7;8-10,해양생물;비단부채게;Sphaerozius;nitidus;서해;대한민국;충청남도;보령시;웅천읍;독산해수욕장,126.527000,대한민국,비단부채게,Sphaerozius nitidus,36.221111,대한민국 충청남도 보령시 웅천읍 독산해수욕장,2021-03-02,Sphaerozius nitidus,서해
국립해양생물자원관_해양생물 채집 공간정보,https://www.data.go.kr/data/15151832/openapi.do,2021-03-02,marine_life,비단부채게,Sphaerozius nitidus,대한민국 충청남도 보령시 웅천읍 독산해수욕장,대한민국; 서해; 대한민국 충청남도 보령시 웅천읍 독산해수욕장,36.221111,126.527000,비단부채게은(는) 서해에서 관찰·채집된 해양생물 소재로 사용할 수 있다.,해양생물 캐릭터와 바다 탐험 동화 소재,"생물의 이름, 서식 해역, 분류를 활용한 관찰 질문과 퀴즈",5-7;8-10,해양생물;비단부채게;Sphaerozius;nitidus;서해;대한민국;충청남도;보령시;웅천읍;독산해수욕장,126.527000,대한민국,비단부채게,Sphaerozius nitidus,36.221111,대한민국 충청남도 보령시 웅천읍 독산해수욕장,2021-03-02,Sphaerozius nitidus,서해
국립해양생물자원관_해양생물 채집 공간정보,https://www.data.go.kr/data/15151832/openapi.do,2015-10-09,marine_life,참복,Tetraodontiformes > Tetraodontidae > Takifugu > Takifugu chinensis,대한민국 전라북도 군산시,대한민국; 서해; 대한민국 전라북도 군산시,35.873272,125.068008,참복은(는) 서해에서 관찰·채집된 해양생물 소재로 사용할 수 있다.,해양생물 캐릭터와 바다 탐험 동화 소재,"생물의 이름, 서식 해역, 분류를 활용한 관찰 질문과 퀴즈",5-7;8-10,해양생물;참복;Takifugu;chinensis;Tetraodontiformes;>;Tetraodontidae;서해;대한민국;전라북도;군산시,125.068008,대한민국,참복,Tetraodontiformes > Tetraodontidae > Takifugu > Takifugu chinensis,35.873272,대한민국 전라북도 군산시,2015-10-09,Takifugu chinensis,서해
국립해양생물자원관_해양생물 채집 공간정보,https://www.data.go.kr/data/15151832/openapi.do,2011-08-31,marine_life,Exiguobacterium profundum,Exiguobacterium profundum,대한민국 전라남도 영광군,대한민국; 서해; 대한민국 전라남도 영광군,35.264629,126.339867,Exiguobacterium profundum은(는) 서해에서 관찰·채집된 해양생물 소재로 사용할 수 있다.,해양생물 캐릭터와 바다 탐험 동화 소재,"생물의 이름, 서식 해역, 분류를 활용한 관찰 질문과 퀴즈",5-7;8-10,해양생물;Exiguobacterium;profundum;서해;대한민국;전라남도;영광군,126.339867,대한민국,,Exiguobacterium profundum,35.264629,대한민국 전라남도 영광군,2011-08-31,Exiguobacterium profundum,서해
국립해양생물자원관_해양생물 채집 공간정보,https://www.data.go.kr/data/15151832/openapi.do,2011-08-31,marine_life,Salinivibrio costicola subsp. vallismortis,Vibrionales > Vibrionaceae > Salinivibrio > Salinivibrio costicola subsp. vallismortis,대한민국 전라남도 영광군,대한민국; 서해; 대한민국 전라남도 영광군,35.265373,126.339485,Salinivibrio costicola subsp. vallismortis은(는) 서해에서 관찰·채집된 해양생물 소재로 사용할 수 있다.,해양생물 캐릭터와 바다 탐험 동화 소재,"생물의 이름, 서식 해역, 분류를 활용한 관찰 질문과 퀴즈",5-7;8-10,해양생물;Salinivibrio;costicola;subsp.;vallismortis;Vibrionales;>;Vibrionaceae;서해;대한민국;전라남도;영광군,126.339485,대한민국,,Vibrionales > Vibrionaceae > Salinivibrio > Salinivibrio costicola subsp. vallismortis,35.265373,대한민국 전라남도 영광군,2011-08-31,Salinivibrio costicola subsp. vallismortis,서해
국립해양생물자원관_해양생물 채집 공간정보,https://www.data.go.kr/data/15151832/openapi.do,2015-03-28,marine_life,염주말,Ulvophyceae > Cladophorales > Cladophoraceae > Chaetomorpha > Chaetomorpha moniligera,대한민국 경상북도 포항시 북구 청하면,대한민국; 동해남부; 대한민국 경상북도 포항시 북구 청하면,36.185226,129.384506,염주말은(는) 동해남부에서 관찰·채집된 해양생물 소재로 사용할 수 있다.,해양생물 캐릭터와 바다 탐험 동화 소재,"생물의 이름, 서식 해역, 분류를 활용한 관찰 질문과 퀴즈",5-7;8-10,해양생물;염주말;Chaetomorpha;moniligera;Ulvophyceae;>;Cladophorales;Cladophoraceae;동해남부;대한민국;경상북도;포항시,129.384506,대한민국,염주말,Ulvophyceae > Cladophorales > Cladophoraceae > Chaetomorpha > Chaetomorpha moniligera,36.185226,대한민국 경상북도 포항시 북구 청하면,2015-03-28,Chaetomorpha moniligera,동해남부
국립해양생물자원관_해양생물 채집 공간정보,https://www.data.go.kr/data/15151832/openapi.do,2015-07-29,marine_life,갈색대마디말,Ulvophyceae > Cladophorales > Cladophoraceae > Cladophora > Cladophora wrightiana var. minor,대한민국 제주특별자치도 제주시 우도면,대한민국; 남해서부; 대한민국 제주특별자치도 제주시 우도면,33.505322,126.940918,갈색대마디말은(는) 남해서부에서 관찰·채집된 해양생물 소재로 사용할 수 있다.,해양생물 캐릭터와 바다 탐험 동화 소재,"생물의 이름, 서식 해역, 분류를 활용한 관찰 질문과 퀴즈",5-7;8-10,해양생물;갈색대마디말;Cladophora;wrightiana;var.;minor;Ulvophyceae;>;Cladophorales;Cladophoraceae;남해서부;대한민국,126.940918,대한민국,갈색대마디말,Ulvophyceae > Cladophorales > Cladophoraceae > Cladophora > Cladophora wrightiana var. minor,33.505322,대한민국 제주특별자치도 제주시 우도면,2015-07-29,Cladophora wrightiana var. minor,남해서부
국립해양생물자원관_해양생물 채집 공간정보,https://www.data.go.kr/data/15151832/openapi.do,2011-06-21,marine_life,Staphylococcus warneri,Staphylococcus warneri,대한민국 경상북도 울진군,대한민국; 동해중부; 대한민국 경상북도 울진군,37.100739,129.381134,Staphylococcus warneri은(는) 동해중부에서 관찰·채집된 해양생물 소재로 사용할 수 있다.,해양생물 캐릭터와 바다 탐험 동화 소재,"생물의 이름, 서식 해역, 분류를 활용한 관찰 질문과 퀴즈",5-7;8-10,해양생물;Staphylococcus;warneri;동해중부;대한민국;경상북도;울진군,129.381134,대한민국,,Staphylococcus warneri,37.100739,대한민국 경상북도 울진군,2011-06-21,Staphylococcus warneri,동해중부
국립해양생물자원관_해양생물 채집 공간정보,https://www.data.go.kr/data/15151832/openapi.do,2013-05-24,marine_life,청각,Ulvophyceae > Bryopsidales > Codiaceae > Codium > Codium fragile,대한민국 부산광역시 해운대구,대한민국; 동해남부; 대한민국 부산광역시 해운대구,35.160782,129.193710,청각은(는) 동해남부에서 관찰·채집된 해양생물 소재로 사용할 수 있다.,해양생물 캐릭터와 바다 탐험 동화 소재,"생물의 이름, 서식 해역, 분류를 활용한 관찰 질문과 퀴즈",5-7;8-10,해양생물;청각;Codium;fragile;Ulvophyceae;>;Bryopsidales;Codiaceae;동해남부;대한민국;부산광역시;해운대구,129.193710,대한민국,청각,Ulvophyceae > Bryopsidales > Codiaceae > Codium > Codium fragile,35.160782,대한민국 부산광역시 해운대구,2013-05-24,Codium fragile,동해남부
국립해양생물자원관_해양생물 채집 공간정보,https://www.data.go.kr/data/15151832/openapi.do,2013-03-27,marine_life,떡청각,Ulvophyceae > Bryopsidales > Codiaceae > Codium > Codium arabicum,대한민국 부산광역시 해운대구,대한민국; 동해남부; 대한민국 부산광역시 해운대구,35.160782,129.193710,떡청각은(는) 동해남부에서 관찰·채집된 해양생물 소재로 사용할 수 있다.,해양생물 캐릭터와 바다 탐험 동화 소재,"생물의 이름, 서식 해역, 분류를 활용한 관찰 질문과 퀴즈",5-7;8-10,해양생물;떡청각;Codium;arabicum;Ulvophyceae;>;Bryopsidales;Codiaceae;동해남부;대한민국;부산광역시;해운대구,129.193710,대한민국,떡청각,Ulvophyceae > Bryopsidales > Codiaceae > Codium > Codium arabicum,35.160782,대한민국 부산광역시 해운대구,2013-03-27,Codium arabicum,동해남부
국립해양생물자원관_해양생물 채집 공간정보,https://www.data.go.kr/data/15151832/openapi.do,2024-04-10,marine_life,비틀이바늘고둥,Mollusca > Gastropoda > Littorinimorpha > Eulimidae > Amamibalcis > Amamibalcis flavipunctata,대한민국 강원도 고성군 죽왕면 문암진리 문암항 금강산,대한민국; 동해중부; 대한민국 강원도 고성군 죽왕면 문암진리 문암항 금강산,38.301220,128.569672,비틀이바늘고둥은(는) 동해중부에서 관찰·채집된 해양생물 소재로 사용할 수 있다.,해양생물 캐릭터와 바다 탐험 동화 소재,"생물의 이름, 서식 해역, 분류를 활용한 관찰 질문과 퀴즈",5-7;8-10,해양생물;비틀이바늘고둥;Amamibalcis;flavipunctata;Mollusca;>;Gastropoda;Littorinimorpha;Eulimidae;동해중부;대한민국;강원도,128.569672,대한민국,비틀이바늘고둥,Mollusca > Gastropoda > Littorinimorpha > Eulimidae > Amamibalcis > Amamibalcis flavipunctata,38.301220,대한민국 강원도 고성군 죽왕면 문암진리 문암항 금강산,2024-04-10,Amamibalcis flavipunctata,동해중부
국립해양생물자원관_해양생물 채집 공간정보,https://www.data.go.kr/data/15151832/openapi.do,2015-03-23,marine_life,얼룩통구멍,Uranoscopus japonicus,대한민국 제주특별자치도 제주시,대한민국; 남해서부; 대한민국 제주특별자치도 제주시,33.586716,126.072533,얼룩통구멍은(는) 남해서부에서 관찰·채집된 해양생물 소재로 사용할 수 있다.,해양생물 캐릭터와 바다 탐험 동화 소재,"생물의 이름, 서식 해역, 분류를 활용한 관찰 질문과 퀴즈",5-7;8-10,해양생물;얼룩통구멍;Uranoscopus;japonicus;남해서부;대한민국;제주특별자치도;제주시,126.072533,대한민국,얼룩통구멍,Uranoscopus japonicus,33.586716,대한민국 제주특별자치도 제주시,2015-03-23,Uranoscopus japonicus,남해서부
국립해양생물자원관_해양생물 채집 공간정보,https://www.data.go.kr/data/15151832/openapi.do,2015-10-13,marine_life,옥덩굴,Ulvophyceae > Bryopsidales > Caulerpaceae > Caulerpa > Caulerpa okamurae,대한민국 경상북도 울릉군 울릉읍,대한민국; 동해중부; 대한민국 경상북도 울릉군 울릉읍,37.239933,131.865097,옥덩굴은(는) 동해중부에서 관찰·채집된 해양생물 소재로 사용할 수 있다.,해양생물 캐릭터와 바다 탐험 동화 소재,"생물의 이름, 서식 해역, 분류를 활용한 관찰 질문과 퀴즈",5-7;8-10,해양생물;옥덩굴;Caulerpa;okamurae;Ulvophyceae;>;Bryopsidales;Caulerpaceae;동해중부;대한민국;경상북도;울릉군,131.865097,대한민국,옥덩굴,Ulvophyceae > Bryopsidales > Caulerpaceae > Caulerpa > Caulerpa okamurae,37.239933,대한민국 경상북도 울릉군 울릉읍,2015-10-13,Caulerpa okamurae,동해중부
국립해양생물자원관_해양생물 채집 공간정보,https://www.data.go.kr/data/15151832/openapi.do,2015-10-19,marine_life,짱뚱어,Teleostei > Perciformes > Gobiidae > Boleophthalmus > Boleophthalmus pectinirostris,대한민국 전라남도 신안군,대한민국; 서해; 대한민국 전라남도 신안군,35.115391,126.115044,짱뚱어은(는) 서해에서 관찰·채집된 해양생물 소재로 사용할 수 있다.,해양생물 캐릭터와 바다 탐험 동화 소재,"생물의 이름, 서식 해역, 분류를 활용한 관찰 질문과 퀴즈",5-7;8-10,해양생물;짱뚱어;Boleophthalmus;pectinirostris;Teleostei;>;Perciformes;Gobiidae;서해;대한민국;전라남도;신안군,126.115044,대한민국,짱뚱어,Teleostei > Perciformes > Gobiidae > Boleophthalmus > Boleophthalmus pectinirostris,35.115391,대한민국 전라남도 신안군,2015-10-19,Boleophthalmus pectinirostris,서해
국립해양생물자원관_해양생물 채집 공간정보,https://www.data.go.kr/data/15151832/openapi.do,2011-06-21,marine_life,Shewanella algae,Shewanellaceae > Shewanella > Shewanella algae,대한민국 경상북도 울진군,대한민국; 동해중부; 대한민국 경상북도 울진군,37.100739,129.381134,Shewanella algae은(는) 동해중부에서 관찰·채집된 해양생물 소재로 사용할 수 있다.,해양생물 캐릭터와 바다 탐험 동화 소재,"생물의 이름, 서식 해역, 분류를 활용한 관찰 질문과 퀴즈",5-7;8-10,해양생물;Shewanella;algae;Shewanellaceae;>;동해중부;대한민국;경상북도;울진군,129.381134,대한민국,,Shewanellaceae > Shewanella > Shewanella algae,37.100739,대한민국 경상북도 울진군,2011-06-21,Shewanella algae,동해중부
국립해양생물자원관_해양생물 채집 공간정보,https://www.data.go.kr/data/15151832/openapi.do,2011-08-31,marine_life,Porphyrobacter tepidarius,Sphingomonadales > Erythrobacteraceae > Porphyrobacter > Porphyrobacter tepidarius,대한민국 전라남도 영광군 백수읍 백암리,대한민국; 서해; 대한민국 전라남도 영광군 백수읍 백암리,35.261219,126.341934,Porphyrobacter tepidarius은(는) 서해에서 관찰·채집된 해양생물 소재로 사용할 수 있다.,해양생물 캐릭터와 바다 탐험 동화 소재,"생물의 이름, 서식 해역, 분류를 활용한 관찰 질문과 퀴즈",5-7;8-10,해양생물;Porphyrobacter;tepidarius;Sphingomonadales;>;Erythrobacteraceae;서해;대한민국;전라남도;영광군;백수읍;백암리,126.341934,대한민국,,Sphingomonadales > Erythrobacteraceae > Porphyrobacter > Porphyrobacter tepidarius,35.261219,대한민국 전라남도 영광군 백수읍 백암리,2011-08-31,Porphyrobacter tepidarius,서해
국립해양생물자원관_해양생물 채집 공간정보,https://www.data.go.kr/data/15151832/openapi.do,2015-10-07,marine_life,큰비늘숭어,Teleostei > Mugiliformes > Mugilidae > Planiliza > Planiliza macrolepis,대한민국 제주특별자치도 서귀포시,대한민국; 남해서부; 대한민국 제주특별자치도 서귀포시,33.233166,126.376389,큰비늘숭어은(는) 남해서부에서 관찰·채집된 해양생물 소재로 사용할 수 있다.,해양생물 캐릭터와 바다 탐험 동화 소재,"생물의 이름, 서식 해역, 분류를 활용한 관찰 질문과 퀴즈",5-7;8-10,해양생물;큰비늘숭어;Planiliza;macrolepis;Teleostei;>;Mugiliformes;Mugilidae;남해서부;대한민국;제주특별자치도;서귀포시,126.376389,대한민국,큰비늘숭어,Teleostei > Mugiliformes > Mugilidae > Planiliza > Planiliza macrolepis,33.233166,대한민국 제주특별자치도 서귀포시,2015-10-07,Planiliza macrolepis,남해서부
국립해양생물자원관_해양생물 채집 공간정보,https://www.data.go.kr/data/15151832/openapi.do,2015-12-23,marine_life,전기가오리,Torpediniformes > Narkidae > Narke > Narke japonica,대한민국 제주특별자치도 서귀포시,대한민국; 남해서부; 대한민국 제주특별자치도 서귀포시,33.643475,127.392639,전기가오리은(는) 남해서부에서 관찰·채집된 해양생물 소재로 사용할 수 있다.,해양생물 캐릭터와 바다 탐험 동화 소재,"생물의 이름, 서식 해역, 분류를 활용한 관찰 질문과 퀴즈",5-7;8-10,해양생물;전기가오리;Narke;japonica;Torpediniformes;>;Narkidae;남해서부;대한민국;제주특별자치도;서귀포시,127.392639,대한민국,전기가오리,Torpediniformes > Narkidae > Narke > Narke japonica,33.643475,대한민국 제주특별자치도 서귀포시,2015-12-23,Narke japonica,남해서부
국립해양생물자원관_해양생물 채집 공간정보,https://www.data.go.kr/data/15151832/openapi.do,2011-08-31,marine_life,Vibrio sinaloensis,Vibrionales > Vibrionaceae > Vibrio > Vibrio sinaloensis,대한민국 전라남도 영광군 백수읍 백암리,대한민국; 서해; 대한민국 전라남도 영광군 백수읍 백암리,35.310436,126.375099,Vibrio sinaloensis은(는) 서해에서 관찰·채집된 해양생물 소재로 사용할 수 있다.,해양생물 캐릭터와 바다 탐험 동화 소재,"생물의 이름, 서식 해역, 분류를 활용한 관찰 질문과 퀴즈",5-7;8-10,해양생물;Vibrio;sinaloensis;Vibrionales;>;Vibrionaceae;서해;대한민국;전라남도;영광군;백수읍;백암리,126.375099,대한민국,,Vibrionales > Vibrionaceae > Vibrio > Vibrio sinaloensis,35.310436,대한민국 전라남도 영광군 백수읍 백암리,2011-08-31,Vibrio sinaloensis,서해
국립해양생물자원관_해양생물 채집 공간정보,https://www.data.go.kr/data/15151832/openapi.do,2016-08-16,marine_life,검은새다래,Teleostei > Perciformes > Bramidae > Taractes > Taractes rubescens,대한민국 경상북도 포항시,대한민국; 동해남부; 대한민국 경상북도 포항시,36.094219,129.486557,검은새다래은(는) 동해남부에서 관찰·채집된 해양생물 소재로 사용할 수 있다.,해양생물 캐릭터와 바다 탐험 동화 소재,"생물의 이름, 서식 해역, 분류를 활용한 관찰 질문과 퀴즈",5-7;8-10,해양생물;검은새다래;Taractes;rubescens;Teleostei;>;Perciformes;Bramidae;동해남부;대한민국;경상북도;포항시,129.486557,대한민국,검은새다래,Teleostei > Perciformes > Bramidae > Taractes > Taractes rubescens,36.094219,대한민국 경상북도 포항시,2016-08-16,Taractes rubescens,동해남부
국립해양생물자원관_해양생물 채집 공간정보,https://www.data.go.kr/data/15151832/openapi.do,2011-09-09,marine_life,Penilia avirostris,Sididae > Penilia > Penilia avirostris,대한민국 전라남도 광양시,대한민국; 남해서부; 대한민국 전라남도 광양시,34.902287,127.733376,Penilia avirostris은(는) 남해서부에서 관찰·채집된 해양생물 소재로 사용할 수 있다.,해양생물 캐릭터와 바다 탐험 동화 소재,"생물의 이름, 서식 해역, 분류를 활용한 관찰 질문과 퀴즈",5-7;8-10,해양생물;Penilia;avirostris;Sididae;>;남해서부;대한민국;전라남도;광양시,127.733376,대한민국,,Sididae > Penilia > Penilia avirostris,34.902287,대한민국 전라남도 광양시,2011-09-09,Penilia avirostris,남해서부
국립해양생물자원관_해양생물 채집 공간정보,https://www.data.go.kr/data/15151832/openapi.do,2016-01-07,marine_life,황돔,Teleostei > Perciformes > Sparidae > Dentex > Dentex hypselosomus,대한민국 제주특별자치도 서귀포시,대한민국; 남해서부; 대한민국 제주특별자치도 서귀포시,33.103218,127.148613,황돔은(는) 남해서부에서 관찰·채집된 해양생물 소재로 사용할 수 있다.,해양생물 캐릭터와 바다 탐험 동화 소재,"생물의 이름, 서식 해역, 분류를 활용한 관찰 질문과 퀴즈",5-7;8-10,해양생물;황돔;Dentex;hypselosomus;Teleostei;>;Perciformes;Sparidae;남해서부;대한민국;제주특별자치도;서귀포시,127.148613,대한민국,황돔,Teleostei > Perciformes > Sparidae > Dentex > Dentex hypselosomus,33.103218,대한민국 제주특별자치도 서귀포시,2016-01-07,Dentex hypselosomus,남해서부
국립해양생물자원관_해양생물 채집 공간정보,https://www.data.go.kr/data/15151832/openapi.do,2016-01-13,marine_life,고등어,Teleostei > Perciformes > Scombridae > Scomber > Scomber japonicus,대한민국 전라남도 여수시,대한민국; 남해동부; 대한민국 전라남도 여수시,34.206280,127.846413,고등어은(는) 남해동부에서 관찰·채집된 해양생물 소재로 사용할 수 있다.,해양생물 캐릭터와 바다 탐험 동화 소재,"생물의 이름, 서식 해역, 분류를 활용한 관찰 질문과 퀴즈",5-7;8-10,해양생물;고등어;Scomber;japonicus;Teleostei;>;Perciformes;Scombridae;남해동부;대한민국;전라남도;여수시,127.846413,대한민국,고등어,Teleostei > Perciformes > Scombridae > Scomber > Scomber japonicus,34.206280,대한민국 전라남도 여수시,2016-01-13,Scomber japonicus,남해동부
국립해양생물자원관_해양생물 채집 공간정보,https://www.data.go.kr/data/15151832/openapi.do,2011-09-09,marine_life,Penilia avirostris,Sididae > Penilia > Penilia avirostris,대한민국 전라남도 광양시,대한민국; 남해서부; 대한민국 전라남도 광양시,34.884762,127.619453,Penilia avirostris은(는) 남해서부에서 관찰·채집된 해양생물 소재로 사용할 수 있다.,해양생물 캐릭터와 바다 탐험 동화 소재,"생물의 이름, 서식 해역, 분류를 활용한 관찰 질문과 퀴즈",5-7;8-10,해양생물;Penilia;avirostris;Sididae;>;남해서부;대한민국;전라남도;광양시,127.619453,대한민국,,Sididae > Penilia > Penilia avirostris,34.884762,대한민국 전라남도 광양시,2011-09-09,Penilia avirostris,남해서부
국립해양생물자원관_해양생물 채집 공간정보,https://www.data.go.kr/data/15151832/openapi.do,2011-08-13,marine_life,가는낫노벌레,Copepoda > Calanoida > Centropagidae > Centropages > Centropages tenuiremis,대한민국 전라북도 군산시,대한민국; 서해; 대한민국 전라북도 군산시,35.956711,125.688057,가는낫노벌레은(는) 서해에서 관찰·채집된 해양생물 소재로 사용할 수 있다.,해양생물 캐릭터와 바다 탐험 동화 소재,"생물의 이름, 서식 해역, 분류를 활용한 관찰 질문과 퀴즈",5-7;8-10,해양생물;가는낫노벌레;Centropages;tenuiremis;Copepoda;>;Calanoida;Centropagidae;서해;대한민국;전라북도;군산시,125.688057,대한민국,가는낫노벌레,Copepoda > Calanoida > Centropagidae > Centropages > Centropages tenuiremis,35.956711,대한민국 전라북도 군산시,2011-08-13,Centropages tenuiremis,서해
국립해양생물자원관_해양생물 채집 공간정보,https://www.data.go.kr/data/15151832/openapi.do,2011-08-13,marine_life,가는낫노벌레,Copepoda > Calanoida > Centropagidae > Centropages > Centropages tenuiremis,대한민국 전라북도 군산시,대한민국; 서해; 대한민국 전라북도 군산시,36.005562,125.639061,가는낫노벌레은(는) 서해에서 관찰·채집된 해양생물 소재로 사용할 수 있다.,해양생물 캐릭터와 바다 탐험 동화 소재,"생물의 이름, 서식 해역, 분류를 활용한 관찰 질문과 퀴즈",5-7;8-10,해양생물;가는낫노벌레;Centropages;tenuiremis;Copepoda;>;Calanoida;Centropagidae;서해;대한민국;전라북도;군산시,125.639061,대한민국,가는낫노벌레,Copepoda > Calanoida > Centropagidae > Centropages > Centropages tenuiremis,36.005562,대한민국 전라북도 군산시,2011-08-13,Centropages tenuiremis,서해
국립해양생물자원관_해양생물 채집 공간정보,https://www.data.go.kr/data/15151832/openapi.do,2011-08-31,marine_life,Vibrio campbellii,Vibrionales > Vibrionaceae > Vibrio > Vibrio campbellii,대한민국 충청남도 태안군 소원면 의항리,대한민국; 서해; 대한민국 충청남도 태안군 소원면 의항리,36.844147,126.160034,Vibrio campbellii은(는) 서해에서 관찰·채집된 해양생물 소재로 사용할 수 있다.,해양생물 캐릭터와 바다 탐험 동화 소재,"생물의 이름, 서식 해역, 분류를 활용한 관찰 질문과 퀴즈",5-7;8-10,해양생물;Vibrio;campbellii;Vibrionales;>;Vibrionaceae;서해;대한민국;충청남도;태안군;소원면;의항리,126.160034,대한민국,,Vibrionales > Vibrionaceae > Vibrio > Vibrio campbellii,36.844147,대한민국 충청남도 태안군 소원면 의항리,2011-08-31,Vibrio campbellii,서해
국립해양생물자원관_해양생물 채집 공간정보,https://www.data.go.kr/data/15151832/openapi.do,2005-06-29,marine_life,Leeuwenhoekiella marinoflava,Leeuwenhoekiella marinoflava,대한민국 강원도 고성군,대한민국; 동해중부; 대한민국 강원도 고성군,38.337650,128.559052,Leeuwenhoekiella marinoflava은(는) 동해중부에서 관찰·채집된 해양생물 소재로 사용할 수 있다.,해양생물 캐릭터와 바다 탐험 동화 소재,"생물의 이름, 서식 해역, 분류를 활용한 관찰 질문과 퀴즈",5-7;8-10,해양생물;Leeuwenhoekiella;marinoflava;동해중부;대한민국;강원도;고성군,128.559052,대한민국,,Leeuwenhoekiella marinoflava,38.337650,대한민국 강원도 고성군,2005-06-29,Leeuwenhoekiella marinoflava,동해중부
국립해양생물자원관_해양생물 채집 공간정보,https://www.data.go.kr/data/15151832/openapi.do,2014-08-28,marine_life,용치놀래기,Teleostei > Perciformes > Labridae > Parajulis > Parajulis poecilepterus,대한민국 제주특별자치도 제주시,대한민국; 남해서부; 대한민국 제주특별자치도 제주시,33.306789,126.153854,용치놀래기은(는) 남해서부에서 관찰·채집된 해양생물 소재로 사용할 수 있다.,해양생물 캐릭터와 바다 탐험 동화 소재,"생물의 이름, 서식 해역, 분류를 활용한 관찰 질문과 퀴즈",5-7;8-10,해양생물;용치놀래기;Parajulis;poecilepterus;Teleostei;>;Perciformes;Labridae;남해서부;대한민국;제주특별자치도;제주시,126.153854,대한민국,용치놀래기,Teleostei > Perciformes > Labridae > Parajulis > Parajulis poecilepterus,33.306789,대한민국 제주특별자치도 제주시,2014-08-28,Parajulis poecilepterus,남해서부
국립해양생물자원관_해양생물 채집 공간정보,https://www.data.go.kr/data/15151832/openapi.do,2011-08-27,marine_life,중국노벌레,Copepoda > Calanoida > Calanidae > Calanus > Calanus sinicus,대한민국 제주특별자치도 서귀포시,대한민국; 남해서부; 대한민국 제주특별자치도 서귀포시,33.199329,126.511826,중국노벌레은(는) 남해서부에서 관찰·채집된 해양생물 소재로 사용할 수 있다.,해양생물 캐릭터와 바다 탐험 동화 소재,"생물의 이름, 서식 해역, 분류를 활용한 관찰 질문과 퀴즈",5-7;8-10,해양생물;중국노벌레;Calanus;sinicus;Copepoda;>;Calanoida;Calanidae;남해서부;대한민국;제주특별자치도;서귀포시,126.511826,대한민국,중국노벌레,Copepoda > Calanoida > Calanidae > Calanus > Calanus sinicus,33.199329,대한민국 제주특별자치도 서귀포시,2011-08-27,Calanus sinicus,남해서부
국립해양생물자원관_해양생물 채집 공간정보,https://www.data.go.kr/data/15151832/openapi.do,2011-05-15,marine_life,중국노벌레,Copepoda > Calanoida > Calanidae > Calanus > Calanus sinicus,대한민국 전라남도 진도군,대한민국; 남해서부; 대한민국 전라남도 진도군,34.330208,126.176643,중국노벌레은(는) 남해서부에서 관찰·채집된 해양생물 소재로 사용할 수 있다.,해양생물 캐릭터와 바다 탐험 동화 소재,"생물의 이름, 서식 해역, 분류를 활용한 관찰 질문과 퀴즈",5-7;8-10,해양생물;중국노벌레;Calanus;sinicus;Copepoda;>;Calanoida;Calanidae;남해서부;대한민국;전라남도;진도군,126.176643,대한민국,중국노벌레,Copepoda > Calanoida > Calanidae > Calanus > Calanus sinicus,34.330208,대한민국 전라남도 진도군,2011-05-15,Calanus sinicus,남해서부
국립해양생물자원관_해양생물 채집 공간정보,https://www.data.go.kr/data/15151832/openapi.do,2018-02-08,marine_life,잔가시뿔고둥,Neogastropoda > Muricidae > Lataxiena > Lataxiena fimbriata,대한민국 경상북도 경주시 감포읍 전촌리 전촌항 왼쪽 조간대,대한민국; 동해남부; 대한민국 경상북도 경주시 감포읍 전촌리 전촌항 왼쪽 조간대,35.791115,129.497101,잔가시뿔고둥은(는) 동해남부에서 관찰·채집된 해양생물 소재로 사용할 수 있다.,해양생물 캐릭터와 바다 탐험 동화 소재,"생물의 이름, 서식 해역, 분류를 활용한 관찰 질문과 퀴즈",5-7;8-10,해양생물;잔가시뿔고둥;Lataxiena;fimbriata;Neogastropoda;>;Muricidae;동해남부;대한민국;경상북도;경주시;감포읍,129.497101,대한민국,잔가시뿔고둥,Neogastropoda > Muricidae > Lataxiena > Lataxiena fimbriata,35.791115,대한민국 경상북도 경주시 감포읍 전촌리 전촌항 왼쪽 조간대,2018-02-08,Lataxiena fimbriata,동해남부
국립해양생물자원관_해양생물 채집 공간정보,https://www.data.go.kr/data/15151832/openapi.do,2005-09-09,marine_life,Vibrio variabilis,Vibrionales > Vibrionaceae > Vibrio > Vibrio variabilis,대한민국 인천광역시,대한민국; 서해; 대한민국 인천광역시,37.175667,126.157501,Vibrio variabilis은(는) 서해에서 관찰·채집된 해양생물 소재로 사용할 수 있다.,해양생물 캐릭터와 바다 탐험 동화 소재,"생물의 이름, 서식 해역, 분류를 활용한 관찰 질문과 퀴즈",5-7;8-10,해양생물;Vibrio;variabilis;Vibrionales;>;Vibrionaceae;서해;대한민국;인천광역시,126.157501,대한민국,,Vibrionales > Vibrionaceae > Vibrio > Vibrio variabilis,37.175667,대한민국 인천광역시,2005-09-09,Vibrio variabilis,서해
국립해양생물자원관_해양생물 채집 공간정보,https://www.data.go.kr/data/15151832/openapi.do,2006-09-07,marine_life,Algoriphagus formosus,Cytophagia > Cytophagales > Cyclobacteriaceae > Algoriphagus > Algoriphagus formosus,대한민국 인천광역시 중구,대한민국; 서해; 대한민국 인천광역시 중구,37.462223,126.499718,Algoriphagus formosus은(는) 서해에서 관찰·채집된 해양생물 소재로 사용할 수 있다.,해양생물 캐릭터와 바다 탐험 동화 소재,"생물의 이름, 서식 해역, 분류를 활용한 관찰 질문과 퀴즈",5-7;8-10,해양생물;Algoriphagus;formosus;Cytophagia;>;Cytophagales;Cyclobacteriaceae;서해;대한민국;인천광역시;중구,126.499718,대한민국,,Cytophagia > Cytophagales > Cyclobacteriaceae > Algoriphagus > Algoriphagus formosus,37.462223,대한민국 인천광역시 중구,2006-09-07,Algoriphagus formosus,서해
국립해양생물자원관_해양생물 채집 공간정보,https://www.data.go.kr/data/15151832/openapi.do,2021-01-12,marine_life,Aspergillus unguis,Fungi > Ascomycota > Eurotiomycetes > Eurotiales > Aspergillaceae > Aspergillus > Aspergillus unguis,대한민국 남해,대한민국; 남해서부; 대한민국 남해,34.847721,127.492165,Aspergillus unguis은(는) 남해서부에서 관찰·채집된 해양생물 소재로 사용할 수 있다.,해양생물 캐릭터와 바다 탐험 동화 소재,"생물의 이름, 서식 해역, 분류를 활용한 관찰 질문과 퀴즈",5-7;8-10,해양생물;Aspergillus;unguis;Fungi;>;Ascomycota;Eurotiomycetes;Eurotiales;Aspergillaceae;남해서부;대한민국;남해,127.492165,대한민국,,Fungi > Ascomycota > Eurotiomycetes > Eurotiales > Aspergillaceae > Aspergillus > Aspergillus unguis,34.847721,대한민국 남해,2021-01-12,Aspergillus unguis,남해서부
국립해양생물자원관_해양생물 채집 공간정보,https://www.data.go.kr/data/15151832/openapi.do,2015-09-22,marine_life,Oncholaimus tripapillatus,Oncholaimus tripapillatus,대한민국 경상북도 울릉군 울릉읍 조하대,대한민국; 동해중부; 대한민국 경상북도 울릉군 울릉읍 조하대,37.239166,131.867783,Oncholaimus tripapillatus은(는) 동해중부에서 관찰·채집된 해양생물 소재로 사용할 수 있다.,해양생물 캐릭터와 바다 탐험 동화 소재,"생물의 이름, 서식 해역, 분류를 활용한 관찰 질문과 퀴즈",5-7;8-10,해양생물;Oncholaimus;tripapillatus;동해중부;대한민국;경상북도;울릉군;울릉읍;조하대,131.867783,대한민국,,Oncholaimus tripapillatus,37.239166,대한민국 경상북도 울릉군 울릉읍 조하대,2015-09-22,Oncholaimus tripapillatus,동해중부
국립해양생물자원관_해양생물 채집 공간정보,https://www.data.go.kr/data/15151832/openapi.do,2015-09-22,marine_life,Oncholaimus tripapillatus,Oncholaimus tripapillatus,대한민국 경상북도 울릉군 울릉읍 조하대,대한민국; 동해중부; 대한민국 경상북도 울릉군 울릉읍 조하대,37.239166,131.867783,Oncholaimus tripapillatus은(는) 동해중부에서 관찰·채집된 해양생물 소재로 사용할 수 있다.,해양생물 캐릭터와 바다 탐험 동화 소재,"생물의 이름, 서식 해역, 분류를 활용한 관찰 질문과 퀴즈",5-7;8-10,해양생물;Oncholaimus;tripapillatus;동해중부;대한민국;경상북도;울릉군;울릉읍;조하대,131.867783,대한민국,,Oncholaimus tripapillatus,37.239166,대한민국 경상북도 울릉군 울릉읍 조하대,2015-09-22,Oncholaimus tripapillatus,동해중부
국립해양생물자원관_해양생물 채집 공간정보,https://www.data.go.kr/data/15151832/openapi.do,2011-05-20,marine_life,산뜻참센털노벌레,Euchaetidae > Euchaeta > Euchaeta concinna,대한민국 경상북도 영덕군,대한민국; 동해남부; 대한민국 경상북도 영덕군,36.465519,129.589188,산뜻참센털노벌레은(는) 동해남부에서 관찰·채집된 해양생물 소재로 사용할 수 있다.,해양생물 캐릭터와 바다 탐험 동화 소재,"생물의 이름, 서식 해역, 분류를 활용한 관찰 질문과 퀴즈",5-7;8-10,해양생물;산뜻참센털노벌레;Euchaeta;concinna;Euchaetidae;>;동해남부;대한민국;경상북도;영덕군,129.589188,대한민국,산뜻참센털노벌레,Euchaetidae > Euchaeta > Euchaeta concinna,36.465519,대한민국 경상북도 영덕군,2011-05-20,Euchaeta concinna,동해남부
국립해양생물자원관_해양생물 채집 공간정보,https://www.data.go.kr/data/15151832/openapi.do,2016-02-18,marine_life,Chromadorita abnormis,Nematoda > Chromadorea > Chromadorida > Chromadoridae > Chromadorita > Chromadorita abnormis,대한민국 전라남도 진도군 의신면 조간대,대한민국; 남해서부; 대한민국 전라남도 진도군 의신면 조간대,34.395836,126.275284,Chromadorita abnormis은(는) 남해서부에서 관찰·채집된 해양생물 소재로 사용할 수 있다.,해양생물 캐릭터와 바다 탐험 동화 소재,"생물의 이름, 서식 해역, 분류를 활용한 관찰 질문과 퀴즈",5-7;8-10,해양생물;Chromadorita;abnormis;Nematoda;>;Chromadorea;Chromadorida;Chromadoridae;남해서부;대한민국;전라남도;진도군,126.275284,대한민국,,Nematoda > Chromadorea > Chromadorida > Chromadoridae > Chromadorita > Chromadorita abnormis,34.395836,대한민국 전라남도 진도군 의신면 조간대,2016-02-18,Chromadorita abnormis,남해서부
국립해양생물자원관_해양생물 채집 공간정보,https://www.data.go.kr/data/15151832/openapi.do,2015-07-03,marine_life,Penicillium kongii,Penicillium kongii,대한민국 제주특별자치도 제주시 구좌읍,대한민국; 남해서부; 대한민국 제주특별자치도 제주시 구좌읍,33.512638,126.898994,Penicillium kongii은(는) 남해서부에서 관찰·채집된 해양생물 소재로 사용할 수 있다.,해양생물 캐릭터와 바다 탐험 동화 소재,"생물의 이름, 서식 해역, 분류를 활용한 관찰 질문과 퀴즈",5-7;8-10,해양생물;Penicillium;kongii;남해서부;대한민국;제주특별자치도;제주시;구좌읍,126.898994,대한민국,,Penicillium kongii,33.512638,대한민국 제주특별자치도 제주시 구좌읍,2015-07-03,Penicillium kongii,남해서부
국립해양생물자원관_해양생물 채집 공간정보,https://www.data.go.kr/data/15151832/openapi.do,2012-05-25,marine_life,Marinobacter adhaerens,Pseudomonadota > Gammaproteobacteria > Alteromonadales > Alteromonadaceae > Marinobacter > Marinobacter adhaerens,대한민국 충청남도 태안군 이원면 원이로,대한민국; 서해; 대한민국 충청남도 태안군 이원면 원이로,36.946388,126.303612,Marinobacter adhaerens은(는) 서해에서 관찰·채집된 해양생물 소재로 사용할 수 있다.,해양생물 캐릭터와 바다 탐험 동화 소재,"생물의 이름, 서식 해역, 분류를 활용한 관찰 질문과 퀴즈",5-7;8-10,해양생물;Marinobacter;adhaerens;Pseudomonadota;>;Gammaproteobacteria;Alteromonadales;Alteromonadaceae;서해;대한민국;충청남도;태안군,126.303612,대한민국,,Pseudomonadota > Gammaproteobacteria > Alteromonadales > Alteromonadaceae > Marinobacter > Marinobacter adhaerens,36.946388,대한민국 충청남도 태안군 이원면 원이로,2012-05-25,Marinobacter adhaerens,서해
국립해양생물자원관_해양생물 채집 공간정보,https://www.data.go.kr/data/15151832/openapi.do,2021-05-12,marine_life,열한가시밤게,Pleocyemata > Brachyura > Leucosioidea > Leucosiidae > Ebaliinae > Arcania > Arcania undecimspinosa,대한민국 충청남도 보령시 웅천읍 용섬,대한민국; 서해; 대한민국 충청남도 보령시 웅천읍 용섬,36.265800,126.369797,열한가시밤게은(는) 서해에서 관찰·채집된 해양생물 소재로 사용할 수 있다.,해양생물 캐릭터와 바다 탐험 동화 소재,"생물의 이름, 서식 해역, 분류를 활용한 관찰 질문과 퀴즈",5-7;8-10,해양생물;열한가시밤게;Arcania;undecimspinosa;Pleocyemata;>;Brachyura;Leucosioidea;Leucosiidae;Ebaliinae;서해;대한민국,126.369797,대한민국,열한가시밤게,Pleocyemata > Brachyura > Leucosioidea > Leucosiidae > Ebaliinae > Arcania > Arcania undecimspinosa,36.265800,대한민국 충청남도 보령시 웅천읍 용섬,2021-05-12,Arcania undecimspinosa,서해
국립해양생물자원관_해양생물 채집 공간정보,https://www.data.go.kr/data/15151832/openapi.do,2012-05-25,marine_life,Halomonas salicampi,Pseudomonadota > Gammaproteobacteria > Oceanospirillales > Halomonadaceae > Halomonas > Halomonas salicampi,대한민국 충청남도 태안군 이원면 원이로,대한민국; 서해; 대한민국 충청남도 태안군 이원면 원이로,36.946388,126.303612,Halomonas salicampi은(는) 서해에서 관찰·채집된 해양생물 소재로 사용할 수 있다.,해양생물 캐릭터와 바다 탐험 동화 소재,"생물의 이름, 서식 해역, 분류를 활용한 관찰 질문과 퀴즈",5-7;8-10,해양생물;Halomonas;salicampi;Pseudomonadota;>;Gammaproteobacteria;Oceanospirillales;Halomonadaceae;서해;대한민국;충청남도;태안군,126.303612,대한민국,,Pseudomonadota > Gammaproteobacteria > Oceanospirillales > Halomonadaceae > Halomonas > Halomonas salicampi,36.946388,대한민국 충청남도 태안군 이원면 원이로,2012-05-25,Halomonas salicampi,서해
국립해양생물자원관_해양생물 채집 공간정보,https://www.data.go.kr/data/15151832/openapi.do,2012-05-25,marine_life,Halomonas gomseomensis,Pseudomonadota > Gammaproteobacteria > Oceanospirillales > Halomonadaceae > Halomonas > Halomonas gomseomensis,대한민국 충청남도 태안군 이원면 원이로,대한민국; 서해; 대한민국 충청남도 태안군 이원면 원이로,36.946388,126.303612,Halomonas gomseomensis은(는) 서해에서 관찰·채집된 해양생물 소재로 사용할 수 있다.,해양생물 캐릭터와 바다 탐험 동화 소재,"생물의 이름, 서식 해역, 분류를 활용한 관찰 질문과 퀴즈",5-7;8-10,해양생물;Halomonas;gomseomensis;Pseudomonadota;>;Gammaproteobacteria;Oceanospirillales;Halomonadaceae;서해;대한민국;충청남도;태안군,126.303612,대한민국,,Pseudomonadota > Gammaproteobacteria > Oceanospirillales > Halomonadaceae > Halomonas > Halomonas gomseomensis,36.946388,대한민국 충청남도 태안군 이원면 원이로,2012-05-25,Halomonas gomseomensis,서해
국립해양생물자원관_해양생물 채집 공간정보,https://www.data.go.kr/data/15151832/openapi.do,2011-10-14,marine_life,각시노벌레,Sinocalanus tenellus,대한민국 강원도 강릉시,대한민국; 동해중부; 대한민국 강원도 강릉시,37.911640,128.811462,각시노벌레은(는) 동해중부에서 관찰·채집된 해양생물 소재로 사용할 수 있다.,해양생물 캐릭터와 바다 탐험 동화 소재,"생물의 이름, 서식 해역, 분류를 활용한 관찰 질문과 퀴즈",5-7;8-10,해양생물;각시노벌레;Sinocalanus;tenellus;동해중부;대한민국;강원도;강릉시,128.811462,대한민국,각시노벌레,Sinocalanus tenellus,37.911640,대한민국 강원도 강릉시,2011-10-14,Sinocalanus tenellus,동해중부
국립해양생물자원관_해양생물 채집 공간정보,https://www.data.go.kr/data/15151832/openapi.do,2016-01-28,marine_life,Eurystomina ophthalmophora,Nematoda > Enoplea > Enoplida > Enchelidiidae > Eurystomina > Eurystomina ophthalmophora,대한민국 경상북도 울진군 북면 조간대,대한민국; 동해중부; 대한민국 경상북도 울진군 북면 조간대,37.105988,129.377335,Eurystomina ophthalmophora은(는) 동해중부에서 관찰·채집된 해양생물 소재로 사용할 수 있다.,해양생물 캐릭터와 바다 탐험 동화 소재,"생물의 이름, 서식 해역, 분류를 활용한 관찰 질문과 퀴즈",5-7;8-10,해양생물;Eurystomina;ophthalmophora;Nematoda;>;Enoplea;Enoplida;Enchelidiidae;동해중부;대한민국;경상북도;울진군,129.377335,대한민국,,Nematoda > Enoplea > Enoplida > Enchelidiidae > Eurystomina > Eurystomina ophthalmophora,37.105988,대한민국 경상북도 울진군 북면 조간대,2016-01-28,Eurystomina ophthalmophora,동해중부
국립해양생물자원관_해양생물 채집 공간정보,https://www.data.go.kr/data/15151832/openapi.do,2013-11-06,marine_life,작은구슬산호말,Rhodophyta > Florideophyceae > Corallinales > Corallinaceae > Corallina > Corallina pilulifera,대한민국 부산광역시 기장군 기장읍,대한민국; 동해남부; 대한민국 부산광역시 기장군 기장읍,35.221058,129.231339,작은구슬산호말은(는) 동해남부에서 관찰·채집된 해양생물 소재로 사용할 수 있다.,해양생물 캐릭터와 바다 탐험 동화 소재,"생물의 이름, 서식 해역, 분류를 활용한 관찰 질문과 퀴즈",5-7;8-10,해양생물;작은구슬산호말;Corallina;pilulifera;Rhodophyta;>;Florideophyceae;Corallinales;Corallinaceae;동해남부;대한민국;부산광역시,129.231339,대한민국,작은구슬산호말,Rhodophyta > Florideophyceae > Corallinales > Corallinaceae > Corallina > Corallina pilulifera,35.221058,대한민국 부산광역시 기장군 기장읍,2013-11-06,Corallina pilulifera,동해남부
국립해양생물자원관_해양생물 채집 공간정보,https://www.data.go.kr/data/15151832/openapi.do,2005-06-29,marine_life,Nereida ignava,Rhodobacterales > Paracoccaceae > Nereida > Nereida ignava,대한민국 강원도 고성군,대한민국; 동해중부; 대한민국 강원도 고성군,38.337650,128.559052,Nereida ignava은(는) 동해중부에서 관찰·채집된 해양생물 소재로 사용할 수 있다.,해양생물 캐릭터와 바다 탐험 동화 소재,"생물의 이름, 서식 해역, 분류를 활용한 관찰 질문과 퀴즈",5-7;8-10,해양생물;Nereida;ignava;Rhodobacterales;>;Paracoccaceae;동해중부;대한민국;강원도;고성군,128.559052,대한민국,,Rhodobacterales > Paracoccaceae > Nereida > Nereida ignava,38.337650,대한민국 강원도 고성군,2005-06-29,Nereida ignava,동해중부
국립해양생물자원관_해양생물 채집 공간정보,https://www.data.go.kr/data/15151832/openapi.do,2006-09-07,marine_life,Marinobacter algicola,Pseudomonadota > Gammaproteobacteria > Alteromonadales > Alteromonadaceae > Marinobacter > Marinobacter algicola,대한민국 인천광역시 중구,대한민국; 서해; 대한민국 인천광역시 중구,37.462223,126.499718,Marinobacter algicola은(는) 서해에서 관찰·채집된 해양생물 소재로 사용할 수 있다.,해양생물 캐릭터와 바다 탐험 동화 소재,"생물의 이름, 서식 해역, 분류를 활용한 관찰 질문과 퀴즈",5-7;8-10,해양생물;Marinobacter;algicola;Pseudomonadota;>;Gammaproteobacteria;Alteromonadales;Alteromonadaceae;서해;대한민국;인천광역시;중구,126.499718,대한민국,,Pseudomonadota > Gammaproteobacteria > Alteromonadales > Alteromonadaceae > Marinobacter > Marinobacter algicola,37.462223,대한민국 인천광역시 중구,2006-09-07,Marinobacter algicola,서해
국립해양생물자원관_해양생물 채집 공간정보,https://www.data.go.kr/data/15151832/openapi.do,2005-07-26,marine_life,Roseovarius litorisediminis,Roseovarius litorisediminis,대한민국 인천광역시 강화군 동검도,대한민국; 서해; 대한민국 인천광역시 강화군 동검도,37.579830,126.515831,Roseovarius litorisediminis은(는) 서해에서 관찰·채집된 해양생물 소재로 사용할 수 있다.,해양생물 캐릭터와 바다 탐험 동화 소재,"생물의 이름, 서식 해역, 분류를 활용한 관찰 질문과 퀴즈",5-7;8-10,해양생물;Roseovarius;litorisediminis;서해;대한민국;인천광역시;강화군;동검도,126.515831,대한민국,,Roseovarius litorisediminis,37.579830,대한민국 인천광역시 강화군 동검도,2005-07-26,Roseovarius litorisediminis,서해
국립해양생물자원관_해양생물 채집 공간정보,https://www.data.go.kr/data/15151832/openapi.do,2011-07-26,marine_life,Zhongshania borealis,Zhongshania borealis,대한민국 남해,대한민국; 동해남부; 대한민국 남해,35.330276,129.620926,Zhongshania borealis은(는) 동해남부에서 관찰·채집된 해양생물 소재로 사용할 수 있다.,해양생물 캐릭터와 바다 탐험 동화 소재,"생물의 이름, 서식 해역, 분류를 활용한 관찰 질문과 퀴즈",5-7;8-10,해양생물;Zhongshania;borealis;동해남부;대한민국;남해,129.620926,대한민국,,Zhongshania borealis,35.330276,대한민국 남해,2011-07-26,Zhongshania borealis,동해남부
국립해양생물자원관_해양생물 채집 공간정보,https://www.data.go.kr/data/15151832/openapi.do,2015-05-05,marine_life,큰갈파래,Ulvophyceae > Ulvales > Ulvaceae > Ulva > Ulva ohnoi,대한민국 부산광역시 해운대구,대한민국; 동해남부; 대한민국 부산광역시 해운대구,35.161057,129.189911,큰갈파래은(는) 동해남부에서 관찰·채집된 해양생물 소재로 사용할 수 있다.,해양생물 캐릭터와 바다 탐험 동화 소재,"생물의 이름, 서식 해역, 분류를 활용한 관찰 질문과 퀴즈",5-7;8-10,해양생물;큰갈파래;Ulva;ohnoi;Ulvophyceae;>;Ulvales;Ulvaceae;동해남부;대한민국;부산광역시;해운대구,129.189911,대한민국,큰갈파래,Ulvophyceae > Ulvales > Ulvaceae > Ulva > Ulva ohnoi,35.161057,대한민국 부산광역시 해운대구,2015-05-05,Ulva ohnoi,동해남부
국립해양생물자원관_해양생물 채집 공간정보,https://www.data.go.kr/data/15151832/openapi.do,2017-10-18,marine_life,누은분홍잎,Rhodophyta > Florideophyceae > Ceramiales > Delesseriaceae > Acrosorium > Acrosorium yendoi,대한민국 강원도 삼척시 근덕면,대한민국; 동해중부; 대한민국 강원도 삼척시 근덕면,37.289211,129.318008,누은분홍잎은(는) 동해중부에서 관찰·채집된 해양생물 소재로 사용할 수 있다.,해양생물 캐릭터와 바다 탐험 동화 소재,"생물의 이름, 서식 해역, 분류를 활용한 관찰 질문과 퀴즈",5-7;8-10,해양생물;누은분홍잎;Acrosorium;yendoi;Rhodophyta;>;Florideophyceae;Ceramiales;Delesseriaceae;동해중부;대한민국;강원도,129.318008,대한민국,누은분홍잎,Rhodophyta > Florideophyceae > Ceramiales > Delesseriaceae > Acrosorium > Acrosorium yendoi,37.289211,대한민국 강원도 삼척시 근덕면,2017-10-18,Acrosorium yendoi,동해중부
국립해양생물자원관_해양생물 채집 공간정보,https://www.data.go.kr/data/15151832/openapi.do,2015-03-04,marine_life,납작파래,Ulvophyceae > Ulvales > Ulvaceae > Ulva > Ulva compressa,대한민국 제주특별자치도 제주시,대한민국; 남해서부; 대한민국 제주특별자치도 제주시,33.526775,126.584114,납작파래은(는) 남해서부에서 관찰·채집된 해양생물 소재로 사용할 수 있다.,해양생물 캐릭터와 바다 탐험 동화 소재,"생물의 이름, 서식 해역, 분류를 활용한 관찰 질문과 퀴즈",5-7;8-10,해양생물;납작파래;Ulva;compressa;Ulvophyceae;>;Ulvales;Ulvaceae;남해서부;대한민국;제주특별자치도;제주시,126.584114,대한민국,납작파래,Ulvophyceae > Ulvales > Ulvaceae > Ulva > Ulva compressa,33.526775,대한민국 제주특별자치도 제주시,2015-03-04,Ulva compressa,남해서부
국립해양생물자원관_해양생물 채집 공간정보,https://www.data.go.kr/data/15151832/openapi.do,2015-03-30,marine_life,아라사키갈파래,Ulvophyceae > Ulvales > Ulvaceae > Ulva > Ulva arasakii,대한민국 강원도 삼척시,대한민국; 동해중부; 대한민국 강원도 삼척시,37.445980,129.189667,아라사키갈파래은(는) 동해중부에서 관찰·채집된 해양생물 소재로 사용할 수 있다.,해양생물 캐릭터와 바다 탐험 동화 소재,"생물의 이름, 서식 해역, 분류를 활용한 관찰 질문과 퀴즈",5-7;8-10,해양생물;아라사키갈파래;Ulva;arasakii;Ulvophyceae;>;Ulvales;Ulvaceae;동해중부;대한민국;강원도;삼척시,129.189667,대한민국,아라사키갈파래,Ulvophyceae > Ulvales > Ulvaceae > Ulva > Ulva arasakii,37.445980,대한민국 강원도 삼척시,2015-03-30,Ulva arasakii,동해중부
국립해양생물자원관_해양생물 채집 공간정보,https://www.data.go.kr/data/15151832/openapi.do,2013-09-11,marine_life,Ponticoccus litoralis,Rhodobacterales > Paracoccaceae > Ponticoccus > Ponticoccus litoralis,대한민국 강원도 삼척시,대한민국; 동해중부; 대한민국 강원도 삼척시,37.250458,129.483810,Ponticoccus litoralis은(는) 동해중부에서 관찰·채집된 해양생물 소재로 사용할 수 있다.,해양생물 캐릭터와 바다 탐험 동화 소재,"생물의 이름, 서식 해역, 분류를 활용한 관찰 질문과 퀴즈",5-7;8-10,해양생물;Ponticoccus;litoralis;Rhodobacterales;>;Paracoccaceae;동해중부;대한민국;강원도;삼척시,129.483810,대한민국,,Rhodobacterales > Paracoccaceae > Ponticoccus > Ponticoccus litoralis,37.250458,대한민국 강원도 삼척시,2013-09-11,Ponticoccus litoralis,동해중부
국립해양생물자원관_해양생물 채집 공간정보,https://www.data.go.kr/data/15151832/openapi.do,2017-09-20,marine_life,마른나무,Tichocarpus crinitus,대한민국 강원도 강릉시,대한민국; 동해중부; 대한민국 강원도 강릉시,37.810978,128.910614,마른나무은(는) 동해중부에서 관찰·채집된 해양생물 소재로 사용할 수 있다.,해양생물 캐릭터와 바다 탐험 동화 소재,"생물의 이름, 서식 해역, 분류를 활용한 관찰 질문과 퀴즈",5-7;8-10,해양생물;마른나무;Tichocarpus;crinitus;동해중부;대한민국;강원도;강릉시,128.910614,대한민국,마른나무,Tichocarpus crinitus,37.810978,대한민국 강원도 강릉시,2017-09-20,Tichocarpus crinitus,동해중부
국립해양생물자원관_해양생물 채집 공간정보,https://www.data.go.kr/data/15151832/openapi.do,2016-06-01,marine_life,떨기나무새붉은실,Rhodophyta > Florideophyceae > Ceramiales > Rhodomelaceae > Melanothamnus > Melanothamnus japonicus,대한민국 제주특별자치도 제주시 구좌읍,대한민국; 남해서부; 대한민국 제주특별자치도 제주시 구좌읍,33.491108,126.911537,떨기나무새붉은실은(는) 남해서부에서 관찰·채집된 해양생물 소재로 사용할 수 있다.,해양생물 캐릭터와 바다 탐험 동화 소재,"생물의 이름, 서식 해역, 분류를 활용한 관찰 질문과 퀴즈",5-7;8-10,해양생물;떨기나무새붉은실;Melanothamnus;japonicus;Rhodophyta;>;Florideophyceae;Ceramiales;Rhodomelaceae;남해서부;대한민국;제주특별자치도,126.911537,대한민국,떨기나무새붉은실,Rhodophyta > Florideophyceae > Ceramiales > Rhodomelaceae > Melanothamnus > Melanothamnus japonicus,33.491108,대한민국 제주특별자치도 제주시 구좌읍,2016-06-01,Melanothamnus japonicus,남해서부
국립해양생물자원관_해양생물 채집 공간정보,https://www.data.go.kr/data/15151832/openapi.do,2014-07-04,marine_life,창자파래,Ulvophyceae > Ulvales > Ulvaceae > Ulva > Ulva intestinalis,대한민국 경상북도 포항시 북구 송라면,대한민국; 동해남부; 대한민국 경상북도 포항시 북구 송라면,36.237473,129.384750,창자파래은(는) 동해남부에서 관찰·채집된 해양생물 소재로 사용할 수 있다.,해양생물 캐릭터와 바다 탐험 동화 소재,"생물의 이름, 서식 해역, 분류를 활용한 관찰 질문과 퀴즈",5-7;8-10,해양생물;창자파래;Ulva;intestinalis;Ulvophyceae;>;Ulvales;Ulvaceae;동해남부;대한민국;경상북도;포항시,129.384750,대한민국,창자파래,Ulvophyceae > Ulvales > Ulvaceae > Ulva > Ulva intestinalis,36.237473,대한민국 경상북도 포항시 북구 송라면,2014-07-04,Ulva intestinalis,동해남부
국립해양생물자원관_해양생물 채집 공간정보,https://www.data.go.kr/data/15151832/openapi.do,2013-07-02,marine_life,참보라색우무,Symphyocladia latiuscula,대한민국 강원도 강릉시,대한민국; 동해중부; 대한민국 강원도 강릉시,37.813122,128.898819,참보라색우무은(는) 동해중부에서 관찰·채집된 해양생물 소재로 사용할 수 있다.,해양생물 캐릭터와 바다 탐험 동화 소재,"생물의 이름, 서식 해역, 분류를 활용한 관찰 질문과 퀴즈",5-7;8-10,해양생물;참보라색우무;Symphyocladia;latiuscula;동해중부;대한민국;강원도;강릉시,128.898819,대한민국,참보라색우무,Symphyocladia latiuscula,37.813122,대한민국 강원도 강릉시,2013-07-02,Symphyocladia latiuscula,동해중부
국립해양생물자원관_해양생물 채집 공간정보,https://www.data.go.kr/data/15151832/openapi.do,2013-09-11,marine_life,Pseudoalteromonas piscicida,Pseudomonadota > Gammaproteobacteria > Alteromonadales > Pseudoalteromonadaceae > Pseudoalteromonas > Pseudoalteromonas piscicida,대한민국 강원도 삼척시,대한민국; 동해중부; 대한민국 강원도 삼척시,37.250458,129.483810,Pseudoalteromonas piscicida은(는) 동해중부에서 관찰·채집된 해양생물 소재로 사용할 수 있다.,해양생물 캐릭터와 바다 탐험 동화 소재,"생물의 이름, 서식 해역, 분류를 활용한 관찰 질문과 퀴즈",5-7;8-10,해양생물;Pseudoalteromonas;piscicida;Pseudomonadota;>;Gammaproteobacteria;Alteromonadales;Pseudoalteromonadaceae;동해중부;대한민국;강원도;삼척시,129.483810,대한민국,,Pseudomonadota > Gammaproteobacteria > Alteromonadales > Pseudoalteromonadaceae > Pseudoalteromonas > Pseudoalteromonas piscicida,37.250458,대한민국 강원도 삼척시,2013-09-11,Pseudoalteromonas piscicida,동해중부
국립해양생물자원관_해양생물 채집 공간정보,https://www.data.go.kr/data/15151832/openapi.do,2013-09-11,marine_life,Alteromonas fortis,Pseudomonadota > Gammaproteobacteria > Alteromonadales > Alteromonadaceae > Alteromonas > Alteromonas fortis,대한민국 강원도 삼척시,대한민국; 동해중부; 대한민국 강원도 삼척시,37.250458,129.483810,Alteromonas fortis은(는) 동해중부에서 관찰·채집된 해양생물 소재로 사용할 수 있다.,해양생물 캐릭터와 바다 탐험 동화 소재,"생물의 이름, 서식 해역, 분류를 활용한 관찰 질문과 퀴즈",5-7;8-10,해양생물;Alteromonas;fortis;Pseudomonadota;>;Gammaproteobacteria;Alteromonadales;Alteromonadaceae;동해중부;대한민국;강원도;삼척시,129.483810,대한민국,,Pseudomonadota > Gammaproteobacteria > Alteromonadales > Alteromonadaceae > Alteromonas > Alteromonas fortis,37.250458,대한민국 강원도 삼척시,2013-09-11,Alteromonas fortis,동해중부
국립해양생물자원관_해양생물 채집 공간정보,https://www.data.go.kr/data/15151832/openapi.do,2013-09-11,marine_life,Shewanella waksmanii,Shewanellaceae > Shewanella > Shewanella waksmanii,대한민국 강원도 삼척시,대한민국; 동해중부; 대한민국 강원도 삼척시,37.250458,129.483810,Shewanella waksmanii은(는) 동해중부에서 관찰·채집된 해양생물 소재로 사용할 수 있다.,해양생물 캐릭터와 바다 탐험 동화 소재,"생물의 이름, 서식 해역, 분류를 활용한 관찰 질문과 퀴즈",5-7;8-10,해양생물;Shewanella;waksmanii;Shewanellaceae;>;동해중부;대한민국;강원도;삼척시,129.483810,대한민국,,Shewanellaceae > Shewanella > Shewanella waksmanii,37.250458,대한민국 강원도 삼척시,2013-09-11,Shewanella waksmanii,동해중부
국립해양생물자원관_해양생물 채집 공간정보,https://www.data.go.kr/data/15151832/openapi.do,2021-04-27,marine_life,두드러기어리게,Pleocyemata > Anomura > Lithodoidea > Hapalogastridae > Oedignathus > Oedignathus inermis,대한민국 충청남도 태안군 근흥면 궁시도,대한민국; 서해; 대한민국 충청남도 태안군 근흥면 궁시도,36.663559,125.861763,두드러기어리게은(는) 서해에서 관찰·채집된 해양생물 소재로 사용할 수 있다.,해양생물 캐릭터와 바다 탐험 동화 소재,"생물의 이름, 서식 해역, 분류를 활용한 관찰 질문과 퀴즈",5-7;8-10,해양생물;두드러기어리게;Oedignathus;inermis;Pleocyemata;>;Anomura;Lithodoidea;Hapalogastridae;서해;대한민국;충청남도,125.861763,대한민국,두드러기어리게,Pleocyemata > Anomura > Lithodoidea > Hapalogastridae > Oedignathus > Oedignathus inermis,36.663559,대한민국 충청남도 태안군 근흥면 궁시도,2021-04-27,Oedignathus inermis,서해
국립해양생물자원관_해양생물 채집 공간정보,https://www.data.go.kr/data/15151832/openapi.do,2021-04-27,marine_life,두드러기어리게,Pleocyemata > Anomura > Lithodoidea > Hapalogastridae > Oedignathus > Oedignathus inermis,대한민국 충청남도 태안군 근흥면 궁시도,대한민국; 서해; 대한민국 충청남도 태안군 근흥면 궁시도,36.663559,125.861763,두드러기어리게은(는) 서해에서 관찰·채집된 해양생물 소재로 사용할 수 있다.,해양생물 캐릭터와 바다 탐험 동화 소재,"생물의 이름, 서식 해역, 분류를 활용한 관찰 질문과 퀴즈",5-7;8-10,해양생물;두드러기어리게;Oedignathus;inermis;Pleocyemata;>;Anomura;Lithodoidea;Hapalogastridae;서해;대한민국;충청남도,125.861763,대한민국,두드러기어리게,Pleocyemata > Anomura > Lithodoidea > Hapalogastridae > Oedignathus > Oedignathus inermis,36.663559,대한민국 충청남도 태안군 근흥면 궁시도,2021-04-27,Oedignathus inermis,서해
국립해양생물자원관_해양생물 채집 공간정보,https://www.data.go.kr/data/15151832/openapi.do,2021-04-27,marine_life,두드러기어리게,Pleocyemata > Anomura > Lithodoidea > Hapalogastridae > Oedignathus > Oedignathus inermis,대한민국 충청남도 태안군 근흥면 궁시도,대한민국; 서해; 대한민국 충청남도 태안군 근흥면 궁시도,36.663559,125.861763,두드러기어리게은(는) 서해에서 관찰·채집된 해양생물 소재로 사용할 수 있다.,해양생물 캐릭터와 바다 탐험 동화 소재,"생물의 이름, 서식 해역, 분류를 활용한 관찰 질문과 퀴즈",5-7;8-10,해양생물;두드러기어리게;Oedignathus;inermis;Pleocyemata;>;Anomura;Lithodoidea;Hapalogastridae;서해;대한민국;충청남도,125.861763,대한민국,두드러기어리게,Pleocyemata > Anomura > Lithodoidea > Hapalogastridae > Oedignathus > Oedignathus inermis,36.663559,대한민국 충청남도 태안군 근흥면 궁시도,2021-04-27,Oedignathus inermis,서해
국립해양생물자원관_해양생물 채집 공간정보,https://www.data.go.kr/data/15151832/openapi.do,2014-02-12,marine_life,Roseovarius nanhaiticus,Roseovarius nanhaiticus,대한민국 동해,대한민국; 동해중부; 대한민국 동해,37.686184,129.301834,Roseovarius nanhaiticus은(는) 동해중부에서 관찰·채집된 해양생물 소재로 사용할 수 있다.,해양생물 캐릭터와 바다 탐험 동화 소재,"생물의 이름, 서식 해역, 분류를 활용한 관찰 질문과 퀴즈",5-7;8-10,해양생물;Roseovarius;nanhaiticus;동해중부;대한민국;동해,129.301834,대한민국,,Roseovarius nanhaiticus,37.686184,대한민국 동해,2014-02-12,Roseovarius nanhaiticus,동해중부
국립해양생물자원관_해양생물 채집 공간정보,https://www.data.go.kr/data/15151832/openapi.do,2011-08-20,marine_life,Penilia avirostris,Sididae > Penilia > Penilia avirostris,대한민국 전라남도 진도군,대한민국; 남해서부; 대한민국 전라남도 진도군,34.324341,126.199356,Penilia avirostris은(는) 남해서부에서 관찰·채집된 해양생물 소재로 사용할 수 있다.,해양생물 캐릭터와 바다 탐험 동화 소재,"생물의 이름, 서식 해역, 분류를 활용한 관찰 질문과 퀴즈",5-7;8-10,해양생물;Penilia;avirostris;Sididae;>;남해서부;대한민국;전라남도;진도군,126.199356,대한민국,,Sididae > Penilia > Penilia avirostris,34.324341,대한민국 전라남도 진도군,2011-08-20,Penilia avirostris,남해서부
국립해양생물자원관_해양생물 채집 공간정보,https://www.data.go.kr/data/15151832/openapi.do,2014-02-12,marine_life,Qipengyuania citrea,Sphingomonadales > Erythrobacteraceae > Qipengyuania > Qipengyuania citrea,대한민국 동해,대한민국; 동해중부; 대한민국 동해,37.686184,129.301834,Qipengyuania citrea은(는) 동해중부에서 관찰·채집된 해양생물 소재로 사용할 수 있다.,해양생물 캐릭터와 바다 탐험 동화 소재,"생물의 이름, 서식 해역, 분류를 활용한 관찰 질문과 퀴즈",5-7;8-10,해양생물;Qipengyuania;citrea;Sphingomonadales;>;Erythrobacteraceae;동해중부;대한민국;동해,129.301834,대한민국,,Sphingomonadales > Erythrobacteraceae > Qipengyuania > Qipengyuania citrea,37.686184,대한민국 동해,2014-02-12,Qipengyuania citrea,동해중부
국립해양생물자원관_해양생물 채집 공간정보,https://www.data.go.kr/data/15151832/openapi.do,2011-08-20,marine_life,Penilia avirostris,Sididae > Penilia > Penilia avirostris,대한민국 전라남도 진도군,대한민국; 남해서부; 대한민국 전라남도 진도군,34.286308,126.124420,Penilia avirostris은(는) 남해서부에서 관찰·채집된 해양생물 소재로 사용할 수 있다.,해양생물 캐릭터와 바다 탐험 동화 소재,"생물의 이름, 서식 해역, 분류를 활용한 관찰 질문과 퀴즈",5-7;8-10,해양생물;Penilia;avirostris;Sididae;>;남해서부;대한민국;전라남도;진도군,126.124420,대한민국,,Sididae > Penilia > Penilia avirostris,34.286308,대한민국 전라남도 진도군,2011-08-20,Penilia avirostris,남해서부
국립해양생물자원관_해양생물 채집 공간정보,https://www.data.go.kr/data/15151832/openapi.do,2014-02-12,marine_life,Flavobacterium piscis,Flavobacterium piscis,대한민국 동해,대한민국; 동해중부; 대한민국 동해,37.686184,129.301834,Flavobacterium piscis은(는) 동해중부에서 관찰·채집된 해양생물 소재로 사용할 수 있다.,해양생물 캐릭터와 바다 탐험 동화 소재,"생물의 이름, 서식 해역, 분류를 활용한 관찰 질문과 퀴즈",5-7;8-10,해양생물;Flavobacterium;piscis;동해중부;대한민국;동해,129.301834,대한민국,,Flavobacterium piscis,37.686184,대한민국 동해,2014-02-12,Flavobacterium piscis,동해중부
국립해양생물자원관_해양생물 채집 공간정보,https://www.data.go.kr/data/15151832/openapi.do,2014-02-12,marine_life,Winogradskyella ulvae,Winogradskyella ulvae,대한민국 동해,대한민국; 동해중부; 대한민국 동해,37.686184,129.301834,Winogradskyella ulvae은(는) 동해중부에서 관찰·채집된 해양생물 소재로 사용할 수 있다.,해양생물 캐릭터와 바다 탐험 동화 소재,"생물의 이름, 서식 해역, 분류를 활용한 관찰 질문과 퀴즈",5-7;8-10,해양생물;Winogradskyella;ulvae;동해중부;대한민국;동해,129.301834,대한민국,,Winogradskyella ulvae,37.686184,대한민국 동해,2014-02-12,Winogradskyella ulvae,동해중부
국립해양생물자원관_해양생물 채집 공간정보,https://www.data.go.kr/data/15151832/openapi.do,2014-02-12,marine_life,Flavobacterium crassostreae,Flavobacterium crassostreae,대한민국 동해,대한민국; 동해중부; 대한민국 동해,37.686184,129.301834,Flavobacterium crassostreae은(는) 동해중부에서 관찰·채집된 해양생물 소재로 사용할 수 있다.,해양생물 캐릭터와 바다 탐험 동화 소재,"생물의 이름, 서식 해역, 분류를 활용한 관찰 질문과 퀴즈",5-7;8-10,해양생물;Flavobacterium;crassostreae;동해중부;대한민국;동해,129.301834,대한민국,,Flavobacterium crassostreae,37.686184,대한민국 동해,2014-02-12,Flavobacterium crassostreae,동해중부
국립해양생물자원관_해양생물 채집 공간정보,https://www.data.go.kr/data/15151832/openapi.do,2011-09-09,marine_life,Penilia avirostris,Sididae > Penilia > Penilia avirostris,대한민국 전라남도 광양시,대한민국; 남해서부; 대한민국 전라남도 광양시,34.923233,127.605728,Penilia avirostris은(는) 남해서부에서 관찰·채집된 해양생물 소재로 사용할 수 있다.,해양생물 캐릭터와 바다 탐험 동화 소재,"생물의 이름, 서식 해역, 분류를 활용한 관찰 질문과 퀴즈",5-7;8-10,해양생물;Penilia;avirostris;Sididae;>;남해서부;대한민국;전라남도;광양시,127.605728,대한민국,,Sididae > Penilia > Penilia avirostris,34.923233,대한민국 전라남도 광양시,2011-09-09,Penilia avirostris,남해서부
국립해양생물자원관_해양생물 채집 공간정보,https://www.data.go.kr/data/15151832/openapi.do,2011-09-09,marine_life,Penilia avirostris,Sididae > Penilia > Penilia avirostris,대한민국 전라남도 광양시,대한민국; 남해동부; 대한민국 전라남도 광양시,34.912575,127.842743,Penilia avirostris은(는) 남해동부에서 관찰·채집된 해양생물 소재로 사용할 수 있다.,해양생물 캐릭터와 바다 탐험 동화 소재,"생물의 이름, 서식 해역, 분류를 활용한 관찰 질문과 퀴즈",5-7;8-10,해양생물;Penilia;avirostris;Sididae;>;남해동부;대한민국;전라남도;광양시,127.842743,대한민국,,Sididae > Penilia > Penilia avirostris,34.912575,대한민국 전라남도 광양시,2011-09-09,Penilia avirostris,남해동부
국립해양생물자원관_해양생물 채집 공간정보,https://www.data.go.kr/data/15151832/openapi.do,2014-09-06,marine_life,무늬깜정이,Teleostei > Perciformes > Kyphosidae > Kyphosus > Kyphosus bigibbus,대한민국 제주특별자치도 제주시,대한민국; 남해서부; 대한민국 제주특별자치도 제주시,33.557507,126.865929,무늬깜정이은(는) 남해서부에서 관찰·채집된 해양생물 소재로 사용할 수 있다.,해양생물 캐릭터와 바다 탐험 동화 소재,"생물의 이름, 서식 해역, 분류를 활용한 관찰 질문과 퀴즈",5-7;8-10,해양생물;무늬깜정이;Kyphosus;bigibbus;Teleostei;>;Perciformes;Kyphosidae;남해서부;대한민국;제주특별자치도;제주시,126.865929,대한민국,무늬깜정이,Teleostei > Perciformes > Kyphosidae > Kyphosus > Kyphosus bigibbus,33.557507,대한민국 제주특별자치도 제주시,2014-09-06,Kyphosus bigibbus,남해서부
국립해양생물자원관_해양생물 채집 공간정보,https://www.data.go.kr/data/15151832/openapi.do,2014-09-15,marine_life,무점황놀래기,Teleostei > Perciformes > Labridae > Pseudolabrus > Pseudolabrus eoethinus,대한민국 제주특별자치도 서귀포시,대한민국; 남해서부; 대한민국 제주특별자치도 서귀포시,33.233166,126.376389,무점황놀래기은(는) 남해서부에서 관찰·채집된 해양생물 소재로 사용할 수 있다.,해양생물 캐릭터와 바다 탐험 동화 소재,"생물의 이름, 서식 해역, 분류를 활용한 관찰 질문과 퀴즈",5-7;8-10,해양생물;무점황놀래기;Pseudolabrus;eoethinus;Teleostei;>;Perciformes;Labridae;남해서부;대한민국;제주특별자치도;서귀포시,126.376389,대한민국,무점황놀래기,Teleostei > Perciformes > Labridae > Pseudolabrus > Pseudolabrus eoethinus,33.233166,대한민국 제주특별자치도 서귀포시,2014-09-15,Pseudolabrus eoethinus,남해서부
국립해양생물자원관_해양생물 채집 공간정보,https://www.data.go.kr/data/15151832/openapi.do,2011-05-15,marine_life,Paracalanus parvus parvus,Paracalanus parvus parvus,대한민국 전라남도 진도군,대한민국; 남해서부; 대한민국 전라남도 진도군,34.342258,126.160950,Paracalanus parvus parvus은(는) 남해서부에서 관찰·채집된 해양생물 소재로 사용할 수 있다.,해양생물 캐릭터와 바다 탐험 동화 소재,"생물의 이름, 서식 해역, 분류를 활용한 관찰 질문과 퀴즈",5-7;8-10,해양생물;Paracalanus;parvus;남해서부;대한민국;전라남도;진도군,126.160950,대한민국,,Paracalanus parvus parvus,34.342258,대한민국 전라남도 진도군,2011-05-15,Paracalanus parvus parvus,남해서부
국립해양생물자원관_해양생물 채집 공간정보,https://www.data.go.kr/data/15151832/openapi.do,2011-08-01,marine_life,오츠카작은노벌레,Odontacartia > Acartia (Odontacartia) ohtsukai,대한민국 인천광역시 강화군,대한민국; 서해; 대한민국 인천광역시 강화군,37.718468,126.258904,오츠카작은노벌레은(는) 서해에서 관찰·채집된 해양생물 소재로 사용할 수 있다.,해양생물 캐릭터와 바다 탐험 동화 소재,"생물의 이름, 서식 해역, 분류를 활용한 관찰 질문과 퀴즈",5-7;8-10,해양생물;오츠카작은노벌레;Acartia;(Odontacartia);ohtsukai;Odontacartia;>;서해;대한민국;인천광역시;강화군,126.258904,대한민국,오츠카작은노벌레,Odontacartia > Acartia (Odontacartia) ohtsukai,37.718468,대한민국 인천광역시 강화군,2011-08-01,Acartia (Odontacartia) ohtsukai,서해
국립해양생물자원관_해양생물 채집 공간정보,https://www.data.go.kr/data/15151832/openapi.do,2011-05-20,marine_life,오츠카작은노벌레,Odontacartia > Acartia (Odontacartia) ohtsukai,대한민국 전라북도 군산시,대한민국; 서해; 대한민국 전라북도 군산시,35.722282,126.403656,오츠카작은노벌레은(는) 서해에서 관찰·채집된 해양생물 소재로 사용할 수 있다.,해양생물 캐릭터와 바다 탐험 동화 소재,"생물의 이름, 서식 해역, 분류를 활용한 관찰 질문과 퀴즈",5-7;8-10,해양생물;오츠카작은노벌레;Acartia;(Odontacartia);ohtsukai;Odontacartia;>;서해;대한민국;전라북도;군산시,126.403656,대한민국,오츠카작은노벌레,Odontacartia > Acartia (Odontacartia) ohtsukai,35.722282,대한민국 전라북도 군산시,2011-05-20,Acartia (Odontacartia) ohtsukai,서해
국립해양생물자원관_해양생물 채집 공간정보,https://www.data.go.kr/data/15151832/openapi.do,2016-11-04,marine_life,마른불가사리,Paxillosida > Astropectinidae > Dipsacaster > Dipsacaster pretiosus,대한민국 제주특별자치도 제주시 한림읍,대한민국; 남해서부; 대한민국 제주특별자치도 제주시 한림읍,33.415264,126.255638,마른불가사리은(는) 남해서부에서 관찰·채집된 해양생물 소재로 사용할 수 있다.,해양생물 캐릭터와 바다 탐험 동화 소재,"생물의 이름, 서식 해역, 분류를 활용한 관찰 질문과 퀴즈",5-7;8-10,해양생물;마른불가사리;Dipsacaster;pretiosus;Paxillosida;>;Astropectinidae;남해서부;대한민국;제주특별자치도;제주시;한림읍,126.255638,대한민국,마른불가사리,Paxillosida > Astropectinidae > Dipsacaster > Dipsacaster pretiosus,33.415264,대한민국 제주특별자치도 제주시 한림읍,2016-11-04,Dipsacaster pretiosus,남해서부
국립해양생물자원관_해양생물 채집 공간정보,https://www.data.go.kr/data/15151832/openapi.do,2017-01-19,marine_life,Bolbolaimus crassiceps,Nematoda > Chromadorea > Desmodorida > Microlaimidae > Bolbolaimus > Bolbolaimus crassiceps,대한민국 전라남도 고흥군 영남면 조간대,대한민국; 남해서부; 대한민국 전라남도 고흥군 영남면 조간대,34.578617,127.480278,Bolbolaimus crassiceps은(는) 남해서부에서 관찰·채집된 해양생물 소재로 사용할 수 있다.,해양생물 캐릭터와 바다 탐험 동화 소재,"생물의 이름, 서식 해역, 분류를 활용한 관찰 질문과 퀴즈",5-7;8-10,해양생물;Bolbolaimus;crassiceps;Nematoda;>;Chromadorea;Desmodorida;Microlaimidae;남해서부;대한민국;전라남도;고흥군,127.480278,대한민국,,Nematoda > Chromadorea > Desmodorida > Microlaimidae > Bolbolaimus > Bolbolaimus crassiceps,34.578617,대한민국 전라남도 고흥군 영남면 조간대,2017-01-19,Bolbolaimus crassiceps,남해서부
국립해양생물자원관_해양생물 채집 공간정보,https://www.data.go.kr/data/15151832/openapi.do,2010-08-31,marine_life,Spongiibacter marinus,Spongiibacteraceae > Spongiibacter > Spongiibacter marinus,대한민국 강원도 속초시,대한민국; 동해중부; 대한민국 강원도 속초시,38.217667,128.683884,Spongiibacter marinus은(는) 동해중부에서 관찰·채집된 해양생물 소재로 사용할 수 있다.,해양생물 캐릭터와 바다 탐험 동화 소재,"생물의 이름, 서식 해역, 분류를 활용한 관찰 질문과 퀴즈",5-7;8-10,해양생물;Spongiibacter;marinus;Spongiibacteraceae;>;동해중부;대한민국;강원도;속초시,128.683884,대한민국,,Spongiibacteraceae > Spongiibacter > Spongiibacter marinus,38.217667,대한민국 강원도 속초시,2010-08-31,Spongiibacter marinus,동해중부
국립해양생물자원관_해양생물 채집 공간정보,https://www.data.go.kr/data/15151832/openapi.do,2021-05-10,marine_life,갯가꼬마새우,Thoridae > Eualus > Eualus sinensis,대한민국 충청남도 보령시 오천면 원산도해수욕장,대한민국; 서해; 대한민국 충청남도 보령시 오천면 원산도해수욕장,36.360832,126.433052,갯가꼬마새우은(는) 서해에서 관찰·채집된 해양생물 소재로 사용할 수 있다.,해양생물 캐릭터와 바다 탐험 동화 소재,"생물의 이름, 서식 해역, 분류를 활용한 관찰 질문과 퀴즈",5-7;8-10,해양생물;갯가꼬마새우;Eualus;sinensis;Thoridae;>;서해;대한민국;충청남도;보령시;오천면;원산도해수욕장,126.433052,대한민국,갯가꼬마새우,Thoridae > Eualus > Eualus sinensis,36.360832,대한민국 충청남도 보령시 오천면 원산도해수욕장,2021-05-10,Eualus sinensis,서해
국립해양생물자원관_해양생물 채집 공간정보,https://www.data.go.kr/data/15151832/openapi.do,2010-08-31,marine_life,Marinobacter algicola,Pseudomonadota > Gammaproteobacteria > Alteromonadales > Alteromonadaceae > Marinobacter > Marinobacter algicola,대한민국 강원도 속초시,대한민국; 동해중부; 대한민국 강원도 속초시,38.217667,128.683884,Marinobacter algicola은(는) 동해중부에서 관찰·채집된 해양생물 소재로 사용할 수 있다.,해양생물 캐릭터와 바다 탐험 동화 소재,"생물의 이름, 서식 해역, 분류를 활용한 관찰 질문과 퀴즈",5-7;8-10,해양생물;Marinobacter;algicola;Pseudomonadota;>;Gammaproteobacteria;Alteromonadales;Alteromonadaceae;동해중부;대한민국;강원도;속초시,128.683884,대한민국,,Pseudomonadota > Gammaproteobacteria > Alteromonadales > Alteromonadaceae > Marinobacter > Marinobacter algicola,38.217667,대한민국 강원도 속초시,2010-08-31,Marinobacter algicola,동해중부
국립해양생물자원관_해양생물 채집 공간정보,https://www.data.go.kr/data/15151832/openapi.do,2019-03-23,marine_life,돗돔,Teleostei > Acropomatiformes > Stereolepididae > Stereolepis > Stereolepis doederleini,대한민국 전라남도 목포시,대한민국; 서해; 대한민국 전라남도 목포시,34.658962,125.689835,돗돔은(는) 서해에서 관찰·채집된 해양생물 소재로 사용할 수 있다.,해양생물 캐릭터와 바다 탐험 동화 소재,"생물의 이름, 서식 해역, 분류를 활용한 관찰 질문과 퀴즈",5-7;8-10,해양생물;돗돔;Stereolepis;doederleini;Teleostei;>;Acropomatiformes;Stereolepididae;서해;대한민국;전라남도;목포시,125.689835,대한민국,돗돔,Teleostei > Acropomatiformes > Stereolepididae > Stereolepis > Stereolepis doederleini,34.658962,대한민국 전라남도 목포시,2019-03-23,Stereolepis doederleini,서해
국립해양생물자원관_해양생물 채집 공간정보,https://www.data.go.kr/data/15151832/openapi.do,2014-09-15,marine_life,Staphylococcus warneri,Staphylococcus warneri,대한민국 충청남도 서천군 장항읍 송림리,대한민국; 서해; 대한민국 충청남도 서천군 장항읍 송림리,36.018505,126.664246,Staphylococcus warneri은(는) 서해에서 관찰·채집된 해양생물 소재로 사용할 수 있다.,해양생물 캐릭터와 바다 탐험 동화 소재,"생물의 이름, 서식 해역, 분류를 활용한 관찰 질문과 퀴즈",5-7;8-10,해양생물;Staphylococcus;warneri;서해;대한민국;충청남도;서천군;장항읍;송림리,126.664246,대한민국,,Staphylococcus warneri,36.018505,대한민국 충청남도 서천군 장항읍 송림리,2014-09-15,Staphylococcus warneri,서해
국립해양생물자원관_해양생물 채집 공간정보,https://www.data.go.kr/data/15151832/openapi.do,2016-02-18,marine_life,Oncholaimus dujardinii,Oncholaimus dujardinii,대한민국 전라남도 진도군 의신면 조간대,대한민국; 남해서부; 대한민국 전라남도 진도군 의신면 조간대,34.395836,126.275284,Oncholaimus dujardinii은(는) 남해서부에서 관찰·채집된 해양생물 소재로 사용할 수 있다.,해양생물 캐릭터와 바다 탐험 동화 소재,"생물의 이름, 서식 해역, 분류를 활용한 관찰 질문과 퀴즈",5-7;8-10,해양생물;Oncholaimus;dujardinii;남해서부;대한민국;전라남도;진도군;의신면;조간대,126.275284,대한민국,,Oncholaimus dujardinii,34.395836,대한민국 전라남도 진도군 의신면 조간대,2016-02-18,Oncholaimus dujardinii,남해서부
국립해양생물자원관_해양생물 채집 공간정보,https://www.data.go.kr/data/15151832/openapi.do,2013-10-20,marine_life,구멍갈파래,Ulvophyceae > Ulvales > Ulvaceae > Ulva > Ulva australis,대한민국 전라남도 완도군 완도읍,대한민국; 서해; 대한민국 전라남도 완도군 완도읍,36.510834,126.327499,구멍갈파래은(는) 서해에서 관찰·채집된 해양생물 소재로 사용할 수 있다.,해양생물 캐릭터와 바다 탐험 동화 소재,"생물의 이름, 서식 해역, 분류를 활용한 관찰 질문과 퀴즈",5-7;8-10,해양생물;구멍갈파래;Ulva;australis;Ulvophyceae;>;Ulvales;Ulvaceae;서해;대한민국;전라남도;완도군,126.327499,대한민국,구멍갈파래,Ulvophyceae > Ulvales > Ulvaceae > Ulva > Ulva australis,36.510834,대한민국 전라남도 완도군 완도읍,2013-10-20,Ulva australis,서해
국립해양생물자원관_해양생물 채집 공간정보,https://www.data.go.kr/data/15151832/openapi.do,2018-05-11,marine_life,민털보라색우무,Symphyocladia glabra,대한민국 경상북도 울릉군 울릉읍,대한민국; 동해중부; 대한민국 경상북도 울릉군 울릉읍,37.239582,131.871918,민털보라색우무은(는) 동해중부에서 관찰·채집된 해양생물 소재로 사용할 수 있다.,해양생물 캐릭터와 바다 탐험 동화 소재,"생물의 이름, 서식 해역, 분류를 활용한 관찰 질문과 퀴즈",5-7;8-10,해양생물;민털보라색우무;Symphyocladia;glabra;동해중부;대한민국;경상북도;울릉군;울릉읍,131.871918,대한민국,민털보라색우무,Symphyocladia glabra,37.239582,대한민국 경상북도 울릉군 울릉읍,2018-05-11,Symphyocladia glabra,동해중부
국립해양생물자원관_해양생물 채집 공간정보,https://www.data.go.kr/data/15151832/openapi.do,2014-09-15,marine_life,Alteraurantiacibacter aquimixticola,Sphingomonadales > Erythrobacteraceae > Alteraurantiacibacter > Alteraurantiacibacter aquimixticola,대한민국 충청남도 서천군 장항읍 송림리,대한민국; 서해; 대한민국 충청남도 서천군 장항읍 송림리,36.018505,126.664246,Alteraurantiacibacter aquimixticola은(는) 서해에서 관찰·채집된 해양생물 소재로 사용할 수 있다.,해양생물 캐릭터와 바다 탐험 동화 소재,"생물의 이름, 서식 해역, 분류를 활용한 관찰 질문과 퀴즈",5-7;8-10,해양생물;Alteraurantiacibacter;aquimixticola;Sphingomonadales;>;Erythrobacteraceae;서해;대한민국;충청남도;서천군;장항읍;송림리,126.664246,대한민국,,Sphingomonadales > Erythrobacteraceae > Alteraurantiacibacter > Alteraurantiacibacter aquimixticola,36.018505,대한민국 충청남도 서천군 장항읍 송림리,2014-09-15,Alteraurantiacibacter aquimixticola,서해
국립해양생물자원관_해양생물 채집 공간정보,https://www.data.go.kr/data/15151832/openapi.do,2017-10-17,marine_life,Champia parvula,Rhodymeniales > Champiaceae > Champia > Champia parvula,대한민국 강원도 삼척시 근덕면,대한민국; 동해중부; 대한민국 강원도 삼척시 근덕면,37.290668,129.317657,Champia parvula은(는) 동해중부에서 관찰·채집된 해양생물 소재로 사용할 수 있다.,해양생물 캐릭터와 바다 탐험 동화 소재,"생물의 이름, 서식 해역, 분류를 활용한 관찰 질문과 퀴즈",5-7;8-10,해양생물;Champia;parvula;Rhodymeniales;>;Champiaceae;동해중부;대한민국;강원도;삼척시;근덕면,129.317657,대한민국,,Rhodymeniales > Champiaceae > Champia > Champia parvula,37.290668,대한민국 강원도 삼척시 근덕면,2017-10-17,Champia parvula,동해중부
국립해양생물자원관_해양생물 채집 공간정보,https://www.data.go.kr/data/15151832/openapi.do,2013-12-30,marine_life,참깃털말,Ulvophyceae > Bryopsidales > Bryopsidaceae > Bryopsis > Bryopsis plumosa,대한민국 전라남도 완도군 완도읍,대한민국; 남해서부; 대한민국 전라남도 완도군 완도읍,34.296329,126.701500,참깃털말은(는) 남해서부에서 관찰·채집된 해양생물 소재로 사용할 수 있다.,해양생물 캐릭터와 바다 탐험 동화 소재,"생물의 이름, 서식 해역, 분류를 활용한 관찰 질문과 퀴즈",5-7;8-10,해양생물;참깃털말;Bryopsis;plumosa;Ulvophyceae;>;Bryopsidales;Bryopsidaceae;남해서부;대한민국;전라남도;완도군,126.701500,대한민국,참깃털말,Ulvophyceae > Bryopsidales > Bryopsidaceae > Bryopsis > Bryopsis plumosa,34.296329,대한민국 전라남도 완도군 완도읍,2013-12-30,Bryopsis plumosa,남해서부
국립해양생물자원관_해양생물 채집 공간정보,https://www.data.go.kr/data/15151832/openapi.do,2015-07-18,marine_life,Microbacterium halimionae,Micrococcales > Microbacteriaceae > Microbacterium > Microbacterium halimionae,대한민국 경상남도 통영시 도산면 도선리 396-4,대한민국; 남해동부; 대한민국 경상남도 통영시 도산면 도선리 396-4,34.918602,128.354828,Microbacterium halimionae은(는) 남해동부에서 관찰·채집된 해양생물 소재로 사용할 수 있다.,해양생물 캐릭터와 바다 탐험 동화 소재,"생물의 이름, 서식 해역, 분류를 활용한 관찰 질문과 퀴즈",5-7;8-10,해양생물;Microbacterium;halimionae;Micrococcales;>;Microbacteriaceae;남해동부;대한민국;경상남도;통영시;도산면;도선리,128.354828,대한민국,,Micrococcales > Microbacteriaceae > Microbacterium > Microbacterium halimionae,34.918602,대한민국 경상남도 통영시 도산면 도선리 396-4,2015-07-18,Microbacterium halimionae,남해동부
국립해양생물자원관_해양생물 채집 공간정보,https://www.data.go.kr/data/15151832/openapi.do,2014-04-15,marine_life,납작파래,Ulvophyceae > Ulvales > Ulvaceae > Ulva > Ulva compressa,대한민국 전라남도 완도군 완도읍,대한민국; 남해서부; 대한민국 전라남도 완도군 완도읍,34.298210,126.742950,납작파래은(는) 남해서부에서 관찰·채집된 해양생물 소재로 사용할 수 있다.,해양생물 캐릭터와 바다 탐험 동화 소재,"생물의 이름, 서식 해역, 분류를 활용한 관찰 질문과 퀴즈",5-7;8-10,해양생물;납작파래;Ulva;compressa;Ulvophyceae;>;Ulvales;Ulvaceae;남해서부;대한민국;전라남도;완도군,126.742950,대한민국,납작파래,Ulvophyceae > Ulvales > Ulvaceae > Ulva > Ulva compressa,34.298210,대한민국 전라남도 완도군 완도읍,2014-04-15,Ulva compressa,남해서부
국립해양생물자원관_해양생물 채집 공간정보,https://www.data.go.kr/data/15151832/openapi.do,2015-12-23,marine_life,갈색대마디말,Ulvophyceae > Cladophorales > Cladophoraceae > Cladophora > Cladophora wrightiana var. minor,대한민국 제주특별자치도 서귀포시 안덕면,대한민국; 남해서부; 대한민국 제주특별자치도 서귀포시 안덕면,33.219082,126.318726,갈색대마디말은(는) 남해서부에서 관찰·채집된 해양생물 소재로 사용할 수 있다.,해양생물 캐릭터와 바다 탐험 동화 소재,"생물의 이름, 서식 해역, 분류를 활용한 관찰 질문과 퀴즈",5-7;8-10,해양생물;갈색대마디말;Cladophora;wrightiana;var.;minor;Ulvophyceae;>;Cladophorales;Cladophoraceae;남해서부;대한민국,126.318726,대한민국,갈색대마디말,Ulvophyceae > Cladophorales > Cladophoraceae > Cladophora > Cladophora wrightiana var. minor,33.219082,대한민국 제주특별자치도 서귀포시 안덕면,2015-12-23,Cladophora wrightiana var. minor,남해서부
국립해양생물자원관_해양생물 채집 공간정보,https://www.data.go.kr/data/15151832/openapi.do,2016-07-07,marine_life,Shewanella waksmanii,Shewanellaceae > Shewanella > Shewanella waksmanii,대한민국 경상북도 울릉군 울릉읍 독도,대한민국; 동해중부; 대한민국 경상북도 울릉군 울릉읍 독도,37.240276,131.866119,Shewanella waksmanii은(는) 동해중부에서 관찰·채집된 해양생물 소재로 사용할 수 있다.,해양생물 캐릭터와 바다 탐험 동화 소재,"생물의 이름, 서식 해역, 분류를 활용한 관찰 질문과 퀴즈",5-7;8-10,해양생물;Shewanella;waksmanii;Shewanellaceae;>;동해중부;대한민국;경상북도;울릉군;울릉읍;독도,131.866119,대한민국,,Shewanellaceae > Shewanella > Shewanella waksmanii,37.240276,대한민국 경상북도 울릉군 울릉읍 독도,2016-07-07,Shewanella waksmanii,동해중부
국립해양생물자원관_해양생물 채집 공간정보,https://www.data.go.kr/data/15151832/openapi.do,2015-04-05,marine_life,줄가자미,Teleostei > Pleuronectiformes > Pleuronectidae > Clidoderma > Clidoderma asperrimum,대한민국 경상남도 통영시,대한민국; 남해동부; 대한민국 경상남도 통영시,34.842159,128.435608,줄가자미은(는) 남해동부에서 관찰·채집된 해양생물 소재로 사용할 수 있다.,해양생물 캐릭터와 바다 탐험 동화 소재,"생물의 이름, 서식 해역, 분류를 활용한 관찰 질문과 퀴즈",5-7;8-10,해양생물;줄가자미;Clidoderma;asperrimum;Teleostei;>;Pleuronectiformes;Pleuronectidae;남해동부;대한민국;경상남도;통영시,128.435608,대한민국,줄가자미,Teleostei > Pleuronectiformes > Pleuronectidae > Clidoderma > Clidoderma asperrimum,34.842159,대한민국 경상남도 통영시,2015-04-05,Clidoderma asperrimum,남해동부
국립해양생물자원관_해양생물 채집 공간정보,https://www.data.go.kr/data/15151832/openapi.do,2016-07-07,marine_life,Shewanella waksmanii,Shewanellaceae > Shewanella > Shewanella waksmanii,대한민국 경상북도 울릉군 울릉읍 독도,대한민국; 동해중부; 대한민국 경상북도 울릉군 울릉읍 독도,37.240276,131.866119,Shewanella waksmanii은(는) 동해중부에서 관찰·채집된 해양생물 소재로 사용할 수 있다.,해양생물 캐릭터와 바다 탐험 동화 소재,"생물의 이름, 서식 해역, 분류를 활용한 관찰 질문과 퀴즈",5-7;8-10,해양생물;Shewanella;waksmanii;Shewanellaceae;>;동해중부;대한민국;경상북도;울릉군;울릉읍;독도,131.866119,대한민국,,Shewanellaceae > Shewanella > Shewanella waksmanii,37.240276,대한민국 경상북도 울릉군 울릉읍 독도,2016-07-07,Shewanella waksmanii,동해중부
국립해양생물자원관_해양생물 채집 공간정보,https://www.data.go.kr/data/15151832/openapi.do,2012-06-15,marine_life,방황혹산호말,Rhodophyta > Florideophyceae > Corallinales > Corallinaceae > Corallina > Corallina aberrans,대한민국 제주특별자치도 제주시,대한민국; 남해서부; 대한민국 제주특별자치도 제주시,33.498329,126.443436,방황혹산호말은(는) 남해서부에서 관찰·채집된 해양생물 소재로 사용할 수 있다.,해양생물 캐릭터와 바다 탐험 동화 소재,"생물의 이름, 서식 해역, 분류를 활용한 관찰 질문과 퀴즈",5-7;8-10,해양생물;방황혹산호말;Corallina;aberrans;Rhodophyta;>;Florideophyceae;Corallinales;Corallinaceae;남해서부;대한민국;제주특별자치도,126.443436,대한민국,방황혹산호말,Rhodophyta > Florideophyceae > Corallinales > Corallinaceae > Corallina > Corallina aberrans,33.498329,대한민국 제주특별자치도 제주시,2012-06-15,Corallina aberrans,남해서부
국립해양생물자원관_해양생물 채집 공간정보,https://www.data.go.kr/data/15151832/openapi.do,2011-05-15,marine_life,Ditrichocorycaeus affinis,Ditrichocorycaeus affinis,대한민국 전라남도 진도군,대한민국; 남해서부; 대한민국 전라남도 진도군,34.300301,126.143684,Ditrichocorycaeus affinis은(는) 남해서부에서 관찰·채집된 해양생물 소재로 사용할 수 있다.,해양생물 캐릭터와 바다 탐험 동화 소재,"생물의 이름, 서식 해역, 분류를 활용한 관찰 질문과 퀴즈",5-7;8-10,해양생물;Ditrichocorycaeus;affinis;남해서부;대한민국;전라남도;진도군,126.143684,대한민국,,Ditrichocorycaeus affinis,34.300301,대한민국 전라남도 진도군,2011-05-15,Ditrichocorycaeus affinis,남해서부
국립해양생물자원관_해양생물 채집 공간정보,https://www.data.go.kr/data/15151832/openapi.do,2016-11-23,marine_life,Pseudovibrio ascidiaceicola,Stappiaceae > Pseudovibrio > Pseudovibrio ascidiaceicola,대한민국 제주특별자치도 서귀포시 대정읍 가파리,대한민국; 남해서부; 대한민국 제주특별자치도 서귀포시 대정읍 가파리,33.165001,126.273056,Pseudovibrio ascidiaceicola은(는) 남해서부에서 관찰·채집된 해양생물 소재로 사용할 수 있다.,해양생물 캐릭터와 바다 탐험 동화 소재,"생물의 이름, 서식 해역, 분류를 활용한 관찰 질문과 퀴즈",5-7;8-10,해양생물;Pseudovibrio;ascidiaceicola;Stappiaceae;>;남해서부;대한민국;제주특별자치도;서귀포시;대정읍;가파리,126.273056,대한민국,,Stappiaceae > Pseudovibrio > Pseudovibrio ascidiaceicola,33.165001,대한민국 제주특별자치도 서귀포시 대정읍 가파리,2016-11-23,Pseudovibrio ascidiaceicola,남해서부
국립해양생물자원관_해양생물 채집 공간정보,https://www.data.go.kr/data/15151832/openapi.do,2011-08-23,marine_life,가시부푼긴노벌레,Tortanus > Eutortanus > Tortanus (Eutortanus) spinicaudatus,대한민국 경기도 안산시,대한민국; 서해; 대한민국 경기도 안산시,37.307415,126.709496,가시부푼긴노벌레은(는) 서해에서 관찰·채집된 해양생물 소재로 사용할 수 있다.,해양생물 캐릭터와 바다 탐험 동화 소재,"생물의 이름, 서식 해역, 분류를 활용한 관찰 질문과 퀴즈",5-7;8-10,해양생물;가시부푼긴노벌레;Tortanus;(Eutortanus);spinicaudatus;>;Eutortanus;서해;대한민국;경기도;안산시,126.709496,대한민국,가시부푼긴노벌레,Tortanus > Eutortanus > Tortanus (Eutortanus) spinicaudatus,37.307415,대한민국 경기도 안산시,2011-08-23,Tortanus (Eutortanus) spinicaudatus,서해
국립해양생물자원관_해양생물 채집 공간정보,https://www.data.go.kr/data/15151832/openapi.do,2011-05-15,marine_life,오모리작은노벌레,Copepoda > Calanoida > Acartiidae > Acartia > Acartiura > Acartia (Acartiura) omorii,대한민국 전라남도 진도군,대한민국; 남해서부; 대한민국 전라남도 진도군,34.347382,126.042252,오모리작은노벌레은(는) 남해서부에서 관찰·채집된 해양생물 소재로 사용할 수 있다.,해양생물 캐릭터와 바다 탐험 동화 소재,"생물의 이름, 서식 해역, 분류를 활용한 관찰 질문과 퀴즈",5-7;8-10,해양생물;오모리작은노벌레;Acartia;(Acartiura);omorii;Copepoda;>;Calanoida;Acartiidae;Acartiura;남해서부;대한민국,126.042252,대한민국,오모리작은노벌레,Copepoda > Calanoida > Acartiidae > Acartia > Acartiura > Acartia (Acartiura) omorii,34.347382,대한민국 전라남도 진도군,2011-05-15,Acartia (Acartiura) omorii,남해서부
국립해양생물자원관_해양생물 채집 공간정보,https://www.data.go.kr/data/15151832/openapi.do,2024-02-22,marine_life,납작파래,Ulvophyceae > Ulvales > Ulvaceae > Ulva > Ulva compressa,대한민국 충청남도 서천군 장항읍 유부도,대한민국; 서해; 대한민국 충청남도 서천군 장항읍 유부도,35.990700,126.602226,납작파래은(는) 서해에서 관찰·채집된 해양생물 소재로 사용할 수 있다.,해양생물 캐릭터와 바다 탐험 동화 소재,"생물의 이름, 서식 해역, 분류를 활용한 관찰 질문과 퀴즈",5-7;8-10,해양생물;납작파래;Ulva;compressa;Ulvophyceae;>;Ulvales;Ulvaceae;서해;대한민국;충청남도;서천군,126.602226,대한민국,납작파래,Ulvophyceae > Ulvales > Ulvaceae > Ulva > Ulva compressa,35.990700,대한민국 충청남도 서천군 장항읍 유부도,2024-02-22,Ulva compressa,서해
국립해양생물자원관_해양생물 채집 공간정보,https://www.data.go.kr/data/15151832/openapi.do,2011-07-04,marine_life,Paracalanus parvus parvus,Paracalanus parvus parvus,대한민국 전라남도 광양시,대한민국; 남해동부; 대한민국 전라남도 광양시,34.906860,127.825592,Paracalanus parvus parvus은(는) 남해동부에서 관찰·채집된 해양생물 소재로 사용할 수 있다.,해양생물 캐릭터와 바다 탐험 동화 소재,"생물의 이름, 서식 해역, 분류를 활용한 관찰 질문과 퀴즈",5-7;8-10,해양생물;Paracalanus;parvus;남해동부;대한민국;전라남도;광양시,127.825592,대한민국,,Paracalanus parvus parvus,34.906860,대한민국 전라남도 광양시,2011-07-04,Paracalanus parvus parvus,남해동부
국립해양생물자원관_해양생물 채집 공간정보,https://www.data.go.kr/data/15151832/openapi.do,2024-05-28,marine_life,털다리참집게,Pleocyemata > Anomura > Paguroidea > Paguridae > Pagurus > Pagurus lanuginosus,대한민국 경상남도 남해군 미조면 북미조항,대한민국; 남해동부; 대한민국 경상남도 남해군 미조면 북미조항,34.713333,128.046112,털다리참집게은(는) 남해동부에서 관찰·채집된 해양생물 소재로 사용할 수 있다.,해양생물 캐릭터와 바다 탐험 동화 소재,"생물의 이름, 서식 해역, 분류를 활용한 관찰 질문과 퀴즈",5-7;8-10,해양생물;털다리참집게;Pagurus;lanuginosus;Pleocyemata;>;Anomura;Paguroidea;Paguridae;남해동부;대한민국;경상남도,128.046112,대한민국,털다리참집게,Pleocyemata > Anomura > Paguroidea > Paguridae > Pagurus > Pagurus lanuginosus,34.713333,대한민국 경상남도 남해군 미조면 북미조항,2024-05-28,Pagurus lanuginosus,남해동부
국립해양생물자원관_해양생물 채집 공간정보,https://www.data.go.kr/data/15151832/openapi.do,2021-03-23,marine_life,해변도랑반날개,Staphylinidae > Aleocharinae > Myrmecopora > Lamproxenusa > Myrmecopora (Lamproxenusa) reticulata,대한민국 전라남도 무안군 망운면,대한민국; 서해; 대한민국 전라남도 무안군 망운면,34.968388,126.385056,해변도랑반날개은(는) 서해에서 관찰·채집된 해양생물 소재로 사용할 수 있다.,해양생물 캐릭터와 바다 탐험 동화 소재,"생물의 이름, 서식 해역, 분류를 활용한 관찰 질문과 퀴즈",5-7;8-10,해양생물;해변도랑반날개;Myrmecopora;(Lamproxenusa);reticulata;Staphylinidae;>;Aleocharinae;Lamproxenusa;서해;대한민국;전라남도,126.385056,대한민국,해변도랑반날개,Staphylinidae > Aleocharinae > Myrmecopora > Lamproxenusa > Myrmecopora (Lamproxenusa) reticulata,34.968388,대한민국 전라남도 무안군 망운면,2021-03-23,Myrmecopora (Lamproxenusa) reticulata,서해
국립해양생물자원관_해양생물 채집 공간정보,https://www.data.go.kr/data/15151832/openapi.do,2021-05-18,marine_life,세줄해변바수염반날개,Triochara > Aleochara (Triochara) trisulcata,대한민국 전라북도 부안군 변산면,대한민국; 서해; 대한민국 전라북도 부안군 변산면,35.661697,126.507195,세줄해변바수염반날개은(는) 서해에서 관찰·채집된 해양생물 소재로 사용할 수 있다.,해양생물 캐릭터와 바다 탐험 동화 소재,"생물의 이름, 서식 해역, 분류를 활용한 관찰 질문과 퀴즈",5-7;8-10,해양생물;세줄해변바수염반날개;Aleochara;(Triochara);trisulcata;Triochara;>;서해;대한민국;전라북도;부안군;변산면,126.507195,대한민국,세줄해변바수염반날개,Triochara > Aleochara (Triochara) trisulcata,35.661697,대한민국 전라북도 부안군 변산면,2021-05-18,Aleochara (Triochara) trisulcata,서해
국립해양생물자원관_해양생물 채집 공간정보,https://www.data.go.kr/data/15151832/openapi.do,2011-05-15,marine_life,오츠카작은노벌레,Odontacartia > Acartia (Odontacartia) ohtsukai,대한민국 전라남도 진도군,대한민국; 남해서부; 대한민국 전라남도 진도군,34.367794,126.075226,오츠카작은노벌레은(는) 남해서부에서 관찰·채집된 해양생물 소재로 사용할 수 있다.,해양생물 캐릭터와 바다 탐험 동화 소재,"생물의 이름, 서식 해역, 분류를 활용한 관찰 질문과 퀴즈",5-7;8-10,해양생물;오츠카작은노벌레;Acartia;(Odontacartia);ohtsukai;Odontacartia;>;남해서부;대한민국;전라남도;진도군,126.075226,대한민국,오츠카작은노벌레,Odontacartia > Acartia (Odontacartia) ohtsukai,34.367794,대한민국 전라남도 진도군,2011-05-15,Acartia (Odontacartia) ohtsukai,남해서부
국립해양생물자원관_해양생물 채집 공간정보,https://www.data.go.kr/data/15151832/openapi.do,2011-09-05,marine_life,톱니꼬리검물벼룩,Eucyclops Serrulatus,대한민국 강원도 강릉시,대한민국; 동해중부; 대한민국 강원도 강릉시,37.911358,128.812164,톱니꼬리검물벼룩은(는) 동해중부에서 관찰·채집된 해양생물 소재로 사용할 수 있다.,해양생물 캐릭터와 바다 탐험 동화 소재,"생물의 이름, 서식 해역, 분류를 활용한 관찰 질문과 퀴즈",5-7;8-10,해양생물;톱니꼬리검물벼룩;Eucyclops;Serrulatus;동해중부;대한민국;강원도;강릉시,128.812164,대한민국,톱니꼬리검물벼룩,Eucyclops Serrulatus,37.911358,대한민국 강원도 강릉시,2011-09-05,Eucyclops Serrulatus,동해중부
국립해양생물자원관_해양생물 채집 공간정보,https://www.data.go.kr/data/15151832/openapi.do,2021-05-11,marine_life,꽃부채게,Xanthoidea > Xanthidae > Xanthinae > Macromedaeus > Macromedaeus distinguendus,대한민국 충청남도 태안군 소원면 의항해수욕장,대한민국; 서해; 대한민국 충청남도 태안군 소원면 의항해수욕장,36.829445,126.157143,꽃부채게은(는) 서해에서 관찰·채집된 해양생물 소재로 사용할 수 있다.,해양생물 캐릭터와 바다 탐험 동화 소재,"생물의 이름, 서식 해역, 분류를 활용한 관찰 질문과 퀴즈",5-7;8-10,해양생물;꽃부채게;Macromedaeus;distinguendus;Xanthoidea;>;Xanthidae;Xanthinae;서해;대한민국;충청남도;태안군,126.157143,대한민국,꽃부채게,Xanthoidea > Xanthidae > Xanthinae > Macromedaeus > Macromedaeus distinguendus,36.829445,대한민국 충청남도 태안군 소원면 의항해수욕장,2021-05-11,Macromedaeus distinguendus,서해
국립해양생물자원관_해양생물 채집 공간정보,https://www.data.go.kr/data/15151832/openapi.do,2016-06-18,marine_life,Marylynnia hopperi,Nematoda > Chromadorea > Chromadorida > Cyatholaimidae > Marylynnia > Marylynnia hopperi,대한민국 경상북도 울릉군 울릉읍 조하대,대한민국; 동해중부; 대한민국 경상북도 울릉군 울릉읍 조하대,37.539951,130.846436,Marylynnia hopperi은(는) 동해중부에서 관찰·채집된 해양생물 소재로 사용할 수 있다.,해양생물 캐릭터와 바다 탐험 동화 소재,"생물의 이름, 서식 해역, 분류를 활용한 관찰 질문과 퀴즈",5-7;8-10,해양생물;Marylynnia;hopperi;Nematoda;>;Chromadorea;Chromadorida;Cyatholaimidae;동해중부;대한민국;경상북도;울릉군,130.846436,대한민국,,Nematoda > Chromadorea > Chromadorida > Cyatholaimidae > Marylynnia > Marylynnia hopperi,37.539951,대한민국 경상북도 울릉군 울릉읍 조하대,2016-06-18,Marylynnia hopperi,동해중부
국립해양생물자원관_해양생물 채집 공간정보,https://www.data.go.kr/data/15151832/openapi.do,2016-06-18,marine_life,Marylynnia hopperi,Nematoda > Chromadorea > Chromadorida > Cyatholaimidae > Marylynnia > Marylynnia hopperi,대한민국 경상북도 울릉군 울릉읍 조하대,대한민국; 동해중부; 대한민국 경상북도 울릉군 울릉읍 조하대,37.539951,130.846436,Marylynnia hopperi은(는) 동해중부에서 관찰·채집된 해양생물 소재로 사용할 수 있다.,해양생물 캐릭터와 바다 탐험 동화 소재,"생물의 이름, 서식 해역, 분류를 활용한 관찰 질문과 퀴즈",5-7;8-10,해양생물;Marylynnia;hopperi;Nematoda;>;Chromadorea;Chromadorida;Cyatholaimidae;동해중부;대한민국;경상북도;울릉군,130.846436,대한민국,,Nematoda > Chromadorea > Chromadorida > Cyatholaimidae > Marylynnia > Marylynnia hopperi,37.539951,대한민국 경상북도 울릉군 울릉읍 조하대,2016-06-18,Marylynnia hopperi,동해중부
국립해양생물자원관_해양생물 채집 공간정보,https://www.data.go.kr/data/15151832/openapi.do,2016-06-18,marine_life,Marylynnia hopperi,Nematoda > Chromadorea > Chromadorida > Cyatholaimidae > Marylynnia > Marylynnia hopperi,대한민국 경상북도 울릉군 울릉읍 조하대,대한민국; 동해중부; 대한민국 경상북도 울릉군 울릉읍 조하대,37.539951,130.846436,Marylynnia hopperi은(는) 동해중부에서 관찰·채집된 해양생물 소재로 사용할 수 있다.,해양생물 캐릭터와 바다 탐험 동화 소재,"생물의 이름, 서식 해역, 분류를 활용한 관찰 질문과 퀴즈",5-7;8-10,해양생물;Marylynnia;hopperi;Nematoda;>;Chromadorea;Chromadorida;Cyatholaimidae;동해중부;대한민국;경상북도;울릉군,130.846436,대한민국,,Nematoda > Chromadorea > Chromadorida > Cyatholaimidae > Marylynnia > Marylynnia hopperi,37.539951,대한민국 경상북도 울릉군 울릉읍 조하대,2016-06-18,Marylynnia hopperi,동해중부
국립해양생물자원관_해양생물 채집 공간정보,https://www.data.go.kr/data/15151832/openapi.do,2016-05-27,marine_life,Anderseniella baltica,Pseudomonadota > Alphaproteobacteria > Hyphomicrobiales > Parvibaculaceae > Anderseniella > Anderseniella baltica,대한민국 전라북도 군산시 옥도면 개야도,대한민국; 서해; 대한민국 전라북도 군산시 옥도면 개야도,36.054722,126.525002,Anderseniella baltica은(는) 서해에서 관찰·채집된 해양생물 소재로 사용할 수 있다.,해양생물 캐릭터와 바다 탐험 동화 소재,"생물의 이름, 서식 해역, 분류를 활용한 관찰 질문과 퀴즈",5-7;8-10,해양생물;Anderseniella;baltica;Pseudomonadota;>;Alphaproteobacteria;Hyphomicrobiales;Parvibaculaceae;서해;대한민국;전라북도;군산시,126.525002,대한민국,,Pseudomonadota > Alphaproteobacteria > Hyphomicrobiales > Parvibaculaceae > Anderseniella > Anderseniella baltica,36.054722,대한민국 전라북도 군산시 옥도면 개야도,2016-05-27,Anderseniella baltica,서해
국립해양생물자원관_해양생물 채집 공간정보,https://www.data.go.kr/data/15151832/openapi.do,2016-05-27,marine_life,Maribacter litoralis,Maribacter litoralis,대한민국 전라북도 군산시 옥도면 개야도,대한민국; 서해; 대한민국 전라북도 군산시 옥도면 개야도,36.054722,126.525002,Maribacter litoralis은(는) 서해에서 관찰·채집된 해양생물 소재로 사용할 수 있다.,해양생물 캐릭터와 바다 탐험 동화 소재,"생물의 이름, 서식 해역, 분류를 활용한 관찰 질문과 퀴즈",5-7;8-10,해양생물;Maribacter;litoralis;서해;대한민국;전라북도;군산시;옥도면;개야도,126.525002,대한민국,,Maribacter litoralis,36.054722,대한민국 전라북도 군산시 옥도면 개야도,2016-05-27,Maribacter litoralis,서해
국립해양생물자원관_해양생물 채집 공간정보,https://www.data.go.kr/data/15151832/openapi.do,2017-01-19,marine_life,Daptonema calceolatum,Xyalidae > Daptonema > Daptonema calceolatum,대한민국 전라남도 고흥군 영남면 조간대,대한민국; 남해서부; 대한민국 전라남도 고흥군 영남면 조간대,34.578617,127.480278,Daptonema calceolatum은(는) 남해서부에서 관찰·채집된 해양생물 소재로 사용할 수 있다.,해양생물 캐릭터와 바다 탐험 동화 소재,"생물의 이름, 서식 해역, 분류를 활용한 관찰 질문과 퀴즈",5-7;8-10,해양생물;Daptonema;calceolatum;Xyalidae;>;남해서부;대한민국;전라남도;고흥군;영남면;조간대,127.480278,대한민국,,Xyalidae > Daptonema > Daptonema calceolatum,34.578617,대한민국 전라남도 고흥군 영남면 조간대,2017-01-19,Daptonema calceolatum,남해서부
국립해양생물자원관_해양생물 채집 공간정보,https://www.data.go.kr/data/15151832/openapi.do,2016-04-27,marine_life,Maribacter dokdonensis,Maribacter dokdonensis,대한민국 경상북도 울릉군 서면 남양리,대한민국; 동해중부; 대한민국 경상북도 울릉군 서면 남양리,37.460278,130.856949,Maribacter dokdonensis은(는) 동해중부에서 관찰·채집된 해양생물 소재로 사용할 수 있다.,해양생물 캐릭터와 바다 탐험 동화 소재,"생물의 이름, 서식 해역, 분류를 활용한 관찰 질문과 퀴즈",5-7;8-10,해양생물;Maribacter;dokdonensis;동해중부;대한민국;경상북도;울릉군;서면;남양리,130.856949,대한민국,,Maribacter dokdonensis,37.460278,대한민국 경상북도 울릉군 서면 남양리,2016-04-27,Maribacter dokdonensis,동해중부
국립해양생물자원관_해양생물 채집 공간정보,https://www.data.go.kr/data/15151832/openapi.do,2016-04-27,marine_life,Maribacter dokdonensis,Maribacter dokdonensis,대한민국 경상북도 울릉군 서면 남양리,대한민국; 동해중부; 대한민국 경상북도 울릉군 서면 남양리,37.460278,130.856949,Maribacter dokdonensis은(는) 동해중부에서 관찰·채집된 해양생물 소재로 사용할 수 있다.,해양생물 캐릭터와 바다 탐험 동화 소재,"생물의 이름, 서식 해역, 분류를 활용한 관찰 질문과 퀴즈",5-7;8-10,해양생물;Maribacter;dokdonensis;동해중부;대한민국;경상북도;울릉군;서면;남양리,130.856949,대한민국,,Maribacter dokdonensis,37.460278,대한민국 경상북도 울릉군 서면 남양리,2016-04-27,Maribacter dokdonensis,동해중부
국립해양생물자원관_해양생물 채집 공간정보,https://www.data.go.kr/data/15151832/openapi.do,2019-06-26,marine_life,넓은사슬풀,Rhodymeniales > Champiaceae > Champia > Champia expansa,대한민국 제주특별자치도 제주시 우도면,대한민국; 남해서부; 대한민국 제주특별자치도 제주시 우도면,33.495529,126.931328,넓은사슬풀은(는) 남해서부에서 관찰·채집된 해양생물 소재로 사용할 수 있다.,해양생물 캐릭터와 바다 탐험 동화 소재,"생물의 이름, 서식 해역, 분류를 활용한 관찰 질문과 퀴즈",5-7;8-10,해양생물;넓은사슬풀;Champia;expansa;Rhodymeniales;>;Champiaceae;남해서부;대한민국;제주특별자치도;제주시;우도면,126.931328,대한민국,넓은사슬풀,Rhodymeniales > Champiaceae > Champia > Champia expansa,33.495529,대한민국 제주특별자치도 제주시 우도면,2019-06-26,Champia expansa,남해서부
국립해양생물자원관_해양생물 채집 공간정보,https://www.data.go.kr/data/15151832/openapi.do,2012-08-21,marine_life,덩이애기산호말,Rhodophyta > Florideophyceae > Corallinales > Corallinaceae > Jania > Jania pedunculata var. adhaerens,대한민국 제주특별자치도 서귀포시 성산읍,대한민국; 남해서부; 대한민국 제주특별자치도 서귀포시 성산읍,33.461697,126.941757,덩이애기산호말은(는) 남해서부에서 관찰·채집된 해양생물 소재로 사용할 수 있다.,해양생물 캐릭터와 바다 탐험 동화 소재,"생물의 이름, 서식 해역, 분류를 활용한 관찰 질문과 퀴즈",5-7;8-10,해양생물;덩이애기산호말;Jania;pedunculata;var.;adhaerens;Rhodophyta;>;Florideophyceae;Corallinales;Corallinaceae;남해서부,126.941757,대한민국,덩이애기산호말,Rhodophyta > Florideophyceae > Corallinales > Corallinaceae > Jania > Jania pedunculata var. adhaerens,33.461697,대한민국 제주특별자치도 서귀포시 성산읍,2012-08-21,Jania pedunculata var. adhaerens,남해서부
국립해양생물자원관_해양생물 채집 공간정보,https://www.data.go.kr/data/15151832/openapi.do,2013-02-19,marine_life,누운청각,Ulvophyceae > Bryopsidales > Codiaceae > Codium > Codium coactum,대한민국 제주특별자치도 서귀포시 성산읍,대한민국; 남해서부; 대한민국 제주특별자치도 서귀포시 성산읍,33.470974,126.935692,누운청각은(는) 남해서부에서 관찰·채집된 해양생물 소재로 사용할 수 있다.,해양생물 캐릭터와 바다 탐험 동화 소재,"생물의 이름, 서식 해역, 분류를 활용한 관찰 질문과 퀴즈",5-7;8-10,해양생물;누운청각;Codium;coactum;Ulvophyceae;>;Bryopsidales;Codiaceae;남해서부;대한민국;제주특별자치도;서귀포시,126.935692,대한민국,누운청각,Ulvophyceae > Bryopsidales > Codiaceae > Codium > Codium coactum,33.470974,대한민국 제주특별자치도 서귀포시 성산읍,2013-02-19,Codium coactum,남해서부
국립해양생물자원관_해양생물 채집 공간정보,https://www.data.go.kr/data/15151832/openapi.do,2021-06-23,marine_life,좀해변바수염반날개,Staphylinidae > Aleocharinae > Aleochara > Emplenota > Aleochara (Emplenota) fucicola,대한민국 인천광역시 옹진군,대한민국; 서해; 대한민국 인천광역시 옹진군,37.949390,124.719582,좀해변바수염반날개은(는) 서해에서 관찰·채집된 해양생물 소재로 사용할 수 있다.,해양생물 캐릭터와 바다 탐험 동화 소재,"생물의 이름, 서식 해역, 분류를 활용한 관찰 질문과 퀴즈",5-7;8-10,해양생물;좀해변바수염반날개;Aleochara;(Emplenota);fucicola;Staphylinidae;>;Aleocharinae;Emplenota;서해;대한민국;인천광역시,124.719582,대한민국,좀해변바수염반날개,Staphylinidae > Aleocharinae > Aleochara > Emplenota > Aleochara (Emplenota) fucicola,37.949390,대한민국 인천광역시 옹진군,2021-06-23,Aleochara (Emplenota) fucicola,서해
국립해양생물자원관_해양생물 채집 공간정보,https://www.data.go.kr/data/15151832/openapi.do,2021-04-15,marine_life,한국갯벌반날개,Staphylinidae > Aleocharinae > Bryothinusa > Bryothinusa koreana,대한민국 충청남도 당진시 석문면,대한민국; 서해; 대한민국 충청남도 당진시 석문면,37.045918,126.527695,한국갯벌반날개은(는) 서해에서 관찰·채집된 해양생물 소재로 사용할 수 있다.,해양생물 캐릭터와 바다 탐험 동화 소재,"생물의 이름, 서식 해역, 분류를 활용한 관찰 질문과 퀴즈",5-7;8-10,해양생물;한국갯벌반날개;Bryothinusa;koreana;Staphylinidae;>;Aleocharinae;서해;대한민국;충청남도;당진시;석문면,126.527695,대한민국,한국갯벌반날개,Staphylinidae > Aleocharinae > Bryothinusa > Bryothinusa koreana,37.045918,대한민국 충청남도 당진시 석문면,2021-04-15,Bryothinusa koreana,서해
국립해양생물자원관_해양생물 채집 공간정보,https://www.data.go.kr/data/15151832/openapi.do,2021-05-13,marine_life,붉은줄참새우,Pleocyemata > Caridea > Palaemonoidea > Palaemonidae > Palaemon > Palaemon macrodactylus,대한민국 충청남도 보령시 웅천읍 독산해수욕장,대한민국; 서해; 대한민국 충청남도 보령시 웅천읍 독산해수욕장,36.220280,126.529167,붉은줄참새우은(는) 서해에서 관찰·채집된 해양생물 소재로 사용할 수 있다.,해양생물 캐릭터와 바다 탐험 동화 소재,"생물의 이름, 서식 해역, 분류를 활용한 관찰 질문과 퀴즈",5-7;8-10,해양생물;붉은줄참새우;Palaemon;macrodactylus;Pleocyemata;>;Caridea;Palaemonoidea;Palaemonidae;서해;대한민국;충청남도,126.529167,대한민국,붉은줄참새우,Pleocyemata > Caridea > Palaemonoidea > Palaemonidae > Palaemon > Palaemon macrodactylus,36.220280,대한민국 충청남도 보령시 웅천읍 독산해수욕장,2021-05-13,Palaemon macrodactylus,서해
국립해양생물자원관_해양생물 채집 공간정보,https://www.data.go.kr/data/15151832/openapi.do,2014-08-10,marine_life,바위대마디말,Ulvophyceae > Cladophorales > Cladophoraceae > Rama > Rama rupestris,대한민국 경상북도 울릉군 울릉읍,대한민국; 동해중부; 대한민국 경상북도 울릉군 울릉읍,37.240276,131.865845,바위대마디말은(는) 동해중부에서 관찰·채집된 해양생물 소재로 사용할 수 있다.,해양생물 캐릭터와 바다 탐험 동화 소재,"생물의 이름, 서식 해역, 분류를 활용한 관찰 질문과 퀴즈",5-7;8-10,해양생물;바위대마디말;Rama;rupestris;Ulvophyceae;>;Cladophorales;Cladophoraceae;동해중부;대한민국;경상북도;울릉군,131.865845,대한민국,바위대마디말,Ulvophyceae > Cladophorales > Cladophoraceae > Rama > Rama rupestris,37.240276,대한민국 경상북도 울릉군 울릉읍,2014-08-10,Rama rupestris,동해중부
국립해양생물자원관_해양생물 채집 공간정보,https://www.data.go.kr/data/15151832/openapi.do,2015-02-22,marine_life,몽우리청각,Ulvophyceae > Bryopsidales > Codiaceae > Codium > Codium contractum,대한민국 제주특별자치도 제주시 우도면,대한민국; 남해서부; 대한민국 제주특별자치도 제주시 우도면,33.505322,126.940918,몽우리청각은(는) 남해서부에서 관찰·채집된 해양생물 소재로 사용할 수 있다.,해양생물 캐릭터와 바다 탐험 동화 소재,"생물의 이름, 서식 해역, 분류를 활용한 관찰 질문과 퀴즈",5-7;8-10,해양생물;몽우리청각;Codium;contractum;Ulvophyceae;>;Bryopsidales;Codiaceae;남해서부;대한민국;제주특별자치도;제주시,126.940918,대한민국,몽우리청각,Ulvophyceae > Bryopsidales > Codiaceae > Codium > Codium contractum,33.505322,대한민국 제주특별자치도 제주시 우도면,2015-02-22,Codium contractum,남해서부
국립해양생물자원관_해양생물 채집 공간정보,https://www.data.go.kr/data/15151832/openapi.do,1988-07-29,marine_life,큰서실,Rhodophyta > Florideophyceae > Ceramiales > Rhodomelaceae > Laurencia > Laurencia nipponica,대한민국 충청남도 보령시 오천면,대한민국; 서해; 대한민국 충청남도 보령시 오천면,36.325127,126.499687,큰서실은(는) 서해에서 관찰·채집된 해양생물 소재로 사용할 수 있다.,해양생물 캐릭터와 바다 탐험 동화 소재,"생물의 이름, 서식 해역, 분류를 활용한 관찰 질문과 퀴즈",5-7;8-10,해양생물;큰서실;Laurencia;nipponica;Rhodophyta;>;Florideophyceae;Ceramiales;Rhodomelaceae;서해;대한민국;충청남도,126.499687,대한민국,큰서실,Rhodophyta > Florideophyceae > Ceramiales > Rhodomelaceae > Laurencia > Laurencia nipponica,36.325127,대한민국 충청남도 보령시 오천면,1988-07-29,Laurencia nipponica,서해
국립해양생물자원관_해양생물 채집 공간정보,https://www.data.go.kr/data/15151832/openapi.do,2012-08-14,marine_life,납작마디게발,Rhodophyta > Florideophyceae > Corallinales > Lithophyllaceae > Amphiroa > Amphiroa ephedraea,대한민국 경상북도 경주시 양남면,대한민국; 동해남부; 대한민국 경상북도 경주시 양남면,35.697174,129.475845,납작마디게발은(는) 동해남부에서 관찰·채집된 해양생물 소재로 사용할 수 있다.,해양생물 캐릭터와 바다 탐험 동화 소재,"생물의 이름, 서식 해역, 분류를 활용한 관찰 질문과 퀴즈",5-7;8-10,해양생물;납작마디게발;Amphiroa;ephedraea;Rhodophyta;>;Florideophyceae;Corallinales;Lithophyllaceae;동해남부;대한민국;경상북도,129.475845,대한민국,납작마디게발,Rhodophyta > Florideophyceae > Corallinales > Lithophyllaceae > Amphiroa > Amphiroa ephedraea,35.697174,대한민국 경상북도 경주시 양남면,2012-08-14,Amphiroa ephedraea,동해남부
국립해양생물자원관_해양생물 채집 공간정보,https://www.data.go.kr/data/15151832/openapi.do,2010-07-29,marine_life,Tripos setaceus,Tripos setaceus,대한민국 제주특별자치도 서귀포시 서귀포항 앞바다,대한민국; 남해서부; 대한민국 제주특별자치도 서귀포시 서귀포항 앞바다,33.218819,126.567017,Tripos setaceus은(는) 남해서부에서 관찰·채집된 해양생물 소재로 사용할 수 있다.,해양생물 캐릭터와 바다 탐험 동화 소재,"생물의 이름, 서식 해역, 분류를 활용한 관찰 질문과 퀴즈",5-7;8-10,해양생물;Tripos;setaceus;남해서부;대한민국;제주특별자치도;서귀포시;서귀포항;앞바다,126.567017,대한민국,,Tripos setaceus,33.218819,대한민국 제주특별자치도 서귀포시 서귀포항 앞바다,2010-07-29,Tripos setaceus,남해서부
국립해양생물자원관_해양생물 채집 공간정보,https://www.data.go.kr/data/15151832/openapi.do,2010-07-26,marine_life,Tripos furca,Tripos furca,대한민국 제주특별자치도 제주시 한경면 차귀도 앞바다,대한민국; 남해서부; 대한민국 제주특별자치도 제주시 한경면 차귀도 앞바다,33.252155,126.134018,Tripos furca은(는) 남해서부에서 관찰·채집된 해양생물 소재로 사용할 수 있다.,해양생물 캐릭터와 바다 탐험 동화 소재,"생물의 이름, 서식 해역, 분류를 활용한 관찰 질문과 퀴즈",5-7;8-10,해양생물;Tripos;furca;남해서부;대한민국;제주특별자치도;제주시;한경면;차귀도;앞바다,126.134018,대한민국,,Tripos furca,33.252155,대한민국 제주특별자치도 제주시 한경면 차귀도 앞바다,2010-07-26,Tripos furca,남해서부
국립해양생물자원관_해양생물 채집 공간정보,https://www.data.go.kr/data/15151832/openapi.do,2021-03-16,marine_life,비단부채게,Sphaerozius nitidus,대한민국 전라북도 부안군 백산면 격포해수욕장,대한민국; 서해; 대한민국 전라북도 부안군 백산면 격포해수욕장,35.628166,126.468742,비단부채게은(는) 서해에서 관찰·채집된 해양생물 소재로 사용할 수 있다.,해양생물 캐릭터와 바다 탐험 동화 소재,"생물의 이름, 서식 해역, 분류를 활용한 관찰 질문과 퀴즈",5-7;8-10,해양생물;비단부채게;Sphaerozius;nitidus;서해;대한민국;전라북도;부안군;백산면;격포해수욕장,126.468742,대한민국,비단부채게,Sphaerozius nitidus,35.628166,대한민국 전라북도 부안군 백산면 격포해수욕장,2021-03-16,Sphaerozius nitidus,서해
국립해양생물자원관_해양생물 채집 공간정보,https://www.data.go.kr/data/15151832/openapi.do,2024-06-13,marine_life,작은꼬마긴눈집게,Pleocyemata > Anomura > Paguroidea > Diogenidae > Areopaguristes > Areopaguristes japonicus,대한민국 경상북도 포항시 남구 구룡포읍 우럭도,대한민국; 동해남부; 대한민국 경상북도 포항시 남구 구룡포읍 우럭도,36.000000,129.585556,작은꼬마긴눈집게은(는) 동해남부에서 관찰·채집된 해양생물 소재로 사용할 수 있다.,해양생물 캐릭터와 바다 탐험 동화 소재,"생물의 이름, 서식 해역, 분류를 활용한 관찰 질문과 퀴즈",5-7;8-10,해양생물;작은꼬마긴눈집게;Areopaguristes;japonicus;Pleocyemata;>;Anomura;Paguroidea;Diogenidae;동해남부;대한민국;경상북도,129.585556,대한민국,작은꼬마긴눈집게,Pleocyemata > Anomura > Paguroidea > Diogenidae > Areopaguristes > Areopaguristes japonicus,36.000000,대한민국 경상북도 포항시 남구 구룡포읍 우럭도,2024-06-13,Areopaguristes japonicus,동해남부
국립해양생물자원관_해양생물 채집 공간정보,https://www.data.go.kr/data/15151832/openapi.do,2003-03-20,marine_life,Rossellomorea marisflavi,Rossellomorea marisflavi,대한민국 인천광역시 옹진군,대한민국; 서해; 대한민국 인천광역시 옹진군,37.270000,126.442780,Rossellomorea marisflavi은(는) 서해에서 관찰·채집된 해양생물 소재로 사용할 수 있다.,해양생물 캐릭터와 바다 탐험 동화 소재,"생물의 이름, 서식 해역, 분류를 활용한 관찰 질문과 퀴즈",5-7;8-10,해양생물;Rossellomorea;marisflavi;서해;대한민국;인천광역시;옹진군,126.442780,대한민국,,Rossellomorea marisflavi,37.270000,대한민국 인천광역시 옹진군,2003-03-20,Rossellomorea marisflavi,서해
국립해양생물자원관_해양생물 채집 공간정보,https://www.data.go.kr/data/15151832/openapi.do,2024-08-17,marine_life,진흙새우,Pleocyemata > Caridea > Crangonoidea > Crangonidae > Argis > Argis lar,대한민국 동해 #92-3,대한민국; 동해남부; 대한민국 동해 #92-3,35.321526,129.475494,진흙새우은(는) 동해남부에서 관찰·채집된 해양생물 소재로 사용할 수 있다.,해양생물 캐릭터와 바다 탐험 동화 소재,"생물의 이름, 서식 해역, 분류를 활용한 관찰 질문과 퀴즈",5-7;8-10,해양생물;진흙새우;Argis;lar;Pleocyemata;>;Caridea;Crangonoidea;Crangonidae;동해남부;대한민국;동해,129.475494,대한민국,진흙새우,Pleocyemata > Caridea > Crangonoidea > Crangonidae > Argis > Argis lar,35.321526,대한민국 동해 #92-3,2024-08-17,Argis lar,동해남부
국립해양생물자원관_해양생물 채집 공간정보,https://www.data.go.kr/data/15151832/openapi.do,2024-08-16,marine_life,꼬리치,Teleostei > Ateleopodiformes > Ateleopodidae > Ateleopus > Ateleopus japonicus,대한민국 남해 100-1해구,대한민국; 남해동부; 대한민국 남해 100-1해구,34.867054,129.087601,꼬리치은(는) 남해동부에서 관찰·채집된 해양생물 소재로 사용할 수 있다.,해양생물 캐릭터와 바다 탐험 동화 소재,"생물의 이름, 서식 해역, 분류를 활용한 관찰 질문과 퀴즈",5-7;8-10,해양생물;꼬리치;Ateleopus;japonicus;Teleostei;>;Ateleopodiformes;Ateleopodidae;남해동부;대한민국;남해;100-1해구,129.087601,대한민국,꼬리치,Teleostei > Ateleopodiformes > Ateleopodidae > Ateleopus > Ateleopus japonicus,34.867054,대한민국 남해 100-1해구,2024-08-16,Ateleopus japonicus,남해동부
국립해양생물자원관_해양생물 채집 공간정보,https://www.data.go.kr/data/15151832/openapi.do,2011-09-22,marine_life,오모리작은노벌레,Copepoda > Calanoida > Acartiidae > Acartia > Acartiura > Acartia (Acartiura) omorii,대한민국 충청남도 태안군,대한민국; 서해; 대한민국 충청남도 태안군,37.036667,126.208328,오모리작은노벌레은(는) 서해에서 관찰·채집된 해양생물 소재로 사용할 수 있다.,해양생물 캐릭터와 바다 탐험 동화 소재,"생물의 이름, 서식 해역, 분류를 활용한 관찰 질문과 퀴즈",5-7;8-10,해양생물;오모리작은노벌레;Acartia;(Acartiura);omorii;Copepoda;>;Calanoida;Acartiidae;Acartiura;서해;대한민국,126.208328,대한민국,오모리작은노벌레,Copepoda > Calanoida > Acartiidae > Acartia > Acartiura > Acartia (Acartiura) omorii,37.036667,대한민국 충청남도 태안군,2011-09-22,Acartia (Acartiura) omorii,서해
국립해양생물자원관_해양생물 채집 공간정보,https://www.data.go.kr/data/15151832/openapi.do,2010-11-12,marine_life,보어밴키해변해면,Porifera > Demospongiae > Halichondrida > Halichondridae > Halichondria > Halichondria bowerbanki,대한민국 인천광역시 중구,대한민국; 서해; 대한민국 인천광역시 중구,37.458035,126.624420,보어밴키해변해면은(는) 서해에서 관찰·채집된 해양생물 소재로 사용할 수 있다.,해양생물 캐릭터와 바다 탐험 동화 소재,"생물의 이름, 서식 해역, 분류를 활용한 관찰 질문과 퀴즈",5-7;8-10,해양생물;보어밴키해변해면;Halichondria;bowerbanki;Porifera;>;Demospongiae;Halichondrida;Halichondridae;서해;대한민국;인천광역시,126.624420,대한민국,보어밴키해변해면,Porifera > Demospongiae > Halichondrida > Halichondridae > Halichondria > Halichondria bowerbanki,37.458035,대한민국 인천광역시 중구,2010-11-12,Halichondria bowerbanki,서해
국립해양생물자원관_해양생물 채집 공간정보,https://www.data.go.kr/data/15151832/openapi.do,2021-03-16,marine_life,짧은가시거미불가사리,Ophiuroidea > Amphilepidida > Ophiotrichidae > Ophiothrix > Ophiothrix > Ophiothrix (Ophiothrix) exigua,대한민국 전라북도 부안군 변산면 격포해수욕장,대한민국; 서해; 대한민국 전라북도 부안군 변산면 격포해수욕장,35.628166,126.468742,짧은가시거미불가사리은(는) 서해에서 관찰·채집된 해양생물 소재로 사용할 수 있다.,해양생물 캐릭터와 바다 탐험 동화 소재,"생물의 이름, 서식 해역, 분류를 활용한 관찰 질문과 퀴즈",5-7;8-10,해양생물;짧은가시거미불가사리;Ophiothrix;(Ophiothrix);exigua;Ophiuroidea;>;Amphilepidida;Ophiotrichidae;서해;대한민국;전라북도,126.468742,대한민국,짧은가시거미불가사리,Ophiuroidea > Amphilepidida > Ophiotrichidae > Ophiothrix > Ophiothrix > Ophiothrix (Ophiothrix) exigua,35.628166,대한민국 전라북도 부안군 변산면 격포해수욕장,2021-03-16,Ophiothrix (Ophiothrix) exigua,서해
국립해양생물자원관_해양생물 채집 공간정보,https://www.data.go.kr/data/15151832/openapi.do,2021-04-21,marine_life,짧은가시거미불가사리,Ophiuroidea > Amphilepidida > Ophiotrichidae > Ophiothrix > Ophiothrix > Ophiothrix (Ophiothrix) exigua,대한민국 인천광역시,대한민국; 서해; 대한민국 인천광역시,37.281666,125.620255,짧은가시거미불가사리은(는) 서해에서 관찰·채집된 해양생물 소재로 사용할 수 있다.,해양생물 캐릭터와 바다 탐험 동화 소재,"생물의 이름, 서식 해역, 분류를 활용한 관찰 질문과 퀴즈",5-7;8-10,해양생물;짧은가시거미불가사리;Ophiothrix;(Ophiothrix);exigua;Ophiuroidea;>;Amphilepidida;Ophiotrichidae;서해;대한민국;인천광역시,125.620255,대한민국,짧은가시거미불가사리,Ophiuroidea > Amphilepidida > Ophiotrichidae > Ophiothrix > Ophiothrix > Ophiothrix (Ophiothrix) exigua,37.281666,대한민국 인천광역시,2021-04-21,Ophiothrix (Ophiothrix) exigua,서해
국립해양생물자원관_해양생물 채집 공간정보,https://www.data.go.kr/data/15151832/openapi.do,2011-02-22,marine_life,오모리작은노벌레,Copepoda > Calanoida > Acartiidae > Acartia > Acartiura > Acartia (Acartiura) omorii,대한민국 전라북도 고창군,대한민국; 서해; 대한민국 전라북도 고창군,35.441086,126.200272,오모리작은노벌레은(는) 서해에서 관찰·채집된 해양생물 소재로 사용할 수 있다.,해양생물 캐릭터와 바다 탐험 동화 소재,"생물의 이름, 서식 해역, 분류를 활용한 관찰 질문과 퀴즈",5-7;8-10,해양생물;오모리작은노벌레;Acartia;(Acartiura);omorii;Copepoda;>;Calanoida;Acartiidae;Acartiura;서해;대한민국,126.200272,대한민국,오모리작은노벌레,Copepoda > Calanoida > Acartiidae > Acartia > Acartiura > Acartia (Acartiura) omorii,35.441086,대한민국 전라북도 고창군,2011-02-22,Acartia (Acartiura) omorii,서해
국립해양생물자원관_해양생물 채집 공간정보,https://www.data.go.kr/data/15151832/openapi.do,2003-03-20,marine_life,Microbulbifer variabilis,Pseudomonadota > Gammaproteobacteria > Cellvibrionales > Microbulbiferaceae > Microbulbifer > Microbulbifer variabilis,대한민국 인천광역시 옹진군,대한민국; 서해; 대한민국 인천광역시 옹진군,37.270000,126.442780,Microbulbifer variabilis은(는) 서해에서 관찰·채집된 해양생물 소재로 사용할 수 있다.,해양생물 캐릭터와 바다 탐험 동화 소재,"생물의 이름, 서식 해역, 분류를 활용한 관찰 질문과 퀴즈",5-7;8-10,해양생물;Microbulbifer;variabilis;Pseudomonadota;>;Gammaproteobacteria;Cellvibrionales;Microbulbiferaceae;서해;대한민국;인천광역시;옹진군,126.442780,대한민국,,Pseudomonadota > Gammaproteobacteria > Cellvibrionales > Microbulbiferaceae > Microbulbifer > Microbulbifer variabilis,37.270000,대한민국 인천광역시 옹진군,2003-03-20,Microbulbifer variabilis,서해
국립해양생물자원관_해양생물 채집 공간정보,https://www.data.go.kr/data/15151832/openapi.do,2011-09-20,marine_life,각시노벌레,Sinocalanus tenellus,대한민국 강원도 강릉시,대한민국; 동해중부; 대한민국 강원도 강릉시,37.910934,128.810745,각시노벌레은(는) 동해중부에서 관찰·채집된 해양생물 소재로 사용할 수 있다.,해양생물 캐릭터와 바다 탐험 동화 소재,"생물의 이름, 서식 해역, 분류를 활용한 관찰 질문과 퀴즈",5-7;8-10,해양생물;각시노벌레;Sinocalanus;tenellus;동해중부;대한민국;강원도;강릉시,128.810745,대한민국,각시노벌레,Sinocalanus tenellus,37.910934,대한민국 강원도 강릉시,2011-09-20,Sinocalanus tenellus,동해중부
국립해양생물자원관_해양생물 채집 공간정보,https://www.data.go.kr/data/15151832/openapi.do,2011-09-05,marine_life,각시노벌레,Sinocalanus tenellus,대한민국 강원도 강릉시,대한민국; 동해중부; 대한민국 강원도 강릉시,37.912373,128.809631,각시노벌레은(는) 동해중부에서 관찰·채집된 해양생물 소재로 사용할 수 있다.,해양생물 캐릭터와 바다 탐험 동화 소재,"생물의 이름, 서식 해역, 분류를 활용한 관찰 질문과 퀴즈",5-7;8-10,해양생물;각시노벌레;Sinocalanus;tenellus;동해중부;대한민국;강원도;강릉시,128.809631,대한민국,각시노벌레,Sinocalanus tenellus,37.912373,대한민국 강원도 강릉시,2011-09-05,Sinocalanus tenellus,동해중부
국립해양생물자원관_해양생물 채집 공간정보,https://www.data.go.kr/data/15151832/openapi.do,2017-09-13,marine_life,세로줄조개사돈,Terebratulidae > Coptothyris > Coptothyris grayi,대한민국 제주특별자치도 제주시 추자면,대한민국; 남해서부; 대한민국 제주특별자치도 제주시 추자면,33.957348,126.289619,세로줄조개사돈은(는) 남해서부에서 관찰·채집된 해양생물 소재로 사용할 수 있다.,해양생물 캐릭터와 바다 탐험 동화 소재,"생물의 이름, 서식 해역, 분류를 활용한 관찰 질문과 퀴즈",5-7;8-10,해양생물;세로줄조개사돈;Coptothyris;grayi;Terebratulidae;>;남해서부;대한민국;제주특별자치도;제주시;추자면,126.289619,대한민국,세로줄조개사돈,Terebratulidae > Coptothyris > Coptothyris grayi,33.957348,대한민국 제주특별자치도 제주시 추자면,2017-09-13,Coptothyris grayi,남해서부
국립해양생물자원관_해양생물 채집 공간정보,https://www.data.go.kr/data/15151832/openapi.do,2010-10-02,marine_life,홍작은노벌레,Copepoda > Calanoida > Acartiidae > Acartia > Acartiura > Acartia (Acartiura) hongi,대한민국 충청남도 아산시,대한민국; 서해; 대한민국 충청남도 아산시,36.903534,126.897514,홍작은노벌레은(는) 서해에서 관찰·채집된 해양생물 소재로 사용할 수 있다.,해양생물 캐릭터와 바다 탐험 동화 소재,"생물의 이름, 서식 해역, 분류를 활용한 관찰 질문과 퀴즈",5-7;8-10,해양생물;홍작은노벌레;Acartia;(Acartiura);hongi;Copepoda;>;Calanoida;Acartiidae;Acartiura;서해;대한민국,126.897514,대한민국,홍작은노벌레,Copepoda > Calanoida > Acartiidae > Acartia > Acartiura > Acartia (Acartiura) hongi,36.903534,대한민국 충청남도 아산시,2010-10-02,Acartia (Acartiura) hongi,서해
국립해양생물자원관_해양생물 채집 공간정보,https://www.data.go.kr/data/15151832/openapi.do,2012-09-24,marine_life,긴발딱총새우,Pleocyemata > Caridea > Alpheoidea > Alpheidae > Alpheus > Alpheus japonicus,대한민국 전라남도 강진군,대한민국; 남해서부; 대한민국 전라남도 강진군,34.598351,126.776634,긴발딱총새우은(는) 남해서부에서 관찰·채집된 해양생물 소재로 사용할 수 있다.,해양생물 캐릭터와 바다 탐험 동화 소재,"생물의 이름, 서식 해역, 분류를 활용한 관찰 질문과 퀴즈",5-7;8-10,해양생물;긴발딱총새우;Alpheus;japonicus;Pleocyemata;>;Caridea;Alpheoidea;Alpheidae;남해서부;대한민국;전라남도,126.776634,대한민국,긴발딱총새우,Pleocyemata > Caridea > Alpheoidea > Alpheidae > Alpheus > Alpheus japonicus,34.598351,대한민국 전라남도 강진군,2012-09-24,Alpheus japonicus,남해서부
국립해양생물자원관_해양생물 채집 공간정보,https://www.data.go.kr/data/15151832/openapi.do,2021-03-18,marine_life,붉은줄참새우,Pleocyemata > Caridea > Palaemonoidea > Palaemonidae > Palaemon > Palaemon macrodactylus,대한민국 전라남도 무안군 해제면 도리포항,대한민국; 서해; 대한민국 전라남도 무안군 해제면 도리포항,35.154564,126.347244,붉은줄참새우은(는) 서해에서 관찰·채집된 해양생물 소재로 사용할 수 있다.,해양생물 캐릭터와 바다 탐험 동화 소재,"생물의 이름, 서식 해역, 분류를 활용한 관찰 질문과 퀴즈",5-7;8-10,해양생물;붉은줄참새우;Palaemon;macrodactylus;Pleocyemata;>;Caridea;Palaemonoidea;Palaemonidae;서해;대한민국;전라남도,126.347244,대한민국,붉은줄참새우,Pleocyemata > Caridea > Palaemonoidea > Palaemonidae > Palaemon > Palaemon macrodactylus,35.154564,대한민국 전라남도 무안군 해제면 도리포항,2021-03-18,Palaemon macrodactylus,서해
국립해양생물자원관_해양생물 채집 공간정보,https://www.data.go.kr/data/15151832/openapi.do,2021-03-16,marine_life,민꽃게,Thalamitinae > Charybdis > Charybdis > Charybdis (Charybdis) japonica,대한민국 전라북도 부안군 백산면 격포해수욕장,대한민국; 서해; 대한민국 전라북도 부안군 백산면 격포해수욕장,35.628166,126.468742,민꽃게은(는) 서해에서 관찰·채집된 해양생물 소재로 사용할 수 있다.,해양생물 캐릭터와 바다 탐험 동화 소재,"생물의 이름, 서식 해역, 분류를 활용한 관찰 질문과 퀴즈",5-7;8-10,해양생물;민꽃게;Charybdis;(Charybdis);japonica;Thalamitinae;>;서해;대한민국;전라북도;부안군;백산면,126.468742,대한민국,민꽃게,Thalamitinae > Charybdis > Charybdis > Charybdis (Charybdis) japonica,35.628166,대한민국 전라북도 부안군 백산면 격포해수욕장,2021-03-16,Charybdis (Charybdis) japonica,서해
국립해양생물자원관_해양생물 채집 공간정보,https://www.data.go.kr/data/15151832/openapi.do,2019-04-10,marine_life,Tigriopus koreanus,Tigriopus koreanus,대한민국 부산광역시 서구 송도해수욕장,대한민국; 남해동부; 대한민국 부산광역시 서구 송도해수욕장,35.073887,129.017212,Tigriopus koreanus은(는) 남해동부에서 관찰·채집된 해양생물 소재로 사용할 수 있다.,해양생물 캐릭터와 바다 탐험 동화 소재,"생물의 이름, 서식 해역, 분류를 활용한 관찰 질문과 퀴즈",5-7;8-10,해양생물;Tigriopus;koreanus;남해동부;대한민국;부산광역시;서구;송도해수욕장,129.017212,대한민국,,Tigriopus koreanus,35.073887,대한민국 부산광역시 서구 송도해수욕장,2019-04-10,Tigriopus koreanus,남해동부
국립해양생물자원관_해양생물 채집 공간정보,https://www.data.go.kr/data/15151832/openapi.do,2021-04-23,marine_life,Watersipora subatra,Watersiporidae > Watersipora > Watersipora subatra,대한민국 전라북도 군산시 옥도면 어청도,대한민국; 서해; 대한민국 전라북도 군산시 옥도면 어청도,36.118370,125.982857,Watersipora subatra은(는) 서해에서 관찰·채집된 해양생물 소재로 사용할 수 있다.,해양생물 캐릭터와 바다 탐험 동화 소재,"생물의 이름, 서식 해역, 분류를 활용한 관찰 질문과 퀴즈",5-7;8-10,해양생물;Watersipora;subatra;Watersiporidae;>;서해;대한민국;전라북도;군산시;옥도면;어청도,125.982857,대한민국,,Watersiporidae > Watersipora > Watersipora subatra,36.118370,대한민국 전라북도 군산시 옥도면 어청도,2021-04-23,Watersipora subatra,서해
국립해양생물자원관_해양생물 채집 공간정보,https://www.data.go.kr/data/15151832/openapi.do,2013-04-04,marine_life,작은구슬산호말,Rhodophyta > Florideophyceae > Corallinales > Corallinaceae > Corallina > Corallina pilulifera,대한민국 제주특별자치도 제주시 추자면,대한민국; 남해서부; 대한민국 제주특별자치도 제주시 추자면,33.929787,126.317825,작은구슬산호말은(는) 남해서부에서 관찰·채집된 해양생물 소재로 사용할 수 있다.,해양생물 캐릭터와 바다 탐험 동화 소재,"생물의 이름, 서식 해역, 분류를 활용한 관찰 질문과 퀴즈",5-7;8-10,해양생물;작은구슬산호말;Corallina;pilulifera;Rhodophyta;>;Florideophyceae;Corallinales;Corallinaceae;남해서부;대한민국;제주특별자치도,126.317825,대한민국,작은구슬산호말,Rhodophyta > Florideophyceae > Corallinales > Corallinaceae > Corallina > Corallina pilulifera,33.929787,대한민국 제주특별자치도 제주시 추자면,2013-04-04,Corallina pilulifera,남해서부
국립해양생물자원관_해양생물 채집 공간정보,https://www.data.go.kr/data/15151832/openapi.do,2012-12-23,marine_life,살시빗살거미불가사리,Ophiuroidea > Ophiurida > Ophiuridae > Ophiura > Ophiura sarsii,대한민국 강원도 삼척시 원덕읍,대한민국; 동해중부; 대한민국 강원도 삼척시 원덕읍,37.216194,129.353821,살시빗살거미불가사리은(는) 동해중부에서 관찰·채집된 해양생물 소재로 사용할 수 있다.,해양생물 캐릭터와 바다 탐험 동화 소재,"생물의 이름, 서식 해역, 분류를 활용한 관찰 질문과 퀴즈",5-7;8-10,해양생물;살시빗살거미불가사리;Ophiura;sarsii;Ophiuroidea;>;Ophiurida;Ophiuridae;동해중부;대한민국;강원도;삼척시,129.353821,대한민국,살시빗살거미불가사리,Ophiuroidea > Ophiurida > Ophiuridae > Ophiura > Ophiura sarsii,37.216194,대한민국 강원도 삼척시 원덕읍,2012-12-23,Ophiura sarsii,동해중부
국립해양생물자원관_해양생물 채집 공간정보,https://www.data.go.kr/data/15151832/openapi.do,2018-03-28,marine_life,Sarsamphiascus titoi,Sarsamphiascus titoi,대한민국 경상남도 남해군 상주면 금전항,대한민국; 남해동부; 대한민국 경상남도 남해군 상주면 금전항,34.715805,127.984962,Sarsamphiascus titoi은(는) 남해동부에서 관찰·채집된 해양생물 소재로 사용할 수 있다.,해양생물 캐릭터와 바다 탐험 동화 소재,"생물의 이름, 서식 해역, 분류를 활용한 관찰 질문과 퀴즈",5-7;8-10,해양생물;Sarsamphiascus;titoi;남해동부;대한민국;경상남도;남해군;상주면;금전항,127.984962,대한민국,,Sarsamphiascus titoi,34.715805,대한민국 경상남도 남해군 상주면 금전항,2018-03-28,Sarsamphiascus titoi,남해동부
국립해양생물자원관_해양생물 채집 공간정보,https://www.data.go.kr/data/15151832/openapi.do,2014-03-03,marine_life,가시파래,Ulvophyceae > Ulvales > Ulvaceae > Ulva > Ulva prolifera,대한민국 전라남도 완도군 완도읍,대한민국; 남해서부; 대한민국 전라남도 완도군 완도읍,34.296329,126.701500,가시파래은(는) 남해서부에서 관찰·채집된 해양생물 소재로 사용할 수 있다.,해양생물 캐릭터와 바다 탐험 동화 소재,"생물의 이름, 서식 해역, 분류를 활용한 관찰 질문과 퀴즈",5-7;8-10,해양생물;가시파래;Ulva;prolifera;Ulvophyceae;>;Ulvales;Ulvaceae;남해서부;대한민국;전라남도;완도군,126.701500,대한민국,가시파래,Ulvophyceae > Ulvales > Ulvaceae > Ulva > Ulva prolifera,34.296329,대한민국 전라남도 완도군 완도읍,2014-03-03,Ulva prolifera,남해서부
국립해양생물자원관_해양생물 채집 공간정보,https://www.data.go.kr/data/15151832/openapi.do,2024-04-23,marine_life,한뿔두드럭게,Pyromaia tuberculata,대한민국 경상북도 울진군 평해읍 직산항,대한민국; 동해중부; 대한민국 경상북도 울진군 평해읍 직산항,36.725197,129.474625,한뿔두드럭게은(는) 동해중부에서 관찰·채집된 해양생물 소재로 사용할 수 있다.,해양생물 캐릭터와 바다 탐험 동화 소재,"생물의 이름, 서식 해역, 분류를 활용한 관찰 질문과 퀴즈",5-7;8-10,해양생물;한뿔두드럭게;Pyromaia;tuberculata;동해중부;대한민국;경상북도;울진군;평해읍;직산항,129.474625,대한민국,한뿔두드럭게,Pyromaia tuberculata,36.725197,대한민국 경상북도 울진군 평해읍 직산항,2024-04-23,Pyromaia tuberculata,동해중부
국립해양생물자원관_해양생물 채집 공간정보,https://www.data.go.kr/data/15151832/openapi.do,2013-07-29,marine_life,참산호말,Rhodophyta > Florideophyceae > Corallinales > Corallinaceae > Corallina > Corallina officinalis,대한민국 충청남도 보령시 오천면,대한민국; 서해; 대한민국 충청남도 보령시 오천면,36.222843,126.054771,참산호말은(는) 서해에서 관찰·채집된 해양생물 소재로 사용할 수 있다.,해양생물 캐릭터와 바다 탐험 동화 소재,"생물의 이름, 서식 해역, 분류를 활용한 관찰 질문과 퀴즈",5-7;8-10,해양생물;참산호말;Corallina;officinalis;Rhodophyta;>;Florideophyceae;Corallinales;Corallinaceae;서해;대한민국;충청남도,126.054771,대한민국,참산호말,Rhodophyta > Florideophyceae > Corallinales > Corallinaceae > Corallina > Corallina officinalis,36.222843,대한민국 충청남도 보령시 오천면,2013-07-29,Corallina officinalis,서해
국립해양생물자원관_해양생물 채집 공간정보,https://www.data.go.kr/data/15151832/openapi.do,2015-04-21,marine_life,잎파래,Ulvophyceae > Ulvales > Ulvaceae > Ulva > Ulva linza,대한민국 경상북도 포항시 남구 동해면,대한민국; 동해남부; 대한민국 경상북도 포항시 남구 동해면,36.018192,129.491699,잎파래은(는) 동해남부에서 관찰·채집된 해양생물 소재로 사용할 수 있다.,해양생물 캐릭터와 바다 탐험 동화 소재,"생물의 이름, 서식 해역, 분류를 활용한 관찰 질문과 퀴즈",5-7;8-10,해양생물;잎파래;Ulva;linza;Ulvophyceae;>;Ulvales;Ulvaceae;동해남부;대한민국;경상북도;포항시,129.491699,대한민국,잎파래,Ulvophyceae > Ulvales > Ulvaceae > Ulva > Ulva linza,36.018192,대한민국 경상북도 포항시 남구 동해면,2015-04-21,Ulva linza,동해남부
국립해양생물자원관_해양생물 채집 공간정보,https://www.data.go.kr/data/15151832/openapi.do,2014-08-30,marine_life,갈색대마디말,Ulvophyceae > Cladophorales > Cladophoraceae > Cladophora > Cladophora wrightiana var. minor,대한민국 제주특별자치도 서귀포시,대한민국; 남해서부; 대한민국 제주특별자치도 서귀포시,33.226051,126.563171,갈색대마디말은(는) 남해서부에서 관찰·채집된 해양생물 소재로 사용할 수 있다.,해양생물 캐릭터와 바다 탐험 동화 소재,"생물의 이름, 서식 해역, 분류를 활용한 관찰 질문과 퀴즈",5-7;8-10,해양생물;갈색대마디말;Cladophora;wrightiana;var.;minor;Ulvophyceae;>;Cladophorales;Cladophoraceae;남해서부;대한민국,126.563171,대한민국,갈색대마디말,Ulvophyceae > Cladophorales > Cladophoraceae > Cladophora > Cladophora wrightiana var. minor,33.226051,대한민국 제주특별자치도 서귀포시,2014-08-30,Cladophora wrightiana var. minor,남해서부
국립해양생물자원관_해양생물 채집 공간정보,https://www.data.go.kr/data/15151832/openapi.do,2024-07-18,marine_life,애기털보부채게,Pleocyemata > Brachyura > Pilumnoidea > Pilumnidae > Pilumninae > Pilumnus > Pilumnus minutus,대한민국 강원도 강릉시 안현동 십리바위,대한민국; 동해중부; 대한민국 강원도 강릉시 안현동 십리바위,37.809944,128.911804,애기털보부채게은(는) 동해중부에서 관찰·채집된 해양생물 소재로 사용할 수 있다.,해양생물 캐릭터와 바다 탐험 동화 소재,"생물의 이름, 서식 해역, 분류를 활용한 관찰 질문과 퀴즈",5-7;8-10,해양생물;애기털보부채게;Pilumnus;minutus;Pleocyemata;>;Brachyura;Pilumnoidea;Pilumnidae;Pilumninae;동해중부;대한민국,128.911804,대한민국,애기털보부채게,Pleocyemata > Brachyura > Pilumnoidea > Pilumnidae > Pilumninae > Pilumnus > Pilumnus minutus,37.809944,대한민국 강원도 강릉시 안현동 십리바위,2024-07-18,Pilumnus minutus,동해중부
국립해양생물자원관_해양생물 채집 공간정보,https://www.data.go.kr/data/15151832/openapi.do,2024-04-09,marine_life,잎파래,Ulvophyceae > Ulvales > Ulvaceae > Ulva > Ulva linza,대한민국 충청남도 서천군 장항읍 유부도 남쪽,대한민국; 서해; 대한민국 충청남도 서천군 장항읍 유부도 남쪽,35.990948,126.601555,잎파래은(는) 서해에서 관찰·채집된 해양생물 소재로 사용할 수 있다.,해양생물 캐릭터와 바다 탐험 동화 소재,"생물의 이름, 서식 해역, 분류를 활용한 관찰 질문과 퀴즈",5-7;8-10,해양생물;잎파래;Ulva;linza;Ulvophyceae;>;Ulvales;Ulvaceae;서해;대한민국;충청남도;서천군,126.601555,대한민국,잎파래,Ulvophyceae > Ulvales > Ulvaceae > Ulva > Ulva linza,35.990948,대한민국 충청남도 서천군 장항읍 유부도 남쪽,2024-04-09,Ulva linza,서해
국립해양생물자원관_해양생물 채집 공간정보,https://www.data.go.kr/data/15151832/openapi.do,2017-09-28,marine_life,상어껍질별벌레,Sipuncula > Phascolosomatidea > Phascolosomatida > Phascolosomatidae > Phascolosoma > Phascolosoma > Phascolosoma (Phascolosoma) scolops,대한민국 부산광역시 사하구,대한민국; 남해동부; 대한민국 부산광역시 사하구,34.933971,128.969284,상어껍질별벌레은(는) 남해동부에서 관찰·채집된 해양생물 소재로 사용할 수 있다.,해양생물 캐릭터와 바다 탐험 동화 소재,"생물의 이름, 서식 해역, 분류를 활용한 관찰 질문과 퀴즈",5-7;8-10,해양생물;상어껍질별벌레;Phascolosoma;(Phascolosoma);scolops;Sipuncula;>;Phascolosomatidea;Phascolosomatida;Phascolosomatidae;남해동부;대한민국,128.969284,대한민국,상어껍질별벌레,Sipuncula > Phascolosomatidea > Phascolosomatida > Phascolosomatidae > Phascolosoma > Phascolosoma > Phascolosoma (Phascolosoma) scolops,34.933971,대한민국 부산광역시 사하구,2017-09-28,Phascolosoma (Phascolosoma) scolops,남해동부
국립해양생물자원관_해양생물 채집 공간정보,https://www.data.go.kr/data/15151832/openapi.do,2021-05-11,marine_life,꽃부채게,Xanthoidea > Xanthidae > Xanthinae > Macromedaeus > Macromedaeus distinguendus,대한민국 충청남도 태안군 소원면 의항해수욕장,대한민국; 서해; 대한민국 충청남도 태안군 소원면 의항해수욕장,36.829445,126.157143,꽃부채게은(는) 서해에서 관찰·채집된 해양생물 소재로 사용할 수 있다.,해양생물 캐릭터와 바다 탐험 동화 소재,"생물의 이름, 서식 해역, 분류를 활용한 관찰 질문과 퀴즈",5-7;8-10,해양생물;꽃부채게;Macromedaeus;distinguendus;Xanthoidea;>;Xanthidae;Xanthinae;서해;대한민국;충청남도;태안군,126.157143,대한민국,꽃부채게,Xanthoidea > Xanthidae > Xanthinae > Macromedaeus > Macromedaeus distinguendus,36.829445,대한민국 충청남도 태안군 소원면 의항해수욕장,2021-05-11,Macromedaeus distinguendus,서해
국립해양생물자원관_해양생물 채집 공간정보,https://www.data.go.kr/data/15151832/openapi.do,2017-04-05,marine_life,지네지누아리,Rhodophyta > Florideophyceae > Halymeniales > Halymeniaceae > Grateloupia > Grateloupia asiatica,대한민국 경상북도 울진군 평해읍,대한민국; 동해중부; 대한민국 경상북도 울진군 평해읍,36.709694,129.475510,지네지누아리은(는) 동해중부에서 관찰·채집된 해양생물 소재로 사용할 수 있다.,해양생물 캐릭터와 바다 탐험 동화 소재,"생물의 이름, 서식 해역, 분류를 활용한 관찰 질문과 퀴즈",5-7;8-10,해양생물;지네지누아리;Grateloupia;asiatica;Rhodophyta;>;Florideophyceae;Halymeniales;Halymeniaceae;동해중부;대한민국;경상북도,129.475510,대한민국,지네지누아리,Rhodophyta > Florideophyceae > Halymeniales > Halymeniaceae > Grateloupia > Grateloupia asiatica,36.709694,대한민국 경상북도 울진군 평해읍,2017-04-05,Grateloupia asiatica,동해중부
국립해양생물자원관_해양생물 채집 공간정보,https://www.data.go.kr/data/15151832/openapi.do,2011-05-18,marine_life,두가시걸쇠뿔노벌레,Pontellidae > Labidocera > Labidocera rotunda,대한민국 전라북도 군산시,대한민국; 서해; 대한민국 전라북도 군산시,35.770287,126.378883,두가시걸쇠뿔노벌레은(는) 서해에서 관찰·채집된 해양생물 소재로 사용할 수 있다.,해양생물 캐릭터와 바다 탐험 동화 소재,"생물의 이름, 서식 해역, 분류를 활용한 관찰 질문과 퀴즈",5-7;8-10,해양생물;두가시걸쇠뿔노벌레;Labidocera;rotunda;Pontellidae;>;서해;대한민국;전라북도;군산시,126.378883,대한민국,두가시걸쇠뿔노벌레,Pontellidae > Labidocera > Labidocera rotunda,35.770287,대한민국 전라북도 군산시,2011-05-18,Labidocera rotunda,서해
국립해양생물자원관_해양생물 채집 공간정보,https://www.data.go.kr/data/15151832/openapi.do,2003-03-20,marine_life,Priestia megaterium,Priestia megaterium,대한민국 인천광역시 옹진군,대한민국; 서해; 대한민국 인천광역시 옹진군,37.270000,126.442780,Priestia megaterium은(는) 서해에서 관찰·채집된 해양생물 소재로 사용할 수 있다.,해양생물 캐릭터와 바다 탐험 동화 소재,"생물의 이름, 서식 해역, 분류를 활용한 관찰 질문과 퀴즈",5-7;8-10,해양생물;Priestia;megaterium;서해;대한민국;인천광역시;옹진군,126.442780,대한민국,,Priestia megaterium,37.270000,대한민국 인천광역시 옹진군,2003-03-20,Priestia megaterium,서해
국립해양생물자원관_해양생물 채집 공간정보,https://www.data.go.kr/data/15151832/openapi.do,2011-05-18,marine_life,두가시걸쇠뿔노벌레,Pontellidae > Labidocera > Labidocera rotunda,대한민국 전라북도 군산시,대한민국; 서해; 대한민국 전라북도 군산시,35.803493,126.448708,두가시걸쇠뿔노벌레은(는) 서해에서 관찰·채집된 해양생물 소재로 사용할 수 있다.,해양생물 캐릭터와 바다 탐험 동화 소재,"생물의 이름, 서식 해역, 분류를 활용한 관찰 질문과 퀴즈",5-7;8-10,해양생물;두가시걸쇠뿔노벌레;Labidocera;rotunda;Pontellidae;>;서해;대한민국;전라북도;군산시,126.448708,대한민국,두가시걸쇠뿔노벌레,Pontellidae > Labidocera > Labidocera rotunda,35.803493,대한민국 전라북도 군산시,2011-05-18,Labidocera rotunda,서해
국립해양생물자원관_해양생물 채집 공간정보,https://www.data.go.kr/data/15151832/openapi.do,2003-03-20,marine_life,Priestia megaterium,Priestia megaterium,대한민국 인천광역시 옹진군,대한민국; 서해; 대한민국 인천광역시 옹진군,37.270000,126.442780,Priestia megaterium은(는) 서해에서 관찰·채집된 해양생물 소재로 사용할 수 있다.,해양생물 캐릭터와 바다 탐험 동화 소재,"생물의 이름, 서식 해역, 분류를 활용한 관찰 질문과 퀴즈",5-7;8-10,해양생물;Priestia;megaterium;서해;대한민국;인천광역시;옹진군,126.442780,대한민국,,Priestia megaterium,37.270000,대한민국 인천광역시 옹진군,2003-03-20,Priestia megaterium,서해
국립해양생물자원관_해양생물 채집 공간정보,https://www.data.go.kr/data/15151832/openapi.do,2011-09-27,marine_life,각시노벌레,Sinocalanus tenellus,대한민국 부산광역시,대한민국; 남해동부; 대한민국 부산광역시,35.109184,128.895493,각시노벌레은(는) 남해동부에서 관찰·채집된 해양생물 소재로 사용할 수 있다.,해양생물 캐릭터와 바다 탐험 동화 소재,"생물의 이름, 서식 해역, 분류를 활용한 관찰 질문과 퀴즈",5-7;8-10,해양생물;각시노벌레;Sinocalanus;tenellus;남해동부;대한민국;부산광역시,128.895493,대한민국,각시노벌레,Sinocalanus tenellus,35.109184,대한민국 부산광역시,2011-09-27,Sinocalanus tenellus,남해동부
국립해양생물자원관_해양생물 채집 공간정보,https://www.data.go.kr/data/15151832/openapi.do,2011-10-14,marine_life,각시노벌레,Sinocalanus tenellus,대한민국 강원도 강릉시,대한민국; 동해중부; 대한민국 강원도 강릉시,37.912373,128.809631,각시노벌레은(는) 동해중부에서 관찰·채집된 해양생물 소재로 사용할 수 있다.,해양생물 캐릭터와 바다 탐험 동화 소재,"생물의 이름, 서식 해역, 분류를 활용한 관찰 질문과 퀴즈",5-7;8-10,해양생물;각시노벌레;Sinocalanus;tenellus;동해중부;대한민국;강원도;강릉시,128.809631,대한민국,각시노벌레,Sinocalanus tenellus,37.912373,대한민국 강원도 강릉시,2011-10-14,Sinocalanus tenellus,동해중부
국립해양생물자원관_해양생물 채집 공간정보,https://www.data.go.kr/data/15151832/openapi.do,2024-08-19,marine_life,진흙새우,Pleocyemata > Caridea > Crangonoidea > Crangonidae > Argis > Argis lar,대한민국 동해 #55-1,대한민국; 동해중부; 대한민국 동해 #55-1,38.423447,128.551315,진흙새우은(는) 동해중부에서 관찰·채집된 해양생물 소재로 사용할 수 있다.,해양생물 캐릭터와 바다 탐험 동화 소재,"생물의 이름, 서식 해역, 분류를 활용한 관찰 질문과 퀴즈",5-7;8-10,해양생물;진흙새우;Argis;lar;Pleocyemata;>;Caridea;Crangonoidea;Crangonidae;동해중부;대한민국;동해,128.551315,대한민국,진흙새우,Pleocyemata > Caridea > Crangonoidea > Crangonidae > Argis > Argis lar,38.423447,대한민국 동해 #55-1,2024-08-19,Argis lar,동해중부
국립해양생물자원관_해양생물 채집 공간정보,https://www.data.go.kr/data/15151832/openapi.do,2021-05-11,marine_life,꽃부채게,Xanthoidea > Xanthidae > Xanthinae > Macromedaeus > Macromedaeus distinguendus,대한민국 충청남도 태안군 소원면 의항해수욕장,대한민국; 서해; 대한민국 충청남도 태안군 소원면 의항해수욕장,36.829445,126.157143,꽃부채게은(는) 서해에서 관찰·채집된 해양생물 소재로 사용할 수 있다.,해양생물 캐릭터와 바다 탐험 동화 소재,"생물의 이름, 서식 해역, 분류를 활용한 관찰 질문과 퀴즈",5-7;8-10,해양생물;꽃부채게;Macromedaeus;distinguendus;Xanthoidea;>;Xanthidae;Xanthinae;서해;대한민국;충청남도;태안군,126.157143,대한민국,꽃부채게,Xanthoidea > Xanthidae > Xanthinae > Macromedaeus > Macromedaeus distinguendus,36.829445,대한민국 충청남도 태안군 소원면 의항해수욕장,2021-05-11,Macromedaeus distinguendus,서해
국립해양생물자원관_해양생물 채집 공간정보,https://www.data.go.kr/data/15151832/openapi.do,2024-04-24,marine_life,끄덕새우,Rhynchocinetidae > Rhynchocinetes > Rhynchocinetes uritai,대한민국 경상북도 포항시 남구 구룡포읍 구룡포항,대한민국; 동해남부; 대한민국 경상북도 포항시 남구 구룡포읍 구룡포항,35.997890,129.568665,끄덕새우은(는) 동해남부에서 관찰·채집된 해양생물 소재로 사용할 수 있다.,해양생물 캐릭터와 바다 탐험 동화 소재,"생물의 이름, 서식 해역, 분류를 활용한 관찰 질문과 퀴즈",5-7;8-10,해양생물;끄덕새우;Rhynchocinetes;uritai;Rhynchocinetidae;>;동해남부;대한민국;경상북도;포항시;남구;구룡포읍,129.568665,대한민국,끄덕새우,Rhynchocinetidae > Rhynchocinetes > Rhynchocinetes uritai,35.997890,대한민국 경상북도 포항시 남구 구룡포읍 구룡포항,2024-04-24,Rhynchocinetes uritai,동해남부
국립해양생물자원관_해양생물 채집 공간정보,https://www.data.go.kr/data/15151832/openapi.do,2010-08-21,marine_life,뾰족걸쇠뿔노벌레,Pontellidae > Labidocera > Labidocera acuta,대한민국 경상북도 경주시,대한민국; 동해남부; 대한민국 경상북도 경주시,35.633911,129.494705,뾰족걸쇠뿔노벌레은(는) 동해남부에서 관찰·채집된 해양생물 소재로 사용할 수 있다.,해양생물 캐릭터와 바다 탐험 동화 소재,"생물의 이름, 서식 해역, 분류를 활용한 관찰 질문과 퀴즈",5-7;8-10,해양생물;뾰족걸쇠뿔노벌레;Labidocera;acuta;Pontellidae;>;동해남부;대한민국;경상북도;경주시,129.494705,대한민국,뾰족걸쇠뿔노벌레,Pontellidae > Labidocera > Labidocera acuta,35.633911,대한민국 경상북도 경주시,2010-08-21,Labidocera acuta,동해남부
국립해양생물자원관_해양생물 채집 공간정보,https://www.data.go.kr/data/15151832/openapi.do,1994-06-15,marine_life,Pseudalkalibacillus hwajinpoensis,Pseudalkalibacillus hwajinpoensis,대한민국 전라남도 광양시 태인동,대한민국; 남해서부; 대한민국 전라남도 광양시 태인동,34.946945,127.739716,Pseudalkalibacillus hwajinpoensis은(는) 남해서부에서 관찰·채집된 해양생물 소재로 사용할 수 있다.,해양생물 캐릭터와 바다 탐험 동화 소재,"생물의 이름, 서식 해역, 분류를 활용한 관찰 질문과 퀴즈",5-7;8-10,해양생물;Pseudalkalibacillus;hwajinpoensis;남해서부;대한민국;전라남도;광양시;태인동,127.739716,대한민국,,Pseudalkalibacillus hwajinpoensis,34.946945,대한민국 전라남도 광양시 태인동,1994-06-15,Pseudalkalibacillus hwajinpoensis,남해서부
국립해양생물자원관_해양생물 채집 공간정보,https://www.data.go.kr/data/15151832/openapi.do,2024-08-11,marine_life,부채새우,Scyllaridae > Ibacinae > Ibacus > Ibacus ciliatus,대한민국 제주근해 #243-8,대한민국; 남해서부; 대한민국 제주근해 #243-8,32.595139,126.738632,부채새우은(는) 남해서부에서 관찰·채집된 해양생물 소재로 사용할 수 있다.,해양생물 캐릭터와 바다 탐험 동화 소재,"생물의 이름, 서식 해역, 분류를 활용한 관찰 질문과 퀴즈",5-7;8-10,해양생물;부채새우;Ibacus;ciliatus;Scyllaridae;>;Ibacinae;남해서부;대한민국;제주근해;#243-8,126.738632,대한민국,부채새우,Scyllaridae > Ibacinae > Ibacus > Ibacus ciliatus,32.595139,대한민국 제주근해 #243-8,2024-08-11,Ibacus ciliatus,남해서부
국립해양생물자원관_해양생물 채집 공간정보,https://www.data.go.kr/data/15151832/openapi.do,2024-08-11,marine_life,두드럭게,Pleocyemata > Brachyura > Majoidea > Majidae > Majinae > Leptomithrax > Leptomithrax edwardsii,대한민국 제주근해 #243-6,대한민국; 남해서부; 대한민국 제주근해 #243-6,32.676418,126.876366,두드럭게은(는) 남해서부에서 관찰·채집된 해양생물 소재로 사용할 수 있다.,해양생물 캐릭터와 바다 탐험 동화 소재,"생물의 이름, 서식 해역, 분류를 활용한 관찰 질문과 퀴즈",5-7;8-10,해양생물;두드럭게;Leptomithrax;edwardsii;Pleocyemata;>;Brachyura;Majoidea;Majidae;Majinae;남해서부;대한민국,126.876366,대한민국,두드럭게,Pleocyemata > Brachyura > Majoidea > Majidae > Majinae > Leptomithrax > Leptomithrax edwardsii,32.676418,대한민국 제주근해 #243-6,2024-08-11,Leptomithrax edwardsii,남해서부
국립해양생물자원관_해양생물 채집 공간정보,https://www.data.go.kr/data/15151832/openapi.do,2024-05-29,marine_life,두드러기부채게,Xanthoidea > Xanthidae > Euxanthinae > Medaeops > Medaeops granulosus,대한민국 경상남도 남해군 미조면 고도,대한민국; 남해동부; 대한민국 경상남도 남해군 미조면 고도,34.682777,128.059723,두드러기부채게은(는) 남해동부에서 관찰·채집된 해양생물 소재로 사용할 수 있다.,해양생물 캐릭터와 바다 탐험 동화 소재,"생물의 이름, 서식 해역, 분류를 활용한 관찰 질문과 퀴즈",5-7;8-10,해양생물;두드러기부채게;Medaeops;granulosus;Xanthoidea;>;Xanthidae;Euxanthinae;남해동부;대한민국;경상남도;남해군,128.059723,대한민국,두드러기부채게,Xanthoidea > Xanthidae > Euxanthinae > Medaeops > Medaeops granulosus,34.682777,대한민국 경상남도 남해군 미조면 고도,2024-05-29,Medaeops granulosus,남해동부
국립해양생물자원관_해양생물 채집 공간정보,https://www.data.go.kr/data/15151832/openapi.do,2013-10-14,marine_life,긴집게발게,Pleocyemata > Brachyura > Majoidea > Oregoniidae > Oregoniinae > Oregonia > Oregonia gracilis,대한민국 서해,대한민국; 서해; 대한민국 서해,34.801334,125.325500,긴집게발게은(는) 서해에서 관찰·채집된 해양생물 소재로 사용할 수 있다.,해양생물 캐릭터와 바다 탐험 동화 소재,"생물의 이름, 서식 해역, 분류를 활용한 관찰 질문과 퀴즈",5-7;8-10,해양생물;긴집게발게;Oregonia;gracilis;Pleocyemata;>;Brachyura;Majoidea;Oregoniidae;Oregoniinae;서해;대한민국,125.325500,대한민국,긴집게발게,Pleocyemata > Brachyura > Majoidea > Oregoniidae > Oregoniinae > Oregonia > Oregonia gracilis,34.801334,대한민국 서해,2013-10-14,Oregonia gracilis,서해
국립해양생물자원관_해양생물 채집 공간정보,https://www.data.go.kr/data/15151832/openapi.do,2010-08-26,marine_life,Chaetoceros didymus,Protista > Bacillariophyta > Mediophyceae > Chaetocerotales > Chaetocerotaceae > Chaetoceros > Chaetoceros didymus,대한민국 전라북도 군산시,대한민국; 남해서부; 대한민국 전라북도 군산시,34.783993,126.413361,Chaetoceros didymus은(는) 남해서부에서 관찰·채집된 해양생물 소재로 사용할 수 있다.,해양생물 캐릭터와 바다 탐험 동화 소재,"생물의 이름, 서식 해역, 분류를 활용한 관찰 질문과 퀴즈",5-7;8-10,해양생물;Chaetoceros;didymus;Protista;>;Bacillariophyta;Mediophyceae;Chaetocerotales;Chaetocerotaceae;남해서부;대한민국;전라북도,126.413361,대한민국,,Protista > Bacillariophyta > Mediophyceae > Chaetocerotales > Chaetocerotaceae > Chaetoceros > Chaetoceros didymus,34.783993,대한민국 전라북도 군산시,2010-08-26,Chaetoceros didymus,남해서부
국립해양생물자원관_해양생물 채집 공간정보,https://www.data.go.kr/data/15151832/openapi.do,2017-07-12,marine_life,줄무늬갯고사리,Echinodermata > Crinoidea > Comatulida > Colobometridae > Cyllometra > Cyllometra manca,대한민국 제주특별자치도 서귀포시 대정읍,대한민국; 남해서부; 대한민국 제주특별자치도 서귀포시 대정읍,33.214710,126.250275,줄무늬갯고사리은(는) 남해서부에서 관찰·채집된 해양생물 소재로 사용할 수 있다.,해양생물 캐릭터와 바다 탐험 동화 소재,"생물의 이름, 서식 해역, 분류를 활용한 관찰 질문과 퀴즈",5-7;8-10,해양생물;줄무늬갯고사리;Cyllometra;manca;Echinodermata;>;Crinoidea;Comatulida;Colobometridae;남해서부;대한민국;제주특별자치도,126.250275,대한민국,줄무늬갯고사리,Echinodermata > Crinoidea > Comatulida > Colobometridae > Cyllometra > Cyllometra manca,33.214710,대한민국 제주특별자치도 서귀포시 대정읍,2017-07-12,Cyllometra manca,남해서부
국립해양생물자원관_해양생물 채집 공간정보,https://www.data.go.kr/data/15151832/openapi.do,2011-05-15,marine_life,위볼록배검물벼룩,Oncaeidae > Oncaea > Oncaea venusta venusta,대한민국 전라남도 진도군,대한민국; 남해서부; 대한민국 전라남도 진도군,34.347382,126.042252,위볼록배검물벼룩은(는) 남해서부에서 관찰·채집된 해양생물 소재로 사용할 수 있다.,해양생물 캐릭터와 바다 탐험 동화 소재,"생물의 이름, 서식 해역, 분류를 활용한 관찰 질문과 퀴즈",5-7;8-10,해양생물;위볼록배검물벼룩;Oncaea;venusta;Oncaeidae;>;남해서부;대한민국;전라남도;진도군,126.042252,대한민국,위볼록배검물벼룩,Oncaeidae > Oncaea > Oncaea venusta venusta,34.347382,대한민국 전라남도 진도군,2011-05-15,Oncaea venusta venusta,남해서부
국립해양생물자원관_해양생물 채집 공간정보,https://www.data.go.kr/data/15151832/openapi.do,2014-02-25,marine_life,작은구슬산호말,Rhodophyta > Florideophyceae > Corallinales > Corallinaceae > Corallina > Corallina pilulifera,대한민국 경상북도 울진군 북면,대한민국; 동해중부; 대한민국 경상북도 울진군 북면,37.113770,129.376053,작은구슬산호말은(는) 동해중부에서 관찰·채집된 해양생물 소재로 사용할 수 있다.,해양생물 캐릭터와 바다 탐험 동화 소재,"생물의 이름, 서식 해역, 분류를 활용한 관찰 질문과 퀴즈",5-7;8-10,해양생물;작은구슬산호말;Corallina;pilulifera;Rhodophyta;>;Florideophyceae;Corallinales;Corallinaceae;동해중부;대한민국;경상북도,129.376053,대한민국,작은구슬산호말,Rhodophyta > Florideophyceae > Corallinales > Corallinaceae > Corallina > Corallina pilulifera,37.113770,대한민국 경상북도 울진군 북면,2014-02-25,Corallina pilulifera,동해중부
국립해양생물자원관_해양생물 채집 공간정보,https://www.data.go.kr/data/15151832/openapi.do,2010-08-28,marine_life,Cyclotella litoralis,Stephanodiscales > Stephanodiscaceae > Cyclotella > Cyclotella litoralis,대한민국 경기도 평택시,대한민국; 서해; 대한민국 경기도 평택시,37.007271,126.748451,Cyclotella litoralis은(는) 서해에서 관찰·채집된 해양생물 소재로 사용할 수 있다.,해양생물 캐릭터와 바다 탐험 동화 소재,"생물의 이름, 서식 해역, 분류를 활용한 관찰 질문과 퀴즈",5-7;8-10,해양생물;Cyclotella;litoralis;Stephanodiscales;>;Stephanodiscaceae;서해;대한민국;경기도;평택시,126.748451,대한민국,,Stephanodiscales > Stephanodiscaceae > Cyclotella > Cyclotella litoralis,37.007271,대한민국 경기도 평택시,2010-08-28,Cyclotella litoralis,서해
국립해양생물자원관_해양생물 채집 공간정보,https://www.data.go.kr/data/15151832/openapi.do,2011-09-28,marine_life,보통주정노벌레,Undinula vulgaris,대한민국 경상북도 울진군,대한민국; 동해중부; 대한민국 경상북도 울진군,37.096100,129.422882,보통주정노벌레은(는) 동해중부에서 관찰·채집된 해양생물 소재로 사용할 수 있다.,해양생물 캐릭터와 바다 탐험 동화 소재,"생물의 이름, 서식 해역, 분류를 활용한 관찰 질문과 퀴즈",5-7;8-10,해양생물;보통주정노벌레;Undinula;vulgaris;동해중부;대한민국;경상북도;울진군,129.422882,대한민국,보통주정노벌레,Undinula vulgaris,37.096100,대한민국 경상북도 울진군,2011-09-28,Undinula vulgaris,동해중부
국립해양생물자원관_해양생물 채집 공간정보,https://www.data.go.kr/data/15151832/openapi.do,2011-09-28,marine_life,보통주정노벌레,Undinula vulgaris,대한민국 경상북도 울진군,대한민국; 동해중부; 대한민국 경상북도 울진군,37.089924,129.454224,보통주정노벌레은(는) 동해중부에서 관찰·채집된 해양생물 소재로 사용할 수 있다.,해양생물 캐릭터와 바다 탐험 동화 소재,"생물의 이름, 서식 해역, 분류를 활용한 관찰 질문과 퀴즈",5-7;8-10,해양생물;보통주정노벌레;Undinula;vulgaris;동해중부;대한민국;경상북도;울진군,129.454224,대한민국,보통주정노벌레,Undinula vulgaris,37.089924,대한민국 경상북도 울진군,2011-09-28,Undinula vulgaris,동해중부
국립해양생물자원관_해양생물 채집 공간정보,https://www.data.go.kr/data/15151832/openapi.do,2011-09-28,marine_life,보통주정노벌레,Undinula vulgaris,대한민국 경상북도 울진군,대한민국; 동해중부; 대한민국 경상북도 울진군,37.090122,129.444031,보통주정노벌레은(는) 동해중부에서 관찰·채집된 해양생물 소재로 사용할 수 있다.,해양생물 캐릭터와 바다 탐험 동화 소재,"생물의 이름, 서식 해역, 분류를 활용한 관찰 질문과 퀴즈",5-7;8-10,해양생물;보통주정노벌레;Undinula;vulgaris;동해중부;대한민국;경상북도;울진군,129.444031,대한민국,보통주정노벌레,Undinula vulgaris,37.090122,대한민국 경상북도 울진군,2011-09-28,Undinula vulgaris,동해중부
국립해양생물자원관_해양생물 채집 공간정보,https://www.data.go.kr/data/15151832/openapi.do,2010-08-26,marine_life,Stephanopyxis palmeriana,Stephanopyxis palmeriana,대한민국 전라남도 목포시,대한민국; 남해서부; 대한민국 전라남도 목포시,34.777924,126.384613,Stephanopyxis palmeriana은(는) 남해서부에서 관찰·채집된 해양생물 소재로 사용할 수 있다.,해양생물 캐릭터와 바다 탐험 동화 소재,"생물의 이름, 서식 해역, 분류를 활용한 관찰 질문과 퀴즈",5-7;8-10,해양생물;Stephanopyxis;palmeriana;남해서부;대한민국;전라남도;목포시,126.384613,대한민국,,Stephanopyxis palmeriana,34.777924,대한민국 전라남도 목포시,2010-08-26,Stephanopyxis palmeriana,남해서부
국립해양생물자원관_해양생물 채집 공간정보,https://www.data.go.kr/data/15151832/openapi.do,2014-02-25,marine_life,작은구슬산호말,Rhodophyta > Florideophyceae > Corallinales > Corallinaceae > Corallina > Corallina pilulifera,대한민국 경상북도 울진군 북면,대한민국; 동해중부; 대한민국 경상북도 울진군 북면,37.113770,129.376053,작은구슬산호말은(는) 동해중부에서 관찰·채집된 해양생물 소재로 사용할 수 있다.,해양생물 캐릭터와 바다 탐험 동화 소재,"생물의 이름, 서식 해역, 분류를 활용한 관찰 질문과 퀴즈",5-7;8-10,해양생물;작은구슬산호말;Corallina;pilulifera;Rhodophyta;>;Florideophyceae;Corallinales;Corallinaceae;동해중부;대한민국;경상북도,129.376053,대한민국,작은구슬산호말,Rhodophyta > Florideophyceae > Corallinales > Corallinaceae > Corallina > Corallina pilulifera,37.113770,대한민국 경상북도 울진군 북면,2014-02-25,Corallina pilulifera,동해중부
국립해양생물자원관_해양생물 채집 공간정보,https://www.data.go.kr/data/15151832/openapi.do,2012-09-05,marine_life,Hemiaulus chinensis,Protista > Bacillariophyta > Mediophyceae > Hemiaulales > Hemiaulaceae > Hemiaulus > Hemiaulus chinensis,대한민국 경상북도 울진군 후포면 후포리,대한민국; 동해중부; 대한민국 경상북도 울진군 후포면 후포리,36.680836,129.455627,Hemiaulus chinensis은(는) 동해중부에서 관찰·채집된 해양생물 소재로 사용할 수 있다.,해양생물 캐릭터와 바다 탐험 동화 소재,"생물의 이름, 서식 해역, 분류를 활용한 관찰 질문과 퀴즈",5-7;8-10,해양생물;Hemiaulus;chinensis;Protista;>;Bacillariophyta;Mediophyceae;Hemiaulales;Hemiaulaceae;동해중부;대한민국;경상북도,129.455627,대한민국,,Protista > Bacillariophyta > Mediophyceae > Hemiaulales > Hemiaulaceae > Hemiaulus > Hemiaulus chinensis,36.680836,대한민국 경상북도 울진군 후포면 후포리,2012-09-05,Hemiaulus chinensis,동해중부
국립해양생물자원관_해양생물 채집 공간정보,https://www.data.go.kr/data/15151832/openapi.do,2021-04-23,marine_life,Watersipora subatra,Watersiporidae > Watersipora > Watersipora subatra,대한민국 전라북도 군산시 옥도면 어청도,대한민국; 서해; 대한민국 전라북도 군산시 옥도면 어청도,36.118370,125.982857,Watersipora subatra은(는) 서해에서 관찰·채집된 해양생물 소재로 사용할 수 있다.,해양생물 캐릭터와 바다 탐험 동화 소재,"생물의 이름, 서식 해역, 분류를 활용한 관찰 질문과 퀴즈",5-7;8-10,해양생물;Watersipora;subatra;Watersiporidae;>;서해;대한민국;전라북도;군산시;옥도면;어청도,125.982857,대한민국,,Watersiporidae > Watersipora > Watersipora subatra,36.118370,대한민국 전라북도 군산시 옥도면 어청도,2021-04-23,Watersipora subatra,서해
국립해양생물자원관_해양생물 채집 공간정보,https://www.data.go.kr/data/15151832/openapi.do,2013-10-12,marine_life,작은구슬산호말,Rhodophyta > Florideophyceae > Corallinales > Corallinaceae > Corallina > Corallina pilulifera,대한민국 경상북도 포항시 남구 호미곶면,대한민국; 동해남부; 대한민국 경상북도 포항시 남구 호미곶면,36.077202,129.570419,작은구슬산호말은(는) 동해남부에서 관찰·채집된 해양생물 소재로 사용할 수 있다.,해양생물 캐릭터와 바다 탐험 동화 소재,"생물의 이름, 서식 해역, 분류를 활용한 관찰 질문과 퀴즈",5-7;8-10,해양생물;작은구슬산호말;Corallina;pilulifera;Rhodophyta;>;Florideophyceae;Corallinales;Corallinaceae;동해남부;대한민국;경상북도,129.570419,대한민국,작은구슬산호말,Rhodophyta > Florideophyceae > Corallinales > Corallinaceae > Corallina > Corallina pilulifera,36.077202,대한민국 경상북도 포항시 남구 호미곶면,2013-10-12,Corallina pilulifera,동해남부
국립해양생물자원관_해양생물 채집 공간정보,https://www.data.go.kr/data/15151832/openapi.do,2013-04-11,marine_life,주름가시돌잎,Spongitaceae > Neogoniolithon > Neogoniolithon setchellii,대한민국 제주특별자치도 제주시 애월읍,대한민국; 남해서부; 대한민국 제주특별자치도 제주시 애월읍,33.490807,126.411781,주름가시돌잎은(는) 남해서부에서 관찰·채집된 해양생물 소재로 사용할 수 있다.,해양생물 캐릭터와 바다 탐험 동화 소재,"생물의 이름, 서식 해역, 분류를 활용한 관찰 질문과 퀴즈",5-7;8-10,해양생물;주름가시돌잎;Neogoniolithon;setchellii;Spongitaceae;>;남해서부;대한민국;제주특별자치도;제주시;애월읍,126.411781,대한민국,주름가시돌잎,Spongitaceae > Neogoniolithon > Neogoniolithon setchellii,33.490807,대한민국 제주특별자치도 제주시 애월읍,2013-04-11,Neogoniolithon setchellii,남해서부
국립해양생물자원관_해양생물 채집 공간정보,https://www.data.go.kr/data/15151832/openapi.do,2015-05-21,marine_life,수정긴털용선충,Prochaetosoma sujungi,대한민국 제주특별자치도 제주시 한경면 조간대,대한민국; 남해서부; 대한민국 제주특별자치도 제주시 한경면 조간대,33.344032,126.169395,수정긴털용선충은(는) 남해서부에서 관찰·채집된 해양생물 소재로 사용할 수 있다.,해양생물 캐릭터와 바다 탐험 동화 소재,"생물의 이름, 서식 해역, 분류를 활용한 관찰 질문과 퀴즈",5-7;8-10,해양생물;수정긴털용선충;Prochaetosoma;sujungi;남해서부;대한민국;제주특별자치도;제주시;한경면;조간대,126.169395,대한민국,수정긴털용선충,Prochaetosoma sujungi,33.344032,대한민국 제주특별자치도 제주시 한경면 조간대,2015-05-21,Prochaetosoma sujungi,남해서부
국립해양생물자원관_해양생물 채집 공간정보,https://www.data.go.kr/data/15151832/openapi.do,2002-03-08,marine_life,Cobetia amphilecti,Pseudomonadota > Gammaproteobacteria > Oceanospirillales > Halomonadaceae > Cobetia > Cobetia amphilecti,대한민국 전라남도 여수시 시전동,대한민국; 남해서부; 대한민국 전라남도 여수시 시전동,34.755833,127.663612,Cobetia amphilecti은(는) 남해서부에서 관찰·채집된 해양생물 소재로 사용할 수 있다.,해양생물 캐릭터와 바다 탐험 동화 소재,"생물의 이름, 서식 해역, 분류를 활용한 관찰 질문과 퀴즈",5-7;8-10,해양생물;Cobetia;amphilecti;Pseudomonadota;>;Gammaproteobacteria;Oceanospirillales;Halomonadaceae;남해서부;대한민국;전라남도;여수시,127.663612,대한민국,,Pseudomonadota > Gammaproteobacteria > Oceanospirillales > Halomonadaceae > Cobetia > Cobetia amphilecti,34.755833,대한민국 전라남도 여수시 시전동,2002-03-08,Cobetia amphilecti,남해서부
국립해양생물자원관_해양생물 채집 공간정보,https://www.data.go.kr/data/15151832/openapi.do,2012-05-02,marine_life,윌슨낫벌레,Ergasilus wilsoni,대한민국 강원도 양양군 현남면 전포매리,대한민국; 동해중부; 대한민국 강원도 양양군 현남면 전포매리,37.950607,128.770782,윌슨낫벌레은(는) 동해중부에서 관찰·채집된 해양생물 소재로 사용할 수 있다.,해양생물 캐릭터와 바다 탐험 동화 소재,"생물의 이름, 서식 해역, 분류를 활용한 관찰 질문과 퀴즈",5-7;8-10,해양생물;윌슨낫벌레;Ergasilus;wilsoni;동해중부;대한민국;강원도;양양군;현남면;전포매리,128.770782,대한민국,윌슨낫벌레,Ergasilus wilsoni,37.950607,대한민국 강원도 양양군 현남면 전포매리,2012-05-02,Ergasilus wilsoni,동해중부
국립해양생물자원관_해양생물 채집 공간정보,https://www.data.go.kr/data/15151832/openapi.do,2013-11-13,marine_life,별불가사리,Valvatida > Asterinidae > Patiria > Patiria pectinifera,대한민국 경상북도 울진군 죽변면,대한민국; 동해중부; 대한민국 경상북도 울진군 죽변면,37.059025,129.437378,별불가사리은(는) 동해중부에서 관찰·채집된 해양생물 소재로 사용할 수 있다.,해양생물 캐릭터와 바다 탐험 동화 소재,"생물의 이름, 서식 해역, 분류를 활용한 관찰 질문과 퀴즈",5-7;8-10,해양생물;별불가사리;Patiria;pectinifera;Valvatida;>;Asterinidae;동해중부;대한민국;경상북도;울진군;죽변면,129.437378,대한민국,별불가사리,Valvatida > Asterinidae > Patiria > Patiria pectinifera,37.059025,대한민국 경상북도 울진군 죽변면,2013-11-13,Patiria pectinifera,동해중부
국립해양생물자원관_해양생물 채집 공간정보,https://www.data.go.kr/data/15151832/openapi.do,2017-10-17,marine_life,마디잘록이,Rhodymeniales > Lomentariaceae > Fushitsunagia > Fushitsunagia catenata,대한민국 강원도 삼척시 근덕면,대한민국; 동해중부; 대한민국 강원도 삼척시 근덕면,37.290668,129.317657,마디잘록이은(는) 동해중부에서 관찰·채집된 해양생물 소재로 사용할 수 있다.,해양생물 캐릭터와 바다 탐험 동화 소재,"생물의 이름, 서식 해역, 분류를 활용한 관찰 질문과 퀴즈",5-7;8-10,해양생물;마디잘록이;Fushitsunagia;catenata;Rhodymeniales;>;Lomentariaceae;동해중부;대한민국;강원도;삼척시;근덕면,129.317657,대한민국,마디잘록이,Rhodymeniales > Lomentariaceae > Fushitsunagia > Fushitsunagia catenata,37.290668,대한민국 강원도 삼척시 근덕면,2017-10-17,Fushitsunagia catenata,동해중부
국립해양생물자원관_해양생물 채집 공간정보,https://www.data.go.kr/data/15151832/openapi.do,2013-07-12,marine_life,나무꼴애기산호말,Rhodophyta > Florideophyceae > Corallinales > Corallinaceae > Jania > Jania arborescens,대한민국 제주특별자치도 서귀포시,대한민국; 남해서부; 대한민국 제주특별자치도 서귀포시,33.238876,126.544601,나무꼴애기산호말은(는) 남해서부에서 관찰·채집된 해양생물 소재로 사용할 수 있다.,해양생물 캐릭터와 바다 탐험 동화 소재,"생물의 이름, 서식 해역, 분류를 활용한 관찰 질문과 퀴즈",5-7;8-10,해양생물;나무꼴애기산호말;Jania;arborescens;Rhodophyta;>;Florideophyceae;Corallinales;Corallinaceae;남해서부;대한민국;제주특별자치도,126.544601,대한민국,나무꼴애기산호말,Rhodophyta > Florideophyceae > Corallinales > Corallinaceae > Jania > Jania arborescens,33.238876,대한민국 제주특별자치도 서귀포시,2013-07-12,Jania arborescens,남해서부
국립해양생물자원관_해양생물 채집 공간정보,https://www.data.go.kr/data/15151832/openapi.do,2021-05-12,marine_life,게가재,Pleocyemata > Anomura > Hippoidea > Blepharipodidae > Blepharipoda > Blepharipoda liberata,대한민국 충청남도 보령시 웅천읍 용섬,대한민국; 서해; 대한민국 충청남도 보령시 웅천읍 용섬,36.265800,126.369797,게가재은(는) 서해에서 관찰·채집된 해양생물 소재로 사용할 수 있다.,해양생물 캐릭터와 바다 탐험 동화 소재,"생물의 이름, 서식 해역, 분류를 활용한 관찰 질문과 퀴즈",5-7;8-10,해양생물;게가재;Blepharipoda;liberata;Pleocyemata;>;Anomura;Hippoidea;Blepharipodidae;서해;대한민국;충청남도,126.369797,대한민국,게가재,Pleocyemata > Anomura > Hippoidea > Blepharipodidae > Blepharipoda > Blepharipoda liberata,36.265800,대한민국 충청남도 보령시 웅천읍 용섬,2021-05-12,Blepharipoda liberata,서해
국립해양생물자원관_해양생물 채집 공간정보,https://www.data.go.kr/data/15151832/openapi.do,2021-05-12,marine_life,게가재,Pleocyemata > Anomura > Hippoidea > Blepharipodidae > Blepharipoda > Blepharipoda liberata,대한민국 충청남도 보령시 웅천읍 용섬,대한민국; 서해; 대한민국 충청남도 보령시 웅천읍 용섬,36.265800,126.369797,게가재은(는) 서해에서 관찰·채집된 해양생물 소재로 사용할 수 있다.,해양생물 캐릭터와 바다 탐험 동화 소재,"생물의 이름, 서식 해역, 분류를 활용한 관찰 질문과 퀴즈",5-7;8-10,해양생물;게가재;Blepharipoda;liberata;Pleocyemata;>;Anomura;Hippoidea;Blepharipodidae;서해;대한민국;충청남도,126.369797,대한민국,게가재,Pleocyemata > Anomura > Hippoidea > Blepharipodidae > Blepharipoda > Blepharipoda liberata,36.265800,대한민국 충청남도 보령시 웅천읍 용섬,2021-05-12,Blepharipoda liberata,서해
국립해양생물자원관_해양생물 채집 공간정보,https://www.data.go.kr/data/15151832/openapi.do,2014-03-15,marine_life,Epicoccum nigrum,Pleosporales > Didymellaceae > Epicoccum > Epicoccum nigrum,대한민국 전라남도 무안군 해제면,대한민국; 서해; 대한민국 전라남도 무안군 해제면,35.066971,126.308029,Epicoccum nigrum은(는) 서해에서 관찰·채집된 해양생물 소재로 사용할 수 있다.,해양생물 캐릭터와 바다 탐험 동화 소재,"생물의 이름, 서식 해역, 분류를 활용한 관찰 질문과 퀴즈",5-7;8-10,해양생물;Epicoccum;nigrum;Pleosporales;>;Didymellaceae;서해;대한민국;전라남도;무안군;해제면,126.308029,대한민국,,Pleosporales > Didymellaceae > Epicoccum > Epicoccum nigrum,35.066971,대한민국 전라남도 무안군 해제면,2014-03-15,Epicoccum nigrum,서해
국립해양생물자원관_해양생물 채집 공간정보,https://www.data.go.kr/data/15151832/openapi.do,2017-10-17,marine_life,잔가시모자반,Sargassum micracanthum,대한민국 강원도 삼척시 근덕면,대한민국; 동해중부; 대한민국 강원도 삼척시 근덕면,37.290668,129.317657,잔가시모자반은(는) 동해중부에서 관찰·채집된 해양생물 소재로 사용할 수 있다.,해양생물 캐릭터와 바다 탐험 동화 소재,"생물의 이름, 서식 해역, 분류를 활용한 관찰 질문과 퀴즈",5-7;8-10,해양생물;잔가시모자반;Sargassum;micracanthum;동해중부;대한민국;강원도;삼척시;근덕면,129.317657,대한민국,잔가시모자반,Sargassum micracanthum,37.290668,대한민국 강원도 삼척시 근덕면,2017-10-17,Sargassum micracanthum,동해중부
국립해양생물자원관_해양생물 채집 공간정보,https://www.data.go.kr/data/15151832/openapi.do,2011-08-30,marine_life,태평작은노벌레,Odontacartia > Acartia (Odontacartia) pacifica,대한민국 충청남도 태안군,대한민국; 서해; 대한민국 충청남도 태안군,36.850792,126.178192,태평작은노벌레은(는) 서해에서 관찰·채집된 해양생물 소재로 사용할 수 있다.,해양생물 캐릭터와 바다 탐험 동화 소재,"생물의 이름, 서식 해역, 분류를 활용한 관찰 질문과 퀴즈",5-7;8-10,해양생물;태평작은노벌레;Acartia;(Odontacartia);pacifica;Odontacartia;>;서해;대한민국;충청남도;태안군,126.178192,대한민국,태평작은노벌레,Odontacartia > Acartia (Odontacartia) pacifica,36.850792,대한민국 충청남도 태안군,2011-08-30,Acartia (Odontacartia) pacifica,서해
국립해양생물자원관_해양생물 채집 공간정보,https://www.data.go.kr/data/15151832/openapi.do,2011-07-01,marine_life,태평작은노벌레,Odontacartia > Acartia (Odontacartia) pacifica,대한민국 인천광역시 강화군,대한민국; 서해; 대한민국 인천광역시 강화군,37.642384,126.265617,태평작은노벌레은(는) 서해에서 관찰·채집된 해양생물 소재로 사용할 수 있다.,해양생물 캐릭터와 바다 탐험 동화 소재,"생물의 이름, 서식 해역, 분류를 활용한 관찰 질문과 퀴즈",5-7;8-10,해양생물;태평작은노벌레;Acartia;(Odontacartia);pacifica;Odontacartia;>;서해;대한민국;인천광역시;강화군,126.265617,대한민국,태평작은노벌레,Odontacartia > Acartia (Odontacartia) pacifica,37.642384,대한민국 인천광역시 강화군,2011-07-01,Acartia (Odontacartia) pacifica,서해
국립해양생물자원관_해양생물 채집 공간정보,https://www.data.go.kr/data/15151832/openapi.do,2011-07-01,marine_life,태평작은노벌레,Odontacartia > Acartia (Odontacartia) pacifica,대한민국 인천광역시 강화군,대한민국; 서해; 대한민국 인천광역시 강화군,37.635868,126.351898,태평작은노벌레은(는) 서해에서 관찰·채집된 해양생물 소재로 사용할 수 있다.,해양생물 캐릭터와 바다 탐험 동화 소재,"생물의 이름, 서식 해역, 분류를 활용한 관찰 질문과 퀴즈",5-7;8-10,해양생물;태평작은노벌레;Acartia;(Odontacartia);pacifica;Odontacartia;>;서해;대한민국;인천광역시;강화군,126.351898,대한민국,태평작은노벌레,Odontacartia > Acartia (Odontacartia) pacifica,37.635868,대한민국 인천광역시 강화군,2011-07-01,Acartia (Odontacartia) pacifica,서해
국립해양생물자원관_해양생물 채집 공간정보,https://www.data.go.kr/data/15151832/openapi.do,2016-08-02,marine_life,Aspergillus luchuensis,Fungi > Ascomycota > Eurotiomycetes > Eurotiales > Aspergillaceae > Aspergillus > Aspergillus luchuensis,대한민국 강원도 강릉시 연곡면 연곡면,대한민국; 동해중부; 대한민국 강원도 강릉시 연곡면 연곡면,37.858555,128.854401,Aspergillus luchuensis은(는) 동해중부에서 관찰·채집된 해양생물 소재로 사용할 수 있다.,해양생물 캐릭터와 바다 탐험 동화 소재,"생물의 이름, 서식 해역, 분류를 활용한 관찰 질문과 퀴즈",5-7;8-10,해양생물;Aspergillus;luchuensis;Fungi;>;Ascomycota;Eurotiomycetes;Eurotiales;Aspergillaceae;동해중부;대한민국;강원도,128.854401,대한민국,,Fungi > Ascomycota > Eurotiomycetes > Eurotiales > Aspergillaceae > Aspergillus > Aspergillus luchuensis,37.858555,대한민국 강원도 강릉시 연곡면 연곡면,2016-08-02,Aspergillus luchuensis,동해중부
국립해양생물자원관_해양생물 채집 공간정보,https://www.data.go.kr/data/15151832/openapi.do,2002-03-08,marine_life,Bacillus mobilis,Caryophanales > Bacillaceae > Bacillus > Bacillus mobilis,대한민국 전라남도 광양시 태인동,대한민국; 남해서부; 대한민국 전라남도 광양시 태인동,34.946945,127.739716,Bacillus mobilis은(는) 남해서부에서 관찰·채집된 해양생물 소재로 사용할 수 있다.,해양생물 캐릭터와 바다 탐험 동화 소재,"생물의 이름, 서식 해역, 분류를 활용한 관찰 질문과 퀴즈",5-7;8-10,해양생물;Bacillus;mobilis;Caryophanales;>;Bacillaceae;남해서부;대한민국;전라남도;광양시;태인동,127.739716,대한민국,,Caryophanales > Bacillaceae > Bacillus > Bacillus mobilis,34.946945,대한민국 전라남도 광양시 태인동,2002-03-08,Bacillus mobilis,남해서부
국립해양생물자원관_해양생물 채집 공간정보,https://www.data.go.kr/data/15151832/openapi.do,2014-03-15,marine_life,Penicillium citrinum,Penicillium citrinum,대한민국 전라남도 여수시,대한민국; 남해서부; 대한민국 전라남도 여수시,34.818890,127.767227,Penicillium citrinum은(는) 남해서부에서 관찰·채집된 해양생물 소재로 사용할 수 있다.,해양생물 캐릭터와 바다 탐험 동화 소재,"생물의 이름, 서식 해역, 분류를 활용한 관찰 질문과 퀴즈",5-7;8-10,해양생물;Penicillium;citrinum;남해서부;대한민국;전라남도;여수시,127.767227,대한민국,,Penicillium citrinum,34.818890,대한민국 전라남도 여수시,2014-03-15,Penicillium citrinum,남해서부
국립해양생물자원관_해양생물 채집 공간정보,https://www.data.go.kr/data/15151832/openapi.do,2014-03-15,marine_life,Penicillium citrinum,Penicillium citrinum,대한민국 전라남도 여수시,대한민국; 남해서부; 대한민국 전라남도 여수시,34.818890,127.767227,Penicillium citrinum은(는) 남해서부에서 관찰·채집된 해양생물 소재로 사용할 수 있다.,해양생물 캐릭터와 바다 탐험 동화 소재,"생물의 이름, 서식 해역, 분류를 활용한 관찰 질문과 퀴즈",5-7;8-10,해양생물;Penicillium;citrinum;남해서부;대한민국;전라남도;여수시,127.767227,대한민국,,Penicillium citrinum,34.818890,대한민국 전라남도 여수시,2014-03-15,Penicillium citrinum,남해서부
국립해양생물자원관_해양생물 채집 공간정보,https://www.data.go.kr/data/15151832/openapi.do,2002-03-08,marine_life,Roseibium aggregatum,Stappiaceae > Roseibium > Roseibium aggregatum,대한민국 전라남도 광양시 태인동,대한민국; 남해서부; 대한민국 전라남도 광양시 태인동,34.946945,127.739716,Roseibium aggregatum은(는) 남해서부에서 관찰·채집된 해양생물 소재로 사용할 수 있다.,해양생물 캐릭터와 바다 탐험 동화 소재,"생물의 이름, 서식 해역, 분류를 활용한 관찰 질문과 퀴즈",5-7;8-10,해양생물;Roseibium;aggregatum;Stappiaceae;>;남해서부;대한민국;전라남도;광양시;태인동,127.739716,대한민국,,Stappiaceae > Roseibium > Roseibium aggregatum,34.946945,대한민국 전라남도 광양시 태인동,2002-03-08,Roseibium aggregatum,남해서부
국립해양생물자원관_해양생물 채집 공간정보,https://www.data.go.kr/data/15151832/openapi.do,2024-04-22,marine_life,뚱뚱이짚신고둥,Mollusca > Gastropoda > Littorinimorpha > Calyptraeidae > Crepidula > Crepidula onyx,대한민국 경상북도 울진군 북면 석호항,대한민국; 동해중부; 대한민국 경상북도 울진군 북면 석호항,37.113205,129.376129,뚱뚱이짚신고둥은(는) 동해중부에서 관찰·채집된 해양생물 소재로 사용할 수 있다.,해양생물 캐릭터와 바다 탐험 동화 소재,"생물의 이름, 서식 해역, 분류를 활용한 관찰 질문과 퀴즈",5-7;8-10,해양생물;뚱뚱이짚신고둥;Crepidula;onyx;Mollusca;>;Gastropoda;Littorinimorpha;Calyptraeidae;동해중부;대한민국;경상북도,129.376129,대한민국,뚱뚱이짚신고둥,Mollusca > Gastropoda > Littorinimorpha > Calyptraeidae > Crepidula > Crepidula onyx,37.113205,대한민국 경상북도 울진군 북면 석호항,2024-04-22,Crepidula onyx,동해중부
국립해양생물자원관_해양생물 채집 공간정보,https://www.data.go.kr/data/15151832/openapi.do,2002-03-08,marine_life,Rossellomorea aquimaris,Rossellomorea aquimaris,대한민국 전라남도 여수시 시전동,대한민국; 남해서부; 대한민국 전라남도 여수시 시전동,34.755833,127.663612,Rossellomorea aquimaris은(는) 남해서부에서 관찰·채집된 해양생물 소재로 사용할 수 있다.,해양생물 캐릭터와 바다 탐험 동화 소재,"생물의 이름, 서식 해역, 분류를 활용한 관찰 질문과 퀴즈",5-7;8-10,해양생물;Rossellomorea;aquimaris;남해서부;대한민국;전라남도;여수시;시전동,127.663612,대한민국,,Rossellomorea aquimaris,34.755833,대한민국 전라남도 여수시 시전동,2002-03-08,Rossellomorea aquimaris,남해서부
국립해양생물자원관_해양생물 채집 공간정보,https://www.data.go.kr/data/15151832/openapi.do,2002-03-08,marine_life,Bacillus altitudinis,Caryophanales > Bacillaceae > Bacillus > Bacillus altitudinis,대한민국 전라남도 여수시 시전동,대한민국; 남해서부; 대한민국 전라남도 여수시 시전동,34.755833,127.663612,Bacillus altitudinis은(는) 남해서부에서 관찰·채집된 해양생물 소재로 사용할 수 있다.,해양생물 캐릭터와 바다 탐험 동화 소재,"생물의 이름, 서식 해역, 분류를 활용한 관찰 질문과 퀴즈",5-7;8-10,해양생물;Bacillus;altitudinis;Caryophanales;>;Bacillaceae;남해서부;대한민국;전라남도;여수시;시전동,127.663612,대한민국,,Caryophanales > Bacillaceae > Bacillus > Bacillus altitudinis,34.755833,대한민국 전라남도 여수시 시전동,2002-03-08,Bacillus altitudinis,남해서부
국립해양생물자원관_해양생물 채집 공간정보,https://www.data.go.kr/data/15151832/openapi.do,2010-08-21,marine_life,뾰족걸쇠뿔노벌레,Pontellidae > Labidocera > Labidocera acuta,대한민국 경상북도 경주시,대한민국; 동해남부; 대한민국 경상북도 경주시,35.870552,129.634888,뾰족걸쇠뿔노벌레은(는) 동해남부에서 관찰·채집된 해양생물 소재로 사용할 수 있다.,해양생물 캐릭터와 바다 탐험 동화 소재,"생물의 이름, 서식 해역, 분류를 활용한 관찰 질문과 퀴즈",5-7;8-10,해양생물;뾰족걸쇠뿔노벌레;Labidocera;acuta;Pontellidae;>;동해남부;대한민국;경상북도;경주시,129.634888,대한민국,뾰족걸쇠뿔노벌레,Pontellidae > Labidocera > Labidocera acuta,35.870552,대한민국 경상북도 경주시,2010-08-21,Labidocera acuta,동해남부
국립해양생물자원관_해양생물 채집 공간정보,https://www.data.go.kr/data/15151832/openapi.do,2024-03-11,marine_life,참갈고리풀,Rhodophyta > Florideophyceae > Bonnemaisoniales > Bonnemaisoniaceae > Bonnemaisonia > Bonnemaisonia hamifera,대한민국 제주특별자치도 제주시 한림읍 협재,대한민국; 남해서부; 대한민국 제주특별자치도 제주시 한림읍 협재,33.391674,126.235039,참갈고리풀은(는) 남해서부에서 관찰·채집된 해양생물 소재로 사용할 수 있다.,해양생물 캐릭터와 바다 탐험 동화 소재,"생물의 이름, 서식 해역, 분류를 활용한 관찰 질문과 퀴즈",5-7;8-10,해양생물;참갈고리풀;Bonnemaisonia;hamifera;Rhodophyta;>;Florideophyceae;Bonnemaisoniales;Bonnemaisoniaceae;남해서부;대한민국;제주특별자치도,126.235039,대한민국,참갈고리풀,Rhodophyta > Florideophyceae > Bonnemaisoniales > Bonnemaisoniaceae > Bonnemaisonia > Bonnemaisonia hamifera,33.391674,대한민국 제주특별자치도 제주시 한림읍 협재,2024-03-11,Bonnemaisonia hamifera,남해서부
국립해양생물자원관_해양생물 채집 공간정보,https://www.data.go.kr/data/15151832/openapi.do,2024-06-13,marine_life,작은꼬마긴눈집게,Pleocyemata > Anomura > Paguroidea > Diogenidae > Areopaguristes > Areopaguristes japonicus,대한민국 경상북도 포항시 남구 구룡포읍 삼정,대한민국; 동해남부; 대한민국 경상북도 포항시 남구 구룡포읍 삼정,36.001110,129.583878,작은꼬마긴눈집게은(는) 동해남부에서 관찰·채집된 해양생물 소재로 사용할 수 있다.,해양생물 캐릭터와 바다 탐험 동화 소재,"생물의 이름, 서식 해역, 분류를 활용한 관찰 질문과 퀴즈",5-7;8-10,해양생물;작은꼬마긴눈집게;Areopaguristes;japonicus;Pleocyemata;>;Anomura;Paguroidea;Diogenidae;동해남부;대한민국;경상북도,129.583878,대한민국,작은꼬마긴눈집게,Pleocyemata > Anomura > Paguroidea > Diogenidae > Areopaguristes > Areopaguristes japonicus,36.001110,대한민국 경상북도 포항시 남구 구룡포읍 삼정,2024-06-13,Areopaguristes japonicus,동해남부
국립해양생물자원관_해양생물 채집 공간정보,https://www.data.go.kr/data/15151832/openapi.do,2023-11-23,marine_life,해면살이새우,Thaumastocaris streptopus,대한민국 제주근해 섶섬,대한민국; 남해서부; 대한민국 제주근해 섶섬,33.231808,126.597374,해면살이새우은(는) 남해서부에서 관찰·채집된 해양생물 소재로 사용할 수 있다.,해양생물 캐릭터와 바다 탐험 동화 소재,"생물의 이름, 서식 해역, 분류를 활용한 관찰 질문과 퀴즈",5-7;8-10,해양생물;해면살이새우;Thaumastocaris;streptopus;남해서부;대한민국;제주근해;섶섬,126.597374,대한민국,해면살이새우,Thaumastocaris streptopus,33.231808,대한민국 제주근해 섶섬,2023-11-23,Thaumastocaris streptopus,남해서부
국립해양생물자원관_해양생물 채집 공간정보,https://www.data.go.kr/data/15151832/openapi.do,2003-03-10,marine_life,Halobacillus dabanensis,Halobacillus dabanensis,대한민국 인천광역시 옹진군,대한민국; 서해; 대한민국 인천광역시 옹진군,37.270000,126.442780,Halobacillus dabanensis은(는) 서해에서 관찰·채집된 해양생물 소재로 사용할 수 있다.,해양생물 캐릭터와 바다 탐험 동화 소재,"생물의 이름, 서식 해역, 분류를 활용한 관찰 질문과 퀴즈",5-7;8-10,해양생물;Halobacillus;dabanensis;서해;대한민국;인천광역시;옹진군,126.442780,대한민국,,Halobacillus dabanensis,37.270000,대한민국 인천광역시 옹진군,2003-03-10,Halobacillus dabanensis,서해
국립해양생물자원관_해양생물 채집 공간정보,https://www.data.go.kr/data/15151832/openapi.do,2021-04-13,marine_life,Caloneis crassa,Protista > Bacillariophyta > Bacillariophyceae > Naviculales > Naviculaceae > Caloneis > Caloneis crassa,대한민국 충청남도 보령시 웅천읍,대한민국; 서해; 대한민국 충청남도 보령시 웅천읍,36.221111,126.527000,Caloneis crassa은(는) 서해에서 관찰·채집된 해양생물 소재로 사용할 수 있다.,해양생물 캐릭터와 바다 탐험 동화 소재,"생물의 이름, 서식 해역, 분류를 활용한 관찰 질문과 퀴즈",5-7;8-10,해양생물;Caloneis;crassa;Protista;>;Bacillariophyta;Bacillariophyceae;Naviculales;Naviculaceae;서해;대한민국;충청남도,126.527000,대한민국,,Protista > Bacillariophyta > Bacillariophyceae > Naviculales > Naviculaceae > Caloneis > Caloneis crassa,36.221111,대한민국 충청남도 보령시 웅천읍,2021-04-13,Caloneis crassa,서해
국립해양생물자원관_해양생물 채집 공간정보,https://www.data.go.kr/data/15151832/openapi.do,2021-04-29,marine_life,Watersipora subatra,Watersiporidae > Watersipora > Watersipora subatra,대한민국 전라북도 부안군 변산면 격포항,대한민국; 서해; 대한민국 전라북도 부안군 변산면 격포항,35.622414,126.469131,Watersipora subatra은(는) 서해에서 관찰·채집된 해양생물 소재로 사용할 수 있다.,해양생물 캐릭터와 바다 탐험 동화 소재,"생물의 이름, 서식 해역, 분류를 활용한 관찰 질문과 퀴즈",5-7;8-10,해양생물;Watersipora;subatra;Watersiporidae;>;서해;대한민국;전라북도;부안군;변산면;격포항,126.469131,대한민국,,Watersiporidae > Watersipora > Watersipora subatra,35.622414,대한민국 전라북도 부안군 변산면 격포항,2021-04-29,Watersipora subatra,서해
국립해양생물자원관_해양생물 채집 공간정보,https://www.data.go.kr/data/15151832/openapi.do,2011-07-11,marine_life,긴자루구슬모자반,Sargassum yendoi,대한민국 제주특별자치도 서귀포시,대한민국; 남해서부; 대한민국 제주특별자치도 서귀포시,33.215557,126.515831,긴자루구슬모자반은(는) 남해서부에서 관찰·채집된 해양생물 소재로 사용할 수 있다.,해양생물 캐릭터와 바다 탐험 동화 소재,"생물의 이름, 서식 해역, 분류를 활용한 관찰 질문과 퀴즈",5-7;8-10,해양생물;긴자루구슬모자반;Sargassum;yendoi;남해서부;대한민국;제주특별자치도;서귀포시,126.515831,대한민국,긴자루구슬모자반,Sargassum yendoi,33.215557,대한민국 제주특별자치도 서귀포시,2011-07-11,Sargassum yendoi,남해서부
국립해양생물자원관_해양생물 채집 공간정보,https://www.data.go.kr/data/15151832/openapi.do,2024-06-12,marine_life,미더덕,Styelidae > Styela > Styela clava,대한민국 경상북도 울진군 평해읍 냉동선,대한민국; 동해중부; 대한민국 경상북도 울진군 평해읍 냉동선,36.691391,129.484726,미더덕은(는) 동해중부에서 관찰·채집된 해양생물 소재로 사용할 수 있다.,해양생물 캐릭터와 바다 탐험 동화 소재,"생물의 이름, 서식 해역, 분류를 활용한 관찰 질문과 퀴즈",5-7;8-10,해양생물;미더덕;Styela;clava;Styelidae;>;동해중부;대한민국;경상북도;울진군;평해읍;냉동선,129.484726,대한민국,미더덕,Styelidae > Styela > Styela clava,36.691391,대한민국 경상북도 울진군 평해읍 냉동선,2024-06-12,Styela clava,동해중부
국립해양생물자원관_해양생물 채집 공간정보,https://www.data.go.kr/data/15151832/openapi.do,2003-03-10,marine_life,Pseudovibrio ascidiaceicola,Stappiaceae > Pseudovibrio > Pseudovibrio ascidiaceicola,대한민국 인천광역시 옹진군,대한민국; 서해; 대한민국 인천광역시 옹진군,37.270000,126.442780,Pseudovibrio ascidiaceicola은(는) 서해에서 관찰·채집된 해양생물 소재로 사용할 수 있다.,해양생물 캐릭터와 바다 탐험 동화 소재,"생물의 이름, 서식 해역, 분류를 활용한 관찰 질문과 퀴즈",5-7;8-10,해양생물;Pseudovibrio;ascidiaceicola;Stappiaceae;>;서해;대한민국;인천광역시;옹진군,126.442780,대한민국,,Stappiaceae > Pseudovibrio > Pseudovibrio ascidiaceicola,37.270000,대한민국 인천광역시 옹진군,2003-03-10,Pseudovibrio ascidiaceicola,서해
국립해양생물자원관_해양생물 채집 공간정보,https://www.data.go.kr/data/15151832/openapi.do,2021-04-27,marine_life,남일본곤쟁이,Orientomysis okayamaensis,대한민국 충청남도 태안군 근흥면 궁시도,대한민국; 서해; 대한민국 충청남도 태안군 근흥면 궁시도,36.665558,125.861664,남일본곤쟁이은(는) 서해에서 관찰·채집된 해양생물 소재로 사용할 수 있다.,해양생물 캐릭터와 바다 탐험 동화 소재,"생물의 이름, 서식 해역, 분류를 활용한 관찰 질문과 퀴즈",5-7;8-10,해양생물;남일본곤쟁이;Orientomysis;okayamaensis;서해;대한민국;충청남도;태안군;근흥면;궁시도,125.861664,대한민국,남일본곤쟁이,Orientomysis okayamaensis,36.665558,대한민국 충청남도 태안군 근흥면 궁시도,2021-04-27,Orientomysis okayamaensis,서해
국립해양생물자원관_해양생물 채집 공간정보,https://www.data.go.kr/data/15151832/openapi.do,2021-04-15,marine_life,Timarete posteria,Timarete posteria,대한민국 인천광역시 중구,대한민국; 서해; 대한민국 인천광역시 중구,37.447308,126.371391,Timarete posteria은(는) 서해에서 관찰·채집된 해양생물 소재로 사용할 수 있다.,해양생물 캐릭터와 바다 탐험 동화 소재,"생물의 이름, 서식 해역, 분류를 활용한 관찰 질문과 퀴즈",5-7;8-10,해양생물;Timarete;posteria;서해;대한민국;인천광역시;중구,126.371391,대한민국,,Timarete posteria,37.447308,대한민국 인천광역시 중구,2021-04-15,Timarete posteria,서해
국립해양생물자원관_해양생물 채집 공간정보,https://www.data.go.kr/data/15151832/openapi.do,2021-04-15,marine_life,우산석회관갯지렁이,Serpulidae > Hydroides > Hydroides ezoensis,대한민국 인천광역시 중구,대한민국; 서해; 대한민국 인천광역시 중구,37.447308,126.371391,우산석회관갯지렁이은(는) 서해에서 관찰·채집된 해양생물 소재로 사용할 수 있다.,해양생물 캐릭터와 바다 탐험 동화 소재,"생물의 이름, 서식 해역, 분류를 활용한 관찰 질문과 퀴즈",5-7;8-10,해양생물;우산석회관갯지렁이;Hydroides;ezoensis;Serpulidae;>;서해;대한민국;인천광역시;중구,126.371391,대한민국,우산석회관갯지렁이,Serpulidae > Hydroides > Hydroides ezoensis,37.447308,대한민국 인천광역시 중구,2021-04-15,Hydroides ezoensis,서해
국립해양생물자원관_해양생물 채집 공간정보,https://www.data.go.kr/data/15151832/openapi.do,2021-09-09,marine_life,빛꽃갯지렁이,Sabellidae > Chone > Chone infundibuliformis,대한민국 충청남도 태안군 고남면,대한민국; 서해; 대한민국 충청남도 태안군 고남면,36.422085,126.359024,빛꽃갯지렁이은(는) 서해에서 관찰·채집된 해양생물 소재로 사용할 수 있다.,해양생물 캐릭터와 바다 탐험 동화 소재,"생물의 이름, 서식 해역, 분류를 활용한 관찰 질문과 퀴즈",5-7;8-10,해양생물;빛꽃갯지렁이;Chone;infundibuliformis;Sabellidae;>;서해;대한민국;충청남도;태안군;고남면,126.359024,대한민국,빛꽃갯지렁이,Sabellidae > Chone > Chone infundibuliformis,36.422085,대한민국 충청남도 태안군 고남면,2021-09-09,Chone infundibuliformis,서해
국립해양생물자원관_해양생물 채집 공간정보,https://www.data.go.kr/data/15151832/openapi.do,2014-02-01,marine_life,Terebellides horikoshii,Trichobranchidae > Terebellides > Terebellides horikoshii,대한민국 강원도,대한민국; 동해중부; 대한민국 강원도,37.708000,129.051727,Terebellides horikoshii은(는) 동해중부에서 관찰·채집된 해양생물 소재로 사용할 수 있다.,해양생물 캐릭터와 바다 탐험 동화 소재,"생물의 이름, 서식 해역, 분류를 활용한 관찰 질문과 퀴즈",5-7;8-10,해양생물;Terebellides;horikoshii;Trichobranchidae;>;동해중부;대한민국;강원도,129.051727,대한민국,,Trichobranchidae > Terebellides > Terebellides horikoshii,37.708000,대한민국 강원도,2014-02-01,Terebellides horikoshii,동해중부
국립해양생물자원관_해양생물 채집 공간정보,https://www.data.go.kr/data/15151832/openapi.do,2002-03-08,marine_life,Planococcus okeanokoites,Planococcus okeanokoites,대한민국 전라남도 광양시 태인동,대한민국; 남해서부; 대한민국 전라남도 광양시 태인동,34.946945,127.739716,Planococcus okeanokoites은(는) 남해서부에서 관찰·채집된 해양생물 소재로 사용할 수 있다.,해양생물 캐릭터와 바다 탐험 동화 소재,"생물의 이름, 서식 해역, 분류를 활용한 관찰 질문과 퀴즈",5-7;8-10,해양생물;Planococcus;okeanokoites;남해서부;대한민국;전라남도;광양시;태인동,127.739716,대한민국,,Planococcus okeanokoites,34.946945,대한민국 전라남도 광양시 태인동,2002-03-08,Planococcus okeanokoites,남해서부
국립해양생물자원관_해양생물 채집 공간정보,https://www.data.go.kr/data/15151832/openapi.do,2002-03-08,marine_life,Bacillus safensis subsp. safensis,Caryophanales > Bacillaceae > Bacillus > Bacillus safensis subsp. safensis,대한민국 전라남도 광양시 태인동,대한민국; 남해서부; 대한민국 전라남도 광양시 태인동,34.946945,127.739716,Bacillus safensis subsp. safensis은(는) 남해서부에서 관찰·채집된 해양생물 소재로 사용할 수 있다.,해양생물 캐릭터와 바다 탐험 동화 소재,"생물의 이름, 서식 해역, 분류를 활용한 관찰 질문과 퀴즈",5-7;8-10,해양생물;Bacillus;safensis;subsp.;Caryophanales;>;Bacillaceae;남해서부;대한민국;전라남도;광양시;태인동,127.739716,대한민국,,Caryophanales > Bacillaceae > Bacillus > Bacillus safensis subsp. safensis,34.946945,대한민국 전라남도 광양시 태인동,2002-03-08,Bacillus safensis subsp. safensis,남해서부
국립해양생물자원관_해양생물 채집 공간정보,https://www.data.go.kr/data/15151832/openapi.do,2016-08-20,marine_life,물메기,Teleostei > Scorpaeniformes > Liparidae > Liparis > Liparis tessellatus,대한민국 경상북도 울진군,대한민국; 동해중부; 대한민국 경상북도 울진군,37.055897,129.421432,물메기은(는) 동해중부에서 관찰·채집된 해양생물 소재로 사용할 수 있다.,해양생물 캐릭터와 바다 탐험 동화 소재,"생물의 이름, 서식 해역, 분류를 활용한 관찰 질문과 퀴즈",5-7;8-10,해양생물;물메기;Liparis;tessellatus;Teleostei;>;Scorpaeniformes;Liparidae;동해중부;대한민국;경상북도;울진군,129.421432,대한민국,물메기,Teleostei > Scorpaeniformes > Liparidae > Liparis > Liparis tessellatus,37.055897,대한민국 경상북도 울진군,2016-08-20,Liparis tessellatus,동해중부
국립해양생물자원관_해양생물 채집 공간정보,https://www.data.go.kr/data/15151832/openapi.do,2017-04-28,marine_life,톱날입진짜종소모충,Tintinnidae > Eutintinnus > Eutintinnus rectus,대한민국 강원도 강릉시 강릉항,대한민국; 동해중부; 대한민국 강원도 강릉시 강릉항,37.772167,128.951157,톱날입진짜종소모충은(는) 동해중부에서 관찰·채집된 해양생물 소재로 사용할 수 있다.,해양생물 캐릭터와 바다 탐험 동화 소재,"생물의 이름, 서식 해역, 분류를 활용한 관찰 질문과 퀴즈",5-7;8-10,해양생물;톱날입진짜종소모충;Eutintinnus;rectus;Tintinnidae;>;동해중부;대한민국;강원도;강릉시;강릉항,128.951157,대한민국,톱날입진짜종소모충,Tintinnidae > Eutintinnus > Eutintinnus rectus,37.772167,대한민국 강원도 강릉시 강릉항,2017-04-28,Eutintinnus rectus,동해중부
국립해양생물자원관_해양생물 채집 공간정보,https://www.data.go.kr/data/15151832/openapi.do,2017-06-15,marine_life,민부풀음벌집소모충,Tintinnida > Ptychocylididae > Favella > Favella ehrenbergii,대한민국 강원도 강릉시 강릉항,대한민국; 동해중부; 대한민국 강원도 강릉시 강릉항,37.772167,128.951157,민부풀음벌집소모충은(는) 동해중부에서 관찰·채집된 해양생물 소재로 사용할 수 있다.,해양생물 캐릭터와 바다 탐험 동화 소재,"생물의 이름, 서식 해역, 분류를 활용한 관찰 질문과 퀴즈",5-7;8-10,해양생물;민부풀음벌집소모충;Favella;ehrenbergii;Tintinnida;>;Ptychocylididae;동해중부;대한민국;강원도;강릉시;강릉항,128.951157,대한민국,민부풀음벌집소모충,Tintinnida > Ptychocylididae > Favella > Favella ehrenbergii,37.772167,대한민국 강원도 강릉시 강릉항,2017-06-15,Favella ehrenbergii,동해중부
국립해양생물자원관_해양생물 채집 공간정보,https://www.data.go.kr/data/15151832/openapi.do,2017-06-15,marine_life,민부풀음벌집소모충,Tintinnida > Ptychocylididae > Favella > Favella ehrenbergii,대한민국 강원도 강릉시 강릉항,대한민국; 동해중부; 대한민국 강원도 강릉시 강릉항,37.772167,128.951157,민부풀음벌집소모충은(는) 동해중부에서 관찰·채집된 해양생물 소재로 사용할 수 있다.,해양생물 캐릭터와 바다 탐험 동화 소재,"생물의 이름, 서식 해역, 분류를 활용한 관찰 질문과 퀴즈",5-7;8-10,해양생물;민부풀음벌집소모충;Favella;ehrenbergii;Tintinnida;>;Ptychocylididae;동해중부;대한민국;강원도;강릉시;강릉항,128.951157,대한민국,민부풀음벌집소모충,Tintinnida > Ptychocylididae > Favella > Favella ehrenbergii,37.772167,대한민국 강원도 강릉시 강릉항,2017-06-15,Favella ehrenbergii,동해중부
국립해양생물자원관_해양생물 채집 공간정보,https://www.data.go.kr/data/15151832/openapi.do,2021-09-10,marine_life,조개치레,Pleocyemata > Brachyura > Dorippoidea > Dorippidae > Heikeopsis > Heikeopsis japonica,대한민국 충청남도 보령시 오천면 용섬,대한민국; 서해; 대한민국 충청남도 보령시 오천면 용섬,36.240612,126.363945,조개치레은(는) 서해에서 관찰·채집된 해양생물 소재로 사용할 수 있다.,해양생물 캐릭터와 바다 탐험 동화 소재,"생물의 이름, 서식 해역, 분류를 활용한 관찰 질문과 퀴즈",5-7;8-10,해양생물;조개치레;Heikeopsis;japonica;Pleocyemata;>;Brachyura;Dorippoidea;Dorippidae;서해;대한민국;충청남도,126.363945,대한민국,조개치레,Pleocyemata > Brachyura > Dorippoidea > Dorippidae > Heikeopsis > Heikeopsis japonica,36.240612,대한민국 충청남도 보령시 오천면 용섬,2021-09-10,Heikeopsis japonica,서해
국립해양생물자원관_해양생물 채집 공간정보,https://www.data.go.kr/data/15151832/openapi.do,2016-03-31,marine_life,Anticoma elegans,Nematoda > Enoplea > Enoplida > Anticomidae > Anticoma > Anticoma elegans,대한민국 전라북도 군산시 옥도면 조간대,대한민국; 서해; 대한민국 전라북도 군산시 옥도면 조간대,36.121372,125.984566,Anticoma elegans은(는) 서해에서 관찰·채집된 해양생물 소재로 사용할 수 있다.,해양생물 캐릭터와 바다 탐험 동화 소재,"생물의 이름, 서식 해역, 분류를 활용한 관찰 질문과 퀴즈",5-7;8-10,해양생물;Anticoma;elegans;Nematoda;>;Enoplea;Enoplida;Anticomidae;서해;대한민국;전라북도;군산시,125.984566,대한민국,,Nematoda > Enoplea > Enoplida > Anticomidae > Anticoma > Anticoma elegans,36.121372,대한민국 전라북도 군산시 옥도면 조간대,2016-03-31,Anticoma elegans,서해
국립해양생물자원관_해양생물 채집 공간정보,https://www.data.go.kr/data/15151832/openapi.do,2002-03-08,marine_life,Rossellomorea marisflavi,Rossellomorea marisflavi,대한민국 전라남도 광양시 태인동,대한민국; 남해서부; 대한민국 전라남도 광양시 태인동,34.946945,127.739716,Rossellomorea marisflavi은(는) 남해서부에서 관찰·채집된 해양생물 소재로 사용할 수 있다.,해양생물 캐릭터와 바다 탐험 동화 소재,"생물의 이름, 서식 해역, 분류를 활용한 관찰 질문과 퀴즈",5-7;8-10,해양생물;Rossellomorea;marisflavi;남해서부;대한민국;전라남도;광양시;태인동,127.739716,대한민국,,Rossellomorea marisflavi,34.946945,대한민국 전라남도 광양시 태인동,2002-03-08,Rossellomorea marisflavi,남해서부
국립해양생물자원관_해양생물 채집 공간정보,https://www.data.go.kr/data/15151832/openapi.do,2015-03-20,marine_life,구멍갈파래,Ulvophyceae > Ulvales > Ulvaceae > Ulva > Ulva australis,대한민국 경상남도 남해군 남면,대한민국; 남해동부; 대한민국 경상남도 남해군 남면,34.750305,127.908081,구멍갈파래은(는) 남해동부에서 관찰·채집된 해양생물 소재로 사용할 수 있다.,해양생물 캐릭터와 바다 탐험 동화 소재,"생물의 이름, 서식 해역, 분류를 활용한 관찰 질문과 퀴즈",5-7;8-10,해양생물;구멍갈파래;Ulva;australis;Ulvophyceae;>;Ulvales;Ulvaceae;남해동부;대한민국;경상남도;남해군,127.908081,대한민국,구멍갈파래,Ulvophyceae > Ulvales > Ulvaceae > Ulva > Ulva australis,34.750305,대한민국 경상남도 남해군 남면,2015-03-20,Ulva australis,남해동부
국립해양생물자원관_해양생물 채집 공간정보,https://www.data.go.kr/data/15151832/openapi.do,2012-05-17,marine_life,곰소검물벼룩붙이,Hemicyclops gomsoensis,대한민국 경기도 안산시,대한민국; 서해; 대한민국 경기도 안산시,37.229294,126.606094,곰소검물벼룩붙이은(는) 서해에서 관찰·채집된 해양생물 소재로 사용할 수 있다.,해양생물 캐릭터와 바다 탐험 동화 소재,"생물의 이름, 서식 해역, 분류를 활용한 관찰 질문과 퀴즈",5-7;8-10,해양생물;곰소검물벼룩붙이;Hemicyclops;gomsoensis;서해;대한민국;경기도;안산시,126.606094,대한민국,곰소검물벼룩붙이,Hemicyclops gomsoensis,37.229294,대한민국 경기도 안산시,2012-05-17,Hemicyclops gomsoensis,서해
국립해양생물자원관_해양생물 채집 공간정보,https://www.data.go.kr/data/15151832/openapi.do,2014-05-22,marine_life,Ficopomatus enigmaticus,Serpulidae > Ficopomatus > Ficopomatus enigmaticus,대한민국 부산광역시 사하구,대한민국; 남해동부; 대한민국 부산광역시 사하구,35.105145,128.953064,Ficopomatus enigmaticus은(는) 남해동부에서 관찰·채집된 해양생물 소재로 사용할 수 있다.,해양생물 캐릭터와 바다 탐험 동화 소재,"생물의 이름, 서식 해역, 분류를 활용한 관찰 질문과 퀴즈",5-7;8-10,해양생물;Ficopomatus;enigmaticus;Serpulidae;>;남해동부;대한민국;부산광역시;사하구,128.953064,대한민국,,Serpulidae > Ficopomatus > Ficopomatus enigmaticus,35.105145,대한민국 부산광역시 사하구,2014-05-22,Ficopomatus enigmaticus,남해동부
국립해양생물자원관_해양생물 채집 공간정보,https://www.data.go.kr/data/15151832/openapi.do,2002-03-08,marine_life,Microbacterium esteraromaticum,Micrococcales > Microbacteriaceae > Microbacterium > Microbacterium esteraromaticum,대한민국 전라남도 광양시 태인동,대한민국; 남해서부; 대한민국 전라남도 광양시 태인동,34.946945,127.739716,Microbacterium esteraromaticum은(는) 남해서부에서 관찰·채집된 해양생물 소재로 사용할 수 있다.,해양생물 캐릭터와 바다 탐험 동화 소재,"생물의 이름, 서식 해역, 분류를 활용한 관찰 질문과 퀴즈",5-7;8-10,해양생물;Microbacterium;esteraromaticum;Micrococcales;>;Microbacteriaceae;남해서부;대한민국;전라남도;광양시;태인동,127.739716,대한민국,,Micrococcales > Microbacteriaceae > Microbacterium > Microbacterium esteraromaticum,34.946945,대한민국 전라남도 광양시 태인동,2002-03-08,Microbacterium esteraromaticum,남해서부
국립해양생물자원관_해양생물 채집 공간정보,https://www.data.go.kr/data/15151832/openapi.do,2002-03-08,marine_life,Halomonas alkaliantarctica,Pseudomonadota > Gammaproteobacteria > Oceanospirillales > Halomonadaceae > Halomonas > Halomonas alkaliantarctica,대한민국 전라남도 광양시 태인동,대한민국; 남해서부; 대한민국 전라남도 광양시 태인동,34.946945,127.739716,Halomonas alkaliantarctica은(는) 남해서부에서 관찰·채집된 해양생물 소재로 사용할 수 있다.,해양생물 캐릭터와 바다 탐험 동화 소재,"생물의 이름, 서식 해역, 분류를 활용한 관찰 질문과 퀴즈",5-7;8-10,해양생물;Halomonas;alkaliantarctica;Pseudomonadota;>;Gammaproteobacteria;Oceanospirillales;Halomonadaceae;남해서부;대한민국;전라남도;광양시,127.739716,대한민국,,Pseudomonadota > Gammaproteobacteria > Oceanospirillales > Halomonadaceae > Halomonas > Halomonas alkaliantarctica,34.946945,대한민국 전라남도 광양시 태인동,2002-03-08,Halomonas alkaliantarctica,남해서부
국립해양생물자원관_해양생물 채집 공간정보,https://www.data.go.kr/data/15151832/openapi.do,2014-03-03,marine_life,모란갈파래,Ulvophyceae > Ulvales > Ulvaceae > Ulva > Ulva conglobata,대한민국 전라남도 완도군 완도읍,대한민국; 남해서부; 대한민국 전라남도 완도군 완도읍,34.296329,126.701500,모란갈파래은(는) 남해서부에서 관찰·채집된 해양생물 소재로 사용할 수 있다.,해양생물 캐릭터와 바다 탐험 동화 소재,"생물의 이름, 서식 해역, 분류를 활용한 관찰 질문과 퀴즈",5-7;8-10,해양생물;모란갈파래;Ulva;conglobata;Ulvophyceae;>;Ulvales;Ulvaceae;남해서부;대한민국;전라남도;완도군,126.701500,대한민국,모란갈파래,Ulvophyceae > Ulvales > Ulvaceae > Ulva > Ulva conglobata,34.296329,대한민국 전라남도 완도군 완도읍,2014-03-03,Ulva conglobata,남해서부
국립해양생물자원관_해양생물 채집 공간정보,https://www.data.go.kr/data/15151832/openapi.do,2015-07-20,marine_life,헐렁대마디말,Ulvophyceae > Cladophorales > Cladophoraceae > Cladophora > Cladophora hutchinsioides,대한민국 전라남도 완도군 약산면,대한민국; 남해서부; 대한민국 전라남도 완도군 약산면,34.392895,126.922180,헐렁대마디말은(는) 남해서부에서 관찰·채집된 해양생물 소재로 사용할 수 있다.,해양생물 캐릭터와 바다 탐험 동화 소재,"생물의 이름, 서식 해역, 분류를 활용한 관찰 질문과 퀴즈",5-7;8-10,해양생물;헐렁대마디말;Cladophora;hutchinsioides;Ulvophyceae;>;Cladophorales;Cladophoraceae;남해서부;대한민국;전라남도;완도군,126.922180,대한민국,헐렁대마디말,Ulvophyceae > Cladophorales > Cladophoraceae > Cladophora > Cladophora hutchinsioides,34.392895,대한민국 전라남도 완도군 약산면,2015-07-20,Cladophora hutchinsioides,남해서부
국립해양생물자원관_해양생물 채집 공간정보,https://www.data.go.kr/data/15151832/openapi.do,2012-05-17,marine_life,곰소검물벼룩붙이,Hemicyclops gomsoensis,대한민국 경기도 안산시,대한민국; 서해; 대한민국 경기도 안산시,37.229294,126.606094,곰소검물벼룩붙이은(는) 서해에서 관찰·채집된 해양생물 소재로 사용할 수 있다.,해양생물 캐릭터와 바다 탐험 동화 소재,"생물의 이름, 서식 해역, 분류를 활용한 관찰 질문과 퀴즈",5-7;8-10,해양생물;곰소검물벼룩붙이;Hemicyclops;gomsoensis;서해;대한민국;경기도;안산시,126.606094,대한민국,곰소검물벼룩붙이,Hemicyclops gomsoensis,37.229294,대한민국 경기도 안산시,2012-05-17,Hemicyclops gomsoensis,서해
국립해양생물자원관_해양생물 채집 공간정보,https://www.data.go.kr/data/15151832/openapi.do,2013-05-13,marine_life,Aricidea (Acmira) catherinae,Polychaeta > Not assigned > Paraonidae > Aricidea > Acmira > Aricidea (Acmira) catherinae,대한민국 경상북도 울릉군 울릉읍,대한민국; 동해중부; 대한민국 경상북도 울릉군 울릉읍,37.536465,130.933533,Aricidea (Acmira) catherinae은(는) 동해중부에서 관찰·채집된 해양생물 소재로 사용할 수 있다.,해양생물 캐릭터와 바다 탐험 동화 소재,"생물의 이름, 서식 해역, 분류를 활용한 관찰 질문과 퀴즈",5-7;8-10,해양생물;Aricidea;(Acmira);catherinae;Polychaeta;>;Not;assigned;Paraonidae;Acmira;동해중부;대한민국,130.933533,대한민국,,Polychaeta > Not assigned > Paraonidae > Aricidea > Acmira > Aricidea (Acmira) catherinae,37.536465,대한민국 경상북도 울릉군 울릉읍,2013-05-13,Aricidea (Acmira) catherinae,동해중부
국립해양생물자원관_해양생물 채집 공간정보,https://www.data.go.kr/data/15151832/openapi.do,2014-07-29,marine_life,낫대마디말,Ulvophyceae > Cladophorales > Cladophoraceae > Lychaete > Lychaete dotyana,대한민국 제주특별자치도 서귀포시 대정읍,대한민국; 남해서부; 대한민국 제주특별자치도 서귀포시 대정읍,33.115665,126.265778,낫대마디말은(는) 남해서부에서 관찰·채집된 해양생물 소재로 사용할 수 있다.,해양생물 캐릭터와 바다 탐험 동화 소재,"생물의 이름, 서식 해역, 분류를 활용한 관찰 질문과 퀴즈",5-7;8-10,해양생물;낫대마디말;Lychaete;dotyana;Ulvophyceae;>;Cladophorales;Cladophoraceae;남해서부;대한민국;제주특별자치도;서귀포시,126.265778,대한민국,낫대마디말,Ulvophyceae > Cladophorales > Cladophoraceae > Lychaete > Lychaete dotyana,33.115665,대한민국 제주특별자치도 서귀포시 대정읍,2014-07-29,Lychaete dotyana,남해서부
국립해양생물자원관_해양생물 채집 공간정보,https://www.data.go.kr/data/15151832/openapi.do,2018-10-16,marine_life,가는잎송진내,Rhodophyta > Florideophyceae > Gigartinales > Rhizophyllidaceae > Portieria > Portieria hornemannii,대한민국 제주특별자치도 제주시 한림읍,대한민국; 남해서부; 대한민국 제주특별자치도 제주시 한림읍,33.419659,126.224174,가는잎송진내은(는) 남해서부에서 관찰·채집된 해양생물 소재로 사용할 수 있다.,해양생물 캐릭터와 바다 탐험 동화 소재,"생물의 이름, 서식 해역, 분류를 활용한 관찰 질문과 퀴즈",5-7;8-10,해양생물;가는잎송진내;Portieria;hornemannii;Rhodophyta;>;Florideophyceae;Gigartinales;Rhizophyllidaceae;남해서부;대한민국;제주특별자치도,126.224174,대한민국,가는잎송진내,Rhodophyta > Florideophyceae > Gigartinales > Rhizophyllidaceae > Portieria > Portieria hornemannii,33.419659,대한민국 제주특별자치도 제주시 한림읍,2018-10-16,Portieria hornemannii,남해서부
국립해양생물자원관_해양생물 채집 공간정보,https://www.data.go.kr/data/15151832/openapi.do,2021-03-15,marine_life,털보꼬마풀게,Varunidae > Hemigrapsus > Hemigrapsus sinensis,대한민국 전라북도 부안군 진서면,대한민국; 서해; 대한민국 전라북도 부안군 진서면,35.586128,126.545944,털보꼬마풀게은(는) 서해에서 관찰·채집된 해양생물 소재로 사용할 수 있다.,해양생물 캐릭터와 바다 탐험 동화 소재,"생물의 이름, 서식 해역, 분류를 활용한 관찰 질문과 퀴즈",5-7;8-10,해양생물;털보꼬마풀게;Hemigrapsus;sinensis;Varunidae;>;서해;대한민국;전라북도;부안군;진서면,126.545944,대한민국,털보꼬마풀게,Varunidae > Hemigrapsus > Hemigrapsus sinensis,35.586128,대한민국 전라북도 부안군 진서면,2021-03-15,Hemigrapsus sinensis,서해
국립해양생물자원관_해양생물 채집 공간정보,https://www.data.go.kr/data/15151832/openapi.do,2021-02-16,marine_life,애기가시덤불,Rhodophyta > Florideophyceae > Gigartinales > Caulacanthaceae > Caulacanthus > Caulacanthus okamurae,대한민국 전라북도 군산시 옥도면,대한민국; 서해; 대한민국 전라북도 군산시 옥도면,35.810745,126.447098,애기가시덤불은(는) 서해에서 관찰·채집된 해양생물 소재로 사용할 수 있다.,해양생물 캐릭터와 바다 탐험 동화 소재,"생물의 이름, 서식 해역, 분류를 활용한 관찰 질문과 퀴즈",5-7;8-10,해양생물;애기가시덤불;Caulacanthus;okamurae;Rhodophyta;>;Florideophyceae;Gigartinales;Caulacanthaceae;서해;대한민국;전라북도,126.447098,대한민국,애기가시덤불,Rhodophyta > Florideophyceae > Gigartinales > Caulacanthaceae > Caulacanthus > Caulacanthus okamurae,35.810745,대한민국 전라북도 군산시 옥도면,2021-02-16,Caulacanthus okamurae,서해
국립해양생물자원관_해양생물 채집 공간정보,https://www.data.go.kr/data/15151832/openapi.do,2021-07-22,marine_life,세줄고리버들갯지렁이,Polychaeta > Not assigned > Capitellidae > Heteromastus > Heteromastus koreanus,대한민국 전라남도 신안군 임자면,대한민국; 서해; 대한민국 전라남도 신안군 임자면,35.141808,126.117111,세줄고리버들갯지렁이은(는) 서해에서 관찰·채집된 해양생물 소재로 사용할 수 있다.,해양생물 캐릭터와 바다 탐험 동화 소재,"생물의 이름, 서식 해역, 분류를 활용한 관찰 질문과 퀴즈",5-7;8-10,해양생물;세줄고리버들갯지렁이;Heteromastus;koreanus;Polychaeta;>;Not;assigned;Capitellidae;서해;대한민국;전라남도,126.117111,대한민국,세줄고리버들갯지렁이,Polychaeta > Not assigned > Capitellidae > Heteromastus > Heteromastus koreanus,35.141808,대한민국 전라남도 신안군 임자면,2021-07-22,Heteromastus koreanus,서해
국립해양생물자원관_해양생물 채집 공간정보,https://www.data.go.kr/data/15151832/openapi.do,2018-07-11,marine_life,긴까막살,Rhodophyta > Florideophyceae > Halymeniales > Halymeniaceae > Grateloupia > Grateloupia elata,대한민국 경상북도 영덕군 남정면,대한민국; 동해남부; 대한민국 경상북도 영덕군 남정면,36.270683,129.377319,긴까막살은(는) 동해남부에서 관찰·채집된 해양생물 소재로 사용할 수 있다.,해양생물 캐릭터와 바다 탐험 동화 소재,"생물의 이름, 서식 해역, 분류를 활용한 관찰 질문과 퀴즈",5-7;8-10,해양생물;긴까막살;Grateloupia;elata;Rhodophyta;>;Florideophyceae;Halymeniales;Halymeniaceae;동해남부;대한민국;경상북도,129.377319,대한민국,긴까막살,Rhodophyta > Florideophyceae > Halymeniales > Halymeniaceae > Grateloupia > Grateloupia elata,36.270683,대한민국 경상북도 영덕군 남정면,2018-07-11,Grateloupia elata,동해남부
국립해양생물자원관_해양생물 채집 공간정보,https://www.data.go.kr/data/15151832/openapi.do,2024-07-23,marine_life,옴부채게,Xanthoidea > Xanthidae > Actaeinae > Actaea > Actaea semblatae,대한민국 제주특별자치도 제주시 풋섬여,대한민국; 남해서부; 대한민국 제주특별자치도 제주시 풋섬여,33.513054,126.470833,옴부채게은(는) 남해서부에서 관찰·채집된 해양생물 소재로 사용할 수 있다.,해양생물 캐릭터와 바다 탐험 동화 소재,"생물의 이름, 서식 해역, 분류를 활용한 관찰 질문과 퀴즈",5-7;8-10,해양생물;옴부채게;Actaea;semblatae;Xanthoidea;>;Xanthidae;Actaeinae;남해서부;대한민국;제주특별자치도;제주시,126.470833,대한민국,옴부채게,Xanthoidea > Xanthidae > Actaeinae > Actaea > Actaea semblatae,33.513054,대한민국 제주특별자치도 제주시 풋섬여,2024-07-23,Actaea semblatae,남해서부
국립해양생물자원관_해양생물 채집 공간정보,https://www.data.go.kr/data/15151832/openapi.do,2018-08-01,marine_life,유착깃해면,Porifera > Demospongiae > Poecilosclerida > Mycalidae > Mycale > Mycale nullarosette,대한민국 제주특별자치도 서귀포시 대정읍,대한민국; 남해서부; 대한민국 제주특별자치도 서귀포시 대정읍,33.203468,126.260376,유착깃해면은(는) 남해서부에서 관찰·채집된 해양생물 소재로 사용할 수 있다.,해양생물 캐릭터와 바다 탐험 동화 소재,"생물의 이름, 서식 해역, 분류를 활용한 관찰 질문과 퀴즈",5-7;8-10,해양생물;유착깃해면;Mycale;nullarosette;Porifera;>;Demospongiae;Poecilosclerida;Mycalidae;남해서부;대한민국;제주특별자치도,126.260376,대한민국,유착깃해면,Porifera > Demospongiae > Poecilosclerida > Mycalidae > Mycale > Mycale nullarosette,33.203468,대한민국 제주특별자치도 서귀포시 대정읍,2018-08-01,Mycale nullarosette,남해서부
국립해양생물자원관_해양생물 채집 공간정보,https://www.data.go.kr/data/15151832/openapi.do,2024-03-11,marine_life,애기마디잘록이,Yendoa hakodatensis,대한민국 제주특별자치도 제주시 한림읍 협재,대한민국; 남해서부; 대한민국 제주특별자치도 제주시 한림읍 협재,33.391674,126.235039,애기마디잘록이은(는) 남해서부에서 관찰·채집된 해양생물 소재로 사용할 수 있다.,해양생물 캐릭터와 바다 탐험 동화 소재,"생물의 이름, 서식 해역, 분류를 활용한 관찰 질문과 퀴즈",5-7;8-10,해양생물;애기마디잘록이;Yendoa;hakodatensis;남해서부;대한민국;제주특별자치도;제주시;한림읍;협재,126.235039,대한민국,애기마디잘록이,Yendoa hakodatensis,33.391674,대한민국 제주특별자치도 제주시 한림읍 협재,2024-03-11,Yendoa hakodatensis,남해서부
국립해양생물자원관_해양생물 채집 공간정보,https://www.data.go.kr/data/15151832/openapi.do,2024-03-11,marine_life,갈색대마디말,Ulvophyceae > Cladophorales > Cladophoraceae > Cladophora > Cladophora wrightiana var. minor,대한민국 제주특별자치도 제주시 한림읍 협재,대한민국; 남해서부; 대한민국 제주특별자치도 제주시 한림읍 협재,33.391674,126.235039,갈색대마디말은(는) 남해서부에서 관찰·채집된 해양생물 소재로 사용할 수 있다.,해양생물 캐릭터와 바다 탐험 동화 소재,"생물의 이름, 서식 해역, 분류를 활용한 관찰 질문과 퀴즈",5-7;8-10,해양생물;갈색대마디말;Cladophora;wrightiana;var.;minor;Ulvophyceae;>;Cladophorales;Cladophoraceae;남해서부;대한민국,126.235039,대한민국,갈색대마디말,Ulvophyceae > Cladophorales > Cladophoraceae > Cladophora > Cladophora wrightiana var. minor,33.391674,대한민국 제주특별자치도 제주시 한림읍 협재,2024-03-11,Cladophora wrightiana var. minor,남해서부
국립해양생물자원관_해양생물 채집 공간정보,https://www.data.go.kr/data/15151832/openapi.do,2021-06-01,marine_life,Asterionellopsis glacialis,Rhaphoneidales > Asterionellopsidaceae > Asterionellopsis > Asterionellopsis glacialis,대한민국 전라북도 군산시 옥도면,대한민국; 서해; 대한민국 전라북도 군산시 옥도면,35.823360,126.474190,Asterionellopsis glacialis은(는) 서해에서 관찰·채집된 해양생물 소재로 사용할 수 있다.,해양생물 캐릭터와 바다 탐험 동화 소재,"생물의 이름, 서식 해역, 분류를 활용한 관찰 질문과 퀴즈",5-7;8-10,해양생물;Asterionellopsis;glacialis;Rhaphoneidales;>;Asterionellopsidaceae;서해;대한민국;전라북도;군산시;옥도면,126.474190,대한민국,,Rhaphoneidales > Asterionellopsidaceae > Asterionellopsis > Asterionellopsis glacialis,35.823360,대한민국 전라북도 군산시 옥도면,2021-06-01,Asterionellopsis glacialis,서해
국립해양생물자원관_해양생물 채집 공간정보,https://www.data.go.kr/data/15151832/openapi.do,2024-04-23,marine_life,왜좁쌀무늬고둥,Neogastropoda > Nassariidae > Nassarius > Nassarius multigranosus,대한민국 경상북도 울진군 평해읍 직산항 주변,대한민국; 동해중부; 대한민국 경상북도 울진군 평해읍 직산항 주변,36.724396,129.473663,왜좁쌀무늬고둥은(는) 동해중부에서 관찰·채집된 해양생물 소재로 사용할 수 있다.,해양생물 캐릭터와 바다 탐험 동화 소재,"생물의 이름, 서식 해역, 분류를 활용한 관찰 질문과 퀴즈",5-7;8-10,해양생물;왜좁쌀무늬고둥;Nassarius;multigranosus;Neogastropoda;>;Nassariidae;동해중부;대한민국;경상북도;울진군;평해읍,129.473663,대한민국,왜좁쌀무늬고둥,Neogastropoda > Nassariidae > Nassarius > Nassarius multigranosus,36.724396,대한민국 경상북도 울진군 평해읍 직산항 주변,2024-04-23,Nassarius multigranosus,동해중부
국립해양생물자원관_해양생물 채집 공간정보,https://www.data.go.kr/data/15151832/openapi.do,2024-04-24,marine_life,뿔두드럭고둥,Reishia luteostoma,대한민국 경상북도 포항시 북구 흥해읍 칠포항 주변,대한민국; 동해남부; 대한민국 경상북도 포항시 북구 흥해읍 칠포항 주변,36.143250,129.395996,뿔두드럭고둥은(는) 동해남부에서 관찰·채집된 해양생물 소재로 사용할 수 있다.,해양생물 캐릭터와 바다 탐험 동화 소재,"생물의 이름, 서식 해역, 분류를 활용한 관찰 질문과 퀴즈",5-7;8-10,해양생물;뿔두드럭고둥;Reishia;luteostoma;동해남부;대한민국;경상북도;포항시;북구;흥해읍;칠포항;주변,129.395996,대한민국,뿔두드럭고둥,Reishia luteostoma,36.143250,대한민국 경상북도 포항시 북구 흥해읍 칠포항 주변,2024-04-24,Reishia luteostoma,동해남부
국립해양생물자원관_해양생물 채집 공간정보,https://www.data.go.kr/data/15151832/openapi.do,2024-02-15,marine_life,그물바구니,Scytosiphonaceae > Hydroclathrus > Hydroclathrus clathratus,대한민국 경상북도 포항시 북구 청하면 방어리,대한민국; 동해남부; 대한민국 경상북도 포항시 북구 청하면 방어리,36.212204,129.384491,그물바구니은(는) 동해남부에서 관찰·채집된 해양생물 소재로 사용할 수 있다.,해양생물 캐릭터와 바다 탐험 동화 소재,"생물의 이름, 서식 해역, 분류를 활용한 관찰 질문과 퀴즈",5-7;8-10,해양생물;그물바구니;Hydroclathrus;clathratus;Scytosiphonaceae;>;동해남부;대한민국;경상북도;포항시;북구;청하면,129.384491,대한민국,그물바구니,Scytosiphonaceae > Hydroclathrus > Hydroclathrus clathratus,36.212204,대한민국 경상북도 포항시 북구 청하면 방어리,2024-02-15,Hydroclathrus clathratus,동해남부
국립해양생물자원관_해양생물 채집 공간정보,https://www.data.go.kr/data/15151832/openapi.do,2024-02-13,marine_life,지충이,Sargassum thunbergii,대한민국 경상남도 남해군 미조면 초전몽돌해변,대한민국; 남해동부; 대한민국 경상남도 남해군 미조면 초전몽돌해변,34.730740,128.035065,지충이은(는) 남해동부에서 관찰·채집된 해양생물 소재로 사용할 수 있다.,해양생물 캐릭터와 바다 탐험 동화 소재,"생물의 이름, 서식 해역, 분류를 활용한 관찰 질문과 퀴즈",5-7;8-10,해양생물;지충이;Sargassum;thunbergii;남해동부;대한민국;경상남도;남해군;미조면;초전몽돌해변,128.035065,대한민국,지충이,Sargassum thunbergii,34.730740,대한민국 경상남도 남해군 미조면 초전몽돌해변,2024-02-13,Sargassum thunbergii,남해동부
국립해양생물자원관_해양생물 채집 공간정보,https://www.data.go.kr/data/15151832/openapi.do,2024-04-24,marine_life,털보긴눈집게,Pleocyemata > Anomura > Paguroidea > Diogenidae > Paguristes > Paguristes ortmanni,대한민국 경상북도 울진군 기성면 구산항,대한민국; 동해중부; 대한민국 경상북도 울진군 기성면 구산항,36.759998,129.469711,털보긴눈집게은(는) 동해중부에서 관찰·채집된 해양생물 소재로 사용할 수 있다.,해양생물 캐릭터와 바다 탐험 동화 소재,"생물의 이름, 서식 해역, 분류를 활용한 관찰 질문과 퀴즈",5-7;8-10,해양생물;털보긴눈집게;Paguristes;ortmanni;Pleocyemata;>;Anomura;Paguroidea;Diogenidae;동해중부;대한민국;경상북도,129.469711,대한민국,털보긴눈집게,Pleocyemata > Anomura > Paguroidea > Diogenidae > Paguristes > Paguristes ortmanni,36.759998,대한민국 경상북도 울진군 기성면 구산항,2024-04-24,Paguristes ortmanni,동해중부
국립해양생물자원관_해양생물 채집 공간정보,https://www.data.go.kr/data/15151832/openapi.do,2024-05-30,marine_life,띠매끈발갯고사리,Zygometridae > Catoptometra > Catoptometra rubroflava,대한민국 경상남도 남해군 상주면 세존도 ST.1,대한민국; 남해동부; 대한민국 경상남도 남해군 상주면 세존도 ST.1,34.499443,128.084442,띠매끈발갯고사리은(는) 남해동부에서 관찰·채집된 해양생물 소재로 사용할 수 있다.,해양생물 캐릭터와 바다 탐험 동화 소재,"생물의 이름, 서식 해역, 분류를 활용한 관찰 질문과 퀴즈",5-7;8-10,해양생물;띠매끈발갯고사리;Catoptometra;rubroflava;Zygometridae;>;남해동부;대한민국;경상남도;남해군;상주면;세존도,128.084442,대한민국,띠매끈발갯고사리,Zygometridae > Catoptometra > Catoptometra rubroflava,34.499443,대한민국 경상남도 남해군 상주면 세존도 ST.1,2024-05-30,Catoptometra rubroflava,남해동부
국립해양생물자원관_해양생물 채집 공간정보,https://www.data.go.kr/data/15151832/openapi.do,2013-08-08,marine_life,녹색불꽃부채발갯지렁이,Polychaeta > Phyllodocida > Phyllodocidae > Eulalia > Eulalia viridis,대한민국 경상북도 울진군 죽변면,대한민국; 동해중부; 대한민국 경상북도 울진군 죽변면,37.054958,129.428146,녹색불꽃부채발갯지렁이은(는) 동해중부에서 관찰·채집된 해양생물 소재로 사용할 수 있다.,해양생물 캐릭터와 바다 탐험 동화 소재,"생물의 이름, 서식 해역, 분류를 활용한 관찰 질문과 퀴즈",5-7;8-10,해양생물;녹색불꽃부채발갯지렁이;Eulalia;viridis;Polychaeta;>;Phyllodocida;Phyllodocidae;동해중부;대한민국;경상북도;울진군,129.428146,대한민국,녹색불꽃부채발갯지렁이,Polychaeta > Phyllodocida > Phyllodocidae > Eulalia > Eulalia viridis,37.054958,대한민국 경상북도 울진군 죽변면,2013-08-08,Eulalia viridis,동해중부
국립해양생물자원관_해양생물 채집 공간정보,https://www.data.go.kr/data/15151832/openapi.do,2021-06-28,marine_life,눈전구섬모충,Protista > Ciliophora > Oligohymenophorea > Peniculida > Frontoniidae > Frontonia > Frontonia ocularis,대한민국 강원도 강릉시 강문교,대한민국; 동해중부; 대한민국 강원도 강릉시 강문교,37.797501,128.912491,눈전구섬모충은(는) 동해중부에서 관찰·채집된 해양생물 소재로 사용할 수 있다.,해양생물 캐릭터와 바다 탐험 동화 소재,"생물의 이름, 서식 해역, 분류를 활용한 관찰 질문과 퀴즈",5-7;8-10,해양생물;눈전구섬모충;Frontonia;ocularis;Protista;>;Ciliophora;Oligohymenophorea;Peniculida;Frontoniidae;동해중부;대한민국,128.912491,대한민국,눈전구섬모충,Protista > Ciliophora > Oligohymenophorea > Peniculida > Frontoniidae > Frontonia > Frontonia ocularis,37.797501,대한민국 강원도 강릉시 강문교,2021-06-28,Frontonia ocularis,동해중부
국립해양생물자원관_해양생물 채집 공간정보,https://www.data.go.kr/data/15151832/openapi.do,2021-08-24,marine_life,농게,Tubuca arcuata,대한민국 인천광역시 강화군 불은면 강화도,대한민국; 서해; 대한민국 인천광역시 강화군 불은면 강화도,37.646946,126.526390,농게은(는) 서해에서 관찰·채집된 해양생물 소재로 사용할 수 있다.,해양생물 캐릭터와 바다 탐험 동화 소재,"생물의 이름, 서식 해역, 분류를 활용한 관찰 질문과 퀴즈",5-7;8-10,해양생물;농게;Tubuca;arcuata;서해;대한민국;인천광역시;강화군;불은면;강화도,126.526390,대한민국,농게,Tubuca arcuata,37.646946,대한민국 인천광역시 강화군 불은면 강화도,2021-08-24,Tubuca arcuata,서해
국립해양생물자원관_해양생물 채집 공간정보,https://www.data.go.kr/data/15151832/openapi.do,2013-09-01,marine_life,Travisia forbesii,Travisiidae > Travisia > Travisia forbesii,대한민국 강원도 양양군 손양면,대한민국; 동해중부; 대한민국 강원도 양양군 손양면,38.129749,128.716827,Travisia forbesii은(는) 동해중부에서 관찰·채집된 해양생물 소재로 사용할 수 있다.,해양생물 캐릭터와 바다 탐험 동화 소재,"생물의 이름, 서식 해역, 분류를 활용한 관찰 질문과 퀴즈",5-7;8-10,해양생물;Travisia;forbesii;Travisiidae;>;동해중부;대한민국;강원도;양양군;손양면,128.716827,대한민국,,Travisiidae > Travisia > Travisia forbesii,38.129749,대한민국 강원도 양양군 손양면,2013-09-01,Travisia forbesii,동해중부
국립해양생물자원관_해양생물 채집 공간정보,https://www.data.go.kr/data/15151832/openapi.do,2015-09-22,marine_life,Oncholaimus tripapillatus,Oncholaimus tripapillatus,대한민국 경상북도 울릉군 울릉읍 조하대,대한민국; 동해중부; 대한민국 경상북도 울릉군 울릉읍 조하대,37.239166,131.867783,Oncholaimus tripapillatus은(는) 동해중부에서 관찰·채집된 해양생물 소재로 사용할 수 있다.,해양생물 캐릭터와 바다 탐험 동화 소재,"생물의 이름, 서식 해역, 분류를 활용한 관찰 질문과 퀴즈",5-7;8-10,해양생물;Oncholaimus;tripapillatus;동해중부;대한민국;경상북도;울릉군;울릉읍;조하대,131.867783,대한민국,,Oncholaimus tripapillatus,37.239166,대한민국 경상북도 울릉군 울릉읍 조하대,2015-09-22,Oncholaimus tripapillatus,동해중부
국립해양생물자원관_해양생물 채집 공간정보,https://www.data.go.kr/data/15151832/openapi.do,2012-11-28,marine_life,네모부채발갯지렁이,Polychaeta > Phyllodocida > Phyllodocidae > Phyllodoce > Phyllodoce maculata,대한민국 충청남도 당진시 송악읍,대한민국; 서해; 대한민국 충청남도 당진시 송악읍,36.987152,126.779396,네모부채발갯지렁이은(는) 서해에서 관찰·채집된 해양생물 소재로 사용할 수 있다.,해양생물 캐릭터와 바다 탐험 동화 소재,"생물의 이름, 서식 해역, 분류를 활용한 관찰 질문과 퀴즈",5-7;8-10,해양생물;네모부채발갯지렁이;Phyllodoce;maculata;Polychaeta;>;Phyllodocida;Phyllodocidae;서해;대한민국;충청남도;당진시,126.779396,대한민국,네모부채발갯지렁이,Polychaeta > Phyllodocida > Phyllodocidae > Phyllodoce > Phyllodoce maculata,36.987152,대한민국 충청남도 당진시 송악읍,2012-11-28,Phyllodoce maculata,서해
국립해양생물자원관_해양생물 채집 공간정보,https://www.data.go.kr/data/15151832/openapi.do,2010-11-18,marine_life,고리사슴갯지렁이,Terebellida > Ampharetidae > Amphisamytha > Amphisamytha japonica,대한민국 인천광역시 연수구,대한민국; 서해; 대한민국 인천광역시 연수구,37.372776,126.576385,고리사슴갯지렁이은(는) 서해에서 관찰·채집된 해양생물 소재로 사용할 수 있다.,해양생물 캐릭터와 바다 탐험 동화 소재,"생물의 이름, 서식 해역, 분류를 활용한 관찰 질문과 퀴즈",5-7;8-10,해양생물;고리사슴갯지렁이;Amphisamytha;japonica;Terebellida;>;Ampharetidae;서해;대한민국;인천광역시;연수구,126.576385,대한민국,고리사슴갯지렁이,Terebellida > Ampharetidae > Amphisamytha > Amphisamytha japonica,37.372776,대한민국 인천광역시 연수구,2010-11-18,Amphisamytha japonica,서해
국립해양생물자원관_해양생물 채집 공간정보,https://www.data.go.kr/data/15151832/openapi.do,2014-09-15,marine_life,가는버들갯지렁이,Polychaeta > Not assigned > Capitellidae > Notomastus > Notomastus latericeus,대한민국 충청남도 서천군 장항읍,대한민국; 서해; 대한민국 충청남도 서천군 장항읍,36.019394,126.664146,가는버들갯지렁이은(는) 서해에서 관찰·채집된 해양생물 소재로 사용할 수 있다.,해양생물 캐릭터와 바다 탐험 동화 소재,"생물의 이름, 서식 해역, 분류를 활용한 관찰 질문과 퀴즈",5-7;8-10,해양생물;가는버들갯지렁이;Notomastus;latericeus;Polychaeta;>;Not;assigned;Capitellidae;서해;대한민국;충청남도,126.664146,대한민국,가는버들갯지렁이,Polychaeta > Not assigned > Capitellidae > Notomastus > Notomastus latericeus,36.019394,대한민국 충청남도 서천군 장항읍,2014-09-15,Notomastus latericeus,서해
국립해양생물자원관_해양생물 채집 공간정보,https://www.data.go.kr/data/15151832/openapi.do,2014-05-22,marine_life,Ficopomatus enigmaticus,Serpulidae > Ficopomatus > Ficopomatus enigmaticus,대한민국 부산광역시 사하구,대한민국; 남해동부; 대한민국 부산광역시 사하구,35.105145,128.953064,Ficopomatus enigmaticus은(는) 남해동부에서 관찰·채집된 해양생물 소재로 사용할 수 있다.,해양생물 캐릭터와 바다 탐험 동화 소재,"생물의 이름, 서식 해역, 분류를 활용한 관찰 질문과 퀴즈",5-7;8-10,해양생물;Ficopomatus;enigmaticus;Serpulidae;>;남해동부;대한민국;부산광역시;사하구,128.953064,대한민국,,Serpulidae > Ficopomatus > Ficopomatus enigmaticus,35.105145,대한민국 부산광역시 사하구,2014-05-22,Ficopomatus enigmaticus,남해동부
국립해양생물자원관_해양생물 채집 공간정보,https://www.data.go.kr/data/15151832/openapi.do,2011-07-21,marine_life,두갈래별난가시갯지렁이,Polychaeta > Not assigned > Paraonidae > Cirrophorus > Cirrophorus furcatus,대한민국 전라북도 군산시,대한민국; 서해; 대한민국 전라북도 군산시,35.984344,126.595680,두갈래별난가시갯지렁이은(는) 서해에서 관찰·채집된 해양생물 소재로 사용할 수 있다.,해양생물 캐릭터와 바다 탐험 동화 소재,"생물의 이름, 서식 해역, 분류를 활용한 관찰 질문과 퀴즈",5-7;8-10,해양생물;두갈래별난가시갯지렁이;Cirrophorus;furcatus;Polychaeta;>;Not;assigned;Paraonidae;서해;대한민국;전라북도,126.595680,대한민국,두갈래별난가시갯지렁이,Polychaeta > Not assigned > Paraonidae > Cirrophorus > Cirrophorus furcatus,35.984344,대한민국 전라북도 군산시,2011-07-21,Cirrophorus furcatus,서해
국립해양생물자원관_해양생물 채집 공간정보,https://www.data.go.kr/data/15151832/openapi.do,2012-06-04,marine_life,큰가위손육질꼬리옆새우붙이,Malacostraca > Amphipoda > Ischyroceridae > Jassa > Jassa marmorata,대한민국 전라남도 신안군 자은면 고장리,대한민국; 서해; 대한민국 전라남도 신안군 자은면 고장리,34.911591,126.041977,큰가위손육질꼬리옆새우붙이은(는) 서해에서 관찰·채집된 해양생물 소재로 사용할 수 있다.,해양생물 캐릭터와 바다 탐험 동화 소재,"생물의 이름, 서식 해역, 분류를 활용한 관찰 질문과 퀴즈",5-7;8-10,해양생물;큰가위손육질꼬리옆새우붙이;Jassa;marmorata;Malacostraca;>;Amphipoda;Ischyroceridae;서해;대한민국;전라남도;신안군,126.041977,대한민국,큰가위손육질꼬리옆새우붙이,Malacostraca > Amphipoda > Ischyroceridae > Jassa > Jassa marmorata,34.911591,대한민국 전라남도 신안군 자은면 고장리,2012-06-04,Jassa marmorata,서해
국립해양생물자원관_해양생물 채집 공간정보,https://www.data.go.kr/data/15151832/openapi.do,2012-06-27,marine_life,Perinereis aibuhitensis,Polychaeta > Phyllodocida > Nereididae > Perinereis > Perinereis aibuhitensis,대한민국 충청남도 서천군 종천면,대한민국; 서해; 대한민국 충청남도 서천군 종천면,36.090584,126.631958,Perinereis aibuhitensis은(는) 서해에서 관찰·채집된 해양생물 소재로 사용할 수 있다.,해양생물 캐릭터와 바다 탐험 동화 소재,"생물의 이름, 서식 해역, 분류를 활용한 관찰 질문과 퀴즈",5-7;8-10,해양생물;Perinereis;aibuhitensis;Polychaeta;>;Phyllodocida;Nereididae;서해;대한민국;충청남도;서천군;종천면,126.631958,대한민국,,Polychaeta > Phyllodocida > Nereididae > Perinereis > Perinereis aibuhitensis,36.090584,대한민국 충청남도 서천군 종천면,2012-06-27,Perinereis aibuhitensis,서해
국립해양생물자원관_해양생물 채집 공간정보,https://www.data.go.kr/data/15151832/openapi.do,2012-03-22,marine_life,네모부채발갯지렁이,Polychaeta > Phyllodocida > Phyllodocidae > Phyllodoce > Phyllodoce maculata,대한민국 강원도 양양군 손양면,대한민국; 동해중부; 대한민국 강원도 양양군 손양면,38.078949,128.675888,네모부채발갯지렁이은(는) 동해중부에서 관찰·채집된 해양생물 소재로 사용할 수 있다.,해양생물 캐릭터와 바다 탐험 동화 소재,"생물의 이름, 서식 해역, 분류를 활용한 관찰 질문과 퀴즈",5-7;8-10,해양생물;네모부채발갯지렁이;Phyllodoce;maculata;Polychaeta;>;Phyllodocida;Phyllodocidae;동해중부;대한민국;강원도;양양군,128.675888,대한민국,네모부채발갯지렁이,Polychaeta > Phyllodocida > Phyllodocidae > Phyllodoce > Phyllodoce maculata,38.078949,대한민국 강원도 양양군 손양면,2012-03-22,Phyllodoce maculata,동해중부
국립해양생물자원관_해양생물 채집 공간정보,https://www.data.go.kr/data/15151832/openapi.do,2020-11-15,marine_life,짧막뾰족입짠물응애,Trombidiformes > Halacaridae > Copidognathus > Copidognathus curtus,대한민국 전라북도 군산시 옥도면 몽돌해수욕장,대한민국; 서해; 대한민국 전라북도 군산시 옥도면 몽돌해수욕장,35.828949,126.402000,짧막뾰족입짠물응애은(는) 서해에서 관찰·채집된 해양생물 소재로 사용할 수 있다.,해양생물 캐릭터와 바다 탐험 동화 소재,"생물의 이름, 서식 해역, 분류를 활용한 관찰 질문과 퀴즈",5-7;8-10,해양생물;짧막뾰족입짠물응애;Copidognathus;curtus;Trombidiformes;>;Halacaridae;서해;대한민국;전라북도;군산시;옥도면,126.402000,대한민국,짧막뾰족입짠물응애,Trombidiformes > Halacaridae > Copidognathus > Copidognathus curtus,35.828949,대한민국 전라북도 군산시 옥도면 몽돌해수욕장,2020-11-15,Copidognathus curtus,서해
국립해양생물자원관_해양생물 채집 공간정보,https://www.data.go.kr/data/15151832/openapi.do,2013-07-12,marine_life,낭과쩍,Rhodophyta > Florideophyceae > Hapalidiales > Hapalidiaceae > Orthocarpa > Orthocarpa chejuense,대한민국 제주특별자치도 서귀포시,대한민국; 남해서부; 대한민국 제주특별자치도 서귀포시,33.238876,126.544601,낭과쩍은(는) 남해서부에서 관찰·채집된 해양생물 소재로 사용할 수 있다.,해양생물 캐릭터와 바다 탐험 동화 소재,"생물의 이름, 서식 해역, 분류를 활용한 관찰 질문과 퀴즈",5-7;8-10,해양생물;낭과쩍;Orthocarpa;chejuense;Rhodophyta;>;Florideophyceae;Hapalidiales;Hapalidiaceae;남해서부;대한민국;제주특별자치도,126.544601,대한민국,낭과쩍,Rhodophyta > Florideophyceae > Hapalidiales > Hapalidiaceae > Orthocarpa > Orthocarpa chejuense,33.238876,대한민국 제주특별자치도 서귀포시,2013-07-12,Orthocarpa chejuense,남해서부
국립해양생물자원관_해양생물 채집 공간정보,https://www.data.go.kr/data/15151832/openapi.do,2021-02-16,marine_life,방사무늬돌김,Rhodophyta > Bangiophyceae > Bangiales > Bangiaceae > Pyropia > Pyropia yezoensis,대한민국 전라북도 군산시 옥도면,대한민국; 서해; 대한민국 전라북도 군산시 옥도면,35.810745,126.447098,방사무늬돌김은(는) 서해에서 관찰·채집된 해양생물 소재로 사용할 수 있다.,해양생물 캐릭터와 바다 탐험 동화 소재,"생물의 이름, 서식 해역, 분류를 활용한 관찰 질문과 퀴즈",5-7;8-10,해양생물;방사무늬돌김;Pyropia;yezoensis;Rhodophyta;>;Bangiophyceae;Bangiales;Bangiaceae;서해;대한민국;전라북도,126.447098,대한민국,방사무늬돌김,Rhodophyta > Bangiophyceae > Bangiales > Bangiaceae > Pyropia > Pyropia yezoensis,35.810745,대한민국 전라북도 군산시 옥도면,2021-02-16,Pyropia yezoensis,서해
국립해양생물자원관_해양생물 채집 공간정보,https://www.data.go.kr/data/15151832/openapi.do,2013-04-04,marine_life,낭과쩍,Rhodophyta > Florideophyceae > Hapalidiales > Hapalidiaceae > Orthocarpa > Orthocarpa chejuense,대한민국 제주특별자치도 제주시 추자면,대한민국; 남해서부; 대한민국 제주특별자치도 제주시 추자면,33.954010,126.344917,낭과쩍은(는) 남해서부에서 관찰·채집된 해양생물 소재로 사용할 수 있다.,해양생물 캐릭터와 바다 탐험 동화 소재,"생물의 이름, 서식 해역, 분류를 활용한 관찰 질문과 퀴즈",5-7;8-10,해양생물;낭과쩍;Orthocarpa;chejuense;Rhodophyta;>;Florideophyceae;Hapalidiales;Hapalidiaceae;남해서부;대한민국;제주특별자치도,126.344917,대한민국,낭과쩍,Rhodophyta > Florideophyceae > Hapalidiales > Hapalidiaceae > Orthocarpa > Orthocarpa chejuense,33.954010,대한민국 제주특별자치도 제주시 추자면,2013-04-04,Orthocarpa chejuense,남해서부
국립해양생물자원관_해양생물 채집 공간정보,https://www.data.go.kr/data/15151832/openapi.do,2021-03-15,marine_life,사각게,Sesarmidae > Parasesarma > Parasesarma pictum,대한민국 전라북도 부안군 진서면,대한민국; 서해; 대한민국 전라북도 부안군 진서면,35.586128,126.545944,사각게은(는) 서해에서 관찰·채집된 해양생물 소재로 사용할 수 있다.,해양생물 캐릭터와 바다 탐험 동화 소재,"생물의 이름, 서식 해역, 분류를 활용한 관찰 질문과 퀴즈",5-7;8-10,해양생물;사각게;Parasesarma;pictum;Sesarmidae;>;서해;대한민국;전라북도;부안군;진서면,126.545944,대한민국,사각게,Sesarmidae > Parasesarma > Parasesarma pictum,35.586128,대한민국 전라북도 부안군 진서면,2021-03-15,Parasesarma pictum,서해
국립해양생물자원관_해양생물 채집 공간정보,https://www.data.go.kr/data/15151832/openapi.do,2021-04-14,marine_life,노란솜털갯지렁이,Polychaeta > Eunicida > Eunicidae > Lysidice > Lysidice collaris,대한민국 인천광역시 중구,대한민국; 서해; 대한민국 인천광역시 중구,37.447308,126.371391,노란솜털갯지렁이은(는) 서해에서 관찰·채집된 해양생물 소재로 사용할 수 있다.,해양생물 캐릭터와 바다 탐험 동화 소재,"생물의 이름, 서식 해역, 분류를 활용한 관찰 질문과 퀴즈",5-7;8-10,해양생물;노란솜털갯지렁이;Lysidice;collaris;Polychaeta;>;Eunicida;Eunicidae;서해;대한민국;인천광역시;중구,126.371391,대한민국,노란솜털갯지렁이,Polychaeta > Eunicida > Eunicidae > Lysidice > Lysidice collaris,37.447308,대한민국 인천광역시 중구,2021-04-14,Lysidice collaris,서해
국립해양생물자원관_해양생물 채집 공간정보,https://www.data.go.kr/data/15151832/openapi.do,2012-06-26,marine_life,긴다리송곳갯지렁이,Polychaeta > Eunicida > Lumbrineridae > Kuwaita > Kuwaita heteropoda,대한민국 전라북도 고창군 심원면,대한민국; 서해; 대한민국 전라북도 고창군 심원면,35.549728,126.556908,긴다리송곳갯지렁이은(는) 서해에서 관찰·채집된 해양생물 소재로 사용할 수 있다.,해양생물 캐릭터와 바다 탐험 동화 소재,"생물의 이름, 서식 해역, 분류를 활용한 관찰 질문과 퀴즈",5-7;8-10,해양생물;긴다리송곳갯지렁이;Kuwaita;heteropoda;Polychaeta;>;Eunicida;Lumbrineridae;서해;대한민국;전라북도;고창군,126.556908,대한민국,긴다리송곳갯지렁이,Polychaeta > Eunicida > Lumbrineridae > Kuwaita > Kuwaita heteropoda,35.549728,대한민국 전라북도 고창군 심원면,2012-06-26,Kuwaita heteropoda,서해
국립해양생물자원관_해양생물 채집 공간정보,https://www.data.go.kr/data/15151832/openapi.do,2012-05-10,marine_life,긴자락송곳갯지렁이,Polychaeta > Eunicida > Lumbrineridae > Lumbrineris > Lumbrineris longifolia,대한민국 충청남도 홍성군,대한민국; 서해; 대한민국 충청남도 홍성군,36.481354,126.432434,긴자락송곳갯지렁이은(는) 서해에서 관찰·채집된 해양생물 소재로 사용할 수 있다.,해양생물 캐릭터와 바다 탐험 동화 소재,"생물의 이름, 서식 해역, 분류를 활용한 관찰 질문과 퀴즈",5-7;8-10,해양생물;긴자락송곳갯지렁이;Lumbrineris;longifolia;Polychaeta;>;Eunicida;Lumbrineridae;서해;대한민국;충청남도;홍성군,126.432434,대한민국,긴자락송곳갯지렁이,Polychaeta > Eunicida > Lumbrineridae > Lumbrineris > Lumbrineris longifolia,36.481354,대한민국 충청남도 홍성군,2012-05-10,Lumbrineris longifolia,서해
국립해양생물자원관_해양생물 채집 공간정보,https://www.data.go.kr/data/15151832/openapi.do,2013-05-09,marine_life,갈고리석회관갯지렁이,Serpulidae > Hydroides > Hydroides uncinata,대한민국 충청남도 태안군 소원면,대한민국; 서해; 대한민국 충청남도 태안군 소원면,36.795723,126.142738,갈고리석회관갯지렁이은(는) 서해에서 관찰·채집된 해양생물 소재로 사용할 수 있다.,해양생물 캐릭터와 바다 탐험 동화 소재,"생물의 이름, 서식 해역, 분류를 활용한 관찰 질문과 퀴즈",5-7;8-10,해양생물;갈고리석회관갯지렁이;Hydroides;uncinata;Serpulidae;>;서해;대한민국;충청남도;태안군;소원면,126.142738,대한민국,갈고리석회관갯지렁이,Serpulidae > Hydroides > Hydroides uncinata,36.795723,대한민국 충청남도 태안군 소원면,2013-05-09,Hydroides uncinata,서해
국립해양생물자원관_해양생물 채집 공간정보,https://www.data.go.kr/data/15151832/openapi.do,2019-09-03,marine_life,긴까막살,Rhodophyta > Florideophyceae > Halymeniales > Halymeniaceae > Grateloupia > Grateloupia elata,대한민국 인천광역시 옹진군 영흥면,대한민국; 서해; 대한민국 인천광역시 옹진군 영흥면,37.258335,126.501724,긴까막살은(는) 서해에서 관찰·채집된 해양생물 소재로 사용할 수 있다.,해양생물 캐릭터와 바다 탐험 동화 소재,"생물의 이름, 서식 해역, 분류를 활용한 관찰 질문과 퀴즈",5-7;8-10,해양생물;긴까막살;Grateloupia;elata;Rhodophyta;>;Florideophyceae;Halymeniales;Halymeniaceae;서해;대한민국;인천광역시,126.501724,대한민국,긴까막살,Rhodophyta > Florideophyceae > Halymeniales > Halymeniaceae > Grateloupia > Grateloupia elata,37.258335,대한민국 인천광역시 옹진군 영흥면,2019-09-03,Grateloupia elata,서해
국립해양생물자원관_해양생물 채집 공간정보,https://www.data.go.kr/data/15151832/openapi.do,2013-06-20,marine_life,긴털바퀴실타래갯지렁이,Terebellida > Cirratulidae > Chaetozone > Chaetozone spinosa,대한민국 전라남도 강진군 도암면,대한민국; 남해서부; 대한민국 전라남도 강진군 도암면,34.474487,126.767563,긴털바퀴실타래갯지렁이은(는) 남해서부에서 관찰·채집된 해양생물 소재로 사용할 수 있다.,해양생물 캐릭터와 바다 탐험 동화 소재,"생물의 이름, 서식 해역, 분류를 활용한 관찰 질문과 퀴즈",5-7;8-10,해양생물;긴털바퀴실타래갯지렁이;Chaetozone;spinosa;Terebellida;>;Cirratulidae;남해서부;대한민국;전라남도;강진군;도암면,126.767563,대한민국,긴털바퀴실타래갯지렁이,Terebellida > Cirratulidae > Chaetozone > Chaetozone spinosa,34.474487,대한민국 전라남도 강진군 도암면,2013-06-20,Chaetozone spinosa,남해서부
국립해양생물자원관_해양생물 채집 공간정보,https://www.data.go.kr/data/15151832/openapi.do,2012-11-01,marine_life,Protodorvillea biarticulata,Protodorvillea biarticulata,대한민국 충청남도 서산시 팔봉면,대한민국; 서해; 대한민국 충청남도 서산시 팔봉면,36.916695,126.341599,Protodorvillea biarticulata은(는) 서해에서 관찰·채집된 해양생물 소재로 사용할 수 있다.,해양생물 캐릭터와 바다 탐험 동화 소재,"생물의 이름, 서식 해역, 분류를 활용한 관찰 질문과 퀴즈",5-7;8-10,해양생물;Protodorvillea;biarticulata;서해;대한민국;충청남도;서산시;팔봉면,126.341599,대한민국,,Protodorvillea biarticulata,36.916695,대한민국 충청남도 서산시 팔봉면,2012-11-01,Protodorvillea biarticulata,서해
국립해양생물자원관_해양생물 채집 공간정보,https://www.data.go.kr/data/15151832/openapi.do,2015-02-01,marine_life,길쭉둥근울타리갯지렁이,Sabellida > Sabellariidae > Sabellaria > Sabellaria ishikawai,대한민국 인천광역시 중구,대한민국; 서해; 대한민국 인천광역시 중구,37.366386,126.567780,길쭉둥근울타리갯지렁이은(는) 서해에서 관찰·채집된 해양생물 소재로 사용할 수 있다.,해양생물 캐릭터와 바다 탐험 동화 소재,"생물의 이름, 서식 해역, 분류를 활용한 관찰 질문과 퀴즈",5-7;8-10,해양생물;길쭉둥근울타리갯지렁이;Sabellaria;ishikawai;Sabellida;>;Sabellariidae;서해;대한민국;인천광역시;중구,126.567780,대한민국,길쭉둥근울타리갯지렁이,Sabellida > Sabellariidae > Sabellaria > Sabellaria ishikawai,37.366386,대한민국 인천광역시 중구,2015-02-01,Sabellaria ishikawai,서해
국립해양생물자원관_해양생물 채집 공간정보,https://www.data.go.kr/data/15151832/openapi.do,2015-03-20,marine_life,납작파래,Ulvophyceae > Ulvales > Ulvaceae > Ulva > Ulva compressa,대한민국 경상남도 남해군 남면,대한민국; 남해동부; 대한민국 경상남도 남해군 남면,34.750305,127.908081,납작파래은(는) 남해동부에서 관찰·채집된 해양생물 소재로 사용할 수 있다.,해양생물 캐릭터와 바다 탐험 동화 소재,"생물의 이름, 서식 해역, 분류를 활용한 관찰 질문과 퀴즈",5-7;8-10,해양생물;납작파래;Ulva;compressa;Ulvophyceae;>;Ulvales;Ulvaceae;남해동부;대한민국;경상남도;남해군,127.908081,대한민국,납작파래,Ulvophyceae > Ulvales > Ulvaceae > Ulva > Ulva compressa,34.750305,대한민국 경상남도 남해군 남면,2015-03-20,Ulva compressa,남해동부
국립해양생물자원관_해양생물 채집 공간정보,https://www.data.go.kr/data/15151832/openapi.do,2015-09-24,marine_life,금발대마디말,Ulvophyceae > Cladophorales > Cladophoraceae > Cladophora > Cladophora vadorum,대한민국 전라북도 부안군 변산면,대한민국; 서해; 대한민국 전라북도 부안군 변산면,35.641190,126.465248,금발대마디말은(는) 서해에서 관찰·채집된 해양생물 소재로 사용할 수 있다.,해양생물 캐릭터와 바다 탐험 동화 소재,"생물의 이름, 서식 해역, 분류를 활용한 관찰 질문과 퀴즈",5-7;8-10,해양생물;금발대마디말;Cladophora;vadorum;Ulvophyceae;>;Cladophorales;Cladophoraceae;서해;대한민국;전라북도;부안군,126.465248,대한민국,금발대마디말,Ulvophyceae > Cladophorales > Cladophoraceae > Cladophora > Cladophora vadorum,35.641190,대한민국 전라북도 부안군 변산면,2015-09-24,Cladophora vadorum,서해
국립해양생물자원관_해양생물 채집 공간정보,https://www.data.go.kr/data/15151832/openapi.do,2015-07-07,marine_life,갈색대마디말,Ulvophyceae > Cladophorales > Cladophoraceae > Cladophora > Cladophora wrightiana var. minor,대한민국 제주특별자치도 제주시 조천읍,대한민국; 남해서부; 대한민국 제주특별자치도 제주시 조천읍,33.537579,126.616417,갈색대마디말은(는) 남해서부에서 관찰·채집된 해양생물 소재로 사용할 수 있다.,해양생물 캐릭터와 바다 탐험 동화 소재,"생물의 이름, 서식 해역, 분류를 활용한 관찰 질문과 퀴즈",5-7;8-10,해양생물;갈색대마디말;Cladophora;wrightiana;var.;minor;Ulvophyceae;>;Cladophorales;Cladophoraceae;남해서부;대한민국,126.616417,대한민국,갈색대마디말,Ulvophyceae > Cladophorales > Cladophoraceae > Cladophora > Cladophora wrightiana var. minor,33.537579,대한민국 제주특별자치도 제주시 조천읍,2015-07-07,Cladophora wrightiana var. minor,남해서부
국립해양생물자원관_해양생물 채집 공간정보,https://www.data.go.kr/data/15151832/openapi.do,2016-01-10,marine_life,염주말,Ulvophyceae > Cladophorales > Cladophoraceae > Chaetomorpha > Chaetomorpha moniligera,대한민국 경상북도 포항시 남구 호미곶면,대한민국; 동해남부; 대한민국 경상북도 포항시 남구 호미곶면,36.076527,129.544861,염주말은(는) 동해남부에서 관찰·채집된 해양생물 소재로 사용할 수 있다.,해양생물 캐릭터와 바다 탐험 동화 소재,"생물의 이름, 서식 해역, 분류를 활용한 관찰 질문과 퀴즈",5-7;8-10,해양생물;염주말;Chaetomorpha;moniligera;Ulvophyceae;>;Cladophorales;Cladophoraceae;동해남부;대한민국;경상북도;포항시,129.544861,대한민국,염주말,Ulvophyceae > Cladophorales > Cladophoraceae > Chaetomorpha > Chaetomorpha moniligera,36.076527,대한민국 경상북도 포항시 남구 호미곶면,2016-01-10,Chaetomorpha moniligera,동해남부
국립해양생물자원관_해양생물 채집 공간정보,https://www.data.go.kr/data/15151832/openapi.do,2015-02-01,marine_life,길쭉둥근울타리갯지렁이,Sabellida > Sabellariidae > Sabellaria > Sabellaria ishikawai,대한민국 인천광역시 중구,대한민국; 서해; 대한민국 인천광역시 중구,37.366386,126.567780,길쭉둥근울타리갯지렁이은(는) 서해에서 관찰·채집된 해양생물 소재로 사용할 수 있다.,해양생물 캐릭터와 바다 탐험 동화 소재,"생물의 이름, 서식 해역, 분류를 활용한 관찰 질문과 퀴즈",5-7;8-10,해양생물;길쭉둥근울타리갯지렁이;Sabellaria;ishikawai;Sabellida;>;Sabellariidae;서해;대한민국;인천광역시;중구,126.567780,대한민국,길쭉둥근울타리갯지렁이,Sabellida > Sabellariidae > Sabellaria > Sabellaria ishikawai,37.366386,대한민국 인천광역시 중구,2015-02-01,Sabellaria ishikawai,서해
국립해양생물자원관_해양생물 채집 공간정보,https://www.data.go.kr/data/15151832/openapi.do,2014-11-01,marine_life,홈울타리갯지렁이,Sabellida > Sabellariidae > Lygdamis > Lygdamis giardi,대한민국 인천광역시 연수구,대한민국; 서해; 대한민국 인천광역시 연수구,37.318054,126.599724,홈울타리갯지렁이은(는) 서해에서 관찰·채집된 해양생물 소재로 사용할 수 있다.,해양생물 캐릭터와 바다 탐험 동화 소재,"생물의 이름, 서식 해역, 분류를 활용한 관찰 질문과 퀴즈",5-7;8-10,해양생물;홈울타리갯지렁이;Lygdamis;giardi;Sabellida;>;Sabellariidae;서해;대한민국;인천광역시;연수구,126.599724,대한민국,홈울타리갯지렁이,Sabellida > Sabellariidae > Lygdamis > Lygdamis giardi,37.318054,대한민국 인천광역시 연수구,2014-11-01,Lygdamis giardi,서해
국립해양생물자원관_해양생물 채집 공간정보,https://www.data.go.kr/data/15151832/openapi.do,2021-03-16,marine_life,줄새우아재비,Pleocyemata > Caridea > Palaemonoidea > Palaemonidae > Palaemon > Palaemon serrifer,대한민국 전라북도 군산시 금강하구둑,대한민국; 서해; 대한민국 전라북도 군산시 금강하구둑,36.001957,126.737419,줄새우아재비은(는) 서해에서 관찰·채집된 해양생물 소재로 사용할 수 있다.,해양생물 캐릭터와 바다 탐험 동화 소재,"생물의 이름, 서식 해역, 분류를 활용한 관찰 질문과 퀴즈",5-7;8-10,해양생물;줄새우아재비;Palaemon;serrifer;Pleocyemata;>;Caridea;Palaemonoidea;Palaemonidae;서해;대한민국;전라북도,126.737419,대한민국,줄새우아재비,Pleocyemata > Caridea > Palaemonoidea > Palaemonidae > Palaemon > Palaemon serrifer,36.001957,대한민국 전라북도 군산시 금강하구둑,2021-03-16,Palaemon serrifer,서해
국립해양생물자원관_해양생물 채집 공간정보,https://www.data.go.kr/data/15151832/openapi.do,2021-03-18,marine_life,밀새우,Pleocyemata > Caridea > Palaemonoidea > Palaemonidae > Palaemon > Palaemon carinicauda,대한민국 전라남도 무안군 해제면 도리포항,대한민국; 서해; 대한민국 전라남도 무안군 해제면 도리포항,35.154564,126.347244,밀새우은(는) 서해에서 관찰·채집된 해양생물 소재로 사용할 수 있다.,해양생물 캐릭터와 바다 탐험 동화 소재,"생물의 이름, 서식 해역, 분류를 활용한 관찰 질문과 퀴즈",5-7;8-10,해양생물;밀새우;Palaemon;carinicauda;Pleocyemata;>;Caridea;Palaemonoidea;Palaemonidae;서해;대한민국;전라남도,126.347244,대한민국,밀새우,Pleocyemata > Caridea > Palaemonoidea > Palaemonidae > Palaemon > Palaemon carinicauda,35.154564,대한민국 전라남도 무안군 해제면 도리포항,2021-03-18,Palaemon carinicauda,서해
국립해양생물자원관_해양생물 채집 공간정보,https://www.data.go.kr/data/15151832/openapi.do,2003-07-20,marine_life,Rossellomorea vietnamensis,Rossellomorea vietnamensis,대한민국 남해,대한민국; 남해서부; 대한민국 남해,34.073608,127.507225,Rossellomorea vietnamensis은(는) 남해서부에서 관찰·채집된 해양생물 소재로 사용할 수 있다.,해양생물 캐릭터와 바다 탐험 동화 소재,"생물의 이름, 서식 해역, 분류를 활용한 관찰 질문과 퀴즈",5-7;8-10,해양생물;Rossellomorea;vietnamensis;남해서부;대한민국;남해,127.507225,대한민국,,Rossellomorea vietnamensis,34.073608,대한민국 남해,2003-07-20,Rossellomorea vietnamensis,남해서부
국립해양생물자원관_해양생물 채집 공간정보,https://www.data.go.kr/data/15151832/openapi.do,2008-09-01,marine_life,민구더기갯지렁이,Scalibregmatidae > Hyboscolex > Hyboscolex pacificus borealis,대한민국 충청남도 보령시 오천면,대한민국; 서해; 대한민국 충청남도 보령시 오천면,36.406651,126.361076,민구더기갯지렁이은(는) 서해에서 관찰·채집된 해양생물 소재로 사용할 수 있다.,해양생물 캐릭터와 바다 탐험 동화 소재,"생물의 이름, 서식 해역, 분류를 활용한 관찰 질문과 퀴즈",5-7;8-10,해양생물;민구더기갯지렁이;Hyboscolex;pacificus;borealis;Scalibregmatidae;>;서해;대한민국;충청남도;보령시;오천면,126.361076,대한민국,민구더기갯지렁이,Scalibregmatidae > Hyboscolex > Hyboscolex pacificus borealis,36.406651,대한민국 충청남도 보령시 오천면,2008-09-01,Hyboscolex pacificus borealis,서해
국립해양생물자원관_해양생물 채집 공간정보,https://www.data.go.kr/data/15151832/openapi.do,2014-03-15,marine_life,Cadophora luteo-olivacea,Ploettnerulaceae > Cadophora > Cadophora luteo-olivacea,대한민국 전라북도 부안군 진서면,대한민국; 서해; 대한민국 전라북도 부안군 진서면,35.593082,126.601166,Cadophora luteo-olivacea은(는) 서해에서 관찰·채집된 해양생물 소재로 사용할 수 있다.,해양생물 캐릭터와 바다 탐험 동화 소재,"생물의 이름, 서식 해역, 분류를 활용한 관찰 질문과 퀴즈",5-7;8-10,해양생물;Cadophora;luteo-olivacea;Ploettnerulaceae;>;서해;대한민국;전라북도;부안군;진서면,126.601166,대한민국,,Ploettnerulaceae > Cadophora > Cadophora luteo-olivacea,35.593082,대한민국 전라북도 부안군 진서면,2014-03-15,Cadophora luteo-olivacea,서해
국립해양생물자원관_해양생물 채집 공간정보,https://www.data.go.kr/data/15151832/openapi.do,2002-07-20,marine_life,Staphylococcus warneri,Staphylococcus warneri,대한민국 남해,대한민국; 남해서부; 대한민국 남해,34.073608,127.507225,Staphylococcus warneri은(는) 남해서부에서 관찰·채집된 해양생물 소재로 사용할 수 있다.,해양생물 캐릭터와 바다 탐험 동화 소재,"생물의 이름, 서식 해역, 분류를 활용한 관찰 질문과 퀴즈",5-7;8-10,해양생물;Staphylococcus;warneri;남해서부;대한민국;남해,127.507225,대한민국,,Staphylococcus warneri,34.073608,대한민국 남해,2002-07-20,Staphylococcus warneri,남해서부
국립해양생물자원관_해양생물 채집 공간정보,https://www.data.go.kr/data/15151832/openapi.do,2021-04-13,marine_life,숨은이끼벌레,Gymnolaemata > Cheilostomatida > Cryptosulidae > Cryptosula > Cryptosula pallasiana,대한민국 충청남도 서천군 서면,대한민국; 서해; 대한민국 충청남도 서천군 서면,36.129276,126.505058,숨은이끼벌레은(는) 서해에서 관찰·채집된 해양생물 소재로 사용할 수 있다.,해양생물 캐릭터와 바다 탐험 동화 소재,"생물의 이름, 서식 해역, 분류를 활용한 관찰 질문과 퀴즈",5-7;8-10,해양생물;숨은이끼벌레;Cryptosula;pallasiana;Gymnolaemata;>;Cheilostomatida;Cryptosulidae;서해;대한민국;충청남도;서천군,126.505058,대한민국,숨은이끼벌레,Gymnolaemata > Cheilostomatida > Cryptosulidae > Cryptosula > Cryptosula pallasiana,36.129276,대한민국 충청남도 서천군 서면,2021-04-13,Cryptosula pallasiana,서해
국립해양생물자원관_해양생물 채집 공간정보,https://www.data.go.kr/data/15151832/openapi.do,2003-06-20,marine_life,Pseudoalteromonas shioyasakiensis,Pseudomonadota > Gammaproteobacteria > Alteromonadales > Pseudoalteromonadaceae > Pseudoalteromonas > Pseudoalteromonas shioyasakiensis,대한민국 남해,대한민국; 남해서부; 대한민국 남해,34.073608,127.507225,Pseudoalteromonas shioyasakiensis은(는) 남해서부에서 관찰·채집된 해양생물 소재로 사용할 수 있다.,해양생물 캐릭터와 바다 탐험 동화 소재,"생물의 이름, 서식 해역, 분류를 활용한 관찰 질문과 퀴즈",5-7;8-10,해양생물;Pseudoalteromonas;shioyasakiensis;Pseudomonadota;>;Gammaproteobacteria;Alteromonadales;Pseudoalteromonadaceae;남해서부;대한민국;남해,127.507225,대한민국,,Pseudomonadota > Gammaproteobacteria > Alteromonadales > Pseudoalteromonadaceae > Pseudoalteromonas > Pseudoalteromonas shioyasakiensis,34.073608,대한민국 남해,2003-06-20,Pseudoalteromonas shioyasakiensis,남해서부
국립해양생물자원관_해양생물 채집 공간정보,https://www.data.go.kr/data/15151832/openapi.do,2003-07-22,marine_life,Vibrio alginolyticus,Vibrionales > Vibrionaceae > Vibrio > Vibrio alginolyticus,대한민국 남해,대한민국; 남해서부; 대한민국 남해,34.073608,127.507225,Vibrio alginolyticus은(는) 남해서부에서 관찰·채집된 해양생물 소재로 사용할 수 있다.,해양생물 캐릭터와 바다 탐험 동화 소재,"생물의 이름, 서식 해역, 분류를 활용한 관찰 질문과 퀴즈",5-7;8-10,해양생물;Vibrio;alginolyticus;Vibrionales;>;Vibrionaceae;남해서부;대한민국;남해,127.507225,대한민국,,Vibrionales > Vibrionaceae > Vibrio > Vibrio alginolyticus,34.073608,대한민국 남해,2003-07-22,Vibrio alginolyticus,남해서부
국립해양생물자원관_해양생물 채집 공간정보,https://www.data.go.kr/data/15151832/openapi.do,2021-04-08,marine_life,새조개,Mollusca > Bivalvia > Cardiida > Cardiidae > Fulvia > Fulvia mutica,대한민국 충청남도 홍성군 서부면,대한민국; 서해; 대한민국 충청남도 홍성군 서부면,36.544811,126.389351,새조개은(는) 서해에서 관찰·채집된 해양생물 소재로 사용할 수 있다.,해양생물 캐릭터와 바다 탐험 동화 소재,"생물의 이름, 서식 해역, 분류를 활용한 관찰 질문과 퀴즈",5-7;8-10,해양생물;새조개;Fulvia;mutica;Mollusca;>;Bivalvia;Cardiida;Cardiidae;서해;대한민국;충청남도,126.389351,대한민국,새조개,Mollusca > Bivalvia > Cardiida > Cardiidae > Fulvia > Fulvia mutica,36.544811,대한민국 충청남도 홍성군 서부면,2021-04-08,Fulvia mutica,서해
국립해양생물자원관_해양생물 채집 공간정보,https://www.data.go.kr/data/15151832/openapi.do,2003-07-20,marine_life,Vibrio alginolyticus,Vibrionales > Vibrionaceae > Vibrio > Vibrio alginolyticus,대한민국 남해,대한민국; 남해서부; 대한민국 남해,34.073608,127.507225,Vibrio alginolyticus은(는) 남해서부에서 관찰·채집된 해양생물 소재로 사용할 수 있다.,해양생물 캐릭터와 바다 탐험 동화 소재,"생물의 이름, 서식 해역, 분류를 활용한 관찰 질문과 퀴즈",5-7;8-10,해양생물;Vibrio;alginolyticus;Vibrionales;>;Vibrionaceae;남해서부;대한민국;남해,127.507225,대한민국,,Vibrionales > Vibrionaceae > Vibrio > Vibrio alginolyticus,34.073608,대한민국 남해,2003-07-20,Vibrio alginolyticus,남해서부
국립해양생물자원관_해양생물 채집 공간정보,https://www.data.go.kr/data/15151832/openapi.do,2021-05-10,marine_life,알통게붙이,Porcellanidae > Pisidia > Pisidia serratifrons,대한민국 충청남도 보령시 오천면 원산도해수욕장,대한민국; 서해; 대한민국 충청남도 보령시 오천면 원산도해수욕장,36.360832,126.433052,알통게붙이은(는) 서해에서 관찰·채집된 해양생물 소재로 사용할 수 있다.,해양생물 캐릭터와 바다 탐험 동화 소재,"생물의 이름, 서식 해역, 분류를 활용한 관찰 질문과 퀴즈",5-7;8-10,해양생물;알통게붙이;Pisidia;serratifrons;Porcellanidae;>;서해;대한민국;충청남도;보령시;오천면;원산도해수욕장,126.433052,대한민국,알통게붙이,Porcellanidae > Pisidia > Pisidia serratifrons,36.360832,대한민국 충청남도 보령시 오천면 원산도해수욕장,2021-05-10,Pisidia serratifrons,서해
국립해양생물자원관_해양생물 채집 공간정보,https://www.data.go.kr/data/15151832/openapi.do,2021-05-10,marine_life,납작게,Varunidae > Gaetice > Gaetice depressus,대한민국 충청남도 보령시 오천면 원산도해수욕장,대한민국; 서해; 대한민국 충청남도 보령시 오천면 원산도해수욕장,36.360832,126.433052,납작게은(는) 서해에서 관찰·채집된 해양생물 소재로 사용할 수 있다.,해양생물 캐릭터와 바다 탐험 동화 소재,"생물의 이름, 서식 해역, 분류를 활용한 관찰 질문과 퀴즈",5-7;8-10,해양생물;납작게;Gaetice;depressus;Varunidae;>;서해;대한민국;충청남도;보령시;오천면;원산도해수욕장,126.433052,대한민국,납작게,Varunidae > Gaetice > Gaetice depressus,36.360832,대한민국 충청남도 보령시 오천면 원산도해수욕장,2021-05-10,Gaetice depressus,서해
국립해양생물자원관_해양생물 채집 공간정보,https://www.data.go.kr/data/15151832/openapi.do,2021-03-16,marine_life,꽃부채게,Xanthoidea > Xanthidae > Xanthinae > Macromedaeus > Macromedaeus distinguendus,대한민국 전라북도 부안군 백산면 격포해수욕장,대한민국; 서해; 대한민국 전라북도 부안군 백산면 격포해수욕장,35.628166,126.468742,꽃부채게은(는) 서해에서 관찰·채집된 해양생물 소재로 사용할 수 있다.,해양생물 캐릭터와 바다 탐험 동화 소재,"생물의 이름, 서식 해역, 분류를 활용한 관찰 질문과 퀴즈",5-7;8-10,해양생물;꽃부채게;Macromedaeus;distinguendus;Xanthoidea;>;Xanthidae;Xanthinae;서해;대한민국;전라북도;부안군,126.468742,대한민국,꽃부채게,Xanthoidea > Xanthidae > Xanthinae > Macromedaeus > Macromedaeus distinguendus,35.628166,대한민국 전라북도 부안군 백산면 격포해수욕장,2021-03-16,Macromedaeus distinguendus,서해
국립해양생물자원관_해양생물 채집 공간정보,https://www.data.go.kr/data/15151832/openapi.do,2021-09-09,marine_life,고목유령갯지렁이,Terebellidae > Terebella > Terebella ehrenbergi,대한민국 충청남도 태안군 고남면,대한민국; 서해; 대한민국 충청남도 태안군 고남면,36.422085,126.359024,고목유령갯지렁이은(는) 서해에서 관찰·채집된 해양생물 소재로 사용할 수 있다.,해양생물 캐릭터와 바다 탐험 동화 소재,"생물의 이름, 서식 해역, 분류를 활용한 관찰 질문과 퀴즈",5-7;8-10,해양생물;고목유령갯지렁이;Terebella;ehrenbergi;Terebellidae;>;서해;대한민국;충청남도;태안군;고남면,126.359024,대한민국,고목유령갯지렁이,Terebellidae > Terebella > Terebella ehrenbergi,36.422085,대한민국 충청남도 태안군 고남면,2021-09-09,Terebella ehrenbergi,서해
국립해양생물자원관_해양생물 채집 공간정보,https://www.data.go.kr/data/15151832/openapi.do,2020-06-23,marine_life,Siphogenerina raphanus,Siphogenerinoididae > Siphogenerina > Siphogenerina raphanus,대한민국 제주특별자치도 서귀포시,대한민국; 남해서부; 대한민국 제주특별자치도 서귀포시,33.238739,126.534767,Siphogenerina raphanus은(는) 남해서부에서 관찰·채집된 해양생물 소재로 사용할 수 있다.,해양생물 캐릭터와 바다 탐험 동화 소재,"생물의 이름, 서식 해역, 분류를 활용한 관찰 질문과 퀴즈",5-7;8-10,해양생물;Siphogenerina;raphanus;Siphogenerinoididae;>;남해서부;대한민국;제주특별자치도;서귀포시,126.534767,대한민국,,Siphogenerinoididae > Siphogenerina > Siphogenerina raphanus,33.238739,대한민국 제주특별자치도 서귀포시,2020-06-23,Siphogenerina raphanus,남해서부
국립해양생물자원관_해양생물 채집 공간정보,https://www.data.go.kr/data/15151832/openapi.do,2020-05-18,marine_life,Rhynchospio foliosa,Spionidae > Rhynchospio > Rhynchospio foliosa,대한민국 전라남도 고흥군 영남면,대한민국; 남해서부; 대한민국 전라남도 고흥군 영남면,34.395763,126.275764,Rhynchospio foliosa은(는) 남해서부에서 관찰·채집된 해양생물 소재로 사용할 수 있다.,해양생물 캐릭터와 바다 탐험 동화 소재,"생물의 이름, 서식 해역, 분류를 활용한 관찰 질문과 퀴즈",5-7;8-10,해양생물;Rhynchospio;foliosa;Spionidae;>;남해서부;대한민국;전라남도;고흥군;영남면,126.275764,대한민국,,Spionidae > Rhynchospio > Rhynchospio foliosa,34.395763,대한민국 전라남도 고흥군 영남면,2020-05-18,Rhynchospio foliosa,남해서부
국립해양생물자원관_해양생물 채집 공간정보,https://www.data.go.kr/data/15151832/openapi.do,2003-07-22,marine_life,Cobetia amphilecti,Pseudomonadota > Gammaproteobacteria > Oceanospirillales > Halomonadaceae > Cobetia > Cobetia amphilecti,대한민국 남해,대한민국; 남해서부; 대한민국 남해,34.073608,127.507225,Cobetia amphilecti은(는) 남해서부에서 관찰·채집된 해양생물 소재로 사용할 수 있다.,해양생물 캐릭터와 바다 탐험 동화 소재,"생물의 이름, 서식 해역, 분류를 활용한 관찰 질문과 퀴즈",5-7;8-10,해양생물;Cobetia;amphilecti;Pseudomonadota;>;Gammaproteobacteria;Oceanospirillales;Halomonadaceae;남해서부;대한민국;남해,127.507225,대한민국,,Pseudomonadota > Gammaproteobacteria > Oceanospirillales > Halomonadaceae > Cobetia > Cobetia amphilecti,34.073608,대한민국 남해,2003-07-22,Cobetia amphilecti,남해서부
국립해양생물자원관_해양생물 채집 공간정보,https://www.data.go.kr/data/15151832/openapi.do,2021-04-08,marine_life,새조개,Mollusca > Bivalvia > Cardiida > Cardiidae > Fulvia > Fulvia mutica,대한민국 충청남도 홍성군 서부면,대한민국; 서해; 대한민국 충청남도 홍성군 서부면,36.544811,126.389351,새조개은(는) 서해에서 관찰·채집된 해양생물 소재로 사용할 수 있다.,해양생물 캐릭터와 바다 탐험 동화 소재,"생물의 이름, 서식 해역, 분류를 활용한 관찰 질문과 퀴즈",5-7;8-10,해양생물;새조개;Fulvia;mutica;Mollusca;>;Bivalvia;Cardiida;Cardiidae;서해;대한민국;충청남도,126.389351,대한민국,새조개,Mollusca > Bivalvia > Cardiida > Cardiidae > Fulvia > Fulvia mutica,36.544811,대한민국 충청남도 홍성군 서부면,2021-04-08,Fulvia mutica,서해
국립해양생물자원관_해양생물 채집 공간정보,https://www.data.go.kr/data/15151832/openapi.do,2003-07-20,marine_life,Acinetobacter venetianus,Pseudomonadota > Gammaproteobacteria > Pseudomonadales > Moraxellaceae > Acinetobacter > Acinetobacter venetianus,대한민국 남해,대한민국; 남해서부; 대한민국 남해,34.073608,127.507225,Acinetobacter venetianus은(는) 남해서부에서 관찰·채집된 해양생물 소재로 사용할 수 있다.,해양생물 캐릭터와 바다 탐험 동화 소재,"생물의 이름, 서식 해역, 분류를 활용한 관찰 질문과 퀴즈",5-7;8-10,해양생물;Acinetobacter;venetianus;Pseudomonadota;>;Gammaproteobacteria;Pseudomonadales;Moraxellaceae;남해서부;대한민국;남해,127.507225,대한민국,,Pseudomonadota > Gammaproteobacteria > Pseudomonadales > Moraxellaceae > Acinetobacter > Acinetobacter venetianus,34.073608,대한민국 남해,2003-07-20,Acinetobacter venetianus,남해서부
국립해양생물자원관_해양생물 채집 공간정보,https://www.data.go.kr/data/15151832/openapi.do,2003-07-22,marine_life,Glutamicibacter nicotianae,Micrococcales > Micrococcaceae > Glutamicibacter > Glutamicibacter nicotianae,대한민국 남해,대한민국; 남해서부; 대한민국 남해,34.073608,127.507225,Glutamicibacter nicotianae은(는) 남해서부에서 관찰·채집된 해양생물 소재로 사용할 수 있다.,해양생물 캐릭터와 바다 탐험 동화 소재,"생물의 이름, 서식 해역, 분류를 활용한 관찰 질문과 퀴즈",5-7;8-10,해양생물;Glutamicibacter;nicotianae;Micrococcales;>;Micrococcaceae;남해서부;대한민국;남해,127.507225,대한민국,,Micrococcales > Micrococcaceae > Glutamicibacter > Glutamicibacter nicotianae,34.073608,대한민국 남해,2003-07-22,Glutamicibacter nicotianae,남해서부
국립해양생물자원관_해양생물 채집 공간정보,https://www.data.go.kr/data/15151832/openapi.do,2003-07-22,marine_life,Exiguobacterium mexicanum,Exiguobacterium mexicanum,대한민국 남해,대한민국; 남해서부; 대한민국 남해,34.073608,127.507225,Exiguobacterium mexicanum은(는) 남해서부에서 관찰·채집된 해양생물 소재로 사용할 수 있다.,해양생물 캐릭터와 바다 탐험 동화 소재,"생물의 이름, 서식 해역, 분류를 활용한 관찰 질문과 퀴즈",5-7;8-10,해양생물;Exiguobacterium;mexicanum;남해서부;대한민국;남해,127.507225,대한민국,,Exiguobacterium mexicanum,34.073608,대한민국 남해,2003-07-22,Exiguobacterium mexicanum,남해서부
국립해양생물자원관_해양생물 채집 공간정보,https://www.data.go.kr/data/15151832/openapi.do,2002-07-22,marine_life,Pseudoalteromonas tetraodonis,Pseudomonadota > Gammaproteobacteria > Alteromonadales > Pseudoalteromonadaceae > Pseudoalteromonas > Pseudoalteromonas tetraodonis,대한민국 남해,대한민국; 남해서부; 대한민국 남해,34.073608,127.507225,Pseudoalteromonas tetraodonis은(는) 남해서부에서 관찰·채집된 해양생물 소재로 사용할 수 있다.,해양생물 캐릭터와 바다 탐험 동화 소재,"생물의 이름, 서식 해역, 분류를 활용한 관찰 질문과 퀴즈",5-7;8-10,해양생물;Pseudoalteromonas;tetraodonis;Pseudomonadota;>;Gammaproteobacteria;Alteromonadales;Pseudoalteromonadaceae;남해서부;대한민국;남해,127.507225,대한민국,,Pseudomonadota > Gammaproteobacteria > Alteromonadales > Pseudoalteromonadaceae > Pseudoalteromonas > Pseudoalteromonas tetraodonis,34.073608,대한민국 남해,2002-07-22,Pseudoalteromonas tetraodonis,남해서부
국립해양생물자원관_해양생물 채집 공간정보,https://www.data.go.kr/data/15151832/openapi.do,2011-07-05,marine_life,갈퀴낫노벌레,Copepoda > Calanoida > Centropagidae > Centropages > Centropages furcatus,대한민국 부산광역시,대한민국; 동해남부; 대한민국 부산광역시,35.124405,129.396469,갈퀴낫노벌레은(는) 동해남부에서 관찰·채집된 해양생물 소재로 사용할 수 있다.,해양생물 캐릭터와 바다 탐험 동화 소재,"생물의 이름, 서식 해역, 분류를 활용한 관찰 질문과 퀴즈",5-7;8-10,해양생물;갈퀴낫노벌레;Centropages;furcatus;Copepoda;>;Calanoida;Centropagidae;동해남부;대한민국;부산광역시,129.396469,대한민국,갈퀴낫노벌레,Copepoda > Calanoida > Centropagidae > Centropages > Centropages furcatus,35.124405,대한민국 부산광역시,2011-07-05,Centropages furcatus,동해남부
국립해양생물자원관_해양생물 채집 공간정보,https://www.data.go.kr/data/15151832/openapi.do,2003-06-22,marine_life,Glutamicibacter nicotianae,Micrococcales > Micrococcaceae > Glutamicibacter > Glutamicibacter nicotianae,대한민국 남해,대한민국; 남해서부; 대한민국 남해,34.073608,127.507225,Glutamicibacter nicotianae은(는) 남해서부에서 관찰·채집된 해양생물 소재로 사용할 수 있다.,해양생물 캐릭터와 바다 탐험 동화 소재,"생물의 이름, 서식 해역, 분류를 활용한 관찰 질문과 퀴즈",5-7;8-10,해양생물;Glutamicibacter;nicotianae;Micrococcales;>;Micrococcaceae;남해서부;대한민국;남해,127.507225,대한민국,,Micrococcales > Micrococcaceae > Glutamicibacter > Glutamicibacter nicotianae,34.073608,대한민국 남해,2003-06-22,Glutamicibacter nicotianae,남해서부
국립해양생물자원관_해양생물 채집 공간정보,https://www.data.go.kr/data/15151832/openapi.do,2003-06-20,marine_life,Psychrobacter pulmonis,Psychrobacter pulmonis,대한민국 남해,대한민국; 남해서부; 대한민국 남해,34.073608,127.507225,Psychrobacter pulmonis은(는) 남해서부에서 관찰·채집된 해양생물 소재로 사용할 수 있다.,해양생물 캐릭터와 바다 탐험 동화 소재,"생물의 이름, 서식 해역, 분류를 활용한 관찰 질문과 퀴즈",5-7;8-10,해양생물;Psychrobacter;pulmonis;남해서부;대한민국;남해,127.507225,대한민국,,Psychrobacter pulmonis,34.073608,대한민국 남해,2003-06-20,Psychrobacter pulmonis,남해서부
국립해양생물자원관_해양생물 채집 공간정보,https://www.data.go.kr/data/15151832/openapi.do,2003-07-20,marine_life,Flavobacterium aquimarinum,Flavobacterium aquimarinum,대한민국 남해,대한민국; 남해서부; 대한민국 남해,34.073608,127.507225,Flavobacterium aquimarinum은(는) 남해서부에서 관찰·채집된 해양생물 소재로 사용할 수 있다.,해양생물 캐릭터와 바다 탐험 동화 소재,"생물의 이름, 서식 해역, 분류를 활용한 관찰 질문과 퀴즈",5-7;8-10,해양생물;Flavobacterium;aquimarinum;남해서부;대한민국;남해,127.507225,대한민국,,Flavobacterium aquimarinum,34.073608,대한민국 남해,2003-07-20,Flavobacterium aquimarinum,남해서부
국립해양생물자원관_해양생물 채집 공간정보,https://www.data.go.kr/data/15151832/openapi.do,2003-07-22,marine_life,Prolinoborus fasciculus,Pseudomonadota > Betaproteobacteria > Neisseriales > Neisseriaceae > Prolinoborus > Prolinoborus fasciculus,대한민국 남해,대한민국; 남해서부; 대한민국 남해,34.073608,127.507225,Prolinoborus fasciculus은(는) 남해서부에서 관찰·채집된 해양생물 소재로 사용할 수 있다.,해양생물 캐릭터와 바다 탐험 동화 소재,"생물의 이름, 서식 해역, 분류를 활용한 관찰 질문과 퀴즈",5-7;8-10,해양생물;Prolinoborus;fasciculus;Pseudomonadota;>;Betaproteobacteria;Neisseriales;Neisseriaceae;남해서부;대한민국;남해,127.507225,대한민국,,Pseudomonadota > Betaproteobacteria > Neisseriales > Neisseriaceae > Prolinoborus > Prolinoborus fasciculus,34.073608,대한민국 남해,2003-07-22,Prolinoborus fasciculus,남해서부
국립해양생물자원관_해양생물 채집 공간정보,https://www.data.go.kr/data/15151832/openapi.do,2003-07-20,marine_life,Cobetia marina,Pseudomonadota > Gammaproteobacteria > Oceanospirillales > Halomonadaceae > Cobetia > Cobetia marina,대한민국 남해,대한민국; 남해서부; 대한민국 남해,34.073608,127.507225,Cobetia marina은(는) 남해서부에서 관찰·채집된 해양생물 소재로 사용할 수 있다.,해양생물 캐릭터와 바다 탐험 동화 소재,"생물의 이름, 서식 해역, 분류를 활용한 관찰 질문과 퀴즈",5-7;8-10,해양생물;Cobetia;marina;Pseudomonadota;>;Gammaproteobacteria;Oceanospirillales;Halomonadaceae;남해서부;대한민국;남해,127.507225,대한민국,,Pseudomonadota > Gammaproteobacteria > Oceanospirillales > Halomonadaceae > Cobetia > Cobetia marina,34.073608,대한민국 남해,2003-07-20,Cobetia marina,남해서부
국립해양생물자원관_해양생물 채집 공간정보,https://www.data.go.kr/data/15151832/openapi.do,2003-07-20,marine_life,Planococcus maritimus,Planococcus maritimus,대한민국 남해,대한민국; 남해서부; 대한민국 남해,34.073608,127.507225,Planococcus maritimus은(는) 남해서부에서 관찰·채집된 해양생물 소재로 사용할 수 있다.,해양생물 캐릭터와 바다 탐험 동화 소재,"생물의 이름, 서식 해역, 분류를 활용한 관찰 질문과 퀴즈",5-7;8-10,해양생물;Planococcus;maritimus;남해서부;대한민국;남해,127.507225,대한민국,,Planococcus maritimus,34.073608,대한민국 남해,2003-07-20,Planococcus maritimus,남해서부
국립해양생물자원관_해양생물 채집 공간정보,https://www.data.go.kr/data/15151832/openapi.do,2003-07-20,marine_life,Pseudoalteromonas tetraodonis,Pseudomonadota > Gammaproteobacteria > Alteromonadales > Pseudoalteromonadaceae > Pseudoalteromonas > Pseudoalteromonas tetraodonis,대한민국 남해,대한민국; 남해서부; 대한민국 남해,34.073608,127.507225,Pseudoalteromonas tetraodonis은(는) 남해서부에서 관찰·채집된 해양생물 소재로 사용할 수 있다.,해양생물 캐릭터와 바다 탐험 동화 소재,"생물의 이름, 서식 해역, 분류를 활용한 관찰 질문과 퀴즈",5-7;8-10,해양생물;Pseudoalteromonas;tetraodonis;Pseudomonadota;>;Gammaproteobacteria;Alteromonadales;Pseudoalteromonadaceae;남해서부;대한민국;남해,127.507225,대한민국,,Pseudomonadota > Gammaproteobacteria > Alteromonadales > Pseudoalteromonadaceae > Pseudoalteromonas > Pseudoalteromonas tetraodonis,34.073608,대한민국 남해,2003-07-20,Pseudoalteromonas tetraodonis,남해서부
국립해양생물자원관_해양생물 채집 공간정보,https://www.data.go.kr/data/15151832/openapi.do,2011-08-13,marine_life,큰가위손육질꼬리옆새우붙이,Malacostraca > Amphipoda > Ischyroceridae > Jassa > Jassa marmorata,대한민국 전라남도 완도군 노화읍 방서리,대한민국; 남해서부; 대한민국 전라남도 완도군 노화읍 방서리,34.182068,126.495010,큰가위손육질꼬리옆새우붙이은(는) 남해서부에서 관찰·채집된 해양생물 소재로 사용할 수 있다.,해양생물 캐릭터와 바다 탐험 동화 소재,"생물의 이름, 서식 해역, 분류를 활용한 관찰 질문과 퀴즈",5-7;8-10,해양생물;큰가위손육질꼬리옆새우붙이;Jassa;marmorata;Malacostraca;>;Amphipoda;Ischyroceridae;남해서부;대한민국;전라남도;완도군,126.495010,대한민국,큰가위손육질꼬리옆새우붙이,Malacostraca > Amphipoda > Ischyroceridae > Jassa > Jassa marmorata,34.182068,대한민국 전라남도 완도군 노화읍 방서리,2011-08-13,Jassa marmorata,남해서부
국립해양생물자원관_해양생물 채집 공간정보,https://www.data.go.kr/data/15151832/openapi.do,2003-07-22,marine_life,Cobetia marina,Pseudomonadota > Gammaproteobacteria > Oceanospirillales > Halomonadaceae > Cobetia > Cobetia marina,대한민국 남해,대한민국; 남해서부; 대한민국 남해,34.073608,127.507225,Cobetia marina은(는) 남해서부에서 관찰·채집된 해양생물 소재로 사용할 수 있다.,해양생물 캐릭터와 바다 탐험 동화 소재,"생물의 이름, 서식 해역, 분류를 활용한 관찰 질문과 퀴즈",5-7;8-10,해양생물;Cobetia;marina;Pseudomonadota;>;Gammaproteobacteria;Oceanospirillales;Halomonadaceae;남해서부;대한민국;남해,127.507225,대한민국,,Pseudomonadota > Gammaproteobacteria > Oceanospirillales > Halomonadaceae > Cobetia > Cobetia marina,34.073608,대한민국 남해,2003-07-22,Cobetia marina,남해서부
국립해양생물자원관_해양생물 채집 공간정보,https://www.data.go.kr/data/15151832/openapi.do,2003-07-22,marine_life,Sulfitobacter dubius,Sulfitobacter dubius,대한민국 남해,대한민국; 남해서부; 대한민국 남해,34.073608,127.507225,Sulfitobacter dubius은(는) 남해서부에서 관찰·채집된 해양생물 소재로 사용할 수 있다.,해양생물 캐릭터와 바다 탐험 동화 소재,"생물의 이름, 서식 해역, 분류를 활용한 관찰 질문과 퀴즈",5-7;8-10,해양생물;Sulfitobacter;dubius;남해서부;대한민국;남해,127.507225,대한민국,,Sulfitobacter dubius,34.073608,대한민국 남해,2003-07-22,Sulfitobacter dubius,남해서부
국립해양생물자원관_해양생물 채집 공간정보,https://www.data.go.kr/data/15151832/openapi.do,2020-11-12,marine_life,배무래기,Not assigned > Lottiidae > Nipponacmea > Nipponacmea schrenckii,대한민국 전라남도 고흥군 동일면,대한민국; 남해서부; 대한민국 전라남도 고흥군 동일면,34.509735,127.470055,배무래기은(는) 남해서부에서 관찰·채집된 해양생물 소재로 사용할 수 있다.,해양생물 캐릭터와 바다 탐험 동화 소재,"생물의 이름, 서식 해역, 분류를 활용한 관찰 질문과 퀴즈",5-7;8-10,해양생물;배무래기;Nipponacmea;schrenckii;Not;assigned;>;Lottiidae;남해서부;대한민국;전라남도;고흥군,127.470055,대한민국,배무래기,Not assigned > Lottiidae > Nipponacmea > Nipponacmea schrenckii,34.509735,대한민국 전라남도 고흥군 동일면,2020-11-12,Nipponacmea schrenckii,남해서부
국립해양생물자원관_해양생물 채집 공간정보,https://www.data.go.kr/data/15151832/openapi.do,2020-11-11,marine_life,주름방사륵조개,Mollusca > Bivalvia > Carditida > Carditidae > Cardita > Cardita leana,대한민국 제주특별자치도 서귀포시,대한민국; 남해서부; 대한민국 제주특별자치도 서귀포시,33.225513,126.568672,주름방사륵조개은(는) 남해서부에서 관찰·채집된 해양생물 소재로 사용할 수 있다.,해양생물 캐릭터와 바다 탐험 동화 소재,"생물의 이름, 서식 해역, 분류를 활용한 관찰 질문과 퀴즈",5-7;8-10,해양생물;주름방사륵조개;Cardita;leana;Mollusca;>;Bivalvia;Carditida;Carditidae;남해서부;대한민국;제주특별자치도,126.568672,대한민국,주름방사륵조개,Mollusca > Bivalvia > Carditida > Carditidae > Cardita > Cardita leana,33.225513,대한민국 제주특별자치도 서귀포시,2020-11-11,Cardita leana,남해서부
국립해양생물자원관_해양생물 채집 공간정보,https://www.data.go.kr/data/15151832/openapi.do,2020-11-12,marine_life,세모손해조숨이옆새우,Protohyale > Boreohyale > Protohyale (Boreohyale) triangulata,대한민국 전라남도 고흥군 동일면,대한민국; 남해서부; 대한민국 전라남도 고흥군 동일면,34.525768,127.459503,세모손해조숨이옆새우은(는) 남해서부에서 관찰·채집된 해양생물 소재로 사용할 수 있다.,해양생물 캐릭터와 바다 탐험 동화 소재,"생물의 이름, 서식 해역, 분류를 활용한 관찰 질문과 퀴즈",5-7;8-10,해양생물;세모손해조숨이옆새우;Protohyale;(Boreohyale);triangulata;>;Boreohyale;남해서부;대한민국;전라남도;고흥군;동일면,127.459503,대한민국,세모손해조숨이옆새우,Protohyale > Boreohyale > Protohyale (Boreohyale) triangulata,34.525768,대한민국 전라남도 고흥군 동일면,2020-11-12,Protohyale (Boreohyale) triangulata,남해서부
국립해양생물자원관_해양생물 채집 공간정보,https://www.data.go.kr/data/15151832/openapi.do,2003-07-22,marine_life,Cobetia amphilecti,Pseudomonadota > Gammaproteobacteria > Oceanospirillales > Halomonadaceae > Cobetia > Cobetia amphilecti,대한민국 남해,대한민국; 남해서부; 대한민국 남해,34.073608,127.507225,Cobetia amphilecti은(는) 남해서부에서 관찰·채집된 해양생물 소재로 사용할 수 있다.,해양생물 캐릭터와 바다 탐험 동화 소재,"생물의 이름, 서식 해역, 분류를 활용한 관찰 질문과 퀴즈",5-7;8-10,해양생물;Cobetia;amphilecti;Pseudomonadota;>;Gammaproteobacteria;Oceanospirillales;Halomonadaceae;남해서부;대한민국;남해,127.507225,대한민국,,Pseudomonadota > Gammaproteobacteria > Oceanospirillales > Halomonadaceae > Cobetia > Cobetia amphilecti,34.073608,대한민국 남해,2003-07-22,Cobetia amphilecti,남해서부
국립해양생물자원관_해양생물 채집 공간정보,https://www.data.go.kr/data/15151832/openapi.do,2017-06-15,marine_life,민부풀음벌집소모충,Tintinnida > Ptychocylididae > Favella > Favella ehrenbergii,대한민국 강원도 강릉시 강릉항,대한민국; 동해중부; 대한민국 강원도 강릉시 강릉항,37.772167,128.951157,민부풀음벌집소모충은(는) 동해중부에서 관찰·채집된 해양생물 소재로 사용할 수 있다.,해양생물 캐릭터와 바다 탐험 동화 소재,"생물의 이름, 서식 해역, 분류를 활용한 관찰 질문과 퀴즈",5-7;8-10,해양생물;민부풀음벌집소모충;Favella;ehrenbergii;Tintinnida;>;Ptychocylididae;동해중부;대한민국;강원도;강릉시;강릉항,128.951157,대한민국,민부풀음벌집소모충,Tintinnida > Ptychocylididae > Favella > Favella ehrenbergii,37.772167,대한민국 강원도 강릉시 강릉항,2017-06-15,Favella ehrenbergii,동해중부
국립해양생물자원관_해양생물 채집 공간정보,https://www.data.go.kr/data/15151832/openapi.do,2021-05-12,marine_life,갯가꼬마새우,Thoridae > Eualus > Eualus sinensis,대한민국 충청남도 보령시 대천항,대한민국; 서해; 대한민국 충청남도 보령시 대천항,36.327717,126.503761,갯가꼬마새우은(는) 서해에서 관찰·채집된 해양생물 소재로 사용할 수 있다.,해양생물 캐릭터와 바다 탐험 동화 소재,"생물의 이름, 서식 해역, 분류를 활용한 관찰 질문과 퀴즈",5-7;8-10,해양생물;갯가꼬마새우;Eualus;sinensis;Thoridae;>;서해;대한민국;충청남도;보령시;대천항,126.503761,대한민국,갯가꼬마새우,Thoridae > Eualus > Eualus sinensis,36.327717,대한민국 충청남도 보령시 대천항,2021-05-12,Eualus sinensis,서해
국립해양생물자원관_해양생물 채집 공간정보,https://www.data.go.kr/data/15151832/openapi.do,2021-03-17,marine_life,줄새우아재비,Pleocyemata > Caridea > Palaemonoidea > Palaemonidae > Palaemon > Palaemon serrifer,대한민국 전라남도 무안군 청계면 복길항,대한민국; 서해; 대한민국 전라남도 무안군 청계면 복길항,34.894257,126.391396,줄새우아재비은(는) 서해에서 관찰·채집된 해양생물 소재로 사용할 수 있다.,해양생물 캐릭터와 바다 탐험 동화 소재,"생물의 이름, 서식 해역, 분류를 활용한 관찰 질문과 퀴즈",5-7;8-10,해양생물;줄새우아재비;Palaemon;serrifer;Pleocyemata;>;Caridea;Palaemonoidea;Palaemonidae;서해;대한민국;전라남도,126.391396,대한민국,줄새우아재비,Pleocyemata > Caridea > Palaemonoidea > Palaemonidae > Palaemon > Palaemon serrifer,34.894257,대한민국 전라남도 무안군 청계면 복길항,2021-03-17,Palaemon serrifer,서해
국립해양생물자원관_해양생물 채집 공간정보,https://www.data.go.kr/data/15151832/openapi.do,2003-07-20,marine_life,Cobetia marina,Pseudomonadota > Gammaproteobacteria > Oceanospirillales > Halomonadaceae > Cobetia > Cobetia marina,대한민국 남해,대한민국; 남해서부; 대한민국 남해,34.073608,127.507225,Cobetia marina은(는) 남해서부에서 관찰·채집된 해양생물 소재로 사용할 수 있다.,해양생물 캐릭터와 바다 탐험 동화 소재,"생물의 이름, 서식 해역, 분류를 활용한 관찰 질문과 퀴즈",5-7;8-10,해양생물;Cobetia;marina;Pseudomonadota;>;Gammaproteobacteria;Oceanospirillales;Halomonadaceae;남해서부;대한민국;남해,127.507225,대한민국,,Pseudomonadota > Gammaproteobacteria > Oceanospirillales > Halomonadaceae > Cobetia > Cobetia marina,34.073608,대한민국 남해,2003-07-20,Cobetia marina,남해서부
국립해양생물자원관_해양생물 채집 공간정보,https://www.data.go.kr/data/15151832/openapi.do,2021-04-13,marine_life,Nitzschia longissima,Protista > Bacillariophyta > Bacillariophyceae > Bacillariales > Bacillariaceae > Nitzschia > Nitzschia longissima,대한민국 충청남도 보령시 웅천읍,대한민국; 서해; 대한민국 충청남도 보령시 웅천읍,36.221111,126.527000,Nitzschia longissima은(는) 서해에서 관찰·채집된 해양생물 소재로 사용할 수 있다.,해양생물 캐릭터와 바다 탐험 동화 소재,"생물의 이름, 서식 해역, 분류를 활용한 관찰 질문과 퀴즈",5-7;8-10,해양생물;Nitzschia;longissima;Protista;>;Bacillariophyta;Bacillariophyceae;Bacillariales;Bacillariaceae;서해;대한민국;충청남도,126.527000,대한민국,,Protista > Bacillariophyta > Bacillariophyceae > Bacillariales > Bacillariaceae > Nitzschia > Nitzschia longissima,36.221111,대한민국 충청남도 보령시 웅천읍,2021-04-13,Nitzschia longissima,서해
국립해양생물자원관_해양생물 채집 공간정보,https://www.data.go.kr/data/15151832/openapi.do,2003-07-22,marine_life,Pseudalkalibacillus hwajinpoensis,Pseudalkalibacillus hwajinpoensis,대한민국 남해,대한민국; 남해서부; 대한민국 남해,34.073608,127.507225,Pseudalkalibacillus hwajinpoensis은(는) 남해서부에서 관찰·채집된 해양생물 소재로 사용할 수 있다.,해양생물 캐릭터와 바다 탐험 동화 소재,"생물의 이름, 서식 해역, 분류를 활용한 관찰 질문과 퀴즈",5-7;8-10,해양생물;Pseudalkalibacillus;hwajinpoensis;남해서부;대한민국;남해,127.507225,대한민국,,Pseudalkalibacillus hwajinpoensis,34.073608,대한민국 남해,2003-07-22,Pseudalkalibacillus hwajinpoensis,남해서부
국립해양생물자원관_해양생물 채집 공간정보,https://www.data.go.kr/data/15151832/openapi.do,2012-06-04,marine_life,큰가위손육질꼬리옆새우붙이,Malacostraca > Amphipoda > Ischyroceridae > Jassa > Jassa marmorata,대한민국 전라남도 신안군 자은면 고장리,대한민국; 서해; 대한민국 전라남도 신안군 자은면 고장리,34.911568,126.041954,큰가위손육질꼬리옆새우붙이은(는) 서해에서 관찰·채집된 해양생물 소재로 사용할 수 있다.,해양생물 캐릭터와 바다 탐험 동화 소재,"생물의 이름, 서식 해역, 분류를 활용한 관찰 질문과 퀴즈",5-7;8-10,해양생물;큰가위손육질꼬리옆새우붙이;Jassa;marmorata;Malacostraca;>;Amphipoda;Ischyroceridae;서해;대한민국;전라남도;신안군,126.041954,대한민국,큰가위손육질꼬리옆새우붙이,Malacostraca > Amphipoda > Ischyroceridae > Jassa > Jassa marmorata,34.911568,대한민국 전라남도 신안군 자은면 고장리,2012-06-04,Jassa marmorata,서해
국립해양생물자원관_해양생물 채집 공간정보,https://www.data.go.kr/data/15151832/openapi.do,2007-11-16,marine_life,띠대나무갯지렁이,Polychaeta > Not assigned > Maldanidae > Clymenella > Clymenella koellikeri,대한민국 경상남도 거제시 일운면,대한민국; 남해동부; 대한민국 경상남도 거제시 일운면,34.808563,128.706879,띠대나무갯지렁이은(는) 남해동부에서 관찰·채집된 해양생물 소재로 사용할 수 있다.,해양생물 캐릭터와 바다 탐험 동화 소재,"생물의 이름, 서식 해역, 분류를 활용한 관찰 질문과 퀴즈",5-7;8-10,해양생물;띠대나무갯지렁이;Clymenella;koellikeri;Polychaeta;>;Not;assigned;Maldanidae;남해동부;대한민국;경상남도,128.706879,대한민국,띠대나무갯지렁이,Polychaeta > Not assigned > Maldanidae > Clymenella > Clymenella koellikeri,34.808563,대한민국 경상남도 거제시 일운면,2007-11-16,Clymenella koellikeri,남해동부
국립해양생물자원관_해양생물 채집 공간정보,https://www.data.go.kr/data/15151832/openapi.do,2021-03-02,marine_life,떡조개,Veneridae > Dosinia > Dosinia japonica,대한민국 충청남도 보령시 웅천읍 독산해수욕장,대한민국; 서해; 대한민국 충청남도 보령시 웅천읍 독산해수욕장,36.221111,126.527000,떡조개은(는) 서해에서 관찰·채집된 해양생물 소재로 사용할 수 있다.,해양생물 캐릭터와 바다 탐험 동화 소재,"생물의 이름, 서식 해역, 분류를 활용한 관찰 질문과 퀴즈",5-7;8-10,해양생물;떡조개;Dosinia;japonica;Veneridae;>;서해;대한민국;충청남도;보령시;웅천읍;독산해수욕장,126.527000,대한민국,떡조개,Veneridae > Dosinia > Dosinia japonica,36.221111,대한민국 충청남도 보령시 웅천읍 독산해수욕장,2021-03-02,Dosinia japonica,서해
국립해양생물자원관_해양생물 채집 공간정보,https://www.data.go.kr/data/15151832/openapi.do,2003-07-22,marine_life,Glutamicibacter nicotianae,Micrococcales > Micrococcaceae > Glutamicibacter > Glutamicibacter nicotianae,대한민국 남해,대한민국; 남해서부; 대한민국 남해,34.073608,127.507225,Glutamicibacter nicotianae은(는) 남해서부에서 관찰·채집된 해양생물 소재로 사용할 수 있다.,해양생물 캐릭터와 바다 탐험 동화 소재,"생물의 이름, 서식 해역, 분류를 활용한 관찰 질문과 퀴즈",5-7;8-10,해양생물;Glutamicibacter;nicotianae;Micrococcales;>;Micrococcaceae;남해서부;대한민국;남해,127.507225,대한민국,,Micrococcales > Micrococcaceae > Glutamicibacter > Glutamicibacter nicotianae,34.073608,대한민국 남해,2003-07-22,Glutamicibacter nicotianae,남해서부
국립해양생물자원관_해양생물 채집 공간정보,https://www.data.go.kr/data/15151832/openapi.do,2003-07-22,marine_life,Corynebacterium callunae,Mycobacteriales > Corynebacteriaceae > Corynebacterium > Corynebacterium callunae,대한민국 남해,대한민국; 남해서부; 대한민국 남해,34.073608,127.507225,Corynebacterium callunae은(는) 남해서부에서 관찰·채집된 해양생물 소재로 사용할 수 있다.,해양생물 캐릭터와 바다 탐험 동화 소재,"생물의 이름, 서식 해역, 분류를 활용한 관찰 질문과 퀴즈",5-7;8-10,해양생물;Corynebacterium;callunae;Mycobacteriales;>;Corynebacteriaceae;남해서부;대한민국;남해,127.507225,대한민국,,Mycobacteriales > Corynebacteriaceae > Corynebacterium > Corynebacterium callunae,34.073608,대한민국 남해,2003-07-22,Corynebacterium callunae,남해서부
국립해양생물자원관_해양생물 채집 공간정보,https://www.data.go.kr/data/15151832/openapi.do,2013-02-01,marine_life,별난멜리타옆새우,Melitidae > Abludomelita > Abludomelita japonica,대한민국 경상북도,대한민국; 동해남부; 대한민국 경상북도,36.206585,129.397644,별난멜리타옆새우은(는) 동해남부에서 관찰·채집된 해양생물 소재로 사용할 수 있다.,해양생물 캐릭터와 바다 탐험 동화 소재,"생물의 이름, 서식 해역, 분류를 활용한 관찰 질문과 퀴즈",5-7;8-10,해양생물;별난멜리타옆새우;Abludomelita;japonica;Melitidae;>;동해남부;대한민국;경상북도,129.397644,대한민국,별난멜리타옆새우,Melitidae > Abludomelita > Abludomelita japonica,36.206585,대한민국 경상북도,2013-02-01,Abludomelita japonica,동해남부
국립해양생물자원관_해양생물 채집 공간정보,https://www.data.go.kr/data/15151832/openapi.do,2014-05-01,marine_life,Vargula hilgendorfii,Vargula hilgendorfii,대한민국 경상북도 울릉군,대한민국; 동해중부; 대한민국 경상북도 울릉군,37.455891,130.861374,Vargula hilgendorfii은(는) 동해중부에서 관찰·채집된 해양생물 소재로 사용할 수 있다.,해양생물 캐릭터와 바다 탐험 동화 소재,"생물의 이름, 서식 해역, 분류를 활용한 관찰 질문과 퀴즈",5-7;8-10,해양생물;Vargula;hilgendorfii;동해중부;대한민국;경상북도;울릉군,130.861374,대한민국,,Vargula hilgendorfii,37.455891,대한민국 경상북도 울릉군,2014-05-01,Vargula hilgendorfii,동해중부
국립해양생물자원관_해양생물 채집 공간정보,https://www.data.go.kr/data/15151832/openapi.do,2003-07-22,marine_life,Cobetia marina,Pseudomonadota > Gammaproteobacteria > Oceanospirillales > Halomonadaceae > Cobetia > Cobetia marina,대한민국 남해,대한민국; 남해서부; 대한민국 남해,34.073608,127.507225,Cobetia marina은(는) 남해서부에서 관찰·채집된 해양생물 소재로 사용할 수 있다.,해양생물 캐릭터와 바다 탐험 동화 소재,"생물의 이름, 서식 해역, 분류를 활용한 관찰 질문과 퀴즈",5-7;8-10,해양생물;Cobetia;marina;Pseudomonadota;>;Gammaproteobacteria;Oceanospirillales;Halomonadaceae;남해서부;대한민국;남해,127.507225,대한민국,,Pseudomonadota > Gammaproteobacteria > Oceanospirillales > Halomonadaceae > Cobetia > Cobetia marina,34.073608,대한민국 남해,2003-07-22,Cobetia marina,남해서부
국립해양생물자원관_해양생물 채집 공간정보,https://www.data.go.kr/data/15151832/openapi.do,2003-07-22,marine_life,Cobetia amphilecti,Pseudomonadota > Gammaproteobacteria > Oceanospirillales > Halomonadaceae > Cobetia > Cobetia amphilecti,대한민국 남해,대한민국; 남해서부; 대한민국 남해,34.073608,127.507225,Cobetia amphilecti은(는) 남해서부에서 관찰·채집된 해양생물 소재로 사용할 수 있다.,해양생물 캐릭터와 바다 탐험 동화 소재,"생물의 이름, 서식 해역, 분류를 활용한 관찰 질문과 퀴즈",5-7;8-10,해양생물;Cobetia;amphilecti;Pseudomonadota;>;Gammaproteobacteria;Oceanospirillales;Halomonadaceae;남해서부;대한민국;남해,127.507225,대한민국,,Pseudomonadota > Gammaproteobacteria > Oceanospirillales > Halomonadaceae > Cobetia > Cobetia amphilecti,34.073608,대한민국 남해,2003-07-22,Cobetia amphilecti,남해서부
국립해양생물자원관_해양생물 채집 공간정보,https://www.data.go.kr/data/15151832/openapi.do,2014-01-07,marine_life,염주말,Ulvophyceae > Cladophorales > Cladophoraceae > Chaetomorpha > Chaetomorpha moniligera,대한민국 경상북도 울진군 죽변면,대한민국; 동해중부; 대한민국 경상북도 울진군 죽변면,37.061077,129.427872,염주말은(는) 동해중부에서 관찰·채집된 해양생물 소재로 사용할 수 있다.,해양생물 캐릭터와 바다 탐험 동화 소재,"생물의 이름, 서식 해역, 분류를 활용한 관찰 질문과 퀴즈",5-7;8-10,해양생물;염주말;Chaetomorpha;moniligera;Ulvophyceae;>;Cladophorales;Cladophoraceae;동해중부;대한민국;경상북도;울진군,129.427872,대한민국,염주말,Ulvophyceae > Cladophorales > Cladophoraceae > Chaetomorpha > Chaetomorpha moniligera,37.061077,대한민국 경상북도 울진군 죽변면,2014-01-07,Chaetomorpha moniligera,동해중부
국립해양생물자원관_해양생물 채집 공간정보,https://www.data.go.kr/data/15151832/openapi.do,2013-07-19,marine_life,미끈뼈대그물말,Phaeophyceae > Dictyotales > Dictyotaceae > Dictyopteris > Dictyopteris divaricata,대한민국 충청남도 태안군 안면읍,대한민국; 서해; 대한민국 충청남도 태안군 안면읍,36.509140,126.332359,미끈뼈대그물말은(는) 서해에서 관찰·채집된 해양생물 소재로 사용할 수 있다.,해양생물 캐릭터와 바다 탐험 동화 소재,"생물의 이름, 서식 해역, 분류를 활용한 관찰 질문과 퀴즈",5-7;8-10,해양생물;미끈뼈대그물말;Dictyopteris;divaricata;Phaeophyceae;>;Dictyotales;Dictyotaceae;서해;대한민국;충청남도;태안군,126.332359,대한민국,미끈뼈대그물말,Phaeophyceae > Dictyotales > Dictyotaceae > Dictyopteris > Dictyopteris divaricata,36.509140,대한민국 충청남도 태안군 안면읍,2013-07-19,Dictyopteris divaricata,서해
국립해양생물자원관_해양생물 채집 공간정보,https://www.data.go.kr/data/15151832/openapi.do,2013-02-01,marine_life,미하라안경옆새우,Malacostraca > Amphipoda > Ampeliscidae > Ampelisca > Ampelisca miharaensis,대한민국 경상북도,대한민국; 동해남부; 대한민국 경상북도,36.206585,129.397644,미하라안경옆새우은(는) 동해남부에서 관찰·채집된 해양생물 소재로 사용할 수 있다.,해양생물 캐릭터와 바다 탐험 동화 소재,"생물의 이름, 서식 해역, 분류를 활용한 관찰 질문과 퀴즈",5-7;8-10,해양생물;미하라안경옆새우;Ampelisca;miharaensis;Malacostraca;>;Amphipoda;Ampeliscidae;동해남부;대한민국;경상북도,129.397644,대한민국,미하라안경옆새우,Malacostraca > Amphipoda > Ampeliscidae > Ampelisca > Ampelisca miharaensis,36.206585,대한민국 경상북도,2013-02-01,Ampelisca miharaensis,동해남부
국립해양생물자원관_해양생물 채집 공간정보,https://www.data.go.kr/data/15151832/openapi.do,2014-09-15,marine_life,오뚜기갯지렁이,Terebellida > Sternaspidae > Sternaspis > Sternaspis scutata,대한민국 충청남도 서천군 장항읍,대한민국; 서해; 대한민국 충청남도 서천군 장항읍,36.019394,126.664146,오뚜기갯지렁이은(는) 서해에서 관찰·채집된 해양생물 소재로 사용할 수 있다.,해양생물 캐릭터와 바다 탐험 동화 소재,"생물의 이름, 서식 해역, 분류를 활용한 관찰 질문과 퀴즈",5-7;8-10,해양생물;오뚜기갯지렁이;Sternaspis;scutata;Terebellida;>;Sternaspidae;서해;대한민국;충청남도;서천군;장항읍,126.664146,대한민국,오뚜기갯지렁이,Terebellida > Sternaspidae > Sternaspis > Sternaspis scutata,36.019394,대한민국 충청남도 서천군 장항읍,2014-09-15,Sternaspis scutata,서해
국립해양생물자원관_해양생물 채집 공간정보,https://www.data.go.kr/data/15151832/openapi.do,2010-09-12,marine_life,황금뿔사슴갯지렁이,Terebellida > Ampharetidae > Melinna > Melinna elisabethae,대한민국 제주특별자치도 제주시 한경면,대한민국; 남해서부; 대한민국 제주특별자치도 제주시 한경면,33.334999,126.150558,황금뿔사슴갯지렁이은(는) 남해서부에서 관찰·채집된 해양생물 소재로 사용할 수 있다.,해양생물 캐릭터와 바다 탐험 동화 소재,"생물의 이름, 서식 해역, 분류를 활용한 관찰 질문과 퀴즈",5-7;8-10,해양생물;황금뿔사슴갯지렁이;Melinna;elisabethae;Terebellida;>;Ampharetidae;남해서부;대한민국;제주특별자치도;제주시;한경면,126.150558,대한민국,황금뿔사슴갯지렁이,Terebellida > Ampharetidae > Melinna > Melinna elisabethae,33.334999,대한민국 제주특별자치도 제주시 한경면,2010-09-12,Melinna elisabethae,남해서부
국립해양생물자원관_해양생물 채집 공간정보,https://www.data.go.kr/data/15151832/openapi.do,2013-04-13,marine_life,가시파래,Ulvophyceae > Ulvales > Ulvaceae > Ulva > Ulva prolifera,대한민국 부산광역시 강서구,대한민국; 남해동부; 대한민국 부산광역시 강서구,35.083279,128.839005,가시파래은(는) 남해동부에서 관찰·채집된 해양생물 소재로 사용할 수 있다.,해양생물 캐릭터와 바다 탐험 동화 소재,"생물의 이름, 서식 해역, 분류를 활용한 관찰 질문과 퀴즈",5-7;8-10,해양생물;가시파래;Ulva;prolifera;Ulvophyceae;>;Ulvales;Ulvaceae;남해동부;대한민국;부산광역시;강서구,128.839005,대한민국,가시파래,Ulvophyceae > Ulvales > Ulvaceae > Ulva > Ulva prolifera,35.083279,대한민국 부산광역시 강서구,2013-04-13,Ulva prolifera,남해동부
국립해양생물자원관_해양생물 채집 공간정보,https://www.data.go.kr/data/15151832/openapi.do,2003-07-20,marine_life,Cobetia marina,Pseudomonadota > Gammaproteobacteria > Oceanospirillales > Halomonadaceae > Cobetia > Cobetia marina,대한민국 남해,대한민국; 남해서부; 대한민국 남해,34.073608,127.507225,Cobetia marina은(는) 남해서부에서 관찰·채집된 해양생물 소재로 사용할 수 있다.,해양생물 캐릭터와 바다 탐험 동화 소재,"생물의 이름, 서식 해역, 분류를 활용한 관찰 질문과 퀴즈",5-7;8-10,해양생물;Cobetia;marina;Pseudomonadota;>;Gammaproteobacteria;Oceanospirillales;Halomonadaceae;남해서부;대한민국;남해,127.507225,대한민국,,Pseudomonadota > Gammaproteobacteria > Oceanospirillales > Halomonadaceae > Cobetia > Cobetia marina,34.073608,대한민국 남해,2003-07-20,Cobetia marina,남해서부
국립해양생물자원관_해양생물 채집 공간정보,https://www.data.go.kr/data/15151832/openapi.do,2017-05-30,marine_life,떡청각,Ulvophyceae > Bryopsidales > Codiaceae > Codium > Codium arabicum,대한민국 강원도 고성군 거진읍,대한민국; 동해중부; 대한민국 강원도 고성군 거진읍,38.443287,128.459564,떡청각은(는) 동해중부에서 관찰·채집된 해양생물 소재로 사용할 수 있다.,해양생물 캐릭터와 바다 탐험 동화 소재,"생물의 이름, 서식 해역, 분류를 활용한 관찰 질문과 퀴즈",5-7;8-10,해양생물;떡청각;Codium;arabicum;Ulvophyceae;>;Bryopsidales;Codiaceae;동해중부;대한민국;강원도;고성군,128.459564,대한민국,떡청각,Ulvophyceae > Bryopsidales > Codiaceae > Codium > Codium arabicum,38.443287,대한민국 강원도 고성군 거진읍,2017-05-30,Codium arabicum,동해중부
국립해양생물자원관_해양생물 채집 공간정보,https://www.data.go.kr/data/15151832/openapi.do,2016-07-14,marine_life,붉은뼈까막살,Rhodophyta > Florideophyceae > Halymeniales > Halymeniaceae > Grateloupia > Grateloupia angusta,대한민국 제주특별자치도 서귀포시 대정읍,대한민국; 남해서부; 대한민국 제주특별자치도 서귀포시 대정읍,33.174187,126.292229,붉은뼈까막살은(는) 남해서부에서 관찰·채집된 해양생물 소재로 사용할 수 있다.,해양생물 캐릭터와 바다 탐험 동화 소재,"생물의 이름, 서식 해역, 분류를 활용한 관찰 질문과 퀴즈",5-7;8-10,해양생물;붉은뼈까막살;Grateloupia;angusta;Rhodophyta;>;Florideophyceae;Halymeniales;Halymeniaceae;남해서부;대한민국;제주특별자치도,126.292229,대한민국,붉은뼈까막살,Rhodophyta > Florideophyceae > Halymeniales > Halymeniaceae > Grateloupia > Grateloupia angusta,33.174187,대한민국 제주특별자치도 서귀포시 대정읍,2016-07-14,Grateloupia angusta,남해서부
국립해양생물자원관_해양생물 채집 공간정보,https://www.data.go.kr/data/15151832/openapi.do,2003-07-22,marine_life,Cobetia amphilecti,Pseudomonadota > Gammaproteobacteria > Oceanospirillales > Halomonadaceae > Cobetia > Cobetia amphilecti,대한민국 남해,대한민국; 남해서부; 대한민국 남해,34.073608,127.507225,Cobetia amphilecti은(는) 남해서부에서 관찰·채집된 해양생물 소재로 사용할 수 있다.,해양생물 캐릭터와 바다 탐험 동화 소재,"생물의 이름, 서식 해역, 분류를 활용한 관찰 질문과 퀴즈",5-7;8-10,해양생물;Cobetia;amphilecti;Pseudomonadota;>;Gammaproteobacteria;Oceanospirillales;Halomonadaceae;남해서부;대한민국;남해,127.507225,대한민국,,Pseudomonadota > Gammaproteobacteria > Oceanospirillales > Halomonadaceae > Cobetia > Cobetia amphilecti,34.073608,대한민국 남해,2003-07-22,Cobetia amphilecti,남해서부
국립해양생물자원관_해양생물 채집 공간정보,https://www.data.go.kr/data/15151832/openapi.do,2003-07-22,marine_life,Pseudoalteromonas tetraodonis,Pseudomonadota > Gammaproteobacteria > Alteromonadales > Pseudoalteromonadaceae > Pseudoalteromonas > Pseudoalteromonas tetraodonis,대한민국 남해,대한민국; 남해서부; 대한민국 남해,34.073608,127.507225,Pseudoalteromonas tetraodonis은(는) 남해서부에서 관찰·채집된 해양생물 소재로 사용할 수 있다.,해양생물 캐릭터와 바다 탐험 동화 소재,"생물의 이름, 서식 해역, 분류를 활용한 관찰 질문과 퀴즈",5-7;8-10,해양생물;Pseudoalteromonas;tetraodonis;Pseudomonadota;>;Gammaproteobacteria;Alteromonadales;Pseudoalteromonadaceae;남해서부;대한민국;남해,127.507225,대한민국,,Pseudomonadota > Gammaproteobacteria > Alteromonadales > Pseudoalteromonadaceae > Pseudoalteromonas > Pseudoalteromonas tetraodonis,34.073608,대한민국 남해,2003-07-22,Pseudoalteromonas tetraodonis,남해서부
국립해양생물자원관_해양생물 채집 공간정보,https://www.data.go.kr/data/15151832/openapi.do,2003-07-22,marine_life,Vibrio tasmaniensis,Vibrionales > Vibrionaceae > Vibrio > Vibrio tasmaniensis,대한민국 남해,대한민국; 남해서부; 대한민국 남해,34.073608,127.507225,Vibrio tasmaniensis은(는) 남해서부에서 관찰·채집된 해양생물 소재로 사용할 수 있다.,해양생물 캐릭터와 바다 탐험 동화 소재,"생물의 이름, 서식 해역, 분류를 활용한 관찰 질문과 퀴즈",5-7;8-10,해양생물;Vibrio;tasmaniensis;Vibrionales;>;Vibrionaceae;남해서부;대한민국;남해,127.507225,대한민국,,Vibrionales > Vibrionaceae > Vibrio > Vibrio tasmaniensis,34.073608,대한민국 남해,2003-07-22,Vibrio tasmaniensis,남해서부
국립해양생물자원관_해양생물 채집 공간정보,https://www.data.go.kr/data/15151832/openapi.do,2003-07-22,marine_life,Glutamicibacter nicotianae,Micrococcales > Micrococcaceae > Glutamicibacter > Glutamicibacter nicotianae,대한민국 남해,대한민국; 남해서부; 대한민국 남해,34.073608,127.507225,Glutamicibacter nicotianae은(는) 남해서부에서 관찰·채집된 해양생물 소재로 사용할 수 있다.,해양생물 캐릭터와 바다 탐험 동화 소재,"생물의 이름, 서식 해역, 분류를 활용한 관찰 질문과 퀴즈",5-7;8-10,해양생물;Glutamicibacter;nicotianae;Micrococcales;>;Micrococcaceae;남해서부;대한민국;남해,127.507225,대한민국,,Micrococcales > Micrococcaceae > Glutamicibacter > Glutamicibacter nicotianae,34.073608,대한민국 남해,2003-07-22,Glutamicibacter nicotianae,남해서부
국립해양생물자원관_해양생물 채집 공간정보,https://www.data.go.kr/data/15151832/openapi.do,2003-07-22,marine_life,Psychrobacter nivimaris,Psychrobacter nivimaris,대한민국 남해,대한민국; 남해서부; 대한민국 남해,34.073608,127.507225,Psychrobacter nivimaris은(는) 남해서부에서 관찰·채집된 해양생물 소재로 사용할 수 있다.,해양생물 캐릭터와 바다 탐험 동화 소재,"생물의 이름, 서식 해역, 분류를 활용한 관찰 질문과 퀴즈",5-7;8-10,해양생물;Psychrobacter;nivimaris;남해서부;대한민국;남해,127.507225,대한민국,,Psychrobacter nivimaris,34.073608,대한민국 남해,2003-07-22,Psychrobacter nivimaris,남해서부
국립해양생물자원관_해양생물 채집 공간정보,https://www.data.go.kr/data/15151832/openapi.do,2014-09-15,marine_life,오뚜기갯지렁이,Terebellida > Sternaspidae > Sternaspis > Sternaspis scutata,대한민국 충청남도 서천군 장항읍,대한민국; 서해; 대한민국 충청남도 서천군 장항읍,36.019394,126.664146,오뚜기갯지렁이은(는) 서해에서 관찰·채집된 해양생물 소재로 사용할 수 있다.,해양생물 캐릭터와 바다 탐험 동화 소재,"생물의 이름, 서식 해역, 분류를 활용한 관찰 질문과 퀴즈",5-7;8-10,해양생물;오뚜기갯지렁이;Sternaspis;scutata;Terebellida;>;Sternaspidae;서해;대한민국;충청남도;서천군;장항읍,126.664146,대한민국,오뚜기갯지렁이,Terebellida > Sternaspidae > Sternaspis > Sternaspis scutata,36.019394,대한민국 충청남도 서천군 장항읍,2014-09-15,Sternaspis scutata,서해
국립해양생물자원관_해양생물 채집 공간정보,https://www.data.go.kr/data/15151832/openapi.do,2021-06-29,marine_life,옥덩굴,Ulvophyceae > Bryopsidales > Caulerpaceae > Caulerpa > Caulerpa okamurae,대한민국 전라남도 신안군 흑산면 가거도,대한민국; 서해; 대한민국 전라남도 신안군 흑산면 가거도,34.050915,125.124474,옥덩굴은(는) 서해에서 관찰·채집된 해양생물 소재로 사용할 수 있다.,해양생물 캐릭터와 바다 탐험 동화 소재,"생물의 이름, 서식 해역, 분류를 활용한 관찰 질문과 퀴즈",5-7;8-10,해양생물;옥덩굴;Caulerpa;okamurae;Ulvophyceae;>;Bryopsidales;Caulerpaceae;서해;대한민국;전라남도;신안군,125.124474,대한민국,옥덩굴,Ulvophyceae > Bryopsidales > Caulerpaceae > Caulerpa > Caulerpa okamurae,34.050915,대한민국 전라남도 신안군 흑산면 가거도,2021-06-29,Caulerpa okamurae,서해
국립해양생물자원관_해양생물 채집 공간정보,https://www.data.go.kr/data/15151832/openapi.do,2021-06-29,marine_life,방석청각,Ulvophyceae > Bryopsidales > Codiaceae > Codium > Codium hubbsii,대한민국 전라남도 신안군 흑산면 가거도,대한민국; 서해; 대한민국 전라남도 신안군 흑산면 가거도,34.050915,125.124474,방석청각은(는) 서해에서 관찰·채집된 해양생물 소재로 사용할 수 있다.,해양생물 캐릭터와 바다 탐험 동화 소재,"생물의 이름, 서식 해역, 분류를 활용한 관찰 질문과 퀴즈",5-7;8-10,해양생물;방석청각;Codium;hubbsii;Ulvophyceae;>;Bryopsidales;Codiaceae;서해;대한민국;전라남도;신안군,125.124474,대한민국,방석청각,Ulvophyceae > Bryopsidales > Codiaceae > Codium > Codium hubbsii,34.050915,대한민국 전라남도 신안군 흑산면 가거도,2021-06-29,Codium hubbsii,서해
국립해양생물자원관_해양생물 채집 공간정보,https://www.data.go.kr/data/15151832/openapi.do,2003-07-20,marine_life,Pseudoalteromonas lipolytica,Pseudomonadota > Gammaproteobacteria > Alteromonadales > Pseudoalteromonadaceae > Pseudoalteromonas > Pseudoalteromonas lipolytica,대한민국 남해,대한민국; 남해서부; 대한민국 남해,34.073608,127.507225,Pseudoalteromonas lipolytica은(는) 남해서부에서 관찰·채집된 해양생물 소재로 사용할 수 있다.,해양생물 캐릭터와 바다 탐험 동화 소재,"생물의 이름, 서식 해역, 분류를 활용한 관찰 질문과 퀴즈",5-7;8-10,해양생물;Pseudoalteromonas;lipolytica;Pseudomonadota;>;Gammaproteobacteria;Alteromonadales;Pseudoalteromonadaceae;남해서부;대한민국;남해,127.507225,대한민국,,Pseudomonadota > Gammaproteobacteria > Alteromonadales > Pseudoalteromonadaceae > Pseudoalteromonas > Pseudoalteromonas lipolytica,34.073608,대한민국 남해,2003-07-20,Pseudoalteromonas lipolytica,남해서부
국립해양생물자원관_해양생물 채집 공간정보,https://www.data.go.kr/data/15151832/openapi.do,2016-08-23,marine_life,붕장어,Teleostei > Anguilliformes > Congridae > Conger > Conger myriaster,대한민국 인천광역시,대한민국; 서해; 대한민국 인천광역시,37.296089,125.361557,붕장어은(는) 서해에서 관찰·채집된 해양생물 소재로 사용할 수 있다.,해양생물 캐릭터와 바다 탐험 동화 소재,"생물의 이름, 서식 해역, 분류를 활용한 관찰 질문과 퀴즈",5-7;8-10,해양생물;붕장어;Conger;myriaster;Teleostei;>;Anguilliformes;Congridae;서해;대한민국;인천광역시,125.361557,대한민국,붕장어,Teleostei > Anguilliformes > Congridae > Conger > Conger myriaster,37.296089,대한민국 인천광역시,2016-08-23,Conger myriaster,서해
국립해양생물자원관_해양생물 채집 공간정보,https://www.data.go.kr/data/15151832/openapi.do,2014-09-15,marine_life,금줄촉수,Teleostei > Mulliformes > Mullidae > Parupeneus > Parupeneus ciliatus,대한민국 제주특별자치도 서귀포시,대한민국; 남해서부; 대한민국 제주특별자치도 서귀포시,32.959011,126.085289,금줄촉수은(는) 남해서부에서 관찰·채집된 해양생물 소재로 사용할 수 있다.,해양생물 캐릭터와 바다 탐험 동화 소재,"생물의 이름, 서식 해역, 분류를 활용한 관찰 질문과 퀴즈",5-7;8-10,해양생물;금줄촉수;Parupeneus;ciliatus;Teleostei;>;Mulliformes;Mullidae;남해서부;대한민국;제주특별자치도;서귀포시,126.085289,대한민국,금줄촉수,Teleostei > Mulliformes > Mullidae > Parupeneus > Parupeneus ciliatus,32.959011,대한민국 제주특별자치도 서귀포시,2014-09-15,Parupeneus ciliatus,남해서부
국립해양생물자원관_해양생물 채집 공간정보,https://www.data.go.kr/data/15151832/openapi.do,2021-04-01,marine_life,털보집갯지렁이,Polychaeta > Eunicida > Onuphidae > Diopatra > Diopatra sugokai,대한민국 충청남도 태안군 남면,대한민국; 서해; 대한민국 충청남도 태안군 남면,36.606499,126.287613,털보집갯지렁이은(는) 서해에서 관찰·채집된 해양생물 소재로 사용할 수 있다.,해양생물 캐릭터와 바다 탐험 동화 소재,"생물의 이름, 서식 해역, 분류를 활용한 관찰 질문과 퀴즈",5-7;8-10,해양생물;털보집갯지렁이;Diopatra;sugokai;Polychaeta;>;Eunicida;Onuphidae;서해;대한민국;충청남도;태안군,126.287613,대한민국,털보집갯지렁이,Polychaeta > Eunicida > Onuphidae > Diopatra > Diopatra sugokai,36.606499,대한민국 충청남도 태안군 남면,2021-04-01,Diopatra sugokai,서해
국립해양생물자원관_해양생물 채집 공간정보,https://www.data.go.kr/data/15151832/openapi.do,2003-07-22,marine_life,Exiguobacterium oxidotolerans,Exiguobacterium oxidotolerans,대한민국 남해,대한민국; 남해서부; 대한민국 남해,34.073608,127.507225,Exiguobacterium oxidotolerans은(는) 남해서부에서 관찰·채집된 해양생물 소재로 사용할 수 있다.,해양생물 캐릭터와 바다 탐험 동화 소재,"생물의 이름, 서식 해역, 분류를 활용한 관찰 질문과 퀴즈",5-7;8-10,해양생물;Exiguobacterium;oxidotolerans;남해서부;대한민국;남해,127.507225,대한민국,,Exiguobacterium oxidotolerans,34.073608,대한민국 남해,2003-07-22,Exiguobacterium oxidotolerans,남해서부
국립해양생물자원관_해양생물 채집 공간정보,https://www.data.go.kr/data/15151832/openapi.do,2003-07-22,marine_life,Cobetia marina,Pseudomonadota > Gammaproteobacteria > Oceanospirillales > Halomonadaceae > Cobetia > Cobetia marina,대한민국 남해,대한민국; 남해서부; 대한민국 남해,34.073608,127.507225,Cobetia marina은(는) 남해서부에서 관찰·채집된 해양생물 소재로 사용할 수 있다.,해양생물 캐릭터와 바다 탐험 동화 소재,"생물의 이름, 서식 해역, 분류를 활용한 관찰 질문과 퀴즈",5-7;8-10,해양생물;Cobetia;marina;Pseudomonadota;>;Gammaproteobacteria;Oceanospirillales;Halomonadaceae;남해서부;대한민국;남해,127.507225,대한민국,,Pseudomonadota > Gammaproteobacteria > Oceanospirillales > Halomonadaceae > Cobetia > Cobetia marina,34.073608,대한민국 남해,2003-07-22,Cobetia marina,남해서부
국립해양생물자원관_해양생물 채집 공간정보,https://www.data.go.kr/data/15151832/openapi.do,2015-10-19,marine_life,Epacanthion mawsoni,Thoracostomopsidae > Epacanthion > Epacanthion mawsoni,대한민국 제주특별자치도 제주시 이호일동 조간대,대한민국; 남해서부; 대한민국 제주특별자치도 제주시 이호일동 조간대,33.497501,126.452217,Epacanthion mawsoni은(는) 남해서부에서 관찰·채집된 해양생물 소재로 사용할 수 있다.,해양생물 캐릭터와 바다 탐험 동화 소재,"생물의 이름, 서식 해역, 분류를 활용한 관찰 질문과 퀴즈",5-7;8-10,해양생물;Epacanthion;mawsoni;Thoracostomopsidae;>;남해서부;대한민국;제주특별자치도;제주시;이호일동;조간대,126.452217,대한민국,,Thoracostomopsidae > Epacanthion > Epacanthion mawsoni,33.497501,대한민국 제주특별자치도 제주시 이호일동 조간대,2015-10-19,Epacanthion mawsoni,남해서부
국립해양생물자원관_해양생물 채집 공간정보,https://www.data.go.kr/data/15151832/openapi.do,2015-10-19,marine_life,Epacanthion mawsoni,Thoracostomopsidae > Epacanthion > Epacanthion mawsoni,대한민국 제주특별자치도 제주시 이호일동 조간대,대한민국; 남해서부; 대한민국 제주특별자치도 제주시 이호일동 조간대,33.497501,126.452217,Epacanthion mawsoni은(는) 남해서부에서 관찰·채집된 해양생물 소재로 사용할 수 있다.,해양생물 캐릭터와 바다 탐험 동화 소재,"생물의 이름, 서식 해역, 분류를 활용한 관찰 질문과 퀴즈",5-7;8-10,해양생물;Epacanthion;mawsoni;Thoracostomopsidae;>;남해서부;대한민국;제주특별자치도;제주시;이호일동;조간대,126.452217,대한민국,,Thoracostomopsidae > Epacanthion > Epacanthion mawsoni,33.497501,대한민국 제주특별자치도 제주시 이호일동 조간대,2015-10-19,Epacanthion mawsoni,남해서부
국립해양생물자원관_해양생물 채집 공간정보,https://www.data.go.kr/data/15151832/openapi.do,2021-03-17,marine_life,Gyrosigma fasciola,Protista > Bacillariophyta > Bacillariophyceae > Naviculales > Naviculaceae > Gyrosigma > Gyrosigma fasciola,대한민국 전라북도 부안군 변산면,대한민국; 서해; 대한민국 전라북도 부안군 변산면,35.677647,126.526955,Gyrosigma fasciola은(는) 서해에서 관찰·채집된 해양생물 소재로 사용할 수 있다.,해양생물 캐릭터와 바다 탐험 동화 소재,"생물의 이름, 서식 해역, 분류를 활용한 관찰 질문과 퀴즈",5-7;8-10,해양생물;Gyrosigma;fasciola;Protista;>;Bacillariophyta;Bacillariophyceae;Naviculales;Naviculaceae;서해;대한민국;전라북도,126.526955,대한민국,,Protista > Bacillariophyta > Bacillariophyceae > Naviculales > Naviculaceae > Gyrosigma > Gyrosigma fasciola,35.677647,대한민국 전라북도 부안군 변산면,2021-03-17,Gyrosigma fasciola,서해
국립해양생물자원관_해양생물 채집 공간정보,https://www.data.go.kr/data/15151832/openapi.do,2003-07-22,marine_life,Pseudoalteromonas shioyasakiensis,Pseudomonadota > Gammaproteobacteria > Alteromonadales > Pseudoalteromonadaceae > Pseudoalteromonas > Pseudoalteromonas shioyasakiensis,대한민국 남해,대한민국; 남해서부; 대한민국 남해,34.073608,127.507225,Pseudoalteromonas shioyasakiensis은(는) 남해서부에서 관찰·채집된 해양생물 소재로 사용할 수 있다.,해양생물 캐릭터와 바다 탐험 동화 소재,"생물의 이름, 서식 해역, 분류를 활용한 관찰 질문과 퀴즈",5-7;8-10,해양생물;Pseudoalteromonas;shioyasakiensis;Pseudomonadota;>;Gammaproteobacteria;Alteromonadales;Pseudoalteromonadaceae;남해서부;대한민국;남해,127.507225,대한민국,,Pseudomonadota > Gammaproteobacteria > Alteromonadales > Pseudoalteromonadaceae > Pseudoalteromonas > Pseudoalteromonas shioyasakiensis,34.073608,대한민국 남해,2003-07-22,Pseudoalteromonas shioyasakiensis,남해서부
국립해양생물자원관_해양생물 채집 공간정보,https://www.data.go.kr/data/15151832/openapi.do,2003-07-20,marine_life,Vibrio owensii,Vibrionales > Vibrionaceae > Vibrio > Vibrio owensii,대한민국 남해,대한민국; 남해서부; 대한민국 남해,34.073608,127.507225,Vibrio owensii은(는) 남해서부에서 관찰·채집된 해양생물 소재로 사용할 수 있다.,해양생물 캐릭터와 바다 탐험 동화 소재,"생물의 이름, 서식 해역, 분류를 활용한 관찰 질문과 퀴즈",5-7;8-10,해양생물;Vibrio;owensii;Vibrionales;>;Vibrionaceae;남해서부;대한민국;남해,127.507225,대한민국,,Vibrionales > Vibrionaceae > Vibrio > Vibrio owensii,34.073608,대한민국 남해,2003-07-20,Vibrio owensii,남해서부
국립해양생물자원관_해양생물 채집 공간정보,https://www.data.go.kr/data/15151832/openapi.do,2014-06-10,marine_life,Penicillium paraherquei,Penicillium paraherquei,대한민국 충청남도 서천군 서면,대한민국; 서해; 대한민국 충청남도 서천군 서면,36.152973,126.520058,Penicillium paraherquei은(는) 서해에서 관찰·채집된 해양생물 소재로 사용할 수 있다.,해양생물 캐릭터와 바다 탐험 동화 소재,"생물의 이름, 서식 해역, 분류를 활용한 관찰 질문과 퀴즈",5-7;8-10,해양생물;Penicillium;paraherquei;서해;대한민국;충청남도;서천군;서면,126.520058,대한민국,,Penicillium paraherquei,36.152973,대한민국 충청남도 서천군 서면,2014-06-10,Penicillium paraherquei,서해
국립해양생물자원관_해양생물 채집 공간정보,https://www.data.go.kr/data/15151832/openapi.do,2003-07-22,marine_life,Pseudomonas edaphica,Pseudomonas edaphica,대한민국 남해,대한민국; 남해서부; 대한민국 남해,34.073608,127.507225,Pseudomonas edaphica은(는) 남해서부에서 관찰·채집된 해양생물 소재로 사용할 수 있다.,해양생물 캐릭터와 바다 탐험 동화 소재,"생물의 이름, 서식 해역, 분류를 활용한 관찰 질문과 퀴즈",5-7;8-10,해양생물;Pseudomonas;edaphica;남해서부;대한민국;남해,127.507225,대한민국,,Pseudomonas edaphica,34.073608,대한민국 남해,2003-07-22,Pseudomonas edaphica,남해서부
국립해양생물자원관_해양생물 채집 공간정보,https://www.data.go.kr/data/15151832/openapi.do,2003-07-20,marine_life,Micrococcus luteus,Micrococcus luteus,대한민국 남해,대한민국; 남해서부; 대한민국 남해,34.073608,127.507225,Micrococcus luteus은(는) 남해서부에서 관찰·채집된 해양생물 소재로 사용할 수 있다.,해양생물 캐릭터와 바다 탐험 동화 소재,"생물의 이름, 서식 해역, 분류를 활용한 관찰 질문과 퀴즈",5-7;8-10,해양생물;Micrococcus;luteus;남해서부;대한민국;남해,127.507225,대한민국,,Micrococcus luteus,34.073608,대한민국 남해,2003-07-20,Micrococcus luteus,남해서부
국립해양생물자원관_해양생물 채집 공간정보,https://www.data.go.kr/data/15151832/openapi.do,2003-07-22,marine_life,Pseudomonas abietaniphila,Pseudomonas abietaniphila,대한민국 남해,대한민국; 남해서부; 대한민국 남해,34.073608,127.507225,Pseudomonas abietaniphila은(는) 남해서부에서 관찰·채집된 해양생물 소재로 사용할 수 있다.,해양생물 캐릭터와 바다 탐험 동화 소재,"생물의 이름, 서식 해역, 분류를 활용한 관찰 질문과 퀴즈",5-7;8-10,해양생물;Pseudomonas;abietaniphila;남해서부;대한민국;남해,127.507225,대한민국,,Pseudomonas abietaniphila,34.073608,대한민국 남해,2003-07-22,Pseudomonas abietaniphila,남해서부
국립해양생물자원관_해양생물 채집 공간정보,https://www.data.go.kr/data/15151832/openapi.do,2003-07-22,marine_life,Cytobacillus firmus,Cytobacillus firmus,대한민국 남해,대한민국; 남해서부; 대한민국 남해,34.073608,127.507225,Cytobacillus firmus은(는) 남해서부에서 관찰·채집된 해양생물 소재로 사용할 수 있다.,해양생물 캐릭터와 바다 탐험 동화 소재,"생물의 이름, 서식 해역, 분류를 활용한 관찰 질문과 퀴즈",5-7;8-10,해양생물;Cytobacillus;firmus;남해서부;대한민국;남해,127.507225,대한민국,,Cytobacillus firmus,34.073608,대한민국 남해,2003-07-22,Cytobacillus firmus,남해서부
국립해양생물자원관_해양생물 채집 공간정보,https://www.data.go.kr/data/15151832/openapi.do,2003-07-20,marine_life,Glutamicibacter soli,Micrococcales > Micrococcaceae > Glutamicibacter > Glutamicibacter soli,대한민국 남해,대한민국; 남해서부; 대한민국 남해,34.073608,127.507225,Glutamicibacter soli은(는) 남해서부에서 관찰·채집된 해양생물 소재로 사용할 수 있다.,해양생물 캐릭터와 바다 탐험 동화 소재,"생물의 이름, 서식 해역, 분류를 활용한 관찰 질문과 퀴즈",5-7;8-10,해양생물;Glutamicibacter;soli;Micrococcales;>;Micrococcaceae;남해서부;대한민국;남해,127.507225,대한민국,,Micrococcales > Micrococcaceae > Glutamicibacter > Glutamicibacter soli,34.073608,대한민국 남해,2003-07-20,Glutamicibacter soli,남해서부
국립해양생물자원관_해양생물 채집 공간정보,https://www.data.go.kr/data/15151832/openapi.do,2010-08-03,marine_life,아무르불가사리,Forcipulatida > Asteriidae > Asterias > Asterias amurensis,대한민국 경상남도 거제시 하청면,대한민국; 남해동부; 대한민국 경상남도 거제시 하청면,34.946449,128.583771,아무르불가사리은(는) 남해동부에서 관찰·채집된 해양생물 소재로 사용할 수 있다.,해양생물 캐릭터와 바다 탐험 동화 소재,"생물의 이름, 서식 해역, 분류를 활용한 관찰 질문과 퀴즈",5-7;8-10,해양생물;아무르불가사리;Asterias;amurensis;Forcipulatida;>;Asteriidae;남해동부;대한민국;경상남도;거제시;하청면,128.583771,대한민국,아무르불가사리,Forcipulatida > Asteriidae > Asterias > Asterias amurensis,34.946449,대한민국 경상남도 거제시 하청면,2010-08-03,Asterias amurensis,남해동부
국립해양생물자원관_해양생물 채집 공간정보,https://www.data.go.kr/data/15151832/openapi.do,2003-07-20,marine_life,Flavobacterium aquimarinum,Flavobacterium aquimarinum,대한민국 남해,대한민국; 남해서부; 대한민국 남해,34.073608,127.507225,Flavobacterium aquimarinum은(는) 남해서부에서 관찰·채집된 해양생물 소재로 사용할 수 있다.,해양생물 캐릭터와 바다 탐험 동화 소재,"생물의 이름, 서식 해역, 분류를 활용한 관찰 질문과 퀴즈",5-7;8-10,해양생물;Flavobacterium;aquimarinum;남해서부;대한민국;남해,127.507225,대한민국,,Flavobacterium aquimarinum,34.073608,대한민국 남해,2003-07-20,Flavobacterium aquimarinum,남해서부
국립해양생물자원관_해양생물 채집 공간정보,https://www.data.go.kr/data/15151832/openapi.do,2003-07-20,marine_life,Exiguobacterium oxidotolerans,Exiguobacterium oxidotolerans,대한민국 남해,대한민국; 남해서부; 대한민국 남해,34.073608,127.507225,Exiguobacterium oxidotolerans은(는) 남해서부에서 관찰·채집된 해양생물 소재로 사용할 수 있다.,해양생물 캐릭터와 바다 탐험 동화 소재,"생물의 이름, 서식 해역, 분류를 활용한 관찰 질문과 퀴즈",5-7;8-10,해양생물;Exiguobacterium;oxidotolerans;남해서부;대한민국;남해,127.507225,대한민국,,Exiguobacterium oxidotolerans,34.073608,대한민국 남해,2003-07-20,Exiguobacterium oxidotolerans,남해서부
국립해양생물자원관_해양생물 채집 공간정보,https://www.data.go.kr/data/15151832/openapi.do,2003-07-20,marine_life,Kocuria rhizophila,Micrococcales > Micrococcaceae > Kocuria > Kocuria rhizophila,대한민국 남해,대한민국; 남해서부; 대한민국 남해,34.073608,127.507225,Kocuria rhizophila은(는) 남해서부에서 관찰·채집된 해양생물 소재로 사용할 수 있다.,해양생물 캐릭터와 바다 탐험 동화 소재,"생물의 이름, 서식 해역, 분류를 활용한 관찰 질문과 퀴즈",5-7;8-10,해양생물;Kocuria;rhizophila;Micrococcales;>;Micrococcaceae;남해서부;대한민국;남해,127.507225,대한민국,,Micrococcales > Micrococcaceae > Kocuria > Kocuria rhizophila,34.073608,대한민국 남해,2003-07-20,Kocuria rhizophila,남해서부
국립해양생물자원관_해양생물 채집 공간정보,https://www.data.go.kr/data/15151832/openapi.do,2003-06-22,marine_life,Pseudoalteromonas arctica,Pseudomonadota > Gammaproteobacteria > Alteromonadales > Pseudoalteromonadaceae > Pseudoalteromonas > Pseudoalteromonas arctica,대한민국 남해,대한민국; 남해서부; 대한민국 남해,34.073608,127.507225,Pseudoalteromonas arctica은(는) 남해서부에서 관찰·채집된 해양생물 소재로 사용할 수 있다.,해양생물 캐릭터와 바다 탐험 동화 소재,"생물의 이름, 서식 해역, 분류를 활용한 관찰 질문과 퀴즈",5-7;8-10,해양생물;Pseudoalteromonas;arctica;Pseudomonadota;>;Gammaproteobacteria;Alteromonadales;Pseudoalteromonadaceae;남해서부;대한민국;남해,127.507225,대한민국,,Pseudomonadota > Gammaproteobacteria > Alteromonadales > Pseudoalteromonadaceae > Pseudoalteromonas > Pseudoalteromonas arctica,34.073608,대한민국 남해,2003-06-22,Pseudoalteromonas arctica,남해서부
국립해양생물자원관_해양생물 채집 공간정보,https://www.data.go.kr/data/15151832/openapi.do,2003-07-22,marine_life,Bacillus salacetis,Caryophanales > Bacillaceae > Bacillus > Bacillus salacetis,대한민국 남해,대한민국; 남해서부; 대한민국 남해,34.073608,127.507225,Bacillus salacetis은(는) 남해서부에서 관찰·채집된 해양생물 소재로 사용할 수 있다.,해양생물 캐릭터와 바다 탐험 동화 소재,"생물의 이름, 서식 해역, 분류를 활용한 관찰 질문과 퀴즈",5-7;8-10,해양생물;Bacillus;salacetis;Caryophanales;>;Bacillaceae;남해서부;대한민국;남해,127.507225,대한민국,,Caryophanales > Bacillaceae > Bacillus > Bacillus salacetis,34.073608,대한민국 남해,2003-07-22,Bacillus salacetis,남해서부
국립해양생물자원관_해양생물 채집 공간정보,https://www.data.go.kr/data/15151832/openapi.do,2003-07-22,marine_life,Vibrio tasmaniensis,Vibrionales > Vibrionaceae > Vibrio > Vibrio tasmaniensis,대한민국 남해,대한민국; 남해서부; 대한민국 남해,34.073608,127.507225,Vibrio tasmaniensis은(는) 남해서부에서 관찰·채집된 해양생물 소재로 사용할 수 있다.,해양생물 캐릭터와 바다 탐험 동화 소재,"생물의 이름, 서식 해역, 분류를 활용한 관찰 질문과 퀴즈",5-7;8-10,해양생물;Vibrio;tasmaniensis;Vibrionales;>;Vibrionaceae;남해서부;대한민국;남해,127.507225,대한민국,,Vibrionales > Vibrionaceae > Vibrio > Vibrio tasmaniensis,34.073608,대한민국 남해,2003-07-22,Vibrio tasmaniensis,남해서부
국립해양생물자원관_해양생물 채집 공간정보,https://www.data.go.kr/data/15151832/openapi.do,2003-07-22,marine_life,Vibrio tasmaniensis,Vibrionales > Vibrionaceae > Vibrio > Vibrio tasmaniensis,대한민국 남해,대한민국; 남해서부; 대한민국 남해,34.073608,127.507225,Vibrio tasmaniensis은(는) 남해서부에서 관찰·채집된 해양생물 소재로 사용할 수 있다.,해양생물 캐릭터와 바다 탐험 동화 소재,"생물의 이름, 서식 해역, 분류를 활용한 관찰 질문과 퀴즈",5-7;8-10,해양생물;Vibrio;tasmaniensis;Vibrionales;>;Vibrionaceae;남해서부;대한민국;남해,127.507225,대한민국,,Vibrionales > Vibrionaceae > Vibrio > Vibrio tasmaniensis,34.073608,대한민국 남해,2003-07-22,Vibrio tasmaniensis,남해서부
국립해양생물자원관_해양생물 채집 공간정보,https://www.data.go.kr/data/15151832/openapi.do,2003-07-20,marine_life,Vibrio echinoideorum,Vibrionales > Vibrionaceae > Vibrio > Vibrio echinoideorum,대한민국 남해,대한민국; 남해서부; 대한민국 남해,34.073608,127.507225,Vibrio echinoideorum은(는) 남해서부에서 관찰·채집된 해양생물 소재로 사용할 수 있다.,해양생물 캐릭터와 바다 탐험 동화 소재,"생물의 이름, 서식 해역, 분류를 활용한 관찰 질문과 퀴즈",5-7;8-10,해양생물;Vibrio;echinoideorum;Vibrionales;>;Vibrionaceae;남해서부;대한민국;남해,127.507225,대한민국,,Vibrionales > Vibrionaceae > Vibrio > Vibrio echinoideorum,34.073608,대한민국 남해,2003-07-20,Vibrio echinoideorum,남해서부
국립해양생물자원관_해양생물 채집 공간정보,https://www.data.go.kr/data/15151832/openapi.do,2003-07-20,marine_life,Cobetia amphilecti,Pseudomonadota > Gammaproteobacteria > Oceanospirillales > Halomonadaceae > Cobetia > Cobetia amphilecti,대한민국 남해,대한민국; 남해서부; 대한민국 남해,34.073608,127.507225,Cobetia amphilecti은(는) 남해서부에서 관찰·채집된 해양생물 소재로 사용할 수 있다.,해양생물 캐릭터와 바다 탐험 동화 소재,"생물의 이름, 서식 해역, 분류를 활용한 관찰 질문과 퀴즈",5-7;8-10,해양생물;Cobetia;amphilecti;Pseudomonadota;>;Gammaproteobacteria;Oceanospirillales;Halomonadaceae;남해서부;대한민국;남해,127.507225,대한민국,,Pseudomonadota > Gammaproteobacteria > Oceanospirillales > Halomonadaceae > Cobetia > Cobetia amphilecti,34.073608,대한민국 남해,2003-07-20,Cobetia amphilecti,남해서부
국립해양생물자원관_해양생물 채집 공간정보,https://www.data.go.kr/data/15151832/openapi.do,2003-07-22,marine_life,Cobetia marina,Pseudomonadota > Gammaproteobacteria > Oceanospirillales > Halomonadaceae > Cobetia > Cobetia marina,대한민국 남해,대한민국; 남해서부; 대한민국 남해,34.073608,127.507225,Cobetia marina은(는) 남해서부에서 관찰·채집된 해양생물 소재로 사용할 수 있다.,해양생물 캐릭터와 바다 탐험 동화 소재,"생물의 이름, 서식 해역, 분류를 활용한 관찰 질문과 퀴즈",5-7;8-10,해양생물;Cobetia;marina;Pseudomonadota;>;Gammaproteobacteria;Oceanospirillales;Halomonadaceae;남해서부;대한민국;남해,127.507225,대한민국,,Pseudomonadota > Gammaproteobacteria > Oceanospirillales > Halomonadaceae > Cobetia > Cobetia marina,34.073608,대한민국 남해,2003-07-22,Cobetia marina,남해서부
국립해양생물자원관_해양생물 채집 공간정보,https://www.data.go.kr/data/15151832/openapi.do,2003-07-20,marine_life,Exiguobacterium oxidotolerans,Exiguobacterium oxidotolerans,대한민국 남해,대한민국; 남해서부; 대한민국 남해,34.073608,127.507225,Exiguobacterium oxidotolerans은(는) 남해서부에서 관찰·채집된 해양생물 소재로 사용할 수 있다.,해양생물 캐릭터와 바다 탐험 동화 소재,"생물의 이름, 서식 해역, 분류를 활용한 관찰 질문과 퀴즈",5-7;8-10,해양생물;Exiguobacterium;oxidotolerans;남해서부;대한민국;남해,127.507225,대한민국,,Exiguobacterium oxidotolerans,34.073608,대한민국 남해,2003-07-20,Exiguobacterium oxidotolerans,남해서부
국립해양생물자원관_해양생물 채집 공간정보,https://www.data.go.kr/data/15151832/openapi.do,2003-07-22,marine_life,Pseudoalteromonas carrageenovora,Pseudomonadota > Gammaproteobacteria > Alteromonadales > Pseudoalteromonadaceae > Pseudoalteromonas > Pseudoalteromonas carrageenovora,대한민국 남해,대한민국; 남해서부; 대한민국 남해,34.073608,127.507225,Pseudoalteromonas carrageenovora은(는) 남해서부에서 관찰·채집된 해양생물 소재로 사용할 수 있다.,해양생물 캐릭터와 바다 탐험 동화 소재,"생물의 이름, 서식 해역, 분류를 활용한 관찰 질문과 퀴즈",5-7;8-10,해양생물;Pseudoalteromonas;carrageenovora;Pseudomonadota;>;Gammaproteobacteria;Alteromonadales;Pseudoalteromonadaceae;남해서부;대한민국;남해,127.507225,대한민국,,Pseudomonadota > Gammaproteobacteria > Alteromonadales > Pseudoalteromonadaceae > Pseudoalteromonas > Pseudoalteromonas carrageenovora,34.073608,대한민국 남해,2003-07-22,Pseudoalteromonas carrageenovora,남해서부
국립해양생물자원관_해양생물 채집 공간정보,https://www.data.go.kr/data/15151832/openapi.do,2003-07-22,marine_life,Pseudomonas monteilii,Pseudomonas monteilii,대한민국 남해,대한민국; 남해서부; 대한민국 남해,34.073608,127.507225,Pseudomonas monteilii은(는) 남해서부에서 관찰·채집된 해양생물 소재로 사용할 수 있다.,해양생물 캐릭터와 바다 탐험 동화 소재,"생물의 이름, 서식 해역, 분류를 활용한 관찰 질문과 퀴즈",5-7;8-10,해양생물;Pseudomonas;monteilii;남해서부;대한민국;남해,127.507225,대한민국,,Pseudomonas monteilii,34.073608,대한민국 남해,2003-07-22,Pseudomonas monteilii,남해서부
국립해양생물자원관_해양생물 채집 공간정보,https://www.data.go.kr/data/15151832/openapi.do,2021-03-16,marine_life,털다발풀게,Varunidae > Hemigrapsus > Hemigrapsus takanoi,대한민국 전라북도 부안군 진서면,대한민국; 서해; 대한민국 전라북도 부안군 진서면,35.586128,126.545944,털다발풀게은(는) 서해에서 관찰·채집된 해양생물 소재로 사용할 수 있다.,해양생물 캐릭터와 바다 탐험 동화 소재,"생물의 이름, 서식 해역, 분류를 활용한 관찰 질문과 퀴즈",5-7;8-10,해양생물;털다발풀게;Hemigrapsus;takanoi;Varunidae;>;서해;대한민국;전라북도;부안군;진서면,126.545944,대한민국,털다발풀게,Varunidae > Hemigrapsus > Hemigrapsus takanoi,35.586128,대한민국 전라북도 부안군 진서면,2021-03-16,Hemigrapsus takanoi,서해
국립해양생물자원관_해양생물 채집 공간정보,https://www.data.go.kr/data/15151832/openapi.do,2021-03-16,marine_life,칠게,Pleocyemata > Brachyura > Ocypodoidea > Macrophthalmidae > Macrophthalminae > Macrophthalmus > Mareotis > Macrophthalmus (Mareotis) japonicus,대한민국 전라북도 부안군 진서면,대한민국; 서해; 대한민국 전라북도 부안군 진서면,35.586128,126.545944,칠게은(는) 서해에서 관찰·채집된 해양생물 소재로 사용할 수 있다.,해양생물 캐릭터와 바다 탐험 동화 소재,"생물의 이름, 서식 해역, 분류를 활용한 관찰 질문과 퀴즈",5-7;8-10,해양생물;칠게;Macrophthalmus;(Mareotis);japonicus;Pleocyemata;>;Brachyura;Ocypodoidea;Macrophthalmidae;Macrophthalminae;Mareotis,126.545944,대한민국,칠게,Pleocyemata > Brachyura > Ocypodoidea > Macrophthalmidae > Macrophthalminae > Macrophthalmus > Mareotis > Macrophthalmus (Mareotis) japonicus,35.586128,대한민국 전라북도 부안군 진서면,2021-03-16,Macrophthalmus (Mareotis) japonicus,서해
국립해양생물자원관_해양생물 채집 공간정보,https://www.data.go.kr/data/15151832/openapi.do,2003-05-20,marine_life,Alteromonas stellipolaris,Pseudomonadota > Gammaproteobacteria > Alteromonadales > Alteromonadaceae > Alteromonas > Alteromonas stellipolaris,대한민국 부산광역시 해운대구 중동,대한민국; 남해동부; 대한민국 부산광역시 해운대구 중동,35.159168,129.167511,Alteromonas stellipolaris은(는) 남해동부에서 관찰·채집된 해양생물 소재로 사용할 수 있다.,해양생물 캐릭터와 바다 탐험 동화 소재,"생물의 이름, 서식 해역, 분류를 활용한 관찰 질문과 퀴즈",5-7;8-10,해양생물;Alteromonas;stellipolaris;Pseudomonadota;>;Gammaproteobacteria;Alteromonadales;Alteromonadaceae;남해동부;대한민국;부산광역시;해운대구,129.167511,대한민국,,Pseudomonadota > Gammaproteobacteria > Alteromonadales > Alteromonadaceae > Alteromonas > Alteromonas stellipolaris,35.159168,대한민국 부산광역시 해운대구 중동,2003-05-20,Alteromonas stellipolaris,남해동부
국립해양생물자원관_해양생물 채집 공간정보,https://www.data.go.kr/data/15151832/openapi.do,2015-01-09,marine_life,학공치,Teleostei > Beloniformes > Hemiramphidae > Hyporhamphus > Hyporhamphus sajori,대한민국 경상남도 사천시,대한민국; 남해동부; 대한민국 경상남도 사천시,34.927731,128.058502,학공치은(는) 남해동부에서 관찰·채집된 해양생물 소재로 사용할 수 있다.,해양생물 캐릭터와 바다 탐험 동화 소재,"생물의 이름, 서식 해역, 분류를 활용한 관찰 질문과 퀴즈",5-7;8-10,해양생물;학공치;Hyporhamphus;sajori;Teleostei;>;Beloniformes;Hemiramphidae;남해동부;대한민국;경상남도;사천시,128.058502,대한민국,학공치,Teleostei > Beloniformes > Hemiramphidae > Hyporhamphus > Hyporhamphus sajori,34.927731,대한민국 경상남도 사천시,2015-01-09,Hyporhamphus sajori,남해동부
국립해양생물자원관_해양생물 채집 공간정보,https://www.data.go.kr/data/15151832/openapi.do,2004-03-15,marine_life,Olleya namhaensis,Olleya namhaensis,대한민국 강원도 삼척시,대한민국; 동해중부; 대한민국 강원도 삼척시,37.466946,129.176117,Olleya namhaensis은(는) 동해중부에서 관찰·채집된 해양생물 소재로 사용할 수 있다.,해양생물 캐릭터와 바다 탐험 동화 소재,"생물의 이름, 서식 해역, 분류를 활용한 관찰 질문과 퀴즈",5-7;8-10,해양생물;Olleya;namhaensis;동해중부;대한민국;강원도;삼척시,129.176117,대한민국,,Olleya namhaensis,37.466946,대한민국 강원도 삼척시,2004-03-15,Olleya namhaensis,동해중부
국립해양생물자원관_해양생물 채집 공간정보,https://www.data.go.kr/data/15151832/openapi.do,2004-03-15,marine_life,Ruegeria atlantica,Ruegeria atlantica,대한민국 강원도 삼척시,대한민국; 동해중부; 대한민국 강원도 삼척시,37.466946,129.176117,Ruegeria atlantica은(는) 동해중부에서 관찰·채집된 해양생물 소재로 사용할 수 있다.,해양생물 캐릭터와 바다 탐험 동화 소재,"생물의 이름, 서식 해역, 분류를 활용한 관찰 질문과 퀴즈",5-7;8-10,해양생물;Ruegeria;atlantica;동해중부;대한민국;강원도;삼척시,129.176117,대한민국,,Ruegeria atlantica,37.466946,대한민국 강원도 삼척시,2004-03-15,Ruegeria atlantica,동해중부
국립해양생물자원관_해양생물 채집 공간정보,https://www.data.go.kr/data/15151832/openapi.do,2004-03-15,marine_life,Psychrobacter proteolyticus,Psychrobacter proteolyticus,대한민국 강원도 삼척시,대한민국; 동해중부; 대한민국 강원도 삼척시,37.466946,129.176117,Psychrobacter proteolyticus은(는) 동해중부에서 관찰·채집된 해양생물 소재로 사용할 수 있다.,해양생물 캐릭터와 바다 탐험 동화 소재,"생물의 이름, 서식 해역, 분류를 활용한 관찰 질문과 퀴즈",5-7;8-10,해양생물;Psychrobacter;proteolyticus;동해중부;대한민국;강원도;삼척시,129.176117,대한민국,,Psychrobacter proteolyticus,37.466946,대한민국 강원도 삼척시,2004-03-15,Psychrobacter proteolyticus,동해중부
국립해양생물자원관_해양생물 채집 공간정보,https://www.data.go.kr/data/15151832/openapi.do,2021-05-06,marine_life,Cylindrotheca closterium,Protista > Bacillariophyta > Bacillariophyceae > Bacillariales > Bacillariaceae > Cylindrotheca > Cylindrotheca closterium,대한민국 인천광역시 중구,대한민국; 서해; 대한민국 인천광역시 중구,37.410492,126.414635,Cylindrotheca closterium은(는) 서해에서 관찰·채집된 해양생물 소재로 사용할 수 있다.,해양생물 캐릭터와 바다 탐험 동화 소재,"생물의 이름, 서식 해역, 분류를 활용한 관찰 질문과 퀴즈",5-7;8-10,해양생물;Cylindrotheca;closterium;Protista;>;Bacillariophyta;Bacillariophyceae;Bacillariales;Bacillariaceae;서해;대한민국;인천광역시,126.414635,대한민국,,Protista > Bacillariophyta > Bacillariophyceae > Bacillariales > Bacillariaceae > Cylindrotheca > Cylindrotheca closterium,37.410492,대한민국 인천광역시 중구,2021-05-06,Cylindrotheca closterium,서해
국립해양생물자원관_해양생물 채집 공간정보,https://www.data.go.kr/data/15151832/openapi.do,2004-03-15,marine_life,Vibrio echinoideorum,Vibrionales > Vibrionaceae > Vibrio > Vibrio echinoideorum,대한민국 강원도 삼척시,대한민국; 동해중부; 대한민국 강원도 삼척시,37.466946,129.176117,Vibrio echinoideorum은(는) 동해중부에서 관찰·채집된 해양생물 소재로 사용할 수 있다.,해양생물 캐릭터와 바다 탐험 동화 소재,"생물의 이름, 서식 해역, 분류를 활용한 관찰 질문과 퀴즈",5-7;8-10,해양생물;Vibrio;echinoideorum;Vibrionales;>;Vibrionaceae;동해중부;대한민국;강원도;삼척시,129.176117,대한민국,,Vibrionales > Vibrionaceae > Vibrio > Vibrio echinoideorum,37.466946,대한민국 강원도 삼척시,2004-03-15,Vibrio echinoideorum,동해중부
국립해양생물자원관_해양생물 채집 공간정보,https://www.data.go.kr/data/15151832/openapi.do,2004-03-15,marine_life,Ruegeria halocynthiae,Ruegeria halocynthiae,대한민국 강원도 삼척시,대한민국; 동해중부; 대한민국 강원도 삼척시,37.466946,129.176117,Ruegeria halocynthiae은(는) 동해중부에서 관찰·채집된 해양생물 소재로 사용할 수 있다.,해양생물 캐릭터와 바다 탐험 동화 소재,"생물의 이름, 서식 해역, 분류를 활용한 관찰 질문과 퀴즈",5-7;8-10,해양생물;Ruegeria;halocynthiae;동해중부;대한민국;강원도;삼척시,129.176117,대한민국,,Ruegeria halocynthiae,37.466946,대한민국 강원도 삼척시,2004-03-15,Ruegeria halocynthiae,동해중부
국립해양생물자원관_해양생물 채집 공간정보,https://www.data.go.kr/data/15151832/openapi.do,2004-03-15,marine_life,Ruegeria mediterranea,Ruegeria mediterranea,대한민국 강원도 삼척시,대한민국; 동해중부; 대한민국 강원도 삼척시,37.466946,129.176117,Ruegeria mediterranea은(는) 동해중부에서 관찰·채집된 해양생물 소재로 사용할 수 있다.,해양생물 캐릭터와 바다 탐험 동화 소재,"생물의 이름, 서식 해역, 분류를 활용한 관찰 질문과 퀴즈",5-7;8-10,해양생물;Ruegeria;mediterranea;동해중부;대한민국;강원도;삼척시,129.176117,대한민국,,Ruegeria mediterranea,37.466946,대한민국 강원도 삼척시,2004-03-15,Ruegeria mediterranea,동해중부
국립해양생물자원관_해양생물 채집 공간정보,https://www.data.go.kr/data/15151832/openapi.do,2011-08-07,marine_life,Inermonephtys gallardi,Polychaeta > Phyllodocida > Nephtyidae > Inermonephtys > Inermonephtys gallardi,대한민국 전라남도 무안군 해제면,대한민국; 서해; 대한민국 전라남도 무안군 해제면,35.159031,126.288696,Inermonephtys gallardi은(는) 서해에서 관찰·채집된 해양생물 소재로 사용할 수 있다.,해양생물 캐릭터와 바다 탐험 동화 소재,"생물의 이름, 서식 해역, 분류를 활용한 관찰 질문과 퀴즈",5-7;8-10,해양생물;Inermonephtys;gallardi;Polychaeta;>;Phyllodocida;Nephtyidae;서해;대한민국;전라남도;무안군;해제면,126.288696,대한민국,,Polychaeta > Phyllodocida > Nephtyidae > Inermonephtys > Inermonephtys gallardi,35.159031,대한민국 전라남도 무안군 해제면,2011-08-07,Inermonephtys gallardi,서해
국립해양생물자원관_해양생물 채집 공간정보,https://www.data.go.kr/data/15151832/openapi.do,2021-07-21,marine_life,보리무륵,Neogastropoda > Columbellidae > Mitrella > Mitrella bicincta,대한민국 충청남도 보령시 오천면,대한민국; 서해; 대한민국 충청남도 보령시 오천면,36.387222,126.457771,보리무륵은(는) 서해에서 관찰·채집된 해양생물 소재로 사용할 수 있다.,해양생물 캐릭터와 바다 탐험 동화 소재,"생물의 이름, 서식 해역, 분류를 활용한 관찰 질문과 퀴즈",5-7;8-10,해양생물;보리무륵;Mitrella;bicincta;Neogastropoda;>;Columbellidae;서해;대한민국;충청남도;보령시;오천면,126.457771,대한민국,보리무륵,Neogastropoda > Columbellidae > Mitrella > Mitrella bicincta,36.387222,대한민국 충청남도 보령시 오천면,2021-07-21,Mitrella bicincta,서해
국립해양생물자원관_해양생물 채집 공간정보,https://www.data.go.kr/data/15151832/openapi.do,2021-07-22,marine_life,동해이랑조개,Mollusca > Bivalvia > Carditida > Carditidae > Megacardita > Megacardita koreana,대한민국 충청남도 보령시 오천면,대한민국; 서해; 대한민국 충청남도 보령시 오천면,36.379444,126.437225,동해이랑조개은(는) 서해에서 관찰·채집된 해양생물 소재로 사용할 수 있다.,해양생물 캐릭터와 바다 탐험 동화 소재,"생물의 이름, 서식 해역, 분류를 활용한 관찰 질문과 퀴즈",5-7;8-10,해양생물;동해이랑조개;Megacardita;koreana;Mollusca;>;Bivalvia;Carditida;Carditidae;서해;대한민국;충청남도,126.437225,대한민국,동해이랑조개,Mollusca > Bivalvia > Carditida > Carditidae > Megacardita > Megacardita koreana,36.379444,대한민국 충청남도 보령시 오천면,2021-07-22,Megacardita koreana,서해
국립해양생물자원관_해양생물 채집 공간정보,https://www.data.go.kr/data/15151832/openapi.do,2021-04-08,marine_life,황해비단고둥,Umbonium thomasi,대한민국 충청남도 서천군 비인면,대한민국; 서해; 대한민국 충청남도 서천군 비인면,36.110668,126.605003,황해비단고둥은(는) 서해에서 관찰·채집된 해양생물 소재로 사용할 수 있다.,해양생물 캐릭터와 바다 탐험 동화 소재,"생물의 이름, 서식 해역, 분류를 활용한 관찰 질문과 퀴즈",5-7;8-10,해양생물;황해비단고둥;Umbonium;thomasi;서해;대한민국;충청남도;서천군;비인면,126.605003,대한민국,황해비단고둥,Umbonium thomasi,36.110668,대한민국 충청남도 서천군 비인면,2021-04-08,Umbonium thomasi,서해
국립해양생물자원관_해양생물 채집 공간정보,https://www.data.go.kr/data/15151832/openapi.do,2008-07-11,marine_life,총알고둥,Mollusca > Gastropoda > Littorinimorpha > Littorinidae > Littorina > Littorina brevicula,대한민국 경상남도 남해군 설천면 문항리 갯벌,대한민국; 남해동부; 대한민국 경상남도 남해군 설천면 문항리 갯벌,34.914948,127.929802,총알고둥은(는) 남해동부에서 관찰·채집된 해양생물 소재로 사용할 수 있다.,해양생물 캐릭터와 바다 탐험 동화 소재,"생물의 이름, 서식 해역, 분류를 활용한 관찰 질문과 퀴즈",5-7;8-10,해양생물;총알고둥;Littorina;brevicula;Mollusca;>;Gastropoda;Littorinimorpha;Littorinidae;남해동부;대한민국;경상남도,127.929802,대한민국,총알고둥,Mollusca > Gastropoda > Littorinimorpha > Littorinidae > Littorina > Littorina brevicula,34.914948,대한민국 경상남도 남해군 설천면 문항리 갯벌,2008-07-11,Littorina brevicula,남해동부
국립해양생물자원관_해양생물 채집 공간정보,https://www.data.go.kr/data/15151832/openapi.do,2011-06-12,marine_life,가시투성바다대벌레,Malacostraca > Amphipoda > Caprellidae > Caprella > Caprella acanthogaster,대한민국 전라남도 신안군 도초면 우이도리,대한민국; 서해; 대한민국 전라남도 신안군 도초면 우이도리,34.620422,125.854401,가시투성바다대벌레은(는) 서해에서 관찰·채집된 해양생물 소재로 사용할 수 있다.,해양생물 캐릭터와 바다 탐험 동화 소재,"생물의 이름, 서식 해역, 분류를 활용한 관찰 질문과 퀴즈",5-7;8-10,해양생물;가시투성바다대벌레;Caprella;acanthogaster;Malacostraca;>;Amphipoda;Caprellidae;서해;대한민국;전라남도;신안군,125.854401,대한민국,가시투성바다대벌레,Malacostraca > Amphipoda > Caprellidae > Caprella > Caprella acanthogaster,34.620422,대한민국 전라남도 신안군 도초면 우이도리,2011-06-12,Caprella acanthogaster,서해
국립해양생물자원관_해양생물 채집 공간정보,https://www.data.go.kr/data/15151832/openapi.do,2004-03-15,marine_life,Psychrobacter nivimaris,Psychrobacter nivimaris,대한민국 강원도 삼척시,대한민국; 동해중부; 대한민국 강원도 삼척시,37.466946,129.176117,Psychrobacter nivimaris은(는) 동해중부에서 관찰·채집된 해양생물 소재로 사용할 수 있다.,해양생물 캐릭터와 바다 탐험 동화 소재,"생물의 이름, 서식 해역, 분류를 활용한 관찰 질문과 퀴즈",5-7;8-10,해양생물;Psychrobacter;nivimaris;동해중부;대한민국;강원도;삼척시,129.176117,대한민국,,Psychrobacter nivimaris,37.466946,대한민국 강원도 삼척시,2004-03-15,Psychrobacter nivimaris,동해중부
국립해양생물자원관_해양생물 채집 공간정보,https://www.data.go.kr/data/15151832/openapi.do,2011-10-20,marine_life,짝돌속살이조개,Veneridae > Petricola > Petricola japonica,대한민국 경상남도 통영시 도남동 도남관광지,대한민국; 남해동부; 대한민국 경상남도 통영시 도남동 도남관광지,34.829391,128.431671,짝돌속살이조개은(는) 남해동부에서 관찰·채집된 해양생물 소재로 사용할 수 있다.,해양생물 캐릭터와 바다 탐험 동화 소재,"생물의 이름, 서식 해역, 분류를 활용한 관찰 질문과 퀴즈",5-7;8-10,해양생물;짝돌속살이조개;Petricola;japonica;Veneridae;>;남해동부;대한민국;경상남도;통영시;도남동;도남관광지,128.431671,대한민국,짝돌속살이조개,Veneridae > Petricola > Petricola japonica,34.829391,대한민국 경상남도 통영시 도남동 도남관광지,2011-10-20,Petricola japonica,남해동부
국립해양생물자원관_해양생물 채집 공간정보,https://www.data.go.kr/data/15151832/openapi.do,2004-03-15,marine_life,Psychrobacter nivimaris,Psychrobacter nivimaris,대한민국 강원도 삼척시,대한민국; 동해중부; 대한민국 강원도 삼척시,37.466946,129.176117,Psychrobacter nivimaris은(는) 동해중부에서 관찰·채집된 해양생물 소재로 사용할 수 있다.,해양생물 캐릭터와 바다 탐험 동화 소재,"생물의 이름, 서식 해역, 분류를 활용한 관찰 질문과 퀴즈",5-7;8-10,해양생물;Psychrobacter;nivimaris;동해중부;대한민국;강원도;삼척시,129.176117,대한민국,,Psychrobacter nivimaris,37.466946,대한민국 강원도 삼척시,2004-03-15,Psychrobacter nivimaris,동해중부
국립해양생물자원관_해양생물 채집 공간정보,https://www.data.go.kr/data/15151832/openapi.do,2004-03-15,marine_life,Leisingera methylohalidivorans,Rhodobacterales > Paracoccaceae > Leisingera > Leisingera methylohalidivorans,대한민국 강원도 삼척시,대한민국; 동해중부; 대한민국 강원도 삼척시,37.466946,129.176117,Leisingera methylohalidivorans은(는) 동해중부에서 관찰·채집된 해양생물 소재로 사용할 수 있다.,해양생물 캐릭터와 바다 탐험 동화 소재,"생물의 이름, 서식 해역, 분류를 활용한 관찰 질문과 퀴즈",5-7;8-10,해양생물;Leisingera;methylohalidivorans;Rhodobacterales;>;Paracoccaceae;동해중부;대한민국;강원도;삼척시,129.176117,대한민국,,Rhodobacterales > Paracoccaceae > Leisingera > Leisingera methylohalidivorans,37.466946,대한민국 강원도 삼척시,2004-03-15,Leisingera methylohalidivorans,동해중부
국립해양생물자원관_해양생물 채집 공간정보,https://www.data.go.kr/data/15151832/openapi.do,2004-03-15,marine_life,Pseudoalteromonas marina,Pseudomonadota > Gammaproteobacteria > Alteromonadales > Pseudoalteromonadaceae > Pseudoalteromonas > Pseudoalteromonas marina,대한민국 강원도 삼척시,대한민국; 동해중부; 대한민국 강원도 삼척시,37.466946,129.176117,Pseudoalteromonas marina은(는) 동해중부에서 관찰·채집된 해양생물 소재로 사용할 수 있다.,해양생물 캐릭터와 바다 탐험 동화 소재,"생물의 이름, 서식 해역, 분류를 활용한 관찰 질문과 퀴즈",5-7;8-10,해양생물;Pseudoalteromonas;marina;Pseudomonadota;>;Gammaproteobacteria;Alteromonadales;Pseudoalteromonadaceae;동해중부;대한민국;강원도;삼척시,129.176117,대한민국,,Pseudomonadota > Gammaproteobacteria > Alteromonadales > Pseudoalteromonadaceae > Pseudoalteromonas > Pseudoalteromonas marina,37.466946,대한민국 강원도 삼척시,2004-03-15,Pseudoalteromonas marina,동해중부
국립해양생물자원관_해양생물 채집 공간정보,https://www.data.go.kr/data/15151832/openapi.do,2014-05-01,marine_life,홋카이도붙은꼬리옆새우,Malacostraca > Amphipoda > Dexaminidae > Guernea > Guernea ezoensis,대한민국 강원도,대한민국; 동해중부; 대한민국 강원도,37.869858,128.955353,홋카이도붙은꼬리옆새우은(는) 동해중부에서 관찰·채집된 해양생물 소재로 사용할 수 있다.,해양생물 캐릭터와 바다 탐험 동화 소재,"생물의 이름, 서식 해역, 분류를 활용한 관찰 질문과 퀴즈",5-7;8-10,해양생물;홋카이도붙은꼬리옆새우;Guernea;ezoensis;Malacostraca;>;Amphipoda;Dexaminidae;동해중부;대한민국;강원도,128.955353,대한민국,홋카이도붙은꼬리옆새우,Malacostraca > Amphipoda > Dexaminidae > Guernea > Guernea ezoensis,37.869858,대한민국 강원도,2014-05-01,Guernea ezoensis,동해중부
국립해양생물자원관_해양생물 채집 공간정보,https://www.data.go.kr/data/15151832/openapi.do,2014-05-01,marine_life,뾰족머리긴팔바다대벌레,Malacostraca > Amphipoda > Caprellidae > Caprella > Caprella simia,대한민국 경상북도 울릉군,대한민국; 동해중부; 대한민국 경상북도 울릉군,37.455891,130.861374,뾰족머리긴팔바다대벌레은(는) 동해중부에서 관찰·채집된 해양생물 소재로 사용할 수 있다.,해양생물 캐릭터와 바다 탐험 동화 소재,"생물의 이름, 서식 해역, 분류를 활용한 관찰 질문과 퀴즈",5-7;8-10,해양생물;뾰족머리긴팔바다대벌레;Caprella;simia;Malacostraca;>;Amphipoda;Caprellidae;동해중부;대한민국;경상북도;울릉군,130.861374,대한민국,뾰족머리긴팔바다대벌레,Malacostraca > Amphipoda > Caprellidae > Caprella > Caprella simia,37.455891,대한민국 경상북도 울릉군,2014-05-01,Caprella simia,동해중부
국립해양생물자원관_해양생물 채집 공간정보,https://www.data.go.kr/data/15151832/openapi.do,2014-04-12,marine_life,잎파래,Ulvophyceae > Ulvales > Ulvaceae > Ulva > Ulva linza,대한민국 부산광역시 사하구,대한민국; 남해동부; 대한민국 부산광역시 사하구,35.046551,128.968948,잎파래은(는) 남해동부에서 관찰·채집된 해양생물 소재로 사용할 수 있다.,해양생물 캐릭터와 바다 탐험 동화 소재,"생물의 이름, 서식 해역, 분류를 활용한 관찰 질문과 퀴즈",5-7;8-10,해양생물;잎파래;Ulva;linza;Ulvophyceae;>;Ulvales;Ulvaceae;남해동부;대한민국;부산광역시;사하구,128.968948,대한민국,잎파래,Ulvophyceae > Ulvales > Ulvaceae > Ulva > Ulva linza,35.046551,대한민국 부산광역시 사하구,2014-04-12,Ulva linza,남해동부
국립해양생물자원관_해양생물 채집 공간정보,https://www.data.go.kr/data/15151832/openapi.do,2004-03-15,marine_life,Pseudovibrio japonicus,Stappiaceae > Pseudovibrio > Pseudovibrio japonicus,대한민국 강원도 삼척시,대한민국; 동해중부; 대한민국 강원도 삼척시,37.466946,129.176117,Pseudovibrio japonicus은(는) 동해중부에서 관찰·채집된 해양생물 소재로 사용할 수 있다.,해양생물 캐릭터와 바다 탐험 동화 소재,"생물의 이름, 서식 해역, 분류를 활용한 관찰 질문과 퀴즈",5-7;8-10,해양생물;Pseudovibrio;japonicus;Stappiaceae;>;동해중부;대한민국;강원도;삼척시,129.176117,대한민국,,Stappiaceae > Pseudovibrio > Pseudovibrio japonicus,37.466946,대한민국 강원도 삼척시,2004-03-15,Pseudovibrio japonicus,동해중부
국립해양생물자원관_해양생물 채집 공간정보,https://www.data.go.kr/data/15151832/openapi.do,2015-10-28,marine_life,잎파래,Ulvophyceae > Ulvales > Ulvaceae > Ulva > Ulva linza,대한민국 전라북도 부안군 변산면,대한민국; 서해; 대한민국 전라북도 부안군 변산면,35.611149,126.461411,잎파래은(는) 서해에서 관찰·채집된 해양생물 소재로 사용할 수 있다.,해양생물 캐릭터와 바다 탐험 동화 소재,"생물의 이름, 서식 해역, 분류를 활용한 관찰 질문과 퀴즈",5-7;8-10,해양생물;잎파래;Ulva;linza;Ulvophyceae;>;Ulvales;Ulvaceae;서해;대한민국;전라북도;부안군,126.461411,대한민국,잎파래,Ulvophyceae > Ulvales > Ulvaceae > Ulva > Ulva linza,35.611149,대한민국 전라북도 부안군 변산면,2015-10-28,Ulva linza,서해
국립해양생물자원관_해양생물 채집 공간정보,https://www.data.go.kr/data/15151832/openapi.do,2017-12-04,marine_life,마디잘록이,Rhodymeniales > Lomentariaceae > Fushitsunagia > Fushitsunagia catenata,대한민국 경상남도 통영시 용남면,대한민국; 남해동부; 대한민국 경상남도 통영시 용남면,34.878975,128.468307,마디잘록이은(는) 남해동부에서 관찰·채집된 해양생물 소재로 사용할 수 있다.,해양생물 캐릭터와 바다 탐험 동화 소재,"생물의 이름, 서식 해역, 분류를 활용한 관찰 질문과 퀴즈",5-7;8-10,해양생물;마디잘록이;Fushitsunagia;catenata;Rhodymeniales;>;Lomentariaceae;남해동부;대한민국;경상남도;통영시;용남면,128.468307,대한민국,마디잘록이,Rhodymeniales > Lomentariaceae > Fushitsunagia > Fushitsunagia catenata,34.878975,대한민국 경상남도 통영시 용남면,2017-12-04,Fushitsunagia catenata,남해동부
국립해양생물자원관_해양생물 채집 공간정보,https://www.data.go.kr/data/15151832/openapi.do,2012-10-01,marine_life,모래마디벌레,Malacostraca > Isopoda > Anthuridae > Cyathura > Cyathura higoensis,대한민국 부산광역시 강서구 명지동,대한민국; 남해동부; 대한민국 부산광역시 강서구 명지동,35.069443,128.894440,모래마디벌레은(는) 남해동부에서 관찰·채집된 해양생물 소재로 사용할 수 있다.,해양생물 캐릭터와 바다 탐험 동화 소재,"생물의 이름, 서식 해역, 분류를 활용한 관찰 질문과 퀴즈",5-7;8-10,해양생물;모래마디벌레;Cyathura;higoensis;Malacostraca;>;Isopoda;Anthuridae;남해동부;대한민국;부산광역시;강서구,128.894440,대한민국,모래마디벌레,Malacostraca > Isopoda > Anthuridae > Cyathura > Cyathura higoensis,35.069443,대한민국 부산광역시 강서구 명지동,2012-10-01,Cyathura higoensis,남해동부
국립해양생물자원관_해양생물 채집 공간정보,https://www.data.go.kr/data/15151832/openapi.do,2013-02-01,marine_life,창벌레,Symmius caudatus,대한민국 경상북도,대한민국; 동해남부; 대한민국 경상북도,36.289555,129.393250,창벌레은(는) 동해남부에서 관찰·채집된 해양생물 소재로 사용할 수 있다.,해양생물 캐릭터와 바다 탐험 동화 소재,"생물의 이름, 서식 해역, 분류를 활용한 관찰 질문과 퀴즈",5-7;8-10,해양생물;창벌레;Symmius;caudatus;동해남부;대한민국;경상북도,129.393250,대한민국,창벌레,Symmius caudatus,36.289555,대한민국 경상북도,2013-02-01,Symmius caudatus,동해남부
국립해양생물자원관_해양생물 채집 공간정보,https://www.data.go.kr/data/15151832/openapi.do,2014-08-01,marine_life,쏙,Upogebiidae > Upogebia > Upogebia major,대한민국 인천광역시 옹진군 영흥면 선재리,대한민국; 서해; 대한민국 인천광역시 옹진군 영흥면 선재리,37.225498,126.531654,쏙은(는) 서해에서 관찰·채집된 해양생물 소재로 사용할 수 있다.,해양생물 캐릭터와 바다 탐험 동화 소재,"생물의 이름, 서식 해역, 분류를 활용한 관찰 질문과 퀴즈",5-7;8-10,해양생물;쏙;Upogebia;major;Upogebiidae;>;서해;대한민국;인천광역시;옹진군;영흥면;선재리,126.531654,대한민국,쏙,Upogebiidae > Upogebia > Upogebia major,37.225498,대한민국 인천광역시 옹진군 영흥면 선재리,2014-08-01,Upogebia major,서해
국립해양생물자원관_해양생물 채집 공간정보,https://www.data.go.kr/data/15151832/openapi.do,2004-03-15,marine_life,Qipengyuania pelagi,Sphingomonadales > Erythrobacteraceae > Qipengyuania > Qipengyuania pelagi,대한민국 강원도 삼척시,대한민국; 동해중부; 대한민국 강원도 삼척시,37.466946,129.176117,Qipengyuania pelagi은(는) 동해중부에서 관찰·채집된 해양생물 소재로 사용할 수 있다.,해양생물 캐릭터와 바다 탐험 동화 소재,"생물의 이름, 서식 해역, 분류를 활용한 관찰 질문과 퀴즈",5-7;8-10,해양생물;Qipengyuania;pelagi;Sphingomonadales;>;Erythrobacteraceae;동해중부;대한민국;강원도;삼척시,129.176117,대한민국,,Sphingomonadales > Erythrobacteraceae > Qipengyuania > Qipengyuania pelagi,37.466946,대한민국 강원도 삼척시,2004-03-15,Qipengyuania pelagi,동해중부
국립해양생물자원관_해양생물 채집 공간정보,https://www.data.go.kr/data/15151832/openapi.do,2004-03-15,marine_life,Bacillus altitudinis,Caryophanales > Bacillaceae > Bacillus > Bacillus altitudinis,대한민국 강원도 삼척시,대한민국; 동해중부; 대한민국 강원도 삼척시,37.466946,129.176117,Bacillus altitudinis은(는) 동해중부에서 관찰·채집된 해양생물 소재로 사용할 수 있다.,해양생물 캐릭터와 바다 탐험 동화 소재,"생물의 이름, 서식 해역, 분류를 활용한 관찰 질문과 퀴즈",5-7;8-10,해양생물;Bacillus;altitudinis;Caryophanales;>;Bacillaceae;동해중부;대한민국;강원도;삼척시,129.176117,대한민국,,Caryophanales > Bacillaceae > Bacillus > Bacillus altitudinis,37.466946,대한민국 강원도 삼척시,2004-03-15,Bacillus altitudinis,동해중부
국립해양생물자원관_해양생물 채집 공간정보,https://www.data.go.kr/data/15151832/openapi.do,2013-07-10,marine_life,풀게,Varunidae > Hemigrapsus > Hemigrapsus penicillatus,대한민국 경기도 화성시 서신면 송교리,대한민국; 서해; 대한민국 경기도 화성시 서신면 송교리,37.146000,126.651894,풀게은(는) 서해에서 관찰·채집된 해양생물 소재로 사용할 수 있다.,해양생물 캐릭터와 바다 탐험 동화 소재,"생물의 이름, 서식 해역, 분류를 활용한 관찰 질문과 퀴즈",5-7;8-10,해양생물;풀게;Hemigrapsus;penicillatus;Varunidae;>;서해;대한민국;경기도;화성시;서신면;송교리,126.651894,대한민국,풀게,Varunidae > Hemigrapsus > Hemigrapsus penicillatus,37.146000,대한민국 경기도 화성시 서신면 송교리,2013-07-10,Hemigrapsus penicillatus,서해
국립해양생물자원관_해양생물 채집 공간정보,https://www.data.go.kr/data/15151832/openapi.do,2014-12-01,marine_life,중국뱀옆새우,Sinocorophium sinensis,대한민국 인천광역시 연수구 송도동,대한민국; 서해; 대한민국 인천광역시 연수구 송도동,37.404278,126.588188,중국뱀옆새우은(는) 서해에서 관찰·채집된 해양생물 소재로 사용할 수 있다.,해양생물 캐릭터와 바다 탐험 동화 소재,"생물의 이름, 서식 해역, 분류를 활용한 관찰 질문과 퀴즈",5-7;8-10,해양생물;중국뱀옆새우;Sinocorophium;sinensis;서해;대한민국;인천광역시;연수구;송도동,126.588188,대한민국,중국뱀옆새우,Sinocorophium sinensis,37.404278,대한민국 인천광역시 연수구 송도동,2014-12-01,Sinocorophium sinensis,서해
국립해양생물자원관_해양생물 채집 공간정보,https://www.data.go.kr/data/15151832/openapi.do,2021-04-23,marine_life,무늬발게,Varunidae > Hemigrapsus > Hemigrapsus sanguineus,대한민국 전라북도 군산시 옥도면 돌섬,대한민국; 서해; 대한민국 전라북도 군산시 옥도면 돌섬,36.120064,125.986488,무늬발게은(는) 서해에서 관찰·채집된 해양생물 소재로 사용할 수 있다.,해양생물 캐릭터와 바다 탐험 동화 소재,"생물의 이름, 서식 해역, 분류를 활용한 관찰 질문과 퀴즈",5-7;8-10,해양생물;무늬발게;Hemigrapsus;sanguineus;Varunidae;>;서해;대한민국;전라북도;군산시;옥도면;돌섬,125.986488,대한민국,무늬발게,Varunidae > Hemigrapsus > Hemigrapsus sanguineus,36.120064,대한민국 전라북도 군산시 옥도면 돌섬,2021-04-23,Hemigrapsus sanguineus,서해
국립해양생물자원관_해양생물 채집 공간정보,https://www.data.go.kr/data/15151832/openapi.do,2004-03-15,marine_life,Microbacterium algeriense,Micrococcales > Microbacteriaceae > Microbacterium > Microbacterium algeriense,대한민국 강원도 삼척시,대한민국; 동해중부; 대한민국 강원도 삼척시,37.466946,129.176117,Microbacterium algeriense은(는) 동해중부에서 관찰·채집된 해양생물 소재로 사용할 수 있다.,해양생물 캐릭터와 바다 탐험 동화 소재,"생물의 이름, 서식 해역, 분류를 활용한 관찰 질문과 퀴즈",5-7;8-10,해양생물;Microbacterium;algeriense;Micrococcales;>;Microbacteriaceae;동해중부;대한민국;강원도;삼척시,129.176117,대한민국,,Micrococcales > Microbacteriaceae > Microbacterium > Microbacterium algeriense,37.466946,대한민국 강원도 삼척시,2004-03-15,Microbacterium algeriense,동해중부
국립해양생물자원관_해양생물 채집 공간정보,https://www.data.go.kr/data/15151832/openapi.do,2004-03-15,marine_life,Marinobacter sediminum,Pseudomonadota > Gammaproteobacteria > Alteromonadales > Alteromonadaceae > Marinobacter > Marinobacter sediminum,대한민국 강원도 삼척시,대한민국; 동해중부; 대한민국 강원도 삼척시,37.466946,129.176117,Marinobacter sediminum은(는) 동해중부에서 관찰·채집된 해양생물 소재로 사용할 수 있다.,해양생물 캐릭터와 바다 탐험 동화 소재,"생물의 이름, 서식 해역, 분류를 활용한 관찰 질문과 퀴즈",5-7;8-10,해양생물;Marinobacter;sediminum;Pseudomonadota;>;Gammaproteobacteria;Alteromonadales;Alteromonadaceae;동해중부;대한민국;강원도;삼척시,129.176117,대한민국,,Pseudomonadota > Gammaproteobacteria > Alteromonadales > Alteromonadaceae > Marinobacter > Marinobacter sediminum,37.466946,대한민국 강원도 삼척시,2004-03-15,Marinobacter sediminum,동해중부
국립해양생물자원관_해양생물 채집 공간정보,https://www.data.go.kr/data/15151832/openapi.do,2017-04-28,marine_life,톱날입진짜종소모충,Tintinnidae > Eutintinnus > Eutintinnus rectus,대한민국 강원도 양양군 손양면 수산길 수산항,대한민국; 동해중부; 대한민국 강원도 양양군 손양면 수산길 수산항,38.079887,128.673309,톱날입진짜종소모충은(는) 동해중부에서 관찰·채집된 해양생물 소재로 사용할 수 있다.,해양생물 캐릭터와 바다 탐험 동화 소재,"생물의 이름, 서식 해역, 분류를 활용한 관찰 질문과 퀴즈",5-7;8-10,해양생물;톱날입진짜종소모충;Eutintinnus;rectus;Tintinnidae;>;동해중부;대한민국;강원도;양양군;손양면;수산길,128.673309,대한민국,톱날입진짜종소모충,Tintinnidae > Eutintinnus > Eutintinnus rectus,38.079887,대한민국 강원도 양양군 손양면 수산길 수산항,2017-04-28,Eutintinnus rectus,동해중부
국립해양생물자원관_해양생물 채집 공간정보,https://www.data.go.kr/data/15151832/openapi.do,2017-04-28,marine_life,톱날입진짜종소모충,Tintinnidae > Eutintinnus > Eutintinnus rectus,대한민국 강원도 강릉시 강릉항,대한민국; 동해중부; 대한민국 강원도 강릉시 강릉항,37.772167,128.951157,톱날입진짜종소모충은(는) 동해중부에서 관찰·채집된 해양생물 소재로 사용할 수 있다.,해양생물 캐릭터와 바다 탐험 동화 소재,"생물의 이름, 서식 해역, 분류를 활용한 관찰 질문과 퀴즈",5-7;8-10,해양생물;톱날입진짜종소모충;Eutintinnus;rectus;Tintinnidae;>;동해중부;대한민국;강원도;강릉시;강릉항,128.951157,대한민국,톱날입진짜종소모충,Tintinnidae > Eutintinnus > Eutintinnus rectus,37.772167,대한민국 강원도 강릉시 강릉항,2017-04-28,Eutintinnus rectus,동해중부
국립해양생물자원관_해양생물 채집 공간정보,https://www.data.go.kr/data/15151832/openapi.do,2015-10-19,marine_life,Epacanthion mawsoni,Thoracostomopsidae > Epacanthion > Epacanthion mawsoni,대한민국 제주특별자치도 제주시 이호일동 조간대,대한민국; 남해서부; 대한민국 제주특별자치도 제주시 이호일동 조간대,33.497501,126.452217,Epacanthion mawsoni은(는) 남해서부에서 관찰·채집된 해양생물 소재로 사용할 수 있다.,해양생물 캐릭터와 바다 탐험 동화 소재,"생물의 이름, 서식 해역, 분류를 활용한 관찰 질문과 퀴즈",5-7;8-10,해양생물;Epacanthion;mawsoni;Thoracostomopsidae;>;남해서부;대한민국;제주특별자치도;제주시;이호일동;조간대,126.452217,대한민국,,Thoracostomopsidae > Epacanthion > Epacanthion mawsoni,33.497501,대한민국 제주특별자치도 제주시 이호일동 조간대,2015-10-19,Epacanthion mawsoni,남해서부
국립해양생물자원관_해양생물 채집 공간정보,https://www.data.go.kr/data/15151832/openapi.do,2004-03-15,marine_life,Marinobacter sediminum,Pseudomonadota > Gammaproteobacteria > Alteromonadales > Alteromonadaceae > Marinobacter > Marinobacter sediminum,대한민국 강원도 삼척시,대한민국; 동해중부; 대한민국 강원도 삼척시,37.466946,129.176117,Marinobacter sediminum은(는) 동해중부에서 관찰·채집된 해양생물 소재로 사용할 수 있다.,해양생물 캐릭터와 바다 탐험 동화 소재,"생물의 이름, 서식 해역, 분류를 활용한 관찰 질문과 퀴즈",5-7;8-10,해양생물;Marinobacter;sediminum;Pseudomonadota;>;Gammaproteobacteria;Alteromonadales;Alteromonadaceae;동해중부;대한민국;강원도;삼척시,129.176117,대한민국,,Pseudomonadota > Gammaproteobacteria > Alteromonadales > Alteromonadaceae > Marinobacter > Marinobacter sediminum,37.466946,대한민국 강원도 삼척시,2004-03-15,Marinobacter sediminum,동해중부
국립해양생물자원관_해양생물 채집 공간정보,https://www.data.go.kr/data/15151832/openapi.do,2011-09-19,marine_life,갈퀴낫노벌레,Copepoda > Calanoida > Centropagidae > Centropages > Centropages furcatus,대한민국 제주특별자치도 서귀포시,대한민국; 남해서부; 대한민국 제주특별자치도 서귀포시,33.207550,126.511810,갈퀴낫노벌레은(는) 남해서부에서 관찰·채집된 해양생물 소재로 사용할 수 있다.,해양생물 캐릭터와 바다 탐험 동화 소재,"생물의 이름, 서식 해역, 분류를 활용한 관찰 질문과 퀴즈",5-7;8-10,해양생물;갈퀴낫노벌레;Centropages;furcatus;Copepoda;>;Calanoida;Centropagidae;남해서부;대한민국;제주특별자치도;서귀포시,126.511810,대한민국,갈퀴낫노벌레,Copepoda > Calanoida > Centropagidae > Centropages > Centropages furcatus,33.207550,대한민국 제주특별자치도 서귀포시,2011-09-19,Centropages furcatus,남해서부
국립해양생물자원관_해양생물 채집 공간정보,https://www.data.go.kr/data/15151832/openapi.do,2011-09-19,marine_life,갈퀴낫노벌레,Copepoda > Calanoida > Centropagidae > Centropages > Centropages furcatus,대한민국 제주특별자치도 서귀포시,대한민국; 남해서부; 대한민국 제주특별자치도 서귀포시,33.212803,126.500137,갈퀴낫노벌레은(는) 남해서부에서 관찰·채집된 해양생물 소재로 사용할 수 있다.,해양생물 캐릭터와 바다 탐험 동화 소재,"생물의 이름, 서식 해역, 분류를 활용한 관찰 질문과 퀴즈",5-7;8-10,해양생물;갈퀴낫노벌레;Centropages;furcatus;Copepoda;>;Calanoida;Centropagidae;남해서부;대한민국;제주특별자치도;서귀포시,126.500137,대한민국,갈퀴낫노벌레,Copepoda > Calanoida > Centropagidae > Centropages > Centropages furcatus,33.212803,대한민국 제주특별자치도 서귀포시,2011-09-19,Centropages furcatus,남해서부
국립해양생물자원관_해양생물 채집 공간정보,https://www.data.go.kr/data/15151832/openapi.do,2004-02-26,marine_life,Shewanella electrodiphila,Shewanellaceae > Shewanella > Shewanella electrodiphila,대한민국 강원도 삼척시,대한민국; 동해중부; 대한민국 강원도 삼척시,37.466946,129.176117,Shewanella electrodiphila은(는) 동해중부에서 관찰·채집된 해양생물 소재로 사용할 수 있다.,해양생물 캐릭터와 바다 탐험 동화 소재,"생물의 이름, 서식 해역, 분류를 활용한 관찰 질문과 퀴즈",5-7;8-10,해양생물;Shewanella;electrodiphila;Shewanellaceae;>;동해중부;대한민국;강원도;삼척시,129.176117,대한민국,,Shewanellaceae > Shewanella > Shewanella electrodiphila,37.466946,대한민국 강원도 삼척시,2004-02-26,Shewanella electrodiphila,동해중부
국립해양생물자원관_해양생물 채집 공간정보,https://www.data.go.kr/data/15151832/openapi.do,2010-07-16,marine_life,보어밴키해변해면,Porifera > Demospongiae > Halichondrida > Halichondridae > Halichondria > Halichondria bowerbanki,대한민국 경상북도 경주시 감포읍,대한민국; 동해남부; 대한민국 경상북도 경주시 감포읍,35.804531,129.505005,보어밴키해변해면은(는) 동해남부에서 관찰·채집된 해양생물 소재로 사용할 수 있다.,해양생물 캐릭터와 바다 탐험 동화 소재,"생물의 이름, 서식 해역, 분류를 활용한 관찰 질문과 퀴즈",5-7;8-10,해양생물;보어밴키해변해면;Halichondria;bowerbanki;Porifera;>;Demospongiae;Halichondrida;Halichondridae;동해남부;대한민국;경상북도,129.505005,대한민국,보어밴키해변해면,Porifera > Demospongiae > Halichondrida > Halichondridae > Halichondria > Halichondria bowerbanki,35.804531,대한민국 경상북도 경주시 감포읍,2010-07-16,Halichondria bowerbanki,동해남부
국립해양생물자원관_해양생물 채집 공간정보,https://www.data.go.kr/data/15151832/openapi.do,2004-02-26,marine_life,Bacillus altitudinis,Caryophanales > Bacillaceae > Bacillus > Bacillus altitudinis,대한민국 강원도 삼척시,대한민국; 동해중부; 대한민국 강원도 삼척시,37.466946,129.176117,Bacillus altitudinis은(는) 동해중부에서 관찰·채집된 해양생물 소재로 사용할 수 있다.,해양생물 캐릭터와 바다 탐험 동화 소재,"생물의 이름, 서식 해역, 분류를 활용한 관찰 질문과 퀴즈",5-7;8-10,해양생물;Bacillus;altitudinis;Caryophanales;>;Bacillaceae;동해중부;대한민국;강원도;삼척시,129.176117,대한민국,,Caryophanales > Bacillaceae > Bacillus > Bacillus altitudinis,37.466946,대한민국 강원도 삼척시,2004-02-26,Bacillus altitudinis,동해중부
국립해양생물자원관_해양생물 채집 공간정보,https://www.data.go.kr/data/15151832/openapi.do,2004-02-26,marine_life,Ruegeria meonggei,Ruegeria meonggei,대한민국 강원도 삼척시,대한민국; 동해중부; 대한민국 강원도 삼척시,37.466946,129.176117,Ruegeria meonggei은(는) 동해중부에서 관찰·채집된 해양생물 소재로 사용할 수 있다.,해양생물 캐릭터와 바다 탐험 동화 소재,"생물의 이름, 서식 해역, 분류를 활용한 관찰 질문과 퀴즈",5-7;8-10,해양생물;Ruegeria;meonggei;동해중부;대한민국;강원도;삼척시,129.176117,대한민국,,Ruegeria meonggei,37.466946,대한민국 강원도 삼척시,2004-02-26,Ruegeria meonggei,동해중부
국립해양생물자원관_해양생물 채집 공간정보,https://www.data.go.kr/data/15151832/openapi.do,2004-02-26,marine_life,Alkalihalobacillus algicola,Caryophanales > Bacillaceae > Alkalihalobacillus > Alkalihalobacillus algicola,대한민국 강원도 삼척시,대한민국; 동해중부; 대한민국 강원도 삼척시,37.466946,129.176117,Alkalihalobacillus algicola은(는) 동해중부에서 관찰·채집된 해양생물 소재로 사용할 수 있다.,해양생물 캐릭터와 바다 탐험 동화 소재,"생물의 이름, 서식 해역, 분류를 활용한 관찰 질문과 퀴즈",5-7;8-10,해양생물;Alkalihalobacillus;algicola;Caryophanales;>;Bacillaceae;동해중부;대한민국;강원도;삼척시,129.176117,대한민국,,Caryophanales > Bacillaceae > Alkalihalobacillus > Alkalihalobacillus algicola,37.466946,대한민국 강원도 삼척시,2004-02-26,Alkalihalobacillus algicola,동해중부
국립해양생물자원관_해양생물 채집 공간정보,https://www.data.go.kr/data/15151832/openapi.do,2004-02-26,marine_life,Agarivorans aestuarii,Pseudomonadota > Gammaproteobacteria > Alteromonadales > Alteromonadaceae > Agarivorans > Agarivorans aestuarii,대한민국 강원도 삼척시,대한민국; 동해중부; 대한민국 강원도 삼척시,37.466946,129.176117,Agarivorans aestuarii은(는) 동해중부에서 관찰·채집된 해양생물 소재로 사용할 수 있다.,해양생물 캐릭터와 바다 탐험 동화 소재,"생물의 이름, 서식 해역, 분류를 활용한 관찰 질문과 퀴즈",5-7;8-10,해양생물;Agarivorans;aestuarii;Pseudomonadota;>;Gammaproteobacteria;Alteromonadales;Alteromonadaceae;동해중부;대한민국;강원도;삼척시,129.176117,대한민국,,Pseudomonadota > Gammaproteobacteria > Alteromonadales > Alteromonadaceae > Agarivorans > Agarivorans aestuarii,37.466946,대한민국 강원도 삼척시,2004-02-26,Agarivorans aestuarii,동해중부
국립해양생물자원관_해양생물 채집 공간정보,https://www.data.go.kr/data/15151832/openapi.do,2004-02-26,marine_life,Flavobacterium aquimarinum,Flavobacterium aquimarinum,대한민국 강원도 삼척시,대한민국; 동해중부; 대한민국 강원도 삼척시,37.466946,129.176117,Flavobacterium aquimarinum은(는) 동해중부에서 관찰·채집된 해양생물 소재로 사용할 수 있다.,해양생물 캐릭터와 바다 탐험 동화 소재,"생물의 이름, 서식 해역, 분류를 활용한 관찰 질문과 퀴즈",5-7;8-10,해양생물;Flavobacterium;aquimarinum;동해중부;대한민국;강원도;삼척시,129.176117,대한민국,,Flavobacterium aquimarinum,37.466946,대한민국 강원도 삼척시,2004-02-26,Flavobacterium aquimarinum,동해중부
국립해양생물자원관_해양생물 채집 공간정보,https://www.data.go.kr/data/15151832/openapi.do,2004-02-26,marine_life,Shewanella japonica,Shewanellaceae > Shewanella > Shewanella japonica,대한민국 강원도 삼척시,대한민국; 동해중부; 대한민국 강원도 삼척시,37.466946,129.176117,Shewanella japonica은(는) 동해중부에서 관찰·채집된 해양생물 소재로 사용할 수 있다.,해양생물 캐릭터와 바다 탐험 동화 소재,"생물의 이름, 서식 해역, 분류를 활용한 관찰 질문과 퀴즈",5-7;8-10,해양생물;Shewanella;japonica;Shewanellaceae;>;동해중부;대한민국;강원도;삼척시,129.176117,대한민국,,Shewanellaceae > Shewanella > Shewanella japonica,37.466946,대한민국 강원도 삼척시,2004-02-26,Shewanella japonica,동해중부
국립해양생물자원관_해양생물 채집 공간정보,https://www.data.go.kr/data/15151832/openapi.do,2004-02-26,marine_life,Gaetbulibacter marinus,Gaetbulibacter marinus,대한민국 강원도 삼척시,대한민국; 동해중부; 대한민국 강원도 삼척시,37.466946,129.176117,Gaetbulibacter marinus은(는) 동해중부에서 관찰·채집된 해양생물 소재로 사용할 수 있다.,해양생물 캐릭터와 바다 탐험 동화 소재,"생물의 이름, 서식 해역, 분류를 활용한 관찰 질문과 퀴즈",5-7;8-10,해양생물;Gaetbulibacter;marinus;동해중부;대한민국;강원도;삼척시,129.176117,대한민국,,Gaetbulibacter marinus,37.466946,대한민국 강원도 삼척시,2004-02-26,Gaetbulibacter marinus,동해중부
국립해양생물자원관_해양생물 채집 공간정보,https://www.data.go.kr/data/15151832/openapi.do,2021-09-09,marine_life,두점박이민꽃게,Thalamitinae > Charybdis > Gonioneptunus > Charybdis (Gonioneptunus) bimaculata,대한민국 서해 한·중 잠정조치수역,대한민국; 서해; 대한민국 서해 한·중 잠정조치수역,34.241669,123.771667,두점박이민꽃게은(는) 서해에서 관찰·채집된 해양생물 소재로 사용할 수 있다.,해양생물 캐릭터와 바다 탐험 동화 소재,"생물의 이름, 서식 해역, 분류를 활용한 관찰 질문과 퀴즈",5-7;8-10,해양생물;두점박이민꽃게;Charybdis;(Gonioneptunus);bimaculata;Thalamitinae;>;Gonioneptunus;서해;대한민국;한·중;잠정조치수역,123.771667,대한민국,두점박이민꽃게,Thalamitinae > Charybdis > Gonioneptunus > Charybdis (Gonioneptunus) bimaculata,34.241669,대한민국 서해 한·중 잠정조치수역,2021-09-09,Charybdis (Gonioneptunus) bimaculata,서해
국립해양생물자원관_해양생물 채집 공간정보,https://www.data.go.kr/data/15151832/openapi.do,2021-04-28,marine_life,홍점갯지렁이,Polychaeta > Eunicida > Oenonidae > Arabella > Arabella iricolor,대한민국 인천광역시 옹진군 자월면,대한민국; 서해; 대한민국 인천광역시 옹진군 자월면,37.167919,126.262863,홍점갯지렁이은(는) 서해에서 관찰·채집된 해양생물 소재로 사용할 수 있다.,해양생물 캐릭터와 바다 탐험 동화 소재,"생물의 이름, 서식 해역, 분류를 활용한 관찰 질문과 퀴즈",5-7;8-10,해양생물;홍점갯지렁이;Arabella;iricolor;Polychaeta;>;Eunicida;Oenonidae;서해;대한민국;인천광역시;옹진군,126.262863,대한민국,홍점갯지렁이,Polychaeta > Eunicida > Oenonidae > Arabella > Arabella iricolor,37.167919,대한민국 인천광역시 옹진군 자월면,2021-04-28,Arabella iricolor,서해
국립해양생물자원관_해양생물 채집 공간정보,https://www.data.go.kr/data/15151832/openapi.do,2004-02-26,marine_life,Gaetbulibacter marinus,Gaetbulibacter marinus,대한민국 강원도 삼척시,대한민국; 동해중부; 대한민국 강원도 삼척시,37.466946,129.176117,Gaetbulibacter marinus은(는) 동해중부에서 관찰·채집된 해양생물 소재로 사용할 수 있다.,해양생물 캐릭터와 바다 탐험 동화 소재,"생물의 이름, 서식 해역, 분류를 활용한 관찰 질문과 퀴즈",5-7;8-10,해양생물;Gaetbulibacter;marinus;동해중부;대한민국;강원도;삼척시,129.176117,대한민국,,Gaetbulibacter marinus,37.466946,대한민국 강원도 삼척시,2004-02-26,Gaetbulibacter marinus,동해중부
국립해양생물자원관_해양생물 채집 공간정보,https://www.data.go.kr/data/15151832/openapi.do,2004-02-26,marine_life,Psychrobacter nivimaris,Psychrobacter nivimaris,대한민국 강원도 삼척시,대한민국; 동해중부; 대한민국 강원도 삼척시,37.466946,129.176117,Psychrobacter nivimaris은(는) 동해중부에서 관찰·채집된 해양생물 소재로 사용할 수 있다.,해양생물 캐릭터와 바다 탐험 동화 소재,"생물의 이름, 서식 해역, 분류를 활용한 관찰 질문과 퀴즈",5-7;8-10,해양생물;Psychrobacter;nivimaris;동해중부;대한민국;강원도;삼척시,129.176117,대한민국,,Psychrobacter nivimaris,37.466946,대한민국 강원도 삼척시,2004-02-26,Psychrobacter nivimaris,동해중부
국립해양생물자원관_해양생물 채집 공간정보,https://www.data.go.kr/data/15151832/openapi.do,2004-02-26,marine_life,Bacillus altitudinis,Caryophanales > Bacillaceae > Bacillus > Bacillus altitudinis,대한민국 강원도 삼척시,대한민국; 동해중부; 대한민국 강원도 삼척시,37.466946,129.176117,Bacillus altitudinis은(는) 동해중부에서 관찰·채집된 해양생물 소재로 사용할 수 있다.,해양생물 캐릭터와 바다 탐험 동화 소재,"생물의 이름, 서식 해역, 분류를 활용한 관찰 질문과 퀴즈",5-7;8-10,해양생물;Bacillus;altitudinis;Caryophanales;>;Bacillaceae;동해중부;대한민국;강원도;삼척시,129.176117,대한민국,,Caryophanales > Bacillaceae > Bacillus > Bacillus altitudinis,37.466946,대한민국 강원도 삼척시,2004-02-26,Bacillus altitudinis,동해중부
국립해양생물자원관_해양생물 채집 공간정보,https://www.data.go.kr/data/15151832/openapi.do,2004-02-26,marine_life,Alkalihalobacillus algicola,Caryophanales > Bacillaceae > Alkalihalobacillus > Alkalihalobacillus algicola,대한민국 강원도 삼척시,대한민국; 동해중부; 대한민국 강원도 삼척시,37.466946,129.176117,Alkalihalobacillus algicola은(는) 동해중부에서 관찰·채집된 해양생물 소재로 사용할 수 있다.,해양생물 캐릭터와 바다 탐험 동화 소재,"생물의 이름, 서식 해역, 분류를 활용한 관찰 질문과 퀴즈",5-7;8-10,해양생물;Alkalihalobacillus;algicola;Caryophanales;>;Bacillaceae;동해중부;대한민국;강원도;삼척시,129.176117,대한민국,,Caryophanales > Bacillaceae > Alkalihalobacillus > Alkalihalobacillus algicola,37.466946,대한민국 강원도 삼척시,2004-02-26,Alkalihalobacillus algicola,동해중부
국립해양생물자원관_해양생물 채집 공간정보,https://www.data.go.kr/data/15151832/openapi.do,2004-02-26,marine_life,Planococcus donghaensis,Planococcus donghaensis,대한민국 강원도 삼척시,대한민국; 동해중부; 대한민국 강원도 삼척시,37.466946,129.176117,Planococcus donghaensis은(는) 동해중부에서 관찰·채집된 해양생물 소재로 사용할 수 있다.,해양생물 캐릭터와 바다 탐험 동화 소재,"생물의 이름, 서식 해역, 분류를 활용한 관찰 질문과 퀴즈",5-7;8-10,해양생물;Planococcus;donghaensis;동해중부;대한민국;강원도;삼척시,129.176117,대한민국,,Planococcus donghaensis,37.466946,대한민국 강원도 삼척시,2004-02-26,Planococcus donghaensis,동해중부
국립해양생물자원관_해양생물 채집 공간정보,https://www.data.go.kr/data/15151832/openapi.do,2013-07-12,marine_life,Penicillium expansum,Penicillium expansum,대한민국 전라남도 무안군 현경면,대한민국; 서해; 대한민국 전라남도 무안군 현경면,35.027637,126.421417,Penicillium expansum은(는) 서해에서 관찰·채집된 해양생물 소재로 사용할 수 있다.,해양생물 캐릭터와 바다 탐험 동화 소재,"생물의 이름, 서식 해역, 분류를 활용한 관찰 질문과 퀴즈",5-7;8-10,해양생물;Penicillium;expansum;서해;대한민국;전라남도;무안군;현경면,126.421417,대한민국,,Penicillium expansum,35.027637,대한민국 전라남도 무안군 현경면,2013-07-12,Penicillium expansum,서해
국립해양생물자원관_해양생물 채집 공간정보,https://www.data.go.kr/data/15151832/openapi.do,2004-02-26,marine_life,Shewanella kaireitica,Shewanellaceae > Shewanella > Shewanella kaireitica,대한민국 강원도 삼척시,대한민국; 동해중부; 대한민국 강원도 삼척시,37.466946,129.176117,Shewanella kaireitica은(는) 동해중부에서 관찰·채집된 해양생물 소재로 사용할 수 있다.,해양생물 캐릭터와 바다 탐험 동화 소재,"생물의 이름, 서식 해역, 분류를 활용한 관찰 질문과 퀴즈",5-7;8-10,해양생물;Shewanella;kaireitica;Shewanellaceae;>;동해중부;대한민국;강원도;삼척시,129.176117,대한민국,,Shewanellaceae > Shewanella > Shewanella kaireitica,37.466946,대한민국 강원도 삼척시,2004-02-26,Shewanella kaireitica,동해중부
국립해양생물자원관_해양생물 채집 공간정보,https://www.data.go.kr/data/15151832/openapi.do,2004-02-26,marine_life,Rossellomorea oryzaecorticis,Rossellomorea oryzaecorticis,대한민국 강원도 삼척시,대한민국; 동해중부; 대한민국 강원도 삼척시,37.466946,129.176117,Rossellomorea oryzaecorticis은(는) 동해중부에서 관찰·채집된 해양생물 소재로 사용할 수 있다.,해양생물 캐릭터와 바다 탐험 동화 소재,"생물의 이름, 서식 해역, 분류를 활용한 관찰 질문과 퀴즈",5-7;8-10,해양생물;Rossellomorea;oryzaecorticis;동해중부;대한민국;강원도;삼척시,129.176117,대한민국,,Rossellomorea oryzaecorticis,37.466946,대한민국 강원도 삼척시,2004-02-26,Rossellomorea oryzaecorticis,동해중부
국립해양생물자원관_해양생물 채집 공간정보,https://www.data.go.kr/data/15151832/openapi.do,2004-02-26,marine_life,Shewanella livingstonensis,Shewanellaceae > Shewanella > Shewanella livingstonensis,대한민국 강원도 삼척시,대한민국; 동해중부; 대한민국 강원도 삼척시,37.466946,129.176117,Shewanella livingstonensis은(는) 동해중부에서 관찰·채집된 해양생물 소재로 사용할 수 있다.,해양생물 캐릭터와 바다 탐험 동화 소재,"생물의 이름, 서식 해역, 분류를 활용한 관찰 질문과 퀴즈",5-7;8-10,해양생물;Shewanella;livingstonensis;Shewanellaceae;>;동해중부;대한민국;강원도;삼척시,129.176117,대한민국,,Shewanellaceae > Shewanella > Shewanella livingstonensis,37.466946,대한민국 강원도 삼척시,2004-02-26,Shewanella livingstonensis,동해중부
국립해양생물자원관_해양생물 채집 공간정보,https://www.data.go.kr/data/15151832/openapi.do,2021-07-12,marine_life,개맛,Lingulidae > Lingula > Lingula anatina,대한민국 인천광역시 중구 덕교동 662-5,대한민국; 서해; 대한민국 인천광역시 중구 덕교동 662-5,37.430973,126.414726,개맛은(는) 서해에서 관찰·채집된 해양생물 소재로 사용할 수 있다.,해양생물 캐릭터와 바다 탐험 동화 소재,"생물의 이름, 서식 해역, 분류를 활용한 관찰 질문과 퀴즈",5-7;8-10,해양생물;개맛;Lingula;anatina;Lingulidae;>;서해;대한민국;인천광역시;중구;덕교동;662-5,126.414726,대한민국,개맛,Lingulidae > Lingula > Lingula anatina,37.430973,대한민국 인천광역시 중구 덕교동 662-5,2021-07-12,Lingula anatina,서해
국립해양생물자원관_해양생물 채집 공간정보,https://www.data.go.kr/data/15151832/openapi.do,2004-02-26,marine_life,Paracoccus marcusii,Rhodobacterales > Paracoccaceae > Paracoccus > Paracoccus marcusii,대한민국 강원도 삼척시,대한민국; 동해중부; 대한민국 강원도 삼척시,37.466946,129.176117,Paracoccus marcusii은(는) 동해중부에서 관찰·채집된 해양생물 소재로 사용할 수 있다.,해양생물 캐릭터와 바다 탐험 동화 소재,"생물의 이름, 서식 해역, 분류를 활용한 관찰 질문과 퀴즈",5-7;8-10,해양생물;Paracoccus;marcusii;Rhodobacterales;>;Paracoccaceae;동해중부;대한민국;강원도;삼척시,129.176117,대한민국,,Rhodobacterales > Paracoccaceae > Paracoccus > Paracoccus marcusii,37.466946,대한민국 강원도 삼척시,2004-02-26,Paracoccus marcusii,동해중부
국립해양생물자원관_해양생물 채집 공간정보,https://www.data.go.kr/data/15151832/openapi.do,2004-02-26,marine_life,Vibrio splendidus,Vibrionales > Vibrionaceae > Vibrio > Vibrio splendidus,대한민국 강원도 삼척시,대한민국; 동해중부; 대한민국 강원도 삼척시,37.466946,129.176117,Vibrio splendidus은(는) 동해중부에서 관찰·채집된 해양생물 소재로 사용할 수 있다.,해양생물 캐릭터와 바다 탐험 동화 소재,"생물의 이름, 서식 해역, 분류를 활용한 관찰 질문과 퀴즈",5-7;8-10,해양생물;Vibrio;splendidus;Vibrionales;>;Vibrionaceae;동해중부;대한민국;강원도;삼척시,129.176117,대한민국,,Vibrionales > Vibrionaceae > Vibrio > Vibrio splendidus,37.466946,대한민국 강원도 삼척시,2004-02-26,Vibrio splendidus,동해중부
국립해양생물자원관_해양생물 채집 공간정보,https://www.data.go.kr/data/15151832/openapi.do,2004-02-26,marine_life,Flavobacterium frigidarium,Flavobacterium frigidarium,대한민국 강원도 삼척시,대한민국; 동해중부; 대한민국 강원도 삼척시,37.466946,129.176117,Flavobacterium frigidarium은(는) 동해중부에서 관찰·채집된 해양생물 소재로 사용할 수 있다.,해양생물 캐릭터와 바다 탐험 동화 소재,"생물의 이름, 서식 해역, 분류를 활용한 관찰 질문과 퀴즈",5-7;8-10,해양생물;Flavobacterium;frigidarium;동해중부;대한민국;강원도;삼척시,129.176117,대한민국,,Flavobacterium frigidarium,37.466946,대한민국 강원도 삼척시,2004-02-26,Flavobacterium frigidarium,동해중부
국립해양생물자원관_해양생물 채집 공간정보,https://www.data.go.kr/data/15151832/openapi.do,2004-02-26,marine_life,Olleya algicola,Olleya algicola,대한민국 강원도 삼척시,대한민국; 동해중부; 대한민국 강원도 삼척시,37.466946,129.176117,Olleya algicola은(는) 동해중부에서 관찰·채집된 해양생물 소재로 사용할 수 있다.,해양생물 캐릭터와 바다 탐험 동화 소재,"생물의 이름, 서식 해역, 분류를 활용한 관찰 질문과 퀴즈",5-7;8-10,해양생물;Olleya;algicola;동해중부;대한민국;강원도;삼척시,129.176117,대한민국,,Olleya algicola,37.466946,대한민국 강원도 삼척시,2004-02-26,Olleya algicola,동해중부
국립해양생물자원관_해양생물 채집 공간정보,https://www.data.go.kr/data/15151832/openapi.do,2004-02-26,marine_life,Bacillus mycoides,Caryophanales > Bacillaceae > Bacillus > Bacillus mycoides,대한민국 강원도 삼척시,대한민국; 동해중부; 대한민국 강원도 삼척시,37.466946,129.176117,Bacillus mycoides은(는) 동해중부에서 관찰·채집된 해양생물 소재로 사용할 수 있다.,해양생물 캐릭터와 바다 탐험 동화 소재,"생물의 이름, 서식 해역, 분류를 활용한 관찰 질문과 퀴즈",5-7;8-10,해양생물;Bacillus;mycoides;Caryophanales;>;Bacillaceae;동해중부;대한민국;강원도;삼척시,129.176117,대한민국,,Caryophanales > Bacillaceae > Bacillus > Bacillus mycoides,37.466946,대한민국 강원도 삼척시,2004-02-26,Bacillus mycoides,동해중부
국립해양생물자원관_해양생물 채집 공간정보,https://www.data.go.kr/data/15151832/openapi.do,2004-02-26,marine_life,Psychrobacter piscatorii,Psychrobacter piscatorii,대한민국 강원도 삼척시,대한민국; 동해중부; 대한민국 강원도 삼척시,37.466946,129.176117,Psychrobacter piscatorii은(는) 동해중부에서 관찰·채집된 해양생물 소재로 사용할 수 있다.,해양생물 캐릭터와 바다 탐험 동화 소재,"생물의 이름, 서식 해역, 분류를 활용한 관찰 질문과 퀴즈",5-7;8-10,해양생물;Psychrobacter;piscatorii;동해중부;대한민국;강원도;삼척시,129.176117,대한민국,,Psychrobacter piscatorii,37.466946,대한민국 강원도 삼척시,2004-02-26,Psychrobacter piscatorii,동해중부
국립해양생물자원관_해양생물 채집 공간정보,https://www.data.go.kr/data/15151832/openapi.do,2004-02-26,marine_life,Olleya algicola,Olleya algicola,대한민국 강원도 삼척시,대한민국; 동해중부; 대한민국 강원도 삼척시,37.466946,129.176117,Olleya algicola은(는) 동해중부에서 관찰·채집된 해양생물 소재로 사용할 수 있다.,해양생물 캐릭터와 바다 탐험 동화 소재,"생물의 이름, 서식 해역, 분류를 활용한 관찰 질문과 퀴즈",5-7;8-10,해양생물;Olleya;algicola;동해중부;대한민국;강원도;삼척시,129.176117,대한민국,,Olleya algicola,37.466946,대한민국 강원도 삼척시,2004-02-26,Olleya algicola,동해중부
국립해양생물자원관_해양생물 채집 공간정보,https://www.data.go.kr/data/15151832/openapi.do,2004-02-26,marine_life,Psychrobacter cibarius,Psychrobacter cibarius,대한민국 강원도 삼척시,대한민국; 동해중부; 대한민국 강원도 삼척시,37.466946,129.176117,Psychrobacter cibarius은(는) 동해중부에서 관찰·채집된 해양생물 소재로 사용할 수 있다.,해양생물 캐릭터와 바다 탐험 동화 소재,"생물의 이름, 서식 해역, 분류를 활용한 관찰 질문과 퀴즈",5-7;8-10,해양생물;Psychrobacter;cibarius;동해중부;대한민국;강원도;삼척시,129.176117,대한민국,,Psychrobacter cibarius,37.466946,대한민국 강원도 삼척시,2004-02-26,Psychrobacter cibarius,동해중부
국립해양생물자원관_해양생물 채집 공간정보,https://www.data.go.kr/data/15151832/openapi.do,2004-02-26,marine_life,Flavobacterium frigidarium,Flavobacterium frigidarium,대한민국 강원도 삼척시,대한민국; 동해중부; 대한민국 강원도 삼척시,37.466946,129.176117,Flavobacterium frigidarium은(는) 동해중부에서 관찰·채집된 해양생물 소재로 사용할 수 있다.,해양생물 캐릭터와 바다 탐험 동화 소재,"생물의 이름, 서식 해역, 분류를 활용한 관찰 질문과 퀴즈",5-7;8-10,해양생물;Flavobacterium;frigidarium;동해중부;대한민국;강원도;삼척시,129.176117,대한민국,,Flavobacterium frigidarium,37.466946,대한민국 강원도 삼척시,2004-02-26,Flavobacterium frigidarium,동해중부
국립해양생물자원관_해양생물 채집 공간정보,https://www.data.go.kr/data/15151832/openapi.do,2004-02-26,marine_life,Vibrio atlanticus,Vibrionales > Vibrionaceae > Vibrio > Vibrio atlanticus,대한민국 강원도 삼척시,대한민국; 동해중부; 대한민국 강원도 삼척시,37.466946,129.176117,Vibrio atlanticus은(는) 동해중부에서 관찰·채집된 해양생물 소재로 사용할 수 있다.,해양생물 캐릭터와 바다 탐험 동화 소재,"생물의 이름, 서식 해역, 분류를 활용한 관찰 질문과 퀴즈",5-7;8-10,해양생물;Vibrio;atlanticus;Vibrionales;>;Vibrionaceae;동해중부;대한민국;강원도;삼척시,129.176117,대한민국,,Vibrionales > Vibrionaceae > Vibrio > Vibrio atlanticus,37.466946,대한민국 강원도 삼척시,2004-02-26,Vibrio atlanticus,동해중부
국립해양생물자원관_해양생물 채집 공간정보,https://www.data.go.kr/data/15151832/openapi.do,2004-02-26,marine_life,Psychrobacter cibarius,Psychrobacter cibarius,대한민국 강원도 삼척시,대한민국; 동해중부; 대한민국 강원도 삼척시,37.466946,129.176117,Psychrobacter cibarius은(는) 동해중부에서 관찰·채집된 해양생물 소재로 사용할 수 있다.,해양생물 캐릭터와 바다 탐험 동화 소재,"생물의 이름, 서식 해역, 분류를 활용한 관찰 질문과 퀴즈",5-7;8-10,해양생물;Psychrobacter;cibarius;동해중부;대한민국;강원도;삼척시,129.176117,대한민국,,Psychrobacter cibarius,37.466946,대한민국 강원도 삼척시,2004-02-26,Psychrobacter cibarius,동해중부
국립해양생물자원관_해양생물 채집 공간정보,https://www.data.go.kr/data/15151832/openapi.do,2021-04-13,marine_life,두드럭고둥,Reishia bronni,대한민국 충청남도 보령시 웅천읍 독산해수욕장,대한민국; 서해; 대한민국 충청남도 보령시 웅천읍 독산해수욕장,36.221111,126.527000,두드럭고둥은(는) 서해에서 관찰·채집된 해양생물 소재로 사용할 수 있다.,해양생물 캐릭터와 바다 탐험 동화 소재,"생물의 이름, 서식 해역, 분류를 활용한 관찰 질문과 퀴즈",5-7;8-10,해양생물;두드럭고둥;Reishia;bronni;서해;대한민국;충청남도;보령시;웅천읍;독산해수욕장,126.527000,대한민국,두드럭고둥,Reishia bronni,36.221111,대한민국 충청남도 보령시 웅천읍 독산해수욕장,2021-04-13,Reishia bronni,서해
국립해양생물자원관_해양생물 채집 공간정보,https://www.data.go.kr/data/15151832/openapi.do,2004-02-26,marine_life,Gillisia mitskevichiae,Gillisia mitskevichiae,대한민국 강원도 삼척시,대한민국; 동해중부; 대한민국 강원도 삼척시,37.466946,129.176117,Gillisia mitskevichiae은(는) 동해중부에서 관찰·채집된 해양생물 소재로 사용할 수 있다.,해양생물 캐릭터와 바다 탐험 동화 소재,"생물의 이름, 서식 해역, 분류를 활용한 관찰 질문과 퀴즈",5-7;8-10,해양생물;Gillisia;mitskevichiae;동해중부;대한민국;강원도;삼척시,129.176117,대한민국,,Gillisia mitskevichiae,37.466946,대한민국 강원도 삼척시,2004-02-26,Gillisia mitskevichiae,동해중부
국립해양생물자원관_해양생물 채집 공간정보,https://www.data.go.kr/data/15151832/openapi.do,2021-06-23,marine_life,흰갯민숭달팽이,Nudibranchia > Chromodorididae > Chromodoris > Chromodoris orientalis,대한민국 전라남도 신안군 흑산면,대한민국; 서해; 대한민국 전라남도 신안군 흑산면,34.114697,125.094048,흰갯민숭달팽이은(는) 서해에서 관찰·채집된 해양생물 소재로 사용할 수 있다.,해양생물 캐릭터와 바다 탐험 동화 소재,"생물의 이름, 서식 해역, 분류를 활용한 관찰 질문과 퀴즈",5-7;8-10,해양생물;흰갯민숭달팽이;Chromodoris;orientalis;Nudibranchia;>;Chromodorididae;서해;대한민국;전라남도;신안군;흑산면,125.094048,대한민국,흰갯민숭달팽이,Nudibranchia > Chromodorididae > Chromodoris > Chromodoris orientalis,34.114697,대한민국 전라남도 신안군 흑산면,2021-06-23,Chromodoris orientalis,서해
국립해양생물자원관_해양생물 채집 공간정보,https://www.data.go.kr/data/15151832/openapi.do,2021-06-24,marine_life,방석고둥,Trochida > Calliostomatidae > Tristichotrochus > Tristichotrochus unicus,대한민국 전라남도 신안군 흑산면 가거도,대한민국; 서해; 대한민국 전라남도 신안군 흑산면 가거도,34.054234,125.092857,방석고둥은(는) 서해에서 관찰·채집된 해양생물 소재로 사용할 수 있다.,해양생물 캐릭터와 바다 탐험 동화 소재,"생물의 이름, 서식 해역, 분류를 활용한 관찰 질문과 퀴즈",5-7;8-10,해양생물;방석고둥;Tristichotrochus;unicus;Trochida;>;Calliostomatidae;서해;대한민국;전라남도;신안군;흑산면,125.092857,대한민국,방석고둥,Trochida > Calliostomatidae > Tristichotrochus > Tristichotrochus unicus,34.054234,대한민국 전라남도 신안군 흑산면 가거도,2021-06-24,Tristichotrochus unicus,서해
국립해양생물자원관_해양생물 채집 공간정보,https://www.data.go.kr/data/15151832/openapi.do,2004-02-26,marine_life,Salinibacterium amurskyense,Salinibacterium amurskyense,대한민국 강원도 삼척시,대한민국; 동해중부; 대한민국 강원도 삼척시,37.466946,129.176117,Salinibacterium amurskyense은(는) 동해중부에서 관찰·채집된 해양생물 소재로 사용할 수 있다.,해양생물 캐릭터와 바다 탐험 동화 소재,"생물의 이름, 서식 해역, 분류를 활용한 관찰 질문과 퀴즈",5-7;8-10,해양생물;Salinibacterium;amurskyense;동해중부;대한민국;강원도;삼척시,129.176117,대한민국,,Salinibacterium amurskyense,37.466946,대한민국 강원도 삼척시,2004-02-26,Salinibacterium amurskyense,동해중부
국립해양생물자원관_해양생물 채집 공간정보,https://www.data.go.kr/data/15151832/openapi.do,2016-05-05,marine_life,검은싸리모자반,Sargassum miyabei,대한민국 전라남도 진도군 의신면,대한민국; 남해서부; 대한민국 전라남도 진도군 의신면,34.395531,126.276894,검은싸리모자반은(는) 남해서부에서 관찰·채집된 해양생물 소재로 사용할 수 있다.,해양생물 캐릭터와 바다 탐험 동화 소재,"생물의 이름, 서식 해역, 분류를 활용한 관찰 질문과 퀴즈",5-7;8-10,해양생물;검은싸리모자반;Sargassum;miyabei;남해서부;대한민국;전라남도;진도군;의신면,126.276894,대한민국,검은싸리모자반,Sargassum miyabei,34.395531,대한민국 전라남도 진도군 의신면,2016-05-05,Sargassum miyabei,남해서부
국립해양생물자원관_해양생물 채집 공간정보,https://www.data.go.kr/data/15151832/openapi.do,2017-04-28,marine_life,톱날입진짜종소모충,Tintinnidae > Eutintinnus > Eutintinnus rectus,대한민국 강원도 강릉시 강릉항,대한민국; 동해중부; 대한민국 강원도 강릉시 강릉항,37.772167,128.951157,톱날입진짜종소모충은(는) 동해중부에서 관찰·채집된 해양생물 소재로 사용할 수 있다.,해양생물 캐릭터와 바다 탐험 동화 소재,"생물의 이름, 서식 해역, 분류를 활용한 관찰 질문과 퀴즈",5-7;8-10,해양생물;톱날입진짜종소모충;Eutintinnus;rectus;Tintinnidae;>;동해중부;대한민국;강원도;강릉시;강릉항,128.951157,대한민국,톱날입진짜종소모충,Tintinnidae > Eutintinnus > Eutintinnus rectus,37.772167,대한민국 강원도 강릉시 강릉항,2017-04-28,Eutintinnus rectus,동해중부
국립해양생물자원관_해양생물 채집 공간정보,https://www.data.go.kr/data/15151832/openapi.do,2004-02-26,marine_life,Leifsonia rubra,Micrococcales > Microbacteriaceae > Leifsonia > Leifsonia rubra,대한민국 강원도 삼척시,대한민국; 동해중부; 대한민국 강원도 삼척시,37.466946,129.176117,Leifsonia rubra은(는) 동해중부에서 관찰·채집된 해양생물 소재로 사용할 수 있다.,해양생물 캐릭터와 바다 탐험 동화 소재,"생물의 이름, 서식 해역, 분류를 활용한 관찰 질문과 퀴즈",5-7;8-10,해양생물;Leifsonia;rubra;Micrococcales;>;Microbacteriaceae;동해중부;대한민국;강원도;삼척시,129.176117,대한민국,,Micrococcales > Microbacteriaceae > Leifsonia > Leifsonia rubra,37.466946,대한민국 강원도 삼척시,2004-02-26,Leifsonia rubra,동해중부
국립해양생물자원관_해양생물 채집 공간정보,https://www.data.go.kr/data/15151832/openapi.do,2004-02-26,marine_life,Ruegeria meonggei,Ruegeria meonggei,대한민국 강원도 삼척시,대한민국; 동해중부; 대한민국 강원도 삼척시,37.466946,129.176117,Ruegeria meonggei은(는) 동해중부에서 관찰·채집된 해양생물 소재로 사용할 수 있다.,해양생물 캐릭터와 바다 탐험 동화 소재,"생물의 이름, 서식 해역, 분류를 활용한 관찰 질문과 퀴즈",5-7;8-10,해양생물;Ruegeria;meonggei;동해중부;대한민국;강원도;삼척시,129.176117,대한민국,,Ruegeria meonggei,37.466946,대한민국 강원도 삼척시,2004-02-26,Ruegeria meonggei,동해중부
국립해양생물자원관_해양생물 채집 공간정보,https://www.data.go.kr/data/15151832/openapi.do,2004-02-26,marine_life,Staphylococcus epidermidis,Staphylococcus epidermidis,대한민국 강원도 삼척시,대한민국; 동해중부; 대한민국 강원도 삼척시,37.466946,129.176117,Staphylococcus epidermidis은(는) 동해중부에서 관찰·채집된 해양생물 소재로 사용할 수 있다.,해양생물 캐릭터와 바다 탐험 동화 소재,"생물의 이름, 서식 해역, 분류를 활용한 관찰 질문과 퀴즈",5-7;8-10,해양생물;Staphylococcus;epidermidis;동해중부;대한민국;강원도;삼척시,129.176117,대한민국,,Staphylococcus epidermidis,37.466946,대한민국 강원도 삼척시,2004-02-26,Staphylococcus epidermidis,동해중부
국립해양생물자원관_해양생물 채집 공간정보,https://www.data.go.kr/data/15151832/openapi.do,2005-02-25,marine_life,Psychrobacter maritimus,Psychrobacter maritimus,대한민국 강원도 삼척시,대한민국; 동해중부; 대한민국 강원도 삼척시,37.466946,129.176117,Psychrobacter maritimus은(는) 동해중부에서 관찰·채집된 해양생물 소재로 사용할 수 있다.,해양생물 캐릭터와 바다 탐험 동화 소재,"생물의 이름, 서식 해역, 분류를 활용한 관찰 질문과 퀴즈",5-7;8-10,해양생물;Psychrobacter;maritimus;동해중부;대한민국;강원도;삼척시,129.176117,대한민국,,Psychrobacter maritimus,37.466946,대한민국 강원도 삼척시,2005-02-25,Psychrobacter maritimus,동해중부
국립해양생물자원관_해양생물 채집 공간정보,https://www.data.go.kr/data/15151832/openapi.do,2004-03-30,marine_life,Lysinibacillus fusiformis,Lysinibacillus fusiformis,대한민국 강원도 삼척시,대한민국; 동해중부; 대한민국 강원도 삼척시,37.466946,129.176117,Lysinibacillus fusiformis은(는) 동해중부에서 관찰·채집된 해양생물 소재로 사용할 수 있다.,해양생물 캐릭터와 바다 탐험 동화 소재,"생물의 이름, 서식 해역, 분류를 활용한 관찰 질문과 퀴즈",5-7;8-10,해양생물;Lysinibacillus;fusiformis;동해중부;대한민국;강원도;삼척시,129.176117,대한민국,,Lysinibacillus fusiformis,37.466946,대한민국 강원도 삼척시,2004-03-30,Lysinibacillus fusiformis,동해중부
국립해양생물자원관_해양생물 채집 공간정보,https://www.data.go.kr/data/15151832/openapi.do,2004-03-30,marine_life,Cytobacillus firmus,Cytobacillus firmus,대한민국 강원도 삼척시,대한민국; 동해중부; 대한민국 강원도 삼척시,37.466946,129.176117,Cytobacillus firmus은(는) 동해중부에서 관찰·채집된 해양생물 소재로 사용할 수 있다.,해양생물 캐릭터와 바다 탐험 동화 소재,"생물의 이름, 서식 해역, 분류를 활용한 관찰 질문과 퀴즈",5-7;8-10,해양생물;Cytobacillus;firmus;동해중부;대한민국;강원도;삼척시,129.176117,대한민국,,Cytobacillus firmus,37.466946,대한민국 강원도 삼척시,2004-03-30,Cytobacillus firmus,동해중부
국립해양생물자원관_해양생물 채집 공간정보,https://www.data.go.kr/data/15151832/openapi.do,2004-03-30,marine_life,Sporosarcina saromensis,Sporosarcina saromensis,대한민국 강원도 삼척시,대한민국; 동해중부; 대한민국 강원도 삼척시,37.466946,129.176117,Sporosarcina saromensis은(는) 동해중부에서 관찰·채집된 해양생물 소재로 사용할 수 있다.,해양생물 캐릭터와 바다 탐험 동화 소재,"생물의 이름, 서식 해역, 분류를 활용한 관찰 질문과 퀴즈",5-7;8-10,해양생물;Sporosarcina;saromensis;동해중부;대한민국;강원도;삼척시,129.176117,대한민국,,Sporosarcina saromensis,37.466946,대한민국 강원도 삼척시,2004-03-30,Sporosarcina saromensis,동해중부
국립해양생물자원관_해양생물 채집 공간정보,https://www.data.go.kr/data/15151832/openapi.do,2004-03-30,marine_life,Halobacillus trueperi,Halobacillus trueperi,대한민국 강원도 삼척시,대한민국; 동해중부; 대한민국 강원도 삼척시,37.466946,129.176117,Halobacillus trueperi은(는) 동해중부에서 관찰·채집된 해양생물 소재로 사용할 수 있다.,해양생물 캐릭터와 바다 탐험 동화 소재,"생물의 이름, 서식 해역, 분류를 활용한 관찰 질문과 퀴즈",5-7;8-10,해양생물;Halobacillus;trueperi;동해중부;대한민국;강원도;삼척시,129.176117,대한민국,,Halobacillus trueperi,37.466946,대한민국 강원도 삼척시,2004-03-30,Halobacillus trueperi,동해중부
국립해양생물자원관_해양생물 채집 공간정보,https://www.data.go.kr/data/15151832/openapi.do,2004-03-30,marine_life,Photobacterium galatheae,Vibrionales > Vibrionaceae > Photobacterium > Photobacterium galatheae,대한민국 강원도 삼척시,대한민국; 동해중부; 대한민국 강원도 삼척시,37.466946,129.176117,Photobacterium galatheae은(는) 동해중부에서 관찰·채집된 해양생물 소재로 사용할 수 있다.,해양생물 캐릭터와 바다 탐험 동화 소재,"생물의 이름, 서식 해역, 분류를 활용한 관찰 질문과 퀴즈",5-7;8-10,해양생물;Photobacterium;galatheae;Vibrionales;>;Vibrionaceae;동해중부;대한민국;강원도;삼척시,129.176117,대한민국,,Vibrionales > Vibrionaceae > Photobacterium > Photobacterium galatheae,37.466946,대한민국 강원도 삼척시,2004-03-30,Photobacterium galatheae,동해중부
국립해양생물자원관_해양생물 채집 공간정보,https://www.data.go.kr/data/15151832/openapi.do,2004-03-30,marine_life,Sporosarcina saromensis,Sporosarcina saromensis,대한민국 강원도 삼척시,대한민국; 동해중부; 대한민국 강원도 삼척시,37.466946,129.176117,Sporosarcina saromensis은(는) 동해중부에서 관찰·채집된 해양생물 소재로 사용할 수 있다.,해양생물 캐릭터와 바다 탐험 동화 소재,"생물의 이름, 서식 해역, 분류를 활용한 관찰 질문과 퀴즈",5-7;8-10,해양생물;Sporosarcina;saromensis;동해중부;대한민국;강원도;삼척시,129.176117,대한민국,,Sporosarcina saromensis,37.466946,대한민국 강원도 삼척시,2004-03-30,Sporosarcina saromensis,동해중부
국립해양생물자원관_해양생물 채집 공간정보,https://www.data.go.kr/data/15151832/openapi.do,2004-03-30,marine_life,Bacillus licheniformis,Caryophanales > Bacillaceae > Bacillus > Bacillus licheniformis,대한민국 강원도 삼척시,대한민국; 동해중부; 대한민국 강원도 삼척시,37.466946,129.176117,Bacillus licheniformis은(는) 동해중부에서 관찰·채집된 해양생물 소재로 사용할 수 있다.,해양생물 캐릭터와 바다 탐험 동화 소재,"생물의 이름, 서식 해역, 분류를 활용한 관찰 질문과 퀴즈",5-7;8-10,해양생물;Bacillus;licheniformis;Caryophanales;>;Bacillaceae;동해중부;대한민국;강원도;삼척시,129.176117,대한민국,,Caryophanales > Bacillaceae > Bacillus > Bacillus licheniformis,37.466946,대한민국 강원도 삼척시,2004-03-30,Bacillus licheniformis,동해중부
국립해양생물자원관_해양생물 채집 공간정보,https://www.data.go.kr/data/15151832/openapi.do,2004-03-30,marine_life,Lysinibacillus fusiformis,Lysinibacillus fusiformis,대한민국 강원도 삼척시,대한민국; 동해중부; 대한민국 강원도 삼척시,37.466946,129.176117,Lysinibacillus fusiformis은(는) 동해중부에서 관찰·채집된 해양생물 소재로 사용할 수 있다.,해양생물 캐릭터와 바다 탐험 동화 소재,"생물의 이름, 서식 해역, 분류를 활용한 관찰 질문과 퀴즈",5-7;8-10,해양생물;Lysinibacillus;fusiformis;동해중부;대한민국;강원도;삼척시,129.176117,대한민국,,Lysinibacillus fusiformis,37.466946,대한민국 강원도 삼척시,2004-03-30,Lysinibacillus fusiformis,동해중부
국립해양생물자원관_해양생물 채집 공간정보,https://www.data.go.kr/data/15151832/openapi.do,2013-10-06,marine_life,개청각,Ulvophyceae > Bryopsidales > Codiaceae > Codium > Codium tomentosum,대한민국 제주특별자치도 서귀포시,대한민국; 남해서부; 대한민국 제주특별자치도 서귀포시,33.226051,126.563171,개청각은(는) 남해서부에서 관찰·채집된 해양생물 소재로 사용할 수 있다.,해양생물 캐릭터와 바다 탐험 동화 소재,"생물의 이름, 서식 해역, 분류를 활용한 관찰 질문과 퀴즈",5-7;8-10,해양생물;개청각;Codium;tomentosum;Ulvophyceae;>;Bryopsidales;Codiaceae;남해서부;대한민국;제주특별자치도;서귀포시,126.563171,대한민국,개청각,Ulvophyceae > Bryopsidales > Codiaceae > Codium > Codium tomentosum,33.226051,대한민국 제주특별자치도 서귀포시,2013-10-06,Codium tomentosum,남해서부
국립해양생물자원관_해양생물 채집 공간정보,https://www.data.go.kr/data/15151832/openapi.do,2014-12-13,marine_life,덤불모자반,Sargassum yezoense,대한민국 경상북도 포항시 남구 구룡포읍,대한민국; 동해남부; 대한민국 경상북도 포항시 남구 구룡포읍,35.996529,129.566635,덤불모자반은(는) 동해남부에서 관찰·채집된 해양생물 소재로 사용할 수 있다.,해양생물 캐릭터와 바다 탐험 동화 소재,"생물의 이름, 서식 해역, 분류를 활용한 관찰 질문과 퀴즈",5-7;8-10,해양생물;덤불모자반;Sargassum;yezoense;동해남부;대한민국;경상북도;포항시;남구;구룡포읍,129.566635,대한민국,덤불모자반,Sargassum yezoense,35.996529,대한민국 경상북도 포항시 남구 구룡포읍,2014-12-13,Sargassum yezoense,동해남부
국립해양생물자원관_해양생물 채집 공간정보,https://www.data.go.kr/data/15151832/openapi.do,2004-03-30,marine_life,Psychrobacter nivimaris,Psychrobacter nivimaris,대한민국 강원도 삼척시,대한민국; 동해중부; 대한민국 강원도 삼척시,37.466946,129.176117,Psychrobacter nivimaris은(는) 동해중부에서 관찰·채집된 해양생물 소재로 사용할 수 있다.,해양생물 캐릭터와 바다 탐험 동화 소재,"생물의 이름, 서식 해역, 분류를 활용한 관찰 질문과 퀴즈",5-7;8-10,해양생물;Psychrobacter;nivimaris;동해중부;대한민국;강원도;삼척시,129.176117,대한민국,,Psychrobacter nivimaris,37.466946,대한민국 강원도 삼척시,2004-03-30,Psychrobacter nivimaris,동해중부
국립해양생물자원관_해양생물 채집 공간정보,https://www.data.go.kr/data/15151832/openapi.do,2013-11-09,marine_life,뜸부기,Silvetia siliquosa,대한민국 전라남도 진도군 의신면,대한민국; 남해서부; 대한민국 전라남도 진도군 의신면,34.395531,126.276894,뜸부기은(는) 남해서부에서 관찰·채집된 해양생물 소재로 사용할 수 있다.,해양생물 캐릭터와 바다 탐험 동화 소재,"생물의 이름, 서식 해역, 분류를 활용한 관찰 질문과 퀴즈",5-7;8-10,해양생물;뜸부기;Silvetia;siliquosa;남해서부;대한민국;전라남도;진도군;의신면,126.276894,대한민국,뜸부기,Silvetia siliquosa,34.395531,대한민국 전라남도 진도군 의신면,2013-11-09,Silvetia siliquosa,남해서부
국립해양생물자원관_해양생물 채집 공간정보,https://www.data.go.kr/data/15151832/openapi.do,2004-03-30,marine_life,Alkalihalobacillus algicola,Caryophanales > Bacillaceae > Alkalihalobacillus > Alkalihalobacillus algicola,대한민국 강원도 삼척시,대한민국; 동해중부; 대한민국 강원도 삼척시,37.466946,129.176117,Alkalihalobacillus algicola은(는) 동해중부에서 관찰·채집된 해양생물 소재로 사용할 수 있다.,해양생물 캐릭터와 바다 탐험 동화 소재,"생물의 이름, 서식 해역, 분류를 활용한 관찰 질문과 퀴즈",5-7;8-10,해양생물;Alkalihalobacillus;algicola;Caryophanales;>;Bacillaceae;동해중부;대한민국;강원도;삼척시,129.176117,대한민국,,Caryophanales > Bacillaceae > Alkalihalobacillus > Alkalihalobacillus algicola,37.466946,대한민국 강원도 삼척시,2004-03-30,Alkalihalobacillus algicola,동해중부
국립해양생물자원관_해양생물 채집 공간정보,https://www.data.go.kr/data/15151832/openapi.do,1989-06-04,marine_life,막우뭇가사리,Rhodophyta > Florideophyceae > Gelidiales > Gelidiaceae > Gelidium > Gelidium vagum,대한민국 충청남도 보령시 오천면,대한민국; 서해; 대한민국 충청남도 보령시 오천면,36.348793,126.351021,막우뭇가사리은(는) 서해에서 관찰·채집된 해양생물 소재로 사용할 수 있다.,해양생물 캐릭터와 바다 탐험 동화 소재,"생물의 이름, 서식 해역, 분류를 활용한 관찰 질문과 퀴즈",5-7;8-10,해양생물;막우뭇가사리;Gelidium;vagum;Rhodophyta;>;Florideophyceae;Gelidiales;Gelidiaceae;서해;대한민국;충청남도,126.351021,대한민국,막우뭇가사리,Rhodophyta > Florideophyceae > Gelidiales > Gelidiaceae > Gelidium > Gelidium vagum,36.348793,대한민국 충청남도 보령시 오천면,1989-06-04,Gelidium vagum,서해
국립해양생물자원관_해양생물 채집 공간정보,https://www.data.go.kr/data/15151832/openapi.do,2012-06-23,marine_life,Detonula pumila,Thalassiosirales > Thalassiosiraceae > Detonula > Detonula pumila,대한민국 제주특별자치도 제주시,대한민국; 남해서부; 대한민국 제주특별자치도 제주시,33.542465,126.634422,Detonula pumila은(는) 남해서부에서 관찰·채집된 해양생물 소재로 사용할 수 있다.,해양생물 캐릭터와 바다 탐험 동화 소재,"생물의 이름, 서식 해역, 분류를 활용한 관찰 질문과 퀴즈",5-7;8-10,해양생물;Detonula;pumila;Thalassiosirales;>;Thalassiosiraceae;남해서부;대한민국;제주특별자치도;제주시,126.634422,대한민국,,Thalassiosirales > Thalassiosiraceae > Detonula > Detonula pumila,33.542465,대한민국 제주특별자치도 제주시,2012-06-23,Detonula pumila,남해서부
국립해양생물자원관_해양생물 채집 공간정보,https://www.data.go.kr/data/15151832/openapi.do,2018-03-13,marine_life,톱니붉은잎,Rhodophyta > Florideophyceae > Gigartinales > Kallymeniaceae > Callophyllis > Callophyllis serratifolia,대한민국 제주특별자치도 서귀포시,대한민국; 남해서부; 대한민국 제주특별자치도 서귀포시,33.227566,126.567802,톱니붉은잎은(는) 남해서부에서 관찰·채집된 해양생물 소재로 사용할 수 있다.,해양생물 캐릭터와 바다 탐험 동화 소재,"생물의 이름, 서식 해역, 분류를 활용한 관찰 질문과 퀴즈",5-7;8-10,해양생물;톱니붉은잎;Callophyllis;serratifolia;Rhodophyta;>;Florideophyceae;Gigartinales;Kallymeniaceae;남해서부;대한민국;제주특별자치도,126.567802,대한민국,톱니붉은잎,Rhodophyta > Florideophyceae > Gigartinales > Kallymeniaceae > Callophyllis > Callophyllis serratifolia,33.227566,대한민국 제주특별자치도 서귀포시,2018-03-13,Callophyllis serratifolia,남해서부
국립해양생물자원관_해양생물 채집 공간정보,https://www.data.go.kr/data/15151832/openapi.do,2004-03-30,marine_life,Microbacterium esteraromaticum,Micrococcales > Microbacteriaceae > Microbacterium > Microbacterium esteraromaticum,대한민국 강원도 삼척시,대한민국; 동해중부; 대한민국 강원도 삼척시,37.466946,129.176117,Microbacterium esteraromaticum은(는) 동해중부에서 관찰·채집된 해양생물 소재로 사용할 수 있다.,해양생물 캐릭터와 바다 탐험 동화 소재,"생물의 이름, 서식 해역, 분류를 활용한 관찰 질문과 퀴즈",5-7;8-10,해양생물;Microbacterium;esteraromaticum;Micrococcales;>;Microbacteriaceae;동해중부;대한민국;강원도;삼척시,129.176117,대한민국,,Micrococcales > Microbacteriaceae > Microbacterium > Microbacterium esteraromaticum,37.466946,대한민국 강원도 삼척시,2004-03-30,Microbacterium esteraromaticum,동해중부
국립해양생물자원관_해양생물 채집 공간정보,https://www.data.go.kr/data/15151832/openapi.do,2013-11-09,marine_life,납작솜털,Phaeophyceae > Ectocarpales > Ectocarpaceae > Ectocarpus > Ectocarpus acutus,대한민국 전라남도 진도군 의신면,대한민국; 남해서부; 대한민국 전라남도 진도군 의신면,34.395531,126.276894,납작솜털은(는) 남해서부에서 관찰·채집된 해양생물 소재로 사용할 수 있다.,해양생물 캐릭터와 바다 탐험 동화 소재,"생물의 이름, 서식 해역, 분류를 활용한 관찰 질문과 퀴즈",5-7;8-10,해양생물;납작솜털;Ectocarpus;acutus;Phaeophyceae;>;Ectocarpales;Ectocarpaceae;남해서부;대한민국;전라남도;진도군,126.276894,대한민국,납작솜털,Phaeophyceae > Ectocarpales > Ectocarpaceae > Ectocarpus > Ectocarpus acutus,34.395531,대한민국 전라남도 진도군 의신면,2013-11-09,Ectocarpus acutus,남해서부
국립해양생물자원관_해양생물 채집 공간정보,https://www.data.go.kr/data/15151832/openapi.do,2006-10-19,marine_life,Tigriopus west,Tigriopus west,대한민국 충청남도 태안군 소원면,대한민국; 서해; 대한민국 충청남도 태안군 소원면,36.795727,126.135292,Tigriopus west은(는) 서해에서 관찰·채집된 해양생물 소재로 사용할 수 있다.,해양생물 캐릭터와 바다 탐험 동화 소재,"생물의 이름, 서식 해역, 분류를 활용한 관찰 질문과 퀴즈",5-7;8-10,해양생물;Tigriopus;west;서해;대한민국;충청남도;태안군;소원면,126.135292,대한민국,,Tigriopus west,36.795727,대한민국 충청남도 태안군 소원면,2006-10-19,Tigriopus west,서해
국립해양생물자원관_해양생물 채집 공간정보,https://www.data.go.kr/data/15151832/openapi.do,2004-03-30,marine_life,Pseudoalteromonas distincta,Pseudomonadota > Gammaproteobacteria > Alteromonadales > Pseudoalteromonadaceae > Pseudoalteromonas > Pseudoalteromonas distincta,대한민국 강원도 삼척시,대한민국; 동해중부; 대한민국 강원도 삼척시,37.466946,129.176117,Pseudoalteromonas distincta은(는) 동해중부에서 관찰·채집된 해양생물 소재로 사용할 수 있다.,해양생물 캐릭터와 바다 탐험 동화 소재,"생물의 이름, 서식 해역, 분류를 활용한 관찰 질문과 퀴즈",5-7;8-10,해양생물;Pseudoalteromonas;distincta;Pseudomonadota;>;Gammaproteobacteria;Alteromonadales;Pseudoalteromonadaceae;동해중부;대한민국;강원도;삼척시,129.176117,대한민국,,Pseudomonadota > Gammaproteobacteria > Alteromonadales > Pseudoalteromonadaceae > Pseudoalteromonas > Pseudoalteromonas distincta,37.466946,대한민국 강원도 삼척시,2004-03-30,Pseudoalteromonas distincta,동해중부
국립해양생물자원관_해양생물 채집 공간정보,https://www.data.go.kr/data/15151832/openapi.do,2004-03-30,marine_life,Bacillus paramobilis,Caryophanales > Bacillaceae > Bacillus > Bacillus paramobilis,대한민국 강원도 삼척시,대한민국; 동해중부; 대한민국 강원도 삼척시,37.466946,129.176117,Bacillus paramobilis은(는) 동해중부에서 관찰·채집된 해양생물 소재로 사용할 수 있다.,해양생물 캐릭터와 바다 탐험 동화 소재,"생물의 이름, 서식 해역, 분류를 활용한 관찰 질문과 퀴즈",5-7;8-10,해양생물;Bacillus;paramobilis;Caryophanales;>;Bacillaceae;동해중부;대한민국;강원도;삼척시,129.176117,대한민국,,Caryophanales > Bacillaceae > Bacillus > Bacillus paramobilis,37.466946,대한민국 강원도 삼척시,2004-03-30,Bacillus paramobilis,동해중부
국립해양생물자원관_해양생물 채집 공간정보,https://www.data.go.kr/data/15151832/openapi.do,2017-08-01,marine_life,구멍갈파래,Ulvophyceae > Ulvales > Ulvaceae > Ulva > Ulva australis,대한민국 경상북도 울진군 평해읍,대한민국; 동해중부; 대한민국 경상북도 울진군 평해읍,36.709694,129.475510,구멍갈파래은(는) 동해중부에서 관찰·채집된 해양생물 소재로 사용할 수 있다.,해양생물 캐릭터와 바다 탐험 동화 소재,"생물의 이름, 서식 해역, 분류를 활용한 관찰 질문과 퀴즈",5-7;8-10,해양생물;구멍갈파래;Ulva;australis;Ulvophyceae;>;Ulvales;Ulvaceae;동해중부;대한민국;경상북도;울진군,129.475510,대한민국,구멍갈파래,Ulvophyceae > Ulvales > Ulvaceae > Ulva > Ulva australis,36.709694,대한민국 경상북도 울진군 평해읍,2017-08-01,Ulva australis,동해중부
국립해양생물자원관_해양생물 채집 공간정보,https://www.data.go.kr/data/15151832/openapi.do,2004-06-18,marine_life,Priestia aryabhattai,Priestia aryabhattai,대한민국 동해,대한민국; 동해중부; 대한민국 동해,37.173058,131.229996,Priestia aryabhattai은(는) 동해중부에서 관찰·채집된 해양생물 소재로 사용할 수 있다.,해양생물 캐릭터와 바다 탐험 동화 소재,"생물의 이름, 서식 해역, 분류를 활용한 관찰 질문과 퀴즈",5-7;8-10,해양생물;Priestia;aryabhattai;동해중부;대한민국;동해,131.229996,대한민국,,Priestia aryabhattai,37.173058,대한민국 동해,2004-06-18,Priestia aryabhattai,동해중부
국립해양생물자원관_해양생물 채집 공간정보,https://www.data.go.kr/data/15151832/openapi.do,2015-03-27,marine_life,반자이칠게,Pleocyemata > Brachyura > Ocypodoidea > Macrophthalmidae > Macrophthalminae > Macrophthalmus > Mareotis > Macrophthalmus (Mareotis) banzai,대한민국 전라남도 완도군 군외면 원동리,대한민국; 남해서부; 대한민국 전라남도 완도군 군외면 원동리,34.396881,126.626884,반자이칠게은(는) 남해서부에서 관찰·채집된 해양생물 소재로 사용할 수 있다.,해양생물 캐릭터와 바다 탐험 동화 소재,"생물의 이름, 서식 해역, 분류를 활용한 관찰 질문과 퀴즈",5-7;8-10,해양생물;반자이칠게;Macrophthalmus;(Mareotis);banzai;Pleocyemata;>;Brachyura;Ocypodoidea;Macrophthalmidae;Macrophthalminae;Mareotis,126.626884,대한민국,반자이칠게,Pleocyemata > Brachyura > Ocypodoidea > Macrophthalmidae > Macrophthalminae > Macrophthalmus > Mareotis > Macrophthalmus (Mareotis) banzai,34.396881,대한민국 전라남도 완도군 군외면 원동리,2015-03-27,Macrophthalmus (Mareotis) banzai,남해서부
국립해양생물자원관_해양생물 채집 공간정보,https://www.data.go.kr/data/15151832/openapi.do,2014-08-16,marine_life,대서양긴배검물벼룩,Oithonidae > Oithona > Oithona atlantica,대한민국 전라남도,대한민국; 서해; 대한민국 전라남도,35.323792,125.868553,대서양긴배검물벼룩은(는) 서해에서 관찰·채집된 해양생물 소재로 사용할 수 있다.,해양생물 캐릭터와 바다 탐험 동화 소재,"생물의 이름, 서식 해역, 분류를 활용한 관찰 질문과 퀴즈",5-7;8-10,해양생물;대서양긴배검물벼룩;Oithona;atlantica;Oithonidae;>;서해;대한민국;전라남도,125.868553,대한민국,대서양긴배검물벼룩,Oithonidae > Oithona > Oithona atlantica,35.323792,대한민국 전라남도,2014-08-16,Oithona atlantica,서해
국립해양생물자원관_해양생물 채집 공간정보,https://www.data.go.kr/data/15151832/openapi.do,2021-03-17,marine_life,일본곤쟁이,Neomysis japonica,대한민국 전라남도 무안군 청계면 복길항,대한민국; 서해; 대한민국 전라남도 무안군 청계면 복길항,34.894257,126.391396,일본곤쟁이은(는) 서해에서 관찰·채집된 해양생물 소재로 사용할 수 있다.,해양생물 캐릭터와 바다 탐험 동화 소재,"생물의 이름, 서식 해역, 분류를 활용한 관찰 질문과 퀴즈",5-7;8-10,해양생물;일본곤쟁이;Neomysis;japonica;서해;대한민국;전라남도;무안군;청계면;복길항,126.391396,대한민국,일본곤쟁이,Neomysis japonica,34.894257,대한민국 전라남도 무안군 청계면 복길항,2021-03-17,Neomysis japonica,서해
국립해양생물자원관_해양생물 채집 공간정보,https://www.data.go.kr/data/15151832/openapi.do,2017-06-15,marine_life,톱니근사벌집소모충,Xystonellidae > Parafavella > Parafavella denticulata,대한민국 강원도 강릉시 강릉항,대한민국; 동해중부; 대한민국 강원도 강릉시 강릉항,37.772167,128.951157,톱니근사벌집소모충은(는) 동해중부에서 관찰·채집된 해양생물 소재로 사용할 수 있다.,해양생물 캐릭터와 바다 탐험 동화 소재,"생물의 이름, 서식 해역, 분류를 활용한 관찰 질문과 퀴즈",5-7;8-10,해양생물;톱니근사벌집소모충;Parafavella;denticulata;Xystonellidae;>;동해중부;대한민국;강원도;강릉시;강릉항,128.951157,대한민국,톱니근사벌집소모충,Xystonellidae > Parafavella > Parafavella denticulata,37.772167,대한민국 강원도 강릉시 강릉항,2017-06-15,Parafavella denticulata,동해중부
국립해양생물자원관_해양생물 채집 공간정보,https://www.data.go.kr/data/15151832/openapi.do,2004-06-18,marine_life,Fictibacillus aquaticus,Fictibacillus aquaticus,대한민국 동해,대한민국; 동해중부; 대한민국 동해,37.173058,131.229996,Fictibacillus aquaticus은(는) 동해중부에서 관찰·채집된 해양생물 소재로 사용할 수 있다.,해양생물 캐릭터와 바다 탐험 동화 소재,"생물의 이름, 서식 해역, 분류를 활용한 관찰 질문과 퀴즈",5-7;8-10,해양생물;Fictibacillus;aquaticus;동해중부;대한민국;동해,131.229996,대한민국,,Fictibacillus aquaticus,37.173058,대한민국 동해,2004-06-18,Fictibacillus aquaticus,동해중부
국립해양생물자원관_해양생물 채집 공간정보,https://www.data.go.kr/data/15151832/openapi.do,2021-06-22,marine_life,마디이끼벌레,Gymnolaemata > Cheilostomatida > Cellariidae > Cellaria > Cellaria punctata,대한민국 전라남도 신안군 흑산면 가거도 녹섬,대한민국; 서해; 대한민국 전라남도 신안군 흑산면 가거도 녹섬,34.046944,125.122704,마디이끼벌레은(는) 서해에서 관찰·채집된 해양생물 소재로 사용할 수 있다.,해양생물 캐릭터와 바다 탐험 동화 소재,"생물의 이름, 서식 해역, 분류를 활용한 관찰 질문과 퀴즈",5-7;8-10,해양생물;마디이끼벌레;Cellaria;punctata;Gymnolaemata;>;Cheilostomatida;Cellariidae;서해;대한민국;전라남도;신안군,125.122704,대한민국,마디이끼벌레,Gymnolaemata > Cheilostomatida > Cellariidae > Cellaria > Cellaria punctata,34.046944,대한민국 전라남도 신안군 흑산면 가거도 녹섬,2021-06-22,Cellaria punctata,서해
국립해양생물자원관_해양생물 채집 공간정보,https://www.data.go.kr/data/15151832/openapi.do,2012-05-07,marine_life,큰가위손육질꼬리옆새우붙이,Malacostraca > Amphipoda > Ischyroceridae > Jassa > Jassa marmorata,대한민국 전라남도 고흥군 금산면 오천리,대한민국; 남해서부; 대한민국 전라남도 고흥군 금산면 오천리,34.381069,127.207428,큰가위손육질꼬리옆새우붙이은(는) 남해서부에서 관찰·채집된 해양생물 소재로 사용할 수 있다.,해양생물 캐릭터와 바다 탐험 동화 소재,"생물의 이름, 서식 해역, 분류를 활용한 관찰 질문과 퀴즈",5-7;8-10,해양생물;큰가위손육질꼬리옆새우붙이;Jassa;marmorata;Malacostraca;>;Amphipoda;Ischyroceridae;남해서부;대한민국;전라남도;고흥군,127.207428,대한민국,큰가위손육질꼬리옆새우붙이,Malacostraca > Amphipoda > Ischyroceridae > Jassa > Jassa marmorata,34.381069,대한민국 전라남도 고흥군 금산면 오천리,2012-05-07,Jassa marmorata,남해서부
국립해양생물자원관_해양생물 채집 공간정보,https://www.data.go.kr/data/15151832/openapi.do,2012-07-23,marine_life,큰가위손육질꼬리옆새우붙이,Malacostraca > Amphipoda > Ischyroceridae > Jassa > Jassa marmorata,대한민국 전라남도 순천시 별량면 마산리,대한민국; 남해서부; 대한민국 전라남도 순천시 별량면 마산리,34.840889,127.458824,큰가위손육질꼬리옆새우붙이은(는) 남해서부에서 관찰·채집된 해양생물 소재로 사용할 수 있다.,해양생물 캐릭터와 바다 탐험 동화 소재,"생물의 이름, 서식 해역, 분류를 활용한 관찰 질문과 퀴즈",5-7;8-10,해양생물;큰가위손육질꼬리옆새우붙이;Jassa;marmorata;Malacostraca;>;Amphipoda;Ischyroceridae;남해서부;대한민국;전라남도;순천시,127.458824,대한민국,큰가위손육질꼬리옆새우붙이,Malacostraca > Amphipoda > Ischyroceridae > Jassa > Jassa marmorata,34.840889,대한민국 전라남도 순천시 별량면 마산리,2012-07-23,Jassa marmorata,남해서부
국립해양생물자원관_해양생물 채집 공간정보,https://www.data.go.kr/data/15151832/openapi.do,2015-05-21,marine_life,범섬긴털용선충,Prochaetosoma beomseomense,대한민국 제주특별자치도 제주시 한경면 조간대,대한민국; 남해서부; 대한민국 제주특별자치도 제주시 한경면 조간대,33.344032,126.169395,범섬긴털용선충은(는) 남해서부에서 관찰·채집된 해양생물 소재로 사용할 수 있다.,해양생물 캐릭터와 바다 탐험 동화 소재,"생물의 이름, 서식 해역, 분류를 활용한 관찰 질문과 퀴즈",5-7;8-10,해양생물;범섬긴털용선충;Prochaetosoma;beomseomense;남해서부;대한민국;제주특별자치도;제주시;한경면;조간대,126.169395,대한민국,범섬긴털용선충,Prochaetosoma beomseomense,33.344032,대한민국 제주특별자치도 제주시 한경면 조간대,2015-05-21,Prochaetosoma beomseomense,남해서부
국립해양생물자원관_해양생물 채집 공간정보,https://www.data.go.kr/data/15151832/openapi.do,2014-08-25,marine_life,Penicillium oxalicum,Penicillium oxalicum,대한민국 제주특별자치도 제주시 구좌읍,대한민국; 남해서부; 대한민국 제주특별자치도 제주시 구좌읍,33.512638,126.898994,Penicillium oxalicum은(는) 남해서부에서 관찰·채집된 해양생물 소재로 사용할 수 있다.,해양생물 캐릭터와 바다 탐험 동화 소재,"생물의 이름, 서식 해역, 분류를 활용한 관찰 질문과 퀴즈",5-7;8-10,해양생물;Penicillium;oxalicum;남해서부;대한민국;제주특별자치도;제주시;구좌읍,126.898994,대한민국,,Penicillium oxalicum,33.512638,대한민국 제주특별자치도 제주시 구좌읍,2014-08-25,Penicillium oxalicum,남해서부
국립해양생물자원관_해양생물 채집 공간정보,https://www.data.go.kr/data/15151832/openapi.do,2014-06-22,marine_life,성준자루용선충,Nematoda > Chromadorea > Desmodorida > Draconematidae > Dracograllus > Dracograllus sungjooni,대한민국 경상북도 울릉군 울릉읍 조간대,대한민국; 동해중부; 대한민국 경상북도 울릉군 울릉읍 조간대,37.523514,130.795715,성준자루용선충은(는) 동해중부에서 관찰·채집된 해양생물 소재로 사용할 수 있다.,해양생물 캐릭터와 바다 탐험 동화 소재,"생물의 이름, 서식 해역, 분류를 활용한 관찰 질문과 퀴즈",5-7;8-10,해양생물;성준자루용선충;Dracograllus;sungjooni;Nematoda;>;Chromadorea;Desmodorida;Draconematidae;동해중부;대한민국;경상북도,130.795715,대한민국,성준자루용선충,Nematoda > Chromadorea > Desmodorida > Draconematidae > Dracograllus > Dracograllus sungjooni,37.523514,대한민국 경상북도 울릉군 울릉읍 조간대,2014-06-22,Dracograllus sungjooni,동해중부
국립해양생물자원관_해양생물 채집 공간정보,https://www.data.go.kr/data/15151832/openapi.do,2004-06-18,marine_life,Alteromonas macleodii,Pseudomonadota > Gammaproteobacteria > Alteromonadales > Alteromonadaceae > Alteromonas > Alteromonas macleodii,대한민국 동해,대한민국; 동해중부; 대한민국 동해,37.173058,131.229996,Alteromonas macleodii은(는) 동해중부에서 관찰·채집된 해양생물 소재로 사용할 수 있다.,해양생물 캐릭터와 바다 탐험 동화 소재,"생물의 이름, 서식 해역, 분류를 활용한 관찰 질문과 퀴즈",5-7;8-10,해양생물;Alteromonas;macleodii;Pseudomonadota;>;Gammaproteobacteria;Alteromonadales;Alteromonadaceae;동해중부;대한민국;동해,131.229996,대한민국,,Pseudomonadota > Gammaproteobacteria > Alteromonadales > Alteromonadaceae > Alteromonas > Alteromonas macleodii,37.173058,대한민국 동해,2004-06-18,Alteromonas macleodii,동해중부
국립해양생물자원관_해양생물 채집 공간정보,https://www.data.go.kr/data/15151832/openapi.do,2004-06-18,marine_life,Peribacillus frigoritolerans,Peribacillus frigoritolerans,대한민국 동해,대한민국; 동해중부; 대한민국 동해,37.173058,131.229996,Peribacillus frigoritolerans은(는) 동해중부에서 관찰·채집된 해양생물 소재로 사용할 수 있다.,해양생물 캐릭터와 바다 탐험 동화 소재,"생물의 이름, 서식 해역, 분류를 활용한 관찰 질문과 퀴즈",5-7;8-10,해양생물;Peribacillus;frigoritolerans;동해중부;대한민국;동해,131.229996,대한민국,,Peribacillus frigoritolerans,37.173058,대한민국 동해,2004-06-18,Peribacillus frigoritolerans,동해중부
국립해양생물자원관_해양생물 채집 공간정보,https://www.data.go.kr/data/15151832/openapi.do,2004-06-18,marine_life,Metabacillus indicus,Metabacillus indicus,대한민국 동해,대한민국; 동해중부; 대한민국 동해,37.173058,131.229996,Metabacillus indicus은(는) 동해중부에서 관찰·채집된 해양생물 소재로 사용할 수 있다.,해양생물 캐릭터와 바다 탐험 동화 소재,"생물의 이름, 서식 해역, 분류를 활용한 관찰 질문과 퀴즈",5-7;8-10,해양생물;Metabacillus;indicus;동해중부;대한민국;동해,131.229996,대한민국,,Metabacillus indicus,37.173058,대한민국 동해,2004-06-18,Metabacillus indicus,동해중부
국립해양생물자원관_해양생물 채집 공간정보,https://www.data.go.kr/data/15151832/openapi.do,2004-06-18,marine_life,Bacillus halotolerans,Caryophanales > Bacillaceae > Bacillus > Bacillus halotolerans,대한민국 동해,대한민국; 동해중부; 대한민국 동해,37.173058,131.229996,Bacillus halotolerans은(는) 동해중부에서 관찰·채집된 해양생물 소재로 사용할 수 있다.,해양생물 캐릭터와 바다 탐험 동화 소재,"생물의 이름, 서식 해역, 분류를 활용한 관찰 질문과 퀴즈",5-7;8-10,해양생물;Bacillus;halotolerans;Caryophanales;>;Bacillaceae;동해중부;대한민국;동해,131.229996,대한민국,,Caryophanales > Bacillaceae > Bacillus > Bacillus halotolerans,37.173058,대한민국 동해,2004-06-18,Bacillus halotolerans,동해중부
국립해양생물자원관_해양생물 채집 공간정보,https://www.data.go.kr/data/15151832/openapi.do,2004-06-18,marine_life,Pantoea wallisii,Pseudomonadota > Gammaproteobacteria > Enterobacterales > Erwiniaceae > Pantoea > Pantoea wallisii,대한민국 동해,대한민국; 동해중부; 대한민국 동해,37.173058,131.229996,Pantoea wallisii은(는) 동해중부에서 관찰·채집된 해양생물 소재로 사용할 수 있다.,해양생물 캐릭터와 바다 탐험 동화 소재,"생물의 이름, 서식 해역, 분류를 활용한 관찰 질문과 퀴즈",5-7;8-10,해양생물;Pantoea;wallisii;Pseudomonadota;>;Gammaproteobacteria;Enterobacterales;Erwiniaceae;동해중부;대한민국;동해,131.229996,대한민국,,Pseudomonadota > Gammaproteobacteria > Enterobacterales > Erwiniaceae > Pantoea > Pantoea wallisii,37.173058,대한민국 동해,2004-06-18,Pantoea wallisii,동해중부
국립해양생물자원관_해양생물 채집 공간정보,https://www.data.go.kr/data/15151832/openapi.do,2004-06-18,marine_life,Cytobacillus horneckiae,Cytobacillus horneckiae,대한민국 동해,대한민국; 동해중부; 대한민국 동해,37.173058,131.229996,Cytobacillus horneckiae은(는) 동해중부에서 관찰·채집된 해양생물 소재로 사용할 수 있다.,해양생물 캐릭터와 바다 탐험 동화 소재,"생물의 이름, 서식 해역, 분류를 활용한 관찰 질문과 퀴즈",5-7;8-10,해양생물;Cytobacillus;horneckiae;동해중부;대한민국;동해,131.229996,대한민국,,Cytobacillus horneckiae,37.173058,대한민국 동해,2004-06-18,Cytobacillus horneckiae,동해중부
국립해양생물자원관_해양생물 채집 공간정보,https://www.data.go.kr/data/15151832/openapi.do,2004-06-18,marine_life,Rheinheimera aquimaris,Rheinheimera aquimaris,대한민국 동해,대한민국; 동해중부; 대한민국 동해,37.173058,131.229996,Rheinheimera aquimaris은(는) 동해중부에서 관찰·채집된 해양생물 소재로 사용할 수 있다.,해양생물 캐릭터와 바다 탐험 동화 소재,"생물의 이름, 서식 해역, 분류를 활용한 관찰 질문과 퀴즈",5-7;8-10,해양생물;Rheinheimera;aquimaris;동해중부;대한민국;동해,131.229996,대한민국,,Rheinheimera aquimaris,37.173058,대한민국 동해,2004-06-18,Rheinheimera aquimaris,동해중부
국립해양생물자원관_해양생물 채집 공간정보,https://www.data.go.kr/data/15151832/openapi.do,2004-06-18,marine_life,Alteromonas macleodii,Pseudomonadota > Gammaproteobacteria > Alteromonadales > Alteromonadaceae > Alteromonas > Alteromonas macleodii,대한민국 동해,대한민국; 동해중부; 대한민국 동해,37.173058,131.229996,Alteromonas macleodii은(는) 동해중부에서 관찰·채집된 해양생물 소재로 사용할 수 있다.,해양생물 캐릭터와 바다 탐험 동화 소재,"생물의 이름, 서식 해역, 분류를 활용한 관찰 질문과 퀴즈",5-7;8-10,해양생물;Alteromonas;macleodii;Pseudomonadota;>;Gammaproteobacteria;Alteromonadales;Alteromonadaceae;동해중부;대한민국;동해,131.229996,대한민국,,Pseudomonadota > Gammaproteobacteria > Alteromonadales > Alteromonadaceae > Alteromonas > Alteromonas macleodii,37.173058,대한민국 동해,2004-06-18,Alteromonas macleodii,동해중부
국립해양생물자원관_해양생물 채집 공간정보,https://www.data.go.kr/data/15151832/openapi.do,2014-04-21,marine_life,넙치,Teleostei > Pleuronectiformes > Paralichthyidae > Paralichthys > Paralichthys olivaceus,대한민국 충청남도 태안군,대한민국; 서해; 대한민국 충청남도 태안군,36.431602,126.203430,넙치은(는) 서해에서 관찰·채집된 해양생물 소재로 사용할 수 있다.,해양생물 캐릭터와 바다 탐험 동화 소재,"생물의 이름, 서식 해역, 분류를 활용한 관찰 질문과 퀴즈",5-7;8-10,해양생물;넙치;Paralichthys;olivaceus;Teleostei;>;Pleuronectiformes;Paralichthyidae;서해;대한민국;충청남도;태안군,126.203430,대한민국,넙치,Teleostei > Pleuronectiformes > Paralichthyidae > Paralichthys > Paralichthys olivaceus,36.431602,대한민국 충청남도 태안군,2014-04-21,Paralichthys olivaceus,서해
국립해양생물자원관_해양생물 채집 공간정보,https://www.data.go.kr/data/15151832/openapi.do,2004-06-18,marine_life,Priestia aryabhattai,Priestia aryabhattai,대한민국 동해,대한민국; 동해중부; 대한민국 동해,37.173058,131.229996,Priestia aryabhattai은(는) 동해중부에서 관찰·채집된 해양생물 소재로 사용할 수 있다.,해양생물 캐릭터와 바다 탐험 동화 소재,"생물의 이름, 서식 해역, 분류를 활용한 관찰 질문과 퀴즈",5-7;8-10,해양생물;Priestia;aryabhattai;동해중부;대한민국;동해,131.229996,대한민국,,Priestia aryabhattai,37.173058,대한민국 동해,2004-06-18,Priestia aryabhattai,동해중부
국립해양생물자원관_해양생물 채집 공간정보,https://www.data.go.kr/data/15151832/openapi.do,2004-06-18,marine_life,Priestia aryabhattai,Priestia aryabhattai,대한민국 동해,대한민국; 동해중부; 대한민국 동해,37.173058,131.229996,Priestia aryabhattai은(는) 동해중부에서 관찰·채집된 해양생물 소재로 사용할 수 있다.,해양생물 캐릭터와 바다 탐험 동화 소재,"생물의 이름, 서식 해역, 분류를 활용한 관찰 질문과 퀴즈",5-7;8-10,해양생물;Priestia;aryabhattai;동해중부;대한민국;동해,131.229996,대한민국,,Priestia aryabhattai,37.173058,대한민국 동해,2004-06-18,Priestia aryabhattai,동해중부
국립해양생물자원관_해양생물 채집 공간정보,https://www.data.go.kr/data/15151832/openapi.do,2004-06-18,marine_life,Bacillus pumilus,Caryophanales > Bacillaceae > Bacillus > Bacillus pumilus,대한민국 동해,대한민국; 동해중부; 대한민국 동해,37.173058,131.229996,Bacillus pumilus은(는) 동해중부에서 관찰·채집된 해양생물 소재로 사용할 수 있다.,해양생물 캐릭터와 바다 탐험 동화 소재,"생물의 이름, 서식 해역, 분류를 활용한 관찰 질문과 퀴즈",5-7;8-10,해양생물;Bacillus;pumilus;Caryophanales;>;Bacillaceae;동해중부;대한민국;동해,131.229996,대한민국,,Caryophanales > Bacillaceae > Bacillus > Bacillus pumilus,37.173058,대한민국 동해,2004-06-18,Bacillus pumilus,동해중부
국립해양생물자원관_해양생물 채집 공간정보,https://www.data.go.kr/data/15151832/openapi.do,2015-10-14,marine_life,한토막눈썹참갯지렁이,Polychaeta > Phyllodocida > Nereididae > Perinereis > Perinereis euiini,대한민국 충청남도 보령시 웅천읍 독산해수욕장,대한민국; 서해; 대한민국 충청남도 보령시 웅천읍 독산해수욕장,36.220280,126.529167,한토막눈썹참갯지렁이은(는) 서해에서 관찰·채집된 해양생물 소재로 사용할 수 있다.,해양생물 캐릭터와 바다 탐험 동화 소재,"생물의 이름, 서식 해역, 분류를 활용한 관찰 질문과 퀴즈",5-7;8-10,해양생물;한토막눈썹참갯지렁이;Perinereis;euiini;Polychaeta;>;Phyllodocida;Nereididae;서해;대한민국;충청남도;보령시,126.529167,대한민국,한토막눈썹참갯지렁이,Polychaeta > Phyllodocida > Nereididae > Perinereis > Perinereis euiini,36.220280,대한민국 충청남도 보령시 웅천읍 독산해수욕장,2015-10-14,Perinereis euiini,서해
국립해양생물자원관_해양생물 채집 공간정보,https://www.data.go.kr/data/15151832/openapi.do,2016-08-20,marine_life,별쭉지성대,Teleostei > Scorpaeniformes > Dactylopteridae > Dactyloptena > Dactyloptena peterseni,대한민국 경상북도 포항시,대한민국; 동해남부; 대한민국 경상북도 포항시,36.094219,129.486557,별쭉지성대은(는) 동해남부에서 관찰·채집된 해양생물 소재로 사용할 수 있다.,해양생물 캐릭터와 바다 탐험 동화 소재,"생물의 이름, 서식 해역, 분류를 활용한 관찰 질문과 퀴즈",5-7;8-10,해양생물;별쭉지성대;Dactyloptena;peterseni;Teleostei;>;Scorpaeniformes;Dactylopteridae;동해남부;대한민국;경상북도;포항시,129.486557,대한민국,별쭉지성대,Teleostei > Scorpaeniformes > Dactylopteridae > Dactyloptena > Dactyloptena peterseni,36.094219,대한민국 경상북도 포항시,2016-08-20,Dactyloptena peterseni,동해남부
국립해양생물자원관_해양생물 채집 공간정보,https://www.data.go.kr/data/15151832/openapi.do,2004-06-18,marine_life,Cytobacillus oceanisediminis,Cytobacillus oceanisediminis,대한민국 동해,대한민국; 동해중부; 대한민국 동해,37.173058,131.229996,Cytobacillus oceanisediminis은(는) 동해중부에서 관찰·채집된 해양생물 소재로 사용할 수 있다.,해양생물 캐릭터와 바다 탐험 동화 소재,"생물의 이름, 서식 해역, 분류를 활용한 관찰 질문과 퀴즈",5-7;8-10,해양생물;Cytobacillus;oceanisediminis;동해중부;대한민국;동해,131.229996,대한민국,,Cytobacillus oceanisediminis,37.173058,대한민국 동해,2004-06-18,Cytobacillus oceanisediminis,동해중부
국립해양생물자원관_해양생물 채집 공간정보,https://www.data.go.kr/data/15151832/openapi.do,2021-05-11,marine_life,돗대기새우,Pleocyemata > Caridea > Pasiphaeoidea > Pasiphaeidae > Leptochela > Leptochela gracilis,대한민국 충청남도 태안군 남면 마검포항,대한민국; 서해; 대한민국 충청남도 태안군 남면 마검포항,36.623795,126.285583,돗대기새우은(는) 서해에서 관찰·채집된 해양생물 소재로 사용할 수 있다.,해양생물 캐릭터와 바다 탐험 동화 소재,"생물의 이름, 서식 해역, 분류를 활용한 관찰 질문과 퀴즈",5-7;8-10,해양생물;돗대기새우;Leptochela;gracilis;Pleocyemata;>;Caridea;Pasiphaeoidea;Pasiphaeidae;서해;대한민국;충청남도,126.285583,대한민국,돗대기새우,Pleocyemata > Caridea > Pasiphaeoidea > Pasiphaeidae > Leptochela > Leptochela gracilis,36.623795,대한민국 충청남도 태안군 남면 마검포항,2021-05-11,Leptochela gracilis,서해
국립해양생물자원관_해양생물 채집 공간정보,https://www.data.go.kr/data/15151832/openapi.do,2021-05-11,marine_life,잘피갯가꼬마새우,Thoridae > Eualus > Eualus leptognathus,대한민국 충청남도 태안군 남면 마검포항,대한민국; 서해; 대한민국 충청남도 태안군 남면 마검포항,36.623795,126.285583,잘피갯가꼬마새우은(는) 서해에서 관찰·채집된 해양생물 소재로 사용할 수 있다.,해양생물 캐릭터와 바다 탐험 동화 소재,"생물의 이름, 서식 해역, 분류를 활용한 관찰 질문과 퀴즈",5-7;8-10,해양생물;잘피갯가꼬마새우;Eualus;leptognathus;Thoridae;>;서해;대한민국;충청남도;태안군;남면;마검포항,126.285583,대한민국,잘피갯가꼬마새우,Thoridae > Eualus > Eualus leptognathus,36.623795,대한민국 충청남도 태안군 남면 마검포항,2021-05-11,Eualus leptognathus,서해
국립해양생물자원관_해양생물 채집 공간정보,https://www.data.go.kr/data/15151832/openapi.do,2004-06-18,marine_life,Alkalihalobacillus algicola,Caryophanales > Bacillaceae > Alkalihalobacillus > Alkalihalobacillus algicola,대한민국 동해,대한민국; 동해중부; 대한민국 동해,37.173058,131.229996,Alkalihalobacillus algicola은(는) 동해중부에서 관찰·채집된 해양생물 소재로 사용할 수 있다.,해양생물 캐릭터와 바다 탐험 동화 소재,"생물의 이름, 서식 해역, 분류를 활용한 관찰 질문과 퀴즈",5-7;8-10,해양생물;Alkalihalobacillus;algicola;Caryophanales;>;Bacillaceae;동해중부;대한민국;동해,131.229996,대한민국,,Caryophanales > Bacillaceae > Alkalihalobacillus > Alkalihalobacillus algicola,37.173058,대한민국 동해,2004-06-18,Alkalihalobacillus algicola,동해중부
국립해양생물자원관_해양생물 채집 공간정보,https://www.data.go.kr/data/15151832/openapi.do,2004-06-18,marine_life,Neobacillus drentensis,Neobacillus drentensis,대한민국 동해,대한민국; 동해중부; 대한민국 동해,37.173058,131.229996,Neobacillus drentensis은(는) 동해중부에서 관찰·채집된 해양생물 소재로 사용할 수 있다.,해양생물 캐릭터와 바다 탐험 동화 소재,"생물의 이름, 서식 해역, 분류를 활용한 관찰 질문과 퀴즈",5-7;8-10,해양생물;Neobacillus;drentensis;동해중부;대한민국;동해,131.229996,대한민국,,Neobacillus drentensis,37.173058,대한민국 동해,2004-06-18,Neobacillus drentensis,동해중부
국립해양생물자원관_해양생물 채집 공간정보,https://www.data.go.kr/data/15151832/openapi.do,2004-06-18,marine_life,Metabacillus indicus,Metabacillus indicus,대한민국 동해,대한민국; 동해중부; 대한민국 동해,37.173058,131.229996,Metabacillus indicus은(는) 동해중부에서 관찰·채집된 해양생물 소재로 사용할 수 있다.,해양생물 캐릭터와 바다 탐험 동화 소재,"생물의 이름, 서식 해역, 분류를 활용한 관찰 질문과 퀴즈",5-7;8-10,해양생물;Metabacillus;indicus;동해중부;대한민국;동해,131.229996,대한민국,,Metabacillus indicus,37.173058,대한민국 동해,2004-06-18,Metabacillus indicus,동해중부
국립해양생물자원관_해양생물 채집 공간정보,https://www.data.go.kr/data/15151832/openapi.do,2004-06-18,marine_life,Bacillus altitudinis,Caryophanales > Bacillaceae > Bacillus > Bacillus altitudinis,대한민국 동해,대한민국; 동해중부; 대한민국 동해,37.173058,131.229996,Bacillus altitudinis은(는) 동해중부에서 관찰·채집된 해양생물 소재로 사용할 수 있다.,해양생물 캐릭터와 바다 탐험 동화 소재,"생물의 이름, 서식 해역, 분류를 활용한 관찰 질문과 퀴즈",5-7;8-10,해양생물;Bacillus;altitudinis;Caryophanales;>;Bacillaceae;동해중부;대한민국;동해,131.229996,대한민국,,Caryophanales > Bacillaceae > Bacillus > Bacillus altitudinis,37.173058,대한민국 동해,2004-06-18,Bacillus altitudinis,동해중부
국립해양생물자원관_해양생물 채집 공간정보,https://www.data.go.kr/data/15151832/openapi.do,2004-06-18,marine_life,Shewanella livingstonensis,Shewanellaceae > Shewanella > Shewanella livingstonensis,대한민국 동해,대한민국; 동해중부; 대한민국 동해,37.173058,131.229996,Shewanella livingstonensis은(는) 동해중부에서 관찰·채집된 해양생물 소재로 사용할 수 있다.,해양생물 캐릭터와 바다 탐험 동화 소재,"생물의 이름, 서식 해역, 분류를 활용한 관찰 질문과 퀴즈",5-7;8-10,해양생물;Shewanella;livingstonensis;Shewanellaceae;>;동해중부;대한민국;동해,131.229996,대한민국,,Shewanellaceae > Shewanella > Shewanella livingstonensis,37.173058,대한민국 동해,2004-06-18,Shewanella livingstonensis,동해중부
국립해양생물자원관_해양생물 채집 공간정보,https://www.data.go.kr/data/15151832/openapi.do,2004-06-18,marine_life,Alkalicoccobacillus gibsonii,Caryophanales > Bacillaceae > Alkalicoccobacillus > Alkalicoccobacillus gibsonii,대한민국 동해,대한민국; 동해중부; 대한민국 동해,37.173058,131.229996,Alkalicoccobacillus gibsonii은(는) 동해중부에서 관찰·채집된 해양생물 소재로 사용할 수 있다.,해양생물 캐릭터와 바다 탐험 동화 소재,"생물의 이름, 서식 해역, 분류를 활용한 관찰 질문과 퀴즈",5-7;8-10,해양생물;Alkalicoccobacillus;gibsonii;Caryophanales;>;Bacillaceae;동해중부;대한민국;동해,131.229996,대한민국,,Caryophanales > Bacillaceae > Alkalicoccobacillus > Alkalicoccobacillus gibsonii,37.173058,대한민국 동해,2004-06-18,Alkalicoccobacillus gibsonii,동해중부
국립해양생물자원관_해양생물 채집 공간정보,https://www.data.go.kr/data/15151832/openapi.do,2004-06-18,marine_life,Metabacillus flavus,Metabacillus flavus,대한민국 동해,대한민국; 동해중부; 대한민국 동해,37.173058,131.229996,Metabacillus flavus은(는) 동해중부에서 관찰·채집된 해양생물 소재로 사용할 수 있다.,해양생물 캐릭터와 바다 탐험 동화 소재,"생물의 이름, 서식 해역, 분류를 활용한 관찰 질문과 퀴즈",5-7;8-10,해양생물;Metabacillus;flavus;동해중부;대한민국;동해,131.229996,대한민국,,Metabacillus flavus,37.173058,대한민국 동해,2004-06-18,Metabacillus flavus,동해중부
국립해양생물자원관_해양생물 채집 공간정보,https://www.data.go.kr/data/15151832/openapi.do,2004-06-18,marine_life,Peribacillus simplex,Peribacillus simplex,대한민국 동해,대한민국; 동해중부; 대한민국 동해,37.173058,131.229996,Peribacillus simplex은(는) 동해중부에서 관찰·채집된 해양생물 소재로 사용할 수 있다.,해양생물 캐릭터와 바다 탐험 동화 소재,"생물의 이름, 서식 해역, 분류를 활용한 관찰 질문과 퀴즈",5-7;8-10,해양생물;Peribacillus;simplex;동해중부;대한민국;동해,131.229996,대한민국,,Peribacillus simplex,37.173058,대한민국 동해,2004-06-18,Peribacillus simplex,동해중부
국립해양생물자원관_해양생물 채집 공간정보,https://www.data.go.kr/data/15151832/openapi.do,2004-06-18,marine_life,Flagellimonas lutimaris,Flavobacteriia > Flavobacteriales > Flavobacteriaceae > Flagellimonas > Flagellimonas lutimaris,대한민국 동해,대한민국; 동해중부; 대한민국 동해,37.173058,131.229996,Flagellimonas lutimaris은(는) 동해중부에서 관찰·채집된 해양생물 소재로 사용할 수 있다.,해양생물 캐릭터와 바다 탐험 동화 소재,"생물의 이름, 서식 해역, 분류를 활용한 관찰 질문과 퀴즈",5-7;8-10,해양생물;Flagellimonas;lutimaris;Flavobacteriia;>;Flavobacteriales;Flavobacteriaceae;동해중부;대한민국;동해,131.229996,대한민국,,Flavobacteriia > Flavobacteriales > Flavobacteriaceae > Flagellimonas > Flagellimonas lutimaris,37.173058,대한민국 동해,2004-06-18,Flagellimonas lutimaris,동해중부
국립해양생물자원관_해양생물 채집 공간정보,https://www.data.go.kr/data/15151832/openapi.do,2004-06-18,marine_life,Halomonas axialensis,Pseudomonadota > Gammaproteobacteria > Oceanospirillales > Halomonadaceae > Halomonas > Halomonas axialensis,대한민국 동해,대한민국; 동해중부; 대한민국 동해,37.173058,131.229996,Halomonas axialensis은(는) 동해중부에서 관찰·채집된 해양생물 소재로 사용할 수 있다.,해양생물 캐릭터와 바다 탐험 동화 소재,"생물의 이름, 서식 해역, 분류를 활용한 관찰 질문과 퀴즈",5-7;8-10,해양생물;Halomonas;axialensis;Pseudomonadota;>;Gammaproteobacteria;Oceanospirillales;Halomonadaceae;동해중부;대한민국;동해,131.229996,대한민국,,Pseudomonadota > Gammaproteobacteria > Oceanospirillales > Halomonadaceae > Halomonas > Halomonas axialensis,37.173058,대한민국 동해,2004-06-18,Halomonas axialensis,동해중부
국립해양생물자원관_해양생물 채집 공간정보,https://www.data.go.kr/data/15151832/openapi.do,2004-06-18,marine_life,Exiguobacterium undae,Exiguobacterium undae,대한민국 동해,대한민국; 동해중부; 대한민국 동해,37.173058,131.229996,Exiguobacterium undae은(는) 동해중부에서 관찰·채집된 해양생물 소재로 사용할 수 있다.,해양생물 캐릭터와 바다 탐험 동화 소재,"생물의 이름, 서식 해역, 분류를 활용한 관찰 질문과 퀴즈",5-7;8-10,해양생물;Exiguobacterium;undae;동해중부;대한민국;동해,131.229996,대한민국,,Exiguobacterium undae,37.173058,대한민국 동해,2004-06-18,Exiguobacterium undae,동해중부
국립해양생물자원관_해양생물 채집 공간정보,https://www.data.go.kr/data/15151832/openapi.do,2004-06-28,marine_life,Exiguobacterium undae,Exiguobacterium undae,대한민국 동해,대한민국; 동해중부; 대한민국 동해,37.173058,131.229996,Exiguobacterium undae은(는) 동해중부에서 관찰·채집된 해양생물 소재로 사용할 수 있다.,해양생물 캐릭터와 바다 탐험 동화 소재,"생물의 이름, 서식 해역, 분류를 활용한 관찰 질문과 퀴즈",5-7;8-10,해양생물;Exiguobacterium;undae;동해중부;대한민국;동해,131.229996,대한민국,,Exiguobacterium undae,37.173058,대한민국 동해,2004-06-28,Exiguobacterium undae,동해중부
국립해양생물자원관_해양생물 채집 공간정보,https://www.data.go.kr/data/15151832/openapi.do,2004-06-28,marine_life,Psychrobacter nivimaris,Psychrobacter nivimaris,대한민국 동해,대한민국; 동해중부; 대한민국 동해,37.173058,131.229996,Psychrobacter nivimaris은(는) 동해중부에서 관찰·채집된 해양생물 소재로 사용할 수 있다.,해양생물 캐릭터와 바다 탐험 동화 소재,"생물의 이름, 서식 해역, 분류를 활용한 관찰 질문과 퀴즈",5-7;8-10,해양생물;Psychrobacter;nivimaris;동해중부;대한민국;동해,131.229996,대한민국,,Psychrobacter nivimaris,37.173058,대한민국 동해,2004-06-28,Psychrobacter nivimaris,동해중부
국립해양생물자원관_해양생물 채집 공간정보,https://www.data.go.kr/data/15151832/openapi.do,2004-06-28,marine_life,Rossellomorea marisflavi,Rossellomorea marisflavi,대한민국 동해,대한민국; 동해중부; 대한민국 동해,37.173058,131.229996,Rossellomorea marisflavi은(는) 동해중부에서 관찰·채집된 해양생물 소재로 사용할 수 있다.,해양생물 캐릭터와 바다 탐험 동화 소재,"생물의 이름, 서식 해역, 분류를 활용한 관찰 질문과 퀴즈",5-7;8-10,해양생물;Rossellomorea;marisflavi;동해중부;대한민국;동해,131.229996,대한민국,,Rossellomorea marisflavi,37.173058,대한민국 동해,2004-06-28,Rossellomorea marisflavi,동해중부
국립해양생물자원관_해양생물 채집 공간정보,https://www.data.go.kr/data/15151832/openapi.do,2021-06-23,marine_life,쇠털껍질고둥,Pollia subrubiginosa,대한민국 전라남도 신안군 흑산면 소국흘도,대한민국; 서해; 대한민국 전라남도 신안군 흑산면 소국흘도,34.117008,125.078270,쇠털껍질고둥은(는) 서해에서 관찰·채집된 해양생물 소재로 사용할 수 있다.,해양생물 캐릭터와 바다 탐험 동화 소재,"생물의 이름, 서식 해역, 분류를 활용한 관찰 질문과 퀴즈",5-7;8-10,해양생물;쇠털껍질고둥;Pollia;subrubiginosa;서해;대한민국;전라남도;신안군;흑산면;소국흘도,125.078270,대한민국,쇠털껍질고둥,Pollia subrubiginosa,34.117008,대한민국 전라남도 신안군 흑산면 소국흘도,2021-06-23,Pollia subrubiginosa,서해
국립해양생물자원관_해양생물 채집 공간정보,https://www.data.go.kr/data/15151832/openapi.do,2004-06-28,marine_life,Pseudalkalibacillus hwajinpoensis,Pseudalkalibacillus hwajinpoensis,대한민국 동해,대한민국; 동해중부; 대한민국 동해,37.173058,131.229996,Pseudalkalibacillus hwajinpoensis은(는) 동해중부에서 관찰·채집된 해양생물 소재로 사용할 수 있다.,해양생물 캐릭터와 바다 탐험 동화 소재,"생물의 이름, 서식 해역, 분류를 활용한 관찰 질문과 퀴즈",5-7;8-10,해양생물;Pseudalkalibacillus;hwajinpoensis;동해중부;대한민국;동해,131.229996,대한민국,,Pseudalkalibacillus hwajinpoensis,37.173058,대한민국 동해,2004-06-28,Pseudalkalibacillus hwajinpoensis,동해중부
국립해양생물자원관_해양생물 채집 공간정보,https://www.data.go.kr/data/15151832/openapi.do,2004-06-28,marine_life,Psychrobacter alimentarius,Psychrobacter alimentarius,대한민국 동해,대한민국; 동해중부; 대한민국 동해,37.173058,131.229996,Psychrobacter alimentarius은(는) 동해중부에서 관찰·채집된 해양생물 소재로 사용할 수 있다.,해양생물 캐릭터와 바다 탐험 동화 소재,"생물의 이름, 서식 해역, 분류를 활용한 관찰 질문과 퀴즈",5-7;8-10,해양생물;Psychrobacter;alimentarius;동해중부;대한민국;동해,131.229996,대한민국,,Psychrobacter alimentarius,37.173058,대한민국 동해,2004-06-28,Psychrobacter alimentarius,동해중부
국립해양생물자원관_해양생물 채집 공간정보,https://www.data.go.kr/data/15151832/openapi.do,2011-06-13,marine_life,가시투성바다대벌레,Malacostraca > Amphipoda > Caprellidae > Caprella > Caprella acanthogaster,대한민국 전라남도 신안군 도초면 우이도리,대한민국; 서해; 대한민국 전라남도 신안군 도초면 우이도리,34.620483,125.854462,가시투성바다대벌레은(는) 서해에서 관찰·채집된 해양생물 소재로 사용할 수 있다.,해양생물 캐릭터와 바다 탐험 동화 소재,"생물의 이름, 서식 해역, 분류를 활용한 관찰 질문과 퀴즈",5-7;8-10,해양생물;가시투성바다대벌레;Caprella;acanthogaster;Malacostraca;>;Amphipoda;Caprellidae;서해;대한민국;전라남도;신안군,125.854462,대한민국,가시투성바다대벌레,Malacostraca > Amphipoda > Caprellidae > Caprella > Caprella acanthogaster,34.620483,대한민국 전라남도 신안군 도초면 우이도리,2011-06-13,Caprella acanthogaster,서해
국립해양생물자원관_해양생물 채집 공간정보,https://www.data.go.kr/data/15151832/openapi.do,2021-09-09,marine_life,두점박이민꽃게,Thalamitinae > Charybdis > Gonioneptunus > Charybdis (Gonioneptunus) bimaculata,대한민국 서해 한·중 잠정조치수역,대한민국; 서해; 대한민국 서해 한·중 잠정조치수역,34.241669,123.771667,두점박이민꽃게은(는) 서해에서 관찰·채집된 해양생물 소재로 사용할 수 있다.,해양생물 캐릭터와 바다 탐험 동화 소재,"생물의 이름, 서식 해역, 분류를 활용한 관찰 질문과 퀴즈",5-7;8-10,해양생물;두점박이민꽃게;Charybdis;(Gonioneptunus);bimaculata;Thalamitinae;>;Gonioneptunus;서해;대한민국;한·중;잠정조치수역,123.771667,대한민국,두점박이민꽃게,Thalamitinae > Charybdis > Gonioneptunus > Charybdis (Gonioneptunus) bimaculata,34.241669,대한민국 서해 한·중 잠정조치수역,2021-09-09,Charybdis (Gonioneptunus) bimaculata,서해
국립해양생물자원관_해양생물 채집 공간정보,https://www.data.go.kr/data/15151832/openapi.do,2016-03-04,marine_life,참보라색우무,Symphyocladia latiuscula,대한민국 강원도 강릉시 연곡면,대한민국; 동해중부; 대한민국 강원도 강릉시 연곡면,37.868687,128.847244,참보라색우무은(는) 동해중부에서 관찰·채집된 해양생물 소재로 사용할 수 있다.,해양생물 캐릭터와 바다 탐험 동화 소재,"생물의 이름, 서식 해역, 분류를 활용한 관찰 질문과 퀴즈",5-7;8-10,해양생물;참보라색우무;Symphyocladia;latiuscula;동해중부;대한민국;강원도;강릉시;연곡면,128.847244,대한민국,참보라색우무,Symphyocladia latiuscula,37.868687,대한민국 강원도 강릉시 연곡면,2016-03-04,Symphyocladia latiuscula,동해중부
국립해양생물자원관_해양생물 채집 공간정보,https://www.data.go.kr/data/15151832/openapi.do,2024-04-24,marine_life,큰키각시고둥,Trochidae > Monodonta > Monodonta canalifera,대한민국 경상북도 포항시 북구 청하면 이가리방파제 주변,대한민국; 동해남부; 대한민국 경상북도 포항시 북구 청하면 이가리방파제 주변,36.185089,129.384598,큰키각시고둥은(는) 동해남부에서 관찰·채집된 해양생물 소재로 사용할 수 있다.,해양생물 캐릭터와 바다 탐험 동화 소재,"생물의 이름, 서식 해역, 분류를 활용한 관찰 질문과 퀴즈",5-7;8-10,해양생물;큰키각시고둥;Monodonta;canalifera;Trochidae;>;동해남부;대한민국;경상북도;포항시;북구;청하면,129.384598,대한민국,큰키각시고둥,Trochidae > Monodonta > Monodonta canalifera,36.185089,대한민국 경상북도 포항시 북구 청하면 이가리방파제 주변,2024-04-24,Monodonta canalifera,동해남부
국립해양생물자원관_해양생물 채집 공간정보,https://www.data.go.kr/data/15151832/openapi.do,2024-05-27,marine_life,복털조개,Mollusca > Bivalvia > Arcida > Arcidae > Barbatia > Barbatia virescens,대한민국 경상남도 남해군 남면 월포방파제,대한민국; 남해동부; 대한민국 경상남도 남해군 남면 월포방파제,34.761944,127.903053,복털조개은(는) 남해동부에서 관찰·채집된 해양생물 소재로 사용할 수 있다.,해양생물 캐릭터와 바다 탐험 동화 소재,"생물의 이름, 서식 해역, 분류를 활용한 관찰 질문과 퀴즈",5-7;8-10,해양생물;복털조개;Barbatia;virescens;Mollusca;>;Bivalvia;Arcida;Arcidae;남해동부;대한민국;경상남도,127.903053,대한민국,복털조개,Mollusca > Bivalvia > Arcida > Arcidae > Barbatia > Barbatia virescens,34.761944,대한민국 경상남도 남해군 남면 월포방파제,2024-05-27,Barbatia virescens,남해동부
국립해양생물자원관_해양생물 채집 공간정보,https://www.data.go.kr/data/15151832/openapi.do,2024-03-11,marine_life,참까막살,Rhodophyta > Florideophyceae > Halymeniales > Halymeniaceae > Polyopes > Polyopes affinis,대한민국 제주특별자치도 제주시 한림읍 협재,대한민국; 남해서부; 대한민국 제주특별자치도 제주시 한림읍 협재,33.391674,126.235039,참까막살은(는) 남해서부에서 관찰·채집된 해양생물 소재로 사용할 수 있다.,해양생물 캐릭터와 바다 탐험 동화 소재,"생물의 이름, 서식 해역, 분류를 활용한 관찰 질문과 퀴즈",5-7;8-10,해양생물;참까막살;Polyopes;affinis;Rhodophyta;>;Florideophyceae;Halymeniales;Halymeniaceae;남해서부;대한민국;제주특별자치도,126.235039,대한민국,참까막살,Rhodophyta > Florideophyceae > Halymeniales > Halymeniaceae > Polyopes > Polyopes affinis,33.391674,대한민국 제주특별자치도 제주시 한림읍 협재,2024-03-11,Polyopes affinis,남해서부
국립해양생물자원관_해양생물 채집 공간정보,https://www.data.go.kr/data/15151832/openapi.do,2016-04-22,marine_life,쇠털새붉은실,Rhodophyta > Florideophyceae > Ceramiales > Rhodomelaceae > Melanothamnus > Melanothamnus yendoi,대한민국 경상남도 남해군 남면,대한민국; 남해동부; 대한민국 경상남도 남해군 남면,34.787979,127.843727,쇠털새붉은실은(는) 남해동부에서 관찰·채집된 해양생물 소재로 사용할 수 있다.,해양생물 캐릭터와 바다 탐험 동화 소재,"생물의 이름, 서식 해역, 분류를 활용한 관찰 질문과 퀴즈",5-7;8-10,해양생물;쇠털새붉은실;Melanothamnus;yendoi;Rhodophyta;>;Florideophyceae;Ceramiales;Rhodomelaceae;남해동부;대한민국;경상남도,127.843727,대한민국,쇠털새붉은실,Rhodophyta > Florideophyceae > Ceramiales > Rhodomelaceae > Melanothamnus > Melanothamnus yendoi,34.787979,대한민국 경상남도 남해군 남면,2016-04-22,Melanothamnus yendoi,남해동부
국립해양생물자원관_해양생물 채집 공간정보,https://www.data.go.kr/data/15151832/openapi.do,2015-03-20,marine_life,납작파래,Ulvophyceae > Ulvales > Ulvaceae > Ulva > Ulva compressa,대한민국 경상남도 남해군 서면,대한민국; 남해동부; 대한민국 경상남도 남해군 서면,34.856888,127.808365,납작파래은(는) 남해동부에서 관찰·채집된 해양생물 소재로 사용할 수 있다.,해양생물 캐릭터와 바다 탐험 동화 소재,"생물의 이름, 서식 해역, 분류를 활용한 관찰 질문과 퀴즈",5-7;8-10,해양생물;납작파래;Ulva;compressa;Ulvophyceae;>;Ulvales;Ulvaceae;남해동부;대한민국;경상남도;남해군,127.808365,대한민국,납작파래,Ulvophyceae > Ulvales > Ulvaceae > Ulva > Ulva compressa,34.856888,대한민국 경상남도 남해군 서면,2015-03-20,Ulva compressa,남해동부
국립해양생물자원관_해양생물 채집 공간정보,https://www.data.go.kr/data/15151832/openapi.do,2013-09-13,marine_life,흐린대마디말,Ulvophyceae > Cladophorales > Cladophoraceae > Cladophora > Cladophora opaca,대한민국 경상북도 포항시 북구 청하면,대한민국; 동해남부; 대한민국 경상북도 포항시 북구 청하면,36.185528,129.382080,흐린대마디말은(는) 동해남부에서 관찰·채집된 해양생물 소재로 사용할 수 있다.,해양생물 캐릭터와 바다 탐험 동화 소재,"생물의 이름, 서식 해역, 분류를 활용한 관찰 질문과 퀴즈",5-7;8-10,해양생물;흐린대마디말;Cladophora;opaca;Ulvophyceae;>;Cladophorales;Cladophoraceae;동해남부;대한민국;경상북도;포항시,129.382080,대한민국,흐린대마디말,Ulvophyceae > Cladophorales > Cladophoraceae > Cladophora > Cladophora opaca,36.185528,대한민국 경상북도 포항시 북구 청하면,2013-09-13,Cladophora opaca,동해남부
국립해양생물자원관_해양생물 채집 공간정보,https://www.data.go.kr/data/15151832/openapi.do,2024-02-13,marine_life,마디잘록이,Rhodymeniales > Lomentariaceae > Fushitsunagia > Fushitsunagia catenata,대한민국 경상남도 남해군 미조면 초전몽돌해변,대한민국; 남해동부; 대한민국 경상남도 남해군 미조면 초전몽돌해변,34.730740,128.035065,마디잘록이은(는) 남해동부에서 관찰·채집된 해양생물 소재로 사용할 수 있다.,해양생물 캐릭터와 바다 탐험 동화 소재,"생물의 이름, 서식 해역, 분류를 활용한 관찰 질문과 퀴즈",5-7;8-10,해양생물;마디잘록이;Fushitsunagia;catenata;Rhodymeniales;>;Lomentariaceae;남해동부;대한민국;경상남도;남해군;미조면,128.035065,대한민국,마디잘록이,Rhodymeniales > Lomentariaceae > Fushitsunagia > Fushitsunagia catenata,34.730740,대한민국 경상남도 남해군 미조면 초전몽돌해변,2024-02-13,Fushitsunagia catenata,남해동부
국립해양생물자원관_해양생물 채집 공간정보,https://www.data.go.kr/data/15151832/openapi.do,2014-07-31,marine_life,새끼실모자반,Sargassum okamurae,대한민국 강원도 속초시,대한민국; 동해중부; 대한민국 강원도 속초시,38.173195,128.606430,새끼실모자반은(는) 동해중부에서 관찰·채집된 해양생물 소재로 사용할 수 있다.,해양생물 캐릭터와 바다 탐험 동화 소재,"생물의 이름, 서식 해역, 분류를 활용한 관찰 질문과 퀴즈",5-7;8-10,해양생물;새끼실모자반;Sargassum;okamurae;동해중부;대한민국;강원도;속초시,128.606430,대한민국,새끼실모자반,Sargassum okamurae,38.173195,대한민국 강원도 속초시,2014-07-31,Sargassum okamurae,동해중부
국립해양생물자원관_해양생물 채집 공간정보,https://www.data.go.kr/data/15151832/openapi.do,2014-07-04,marine_life,납작파래,Ulvophyceae > Ulvales > Ulvaceae > Ulva > Ulva compressa,대한민국 경상북도 포항시 북구 송라면,대한민국; 동해남부; 대한민국 경상북도 포항시 북구 송라면,36.237473,129.384750,납작파래은(는) 동해남부에서 관찰·채집된 해양생물 소재로 사용할 수 있다.,해양생물 캐릭터와 바다 탐험 동화 소재,"생물의 이름, 서식 해역, 분류를 활용한 관찰 질문과 퀴즈",5-7;8-10,해양생물;납작파래;Ulva;compressa;Ulvophyceae;>;Ulvales;Ulvaceae;동해남부;대한민국;경상북도;포항시,129.384750,대한민국,납작파래,Ulvophyceae > Ulvales > Ulvaceae > Ulva > Ulva compressa,36.237473,대한민국 경상북도 포항시 북구 송라면,2014-07-04,Ulva compressa,동해남부
국립해양생물자원관_해양생물 채집 공간정보,https://www.data.go.kr/data/15151832/openapi.do,2004-08-30,marine_life,Vibrio campbellii,Vibrionales > Vibrionaceae > Vibrio > Vibrio campbellii,대한민국 경상북도 영덕군,대한민국; 동해중부; 대한민국 경상북도 영덕군,36.601387,129.448883,Vibrio campbellii은(는) 동해중부에서 관찰·채집된 해양생물 소재로 사용할 수 있다.,해양생물 캐릭터와 바다 탐험 동화 소재,"생물의 이름, 서식 해역, 분류를 활용한 관찰 질문과 퀴즈",5-7;8-10,해양생물;Vibrio;campbellii;Vibrionales;>;Vibrionaceae;동해중부;대한민국;경상북도;영덕군,129.448883,대한민국,,Vibrionales > Vibrionaceae > Vibrio > Vibrio campbellii,36.601387,대한민국 경상북도 영덕군,2004-08-30,Vibrio campbellii,동해중부
국립해양생물자원관_해양생물 채집 공간정보,https://www.data.go.kr/data/15151832/openapi.do,2004-08-30,marine_life,Kocuria flava,Micrococcales > Micrococcaceae > Kocuria > Kocuria flava,대한민국 경상북도 영덕군,대한민국; 동해중부; 대한민국 경상북도 영덕군,36.601387,129.448883,Kocuria flava은(는) 동해중부에서 관찰·채집된 해양생물 소재로 사용할 수 있다.,해양생물 캐릭터와 바다 탐험 동화 소재,"생물의 이름, 서식 해역, 분류를 활용한 관찰 질문과 퀴즈",5-7;8-10,해양생물;Kocuria;flava;Micrococcales;>;Micrococcaceae;동해중부;대한민국;경상북도;영덕군,129.448883,대한민국,,Micrococcales > Micrococcaceae > Kocuria > Kocuria flava,36.601387,대한민국 경상북도 영덕군,2004-08-30,Kocuria flava,동해중부
국립해양생물자원관_해양생물 채집 공간정보,https://www.data.go.kr/data/15151832/openapi.do,2004-08-30,marine_life,Vibrio hyugaensis,Vibrionales > Vibrionaceae > Vibrio > Vibrio hyugaensis,대한민국 경상북도 영덕군,대한민국; 동해중부; 대한민국 경상북도 영덕군,36.601387,129.448883,Vibrio hyugaensis은(는) 동해중부에서 관찰·채집된 해양생물 소재로 사용할 수 있다.,해양생물 캐릭터와 바다 탐험 동화 소재,"생물의 이름, 서식 해역, 분류를 활용한 관찰 질문과 퀴즈",5-7;8-10,해양생물;Vibrio;hyugaensis;Vibrionales;>;Vibrionaceae;동해중부;대한민국;경상북도;영덕군,129.448883,대한민국,,Vibrionales > Vibrionaceae > Vibrio > Vibrio hyugaensis,36.601387,대한민국 경상북도 영덕군,2004-08-30,Vibrio hyugaensis,동해중부
국립해양생물자원관_해양생물 채집 공간정보,https://www.data.go.kr/data/15151832/openapi.do,2021-06-23,marine_life,민집게벌레,Insecta > Dermaptera > Anisolabididae > Anisolabis > Anisolabis maritima,대한민국 인천광역시 옹진군 백령면,대한민국; 서해; 대한민국 인천광역시 옹진군 백령면,37.949390,124.719582,민집게벌레은(는) 서해에서 관찰·채집된 해양생물 소재로 사용할 수 있다.,해양생물 캐릭터와 바다 탐험 동화 소재,"생물의 이름, 서식 해역, 분류를 활용한 관찰 질문과 퀴즈",5-7;8-10,해양생물;민집게벌레;Anisolabis;maritima;Insecta;>;Dermaptera;Anisolabididae;서해;대한민국;인천광역시;옹진군,124.719582,대한민국,민집게벌레,Insecta > Dermaptera > Anisolabididae > Anisolabis > Anisolabis maritima,37.949390,대한민국 인천광역시 옹진군 백령면,2021-06-23,Anisolabis maritima,서해
국립해양생물자원관_해양생물 채집 공간정보,https://www.data.go.kr/data/15151832/openapi.do,2021-06-23,marine_life,민집게벌레,Insecta > Dermaptera > Anisolabididae > Anisolabis > Anisolabis maritima,대한민국 인천광역시 옹진군 백령면,대한민국; 서해; 대한민국 인천광역시 옹진군 백령면,37.949390,124.719582,민집게벌레은(는) 서해에서 관찰·채집된 해양생물 소재로 사용할 수 있다.,해양생물 캐릭터와 바다 탐험 동화 소재,"생물의 이름, 서식 해역, 분류를 활용한 관찰 질문과 퀴즈",5-7;8-10,해양생물;민집게벌레;Anisolabis;maritima;Insecta;>;Dermaptera;Anisolabididae;서해;대한민국;인천광역시;옹진군,124.719582,대한민국,민집게벌레,Insecta > Dermaptera > Anisolabididae > Anisolabis > Anisolabis maritima,37.949390,대한민국 인천광역시 옹진군 백령면,2021-06-23,Anisolabis maritima,서해
국립해양생물자원관_해양생물 채집 공간정보,https://www.data.go.kr/data/15151832/openapi.do,2004-08-01,marine_life,Agrococcus lahaulensis,Micrococcales > Microbacteriaceae > Agrococcus > Agrococcus lahaulensis,대한민국 경상북도 영덕군,대한민국; 동해중부; 대한민국 경상북도 영덕군,36.601387,129.448883,Agrococcus lahaulensis은(는) 동해중부에서 관찰·채집된 해양생물 소재로 사용할 수 있다.,해양생물 캐릭터와 바다 탐험 동화 소재,"생물의 이름, 서식 해역, 분류를 활용한 관찰 질문과 퀴즈",5-7;8-10,해양생물;Agrococcus;lahaulensis;Micrococcales;>;Microbacteriaceae;동해중부;대한민국;경상북도;영덕군,129.448883,대한민국,,Micrococcales > Microbacteriaceae > Agrococcus > Agrococcus lahaulensis,36.601387,대한민국 경상북도 영덕군,2004-08-01,Agrococcus lahaulensis,동해중부
국립해양생물자원관_해양생물 채집 공간정보,https://www.data.go.kr/data/15151832/openapi.do,2013-10-06,marine_life,몽우리청각,Ulvophyceae > Bryopsidales > Codiaceae > Codium > Codium contractum,대한민국 제주특별자치도 서귀포시,대한민국; 남해서부; 대한민국 제주특별자치도 서귀포시,33.226051,126.563171,몽우리청각은(는) 남해서부에서 관찰·채집된 해양생물 소재로 사용할 수 있다.,해양생물 캐릭터와 바다 탐험 동화 소재,"생물의 이름, 서식 해역, 분류를 활용한 관찰 질문과 퀴즈",5-7;8-10,해양생물;몽우리청각;Codium;contractum;Ulvophyceae;>;Bryopsidales;Codiaceae;남해서부;대한민국;제주특별자치도;서귀포시,126.563171,대한민국,몽우리청각,Ulvophyceae > Bryopsidales > Codiaceae > Codium > Codium contractum,33.226051,대한민국 제주특별자치도 서귀포시,2013-10-06,Codium contractum,남해서부
국립해양생물자원관_해양생물 채집 공간정보,https://www.data.go.kr/data/15151832/openapi.do,2013-07-17,marine_life,보라성게,Heliocidaris crassispina,대한민국 경상북도 울진군,대한민국; 동해중부; 대한민국 경상북도 울진군,36.618683,129.486908,보라성게은(는) 동해중부에서 관찰·채집된 해양생물 소재로 사용할 수 있다.,해양생물 캐릭터와 바다 탐험 동화 소재,"생물의 이름, 서식 해역, 분류를 활용한 관찰 질문과 퀴즈",5-7;8-10,해양생물;보라성게;Heliocidaris;crassispina;동해중부;대한민국;경상북도;울진군,129.486908,대한민국,보라성게,Heliocidaris crassispina,36.618683,대한민국 경상북도 울진군,2013-07-17,Heliocidaris crassispina,동해중부
국립해양생물자원관_해양생물 채집 공간정보,https://www.data.go.kr/data/15151832/openapi.do,2017-09-13,marine_life,엷은잎모자반,Sargassum tenuifolium,대한민국 제주특별자치도 제주시 추자면,대한민국; 남해서부; 대한민국 제주특별자치도 제주시 추자면,33.970245,126.286049,엷은잎모자반은(는) 남해서부에서 관찰·채집된 해양생물 소재로 사용할 수 있다.,해양생물 캐릭터와 바다 탐험 동화 소재,"생물의 이름, 서식 해역, 분류를 활용한 관찰 질문과 퀴즈",5-7;8-10,해양생물;엷은잎모자반;Sargassum;tenuifolium;남해서부;대한민국;제주특별자치도;제주시;추자면,126.286049,대한민국,엷은잎모자반,Sargassum tenuifolium,33.970245,대한민국 제주특별자치도 제주시 추자면,2017-09-13,Sargassum tenuifolium,남해서부
국립해양생물자원관_해양생물 채집 공간정보,https://www.data.go.kr/data/15151832/openapi.do,2010-08-24,marine_life,Azpeitia nodulifera,Protista > Bacillariophyta > Coscinodiscophyceae > Coscinodiscales > Hemidiscaceae > Azpeitia > Azpeitia nodulifera,대한민국 경상북도 포항시,대한민국; 동해남부; 대한민국 경상북도 포항시,36.023067,129.446747,Azpeitia nodulifera은(는) 동해남부에서 관찰·채집된 해양생물 소재로 사용할 수 있다.,해양생물 캐릭터와 바다 탐험 동화 소재,"생물의 이름, 서식 해역, 분류를 활용한 관찰 질문과 퀴즈",5-7;8-10,해양생물;Azpeitia;nodulifera;Protista;>;Bacillariophyta;Coscinodiscophyceae;Coscinodiscales;Hemidiscaceae;동해남부;대한민국;경상북도,129.446747,대한민국,,Protista > Bacillariophyta > Coscinodiscophyceae > Coscinodiscales > Hemidiscaceae > Azpeitia > Azpeitia nodulifera,36.023067,대한민국 경상북도 포항시,2010-08-24,Azpeitia nodulifera,동해남부
국립해양생물자원관_해양생물 채집 공간정보,https://www.data.go.kr/data/15151832/openapi.do,2010-08-27,marine_life,Chaetoceros lorenzianus,Protista > Bacillariophyta > Mediophyceae > Chaetocerotales > Chaetocerotaceae > Chaetoceros > Chaetoceros lorenzianus,대한민국 전라남도 광양시,대한민국; 남해서부; 대한민국 전라남도 광양시,34.886803,127.654724,Chaetoceros lorenzianus은(는) 남해서부에서 관찰·채집된 해양생물 소재로 사용할 수 있다.,해양생물 캐릭터와 바다 탐험 동화 소재,"생물의 이름, 서식 해역, 분류를 활용한 관찰 질문과 퀴즈",5-7;8-10,해양생물;Chaetoceros;lorenzianus;Protista;>;Bacillariophyta;Mediophyceae;Chaetocerotales;Chaetocerotaceae;남해서부;대한민국;전라남도,127.654724,대한민국,,Protista > Bacillariophyta > Mediophyceae > Chaetocerotales > Chaetocerotaceae > Chaetoceros > Chaetoceros lorenzianus,34.886803,대한민국 전라남도 광양시,2010-08-27,Chaetoceros lorenzianus,남해서부
국립해양생물자원관_해양생물 채집 공간정보,https://www.data.go.kr/data/15151832/openapi.do,2015-12-08,marine_life,띠갈파래,Ulvophyceae > Ulvales > Ulvaceae > Ulva > Ulva fasciata,대한민국 제주특별자치도 제주시 한림읍,대한민국; 남해서부; 대한민국 제주특별자치도 제주시 한림읍,33.436169,126.264755,띠갈파래은(는) 남해서부에서 관찰·채집된 해양생물 소재로 사용할 수 있다.,해양생물 캐릭터와 바다 탐험 동화 소재,"생물의 이름, 서식 해역, 분류를 활용한 관찰 질문과 퀴즈",5-7;8-10,해양생물;띠갈파래;Ulva;fasciata;Ulvophyceae;>;Ulvales;Ulvaceae;남해서부;대한민국;제주특별자치도;제주시,126.264755,대한민국,띠갈파래,Ulvophyceae > Ulvales > Ulvaceae > Ulva > Ulva fasciata,33.436169,대한민국 제주특별자치도 제주시 한림읍,2015-12-08,Ulva fasciata,남해서부
국립해양생물자원관_해양생물 채집 공간정보,https://www.data.go.kr/data/15151832/openapi.do,2013-11-01,marine_life,옥덩굴,Ulvophyceae > Bryopsidales > Caulerpaceae > Caulerpa > Caulerpa okamurae,대한민국 제주특별자치도 제주시 구좌읍,대한민국; 남해서부; 대한민국 제주특별자치도 제주시 구좌읍,33.533123,126.840645,옥덩굴은(는) 남해서부에서 관찰·채집된 해양생물 소재로 사용할 수 있다.,해양생물 캐릭터와 바다 탐험 동화 소재,"생물의 이름, 서식 해역, 분류를 활용한 관찰 질문과 퀴즈",5-7;8-10,해양생물;옥덩굴;Caulerpa;okamurae;Ulvophyceae;>;Bryopsidales;Caulerpaceae;남해서부;대한민국;제주특별자치도;제주시,126.840645,대한민국,옥덩굴,Ulvophyceae > Bryopsidales > Caulerpaceae > Caulerpa > Caulerpa okamurae,33.533123,대한민국 제주특별자치도 제주시 구좌읍,2013-11-01,Caulerpa okamurae,남해서부
국립해양생물자원관_해양생물 채집 공간정보,https://www.data.go.kr/data/15151832/openapi.do,2014-02-27,marine_life,방석청각,Ulvophyceae > Bryopsidales > Codiaceae > Codium > Codium hubbsii,대한민국 경상북도 경주시 감포읍,대한민국; 동해남부; 대한민국 경상북도 경주시 감포읍,35.837303,129.519211,방석청각은(는) 동해남부에서 관찰·채집된 해양생물 소재로 사용할 수 있다.,해양생물 캐릭터와 바다 탐험 동화 소재,"생물의 이름, 서식 해역, 분류를 활용한 관찰 질문과 퀴즈",5-7;8-10,해양생물;방석청각;Codium;hubbsii;Ulvophyceae;>;Bryopsidales;Codiaceae;동해남부;대한민국;경상북도;경주시,129.519211,대한민국,방석청각,Ulvophyceae > Bryopsidales > Codiaceae > Codium > Codium hubbsii,35.837303,대한민국 경상북도 경주시 감포읍,2014-02-27,Codium hubbsii,동해남부
국립해양생물자원관_해양생물 채집 공간정보,https://www.data.go.kr/data/15151832/openapi.do,2010-02-21,marine_life,Cyclotella striata,Stephanodiscales > Stephanodiscaceae > Cyclotella > Cyclotella striata,대한민국 경기도 평택시,대한민국; 서해; 대한민국 경기도 평택시,37.015587,126.735298,Cyclotella striata은(는) 서해에서 관찰·채집된 해양생물 소재로 사용할 수 있다.,해양생물 캐릭터와 바다 탐험 동화 소재,"생물의 이름, 서식 해역, 분류를 활용한 관찰 질문과 퀴즈",5-7;8-10,해양생물;Cyclotella;striata;Stephanodiscales;>;Stephanodiscaceae;서해;대한민국;경기도;평택시,126.735298,대한민국,,Stephanodiscales > Stephanodiscaceae > Cyclotella > Cyclotella striata,37.015587,대한민국 경기도 평택시,2010-02-21,Cyclotella striata,서해
국립해양생물자원관_해양생물 채집 공간정보,https://www.data.go.kr/data/15151832/openapi.do,2021-05-13,marine_life,빨강바닷말반날개,Staphylinidae > Cafius > Cafius rufescens,대한민국 전라남도 신안군 도초면,대한민국; 서해; 대한민국 전라남도 신안군 도초면,34.968777,126.166779,빨강바닷말반날개은(는) 서해에서 관찰·채집된 해양생물 소재로 사용할 수 있다.,해양생물 캐릭터와 바다 탐험 동화 소재,"생물의 이름, 서식 해역, 분류를 활용한 관찰 질문과 퀴즈",5-7;8-10,해양생물;빨강바닷말반날개;Cafius;rufescens;Staphylinidae;>;서해;대한민국;전라남도;신안군;도초면,126.166779,대한민국,빨강바닷말반날개,Staphylinidae > Cafius > Cafius rufescens,34.968777,대한민국 전라남도 신안군 도초면,2021-05-13,Cafius rufescens,서해
국립해양생물자원관_해양생물 채집 공간정보,https://www.data.go.kr/data/15151832/openapi.do,2021-09-09,marine_life,갯가재,Stomatopoda > Squillidae > Oratosquilla > Oratosquilla oratoria,대한민국 서해 한·중 잠정조치수역,대한민국; 남해서부; 대한민국 서해 한·중 잠정조치수역,32.900475,124.585808,갯가재은(는) 남해서부에서 관찰·채집된 해양생물 소재로 사용할 수 있다.,해양생물 캐릭터와 바다 탐험 동화 소재,"생물의 이름, 서식 해역, 분류를 활용한 관찰 질문과 퀴즈",5-7;8-10,해양생물;갯가재;Oratosquilla;oratoria;Stomatopoda;>;Squillidae;남해서부;대한민국;서해;한·중;잠정조치수역,124.585808,대한민국,갯가재,Stomatopoda > Squillidae > Oratosquilla > Oratosquilla oratoria,32.900475,대한민국 서해 한·중 잠정조치수역,2021-09-09,Oratosquilla oratoria,남해서부
국립해양생물자원관_해양생물 채집 공간정보,https://www.data.go.kr/data/15151832/openapi.do,2015-05-01,marine_life,학공치,Teleostei > Beloniformes > Hemiramphidae > Hyporhamphus > Hyporhamphus sajori,대한민국 경상북도 포항시,대한민국; 동해남부; 대한민국 경상북도 포항시,36.003979,129.623505,학공치은(는) 동해남부에서 관찰·채집된 해양생물 소재로 사용할 수 있다.,해양생물 캐릭터와 바다 탐험 동화 소재,"생물의 이름, 서식 해역, 분류를 활용한 관찰 질문과 퀴즈",5-7;8-10,해양생물;학공치;Hyporhamphus;sajori;Teleostei;>;Beloniformes;Hemiramphidae;동해남부;대한민국;경상북도;포항시,129.623505,대한민국,학공치,Teleostei > Beloniformes > Hemiramphidae > Hyporhamphus > Hyporhamphus sajori,36.003979,대한민국 경상북도 포항시,2015-05-01,Hyporhamphus sajori,동해남부
국립해양생물자원관_해양생물 채집 공간정보,https://www.data.go.kr/data/15151832/openapi.do,2015-05-01,marine_life,학공치,Teleostei > Beloniformes > Hemiramphidae > Hyporhamphus > Hyporhamphus sajori,대한민국 경상북도 포항시,대한민국; 동해남부; 대한민국 경상북도 포항시,36.003979,129.623505,학공치은(는) 동해남부에서 관찰·채집된 해양생물 소재로 사용할 수 있다.,해양생물 캐릭터와 바다 탐험 동화 소재,"생물의 이름, 서식 해역, 분류를 활용한 관찰 질문과 퀴즈",5-7;8-10,해양생물;학공치;Hyporhamphus;sajori;Teleostei;>;Beloniformes;Hemiramphidae;동해남부;대한민국;경상북도;포항시,129.623505,대한민국,학공치,Teleostei > Beloniformes > Hemiramphidae > Hyporhamphus > Hyporhamphus sajori,36.003979,대한민국 경상북도 포항시,2015-05-01,Hyporhamphus sajori,동해남부
국립해양생물자원관_해양생물 채집 공간정보,https://www.data.go.kr/data/15151832/openapi.do,2012-06-03,marine_life,녹색말미잘이,Rhynchomolgidae > Critomolgus > Critomolgus vicinus,대한민국 충청남도 태안군 안면읍 창기리,대한민국; 서해; 대한민국 충청남도 태안군 안면읍 창기리,36.583694,126.321541,녹색말미잘이은(는) 서해에서 관찰·채집된 해양생물 소재로 사용할 수 있다.,해양생물 캐릭터와 바다 탐험 동화 소재,"생물의 이름, 서식 해역, 분류를 활용한 관찰 질문과 퀴즈",5-7;8-10,해양생물;녹색말미잘이;Critomolgus;vicinus;Rhynchomolgidae;>;서해;대한민국;충청남도;태안군;안면읍;창기리,126.321541,대한민국,녹색말미잘이,Rhynchomolgidae > Critomolgus > Critomolgus vicinus,36.583694,대한민국 충청남도 태안군 안면읍 창기리,2012-06-03,Critomolgus vicinus,서해
국립해양생물자원관_해양생물 채집 공간정보,https://www.data.go.kr/data/15151832/openapi.do,2015-10-24,marine_life,노랑촉수,Upeneus japonicus,대한민국 제주특별자치도 제주시,대한민국; 남해서부; 대한민국 제주특별자치도 제주시,33.587685,126.117218,노랑촉수은(는) 남해서부에서 관찰·채집된 해양생물 소재로 사용할 수 있다.,해양생물 캐릭터와 바다 탐험 동화 소재,"생물의 이름, 서식 해역, 분류를 활용한 관찰 질문과 퀴즈",5-7;8-10,해양생물;노랑촉수;Upeneus;japonicus;남해서부;대한민국;제주특별자치도;제주시,126.117218,대한민국,노랑촉수,Upeneus japonicus,33.587685,대한민국 제주특별자치도 제주시,2015-10-24,Upeneus japonicus,남해서부
국립해양생물자원관_해양생물 채집 공간정보,https://www.data.go.kr/data/15151832/openapi.do,2015-10-24,marine_life,참조기,Teleostei > Perciformes > Sciaenidae > Larimichthys > Larimichthys polyactis,대한민국 제주특별자치도 제주시,대한민국; 남해서부; 대한민국 제주특별자치도 제주시,33.694897,126.292870,참조기은(는) 남해서부에서 관찰·채집된 해양생물 소재로 사용할 수 있다.,해양생물 캐릭터와 바다 탐험 동화 소재,"생물의 이름, 서식 해역, 분류를 활용한 관찰 질문과 퀴즈",5-7;8-10,해양생물;참조기;Larimichthys;polyactis;Teleostei;>;Perciformes;Sciaenidae;남해서부;대한민국;제주특별자치도;제주시,126.292870,대한민국,참조기,Teleostei > Perciformes > Sciaenidae > Larimichthys > Larimichthys polyactis,33.694897,대한민국 제주특별자치도 제주시,2015-10-24,Larimichthys polyactis,남해서부
국립해양생물자원관_해양생물 채집 공간정보,https://www.data.go.kr/data/15151832/openapi.do,2013-10-30,marine_life,누운청각,Ulvophyceae > Bryopsidales > Codiaceae > Codium > Codium coactum,대한민국 제주특별자치도 제주시 우도면,대한민국; 남해서부; 대한민국 제주특별자치도 제주시 우도면,33.513390,126.946060,누운청각은(는) 남해서부에서 관찰·채집된 해양생물 소재로 사용할 수 있다.,해양생물 캐릭터와 바다 탐험 동화 소재,"생물의 이름, 서식 해역, 분류를 활용한 관찰 질문과 퀴즈",5-7;8-10,해양생물;누운청각;Codium;coactum;Ulvophyceae;>;Bryopsidales;Codiaceae;남해서부;대한민국;제주특별자치도;제주시,126.946060,대한민국,누운청각,Ulvophyceae > Bryopsidales > Codiaceae > Codium > Codium coactum,33.513390,대한민국 제주특별자치도 제주시 우도면,2013-10-30,Codium coactum,남해서부
국립해양생물자원관_해양생물 채집 공간정보,https://www.data.go.kr/data/15151832/openapi.do,2016-01-13,marine_life,물메기,Teleostei > Scorpaeniformes > Liparidae > Liparis > Liparis tessellatus,대한민국 강원도 삼척시,대한민국; 동해중부; 대한민국 강원도 삼척시,37.228195,129.344940,물메기은(는) 동해중부에서 관찰·채집된 해양생물 소재로 사용할 수 있다.,해양생물 캐릭터와 바다 탐험 동화 소재,"생물의 이름, 서식 해역, 분류를 활용한 관찰 질문과 퀴즈",5-7;8-10,해양생물;물메기;Liparis;tessellatus;Teleostei;>;Scorpaeniformes;Liparidae;동해중부;대한민국;강원도;삼척시,129.344940,대한민국,물메기,Teleostei > Scorpaeniformes > Liparidae > Liparis > Liparis tessellatus,37.228195,대한민국 강원도 삼척시,2016-01-13,Liparis tessellatus,동해중부
국립해양생물자원관_해양생물 채집 공간정보,https://www.data.go.kr/data/15151832/openapi.do,2015-12-02,marine_life,까나리,Teleostei > Perciformes > Ammodytidae > Ammodytes > Ammodytes japonicus,대한민국 강원도 강릉시,대한민국; 동해중부; 대한민국 강원도 강릉시,38.106075,128.663727,까나리은(는) 동해중부에서 관찰·채집된 해양생물 소재로 사용할 수 있다.,해양생물 캐릭터와 바다 탐험 동화 소재,"생물의 이름, 서식 해역, 분류를 활용한 관찰 질문과 퀴즈",5-7;8-10,해양생물;까나리;Ammodytes;japonicus;Teleostei;>;Perciformes;Ammodytidae;동해중부;대한민국;강원도;강릉시,128.663727,대한민국,까나리,Teleostei > Perciformes > Ammodytidae > Ammodytes > Ammodytes japonicus,38.106075,대한민국 강원도 강릉시,2015-12-02,Ammodytes japonicus,동해중부
국립해양생물자원관_해양생물 채집 공간정보,https://www.data.go.kr/data/15151832/openapi.do,2004-08-30,marine_life,Vibrio campbellii,Vibrionales > Vibrionaceae > Vibrio > Vibrio campbellii,대한민국 경상북도 영덕군,대한민국; 동해중부; 대한민국 경상북도 영덕군,36.601387,129.448883,Vibrio campbellii은(는) 동해중부에서 관찰·채집된 해양생물 소재로 사용할 수 있다.,해양생물 캐릭터와 바다 탐험 동화 소재,"생물의 이름, 서식 해역, 분류를 활용한 관찰 질문과 퀴즈",5-7;8-10,해양생물;Vibrio;campbellii;Vibrionales;>;Vibrionaceae;동해중부;대한민국;경상북도;영덕군,129.448883,대한민국,,Vibrionales > Vibrionaceae > Vibrio > Vibrio campbellii,36.601387,대한민국 경상북도 영덕군,2004-08-30,Vibrio campbellii,동해중부
국립해양생물자원관_해양생물 채집 공간정보,https://www.data.go.kr/data/15151832/openapi.do,2017-11-09,marine_life,가시가자미,Teleostei > Pleuronectiformes > Pleuronectidae > Acanthopsetta > Acanthopsetta nadeshnyi,대한민국 강원도,대한민국; 동해중부; 대한민국 강원도,38.397137,128.533310,가시가자미은(는) 동해중부에서 관찰·채집된 해양생물 소재로 사용할 수 있다.,해양생물 캐릭터와 바다 탐험 동화 소재,"생물의 이름, 서식 해역, 분류를 활용한 관찰 질문과 퀴즈",5-7;8-10,해양생물;가시가자미;Acanthopsetta;nadeshnyi;Teleostei;>;Pleuronectiformes;Pleuronectidae;동해중부;대한민국;강원도,128.533310,대한민국,가시가자미,Teleostei > Pleuronectiformes > Pleuronectidae > Acanthopsetta > Acanthopsetta nadeshnyi,38.397137,대한민국 강원도,2017-11-09,Acanthopsetta nadeshnyi,동해중부
국립해양생물자원관_해양생물 채집 공간정보,https://www.data.go.kr/data/15151832/openapi.do,2017-02-27,marine_life,비틀이고둥,Potamididae > Pirenella > Pirenella cingulata,대한민국 전라남도 영광군 홍농읍 칠곡리 창개미골 앞 갯벌 및 습지,대한민국; 서해; 대한민국 전라남도 영광군 홍농읍 칠곡리 창개미골 앞 갯벌 및 습지,35.383095,126.418015,비틀이고둥은(는) 서해에서 관찰·채집된 해양생물 소재로 사용할 수 있다.,해양생물 캐릭터와 바다 탐험 동화 소재,"생물의 이름, 서식 해역, 분류를 활용한 관찰 질문과 퀴즈",5-7;8-10,해양생물;비틀이고둥;Pirenella;cingulata;Potamididae;>;서해;대한민국;전라남도;영광군;홍농읍;칠곡리,126.418015,대한민국,비틀이고둥,Potamididae > Pirenella > Pirenella cingulata,35.383095,대한민국 전라남도 영광군 홍농읍 칠곡리 창개미골 앞 갯벌 및 습지,2017-02-27,Pirenella cingulata,서해
국립해양생물자원관_해양생물 채집 공간정보,https://www.data.go.kr/data/15151832/openapi.do,2013-01-06,marine_life,술대마디말,Ulvophyceae > Cladophorales > Cladophoraceae > Lychaete > Lychaete sakaii,대한민국 경상북도 포항시 북구 청하면,대한민국; 동해남부; 대한민국 경상북도 포항시 북구 청하면,36.185226,129.384506,술대마디말은(는) 동해남부에서 관찰·채집된 해양생물 소재로 사용할 수 있다.,해양생물 캐릭터와 바다 탐험 동화 소재,"생물의 이름, 서식 해역, 분류를 활용한 관찰 질문과 퀴즈",5-7;8-10,해양생물;술대마디말;Lychaete;sakaii;Ulvophyceae;>;Cladophorales;Cladophoraceae;동해남부;대한민국;경상북도;포항시,129.384506,대한민국,술대마디말,Ulvophyceae > Cladophorales > Cladophoraceae > Lychaete > Lychaete sakaii,36.185226,대한민국 경상북도 포항시 북구 청하면,2013-01-06,Lychaete sakaii,동해남부
국립해양생물자원관_해양생물 채집 공간정보,https://www.data.go.kr/data/15151832/openapi.do,2004-08-30,marine_life,Vibrio hyugaensis,Vibrionales > Vibrionaceae > Vibrio > Vibrio hyugaensis,대한민국 경상북도 영덕군,대한민국; 동해중부; 대한민국 경상북도 영덕군,36.601387,129.448883,Vibrio hyugaensis은(는) 동해중부에서 관찰·채집된 해양생물 소재로 사용할 수 있다.,해양생물 캐릭터와 바다 탐험 동화 소재,"생물의 이름, 서식 해역, 분류를 활용한 관찰 질문과 퀴즈",5-7;8-10,해양생물;Vibrio;hyugaensis;Vibrionales;>;Vibrionaceae;동해중부;대한민국;경상북도;영덕군,129.448883,대한민국,,Vibrionales > Vibrionaceae > Vibrio > Vibrio hyugaensis,36.601387,대한민국 경상북도 영덕군,2004-08-30,Vibrio hyugaensis,동해중부
국립해양생물자원관_해양생물 채집 공간정보,https://www.data.go.kr/data/15151832/openapi.do,2004-08-30,marine_life,Vibrio campbellii,Vibrionales > Vibrionaceae > Vibrio > Vibrio campbellii,대한민국 경상북도 영덕군,대한민국; 동해중부; 대한민국 경상북도 영덕군,36.601387,129.448883,Vibrio campbellii은(는) 동해중부에서 관찰·채집된 해양생물 소재로 사용할 수 있다.,해양생물 캐릭터와 바다 탐험 동화 소재,"생물의 이름, 서식 해역, 분류를 활용한 관찰 질문과 퀴즈",5-7;8-10,해양생물;Vibrio;campbellii;Vibrionales;>;Vibrionaceae;동해중부;대한민국;경상북도;영덕군,129.448883,대한민국,,Vibrionales > Vibrionaceae > Vibrio > Vibrio campbellii,36.601387,대한민국 경상북도 영덕군,2004-08-30,Vibrio campbellii,동해중부
국립해양생물자원관_해양생물 채집 공간정보,https://www.data.go.kr/data/15151832/openapi.do,2004-08-30,marine_life,Vibrio jasicida,Vibrionales > Vibrionaceae > Vibrio > Vibrio jasicida,대한민국 경상북도 영덕군,대한민국; 동해중부; 대한민국 경상북도 영덕군,36.601387,129.448883,Vibrio jasicida은(는) 동해중부에서 관찰·채집된 해양생물 소재로 사용할 수 있다.,해양생물 캐릭터와 바다 탐험 동화 소재,"생물의 이름, 서식 해역, 분류를 활용한 관찰 질문과 퀴즈",5-7;8-10,해양생물;Vibrio;jasicida;Vibrionales;>;Vibrionaceae;동해중부;대한민국;경상북도;영덕군,129.448883,대한민국,,Vibrionales > Vibrionaceae > Vibrio > Vibrio jasicida,36.601387,대한민국 경상북도 영덕군,2004-08-30,Vibrio jasicida,동해중부
국립해양생물자원관_해양생물 채집 공간정보,https://www.data.go.kr/data/15151832/openapi.do,2004-08-30,marine_life,Pseudoalteromonas shioyasakiensis,Pseudomonadota > Gammaproteobacteria > Alteromonadales > Pseudoalteromonadaceae > Pseudoalteromonas > Pseudoalteromonas shioyasakiensis,대한민국 경상북도 영덕군,대한민국; 동해중부; 대한민국 경상북도 영덕군,36.601387,129.448883,Pseudoalteromonas shioyasakiensis은(는) 동해중부에서 관찰·채집된 해양생물 소재로 사용할 수 있다.,해양생물 캐릭터와 바다 탐험 동화 소재,"생물의 이름, 서식 해역, 분류를 활용한 관찰 질문과 퀴즈",5-7;8-10,해양생물;Pseudoalteromonas;shioyasakiensis;Pseudomonadota;>;Gammaproteobacteria;Alteromonadales;Pseudoalteromonadaceae;동해중부;대한민국;경상북도;영덕군,129.448883,대한민국,,Pseudomonadota > Gammaproteobacteria > Alteromonadales > Pseudoalteromonadaceae > Pseudoalteromonas > Pseudoalteromonas shioyasakiensis,36.601387,대한민국 경상북도 영덕군,2004-08-30,Pseudoalteromonas shioyasakiensis,동해중부
국립해양생물자원관_해양생물 채집 공간정보,https://www.data.go.kr/data/15151832/openapi.do,2004-08-30,marine_life,Alcanivorax dieselolei,Pseudomonadota > Gammaproteobacteria > Oceanospirillales > Alcanivoracaceae > Alcanivorax > Alcanivorax dieselolei,대한민국 경상북도 영덕군,대한민국; 동해중부; 대한민국 경상북도 영덕군,36.601387,129.448883,Alcanivorax dieselolei은(는) 동해중부에서 관찰·채집된 해양생물 소재로 사용할 수 있다.,해양생물 캐릭터와 바다 탐험 동화 소재,"생물의 이름, 서식 해역, 분류를 활용한 관찰 질문과 퀴즈",5-7;8-10,해양생물;Alcanivorax;dieselolei;Pseudomonadota;>;Gammaproteobacteria;Oceanospirillales;Alcanivoracaceae;동해중부;대한민국;경상북도;영덕군,129.448883,대한민국,,Pseudomonadota > Gammaproteobacteria > Oceanospirillales > Alcanivoracaceae > Alcanivorax > Alcanivorax dieselolei,36.601387,대한민국 경상북도 영덕군,2004-08-30,Alcanivorax dieselolei,동해중부
국립해양생물자원관_해양생물 채집 공간정보,https://www.data.go.kr/data/15151832/openapi.do,2004-08-30,marine_life,Leclercia adecarboxylata,Pseudomonadota > Gammaproteobacteria > Enterobacterales > Enterobacteriaceae > Leclercia > Leclercia adecarboxylata,대한민국 경상북도 영덕군,대한민국; 동해중부; 대한민국 경상북도 영덕군,36.601387,129.448883,Leclercia adecarboxylata은(는) 동해중부에서 관찰·채집된 해양생물 소재로 사용할 수 있다.,해양생물 캐릭터와 바다 탐험 동화 소재,"생물의 이름, 서식 해역, 분류를 활용한 관찰 질문과 퀴즈",5-7;8-10,해양생물;Leclercia;adecarboxylata;Pseudomonadota;>;Gammaproteobacteria;Enterobacterales;Enterobacteriaceae;동해중부;대한민국;경상북도;영덕군,129.448883,대한민국,,Pseudomonadota > Gammaproteobacteria > Enterobacterales > Enterobacteriaceae > Leclercia > Leclercia adecarboxylata,36.601387,대한민국 경상북도 영덕군,2004-08-30,Leclercia adecarboxylata,동해중부
국립해양생물자원관_해양생물 채집 공간정보,https://www.data.go.kr/data/15151832/openapi.do,2004-08-30,marine_life,Staphylococcus pasteuri,Staphylococcus pasteuri,대한민국 경상북도 영덕군,대한민국; 동해중부; 대한민국 경상북도 영덕군,36.601387,129.448883,Staphylococcus pasteuri은(는) 동해중부에서 관찰·채집된 해양생물 소재로 사용할 수 있다.,해양생물 캐릭터와 바다 탐험 동화 소재,"생물의 이름, 서식 해역, 분류를 활용한 관찰 질문과 퀴즈",5-7;8-10,해양생물;Staphylococcus;pasteuri;동해중부;대한민국;경상북도;영덕군,129.448883,대한민국,,Staphylococcus pasteuri,36.601387,대한민국 경상북도 영덕군,2004-08-30,Staphylococcus pasteuri,동해중부
국립해양생물자원관_해양생물 채집 공간정보,https://www.data.go.kr/data/15151832/openapi.do,2013-01-06,marine_life,흐린대마디말,Ulvophyceae > Cladophorales > Cladophoraceae > Cladophora > Cladophora opaca,대한민국 경상북도 포항시 북구 청하면,대한민국; 동해남부; 대한민국 경상북도 포항시 북구 청하면,36.185226,129.384506,흐린대마디말은(는) 동해남부에서 관찰·채집된 해양생물 소재로 사용할 수 있다.,해양생물 캐릭터와 바다 탐험 동화 소재,"생물의 이름, 서식 해역, 분류를 활용한 관찰 질문과 퀴즈",5-7;8-10,해양생물;흐린대마디말;Cladophora;opaca;Ulvophyceae;>;Cladophorales;Cladophoraceae;동해남부;대한민국;경상북도;포항시,129.384506,대한민국,흐린대마디말,Ulvophyceae > Cladophorales > Cladophoraceae > Cladophora > Cladophora opaca,36.185226,대한민국 경상북도 포항시 북구 청하면,2013-01-06,Cladophora opaca,동해남부
국립해양생물자원관_해양생물 채집 공간정보,https://www.data.go.kr/data/15151832/openapi.do,2021-05-11,marine_life,잘피갯가꼬마새우,Thoridae > Eualus > Eualus leptognathus,대한민국 충청남도 태안군 소원면 의항해수욕장,대한민국; 서해; 대한민국 충청남도 태안군 소원면 의항해수욕장,36.829445,126.157143,잘피갯가꼬마새우은(는) 서해에서 관찰·채집된 해양생물 소재로 사용할 수 있다.,해양생물 캐릭터와 바다 탐험 동화 소재,"생물의 이름, 서식 해역, 분류를 활용한 관찰 질문과 퀴즈",5-7;8-10,해양생물;잘피갯가꼬마새우;Eualus;leptognathus;Thoridae;>;서해;대한민국;충청남도;태안군;소원면;의항해수욕장,126.157143,대한민국,잘피갯가꼬마새우,Thoridae > Eualus > Eualus leptognathus,36.829445,대한민국 충청남도 태안군 소원면 의항해수욕장,2021-05-11,Eualus leptognathus,서해
국립해양생물자원관_해양생물 채집 공간정보,https://www.data.go.kr/data/15151832/openapi.do,2015-01-11,marine_life,타이핑갑옷선충,Nematoda > Enoplea > Enoplida > Enoplidae > Enoplus > Enoplus taipingensis,대한민국 제주특별자치도 서귀포시 표선면 조간대,대한민국; 남해서부; 대한민국 제주특별자치도 서귀포시 표선면 조간대,33.329750,126.842361,타이핑갑옷선충은(는) 남해서부에서 관찰·채집된 해양생물 소재로 사용할 수 있다.,해양생물 캐릭터와 바다 탐험 동화 소재,"생물의 이름, 서식 해역, 분류를 활용한 관찰 질문과 퀴즈",5-7;8-10,해양생물;타이핑갑옷선충;Enoplus;taipingensis;Nematoda;>;Enoplea;Enoplida;Enoplidae;남해서부;대한민국;제주특별자치도,126.842361,대한민국,타이핑갑옷선충,Nematoda > Enoplea > Enoplida > Enoplidae > Enoplus > Enoplus taipingensis,33.329750,대한민국 제주특별자치도 서귀포시 표선면 조간대,2015-01-11,Enoplus taipingensis,남해서부
국립해양생물자원관_해양생물 채집 공간정보,https://www.data.go.kr/data/15151832/openapi.do,2017-09-30,marine_life,세가닥갯쇠털,Sphacelariales > Sphacelariaceae > Sphacelaria > Sphacelaria fusca,대한민국 전라남도 고흥군 금산면 익금해수욕장,대한민국; 남해서부; 대한민국 전라남도 고흥군 금산면 익금해수욕장,34.430183,127.150322,세가닥갯쇠털은(는) 남해서부에서 관찰·채집된 해양생물 소재로 사용할 수 있다.,해양생물 캐릭터와 바다 탐험 동화 소재,"생물의 이름, 서식 해역, 분류를 활용한 관찰 질문과 퀴즈",5-7;8-10,해양생물;세가닥갯쇠털;Sphacelaria;fusca;Sphacelariales;>;Sphacelariaceae;남해서부;대한민국;전라남도;고흥군;금산면,127.150322,대한민국,세가닥갯쇠털,Sphacelariales > Sphacelariaceae > Sphacelaria > Sphacelaria fusca,34.430183,대한민국 전라남도 고흥군 금산면 익금해수욕장,2017-09-30,Sphacelaria fusca,남해서부
국립해양생물자원관_해양생물 채집 공간정보,https://www.data.go.kr/data/15151832/openapi.do,2017-04-05,marine_life,먹장어,Myxiniformes > Myxinidae > Eptatretus > Eptatretus burgeri,대한민국 경상남도 통영시,대한민국; 남해동부; 대한민국 경상남도 통영시,34.850460,128.325775,먹장어은(는) 남해동부에서 관찰·채집된 해양생물 소재로 사용할 수 있다.,해양생물 캐릭터와 바다 탐험 동화 소재,"생물의 이름, 서식 해역, 분류를 활용한 관찰 질문과 퀴즈",5-7;8-10,해양생물;먹장어;Eptatretus;burgeri;Myxiniformes;>;Myxinidae;남해동부;대한민국;경상남도;통영시,128.325775,대한민국,먹장어,Myxiniformes > Myxinidae > Eptatretus > Eptatretus burgeri,34.850460,대한민국 경상남도 통영시,2017-04-05,Eptatretus burgeri,남해동부
국립해양생물자원관_해양생물 채집 공간정보,https://www.data.go.kr/data/15151832/openapi.do,2015-08-20,marine_life,도돔발상어,Squalus japonicus,대한민국 경상남도 사천시,대한민국; 남해동부; 대한민국 경상남도 사천시,34.927731,128.058502,도돔발상어은(는) 남해동부에서 관찰·채집된 해양생물 소재로 사용할 수 있다.,해양생물 캐릭터와 바다 탐험 동화 소재,"생물의 이름, 서식 해역, 분류를 활용한 관찰 질문과 퀴즈",5-7;8-10,해양생물;도돔발상어;Squalus;japonicus;남해동부;대한민국;경상남도;사천시,128.058502,대한민국,도돔발상어,Squalus japonicus,34.927731,대한민국 경상남도 사천시,2015-08-20,Squalus japonicus,남해동부
국립해양생물자원관_해양생물 채집 공간정보,https://www.data.go.kr/data/15151832/openapi.do,2011-01-12,marine_life,세모뿔장수노벌레,Robertsonia normani,대한민국 부산광역시 기장군 기장읍,대한민국; 동해남부; 대한민국 부산광역시 기장군 기장읍,35.281940,129.258331,세모뿔장수노벌레은(는) 동해남부에서 관찰·채집된 해양생물 소재로 사용할 수 있다.,해양생물 캐릭터와 바다 탐험 동화 소재,"생물의 이름, 서식 해역, 분류를 활용한 관찰 질문과 퀴즈",5-7;8-10,해양생물;세모뿔장수노벌레;Robertsonia;normani;동해남부;대한민국;부산광역시;기장군;기장읍,129.258331,대한민국,세모뿔장수노벌레,Robertsonia normani,35.281940,대한민국 부산광역시 기장군 기장읍,2011-01-12,Robertsonia normani,동해남부
국립해양생물자원관_해양생물 채집 공간정보,https://www.data.go.kr/data/15151832/openapi.do,2014-04-03,marine_life,깃비늘치,Teleostei > Myctophiformes > Myctophidae > Benthosema > Benthosema pterotum,대한민국 전라남도 여수시,대한민국; 남해동부; 대한민국 전라남도 여수시,34.206280,127.846413,깃비늘치은(는) 남해동부에서 관찰·채집된 해양생물 소재로 사용할 수 있다.,해양생물 캐릭터와 바다 탐험 동화 소재,"생물의 이름, 서식 해역, 분류를 활용한 관찰 질문과 퀴즈",5-7;8-10,해양생물;깃비늘치;Benthosema;pterotum;Teleostei;>;Myctophiformes;Myctophidae;남해동부;대한민국;전라남도;여수시,127.846413,대한민국,깃비늘치,Teleostei > Myctophiformes > Myctophidae > Benthosema > Benthosema pterotum,34.206280,대한민국 전라남도 여수시,2014-04-03,Benthosema pterotum,남해동부
국립해양생물자원관_해양생물 채집 공간정보,https://www.data.go.kr/data/15151832/openapi.do,2014-04-14,marine_life,Mugil japonicus,Teleostei > Mugiliformes > Mugilidae > Mugil > Mugil japonicus,대한민국 전라북도 부안군,대한민국; 서해; 대한민국 전라북도 부안군,35.802395,126.655983,Mugil japonicus은(는) 서해에서 관찰·채집된 해양생물 소재로 사용할 수 있다.,해양생물 캐릭터와 바다 탐험 동화 소재,"생물의 이름, 서식 해역, 분류를 활용한 관찰 질문과 퀴즈",5-7;8-10,해양생물;Mugil;japonicus;Teleostei;>;Mugiliformes;Mugilidae;서해;대한민국;전라북도;부안군,126.655983,대한민국,,Teleostei > Mugiliformes > Mugilidae > Mugil > Mugil japonicus,35.802395,대한민국 전라북도 부안군,2014-04-14,Mugil japonicus,서해
국립해양생물자원관_해양생물 채집 공간정보,https://www.data.go.kr/data/15151832/openapi.do,2011-08-28,marine_life,삽벌레털노벌레,Scolecitrichidae > Scolecithrix > Scolecithrix danae,대한민국 경상북도 경주시,대한민국; 동해남부; 대한민국 경상북도 경주시,35.691250,129.523605,삽벌레털노벌레은(는) 동해남부에서 관찰·채집된 해양생물 소재로 사용할 수 있다.,해양생물 캐릭터와 바다 탐험 동화 소재,"생물의 이름, 서식 해역, 분류를 활용한 관찰 질문과 퀴즈",5-7;8-10,해양생물;삽벌레털노벌레;Scolecithrix;danae;Scolecitrichidae;>;동해남부;대한민국;경상북도;경주시,129.523605,대한민국,삽벌레털노벌레,Scolecitrichidae > Scolecithrix > Scolecithrix danae,35.691250,대한민국 경상북도 경주시,2011-08-28,Scolecithrix danae,동해남부
국립해양생물자원관_해양생물 채집 공간정보,https://www.data.go.kr/data/15151832/openapi.do,2014-09-26,marine_life,붉은갈기불가사리,Velatida > Solasteridae > Lophaster > Lophaster furcilliger,대한민국 강원도 삼척시 원덕읍,대한민국; 동해중부; 대한민국 강원도 삼척시 원덕읍,37.216194,129.353821,붉은갈기불가사리은(는) 동해중부에서 관찰·채집된 해양생물 소재로 사용할 수 있다.,해양생물 캐릭터와 바다 탐험 동화 소재,"생물의 이름, 서식 해역, 분류를 활용한 관찰 질문과 퀴즈",5-7;8-10,해양생물;붉은갈기불가사리;Lophaster;furcilliger;Velatida;>;Solasteridae;동해중부;대한민국;강원도;삼척시;원덕읍,129.353821,대한민국,붉은갈기불가사리,Velatida > Solasteridae > Lophaster > Lophaster furcilliger,37.216194,대한민국 강원도 삼척시 원덕읍,2014-09-26,Lophaster furcilliger,동해중부
국립해양생물자원관_해양생물 채집 공간정보,https://www.data.go.kr/data/15151832/openapi.do,2017-09-12,marine_life,가위갯쇠털,Sphacelariales > Sphacelariaceae > Sphacelaria > Sphacelaria rigidula,대한민국 제주특별자치도 제주시 추자면 영흥리,대한민국; 남해서부; 대한민국 제주특별자치도 제주시 추자면 영흥리,33.957703,126.300461,가위갯쇠털은(는) 남해서부에서 관찰·채집된 해양생물 소재로 사용할 수 있다.,해양생물 캐릭터와 바다 탐험 동화 소재,"생물의 이름, 서식 해역, 분류를 활용한 관찰 질문과 퀴즈",5-7;8-10,해양생물;가위갯쇠털;Sphacelaria;rigidula;Sphacelariales;>;Sphacelariaceae;남해서부;대한민국;제주특별자치도;제주시;추자면,126.300461,대한민국,가위갯쇠털,Sphacelariales > Sphacelariaceae > Sphacelaria > Sphacelaria rigidula,33.957703,대한민국 제주특별자치도 제주시 추자면 영흥리,2017-09-12,Sphacelaria rigidula,남해서부
국립해양생물자원관_해양생물 채집 공간정보,https://www.data.go.kr/data/15151832/openapi.do,2017-09-12,marine_life,지충이,Sargassum thunbergii,대한민국 제주특별자치도 제주시 추자면 영흥리,대한민국; 남해서부; 대한민국 제주특별자치도 제주시 추자면 영흥리,33.957703,126.300461,지충이은(는) 남해서부에서 관찰·채집된 해양생물 소재로 사용할 수 있다.,해양생물 캐릭터와 바다 탐험 동화 소재,"생물의 이름, 서식 해역, 분류를 활용한 관찰 질문과 퀴즈",5-7;8-10,해양생물;지충이;Sargassum;thunbergii;남해서부;대한민국;제주특별자치도;제주시;추자면;영흥리,126.300461,대한민국,지충이,Sargassum thunbergii,33.957703,대한민국 제주특별자치도 제주시 추자면 영흥리,2017-09-12,Sargassum thunbergii,남해서부
국립해양생물자원관_해양생물 채집 공간정보,https://www.data.go.kr/data/15151832/openapi.do,2013-08-27,marine_life,다도해모래옆새우,Malacostraca > Amphipoda > Dogielinotidae > Haustorioides > Haustorioides nesogenes,대한민국 전라남도 완도군 지리,대한민국; 남해서부; 대한민국 전라남도 완도군 지리,34.197987,126.861572,다도해모래옆새우은(는) 남해서부에서 관찰·채집된 해양생물 소재로 사용할 수 있다.,해양생물 캐릭터와 바다 탐험 동화 소재,"생물의 이름, 서식 해역, 분류를 활용한 관찰 질문과 퀴즈",5-7;8-10,해양생물;다도해모래옆새우;Haustorioides;nesogenes;Malacostraca;>;Amphipoda;Dogielinotidae;남해서부;대한민국;전라남도;완도군,126.861572,대한민국,다도해모래옆새우,Malacostraca > Amphipoda > Dogielinotidae > Haustorioides > Haustorioides nesogenes,34.197987,대한민국 전라남도 완도군 지리,2013-08-27,Haustorioides nesogenes,남해서부
국립해양생물자원관_해양생물 채집 공간정보,https://www.data.go.kr/data/15151832/openapi.do,2006-10-01,marine_life,보통이형올챙이새우,Malacostraca > Cumacea > Diastylidae > Dimorphostylis > Dimorphostylis asiatica,대한민국 경상남도,대한민국; 남해동부; 대한민국 경상남도,34.188889,128.389435,보통이형올챙이새우은(는) 남해동부에서 관찰·채집된 해양생물 소재로 사용할 수 있다.,해양생물 캐릭터와 바다 탐험 동화 소재,"생물의 이름, 서식 해역, 분류를 활용한 관찰 질문과 퀴즈",5-7;8-10,해양생물;보통이형올챙이새우;Dimorphostylis;asiatica;Malacostraca;>;Cumacea;Diastylidae;남해동부;대한민국;경상남도,128.389435,대한민국,보통이형올챙이새우,Malacostraca > Cumacea > Diastylidae > Dimorphostylis > Dimorphostylis asiatica,34.188889,대한민국 경상남도,2006-10-01,Dimorphostylis asiatica,남해동부
국립해양생물자원관_해양생물 채집 공간정보,https://www.data.go.kr/data/15151832/openapi.do,2012-10-01,marine_life,네모손멜리타옆새우,Melitidae > Melita > Melita koreana,대한민국 경상남도 거제시 율포리,대한민국; 남해동부; 대한민국 경상남도 거제시 율포리,34.777500,128.594437,네모손멜리타옆새우은(는) 남해동부에서 관찰·채집된 해양생물 소재로 사용할 수 있다.,해양생물 캐릭터와 바다 탐험 동화 소재,"생물의 이름, 서식 해역, 분류를 활용한 관찰 질문과 퀴즈",5-7;8-10,해양생물;네모손멜리타옆새우;Melita;koreana;Melitidae;>;남해동부;대한민국;경상남도;거제시;율포리,128.594437,대한민국,네모손멜리타옆새우,Melitidae > Melita > Melita koreana,34.777500,대한민국 경상남도 거제시 율포리,2012-10-01,Melita koreana,남해동부
국립해양생물자원관_해양생물 채집 공간정보,https://www.data.go.kr/data/15151832/openapi.do,2012-10-01,marine_life,네모손멜리타옆새우,Melitidae > Melita > Melita koreana,대한민국 경상남도 거제시 율포리,대한민국; 남해동부; 대한민국 경상남도 거제시 율포리,34.777500,128.594437,네모손멜리타옆새우은(는) 남해동부에서 관찰·채집된 해양생물 소재로 사용할 수 있다.,해양생물 캐릭터와 바다 탐험 동화 소재,"생물의 이름, 서식 해역, 분류를 활용한 관찰 질문과 퀴즈",5-7;8-10,해양생물;네모손멜리타옆새우;Melita;koreana;Melitidae;>;남해동부;대한민국;경상남도;거제시;율포리,128.594437,대한민국,네모손멜리타옆새우,Melitidae > Melita > Melita koreana,34.777500,대한민국 경상남도 거제시 율포리,2012-10-01,Melita koreana,남해동부
국립해양생물자원관_해양생물 채집 공간정보,https://www.data.go.kr/data/15151832/openapi.do,2013-11-08,marine_life,개청각,Ulvophyceae > Bryopsidales > Codiaceae > Codium > Codium tomentosum,대한민국 경상북도 포항시 북구 청하면,대한민국; 동해남부; 대한민국 경상북도 포항시 북구 청하면,36.185226,129.384506,개청각은(는) 동해남부에서 관찰·채집된 해양생물 소재로 사용할 수 있다.,해양생물 캐릭터와 바다 탐험 동화 소재,"생물의 이름, 서식 해역, 분류를 활용한 관찰 질문과 퀴즈",5-7;8-10,해양생물;개청각;Codium;tomentosum;Ulvophyceae;>;Bryopsidales;Codiaceae;동해남부;대한민국;경상북도;포항시,129.384506,대한민국,개청각,Ulvophyceae > Bryopsidales > Codiaceae > Codium > Codium tomentosum,36.185226,대한민국 경상북도 포항시 북구 청하면,2013-11-08,Codium tomentosum,동해남부
국립해양생물자원관_해양생물 채집 공간정보,https://www.data.go.kr/data/15151832/openapi.do,2014-03-03,marine_life,가시파래,Ulvophyceae > Ulvales > Ulvaceae > Ulva > Ulva prolifera,대한민국 전라남도 완도군 완도읍,대한민국; 남해서부; 대한민국 전라남도 완도군 완도읍,34.296329,126.701500,가시파래은(는) 남해서부에서 관찰·채집된 해양생물 소재로 사용할 수 있다.,해양생물 캐릭터와 바다 탐험 동화 소재,"생물의 이름, 서식 해역, 분류를 활용한 관찰 질문과 퀴즈",5-7;8-10,해양생물;가시파래;Ulva;prolifera;Ulvophyceae;>;Ulvales;Ulvaceae;남해서부;대한민국;전라남도;완도군,126.701500,대한민국,가시파래,Ulvophyceae > Ulvales > Ulvaceae > Ulva > Ulva prolifera,34.296329,대한민국 전라남도 완도군 완도읍,2014-03-03,Ulva prolifera,남해서부
국립해양생물자원관_해양생물 채집 공간정보,https://www.data.go.kr/data/15151832/openapi.do,2014-04-24,marine_life,도화망둑,Teleostei > Perciformes > Gobiidae > Amblychaeturichthys > Amblychaeturichthys hexanema,대한민국 충청남도 태안군,대한민국; 서해; 대한민국 충청남도 태안군,36.623150,126.162354,도화망둑은(는) 서해에서 관찰·채집된 해양생물 소재로 사용할 수 있다.,해양생물 캐릭터와 바다 탐험 동화 소재,"생물의 이름, 서식 해역, 분류를 활용한 관찰 질문과 퀴즈",5-7;8-10,해양생물;도화망둑;Amblychaeturichthys;hexanema;Teleostei;>;Perciformes;Gobiidae;서해;대한민국;충청남도;태안군,126.162354,대한민국,도화망둑,Teleostei > Perciformes > Gobiidae > Amblychaeturichthys > Amblychaeturichthys hexanema,36.623150,대한민국 충청남도 태안군,2014-04-24,Amblychaeturichthys hexanema,서해
국립해양생물자원관_해양생물 채집 공간정보,https://www.data.go.kr/data/15151832/openapi.do,2011-06-16,marine_life,주름깃완미윤충,Rotifera > Eurotatoria > Ploima > Brachionidae > Brachionus > Brachionus plicatilis,대한민국 부산광역시 강서구,대한민국; 남해동부; 대한민국 부산광역시 강서구,35.104717,128.895828,주름깃완미윤충은(는) 남해동부에서 관찰·채집된 해양생물 소재로 사용할 수 있다.,해양생물 캐릭터와 바다 탐험 동화 소재,"생물의 이름, 서식 해역, 분류를 활용한 관찰 질문과 퀴즈",5-7;8-10,해양생물;주름깃완미윤충;Brachionus;plicatilis;Rotifera;>;Eurotatoria;Ploima;Brachionidae;남해동부;대한민국;부산광역시,128.895828,대한민국,주름깃완미윤충,Rotifera > Eurotatoria > Ploima > Brachionidae > Brachionus > Brachionus plicatilis,35.104717,대한민국 부산광역시 강서구,2011-06-16,Brachionus plicatilis,남해동부
국립해양생물자원관_해양생물 채집 공간정보,https://www.data.go.kr/data/15151832/openapi.do,2017-09-28,marine_life,Rossellomorea marisflavi,Rossellomorea marisflavi,대한민국 남해,대한민국; 남해서부; 대한민국 남해,34.681946,127.766945,Rossellomorea marisflavi은(는) 남해서부에서 관찰·채집된 해양생물 소재로 사용할 수 있다.,해양생물 캐릭터와 바다 탐험 동화 소재,"생물의 이름, 서식 해역, 분류를 활용한 관찰 질문과 퀴즈",5-7;8-10,해양생물;Rossellomorea;marisflavi;남해서부;대한민국;남해,127.766945,대한민국,,Rossellomorea marisflavi,34.681946,대한민국 남해,2017-09-28,Rossellomorea marisflavi,남해서부
국립해양생물자원관_해양생물 채집 공간정보,https://www.data.go.kr/data/15151832/openapi.do,2021-06-22,marine_life,마디이끼벌레,Gymnolaemata > Cheilostomatida > Cellariidae > Cellaria > Cellaria punctata,대한민국 전라남도 신안군 흑산면 가거도 검은여,대한민국; 서해; 대한민국 전라남도 신안군 흑산면 가거도 검은여,34.097721,125.090279,마디이끼벌레은(는) 서해에서 관찰·채집된 해양생물 소재로 사용할 수 있다.,해양생물 캐릭터와 바다 탐험 동화 소재,"생물의 이름, 서식 해역, 분류를 활용한 관찰 질문과 퀴즈",5-7;8-10,해양생물;마디이끼벌레;Cellaria;punctata;Gymnolaemata;>;Cheilostomatida;Cellariidae;서해;대한민국;전라남도;신안군,125.090279,대한민국,마디이끼벌레,Gymnolaemata > Cheilostomatida > Cellariidae > Cellaria > Cellaria punctata,34.097721,대한민국 전라남도 신안군 흑산면 가거도 검은여,2021-06-22,Cellaria punctata,서해
국립해양생물자원관_해양생물 채집 공간정보,https://www.data.go.kr/data/15151832/openapi.do,2021-06-22,marine_life,큰단추이끼벌레,Steginoporellidae > Steginoporella > Steginoporella magnilabris,대한민국 전라남도 신안군 흑산면 가거도 녹섬,대한민국; 서해; 대한민국 전라남도 신안군 흑산면 가거도 녹섬,34.047005,125.122932,큰단추이끼벌레은(는) 서해에서 관찰·채집된 해양생물 소재로 사용할 수 있다.,해양생물 캐릭터와 바다 탐험 동화 소재,"생물의 이름, 서식 해역, 분류를 활용한 관찰 질문과 퀴즈",5-7;8-10,해양생물;큰단추이끼벌레;Steginoporella;magnilabris;Steginoporellidae;>;서해;대한민국;전라남도;신안군;흑산면;가거도,125.122932,대한민국,큰단추이끼벌레,Steginoporellidae > Steginoporella > Steginoporella magnilabris,34.047005,대한민국 전라남도 신안군 흑산면 가거도 녹섬,2021-06-22,Steginoporella magnilabris,서해
국립해양생물자원관_해양생물 채집 공간정보,https://www.data.go.kr/data/15151832/openapi.do,2004-08-30,marine_life,Vibrio hyugaensis,Vibrionales > Vibrionaceae > Vibrio > Vibrio hyugaensis,대한민국 경상북도 영덕군,대한민국; 동해중부; 대한민국 경상북도 영덕군,36.601387,129.448883,Vibrio hyugaensis은(는) 동해중부에서 관찰·채집된 해양생물 소재로 사용할 수 있다.,해양생물 캐릭터와 바다 탐험 동화 소재,"생물의 이름, 서식 해역, 분류를 활용한 관찰 질문과 퀴즈",5-7;8-10,해양생물;Vibrio;hyugaensis;Vibrionales;>;Vibrionaceae;동해중부;대한민국;경상북도;영덕군,129.448883,대한민국,,Vibrionales > Vibrionaceae > Vibrio > Vibrio hyugaensis,36.601387,대한민국 경상북도 영덕군,2004-08-30,Vibrio hyugaensis,동해중부
국립해양생물자원관_해양생물 채집 공간정보,https://www.data.go.kr/data/15151832/openapi.do,2021-07-21,marine_life,갈색가시이끼벌레,Gymnolaemata > Cheilostomatida > Calloporidae > Cauloramphus > Cauloramphus korensis,대한민국 충청남도 보령시 오천면,대한민국; 서해; 대한민국 충청남도 보령시 오천면,36.362221,126.389999,갈색가시이끼벌레은(는) 서해에서 관찰·채집된 해양생물 소재로 사용할 수 있다.,해양생물 캐릭터와 바다 탐험 동화 소재,"생물의 이름, 서식 해역, 분류를 활용한 관찰 질문과 퀴즈",5-7;8-10,해양생물;갈색가시이끼벌레;Cauloramphus;korensis;Gymnolaemata;>;Cheilostomatida;Calloporidae;서해;대한민국;충청남도;보령시,126.389999,대한민국,갈색가시이끼벌레,Gymnolaemata > Cheilostomatida > Calloporidae > Cauloramphus > Cauloramphus korensis,36.362221,대한민국 충청남도 보령시 오천면,2021-07-21,Cauloramphus korensis,서해
국립해양생물자원관_해양생물 채집 공간정보,https://www.data.go.kr/data/15151832/openapi.do,2016-08-20,marine_life,물메기,Teleostei > Scorpaeniformes > Liparidae > Liparis > Liparis tessellatus,대한민국 경상북도 울진군,대한민국; 동해중부; 대한민국 경상북도 울진군,37.055897,129.421432,물메기은(는) 동해중부에서 관찰·채집된 해양생물 소재로 사용할 수 있다.,해양생물 캐릭터와 바다 탐험 동화 소재,"생물의 이름, 서식 해역, 분류를 활용한 관찰 질문과 퀴즈",5-7;8-10,해양생물;물메기;Liparis;tessellatus;Teleostei;>;Scorpaeniformes;Liparidae;동해중부;대한민국;경상북도;울진군,129.421432,대한민국,물메기,Teleostei > Scorpaeniformes > Liparidae > Liparis > Liparis tessellatus,37.055897,대한민국 경상북도 울진군,2016-08-20,Liparis tessellatus,동해중부
국립해양생물자원관_해양생물 채집 공간정보,https://www.data.go.kr/data/15151832/openapi.do,2016-08-20,marine_life,방어,Teleostei > Perciformes > Carangidae > Seriola > Seriola quinqueradiata,대한민국 충청남도 보령시,대한민국; 서해; 대한민국 충청남도 보령시,36.284615,126.364594,방어은(는) 서해에서 관찰·채집된 해양생물 소재로 사용할 수 있다.,해양생물 캐릭터와 바다 탐험 동화 소재,"생물의 이름, 서식 해역, 분류를 활용한 관찰 질문과 퀴즈",5-7;8-10,해양생물;방어;Seriola;quinqueradiata;Teleostei;>;Perciformes;Carangidae;서해;대한민국;충청남도;보령시,126.364594,대한민국,방어,Teleostei > Perciformes > Carangidae > Seriola > Seriola quinqueradiata,36.284615,대한민국 충청남도 보령시,2016-08-20,Seriola quinqueradiata,서해
국립해양생물자원관_해양생물 채집 공간정보,https://www.data.go.kr/data/15151832/openapi.do,2016-08-23,marine_life,붕장어,Teleostei > Anguilliformes > Congridae > Conger > Conger myriaster,대한민국 인천광역시,대한민국; 서해; 대한민국 인천광역시,37.296089,125.361557,붕장어은(는) 서해에서 관찰·채집된 해양생물 소재로 사용할 수 있다.,해양생물 캐릭터와 바다 탐험 동화 소재,"생물의 이름, 서식 해역, 분류를 활용한 관찰 질문과 퀴즈",5-7;8-10,해양생물;붕장어;Conger;myriaster;Teleostei;>;Anguilliformes;Congridae;서해;대한민국;인천광역시,125.361557,대한민국,붕장어,Teleostei > Anguilliformes > Congridae > Conger > Conger myriaster,37.296089,대한민국 인천광역시,2016-08-23,Conger myriaster,서해
국립해양생물자원관_해양생물 채집 공간정보,https://www.data.go.kr/data/15151832/openapi.do,2004-08-30,marine_life,Exiguobacterium mexicanum,Exiguobacterium mexicanum,대한민국 경상북도 영덕군,대한민국; 동해중부; 대한민국 경상북도 영덕군,36.601387,129.448883,Exiguobacterium mexicanum은(는) 동해중부에서 관찰·채집된 해양생물 소재로 사용할 수 있다.,해양생물 캐릭터와 바다 탐험 동화 소재,"생물의 이름, 서식 해역, 분류를 활용한 관찰 질문과 퀴즈",5-7;8-10,해양생물;Exiguobacterium;mexicanum;동해중부;대한민국;경상북도;영덕군,129.448883,대한민국,,Exiguobacterium mexicanum,36.601387,대한민국 경상북도 영덕군,2004-08-30,Exiguobacterium mexicanum,동해중부
국립해양생물자원관_해양생물 채집 공간정보,https://www.data.go.kr/data/15151832/openapi.do,2021-05-13,marine_life,젓새우,Sergestoidea > Sergestidae > Acetes > Acetes japonicus,대한민국 충청남도 보령시 웅천읍 무창포항,대한민국; 서해; 대한민국 충청남도 보령시 웅천읍 무창포항,36.249722,126.536667,젓새우은(는) 서해에서 관찰·채집된 해양생물 소재로 사용할 수 있다.,해양생물 캐릭터와 바다 탐험 동화 소재,"생물의 이름, 서식 해역, 분류를 활용한 관찰 질문과 퀴즈",5-7;8-10,해양생물;젓새우;Acetes;japonicus;Sergestoidea;>;Sergestidae;서해;대한민국;충청남도;보령시;웅천읍,126.536667,대한민국,젓새우,Sergestoidea > Sergestidae > Acetes > Acetes japonicus,36.249722,대한민국 충청남도 보령시 웅천읍 무창포항,2021-05-13,Acetes japonicus,서해
국립해양생물자원관_해양생물 채집 공간정보,https://www.data.go.kr/data/15151832/openapi.do,2021-03-16,marine_life,별불가사리,Valvatida > Asterinidae > Patiria > Patiria pectinifera,대한민국 전라북도 부안군 변산면 격포해수욕장,대한민국; 서해; 대한민국 전라북도 부안군 변산면 격포해수욕장,35.628166,126.468742,별불가사리은(는) 서해에서 관찰·채집된 해양생물 소재로 사용할 수 있다.,해양생물 캐릭터와 바다 탐험 동화 소재,"생물의 이름, 서식 해역, 분류를 활용한 관찰 질문과 퀴즈",5-7;8-10,해양생물;별불가사리;Patiria;pectinifera;Valvatida;>;Asterinidae;서해;대한민국;전라북도;부안군;변산면,126.468742,대한민국,별불가사리,Valvatida > Asterinidae > Patiria > Patiria pectinifera,35.628166,대한민국 전라북도 부안군 변산면 격포해수욕장,2021-03-16,Patiria pectinifera,서해
국립해양생물자원관_해양생물 채집 공간정보,https://www.data.go.kr/data/15151832/openapi.do,2021-03-16,marine_life,돌기해삼,Synallactida > Stichopodidae > Apostichopus > Apostichopus japonicus,대한민국 전라북도 부안군 변산면 격포해수욕장,대한민국; 서해; 대한민국 전라북도 부안군 변산면 격포해수욕장,35.628166,126.468742,돌기해삼은(는) 서해에서 관찰·채집된 해양생물 소재로 사용할 수 있다.,해양생물 캐릭터와 바다 탐험 동화 소재,"생물의 이름, 서식 해역, 분류를 활용한 관찰 질문과 퀴즈",5-7;8-10,해양생물;돌기해삼;Apostichopus;japonicus;Synallactida;>;Stichopodidae;서해;대한민국;전라북도;부안군;변산면,126.468742,대한민국,돌기해삼,Synallactida > Stichopodidae > Apostichopus > Apostichopus japonicus,35.628166,대한민국 전라북도 부안군 변산면 격포해수욕장,2021-03-16,Apostichopus japonicus,서해
국립해양생물자원관_해양생물 채집 공간정보,https://www.data.go.kr/data/15151832/openapi.do,2017-06-30,marine_life,검정반점갯민숭달팽이,Nudibranchia > Dendrodorididae > Dendrodoris > Dendrodoris guttata,대한민국 제주특별자치도 서귀포시 강정동 강정포구 조간대,대한민국; 남해서부; 대한민국 제주특별자치도 서귀포시 강정동 강정포구 조간대,33.224804,126.472298,검정반점갯민숭달팽이은(는) 남해서부에서 관찰·채집된 해양생물 소재로 사용할 수 있다.,해양생물 캐릭터와 바다 탐험 동화 소재,"생물의 이름, 서식 해역, 분류를 활용한 관찰 질문과 퀴즈",5-7;8-10,해양생물;검정반점갯민숭달팽이;Dendrodoris;guttata;Nudibranchia;>;Dendrodorididae;남해서부;대한민국;제주특별자치도;서귀포시;강정동,126.472298,대한민국,검정반점갯민숭달팽이,Nudibranchia > Dendrodorididae > Dendrodoris > Dendrodoris guttata,33.224804,대한민국 제주특별자치도 서귀포시 강정동 강정포구 조간대,2017-06-30,Dendrodoris guttata,남해서부
국립해양생물자원관_해양생물 채집 공간정보,https://www.data.go.kr/data/15151832/openapi.do,2016-06-27,marine_life,Alcanivorax borkumensis,Pseudomonadota > Gammaproteobacteria > Oceanospirillales > Alcanivoracaceae > Alcanivorax > Alcanivorax borkumensis,대한민국 동해,대한민국; 동해중부; 대한민국 동해,37.070553,129.416672,Alcanivorax borkumensis은(는) 동해중부에서 관찰·채집된 해양생물 소재로 사용할 수 있다.,해양생물 캐릭터와 바다 탐험 동화 소재,"생물의 이름, 서식 해역, 분류를 활용한 관찰 질문과 퀴즈",5-7;8-10,해양생물;Alcanivorax;borkumensis;Pseudomonadota;>;Gammaproteobacteria;Oceanospirillales;Alcanivoracaceae;동해중부;대한민국;동해,129.416672,대한민국,,Pseudomonadota > Gammaproteobacteria > Oceanospirillales > Alcanivoracaceae > Alcanivorax > Alcanivorax borkumensis,37.070553,대한민국 동해,2016-06-27,Alcanivorax borkumensis,동해중부
국립해양생물자원관_해양생물 채집 공간정보,https://www.data.go.kr/data/15151832/openapi.do,2017-09-28,marine_life,Rossellomorea marisflavi,Rossellomorea marisflavi,대한민국 남해,대한민국; 남해서부; 대한민국 남해,34.886669,127.766945,Rossellomorea marisflavi은(는) 남해서부에서 관찰·채집된 해양생물 소재로 사용할 수 있다.,해양생물 캐릭터와 바다 탐험 동화 소재,"생물의 이름, 서식 해역, 분류를 활용한 관찰 질문과 퀴즈",5-7;8-10,해양생물;Rossellomorea;marisflavi;남해서부;대한민국;남해,127.766945,대한민국,,Rossellomorea marisflavi,34.886669,대한민국 남해,2017-09-28,Rossellomorea marisflavi,남해서부
국립해양생물자원관_해양생물 채집 공간정보,https://www.data.go.kr/data/15151832/openapi.do,2004-08-30,marine_life,Kocuria salina,Micrococcales > Micrococcaceae > Kocuria > Kocuria salina,대한민국 경상북도 영덕군,대한민국; 동해중부; 대한민국 경상북도 영덕군,36.601387,129.448883,Kocuria salina은(는) 동해중부에서 관찰·채집된 해양생물 소재로 사용할 수 있다.,해양생물 캐릭터와 바다 탐험 동화 소재,"생물의 이름, 서식 해역, 분류를 활용한 관찰 질문과 퀴즈",5-7;8-10,해양생물;Kocuria;salina;Micrococcales;>;Micrococcaceae;동해중부;대한민국;경상북도;영덕군,129.448883,대한민국,,Micrococcales > Micrococcaceae > Kocuria > Kocuria salina,36.601387,대한민국 경상북도 영덕군,2004-08-30,Kocuria salina,동해중부
국립해양생물자원관_해양생물 채집 공간정보,https://www.data.go.kr/data/15151832/openapi.do,2004-08-30,marine_life,Psychrobacter pulmonis,Psychrobacter pulmonis,대한민국 경상북도 영덕군,대한민국; 동해중부; 대한민국 경상북도 영덕군,36.601387,129.448883,Psychrobacter pulmonis은(는) 동해중부에서 관찰·채집된 해양생물 소재로 사용할 수 있다.,해양생물 캐릭터와 바다 탐험 동화 소재,"생물의 이름, 서식 해역, 분류를 활용한 관찰 질문과 퀴즈",5-7;8-10,해양생물;Psychrobacter;pulmonis;동해중부;대한민국;경상북도;영덕군,129.448883,대한민국,,Psychrobacter pulmonis,36.601387,대한민국 경상북도 영덕군,2004-08-30,Psychrobacter pulmonis,동해중부
국립해양생물자원관_해양생물 채집 공간정보,https://www.data.go.kr/data/15151832/openapi.do,2017-10-27,marine_life,Alteromonas macleodii,Pseudomonadota > Gammaproteobacteria > Alteromonadales > Alteromonadaceae > Alteromonas > Alteromonas macleodii,대한민국 제주근해,대한민국; 남해서부; 대한민국 제주근해,33.559998,126.795830,Alteromonas macleodii은(는) 남해서부에서 관찰·채집된 해양생물 소재로 사용할 수 있다.,해양생물 캐릭터와 바다 탐험 동화 소재,"생물의 이름, 서식 해역, 분류를 활용한 관찰 질문과 퀴즈",5-7;8-10,해양생물;Alteromonas;macleodii;Pseudomonadota;>;Gammaproteobacteria;Alteromonadales;Alteromonadaceae;남해서부;대한민국;제주근해,126.795830,대한민국,,Pseudomonadota > Gammaproteobacteria > Alteromonadales > Alteromonadaceae > Alteromonas > Alteromonas macleodii,33.559998,대한민국 제주근해,2017-10-27,Alteromonas macleodii,남해서부
국립해양생물자원관_해양생물 채집 공간정보,https://www.data.go.kr/data/15151832/openapi.do,2011-08-25,marine_life,보어밴키해변해면,Porifera > Demospongiae > Halichondrida > Halichondridae > Halichondria > Halichondria bowerbanki,대한민국 경상남도 창원시 진해구,대한민국; 남해동부; 대한민국 경상남도 창원시 진해구,35.082447,128.782639,보어밴키해변해면은(는) 남해동부에서 관찰·채집된 해양생물 소재로 사용할 수 있다.,해양생물 캐릭터와 바다 탐험 동화 소재,"생물의 이름, 서식 해역, 분류를 활용한 관찰 질문과 퀴즈",5-7;8-10,해양생물;보어밴키해변해면;Halichondria;bowerbanki;Porifera;>;Demospongiae;Halichondrida;Halichondridae;남해동부;대한민국;경상남도,128.782639,대한민국,보어밴키해변해면,Porifera > Demospongiae > Halichondrida > Halichondridae > Halichondria > Halichondria bowerbanki,35.082447,대한민국 경상남도 창원시 진해구,2011-08-25,Halichondria bowerbanki,남해동부
국립해양생물자원관_해양생물 채집 공간정보,https://www.data.go.kr/data/15151832/openapi.do,2021-09-11,marine_life,두점박이민꽃게,Thalamitinae > Charybdis > Gonioneptunus > Charybdis (Gonioneptunus) bimaculata,대한민국 서해 한·중 잠정조치수역,대한민국; 서해; 대한민국 서해 한·중 잠정조치수역,34.298664,122.792030,두점박이민꽃게은(는) 서해에서 관찰·채집된 해양생물 소재로 사용할 수 있다.,해양생물 캐릭터와 바다 탐험 동화 소재,"생물의 이름, 서식 해역, 분류를 활용한 관찰 질문과 퀴즈",5-7;8-10,해양생물;두점박이민꽃게;Charybdis;(Gonioneptunus);bimaculata;Thalamitinae;>;Gonioneptunus;서해;대한민국;한·중;잠정조치수역,122.792030,대한민국,두점박이민꽃게,Thalamitinae > Charybdis > Gonioneptunus > Charybdis (Gonioneptunus) bimaculata,34.298664,대한민국 서해 한·중 잠정조치수역,2021-09-11,Charybdis (Gonioneptunus) bimaculata,서해
국립해양생물자원관_해양생물 채집 공간정보,https://www.data.go.kr/data/15151832/openapi.do,2021-09-10,marine_life,긴집게발게,Pleocyemata > Brachyura > Majoidea > Oregoniidae > Oregoniinae > Oregonia > Oregonia gracilis,대한민국 서해 한·중 잠정조치수역,대한민국; 서해; 대한민국 서해 한·중 잠정조치수역,34.257660,123.603203,긴집게발게은(는) 서해에서 관찰·채집된 해양생물 소재로 사용할 수 있다.,해양생물 캐릭터와 바다 탐험 동화 소재,"생물의 이름, 서식 해역, 분류를 활용한 관찰 질문과 퀴즈",5-7;8-10,해양생물;긴집게발게;Oregonia;gracilis;Pleocyemata;>;Brachyura;Majoidea;Oregoniidae;Oregoniinae;서해;대한민국,123.603203,대한민국,긴집게발게,Pleocyemata > Brachyura > Majoidea > Oregoniidae > Oregoniinae > Oregonia > Oregonia gracilis,34.257660,대한민국 서해 한·중 잠정조치수역,2021-09-10,Oregonia gracilis,서해
국립해양생물자원관_해양생물 채집 공간정보,https://www.data.go.kr/data/15151832/openapi.do,2021-03-15,marine_life,무늬발게,Varunidae > Hemigrapsus > Hemigrapsus sanguineus,대한민국 전라북도 부안군 진서면,대한민국; 서해; 대한민국 전라북도 부안군 진서면,35.586128,126.545944,무늬발게은(는) 서해에서 관찰·채집된 해양생물 소재로 사용할 수 있다.,해양생물 캐릭터와 바다 탐험 동화 소재,"생물의 이름, 서식 해역, 분류를 활용한 관찰 질문과 퀴즈",5-7;8-10,해양생물;무늬발게;Hemigrapsus;sanguineus;Varunidae;>;서해;대한민국;전라북도;부안군;진서면,126.545944,대한민국,무늬발게,Varunidae > Hemigrapsus > Hemigrapsus sanguineus,35.586128,대한민국 전라북도 부안군 진서면,2021-03-15,Hemigrapsus sanguineus,서해
국립해양생물자원관_해양생물 채집 공간정보,https://www.data.go.kr/data/15151832/openapi.do,2021-09-10,marine_life,꽃게,Portunus trituberculatus,대한민국 서해 한·중 잠정조치수역,대한민국; 서해; 대한민국 서해 한·중 잠정조치수역,33.773613,123.281555,꽃게은(는) 서해에서 관찰·채집된 해양생물 소재로 사용할 수 있다.,해양생물 캐릭터와 바다 탐험 동화 소재,"생물의 이름, 서식 해역, 분류를 활용한 관찰 질문과 퀴즈",5-7;8-10,해양생물;꽃게;Portunus;trituberculatus;서해;대한민국;한·중;잠정조치수역,123.281555,대한민국,꽃게,Portunus trituberculatus,33.773613,대한민국 서해 한·중 잠정조치수역,2021-09-10,Portunus trituberculatus,서해
국립해양생물자원관_해양생물 채집 공간정보,https://www.data.go.kr/data/15151832/openapi.do,2015-05-05,marine_life,개그물바탕말,Rugulopteryx okamurae,대한민국 제주특별자치도 서귀포시 성산읍 섭지코지,대한민국; 남해서부; 대한민국 제주특별자치도 서귀포시 성산읍 섭지코지,33.424156,126.931229,개그물바탕말은(는) 남해서부에서 관찰·채집된 해양생물 소재로 사용할 수 있다.,해양생물 캐릭터와 바다 탐험 동화 소재,"생물의 이름, 서식 해역, 분류를 활용한 관찰 질문과 퀴즈",5-7;8-10,해양생물;개그물바탕말;Rugulopteryx;okamurae;남해서부;대한민국;제주특별자치도;서귀포시;성산읍;섭지코지,126.931229,대한민국,개그물바탕말,Rugulopteryx okamurae,33.424156,대한민국 제주특별자치도 서귀포시 성산읍 섭지코지,2015-05-05,Rugulopteryx okamurae,남해서부
국립해양생물자원관_해양생물 채집 공간정보,https://www.data.go.kr/data/15151832/openapi.do,2015-01-24,marine_life,참가죽그물바탕말,Phaeophyceae > Dictyotales > Dictyotaceae > Dictyota > Dictyota coriacea,대한민국 경상북도 포항시 남구 호미곶면 구만리,대한민국; 동해남부; 대한민국 경상북도 포항시 남구 호미곶면 구만리,36.079945,129.568085,참가죽그물바탕말은(는) 동해남부에서 관찰·채집된 해양생물 소재로 사용할 수 있다.,해양생물 캐릭터와 바다 탐험 동화 소재,"생물의 이름, 서식 해역, 분류를 활용한 관찰 질문과 퀴즈",5-7;8-10,해양생물;참가죽그물바탕말;Dictyota;coriacea;Phaeophyceae;>;Dictyotales;Dictyotaceae;동해남부;대한민국;경상북도;포항시,129.568085,대한민국,참가죽그물바탕말,Phaeophyceae > Dictyotales > Dictyotaceae > Dictyota > Dictyota coriacea,36.079945,대한민국 경상북도 포항시 남구 호미곶면 구만리,2015-01-24,Dictyota coriacea,동해남부
국립해양생물자원관_해양생물 채집 공간정보,https://www.data.go.kr/data/15151832/openapi.do,2015-01-23,marine_life,그물바구니,Scytosiphonaceae > Hydroclathrus > Hydroclathrus clathratus,대한민국 경상북도 울진군 후포면 후포항,대한민국; 동해중부; 대한민국 경상북도 울진군 후포면 후포항,36.678585,129.450821,그물바구니은(는) 동해중부에서 관찰·채집된 해양생물 소재로 사용할 수 있다.,해양생물 캐릭터와 바다 탐험 동화 소재,"생물의 이름, 서식 해역, 분류를 활용한 관찰 질문과 퀴즈",5-7;8-10,해양생물;그물바구니;Hydroclathrus;clathratus;Scytosiphonaceae;>;동해중부;대한민국;경상북도;울진군;후포면;후포항,129.450821,대한민국,그물바구니,Scytosiphonaceae > Hydroclathrus > Hydroclathrus clathratus,36.678585,대한민국 경상북도 울진군 후포면 후포항,2015-01-23,Hydroclathrus clathratus,동해중부
국립해양생물자원관_해양생물 채집 공간정보,https://www.data.go.kr/data/15151832/openapi.do,2016-02-17,marine_life,Halomonhystera disjuncta,Nematoda > Chromadorea > Monhysterida > Monhysteridae > Halomonhystera > Halomonhystera disjuncta,대한민국 경상남도 남해군 남면 조간대,대한민국; 남해동부; 대한민국 경상남도 남해군 남면 조간대,34.749168,127.910278,Halomonhystera disjuncta은(는) 남해동부에서 관찰·채집된 해양생물 소재로 사용할 수 있다.,해양생물 캐릭터와 바다 탐험 동화 소재,"생물의 이름, 서식 해역, 분류를 활용한 관찰 질문과 퀴즈",5-7;8-10,해양생물;Halomonhystera;disjuncta;Nematoda;>;Chromadorea;Monhysterida;Monhysteridae;남해동부;대한민국;경상남도;남해군,127.910278,대한민국,,Nematoda > Chromadorea > Monhysterida > Monhysteridae > Halomonhystera > Halomonhystera disjuncta,34.749168,대한민국 경상남도 남해군 남면 조간대,2016-02-17,Halomonhystera disjuncta,남해동부
국립해양생물자원관_해양생물 채집 공간정보,https://www.data.go.kr/data/15151832/openapi.do,2014-03-16,marine_life,미역,Undaria pinnatifida,대한민국 전라남도 진도군 의신면 금갑,대한민국; 남해서부; 대한민국 전라남도 진도군 의신면 금갑,34.394402,126.277283,미역은(는) 남해서부에서 관찰·채집된 해양생물 소재로 사용할 수 있다.,해양생물 캐릭터와 바다 탐험 동화 소재,"생물의 이름, 서식 해역, 분류를 활용한 관찰 질문과 퀴즈",5-7;8-10,해양생물;미역;Undaria;pinnatifida;남해서부;대한민국;전라남도;진도군;의신면;금갑,126.277283,대한민국,미역,Undaria pinnatifida,34.394402,대한민국 전라남도 진도군 의신면 금갑,2014-03-16,Undaria pinnatifida,남해서부
국립해양생물자원관_해양생물 채집 공간정보,https://www.data.go.kr/data/15151832/openapi.do,2015-01-09,marine_life,학공치,Teleostei > Beloniformes > Hemiramphidae > Hyporhamphus > Hyporhamphus sajori,대한민국 경상남도 사천시,대한민국; 남해동부; 대한민국 경상남도 사천시,34.927731,128.058502,학공치은(는) 남해동부에서 관찰·채집된 해양생물 소재로 사용할 수 있다.,해양생물 캐릭터와 바다 탐험 동화 소재,"생물의 이름, 서식 해역, 분류를 활용한 관찰 질문과 퀴즈",5-7;8-10,해양생물;학공치;Hyporhamphus;sajori;Teleostei;>;Beloniformes;Hemiramphidae;남해동부;대한민국;경상남도;사천시,128.058502,대한민국,학공치,Teleostei > Beloniformes > Hemiramphidae > Hyporhamphus > Hyporhamphus sajori,34.927731,대한민국 경상남도 사천시,2015-01-09,Hyporhamphus sajori,남해동부
국립해양생물자원관_해양생물 채집 공간정보,https://www.data.go.kr/data/15151832/openapi.do,2020-08-09,marine_life,새우붙이,Pleocyemata > Anomura > Galatheoidea > Galatheidae > Galathea > Galathea orientalis,대한민국 제주특별자치도 제주시 추자면,대한민국; 남해서부; 대한민국 제주특별자치도 제주시 추자면,33.961796,126.305046,새우붙이은(는) 남해서부에서 관찰·채집된 해양생물 소재로 사용할 수 있다.,해양생물 캐릭터와 바다 탐험 동화 소재,"생물의 이름, 서식 해역, 분류를 활용한 관찰 질문과 퀴즈",5-7;8-10,해양생물;새우붙이;Galathea;orientalis;Pleocyemata;>;Anomura;Galatheoidea;Galatheidae;남해서부;대한민국;제주특별자치도,126.305046,대한민국,새우붙이,Pleocyemata > Anomura > Galatheoidea > Galatheidae > Galathea > Galathea orientalis,33.961796,대한민국 제주특별자치도 제주시 추자면,2020-08-09,Galathea orientalis,남해서부
국립해양생물자원관_해양생물 채집 공간정보,https://www.data.go.kr/data/15151832/openapi.do,2020-08-09,marine_life,포로시씨마이끼벌레,Gymnolaemata > Cheilostomatida > Celleporidae > Celleporina > Celleporina porosissima,대한민국 제주특별자치도 제주시 추자면,대한민국; 남해서부; 대한민국 제주특별자치도 제주시 추자면,33.961796,126.305046,포로시씨마이끼벌레은(는) 남해서부에서 관찰·채집된 해양생물 소재로 사용할 수 있다.,해양생물 캐릭터와 바다 탐험 동화 소재,"생물의 이름, 서식 해역, 분류를 활용한 관찰 질문과 퀴즈",5-7;8-10,해양생물;포로시씨마이끼벌레;Celleporina;porosissima;Gymnolaemata;>;Cheilostomatida;Celleporidae;남해서부;대한민국;제주특별자치도;제주시,126.305046,대한민국,포로시씨마이끼벌레,Gymnolaemata > Cheilostomatida > Celleporidae > Celleporina > Celleporina porosissima,33.961796,대한민국 제주특별자치도 제주시 추자면,2020-08-09,Celleporina porosissima,남해서부
국립해양생물자원관_해양생물 채집 공간정보,https://www.data.go.kr/data/15151832/openapi.do,2013-03-30,marine_life,검은띠불가사리,Paxillosida > Luidiidae > Luidia > Luidia quinaria,대한민국 인천광역시 중구,대한민국; 서해; 대한민국 인천광역시 중구,37.446609,126.369408,검은띠불가사리은(는) 서해에서 관찰·채집된 해양생물 소재로 사용할 수 있다.,해양생물 캐릭터와 바다 탐험 동화 소재,"생물의 이름, 서식 해역, 분류를 활용한 관찰 질문과 퀴즈",5-7;8-10,해양생물;검은띠불가사리;Luidia;quinaria;Paxillosida;>;Luidiidae;서해;대한민국;인천광역시;중구,126.369408,대한민국,검은띠불가사리,Paxillosida > Luidiidae > Luidia > Luidia quinaria,37.446609,대한민국 인천광역시 중구,2013-03-30,Luidia quinaria,서해
국립해양생물자원관_해양생물 채집 공간정보,https://www.data.go.kr/data/15151832/openapi.do,2011-05-15,marine_life,가는낫노벌레,Copepoda > Calanoida > Centropagidae > Centropages > Centropages tenuiremis,대한민국 전라남도 진도군,대한민국; 남해서부; 대한민국 전라남도 진도군,34.346981,126.085518,가는낫노벌레은(는) 남해서부에서 관찰·채집된 해양생물 소재로 사용할 수 있다.,해양생물 캐릭터와 바다 탐험 동화 소재,"생물의 이름, 서식 해역, 분류를 활용한 관찰 질문과 퀴즈",5-7;8-10,해양생물;가는낫노벌레;Centropages;tenuiremis;Copepoda;>;Calanoida;Centropagidae;남해서부;대한민국;전라남도;진도군,126.085518,대한민국,가는낫노벌레,Copepoda > Calanoida > Centropagidae > Centropages > Centropages tenuiremis,34.346981,대한민국 전라남도 진도군,2011-05-15,Centropages tenuiremis,남해서부
국립해양생물자원관_해양생물 채집 공간정보,https://www.data.go.kr/data/15151832/openapi.do,2011-09-05,marine_life,족집게부푼긴노벌레,Tortanus > Tortanus > Tortanus (Tortanus) forcipatus,대한민국 충청남도 태안군,대한민국; 서해; 대한민국 충청남도 태안군,36.990200,126.264084,족집게부푼긴노벌레은(는) 서해에서 관찰·채집된 해양생물 소재로 사용할 수 있다.,해양생물 캐릭터와 바다 탐험 동화 소재,"생물의 이름, 서식 해역, 분류를 활용한 관찰 질문과 퀴즈",5-7;8-10,해양생물;족집게부푼긴노벌레;Tortanus;(Tortanus);forcipatus;>;서해;대한민국;충청남도;태안군,126.264084,대한민국,족집게부푼긴노벌레,Tortanus > Tortanus > Tortanus (Tortanus) forcipatus,36.990200,대한민국 충청남도 태안군,2011-09-05,Tortanus (Tortanus) forcipatus,서해
국립해양생물자원관_해양생물 채집 공간정보,https://www.data.go.kr/data/15151832/openapi.do,2011-09-05,marine_life,족집게부푼긴노벌레,Tortanus > Tortanus > Tortanus (Tortanus) forcipatus,대한민국 충청남도 태안군,대한민국; 서해; 대한민국 충청남도 태안군,36.969696,126.093178,족집게부푼긴노벌레은(는) 서해에서 관찰·채집된 해양생물 소재로 사용할 수 있다.,해양생물 캐릭터와 바다 탐험 동화 소재,"생물의 이름, 서식 해역, 분류를 활용한 관찰 질문과 퀴즈",5-7;8-10,해양생물;족집게부푼긴노벌레;Tortanus;(Tortanus);forcipatus;>;서해;대한민국;충청남도;태안군,126.093178,대한민국,족집게부푼긴노벌레,Tortanus > Tortanus > Tortanus (Tortanus) forcipatus,36.969696,대한민국 충청남도 태안군,2011-09-05,Tortanus (Tortanus) forcipatus,서해
국립해양생물자원관_해양생물 채집 공간정보,https://www.data.go.kr/data/15151832/openapi.do,2020-04-28,marine_life,더듬털해면속살이,Siphonostomatoida > Asterocheridae > Asterocheres > Asterocheres aesthetes,대한민국 강원도 고성군 죽왕면 가진항,대한민국; 동해중부; 대한민국 강원도 고성군 죽왕면 가진항,38.367496,128.511108,더듬털해면속살이은(는) 동해중부에서 관찰·채집된 해양생물 소재로 사용할 수 있다.,해양생물 캐릭터와 바다 탐험 동화 소재,"생물의 이름, 서식 해역, 분류를 활용한 관찰 질문과 퀴즈",5-7;8-10,해양생물;더듬털해면속살이;Asterocheres;aesthetes;Siphonostomatoida;>;Asterocheridae;동해중부;대한민국;강원도;고성군;죽왕면,128.511108,대한민국,더듬털해면속살이,Siphonostomatoida > Asterocheridae > Asterocheres > Asterocheres aesthetes,38.367496,대한민국 강원도 고성군 죽왕면 가진항,2020-04-28,Asterocheres aesthetes,동해중부
국립해양생물자원관_해양생물 채집 공간정보,https://www.data.go.kr/data/15151832/openapi.do,2020-05-13,marine_life,넙치장님물이,Siphonostomatoida > Caligidae > Lepeophtheirus > Lepeophtheirus paralichthydis,대한민국 충청남도 태안군 근흥면 신진항,대한민국; 서해; 대한민국 충청남도 태안군 근흥면 신진항,36.676945,126.136108,넙치장님물이은(는) 서해에서 관찰·채집된 해양생물 소재로 사용할 수 있다.,해양생물 캐릭터와 바다 탐험 동화 소재,"생물의 이름, 서식 해역, 분류를 활용한 관찰 질문과 퀴즈",5-7;8-10,해양생물;넙치장님물이;Lepeophtheirus;paralichthydis;Siphonostomatoida;>;Caligidae;서해;대한민국;충청남도;태안군;근흥면,126.136108,대한민국,넙치장님물이,Siphonostomatoida > Caligidae > Lepeophtheirus > Lepeophtheirus paralichthydis,36.676945,대한민국 충청남도 태안군 근흥면 신진항,2020-05-13,Lepeophtheirus paralichthydis,서해
국립해양생물자원관_해양생물 채집 공간정보,https://www.data.go.kr/data/15151832/openapi.do,2011-08-19,marine_life,두가시걸쇠뿔노벌레,Pontellidae > Labidocera > Labidocera rotunda,대한민국 전라남도 광양시,대한민국; 남해서부; 대한민국 전라남도 광양시,34.884762,127.677368,두가시걸쇠뿔노벌레은(는) 남해서부에서 관찰·채집된 해양생물 소재로 사용할 수 있다.,해양생물 캐릭터와 바다 탐험 동화 소재,"생물의 이름, 서식 해역, 분류를 활용한 관찰 질문과 퀴즈",5-7;8-10,해양생물;두가시걸쇠뿔노벌레;Labidocera;rotunda;Pontellidae;>;남해서부;대한민국;전라남도;광양시,127.677368,대한민국,두가시걸쇠뿔노벌레,Pontellidae > Labidocera > Labidocera rotunda,34.884762,대한민국 전라남도 광양시,2011-08-19,Labidocera rotunda,남해서부
국립해양생물자원관_해양생물 채집 공간정보,https://www.data.go.kr/data/15151832/openapi.do,2021-09-09,marine_life,대롱수염새우,Solenoceridae > Solenocera > Solenocera melantho,대한민국 서해 한·중 잠정조치수역,대한민국; 서해; 대한민국 서해 한·중 잠정조치수역,33.745010,123.715813,대롱수염새우은(는) 서해에서 관찰·채집된 해양생물 소재로 사용할 수 있다.,해양생물 캐릭터와 바다 탐험 동화 소재,"생물의 이름, 서식 해역, 분류를 활용한 관찰 질문과 퀴즈",5-7;8-10,해양생물;대롱수염새우;Solenocera;melantho;Solenoceridae;>;서해;대한민국;한·중;잠정조치수역,123.715813,대한민국,대롱수염새우,Solenoceridae > Solenocera > Solenocera melantho,33.745010,대한민국 서해 한·중 잠정조치수역,2021-09-09,Solenocera melantho,서해
국립해양생물자원관_해양생물 채집 공간정보,https://www.data.go.kr/data/15151832/openapi.do,2011-05-15,marine_life,두가시걸쇠뿔노벌레,Pontellidae > Labidocera > Labidocera rotunda,대한민국 전라남도 진도군,대한민국; 남해서부; 대한민국 전라남도 진도군,34.346981,126.085518,두가시걸쇠뿔노벌레은(는) 남해서부에서 관찰·채집된 해양생물 소재로 사용할 수 있다.,해양생물 캐릭터와 바다 탐험 동화 소재,"생물의 이름, 서식 해역, 분류를 활용한 관찰 질문과 퀴즈",5-7;8-10,해양생물;두가시걸쇠뿔노벌레;Labidocera;rotunda;Pontellidae;>;남해서부;대한민국;전라남도;진도군,126.085518,대한민국,두가시걸쇠뿔노벌레,Pontellidae > Labidocera > Labidocera rotunda,34.346981,대한민국 전라남도 진도군,2011-05-15,Labidocera rotunda,남해서부
국립해양생물자원관_해양생물 채집 공간정보,https://www.data.go.kr/data/15151832/openapi.do,2014-05-22,marine_life,동양짧은몸용선충,Nematoda > Chromadorea > Desmodorida > Draconematidae > Dinetia > Dinetia orientalis,대한민국 강원도 삼척시 근덕면 조간대,대한민국; 동해중부; 대한민국 강원도 삼척시 근덕면 조간대,37.289207,129.317810,동양짧은몸용선충은(는) 동해중부에서 관찰·채집된 해양생물 소재로 사용할 수 있다.,해양생물 캐릭터와 바다 탐험 동화 소재,"생물의 이름, 서식 해역, 분류를 활용한 관찰 질문과 퀴즈",5-7;8-10,해양생물;동양짧은몸용선충;Dinetia;orientalis;Nematoda;>;Chromadorea;Desmodorida;Draconematidae;동해중부;대한민국;강원도,129.317810,대한민국,동양짧은몸용선충,Nematoda > Chromadorea > Desmodorida > Draconematidae > Dinetia > Dinetia orientalis,37.289207,대한민국 강원도 삼척시 근덕면 조간대,2014-05-22,Dinetia orientalis,동해중부
국립해양생물자원관_해양생물 채집 공간정보,https://www.data.go.kr/data/15151832/openapi.do,2014-05-22,marine_life,동양짧은몸용선충,Nematoda > Chromadorea > Desmodorida > Draconematidae > Dinetia > Dinetia orientalis,대한민국 강원도 삼척시 근덕면 조간대,대한민국; 동해중부; 대한민국 강원도 삼척시 근덕면 조간대,37.289207,129.317810,동양짧은몸용선충은(는) 동해중부에서 관찰·채집된 해양생물 소재로 사용할 수 있다.,해양생물 캐릭터와 바다 탐험 동화 소재,"생물의 이름, 서식 해역, 분류를 활용한 관찰 질문과 퀴즈",5-7;8-10,해양생물;동양짧은몸용선충;Dinetia;orientalis;Nematoda;>;Chromadorea;Desmodorida;Draconematidae;동해중부;대한민국;강원도,129.317810,대한민국,동양짧은몸용선충,Nematoda > Chromadorea > Desmodorida > Draconematidae > Dinetia > Dinetia orientalis,37.289207,대한민국 강원도 삼척시 근덕면 조간대,2014-05-22,Dinetia orientalis,동해중부
국립해양생물자원관_해양생물 채집 공간정보,https://www.data.go.kr/data/15151832/openapi.do,2016-12-31,marine_life,비틀대모자반,Sargassum sagamianum,대한민국 경상북도 경주시 감포읍 감포,대한민국; 동해남부; 대한민국 경상북도 경주시 감포읍 감포,35.806595,129.506241,비틀대모자반은(는) 동해남부에서 관찰·채집된 해양생물 소재로 사용할 수 있다.,해양생물 캐릭터와 바다 탐험 동화 소재,"생물의 이름, 서식 해역, 분류를 활용한 관찰 질문과 퀴즈",5-7;8-10,해양생물;비틀대모자반;Sargassum;sagamianum;동해남부;대한민국;경상북도;경주시;감포읍;감포,129.506241,대한민국,비틀대모자반,Sargassum sagamianum,35.806595,대한민국 경상북도 경주시 감포읍 감포,2016-12-31,Sargassum sagamianum,동해남부
국립해양생물자원관_해양생물 채집 공간정보,https://www.data.go.kr/data/15151832/openapi.do,2015-12-23,marine_life,삼치,Teleostei > Perciformes > Scombridae > Scomberomorus > Scomberomorus niphonius,대한민국 전라남도 여수시,대한민국; 남해동부; 대한민국 전라남도 여수시,34.206280,127.846413,삼치은(는) 남해동부에서 관찰·채집된 해양생물 소재로 사용할 수 있다.,해양생물 캐릭터와 바다 탐험 동화 소재,"생물의 이름, 서식 해역, 분류를 활용한 관찰 질문과 퀴즈",5-7;8-10,해양생물;삼치;Scomberomorus;niphonius;Teleostei;>;Perciformes;Scombridae;남해동부;대한민국;전라남도;여수시,127.846413,대한민국,삼치,Teleostei > Perciformes > Scombridae > Scomberomorus > Scomberomorus niphonius,34.206280,대한민국 전라남도 여수시,2015-12-23,Scomberomorus niphonius,남해동부
국립해양생물자원관_해양생물 채집 공간정보,https://www.data.go.kr/data/15151832/openapi.do,2015-12-23,marine_life,갈전갱이,Teleostei > Perciformes > Carangidae > Kaiwarinus > Kaiwarinus equula,대한민국 경상남도 거제시,대한민국; 남해동부; 대한민국 경상남도 거제시,34.778065,128.791245,갈전갱이은(는) 남해동부에서 관찰·채집된 해양생물 소재로 사용할 수 있다.,해양생물 캐릭터와 바다 탐험 동화 소재,"생물의 이름, 서식 해역, 분류를 활용한 관찰 질문과 퀴즈",5-7;8-10,해양생물;갈전갱이;Kaiwarinus;equula;Teleostei;>;Perciformes;Carangidae;남해동부;대한민국;경상남도;거제시,128.791245,대한민국,갈전갱이,Teleostei > Perciformes > Carangidae > Kaiwarinus > Kaiwarinus equula,34.778065,대한민국 경상남도 거제시,2015-12-23,Kaiwarinus equula,남해동부
국립해양생물자원관_해양생물 채집 공간정보,https://www.data.go.kr/data/15151832/openapi.do,2017-09-28,marine_life,Marinobacter nauticus,Pseudomonadota > Gammaproteobacteria > Alteromonadales > Alteromonadaceae > Marinobacter > Marinobacter nauticus,대한민국 남해,대한민국; 남해서부; 대한민국 남해,34.681946,127.766945,Marinobacter nauticus은(는) 남해서부에서 관찰·채집된 해양생물 소재로 사용할 수 있다.,해양생물 캐릭터와 바다 탐험 동화 소재,"생물의 이름, 서식 해역, 분류를 활용한 관찰 질문과 퀴즈",5-7;8-10,해양생물;Marinobacter;nauticus;Pseudomonadota;>;Gammaproteobacteria;Alteromonadales;Alteromonadaceae;남해서부;대한민국;남해,127.766945,대한민국,,Pseudomonadota > Gammaproteobacteria > Alteromonadales > Alteromonadaceae > Marinobacter > Marinobacter nauticus,34.681946,대한민국 남해,2017-09-28,Marinobacter nauticus,남해서부
국립해양생물자원관_해양생물 채집 공간정보,https://www.data.go.kr/data/15151832/openapi.do,2015-05-01,marine_life,학공치,Teleostei > Beloniformes > Hemiramphidae > Hyporhamphus > Hyporhamphus sajori,대한민국 경상북도 포항시,대한민국; 동해남부; 대한민국 경상북도 포항시,36.003979,129.623505,학공치은(는) 동해남부에서 관찰·채집된 해양생물 소재로 사용할 수 있다.,해양생물 캐릭터와 바다 탐험 동화 소재,"생물의 이름, 서식 해역, 분류를 활용한 관찰 질문과 퀴즈",5-7;8-10,해양생물;학공치;Hyporhamphus;sajori;Teleostei;>;Beloniformes;Hemiramphidae;동해남부;대한민국;경상북도;포항시,129.623505,대한민국,학공치,Teleostei > Beloniformes > Hemiramphidae > Hyporhamphus > Hyporhamphus sajori,36.003979,대한민국 경상북도 포항시,2015-05-01,Hyporhamphus sajori,동해남부
국립해양생물자원관_해양생물 채집 공간정보,https://www.data.go.kr/data/15151832/openapi.do,2015-05-01,marine_life,학공치,Teleostei > Beloniformes > Hemiramphidae > Hyporhamphus > Hyporhamphus sajori,대한민국 경상북도 포항시,대한민국; 동해남부; 대한민국 경상북도 포항시,36.003979,129.623505,학공치은(는) 동해남부에서 관찰·채집된 해양생물 소재로 사용할 수 있다.,해양생물 캐릭터와 바다 탐험 동화 소재,"생물의 이름, 서식 해역, 분류를 활용한 관찰 질문과 퀴즈",5-7;8-10,해양생물;학공치;Hyporhamphus;sajori;Teleostei;>;Beloniformes;Hemiramphidae;동해남부;대한민국;경상북도;포항시,129.623505,대한민국,학공치,Teleostei > Beloniformes > Hemiramphidae > Hyporhamphus > Hyporhamphus sajori,36.003979,대한민국 경상북도 포항시,2015-05-01,Hyporhamphus sajori,동해남부
국립해양생물자원관_해양생물 채집 공간정보,https://www.data.go.kr/data/15151832/openapi.do,2021-08-26,marine_life,털다발풀게,Varunidae > Hemigrapsus > Hemigrapsus takanoi,대한민국 인천광역시 강화군 삼산면 민머루해변,대한민국; 서해; 대한민국 인천광역시 강화군 삼산면 민머루해변,37.651947,126.332497,털다발풀게은(는) 서해에서 관찰·채집된 해양생물 소재로 사용할 수 있다.,해양생물 캐릭터와 바다 탐험 동화 소재,"생물의 이름, 서식 해역, 분류를 활용한 관찰 질문과 퀴즈",5-7;8-10,해양생물;털다발풀게;Hemigrapsus;takanoi;Varunidae;>;서해;대한민국;인천광역시;강화군;삼산면;민머루해변,126.332497,대한민국,털다발풀게,Varunidae > Hemigrapsus > Hemigrapsus takanoi,37.651947,대한민국 인천광역시 강화군 삼산면 민머루해변,2021-08-26,Hemigrapsus takanoi,서해
국립해양생물자원관_해양생물 채집 공간정보,https://www.data.go.kr/data/15151832/openapi.do,2004-09-30,marine_life,Pseudovibrio ascidiaceicola,Stappiaceae > Pseudovibrio > Pseudovibrio ascidiaceicola,대한민국 부산광역시,대한민국; 남해동부; 대한민국 부산광역시,34.886112,128.952225,Pseudovibrio ascidiaceicola은(는) 남해동부에서 관찰·채집된 해양생물 소재로 사용할 수 있다.,해양생물 캐릭터와 바다 탐험 동화 소재,"생물의 이름, 서식 해역, 분류를 활용한 관찰 질문과 퀴즈",5-7;8-10,해양생물;Pseudovibrio;ascidiaceicola;Stappiaceae;>;남해동부;대한민국;부산광역시,128.952225,대한민국,,Stappiaceae > Pseudovibrio > Pseudovibrio ascidiaceicola,34.886112,대한민국 부산광역시,2004-09-30,Pseudovibrio ascidiaceicola,남해동부
국립해양생물자원관_해양생물 채집 공간정보,https://www.data.go.kr/data/15151832/openapi.do,2021-09-10,marine_life,두점박이민꽃게,Thalamitinae > Charybdis > Gonioneptunus > Charybdis (Gonioneptunus) bimaculata,대한민국 서해 한·중 잠정조치수역,대한민국; 서해; 대한민국 서해 한·중 잠정조치수역,33.773613,123.281555,두점박이민꽃게은(는) 서해에서 관찰·채집된 해양생물 소재로 사용할 수 있다.,해양생물 캐릭터와 바다 탐험 동화 소재,"생물의 이름, 서식 해역, 분류를 활용한 관찰 질문과 퀴즈",5-7;8-10,해양생물;두점박이민꽃게;Charybdis;(Gonioneptunus);bimaculata;Thalamitinae;>;Gonioneptunus;서해;대한민국;한·중;잠정조치수역,123.281555,대한민국,두점박이민꽃게,Thalamitinae > Charybdis > Gonioneptunus > Charybdis (Gonioneptunus) bimaculata,33.773613,대한민국 서해 한·중 잠정조치수역,2021-09-10,Charybdis (Gonioneptunus) bimaculata,서해
국립해양생물자원관_해양생물 채집 공간정보,https://www.data.go.kr/data/15151832/openapi.do,2021-06-23,marine_life,바다반날개,Staphylinidae > Aleocharinae > Adota > Adota magnipennis,대한민국 인천광역시 옹진군,대한민국; 서해; 대한민국 인천광역시 옹진군,37.949390,124.719582,바다반날개은(는) 서해에서 관찰·채집된 해양생물 소재로 사용할 수 있다.,해양생물 캐릭터와 바다 탐험 동화 소재,"생물의 이름, 서식 해역, 분류를 활용한 관찰 질문과 퀴즈",5-7;8-10,해양생물;바다반날개;Adota;magnipennis;Staphylinidae;>;Aleocharinae;서해;대한민국;인천광역시;옹진군,124.719582,대한민국,바다반날개,Staphylinidae > Aleocharinae > Adota > Adota magnipennis,37.949390,대한민국 인천광역시 옹진군,2021-06-23,Adota magnipennis,서해
국립해양생물자원관_해양생물 채집 공간정보,https://www.data.go.kr/data/15151832/openapi.do,2021-08-18,marine_life,강진갯벌반날개,Staphylinidae > Aleocharinae > Bryothinusa > Bryothinusa gangjinensis,대한민국 충청남도 당진시 석문면,대한민국; 서해; 대한민국 충청남도 당진시 석문면,37.029778,126.561195,강진갯벌반날개은(는) 서해에서 관찰·채집된 해양생물 소재로 사용할 수 있다.,해양생물 캐릭터와 바다 탐험 동화 소재,"생물의 이름, 서식 해역, 분류를 활용한 관찰 질문과 퀴즈",5-7;8-10,해양생물;강진갯벌반날개;Bryothinusa;gangjinensis;Staphylinidae;>;Aleocharinae;서해;대한민국;충청남도;당진시;석문면,126.561195,대한민국,강진갯벌반날개,Staphylinidae > Aleocharinae > Bryothinusa > Bryothinusa gangjinensis,37.029778,대한민국 충청남도 당진시 석문면,2021-08-18,Bryothinusa gangjinensis,서해
국립해양생물자원관_해양생물 채집 공간정보,https://www.data.go.kr/data/15151832/openapi.do,2004-09-30,marine_life,Qipengyuania polymorpha,Sphingomonadales > Erythrobacteraceae > Qipengyuania > Qipengyuania polymorpha,대한민국 부산광역시,대한민국; 남해동부; 대한민국 부산광역시,34.886112,128.952225,Qipengyuania polymorpha은(는) 남해동부에서 관찰·채집된 해양생물 소재로 사용할 수 있다.,해양생물 캐릭터와 바다 탐험 동화 소재,"생물의 이름, 서식 해역, 분류를 활용한 관찰 질문과 퀴즈",5-7;8-10,해양생물;Qipengyuania;polymorpha;Sphingomonadales;>;Erythrobacteraceae;남해동부;대한민국;부산광역시,128.952225,대한민국,,Sphingomonadales > Erythrobacteraceae > Qipengyuania > Qipengyuania polymorpha,34.886112,대한민국 부산광역시,2004-09-30,Qipengyuania polymorpha,남해동부
국립해양생물자원관_해양생물 채집 공간정보,https://www.data.go.kr/data/15151832/openapi.do,2016-09-03,marine_life,삼세기,Teleostei > Scorpaeniformes > Agonidae > Hemitripterus > Hemitripterus villosus,대한민국 인천광역시,대한민국; 서해; 대한민국 인천광역시,37.296089,125.361557,삼세기은(는) 서해에서 관찰·채집된 해양생물 소재로 사용할 수 있다.,해양생물 캐릭터와 바다 탐험 동화 소재,"생물의 이름, 서식 해역, 분류를 활용한 관찰 질문과 퀴즈",5-7;8-10,해양생물;삼세기;Hemitripterus;villosus;Teleostei;>;Scorpaeniformes;Agonidae;서해;대한민국;인천광역시,125.361557,대한민국,삼세기,Teleostei > Scorpaeniformes > Agonidae > Hemitripterus > Hemitripterus villosus,37.296089,대한민국 인천광역시,2016-09-03,Hemitripterus villosus,서해
국립해양생물자원관_해양생물 채집 공간정보,https://www.data.go.kr/data/15151832/openapi.do,2004-09-30,marine_life,Sulfitobacter pontiacus,Sulfitobacter pontiacus,대한민국 부산광역시,대한민국; 남해동부; 대한민국 부산광역시,34.886112,128.952225,Sulfitobacter pontiacus은(는) 남해동부에서 관찰·채집된 해양생물 소재로 사용할 수 있다.,해양생물 캐릭터와 바다 탐험 동화 소재,"생물의 이름, 서식 해역, 분류를 활용한 관찰 질문과 퀴즈",5-7;8-10,해양생물;Sulfitobacter;pontiacus;남해동부;대한민국;부산광역시,128.952225,대한민국,,Sulfitobacter pontiacus,34.886112,대한민국 부산광역시,2004-09-30,Sulfitobacter pontiacus,남해동부
국립해양생물자원관_해양생물 채집 공간정보,https://www.data.go.kr/data/15151832/openapi.do,2004-09-30,marine_life,Alloyangia pacifica,Roseobacteraceae > Alloyangia > Alloyangia pacifica,대한민국 부산광역시,대한민국; 남해동부; 대한민국 부산광역시,34.886112,128.952225,Alloyangia pacifica은(는) 남해동부에서 관찰·채집된 해양생물 소재로 사용할 수 있다.,해양생물 캐릭터와 바다 탐험 동화 소재,"생물의 이름, 서식 해역, 분류를 활용한 관찰 질문과 퀴즈",5-7;8-10,해양생물;Alloyangia;pacifica;Roseobacteraceae;>;남해동부;대한민국;부산광역시,128.952225,대한민국,,Roseobacteraceae > Alloyangia > Alloyangia pacifica,34.886112,대한민국 부산광역시,2004-09-30,Alloyangia pacifica,남해동부
국립해양생물자원관_해양생물 채집 공간정보,https://www.data.go.kr/data/15151832/openapi.do,2004-09-30,marine_life,Lacinutrix venerupis,Lacinutrix venerupis,대한민국 부산광역시,대한민국; 남해동부; 대한민국 부산광역시,34.886112,128.952225,Lacinutrix venerupis은(는) 남해동부에서 관찰·채집된 해양생물 소재로 사용할 수 있다.,해양생물 캐릭터와 바다 탐험 동화 소재,"생물의 이름, 서식 해역, 분류를 활용한 관찰 질문과 퀴즈",5-7;8-10,해양생물;Lacinutrix;venerupis;남해동부;대한민국;부산광역시,128.952225,대한민국,,Lacinutrix venerupis,34.886112,대한민국 부산광역시,2004-09-30,Lacinutrix venerupis,남해동부
국립해양생물자원관_해양생물 채집 공간정보,https://www.data.go.kr/data/15151832/openapi.do,2016-03-25,marine_life,긴불레기말,Scytosiphonaceae > Dactylosiphon > Dactylosiphon bullosus,"대한민국 전라남도 여수시 삼산면 덕촌리,거문도등대","대한민국; 남해서부; 대한민국 전라남도 여수시 삼산면 덕촌리,거문도등대",34.006603,127.321457,긴불레기말은(는) 남해서부에서 관찰·채집된 해양생물 소재로 사용할 수 있다.,해양생물 캐릭터와 바다 탐험 동화 소재,"생물의 이름, 서식 해역, 분류를 활용한 관찰 질문과 퀴즈",5-7;8-10,해양생물;긴불레기말;Dactylosiphon;bullosus;Scytosiphonaceae;>;남해서부;대한민국;전라남도;여수시;삼산면;덕촌리,127.321457,대한민국,긴불레기말,Scytosiphonaceae > Dactylosiphon > Dactylosiphon bullosus,34.006603,"대한민국 전라남도 여수시 삼산면 덕촌리,거문도등대",2016-03-25,Dactylosiphon bullosus,남해서부
국립해양생물자원관_해양생물 채집 공간정보,https://www.data.go.kr/data/15151832/openapi.do,2017-10-27,marine_life,Vibrio chagasii,Vibrionales > Vibrionaceae > Vibrio > Vibrio chagasii,대한민국 제주근해,대한민국; 남해서부; 대한민국 제주근해,33.529167,126.872780,Vibrio chagasii은(는) 남해서부에서 관찰·채집된 해양생물 소재로 사용할 수 있다.,해양생물 캐릭터와 바다 탐험 동화 소재,"생물의 이름, 서식 해역, 분류를 활용한 관찰 질문과 퀴즈",5-7;8-10,해양생물;Vibrio;chagasii;Vibrionales;>;Vibrionaceae;남해서부;대한민국;제주근해,126.872780,대한민국,,Vibrionales > Vibrionaceae > Vibrio > Vibrio chagasii,33.529167,대한민국 제주근해,2017-10-27,Vibrio chagasii,남해서부
국립해양생물자원관_해양생물 채집 공간정보,https://www.data.go.kr/data/15151832/openapi.do,2015-12-26,marine_life,미역쇠,Scytosiphonaceae > Petalonia > Petalonia binghamiae,대한민국 경상북도 포항시 남구 구룡포읍 석봉2리,대한민국; 동해남부; 대한민국 경상북도 포항시 남구 구룡포읍 석봉2리,36.026028,129.577271,미역쇠은(는) 동해남부에서 관찰·채집된 해양생물 소재로 사용할 수 있다.,해양생물 캐릭터와 바다 탐험 동화 소재,"생물의 이름, 서식 해역, 분류를 활용한 관찰 질문과 퀴즈",5-7;8-10,해양생물;미역쇠;Petalonia;binghamiae;Scytosiphonaceae;>;동해남부;대한민국;경상북도;포항시;남구;구룡포읍,129.577271,대한민국,미역쇠,Scytosiphonaceae > Petalonia > Petalonia binghamiae,36.026028,대한민국 경상북도 포항시 남구 구룡포읍 석봉2리,2015-12-26,Petalonia binghamiae,동해남부
국립해양생물자원관_해양생물 채집 공간정보,https://www.data.go.kr/data/15151832/openapi.do,2016-04-01,marine_life,미역쇠,Scytosiphonaceae > Petalonia > Petalonia binghamiae,대한민국 경상북도 경주시 감포읍 감포리,대한민국; 동해남부; 대한민국 경상북도 경주시 감포읍 감포리,35.806595,129.506241,미역쇠은(는) 동해남부에서 관찰·채집된 해양생물 소재로 사용할 수 있다.,해양생물 캐릭터와 바다 탐험 동화 소재,"생물의 이름, 서식 해역, 분류를 활용한 관찰 질문과 퀴즈",5-7;8-10,해양생물;미역쇠;Petalonia;binghamiae;Scytosiphonaceae;>;동해남부;대한민국;경상북도;경주시;감포읍;감포리,129.506241,대한민국,미역쇠,Scytosiphonaceae > Petalonia > Petalonia binghamiae,35.806595,대한민국 경상북도 경주시 감포읍 감포리,2016-04-01,Petalonia binghamiae,동해남부
국립해양생물자원관_해양생물 채집 공간정보,https://www.data.go.kr/data/15151832/openapi.do,2004-09-30,marine_life,Sulfitobacter pontiacus,Sulfitobacter pontiacus,대한민국 부산광역시,대한민국; 남해동부; 대한민국 부산광역시,34.886112,128.952225,Sulfitobacter pontiacus은(는) 남해동부에서 관찰·채집된 해양생물 소재로 사용할 수 있다.,해양생물 캐릭터와 바다 탐험 동화 소재,"생물의 이름, 서식 해역, 분류를 활용한 관찰 질문과 퀴즈",5-7;8-10,해양생물;Sulfitobacter;pontiacus;남해동부;대한민국;부산광역시,128.952225,대한민국,,Sulfitobacter pontiacus,34.886112,대한민국 부산광역시,2004-09-30,Sulfitobacter pontiacus,남해동부
국립해양생물자원관_해양생물 채집 공간정보,https://www.data.go.kr/data/15151832/openapi.do,2018-06-08,marine_life,엷은부챗말,Phaeophyceae > Dictyotales > Dictyotaceae > Padina > Padina japonica,대한민국 제주특별자치도 서귀포시 성산읍 성산포,대한민국; 남해서부; 대한민국 제주특별자치도 서귀포시 성산읍 성산포,33.470634,126.935211,엷은부챗말은(는) 남해서부에서 관찰·채집된 해양생물 소재로 사용할 수 있다.,해양생물 캐릭터와 바다 탐험 동화 소재,"생물의 이름, 서식 해역, 분류를 활용한 관찰 질문과 퀴즈",5-7;8-10,해양생물;엷은부챗말;Padina;japonica;Phaeophyceae;>;Dictyotales;Dictyotaceae;남해서부;대한민국;제주특별자치도;서귀포시,126.935211,대한민국,엷은부챗말,Phaeophyceae > Dictyotales > Dictyotaceae > Padina > Padina japonica,33.470634,대한민국 제주특별자치도 서귀포시 성산읍 성산포,2018-06-08,Padina japonica,남해서부
국립해양생물자원관_해양생물 채집 공간정보,https://www.data.go.kr/data/15151832/openapi.do,2021-05-21,marine_life,둥근돗대기새우,Pleocyemata > Caridea > Pasiphaeoidea > Pasiphaeidae > Leptochela > Leptochela sydniensis,대한민국 전라북도 군산시 옥도면 어청도,대한민국; 서해; 대한민국 전라북도 군산시 옥도면 어청도,36.113220,125.976280,둥근돗대기새우은(는) 서해에서 관찰·채집된 해양생물 소재로 사용할 수 있다.,해양생물 캐릭터와 바다 탐험 동화 소재,"생물의 이름, 서식 해역, 분류를 활용한 관찰 질문과 퀴즈",5-7;8-10,해양생물;둥근돗대기새우;Leptochela;sydniensis;Pleocyemata;>;Caridea;Pasiphaeoidea;Pasiphaeidae;서해;대한민국;전라북도,125.976280,대한민국,둥근돗대기새우,Pleocyemata > Caridea > Pasiphaeoidea > Pasiphaeidae > Leptochela > Leptochela sydniensis,36.113220,대한민국 전라북도 군산시 옥도면 어청도,2021-05-21,Leptochela sydniensis,서해
국립해양생물자원관_해양생물 채집 공간정보,https://www.data.go.kr/data/15151832/openapi.do,2021-03-17,marine_life,붉은줄참새우,Pleocyemata > Caridea > Palaemonoidea > Palaemonidae > Palaemon > Palaemon macrodactylus,대한민국 전라남도 무안군 청계면 복길항,대한민국; 서해; 대한민국 전라남도 무안군 청계면 복길항,34.894257,126.391396,붉은줄참새우은(는) 서해에서 관찰·채집된 해양생물 소재로 사용할 수 있다.,해양생물 캐릭터와 바다 탐험 동화 소재,"생물의 이름, 서식 해역, 분류를 활용한 관찰 질문과 퀴즈",5-7;8-10,해양생물;붉은줄참새우;Palaemon;macrodactylus;Pleocyemata;>;Caridea;Palaemonoidea;Palaemonidae;서해;대한민국;전라남도,126.391396,대한민국,붉은줄참새우,Pleocyemata > Caridea > Palaemonoidea > Palaemonidae > Palaemon > Palaemon macrodactylus,34.894257,대한민국 전라남도 무안군 청계면 복길항,2021-03-17,Palaemon macrodactylus,서해
국립해양생물자원관_해양생물 채집 공간정보,https://www.data.go.kr/data/15151832/openapi.do,2021-09-08,marine_life,짧은싸리비유령갯지렁이,Thelepus toyamaensis,대한민국 충청남도 태안군 고남면,대한민국; 서해; 대한민국 충청남도 태안군 고남면,36.422085,126.359024,짧은싸리비유령갯지렁이은(는) 서해에서 관찰·채집된 해양생물 소재로 사용할 수 있다.,해양생물 캐릭터와 바다 탐험 동화 소재,"생물의 이름, 서식 해역, 분류를 활용한 관찰 질문과 퀴즈",5-7;8-10,해양생물;짧은싸리비유령갯지렁이;Thelepus;toyamaensis;서해;대한민국;충청남도;태안군;고남면,126.359024,대한민국,짧은싸리비유령갯지렁이,Thelepus toyamaensis,36.422085,대한민국 충청남도 태안군 고남면,2021-09-08,Thelepus toyamaensis,서해
국립해양생물자원관_해양생물 채집 공간정보,https://www.data.go.kr/data/15151832/openapi.do,2021-03-31,marine_life,둥근이빨참갯지렁이,Pseudonereis variegata,대한민국 충청남도 태안군 근흥면,대한민국; 서해; 대한민국 충청남도 태안군 근흥면,36.670918,126.135666,둥근이빨참갯지렁이은(는) 서해에서 관찰·채집된 해양생물 소재로 사용할 수 있다.,해양생물 캐릭터와 바다 탐험 동화 소재,"생물의 이름, 서식 해역, 분류를 활용한 관찰 질문과 퀴즈",5-7;8-10,해양생물;둥근이빨참갯지렁이;Pseudonereis;variegata;서해;대한민국;충청남도;태안군;근흥면,126.135666,대한민국,둥근이빨참갯지렁이,Pseudonereis variegata,36.670918,대한민국 충청남도 태안군 근흥면,2021-03-31,Pseudonereis variegata,서해
국립해양생물자원관_해양생물 채집 공간정보,https://www.data.go.kr/data/15151832/openapi.do,2017-04-28,marine_life,부풀음벌집소모충,Tintinnida > Rhabdonellidae > Schmidingerella > Schmidingerella arcuata,대한민국 강원도 강릉시 강릉항,대한민국; 동해중부; 대한민국 강원도 강릉시 강릉항,37.772167,128.951157,부풀음벌집소모충은(는) 동해중부에서 관찰·채집된 해양생물 소재로 사용할 수 있다.,해양생물 캐릭터와 바다 탐험 동화 소재,"생물의 이름, 서식 해역, 분류를 활용한 관찰 질문과 퀴즈",5-7;8-10,해양생물;부풀음벌집소모충;Schmidingerella;arcuata;Tintinnida;>;Rhabdonellidae;동해중부;대한민국;강원도;강릉시;강릉항,128.951157,대한민국,부풀음벌집소모충,Tintinnida > Rhabdonellidae > Schmidingerella > Schmidingerella arcuata,37.772167,대한민국 강원도 강릉시 강릉항,2017-04-28,Schmidingerella arcuata,동해중부
국립해양생물자원관_해양생물 채집 공간정보,https://www.data.go.kr/data/15151832/openapi.do,2010-05-10,marine_life,Streptomyces zaomyceticus,Streptomycetales > Streptomycetaceae > Streptomyces > Streptomyces zaomyceticus,대한민국 서해,대한민국; 서해; 대한민국 서해,37.174725,126.631393,Streptomyces zaomyceticus은(는) 서해에서 관찰·채집된 해양생물 소재로 사용할 수 있다.,해양생물 캐릭터와 바다 탐험 동화 소재,"생물의 이름, 서식 해역, 분류를 활용한 관찰 질문과 퀴즈",5-7;8-10,해양생물;Streptomyces;zaomyceticus;Streptomycetales;>;Streptomycetaceae;서해;대한민국,126.631393,대한민국,,Streptomycetales > Streptomycetaceae > Streptomyces > Streptomyces zaomyceticus,37.174725,대한민국 서해,2010-05-10,Streptomyces zaomyceticus,서해
국립해양생물자원관_해양생물 채집 공간정보,https://www.data.go.kr/data/15151832/openapi.do,2010-05-10,marine_life,Bacillus paramycoides,Caryophanales > Bacillaceae > Bacillus > Bacillus paramycoides,대한민국 서해,대한민국; 서해; 대한민국 서해,37.174725,126.631393,Bacillus paramycoides은(는) 서해에서 관찰·채집된 해양생물 소재로 사용할 수 있다.,해양생물 캐릭터와 바다 탐험 동화 소재,"생물의 이름, 서식 해역, 분류를 활용한 관찰 질문과 퀴즈",5-7;8-10,해양생물;Bacillus;paramycoides;Caryophanales;>;Bacillaceae;서해;대한민국,126.631393,대한민국,,Caryophanales > Bacillaceae > Bacillus > Bacillus paramycoides,37.174725,대한민국 서해,2010-05-10,Bacillus paramycoides,서해
국립해양생물자원관_해양생물 채집 공간정보,https://www.data.go.kr/data/15151832/openapi.do,2013-10-26,marine_life,떡청각,Ulvophyceae > Bryopsidales > Codiaceae > Codium > Codium arabicum,대한민국 강원도 동해시,대한민국; 동해중부; 대한민국 강원도 동해시,37.567028,129.119171,떡청각은(는) 동해중부에서 관찰·채집된 해양생물 소재로 사용할 수 있다.,해양생물 캐릭터와 바다 탐험 동화 소재,"생물의 이름, 서식 해역, 분류를 활용한 관찰 질문과 퀴즈",5-7;8-10,해양생물;떡청각;Codium;arabicum;Ulvophyceae;>;Bryopsidales;Codiaceae;동해중부;대한민국;강원도;동해시,129.119171,대한민국,떡청각,Ulvophyceae > Bryopsidales > Codiaceae > Codium > Codium arabicum,37.567028,대한민국 강원도 동해시,2013-10-26,Codium arabicum,동해중부
국립해양생물자원관_해양생물 채집 공간정보,https://www.data.go.kr/data/15151832/openapi.do,2004-09-30,marine_life,Salegentibacter mishustinae,Salegentibacter mishustinae,대한민국 부산광역시,대한민국; 남해동부; 대한민국 부산광역시,34.886112,128.952225,Salegentibacter mishustinae은(는) 남해동부에서 관찰·채집된 해양생물 소재로 사용할 수 있다.,해양생물 캐릭터와 바다 탐험 동화 소재,"생물의 이름, 서식 해역, 분류를 활용한 관찰 질문과 퀴즈",5-7;8-10,해양생물;Salegentibacter;mishustinae;남해동부;대한민국;부산광역시,128.952225,대한민국,,Salegentibacter mishustinae,34.886112,대한민국 부산광역시,2004-09-30,Salegentibacter mishustinae,남해동부
국립해양생물자원관_해양생물 채집 공간정보,https://www.data.go.kr/data/15151832/openapi.do,2020-04-28,marine_life,뿔가시횟대장님물이,Siphonostomatoida > Caligidae > Lepeophtheirus > Lepeophtheirus parviventris,대한민국 강원도 고성군 현내면 대진항,대한민국; 동해중부; 대한민국 강원도 고성군 현내면 대진항,38.500000,128.425003,뿔가시횟대장님물이은(는) 동해중부에서 관찰·채집된 해양생물 소재로 사용할 수 있다.,해양생물 캐릭터와 바다 탐험 동화 소재,"생물의 이름, 서식 해역, 분류를 활용한 관찰 질문과 퀴즈",5-7;8-10,해양생물;뿔가시횟대장님물이;Lepeophtheirus;parviventris;Siphonostomatoida;>;Caligidae;동해중부;대한민국;강원도;고성군;현내면,128.425003,대한민국,뿔가시횟대장님물이,Siphonostomatoida > Caligidae > Lepeophtheirus > Lepeophtheirus parviventris,38.500000,대한민국 강원도 고성군 현내면 대진항,2020-04-28,Lepeophtheirus parviventris,동해중부
국립해양생물자원관_해양생물 채집 공간정보,https://www.data.go.kr/data/15151832/openapi.do,2018-03-20,marine_life,매끈발톱요정짠물응애,Trombidiformes > Halacaridae > Agaue > Agaue laeviunguis,대한민국 경상남도 거제시 동부면 덕원해수욕장,대한민국; 남해동부; 대한민국 경상남도 거제시 동부면 덕원해수욕장,34.778378,128.577545,매끈발톱요정짠물응애은(는) 남해동부에서 관찰·채집된 해양생물 소재로 사용할 수 있다.,해양생물 캐릭터와 바다 탐험 동화 소재,"생물의 이름, 서식 해역, 분류를 활용한 관찰 질문과 퀴즈",5-7;8-10,해양생물;매끈발톱요정짠물응애;Agaue;laeviunguis;Trombidiformes;>;Halacaridae;남해동부;대한민국;경상남도;거제시;동부면,128.577545,대한민국,매끈발톱요정짠물응애,Trombidiformes > Halacaridae > Agaue > Agaue laeviunguis,34.778378,대한민국 경상남도 거제시 동부면 덕원해수욕장,2018-03-20,Agaue laeviunguis,남해동부
국립해양생물자원관_해양생물 채집 공간정보,https://www.data.go.kr/data/15151832/openapi.do,2017-04-28,marine_life,톱날입진짜종소모충,Tintinnidae > Eutintinnus > Eutintinnus rectus,대한민국 강원도 강릉시 강릉항,대한민국; 동해중부; 대한민국 강원도 강릉시 강릉항,37.772167,128.951157,톱날입진짜종소모충은(는) 동해중부에서 관찰·채집된 해양생물 소재로 사용할 수 있다.,해양생물 캐릭터와 바다 탐험 동화 소재,"생물의 이름, 서식 해역, 분류를 활용한 관찰 질문과 퀴즈",5-7;8-10,해양생물;톱날입진짜종소모충;Eutintinnus;rectus;Tintinnidae;>;동해중부;대한민국;강원도;강릉시;강릉항,128.951157,대한민국,톱날입진짜종소모충,Tintinnidae > Eutintinnus > Eutintinnus rectus,37.772167,대한민국 강원도 강릉시 강릉항,2017-04-28,Eutintinnus rectus,동해중부
국립해양생물자원관_해양생물 채집 공간정보,https://www.data.go.kr/data/15151832/openapi.do,2017-04-28,marine_life,톱날입진짜종소모충,Tintinnidae > Eutintinnus > Eutintinnus rectus,대한민국 강원도 강릉시 강릉항,대한민국; 동해중부; 대한민국 강원도 강릉시 강릉항,37.772167,128.951157,톱날입진짜종소모충은(는) 동해중부에서 관찰·채집된 해양생물 소재로 사용할 수 있다.,해양생물 캐릭터와 바다 탐험 동화 소재,"생물의 이름, 서식 해역, 분류를 활용한 관찰 질문과 퀴즈",5-7;8-10,해양생물;톱날입진짜종소모충;Eutintinnus;rectus;Tintinnidae;>;동해중부;대한민국;강원도;강릉시;강릉항,128.951157,대한민국,톱날입진짜종소모충,Tintinnidae > Eutintinnus > Eutintinnus rectus,37.772167,대한민국 강원도 강릉시 강릉항,2017-04-28,Eutintinnus rectus,동해중부
국립해양생물자원관_해양생물 채집 공간정보,https://www.data.go.kr/data/15151832/openapi.do,2012-06-23,marine_life,Detonula pumila,Thalassiosirales > Thalassiosiraceae > Detonula > Detonula pumila,대한민국 제주특별자치도 제주시,대한민국; 남해서부; 대한민국 제주특별자치도 제주시,33.542118,126.634064,Detonula pumila은(는) 남해서부에서 관찰·채집된 해양생물 소재로 사용할 수 있다.,해양생물 캐릭터와 바다 탐험 동화 소재,"생물의 이름, 서식 해역, 분류를 활용한 관찰 질문과 퀴즈",5-7;8-10,해양생물;Detonula;pumila;Thalassiosirales;>;Thalassiosiraceae;남해서부;대한민국;제주특별자치도;제주시,126.634064,대한민국,,Thalassiosirales > Thalassiosiraceae > Detonula > Detonula pumila,33.542118,대한민국 제주특별자치도 제주시,2012-06-23,Detonula pumila,남해서부
국립해양생물자원관_해양생물 채집 공간정보,https://www.data.go.kr/data/15151832/openapi.do,2021-07-28,marine_life,그물바탕말,Phaeophyceae > Dictyotales > Dictyotaceae > Dictyota > Dictyota dichotoma,대한민국 제주특별자치도 제주시 한림읍 비양도,대한민국; 남해서부; 대한민국 제주특별자치도 제주시 한림읍 비양도,33.417946,126.224388,그물바탕말은(는) 남해서부에서 관찰·채집된 해양생물 소재로 사용할 수 있다.,해양생물 캐릭터와 바다 탐험 동화 소재,"생물의 이름, 서식 해역, 분류를 활용한 관찰 질문과 퀴즈",5-7;8-10,해양생물;그물바탕말;Dictyota;dichotoma;Phaeophyceae;>;Dictyotales;Dictyotaceae;남해서부;대한민국;제주특별자치도;제주시,126.224388,대한민국,그물바탕말,Phaeophyceae > Dictyotales > Dictyotaceae > Dictyota > Dictyota dichotoma,33.417946,대한민국 제주특별자치도 제주시 한림읍 비양도,2021-07-28,Dictyota dichotoma,남해서부
국립해양생물자원관_해양생물 채집 공간정보,https://www.data.go.kr/data/15151832/openapi.do,2011-08-15,marine_life,태평작은노벌레,Odontacartia > Acartia (Odontacartia) pacifica,대한민국 전라남도 진도군,대한민국; 남해서부; 대한민국 전라남도 진도군,34.569183,126.307449,태평작은노벌레은(는) 남해서부에서 관찰·채집된 해양생물 소재로 사용할 수 있다.,해양생물 캐릭터와 바다 탐험 동화 소재,"생물의 이름, 서식 해역, 분류를 활용한 관찰 질문과 퀴즈",5-7;8-10,해양생물;태평작은노벌레;Acartia;(Odontacartia);pacifica;Odontacartia;>;남해서부;대한민국;전라남도;진도군,126.307449,대한민국,태평작은노벌레,Odontacartia > Acartia (Odontacartia) pacifica,34.569183,대한민국 전라남도 진도군,2011-08-15,Acartia (Odontacartia) pacifica,남해서부
국립해양생물자원관_해양생물 채집 공간정보,https://www.data.go.kr/data/15151832/openapi.do,2016-02-11,marine_life,Adoncholaimus daikokuensis,Oncholaimidae > Adoncholaimus > Adoncholaimus daikokuensis,대한민국 경상북도 울진군 북면 조간대,대한민국; 동해중부; 대한민국 경상북도 울진군 북면 조간대,37.105988,129.377335,Adoncholaimus daikokuensis은(는) 동해중부에서 관찰·채집된 해양생물 소재로 사용할 수 있다.,해양생물 캐릭터와 바다 탐험 동화 소재,"생물의 이름, 서식 해역, 분류를 활용한 관찰 질문과 퀴즈",5-7;8-10,해양생물;Adoncholaimus;daikokuensis;Oncholaimidae;>;동해중부;대한민국;경상북도;울진군;북면;조간대,129.377335,대한민국,,Oncholaimidae > Adoncholaimus > Adoncholaimus daikokuensis,37.105988,대한민국 경상북도 울진군 북면 조간대,2016-02-11,Adoncholaimus daikokuensis,동해중부
국립해양생물자원관_해양생물 채집 공간정보,https://www.data.go.kr/data/15151832/openapi.do,2016-06-18,marine_life,Adoncholaimus crassicaudus,Oncholaimidae > Adoncholaimus > Adoncholaimus crassicaudus,대한민국 경상북도 울릉군 울릉읍 조하대,대한민국; 동해중부; 대한민국 경상북도 울릉군 울릉읍 조하대,37.539951,130.846436,Adoncholaimus crassicaudus은(는) 동해중부에서 관찰·채집된 해양생물 소재로 사용할 수 있다.,해양생물 캐릭터와 바다 탐험 동화 소재,"생물의 이름, 서식 해역, 분류를 활용한 관찰 질문과 퀴즈",5-7;8-10,해양생물;Adoncholaimus;crassicaudus;Oncholaimidae;>;동해중부;대한민국;경상북도;울릉군;울릉읍;조하대,130.846436,대한민국,,Oncholaimidae > Adoncholaimus > Adoncholaimus crassicaudus,37.539951,대한민국 경상북도 울릉군 울릉읍 조하대,2016-06-18,Adoncholaimus crassicaudus,동해중부
국립해양생물자원관_해양생물 채집 공간정보,https://www.data.go.kr/data/15151832/openapi.do,2017-09-28,marine_life,Catenococcus thiocycli,Vibrionales > Vibrionaceae > Catenococcus > Catenococcus thiocycli,대한민국 남해,대한민국; 남해서부; 대한민국 남해,34.681946,127.766945,Catenococcus thiocycli은(는) 남해서부에서 관찰·채집된 해양생물 소재로 사용할 수 있다.,해양생물 캐릭터와 바다 탐험 동화 소재,"생물의 이름, 서식 해역, 분류를 활용한 관찰 질문과 퀴즈",5-7;8-10,해양생물;Catenococcus;thiocycli;Vibrionales;>;Vibrionaceae;남해서부;대한민국;남해,127.766945,대한민국,,Vibrionales > Vibrionaceae > Catenococcus > Catenococcus thiocycli,34.681946,대한민국 남해,2017-09-28,Catenococcus thiocycli,남해서부
국립해양생물자원관_해양생물 채집 공간정보,https://www.data.go.kr/data/15151832/openapi.do,2019-07-09,marine_life,Dictyosoma burgeri,Teleostei > Perciformes > Cebidichthyidae > Dictyosoma > Dictyosoma burgeri,대한민국 경상남도 통영시,대한민국; 남해동부; 대한민국 경상남도 통영시,34.850460,128.325775,Dictyosoma burgeri은(는) 남해동부에서 관찰·채집된 해양생물 소재로 사용할 수 있다.,해양생물 캐릭터와 바다 탐험 동화 소재,"생물의 이름, 서식 해역, 분류를 활용한 관찰 질문과 퀴즈",5-7;8-10,해양생물;Dictyosoma;burgeri;Teleostei;>;Perciformes;Cebidichthyidae;남해동부;대한민국;경상남도;통영시,128.325775,대한민국,,Teleostei > Perciformes > Cebidichthyidae > Dictyosoma > Dictyosoma burgeri,34.850460,대한민국 경상남도 통영시,2019-07-09,Dictyosoma burgeri,남해동부
국립해양생물자원관_해양생물 채집 공간정보,https://www.data.go.kr/data/15151832/openapi.do,2012-07-23,marine_life,가시투성바다대벌레,Malacostraca > Amphipoda > Caprellidae > Caprella > Caprella acanthogaster,대한민국 전라남도 순천시 별량면 마산리,대한민국; 남해서부; 대한민국 전라남도 순천시 별량면 마산리,34.840874,127.458809,가시투성바다대벌레은(는) 남해서부에서 관찰·채집된 해양생물 소재로 사용할 수 있다.,해양생물 캐릭터와 바다 탐험 동화 소재,"생물의 이름, 서식 해역, 분류를 활용한 관찰 질문과 퀴즈",5-7;8-10,해양생물;가시투성바다대벌레;Caprella;acanthogaster;Malacostraca;>;Amphipoda;Caprellidae;남해서부;대한민국;전라남도;순천시,127.458809,대한민국,가시투성바다대벌레,Malacostraca > Amphipoda > Caprellidae > Caprella > Caprella acanthogaster,34.840874,대한민국 전라남도 순천시 별량면 마산리,2012-07-23,Caprella acanthogaster,남해서부
국립해양생물자원관_해양생물 채집 공간정보,https://www.data.go.kr/data/15151832/openapi.do,2021-08-10,marine_life,민꽃게,Thalamitinae > Charybdis > Charybdis > Charybdis (Charybdis) japonica,대한민국 전라남도 신안군 흑산면 흑산도,대한민국; 서해; 대한민국 전라남도 신안군 흑산면 흑산도,34.643978,125.411362,민꽃게은(는) 서해에서 관찰·채집된 해양생물 소재로 사용할 수 있다.,해양생물 캐릭터와 바다 탐험 동화 소재,"생물의 이름, 서식 해역, 분류를 활용한 관찰 질문과 퀴즈",5-7;8-10,해양생물;민꽃게;Charybdis;(Charybdis);japonica;Thalamitinae;>;서해;대한민국;전라남도;신안군;흑산면,125.411362,대한민국,민꽃게,Thalamitinae > Charybdis > Charybdis > Charybdis (Charybdis) japonica,34.643978,대한민국 전라남도 신안군 흑산면 흑산도,2021-08-10,Charybdis (Charybdis) japonica,서해
국립해양생물자원관_해양생물 채집 공간정보,https://www.data.go.kr/data/15151832/openapi.do,2004-09-30,marine_life,Paracoccus homiensis,Rhodobacterales > Paracoccaceae > Paracoccus > Paracoccus homiensis,대한민국 부산광역시,대한민국; 남해동부; 대한민국 부산광역시,34.886112,128.952225,Paracoccus homiensis은(는) 남해동부에서 관찰·채집된 해양생물 소재로 사용할 수 있다.,해양생물 캐릭터와 바다 탐험 동화 소재,"생물의 이름, 서식 해역, 분류를 활용한 관찰 질문과 퀴즈",5-7;8-10,해양생물;Paracoccus;homiensis;Rhodobacterales;>;Paracoccaceae;남해동부;대한민국;부산광역시,128.952225,대한민국,,Rhodobacterales > Paracoccaceae > Paracoccus > Paracoccus homiensis,34.886112,대한민국 부산광역시,2004-09-30,Paracoccus homiensis,남해동부
국립해양생물자원관_해양생물 채집 공간정보,https://www.data.go.kr/data/15151832/openapi.do,2016-05-21,marine_life,크뢰앙솜털,Phaeophyceae > Ectocarpales > Ectocarpaceae > Ectocarpus > Ectocarpus crouaniorum,"대한민국 전라남도 신안군 흑산면 홍도리,홍도항","대한민국; 서해; 대한민국 전라남도 신안군 흑산면 홍도리,홍도항",34.683933,125.193199,크뢰앙솜털은(는) 서해에서 관찰·채집된 해양생물 소재로 사용할 수 있다.,해양생물 캐릭터와 바다 탐험 동화 소재,"생물의 이름, 서식 해역, 분류를 활용한 관찰 질문과 퀴즈",5-7;8-10,해양생물;크뢰앙솜털;Ectocarpus;crouaniorum;Phaeophyceae;>;Ectocarpales;Ectocarpaceae;서해;대한민국;전라남도;신안군,125.193199,대한민국,크뢰앙솜털,Phaeophyceae > Ectocarpales > Ectocarpaceae > Ectocarpus > Ectocarpus crouaniorum,34.683933,"대한민국 전라남도 신안군 흑산면 홍도리,홍도항",2016-05-21,Ectocarpus crouaniorum,서해
국립해양생물자원관_해양생물 채집 공간정보,https://www.data.go.kr/data/15151832/openapi.do,2016-04-01,marine_life,민가지말,Phaeophyceae > Ectocarpales > Chordariaceae > Chordaria > Chordaria flagelliformis,대한민국 경상북도 경주시 감포읍 감포리,대한민국; 동해남부; 대한민국 경상북도 경주시 감포읍 감포리,35.806595,129.506241,민가지말은(는) 동해남부에서 관찰·채집된 해양생물 소재로 사용할 수 있다.,해양생물 캐릭터와 바다 탐험 동화 소재,"생물의 이름, 서식 해역, 분류를 활용한 관찰 질문과 퀴즈",5-7;8-10,해양생물;민가지말;Chordaria;flagelliformis;Phaeophyceae;>;Ectocarpales;Chordariaceae;동해남부;대한민국;경상북도;경주시,129.506241,대한민국,민가지말,Phaeophyceae > Ectocarpales > Chordariaceae > Chordaria > Chordaria flagelliformis,35.806595,대한민국 경상북도 경주시 감포읍 감포리,2016-04-01,Chordaria flagelliformis,동해남부
국립해양생물자원관_해양생물 채집 공간정보,https://www.data.go.kr/data/15151832/openapi.do,2017-10-27,marine_life,Vibrio caribbeanicus,Vibrionales > Vibrionaceae > Vibrio > Vibrio caribbeanicus,대한민국 제주근해,대한민국; 남해서부; 대한민국 제주근해,33.546665,126.831665,Vibrio caribbeanicus은(는) 남해서부에서 관찰·채집된 해양생물 소재로 사용할 수 있다.,해양생물 캐릭터와 바다 탐험 동화 소재,"생물의 이름, 서식 해역, 분류를 활용한 관찰 질문과 퀴즈",5-7;8-10,해양생물;Vibrio;caribbeanicus;Vibrionales;>;Vibrionaceae;남해서부;대한민국;제주근해,126.831665,대한민국,,Vibrionales > Vibrionaceae > Vibrio > Vibrio caribbeanicus,33.546665,대한민국 제주근해,2017-10-27,Vibrio caribbeanicus,남해서부
국립해양생물자원관_해양생물 채집 공간정보,https://www.data.go.kr/data/15151832/openapi.do,2017-09-28,marine_life,Bacillus aeolius,Caryophanales > Bacillaceae > Bacillus > Bacillus aeolius,대한민국 서해,대한민국; 서해; 대한민국 서해,35.978889,126.636940,Bacillus aeolius은(는) 서해에서 관찰·채집된 해양생물 소재로 사용할 수 있다.,해양생물 캐릭터와 바다 탐험 동화 소재,"생물의 이름, 서식 해역, 분류를 활용한 관찰 질문과 퀴즈",5-7;8-10,해양생물;Bacillus;aeolius;Caryophanales;>;Bacillaceae;서해;대한민국,126.636940,대한민국,,Caryophanales > Bacillaceae > Bacillus > Bacillus aeolius,35.978889,대한민국 서해,2017-09-28,Bacillus aeolius,서해
국립해양생물자원관_해양생물 채집 공간정보,https://www.data.go.kr/data/15151832/openapi.do,2004-09-30,marine_life,Paracoccus xiamenensis,Rhodobacterales > Paracoccaceae > Paracoccus > Paracoccus xiamenensis,대한민국 부산광역시,대한민국; 남해동부; 대한민국 부산광역시,34.886112,128.952225,Paracoccus xiamenensis은(는) 남해동부에서 관찰·채집된 해양생물 소재로 사용할 수 있다.,해양생물 캐릭터와 바다 탐험 동화 소재,"생물의 이름, 서식 해역, 분류를 활용한 관찰 질문과 퀴즈",5-7;8-10,해양생물;Paracoccus;xiamenensis;Rhodobacterales;>;Paracoccaceae;남해동부;대한민국;부산광역시,128.952225,대한민국,,Rhodobacterales > Paracoccaceae > Paracoccus > Paracoccus xiamenensis,34.886112,대한민국 부산광역시,2004-09-30,Paracoccus xiamenensis,남해동부
국립해양생물자원관_해양생물 채집 공간정보,https://www.data.go.kr/data/15151832/openapi.do,2021-05-12,marine_life,갯가꼬마새우,Thoridae > Eualus > Eualus sinensis,대한민국 충청남도 보령시 대천항,대한민국; 서해; 대한민국 충청남도 보령시 대천항,36.327717,126.503761,갯가꼬마새우은(는) 서해에서 관찰·채집된 해양생물 소재로 사용할 수 있다.,해양생물 캐릭터와 바다 탐험 동화 소재,"생물의 이름, 서식 해역, 분류를 활용한 관찰 질문과 퀴즈",5-7;8-10,해양생물;갯가꼬마새우;Eualus;sinensis;Thoridae;>;서해;대한민국;충청남도;보령시;대천항,126.503761,대한민국,갯가꼬마새우,Thoridae > Eualus > Eualus sinensis,36.327717,대한민국 충청남도 보령시 대천항,2021-05-12,Eualus sinensis,서해
국립해양생물자원관_해양생물 채집 공간정보,https://www.data.go.kr/data/15151832/openapi.do,2004-09-30,marine_life,Chryseobacterium profundimaris,Weeksellaceae > Chryseobacterium > Chryseobacterium profundimaris,대한민국 부산광역시,대한민국; 남해동부; 대한민국 부산광역시,34.886112,128.952225,Chryseobacterium profundimaris은(는) 남해동부에서 관찰·채집된 해양생물 소재로 사용할 수 있다.,해양생물 캐릭터와 바다 탐험 동화 소재,"생물의 이름, 서식 해역, 분류를 활용한 관찰 질문과 퀴즈",5-7;8-10,해양생물;Chryseobacterium;profundimaris;Weeksellaceae;>;남해동부;대한민국;부산광역시,128.952225,대한민국,,Weeksellaceae > Chryseobacterium > Chryseobacterium profundimaris,34.886112,대한민국 부산광역시,2004-09-30,Chryseobacterium profundimaris,남해동부
국립해양생물자원관_해양생물 채집 공간정보,https://www.data.go.kr/data/15151832/openapi.do,2017-10-01,marine_life,톳,Sargassum fusiforme,"대한민국 전라남도 여수시 삼산면 거문도, 서도","대한민국; 남해서부; 대한민국 전라남도 여수시 삼산면 거문도, 서도",34.018715,127.308014,톳은(는) 남해서부에서 관찰·채집된 해양생물 소재로 사용할 수 있다.,해양생물 캐릭터와 바다 탐험 동화 소재,"생물의 이름, 서식 해역, 분류를 활용한 관찰 질문과 퀴즈",5-7;8-10,해양생물;톳;Sargassum;fusiforme;남해서부;대한민국;전라남도;여수시;삼산면;거문도;서도,127.308014,대한민국,톳,Sargassum fusiforme,34.018715,"대한민국 전라남도 여수시 삼산면 거문도, 서도",2017-10-01,Sargassum fusiforme,남해서부
국립해양생물자원관_해양생물 채집 공간정보,https://www.data.go.kr/data/15151832/openapi.do,2016-08-25,marine_life,도화볼락,Teleostei > Scorpaeniformes > Sebastidae > Sebastes > Sebastes joyneri,대한민국 경상북도 포항시,대한민국; 동해남부; 대한민국 경상북도 포항시,36.094219,129.486557,도화볼락은(는) 동해남부에서 관찰·채집된 해양생물 소재로 사용할 수 있다.,해양생물 캐릭터와 바다 탐험 동화 소재,"생물의 이름, 서식 해역, 분류를 활용한 관찰 질문과 퀴즈",5-7;8-10,해양생물;도화볼락;Sebastes;joyneri;Teleostei;>;Scorpaeniformes;Sebastidae;동해남부;대한민국;경상북도;포항시,129.486557,대한민국,도화볼락,Teleostei > Scorpaeniformes > Sebastidae > Sebastes > Sebastes joyneri,36.094219,대한민국 경상북도 포항시,2016-08-25,Sebastes joyneri,동해남부
국립해양생물자원관_해양생물 채집 공간정보,https://www.data.go.kr/data/15151832/openapi.do,2015-11-06,marine_life,염주말,Ulvophyceae > Cladophorales > Cladophoraceae > Chaetomorpha > Chaetomorpha moniligera,대한민국 경상북도 포항시 북구 흥해읍,대한민국; 동해남부; 대한민국 경상북도 포항시 북구 흥해읍,36.160778,129.397644,염주말은(는) 동해남부에서 관찰·채집된 해양생물 소재로 사용할 수 있다.,해양생물 캐릭터와 바다 탐험 동화 소재,"생물의 이름, 서식 해역, 분류를 활용한 관찰 질문과 퀴즈",5-7;8-10,해양생물;염주말;Chaetomorpha;moniligera;Ulvophyceae;>;Cladophorales;Cladophoraceae;동해남부;대한민국;경상북도;포항시,129.397644,대한민국,염주말,Ulvophyceae > Cladophorales > Cladophoraceae > Chaetomorpha > Chaetomorpha moniligera,36.160778,대한민국 경상북도 포항시 북구 흥해읍,2015-11-06,Chaetomorpha moniligera,동해남부
국립해양생물자원관_해양생물 채집 공간정보,https://www.data.go.kr/data/15151832/openapi.do,2014-01-03,marine_life,연두털말,Phaeophyceae > Ectocarpales > Chordariaceae > Papenfussiella > Papenfussiella kuromo,대한민국 부산광역시 기장군 기장읍 연화리,대한민국; 동해남부; 대한민국 부산광역시 기장군 기장읍 연화리,35.215683,129.225067,연두털말은(는) 동해남부에서 관찰·채집된 해양생물 소재로 사용할 수 있다.,해양생물 캐릭터와 바다 탐험 동화 소재,"생물의 이름, 서식 해역, 분류를 활용한 관찰 질문과 퀴즈",5-7;8-10,해양생물;연두털말;Papenfussiella;kuromo;Phaeophyceae;>;Ectocarpales;Chordariaceae;동해남부;대한민국;부산광역시;기장군,129.225067,대한민국,연두털말,Phaeophyceae > Ectocarpales > Chordariaceae > Papenfussiella > Papenfussiella kuromo,35.215683,대한민국 부산광역시 기장군 기장읍 연화리,2014-01-03,Papenfussiella kuromo,동해남부
국립해양생물자원관_해양생물 채집 공간정보,https://www.data.go.kr/data/15151832/openapi.do,2010-05-10,marine_life,Bacillus altitudinis,Caryophanales > Bacillaceae > Bacillus > Bacillus altitudinis,대한민국 서해,대한민국; 서해; 대한민국 서해,37.174725,126.631393,Bacillus altitudinis은(는) 서해에서 관찰·채집된 해양생물 소재로 사용할 수 있다.,해양생물 캐릭터와 바다 탐험 동화 소재,"생물의 이름, 서식 해역, 분류를 활용한 관찰 질문과 퀴즈",5-7;8-10,해양생물;Bacillus;altitudinis;Caryophanales;>;Bacillaceae;서해;대한민국,126.631393,대한민국,,Caryophanales > Bacillaceae > Bacillus > Bacillus altitudinis,37.174725,대한민국 서해,2010-05-10,Bacillus altitudinis,서해
국립해양생물자원관_해양생물 채집 공간정보,https://www.data.go.kr/data/15151832/openapi.do,2012-01-24,marine_life,바위주름,Phaeophyceae > Ectocarpales > Petrospongiaceae > Petrospongium > Petrospongium rugosum,대한민국 경상남도 남해군 서면 노구리,대한민국; 남해동부; 대한민국 경상남도 남해군 서면 노구리,34.857830,127.805435,바위주름은(는) 남해동부에서 관찰·채집된 해양생물 소재로 사용할 수 있다.,해양생물 캐릭터와 바다 탐험 동화 소재,"생물의 이름, 서식 해역, 분류를 활용한 관찰 질문과 퀴즈",5-7;8-10,해양생물;바위주름;Petrospongium;rugosum;Phaeophyceae;>;Ectocarpales;Petrospongiaceae;남해동부;대한민국;경상남도;남해군,127.805435,대한민국,바위주름,Phaeophyceae > Ectocarpales > Petrospongiaceae > Petrospongium > Petrospongium rugosum,34.857830,대한민국 경상남도 남해군 서면 노구리,2012-01-24,Petrospongium rugosum,남해동부
국립해양생물자원관_해양생물 채집 공간정보,https://www.data.go.kr/data/15151832/openapi.do,2016-04-23,marine_life,바위주름,Phaeophyceae > Ectocarpales > Petrospongiaceae > Petrospongium > Petrospongium rugosum,대한민국 부산광역시 해운대구 송정동 구덕포,대한민국; 동해남부; 대한민국 부산광역시 해운대구 송정동 구덕포,35.175198,129.197754,바위주름은(는) 동해남부에서 관찰·채집된 해양생물 소재로 사용할 수 있다.,해양생물 캐릭터와 바다 탐험 동화 소재,"생물의 이름, 서식 해역, 분류를 활용한 관찰 질문과 퀴즈",5-7;8-10,해양생물;바위주름;Petrospongium;rugosum;Phaeophyceae;>;Ectocarpales;Petrospongiaceae;동해남부;대한민국;부산광역시;해운대구,129.197754,대한민국,바위주름,Phaeophyceae > Ectocarpales > Petrospongiaceae > Petrospongium > Petrospongium rugosum,35.175198,대한민국 부산광역시 해운대구 송정동 구덕포,2016-04-23,Petrospongium rugosum,동해남부
국립해양생물자원관_해양생물 채집 공간정보,https://www.data.go.kr/data/15151832/openapi.do,2018-05-01,marine_life,가지바다오디,Phaeophyceae > Ectocarpales > Chordariaceae > Botrytella > Botrytella reinboldii,대한민국 강원도 강릉시 강동면 안인진항,대한민국; 동해중부; 대한민국 강원도 강릉시 강동면 안인진항,37.737724,128.988770,가지바다오디은(는) 동해중부에서 관찰·채집된 해양생물 소재로 사용할 수 있다.,해양생물 캐릭터와 바다 탐험 동화 소재,"생물의 이름, 서식 해역, 분류를 활용한 관찰 질문과 퀴즈",5-7;8-10,해양생물;가지바다오디;Botrytella;reinboldii;Phaeophyceae;>;Ectocarpales;Chordariaceae;동해중부;대한민국;강원도;강릉시,128.988770,대한민국,가지바다오디,Phaeophyceae > Ectocarpales > Chordariaceae > Botrytella > Botrytella reinboldii,37.737724,대한민국 강원도 강릉시 강동면 안인진항,2018-05-01,Botrytella reinboldii,동해중부
국립해양생물자원관_해양생물 채집 공간정보,https://www.data.go.kr/data/15151832/openapi.do,2010-05-10,marine_life,Rossellomorea marisflavi,Rossellomorea marisflavi,대한민국 서해,대한민국; 서해; 대한민국 서해,37.174725,126.631393,Rossellomorea marisflavi은(는) 서해에서 관찰·채집된 해양생물 소재로 사용할 수 있다.,해양생물 캐릭터와 바다 탐험 동화 소재,"생물의 이름, 서식 해역, 분류를 활용한 관찰 질문과 퀴즈",5-7;8-10,해양생물;Rossellomorea;marisflavi;서해;대한민국,126.631393,대한민국,,Rossellomorea marisflavi,37.174725,대한민국 서해,2010-05-10,Rossellomorea marisflavi,서해
국립해양생물자원관_해양생물 채집 공간정보,https://www.data.go.kr/data/15151832/openapi.do,2010-05-10,marine_life,Staphylococcus sciuri,Staphylococcus sciuri,대한민국 서해,대한민국; 서해; 대한민국 서해,37.174725,126.631393,Staphylococcus sciuri은(는) 서해에서 관찰·채집된 해양생물 소재로 사용할 수 있다.,해양생물 캐릭터와 바다 탐험 동화 소재,"생물의 이름, 서식 해역, 분류를 활용한 관찰 질문과 퀴즈",5-7;8-10,해양생물;Staphylococcus;sciuri;서해;대한민국,126.631393,대한민국,,Staphylococcus sciuri,37.174725,대한민국 서해,2010-05-10,Staphylococcus sciuri,서해
국립해양생물자원관_해양생물 채집 공간정보,https://www.data.go.kr/data/15151832/openapi.do,2010-08-01,marine_life,Amaeana occidentalis,Terebellidae > Amaeana > Amaeana occidentalis,대한민국 부산광역시,대한민국; 남해동부; 대한민국 부산광역시,35.136715,129.172668,Amaeana occidentalis은(는) 남해동부에서 관찰·채집된 해양생물 소재로 사용할 수 있다.,해양생물 캐릭터와 바다 탐험 동화 소재,"생물의 이름, 서식 해역, 분류를 활용한 관찰 질문과 퀴즈",5-7;8-10,해양생물;Amaeana;occidentalis;Terebellidae;>;남해동부;대한민국;부산광역시,129.172668,대한민국,,Terebellidae > Amaeana > Amaeana occidentalis,35.136715,대한민국 부산광역시,2010-08-01,Amaeana occidentalis,남해동부
국립해양생물자원관_해양생물 채집 공간정보,https://www.data.go.kr/data/15151832/openapi.do,2004-09-30,marine_life,Vibrio chagasii,Vibrionales > Vibrionaceae > Vibrio > Vibrio chagasii,대한민국 부산광역시,대한민국; 남해동부; 대한민국 부산광역시,34.886112,128.952225,Vibrio chagasii은(는) 남해동부에서 관찰·채집된 해양생물 소재로 사용할 수 있다.,해양생물 캐릭터와 바다 탐험 동화 소재,"생물의 이름, 서식 해역, 분류를 활용한 관찰 질문과 퀴즈",5-7;8-10,해양생물;Vibrio;chagasii;Vibrionales;>;Vibrionaceae;남해동부;대한민국;부산광역시,128.952225,대한민국,,Vibrionales > Vibrionaceae > Vibrio > Vibrio chagasii,34.886112,대한민국 부산광역시,2004-09-30,Vibrio chagasii,남해동부
국립해양생물자원관_해양생물 채집 공간정보,https://www.data.go.kr/data/15151832/openapi.do,2016-06-27,marine_life,Blastococcus massiliensis,Geodermatophilales > Geodermatophilaceae > Blastococcus > Blastococcus massiliensis,대한민국 동해,대한민국; 동해중부; 대한민국 동해,37.070553,129.416672,Blastococcus massiliensis은(는) 동해중부에서 관찰·채집된 해양생물 소재로 사용할 수 있다.,해양생물 캐릭터와 바다 탐험 동화 소재,"생물의 이름, 서식 해역, 분류를 활용한 관찰 질문과 퀴즈",5-7;8-10,해양생물;Blastococcus;massiliensis;Geodermatophilales;>;Geodermatophilaceae;동해중부;대한민국;동해,129.416672,대한민국,,Geodermatophilales > Geodermatophilaceae > Blastococcus > Blastococcus massiliensis,37.070553,대한민국 동해,2016-06-27,Blastococcus massiliensis,동해중부
국립해양생물자원관_해양생물 채집 공간정보,https://www.data.go.kr/data/15151832/openapi.do,2016-06-27,marine_life,Alcanivorax venustensis,Pseudomonadota > Gammaproteobacteria > Oceanospirillales > Alcanivoracaceae > Alcanivorax > Alcanivorax venustensis,대한민국 동해,대한민국; 동해중부; 대한민국 동해,37.070553,129.416672,Alcanivorax venustensis은(는) 동해중부에서 관찰·채집된 해양생물 소재로 사용할 수 있다.,해양생물 캐릭터와 바다 탐험 동화 소재,"생물의 이름, 서식 해역, 분류를 활용한 관찰 질문과 퀴즈",5-7;8-10,해양생물;Alcanivorax;venustensis;Pseudomonadota;>;Gammaproteobacteria;Oceanospirillales;Alcanivoracaceae;동해중부;대한민국;동해,129.416672,대한민국,,Pseudomonadota > Gammaproteobacteria > Oceanospirillales > Alcanivoracaceae > Alcanivorax > Alcanivorax venustensis,37.070553,대한민국 동해,2016-06-27,Alcanivorax venustensis,동해중부
국립해양생물자원관_해양생물 채집 공간정보,https://www.data.go.kr/data/15151832/openapi.do,2017-09-28,marine_life,Halomonas aestuarii,Pseudomonadota > Gammaproteobacteria > Oceanospirillales > Halomonadaceae > Halomonas > Halomonas aestuarii,대한민국 남해,대한민국; 남해서부; 대한민국 남해,34.886669,127.766945,Halomonas aestuarii은(는) 남해서부에서 관찰·채집된 해양생물 소재로 사용할 수 있다.,해양생물 캐릭터와 바다 탐험 동화 소재,"생물의 이름, 서식 해역, 분류를 활용한 관찰 질문과 퀴즈",5-7;8-10,해양생물;Halomonas;aestuarii;Pseudomonadota;>;Gammaproteobacteria;Oceanospirillales;Halomonadaceae;남해서부;대한민국;남해,127.766945,대한민국,,Pseudomonadota > Gammaproteobacteria > Oceanospirillales > Halomonadaceae > Halomonas > Halomonas aestuarii,34.886669,대한민국 남해,2017-09-28,Halomonas aestuarii,남해서부
국립해양생물자원관_해양생물 채집 공간정보,https://www.data.go.kr/data/15151832/openapi.do,2004-09-30,marine_life,Psychrobacter piscatorii,Psychrobacter piscatorii,대한민국 부산광역시,대한민국; 남해동부; 대한민국 부산광역시,34.886112,128.952225,Psychrobacter piscatorii은(는) 남해동부에서 관찰·채집된 해양생물 소재로 사용할 수 있다.,해양생물 캐릭터와 바다 탐험 동화 소재,"생물의 이름, 서식 해역, 분류를 활용한 관찰 질문과 퀴즈",5-7;8-10,해양생물;Psychrobacter;piscatorii;남해동부;대한민국;부산광역시,128.952225,대한민국,,Psychrobacter piscatorii,34.886112,대한민국 부산광역시,2004-09-30,Psychrobacter piscatorii,남해동부
국립해양생물자원관_해양생물 채집 공간정보,https://www.data.go.kr/data/15151832/openapi.do,2012-07-22,marine_life,가시투성바다대벌레,Malacostraca > Amphipoda > Caprellidae > Caprella > Caprella acanthogaster,대한민국 전라남도 순천시 별량면 마산리,대한민국; 남해서부; 대한민국 전라남도 순천시 별량면 마산리,34.840843,127.458778,가시투성바다대벌레은(는) 남해서부에서 관찰·채집된 해양생물 소재로 사용할 수 있다.,해양생물 캐릭터와 바다 탐험 동화 소재,"생물의 이름, 서식 해역, 분류를 활용한 관찰 질문과 퀴즈",5-7;8-10,해양생물;가시투성바다대벌레;Caprella;acanthogaster;Malacostraca;>;Amphipoda;Caprellidae;남해서부;대한민국;전라남도;순천시,127.458778,대한민국,가시투성바다대벌레,Malacostraca > Amphipoda > Caprellidae > Caprella > Caprella acanthogaster,34.840843,대한민국 전라남도 순천시 별량면 마산리,2012-07-22,Caprella acanthogaster,남해서부
국립해양생물자원관_해양생물 채집 공간정보,https://www.data.go.kr/data/15151832/openapi.do,2010-05-10,marine_life,Vibrio azureus,Vibrionales > Vibrionaceae > Vibrio > Vibrio azureus,대한민국 서해,대한민국; 서해; 대한민국 서해,37.174725,126.631393,Vibrio azureus은(는) 서해에서 관찰·채집된 해양생물 소재로 사용할 수 있다.,해양생물 캐릭터와 바다 탐험 동화 소재,"생물의 이름, 서식 해역, 분류를 활용한 관찰 질문과 퀴즈",5-7;8-10,해양생물;Vibrio;azureus;Vibrionales;>;Vibrionaceae;서해;대한민국,126.631393,대한민국,,Vibrionales > Vibrionaceae > Vibrio > Vibrio azureus,37.174725,대한민국 서해,2010-05-10,Vibrio azureus,서해
국립해양생물자원관_해양생물 채집 공간정보,https://www.data.go.kr/data/15151832/openapi.do,2010-05-10,marine_life,Staphylococcus capitis subsp. capitis,Staphylococcus capitis subsp. capitis,대한민국 서해,대한민국; 서해; 대한민국 서해,37.174725,126.631393,Staphylococcus capitis subsp. capitis은(는) 서해에서 관찰·채집된 해양생물 소재로 사용할 수 있다.,해양생물 캐릭터와 바다 탐험 동화 소재,"생물의 이름, 서식 해역, 분류를 활용한 관찰 질문과 퀴즈",5-7;8-10,해양생물;Staphylococcus;capitis;subsp.;서해;대한민국,126.631393,대한민국,,Staphylococcus capitis subsp. capitis,37.174725,대한민국 서해,2010-05-10,Staphylococcus capitis subsp. capitis,서해
국립해양생물자원관_해양생물 채집 공간정보,https://www.data.go.kr/data/15151832/openapi.do,2010-05-10,marine_life,Metabacillus halosaccharovorans,Metabacillus halosaccharovorans,대한민국 서해,대한민국; 서해; 대한민국 서해,37.174725,126.631393,Metabacillus halosaccharovorans은(는) 서해에서 관찰·채집된 해양생물 소재로 사용할 수 있다.,해양생물 캐릭터와 바다 탐험 동화 소재,"생물의 이름, 서식 해역, 분류를 활용한 관찰 질문과 퀴즈",5-7;8-10,해양생물;Metabacillus;halosaccharovorans;서해;대한민국,126.631393,대한민국,,Metabacillus halosaccharovorans,37.174725,대한민국 서해,2010-05-10,Metabacillus halosaccharovorans,서해
국립해양생물자원관_해양생물 채집 공간정보,https://www.data.go.kr/data/15151832/openapi.do,2010-05-10,marine_life,Bacillus siamensis,Caryophanales > Bacillaceae > Bacillus > Bacillus siamensis,대한민국 서해,대한민국; 서해; 대한민국 서해,37.174725,126.631393,Bacillus siamensis은(는) 서해에서 관찰·채집된 해양생물 소재로 사용할 수 있다.,해양생물 캐릭터와 바다 탐험 동화 소재,"생물의 이름, 서식 해역, 분류를 활용한 관찰 질문과 퀴즈",5-7;8-10,해양생물;Bacillus;siamensis;Caryophanales;>;Bacillaceae;서해;대한민국,126.631393,대한민국,,Caryophanales > Bacillaceae > Bacillus > Bacillus siamensis,37.174725,대한민국 서해,2010-05-10,Bacillus siamensis,서해
국립해양생물자원관_해양생물 채집 공간정보,https://www.data.go.kr/data/15151832/openapi.do,2010-05-10,marine_life,Paracoccus marcusii,Rhodobacterales > Paracoccaceae > Paracoccus > Paracoccus marcusii,대한민국 서해,대한민국; 서해; 대한민국 서해,37.174725,126.631393,Paracoccus marcusii은(는) 서해에서 관찰·채집된 해양생물 소재로 사용할 수 있다.,해양생물 캐릭터와 바다 탐험 동화 소재,"생물의 이름, 서식 해역, 분류를 활용한 관찰 질문과 퀴즈",5-7;8-10,해양생물;Paracoccus;marcusii;Rhodobacterales;>;Paracoccaceae;서해;대한민국,126.631393,대한민국,,Rhodobacterales > Paracoccaceae > Paracoccus > Paracoccus marcusii,37.174725,대한민국 서해,2010-05-10,Paracoccus marcusii,서해
국립해양생물자원관_해양생물 채집 공간정보,https://www.data.go.kr/data/15151832/openapi.do,2004-09-30,marine_life,Ruegeria atlantica,Ruegeria atlantica,대한민국 부산광역시,대한민국; 남해동부; 대한민국 부산광역시,34.886112,128.952225,Ruegeria atlantica은(는) 남해동부에서 관찰·채집된 해양생물 소재로 사용할 수 있다.,해양생물 캐릭터와 바다 탐험 동화 소재,"생물의 이름, 서식 해역, 분류를 활용한 관찰 질문과 퀴즈",5-7;8-10,해양생물;Ruegeria;atlantica;남해동부;대한민국;부산광역시,128.952225,대한민국,,Ruegeria atlantica,34.886112,대한민국 부산광역시,2004-09-30,Ruegeria atlantica,남해동부
국립해양생물자원관_해양생물 채집 공간정보,https://www.data.go.kr/data/15151832/openapi.do,2017-04-22,marine_life,계단꼭지청자고둥,Neogastropoda > Conidae > Conus > Conus lischkeanus,대한민국 제주특별자치도 서귀포시 서귀동 문섬 site3 diving,대한민국; 남해서부; 대한민국 제주특별자치도 서귀포시 서귀동 문섬 site3 diving,33.227169,126.567924,계단꼭지청자고둥은(는) 남해서부에서 관찰·채집된 해양생물 소재로 사용할 수 있다.,해양생물 캐릭터와 바다 탐험 동화 소재,"생물의 이름, 서식 해역, 분류를 활용한 관찰 질문과 퀴즈",5-7;8-10,해양생물;계단꼭지청자고둥;Conus;lischkeanus;Neogastropoda;>;Conidae;남해서부;대한민국;제주특별자치도;서귀포시;서귀동,126.567924,대한민국,계단꼭지청자고둥,Neogastropoda > Conidae > Conus > Conus lischkeanus,33.227169,대한민국 제주특별자치도 서귀포시 서귀동 문섬 site3 diving,2017-04-22,Conus lischkeanus,남해서부
국립해양생물자원관_해양생물 채집 공간정보,https://www.data.go.kr/data/15151832/openapi.do,2004-09-30,marine_life,Dietzia kunjamensis subsp. kunjamensis,Mycobacteriales > Dietziaceae > Dietzia > Dietzia kunjamensis subsp. kunjamensis,대한민국 부산광역시,대한민국; 남해동부; 대한민국 부산광역시,34.886112,128.952225,Dietzia kunjamensis subsp. kunjamensis은(는) 남해동부에서 관찰·채집된 해양생물 소재로 사용할 수 있다.,해양생물 캐릭터와 바다 탐험 동화 소재,"생물의 이름, 서식 해역, 분류를 활용한 관찰 질문과 퀴즈",5-7;8-10,해양생물;Dietzia;kunjamensis;subsp.;Mycobacteriales;>;Dietziaceae;남해동부;대한민국;부산광역시,128.952225,대한민국,,Mycobacteriales > Dietziaceae > Dietzia > Dietzia kunjamensis subsp. kunjamensis,34.886112,대한민국 부산광역시,2004-09-30,Dietzia kunjamensis subsp. kunjamensis,남해동부
국립해양생물자원관_해양생물 채집 공간정보,https://www.data.go.kr/data/15151832/openapi.do,2011-08-28,marine_life,두깃장방노벌레,Copepoda > Calanoida > Candaciidae > Candacia > Candacia bipinnata,대한민국 경상북도 경주시,대한민국; 동해남부; 대한민국 경상북도 경주시,35.726879,129.603989,두깃장방노벌레은(는) 동해남부에서 관찰·채집된 해양생물 소재로 사용할 수 있다.,해양생물 캐릭터와 바다 탐험 동화 소재,"생물의 이름, 서식 해역, 분류를 활용한 관찰 질문과 퀴즈",5-7;8-10,해양생물;두깃장방노벌레;Candacia;bipinnata;Copepoda;>;Calanoida;Candaciidae;동해남부;대한민국;경상북도;경주시,129.603989,대한민국,두깃장방노벌레,Copepoda > Calanoida > Candaciidae > Candacia > Candacia bipinnata,35.726879,대한민국 경상북도 경주시,2011-08-28,Candacia bipinnata,동해남부
국립해양생물자원관_해양생물 채집 공간정보,https://www.data.go.kr/data/15151832/openapi.do,2011-08-28,marine_life,두깃장방노벌레,Copepoda > Calanoida > Candaciidae > Candacia > Candacia bipinnata,대한민국 부산광역시,대한민국; 동해남부; 대한민국 부산광역시,35.159424,129.222061,두깃장방노벌레은(는) 동해남부에서 관찰·채집된 해양생물 소재로 사용할 수 있다.,해양생물 캐릭터와 바다 탐험 동화 소재,"생물의 이름, 서식 해역, 분류를 활용한 관찰 질문과 퀴즈",5-7;8-10,해양생물;두깃장방노벌레;Candacia;bipinnata;Copepoda;>;Calanoida;Candaciidae;동해남부;대한민국;부산광역시,129.222061,대한민국,두깃장방노벌레,Copepoda > Calanoida > Candaciidae > Candacia > Candacia bipinnata,35.159424,대한민국 부산광역시,2011-08-28,Candacia bipinnata,동해남부
국립해양생물자원관_해양생물 채집 공간정보,https://www.data.go.kr/data/15151832/openapi.do,2021-06-22,marine_life,마디이끼벌레,Gymnolaemata > Cheilostomatida > Cellariidae > Cellaria > Cellaria punctata,대한민국 전라남도 신안군 흑산면 가거도 녹섬,대한민국; 서해; 대한민국 전라남도 신안군 흑산면 가거도 녹섬,34.046944,125.122704,마디이끼벌레은(는) 서해에서 관찰·채집된 해양생물 소재로 사용할 수 있다.,해양생물 캐릭터와 바다 탐험 동화 소재,"생물의 이름, 서식 해역, 분류를 활용한 관찰 질문과 퀴즈",5-7;8-10,해양생물;마디이끼벌레;Cellaria;punctata;Gymnolaemata;>;Cheilostomatida;Cellariidae;서해;대한민국;전라남도;신안군,125.122704,대한민국,마디이끼벌레,Gymnolaemata > Cheilostomatida > Cellariidae > Cellaria > Cellaria punctata,34.046944,대한민국 전라남도 신안군 흑산면 가거도 녹섬,2021-06-22,Cellaria punctata,서해
국립해양생물자원관_해양생물 채집 공간정보,https://www.data.go.kr/data/15151832/openapi.do,2020-08-03,marine_life,Amphistegina radiata,Rotaliida > Amphisteginidae > Amphistegina > Amphistegina radiata,대한민국 제주특별자치도 서귀포시 섶섬,대한민국; 남해서부; 대한민국 제주특별자치도 서귀포시 섶섬,33.236694,126.588707,Amphistegina radiata은(는) 남해서부에서 관찰·채집된 해양생물 소재로 사용할 수 있다.,해양생물 캐릭터와 바다 탐험 동화 소재,"생물의 이름, 서식 해역, 분류를 활용한 관찰 질문과 퀴즈",5-7;8-10,해양생물;Amphistegina;radiata;Rotaliida;>;Amphisteginidae;남해서부;대한민국;제주특별자치도;서귀포시;섶섬,126.588707,대한민국,,Rotaliida > Amphisteginidae > Amphistegina > Amphistegina radiata,33.236694,대한민국 제주특별자치도 서귀포시 섶섬,2020-08-03,Amphistegina radiata,남해서부
국립해양생물자원관_해양생물 채집 공간정보,https://www.data.go.kr/data/15151832/openapi.do,2016-04-30,marine_life,Pegidia dubia,Rotaliida > Pegidiidae > Pegidia > Pegidia dubia,대한민국 제주특별자치도 제주시 구좌읍,대한민국; 남해서부; 대한민국 제주특별자치도 제주시 구좌읍,33.574017,126.735031,Pegidia dubia은(는) 남해서부에서 관찰·채집된 해양생물 소재로 사용할 수 있다.,해양생물 캐릭터와 바다 탐험 동화 소재,"생물의 이름, 서식 해역, 분류를 활용한 관찰 질문과 퀴즈",5-7;8-10,해양생물;Pegidia;dubia;Rotaliida;>;Pegidiidae;남해서부;대한민국;제주특별자치도;제주시;구좌읍,126.735031,대한민국,,Rotaliida > Pegidiidae > Pegidia > Pegidia dubia,33.574017,대한민국 제주특별자치도 제주시 구좌읍,2016-04-30,Pegidia dubia,남해서부
국립해양생물자원관_해양생물 채집 공간정보,https://www.data.go.kr/data/15151832/openapi.do,2021-05-11,marine_life,젓새우,Sergestoidea > Sergestidae > Acetes > Acetes japonicus,대한민국 충청남도 태안군 남면 마검포항,대한민국; 서해; 대한민국 충청남도 태안군 남면 마검포항,36.623795,126.285583,젓새우은(는) 서해에서 관찰·채집된 해양생물 소재로 사용할 수 있다.,해양생물 캐릭터와 바다 탐험 동화 소재,"생물의 이름, 서식 해역, 분류를 활용한 관찰 질문과 퀴즈",5-7;8-10,해양생물;젓새우;Acetes;japonicus;Sergestoidea;>;Sergestidae;서해;대한민국;충청남도;태안군;남면,126.285583,대한민국,젓새우,Sergestoidea > Sergestidae > Acetes > Acetes japonicus,36.623795,대한민국 충청남도 태안군 남면 마검포항,2021-05-11,Acetes japonicus,서해
국립해양생물자원관_해양생물 채집 공간정보,https://www.data.go.kr/data/15151832/openapi.do,2021-03-02,marine_life,옆길게,Tritodynamiinae > Tritodynamia > Tritodynamia rathbuni,대한민국 충청남도 보령시 웅천읍 독산해수욕장,대한민국; 서해; 대한민국 충청남도 보령시 웅천읍 독산해수욕장,36.221111,126.527000,옆길게은(는) 서해에서 관찰·채집된 해양생물 소재로 사용할 수 있다.,해양생물 캐릭터와 바다 탐험 동화 소재,"생물의 이름, 서식 해역, 분류를 활용한 관찰 질문과 퀴즈",5-7;8-10,해양생물;옆길게;Tritodynamia;rathbuni;Tritodynamiinae;>;서해;대한민국;충청남도;보령시;웅천읍;독산해수욕장,126.527000,대한민국,옆길게,Tritodynamiinae > Tritodynamia > Tritodynamia rathbuni,36.221111,대한민국 충청남도 보령시 웅천읍 독산해수욕장,2021-03-02,Tritodynamia rathbuni,서해
국립해양생물자원관_해양생물 채집 공간정보,https://www.data.go.kr/data/15151832/openapi.do,2021-03-16,marine_life,칠게,Pleocyemata > Brachyura > Ocypodoidea > Macrophthalmidae > Macrophthalminae > Macrophthalmus > Mareotis > Macrophthalmus (Mareotis) japonicus,대한민국 전라북도 부안군 진서면,대한민국; 서해; 대한민국 전라북도 부안군 진서면,35.586128,126.545944,칠게은(는) 서해에서 관찰·채집된 해양생물 소재로 사용할 수 있다.,해양생물 캐릭터와 바다 탐험 동화 소재,"생물의 이름, 서식 해역, 분류를 활용한 관찰 질문과 퀴즈",5-7;8-10,해양생물;칠게;Macrophthalmus;(Mareotis);japonicus;Pleocyemata;>;Brachyura;Ocypodoidea;Macrophthalmidae;Macrophthalminae;Mareotis,126.545944,대한민국,칠게,Pleocyemata > Brachyura > Ocypodoidea > Macrophthalmidae > Macrophthalminae > Macrophthalmus > Mareotis > Macrophthalmus (Mareotis) japonicus,35.586128,대한민국 전라북도 부안군 진서면,2021-03-16,Macrophthalmus (Mareotis) japonicus,서해
국립해양생물자원관_해양생물 채집 공간정보,https://www.data.go.kr/data/15151832/openapi.do,2016-06-27,marine_life,Pseudalkalibacillus berkeleyi,Pseudalkalibacillus berkeleyi,대한민국 동해,대한민국; 동해중부; 대한민국 동해,37.070553,129.416672,Pseudalkalibacillus berkeleyi은(는) 동해중부에서 관찰·채집된 해양생물 소재로 사용할 수 있다.,해양생물 캐릭터와 바다 탐험 동화 소재,"생물의 이름, 서식 해역, 분류를 활용한 관찰 질문과 퀴즈",5-7;8-10,해양생물;Pseudalkalibacillus;berkeleyi;동해중부;대한민국;동해,129.416672,대한민국,,Pseudalkalibacillus berkeleyi,37.070553,대한민국 동해,2016-06-27,Pseudalkalibacillus berkeleyi,동해중부
국립해양생물자원관_해양생물 채집 공간정보,https://www.data.go.kr/data/15151832/openapi.do,2016-06-27,marine_life,Pseudalkalibacillus berkeleyi,Pseudalkalibacillus berkeleyi,대한민국 동해,대한민국; 동해중부; 대한민국 동해,37.070553,129.416672,Pseudalkalibacillus berkeleyi은(는) 동해중부에서 관찰·채집된 해양생물 소재로 사용할 수 있다.,해양생물 캐릭터와 바다 탐험 동화 소재,"생물의 이름, 서식 해역, 분류를 활용한 관찰 질문과 퀴즈",5-7;8-10,해양생물;Pseudalkalibacillus;berkeleyi;동해중부;대한민국;동해,129.416672,대한민국,,Pseudalkalibacillus berkeleyi,37.070553,대한민국 동해,2016-06-27,Pseudalkalibacillus berkeleyi,동해중부
국립해양생물자원관_해양생물 채집 공간정보,https://www.data.go.kr/data/15151832/openapi.do,2017-10-27,marine_life,Alteromonas macleodii,Pseudomonadota > Gammaproteobacteria > Alteromonadales > Alteromonadaceae > Alteromonas > Alteromonas macleodii,대한민국 제주근해,대한민국; 남해서부; 대한민국 제주근해,33.559998,126.795830,Alteromonas macleodii은(는) 남해서부에서 관찰·채집된 해양생물 소재로 사용할 수 있다.,해양생물 캐릭터와 바다 탐험 동화 소재,"생물의 이름, 서식 해역, 분류를 활용한 관찰 질문과 퀴즈",5-7;8-10,해양생물;Alteromonas;macleodii;Pseudomonadota;>;Gammaproteobacteria;Alteromonadales;Alteromonadaceae;남해서부;대한민국;제주근해,126.795830,대한민국,,Pseudomonadota > Gammaproteobacteria > Alteromonadales > Alteromonadaceae > Alteromonas > Alteromonas macleodii,33.559998,대한민국 제주근해,2017-10-27,Alteromonas macleodii,남해서부
국립해양생물자원관_해양생물 채집 공간정보,https://www.data.go.kr/data/15151832/openapi.do,2014-01-03,marine_life,반지털,Phaeophyceae > Ectocarpales > Chordariaceae > Halothrix > Halothrix lumbricalis,대한민국 부산광역시 기장군 기장읍 연화리,대한민국; 동해남부; 대한민국 부산광역시 기장군 기장읍 연화리,35.215683,129.225067,반지털은(는) 동해남부에서 관찰·채집된 해양생물 소재로 사용할 수 있다.,해양생물 캐릭터와 바다 탐험 동화 소재,"생물의 이름, 서식 해역, 분류를 활용한 관찰 질문과 퀴즈",5-7;8-10,해양생물;반지털;Halothrix;lumbricalis;Phaeophyceae;>;Ectocarpales;Chordariaceae;동해남부;대한민국;부산광역시;기장군,129.225067,대한민국,반지털,Phaeophyceae > Ectocarpales > Chordariaceae > Halothrix > Halothrix lumbricalis,35.215683,대한민국 부산광역시 기장군 기장읍 연화리,2014-01-03,Halothrix lumbricalis,동해남부
국립해양생물자원관_해양생물 채집 공간정보,https://www.data.go.kr/data/15151832/openapi.do,2014-06-27,marine_life,바위두둑,Phaeophyceae > Ectocarpales > Chordariaceae > Leathesia > Leathesia marina,대한민국 제주특별자치도 제주시 추자면 추자항,대한민국; 남해서부; 대한민국 제주특별자치도 제주시 추자면 추자항,33.962414,126.296425,바위두둑은(는) 남해서부에서 관찰·채집된 해양생물 소재로 사용할 수 있다.,해양생물 캐릭터와 바다 탐험 동화 소재,"생물의 이름, 서식 해역, 분류를 활용한 관찰 질문과 퀴즈",5-7;8-10,해양생물;바위두둑;Leathesia;marina;Phaeophyceae;>;Ectocarpales;Chordariaceae;남해서부;대한민국;제주특별자치도;제주시,126.296425,대한민국,바위두둑,Phaeophyceae > Ectocarpales > Chordariaceae > Leathesia > Leathesia marina,33.962414,대한민국 제주특별자치도 제주시 추자면 추자항,2014-06-27,Leathesia marina,남해서부
국립해양생물자원관_해양생물 채집 공간정보,https://www.data.go.kr/data/15151832/openapi.do,2014-06-27,marine_life,바위수염,Scytosiphonaceae > Myelophycus > Myelophycus simplex,"대한민국 제주특별자치도 제주시 추자면 추자도, 예초리","대한민국; 남해서부; 대한민국 제주특별자치도 제주시 추자면 추자도, 예초리",33.956097,126.330917,바위수염은(는) 남해서부에서 관찰·채집된 해양생물 소재로 사용할 수 있다.,해양생물 캐릭터와 바다 탐험 동화 소재,"생물의 이름, 서식 해역, 분류를 활용한 관찰 질문과 퀴즈",5-7;8-10,해양생물;바위수염;Myelophycus;simplex;Scytosiphonaceae;>;남해서부;대한민국;제주특별자치도;제주시;추자면;추자도,126.330917,대한민국,바위수염,Scytosiphonaceae > Myelophycus > Myelophycus simplex,33.956097,"대한민국 제주특별자치도 제주시 추자면 추자도, 예초리",2014-06-27,Myelophycus simplex,남해서부
국립해양생물자원관_해양생물 채집 공간정보,https://www.data.go.kr/data/15151832/openapi.do,2017-10-27,marine_life,Photobacterium damselae subsp. damselae,Vibrionales > Vibrionaceae > Photobacterium > Photobacterium damselae subsp. damselae,대한민국 제주근해,대한민국; 남해서부; 대한민국 제주근해,33.559998,126.795830,Photobacterium damselae subsp. damselae은(는) 남해서부에서 관찰·채집된 해양생물 소재로 사용할 수 있다.,해양생물 캐릭터와 바다 탐험 동화 소재,"생물의 이름, 서식 해역, 분류를 활용한 관찰 질문과 퀴즈",5-7;8-10,해양생물;Photobacterium;damselae;subsp.;Vibrionales;>;Vibrionaceae;남해서부;대한민국;제주근해,126.795830,대한민국,,Vibrionales > Vibrionaceae > Photobacterium > Photobacterium damselae subsp. damselae,33.559998,대한민국 제주근해,2017-10-27,Photobacterium damselae subsp. damselae,남해서부
국립해양생물자원관_해양생물 채집 공간정보,https://www.data.go.kr/data/15151832/openapi.do,2017-10-27,marine_life,Vibrio antiquarius,Vibrionales > Vibrionaceae > Vibrio > Vibrio antiquarius,대한민국 제주근해,대한민국; 남해서부; 대한민국 제주근해,33.529167,126.872780,Vibrio antiquarius은(는) 남해서부에서 관찰·채집된 해양생물 소재로 사용할 수 있다.,해양생물 캐릭터와 바다 탐험 동화 소재,"생물의 이름, 서식 해역, 분류를 활용한 관찰 질문과 퀴즈",5-7;8-10,해양생물;Vibrio;antiquarius;Vibrionales;>;Vibrionaceae;남해서부;대한민국;제주근해,126.872780,대한민국,,Vibrionales > Vibrionaceae > Vibrio > Vibrio antiquarius,33.529167,대한민국 제주근해,2017-10-27,Vibrio antiquarius,남해서부
국립해양생물자원관_해양생물 채집 공간정보,https://www.data.go.kr/data/15151832/openapi.do,2020-10-13,marine_life,도끼배보트노벌레,Pontellidae > Pontella > Pontella securifer,대한민국 제주특별자치도 서귀포시,대한민국; 남해서부; 대한민국 제주특별자치도 서귀포시,33.234795,126.529694,도끼배보트노벌레은(는) 남해서부에서 관찰·채집된 해양생물 소재로 사용할 수 있다.,해양생물 캐릭터와 바다 탐험 동화 소재,"생물의 이름, 서식 해역, 분류를 활용한 관찰 질문과 퀴즈",5-7;8-10,해양생물;도끼배보트노벌레;Pontella;securifer;Pontellidae;>;남해서부;대한민국;제주특별자치도;서귀포시,126.529694,대한민국,도끼배보트노벌레,Pontellidae > Pontella > Pontella securifer,33.234795,대한민국 제주특별자치도 서귀포시,2020-10-13,Pontella securifer,남해서부
국립해양생물자원관_해양생물 채집 공간정보,https://www.data.go.kr/data/15151832/openapi.do,2017-09-28,marine_life,Bacillus aeolius,Caryophanales > Bacillaceae > Bacillus > Bacillus aeolius,대한민국 서해,대한민국; 서해; 대한민국 서해,35.978889,126.636940,Bacillus aeolius은(는) 서해에서 관찰·채집된 해양생물 소재로 사용할 수 있다.,해양생물 캐릭터와 바다 탐험 동화 소재,"생물의 이름, 서식 해역, 분류를 활용한 관찰 질문과 퀴즈",5-7;8-10,해양생물;Bacillus;aeolius;Caryophanales;>;Bacillaceae;서해;대한민국,126.636940,대한민국,,Caryophanales > Bacillaceae > Bacillus > Bacillus aeolius,35.978889,대한민국 서해,2017-09-28,Bacillus aeolius,서해
국립해양생물자원관_해양생물 채집 공간정보,https://www.data.go.kr/data/15151832/openapi.do,2017-09-28,marine_life,Aeribacillus pallidus,Caryophanales > Bacillaceae > Aeribacillus > Aeribacillus pallidus,대한민국 서해,대한민국; 서해; 대한민국 서해,35.978889,126.636940,Aeribacillus pallidus은(는) 서해에서 관찰·채집된 해양생물 소재로 사용할 수 있다.,해양생물 캐릭터와 바다 탐험 동화 소재,"생물의 이름, 서식 해역, 분류를 활용한 관찰 질문과 퀴즈",5-7;8-10,해양생물;Aeribacillus;pallidus;Caryophanales;>;Bacillaceae;서해;대한민국,126.636940,대한민국,,Caryophanales > Bacillaceae > Aeribacillus > Aeribacillus pallidus,35.978889,대한민국 서해,2017-09-28,Aeribacillus pallidus,서해
국립해양생물자원관_해양생물 채집 공간정보,https://www.data.go.kr/data/15151832/openapi.do,2013-03-27,marine_life,꼬인바위수염,Scytosiphonaceae > Myelophycus > Myelophycus cavus,대한민국 전라남도 진도군 의신면 금갑해수욕장,대한민국; 남해서부; 대한민국 전라남도 진도군 의신면 금갑해수욕장,34.395943,126.275421,꼬인바위수염은(는) 남해서부에서 관찰·채집된 해양생물 소재로 사용할 수 있다.,해양생물 캐릭터와 바다 탐험 동화 소재,"생물의 이름, 서식 해역, 분류를 활용한 관찰 질문과 퀴즈",5-7;8-10,해양생물;꼬인바위수염;Myelophycus;cavus;Scytosiphonaceae;>;남해서부;대한민국;전라남도;진도군;의신면;금갑해수욕장,126.275421,대한민국,꼬인바위수염,Scytosiphonaceae > Myelophycus > Myelophycus cavus,34.395943,대한민국 전라남도 진도군 의신면 금갑해수욕장,2013-03-27,Myelophycus cavus,남해서부
국립해양생물자원관_해양생물 채집 공간정보,https://www.data.go.kr/data/15151832/openapi.do,2017-09-27,marine_life,Pseudoalteromonas spongiae,Pseudomonadota > Gammaproteobacteria > Alteromonadales > Pseudoalteromonadaceae > Pseudoalteromonas > Pseudoalteromonas spongiae,대한민국 남해,대한민국; 남해동부; 대한민국 남해,34.839443,128.418610,Pseudoalteromonas spongiae은(는) 남해동부에서 관찰·채집된 해양생물 소재로 사용할 수 있다.,해양생물 캐릭터와 바다 탐험 동화 소재,"생물의 이름, 서식 해역, 분류를 활용한 관찰 질문과 퀴즈",5-7;8-10,해양생물;Pseudoalteromonas;spongiae;Pseudomonadota;>;Gammaproteobacteria;Alteromonadales;Pseudoalteromonadaceae;남해동부;대한민국;남해,128.418610,대한민국,,Pseudomonadota > Gammaproteobacteria > Alteromonadales > Pseudoalteromonadaceae > Pseudoalteromonas > Pseudoalteromonas spongiae,34.839443,대한민국 남해,2017-09-27,Pseudoalteromonas spongiae,남해동부
국립해양생물자원관_해양생물 채집 공간정보,https://www.data.go.kr/data/15151832/openapi.do,2016-05-20,marine_life,크뢰앙솜털,Phaeophyceae > Ectocarpales > Ectocarpaceae > Ectocarpus > Ectocarpus crouaniorum,"대한민국 전라남도 신안군 흑산면 홍도리,몽돌해수욕장","대한민국; 서해; 대한민국 전라남도 신안군 흑산면 홍도리,몽돌해수욕장",34.685791,125.191460,크뢰앙솜털은(는) 서해에서 관찰·채집된 해양생물 소재로 사용할 수 있다.,해양생물 캐릭터와 바다 탐험 동화 소재,"생물의 이름, 서식 해역, 분류를 활용한 관찰 질문과 퀴즈",5-7;8-10,해양생물;크뢰앙솜털;Ectocarpus;crouaniorum;Phaeophyceae;>;Ectocarpales;Ectocarpaceae;서해;대한민국;전라남도;신안군,125.191460,대한민국,크뢰앙솜털,Phaeophyceae > Ectocarpales > Ectocarpaceae > Ectocarpus > Ectocarpus crouaniorum,34.685791,"대한민국 전라남도 신안군 흑산면 홍도리,몽돌해수욕장",2016-05-20,Ectocarpus crouaniorum,서해
국립해양생물자원관_해양생물 채집 공간정보,https://www.data.go.kr/data/15151832/openapi.do,2010-05-10,marine_life,Devosia euplotis,Pseudomonadota > Alphaproteobacteria > Hyphomicrobiales > Devosiaceae > Devosia > Devosia euplotis,대한민국 서해,대한민국; 서해; 대한민국 서해,37.174725,126.631393,Devosia euplotis은(는) 서해에서 관찰·채집된 해양생물 소재로 사용할 수 있다.,해양생물 캐릭터와 바다 탐험 동화 소재,"생물의 이름, 서식 해역, 분류를 활용한 관찰 질문과 퀴즈",5-7;8-10,해양생물;Devosia;euplotis;Pseudomonadota;>;Alphaproteobacteria;Hyphomicrobiales;Devosiaceae;서해;대한민국,126.631393,대한민국,,Pseudomonadota > Alphaproteobacteria > Hyphomicrobiales > Devosiaceae > Devosia > Devosia euplotis,37.174725,대한민국 서해,2010-05-10,Devosia euplotis,서해
국립해양생물자원관_해양생물 채집 공간정보,https://www.data.go.kr/data/15151832/openapi.do,2015-07-06,marine_life,말청각,Ulvophyceae > Bryopsidales > Codiaceae > Codium > Codium subtubulosum,대한민국 제주특별자치도 서귀포시,대한민국; 남해서부; 대한민국 제주특별자치도 서귀포시,33.227776,126.565422,말청각은(는) 남해서부에서 관찰·채집된 해양생물 소재로 사용할 수 있다.,해양생물 캐릭터와 바다 탐험 동화 소재,"생물의 이름, 서식 해역, 분류를 활용한 관찰 질문과 퀴즈",5-7;8-10,해양생물;말청각;Codium;subtubulosum;Ulvophyceae;>;Bryopsidales;Codiaceae;남해서부;대한민국;제주특별자치도;서귀포시,126.565422,대한민국,말청각,Ulvophyceae > Bryopsidales > Codiaceae > Codium > Codium subtubulosum,33.227776,대한민국 제주특별자치도 서귀포시,2015-07-06,Codium subtubulosum,남해서부
국립해양생물자원관_해양생물 채집 공간정보,https://www.data.go.kr/data/15151832/openapi.do,2021-09-30,marine_life,가숭어,Teleostei > Mugiliformes > Mugilidae > Planiliza > Planiliza haematocheilus,대한민국 충청남도 서천군 비인면 비인천,대한민국; 서해; 대한민국 충청남도 서천군 비인면 비인천,36.138714,126.576233,가숭어은(는) 서해에서 관찰·채집된 해양생물 소재로 사용할 수 있다.,해양생물 캐릭터와 바다 탐험 동화 소재,"생물의 이름, 서식 해역, 분류를 활용한 관찰 질문과 퀴즈",5-7;8-10,해양생물;가숭어;Planiliza;haematocheilus;Teleostei;>;Mugiliformes;Mugilidae;서해;대한민국;충청남도;서천군,126.576233,대한민국,가숭어,Teleostei > Mugiliformes > Mugilidae > Planiliza > Planiliza haematocheilus,36.138714,대한민국 충청남도 서천군 비인면 비인천,2021-09-30,Planiliza haematocheilus,서해
국립해양생물자원관_해양생물 채집 공간정보,https://www.data.go.kr/data/15151832/openapi.do,2021-03-17,marine_life,털다발풀게,Varunidae > Hemigrapsus > Hemigrapsus takanoi,대한민국 전라남도 무안군 청계면,대한민국; 서해; 대한민국 전라남도 무안군 청계면,34.900120,126.390701,털다발풀게은(는) 서해에서 관찰·채집된 해양생물 소재로 사용할 수 있다.,해양생물 캐릭터와 바다 탐험 동화 소재,"생물의 이름, 서식 해역, 분류를 활용한 관찰 질문과 퀴즈",5-7;8-10,해양생물;털다발풀게;Hemigrapsus;takanoi;Varunidae;>;서해;대한민국;전라남도;무안군;청계면,126.390701,대한민국,털다발풀게,Varunidae > Hemigrapsus > Hemigrapsus takanoi,34.900120,대한민국 전라남도 무안군 청계면,2021-03-17,Hemigrapsus takanoi,서해
국립해양생물자원관_해양생물 채집 공간정보,https://www.data.go.kr/data/15151832/openapi.do,2010-05-10,marine_life,Priestia aryabhattai,Priestia aryabhattai,대한민국 서해,대한민국; 서해; 대한민국 서해,37.174725,126.631393,Priestia aryabhattai은(는) 서해에서 관찰·채집된 해양생물 소재로 사용할 수 있다.,해양생물 캐릭터와 바다 탐험 동화 소재,"생물의 이름, 서식 해역, 분류를 활용한 관찰 질문과 퀴즈",5-7;8-10,해양생물;Priestia;aryabhattai;서해;대한민국,126.631393,대한민국,,Priestia aryabhattai,37.174725,대한민국 서해,2010-05-10,Priestia aryabhattai,서해
국립해양생물자원관_해양생물 채집 공간정보,https://www.data.go.kr/data/15151832/openapi.do,2010-05-10,marine_life,Bacillus zhangzhouensis,Caryophanales > Bacillaceae > Bacillus > Bacillus zhangzhouensis,대한민국 서해,대한민국; 서해; 대한민국 서해,37.174725,126.631393,Bacillus zhangzhouensis은(는) 서해에서 관찰·채집된 해양생물 소재로 사용할 수 있다.,해양생물 캐릭터와 바다 탐험 동화 소재,"생물의 이름, 서식 해역, 분류를 활용한 관찰 질문과 퀴즈",5-7;8-10,해양생물;Bacillus;zhangzhouensis;Caryophanales;>;Bacillaceae;서해;대한민국,126.631393,대한민국,,Caryophanales > Bacillaceae > Bacillus > Bacillus zhangzhouensis,37.174725,대한민국 서해,2010-05-10,Bacillus zhangzhouensis,서해
국립해양생물자원관_해양생물 채집 공간정보,https://www.data.go.kr/data/15151832/openapi.do,2013-10-04,marine_life,그물바탕말,Phaeophyceae > Dictyotales > Dictyotaceae > Dictyota > Dictyota dichotoma,"대한민국 강원도 강릉시 강동면 안인,강릉","대한민국; 동해중부; 대한민국 강원도 강릉시 강동면 안인,강릉",37.737041,128.988876,그물바탕말은(는) 동해중부에서 관찰·채집된 해양생물 소재로 사용할 수 있다.,해양생물 캐릭터와 바다 탐험 동화 소재,"생물의 이름, 서식 해역, 분류를 활용한 관찰 질문과 퀴즈",5-7;8-10,해양생물;그물바탕말;Dictyota;dichotoma;Phaeophyceae;>;Dictyotales;Dictyotaceae;동해중부;대한민국;강원도;강릉시,128.988876,대한민국,그물바탕말,Phaeophyceae > Dictyotales > Dictyotaceae > Dictyota > Dictyota dichotoma,37.737041,"대한민국 강원도 강릉시 강동면 안인,강릉",2013-10-04,Dictyota dichotoma,동해중부
국립해양생물자원관_해양생물 채집 공간정보,https://www.data.go.kr/data/15151832/openapi.do,2014-03-16,marine_life,불레기말,Scytosiphonaceae > Colpomenia > Colpomenia sinuosa,대한민국 전라남도 진도군 의신면 금갑,대한민국; 남해서부; 대한민국 전라남도 진도군 의신면 금갑,34.394402,126.277283,불레기말은(는) 남해서부에서 관찰·채집된 해양생물 소재로 사용할 수 있다.,해양생물 캐릭터와 바다 탐험 동화 소재,"생물의 이름, 서식 해역, 분류를 활용한 관찰 질문과 퀴즈",5-7;8-10,해양생물;불레기말;Colpomenia;sinuosa;Scytosiphonaceae;>;남해서부;대한민국;전라남도;진도군;의신면;금갑,126.277283,대한민국,불레기말,Scytosiphonaceae > Colpomenia > Colpomenia sinuosa,34.394402,대한민국 전라남도 진도군 의신면 금갑,2014-03-16,Colpomenia sinuosa,남해서부
국립해양생물자원관_해양생물 채집 공간정보,https://www.data.go.kr/data/15151832/openapi.do,2015-01-23,marine_life,불레기말,Scytosiphonaceae > Colpomenia > Colpomenia sinuosa,대한민국 경상북도 울진군 후포면 후포항,대한민국; 동해중부; 대한민국 경상북도 울진군 후포면 후포항,36.678585,129.450821,불레기말은(는) 동해중부에서 관찰·채집된 해양생물 소재로 사용할 수 있다.,해양생물 캐릭터와 바다 탐험 동화 소재,"생물의 이름, 서식 해역, 분류를 활용한 관찰 질문과 퀴즈",5-7;8-10,해양생물;불레기말;Colpomenia;sinuosa;Scytosiphonaceae;>;동해중부;대한민국;경상북도;울진군;후포면;후포항,129.450821,대한민국,불레기말,Scytosiphonaceae > Colpomenia > Colpomenia sinuosa,36.678585,대한민국 경상북도 울진군 후포면 후포항,2015-01-23,Colpomenia sinuosa,동해중부
국립해양생물자원관_해양생물 채집 공간정보,https://www.data.go.kr/data/15151832/openapi.do,2010-05-10,marine_life,Bacillus zhangzhouensis,Caryophanales > Bacillaceae > Bacillus > Bacillus zhangzhouensis,대한민국 서해,대한민국; 서해; 대한민국 서해,37.174725,126.631393,Bacillus zhangzhouensis은(는) 서해에서 관찰·채집된 해양생물 소재로 사용할 수 있다.,해양생물 캐릭터와 바다 탐험 동화 소재,"생물의 이름, 서식 해역, 분류를 활용한 관찰 질문과 퀴즈",5-7;8-10,해양생물;Bacillus;zhangzhouensis;Caryophanales;>;Bacillaceae;서해;대한민국,126.631393,대한민국,,Caryophanales > Bacillaceae > Bacillus > Bacillus zhangzhouensis,37.174725,대한민국 서해,2010-05-10,Bacillus zhangzhouensis,서해
국립해양생물자원관_해양생물 채집 공간정보,https://www.data.go.kr/data/15151832/openapi.do,2004-09-30,marine_life,Pseudovibrio ascidiaceicola,Stappiaceae > Pseudovibrio > Pseudovibrio ascidiaceicola,대한민국 부산광역시,대한민국; 남해동부; 대한민국 부산광역시,34.886112,128.952225,Pseudovibrio ascidiaceicola은(는) 남해동부에서 관찰·채집된 해양생물 소재로 사용할 수 있다.,해양생물 캐릭터와 바다 탐험 동화 소재,"생물의 이름, 서식 해역, 분류를 활용한 관찰 질문과 퀴즈",5-7;8-10,해양생물;Pseudovibrio;ascidiaceicola;Stappiaceae;>;남해동부;대한민국;부산광역시,128.952225,대한민국,,Stappiaceae > Pseudovibrio > Pseudovibrio ascidiaceicola,34.886112,대한민국 부산광역시,2004-09-30,Pseudovibrio ascidiaceicola,남해동부
국립해양생물자원관_해양생물 채집 공간정보,https://www.data.go.kr/data/15151832/openapi.do,2015-12-26,marine_life,불레기말,Scytosiphonaceae > Colpomenia > Colpomenia sinuosa,대한민국 경상북도 포항시 남구 호미곶면 구만2리,대한민국; 동해남부; 대한민국 경상북도 포항시 남구 호미곶면 구만2리,36.084415,129.552063,불레기말은(는) 동해남부에서 관찰·채집된 해양생물 소재로 사용할 수 있다.,해양생물 캐릭터와 바다 탐험 동화 소재,"생물의 이름, 서식 해역, 분류를 활용한 관찰 질문과 퀴즈",5-7;8-10,해양생물;불레기말;Colpomenia;sinuosa;Scytosiphonaceae;>;동해남부;대한민국;경상북도;포항시;남구;호미곶면,129.552063,대한민국,불레기말,Scytosiphonaceae > Colpomenia > Colpomenia sinuosa,36.084415,대한민국 경상북도 포항시 남구 호미곶면 구만2리,2015-12-26,Colpomenia sinuosa,동해남부
국립해양생물자원관_해양생물 채집 공간정보,https://www.data.go.kr/data/15151832/openapi.do,2010-05-10,marine_life,Staphylococcus saprophyticus subsp. saprophyticus,Staphylococcus saprophyticus subsp. saprophyticus,대한민국 서해,대한민국; 서해; 대한민국 서해,37.174725,126.631393,Staphylococcus saprophyticus subsp. saprophyticus은(는) 서해에서 관찰·채집된 해양생물 소재로 사용할 수 있다.,해양생물 캐릭터와 바다 탐험 동화 소재,"생물의 이름, 서식 해역, 분류를 활용한 관찰 질문과 퀴즈",5-7;8-10,해양생물;Staphylococcus;saprophyticus;subsp.;서해;대한민국,126.631393,대한민국,,Staphylococcus saprophyticus subsp. saprophyticus,37.174725,대한민국 서해,2010-05-10,Staphylococcus saprophyticus subsp. saprophyticus,서해
국립해양생물자원관_해양생물 채집 공간정보,https://www.data.go.kr/data/15151832/openapi.do,2010-05-10,marine_life,Staphylococcus xylosus,Staphylococcus xylosus,대한민국 서해,대한민국; 서해; 대한민국 서해,37.174725,126.631393,Staphylococcus xylosus은(는) 서해에서 관찰·채집된 해양생물 소재로 사용할 수 있다.,해양생물 캐릭터와 바다 탐험 동화 소재,"생물의 이름, 서식 해역, 분류를 활용한 관찰 질문과 퀴즈",5-7;8-10,해양생물;Staphylococcus;xylosus;서해;대한민국,126.631393,대한민국,,Staphylococcus xylosus,37.174725,대한민국 서해,2010-05-10,Staphylococcus xylosus,서해
국립해양생물자원관_해양생물 채집 공간정보,https://www.data.go.kr/data/15151832/openapi.do,2010-05-10,marine_life,Vibrio neocaledonicus,Vibrionales > Vibrionaceae > Vibrio > Vibrio neocaledonicus,대한민국 서해,대한민국; 서해; 대한민국 서해,37.174725,126.631393,Vibrio neocaledonicus은(는) 서해에서 관찰·채집된 해양생물 소재로 사용할 수 있다.,해양생물 캐릭터와 바다 탐험 동화 소재,"생물의 이름, 서식 해역, 분류를 활용한 관찰 질문과 퀴즈",5-7;8-10,해양생물;Vibrio;neocaledonicus;Vibrionales;>;Vibrionaceae;서해;대한민국,126.631393,대한민국,,Vibrionales > Vibrionaceae > Vibrio > Vibrio neocaledonicus,37.174725,대한민국 서해,2010-05-10,Vibrio neocaledonicus,서해
국립해양생물자원관_해양생물 채집 공간정보,https://www.data.go.kr/data/15151832/openapi.do,2010-05-10,marine_life,Alkalihalobacillus algicola,Caryophanales > Bacillaceae > Alkalihalobacillus > Alkalihalobacillus algicola,대한민국 서해,대한민국; 서해; 대한민국 서해,37.174725,126.631393,Alkalihalobacillus algicola은(는) 서해에서 관찰·채집된 해양생물 소재로 사용할 수 있다.,해양생물 캐릭터와 바다 탐험 동화 소재,"생물의 이름, 서식 해역, 분류를 활용한 관찰 질문과 퀴즈",5-7;8-10,해양생물;Alkalihalobacillus;algicola;Caryophanales;>;Bacillaceae;서해;대한민국,126.631393,대한민국,,Caryophanales > Bacillaceae > Alkalihalobacillus > Alkalihalobacillus algicola,37.174725,대한민국 서해,2010-05-10,Alkalihalobacillus algicola,서해
국립해양생물자원관_해양생물 채집 공간정보,https://www.data.go.kr/data/15151832/openapi.do,2010-05-10,marine_life,Staphylococcus capitis subsp. capitis,Staphylococcus capitis subsp. capitis,대한민국 서해,대한민국; 서해; 대한민국 서해,37.174725,126.631393,Staphylococcus capitis subsp. capitis은(는) 서해에서 관찰·채집된 해양생물 소재로 사용할 수 있다.,해양생물 캐릭터와 바다 탐험 동화 소재,"생물의 이름, 서식 해역, 분류를 활용한 관찰 질문과 퀴즈",5-7;8-10,해양생물;Staphylococcus;capitis;subsp.;서해;대한민국,126.631393,대한민국,,Staphylococcus capitis subsp. capitis,37.174725,대한민국 서해,2010-05-10,Staphylococcus capitis subsp. capitis,서해
국립해양생물자원관_해양생물 채집 공간정보,https://www.data.go.kr/data/15151832/openapi.do,2010-05-10,marine_life,Micrococcus aloeverae,Micrococcus aloeverae,대한민국 서해,대한민국; 서해; 대한민국 서해,37.174725,126.631393,Micrococcus aloeverae은(는) 서해에서 관찰·채집된 해양생물 소재로 사용할 수 있다.,해양생물 캐릭터와 바다 탐험 동화 소재,"생물의 이름, 서식 해역, 분류를 활용한 관찰 질문과 퀴즈",5-7;8-10,해양생물;Micrococcus;aloeverae;서해;대한민국,126.631393,대한민국,,Micrococcus aloeverae,37.174725,대한민국 서해,2010-05-10,Micrococcus aloeverae,서해
국립해양생물자원관_해양생물 채집 공간정보,https://www.data.go.kr/data/15151832/openapi.do,2010-05-10,marine_life,Halomonas shengliensis,Pseudomonadota > Gammaproteobacteria > Oceanospirillales > Halomonadaceae > Halomonas > Halomonas shengliensis,대한민국 서해,대한민국; 서해; 대한민국 서해,37.174725,126.631393,Halomonas shengliensis은(는) 서해에서 관찰·채집된 해양생물 소재로 사용할 수 있다.,해양생물 캐릭터와 바다 탐험 동화 소재,"생물의 이름, 서식 해역, 분류를 활용한 관찰 질문과 퀴즈",5-7;8-10,해양생물;Halomonas;shengliensis;Pseudomonadota;>;Gammaproteobacteria;Oceanospirillales;Halomonadaceae;서해;대한민국,126.631393,대한민국,,Pseudomonadota > Gammaproteobacteria > Oceanospirillales > Halomonadaceae > Halomonas > Halomonas shengliensis,37.174725,대한민국 서해,2010-05-10,Halomonas shengliensis,서해
국립해양생물자원관_해양생물 채집 공간정보,https://www.data.go.kr/data/15151832/openapi.do,2015-12-26,marine_life,미역쇠,Scytosiphonaceae > Petalonia > Petalonia binghamiae,대한민국 경상북도 포항시 남구 구룡포읍 석봉2리,대한민국; 동해남부; 대한민국 경상북도 포항시 남구 구룡포읍 석봉2리,36.026028,129.577271,미역쇠은(는) 동해남부에서 관찰·채집된 해양생물 소재로 사용할 수 있다.,해양생물 캐릭터와 바다 탐험 동화 소재,"생물의 이름, 서식 해역, 분류를 활용한 관찰 질문과 퀴즈",5-7;8-10,해양생물;미역쇠;Petalonia;binghamiae;Scytosiphonaceae;>;동해남부;대한민국;경상북도;포항시;남구;구룡포읍,129.577271,대한민국,미역쇠,Scytosiphonaceae > Petalonia > Petalonia binghamiae,36.026028,대한민국 경상북도 포항시 남구 구룡포읍 석봉2리,2015-12-26,Petalonia binghamiae,동해남부
국립해양생물자원관_해양생물 채집 공간정보,https://www.data.go.kr/data/15151832/openapi.do,2010-05-10,marine_life,Vibrio neocaledonicus,Vibrionales > Vibrionaceae > Vibrio > Vibrio neocaledonicus,대한민국 서해,대한민국; 서해; 대한민국 서해,37.174725,126.631393,Vibrio neocaledonicus은(는) 서해에서 관찰·채집된 해양생물 소재로 사용할 수 있다.,해양생물 캐릭터와 바다 탐험 동화 소재,"생물의 이름, 서식 해역, 분류를 활용한 관찰 질문과 퀴즈",5-7;8-10,해양생물;Vibrio;neocaledonicus;Vibrionales;>;Vibrionaceae;서해;대한민국,126.631393,대한민국,,Vibrionales > Vibrionaceae > Vibrio > Vibrio neocaledonicus,37.174725,대한민국 서해,2010-05-10,Vibrio neocaledonicus,서해
국립해양생물자원관_해양생물 채집 공간정보,https://www.data.go.kr/data/15151832/openapi.do,2021-05-12,marine_life,붉은줄참새우,Pleocyemata > Caridea > Palaemonoidea > Palaemonidae > Palaemon > Palaemon macrodactylus,대한민국 충청남도 보령시,대한민국; 서해; 대한민국 충청남도 보령시,36.327717,126.503761,붉은줄참새우은(는) 서해에서 관찰·채집된 해양생물 소재로 사용할 수 있다.,해양생물 캐릭터와 바다 탐험 동화 소재,"생물의 이름, 서식 해역, 분류를 활용한 관찰 질문과 퀴즈",5-7;8-10,해양생물;붉은줄참새우;Palaemon;macrodactylus;Pleocyemata;>;Caridea;Palaemonoidea;Palaemonidae;서해;대한민국;충청남도,126.503761,대한민국,붉은줄참새우,Pleocyemata > Caridea > Palaemonoidea > Palaemonidae > Palaemon > Palaemon macrodactylus,36.327717,대한민국 충청남도 보령시,2021-05-12,Palaemon macrodactylus,서해
국립해양생물자원관_해양생물 채집 공간정보,https://www.data.go.kr/data/15151832/openapi.do,2021-05-12,marine_life,붉은줄참새우,Pleocyemata > Caridea > Palaemonoidea > Palaemonidae > Palaemon > Palaemon macrodactylus,대한민국 충청남도 보령시,대한민국; 서해; 대한민국 충청남도 보령시,36.327717,126.503761,붉은줄참새우은(는) 서해에서 관찰·채집된 해양생물 소재로 사용할 수 있다.,해양생물 캐릭터와 바다 탐험 동화 소재,"생물의 이름, 서식 해역, 분류를 활용한 관찰 질문과 퀴즈",5-7;8-10,해양생물;붉은줄참새우;Palaemon;macrodactylus;Pleocyemata;>;Caridea;Palaemonoidea;Palaemonidae;서해;대한민국;충청남도,126.503761,대한민국,붉은줄참새우,Pleocyemata > Caridea > Palaemonoidea > Palaemonidae > Palaemon > Palaemon macrodactylus,36.327717,대한민국 충청남도 보령시,2021-05-12,Palaemon macrodactylus,서해
국립해양생물자원관_해양생물 채집 공간정보,https://www.data.go.kr/data/15151832/openapi.do,2015-06-24,marine_life,큰대마디말,Ulvophyceae > Cladophorales > Cladophoraceae > Lychaete > Lychaete japonica var. kajimurae,대한민국 경상북도 포항시 남구 구룡포읍,대한민국; 동해남부; 대한민국 경상북도 포항시 남구 구룡포읍,35.989723,129.564163,큰대마디말은(는) 동해남부에서 관찰·채집된 해양생물 소재로 사용할 수 있다.,해양생물 캐릭터와 바다 탐험 동화 소재,"생물의 이름, 서식 해역, 분류를 활용한 관찰 질문과 퀴즈",5-7;8-10,해양생물;큰대마디말;Lychaete;japonica;var.;kajimurae;Ulvophyceae;>;Cladophorales;Cladophoraceae;동해남부;대한민국,129.564163,대한민국,큰대마디말,Ulvophyceae > Cladophorales > Cladophoraceae > Lychaete > Lychaete japonica var. kajimurae,35.989723,대한민국 경상북도 포항시 남구 구룡포읍,2015-06-24,Lychaete japonica var. kajimurae,동해남부
국립해양생물자원관_해양생물 채집 공간정보,https://www.data.go.kr/data/15151832/openapi.do,2021-08-19,marine_life,꽃병소모충,Tintinnidae > Amphorides > Amphorides amphora,대한민국 제주특별자치도 제주시 추자면 대서리 상추자도항,대한민국; 남해서부; 대한민국 제주특별자치도 제주시 추자면 대서리 상추자도항,33.961555,126.294693,꽃병소모충은(는) 남해서부에서 관찰·채집된 해양생물 소재로 사용할 수 있다.,해양생물 캐릭터와 바다 탐험 동화 소재,"생물의 이름, 서식 해역, 분류를 활용한 관찰 질문과 퀴즈",5-7;8-10,해양생물;꽃병소모충;Amphorides;amphora;Tintinnidae;>;남해서부;대한민국;제주특별자치도;제주시;추자면;대서리,126.294693,대한민국,꽃병소모충,Tintinnidae > Amphorides > Amphorides amphora,33.961555,대한민국 제주특별자치도 제주시 추자면 대서리 상추자도항,2021-08-19,Amphorides amphora,남해서부
국립해양생물자원관_해양생물 채집 공간정보,https://www.data.go.kr/data/15151832/openapi.do,2010-05-10,marine_life,Pseudoalteromonas arabiensis,Pseudomonadota > Gammaproteobacteria > Alteromonadales > Pseudoalteromonadaceae > Pseudoalteromonas > Pseudoalteromonas arabiensis,대한민국 서해,대한민국; 서해; 대한민국 서해,37.174725,126.631393,Pseudoalteromonas arabiensis은(는) 서해에서 관찰·채집된 해양생물 소재로 사용할 수 있다.,해양생물 캐릭터와 바다 탐험 동화 소재,"생물의 이름, 서식 해역, 분류를 활용한 관찰 질문과 퀴즈",5-7;8-10,해양생물;Pseudoalteromonas;arabiensis;Pseudomonadota;>;Gammaproteobacteria;Alteromonadales;Pseudoalteromonadaceae;서해;대한민국,126.631393,대한민국,,Pseudomonadota > Gammaproteobacteria > Alteromonadales > Pseudoalteromonadaceae > Pseudoalteromonas > Pseudoalteromonas arabiensis,37.174725,대한민국 서해,2010-05-10,Pseudoalteromonas arabiensis,서해
국립해양생물자원관_해양생물 채집 공간정보,https://www.data.go.kr/data/15151832/openapi.do,2010-05-10,marine_life,Priestia flexa,Priestia flexa,대한민국 서해,대한민국; 서해; 대한민국 서해,37.174725,126.631393,Priestia flexa은(는) 서해에서 관찰·채집된 해양생물 소재로 사용할 수 있다.,해양생물 캐릭터와 바다 탐험 동화 소재,"생물의 이름, 서식 해역, 분류를 활용한 관찰 질문과 퀴즈",5-7;8-10,해양생물;Priestia;flexa;서해;대한민국,126.631393,대한민국,,Priestia flexa,37.174725,대한민국 서해,2010-05-10,Priestia flexa,서해
국립해양생물자원관_해양생물 채집 공간정보,https://www.data.go.kr/data/15151832/openapi.do,2015-06-15,marine_life,꼬인바위수염,Scytosiphonaceae > Myelophycus > Myelophycus cavus,"대한민국 충청남도 보령시 오천면 원산도,오봉산해수욕장","대한민국; 서해; 대한민국 충청남도 보령시 오천면 원산도,오봉산해수욕장",36.368439,126.398582,꼬인바위수염은(는) 서해에서 관찰·채집된 해양생물 소재로 사용할 수 있다.,해양생물 캐릭터와 바다 탐험 동화 소재,"생물의 이름, 서식 해역, 분류를 활용한 관찰 질문과 퀴즈",5-7;8-10,해양생물;꼬인바위수염;Myelophycus;cavus;Scytosiphonaceae;>;서해;대한민국;충청남도;보령시;오천면;원산도,126.398582,대한민국,꼬인바위수염,Scytosiphonaceae > Myelophycus > Myelophycus cavus,36.368439,"대한민국 충청남도 보령시 오천면 원산도,오봉산해수욕장",2015-06-15,Myelophycus cavus,서해
국립해양생물자원관_해양생물 채집 공간정보,https://www.data.go.kr/data/15151832/openapi.do,2015-06-15,marine_life,꼬인바위수염,Scytosiphonaceae > Myelophycus > Myelophycus cavus,"대한민국 충청남도 보령시 오천면 원산도,오봉산해수욕장","대한민국; 서해; 대한민국 충청남도 보령시 오천면 원산도,오봉산해수욕장",36.368439,126.398582,꼬인바위수염은(는) 서해에서 관찰·채집된 해양생물 소재로 사용할 수 있다.,해양생물 캐릭터와 바다 탐험 동화 소재,"생물의 이름, 서식 해역, 분류를 활용한 관찰 질문과 퀴즈",5-7;8-10,해양생물;꼬인바위수염;Myelophycus;cavus;Scytosiphonaceae;>;서해;대한민국;충청남도;보령시;오천면;원산도,126.398582,대한민국,꼬인바위수염,Scytosiphonaceae > Myelophycus > Myelophycus cavus,36.368439,"대한민국 충청남도 보령시 오천면 원산도,오봉산해수욕장",2015-06-15,Myelophycus cavus,서해
국립해양생물자원관_해양생물 채집 공간정보,https://www.data.go.kr/data/15151832/openapi.do,2004-09-30,marine_life,Vibrio chagasii,Vibrionales > Vibrionaceae > Vibrio > Vibrio chagasii,대한민국 부산광역시,대한민국; 남해동부; 대한민국 부산광역시,34.886112,128.952225,Vibrio chagasii은(는) 남해동부에서 관찰·채집된 해양생물 소재로 사용할 수 있다.,해양생물 캐릭터와 바다 탐험 동화 소재,"생물의 이름, 서식 해역, 분류를 활용한 관찰 질문과 퀴즈",5-7;8-10,해양생물;Vibrio;chagasii;Vibrionales;>;Vibrionaceae;남해동부;대한민국;부산광역시,128.952225,대한민국,,Vibrionales > Vibrionaceae > Vibrio > Vibrio chagasii,34.886112,대한민국 부산광역시,2004-09-30,Vibrio chagasii,남해동부
국립해양생물자원관_해양생물 채집 공간정보,https://www.data.go.kr/data/15151832/openapi.do,2016-04-08,marine_life,창자파래,Ulvophyceae > Ulvales > Ulvaceae > Ulva > Ulva intestinalis,대한민국 경상남도 거제시 일운면,대한민국; 남해동부; 대한민국 경상남도 거제시 일운면,34.845581,128.709137,창자파래은(는) 남해동부에서 관찰·채집된 해양생물 소재로 사용할 수 있다.,해양생물 캐릭터와 바다 탐험 동화 소재,"생물의 이름, 서식 해역, 분류를 활용한 관찰 질문과 퀴즈",5-7;8-10,해양생물;창자파래;Ulva;intestinalis;Ulvophyceae;>;Ulvales;Ulvaceae;남해동부;대한민국;경상남도;거제시,128.709137,대한민국,창자파래,Ulvophyceae > Ulvales > Ulvaceae > Ulva > Ulva intestinalis,34.845581,대한민국 경상남도 거제시 일운면,2016-04-08,Ulva intestinalis,남해동부
국립해양생물자원관_해양생물 채집 공간정보,https://www.data.go.kr/data/15151832/openapi.do,2004-10-04,marine_life,Paracoccus halophilus,Rhodobacterales > Paracoccaceae > Paracoccus > Paracoccus halophilus,대한민국 부산광역시,대한민국; 남해동부; 대한민국 부산광역시,34.886112,128.952225,Paracoccus halophilus은(는) 남해동부에서 관찰·채집된 해양생물 소재로 사용할 수 있다.,해양생물 캐릭터와 바다 탐험 동화 소재,"생물의 이름, 서식 해역, 분류를 활용한 관찰 질문과 퀴즈",5-7;8-10,해양생물;Paracoccus;halophilus;Rhodobacterales;>;Paracoccaceae;남해동부;대한민국;부산광역시,128.952225,대한민국,,Rhodobacterales > Paracoccaceae > Paracoccus > Paracoccus halophilus,34.886112,대한민국 부산광역시,2004-10-04,Paracoccus halophilus,남해동부
국립해양생물자원관_해양생물 채집 공간정보,https://www.data.go.kr/data/15151832/openapi.do,2010-07-29,marine_life,Dinophysis acuminata,Protista > Dinophyta > Dinophyceae > Dinophysiales > Dinophysaceae > Dinophysis > Dinophysis acuminata,대한민국 제주특별자치도 서귀포시 안덕면 화순 앞바다,대한민국; 남해서부; 대한민국 제주특별자치도 서귀포시 안덕면 화순 앞바다,33.185017,126.301628,Dinophysis acuminata은(는) 남해서부에서 관찰·채집된 해양생물 소재로 사용할 수 있다.,해양생물 캐릭터와 바다 탐험 동화 소재,"생물의 이름, 서식 해역, 분류를 활용한 관찰 질문과 퀴즈",5-7;8-10,해양생물;Dinophysis;acuminata;Protista;>;Dinophyta;Dinophyceae;Dinophysiales;Dinophysaceae;남해서부;대한민국;제주특별자치도,126.301628,대한민국,,Protista > Dinophyta > Dinophyceae > Dinophysiales > Dinophysaceae > Dinophysis > Dinophysis acuminata,33.185017,대한민국 제주특별자치도 서귀포시 안덕면 화순 앞바다,2010-07-29,Dinophysis acuminata,남해서부
국립해양생물자원관_해양생물 채집 공간정보,https://www.data.go.kr/data/15151832/openapi.do,2021-09-11,marine_life,창자파래,Ulvophyceae > Ulvales > Ulvaceae > Ulva > Ulva intestinalis,대한민국 제주특별자치도 제주시 추자면 추자도,대한민국; 남해서부; 대한민국 제주특별자치도 제주시 추자면 추자도,33.986305,126.249077,창자파래은(는) 남해서부에서 관찰·채집된 해양생물 소재로 사용할 수 있다.,해양생물 캐릭터와 바다 탐험 동화 소재,"생물의 이름, 서식 해역, 분류를 활용한 관찰 질문과 퀴즈",5-7;8-10,해양생물;창자파래;Ulva;intestinalis;Ulvophyceae;>;Ulvales;Ulvaceae;남해서부;대한민국;제주특별자치도;제주시,126.249077,대한민국,창자파래,Ulvophyceae > Ulvales > Ulvaceae > Ulva > Ulva intestinalis,33.986305,대한민국 제주특별자치도 제주시 추자면 추자도,2021-09-11,Ulva intestinalis,남해서부
국립해양생물자원관_해양생물 채집 공간정보,https://www.data.go.kr/data/15151832/openapi.do,2021-06-29,marine_life,털비말,Sporochnus radiciformis,대한민국 전라남도 신안군 흑산면 가거도,대한민국; 서해; 대한민국 전라남도 신안군 흑산면 가거도,34.056332,125.113640,털비말은(는) 서해에서 관찰·채집된 해양생물 소재로 사용할 수 있다.,해양생물 캐릭터와 바다 탐험 동화 소재,"생물의 이름, 서식 해역, 분류를 활용한 관찰 질문과 퀴즈",5-7;8-10,해양생물;털비말;Sporochnus;radiciformis;서해;대한민국;전라남도;신안군;흑산면;가거도,125.113640,대한민국,털비말,Sporochnus radiciformis,34.056332,대한민국 전라남도 신안군 흑산면 가거도,2021-06-29,Sporochnus radiciformis,서해
국립해양생물자원관_해양생물 채집 공간정보,https://www.data.go.kr/data/15151832/openapi.do,2021-04-14,marine_life,납작수염부채발갯지렁이,Polychaeta > Phyllodocida > Phyllodocidae > Nereiphylla > Nereiphylla castanea,대한민국 인천광역시 중구,대한민국; 서해; 대한민국 인천광역시 중구,37.447308,126.371391,납작수염부채발갯지렁이은(는) 서해에서 관찰·채집된 해양생물 소재로 사용할 수 있다.,해양생물 캐릭터와 바다 탐험 동화 소재,"생물의 이름, 서식 해역, 분류를 활용한 관찰 질문과 퀴즈",5-7;8-10,해양생물;납작수염부채발갯지렁이;Nereiphylla;castanea;Polychaeta;>;Phyllodocida;Phyllodocidae;서해;대한민국;인천광역시;중구,126.371391,대한민국,납작수염부채발갯지렁이,Polychaeta > Phyllodocida > Phyllodocidae > Nereiphylla > Nereiphylla castanea,37.447308,대한민국 인천광역시 중구,2021-04-14,Nereiphylla castanea,서해
국립해양생물자원관_해양생물 채집 공간정보,https://www.data.go.kr/data/15151832/openapi.do,2021-09-09,marine_life,옆눈비늘갯지렁이,Polynoidae > Harmothoe > Harmothoe imbricata,대한민국 충청남도 태안군 고남면,대한민국; 서해; 대한민국 충청남도 태안군 고남면,36.422085,126.359024,옆눈비늘갯지렁이은(는) 서해에서 관찰·채집된 해양생물 소재로 사용할 수 있다.,해양생물 캐릭터와 바다 탐험 동화 소재,"생물의 이름, 서식 해역, 분류를 활용한 관찰 질문과 퀴즈",5-7;8-10,해양생물;옆눈비늘갯지렁이;Harmothoe;imbricata;Polynoidae;>;서해;대한민국;충청남도;태안군;고남면,126.359024,대한민국,옆눈비늘갯지렁이,Polynoidae > Harmothoe > Harmothoe imbricata,36.422085,대한민국 충청남도 태안군 고남면,2021-09-09,Harmothoe imbricata,서해
국립해양생물자원관_해양생물 채집 공간정보,https://www.data.go.kr/data/15151832/openapi.do,2021-07-23,marine_life,원참갯지렁이,Polychaeta > Phyllodocida > Nereididae > Nereis > Nereis pelagica,대한민국 전라남도 신안군 증도면,대한민국; 서해; 대한민국 전라남도 신안군 증도면,35.010502,126.113914,원참갯지렁이은(는) 서해에서 관찰·채집된 해양생물 소재로 사용할 수 있다.,해양생물 캐릭터와 바다 탐험 동화 소재,"생물의 이름, 서식 해역, 분류를 활용한 관찰 질문과 퀴즈",5-7;8-10,해양생물;원참갯지렁이;Nereis;pelagica;Polychaeta;>;Phyllodocida;Nereididae;서해;대한민국;전라남도;신안군,126.113914,대한민국,원참갯지렁이,Polychaeta > Phyllodocida > Nereididae > Nereis > Nereis pelagica,35.010502,대한민국 전라남도 신안군 증도면,2021-07-23,Nereis pelagica,서해
국립해양생물자원관_해양생물 채집 공간정보,https://www.data.go.kr/data/15151832/openapi.do,2016-04-29,marine_life,Codium tenue,Ulvophyceae > Bryopsidales > Codiaceae > Codium > Codium tenue,대한민국 경상북도 영덕군 강구면,대한민국; 동해남부; 대한민국 경상북도 영덕군 강구면,36.346249,129.386780,Codium tenue은(는) 동해남부에서 관찰·채집된 해양생물 소재로 사용할 수 있다.,해양생물 캐릭터와 바다 탐험 동화 소재,"생물의 이름, 서식 해역, 분류를 활용한 관찰 질문과 퀴즈",5-7;8-10,해양생물;Codium;tenue;Ulvophyceae;>;Bryopsidales;Codiaceae;동해남부;대한민국;경상북도;영덕군;강구면,129.386780,대한민국,,Ulvophyceae > Bryopsidales > Codiaceae > Codium > Codium tenue,36.346249,대한민국 경상북도 영덕군 강구면,2016-04-29,Codium tenue,동해남부
국립해양생물자원관_해양생물 채집 공간정보,https://www.data.go.kr/data/15151832/openapi.do,2016-07-21,marine_life,갈색대마디말,Ulvophyceae > Cladophorales > Cladophoraceae > Cladophora > Cladophora wrightiana var. minor,대한민국 경상북도 울릉군 울릉읍,대한민국; 동해중부; 대한민국 경상북도 울릉군 울릉읍,37.465694,130.878952,갈색대마디말은(는) 동해중부에서 관찰·채집된 해양생물 소재로 사용할 수 있다.,해양생물 캐릭터와 바다 탐험 동화 소재,"생물의 이름, 서식 해역, 분류를 활용한 관찰 질문과 퀴즈",5-7;8-10,해양생물;갈색대마디말;Cladophora;wrightiana;var.;minor;Ulvophyceae;>;Cladophorales;Cladophoraceae;동해중부;대한민국,130.878952,대한민국,갈색대마디말,Ulvophyceae > Cladophorales > Cladophoraceae > Cladophora > Cladophora wrightiana var. minor,37.465694,대한민국 경상북도 울릉군 울릉읍,2016-07-21,Cladophora wrightiana var. minor,동해중부
국립해양생물자원관_해양생물 채집 공간정보,https://www.data.go.kr/data/15151832/openapi.do,2011-08-28,marine_life,두깃장방노벌레,Copepoda > Calanoida > Candaciidae > Candacia > Candacia bipinnata,대한민국 부산광역시,대한민국; 동해남부; 대한민국 부산광역시,35.306717,129.326920,두깃장방노벌레은(는) 동해남부에서 관찰·채집된 해양생물 소재로 사용할 수 있다.,해양생물 캐릭터와 바다 탐험 동화 소재,"생물의 이름, 서식 해역, 분류를 활용한 관찰 질문과 퀴즈",5-7;8-10,해양생물;두깃장방노벌레;Candacia;bipinnata;Copepoda;>;Calanoida;Candaciidae;동해남부;대한민국;부산광역시,129.326920,대한민국,두깃장방노벌레,Copepoda > Calanoida > Candaciidae > Candacia > Candacia bipinnata,35.306717,대한민국 부산광역시,2011-08-28,Candacia bipinnata,동해남부
국립해양생물자원관_해양생물 채집 공간정보,https://www.data.go.kr/data/15151832/openapi.do,2012-02-09,marine_life,메디불가사리,Valvatida > Goniasteridae > Mediaster > Mediaster brachiatus,대한민국 남해,대한민국; 남해동부; 대한민국 남해,34.750000,129.016663,메디불가사리은(는) 남해동부에서 관찰·채집된 해양생물 소재로 사용할 수 있다.,해양생물 캐릭터와 바다 탐험 동화 소재,"생물의 이름, 서식 해역, 분류를 활용한 관찰 질문과 퀴즈",5-7;8-10,해양생물;메디불가사리;Mediaster;brachiatus;Valvatida;>;Goniasteridae;남해동부;대한민국;남해,129.016663,대한민국,메디불가사리,Valvatida > Goniasteridae > Mediaster > Mediaster brachiatus,34.750000,대한민국 남해,2012-02-09,Mediaster brachiatus,남해동부
국립해양생물자원관_해양생물 채집 공간정보,https://www.data.go.kr/data/15151832/openapi.do,2011-09-28,marine_life,보통주정노벌레,Undinula vulgaris,대한민국 경상북도 울진군,대한민국; 동해중부; 대한민국 경상북도 울진군,37.092590,129.395355,보통주정노벌레은(는) 동해중부에서 관찰·채집된 해양생물 소재로 사용할 수 있다.,해양생물 캐릭터와 바다 탐험 동화 소재,"생물의 이름, 서식 해역, 분류를 활용한 관찰 질문과 퀴즈",5-7;8-10,해양생물;보통주정노벌레;Undinula;vulgaris;동해중부;대한민국;경상북도;울진군,129.395355,대한민국,보통주정노벌레,Undinula vulgaris,37.092590,대한민국 경상북도 울진군,2011-09-28,Undinula vulgaris,동해중부
국립해양생물자원관_해양생물 채집 공간정보,https://www.data.go.kr/data/15151832/openapi.do,2016-02-17,marine_life,Axonolaimus helgolandicus,Nematoda > Chromadorea > Araeolaimida > Axonolaimidae > Axonolaimus > Axonolaimus helgolandicus,대한민국 경상남도 남해군 남면 조간대,대한민국; 남해동부; 대한민국 경상남도 남해군 남면 조간대,34.749168,127.910278,Axonolaimus helgolandicus은(는) 남해동부에서 관찰·채집된 해양생물 소재로 사용할 수 있다.,해양생물 캐릭터와 바다 탐험 동화 소재,"생물의 이름, 서식 해역, 분류를 활용한 관찰 질문과 퀴즈",5-7;8-10,해양생물;Axonolaimus;helgolandicus;Nematoda;>;Chromadorea;Araeolaimida;Axonolaimidae;남해동부;대한민국;경상남도;남해군,127.910278,대한민국,,Nematoda > Chromadorea > Araeolaimida > Axonolaimidae > Axonolaimus > Axonolaimus helgolandicus,34.749168,대한민국 경상남도 남해군 남면 조간대,2016-02-17,Axonolaimus helgolandicus,남해동부
국립해양생물자원관_해양생물 채집 공간정보,https://www.data.go.kr/data/15151832/openapi.do,2014-07-12,marine_life,민가지말,Phaeophyceae > Ectocarpales > Chordariaceae > Chordaria > Chordaria flagelliformis,대한민국 경상남도 거제시 남부면 명사해수욕장,대한민국; 남해동부; 대한민국 경상남도 거제시 남부면 명사해수욕장,34.726791,128.603500,민가지말은(는) 남해동부에서 관찰·채집된 해양생물 소재로 사용할 수 있다.,해양생물 캐릭터와 바다 탐험 동화 소재,"생물의 이름, 서식 해역, 분류를 활용한 관찰 질문과 퀴즈",5-7;8-10,해양생물;민가지말;Chordaria;flagelliformis;Phaeophyceae;>;Ectocarpales;Chordariaceae;남해동부;대한민국;경상남도;거제시,128.603500,대한민국,민가지말,Phaeophyceae > Ectocarpales > Chordariaceae > Chordaria > Chordaria flagelliformis,34.726791,대한민국 경상남도 거제시 남부면 명사해수욕장,2014-07-12,Chordaria flagelliformis,남해동부
국립해양생물자원관_해양생물 채집 공간정보,https://www.data.go.kr/data/15151832/openapi.do,2013-03-27,marine_life,반지털,Phaeophyceae > Ectocarpales > Chordariaceae > Halothrix > Halothrix lumbricalis,대한민국 전라남도 진도군 진도읍 진도,대한민국; 남해서부; 대한민국 전라남도 진도군 진도읍 진도,34.395443,126.276978,반지털은(는) 남해서부에서 관찰·채집된 해양생물 소재로 사용할 수 있다.,해양생물 캐릭터와 바다 탐험 동화 소재,"생물의 이름, 서식 해역, 분류를 활용한 관찰 질문과 퀴즈",5-7;8-10,해양생물;반지털;Halothrix;lumbricalis;Phaeophyceae;>;Ectocarpales;Chordariaceae;남해서부;대한민국;전라남도;진도군,126.276978,대한민국,반지털,Phaeophyceae > Ectocarpales > Chordariaceae > Halothrix > Halothrix lumbricalis,34.395443,대한민국 전라남도 진도군 진도읍 진도,2013-03-27,Halothrix lumbricalis,남해서부
국립해양생물자원관_해양생물 채집 공간정보,https://www.data.go.kr/data/15151832/openapi.do,2020-08-20,marine_life,작은배젖꼭지노벌레,Pleuromamma indica,대한민국 남해,대한민국; 남해동부; 대한민국 남해,34.225002,128.399994,작은배젖꼭지노벌레은(는) 남해동부에서 관찰·채집된 해양생물 소재로 사용할 수 있다.,해양생물 캐릭터와 바다 탐험 동화 소재,"생물의 이름, 서식 해역, 분류를 활용한 관찰 질문과 퀴즈",5-7;8-10,해양생물;작은배젖꼭지노벌레;Pleuromamma;indica;남해동부;대한민국;남해,128.399994,대한민국,작은배젖꼭지노벌레,Pleuromamma indica,34.225002,대한민국 남해,2020-08-20,Pleuromamma indica,남해동부
국립해양생물자원관_해양생물 채집 공간정보,https://www.data.go.kr/data/15151832/openapi.do,2004-10-04,marine_life,Tsukamurella pulmonis,Tsukamurellaceae > Tsukamurella > Tsukamurella pulmonis,대한민국 부산광역시,대한민국; 남해동부; 대한민국 부산광역시,34.886112,128.952225,Tsukamurella pulmonis은(는) 남해동부에서 관찰·채집된 해양생물 소재로 사용할 수 있다.,해양생물 캐릭터와 바다 탐험 동화 소재,"생물의 이름, 서식 해역, 분류를 활용한 관찰 질문과 퀴즈",5-7;8-10,해양생물;Tsukamurella;pulmonis;Tsukamurellaceae;>;남해동부;대한민국;부산광역시,128.952225,대한민국,,Tsukamurellaceae > Tsukamurella > Tsukamurella pulmonis,34.886112,대한민국 부산광역시,2004-10-04,Tsukamurella pulmonis,남해동부
국립해양생물자원관_해양생물 채집 공간정보,https://www.data.go.kr/data/15151832/openapi.do,2021-04-16,marine_life,농게,Tubuca arcuata,대한민국 인천광역시 강화군 내가면 강화도,대한민국; 서해; 대한민국 인천광역시 강화군 내가면 강화도,37.741325,126.360123,농게은(는) 서해에서 관찰·채집된 해양생물 소재로 사용할 수 있다.,해양생물 캐릭터와 바다 탐험 동화 소재,"생물의 이름, 서식 해역, 분류를 활용한 관찰 질문과 퀴즈",5-7;8-10,해양생물;농게;Tubuca;arcuata;서해;대한민국;인천광역시;강화군;내가면;강화도,126.360123,대한민국,농게,Tubuca arcuata,37.741325,대한민국 인천광역시 강화군 내가면 강화도,2021-04-16,Tubuca arcuata,서해
국립해양생물자원관_해양생물 채집 공간정보,https://www.data.go.kr/data/15151832/openapi.do,2021-04-16,marine_life,칠게,Pleocyemata > Brachyura > Ocypodoidea > Macrophthalmidae > Macrophthalminae > Macrophthalmus > Mareotis > Macrophthalmus (Mareotis) japonicus,대한민국 인천광역시 강화군 내가면 강화도,대한민국; 서해; 대한민국 인천광역시 강화군 내가면 강화도,37.741325,126.360123,칠게은(는) 서해에서 관찰·채집된 해양생물 소재로 사용할 수 있다.,해양생물 캐릭터와 바다 탐험 동화 소재,"생물의 이름, 서식 해역, 분류를 활용한 관찰 질문과 퀴즈",5-7;8-10,해양생물;칠게;Macrophthalmus;(Mareotis);japonicus;Pleocyemata;>;Brachyura;Ocypodoidea;Macrophthalmidae;Macrophthalminae;Mareotis,126.360123,대한민국,칠게,Pleocyemata > Brachyura > Ocypodoidea > Macrophthalmidae > Macrophthalminae > Macrophthalmus > Mareotis > Macrophthalmus (Mareotis) japonicus,37.741325,대한민국 인천광역시 강화군 내가면 강화도,2021-04-16,Macrophthalmus (Mareotis) japonicus,서해
국립해양생물자원관_해양생물 채집 공간정보,https://www.data.go.kr/data/15151832/openapi.do,2021-06-29,marine_life,가는엉킨실,Ulvophyceae > Bryopsidales > Derbesiaceae > Derbesia > Derbesia tenuissima,대한민국 전라남도 신안군 흑산면 가거도,대한민국; 서해; 대한민국 전라남도 신안군 흑산면 가거도,34.050915,125.124474,가는엉킨실은(는) 서해에서 관찰·채집된 해양생물 소재로 사용할 수 있다.,해양생물 캐릭터와 바다 탐험 동화 소재,"생물의 이름, 서식 해역, 분류를 활용한 관찰 질문과 퀴즈",5-7;8-10,해양생물;가는엉킨실;Derbesia;tenuissima;Ulvophyceae;>;Bryopsidales;Derbesiaceae;서해;대한민국;전라남도;신안군,125.124474,대한민국,가는엉킨실,Ulvophyceae > Bryopsidales > Derbesiaceae > Derbesia > Derbesia tenuissima,34.050915,대한민국 전라남도 신안군 흑산면 가거도,2021-06-29,Derbesia tenuissima,서해
국립해양생물자원관_해양생물 채집 공간정보,https://www.data.go.kr/data/15151832/openapi.do,2021-09-10,marine_life,참깃털말,Ulvophyceae > Bryopsidales > Bryopsidaceae > Bryopsis > Bryopsis plumosa,대한민국 제주특별자치도 제주시 추자면 추자도,대한민국; 남해서부; 대한민국 제주특별자치도 제주시 추자면 추자도,33.984028,126.349617,참깃털말은(는) 남해서부에서 관찰·채집된 해양생물 소재로 사용할 수 있다.,해양생물 캐릭터와 바다 탐험 동화 소재,"생물의 이름, 서식 해역, 분류를 활용한 관찰 질문과 퀴즈",5-7;8-10,해양생물;참깃털말;Bryopsis;plumosa;Ulvophyceae;>;Bryopsidales;Bryopsidaceae;남해서부;대한민국;제주특별자치도;제주시,126.349617,대한민국,참깃털말,Ulvophyceae > Bryopsidales > Bryopsidaceae > Bryopsis > Bryopsis plumosa,33.984028,대한민국 제주특별자치도 제주시 추자면 추자도,2021-09-10,Bryopsis plumosa,남해서부
국립해양생물자원관_해양생물 채집 공간정보,https://www.data.go.kr/data/15151832/openapi.do,2004-10-04,marine_life,Paracoccus rhizosphaerae,Rhodobacterales > Paracoccaceae > Paracoccus > Paracoccus rhizosphaerae,대한민국 부산광역시,대한민국; 남해동부; 대한민국 부산광역시,34.886112,128.952225,Paracoccus rhizosphaerae은(는) 남해동부에서 관찰·채집된 해양생물 소재로 사용할 수 있다.,해양생물 캐릭터와 바다 탐험 동화 소재,"생물의 이름, 서식 해역, 분류를 활용한 관찰 질문과 퀴즈",5-7;8-10,해양생물;Paracoccus;rhizosphaerae;Rhodobacterales;>;Paracoccaceae;남해동부;대한민국;부산광역시,128.952225,대한민국,,Rhodobacterales > Paracoccaceae > Paracoccus > Paracoccus rhizosphaerae,34.886112,대한민국 부산광역시,2004-10-04,Paracoccus rhizosphaerae,남해동부
국립해양생물자원관_해양생물 채집 공간정보,https://www.data.go.kr/data/15151832/openapi.do,2013-07-20,marine_life,바위수염,Scytosiphonaceae > Myelophycus > Myelophycus simplex,대한민국 전라남도 신안군 흑산면 홍도리,대한민국; 서해; 대한민국 전라남도 신안군 흑산면 홍도리,34.681953,125.192513,바위수염은(는) 서해에서 관찰·채집된 해양생물 소재로 사용할 수 있다.,해양생물 캐릭터와 바다 탐험 동화 소재,"생물의 이름, 서식 해역, 분류를 활용한 관찰 질문과 퀴즈",5-7;8-10,해양생물;바위수염;Myelophycus;simplex;Scytosiphonaceae;>;서해;대한민국;전라남도;신안군;흑산면;홍도리,125.192513,대한민국,바위수염,Scytosiphonaceae > Myelophycus > Myelophycus simplex,34.681953,대한민국 전라남도 신안군 흑산면 홍도리,2013-07-20,Myelophycus simplex,서해
국립해양생물자원관_해양생물 채집 공간정보,https://www.data.go.kr/data/15151832/openapi.do,2015-02-03,marine_life,바위수염,Scytosiphonaceae > Myelophycus > Myelophycus simplex,대한민국 부산광역시 해운대구 중1동 청사포,대한민국; 동해남부; 대한민국 부산광역시 해운대구 중1동 청사포,35.159672,129.189529,바위수염은(는) 동해남부에서 관찰·채집된 해양생물 소재로 사용할 수 있다.,해양생물 캐릭터와 바다 탐험 동화 소재,"생물의 이름, 서식 해역, 분류를 활용한 관찰 질문과 퀴즈",5-7;8-10,해양생물;바위수염;Myelophycus;simplex;Scytosiphonaceae;>;동해남부;대한민국;부산광역시;해운대구;중1동;청사포,129.189529,대한민국,바위수염,Scytosiphonaceae > Myelophycus > Myelophycus simplex,35.159672,대한민국 부산광역시 해운대구 중1동 청사포,2015-02-03,Myelophycus simplex,동해남부
국립해양생물자원관_해양생물 채집 공간정보,https://www.data.go.kr/data/15151832/openapi.do,2016-04-23,marine_life,바위수염,Scytosiphonaceae > Myelophycus > Myelophycus simplex,대한민국 부산광역시 기장군 기장읍 시랑리,대한민국; 동해남부; 대한민국 부산광역시 기장군 기장읍 시랑리,35.194866,129.224625,바위수염은(는) 동해남부에서 관찰·채집된 해양생물 소재로 사용할 수 있다.,해양생물 캐릭터와 바다 탐험 동화 소재,"생물의 이름, 서식 해역, 분류를 활용한 관찰 질문과 퀴즈",5-7;8-10,해양생물;바위수염;Myelophycus;simplex;Scytosiphonaceae;>;동해남부;대한민국;부산광역시;기장군;기장읍;시랑리,129.224625,대한민국,바위수염,Scytosiphonaceae > Myelophycus > Myelophycus simplex,35.194866,대한민국 부산광역시 기장군 기장읍 시랑리,2016-04-23,Myelophycus simplex,동해남부
국립해양생물자원관_해양생물 채집 공간정보,https://www.data.go.kr/data/15151832/openapi.do,2010-05-10,marine_life,Arthrobacter rhombi,Micrococcales > Micrococcaceae > Arthrobacter > Arthrobacter rhombi,대한민국 서해,대한민국; 서해; 대한민국 서해,37.174725,126.631393,Arthrobacter rhombi은(는) 서해에서 관찰·채집된 해양생물 소재로 사용할 수 있다.,해양생물 캐릭터와 바다 탐험 동화 소재,"생물의 이름, 서식 해역, 분류를 활용한 관찰 질문과 퀴즈",5-7;8-10,해양생물;Arthrobacter;rhombi;Micrococcales;>;Micrococcaceae;서해;대한민국,126.631393,대한민국,,Micrococcales > Micrococcaceae > Arthrobacter > Arthrobacter rhombi,37.174725,대한민국 서해,2010-05-10,Arthrobacter rhombi,서해
국립해양생물자원관_해양생물 채집 공간정보,https://www.data.go.kr/data/15151832/openapi.do,2014-01-03,marine_life,Decorospora gaudefroyi,Pleosporales > Pleosporaceae > Decorospora > Decorospora gaudefroyi,대한민국 전라남도 부안군 진서면,대한민국; 서해; 대한민국 전라남도 부안군 진서면,35.594276,126.599251,Decorospora gaudefroyi은(는) 서해에서 관찰·채집된 해양생물 소재로 사용할 수 있다.,해양생물 캐릭터와 바다 탐험 동화 소재,"생물의 이름, 서식 해역, 분류를 활용한 관찰 질문과 퀴즈",5-7;8-10,해양생물;Decorospora;gaudefroyi;Pleosporales;>;Pleosporaceae;서해;대한민국;전라남도;부안군;진서면,126.599251,대한민국,,Pleosporales > Pleosporaceae > Decorospora > Decorospora gaudefroyi,35.594276,대한민국 전라남도 부안군 진서면,2014-01-03,Decorospora gaudefroyi,서해
국립해양생물자원관_해양생물 채집 공간정보,https://www.data.go.kr/data/15151832/openapi.do,2016-01-06,marine_life,주둥치,Teleostei > Perciformes > Leiognathidae > Nuchequula > Nuchequula nuchalis,대한민국 부산광역시 기장군,대한민국; 동해남부; 대한민국 부산광역시 기장군,35.259884,129.237610,주둥치은(는) 동해남부에서 관찰·채집된 해양생물 소재로 사용할 수 있다.,해양생물 캐릭터와 바다 탐험 동화 소재,"생물의 이름, 서식 해역, 분류를 활용한 관찰 질문과 퀴즈",5-7;8-10,해양생물;주둥치;Nuchequula;nuchalis;Teleostei;>;Perciformes;Leiognathidae;동해남부;대한민국;부산광역시;기장군,129.237610,대한민국,주둥치,Teleostei > Perciformes > Leiognathidae > Nuchequula > Nuchequula nuchalis,35.259884,대한민국 부산광역시 기장군,2016-01-06,Nuchequula nuchalis,동해남부
국립해양생물자원관_해양생물 채집 공간정보,https://www.data.go.kr/data/15151832/openapi.do,2013-04-28,marine_life,참가시그물바탕말,Phaeophyceae > Dictyotales > Dictyotaceae > Dictyopteris > Dictyopteris pacifica,대한민국 제주특별자치도 서귀포시 성산읍 성산,대한민국; 남해서부; 대한민국 제주특별자치도 서귀포시 성산읍 성산,33.460114,126.925644,참가시그물바탕말은(는) 남해서부에서 관찰·채집된 해양생물 소재로 사용할 수 있다.,해양생물 캐릭터와 바다 탐험 동화 소재,"생물의 이름, 서식 해역, 분류를 활용한 관찰 질문과 퀴즈",5-7;8-10,해양생물;참가시그물바탕말;Dictyopteris;pacifica;Phaeophyceae;>;Dictyotales;Dictyotaceae;남해서부;대한민국;제주특별자치도;서귀포시,126.925644,대한민국,참가시그물바탕말,Phaeophyceae > Dictyotales > Dictyotaceae > Dictyopteris > Dictyopteris pacifica,33.460114,대한민국 제주특별자치도 서귀포시 성산읍 성산,2013-04-28,Dictyopteris pacifica,남해서부
국립해양생물자원관_해양생물 채집 공간정보,https://www.data.go.kr/data/15151832/openapi.do,2014-12-13,marine_life,가시뼈대그물말,Phaeophyceae > Dictyotales > Dictyotaceae > Dictyopteris > Dictyopteris prolifera,대한민국 경상북도 포항시 남구 구룡포읍 구룡포,대한민국; 동해남부; 대한민국 경상북도 포항시 남구 구룡포읍 구룡포,35.996532,129.566635,가시뼈대그물말은(는) 동해남부에서 관찰·채집된 해양생물 소재로 사용할 수 있다.,해양생물 캐릭터와 바다 탐험 동화 소재,"생물의 이름, 서식 해역, 분류를 활용한 관찰 질문과 퀴즈",5-7;8-10,해양생물;가시뼈대그물말;Dictyopteris;prolifera;Phaeophyceae;>;Dictyotales;Dictyotaceae;동해남부;대한민국;경상북도;포항시,129.566635,대한민국,가시뼈대그물말,Phaeophyceae > Dictyotales > Dictyotaceae > Dictyopteris > Dictyopteris prolifera,35.996532,대한민국 경상북도 포항시 남구 구룡포읍 구룡포,2014-12-13,Dictyopteris prolifera,동해남부
국립해양생물자원관_해양생물 채집 공간정보,https://www.data.go.kr/data/15151832/openapi.do,2015-10-19,marine_life,청줄돔,Teleostei > Perciformes > Pomacanthidae > Chaetodontoplus > Chaetodontoplus septentrionalis,대한민국 부산광역시,대한민국; 남해동부; 대한민국 부산광역시,34.917816,128.971359,청줄돔은(는) 남해동부에서 관찰·채집된 해양생물 소재로 사용할 수 있다.,해양생물 캐릭터와 바다 탐험 동화 소재,"생물의 이름, 서식 해역, 분류를 활용한 관찰 질문과 퀴즈",5-7;8-10,해양생물;청줄돔;Chaetodontoplus;septentrionalis;Teleostei;>;Perciformes;Pomacanthidae;남해동부;대한민국;부산광역시,128.971359,대한민국,청줄돔,Teleostei > Perciformes > Pomacanthidae > Chaetodontoplus > Chaetodontoplus septentrionalis,34.917816,대한민국 부산광역시,2015-10-19,Chaetodontoplus septentrionalis,남해동부
국립해양생물자원관_해양생물 채집 공간정보,https://www.data.go.kr/data/15151832/openapi.do,2011-06-16,marine_life,미끈뼈대그물말,Phaeophyceae > Dictyotales > Dictyotaceae > Dictyopteris > Dictyopteris divaricata,대한민국 전라북도 부안군 변산면 격포항,대한민국; 서해; 대한민국 전라북도 부안군 변산면 격포항,35.627247,126.470390,미끈뼈대그물말은(는) 서해에서 관찰·채집된 해양생물 소재로 사용할 수 있다.,해양생물 캐릭터와 바다 탐험 동화 소재,"생물의 이름, 서식 해역, 분류를 활용한 관찰 질문과 퀴즈",5-7;8-10,해양생물;미끈뼈대그물말;Dictyopteris;divaricata;Phaeophyceae;>;Dictyotales;Dictyotaceae;서해;대한민국;전라북도;부안군,126.470390,대한민국,미끈뼈대그물말,Phaeophyceae > Dictyotales > Dictyotaceae > Dictyopteris > Dictyopteris divaricata,35.627247,대한민국 전라북도 부안군 변산면 격포항,2011-06-16,Dictyopteris divaricata,서해
국립해양생물자원관_해양생물 채집 공간정보,https://www.data.go.kr/data/15151832/openapi.do,2016-05-19,marine_life,미끈뼈대그물말,Phaeophyceae > Dictyotales > Dictyotaceae > Dictyopteris > Dictyopteris divaricata,대한민국 전라남도 신안군 흑산면 예리3길,대한민국; 서해; 대한민국 전라남도 신안군 흑산면 예리3길,34.689339,125.451736,미끈뼈대그물말은(는) 서해에서 관찰·채집된 해양생물 소재로 사용할 수 있다.,해양생물 캐릭터와 바다 탐험 동화 소재,"생물의 이름, 서식 해역, 분류를 활용한 관찰 질문과 퀴즈",5-7;8-10,해양생물;미끈뼈대그물말;Dictyopteris;divaricata;Phaeophyceae;>;Dictyotales;Dictyotaceae;서해;대한민국;전라남도;신안군,125.451736,대한민국,미끈뼈대그물말,Phaeophyceae > Dictyotales > Dictyotaceae > Dictyopteris > Dictyopteris divaricata,34.689339,대한민국 전라남도 신안군 흑산면 예리3길,2016-05-19,Dictyopteris divaricata,서해
국립해양생물자원관_해양생물 채집 공간정보,https://www.data.go.kr/data/15151832/openapi.do,2016-03-26,marine_life,미역쇠,Scytosiphonaceae > Petalonia > Petalonia binghamiae,"대한민국 전라남도 여수시 삼산면 서도리,이금포해변","대한민국; 남해서부; 대한민국 전라남도 여수시 삼산면 서도리,이금포해변",34.055443,127.295105,미역쇠은(는) 남해서부에서 관찰·채집된 해양생물 소재로 사용할 수 있다.,해양생물 캐릭터와 바다 탐험 동화 소재,"생물의 이름, 서식 해역, 분류를 활용한 관찰 질문과 퀴즈",5-7;8-10,해양생물;미역쇠;Petalonia;binghamiae;Scytosiphonaceae;>;남해서부;대한민국;전라남도;여수시;삼산면;서도리,127.295105,대한민국,미역쇠,Scytosiphonaceae > Petalonia > Petalonia binghamiae,34.055443,"대한민국 전라남도 여수시 삼산면 서도리,이금포해변",2016-03-26,Petalonia binghamiae,남해서부
국립해양생물자원관_해양생물 채집 공간정보,https://www.data.go.kr/data/15151832/openapi.do,2015-12-26,marine_life,미역쇠,Scytosiphonaceae > Petalonia > Petalonia binghamiae,대한민국 경상북도 포항시 남구 구룡포읍 석봉2리,대한민국; 동해남부; 대한민국 경상북도 포항시 남구 구룡포읍 석봉2리,36.026028,129.577271,미역쇠은(는) 동해남부에서 관찰·채집된 해양생물 소재로 사용할 수 있다.,해양생물 캐릭터와 바다 탐험 동화 소재,"생물의 이름, 서식 해역, 분류를 활용한 관찰 질문과 퀴즈",5-7;8-10,해양생물;미역쇠;Petalonia;binghamiae;Scytosiphonaceae;>;동해남부;대한민국;경상북도;포항시;남구;구룡포읍,129.577271,대한민국,미역쇠,Scytosiphonaceae > Petalonia > Petalonia binghamiae,36.026028,대한민국 경상북도 포항시 남구 구룡포읍 석봉2리,2015-12-26,Petalonia binghamiae,동해남부
국립해양생물자원관_해양생물 채집 공간정보,https://www.data.go.kr/data/15151832/openapi.do,2015-01-20,marine_life,삼세기,Teleostei > Scorpaeniformes > Agonidae > Hemitripterus > Hemitripterus villosus,대한민국 부산광역시 강서구,대한민국; 남해동부; 대한민국 부산광역시 강서구,35.024479,128.787659,삼세기은(는) 남해동부에서 관찰·채집된 해양생물 소재로 사용할 수 있다.,해양생물 캐릭터와 바다 탐험 동화 소재,"생물의 이름, 서식 해역, 분류를 활용한 관찰 질문과 퀴즈",5-7;8-10,해양생물;삼세기;Hemitripterus;villosus;Teleostei;>;Scorpaeniformes;Agonidae;남해동부;대한민국;부산광역시;강서구,128.787659,대한민국,삼세기,Teleostei > Scorpaeniformes > Agonidae > Hemitripterus > Hemitripterus villosus,35.024479,대한민국 부산광역시 강서구,2015-01-20,Hemitripterus villosus,남해동부
국립해양생물자원관_해양생물 채집 공간정보,https://www.data.go.kr/data/15151832/openapi.do,2014-08-01,marine_life,참가시그물바탕말,Phaeophyceae > Dictyotales > Dictyotaceae > Dictyopteris > Dictyopteris pacifica,대한민국 강원도 삼척시 원덕읍 갈남,대한민국; 동해중부; 대한민국 강원도 삼척시 원덕읍 갈남,37.263279,129.328094,참가시그물바탕말은(는) 동해중부에서 관찰·채집된 해양생물 소재로 사용할 수 있다.,해양생물 캐릭터와 바다 탐험 동화 소재,"생물의 이름, 서식 해역, 분류를 활용한 관찰 질문과 퀴즈",5-7;8-10,해양생물;참가시그물바탕말;Dictyopteris;pacifica;Phaeophyceae;>;Dictyotales;Dictyotaceae;동해중부;대한민국;강원도;삼척시,129.328094,대한민국,참가시그물바탕말,Phaeophyceae > Dictyotales > Dictyotaceae > Dictyopteris > Dictyopteris pacifica,37.263279,대한민국 강원도 삼척시 원덕읍 갈남,2014-08-01,Dictyopteris pacifica,동해중부
국립해양생물자원관_해양생물 채집 공간정보,https://www.data.go.kr/data/15151832/openapi.do,2014-08-15,marine_life,가시뼈대그물말,Phaeophyceae > Dictyotales > Dictyotaceae > Dictyopteris > Dictyopteris prolifera,대한민국 전라북도 부안군 변산면 격포,대한민국; 서해; 대한민국 전라북도 부안군 변산면 격포,35.628838,126.467850,가시뼈대그물말은(는) 서해에서 관찰·채집된 해양생물 소재로 사용할 수 있다.,해양생물 캐릭터와 바다 탐험 동화 소재,"생물의 이름, 서식 해역, 분류를 활용한 관찰 질문과 퀴즈",5-7;8-10,해양생물;가시뼈대그물말;Dictyopteris;prolifera;Phaeophyceae;>;Dictyotales;Dictyotaceae;서해;대한민국;전라북도;부안군,126.467850,대한민국,가시뼈대그물말,Phaeophyceae > Dictyotales > Dictyotaceae > Dictyopteris > Dictyopteris prolifera,35.628838,대한민국 전라북도 부안군 변산면 격포,2014-08-15,Dictyopteris prolifera,서해
국립해양생물자원관_해양생물 채집 공간정보,https://www.data.go.kr/data/15151832/openapi.do,2014-02-17,marine_life,긴불레기말,Scytosiphonaceae > Dactylosiphon > Dactylosiphon bullosus,대한민국 경상북도 포항시 남구 호미곶면 구만리,대한민국; 동해남부; 대한민국 경상북도 포항시 남구 호미곶면 구만리,36.084415,129.552063,긴불레기말은(는) 동해남부에서 관찰·채집된 해양생물 소재로 사용할 수 있다.,해양생물 캐릭터와 바다 탐험 동화 소재,"생물의 이름, 서식 해역, 분류를 활용한 관찰 질문과 퀴즈",5-7;8-10,해양생물;긴불레기말;Dactylosiphon;bullosus;Scytosiphonaceae;>;동해남부;대한민국;경상북도;포항시;남구;호미곶면,129.552063,대한민국,긴불레기말,Scytosiphonaceae > Dactylosiphon > Dactylosiphon bullosus,36.084415,대한민국 경상북도 포항시 남구 호미곶면 구만리,2014-02-17,Dactylosiphon bullosus,동해남부
국립해양생물자원관_해양생물 채집 공간정보,https://www.data.go.kr/data/15151832/openapi.do,2010-05-10,marine_life,Vibrio diabolicus,Vibrionales > Vibrionaceae > Vibrio > Vibrio diabolicus,대한민국 서해,대한민국; 서해; 대한민국 서해,37.174725,126.631393,Vibrio diabolicus은(는) 서해에서 관찰·채집된 해양생물 소재로 사용할 수 있다.,해양생물 캐릭터와 바다 탐험 동화 소재,"생물의 이름, 서식 해역, 분류를 활용한 관찰 질문과 퀴즈",5-7;8-10,해양생물;Vibrio;diabolicus;Vibrionales;>;Vibrionaceae;서해;대한민국,126.631393,대한민국,,Vibrionales > Vibrionaceae > Vibrio > Vibrio diabolicus,37.174725,대한민국 서해,2010-05-10,Vibrio diabolicus,서해
국립해양생물자원관_해양생물 채집 공간정보,https://www.data.go.kr/data/15151832/openapi.do,2019-08-08,marine_life,Karrerulina conversa,Protista > Foraminifera > Globothalamea > Lituolida > Prolixoplectidae > Karrerulina > Karrerulina conversa,대한민국 제주근해,대한민국; 남해서부; 대한민국 제주근해,32.500000,127.000000,Karrerulina conversa은(는) 남해서부에서 관찰·채집된 해양생물 소재로 사용할 수 있다.,해양생물 캐릭터와 바다 탐험 동화 소재,"생물의 이름, 서식 해역, 분류를 활용한 관찰 질문과 퀴즈",5-7;8-10,해양생물;Karrerulina;conversa;Protista;>;Foraminifera;Globothalamea;Lituolida;Prolixoplectidae;남해서부;대한민국;제주근해,127.000000,대한민국,,Protista > Foraminifera > Globothalamea > Lituolida > Prolixoplectidae > Karrerulina > Karrerulina conversa,32.500000,대한민국 제주근해,2019-08-08,Karrerulina conversa,남해서부
국립해양생물자원관_해양생물 채집 공간정보,https://www.data.go.kr/data/15151832/openapi.do,2017-06-15,marine_life,민부풀음벌집소모충,Tintinnida > Ptychocylididae > Favella > Favella ehrenbergii,대한민국 강원도 강릉시 강릉항,대한민국; 동해중부; 대한민국 강원도 강릉시 강릉항,37.772167,128.951157,민부풀음벌집소모충은(는) 동해중부에서 관찰·채집된 해양생물 소재로 사용할 수 있다.,해양생물 캐릭터와 바다 탐험 동화 소재,"생물의 이름, 서식 해역, 분류를 활용한 관찰 질문과 퀴즈",5-7;8-10,해양생물;민부풀음벌집소모충;Favella;ehrenbergii;Tintinnida;>;Ptychocylididae;동해중부;대한민국;강원도;강릉시;강릉항,128.951157,대한민국,민부풀음벌집소모충,Tintinnida > Ptychocylididae > Favella > Favella ehrenbergii,37.772167,대한민국 강원도 강릉시 강릉항,2017-06-15,Favella ehrenbergii,동해중부
국립해양생물자원관_해양생물 채집 공간정보,https://www.data.go.kr/data/15151832/openapi.do,2010-05-10,marine_life,Staphylococcus epidermidis,Staphylococcus epidermidis,대한민국 서해,대한민국; 서해; 대한민국 서해,37.174725,126.631393,Staphylococcus epidermidis은(는) 서해에서 관찰·채집된 해양생물 소재로 사용할 수 있다.,해양생물 캐릭터와 바다 탐험 동화 소재,"생물의 이름, 서식 해역, 분류를 활용한 관찰 질문과 퀴즈",5-7;8-10,해양생물;Staphylococcus;epidermidis;서해;대한민국,126.631393,대한민국,,Staphylococcus epidermidis,37.174725,대한민국 서해,2010-05-10,Staphylococcus epidermidis,서해
국립해양생물자원관_해양생물 채집 공간정보,https://www.data.go.kr/data/15151832/openapi.do,2010-05-10,marine_life,Kytococcus sedentarius,Micrococcales > Kytococcaceae > Kytococcus > Kytococcus sedentarius,대한민국 서해,대한민국; 서해; 대한민국 서해,37.174725,126.631393,Kytococcus sedentarius은(는) 서해에서 관찰·채집된 해양생물 소재로 사용할 수 있다.,해양생물 캐릭터와 바다 탐험 동화 소재,"생물의 이름, 서식 해역, 분류를 활용한 관찰 질문과 퀴즈",5-7;8-10,해양생물;Kytococcus;sedentarius;Micrococcales;>;Kytococcaceae;서해;대한민국,126.631393,대한민국,,Micrococcales > Kytococcaceae > Kytococcus > Kytococcus sedentarius,37.174725,대한민국 서해,2010-05-10,Kytococcus sedentarius,서해
국립해양생물자원관_해양생물 채집 공간정보,https://www.data.go.kr/data/15151832/openapi.do,2010-05-10,marine_life,Staphylococcus xylosus,Staphylococcus xylosus,대한민국 서해,대한민국; 서해; 대한민국 서해,37.174725,126.631393,Staphylococcus xylosus은(는) 서해에서 관찰·채집된 해양생물 소재로 사용할 수 있다.,해양생물 캐릭터와 바다 탐험 동화 소재,"생물의 이름, 서식 해역, 분류를 활용한 관찰 질문과 퀴즈",5-7;8-10,해양생물;Staphylococcus;xylosus;서해;대한민국,126.631393,대한민국,,Staphylococcus xylosus,37.174725,대한민국 서해,2010-05-10,Staphylococcus xylosus,서해
국립해양생물자원관_해양생물 채집 공간정보,https://www.data.go.kr/data/15151832/openapi.do,2010-05-10,marine_life,Micrococcus aloeverae,Micrococcus aloeverae,대한민국 서해,대한민국; 서해; 대한민국 서해,37.174725,126.631393,Micrococcus aloeverae은(는) 서해에서 관찰·채집된 해양생물 소재로 사용할 수 있다.,해양생물 캐릭터와 바다 탐험 동화 소재,"생물의 이름, 서식 해역, 분류를 활용한 관찰 질문과 퀴즈",5-7;8-10,해양생물;Micrococcus;aloeverae;서해;대한민국,126.631393,대한민국,,Micrococcus aloeverae,37.174725,대한민국 서해,2010-05-10,Micrococcus aloeverae,서해
국립해양생물자원관_해양생물 채집 공간정보,https://www.data.go.kr/data/15151832/openapi.do,2012-08-14,marine_life,가시투성바다대벌레,Malacostraca > Amphipoda > Caprellidae > Caprella > Caprella acanthogaster,대한민국 인천광역시 중구,대한민국; 서해; 대한민국 인천광역시 중구,37.465206,126.593292,가시투성바다대벌레은(는) 서해에서 관찰·채집된 해양생물 소재로 사용할 수 있다.,해양생물 캐릭터와 바다 탐험 동화 소재,"생물의 이름, 서식 해역, 분류를 활용한 관찰 질문과 퀴즈",5-7;8-10,해양생물;가시투성바다대벌레;Caprella;acanthogaster;Malacostraca;>;Amphipoda;Caprellidae;서해;대한민국;인천광역시;중구,126.593292,대한민국,가시투성바다대벌레,Malacostraca > Amphipoda > Caprellidae > Caprella > Caprella acanthogaster,37.465206,대한민국 인천광역시 중구,2012-08-14,Caprella acanthogaster,서해
국립해양생물자원관_해양생물 채집 공간정보,https://www.data.go.kr/data/15151832/openapi.do,2015-12-26,marine_life,미역쇠,Scytosiphonaceae > Petalonia > Petalonia binghamiae,대한민국 경상북도 포항시 남구 호미곶면 구만2리,대한민국; 동해남부; 대한민국 경상북도 포항시 남구 호미곶면 구만2리,36.084415,129.552063,미역쇠은(는) 동해남부에서 관찰·채집된 해양생물 소재로 사용할 수 있다.,해양생물 캐릭터와 바다 탐험 동화 소재,"생물의 이름, 서식 해역, 분류를 활용한 관찰 질문과 퀴즈",5-7;8-10,해양생물;미역쇠;Petalonia;binghamiae;Scytosiphonaceae;>;동해남부;대한민국;경상북도;포항시;남구;호미곶면,129.552063,대한민국,미역쇠,Scytosiphonaceae > Petalonia > Petalonia binghamiae,36.084415,대한민국 경상북도 포항시 남구 호미곶면 구만2리,2015-12-26,Petalonia binghamiae,동해남부
국립해양생물자원관_해양생물 채집 공간정보,https://www.data.go.kr/data/15151832/openapi.do,2015-12-26,marine_life,미역쇠,Scytosiphonaceae > Petalonia > Petalonia binghamiae,대한민국 경상북도 포항시 남구 구룡포읍 석봉2리,대한민국; 동해남부; 대한민국 경상북도 포항시 남구 구룡포읍 석봉2리,36.026028,129.577271,미역쇠은(는) 동해남부에서 관찰·채집된 해양생물 소재로 사용할 수 있다.,해양생물 캐릭터와 바다 탐험 동화 소재,"생물의 이름, 서식 해역, 분류를 활용한 관찰 질문과 퀴즈",5-7;8-10,해양생물;미역쇠;Petalonia;binghamiae;Scytosiphonaceae;>;동해남부;대한민국;경상북도;포항시;남구;구룡포읍,129.577271,대한민국,미역쇠,Scytosiphonaceae > Petalonia > Petalonia binghamiae,36.026028,대한민국 경상북도 포항시 남구 구룡포읍 석봉2리,2015-12-26,Petalonia binghamiae,동해남부
국립해양생물자원관_해양생물 채집 공간정보,https://www.data.go.kr/data/15151832/openapi.do,2013-10-04,marine_life,개그물바탕말,Rugulopteryx okamurae,"대한민국 강원도 삼척시 원덕읍 갈남,삼척","대한민국; 동해중부; 대한민국 강원도 삼척시 원덕읍 갈남,삼척",37.262955,129.331284,개그물바탕말은(는) 동해중부에서 관찰·채집된 해양생물 소재로 사용할 수 있다.,해양생물 캐릭터와 바다 탐험 동화 소재,"생물의 이름, 서식 해역, 분류를 활용한 관찰 질문과 퀴즈",5-7;8-10,해양생물;개그물바탕말;Rugulopteryx;okamurae;동해중부;대한민국;강원도;삼척시;원덕읍;갈남;삼척,129.331284,대한민국,개그물바탕말,Rugulopteryx okamurae,37.262955,"대한민국 강원도 삼척시 원덕읍 갈남,삼척",2013-10-04,Rugulopteryx okamurae,동해중부
국립해양생물자원관_해양생물 채집 공간정보,https://www.data.go.kr/data/15151832/openapi.do,2004-10-04,marine_life,Qipengyuania flava,Sphingomonadales > Erythrobacteraceae > Qipengyuania > Qipengyuania flava,대한민국 부산광역시,대한민국; 남해동부; 대한민국 부산광역시,34.886112,128.952225,Qipengyuania flava은(는) 남해동부에서 관찰·채집된 해양생물 소재로 사용할 수 있다.,해양생물 캐릭터와 바다 탐험 동화 소재,"생물의 이름, 서식 해역, 분류를 활용한 관찰 질문과 퀴즈",5-7;8-10,해양생물;Qipengyuania;flava;Sphingomonadales;>;Erythrobacteraceae;남해동부;대한민국;부산광역시,128.952225,대한민국,,Sphingomonadales > Erythrobacteraceae > Qipengyuania > Qipengyuania flava,34.886112,대한민국 부산광역시,2004-10-04,Qipengyuania flava,남해동부
국립해양생물자원관_해양생물 채집 공간정보,https://www.data.go.kr/data/15151832/openapi.do,2004-10-04,marine_life,Roseivirga spongicola,Roseivirgaceae > Roseivirga > Roseivirga spongicola,대한민국 부산광역시,대한민국; 남해동부; 대한민국 부산광역시,34.886112,128.952225,Roseivirga spongicola은(는) 남해동부에서 관찰·채집된 해양생물 소재로 사용할 수 있다.,해양생물 캐릭터와 바다 탐험 동화 소재,"생물의 이름, 서식 해역, 분류를 활용한 관찰 질문과 퀴즈",5-7;8-10,해양생물;Roseivirga;spongicola;Roseivirgaceae;>;남해동부;대한민국;부산광역시,128.952225,대한민국,,Roseivirgaceae > Roseivirga > Roseivirga spongicola,34.886112,대한민국 부산광역시,2004-10-04,Roseivirga spongicola,남해동부
국립해양생물자원관_해양생물 채집 공간정보,https://www.data.go.kr/data/15151832/openapi.do,2004-10-04,marine_life,Ruegeria atlantica,Ruegeria atlantica,대한민국 부산광역시,대한민국; 남해동부; 대한민국 부산광역시,34.886112,128.952225,Ruegeria atlantica은(는) 남해동부에서 관찰·채집된 해양생물 소재로 사용할 수 있다.,해양생물 캐릭터와 바다 탐험 동화 소재,"생물의 이름, 서식 해역, 분류를 활용한 관찰 질문과 퀴즈",5-7;8-10,해양생물;Ruegeria;atlantica;남해동부;대한민국;부산광역시,128.952225,대한민국,,Ruegeria atlantica,34.886112,대한민국 부산광역시,2004-10-04,Ruegeria atlantica,남해동부
국립해양생물자원관_해양생물 채집 공간정보,https://www.data.go.kr/data/15151832/openapi.do,2015-10-03,marine_life,Penicillium westlingii,Penicillium westlingii,대한민국 전라남도 강진군 칠량면,대한민국; 남해서부; 대한민국 전라남도 강진군 칠량면,34.601025,126.781113,Penicillium westlingii은(는) 남해서부에서 관찰·채집된 해양생물 소재로 사용할 수 있다.,해양생물 캐릭터와 바다 탐험 동화 소재,"생물의 이름, 서식 해역, 분류를 활용한 관찰 질문과 퀴즈",5-7;8-10,해양생물;Penicillium;westlingii;남해서부;대한민국;전라남도;강진군;칠량면,126.781113,대한민국,,Penicillium westlingii,34.601025,대한민국 전라남도 강진군 칠량면,2015-10-03,Penicillium westlingii,남해서부
국립해양생물자원관_해양생물 채집 공간정보,https://www.data.go.kr/data/15151832/openapi.do,2016-10-14,marine_life,청각,Ulvophyceae > Bryopsidales > Codiaceae > Codium > Codium fragile,대한민국 전라남도 완도군 완도읍,대한민국; 남해서부; 대한민국 전라남도 완도군 완도읍,34.297554,126.702133,청각은(는) 남해서부에서 관찰·채집된 해양생물 소재로 사용할 수 있다.,해양생물 캐릭터와 바다 탐험 동화 소재,"생물의 이름, 서식 해역, 분류를 활용한 관찰 질문과 퀴즈",5-7;8-10,해양생물;청각;Codium;fragile;Ulvophyceae;>;Bryopsidales;Codiaceae;남해서부;대한민국;전라남도;완도군,126.702133,대한민국,청각,Ulvophyceae > Bryopsidales > Codiaceae > Codium > Codium fragile,34.297554,대한민국 전라남도 완도군 완도읍,2016-10-14,Codium fragile,남해서부
국립해양생물자원관_해양생물 채집 공간정보,https://www.data.go.kr/data/15151832/openapi.do,2004-10-04,marine_life,Kytococcus sedentarius,Micrococcales > Kytococcaceae > Kytococcus > Kytococcus sedentarius,대한민국 부산광역시,대한민국; 남해동부; 대한민국 부산광역시,34.886112,128.952225,Kytococcus sedentarius은(는) 남해동부에서 관찰·채집된 해양생물 소재로 사용할 수 있다.,해양생물 캐릭터와 바다 탐험 동화 소재,"생물의 이름, 서식 해역, 분류를 활용한 관찰 질문과 퀴즈",5-7;8-10,해양생물;Kytococcus;sedentarius;Micrococcales;>;Kytococcaceae;남해동부;대한민국;부산광역시,128.952225,대한민국,,Micrococcales > Kytococcaceae > Kytococcus > Kytococcus sedentarius,34.886112,대한민국 부산광역시,2004-10-04,Kytococcus sedentarius,남해동부
국립해양생물자원관_해양생물 채집 공간정보,https://www.data.go.kr/data/15151832/openapi.do,2016-10-22,marine_life,몽우리청각,Ulvophyceae > Bryopsidales > Codiaceae > Codium > Codium contractum,대한민국 제주특별자치도 제주시 구좌읍,대한민국; 남해서부; 대한민국 제주특별자치도 제주시 구좌읍,33.495510,126.910416,몽우리청각은(는) 남해서부에서 관찰·채집된 해양생물 소재로 사용할 수 있다.,해양생물 캐릭터와 바다 탐험 동화 소재,"생물의 이름, 서식 해역, 분류를 활용한 관찰 질문과 퀴즈",5-7;8-10,해양생물;몽우리청각;Codium;contractum;Ulvophyceae;>;Bryopsidales;Codiaceae;남해서부;대한민국;제주특별자치도;제주시,126.910416,대한민국,몽우리청각,Ulvophyceae > Bryopsidales > Codiaceae > Codium > Codium contractum,33.495510,대한민국 제주특별자치도 제주시 구좌읍,2016-10-22,Codium contractum,남해서부
국립해양생물자원관_해양생물 채집 공간정보,https://www.data.go.kr/data/15151832/openapi.do,2004-10-04,marine_life,Ruegeria atlantica,Ruegeria atlantica,대한민국 부산광역시,대한민국; 남해동부; 대한민국 부산광역시,34.886112,128.952225,Ruegeria atlantica은(는) 남해동부에서 관찰·채집된 해양생물 소재로 사용할 수 있다.,해양생물 캐릭터와 바다 탐험 동화 소재,"생물의 이름, 서식 해역, 분류를 활용한 관찰 질문과 퀴즈",5-7;8-10,해양생물;Ruegeria;atlantica;남해동부;대한민국;부산광역시,128.952225,대한민국,,Ruegeria atlantica,34.886112,대한민국 부산광역시,2004-10-04,Ruegeria atlantica,남해동부
국립해양생물자원관_해양생물 채집 공간정보,https://www.data.go.kr/data/15151832/openapi.do,2011-09-28,marine_life,보통주정노벌레,Undinula vulgaris,대한민국 경상북도 울진군,대한민국; 동해중부; 대한민국 경상북도 울진군,37.102520,129.407776,보통주정노벌레은(는) 동해중부에서 관찰·채집된 해양생물 소재로 사용할 수 있다.,해양생물 캐릭터와 바다 탐험 동화 소재,"생물의 이름, 서식 해역, 분류를 활용한 관찰 질문과 퀴즈",5-7;8-10,해양생물;보통주정노벌레;Undinula;vulgaris;동해중부;대한민국;경상북도;울진군,129.407776,대한민국,보통주정노벌레,Undinula vulgaris,37.102520,대한민국 경상북도 울진군,2011-09-28,Undinula vulgaris,동해중부
국립해양생물자원관_해양생물 채집 공간정보,https://www.data.go.kr/data/15151832/openapi.do,2011-11-21,marine_life,긴줄꼬마도화새우,Plesionika ortmanni,대한민국 제주근해,대한민국; 남해서부; 대한민국 제주근해,32.823334,126.758163,긴줄꼬마도화새우은(는) 남해서부에서 관찰·채집된 해양생물 소재로 사용할 수 있다.,해양생물 캐릭터와 바다 탐험 동화 소재,"생물의 이름, 서식 해역, 분류를 활용한 관찰 질문과 퀴즈",5-7;8-10,해양생물;긴줄꼬마도화새우;Plesionika;ortmanni;남해서부;대한민국;제주근해,126.758163,대한민국,긴줄꼬마도화새우,Plesionika ortmanni,32.823334,대한민국 제주근해,2011-11-21,Plesionika ortmanni,남해서부
국립해양생물자원관_해양생물 채집 공간정보,https://www.data.go.kr/data/15151832/openapi.do,2004-10-04,marine_life,Ruegeria denitrificans,Ruegeria denitrificans,대한민국 부산광역시,대한민국; 남해동부; 대한민국 부산광역시,34.886112,128.952225,Ruegeria denitrificans은(는) 남해동부에서 관찰·채집된 해양생물 소재로 사용할 수 있다.,해양생물 캐릭터와 바다 탐험 동화 소재,"생물의 이름, 서식 해역, 분류를 활용한 관찰 질문과 퀴즈",5-7;8-10,해양생물;Ruegeria;denitrificans;남해동부;대한민국;부산광역시,128.952225,대한민국,,Ruegeria denitrificans,34.886112,대한민국 부산광역시,2004-10-04,Ruegeria denitrificans,남해동부
국립해양생물자원관_해양생물 채집 공간정보,https://www.data.go.kr/data/15151832/openapi.do,2004-10-04,marine_life,Phaeobacter inhibens,Rhodobacterales > Paracoccaceae > Phaeobacter > Phaeobacter inhibens,대한민국 부산광역시,대한민국; 남해동부; 대한민국 부산광역시,34.886112,128.952225,Phaeobacter inhibens은(는) 남해동부에서 관찰·채집된 해양생물 소재로 사용할 수 있다.,해양생물 캐릭터와 바다 탐험 동화 소재,"생물의 이름, 서식 해역, 분류를 활용한 관찰 질문과 퀴즈",5-7;8-10,해양생물;Phaeobacter;inhibens;Rhodobacterales;>;Paracoccaceae;남해동부;대한민국;부산광역시,128.952225,대한민국,,Rhodobacterales > Paracoccaceae > Phaeobacter > Phaeobacter inhibens,34.886112,대한민국 부산광역시,2004-10-04,Phaeobacter inhibens,남해동부
국립해양생물자원관_해양생물 채집 공간정보,https://www.data.go.kr/data/15151832/openapi.do,2004-10-26,marine_life,Shewanella fidelis,Shewanellaceae > Shewanella > Shewanella fidelis,대한민국 경상북도 울릉군 울릉읍 독도,대한민국; 동해중부; 대한민국 경상북도 울릉군 울릉읍 독도,37.239723,131.867218,Shewanella fidelis은(는) 동해중부에서 관찰·채집된 해양생물 소재로 사용할 수 있다.,해양생물 캐릭터와 바다 탐험 동화 소재,"생물의 이름, 서식 해역, 분류를 활용한 관찰 질문과 퀴즈",5-7;8-10,해양생물;Shewanella;fidelis;Shewanellaceae;>;동해중부;대한민국;경상북도;울릉군;울릉읍;독도,131.867218,대한민국,,Shewanellaceae > Shewanella > Shewanella fidelis,37.239723,대한민국 경상북도 울릉군 울릉읍 독도,2004-10-26,Shewanella fidelis,동해중부
국립해양생물자원관_해양생물 채집 공간정보,https://www.data.go.kr/data/15151832/openapi.do,2010-06-15,marine_life,Pleopis polyphemoides,Podonidae > Pleopis > Pleopis polyphemoides,대한민국 부산광역시,대한민국; 남해동부; 대한민국 부산광역시,35.050941,128.882935,Pleopis polyphemoides은(는) 남해동부에서 관찰·채집된 해양생물 소재로 사용할 수 있다.,해양생물 캐릭터와 바다 탐험 동화 소재,"생물의 이름, 서식 해역, 분류를 활용한 관찰 질문과 퀴즈",5-7;8-10,해양생물;Pleopis;polyphemoides;Podonidae;>;남해동부;대한민국;부산광역시,128.882935,대한민국,,Podonidae > Pleopis > Pleopis polyphemoides,35.050941,대한민국 부산광역시,2010-06-15,Pleopis polyphemoides,남해동부
국립해양생물자원관_해양생물 채집 공간정보,https://www.data.go.kr/data/15151832/openapi.do,2010-08-28,marine_life,뾰족아참노벌레,Subeucalanus mucronatus,대한민국 부산광역시 기장군,대한민국; 동해남부; 대한민국 부산광역시 기장군,35.314587,129.313995,뾰족아참노벌레은(는) 동해남부에서 관찰·채집된 해양생물 소재로 사용할 수 있다.,해양생물 캐릭터와 바다 탐험 동화 소재,"생물의 이름, 서식 해역, 분류를 활용한 관찰 질문과 퀴즈",5-7;8-10,해양생물;뾰족아참노벌레;Subeucalanus;mucronatus;동해남부;대한민국;부산광역시;기장군,129.313995,대한민국,뾰족아참노벌레,Subeucalanus mucronatus,35.314587,대한민국 부산광역시 기장군,2010-08-28,Subeucalanus mucronatus,동해남부
국립해양생물자원관_해양생물 채집 공간정보,https://www.data.go.kr/data/15151832/openapi.do,2018-04-19,marine_life,갈가자미,Teleostei > Pleuronectiformes > Pleuronectidae > Glyptocephalus > Glyptocephalus kitaharae,대한민국 제주특별자치도,대한민국; 남해서부; 대한민국 제주특별자치도,32.755615,126.156776,갈가자미은(는) 남해서부에서 관찰·채집된 해양생물 소재로 사용할 수 있다.,해양생물 캐릭터와 바다 탐험 동화 소재,"생물의 이름, 서식 해역, 분류를 활용한 관찰 질문과 퀴즈",5-7;8-10,해양생물;갈가자미;Glyptocephalus;kitaharae;Teleostei;>;Pleuronectiformes;Pleuronectidae;남해서부;대한민국;제주특별자치도,126.156776,대한민국,갈가자미,Teleostei > Pleuronectiformes > Pleuronectidae > Glyptocephalus > Glyptocephalus kitaharae,32.755615,대한민국 제주특별자치도,2018-04-19,Glyptocephalus kitaharae,남해서부
국립해양생물자원관_해양생물 채집 공간정보,https://www.data.go.kr/data/15151832/openapi.do,2015-10-03,marine_life,Aspergillus terreus,Fungi > Ascomycota > Eurotiomycetes > Eurotiales > Aspergillaceae > Aspergillus > Aspergillus terreus,대한민국 전라남도 보성군 회천면,대한민국; 남해서부; 대한민국 전라남도 보성군 회천면,34.656250,127.061836,Aspergillus terreus은(는) 남해서부에서 관찰·채집된 해양생물 소재로 사용할 수 있다.,해양생물 캐릭터와 바다 탐험 동화 소재,"생물의 이름, 서식 해역, 분류를 활용한 관찰 질문과 퀴즈",5-7;8-10,해양생물;Aspergillus;terreus;Fungi;>;Ascomycota;Eurotiomycetes;Eurotiales;Aspergillaceae;남해서부;대한민국;전라남도,127.061836,대한민국,,Fungi > Ascomycota > Eurotiomycetes > Eurotiales > Aspergillaceae > Aspergillus > Aspergillus terreus,34.656250,대한민국 전라남도 보성군 회천면,2015-10-03,Aspergillus terreus,남해서부
국립해양생물자원관_해양생물 채집 공간정보,https://www.data.go.kr/data/15151832/openapi.do,2021-06-22,marine_life,미끈안방이끼벌레,Thalamoporellidae > Thalamoporella > Thalamoporella lioticha,대한민국 전라남도 신안군 흑산면 가거도 녹섬,대한민국; 서해; 대한민국 전라남도 신안군 흑산면 가거도 녹섬,34.046944,125.122704,미끈안방이끼벌레은(는) 서해에서 관찰·채집된 해양생물 소재로 사용할 수 있다.,해양생물 캐릭터와 바다 탐험 동화 소재,"생물의 이름, 서식 해역, 분류를 활용한 관찰 질문과 퀴즈",5-7;8-10,해양생물;미끈안방이끼벌레;Thalamoporella;lioticha;Thalamoporellidae;>;서해;대한민국;전라남도;신안군;흑산면;가거도,125.122704,대한민국,미끈안방이끼벌레,Thalamoporellidae > Thalamoporella > Thalamoporella lioticha,34.046944,대한민국 전라남도 신안군 흑산면 가거도 녹섬,2021-06-22,Thalamoporella lioticha,서해
국립해양생물자원관_해양생물 채집 공간정보,https://www.data.go.kr/data/15151832/openapi.do,2021-03-16,marine_life,자주빛이끼벌레,Watersiporidae > Watersipora > Watersipora subtorquata,대한민국 전라북도 부안군 변산면 격포해수욕장,대한민국; 서해; 대한민국 전라북도 부안군 변산면 격포해수욕장,35.628166,126.468742,자주빛이끼벌레은(는) 서해에서 관찰·채집된 해양생물 소재로 사용할 수 있다.,해양생물 캐릭터와 바다 탐험 동화 소재,"생물의 이름, 서식 해역, 분류를 활용한 관찰 질문과 퀴즈",5-7;8-10,해양생물;자주빛이끼벌레;Watersipora;subtorquata;Watersiporidae;>;서해;대한민국;전라북도;부안군;변산면;격포해수욕장,126.468742,대한민국,자주빛이끼벌레,Watersiporidae > Watersipora > Watersipora subtorquata,35.628166,대한민국 전라북도 부안군 변산면 격포해수욕장,2021-03-16,Watersipora subtorquata,서해
국립해양생물자원관_해양생물 채집 공간정보,https://www.data.go.kr/data/15151832/openapi.do,2021-06-24,marine_life,철빛종이끼벌레,Metroperiella montferrandii,대한민국 전라남도 신안군 흑산면 가거도 사끼미,대한민국; 서해; 대한민국 전라남도 신안군 흑산면 가거도 사끼미,34.094791,125.106537,철빛종이끼벌레은(는) 서해에서 관찰·채집된 해양생물 소재로 사용할 수 있다.,해양생물 캐릭터와 바다 탐험 동화 소재,"생물의 이름, 서식 해역, 분류를 활용한 관찰 질문과 퀴즈",5-7;8-10,해양생물;철빛종이끼벌레;Metroperiella;montferrandii;서해;대한민국;전라남도;신안군;흑산면;가거도;사끼미,125.106537,대한민국,철빛종이끼벌레,Metroperiella montferrandii,34.094791,대한민국 전라남도 신안군 흑산면 가거도 사끼미,2021-06-24,Metroperiella montferrandii,서해
국립해양생물자원관_해양생물 채집 공간정보,https://www.data.go.kr/data/15151832/openapi.do,2014-01-06,marine_life,대구,Teleostei > Gadiformes > Gadidae > Gadus > Gadus macrocephalus,대한민국 강원도 강릉시 주문진읍,대한민국; 동해중부; 대한민국 강원도 강릉시 주문진읍,38.106075,128.663727,대구은(는) 동해중부에서 관찰·채집된 해양생물 소재로 사용할 수 있다.,해양생물 캐릭터와 바다 탐험 동화 소재,"생물의 이름, 서식 해역, 분류를 활용한 관찰 질문과 퀴즈",5-7;8-10,해양생물;대구;Gadus;macrocephalus;Teleostei;>;Gadiformes;Gadidae;동해중부;대한민국;강원도;강릉시,128.663727,대한민국,대구,Teleostei > Gadiformes > Gadidae > Gadus > Gadus macrocephalus,38.106075,대한민국 강원도 강릉시 주문진읍,2014-01-06,Gadus macrocephalus,동해중부
국립해양생물자원관_해양생물 채집 공간정보,https://www.data.go.kr/data/15151832/openapi.do,2014-01-17,marine_life,전어,Teleostei > Clupeiformes > Dorosomatidae > Konosirus > Konosirus punctatus,대한민국 경상북도 포항시,대한민국; 동해남부; 대한민국 경상북도 포항시,36.058956,129.470764,전어은(는) 동해남부에서 관찰·채집된 해양생물 소재로 사용할 수 있다.,해양생물 캐릭터와 바다 탐험 동화 소재,"생물의 이름, 서식 해역, 분류를 활용한 관찰 질문과 퀴즈",5-7;8-10,해양생물;전어;Konosirus;punctatus;Teleostei;>;Clupeiformes;Dorosomatidae;동해남부;대한민국;경상북도;포항시,129.470764,대한민국,전어,Teleostei > Clupeiformes > Dorosomatidae > Konosirus > Konosirus punctatus,36.058956,대한민국 경상북도 포항시,2014-01-17,Konosirus punctatus,동해남부
국립해양생물자원관_해양생물 채집 공간정보,https://www.data.go.kr/data/15151832/openapi.do,2014-01-17,marine_life,전어,Teleostei > Clupeiformes > Dorosomatidae > Konosirus > Konosirus punctatus,대한민국 경상북도 포항시,대한민국; 동해남부; 대한민국 경상북도 포항시,36.058956,129.470764,전어은(는) 동해남부에서 관찰·채집된 해양생물 소재로 사용할 수 있다.,해양생물 캐릭터와 바다 탐험 동화 소재,"생물의 이름, 서식 해역, 분류를 활용한 관찰 질문과 퀴즈",5-7;8-10,해양생물;전어;Konosirus;punctatus;Teleostei;>;Clupeiformes;Dorosomatidae;동해남부;대한민국;경상북도;포항시,129.470764,대한민국,전어,Teleostei > Clupeiformes > Dorosomatidae > Konosirus > Konosirus punctatus,36.058956,대한민국 경상북도 포항시,2014-01-17,Konosirus punctatus,동해남부
국립해양생물자원관_해양생물 채집 공간정보,https://www.data.go.kr/data/15151832/openapi.do,2004-10-26,marine_life,Knoellia locipacati,Micrococcales > Intrasporangiaceae > Knoellia > Knoellia locipacati,대한민국 경상북도 울릉군 울릉읍 독도,대한민국; 동해중부; 대한민국 경상북도 울릉군 울릉읍 독도,37.239723,131.867218,Knoellia locipacati은(는) 동해중부에서 관찰·채집된 해양생물 소재로 사용할 수 있다.,해양생물 캐릭터와 바다 탐험 동화 소재,"생물의 이름, 서식 해역, 분류를 활용한 관찰 질문과 퀴즈",5-7;8-10,해양생물;Knoellia;locipacati;Micrococcales;>;Intrasporangiaceae;동해중부;대한민국;경상북도;울릉군;울릉읍;독도,131.867218,대한민국,,Micrococcales > Intrasporangiaceae > Knoellia > Knoellia locipacati,37.239723,대한민국 경상북도 울릉군 울릉읍 독도,2004-10-26,Knoellia locipacati,동해중부
국립해양생물자원관_해양생물 채집 공간정보,https://www.data.go.kr/data/15151832/openapi.do,2014-01-17,marine_life,전어,Teleostei > Clupeiformes > Dorosomatidae > Konosirus > Konosirus punctatus,대한민국 경상북도 포항시,대한민국; 동해남부; 대한민국 경상북도 포항시,36.058956,129.470764,전어은(는) 동해남부에서 관찰·채집된 해양생물 소재로 사용할 수 있다.,해양생물 캐릭터와 바다 탐험 동화 소재,"생물의 이름, 서식 해역, 분류를 활용한 관찰 질문과 퀴즈",5-7;8-10,해양생물;전어;Konosirus;punctatus;Teleostei;>;Clupeiformes;Dorosomatidae;동해남부;대한민국;경상북도;포항시,129.470764,대한민국,전어,Teleostei > Clupeiformes > Dorosomatidae > Konosirus > Konosirus punctatus,36.058956,대한민국 경상북도 포항시,2014-01-17,Konosirus punctatus,동해남부
국립해양생물자원관_해양생물 채집 공간정보,https://www.data.go.kr/data/15151832/openapi.do,2021-06-22,marine_life,뾰족입짠물응애,Trombidiformes > Halacaridae > Copidognathus > Copidognathus koreanus,대한민국 제주특별자치도 서귀포시 성산읍,대한민국; 남해서부; 대한민국 제주특별자치도 서귀포시 성산읍,33.435417,126.925995,뾰족입짠물응애은(는) 남해서부에서 관찰·채집된 해양생물 소재로 사용할 수 있다.,해양생물 캐릭터와 바다 탐험 동화 소재,"생물의 이름, 서식 해역, 분류를 활용한 관찰 질문과 퀴즈",5-7;8-10,해양생물;뾰족입짠물응애;Copidognathus;koreanus;Trombidiformes;>;Halacaridae;남해서부;대한민국;제주특별자치도;서귀포시;성산읍,126.925995,대한민국,뾰족입짠물응애,Trombidiformes > Halacaridae > Copidognathus > Copidognathus koreanus,33.435417,대한민국 제주특별자치도 서귀포시 성산읍,2021-06-22,Copidognathus koreanus,남해서부
국립해양생물자원관_해양생물 채집 공간정보,https://www.data.go.kr/data/15151832/openapi.do,2016-08-21,marine_life,솜대마디말,Ulvophyceae > Cladophorales > Cladophoraceae > Cladophora > Cladophora albida,대한민국 충청남도 태안군 원북면,대한민국; 서해; 대한민국 충청남도 태안군 원북면,36.899891,126.197388,솜대마디말은(는) 서해에서 관찰·채집된 해양생물 소재로 사용할 수 있다.,해양생물 캐릭터와 바다 탐험 동화 소재,"생물의 이름, 서식 해역, 분류를 활용한 관찰 질문과 퀴즈",5-7;8-10,해양생물;솜대마디말;Cladophora;albida;Ulvophyceae;>;Cladophorales;Cladophoraceae;서해;대한민국;충청남도;태안군,126.197388,대한민국,솜대마디말,Ulvophyceae > Cladophorales > Cladophoraceae > Cladophora > Cladophora albida,36.899891,대한민국 충청남도 태안군 원북면,2016-08-21,Cladophora albida,서해
국립해양생물자원관_해양생물 채집 공간정보,https://www.data.go.kr/data/15151832/openapi.do,2013-04-25,marine_life,넓은미역쇠,Punctaria latifolia,대한민국 전라남도 완도군 보길면 예송리,대한민국; 남해서부; 대한민국 전라남도 완도군 보길면 예송리,34.141014,126.564034,넓은미역쇠은(는) 남해서부에서 관찰·채집된 해양생물 소재로 사용할 수 있다.,해양생물 캐릭터와 바다 탐험 동화 소재,"생물의 이름, 서식 해역, 분류를 활용한 관찰 질문과 퀴즈",5-7;8-10,해양생물;넓은미역쇠;Punctaria;latifolia;남해서부;대한민국;전라남도;완도군;보길면;예송리,126.564034,대한민국,넓은미역쇠,Punctaria latifolia,34.141014,대한민국 전라남도 완도군 보길면 예송리,2013-04-25,Punctaria latifolia,남해서부
국립해양생물자원관_해양생물 채집 공간정보,https://www.data.go.kr/data/15151832/openapi.do,2016-04-01,marine_life,민가지말,Phaeophyceae > Ectocarpales > Chordariaceae > Chordaria > Chordaria flagelliformis,대한민국 경상북도 경주시 감포읍 감포리,대한민국; 동해남부; 대한민국 경상북도 경주시 감포읍 감포리,35.806595,129.506241,민가지말은(는) 동해남부에서 관찰·채집된 해양생물 소재로 사용할 수 있다.,해양생물 캐릭터와 바다 탐험 동화 소재,"생물의 이름, 서식 해역, 분류를 활용한 관찰 질문과 퀴즈",5-7;8-10,해양생물;민가지말;Chordaria;flagelliformis;Phaeophyceae;>;Ectocarpales;Chordariaceae;동해남부;대한민국;경상북도;경주시,129.506241,대한민국,민가지말,Phaeophyceae > Ectocarpales > Chordariaceae > Chordaria > Chordaria flagelliformis,35.806595,대한민국 경상북도 경주시 감포읍 감포리,2016-04-01,Chordaria flagelliformis,동해남부
국립해양생물자원관_해양생물 채집 공간정보,https://www.data.go.kr/data/15151832/openapi.do,2014-01-03,marine_life,바위두둑,Phaeophyceae > Ectocarpales > Chordariaceae > Leathesia > Leathesia marina,대한민국 부산광역시 기장군 기장읍 연화리,대한민국; 동해남부; 대한민국 부산광역시 기장군 기장읍 연화리,35.215683,129.225067,바위두둑은(는) 동해남부에서 관찰·채집된 해양생물 소재로 사용할 수 있다.,해양생물 캐릭터와 바다 탐험 동화 소재,"생물의 이름, 서식 해역, 분류를 활용한 관찰 질문과 퀴즈",5-7;8-10,해양생물;바위두둑;Leathesia;marina;Phaeophyceae;>;Ectocarpales;Chordariaceae;동해남부;대한민국;부산광역시;기장군,129.225067,대한민국,바위두둑,Phaeophyceae > Ectocarpales > Chordariaceae > Leathesia > Leathesia marina,35.215683,대한민국 부산광역시 기장군 기장읍 연화리,2014-01-03,Leathesia marina,동해남부
국립해양생물자원관_해양생물 채집 공간정보,https://www.data.go.kr/data/15151832/openapi.do,2019-09-26,marine_life,Longipedia koreana,Polyarthra > Longipediidae > Longipedia > Longipedia koreana,대한민국 전라북도 부안군 위도면,대한민국; 서해; 대한민국 전라북도 부안군 위도면,35.571316,126.280540,Longipedia koreana은(는) 서해에서 관찰·채집된 해양생물 소재로 사용할 수 있다.,해양생물 캐릭터와 바다 탐험 동화 소재,"생물의 이름, 서식 해역, 분류를 활용한 관찰 질문과 퀴즈",5-7;8-10,해양생물;Longipedia;koreana;Polyarthra;>;Longipediidae;서해;대한민국;전라북도;부안군;위도면,126.280540,대한민국,,Polyarthra > Longipediidae > Longipedia > Longipedia koreana,35.571316,대한민국 전라북도 부안군 위도면,2019-09-26,Longipedia koreana,서해
국립해양생물자원관_해양생물 채집 공간정보,https://www.data.go.kr/data/15151832/openapi.do,2021-09-12,marine_life,대롱수염새우,Solenoceridae > Solenocera > Solenocera melantho,대한민국 서해 한·중 잠정조치수역,대한민국; 서해; 대한민국 서해 한·중 잠정조치수역,34.805832,123.682495,대롱수염새우은(는) 서해에서 관찰·채집된 해양생물 소재로 사용할 수 있다.,해양생물 캐릭터와 바다 탐험 동화 소재,"생물의 이름, 서식 해역, 분류를 활용한 관찰 질문과 퀴즈",5-7;8-10,해양생물;대롱수염새우;Solenocera;melantho;Solenoceridae;>;서해;대한민국;한·중;잠정조치수역,123.682495,대한민국,대롱수염새우,Solenoceridae > Solenocera > Solenocera melantho,34.805832,대한민국 서해 한·중 잠정조치수역,2021-09-12,Solenocera melantho,서해
국립해양생물자원관_해양생물 채집 공간정보,https://www.data.go.kr/data/15151832/openapi.do,2021-09-12,marine_life,대롱수염새우,Solenoceridae > Solenocera > Solenocera melantho,대한민국 서해 한·중 잠정조치수역,대한민국; 서해; 대한민국 서해 한·중 잠정조치수역,34.805832,123.682495,대롱수염새우은(는) 서해에서 관찰·채집된 해양생물 소재로 사용할 수 있다.,해양생물 캐릭터와 바다 탐험 동화 소재,"생물의 이름, 서식 해역, 분류를 활용한 관찰 질문과 퀴즈",5-7;8-10,해양생물;대롱수염새우;Solenocera;melantho;Solenoceridae;>;서해;대한민국;한·중;잠정조치수역,123.682495,대한민국,대롱수염새우,Solenoceridae > Solenocera > Solenocera melantho,34.805832,대한민국 서해 한·중 잠정조치수역,2021-09-12,Solenocera melantho,서해
국립해양생물자원관_해양생물 채집 공간정보,https://www.data.go.kr/data/15151832/openapi.do,2021-09-10,marine_life,대롱수염새우,Solenoceridae > Solenocera > Solenocera melantho,대한민국 서해 한·중 잠정조치수역,대한민국; 서해; 대한민국 서해 한·중 잠정조치수역,33.773613,123.281555,대롱수염새우은(는) 서해에서 관찰·채집된 해양생물 소재로 사용할 수 있다.,해양생물 캐릭터와 바다 탐험 동화 소재,"생물의 이름, 서식 해역, 분류를 활용한 관찰 질문과 퀴즈",5-7;8-10,해양생물;대롱수염새우;Solenocera;melantho;Solenoceridae;>;서해;대한민국;한·중;잠정조치수역,123.281555,대한민국,대롱수염새우,Solenoceridae > Solenocera > Solenocera melantho,33.773613,대한민국 서해 한·중 잠정조치수역,2021-09-10,Solenocera melantho,서해
국립해양생물자원관_해양생물 채집 공간정보,https://www.data.go.kr/data/15151832/openapi.do,2016-05-21,marine_life,잘록이고리매,Scytosiphonaceae > Scytosiphon > Scytosiphon lomentaria,"대한민국 전라남도 신안군 흑산면 홍도리,홍도항","대한민국; 서해; 대한민국 전라남도 신안군 흑산면 홍도리,홍도항",34.684513,125.192764,잘록이고리매은(는) 서해에서 관찰·채집된 해양생물 소재로 사용할 수 있다.,해양생물 캐릭터와 바다 탐험 동화 소재,"생물의 이름, 서식 해역, 분류를 활용한 관찰 질문과 퀴즈",5-7;8-10,해양생물;잘록이고리매;Scytosiphon;lomentaria;Scytosiphonaceae;>;서해;대한민국;전라남도;신안군;흑산면;홍도리,125.192764,대한민국,잘록이고리매,Scytosiphonaceae > Scytosiphon > Scytosiphon lomentaria,34.684513,"대한민국 전라남도 신안군 흑산면 홍도리,홍도항",2016-05-21,Scytosiphon lomentaria,서해
국립해양생물자원관_해양생물 채집 공간정보,https://www.data.go.kr/data/15151832/openapi.do,2016-04-01,marine_life,미역쇠,Scytosiphonaceae > Petalonia > Petalonia binghamiae,대한민국 경상북도 포항시 남구 구룡포읍 구룡포,대한민국; 동해남부; 대한민국 경상북도 포항시 남구 구룡포읍 구룡포,35.992680,129.567154,미역쇠은(는) 동해남부에서 관찰·채집된 해양생물 소재로 사용할 수 있다.,해양생물 캐릭터와 바다 탐험 동화 소재,"생물의 이름, 서식 해역, 분류를 활용한 관찰 질문과 퀴즈",5-7;8-10,해양생물;미역쇠;Petalonia;binghamiae;Scytosiphonaceae;>;동해남부;대한민국;경상북도;포항시;남구;구룡포읍,129.567154,대한민국,미역쇠,Scytosiphonaceae > Petalonia > Petalonia binghamiae,35.992680,대한민국 경상북도 포항시 남구 구룡포읍 구룡포,2016-04-01,Petalonia binghamiae,동해남부
국립해양생물자원관_해양생물 채집 공간정보,https://www.data.go.kr/data/15151832/openapi.do,2014-01-03,marine_life,개그물바탕말,Rugulopteryx okamurae,대한민국 부산광역시 기장군 기장읍 연화리,대한민국; 동해남부; 대한민국 부산광역시 기장군 기장읍 연화리,35.215683,129.225067,개그물바탕말은(는) 동해남부에서 관찰·채집된 해양생물 소재로 사용할 수 있다.,해양생물 캐릭터와 바다 탐험 동화 소재,"생물의 이름, 서식 해역, 분류를 활용한 관찰 질문과 퀴즈",5-7;8-10,해양생물;개그물바탕말;Rugulopteryx;okamurae;동해남부;대한민국;부산광역시;기장군;기장읍;연화리,129.225067,대한민국,개그물바탕말,Rugulopteryx okamurae,35.215683,대한민국 부산광역시 기장군 기장읍 연화리,2014-01-03,Rugulopteryx okamurae,동해남부
국립해양생물자원관_해양생물 채집 공간정보,https://www.data.go.kr/data/15151832/openapi.do,2013-10-03,marine_life,참가시그물바탕말,Phaeophyceae > Dictyotales > Dictyotaceae > Dictyopteris > Dictyopteris pacifica,"대한민국 강원도 속초시 대포동 속초,대포항","대한민국; 동해중부; 대한민국 강원도 속초시 대포동 속초,대포항",38.173878,128.605606,참가시그물바탕말은(는) 동해중부에서 관찰·채집된 해양생물 소재로 사용할 수 있다.,해양생물 캐릭터와 바다 탐험 동화 소재,"생물의 이름, 서식 해역, 분류를 활용한 관찰 질문과 퀴즈",5-7;8-10,해양생물;참가시그물바탕말;Dictyopteris;pacifica;Phaeophyceae;>;Dictyotales;Dictyotaceae;동해중부;대한민국;강원도;속초시,128.605606,대한민국,참가시그물바탕말,Phaeophyceae > Dictyotales > Dictyotaceae > Dictyopteris > Dictyopteris pacifica,38.173878,"대한민국 강원도 속초시 대포동 속초,대포항",2013-10-03,Dictyopteris pacifica,동해중부
국립해양생물자원관_해양생물 채집 공간정보,https://www.data.go.kr/data/15151832/openapi.do,2015-12-26,marine_life,미역쇠,Scytosiphonaceae > Petalonia > Petalonia binghamiae,대한민국 경상북도 포항시 남구 호미곶면 호미곶 327-1,대한민국; 동해남부; 대한민국 경상북도 포항시 남구 호미곶면 호미곶 327-1,36.081444,129.559845,미역쇠은(는) 동해남부에서 관찰·채집된 해양생물 소재로 사용할 수 있다.,해양생물 캐릭터와 바다 탐험 동화 소재,"생물의 이름, 서식 해역, 분류를 활용한 관찰 질문과 퀴즈",5-7;8-10,해양생물;미역쇠;Petalonia;binghamiae;Scytosiphonaceae;>;동해남부;대한민국;경상북도;포항시;남구;호미곶면,129.559845,대한민국,미역쇠,Scytosiphonaceae > Petalonia > Petalonia binghamiae,36.081444,대한민국 경상북도 포항시 남구 호미곶면 호미곶 327-1,2015-12-26,Petalonia binghamiae,동해남부
국립해양생물자원관_해양생물 채집 공간정보,https://www.data.go.kr/data/15151832/openapi.do,2016-04-01,marine_life,미역쇠,Scytosiphonaceae > Petalonia > Petalonia binghamiae,대한민국 경상북도 포항시 남구 구룡포읍 구룡포,대한민국; 동해남부; 대한민국 경상북도 포항시 남구 구룡포읍 구룡포,35.992680,129.567154,미역쇠은(는) 동해남부에서 관찰·채집된 해양생물 소재로 사용할 수 있다.,해양생물 캐릭터와 바다 탐험 동화 소재,"생물의 이름, 서식 해역, 분류를 활용한 관찰 질문과 퀴즈",5-7;8-10,해양생물;미역쇠;Petalonia;binghamiae;Scytosiphonaceae;>;동해남부;대한민국;경상북도;포항시;남구;구룡포읍,129.567154,대한민국,미역쇠,Scytosiphonaceae > Petalonia > Petalonia binghamiae,35.992680,대한민국 경상북도 포항시 남구 구룡포읍 구룡포,2016-04-01,Petalonia binghamiae,동해남부
국립해양생물자원관_해양생물 채집 공간정보,https://www.data.go.kr/data/15151832/openapi.do,2016-05-05,marine_life,반질불레기말,Scytosiphonaceae > Colpomenia > Colpomenia peregrina,대한민국 전라남도 진도군 의신면 금갑,대한민국; 남해서부; 대한민국 전라남도 진도군 의신면 금갑,34.395527,126.276901,반질불레기말은(는) 남해서부에서 관찰·채집된 해양생물 소재로 사용할 수 있다.,해양생물 캐릭터와 바다 탐험 동화 소재,"생물의 이름, 서식 해역, 분류를 활용한 관찰 질문과 퀴즈",5-7;8-10,해양생물;반질불레기말;Colpomenia;peregrina;Scytosiphonaceae;>;남해서부;대한민국;전라남도;진도군;의신면;금갑,126.276901,대한민국,반질불레기말,Scytosiphonaceae > Colpomenia > Colpomenia peregrina,34.395527,대한민국 전라남도 진도군 의신면 금갑,2016-05-05,Colpomenia peregrina,남해서부
국립해양생물자원관_해양생물 채집 공간정보,https://www.data.go.kr/data/15151832/openapi.do,2014-02-18,marine_life,잘록이고리매,Scytosiphonaceae > Scytosiphon > Scytosiphon lomentaria,대한민국 경상남도 남해군 서면 서상,대한민국; 남해동부; 대한민국 경상남도 남해군 서면 서상,34.798534,127.836380,잘록이고리매은(는) 남해동부에서 관찰·채집된 해양생물 소재로 사용할 수 있다.,해양생물 캐릭터와 바다 탐험 동화 소재,"생물의 이름, 서식 해역, 분류를 활용한 관찰 질문과 퀴즈",5-7;8-10,해양생물;잘록이고리매;Scytosiphon;lomentaria;Scytosiphonaceae;>;남해동부;대한민국;경상남도;남해군;서면;서상,127.836380,대한민국,잘록이고리매,Scytosiphonaceae > Scytosiphon > Scytosiphon lomentaria,34.798534,대한민국 경상남도 남해군 서면 서상,2014-02-18,Scytosiphon lomentaria,남해동부
국립해양생물자원관_해양생물 채집 공간정보,https://www.data.go.kr/data/15151832/openapi.do,2014-06-27,marine_life,민가지말,Phaeophyceae > Ectocarpales > Chordariaceae > Chordaria > Chordaria flagelliformis,대한민국 제주특별자치도 제주시 추자면 추자항,대한민국; 남해서부; 대한민국 제주특별자치도 제주시 추자면 추자항,33.962414,126.296425,민가지말은(는) 남해서부에서 관찰·채집된 해양생물 소재로 사용할 수 있다.,해양생물 캐릭터와 바다 탐험 동화 소재,"생물의 이름, 서식 해역, 분류를 활용한 관찰 질문과 퀴즈",5-7;8-10,해양생물;민가지말;Chordaria;flagelliformis;Phaeophyceae;>;Ectocarpales;Chordariaceae;남해서부;대한민국;제주특별자치도;제주시,126.296425,대한민국,민가지말,Phaeophyceae > Ectocarpales > Chordariaceae > Chordaria > Chordaria flagelliformis,33.962414,대한민국 제주특별자치도 제주시 추자면 추자항,2014-06-27,Chordaria flagelliformis,남해서부
국립해양생물자원관_해양생물 채집 공간정보,https://www.data.go.kr/data/15151832/openapi.do,2015-12-26,marine_life,불레기말,Scytosiphonaceae > Colpomenia > Colpomenia sinuosa,대한민국 경상북도 포항시 남구 호미곶면 구만2리,대한민국; 동해남부; 대한민국 경상북도 포항시 남구 호미곶면 구만2리,36.084415,129.552063,불레기말은(는) 동해남부에서 관찰·채집된 해양생물 소재로 사용할 수 있다.,해양생물 캐릭터와 바다 탐험 동화 소재,"생물의 이름, 서식 해역, 분류를 활용한 관찰 질문과 퀴즈",5-7;8-10,해양생물;불레기말;Colpomenia;sinuosa;Scytosiphonaceae;>;동해남부;대한민국;경상북도;포항시;남구;호미곶면,129.552063,대한민국,불레기말,Scytosiphonaceae > Colpomenia > Colpomenia sinuosa,36.084415,대한민국 경상북도 포항시 남구 호미곶면 구만2리,2015-12-26,Colpomenia sinuosa,동해남부
국립해양생물자원관_해양생물 채집 공간정보,https://www.data.go.kr/data/15151832/openapi.do,2016-03-26,marine_life,바위주름,Phaeophyceae > Ectocarpales > Petrospongiaceae > Petrospongium > Petrospongium rugosum,"대한민국 전라남도 여수시 삼산면 서도리,이금포해변","대한민국; 남해서부; 대한민국 전라남도 여수시 삼산면 서도리,이금포해변",34.055443,127.295105,바위주름은(는) 남해서부에서 관찰·채집된 해양생물 소재로 사용할 수 있다.,해양생물 캐릭터와 바다 탐험 동화 소재,"생물의 이름, 서식 해역, 분류를 활용한 관찰 질문과 퀴즈",5-7;8-10,해양생물;바위주름;Petrospongium;rugosum;Phaeophyceae;>;Ectocarpales;Petrospongiaceae;남해서부;대한민국;전라남도;여수시,127.295105,대한민국,바위주름,Phaeophyceae > Ectocarpales > Petrospongiaceae > Petrospongium > Petrospongium rugosum,34.055443,"대한민국 전라남도 여수시 삼산면 서도리,이금포해변",2016-03-26,Petrospongium rugosum,남해서부
국립해양생물자원관_해양생물 채집 공간정보,https://www.data.go.kr/data/15151832/openapi.do,2013-04-26,marine_life,부챗말,Phaeophyceae > Dictyotales > Dictyotaceae > Padina > Padina arborescens,대한민국 제주특별자치도 제주시 우도면 우도등대,대한민국; 남해서부; 대한민국 제주특별자치도 제주시 우도면 우도등대,33.496738,126.968468,부챗말은(는) 남해서부에서 관찰·채집된 해양생물 소재로 사용할 수 있다.,해양생물 캐릭터와 바다 탐험 동화 소재,"생물의 이름, 서식 해역, 분류를 활용한 관찰 질문과 퀴즈",5-7;8-10,해양생물;부챗말;Padina;arborescens;Phaeophyceae;>;Dictyotales;Dictyotaceae;남해서부;대한민국;제주특별자치도;제주시,126.968468,대한민국,부챗말,Phaeophyceae > Dictyotales > Dictyotaceae > Padina > Padina arborescens,33.496738,대한민국 제주특별자치도 제주시 우도면 우도등대,2013-04-26,Padina arborescens,남해서부
국립해양생물자원관_해양생물 채집 공간정보,https://www.data.go.kr/data/15151832/openapi.do,2015-05-07,marine_life,바위수염,Scytosiphonaceae > Myelophycus > Myelophycus simplex,대한민국 제주특별자치도 제주시 애월읍 곽지,대한민국; 남해서부; 대한민국 제주특별자치도 제주시 애월읍 곽지,33.451099,126.304611,바위수염은(는) 남해서부에서 관찰·채집된 해양생물 소재로 사용할 수 있다.,해양생물 캐릭터와 바다 탐험 동화 소재,"생물의 이름, 서식 해역, 분류를 활용한 관찰 질문과 퀴즈",5-7;8-10,해양생물;바위수염;Myelophycus;simplex;Scytosiphonaceae;>;남해서부;대한민국;제주특별자치도;제주시;애월읍;곽지,126.304611,대한민국,바위수염,Scytosiphonaceae > Myelophycus > Myelophycus simplex,33.451099,대한민국 제주특별자치도 제주시 애월읍 곽지,2015-05-07,Myelophycus simplex,남해서부
국립해양생물자원관_해양생물 채집 공간정보,https://www.data.go.kr/data/15151832/openapi.do,2016-01-20,marine_life,바위수염,Scytosiphonaceae > Myelophycus > Myelophycus simplex,대한민국 전라남도 진도군 임회면 중림리(탑립리),대한민국; 남해서부; 대한민국 전라남도 진도군 임회면 중림리(탑립리),34.393002,126.260948,바위수염은(는) 남해서부에서 관찰·채집된 해양생물 소재로 사용할 수 있다.,해양생물 캐릭터와 바다 탐험 동화 소재,"생물의 이름, 서식 해역, 분류를 활용한 관찰 질문과 퀴즈",5-7;8-10,해양생물;바위수염;Myelophycus;simplex;Scytosiphonaceae;>;남해서부;대한민국;전라남도;진도군;임회면;중림리(탑립리),126.260948,대한민국,바위수염,Scytosiphonaceae > Myelophycus > Myelophycus simplex,34.393002,대한민국 전라남도 진도군 임회면 중림리(탑립리),2016-01-20,Myelophycus simplex,남해서부
국립해양생물자원관_해양생물 채집 공간정보,https://www.data.go.kr/data/15151832/openapi.do,2011-05-13,marine_life,댕기넓은미역쇠,Punctaria plantaginea,대한민국 전라남도 여수시 돌산읍 평사리,대한민국; 남해서부; 대한민국 전라남도 여수시 돌산읍 평사리,34.660889,127.737061,댕기넓은미역쇠은(는) 남해서부에서 관찰·채집된 해양생물 소재로 사용할 수 있다.,해양생물 캐릭터와 바다 탐험 동화 소재,"생물의 이름, 서식 해역, 분류를 활용한 관찰 질문과 퀴즈",5-7;8-10,해양생물;댕기넓은미역쇠;Punctaria;plantaginea;남해서부;대한민국;전라남도;여수시;돌산읍;평사리,127.737061,대한민국,댕기넓은미역쇠,Punctaria plantaginea,34.660889,대한민국 전라남도 여수시 돌산읍 평사리,2011-05-13,Punctaria plantaginea,남해서부
국립해양생물자원관_해양생물 채집 공간정보,https://www.data.go.kr/data/15151832/openapi.do,2014-08-01,marine_life,가시뼈대그물말,Phaeophyceae > Dictyotales > Dictyotaceae > Dictyopteris > Dictyopteris prolifera,대한민국 강원도 동해시 대진동 대진항,대한민국; 동해중부; 대한민국 강원도 동해시 대진동 대진항,37.579899,129.114212,가시뼈대그물말은(는) 동해중부에서 관찰·채집된 해양생물 소재로 사용할 수 있다.,해양생물 캐릭터와 바다 탐험 동화 소재,"생물의 이름, 서식 해역, 분류를 활용한 관찰 질문과 퀴즈",5-7;8-10,해양생물;가시뼈대그물말;Dictyopteris;prolifera;Phaeophyceae;>;Dictyotales;Dictyotaceae;동해중부;대한민국;강원도;동해시,129.114212,대한민국,가시뼈대그물말,Phaeophyceae > Dictyotales > Dictyotaceae > Dictyopteris > Dictyopteris prolifera,37.579899,대한민국 강원도 동해시 대진동 대진항,2014-08-01,Dictyopteris prolifera,동해중부
국립해양생물자원관_해양생물 채집 공간정보,https://www.data.go.kr/data/15151832/openapi.do,2019-04-21,marine_life,매끈발톱요정짠물응애,Trombidiformes > Halacaridae > Agaue > Agaue laeviunguis,대한민국 경상북도 포항시,대한민국; 동해남부; 대한민국 경상북도 포항시,36.016388,129.481552,매끈발톱요정짠물응애은(는) 동해남부에서 관찰·채집된 해양생물 소재로 사용할 수 있다.,해양생물 캐릭터와 바다 탐험 동화 소재,"생물의 이름, 서식 해역, 분류를 활용한 관찰 질문과 퀴즈",5-7;8-10,해양생물;매끈발톱요정짠물응애;Agaue;laeviunguis;Trombidiformes;>;Halacaridae;동해남부;대한민국;경상북도;포항시,129.481552,대한민국,매끈발톱요정짠물응애,Trombidiformes > Halacaridae > Agaue > Agaue laeviunguis,36.016388,대한민국 경상북도 포항시,2019-04-21,Agaue laeviunguis,동해남부
국립해양생물자원관_해양생물 채집 공간정보,https://www.data.go.kr/data/15151832/openapi.do,2016-09-03,marine_life,삼세기,Teleostei > Scorpaeniformes > Agonidae > Hemitripterus > Hemitripterus villosus,대한민국 인천광역시,대한민국; 서해; 대한민국 인천광역시,37.296089,125.361557,삼세기은(는) 서해에서 관찰·채집된 해양생물 소재로 사용할 수 있다.,해양생물 캐릭터와 바다 탐험 동화 소재,"생물의 이름, 서식 해역, 분류를 활용한 관찰 질문과 퀴즈",5-7;8-10,해양생물;삼세기;Hemitripterus;villosus;Teleostei;>;Scorpaeniformes;Agonidae;서해;대한민국;인천광역시,125.361557,대한민국,삼세기,Teleostei > Scorpaeniformes > Agonidae > Hemitripterus > Hemitripterus villosus,37.296089,대한민국 인천광역시,2016-09-03,Hemitripterus villosus,서해
국립해양생물자원관_해양생물 채집 공간정보,https://www.data.go.kr/data/15151832/openapi.do,2016-09-03,marine_life,삼세기,Teleostei > Scorpaeniformes > Agonidae > Hemitripterus > Hemitripterus villosus,대한민국 인천광역시,대한민국; 서해; 대한민국 인천광역시,37.296089,125.361557,삼세기은(는) 서해에서 관찰·채집된 해양생물 소재로 사용할 수 있다.,해양생물 캐릭터와 바다 탐험 동화 소재,"생물의 이름, 서식 해역, 분류를 활용한 관찰 질문과 퀴즈",5-7;8-10,해양생물;삼세기;Hemitripterus;villosus;Teleostei;>;Scorpaeniformes;Agonidae;서해;대한민국;인천광역시,125.361557,대한민국,삼세기,Teleostei > Scorpaeniformes > Agonidae > Hemitripterus > Hemitripterus villosus,37.296089,대한민국 인천광역시,2016-09-03,Hemitripterus villosus,서해
국립해양생물자원관_해양생물 채집 공간정보,https://www.data.go.kr/data/15151832/openapi.do,2013-04-22,marine_life,개그물바탕말,Rugulopteryx okamurae,대한민국 경상북도 울릉군 울릉읍 독도리 동도,대한민국; 동해중부; 대한민국 경상북도 울릉군 울릉읍 독도리 동도,37.240105,131.868317,개그물바탕말은(는) 동해중부에서 관찰·채집된 해양생물 소재로 사용할 수 있다.,해양생물 캐릭터와 바다 탐험 동화 소재,"생물의 이름, 서식 해역, 분류를 활용한 관찰 질문과 퀴즈",5-7;8-10,해양생물;개그물바탕말;Rugulopteryx;okamurae;동해중부;대한민국;경상북도;울릉군;울릉읍;독도리;동도,131.868317,대한민국,개그물바탕말,Rugulopteryx okamurae,37.240105,대한민국 경상북도 울릉군 울릉읍 독도리 동도,2013-04-22,Rugulopteryx okamurae,동해중부
국립해양생물자원관_해양생물 채집 공간정보,https://www.data.go.kr/data/15151832/openapi.do,2013-02-01,marine_life,개그물바탕말,Rugulopteryx okamurae,대한민국 강원도 양양군 현남면 인구리,대한민국; 동해중부; 대한민국 강원도 양양군 현남면 인구리,37.962006,128.768509,개그물바탕말은(는) 동해중부에서 관찰·채집된 해양생물 소재로 사용할 수 있다.,해양생물 캐릭터와 바다 탐험 동화 소재,"생물의 이름, 서식 해역, 분류를 활용한 관찰 질문과 퀴즈",5-7;8-10,해양생물;개그물바탕말;Rugulopteryx;okamurae;동해중부;대한민국;강원도;양양군;현남면;인구리,128.768509,대한민국,개그물바탕말,Rugulopteryx okamurae,37.962006,대한민국 강원도 양양군 현남면 인구리,2013-02-01,Rugulopteryx okamurae,동해중부
국립해양생물자원관_해양생물 채집 공간정보,https://www.data.go.kr/data/15151832/openapi.do,2015-01-22,marine_life,개그물바탕말,Rugulopteryx okamurae,대한민국 울산광역시 북구 정자동 정자해수욕장,대한민국; 동해남부; 대한민국 울산광역시 북구 정자동 정자해수욕장,35.628448,129.442688,개그물바탕말은(는) 동해남부에서 관찰·채집된 해양생물 소재로 사용할 수 있다.,해양생물 캐릭터와 바다 탐험 동화 소재,"생물의 이름, 서식 해역, 분류를 활용한 관찰 질문과 퀴즈",5-7;8-10,해양생물;개그물바탕말;Rugulopteryx;okamurae;동해남부;대한민국;울산광역시;북구;정자동;정자해수욕장,129.442688,대한민국,개그물바탕말,Rugulopteryx okamurae,35.628448,대한민국 울산광역시 북구 정자동 정자해수욕장,2015-01-22,Rugulopteryx okamurae,동해남부
국립해양생물자원관_해양생물 채집 공간정보,https://www.data.go.kr/data/15151832/openapi.do,2016-03-14,marine_life,남방갑옷선충,Nematoda > Enoplea > Enoplida > Enoplidae > Enoplus > Enoplus meridionalis,대한민국 경상북도 울진군 북면 조간대,대한민국; 동해중부; 대한민국 경상북도 울진군 북면 조간대,37.105988,129.377335,남방갑옷선충은(는) 동해중부에서 관찰·채집된 해양생물 소재로 사용할 수 있다.,해양생물 캐릭터와 바다 탐험 동화 소재,"생물의 이름, 서식 해역, 분류를 활용한 관찰 질문과 퀴즈",5-7;8-10,해양생물;남방갑옷선충;Enoplus;meridionalis;Nematoda;>;Enoplea;Enoplida;Enoplidae;동해중부;대한민국;경상북도,129.377335,대한민국,남방갑옷선충,Nematoda > Enoplea > Enoplida > Enoplidae > Enoplus > Enoplus meridionalis,37.105988,대한민국 경상북도 울진군 북면 조간대,2016-03-14,Enoplus meridionalis,동해중부
국립해양생물자원관_해양생물 채집 공간정보,https://www.data.go.kr/data/15151832/openapi.do,2013-07-25,marine_life,Bacillaria paxillifera,Protista > Bacillariophyta > Bacillariophyceae > Bacillariales > Bacillariaceae > Bacillaria > Bacillaria paxillifera,대한민국 전라북도 군산시,대한민국; 서해; 대한민국 전라북도 군산시,35.817448,126.500275,Bacillaria paxillifera은(는) 서해에서 관찰·채집된 해양생물 소재로 사용할 수 있다.,해양생물 캐릭터와 바다 탐험 동화 소재,"생물의 이름, 서식 해역, 분류를 활용한 관찰 질문과 퀴즈",5-7;8-10,해양생물;Bacillaria;paxillifera;Protista;>;Bacillariophyta;Bacillariophyceae;Bacillariales;Bacillariaceae;서해;대한민국;전라북도,126.500275,대한민국,,Protista > Bacillariophyta > Bacillariophyceae > Bacillariales > Bacillariaceae > Bacillaria > Bacillaria paxillifera,35.817448,대한민국 전라북도 군산시,2013-07-25,Bacillaria paxillifera,서해
국립해양생물자원관_해양생물 채집 공간정보,https://www.data.go.kr/data/15151832/openapi.do,2013-09-26,marine_life,Bacteriastrum delicatulum,Protista > Bacillariophyta > Mediophyceae > Chaetocerotales > Chaetocerotaceae > Bacteriastrum > Bacteriastrum delicatulum,대한민국 전라북도 군산시,대한민국; 서해; 대한민국 전라북도 군산시,35.852257,126.567268,Bacteriastrum delicatulum은(는) 서해에서 관찰·채집된 해양생물 소재로 사용할 수 있다.,해양생물 캐릭터와 바다 탐험 동화 소재,"생물의 이름, 서식 해역, 분류를 활용한 관찰 질문과 퀴즈",5-7;8-10,해양생물;Bacteriastrum;delicatulum;Protista;>;Bacillariophyta;Mediophyceae;Chaetocerotales;Chaetocerotaceae;서해;대한민국;전라북도,126.567268,대한민국,,Protista > Bacillariophyta > Mediophyceae > Chaetocerotales > Chaetocerotaceae > Bacteriastrum > Bacteriastrum delicatulum,35.852257,대한민국 전라북도 군산시,2013-09-26,Bacteriastrum delicatulum,서해
국립해양생물자원관_해양생물 채집 공간정보,https://www.data.go.kr/data/15151832/openapi.do,2015-03-09,marine_life,Cerataulus granulatus,Protista > Bacillariophyta > Mediophyceae > Eupodiscales > Eupodiscaceae > Cerataulus > Cerataulus granulatus,대한민국 인천광역시 중구 항동,대한민국; 서해; 대한민국 인천광역시 중구 항동,37.449894,126.593712,Cerataulus granulatus은(는) 서해에서 관찰·채집된 해양생물 소재로 사용할 수 있다.,해양생물 캐릭터와 바다 탐험 동화 소재,"생물의 이름, 서식 해역, 분류를 활용한 관찰 질문과 퀴즈",5-7;8-10,해양생물;Cerataulus;granulatus;Protista;>;Bacillariophyta;Mediophyceae;Eupodiscales;Eupodiscaceae;서해;대한민국;인천광역시,126.593712,대한민국,,Protista > Bacillariophyta > Mediophyceae > Eupodiscales > Eupodiscaceae > Cerataulus > Cerataulus granulatus,37.449894,대한민국 인천광역시 중구 항동,2015-03-09,Cerataulus granulatus,서해
국립해양생물자원관_해양생물 채집 공간정보,https://www.data.go.kr/data/15151832/openapi.do,2021-06-29,marine_life,미끈뼈대그물말,Phaeophyceae > Dictyotales > Dictyotaceae > Dictyopteris > Dictyopteris divaricata,대한민국 전라남도 신안군 흑산면 가거도,대한민국; 서해; 대한민국 전라남도 신안군 흑산면 가거도,34.063332,125.135529,미끈뼈대그물말은(는) 서해에서 관찰·채집된 해양생물 소재로 사용할 수 있다.,해양생물 캐릭터와 바다 탐험 동화 소재,"생물의 이름, 서식 해역, 분류를 활용한 관찰 질문과 퀴즈",5-7;8-10,해양생물;미끈뼈대그물말;Dictyopteris;divaricata;Phaeophyceae;>;Dictyotales;Dictyotaceae;서해;대한민국;전라남도;신안군,125.135529,대한민국,미끈뼈대그물말,Phaeophyceae > Dictyotales > Dictyotaceae > Dictyopteris > Dictyopteris divaricata,34.063332,대한민국 전라남도 신안군 흑산면 가거도,2021-06-29,Dictyopteris divaricata,서해
국립해양생물자원관_해양생물 채집 공간정보,https://www.data.go.kr/data/15151832/openapi.do,2021-06-29,marine_life,개그물바탕말,Rugulopteryx okamurae,대한민국 전라남도 신안군 흑산면 가거도,대한민국; 서해; 대한민국 전라남도 신안군 흑산면 가거도,34.063332,125.135529,개그물바탕말은(는) 서해에서 관찰·채집된 해양생물 소재로 사용할 수 있다.,해양생물 캐릭터와 바다 탐험 동화 소재,"생물의 이름, 서식 해역, 분류를 활용한 관찰 질문과 퀴즈",5-7;8-10,해양생물;개그물바탕말;Rugulopteryx;okamurae;서해;대한민국;전라남도;신안군;흑산면;가거도,125.135529,대한민국,개그물바탕말,Rugulopteryx okamurae,34.063332,대한민국 전라남도 신안군 흑산면 가거도,2021-06-29,Rugulopteryx okamurae,서해
국립해양생물자원관_해양생물 채집 공간정보,https://www.data.go.kr/data/15151832/openapi.do,2021-06-29,marine_life,명주가시그물바탕말,Spatoglossum solieri,대한민국 전라남도 신안군 흑산면 가거도,대한민국; 서해; 대한민국 전라남도 신안군 흑산면 가거도,34.063332,125.135529,명주가시그물바탕말은(는) 서해에서 관찰·채집된 해양생물 소재로 사용할 수 있다.,해양생물 캐릭터와 바다 탐험 동화 소재,"생물의 이름, 서식 해역, 분류를 활용한 관찰 질문과 퀴즈",5-7;8-10,해양생물;명주가시그물바탕말;Spatoglossum;solieri;서해;대한민국;전라남도;신안군;흑산면;가거도,125.135529,대한민국,명주가시그물바탕말,Spatoglossum solieri,34.063332,대한민국 전라남도 신안군 흑산면 가거도,2021-06-29,Spatoglossum solieri,서해
국립해양생물자원관_해양생물 채집 공간정보,https://www.data.go.kr/data/15151832/openapi.do,2021-07-22,marine_life,민꽃게,Thalamitinae > Charybdis > Charybdis > Charybdis (Charybdis) japonica,대한민국 충청남도 보령시 오천면,대한민국; 서해; 대한민국 충청남도 보령시 오천면,36.379444,126.437225,민꽃게은(는) 서해에서 관찰·채집된 해양생물 소재로 사용할 수 있다.,해양생물 캐릭터와 바다 탐험 동화 소재,"생물의 이름, 서식 해역, 분류를 활용한 관찰 질문과 퀴즈",5-7;8-10,해양생물;민꽃게;Charybdis;(Charybdis);japonica;Thalamitinae;>;서해;대한민국;충청남도;보령시;오천면,126.437225,대한민국,민꽃게,Thalamitinae > Charybdis > Charybdis > Charybdis (Charybdis) japonica,36.379444,대한민국 충청남도 보령시 오천면,2021-07-22,Charybdis (Charybdis) japonica,서해
국립해양생물자원관_해양생물 채집 공간정보,https://www.data.go.kr/data/15151832/openapi.do,2011-09-28,marine_life,보통주정노벌레,Undinula vulgaris,대한민국 경상북도 울진군,대한민국; 동해중부; 대한민국 경상북도 울진군,37.074211,129.464767,보통주정노벌레은(는) 동해중부에서 관찰·채집된 해양생물 소재로 사용할 수 있다.,해양생물 캐릭터와 바다 탐험 동화 소재,"생물의 이름, 서식 해역, 분류를 활용한 관찰 질문과 퀴즈",5-7;8-10,해양생물;보통주정노벌레;Undinula;vulgaris;동해중부;대한민국;경상북도;울진군,129.464767,대한민국,보통주정노벌레,Undinula vulgaris,37.074211,대한민국 경상북도 울진군,2011-09-28,Undinula vulgaris,동해중부
국립해양생물자원관_해양생물 채집 공간정보,https://www.data.go.kr/data/15151832/openapi.do,2012-04-04,marine_life,불레기말,Scytosiphonaceae > Colpomenia > Colpomenia sinuosa,대한민국 제주특별자치도 제주시 구좌읍,대한민국; 남해서부; 대한민국 제주특별자치도 제주시 구좌읍,33.558056,126.759163,불레기말은(는) 남해서부에서 관찰·채집된 해양생물 소재로 사용할 수 있다.,해양생물 캐릭터와 바다 탐험 동화 소재,"생물의 이름, 서식 해역, 분류를 활용한 관찰 질문과 퀴즈",5-7;8-10,해양생물;불레기말;Colpomenia;sinuosa;Scytosiphonaceae;>;남해서부;대한민국;제주특별자치도;제주시;구좌읍,126.759163,대한민국,불레기말,Scytosiphonaceae > Colpomenia > Colpomenia sinuosa,33.558056,대한민국 제주특별자치도 제주시 구좌읍,2012-04-04,Colpomenia sinuosa,남해서부
국립해양생물자원관_해양생물 채집 공간정보,https://www.data.go.kr/data/15151832/openapi.do,2006-06-08,marine_life,홍점갯지렁이,Polychaeta > Eunicida > Oenonidae > Arabella > Arabella iricolor,대한민국 경상북도 울릉군 울릉읍 독도,대한민국; 동해중부; 대한민국 경상북도 울릉군 울릉읍 독도,37.240208,131.866028,홍점갯지렁이은(는) 동해중부에서 관찰·채집된 해양생물 소재로 사용할 수 있다.,해양생물 캐릭터와 바다 탐험 동화 소재,"생물의 이름, 서식 해역, 분류를 활용한 관찰 질문과 퀴즈",5-7;8-10,해양생물;홍점갯지렁이;Arabella;iricolor;Polychaeta;>;Eunicida;Oenonidae;동해중부;대한민국;경상북도;울릉군,131.866028,대한민국,홍점갯지렁이,Polychaeta > Eunicida > Oenonidae > Arabella > Arabella iricolor,37.240208,대한민국 경상북도 울릉군 울릉읍 독도,2006-06-08,Arabella iricolor,동해중부
국립해양생물자원관_해양생물 채집 공간정보,https://www.data.go.kr/data/15151832/openapi.do,2012-02-01,marine_life,두점박이선녀얼굴갯지렁이,Spionidae > Pseudopolydora > Pseudopolydora cf. kempi,대한민국 경기도 화성시 송산면,대한민국; 서해; 대한민국 경기도 화성시 송산면,37.285774,126.681496,두점박이선녀얼굴갯지렁이은(는) 서해에서 관찰·채집된 해양생물 소재로 사용할 수 있다.,해양생물 캐릭터와 바다 탐험 동화 소재,"생물의 이름, 서식 해역, 분류를 활용한 관찰 질문과 퀴즈",5-7;8-10,해양생물;두점박이선녀얼굴갯지렁이;Pseudopolydora;cf.;kempi;Spionidae;>;서해;대한민국;경기도;화성시;송산면,126.681496,대한민국,두점박이선녀얼굴갯지렁이,Spionidae > Pseudopolydora > Pseudopolydora cf. kempi,37.285774,대한민국 경기도 화성시 송산면,2012-02-01,Pseudopolydora cf. kempi,서해
국립해양생물자원관_해양생물 채집 공간정보,https://www.data.go.kr/data/15151832/openapi.do,2011-10-21,marine_life,가시부푼긴노벌레,Tortanus > Eutortanus > Tortanus (Eutortanus) spinicaudatus,대한민국 충청남도 아산시,대한민국; 서해; 대한민국 충청남도 아산시,36.984699,126.775574,가시부푼긴노벌레은(는) 서해에서 관찰·채집된 해양생물 소재로 사용할 수 있다.,해양생물 캐릭터와 바다 탐험 동화 소재,"생물의 이름, 서식 해역, 분류를 활용한 관찰 질문과 퀴즈",5-7;8-10,해양생물;가시부푼긴노벌레;Tortanus;(Eutortanus);spinicaudatus;>;Eutortanus;서해;대한민국;충청남도;아산시,126.775574,대한민국,가시부푼긴노벌레,Tortanus > Eutortanus > Tortanus (Eutortanus) spinicaudatus,36.984699,대한민국 충청남도 아산시,2011-10-21,Tortanus (Eutortanus) spinicaudatus,서해
국립해양생물자원관_해양생물 채집 공간정보,https://www.data.go.kr/data/15151832/openapi.do,2019-05-15,marine_life,나무결붓솔무륵,Neogastropoda > Columbellidae > Mokumea > Mokumea divaricata,대한민국 전라남도 여수시 삼산면 거문리 하백도 보석섬 다이빙,대한민국; 남해서부; 대한민국 전라남도 여수시 삼산면 거문리 하백도 보석섬 다이빙,34.062721,127.586700,나무결붓솔무륵은(는) 남해서부에서 관찰·채집된 해양생물 소재로 사용할 수 있다.,해양생물 캐릭터와 바다 탐험 동화 소재,"생물의 이름, 서식 해역, 분류를 활용한 관찰 질문과 퀴즈",5-7;8-10,해양생물;나무결붓솔무륵;Mokumea;divaricata;Neogastropoda;>;Columbellidae;남해서부;대한민국;전라남도;여수시;삼산면,127.586700,대한민국,나무결붓솔무륵,Neogastropoda > Columbellidae > Mokumea > Mokumea divaricata,34.062721,대한민국 전라남도 여수시 삼산면 거문리 하백도 보석섬 다이빙,2019-05-15,Mokumea divaricata,남해서부
국립해양생물자원관_해양생물 채집 공간정보,https://www.data.go.kr/data/15151832/openapi.do,2020-05-14,marine_life,노란테갯민숭달팽이,Nudibranchia > Cadlinidae > Cadlina > Cadlina japonica,대한민국 강원도 고성군 거진읍 거진리 거진항 레드썬 다이빙,대한민국; 동해중부; 대한민국 강원도 고성군 거진읍 거진리 거진항 레드썬 다이빙,38.444889,128.476349,노란테갯민숭달팽이은(는) 동해중부에서 관찰·채집된 해양생물 소재로 사용할 수 있다.,해양생물 캐릭터와 바다 탐험 동화 소재,"생물의 이름, 서식 해역, 분류를 활용한 관찰 질문과 퀴즈",5-7;8-10,해양생물;노란테갯민숭달팽이;Cadlina;japonica;Nudibranchia;>;Cadlinidae;동해중부;대한민국;강원도;고성군;거진읍,128.476349,대한민국,노란테갯민숭달팽이,Nudibranchia > Cadlinidae > Cadlina > Cadlina japonica,38.444889,대한민국 강원도 고성군 거진읍 거진리 거진항 레드썬 다이빙,2020-05-14,Cadlina japonica,동해중부
국립해양생물자원관_해양생물 채집 공간정보,https://www.data.go.kr/data/15151832/openapi.do,2020-01-13,marine_life,타래고둥,Neogastropoda > Buccinidae > Japeuthria > Japeuthria ferrea,대한민국 부산광역시 기장군 기장읍 부산기장해양정수센터 왼쪽 조간대,대한민국; 동해남부; 대한민국 부산광역시 기장군 기장읍 부산기장해양정수센터 왼쪽 조간대,35.226501,129.239868,타래고둥은(는) 동해남부에서 관찰·채집된 해양생물 소재로 사용할 수 있다.,해양생물 캐릭터와 바다 탐험 동화 소재,"생물의 이름, 서식 해역, 분류를 활용한 관찰 질문과 퀴즈",5-7;8-10,해양생물;타래고둥;Japeuthria;ferrea;Neogastropoda;>;Buccinidae;동해남부;대한민국;부산광역시;기장군;기장읍,129.239868,대한민국,타래고둥,Neogastropoda > Buccinidae > Japeuthria > Japeuthria ferrea,35.226501,대한민국 부산광역시 기장군 기장읍 부산기장해양정수센터 왼쪽 조간대,2020-01-13,Japeuthria ferrea,동해남부
국립해양생물자원관_해양생물 채집 공간정보,https://www.data.go.kr/data/15151832/openapi.do,2014-01-17,marine_life,전어,Teleostei > Clupeiformes > Dorosomatidae > Konosirus > Konosirus punctatus,대한민국 경상북도 포항시,대한민국; 동해남부; 대한민국 경상북도 포항시,36.058956,129.470764,전어은(는) 동해남부에서 관찰·채집된 해양생물 소재로 사용할 수 있다.,해양생물 캐릭터와 바다 탐험 동화 소재,"생물의 이름, 서식 해역, 분류를 활용한 관찰 질문과 퀴즈",5-7;8-10,해양생물;전어;Konosirus;punctatus;Teleostei;>;Clupeiformes;Dorosomatidae;동해남부;대한민국;경상북도;포항시,129.470764,대한민국,전어,Teleostei > Clupeiformes > Dorosomatidae > Konosirus > Konosirus punctatus,36.058956,대한민국 경상북도 포항시,2014-01-17,Konosirus punctatus,동해남부
국립해양생물자원관_해양생물 채집 공간정보,https://www.data.go.kr/data/15151832/openapi.do,2021-08-19,marine_life,사다리소모충,Tintinnida > Metacylididae > Climacocylis > Climacocylis scalaroides,대한민국 제주특별자치도 제주시 추자면 대서리 상추자도항,대한민국; 남해서부; 대한민국 제주특별자치도 제주시 추자면 대서리 상추자도항,33.961555,126.294693,사다리소모충은(는) 남해서부에서 관찰·채집된 해양생물 소재로 사용할 수 있다.,해양생물 캐릭터와 바다 탐험 동화 소재,"생물의 이름, 서식 해역, 분류를 활용한 관찰 질문과 퀴즈",5-7;8-10,해양생물;사다리소모충;Climacocylis;scalaroides;Tintinnida;>;Metacylididae;남해서부;대한민국;제주특별자치도;제주시;추자면,126.294693,대한민국,사다리소모충,Tintinnida > Metacylididae > Climacocylis > Climacocylis scalaroides,33.961555,대한민국 제주특별자치도 제주시 추자면 대서리 상추자도항,2021-08-19,Climacocylis scalaroides,남해서부
국립해양생물자원관_해양생물 채집 공간정보,https://www.data.go.kr/data/15151832/openapi.do,2021-08-19,marine_life,사다리소모충,Tintinnida > Metacylididae > Climacocylis > Climacocylis scalaroides,대한민국 제주특별자치도 제주시 추자면 대서리 상추자도항,대한민국; 남해서부; 대한민국 제주특별자치도 제주시 추자면 대서리 상추자도항,33.961555,126.294693,사다리소모충은(는) 남해서부에서 관찰·채집된 해양생물 소재로 사용할 수 있다.,해양생물 캐릭터와 바다 탐험 동화 소재,"생물의 이름, 서식 해역, 분류를 활용한 관찰 질문과 퀴즈",5-7;8-10,해양생물;사다리소모충;Climacocylis;scalaroides;Tintinnida;>;Metacylididae;남해서부;대한민국;제주특별자치도;제주시;추자면,126.294693,대한민국,사다리소모충,Tintinnida > Metacylididae > Climacocylis > Climacocylis scalaroides,33.961555,대한민국 제주특별자치도 제주시 추자면 대서리 상추자도항,2021-08-19,Climacocylis scalaroides,남해서부
국립해양생물자원관_해양생물 채집 공간정보,https://www.data.go.kr/data/15151832/openapi.do,2021-08-19,marine_life,사다리소모충,Tintinnida > Metacylididae > Climacocylis > Climacocylis scalaroides,대한민국 제주특별자치도 제주시 추자면 대서리 상추자도항,대한민국; 남해서부; 대한민국 제주특별자치도 제주시 추자면 대서리 상추자도항,33.961555,126.294693,사다리소모충은(는) 남해서부에서 관찰·채집된 해양생물 소재로 사용할 수 있다.,해양생물 캐릭터와 바다 탐험 동화 소재,"생물의 이름, 서식 해역, 분류를 활용한 관찰 질문과 퀴즈",5-7;8-10,해양생물;사다리소모충;Climacocylis;scalaroides;Tintinnida;>;Metacylididae;남해서부;대한민국;제주특별자치도;제주시;추자면,126.294693,대한민국,사다리소모충,Tintinnida > Metacylididae > Climacocylis > Climacocylis scalaroides,33.961555,대한민국 제주특별자치도 제주시 추자면 대서리 상추자도항,2021-08-19,Climacocylis scalaroides,남해서부
국립해양생물자원관_해양생물 채집 공간정보,https://www.data.go.kr/data/15151832/openapi.do,2015-01-22,marine_life,괭생이모자반,Sargassum horneri,대한민국 울산광역시 동구 방어동 방어진,대한민국; 동해남부; 대한민국 울산광역시 동구 방어동 방어진,35.481358,129.418335,괭생이모자반은(는) 동해남부에서 관찰·채집된 해양생물 소재로 사용할 수 있다.,해양생물 캐릭터와 바다 탐험 동화 소재,"생물의 이름, 서식 해역, 분류를 활용한 관찰 질문과 퀴즈",5-7;8-10,해양생물;괭생이모자반;Sargassum;horneri;동해남부;대한민국;울산광역시;동구;방어동;방어진,129.418335,대한민국,괭생이모자반,Sargassum horneri,35.481358,대한민국 울산광역시 동구 방어동 방어진,2015-01-22,Sargassum horneri,동해남부
국립해양생물자원관_해양생물 채집 공간정보,https://www.data.go.kr/data/15151832/openapi.do,2016-05-21,marine_life,반지털,Phaeophyceae > Ectocarpales > Chordariaceae > Halothrix > Halothrix lumbricalis,"대한민국 전라남도 신안군 흑산면 홍도리,홍도항","대한민국; 서해; 대한민국 전라남도 신안군 흑산면 홍도리,홍도항",34.683933,125.193199,반지털은(는) 서해에서 관찰·채집된 해양생물 소재로 사용할 수 있다.,해양생물 캐릭터와 바다 탐험 동화 소재,"생물의 이름, 서식 해역, 분류를 활용한 관찰 질문과 퀴즈",5-7;8-10,해양생물;반지털;Halothrix;lumbricalis;Phaeophyceae;>;Ectocarpales;Chordariaceae;서해;대한민국;전라남도;신안군,125.193199,대한민국,반지털,Phaeophyceae > Ectocarpales > Chordariaceae > Halothrix > Halothrix lumbricalis,34.683933,"대한민국 전라남도 신안군 흑산면 홍도리,홍도항",2016-05-21,Halothrix lumbricalis,서해
국립해양생물자원관_해양생물 채집 공간정보,https://www.data.go.kr/data/15151832/openapi.do,2015-06-04,marine_life,바위두둑,Phaeophyceae > Ectocarpales > Chordariaceae > Leathesia > Leathesia marina,"대한민국 전라남도 완도군 보길면 보길도, 중리","대한민국; 남해서부; 대한민국 전라남도 완도군 보길면 보길도, 중리",34.161812,126.593117,바위두둑은(는) 남해서부에서 관찰·채집된 해양생물 소재로 사용할 수 있다.,해양생물 캐릭터와 바다 탐험 동화 소재,"생물의 이름, 서식 해역, 분류를 활용한 관찰 질문과 퀴즈",5-7;8-10,해양생물;바위두둑;Leathesia;marina;Phaeophyceae;>;Ectocarpales;Chordariaceae;남해서부;대한민국;전라남도;완도군,126.593117,대한민국,바위두둑,Phaeophyceae > Ectocarpales > Chordariaceae > Leathesia > Leathesia marina,34.161812,"대한민국 전라남도 완도군 보길면 보길도, 중리",2015-06-04,Leathesia marina,남해서부
국립해양생물자원관_해양생물 채집 공간정보,https://www.data.go.kr/data/15151832/openapi.do,2014-07-28,marine_life,톳,Sargassum fusiforme,대한민국 전라남도 진도군 임회면 탑립리,대한민국; 남해서부; 대한민국 전라남도 진도군 임회면 탑립리,34.380089,126.265190,톳은(는) 남해서부에서 관찰·채집된 해양생물 소재로 사용할 수 있다.,해양생물 캐릭터와 바다 탐험 동화 소재,"생물의 이름, 서식 해역, 분류를 활용한 관찰 질문과 퀴즈",5-7;8-10,해양생물;톳;Sargassum;fusiforme;남해서부;대한민국;전라남도;진도군;임회면;탑립리,126.265190,대한민국,톳,Sargassum fusiforme,34.380089,대한민국 전라남도 진도군 임회면 탑립리,2014-07-28,Sargassum fusiforme,남해서부
국립해양생물자원관_해양생물 채집 공간정보,https://www.data.go.kr/data/15151832/openapi.do,2016-04-01,marine_life,미역쇠,Scytosiphonaceae > Petalonia > Petalonia binghamiae,대한민국 경상북도 포항시 남구 구룡포읍 구룡포,대한민국; 동해남부; 대한민국 경상북도 포항시 남구 구룡포읍 구룡포,35.992680,129.567154,미역쇠은(는) 동해남부에서 관찰·채집된 해양생물 소재로 사용할 수 있다.,해양생물 캐릭터와 바다 탐험 동화 소재,"생물의 이름, 서식 해역, 분류를 활용한 관찰 질문과 퀴즈",5-7;8-10,해양생물;미역쇠;Petalonia;binghamiae;Scytosiphonaceae;>;동해남부;대한민국;경상북도;포항시;남구;구룡포읍,129.567154,대한민국,미역쇠,Scytosiphonaceae > Petalonia > Petalonia binghamiae,35.992680,대한민국 경상북도 포항시 남구 구룡포읍 구룡포,2016-04-01,Petalonia binghamiae,동해남부
국립해양생물자원관_해양생물 채집 공간정보,https://www.data.go.kr/data/15151832/openapi.do,2014-01-03,marine_life,참가시그물바탕말,Phaeophyceae > Dictyotales > Dictyotaceae > Dictyopteris > Dictyopteris pacifica,대한민국 부산광역시 기장군 기장읍 연화리,대한민국; 동해남부; 대한민국 부산광역시 기장군 기장읍 연화리,35.215683,129.225067,참가시그물바탕말은(는) 동해남부에서 관찰·채집된 해양생물 소재로 사용할 수 있다.,해양생물 캐릭터와 바다 탐험 동화 소재,"생물의 이름, 서식 해역, 분류를 활용한 관찰 질문과 퀴즈",5-7;8-10,해양생물;참가시그물바탕말;Dictyopteris;pacifica;Phaeophyceae;>;Dictyotales;Dictyotaceae;동해남부;대한민국;부산광역시;기장군,129.225067,대한민국,참가시그물바탕말,Phaeophyceae > Dictyotales > Dictyotaceae > Dictyopteris > Dictyopteris pacifica,35.215683,대한민국 부산광역시 기장군 기장읍 연화리,2014-01-03,Dictyopteris pacifica,동해남부
국립해양생물자원관_해양생물 채집 공간정보,https://www.data.go.kr/data/15151832/openapi.do,2014-03-16,marine_life,댕기넓은미역쇠,Punctaria plantaginea,대한민국 전라남도 진도군 의신면 금갑,대한민국; 남해서부; 대한민국 전라남도 진도군 의신면 금갑,34.394402,126.277283,댕기넓은미역쇠은(는) 남해서부에서 관찰·채집된 해양생물 소재로 사용할 수 있다.,해양생물 캐릭터와 바다 탐험 동화 소재,"생물의 이름, 서식 해역, 분류를 활용한 관찰 질문과 퀴즈",5-7;8-10,해양생물;댕기넓은미역쇠;Punctaria;plantaginea;남해서부;대한민국;전라남도;진도군;의신면;금갑,126.277283,대한민국,댕기넓은미역쇠,Punctaria plantaginea,34.394402,대한민국 전라남도 진도군 의신면 금갑,2014-03-16,Punctaria plantaginea,남해서부
국립해양생물자원관_해양생물 채집 공간정보,https://www.data.go.kr/data/15151832/openapi.do,2014-03-16,marine_life,댕기넓은미역쇠,Punctaria plantaginea,대한민국 전라남도 진도군 의신면 금갑,대한민국; 남해서부; 대한민국 전라남도 진도군 의신면 금갑,34.394402,126.277283,댕기넓은미역쇠은(는) 남해서부에서 관찰·채집된 해양생물 소재로 사용할 수 있다.,해양생물 캐릭터와 바다 탐험 동화 소재,"생물의 이름, 서식 해역, 분류를 활용한 관찰 질문과 퀴즈",5-7;8-10,해양생물;댕기넓은미역쇠;Punctaria;plantaginea;남해서부;대한민국;전라남도;진도군;의신면;금갑,126.277283,대한민국,댕기넓은미역쇠,Punctaria plantaginea,34.394402,대한민국 전라남도 진도군 의신면 금갑,2014-03-16,Punctaria plantaginea,남해서부
국립해양생물자원관_해양생물 채집 공간정보,https://www.data.go.kr/data/15151832/openapi.do,2016-05-19,marine_life,긴불레기말,Scytosiphonaceae > Dactylosiphon > Dactylosiphon bullosus,대한민국 전라남도 신안군 흑산면 예리3길,대한민국; 서해; 대한민국 전라남도 신안군 흑산면 예리3길,34.689339,125.451736,긴불레기말은(는) 서해에서 관찰·채집된 해양생물 소재로 사용할 수 있다.,해양생물 캐릭터와 바다 탐험 동화 소재,"생물의 이름, 서식 해역, 분류를 활용한 관찰 질문과 퀴즈",5-7;8-10,해양생물;긴불레기말;Dactylosiphon;bullosus;Scytosiphonaceae;>;서해;대한민국;전라남도;신안군;흑산면;예리3길,125.451736,대한민국,긴불레기말,Scytosiphonaceae > Dactylosiphon > Dactylosiphon bullosus,34.689339,대한민국 전라남도 신안군 흑산면 예리3길,2016-05-19,Dactylosiphon bullosus,서해
국립해양생물자원관_해양생물 채집 공간정보,https://www.data.go.kr/data/15151832/openapi.do,2013-04-22,marine_life,잘록이고리매,Scytosiphonaceae > Scytosiphon > Scytosiphon lomentaria,대한민국 경상북도 울릉군 울릉읍 독도리 동도,대한민국; 동해중부; 대한민국 경상북도 울릉군 울릉읍 독도리 동도,37.240105,131.868317,잘록이고리매은(는) 동해중부에서 관찰·채집된 해양생물 소재로 사용할 수 있다.,해양생물 캐릭터와 바다 탐험 동화 소재,"생물의 이름, 서식 해역, 분류를 활용한 관찰 질문과 퀴즈",5-7;8-10,해양생물;잘록이고리매;Scytosiphon;lomentaria;Scytosiphonaceae;>;동해중부;대한민국;경상북도;울릉군;울릉읍;독도리,131.868317,대한민국,잘록이고리매,Scytosiphonaceae > Scytosiphon > Scytosiphon lomentaria,37.240105,대한민국 경상북도 울릉군 울릉읍 독도리 동도,2013-04-22,Scytosiphon lomentaria,동해중부
국립해양생물자원관_해양생물 채집 공간정보,https://www.data.go.kr/data/15151832/openapi.do,2014-02-18,marine_life,잘록이고리매,Scytosiphonaceae > Scytosiphon > Scytosiphon lomentaria,대한민국 경상남도 남해군 서면 서상,대한민국; 남해동부; 대한민국 경상남도 남해군 서면 서상,34.798534,127.836380,잘록이고리매은(는) 남해동부에서 관찰·채집된 해양생물 소재로 사용할 수 있다.,해양생물 캐릭터와 바다 탐험 동화 소재,"생물의 이름, 서식 해역, 분류를 활용한 관찰 질문과 퀴즈",5-7;8-10,해양생물;잘록이고리매;Scytosiphon;lomentaria;Scytosiphonaceae;>;남해동부;대한민국;경상남도;남해군;서면;서상,127.836380,대한민국,잘록이고리매,Scytosiphonaceae > Scytosiphon > Scytosiphon lomentaria,34.798534,대한민국 경상남도 남해군 서면 서상,2014-02-18,Scytosiphon lomentaria,남해동부
국립해양생물자원관_해양생물 채집 공간정보,https://www.data.go.kr/data/15151832/openapi.do,2016-05-20,marine_life,잘록이고리매,Scytosiphonaceae > Scytosiphon > Scytosiphon lomentaria,"대한민국 전라남도 신안군 흑산면 홍도리,몽돌해수욕장","대한민국; 서해; 대한민국 전라남도 신안군 흑산면 홍도리,몽돌해수욕장",34.685791,125.191460,잘록이고리매은(는) 서해에서 관찰·채집된 해양생물 소재로 사용할 수 있다.,해양생물 캐릭터와 바다 탐험 동화 소재,"생물의 이름, 서식 해역, 분류를 활용한 관찰 질문과 퀴즈",5-7;8-10,해양생물;잘록이고리매;Scytosiphon;lomentaria;Scytosiphonaceae;>;서해;대한민국;전라남도;신안군;흑산면;홍도리,125.191460,대한민국,잘록이고리매,Scytosiphonaceae > Scytosiphon > Scytosiphon lomentaria,34.685791,"대한민국 전라남도 신안군 흑산면 홍도리,몽돌해수욕장",2016-05-20,Scytosiphon lomentaria,서해
국립해양생물자원관_해양생물 채집 공간정보,https://www.data.go.kr/data/15151832/openapi.do,2013-10-04,marine_life,그물바탕말,Phaeophyceae > Dictyotales > Dictyotaceae > Dictyota > Dictyota dichotoma,"대한민국 강원도 강릉시 강동면 안인,강릉","대한민국; 동해중부; 대한민국 강원도 강릉시 강동면 안인,강릉",37.737041,128.988876,그물바탕말은(는) 동해중부에서 관찰·채집된 해양생물 소재로 사용할 수 있다.,해양생물 캐릭터와 바다 탐험 동화 소재,"생물의 이름, 서식 해역, 분류를 활용한 관찰 질문과 퀴즈",5-7;8-10,해양생물;그물바탕말;Dictyota;dichotoma;Phaeophyceae;>;Dictyotales;Dictyotaceae;동해중부;대한민국;강원도;강릉시,128.988876,대한민국,그물바탕말,Phaeophyceae > Dictyotales > Dictyotaceae > Dictyota > Dictyota dichotoma,37.737041,"대한민국 강원도 강릉시 강동면 안인,강릉",2013-10-04,Dictyota dichotoma,동해중부
국립해양생물자원관_해양생물 채집 공간정보,https://www.data.go.kr/data/15151832/openapi.do,2019-04-09,marine_life,빗살판불가사리,Paxillosida > Ctenodiscidae > Ctenodiscus > Ctenodiscus crispatus,대한민국 강원도 동해시,대한민국; 동해중부; 대한민국 강원도 동해시,37.620667,129.294098,빗살판불가사리은(는) 동해중부에서 관찰·채집된 해양생물 소재로 사용할 수 있다.,해양생물 캐릭터와 바다 탐험 동화 소재,"생물의 이름, 서식 해역, 분류를 활용한 관찰 질문과 퀴즈",5-7;8-10,해양생물;빗살판불가사리;Ctenodiscus;crispatus;Paxillosida;>;Ctenodiscidae;동해중부;대한민국;강원도;동해시,129.294098,대한민국,빗살판불가사리,Paxillosida > Ctenodiscidae > Ctenodiscus > Ctenodiscus crispatus,37.620667,대한민국 강원도 동해시,2019-04-09,Ctenodiscus crispatus,동해중부
국립해양생물자원관_해양생물 채집 공간정보,https://www.data.go.kr/data/15151832/openapi.do,2015-10-07,marine_life,잔비늘매퉁이,Teleostei > Aulopiformes > Synodontidae > Saurida > Saurida microlepis,대한민국 제주특별자치도 제주시,대한민국; 남해서부; 대한민국 제주특별자치도 제주시,33.677185,126.706764,잔비늘매퉁이은(는) 남해서부에서 관찰·채집된 해양생물 소재로 사용할 수 있다.,해양생물 캐릭터와 바다 탐험 동화 소재,"생물의 이름, 서식 해역, 분류를 활용한 관찰 질문과 퀴즈",5-7;8-10,해양생물;잔비늘매퉁이;Saurida;microlepis;Teleostei;>;Aulopiformes;Synodontidae;남해서부;대한민국;제주특별자치도;제주시,126.706764,대한민국,잔비늘매퉁이,Teleostei > Aulopiformes > Synodontidae > Saurida > Saurida microlepis,33.677185,대한민국 제주특별자치도 제주시,2015-10-07,Saurida microlepis,남해서부
국립해양생물자원관_해양생물 채집 공간정보,https://www.data.go.kr/data/15151832/openapi.do,2014-01-24,marine_life,성대,Triglidae > Chelidonichthys > Chelidonichthys spinosus,대한민국 경상남도 통영시,대한민국; 남해동부; 대한민국 경상남도 통영시,34.850460,128.325775,성대은(는) 남해동부에서 관찰·채집된 해양생물 소재로 사용할 수 있다.,해양생물 캐릭터와 바다 탐험 동화 소재,"생물의 이름, 서식 해역, 분류를 활용한 관찰 질문과 퀴즈",5-7;8-10,해양생물;성대;Chelidonichthys;spinosus;Triglidae;>;남해동부;대한민국;경상남도;통영시,128.325775,대한민국,성대,Triglidae > Chelidonichthys > Chelidonichthys spinosus,34.850460,대한민국 경상남도 통영시,2014-01-24,Chelidonichthys spinosus,남해동부
국립해양생물자원관_해양생물 채집 공간정보,https://www.data.go.kr/data/15151832/openapi.do,2014-01-24,marine_life,성대,Triglidae > Chelidonichthys > Chelidonichthys spinosus,대한민국 경상남도 통영시,대한민국; 남해동부; 대한민국 경상남도 통영시,34.850460,128.325775,성대은(는) 남해동부에서 관찰·채집된 해양생물 소재로 사용할 수 있다.,해양생물 캐릭터와 바다 탐험 동화 소재,"생물의 이름, 서식 해역, 분류를 활용한 관찰 질문과 퀴즈",5-7;8-10,해양생물;성대;Chelidonichthys;spinosus;Triglidae;>;남해동부;대한민국;경상남도;통영시,128.325775,대한민국,성대,Triglidae > Chelidonichthys > Chelidonichthys spinosus,34.850460,대한민국 경상남도 통영시,2014-01-24,Chelidonichthys spinosus,남해동부
국립해양생물자원관_해양생물 채집 공간정보,https://www.data.go.kr/data/15151832/openapi.do,2021-03-16,marine_life,며느리발톱곤쟁이,Nipponomysis calcarata,대한민국 전라북도 부안군 변산면 송포항,대한민국; 서해; 대한민국 전라북도 부안군 변산면 송포항,35.619781,126.462524,며느리발톱곤쟁이은(는) 서해에서 관찰·채집된 해양생물 소재로 사용할 수 있다.,해양생물 캐릭터와 바다 탐험 동화 소재,"생물의 이름, 서식 해역, 분류를 활용한 관찰 질문과 퀴즈",5-7;8-10,해양생물;며느리발톱곤쟁이;Nipponomysis;calcarata;서해;대한민국;전라북도;부안군;변산면;송포항,126.462524,대한민국,며느리발톱곤쟁이,Nipponomysis calcarata,35.619781,대한민국 전라북도 부안군 변산면 송포항,2021-03-16,Nipponomysis calcarata,서해
