source_name,source_url,reference_date,item_type,name_ko,category,region,address,latitude,longitude,summary,story_use,mission_use,age_tags,keywords,SpcTxnId,Kingdom,KingdomKR,PhylumDivision,PhylumDivisionKR,Class,ClassKR,Order,OrderKR,Family,FamilyKR,SpcScitfNm,SpcScitfNmShort,CommKorNm,SpcTyp,ABST,FORM,ECOL,CULTIVINF,BIOCHEMICAL,ACTIVINFO,NADI,INDI,HABI,UTLZ,CorrNmTyp,CorrSpcScitfNm
국립해양생물자원관_해양생물종정보 서비스,https://www.data.go.kr/data/15094770/openapi.do,,marine_life_species,Potamolinea aerugineocaerulea,세균계; Cyanobacteria; Cyanophyceae; Oscillatoriales; Oscillatoriaceae,,,,,Potamolinea aerugineocaerulea은(는) 해양생물 캐릭터와 과학 동화 소재로 사용할 수 있다.,"해양생물의 생김새, 서식지, 분포를 반영한 과학 동화 소재",국명·학명·서식지·분류체계를 활용한 관찰 질문과 퀴즈,5-7;8-10,해양생물종;Potamolinea;aerugineocaerulea;Oscillatoriaceae,270000010046,Bacteria,세균계,Cyanobacteria,,Cyanophyceae,,Oscillatoriales,,Oscillatoriaceae,,"Potamolinea aerugineocaerulea (Gomont, 1892) Martins & Branco, 2016",Potamolinea aerugineocaerulea,,기타,,,,,,,,,,,정명,"Potamolinea aerugineocaerulea (Gomont, 1892) Martins & Branco, 2016"
국립해양생물자원관_해양생물종정보 서비스,https://www.data.go.kr/data/15094770/openapi.do,,marine_life_species,Terrabacter tumescens,세균계; Actinomycetota; Actinomycetes; Micrococcales; Intrasporangiaceae,,,,,Terrabacter tumescens은(는) 해양생물 캐릭터와 과학 동화 소재로 사용할 수 있다.,"해양생물의 생김새, 서식지, 분포를 반영한 과학 동화 소재",국명·학명·서식지·분류체계를 활용한 관찰 질문과 퀴즈,5-7;8-10,해양생물종;Terrabacter;tumescens;Intrasporangiaceae,270000029081,Bacteria,세균계,Actinomycetota,,Actinomycetes,,Micrococcales,,Intrasporangiaceae,,"Terrabacter tumescens (Jensen, 1934) Collins et al., 1989",Terrabacter tumescens,,기타,,,,,,,,,,,정명,"Terrabacter tumescens (Jensen, 1934) Collins et al., 1989"
국립해양생물자원관_해양생물종정보 서비스,https://www.data.go.kr/data/15094770/openapi.do,,marine_life_species,Mycobacterium poriferae,세균계; Actinomycetota; Actinomycetes; Mycobacteriales; Mycobacteriaceae,,,,,"의미: 스펀지의 문인 Porifera에서 유래 / 분리원: 해양 해면의 세포현탁액에서 분리 / 분포: 해양 해면 / 분리방법: TSA, 28℃ / 보존기관 정보: ATCC","해양생물의 생김새, 서식지, 분포를 반영한 과학 동화 소재",국명·학명·서식지·분류체계를 활용한 관찰 질문과 퀴즈,5-7;8-10,해양생물종;Mycobacterium;poriferae;Mycobacteriaceae,270000023487,Bacteria,세균계,Actinomycetota,,Actinomycetes,,Mycobacteriales,,Mycobacteriaceae,,"Mycobacterium poriferae Padgitt & Moshier, 1987",Mycobacterium poriferae,,기타,"의미: 스펀지의 문인 Porifera에서 유래 / 분리원: 해양 해면의 세포현탁액에서 분리 / 분포: 해양 해면 / 분리방법: TSA, 28℃ / 보존기관 정보: ATCC",배양배지: TSA / 그람염색: 양성 / 콜로니특징: 주황색 / 세포형태: 간균 / 세포크기: 0.7-2.5 x 1.1-4.9 μm,,"온도(최적온도): (28-30) / Ph(최적pH): 5.0-8.5 / 주요기질: glucose, mannitol, sucrose, D-xylose, mannose",,"catalase, pyrazinamidase, nicotinamidase",,,,,정명,"Mycobacterium poriferae Padgitt & Moshier, 1987"
국립해양생물자원관_해양생물종정보 서비스,https://www.data.go.kr/data/15094770/openapi.do,,marine_life_species,Limnospira maxima,세균계; Cyanobacteria; Cyanophyceae; Oscillatoriales; Microcoleaceae,연안에 분포,연안에 분포,,,"세포는 청록색으로 세포열(trichome)에는 격벽이 보인다. 나선형의 다세포 남조류에 속하는 종으로 세포의 성장에 따라 다양한 꼬임을 보이기도 한다. 세포에는 엽록소, 피코시안 색소가 있어 광합성을 하며 단백질 함량이 60% 이상으로 미래의 단백질원으로 주목받고 있다. 보통 Spirulina 로 많이 알려져 있다.","해양생물의 생김새, 서식지, 분포를 반영한 과학 동화 소재",국명·학명·서식지·분류체계를 활용한 관찰 질문과 퀴즈,5-7;8-10,해양생물종;Limnospira;maxima;Microcoleaceae;연안에;분포,270000025255,Bacteria,세균계,Cyanobacteria,,Cyanophyceae,,Oscillatoriales,,Microcoleaceae,,"Limnospira maxima (Setchell & Gardner, 1917) Nowicka-Krawczyk et al., 2019",Limnospira maxima,,기타,"세포는 청록색으로 세포열(trichome)에는 격벽이 보인다. 나선형의 다세포 남조류에 속하는 종으로 세포의 성장에 따라 다양한 꼬임을 보이기도 한다. 세포에는 엽록소, 피코시안 색소가 있어 광합성을 하며 단백질 함량이 60% 이상으로 미래의 단백질원으로 주목받고 있다. 보통 Spirulina 로 많이 알려져 있다.",,,,,,연안에 분포,연안에 분포,,단백질 함유량이 60% 이상으로 미래의 식량으로 주목받는 식물플랑크톤,정명,"Limnospira maxima (Setchell & Gardner, 1917) Nowicka-Krawczyk et al., 2019"
국립해양생물자원관_해양생물종정보 서비스,https://www.data.go.kr/data/15094770/openapi.do,,marine_life_species,Mycobacterium phlei,세균계; Actinomycetota; Actinomycetes; Mycobacteriales; Mycobacteriaceae,,,,,Mycobacterium phlei은(는) 해양생물 캐릭터와 과학 동화 소재로 사용할 수 있다.,"해양생물의 생김새, 서식지, 분포를 반영한 과학 동화 소재",국명·학명·서식지·분류체계를 활용한 관찰 질문과 퀴즈,5-7;8-10,해양생물종;Mycobacterium;phlei;Mycobacteriaceae,270000023485,Bacteria,세균계,Actinomycetota,,Actinomycetes,,Mycobacteriales,,Mycobacteriaceae,,"Mycobacterium phlei Lehmann & Neumann, 1899",Mycobacterium phlei,,기타,,,,,,,,,,,정명,"Mycobacterium phlei Lehmann & Neumann, 1899"
국립해양생물자원관_해양생물종정보 서비스,https://www.data.go.kr/data/15094770/openapi.do,,marine_life_species,Mycobacterium peregrinum,세균계; Actinomycetota; Actinomycetes; Mycobacteriales; Mycobacteriaceae,,,,,Mycobacterium peregrinum은(는) 해양생물 캐릭터와 과학 동화 소재로 사용할 수 있다.,"해양생물의 생김새, 서식지, 분포를 반영한 과학 동화 소재",국명·학명·서식지·분류체계를 활용한 관찰 질문과 퀴즈,5-7;8-10,해양생물종;Mycobacterium;peregrinum;Mycobacteriaceae,270000023484,Bacteria,세균계,Actinomycetota,,Actinomycetes,,Mycobacteriales,,Mycobacteriaceae,,"Mycobacterium peregrinum (ex Bojalil et al., 1962) Kusunoki & Ezaki, 1992",Mycobacterium peregrinum,,기타,,,,,,,,,,,정명,"Mycobacterium peregrinum (ex Bojalil et al., 1962) Kusunoki & Ezaki, 1992"
국립해양생물자원관_해양생물종정보 서비스,https://www.data.go.kr/data/15094770/openapi.do,,marine_life_species,Mycobacterium gilvum,세균계; Actinomycetota; Actinomycetes; Mycobacteriales; Mycobacteriaceae,,,,,Mycobacterium gilvum은(는) 해양생물 캐릭터와 과학 동화 소재로 사용할 수 있다.,"해양생물의 생김새, 서식지, 분포를 반영한 과학 동화 소재",국명·학명·서식지·분류체계를 활용한 관찰 질문과 퀴즈,5-7;8-10,해양생물종;Mycobacterium;gilvum;Mycobacteriaceae,270000023480,Bacteria,세균계,Actinomycetota,,Actinomycetes,,Mycobacteriales,,Mycobacteriaceae,,"Mycobacterium gilvum Stanford & Gunthorpe, 1971",Mycobacterium gilvum,,기타,,,,,,,,,,,정명,"Mycobacterium gilvum Stanford & Gunthorpe, 1971"
국립해양생물자원관_해양생물종정보 서비스,https://www.data.go.kr/data/15094770/openapi.do,,marine_life_species,Mycobacterium duvalii,세균계; Actinomycetota; Actinomycetes; Mycobacteriales; Mycobacteriaceae,,,,,Mycobacterium duvalii은(는) 해양생물 캐릭터와 과학 동화 소재로 사용할 수 있다.,"해양생물의 생김새, 서식지, 분포를 반영한 과학 동화 소재",국명·학명·서식지·분류체계를 활용한 관찰 질문과 퀴즈,5-7;8-10,해양생물종;Mycobacterium;duvalii;Mycobacteriaceae,270000023476,Bacteria,세균계,Actinomycetota,,Actinomycetes,,Mycobacteriales,,Mycobacteriaceae,,"Mycobacterium duvalii Stanford & Gunthorpe, 1971",Mycobacterium duvalii,,기타,,,,,,,,,,,정명,"Mycobacterium duvalii Stanford & Gunthorpe, 1971"
국립해양생물자원관_해양생물종정보 서비스,https://www.data.go.kr/data/15094770/openapi.do,,marine_life_species,가는다시마,크로미스타계; 대롱편모조식물문; 갈조강; 다시마목; 다시마과,,,,,가는다시마은(는) 해양생물 캐릭터와 과학 동화 소재로 사용할 수 있다.,"해양생물의 생김새, 서식지, 분포를 반영한 과학 동화 소재",국명·학명·서식지·분류체계를 활용한 관찰 질문과 퀴즈,5-7;8-10,해양생물종;가는다시마;Saccharina;latissima;다시마과,270000024919,Chromista,크로미스타계,Ochrophyta,대롱편모조식물문,Phaeophyceae,갈조강,Laminariales,다시마목,Laminariaceae,다시마과,"Saccharina latissima (Linnaeus) C.E.Lane, C.Mayes, Druehl & G.W.Saunders, 2006",Saccharina latissima,가는다시마,기타,,,,,,,,,,,정명,"Saccharina latissima (Linnaeus) C.E.Lane, C.Mayes, Druehl & G.W.Saunders, 2006"
국립해양생물자원관_해양생물종정보 서비스,https://www.data.go.kr/data/15094770/openapi.do,,marine_life_species,가는모자반털,크로미스타계; 대롱편모조식물문; 갈조강; 솜털목; 민가지말과,동해안 및 남해안,동해안 및 남해안,,,"엽체는 주로 왜모자반에 착생한다. 색은 암갈색을 띠며, 2.0~5.0mm 높이로 작고, 숙주 위에 작은 덤불모양으로 자란다. 수층부는 얇고 4-5세포의 수직으로 배열된 세포열로 구성되며 느슨하게 밀착되어 있고, 크고 둥근 구형의 기부세포로부터 차상 또는 3차상으로 분지하여 형성된다. 겨울부터 봄철(1월~6월)에 생육한다.","해양생물의 생김새, 서식지, 분포를 반영한 과학 동화 소재",국명·학명·서식지·분류체계를 활용한 관찰 질문과 퀴즈,5-7;8-10,해양생물종;가는모자반털;Neoleptonema;yongpilii;민가지말과;동해안;및;남해안,270000023582,Chromista,크로미스타계,Ochrophyta,대롱편모조식물문,Phaeophyceae,갈조강,Ectocarpales,솜털목,Chordariaceae,민가지말과,"Neoleptonema yongpilii E.-Y.Lee & I.K.Lee, 2002",Neoleptonema yongpilii,가는모자반털,기타,"엽체는 주로 왜모자반에 착생한다. 색은 암갈색을 띠며, 2.0~5.0mm 높이로 작고, 숙주 위에 작은 덤불모양으로 자란다. 수층부는 얇고 4-5세포의 수직으로 배열된 세포열로 구성되며 느슨하게 밀착되어 있고, 크고 둥근 구형의 기부세포로부터 차상 또는 3차상으로 분지하여 형성된다. 겨울부터 봄철(1월~6월)에 생육한다.",,,,,,동해안 및 남해안,,,,정명,"Neoleptonema yongpilii E.-Y.Lee & I.K.Lee, 2002"
국립해양생물자원관_해양생물종정보 서비스,https://www.data.go.kr/data/15094770/openapi.do,,marine_life_species,가는미역실,크로미스타계; 대롱편모조식물문; 갈조강; 솜털목; 고리매과,"제주도, 흑산도","제주도, 흑산도",,,"식물체의 색은 황갈색이고 곧게 자라며, 편평하고 상부는 꼬여있으며 속은 비었있다. 가지는 없고 가근으로부터 여러 가닥이 함께 난다. 잘록이고리매에 비해 가지가 가늘다. 식물체의 길이는 14~25 cm이고, 두께는 70~115 μm이다. 겨울부터 초봄까지 출현한다. 조간대 상부의 암반에 생육한다.","해양생물의 생김새, 서식지, 분포를 반영한 과학 동화 소재",국명·학명·서식지·분류체계를 활용한 관찰 질문과 퀴즈,5-7;8-10,해양생물종;가는미역실;Planosiphon;gracilis;고리매과;제주도;흑산도,270000024257,Chromista,크로미스타계,Ochrophyta,대롱편모조식물문,Phaeophyceae,갈조강,Ectocarpales,솜털목,Scytosiphonaceae,고리매과,"Planosiphon gracilis (Kogame) McDevit & G.W.Saunders, 2017",Planosiphon gracilis,가는미역실,기타,"식물체의 색은 황갈색이고 곧게 자라며, 편평하고 상부는 꼬여있으며 속은 비었있다. 가지는 없고 가근으로부터 여러 가닥이 함께 난다. 잘록이고리매에 비해 가지가 가늘다. 식물체의 길이는 14~25 cm이고, 두께는 70~115 μm이다. 겨울부터 초봄까지 출현한다. 조간대 상부의 암반에 생육한다.","식물체의 색은 황갈색이고 직립한다. 엽상체는 편평하고 상부는 꼬여 있으며 속은 비었다. 가지는 없고 가근으로부터 여러 가닥이 함께 난다. 잘록이고리매에 비해 엽상체가 가늘고 얇은 점에서 구분된다. 체장은 14~25cm이고, 두께는 70~115μm이다. 겨울부터 초봄까지 출현한다. (국립해양생물자원관, 해양생명자원 기탁등록보존기관(2016~2018))",조간대 상부의 암반에 생육한다.,,,,"제주도, 흑산도","멕시코, 칠레, 일본",,,정명,"Planosiphon gracilis (Kogame) McDevit & G.W.Saunders, 2017"
국립해양생물자원관_해양생물종정보 서비스,https://www.data.go.kr/data/15094770/openapi.do,,marine_life_species,가는민가지말,크로미스타계; 대롱편모조식물문; 갈조강; 솜털목; 민가지말과,,,,,가는민가지말은(는) 해양생물 캐릭터와 과학 동화 소재로 사용할 수 있다.,"해양생물의 생김새, 서식지, 분포를 반영한 과학 동화 소재",국명·학명·서식지·분류체계를 활용한 관찰 질문과 퀴즈,5-7;8-10,해양생물종;가는민가지말;Chordaria;gracilis;민가지말과,270000021224,Chromista,크로미스타계,Ochrophyta,대롱편모조식물문,Phaeophyceae,갈조강,Ectocarpales,솜털목,Chordariaceae,민가지말과,"Chordaria gracilis Setchell & N.L.Gardner, 1924",Chordaria gracilis,가는민가지말,기타,,,,,,,,,,,정명,"Chordaria gracilis Setchell & N.L.Gardner, 1924"
국립해양생물자원관_해양생물종정보 서비스,https://www.data.go.kr/data/15094770/openapi.do,,marine_life_species,가는바위딱지,크로미스타계; 대롱편모조식물문; 갈조강; 바위딱지목; 바위딱지과,,,,,가는바위딱지은(는) 해양생물 캐릭터와 과학 동화 소재로 사용할 수 있다.,"해양생물의 생김새, 서식지, 분포를 반영한 과학 동화 소재",국명·학명·서식지·분류체계를 활용한 관찰 질문과 퀴즈,5-7;8-10,해양생물종;가는바위딱지;Ralfsia;fungiformis;바위딱지과,270000024738,Chromista,크로미스타계,Ochrophyta,대롱편모조식물문,Phaeophyceae,갈조강,Ralfsiales,바위딱지목,Ralfsiaceae,바위딱지과,"Ralfsia fungiformis (Gunnerus) Setchell & N.L.Gardner, 1924",Ralfsia fungiformis,가는바위딱지,기타,,,,,,,,,,,정명,"Ralfsia fungiformis (Gunnerus) Setchell & N.L.Gardner, 1924"
국립해양생물자원관_해양생물종정보 서비스,https://www.data.go.kr/data/15094770/openapi.do,,marine_life_species,가시모자반,크로미스타계; 대롱편모조식물문; 갈조강; 말목; 모자반과,,,,,가시모자반은(는) 해양생물 캐릭터와 과학 동화 소재로 사용할 수 있다.,"해양생물의 생김새, 서식지, 분포를 반영한 과학 동화 소재",국명·학명·서식지·분류체계를 활용한 관찰 질문과 퀴즈,5-7;8-10,해양생물종;가시모자반;Sargassum;polyporum;모자반과,270000026402,Chromista,크로미스타계,Ochrophyta,대롱편모조식물문,Phaeophyceae,갈조강,Fucales,말목,Sargassaceae,모자반과,"Sargassum polyporum Montagne, 1842",Sargassum polyporum,가시모자반,기타,,,,,,,,,,,정명,"Sargassum polyporum Montagne, 1842"
국립해양생물자원관_해양생물종정보 서비스,https://www.data.go.kr/data/15094770/openapi.do,,marine_life_species,가시뼈대그물말,크로미스타계; 대롱편모조식물문; 갈조강; 그물바탕말목; 그물바탕말과,우리나라 전 연안,우리나라 전 연안,,,"식물체는 짙은 갈색이며, 중륵이 매우 뚜렷하며, 중륵으로부터 작은 가지들이 형성된다. 식물체의 폭은 3~8 mm이며, 길이는 10~30 cm까지 자란다. 포자낭은 구슬 모양이며 중륵 가까이에 만들어 진다. 식물체는 암반에 착생하여 조간대 하부에서 조하대의 얕은 곳에 자라며, 연중 출현한다.","해양생물의 생김새, 서식지, 분포를 반영한 과학 동화 소재",국명·학명·서식지·분류체계를 활용한 관찰 질문과 퀴즈,5-7;8-10,해양생물종;가시뼈대그물말;Dictyopteris;prolifera;그물바탕말과;우리나라;전;연안,270000021685,Chromista,크로미스타계,Ochrophyta,대롱편모조식물문,Phaeophyceae,갈조강,Dictyotales,그물바탕말목,Dictyotaceae,그물바탕말과,"Dictyopteris prolifera (Okamura) Okamura, 1930",Dictyopteris prolifera,가시뼈대그물말,기타,"식물체는 짙은 갈색이며, 중륵이 매우 뚜렷하며, 중륵으로부터 작은 가지들이 형성된다. 식물체의 폭은 3~8 mm이며, 길이는 10~30 cm까지 자란다. 포자낭은 구슬 모양이며 중륵 가까이에 만들어 진다. 식물체는 암반에 착생하여 조간대 하부에서 조하대의 얕은 곳에 자라며, 연중 출현한다.","엽체는 짙은 갈색으로 중륵이 매우 뚜렷하며 암반에 착생한다. 중륵에서 가지를 내고 막대 모양의 정단세포가 여러 개 나란히 있으며 그 부분은 오목하다. 포자낭은 구슬 모양이 중륵 인근에서 생성된다.(Choi et al., 2016 편집 인용)",,,,,우리나라 전 연안,"일본, 카보베르데 제도, 중국",,,정명,"Dictyopteris prolifera (Okamura) Okamura, 1930"
국립해양생물자원관_해양생물종정보 서비스,https://www.data.go.kr/data/15094770/openapi.do,,marine_life_species,가온열매실말,크로미스타계; 대롱편모조식물문; 갈조강; 솜털목; 솜말과,,,,,가온열매실말은(는) 해양생물 캐릭터와 과학 동화 소재로 사용할 수 있다.,"해양생물의 생김새, 서식지, 분포를 반영한 과학 동화 소재",국명·학명·서식지·분류체계를 활용한 관찰 질문과 퀴즈,5-7;8-10,해양생물종;가온열매실말;Pylaiella;littoralis;솜말과,270000024708,Chromista,크로미스타계,Ochrophyta,대롱편모조식물문,Phaeophyceae,갈조강,Ectocarpales,솜털목,Acinetosporaceae,솜말과,"Pylaiella littoralis (Linnaeus) Kjellman, 1872",Pylaiella littoralis,가온열매실말,기타,,,,,,,,,,,정명,"Pylaiella littoralis (Linnaeus) Kjellman, 1872"
국립해양생물자원관_해양생물종정보 서비스,https://www.data.go.kr/data/15094770/openapi.do,,marine_life_species,가위갯쇠털,크로미스타계; 대롱편모조식물문; 갈조강; 갯쇠털목; 갯쇠털과,우리나라 전 연안,우리나라 전 연안,,,"식물체는 옅은 갈색 혹은 녹갈색을 띠고, 곧게 0.5~1 cm까지 자란다. 기부는 원반형이고, 가장자리에서 가근이 발달한다. 가지는 불규칙하게 분지하며, 마디는 방사상으로 분열하고, 측면에서 2~4개의 직사각형 모양의 주변세포로 이루어진다. 갈조털은 가지 측면에 위치한다. 배아지는 가지의 끝부분에 형성되고, 원기둥 모양의 자루와 2개의 작은 가지로 구성된다. 단자낭은 짙은 갈색으로 구형이고, 가지의 중하부에 발달하며, 길이 25~55 ㎛이다. 배우자낭은 가지의 중하부에 자루에 붙고, 길이 45~65 ㎛, 폭 25~40 ㎛이다. 조간대에서 자라고, 다른 해조류에 착생한다.","해양생물의 생김새, 서식지, 분포를 반영한 과학 동화 소재",국명·학명·서식지·분류체계를 활용한 관찰 질문과 퀴즈,5-7;8-10,해양생물종;가위갯쇠털;Sphacelaria;rigidula;갯쇠털과;우리나라;전;연안,270000025190,Chromista,크로미스타계,Ochrophyta,대롱편모조식물문,Phaeophyceae,갈조강,Sphacelariales,갯쇠털목,Sphacelariaceae,갯쇠털과,"Sphacelaria rigidula Kützing, 1843",Sphacelaria rigidula,가위갯쇠털,기타,"식물체는 옅은 갈색 혹은 녹갈색을 띠고, 곧게 0.5~1 cm까지 자란다. 기부는 원반형이고, 가장자리에서 가근이 발달한다. 가지는 불규칙하게 분지하며, 마디는 방사상으로 분열하고, 측면에서 2~4개의 직사각형 모양의 주변세포로 이루어진다. 갈조털은 가지 측면에 위치한다. 배아지는 가지의 끝부분에 형성되고, 원기둥 모양의 자루와 2개의 작은 가지로 구성된다. 단자낭은 짙은 갈색으로 구형이고, 가지의 중하부에 발달하며, 길이 25~55 ㎛이다. 배우자낭은 가지의 중하부에 자루에 붙고, 길이 45~65 ㎛, 폭 25~40 ㎛이다. 조간대에서 자라고, 다른 해조류에 착생한다.",,,,,,우리나라 전 연안,"유럽, 대서양, 북아메리카, 중앙아메리카, 카리브해, 서대서양, 남아메리카, 아프리카, 인도양, 서남아시아, 아시아, 동남아시아, 호주, 뉴질랜드, 태평양, 아일랜드, 남극",,,정명,"Sphacelaria rigidula Kützing, 1843"
국립해양생물자원관_해양생물종정보 서비스,https://www.data.go.kr/data/15094770/openapi.do,,marine_life_species,가지바다오디,크로미스타계; 대롱편모조식물문; 갈조강; 솜털목; 민가지말과,,,,,가지바다오디은(는) 해양생물 캐릭터와 과학 동화 소재로 사용할 수 있다.,"해양생물의 생김새, 서식지, 분포를 반영한 과학 동화 소재",국명·학명·서식지·분류체계를 활용한 관찰 질문과 퀴즈,5-7;8-10,해양생물종;가지바다오디;Botrytella;reinboldii;민가지말과,270000019371,Chromista,크로미스타계,Ochrophyta,대롱편모조식물문,Phaeophyceae,갈조강,Ectocarpales,솜털목,Chordariaceae,민가지말과,"Botrytella reinboldii (Reinke) Kornmann & Sahling, 1988",Botrytella reinboldii,가지바다오디,기타,,,,,,,,,,,정명,"Botrytella reinboldii (Reinke) Kornmann & Sahling, 1988"
국립해양생물자원관_해양생물종정보 서비스,https://www.data.go.kr/data/15094770/openapi.do,,marine_life_species,가지반점말,크로미스타계; 대롱편모조식물문; 갈조강; 솜털목; 민가지말과,,,,,가지반점말은(는) 해양생물 캐릭터와 과학 동화 소재로 사용할 수 있다.,"해양생물의 생김새, 서식지, 분포를 반영한 과학 동화 소재",국명·학명·서식지·분류체계를 활용한 관찰 질문과 퀴즈,5-7;8-10,해양생물종;가지반점말;Protectocarpus;speciosus;민가지말과,270000024386,Chromista,크로미스타계,Ochrophyta,대롱편모조식물문,Phaeophyceae,갈조강,Ectocarpales,솜털목,Chordariaceae,민가지말과,"Protectocarpus speciosus (Børgesen) Kornmann, 1955",Protectocarpus speciosus,가지반점말,기타,,,,,,,,,,,정명,"Protectocarpus speciosus (Børgesen) Kornmann, 1955"
국립해양생물자원관_해양생물종정보 서비스,https://www.data.go.kr/data/15094770/openapi.do,,marine_life_species,갈기반주름말,크로미스타계; 대롱편모조식물문; 갈조강; 그물바탕말목; 그물바탕말과,"동해안, 남해안, 제주도","동해안, 남해안, 제주도; 조하대 암반",,,"바다에 사는 갈조식물이다. 엽체는 암반에 착생하고, 직립하며, 평편하다. 가근성 부착기로 부착한다. 성숙한 엽체는 길이 5-10cm, 부채꼴 모양이며, 성숙하면 파열되고, 엷은 갈색이다. 엽체는 다층세포로 구성되고, 정단분열을 보인다. 엽체 하부에서 발달하는 부정지는 중륵처럼 보이기도 한다. 조하대 암반에 착생하여 자라며, 연중 관찰된다. 동해안, 남해안, 제주도에 생육하며, 세계적으로 일본과 호주에 분포한다.","해양생물의 생김새, 서식지, 분포를 반영한 과학 동화 소재",국명·학명·서식지·분류체계를 활용한 관찰 질문과 퀴즈,5-7;8-10,해양생물종;갈기반주름말;Zonaria;flabellata;그물바탕말과;조하대;암반;동해안;남해안;제주도,270000026011,Chromista,크로미스타계,Ochrophyta,대롱편모조식물문,Phaeophyceae,갈조강,Dictyotales,그물바탕말목,Dictyotaceae,그물바탕말과,"Zonaria flabellata (Okamura) Papenfuss, 1944",Zonaria flabellata,갈기반주름말,기타,"바다에 사는 갈조식물이다. 엽체는 암반에 착생하고, 직립하며, 평편하다. 가근성 부착기로 부착한다. 성숙한 엽체는 길이 5-10cm, 부채꼴 모양이며, 성숙하면 파열되고, 엷은 갈색이다. 엽체는 다층세포로 구성되고, 정단분열을 보인다. 엽체 하부에서 발달하는 부정지는 중륵처럼 보이기도 한다. 조하대 암반에 착생하여 자라며, 연중 관찰된다. 동해안, 남해안, 제주도에 생육하며, 세계적으로 일본과 호주에 분포한다.","엽체는 암반에 착생하고, 직립하며, 평편하며, 가근성 부착기로 부착하며, 성숙한 엽체는 길이 5-10cm, 부채꼴 모양이며, 성숙하면 파열되고, 엷은 갈색이다. 엽체는 다층세포로 구성되고, 정단분열을 보인다.",전 계절에 생육,,,,"동해안, 남해안, 제주도","일본, 호주",조하대 암반,특별한 용도가 알려진 바 없음,정명,"Zonaria flabellata (Okamura) Papenfuss, 1944"
국립해양생물자원관_해양생물종정보 서비스,https://www.data.go.kr/data/15094770/openapi.do,,marine_life_species,갈래끝갯쇠털,크로미스타계; 대롱편모조식물문; 갈조강; 갯쇠털목; 갯쇠털과,"어청도, 제주도","어청도, 제주도; 조하대의 다른 대형 갈조류 위",,,"바다에 사는 갈조식물이다. 엽체는 총생, 짙은 갈색, 녹갈색, 착생하고, 길이 1cm이다. 기부는 단층, 다층의 원반형, 주축하부에서 가근을 낸다. 가지는 원주형으로 무한생장하고, 불규칙적으로 분지, 마디는 옆면에서 2-6개의 주변세포가 보인다. 털은 가지 정단부 또는 사면분열에 의해 형성된다. 배아지는 직립지의 중상부에 형성, 곧은 원주형 자루와 2개의 소지로 되며, 소지는 간혹 3개인 경우도 있다. 단자낭은 갈색, 구형이다. 암배우자낭은 짙은 갈색, 장타원형이다. 조하대의 다른 대형 갈조류 위에 붙어살며, 연중 관찰되고, 겨울에 생식기관이 형성된다. 어청도, 제주도에서 기록되었으며, 세계적으로 일본에 분포한다.","해양생물의 생김새, 서식지, 분포를 반영한 과학 동화 소재",국명·학명·서식지·분류체계를 활용한 관찰 질문과 퀴즈,5-7;8-10,해양생물종;갈래끝갯쇠털;Sphacelaria;yamadae;갯쇠털과;조하대의;다른;대형;갈조류;위;어청도;제주도,270000025192,Chromista,크로미스타계,Ochrophyta,대롱편모조식물문,Phaeophyceae,갈조강,Sphacelariales,갯쇠털목,Sphacelariaceae,갯쇠털과,"Sphacelaria yamadae Segawa, 1941",Sphacelaria yamadae,갈래끝갯쇠털,기타,"바다에 사는 갈조식물이다. 엽체는 총생, 짙은 갈색, 녹갈색, 착생하고, 길이 1cm이다. 기부는 단층, 다층의 원반형, 주축하부에서 가근을 낸다. 가지는 원주형으로 무한생장하고, 불규칙적으로 분지, 마디는 옆면에서 2-6개의 주변세포가 보인다. 털은 가지 정단부 또는 사면분열에 의해 형성된다. 배아지는 직립지의 중상부에 형성, 곧은 원주형 자루와 2개의 소지로 되며, 소지는 간혹 3개인 경우도 있다. 단자낭은 갈색, 구형이다. 암배우자낭은 짙은 갈색, 장타원형이다. 조하대의 다른 대형 갈조류 위에 붙어살며, 연중 관찰되고, 겨울에 생식기관이 형성된다. 어청도, 제주도에서 기록되었으며, 세계적으로 일본에 분포한다.","엽체는 총생, 짙은 갈색, 녹갈색, 착생하고, 길이 1cm, 기부는 단층, 다층의 원반형, 주축하부에서 가근을 낸다. 가지는 원주형으로 무한생장하고, 불규칙적으로 분지, 마디는 옆면에서 2-6개의 주변세포가 보이고, 털은 가지 정단부 또는 사면분열에 의해 형성되고, 배아지는 직립지의 중상부에 형성, 곧은 원주형 자루와 2개의 소지로 되며, 소지는 간혹 3개인 경우도 있다. 단자낭은 갈색, 구형, 암배우자낭은 짙은 갈색, 장타원형, 수배우자는 기록되어 있지 않다.","전 계절에 생육하고, 생식기는 겨울철",,,,"어청도, 제주도",일본,조하대의 다른 대형 갈조류 위,특별한 용도가 알려진 바 없음,정명,"Sphacelaria yamadae Segawa, 1941"
국립해양생물자원관_해양생물종정보 서비스,https://www.data.go.kr/data/15094770/openapi.do,,marine_life_species,갈래잎모자반,크로미스타계; 대롱편모조식물문; 갈조강; 말목; 모자반과,"남해안, 제주도, 울릉도, 독도","남해안, 제주도, 울릉도, 독도",,,"식물체의 부착기는 반상근이며, 체장은 30~50 cm이다. 줄기는 짧고, 주지는 편압되어 있고, 2열 호생 분지하여, 소지는 깃모양이 된다. 잎은 편압된 선형 혹은 복우상이고, 어린 잎의 가장자리는 전연이고, 성숙한 잎은 거치가 있으며, 길이는 3~7 cm 이고, 폭은 1~2 mm 이다. 기낭은 구형 혹은 타원형이며, 관엽은 2회 분열하며, 거치가 있다. 배우체는 자웅이주이며, 생식기탁은 원주형이다. 연중 생육하며, 5월에서 8월에 걸쳐 성숙된다.","해양생물의 생김새, 서식지, 분포를 반영한 과학 동화 소재",국명·학명·서식지·분류체계를 활용한 관찰 질문과 퀴즈,5-7;8-10,해양생물종;갈래잎모자반;Sargassum;pinnatifidum;모자반과;남해안;제주도;울릉도;독도,270000025007,Chromista,크로미스타계,Ochrophyta,대롱편모조식물문,Phaeophyceae,갈조강,Fucales,말목,Sargassaceae,모자반과,"Sargassum pinnatifidum Harvey, 1860",Sargassum pinnatifidum,갈래잎모자반,기타,"식물체의 부착기는 반상근이며, 체장은 30~50 cm이다. 줄기는 짧고, 주지는 편압되어 있고, 2열 호생 분지하여, 소지는 깃모양이 된다. 잎은 편압된 선형 혹은 복우상이고, 어린 잎의 가장자리는 전연이고, 성숙한 잎은 거치가 있으며, 길이는 3~7 cm 이고, 폭은 1~2 mm 이다. 기낭은 구형 혹은 타원형이며, 관엽은 2회 분열하며, 거치가 있다. 배우체는 자웅이주이며, 생식기탁은 원주형이다. 연중 생육하며, 5월에서 8월에 걸쳐 성숙된다.",,,,,,"남해안, 제주도, 울릉도, 독도","중국, 일본",,,정명,"Sargassum pinnatifidum Harvey, 1860"
국립해양생물자원관_해양생물종정보 서비스,https://www.data.go.kr/data/15094770/openapi.do,,marine_life_species,감태,크로미스타계; 대롱편모조식물문; 갈조강; 다시마목; 감태과,"동해안, 남해안, 제주도","동해안, 남해안, 제주도; 조하대 암반",,,"바다에 사는 갈조식물이다. 엽체는 짙은 갈색이고, 혁질이며, 길이 2m, 폭 60cm이다. 긴 막대 모양의 줄기에서 중심잎이 난다. 줄기는 원주상이고, 1m 이상인 것도 있으며, 중앙부가 굵고, 성숙 시 다소 중공이 되고, 상부는 편평하며, 양측에서 우상엽이 나고, 다시 호생하는 우상의 소엽판을 낸다. 줄기의 중앙엽은 3-5mm, 부착기는 갈라진 흡착기이다. 조하대 암반에 부착하여 자라며, 겨울부터 여름까지 생육한다. 동해안, 남해안, 제주도에 자라며, 세계적으로 일본에 분포한다.","해양생물의 생김새, 서식지, 분포를 반영한 과학 동화 소재",국명·학명·서식지·분류체계를 활용한 관찰 질문과 퀴즈,5-7;8-10,해양생물종;감태;Ecklonia;cava;감태과;조하대;암반;동해안;남해안;제주도,270000021799,Chromista,크로미스타계,Ochrophyta,대롱편모조식물문,Phaeophyceae,갈조강,Laminariales,다시마목,Lessoniaceae,감태과,"Ecklonia cava Kjellman, 1885",Ecklonia cava,감태,기타,"바다에 사는 갈조식물이다. 엽체는 짙은 갈색이고, 혁질이며, 길이 2m, 폭 60cm이다. 긴 막대 모양의 줄기에서 중심잎이 난다. 줄기는 원주상이고, 1m 이상인 것도 있으며, 중앙부가 굵고, 성숙 시 다소 중공이 되고, 상부는 편평하며, 양측에서 우상엽이 나고, 다시 호생하는 우상의 소엽판을 낸다. 줄기의 중앙엽은 3-5mm, 부착기는 갈라진 흡착기이다. 조하대 암반에 부착하여 자라며, 겨울부터 여름까지 생육한다. 동해안, 남해안, 제주도에 자라며, 세계적으로 일본에 분포한다.","엽체는 짙은 갈색이고, 혁질이며, 길이 2m, 폭 60cm, 긴 막대 모양의 줄기에서 중심잎이 난다. 줄기는 원주상이고, 1m 이상인 것도 있으며, 중앙부가 굵고, 성숙 시 다소 중공이 되고, 상부는 편평하며, 양측에서 우상엽이 나고, 다시 호생하는 우상의 소엽판을 내며, 줄기의 중앙엽은 3-5mm, 부착기는 갈라진 흡착기이다.",나무뿌리 형태의 부착기로 암반에 착생한다.,,,"항고혈압, 항염증, 항산화, 항증식의 효능이 있으며 식품, 의약품, 산업용으로 이용","동해안, 남해안, 제주도",일본,조하대 암반,"식품, 의약품, 산업용",정명,"Ecklonia cava Kjellman, 1885"
국립해양생물자원관_해양생물종정보 서비스,https://www.data.go.kr/data/15094770/openapi.do,,marine_life_species,개그물바탕말,크로미스타계; 대롱편모조식물문; 갈조강; 그물바탕말목; 그물바탕말과,,,,,"식물체는 갈색이며, 두 갈래로 가지를 내며 부채꼴이 된다. 짧고 납작한 뿌리를 많이 내며 여러 개체가 모여난다. 가지의 끝 부분에 볼록렌즈모양의 정단세포가 있다. 포자낭반은 식물체 잎의 양쪽표면에 형성된다. 식물체의 길이는 12~16 cm 자란다. 바위에 붙어 자라고 연중 출현한다.","해양생물의 생김새, 서식지, 분포를 반영한 과학 동화 소재",국명·학명·서식지·분류체계를 활용한 관찰 질문과 퀴즈,5-7;8-10,해양생물종;개그물바탕말;Rugulopteryx;okamurae;그물바탕말과,270000024913,Chromista,크로미스타계,Ochrophyta,대롱편모조식물문,Phaeophyceae,갈조강,Dictyotales,그물바탕말목,Dictyotaceae,그물바탕말과,"Rugulopteryx okamurae (E.Y.Dawson) I.K.Hwang, W.J.Lee & H.S.Kim, 2009",Rugulopteryx okamurae,개그물바탕말,기타,"식물체는 갈색이며, 두 갈래로 가지를 내며 부채꼴이 된다. 짧고 납작한 뿌리를 많이 내며 여러 개체가 모여난다. 가지의 끝 부분에 볼록렌즈모양의 정단세포가 있다. 포자낭반은 식물체 잎의 양쪽표면에 형성된다. 식물체의 길이는 12~16 cm 자란다. 바위에 붙어 자라고 연중 출현한다.","엽체는 연한 또는 진한 갈색이고 아차상으로 분기하고 부채꼴이다. 체장은 12~16cm이고 엽폭은 정단부에서 5.7~6.6mm로서 기부에 비해 넓고 사상형가근으로 부착한다. 연중 생육하며 특히 11월 이후 겨울철에 포복지로 개체를 유지한다.(Choi et al., 2016 편집 인용)",,,,,,,,,정명,"Rugulopteryx okamurae (E.Y.Dawson) I.K.Hwang, W.J.Lee & H.S.Kim, 2009"
국립해양생물자원관_해양생물종정보 서비스,https://www.data.go.kr/data/15094770/openapi.do,,marine_life_species,개다시마,크로미스타계; 대롱편모조식물문; 갈조강; 다시마목; 다시마과,,,,,개다시마은(는) 해양생물 캐릭터와 과학 동화 소재로 사용할 수 있다.,"해양생물의 생김새, 서식지, 분포를 반영한 과학 동화 소재",국명·학명·서식지·분류체계를 활용한 관찰 질문과 퀴즈,5-7;8-10,해양생물종;개다시마;Kjellmaniella;crassifolia;다시마과,270000022723,Chromista,크로미스타계,Ochrophyta,대롱편모조식물문,Phaeophyceae,갈조강,Laminariales,다시마목,Laminariaceae,다시마과,"Kjellmaniella crassifolia Miyabe, 1902",Kjellmaniella crassifolia,개다시마,기타,,,,,,,,,,,정명,"Kjellmaniella crassifolia Miyabe, 1902"
국립해양생물자원관_해양생물종정보 서비스,https://www.data.go.kr/data/15094770/openapi.do,,marine_life_species,개미역쇠,크로미스타계; 대롱편모조식물문; 갈조강; 솜털목; 고리매과,우리나라 전 연안,우리나라 전 연안,,,"식물체는 갈색이고 편평하며, 짧은 줄기에서 갑자기 넓어지다가 윗 쪽으로 올라갈수록 뾰족해지는 모양의 엷은 막질이다. 식물체는 작은 반상근에서 여러 가닥이 모여난다. 식물체의 길이는 6~12 cm이고, 폭은 1.5~2.6 cm이다. 겨울부터 늦봄까지 출현한다. 조간대의 바위위에서 생육하거나 다른 해조류에 착생한다. 파도가 약하고 영양염이 많은 장소에서 잘 자란다.","해양생물의 생김새, 서식지, 분포를 반영한 과학 동화 소재",국명·학명·서식지·분류체계를 활용한 관찰 질문과 퀴즈,5-7;8-10,해양생물종;개미역쇠;Petalonia;fascia;고리매과;우리나라;전;연안,270000024079,Chromista,크로미스타계,Ochrophyta,대롱편모조식물문,Phaeophyceae,갈조강,Ectocarpales,솜털목,Scytosiphonaceae,고리매과,"Petalonia fascia (O.F.Müller) Kuntze, 1898",Petalonia fascia,개미역쇠,기타,"식물체는 갈색이고 편평하며, 짧은 줄기에서 갑자기 넓어지다가 윗 쪽으로 올라갈수록 뾰족해지는 모양의 엷은 막질이다. 식물체는 작은 반상근에서 여러 가닥이 모여난다. 식물체의 길이는 6~12 cm이고, 폭은 1.5~2.6 cm이다. 겨울부터 늦봄까지 출현한다. 조간대의 바위위에서 생육하거나 다른 해조류에 착생한다. 파도가 약하고 영양염이 많은 장소에서 잘 자란다.","식물체는 갈색이며 짧은 줄기에서 갑자기 넓어져 짧은 댕기 또는 주걱 모양을 하며 다른 식물체에 모여 난다. 식물체의 표면을 보면 피층세포는 둥글거나 둥근 모양에 가까운 세포들이 이리저리 배열되었으며 나란히 줄을 이룬 부분도 있다. (Lee, 2008 편집 인용)",조간대에 자란다.,,,,우리나라 전 연안,"유럽, 대서양, 아시아, 아일랜드, 아프리카, 북극, 북아메리카, 중앙아메리카, 서대서양, 서남아시아, 남아메리카, 남극, 호주, 뉴질랜드",,,정명,"Petalonia fascia (O.F.Müller) Kuntze, 1898"
국립해양생물자원관_해양생물종정보 서비스,https://www.data.go.kr/data/15094770/openapi.do,,marine_life_species,개바위딱지,크로미스타계; 대롱편모조식물문; 갈조강; 솜털목; 고리매과,,,,,개바위딱지은(는) 해양생물 캐릭터와 과학 동화 소재로 사용할 수 있다.,"해양생물의 생김새, 서식지, 분포를 반영한 과학 동화 소재",국명·학명·서식지·분류체계를 활용한 관찰 질문과 퀴즈,5-7;8-10,해양생물종;개바위딱지;Stragularia;clavata;고리매과,270000025359,Chromista,크로미스타계,Ochrophyta,대롱편모조식물문,Phaeophyceae,갈조강,Ectocarpales,솜털목,Scytosiphonaceae,고리매과,"Stragularia clavata (Harvey) Hamel, 1939",Stragularia clavata,개바위딱지,기타,,,,,,,,,,,정명,"Stragularia clavata (Harvey) Hamel, 1939"
국립해양생물자원관_해양생물종정보 서비스,https://www.data.go.kr/data/15094770/openapi.do,,marine_life_species,갯바위딱지,크로미스타계; 대롱편모조식물문; 갈조강; 바위딱지목; 바위딱지과,"서해안(태안), 남해안(부산, 통영, 완도) 및 제주도[1]","서해안(태안), 남해안(부산, 통영, 완도) 및 제주도[1]",,,2배체의 sporophyte 세대와 1배체의 gametophyte 세대로 구성되고 동형세대교번을 따른다. 생식기는 unangia와 plurilocular 포자낭이 있다.,"해양생물의 생김새, 서식지, 분포를 반영한 과학 동화 소재",국명·학명·서식지·분류체계를 활용한 관찰 질문과 퀴즈,5-7;8-10,해양생물종;갯바위딱지;Fissipedicella;orientalis;바위딱지과;서해안(태안);남해안(부산;통영;완도);및;제주도[1],270000029221,Chromista,크로미스타계,Ochrophyta,대롱편모조식물문,Phaeophyceae,갈조강,Ralfsiales,바위딱지목,Ralfsiaceae,바위딱지과,"Fissipedicella orientalis A.O.Oteng'o, B.Y.Won & T.O.Cho 2023",Fissipedicella orientalis,갯바위딱지,기타,2배체의 sporophyte 세대와 1배체의 gametophyte 세대로 구성되고 동형세대교번을 따른다. 생식기는 unangia와 plurilocular 포자낭이 있다.,"암반 위에 붙어 있으며, 초록빛, 적갈색, 암갈색까지 다양한 색상을 띠며, 건조하면 매우 짙은 갈색으로 변한다. 윤곽은 원형에서 불규칙한 형태로 나타나며 종종 서로 융합되어 연한 색의 가장자리는 없다. 직경은 0.2–4.5(–7.5) cm, 두께는 85–421 μm이고 기질에 단단히 부착한다. 성장선은 뚜렷하지 않고 표면은 대체로 매끄럽고, 바닥면은 적갈색이며, Rhizoids는 없다.
Hypothallial basal layer는 1개에서 여러 개의 세포층으로 구성되어 있으며, 세포는 폭이 4–12 μm, 폭과 길이의 비율은 1:1.8–3.8로, 이 세포들이 직립한 perithallial filaments를 형성한다. 직립한 perithallial cell 가지가 있으며, 곧거나 위쪽으로 휘어지고, 표면을 향해 좁아지며 서로 단단히 결합하여 pseudoparenchymatose 조직을 형성한다. 직립한 perithallial filaments는 4–25 μm, 폭 4–16 μm이다. 엽록체는 벽 쪽에 위치하며 세포당 하나씩 존재한다. Hair 다발은 직립한 perithallial filaments의 기부에서 중간 부분에서 자란다.
다세포낭과 단세포낭 소립의 생식 부위는 같은 개체나 다른 개체의 겉표면에 약간 돌출된 영역을 형성한다. 다세포낭 생식 구조는 중간 위치에 있으며, 길이 43–202 μm, 1–2개의 생식 필라멘트로 구성되고 끝에 1–3개의 sterile 세표가 있다. 단세포낭 생식체는 직립한 상층 세포에서 기원하는 두 종류의 필라멘트를 형성한다. 이 필라멘트는 가지를 뻗어 paraphyses를 형성하고, 단세포낭을 지지하는 짧은 biseriate stalk cell이 있다. 단세포낭은 ovoid, ellipsoid, oblong형이고, 길이 47–116 μm, 폭 7–40 μm이며, vertically나 obliquely 분열된 1–6개의 세포로 이루어진 Stalk이 있다. paraphyses는 곤봉 모양이며, 길이 92–148 μm, 폭 2–12 μm로, 5–10개의 세포로 구성된다.","Fissipedicella orientalis는 한국의 서해안(태안), 남해안(부산, 통영, 완도) 및 제주도에 등 다양한 지역에 분포하고, 조간대 자갈과 바위를 포함한 단단한 기질에 붙어 자란다.",,,,"서해안(태안), 남해안(부산, 통영, 완도) 및 제주도[1]",,,,정명,"Fissipedicella orientalis A.O.Oteng'o, B.Y.Won & T.O.Cho 2023"
국립해양생물자원관_해양생물종정보 서비스,https://www.data.go.kr/data/15094770/openapi.do,,marine_life_species,검둥모자반,크로미스타계; 대롱편모조식물문; 갈조강; 말목; 모자반과,"동해안, 서해안 남부","동해안, 서해안 남부",,,"식물체의 부착기는 기는 줄기로 여러 개가 모여 단단한 기부를 형성한다. 주지의 폭은 약 3 mm이고 가장자리는 매끈하다. 잎은 타원형, 피침상이고, 드물게 주걱상이다. 기낭은 타원형이며, 가지의 기부에서 생긴다. 생식기탁은 납작한 도란형, 주걱상이며, 단독 또는 여러 개 모여난다. 자웅이주이다.","해양생물의 생김새, 서식지, 분포를 반영한 과학 동화 소재",국명·학명·서식지·분류체계를 활용한 관찰 질문과 퀴즈,5-7;8-10,해양생물종;검둥모자반;Sargassum;nigrifolium;모자반과;동해안;서해안;남부,270000025001,Chromista,크로미스타계,Ochrophyta,대롱편모조식물문,Phaeophyceae,갈조강,Fucales,말목,Sargassaceae,모자반과,"Sargassum nigrifolium Yendo, 1907",Sargassum nigrifolium,검둥모자반,기타,"식물체의 부착기는 기는 줄기로 여러 개가 모여 단단한 기부를 형성한다. 주지의 폭은 약 3 mm이고 가장자리는 매끈하다. 잎은 타원형, 피침상이고, 드물게 주걱상이다. 기낭은 타원형이며, 가지의 기부에서 생긴다. 생식기탁은 납작한 도란형, 주걱상이며, 단독 또는 여러 개 모여난다. 자웅이주이다.","식물체의 부착기는 기는 줄기로 여러 개가 모여 단단한 기부를 형성한다. 주지의 폭은 약 3mm이고 가장자리는 매끈하다. 잎은 타원형, 피침상이고, 드물게 주걱상이다. 기낭은 타원형이며, 가지의 기부에서 생긴다. 생식기탁은 납작한 도란형, 주걱상이며, 단독 또는 여러 개 모여 난다. 자웅이주이다.(국립해양생물자원관, 해양생명자원 기탁등록보존기관(2016~2018))",,,,,"동해안, 서해안 남부","일본, 필리핀",,,정명,"Sargassum nigrifolium Yendo, 1907"
국립해양생물자원관_해양생물종정보 서비스,https://www.data.go.kr/data/15094770/openapi.do,,marine_life_species,검은싸리모자반,크로미스타계; 대롱편모조식물문; 갈조강; 말목; 모자반과,"동, 남해안","동, 남해안",,,"엽체는 길이 1 m 까지 자란다. 부착기는 직경 1 cm정도의 반상이고, 초기에 방사상으로 발달한 작은 돌기가 이후 직경 1 mm의 섬유상 가근으로 발달하며, 새로운 엽체로 발달하기도 한다. 줄기는 원주상이고,길이 2 cm, 폭 2~3 mm이다. 중심가지는 폭 1.5~2 mm이고, 줄기에서 나선상으로 나며, 여러 개의 측지를 낸다. 잎은 좁은 피침상이고, 길이 10~15 mm, 폭 1~2 mm이며, 전연이고, 정단부에 거치가 발달하기도 하며, 자루는 짧고, 중륵은 없으며, 1/3에서 2/5의 비율로 난다. 하부의 잎은 축에 직각에 가깝게 나고, 상부에서는 축 방향으로 나며, 모총은 잎과 기낭에 산재한다. 기낭은 방추상이고, 길이 5~6 mm, 폭 1.5 mm이며, 짧은 선형의 돌기를 갖기도 한다. 자웅이주이다. 생식기탁은 첨예한 원주상이고, 자성 생식기탁은 길이 10 mm, 직경 1.2 mm이고, 웅성생식기탁은 길이 15~20 mm이다. 생물계절은 여름이다. 파도의 영향이 적은 해안의 조간대 하부와 조하대 상부 암반에서 자라고, 지충이 바로 아래 구간에서 군락을 이룬다.","해양생물의 생김새, 서식지, 분포를 반영한 과학 동화 소재",국명·학명·서식지·분류체계를 활용한 관찰 질문과 퀴즈,5-7;8-10,해양생물종;검은싸리모자반;Sargassum;miyabei;모자반과;동;남해안,270000024999,Chromista,크로미스타계,Ochrophyta,대롱편모조식물문,Phaeophyceae,갈조강,Fucales,말목,Sargassaceae,모자반과,"Sargassum miyabei Yendo, 1907",Sargassum miyabei,검은싸리모자반,기타,"엽체는 길이 1 m 까지 자란다. 부착기는 직경 1 cm정도의 반상이고, 초기에 방사상으로 발달한 작은 돌기가 이후 직경 1 mm의 섬유상 가근으로 발달하며, 새로운 엽체로 발달하기도 한다. 줄기는 원주상이고,길이 2 cm, 폭 2~3 mm이다. 중심가지는 폭 1.5~2 mm이고, 줄기에서 나선상으로 나며, 여러 개의 측지를 낸다. 잎은 좁은 피침상이고, 길이 10~15 mm, 폭 1~2 mm이며, 전연이고, 정단부에 거치가 발달하기도 하며, 자루는 짧고, 중륵은 없으며, 1/3에서 2/5의 비율로 난다. 하부의 잎은 축에 직각에 가깝게 나고, 상부에서는 축 방향으로 나며, 모총은 잎과 기낭에 산재한다. 기낭은 방추상이고, 길이 5~6 mm, 폭 1.5 mm이며, 짧은 선형의 돌기를 갖기도 한다. 자웅이주이다. 생식기탁은 첨예한 원주상이고, 자성 생식기탁은 길이 10 mm, 직경 1.2 mm이고, 웅성생식기탁은 길이 15~20 mm이다. 생물계절은 여름이다. 파도의 영향이 적은 해안의 조간대 하부와 조하대 상부 암반에서 자라고, 지충이 바로 아래 구간에서 군락을 이룬다.","식물체는 흑갈색이며 방석 모양의 뿌리에서 원기둥 모양의 줄기가 여러 개 나오고 줄기는 길어지면서 짧은 가지를 낸다. 잎은 가죽질이고 좁은 주걱 모양이며 가장자리에는 무딘 거치가 있거나 매끈하다. 기포는 북 모양이며 끝에 가시 모양의 잎을 가진다. (Lee, 2008 편집 인용)",조간대 하부에 자란다.,,,,"동, 남해안","홍콩, 일본, 러시아, 필리핀, 베트남, 중국",,,정명,"Sargassum miyabei Yendo, 1907"
국립해양생물자원관_해양생물종정보 서비스,https://www.data.go.kr/data/15094770/openapi.do,,marine_life_species,겹딱지,크로미스타계; 대롱편모조식물문; 갈조강; 바위딱지목; 바위딱지과,"동해(부산, 울산), 서해(백령도, 보령, 부안, 태안), 남해(남해, 통영, 완도, 여수)[1]","동해(부산, 울산), 서해(백령도, 보령, 부안, 태안), 남해(남해, 통영, 완도, 여수)[1]",,,2배체의 sporophyte 세대와 1배체의 gametophyte 세대로 구성되고 동형세대교번을 따른다. 생식기는 unangia와 plurilocular 포자낭이 있다.,"해양생물의 생김새, 서식지, 분포를 반영한 과학 동화 소재",국명·학명·서식지·분류체계를 활용한 관찰 질문과 퀴즈,5-7;8-10,해양생물종;겹딱지;Ramipedicella;miniloba;바위딱지과;동해(부산;울산);서해(백령도;보령;부안;태안);남해(남해,270000029269,Chromista,크로미스타계,Ochrophyta,대롱편모조식물문,Phaeophyceae,갈조강,Ralfsiales,바위딱지목,Ralfsiaceae,바위딱지과,"Ramipedicella miniloba A.O.Oteng'o, B.Y.Won & T.o.Cho 2024",Ramipedicella miniloba,겹딱지,기타,2배체의 sporophyte 세대와 1배체의 gametophyte 세대로 구성되고 동형세대교번을 따른다. 생식기는 unangia와 plurilocular 포자낭이 있다.,"식물체는 두꺼운 부착성의 껍질 형태로, 암석 또는 조개등의 딱딱에 표면에 부착하여 자라며, 밝은 갈색에서 짙은 갈색(건조 상태에서는 거의 검은색)이다. 가장자리가 밝고, 외부에 동심원 형태의 띠와 방사선 모양의 선이 있으며, 중심부 쪽에 작은 엽상 돌기가 있어 표면이 울퉁불퉁하게 보인다. 최대 15cm 너비로 자라며, 두께는 300-1,650 μm이고, 식물체는 1~4개의 겹쳐진 층으로 구성되어 다층 구조를 가진다. hypothallial basal 층은 여러 세포 층으로 이루어져 있으며, 세포는 폭 7–15 μm로 폭 대 길이 비율이 1:1–12이다. 이 세포들은 직립한 perithallial filaments를 형성한다. 직립 perithallial filaments는 가지가 생기거나 직선이거나 위로 휘어지며, 표면 쪽으로 가늘어지고 서로 밀착하여 Pseudoparenchymatous 조직을 형성한다. 직립 perithallial filaments의 세포는 폭이 3–12 μm이며 폭 대 길이 비율은 1:1–16이다. 엽록체는 벽면에 위치하고 세포 당 하나씩 있으며 주로 세포의 끝부분에 있다. hair 뭉치는 곡형으로 내려앉은 곳에서 생기며, 직립한 perithallial filaments의 중간 또는 기저부에서 자란다. rhizoids는 불규칙하게 흩어져 있으며, 폭 6–15 μm의 다세포로 되어있다.
생식 구조인 plurangia와 unangia은 서로 다른 식물체에서 돌출된 부분을 보인다. plurangia는 길이 65-153 μm로, 1–2개의 생식 필라멘트로 구성되고 끝에는 1–4개의 Sterile 세포를 가진다. Sterile 세포는 막대 모양으로 길쭉하며, 폭 4–12 μm, 폭의 1.5–4배 정도의 길이를 가진다. unangia는 두 가지 형태의 필라멘트, 즉 paraphyses.와 주로 단세포성 줄기에서 단일포가 순차적으로 생기는 불규칙하게 가지를 친 필라멘트로 구성된다. paraphyses는 unangia를 생산하는 필라멘트와 동일한 필라멘트에서 발생한다. paraphyses은 곤봉 모양으로, 14–20개의 세포로 구성되며 길이는 114–363 μm, 폭은 3–16 μm이다. 단일포는 타원형이며 길이 90–180 μm, 폭 20–46 μm이다.","식물체는 조간대에서 자갈과 암석 등 딱딱한 기질에서 발견되며, 드물게는 연체동물의 껍데기 위에서도 발견됩니다[1].",,,,"동해(부산, 울산), 서해(백령도, 보령, 부안, 태안), 남해(남해, 통영, 완도, 여수)[1]",,,,정명,"Ramipedicella miniloba A.O.Oteng'o, B.Y.Won & T.o.Cho 2024"
국립해양생물자원관_해양생물종정보 서비스,https://www.data.go.kr/data/15094770/openapi.do,,marine_life_species,겹부채채찍말,크로미스타계; 대롱편모조식물문; 갈조강; 채찍말목; 채찍말과,제주도,제주도; 조하대 암반,,,"바다에 사는 갈조식물이다. 엽체는 직립하고, 황갈색이며, 넓은 부채형으로 연변부에 털이 있고, 체장 약 4cm에 이른다. 기부는 하부세포를 따라 발달하는 가근이 있고, 생장은 엽체의 가장자리를 따라 붙는 단열의 사상지 기부세포들의 분열로 자란다. 가지는 다축의 유조직성, 두께 100-120㎛, 단열사상지는 직경 20-25mm이다. 피층은 1-2개 층으로 된 사각형세포, 수층은 직사각형의 수층세포로 채워진다. 조하대 암반에 자란다. 제주도에 생육하며, 세계적으로 북대서양, 지중해, 호주 등지에 분포한다.","해양생물의 생김새, 서식지, 분포를 반영한 과학 동화 소재",국명·학명·서식지·분류체계를 활용한 관찰 질문과 퀴즈,5-7;8-10,해양생물종;겹부채채찍말;Cutleria;adspersa;채찍말과;조하대;암반;제주도,270000021574,Chromista,크로미스타계,Ochrophyta,대롱편모조식물문,Phaeophyceae,갈조강,Tilopteridales,채찍말목,Cutleriaceae,채찍말과,"Cutleria adspersa (Mertens ex Roth) De Notaris, 1842",Cutleria adspersa,겹부채채찍말,기타,"바다에 사는 갈조식물이다. 엽체는 직립하고, 황갈색이며, 넓은 부채형으로 연변부에 털이 있고, 체장 약 4cm에 이른다. 기부는 하부세포를 따라 발달하는 가근이 있고, 생장은 엽체의 가장자리를 따라 붙는 단열의 사상지 기부세포들의 분열로 자란다. 가지는 다축의 유조직성, 두께 100-120㎛, 단열사상지는 직경 20-25mm이다. 피층은 1-2개 층으로 된 사각형세포, 수층은 직사각형의 수층세포로 채워진다. 조하대 암반에 자란다. 제주도에 생육하며, 세계적으로 북대서양, 지중해, 호주 등지에 분포한다.","엽체는 직립하고, 황갈색이며, 넓은 부채형으로 연변부에 털이 있고, 체장 약 4cm에 이른다. 기부는 하부세포를 따라 발달하는 가근이 있고, 생장은 엽체의 가장자리를 따라 붙는 단열의 사상지 기부세포들의 분열로 자란다. 가지는 다축의 유조직성, 두께 100-120㎛, 단열사상지는 직경 20-25mm이다. 피층은 1-2개 층으로 된 사각형세포, 수층은 직사각형의 수층세포로 채워진다.",생물계절에 대하여 뚜렷이 알려진 바 없음,,,,제주도,"북대서양, 지중해, 호주",조하대 암반,특별한 용도가 알려진 바 없음,정명,"Cutleria adspersa (Mertens ex Roth) De Notaris, 1842"
국립해양생물자원관_해양생물종정보 서비스,https://www.data.go.kr/data/15094770/openapi.do,,marine_life_species,경단구슬모자반,크로미스타계; 대롱편모조식물문; 갈조강; 말목; 모자반과,우리나라 전 연안,우리나라 전 연안,,,"식물체는 1 m까지 자라며, 소반상근에서 단독 직립한다. 줄기는 짧고 원주상이며 길이는 2 cm, 폭은 2~3 mm이며, 여러 개의 중심가지를 낸다. 중심가지는 원주상이며 다소 납작하고, 나선형으로 나면서 여러 개의 측지를 낸다. 잎은 주걱형, 장타원형, 쐐기 모양이고, 전연 또는 거치를 형성한다. 기낭은 구형 또는 도란형이고, 둥글거나 짧은 돌기를 갖는다. 자웅동주이고, 생식기탁은 원주상이다. 연중 생육하며 봄에서 가을 사이에 생식기가 형성된다. 파도가 없는 잔잔한 곳에서 자란다.","해양생물의 생김새, 서식지, 분포를 반영한 과학 동화 소재",국명·학명·서식지·분류체계를 활용한 관찰 질문과 퀴즈,5-7;8-10,해양생물종;경단구슬모자반;Sargassum;muticum;모자반과;우리나라;전;연안,270000025000,Chromista,크로미스타계,Ochrophyta,대롱편모조식물문,Phaeophyceae,갈조강,Fucales,말목,Sargassaceae,모자반과,"Sargassum muticum (Yendo) Fensholt, 1955",Sargassum muticum,경단구슬모자반,기타,"식물체는 1 m까지 자라며, 소반상근에서 단독 직립한다. 줄기는 짧고 원주상이며 길이는 2 cm, 폭은 2~3 mm이며, 여러 개의 중심가지를 낸다. 중심가지는 원주상이며 다소 납작하고, 나선형으로 나면서 여러 개의 측지를 낸다. 잎은 주걱형, 장타원형, 쐐기 모양이고, 전연 또는 거치를 형성한다. 기낭은 구형 또는 도란형이고, 둥글거나 짧은 돌기를 갖는다. 자웅동주이고, 생식기탁은 원주상이다. 연중 생육하며 봄에서 가을 사이에 생식기가 형성된다. 파도가 없는 잔잔한 곳에서 자란다.","식물체는 1m까지 자라며, 소반상근에서 단독 직립한다. 줄기는 짧고 원주상이며 길이는 2cm, 폭은 2~3mm이며, 여러 개의 중심가지를 낸다. 중심가지는 원주상이며 다소 납작하고, 나선형으로 나면서 여러 개의 측지를 낸다. 잎은 주걱형, 장타원형, 쐐기 모양이고, 전연 또는 거치를 형성한다. 자웅동주이고, 연중 생육하며 봄에서 가을 사이에 생식기가 형성된다. (국립해양생물자원관, 해양생명자원 기탁등록보존기관(2016~2018))",파도가 없는 잔잔한 곳에서 자란다.,,,,우리나라 전 연안,"아시아, 아일랜드, 유럽, 북아메리카, 중앙아메리카, 아프리카, 태평양",,,정명,"Sargassum muticum (Yendo) Fensholt, 1955"
국립해양생물자원관_해양생물종정보 서비스,https://www.data.go.kr/data/15094770/openapi.do,,marine_life_species,곤지모자반털,크로미스타계; 대롱편모조식물문; 갈조강; 솜털목; 민가지말과,"제주도,울릉도","제주도,울릉도",,,"엽체는 주로 감태류에 착생하고, 반구형의 방석 모양으로 자라며, 3.0~4.0 mm 높이에 이르고, 어두운 갈색 내지 진한 갈색이다. 길게 뻗쳐진 동화사와 반구형을 이루는 수층부로 구성된다. 반구형 수층 부위는 동화사의 하부 쪽 세포, 피층성 측사와 복실낭지로 이루어진다. 수층사는 명확하게 구분되지 않으며, 밀착되어 있지 않다. 피층성 측사는 기부층 포복지에서 직접 나오거나, 혹은 동화사 기부세포에 측생하며, 곤봉상 내지 직선형으로 기부세포는 급격히 가늘어지고, 8~10 세포로 구성된다. 동화사는 기층부 포복지에서 올라오고, 전체적으로 폭이 균일한 원통형 세포로 구성되어 있고, 세포 격벽부는 응축되지 않거나 약간 응축된다. 세포는 피레노이드를 갖는 다수의 갈색체를 함유하고 있다. 복실낭지는 차상분지하는 사상체 정단 부위에서 만들어지며, 단열이고, 25~80개의 소낭으로 이루어진다. 단실낭은 타원형이다. 생육시기는 이른 봄철에서 여름(2~8월)이다.[1]","해양생물의 생김새, 서식지, 분포를 반영한 과학 동화 소재",국명·학명·서식지·분류체계를 활용한 관찰 질문과 퀴즈,5-7;8-10,해양생물종;곤지모자반털;Elachista;nigra;민가지말과;제주도;울릉도,270000021819,Chromista,크로미스타계,Ochrophyta,대롱편모조식물문,Phaeophyceae,갈조강,Ectocarpales,솜털목,Chordariaceae,민가지말과,"Elachista nigra Takamatsu, 1938",Elachista nigra,곤지모자반털,기타,"엽체는 주로 감태류에 착생하고, 반구형의 방석 모양으로 자라며, 3.0~4.0 mm 높이에 이르고, 어두운 갈색 내지 진한 갈색이다. 길게 뻗쳐진 동화사와 반구형을 이루는 수층부로 구성된다. 반구형 수층 부위는 동화사의 하부 쪽 세포, 피층성 측사와 복실낭지로 이루어진다. 수층사는 명확하게 구분되지 않으며, 밀착되어 있지 않다. 피층성 측사는 기부층 포복지에서 직접 나오거나, 혹은 동화사 기부세포에 측생하며, 곤봉상 내지 직선형으로 기부세포는 급격히 가늘어지고, 8~10 세포로 구성된다. 동화사는 기층부 포복지에서 올라오고, 전체적으로 폭이 균일한 원통형 세포로 구성되어 있고, 세포 격벽부는 응축되지 않거나 약간 응축된다. 세포는 피레노이드를 갖는 다수의 갈색체를 함유하고 있다. 복실낭지는 차상분지하는 사상체 정단 부위에서 만들어지며, 단열이고, 25~80개의 소낭으로 이루어진다. 단실낭은 타원형이다. 생육시기는 이른 봄철에서 여름(2~8월)이다.[1]","엽체는 주로 감태류에 착생하고, 반구형의 방석 모양으로 자라며, 3.0~4.0 mm 높이에 이르고, 어두운 갈색 내지 진한 갈색으로, 길게 뻗쳐진 동화사와 반구형을 이루는 수층부로 구성된다. 반구형 수층 부위는 동화사의 하부 쪽 세포, 피층성 측사와 복실낭지로 이루어진다. 수층사는 명확하게 구분되지 않으며, 밀착되어 있지 않다. 피층성 측사는 기부층 포복지에서 직접 나오거나, 혹은 동화사 기부세포에 측생하며, 곤봉상 내지 직선형으로 기부세포는 급격히 가늘어지고, 8~10 세포로 구성되며, 길이는 150~200 ㎛이고, 상부 쪽 구형의 큰 세포는 폭이 10~13 ㎛이다. 동화사는 기층부 포복지에서 올라오고, 250~300 ㎛길이이며, 전체적으로 폭이 균일한 원통형 세포로 구성되어 있고, 세포 격벽부는 응축되지 않거나 약간 응축되며, 폭 27~30 ㎛, 폭에 대한 길이의 비율은 1.5~3.0배이고, 피레노이드를 갖는 다수의 갈색체를 함유하고 있다. 복실낭지는 차상분지하는 사상체 정단 부위에서 만들어지며, 단열이고, 길이 100~150 ㎛로 25~80개의 소낭으로 이루어진다. 단실낭은 타원형이며, 폭 20~25 ㎛, 길이 40~60 ㎛이다.",생육시기는 이른 봄철에서 여름(2~8월)이다.,,,,"제주도,울릉도","캘리포니아,일본,뉴사우스웨일스,사우스오스트레일리아,웨스턴오스트레일리아",,,정명,"Elachista nigra Takamatsu, 1938"
국립해양생물자원관_해양생물종정보 서비스,https://www.data.go.kr/data/15094770/openapi.do,,marine_life_species,곰피,크로미스타계; 대롱편모조식물문; 갈조강; 다시마목; 감태과,"대두라도, 연도, 안도, 남해도, 연화도, 국도, 거제도, 부산","대두라도, 연도, 안도, 남해도, 연화도, 국도, 거제도, 부산",,,"식물체는 갈색이며 길이는 30~100 cm이고, 너비는 5~30 cm이다. 잎의 하부는 쐐기형이고 가장자리에는 톱니가 있다. 엽체가 발달하여 우상엽을 낸 엽신의 양쪽으로 엽신보다 살짝 볼록하게 두텁고 색이 연한 층이 나타나며 포자낭반이 형성된다. 엽신 양쪽으로 긴 곤봉형의 포자낭이 조밀하게 모여 포자낭군을 형성한다.","해양생물의 생김새, 서식지, 분포를 반영한 과학 동화 소재",국명·학명·서식지·분류체계를 활용한 관찰 질문과 퀴즈,5-7;8-10,해양생물종;곰피;Ecklonia;cava;subsp.;stolonifera;감태과;대두라도;연도;안도;남해도;연화도,270000021801,Chromista,크로미스타계,Ochrophyta,대롱편모조식물문,Phaeophyceae,갈조강,Laminariales,다시마목,Lessoniaceae,감태과,"Ecklonia cava subsp. stolonifera (Okamura) S.Akita, K.Hashimoto, T.Hanyuda & H.Kawai, 2020",Ecklonia cava subsp. stolonifera,곰피,기타,,"식물체는 갈색이며 길이는 30~100 cm이고, 너비는 5~30 cm이다. 잎의 하부는 쐐기형이고 가장자리에는 톱니가 있다. 엽체가 발달하여 우상엽을 낸 엽신의 양쪽으로 엽신보다 살짝 볼록하게 두텁고 색이 연한 층이 나타나며 포자낭반이 형성된다. 엽신 양쪽으로 긴 곤봉형의 포자낭이 조밀하게 모여 포자낭군을 형성한다.","다년생 해조류로 엽체는 어두운 갈색이며, 길이 최대 6m이다. 부착기는 육상식물의 뿌리와 같은 형태이며, 줄기는 원주상으로 엽상부와 연결되며 최대 1m 이상되는 것도 있다. 중앙부는 좀 굵고 어릴 때는 다 실질이나 후에는 다소 중공이 되며, 상부는 차차 편평하게 되고 양측에서 우상엽이 나고 여기서 다시 호생한 우상의 소엽편을 낸다. 우리나라 남해안 및 제주도 일대에 분포하며 조하대 5∼10m에서 많이 서식한다. 다수로 갈라진 부착기로 암반에 착생한다.",,,"항고지혈증, 항당뇨, 항비만, 항산화, 항염증","대두라도, 연도, 안도, 남해도, 연화도, 국도, 거제도, 부산",일본,,"식품, 산업용",정명,"Ecklonia cava subsp. stolonifera (Okamura) S.Akita, K.Hashimoto, T.Hanyuda & H.Kawai, 2020"
국립해양생물자원관_해양생물종정보 서비스,https://www.data.go.kr/data/15094770/openapi.do,,marine_life_species,공바위두둑,크로미스타계; 대롱편모조식물문; 갈조강; 솜털목; 민가지말과,,,,,공바위두둑은(는) 해양생물 캐릭터와 과학 동화 소재로 사용할 수 있다.,"해양생물의 생김새, 서식지, 분포를 반영한 과학 동화 소재",국명·학명·서식지·분류체계를 활용한 관찰 질문과 퀴즈,5-7;8-10,해양생물종;공바위두둑;Vimineoleathesia;japonica;민가지말과,270000025931,Chromista,크로미스타계,Ochrophyta,대롱편모조식물문,Phaeophyceae,갈조강,Ectocarpales,솜털목,Chordariaceae,민가지말과,"Vimineoleathesia japonica (Inagaki) A.Tanaka, S.Uwai & H. Kawai, 2010",Vimineoleathesia japonica,공바위두둑,기타,,,,,,,,,,,정명,"Vimineoleathesia japonica (Inagaki) A.Tanaka, S.Uwai & H. Kawai, 2010"
국립해양생물자원관_해양생물종정보 서비스,https://www.data.go.kr/data/15094770/openapi.do,,marine_life_species,괭생이모자반,크로미스타계; 대롱편모조식물문; 갈조강; 말목; 모자반과,한국 (전국 연안),한국 (전국 연안); 조간대 및 조하대 상부,,,"바다에 사는 갈조식물이다. 엽체는 길이 수 m까지 자라고, 부착기는 수지상 반상이며, 직경 3-4cm까지 자란다. 줄기는 원주상이고, 직경 5-8mm, 하부가 짧은 가시로 덮이고 세로로 꼬인 홈이 발달한다. 측지는 우상이고, 하부에서 상부까지 길이가 비슷하며, 줄기 가까운 부분이 짧은 가시로 덮인다. 잎은 장피침형, 선형이고, 결각이 얕거나 중륵부까지 깊게 파이고, 길이 5-10cm, 폭 1.5-3cm, 하부의 잎은 축에 직각에 가깝게 난다. 기낭은 길이 5mm, 폭 1mm, 원주상이고, 돌기 또는 짧은 선상의 관엽이 있다. 생식기탁은 첨예한 원주상, 호생하고, 자성생식기탁은 길이 2.5-5cm, 직경 2-4mm이고, 웅성생식기탁은 길이 3-6.5cm, 직경 2-3.5mm이다. 조간대와 조하대 상부에 자라며, 연중 생육한다. 우리나라 전 연안에 자라며, 세계적으로 베트남, 일본, 중국, 타이완, 홍콩 등지에 자란다.","해양생물의 생김새, 서식지, 분포를 반영한 과학 동화 소재",국명·학명·서식지·분류체계를 활용한 관찰 질문과 퀴즈,5-7;8-10,해양생물종;괭생이모자반;Sargassum;horneri;모자반과;조간대;및;조하대;상부;한국;(전국;연안),270000024995,Chromista,크로미스타계,Ochrophyta,대롱편모조식물문,Phaeophyceae,갈조강,Fucales,말목,Sargassaceae,모자반과,"Sargassum horneri (Turner) C.Agardh, 1820",Sargassum horneri,괭생이모자반,기타,"바다에 사는 갈조식물이다. 엽체는 길이 수 m까지 자라고, 부착기는 수지상 반상이며, 직경 3-4cm까지 자란다. 줄기는 원주상이고, 직경 5-8mm, 하부가 짧은 가시로 덮이고 세로로 꼬인 홈이 발달한다. 측지는 우상이고, 하부에서 상부까지 길이가 비슷하며, 줄기 가까운 부분이 짧은 가시로 덮인다. 잎은 장피침형, 선형이고, 결각이 얕거나 중륵부까지 깊게 파이고, 길이 5-10cm, 폭 1.5-3cm, 하부의 잎은 축에 직각에 가깝게 난다. 기낭은 길이 5mm, 폭 1mm, 원주상이고, 돌기 또는 짧은 선상의 관엽이 있다. 생식기탁은 첨예한 원주상, 호생하고, 자성생식기탁은 길이 2.5-5cm, 직경 2-4mm이고, 웅성생식기탁은 길이 3-6.5cm, 직경 2-3.5mm이다. 조간대와 조하대 상부에 자라며, 연중 생육한다. 우리나라 전 연안에 자라며, 세계적으로 베트남, 일본, 중국, 타이완, 홍콩 등지에 자란다.","식물체는 황갈색이며 수지상의 부착기로 암반에 착생한다. 줄기는 원주상이고 장피침형 또는 선형의 잎이 5~9cm 크기로 발달한다. 기낭은 원주상이고 선상의 짧은 관엽이 있다. 보통 수 m까지 자라며, 조하대 깊은 곳에서는 10m 이상 자라기도 한다.(Kim et al., 2017a)",전 계절에 생육,,,"항바이러스, 항산호, 항암, 항비만활성 억제",한국 (전국 연안),"베트남, 일본, 중국, 타이완, 홍콩",조간대 및 조하대 상부,"해조 자원, 식용, 산업(후코이단)",정명,"Sargassum horneri (Turner) C.Agardh, 1820"
국립해양생물자원관_해양생물종정보 서비스,https://www.data.go.kr/data/15094770/openapi.do,,marine_life_species,구멍쇠미역,크로미스타계; 대롱편모조식물문; 갈조강; 다시마목; 쇠미역과,"동해안, 강원도 강릉시, 고성군, 속초시, 양양군 등","동해안, 강원도 강릉시, 고성군, 속초시, 양양군 등",,,"갈조강, 다시마목, 쇠미역과의 일종으로 형태적으로 엽상체는 타원형이며, 엷은 가죽질이다. 색상은 갈색이며 길이는 대략 30~60mm, 폭은 20~30cm 정도의 크기이다. 기부는 심장형이며, 파상으로 주름이 생긴다. 엽신은 다수의 구멍이 나 있거나 그물 모양이다. 중륵 가까운 곳에 나 있는 구멍은 크기가 크고, 가장자리 가까운 곳의 것과 하부의 것은 작다. 중륵은 다소 두껍고, 잎의 양면에서 뚜렷이 융기한다. 줄기는 편원형이고 부착기는 작고 짧은 다수의 갈래로 갈라진 흡착기로 되어 있다. 생태적으로는 1년 내내 생육한다고 알려져 있다.","해양생물의 생김새, 서식지, 분포를 반영한 과학 동화 소재",국명·학명·서식지·분류체계를 활용한 관찰 질문과 퀴즈,5-7;8-10,해양생물종;구멍쇠미역;Agarum;clathratum;subsp.;yakishiriense;쇠미역과;동해안;강원도;강릉시;고성군;속초시,270000020120,Chromista,크로미스타계,Ochrophyta,대롱편모조식물문,Phaeophyceae,갈조강,Laminariales,다시마목,Agaraceae,쇠미역과,"Agarum clathratum subsp. yakishiriense Yamada ex G.H.Boo & P.C.Silva, 2011",Agarum clathratum subsp. yakishiriense,구멍쇠미역,기타,"갈조강, 다시마목, 쇠미역과의 일종으로 형태적으로 엽상체는 타원형이며, 엷은 가죽질이다. 색상은 갈색이며 길이는 대략 30~60mm, 폭은 20~30cm 정도의 크기이다. 기부는 심장형이며, 파상으로 주름이 생긴다. 엽신은 다수의 구멍이 나 있거나 그물 모양이다. 중륵 가까운 곳에 나 있는 구멍은 크기가 크고, 가장자리 가까운 곳의 것과 하부의 것은 작다. 중륵은 다소 두껍고, 잎의 양면에서 뚜렷이 융기한다. 줄기는 편원형이고 부착기는 작고 짧은 다수의 갈래로 갈라진 흡착기로 되어 있다. 생태적으로는 1년 내내 생육한다고 알려져 있다.",,,,,,"동해안, 강원도 강릉시, 고성군, 속초시, 양양군 등","북태평양 한온대성 해역부터 북극해역까지, 북서 대서양",,,정명,"Agarum clathratum subsp. yakishiriense Yamada ex G.H.Boo & P.C.Silva, 2011"
국립해양생물자원관_해양생물종정보 서비스,https://www.data.go.kr/data/15094770/openapi.do,,marine_life_species,구슬머리부스럼말,크로미스타계; 대롱편모조식물문; 갈조강; 솜털목; 민가지말과,,,,,구슬머리부스럼말은(는) 해양생물 캐릭터와 과학 동화 소재로 사용할 수 있다.,"해양생물의 생김새, 서식지, 분포를 반영한 과학 동화 소재",국명·학명·서식지·분류체계를 활용한 관찰 질문과 퀴즈,5-7;8-10,해양생물종;구슬머리부스럼말;Corynophlaea;globulifera;민가지말과,270000021505,Chromista,크로미스타계,Ochrophyta,대롱편모조식물문,Phaeophyceae,갈조강,Ectocarpales,솜털목,Chordariaceae,민가지말과,"Corynophlaea globulifera (Ruprecht) Perestenko, 1980",Corynophlaea globulifera,구슬머리부스럼말,기타,,,,,,,,,,,정명,"Corynophlaea globulifera (Ruprecht) Perestenko, 1980"
국립해양생물자원관_해양생물종정보 서비스,https://www.data.go.kr/data/15094770/openapi.do,,marine_life_species,구슬모자반,크로미스타계; 대롱편모조식물문; 갈조강; 말목; 모자반과,,,,,"엽체의 체장은 1~2m이고 반상근의 부착기를 가지며, 부착기에서 매우 짧은 줄기를 가진 여러 개의 중심가지가 생성된다. 중심가지는 납작하고 양측에서 긴 가지를 내며 하부의 잎은 단엽 또는 복우상이며 열편은 피침형 또는 선형이며 중륵이 있다. 중심가지의 상부는 납작하고 열편의 끝은 매우 뾰족하다.(Choi et al., 2016 편집 인용)","해양생물의 생김새, 서식지, 분포를 반영한 과학 동화 소재",국명·학명·서식지·분류체계를 활용한 관찰 질문과 퀴즈,5-7;8-10,해양생물종;구슬모자반;Sargassum;piluliferum;모자반과,270000025006,Chromista,크로미스타계,Ochrophyta,대롱편모조식물문,Phaeophyceae,갈조강,Fucales,말목,Sargassaceae,모자반과,"Sargassum piluliferum (Turner) C.Agardh, 1820",Sargassum piluliferum,구슬모자반,기타,,"엽체의 체장은 1~2m이고 반상근의 부착기를 가지며, 부착기에서 매우 짧은 줄기를 가진 여러 개의 중심가지가 생성된다. 중심가지는 납작하고 양측에서 긴 가지를 내며 하부의 잎은 단엽 또는 복우상이며 열편은 피침형 또는 선형이며 중륵이 있다. 중심가지의 상부는 납작하고 열편의 끝은 매우 뾰족하다.(Choi et al., 2016 편집 인용)",,,,,,,,,정명,"Sargassum piluliferum (Turner) C.Agardh, 1820"
국립해양생물자원관_해양생물종정보 서비스,https://www.data.go.kr/data/15094770/openapi.do,,marine_life_species,구슬좀솜털,크로미스타계; 대롱편모조식물문; 갈조강; 솜털목; 솜말과,,,,,구슬좀솜털은(는) 해양생물 캐릭터와 과학 동화 소재로 사용할 수 있다.,"해양생물의 생김새, 서식지, 분포를 반영한 과학 동화 소재",국명·학명·서식지·분류체계를 활용한 관찰 질문과 퀴즈,5-7;8-10,해양생물종;구슬좀솜털;Feldmannia;globifera;솜말과,270000022045,Chromista,크로미스타계,Ochrophyta,대롱편모조식물문,Phaeophyceae,갈조강,Ectocarpales,솜털목,Acinetosporaceae,솜말과,"Feldmannia globifera (Kützing) Hamel, 1939",Feldmannia globifera,구슬좀솜털,기타,,,,,,,,,,,이명,Feldmannia paradoxa (Montagne) Hamel 1939
국립해양생물자원관_해양생물종정보 서비스,https://www.data.go.kr/data/15094770/openapi.do,,marine_life_species,구직말,크로미스타계; 대롱편모조식물문; 갈조강; 말목; 모자반과,"동해안, 남해안","동해안, 남해안; 조하대 하부 암반",,,"바다에 사는 갈조식물이다. 엽체는 3m까지 자라고, 부착기는 3-4cm, 원추상이다. 줄기는 짧고 길이 2-3cm, 수 회 분지하고, 중심가지는 하부에서 편압되고, 상부에서 삼릉형이며, 엽병기부 잔존으로 돌기를 형성한다. 잎은 하부에서 타원형, 피침형, 길이 4-5cm, 폭 1cm 내외, 전연이나 거치를 형성하기도 하며, 아래쪽을 향한다. 상부에서 선상이고, 이중거치 존재하며, 기낭은 도란형, 타원형이고, 침상돌기, 관엽이 존재하기도 한다. 생식기탁은 주걱상, 선상, 삼릉형, 거치가 있기도 한다. 조하대 하부 암반에 부착하여 연중 자라며, 5-8월에 생식기관이 형성된다. 동해안과 남해안에 생육하며, 세계적으로 일본과 중국에 분포한다.","해양생물의 생김새, 서식지, 분포를 반영한 과학 동화 소재",국명·학명·서식지·분류체계를 활용한 관찰 질문과 퀴즈,5-7;8-10,해양생물종;구직말;Sargassum;siliquosum;모자반과;조하대;하부;암반;동해안;남해안,270000025011,Chromista,크로미스타계,Ochrophyta,대롱편모조식물문,Phaeophyceae,갈조강,Fucales,말목,Sargassaceae,모자반과,"Sargassum siliquosum J.Agardh, 1848",Sargassum siliquosum,구직말,기타,"바다에 사는 갈조식물이다. 엽체는 3m까지 자라고, 부착기는 3-4cm, 원추상이다. 줄기는 짧고 길이 2-3cm, 수 회 분지하고, 중심가지는 하부에서 편압되고, 상부에서 삼릉형이며, 엽병기부 잔존으로 돌기를 형성한다. 잎은 하부에서 타원형, 피침형, 길이 4-5cm, 폭 1cm 내외, 전연이나 거치를 형성하기도 하며, 아래쪽을 향한다. 상부에서 선상이고, 이중거치 존재하며, 기낭은 도란형, 타원형이고, 침상돌기, 관엽이 존재하기도 한다. 생식기탁은 주걱상, 선상, 삼릉형, 거치가 있기도 한다. 조하대 하부 암반에 부착하여 연중 자라며, 5-8월에 생식기관이 형성된다. 동해안과 남해안에 생육하며, 세계적으로 일본과 중국에 분포한다.","엽체는 3m까지 자라고, 부착기는 3-4cm, 원추상이다. 줄기는 짧고 길이 2-3cm, 수 회 분지하고, 중심가지는 하부에서 편압되고, 상부에서 삼릉형이며, 엽병기부 잔존으로 돌기를 형성한다. 잎은 하부에서 타원형, 피침형, 길이 4-5cm, 폭 1cm 내외, 전연이나 거치를 형성하기도 하며, 아래쪽을 향한다. 상부에서 선상이고, 이중거치 존재하며, 기낭은 도란형, 타원형이고, 침상돌기, 관엽이 존재하기도 한다. 생식기탁은 주걱상, 선상, 삼릉형, 거치가 있기도 한다.",연중 생육. 5월에서 8월까지 생식기관 형성,,,,"동해안, 남해안","일본, 중국",조하대 하부 암반,특별한 용도가 알려진 바 없음,정명,"Sargassum siliquosum J.Agardh, 1848"
국립해양생물자원관_해양생물종정보 서비스,https://www.data.go.kr/data/15094770/openapi.do,,marine_life_species,굵은갯쇠털,크로미스타계; 대롱편모조식물문; 갈조강; 갯쇠털목; 갯쇠털과,전해역,전해역,,,식물체는 황갈색의 가느다랗고 조금 억센 실 모양으로 다발을 이루어 다른 해조류나 바위에 붙어 자란다. 식물체의 뿌리는 여러 세포층으로 되었고 각 마디의 세포는 곧은 막대기 모양이나 흔히 두개로 나누어진 것도 있다. 무성 생식기는 매미의 머리와 같은 모양이다. 조하대에 자란다.,"해양생물의 생김새, 서식지, 분포를 반영한 과학 동화 소재",국명·학명·서식지·분류체계를 활용한 관찰 질문과 퀴즈,5-7;8-10,해양생물종;굵은갯쇠털;Sphacelaria;californica;갯쇠털과;전해역,270000025185,Chromista,크로미스타계,Ochrophyta,대롱편모조식물문,Phaeophyceae,갈조강,Sphacelariales,갯쇠털목,Sphacelariaceae,갯쇠털과,"Sphacelaria californica (Sauvageau) Setchell & N.L.Gardener, 1925",Sphacelaria californica,굵은갯쇠털,기타,식물체는 황갈색의 가느다랗고 조금 억센 실 모양으로 다발을 이루어 다른 해조류나 바위에 붙어 자란다. 식물체의 뿌리는 여러 세포층으로 되었고 각 마디의 세포는 곧은 막대기 모양이나 흔히 두개로 나누어진 것도 있다. 무성 생식기는 매미의 머리와 같은 모양이다. 조하대에 자란다.,,,,,,전해역,"북아메리카, 아시아, 오스트랄리아, 뉴질랜드, 중앙아메리카",,,정명,"Sphacelaria californica (Sauvageau) Setchell & N.L.Gardener, 1925"
국립해양생물자원관_해양생물종정보 서비스,https://www.data.go.kr/data/15094770/openapi.do,,marine_life_species,그물무늬말,크로미스타계; 대롱편모조식물문; 갈조강; 솜털목; 민가지말과,,,,,그물무늬말은(는) 해양생물 캐릭터와 과학 동화 소재로 사용할 수 있다.,"해양생물의 생김새, 서식지, 분포를 반영한 과학 동화 소재",국명·학명·서식지·분류체계를 활용한 관찰 질문과 퀴즈,5-7;8-10,해양생물종;그물무늬말;Mikrosyphar;polysiphoniae;민가지말과,270000023370,Chromista,크로미스타계,Ochrophyta,대롱편모조식물문,Phaeophyceae,갈조강,Ectocarpales,솜털목,Chordariaceae,민가지말과,"Mikrosyphar polysiphoniae Kuckuck, 1897",Mikrosyphar polysiphoniae,그물무늬말,기타,,,,,,,,,,,정명,"Mikrosyphar polysiphoniae Kuckuck, 1897"
국립해양생물자원관_해양생물종정보 서비스,https://www.data.go.kr/data/15094770/openapi.do,,marine_life_species,그물바구니,크로미스타계; 대롱편모조식물문; 갈조강; 솜털목; 고리매과,전해역,전해역,,,"식물체는 황갈색인 크고 작은 구멍이 많아 그물이 뭉친 덩어리 모양이다. 식물체는 10~25 cm까지 자란다. 식물체 내부조직에는 작고 동글납작한 피층세포가 1층을 이루고 그 안에는 2-4겹으로 큰 수조직 세포가 발달한다. 봄부터 초가을까지 주로 출현하고, 조간대 및 조하대에 자란다.","해양생물의 생김새, 서식지, 분포를 반영한 과학 동화 소재",국명·학명·서식지·분류체계를 활용한 관찰 질문과 퀴즈,5-7;8-10,해양생물종;그물바구니;Hydroclathrus;clathratus;고리매과;전해역,270000022563,Chromista,크로미스타계,Ochrophyta,대롱편모조식물문,Phaeophyceae,갈조강,Ectocarpales,솜털목,Scytosiphonaceae,고리매과,"Hydroclathrus clathratus (C.Agardh) M.Howe, 1920",Hydroclathrus clathratus,그물바구니,기타,"식물체는 황갈색인 크고 작은 구멍이 많아 그물이 뭉친 덩어리 모양이다. 식물체는 10~25 cm까지 자란다. 식물체 내부조직에는 작고 동글납작한 피층세포가 1층을 이루고 그 안에는 2-4겹으로 큰 수조직 세포가 발달한다. 봄부터 초가을까지 주로 출현하고, 조간대 및 조하대에 자란다.","▵ Type locality : In mari Australi, ut [?] ad Ravak, in sinu 'Baie de Chien Marin', sec. Gaudichaud.

가시적인 직립지(거품 형태의 엽체)를 형성하는 배우체 세대와 현미경적 사상체인 포자체를 갖는 이형세대교번을 한다. 배우체는 동형이나 자웅이주로 자성배우체에서는 유주자와 복실포자낭과 배우자낭을 형성한다. 웅성배우체의 복실포자낭에서는 운동성의 웅성배우자를, 유주자낭에서는 유주자를 형성하여 방출하고, 유주자는 발아하여 다시 직립하는 웅성배우자로 발달한다. 자성배우체의 복실포자낭에서 방출된 유주자는 발아해서 다시 직립성 자성배우체를 형성하고, 배우자낭에서 방출된 운동성 자성배우자는 웅성배우자와 수정 후 발아하여 사상의 포자체로 발달한다. 포자체는 사상의 포복성으로 단실포자낭과 다실포자낭을 형성하며, 단실포자낭에서 방출된 단실포자는 배우체로 발달하나, 다실포자낭에서 방출된 다실포자는 발아하여 다시 사상의 포자체로 발달한다. [3]
식물체는 갈색 내지 황갈색으로 반구형 또는 거품 모양으로 기질 위를 포복한다. 엽체는 막질로, 내부는 매어있으며, 엽체 표면에 다양한 크기의 구멍을 무수히 많이 형성한다. 어린 개체는 반구형으로 주름과 구멍이 적고, 성장하면서 엽체 표면에 주름과 구멍이 점점 많아져 부정형의 구멍이 많은 거품 모양으로 된다. 구멍은 대개 원형이며 가장자리가 엽체 안쪽으로 말아진다. 횡단면에서 엽체는 1층의 작고 색소가 있는 피층세포층과 크고 부정형인 거품 모양의 투명한 2~4층의 수층세포로 구성된다. 지름 10cm 내외로 성장한다.[2]","조간대 하부~조하대 수심 5m에 주로 생육하며, 암반 또는 유절산호말류 위에 붙어 자란다. 5~7월에 성숙한 개체들을 관찰할 수 있다.
최근 기후변화에 따른 기후변화지표종*으로 지정되어 있다.
* 기후변화로 인해 계절활동, 분포역, 개체군의 크기 변화가 뚜렷하거나 뚜렷할 것으로 예상되는 종으로 지표화하여 정부에서 지속적인 조사·관리가 필요한 종",,,,전해역,"동남아시아, 태평양, 유럽, 대서양, 북아메리카, 중앙아메리카, 카리브해, 서대서양, 남아메리카, 아프리카, 인도양, 서남아시아, 호주, 뉴질랜드, 태평양",,,정명,"Hydroclathrus clathratus (C.Agardh) M.Howe, 1920"
국립해양생물자원관_해양생물종정보 서비스,https://www.data.go.kr/data/15094770/openapi.do,,marine_life_species,그물바탕말,크로미스타계; 대롱편모조식물문; 갈조강; 그물바탕말목; 그물바탕말과,"동, 서, 남해안","동, 서, 남해안",,,"식물체는 녹갈색 또는 암록색이며, 두 갈래로 가지를 내어 넓게 펼쳐져 부채꼴 모양으로 자란다. 식물체의 길이는 5~15 cm, 폭은 5~20 mm로 자란다. 가지의 끝부분은 볼록렌즈모양의 정단세포가 한 개 있으며 그 부분은 평평하거나 조금 오목하다. 식물체 내부 조직에는 오뚜기 모양의 피층세포가 1층으로 발달하며 수층세포는 모서리가 없는 네모꼴이며 1층을 이룬다. 포자낭은 식물체 표면에 넓게 발달한다. 식물체는 암반에 착생하고 연중 출현한다.","해양생물의 생김새, 서식지, 분포를 반영한 과학 동화 소재",국명·학명·서식지·분류체계를 활용한 관찰 질문과 퀴즈,5-7;8-10,해양생물종;그물바탕말;Dictyota;dichotoma;그물바탕말과;동;서;남해안,270000021691,Chromista,크로미스타계,Ochrophyta,대롱편모조식물문,Phaeophyceae,갈조강,Dictyotales,그물바탕말목,Dictyotaceae,그물바탕말과,"Dictyota dichotoma (Hudson) J.V.Lamouroux, 1809",Dictyota dichotoma,그물바탕말,기타,"식물체는 녹갈색 또는 암록색이며, 두 갈래로 가지를 내어 넓게 펼쳐져 부채꼴 모양으로 자란다. 식물체의 길이는 5~15 cm, 폭은 5~20 mm로 자란다. 가지의 끝부분은 볼록렌즈모양의 정단세포가 한 개 있으며 그 부분은 평평하거나 조금 오목하다. 식물체 내부 조직에는 오뚜기 모양의 피층세포가 1층으로 발달하며 수층세포는 모서리가 없는 네모꼴이며 1층을 이룬다. 포자낭은 식물체 표면에 넓게 발달한다. 식물체는 암반에 착생하고 연중 출현한다.","식물체는 연한 갈색이며 엽체는 편평하고 양갈래로 분지하여 전체적으로 부채꼴 모양이다. 크기는 5~15 cm이고, 너비는 0.5~2 cm이다. 엽체의 표면에 불규칙하게 포자낭군이 갈조사와 함께 산재하며, 원형의 생갈색 포자낭을 형성한다.",가근성 부착기로 암반에 부착하여 조간대 하부 또는 조하대에 생육한다.,,,항염증,"동, 서, 남해안","아일랜드, 유럽, 대서양, 북아메리카, 중앙아메리카, 카리브해, 남아메리카, 아프리카, 인도양, 서남아시아, 아시아, 동남아시아, 호주, 뉴질랜드, 태평양, 남극",,"식품, 의약품",정명,"Dictyota dichotoma (Hudson) J.V.Lamouroux, 1809"
국립해양생물자원관_해양생물종정보 서비스,https://www.data.go.kr/data/15094770/openapi.do,,marine_life_species,기는그물바탕말,크로미스타계; 대롱편모조식물문; 갈조강; 그물바탕말목; 그물바탕말과,,,,,기는그물바탕말은(는) 해양생물 캐릭터와 과학 동화 소재로 사용할 수 있다.,"해양생물의 생김새, 서식지, 분포를 반영한 과학 동화 소재",국명·학명·서식지·분류체계를 활용한 관찰 질문과 퀴즈,5-7;8-10,해양생물종;기는그물바탕말;Dictyota;friabilis;그물바탕말과,270000021692,Chromista,크로미스타계,Ochrophyta,대롱편모조식물문,Phaeophyceae,갈조강,Dictyotales,그물바탕말목,Dictyotaceae,그물바탕말과,"Dictyota friabilis Setchell, 1926",Dictyota friabilis,기는그물바탕말,기타,,,,,,,,,,,정명,"Dictyota friabilis Setchell, 1926"
국립해양생물자원관_해양생물종정보 서비스,https://www.data.go.kr/data/15094770/openapi.do,,marine_life_species,긴불레기말,크로미스타계; 대롱편모조식물문; 갈조강; 솜털목; 고리매과,우리나라 전 연안,우리나라 전 연안,,,"식물체의 색은 갈색이며, 고추모양의 주머니로 외가닥이며 거품 같은 기부에서 몇 개 모여난다. 식물체의 내부 조직에는 작고 동글납작한 모양의 피층이 1~2겹으로 발달하고, 크고 둥글납작한 세포가 3~4겹으로 수조직을 이루며 가운데는 비었다. 다실포자낭(여러 개의 방으로 이루어진 포자주머니)은 가늘고 곧은 막대모양으로 다실포자 10~12개가 한 줄로 들어있으며 측사(포자의 보호기관)는 짧은 방망이 모양으로 다실포자낭과 같은 길이이다. 조간대에 자란다.","해양생물의 생김새, 서식지, 분포를 반영한 과학 동화 소재",국명·학명·서식지·분류체계를 활용한 관찰 질문과 퀴즈,5-7;8-10,해양생물종;긴불레기말;Dactylosiphon;bullosus;고리매과;우리나라;전;연안,270000021606,Chromista,크로미스타계,Ochrophyta,대롱편모조식물문,Phaeophyceae,갈조강,Ectocarpales,솜털목,Scytosiphonaceae,고리매과,"Dactylosiphon bullosus (D.A.Saunders) Santiañez, K.M.Lee, S.M.Boo & Kogame, 2018",Dactylosiphon bullosus,긴불레기말,기타,"식물체의 색은 갈색이며, 고추모양의 주머니로 외가닥이며 거품 같은 기부에서 몇 개 모여난다. 식물체의 내부 조직에는 작고 동글납작한 모양의 피층이 1~2겹으로 발달하고, 크고 둥글납작한 세포가 3~4겹으로 수조직을 이루며 가운데는 비었다. 다실포자낭(여러 개의 방으로 이루어진 포자주머니)은 가늘고 곧은 막대모양으로 다실포자 10~12개가 한 줄로 들어있으며 측사(포자의 보호기관)는 짧은 방망이 모양으로 다실포자낭과 같은 길이이다. 조간대에 자란다.","엽체는 황갈색이고 노성하면 올리브 녹색 또는 올리브 갈색으로 변화하며, 봄부터 가을까지 관찰된다. 속이 빈 긴 자루 모양이며 하나 또는 여러 개가 직립하는 몸을 형성한다. 길이는 20~25cm이고 폭은 2~3cm로 꼭대기는 둔원 또는 조금 가늘게 된다. 부착기 부분의 지름 20mm이고 가근이 뒤엉켜 바위에 부착한다.(Choi et al., 2016 편집 인용)",,,,,우리나라 전 연안,"일본, 중국, 뉴질랜드, 미국 (알래스카-캘리포니아)",,,정명,"Dactylosiphon bullosus (D.A.Saunders) Santiañez, K.M.Lee, S.M.Boo & Kogame, 2018"
국립해양생물자원관_해양생물종정보 서비스,https://www.data.go.kr/data/15094770/openapi.do,,marine_life_species,긴세포겹딱지,크로미스타계; 대롱편모조식물문; 갈조강; 바위딱지목; 바위딱지과,,,,,긴세포겹딱지은(는) 해양생물 캐릭터와 과학 동화 소재로 사용할 수 있다.,"해양생물의 생김새, 서식지, 분포를 반영한 과학 동화 소재",국명·학명·서식지·분류체계를 활용한 관찰 질문과 퀴즈,5-7;8-10,해양생물종;긴세포겹딱지;Ramipedicella;longicellularis;바위딱지과,270000029268,Chromista,크로미스타계,Ochrophyta,대롱편모조식물문,Phaeophyceae,갈조강,Ralfsiales,바위딱지목,Ralfsiaceae,바위딱지과,"Ramipedicella longicellularis (Perestenko) Oteng’o AO, Won BY & Cho TO, 2024",Ramipedicella longicellularis,긴세포겹딱지,기타,,,,,,,,,,,정명,"Ramipedicella longicellularis (Perestenko) Oteng’o AO, Won BY & Cho TO, 2024"
국립해양생물자원관_해양생물종정보 서비스,https://www.data.go.kr/data/15094770/openapi.do,,marine_life_species,긴세포바위딱지,크로미스타계; 대롱편모조식물문; 갈조강; 바위딱지목; 바위딱지과,,,,,긴세포바위딱지은(는) 해양생물 캐릭터와 과학 동화 소재로 사용할 수 있다.,"해양생물의 생김새, 서식지, 분포를 반영한 과학 동화 소재",국명·학명·서식지·분류체계를 활용한 관찰 질문과 퀴즈,5-7;8-10,해양생물종;긴세포바위딱지;Ralfsia;longicellularis;바위딱지과,270000026860,Chromista,크로미스타계,Ochrophyta,대롱편모조식물문,Phaeophyceae,갈조강,Ralfsiales,바위딱지목,Ralfsiaceae,바위딱지과,"Ralfsia longicellularis Perestenko, 1980",Ralfsia longicellularis,긴세포바위딱지,기타,,,,,,,,,,,이명,"Ramipedicella longicellularis (Perestenko) Oteng’o AO, Won BY & Cho TO, 2024"
국립해양생물자원관_해양생물종정보 서비스,https://www.data.go.kr/data/15094770/openapi.do,,marine_life_species,긴자루구슬모자반,크로미스타계; 대롱편모조식물문; 갈조강; 말목; 모자반과,"서해안, 남해안, 제주도","서해안, 남해안, 제주도",,,"엽체는 30~60cm까지 자란다. 부착기는 작은 반상근이다. 중심가지는 편압되고, 폭 4.5~6.0mm, 두께 1.5~2.0mm이며, 양연에서 호생적으로 측지를 낸다. 잎은 장피침상, 선상이도, 연변에 거치가 있으며, 길이 3~8.츠, 폭 0.8~1.5cm 이고 중륵이 융기한다. 기낭은 구형, 난형이고, 긴 자루가 있으며, 관엽이 없다. 자웅이주이다. 생식기탁은 측지 정단부나 소지 엽액에 호생적으로 형성된다.","해양생물의 생김새, 서식지, 분포를 반영한 과학 동화 소재",국명·학명·서식지·분류체계를 활용한 관찰 질문과 퀴즈,5-7;8-10,해양생물종;긴자루구슬모자반;Sargassum;yendoi;모자반과;서해안;남해안;제주도,270000025015,Chromista,크로미스타계,Ochrophyta,대롱편모조식물문,Phaeophyceae,갈조강,Fucales,말목,Sargassaceae,모자반과,"Sargassum yendoi Okamura & Yamada, 1938",Sargassum yendoi,긴자루구슬모자반,기타,"엽체는 30~60cm까지 자란다. 부착기는 작은 반상근이다. 중심가지는 편압되고, 폭 4.5~6.0mm, 두께 1.5~2.0mm이며, 양연에서 호생적으로 측지를 낸다. 잎은 장피침상, 선상이도, 연변에 거치가 있으며, 길이 3~8.츠, 폭 0.8~1.5cm 이고 중륵이 융기한다. 기낭은 구형, 난형이고, 긴 자루가 있으며, 관엽이 없다. 자웅이주이다. 생식기탁은 측지 정단부나 소지 엽액에 호생적으로 형성된다.",식물체는 연한 갈색으로 작은 반상근의 부착기에서 편압된 원주상의 줄기가 뻗어나가며 자란다. 엽체는 장피침형 또는 선형이며 가장자리에 거치가 존재한다. 구형 또는 난형의 기낭을 가지며 관엽은 없다.,연중 생육하며 5월부터 8월까지가 생식기간이다. 우리나라 전 연안의 조하대 암반에 부착하여 서식한다.,,,,"서해안, 남해안, 제주도","동남아시아, 아시아,",,,정명,"Sargassum yendoi Okamura & Yamada, 1938"
국립해양생물자원관_해양생물종정보 서비스,https://www.data.go.kr/data/15094770/openapi.do,,marine_life_species,깃꼴솜털,크로미스타계; 대롱편모조식물문; 갈조강; 솜털목; 솜털과,,,,,깃꼴솜털은(는) 해양생물 캐릭터와 과학 동화 소재로 사용할 수 있다.,"해양생물의 생김새, 서식지, 분포를 반영한 과학 동화 소재",국명·학명·서식지·분류체계를 활용한 관찰 질문과 퀴즈,5-7;8-10,해양생물종;깃꼴솜털;Ectocarpus;fasciculatus;솜털과,270000021806,Chromista,크로미스타계,Ochrophyta,대롱편모조식물문,Phaeophyceae,갈조강,Ectocarpales,솜털목,Ectocarpaceae,솜털과,"Ectocarpus fasciculatus Harvey, 1841",Ectocarpus fasciculatus,깃꼴솜털,기타,,,,,,,,,,,이명,Ectocarpus flagelliformis Kützing 1843
국립해양생물자원관_해양생물종정보 서비스,https://www.data.go.kr/data/15094770/openapi.do,,marine_life_species,깃대긴털실말,크로미스타계; 대롱편모조식물문; 갈조강; 솜털목; 솜말과,,,,,깃대긴털실말은(는) 해양생물 캐릭터와 과학 동화 소재로 사용할 수 있다.,"해양생물의 생김새, 서식지, 분포를 반영한 과학 동화 소재",국명·학명·서식지·분류체계를 활용한 관찰 질문과 퀴즈,5-7;8-10,해양생물종;깃대긴털실말;Hincksia;sordida;솜말과,270000026859,Chromista,크로미스타계,Ochrophyta,대롱편모조식물문,Phaeophyceae,갈조강,Ectocarpales,솜털목,Acinetosporaceae,솜말과,"Hincksia sordida (Harvey) P.C.Silva, 1987",Hincksia sordida,깃대긴털실말,기타,,,,,,,,,,,정명,"Hincksia sordida (Harvey) P.C.Silva, 1987"
국립해양생물자원관_해양생물종정보 서비스,https://www.data.go.kr/data/15094770/openapi.do,,marine_life_species,꼬마모자반,크로미스타계; 대롱편모조식물문; 갈조강; 말목; 모자반과,"강릉, 포항, 울릉도, 독도","강릉, 포항, 울릉도, 독도; 파도가 많은 조간대 하부와 조하대의 암반",,,"바다에 사는 갈조식물이다. 엽체는 길이 0.5-1.0m, 밝은 갈색이다. 반상의 부착기에서 섬유상 가근이 발달하며, 가근은 불규칙적으로 분지하고, 서로 엉키며 매트를 만든다. 줄기는 원주상, 짧고 분지하지 않으며, 여러 개의 가지가 발달한다. 잎은 1-2cm의 선형, 도피침형,  반달꼴이고, 전연이며, 모총이 산재한다. 기낭은 5mm 정도의 방추형이다. 생식기탁은 측지 정단부, 소지 엽액에 호생적으로 나고, 원주상으로 첨예하다. 파도가 많은 조간대 하부와 조하대 암반에 자라며, 연중 관찰된다. 국내에서는 동해안 일부 지역에서만 채집되어 분포지역이 제한적이며, 세계적으로 일본의 태평양 연안과 홍콩, 베트남에서 보고되었다.","해양생물의 생김새, 서식지, 분포를 반영한 과학 동화 소재",국명·학명·서식지·분류체계를 활용한 관찰 질문과 퀴즈,5-7;8-10,해양생물종;꼬마모자반;Sargassum;nipponicum;모자반과;파도가;많은;조간대;하부와;조하대의;암반;강릉,270000025002,Chromista,크로미스타계,Ochrophyta,대롱편모조식물문,Phaeophyceae,갈조강,Fucales,말목,Sargassaceae,모자반과,"Sargassum nipponicum Yendo, 1907",Sargassum nipponicum,꼬마모자반,기타,"바다에 사는 갈조식물이다. 엽체는 길이 0.5-1.0m, 밝은 갈색이다. 반상의 부착기에서 섬유상 가근이 발달하며, 가근은 불규칙적으로 분지하고, 서로 엉키며 매트를 만든다. 줄기는 원주상, 짧고 분지하지 않으며, 여러 개의 가지가 발달한다. 잎은 1-2cm의 선형, 도피침형,  반달꼴이고, 전연이며, 모총이 산재한다. 기낭은 5mm 정도의 방추형이다. 생식기탁은 측지 정단부, 소지 엽액에 호생적으로 나고, 원주상으로 첨예하다. 파도가 많은 조간대 하부와 조하대 암반에 자라며, 연중 관찰된다. 국내에서는 동해안 일부 지역에서만 채집되어 분포지역이 제한적이며, 세계적으로 일본의 태평양 연안과 홍콩, 베트남에서 보고되었다.","엽체는 길이 0.5-1.0m, 밝은 갈색이고, 반상의 부착기에서 섬유상 가근이 발달하며, 가근은 불규칙적으로 분지하고, 서로 엉키며 매트를 만든다. 줄기는 원주상, 짧고 분지하지 않으며, 여러 개의 가지가 발달한다. 잎은 1-2cm의 선형, 도피침형,  반달꼴이고, 전연이며, 모총이 산재하고, 기낭은 5mm 정도의 방추형이다. 생식기탁은 측지 정단부, 소지 엽액에 호생적으로 나고, 원주상으로 첨예하다.","연중 생육. 파도에 노출된 해안의 조간대 하부, 조하대 생육",,,,"강릉, 포항, 울릉도, 독도","베트남, 일본, 홍콩",파도가 많은 조간대 하부와 조하대의 암반,특별한 용도가 알려진 바 없음,정명,"Sargassum nipponicum Yendo, 1907"
국립해양생물자원관_해양생물종정보 서비스,https://www.data.go.kr/data/15094770/openapi.do,,marine_life_species,꼬인고리매,크로미스타계; 대롱편모조식물문; 갈조강; 솜털목; 고리매과,,,,,꼬인고리매은(는) 해양생물 캐릭터와 과학 동화 소재로 사용할 수 있다.,"해양생물의 생김새, 서식지, 분포를 반영한 과학 동화 소재",국명·학명·서식지·분류체계를 활용한 관찰 질문과 퀴즈,5-7;8-10,해양생물종;꼬인고리매;Scytosiphon;dotyi;고리매과,270000025054,Chromista,크로미스타계,Ochrophyta,대롱편모조식물문,Phaeophyceae,갈조강,Ectocarpales,솜털목,Scytosiphonaceae,고리매과,"Scytosiphon dotyi M.J.Wynne, 1969",Scytosiphon dotyi,꼬인고리매,기타,,,,,,,,,,,정명,"Scytosiphon dotyi M.J.Wynne, 1969"
국립해양생물자원관_해양생물종정보 서비스,https://www.data.go.kr/data/15094770/openapi.do,,marine_life_species,꼬인바위수염,크로미스타계; 대롱편모조식물문; 갈조강; 솜털목; 고리매과,"서해안, 남해안, 제주도","서해안, 남해안, 제주도",,,"식물체는 황갈색이며, 곧은 원주형으로 줄기는 꼬여있고, 속은 비어 있다. 여러 가닥이 뭉쳐서 자라며 가지는 없다. 식물체의 길이는 5~15 cm이고, 폭은 1~2 mm이다. 겨울부터 늦봄까지 출현한다. 조간대 상부의 암반에 생육한다.","해양생물의 생김새, 서식지, 분포를 반영한 과학 동화 소재",국명·학명·서식지·분류체계를 활용한 관찰 질문과 퀴즈,5-7;8-10,해양생물종;꼬인바위수염;Myelophycus;cavus;고리매과;서해안;남해안;제주도,270000023489,Chromista,크로미스타계,Ochrophyta,대롱편모조식물문,Phaeophyceae,갈조강,Ectocarpales,솜털목,Scytosiphonaceae,고리매과,"Myelophycus cavus J.Tanaka & Chihara, 1984",Myelophycus cavus,꼬인바위수염,기타,"식물체는 황갈색이며, 곧은 원주형으로 줄기는 꼬여있고, 속은 비어 있다. 여러 가닥이 뭉쳐서 자라며 가지는 없다. 식물체의 길이는 5~15 cm이고, 폭은 1~2 mm이다. 겨울부터 늦봄까지 출현한다. 조간대 상부의 암반에 생육한다.",,,,,,"서해안, 남해안, 제주도",일본,,,정명,"Myelophycus cavus J.Tanaka & Chihara, 1984"
국립해양생물자원관_해양생물종정보 서비스,https://www.data.go.kr/data/15094770/openapi.do,,marine_life_species,꼰실모자반,크로미스타계; 대롱편모조식물문; 갈조강; 말목; 모자반과,,,,,꼰실모자반은(는) 해양생물 캐릭터와 과학 동화 소재로 사용할 수 있다.,"해양생물의 생김새, 서식지, 분포를 반영한 과학 동화 소재",국명·학명·서식지·분류체계를 활용한 관찰 질문과 퀴즈,5-7;8-10,해양생물종;꼰실모자반;Sargassum;yamadae;모자반과,270000025014,Chromista,크로미스타계,Ochrophyta,대롱편모조식물문,Phaeophyceae,갈조강,Fucales,말목,Sargassaceae,모자반과,"Sargassum yamadae Yoshida & T.Konno, 1983",Sargassum yamadae,꼰실모자반,기타,,,,,,,,,,,이명,"Sargassum angii L.M.Laio, 1998"
국립해양생물자원관_해양생물종정보 서비스,https://www.data.go.kr/data/15094770/openapi.do,,marine_life_species,꽈배기모자반,크로미스타계; 대롱편모조식물문; 갈조강; 말목; 모자반과,전해역,전해역,,,"▵ Type locality : Nagasaki, Japan

식물체는 갈색이며 원추상근에서 단독 직립하고 1~3 m까지 자란다. 줄기는 짧으며 수 회 분지하고, 하부에서는 편압되고 상부에서는 삼릉형인 1차 가지를 형성한다. 잎은 하부에서 타원형, 피침형이고 길이 4~5 cm이며, 상부에서는 선형이다. 기낭은 방추형 또는 타원형으로 침상돌기를 내며 간혹 잎 모양의 관엽이 있다. 소지 정단부근에 주걱 모양의 생식기탁 5~7개가 돌려나고, 생식기탁 내 9~10개 정도의 웅성 생식소가 형성되며 생식소 내벽을 따라 구슬 모양의 장정기를 만든다. [1]","해양생물의 생김새, 서식지, 분포를 반영한 과학 동화 소재",국명·학명·서식지·분류체계를 활용한 관찰 질문과 퀴즈,5-7;8-10,해양생물종;꽈배기모자반;Sargassum;siliquastrum;모자반과;전해역,270000025010,Chromista,크로미스타계,Ochrophyta,대롱편모조식물문,Phaeophyceae,갈조강,Fucales,말목,Sargassaceae,모자반과,"Sargassum siliquastrum (Mertens ex Turner) C.Agardh, 1820",Sargassum siliquastrum,꽈배기모자반,기타,,"▵ Type locality : Nagasaki, Japan

식물체는 갈색이며 원추상근에서 단독 직립하고 1~3 m까지 자란다. 줄기는 짧으며 수 회 분지하고, 하부에서는 편압되고 상부에서는 삼릉형인 1차 가지를 형성한다. 잎은 하부에서 타원형, 피침형이고 길이 4~5 cm이며, 상부에서는 선형이다. 기낭은 방추형 또는 타원형으로 침상돌기를 내며 간혹 잎 모양의 관엽이 있다. 소지 정단부근에 주걱 모양의 생식기탁 5~7개가 돌려나고, 생식기탁 내 9~10개 정도의 웅성 생식소가 형성되며 생식소 내벽을 따라 구슬 모양의 장정기를 만든다. [1]",,,,항염증,전해역,"중국, 홍콩, 일본, 베트남, 뉴칼레도니아",,"식품, 의약품",정명,"Sargassum siliquastrum (Mertens ex Turner) C.Agardh, 1820"
국립해양생물자원관_해양생물종정보 서비스,https://www.data.go.kr/data/15094770/openapi.do,,marine_life_species,끈말,크로미스타계; 대롱편모조식물문; 갈조강; 끈말목; 끈말과,외연도,외연도,,,"식물체는 갈색이고 연골질이며 가느다란 외가닥의 긴 끈 모양이며, 부착기에서 여러 개가 모여서 나고 줄기 표면은 가느다랗고 매끄럽다. 체장은 1 m 이상이며 직경은 2∼5 mm이다. 부착기와 정단부로 갈수록 점차 가늘어진다.","해양생물의 생김새, 서식지, 분포를 반영한 과학 동화 소재",국명·학명·서식지·분류체계를 활용한 관찰 질문과 퀴즈,5-7;8-10,해양생물종;끈말;Chorda;asiatica;끈말과;외연도,270000021222,Chromista,크로미스타계,Ochrophyta,대롱편모조식물문,Phaeophyceae,갈조강,Chordales,끈말목,Chordaceae,끈말과,"Chorda asiatica Sasaki & Kawai, 2007",Chorda asiatica,끈말,기타,,"식물체는 갈색이고 연골질이며 가느다란 외가닥의 긴 끈 모양이며, 부착기에서 여러 개가 모여서 나고 줄기 표면은 가느다랗고 매끄럽다. 체장은 1 m 이상이며 직경은 2∼5 mm이다. 부착기와 정단부로 갈수록 점차 가늘어진다.","조하대와 점심대 암반에서 관찰되며, 저조선 부근에서는 길이가 30 cm 정도 되는 작은 것도 관찰된다.",,,,외연도,,,식품,정명,"Chorda asiatica Sasaki & Kawai, 2007"
국립해양생물자원관_해양생물종정보 서비스,https://www.data.go.kr/data/15094770/openapi.do,,marine_life_species,끈말더부살이,크로미스타계; 대롱편모조식물문; 갈조강; 솜털목; 민가지말과,"동해, 남해, 제주도","동해, 남해, 제주도",,,"편모조류의 일종으로 식물체의 길이는 10~15cm, 폭은 1mm 정도이다. 가지는 불규칙하게 분지하며, 속이 비어 있다. 대부분 끈말에 착생한다. 어린 식물은 황갈색이며, 점성이 다소 있고, 부드러운 원주형의 사상체이다.","해양생물의 생김새, 서식지, 분포를 반영한 과학 동화 소재",국명·학명·서식지·분류체계를 활용한 관찰 질문과 퀴즈,5-7;8-10,해양생물종;끈말더부살이;Acrothrix;pacifica;민가지말과;동해;남해;제주도,270000020063,Chromista,크로미스타계,Ochrophyta,대롱편모조식물문,Phaeophyceae,갈조강,Ectocarpales,솜털목,Chordariaceae,민가지말과,"Acrothrix pacifica Okamura & Yamada, 1932",Acrothrix pacifica,끈말더부살이,기타,,"편모조류의 일종으로 식물체의 길이는 10~15cm, 폭은 1mm 정도이다. 가지는 불규칙하게 분지하며, 속이 비어 있다. 대부분 끈말에 착생한다. 어린 식물은 황갈색이며, 점성이 다소 있고, 부드러운 원주형의 사상체이다.","파도가 잔잔한 외해나 내만의 조간대 및 조하대에 생육한다. 암반 또는 다른 해조에 부착 생육하며, 봄과 초여름에 무성해진다. 독특한 생태적 특성을 지니고, 해수관상용과 유전자원으로서 활용가치가 높다.",,,,"동해, 남해, 제주도",일본,,,정명,"Acrothrix pacifica Okamura & Yamada, 1932"
국립해양생물자원관_해양생물종정보 서비스,https://www.data.go.kr/data/15094770/openapi.do,,marine_life_species,나래미역,크로미스타계; 대롱편모조식물문; 갈조강; 다시마목; 나래미역과,,,,,나래미역은(는) 해양생물 캐릭터와 과학 동화 소재로 사용할 수 있다.,"해양생물의 생김새, 서식지, 분포를 반영한 과학 동화 소재",국명·학명·서식지·분류체계를 활용한 관찰 질문과 퀴즈,5-7;8-10,해양생물종;나래미역;Alaria;esculenta;나래미역과,270000020142,Chromista,크로미스타계,Ochrophyta,대롱편모조식물문,Phaeophyceae,갈조강,Laminariales,다시마목,Alariaceae,나래미역과,"Alaria esculenta (Linnaeus) Greville, 1830",Alaria esculenta,나래미역,기타,,,,,,,,,,,정명,"Alaria esculenta (Linnaeus) Greville, 1830"
국립해양생물자원관_해양생물종정보 서비스,https://www.data.go.kr/data/15094770/openapi.do,,marine_life_species,난쟁이말,크로미스타계; 대롱편모조식물문; 갈조강; 솜털목; 민가지말과,한국,한국,,,"엽체는 갈색이고, 0.5-2 mm 크기이다. 직립지는 단순하거나 일반적으로 불규칙적으로 분지되며, 직경이 12-18μm이고 간헐적 종간 분열이 있다. phaeophycean hairs은 끝이나 측면에 있다. 세포는 5-6개의 둥근 갈색체를 갖는다. 개재적 분열 생장을 한다. 조간대 조하대의 미역에 의해 다른 지역으로 퍼져나간 것으로 보인다.","해양생물의 생김새, 서식지, 분포를 반영한 과학 동화 소재",국명·학명·서식지·분류체계를 활용한 관찰 질문과 퀴즈,5-7;8-10,해양생물종;난쟁이말;Hecatonema;terminale;민가지말과;한국,270000022469,Chromista,크로미스타계,Ochrophyta,대롱편모조식물문,Phaeophyceae,갈조강,Ectocarpales,솜털목,Chordariaceae,민가지말과,"Hecatonema terminale (Kützing) Kylin, 1937",Hecatonema terminale,난쟁이말,기타,"엽체는 갈색이고, 0.5-2 mm 크기이다. 직립지는 단순하거나 일반적으로 불규칙적으로 분지되며, 직경이 12-18μm이고 간헐적 종간 분열이 있다. phaeophycean hairs은 끝이나 측면에 있다. 세포는 5-6개의 둥근 갈색체를 갖는다. 개재적 분열 생장을 한다. 조간대 조하대의 미역에 의해 다른 지역으로 퍼져나간 것으로 보인다.",,,,,,한국,"칠레, 페루, 오스트랄리아, 유럽, 일본",,,정명,"Hecatonema terminale (Kützing) Kylin, 1937"
국립해양생물자원관_해양생물종정보 서비스,https://www.data.go.kr/data/15094770/openapi.do,,marine_life_species,납작솜털,크로미스타계; 대롱편모조식물문; 갈조강; 솜털목; 솜털과,전해역,전해역,,,"엽체는 뭉쳐나며, 직립하고 단선의 사상체로 많은 가지를 내며, 상부 측에서는 총생하는 특징을 보이고, 연갈색을 띠며, 3~5cm높이로 자라고, 분산개재분열로 생장하며, 암반 혹은 다른 해조류에 착생한다. 측지는 보통 주축과 동일하게 무한생장하며, 아차상 혹은 호생으로 나며, 하부 쪽에서는 다소 긴 세포간격을 두고 나나, 상부 쪽에서는 빽빽하게 밀생하며, 2~3차 소지를 내고, 가지 끝으로 갈수록 세포가 가늘어지나 위갈조털로 변하지는 않는다. 말단소지는 가지의 등면에 배열되어 총생하는 것처럼 보이며, 복실포자낭과 함께 난다. 세포는 원통형으로 하부 쪽의 성숙한 세포의 경우 폭 25~40um, 폭에 대한 길이의 비율이 약 2배 정도 되며, 상부 쪽 세포에서는 폭 15~30um, 폭에 대한 길이의 비율이 1~1,3배 정도이다. 갈색체는 불규칙한 리본 모양으로 세포당 3~5개 정도 들어있다. 복실낭은 보통 2~4개씩 연속하여 측지의 등면에 밀생하거나 주축을 따라 흩어져 나며, 1~3개 세포로된 자루세포 위에 형성된다.","해양생물의 생김새, 서식지, 분포를 반영한 과학 동화 소재",국명·학명·서식지·분류체계를 활용한 관찰 질문과 퀴즈,5-7;8-10,해양생물종;납작솜털;Ectocarpus;acutus;솜털과;전해역,270000021803,Chromista,크로미스타계,Ochrophyta,대롱편모조식물문,Phaeophyceae,갈조강,Ectocarpales,솜털목,Ectocarpaceae,솜털과,"Ectocarpus acutus Setchell & N.L.Gardner, 1922",Ectocarpus acutus,납작솜털,기타,"엽체는 뭉쳐나며, 직립하고 단선의 사상체로 많은 가지를 내며, 상부 측에서는 총생하는 특징을 보이고, 연갈색을 띠며, 3~5cm높이로 자라고, 분산개재분열로 생장하며, 암반 혹은 다른 해조류에 착생한다. 측지는 보통 주축과 동일하게 무한생장하며, 아차상 혹은 호생으로 나며, 하부 쪽에서는 다소 긴 세포간격을 두고 나나, 상부 쪽에서는 빽빽하게 밀생하며, 2~3차 소지를 내고, 가지 끝으로 갈수록 세포가 가늘어지나 위갈조털로 변하지는 않는다. 말단소지는 가지의 등면에 배열되어 총생하는 것처럼 보이며, 복실포자낭과 함께 난다. 세포는 원통형으로 하부 쪽의 성숙한 세포의 경우 폭 25~40um, 폭에 대한 길이의 비율이 약 2배 정도 되며, 상부 쪽 세포에서는 폭 15~30um, 폭에 대한 길이의 비율이 1~1,3배 정도이다. 갈색체는 불규칙한 리본 모양으로 세포당 3~5개 정도 들어있다. 복실낭은 보통 2~4개씩 연속하여 측지의 등면에 밀생하거나 주축을 따라 흩어져 나며, 1~3개 세포로된 자루세포 위에 형성된다.","식물체는 황갈색의 가느다란 실 모양으로 다발을 이루어 다른 해조류에 붙어 자란다. 식물체는 원통모양의 세포가 길이로 연결하여 이루어졌고 가지를 많이 내며 끝으로 갈수록 가늘어진다. 줄기를 이루는 세포에서 헛뿌리를 내며 이 헛뿌리는 줄기에 붙어 내려오면서 피층처럼 된다. (Lee, 2008 편집 인용)",조간대에 자란다.,,,,전해역,"북아메리카, 남아메리카, 중앙아메리카, 아프리카, 아시아",,,정명,"Ectocarpus acutus Setchell & N.L.Gardner, 1922"
국립해양생물자원관_해양생물종정보 서비스,https://www.data.go.kr/data/15094770/openapi.do,,marine_life_species,넓곽,크로미스타계; 대롱편모조식물문; 갈조강; 다시마목; 나래미역과,"부산시, 제주도","부산시, 제주도",,,"식물체는 한 장으로 평평하고, 뿌리는 나뭇가지 모양이고 줄기는 편원인데 그 상부는 엽상부의 중륵으로 되어 있다. 엽상부 전체의 모양은 난원형 또는 피침형이다. 엽면에는 모과가 있어 육안으로는 소흑점으로 보인다. 줄기의 양쪽에 주름이 촘촘히 있는데 이것은 포자를 가진 포자엽이다. 잎은 좌우에 우상열편을 가진다.","해양생물의 생김새, 서식지, 분포를 반영한 과학 동화 소재",국명·학명·서식지·분류체계를 활용한 관찰 질문과 퀴즈,5-7;8-10,해양생물종;넓곽;Undaria;undarioides;나래미역과;부산시;제주도,270000025799,Chromista,크로미스타계,Ochrophyta,대롱편모조식물문,Phaeophyceae,갈조강,Laminariales,다시마목,Alariaceae,나래미역과,"Undaria undarioides (Yendo) Okamura, 1915",Undaria undarioides,넓곽,기타,,"식물체는 한 장으로 평평하고, 뿌리는 나뭇가지 모양이고 줄기는 편원인데 그 상부는 엽상부의 중륵으로 되어 있다. 엽상부 전체의 모양은 난원형 또는 피침형이다. 엽면에는 모과가 있어 육안으로는 소흑점으로 보인다. 줄기의 양쪽에 주름이 촘촘히 있는데 이것은 포자를 가진 포자엽이다. 잎은 좌우에 우상열편을 가진다.","외해에 면한, 또는 외해에 가까운 바위나 돌에 착생하고 저조선 아래 생육한다.",,,,"부산시, 제주도",일본,,,이명,"Undaria pinnatifida (Harvey) Suringar, 1873"
국립해양생물자원관_해양생물종정보 서비스,https://www.data.go.kr/data/15094770/openapi.do,,marine_life_species,넓미역,크로미스타계; 대롱편모조식물문; 갈조강; 다시마목; 나래미역과,"제주도(우도 연안), 울릉도 연안","제주도(우도 연안), 울릉도 연안",,,"엽체는 한 장으로 하부는 납작한 원형이며, 상부에 편평한 중륵이 있고, 체장은 1∼3.5m이고 폭은 25∼30 cm이며, 짧거나 긴 타원형인 것도 있다. 엽신의 가운데 부분은 좀 두터우며, 폭이 10cm 되기도 한다. 자낭군은 엽신의 가운데를 따라 하부에서 차차 상부로 형성되고, 잎의 양면을 덮게 된다. 줄기는 짧고 평평하며, 길이 5∼10cm 또는 30 cm에 달하고, 폭 10∼15 mm, 하부에는 납작한 원모양이며, 중앙부 이상은 납작하며, 양측에서 좁은 날개가 생기고, 하부가 잎으로 된다.","해양생물의 생김새, 서식지, 분포를 반영한 과학 동화 소재",국명·학명·서식지·분류체계를 활용한 관찰 질문과 퀴즈,5-7;8-10,해양생물종;넓미역;Undaria;peterseniana;나래미역과;제주도(우도;연안);울릉도;연안,270000025797,Chromista,크로미스타계,Ochrophyta,대롱편모조식물문,Phaeophyceae,갈조강,Laminariales,다시마목,Alariaceae,나래미역과,"Undaria peterseniana (Kjellmann) Okamura, 1915",Undaria peterseniana,넓미역,기타,,"엽체는 한 장으로 하부는 납작한 원형이며, 상부에 편평한 중륵이 있고, 체장은 1∼3.5m이고 폭은 25∼30 cm이며, 짧거나 긴 타원형인 것도 있다. 엽신의 가운데 부분은 좀 두터우며, 폭이 10cm 되기도 한다. 자낭군은 엽신의 가운데를 따라 하부에서 차차 상부로 형성되고, 잎의 양면을 덮게 된다. 줄기는 짧고 평평하며, 길이 5∼10cm 또는 30 cm에 달하고, 폭 10∼15 mm, 하부에는 납작한 원모양이며, 중앙부 이상은 납작하며, 양측에서 좁은 날개가 생기고, 하부가 잎으로 된다.","식물체는 갈색이며 막질로 미끌미끌하며 좁은 날개가 있는 원기둥 모양의 줄기가 있고 그 위로 넓고 길게 펼쳐진 잎부분이 있다. 잎 부분에는 중륵이 없고 가장자리는 매끈하다. 포자낭은 잎 부분의 가운데에 만들어지며 잎의 기부에서 위쪽 끝까지 넓은 띠 모양의 포자낭군을 이룬다. 조하대에 자란다(Lee, 2008 편집 인용). 산호사에 착생한다. 겨울부터 여름까지 출현하며 제주도 우도 연안에 분포한다.",,,"항염증, 항산화","제주도(우도 연안), 울릉도 연안",일본,,식품,이명,"Undaria pinnatifida (Harvey) Suringar, 1873"
국립해양생물자원관_해양생물종정보 서비스,https://www.data.go.kr/data/15094770/openapi.do,,marine_life_species,넓바위두둑사촌,크로미스타계; 대롱편모조식물문; 갈조강; 솜털목; 민가지말과,,,,,넓바위두둑사촌은(는) 해양생물 캐릭터와 과학 동화 소재로 사용할 수 있다.,"해양생물의 생김새, 서식지, 분포를 반영한 과학 동화 소재",국명·학명·서식지·분류체계를 활용한 관찰 질문과 퀴즈,5-7;8-10,해양생물종;넓바위두둑사촌;Phaeophysema;pulvinata;민가지말과,270000024108,Chromista,크로미스타계,Ochrophyta,대롱편모조식물문,Phaeophyceae,갈조강,Ectocarpales,솜털목,Chordariaceae,민가지말과,"Phaeophysema pulvinata (Takamatsu) A.Tanaka, S.Uwai & H. Kawai, 2010",Phaeophysema pulvinata,넓바위두둑사촌,기타,,,,,,,,,,,정명,"Phaeophysema pulvinata (Takamatsu) A.Tanaka, S.Uwai & H. Kawai, 2010"
국립해양생물자원관_해양생물종정보 서비스,https://www.data.go.kr/data/15094770/openapi.do,,marine_life_species,넓바위딱지,크로미스타계; 대롱편모조식물문; 갈조강; 바위딱지목; 바위딱지과,,,,,넓바위딱지은(는) 해양생물 캐릭터와 과학 동화 소재로 사용할 수 있다.,"해양생물의 생김새, 서식지, 분포를 반영한 과학 동화 소재",국명·학명·서식지·분류체계를 활용한 관찰 질문과 퀴즈,5-7;8-10,해양생물종;넓바위딱지;Ralfsia;confusa;바위딱지과,270000024737,Chromista,크로미스타계,Ochrophyta,대롱편모조식물문,Phaeophyceae,갈조강,Ralfsiales,바위딱지목,Ralfsiaceae,바위딱지과,"Ralfsia confusa Hollenberg, 1969",Ralfsia confusa,넓바위딱지,기타,,,,,,,,,,,정명,"Ralfsia confusa Hollenberg, 1969"
국립해양생물자원관_해양생물종정보 서비스,https://www.data.go.kr/data/15094770/openapi.do,,marine_life_species,넓은미역쇠,크로미스타계; 대롱편모조식물문; 갈조강; 솜털목; 민가지말과,추자도,추자도,,,식물체는 연한 황갈색의 대나뭇 잎 모양으로 외가닥이며 모자반류의 식물체에 여러 개가 모여난다. 피층과 수조직 구분이 없고 식물체의 표면쪽에 있는 세포에만 엽록체가 있다. 다실포자낭은 피층세포에서 만들어지며 식물체의 표면에서 조금 불거지고 사각형 모양의 무늬로 나타난다. 단실포자낭은 알 모양이며 식물체의 표면 안으로 잠긴다. 조하대의 모자반류에 붙어 자란다.,"해양생물의 생김새, 서식지, 분포를 반영한 과학 동화 소재",국명·학명·서식지·분류체계를 활용한 관찰 질문과 퀴즈,5-7;8-10,해양생물종;넓은미역쇠;Punctaria;latifolia;민가지말과;추자도,270000024693,Chromista,크로미스타계,Ochrophyta,대롱편모조식물문,Phaeophyceae,갈조강,Ectocarpales,솜털목,Chordariaceae,민가지말과,"Punctaria latifolia Greville, 1830",Punctaria latifolia,넓은미역쇠,기타,식물체는 연한 황갈색의 대나뭇 잎 모양으로 외가닥이며 모자반류의 식물체에 여러 개가 모여난다. 피층과 수조직 구분이 없고 식물체의 표면쪽에 있는 세포에만 엽록체가 있다. 다실포자낭은 피층세포에서 만들어지며 식물체의 표면에서 조금 불거지고 사각형 모양의 무늬로 나타난다. 단실포자낭은 알 모양이며 식물체의 표면 안으로 잠긴다. 조하대의 모자반류에 붙어 자란다.,,,,,,추자도,"유럽, 아일랜드, 대서양, 북아메리카, 남아메리카, 아프리카, 아시아, 호주, 뉴질랜드",,,정명,"Punctaria latifolia Greville, 1830"
국립해양생물자원관_해양생물종정보 서비스,https://www.data.go.kr/data/15094770/openapi.do,,marine_life_species,넓은뼈대그물말,크로미스타계; 대롱편모조식물문; 갈조강; 그물바탕말목; 그물바탕말과,"거문도, 남해도, 부산, 홍도","거문도, 남해도, 부산, 홍도",,,"식물체는 연한 갈색으로 가근성 부착기를 가지며 조하대 암반에 착생한다. 엽체는 납작하고 양 갈래로 갈라져 부채꼴 모양으로 자란다. 길이는 10~20cm이고, 너비는 1.7~1.9cm이다. 세로로 중심 잎맥이 있으며 하부에서 두드러진다.(Kim et al., 2017a)","해양생물의 생김새, 서식지, 분포를 반영한 과학 동화 소재",국명·학명·서식지·분류체계를 활용한 관찰 질문과 퀴즈,5-7;8-10,해양생물종;넓은뼈대그물말;Dictyopteris;latiuscula;그물바탕말과;거문도;남해도;부산;홍도,270000021683,Chromista,크로미스타계,Ochrophyta,대롱편모조식물문,Phaeophyceae,갈조강,Dictyotales,그물바탕말목,Dictyotaceae,그물바탕말과,"Dictyopteris latiuscula (Okamura) Okamura, 1932",Dictyopteris latiuscula,넓은뼈대그물말,기타,,"식물체는 연한 갈색으로 가근성 부착기를 가지며 조하대 암반에 착생한다. 엽체는 납작하고 양 갈래로 갈라져 부채꼴 모양으로 자란다. 길이는 10~20cm이고, 너비는 1.7~1.9cm이다. 세로로 중심 잎맥이 있으며 하부에서 두드러진다.(Kim et al., 2017a)",가근성 부착기를 가지며 조하대 암반에 착생한다.,,,,"거문도, 남해도, 부산, 홍도",,,의약품,정명,"Dictyopteris latiuscula (Okamura) Okamura, 1932"
국립해양생물자원관_해양생물종정보 서비스,https://www.data.go.kr/data/15094770/openapi.do,,marine_life_species,넓패,크로미스타계; 대롱편모조식물문; 갈조강; 패목; 패과,"남, 서해안, 제주도","남, 서해안, 제주도",,,식물체는 갈색이며 몇 번 두갈래로 가지를 낸다. 작은 구슬모양의 세포 10-14개가 연결된 곧은 실모양인 것이 빽빽이 들어차 피층을 이룬다. 수조직은 가지의 길이 방향으로 나란히 배열한 실과 이리저리 어지럽게 가는 실로 이루어졌다. 식물체는 최대 15 cm까지 자란다. 식물체는 바위에 자라거나 패의 엽상체에 붙어자란다. 조간대에서 봄부터 여름까지 출현한다.,"해양생물의 생김새, 서식지, 분포를 반영한 과학 동화 소재",국명·학명·서식지·분류체계를 활용한 관찰 질문과 퀴즈,5-7;8-10,해양생물종;넓패;Ishige;foliacea;패과;남;서해안;제주도,270000022646,Chromista,크로미스타계,Ochrophyta,대롱편모조식물문,Phaeophyceae,갈조강,Ishigeales,패목,Ishigeaceae,패과,"Ishige foliacea Okamura, 1936",Ishige foliacea,넓패,기타,식물체는 갈색이며 몇 번 두갈래로 가지를 낸다. 작은 구슬모양의 세포 10-14개가 연결된 곧은 실모양인 것이 빽빽이 들어차 피층을 이룬다. 수조직은 가지의 길이 방향으로 나란히 배열한 실과 이리저리 어지럽게 가는 실로 이루어졌다. 식물체는 최대 15 cm까지 자란다. 식물체는 바위에 자라거나 패의 엽상체에 붙어자란다. 조간대에서 봄부터 여름까지 출현한다.,식물체는 흑갈색이며 반상의 기부에서 짧은 원주상의 줄기를 내고 양갈래로 분지하여 부채형으로 자란다. 길이는 최대 15 cm까지 자란다.,암반 또는 패에 부착하여 생육한다.,,,"방오물질, 미세조류 생장 저해, 항암활성","남, 서해안, 제주도","미국, 일본",,"식품(구황식품), 의약품(후두염, 갑상선종, 회충병), 염증 제거",정명,"Ishige foliacea Okamura, 1936"
국립해양생물자원관_해양생물종정보 서비스,https://www.data.go.kr/data/15094770/openapi.do,,marine_life_species,노루뿔그물바탕말,크로미스타계; 대롱편모조식물문; 갈조강; 그물바탕말목; 그물바탕말과,"제주, 서해, 남해, 동해","제주, 서해, 남해, 동해",,,"엽체는 직립하고 띠 모양의 가지는 규칙적인 차상분지를 하며 나선형으로 꼬인다. 크기는 높이 최대 17 cm, 너비 5mm이고, 연한 갈색의 엽체에 어두운 선이 얼룩말 같은 무늬를 형성한다. 표본으로 건조 시 기저부에서 정단까지 갈색에서 연한 녹색으로 그라데이션을 형성한다. 엽체 횡단면의 두께는 119-245㎛이며 수층은 커다란 1개의 세포로 구성되며 이를 둘러싸는 1~2층의 피층세포가 존재한다.","해양생물의 생김새, 서식지, 분포를 반영한 과학 동화 소재",국명·학명·서식지·분류체계를 활용한 관찰 질문과 퀴즈,5-7;8-10,해양생물종;노루뿔그물바탕말;Dictyota;sumbisoria;그물바탕말과;제주;서해;남해;동해,270000029756,Chromista,크로미스타계,Ochrophyta,대롱편모조식물문,Phaeophyceae,갈조강,Dictyotales,그물바탕말목,Dictyotaceae,그물바탕말과,Dictyota sumbisoria,Dictyota sumbisoria,노루뿔그물바탕말,기타,,"엽체는 직립하고 띠 모양의 가지는 규칙적인 차상분지를 하며 나선형으로 꼬인다. 크기는 높이 최대 17 cm, 너비 5mm이고, 연한 갈색의 엽체에 어두운 선이 얼룩말 같은 무늬를 형성한다. 표본으로 건조 시 기저부에서 정단까지 갈색에서 연한 녹색으로 그라데이션을 형성한다. 엽체 횡단면의 두께는 119-245㎛이며 수층은 커다란 1개의 세포로 구성되며 이를 둘러싸는 1~2층의 피층세포가 존재한다.",식물체는 주로 조간대~조하대 수심 20m 이내의 암반에 부착하여 서식한다.[1],,,,"제주, 서해, 남해, 동해",일본,,,,
국립해양생물자원관_해양생물종정보 서비스,https://www.data.go.kr/data/15094770/openapi.do,,marine_life_species,노루뿔그물바탕말,크로미스타계; 대롱편모조식물문; 갈조강; 그물바탕말목; 그물바탕말과,,,,,노루뿔그물바탕말은(는) 해양생물 캐릭터와 과학 동화 소재로 사용할 수 있다.,"해양생물의 생김새, 서식지, 분포를 반영한 과학 동화 소재",국명·학명·서식지·분류체계를 활용한 관찰 질문과 퀴즈,5-7;8-10,해양생물종;노루뿔그물바탕말;Canistrocarpus;cervicornis;그물바탕말과,270000020996,Chromista,크로미스타계,Ochrophyta,대롱편모조식물문,Phaeophyceae,갈조강,Dictyotales,그물바탕말목,Dictyotaceae,그물바탕말과,"Canistrocarpus cervicornis (Kützing) De Paula & De Clerck, 2006",Canistrocarpus cervicornis,노루뿔그물바탕말,기타,,,,,,,,,,,정명,"Canistrocarpus cervicornis (Kützing) De Paula & De Clerck, 2006"
국립해양생물자원관_해양생물종정보 서비스,https://www.data.go.kr/data/15094770/openapi.do,,marine_life_species,누른갯쇠털,크로미스타계; 대롱편모조식물문; 갈조강; 갯쇠털목; 갯쇠털과,,,,,누른갯쇠털은(는) 해양생물 캐릭터와 과학 동화 소재로 사용할 수 있다.,"해양생물의 생김새, 서식지, 분포를 반영한 과학 동화 소재",국명·학명·서식지·분류체계를 활용한 관찰 질문과 퀴즈,5-7;8-10,해양생물종;누른갯쇠털;Sphacelaria;lutea;갯쇠털과,270000025188,Chromista,크로미스타계,Ochrophyta,대롱편모조식물문,Phaeophyceae,갈조강,Sphacelariales,갯쇠털목,Sphacelariaceae,갯쇠털과,"Sphacelaria lutea Takamatsu, 1943",Sphacelaria lutea,누른갯쇠털,기타,,,,,,,,,,,정명,"Sphacelaria lutea Takamatsu, 1943"
국립해양생물자원관_해양생물종정보 서비스,https://www.data.go.kr/data/15094770/openapi.do,,marine_life_species,누은갯쇠털,크로미스타계; 대롱편모조식물문; 갈조강; 갯쇠털목; 갯쇠털과,우리나라 전 연안,"우리나라 전 연안; 조간대, 조하대 암반과 다른 해조류 위",,,"엽체는 직립하고 총생한다. 색은 짙은 갈색 또는 녹갈색이고 체장이 1cm이다. 기부는 단층 또는 다층의 원반형이고, 가근이 발달한다. 가지는 원주형으로 무한생장하고, 불규칙하게 분지하며, 마디는 측면에서 2-6개의 주변세포로 구성되고, 길이 28-45μm,폭30-45μm이다. 주변세포는 직사각형이다. 털은 가지의 정단부와 정단세포의 사면분열로 형성된 모세포로 발달하며, 직경 10-16μm이다.","해양생물의 생김새, 서식지, 분포를 반영한 과학 동화 소재",국명·학명·서식지·분류체계를 활용한 관찰 질문과 퀴즈,5-7;8-10,해양생물종;누은갯쇠털;Sphacelaria;didichotoma;갯쇠털과;조간대;조하대;암반과;다른;해조류;위;우리나라,270000025186,Chromista,크로미스타계,Ochrophyta,대롱편모조식물문,Phaeophyceae,갈조강,Sphacelariales,갯쇠털목,Sphacelariaceae,갯쇠털과,"Sphacelaria didichotoma De A.Saunders, 1898",Sphacelaria didichotoma,누은갯쇠털,기타,"엽체는 직립하고 총생한다. 색은 짙은 갈색 또는 녹갈색이고 체장이 1cm이다. 기부는 단층 또는 다층의 원반형이고, 가근이 발달한다. 가지는 원주형으로 무한생장하고, 불규칙하게 분지하며, 마디는 측면에서 2-6개의 주변세포로 구성되고, 길이 28-45μm,폭30-45μm이다. 주변세포는 직사각형이다. 털은 가지의 정단부와 정단세포의 사면분열로 형성된 모세포로 발달하며, 직경 10-16μm이다.","엽체는 직립, 총생, 짙은 갈색, 녹갈색, 착생하고, 길이 1cm 정도이다. 기부는 단층, 다층의 원반형이고, 가근이 발달한다. 가지는 원주형으로 무한생장하고, 불규칙하게 분지하며, 마디는 측면에서 2-6개 주변세포, 길이 50㎛, 폭 40㎛, 주변세포 직사각형, 2차 횡단세포벽을 형성하며, 털은 가지 정단부, 사면분열로 발달하고, 배아지는 곧은 원주형 자루와 소지, 1차 소지는 2개, 곧거나 약간 뒤로 굽으며, 차상으로 분지하여 2차 소지를 낸다. 단자낭은 갈색, 구형, 직경 50㎛ 정도, 암배우자낭은 장타원형, 수배우자낭은 옅은 노란색이고, 장타원형이다.",연중 생육,,,,우리나라 전 연안,"일본, 중국, 미국 서안","조간대, 조하대 암반과 다른 해조류 위",특별한 용도가 알려진 바 없음,정명,"Sphacelaria didichotoma De A.Saunders, 1898"
국립해양생물자원관_해양생물종정보 서비스,https://www.data.go.kr/data/15094770/openapi.do,,marine_life_species,다닥주머니긴털실말,크로미스타계; 대롱편모조식물문; 갈조강; 솜털목; 솜말과,"동해안, 울릉도, 독도","동해안, 울릉도, 독도",,,"엽체는 빽빽하게 뭉쳐나며, 직립하고, 각각이 분리된 단선 사상체로 엉킨 타래 모양이며, 1차지에서 많은 가지를 내나 주축은 뚜렷하지 않고, 밝은 갈색을 띤다. 10cm 높이로 자라며, 암반 혹은 다른 해조류에 부착하여 자란다. 마디 사이에 흩어져 있는 분열대에 의해 분산분열 생장하며, 기부에서 가근을 내어 착생한다. 측지는 무한생장하며, 호생 혹은 아차상으로 나고, 1차지와 동일하게 자라며, 3~4차 가지를 낸다. 말단 소지는 흔히 가지의 등면에 복실낭과 함께 나며, 흔히 배면으로 휘어 있으며, 끝으로 갈수록 가늘어져 투명한 위갈조털로 변한다. 세포는 짧은 장방형이거나 원통형으로, 다수의 갈색체를 함유한다. 복실낭은 엽체 상부에 많고, 소지의 등면에 연속해서 자루세포 없이 형성된다.","해양생물의 생김새, 서식지, 분포를 반영한 과학 동화 소재",국명·학명·서식지·분류체계를 활용한 관찰 질문과 퀴즈,5-7;8-10,해양생물종;다닥주머니긴털실말;Hincksia;sandriana;솜말과;동해안;울릉도;독도,270000022526,Chromista,크로미스타계,Ochrophyta,대롱편모조식물문,Phaeophyceae,갈조강,Ectocarpales,솜털목,Acinetosporaceae,솜말과,"Hincksia sandriana (Zanardini) P.C.Silva, 1987",Hincksia sandriana,다닥주머니긴털실말,기타,"엽체는 빽빽하게 뭉쳐나며, 직립하고, 각각이 분리된 단선 사상체로 엉킨 타래 모양이며, 1차지에서 많은 가지를 내나 주축은 뚜렷하지 않고, 밝은 갈색을 띤다. 10cm 높이로 자라며, 암반 혹은 다른 해조류에 부착하여 자란다. 마디 사이에 흩어져 있는 분열대에 의해 분산분열 생장하며, 기부에서 가근을 내어 착생한다. 측지는 무한생장하며, 호생 혹은 아차상으로 나고, 1차지와 동일하게 자라며, 3~4차 가지를 낸다. 말단 소지는 흔히 가지의 등면에 복실낭과 함께 나며, 흔히 배면으로 휘어 있으며, 끝으로 갈수록 가늘어져 투명한 위갈조털로 변한다. 세포는 짧은 장방형이거나 원통형으로, 다수의 갈색체를 함유한다. 복실낭은 엽체 상부에 많고, 소지의 등면에 연속해서 자루세포 없이 형성된다.",,,,,,"동해안, 울릉도, 독도","유럽, 북아메리카, 남아메리카, 아프리카, 중동, 오스트랄리아, 뉴질랜드, 아시아, 인도양 섬들, 인도",,,정명,"Hincksia sandriana (Zanardini) P.C.Silva, 1987"
국립해양생물자원관_해양생물종정보 서비스,https://www.data.go.kr/data/15094770/openapi.do,,marine_life_species,다시마,크로미스타계; 대롱편모조식물문; 갈조강; 다시마목; 다시마과,"외연도, 금갑, 만리포, 백령도","외연도, 금갑, 만리포, 백령도; 조하대 암반",,,"바다에 사는 갈조식물이다. 엽체는 한 장으로 단순하며, 어린 엽상체에는 세로로 배열된 수포 모양의 톱니가 있으나 6개월 이상 자라면서 대부분 사라져 매끈해진다. 엽신의 가장자리는 물결 모양의 주름이 있거나 없으며, 길이 2m, 폭 30cm 이상 자란다. 줄기는 하나이고, 원주형이다. 부착기는 다수로 갈라진 흡착기이다. 조하대 암반에 부착하여 자라며, 연중 관찰된다. 우리나라 전 연안에 자라며, 세계적으로 일본에 분포한다.","해양생물의 생김새, 서식지, 분포를 반영한 과학 동화 소재",국명·학명·서식지·분류체계를 활용한 관찰 질문과 퀴즈,5-7;8-10,해양생물종;다시마;Saccharina;japonica;다시마과;조하대;암반;외연도;금갑;만리포;백령도,270000024918,Chromista,크로미스타계,Ochrophyta,대롱편모조식물문,Phaeophyceae,갈조강,Laminariales,다시마목,Laminariaceae,다시마과,"Saccharina japonica (J.E.Areschoug) C.E.Lane, C.Mayes, Druehl & G.W.Saunders, 2006",Saccharina japonica,다시마,기타,"바다에 사는 갈조식물이다. 엽체는 한 장으로 단순하며, 어린 엽상체에는 세로로 배열된 수포 모양의 톱니가 있으나 6개월 이상 자라면서 대부분 사라져 매끈해진다. 엽신의 가장자리는 물결 모양의 주름이 있거나 없으며, 길이 2m, 폭 30cm 이상 자란다. 줄기는 하나이고, 원주형이다. 부착기는 다수로 갈라진 흡착기이다. 조하대 암반에 부착하여 자라며, 연중 관찰된다. 우리나라 전 연안에 자라며, 세계적으로 일본에 분포한다.","엽체는 한 장으로 단순하며, 어린 엽상체에는 세로로 배열된 수포 모양의 톱니가 있으나 6개월 이상 자라면서 대부분 사라져 매끈해지고, 엽신의 가장자리는 물결 모양의 주름이 있거나 없으며, 길이 2m, 폭 30cm 이상 자란다. 줄기는 하나이고, 원주형이다. 부착기는 다수로 갈라진 흡착기이다.","다시마는 일본 홋카이도에서 애기다시마와 함께 1968년에 강원도에 도입되어 주문진 일대에서 양식을 시작하였다. 이후, 주문진 연안에 자연산 군락이 형성되었고 현재는 우리나라 모든 연안의 조하대에 해조 숲을 형성하는 중요한 종이다.",,,항비만,"외연도, 금갑, 만리포, 백령도",일본,조하대 암반,"식용, 산업적(알긴산 등), 의료용 자원(갑상선질환, 치질)으로 이용",정명,"Saccharina japonica (J.E.Areschoug) C.E.Lane, C.Mayes, Druehl & G.W.Saunders, 2006"
국립해양생물자원관_해양생물종정보 서비스,https://www.data.go.kr/data/15094770/openapi.do,,marine_life_species,다실미역,크로미스타계; 대롱편모조식물문; 갈조강; 다시마목; 나래미역과,제주도 우도해협,제주도 우도해협,,,"엽체는 한 장으로 잎이 단순하거나 끝이 뾰족한 선모양이며, 중륵이 있고, 잎 가장자리가 뭉툭하고 길이 1∼1.5 m이다. 엽신은 갈조모를 낸다. 줄기는 평평하고 길이 10∼50 cm 이다. 포자낭은 작은 포자엽 날개를 가진다. 부착기는 다수의 가지로 갈라진 흡착기로 되고 원주형의 근섬유를 가진다.","해양생물의 생김새, 서식지, 분포를 반영한 과학 동화 소재",국명·학명·서식지·분류체계를 활용한 관찰 질문과 퀴즈,5-7;8-10,해양생물종;다실미역;Undaria;crenata;나래미역과;제주도;우도해협,270000025796,Chromista,크로미스타계,Ochrophyta,대롱편모조식물문,Phaeophyceae,갈조강,Laminariales,다시마목,Alariaceae,나래미역과,"Undaria crenata Y.-P.Lee & J.T.Yoon, 1998",Undaria crenata,다실미역,기타,,"엽체는 한 장으로 잎이 단순하거나 끝이 뾰족한 선모양이며, 중륵이 있고, 잎 가장자리가 뭉툭하고 길이 1∼1.5 m이다. 엽신은 갈조모를 낸다. 줄기는 평평하고 길이 10∼50 cm 이다. 포자낭은 작은 포자엽 날개를 가진다. 부착기는 다수의 가지로 갈라진 흡착기로 되고 원주형의 근섬유를 가진다.","식물체는 갈색 막질로 미끌미끌하며 기다란 줄기에서 얇은 날개처럼 막이 만들어지고 이 막의 가장자리에서 큰 톱니모양의 거치가 생긴다. 줄기의 아랫부분은 원기둥모양이고 위로 갈수록 납작해진다. 포자엽은 줄기의 가장자리에서 아주 좁게 발달하며 포자낭은 날개의 중륵 부분에도 만들어진다. 제주도 우도해협에서 겨울부터 여름까지 생육하며, 깊이 15m의 수심에서 발견된다. Lee and Yoon(1998)에 의하여 신종으로 기록되었으며, 우리나라 고유종으로 등록되어 있다.",,,UV 억제 효능,제주도 우도해협,,,,정명,"Undaria crenata Y.-P.Lee & J.T.Yoon, 1998"
국립해양생물자원관_해양생물종정보 서비스,https://www.data.go.kr/data/15094770/openapi.do,,marine_life_species,다실불레기말,크로미스타계; 대롱편모조식물문; 갈조강; 솜털목; 고리매과,제주도,제주도,,,"식물체의 색은 갈색이고, 둥근 주머니 모양으로 속이 비어있으며, 두껍고 표면이 거칠다. 식물체 표면에서 갈조털이 발달한 부분은 봉우리처럼 솟아올라 울퉁불퉁하다. 직경은 최대 6 cm이다. 초봄에서 여름까지 출현하고, 조간대 지역 암반 위에서 생육한다.","해양생물의 생김새, 서식지, 분포를 반영한 과학 동화 소재",국명·학명·서식지·분류체계를 활용한 관찰 질문과 퀴즈,5-7;8-10,해양생물종;다실불레기말;Colpomenia;expansa;고리매과;제주도,270000021446,Chromista,크로미스타계,Ochrophyta,대롱편모조식물문,Phaeophyceae,갈조강,Ectocarpales,솜털목,Scytosiphonaceae,고리매과,"Colpomenia expansa (D.A.Saunders) Y.-P.Lee, 2008",Colpomenia expansa,다실불레기말,기타,"식물체의 색은 갈색이고, 둥근 주머니 모양으로 속이 비어있으며, 두껍고 표면이 거칠다. 식물체 표면에서 갈조털이 발달한 부분은 봉우리처럼 솟아올라 울퉁불퉁하다. 직경은 최대 6 cm이다. 초봄에서 여름까지 출현하고, 조간대 지역 암반 위에서 생육한다.","식물체의 색은 갈색이고, 둥근 주머니 모양으로 속이 비어있으며, 두껍고 표면이 거칠다. 식물체 표면에서 갈조털이 발달한 부분은 봉우리처럼 솟아올라 울퉁불퉁하다. 직경은 최대 6cm이다. 초봄에서 여름까지 출현하고, 조간대 지역 암반 위에서 생육한다.",,,,,제주도,"북아메리카(멕시코), 남서아시아(파키스탄)",,,정명,"Colpomenia expansa (D.A.Saunders) Y.-P.Lee, 2008"
국립해양생물자원관_해양생물종정보 서비스,https://www.data.go.kr/data/15094770/openapi.do,,marine_life_species,담배잎산말,크로미스타계; 대롱편모조식물문; 갈조강; 산말목; 산말과,부산,부산; 조하대 암반,,,"바다에 사는 갈조식물이다. 엽체는 넓은 난원형의 매우 큰 엽상이며, 짧은 줄기가 있다. 엷은 갈색을 한 막상으로 분지하지 않으며, 반상형 기부로 바위에 부착하고, 길이 10-40cm까지 자란다. 엽체는 정단분열세포와 정모생장을 통해서 막상으로 신장한다. 포자낭은 엽체에 분산되어 발달하고, 피층세포로부터 발달한다. 엽체의 중륵은 잘 발달하고, 대생으로 분지한다. 조하대 암반에서 주로 늦은 가을부터 여름까지 생육한다. 제주도에 자라며, 세계적으로 일본, 멕시코, 캘리포니아 등지에 분포한다.","해양생물의 생김새, 서식지, 분포를 반영한 과학 동화 소재",국명·학명·서식지·분류체계를 활용한 관찰 질문과 퀴즈,5-7;8-10,해양생물종;담배잎산말;Desmarestia;dudresnayi;subsp.;tabacoides;산말과;조하대;암반;부산,271000000058,Chromista,크로미스타계,Ochrophyta,대롱편모조식물문,Phaeophyceae,갈조강,Desmarestiales,산말목,Desmarestiaceae,산말과,"Desmarestia dudresnayi subsp. tabacoides (Okamura) A.F.Peters, E.C.Yang, F.C.Küpper & Prud'Homme, 2014",Desmarestia dudresnayi subsp. tabacoides,담배잎산말,기타,"바다에 사는 갈조식물이다. 엽체는 넓은 난원형의 매우 큰 엽상이며, 짧은 줄기가 있다. 엷은 갈색을 한 막상으로 분지하지 않으며, 반상형 기부로 바위에 부착하고, 길이 10-40cm까지 자란다. 엽체는 정단분열세포와 정모생장을 통해서 막상으로 신장한다. 포자낭은 엽체에 분산되어 발달하고, 피층세포로부터 발달한다. 엽체의 중륵은 잘 발달하고, 대생으로 분지한다. 조하대 암반에서 주로 늦은 가을부터 여름까지 생육한다. 제주도에 자라며, 세계적으로 일본, 멕시코, 캘리포니아 등지에 분포한다.","식물체는 연한 갈색으로 막질의 넓은 나뭇잎 모양이다. 짧은 줄기가 있고 잎은 중심 잎맥이 발달한다. 크기는 30~70 cm이고, 너비는 20~50 cm이다.",조하대에서 주로 자란다.,,,"항산화 효능 및 식품, 산업용으로 활용",부산,"일본, 북태평양 서안에도 분포 [1]",조하대 암반,"식품, 산업용",정명,"Desmarestia dudresnayi subsp. tabacoides (Okamura) A.F.Peters, E.C.Yang, F.C.Küpper & Prud'Homme, 2014"
국립해양생물자원관_해양생물종정보 서비스,https://www.data.go.kr/data/15094770/openapi.do,,marine_life_species,담뱃잎해조,크로미스타계; 대롱편모조식물문; 갈조강; 그물바탕말목; 그물바탕말과,,,,,담뱃잎해조은(는) 해양생물 캐릭터와 과학 동화 소재로 사용할 수 있다.,"해양생물의 생김새, 서식지, 분포를 반영한 과학 동화 소재",국명·학명·서식지·분류체계를 활용한 관찰 질문과 퀴즈,5-7;8-10,해양생물종;담뱃잎해조;Stypopodium;zonale;그물바탕말과,270000017313,Chromista,크로미스타계,Ochrophyta,대롱편모조식물문,Phaeophyceae,갈조강,Dictyotales,그물바탕말목,Dictyotaceae,그물바탕말과,"Stypopodium zonale (J.V. Lamouroux) Papenfuss, 1940",Stypopodium zonale,담뱃잎해조,기타,,,,,,,,,,,정명,"Stypopodium zonale (J.V. Lamouroux) Papenfuss, 1940"
국립해양생물자원관_해양생물종정보 서비스,https://www.data.go.kr/data/15094770/openapi.do,,marine_life_species,대롱부푼말,크로미스타계; 대롱편모조식물문; 갈조강; 솜털목; 민가지말과,,,,,대롱부푼말은(는) 해양생물 캐릭터와 과학 동화 소재로 사용할 수 있다.,"해양생물의 생김새, 서식지, 분포를 반영한 과학 동화 소재",국명·학명·서식지·분류체계를 활용한 관찰 질문과 퀴즈,5-7;8-10,해양생물종;대롱부푼말;Mesogloia;ikomae;민가지말과,270000026671,Chromista,크로미스타계,Ochrophyta,대롱편모조식물문,Phaeophyceae,갈조강,Ectocarpales,솜털목,Chordariaceae,민가지말과,"Mesogloia ikomae (Narita) H.Kawai & T.Hanyuda, 2019",Mesogloia ikomae,대롱부푼말,기타,,,,,,,,,,,,
국립해양생물자원관_해양생물종정보 서비스,https://www.data.go.kr/data/15094770/openapi.do,,marine_life_species,대롱불레기말,크로미스타계; 대롱편모조식물문; 갈조강; 솜털목; 고리매과,,,,,대롱불레기말은(는) 해양생물 캐릭터와 과학 동화 소재로 사용할 수 있다.,"해양생물의 생김새, 서식지, 분포를 반영한 과학 동화 소재",국명·학명·서식지·분류체계를 활용한 관찰 질문과 퀴즈,5-7;8-10,해양생물종;대롱불레기말;Dactylosiphon;durvillei;고리매과,270000021607,Chromista,크로미스타계,Ochrophyta,대롱편모조식물문,Phaeophyceae,갈조강,Ectocarpales,솜털목,Scytosiphonaceae,고리매과,"Dactylosiphon durvillei (Bory) Santiañez, K.M.Lee, S.M.Boo & Kogame, 2018",Dactylosiphon durvillei,대롱불레기말,기타,,,,,,,,,,,이명,"Dactylosiphon wynnei (K.M.Lee, R.Riosmena-Rodriguez, Kogame & S.M.Boo) Santiañez, K.M.Lee, S.M.Boo & Kogame 2018"
국립해양생물자원관_해양생물종정보 서비스,https://www.data.go.kr/data/15094770/openapi.do,,marine_life_species,대롱불레기말,크로미스타계; 대롱편모조식물문; 갈조강; 솜털목; 고리매과,남해안,남해안,,,"식물체의 색은 갈색이며, 길고 비어있는 주머니 모양으로 거품 같은 기부에서 3-21개의 엽체가 모여난다. 각 엽체의 길이는 23 cm이고 너비는 2 cm이며 가끔 가장자리에서 물결모양을 이루고 가지를 발달시킨다. 식물체의 내부 조직에는 다각형의 피층이 1~2겹으로 발달하고, 크고 둥글납작한 세포가 3~4겹으로 수조직을 이루며 가운데는 비었다. 갈조털은 다발을 이루고 수조직의 바깥층으로부터 발달한다. 다실포자낭(여러 개의 방으로 이루어진 포자주머니)은 엽체 전체에서 발달한다.","해양생물의 생김새, 서식지, 분포를 반영한 과학 동화 소재",국명·학명·서식지·분류체계를 활용한 관찰 질문과 퀴즈,5-7;8-10,해양생물종;대롱불레기말;Dactylosiphon;wynnei;고리매과;남해안,270000019961,Chromista,크로미스타계,Ochrophyta,대롱편모조식물문,Phaeophyceae,갈조강,Ectocarpales,솜털목,Scytosiphonaceae,고리매과,"Dactylosiphon wynnei (K.M.Lee, R.Riosmena-Rodriguez, Kogame & S.M.Boo) Santiañez, K.M.Lee, S.M.Boo & Kogame 2018",Dactylosiphon wynnei,대롱불레기말,기타,"식물체의 색은 갈색이며, 길고 비어있는 주머니 모양으로 거품 같은 기부에서 3-21개의 엽체가 모여난다. 각 엽체의 길이는 23 cm이고 너비는 2 cm이며 가끔 가장자리에서 물결모양을 이루고 가지를 발달시킨다. 식물체의 내부 조직에는 다각형의 피층이 1~2겹으로 발달하고, 크고 둥글납작한 세포가 3~4겹으로 수조직을 이루며 가운데는 비었다. 갈조털은 다발을 이루고 수조직의 바깥층으로부터 발달한다. 다실포자낭(여러 개의 방으로 이루어진 포자주머니)은 엽체 전체에서 발달한다.",,,,,,남해안,일본,,,정명,"Dactylosiphon wynnei (K.M.Lee, R.Riosmena-Rodriguez, Kogame & S.M.Boo) Santiañez, K.M.Lee, S.M.Boo & Kogame 2018"
국립해양생물자원관_해양생물종정보 서비스,https://www.data.go.kr/data/15094770/openapi.do,,marine_life_species,대양바다오디,크로미스타계; 대롱편모조식물문; 갈조강; 솜털목; 민가지말과,,,,,대양바다오디은(는) 해양생물 캐릭터와 과학 동화 소재로 사용할 수 있다.,"해양생물의 생김새, 서식지, 분포를 반영한 과학 동화 소재",국명·학명·서식지·분류체계를 활용한 관찰 질문과 퀴즈,5-7;8-10,해양생물종;대양바다오디;Botrytella;pacifica;민가지말과,270000020841,Chromista,크로미스타계,Ochrophyta,대롱편모조식물문,Phaeophyceae,갈조강,Ectocarpales,솜털목,Chordariaceae,민가지말과,"Botrytella pacifica (Hollenberg) G.I.Hansen, 1997",Botrytella pacifica,대양바다오디,기타,,,,,,,,,,,정명,"Botrytella pacifica (Hollenberg) G.I.Hansen, 1997"
국립해양생물자원관_해양생물종정보 서비스,https://www.data.go.kr/data/15094770/openapi.do,,marine_life_species,대황,크로미스타계; 대롱편모조식물문; 갈조강; 다시마목; 감태과,"동해안 울릉도, 독도","동해안 울릉도, 독도; 조하대 암반",,,"바다에 사는 갈조식물이다. 엽체는 한 장의 매끈한 댓잎 모양으로 성숙 시 혁질로 암황갈색을 띠고, 우상열편을 이룬다. 어린시기의 엽상부는 줄기 이행부의 생장대 부분까지 썩어 없어지며, 생장대는 좌우로 엇비슷하게 자라서 마치 줄기가 차상분기한 꼴로 되고, 각각은 복우상으로 분지한 2년째 엽상부를 갖는다. 부착기는 수지상이고, 가지는 윤생하며, 편원이고, 길이는 수심에 따라 1.5m에 이르며, 지름 2-3cm, 중앙부는 굵고 실질이다. 엽신 면에 주름혹이 있고, 가장자리에는 톱니, 치상이 있고, 포자낭은 엽신의 가장자리에 붙는다. 조하대 암반에 부착하여 자라며, 연중 생육한다. 울릉도와 독도 해역에 자라며, 세계적으로 일본에 분포한다.","해양생물의 생김새, 서식지, 분포를 반영한 과학 동화 소재",국명·학명·서식지·분류체계를 활용한 관찰 질문과 퀴즈,5-7;8-10,해양생물종;대황;Eisenia;bicyclis;감태과;조하대;암반;동해안;울릉도;독도,270000021798,Chromista,크로미스타계,Ochrophyta,대롱편모조식물문,Phaeophyceae,갈조강,Laminariales,다시마목,Lessoniaceae,감태과,"Eisenia bicyclis (Kjellman) Setchell, 1905",Eisenia bicyclis,대황,기타,"바다에 사는 갈조식물이다. 엽체는 한 장의 매끈한 댓잎 모양으로 성숙 시 혁질로 암황갈색을 띠고, 우상열편을 이룬다. 어린시기의 엽상부는 줄기 이행부의 생장대 부분까지 썩어 없어지며, 생장대는 좌우로 엇비슷하게 자라서 마치 줄기가 차상분기한 꼴로 되고, 각각은 복우상으로 분지한 2년째 엽상부를 갖는다. 부착기는 수지상이고, 가지는 윤생하며, 편원이고, 길이는 수심에 따라 1.5m에 이르며, 지름 2-3cm, 중앙부는 굵고 실질이다. 엽신 면에 주름혹이 있고, 가장자리에는 톱니, 치상이 있고, 포자낭은 엽신의 가장자리에 붙는다. 조하대 암반에 부착하여 자라며, 연중 생육한다. 울릉도와 독도 해역에 자라며, 세계적으로 일본에 분포한다.",식물체는 짙은 갈색이다. 어린 시기에는 한 장의 댓잎 모양의 엽상부를 가지고 있으며 줄기에서 엽상부가 분기되는 지점이 두 갈래로 나눠진다. 엽체의 가장자리에 가시 모양의 돌기가 존재한다.,우리나라 전 연안의 조하대 암반에 부착하여 서식한다. 감태와 함께 커다란 군락을 형성한다.,,,,"동해안 울릉도, 독도",일본,조하대 암반,,정명,"Eisenia bicyclis (Kjellman) Setchell, 1905"
국립해양생물자원관_해양생물종정보 서비스,https://www.data.go.kr/data/15094770/openapi.do,,marine_life_species,댕기넓은미역쇠,크로미스타계; 대롱편모조식물문; 갈조강; 솜털목; 민가지말과,,,,,댕기넓은미역쇠은(는) 해양생물 캐릭터와 과학 동화 소재로 사용할 수 있다.,"해양생물의 생김새, 서식지, 분포를 반영한 과학 동화 소재",국명·학명·서식지·분류체계를 활용한 관찰 질문과 퀴즈,5-7;8-10,해양생물종;댕기넓은미역쇠;Punctaria;plantaginea;민가지말과,270000024694,Chromista,크로미스타계,Ochrophyta,대롱편모조식물문,Phaeophyceae,갈조강,Ectocarpales,솜털목,Chordariaceae,민가지말과,"Punctaria plantaginea (Roth) Greville, 1830",Punctaria plantaginea,댕기넓은미역쇠,기타,,,,,,,,,,,정명,"Punctaria plantaginea (Roth) Greville, 1830"
국립해양생물자원관_해양생물종정보 서비스,https://www.data.go.kr/data/15094770/openapi.do,,marine_life_species,더부살이반지털,크로미스타계; 대롱편모조식물문; 갈조강; 솜털목; 민가지말과,전 연안,전 연안,,,"엽체는 2~5cm로 작고, 진갈색을 띠며, 단독으로 작은 덤불 모양으로 자라며, 하부 측 수층 부위와 뻗쳐 자라는 동화사 부위로 구성된다. 수층 중심부는 점액질로 쌓여 밀착되며, 투명한 원통형 세포열로 구성된다. 엽체는 주로 새우말(Phyllospadix sp.)에 착생한다. 흔히 이른 봄부터 여름에 걸쳐 출현한다.","해양생물의 생김새, 서식지, 분포를 반영한 과학 동화 소재",국명·학명·서식지·분류체계를 활용한 관찰 질문과 퀴즈,5-7;8-10,해양생물종;더부살이반지털;Halothrix;ambigua;민가지말과;전;연안,270000022450,Chromista,크로미스타계,Ochrophyta,대롱편모조식물문,Phaeophyceae,갈조강,Ectocarpales,솜털목,Chordariaceae,민가지말과,"Halothrix ambigua Yamada, 1928",Halothrix ambigua,더부살이반지털,기타,"엽체는 2~5cm로 작고, 진갈색을 띠며, 단독으로 작은 덤불 모양으로 자라며, 하부 측 수층 부위와 뻗쳐 자라는 동화사 부위로 구성된다. 수층 중심부는 점액질로 쌓여 밀착되며, 투명한 원통형 세포열로 구성된다. 엽체는 주로 새우말(Phyllospadix sp.)에 착생한다. 흔히 이른 봄부터 여름에 걸쳐 출현한다.",,,,,,전 연안,일본 및 한국,,,정명,"Halothrix ambigua Yamada, 1928"
국립해양생물자원관_해양생물종정보 서비스,https://www.data.go.kr/data/15094770/openapi.do,,marine_life_species,덤불모자반,크로미스타계; 대롱편모조식물문; 갈조강; 말목; 모자반과,,,,,"식물체는 반상근에서 다수 직립하고, 30~70cm까지 자란다. 줄기는 원주상이고, 직경 2mm이다. 원주상 또는 삼릉형, 사릉형이고, 직경이 1.0~1.5mm이며, 다소 꼬인다. 측지는 어긋나기를 한다. 하부 잎은 장타원형, 피침형이고, 전연 또는 드물게 거치연이다. 자웅이주이며, 늦은 봄에서 여름에 생식기가 형성된다. (국립해양생물자원관, 해양생명자원 기탁등록보존기관 (2016~2018))","해양생물의 생김새, 서식지, 분포를 반영한 과학 동화 소재",국명·학명·서식지·분류체계를 활용한 관찰 질문과 퀴즈,5-7;8-10,해양생물종;덤불모자반;Sargassum;yezoense;모자반과,270000025016,Chromista,크로미스타계,Ochrophyta,대롱편모조식물문,Phaeophyceae,갈조강,Fucales,말목,Sargassaceae,모자반과,"Sargassum yezoense (Yamada) T.Yoshida & T.Konno, 1983",Sargassum yezoense,덤불모자반,기타,,"식물체는 반상근에서 다수 직립하고, 30~70cm까지 자란다. 줄기는 원주상이고, 직경 2mm이다. 원주상 또는 삼릉형, 사릉형이고, 직경이 1.0~1.5mm이며, 다소 꼬인다. 측지는 어긋나기를 한다. 하부 잎은 장타원형, 피침형이고, 전연 또는 드물게 거치연이다. 자웅이주이며, 늦은 봄에서 여름에 생식기가 형성된다. (국립해양생물자원관, 해양생명자원 기탁등록보존기관 (2016~2018))",,,,,,,,,정명,"Sargassum yezoense (Yamada) T.Yoshida & T.Konno, 1983"
국립해양생물자원관_해양생물종정보 서비스,https://www.data.go.kr/data/15094770/openapi.do,,marine_life_species,독도연두털말,크로미스타계; 대롱편모조식물문; 갈조강; 솜털목; 민가지말과,독도,독도,,,"엽체는 올리브색 또는 녹색을 띤 갈색이며, 직립형, 원통형이며, 많은 가지를 가진다. 전체 크기는 10-30cm이고, 직경은 614 ± 174 μm이며 끝으로 갈수록 폭이 천천히 좁아진다. 가지는 많은 소지를 가지지 않기도 하고 많이 생기기도 하며 이 소지는 불규칙적으로 alternately or laterally으로 분포한다. 가지나 가지소지는 모두 medullary filament와 마디져있는 assimilatory 털로 구성되어있다. Assimilatory 털은 오래된 가지에서는 점차 짧고, 어린가지에서는 길게 보이는데 자세히 보면 긴 것과 짧은 것이 섞여 있다. 주축의 단면을 보면 아래부분은 Hollow가 없고, 중간부분에는 Hollow가 있다.","해양생물의 생김새, 서식지, 분포를 반영한 과학 동화 소재",국명·학명·서식지·분류체계를 활용한 관찰 질문과 퀴즈,5-7;8-10,해양생물종;독도연두털말;Papenfussiella;densa;민가지말과;독도,270000026090,Chromista,크로미스타계,Ochrophyta,대롱편모조식물문,Phaeophyceae,갈조강,Ectocarpales,솜털목,Chordariaceae,민가지말과,"Papenfussiella densa H.Kawai & T.Hanyuda, 2016",Papenfussiella densa,독도연두털말,기타,"엽체는 올리브색 또는 녹색을 띤 갈색이며, 직립형, 원통형이며, 많은 가지를 가진다. 전체 크기는 10-30cm이고, 직경은 614 ± 174 μm이며 끝으로 갈수록 폭이 천천히 좁아진다. 가지는 많은 소지를 가지지 않기도 하고 많이 생기기도 하며 이 소지는 불규칙적으로 alternately or laterally으로 분포한다. 가지나 가지소지는 모두 medullary filament와 마디져있는 assimilatory 털로 구성되어있다. Assimilatory 털은 오래된 가지에서는 점차 짧고, 어린가지에서는 길게 보이는데 자세히 보면 긴 것과 짧은 것이 섞여 있다. 주축의 단면을 보면 아래부분은 Hollow가 없고, 중간부분에는 Hollow가 있다.",,,,,,독도,일본,,,정명,"Papenfussiella densa H.Kawai & T.Hanyuda, 2016"
국립해양생물자원관_해양생물종정보 서비스,https://www.data.go.kr/data/15094770/openapi.do,,marine_life_species,돌말,크로미스타계; 대롱편모조식물문; 갈조강; 말목; 말과,,,,,돌말은(는) 해양생물 캐릭터와 과학 동화 소재로 사용할 수 있다.,"해양생물의 생김새, 서식지, 분포를 반영한 과학 동화 소재",국명·학명·서식지·분류체계를 활용한 관찰 질문과 퀴즈,5-7;8-10,해양생물종;돌말;Fucus;distichus;subsp.;evanescens;말과,270000022124,Chromista,크로미스타계,Ochrophyta,대롱편모조식물문,Phaeophyceae,갈조강,Fucales,말목,Fucaceae,말과,"Fucus distichus subsp. evanescens (C.Agardh) H.T.Powell, 1957",Fucus distichus subsp. evanescens,돌말,기타,,,,,,,,,,,정명,"Fucus distichus subsp. evanescens (C.Agardh) H.T.Powell, 1957"
국립해양생물자원관_해양생물종정보 서비스,https://www.data.go.kr/data/15094770/openapi.do,,marine_life_species,두비라부챗말,크로미스타계; 대롱편모조식물문; 갈조강; 그물바탕말목; 그물바탕말과,,,,,두비라부챗말은(는) 해양생물 캐릭터와 과학 동화 소재로 사용할 수 있다.,"해양생물의 생김새, 서식지, 분포를 반영한 과학 동화 소재",국명·학명·서식지·분류체계를 활용한 관찰 질문과 퀴즈,5-7;8-10,해양생물종;두비라부챗말;Padina;durvillei;그물바탕말과,270000023825,Chromista,크로미스타계,Ochrophyta,대롱편모조식물문,Phaeophyceae,갈조강,Dictyotales,그물바탕말목,Dictyotaceae,그물바탕말과,"Padina durvillei Bory, 1827",Padina durvillei,두비라부챗말,기타,,,,,,,,,,,정명,"Padina durvillei Bory, 1827"
국립해양생물자원관_해양생물종정보 서비스,https://www.data.go.kr/data/15094770/openapi.do,,marine_life_species,두켜부채,크로미스타계; 대롱편모조식물문; 갈조강; 그물바탕말목; 그물바탕말과,"동, 남해안","동, 남해안",,,"식물체는 갈색 또는 녹갈색의 동그란 부채모양으로 비스듬히 바닥에 펼쳐지며 모여나 서로 겹쳐진다. 식물체의 끝 부분에 막대모양의 정단세포가 울타리처럼 모여 있으며 그 아래에는 모두 네모꼴인 세포로 되어있다. 식물체는 두 겹의 세포로 이루어져 있으며 바닥을 향한 부분의 세포에서 뿌리를 내고 위를 향한 부분의 세포에서 생식기가 만들어진다. 조간대 하부 바위 틈에 자라며, 4월에서 10월 사이에 많이 출현한다.","해양생물의 생김새, 서식지, 분포를 반영한 과학 동화 소재",국명·학명·서식지·분류체계를 활용한 관찰 질문과 퀴즈,5-7;8-10,해양생물종;두켜부채;Distromium;decumbens;그물바탕말과;동;남해안,270000021740,Chromista,크로미스타계,Ochrophyta,대롱편모조식물문,Phaeophyceae,갈조강,Dictyotales,그물바탕말목,Dictyotaceae,그물바탕말과,"Distromium decumbens (Okamura) Levring, 1940",Distromium decumbens,두켜부채,기타,"식물체는 갈색 또는 녹갈색의 동그란 부채모양으로 비스듬히 바닥에 펼쳐지며 모여나 서로 겹쳐진다. 식물체의 끝 부분에 막대모양의 정단세포가 울타리처럼 모여 있으며 그 아래에는 모두 네모꼴인 세포로 되어있다. 식물체는 두 겹의 세포로 이루어져 있으며 바닥을 향한 부분의 세포에서 뿌리를 내고 위를 향한 부분의 세포에서 생식기가 만들어진다. 조간대 하부 바위 틈에 자라며, 4월에서 10월 사이에 많이 출현한다.","엽체는 가근성 부착기로 암반에 붙어있고 유엽에서는 단일의 부채형 혹은 콩팥형인데 성장하면 방사형으로 찢어져서 쐐기꼴의 열편으로 되며 이것을 펼치면 부채 형태로 가장자리는 서로 겹쳐진다. 엷은 갈색 또는 짙은 갈색으로 색소체를 지닌 두 개의 세포층으로 구성된다.(Choi et al., 2016 편집 인용)",,,,,"동, 남해안","일본, 베트남",,,정명,"Distromium decumbens (Okamura) Levring, 1940"
국립해양생물자원관_해양생물종정보 서비스,https://www.data.go.kr/data/15094770/openapi.do,,marine_life_species,둥근바위두둑,크로미스타계; 대롱편모조식물문; 갈조강; 솜털목; 민가지말과,제주도,제주도; 조간대 다른 해조에 착생,,,"바다에 사는 갈조식물이다. 엽체는 황갈색으로, 점액질로 되어 있고, 구형 내지 반구형이다. 크기는 150-200㎛, 지름은 250-600㎛이고, 속은 투명하다. 수사상체의 세포는 상부에서 원통형이고, 하부에서 방추형 내지 끝이 뾰족한 염주형이며, 너비 15-25㎛, 길이 30-40㎛이다. 복자낭은 3-5개의 포자 사상체를 가지며, 너비 5-10㎛, 길이 50-60㎛이다. 단자낭은 너비 20-38㎛, 길이 50-90㎛이며 미세하게 짧은 목과 같은 기부가 있다. 조간대에서 다른 해조에 착생하여 봄부터 여름까지 자란다. 제주도에 생육하며, 세계적으로 일본에 분포한다.","해양생물의 생김새, 서식지, 분포를 반영한 과학 동화 소재",국명·학명·서식지·분류체계를 활용한 관찰 질문과 퀴즈,5-7;8-10,해양생물종;둥근바위두둑;Leathesia;globosa;민가지말과;조간대;다른;해조에;착생;제주도,270000022830,Chromista,크로미스타계,Ochrophyta,대롱편모조식물문,Phaeophyceae,갈조강,Ectocarpales,솜털목,Chordariaceae,민가지말과,"Leathesia globosa Takamatsu, 1939",Leathesia globosa,둥근바위두둑,기타,"바다에 사는 갈조식물이다. 엽체는 황갈색으로, 점액질로 되어 있고, 구형 내지 반구형이다. 크기는 150-200㎛, 지름은 250-600㎛이고, 속은 투명하다. 수사상체의 세포는 상부에서 원통형이고, 하부에서 방추형 내지 끝이 뾰족한 염주형이며, 너비 15-25㎛, 길이 30-40㎛이다. 복자낭은 3-5개의 포자 사상체를 가지며, 너비 5-10㎛, 길이 50-60㎛이다. 단자낭은 너비 20-38㎛, 길이 50-90㎛이며 미세하게 짧은 목과 같은 기부가 있다. 조간대에서 다른 해조에 착생하여 봄부터 여름까지 자란다. 제주도에 생육하며, 세계적으로 일본에 분포한다.","엽체는 황갈색으로, 점액질로 되어 있고, 구형 내지 반구형이다. 크기는 150-200㎛, 지름은 250-600㎛이고 속은 투명하다. 수사상체의 세포는 상부에서 원통형이고, 하부에서 방추형 내지 끝이 뾰족한 염주형이며, 너비 15-25㎛, 길이 30-40㎛이다. 복자낭은 3-5개의 포자 사상체를 가지며, 너비 5-10㎛, 길이 50-60㎛이다. 단자낭은 너비 20-38㎛, 길이 50-90㎛이며 미세하게 짧은 목과 같은 기부가 있다.",봄부터 여름에 생육,,,,제주도,일본,조간대 다른 해조에 착생,특별한 용도가 알려진 바 없음,이명,"Leathesia marina (Lyngbye) Decaisne, 1842"
국립해양생물자원관_해양생물종정보 서비스,https://www.data.go.kr/data/15094770/openapi.do,,marine_life_species,둥근바위딱지,크로미스타계; 대롱편모조식물문; 갈조강; 바위딱지목; 바위딱지과,,,,,둥근바위딱지은(는) 해양생물 캐릭터와 과학 동화 소재로 사용할 수 있다.,"해양생물의 생김새, 서식지, 분포를 반영한 과학 동화 소재",국명·학명·서식지·분류체계를 활용한 관찰 질문과 퀴즈,5-7;8-10,해양생물종;둥근바위딱지;Ralfsia;integra;바위딱지과,270000024739,Chromista,크로미스타계,Ochrophyta,대롱편모조식물문,Phaeophyceae,갈조강,Ralfsiales,바위딱지목,Ralfsiaceae,바위딱지과,"Ralfsia integra Hollenberg, 1969",Ralfsia integra,둥근바위딱지,기타,,,,,,,,,,,정명,"Ralfsia integra Hollenberg, 1969"
국립해양생물자원관_해양생물종정보 서비스,https://www.data.go.kr/data/15094770/openapi.do,,marine_life_species,둥근반점말,크로미스타계; 대롱편모조식물문; 갈조강; 솜털목; 민가지말과,,,,,둥근반점말은(는) 해양생물 캐릭터와 과학 동화 소재로 사용할 수 있다.,"해양생물의 생김새, 서식지, 분포를 반영한 과학 동화 소재",국명·학명·서식지·분류체계를 활용한 관찰 질문과 퀴즈,5-7;8-10,해양생물종;둥근반점말;Myrionema;strangulans;민가지말과,270000023494,Chromista,크로미스타계,Ochrophyta,대롱편모조식물문,Phaeophyceae,갈조강,Ectocarpales,솜털목,Chordariaceae,민가지말과,"Myrionema strangulans Greville, 1827",Myrionema strangulans,둥근반점말,기타,,,,,,,,,,,정명,"Myrionema strangulans Greville, 1827"
국립해양생물자원관_해양생물종정보 서비스,https://www.data.go.kr/data/15094770/openapi.do,,marine_life_species,뒷가지갯쇠털,크로미스타계; 대롱편모조식물문; 갈조강; 갯쇠털목; 갯쇠털과,"남해도, 완도, 제주도","남해도, 완도, 제주도; 조간대, 조하대",,,"바다에 사는 갈조식물이다. 엽체는 갈색, 녹갈색, 직립, 총생, 착생하며, 길이 1.0-1.5cm 정도이다. 기부는 단층의 원반형이고, 포복성 가근을 형성한다. 가지는 무한생장하고, 불규칙하게 분지한다. 마디는 옆면에서 2-3개의 주변세포가 보인다. 털은 가지 정단부, 사면분열에 의해 만들어진다. 배아지는 가지의 중상부에서 발달하고, 원주형 자루와 2개의 소지가 있고, 자루 기부는 말단으로 갈수록 굵어진다. 소지는 밖으로 굽고, 분지하지 않는다. 암배우자낭은 짙은 갈색, 좁은 타원형, 난형, 수배우자낭은 옅은 노란색, 좁은 타원형, 난형이다. 조간대와 조하대에서 자란다. 남해도, 완도, 제주도에 분포하는 우리나라 고유종이다.","해양생물의 생김새, 서식지, 분포를 반영한 과학 동화 소재",국명·학명·서식지·분류체계를 활용한 관찰 질문과 퀴즈,5-7;8-10,해양생물종;뒷가지갯쇠털;Sphacelaria;recurva;갯쇠털과;조간대;조하대;남해도;완도;제주도,270000025189,Chromista,크로미스타계,Ochrophyta,대롱편모조식물문,Phaeophyceae,갈조강,Sphacelariales,갯쇠털목,Sphacelariaceae,갯쇠털과,"Sphacelaria recurva Y.-S.Keum, J.H.Oak, Prud'homme & I.K.Lee, 2001",Sphacelaria recurva,뒷가지갯쇠털,기타,"바다에 사는 갈조식물이다. 엽체는 갈색, 녹갈색, 직립, 총생, 착생하며, 길이 1.0-1.5cm 정도이다. 기부는 단층의 원반형이고, 포복성 가근을 형성한다. 가지는 무한생장하고, 불규칙하게 분지한다. 마디는 옆면에서 2-3개의 주변세포가 보인다. 털은 가지 정단부, 사면분열에 의해 만들어진다. 배아지는 가지의 중상부에서 발달하고, 원주형 자루와 2개의 소지가 있고, 자루 기부는 말단으로 갈수록 굵어진다. 소지는 밖으로 굽고, 분지하지 않는다. 암배우자낭은 짙은 갈색, 좁은 타원형, 난형, 수배우자낭은 옅은 노란색, 좁은 타원형, 난형이다. 조간대와 조하대에서 자란다. 남해도, 완도, 제주도에 분포하는 우리나라 고유종이다.","엽체는 갈색, 녹갈색, 직립, 총생, 착생하며, 길이 1.0-1.5cm 정도이다. 기부는 단층의 원반형이고, 포복성 가근을 형성, 가지는 무한생장하고, 불규칙하게 분지하고, 마디는 옆면에서 2-3개의 주변세포가 보이고, 털은 가지 정단부, 사면분열에 의해 만들어지고, 배아지는 가지의 중상부에서 발달하고, 원주형 자루와 2개의 소지, 자루 기부는 말단으로 갈수록 굵어지며, 소지는 밖으로 굽고, 분지하지 않으며, 암배우자낭은 짙은 갈색, 좁은 타원형, 난형, 수배우자낭은 옅은 노란색, 좁은 타원형, 난형, 단자낭은 보고되어 있지 않다.",배아지와 생식개체는 4월에 채집,,,,"남해도, 완도, 제주도",한국 고유종,"조간대, 조하대",특별한 용도가 알려진 바 없음,정명,"Sphacelaria recurva Y.-S.Keum, J.H.Oak, Prud'homme & I.K.Lee, 2001"
국립해양생물자원관_해양생물종정보 서비스,https://www.data.go.kr/data/15094770/openapi.do,,marine_life_species,뜸부기,크로미스타계; 대롱편모조식물문; 갈조강; 말목; 말과,"남해안, 서해안 지역","남해안, 서해안 지역; 조간대, 조하대 상부",,,"바다에 사는 갈조식물이다. 엽체는 황갈색, 작은 반상근에서 단독 또는 2-3회 직립하고, 길이 5-15cm이다. 직립부는 편압하고, 수 회 차상분지한다. 줄기는 원주상이고, 복차상으로 분지하고, 말단가지는 좁고, 정단부는 둔원이다. 가지는 엽체의 측면, 연변부, 정단부에서 난다. 기낭은 말단가지 1-2마디에서 부푼 모양으로 형성되고, 장 타원형, 원통형이다. 생식기탁은 말단가지 1-2마디에 형성되고, 잎은 없다. 조간대와 조하대 상부에서 연중 생육하며, 5-8월에 생식기관이 발달한다. 남해안과 서해안 전역에 자라며, 세계적으로 중국에 분포한다.","해양생물의 생김새, 서식지, 분포를 반영한 과학 동화 소재",국명·학명·서식지·분류체계를 활용한 관찰 질문과 퀴즈,5-7;8-10,해양생물종;뜸부기;Silvetia;siliquosa;말과;조간대;조하대;상부;남해안;서해안;지역,270000025141,Chromista,크로미스타계,Ochrophyta,대롱편모조식물문,Phaeophyceae,갈조강,Fucales,말목,Fucaceae,말과,"Silvetia siliquosa (C.K.Tseng & C.F.Chang) E.A.Serrão, T.O.Cho, S.M.Boo & S.H.Brawley, 1999",Silvetia siliquosa,뜸부기,기타,"바다에 사는 갈조식물이다. 엽체는 황갈색, 작은 반상근에서 단독 또는 2-3회 직립하고, 길이 5-15cm이다. 직립부는 편압하고, 수 회 차상분지한다. 줄기는 원주상이고, 복차상으로 분지하고, 말단가지는 좁고, 정단부는 둔원이다. 가지는 엽체의 측면, 연변부, 정단부에서 난다. 기낭은 말단가지 1-2마디에서 부푼 모양으로 형성되고, 장 타원형, 원통형이다. 생식기탁은 말단가지 1-2마디에 형성되고, 잎은 없다. 조간대와 조하대 상부에서 연중 생육하며, 5-8월에 생식기관이 발달한다. 남해안과 서해안 전역에 자라며, 세계적으로 중국에 분포한다.","엽체는 황갈색, 작은 반상근에서 단독 또는 2-3회 직립하고, 길이는 5-15cm, 직립부는 편압하고, 수 회 차상분지하며, 줄기는 원주상이고, 복차상으로 분지하고, 말단가지는 좁고, 정단부는 둔원이다. 가지는 엽체의 측면, 연변부, 정단부에서 나고, 기낭은 말단가지 1-2 마디에서 부푼 모양으로 형성하고, 장 타원형, 원통형, 생식기탁은 말단가지 1-2 마디에 형성하고, 잎은 없다.",연중 분포. 5월에서 8월에 생식시기,,,"항산화, 항염증, 항콜레스테롤","남해안, 서해안 지역",중국,"조간대, 조하대 상부","해조 자원, 식용, 약용식물",정명,"Silvetia siliquosa (C.K.Tseng & C.F.Chang) E.A.Serrão, T.O.Cho, S.M.Boo & S.H.Brawley, 1999"
국립해양생물자원관_해양생물종정보 서비스,https://www.data.go.kr/data/15094770/openapi.do,,marine_life_species,매끈이고리매,크로미스타계; 대롱편모조식물문; 갈조강; 솜털목; 고리매과,,,,,매끈이고리매은(는) 해양생물 캐릭터와 과학 동화 소재로 사용할 수 있다.,"해양생물의 생김새, 서식지, 분포를 반영한 과학 동화 소재",국명·학명·서식지·분류체계를 활용한 관찰 질문과 퀴즈,5-7;8-10,해양생물종;매끈이고리매;Hapterophycus;canaliculatus;고리매과,270000026672,Chromista,크로미스타계,Ochrophyta,대롱편모조식물문,Phaeophyceae,갈조강,Ectocarpales,솜털목,Scytosiphonaceae,고리매과,"Hapterophycus canaliculatus Setchell & N.L.Gardner, 1912",Hapterophycus canaliculatus,매끈이고리매,기타,,,,,,,,,,,,
국립해양생물자원관_해양생물종정보 서비스,https://www.data.go.kr/data/15094770/openapi.do,,marine_life_species,먹돌새바위딱지,크로미스타계; 대롱편모조식물문; 갈조강; 바위딱지목; 새바위딱지과,,,,,먹돌새바위딱지은(는) 해양생물 캐릭터와 과학 동화 소재로 사용할 수 있다.,"해양생물의 생김새, 서식지, 분포를 반영한 과학 동화 소재",국명·학명·서식지·분류체계를 활용한 관찰 질문과 퀴즈,5-7;8-10,해양생물종;먹돌새바위딱지;Neoralfsia;expansa;새바위딱지과,270000023589,Chromista,크로미스타계,Ochrophyta,대롱편모조식물문,Phaeophyceae,갈조강,Ralfsiales,바위딱지목,Neoralfsiaceae,새바위딱지과,"Neoralfsia expansa (J.Agardh) P.-E.Lim & H.Kawai ex Cormaci & G.Furnari, 2012",Neoralfsia expansa,먹돌새바위딱지,기타,,,,,,,,,,,정명,"Neoralfsia expansa (J.Agardh) P.-E.Lim & H.Kawai ex Cormaci & G.Furnari, 2012"
국립해양생물자원관_해양생물종정보 서비스,https://www.data.go.kr/data/15094770/openapi.do,,marine_life_species,명주가시그물바탕말,크로미스타계; 대롱편모조식물문; 갈조강; 그물바탕말목; 그물바탕말과,"전남 신안(흑산), 제주도","전남 신안(흑산), 제주도",,,"식물체는 황갈색으로 짧은 줄기에서 두 갈래로 가지가 나오며 넓어진다. 가지의 정단 부분은 볼록하고 정단세포는 다른 가장자리 세포보다 조금 길다. 단면에서 피층세포와 수조직세포의 형태적인 구별이 없다. 엽록체는 피층세포에만 있고 cuacp의 표면에 모여 있다. 사분포자낭은 알 모양으로 가지의 양쪽 면에 생성되며, 피층세포 사이에 있어서 엽체의 vaus에 튀어나지 않는다.","해양생물의 생김새, 서식지, 분포를 반영한 과학 동화 소재",국명·학명·서식지·분류체계를 활용한 관찰 질문과 퀴즈,5-7;8-10,해양생물종;명주가시그물바탕말;Spatoglossum;solieri;그물바탕말과;전남;신안(흑산);제주도,270000025184,Chromista,크로미스타계,Ochrophyta,대롱편모조식물문,Phaeophyceae,갈조강,Dictyotales,그물바탕말목,Dictyotaceae,그물바탕말과,"Spatoglossum solieri (Chauvin ex Montagne) Kützing, 1843",Spatoglossum solieri,명주가시그물바탕말,기타,,"식물체는 황갈색으로 짧은 줄기에서 두 갈래로 가지가 나오며 넓어진다. 가지의 정단 부분은 볼록하고 정단세포는 다른 가장자리 세포보다 조금 길다. 단면에서 피층세포와 수조직세포의 형태적인 구별이 없다. 엽록체는 피층세포에만 있고 cuacp의 표면에 모여 있다. 사분포자낭은 알 모양으로 가지의 양쪽 면에 생성되며, 피층세포 사이에 있어서 엽체의 vaus에 튀어나지 않는다.",조하대 암반에서 자란다.,,,,"전남 신안(흑산), 제주도","대서양섬(Canary Islands), 유럽, 아프리카, 중동아시아, 아시아(일본), 태평양",,,정명,"Spatoglossum solieri (Chauvin ex Montagne) Kützing, 1843"
국립해양생물자원관_해양생물종정보 서비스,https://www.data.go.kr/data/15094770/openapi.do,,marine_life_species,명주실잎모자반,크로미스타계; 대롱편모조식물문; 갈조강; 말목; 모자반과,,,,,명주실잎모자반은(는) 해양생물 캐릭터와 과학 동화 소재로 사용할 수 있다.,"해양생물의 생김새, 서식지, 분포를 반영한 과학 동화 소재",국명·학명·서식지·분류체계를 활용한 관찰 질문과 퀴즈,5-7;8-10,해양생물종;명주실잎모자반;Sargassum;microceratium;모자반과,270000024998,Chromista,크로미스타계,Ochrophyta,대롱편모조식물문,Phaeophyceae,갈조강,Fucales,말목,Sargassaceae,모자반과,"Sargassum microceratium (Mertens ex Turner) C.Agardh, 1820",Sargassum microceratium,명주실잎모자반,기타,,,,,,,,,,,정명,"Sargassum microceratium (Mertens ex Turner) C.Agardh, 1820"
국립해양생물자원관_해양생물종정보 서비스,https://www.data.go.kr/data/15094770/openapi.do,,marine_life_species,모자반,크로미스타계; 대롱편모조식물문; 갈조강; 말목; 모자반과,남해안 전 연안,남해안 전 연안,,,식물체는 암갈색이며 단추 모양의 뿌리에서 나온 줄기는 외가닥으로 길어지며 윗부분에서 가지를 낸다. 줄기는 길이로 고랑이 있어서 단면에서는 삼각형을 나타낸다. 잎은 얇고 주걱모양이며 가장자리에 거치가 있다. 기포는 갸름한 구슬 모양이며 끝에 가시모양의 잎을 가지나. 생식기가지는 옥수수모양이다. 조하대에 자란다.,"해양생물의 생김새, 서식지, 분포를 반영한 과학 동화 소재",국명·학명·서식지·분류체계를 활용한 관찰 질문과 퀴즈,5-7;8-10,해양생물종;모자반;Sargassum;fulvellum;모자반과;남해안;전;연안,270000024991,Chromista,크로미스타계,Ochrophyta,대롱편모조식물문,Phaeophyceae,갈조강,Fucales,말목,Sargassaceae,모자반과,"Sargassum fulvellum (Turner) C.Agardh, 1820",Sargassum fulvellum,모자반,기타,식물체는 암갈색이며 단추 모양의 뿌리에서 나온 줄기는 외가닥으로 길어지며 윗부분에서 가지를 낸다. 줄기는 길이로 고랑이 있어서 단면에서는 삼각형을 나타낸다. 잎은 얇고 주걱모양이며 가장자리에 거치가 있다. 기포는 갸름한 구슬 모양이며 끝에 가시모양의 잎을 가지나. 생식기가지는 옥수수모양이다. 조하대에 자란다.,식물체는 암갈색이며 단추모양의 뿌리에서 나온 외가닥으로 길어지며 윗부분에서 가지를 낸다. 줄기는 길이로 고랑이 있어서 단면에서는 삼각형을 나타낸다. 잎은 얇고 주걱 모양이며 가장자리에 거치가 있고 기포는 갸름한 구슬모양이며 끝에 가시모양의 잎을 가진다. 생식기가지는 옥수수모양이다.,모자반은 대표적인 식용종으로 조하대 상부에 주로 생육한다.,,,"항미생물, 항산화, 항암, 신경보호작용, 항응고, 항염증",남해안 전 연안,"중국, 일본, 필리핀, 파키스탄 등",,의약품,정명,"Sargassum fulvellum (Turner) C.Agardh, 1820"
국립해양생물자원관_해양생물종정보 서비스,https://www.data.go.kr/data/15094770/openapi.do,,marine_life_species,모자반사촌,크로미스타계; 대롱편모조식물문; 갈조강; 솜털목; 민가지말과,,,,,모자반사촌은(는) 해양생물 캐릭터와 과학 동화 소재로 사용할 수 있다.,"해양생물의 생김새, 서식지, 분포를 반영한 과학 동화 소재",국명·학명·서식지·분류체계를 활용한 관찰 질문과 퀴즈,5-7;8-10,해양생물종;모자반사촌;Myriactula;sargassi;민가지말과,270000023493,Chromista,크로미스타계,Ochrophyta,대롱편모조식물문,Phaeophyceae,갈조강,Ectocarpales,솜털목,Chordariaceae,민가지말과,"Myriactula sargassi (Yendo) Feldmann, 1945",Myriactula sargassi,모자반사촌,기타,,,,,,,,,,,정명,"Myriactula sargassi (Yendo) Feldmann, 1945"
국립해양생물자원관_해양생물종정보 서비스,https://www.data.go.kr/data/15094770/openapi.do,,marine_life_species,무어털비말,크로미스타계; 대롱편모조식물문; 갈조강; 털비말목; 털비말과,,,,,무어털비말은(는) 해양생물 캐릭터와 과학 동화 소재로 사용할 수 있다.,"해양생물의 생김새, 서식지, 분포를 반영한 과학 동화 소재",국명·학명·서식지·분류체계를 활용한 관찰 질문과 퀴즈,5-7;8-10,해양생물종;무어털비말;Sporochnus;moorei;털비말과,270000025272,Chromista,크로미스타계,Ochrophyta,대롱편모조식물문,Phaeophyceae,갈조강,Sporochnales,털비말목,Sporochnaceae,털비말과,"Sporochnus moorei Harvey, 1858",Sporochnus moorei,무어털비말,기타,,,,,,,,,,,정명,"Sporochnus moorei Harvey, 1858"
국립해양생물자원관_해양생물종정보 서비스,https://www.data.go.kr/data/15094770/openapi.do,,marine_life_species,물수염란,크로미스타계; 대롱편모조식물문; 갈조강; 솜털목; 민가지말과,,,,,물수염란은(는) 해양생물 캐릭터와 과학 동화 소재로 사용할 수 있다.,"해양생물의 생김새, 서식지, 분포를 반영한 과학 동화 소재",국명·학명·서식지·분류체계를 활용한 관찰 질문과 퀴즈,5-7;8-10,해양생물종;물수염란;Compsonema;sporangiiferum;민가지말과,270000021459,Chromista,크로미스타계,Ochrophyta,대롱편모조식물문,Phaeophyceae,갈조강,Ectocarpales,솜털목,Chordariaceae,민가지말과,"Compsonema sporangiiferum Setchell & N.L.Gardner, 1922",Compsonema sporangiiferum,물수염란,기타,,,,,,,,,,,정명,"Compsonema sporangiiferum Setchell & N.L.Gardner, 1922"
국립해양생물자원관_해양생물종정보 서비스,https://www.data.go.kr/data/15094770/openapi.do,,marine_life_species,물잔털,크로미스타계; 대롱편모조식물문; 갈조강; 갯쇠털목; 물잔털과,,,,,물잔털은(는) 해양생물 캐릭터와 과학 동화 소재로 사용할 수 있다.,"해양생물의 생김새, 서식지, 분포를 반영한 과학 동화 소재",국명·학명·서식지·분류체계를 활용한 관찰 질문과 퀴즈,5-7;8-10,해양생물종;물잔털;Halopteris;dura;물잔털과,270000022441,Chromista,크로미스타계,Ochrophyta,대롱편모조식물문,Phaeophyceae,갈조강,Sphacelariales,갯쇠털목,Stypocaulaceae,물잔털과,"Halopteris dura (Ruprecht) Perestenko, 1980",Halopteris dura,물잔털,기타,,,,,,,,,,,정명,"Halopteris dura (Ruprecht) Perestenko, 1980"
국립해양생물자원관_해양생물종정보 서비스,https://www.data.go.kr/data/15094770/openapi.do,,marine_life_species,미끈가지,크로미스타계; 대롱편모조식물문; 갈조강; 솜털목; 민가지말과,"남해, 동해","남해, 동해",,,"해산 갈조류로 엽체는 높이 30cm, 폭 0.5~1.0mm 크기로 생육되며 주로 쌍발이모자반에 부착 및 직립한다. 엽체의 모양은 단독 혹은 느슨하게 뭉쳐나고, 서로 엉킨 가늘고 긴 선상의 원통형으로 많은 가지를 내고, 흐늘거리며 매끄럽다. 위유조직성 체제로 단축의 중축 수층, 4~6세포층으로 된 피층 및 동화사로 구성되며, 기부의 작은 가근체 원반에 의해 부착한다. 생장은 단기적 정단분열 생장하며, 불규칙한 아-차상 내지 호생으로 가지를 모든 방향으로 내며, 주축 구분은 어렵다.","해양생물의 생김새, 서식지, 분포를 반영한 과학 동화 소재",국명·학명·서식지·분류체계를 활용한 관찰 질문과 퀴즈,5-7;8-10,해양생물종;미끈가지;Nemacystus;decipiens;민가지말과;남해;동해,270000023561,Chromista,크로미스타계,Ochrophyta,대롱편모조식물문,Phaeophyceae,갈조강,Ectocarpales,솜털목,Chordariaceae,민가지말과,"Nemacystus decipiens (Suringar) Kuckuck, 1929",Nemacystus decipiens,미끈가지,기타,,"해산 갈조류로 엽체는 높이 30cm, 폭 0.5~1.0mm 크기로 생육되며 주로 쌍발이모자반에 부착 및 직립한다. 엽체의 모양은 단독 혹은 느슨하게 뭉쳐나고, 서로 엉킨 가늘고 긴 선상의 원통형으로 많은 가지를 내고, 흐늘거리며 매끄럽다. 위유조직성 체제로 단축의 중축 수층, 4~6세포층으로 된 피층 및 동화사로 구성되며, 기부의 작은 가근체 원반에 의해 부착한다. 생장은 단기적 정단분열 생장하며, 불규칙한 아-차상 내지 호생으로 가지를 모든 방향으로 내며, 주축 구분은 어렵다.",6~8월에 생육한다. 이 종은 쿠루시오 난류 영향을 강하게 받는 외해섬에 분포하는 남방 계열 종으로 판단된다.,,,,"남해, 동해","중동(바레인, 쿠웨이트 등), 아시아(중국, 일본), 호주, 뉴질랜드 등",,,정명,"Nemacystus decipiens (Suringar) Kuckuck, 1929"
국립해양생물자원관_해양생물종정보 서비스,https://www.data.go.kr/data/15094770/openapi.do,,marine_life_species,미끈뼈대그물말,크로미스타계; 대롱편모조식물문; 갈조강; 그물바탕말목; 그물바탕말과,"거문도, 거제도, 광양만, 부산, 여수, 완도","거문도, 거제도, 광양만, 부산, 여수, 완도",,,"식물체는 연한 갈색으로 기부에서부터 두 갈래로 나눠지며 편평하다. 잎에는 중륵(잎맥)이 발달하며 특히 잎 아래 부위에서 두드러진다. 식물체의 폭은 10~25 mm, 길이는 5~15 cm로 자란다. 식물체 내부 조직에서는 네모꼴의 피층세포가 1층으로 발달하고 그 안에 큰 세포의 수층조직이 2층으로 발달한다. 암반에 착생하여 서식하며, 연중 출현한다.","해양생물의 생김새, 서식지, 분포를 반영한 과학 동화 소재",국명·학명·서식지·분류체계를 활용한 관찰 질문과 퀴즈,5-7;8-10,해양생물종;미끈뼈대그물말;Dictyopteris;divaricata;그물바탕말과;거문도;거제도;광양만;부산;여수;완도,270000021682,Chromista,크로미스타계,Ochrophyta,대롱편모조식물문,Phaeophyceae,갈조강,Dictyotales,그물바탕말목,Dictyotaceae,그물바탕말과,"Dictyopteris divaricata (Okamura) Okamura, 1932",Dictyopteris divaricata,미끈뼈대그물말,기타,"식물체는 연한 갈색으로 기부에서부터 두 갈래로 나눠지며 편평하다. 잎에는 중륵(잎맥)이 발달하며 특히 잎 아래 부위에서 두드러진다. 식물체의 폭은 10~25 mm, 길이는 5~15 cm로 자란다. 식물체 내부 조직에서는 네모꼴의 피층세포가 1층으로 발달하고 그 안에 큰 세포의 수층조직이 2층으로 발달한다. 암반에 착생하여 서식하며, 연중 출현한다.","▵ Type locality : Cape Iwai and Hakodate, Japan

생활사 유형은 동형세대교번을 하며, 포자체, 암수배우자체로 구성된다. 사분포자체는 단포자낭으로 구성된 포자낭이 피층세포로부터 발달하고, 배우체는 자웅이주이며, 난형의 암배우자낭과 수배우자낭으로 구성되며, 무성의 갈조사로 싸여있다. [1]
식물체는 연한 갈색으로 암반에 부착하고, 폭 10~25 mm, 길이 5~15 cm로 자란다. 엽체모양은 평편한 대상으로 동일평면상에서 수회 차상으로 분기하여 전체적으로 부채꼴이 되고, 중륵이 엽체 상부를 제외한 대부분의 부위에서 두드러지며, 가근성 부착기가 있다. 엽체 횡단면에서 네모꼴의 피층세포가 1층으로 발달하고 그 안에 큰 세포의 수층조직이 2층으로 발달한다. 포자낭은 식물체 양 표면에 산재하고, 갈조사는 엽체 표면에 흩어져 있다. 이 종은 체형이 부채꼴이고, 중륵이 뚜렷하게 발달하며, 생식기관이 중륵의 양쪽에 발달하므로 유사종과 구별된다. [3]",연중 출현하고 있으며 11월부터 다음 해 8월까지 주로 번무한다.,,,의약품으로 활용,"거문도, 거제도, 광양만, 부산, 여수, 완도","유럽, 남아메리카, 아프리카, 서남아시아, 동남아시아, 호주, 뉴질랜드",,의약품,정명,"Dictyopteris divaricata (Okamura) Okamura, 1932"
국립해양생물자원관_해양생물종정보 서비스,https://www.data.go.kr/data/15094770/openapi.do,,marine_life_species,미끌큰실말,크로미스타계; 대롱편모조식물문; 갈조강; 솜털목; 민가지말과,"남해안, 추자도","남해안, 추자도; 조간대 암반에 착생",,,"바다에 사는 갈조식물이다. 엽체는 갈색, 단독으로 직립하고, 원주상, 중심부는 중공이며, 점액질이 있어 미끈거린다. 길이는 10cm, 폭은 2-3mm, 원반상 부착기가 있다. 연기적 정모분열을 하고, 가지는 주축에서 1-4회 불규칙하게 또는 호생하며 수많은 가지를 내고, 구불거린다. 측지는 밀생하고, 짧고 유두상이다. 조간대 암반에 착생하여 살며, 연중 관찰된다. 남해안과 추자도에 생육하며, 세계적으로 일본에 분포한다.","해양생물의 생김새, 서식지, 분포를 반영한 과학 동화 소재",국명·학명·서식지·분류체계를 활용한 관찰 질문과 퀴즈,5-7;8-10,해양생물종;미끌큰실말;Cladosiphon;umezakii;민가지말과;조간대;암반에;착생;남해안;추자도,270000021295,Chromista,크로미스타계,Ochrophyta,대롱편모조식물문,Phaeophyceae,갈조강,Ectocarpales,솜털목,Chordariaceae,민가지말과,"Cladosiphon umezakii Ajisaka, 2007",Cladosiphon umezakii,미끌큰실말,기타,"바다에 사는 갈조식물이다. 엽체는 갈색, 단독으로 직립하고, 원주상, 중심부는 중공이며, 점액질이 있어 미끈거린다. 길이는 10cm, 폭은 2-3mm, 원반상 부착기가 있다. 연기적 정모분열을 하고, 가지는 주축에서 1-4회 불규칙하게 또는 호생하며 수많은 가지를 내고, 구불거린다. 측지는 밀생하고, 짧고 유두상이다. 조간대 암반에 착생하여 살며, 연중 관찰된다. 남해안과 추자도에 생육하며, 세계적으로 일본에 분포한다.","엽체는 갈색, 단독으로 직립하고, 원주상, 중심부는 중공이며, 점액질이 있어 미끈거리고, 길이는 10cm, 폭은 2-3mm, 원반상 부착기가 있으며, 연기적 정모분열을 하고, 가지는 주축에서 1-4회 불규칙하게 또는 호생하며 수많은 가지를 내고, 구불거린다. 측지는 밀생하고, 짧고 유두상이다.",전 계절에 생육,,,,"남해안, 추자도",일본,조간대 암반에 착생,"식용, 화장품 원료",정명,"Cladosiphon umezakii Ajisaka, 2007"
국립해양생물자원관_해양생물종정보 서비스,https://www.data.go.kr/data/15094770/openapi.do,,marine_life_species,미역,크로미스타계; 대롱편모조식물문; 갈조강; 다시마목; 나래미역과,"외연도, 만리포, 백령도","외연도, 만리포, 백령도; 조하대 암반",,,"바다에 사는 갈조식물이다. 엽체는 한 장으로 편평하며, 전체 모양이 난원형, 타원형이고, 길이 1.5m이다. 줄기는 편원이고, 상부가 엽상부의 중륵으로 되고, 엽신은 좌우에 우상 열편으로 갈라진다. 엽신 면에는 육안으로 소흑점으로 보이는 모총이 있다. 줄기 양측에는 주름 모양으로 생긴 포자엽이 형성된다. 부착기는 차상분지하는 흡착기로 되어 있다. 조하대 암반에 부착하여 자라며, 주로 겨울철에 생육한다. 우리나라 전 연안에 자라며, 전 세계 온대성 해역에 분포한다.","해양생물의 생김새, 서식지, 분포를 반영한 과학 동화 소재",국명·학명·서식지·분류체계를 활용한 관찰 질문과 퀴즈,5-7;8-10,해양생물종;미역;Undaria;pinnatifida;나래미역과;조하대;암반;외연도;만리포;백령도,270000025798,Chromista,크로미스타계,Ochrophyta,대롱편모조식물문,Phaeophyceae,갈조강,Laminariales,다시마목,Alariaceae,나래미역과,"Undaria pinnatifida (Harvey) Suringar, 1873",Undaria pinnatifida,미역,기타,"바다에 사는 갈조식물이다. 엽체는 한 장으로 편평하며, 전체 모양이 난원형, 타원형이고, 길이 1.5m이다. 줄기는 편원이고, 상부가 엽상부의 중륵으로 되고, 엽신은 좌우에 우상 열편으로 갈라진다. 엽신 면에는 육안으로 소흑점으로 보이는 모총이 있다. 줄기 양측에는 주름 모양으로 생긴 포자엽이 형성된다. 부착기는 차상분지하는 흡착기로 되어 있다. 조하대 암반에 부착하여 자라며, 주로 겨울철에 생육한다. 우리나라 전 연안에 자라며, 전 세계 온대성 해역에 분포한다.","식물체는 갈색이며 나무 뿌리 형태의 부착기로 암반에 착생한다. 줄기 양쪽에 미역귀라 불리우는 포자엽이 발달하고, 줄기는 납작하며 깃털 모양 열편을 가진다. 주로 1~2m까지 자라며 대표적인 식용 갈조류이다. 포자엽은 기부 근처에서부터 줄기 양쪽으로 주름진 형태로 겹쳐져 형성되며, 포자엽 피층 위에 조밀하게 긴 곤봉형의 모자낭군이 형성된다.(Lee, 2008 편집 인용)",나무뿌리 형태의 부착기로 암반에 착생한다.,,,"항바이러스, 항박테리아, 항비만, 항산화, 항알츠하이머병, 항암, 항염증, 항응고","외연도, 만리포, 백령도","유럽(프랑스, 영국) 호주, 뉴질랜드, 일본, 중국, 대한민국 온대성 해역",조하대 암반,"식품, 의약품, 산업용",정명,"Undaria pinnatifida (Harvey) Suringar, 1873"
국립해양생물자원관_해양생물종정보 서비스,https://www.data.go.kr/data/15094770/openapi.do,,marine_life_species,미역쇠,크로미스타계; 대롱편모조식물문; 갈조강; 솜털목; 고리매과,"동, 남해안, 제주도","동, 남해안, 제주도",,,"식물체는 갈색의 편평한 댓잎 모양으로 가운데가 넓고 양끝으로 갈수록 좁아지는 형태이다. 전체적으로 구불거리는 외가닥이며 가장자리는 매끈하다. 작은 반상근에서 여러 가닥이 모여난다. 식물체의 길이는 최대 25 cm까지, 폭은 2~3 cm로 생장한다. 겨울부터 늦봄까지 출현한다. 조간대의 바위 위에서 생육한다.","해양생물의 생김새, 서식지, 분포를 반영한 과학 동화 소재",국명·학명·서식지·분류체계를 활용한 관찰 질문과 퀴즈,5-7;8-10,해양생물종;미역쇠;Petalonia;binghamiae;고리매과;동;남해안;제주도,270000024078,Chromista,크로미스타계,Ochrophyta,대롱편모조식물문,Phaeophyceae,갈조강,Ectocarpales,솜털목,Scytosiphonaceae,고리매과,"Petalonia binghamiae (J.Agardh) K.L.Vinogradova, 1973",Petalonia binghamiae,미역쇠,기타,"식물체는 갈색의 편평한 댓잎 모양으로 가운데가 넓고 양끝으로 갈수록 좁아지는 형태이다. 전체적으로 구불거리는 외가닥이며 가장자리는 매끈하다. 작은 반상근에서 여러 가닥이 모여난다. 식물체의 길이는 최대 25 cm까지, 폭은 2~3 cm로 생장한다. 겨울부터 늦봄까지 출현한다. 조간대의 바위 위에서 생육한다.","엽체는 겨울에 조간대에서 군락을 형성하며 어릴 때 황갈색이고 노성하면 암갈색이다. 체장은 25cm이고 폭은 2~3cm이며 하부는 쐐기꼴 형태이며 작은 반상근에서 모여서 나고 단조의 편평한 죽염상이다. 자낭군은 처음에 엽면에 나타나고 후에는 전면에 퍼진다.
(Choi et al., 2016 편집 인용)",,,,,"동, 남해안, 제주도","대서양, 북아메리카, 서대서양, 남아메리카, 아프리카, 아시아, 호주, 뉴질랜드, 태평양, 중앙아메리카",,,정명,"Petalonia binghamiae (J.Agardh) K.L.Vinogradova, 1973"
국립해양생물자원관_해양생물종정보 서비스,https://www.data.go.kr/data/15094770/openapi.do,,marine_life_species,미역실,크로미스타계; 대롱편모조식물문; 갈조강; 솜털목; 고리매과,동해안,동해안,,,"식물체는 황갈색이고 곧게 자라며, 속은 비었지만 단단하며, 마디가 없이 꼬이거나 편평하다. 갈조털은 큰 식물체에서는 흔하나 작은 식물체에서는 드물게 관찰된다. 식물체의 길이는 18~29 cm이고, 폭은 0.5 cm이다. 겨울부터 봄까지 출현한다. 조간대의 파도가 강하게 치는 바위에 자란다.","해양생물의 생김새, 서식지, 분포를 반영한 과학 동화 소재",국명·학명·서식지·분류체계를 활용한 관찰 질문과 퀴즈,5-7;8-10,해양생물종;미역실;Planosiphon;zosterifolius;고리매과;동해안,270000024258,Chromista,크로미스타계,Ochrophyta,대롱편모조식물문,Phaeophyceae,갈조강,Ectocarpales,솜털목,Scytosiphonaceae,고리매과,"Planosiphon zosterifolius (Reinke) McDevit & G.W.Saunders, 2017",Planosiphon zosterifolius,미역실,기타,"식물체는 황갈색이고 곧게 자라며, 속은 비었지만 단단하며, 마디가 없이 꼬이거나 편평하다. 갈조털은 큰 식물체에서는 흔하나 작은 식물체에서는 드물게 관찰된다. 식물체의 길이는 18~29 cm이고, 폭은 0.5 cm이다. 겨울부터 봄까지 출현한다. 조간대의 파도가 강하게 치는 바위에 자란다.",,,,,,동해안,"유럽, 대서양, 북아메리카, 서대서양, 서남아시아, 아시아",,,정명,"Planosiphon zosterifolius (Reinke) McDevit & G.W.Saunders, 2017"
국립해양생물자원관_해양생물종정보 서비스,https://www.data.go.kr/data/15094770/openapi.do,,marine_life_species,미첼좀솜털,크로미스타계; 대롱편모조식물문; 갈조강; 솜털목; 솜말과,우리나라 전 연안,우리나라 전 연안,,,"식물체는 연한 갈색을 띠고, 빽빽하게 뭉쳐나 곧게 자라며, 윗부분에서는 다소 한쪽 면으로 치우치는 많은 가지를 내며, 0.5~6.0 cm 높이로 자란다. 가지는 규칙적인 간격으로 2~3개씩 모여 난다. 세포는 원통형으로, 다수의 원반형 갈색체를 가진다. 다실포자낭은 둥근 원통 모양이며, 가지의 상부 한쪽 면에서 2~5개씩 연속적으로 난다. 단실포자낭은 자루세포 없이 형성되고, 계란형 내지 타원형이며, 폭 15~20 ㎛, 길이 40~45 ㎛ 크기이다. 암반이나 다른 해조류에 부착하여 서식한다. 연중 출현하지만 주로 겨울~봄철에 무성히 자란다 (2~6월).","해양생물의 생김새, 서식지, 분포를 반영한 과학 동화 소재",국명·학명·서식지·분류체계를 활용한 관찰 질문과 퀴즈,5-7;8-10,해양생물종;미첼좀솜털;Feldmannia;mitchelliae;솜말과;우리나라;전;연안,270000022049,Chromista,크로미스타계,Ochrophyta,대롱편모조식물문,Phaeophyceae,갈조강,Ectocarpales,솜털목,Acinetosporaceae,솜말과,"Feldmannia mitchelliae (Harvey) H.-S.Kim, 2010",Feldmannia mitchelliae,미첼좀솜털,기타,"식물체는 연한 갈색을 띠고, 빽빽하게 뭉쳐나 곧게 자라며, 윗부분에서는 다소 한쪽 면으로 치우치는 많은 가지를 내며, 0.5~6.0 cm 높이로 자란다. 가지는 규칙적인 간격으로 2~3개씩 모여 난다. 세포는 원통형으로, 다수의 원반형 갈색체를 가진다. 다실포자낭은 둥근 원통 모양이며, 가지의 상부 한쪽 면에서 2~5개씩 연속적으로 난다. 단실포자낭은 자루세포 없이 형성되고, 계란형 내지 타원형이며, 폭 15~20 ㎛, 길이 40~45 ㎛ 크기이다. 암반이나 다른 해조류에 부착하여 서식한다. 연중 출현하지만 주로 겨울~봄철에 무성히 자란다 (2~6월).","엽체는 빽빽하게 뭉쳐나며, 직립하고, 위에서는 다소 한쪽 면으로 치우치는 많은 가지를 내며, 연한 갈색을 띠고 0.5~6.0 cm 높이로 자라며,  주축을 따라 여기저기 흩어져 있는 분열대에 의해 생장하며, 분열대는 주로 가지를 내는 부위 바로 위쪽에 위치하고, 기부 부위에서 가근을 내어 부착한다. 측지는 무한생장하고, 다소 규칙적인 간격으로 2~3개씩 모여 나는 특징이 강하며, 측지와 측지 사이 주축 세포열에 분열대가 위치한다. 소지는 등면에 나며, 주축 쪽으로 휘어지고, 보통 끝은 가늘어져 투명하고 긴 위갈조털로 변한다. 세포는 원통형으로, 다수의 원반형 갈색체를 가지며, 격벽 부위가 약간 만곡되고, 폭 20~40 ㎛, 폭에 대한 길이 비율은 1~3배이다. 복실낭은 자루세포 없이 형성되고, 측지의 상부 쪽에 밀생하며, 흔히 가지나 소지의 한쪽 면 혹은 등면에 2~5개씩 연속적으로 나고, 각진 부위가 둥근 직선형 원통형으로, 폭 30~45 ㎛, 길이 40~140 ㎛ 크기이다. 단실낭은 자루세포 없이 형성되고, 난형 내지 타원형이며, 폭 15~20 ㎛, 길이 40~45 ㎛ 크기이다.",암반이나 다른 해조류에 부착 생육한다. 연중 출현하지만 주로 겨울~봄철에 번무한다(2~6월),,,,우리나라 전 연안,전 세계 온대 및 아한대 연안 지역,,,정명,"Feldmannia mitchelliae (Harvey) H.-S.Kim, 2010"
국립해양생물자원관_해양생물종정보 서비스,https://www.data.go.kr/data/15094770/openapi.do,,marine_life_species,민가지말,크로미스타계; 대롱편모조식물문; 갈조강; 솜털목; 민가지말과,"동해안, 서해안, 남해안","동해안, 서해안, 남해안",,,"식물체는 갈색이고 끈처럼 긴 가지를 내며 미끌미끌하고 끈적한 감촉이 있다. 엽상체는 아래에서 위로 갈수록 가늘어지는 특징이 있다. 체장은 30~40cm이고, 폭은 1.5mm로 생장하고, 봄부터 초여름까지 출현한다. 조간대 하부와 조하대의 암반 위에 생육한다. 우리나라의 동해안, 남해안 및 제주도 연안에 분포한다.","해양생물의 생김새, 서식지, 분포를 반영한 과학 동화 소재",국명·학명·서식지·분류체계를 활용한 관찰 질문과 퀴즈,5-7;8-10,해양생물종;민가지말;Chordaria;flagelliformis;민가지말과;동해안;서해안;남해안,270000021223,Chromista,크로미스타계,Ochrophyta,대롱편모조식물문,Phaeophyceae,갈조강,Ectocarpales,솜털목,Chordariaceae,민가지말과,"Chordaria flagelliformis (O.F.Müller) C.Agardh, 1817",Chordaria flagelliformis,민가지말,기타,"식물체는 갈색이고 끈처럼 긴 가지를 내며 미끌미끌하고 끈적한 감촉이 있다. 엽상체는 아래에서 위로 갈수록 가늘어지는 특징이 있다. 체장은 30~40cm이고, 폭은 1.5mm로 생장하고, 봄부터 초여름까지 출현한다. 조간대 하부와 조하대의 암반 위에 생육한다. 우리나라의 동해안, 남해안 및 제주도 연안에 분포한다.",,,,,,"동해안, 서해안, 남해안","북극, 아틀란틱, 유럽, 북아메리카, 아시아",,,정명,"Chordaria flagelliformis (O.F.Müller) C.Agardh, 1817"
국립해양생물자원관_해양생물종정보 서비스,https://www.data.go.kr/data/15094770/openapi.do,,marine_life_species,민좀솜털,크로미스타계; 대롱편모조식물문; 갈조강; 솜털목; 솜말과,"서해안, 남해안, 제주도, 울릉도, 독도","서해안, 남해안, 제주도, 울릉도, 독도",,,"엽체는 밀생하여 모여나고, 직립하며, 드물게 분지하고, 연갈색을 띠며, 2~5mm높이로 작고, 주로 청각류에 착생하여 자라며다. 생장은 어린개체의 경우 가근 바로 위에 위치하는 하나의 분열대에 의해 이루어지며, 이들 분열대는 엽체가 생장하면서 중부로 점차 이동한다. 측지는 없거나 혹은 2, 3개가 가근과 분열대 사이에 형성되기도 한다. 세포는 원통형으로, 다수의 원반형 갈색체를 가지고 있다. 성숙하면 폭 18~21um 크기이고, 폭에 대한 길이의 비율은 2.5~3.0배이다. 복실낭은 주로 자루세포 없이 분열대 아래에서 2~3개씩 연속으로 형성된다.","해양생물의 생김새, 서식지, 분포를 반영한 과학 동화 소재",국명·학명·서식지·분류체계를 활용한 관찰 질문과 퀴즈,5-7;8-10,해양생물종;민좀솜털;Feldmannia;irregularis;솜말과;서해안;남해안;제주도;울릉도;독도,270000022047,Chromista,크로미스타계,Ochrophyta,대롱편모조식물문,Phaeophyceae,갈조강,Ectocarpales,솜털목,Acinetosporaceae,솜말과,"Feldmannia irregularis (Kützing) Hamel, 1939",Feldmannia irregularis,민좀솜털,기타,"엽체는 밀생하여 모여나고, 직립하며, 드물게 분지하고, 연갈색을 띠며, 2~5mm높이로 작고, 주로 청각류에 착생하여 자라며다. 생장은 어린개체의 경우 가근 바로 위에 위치하는 하나의 분열대에 의해 이루어지며, 이들 분열대는 엽체가 생장하면서 중부로 점차 이동한다. 측지는 없거나 혹은 2, 3개가 가근과 분열대 사이에 형성되기도 한다. 세포는 원통형으로, 다수의 원반형 갈색체를 가지고 있다. 성숙하면 폭 18~21um 크기이고, 폭에 대한 길이의 비율은 2.5~3.0배이다. 복실낭은 주로 자루세포 없이 분열대 아래에서 2~3개씩 연속으로 형성된다.",,,,,,"서해안, 남해안, 제주도, 울릉도, 독도","유럽, 남아메리카, 중동, 아프리카, 태평양 섬들, 인도양,",,,정명,"Feldmannia irregularis (Kützing) Hamel, 1939"
국립해양생물자원관_해양생물종정보 서비스,https://www.data.go.kr/data/15094770/openapi.do,,marine_life_species,바늘점말,크로미스타계; 대롱편모조식물문; 갈조강; 솜털목; 민가지말과,동해안,동해안,,,"Dictyopteris pacifica에 붙어 자라며, 엽체는 작은 소지를 가지는 filaments들로 스펀지같은 공모양을 형성한다.
직립지의 세포들은 폭보다 1~5배 길고 세포의 지름이 3~8um이다. 갈색체는 세포당 하나 또는 두개있고, Phaeophycean hairs는 빈번하지 않다.
복실낭은 옆 또는 주로 끝부분이며, 폭이 3~8um 크기이다.","해양생물의 생김새, 서식지, 분포를 반영한 과학 동화 소재",국명·학명·서식지·분류체계를 활용한 관찰 질문과 퀴즈,5-7;8-10,해양생물종;바늘점말;Microspongium;stilophorae;민가지말과;동해안,270000019667,Chromista,크로미스타계,Ochrophyta,대롱편모조식물문,Phaeophyceae,갈조강,Ectocarpales,솜털목,Chordariaceae,민가지말과,"Microspongium stilophorae (P.Crouan & H.Crouan) Cormaci & G.Furnari, 2012",Microspongium stilophorae,바늘점말,기타,"Dictyopteris pacifica에 붙어 자라며, 엽체는 작은 소지를 가지는 filaments들로 스펀지같은 공모양을 형성한다.
직립지의 세포들은 폭보다 1~5배 길고 세포의 지름이 3~8um이다. 갈색체는 세포당 하나 또는 두개있고, Phaeophycean hairs는 빈번하지 않다.
복실낭은 옆 또는 주로 끝부분이며, 폭이 3~8um 크기이다.",,,,,,동해안,"유럽, 캐나다, 뉴질랜드, 중동",,,정명,"Microspongium stilophorae (P.Crouan & H.Crouan) Cormaci & G.Furnari, 2012"
국립해양생물자원관_해양생물종정보 서비스,https://www.data.go.kr/data/15094770/openapi.do,,marine_life_species,바다깃꼴,크로미스타계; 대롱편모조식물문; 갈조강; 갯쇠털목; 물잔털과,"동, 남해안 및 제주도","동, 남해안 및 제주도",,,식물체는 연한 갈색의 가느다랗고 조금 억센 실 모양이며 가지를 많이 내고 다발을 이루어 바위에 자란다. 줄기에서 긴 가시같은 가지를 어긋나기로 내고 작은 가지도 모두 어긋나기로 한 평면에 난다. 엽록체는 단추모양이고 세포 안에 많이 들어있다. 단실포자낭은 작은가지에 난다. 조하대에 자라며 주로 포자낭과 배우자낭을 갖는 개체들은 이른봄에 출현한다.,"해양생물의 생김새, 서식지, 분포를 반영한 과학 동화 소재",국명·학명·서식지·분류체계를 활용한 관찰 질문과 퀴즈,5-7;8-10,해양생물종;바다깃꼴;Halopteris;filicina;물잔털과;동;남해안;및;제주도,270000022442,Chromista,크로미스타계,Ochrophyta,대롱편모조식물문,Phaeophyceae,갈조강,Sphacelariales,갯쇠털목,Stypocaulaceae,물잔털과,"Halopteris filicina (Grateloup) Kützing, 1843",Halopteris filicina,바다깃꼴,기타,식물체는 연한 갈색의 가느다랗고 조금 억센 실 모양이며 가지를 많이 내고 다발을 이루어 바위에 자란다. 줄기에서 긴 가시같은 가지를 어긋나기로 내고 작은 가지도 모두 어긋나기로 한 평면에 난다. 엽록체는 단추모양이고 세포 안에 많이 들어있다. 단실포자낭은 작은가지에 난다. 조하대에 자라며 주로 포자낭과 배우자낭을 갖는 개체들은 이른봄에 출현한다.,"엽체는 밀집하여 생장하고 다른 해조류에 착생하거나 암반에 붙으며 체장은 3~10cm이다. 정단생장을 하고 기부는 원반형이거나 하부로부터 자란 포복성 가근이 있다. 직립지는 원주형으로 단단하고 여러 개가 자라며 가지는 대생, 우상 혹은 호생으로 분지한다.(Choi et al., 2016 편집 인용)",,,,,"동, 남해안 및 제주도","지중해, 인도양, 대서양, 북태평양",,,정명,"Halopteris filicina (Grateloup) Kützing, 1843"
국립해양생물자원관_해양생물종정보 서비스,https://www.data.go.kr/data/15094770/openapi.do,,marine_life_species,바다오디,크로미스타계; 대롱편모조식물문; 갈조강; 솜털목; 민가지말과,남해안,남해안,,,"엽체는 타래 모양으로 뭉쳐나며, 직립하고, 많은 가지를 내며, 가지 끝에 진갈조털을 내며, 분산분열 생장하고, 연갈색을 띠며, 3~4cm높이로 자라고, 주로 암반이나 드물게 다른 해조류 위에 생육한다. 측지는 무한생장하며, 주축으로부터 호생 혹은 아차상 분지하며, 배면쪽으로 휘고, 2~3차 분지 및 소지도 호생하고, 끝으로 갈수옥 점점 가늘어지나 투명한 위갈조털로 변하지는 않는다. 말단 소지는 짧고, 불규칙하게 나거나 혹은 호생하며, 끝에 진갈조털이 형성된다. 진갈조털은 흔하고 길며, 투명하고, 가지나 소지의 끝에 주로 형성되며, 끝으로 갈수록 점점 가늘어져, 폭 8~13um, 폭에 대한 길이 비율이 6~18배에 이른다. 세포는 원통형으로 다수의 갈색체를 지닌다. 복실낭은 크고, 각각의 작은 원추형 내지 난형의 인접 소포자낭이 모여 불규칙한 구형의 오디 모양으로 말단 소지의 끝에 형성되며, 직경 70~80um크기이다.","해양생물의 생김새, 서식지, 분포를 반영한 과학 동화 소재",국명·학명·서식지·분류체계를 활용한 관찰 질문과 퀴즈,5-7;8-10,해양생물종;바다오디;Botrytella;micromora;민가지말과;남해안,270000020840,Chromista,크로미스타계,Ochrophyta,대롱편모조식물문,Phaeophyceae,갈조강,Ectocarpales,솜털목,Chordariaceae,민가지말과,"Botrytella micromora Bory, 1822",Botrytella micromora,바다오디,기타,"엽체는 타래 모양으로 뭉쳐나며, 직립하고, 많은 가지를 내며, 가지 끝에 진갈조털을 내며, 분산분열 생장하고, 연갈색을 띠며, 3~4cm높이로 자라고, 주로 암반이나 드물게 다른 해조류 위에 생육한다. 측지는 무한생장하며, 주축으로부터 호생 혹은 아차상 분지하며, 배면쪽으로 휘고, 2~3차 분지 및 소지도 호생하고, 끝으로 갈수옥 점점 가늘어지나 투명한 위갈조털로 변하지는 않는다. 말단 소지는 짧고, 불규칙하게 나거나 혹은 호생하며, 끝에 진갈조털이 형성된다. 진갈조털은 흔하고 길며, 투명하고, 가지나 소지의 끝에 주로 형성되며, 끝으로 갈수록 점점 가늘어져, 폭 8~13um, 폭에 대한 길이 비율이 6~18배에 이른다. 세포는 원통형으로 다수의 갈색체를 지닌다. 복실낭은 크고, 각각의 작은 원추형 내지 난형의 인접 소포자낭이 모여 불규칙한 구형의 오디 모양으로 말단 소지의 끝에 형성되며, 직경 70~80um크기이다.",,,,,,남해안,"북극, 유럽, 북아메리카, 중동, 서아틀란틱, 아시아, 오스트랄리아",,,정명,"Botrytella micromora Bory, 1822"
국립해양생물자원관_해양생물종정보 서비스,https://www.data.go.kr/data/15094770/openapi.do,,marine_life_species,바빙톤뜸부기,크로미스타계; 대롱편모조식물문; 갈조강; 말목; 말과,,,,,바빙톤뜸부기은(는) 해양생물 캐릭터와 과학 동화 소재로 사용할 수 있다.,"해양생물의 생김새, 서식지, 분포를 반영한 과학 동화 소재",국명·학명·서식지·분류체계를 활용한 관찰 질문과 퀴즈,5-7;8-10,해양생물종;바빙톤뜸부기;Silvetia;babingtonii;말과,270000025140,Chromista,크로미스타계,Ochrophyta,대롱편모조식물문,Phaeophyceae,갈조강,Fucales,말목,Fucaceae,말과,"Silvetia babingtonii (Harvey) E.A.Serrão, T.O.Cho, S.M.Boo & Brawley, 1999",Silvetia babingtonii,바빙톤뜸부기,기타,,,,,,,,,,,정명,"Silvetia babingtonii (Harvey) E.A.Serrão, T.O.Cho, S.M.Boo & Brawley, 1999"
국립해양생물자원관_해양생물종정보 서비스,https://www.data.go.kr/data/15094770/openapi.do,,marine_life_species,바위두둑,크로미스타계; 대롱편모조식물문; 갈조강; 솜털목; 민가지말과,우리나라 전 연안,우리나라 전 연안,,,식물체는 황갈색의 거품 모양으로 점액질체를 이루며 촉감이 부드럽다. 식물체의 크기는 3~5 cm이다. 수조직은 갸름한 풍선 모양의 투명한 세포로 되어 있으며 수조직의 안쪽에는 세포가 크고 옆 세포와 붙었으며 바깥쪽으로 갈수록 세포가 가늘어지고 옆 세포와 붙지 않는다. 다실포자낭은 짧은 막대모양이며 포자낭은 한 줄이다. 봄부터 초여름까지 출현한다. 조간대 중부 부근의 바위 위에서 생육하거나 다른 해조류인 유절산호말류 혹은 모자반류에 부착한다.,"해양생물의 생김새, 서식지, 분포를 반영한 과학 동화 소재",국명·학명·서식지·분류체계를 활용한 관찰 질문과 퀴즈,5-7;8-10,해양생물종;바위두둑;Leathesia;marina;민가지말과;우리나라;전;연안,270000022831,Chromista,크로미스타계,Ochrophyta,대롱편모조식물문,Phaeophyceae,갈조강,Ectocarpales,솜털목,Chordariaceae,민가지말과,"Leathesia marina (Lyngbye) Decaisne, 1842",Leathesia marina,바위두둑,기타,식물체는 황갈색의 거품 모양으로 점액질체를 이루며 촉감이 부드럽다. 식물체의 크기는 3~5 cm이다. 수조직은 갸름한 풍선 모양의 투명한 세포로 되어 있으며 수조직의 안쪽에는 세포가 크고 옆 세포와 붙었으며 바깥쪽으로 갈수록 세포가 가늘어지고 옆 세포와 붙지 않는다. 다실포자낭은 짧은 막대모양이며 포자낭은 한 줄이다. 봄부터 초여름까지 출현한다. 조간대 중부 부근의 바위 위에서 생육하거나 다른 해조류인 유절산호말류 혹은 모자반류에 부착한다.,물체는 녹갈색으로 구형 또는 반구형으로 덩어리를 이룬다. 엽상체는 점액질체로 촉감이 부드럽고 폭신거린다. 크기는 3~5 cm이다.,"주로 바위나 유절산호조류 또는 모자반류에 부착하여 생육한다. 조간대 중부나 하부에서 관찰되며, 봄부터 초여름까지 번무한다.",,,항바이러스,우리나라 전 연안,전 세계,,의약품,정명,"Leathesia marina (Lyngbye) Decaisne, 1842"
국립해양생물자원관_해양생물종정보 서비스,https://www.data.go.kr/data/15094770/openapi.do,,marine_life_species,바위수염,크로미스타계; 대롱편모조식물문; 갈조강; 솜털목; 고리매과,전해역,전해역,,,"식물체는 갈색 또는 흑갈색의 바늘 모양으로 외가닥이며 여러개가 모여나 다발을 이룬다. 줄기는 매끈하고 속은 비어있다. 식물체의 길이는 10~20 cm이고 폭은 1~2 mm로 생장한다. 피층은 가늘고 긴 세포가 길이로 배열하고 가장 바깥 부분은 작고 갸름한 구슬모양의 세포로 되어 있으며, 수조직은 막대모양이며 가장 안쪽에는 둥그런 수조직 세포가 부서져 빈 공간으로 된다. 단실포자낭은 짧은 주걱모양이며 길고 외가닥인 측사 속에 묻혀 있다. 겨울부터 늦봄까지 출현한다. 조간대 상부의 암반에 생육한다.","해양생물의 생김새, 서식지, 분포를 반영한 과학 동화 소재",국명·학명·서식지·분류체계를 활용한 관찰 질문과 퀴즈,5-7;8-10,해양생물종;바위수염;Myelophycus;simplex;고리매과;전해역,270000023490,Chromista,크로미스타계,Ochrophyta,대롱편모조식물문,Phaeophyceae,갈조강,Ectocarpales,솜털목,Scytosiphonaceae,고리매과,"Myelophycus simplex (Harvey) Papenfuss, 1967",Myelophycus simplex,바위수염,기타,"식물체는 갈색 또는 흑갈색의 바늘 모양으로 외가닥이며 여러개가 모여나 다발을 이룬다. 줄기는 매끈하고 속은 비어있다. 식물체의 길이는 10~20 cm이고 폭은 1~2 mm로 생장한다. 피층은 가늘고 긴 세포가 길이로 배열하고 가장 바깥 부분은 작고 갸름한 구슬모양의 세포로 되어 있으며, 수조직은 막대모양이며 가장 안쪽에는 둥그런 수조직 세포가 부서져 빈 공간으로 된다. 단실포자낭은 짧은 주걱모양이며 길고 외가닥인 측사 속에 묻혀 있다. 겨울부터 늦봄까지 출현한다. 조간대 상부의 암반에 생육한다.","식물체는 짙은 갈색이며 점상의 부착기에서 다수의 직립지가 모여 난다. 바위에 착생하는 모습이 수염과 비슷하여 바위수염이라는 이름이 붙여졌다. 길이는 10~20 cm이고, 너비는 1 mm의 사상형이나 간혹 비틀어지기도 한다. 어린 개체는 실질이나 성체가 되면 중공을 가진다.",겨울부터 늦봄까지 조간대 상부의 암반에 출현한다.,,,지방생성 억제,전해역,"아일랜드,유럽,대서양,북아메리카,중앙아메리카,카르브해,남아메리카,아프리카,인도양,서남아시아,아시아,동남아시아,호주,뉴질랜드,태평양,남극",,"산업소재, 약용",정명,"Myelophycus simplex (Harvey) Papenfuss, 1967"
국립해양생물자원관_해양생물종정보 서비스,https://www.data.go.kr/data/15094770/openapi.do,,marine_life_species,바위주름,크로미스타계; 대롱편모조식물문; 갈조강; 솜털목; 바위주름과,남해안 및 제주 연안,남해안 및 제주 연안,,,식물체는 원형으로 암갈색 또는 밤색을 띠고 표면이 매우 주름져있다. 식물체의 크기는 10 cm 이상 되며 두께는 0.5~1.5 mm이다. 식물체의 두께는 중심부에서 가장자리로 갈수록 얇아진다. 식물체들이 성장하면서 다수의 개체가 서로 접근하여 뭉쳐 자란다. 조간대 암반에 생육한다.,"해양생물의 생김새, 서식지, 분포를 반영한 과학 동화 소재",국명·학명·서식지·분류체계를 활용한 관찰 질문과 퀴즈,5-7;8-10,해양생물종;바위주름;Petrospongium;rugosum;바위주름과;남해안;및;제주;연안,270000024092,Chromista,크로미스타계,Ochrophyta,대롱편모조식물문,Phaeophyceae,갈조강,Ectocarpales,솜털목,Petrospongiaceae,바위주름과,"Petrospongium rugosum (Okamura) Setchell & N.L.Gardner, 1924",Petrospongium rugosum,바위주름,기타,식물체는 원형으로 암갈색 또는 밤색을 띠고 표면이 매우 주름져있다. 식물체의 크기는 10 cm 이상 되며 두께는 0.5~1.5 mm이다. 식물체의 두께는 중심부에서 가장자리로 갈수록 얇아진다. 식물체들이 성장하면서 다수의 개체가 서로 접근하여 뭉쳐 자란다. 조간대 암반에 생육한다.,"엽체는 암갈색 또는 밤색이고 건조하면 흑색으로 변한다. 개체가 단독일 때는 다소 원형인 가죽질의 각상이고 직경이 1~2cm 또는 10cm이며, 여러 개체가 뭉쳐 자라기도 한다. 두께는 0.5~1.5mm이며 어린 개체는 이면에서 많은 모상근을 형성하여 암석에 착생한다. 봄부터 가을까지 주로 관찰된다.(Choi et al., 2016 편집 인용)",봄부터 가을까지 조간대 암반에서 주로 나타난다.,,,"항염, 항산화, 항암, 항바이러스, 미백, 주름개선 등에 약한 효능, 항당뇨",남해안 및 제주 연안,"캐나다, 미국, 중국, 러시아, 멕시코, 일본, 뉴질랜드",,,정명,"Petrospongium rugosum (Okamura) Setchell & N.L.Gardner, 1924"
국립해양생물자원관_해양생물종정보 서비스,https://www.data.go.kr/data/15094770/openapi.do,,marine_life_species,반주름말,크로미스타계; 대롱편모조식물문; 갈조강; 그물바탕말목; 그물바탕말과,,,,,식물체는 갈색으로 짧은 줄기를 가지며 부채모양으로 서로 겹치면서 모여난다. 줄기의 아랫부분에는 털 모양의 부착기가 많이 나 있다.,"해양생물의 생김새, 서식지, 분포를 반영한 과학 동화 소재",국명·학명·서식지·분류체계를 활용한 관찰 질문과 퀴즈,5-7;8-10,해양생물종;반주름말;Zonaria;diesingiana;그물바탕말과,270000026010,Chromista,크로미스타계,Ochrophyta,대롱편모조식물문,Phaeophyceae,갈조강,Dictyotales,그물바탕말목,Dictyotaceae,그물바탕말과,"Zonaria diesingiana J.Agardh, 1841",Zonaria diesingiana,반주름말,기타,,식물체는 갈색으로 짧은 줄기를 가지며 부채모양으로 서로 겹치면서 모여난다. 줄기의 아랫부분에는 털 모양의 부착기가 많이 나 있다.,,,,,,,,,정명,"Zonaria diesingiana J.Agardh, 1841"
국립해양생물자원관_해양생물종정보 서비스,https://www.data.go.kr/data/15094770/openapi.do,,marine_life_species,반지털,크로미스타계; 대롱편모조식물문; 갈조강; 솜털목; 민가지말과,,,,,반지털은(는) 해양생물 캐릭터와 과학 동화 소재로 사용할 수 있다.,"해양생물의 생김새, 서식지, 분포를 반영한 과학 동화 소재",국명·학명·서식지·분류체계를 활용한 관찰 질문과 퀴즈,5-7;8-10,해양생물종;반지털;Halothrix;lumbricalis;민가지말과,270000022451,Chromista,크로미스타계,Ochrophyta,대롱편모조식물문,Phaeophyceae,갈조강,Ectocarpales,솜털목,Chordariaceae,민가지말과,"Halothrix lumbricalis (Kützing) Reinke, 1888",Halothrix lumbricalis,반지털,기타,,,,,,,,,,,정명,"Halothrix lumbricalis (Kützing) Reinke, 1888"
국립해양생물자원관_해양생물종정보 서비스,https://www.data.go.kr/data/15094770/openapi.do,,marine_life_species,반질불레기말,크로미스타계; 대롱편모조식물문; 갈조강; 솜털목; 고리매과,우리나라 전 연안,우리나라 전 연안,,,피부재생 효능을 가지고 있어 주로 의약품으로 이용한다.,"해양생물의 생김새, 서식지, 분포를 반영한 과학 동화 소재",국명·학명·서식지·분류체계를 활용한 관찰 질문과 퀴즈,5-7;8-10,해양생물종;반질불레기말;Colpomenia;peregrina;고리매과;우리나라;전;연안,270000021447,Chromista,크로미스타계,Ochrophyta,대롱편모조식물문,Phaeophyceae,갈조강,Ectocarpales,솜털목,Scytosiphonaceae,고리매과,"Colpomenia peregrina Sauvageau, 1927",Colpomenia peregrina,반질불레기말,기타,피부재생 효능을 가지고 있어 주로 의약품으로 이용한다.,"식물체는 연한 갈색이며 조간대 상부의 지충이와 같은 다른 해조류에 부착하여 생육한다. 엽체는 속이 빈 둥근 공 모양이고 바깥쪽은 매끈거리며 안쪽은 거칠다. 최대 9cm까지 자라며, 늦겨울부터 여름까지 출현한다.(Kim et al., 2017a)",조간대 상부의 지충이와 같은 다른 해조류에 부착하여 생육한다.,,,피부재생 효능을 가지고 있어 주로 의약품으로 이용,우리나라 전 연안,전 세계 연안,,의약품,정명,"Colpomenia peregrina Sauvageau, 1927"
국립해양생물자원관_해양생물종정보 서비스,https://www.data.go.kr/data/15094770/openapi.do,,marine_life_species,벗은불레기말,크로미스타계; 대롱편모조식물문; 갈조강; 솜털목; 고리매과,,,,,벗은불레기말은(는) 해양생물 캐릭터와 과학 동화 소재로 사용할 수 있다.,"해양생물의 생김새, 서식지, 분포를 반영한 과학 동화 소재",국명·학명·서식지·분류체계를 활용한 관찰 질문과 퀴즈,5-7;8-10,해양생물종;벗은불레기말;Colpomenia;ecuticulata;고리매과,270000021445,Chromista,크로미스타계,Ochrophyta,대롱편모조식물문,Phaeophyceae,갈조강,Ectocarpales,솜털목,Scytosiphonaceae,고리매과,"Colpomenia ecuticulata M.J.Parsons, 1982",Colpomenia ecuticulata,벗은불레기말,기타,,,,,,,,,,,정명,"Colpomenia ecuticulata M.J.Parsons, 1982"
국립해양생물자원관_해양생물종정보 서비스,https://www.data.go.kr/data/15094770/openapi.do,,marine_life_species,변이참솜털,크로미스타계; 대롱편모조식물문; 갈조강; 솜털목; 솜털과,,,,,변이참솜털은(는) 해양생물 캐릭터와 과학 동화 소재로 사용할 수 있다.,"해양생물의 생김새, 서식지, 분포를 반영한 과학 동화 소재",국명·학명·서식지·분류체계를 활용한 관찰 질문과 퀴즈,5-7;8-10,해양생물종;변이참솜털;Ectocarpus;siliculosus;var.;dasycarpus;솜털과,272000000019,Chromista,크로미스타계,Ochrophyta,대롱편모조식물문,Phaeophyceae,갈조강,Ectocarpales,솜털목,Ectocarpaceae,솜털과,"Ectocarpus siliculosus var. dasycarpus (Kuckuck) Gallardo, 1992",Ectocarpus siliculosus var. dasycarpus,변이참솜털,기타,,,,,,,,,,,정명,"Ectocarpus siliculosus var. dasycarpus (Kuckuck) Gallardo, 1992"
국립해양생물자원관_해양생물종정보 서비스,https://www.data.go.kr/data/15094770/openapi.do,,marine_life_species,별솜털,크로미스타계; 대롱편모조식물문; 갈조강; 별솜털목; 별솜털과,,,,,별솜털은(는) 해양생물 캐릭터와 과학 동화 소재로 사용할 수 있다.,"해양생물의 생김새, 서식지, 분포를 반영한 과학 동화 소재",국명·학명·서식지·분류체계를 활용한 관찰 질문과 퀴즈,5-7;8-10,해양생물종;별솜털;Asterocladon;rhodochortonoides;별솜털과,270000020555,Chromista,크로미스타계,Ochrophyta,대롱편모조식물문,Phaeophyceae,갈조강,Asterocladales,별솜털목,Asterocladaceae,별솜털과,"Asterocladon rhodochortonoides (Børgesen) S.Uwai, C.Nagasato, T.Motomura & K.Kogame, 2005",Asterocladon rhodochortonoides,별솜털,기타,,,,,,,,,,,정명,"Asterocladon rhodochortonoides (Børgesen) S.Uwai, C.Nagasato, T.Motomura & K.Kogame, 2005"
국립해양생물자원관_해양생물종정보 서비스,https://www.data.go.kr/data/15094770/openapi.do,,marine_life_species,보들넓은미역쇠,크로미스타계; 대롱편모조식물문; 갈조강; 솜털목; 민가지말과,,,,,보들넓은미역쇠은(는) 해양생물 캐릭터와 과학 동화 소재로 사용할 수 있다.,"해양생물의 생김새, 서식지, 분포를 반영한 과학 동화 소재",국명·학명·서식지·분류체계를 활용한 관찰 질문과 퀴즈,5-7;8-10,해양생물종;보들넓은미역쇠;Punctaria;flaccida;민가지말과,270000024692,Chromista,크로미스타계,Ochrophyta,대롱편모조식물문,Phaeophyceae,갈조강,Ectocarpales,솜털목,Chordariaceae,민가지말과,"Punctaria flaccida Nagai, 1940",Punctaria flaccida,보들넓은미역쇠,기타,,,,,,,,,,,정명,"Punctaria flaccida Nagai, 1940"
국립해양생물자원관_해양생물종정보 서비스,https://www.data.go.kr/data/15094770/openapi.do,,marine_life_species,부챗말,크로미스타계; 대롱편모조식물문; 갈조강; 그물바탕말목; 그물바탕말과,전국 연안,전국 연안,,,"식물체는 황갈색이며 부채모양 또는 깔때기모양의 가죽질이다. 식물체 아랫면에는 석회질이 없으며 헛뿌리 다발을 내고, 가장자리는 위로 말려있다. 식물체는 암반에 착생하고, 연중 출현한다.","해양생물의 생김새, 서식지, 분포를 반영한 과학 동화 소재",국명·학명·서식지·분류체계를 활용한 관찰 질문과 퀴즈,5-7;8-10,해양생물종;부챗말;Padina;arborescens;그물바탕말과;전국;연안,270000023823,Chromista,크로미스타계,Ochrophyta,대롱편모조식물문,Phaeophyceae,갈조강,Dictyotales,그물바탕말목,Dictyotaceae,그물바탕말과,"Padina arborescens Holmes, 1896",Padina arborescens,부챗말,기타,"식물체는 황갈색이며 부채모양 또는 깔때기모양의 가죽질이다. 식물체 아랫면에는 석회질이 없으며 헛뿌리 다발을 내고, 가장자리는 위로 말려있다. 식물체는 암반에 착생하고, 연중 출현한다.","▵ Type locality : Enoshima, Kanagawa Pref., Japan

동형세대교번을 하며, 배수체인 포자체는 엽체의 표면에 사분포자를 형성한다. 사분포자체는 각각 반수체로, 발아하여 포자체와 동형의 배우체로 발달한다. 배우체는 자웅동주로 엽체의 표면에 난자낭 및 정자낭을 형성하고, 이 낭에서 방출된 난세포와 정자가 결합하여 2n의 접합자를 형성한다. 접합자는 발아하여 포자낭으로 발달한다. [4]
식물체는 갈색 또는 섬유상 부착기로 암반에 부착하고, 원주상의 짧은 자루가 있고, 잘 자랐을 때 높이 30cm에 이르기도 한다. 엽상부는 가죽질이며, 부채꼴로 확장하며 생장하고, 엽체의 정단은 배면으로 말린다. 자루와 엽상부의 기부는 작고 미세한 갈색털로 덮여 있다. 어린 식물체의 경우 온전한 부채꼴 또는 한쪽이 개방된 깔때기 모양이나, 자라면서 엽체가 파열하며 분지한다. 횡단면에서 엽체는 10~16층의 세포층으로 구성되며, 최외각 2층은 색소가 있는 피층이며, 내측 8~14 층은 색소가 없는 수층이다. 포자낭군은 엽체 약쪽면에 원심형으로 분포하고, 포자낭은 곤봉형 또는 도란형이다. [1],[3]","식물체는 암반에 착생하고, 연중 출현한다.",,,"항고지혈증, 항산화, 항염증, 항노화, 식품, 의약품, 산업용",전국 연안,"중국, 홍콩, 일본, 타이완",,,정명,"Padina arborescens Holmes, 1896"
국립해양생물자원관_해양생물종정보 서비스,https://www.data.go.kr/data/15094770/openapi.do,,marine_life_species,부푼말,크로미스타계; 대롱편모조식물문; 갈조강; 솜털목; 민가지말과,,,,,부푼말은(는) 해양생물 캐릭터와 과학 동화 소재로 사용할 수 있다.,"해양생물의 생김새, 서식지, 분포를 반영한 과학 동화 소재",국명·학명·서식지·분류체계를 활용한 관찰 질문과 퀴즈,5-7;8-10,해양생물종;부푼말;Eudesme;crassa;민가지말과,270000025635,Chromista,크로미스타계,Ochrophyta,대롱편모조식물문,Phaeophyceae,갈조강,Ectocarpales,솜털목,Chordariaceae,민가지말과,"Eudesme crassa (Suringar) Okamura, 1935",Eudesme crassa,부푼말,기타,,,,,,,,,,,정명,"Eudesme crassa (Suringar) Okamura, 1935"
국립해양생물자원관_해양생물종정보 서비스,https://www.data.go.kr/data/15094770/openapi.do,,marine_life_species,북방다시마,크로미스타계; 대롱편모조식물문; 갈조강; 다시마목; 다시마과,,,,,북방다시마은(는) 해양생물 캐릭터와 과학 동화 소재로 사용할 수 있다.,"해양생물의 생김새, 서식지, 분포를 반영한 과학 동화 소재",국명·학명·서식지·분류체계를 활용한 관찰 질문과 퀴즈,5-7;8-10,해양생물종;북방다시마;Saccharina;japonica;var.;ochotensis;다시마과,272000000052,Chromista,크로미스타계,Ochrophyta,대롱편모조식물문,Phaeophyceae,갈조강,Laminariales,다시마목,Laminariaceae,다시마과,"Saccharina japonica var. ochotensis (Miyabe) N.Yotsukura, S.Kawashima, T.Kawai, T.Abe & L.D.Druehl, 2008",Saccharina japonica var. ochotensis,북방다시마,기타,,,,,,,,,,,정명,"Saccharina japonica var. ochotensis (Miyabe) N.Yotsukura, S.Kawashima, T.Kawai, T.Abe & L.D.Druehl, 2008"
국립해양생물자원관_해양생물종정보 서비스,https://www.data.go.kr/data/15094770/openapi.do,,marine_life_species,분부챗말,크로미스타계; 대롱편모조식물문; 갈조강; 그물바탕말목; 그물바탕말과,"동해안, 서해안, 남해안","동해안, 서해안, 남해안",,,"식물체는 암반에 착생한다. 발생 초기는 선상이지만, 자라면 엽상은 두껍고 질긴 황갈색의 부채모양으로 펼쳐져 짧은 자루를 갖는다. 엽상체의 아래쪽 면에는 석회질이 조금 있다. 체장은 10cm 정도 자라며 연중 출현한다. 우리나라 전 연안에 분포한다.","해양생물의 생김새, 서식지, 분포를 반영한 과학 동화 소재",국명·학명·서식지·분류체계를 활용한 관찰 질문과 퀴즈,5-7;8-10,해양생물종;분부챗말;Padina;gymnospora;그물바탕말과;동해안;서해안;남해안,270000023826,Chromista,크로미스타계,Ochrophyta,대롱편모조식물문,Phaeophyceae,갈조강,Dictyotales,그물바탕말목,Dictyotaceae,그물바탕말과,"Padina gymnospora (Kützing) Sonder, 1871",Padina gymnospora,분부챗말,기타,"식물체는 암반에 착생한다. 발생 초기는 선상이지만, 자라면 엽상은 두껍고 질긴 황갈색의 부채모양으로 펼쳐져 짧은 자루를 갖는다. 엽상체의 아래쪽 면에는 석회질이 조금 있다. 체장은 10cm 정도 자라며 연중 출현한다. 우리나라 전 연안에 분포한다.","엽체는 황갈색이고 성숙하면 부채 모양이며 하부는 짧으나 넓고 두꺼운 줄기를 가지는 가죽질이다. 엽체의 아래쪽에 석회질이 조금 있으며, 중앙부는 6~8겹이다. 엽체는 안쪽으로 말리는 정단부 분열 세포열에서 생장하고 8~10세포층으로 구성된다. 피층은 한 개의 세포층으로 되어 있다.(Choi et al., 2016 편집 인용)",우리나라 전 연안의 조하대 암반에 부착하여 서식한다.,,,,"동해안, 서해안, 남해안","아시아, 유럽, 북아메리카, 중앙아메리카, 남아메리카, 아프리카, 중동, 서남아시아, 뉴질랜드",,,정명,"Padina gymnospora (Kützing) Sonder, 1871"
국립해양생물자원관_해양생물종정보 서비스,https://www.data.go.kr/data/15094770/openapi.do,,marine_life_species,불레기말,크로미스타계; 대롱편모조식물문; 갈조강; 솜털목; 고리매과,남해안 전 연안,남해안 전 연안,,,"식물체의 색은 황갈색이고, 엷은 막질의 공 형태 또는 주머니 모양이며 표면에 깊은 주름이 형성된다. 어린 시기에는 식물체의 속에 물이 차 있다. 여러 개체가 모여 자라기도 한다.
직경은 최대 14 cm이다. 늦겨울부터 여름까지 출현한다. 조간대 중부에서 조하대의 암반 위 혹은 산호조류처럼 딱딱한 곳에 부착하여 서식한다.","해양생물의 생김새, 서식지, 분포를 반영한 과학 동화 소재",국명·학명·서식지·분류체계를 활용한 관찰 질문과 퀴즈,5-7;8-10,해양생물종;불레기말;Colpomenia;sinuosa;고리매과;남해안;전;연안,270000021448,Chromista,크로미스타계,Ochrophyta,대롱편모조식물문,Phaeophyceae,갈조강,Ectocarpales,솜털목,Scytosiphonaceae,고리매과,"Colpomenia sinuosa (Mertens ex Roth) Derbès & Solier, 1851",Colpomenia sinuosa,불레기말,기타,"식물체의 색은 황갈색이고, 엷은 막질의 공 형태 또는 주머니 모양이며 표면에 깊은 주름이 형성된다. 어린 시기에는 식물체의 속에 물이 차 있다. 여러 개체가 모여 자라기도 한다.
직경은 최대 14 cm이다. 늦겨울부터 여름까지 출현한다. 조간대 중부에서 조하대의 암반 위 혹은 산호조류처럼 딱딱한 곳에 부착하여 서식한다.","식물체는 황갈색으로 가근이 아래로 자라면서 넓게 부착한다. 얇은 막질의 구형 또는 주머니형 이며 표본에 깊은 주름이 형성된다. 어린 시기에는 속에 물이 차 있으며, 여러 개체가 모여 자라기도 한다. 최대 14 cm까지 자란다.",조간대 중부에서 조하대에 이르기까지 암반이나 산호조류와 같은 단단한 기질에 착생한다.,,,"간보호, 항당뇨, 항박테리아, 항산화, 항염증",남해안 전 연안,전 세계 연안,,의약품,정명,"Colpomenia sinuosa (Mertens ex Roth) Derbès & Solier, 1851"
국립해양생물자원관_해양생물종정보 서비스,https://www.data.go.kr/data/15094770/openapi.do,,marine_life_species,붓꼴솜털,크로미스타계; 대롱편모조식물문; 갈조강; 솜털목; 솜털과,,,,,붓꼴솜털은(는) 해양생물 캐릭터와 과학 동화 소재로 사용할 수 있다.,"해양생물의 생김새, 서식지, 분포를 반영한 과학 동화 소재",국명·학명·서식지·분류체계를 활용한 관찰 질문과 퀴즈,5-7;8-10,해양생물종;붓꼴솜털;Ectocarpus;penicillatus;솜털과,270000021808,Chromista,크로미스타계,Ochrophyta,대롱편모조식물문,Phaeophyceae,갈조강,Ectocarpales,솜털목,Ectocarpaceae,솜털과,"Ectocarpus penicillatus (C.Agardh) Kjellman, 1890",Ectocarpus penicillatus,붓꼴솜털,기타,,,,,,,,,,,정명,"Ectocarpus penicillatus (C.Agardh) Kjellman, 1890"
국립해양생물자원관_해양생물종정보 서비스,https://www.data.go.kr/data/15094770/openapi.do,,marine_life_species,비틀대모자반,크로미스타계; 대롱편모조식물문; 갈조강; 말목; 모자반과,"동, 남해안","동, 남해안",,,"엽체는 0.3~1.0 m까지 자란다. 부착기는 직경 3~5 cm의 원추상이다. 줄기는 짧고, 원주상이며, 수 회 아차상으로 분지한다. 중심가지는 삼릉형이고, 직경 1.5~2.5 mm이며, 나선상으로 비틀어져 있다. 잎은 하부에서 신장된 피침상이고, 길이 2~5 cm,폭 2~5 mm, 거치가 약간 발달하며, 중륵이 잎의 중부까지 매몰되고, 아래쪽으로 향한다. 상부의 잎은 선상이다. 기낭은 타원형, 방추형이며, 길이 12~15 mm, 직경 4~7 mm, 짧은 돌기를 내고, 드물게 선형의 관엽을 갖기도 한다. 자웅이주이다. 생식기탁은 정단부에 모여 나고, 자성생식기탁은 편압된 도피침형이며, 길이 2~5 mm, 폭 2.5~3.0 mm, 웅성생식기탁은 편압된 선형이고, 길이 5~10 mm, 폭 1.0~1.5 mm이며, 드물게 분지하기도 한다. 연중 생육하며, 생식시기는 5월~9월이다.","해양생물의 생김새, 서식지, 분포를 반영한 과학 동화 소재",국명·학명·서식지·분류체계를 활용한 관찰 질문과 퀴즈,5-7;8-10,해양생물종;비틀대모자반;Sargassum;sagamianum;모자반과;동;남해안,270000025008,Chromista,크로미스타계,Ochrophyta,대롱편모조식물문,Phaeophyceae,갈조강,Fucales,말목,Sargassaceae,모자반과,"Sargassum sagamianum Yendo, 1907",Sargassum sagamianum,비틀대모자반,기타,"엽체는 0.3~1.0 m까지 자란다. 부착기는 직경 3~5 cm의 원추상이다. 줄기는 짧고, 원주상이며, 수 회 아차상으로 분지한다. 중심가지는 삼릉형이고, 직경 1.5~2.5 mm이며, 나선상으로 비틀어져 있다. 잎은 하부에서 신장된 피침상이고, 길이 2~5 cm,폭 2~5 mm, 거치가 약간 발달하며, 중륵이 잎의 중부까지 매몰되고, 아래쪽으로 향한다. 상부의 잎은 선상이다. 기낭은 타원형, 방추형이며, 길이 12~15 mm, 직경 4~7 mm, 짧은 돌기를 내고, 드물게 선형의 관엽을 갖기도 한다. 자웅이주이다. 생식기탁은 정단부에 모여 나고, 자성생식기탁은 편압된 도피침형이며, 길이 2~5 mm, 폭 2.5~3.0 mm, 웅성생식기탁은 편압된 선형이고, 길이 5~10 mm, 폭 1.0~1.5 mm이며, 드물게 분지하기도 한다. 연중 생육하며, 생식시기는 5월~9월이다.","엽체는 반상근에서 직립하고 공동의 줄기는 원주상이며 짧다. 체장은 30~100cm이며 중심가지는 가늘고 삼릉형이며 나선상으로 비틀어져 있고 작은 가지는 호생한다. 하부의 잎은 피침상 또는 난원형이고 가장자리는 전연이거나 작은 톱니가 있고 잎자루는 매우 짧으며 두껍고 단단하다.(Choi et al., 2016 편집 인용)",,,,,"동, 남해안","일본, 필리핀",,,정명,"Sargassum sagamianum Yendo, 1907"
국립해양생물자원관_해양생물종정보 서비스,https://www.data.go.kr/data/15094770/openapi.do,,marine_life_species,삼나무말,크로미스타계; 대롱편모조식물문; 갈조강; 말목; 모자반과,동해안,동해안; 저조선에서 조하대 상부의 모래 덮인 암반,,,"바다에 사는 갈조식물이다. 엽체는 암갈색, 길이 40-50cm, 울퉁불퉁한 혹 모양의 부착기가 있다. 줄기는 원주상이며, 줄기에서 암갈색의 비늘 모양 짧은 잎이 밀생하여 돌려나며, 삼나무잎과 같은 외관을 가진다. 잎은 처음에는 사상, 복차상으로 분지하고, 하부 잎은 떨어져서 흔적을 남긴다. 생식기탁은 잎 정단에 황금색, 중공, 다육질로 발달한다. 저조선에서 조하대 상부의 모래 덮인 암반에서 연중 생육하며, 5-8월에 생식기관이 발달한다. 동해안 울진 이북 지역에서 생육하며, 세계적으로 러시아와 일본에 분포한다.","해양생물의 생김새, 서식지, 분포를 반영한 과학 동화 소재",국명·학명·서식지·분류체계를 활용한 관찰 질문과 퀴즈,5-7;8-10,해양생물종;삼나무말;Coccophora;langsdorfii;모자반과;저조선에서;조하대;상부의;모래;덮인;암반;동해안,270000021396,Chromista,크로미스타계,Ochrophyta,대롱편모조식물문,Phaeophyceae,갈조강,Fucales,말목,Sargassaceae,모자반과,"Coccophora langsdorfii (Turner) Greville, 1830",Coccophora langsdorfii,삼나무말,기타,"바다에 사는 갈조식물이다. 엽체는 암갈색, 길이 40-50cm, 울퉁불퉁한 혹 모양의 부착기가 있다. 줄기는 원주상이며, 줄기에서 암갈색의 비늘 모양 짧은 잎이 밀생하여 돌려나며, 삼나무잎과 같은 외관을 가진다. 잎은 처음에는 사상, 복차상으로 분지하고, 하부 잎은 떨어져서 흔적을 남긴다. 생식기탁은 잎 정단에 황금색, 중공, 다육질로 발달한다. 저조선에서 조하대 상부의 모래 덮인 암반에서 연중 생육하며, 5-8월에 생식기관이 발달한다. 동해안 울진 이북 지역에서 생육하며, 세계적으로 러시아와 일본에 분포한다.","엽체는 암갈색, 길이 40-50cm, 울퉁불퉁한 혹 모양의 부착기가 있고, 줄기는 원주상이며, 줄기에서 암갈색의 비늘 모양의 짧은 잎이 밀생하여 돌려나며, 삼나무잎과 같은 외관을 가진다. 잎은 처음에는 사상, 복차상으로 분지하고, 하부 잎은 떨어져서 흔적을 남긴다. 생식기탁은 잎 정단에 황금색, 중공, 다육질로 발달한다.","한대성 해조류로, 대개 수심 5m 부근에 분포한다. 저조선 부근의 암반에 부착하여 생활한다. 암반이 잘 발달한 곳에서는 쇠미역사촌과 야키시리구멍쇠미역과 함께 꽤 큰 조하대 숲을 이룬다.",,,,동해안,"러시아, 일본",저조선에서 조하대 상부의 모래 덮인 암반,특별한 용도가 알려진 바 없음,정명,"Coccophora langsdorfii (Turner) Greville, 1830"
국립해양생물자원관_해양생물종정보 서비스,https://www.data.go.kr/data/15094770/openapi.do,,marine_life_species,새끼실모자반,크로미스타계; 대롱편모조식물문; 갈조강; 말목; 모자반과,동해안,동해안,,,"엽체는 60cm까지 자란다. 줄기는 직경 1.5~2mm이고, 아차상으로 분지하며, 바닥에 부착하고, 서로 엉킨다. 부착기는 기는 줄기의 배면에서 다수 발달하고, 드물게 서로 융합하며, 직경 4~5cm의 기부를 이룬다. 중심가지는 편압하고, 길이 30~60cm, 폭 3~5mm이고, 꼬이며 자란다. 잎은 하부에서 난형, 타원형 또는 피침상이고, 길이 1~2cm, 폭 5~8mm 이며, 전연이다. 기낭은 타원형이고, 길이 1.0~1.8cm, 폭 4~6mm이며, 길이 2~4mm의 짧은 자루를 갖고, 길이 1cm 정도의 선상의 관엽을 가지며, 가지의 엽액에서 단독으로 발달한다. 자웅이주이다.","해양생물의 생김새, 서식지, 분포를 반영한 과학 동화 소재",국명·학명·서식지·분류체계를 활용한 관찰 질문과 퀴즈,5-7;8-10,해양생물종;새끼실모자반;Sargassum;okamurae;모자반과;동해안,270000025003,Chromista,크로미스타계,Ochrophyta,대롱편모조식물문,Phaeophyceae,갈조강,Fucales,말목,Sargassaceae,모자반과,"Sargassum okamurae Yoshida & T.Konno, 1983",Sargassum okamurae,새끼실모자반,기타,"엽체는 60cm까지 자란다. 줄기는 직경 1.5~2mm이고, 아차상으로 분지하며, 바닥에 부착하고, 서로 엉킨다. 부착기는 기는 줄기의 배면에서 다수 발달하고, 드물게 서로 융합하며, 직경 4~5cm의 기부를 이룬다. 중심가지는 편압하고, 길이 30~60cm, 폭 3~5mm이고, 꼬이며 자란다. 잎은 하부에서 난형, 타원형 또는 피침상이고, 길이 1~2cm, 폭 5~8mm 이며, 전연이다. 기낭은 타원형이고, 길이 1.0~1.8cm, 폭 4~6mm이며, 길이 2~4mm의 짧은 자루를 갖고, 길이 1cm 정도의 선상의 관엽을 가지며, 가지의 엽액에서 단독으로 발달한다. 자웅이주이다.",,,,,,동해안,아시아,,,정명,"Sargassum okamurae Yoshida & T.Konno, 1983"
국립해양생물자원관_해양생물종정보 서비스,https://www.data.go.kr/data/15094770/openapi.do,,marine_life_species,성게모자반털,크로미스타계; 대롱편모조식물문; 갈조강; 솜털목; 민가지말과,한국 전 연안 [1],한국 전 연안 [1],,,"식물체는 밝은 갈색 또는 진갈색으로 꽈배기모자반 등의 다른 해조류에 부착하고, 반구형의 방석 모양으로 크기 4~6 mm이다. 엽체는 기부 수층부, 중간 피층부, 돌출되는 동화사의 부위로 구성된다. 수층사는 잘 발달되어 덩이를 이루며, 하부세포는 불규칙하거나 또는 원통형이다. 상부는 구형의 세포로 색이 없으며 3~5개의 세포로 구성된 사상체가 밀착되어 있다. 피층성 측사는 단순하며, 선상이거나 약간 굽어 있고 진갈조털이 드물게 관찰된다. 동화사는 위쪽 수층세포에서 형성되며, 양 끝으로 갈수록 가늘어지고 기부 부위 생장대 바로 윗부위가 가장 두껍다. [1]","해양생물의 생김새, 서식지, 분포를 반영한 과학 동화 소재",국명·학명·서식지·분류체계를 활용한 관찰 질문과 퀴즈,5-7;8-10,해양생물종;성게모자반털;Elachista;okamurae;민가지말과;한국;전;연안;[1],270000021821,Chromista,크로미스타계,Ochrophyta,대롱편모조식물문,Phaeophyceae,갈조강,Ectocarpales,솜털목,Chordariaceae,민가지말과,"Elachista okamurae Yoshida, 1997",Elachista okamurae,성게모자반털,기타,,"식물체는 밝은 갈색 또는 진갈색으로 꽈배기모자반 등의 다른 해조류에 부착하고, 반구형의 방석 모양으로 크기 4~6 mm이다. 엽체는 기부 수층부, 중간 피층부, 돌출되는 동화사의 부위로 구성된다. 수층사는 잘 발달되어 덩이를 이루며, 하부세포는 불규칙하거나 또는 원통형이다. 상부는 구형의 세포로 색이 없으며 3~5개의 세포로 구성된 사상체가 밀착되어 있다. 피층성 측사는 단순하며, 선상이거나 약간 굽어 있고 진갈조털이 드물게 관찰된다. 동화사는 위쪽 수층세포에서 형성되며, 양 끝으로 갈수록 가늘어지고 기부 부위 생장대 바로 윗부위가 가장 두껍다. [1]","모자반류, 개모자반류, 서실, 우뭇가사리의 착생해조류",,,,한국 전 연안 [1],"일본, 중국 [2]",,,정명,"Elachista okamurae Yoshida, 1997"
국립해양생물자원관_해양생물종정보 서비스,https://www.data.go.kr/data/15094770/openapi.do,,marine_life_species,세가닥갯쇠털,크로미스타계; 대롱편모조식물문; 갈조강; 갯쇠털목; 갯쇠털과,전국 연안,전국 연안,,,"엽체는 짙은 갈색, 녹갈색을 띠고, 체장은 3cm이하이다. 다른 조류에 착생하며, 기부는 단층또는 다층의 원반형이다. 포복성 가근을 갖기도 한다. 직립지는 원주형으로 무한생장하고, 불규칙 또는 나선상으로 분지한다. 마디는 측면에 2-6개의 주변세포가 있고, 길이 25-45μm폭 30-55μm이다. 털은 가지 정단부 또는 정단세포의 사면분열로 형성된 모세포로부터 발달하고, 직경 8-14μm이다. 단자낭은 가지의 중,하부에 단세포성 자루 위에 발달하고, 짙은 갈색구형을 이룬다. 암배우자낭은 짙은 갈색이고, 수배우자낭은 옅은 노란색이다.","해양생물의 생김새, 서식지, 분포를 반영한 과학 동화 소재",국명·학명·서식지·분류체계를 활용한 관찰 질문과 퀴즈,5-7;8-10,해양생물종;세가닥갯쇠털;Sphacelaria;fusca;갯쇠털과;전국;연안,270000025187,Chromista,크로미스타계,Ochrophyta,대롱편모조식물문,Phaeophyceae,갈조강,Sphacelariales,갯쇠털목,Sphacelariaceae,갯쇠털과,"Sphacelaria fusca (Hudson) S.F.Gray, 1821",Sphacelaria fusca,세가닥갯쇠털,기타,"엽체는 짙은 갈색, 녹갈색을 띠고, 체장은 3cm이하이다. 다른 조류에 착생하며, 기부는 단층또는 다층의 원반형이다. 포복성 가근을 갖기도 한다. 직립지는 원주형으로 무한생장하고, 불규칙 또는 나선상으로 분지한다. 마디는 측면에 2-6개의 주변세포가 있고, 길이 25-45μm폭 30-55μm이다. 털은 가지 정단부 또는 정단세포의 사면분열로 형성된 모세포로부터 발달하고, 직경 8-14μm이다. 단자낭은 가지의 중,하부에 단세포성 자루 위에 발달하고, 짙은 갈색구형을 이룬다. 암배우자낭은 짙은 갈색이고, 수배우자낭은 옅은 노란색이다.",식물체는 갈색의 가느다란 실 모양이며 다발을 이룬다. 줄기의 각 마디를 이루는 세포는 곧은 막대기 모양이다. 무성생식기는 세가닥으로 갈라졌다.,"조간대에서 자라고, 다른 해조류에 착생한다.",,,,전국 연안,온대역 및 열대역,,,정명,"Sphacelaria fusca (Hudson) S.F.Gray, 1821"
국립해양생물자원관_해양생물종정보 서비스,https://www.data.go.kr/data/15094770/openapi.do,,marine_life_species,세가닥긴털실말,크로미스타계; 대롱편모조식물문; 갈조강; 솜털목; 솜말과,"동해안, 서해안","동해안, 서해안",,,"엽체는 빽빽하게 뭉쳐나고, 주축을 유지하고 많은 가지를 내고, 약간 어두운 갈색이다. 7.0cm 높이로 자라며, 암반 혹은 다른 해조류에 부착하여 자란다. 측지는 무한생장하며, 대생 혹은 호생으로 나며, 주축과 동일하게 자라고, 2~4차 소지를 낸다. 세포는 짧은 장방형이거나 원통형으로, 다수의 갈색체를 함유하고, 폭 70~85um, 폭에대한 길이 비율은 0.7~1.3배이다. 복실낭은 주로 엽체 상부에 자루세포 없이 형성되며, 주축에서 직접 만들어지기도 한다.","해양생물의 생김새, 서식지, 분포를 반영한 과학 동화 소재",국명·학명·서식지·분류체계를 활용한 관찰 질문과 퀴즈,5-7;8-10,해양생물종;세가닥긴털실말;Hincksia;granulosa;솜말과;동해안;서해안,270000022523,Chromista,크로미스타계,Ochrophyta,대롱편모조식물문,Phaeophyceae,갈조강,Ectocarpales,솜털목,Acinetosporaceae,솜말과,"Hincksia granulosa (Smith) P.C.Silva, 1987",Hincksia granulosa,세가닥긴털실말,기타,"엽체는 빽빽하게 뭉쳐나고, 주축을 유지하고 많은 가지를 내고, 약간 어두운 갈색이다. 7.0cm 높이로 자라며, 암반 혹은 다른 해조류에 부착하여 자란다. 측지는 무한생장하며, 대생 혹은 호생으로 나며, 주축과 동일하게 자라고, 2~4차 소지를 낸다. 세포는 짧은 장방형이거나 원통형으로, 다수의 갈색체를 함유하고, 폭 70~85um, 폭에대한 길이 비율은 0.7~1.3배이다. 복실낭은 주로 엽체 상부에 자루세포 없이 형성되며, 주축에서 직접 만들어지기도 한다.",,,,,,"동해안, 서해안","유럽, 북아메리카, 중앙아메리카, 남아메리카, 중동, 아프리카, 오스트랄리아, 뉴질랜드, 아시아",,,정명,"Hincksia granulosa (Smith) P.C.Silva, 1987"
국립해양생물자원관_해양생물종정보 서비스,https://www.data.go.kr/data/15094770/openapi.do,,marine_life_species,센솜털,크로미스타계; 대롱편모조식물문; 갈조강; 솜털목; 솜털과,,,,,센솜털은(는) 해양생물 캐릭터와 과학 동화 소재로 사용할 수 있다.,"해양생물의 생김새, 서식지, 분포를 반영한 과학 동화 소재",국명·학명·서식지·분류체계를 활용한 관찰 질문과 퀴즈,5-7;8-10,해양생물종;센솜털;Ectocarpus;corticulatus;솜털과,270000021804,Chromista,크로미스타계,Ochrophyta,대롱편모조식물문,Phaeophyceae,갈조강,Ectocarpales,솜털목,Ectocarpaceae,솜털과,"Ectocarpus corticulatus De A.Saunders, 1898",Ectocarpus corticulatus,센솜털,기타,,,,,,,,,,,정명,"Ectocarpus corticulatus De A.Saunders, 1898"
국립해양생물자원관_해양생물종정보 서비스,https://www.data.go.kr/data/15094770/openapi.do,,marine_life_species,솜말,크로미스타계; 대롱편모조식물문; 갈조강; 솜털목; 솜말과,전 해안,전 해안,,,"10~20(~30)cm 높이에 이르며, 불규칙하게 가지를 낸다. 가지는 주축세포에서 드문 간격으로 80~90°에 이르는 넓은 각도로 나며, 고리 모양으로 휘어진 짧은 소지가 되거나 주축세포와 동일한 측지로 성장한다. 하부에서 가근을 내어 다른 해조류 혹은 암반에 부착 생육하거나 고리 모양의 짧은 소지를 내어 다른 해조류 위에서 서로 엉킨다. 엽체는 연갈색을 띤다.","해양생물의 생김새, 서식지, 분포를 반영한 과학 동화 소재",국명·학명·서식지·분류체계를 활용한 관찰 질문과 퀴즈,5-7;8-10,해양생물종;솜말;Acinetospora;crinita;솜말과;전;해안,270000020053,Chromista,크로미스타계,Ochrophyta,대롱편모조식물문,Phaeophyceae,갈조강,Ectocarpales,솜털목,Acinetosporaceae,솜말과,"Acinetospora crinita (Carmichael) Sauvageau, 1899",Acinetospora crinita,솜말,기타,,"10~20(~30)cm 높이에 이르며, 불규칙하게 가지를 낸다. 가지는 주축세포에서 드문 간격으로 80~90°에 이르는 넓은 각도로 나며, 고리 모양으로 휘어진 짧은 소지가 되거나 주축세포와 동일한 측지로 성장한다. 하부에서 가근을 내어 다른 해조류 혹은 암반에 부착 생육하거나 고리 모양의 짧은 소지를 내어 다른 해조류 위에서 서로 엉킨다. 엽체는 연갈색을 띤다.",주로 고수온기인 6~11월에 관찰된다. 우리나라 전 해안의 파도가 잔잔한 조간대에 분포한다.,,,,전 해안,,,,정명,"Acinetospora crinita (Carmichael) Sauvageau, 1899"
국립해양생물자원관_해양생물종정보 서비스,https://www.data.go.kr/data/15094770/openapi.do,,marine_life_species,쇠꼬리산말,크로미스타계; 대롱편모조식물문; 갈조강; 산말목; 산말과,"거제도, 광양만, 부산, 삼천포","거제도, 광양만, 부산, 삼천포",,,"식물체는 밝은 갈색 또는 녹갈색을 띠고 반상형 기부로 바위에 부착하며, 20-100 cm까지 자란다. 원기둥 모양의 줄기를 가지며 줄기로부터 사방으로 가지를 분지한다. 가지 끝은 매우 가늘다. 식물체 내부 조직에는 작은 피층들과 크고 불규칙한 수층조직으로 구성되어 있다. 특히 황산화물을 생산하고 저장하는 세포내 기관을 가지고 있어 수면 위로 노출되면 황산화물을 방출하여 식물체 자체는 물론 다른 해조류의 색도 변하게 한다. 포자주머니는 식물체에 분산되어 피층세포로부터 발달한다. 주로 늦가을부터 다음 해 여름까지 출현한다.","해양생물의 생김새, 서식지, 분포를 반영한 과학 동화 소재",국명·학명·서식지·분류체계를 활용한 관찰 질문과 퀴즈,5-7;8-10,해양생물종;쇠꼬리산말;Desmarestia;viridis;산말과;거제도;광양만;부산;삼천포,270000026166,Chromista,크로미스타계,Ochrophyta,대롱편모조식물문,Phaeophyceae,갈조강,Desmarestiales,산말목,Desmarestiaceae,산말과,"Desmarestia viridis (O.F.Müller) J.V.Lamouroux, 1813",Desmarestia viridis,쇠꼬리산말,기타,"식물체는 밝은 갈색 또는 녹갈색을 띠고 반상형 기부로 바위에 부착하며, 20-100 cm까지 자란다. 원기둥 모양의 줄기를 가지며 줄기로부터 사방으로 가지를 분지한다. 가지 끝은 매우 가늘다. 식물체 내부 조직에는 작은 피층들과 크고 불규칙한 수층조직으로 구성되어 있다. 특히 황산화물을 생산하고 저장하는 세포내 기관을 가지고 있어 수면 위로 노출되면 황산화물을 방출하여 식물체 자체는 물론 다른 해조류의 색도 변하게 한다. 포자주머니는 식물체에 분산되어 피층세포로부터 발달한다. 주로 늦가을부터 다음 해 여름까지 출현한다.",식물체는 밝은 갈색이고 하부는 원주상이며 여러 차례 깃털 모양으로 분지하여 60~90 cm까지 자란다. 가지는 마주나며 상부로 갈수록 가늘어진다.,반상근으로 바위에 부착하여 생육한다.,,엽상체 내에 함유하고 있는 산을 분비하여 다른 해조류의 잎을 녹이기도 한다.,항염증,"거제도, 광양만, 부산, 삼천포","전 세계적으로 분포 (아일랜드, 노르웨이, 스칸디나비아, 알라스카, 칠레, 일본, 중국)",,산업용,정명,"Desmarestia viridis (O.F.Müller) J.V.Lamouroux, 1813"
국립해양생물자원관_해양생물종정보 서비스,https://www.data.go.kr/data/15094770/openapi.do,,marine_life_species,쇠미역,크로미스타계; 대롱편모조식물문; 갈조강; 다시마목; 쇠미역과,동해안 영덕 이북,동해안 영덕 이북,,,"식물체는 일년생이며 암반에 착생한다. 엽상체는 황갈색 또는 암갈색이다. 가근은 섬유상으로 잘 발달되어 있으며 엽상체에는 세로로 융기한 줄이 있다. 표면에는 용문이 있고 구멍이 있다. 체장은 1~2m이고, 폭은 5~30cm 자라며 겨울부터 초여름까지 출현한다. 우리나라의 동해안 영덕 이북연안에 분포한다.","해양생물의 생김새, 서식지, 분포를 반영한 과학 동화 소재",국명·학명·서식지·분류체계를 활용한 관찰 질문과 퀴즈,5-7;8-10,해양생물종;쇠미역;Costaria;costata;쇠미역과;동해안;영덕;이북,270000021510,Chromista,크로미스타계,Ochrophyta,대롱편모조식물문,Phaeophyceae,갈조강,Laminariales,다시마목,Agaraceae,쇠미역과,"Costaria costata (C.Agardh) De A.Saunders, 1895",Costaria costata,쇠미역,기타,"식물체는 일년생이며 암반에 착생한다. 엽상체는 황갈색 또는 암갈색이다. 가근은 섬유상으로 잘 발달되어 있으며 엽상체에는 세로로 융기한 줄이 있다. 표면에는 용문이 있고 구멍이 있다. 체장은 1~2m이고, 폭은 5~30cm 자라며 겨울부터 초여름까지 출현한다. 우리나라의 동해안 영덕 이북연안에 분포한다.","엽체는 황갈색 또는 암갈색을 띠며, 길이 1-2m, 대잎꼴로 한 장으로 단순하고 일년생이다. 두꺼운 혁질을 가지고 점질이 없으며,  엽신의 기부는 어릴 때 쐐기이다. 노성하면 난원 또는 심장형으로 된다. 3∼5조의 종맥을 가지고 엽신에 주름혹이나 구멍이 있다.",식물체는 일년생이며 암반에 착생한다.,,,"항암, 아토픽 치료, 알러지 치료",동해안 영덕 이북,북태평양 온대성 해역,,"식품(샐러드), 산업용(알긴산), 후코이단",정명,"Costaria costata (C.Agardh) De A.Saunders, 1895"
국립해양생물자원관_해양생물종정보 서비스,https://www.data.go.kr/data/15094770/openapi.do,,marine_life_species,실그물바탕말,크로미스타계; 대롱편모조식물문; 갈조강; 그물바탕말목; 그물바탕말과,,,,,실그물바탕말은(는) 해양생물 캐릭터와 과학 동화 소재로 사용할 수 있다.,"해양생물의 생김새, 서식지, 분포를 반영한 과학 동화 소재",국명·학명·서식지·분류체계를 활용한 관찰 질문과 퀴즈,5-7;8-10,해양생물종;실그물바탕말;Dictyota;implexa;그물바탕말과,270000021693,Chromista,크로미스타계,Ochrophyta,대롱편모조식물문,Phaeophyceae,갈조강,Dictyotales,그물바탕말목,Dictyotaceae,그물바탕말과,"Dictyota implexa (Desfontaines) J.V.Lamouroux, 1809",Dictyota implexa,실그물바탕말,기타,,,,,,,,,,,정명,"Dictyota implexa (Desfontaines) J.V.Lamouroux, 1809"
국립해양생물자원관_해양생물종정보 서비스,https://www.data.go.kr/data/15094770/openapi.do,,marine_life_species,실솜말,크로미스타계; 대롱편모조식물문; 갈조강; 솜털목; 솜말과,"동해, 서해, 남해, 제주도","동해, 서해, 남해, 제주도",,,"엽체는 돌이나 다른 해조류(Sargassum sp.)에 뭉쳐서 10cm이거나 더 큰 형태가 되고 직립한 단선의 사상체는 불규칙적으로 직각으로 또는 더 넓은 각으로 분지되어 있고, 크람퐁(crampons)이라 불리는 짧고 직립이나 구부러진 형태를 형성한다. 분열대는 여기저기 흩어져 있으며 작은 세포로 구성되어 있다. 직립지의 세포는 길이는 20-80 μm폭은 18-28μm이다. 측지는 무한생장하나, 모세포로 부터 직각으로 형성되고, 특별히 작은 측지는 흔히 크람퐁으로 발달하며 유한 생장성 소지는 발달하지 않는다. 직립지에는 Phaeophycean hairs가 끝이나 측지에 형성된다. 단실낭은 길이가 25-55μm이고, 폭이 25-55μm이며 둥글거나 타원형의 형태이다.","해양생물의 생김새, 서식지, 분포를 반영한 과학 동화 소재",국명·학명·서식지·분류체계를 활용한 관찰 질문과 퀴즈,5-7;8-10,해양생물종;실솜말;Acinetospora;filamentosa;솜말과;동해;서해;남해;제주도,270000000212,Chromista,크로미스타계,Ochrophyta,대롱편모조식물문,Phaeophyceae,갈조강,Ectocarpales,솜털목,Acinetosporaceae,솜말과,"Acinetospora filamentosa (Noda) Yaegashi, Uwai & Kogame, 2015",Acinetospora filamentosa,실솜말,기타,"엽체는 돌이나 다른 해조류(Sargassum sp.)에 뭉쳐서 10cm이거나 더 큰 형태가 되고 직립한 단선의 사상체는 불규칙적으로 직각으로 또는 더 넓은 각으로 분지되어 있고, 크람퐁(crampons)이라 불리는 짧고 직립이나 구부러진 형태를 형성한다. 분열대는 여기저기 흩어져 있으며 작은 세포로 구성되어 있다. 직립지의 세포는 길이는 20-80 μm폭은 18-28μm이다. 측지는 무한생장하나, 모세포로 부터 직각으로 형성되고, 특별히 작은 측지는 흔히 크람퐁으로 발달하며 유한 생장성 소지는 발달하지 않는다. 직립지에는 Phaeophycean hairs가 끝이나 측지에 형성된다. 단실낭은 길이가 25-55μm이고, 폭이 25-55μm이며 둥글거나 타원형의 형태이다.",,,,,,"동해, 서해, 남해, 제주도","일본, 그리스",,,정명,"Acinetospora filamentosa (Noda) Yaegashi, Uwai & Kogame, 2015"
국립해양생물자원관_해양생물종정보 서비스,https://www.data.go.kr/data/15094770/openapi.do,,marine_life_species,싸리비모자반,크로미스타계; 대롱편모조식물문; 갈조강; 말목; 모자반과,"동, 남해안","동, 남해안",,,"식물체는 암갈색이며, 원추상의 부착기로부터 직립하여 자라고, 줄기는 원기둥 모양이고, 30~60 cm까지 자란다. 중심가지는 줄기 상부에서 매년 발달하고, 탈락 후 넓적한 돌기를 남기며, 세모기둥 모양으로 가장자리에 뾰족한 돌기를 드물게 낸다. 가지는 중심가지의 가장자리에서 많이 발달하고, 길이는 중심가지보다 짧다. 잎은 줄기의 하부에서 뾰족한 선형이고, 가장자리에 톱니모양을 가지며 아래쪽으로 향한다. 상부에서는 선상으로 가늘다. 기낭은 가운데가 가장 넓고 가장자리로 갈수록 좁아지는 모양이고, 바늘모양의 돌기를 가지며, 드물게 잎 모양의 관엽을 갖기도 한다. 연중 출연하고, 가을이 생식시기이다. 조간대부터 조하대 상부까지 생육한다.","해양생물의 생김새, 서식지, 분포를 반영한 과학 동화 소재",국명·학명·서식지·분류체계를 활용한 관찰 질문과 퀴즈,5-7;8-10,해양생물종;싸리비모자반;Sargassum;autumnale;모자반과;동;남해안,270000024988,Chromista,크로미스타계,Ochrophyta,대롱편모조식물문,Phaeophyceae,갈조강,Fucales,말목,Sargassaceae,모자반과,"Sargassum autumnale Yoshida, 1983",Sargassum autumnale,싸리비모자반,기타,"식물체는 암갈색이며, 원추상의 부착기로부터 직립하여 자라고, 줄기는 원기둥 모양이고, 30~60 cm까지 자란다. 중심가지는 줄기 상부에서 매년 발달하고, 탈락 후 넓적한 돌기를 남기며, 세모기둥 모양으로 가장자리에 뾰족한 돌기를 드물게 낸다. 가지는 중심가지의 가장자리에서 많이 발달하고, 길이는 중심가지보다 짧다. 잎은 줄기의 하부에서 뾰족한 선형이고, 가장자리에 톱니모양을 가지며 아래쪽으로 향한다. 상부에서는 선상으로 가늘다. 기낭은 가운데가 가장 넓고 가장자리로 갈수록 좁아지는 모양이고, 바늘모양의 돌기를 가지며, 드물게 잎 모양의 관엽을 갖기도 한다. 연중 출연하고, 가을이 생식시기이다. 조간대부터 조하대 상부까지 생육한다.",,,,,,"동, 남해안",일본,,,정명,"Sargassum autumnale Yoshida, 1983"
국립해양생물자원관_해양생물종정보 서비스,https://www.data.go.kr/data/15094770/openapi.do,,marine_life_species,쌍발이모자반,크로미스타계; 대롱편모조식물문; 갈조강; 말목; 모자반과,,,,,"식물체는 갈색이며 방석 모양의 뿌리에서 원기둥 모양의 짧은 줄기가 여러 개 나오고 그 줄기는 납작해져 기다란 중심가지로 된다. 잎은 가죽질이고 긴 주걱 모양이며 뚜렷한 중륵을 가지고 가장자리는 매끈하다. 기포는 북 모양이며 끝에 잎과 같은 모양의 잎(관엽)을 갖는다. 생식기 가지는 보통 두 갈래로 갈라진다. (Lee, 2008 편집 인용)","해양생물의 생김새, 서식지, 분포를 반영한 과학 동화 소재",국명·학명·서식지·분류체계를 활용한 관찰 질문과 퀴즈,5-7;8-10,해양생물종;쌍발이모자반;Sargassum;patens;모자반과,270000025005,Chromista,크로미스타계,Ochrophyta,대롱편모조식물문,Phaeophyceae,갈조강,Fucales,말목,Sargassaceae,모자반과,"Sargassum patens C.Agardh, 1820",Sargassum patens,쌍발이모자반,기타,,"식물체는 갈색이며 방석 모양의 뿌리에서 원기둥 모양의 짧은 줄기가 여러 개 나오고 그 줄기는 납작해져 기다란 중심가지로 된다. 잎은 가죽질이고 긴 주걱 모양이며 뚜렷한 중륵을 가지고 가장자리는 매끈하다. 기포는 북 모양이며 끝에 잎과 같은 모양의 잎(관엽)을 갖는다. 생식기 가지는 보통 두 갈래로 갈라진다. (Lee, 2008 편집 인용)",조하대에서 주로 자란다.,,,,,,,,정명,"Sargassum patens C.Agardh, 1820"
국립해양생물자원관_해양생물종정보 서비스,https://www.data.go.kr/data/15094770/openapi.do,,marine_life_species,아시아솜말,크로미스타계; 대롱편모조식물문; 갈조강; 솜털목; 솜말과,"동해, 서해, 남해","동해, 서해, 남해",,,"엽체는 돌이나 다른 해조류 (Sargassum sp. and Scytosiphon lomentaria)에 엉켜 덩어리는 이루고 엽체의 전체길이가 30cm정도 되고 가지가 있다. 분산분열 생장하고, 생장이 일어나는 부분은 작은 세포로 구성되어 있다. 크람퐁(Crampons)은 직립지에 직각으로 형성된다. 직립지의 세포는 길이가 20-77μm폭은 18-30μm이고 여러개의 원반형의 갈색체를 가진다.","해양생물의 생김새, 서식지, 분포를 반영한 과학 동화 소재",국명·학명·서식지·분류체계를 활용한 관찰 질문과 퀴즈,5-7;8-10,해양생물종;아시아솜말;Acinetospora;asiatica;솜말과;동해;서해;남해,270000019370,Chromista,크로미스타계,Ochrophyta,대롱편모조식물문,Phaeophyceae,갈조강,Ectocarpales,솜털목,Acinetosporaceae,솜말과,"Acinetospora asiatica Yaegashi, Yamagishi & Kogame, 2015",Acinetospora asiatica,아시아솜말,기타,"엽체는 돌이나 다른 해조류 (Sargassum sp. and Scytosiphon lomentaria)에 엉켜 덩어리는 이루고 엽체의 전체길이가 30cm정도 되고 가지가 있다. 분산분열 생장하고, 생장이 일어나는 부분은 작은 세포로 구성되어 있다. 크람퐁(Crampons)은 직립지에 직각으로 형성된다. 직립지의 세포는 길이가 20-77μm폭은 18-30μm이고 여러개의 원반형의 갈색체를 가진다.",,,,,,"동해, 서해, 남해",일본,,,정명,"Acinetospora asiatica Yaegashi, Yamagishi & Kogame, 2015"
국립해양생물자원관_해양생물종정보 서비스,https://www.data.go.kr/data/15094770/openapi.do,,marine_life_species,알꼴긴털실말,크로미스타계; 대롱편모조식물문; 갈조강; 솜털목; 솜말과,,,,,"환경 조건에 따라 형태변이가 심하다. 엽체는 단독으로 또는 뭉쳐서 직립한다. 주축으로부터 많은 가지를 내며, 연갈색을 띠고, 각각이 분리된 단선 사상체로, 0.5~1.0cm 높이로 자란다. 다른 해조류에 부착 생육한다. 하부는 아래로 자라는 가근에 의해 약간 피층화 되어 있으며, 절간 사이에 흩어져 있는 분열대에 의해 분산분열 생장한다. 측지는 무한생장하며, 대생 혹은 간혹 호생으로 동일 평면상에 배열하고, 2개씩 쌍으로 대생하는 측지와 1개씩 대생하는 측지가 교대로 다소 규칙적인 간격으로 나며, 1~2차 소지를 낸다. 조간대 하부 및 조하대에서 봄철에 드물게 관찰된다. 전 세계 온대 및 아한대 연안에 분포한다.","해양생물의 생김새, 서식지, 분포를 반영한 과학 동화 소재",국명·학명·서식지·분류체계를 활용한 관찰 질문과 퀴즈,5-7;8-10,해양생물종;알꼴긴털실말;Hincksia;ovata;솜말과,270000022525,Chromista,크로미스타계,Ochrophyta,대롱편모조식물문,Phaeophyceae,갈조강,Ectocarpales,솜털목,Acinetosporaceae,솜말과,"Hincksia ovata (Kjellman) P.C.Silva, 1987",Hincksia ovata,알꼴긴털실말,기타,"환경 조건에 따라 형태변이가 심하다. 엽체는 단독으로 또는 뭉쳐서 직립한다. 주축으로부터 많은 가지를 내며, 연갈색을 띠고, 각각이 분리된 단선 사상체로, 0.5~1.0cm 높이로 자란다. 다른 해조류에 부착 생육한다. 하부는 아래로 자라는 가근에 의해 약간 피층화 되어 있으며, 절간 사이에 흩어져 있는 분열대에 의해 분산분열 생장한다. 측지는 무한생장하며, 대생 혹은 간혹 호생으로 동일 평면상에 배열하고, 2개씩 쌍으로 대생하는 측지와 1개씩 대생하는 측지가 교대로 다소 규칙적인 간격으로 나며, 1~2차 소지를 낸다. 조간대 하부 및 조하대에서 봄철에 드물게 관찰된다. 전 세계 온대 및 아한대 연안에 분포한다.",,,,,,,,,,정명,"Hincksia ovata (Kjellman) P.C.Silva, 1987"
국립해양생물자원관_해양생물종정보 서비스,https://www.data.go.kr/data/15094770/openapi.do,,marine_life_species,알쏭이모자반,크로미스타계; 대롱편모조식물문; 갈조강; 말목; 모자반과,우리나라 전 연안,우리나라 전 연안,,,"식물체는 흑갈색이며 반상근 모양의 부착기에서 단독 직립하여 2 m까지 자란다. 원기둥 모양의 중심가지는 같은 부분에서 어긋나기로 나고, 소가지가 다수 발달한다. 잎의 하부는 장타원형 또는 피침형이고, 가장자리는 매끈하거나 잔잔한 톱니모양의 거치를 형성하며, 중륵이 잎의 끝부분까지 나타난다. 잎의 상부는 피침형이고, 중륵이 뚜렷하지 않으며 털이 산재한다. 기낭은 구형 또는 타원형이고, 기낭의 끝부분은 둥글거나 돌기를 낸다. 연중 생육하며 주로 조간대에서 자란다. 5월부터 8월에 생식시기이다.","해양생물의 생김새, 서식지, 분포를 반영한 과학 동화 소재",국명·학명·서식지·분류체계를 활용한 관찰 질문과 퀴즈,5-7;8-10,해양생물종;알쏭이모자반;Sargassum;confusum;모자반과;우리나라;전;연안,270000024989,Chromista,크로미스타계,Ochrophyta,대롱편모조식물문,Phaeophyceae,갈조강,Fucales,말목,Sargassaceae,모자반과,"Sargassum confusum C.Agardh, 1824",Sargassum confusum,알쏭이모자반,기타,"식물체는 흑갈색이며 반상근 모양의 부착기에서 단독 직립하여 2 m까지 자란다. 원기둥 모양의 중심가지는 같은 부분에서 어긋나기로 나고, 소가지가 다수 발달한다. 잎의 하부는 장타원형 또는 피침형이고, 가장자리는 매끈하거나 잔잔한 톱니모양의 거치를 형성하며, 중륵이 잎의 끝부분까지 나타난다. 잎의 상부는 피침형이고, 중륵이 뚜렷하지 않으며 털이 산재한다. 기낭은 구형 또는 타원형이고, 기낭의 끝부분은 둥글거나 돌기를 낸다. 연중 생육하며 주로 조간대에서 자란다. 5월부터 8월에 생식시기이다.","엽체는 60cm에서 2m까지 생장하며, 부착기는 반상이고 줄기의 내부는 비어 있으며, 중심가지는 원주상이고 작은 가시가 있다. 하부의 잎은 타원형 또는 주걱 모양이며 길이가 7cm 정도이다. 상부의 잎은 보통은 긴 피침상이고 3~5cm쯤 되며 양 끝이 가늘다.(Choi et al., 2016 편집 인용)",,,,,우리나라 전 연안,"예멘, 중국, 홍콩, 일본, 필리핀, 베트남",,,정명,"Sargassum confusum C.Agardh, 1824"
국립해양생물자원관_해양생물종정보 서비스,https://www.data.go.kr/data/15094770/openapi.do,,marine_life_species,알쏭이모자반털,크로미스타계; 대롱편모조식물문; 갈조강; 솜털목; 민가지말과,전 해역,전 해역,,,"엽체는 보통 모자반류에 부착하며, 높이는 1.5~3.0mm이고 형태는 반구형 방석 모양이다. 엽체는 기부 수층부와 중간 피층부 및 동화사 3부위로 이루어진다. 수층사는 잘 발달하고 밀집되어 있으며, 길이 50~130μm, 폭 20~30μm의 큰 세포로 구성되고, 불규칙한 혹은 부풀어 오른 무색의 쐐기꼴 모양으로, 4~6세포로 구성된 사상체가 밀착되어 있다. 피층성 측사는 길이 150~200μm, 폭 5~8μm이며, 단순하고, 선상이거나 약간 굽어 있다. 진갈조털이 드물게 관찰된다. 동화사는 위쪽 수층 세포에서 형성되며, 가늘고, 전체적으로 폭이 균일한 원통형 내지 장방형 세포로 구성된다. 진한 갈색을 띤다.","해양생물의 생김새, 서식지, 분포를 반영한 과학 동화 소재",국명·학명·서식지·분류체계를 활용한 관찰 질문과 퀴즈,5-7;8-10,해양생물종;알쏭이모자반털;Elachista;tenuis;민가지말과;전;해역,270000021822,Chromista,크로미스타계,Ochrophyta,대롱편모조식물문,Phaeophyceae,갈조강,Ectocarpales,솜털목,Chordariaceae,민가지말과,"Elachista tenuis Yamada, 1928",Elachista tenuis,알쏭이모자반털,기타,,"엽체는 보통 모자반류에 부착하며, 높이는 1.5~3.0mm이고 형태는 반구형 방석 모양이다. 엽체는 기부 수층부와 중간 피층부 및 동화사 3부위로 이루어진다. 수층사는 잘 발달하고 밀집되어 있으며, 길이 50~130μm, 폭 20~30μm의 큰 세포로 구성되고, 불규칙한 혹은 부풀어 오른 무색의 쐐기꼴 모양으로, 4~6세포로 구성된 사상체가 밀착되어 있다. 피층성 측사는 길이 150~200μm, 폭 5~8μm이며, 단순하고, 선상이거나 약간 굽어 있다. 진갈조털이 드물게 관찰된다. 동화사는 위쪽 수층 세포에서 형성되며, 가늘고, 전체적으로 폭이 균일한 원통형 내지 장방형 세포로 구성된다. 진한 갈색을 띤다.",봄부터 여름(4~6월)에 생육한다.,,,,전 해역,일본,,,정명,"Elachista tenuis Yamada, 1928"
국립해양생물자원관_해양생물종정보 서비스,https://www.data.go.kr/data/15094770/openapi.do,,marine_life_species,애기다시마,크로미스타계; 대롱편모조식물문; 갈조강; 다시마목; 다시마과,"서해, 남해","서해, 남해",,,"길이 2m 이내, 폭 30cm 이내이며, 크기가 작은 다시마의 형태를 한다. 엽상체는 한 장으로 단순하며, 어린 엽상체에는 세로로 배열된 수포 모양의 돌기가 있다. 줄기는 하나이고 원통형이며 짧다. 부착기는 다수로 갈라진 흡착기다.","해양생물의 생김새, 서식지, 분포를 반영한 과학 동화 소재",국명·학명·서식지·분류체계를 활용한 관찰 질문과 퀴즈,5-7;8-10,해양생물종;애기다시마;Saccharina;japonica;var.;religiosa;다시마과;서해;남해,272000000053,Chromista,크로미스타계,Ochrophyta,대롱편모조식물문,Phaeophyceae,갈조강,Laminariales,다시마목,Laminariaceae,다시마과,"Saccharina japonica var. religiosa (Miyabe) N.Yotsukura, S.Kawashima, T.Kawai, T.Abe & L.D.Druehl, 2008",Saccharina japonica var. religiosa,애기다시마,기타,,"길이 2m 이내, 폭 30cm 이내이며, 크기가 작은 다시마의 형태를 한다. 엽상체는 한 장으로 단순하며, 어린 엽상체에는 세로로 배열된 수포 모양의 돌기가 있다. 줄기는 하나이고 원통형이며 짧다. 부착기는 다수로 갈라진 흡착기다.",다년생 해조류로 형태적으로 다시마와 매우 유사하지만 우리나라에서는 크기가 작은 개체를 애기다시마로 동정하는 경우가 많다. 해저 약 20~30m 지점에서 자란다. 우리나라 서해안 및 남해안 일대에 분포하며 깊이 20∼30m의 깊은 조하대에서 일년 내내 서식한다.,,,"항응고, 항미생물, 항고지혈증, 항당뇨, 항비만, 항산화, 항염증","서해, 남해","일본, 중국",,"식품, 약품(생리불순), 산업용",정명,"Saccharina japonica var. religiosa (Miyabe) N.Yotsukura, S.Kawashima, T.Kawai, T.Abe & L.D.Druehl, 2008"
국립해양생물자원관_해양생물종정보 서비스,https://www.data.go.kr/data/15094770/openapi.do,,marine_life_species,애기부챗말,크로미스타계; 대롱편모조식물문; 갈조강; 그물바탕말목; 그물바탕말과,,,,,애기부챗말은(는) 해양생물 캐릭터와 과학 동화 소재로 사용할 수 있다.,"해양생물의 생김새, 서식지, 분포를 반영한 과학 동화 소재",국명·학명·서식지·분류체계를 활용한 관찰 질문과 퀴즈,5-7;8-10,해양생물종;애기부챗말;Padina;minor;그물바탕말과,270000023828,Chromista,크로미스타계,Ochrophyta,대롱편모조식물문,Phaeophyceae,갈조강,Dictyotales,그물바탕말목,Dictyotaceae,그물바탕말과,"Padina minor Yamada, 1925",Padina minor,애기부챗말,기타,,,,,,,,,,,정명,"Padina minor Yamada, 1925"
국립해양생물자원관_해양생물종정보 서비스,https://www.data.go.kr/data/15094770/openapi.do,,marine_life_species,연넓은미역쇠,크로미스타계; 대롱편모조식물문; 갈조강; 솜털목; 민가지말과,,,,,연넓은미역쇠은(는) 해양생물 캐릭터와 과학 동화 소재로 사용할 수 있다.,"해양생물의 생김새, 서식지, 분포를 반영한 과학 동화 소재",국명·학명·서식지·분류체계를 활용한 관찰 질문과 퀴즈,5-7;8-10,해양생물종;연넓은미역쇠;Punctaria;projecta;민가지말과,270000024695,Chromista,크로미스타계,Ochrophyta,대롱편모조식물문,Phaeophyceae,갈조강,Ectocarpales,솜털목,Chordariaceae,민가지말과,"Punctaria projecta Yamada, 1968",Punctaria projecta,연넓은미역쇠,기타,,,,,,,,,,,정명,"Punctaria projecta Yamada, 1968"
국립해양생물자원관_해양생물종정보 서비스,https://www.data.go.kr/data/15094770/openapi.do,,marine_life_species,연두털말,크로미스타계; 대롱편모조식물문; 갈조강; 솜털목; 민가지말과,"동해안, 서해안, 남해안","동해안, 서해안, 남해안",,,"식물체는 암반이나 다른 해조류에 부착한다. 색은 연두색이며 주축에서 많은 가지가 나며, 부드러운 털로 덮여있다. 길이는 약 30cm, 폭은 1~4mm이고, 피층은 갸름한 구슬모양의 세포가 여러 개 연결되어 있다. 봄에서 초여름 사이에 남해안 및 동해안에 분포한다.","해양생물의 생김새, 서식지, 분포를 반영한 과학 동화 소재",국명·학명·서식지·분류체계를 활용한 관찰 질문과 퀴즈,5-7;8-10,해양생물종;연두털말;Papenfussiella;kuromo;민가지말과;동해안;서해안;남해안,270000023886,Chromista,크로미스타계,Ochrophyta,대롱편모조식물문,Phaeophyceae,갈조강,Ectocarpales,솜털목,Chordariaceae,민가지말과,"Papenfussiella kuromo (Yendo) Inagaki, 1958",Papenfussiella kuromo,연두털말,기타,"식물체는 암반이나 다른 해조류에 부착한다. 색은 연두색이며 주축에서 많은 가지가 나며, 부드러운 털로 덮여있다. 길이는 약 30cm, 폭은 1~4mm이고, 피층은 갸름한 구슬모양의 세포가 여러 개 연결되어 있다. 봄에서 초여름 사이에 남해안 및 동해안에 분포한다.","엽체는 사상이며 연골질이고 체장은 10~30cm이고 폭 1~4mm이다. 대체로 한 개의 주축이 있고 많은 가지를 가지며, 표면에는 털이 밀생하고 어릴 때는 황록색이며 유연하고 후에 녹색이 된다. 정모분열로 생장하며 모든 방향으로 호생 내지 불규칙하게 2~3차례 분지한다.(Choi et al., 2016 편집 인용)",,,,,"동해안, 서해안, 남해안","유럽, 아시아, 아틀란틱 섬들",,,정명,"Papenfussiella kuromo (Yendo) Inagaki, 1958"
국립해양생물자원관_해양생물종정보 서비스,https://www.data.go.kr/data/15094770/openapi.do,,marine_life_species,엷은부챗말,크로미스타계; 대롱편모조식물문; 갈조강; 그물바탕말목; 그물바탕말과,"서해안,남해안","서해안,남해안",,,"식물체는 황갈색이며 부채모양 또는 깔때기모양이다. 엽상체는 아랫면에 석회질이 없으며 헛뿌리 다발을 내고, 가장자리는 위로 말려있다. 식물체는 암반에 착생하고, 연중 출현한다.","해양생물의 생김새, 서식지, 분포를 반영한 과학 동화 소재",국명·학명·서식지·분류체계를 활용한 관찰 질문과 퀴즈,5-7;8-10,해양생물종;엷은부챗말;Padina;japonica;그물바탕말과;서해안;남해안,270000023827,Chromista,크로미스타계,Ochrophyta,대롱편모조식물문,Phaeophyceae,갈조강,Dictyotales,그물바탕말목,Dictyotaceae,그물바탕말과,"Padina japonica Yamada, 1931",Padina japonica,엷은부챗말,기타,"식물체는 황갈색이며 부채모양 또는 깔때기모양이다. 엽상체는 아랫면에 석회질이 없으며 헛뿌리 다발을 내고, 가장자리는 위로 말려있다. 식물체는 암반에 착생하고, 연중 출현한다.","어린 시기에는 선상이나 생장하면 부채꼴이 된다. 가근성 부착기로 부착하여 생장한다. 엽상체는 안쪽으로 말리는 정단분열 세포 조직이 있다. 색은 엷은 갈색이며 체장은 6cm 정도 자란다. 연중 출현한다.(국립해양생물자원관, 해양생명자원기탁등록보존기관(2016~2018))",식물체는 암반에 착생한다.,,,,"서해안,남해안","일본,필리핀,하와이,팔라우",,,정명,"Padina japonica Yamada, 1931"
국립해양생물자원관_해양생물종정보 서비스,https://www.data.go.kr/data/15094770/openapi.do,,marine_life_species,엷은잎모자반,크로미스타계; 대롱편모조식물문; 갈조강; 말목; 모자반과,,,,,엷은잎모자반은(는) 해양생물 캐릭터와 과학 동화 소재로 사용할 수 있다.,"해양생물의 생김새, 서식지, 분포를 반영한 과학 동화 소재",국명·학명·서식지·분류체계를 활용한 관찰 질문과 퀴즈,5-7;8-10,해양생물종;엷은잎모자반;Sargassum;tenuifolium;모자반과,270000025012,Chromista,크로미스타계,Ochrophyta,대롱편모조식물문,Phaeophyceae,갈조강,Fucales,말목,Sargassaceae,모자반과,"Sargassum tenuifolium Yamada, 1942",Sargassum tenuifolium,엷은잎모자반,기타,,,,,,,,,,,정명,"Sargassum tenuifolium Yamada, 1942"
국립해양생물자원관_해양생물종정보 서비스,https://www.data.go.kr/data/15094770/openapi.do,,marine_life_species,온슬로긴털실말,크로미스타계; 대롱편모조식물문; 갈조강; 솜털목; 솜말과,,,,,온슬로긴털실말은(는) 해양생물 캐릭터와 과학 동화 소재로 사용할 수 있다.,"해양생물의 생김새, 서식지, 분포를 반영한 과학 동화 소재",국명·학명·서식지·분류체계를 활용한 관찰 질문과 퀴즈,5-7;8-10,해양생물종;온슬로긴털실말;Hincksia;onslowensis;솜말과,270000022524,Chromista,크로미스타계,Ochrophyta,대롱편모조식물문,Phaeophyceae,갈조강,Ectocarpales,솜털목,Acinetosporaceae,솜말과,"Hincksia onslowensis (Amsler & Kapraun) P.C.Silva, 1987",Hincksia onslowensis,온슬로긴털실말,기타,,,,,,,,,,,정명,"Hincksia onslowensis (Amsler & Kapraun) P.C.Silva, 1987"
국립해양생물자원관_해양생물종정보 서비스,https://www.data.go.kr/data/15094770/openapi.do,,marine_life_species,왕관잎모자반,크로미스타계; 대롱편모조식물문; 갈조강; 말목; 모자반과,,,,,왕관잎모자반은(는) 해양생물 캐릭터와 과학 동화 소재로 사용할 수 있다.,"해양생물의 생김새, 서식지, 분포를 반영한 과학 동화 소재",국명·학명·서식지·분류체계를 활용한 관찰 질문과 퀴즈,5-7;8-10,해양생물종;왕관잎모자반;Turbinaria;ornata;모자반과,270000025732,Chromista,크로미스타계,Ochrophyta,대롱편모조식물문,Phaeophyceae,갈조강,Fucales,말목,Sargassaceae,모자반과,"Turbinaria ornata (Turner) J.Agardh, 1848",Turbinaria ornata,왕관잎모자반,기타,,,,,,,,,,,정명,"Turbinaria ornata (Turner) J.Agardh, 1848"
국립해양생물자원관_해양생물종정보 서비스,https://www.data.go.kr/data/15094770/openapi.do,,marine_life_species,왜모자반털,크로미스타계; 대롱편모조식물문; 갈조강; 솜털목; 민가지말과,한국,한국,,,"엽체는 황갈색의 작은 사마귀 모양이며 가운데의 단단한 부분은 수조직이고 밖으로 기다란 동화사가 방사상으로 존재한다. 동화사는 배가 볼록한 원통모양의 세포가 한 줄로 연결되어 있으며, 뿌리에서 나온다.","해양생물의 생김새, 서식지, 분포를 반영한 과학 동화 소재",국명·학명·서식지·분류체계를 활용한 관찰 질문과 퀴즈,5-7;8-10,해양생물종;왜모자반털;Elachista;nipponica;민가지말과;한국,270000021820,Chromista,크로미스타계,Ochrophyta,대롱편모조식물문,Phaeophyceae,갈조강,Ectocarpales,솜털목,Chordariaceae,민가지말과,"Elachista nipponica Umezaki, 1965",Elachista nipponica,왜모자반털,기타,,"엽체는 황갈색의 작은 사마귀 모양이며 가운데의 단단한 부분은 수조직이고 밖으로 기다란 동화사가 방사상으로 존재한다. 동화사는 배가 볼록한 원통모양의 세포가 한 줄로 연결되어 있으며, 뿌리에서 나온다.","조간대 하부의 다른 식물, 즉 모자반과 뜸부기 엽체에 착생하여 서식함",,,,한국,"아시아(일본), 북태평양 서안",,,정명,"Elachista nipponica Umezaki, 1965"
국립해양생물자원관_해양생물종정보 서비스,https://www.data.go.kr/data/15094770/openapi.do,,marine_life_species,외가지말,크로미스타계; 대롱편모조식물문; 갈조강; 바위딱지목; 바위딱지과,,,,,외가지말은(는) 해양생물 캐릭터와 과학 동화 소재로 사용할 수 있다.,"해양생물의 생김새, 서식지, 분포를 반영한 과학 동화 소재",국명·학명·서식지·분류체계를 활용한 관찰 질문과 퀴즈,5-7;8-10,해양생물종;외가지말;Heteroralfsia;saxicola;바위딱지과,270000022517,Chromista,크로미스타계,Ochrophyta,대롱편모조식물문,Phaeophyceae,갈조강,Ralfsiales,바위딱지목,Ralfsiaceae,바위딱지과,"Heteroralfsia saxicola (Okamura & Yamada) H.Kawai, 1989",Heteroralfsia saxicola,외가지말,기타,,,,,,,,,,,정명,"Heteroralfsia saxicola (Okamura & Yamada) H.Kawai, 1989"
국립해양생물자원관_해양생물종정보 서비스,https://www.data.go.kr/data/15094770/openapi.do,,marine_life_species,외쪽긴털실말,크로미스타계; 대롱편모조식물문; 갈조강; 솜털목; 솜말과,,,,,외쪽긴털실말은(는) 해양생물 캐릭터와 과학 동화 소재로 사용할 수 있다.,"해양생물의 생김새, 서식지, 분포를 반영한 과학 동화 소재",국명·학명·서식지·분류체계를 활용한 관찰 질문과 퀴즈,5-7;8-10,해양생물종;외쪽긴털실말;Hincksia;secunda;솜말과,270000022527,Chromista,크로미스타계,Ochrophyta,대롱편모조식물문,Phaeophyceae,갈조강,Ectocarpales,솜털목,Acinetosporaceae,솜말과,"Hincksia secunda (Kützing) P.C.Silva, 1987",Hincksia secunda,외쪽긴털실말,기타,,,,,,,,,,,정명,"Hincksia secunda (Kützing) P.C.Silva, 1987"
국립해양생물자원관_해양생물종정보 서비스,https://www.data.go.kr/data/15094770/openapi.do,,marine_life_species,외쪽바다오디,크로미스타계; 대롱편모조식물문; 갈조강; 솜털목; 민가지말과,강원도,강원도,,,"엽체의 높이는 약 6cm이며 타래 모양으로 난다. 직립하고 많은 가지를 낸다. 측지는 무한생장하며, 연기적 또는 아차상으로 분지하며, 등면 쪽으로 2~4차 가지 및 소지를 항상 편생으로 내고, 배면 쪽으로 휜다. 복실낭은 마지막 짧은 소지의 등면에 연달아 편생하며, 인접 소포자낭이 빽빽하게 뭉쳐져서 불규칙한 오디 모양을 한다. 흔히 진갈조털을 형성하고 연갈색을 띤다.","해양생물의 생김새, 서식지, 분포를 반영한 과학 동화 소재",국명·학명·서식지·분류체계를 활용한 관찰 질문과 퀴즈,5-7;8-10,해양생물종;외쪽바다오디;Botrytella;parva;민가지말과;강원도,270000020842,Chromista,크로미스타계,Ochrophyta,대롱편모조식물문,Phaeophyceae,갈조강,Ectocarpales,솜털목,Chordariaceae,민가지말과,"Botrytella parva (Takamatsu) H.S.Kim, 1996",Botrytella parva,외쪽바다오디,기타,,"엽체의 높이는 약 6cm이며 타래 모양으로 난다. 직립하고 많은 가지를 낸다. 측지는 무한생장하며, 연기적 또는 아차상으로 분지하며, 등면 쪽으로 2~4차 가지 및 소지를 항상 편생으로 내고, 배면 쪽으로 휜다. 복실낭은 마지막 짧은 소지의 등면에 연달아 편생하며, 인접 소포자낭이 빽빽하게 뭉쳐져서 불규칙한 오디 모양을 한다. 흔히 진갈조털을 형성하고 연갈색을 띤다.","주로 암반에 착생하나, 드물게 다른 해조류 위에 생육한다.",,,,강원도,일본,,,정명,"Botrytella parva (Takamatsu) H.S.Kim, 1996"
국립해양생물자원관_해양생물종정보 서비스,https://www.data.go.kr/data/15094770/openapi.do,,marine_life_species,외톨개모자반,크로미스타계; 대롱편모조식물문; 갈조강; 말목; 모자반과,"남해안,동해안,제주도","남해안,동해안,제주도",,,"식물체는 갈색이며 원반상근에서 뚜렷한 중심가지를 이루어 1~2 m까지 자란다. 중심가지는 납작하고 가느다란 줄기를 많이 낸다. 가지 양쪽 가장자리에 있는 어긋나기잎은 길고 중륵이 있으며 댓잎모양이다. 기낭은 타원형이나 상부의 것은 방추형이며 가는 선상의 관엽을 가진다. 생식기탁은 원주상이며, 가지의 상부에 총상으로 발달하고, 자웅이주이다. 주로 조간대 하부나 조하대에서 연중 출현한다.","해양생물의 생김새, 서식지, 분포를 반영한 과학 동화 소재",국명·학명·서식지·분류체계를 활용한 관찰 질문과 퀴즈,5-7;8-10,해양생물종;외톨개모자반;Myagropsis;myagroides;모자반과;남해안;동해안;제주도,270000023457,Chromista,크로미스타계,Ochrophyta,대롱편모조식물문,Phaeophyceae,갈조강,Fucales,말목,Sargassaceae,모자반과,"Myagropsis myagroides (Mertens ex Turner) Fensholt, 1955",Myagropsis myagroides,외톨개모자반,기타,"식물체는 갈색이며 원반상근에서 뚜렷한 중심가지를 이루어 1~2 m까지 자란다. 중심가지는 납작하고 가느다란 줄기를 많이 낸다. 가지 양쪽 가장자리에 있는 어긋나기잎은 길고 중륵이 있으며 댓잎모양이다. 기낭은 타원형이나 상부의 것은 방추형이며 가는 선상의 관엽을 가진다. 생식기탁은 원주상이며, 가지의 상부에 총상으로 발달하고, 자웅이주이다. 주로 조간대 하부나 조하대에서 연중 출현한다.","식물체는 갈색이며 원반상근에서 뚜렷한 중심가지를 이루어 1~2 m까지 자란다. 중심가지는 납작하고 가느다란 줄기를 많이 낸다. 가지 양쪽 가장자리에 있는 어긋나기잎은 길고 중륵이 있으며 댓잎모양이다. 기낭은 타원형이나 상부의 것은 방추형이며 가는 선상의 관엽을 가진다. 생식기탁은 원주상이며, 가지의 상부에 총상으로 발달하고, 자웅이주이다.",주로 조간대 하부나 조하대에서 연중 출현한다.,,,"항박테리아, 항염증","남해안,동해안,제주도","중국,일본,필리핀",,식품,정명,"Myagropsis myagroides (Mertens ex Turner) Fensholt, 1955"
국립해양생물자원관_해양생물종정보 서비스,https://www.data.go.kr/data/15094770/openapi.do,,marine_life_species,외톨이갯쇠털,크로미스타계; 대롱편모조식물문; 갈조강; 갯쇠털목; 갯쇠털과,"동해, 남해","동해, 남해",,,"엽체의 길이는 2cm이고, 기부는 단층 또는 다층의 원반형이고 가근을 낸다. 직립지는 총생하며, 원주형이고 무한생장하며, 불규칙적으로 분지한다. 마디는 방사상으로 분열한다. 털은 가지의 정단부 또는 정단 세포의 사면분열로 형성된 모세포에서 발달한다. 배아지는 곧은 원주형의 자루와 소지가 있고, 소지는 2개이거나, 1개의 소지는 정단세포로부터 2번째마디에서 분지하여 이차소지를 형성하여 비대칭을 이룬다. 짙은 갈색 또는 녹갈색이다.","해양생물의 생김새, 서식지, 분포를 반영한 과학 동화 소재",국명·학명·서식지·분류체계를 활용한 관찰 질문과 퀴즈,5-7;8-10,해양생물종;외톨이갯쇠털;Sphacelaria;solitaria;갯쇠털과;동해;남해,270000025191,Chromista,크로미스타계,Ochrophyta,대롱편모조식물문,Phaeophyceae,갈조강,Sphacelariales,갯쇠털목,Sphacelariaceae,갯쇠털과,"Sphacelaria solitaria (Pringsheim) Kylin, 1947",Sphacelaria solitaria,외톨이갯쇠털,기타,,"엽체의 길이는 2cm이고, 기부는 단층 또는 다층의 원반형이고 가근을 낸다. 직립지는 총생하며, 원주형이고 무한생장하며, 불규칙적으로 분지한다. 마디는 방사상으로 분열한다. 털은 가지의 정단부 또는 정단 세포의 사면분열로 형성된 모세포에서 발달한다. 배아지는 곧은 원주형의 자루와 소지가 있고, 소지는 2개이거나, 1개의 소지는 정단세포로부터 2번째마디에서 분지하여 이차소지를 형성하여 비대칭을 이룬다. 짙은 갈색 또는 녹갈색이다.",온대 해역에 분포한다.,,,,"동해, 남해",일본,,,정명,"Sphacelaria solitaria (Pringsheim) Kylin, 1947"
국립해양생물자원관_해양생물종정보 서비스,https://www.data.go.kr/data/15094770/openapi.do,,marine_life_species,원반납작패,크로미스타계; 대롱편모조식물문; 갈조강; 패목; Petrodermataceae,"Chaeseokang, Byeongsan-myeon, Buan-gun, Jeollabuk-do, Korea[3]","Chaeseokang, Byeongsan-myeon, Buan-gun, Jeollabuk-do, Korea[3]",,,2배체의 sporophyte 세대와 1배체의 gametophyte 세대로 구성되고 동형세대교번을 따른다. 생식기는 unangia와 plurilocular 포자낭이 있다.,"해양생물의 생김새, 서식지, 분포를 반영한 과학 동화 소재",국명·학명·서식지·분류체계를 활용한 관찰 질문과 퀴즈,5-7;8-10,해양생물종;원반납작패;Petroderma;maculiforme;Petrodermataceae;Chaeseokang;Byeongsan-myeon;Buan-gun;Jeollabuk-do;Korea[3],270000026861,Chromista,크로미스타계,Ochrophyta,대롱편모조식물문,Phaeophyceae,갈조강,Ishigeales,패목,Petrodermataceae,,"Petroderma maculiforme (Wollny) Kuckuck, 1897",Petroderma maculiforme,원반납작패,기타,2배체의 sporophyte 세대와 1배체의 gametophyte 세대로 구성되고 동형세대교번을 따른다. 생식기는 unangia와 plurilocular 포자낭이 있다.,"식물체는 작은 불규칙한 형태의 부착성 표면에 붙어 있는 껍질 모양으로, 밝은 갈색에서 짙은 갈색을 띠며, 지름이 몇 밀리미터에서 1cm이다. 겔 상태지만 기질에 잘 부착되어 있다. 짧은 다세포성 Rhizoids는 드물게 관찰된다. 몸체(thalli)는 높이 139-175 μm이고, 단층으로 이루어진 basal layer과 직립한 필라멘트로 구성되어 있고 압력을 가하면 filaments는 쉽게 분리된다. 대부분 최대 11개의 세포로 구성되며, 각 세포에는 단일 벽면 색소체(chromatophore)를 가진다. 털(hair)은 드물고, 직립 필라멘트의 끝에서 발생하며, 무리를 이루지는 않는다. 단일실 포자낭(unilocular sporangia)은 직립 필라멘트의 끝에 위치하며, 구형에서 원통형이고, 길이 20-35 μm, 너비 10-15 μm로, paraphyses는 없다. 다실 포자낭(plurilocular sporangia)은 직립 필라멘트의 끝에 위치하며, paraphyses는 없다. 일부 다실 포자낭은 길쭉한 단열형이고 때때로 비스듬하거나 세로 방향의 격막이 있으며, 직립 필라멘트보다 넓지 않다.",조간대 지역의 단단한 기질에 붙어 자란다.,,,,"Chaeseokang, Byeongsan-myeon, Buan-gun, Jeollabuk-do, Korea[3]","북아메리카, 북극, 유럽, Atlantic Islands, 아시아, 남극[1][2]",,,정명,"Petroderma maculiforme (Wollny) Kuckuck, 1897"
국립해양생물자원관_해양생물종정보 서비스,https://www.data.go.kr/data/15094770/openapi.do,,marine_life_species,인도좀솜털,크로미스타계; 대롱편모조식물문; 갈조강; 솜털목; 솜말과,"제주도, 울릉도","제주도, 울릉도",,,"엽체는 암반에 부착하여 12cm 높이로 자라고, 빽빽하게 뭉쳐나며 직립한다. 가지는 호생하거나 또는 불규칙하게 난다. 주축 및 측지 세포열에 흩어져 있는 개재적 분열대에 의해 생장하며, 분열대는 가지를 내는 곳의 바로 위에 위치하고 기부에서 가근을 내어 착생한다. 측지는 무한생장하며, 보통 다소 규칙적인 간격으로 2~3개씩 함께 형성된다. 2차 가지는 소지를 형성하지 않아 단순하며, 점점 가늘어져 투명하고 긴 위갈조털로 끝난다. 연한 갈색이다.","해양생물의 생김새, 서식지, 분포를 반영한 과학 동화 소재",국명·학명·서식지·분류체계를 활용한 관찰 질문과 퀴즈,5-7;8-10,해양생물종;인도좀솜털;Feldmannia;indica;솜말과;제주도;울릉도,270000022046,Chromista,크로미스타계,Ochrophyta,대롱편모조식물문,Phaeophyceae,갈조강,Ectocarpales,솜털목,Acinetosporaceae,솜말과,"Feldmannia indica (Sonder) Womersley & A.Bailey, 1970",Feldmannia indica,인도좀솜털,기타,,"엽체는 암반에 부착하여 12cm 높이로 자라고, 빽빽하게 뭉쳐나며 직립한다. 가지는 호생하거나 또는 불규칙하게 난다. 주축 및 측지 세포열에 흩어져 있는 개재적 분열대에 의해 생장하며, 분열대는 가지를 내는 곳의 바로 위에 위치하고 기부에서 가근을 내어 착생한다. 측지는 무한생장하며, 보통 다소 규칙적인 간격으로 2~3개씩 함께 형성된다. 2차 가지는 소지를 형성하지 않아 단순하며, 점점 가늘어져 투명하고 긴 위갈조털로 끝난다. 연한 갈색이다.",,,,,"제주도, 울릉도",전 세계 아열대~열대 해역,,,정명,"Feldmannia indica (Sonder) Womersley & A.Bailey, 1970"
국립해양생물자원관_해양생물종정보 서비스,https://www.data.go.kr/data/15094770/openapi.do,,marine_life_species,작은혹부스럼말,크로미스타계; 대롱편모조식물문; 갈조강; 솜털목; 민가지말과,,,,,작은혹부스럼말은(는) 해양생물 캐릭터와 과학 동화 소재로 사용할 수 있다.,"해양생물의 생김새, 서식지, 분포를 반영한 과학 동화 소재",국명·학명·서식지·분류체계를 활용한 관찰 질문과 퀴즈,5-7;8-10,해양생물종;작은혹부스럼말;Corynophlaea;verruculiformis;민가지말과,270000021506,Chromista,크로미스타계,Ochrophyta,대롱편모조식물문,Phaeophyceae,갈조강,Ectocarpales,솜털목,Chordariaceae,민가지말과,"Corynophlaea verruculiformis (Y.-P.Lee & I.K.Lee) Y.-P.Lee, 2008",Corynophlaea verruculiformis,작은혹부스럼말,기타,,,,,,,,,,,정명,"Corynophlaea verruculiformis (Y.-P.Lee & I.K.Lee) Y.-P.Lee, 2008"
국립해양생물자원관_해양생물종정보 서비스,https://www.data.go.kr/data/15094770/openapi.do,,marine_life_species,잔가시모자반,크로미스타계; 대롱편모조식물문; 갈조강; 말목; 모자반과,전국 연안,전국 연안,,,"식물체는 30~50 cm까지 자라며, 부착기는 원추상근이고, 직경 5 cm에 이르기도 한다. 원주상의 짧은 줄기에서 수 개의 중심가지를 형성한다. 중심가지는 침상돌기를 형성한다. 잎은 피침형, 선형이고, 길이 4~5 cm, 폭은 5~10 mm이고, 중륵이 정단까지 뚜렷하며, 거치가 깊게 파인다. 기낭은 타원형, 도란형이고, 침상돌기 또는 잎모양의 관엽을 형성한다. 자웅이주이고 생식기탁은 주걱모양이다. 연중 출현하며, 5~7월에 생식기가 형성된다.","해양생물의 생김새, 서식지, 분포를 반영한 과학 동화 소재",국명·학명·서식지·분류체계를 활용한 관찰 질문과 퀴즈,5-7;8-10,해양생물종;잔가시모자반;Sargassum;micracanthum;모자반과;전국;연안,270000024997,Chromista,크로미스타계,Ochrophyta,대롱편모조식물문,Phaeophyceae,갈조강,Fucales,말목,Sargassaceae,모자반과,"Sargassum micracanthum (Kützing) Endlicher, 1843",Sargassum micracanthum,잔가시모자반,기타,"식물체는 30~50 cm까지 자라며, 부착기는 원추상근이고, 직경 5 cm에 이르기도 한다. 원주상의 짧은 줄기에서 수 개의 중심가지를 형성한다. 중심가지는 침상돌기를 형성한다. 잎은 피침형, 선형이고, 길이 4~5 cm, 폭은 5~10 mm이고, 중륵이 정단까지 뚜렷하며, 거치가 깊게 파인다. 기낭은 타원형, 도란형이고, 침상돌기 또는 잎모양의 관엽을 형성한다. 자웅이주이고 생식기탁은 주걱모양이다. 연중 출현하며, 5~7월에 생식기가 형성된다.",식물체는 밝은 갈색이며 원추상의 부착기를 가진다. 30~50 cm까지 자란다. 원주상의 줄기에서 다수의 1차 가지를 형성하고 피침형 또는 선형의 잎을 가진다. 기낭은 타원형이며 침상돌기 또는 잎 모양의 관엽이 있다.,조수 웅덩이나 조간대 또는 조하대 상부에 생육한다.,,,"아토피 억제, 항염증, 혈관확장",전국 연안,일본,,산업용,정명,"Sargassum micracanthum (Kützing) Endlicher, 1843"
국립해양생물자원관_해양생물종정보 서비스,https://www.data.go.kr/data/15094770/openapi.do,,marine_life_species,잔가지말,크로미스타계; 대롱편모조식물문; 갈조강; 솜털목; 민가지말과,전 해역,전 해역,,,"호생으로 많은 가지를 낸다. 1차 측지가 상대적으로 많이 형성되고, 측지 사이의 간격이 상대적으로 일정하다.","해양생물의 생김새, 서식지, 분포를 반영한 과학 동화 소재",국명·학명·서식지·분류체계를 활용한 관찰 질문과 퀴즈,5-7;8-10,해양생물종;잔가지말;Sphaerotrichia;firma;민가지말과;전;해역,270000025193,Chromista,크로미스타계,Ochrophyta,대롱편모조식물문,Phaeophyceae,갈조강,Ectocarpales,솜털목,Chordariaceae,민가지말과,"Sphaerotrichia firma (E.S.Gepp) A.D.Zinova, 1958",Sphaerotrichia firma,잔가지말,기타,,"호생으로 많은 가지를 낸다. 1차 측지가 상대적으로 많이 형성되고, 측지 사이의 간격이 상대적으로 일정하다.",암반이나 다른 해조류에 착생하여 서식한다.,,,,전 해역,"일본, 중국",,,정명,"Sphaerotrichia firma (E.S.Gepp) A.D.Zinova, 1958"
국립해양생물자원관_해양생물종정보 서비스,https://www.data.go.kr/data/15094770/openapi.do,,marine_life_species,잘록모자반털,크로미스타계; 대롱편모조식물문; 갈조강; 솜털목; 민가지말과,,,,,잘록모자반털은(는) 해양생물 캐릭터와 과학 동화 소재로 사용할 수 있다.,"해양생물의 생김새, 서식지, 분포를 반영한 과학 동화 소재",국명·학명·서식지·분류체계를 활용한 관찰 질문과 퀴즈,5-7;8-10,해양생물종;잘록모자반털;Elachista;flaccida;민가지말과,270000021818,Chromista,크로미스타계,Ochrophyta,대롱편모조식물문,Phaeophyceae,갈조강,Ectocarpales,솜털목,Chordariaceae,민가지말과,"Elachista flaccida (Dillwyn) Fries, 1835",Elachista flaccida,잘록모자반털,기타,,,,,,,,,,,정명,"Elachista flaccida (Dillwyn) Fries, 1835"
국립해양생물자원관_해양생물종정보 서비스,https://www.data.go.kr/data/15094770/openapi.do,,marine_life_species,잘록이고리매,크로미스타계; 대롱편모조식물문; 갈조강; 솜털목; 고리매과,전국 연안,전국 연안,,,"식물체의 색은 연한 갈색이다. 얇고 매끄러운 원통형으로 늘어져 있으며, 가근으로부터 여러 가닥이 함께 난다. 엽상체는 어린 시기에는 사상형이지만, 자라면서 곳곳에 관절처럼 잘록한 부분이 생긴다. 체장은 15~30 cm이고, 폭은 1~5 mm이다. 겨울부터 초봄까지 출현한다. 조간대 및 조하대에 자란다.","해양생물의 생김새, 서식지, 분포를 반영한 과학 동화 소재",국명·학명·서식지·분류체계를 활용한 관찰 질문과 퀴즈,5-7;8-10,해양생물종;잘록이고리매;Scytosiphon;lomentaria;고리매과;전국;연안,270000025055,Chromista,크로미스타계,Ochrophyta,대롱편모조식물문,Phaeophyceae,갈조강,Ectocarpales,솜털목,Scytosiphonaceae,고리매과,"Scytosiphon lomentaria (Lyngbye) Link, 1833",Scytosiphon lomentaria,잘록이고리매,기타,"식물체의 색은 연한 갈색이다. 얇고 매끄러운 원통형으로 늘어져 있으며, 가근으로부터 여러 가닥이 함께 난다. 엽상체는 어린 시기에는 사상형이지만, 자라면서 곳곳에 관절처럼 잘록한 부분이 생긴다. 체장은 15~30 cm이고, 폭은 1~5 mm이다. 겨울부터 초봄까지 출현한다. 조간대 및 조하대에 자란다.","▵ Type locality : Quivig, Faeroe Islands and Bornholm, Denmark

식물체의 색은 연한 갈색이다. 얇고 매끄러운 원통형으로 늘어져 있으며, 가근으로부터 여러 가닥이 함께 난다. 엽상체는 어린 시기에는 사상형이지만, 자라면서 곳곳에 관절처럼 잘록한 부분이 생긴다. 체장은 15~30 cm이고, 폭은 1~5 mm이다. 겨울부터 초봄까지 출현한다. 조간대 및 조하대에 자란다. [1]
식물체는 연한 갈색으로 조간대 및 조하대의 암반에 착생한다. 점상의 부착기에서 길게 신장하여, 얇고 매끄러운 원통형으로 자란다. 어린 개체는 사상인데, 성숙하면 군데군데 관절처럼 잘록해진다. 길이는 15~30cm이고, 너비는 1~5mm이다.(Kim et al., 2017a) [3]",조간대 및 조하대의 암반에 착생한다.,,,"백혈병 억제, 항산화, 항염증",전국 연안,"유럽, 아일랜드, 북극, 대서양, 북아메리카, 중앙아메리카, 서대서양, 남아메리카, 아프리카, 인도양, 서남아시아, 아시아, 호주, 뉴질랜드, 남극",,"식품, 의약품",정명,"Scytosiphon lomentaria (Lyngbye) Link, 1833"
국립해양생물자원관_해양생물종정보 서비스,https://www.data.go.kr/data/15094770/openapi.do,,marine_life_species,전복솜털,크로미스타계; 대롱편모조식물문; 갈조강; 솜털목; 솜말과,"동해안, 서해안","동해안, 서해안",,,"식물체는 짧은 다발로 이루어져있으며, 1.2~2.1mm 크기의 많은 filaments들이 누워있고, 식물체는 불규칙한 가지를 낸다.
Uniseriate 직립지들은 주로 갈라져있지 않거나, 아랫부분은 드물게 갈라져 있다 그리고 직립지는 위쪽을 향하거나 긴 pseudohairs을 형성한다.
직립지들은 직사각형 모양의 세포로 되어 있고, 세포의 폭은 19.3±3.1um이고, 여러개의 엽록체를 가진다. 생장부분은 작은 세포들로 이루어져 있다. 
복실낭은 large lanceolate 모양과 small ovate 모양 두개가 있는데, 직립지의 분열구간 아래에서 발달한다.
복실낭의 크기는 84~192um × 26~58um이다.","해양생물의 생김새, 서식지, 분포를 반영한 과학 동화 소재",국명·학명·서식지·분류체계를 활용한 관찰 질문과 퀴즈,5-7;8-10,해양생물종;전복솜털;Feldmannia;chitonicola;솜말과;동해안;서해안,270000026066,Chromista,크로미스타계,Ochrophyta,대롱편모조식물문,Phaeophyceae,갈조강,Ectocarpales,솜털목,Acinetosporaceae,솜말과,"Feldmannia chitonicola (De A.Saunders) Levring, 1960",Feldmannia chitonicola,전복솜털,기타,"식물체는 짧은 다발로 이루어져있으며, 1.2~2.1mm 크기의 많은 filaments들이 누워있고, 식물체는 불규칙한 가지를 낸다.
Uniseriate 직립지들은 주로 갈라져있지 않거나, 아랫부분은 드물게 갈라져 있다 그리고 직립지는 위쪽을 향하거나 긴 pseudohairs을 형성한다.
직립지들은 직사각형 모양의 세포로 되어 있고, 세포의 폭은 19.3±3.1um이고, 여러개의 엽록체를 가진다. 생장부분은 작은 세포들로 이루어져 있다. 
복실낭은 large lanceolate 모양과 small ovate 모양 두개가 있는데, 직립지의 분열구간 아래에서 발달한다.
복실낭의 크기는 84~192um × 26~58um이다.",,,,,,"동해안, 서해안","북아메리카, 남아메리카",,,정명,"Feldmannia chitonicola (De A.Saunders) Levring, 1960"
국립해양생물자원관_해양생물종정보 서비스,https://www.data.go.kr/data/15094770/openapi.do,,marine_life_species,점박이그물바탕말,크로미스타계; 대롱편모조식물문; 갈조강; 그물바탕말목; 그물바탕말과,"제주, 독도","제주, 독도",,,"엽체는 암반 또는 다른 해조류에 부착하고, 기질에 포복하며, 가근성 부착기로부터 여러 개체가 모여 자란다. 엽상부는 띠 모양이고 최대 4회의 차상 분지를 하며, 수중에서 청색 형광을 띠고 엽체에는 어두운 반점이 많이 나 있다. 엽체 횡단면은 두께 72-93㎛로 커다란 1층의 수층세포를 둘러싸는 1층의 세포로 구성된다.[1]","해양생물의 생김새, 서식지, 분포를 반영한 과학 동화 소재",국명·학명·서식지·분류체계를 활용한 관찰 질문과 퀴즈,5-7;8-10,해양생물종;점박이그물바탕말;Dictyota;pfaffii;그물바탕말과;제주;독도,270000029759,Chromista,크로미스타계,Ochrophyta,대롱편모조식물문,Phaeophyceae,갈조강,Dictyotales,그물바탕말목,Dictyotaceae,그물바탕말과,"Dictyota pfaffii Schnetter, 1972",Dictyota pfaffii,점박이그물바탕말,기타,,"엽체는 암반 또는 다른 해조류에 부착하고, 기질에 포복하며, 가근성 부착기로부터 여러 개체가 모여 자란다. 엽상부는 띠 모양이고 최대 4회의 차상 분지를 하며, 수중에서 청색 형광을 띠고 엽체에는 어두운 반점이 많이 나 있다. 엽체 횡단면은 두께 72-93㎛로 커다란 1층의 수층세포를 둘러싸는 1층의 세포로 구성된다.[1]",식물체는 주로 조하대 수심 10~15m의 암반 또는 다른 해조류에 주로 그늘이 지는 곳에 서식한다..[1],,,,"제주, 독도","콜롬비아, 카나리제도, 아프리카, 일본",,,정명,"Dictyota pfaffii Schnetter, 1972"
국립해양생물자원관_해양생물종정보 서비스,https://www.data.go.kr/data/15094770/openapi.do,,marine_life_species,제주바위납작말,크로미스타계; 대롱편모조식물문; 갈조강; 바위딱지목; 바위딱지과,제주,제주,,,"엽체는 옅은 갈색(건조시에는 빛나는 갈색)으로 모든 단계에서 윤곽이 거의 원형으로 종종 합류하며 눈에 띄지 않는 성장선과 융기선이 있고 너비가 1cm미만이고 두께는 63-317μm이다. 때로는 녹슨 붉은색 밑면이 있고 가근이 없다. Vegetative erect filament는 드물게 분지하고 직선 또는 위쪽이 굽어 있으면 표면을 향해 가늘어진다. 또한 filament는 서로 단단히 인접하여 있으며 세포의 폭이 3-9 μm이다. Erect filament의 세포는 길이 4-20 μm, 너비 3-11 μm이며 과립상 저장 물질을 포함한다. 엽록체는 원반모양에서 불규칙한 원모양으로 세포당 여러개이다.  Tufts of hairs 는 드물고, basal disc에서 생깁니다. Plurangial and unangial sori 생식부분은 융기된다. Plurangial reproductive structures는 31–98 μm길이이고, 2-4개의 parallel reproductive filaments를 가지고, 그 끝에는 2–4 terminal sterile cells이 있다. Unangial reproductive structures의 길이는 61–116 μm 이고, 너비는 10–37 μm이며, 모양은oblong에서 obovoid이다. 각각의 sporangium은 1개이 paraphysis를 가진다.","해양생물의 생김새, 서식지, 분포를 반영한 과학 동화 소재",국명·학명·서식지·분류체계를 활용한 관찰 질문과 퀴즈,5-7;8-10,해양생물종;제주바위납작말;Endoplura;jejuensis;바위딱지과;제주,270000027428,Chromista,크로미스타계,Ochrophyta,대롱편모조식물문,Phaeophyceae,갈조강,Ralfsiales,바위딱지목,Ralfsiaceae,바위딱지과,"Endoplura jejuensis A.O.Oteng’o, T.O.Cho & B.Y.Won, 2021",Endoplura jejuensis,제주바위납작말,기타,,"엽체는 옅은 갈색(건조시에는 빛나는 갈색)으로 모든 단계에서 윤곽이 거의 원형으로 종종 합류하며 눈에 띄지 않는 성장선과 융기선이 있고 너비가 1cm미만이고 두께는 63-317μm이다. 때로는 녹슨 붉은색 밑면이 있고 가근이 없다. Vegetative erect filament는 드물게 분지하고 직선 또는 위쪽이 굽어 있으면 표면을 향해 가늘어진다. 또한 filament는 서로 단단히 인접하여 있으며 세포의 폭이 3-9 μm이다. Erect filament의 세포는 길이 4-20 μm, 너비 3-11 μm이며 과립상 저장 물질을 포함한다. 엽록체는 원반모양에서 불규칙한 원모양으로 세포당 여러개이다.  Tufts of hairs 는 드물고, basal disc에서 생깁니다. Plurangial and unangial sori 생식부분은 융기된다. Plurangial reproductive structures는 31–98 μm길이이고, 2-4개의 parallel reproductive filaments를 가지고, 그 끝에는 2–4 terminal sterile cells이 있다. Unangial reproductive structures의 길이는 61–116 μm 이고, 너비는 10–37 μm이며, 모양은oblong에서 obovoid이다. 각각의 sporangium은 1개이 paraphysis를 가진다.","조간대의 돌이 많은 지대에 분포하며, 돌위에  붙어자란다.",,,,제주,,,,정명,"Endoplura jejuensis A.O.Oteng’o, T.O.Cho & B.Y.Won, 2021"
국립해양생물자원관_해양생물종정보 서비스,https://www.data.go.kr/data/15094770/openapi.do,,marine_life_species,제주아기밤달팽이,동물계; 연체동물문; 복족강; Stylommatophora; Yamatochlamys,,,,,제주아기밤달팽이은(는) 해양생물 캐릭터와 과학 동화 소재로 사용할 수 있다.,"해양생물의 생김새, 서식지, 분포를 반영한 과학 동화 소재",국명·학명·서식지·분류체계를 활용한 관찰 질문과 퀴즈,5-7;8-10,해양생물종;제주아기밤달팽이;Yamatochlamys;lampra,270000019064,Animalia,동물계,Mollusca,연체동물문,Gastropoda,복족강,Stylommatophora,,Yamatochlamys,,"Yamatochlamys lampra (Pilsbry & Hirase, 1904)",Yamatochlamys lampra,제주아기밤달팽이,기타,,,,,,,,,,,정명,"Yamatochlamys lampra (Pilsbry & Hirase, 1904)"
국립해양생물자원관_해양생물종정보 서비스,https://www.data.go.kr/data/15094770/openapi.do,,marine_life_species,주걱가시그물바탕말,크로미스타계; 대롱편모조식물문; 갈조강; 그물바탕말목; 그물바탕말과,제주도 [4],제주도 [4],,,"식물체는 체장 15~25cm, 엽폭 2~6cm이며, 암반에 직립하여 불규칙하게 아차상으로 분지한다. 중륵은 발달하지 않고 매트형 가근으로 부착한다. 엽체는 함입된 정단 부위를 가지고 있으며, 정단분열세포군으로부터 생장이 이루어진다. 엷은 갈색을 띤다. 식물체는 갈색 또는 황갈색으로 암반에 직립한다. 엽체는 섬유성 부착기를 가지고 하부의 가까운 거리에서 1~3회 아차상으로 분지하고, 상부는 타원형으로 넓어지며 체장 15~25cm, 엽폭 5~10cm이다. 중륵은 발달하지 않고 정단은 둥글거나 둔두이고, 엽연은 전연이다. 생장은 정단분열세포에 의해 이루어지며 정단부위는 오목하게 함입되어 있다. [1]","해양생물의 생김새, 서식지, 분포를 반영한 과학 동화 소재",국명·학명·서식지·분류체계를 활용한 관찰 질문과 퀴즈,5-7;8-10,해양생물종;주걱가시그물바탕말;Spatoglossum;latum;그물바탕말과;제주도;[4],270000025183,Chromista,크로미스타계,Ochrophyta,대롱편모조식물문,Phaeophyceae,갈조강,Dictyotales,그물바탕말목,Dictyotaceae,그물바탕말과,"Spatoglossum latum J.Tanaka, 1992",Spatoglossum latum,주걱가시그물바탕말,기타,,"식물체는 체장 15~25cm, 엽폭 2~6cm이며, 암반에 직립하여 불규칙하게 아차상으로 분지한다. 중륵은 발달하지 않고 매트형 가근으로 부착한다. 엽체는 함입된 정단 부위를 가지고 있으며, 정단분열세포군으로부터 생장이 이루어진다. 엷은 갈색을 띤다. 식물체는 갈색 또는 황갈색으로 암반에 직립한다. 엽체는 섬유성 부착기를 가지고 하부의 가까운 거리에서 1~3회 아차상으로 분지하고, 상부는 타원형으로 넓어지며 체장 15~25cm, 엽폭 5~10cm이다. 중륵은 발달하지 않고 정단은 둥글거나 둔두이고, 엽연은 전연이다. 생장은 정단분열세포에 의해 이루어지며 정단부위는 오목하게 함입되어 있다. [1]",주로 11월부터 다음해 8월까지 조하대 수심 3~10 m에서 관찰된다.,,,,제주도 [4],"중국, 일본 [5]",,,정명,"Spatoglossum latum J.Tanaka, 1992"
국립해양생물자원관_해양생물종정보 서비스,https://www.data.go.kr/data/15094770/openapi.do,,marine_life_species,주름다시마,크로미스타계; 대롱편모조식물문; 갈조강; 다시마목; 다시마과,,,,,주름다시마은(는) 해양생물 캐릭터와 과학 동화 소재로 사용할 수 있다.,"해양생물의 생김새, 서식지, 분포를 반영한 과학 동화 소재",국명·학명·서식지·분류체계를 활용한 관찰 질문과 퀴즈,5-7;8-10,해양생물종;주름다시마;Saccharina;cichorioides;다시마과,270000024917,Chromista,크로미스타계,Ochrophyta,대롱편모조식물문,Phaeophyceae,갈조강,Laminariales,다시마목,Laminariaceae,다시마과,"Saccharina cichorioides (Miyabe) C.E.Lane, C.Mayes, Druehl & G.W.Saunders, 2006",Saccharina cichorioides,주름다시마,기타,,,,,,,,,,,정명,"Saccharina cichorioides (Miyabe) C.E.Lane, C.Mayes, Druehl & G.W.Saunders, 2006"
국립해양생물자원관_해양생물종정보 서비스,https://www.data.go.kr/data/15094770/openapi.do,,marine_life_species,주름뼈대그물말,크로미스타계; 대롱편모조식물문; 갈조강; 그물바탕말목; 그물바탕말과,,,,,"엽체는 짙은 갈색의 얇은 댕기 모양으로 암반에 착생하고, 납작하고 아차상으로 분기한다. 주로 7월과 8월 사이에 출현하며, 체장은 7~20cm이고 엽폭은 10~15mm이다. 파상형 엽체와 가근성 부착기를 가지고 있으며 엽체는 다층 세포조직으로 구성되고, 피층은 1~3세포층으로 되어 있다.(Choi et al., 2016 편집 인용)","해양생물의 생김새, 서식지, 분포를 반영한 과학 동화 소재",국명·학명·서식지·분류체계를 활용한 관찰 질문과 퀴즈,5-7;8-10,해양생물종;주름뼈대그물말;Dictyopteris;undulata;그물바탕말과,270000021686,Chromista,크로미스타계,Ochrophyta,대롱편모조식물문,Phaeophyceae,갈조강,Dictyotales,그물바탕말목,Dictyotaceae,그물바탕말과,"Dictyopteris undulata Holmes, 1896",Dictyopteris undulata,주름뼈대그물말,기타,,"엽체는 짙은 갈색의 얇은 댕기 모양으로 암반에 착생하고, 납작하고 아차상으로 분기한다. 주로 7월과 8월 사이에 출현하며, 체장은 7~20cm이고 엽폭은 10~15mm이다. 파상형 엽체와 가근성 부착기를 가지고 있으며 엽체는 다층 세포조직으로 구성되고, 피층은 1~3세포층으로 되어 있다.(Choi et al., 2016 편집 인용)",연중 출현하며 특히 여름철에 쉽게 관찰된다. 우리나라 전 연안의 조간대와 조하대 암반에 주로 부착하여 서식한다.,,,,,,,,정명,"Dictyopteris undulata Holmes, 1896"
국립해양생물자원관_해양생물종정보 서비스,https://www.data.go.kr/data/15094770/openapi.do,,marine_life_species,줄의관말,크로미스타계; 대롱편모조식물문; 갈조강; 털비말목; 털비말과,"울릉도,포항,제주도 문섬, 섶섬","울릉도,포항,제주도 문섬, 섶섬",,,"엽체는 직립하고,연갈색 또는 올리브색이며, 연골질이고, 체장은 0.1~0.2 m, 폭은 약 1~3 mm정도이고, 납작하여 약간 타원형을 보이며, 중륵이 존재한다. 가지는 호생, 위차상, 방사상으로 분지하고, 단단하며, 가늘고 길며, 간혹 작은 소지들이 뭉쳐 나가기도 한다. 동화사는 잘 발달되어 말단부, 또는 측면에 붙는다. 기부는 작은 원주형 줄기에서 발달하는 가근성 부착기이다. 생장은 가지 정단부의 분열조직에서 일어나는 정단생장을 하며, 아래쪽으로 긴 세포들을 만들고, 정단부는 뭉툭하고, 동화사를 갖는다. 구조는 위유조직성으로, 내부의 긴 주축세포들, 작고 둥근 피층세포들, 그리고 작고 색소를 갖는 주변세포가 외부에 위치하고, 8~21×6~10 ㎛이다. 생활사는 이형세대교번을 하고, 크고 뚜렷한 포자체와 난접합을하고 자웅동주 작은 배우체를 만든다. 조하대에서 자란다.","해양생물의 생김새, 서식지, 분포를 반영한 과학 동화 소재",국명·학명·서식지·분류체계를 활용한 관찰 질문과 퀴즈,5-7;8-10,해양생물종;줄의관말;Carpomitra;costata;털비말과;울릉도;포항;제주도;문섬;섶섬,270000021026,Chromista,크로미스타계,Ochrophyta,대롱편모조식물문,Phaeophyceae,갈조강,Sporochnales,털비말목,Sporochnaceae,털비말과,"Carpomitra costata (Stackhouse) Batters, 1902",Carpomitra costata,줄의관말,기타,"엽체는 직립하고,연갈색 또는 올리브색이며, 연골질이고, 체장은 0.1~0.2 m, 폭은 약 1~3 mm정도이고, 납작하여 약간 타원형을 보이며, 중륵이 존재한다. 가지는 호생, 위차상, 방사상으로 분지하고, 단단하며, 가늘고 길며, 간혹 작은 소지들이 뭉쳐 나가기도 한다. 동화사는 잘 발달되어 말단부, 또는 측면에 붙는다. 기부는 작은 원주형 줄기에서 발달하는 가근성 부착기이다. 생장은 가지 정단부의 분열조직에서 일어나는 정단생장을 하며, 아래쪽으로 긴 세포들을 만들고, 정단부는 뭉툭하고, 동화사를 갖는다. 구조는 위유조직성으로, 내부의 긴 주축세포들, 작고 둥근 피층세포들, 그리고 작고 색소를 갖는 주변세포가 외부에 위치하고, 8~21×6~10 ㎛이다. 생활사는 이형세대교번을 하고, 크고 뚜렷한 포자체와 난접합을하고 자웅동주 작은 배우체를 만든다. 조하대에서 자란다.","엽체는 갈색이며 연골질의 좁은 띠 모양으로 가장자리에서 긴 가지가 많이 형성되며 가지는 잘 부서진다. 가지의 끝에 단단하고 가느다란 털다발이 뭉쳐 있으며 갈색을 띠며 직립된 형태로 10~20cm 이내이다. 성숙한 개체에서는 그 부분에 털이 없어지고 부풀어 포자낭으로 된다.(Choi et al., 2016 편집 인용)",,,,,"울릉도,포항,제주도 문섬, 섶섬","유럽,일본,남아프리카,호주",,,정명,"Carpomitra costata (Stackhouse) Batters, 1902"
국립해양생물자원관_해양생물종정보 서비스,https://www.data.go.kr/data/15094770/openapi.do,,marine_life_species,지충이,크로미스타계; 대롱편모조식물문; 갈조강; 말목; 모자반과,전국 연안,전국 연안,,,"식물체는 흑갈색이며, 반상근에서 단독 직립하고, 1 m까지 자란다. 줄기는 짧고, 원주상이며, 단독 또는 여러 개로 분지하고, 여러 개의 중심가지를 형성한다. 중심가지는 직경 1.5~2.5 mm이고, 측지가 불규칙적으로 난다. 잎은 전연이고, 하부에선 비늘 모양이고, 상부로 가면서 사상형, 주걱형이다. 기낭은 방추형이고, 측지 상부에 많이 형성된다. 연중 생육하고, 5월에서 8월이 생식시기이다. 파도의 영향이 적은 해안에서 많은 해안에 이르기까지 조간대 중부에서 하부의 암반에서 자란다.","해양생물의 생김새, 서식지, 분포를 반영한 과학 동화 소재",국명·학명·서식지·분류체계를 활용한 관찰 질문과 퀴즈,5-7;8-10,해양생물종;지충이;Sargassum;thunbergii;모자반과;전국;연안,270000025013,Chromista,크로미스타계,Ochrophyta,대롱편모조식물문,Phaeophyceae,갈조강,Fucales,말목,Sargassaceae,모자반과,"Sargassum thunbergii (Mertens ex Roth) Kuntze, 1880",Sargassum thunbergii,지충이,기타,"식물체는 흑갈색이며, 반상근에서 단독 직립하고, 1 m까지 자란다. 줄기는 짧고, 원주상이며, 단독 또는 여러 개로 분지하고, 여러 개의 중심가지를 형성한다. 중심가지는 직경 1.5~2.5 mm이고, 측지가 불규칙적으로 난다. 잎은 전연이고, 하부에선 비늘 모양이고, 상부로 가면서 사상형, 주걱형이다. 기낭은 방추형이고, 측지 상부에 많이 형성된다. 연중 생육하고, 5월에서 8월이 생식시기이다. 파도의 영향이 적은 해안에서 많은 해안에 이르기까지 조간대 중부에서 하부의 암반에서 자란다.","식물체는 갈색이며 반상의 부착기로 조하대 하부 암반에 착생한다. 줄기는 원주상으로 직립하며 1차 가지는 편압되어 발달한다. 1차 엽은 피침형 또는 난형이며 전연 또는 얕은 거치가 발달한다. 기능은 구형 또는 타원형이다.(Kim et al., 2017a)",조간대 중부에서 하부에 이르기까지 넓게 분포한다.,,,"항암, 항산화, 항콜레스테롤, 항염증, 갑상선 치료, 항종양, 면역증진, 항비만",전국 연안,"중국, 홍콩, 일본, 대만, 필리핀, 대서양 카나리 제도",,"식품, 의약품, 산업용",정명,"Sargassum thunbergii (Mertens ex Roth) Kuntze, 1880"
국립해양생물자원관_해양생물종정보 서비스,https://www.data.go.kr/data/15094770/openapi.do,,marine_life_species,짝잎모자반,크로미스타계; 대롱편모조식물문; 갈조강; 말목; 모자반과,우리나라 전 연안,우리나라 전 연안,,,"식물체는 갈색이며, 나뭇가지처럼 여러 가닥으로 뻗은 모양의 뿌리에서 나온 줄기는 한가닥으로 길어지거나 두 갈래로 갈라지며 윗부분에서 가지를 낸다. 잎은 중심가지 기부에서 주축에 직각에 가깝게 나고, 넓적한 주걱모양이며 주걱 아래에 해당하는 부분에만 톱니모양의 거치를 갖는다. 기낭은 타원형이고 짧은 돌기를 갖기도 한다. 조간대 하부와 조하대 상부에서 자란다. 연중 출현하고 5~8월에 생식기를 형성한다.","해양생물의 생김새, 서식지, 분포를 반영한 과학 동화 소재",국명·학명·서식지·분류체계를 활용한 관찰 질문과 퀴즈,5-7;8-10,해양생물종;짝잎모자반;Sargassum;hemiphyllum;모자반과;우리나라;전;연안,270000024994,Chromista,크로미스타계,Ochrophyta,대롱편모조식물문,Phaeophyceae,갈조강,Fucales,말목,Sargassaceae,모자반과,"Sargassum hemiphyllum (Turner) C.Agardh, 1820",Sargassum hemiphyllum,짝잎모자반,기타,"식물체는 갈색이며, 나뭇가지처럼 여러 가닥으로 뻗은 모양의 뿌리에서 나온 줄기는 한가닥으로 길어지거나 두 갈래로 갈라지며 윗부분에서 가지를 낸다. 잎은 중심가지 기부에서 주축에 직각에 가깝게 나고, 넓적한 주걱모양이며 주걱 아래에 해당하는 부분에만 톱니모양의 거치를 갖는다. 기낭은 타원형이고 짧은 돌기를 갖기도 한다. 조간대 하부와 조하대 상부에서 자란다. 연중 출현하고 5~8월에 생식기를 형성한다.","▵ Type locality : At Nagasaki. Dr. Horner [Nagasaki Prefecture, Japan]

식물체는 자웅이주이며 육상식물과 유사하게 배우자 세대는 매우 축소되어 포자체에 기생하는 형태로 세대교번한다. 포자체에서는 자성 또는 웅성 생식기탁을 형성한다. 자성생식기탁은 비운동성 난세포(자성배우자)를 생성하고, 웅성생식기탁은 운동성 웅성배우자를 생성하여 두 배우자가 접합하여 접합자를 형성한다. 접합자는 발아하여 자성 또는 웅성 포자체로 발달한다. 
식물체는 갈색이며 수지상의 뿌리에서 나온 줄기는 외가닥으로 길어지거나 두 갈래로 갈라지며 윗 부분에서 가지를 낸다. 잎은 중심가지 기부에서 주축에 직각에 가깝게 나고, 넓적한 주걱모양이며 주걱 아래에 해당하는 부분에만 거치를 갖는다. 기낭은 타원형이며 방추상이고 짧은 돌기를 갖기도 한다. 자웅이주이며, 생식기탁은 첨예한 원주상이고, 짧은 자루를 가진다.[3]",수지상의 부착기로 조간대 하부와 조하대 상부의 암반에 착생한다.,,,"아토피 억제, 항바이러스, 항산화 효능을 가지고 있으며 산업용으로 활용",우리나라 전 연안,"중국, 홍콩, 일본, 필리핀, 타이완, 인도네시아, 베트남",,산업용,정명,"Sargassum hemiphyllum (Turner) C.Agardh, 1820"
국립해양생물자원관_해양생물종정보 서비스,https://www.data.go.kr/data/15094770/openapi.do,,marine_life_species,참가시그물바탕말,크로미스타계; 대롱편모조식물문; 갈조강; 그물바탕말목; 그물바탕말과,우리나라 전 연안,우리나라 전 연안,,,식물체는 암갈색이며 편평하고 가지는 불규칙하게 찢어지면서 가지로 된다. 식물체 표면은 울퉁불퉁하고 고랑이 있으며 주름진다. 중륵(잎맥)은 연한 녹색 혹은 연한 갈색을 띠며 식물체 하부에 부분적으로 형성된다. 식물체는 10~20 cm까지 자라며 주로 암반에 붙어 자란다. 식물체 내부 조직에서는 둥그스름한 피층세포가 1층으로 발달하고 그 안에 큰 세포의 수층조직이 3-4층으로 발달한다. 연중 출현한다.,"해양생물의 생김새, 서식지, 분포를 반영한 과학 동화 소재",국명·학명·서식지·분류체계를 활용한 관찰 질문과 퀴즈,5-7;8-10,해양생물종;참가시그물바탕말;Dictyopteris;pacifica;그물바탕말과;우리나라;전;연안,270000021684,Chromista,크로미스타계,Ochrophyta,대롱편모조식물문,Phaeophyceae,갈조강,Dictyotales,그물바탕말목,Dictyotaceae,그물바탕말과,"Dictyopteris pacifica (Yendo) I.K.Hwang, H.-S.Kim & W.J.Lee, 2004",Dictyopteris pacifica,참가시그물바탕말,기타,식물체는 암갈색이며 편평하고 가지는 불규칙하게 찢어지면서 가지로 된다. 식물체 표면은 울퉁불퉁하고 고랑이 있으며 주름진다. 중륵(잎맥)은 연한 녹색 혹은 연한 갈색을 띠며 식물체 하부에 부분적으로 형성된다. 식물체는 10~20 cm까지 자라며 주로 암반에 붙어 자란다. 식물체 내부 조직에서는 둥그스름한 피층세포가 1층으로 발달하고 그 안에 큰 세포의 수층조직이 3-4층으로 발달한다. 연중 출현한다.,"식물체는 암갈색의 댕기 모양으로 불규칙하게 찢어지면서 가지로 된다. 여러 개의 정단세포가 나란히 있으며, 식물체의 표면은 울퉁불퉁하고 고랑이 있으며 주름진다. 포자낭은 무리를 이루어 나타나며 식물체의 표면에 돌출한다. 피층은 한 겹의 세포로 되었고 수조직은 3~4겹의 세포로 되었다. (Lee, 2008 편집 인용)",주로 조간대 하부에 자란다.,,,,우리나라 전 연안,"중국, 일본, 타이완",,,정명,"Dictyopteris pacifica (Yendo) I.K.Hwang, H.-S.Kim & W.J.Lee, 2004"
국립해양생물자원관_해양생물종정보 서비스,https://www.data.go.kr/data/15094770/openapi.do,,marine_life_species,참가죽그물바탕말,크로미스타계; 대롱편모조식물문; 갈조강; 그물바탕말목; 그물바탕말과,"동, 서, 남해안","동, 서, 남해안",,,"식물체는 연한 갈색이고 두 갈래로 가지를 내며 넓게 펼쳐져 부채모양이 된다. 식물체의 길이는 3~7 cm, 폭은 5~20 mm이다. 가지의 끝부분은 볼록렌즈모양의 정단세포가 한 개 있으며 그 부분은 평평하거나 조금 오목하다. 식물체 내부 조직에는 네모꼴인 피층 세포가 1-2층으로 발달하며 수층세포는 1층을 이룬다. 식물체는 암반에 착생하고, 연중 출현한다.","해양생물의 생김새, 서식지, 분포를 반영한 과학 동화 소재",국명·학명·서식지·분류체계를 활용한 관찰 질문과 퀴즈,5-7;8-10,해양생물종;참가죽그물바탕말;Dictyota;coriacea;그물바탕말과;동;서;남해안,270000021690,Chromista,크로미스타계,Ochrophyta,대롱편모조식물문,Phaeophyceae,갈조강,Dictyotales,그물바탕말목,Dictyotaceae,그물바탕말과,"Dictyota coriacea (Holmes) I.K.Hwang, H.S.Kim et W.J.Lee, 2004",Dictyota coriacea,참가죽그물바탕말,기타,"식물체는 연한 갈색이고 두 갈래로 가지를 내며 넓게 펼쳐져 부채모양이 된다. 식물체의 길이는 3~7 cm, 폭은 5~20 mm이다. 가지의 끝부분은 볼록렌즈모양의 정단세포가 한 개 있으며 그 부분은 평평하거나 조금 오목하다. 식물체 내부 조직에는 네모꼴인 피층 세포가 1-2층으로 발달하며 수층세포는 1층을 이룬다. 식물체는 암반에 착생하고, 연중 출현한다.","엽체는 연한 갈색이고 직립하며 두 갈래로 가지를 내어 부채꼴인 엽상체이다. 체장은 3~7cm이고 너비는 5~20mm이다. 가근성 부착기로 암반에 착생하며 엽체는 다층 세포로 구성되어 있다. 피층은 2~3개의 세포층으로 되어있고 피층세포는 엽록소가 침적되어 있다.(Choi et al., 2016 편집 인용)",,,,,"동, 서, 남해안","미국, 멕시코, 중국, 일본, 타이완",,,정명,"Dictyota coriacea (Holmes) I.K.Hwang, H.S.Kim et W.J.Lee, 2004"
국립해양생물자원관_해양생물종정보 서비스,https://www.data.go.kr/data/15094770/openapi.do,,marine_life_species,참산말,크로미스타계; 대롱편모조식물문; 갈조강; 산말목; 산말과,동해안 북부,동해안 북부,,,"식물체는 엷은 갈색과 녹갈색이며, 납작한 띠 모양의 줄기에서 새의 깃 모양으로 많은 가지가 평면상으로 발달하며, 20~50 cm의 크기까지 자란다. 가지는 마주나기로 자라고 3차까지 분기한다. 식물체 내부 조직에는 작은 피층들과 크고 불규칙한 수층조직으로 구성되어 있다. 특히 황산화물을 생산하고 저장하는 세포내 기관을 가지고 있어 수면 위로 노출되면 황산화물을 방출하여 식물체 자체는 물론 다른 해조류의 색도 변하게 한다. 식물체는 암반에 착생하고 늦은 가을부터 다음해 여름까지 출현한다.","해양생물의 생김새, 서식지, 분포를 반영한 과학 동화 소재",국명·학명·서식지·분류체계를 활용한 관찰 질문과 퀴즈,5-7;8-10,해양생물종;참산말;Desmarestia;ligulata;산말과;동해안;북부,270000026165,Chromista,크로미스타계,Ochrophyta,대롱편모조식물문,Phaeophyceae,갈조강,Desmarestiales,산말목,Desmarestiaceae,산말과,"Desmarestia ligulata (Stackhouse) J.V.Lamouroux, 1813",Desmarestia ligulata,참산말,기타,"식물체는 엷은 갈색과 녹갈색이며, 납작한 띠 모양의 줄기에서 새의 깃 모양으로 많은 가지가 평면상으로 발달하며, 20~50 cm의 크기까지 자란다. 가지는 마주나기로 자라고 3차까지 분기한다. 식물체 내부 조직에는 작은 피층들과 크고 불규칙한 수층조직으로 구성되어 있다. 특히 황산화물을 생산하고 저장하는 세포내 기관을 가지고 있어 수면 위로 노출되면 황산화물을 방출하여 식물체 자체는 물론 다른 해조류의 색도 변하게 한다. 식물체는 암반에 착생하고 늦은 가을부터 다음해 여름까지 출현한다.",,,,,,동해안 북부,"전 세계적으로 분포 (아일랜드, 노르웨이, 스칸디나비아, 알라스카, 칠레, 일본 등)",,,정명,"Desmarestia ligulata (Stackhouse) J.V.Lamouroux, 1813"
국립해양생물자원관_해양생물종정보 서비스,https://www.data.go.kr/data/15094770/openapi.do,,marine_life_species,참솜털,크로미스타계; 대롱편모조식물문; 갈조강; 솜털목; 솜털과,"동해안, 남해안, 제주도","동해안, 남해안, 제주도",,,"엽체는 빽빽하게 뭉쳐나며, 직립하고, 단선의 사상체로 연약하며, 상부에서 많은 가지를 내고, 연갈색을 띠며,15cm 높이로 자란다. 암반 혹은 다른 해조류에 부착 생육하고, 기부 부위에서 가근을 내어 부착한다. 측지는 상부에서는 밀생하며 호생으로 나고, 2~3차 소지를 내며, 보통 가지 끝에 가늘어지나 투명하게 보이는 위갈조털은 없다. 말단 가지는 호생으로 나고, 보통 복실낭으로 분화된다. 세포는 원통형으로 성숙한 하부 측에서는 직경이 24~32um, 폭에 대한 길이의 비율이 0.8~3배 정도이다. 갈색체는 불규칙한 리본 모양으로 세포당 3~4개가 들어 있으며, 각각 서너 개의 피레노이드를 가지고 있다. 복실낭은 엽체 하부에 형성된 말단 가지가 직접 복실낭으로 분화되어, 자루세포와 복실낭 끝에 털을 가지게 되며, 가늘고 긴 바늘 모양이다.","해양생물의 생김새, 서식지, 분포를 반영한 과학 동화 소재",국명·학명·서식지·분류체계를 활용한 관찰 질문과 퀴즈,5-7;8-10,해양생물종;참솜털;Ectocarpus;siliculosus;솜털과;동해안;남해안;제주도,270000021809,Chromista,크로미스타계,Ochrophyta,대롱편모조식물문,Phaeophyceae,갈조강,Ectocarpales,솜털목,Ectocarpaceae,솜털과,"Ectocarpus siliculosus (Dillwyn) Lyngbye, 1819",Ectocarpus siliculosus,참솜털,기타,"엽체는 빽빽하게 뭉쳐나며, 직립하고, 단선의 사상체로 연약하며, 상부에서 많은 가지를 내고, 연갈색을 띠며,15cm 높이로 자란다. 암반 혹은 다른 해조류에 부착 생육하고, 기부 부위에서 가근을 내어 부착한다. 측지는 상부에서는 밀생하며 호생으로 나고, 2~3차 소지를 내며, 보통 가지 끝에 가늘어지나 투명하게 보이는 위갈조털은 없다. 말단 가지는 호생으로 나고, 보통 복실낭으로 분화된다. 세포는 원통형으로 성숙한 하부 측에서는 직경이 24~32um, 폭에 대한 길이의 비율이 0.8~3배 정도이다. 갈색체는 불규칙한 리본 모양으로 세포당 3~4개가 들어 있으며, 각각 서너 개의 피레노이드를 가지고 있다. 복실낭은 엽체 하부에 형성된 말단 가지가 직접 복실낭으로 분화되어, 자루세포와 복실낭 끝에 털을 가지게 되며, 가늘고 긴 바늘 모양이다.",,,,,,"동해안, 남해안, 제주도","유럽, 중앙아메리카, 아프리카, 중동, 북아메리카, 남아메리카, 아프리카, 인도양 섬들, 캐리비언 섬들, 아시아",,,정명,"Ectocarpus siliculosus (Dillwyn) Lyngbye, 1819"
국립해양생물자원관_해양생물종정보 서비스,https://www.data.go.kr/data/15094770/openapi.do,,marine_life_species,참좀솜털,크로미스타계; 대롱편모조식물문; 갈조강; 솜털목; 솜말과,,,,,참좀솜털은(는) 해양생물 캐릭터와 과학 동화 소재로 사용할 수 있다.,"해양생물의 생김새, 서식지, 분포를 반영한 과학 동화 소재",국명·학명·서식지·분류체계를 활용한 관찰 질문과 퀴즈,5-7;8-10,해양생물종;참좀솜털;Feldmannia;lebelii;솜말과,270000022048,Chromista,크로미스타계,Ochrophyta,대롱편모조식물문,Phaeophyceae,갈조강,Ectocarpales,솜털목,Acinetosporaceae,솜말과,"Feldmannia lebelii (Areschoug ex P.Crouan & H.Crouan) Hamel, 1939",Feldmannia lebelii,참좀솜털,기타,,,,,,,,,,,정명,"Feldmannia lebelii (Areschoug ex P.Crouan & H.Crouan) Hamel, 1939"
국립해양생물자원관_해양생물종정보 서비스,https://www.data.go.kr/data/15094770/openapi.do,,marine_life_species,청도부푼말사촌,크로미스타계; 대롱편모조식물문; 갈조강; 솜털목; 민가지말과,,,,,청도부푼말사촌은(는) 해양생물 캐릭터와 과학 동화 소재로 사용할 수 있다.,"해양생물의 생김새, 서식지, 분포를 반영한 과학 동화 소재",국명·학명·서식지·분류체계를 활용한 관찰 질문과 퀴즈,5-7;8-10,해양생물종;청도부푼말사촌;Eudesme;qingdaoensis;민가지말과,270000021964,Chromista,크로미스타계,Ochrophyta,대롱편모조식물문,Phaeophyceae,갈조강,Ectocarpales,솜털목,Chordariaceae,민가지말과,"Eudesme qingdaoensis L.Ding & B.Lu, 2004",Eudesme qingdaoensis,청도부푼말사촌,기타,,,,,,,,,,,정명,"Eudesme qingdaoensis L.Ding & B.Lu, 2004"
국립해양생물자원관_해양생물종정보 서비스,https://www.data.go.kr/data/15094770/openapi.do,,marine_life_species,크뢰앙솜털,크로미스타계; 대롱편모조식물문; 갈조강; 솜털목; 솜털과,"동해안, 제주도","동해안, 제주도",,,"엽체는 뭉쳐나며, 직립하고 엉킨 실타래처럼 되어 있고, 많은 가지를 내나 하부에서 주축세포열이 뚜렷하지 않고, 연갈색을 띠며, 4~7cm에 높이로 자란다. 주로 바위나 다른해조류에 붙어 자라며, 기부에서 가근을 내어 부착한다. 말단소지는 다소 드문 간격으로 호생하고, 급격히 가늘어져 긴 투명 위갈조털로 끝난다. 세포는 원통형으로, 성숙한 부위에서는 폭 30~35um, 폭에 대한 길이의 비율이 0.8~1.5배 정도이다. 갈색체는 불규칙한 리본모양으로, 세포당 4~5개 들어있으며, 각각 여러 개의 피레노이드를 가지고 있다. 복실낭은 측지에 흩어져 형성되며, 하부 측에서는 보통 상대적으로 긴 자루세포 위에 만들어지나 상부측에서는 자루세포가 없다.","해양생물의 생김새, 서식지, 분포를 반영한 과학 동화 소재",국명·학명·서식지·분류체계를 활용한 관찰 질문과 퀴즈,5-7;8-10,해양생물종;크뢰앙솜털;Ectocarpus;crouaniorum;솜털과;동해안;제주도,270000021805,Chromista,크로미스타계,Ochrophyta,대롱편모조식물문,Phaeophyceae,갈조강,Ectocarpales,솜털목,Ectocarpaceae,솜털과,"Ectocarpus crouaniorum Thuret, 1863",Ectocarpus crouaniorum,크뢰앙솜털,기타,"엽체는 뭉쳐나며, 직립하고 엉킨 실타래처럼 되어 있고, 많은 가지를 내나 하부에서 주축세포열이 뚜렷하지 않고, 연갈색을 띠며, 4~7cm에 높이로 자란다. 주로 바위나 다른해조류에 붙어 자라며, 기부에서 가근을 내어 부착한다. 말단소지는 다소 드문 간격으로 호생하고, 급격히 가늘어져 긴 투명 위갈조털로 끝난다. 세포는 원통형으로, 성숙한 부위에서는 폭 30~35um, 폭에 대한 길이의 비율이 0.8~1.5배 정도이다. 갈색체는 불규칙한 리본모양으로, 세포당 4~5개 들어있으며, 각각 여러 개의 피레노이드를 가지고 있다. 복실낭은 측지에 흩어져 형성되며, 하부 측에서는 보통 상대적으로 긴 자루세포 위에 만들어지나 상부측에서는 자루세포가 없다.",,,,,,"동해안, 제주도","유럽, 북아메리카, 중앙아메리카, 아프리카, 중동, 아시아",,,정명,"Ectocarpus crouaniorum Thuret, 1863"
국립해양생물자원관_해양생물종정보 서비스,https://www.data.go.kr/data/15094770/openapi.do,,marine_life_species,큰그물바탕말,크로미스타계; 대롱편모조식물문; 갈조강; 그물바탕말목; 그물바탕말과,"제주, 서해, 남해, 동해","제주, 서해, 남해, 동해",,,"엽체는 직립하고, 가근성 부착기를 가지며, 수중에서 균일한 황갈색이나 건조 시 기부에서 정단부까지 갈색으로 황갈색으로 변하는 그라데이션을 형성한다. 엽상부는 띠 모양이고, 막질이며, 최대 5~6회의 불규칙적인 차상 분지하고, 근연 분류군에 비해 넓은 가지를 갖는다. 엽체는 횡단면에서 1층의 커다란 직사각형의 수층 세포와 이를 둘러싸는 1층의 작은 피층세포들로 구성된다. 엽체의 성장은 모든 가지의 말단에 있는 1개의 정단 세포에 의해 이루어진다. 높이 25cm, 엽폭 3cm까지 생장한다.[1]","해양생물의 생김새, 서식지, 분포를 반영한 과학 동화 소재",국명·학명·서식지·분류체계를 활용한 관찰 질문과 퀴즈,5-7;8-10,해양생물종;큰그물바탕말;Dictyota;taewakia;그물바탕말과;제주;서해;남해;동해,270000029758,Chromista,크로미스타계,Ochrophyta,대롱편모조식물문,Phaeophyceae,갈조강,Dictyotales,그물바탕말목,Dictyotaceae,그물바탕말과,Dictyota taewakia,Dictyota taewakia,큰그물바탕말,기타,,"엽체는 직립하고, 가근성 부착기를 가지며, 수중에서 균일한 황갈색이나 건조 시 기부에서 정단부까지 갈색으로 황갈색으로 변하는 그라데이션을 형성한다. 엽상부는 띠 모양이고, 막질이며, 최대 5~6회의 불규칙적인 차상 분지하고, 근연 분류군에 비해 넓은 가지를 갖는다. 엽체는 횡단면에서 1층의 커다란 직사각형의 수층 세포와 이를 둘러싸는 1층의 작은 피층세포들로 구성된다. 엽체의 성장은 모든 가지의 말단에 있는 1개의 정단 세포에 의해 이루어진다. 높이 25cm, 엽폭 3cm까지 생장한다.[1]",식물체는 주로 조하대 수심 15~24m의 암반에 서식한다.[1],,,,"제주, 서해, 남해, 동해",,,,,
국립해양생물자원관_해양생물종정보 서비스,https://www.data.go.kr/data/15094770/openapi.do,,marine_life_species,큰그물바탕말,크로미스타계; 대롱편모조식물문; 갈조강; 그물바탕말목; 그물바탕말과,"동해, 남해","동해, 남해",,,"식물체의 가지는 납작하고 편평한 모양으로, 차상으로 분지한다. 몸은 전체적으로 보았을 때 부채상이며, 3개의 세포층으로 이루어져 있다. 암반에 착생하여 직립한다. 갈색 또는 녹갈색을 띤다.","해양생물의 생김새, 서식지, 분포를 반영한 과학 동화 소재",국명·학명·서식지·분류체계를 활용한 관찰 질문과 퀴즈,5-7;8-10,해양생물종;큰그물바탕말;Dictyota;ciliolata;그물바탕말과;동해;남해,270000021689,Chromista,크로미스타계,Ochrophyta,대롱편모조식물문,Phaeophyceae,갈조강,Dictyotales,그물바탕말목,Dictyotaceae,그물바탕말과,"Dictyota ciliolata Sonder ex Kützing, 1859",Dictyota ciliolata,큰그물바탕말,기타,,"식물체의 가지는 납작하고 편평한 모양으로, 차상으로 분지한다. 몸은 전체적으로 보았을 때 부채상이며, 3개의 세포층으로 이루어져 있다. 암반에 착생하여 직립한다. 갈색 또는 녹갈색을 띤다.",조간대 및 조하대 내에 위치하는 암반에 주로 붙어서 생육한다.,,,,"동해, 남해",전 세계,,,정명,"Dictyota ciliolata Sonder ex Kützing, 1859"
국립해양생물자원관_해양생물종정보 서비스,https://www.data.go.kr/data/15094770/openapi.do,,marine_life_species,큰불레기말,크로미스타계; 대롱편모조식물문; 갈조강; 솜털목; 고리매과,동해안,동해안,,,"식물체는 황갈색으로 속이 빈 둥근 공 모양이다. 엽상체는 얇은 막을 형성하고, 햇빛에 노출되면 푸석푸석해진다. 직경은 최대 30cm이고, 겨울부터 초여름까지 출현한다. 조간대 하부 및 조하대의 암반 위에 생육한다. 우리나라 동해안, 남해안 및 제주도에 분포한다.","해양생물의 생김새, 서식지, 분포를 반영한 과학 동화 소재",국명·학명·서식지·분류체계를 활용한 관찰 질문과 퀴즈,5-7;8-10,해양생물종;큰불레기말;Colpomenia;claytoniae;고리매과;동해안,270000021444,Chromista,크로미스타계,Ochrophyta,대롱편모조식물문,Phaeophyceae,갈조강,Ectocarpales,솜털목,Scytosiphonaceae,고리매과,"Colpomenia claytoniae S.M.Boo, K.M.Lee, G.Y.Cho & W.Nelson, 2011",Colpomenia claytoniae,큰불레기말,기타,"식물체는 황갈색으로 속이 빈 둥근 공 모양이다. 엽상체는 얇은 막을 형성하고, 햇빛에 노출되면 푸석푸석해진다. 직경은 최대 30cm이고, 겨울부터 초여름까지 출현한다. 조간대 하부 및 조하대의 암반 위에 생육한다. 우리나라 동해안, 남해안 및 제주도에 분포한다.","엽체는 황갈색으로 중공을 가진 길쭉한 공 모양으로 체장은 다양하고 너비는 최대 30cm 정도이다. 엽상체는 얇은 막을 형성하고 있으며 햇빛에 노출되면 푸석푸석해진다. 겨울에서 초여름까지 조간대와 조하대의 암반 위에 생육한다.(Choi et al., 2016 편집 인용)",,,,,동해안,"북아메리카(캘리포니아), South Africa, 홍콩, 뉴질랜드",,,정명,"Colpomenia claytoniae S.M.Boo, K.M.Lee, G.Y.Cho & W.Nelson, 2011"
국립해양생물자원관_해양생물종정보 서비스,https://www.data.go.kr/data/15094770/openapi.do,,marine_life_species,큰열매모자반,크로미스타계; 대롱편모조식물문; 갈조강; 말목; 모자반과,"동해안, 제주도","동해안, 제주도; 조하대 암반",,,"바다에 사는 갈조식물이다. 엽체는 단독 직립하고, 수 m까지 자란다. 부착기는 직경 1.5cm, 반상이다. 줄기는 원주상이고, 직경 1.5-2mm, 중심가지는 편압되고, 폭 5mm, 연변부는 날개 모양을 이룬다. 측지는 다수 발달한다. 잎은 하부에서 피침형, 난형, 길이 5-10cm, 폭 1-3cm, 전연이나 얕은 거치가 발달하기도 하고, 얇고 모총이 드물게 산재한다. 상부에서 선형, 폭이 좁다. 기낭은 구형, 타원형, 길이 8-12mm, 폭 6-10mm, 잎 모양의 관엽이 있다. 생식기탁은 모여나고, 자성생식기탁은 편압된 피침형이고, 길이 6-10mm, 폭 2-3mm, 웅성생식기탁은 선형이고, 길이 약 1cm, 폭 1-2mm이다. 조하대 암반에서 자라며, 연중 관찰된다. 동해안과 제주도에 자라며, 세계적으로 일본에 분포한다.","해양생물의 생김새, 서식지, 분포를 반영한 과학 동화 소재",국명·학명·서식지·분류체계를 활용한 관찰 질문과 퀴즈,5-7;8-10,해양생물종;큰열매모자반;Sargassum;macrocarpum;모자반과;조하대;암반;동해안;제주도,270000024996,Chromista,크로미스타계,Ochrophyta,대롱편모조식물문,Phaeophyceae,갈조강,Fucales,말목,Sargassaceae,모자반과,"Sargassum macrocarpum C.Agardh, 1820",Sargassum macrocarpum,큰열매모자반,기타,"바다에 사는 갈조식물이다. 엽체는 단독 직립하고, 수 m까지 자란다. 부착기는 직경 1.5cm, 반상이다. 줄기는 원주상이고, 직경 1.5-2mm, 중심가지는 편압되고, 폭 5mm, 연변부는 날개 모양을 이룬다. 측지는 다수 발달한다. 잎은 하부에서 피침형, 난형, 길이 5-10cm, 폭 1-3cm, 전연이나 얕은 거치가 발달하기도 하고, 얇고 모총이 드물게 산재한다. 상부에서 선형, 폭이 좁다. 기낭은 구형, 타원형, 길이 8-12mm, 폭 6-10mm, 잎 모양의 관엽이 있다. 생식기탁은 모여나고, 자성생식기탁은 편압된 피침형이고, 길이 6-10mm, 폭 2-3mm, 웅성생식기탁은 선형이고, 길이 약 1cm, 폭 1-2mm이다. 조하대 암반에서 자라며, 연중 관찰된다. 동해안과 제주도에 자라며, 세계적으로 일본에 분포한다.","엽체는 단독 직립하고, 수 m까지 자라며, 부착기는 직경 1.5cm, 반상이고, 줄기는 원주상이고, 직경 1.5-2mm, 중심가지는 편압되고, 폭 5mm, 연변부는 날개 모양을 이루고, 측지는 다수 발달하고, 잎은 하부에서 피침형, 난형, 길이 5-10cm, 폭 1-3cm, 전연이나 얕은 거치가 발달하기도 하고, 얇고 모총이 드물게 산재한다. 상부에서 선형, 폭이 좁다. 기낭은 구형, 타원형, 길이 8-12mm, 폭 6-10mm, 잎 모양의 관엽이 있다. 생식기탁은 모여나고, 자성생식기탁은 편압된 피침형이고, 길이 6-10mm, 폭 2-3mm, 웅성생식기탁은 선형이고, 길이 약 1cm, 폭 1-2mm이다.",전 계절에 생육,,,,"동해안, 제주도",일본,조하대 암반,특별한 용도가 알려진 바 없음,정명,"Sargassum macrocarpum C.Agardh, 1820"
국립해양생물자원관_해양생물종정보 서비스,https://www.data.go.kr/data/15094770/openapi.do,,marine_life_species,큰열매실말,크로미스타계; 대롱편모조식물문; 갈조강; 솜털목; 솜말과,,,,,큰열매실말은(는) 해양생물 캐릭터와 과학 동화 소재로 사용할 수 있다.,"해양생물의 생김새, 서식지, 분포를 반영한 과학 동화 소재",국명·학명·서식지·분류체계를 활용한 관찰 질문과 퀴즈,5-7;8-10,해양생물종;큰열매실말;Pylaiella;varia;솜말과,270000024709,Chromista,크로미스타계,Ochrophyta,대롱편모조식물문,Phaeophyceae,갈조강,Ectocarpales,솜털목,Acinetosporaceae,솜말과,"Pylaiella varia Kjellman, 1883",Pylaiella varia,큰열매실말,기타,,,,,,,,,,,정명,"Pylaiella varia Kjellman, 1883"
국립해양생물자원관_해양생물종정보 서비스,https://www.data.go.kr/data/15094770/openapi.do,,marine_life_species,큰잎모자반,크로미스타계; 대롱편모조식물문; 갈조강; 말목; 모자반과,"전해역(거문도, 거제도, 광양만, 대삼부도, 부산, 연도)","전해역(거문도, 거제도, 광양만, 대삼부도, 부산, 연도)",,,"식물체는 흑갈색이며, 원뿔 모양의 부착기에서 0.5~1.5 m까지 자란다. 줄기는 원기둥 모양이고 여러 갈래로 갈라지며 윗부분에서 가지를 낸다. 중심가지는 두껍고 납작한 막대모양이며 마디마다 구불구불하다. 가장자리는 매끈하고, 소가지가 다수 발달한다. 잎은 선형, 길다란 피침형이고, 매끈하다. 중륵이 있다. 기낭은 장타원형이고, 선형의 관엽이 잎자루까지 연결되어 날개를 이루기도 한다. 조간대 하부 및 조하대에 자란다.","해양생물의 생김새, 서식지, 분포를 반영한 과학 동화 소재",국명·학명·서식지·분류체계를 활용한 관찰 질문과 퀴즈,5-7;8-10,해양생물종;큰잎모자반;Sargassum;coreanum;모자반과;전해역(거문도;거제도;광양만;대삼부도;부산;연도),270000024990,Chromista,크로미스타계,Ochrophyta,대롱편모조식물문,Phaeophyceae,갈조강,Fucales,말목,Sargassaceae,모자반과,"Sargassum coreanum J.Agardh, 1889",Sargassum coreanum,큰잎모자반,기타,"식물체는 흑갈색이며, 원뿔 모양의 부착기에서 0.5~1.5 m까지 자란다. 줄기는 원기둥 모양이고 여러 갈래로 갈라지며 윗부분에서 가지를 낸다. 중심가지는 두껍고 납작한 막대모양이며 마디마다 구불구불하다. 가장자리는 매끈하고, 소가지가 다수 발달한다. 잎은 선형, 길다란 피침형이고, 매끈하다. 중륵이 있다. 기낭은 장타원형이고, 선형의 관엽이 잎자루까지 연결되어 날개를 이루기도 한다. 조간대 하부 및 조하대에 자란다.","식물체는 흑갈색이며 원추상의 부착기에서 50~150cm까지 자란다. 줄기는 원주상이며 10~20cm로 큰 선형 또는 장피침형 1차 엽이 발달하는 것이 특징이다. 기낭은 장타원형이나 방추형이다. 도피침형 또는 선형의 편압된 생식기탁이 소엽액에 1~2개씩 모여나며, 구형의 장란기가 생식기 내 원형 또는 도란형의 자성 생식소에 형성된다.(Kim et al., 2017a)",조간대 하부 및 조하대에 자란다.,,,"항산화, 항염증","전해역(거문도, 거제도, 광양만, 대삼부도, 부산, 연도)",일본,,의약품,정명,"Sargassum coreanum J.Agardh, 1889"
국립해양생물자원관_해양생물종정보 서비스,https://www.data.go.kr/data/15094770/openapi.do,,marine_life_species,큰잎알쏭이모자반,크로미스타계; 대롱편모조식물문; 갈조강; 말목; 모자반과,"남해안, 제주도","남해안, 제주도",,,"엽체는 1 m까지 자란다. 부착기는 직경 3 cm의 반상이다. 줄기는 원주상 또는 다소 편압하고, 길이 20 cm, 폭 3~4 mm이다. 중심가지는 동일 횡단면 상에 호생적으로 낸다. 측지가 탈락한 후 작은 돌기모양의 탈락흔적을 남긴다. 잎은 하부에서 장타원형, 피침형, 도란형이고, 잔잔한 거치를 연변에 형성하며, 중륵이 상부까지 매몰되어 있고, 길이 10 cm, 폭 2 cm 이상에 이른다. 상부의 잎은 피침형이고 중륵이 뚜렷하지 않다. 모총은 산재한다. 잎은 얇고, 포르말린 고정 후 녹색을 띤다. 성숙한 개체의 정단부에 형성되는 잎은 크기가 작고 좁은 피침상에서 선상에 가깝다. 기낭은 구형 또는 타원형이고, 직경 10 mm이며, 정단부가 둥글고 드물게 돌기를 낸다. 자웅이주이다. 생식기탁은 첨예한 원주상이고, 길이 3~4 mm, 직경 1 mm이며, 측지정단부에 다수 발달한다. 조하대의 암반에 생육한다.","해양생물의 생김새, 서식지, 분포를 반영한 과학 동화 소재",국명·학명·서식지·분류체계를 활용한 관찰 질문과 퀴즈,5-7;8-10,해양생물종;큰잎알쏭이모자반;Sargassum;pallidum;모자반과;남해안;제주도,270000025004,Chromista,크로미스타계,Ochrophyta,대롱편모조식물문,Phaeophyceae,갈조강,Fucales,말목,Sargassaceae,모자반과,"Sargassum pallidum (Turner) C.Agardh, 1820",Sargassum pallidum,큰잎알쏭이모자반,기타,"엽체는 1 m까지 자란다. 부착기는 직경 3 cm의 반상이다. 줄기는 원주상 또는 다소 편압하고, 길이 20 cm, 폭 3~4 mm이다. 중심가지는 동일 횡단면 상에 호생적으로 낸다. 측지가 탈락한 후 작은 돌기모양의 탈락흔적을 남긴다. 잎은 하부에서 장타원형, 피침형, 도란형이고, 잔잔한 거치를 연변에 형성하며, 중륵이 상부까지 매몰되어 있고, 길이 10 cm, 폭 2 cm 이상에 이른다. 상부의 잎은 피침형이고 중륵이 뚜렷하지 않다. 모총은 산재한다. 잎은 얇고, 포르말린 고정 후 녹색을 띤다. 성숙한 개체의 정단부에 형성되는 잎은 크기가 작고 좁은 피침상에서 선상에 가깝다. 기낭은 구형 또는 타원형이고, 직경 10 mm이며, 정단부가 둥글고 드물게 돌기를 낸다. 자웅이주이다. 생식기탁은 첨예한 원주상이고, 길이 3~4 mm, 직경 1 mm이며, 측지정단부에 다수 발달한다. 조하대의 암반에 생육한다.","엽체는 1 m까지 자란다. 부착기는 직경 3 cm의 반상이다. 줄기는 원주상 또는 다소 편압하고, 길이 20 cm, 폭 3~4 mm이다. 중심가지는 동일 횡단면 상에 호생적으로 낸다. 측지가 탈락한 후 작은 돌기모양의 탈락흔적을 남긴다. 잎은 하부에서 장타원형, 피침형, 도란형이고, 잔잔한 거치를 연변에 형성하며, 중륵이 상부까지 매몰되어 있고, 길이 10 cm, 폭 2 cm 이상에 이른다. 상부의 잎은 피침형이고 중륵이 뚜렷하지 않다. 모총은 산재한다. 잎은 얇고, 포르말린 고정 후 녹색을 띤다. 성숙한 개체의 정단부에 형성되는 잎은 크기가 작고 좁은 피침상에서 선상에 가깝다. 기낭은 구형 또는 타원형이고, 직경 10 mm이며, 정단부가 둥글고 드물게 돌기를 낸다. 자웅이주이다. 생식기탁은 첨예한 원주상이고, 길이 3~4 mm, 직경 1 mm이며, 측지정단부에 다수 발달한다.",조하대의 암반에 생육한다.,,,,"남해안, 제주도","중국, 일본, 러시아, 인도네시아",,,정명,"Sargassum pallidum (Turner) C.Agardh, 1820"
국립해양생물자원관_해양생물종정보 서비스,https://www.data.go.kr/data/15094770/openapi.do,,marine_life_species,큰톱날모자반,크로미스타계; 대롱편모조식물문; 갈조강; 말목; 모자반과,,,,,큰톱날모자반은(는) 해양생물 캐릭터와 과학 동화 소재로 사용할 수 있다.,"해양생물의 생김새, 서식지, 분포를 반영한 과학 동화 소재",국명·학명·서식지·분류체계를 활용한 관찰 질문과 퀴즈,5-7;8-10,해양생물종;큰톱날모자반;Sargassum;giganteifolium;모자반과,270000024993,Chromista,크로미스타계,Ochrophyta,대롱편모조식물문,Phaeophyceae,갈조강,Fucales,말목,Sargassaceae,모자반과,"Sargassum giganteifolium Yamada, 1925",Sargassum giganteifolium,큰톱날모자반,기타,,,,,,,,,,,정명,"Sargassum giganteifolium Yamada, 1925"
국립해양생물자원관_해양생물종정보 서비스,https://www.data.go.kr/data/15094770/openapi.do,,marine_life_species,킬린모솜털,크로미스타계; 대롱편모조식물문; 갈조강; 솜털목; 솜털과,,,,,킬린모솜털은(는) 해양생물 캐릭터와 과학 동화 소재로 사용할 수 있다.,"해양생물의 생김새, 서식지, 분포를 반영한 과학 동화 소재",국명·학명·서식지·분류체계를 활용한 관찰 질문과 퀴즈,5-7;8-10,해양생물종;킬린모솜털;Kuckuckia;spinosa;솜털과,270000022763,Chromista,크로미스타계,Ochrophyta,대롱편모조식물문,Phaeophyceae,갈조강,Ectocarpales,솜털목,Ectocarpaceae,솜털과,"Kuckuckia spinosa (Kützing) Kornmann, 1958",Kuckuckia spinosa,킬린모솜털,기타,,,,,,,,,,,정명,"Kuckuckia spinosa (Kützing) Kornmann, 1958"
국립해양생물자원관_해양생물종정보 서비스,https://www.data.go.kr/data/15094770/openapi.do,,marine_life_species,털비말,크로미스타계; 대롱편모조식물문; 갈조강; 털비말목; 털비말과,"제주도, 관탈도","제주도, 관탈도; 조하대 암반",,,"바다에 사는 갈조식물이다. 엽체는 직립하고, 연갈색, 원주상으로 상부는 가늘지만 아래로 가면 단단하고 굵어지며, 1-4개의 주축이 뚜렷하고, 길이 15-40cm, 폭 2mm 내외이다. 가지는 방사상으로 분지하며, 정단으로 갈수록 길이는 짧아진다. 기부는 작은 원주형 줄기에서 발달하는 가근성 부착기이다. 가지는 정단생장하고, 동화사는 정단에 붙는다. 자웅이주 또는 자웅동주이고, 생식기탁은 구형, 곤봉상, 난형이고, 길이 1-2mm이다. 단실포자낭은 측지의 짧은 다세포성 동화사 위에 위치한다. 조하대 암반에 부착해 살며, 늦은 봄에서 초여름에 성숙하여 생식기관을 형성한다. 제주도, 관탈도에 생육하며, 세계적으로 일본, 중국, 호주에 분포한다.","해양생물의 생김새, 서식지, 분포를 반영한 과학 동화 소재",국명·학명·서식지·분류체계를 활용한 관찰 질문과 퀴즈,5-7;8-10,해양생물종;털비말;Sporochnus;radiciformis;털비말과;조하대;암반;제주도;관탈도,270000025273,Chromista,크로미스타계,Ochrophyta,대롱편모조식물문,Phaeophyceae,갈조강,Sporochnales,털비말목,Sporochnaceae,털비말과,"Sporochnus radiciformis (R.Brown ex Turner) C.Agardh, 1817",Sporochnus radiciformis,털비말,기타,"바다에 사는 갈조식물이다. 엽체는 직립하고, 연갈색, 원주상으로 상부는 가늘지만 아래로 가면 단단하고 굵어지며, 1-4개의 주축이 뚜렷하고, 길이 15-40cm, 폭 2mm 내외이다. 가지는 방사상으로 분지하며, 정단으로 갈수록 길이는 짧아진다. 기부는 작은 원주형 줄기에서 발달하는 가근성 부착기이다. 가지는 정단생장하고, 동화사는 정단에 붙는다. 자웅이주 또는 자웅동주이고, 생식기탁은 구형, 곤봉상, 난형이고, 길이 1-2mm이다. 단실포자낭은 측지의 짧은 다세포성 동화사 위에 위치한다. 조하대 암반에 부착해 살며, 늦은 봄에서 초여름에 성숙하여 생식기관을 형성한다. 제주도, 관탈도에 생육하며, 세계적으로 일본, 중국, 호주에 분포한다.","엽체는 직립하고, 연갈색, 원주상으로 상부는 가늘지만 아래로 가면 단단하고, 굵어지며, 1-4개의 주축이 뚜렷하고, 길이 15-40cm, 폭 2mm 내외, 가지는 방사상으로 분지하며, 정단으로 갈수록 길이는 짧아진다. 기부는 작은 원주형 줄기에서 발달하는 가근성 부착기이다. 가지는 정단생장하고, 동화사는 정단에 붙는다. 자웅이주, 자웅동주이고, 생식기탁은 구형, 곤봉상, 난형이고, 길이 1-2mm, 단실포자낭은 측지의 짧은 다세포성 동화사 위에 위치한다.","늦은 봄에서 초여름 성숙하고, 생식기관을 형성",,,,"제주도, 관탈도","일본, 중국, 호주",조하대 암반,특별한 용도가 알려진 바 없음,정명,"Sporochnus radiciformis (R.Brown ex Turner) C.Agardh, 1817"
국립해양생물자원관_해양생물종정보 서비스,https://www.data.go.kr/data/15094770/openapi.do,,marine_life_species,톱니모자반,크로미스타계; 대롱편모조식물문; 갈조강; 말목; 모자반과,제주도 조하대 하부,제주도 조하대 하부,,,"엽체는 수m까지 자라고 부착기는 직경 0.8-1.5 cm 반상이다. 줄기는 원주상이고 직립한다. 중심가지는 편압되고 연변부는 날개모양을 이룬다. 측지는 다수 발달한다. 잎은 하부에서 피침형, 난형이고, 전연이나 얕은 거치가 발달하기도 하며, 얍고, 모총이 드물게 산재한다. 기낭은 구형, 타원형이고 잎 모양의 관엽을 갖는다. 생식기탁은 모여나고, 자성생식기탁은 편압된 피침형이고, 웅성생식기탁은 선형이다. 연중 생육하고, 5월에서 8월이 생식시기이다.","해양생물의 생김새, 서식지, 분포를 반영한 과학 동화 소재",국명·학명·서식지·분류체계를 활용한 관찰 질문과 퀴즈,5-7;8-10,해양생물종;톱니모자반;Sargassum;serratifolium;모자반과;제주도;조하대;하부,270000025009,Chromista,크로미스타계,Ochrophyta,대롱편모조식물문,Phaeophyceae,갈조강,Fucales,말목,Sargassaceae,모자반과,"Sargassum serratifolium (C.Agardh) C.Agardh, 1820",Sargassum serratifolium,톱니모자반,기타,"엽체는 수m까지 자라고 부착기는 직경 0.8-1.5 cm 반상이다. 줄기는 원주상이고 직립한다. 중심가지는 편압되고 연변부는 날개모양을 이룬다. 측지는 다수 발달한다. 잎은 하부에서 피침형, 난형이고, 전연이나 얕은 거치가 발달하기도 하며, 얍고, 모총이 드물게 산재한다. 기낭은 구형, 타원형이고 잎 모양의 관엽을 갖는다. 생식기탁은 모여나고, 자성생식기탁은 편압된 피침형이고, 웅성생식기탁은 선형이다. 연중 생육하고, 5월에서 8월이 생식시기이다.",식물체는 갈색이며 줄기는 원주상으로 직립하며 1차 가지는 편압되어 발달한다. 1차 엽은 피침형 또는 난형이며 전연 또는 얕은 거치가 발달한다. 기능은 구형 또는 타원형이다.,반상의 부착기로 조하대 하부 암반에 착생한다.,,,"항산화, 항염증, 항미생물",제주도 조하대 하부,일본,,"식품, 산업용",정명,"Sargassum serratifolium (C.Agardh) C.Agardh, 1820"
국립해양생물자원관_해양생물종정보 서비스,https://www.data.go.kr/data/15094770/openapi.do,,marine_life_species,톳,크로미스타계; 대롱편모조식물문; 갈조강; 말목; 모자반과,남해안,남해안,,,"식물체는 황갈색으로, 부착기는 원기둥 모양이며 가는 줄기를 형성하고 있다. 식물체는 50 cm까지 자라며, 줄기는 곧고, 기부에서 짧은 간격으로 분지한다. 어린 개체에서 잎은 2~4개가 방사상으로 나며 편평하고 두꺼운 다육질이다. 성숙한 잎은 막대 모양 또는 나뭇잎 모양이며 톱니모양의 거치가 있으며, 이 두 가지 모양의 잎이 다 나타나는 경우도 있다. 가지는 단단하고, 원기둥 모양이며, 상부에서 편평하거나 거치를 갖는다. 기낭은 방추형이다. 여름, 가을에 출현한다.","해양생물의 생김새, 서식지, 분포를 반영한 과학 동화 소재",국명·학명·서식지·분류체계를 활용한 관찰 질문과 퀴즈,5-7;8-10,해양생물종;톳;Sargassum;fusiforme;모자반과;남해안,270000024992,Chromista,크로미스타계,Ochrophyta,대롱편모조식물문,Phaeophyceae,갈조강,Fucales,말목,Sargassaceae,모자반과,"Sargassum fusiforme (Harvey) Setchell, 1931",Sargassum fusiforme,톳,기타,"식물체는 황갈색으로, 부착기는 원기둥 모양이며 가는 줄기를 형성하고 있다. 식물체는 50 cm까지 자라며, 줄기는 곧고, 기부에서 짧은 간격으로 분지한다. 어린 개체에서 잎은 2~4개가 방사상으로 나며 편평하고 두꺼운 다육질이다. 성숙한 잎은 막대 모양 또는 나뭇잎 모양이며 톱니모양의 거치가 있으며, 이 두 가지 모양의 잎이 다 나타나는 경우도 있다. 가지는 단단하고, 원기둥 모양이며, 상부에서 편평하거나 거치를 갖는다. 기낭은 방추형이다. 여름, 가을에 출현한다.","식물체는 황갈색으로 섬유상의 부착기로 바위에 착생한다. 줄기는 직립하고 원주형 또는 곤봉형의 1차 가지를 가진다. 성숙한 잎은 막대 모양으로 두꺼운 다육질이다. 크기는 50~100cm이며, 기낭은 방추형이다. 곤봉형의 생식기탁이 엽액 또는 줄기면을 따라 바나나 송이처럼 5~7개 방사상으로 다발을 이루어 형성되며, 생식기탁 내부에 타원형의 웅성 생식소가 형성된다.(Kim et al., 2017a)",조간대 하부에 군락을 형성한다.,,,"항돌연변이, 항암, 항고혈압, 면역증진, 항산화, 항미생물",남해안,"중국, 홍콩, 일본",,"식품, 의약품, 산업용",정명,"Sargassum fusiforme (Harvey) Setchell, 1931"
국립해양생물자원관_해양생물종정보 서비스,https://www.data.go.kr/data/15094770/openapi.do,,marine_life_species,파도초롱,크로미스타계; 대롱편모조식물문; 갈조강; 솜털목; 민가지말과,전 연안,전 연안,,,"엽체는 괭생이 모자반 위에 착생한다. 진갈색 혹은 암갈색을 띠고, 5~7mm 높이에 이르며, 숙주 위에 구형 내지 반구형의 작은 덤불 모양으로 자라고, 하부쪽 수층부와 피층부 그리고 돌출된 동화사의 3부위로 구성된다. 기부 반구형 부위는 위-조직성 수층조직으로, 차상분기하여 수직으로 배열되는 사상체 세포열들이 단단히 밀착되어 있다. 주로 봄부터 여름(5~7월)에 출현한다.","해양생물의 생김새, 서식지, 분포를 반영한 과학 동화 소재",국명·학명·서식지·분류체계를 활용한 관찰 질문과 퀴즈,5-7;8-10,해양생물종;파도초롱;Proselachista;taeniiformis;민가지말과;전;연안,270000024383,Chromista,크로미스타계,Ochrophyta,대롱편모조식물문,Phaeophyceae,갈조강,Ectocarpales,솜털목,Chordariaceae,민가지말과,"Proselachista taeniiformis (Yamada) Y.-P.Lee & Garbary, 2000",Proselachista taeniiformis,파도초롱,기타,"엽체는 괭생이 모자반 위에 착생한다. 진갈색 혹은 암갈색을 띠고, 5~7mm 높이에 이르며, 숙주 위에 구형 내지 반구형의 작은 덤불 모양으로 자라고, 하부쪽 수층부와 피층부 그리고 돌출된 동화사의 3부위로 구성된다. 기부 반구형 부위는 위-조직성 수층조직으로, 차상분기하여 수직으로 배열되는 사상체 세포열들이 단단히 밀착되어 있다. 주로 봄부터 여름(5~7월)에 출현한다.","엽체는 진갈색 혹은 암갈색을 띠고 체장은 5~7mm이며, 구형 내지 반구형의 작은 덤불 모양이다. 엽체는 수층부, 피층부와 돌출된 동화사 세 부위로 구성된다. 반구형 기부는 차상분기하여 수직으로 배열되는 사상체로 세포열들이 단단히 밀착되어 있다. 복실낭은 선형으로 단성형 사상체이고 단실낭은 표주박 모양이다.(Choi et al., 2016 편집 인용)",,,,,전 연안,"한국, 일본",,,정명,"Proselachista taeniiformis (Yamada) Y.-P.Lee & Garbary, 2000"
국립해양생물자원관_해양생물종정보 서비스,https://www.data.go.kr/data/15094770/openapi.do,,marine_life_species,팥꼴헛모자반,크로미스타계; 대롱편모조식물문; 갈조강; 말목; 모자반과,,,,,팥꼴헛모자반은(는) 해양생물 캐릭터와 과학 동화 소재로 사용할 수 있다.,"해양생물의 생김새, 서식지, 분포를 반영한 과학 동화 소재",국명·학명·서식지·분류체계를 활용한 관찰 질문과 퀴즈,5-7;8-10,해양생물종;팥꼴헛모자반;Stephanocystis;hakodatensis;모자반과,270000025344,Chromista,크로미스타계,Ochrophyta,대롱편모조식물문,Phaeophyceae,갈조강,Fucales,말목,Sargassaceae,모자반과,"Stephanocystis hakodatensis (Yendo) Draisma, Ballesteros, F.Rousseau & T.Thibaut, 2010",Stephanocystis hakodatensis,팥꼴헛모자반,기타,,,,,,,,,,,정명,"Stephanocystis hakodatensis (Yendo) Draisma, Ballesteros, F.Rousseau & T.Thibaut, 2010"
국립해양생물자원관_해양생물종정보 서비스,https://www.data.go.kr/data/15094770/openapi.do,,marine_life_species,패,크로미스타계; 대롱편모조식물문; 갈조강; 패목; 패과,"금갑, 채석강, 백령도","금갑, 채석강, 백령도",,,"식물체는 흑갈색의 이리저리 꾸부러지고 굵기가 고르지 않은 철사 모양으로 두 갈래로 가지를 낸다. 작은 구슬모양의 세포 10-14개가 연결된 곧은 실모양인 것이 빽빽이 들어차 피층을 이룬다. 수조직은 가지의 길이 방향으로 나란히 배열한 실과 이리저리 어지럽게 가며 피층실의 가장 안쪽 세포와 연결되는 실로 이루어졌다. 식물체는 보통 5~10 cm이며 최대 17 cm까지 자란다. 식물체는 바위에 자라며, 봄부터 여름까지 출현한다.","해양생물의 생김새, 서식지, 분포를 반영한 과학 동화 소재",국명·학명·서식지·분류체계를 활용한 관찰 질문과 퀴즈,5-7;8-10,해양생물종;패;Ishige;okamurae;패과;금갑;채석강;백령도,270000022647,Chromista,크로미스타계,Ochrophyta,대롱편모조식물문,Phaeophyceae,갈조강,Ishigeales,패목,Ishigeaceae,패과,"Ishige okamurae Yendo, 1907",Ishige okamurae,패,기타,"식물체는 흑갈색의 이리저리 꾸부러지고 굵기가 고르지 않은 철사 모양으로 두 갈래로 가지를 낸다. 작은 구슬모양의 세포 10-14개가 연결된 곧은 실모양인 것이 빽빽이 들어차 피층을 이룬다. 수조직은 가지의 길이 방향으로 나란히 배열한 실과 이리저리 어지럽게 가며 피층실의 가장 안쪽 세포와 연결되는 실로 이루어졌다. 식물체는 보통 5~10 cm이며 최대 17 cm까지 자란다. 식물체는 바위에 자라며, 봄부터 여름까지 출현한다.","식물체는 봄부터 여름에 주로 생장하고 암갈색이며 건조하면 흑색으로 되고 질은 단단하여 대지에 붙지 않는다. 체장은 5∼17 cm이고 뿌리는 작은 반상근이고 짧은 줄기를 가지고 복차상으로 분기하고 상부는 가는 원주상이며 또는 모가 나고 좀 납작하며 세로로 주름이 있기도 하다. 피층은 불투명하고 동화사로 이루어졌으며, 수층은 엽초로 둘러싸인 무색의 세포들로 구성되어 있다. 생식기는 엽체 중앙에서 주로 생성되며 단실포자낭은 타원형이다.",바위에 착생하며 봄부터 여름까지 출현한다.,,,"HIV-1 역전사 억제, 신경보호, 항산화, 항염증, 항오손","금갑, 채석강, 백령도","중국, 일본, 타이완",,"식품, 의약품",정명,"Ishige okamurae Yendo, 1907"
국립해양생물자원관_해양생물종정보 서비스,https://www.data.go.kr/data/15094770/openapi.do,,marine_life_species,푸른빛그물바탕말,크로미스타계; 대롱편모조식물문; 갈조강; 그물바탕말목; 그물바탕말과,"제주, 서해, 남해, 동해","제주, 서해, 남해, 동해",,,"엽체는 직립하고, 황갈색 또는 녹갈색이며, 가근성 부착기를 가지며, 여러 개체 모여 자란다. 엽상부는 띠 모양이고, 막질이며, 동일평면상에서 3~4회 차상 분지하여 전체적으로 부채꼴을 형성한다. 엽체는 횡단면에서 1층의 커다란 수층 세포와 이를 둘러싸는 1층의 작은 피층세포들로 구성된다. 엽체의 성장은 모든 가지의 말단에 있는 1개의 정단 세포에 의해 이루어진다. 높이 20cm, 엽폭 0.5~1cm까지 생장한다. 어린 개체의 경우 수중에서 청색의 형광을 띤다.[1]","해양생물의 생김새, 서식지, 분포를 반영한 과학 동화 소재",국명·학명·서식지·분류체계를 활용한 관찰 질문과 퀴즈,5-7;8-10,해양생물종;푸른빛그물바탕말;Dictyota;haenyeosa;그물바탕말과;제주;서해;남해;동해,270000029757,Chromista,크로미스타계,Ochrophyta,대롱편모조식물문,Phaeophyceae,갈조강,Dictyotales,그물바탕말목,Dictyotaceae,그물바탕말과,Dictyota haenyeosa,Dictyota haenyeosa,푸른빛그물바탕말,기타,,"엽체는 직립하고, 황갈색 또는 녹갈색이며, 가근성 부착기를 가지며, 여러 개체 모여 자란다. 엽상부는 띠 모양이고, 막질이며, 동일평면상에서 3~4회 차상 분지하여 전체적으로 부채꼴을 형성한다. 엽체는 횡단면에서 1층의 커다란 수층 세포와 이를 둘러싸는 1층의 작은 피층세포들로 구성된다. 엽체의 성장은 모든 가지의 말단에 있는 1개의 정단 세포에 의해 이루어진다. 높이 20cm, 엽폭 0.5~1cm까지 생장한다. 어린 개체의 경우 수중에서 청색의 형광을 띤다.[1]","식물체는 조간대부터 조하대 수심 10m 이내에 암반 또는 조수웅덩이에 서식한다. 조간대 중하부에서는 군락을 형성하며, 주기적으로 건조와 직사광선이 노출되어 엽체 전반에 걸쳐 푸른 형광을 띤다. 수심 1~5m에 분포하는 개체는 엽체가 얇고 연한 회갈색을 띠며 마찬가지로 엽체 전반에 청색 형광을 띤다.[1]",,,,"제주, 서해, 남해, 동해",일본,,,,
국립해양생물자원관_해양생물종정보 서비스,https://www.data.go.kr/data/15094770/openapi.do,,marine_life_species,한국바위납작말,크로미스타계; 대롱편모조식물문; 갈조강; 바위딱지목; 바위딱지과,"서해안, 남해안","서해안, 남해안",,,"색은 올리브, 황갈색,이나 갈색(건조시 빛나는 올리브에서 짙은 갈색), 윤곽이 불규칙하거나 원형이 종종 합류하며 밝은 가장자리가 있기도한다. Vegetative erect filaments는 드물게 가지가 있고, 직선 또는 위쪽으로 구부러져 있으며, 표면을 향해 가늘어지고 서로 단단히 인접하여 있다. 세포의 너비ㅣ는 3-11 μm이다.  erect filaments 의 세포는 길이가 4–20 μm 너비는 4–12 μm 이며, granular storage substances를 가지고 있다. Chloroplasts는 disc모양이기도하고, 불규칙한 discoid이며, 세포에 몇개씩 존재한다. Phaeophycean hairs는 basal disc나 apical parts of erect filaments 에서 발생한다.  plurangial and unangial sori 의 생식기 부분은 융기되고 불규칙하게 합류하는 영역을 형성한다. Purangial reproductive structures는37–105 μm 이고, 2-4의 filament로 나누어져 있으며 2–8 sterile cells이 filament의 끝에 생긴다. Unangial reproductive structures의 길이는 50–158 μm이고, 너비는 10–37 μm이다. 또한 1-2 개의 paraphyses를 갖는다.","해양생물의 생김새, 서식지, 분포를 반영한 과학 동화 소재",국명·학명·서식지·분류체계를 활용한 관찰 질문과 퀴즈,5-7;8-10,해양생물종;한국바위납작말;Endoplura;koreana;바위딱지과;서해안;남해안,270000027429,Chromista,크로미스타계,Ochrophyta,대롱편모조식물문,Phaeophyceae,갈조강,Ralfsiales,바위딱지목,Ralfsiaceae,바위딱지과,"Endoplura koreana A.O.Oteng’o, T.O.Cho & B.Y.Won, 2021",Endoplura koreana,한국바위납작말,기타,,"색은 올리브, 황갈색,이나 갈색(건조시 빛나는 올리브에서 짙은 갈색), 윤곽이 불규칙하거나 원형이 종종 합류하며 밝은 가장자리가 있기도한다. Vegetative erect filaments는 드물게 가지가 있고, 직선 또는 위쪽으로 구부러져 있으며, 표면을 향해 가늘어지고 서로 단단히 인접하여 있다. 세포의 너비ㅣ는 3-11 μm이다.  erect filaments 의 세포는 길이가 4–20 μm 너비는 4–12 μm 이며, granular storage substances를 가지고 있다. Chloroplasts는 disc모양이기도하고, 불규칙한 discoid이며, 세포에 몇개씩 존재한다. Phaeophycean hairs는 basal disc나 apical parts of erect filaments 에서 발생한다.  plurangial and unangial sori 의 생식기 부분은 융기되고 불규칙하게 합류하는 영역을 형성한다. Purangial reproductive structures는37–105 μm 이고, 2-4의 filament로 나누어져 있으며 2–8 sterile cells이 filament의 끝에 생긴다. Unangial reproductive structures의 길이는 50–158 μm이고, 너비는 10–37 μm이다. 또한 1-2 개의 paraphyses를 갖는다.","조간대의 돌이 많은 지대에 분포하며, 돌위에  붙어자란다.",,,,"서해안, 남해안",,,,정명,"Endoplura koreana A.O.Oteng’o, T.O.Cho & B.Y.Won, 2021"
국립해양생물자원관_해양생물종정보 서비스,https://www.data.go.kr/data/15094770/openapi.do,,marine_life_species,헛가지말,크로미스타계; 대롱편모조식물문; 갈조강; 바위딱지목; 바위딱지과,,,,,헛가지말은(는) 해양생물 캐릭터와 과학 동화 소재로 사용할 수 있다.,"해양생물의 생김새, 서식지, 분포를 반영한 과학 동화 소재",국명·학명·서식지·분류체계를 활용한 관찰 질문과 퀴즈,5-7;8-10,해양생물종;헛가지말;Analipus;japonicus;바위딱지과,270000020314,Chromista,크로미스타계,Ochrophyta,대롱편모조식물문,Phaeophyceae,갈조강,Ralfsiales,바위딱지목,Ralfsiaceae,바위딱지과,"Analipus japonicus (Harvey) M.J.Wynne, 1971",Analipus japonicus,헛가지말,기타,,,,,,,,,,,정명,"Analipus japonicus (Harvey) M.J.Wynne, 1971"
국립해양생물자원관_해양생물종정보 서비스,https://www.data.go.kr/data/15094770/openapi.do,,marine_life_species,헛뿌리솜털,크로미스타계; 대롱편모조식물문; 갈조강; 솜털목; 솜털과,"서해안, 동해안, 제주도 (이용필, 강서영. 2001. 한국산 해조류의 목록","서해안, 동해안, 제주도 (이용필, 강서영. 2001. 한국산 해조류의 목록",,,"rhiszoidal filament는 erect filament의 밑부분 세포에서 생기며, creeping filament와 거의 구분이 되지 않게 복잡한 basal masses를 이루고 잇다. 하지만 rhizoidal filament난 creeping filament는 host의 세포에 통과되지 않는다. Chromatophores는 작고 윤곽이 불규칙하고 디스크가 아닌 짧은 띠처럼 보입니다. 일반적은로 연속적인 띠처럼 보일정도로 어린 세포에 매우 밀접하게 배치되어 있지만, 오래된 세포는 연결되어 있지만 분리되어 있다. 세포는 짧고 erect filament와 그의 가지는 채찍처럼 긴 hair로 뻗어 있다. gametangia는 lateral이거나 terminal에 위치한다.","해양생물의 생김새, 서식지, 분포를 반영한 과학 동화 소재",국명·학명·서식지·분류체계를 활용한 관찰 질문과 퀴즈,5-7;8-10,해양생물종;헛뿌리솜털;Ectocarpus;flagelliferus;솜털과;서해안;동해안;제주도;(이용필;강서영.;2001.;한국산,270000021807,Chromista,크로미스타계,Ochrophyta,대롱편모조식물문,Phaeophyceae,갈조강,Ectocarpales,솜털목,Ectocarpaceae,솜털과,"Ectocarpus flagelliferus Setchell & N.L.Gardner, 1922, Nomen illegitimum",Ectocarpus flagelliferus,헛뿌리솜털,기타,,"rhiszoidal filament는 erect filament의 밑부분 세포에서 생기며, creeping filament와 거의 구분이 되지 않게 복잡한 basal masses를 이루고 잇다. 하지만 rhizoidal filament난 creeping filament는 host의 세포에 통과되지 않는다. Chromatophores는 작고 윤곽이 불규칙하고 디스크가 아닌 짧은 띠처럼 보입니다. 일반적은로 연속적인 띠처럼 보일정도로 어린 세포에 매우 밀접하게 배치되어 있지만, 오래된 세포는 연결되어 있지만 분리되어 있다. 세포는 짧고 erect filament와 그의 가지는 채찍처럼 긴 hair로 뻗어 있다. gametangia는 lateral이거나 terminal에 위치한다.",eel-grass(거머리말)위에 자란다 in alaska,,,,"서해안, 동해안, 제주도 (이용필, 강서영. 2001. 한국산 해조류의 목록",,,,정명,"Ectocarpus flagelliferus Setchell & N.L.Gardner, 1922, Nomen illegitimum"
국립해양생물자원관_해양생물종정보 서비스,https://www.data.go.kr/data/15094770/openapi.do,,marine_life_species,헛뿌리좀솜털,크로미스타계; 대롱편모조식물문; 갈조강; 솜털목; 솜말과,,,,,"엽체는 느슨하게 엉킨 실타래 모양이며, 분산생장을 하고 드물고 불규칙하게 측지를 내며, 연갈색을 띤다. 높이는 10~30cm에 이른다. 암반 혹은 다른 해조류에 부착 생육한다. 소지를 내어 다른 해조류에 엉켜 붙기도 한다. 분산생장을 하고 드물고 불규칙하게 곁가지를 낸다. 북태평양 연안에 분포하며 우리나라에서는 주로 겨울에서 봄철(1~4월)에 전 연안에서 채집할 수 있다.(국립생물자원관, 2010, 한반도생물자원포털)","해양생물의 생김새, 서식지, 분포를 반영한 과학 동화 소재",국명·학명·서식지·분류체계를 활용한 관찰 질문과 퀴즈,5-7;8-10,해양생물종;헛뿌리좀솜털;Feldmannia;rhizoidea;솜말과,270000022050,Chromista,크로미스타계,Ochrophyta,대롱편모조식물문,Phaeophyceae,갈조강,Ectocarpales,솜털목,Acinetosporaceae,솜말과,"Feldmannia rhizoidea Hollenberg & I.A.Abbott, 1968",Feldmannia rhizoidea,헛뿌리좀솜털,기타,,"엽체는 느슨하게 엉킨 실타래 모양이며, 분산생장을 하고 드물고 불규칙하게 측지를 내며, 연갈색을 띤다. 높이는 10~30cm에 이른다. 암반 혹은 다른 해조류에 부착 생육한다. 소지를 내어 다른 해조류에 엉켜 붙기도 한다. 분산생장을 하고 드물고 불규칙하게 곁가지를 낸다. 북태평양 연안에 분포하며 우리나라에서는 주로 겨울에서 봄철(1~4월)에 전 연안에서 채집할 수 있다.(국립생물자원관, 2010, 한반도생물자원포털)",,,,,,,,,정명,"Feldmannia rhizoidea Hollenberg & I.A.Abbott, 1968"
국립해양생물자원관_해양생물종정보 서비스,https://www.data.go.kr/data/15094770/openapi.do,,marine_life_species,호미모자반털,크로미스타계; 대롱편모조식물문; 갈조강; 솜털목; 민가지말과,남해안. 서해안.,남해안. 서해안.,,,"엽체는 톳에 착생하며, 반구형을 형성하여 작은 방석 모양으로 자라고, 높이 2.0~4.0 mm로 연갈색을 띠며, 기부의 피층 부위와 상층의 동화사로 구성된다. 수층 부위는 얇게 발달하고, 길게 신장된 부풀어 오른 원통형 내지 방추형 세포로 이루어지고, 대생 내지 호생으로 분지하며, 끝에 피층성 측사나 단실낭을 만든다. 피층성 측사는 동화사의 기부 부위에서 측생하는 수층세포의 정단부에서 만들어지며, 곤봉상으로 하부세포는 가늘고 상부세포는 뭉뚝한 구형으로, 8~11 세포로 구성되며, 100~150 μm로 길고, 끝은 호미 모양으로 강하게 휘어진다. 동화사는 염주 모양 세포열로 길며, 기부까지 뻗쳐 있고, 양끝으로 약간 가늘어지며, 세포 격벽부는 비교적 강하게 압축되어 있고, 성숙 부위 세포는 폭 20~30 μm, 폭에 대한 길이 비율은 0.7~1.2배이며, 피레노이드를 갖는 다수의 갈색체를 함유하고 있다. 복실낭은 알려지지 않았다. 단실낭은 포주박형 내지 타원형으로, 폭 15~20 μm, 길이 45~60 μm이며, 수층지 정단에 형성된다.","해양생물의 생김새, 서식지, 분포를 반영한 과학 동화 소재",국명·학명·서식지·분류체계를 활용한 관찰 질문과 퀴즈,5-7;8-10,해양생물종;호미모자반털;Elachista;falcata;민가지말과;남해안.;서해안.,270000021817,Chromista,크로미스타계,Ochrophyta,대롱편모조식물문,Phaeophyceae,갈조강,Ectocarpales,솜털목,Chordariaceae,민가지말과,"Elachista falcata Y.-P.Lee, 2000",Elachista falcata,호미모자반털,기타,,"엽체는 톳에 착생하며, 반구형을 형성하여 작은 방석 모양으로 자라고, 높이 2.0~4.0 mm로 연갈색을 띠며, 기부의 피층 부위와 상층의 동화사로 구성된다. 수층 부위는 얇게 발달하고, 길게 신장된 부풀어 오른 원통형 내지 방추형 세포로 이루어지고, 대생 내지 호생으로 분지하며, 끝에 피층성 측사나 단실낭을 만든다. 피층성 측사는 동화사의 기부 부위에서 측생하는 수층세포의 정단부에서 만들어지며, 곤봉상으로 하부세포는 가늘고 상부세포는 뭉뚝한 구형으로, 8~11 세포로 구성되며, 100~150 μm로 길고, 끝은 호미 모양으로 강하게 휘어진다. 동화사는 염주 모양 세포열로 길며, 기부까지 뻗쳐 있고, 양끝으로 약간 가늘어지며, 세포 격벽부는 비교적 강하게 압축되어 있고, 성숙 부위 세포는 폭 20~30 μm, 폭에 대한 길이 비율은 0.7~1.2배이며, 피레노이드를 갖는 다수의 갈색체를 함유하고 있다. 복실낭은 알려지지 않았다. 단실낭은 포주박형 내지 타원형으로, 폭 15~20 μm, 길이 45~60 μm이며, 수층지 정단에 형성된다.",서해와 남해에 나타난다.,,,,남해안. 서해안.,,,,정명,"Elachista falcata Y.-P.Lee, 2000"
국립해양생물자원관_해양생물종정보 서비스,https://www.data.go.kr/data/15094770/openapi.do,,marine_life_species,호주부챗말,크로미스타계; 대롱편모조식물문; 갈조강; 그물바탕말목; 그물바탕말과,,,,,호주부챗말은(는) 해양생물 캐릭터와 과학 동화 소재로 사용할 수 있다.,"해양생물의 생김새, 서식지, 분포를 반영한 과학 동화 소재",국명·학명·서식지·분류체계를 활용한 관찰 질문과 퀴즈,5-7;8-10,해양생물종;호주부챗말;Padina;australis;그물바탕말과,270000023824,Chromista,크로미스타계,Ochrophyta,대롱편모조식물문,Phaeophyceae,갈조강,Dictyotales,그물바탕말목,Dictyotaceae,그물바탕말과,"Padina australis Hauck, 1887",Padina australis,호주부챗말,기타,,,,,,,,,,,정명,"Padina australis Hauck, 1887"
국립해양생물자원관_해양생물종정보 서비스,https://www.data.go.kr/data/15094770/openapi.do,,marine_life_species,혹불레기말,크로미스타계; 대롱편모조식물문; 갈조강; 솜털목; 고리매과,제주도,제주도,,,식물체는 황갈색 거품모양의 주머니로 표면이 아주 심하게 볼록볼록하다. 피층은 작고 동글납작한 세포가 한 겹으로 되었고 그 안에는 큰 세포가 3~4 겹으로 수조직을 이루며 식물체의 가운데는 비었다. 다실포자낭은 가늘고 막대 모양으로 포자는 1~2줄이다. 측사는 갸름한 알 모양 또는 방망이 모양이며 다실포자낭과 같은 길이다. 조간대에 자란다.,"해양생물의 생김새, 서식지, 분포를 반영한 과학 동화 소재",국명·학명·서식지·분류체계를 활용한 관찰 질문과 퀴즈,5-7;8-10,해양생물종;혹불레기말;Colpomenia;tuberculata;고리매과;제주도,270000021449,Chromista,크로미스타계,Ochrophyta,대롱편모조식물문,Phaeophyceae,갈조강,Ectocarpales,솜털목,Scytosiphonaceae,고리매과,"Colpomenia tuberculata D.A.Saunders, 1898",Colpomenia tuberculata,혹불레기말,기타,식물체는 황갈색 거품모양의 주머니로 표면이 아주 심하게 볼록볼록하다. 피층은 작고 동글납작한 세포가 한 겹으로 되었고 그 안에는 큰 세포가 3~4 겹으로 수조직을 이루며 식물체의 가운데는 비었다. 다실포자낭은 가늘고 막대 모양으로 포자는 1~2줄이다. 측사는 갸름한 알 모양 또는 방망이 모양이며 다실포자낭과 같은 길이다. 조간대에 자란다.,,,,,,제주도,"알래스카,캘리포니아,바하 캘리포니아,멕시코,칠레,페루,파키스탄,하와이 제도",,,이명,Encephalophycus tuberculatus (D.A.Saunders) Santiañez 2022
국립해양생물자원관_해양생물종정보 서비스,https://www.data.go.kr/data/15094770/openapi.do,,marine_life_species,홑가는털,크로미스타계; 대롱편모조식물문; 갈조강; 솜털목; 민가지말과,동해안,동해안,,,"엽체는 다른 해조류에 착생하고, 연갈색을 띠며, 촘촘하게 밀생하여 흐느적거리는 덤불 모양으로 자라고, 서로 연합되지 않은 체 단독으로 나고, 원반모양의 포복성 기층부와 직립지로 구성된다. 직립지는 5~7mm높이로 자라며, 전체적으로 단선형 사상체이고, 단순하나 기부 부위에서 드물게 가지를 치기도 한다. 갈색체는 연변형판상 모양을 하고, 세포당 2~3개 들어 있으며, 중앙부에 하나의 피레노이드를 갖는다. 복실낭은 직립지 중간부에 개재적으로 형성되거나 혹은 상단부에 위치하며, 중간 혹은 상단부 10~20 영양세포열이 내적 분열을 통해 포자낭으로 전환되며, 보통 세포당 4개의 포자낭이 형성된다.","해양생물의 생김새, 서식지, 분포를 반영한 과학 동화 소재",국명·학명·서식지·분류체계를 활용한 관찰 질문과 퀴즈,5-7;8-10,해양생물종;홑가는털;Leptonematella;fasciculata;민가지말과;동해안,270000022876,Chromista,크로미스타계,Ochrophyta,대롱편모조식물문,Phaeophyceae,갈조강,Ectocarpales,솜털목,Chordariaceae,민가지말과,"Leptonematella fasciculata (Reinke) P.C.Silva, 1959",Leptonematella fasciculata,홑가는털,기타,"엽체는 다른 해조류에 착생하고, 연갈색을 띠며, 촘촘하게 밀생하여 흐느적거리는 덤불 모양으로 자라고, 서로 연합되지 않은 체 단독으로 나고, 원반모양의 포복성 기층부와 직립지로 구성된다. 직립지는 5~7mm높이로 자라며, 전체적으로 단선형 사상체이고, 단순하나 기부 부위에서 드물게 가지를 치기도 한다. 갈색체는 연변형판상 모양을 하고, 세포당 2~3개 들어 있으며, 중앙부에 하나의 피레노이드를 갖는다. 복실낭은 직립지 중간부에 개재적으로 형성되거나 혹은 상단부에 위치하며, 중간 혹은 상단부 10~20 영양세포열이 내적 분열을 통해 포자낭으로 전환되며, 보통 세포당 4개의 포자낭이 형성된다.",,,,,,동해안,"유럽, 북아메리카, 남아메리카, 아시아",,,정명,"Leptonematella fasciculata (Reinke) P.C.Silva, 1959"
국립해양생물자원관_해양생물종정보 서비스,https://www.data.go.kr/data/15094770/openapi.do,,marine_life_species,황색가시그물바탕말,크로미스타계; 대롱편모조식물문; 갈조강; 그물바탕말목; 그물바탕말과,"남해, 동해","남해, 동해",,,길이는 30cm로 자란다. 엽체는 불규칙하게 분지하고 편평하며 중륵은 발달하지 않는다. 정단분열세포군에서 생장이 이루어지고 정단 부위는 오목하게 함입되어 있다. 갈조사는 없다. 매트형 가근으로 암반에 부착한다. 색상은 엷은 갈색이다.,"해양생물의 생김새, 서식지, 분포를 반영한 과학 동화 소재",국명·학명·서식지·분류체계를 활용한 관찰 질문과 퀴즈,5-7;8-10,해양생물종;황색가시그물바탕말;Spatoglossum;crassum;그물바탕말과;남해;동해,270000025182,Chromista,크로미스타계,Ochrophyta,대롱편모조식물문,Phaeophyceae,갈조강,Dictyotales,그물바탕말목,Dictyotaceae,그물바탕말과,"Spatoglossum crassum J.Tanaka, 1991",Spatoglossum crassum,황색가시그물바탕말,기타,,길이는 30cm로 자란다. 엽체는 불규칙하게 분지하고 편평하며 중륵은 발달하지 않는다. 정단분열세포군에서 생장이 이루어지고 정단 부위는 오목하게 함입되어 있다. 갈조사는 없다. 매트형 가근으로 암반에 부착한다. 색상은 엷은 갈색이다.,주로 11월부터 다음해 8월까지 조하대 3~10m에 생육한다.,,,,"남해, 동해",일본 [3],,,정명,"Spatoglossum crassum J.Tanaka, 1991"
국립해양생물자원관_해양생물종정보 서비스,https://www.data.go.kr/data/15094770/openapi.do,,marine_life_species,회초리말,크로미스타계; 대롱편모조식물문; 갈조강; 채찍말목; 채찍말과,,,,,"엽체는 암반에 착생하여 직립한다. 기부는 작은 원반형이다. 엽체 줄기는 원주형으로 약간 편압되기도 한다. 정단부에서는 가늘어지며 30~50cm에 이른다. 생장은 정단부 사상지(絲狀枝)의 기부에서 발달하는 정모생장에 의한다. 가지는 다축의 유조직성으로 직경 100~120μm이고 사상지는 20~25mm이다. 우리나라에서는 동해와 남해안에서 발견된다. 일본에도 분포한다.(국립생물자원관, 2010, 한반도생물자원포털)","해양생물의 생김새, 서식지, 분포를 반영한 과학 동화 소재",국명·학명·서식지·분류체계를 활용한 관찰 질문과 퀴즈,5-7;8-10,해양생물종;회초리말;Mutimo;cylindricus;채찍말과,270000023454,Chromista,크로미스타계,Ochrophyta,대롱편모조식물문,Phaeophyceae,갈조강,Tilopteridales,채찍말목,Cutleriaceae,채찍말과,"Mutimo cylindricus (Okamura) H.Kawai & T.Kitayama, 2012",Mutimo cylindricus,회초리말,기타,"엽체는 암반에 착생하여 직립한다. 기부는 작은 원반형이다. 엽체 줄기는 원주형으로 약간 편압되기도 한다. 정단부에서는 가늘어지며 30~50cm에 이른다. 생장은 정단부 사상지(絲狀枝)의 기부에서 발달하는 정모생장에 의한다. 가지는 다축의 유조직성으로 직경 100~120μm이고 사상지는 20~25mm이다. 우리나라에서는 동해와 남해안에서 발견된다. 일본에도 분포한다.(국립생물자원관, 2010, 한반도생물자원포털)","엽체는 암반에 착생하여 직립한다. 기부는 작은 원반형이다. 엽체 줄기는 원주형으로 약간 편압되기도 한다. 정단부에서는 가늘어지며 30~50cm에 이른다. 생장은 정단부 사상지(絲狀枝)의 기부에서 발달하는 정모생장에 의한다. 가지는 다축의 유조직성으로 직경 100~120μm이고 사상지는 20~25mm이다. (국립생물자원관, 2010, 한반도생물자원포털)",,,,,,,,,정명,"Mutimo cylindricus (Okamura) H.Kawai & T.Kitayama, 2012"
국립해양생물자원관_해양생물종정보 서비스,https://www.data.go.kr/data/15094770/openapi.do,,marine_life_species,Blastococcus aggregatus,세균계; Actinomycetota; Actinomycetes; Geodermatophilales; Geodermatophilaceae,,,,,Blastococcus aggregatus은(는) 해양생물 캐릭터와 과학 동화 소재로 사용할 수 있다.,"해양생물의 생김새, 서식지, 분포를 반영한 과학 동화 소재",국명·학명·서식지·분류체계를 활용한 관찰 질문과 퀴즈,5-7;8-10,해양생물종;Blastococcus;aggregatus;Geodermatophilaceae,270000029345,Bacteria,세균계,Actinomycetota,,Actinomycetes,,Geodermatophilales,,Geodermatophilaceae,,"Blastococcus aggregatus Ahrens & Moll, 1970",Blastococcus aggregatus,,기타,,,,,,,,,,,정명,"Blastococcus aggregatus Ahrens & Moll, 1970"
국립해양생물자원관_해양생물종정보 서비스,https://www.data.go.kr/data/15094770/openapi.do,,marine_life_species,Pseudolithoderma subextensum,크로미스타계; 대롱편모조식물문; 갈조강; 갯쇠털목; Lithodermataceae,돌산 남해안,돌산 남해안,,,2배체의 sporophyte 세대와 1배체의 gametophyte 세대로 구성되고 동형세대교번을 따른다. 생식기는 unangia와 plurilocular 포자낭이 있다.,"해양생물의 생김새, 서식지, 분포를 반영한 과학 동화 소재",국명·학명·서식지·분류체계를 활용한 관찰 질문과 퀴즈,5-7;8-10,해양생물종;Pseudolithoderma;subextensum;Lithodermataceae;돌산;남해안,270000029317,Chromista,크로미스타계,Ochrophyta,대롱편모조식물문,Phaeophyceae,갈조강,Sphacelariales,갯쇠털목,Lithodermataceae,,"Pseudolithoderma subextensum (Waern) S.Lund, 1959",Pseudolithoderma subextensum,,기타,2배체의 sporophyte 세대와 1배체의 gametophyte 세대로 구성되고 동형세대교번을 따른다. 생식기는 unangia와 plurilocular 포자낭이 있다.,"겉표면은 암갈색에서 매우 짙은 갈색을 띠며, 원형에서 불규칙한 형태로 나타나고 종종 연한색의 가장자리나 성장선이 없이 자란다. 얇은 젤라틴층으로 덮여 있어 대체로 매끄럽고, 직경은 0.2-1.0 cm, 두께는 65-180 μm이며, 기질에 단단히 부착하고, Rhizoid는 없다.
hypothallial basal layer는 1-2층의 세포로 구성되어 있으며, 세포는 폭이 10-20 μm, 폭과 길이의 비율이 1 : 0.3-0.8이고, 이 세포들이 직립한 perithallial filament를 형성한다. 직립한 perithallial filament는 드물게 가지를 치며 곧고 서로 단단히 연결되어pseudoparenchymatose 조직을 형성한다. perithallial filament의 세포는 길이 8-12 μm, 폭 7-16 μm이다. 엽록체는 원반 모양으로, 세포당 여러 개가 존재한다.
basal layer에서 발생하는 Hair 다발은 드물게 관찰된다. 생식 부위인 unangial sori는 약간 돌출된 부분을 형성한다. Unangia는 원통형에서 아구형으로 길이는 27-50 μm, 폭은 10-15 μm이며, 직립한 필라멘트 끝에 위치한다.",Pseudolithoderma subextensum는 보통 바다의 암반에 붙어 자란다.,,,,돌산 남해안,"유럽, Western Atlantic, Middle east, Asia (Hong Kong, Japan Korea)[2][3]",,,정명,"Pseudolithoderma subextensum (Waern) S.Lund, 1959"
국립해양생물자원관_해양생물종정보 서비스,https://www.data.go.kr/data/15094770/openapi.do,,marine_life_species,Dictyota spathulata,크로미스타계; 대롱편모조식물문; 갈조강; 그물바탕말목; 그물바탕말과,"제주, 서해, 남해, 동해","제주, 서해, 남해, 동해",,,"엽체는 포복 또는 직립하고, 가근성 부착기를 가지며, 수중에서 황갈색이나 기부에서 정단부까지 짙은 갈색에서 연녹색으로 변하는 그라데이션을 형성한다. 엽상부는 띠 모양이고, 막질이며, 불규칙적으로 차상 분지하여 부채꼴 모양으로 넓게 펼쳐진다. 엽체 횡단면은 1층의 커다란 수층 세포와 이를 둘러싸는 1~3층의 작은 피층세포들로 구성된다. 엽체의 성장은 모든 가지의 말단에 있는 1개의 정단 세포에 의해 이루어진다. 높이 14cm, 엽폭 6cm까지 생장한다.[1]","해양생물의 생김새, 서식지, 분포를 반영한 과학 동화 소재",국명·학명·서식지·분류체계를 활용한 관찰 질문과 퀴즈,5-7;8-10,해양생물종;Dictyota;spathulata;그물바탕말과;제주;서해;남해;동해,270000029760,Chromista,크로미스타계,Ochrophyta,대롱편모조식물문,Phaeophyceae,갈조강,Dictyotales,그물바탕말목,Dictyotaceae,그물바탕말과,"Dictyota spathulata Yamada, 1928",Dictyota spathulata,,기타,,"엽체는 포복 또는 직립하고, 가근성 부착기를 가지며, 수중에서 황갈색이나 기부에서 정단부까지 짙은 갈색에서 연녹색으로 변하는 그라데이션을 형성한다. 엽상부는 띠 모양이고, 막질이며, 불규칙적으로 차상 분지하여 부채꼴 모양으로 넓게 펼쳐진다. 엽체 횡단면은 1층의 커다란 수층 세포와 이를 둘러싸는 1~3층의 작은 피층세포들로 구성된다. 엽체의 성장은 모든 가지의 말단에 있는 1개의 정단 세포에 의해 이루어진다. 높이 14cm, 엽폭 6cm까지 생장한다.[1]",식물체는 조간대부터 조하대 수심 15m의 암반에 서식한다. 주로 작은 조수웅덩이 내에 암반 또는 조간대에 깊이 10~40cm의 암반 사이에 자란다. 조간대에서는 어려 개체가 모여 군체를 형성한다.[1],,,,"제주, 서해, 남해, 동해",일본,,,정명,"Dictyota spathulata Yamada, 1928"
국립해양생물자원관_해양생물종정보 서비스,https://www.data.go.kr/data/15094770/openapi.do,,marine_life_species,Padina imbricata,크로미스타계; 대롱편모조식물문; 갈조강; 그물바탕말목; 그물바탕말과,"제주, 서해, 남해, 동해","제주, 서해, 남해, 동해",,,"엽체는 직립하고 반원형 내지 원형이고, 섬유상 부착기로 암반에 부착하고, 수중에서 반투명하다. 엽상부는 막질이며, 부채꼴로 확장하면서 기질에 비스듬히 생장하고, 말단부는 배면으로 말아진다. 엽체 폭 26 cm, 높이 18cm로, 폭이 더 길며, 횡단면에서 엽체 가장자리는 88-125㎛ 두께의 세 개의 세포층으로 구성되며, 수층은 길이 31-57㎛, 너비 18-32㎛로 기다란 세포가 한 층으로 구성된다. 생장은 엽체 말단에 있는 무수히 많은 정단분열세포에 의해 이루어지며, 정단세포가 있는 부분은 안쪽으로 말려진 부분의 가장 안쪽에 위치한다.","해양생물의 생김새, 서식지, 분포를 반영한 과학 동화 소재",국명·학명·서식지·분류체계를 활용한 관찰 질문과 퀴즈,5-7;8-10,해양생물종;Padina;imbricata;그물바탕말과;제주;서해;남해;동해,270000029119,Chromista,크로미스타계,Ochrophyta,대롱편모조식물문,Phaeophyceae,갈조강,Dictyotales,그물바탕말목,Dictyotaceae,그물바탕말과,"Padina imbricata Ni-Ni-Win, H.Shimabukuro & H.Kawai 2020",Padina imbricata,,기타,,"엽체는 직립하고 반원형 내지 원형이고, 섬유상 부착기로 암반에 부착하고, 수중에서 반투명하다. 엽상부는 막질이며, 부채꼴로 확장하면서 기질에 비스듬히 생장하고, 말단부는 배면으로 말아진다. 엽체 폭 26 cm, 높이 18cm로, 폭이 더 길며, 횡단면에서 엽체 가장자리는 88-125㎛ 두께의 세 개의 세포층으로 구성되며, 수층은 길이 31-57㎛, 너비 18-32㎛로 기다란 세포가 한 층으로 구성된다. 생장은 엽체 말단에 있는 무수히 많은 정단분열세포에 의해 이루어지며, 정단세포가 있는 부분은 안쪽으로 말려진 부분의 가장 안쪽에 위치한다.",식물체는 주로 조간대~조하대 수심 20m 이내의 암반에 부착하여 서식한다.[1],,,,"제주, 서해, 남해, 동해",일본,,,정명,"Padina imbricata Ni-Ni-Win, H.Shimabukuro & H.Kawai 2020"
국립해양생물자원관_해양생물종정보 서비스,https://www.data.go.kr/data/15094770/openapi.do,,marine_life_species,Yonghaparkia alkaliphila,세균계; Actinomycetota; Actinomycetes; Micrococcales; Microbacteriaceae,"제주도, 남해안 도서, 부산, 울진","제주도, 남해안 도서, 부산, 울진; 조하대 암반에서 생육",,,"바다에 사는 녹조식물이다. 엽체는 길이 20-30cm, 직립하고, 표면에 광택이 있으며, 진한 암녹색이다. 부착기 바로 위에서 넓게 펼쳐지면서, 길이 방향으로 찢어지듯이 분지하고, 가장자리는 매끈하다. 어린 개체는 신장형, 장타원형, 자라면서 뒤로 반곡하며, 세로로 열개하고, 방추상의 구멍이 생기고, 열편은 쐐기꼴로 된다. 조하대 수심 20m까지 생육하고, 암반에 원반상의 가근으로 부착하고, 신장형으로 자라다가 부채형으로 퍼지는 특징으로 최근에 형광초록갈파래와 함께 신속 식물로 기재되었다. 조하대 암반에 생육하며, 연중 관찰된다. 제주도, 남해안 도서, 부산, 울진 등지에 생육하며, 세계적으로 일본, 북태평양 서안에 분포한다.","해양생물의 생김새, 서식지, 분포를 반영한 과학 동화 소재",국명·학명·서식지·분류체계를 활용한 관찰 질문과 퀴즈,5-7;8-10,해양생물종;Yonghaparkia;alkaliphila;Microbacteriaceae;조하대;암반에서;생육;제주도;남해안;도서;부산;울진,270000025995,Bacteria,세균계,Actinomycetota,,Actinomycetes,,Micrococcales,,Microbacteriaceae,,"Yonghaparkia alkaliphila Yoon et al., 2006",Yonghaparkia alkaliphila,,기타,"바다에 사는 녹조식물이다. 엽체는 길이 20-30cm, 직립하고, 표면에 광택이 있으며, 진한 암녹색이다. 부착기 바로 위에서 넓게 펼쳐지면서, 길이 방향으로 찢어지듯이 분지하고, 가장자리는 매끈하다. 어린 개체는 신장형, 장타원형, 자라면서 뒤로 반곡하며, 세로로 열개하고, 방추상의 구멍이 생기고, 열편은 쐐기꼴로 된다. 조하대 수심 20m까지 생육하고, 암반에 원반상의 가근으로 부착하고, 신장형으로 자라다가 부채형으로 퍼지는 특징으로 최근에 형광초록갈파래와 함께 신속 식물로 기재되었다. 조하대 암반에 생육하며, 연중 관찰된다. 제주도, 남해안 도서, 부산, 울진 등지에 생육하며, 세계적으로 일본, 북태평양 서안에 분포한다.","엽체는 길이 20-30cm, 직립하고, 표면에 광택이 있으며, 진한 암녹색이고, 부착기 바로 위에서 넓게 펼쳐지면서, 길이 방향으로 찢어지듯이 분지하고, 가장자리는 매끈하다. 어린 개체는 신장형, 장타원형, 자라면서 뒤로 반곡하며, 세로로 열개하고, 방추상의 구멍이 생기고, 열편은 쐐기꼴로 된다.",전 계절에 생육,,,,"제주도, 남해안 도서, 부산, 울진","일본, 북태평양 서안",조하대 암반에서 생육,특별한 용도가 알려진 바 없음,정명,"Yonghaparkia alkaliphila Yoon et al., 2006"
국립해양생물자원관_해양생물종정보 서비스,https://www.data.go.kr/data/15094770/openapi.do,,marine_life_species,Dietzia maris,세균계; Actinomycetota; Actinomycetes; Mycobacteriales; Dietziaceae,"남해안, 제주도","남해안, 제주도; 조간대 및 조하대 암반",,,"바다에 사는 녹조식물이다. 엽체는 선록색, 길이 1-4cm의 분지 사상체로 측지와 분지하는 가근성 기부를 갖는다. 사상체는 폭 30-40㎛인 원통형이며, 오래된 가지 기부에는 두 겹의 격벽이 있다. 포자낭은 성숙하면 두 겹의 격벽에 의해 분리된다. 배우자체는 자웅이주로 난형이거나 구형이고, 직경 12mm 정도, 가근이나 부착기는 없는 경우가 있다. 조간대 및 조하대 암반에 부착하여 살며, 일 년 내내 관찰된다. 남해안과 제주도에 생육하며, 전 세계 연안에 널리 분포한다.","해양생물의 생김새, 서식지, 분포를 반영한 과학 동화 소재",국명·학명·서식지·분류체계를 활용한 관찰 질문과 퀴즈,5-7;8-10,해양생물종;Dietzia;maris;Dietziaceae;조간대;및;조하대;암반;남해안;제주도,270000021699,Bacteria,세균계,Actinomycetota,,Actinomycetes,,Mycobacteriales,,Dietziaceae,,"Dietzia maris (Nesterenko et al.) Rainey et al., 1995",Dietzia maris,,기타,"바다에 사는 녹조식물이다. 엽체는 선록색, 길이 1-4cm의 분지 사상체로 측지와 분지하는 가근성 기부를 갖는다. 사상체는 폭 30-40㎛인 원통형이며, 오래된 가지 기부에는 두 겹의 격벽이 있다. 포자낭은 성숙하면 두 겹의 격벽에 의해 분리된다. 배우자체는 자웅이주로 난형이거나 구형이고, 직경 12mm 정도, 가근이나 부착기는 없는 경우가 있다. 조간대 및 조하대 암반에 부착하여 살며, 일 년 내내 관찰된다. 남해안과 제주도에 생육하며, 전 세계 연안에 널리 분포한다.","엽체는 선록색, 길이 1-4cm의 분지 사상체로 측지와 분지하는 가근성 기부를 갖는다. 사상체는 폭 30-40㎛인 원통형이며, 오래된 가지 기부에는 두 겹의 격벽이 있다. 포자낭은 성숙하면 두 겹의 격벽에 의해 분리된다. 배우자체는 자웅이주로 난형이거나 구형이고, 직경 12mm 정도, 가근이나 부착기는 없는 경우가 있다.",전 계절에 생육,,,,"남해안, 제주도",전 세계 연안,조간대 및 조하대 암반,특별한 용도가 알려진 바 없음,정명,"Dietzia maris (Nesterenko et al.) Rainey et al., 1995"
국립해양생물자원관_해양생물종정보 서비스,https://www.data.go.kr/data/15094770/openapi.do,,marine_life_species,Endoplura gyeokpoensis,크로미스타계; 대롱편모조식물문; 갈조강; 바위딱지목; 바위딱지과,서해안,서해안,,,"식물체(Thalli)는 돌의 표면에 단단히 부착하고, 가장자리는 불규칙하거나 원형이며, 가장자리는 밝은 색이며, 지름이 1cm미만이고, 두께 57-322μm이다. 식물체는 녹적색 아랫면을 가지며, 가근은 없다. 식물체는 Hypothallial basal layer와 Erect perithallial filaments로 구성되어 있다. Hypothallial basal layer는 하나 이상의 세포 층으로 구성되어 있고, erect perithallial filaments를 생성한다. Erect filaments는 드물게 분기되고, 곧거나 위로 휘어 올라가며 서로 단단히 붙어 Pseudoparenchymatous조직을 형성한다. 하나의 세포에 여러 개의 엽록체를 가진다. Pit에 있는 hair는 드물며, 기저층이나 erect filament의 아래부분에서 발생한다. plurangial sori는 엽체에 작은 돌출 부위를 형성한다. Plurangial 생식기의 길이 45-126μm이며, 2-4개의 별도의 생식 필라멘트를 가지며, 끝에는 1-3개의 sterile 세포로 끝난다. Unangial 관찰되지 않았다. [2].","해양생물의 생김새, 서식지, 분포를 반영한 과학 동화 소재",국명·학명·서식지·분류체계를 활용한 관찰 질문과 퀴즈,5-7;8-10,해양생물종;Endoplura;gyeokpoensis;바위딱지과;서해안,270000028863,Chromista,크로미스타계,Ochrophyta,대롱편모조식물문,Phaeophyceae,갈조강,Ralfsiales,바위딱지목,Ralfsiaceae,바위딱지과,"Endoplura gyeokpoensis Oteng'o, B.Y.Won & T.O.Cho 2023",Endoplura gyeokpoensis,,기타,,"식물체(Thalli)는 돌의 표면에 단단히 부착하고, 가장자리는 불규칙하거나 원형이며, 가장자리는 밝은 색이며, 지름이 1cm미만이고, 두께 57-322μm이다. 식물체는 녹적색 아랫면을 가지며, 가근은 없다. 식물체는 Hypothallial basal layer와 Erect perithallial filaments로 구성되어 있다. Hypothallial basal layer는 하나 이상의 세포 층으로 구성되어 있고, erect perithallial filaments를 생성한다. Erect filaments는 드물게 분기되고, 곧거나 위로 휘어 올라가며 서로 단단히 붙어 Pseudoparenchymatous조직을 형성한다. 하나의 세포에 여러 개의 엽록체를 가진다. Pit에 있는 hair는 드물며, 기저층이나 erect filament의 아래부분에서 발생한다. plurangial sori는 엽체에 작은 돌출 부위를 형성한다. Plurangial 생식기의 길이 45-126μm이며, 2-4개의 별도의 생식 필라멘트를 가지며, 끝에는 1-3개의 sterile 세포로 끝난다. Unangial 관찰되지 않았다. [2].",주로 조간대에 있는 돌이나 단단한 기질에 붙어 서식한다.,,,,서해안,,,,정명,"Endoplura gyeokpoensis Oteng'o, B.Y.Won & T.O.Cho 2023"
국립해양생물자원관_해양생물종정보 서비스,https://www.data.go.kr/data/15094770/openapi.do,,marine_life_species,Endoplura limpeticola,크로미스타계; 대롱편모조식물문; 갈조강; 바위딱지목; 바위딱지과,남해안,남해안,,,"식물체(thalli)는 배말(limpet; 삿갓조개) 위의 외피층(epizoic crusts)에 붙어자라고, 올리브에서 황갈색 (건조 시 빛나는 어두운 갈색), 외표면은 불규칙적이거나 원형이며 종종 융합되어 있다. 가장자리는 어두우며, 표면에 성장선과 능선(ridges)이 있고, 너비가 최대 2.2cm, 두께는 115-751μm 이다. 기질에 단단히 부착되어 있으며 적색의 아랫면이 있으며 수많은 다세포 가근이 있다. 식물체는 Hypothallial basal layer과 Erect perithallial filaments로 구성되어 있다. Hypothallial basal layer은 erect perithallial filaments를 생성하고 너비와 길이 비율이 1:1.2-1.3인 세포로 구성되어 있다. 직립성 필라멘트(Erect filaments)는 드문드문 가지가 있고, 위쪽으로 휘어져 있으며 표면으로 갈수록 가늘어져 있으며 서로 단단히 인접하여 위유조직(pseudoparenchymatous tissue)을 형성한다. 엽록체는 세포당 여러 개이며 원반형에서 불규칙적인 디스코이드 형태로 발견된다. Pit의 hair은 기저층과 하부의 직립성 필라멘트에서 발생한다. Plurangial sori의 생식 부분은 엽체의 돌출되어 있다. Plurangial 생식 구조는 개재적(intercalary)으로, 길이 57-165μm이며, 두 개의 분리된 평행 생식 필라멘트로 구성되어 있으며 끝에 2-3개의 sterile cells가 있다. Unangial 생식 구조는 관찰되지 않았다. [2].","해양생물의 생김새, 서식지, 분포를 반영한 과학 동화 소재",국명·학명·서식지·분류체계를 활용한 관찰 질문과 퀴즈,5-7;8-10,해양생물종;Endoplura;limpeticola;바위딱지과;남해안,270000028864,Chromista,크로미스타계,Ochrophyta,대롱편모조식물문,Phaeophyceae,갈조강,Ralfsiales,바위딱지목,Ralfsiaceae,바위딱지과,"Endoplura limpeticola Oteng'o, B.Y.Won & T.O.Cho 2023",Endoplura limpeticola,,기타,,"식물체(thalli)는 배말(limpet; 삿갓조개) 위의 외피층(epizoic crusts)에 붙어자라고, 올리브에서 황갈색 (건조 시 빛나는 어두운 갈색), 외표면은 불규칙적이거나 원형이며 종종 융합되어 있다. 가장자리는 어두우며, 표면에 성장선과 능선(ridges)이 있고, 너비가 최대 2.2cm, 두께는 115-751μm 이다. 기질에 단단히 부착되어 있으며 적색의 아랫면이 있으며 수많은 다세포 가근이 있다. 식물체는 Hypothallial basal layer과 Erect perithallial filaments로 구성되어 있다. Hypothallial basal layer은 erect perithallial filaments를 생성하고 너비와 길이 비율이 1:1.2-1.3인 세포로 구성되어 있다. 직립성 필라멘트(Erect filaments)는 드문드문 가지가 있고, 위쪽으로 휘어져 있으며 표면으로 갈수록 가늘어져 있으며 서로 단단히 인접하여 위유조직(pseudoparenchymatous tissue)을 형성한다. 엽록체는 세포당 여러 개이며 원반형에서 불규칙적인 디스코이드 형태로 발견된다. Pit의 hair은 기저층과 하부의 직립성 필라멘트에서 발생한다. Plurangial sori의 생식 부분은 엽체의 돌출되어 있다. Plurangial 생식 구조는 개재적(intercalary)으로, 길이 57-165μm이며, 두 개의 분리된 평행 생식 필라멘트로 구성되어 있으며 끝에 2-3개의 sterile cells가 있다. Unangial 생식 구조는 관찰되지 않았다. [2].",조간대의 살아있는 삿갓조개(limpet)의 껍질에 서식한다.,,,,남해안,,,,정명,"Endoplura limpeticola Oteng'o, B.Y.Won & T.O.Cho 2023"
국립해양생물자원관_해양생물종정보 서비스,https://www.data.go.kr/data/15094770/openapi.do,,marine_life_species,Cyanobacterium aponinum,세균계; Cyanobacteria; Cyanophyceae; Chroococcales; Geminocystaceae,,"C. aponinum은 담수, 기수 및 해양에서 발견되는 남조류",,,"2-4 μm크기를 가지며, 형태는 원형 또는 타원형에 가깝고, 틸라코이드 (thylakoid)가 세포질안에서 퍼져 있으며, 군체를 형성하지 않으나 이분법에 의한 성장을 하므로, 2개의 군체가 붙어있는 경우를 발견할 수 있음.","해양생물의 생김새, 서식지, 분포를 반영한 과학 동화 소재",국명·학명·서식지·분류체계를 활용한 관찰 질문과 퀴즈,5-7;8-10,해양생물종;Cyanobacterium;aponinum;Geminocystaceae;C.;aponinum은;담수;기수;및;해양에서;발견되는;남조류,270000027846,Bacteria,세균계,Cyanobacteria,,Cyanophyceae,,Chroococcales,,Geminocystaceae,,"Cyanobacterium aponinum Moro et al., 2007",Cyanobacterium aponinum,,기타,,"2-4 μm크기를 가지며, 형태는 원형 또는 타원형에 가깝고, 틸라코이드 (thylakoid)가 세포질안에서 퍼져 있으며, 군체를 형성하지 않으나 이분법에 의한 성장을 하므로, 2개의 군체가 붙어있는 경우를 발견할 수 있음.",,,,,,,"C. aponinum은 담수, 기수 및 해양에서 발견되는 남조류","C. aponium은 높은 염도, 광도 및 온도에 대한 저항성을 가지고 있으며 생리활성을 나타내는 다당체를
포함하여 파이코시아닌 (phycocyanin), 지아잔틴 (zeaxanthin), 베타카로틴 (β-carotene) 등을 가지고
있으므로 산업적 활용에 대한 연구가 최근 활발하게 진행되고 있음1).",정명,"Cyanobacterium aponinum Moro et al., 2007"
국립해양생물자원관_해양생물종정보 서비스,https://www.data.go.kr/data/15094770/openapi.do,,marine_life_species,Gloeothece tepidariorum,세균계; Cyanobacteria; Cyanophyceae; Chroococcales; Microcystaceae,,온천과 같은 극한 환경에서도 생존할 수 있는 것으로 알려짐1).,,,"구형 또는 타원형의 세포로써 직경이 3-5 μm 정도로 작으며, 단세포로 존재하거나 점액질로 둘러싸인 작은 군체를 형성함. 세포 또는 군체는 두꺼운 점액질 피막에 둘러싸여 외부 환경으로부터 보호.","해양생물의 생김새, 서식지, 분포를 반영한 과학 동화 소재",국명·학명·서식지·분류체계를 활용한 관찰 질문과 퀴즈,5-7;8-10,해양생물종;Gloeothece;tepidariorum;Microcystaceae;온천과;같은;극한;환경에서도;생존할;수;있는;것으로,270000029099,Bacteria,세균계,Cyanobacteria,,Cyanophyceae,,Chroococcales,,Microcystaceae,,"Gloeothece tepidariorum (A.Braun) Lagerheim, 1883",Gloeothece tepidariorum,,기타,,"구형 또는 타원형의 세포로써 직경이 3-5 μm 정도로 작으며, 단세포로 존재하거나 점액질로 둘러싸인 작은 군체를 형성함. 세포 또는 군체는 두꺼운 점액질 피막에 둘러싸여 외부 환경으로부터 보호.",,,,,,,온천과 같은 극한 환경에서도 생존할 수 있는 것으로 알려짐1).,"아직 독성이나 산업적 활용 관련 연구는 거의 되어 있지 않지만, 성장이 빠르고 남조류의 특성상 파이코시아닌 등 다양한 고부가 물질을 함유할 것으로 예측되며, 동 속의 종들이 다양한 효능을 나타내는 것으로 보고되어 추후 연구를 통한 산업화가 가능할 것으로 판단됨2).",정명,"Gloeothece tepidariorum (A.Braun) Lagerheim, 1883"
국립해양생물자원관_해양생물종정보 서비스,https://www.data.go.kr/data/15094770/openapi.do,,marine_life_species,Serinicoccus chungangensis,세균계; Actinomycetota; Actinomycetes; Micrococcales; Ornithinimicrobiaceae,,,,,"의미: 종양화 (chungangensis) 에 유래 / 분리원: 대한민국 황해의 서모도 퇴적물 / 분포: 대한민국 황해 / 보존기관 정보: CAU,MCCC, JC","해양생물의 생김새, 서식지, 분포를 반영한 과학 동화 소재",국명·학명·서식지·분류체계를 활용한 관찰 질문과 퀴즈,5-7;8-10,해양생물종;Serinicoccus;chungangensis;Ornithinimicrobiaceae,270000025071,Bacteria,세균계,Actinomycetota,,Actinomycetes,,Micrococcales,,Ornithinimicrobiaceae,,"Serinicoccus chungangensis Traiwan et al., 2011",Serinicoccus chungangensis,,기타,"의미: 종양화 (chungangensis) 에 유래 / 분리원: 대한민국 황해의 서모도 퇴적물 / 분포: 대한민국 황해 / 보존기관 정보: CAU,MCCC, JC",배양배지: GYE배지 / 그람염색: 그람양성 / 콜로니특징: 노란색이며 볼록하고 전체 여백이있다. / 세포형태: 구균 / 편모나 섬모 여부: 비운동성,,온도(최적온도): 20–40℃ (optimum 30 ℃) / 염도(최적염도): 0–15 % (w/v) NaCl (optimum 13 %) / Ph(최적pH): pH 5.0–11.0 (optimum pH 9.0) / 산소요구도: 절대 호기성,퀴논: menaquinone MK-8 (H4) / 주요 지방산: iso-C15 : 0 / DNA G+C 비율(%): 73.5 mol%,"catalase, nitrate reduction, aesculin hydrolysis, assmilation of ferric citrate, capric acid.",,,,,정명,"Serinicoccus chungangensis Traiwan et al., 2011"
국립해양생물자원관_해양생물종정보 서비스,https://www.data.go.kr/data/15094770/openapi.do,,marine_life_species,Cellulomonas pakistanensis,세균계; Actinomycetota; Actinomycetes; Micrococcales; Cellulomonadaceae,,,,,"의미: 파키스탄이라는 뜻의 pakistanensis에서 유래한 균주 / 분리원: 파키스탄의 논 곡물에서 분리 / 분포: 곡물 / 분리방법: TSA cultured for 2 days at 30 uC. / 보존기관 정보: DSM, KCTC, JCM","해양생물의 생김새, 서식지, 분포를 반영한 과학 동화 소재",국명·학명·서식지·분류체계를 활용한 관찰 질문과 퀴즈,5-7;8-10,해양생물종;Cellulomonas;pakistanensis;Cellulomonadaceae,270000021053,Bacteria,세균계,Actinomycetota,,Actinomycetes,,Micrococcales,,Cellulomonadaceae,,"Cellulomonas pakistanensis Ahmed et al., 2014",Cellulomonas pakistanensis,,기타,"의미: 파키스탄이라는 뜻의 pakistanensis에서 유래한 균주 / 분리원: 파키스탄의 논 곡물에서 분리 / 분포: 곡물 / 분리방법: TSA cultured for 2 days at 30 uC. / 보존기관 정보: DSM, KCTC, JCM",배양배지: soy agar (TSA; Difco) / 콜로니특징: 둥글고 약간 돌출되어 있으며 반투명하고 표면은 황록색 / 세포형태: 간균,,"온도(최적온도): 10-37 (28-32) / 염도(최적염도): 0-12 (1-2) / Ph(최적pH): 6–9(7) / 산소요구도: 통성 혐기성 / 주요기질: erythritol, D-ribose, methyl b-D-xylopyranoside, L-rhamnose, D-sorbitol, inulin, starch, glycogen, D-lyxose, D-tagatose, D-arabinose, L-xylose, D-adonitol, L-sorbose, dulcitol, inositol, xylitol, D-fucose, L-fucose, Darabitol, L-arabitol, potassium 5-ketogluconate and potassium 2-ketogluconate","퀴논: MK-9 / 주요 지방산: anteiso-C15:0, C16:0, C14:0, anteiso-C17:0 / DNA G+C 비율(%): 76.2 mol% / 기타 세포성분: diphosphatidylglycerol, phosphatidylinositol, phosphatidylinositol mannosides",,,,,,정명,"Cellulomonas pakistanensis Ahmed et al., 2014"
국립해양생물자원관_해양생물종정보 서비스,https://www.data.go.kr/data/15094770/openapi.do,,marine_life_species,Agrococcus baldri,세균계; Actinomycetota; Actinomycetes; Micrococcales; Microbacteriaceae,,,,,"의미: 유럽신화 속 신 Baldr에서 유래 / 분리원: 오스트리아 빈 비르길리우스 예배당 내부의 공기 / 분포: 대기 중 / 분리방법: CasMM agar 배지에서 4일 배양 / 특성: 광발색균 / 보존기관 정보: DSM, CCM","해양생물의 생김새, 서식지, 분포를 반영한 과학 동화 소재",국명·학명·서식지·분류체계를 활용한 관찰 질문과 퀴즈,5-7;8-10,해양생물종;Agrococcus;baldri;Microbacteriaceae,270000020122,Bacteria,세균계,Actinomycetota,,Actinomycetes,,Micrococcales,,Microbacteriaceae,,"Agrococcus baldri Zlamala et al., 2002",Agrococcus baldri,,기타,"의미: 유럽신화 속 신 Baldr에서 유래 / 분리원: 오스트리아 빈 비르길리우스 예배당 내부의 공기 / 분포: 대기 중 / 분리방법: CasMM agar 배지에서 4일 배양 / 특성: 광발색균 / 보존기관 정보: DSM, CCM","배양배지: TSA / 그람염색: 양성 / 콜로니특징: 어두운 곳에서 배양 시 흰색, 밝은 곳에서 배양 시 노랑색 / 세포형태: 불규칙한 구균-간균 / 세포크기: 0.7-1.0 x 1.1-1.7 ㎛ / 편모나 섬모 여부: 없음",,"온도(최적온도): 4-37 (18-28) / 염도(최적염도): 0-9 (4) / 산소요구도: 호기성 / 주요기질: Cellobiose, Fructose, Gluconate, Glucose, Aminobutyrate","퀴논: MK-11, MK-12 / 주요 지방산: anteiso-C15:0, anteiso-C17:0, anteiso-C16:0, iso-C15:0 / DNA G+C 비율(%): 73.8-74.9 / 기타 세포성분: diphosphatidylglycerol, phosphatidylglycerol, glycolipids, polar lipid","Catalase,",,,,,정명,"Agrococcus baldri Zlamala et al., 2002"
국립해양생물자원관_해양생물종정보 서비스,https://www.data.go.kr/data/15094770/openapi.do,,marine_life_species,Microcella putealis,세균계; Actinomycetota; Actinomycetes; Micrococcales; Microbacteriaceae,,,,,분리원: 비염수성 알칼리성 지하수 / 분포: 알칼리성 지하수,"해양생물의 생김새, 서식지, 분포를 반영한 과학 동화 소재",국명·학명·서식지·분류체계를 활용한 관찰 질문과 퀴즈,5-7;8-10,해양생물종;Microcella;putealis;Microbacteriaceae,270000019610,Bacteria,세균계,Actinomycetota,,Actinomycetes,,Micrococcales,,Microbacteriaceae,,"Microcella putealis Tiago et al., 2005",Microcella putealis,,기타,분리원: 비염수성 알칼리성 지하수 / 분포: 알칼리성 지하수,"배양배지: ABM2 배지 / 그람염색: 그람양성 / 콜로니특징: 간극, 작고, 부드럽고, 노란색 / 세포형태: 간균 / 세포크기: 0.8–1.6㎛",,온도(최적온도): 10-45 (35) / 염도(최적염도): 0-6.0 / Ph(최적pH): 8.5-9.0 / 산소요구도: 호기성,"퀴논: MK-12, MK-13 / 주요 지방산: C16:0, C14:0, C15:0 / DNA G+C 비율(%): 68.8","catalase, positive, gelatinase",,,,,정명,"Microcella putealis Tiago et al., 2005"
국립해양생물자원관_해양생물종정보 서비스,https://www.data.go.kr/data/15094770/openapi.do,,marine_life_species,Microbacterium paraoxydans,세균계; Actinomycetota; Actinomycetes; Micrococcales; Microbacteriaceae,,,,,"분리원: 사람의 피에서 분리 / 분포: 사람의 피 / 분리방법: Columbia blood agar, 37℃ / 보존기관 정보: DSM, CCUG","해양생물의 생김새, 서식지, 분포를 반영한 과학 동화 소재",국명·학명·서식지·분류체계를 활용한 관찰 질문과 퀴즈,5-7;8-10,해양생물종;Microbacterium;paraoxydans;Microbacteriaceae,270000023322,Bacteria,세균계,Actinomycetota,,Actinomycetes,,Micrococcales,,Microbacteriaceae,,"Microbacterium paraoxydans Laffineur et al., 2003",Microbacterium paraoxydans,,기타,"분리원: 사람의 피에서 분리 / 분포: 사람의 피 / 분리방법: Columbia blood agar, 37℃ / 보존기관 정보: DSM, CCUG","배양배지: blood agar / 그람염색: 양성 / 콜로니특징: 밝은 노란색, 직경 2mm / 세포형태: 간균 / 편모나 섬모 여부: 주모",,"온도(최적온도): 37°C / 산소요구도: 호기성 / 주요기질: D-arabinose, ribose, glucose, galactose, fructose, mannose, rhamnose, mannitol","주요 지방산: anteiso-C17:0, anteiso-C15:0, iso-C16:0 / DNA G+C 비율(%): 69.9","catalase, leucine arylamidase, phosphoamidase, α-glucosidase",,,,,정명,"Microbacterium paraoxydans Laffineur et al., 2003"
국립해양생물자원관_해양생물종정보 서비스,https://www.data.go.kr/data/15094770/openapi.do,,marine_life_species,Micrococcus endophyticus,세균계; Actinomycetota; Actinomycetes; Micrococcales; Micrococcaceae,,,,,"의미: 식물 내의 내피에서 유래 / 분리원: 중국 남서부 윈난성의 열대우림에서 채집된 식물 Aquilaria sinensis의 표면 살균된 뿌리에서 분리 / 분포: 중국 남서부 윈난성의 열대 우림에서 수집 된 식물 Aquilaria sinensis / 분리방법: TWYE agar, 28℃ / 보존기관 정보: DSM, KCTC","해양생물의 생김새, 서식지, 분포를 반영한 과학 동화 소재",국명·학명·서식지·분류체계를 활용한 관찰 질문과 퀴즈,5-7;8-10,해양생물종;Micrococcus;endophyticus;Micrococcaceae,270000023351,Bacteria,세균계,Actinomycetota,,Actinomycetes,,Micrococcales,,Micrococcaceae,,"Micrococcus endophyticus Chen et al., 2009",Micrococcus endophyticus,,기타,"의미: 식물 내의 내피에서 유래 / 분리원: 중국 남서부 윈난성의 열대우림에서 채집된 식물 Aquilaria sinensis의 표면 살균된 뿌리에서 분리 / 분포: 중국 남서부 윈난성의 열대 우림에서 수집 된 식물 Aquilaria sinensis / 분리방법: TWYE agar, 28℃ / 보존기관 정보: DSM, KCTC","배양배지: TSA / 그람염색: 양성 / 콜로니특징: 노란색, 매끄러운 원형 / 세포형태: 구균 / 세포크기: 직경 0.5-0.7 / 편모나 섬모 여부: 비운동성",,"온도(최적온도): 15-37 / 염도(최적염도): 0-10 / Ph(최적pH): 6-9 / 산소요구도: 호기성 / 주요기질: lysine, glutamic acid, alanine, glycine","퀴논: MK-8 / 주요 지방산: iso-C15 : 0, anteiso-C15 : 0 / DNA G+C 비율(%): 72.9","catalase, oxidase",,,,,정명,"Micrococcus endophyticus Chen et al., 2009"
국립해양생물자원관_해양생물종정보 서비스,https://www.data.go.kr/data/15094770/openapi.do,,marine_life_species,Brachybacterium muris,세균계; Actinomycetota; Actinomycetes; Micrococcales; Dermabacteraceae,,,,,"의미: 쥐에서 분리된 균주 / 분리원: 쥐의 간 / 분포: 동물의 간 / 분리방법: 균질화 하여 Brucella broth에 혐기적 배양 / 보존기관 정보: DSM, CCM","해양생물의 생김새, 서식지, 분포를 반영한 과학 동화 소재",국명·학명·서식지·분류체계를 활용한 관찰 질문과 퀴즈,5-7;8-10,해양생물종;Brachybacterium;muris;Dermabacteraceae,270000020849,Bacteria,세균계,Actinomycetota,,Actinomycetes,,Micrococcales,,Dermabacteraceae,,"Brachybacterium muris Buczolits et al., 2003",Brachybacterium muris,,기타,"의미: 쥐에서 분리된 균주 / 분리원: 쥐의 간 / 분포: 동물의 간 / 분리방법: 균질화 하여 Brucella broth에 혐기적 배양 / 보존기관 정보: DSM, CCM",배양배지: PYES agar / 그람염색: 양성 / 콜로니특징: 연노랑색 / 세포형태: 구균 / 세포크기: 1.2-1.5 ㎛ / 편모나 섬모 여부: 없음,,"온도(최적온도): 25-37 / Ph(최적pH): 10 / 산소요구도: 미호기성 / 주요기질: Arabinose, Fructose","퀴논: MK-7 / 주요 지방산: anteiso-C15:0 / 기타 세포성분: diphosphatidylglycerol, phosphatidylglycerol",starch hydrolase,,,,,정명,"Brachybacterium muris Buczolits et al., 2003"
국립해양생물자원관_해양생물종정보 서비스,https://www.data.go.kr/data/15094770/openapi.do,,marine_life_species,Microbacterium maritypicum,세균계; Actinomycetota; Actinomycetes; Micrococcales; Microbacteriaceae,,,,,의미: 바다에서 유래 / 분리원: 바닷물과 갯벌에서 분리 / 분포: 바닷물과 갯벌,"해양생물의 생김새, 서식지, 분포를 반영한 과학 동화 소재",국명·학명·서식지·분류체계를 활용한 관찰 질문과 퀴즈,5-7;8-10,해양생물종;Microbacterium;maritypicum;Microbacteriaceae,270000023319,Bacteria,세균계,Actinomycetota,,Actinomycetes,,Micrococcales,,Microbacteriaceae,,"Microbacterium maritypicum (ZoBell & Upham) Takeuchi & Hatano, 1998",Microbacterium maritypicum,,기타,의미: 바다에서 유래 / 분리원: 바닷물과 갯벌에서 분리 / 분포: 바닷물과 갯벌,"그람염색: 양성 / 콜로니특징: 직경 2-4mm, 밝은 노란색 / 세포형태: 간균 / 편모나 섬모 여부: 복상 편모",,"온도(최적온도): (28) / 염도(최적염도): 2-5 / 주요기질: galactose, fucose, mannose, 6-deoxytalose, mannose, glucose","주요 지방산: anteiso-C15 : 0, iso-C16 : 0 / DNA G+C 비율(%): 71.6",,,,,,정명,"Microbacterium maritypicum (ZoBell & Upham) Takeuchi & Hatano, 1998"
국립해양생물자원관_해양생물종정보 서비스,https://www.data.go.kr/data/15094770/openapi.do,,marine_life_species,Micrococcus yunnanensis,세균계; Actinomycetota; Actinomycetes; Micrococcales; Micrococcaceae,,,,,"의미: 중국 남서부 지방인 윈난(yunnan)에서 유래 / 분리원: 중국 남서부 윈난성에서 채집한 Polyspora axillaris의 표면 멸균 뿌리에서 분리 / 분포: 중국 남서부 윈난성에서 채집한 Polyspora axillaris / 분리방법: TWYE agar, 28℃ / 보존기관 정보: CCTCC, DSM","해양생물의 생김새, 서식지, 분포를 반영한 과학 동화 소재",국명·학명·서식지·분류체계를 활용한 관찰 질문과 퀴즈,5-7;8-10,해양생물종;Micrococcus;yunnanensis;Micrococcaceae,270000023354,Bacteria,세균계,Actinomycetota,,Actinomycetes,,Micrococcales,,Micrococcaceae,,"Micrococcus yunnanensis Zhao et al., 2009",Micrococcus yunnanensis,,기타,"의미: 중국 남서부 지방인 윈난(yunnan)에서 유래 / 분리원: 중국 남서부 윈난성에서 채집한 Polyspora axillaris의 표면 멸균 뿌리에서 분리 / 분포: 중국 남서부 윈난성에서 채집한 Polyspora axillaris / 분리방법: TWYE agar, 28℃ / 보존기관 정보: CCTCC, DSM","배양배지: TSA / 그람염색: 양성 / 콜로니특징: 노란색, 원형 / 세포크기: 직경 0.8-1μm / 편모나 섬모 여부: 비운동성",,온도(최적온도): 4-45(28) / 염도(최적염도): 0-15 / Ph(최적pH): 6-8(7.0-8.0) / 산소요구도: 호기성,"퀴논: MK-8(H2), MK-7(H2) / 주요 지방산: anteiso-C15 : 0, iso-C16 : 0 and iso-C15 : 0 / DNA G+C 비율(%): 71.7 / 기타 세포성분: lysine, glutamic acid, alanine, glycine, aspartic acid",catalase,,,,,정명,"Micrococcus yunnanensis Zhao et al., 2009"
국립해양생물자원관_해양생물종정보 서비스,https://www.data.go.kr/data/15094770/openapi.do,,marine_life_species,Micrococcus aloeverae,세균계; Actinomycetota; Actinomycetes; Micrococcales; Micrococcaceae,,,,,"의미: Aloe vera 잎에서 분리된 균주 / 분리원: 인도에서 채집한 알로에 잎 / 분포: 식물 / 분리방법: 알로에 잎 조직을 멸균 salain에 균질화하여 TSA, LB배지에 배양 / 특성: 식물과 상호작용 / 보존기관 정보: MCC, DSM","해양생물의 생김새, 서식지, 분포를 반영한 과학 동화 소재",국명·학명·서식지·분류체계를 활용한 관찰 질문과 퀴즈,5-7;8-10,해양생물종;Micrococcus;aloeverae;Micrococcaceae,270000023349,Bacteria,세균계,Actinomycetota,,Actinomycetes,,Micrococcales,,Micrococcaceae,,"Micrococcus aloeverae Prakash et al., 2014",Micrococcus aloeverae,,기타,"의미: Aloe vera 잎에서 분리된 균주 / 분리원: 인도에서 채집한 알로에 잎 / 분포: 식물 / 분리방법: 알로에 잎 조직을 멸균 salain에 균질화하여 TSA, LB배지에 배양 / 특성: 식물과 상호작용 / 보존기관 정보: MCC, DSM",배양배지: TSA / 그람염색: 양성 / 콜로니특징: 노란색 / 세포형태: 구균 / 편모나 섬모 여부: 없음,,"온도(최적온도): 15-41 (35) / 염도(최적염도): 0-10 / Ph(최적pH): 5-12 (8-9) / 산소요구도: 호기성 / 주요기질: glucose, maltose","퀴논: MK-8 / 주요 지방산: iso-C15:0, anteiso-C15:0 / DNA G+C 비율(%): 70 / 기타 세포성분: diphosphatidylglycerol, phosphatidylglycerol, phospholipid, glycolipid, phosphatidylinositol","protease, gelatinase, leucine arylamidase, glucosidase",,,,,정명,"Micrococcus aloeverae Prakash et al., 2014"
국립해양생물자원관_해양생물종정보 서비스,https://www.data.go.kr/data/15094770/openapi.do,,marine_life_species,Georgenia muralis,세균계; Actinomycetota; Actinomycetes; Micrococcales; Bogoriellaceae,,,,,"분리원: 중세벽화 / 분포: St Georgen의 한 교회에서 손상된 중세 벽화 / 분리방법: R2A agar배지에서 28도 3일배양 / 특성: 비증발성 / 보존기관 정보: CGMCC, KCTC, CCTCC","해양생물의 생김새, 서식지, 분포를 반영한 과학 동화 소재",국명·학명·서식지·분류체계를 활용한 관찰 질문과 퀴즈,5-7;8-10,해양생물종;Georgenia;muralis;Bogoriellaceae,270000019607,Bacteria,세균계,Actinomycetota,,Actinomycetes,,Micrococcales,,Bogoriellaceae,,"Georgenia muralis Altenburger et al., 2002",Georgenia muralis,,기타,"분리원: 중세벽화 / 분포: St Georgen의 한 교회에서 손상된 중세 벽화 / 분리방법: R2A agar배지에서 28도 3일배양 / 특성: 비증발성 / 보존기관 정보: CGMCC, KCTC, CCTCC","배양배지: R2A agar / 그람염색: 그람양성 / 콜로니특징: 노란색, 볼록한 원형 / 세포형태: 구균 / 세포크기: 1-2 ㎛ / 편모나 섬모 여부: 비운동성",,온도(최적온도): 4-44 (28-37) / 염도(최적염도): 5-7 (5) / Ph(최적pH): 6-7 / 산소요구도: 호기성 및 혐기성,"퀴논: MK-8 / 주요 지방산: anteiso-C15:1, iso-C14:0 / DNA G+C 비율(%): 74.4 / 기타 세포성분: diphosphatidylglycerol, phosphatidylglycerol, phosphatidylinositol mannoside, unknown glycolipid.","Oxidase, catalase",,,,,정명,"Georgenia muralis Altenburger et al., 2002"
국립해양생물자원관_해양생물종정보 서비스,https://www.data.go.kr/data/15094770/openapi.do,,marine_life_species,Actinotalea ferrariae,세균계; Actinomycetota; Actinomycetes; Micrococcales; Cellulomonadaceae,,,,,"의미: 철광석 광산에서 분리된 균주 / 분리원: 중국 Hongshan 철광석 광산 분진 / 분포: 철광석 광산 / 분리방법: TSA agar배지,28도에서 4일간배양 / 보존기관 정보: JCM, KACC, KCTC","해양생물의 생김새, 서식지, 분포를 반영한 과학 동화 소재",국명·학명·서식지·분류체계를 활용한 관찰 질문과 퀴즈,5-7;8-10,해양생물종;Actinotalea;ferrariae;Cellulomonadaceae,270000019603,Bacteria,세균계,Actinomycetota,,Actinomycetes,,Micrococcales,,Cellulomonadaceae,,Actinotalea ferrariae,Actinotalea ferrariae,,기타,"의미: 철광석 광산에서 분리된 균주 / 분리원: 중국 Hongshan 철광석 광산 분진 / 분포: 철광석 광산 / 분리방법: TSA agar배지,28도에서 4일간배양 / 보존기관 정보: JCM, KACC, KCTC",배양배지: TSA agar배지 / 그람염색: 그람양성 / 콜로니특징: 노란색 / 세포형태: 간균,,온도(최적온도): 15 -35 (28) / 염도(최적염도): 0 - 5(3) / Ph(최적pH): 6 - 8 (7) / 산소요구도: 호기성,"퀴논: MK-10 / 주요 지방산: iso-C14:0, iso-C15:0, anteiso-C15:1 A, anteiso-C15:0 / DNA G+C 비율(%): 72.3 / 기타 세포성분: diphosphatidylglycerol, phosphoglycolipid, phospholipid","Catalase, β-galactosidase",,,,,정명,Actinotalea ferrariae
국립해양생물자원관_해양생물종정보 서비스,https://www.data.go.kr/data/15094770/openapi.do,,marine_life_species,Microbacterium ginsengisoli,세균계; Actinomycetota; Actinomycetes; Micrococcales; Microbacteriaceae,,,,,"의미: 인삼재배 토양에서 분리된 균주 / 분리원: 인삼재배 토양 / 분포: 토양 / 분리방법: R2A배지, 30도에서 2일배양 / 특성: 종속영양 / 보존기관 정보: KCTC, DSM","해양생물의 생김새, 서식지, 분포를 반영한 과학 동화 소재",국명·학명·서식지·분류체계를 활용한 관찰 질문과 퀴즈,5-7;8-10,해양생물종;Microbacterium;ginsengisoli;Microbacteriaceae,270000010718,Bacteria,세균계,Actinomycetota,,Actinomycetes,,Micrococcales,,Microbacteriaceae,,"Microbacterium ginsengisoli Park et al., 2008",Microbacterium ginsengisoli,,기타,"의미: 인삼재배 토양에서 분리된 균주 / 분리원: 인삼재배 토양 / 분포: 토양 / 분리방법: R2A배지, 30도에서 2일배양 / 특성: 종속영양 / 보존기관 정보: KCTC, DSM",배양배지: R2A 배지 / 그람염색: 그람양성 / 세포형태: 간균 / 세포크기: 0.3–0.4 ㎛,,온도(최적온도): 18 - 30 / 염도(최적염도): 4 / Ph(최적pH): 5 - 9 / 산소요구도: 호기성,"퀴논: MK-11, MK-12 / 주요 지방산: anteiso-C17:0, anteiso-C15:0, iso-C16:0 / DNA G+C 비율(%): 69.4","Oxidase, catalase, aesculin hydrolase, Dnase",,,,,정명,"Microbacterium ginsengisoli Park et al., 2008"
국립해양생물자원관_해양생물종정보 서비스,https://www.data.go.kr/data/15094770/openapi.do,,marine_life_species,Pseudoralfsia verrucosa,크로미스타계; 대롱편모조식물문; 갈조강; 바위딱지목; Pseudoralfsiaceae,"동해안, 남해안","동해안, 남해안; 조간대 상부 암반",,,"바다에 사는 갈조식물이다. 엽체는 바위에 부착하고, 각상이며, 진한 갈색이고, 직경 5cm 이내이다. 표면은 매끈하거나, 약간의 돌기가 있으며, 가장자리는 원형, 불규칙적인 모양, 동심원의 층을 이룬다. 기저층은 방사상 사상체이고, 가근은 없으며, 약간 위로 융기된다. 직립지는 매우 밀착하고, 쉽게 분리되지 않는다. 조간대 상부 암반에 부착하여 자라며, 연중 관찰된다. 동해안과 남해안에 생육하며, 세계적으로 온대 해역에 널리 분포한다.","해양생물의 생김새, 서식지, 분포를 반영한 과학 동화 소재",국명·학명·서식지·분류체계를 활용한 관찰 질문과 퀴즈,5-7;8-10,해양생물종;Pseudoralfsia;verrucosa;Pseudoralfsiaceae;조간대;상부;암반;동해안;남해안,270000024740,Chromista,크로미스타계,Ochrophyta,대롱편모조식물문,Phaeophyceae,갈조강,Ralfsiales,바위딱지목,Pseudoralfsiaceae,,"Pseudoralfsia verrucosa (Areschoug) Parente, Fletcher & G.W.Saunders 2020",Pseudoralfsia verrucosa,,기타,"바다에 사는 갈조식물이다. 엽체는 바위에 부착하고, 각상이며, 진한 갈색이고, 직경 5cm 이내이다. 표면은 매끈하거나, 약간의 돌기가 있으며, 가장자리는 원형, 불규칙적인 모양, 동심원의 층을 이룬다. 기저층은 방사상 사상체이고, 가근은 없으며, 약간 위로 융기된다. 직립지는 매우 밀착하고, 쉽게 분리되지 않는다. 조간대 상부 암반에 부착하여 자라며, 연중 관찰된다. 동해안과 남해안에 생육하며, 세계적으로 온대 해역에 널리 분포한다.","엽체는 각상형으로 어두운 갈색이고 직경이 0.3~0.5cm, 두께가 500μm이다. 표면은 매끈하거난 약간의 돌기가 있으며 가장자리는 원형 또는 불규칙적인 원형이거나 동심원의 층을 이루기도 한다. 직립지는 매우 밀착하고 쉽게 분리되지 않는다.(Choi et al., 2016 편집 인용)",연중 분포,,,,"동해안, 남해안",온대 해역에 널리 분포,조간대 상부 암반,특별한 용도가 알려진 바 없음,정명,"Pseudoralfsia verrucosa (Areschoug) Parente, Fletcher & G.W.Saunders 2020"
국립해양생물자원관_해양생물종정보 서비스,https://www.data.go.kr/data/15094770/openapi.do,,marine_life_species,Trichormus azollae,세균계; Cyanobacteria; Cyanophyceae; Nostocales; Nostocaceae,"남해안, 제주도","남해안, 제주도; 파도가 없는 조간대, 조수웅덩이, 조하대 암반",,,"바다에 사는 홍조식물이다. 엽체는 진분홍색, 석회질 조류이며, 길이 약 10cm이다. 줄기는 짧고 편압된 원주형으로 길이로 이어지며, 두 갈래로 가지를 낸다. 가지를 내는 부분에 마디가 있으며, 이 마디에는 석회질이 덮여 있지 않다. 피층은 작은 구슬 모양 또는 네모꼴의 세포가 식물체의 표면에 수직으로 배열한다. 수조직은 긴 막대 모양의 세포가 나란히 배열하여 띠, 아치형 횡문이 있다. 포자낭은 마디 사이 부분의 표면에 나며 한 개의 구멍을 갖는다. 파도가 없는 조간대의 조수웅덩이나 조하대의 암반에 부착해 자라면, 연중 관찰된다. 남해안과 제주도에 생육하며, 세계적으로 북태평양과 인도양에 분포한다.","해양생물의 생김새, 서식지, 분포를 반영한 과학 동화 소재",국명·학명·서식지·분류체계를 활용한 관찰 질문과 퀴즈,5-7;8-10,해양생물종;Trichormus;azollae;Nostocaceae;파도가;없는;조간대;조수웅덩이;조하대;암반;남해안;제주도,270000020309,Bacteria,세균계,Cyanobacteria,,Cyanophyceae,,Nostocales,,Nostocaceae,,Trichormus azollae (Strasburger 1884) Komárek & Anagnostidis 1989,Trichormus azollae,,기타,"바다에 사는 홍조식물이다. 엽체는 진분홍색, 석회질 조류이며, 길이 약 10cm이다. 줄기는 짧고 편압된 원주형으로 길이로 이어지며, 두 갈래로 가지를 낸다. 가지를 내는 부분에 마디가 있으며, 이 마디에는 석회질이 덮여 있지 않다. 피층은 작은 구슬 모양 또는 네모꼴의 세포가 식물체의 표면에 수직으로 배열한다. 수조직은 긴 막대 모양의 세포가 나란히 배열하여 띠, 아치형 횡문이 있다. 포자낭은 마디 사이 부분의 표면에 나며 한 개의 구멍을 갖는다. 파도가 없는 조간대의 조수웅덩이나 조하대의 암반에 부착해 자라면, 연중 관찰된다. 남해안과 제주도에 생육하며, 세계적으로 북태평양과 인도양에 분포한다.","엽체는 진분홍색, 석회질 조류, 각상의 기부, 길이 약 10cm, 줄기는 짧고 편압된 원주형으로 길이로 이어지며, 두 갈래로 가지를 내고, 가지를 내는 부분에 마디가 있으며, 이 마디에는 석회질이 덮여 있지 않다. 피층은 작은 구슬 모양 또는 네모꼴의 세포가 식물체의 표면에 수직으로 배열하고, 수조직은 긴 막대 모양의 세포가 나란히 배열하여 띠, 아치형 횡문이 있다. 포자낭은 마디사이 부분의 표면에 나며 한 개의 구멍을 갖는다.",전 계절에 생육,,,,"남해안, 제주도","북태평양, 인도양","파도가 없는 조간대, 조수웅덩이, 조하대 암반",특별한 용도가 알려진 바 없음,정명,Trichormus azollae (Strasburger 1884) Komárek & Anagnostidis 1989
국립해양생물자원관_해양생물종정보 서비스,https://www.data.go.kr/data/15094770/openapi.do,,marine_life_species,Arthrospira platensis,세균계; Cyanobacteria; Cyanophyceae; Oscillatoriales; Microcoleaceae,한국 연안에 분포,한국 연안에 분포,,,"세포는 청록색으로 세포열(trichome)에는 격벽이 보인다. 나선형의 다세포 남조류에 속하는 종으로 세포의 성장에 따라 다양한 꼬임을 보이기도 한다. 세포에는 엽록소, 피코시안 색소가 있어 광합성을 하며 단백질 함량이 60% 이상으로 미래의 단백질원으로 주목받고 있다. 보통 Spirulina 로 많이 알려져 있다.","해양생물의 생김새, 서식지, 분포를 반영한 과학 동화 소재",국명·학명·서식지·분류체계를 활용한 관찰 질문과 퀴즈,5-7;8-10,해양생물종;Arthrospira;platensis;Microcoleaceae;한국;연안에;분포,270000026172,Bacteria,세균계,Cyanobacteria,,Cyanophyceae,,Oscillatoriales,,Microcoleaceae,,"Arthrospira platensis Gomont, 1892",Arthrospira platensis,,기타,"세포는 청록색으로 세포열(trichome)에는 격벽이 보인다. 나선형의 다세포 남조류에 속하는 종으로 세포의 성장에 따라 다양한 꼬임을 보이기도 한다. 세포에는 엽록소, 피코시안 색소가 있어 광합성을 하며 단백질 함량이 60% 이상으로 미래의 단백질원으로 주목받고 있다. 보통 Spirulina 로 많이 알려져 있다.",,,,,,한국 연안에 분포,전세계 연안에 분포,,단백질 함유량이 60% 이상으로 미래의 식량으로 주목받는 식물플랑크톤,정명,"Arthrospira platensis Gomont, 1892"
국립해양생물자원관_해양생물종정보 서비스,https://www.data.go.kr/data/15094770/openapi.do,,marine_life_species,Trichodesmium erythraeum,세균계; Cyanobacteria; Cyanophyceae; Oscillatoriales; Microcoleaceae,한국 연안에 분포,한국 연안에 분포,,,"조사(trichomes: 남조류에서 많은 세포가 사상으로 길게 이어진 것)는 똑바르고 세포는 대부분 등직경이거나 직경보다 약간 적다. 정단세포는 자른 원반모양이거나 반구형이고 조사는 결절에서 약간 수축하고 양끝에서 다소 가늘어진다. 모상체들은 서로 나란히 다발을 이루며 부유생활을 한다. 직경은 7~11㎛이며, 길이는 5~11㎛이다.","해양생물의 생김새, 서식지, 분포를 반영한 과학 동화 소재",국명·학명·서식지·분류체계를 활용한 관찰 질문과 퀴즈,5-7;8-10,해양생물종;Trichodesmium;erythraeum;Microcoleaceae;한국;연안에;분포,270000025693,Bacteria,세균계,Cyanobacteria,,Cyanophyceae,,Oscillatoriales,,Microcoleaceae,,"Trichodesmium erythraeum Ehrenberg ex Gomont, 1892",Trichodesmium erythraeum,,기타,"조사(trichomes: 남조류에서 많은 세포가 사상으로 길게 이어진 것)는 똑바르고 세포는 대부분 등직경이거나 직경보다 약간 적다. 정단세포는 자른 원반모양이거나 반구형이고 조사는 결절에서 약간 수축하고 양끝에서 다소 가늘어진다. 모상체들은 서로 나란히 다발을 이루며 부유생활을 한다. 직경은 7~11㎛이며, 길이는 5~11㎛이다.",,,,,,한국 연안에 분포,전세계 연안에 분포,,,정명,"Trichodesmium erythraeum Ehrenberg ex Gomont, 1892"
국립해양생물자원관_해양생물종정보 서비스,https://www.data.go.kr/data/15094770/openapi.do,,marine_life_species,Chorda filum,크로미스타계; 대롱편모조식물문; 갈조강; 끈말목; 끈말과,우리나라 전연안,우리나라 전연안,,,"몸은 짙은 갈색, 길이 1∼5m, 직경 2∼5mm의 원주상 끈 모양이고, 속은 비어있다. 기부와 정단부 쪽으로 가면서 가늘어진다.","해양생물의 생김새, 서식지, 분포를 반영한 과학 동화 소재",국명·학명·서식지·분류체계를 활용한 관찰 질문과 퀴즈,5-7;8-10,해양생물종;Chorda;filum;끈말과;우리나라;전연안,270000003780,Chromista,크로미스타계,Ochrophyta,대롱편모조식물문,Phaeophyceae,갈조강,Chordales,끈말목,Chordaceae,끈말과,"Chorda filum (Linnaeus) Stackhouse, 1797",Chorda filum,,기타,"몸은 짙은 갈색, 길이 1∼5m, 직경 2∼5mm의 원주상 끈 모양이고, 속은 비어있다. 기부와 정단부 쪽으로 가면서 가늘어진다.",,,,,,우리나라 전연안,북반구 온대역,,10-1078091 (2011.10.24) (See Also : KR 10-2010-0132366 A ) 코르다 필럼 추출물을 유효 성분으로 포함하는 암의 예방 및 치료용 조성물,정명,"Chorda filum (Linnaeus) Stackhouse, 1797"
국립해양생물자원관_해양생물종정보 서비스,https://www.data.go.kr/data/15094770/openapi.do,,marine_life_species,Ecklonia cava subsp. kurome,크로미스타계; 대롱편모조식물문; 갈조강; 다시마목; 감태과,"남해안, 동해안 (울릉도, 독도), 제주도","남해안, 동해안 (울릉도, 독도), 제주도",,,"식물체는 짙은 갈색이며, 가죽질로 긴 막대기 모양의 줄기에서 중심잎이 나고 그 잎의 양쪽 옆 가장자리에서 많은 가지잎을 낸다. 중심잎과 가지잎의 표면에 심하게 울툭불툭하다. 조하대에 자란다.","해양생물의 생김새, 서식지, 분포를 반영한 과학 동화 소재",국명·학명·서식지·분류체계를 활용한 관찰 질문과 퀴즈,5-7;8-10,해양생물종;Ecklonia;cava;subsp.;kurome;감태과;남해안;동해안;(울릉도;독도);제주도,270000021800,Chromista,크로미스타계,Ochrophyta,대롱편모조식물문,Phaeophyceae,갈조강,Laminariales,다시마목,Lessoniaceae,감태과,"Ecklonia cava subsp. kurome (Okamura) S.Akita, K.Hashimoto, T.Hanyuda & H.Kawai 2020",Ecklonia cava subsp. kurome,,기타,"식물체는 짙은 갈색이며, 가죽질로 긴 막대기 모양의 줄기에서 중심잎이 나고 그 잎의 양쪽 옆 가장자리에서 많은 가지잎을 낸다. 중심잎과 가지잎의 표면에 심하게 울툭불툭하다. 조하대에 자란다.",,,,,,"남해안, 동해안 (울릉도, 독도), 제주도","중국, 일본",,,정명,"Ecklonia cava subsp. kurome (Okamura) S.Akita, K.Hashimoto, T.Hanyuda & H.Kawai 2020"
국립해양생물자원관_해양생물종정보 서비스,https://www.data.go.kr/data/15094770/openapi.do,,marine_life_species,Brachybacterium conglomeratum,세균계; Actinomycetota; Actinomycetes; Micrococcales; Dermabacteraceae,,,,,"분리원: 염수 / 분포: 염수 / 분리방법: 희석평판법으로 PY-BHI배지에 배양 / 보존기관 정보: CCM, IF0","해양생물의 생김새, 서식지, 분포를 반영한 과학 동화 소재",국명·학명·서식지·분류체계를 활용한 관찰 질문과 퀴즈,5-7;8-10,해양생물종;Brachybacterium;conglomeratum;Dermabacteraceae,270000020848,Bacteria,세균계,Actinomycetota,,Actinomycetes,,Micrococcales,,Dermabacteraceae,,"Brachybacterium conglomeratum (ex Migula) Takeuchi et al., 1995",Brachybacterium conglomeratum,,기타,"분리원: 염수 / 분포: 염수 / 분리방법: 희석평판법으로 PY-BHI배지에 배양 / 보존기관 정보: CCM, IF0",배양배지: PY-BHI / 그람염색: 양성 / 콜로니특징: 연노랑색 또는 옅은 갈색 / 세포형태: 구균 또는 간균 / 편모나 섬모 여부: 없음,,"염도(최적염도): 7.5 / Ph(최적pH): 5 / 산소요구도: 호기성 또는 통성 혐기성 / 주요기질: arabinose, galactose, glucose","퀴논: MK-7 / 주요 지방산: anteiso-C15:0, anteiso-C17:0 / DNA G+C 비율(%): 70.2-71.6 / 기타 세포성분: diphosphatidylglycerol, phosphatidylglycerol, glycolipid","catalase, urease",,,,,정명,"Brachybacterium conglomeratum (ex Migula) Takeuchi et al., 1995"
국립해양생물자원관_해양생물종정보 서비스,https://www.data.go.kr/data/15094770/openapi.do,,marine_life_species,Brachybacterium paraconglomeratum,세균계; Actinomycetota; Actinomycetes; Micrococcales; Dermabacteraceae,,,,,"의미: B. conglomeratum와 비슷한 균주 / 분리원: 가금류 닭장 / 분포: 가금류 양식장 / 분리방법: 희석평판법으로 PY-BHI배지에 배양 / 보존기관 정보: NCIB, IF0","해양생물의 생김새, 서식지, 분포를 반영한 과학 동화 소재",국명·학명·서식지·분류체계를 활용한 관찰 질문과 퀴즈,5-7;8-10,해양생물종;Brachybacterium;paraconglomeratum;Dermabacteraceae,270000020850,Bacteria,세균계,Actinomycetota,,Actinomycetes,,Micrococcales,,Dermabacteraceae,,"Brachybacterium paraconglomeratum Takeuchi et al., 1995",Brachybacterium paraconglomeratum,,기타,"의미: B. conglomeratum와 비슷한 균주 / 분리원: 가금류 닭장 / 분포: 가금류 양식장 / 분리방법: 희석평판법으로 PY-BHI배지에 배양 / 보존기관 정보: NCIB, IF0",배양배지: PY-BHI / 그람염색: 양성 / 콜로니특징: 옅은 갈색 / 세포형태: 구균 또는 간균 / 세포크기: 0.5-1 x 0.5-2 ㎛ / 편모나 섬모 여부: 없음,,"염도(최적염도): 2-10 / 산소요구도: 호기성 / 주요기질: arabinose, fructose, galactose, maltose","퀴논: MK-7 / 주요 지방산: anteiso-C15:0 / DNA G+C 비율(%): 71.4 / 기타 세포성분: diphosphatidylglycerol, phosphatidylglycerol, glycolipid","catalase, starch hydrolase, nitrate reductase",,,,,정명,"Brachybacterium paraconglomeratum Takeuchi et al., 1995"
국립해양생물자원관_해양생물종정보 서비스,https://www.data.go.kr/data/15094770/openapi.do,,marine_life_species,Dietzia kunjamensis subsp. schimae,세균계; Actinomycetota; Actinomycetes; Mycobacteriales; Dietziaceae,,,,,"의미: 줄기 샘플에서 분리 된 Schima의 식물 속 에서 유래한 균주 / 분리원: 중국 남서부 윈난성에서 채집 한 식물 조직 / 분포: 식물조직 / 분리방법: TSA 배지 / 특성: production of H2S and indole, milk coagulation and peptonization / 보존기관 정보: CCTCC, DSM","해양생물의 생김새, 서식지, 분포를 반영한 과학 동화 소재",국명·학명·서식지·분류체계를 활용한 관찰 질문과 퀴즈,5-7;8-10,해양생물종;Dietzia;kunjamensis;subsp.;schimae;Dietziaceae,270000021701,Bacteria,세균계,Actinomycetota,,Actinomycetes,,Mycobacteriales,,Dietziaceae,,"Dietzia kunjamensis subsp. schimae (Li et al., 2008) Nouioui et al., 2018",Dietzia kunjamensis subsp. schimae,,기타,"의미: 줄기 샘플에서 분리 된 Schima의 식물 속 에서 유래한 균주 / 분리원: 중국 남서부 윈난성에서 채집 한 식물 조직 / 분포: 식물조직 / 분리방법: TSA 배지 / 특성: production of H2S and indole, milk coagulation and peptonization / 보존기관 정보: CCTCC, DSM",배양배지: TSA 배지 / 그람염색: 양성 / 세포형태: 짧고 간균형태,,온도(최적온도): 10 - 40 (28) / 염도(최적염도): 15 / Ph(최적pH): 6.0 - 9.0 (7.0) / 산소요구도: 호기성,"퀴논: MK-8 / 주요 지방산: C14 : 0, C16 : 1ω6c / C16 : 1ω7c, C16 : 0 / DNA G+C 비율(%): 71.9 / 기타 세포성분: diphosphatidylglycerol, phosphatidylglycerol, phosphatidylinositol","Catalase, nitrate reduction and hydrolysis of Tweens 20, 40 and 80",,,,,정명,"Dietzia kunjamensis subsp. schimae (Li et al., 2008) Nouioui et al., 2018"
국립해양생물자원관_해양생물종정보 서비스,https://www.data.go.kr/data/15094770/openapi.do,,marine_life_species,Luteococcus sanguinis,세균계; Actinomycetota; Actinomycetes; Propionibacteriales; Propionibacteriaceae,,,,,"의미: 피에서 분리된 Luteococcus 속의 세균 / 분리원: 사람 피 / 분포: 사람 / 보존기관: CCUG, MEBiC","해양생물의 생김새, 서식지, 분포를 반영한 과학 동화 소재",국명·학명·서식지·분류체계를 활용한 관찰 질문과 퀴즈,5-7;8-10,해양생물종;Luteococcus;sanguinis;Propionibacteriaceae,270000027576,Bacteria,세균계,Actinomycetota,,Actinomycetes,,Propionibacteriales,,Propionibacteriaceae,,"Luteococcus sanguinis Collins et al., 2003",Luteococcus sanguinis,,기타,"의미: 피에서 분리된 Luteococcus 속의 세균 / 분리원: 사람 피 / 분포: 사람 / 보존기관: CCUG, MEBiC",배양배지: 초콜릿 말피 한전 배지 / 그람염색: 양성 / 세포형태: 구형 형태 / 편모나 섬모 여부: 없음,,"산소요구도: 조건적 혐기성 / 주요기질: 글루코즈, 글리코겐, 만니톨, 말토즈, 락토즈, 수크로즈","퀴논: MK-9 (H4) / 주요 지방산: C17 : 1, C16 : 1,  C15 : 1 / DNA G+C 비율(%): 64","산성 인산분해효소, 알칼리 인산분해효소 키모트립신, 에스터 리파아제, 시스틴 아릴라미데이즈, a-갈락토스데이즈 b-갈락토시데이즈, a-글루코시데이즈, b-글루코시데이즈, 류신 아릴라미데이즈, 포스포아미다제, 파이로릴도닐 아릴라미데이즈, 파이라지나미데이즈, 발린 아릴라미데이즈 (약하게 반응), 트립신",,,,,정명,"Luteococcus sanguinis Collins et al., 2003"
국립해양생물자원관_해양생물종정보 서비스,https://www.data.go.kr/data/15094770/openapi.do,,marine_life_species,Brevibacterium sediminis,세균계; Actinomycetota; Actinomycetes; Micrococcales; Brevibacteriaceae,,,,,"의미: 퇴적물에서 분리된 Brevibacterium 속의 세균 / 분리원: 심해 3690m의 칼스버그 릿지에서 얻은 퇴적물로부터 분리 / 분포: 심해 퇴적물 / 분리방법: 희석 배양 / 보존기관: FXJ, MEBiC","해양생물의 생김새, 서식지, 분포를 반영한 과학 동화 소재",국명·학명·서식지·분류체계를 활용한 관찰 질문과 퀴즈,5-7;8-10,해양생물종;Brevibacterium;sediminis;Brevibacteriaceae,270000027579,Bacteria,세균계,Actinomycetota,,Actinomycetes,,Micrococcales,,Brevibacteriaceae,,"Brevibacterium sediminis Chen et al., 2016",Brevibacterium sediminis,,기타,"의미: 퇴적물에서 분리된 Brevibacterium 속의 세균 / 분리원: 심해 3690m의 칼스버그 릿지에서 얻은 퇴적물로부터 분리 / 분포: 심해 퇴적물 / 분리방법: 희석 배양 / 보존기관: FXJ, MEBiC",배양배지: 영양 배지 / 그람염색: 양성 / 콜로니특징: 영양배지 내 28℃에서 3일 동안 인큐베이션 후에 볼록하고 둥근 노란색 콜로니(지름 1.5 - 5.0mm) / 세포형태: 간균 형태 / 세포크기: 0.7–1.2µm (길이) 0.4–0.5µm (지름) / 편모나 섬모 여부: 없음,,"온도(최적온도): 8-37 (25-28) / 염도(최적염도): 0-20 (3-11)% / pH(최적pH): 5-11 (7-8) / 산소요구도: 혐기성 / 주요기질: 아세토아세트산, 시트르산, 폼산, L-글루탐산, L-히스티딘, L-락틴산, L-말산, L-람노스","퀴논: MK-8(H2) / 주요 지방산: anteisoC15 : 0, anteiso-C17 : 0 / DNA G+C 비율(%): 64.0-64.2","카탈레이즈, 옥시데이즈, 에스터레이즈 (C4), 에스터레이즈 리파아제(C8), 리파아제 (C14), 류신 아릴라미데이즈, 납솔-AS-BI-포스포하이드로레이즈, 산 인산분해효소, 알칼리 인산분해효소, 발린 아릴라미데이즈",,,,,정명,"Brevibacterium sediminis Chen et al., 2016"
국립해양생물자원관_해양생물종정보 서비스,https://www.data.go.kr/data/15094770/openapi.do,,marine_life_species,Mycobacterium chlorophenolicum,세균계; Actinomycetota; Actinomycetes; Mycobacteriales; Mycobacteriaceae,,,,,"의미: 클로로페놀 성분에서 얻은 Mycobacterium 속의 세균 / 분리원: 클로로페놀로 오염된 호수 퇴적물에서 기원된 혼합배지로부터 분리 / 분포: 클로로페놀로 오염된 호수 퇴적물 / 분리방법: 클로로페놀로 오염된 호수 퇴적물 샘플로부터 유래된 혼합 배양균으로부터 분리 / 보존기관: DSM, MEBiC","해양생물의 생김새, 서식지, 분포를 반영한 과학 동화 소재",국명·학명·서식지·분류체계를 활용한 관찰 질문과 퀴즈,5-7;8-10,해양생물종;Mycobacterium;chlorophenolicum;Mycobacteriaceae,270000027608,Bacteria,세균계,Actinomycetota,,Actinomycetes,,Mycobacteriales,,Mycobacteriaceae,,"Mycobacterium chlorophenolicum (Apajalahti et al., 1986) Häggblom et al., 1994",Mycobacterium chlorophenolicum,,기타,"의미: 클로로페놀 성분에서 얻은 Mycobacterium 속의 세균 / 분리원: 클로로페놀로 오염된 호수 퇴적물에서 기원된 혼합배지로부터 분리 / 분포: 클로로페놀로 오염된 호수 퇴적물 / 분리방법: 클로로페놀로 오염된 호수 퇴적물 샘플로부터 유래된 혼합 배양균으로부터 분리 / 보존기관: DSM, MEBiC","배양배지: DSM-65 배지 (리터당 4g 글루코즈 , 리터당 4g의 이스트 추출물, 리터당 4g의 malt 추출물; pH 7.2) 또는 미네랄 소금배지 / 그람염색: 양성 / 콜로니특징: 한천 배지 상에서 Mycobacterium chlorophenolicum은 노란색 또는 오렌지색 4-8일 인큐베이션 후에 약간의 점성이 있는 콜로니 형성 / 세포형태: 간균 형태에서 구균 형태 / 편모나 섬모 여부: 없음",,"온도(최적온도): 18-37 (28) / 염도(최적염도): 0.03-7% / 산소요구도: 호기성 / 주요기질: D-자일로즈, 글루코즈, 프럭토즈, 트레할로스, 아세테이트, 프로피온 에스테르, 수베르산염, 세바스산염, L-말산염, 레불리네이트","퀴논: MK-9(H2) / 주요 지방산: 18:1 cis9, 16:0, TBSA, 20:0 Alc / DNA G+C 비율(%): 69.2",,,,,,정명,"Mycobacterium chlorophenolicum (Apajalahti et al., 1986) Häggblom et al., 1994"
국립해양생물자원관_해양생물종정보 서비스,https://www.data.go.kr/data/15094770/openapi.do,,marine_life_species,Agromyces salentinus,세균계; Actinomycetota; Actinomycetes; Micrococcales; Microbacteriaceae,,,,,"의미: 이탈리아 살렌토 반도의 생물에서 분리한 Agromyces 속의 세균 / 분리원: 이탈리아 Grotta dei Cervi 지방의 토양에서 분리 / 분포: 토양 / 분리방법: 28℃에서 인큐베이트된 PY-BHI 한천 배지를 이용하여 분리 / 보존기관: DSM, MEBiC","해양생물의 생김새, 서식지, 분포를 반영한 과학 동화 소재",국명·학명·서식지·분류체계를 활용한 관찰 질문과 퀴즈,5-7;8-10,해양생물종;Agromyces;salentinus;Microbacteriaceae,270000027581,Bacteria,세균계,Actinomycetota,,Actinomycetes,,Micrococcales,,Microbacteriaceae,,"Agromyces salentinus Jurado et al., 2005",Agromyces salentinus,,기타,"의미: 이탈리아 살렌토 반도의 생물에서 분리한 Agromyces 속의 세균 / 분리원: 이탈리아 Grotta dei Cervi 지방의 토양에서 분리 / 분포: 토양 / 분리방법: 28℃에서 인큐베이트된 PY-BHI 한천 배지를 이용하여 분리 / 보존기관: DSM, MEBiC",배양배지: PY-BHI (Peptone Yeast- Brain Heart Infusion) 한천 배지 / 그람염색: 양성 / 콜로니특징: 둥글고 볼록한 부드러운 노란색의 콜로니 / 세포형태: 간균형태 / 세포크기: 지름 0.5-0.7µm / 편모나 섬모 여부: 없음,,"온도(최적온도): 10-37 (20-28) / 산소요구도: 호기성, 미호기성 / 주요기질: 아세테이트","퀴논: MK-12, MK-11 / 주요 지방산: anteiso-C15:0 and anteiso-C17:0 / DNA G+C 비율(%): 72.3","카탈레이즈, β-갈락토시데이즈, β-글루코시데이즈",,,,,정명,"Agromyces salentinus Jurado et al., 2005"
국립해양생물자원관_해양생물종정보 서비스,https://www.data.go.kr/data/15094770/openapi.do,,marine_life_species,Timonella senegalensis,세균계; Actinomycetota; Actinomycetes; Micrococcales; Jonesiaceae,,,,,"의미: 환자가 발생한 국가인 세네갈의 이름에서 유래한 Timonella 세균 / 분리원: 건강한 세네갈인 환자의 분변상에서 분리 / 분포: 인간 장(gut) / 분리방법: 멸균된 양의 반추 용액을 혈액 배양 보틀에 14일 정도 preincubation 후에 37°C의 혐기성 환경에서 5%의 양 피 한천 배지를 이용한 배양법으로 분리 / 보존기관: JCM, MEBiC","해양생물의 생김새, 서식지, 분포를 반영한 과학 동화 소재",국명·학명·서식지·분류체계를 활용한 관찰 질문과 퀴즈,5-7;8-10,해양생물종;Timonella;senegalensis;Jonesiaceae,270000027582,Bacteria,세균계,Actinomycetota,,Actinomycetes,,Micrococcales,,Jonesiaceae,,"Timonella senegalensis Mishra et al., 2016",Timonella senegalensis,,기타,"의미: 환자가 발생한 국가인 세네갈의 이름에서 유래한 Timonella 세균 / 분리원: 건강한 세네갈인 환자의 분변상에서 분리 / 분포: 인간 장(gut) / 분리방법: 멸균된 양의 반추 용액을 혈액 배양 보틀에 14일 정도 preincubation 후에 37°C의 혐기성 환경에서 5%의 양 피 한천 배지를 이용한 배양법으로 분리 / 보존기관: JCM, MEBiC",배양배지: 5% 양 피 한천 배지 / 그람염색: 양성 / 콜로니특징: 37°C의 산소가 있는 환경에서 5% 양 피 한천 배지 내에서 둥글고 볼록한 하얀색 콜로니 / 세포형태: 짧고 불규칙적인 간균 형태 / 세포크기: 약 지름 0.59µm / 편모나 섬모 여부: 있음,,"온도(최적온도): 30-37 (37) / 염도(최적염도): 0 / 산소요구도: 조건적 혐기성 / 주요기질: L-아라비노스, D-글루코즈, D-말토즈, 에스쿨린",DNA G+C 비율(%): 61.4,"카탈레이즈, 인산화효소, 질산환원효소,  β-갈락토시데이즈",,,,,정명,"Timonella senegalensis Mishra et al., 2016"
국립해양생물자원관_해양생물종정보 서비스,https://www.data.go.kr/data/15094770/openapi.do,,marine_life_species,Rhodococcus pyridinivorans,세균계; Actinomycetota; Actinomycetes; Mycobacteriales; Nocardiaceae,,,,,"의미: 피리딘을 섭취하는 Rhodococcus 속의 세균 / 분리원: 한국, 산업용 폐수로부터 분리 / 분포: 산업용 폐수 / 분리방법: 선별된 농후배지로부터 분리 / 보존기관: PDB, MEBiC","해양생물의 생김새, 서식지, 분포를 반영한 과학 동화 소재",국명·학명·서식지·분류체계를 활용한 관찰 질문과 퀴즈,5-7;8-10,해양생물종;Rhodococcus;pyridinivorans;Nocardiaceae,270000027618,Bacteria,세균계,Actinomycetota,,Actinomycetes,,Mycobacteriales,,Nocardiaceae,,"Rhodococcus pyridinivorans Yoon et al., 2000",Rhodococcus pyridinivorans,,기타,"의미: 피리딘을 섭취하는 Rhodococcus 속의 세균 / 분리원: 한국, 산업용 폐수로부터 분리 / 분포: 산업용 폐수 / 분리방법: 선별된 농후배지로부터 분리 / 보존기관: PDB, MEBiC",배양배지: TSA(Trypticase Soy Agar) 배지 또는 Trypticase Soy Broth(TSB) 배지 / 그람염색: 양성이지만 배양균들이 오래되면 바뀔 수 있다 / 콜로니특징: TSA 배지 상에서 불투명하고 약간 불규칙적인 모서리를 가진 오렌지 색의 콜로니 / 세포형태: 초기에는 간균 상태와 분지된 필라멘트 형태이며 이후 짧은 간균 상태 또는 구균으로 됨 / 편모나 섬모 여부: 없음,,"온도(최적온도): 10-45 (30-37) / pH(최적pH): 6-9 (7.5-8.5) / 산소요구도: 호기성 (TSA배지 상에서 혐기성 상태로 약한 성장이 관찰) / 주요기질: 아세테이트, 시트레이트, 석시네이트","퀴논: MK-8(H2) / 주요 지방산: C16:0, C18:1 cis9, 10-methyl-C18:0 (TBSA) / DNA G+C 비율(%): 66","카탈레이즈, 유레이즈",,,,,정명,"Rhodococcus pyridinivorans Yoon et al., 2000"
국립해양생물자원관_해양생물종정보 서비스,https://www.data.go.kr/data/15094770/openapi.do,,marine_life_species,Demequina sediminicola,세균계; Actinomycetota; Actinomycetes; Micrococcales; Demequinaceae,,,,,"의미: 토양에 서식하고 있는 Demequina 속의 세균 / 분리원: 일본 홋카이도, 리시리 섬의 해양 퇴적물 / 분포: 해양 퇴적물 / 분리방법: 희석 배양 / 보존기관: HR, MEBiC","해양생물의 생김새, 서식지, 분포를 반영한 과학 동화 소재",국명·학명·서식지·분류체계를 활용한 관찰 질문과 퀴즈,5-7;8-10,해양생물종;Demequina;sediminicola;Demequinaceae,270000027585,Bacteria,세균계,Actinomycetota,,Actinomycetes,,Micrococcales,,Demequinaceae,,"Demequina sediminicola Hamada et al., 2013",Demequina sediminicola,,기타,"의미: 토양에 서식하고 있는 Demequina 속의 세균 / 분리원: 일본 홋카이도, 리시리 섬의 해양 퇴적물 / 분포: 해양 퇴적물 / 분리방법: 희석 배양 / 보존기관: HR, MEBiC","배양배지: 5.0 % NaCl, 0.005 % 사이클로헥시마이드, 0.002 % 날리딕스산이 보충된 1/5 NBRC 배지 802 (0.2 % 폴리펩톤, 0.04 % 효모 추출물, 0.02 % MgSO4 . 7H2O and 1.5 % agar; pH 7.0) / 그람염색: 양성 / 콜로니특징: 부드럽고 투명한 원형의 노란색 콜로니 / 세포형태: 불규칙적인 간균 형태 / 세포크기: 0.5–0.8 x 1.0–5.0 µm / 편모나 섬모 여부: 없음",,"온도(최적온도): 10-28 (28) / 염도(최적염도): 0-10% (0%) / pH(최적pH): 7-10 (7-8) / 산소요구도: 조건적 혐기성 / 주요기질: N-아세틸글루코사민, 아미그달린, D-락토스, D-릭소오즈, D-만니톨, 메틸 β-D-자일로피라노사이드, L-람노스, 수크로스, 트레할로즈, 투라노스",퀴논: 디메틸메나퀴논-9 / 주요 지방산: anteiso-C15:0 / DNA G+C 비율(%): 62.4,"카탈레이즈, 산 인산화효소, N-아세틸-β-글루코시미니데이즈, 키모트립신, 에스터 리파아제(C8), α-글루코시데이즈, 류신 아릴라미데이즈",,,,,정명,"Demequina sediminicola Hamada et al., 2013"
국립해양생물자원관_해양생물종정보 서비스,https://www.data.go.kr/data/15094770/openapi.do,,marine_life_species,Cutibacterium acnes subsp. defendens,세균계; Actinomycetota; Actinomycetes; Propionibacteriales; Propionibacteriaceae,,,,,"의미: 균주가 외부 이동성 유전 요소를 보호하거나 통제하는 활성 CRISPR/Cas 시스템을 가지고 있음 / 분리원: subcutaneous abscess / 보존기관: JCM, CCUG","해양생물의 생김새, 서식지, 분포를 반영한 과학 동화 소재",국명·학명·서식지·분류체계를 활용한 관찰 질문과 퀴즈,5-7;8-10,해양생물종;Cutibacterium;acnes;subsp.;defendens;Propionibacteriaceae,271000025651,Bacteria,세균계,Actinomycetota,,Actinomycetes,,Propionibacteriales,,Propionibacteriaceae,,"Cutibacterium acnes subsp. defendens (McDowell et al., 2016) Nouioui et al., 2018",Cutibacterium acnes subsp. defendens,,기타,"의미: 균주가 외부 이동성 유전 요소를 보호하거나 통제하는 활성 CRISPR/Cas 시스템을 가지고 있음 / 분리원: subcutaneous abscess / 보존기관: JCM, CCUG","그람염색: 양성 / 콜로니특징: Colonies appear as lenticular, minute-to-4.0 mm, white, and can become tan, pink or orange in 3 weeks / 세포형태: 구균 / 세포크기: 0.4–0.5×0.8–0.9 µm / 편모나 섬모 여부: 운동성 없음",,온도(최적온도): 30-37℃ / pH(최적pH): pH 4.5-5.0 / 산소요구도: 산소내성 혐기성,"주요 지방산: iso-C15 : 0 / DNA G+C 비율(%): 60.0 mol% / 기타 세포성분: alanine, glutamic acid, glycine, ll-DAP, meso-DAP",catalase,,,,,정명,"Cutibacterium acnes subsp. defendens (McDowell et al., 2016) Nouioui et al., 2018"
국립해양생물자원관_해양생물종정보 서비스,https://www.data.go.kr/data/15094770/openapi.do,,marine_life_species,Cellulomonas carbonis,세균계; Actinomycetota; Actinomycetes; Micrococcales; Cellulomonadaceae,,,,,"분리원: 중국 천진의 탄광 토양 / 분포: 탄광의 토양 / 분리방법: R2A agar배지에서 28도 3일배양 / 보존기관 정보: CGMCC, KCTC, CCTCC","해양생물의 생김새, 서식지, 분포를 반영한 과학 동화 소재",국명·학명·서식지·분류체계를 활용한 관찰 질문과 퀴즈,5-7;8-10,해양생물종;Cellulomonas;carbonis;Cellulomonadaceae,270000019606,Bacteria,세균계,Actinomycetota,,Actinomycetes,,Micrococcales,,Cellulomonadaceae,,"Cellulomonas carbonis Shi et al., 2012",Cellulomonas carbonis,,기타,"분리원: 중국 천진의 탄광 토양 / 분포: 탄광의 토양 / 분리방법: R2A agar배지에서 28도 3일배양 / 보존기관 정보: CGMCC, KCTC, CCTCC",배양배지: R2A agar / 그람염색: 그람양성 / 콜로니특징: 미색 / 세포형태: 볼록한 원형 / 세포크기: 0.5–0.8 x 2.0–2.4 ㎛,,온도(최적온도): 4 - 45 (28) / 염도(최적염도): 0 - 7 / Ph(최적pH): 6 -10 (7) / 산소요구도: 호기성,"주요 지방산: anteiso-C15:0 (33.6 %), anteiso-C15:1 A (22.1 %), C16:0 (14.4 %), C14:0 (12.1 %) / DNA G+C 비율(%): 74.4 / 기타 세포성분: diphosphatidylglycerol, phosphatidylglycerol, phosphatidylinositol-mannosides and phosphatidylinositol","catalase, β-galactosidase",,,,,정명,"Cellulomonas carbonis Shi et al., 2012"
국립해양생물자원관_해양생물종정보 서비스,https://www.data.go.kr/data/15094770/openapi.do,,marine_life_species,Janibacter melonis,세균계; Actinomycetota; Actinomycetes; Micrococcales; Intrasporangiaceae,,,,,"의미: 과일에서 유래된 균주 / 분리원: 한구참외 / 분포: 참외 / 분리방법: NA 배지에서 배양 / 보존기관 정보: KCTC, DSM, JCM","해양생물의 생김새, 서식지, 분포를 반영한 과학 동화 소재",국명·학명·서식지·분류체계를 활용한 관찰 질문과 퀴즈,5-7;8-10,해양생물종;Janibacter;melonis;Intrasporangiaceae,270000022665,Bacteria,세균계,Actinomycetota,,Actinomycetes,,Micrococcales,,Intrasporangiaceae,,"Janibacter melonis Yoon et al., 2004",Janibacter melonis,,기타,"의미: 과일에서 유래된 균주 / 분리원: 한구참외 / 분포: 참외 / 분리방법: NA 배지에서 배양 / 보존기관 정보: KCTC, DSM, JCM",배양배지: NA / 그람염색: 양성 / 콜로니특징: 부드러운 원형의 미색 / 세포형태: 구균,,온도(최적온도): 10 - 30 (30) / Ph(최적pH): 5.5 -7.0 (7.0) / 산소요구도: 호기성,"주요 지방산: iso-C16 : 0, C17 : 1ω8c C18 : 1ω9c or C17 : 0 / DNA G+C 비율(%): 73 / 기타 세포성분: phosphatidylglycerol, diphosphatidylglycerol and phosphatidylinositol","Tweens 20, 40 and 60 and tyrosine are hydrolysed",,,,,정명,"Janibacter melonis Yoon et al., 2004"
국립해양생물자원관_해양생물종정보 서비스,https://www.data.go.kr/data/15094770/openapi.do,,marine_life_species,Nocardioides aequoreus,세균계; Actinomycetota; Actinomycetes; Propionibacteriales; Nocardioidaceae,,,,,"의미: 바다에서 유래 / 분리원: 제주도 삼양 해변의 퇴적물에서 분리 / 분포: 제주도 삼양 해변의 퇴적물 / 분리방법: YE-SW agar, 30℃ / 보존기관 정보: JCM, NRRL","해양생물의 생김새, 서식지, 분포를 반영한 과학 동화 소재",국명·학명·서식지·분류체계를 활용한 관찰 질문과 퀴즈,5-7;8-10,해양생물종;Nocardioides;aequoreus;Nocardioidaceae,270000023200,Bacteria,세균계,Actinomycetota,,Actinomycetes,,Propionibacteriales,,Nocardioidaceae,,"Nocardioides aequoreus (Lee, 2007) Wnag et al., 2023",Nocardioides aequoreus,,기타,"의미: 바다에서 유래 / 분리원: 제주도 삼양 해변의 퇴적물에서 분리 / 분포: 제주도 삼양 해변의 퇴적물 / 분리방법: YE-SW agar, 30℃ / 보존기관 정보: JCM, NRRL","그람염색: 양성 / 콜로니특징: 원형, 밝은 노란색 / 세포크기: 직경 0.5-0.7 μm / 편모나 섬모 여부: 비운동성",,온도(최적온도): 10-37 / 염도(최적염도): 0-5 / Ph(최적pH): 5.1-12.1(7.1) / 산소요구도: 호기성,"퀴논: MK-8 / 주요 지방산: C18 : 1, C16 : 0 / DNA G+C 비율(%): 72.4 / 기타 세포성분: phosphatidylinositol, diphosphatidylglycerol, phosphatidylglycerol","alkaline phosphatase, leucine arylamidase, valine arylamidase, a-glucosidase",,,,,정명,"Nocardioides aequoreus (Lee, 2007) Wnag et al., 2023"
국립해양생물자원관_해양생물종정보 서비스,https://www.data.go.kr/data/15094770/openapi.do,,marine_life_species,Ornithinimicrobium kibberense,세균계; Actinomycetota; Actinomycetes; Micrococcales; Ornithinimicrobiaceae,,,,,"의미: 인도 히말라야의 마을 Kibber에서 유래 / 분리원: 인도 히말라야 해발 4200m 토양에서 격리 / 분포: 고지대의 토양 / 보존기관 정보: MTCC, DSM, JCM","해양생물의 생김새, 서식지, 분포를 반영한 과학 동화 소재",국명·학명·서식지·분류체계를 활용한 관찰 질문과 퀴즈,5-7;8-10,해양생물종;Ornithinimicrobium;kibberense;Ornithinimicrobiaceae,270000023796,Bacteria,세균계,Actinomycetota,,Actinomycetes,,Micrococcales,,Ornithinimicrobiaceae,,"Ornithinimicrobium kibberense Mayilraj et al., 2006",Ornithinimicrobium kibberense,,기타,"의미: 인도 히말라야의 마을 Kibber에서 유래 / 분리원: 인도 히말라야 해발 4200m 토양에서 격리 / 분포: 고지대의 토양 / 보존기관 정보: MTCC, DSM, JCM","배양배지: TSA agar / 콜로니특징: 콜로니 색은 담황색이며 원형, 매끄럽고 반짝거리며 불투명하고 볼록한 부분이 있다.",,온도(최적온도): 20-37 (28) / 염도(최적염도): <7,"퀴논: MK-8 / 주요 지방산: iso-C17:1 ω9c (20.39 %), iso-C15:0 (19.42 %), iso-C16:0 (18.60 %), iso-C17:0 (12.40 %) / DNA G+C 비율(%): 71 / 기타 세포성분: D-fructose, D-galactose, raffinose, sucrose, trehalose and D-maltose",Catalase,,,,,정명,"Ornithinimicrobium kibberense Mayilraj et al., 2006"
국립해양생물자원관_해양생물종정보 서비스,https://www.data.go.kr/data/15094770/openapi.do,,marine_life_species,Dictyota koreana,크로미스타계; 대롱편모조식물문; 갈조강; 그물바탕말목; 그물바탕말과,서남해안(흑산도),서남해안(흑산도),,,Dictyota koreana은(는) 해양생물 캐릭터와 과학 동화 소재로 사용할 수 있다.,"해양생물의 생김새, 서식지, 분포를 반영한 과학 동화 소재",국명·학명·서식지·분류체계를 활용한 관찰 질문과 퀴즈,5-7;8-10,해양생물종;Dictyota;koreana;그물바탕말과;서남해안(흑산도),270000005387,Chromista,크로미스타계,Ochrophyta,대롱편모조식물문,Phaeophyceae,갈조강,Dictyotales,그물바탕말목,Dictyotaceae,그물바탕말과,Dictyota koreana,Dictyota koreana,,기타,,,,,,,서남해안(흑산도),,,,정명,Dictyota koreana
국립해양생물자원관_해양생물종정보 서비스,https://www.data.go.kr/data/15094770/openapi.do,,marine_life_species,Micrococcus terreus,세균계; Actinomycetota; Actinomycetes; Micrococcales; Micrococcaceae,,,,,"의미: 지구의 테레우스에서 유래 / 분리원: 숲 토양에서 분리 / 분포: 숲 토양 / 분리방법: DNG agar, V3M agar, 25℃ / 보존기관 정보: CGMCC, NBRC","해양생물의 생김새, 서식지, 분포를 반영한 과학 동화 소재",국명·학명·서식지·분류체계를 활용한 관찰 질문과 퀴즈,5-7;8-10,해양생물종;Micrococcus;terreus;Micrococcaceae,270000023353,Bacteria,세균계,Actinomycetota,,Actinomycetes,,Micrococcales,,Micrococcaceae,,"Micrococcus terreus Zhang et al., 2010",Micrococcus terreus,,기타,"의미: 지구의 테레우스에서 유래 / 분리원: 숲 토양에서 분리 / 분포: 숲 토양 / 분리방법: DNG agar, V3M agar, 25℃ / 보존기관 정보: CGMCC, NBRC","배양배지: LB agar / 그람염색: 양성 / 콜로니특징: 원형, 황색, 직경 0.5-10mm",,"온도(최적온도): 20-35(33) / 염도(최적염도): 0-2(1.0) / Ph(최적pH): 5.0-9.0(7.0) / 산소요구도: 호기성 / 주요기질: maltose, sucrose, trehalose, turanose","퀴논: MK-7, MK-7(H2), MK-8, MK-8(H2) / 주요 지방산: anteiso- C15 : 0, iso-C15 : 0 / DNA G+C 비율(%): 67.2",catalase,,,,,정명,"Micrococcus terreus Zhang et al., 2010"
국립해양생물자원관_해양생물종정보 서비스,https://www.data.go.kr/data/15094770/openapi.do,,marine_life_species,Mycobacterium frederiksbergense,세균계; Actinomycetota; Actinomycetes; Mycobacteriales; Mycobacteriaceae,,,,,"의미: 덴마크의 Frederiksberg에서 유래 / 분리원: 덴마크 Frederiksberg 가스작업장에서 분리 / 분포: 덴마크 Frederiksberg 가스작업장 / 분리방법: PAH-coated agar, 15℃ / 보존기관 정보: DSM, NRRL","해양생물의 생김새, 서식지, 분포를 반영한 과학 동화 소재",국명·학명·서식지·분류체계를 활용한 관찰 질문과 퀴즈,5-7;8-10,해양생물종;Mycobacterium;frederiksbergense;Mycobacteriaceae,270000023479,Bacteria,세균계,Actinomycetota,,Actinomycetes,,Mycobacteriales,,Mycobacteriaceae,,"Mycobacterium frederiksbergense Willumsen et al., 2001",Mycobacterium frederiksbergense,,기타,"의미: 덴마크의 Frederiksberg에서 유래 / 분리원: 덴마크 Frederiksberg 가스작업장에서 분리 / 분포: 덴마크 Frederiksberg 가스작업장 / 분리방법: PAH-coated agar, 15℃ / 보존기관 정보: DSM, NRRL","배양배지: TSB agar, Middlebrook agar / 그람염색: 양성 / 콜로니특징: 카드뮴 황색 / 세포형태: 간균 / 편모나 섬모 여부: 비운동성",,"온도(최적온도): 15-37 / 주요기질: arabinose, galactose",퀴논: MK-9,catalase,,,,,정명,"Mycobacterium frederiksbergense Willumsen et al., 2001"
국립해양생물자원관_해양생물종정보 서비스,https://www.data.go.kr/data/15094770/openapi.do,,marine_life_species,Dermacoccus profundi,세균계; Actinomycetota; Actinomycetes; Micrococcales; Dermacoccaceae,,,,,"의미: 심연의 뜻을 가진 profundi에서 유래 / 분리원: Mariana Trench 10898m 깊이에 있는 퇴적물에서 분리 / 분포: 심해 퇴적물 / 분리방법: glucose-yeast extract agar after 5 days at 28℃ / 보존기관 정보: DSM, NCIMB","해양생물의 생김새, 서식지, 분포를 반영한 과학 동화 소재",국명·학명·서식지·분류체계를 활용한 관찰 질문과 퀴즈,5-7;8-10,해양생물종;Dermacoccus;profundi;Dermacoccaceae,270000021646,Bacteria,세균계,Actinomycetota,,Actinomycetes,,Micrococcales,,Dermacoccaceae,,"Dermacoccus profundi Pathom-aree et al., 2006",Dermacoccus profundi,,기타,"의미: 심연의 뜻을 가진 profundi에서 유래 / 분리원: Mariana Trench 10898m 깊이에 있는 퇴적물에서 분리 / 분포: 심해 퇴적물 / 분리방법: glucose-yeast extract agar after 5 days at 28℃ / 보존기관 정보: DSM, NCIMB","배양배지: soy agar, inorganic nitrogen agar / 그람염색: 그람양성 / 콜로니특징: 불규칙적이고 무광황색, 거친표면 / 세포크기: 0·8–1·5 µm",,온도(최적온도): 10-37℃ (28℃) / 산소요구도: 호기성,DNA G+C 비율(%): 69.1 mol%,,,,,,정명,"Dermacoccus profundi Pathom-aree et al., 2006"
국립해양생물자원관_해양생물종정보 서비스,https://www.data.go.kr/data/15094770/openapi.do,,marine_life_species,Brevibacterium iodinum,세균계; Actinomycetota; Actinomycetes; Micrococcales; Brevibacteriaceae,,,,,"의미: iodine의 색과 비슷한 균주 / 분리원: 가공된 우유 / 분포: 유제품 / 분리방법: 희석평판법으로 NA배지에 배양 / 보존기관 정보: NCDO, NCIB, ATCC","해양생물의 생김새, 서식지, 분포를 반영한 과학 동화 소재",국명·학명·서식지·분류체계를 활용한 관찰 질문과 퀴즈,5-7;8-10,해양생물종;Brevibacterium;iodinum;Brevibacteriaceae,270000020877,Bacteria,세균계,Actinomycetota,,Actinomycetes,,Micrococcales,,Brevibacteriaceae,,"Brevibacterium iodinum (ex Davis) Collins et al., 1980",Brevibacterium iodinum,,기타,"의미: iodine의 색과 비슷한 균주 / 분리원: 가공된 우유 / 분포: 유제품 / 분리방법: 희석평판법으로 NA배지에 배양 / 보존기관 정보: NCDO, NCIB, ATCC",배양배지: NA / 그람염색: 음성 또는 양성 / 콜로니특징: 보라색 / 세포형태: 구균 또는 간균 / 편모나 섬모 여부: 없음,,온도(최적온도): 25-30 / 산소요구도: 호기성,"퀴논: MK-8 / 주요 지방산: anteiso-C17, anteiso-C15 / DNA G+C 비율(%): 63 / 기타 세포성분: Diphosphatidylglycerol, phosphatidylglycerol","catalase, oxidase, gelatinase, Dnase",,,,,정명,"Brevibacterium iodinum (ex Davis) Collins et al., 1980"
국립해양생물자원관_해양생물종정보 서비스,https://www.data.go.kr/data/15094770/openapi.do,,marine_life_species,Arsenicicoccus bolidensis,세균계; Actinomycetota; Actinomycetes; Micrococcales; Dermatophilaceae,,,,,"의미: 비소가 풍부한 곳에서 분리된 균주 / 분리원: 스웨덴 광산 폐수 퇴적물 / 분포: 광산 폐수의 퇴적물 / 분리방법: 젖산을 첨가한 배지에서 배양 / 보존기관 정보: CCUG, DSM","해양생물의 생김새, 서식지, 분포를 반영한 과학 동화 소재",국명·학명·서식지·분류체계를 활용한 관찰 질문과 퀴즈,5-7;8-10,해양생물종;Arsenicicoccus;bolidensis;Dermatophilaceae,270000020443,Bacteria,세균계,Actinomycetota,,Actinomycetes,,Micrococcales,,Dermatophilaceae,,"Arsenicicoccus bolidensis Collins et al., 2004",Arsenicicoccus bolidensis,,기타,"의미: 비소가 풍부한 곳에서 분리된 균주 / 분리원: 스웨덴 광산 폐수 퇴적물 / 분포: 광산 폐수의 퇴적물 / 분리방법: 젖산을 첨가한 배지에서 배양 / 보존기관 정보: CCUG, DSM",그람염색: 양성 / 세포형태: 구균,,"산소요구도: 통성혐기성 / 주요기질: glucose, glycogen, mannitol, maltose, lactose, ribose, sucrose","퀴논: MK-8 / 주요 지방산: C16:1 ω7c, iso-C15:0, C18:1 ω9c / DNA G+C 비율(%): 72.2","catalase, galactosidase, glucosidase, nitrate reductase",,,,,정명,"Arsenicicoccus bolidensis Collins et al., 2004"
국립해양생물자원관_해양생물종정보 서비스,https://www.data.go.kr/data/15094770/openapi.do,,marine_life_species,Salinibacterium amurskyense,세균계; Actinomycetota; Actinomycetes; Micrococcales; Microbacteriaceae,,,,,"의미: Amursky Bay를 가리키는 amurskyense 에서 유래 / 분리원: Amursky Bay of the Gulf에서 채취 한 해수 샘플 / 분포: Amursky Bay / 분리방법: marine agar에서 28 ℃ 로 배양 / 보존기관 정보: KCTC, KMM","해양생물의 생김새, 서식지, 분포를 반영한 과학 동화 소재",국명·학명·서식지·분류체계를 활용한 관찰 질문과 퀴즈,5-7;8-10,해양생물종;Salinibacterium;amurskyense;Microbacteriaceae,270000024939,Bacteria,세균계,Actinomycetota,,Actinomycetes,,Micrococcales,,Microbacteriaceae,,"Salinibacterium amurskyense Han et al., 2003",Salinibacterium amurskyense,,기타,"의미: Amursky Bay를 가리키는 amurskyense 에서 유래 / 분리원: Amursky Bay of the Gulf에서 채취 한 해수 샘플 / 분포: Amursky Bay / 분리방법: marine agar에서 28 ℃ 로 배양 / 보존기관 정보: KCTC, KMM",배양배지: marine agar / 그람염색: 그람양성 / 세포형태: 간균,,온도(최적온도): 4 and 37 ℃ (with optimal growth at 25–28 ℃) / 염도(최적염도): 0–10 % NaCl (with optimal growth at 1–3 %) / Ph(최적pH): pH 4·5 and 11·0 (with optimal growth at around pH 7·2–7·5) / 산소요구도: 호기성,"퀴논: MK-10, MK-11 / 주요 지방산: 12-methyl
tetradecanoic acid (anteiso-C15 : 0; 40?4 %), 14-methyl
pentadecanoic acid (iso-C16 : 0; 34?7 %), 12-methyl tridecanoic acid (iso-C14 : 0; 14?7 %), 13-methyl tetradecanoic
acid (iso-C15 : 0; 6?6 %) and 14-methyl hexadecanoic acid / DNA G+C 비율(%): 61·0 mol%",catalase,,,,,정명,"Salinibacterium amurskyense Han et al., 2003"
국립해양생물자원관_해양생물종정보 서비스,https://www.data.go.kr/data/15094770/openapi.do,,marine_life_species,Microbacterium kitamiense,세균계; Actinomycetota; Actinomycetes; Micrococcales; Microbacteriaceae,,,,,"의미: 분리된곳 지명을 땀 / 분리원: 사탕무공장 폐수 / 분리방법: TSA배지에 enrich / 특성: 중온성, produce exopolysaccharides / 보존기관: JCM","해양생물의 생김새, 서식지, 분포를 반영한 과학 동화 소재",국명·학명·서식지·분류체계를 활용한 관찰 질문과 퀴즈,5-7;8-10,해양생물종;Microbacterium;kitamiense;Microbacteriaceae,270000023315,Bacteria,세균계,Actinomycetota,,Actinomycetes,,Micrococcales,,Microbacteriaceae,,"Microbacterium kitamiense Matsuyama et al., 1999",Microbacterium kitamiense,,기타,"의미: 분리된곳 지명을 땀 / 분리원: 사탕무공장 폐수 / 분리방법: TSA배지에 enrich / 특성: 중온성, produce exopolysaccharides / 보존기관: JCM","배양배지: tryptic soy agar / 그람염색: 그람양성 / 콜로니특징: 둥글고 매끄러우며 주황색 / 세포형태: 간균 / 세포크기: (0.5-0-8 µm in width, 1.0-2-0 µm in length",,온도(최적온도): 15~37 / 염도(최적염도): ~7% / pH(최적pH): 6.0~9.0 / 산소요구도: 절대 호기성 / 주요기질: sucrose,"퀴논: menaquinone-11,12 / 주요 지방산: C17:0, iso-C16:0 / DNA G+C 비율(%): 69.2","glatinase, amylase",,,,,정명,"Microbacterium kitamiense Matsuyama et al., 1999"
국립해양생물자원관_해양생물종정보 서비스,https://www.data.go.kr/data/15094770/openapi.do,,marine_life_species,Serinicoccus marinus,세균계; Actinomycetota; Actinomycetes; Micrococcales; Ornithinimicrobiaceae,,,,,"의미: marine에서 유래 / 분리원: 한국 동해 해수에서 분리 / 분포: 한국동해 / 분리방법: MA에 30 ℃로 배양 / 보존기관 정보: IMSNU, KCTC, DSM","해양생물의 생김새, 서식지, 분포를 반영한 과학 동화 소재",국명·학명·서식지·분류체계를 활용한 관찰 질문과 퀴즈,5-7;8-10,해양생물종;Serinicoccus;marinus;Ornithinimicrobiaceae,270000025072,Bacteria,세균계,Actinomycetota,,Actinomycetes,,Micrococcales,,Ornithinimicrobiaceae,,"Serinicoccus marinus Yi et al., 2004",Serinicoccus marinus,,기타,"의미: marine에서 유래 / 분리원: 한국 동해 해수에서 분리 / 분포: 한국동해 / 분리방법: MA에 30 ℃로 배양 / 보존기관 정보: IMSNU, KCTC, DSM",배양배지: MA / 그람염색: 그람양성 / 콜로니특징: 노란색 원형이고 볼록하며 불투명 / 세포형태: 구균 / 세포크기: 0·5–0·9 µm,,"온도(최적온도): 10–35 ℃ (optimum being 35 ℃) / 염도(최적염도): 0–14 % (w/v) NaCl (optimum being 2–3 %) / Ph(최적pH): pH 6 and 11 (optimum being pH 8) / 산소요구도: 절대호기성 / 주요기질: phosphatidylglycerol, diphosphatidylglycerol, phosphatidylinositol, an unknown glycolipid","퀴논: MK-8 / 주요 지방산: i-15 : 0, i-16 : 0, i-17 : 1ω9c, i-17 : 0, ai-15 : 0, ai-17 : 0 / DNA G+C 비율(%): 72 mol%",catalase,,,,,정명,"Serinicoccus marinus Yi et al., 2004"
국립해양생물자원관_해양생물종정보 서비스,https://www.data.go.kr/data/15094770/openapi.do,,marine_life_species,Pseudarthrobacter defluvii,세균계; Actinomycetota; Actinomycetes; Micrococcales; Micrococcaceae,,,,,"의미: 하수 오물에서 유래 / 분리원: 대구 금호강으로 유입되는 하수에서 분리 / 분포: 대구 금호강에 유입되는 하수 / 분리방법: R2A agar, 25℃ / 보존기관 정보: KCTC, DSM","해양생물의 생김새, 서식지, 분포를 반영한 과학 동화 소재",국명·학명·서식지·분류체계를 활용한 관찰 질문과 퀴즈,5-7;8-10,해양생물종;Pseudarthrobacter;defluvii;Micrococcaceae,270000024429,Bacteria,세균계,Actinomycetota,,Actinomycetes,,Micrococcales,,Micrococcaceae,,"Pseudarthrobacter defluvii (Kim et al.) Busse, 2016",Pseudarthrobacter defluvii,,기타,"의미: 하수 오물에서 유래 / 분리원: 대구 금호강으로 유입되는 하수에서 분리 / 분포: 대구 금호강에 유입되는 하수 / 분리방법: R2A agar, 25℃ / 보존기관 정보: KCTC, DSM","배양배지: R2A agar / 그람염색: 양성 / 콜로니특징: 흰색, 원형 / 세포형태: 간균 / 세포크기: 0.4-0.6 x 1-2 ㎛",,"온도(최적온도): 5-37(25-30) / Ph(최적pH): 6-10(7-8) / 산소요구도: 호기성 / 주요기질: ribose, D-xylose, inositol, mannitol","퀴논: MK-9 / 주요 지방산: anteiso-C15 : 0, iso-C16 : 0, iso-C15 : 0 / DNA G+C 비율(%): 64.4",Catalase,,,,,정명,"Pseudarthrobacter defluvii (Kim et al.) Busse, 2016"
국립해양생물자원관_해양생물종정보 서비스,https://www.data.go.kr/data/15094770/openapi.do,,marine_life_species,Arthrobacter humicola,세균계; Actinomycetota; Actinomycetes; Micrococcales; Micrococcaceae,,,,,"분리원: 일본의 논 토양에서 분리 / 분포: 일본의 논 토양 / 분리방법: GPM agar, 27℃ / 보존기관 정보: NRRL, NBRC","해양생물의 생김새, 서식지, 분포를 반영한 과학 동화 소재",국명·학명·서식지·분류체계를 활용한 관찰 질문과 퀴즈,5-7;8-10,해양생물종;Arthrobacter;humicola;Micrococcaceae,270000020467,Bacteria,세균계,Actinomycetota,,Actinomycetes,,Micrococcales,,Micrococcaceae,,"Arthrobacter humicola Kageyama et al., 2008",Arthrobacter humicola,,기타,"분리원: 일본의 논 토양에서 분리 / 분포: 일본의 논 토양 / 분리방법: GPM agar, 27℃ / 보존기관 정보: NRRL, NBRC",배양배지: YD agar / 그람염색: 양성 / 콜로니특징: 크림색 / 세포형태: rod–coccus cycle,,온도(최적온도): 4-34 / 염도(최적염도): <3 / Ph(최적pH): 6-10 / 산소요구도: 호기성,"퀴논: MK-9 / 주요 지방산: anteiso-C15 : 0, anteiso-C17 : 0, iso-C16 : 0 / DNA G+C 비율(%): 67",,,,,,정명,"Arthrobacter humicola Kageyama et al., 2008"
국립해양생물자원관_해양생물종정보 서비스,https://www.data.go.kr/data/15094770/openapi.do,,marine_life_species,Arthrobacter koreensis,세균계; Actinomycetota; Actinomycetes; Micrococcales; Micrococcaceae,,,,,"의미: 한국에서 유래 / 분리원: 한국 대전의 토양에서 분리 / 분포: 한국 대전의 토양 / 분리방법: TSA, 30℃ / 보존기관 정보: KCTC, IFO","해양생물의 생김새, 서식지, 분포를 반영한 과학 동화 소재",국명·학명·서식지·분류체계를 활용한 관찰 질문과 퀴즈,5-7;8-10,해양생물종;Arthrobacter;koreensis;Micrococcaceae,270000020468,Bacteria,세균계,Actinomycetota,,Actinomycetes,,Micrococcales,,Micrococcaceae,,"Arthrobacter koreensis Lee et al., 2003",Arthrobacter koreensis,,기타,"의미: 한국에서 유래 / 분리원: 한국 대전의 토양에서 분리 / 분포: 한국 대전의 토양 / 분리방법: TSA, 30℃ / 보존기관 정보: KCTC, IFO",배양배지: TSA / 그람염색: 양성 / 콜로니특징: 노란색 / 세포형태: rod–coccus cycle,,"Ph(최적pH): 7-12(7-8) / 주요기질: glucose, mannose, mannitol, maltose, gluconate","퀴논: MK-8 / 주요 지방산: anteiso-C15 : 0, iso-C15 : 0 / DNA G+C 비율(%): 63±2",catalase,,,,,정명,"Arthrobacter koreensis Lee et al., 2003"
국립해양생물자원관_해양생물종정보 서비스,https://www.data.go.kr/data/15094770/openapi.do,,marine_life_species,Arthrobacter oryzae,세균계; Actinomycetota; Actinomycetes; Micrococcales; Micrococcaceae,,,,,"분리원: 일본의 논 토양에서 분리 / 분포: 일본의 논 토양 / 분리방법: nutrient agar, 27℃ / 보존기관 정보: NRRL, NBRC","해양생물의 생김새, 서식지, 분포를 반영한 과학 동화 소재",국명·학명·서식지·분류체계를 활용한 관찰 질문과 퀴즈,5-7;8-10,해양생물종;Arthrobacter;oryzae;Micrococcaceae,270000020474,Bacteria,세균계,Actinomycetota,,Actinomycetes,,Micrococcales,,Micrococcaceae,,"Arthrobacter oryzae Kageyama et al., 2008",Arthrobacter oryzae,,기타,"분리원: 일본의 논 토양에서 분리 / 분포: 일본의 논 토양 / 분리방법: nutrient agar, 27℃ / 보존기관 정보: NRRL, NBRC",배양배지: YD agar / 그람염색: 양성 / 콜로니특징: 크림색 / 세포형태: rod–coccus cycle,,"온도(최적온도): 4-34 / Ph(최적pH): 6-11 / 산소요구도: 호기성 / 주요기질: D-Glucose, raffinose, melibiose, D-mannitol","퀴논: MK-9 / 주요 지방산: anteiso-C15 : 0, anteiso-C17 : 0, iso-C15 : 0 / DNA G+C 비율(%): 67","Nitrate reductase, pyrrolidonyl arylamidase, catalase",,,,,정명,"Arthrobacter oryzae Kageyama et al., 2008"
국립해양생물자원관_해양생물종정보 서비스,https://www.data.go.kr/data/15094770/openapi.do,,marine_life_species,Arthrobacter ruber,세균계; Actinomycetota; Actinomycetes; Micrococcales; Micrococcaceae,,,,,"분리원: Tibet, PR China의 ice tongue 빙하 표면에서 분리 / 분포: Tibet, PR China / 분리방법: TSA 4 days incubation / 보존기관 정보: CGMCC, NBRC","해양생물의 생김새, 서식지, 분포를 반영한 과학 동화 소재",국명·학명·서식지·분류체계를 활용한 관찰 질문과 퀴즈,5-7;8-10,해양생물종;Arthrobacter;ruber;Micrococcaceae,270000026741,Bacteria,세균계,Actinomycetota,,Actinomycetes,,Micrococcales,,Micrococcaceae,,"Arthrobacter ruber Liu et al., 2018",Arthrobacter ruber,,기타,"분리원: Tibet, PR China의 ice tongue 빙하 표면에서 분리 / 분포: Tibet, PR China / 분리방법: TSA 4 days incubation / 보존기관 정보: CGMCC, NBRC",배양배지: TSA / 그람염색: 그람 양성 / 콜로니특징: 듕글고 빨간색이며 볼롬함 / 세포형태: 구균 / 세포크기: 1.0–1.2 µm,,"온도(최적온도): 0–34 ℃ (Optimal temperature for growth is 25–28 ℃ ) / 염도(최적염도): 0–4.0 % (w/v) NaCl / Ph(최적pH): pH 6.0–9.0 (Optimal pH for growth is 7.0) / 산소요구도: 절대 호기성 / 주요기질: phosphatidylglycerol, diphosphatidylglycerol, phosphatidylinositol, one unidentified glycolipid","퀴논: MK-9 / 주요 지방산: iso-C15 : 0, anteiso-C17 : 0 / DNA G+C 비율(%): 69.0 mol%",catalase,,,,,정명,"Arthrobacter ruber Liu et al., 2018"
국립해양생물자원관_해양생물종정보 서비스,https://www.data.go.kr/data/15094770/openapi.do,,marine_life_species,Dermacoccus nishinomiyaensis,세균계; Actinomycetota; Actinomycetes; Micrococcales; Dermacoccaceae,,,,,"의미: 일본 니시노미야에서 유래 / 보존기관 정보: ATCC, CCM","해양생물의 생김새, 서식지, 분포를 반영한 과학 동화 소재",국명·학명·서식지·분류체계를 활용한 관찰 질문과 퀴즈,5-7;8-10,해양생물종;Dermacoccus;nishinomiyaensis;Dermacoccaceae,270000021645,Bacteria,세균계,Actinomycetota,,Actinomycetes,,Micrococcales,,Dermacoccaceae,,"Dermacoccus nishinomiyaensis (Oda) Stackebrandt et al., 1995",Dermacoccus nishinomiyaensis,,기타,"의미: 일본 니시노미야에서 유래 / 보존기관 정보: ATCC, CCM",배양배지: nutrient broth / 그람염색: 양성 / 콜로니특징: 밝은 오렌지색 / 세포형태: 구균,,온도(최적온도): 25-37 / 산소요구도: 호기성,"퀴논: MK-8 / 주요 지방산: iso-C15:0, iso-C17:0, iso-, anteiso-C17:0 / DNA G+C 비율(%): 66-71mol% / 기타 세포성분: diphosphatidylglycerol, phosphatidylglycerol, phosphatidylinositol","Catalase, Oxidase",,,,,정명,"Dermacoccus nishinomiyaensis (Oda) Stackebrandt et al., 1995"
국립해양생물자원관_해양생물종정보 서비스,https://www.data.go.kr/data/15094770/openapi.do,,marine_life_species,Nesterenkonia aurantiaca,세균계; Actinomycetota; Actinomycetes; Micrococcales; Micrococcaceae,,,,,"의미: orange-coloured / 분리원: 흙 / 분포: Cape King (Antarctica) / 보존기관 정보: DSM, JCM","해양생물의 생김새, 서식지, 분포를 반영한 과학 동화 소재",국명·학명·서식지·분류체계를 활용한 관찰 질문과 퀴즈,5-7;8-10,해양생물종;Nesterenkonia;aurantiaca;Micrococcaceae,270000027076,Bacteria,세균계,Actinomycetota,,Actinomycetes,,Micrococcales,,Micrococcaceae,,"Nesterenkonia aurantiaca Finore et al., 2016",Nesterenkonia aurantiaca,,기타,"의미: orange-coloured / 분리원: 흙 / 분포: Cape King (Antarctica) / 보존기관 정보: DSM, JCM","배양배지: solid medium A / 그람염색: 양성 / 콜로니특징: 주황색, 둥근, 부드러운, 표면이 빛나는 / 세포형태: 구균 / 세포크기: 1.5㎛",,"온도(최적온도): 4-30 (25) / 염도(최적염도): 0.003-20 (2) / Ph(최적pH): 6.5-10 (9) / 산소요구도: aerobic / 주요기질: D-glucose, D-xylose, galactose, lactose, trehalose, D-fructose, sucrose","퀴논: MK-7 and MK-8 / 주요 지방산: n-C16 : 0, n-C14 : 0, C15 : 1, n-C15 : 0 and iso-C15 : 0 / DNA G+C 비율(%): 64.8 mol% / 기타 세포성분: diphosphatidylglycerol, phosphatidylglycerol, phosphatidylinositol, glycolipid","Catalase,",,,,,정명,"Nesterenkonia aurantiaca Finore et al., 2016"
국립해양생물자원관_해양생물종정보 서비스,https://www.data.go.kr/data/15094770/openapi.do,,marine_life_species,Marmoricola aquaticus,세균계; Actinomycetota; Actinomycetes; Propionibacteriales; Nocardioidaceae,,,,,"의미: aquaticus 해양 환경 / 분리원: marine sponge / 분포: Glodia corticostylifera, Sa˜o Paulo, Brasil / 보존기관 정보: CBMAI, DSM","해양생물의 생김새, 서식지, 분포를 반영한 과학 동화 소재",국명·학명·서식지·분류체계를 활용한 관찰 질문과 퀴즈,5-7;8-10,해양생물종;Marmoricola;aquaticus;Nocardioidaceae,270000010342,Bacteria,세균계,Actinomycetota,,Actinomycetes,,Propionibacteriales,,Nocardioidaceae,,"Marmoricola aquaticus De Menezes et al., 2015",Marmoricola aquaticus,,기타,"의미: aquaticus 해양 환경 / 분리원: marine sponge / 분포: Glodia corticostylifera, Sa˜o Paulo, Brasil / 보존기관 정보: CBMAI, DSM","배양배지: M1 agar / 그람염색: 양성 / 콜로니특징: 주황적, 부드러운 / 세포형태: 구균 / 세포크기: 0.5–0.7㎛",,"온도(최적온도): 10–37 / 염도(최적염도): 0–3.0 / Ph(최적pH): 6.0–10.0 / 산소요구도: Aerobic / 주요기질: D-galactose, L-rhamnose and glycogen","퀴논: MK8 / DNA G+C 비율(%): 74.3 mol% / 기타 세포성분: LL-diaminopimelic acid, muramic acid, Glucose and ribose","Catalase,  Casein, gelatin, starch, cellulose and xylan were hydrolysed",,,,,이명,"Nocardioides marmoraquaticus Wang et al., 2023"
국립해양생물자원관_해양생물종정보 서비스,https://www.data.go.kr/data/15094770/openapi.do,,marine_life_species,Rothia amarae,세균계; Actinomycetota; Actinomycetes; Micrococcales; Micrococcaceae,,,,,"의미: Rothia속 세균 / 분리원: 하수관의 슬러지 / 분포: 중국의 Shanghai Jiao Tong 대학내 / 분리방법: 희석증류수에 2일 배양 후 도말하여 분리 / 보존기관 정보: AS, JCM","해양생물의 생김새, 서식지, 분포를 반영한 과학 동화 소재",국명·학명·서식지·분류체계를 활용한 관찰 질문과 퀴즈,5-7;8-10,해양생물종;Rothia;amarae;Micrococcaceae,270000024894,Bacteria,세균계,Actinomycetota,,Actinomycetes,,Micrococcales,,Micrococcaceae,,"Rothia amarae Fan et al., 2002",Rothia amarae,,기타,"의미: Rothia속 세균 / 분리원: 하수관의 슬러지 / 분포: 중국의 Shanghai Jiao Tong 대학내 / 분리방법: 희석증류수에 2일 배양 후 도말하여 분리 / 보존기관 정보: AS, JCM",배양배지: LB배지 / 그람염색: 양성 / 콜로니특징: 크림색 콜로니 / 세포형태: 구균 / 세포크기: 0.6-0.9 um / 편모나 섬모 여부: 극성 편모,,,"퀴논: MK-6 / 주요 지방산: C16:0, C16:1w9c, C18:1w7c / DNA G+C 비율(%): 54.5",Ester lipase C8 and valine arylamidase,,,,,정명,"Rothia amarae Fan et al., 2002"
국립해양생물자원관_해양생물종정보 서비스,https://www.data.go.kr/data/15094770/openapi.do,,marine_life_species,Microbacterium oleivorans,세균계; Actinomycetota; Actinomycetes; Micrococcales; Microbacteriaceae,,,,,"의미: 오일을 사용할수 있는 / 분리원: 석유저장동굴 / 분포: 독일 Etzel 근처의 석유 저장 동굴 / 보존기관 정보: DSM, NCIMB","해양생물의 생김새, 서식지, 분포를 반영한 과학 동화 소재",국명·학명·서식지·분류체계를 활용한 관찰 질문과 퀴즈,5-7;8-10,해양생물종;Microbacterium;oleivorans;Microbacteriaceae,270000023320,Bacteria,세균계,Actinomycetota,,Actinomycetes,,Micrococcales,,Microbacteriaceae,,"Microbacterium oleivorans Schippers et al., 2005",Microbacterium oleivorans,,기타,"의미: 오일을 사용할수 있는 / 분리원: 석유저장동굴 / 분포: 독일 Etzel 근처의 석유 저장 동굴 / 보존기관 정보: DSM, NCIMB","배양배지: BAS / 그람염색: 양성 / 콜로니특징: 둥근, 부드러운, 주황색 colony 형성 / 세포형태: 간균 / 세포크기: 0.3-1.1 ㎛",,"온도(최적온도): 30-37 / 염도(최적염도): 2-4% / 산소요구도: 절대 호기성 / 주요기질: Xylose, L-Arabinose, a-D-Melibiose, Sorbitol, Fumarate, DL-Lactate",퀴논: MK-11 and MK-12,Catalase,,,,,정명,"Microbacterium oleivorans Schippers et al., 2005"
국립해양생물자원관_해양생물종정보 서비스,https://www.data.go.kr/data/15094770/openapi.do,,marine_life_species,Microbacterium pumilum,세균계; Actinomycetota; Actinomycetes; Micrococcales; Microbacteriaceae,,,,,"의미: pumilum dwarfish 작은 / 분리원: 토양 / 분포: 도쿄 아오야마에있는 묘지 토양 / 보존기관 정보: KV, NRRL, NBRC","해양생물의 생김새, 서식지, 분포를 반영한 과학 동화 소재",국명·학명·서식지·분류체계를 활용한 관찰 질문과 퀴즈,5-7;8-10,해양생물종;Microbacterium;pumilum;Microbacteriaceae,270000023324,Bacteria,세균계,Actinomycetota,,Actinomycetes,,Micrococcales,,Microbacteriaceae,,"Microbacterium pumilum Kageyama et al., 2006",Microbacterium pumilum,,기타,"의미: pumilum dwarfish 작은 / 분리원: 토양 / 분포: 도쿄 아오야마에있는 묘지 토양 / 보존기관 정보: KV, NRRL, NBRC",배양배지: NA / 그람염색: 양성 / 콜로니특징: 노란색 colony / 세포형태: 간균 / 세포크기: 0.2-0.6 X 0.4-1.2 ㎛,,"온도(최적온도): 17-32 / 염도(최적염도): 2 / Ph(최적pH): ph7-10 / 산소요구도: 호기성 / 주요기질: Glucose, arabinose, galactose, maltose, mannose and sucrose","퀴논: MK-12, MK-13 / 주요 지방산: anteiso-C15 : 0, anteiso-C17 : 0 and iso-C16 : 0 / DNA G+C 비율(%): 71","catalase,",,,,,정명,"Microbacterium pumilum Kageyama et al., 2006"
국립해양생물자원관_해양생물종정보 서비스,https://www.data.go.kr/data/15094770/openapi.do,,marine_life_species,Nesterenkonia flava,세균계; Actinomycetota; Actinomycetes; Micrococcales; Micrococcaceae,,,,,"의미: flava에서 유래 / 분리원: 폐수 / 분포: 중국 우한 / 분리방법: Luria–Bertani (LB) medium at 37℃ at pH 10.0, PYA medium / 보존기관 정보: DSM, CIP","해양생물의 생김새, 서식지, 분포를 반영한 과학 동화 소재",국명·학명·서식지·분류체계를 활용한 관찰 질문과 퀴즈,5-7;8-10,해양생물종;Nesterenkonia;flava;Micrococcaceae,270000023621,Bacteria,세균계,Actinomycetota,,Actinomycetes,,Micrococcales,,Micrococcaceae,,"Nesterenkonia flava Luo et al., 2008",Nesterenkonia flava,,기타,"의미: flava에서 유래 / 분리원: 폐수 / 분포: 중국 우한 / 분리방법: Luria–Bertani (LB) medium at 37℃ at pH 10.0, PYA medium / 보존기관 정보: DSM, CIP","배양배지: Luria–Bertani (LB) medium at 37℃ at pH 10.0 / 그람염색: 그람 양성 / 콜로니특징: 원형, 불투명, 약 노란색 / 세포형태: 구균 / 세포크기: 06-0.8 x 1.2-1.4 ㎛",,"온도(최적온도): (40-42℃) / 염도(최적염도): 0–10 % NaCl / Ph(최적pH): (9.0-10.0) / 주요기질: D-Glucose, L-Arabinose, Cellobiose, D-Fructose, D-Mannose, Sucrose, Maltose","퀴논: menaquinones MK-7(17.8 %), MK-8 (43.6 %) and MK-9 (37.7 %) / 주요 지방산: anteiso-C15 : 0 (34.78 %), anteiso-C17 : 0 (25.24 %) and C16 : 0 (13.37 %) / DNA G+C 비율(%): 65.5 mol%","catalse, Hydrolysis of starch, Gelatin, Tween 80",,,,,정명,"Nesterenkonia flava Luo et al., 2008"
국립해양생물자원관_해양생물종정보 서비스,https://www.data.go.kr/data/15094770/openapi.do,,marine_life_species,Nesterenkonia lutea,세균계; Actinomycetota; Actinomycetes; Micrococcales; Micrococcaceae,,,,,"의미: 황금색 / 분리원: 토양 / 분포: 중국 신장 지방 / 보존기관 정보: CCTCC, DSM, KCTC","해양생물의 생김새, 서식지, 분포를 반영한 과학 동화 소재",국명·학명·서식지·분류체계를 활용한 관찰 질문과 퀴즈,5-7;8-10,해양생물종;Nesterenkonia;lutea;Micrococcaceae,270000023622,Bacteria,세균계,Actinomycetota,,Actinomycetes,,Micrococcales,,Micrococcaceae,,"Nesterenkonia lutea Li et al., 2005",Nesterenkonia lutea,,기타,"의미: 황금색 / 분리원: 토양 / 분포: 중국 신장 지방 / 보존기관 정보: CCTCC, DSM, KCTC","배양배지: ISP 5 / 그람염색: 그람 양성 / 콜로니특징: 원형, 불투명 / 세포형태: 구균 / 세포크기: 0.5-1.0mm / 편모나 섬모 여부: 편모",,"온도(최적온도): 28 / 염도(최적염도): 0–20 % (w/v) (5–10 %) / Ph(최적pH): 5.0-12.0 (8.0–9.0) / 주요기질: Xylose, Cellobiose, Starch, Dextrin","퀴논: MK-8 and MK-7 / 주요 지방산: aiC15 : 0 (10.27 %), iC16 : 0 (31.40 %), aiC17 : 0 (15.27 %), A-aiC15 : 1 (15.12 %) / DNA G+C 비율(%): 64.5 mol% / 기타 세포성분: diphosphatidylglycerol, phosphatidylglycerol, phosphatidylinositol and an unidentified glycolipid","a-Galactosidase, a-Glucosidase,",,,,,정명,"Nesterenkonia lutea Li et al., 2005"
국립해양생물자원관_해양생물종정보 서비스,https://www.data.go.kr/data/15094770/openapi.do,,marine_life_species,Nesterenkonia sandarakina,세균계; Actinomycetota; Actinomycetes; Micrococcales; Micrococcaceae,,,,,"의미: 주황색의 sandarakine / 분리원: 토양 / 분포: 중국 신장 지방 / 보존기관 정보: CCTCC, DSM, KCTC","해양생물의 생김새, 서식지, 분포를 반영한 과학 동화 소재",국명·학명·서식지·분류체계를 활용한 관찰 질문과 퀴즈,5-7;8-10,해양생물종;Nesterenkonia;sandarakina;Micrococcaceae,270000023624,Bacteria,세균계,Actinomycetota,,Actinomycetes,,Micrococcales,,Micrococcaceae,,"Nesterenkonia sandarakina Li et al., 2005",Nesterenkonia sandarakina,,기타,"의미: 주황색의 sandarakine / 분리원: 토양 / 분포: 중국 신장 지방 / 보존기관 정보: CCTCC, DSM, KCTC","배양배지: ISP 5 / 그람염색: 그람 양성 / 콜로니특징: 원형, 불투명, 주황색-노란색 / 세포형태: 구균",,"온도(최적온도): 28 / 염도(최적염도): 1-15 % (w / v) NaCl (5 %) / Ph(최적pH): 6.5–10.0 (7.0–8.0) / 주요기질: Glucose, Ribose, Xylose, Cellobiose, Trehalose","퀴논: MK-8 and MK-7 / 주요 지방산: C16 : 0 (33.11 %), aiC15 : 0 (27.63 %), aiC17 : 0 (20.68 %) / DNA G+C 비율(%): 64 mol%","a-Galactosidase, b-Glucuronidase, L-Aspartate arylamidase",,,,,정명,"Nesterenkonia sandarakina Li et al., 2005"
국립해양생물자원관_해양생물종정보 서비스,https://www.data.go.kr/data/15094770/openapi.do,,marine_life_species,Nocardioides alpinus,세균계; Actinomycetota; Actinomycetes; Propionibacteriales; Nocardioidaceae,,,,,"의미: 알파인 알프스에서 유래 / 분리원: 토양 / 분포: 오스트리아 외츠달 알스프 고산 빙하 / 분리방법: R2A agar, incubated at 10 ℃. / 보존기관 정보: DSM, LMG, CGMCC","해양생물의 생김새, 서식지, 분포를 반영한 과학 동화 소재",국명·학명·서식지·분류체계를 활용한 관찰 질문과 퀴즈,5-7;8-10,해양생물종;Nocardioides;alpinus;Nocardioidaceae,270000023653,Bacteria,세균계,Actinomycetota,,Actinomycetes,,Propionibacteriales,,Nocardioidaceae,,"Nocardioides alpinus Zhang et al., 2012",Nocardioides alpinus,,기타,"의미: 알파인 알프스에서 유래 / 분리원: 토양 / 분포: 오스트리아 외츠달 알스프 고산 빙하 / 분리방법: R2A agar, incubated at 10 ℃. / 보존기관 정보: DSM, LMG, CGMCC",배양배지: R2A / 그람염색: 그람 양성 / 콜로니특징: 둥글고 볼록하며 부르럽고 광택 / 세포형태: 간균 / 세포크기: 0.4-0.5 X 1.5–3.0 mm,,"염도(최적염도): 1-15 % (w / v) NaCl (5 %) / Ph(최적pH): 6.5–10.0 (7.0–8.0) / 산소요구도: 호기성 / 주요기질: Glucose, L-Arabinose, Maltose","퀴논: MK-8(H2) / 주요 지방산: C17 : 1ω8c, iso-C16 : 0 / DNA G+C 비율(%): 71.9 mol% / 기타 세포성분: diphosphatidylglycerol, phosphatidylglycerol, phosphatidylcholine, phosphatidylinositol","catalase, hydrolysis of Tween 80 and skimmed milk, nitrate reduction, alkaline phosphatase",,,,,정명,"Nocardioides alpinus Zhang et al., 2012"
국립해양생물자원관_해양생물종정보 서비스,https://www.data.go.kr/data/15094770/openapi.do,,marine_life_species,Nocardioides endophyticus,세균계; Actinomycetota; Actinomycetes; Propionibacteriales; Nocardioidaceae,,,,,"의미: 식물 내의 내 피질 / 분리원: 식물 뿌리 / 분포: 대전 / 보존기관 정보: KCTC, JCM","해양생물의 생김새, 서식지, 분포를 반영한 과학 동화 소재",국명·학명·서식지·분류체계를 활용한 관찰 질문과 퀴즈,5-7;8-10,해양생물종;Nocardioides;endophyticus;Nocardioidaceae,270000023654,Bacteria,세균계,Actinomycetota,,Actinomycetes,,Propionibacteriales,,Nocardioidaceae,,"Nocardioides endophyticus Han et al., 2013",Nocardioides endophyticus,,기타,"의미: 식물 내의 내 피질 / 분리원: 식물 뿌리 / 분포: 대전 / 보존기관 정보: KCTC, JCM","배양배지: R2A agar / 그람염색: 그람 양성 / 콜로니특징: 불규칙한 원형, 전체 여백, 볼록하고 배끄럽고 반짝임 / 세포형태: 간균 / 세포크기: 0.3-0.4 x 0.5-1.6 ㎛",,"온도(최적온도): 10-42(30 ℃) / 염도(최적염도): 0–10 % NaCl / Ph(최적pH): 6.0(6.0) / 산소요구도: 호기성 / 주요기질: Erythritol, D-Sorbose, L-Rhamnose, Dulcitol, Inositol, D-Mannitol, D-Fucose, Cellobiose, D-Arabitol,","퀴논: MK-8(H4) / 주요 지방산: iso-C16 : 0 and iso-C17 : 0 / DNA G+C 비율(%): 68.51 mol% / 기타 세포성분: PIM, PG, unidentified phospholipids and unidentified polar lipids.","catalse, oxidase, Trypsin, b-Galactosidase",,,,,정명,"Nocardioides endophyticus Han et al., 2013"
국립해양생물자원관_해양생물종정보 서비스,https://www.data.go.kr/data/15094770/openapi.do,,marine_life_species,Nocardioides furvisabuli,세균계; Actinomycetota; Actinomycetes; Propionibacteriales; Nocardioidaceae,,,,,"의미: 검은 색 모래의 furvisabuli / 분리원: 검은 모래 / 분포: 제주도 삼양 해수욕장 검은 모래 / 분리방법: 한천배지에서 14일간 30 ℃에서 배양후 ISP2 배지에서 60%천연해수로 보완하여 배양함 / 보존기관 정보: JCM, NRRL","해양생물의 생김새, 서식지, 분포를 반영한 과학 동화 소재",국명·학명·서식지·분류체계를 활용한 관찰 질문과 퀴즈,5-7;8-10,해양생물종;Nocardioides;furvisabuli;Nocardioidaceae,270000023656,Bacteria,세균계,Actinomycetota,,Actinomycetes,,Propionibacteriales,,Nocardioidaceae,,"Nocardioides furvisabuli Lee, 2007",Nocardioides furvisabuli,,기타,"의미: 검은 색 모래의 furvisabuli / 분리원: 검은 모래 / 분포: 제주도 삼양 해수욕장 검은 모래 / 분리방법: 한천배지에서 14일간 30 ℃에서 배양후 ISP2 배지에서 60%천연해수로 보완하여 배양함 / 보존기관 정보: JCM, NRRL","배양배지: NA and marine agar / 그람염색: 그람 양성 / 콜로니특징: 둥근, 부드러운, 볼록한, 노란색 colony / 세포형태: 간균 / 세포크기: 0.4-0.5 x 0.6-1.2 ㎛ / 편모나 섬모 여부: 편모",,"온도(최적온도): 4-37(30 ℃) / 염도(최적염도): 0–6 % / Ph(최적pH): 5.1-10.1 (7.1) / 산소요구도: 호기성 / 주요기질: Adonitol, L-Arabinose, Citrate, Formate, Glycerol, Inulin, Malate, D-Raffinose, D-Xylose","퀴논: MK-8(H4) / 주요 지방산: iso-C16 : 0 and C18 : 1ω9c (on YE/SWagar) or iso-Cω, Cω and Cω (on MA) / DNA G+C 비율(%): 69.1 mol%","catalse, Esterase lipase (C8) , Nitrate reduction, Hydrolysis of Starch",,,,,정명,"Nocardioides furvisabuli Lee, 2007"
국립해양생물자원관_해양생물종정보 서비스,https://www.data.go.kr/data/15094770/openapi.do,,marine_life_species,Nocardioides ganghwensis,세균계; Actinomycetota; Actinomycetes; Propionibacteriales; Nocardioidaceae,,,,,"의미: 강화도의 이름을 땀 / 분리원: 갯벌 / 분포: 강화도 갯벌에 분포 / 분리방법: 30℃에서 해양 한천배지에 배양 / 보존기관 정보: IMSNU, KCTC, JCM","해양생물의 생김새, 서식지, 분포를 반영한 과학 동화 소재",국명·학명·서식지·분류체계를 활용한 관찰 질문과 퀴즈,5-7;8-10,해양생물종;Nocardioides;ganghwensis;Nocardioidaceae,270000023657,Bacteria,세균계,Actinomycetota,,Actinomycetes,,Propionibacteriales,,Nocardioidaceae,,"Nocardioides ganghwensis Yi & Chun, 2004",Nocardioides ganghwensis,,기타,"의미: 강화도의 이름을 땀 / 분리원: 갯벌 / 분포: 강화도 갯벌에 분포 / 분리방법: 30℃에서 해양 한천배지에 배양 / 보존기관 정보: IMSNU, KCTC, JCM","배양배지: MA / 그람염색: 그람 양성 / 콜로니특징: 아이보리색, 원형, 불투명, 볼록하며 반짝임 / 세포형태: 간균 / 세포크기: 0.9-4.5 x 0.4-0.5 ㎛",,"온도(최적온도): 10-40℃(30 ℃) / 염도(최적염도): 0–8 %(0-1%) / Ph(최적pH): 6.0-10.0 (7.0) / 산소요구도: 절대호기성 / 주요기질: Citrate, D-Cellobiose, D-Fructose, D-Galactose, D-Glucose, D-Mannitol, D-Mannose, D-Raffinose, D-Ribose, D-Salicin, D-Xylose, Glycerol, Lactose",퀴논: MK-8(H4) / 주요 지방산: i-16 : 0 (30.4 %) and 17 : 1ω8c (25.7 %) / DNA G+C 비율(%): 72.1 mol%,"b-Galactosidase, Nitrate reduction, catalse, Alkaline phosphatase, Valine arylamidase, a-Galactosidase, b-Galactosidase , a-Glucosidase,",,,,,정명,"Nocardioides ganghwensis Yi & Chun, 2004"
국립해양생물자원관_해양생물종정보 서비스,https://www.data.go.kr/data/15094770/openapi.do,,marine_life_species,Nocardioides hankookensis,세균계; Actinomycetota; Actinomycetes; Propionibacteriales; Nocardioidaceae,,,,,"의미: 한국으로 부터 분리 되어 한국이라는 이름으로 유래 / 분리원: 한국의 독도에서 토양에서 부터 분리 / 분포: 독도 토양 / 분리방법: R2A agar에서 7일간 배양 / 보존기관 정보: KCTC, CCUG","해양생물의 생김새, 서식지, 분포를 반영한 과학 동화 소재",국명·학명·서식지·분류체계를 활용한 관찰 질문과 퀴즈,5-7;8-10,해양생물종;Nocardioides;hankookensis;Nocardioidaceae,270000023659,Bacteria,세균계,Actinomycetota,,Actinomycetes,,Propionibacteriales,,Nocardioidaceae,,"Nocardioides hankookensis Yoon et al., 2008",Nocardioides hankookensis,,기타,"의미: 한국으로 부터 분리 되어 한국이라는 이름으로 유래 / 분리원: 한국의 독도에서 토양에서 부터 분리 / 분포: 독도 토양 / 분리방법: R2A agar에서 7일간 배양 / 보존기관 정보: KCTC, CCUG","배양배지: R2A agar / 그람염색: 그람음성 / 콜로니특징: 볼록하고 매끄럽고 반짝임, 배양 7일후 흰색 / 세포형태: 비운동성, 간균",,"온도(최적온도): 10 and 34℃ (but not at 4 or 35℃) / 염도(최적염도): 0–2% (optimum at 0–0.5%) (w/v) NaCl / Ph(최적pH): 6.0–7.0 (5.5 and 8.0, but not at pH 5.0 or 8.5) / 산소요구도: 호기성","퀴논: MK-8 / 주요 지방산: iso-C16 : 0, C17 : 1ω8c and C18 : 1 ω9c",,,,,,정명,"Nocardioides hankookensis Yoon et al., 2008"
국립해양생물자원관_해양생물종정보 서비스,https://www.data.go.kr/data/15094770/openapi.do,,marine_life_species,Nocardioides hwasunensis,세균계; Actinomycetota; Actinomycetes; Propionibacteriales; Nocardioidaceae,,,,,"의미: 제주도 화순해변에서 유래 / 분리원: 제주도 화순 해변에서 격리 / 분포: 제주도 화순 해변 / 보존기관 정보: KCTC, DSM","해양생물의 생김새, 서식지, 분포를 반영한 과학 동화 소재",국명·학명·서식지·분류체계를 활용한 관찰 질문과 퀴즈,5-7;8-10,해양생물종;Nocardioides;hwasunensis;Nocardioidaceae,270000023660,Bacteria,세균계,Actinomycetota,,Actinomycetes,,Propionibacteriales,,Nocardioidaceae,,"Nocardioides hwasunensis Lee et al., 2008",Nocardioides hwasunensis,,기타,"의미: 제주도 화순해변에서 유래 / 분리원: 제주도 화순 해변에서 격리 / 분포: 제주도 화순 해변 / 보존기관 정보: KCTC, DSM","배양배지: TSA, MA / 그람염색: 그람 양성 / 콜로니특징: 불투명하고 매끄럽고 볼록하며 원형 / 세포크기: 0.4–0.7 µm wide and 1.0–1.7 µm long / 편모나 섬모 여부: 편모",,"온도(최적온도): 4–37℃ (with good growth at 30℃. No growth is observed at 42℃) / 염도(최적염도): 4% (w/v) NaCl (not at 5% (w/v) NaCl) / Ph(최적pH): 5.1–9.1 / 산소요구도: 호기성 / 주요기질: diphosphatidylglycerol, phosphatidylinositol, phosphatidylglycerol","퀴논: MK-8 / 주요 지방산: iso-C16 : 0 (27.8–30.0 %) / 기타 세포성분: esterase (C4), acid phosphatase and a-glucosidase.","catalase, oxidase",,,,,정명,"Nocardioides hwasunensis Lee et al., 2008"
국립해양생물자원관_해양생물종정보 서비스,https://www.data.go.kr/data/15094770/openapi.do,,marine_life_species,Nocardioides insulae,세균계; Actinomycetota; Actinomycetes; Propionibacteriales; Nocardioidaceae,,,,,"의미: insulae 섬에서 유래 / 분리원: insulae 섬 격리 / 분포: insulae의 토양 / 분리방법: NA를 30℃로 7일간 배양 / 보존기관 정보: KCTC, DSM","해양생물의 생김새, 서식지, 분포를 반영한 과학 동화 소재",국명·학명·서식지·분류체계를 활용한 관찰 질문과 퀴즈,5-7;8-10,해양생물종;Nocardioides;insulae;Nocardioidaceae,270000023661,Bacteria,세균계,Actinomycetota,,Actinomycetes,,Propionibacteriales,,Nocardioidaceae,,"Nocardioides insulae Yoon et al., 2007",Nocardioides insulae,,기타,"의미: insulae 섬에서 유래 / 분리원: insulae 섬 격리 / 분포: insulae의 토양 / 분리방법: NA를 30℃로 7일간 배양 / 보존기관 정보: KCTC, DSM","배양배지: NA / 그람염색: 그람양성 / 콜로니특징: 원형, 매끄럽고 볼록하며 상아색이며 직경은 1.0-1.5mm / 세포형태: 간균, coccus / 세포크기: 0.6–1.0 x 1.0–6.0 µm / 편모나 섬모 여부: 없음",,"온도(최적온도): 10 and 34 ℃ (but not at 4 or 35℃) / 염도(최적염도): 0–3% (w/v) NaCl (optimum in the absence of NaCl) / Ph(최적pH): 6.5, 8.0 (not at pH 6.0) / 산소요구도: 호기성",퀴논: MK-8 / 주요 지방산: iso-C16 : 0,Oxidase,,,,,정명,"Nocardioides insulae Yoon et al., 2007"
국립해양생물자원관_해양생물종정보 서비스,https://www.data.go.kr/data/15094770/openapi.do,,marine_life_species,Nocardioides kribbensis,세균계; Actinomycetota; Actinomycetes; Propionibacteriales; Nocardioidaceae,,,,,"의미: Nocardioides에서 유래 / 분리원: 한국 alkaline soil에서 격리 / 분리방법: 26번 희석 된 NA (pH 9.0)에서 6 일 동안 배양 / 보존기관 정보: KCTC, DSM","해양생물의 생김새, 서식지, 분포를 반영한 과학 동화 소재",국명·학명·서식지·분류체계를 활용한 관찰 질문과 퀴즈,5-7;8-10,해양생물종;Nocardioides;kribbensis;Nocardioidaceae,270000023663,Bacteria,세균계,Actinomycetota,,Actinomycetes,,Propionibacteriales,,Nocardioidaceae,,"Nocardioides kribbensis Yoon et al., 2005",Nocardioides kribbensis,,기타,"의미: Nocardioides에서 유래 / 분리원: 한국 alkaline soil에서 격리 / 분리방법: 26번 희석 된 NA (pH 9.0)에서 6 일 동안 배양 / 보존기관 정보: KCTC, DSM","배양배지: NA / 그람염색: 그람양성 / 콜로니특징: 원형, 매끄럽고 반짝이며 볼록하고 직경 1.1-1.5mm에 크림색 / 세포형태: 간균, coccus / 세포크기: 0.8–1.0 x 1.5–2.0 µm / 편모나 섬모 여부: 편모",,"온도(최적온도): 4 and 35℃ (but not at 36℃) / 염도(최적염도): 0–3% (w/v) NaCl / Ph(최적pH): 6.0, 9.0, 11.0 (not at pH 5.5) / 산소요구도: 호기성","퀴논: MK-8 / 주요 지방산: iso-C16 : 0 / DNA G+C 비율(%): 73–74 mol% / 기타 세포성분: Tweens 20, 40 and 60 are hydrolysed. Dsorbitol",Oxidase,,,,,정명,"Nocardioides kribbensis Yoon et al., 2005"
국립해양생물자원관_해양생물종정보 서비스,https://www.data.go.kr/data/15094770/openapi.do,,marine_life_species,Nocardioides panacihumi,세균계; Actinomycetota; Actinomycetes; Propionibacteriales; Nocardioidaceae,,,,,"의미: 한국 포천의 인삼 밭의 토양에서 유래 / 분리원: 한국 포천의 인삼 밭의 토양에서 격리 / 분포: 한국 포천 / 분리방법: R2A에서 3일간 배양 / 보존기관 정보: KCTC, DSM","해양생물의 생김새, 서식지, 분포를 반영한 과학 동화 소재",국명·학명·서식지·분류체계를 활용한 관찰 질문과 퀴즈,5-7;8-10,해양생물종;Nocardioides;panacihumi;Nocardioidaceae,270000023665,Bacteria,세균계,Actinomycetota,,Actinomycetes,,Propionibacteriales,,Nocardioidaceae,,"Nocardioides panacihumi An et al., 2007",Nocardioides panacihumi,,기타,"의미: 한국 포천의 인삼 밭의 토양에서 유래 / 분리원: 한국 포천의 인삼 밭의 토양에서 격리 / 분포: 한국 포천 / 분리방법: R2A에서 3일간 배양 / 보존기관 정보: KCTC, DSM","배양배지: R2A / 그람염색: 그람 양성 / 콜로니특징: 부드럽고 원형, 볼록하며 불투명한 흰색 / 세포형태: 간균, coccus / 세포크기: 0.3–0.5 µm in diameter 0.7–1.2 µm long / 편모나 섬모 여부: 없음",,온도(최적온도): 15–30 ℃ / 염도(최적염도): 0–1% (w/v) NaCl / Ph(최적pH): pH 5.0–8.0 / 산소요구도: 절대 호기성,퀴논: MK-8 / 주요 지방산: iso-C16 : 0 / DNA G+C 비율(%): 73 mol%,"Catalase, oxidase",,,,,정명,"Nocardioides panacihumi An et al., 2007"
국립해양생물자원관_해양생물종정보 서비스,https://www.data.go.kr/data/15094770/openapi.do,,marine_life_species,Nocardioides salarius,세균계; Actinomycetota; Actinomycetes; Propionibacteriales; Nocardioidaceae,,,,,"의미: 해수에서 분리하는 염에서 유래 / 분리원: 플랑크톤이 풍부한 해수에서 격리 / 분포: 플랑크톤이 풍부한 해수 / 분리방법: MA에 배양 / 보존기관 정보: KCCM, DSM","해양생물의 생김새, 서식지, 분포를 반영한 과학 동화 소재",국명·학명·서식지·분류체계를 활용한 관찰 질문과 퀴즈,5-7;8-10,해양생물종;Nocardioides;salarius;Nocardioidaceae,270000023666,Bacteria,세균계,Actinomycetota,,Actinomycetes,,Propionibacteriales,,Nocardioidaceae,,"Nocardioides salarius Kim et al., 2008",Nocardioides salarius,,기타,"의미: 해수에서 분리하는 염에서 유래 / 분리원: 플랑크톤이 풍부한 해수에서 격리 / 분포: 플랑크톤이 풍부한 해수 / 분리방법: MA에 배양 / 보존기관 정보: KCCM, DSM","배양배지: MA / 그람염색: 그람양성 / 콜로니특징: 흰색, 부드럽고 원형, 볼록함 / 세포형태: 간균 / 세포크기: 0.6–1.6 µm long and 0.3–0.6 µm wide / 편모나 섬모 여부: 편모",,온도(최적온도): 10–35 ℃ (optimally at 25–30 ℃) / 염도(최적염도): 1–10% (w/v) (optimally at 3%) / Ph(최적pH): pH 6–10 (optimally at pH 6–7) / 산소요구도: 절대호기성,"퀴논: MK-8 / 주요 지방산: iso-C16 : 0 / DNA G+C 비율(%): 73.3 mol% / 기타 세포성분: Casein, starch,Tween 80 and L-tyrosine are hydrolysed",catalase,,,,,정명,"Nocardioides salarius Kim et al., 2008"
국립해양생물자원관_해양생물종정보 서비스,https://www.data.go.kr/data/15094770/openapi.do,,marine_life_species,Rhodococcus cerastii,세균계; Actinomycetota; Actinomycetes; Mycobacteriales; Nocardiaceae,,,,,"의미: Cerastium holosteoides에서 분리 된 Cerastium의 cerastii에서 유래 / 분리원: 독일의 Hainich-Duón 지역에서 Cerastium holosteoides의 잎에서 분리 / 분포: 독일의 Hainich-Duón / 분리방법: TSA를 28 ℃에 48시간 배양 / 보존기관 정보: LMG, CCM","해양생물의 생김새, 서식지, 분포를 반영한 과학 동화 소재",국명·학명·서식지·분류체계를 활용한 관찰 질문과 퀴즈,5-7;8-10,해양생물종;Rhodococcus;cerastii;Nocardiaceae,270000024819,Bacteria,세균계,Actinomycetota,,Actinomycetes,,Mycobacteriales,,Nocardiaceae,,"Rhodococcus cerastii Kämpfer et al., 2013",Rhodococcus cerastii,,기타,"의미: Cerastium holosteoides에서 분리 된 Cerastium의 cerastii에서 유래 / 분리원: 독일의 Hainich-Duón 지역에서 Cerastium holosteoides의 잎에서 분리 / 분포: 독일의 Hainich-Duón / 분리방법: TSA를 28 ℃에 48시간 배양 / 보존기관 정보: LMG, CCM","배양배지: TSA / 그람염색: 그람양성 / 콜로니특징: 원형, 볼록하고 황색 / 세포형태: 간균 / 세포크기: 0.8–1.0 µm 2.0–3.0 µm / 편모나 섬모 여부: 없음",,"온도(최적온도): growth occurs at 15–50℃ (Optimal 30℃, but not at 5℃ and 55℃) / 염도(최적염도): 1–6% (w/v) NaCl (optimum 2–3 %) / Ph(최적pH): growth occurs at pH 6.5–10.5 (Optimal 7–8 ) / 산소요구도: 호기성 / 주요기질: diphosphatidylglycerol, phosphatidylethanolamine, traces of phosphatidylglycerol, phosphatidylinositol, phosphatidylinositol mannoside, two unknown phospholipids, one unknown glycolipid.","퀴논: MK-8, MK-9, MK-7
and MK-6(H2) / 주요 지방산: C16 : 0, C18 : 1 ω9c, 10-methyl C18 : 0",oxidase 음성,,,,,정명,"Rhodococcus cerastii Kämpfer et al., 2013"
국립해양생물자원관_해양생물종정보 서비스,https://www.data.go.kr/data/15094770/openapi.do,,marine_life_species,Rhodococcus cercidiphylli,세균계; Actinomycetota; Actinomycetes; Mycobacteriales; Nocardiaceae,,,,,"의미: Cercidiphyllum japonicum에서 유래 / 분리원: 중국 남서부 Yunnan province에 있는 C. japonicum의 잎에서 격리 / 분포: 중국 남서부 Yunnan province / 분리방법: TSA배지에서 배양 / 보존기관 정보: CCTCC AB, DSM","해양생물의 생김새, 서식지, 분포를 반영한 과학 동화 소재",국명·학명·서식지·분류체계를 활용한 관찰 질문과 퀴즈,5-7;8-10,해양생물종;Rhodococcus;cercidiphylli;Nocardiaceae,270000024820,Bacteria,세균계,Actinomycetota,,Actinomycetes,,Mycobacteriales,,Nocardiaceae,,"Rhodococcus cercidiphylli Li et al., 2008",Rhodococcus cercidiphylli,,기타,"의미: Cercidiphyllum japonicum에서 유래 / 분리원: 중국 남서부 Yunnan province에 있는 C. japonicum의 잎에서 격리 / 분포: 중국 남서부 Yunnan province / 분리방법: TSA배지에서 배양 / 보존기관 정보: CCTCC AB, DSM",배양배지: TSA / 그람염색: 그람양성 / 콜로니특징: 매끄럽고 불투명하며 주황색 / 세포형태: 간균 / 편모나 섬모 여부: 없음,,"온도(최적온도): 4–35 ℃ / 염도(최적염도): 0.07 / Ph(최적pH): 5.0–9.0 / 산소요구도: 호기성 / 주요기질: diphosphatidylglycerol, phosphatidylglycerol, phosphatidylinositol mannoside, phosphatidylethanolamine, phosphatidylinositol and one unknown phospholipid","퀴논: MK-8 / 주요 지방산: C14:0, C15:0, C16:0, C17:1 ω8c, 10-methyl C17:0, C18:1 ω9c, C18:0, 10-methyl C18:0, C19:0, iso-C15:02-OH/C16:1 ω7c, C19:1 ω9c/C19:1 ω11c / DNA G+C 비율(%): 67.2 mol%",catalase,,,,,정명,"Rhodococcus cercidiphylli Li et al., 2008"
국립해양생물자원관_해양생물종정보 서비스,https://www.data.go.kr/data/15094770/openapi.do,,marine_life_species,Rhodococcus defluvii,세균계; Actinomycetota; Actinomycetes; Mycobacteriales; Nocardiaceae,,,,,"의미: defluvii of sewage에서 유래 / 분리원: defluvii of sewage에서 격리 / 분포: defluvii of sewage / 분리방법: Tsagar에 배양 / 보존기관 정보: DSM, LMG","해양생물의 생김새, 서식지, 분포를 반영한 과학 동화 소재",국명·학명·서식지·분류체계를 활용한 관찰 질문과 퀴즈,5-7;8-10,해양생물종;Rhodococcus;defluvii;Nocardiaceae,270000026111,Bacteria,세균계,Actinomycetota,,Actinomycetes,,Mycobacteriales,,Nocardiaceae,,Rhodococcus defluvii,Rhodococcus defluvii,,기타,"의미: defluvii of sewage에서 유래 / 분리원: defluvii of sewage에서 격리 / 분포: defluvii of sewage / 분리방법: Tsagar에 배양 / 보존기관 정보: DSM, LMG","배양배지: TSA / 그람염색: 그람양성 / 콜로니특징: 원형, 볼록하며 황색 / 세포형태: 간균 / 세포크기: 0.8–1.0 µm x 2.0–3.0 µm / 편모나 섬모 여부: 없음",,"온도(최적온도): 15–50℃ (optimal 30℃, but not at 5℃ or 55℃) / Ph(최적pH): pH 6.5–10.5 (optimal pH 7–8) / 산소요구도: 절대호기성 / 주요기질: DPG, PE, PI, PIM","퀴논: MK-8, MK-7, MK-6 / 주요 지방산: C16 : 0, C18 : 1 ω9c, 10-methyl C18 : 0",,,,,,정명,Rhodococcus defluvii
국립해양생물자원관_해양생물종정보 서비스,https://www.data.go.kr/data/15094770/openapi.do,,marine_life_species,Rhodococcus kroppenstedtii,세균계; Actinomycetota; Actinomycetes; Mycobacteriales; Nocardiaceae,,,,,"의미: 독일의 생물학자에서 유래 / 분리원: India의 히말라야 한랭지사막 / 분포: India의 Himachal Pradesh Spiti Valley의 Kibber마을에서 해발4200m의 빙하아래 1~5피트 토양으로부터 격리 / 분리방법: TSA에 배양 / 보존기관 정보: MTCC, DSM, JCM","해양생물의 생김새, 서식지, 분포를 반영한 과학 동화 소재",국명·학명·서식지·분류체계를 활용한 관찰 질문과 퀴즈,5-7;8-10,해양생물종;Rhodococcus;kroppenstedtii;Nocardiaceae,270000024828,Bacteria,세균계,Actinomycetota,,Actinomycetes,,Mycobacteriales,,Nocardiaceae,,"Rhodococcus kroppenstedtii Mayilraj et al., 2006",Rhodococcus kroppenstedtii,,기타,"의미: 독일의 생물학자에서 유래 / 분리원: India의 히말라야 한랭지사막 / 분포: India의 Himachal Pradesh Spiti Valley의 Kibber마을에서 해발4200m의 빙하아래 1~5피트 토양으로부터 격리 / 분리방법: TSA에 배양 / 보존기관 정보: MTCC, DSM, JCM",배양배지: TSA / 그람염색: 그람양성 / 콜로니특징: 작고 매끄럽고반짝이며 볼록하고 주황색에 붉은 색소가 띔 / 세포형태: 간균,,"온도(최적온도): Temperature range for growth is 10–37 ℃ ( optimum 30 ℃, does not grow at 42 ℃) / 염도(최적염도): 9% NaCl 10% NaCl ( but not at 12% NaCl ) / Ph(최적pH): 5·0–11·0 (optimum growth at pH 8·0)","퀴논: MK-8 / 주요 지방산: C14 : 0, C16 : 0, C16 : 1ω7c, C17 : 1ω8c, C18 : 1ω9c / DNA G+C 비율(%): 69·7 mol%",Catalase,,,,,정명,"Rhodococcus kroppenstedtii Mayilraj et al., 2006"
국립해양생물자원관_해양생물종정보 서비스,https://www.data.go.kr/data/15094770/openapi.do,,marine_life_species,Rhodococcus qingshengii,세균계; Actinomycetota; Actinomycetes; Mycobacteriales; Nocardiaceae,,,,,"의미: 중국 Qing-Sheng에서 유래 / 분리원: 중국 Jiangsu 채소밭에서 얻은 carbendazim 오염 토양 샘플에서 격리 / 분포: 중국 Jiangsu / 분리방법: LB agar에 배양 / 보존기관 정보: CGMCC, KCTC","해양생물의 생김새, 서식지, 분포를 반영한 과학 동화 소재",국명·학명·서식지·분류체계를 활용한 관찰 질문과 퀴즈,5-7;8-10,해양생물종;Rhodococcus;qingshengii;Nocardiaceae,270000024830,Bacteria,세균계,Actinomycetota,,Actinomycetes,,Mycobacteriales,,Nocardiaceae,,"Rhodococcus qingshengii Xu et al., 2007",Rhodococcus qingshengii,,기타,"의미: 중국 Qing-Sheng에서 유래 / 분리원: 중국 Jiangsu 채소밭에서 얻은 carbendazim 오염 토양 샘플에서 격리 / 분포: 중국 Jiangsu / 분리방법: LB agar에 배양 / 보존기관 정보: CGMCC, KCTC","배양배지: LB / 그람염색: 그람양성 / 콜로니특징: 주황색, 불투명하고 볼록함 / 세포형태: 간균, 구균 / 편모나 섬모 여부: 없음",,"온도(최적온도): 30 ℃ / Ph(최적pH): pH 7.5–8.0 / 산소요구도: 호기성 / 주요기질: phosphatidylinositol, phosphatidylmethylethanolamine, diphosphatidylglycerol","퀴논: MK-8 / 주요 지방산: C14 : 0, iso-C15 : 0 2-OH, C16 : 0, C18 : 1ω9c, C18 : 0, 10-methyl C18 : 0, C19 : 0, C20 : 0 / DNA G+C 비율(%): 59.1 mol%",Catalase,,,,,이명,"Rhodococcus erythropolis (Gray & Thornton) Goodfellow & Alderson, 1977"
국립해양생물자원관_해양생물종정보 서비스,https://www.data.go.kr/data/15094770/openapi.do,,marine_life_species,Rhodococcus yunnanensis,세균계; Actinomycetota; Actinomycetes; Mycobacteriales; Nocardiaceae,,,,,"의미: 중국 남서부 Yunnan Province에서 유래 / 분리원: 중국 남서부 Yunnan Province에 있는 산림토양에서 격리 / 분포: 중국 남서부 Yunnan Province / 보존기관 정보: CCTCC AA, KCTC, DSM","해양생물의 생김새, 서식지, 분포를 반영한 과학 동화 소재",국명·학명·서식지·분류체계를 활용한 관찰 질문과 퀴즈,5-7;8-10,해양생물종;Rhodococcus;yunnanensis;Nocardiaceae,270000024834,Bacteria,세균계,Actinomycetota,,Actinomycetes,,Mycobacteriales,,Nocardiaceae,,"Rhodococcus yunnanensis Zhang et al., 2005",Rhodococcus yunnanensis,,기타,"의미: 중국 남서부 Yunnan Province에서 유래 / 분리원: 중국 남서부 Yunnan Province에 있는 산림토양에서 격리 / 분포: 중국 남서부 Yunnan Province / 보존기관 정보: CCTCC AA, KCTC, DSM","배양배지: ISP2, TSA / 그람염색: 그람양성 / 콜로니특징: 담황색,주황색이며 매끄럽고 불투명 / 세포형태: 간균, 구균 / 세포크기: 직경 0.5-1.0mm / 편모나 섬모 여부: 편모",,"온도(최적온도): 10–40 ℃ (optimum 28–30 ℃) / 염도(최적염도): 0–10 % / Ph(최적pH): 7.0–8.0 / 산소요구도: 호기성 / 주요기질: phosphatidylcholine, diphosphatidylglycerol, phosphatidylinositol mannoside","퀴논: MK-8 / 주요 지방산: C16 : 0, C18 : 1ω9c,10-methyl C18 : 0, C14 : 0, C19 : 0, C15 : 0, C17 : 1ω8c, C15 : 1ω5c, C20 : 4, 10-methyl C16 : 0, C20 : 0, C17 : 1ω5c / DNA G+C 비율(%): 63.5 mol%",catalase,,,,,정명,"Rhodococcus yunnanensis Zhang et al., 2005"
국립해양생물자원관_해양생물종정보 서비스,https://www.data.go.kr/data/15094770/openapi.do,,marine_life_species,Pseudarthrobacter scleromae,세균계; Actinomycetota; Actinomycetes; Micrococcales; Micrococcaceae,,,,,"분리원: 엉덩이의 붉은 부종 피부 경피 / 분포: swollen scleromata of a dematosis patient / 특성: 포자를 형성하지 않음 / 보존기관 정보: AS, AF","해양생물의 생김새, 서식지, 분포를 반영한 과학 동화 소재",국명·학명·서식지·분류체계를 활용한 관찰 질문과 퀴즈,5-7;8-10,해양생물종;Pseudarthrobacter;scleromae;Micrococcaceae,270000020485,Bacteria,세균계,Actinomycetota,,Actinomycetes,,Micrococcales,,Micrococcaceae,,"Pseudarthrobacter scleromae (Huang et al.) Busse, 2016",Pseudarthrobacter scleromae,,기타,"분리원: 엉덩이의 붉은 부종 피부 경피 / 분포: swollen scleromata of a dematosis patient / 특성: 포자를 형성하지 않음 / 보존기관 정보: AS, AF","배양배지: blood agar, nutrient agar / 그람염색: 양성 / 콜로니특징: 흰색, 볼록, 둥근 표면 / 세포형태: rod–coccus cycle / 세포크기: 0.25-0.35 ㎛ / 편모나 섬모 여부: 비운동성",,온도(최적온도): 15-37 / 염도(최적염도): 5 (10에서 자라지 않음) / Ph(최적pH): 6.0-9.0 / 산소요구도: 호기성,퀴논: MK-8 / 주요 지방산: anteiso-C15:0 / DNA G+C 비율(%): 64.7 mol%,catalase,,,,,정명,"Pseudarthrobacter scleromae (Huang et al.) Busse, 2016"
국립해양생물자원관_해양생물종정보 서비스,https://www.data.go.kr/data/15094770/openapi.do,,marine_life_species,Glutamicibacter soli,세균계; Actinomycetota; Actinomycetes; Micrococcales; Micrococcaceae,,,,,"의미: Soil 에서 유래 / 분리원: 대전 저수지 퇴적물로부터 분리 / 분포: 대전 저수지 퇴적물 / 분리방법: TSBA medium, 30℃ / 보존기관 정보: KCTC, DSM","해양생물의 생김새, 서식지, 분포를 반영한 과학 동화 소재",국명·학명·서식지·분류체계를 활용한 관찰 질문과 퀴즈,5-7;8-10,해양생물종;Glutamicibacter;soli;Micrococcaceae,270000019574,Bacteria,세균계,Actinomycetota,,Actinomycetes,,Micrococcales,,Micrococcaceae,,"Glutamicibacter soli (Roh et al.) Busse, 2016",Glutamicibacter soli,,기타,"의미: Soil 에서 유래 / 분리원: 대전 저수지 퇴적물로부터 분리 / 분포: 대전 저수지 퇴적물 / 분리방법: TSBA medium, 30℃ / 보존기관 정보: KCTC, DSM","배양배지: TSBA medium / 그람염색: 양성 / 콜로니특징: 황색, 원형 / 세포형태: 간균 / 세포크기: 0.9 x 2.0-3.0 ㎛",,"온도(최적온도): 16-40 / 염도(최적염도): 15% 이상에서는 성장하지 않음 / Ph(최적pH): (7) / 주요기질: L-arabinose, D-ribose, D-adonitol, D-galactose, D-glucose, D-fructose,","주요 지방산: anteiso-C15:0, anteiso-C17:0, iso-C16:0 / DNA G+C 비율(%): 62.0 mol%",oxidase,,,,,정명,"Glutamicibacter soli (Roh et al.) Busse, 2016"
국립해양생물자원관_해양생물종정보 서비스,https://www.data.go.kr/data/15094770/openapi.do,,marine_life_species,Brevibacterium celere,세균계; Actinomycetota; Actinomycetes; Micrococcales; Brevibacteriaceae,,,,,"의미: Nutrient media에서 빠른 성장을 보이는 것에서 유래 / 분리원: 갈색 조류 Fucus evanescens 에서 분리 / 분포: 갈색 조류 Fucus evanescens / 보존기관 정보: DSM, ATCC","해양생물의 생김새, 서식지, 분포를 반영한 과학 동화 소재",국명·학명·서식지·분류체계를 활용한 관찰 질문과 퀴즈,5-7;8-10,해양생물종;Brevibacterium;celere;Brevibacteriaceae,270000020874,Bacteria,세균계,Actinomycetota,,Actinomycetes,,Micrococcales,,Brevibacteriaceae,,"Brevibacterium celere Ivanova et al., 2004",Brevibacterium celere,,기타,"의미: Nutrient media에서 빠른 성장을 보이는 것에서 유래 / 분리원: 갈색 조류 Fucus evanescens 에서 분리 / 분포: 갈색 조류 Fucus evanescens / 보존기관 정보: DSM, ATCC","배양배지: marine agar (Difco) / 그람염색: 양성 / 콜로니특징: 원형, 황백색 / 세포형태: 간균 / 편모나 섬모 여부: 비운동성",,"온도(최적온도): 12-42 / 염도(최적염도): 0-15 / Ph(최적pH): 5-10(8.5-9.0) / 주요기질: maltose, sucrose, D-trehalose, turanose","주요 지방산: 15 : 0ai, 17 : 0ai / DNA G+C 비율(%): 61.4 mol%","catalase, oxidase",,,,,정명,"Brevibacterium celere Ivanova et al., 2004"
국립해양생물자원관_해양생물종정보 서비스,https://www.data.go.kr/data/15094770/openapi.do,,marine_life_species,Brevibacterium marinum,세균계; Actinomycetota; Actinomycetes; Micrococcales; Brevibacteriaceae,,,,,"의미: 바다를 뜻하는 marine에서 유래 / 분리원: 한국의 제주 화순 해수욕장 해수에서 분리 / 분포: 한국의 제주 화순 해수욕장 해수 / 분리방법: starch-casein agar / 보존기관 정보: JBRI, KCTC, DSM","해양생물의 생김새, 서식지, 분포를 반영한 과학 동화 소재",국명·학명·서식지·분류체계를 활용한 관찰 질문과 퀴즈,5-7;8-10,해양생물종;Brevibacterium;marinum;Brevibacteriaceae,270000020879,Bacteria,세균계,Actinomycetota,,Actinomycetes,,Micrococcales,,Brevibacteriaceae,,"Brevibacterium marinum Lee, 2008",Brevibacterium marinum,,기타,"의미: 바다를 뜻하는 marine에서 유래 / 분리원: 한국의 제주 화순 해수욕장 해수에서 분리 / 분포: 한국의 제주 화순 해수욕장 해수 / 분리방법: starch-casein agar / 보존기관 정보: JBRI, KCTC, DSM","배양배지: TSA, nutrient agar / 그람염색: 양성 / 콜로니특징: 원형, 암조건에서는 흰색, 빛 조건에서는 밝은 노란색 / 세포형태: 간균 / 세포크기: 0.6-0.9 x 1.5-2.4 / 편모나 섬모 여부: 비운동성",,"온도(최적온도): 10-30(30) / 염도(최적염도): 최대 10% / Ph(최적pH): 5.1-12.1 / 주요기질: D-glucose, maltose, D-ribose, sucrose, D-xylose, D-mannitol","퀴논: MK-8 / 주요 지방산: anteiso-C15 : 0, anteiso-C17 : 0, C18 : 0 / DNA G+C 비율(%): 71.4 mol%","catalase, urease",,,,,정명,"Brevibacterium marinum Lee, 2008"
국립해양생물자원관_해양생물종정보 서비스,https://www.data.go.kr/data/15094770/openapi.do,,marine_life_species,Brevibacterium picturae,세균계; Actinomycetota; Actinomycetes; Micrococcales; Brevibacteriaceae,,,,,"분리원: 미생물 성장에 의해 변색된 벽화에서 분리 / 분포: 미생물 성장에 의해 변색된 벽화 / 분리방법: R2A agar, 28℃ / 보존기관 정보: DSM","해양생물의 생김새, 서식지, 분포를 반영한 과학 동화 소재",국명·학명·서식지·분류체계를 활용한 관찰 질문과 퀴즈,5-7;8-10,해양생물종;Brevibacterium;picturae;Brevibacteriaceae,270000020881,Bacteria,세균계,Actinomycetota,,Actinomycetes,,Micrococcales,,Brevibacteriaceae,,"Brevibacterium picturae Heyrman et al., 2004",Brevibacterium picturae,,기타,"분리원: 미생물 성장에 의해 변색된 벽화에서 분리 / 분포: 미생물 성장에 의해 변색된 벽화 / 분리방법: R2A agar, 28℃ / 보존기관 정보: DSM","배양배지: NA / 그람염색: 양성 / 콜로니특징: 흰색, 원형 / 세포형태: 구균 또는 간균 / 세포크기: 1.0 x 1.5-4 / 편모나 섬모 여부: 비운동성",,"온도(최적온도): (20-30) / 염도(최적염도): 5,10,15%에서 양호한 성장 / Ph(최적pH): 6-9(7) / 산소요구도: 호기성 / 주요기질: glucose, maltose, lactose, sucrose","퀴논: MK-8 / 주요 지방산: anteiso-C15 : 0, anteiso-C17 : 0 / DNA G+C 비율(%): 63.3 mol%",Catalase,,,,,정명,"Brevibacterium picturae Heyrman et al., 2004"
국립해양생물자원관_해양생물종정보 서비스,https://www.data.go.kr/data/15094770/openapi.do,,marine_life_species,Brevibacterium samyangense,세균계; Actinomycetota; Actinomycetes; Micrococcales; Brevibacteriaceae,,,,,"의미: 한국, 제주 삼양 해수욕장의 삼양에서 유래 / 분리원: 한국의 제주도 삼양 해수욕장 퇴적물에서 분리 / 분포: 제주도 삼양 해수욕장 퇴적물 / 분리방법: SCSW agar, 30℃ / 보존기관 정보: NRRL, KCCM","해양생물의 생김새, 서식지, 분포를 반영한 과학 동화 소재",국명·학명·서식지·분류체계를 활용한 관찰 질문과 퀴즈,5-7;8-10,해양생물종;Brevibacterium;samyangense;Brevibacteriaceae,270000020882,Bacteria,세균계,Actinomycetota,,Actinomycetes,,Micrococcales,,Brevibacteriaceae,,"Brevibacterium samyangense Lee, 2006",Brevibacterium samyangense,,기타,"의미: 한국, 제주 삼양 해수욕장의 삼양에서 유래 / 분리원: 한국의 제주도 삼양 해수욕장 퇴적물에서 분리 / 분포: 제주도 삼양 해수욕장 퇴적물 / 분리방법: SCSW agar, 30℃ / 보존기관 정보: NRRL, KCCM","배양배지: YE-SW agar / 그람염색: 양성 / 콜로니특징: 밝은 노란색, 원형 / 세포형태: 구균",,"온도(최적온도): 10-45 / 염도(최적염도): NaCl tolerance, 0-5% good growth, 6–9% moderate growth / Ph(최적pH): 6.1-10.1 / 주요기질: L-arabinose, D-arabitol, arbutin, D-cellobiose, D-fructose, L-fucose, D-galactose","주요 지방산: anteiso-C17 : 0, anteiso-C15 : 0, iso-C15 : 0 / DNA G+C 비율(%): 70.7 mol%",catalase,,,,,정명,"Brevibacterium samyangense Lee, 2006"
국립해양생물자원관_해양생물종정보 서비스,https://www.data.go.kr/data/15094770/openapi.do,,marine_life_species,Brevibacterium siliguriense,세균계; Actinomycetota; Actinomycetes; Micrococcales; Brevibacteriaceae,,,,,"의미: Siliguri 마을의 물가 또는 물 샘플이 수집된 위치에서 유래 / 분리원: 인도, 서쪽 Bengal, Darjeeling 지구, Siliguri 마을의 Mahananda 강에서 분리 / 분포: 인도, 서쪽 Bengal, Darjeeling 지구, Siliguri 마을의 Mahananda 강 / 분리방법: diluted LB, 28℃ / 보존기관 정보: DSM, LMG","해양생물의 생김새, 서식지, 분포를 반영한 과학 동화 소재",국명·학명·서식지·분류체계를 활용한 관찰 질문과 퀴즈,5-7;8-10,해양생물종;Brevibacterium;siliguriense;Brevibacteriaceae,270000020884,Bacteria,세균계,Actinomycetota,,Actinomycetes,,Micrococcales,,Brevibacteriaceae,,"Brevibacterium siliguriense Kumar et al., 2013",Brevibacterium siliguriense,,기타,"의미: Siliguri 마을의 물가 또는 물 샘플이 수집된 위치에서 유래 / 분리원: 인도, 서쪽 Bengal, Darjeeling 지구, Siliguri 마을의 Mahananda 강에서 분리 / 분포: 인도, 서쪽 Bengal, Darjeeling 지구, Siliguri 마을의 Mahananda 강 / 분리방법: diluted LB, 28℃ / 보존기관 정보: DSM, LMG","배양배지: NB, TSB / 그람염색: 양성 / 콜로니특징: 회백색, 원형 / 세포형태: 간균 / 세포크기: 2.0±0.23 x 0.4±0.06 / 편모나 섬모 여부: 비운동성",,온도(최적온도): 20-37(28) / 염도(최적염도): 0-15(2) / Ph(최적pH): 5-12(7),"퀴논: MK-8 / 주요 지방산: anteiso-C15 : 0, anteiso-C17 : 0, iso-C15 : 0 / DNA G+C 비율(%): 64.6 mol% / 기타 세포성분: Phosphatidylglycerol, diphosphatidylglycerol",Catalase,,,,,정명,"Brevibacterium siliguriense Kumar et al., 2013"
국립해양생물자원관_해양생물종정보 서비스,https://www.data.go.kr/data/15094770/openapi.do,,marine_life_species,Cellulomonas composti,세균계; Actinomycetota; Actinomycetes; Micrococcales; Cellulomonadaceae,,,,,"의미: 퇴비에서 유래 / 분리원: 대전 근처 가축 농장에서 퇴비로부터 분리 / 분포: 가축 농장의 퇴비 / 분리방법: R2A agar (Difco), 30℃ / 보존기관 정보: KCTC, NBRC","해양생물의 생김새, 서식지, 분포를 반영한 과학 동화 소재",국명·학명·서식지·분류체계를 활용한 관찰 질문과 퀴즈,5-7;8-10,해양생물종;Cellulomonas;composti;Cellulomonadaceae,270000021050,Bacteria,세균계,Actinomycetota,,Actinomycetes,,Micrococcales,,Cellulomonadaceae,,"Cellulomonas composti Kang et al., 2007",Cellulomonas composti,,기타,"의미: 퇴비에서 유래 / 분리원: 대전 근처 가축 농장에서 퇴비로부터 분리 / 분포: 가축 농장의 퇴비 / 분리방법: R2A agar (Difco), 30℃ / 보존기관 정보: KCTC, NBRC","배양배지: R2A agar / 그람염색: 양성 / 콜로니특징: 원형, 노란색 / 세포형태: 간균 / 편모나 섬모 여부: 비운동성",,"온도(최적온도): (30) / Ph(최적pH): (6.8-7.5) / 산소요구도: 호기성, facultatively anaerobic / 주요기질: D-glucose, maltose, glycogen","퀴논: MK-9 / 주요 지방산: anteiso-C15 : 0, C16 : 0 / DNA G+C 비율(%): 73.7 mol%","amylase, cellulase, DNase",,,,,정명,"Cellulomonas composti Kang et al., 2007"
국립해양생물자원관_해양생물종정보 서비스,https://www.data.go.kr/data/15094770/openapi.do,,marine_life_species,Corynebacterium aurimucosum,세균계; Actinomycetota; Actinomycetes; Mycobacteriales; Corynebacteriaceae,,,,,"의미: Corynebacterium aurimucosum이 분비하는 분비물에서 유래 / 분리원: 사람 임상 표본 / 분포: 임상 실험실 / 특성: non-acid-fast, 포자를 형성하지 않음 / 보존기관 정보: DSM","해양생물의 생김새, 서식지, 분포를 반영한 과학 동화 소재",국명·학명·서식지·분류체계를 활용한 관찰 질문과 퀴즈,5-7;8-10,해양생물종;Corynebacterium;aurimucosum;Corynebacteriaceae,270000021497,Bacteria,세균계,Actinomycetota,,Actinomycetes,,Mycobacteriales,,Corynebacteriaceae,,"Corynebacterium aurimucosum Yassin et al., 2002",Corynebacterium aurimucosum,,기타,"의미: Corynebacterium aurimucosum이 분비하는 분비물에서 유래 / 분리원: 사람 임상 표본 / 분포: 임상 실험실 / 특성: non-acid-fast, 포자를 형성하지 않음 / 보존기관 정보: DSM","배양배지: 1% Tween 80이 함유된 BHI, 5% sheep blood가 포함된 Columbia blood agar, trypticase soy agar / 그람염색: 양성 / 콜로니특징: 약간 노란색 / 세포형태: 다형성의 coryneform / 편모나 섬모 여부: 비운동성",,"산소요구도: 약 혐기성 / 주요기질: pyrazinamidase, alkaline phosphatase, leucine arylamidade","퀴논: MK-9, MK-8 / 주요 지방산: tetradecanoate (1·15% of total fatty acids), hexadecenoate (0·94%), hexadecanoate (55·5%), octadecenoate (32·6%), octadecanoate (3·19%), tuberculostearic acid (10-metyl octadecanoate 6·52%) / DNA G+C 비율(%): 63.7 ± 0.3 mol%",catalse,,,,,정명,"Corynebacterium aurimucosum Yassin et al., 2002"
국립해양생물자원관_해양생물종정보 서비스,https://www.data.go.kr/data/15094770/openapi.do,,marine_life_species,Corynebacterium doosanense,세균계; Actinomycetota; Actinomycetes; Mycobacteriales; Corynebacteriaceae,,,,,"의미: 두산그룹의 이름을 따서 명명 / 분리원: 찌꺼기 / 분포: 영덕 폐수 처리장 / 분리방법: GYEA media, 30℃에서 3일 / 특성: 포자를 형성하지 않음 / 보존기관 정보: KCTC, CCUG","해양생물의 생김새, 서식지, 분포를 반영한 과학 동화 소재",국명·학명·서식지·분류체계를 활용한 관찰 질문과 퀴즈,5-7;8-10,해양생물종;Corynebacterium;doosanense;Corynebacteriaceae,270000021499,Bacteria,세균계,Actinomycetota,,Actinomycetes,,Mycobacteriales,,Corynebacteriaceae,,"Corynebacterium doosanense Lee et al., 2009",Corynebacterium doosanense,,기타,"의미: 두산그룹의 이름을 따서 명명 / 분리원: 찌꺼기 / 분포: 영덕 폐수 처리장 / 분리방법: GYEA media, 30℃에서 3일 / 특성: 포자를 형성하지 않음 / 보존기관 정보: KCTC, CCUG","배양배지: GEYA, sheep blood agar medium / 그람염색: 양성 / 콜로니특징: 노란색, 불투명 / 세포형태: irregular, club-shaped rods / 세포크기: 0.8-1.0 x 1.0-1.2 ㎛ / 편모나 섬모 여부: 비운동성",,"산소요구도: 호기성 / 주요기질: sodium pyruvate, pyrazinamidase, esterase lipase (C8), leucine arylamidase, naphthol-AS-BI phosphohydrolase","주요 지방산: C14:0 (0.3%), C16:1ω9c (1.1%), C16:0 (18.8%), C18:1ω9c(67.0%), C18:0 (9.9%) / DNA G+C 비율(%): 53.5 mol%","oxidase, catalase",,,,,정명,"Corynebacterium doosanense Lee et al., 2009"
국립해양생물자원관_해양생물종정보 서비스,https://www.data.go.kr/data/15094770/openapi.do,,marine_life_species,Corynebacterium marinum,세균계; Actinomycetota; Actinomycetes; Mycobacteriales; Corynebacteriaceae,,,,,"의미: 바다를 뜻하는 marine 에서 유래 / 분리원: 중국, Qingdao에 있는 석탄 발전소 근처 해안 퇴적물에서 분리 / 분포: 중국, Qingdao에 있는 석탄 발전소 근처 해안 퇴적물 / 분리방법: marine agar 2216E, 28℃ / 보존기관 정보: CGMCC, NRRL","해양생물의 생김새, 서식지, 분포를 반영한 과학 동화 소재",국명·학명·서식지·분류체계를 활용한 관찰 질문과 퀴즈,5-7;8-10,해양생물종;Corynebacterium;marinum;Corynebacteriaceae,270000021500,Bacteria,세균계,Actinomycetota,,Actinomycetes,,Mycobacteriales,,Corynebacteriaceae,,"Corynebacterium marinum Du et al., 2010",Corynebacterium marinum,,기타,"의미: 바다를 뜻하는 marine 에서 유래 / 분리원: 중국, Qingdao에 있는 석탄 발전소 근처 해안 퇴적물에서 분리 / 분포: 중국, Qingdao에 있는 석탄 발전소 근처 해안 퇴적물 / 분리방법: marine agar 2216E, 28℃ / 보존기관 정보: CGMCC, NRRL","배양배지: MA / 그람염색: 그람 양성 / 콜로니특징: 원형, 노란색, 직경 0.5-1.5 mm / 세포형태: diphtheroid rods / 편모나 섬모 여부: 비운동성",,"온도(최적온도): 4-37 / 염도(최적염도): 0-8 / 산소요구도: Facultatively anaerobic / 주요기질: glucose, maltose, sucrose, glycogen","주요 지방산: C18 : 1ω9c, C16 : 0, C16 : 1ω7c, C18 : 0, C14 : 0 / DNA G+C 비율(%): 65.0 mol%",catalase,,,,,정명,"Corynebacterium marinum Du et al., 2010"
국립해양생물자원관_해양생물종정보 서비스,https://www.data.go.kr/data/15094770/openapi.do,,marine_life_species,Cryobacterium arcticum,세균계; Actinomycetota; Actinomycetes; Micrococcales; Microbacteriaceae,,,,,"의미: 북극을 뜻하는 Arctic에서 유래 / 분리원: Greenland, Store Koldewey 토양 샘플에서 분리 / 분포: Greenland, Store Koldewey 토양 / 분리방법: half-diluted LB medium, 16℃ / 보존기관 정보: DSM, NCCB","해양생물의 생김새, 서식지, 분포를 반영한 과학 동화 소재",국명·학명·서식지·분류체계를 활용한 관찰 질문과 퀴즈,5-7;8-10,해양생물종;Cryobacterium;arcticum;Microbacteriaceae,270000021534,Bacteria,세균계,Actinomycetota,,Actinomycetes,,Micrococcales,,Microbacteriaceae,,"Cryobacterium arcticum Bajerski et al., 2011",Cryobacterium arcticum,,기타,"의미: 북극을 뜻하는 Arctic에서 유래 / 분리원: Greenland, Store Koldewey 토양 샘플에서 분리 / 분포: Greenland, Store Koldewey 토양 / 분리방법: half-diluted LB medium, 16℃ / 보존기관 정보: DSM, NCCB","배양배지: half-diluted LB medium / 그람염색: 양성 / 콜로니특징: 원형, 점성, 무광 밝은 노란색 / 세포형태: 간균 / 세포크기: 0.4-2.0 x 0.2-0.4 ㎛",,"온도(최적온도): -6-28(20) / 염도(최적염도): 0-3(0) / Ph(최적pH): 5.0-9.5(6.5-7.5) / 주요기질: D-galactose, glucose, maltose, D-mannitol, sucrose","퀴논: MK-10 / 주요 지방산: anteiso-C15 : 0, anteiso-C17 : 0 / DNA G+C 비율(%): 67.8 mol%",catalase,,,,,정명,"Cryobacterium arcticum Bajerski et al., 2011"
국립해양생물자원관_해양생물종정보 서비스,https://www.data.go.kr/data/15094770/openapi.do,,marine_life_species,Cryobacterium psychrotolerans,세균계; Actinomycetota; Actinomycetes; Micrococcales; Microbacteriaceae,,,,,"의미: 저온내성균을 뜻하는 psychrotolerant에서 유래 / 분리원: 토양 / 분포: 중국 xinjiang uygur / 분리방법: PYG medium, 20℃ / 특성: 저온내성균 / 보존기관 정보: CGMCC, JCM","해양생물의 생김새, 서식지, 분포를 반영한 과학 동화 소재",국명·학명·서식지·분류체계를 활용한 관찰 질문과 퀴즈,5-7;8-10,해양생물종;Cryobacterium;psychrotolerans;Microbacteriaceae,270000021536,Bacteria,세균계,Actinomycetota,,Actinomycetes,,Micrococcales,,Microbacteriaceae,,"Cryobacterium psychrotolerans Zhang et al., 2007",Cryobacterium psychrotolerans,,기타,"의미: 저온내성균을 뜻하는 psychrotolerant에서 유래 / 분리원: 토양 / 분포: 중국 xinjiang uygur / 분리방법: PYG medium, 20℃ / 특성: 저온내성균 / 보존기관 정보: CGMCC, JCM","배양배지: PYG / 그람염색: 양성 / 콜로니특징: 노란색, 원형 / 세포형태: irregular rods / 세포크기: 0.5-0.8 x 1.8-3.6 ㎛ / 편모나 섬모 여부: 운동성",,"온도(최적온도): 4-27(20-22) / 염도(최적염도): 0-4 / Ph(최적pH): 5.0-10.0 (6.0-7.0) / 산소요구도: 호기성 / 주요기질: glucose, maltose, sucrose, D-mannose, fructose, D-cellobiose, D-galactose, lactose, L-arabinose, xylose, glycerol, melezitose, ribose, salicin, inulin, glutamate, lactate, succinate, acetate","퀴논: MK-11, MK-12, MK-10 / 주요 지방산: anteiso-C15:0 (39.7%), anteiso-C17:0 (11.2%), iso-C14:0 (1.7%), iso-C17:0 (1.4%), C16:0 (0.9%) / DNA G+C 비율(%): 67 mol%",catalse,,,,,정명,"Cryobacterium psychrotolerans Zhang et al., 2007"
국립해양생물자원관_해양생물종정보 서비스,https://www.data.go.kr/data/15094770/openapi.do,,marine_life_species,Demequina globuliformis,세균계; Actinomycetota; Actinomycetes; Micrococcales; Demequinaceae,,,,,"의미: 소구체에서 유래 / 분리원: 모래 / 분포: 바다 모래 / 분리방법: 1/10 MA 2216 medium (Difco), 25℃, 30일 / 보존기관 정보: NBRC, KCTC, MBIC","해양생물의 생김새, 서식지, 분포를 반영한 과학 동화 소재",국명·학명·서식지·분류체계를 활용한 관찰 질문과 퀴즈,5-7;8-10,해양생물종;Demequina;globuliformis;Demequinaceae,270000021628,Bacteria,세균계,Actinomycetota,,Actinomycetes,,Micrococcales,,Demequinaceae,,"Demequina globuliformis Ue et al., 2011",Demequina globuliformis,,기타,"의미: 소구체에서 유래 / 분리원: 모래 / 분포: 바다 모래 / 분리방법: 1/10 MA 2216 medium (Difco), 25℃, 30일 / 보존기관 정보: NBRC, KCTC, MBIC",배양배지: LB / 그람염색: 양성 / 콜로니특징: 노란크림색 / 세포형태: 간균 / 세포크기: 0.5-1 x 0.5-1 ㎛ / 편모나 섬모 여부: 비운동성,,"온도(최적온도): 4-37(30) / Ph(최적pH): 5-11(7.5-8) / 산소요구도: 조건부 혐기성 / 주요기질: L-arabinose, D-mannose, D-xylose, D-glucose, Dfructose,
L-rhamnose","퀴논: DMK-9 / 주요 지방산: C14 : 0, C15 : 0, C16 : 0 / DNA G+C 비율(%): 67.3 mol% / 기타 세포성분: phosphatidylinositol, diphosphatidylglycerol, phosphatidylglycerol","oxidase, catalase",,,,,정명,"Demequina globuliformis Ue et al., 2011"
국립해양생물자원관_해양생물종정보 서비스,https://www.data.go.kr/data/15094770/openapi.do,,marine_life_species,Demequina lutea,세균계; Actinomycetota; Actinomycetes; Micrococcales; Demequinaceae,,,,,"의미: 노란색에서 유래 / 분리원: 영구 동토 토양 샘플 / 분포: 노르웨이 북부 Spitsbergen의 Adventdalen 계곡 / 분리방법: R2A agar (Difco), 15℃ / 보존기관 정보: LMG, DSM","해양생물의 생김새, 서식지, 분포를 반영한 과학 동화 소재",국명·학명·서식지·분류체계를 활용한 관찰 질문과 퀴즈,5-7;8-10,해양생물종;Demequina;lutea;Demequinaceae,270000021629,Bacteria,세균계,Actinomycetota,,Actinomycetes,,Micrococcales,,Demequinaceae,,"Demequina lutea Finster et al., 2009",Demequina lutea,,기타,"의미: 노란색에서 유래 / 분리원: 영구 동토 토양 샘플 / 분포: 노르웨이 북부 Spitsbergen의 Adventdalen 계곡 / 분리방법: R2A agar (Difco), 15℃ / 보존기관 정보: LMG, DSM","배양배지: R2A agar (Difco) / 그람염색: 양성 / 콜로니특징: 원형, 노란색 / 세포형태: 간균 / 세포크기: 0.5–0.7 x 1.5 ㎛ / 편모나 섬모 여부: 비운동성",,"온도(최적온도): 4-30(25-30) / 염도(최적염도): 0-2% / Ph(최적pH): 6-9(7) / 산소요구도: 호기성 / 주요기질: dextrin, glucose, sucrose, xylose","퀴논: DMK-9 / 주요 지방산: C15 : 0, iso-C16 : 0, anteiso-C15 : 0 / DNA G+C 비율(%): 66.2 mol%",catalase,,,,,정명,"Demequina lutea Finster et al., 2009"
국립해양생물자원관_해양생물종정보 서비스,https://www.data.go.kr/data/15094770/openapi.do,,marine_life_species,Demequina salsinemoris,세균계; Actinomycetota; Actinomycetes; Micrococcales; Demequinaceae,,,,,"의미: 소금에 절인 나무에서 유래 / 분리원: 맹그로브 토양 / 분포: 일본의 남부 섬 / 분리방법: GPM plates (1% glucose, 0.5% peptone, 0.5%, meat extract, 0.3% NaCl, 1.2% agar; pH 7.0), 27℃ / 보존기관 정보: DSM, NBRC","해양생물의 생김새, 서식지, 분포를 반영한 과학 동화 소재",국명·학명·서식지·분류체계를 활용한 관찰 질문과 퀴즈,5-7;8-10,해양생물종;Demequina;salsinemoris;Demequinaceae,270000021630,Bacteria,세균계,Actinomycetota,,Actinomycetes,,Micrococcales,,Demequinaceae,,"Demequina salsinemoris Matsumoto et al., 2010",Demequina salsinemoris,,기타,"의미: 소금에 절인 나무에서 유래 / 분리원: 맹그로브 토양 / 분포: 일본의 남부 섬 / 분리방법: GPM plates (1% glucose, 0.5% peptone, 0.5%, meat extract, 0.3% NaCl, 1.2% agar; pH 7.0), 27℃ / 보존기관 정보: DSM, NBRC","배양배지: TSB agar, YD agar / 세포크기: 0.3-0.4 x 0.7-1.1 ㎛ / 편모나 섬모 여부: 비운동성",,"온도(최적온도): 12-34 / 염도(최적염도): 0-8 / Ph(최적pH): 5-9 / 주요기질: aesculin, amygdalin, L-arabinose, arbutin, cellobiose, D-fructose","퀴논: DMK-9 / 주요 지방산: anteiso-C15 : 0, anteiso-C17 : 0, C16 : 0 / DNA G+C 비율(%): 70–72 mol%",Catalase,,,,,정명,"Demequina salsinemoris Matsumoto et al., 2010"
국립해양생물자원관_해양생물종정보 서비스,https://www.data.go.kr/data/15094770/openapi.do,,marine_life_species,Dermacoccus abyssi,세균계; Actinomycetota; Actinomycetes; Micrococcales; Dermacoccaceae,,,,,"의미: 심연에서 유래 / 분리원: 퇴적물 / 분포: 10,898m 깊이의 마리아나 해구 Challenger Deep / 분리방법: raffinose-histidine agar plate / 특성: 압전 내성 / 보존기관 정보: DSM, NCIMB","해양생물의 생김새, 서식지, 분포를 반영한 과학 동화 소재",국명·학명·서식지·분류체계를 활용한 관찰 질문과 퀴즈,5-7;8-10,해양생물종;Dermacoccus;abyssi;Dermacoccaceae,270000021644,Bacteria,세균계,Actinomycetota,,Actinomycetes,,Micrococcales,,Dermacoccaceae,,"Dermacoccus abyssi Pathom-aree et al., 2006",Dermacoccus abyssi,,기타,"의미: 심연에서 유래 / 분리원: 퇴적물 / 분포: 10,898m 깊이의 마리아나 해구 Challenger Deep / 분리방법: raffinose-histidine agar plate / 특성: 압전 내성 / 보존기관 정보: DSM, NCIMB","배양배지: glucose-yeast extract agar / 콜로니특징: 크림색에서 옅은 노란색, 원형 / 세포형태: 구균 / 세포크기: 지름 0.8-1.5 ㎛ / 편모나 섬모 여부: 비운동성",,"온도(최적온도): 10-37(28) / 염도(최적염도): 7.5 / 주요기질: Casein, cellulose, hypoxanthine, starch","주요 지방산: iso-C15 : 0, iso-C16 : 0 / DNA G+C 비율(%): 65.2 mol% / 기타 세포성분: diphosphatidylglycerol, phosphatidylglycerol, phosphatidylinositol",,,,,,정명,"Dermacoccus abyssi Pathom-aree et al., 2006"
국립해양생물자원관_해양생물종정보 서비스,https://www.data.go.kr/data/15094770/openapi.do,,marine_life_species,Dietzia aerolata,세균계; Actinomycetota; Actinomycetes; Mycobacteriales; Dietziaceae,,,,,"의미: 공중에 떠다니는에서 유래 / 분리원: 공기 / 분포: 오리 헛간 / 분리방법: TSA / 보존기관 정보: DSM, CCM","해양생물의 생김새, 서식지, 분포를 반영한 과학 동화 소재",국명·학명·서식지·분류체계를 활용한 관찰 질문과 퀴즈,5-7;8-10,해양생물종;Dietzia;aerolata;Dietziaceae,270000021697,Bacteria,세균계,Actinomycetota,,Actinomycetes,,Mycobacteriales,,Dietziaceae,,"Dietzia aerolata Kämpfer et al., 2010",Dietzia aerolata,,기타,"의미: 공중에 떠다니는에서 유래 / 분리원: 공기 / 분포: 오리 헛간 / 분리방법: TSA / 보존기관 정보: DSM, CCM",배양배지: R2A agar / 그람염색: 양성 / 콜로니특징: 진한 오렌지색 / 세포형태: 구균 / 세포크기: 지름 1-1.5 ㎛,,"온도(최적온도): 10-30 / 주요기질: D-Glucose, D-mannose","퀴논: MK-8 / 주요 지방산: C16 : 0, C17 : 0, C18 : 1ω9c, 10-methyl C18 : 0 / 기타 세포성분: diphosphatidylglycerol, phosphatidylglycerol","oxidase, catalase",,,,,정명,"Dietzia aerolata Kämpfer et al., 2010"
국립해양생물자원관_해양생물종정보 서비스,https://www.data.go.kr/data/15094770/openapi.do,,marine_life_species,Dietzia cinnamea,세균계; Actinomycetota; Actinomycetes; Mycobacteriales; Dietziaceae,,,,,"의미: 세포 바이오매스의 색상을 나타내는 계피에서 유래 / 분리원: 골수 면봉 / 분포: 골수 이식을 받은 환자 / 분리방법: Columbia agar / 보존기관 정보: DSM, CCUG","해양생물의 생김새, 서식지, 분포를 반영한 과학 동화 소재",국명·학명·서식지·분류체계를 활용한 관찰 질문과 퀴즈,5-7;8-10,해양생물종;Dietzia;cinnamea;Dietziaceae,270000021698,Bacteria,세균계,Actinomycetota,,Actinomycetes,,Mycobacteriales,,Dietziaceae,,"Dietzia cinnamea Yassin et al., 2006",Dietzia cinnamea,,기타,"의미: 세포 바이오매스의 색상을 나타내는 계피에서 유래 / 분리원: 골수 면봉 / 분포: 골수 이식을 받은 환자 / 분리방법: Columbia agar / 보존기관 정보: DSM, CCUG",배양배지: sheep blood 5%를 첨가한 Columbia agar / 그람염색: 양성 / 콜로니특징: 노란색 / 세포형태: 간균,,"온도(최적온도): 22-45 / 산소요구도: 호기성 / 주요기질: acetate, D-glucose, maltose","퀴논: MK-8 / 주요 지방산: C14 : 0, C15 : 0, C16 : 0, C17 : 0, C18 : 1 / DNA G+C 비율(%): 72.3±0.4 mol%",catalase,,,,,이명,"Dietzia maris (Nesterenko et al.) Rainey et al., 1995"
국립해양생물자원관_해양생물종정보 서비스,https://www.data.go.kr/data/15094770/openapi.do,,marine_life_species,Isoptericola chiayiensis,세균계; Actinomycetota; Actinomycetes; Micrococcales; Promicromonosporaceae,,,,,"분리원: 대만의 Chiayi 카운티에서 수집 한 mangrove soil sample에서 분리 / 분포: mangrove soil sample / 분리방법: 희석평판법으로 HVA배지에 배양 / 특성: substrate mycelia는 생성하지만 aerial mycelia는 생성하지 않음 / 보존기관 정보: BCRC, KCTC","해양생물의 생김새, 서식지, 분포를 반영한 과학 동화 소재",국명·학명·서식지·분류체계를 활용한 관찰 질문과 퀴즈,5-7;8-10,해양생물종;Isoptericola;chiayiensis;Promicromonosporaceae,270000022649,Bacteria,세균계,Actinomycetota,,Actinomycetes,,Micrococcales,,Promicromonosporaceae,,"Isoptericola chiayiensis Tseng et al., 2011",Isoptericola chiayiensis,,기타,"분리원: 대만의 Chiayi 카운티에서 수집 한 mangrove soil sample에서 분리 / 분포: mangrove soil sample / 분리방법: 희석평판법으로 HVA배지에 배양 / 특성: substrate mycelia는 생성하지만 aerial mycelia는 생성하지 않음 / 보존기관 정보: BCRC, KCTC","배양배지: HVA / 그람염색: 양성 / 콜로니특징: orange–yellow, / 세포형태: rods and cocci / 세포크기: 직경 0.2 ㎛ / 편모나 섬모 여부: 비운동성",,"온도(최적온도): 15-40 (30) / 염도(최적염도): NaCl tolerance 12% / 산소요구도: 호기성 / 주요기질: cellobiose, fructose, glucose, mannitol, rhamnose, sucrose and xylose","퀴논: MK-9 / 주요 지방산: iso-C16:0, C16:0, C17:0, 10-methyl C17:0 / DNA G+C 비율(%): 72.8mol% / 기타 세포성분: two unknown phosphoglycolipids","adenine, aesculin, hippurate and starch hydrolysis, milk peptonization",,,,,정명,"Isoptericola chiayiensis Tseng et al., 2011"
국립해양생물자원관_해양생물종정보 서비스,https://www.data.go.kr/data/15094770/openapi.do,,marine_life_species,Isoptericola dokdonensis,세균계; Actinomycetota; Actinomycetes; Micrococcales; Promicromonosporaceae,,,,,"분리원: 한국 독도의 토양 시료에서 분리 / 분포: 독도 토양 / 보존기관 정보: KCTC, CIP","해양생물의 생김새, 서식지, 분포를 반영한 과학 동화 소재",국명·학명·서식지·분류체계를 활용한 관찰 질문과 퀴즈,5-7;8-10,해양생물종;Isoptericola;dokdonensis;Promicromonosporaceae,270000022650,Bacteria,세균계,Actinomycetota,,Actinomycetes,,Micrococcales,,Promicromonosporaceae,,"Isoptericola dokdonensis Yoon et al., 2006",Isoptericola dokdonensis,,기타,"분리원: 한국 독도의 토양 시료에서 분리 / 분포: 독도 토양 / 보존기관 정보: KCTC, CIP","배양배지: TSA / 그람염색: 양성 / 콜로니특징: 둥근, 볼록한, 부드러운, 노란색 / 세포형태: 간균 또는 구균 / 세포크기: 1.8-1.1 x 0.8-4.5 ㎛ / 편모나 섬모 여부: 비운동성",,"온도(최적온도): 4-45(30) / 염도(최적염도): 1.0-10.0 / Ph(최적pH): 4.5-10.5(7-8) / 산소요구도: 혐기성 / 주요기질: D-Trehalose, Sucrose, Maltose","퀴논: MK-9 / 주요 지방산: C15:0, iso-C15:0 / DNA G+C 비율(%): 74.1mol% / 기타 세포성분: diphosphatidylglycerol, phosphatidylglycerol, phosphatidylinosito","Catalase, oxidase, f casein, gelatin, hypoxanthine, starch, Tweens 20, 40, 60 and 80, tyrosine, urea, nitrate reduction",,,,,정명,"Isoptericola dokdonensis Yoon et al., 2006"
국립해양생물자원관_해양생물종정보 서비스,https://www.data.go.kr/data/15094770/openapi.do,,marine_life_species,Isoptericola halotolerans,세균계; Actinomycetota; Actinomycetes; Micrococcales; Promicromonosporaceae,,,,,"분리원: 중국 북서부 칭하이 성의 식염수 토양 샘플에서 분리 / 분포: 식염수 토양 / 보존기관 정보: DSM, KCTC","해양생물의 생김새, 서식지, 분포를 반영한 과학 동화 소재",국명·학명·서식지·분류체계를 활용한 관찰 질문과 퀴즈,5-7;8-10,해양생물종;Isoptericola;halotolerans;Promicromonosporaceae,270000022651,Bacteria,세균계,Actinomycetota,,Actinomycetes,,Micrococcales,,Promicromonosporaceae,,"Isoptericola halotolerans Zhang et al., 2005",Isoptericola halotolerans,,기타,"분리원: 중국 북서부 칭하이 성의 식염수 토양 샘플에서 분리 / 분포: 식염수 토양 / 보존기관 정보: DSM, KCTC","배양배지: TSA / 그람염색: 양성 / 콜로니특징: 담황색, 원형, 불투명 / 세포형태: 간균 또는 구균 / 편모나 섬모 여부: 비운동성",,"온도(최적온도): 4-45(28-377) / 염도(최적염도): 10 % NaCl / Ph(최적pH): 6-10(8-9) / 산소요구도: 호기성 / 주요기질: glucose, ribose, arabinose, maltose, cellobiose, trehalose, sorbitol, lactose, xylose and dextrin","퀴논: MK-9 / 주요 지방산: ai-C15:0, C16:0 / DNA G+C 비율(%): 72.8mol% / 기타 세포성분: phosphatidylinositol, phosphatidylglycerol and iphosphatidylglycerol",nitrate reduction,,,,,정명,"Isoptericola halotolerans Zhang et al., 2005"
국립해양생물자원관_해양생물종정보 서비스,https://www.data.go.kr/data/15094770/openapi.do,,marine_life_species,Isoptericola jiangsuensis,세균계; Actinomycetota; Actinomycetes; Micrococcales; Promicromonosporaceae,,,,,"분리원: 중국 강소성 연운항에서 해변 모래에서 분리 / 분포: 연운항 해변 모래 / 보존기관 정보: DSM, CCTCC","해양생물의 생김새, 서식지, 분포를 반영한 과학 동화 소재",국명·학명·서식지·분류체계를 활용한 관찰 질문과 퀴즈,5-7;8-10,해양생물종;Isoptericola;jiangsuensis;Promicromonosporaceae,270000022652,Bacteria,세균계,Actinomycetota,,Actinomycetes,,Micrococcales,,Promicromonosporaceae,,"Isoptericola jiangsuensis Wu et al., 2010",Isoptericola jiangsuensis,,기타,"분리원: 중국 강소성 연운항에서 해변 모래에서 분리 / 분포: 연운항 해변 모래 / 보존기관 정보: DSM, CCTCC","배양배지: TSA / 그람염색: 양성 / 콜로니특징: 주황색, 원형, 볼록, / 세포형태: 간균 또는 구균 / 편모나 섬모 여부: 비운동성",,"온도(최적온도): 10-42(30) / 염도(최적염도): 1-10(2) / Ph(최적pH): 5-10.5(7) / 산소요구도: 호기성 / 주요기질: Turanose, Inulin, Gluconate","주요 지방산: anteiso-C15:0 / DNA G+C 비율(%): 70.3 mol% / 기타 세포성분: diphosphatidylglycerol, phosphatidylglycerol, phospholipid, phosphatidylinosito","Gelatin,",,,,,정명,"Isoptericola jiangsuensis Wu et al., 2010"
국립해양생물자원관_해양생물종정보 서비스,https://www.data.go.kr/data/15094770/openapi.do,,marine_life_species,Isoptericola nanjingensis,세균계; Actinomycetota; Actinomycetes; Micrococcales; Promicromonosporaceae,,,,,"분리원: 중국 장수성 난징의 토양 샘플로부터 분리 / 분포: 난징의 토양 / 보존기관 정보: DSM, CCTCC","해양생물의 생김새, 서식지, 분포를 반영한 과학 동화 소재",국명·학명·서식지·분류체계를 활용한 관찰 질문과 퀴즈,5-7;8-10,해양생물종;Isoptericola;nanjingensis;Promicromonosporaceae,270000022653,Bacteria,세균계,Actinomycetota,,Actinomycetes,,Micrococcales,,Promicromonosporaceae,,"Isoptericola nanjingensis Huang et al., 2012",Isoptericola nanjingensis,,기타,"분리원: 중국 장수성 난징의 토양 샘플로부터 분리 / 분포: 난징의 토양 / 보존기관 정보: DSM, CCTCC","배양배지: TSA / 그람염색: 양성 / 콜로니특징: 노란색, 매끄러운 표면, 직경1-2mm / 세포형태: 간균 또는 구균 / 편모나 섬모 여부: 비운동성",,"온도(최적온도): 10-37(30) / 염도(최적염도): 0.5-10(3) / Ph(최적pH): 5.5-10(7) / 산소요구도: 호기성 / 주요기질: glycerol, L-arabinose, Dxylose, D-galactose, D-glucose, D-fructose, D-mannose, arbutin, salicin, cellobiose, maltose, sucrose, starch, glycogen","퀴논: MK9 / 주요 지방산: anteiso-C15:0 / DNA G+C 비율(%): 72.4 mol% / 기타 세포성분: diphosphatidylglycerol, phosphatidylglycerol, phospholipids, phosphatidylinositol, phosphoglycolipid","Hypoxanthine, Oxidase, catalase, Xanthine, Methyl red",,,,,정명,"Isoptericola nanjingensis Huang et al., 2012"
국립해양생물자원관_해양생물종정보 서비스,https://www.data.go.kr/data/15094770/openapi.do,,marine_life_species,Janibacter anophelis,세균계; Actinomycetota; Actinomycetes; Micrococcales; Intrasporangiaceae,,,,,"의미: Anopheles arabiensis 모기 에서 분리됨 / 분리원: 케냐에서 잡은 모기의 중장에서 분리됨 / 보존기관: CCUG, CIP, JCM, AY837752","해양생물의 생김새, 서식지, 분포를 반영한 과학 동화 소재",국명·학명·서식지·분류체계를 활용한 관찰 질문과 퀴즈,5-7;8-10,해양생물종;Janibacter;anophelis;Intrasporangiaceae,270000022663,Bacteria,세균계,Actinomycetota,,Actinomycetes,,Micrococcales,,Intrasporangiaceae,,"Janibacter anophelis Kämpfer et al., 2006",Janibacter anophelis,,기타,"의미: Anopheles arabiensis 모기 에서 분리됨 / 분리원: 케냐에서 잡은 모기의 중장에서 분리됨 / 보존기관: CCUG, CIP, JCM, AY837752",배양배지: Nutrient agar / 그람염색: 양성 / 콜로니특징: 1mm이상의 콜로니 / 세포형태: 구균 / 세포크기: 1-1.5 μm / 편모나 섬모 여부: 없음,,"온도(최적온도): 20-40(35) / 주요기질: Acetate, D-Glucose, D-Gliconate, i-Inositol, D-Maltose, D-Mannose, Sucrose, D-Trehalose","주요 지방산: iso-C16:0 / 기타 세포성분: diphosphatidylglycerol, phosphatidylglycerol, phospholipids, phosphatidylinositol, phosphoglycolipid",catalase,,,,,정명,"Janibacter anophelis Kämpfer et al., 2006"
국립해양생물자원관_해양생물종정보 서비스,https://www.data.go.kr/data/15094770/openapi.do,,marine_life_species,Janibacter terrae,세균계; Actinomycetota; Actinomycetes; Micrococcales; Intrasporangiaceae,,,,,"분리원: 폐수 처리장 주변의 토양에서 분리 / 분포: 폐수 처리장 주변의 토양 / 보존기관 정보: KCCM, JCM","해양생물의 생김새, 서식지, 분포를 반영한 과학 동화 소재",국명·학명·서식지·분류체계를 활용한 관찰 질문과 퀴즈,5-7;8-10,해양생물종;Janibacter;terrae;Intrasporangiaceae,270000022666,Bacteria,세균계,Actinomycetota,,Actinomycetes,,Micrococcales,,Intrasporangiaceae,,"Janibacter terrae Yoon et al., 2000",Janibacter terrae,,기타,"분리원: 폐수 처리장 주변의 토양에서 분리 / 분포: 폐수 처리장 주변의 토양 / 보존기관 정보: KCCM, JCM","배양배지: TSA / 그람염색: 양성 / 콜로니특징: 원형, 불투명, 볼록, 미색 / 세포형태: 구균 / 편모나 섬모 여부: 비운동성",,온도(최적온도): (28-30) / Ph(최적pH): (7-8) / 산소요구도: 호기성,"퀴논: MK-8 / 주요 지방산: iso-C16:0 / DNA G+C 비율(%): 69mol% / 기타 세포성분: diphosphatidylglycerol, phosphatidylglycerol and phosphatidylinositol","Casein, Tween 80, Tyrosine, Oxidase, Catalase, Dnase",,,,,정명,"Janibacter terrae Yoon et al., 2000"
국립해양생물자원관_해양생물종정보 서비스,https://www.data.go.kr/data/15094770/openapi.do,,marine_life_species,Knoellia flava,세균계; Actinomycetota; Actinomycetes; Micrococcales; Intrasporangiaceae,,,,,분리원: 중국 우한의 돼지 분뇨에서 분리 / 분포: 돼지 분뇨 / 보존기관 정보: CGMCC. KCTC,"해양생물의 생김새, 서식지, 분포를 반영한 과학 동화 소재",국명·학명·서식지·분류체계를 활용한 관찰 질문과 퀴즈,5-7;8-10,해양생물종;Knoellia;flava;Intrasporangiaceae,270000022732,Bacteria,세균계,Actinomycetota,,Actinomycetes,,Micrococcales,,Intrasporangiaceae,,"Knoellia flava Yu et al., 2012",Knoellia flava,,기타,분리원: 중국 우한의 돼지 분뇨에서 분리 / 분포: 돼지 분뇨 / 보존기관 정보: CGMCC. KCTC,"배양배지: TSA,R2A / 그람염색: 양성 / 콜로니특징: (R2A에서) 밝은 노란색, 원형, 볼록 / 세포형태: 불규칙한 간균 및 구균 / 세포크기: 0.6 x 1.0-1.9 ㎛, 직경 0.5-1.1㎛, / 편모나 섬모 여부: 비운동성",,"온도(최적온도): 28-42(28) / 염도(최적염도): 0-6% / Ph(최적pH): pH4-10 / 산소요구도: 호기성 / 주요기질: D-glucose, D-mannose, D-mannitol, maltose, malic acid, sucrose, D-sorbitol, propionic acid, valeric acid, glycogen, salicin, sodium acetate, lactic acid, L-alanine, L-serine, L-histidine, 3-hydroxybutyric acid","퀴논: MK-8 / 주요 지방산: iso-C16:0, iso-C15:0 / DNA G+C 비율(%): 70.9 mol%","Hydrolysis of casein, aesculin, gelatin, Catalase, oxidase",,,,,정명,"Knoellia flava Yu et al., 2012"
국립해양생물자원관_해양생물종정보 서비스,https://www.data.go.kr/data/15094770/openapi.do,,marine_life_species,Knoellia subterranea,세균계; Actinomycetota; Actinomycetes; Micrococcales; Intrasporangiaceae,,,,,"의미: terra soil 아래에서 분리 / 분리원: 중국의 한 동굴에서 분리 / 분포: 동굴 / 보존기관 정보: DSM, CIP","해양생물의 생김새, 서식지, 분포를 반영한 과학 동화 소재",국명·학명·서식지·분류체계를 활용한 관찰 질문과 퀴즈,5-7;8-10,해양생물종;Knoellia;subterranea;Intrasporangiaceae,270000022733,Bacteria,세균계,Actinomycetota,,Actinomycetes,,Micrococcales,,Intrasporangiaceae,,"Knoellia subterranea Groth et al., 2002",Knoellia subterranea,,기타,"의미: terra soil 아래에서 분리 / 분리원: 중국의 한 동굴에서 분리 / 분포: 동굴 / 보존기관 정보: DSM, CIP","배양배지: RA, TSA / 그람염색: 양성 / 콜로니특징: 매끄러운 원형, 볼록, 불투명, 흰색에서 크림색 / 세포형태: 불규칙한 간균 및 구균 / 세포크기: 1..7-4 x 0.4-0.9 ㎛, 직경 0.6-0.9㎛ / 편모나 섬모 여부: 비운동성",,"온도(최적온도): 28 / 염도(최적염도): 4 / Ph(최적pH): ph5-9 / 산소요구도: 호기성 / 주요기질: Formate, Malate","퀴논: MK-8 / 주요 지방산: iso-C15:0, iso-C17:0 / DNA G+C 비율(%): 68–69 mol% / 기타 세포성분: phosphatidylethanolamine, phosphatidylinositol and diphosphatidylglycerol","Casein, Gelatin",,,,,정명,"Knoellia subterranea Groth et al., 2002"
국립해양생물자원관_해양생물종정보 서비스,https://www.data.go.kr/data/15094770/openapi.do,,marine_life_species,Kocuria flava,세균계; Actinomycetota; Actinomycetes; Micrococcales; Micrococcaceae,,,,,"분리원: 중국 신장의 공기에서 분리 / 분포: 중국 신장 공기 중 / 보존기관 정보: CCTCC, KCTC","해양생물의 생김새, 서식지, 분포를 반영한 과학 동화 소재",국명·학명·서식지·분류체계를 활용한 관찰 질문과 퀴즈,5-7;8-10,해양생물종;Kocuria;flava;Micrococcaceae,270000022737,Bacteria,세균계,Actinomycetota,,Actinomycetes,,Micrococcales,,Micrococcaceae,,"Kocuria flava Zhou et al., 2008",Kocuria flava,,기타,"분리원: 중국 신장의 공기에서 분리 / 분포: 중국 신장 공기 중 / 보존기관 정보: CCTCC, KCTC","배양배지: BUGA, TGYA / 그람염색: 양성 / 콜로니특징: 노란색 / 세포형태: coccoid / 편모나 섬모 여부: 비운동성",,"온도(최적온도): 30-45 / 염도(최적염도): 0-10 / Ph(최적pH): 7-9 / 산소요구도: 호기성 / 주요기질: a-Cyclodextrin, L-Arabinose, D-Gluconic acid,",퀴논: MK8 및 MK-9 / 주요 지방산: iso-C15:0 / DNA G+C 비율(%): 71,"catalase, nitrate reduction, amylase, phosphatase and urease",,,,,정명,"Kocuria flava Zhou et al., 2008"
국립해양생물자원관_해양생물종정보 서비스,https://www.data.go.kr/data/15094770/openapi.do,,marine_life_species,Kocuria marina,세균계; Actinomycetota; Actinomycetes; Micrococcales; Micrococcaceae,,,,,"의미: marina 바다 / 분리원: Troitsa Bay에서 채취 한 해양 퇴적물로부터 방선균 균주를 분리 / 분포: 해양 퇴적물 / 보존기관 정보: KMM, KCTC","해양생물의 생김새, 서식지, 분포를 반영한 과학 동화 소재",국명·학명·서식지·분류체계를 활용한 관찰 질문과 퀴즈,5-7;8-10,해양생물종;Kocuria;marina;Micrococcaceae,270000022738,Bacteria,세균계,Actinomycetota,,Actinomycetes,,Micrococcales,,Micrococcaceae,,"Kocuria marina Kim et al., 2004",Kocuria marina,,기타,"의미: marina 바다 / 분리원: Troitsa Bay에서 채취 한 해양 퇴적물로부터 방선균 균주를 분리 / 분포: 해양 퇴적물 / 보존기관 정보: KMM, KCTC",배양배지: MA / 그람염색: 양성 / 세포형태: coccoid / 편모나 섬모 여부: 비운동성,,"온도(최적온도): 4-43 / 염도(최적염도): ~15%(성장에 필요하지는 않음) / 산소요구도: 호기성 / 주요기질: Glucose, lactose, mannose and sucrose",퀴논: MK-7(H2) and MK-8(H2) / 주요 지방산: iso-C14:0 / DNA G+C 비율(%): 60 mol%,"Nitrate reduction, r catalase, b-galactosidase and urease",,,,,정명,"Kocuria marina Kim et al., 2004"
국립해양생물자원관_해양생물종정보 서비스,https://www.data.go.kr/data/15094770/openapi.do,,marine_life_species,Kocuria polaris,세균계; Actinomycetota; Actinomycetes; Micrococcales; Micrococcaceae,,,,,"의미: polaris of, or pertaining과 관련 / 분리원: McMurdo Dry Valley, 남극 대륙에 위치한 연못에서 cyanobacterial 매트 샘플에서 분리 / 분포: 남극 연못 cyanobacterial 매트 / 보존기관 정보: DSM, MTCC","해양생물의 생김새, 서식지, 분포를 반영한 과학 동화 소재",국명·학명·서식지·분류체계를 활용한 관찰 질문과 퀴즈,5-7;8-10,해양생물종;Kocuria;polaris;Micrococcaceae,270000022741,Bacteria,세균계,Actinomycetota,,Actinomycetes,,Micrococcales,,Micrococcaceae,,"Kocuria polaris Reddy et al., 2003",Kocuria polaris,,기타,"의미: polaris of, or pertaining과 관련 / 분리원: McMurdo Dry Valley, 남극 대륙에 위치한 연못에서 cyanobacterial 매트 샘플에서 분리 / 분포: 남극 연못 cyanobacterial 매트 / 보존기관 정보: DSM, MTCC","배양배지: ABM / 그람염색: 양성 / 콜로니특징: 매끄러움, 둥근, 반투명, 주황색 / 세포형태: coccoid / 세포크기: 1.0-1.5 ㎛ / 편모나 섬모 여부: 비운동성",,"온도(최적온도): 5-30(20) / 염도(최적염도): 2~9 / Ph(최적pH): 7~12 / 산소요구도: 호기성 / 주요기질: D-Glucose, D-Mannitol, L-Rhamnose, D-Xylose, D-Maltose, Adonitol, D-Mellibiose","퀴논: MK-7 and MK-8 / 주요 지방산: anteiso-C15:0 / DNA G+C 비율(%): 72.5mol% / 기타 세포성분: Phosphatidylglycerol, diphosphatidylglycerol(cardiolipin), phosphatidylinositol","Oxidase, Nitrate reduction, Starch hydrolysis",,,,,정명,"Kocuria polaris Reddy et al., 2003"
국립해양생물자원관_해양생물종정보 서비스,https://www.data.go.kr/data/15094770/openapi.do,,marine_life_species,Kocuria turfanensis,세균계; Actinomycetota; Actinomycetes; Micrococcales; Micrococcaceae,,,,,"의미: turfanensis는 중국의 Turfan에서 가져옴 / 분리원: 중국 신장의 공기에서 분리 / 분포: 중국 신장 공기 중 / 보존기관 정보: CCTCC, KCTC","해양생물의 생김새, 서식지, 분포를 반영한 과학 동화 소재",국명·학명·서식지·분류체계를 활용한 관찰 질문과 퀴즈,5-7;8-10,해양생물종;Kocuria;turfanensis;Micrococcaceae,270000022745,Bacteria,세균계,Actinomycetota,,Actinomycetes,,Micrococcales,,Micrococcaceae,,"Kocuria turfanensis Zhou et al., 2008",Kocuria turfanensis,,기타,"의미: turfanensis는 중국의 Turfan에서 가져옴 / 분리원: 중국 신장의 공기에서 분리 / 분포: 중국 신장 공기 중 / 보존기관 정보: CCTCC, KCTC","배양배지: BUGA, TGYA / 그람염색: 양성 / 콜로니특징: 주황색 / 세포형태: coccoid",,"온도(최적온도): 30-40 / 염도(최적염도): 0-15 / Ph(최적pH): 6-9.5 / 산소요구도: 호기성 / 주요기질: a-Cyclodextrin, Pyruvic acid methyl",퀴논: MK8 및 MK-9 / 주요 지방산: iso-C15:0 / DNA G+C 비율(%): 65mol%,"catalase, nitrate reduction, amylase, phosphatase and b-galactosidase",,,,,정명,"Kocuria turfanensis Zhou et al., 2008"
국립해양생물자원관_해양생물종정보 서비스,https://www.data.go.kr/data/15094770/openapi.do,,marine_life_species,Leucobacter chromiiresistens,세균계; Actinomycetota; Actinomycetes; Micrococcales; Microbacteriaceae,,,,,"의미: chromiiresistens chromium 저항 / 분리원: 독일 프라이 부르크 대학의 오염되지 않은 토양 샘플에서 분리 / 분포: 독일 프라이 부르크 대학의 오염되지 않은 토양 / 보존기관 정보: DSM, CCOS","해양생물의 생김새, 서식지, 분포를 반영한 과학 동화 소재",국명·학명·서식지·분류체계를 활용한 관찰 질문과 퀴즈,5-7;8-10,해양생물종;Leucobacter;chromiiresistens;Microbacteriaceae,270000022880,Bacteria,세균계,Actinomycetota,,Actinomycetes,,Micrococcales,,Microbacteriaceae,,"Leucobacter chromiiresistens Sturm et al., 2011",Leucobacter chromiiresistens,,기타,"의미: chromiiresistens chromium 저항 / 분리원: 독일 프라이 부르크 대학의 오염되지 않은 토양 샘플에서 분리 / 분포: 독일 프라이 부르크 대학의 오염되지 않은 토양 / 보존기관 정보: DSM, CCOS",배양배지: LB / 그람염색: 양성 / 콜로니특징: 노란색 / 세포형태: 간균 / 세포크기: 0.33-0.4 x 0.74-1.4 ㎛ / 편모나 섬모 여부: 비운동성,,"온도(최적온도): 30 / 염도(최적염도): 0-8.0 / Ph(최적pH): 7.0-8.0 / 산소요구도: 호기성 / 주요기질: Adenosine, L-Alaninamide , L-Alanine, Glycerol, Putrescine","퀴논: MK-11 / 주요 지방산: anteisoC15:0, anteisoC17:0 / 기타 세포성분: phosphatidylglycerol and diphosphatidylglycerol","Catalase , Thymidine, Xylitol, Tween 40, Tween 80",,,,,정명,"Leucobacter chromiiresistens Sturm et al., 2011"
국립해양생물자원관_해양생물종정보 서비스,https://www.data.go.kr/data/15094770/openapi.do,,marine_life_species,Rhodococcus sovatensis,세균계; Actinomycetota; Actinomycetes; Mycobacteriales; Nocardiaceae,,,,,"의미: sovatensis 는 루마니아의 Sovata에 속함 / 분리원: 물 / 분포: hypersaline and heliothermal Lake Ursu, Sovata, Romania / 특성: mesophilic actinobacterium / 보존기관 정보: DSM, NCAIM","해양생물의 생김새, 서식지, 분포를 반영한 과학 동화 소재",국명·학명·서식지·분류체계를 활용한 관찰 질문과 퀴즈,5-7;8-10,해양생물종;Rhodococcus;sovatensis;Nocardiaceae,270000026749,Bacteria,세균계,Actinomycetota,,Actinomycetes,,Mycobacteriales,,Nocardiaceae,,"Rhodococcus sovatensis Táncsics et al., 2017",Rhodococcus sovatensis,,기타,"의미: sovatensis 는 루마니아의 Sovata에 속함 / 분리원: 물 / 분포: hypersaline and heliothermal Lake Ursu, Sovata, Romania / 특성: mesophilic actinobacterium / 보존기관 정보: DSM, NCAIM","배양배지: TSA / 그람염색: 양성 / 콜로니특징: 주황색, 부드러운,",,온도(최적온도): 10-35(28-30) / 염도(최적염도): 0-9% / Ph(최적pH): 6-10(7) / 산소요구도: 호기성,"퀴논: MK-8 / 주요 지방산: s C15 : 0, C18 : 1w9c, C19 : 1w11c / DNA G+C 비율(%): 65.4","alkaline phosphatase, esterase (C4), esterase lipase (C8), lipase (C14), leucine arylamidase, valine arylamidase, cystine arylamidase",,,,,정명,"Rhodococcus sovatensis Táncsics et al., 2017"
국립해양생물자원관_해양생물종정보 서비스,https://www.data.go.kr/data/15094770/openapi.do,,marine_life_species,Demequina mangrovi,세균계; Actinomycetota; Actinomycetes; Micrococcales; Demequinaceae,,,,,"의미: mangrove에서 분리 / 분리원: 일본, Iriomote Island 맹그로브의 rhizosphere 에서 분리 / 분포: Iriomote Island, Japan의 맹그로브 / 분리방법: NBRC medium 802 평판배지 희석 도말 / 보존기관 정보: NBRC, DSM","해양생물의 생김새, 서식지, 분포를 반영한 과학 동화 소재",국명·학명·서식지·분류체계를 활용한 관찰 질문과 퀴즈,5-7;8-10,해양생물종;Demequina;mangrovi;Demequinaceae,270000023065,Bacteria,세균계,Actinomycetota,,Actinomycetes,,Micrococcales,,Demequinaceae,,"Demequina mangrovi (Hamada et al.) Nouioui et al., 2018",Demequina mangrovi,,기타,"의미: mangrove에서 분리 / 분리원: 일본, Iriomote Island 맹그로브의 rhizosphere 에서 분리 / 분포: Iriomote Island, Japan의 맹그로브 / 분리방법: NBRC medium 802 평판배지 희석 도말 / 보존기관 정보: NBRC, DSM","배양배지: NBRC medium 802 / 그람염색: 그람양성 / 콜로니특징: 옅은 노란색, 둥근, 트면, 부드러운 / 세포형태: 간균 / 세포크기: 0.4–0.6 X 1.0–3.0 ㎛ / 편모나 섬모 여부: 비 운동성",,"온도(최적온도): 15-28 (28) / 염도(최적염도): 0-7 (0) / Ph(최적pH): 6-9 (7-8) / 산소요구도: facultatively anaerobic / 주요기질: amygdalin, L-arabinose, arbutin, D-cellobiose, D-fructose, Dgalactose, gentiobiose, D-glucose, glycogen, D-lactose, Dmaltose, D-mannose, L-rhamnose, D-ribose, salicin, starch, D-sucrose, D-trehalose and D-xylose","퀴논: DMK-9(H4) / 주요 지방산: anteisoC15:0, anteisoC17:0, C16:0 / DNA G+C 비율(%): 71.7 mol% / 기타 세포성분: e diphosphatidylglycerol, phosphatidylglycerol, phosphatidylinositol","Catalase, leucine arylamidase, b-galactosidase, a- and b-glucosidase",,,,,정명,"Demequina mangrovi (Hamada et al.) Nouioui et al., 2018"
국립해양생물자원관_해양생물종정보 서비스,https://www.data.go.kr/data/15094770/openapi.do,,marine_life_species,Microbacterium aquimaris,세균계; Actinomycetota; Actinomycetes; Micrococcales; Microbacteriaceae,,,,,"의미: 해수에서 분리된 Microbacterium 속의 세균 / 분리원: 대한민국 제주도 해수에서 분리 / 분포: 해수 / 분리방법: 희석 배양 / 보존기관: KCTC, DSM","해양생물의 생김새, 서식지, 분포를 반영한 과학 동화 소재",국명·학명·서식지·분류체계를 활용한 관찰 질문과 퀴즈,5-7;8-10,해양생물종;Microbacterium;aquimaris;Microbacteriaceae,270000023298,Bacteria,세균계,Actinomycetota,,Actinomycetes,,Micrococcales,,Microbacteriaceae,,"Microbacterium aquimaris Kim et al., 2008",Microbacterium aquimaris,,기타,"의미: 해수에서 분리된 Microbacterium 속의 세균 / 분리원: 대한민국 제주도 해수에서 분리 / 분포: 해수 / 분리방법: 희석 배양 / 보존기관: KCTC, DSM","배양배지: TSA 배지 / 그람염색: 양성 / 콜로니특징: TSA 배지 상에서 노란색 콜로니가 형성 / 세포형태: 짧은 간균 형태 / 세포크기: 직경 0.6–0.8μm, 길이 1.0-1.5μm / 편모나 섬모 여부: 없음",,온도(최적온도): 15-37 (25-30) / 염도(최적염도): 최대 10% / pH(최적pH): 6-10 (7-8),"퀴논: MK-11, MK-12 and MK-10 / 주요 지방산: anteisoC15:0, isoC16:0, anteisoC17:0 / DNA G+C 비율(%): 69.3-69.6 mol% / 기타 세포성분: diphosphatidylglycerol, phosphatidylglycerol","옥시데이즈, 카탈레이즈",,,,,정명,"Microbacterium aquimaris Kim et al., 2008"
국립해양생물자원관_해양생물종정보 서비스,https://www.data.go.kr/data/15094770/openapi.do,,marine_life_species,Microbacterium enclense,세균계; Actinomycetota; Actinomycetes; Micrococcales; Microbacteriaceae,,,,,"분리원: marine sediment sample in Chorao Island, Goa Province, India / 분포: marine sediment in Chorao Island, Goa Province, India / 분리방법: MA 배지에 standard serial dilution / 보존기관 정보: NCIM, DSM, CCTCC AB","해양생물의 생김새, 서식지, 분포를 반영한 과학 동화 소재",국명·학명·서식지·분류체계를 활용한 관찰 질문과 퀴즈,5-7;8-10,해양생물종;Microbacterium;enclense;Microbacteriaceae,270000023303,Bacteria,세균계,Actinomycetota,,Actinomycetes,,Micrococcales,,Microbacteriaceae,,"Microbacterium enclense Mawlankar et al., 2015",Microbacterium enclense,,기타,"분리원: marine sediment sample in Chorao Island, Goa Province, India / 분포: marine sediment in Chorao Island, Goa Province, India / 분리방법: MA 배지에 standard serial dilution / 보존기관 정보: NCIM, DSM, CCTCC AB","배양배지: MA / 그람염색: 양성 / 콜로니특징: 불투명, 담황색, 원형 / 세포형태: 간균 / 세포크기: 0.4-0.6 X 0.5-0.8 ㎛",,온도(최적온도): 25-37(30) / 염도(최적염도): 0-12 / Ph(최적pH): 6-12(7) / 산소요구도: 호기성,"퀴논: MK-12, MK-11 / 주요 지방산: aiC15 : 0, i-C16 : 0 and ai-C17 : 0 / DNA G+C 비율(%): 66.5 / 기타 세포성분: diphosphatidylglycerol, phosphatidylglycerol","Catalase,  Aesculin, starch and Tweens 20, 40, 60 and 80 are hydrolysed, r H2S production, esterase (C4) and b-glucuronidase",,,,,정명,"Microbacterium enclense Mawlankar et al., 2015"
국립해양생물자원관_해양생물종정보 서비스,https://www.data.go.kr/data/15094770/openapi.do,,marine_life_species,Microbacterium hatanonis,세균계; Actinomycetota; Actinomycetes; Micrococcales; Microbacteriaceae,,,,,"의미: in honour of Dr Kazunori Hatano / 분리원: 유제품, 토양, 물, 및 식물 / 분포: 다양한 환경 소스, 그리고 임상 샘플(인간 혈액 배양) 등 / 보존기관 정보: JCM, DSM","해양생물의 생김새, 서식지, 분포를 반영한 과학 동화 소재",국명·학명·서식지·분류체계를 활용한 관찰 질문과 퀴즈,5-7;8-10,해양생물종;Microbacterium;hatanonis;Microbacteriaceae,270000023309,Bacteria,세균계,Actinomycetota,,Actinomycetes,,Micrococcales,,Microbacteriaceae,,"Microbacterium hatanonis Bakir et al., 2008",Microbacterium hatanonis,,기타,"의미: in honour of Dr Kazunori Hatano / 분리원: 유제품, 토양, 물, 및 식물 / 분포: 다양한 환경 소스, 그리고 임상 샘플(인간 혈액 배양) 등 / 보존기관 정보: JCM, DSM","배양배지: trypticase soy agar (TSA) / 그람염색: 양성 / 콜로니특징: 원형, 볼록, 전체 여백, 촉촉하고 윤기 있고 밝은 노란색. / 세포형태: 간균 / 세포크기: 0.8 X 1.7 ㎛",,"온도(최적온도): 10-37(30) / 염도(최적염도): 2% 이상 / Ph(최적pH): 6-9(7) / 산소요구도: 호기성 / 주요기질: f glucose, arabinose, mannose, mannitol, maltose and potassium gluconate","퀴논: MK-12 / 주요 지방산: anteisoC15:0, anteisoC17:0, isoC16:0 / DNA G+C 비율(%): 69 mol%","Catalase,  production of esterase, esterase lipase, leucine arylamidase, valine arylamidase, cystine arylamidase, trypsin, acid phosphatase, naphthol-AS-BI-phosphohydrolase, a-galactosidase",,,,,정명,"Microbacterium hatanonis Bakir et al., 2008"
국립해양생물자원관_해양생물종정보 서비스,https://www.data.go.kr/data/15094770/openapi.do,,marine_life_species,Microbacterium hydrocarbonoxydans,세균계; Actinomycetota; Actinomycetes; Micrococcales; Microbacteriaceae,,,,,"의미: oxidizing hydrocarbons / 분리원: oil-containing environments / 분포: oil-containing / 보존기관 정보: DSM, NCIMB","해양생물의 생김새, 서식지, 분포를 반영한 과학 동화 소재",국명·학명·서식지·분류체계를 활용한 관찰 질문과 퀴즈,5-7;8-10,해양생물종;Microbacterium;hydrocarbonoxydans;Microbacteriaceae,270000023311,Bacteria,세균계,Actinomycetota,,Actinomycetes,,Micrococcales,,Microbacteriaceae,,"Microbacterium hydrocarbonoxydans Schippers et al., 2005",Microbacterium hydrocarbonoxydans,,기타,"의미: oxidizing hydrocarbons / 분리원: oil-containing environments / 분포: oil-containing / 보존기관 정보: DSM, NCIMB","배양배지: BAS / 그람염색: 양성 / 콜로니특징: 원형, 부드러운, 반투명 및 노랑 / 세포형태: 간균 / 세포크기: 0.3-1.5 ㎛",,"온도(최적온도): 30-37 / 염도(최적염도): 2-4% / Ph(최적pH): 7-9 (7) / 주요기질: N-acetyl-D-glucosamine, L-arabinose, D-cellobiose, Dfructose, D-galactose, gluconate, D-glucose, glycogen, D-maltose, D-mannose, L-rhamnose, D-ribose, D-sucrose, salicin, D-trehalose, L-xylose, D-mannitol, acetate, propionate, citrate, fumarate, DL-lactate, L-malate, pyruvate, L-alanine, L-aspartate, L-histidine, L-hydroxyproline, L-proline, L-serine, putrescine, phenylacetate, N-acetyl-D-galactosamine","퀴논: MK-11 and MK-12. / 주요 지방산: anteisoC15:0, anteisoC17:0","Catalase, Cystine arylamidase, Trypsin, Acid phosphatase, a-Galactosidase, b-Galactosidase, b-Glucuronidase, a-Glucosidase, b-Glucosidase, a-Fucosidase",,,,,정명,"Microbacterium hydrocarbonoxydans Schippers et al., 2005"
국립해양생물자원관_해양생물종정보 서비스,https://www.data.go.kr/data/15094770/openapi.do,,marine_life_species,Microbacterium insulae,세균계; Actinomycetota; Actinomycetes; Micrococcales; Microbacteriaceae,,,,,"의미: insulae에서 분리되어서 / 분리원: 토양 / 분포: 한국 독도 토양 / 분리방법: 표준 희석 도말 기술 / 보존기관 정보: KCTC, CCUG","해양생물의 생김새, 서식지, 분포를 반영한 과학 동화 소재",국명·학명·서식지·분류체계를 활용한 관찰 질문과 퀴즈,5-7;8-10,해양생물종;Microbacterium;insulae;Microbacteriaceae,270000023312,Bacteria,세균계,Actinomycetota,,Actinomycetes,,Micrococcales,,Microbacteriaceae,,"Microbacterium insulae Yoon et al., 2009",Microbacterium insulae,,기타,"의미: insulae에서 분리되어서 / 분리원: 토양 / 분포: 한국 독도 토양 / 분리방법: 표준 희석 도말 기술 / 보존기관 정보: KCTC, CCUG",배양배지: TSA / 그람염색: 양성 / 세포형태: 간균 혹은 구균 / 세포크기: 0.2-0.5 x 0.5-1.8 ㎛,,"온도(최적온도): 20-38(30) / 염도(최적염도): 0-5(0.5-1.0) / Ph(최적pH): 5.5-8.0(6.5-7.0) / 산소요구도: 호기성 / 주요기질: Gelatin, Tween 20, Rhamnose, Methyl a-D-glucoside","퀴논: MK-13, MK-12 and MK-14 / 주요 지방산: anteiso-C15 : 0, anteiso-C17 : 0, iso-C17 : 0 and iso-C16 : 0 / DNA G+C 비율(%): 69.9 / 기타 세포성분: diphosphatidylglycerol, phosphatidylglycerol, unidentified phospholipid and an unidentified glycolipid","Oxidase, b-Glucosidase, N-Acetyl-b-glucos, Esterase, Esterase lipase",,,,,정명,"Microbacterium insulae Yoon et al., 2009"
국립해양생물자원관_해양생물종정보 서비스,https://www.data.go.kr/data/15094770/openapi.do,,marine_life_species,Microbacterium jejuense,세균계; Actinomycetota; Actinomycetes; Micrococcales; Microbacteriaceae,,,,,"의미: 제주에서 분리해서 jejuense / 분리원: 토양 / 분포: 대한민국 제주도 소나무 숲의 토양 / 보존기관 정보: KACC, JCM","해양생물의 생김새, 서식지, 분포를 반영한 과학 동화 소재",국명·학명·서식지·분류체계를 활용한 관찰 질문과 퀴즈,5-7;8-10,해양생물종;Microbacterium;jejuense;Microbacteriaceae,270000023313,Bacteria,세균계,Actinomycetota,,Actinomycetes,,Micrococcales,,Microbacteriaceae,,"Microbacterium jejuense Kook et al., 2014",Microbacterium jejuense,,기타,"의미: 제주에서 분리해서 jejuense / 분리원: 토양 / 분포: 대한민국 제주도 소나무 숲의 토양 / 보존기관 정보: KACC, JCM","배양배지: MA / 그람염색: 양성 / 콜로니특징: 둥근, 볼록, 놀란색 2-3mm colony 형성 / 세포형태: 간균 / 세포크기: 0.5-1.0 X 1.5-2.0 ㎛",,"온도(최적온도): 12-35 (30) / 염도(최적염도): 0-7(1-2) / Ph(최적pH): 6.5-10.5 (7) / 산소요구도: 호기성 / 주요기질: D-Xylose, D-Glucose, D-Fructose, D-Mannose, Amygdalin, D-Mannitol, N-Acetylglucosamine, Arbutin","퀴논: MK-12 and MK-13 / 주요 지방산: iso-C16 : 0, anteiso-C15 : 0 and anteiso-C17 : 0 / DNA G+C 비율(%): 75.6 / 기타 세포성분: phosphatidylglycerol, diphosphatidylglycerol and unidentified glycolipids, s ornithine, alanine, glycine","oxidase, catalase, Arginine dihydrolase, L-Arabinose, N-Acetylglucosamine",,,,,정명,"Microbacterium jejuense Kook et al., 2014"
국립해양생물자원관_해양생물종정보 서비스,https://www.data.go.kr/data/15094770/openapi.do,,marine_life_species,Spirulina subsalsa,세균계; Cyanobacteria; Cyanophyceae; Spirulinales; Spirulinaceae,연안에 분포,연안에 분포,,,"세포는 청록색으로 나선형의 다세포 남조류에 속하는 종으로 스프링처럼 꼬임 형태를 보인다. 세포의 폭은 5~6㎛이며  꼬인 형태에서의 폭은 11~12㎛이다. 세포에는 엽록소, 피코시안 색소가 있어 광합성을 한다. 다른 Spirulina보다 크기도 작으며 성장도 많이 느리다.","해양생물의 생김새, 서식지, 분포를 반영한 과학 동화 소재",국명·학명·서식지·분류체계를 활용한 관찰 질문과 퀴즈,5-7;8-10,해양생물종;Spirulina;subsalsa;Spirulinaceae;연안에;분포,270000025258,Bacteria,세균계,Cyanobacteria,,Cyanophyceae,,Spirulinales,,Spirulinaceae,,"Spirulina subsalsa Oersted ex Gomont, 1892",Spirulina subsalsa,,기타,"세포는 청록색으로 나선형의 다세포 남조류에 속하는 종으로 스프링처럼 꼬임 형태를 보인다. 세포의 폭은 5~6㎛이며  꼬인 형태에서의 폭은 11~12㎛이다. 세포에는 엽록소, 피코시안 색소가 있어 광합성을 한다. 다른 Spirulina보다 크기도 작으며 성장도 많이 느리다.",,,,,,연안에 분포,연안에 분포,,,정명,"Spirulina subsalsa Oersted ex Gomont, 1892"
국립해양생물자원관_해양생물종정보 서비스,https://www.data.go.kr/data/15094770/openapi.do,,marine_life_species,Dietzia timorensis,세균계; Actinomycetota; Actinomycetes; Mycobacteriales; Dietziaceae,,,,,"의미: 인도네시아 서 티모르에서 유래 / 분리원: 토양 샘플 / 분포: 인도네시아 서 티모르의 마호가니 나무 / 분리방법: Bennett’s agar, 14일, 28℃ / 보존기관 정보: BTCC, NBRC","해양생물의 생김새, 서식지, 분포를 반영한 과학 동화 소재",국명·학명·서식지·분류체계를 활용한 관찰 질문과 퀴즈,5-7;8-10,해양생물종;Dietzia;timorensis;Dietziaceae,270000021702,Bacteria,세균계,Actinomycetota,,Actinomycetes,,Mycobacteriales,,Dietziaceae,,"Dietzia timorensis Yamamura et al., 2010",Dietzia timorensis,,기타,"의미: 인도네시아 서 티모르에서 유래 / 분리원: 토양 샘플 / 분포: 인도네시아 서 티모르의 마호가니 나무 / 분리방법: Bennett’s agar, 14일, 28℃ / 보존기관 정보: BTCC, NBRC","그람염색: 양성 / 콜로니특징: 원형, 반짝거림, 주황색 / 세포형태: 간균이나 구균 / 편모나 섬모 여부: 비운동성",,"온도(최적온도): 10-37 / 염도(최적염도): 0-7 / 산소요구도: 호기성 / 주요기질: esculin, cellobiose, D-fructose, D-glucose, glycerol, lactose","퀴논: MK-8 / 주요 지방산: C16 : 0, C18 : 1ω9c and 10-methyl C18 : 0 / DNA G+C 비율(%): 65.5 mol% / 기타 세포성분: phosphatidylglycerol",,,,,,정명,"Dietzia timorensis Yamamura et al., 2010"
국립해양생물자원관_해양생물종정보 서비스,https://www.data.go.kr/data/15094770/openapi.do,,marine_life_species,Gordonia sihwensis,세균계; Actinomycetota; Actinomycetes; Mycobacteriales; Gordoniaceae,,,,,"분리원: 한국 시화호의 폐수 고급 처리에 사용되는 부영양화 탈질 반응기 / 분포: 폐수 / 특성: nitrate-reducing bacterium, 균사 형성 / 보존기관 정보: DSM, NRRL","해양생물의 생김새, 서식지, 분포를 반영한 과학 동화 소재",국명·학명·서식지·분류체계를 활용한 관찰 질문과 퀴즈,5-7;8-10,해양생물종;Gordonia;sihwensis;Gordoniaceae,270000022258,Bacteria,세균계,Actinomycetota,,Actinomycetes,,Mycobacteriales,,Gordoniaceae,,"Gordonia sihwensis Kim et al., 2003",Gordonia sihwensis,,기타,"분리원: 한국 시화호의 폐수 고급 처리에 사용되는 부영양화 탈질 반응기 / 분포: 폐수 / 특성: nitrate-reducing bacterium, 균사 형성 / 보존기관 정보: DSM, NRRL","배양배지: BA, TSB, GYMA / 그람염색: 양성 / 콜로니특징: Rough; white to tan / 세포형태: 간균 / 세포크기: 1.5-2.0 ㎛",,"온도(최적온도): 28 / Ph(최적pH): 7 / 산소요구도: 호기성 / 주요기질: D-Galactose, D-Sucrose, D-Turanose, D-Arabitol, N-Acetyl-D-glucosamine, Gluconate","퀴논: MK-9 / 주요 지방산: C16:1cis-9, C18:1 and 10-methyl C18 : 0 / DNA G+C 비율(%): mol% / 기타 세포성분: diphosphatidylglycerol, phosphatidylethanolamine, phosphatidylinositol and phosphatidylinositol mannosides",Nitrate reduction,,,,,정명,"Gordonia sihwensis Kim et al., 2003"
국립해양생물자원관_해양생물종정보 서비스,https://www.data.go.kr/data/15094770/openapi.do,,marine_life_species,Knoellia locipacati,세균계; Actinomycetota; Actinomycetes; Micrococcales; Intrasporangiaceae,,,,,"의미: locipacati  는 평화로운 장소라는 의미 / 분리원: 흙 / 분포: 한국 비무장 지대 / 분리방법: standard dilution plating technique / 보존기관: KACC,  JCM","해양생물의 생김새, 서식지, 분포를 반영한 과학 동화 소재",국명·학명·서식지·분류체계를 활용한 관찰 질문과 퀴즈,5-7;8-10,해양생물종;Knoellia;locipacati;Intrasporangiaceae,270000027468,Bacteria,세균계,Actinomycetota,,Actinomycetes,,Micrococcales,,Intrasporangiaceae,,"Knoellia locipacati Shin et al., 2012",Knoellia locipacati,,기타,"의미: locipacati  는 평화로운 장소라는 의미 / 분리원: 흙 / 분포: 한국 비무장 지대 / 분리방법: standard dilution plating technique / 보존기관: KACC,  JCM","배양배지: R2A / 그람염색: 그람양성 / 콜로니특징: R2A 배지에서 원형, 약간 반짝거림, 촉촉, 반투명, 흰색 또는 크림색 0.5-0.7mm 직경의 colony 형성 / 세포형태: 간균 혹은 구군 / 편모나 섬모 여부: 운동성 없음",,"온도(최적온도): 10-37 (30) / 염도(최적염도): 0-5% (1%) / pH(최적pH): 6-9 (7-8) / 산소요구도: 호기성 / 주요기질: d-xylose, d-galactose, d-glucose, d-fructose, d-mannose, d-mannitol, d-sorbitol, aesculin, cellobiose, maltose, melezitose, starch, glycogen, turanose, d-lyxose and d-arabitol","퀴논: MK-8 / 주요 지방산: iso-C16 : 0, iso-C15 : 0 and iso-C14 : 0 / DNA G+C 비율(%): 72.6 mol% / 기타 세포성분: phosphatidylethanolamine, phosphatidylinositol, diphosphatidylglycerol, phosphatidylglycerol and five unknown phospholipids.","Catalase, alkaline phosphatase, esterase (C4), esterase lipase (C8), lipase (C14), leucine arylamidase, valine arylamidase, trypsin, acid phosphatase, naphthol-AS-BI-phosphohydrolase, β-galactosidase and α- and β-glucosidases",,,,,정명,"Knoellia locipacati Shin et al., 2012"
국립해양생물자원관_해양생물종정보 서비스,https://www.data.go.kr/data/15094770/openapi.do,,marine_life_species,Micrococcus luteus,세균계; Actinomycetota; Actinomycetes; Micrococcales; Micrococcaceae,,,,,"의미: 금빛 노란색 / 분리원: 포유류의 피부 / 보존기관: DSM, CCM, ATCC, CIP","해양생물의 생김새, 서식지, 분포를 반영한 과학 동화 소재",국명·학명·서식지·분류체계를 활용한 관찰 질문과 퀴즈,5-7;8-10,해양생물종;Micrococcus;luteus;Micrococcaceae,270000023352,Bacteria,세균계,Actinomycetota,,Actinomycetes,,Micrococcales,,Micrococcaceae,,"Micrococcus luteus (Schroeter) Cohn, 1872",Micrococcus luteus,,기타,"의미: 금빛 노란색 / 분리원: 포유류의 피부 / 보존기관: DSM, CCM, ATCC, CIP",배양배지: Bacto-tryptone medium / 그람염색: 양성 / 콜로니특징: 매끈하고 둥근 모양 노란색 혹은 연두색 혹은 보라빛 pigment를 가진 strain도있음 / 세포형태: tetrad,,"온도(최적온도): ~45(25~37) / 염도(최적염도): ~10 / pH(최적pH): ~10 / 산소요구도: aerobic / 주요기질: d-Glucose, sucrose and d-mannose",퀴논: MK-8. MK-8(H2) / DNA G+C 비율(%): 70-75.5,Urease,,,,,정명,"Micrococcus luteus (Schroeter) Cohn, 1872"
국립해양생물자원관_해양생물종정보 서비스,https://www.data.go.kr/data/15094770/openapi.do,,marine_life_species,Demequina silvatica,세균계; Actinomycetota; Actinomycetes; Micrococcales; Demequinaceae,,,,,"의미: 숲에서 발견된 Demequina 속의 세균 / 분리원: 일본 오키나와현의 이리모토섬의 맹그로브 숲 토양에서 분리 / 분포: 맹그로브 숲의 토양 / 분리방법: 희석 배양 / 보존기관: HI, MEBiC","해양생물의 생김새, 서식지, 분포를 반영한 과학 동화 소재",국명·학명·서식지·분류체계를 활용한 관찰 질문과 퀴즈,5-7;8-10,해양생물종;Demequina;silvatica;Demequinaceae,270000027588,Bacteria,세균계,Actinomycetota,,Actinomycetes,,Micrococcales,,Demequinaceae,,"Demequina silvatica Nouioui et al., 2018",Demequina silvatica,,기타,"의미: 숲에서 발견된 Demequina 속의 세균 / 분리원: 일본 오키나와현의 이리모토섬의 맹그로브 숲 토양에서 분리 / 분포: 맹그로브 숲의 토양 / 분리방법: 희석 배양 / 보존기관: HI, MEBiC","배양배지: NBRC 배지 802 [0.2 % (w/v) 폴리펩톤, 0.04 % (w/v) 효모 추출물, 0.02 % (w/v) MgSO4 . 7H2O and 1.5 % (w/v) 한천; pH 7.0] / 그람염색: 양성 / 콜로니특징: 둥근 노란색 콜로니 / 세포형태: 간균 형태 / 세포크기: 0.3 x 0.8–2.0µm / 편모나 섬모 여부: 없음",,온도(최적온도): 5-37 (28) / 염도(최적염도): 0-7% (1-3%) / pH(최적pH): 6-10 (7-8) / 산소요구도: 호기성 (혐기성 상태에서 약한 성장이 관찰됨),"주요 지방산: anteiso-C15:0, anteiso-C17:0. / DNA G+C 비율(%): 72","젤라틴 하이드로라이시스, 시스틴 아릴라미데이즈, 에스터 리파아제(C8)",,,,,정명,"Demequina silvatica Nouioui et al., 2018"
국립해양생물자원관_해양생물종정보 서비스,https://www.data.go.kr/data/15094770/openapi.do,,marine_life_species,Rhodococcus biphenylivorans,세균계; Actinomycetota; Actinomycetes; Mycobacteriales; Nocardiaceae,,,,,"의미: 바이페닐을 섭취하는 Rhodococcus 속의 세균 / 분리원: 중국 동부지역의 절강성 Taizhou 시의 다염화바이페닐로 오염된 토양에서 분리 / 분포: 다염화바이페닐로 오염된 토양 / 분리방법: 표준 희석 배양 / 보존기관: TG, MEBiC","해양생물의 생김새, 서식지, 분포를 반영한 과학 동화 소재",국명·학명·서식지·분류체계를 활용한 관찰 질문과 퀴즈,5-7;8-10,해양생물종;Rhodococcus;biphenylivorans;Nocardiaceae,270000027583,Bacteria,세균계,Actinomycetota,,Actinomycetes,,Mycobacteriales,,Nocardiaceae,,"Rhodococcus biphenylivorans Su et al., 2015",Rhodococcus biphenylivorans,,기타,"의미: 바이페닐을 섭취하는 Rhodococcus 속의 세균 / 분리원: 중국 동부지역의 절강성 Taizhou 시의 다염화바이페닐로 오염된 토양에서 분리 / 분포: 다염화바이페닐로 오염된 토양 / 분리방법: 표준 희석 배양 / 보존기관: TG, MEBiC",배양배지: LB 한천 배지 / 그람염색: 양성 / 콜로니특징: 노란색 콜로니 / 세포형태: 간균 형태 / 세포크기: 0.4–0.6 x 1.0–1.7 µm / 편모나 섬모 여부: 없음,,"온도(최적온도): 10-45 (28-32) / 염도(최적염도): 0-9% (0-3%) / pH(최적pH): 5.0-11.0 (7.0-8.0) / 산소요구도: 호기성 / 주요기질: D-만니톨, D-만노스, 수크로스,  D-자일로스","퀴논: MK-8(H2) / 주요 지방산: C16:0, C16:1 ω7c and/or iso-C15:0 2-OH, 10-methyl C18:0 and C18:1 ω9c / DNA G+C 비율(%): 62.8","카탈레이즈, 황화수소 생산효소, 질산환원효소",,,,,정명,"Rhodococcus biphenylivorans Su et al., 2015"
국립해양생물자원관_해양생물종정보 서비스,https://www.data.go.kr/data/15094770/openapi.do,,marine_life_species,Microbacterium saccharophilum,세균계; Actinomycetota; Actinomycetes; Micrococcales; Microbacteriaceae,,,,,"의미: 당 성분을 선호하는 Microbacterium 속의 세균 / 분리원: 일본 설탕 제조공장의 토양에서 분리 / 분포: 설탕 제조공장의 토양 / 분리방법: 수크로즈를 유일한 탄소원으로 사용하는 세균의 농후배양에 의해 분리 / 보존기관: K, NBRC, NCIMB, MEBiC","해양생물의 생김새, 서식지, 분포를 반영한 과학 동화 소재",국명·학명·서식지·분류체계를 활용한 관찰 질문과 퀴즈,5-7;8-10,해양생물종;Microbacterium;saccharophilum;Microbacteriaceae,270000010741,Bacteria,세균계,Actinomycetota,,Actinomycetes,,Micrococcales,,Microbacteriaceae,,"Microbacterium saccharophilum Ohta et al., 2013",Microbacterium saccharophilum,,기타,"의미: 당 성분을 선호하는 Microbacterium 속의 세균 / 분리원: 일본 설탕 제조공장의 토양에서 분리 / 분포: 설탕 제조공장의 토양 / 분리방법: 수크로즈를 유일한 탄소원으로 사용하는 세균의 농후배양에 의해 분리 / 보존기관: K, NBRC, NCIMB, MEBiC","배양배지: TSB (Trypticase Soy Broth) 한천 배지 / 그람염색: 양성 / 콜로니특징: 30°C에서 48시간 인큐베이션 후에 둥글고 볼록한 노란색 콜로니 형성 / 세포형태: 간균 형태 / 세포크기: 지름 0.2–0.6 µm, 길이 0.4–1.2 µm / 편모나 섬모 여부: 없음",,"온도(최적온도): 9-37 (30) / 염도(최적염도): 0-1% / pH(최적pH): 6-11 (7) / 산소요구도: 호기성 / 주요기질: D-글루코즈, D-만니톨, and D-프럭토스","퀴논: MK-12, MK-13 / 주요 지방산: anteiso-C17:0, anteiso-C15:0 / DNA G+C 비율(%): 73",,,,,,정명,"Microbacterium saccharophilum Ohta et al., 2013"
국립해양생물자원관_해양생물종정보 서비스,https://www.data.go.kr/data/15094770/openapi.do,,marine_life_species,Paraoerskovia marina,세균계; Actinomycetota; Actinomycetes; Micrococcales; Promicromonosporaceae,,,,,"의미: 해수에서 분리된 Paraoerskovia 속의 세균 / 분리원: 일본해안에 위치한 톳토리시에 수집된 해양 퇴적물 샘플로부터 분리 / 분포: 해양 퇴적물 / 분리방법: 인공 멸균 해수를 통한 희석배양 / 보존기관: DSM, NBRC","해양생물의 생김새, 서식지, 분포를 반영한 과학 동화 소재",국명·학명·서식지·분류체계를 활용한 관찰 질문과 퀴즈,5-7;8-10,해양생물종;Paraoerskovia;marina;Promicromonosporaceae,270000023962,Bacteria,세균계,Actinomycetota,,Actinomycetes,,Micrococcales,,Promicromonosporaceae,,"Paraoerskovia marina Khan et al., 2009",Paraoerskovia marina,,기타,"의미: 해수에서 분리된 Paraoerskovia 속의 세균 / 분리원: 일본해안에 위치한 톳토리시에 수집된 해양 퇴적물 샘플로부터 분리 / 분포: 해양 퇴적물 / 분리방법: 인공 멸균 해수를 통한 희석배양 / 보존기관: DSM, NBRC","배양배지: half  strength 해수한천 배지 / 그람염색: 양성 / 콜로니특징: 28°C에서 3-5일 인큐베이션 후에 HSMA 또는 ISP2 배지에 직경 1-2mm크기의 뿌연 노란색 콜로니 형성 / 세포형태: 간균형태 / 세포크기: 길이 1.0-1.6μm, 지름 0.4-0.6μm / 편모나 섬모 여부: 없음",,"온도(최적온도): 10-35 (28) / 염도(최적염도): 0-8% / pH(최적pH): 6.0-10.0 (7.0-8.0) / 산소요구도: 조건적 혐기성 / 주요기질: D-글루코즈, 말토즈, 자일로즈","퀴논: MK-9(H4) / 주요 지방산: anteiso C15:0, C16:0, anteiso C17:0, C18:0 / DNA G+C 비율(%): 70","아릴라미데이즈, 알파 글루코시데이즈, 류신",,,,,정명,"Paraoerskovia marina Khan et al., 2009"
국립해양생물자원관_해양생물종정보 서비스,https://www.data.go.kr/data/15094770/openapi.do,,marine_life_species,Rothia endophytica,세균계; Actinomycetota; Actinomycetes; Micrococcales; Micrococcaceae,,,,,Rothia endophytica은(는) 해양생물 캐릭터와 과학 동화 소재로 사용할 수 있다.,"해양생물의 생김새, 서식지, 분포를 반영한 과학 동화 소재",국명·학명·서식지·분류체계를 활용한 관찰 질문과 퀴즈,5-7;8-10,해양생물종;Rothia;endophytica;Micrococcaceae,270000024895,Bacteria,세균계,Actinomycetota,,Actinomycetes,,Micrococcales,,Micrococcaceae,,"Rothia endophytica Xiong et al., 2013",Rothia endophytica,,기타,,,,,,,,,,,정명,"Rothia endophytica Xiong et al., 2013"
국립해양생물자원관_해양생물종정보 서비스,https://www.data.go.kr/data/15094770/openapi.do,,marine_life_species,Arthrobacter ramosus,세균계; Actinomycetota; Actinomycetes; Micrococcales; Micrococcaceae,,,,,Arthrobacter ramosus은(는) 해양생물 캐릭터와 과학 동화 소재로 사용할 수 있다.,"해양생물의 생김새, 서식지, 분포를 반영한 과학 동화 소재",국명·학명·서식지·분류체계를 활용한 관찰 질문과 퀴즈,5-7;8-10,해양생물종;Arthrobacter;ramosus;Micrococcaceae,270000020482,Bacteria,세균계,Actinomycetota,,Actinomycetes,,Micrococcales,,Micrococcaceae,,"Arthrobacter ramosus Jensen, 1960",Arthrobacter ramosus,,기타,,,,,,,,,,,정명,"Arthrobacter ramosus Jensen, 1960"
국립해양생물자원관_해양생물종정보 서비스,https://www.data.go.kr/data/15094770/openapi.do,,marine_life_species,Microbacterium lacticum,세균계; Actinomycetota; Actinomycetes; Micrococcales; Microbacteriaceae,,,,,Microbacterium lacticum은(는) 해양생물 캐릭터와 과학 동화 소재로 사용할 수 있다.,"해양생물의 생김새, 서식지, 분포를 반영한 과학 동화 소재",국명·학명·서식지·분류체계를 활용한 관찰 질문과 퀴즈,5-7;8-10,해양생물종;Microbacterium;lacticum;Microbacteriaceae,270000023316,Bacteria,세균계,Actinomycetota,,Actinomycetes,,Micrococcales,,Microbacteriaceae,,"Microbacterium lacticum Orla-Jensen, 1919",Microbacterium lacticum,,기타,,,,,,,,,,,정명,"Microbacterium lacticum Orla-Jensen, 1919"
국립해양생물자원관_해양생물종정보 서비스,https://www.data.go.kr/data/15094770/openapi.do,,marine_life_species,Dictyota bartayresiana,크로미스타계; 대롱편모조식물문; 갈조강; 그물바탕말목; 그물바탕말과,,,,,Dictyota bartayresiana은(는) 해양생물 캐릭터와 과학 동화 소재로 사용할 수 있다.,"해양생물의 생김새, 서식지, 분포를 반영한 과학 동화 소재",국명·학명·서식지·분류체계를 활용한 관찰 질문과 퀴즈,5-7;8-10,해양생물종;Dictyota;bartayresiana;그물바탕말과,270000021688,Chromista,크로미스타계,Ochrophyta,대롱편모조식물문,Phaeophyceae,갈조강,Dictyotales,그물바탕말목,Dictyotaceae,그물바탕말과,"Dictyota bartayresiana J.V.Lamouroux, 1809",Dictyota bartayresiana,,기타,,,,,,,,,,,정명,"Dictyota bartayresiana J.V.Lamouroux, 1809"
국립해양생물자원관_해양생물종정보 서비스,https://www.data.go.kr/data/15094770/openapi.do,,marine_life_species,Gordonia polyisoprenivorans,세균계; Actinomycetota; Actinomycetes; Mycobacteriales; Gordoniaceae,,,,,Gordonia polyisoprenivorans은(는) 해양생물 캐릭터와 과학 동화 소재로 사용할 수 있다.,"해양생물의 생김새, 서식지, 분포를 반영한 과학 동화 소재",국명·학명·서식지·분류체계를 활용한 관찰 질문과 퀴즈,5-7;8-10,해양생물종;Gordonia;polyisoprenivorans;Gordoniaceae,270000022256,Bacteria,세균계,Actinomycetota,,Actinomycetes,,Mycobacteriales,,Gordoniaceae,,"Gordonia polyisoprenivorans Linos et al., 1999",Gordonia polyisoprenivorans,,기타,,,,,,,,,,,정명,"Gordonia polyisoprenivorans Linos et al., 1999"
국립해양생물자원관_해양생물종정보 서비스,https://www.data.go.kr/data/15094770/openapi.do,,marine_life_species,Microbacterium barkeri,세균계; Actinomycetota; Actinomycetes; Micrococcales; Microbacteriaceae,,,,,Microbacterium barkeri은(는) 해양생물 캐릭터와 과학 동화 소재로 사용할 수 있다.,"해양생물의 생김새, 서식지, 분포를 반영한 과학 동화 소재",국명·학명·서식지·분류체계를 활용한 관찰 질문과 퀴즈,5-7;8-10,해양생물종;Microbacterium;barkeri;Microbacteriaceae,270000023302,Bacteria,세균계,Actinomycetota,,Actinomycetes,,Micrococcales,,Microbacteriaceae,,"Microbacterium barkeri (Collins et al.) Takeuchi & Hatano, 1998",Microbacterium barkeri,,기타,,,,,,,,,,,정명,"Microbacterium barkeri (Collins et al.) Takeuchi & Hatano, 1998"
국립해양생물자원관_해양생물종정보 서비스,https://www.data.go.kr/data/15094770/openapi.do,,marine_life_species,Stoechospermum polypodioides,크로미스타계; 대롱편모조식물문; 갈조강; 그물바탕말목; 그물바탕말과,,,,,Stoechospermum polypodioides은(는) 해양생물 캐릭터와 과학 동화 소재로 사용할 수 있다.,"해양생물의 생김새, 서식지, 분포를 반영한 과학 동화 소재",국명·학명·서식지·분류체계를 활용한 관찰 질문과 퀴즈,5-7;8-10,해양생물종;Stoechospermum;polypodioides;그물바탕말과,270000017140,Chromista,크로미스타계,Ochrophyta,대롱편모조식물문,Phaeophyceae,갈조강,Dictyotales,그물바탕말목,Dictyotaceae,그물바탕말과,Stoechospermum polypodioides,Stoechospermum polypodioides,,기타,,,,,,,,,,,정명,Stoechospermum polypodioides
국립해양생물자원관_해양생물종정보 서비스,https://www.data.go.kr/data/15094770/openapi.do,,marine_life_species,Microcoleus steenstrupii,세균계; Cyanobacteria; Cyanophyceae; Oscillatoriales; Microcoleaceae,,,,,Microcoleus steenstrupii은(는) 해양생물 캐릭터와 과학 동화 소재로 사용할 수 있다.,"해양생물의 생김새, 서식지, 분포를 반영한 과학 동화 소재",국명·학명·서식지·분류체계를 활용한 관찰 질문과 퀴즈,5-7;8-10,해양생물종;Microcoleus;steenstrupii;Microcoleaceae,270000026179,Bacteria,세균계,Cyanobacteria,,Cyanophyceae,,Oscillatoriales,,Microcoleaceae,,"Microcoleus steenstrupii Petersen, 1923",Microcoleus steenstrupii,,기타,,,,,,,,,,,정명,"Microcoleus steenstrupii Petersen, 1923"
국립해양생물자원관_해양생물종정보 서비스,https://www.data.go.kr/data/15094770/openapi.do,,marine_life_species,Polycladia myrica,크로미스타계; 대롱편모조식물문; 갈조강; 말목; 모자반과,,,,,Polycladia myrica은(는) 해양생물 캐릭터와 과학 동화 소재로 사용할 수 있다.,"해양생물의 생김새, 서식지, 분포를 반영한 과학 동화 소재",국명·학명·서식지·분류체계를 활용한 관찰 질문과 퀴즈,5-7;8-10,해양생물종;Polycladia;myrica;모자반과,270000014124,Chromista,크로미스타계,Ochrophyta,대롱편모조식물문,Phaeophyceae,갈조강,Fucales,말목,Sargassaceae,모자반과,Polycladia myrica,Polycladia myrica,,기타,,,,,,,,,,,정명,Polycladia myrica
국립해양생물자원관_해양생물종정보 서비스,https://www.data.go.kr/data/15094770/openapi.do,,marine_life_species,Cyanobium gracile,세균계; Cyanobacteria; Cyanophyceae; Synechococcales; Synechococcaceae,,,,,Cyanobium gracile은(는) 해양생물 캐릭터와 과학 동화 소재로 사용할 수 있다.,"해양생물의 생김새, 서식지, 분포를 반영한 과학 동화 소재",국명·학명·서식지·분류체계를 활용한 관찰 질문과 퀴즈,5-7;8-10,해양생물종;Cyanobium;gracile;Synechococcaceae,270000026195,Bacteria,세균계,Cyanobacteria,,Cyanophyceae,,Synechococcales,,Synechococcaceae,,"Cyanobium gracile Rippka & Cohen-Bazire, 1983",Cyanobium gracile,,기타,,,,,,,,,,,정명,"Cyanobium gracile Rippka & Cohen-Bazire, 1983"
국립해양생물자원관_해양생물종정보 서비스,https://www.data.go.kr/data/15094770/openapi.do,,marine_life_species,Schizothrix lacustris,세균계; Cyanobacteria; Cyanophyceae; Pseudanabaenales; Schizotrichaceae,,,,,Schizothrix lacustris은(는) 해양생물 캐릭터와 과학 동화 소재로 사용할 수 있다.,"해양생물의 생김새, 서식지, 분포를 반영한 과학 동화 소재",국명·학명·서식지·분류체계를 활용한 관찰 질문과 퀴즈,5-7;8-10,해양생물종;Schizothrix;lacustris;Schizotrichaceae,270000025033,Bacteria,세균계,Cyanobacteria,,Cyanophyceae,,Pseudanabaenales,,Schizotrichaceae,,"Schizothrix lacustris A.Braun ex Gomont, 1892",Schizothrix lacustris,,기타,,,,,,,,,,,정명,"Schizothrix lacustris A.Braun ex Gomont, 1892"
국립해양생물자원관_해양생물종정보 서비스,https://www.data.go.kr/data/15094770/openapi.do,,marine_life_species,Padina fraseri,크로미스타계; 대롱편모조식물문; 갈조강; 그물바탕말목; 그물바탕말과,,,,,Padina fraseri은(는) 해양생물 캐릭터와 과학 동화 소재로 사용할 수 있다.,"해양생물의 생김새, 서식지, 분포를 반영한 과학 동화 소재",국명·학명·서식지·분류체계를 활용한 관찰 질문과 퀴즈,5-7;8-10,해양생물종;Padina;fraseri;그물바탕말과,270000012471,Chromista,크로미스타계,Ochrophyta,대롱편모조식물문,Phaeophyceae,갈조강,Dictyotales,그물바탕말목,Dictyotaceae,그물바탕말과,Padina fraseri,Padina fraseri,,기타,,,,,,,,,,,정명,Padina fraseri
국립해양생물자원관_해양생물종정보 서비스,https://www.data.go.kr/data/15094770/openapi.do,,marine_life_species,Chnoospora minima,크로미스타계; 대롱편모조식물문; 갈조강; 솜털목; 고리매과,,,,,Chnoospora minima은(는) 해양생물 캐릭터와 과학 동화 소재로 사용할 수 있다.,"해양생물의 생김새, 서식지, 분포를 반영한 과학 동화 소재",국명·학명·서식지·분류체계를 활용한 관찰 질문과 퀴즈,5-7;8-10,해양생물종;Chnoospora;minima;고리매과,270000003712,Chromista,크로미스타계,Ochrophyta,대롱편모조식물문,Phaeophyceae,갈조강,Ectocarpales,솜털목,Scytosiphonaceae,고리매과,Chnoospora minima,Chnoospora minima,,기타,,,,,,,,,,,정명,Chnoospora minima
국립해양생물자원관_해양생물종정보 서비스,https://www.data.go.kr/data/15094770/openapi.do,,marine_life_species,Rhodococcus erythropolis,세균계; Actinomycetota; Actinomycetes; Mycobacteriales; Nocardiaceae,,,,,Rhodococcus erythropolis은(는) 해양생물 캐릭터와 과학 동화 소재로 사용할 수 있다.,"해양생물의 생김새, 서식지, 분포를 반영한 과학 동화 소재",국명·학명·서식지·분류체계를 활용한 관찰 질문과 퀴즈,5-7;8-10,해양생물종;Rhodococcus;erythropolis;Nocardiaceae,270000024823,Bacteria,세균계,Actinomycetota,,Actinomycetes,,Mycobacteriales,,Nocardiaceae,,"Rhodococcus erythropolis (Gray & Thornton) Goodfellow & Alderson, 1977",Rhodococcus erythropolis,,기타,,,,,,,,,,,정명,"Rhodococcus erythropolis (Gray & Thornton) Goodfellow & Alderson, 1977"
국립해양생물자원관_해양생물종정보 서비스,https://www.data.go.kr/data/15094770/openapi.do,,marine_life_species,Phycicoccus duodecadis,세균계; Actinomycetota; Actinomycetes; Micrococcales; Intrasporangiaceae,,,,,Phycicoccus duodecadis은(는) 해양생물 캐릭터와 과학 동화 소재로 사용할 수 있다.,"해양생물의 생김새, 서식지, 분포를 반영한 과학 동화 소재",국명·학명·서식지·분류체계를 활용한 관찰 질문과 퀴즈,5-7;8-10,해양생물종;Phycicoccus;duodecadis;Intrasporangiaceae,270000019911,Bacteria,세균계,Actinomycetota,,Actinomycetes,,Micrococcales,,Intrasporangiaceae,,Phycicoccus duodecadis,Phycicoccus duodecadis,,기타,,,,,,,,,,,정명,Phycicoccus duodecadis
국립해양생물자원관_해양생물종정보 서비스,https://www.data.go.kr/data/15094770/openapi.do,,marine_life_species,Microbacterium schleiferi,세균계; Actinomycetota; Actinomycetes; Micrococcales; Microbacteriaceae,,,,,Microbacterium schleiferi은(는) 해양생물 캐릭터와 과학 동화 소재로 사용할 수 있다.,"해양생물의 생김새, 서식지, 분포를 반영한 과학 동화 소재",국명·학명·서식지·분류체계를 활용한 관찰 질문과 퀴즈,5-7;8-10,해양생물종;Microbacterium;schleiferi;Microbacteriaceae,270000023326,Bacteria,세균계,Actinomycetota,,Actinomycetes,,Micrococcales,,Microbacteriaceae,,"Microbacterium schleiferi (Yokota et al.) Takeuchi & Hatano, 1998",Microbacterium schleiferi,,기타,,,,,,,,,,,정명,"Microbacterium schleiferi (Yokota et al.) Takeuchi & Hatano, 1998"
국립해양생물자원관_해양생물종정보 서비스,https://www.data.go.kr/data/15094770/openapi.do,,marine_life_species,Phormidium subfuscum,세균계; Cyanobacteria; Cyanophyceae; Oscillatoriales; Oscillatoriaceae,,,,,Phormidium subfuscum은(는) 해양생물 캐릭터와 과학 동화 소재로 사용할 수 있다.,"해양생물의 생김새, 서식지, 분포를 반영한 과학 동화 소재",국명·학명·서식지·분류체계를 활용한 관찰 질문과 퀴즈,5-7;8-10,해양생물종;Phormidium;subfuscum;Oscillatoriaceae,270000024181,Bacteria,세균계,Cyanobacteria,,Cyanophyceae,,Oscillatoriales,,Oscillatoriaceae,,"Phormidium subfuscum Kützing ex Gomont, 1892",Phormidium subfuscum,,기타,,,,,,,,,,,정명,"Phormidium subfuscum Kützing ex Gomont, 1892"
국립해양생물자원관_해양생물종정보 서비스,https://www.data.go.kr/data/15094770/openapi.do,,marine_life_species,Hydroclathrus tenuis,크로미스타계; 대롱편모조식물문; 갈조강; 솜털목; 고리매과,,,,,Hydroclathrus tenuis은(는) 해양생물 캐릭터와 과학 동화 소재로 사용할 수 있다.,"해양생물의 생김새, 서식지, 분포를 반영한 과학 동화 소재",국명·학명·서식지·분류체계를 활용한 관찰 질문과 퀴즈,5-7;8-10,해양생물종;Hydroclathrus;tenuis;고리매과,270000008489,Chromista,크로미스타계,Ochrophyta,대롱편모조식물문,Phaeophyceae,갈조강,Ectocarpales,솜털목,Scytosiphonaceae,고리매과,Hydroclathrus tenuis,Hydroclathrus tenuis,,기타,,,,,,,,,,,정명,Hydroclathrus tenuis
국립해양생물자원관_해양생물종정보 서비스,https://www.data.go.kr/data/15094770/openapi.do,,marine_life_species,Lobophora variegata,크로미스타계; 대롱편모조식물문; 갈조강; 그물바탕말목; 그물바탕말과,,,,,Lobophora variegata은(는) 해양생물 캐릭터와 과학 동화 소재로 사용할 수 있다.,"해양생물의 생김새, 서식지, 분포를 반영한 과학 동화 소재",국명·학명·서식지·분류체계를 활용한 관찰 질문과 퀴즈,5-7;8-10,해양생물종;Lobophora;variegata;그물바탕말과,270000009843,Chromista,크로미스타계,Ochrophyta,대롱편모조식물문,Phaeophyceae,갈조강,Dictyotales,그물바탕말목,Dictyotaceae,그물바탕말과,Lobophora variegata,Lobophora variegata,,기타,,,,,,,,,,,정명,Lobophora variegata
국립해양생물자원관_해양생물종정보 서비스,https://www.data.go.kr/data/15094770/openapi.do,,marine_life_species,Sphacelaria tribuloides,크로미스타계; 대롱편모조식물문; 갈조강; 갯쇠털목; 갯쇠털과,,,,,Sphacelaria tribuloides은(는) 해양생물 캐릭터와 과학 동화 소재로 사용할 수 있다.,"해양생물의 생김새, 서식지, 분포를 반영한 과학 동화 소재",국명·학명·서식지·분류체계를 활용한 관찰 질문과 퀴즈,5-7;8-10,해양생물종;Sphacelaria;tribuloides;갯쇠털과,270000029547,Chromista,크로미스타계,Ochrophyta,대롱편모조식물문,Phaeophyceae,갈조강,Sphacelariales,갯쇠털목,Sphacelariaceae,갯쇠털과,"Sphacelaria tribuloides Meneghini, 1840",Sphacelaria tribuloides,,기타,,,,,,,,,,,정명,"Sphacelaria tribuloides Meneghini, 1840"
국립해양생물자원관_해양생물종정보 서비스,https://www.data.go.kr/data/15094770/openapi.do,,marine_life_species,Stephanocystis geminata,크로미스타계; 대롱편모조식물문; 갈조강; 말목; 모자반과,,,,,Stephanocystis geminata은(는) 해양생물 캐릭터와 과학 동화 소재로 사용할 수 있다.,"해양생물의 생김새, 서식지, 분포를 반영한 과학 동화 소재",국명·학명·서식지·분류체계를 활용한 관찰 질문과 퀴즈,5-7;8-10,해양생물종;Stephanocystis;geminata;모자반과,270000028308,Chromista,크로미스타계,Ochrophyta,대롱편모조식물문,Phaeophyceae,갈조강,Fucales,말목,Sargassaceae,모자반과,"Stephanocystis geminata (C.Agardh) Draisma, Ballesteros, F.Rousseau & T.Thibaut, 2010",Stephanocystis geminata,,기타,,,,,,,,,,,정명,"Stephanocystis geminata (C.Agardh) Draisma, Ballesteros, F.Rousseau & T.Thibaut, 2010"
국립해양생물자원관_해양생물종정보 서비스,https://www.data.go.kr/data/15094770/openapi.do,,marine_life_species,Dictyota crenulata,크로미스타계; 대롱편모조식물문; 갈조강; 그물바탕말목; 그물바탕말과,,,,,Dictyota crenulata은(는) 해양생물 캐릭터와 과학 동화 소재로 사용할 수 있다.,"해양생물의 생김새, 서식지, 분포를 반영한 과학 동화 소재",국명·학명·서식지·분류체계를 활용한 관찰 질문과 퀴즈,5-7;8-10,해양생물종;Dictyota;crenulata;그물바탕말과,270000005381,Chromista,크로미스타계,Ochrophyta,대롱편모조식물문,Phaeophyceae,갈조강,Dictyotales,그물바탕말목,Dictyotaceae,그물바탕말과,Dictyota crenulata,Dictyota crenulata,,기타,,,,,,,,,,,정명,Dictyota crenulata
국립해양생물자원관_해양생물종정보 서비스,https://www.data.go.kr/data/15094770/openapi.do,,marine_life_species,Desmarestia herbacea,크로미스타계; 대롱편모조식물문; 갈조강; 산말목; 산말과,,,,,Desmarestia herbacea은(는) 해양생물 캐릭터와 과학 동화 소재로 사용할 수 있다.,"해양생물의 생김새, 서식지, 분포를 반영한 과학 동화 소재",국명·학명·서식지·분류체계를 활용한 관찰 질문과 퀴즈,5-7;8-10,해양생물종;Desmarestia;herbacea;산말과,270000005247,Chromista,크로미스타계,Ochrophyta,대롱편모조식물문,Phaeophyceae,갈조강,Desmarestiales,산말목,Desmarestiaceae,산말과,Desmarestia herbacea,Desmarestia herbacea,,기타,,,,,,,,,,,정명,Desmarestia herbacea
국립해양생물자원관_해양생물종정보 서비스,https://www.data.go.kr/data/15094770/openapi.do,,marine_life_species,Oscillatoria bonnemaisonii,세균계; Cyanobacteria; Cyanophyceae; Oscillatoriales; Oscillatoriaceae,,,,,Oscillatoria bonnemaisonii은(는) 해양생물 캐릭터와 과학 동화 소재로 사용할 수 있다.,"해양생물의 생김새, 서식지, 분포를 반영한 과학 동화 소재",국명·학명·서식지·분류체계를 활용한 관찰 질문과 퀴즈,5-7;8-10,해양생물종;Oscillatoria;bonnemaisonii;Oscillatoriaceae,270000023806,Bacteria,세균계,Cyanobacteria,,Cyanophyceae,,Oscillatoriales,,Oscillatoriaceae,,"Oscillatoria bonnemaisonii Crouan & Crouan ex Gomont, 1892",Oscillatoria bonnemaisonii,,기타,,,,,,,,,,,정명,"Oscillatoria bonnemaisonii Crouan & Crouan ex Gomont, 1892"
국립해양생물자원관_해양생물종정보 서비스,https://www.data.go.kr/data/15094770/openapi.do,,marine_life_species,Rhodococcus gordoniae,세균계; Actinomycetota; Actinomycetes; Mycobacteriales; Nocardiaceae,,,,,Rhodococcus gordoniae은(는) 해양생물 캐릭터와 과학 동화 소재로 사용할 수 있다.,"해양생물의 생김새, 서식지, 분포를 반영한 과학 동화 소재",국명·학명·서식지·분류체계를 활용한 관찰 질문과 퀴즈,5-7;8-10,해양생물종;Rhodococcus;gordoniae;Nocardiaceae,270000024826,Bacteria,세균계,Actinomycetota,,Actinomycetes,,Mycobacteriales,,Nocardiaceae,,"Rhodococcus gordoniae Jones et al., 2004",Rhodococcus gordoniae,,기타,,,,,,,,,,,정명,"Rhodococcus gordoniae Jones et al., 2004"
국립해양생물자원관_해양생물종정보 서비스,https://www.data.go.kr/data/15094770/openapi.do,,marine_life_species,Agromyces flavus,세균계; Actinomycetota; Actinomycetes; Micrococcales; Microbacteriaceae,,,,,Agromyces flavus은(는) 해양생물 캐릭터와 과학 동화 소재로 사용할 수 있다.,"해양생물의 생김새, 서식지, 분포를 반영한 과학 동화 소재",국명·학명·서식지·분류체계를 활용한 관찰 질문과 퀴즈,5-7;8-10,해양생물종;Agromyces;flavus;Microbacteriaceae,270000020131,Bacteria,세균계,Actinomycetota,,Actinomycetes,,Micrococcales,,Microbacteriaceae,,"Agromyces flavus Chen et al., 2011",Agromyces flavus,,기타,,,,,,,,,,,정명,"Agromyces flavus Chen et al., 2011"
국립해양생물자원관_해양생물종정보 서비스,https://www.data.go.kr/data/15094770/openapi.do,,marine_life_species,Feldmannia simplex,크로미스타계; 대롱편모조식물문; 갈조강; 솜털목; 솜말과,,,,,Feldmannia simplex은(는) 해양생물 캐릭터와 과학 동화 소재로 사용할 수 있다.,"해양생물의 생김새, 서식지, 분포를 반영한 과학 동화 소재",국명·학명·서식지·분류체계를 활용한 관찰 질문과 퀴즈,5-7;8-10,해양생물종;Feldmannia;simplex;솜말과,270000006664,Chromista,크로미스타계,Ochrophyta,대롱편모조식물문,Phaeophyceae,갈조강,Ectocarpales,솜털목,Acinetosporaceae,솜말과,Feldmannia simplex,Feldmannia simplex,,기타,,,,,,,,,,,정명,Feldmannia simplex
국립해양생물자원관_해양생물종정보 서비스,https://www.data.go.kr/data/15094770/openapi.do,,marine_life_species,Agrococcus lahaulensis,세균계; Actinomycetota; Actinomycetes; Micrococcales; Microbacteriaceae,,,,,Agrococcus lahaulensis은(는) 해양생물 캐릭터와 과학 동화 소재로 사용할 수 있다.,"해양생물의 생김새, 서식지, 분포를 반영한 과학 동화 소재",국명·학명·서식지·분류체계를 활용한 관찰 질문과 퀴즈,5-7;8-10,해양생물종;Agrococcus;lahaulensis;Microbacteriaceae,270000020126,Bacteria,세균계,Actinomycetota,,Actinomycetes,,Micrococcales,,Microbacteriaceae,,"Agrococcus lahaulensis Mayilraj et al., 2006",Agrococcus lahaulensis,,기타,,,,,,,,,,,정명,"Agrococcus lahaulensis Mayilraj et al., 2006"
국립해양생물자원관_해양생물종정보 서비스,https://www.data.go.kr/data/15094770/openapi.do,,marine_life_species,Anagnostidinema amphibium,세균계; Cyanobacteria; Cyanophyceae; Oscillatoriales; Coleofasciculaceae,,,,,Anagnostidinema amphibium은(는) 해양생물 캐릭터와 과학 동화 소재로 사용할 수 있다.,"해양생물의 생김새, 서식지, 분포를 반영한 과학 동화 소재",국명·학명·서식지·분류체계를 활용한 관찰 질문과 퀴즈,5-7;8-10,해양생물종;Anagnostidinema;amphibium;Coleofasciculaceae,270000026171,Bacteria,세균계,Cyanobacteria,,Cyanophyceae,,Oscillatoriales,,Coleofasciculaceae,,"Anagnostidinema amphibium (C. Agardh ex Gomont) Strunecký, Bohunická, J.R. Johansen & J. Komárek, 2017",Anagnostidinema amphibium,,기타,,,,,,,,,,,정명,"Anagnostidinema amphibium (C. Agardh ex Gomont) Strunecký, Bohunická, J.R. Johansen & J. Komárek, 2017"
국립해양생물자원관_해양생물종정보 서비스,https://www.data.go.kr/data/15094770/openapi.do,,marine_life_species,Padina boergesenii,크로미스타계; 대롱편모조식물문; 갈조강; 그물바탕말목; 그물바탕말과,,,,,Padina boergesenii은(는) 해양생물 캐릭터와 과학 동화 소재로 사용할 수 있다.,"해양생물의 생김새, 서식지, 분포를 반영한 과학 동화 소재",국명·학명·서식지·분류체계를 활용한 관찰 질문과 퀴즈,5-7;8-10,해양생물종;Padina;boergesenii;그물바탕말과,270000012467,Chromista,크로미스타계,Ochrophyta,대롱편모조식물문,Phaeophyceae,갈조강,Dictyotales,그물바탕말목,Dictyotaceae,그물바탕말과,Padina boergesenii,Padina boergesenii,,기타,,,,,,,,,,,정명,Padina boergesenii
국립해양생물자원관_해양생물종정보 서비스,https://www.data.go.kr/data/15094770/openapi.do,,marine_life_species,Coilodesme fucicola,크로미스타계; 대롱편모조식물문; 갈조강; 솜털목; 민가지말과,,,,,Coilodesme fucicola은(는) 해양생물 캐릭터와 과학 동화 소재로 사용할 수 있다.,"해양생물의 생김새, 서식지, 분포를 반영한 과학 동화 소재",국명·학명·서식지·분류체계를 활용한 관찰 질문과 퀴즈,5-7;8-10,해양생물종;Coilodesme;fucicola;민가지말과,270000021617,Chromista,크로미스타계,Ochrophyta,대롱편모조식물문,Phaeophyceae,갈조강,Ectocarpales,솜털목,Chordariaceae,민가지말과,"Coilodesme fucicola (Yendo) Nagai, 1940",Coilodesme fucicola,,기타,,,,,,,,,,,정명,"Coilodesme fucicola (Yendo) Nagai, 1940"
국립해양생물자원관_해양생물종정보 서비스,https://www.data.go.kr/data/15094770/openapi.do,,marine_life_species,Sargassum crispifolium,크로미스타계; 대롱편모조식물문; 갈조강; 말목; 모자반과,,,,,Sargassum crispifolium은(는) 해양생물 캐릭터와 과학 동화 소재로 사용할 수 있다.,"해양생물의 생김새, 서식지, 분포를 반영한 과학 동화 소재",국명·학명·서식지·분류체계를 활용한 관찰 질문과 퀴즈,5-7;8-10,해양생물종;Sargassum;crispifolium;모자반과,270000015977,Chromista,크로미스타계,Ochrophyta,대롱편모조식물문,Phaeophyceae,갈조강,Fucales,말목,Sargassaceae,모자반과,Sargassum crispifolium,Sargassum crispifolium,,기타,,,,,,,,,,,정명,Sargassum crispifolium
국립해양생물자원관_해양생물종정보 서비스,https://www.data.go.kr/data/15094770/openapi.do,,marine_life_species,Sungminia pyriformis,크로미스타계; 대롱편모조식물문; 갈조강; 바위딱지목; Sungminiaceae,,,,,Sungminia pyriformis은(는) 해양생물 캐릭터와 과학 동화 소재로 사용할 수 있다.,"해양생물의 생김새, 서식지, 분포를 반영한 과학 동화 소재",국명·학명·서식지·분류체계를 활용한 관찰 질문과 퀴즈,5-7;8-10,해양생물종;Sungminia;pyriformis;Sungminiaceae,270000028463,Chromista,크로미스타계,Ochrophyta,대롱편모조식물문,Phaeophyceae,갈조강,Ralfsiales,바위딱지목,Sungminiaceae,,"Sungminia pyriformis Oteng'o, Won & T.O.Cho, 2022",Sungminia pyriformis,,기타,,,,,,,,,,,정명,"Sungminia pyriformis Oteng'o, Won & T.O.Cho, 2022"
국립해양생물자원관_해양생물종정보 서비스,https://www.data.go.kr/data/15094770/openapi.do,,marine_life_species,Corynebacterium variabilis,세균계; Actinomycetota; Actinomycetes; Mycobacteriales; Corynebacteriaceae,,,,,Corynebacterium variabilis은(는) 해양생물 캐릭터와 과학 동화 소재로 사용할 수 있다.,"해양생물의 생김새, 서식지, 분포를 반영한 과학 동화 소재",국명·학명·서식지·분류체계를 활용한 관찰 질문과 퀴즈,5-7;8-10,해양생물종;Corynebacterium;variabilis;Corynebacteriaceae,270000019386,Bacteria,세균계,Actinomycetota,,Actinomycetes,,Mycobacteriales,,Corynebacteriaceae,,Corynebacterium variabilis,Corynebacterium variabilis,,기타,,,,,,,,,,,정명,Corynebacterium variabilis
국립해양생물자원관_해양생물종정보 서비스,https://www.data.go.kr/data/15094770/openapi.do,,marine_life_species,Halopteris funicularis,크로미스타계; 대롱편모조식물문; 갈조강; 갯쇠털목; 물잔털과,,,,,Halopteris funicularis은(는) 해양생물 캐릭터와 과학 동화 소재로 사용할 수 있다.,"해양생물의 생김새, 서식지, 분포를 반영한 과학 동화 소재",국명·학명·서식지·분류체계를 활용한 관찰 질문과 퀴즈,5-7;8-10,해양생물종;Halopteris;funicularis;물잔털과,270000007928,Chromista,크로미스타계,Ochrophyta,대롱편모조식물문,Phaeophyceae,갈조강,Sphacelariales,갯쇠털목,Stypocaulaceae,물잔털과,Halopteris funicularis,Halopteris funicularis,,기타,,,,,,,,,,,정명,Halopteris funicularis
국립해양생물자원관_해양생물종정보 서비스,https://www.data.go.kr/data/15094770/openapi.do,,marine_life_species,Nocardioides baculatus,세균계; Actinomycetota; Actinomycetes; Propionibacteriales; Nocardioidaceae,,,,,Nocardioides baculatus은(는) 해양생물 캐릭터와 과학 동화 소재로 사용할 수 있다.,"해양생물의 생김새, 서식지, 분포를 반영한 과학 동화 소재",국명·학명·서식지·분류체계를 활용한 관찰 질문과 퀴즈,5-7;8-10,해양생물종;Nocardioides;baculatus;Nocardioidaceae,270000029668,Bacteria,세균계,Actinomycetota,,Actinomycetes,,Propionibacteriales,,Nocardioidaceae,,"Nocardioides baculatus Chhetri et al., 2021",Nocardioides baculatus,,기타,,,,,,,,,,,정명,"Nocardioides baculatus Chhetri et al., 2021"
국립해양생물자원관_해양생물종정보 서비스,https://www.data.go.kr/data/15094770/openapi.do,,marine_life_species,Arthrobacter parietis,세균계; Actinomycetota; Actinomycetes; Micrococcales; Micrococcaceae,,,,,Arthrobacter parietis은(는) 해양생물 캐릭터와 과학 동화 소재로 사용할 수 있다.,"해양생물의 생김새, 서식지, 분포를 반영한 과학 동화 소재",국명·학명·서식지·분류체계를 활용한 관찰 질문과 퀴즈,5-7;8-10,해양생물종;Arthrobacter;parietis;Micrococcaceae,270000020476,Bacteria,세균계,Actinomycetota,,Actinomycetes,,Micrococcales,,Micrococcaceae,,"Arthrobacter parietis Heyrman et al., 2005",Arthrobacter parietis,,기타,,,,,,,,,,,정명,"Arthrobacter parietis Heyrman et al., 2005"
국립해양생물자원관_해양생물종정보 서비스,https://www.data.go.kr/data/15094770/openapi.do,,marine_life_species,Janibacter limosus,세균계; Actinomycetota; Actinomycetes; Micrococcales; Intrasporangiaceae,,,,,Janibacter limosus은(는) 해양생물 캐릭터와 과학 동화 소재로 사용할 수 있다.,"해양생물의 생김새, 서식지, 분포를 반영한 과학 동화 소재",국명·학명·서식지·분류체계를 활용한 관찰 질문과 퀴즈,5-7;8-10,해양생물종;Janibacter;limosus;Intrasporangiaceae,270000022664,Bacteria,세균계,Actinomycetota,,Actinomycetes,,Micrococcales,,Intrasporangiaceae,,"Janibacter limosus Martin et al., 1997",Janibacter limosus,,기타,,,,,,,,,,,정명,"Janibacter limosus Martin et al., 1997"
국립해양생물자원관_해양생물종정보 서비스,https://www.data.go.kr/data/15094770/openapi.do,,marine_life_species,Dictyota ceylanica,크로미스타계; 대롱편모조식물문; 갈조강; 그물바탕말목; 그물바탕말과,,,,,Dictyota ceylanica은(는) 해양생물 캐릭터와 과학 동화 소재로 사용할 수 있다.,"해양생물의 생김새, 서식지, 분포를 반영한 과학 동화 소재",국명·학명·서식지·분류체계를 활용한 관찰 질문과 퀴즈,5-7;8-10,해양생물종;Dictyota;ceylanica;그물바탕말과,270000005378,Chromista,크로미스타계,Ochrophyta,대롱편모조식물문,Phaeophyceae,갈조강,Dictyotales,그물바탕말목,Dictyotaceae,그물바탕말과,Dictyota ceylanica,Dictyota ceylanica,,기타,,,,,,,,,,,정명,Dictyota ceylanica
국립해양생물자원관_해양생물종정보 서비스,https://www.data.go.kr/data/15094770/openapi.do,,marine_life_species,Nocardioides marinus,세균계; Actinomycetota; Actinomycetes; Propionibacteriales; Nocardioidaceae,,,,,Nocardioides marinus은(는) 해양생물 캐릭터와 과학 동화 소재로 사용할 수 있다.,"해양생물의 생김새, 서식지, 분포를 반영한 과학 동화 소재",국명·학명·서식지·분류체계를 활용한 관찰 질문과 퀴즈,5-7;8-10,해양생물종;Nocardioides;marinus;Nocardioidaceae,270000011791,Bacteria,세균계,Actinomycetota,,Actinomycetes,,Propionibacteriales,,Nocardioidaceae,,Nocardioides marinus,Nocardioides marinus,,기타,,,,,,,,,,,정명,Nocardioides marinus
국립해양생물자원관_해양생물종정보 서비스,https://www.data.go.kr/data/15094770/openapi.do,,marine_life_species,Corynebacterium striatum,세균계; Actinomycetota; Actinomycetes; Mycobacteriales; Corynebacteriaceae,,,,,Corynebacterium striatum은(는) 해양생물 캐릭터와 과학 동화 소재로 사용할 수 있다.,"해양생물의 생김새, 서식지, 분포를 반영한 과학 동화 소재",국명·학명·서식지·분류체계를 활용한 관찰 질문과 퀴즈,5-7;8-10,해양생물종;Corynebacterium;striatum;Corynebacteriaceae,270000028926,Bacteria,세균계,Actinomycetota,,Actinomycetes,,Mycobacteriales,,Corynebacteriaceae,,"Corynebacterium striatum (Chester, 1901) Eberson, 1918",Corynebacterium striatum,,기타,,,,,,,,,,,정명,"Corynebacterium striatum (Chester, 1901) Eberson, 1918"
국립해양생물자원관_해양생물종정보 서비스,https://www.data.go.kr/data/15094770/openapi.do,,marine_life_species,Nesterenkonia jeotgali,세균계; Actinomycetota; Actinomycetes; Micrococcales; Micrococcaceae,,,,,Nesterenkonia jeotgali은(는) 해양생물 캐릭터와 과학 동화 소재로 사용할 수 있다.,"해양생물의 생김새, 서식지, 분포를 반영한 과학 동화 소재",국명·학명·서식지·분류체계를 활용한 관찰 질문과 퀴즈,5-7;8-10,해양생물종;Nesterenkonia;jeotgali;Micrococcaceae,270000028963,Bacteria,세균계,Actinomycetota,,Actinomycetes,,Micrococcales,,Micrococcaceae,,Nesterenkonia jeotgali Yoon et al. 2006,Nesterenkonia jeotgali,,기타,,,,,,,,,,,정명,Nesterenkonia jeotgali Yoon et al. 2006
국립해양생물자원관_해양생물종정보 서비스,https://www.data.go.kr/data/15094770/openapi.do,,marine_life_species,Kocuria salina,세균계; Actinomycetota; Actinomycetes; Micrococcales; Micrococcaceae,,,,,Kocuria salina은(는) 해양생물 캐릭터와 과학 동화 소재로 사용할 수 있다.,"해양생물의 생김새, 서식지, 분포를 반영한 과학 동화 소재",국명·학명·서식지·분류체계를 활용한 관찰 질문과 퀴즈,5-7;8-10,해양생물종;Kocuria;salina;Micrococcaceae,270000027960,Bacteria,세균계,Actinomycetota,,Actinomycetes,,Micrococcales,,Micrococcaceae,,"Kocuria salina Camacho et al., 2017",Kocuria salina,,기타,,,,,,,,,,,정명,"Kocuria salina Camacho et al., 2017"
국립해양생물자원관_해양생물종정보 서비스,https://www.data.go.kr/data/15094770/openapi.do,,marine_life_species,Merismopedia warmingiana,세균계; Cyanobacteria; Cyanophyceae; Synechococcales; Merismopediaceae,,,,,Merismopedia warmingiana은(는) 해양생물 캐릭터와 과학 동화 소재로 사용할 수 있다.,"해양생물의 생김새, 서식지, 분포를 반영한 과학 동화 소재",국명·학명·서식지·분류체계를 활용한 관찰 질문과 퀴즈,5-7;8-10,해양생물종;Merismopedia;warmingiana;Merismopediaceae,270000026204,Bacteria,세균계,Cyanobacteria,,Cyanophyceae,,Synechococcales,,Merismopediaceae,,"Merismopedia warmingiana (Lagerheim) Forti, 1907",Merismopedia warmingiana,,기타,,,,,,,,,,,정명,"Merismopedia warmingiana (Lagerheim) Forti, 1907"
국립해양생물자원관_해양생물종정보 서비스,https://www.data.go.kr/data/15094770/openapi.do,,marine_life_species,Gulosibacter faecalis,세균계; Actinomycetota; Actinomycetes; Micrococcales; Microbacteriaceae,,,,,Gulosibacter faecalis은(는) 해양생물 캐릭터와 과학 동화 소재로 사용할 수 있다.,"해양생물의 생김새, 서식지, 분포를 반영한 과학 동화 소재",국명·학명·서식지·분류체계를 활용한 관찰 질문과 퀴즈,5-7;8-10,해양생물종;Gulosibacter;faecalis;Microbacteriaceae,270000019797,Bacteria,세균계,Actinomycetota,,Actinomycetes,,Micrococcales,,Microbacteriaceae,,Gulosibacter faecalis,Gulosibacter faecalis,,기타,,,,,,,,,,,정명,Gulosibacter faecalis
국립해양생물자원관_해양생물종정보 서비스,https://www.data.go.kr/data/15094770/openapi.do,,marine_life_species,Nocardioides aestuarii,세균계; Actinomycetota; Actinomycetes; Propionibacteriales; Nocardioidaceae,,,,,Nocardioides aestuarii은(는) 해양생물 캐릭터와 과학 동화 소재로 사용할 수 있다.,"해양생물의 생김새, 서식지, 분포를 반영한 과학 동화 소재",국명·학명·서식지·분류체계를 활용한 관찰 질문과 퀴즈,5-7;8-10,해양생물종;Nocardioides;aestuarii;Nocardioidaceae,270000011777,Bacteria,세균계,Actinomycetota,,Actinomycetes,,Propionibacteriales,,Nocardioidaceae,,Nocardioides aestuarii,Nocardioides aestuarii,,기타,,,,,,,,,,,정명,Nocardioides aestuarii
국립해양생물자원관_해양생물종정보 서비스,https://www.data.go.kr/data/15094770/openapi.do,,marine_life_species,Micromonospora humi,세균계; Actinomycetota; Actinomycetes; Micromonosporales; Micromonosporaceae,,,,,Micromonospora humi은(는) 해양생물 캐릭터와 과학 동화 소재로 사용할 수 있다.,"해양생물의 생김새, 서식지, 분포를 반영한 과학 동화 소재",국명·학명·서식지·분류체계를 활용한 관찰 질문과 퀴즈,5-7;8-10,해양생물종;Micromonospora;humi;Micromonosporaceae,270000010812,Bacteria,세균계,Actinomycetota,,Actinomycetes,,Micromonosporales,,Micromonosporaceae,,Micromonospora humi,Micromonospora humi,,기타,,,,,,,,,,,정명,Micromonospora humi
국립해양생물자원관_해양생물종정보 서비스,https://www.data.go.kr/data/15094770/openapi.do,,marine_life_species,Gordonia mangrovi,세균계; Actinomycetota; Actinomycetes; Mycobacteriales; Gordoniaceae,,,,,Gordonia mangrovi은(는) 해양생물 캐릭터와 과학 동화 소재로 사용할 수 있다.,"해양생물의 생김새, 서식지, 분포를 반영한 과학 동화 소재",국명·학명·서식지·분류체계를 활용한 관찰 질문과 퀴즈,5-7;8-10,해양생물종;Gordonia;mangrovi;Gordoniaceae,270000027948,Bacteria,세균계,Actinomycetota,,Actinomycetes,,Mycobacteriales,,Gordoniaceae,,"Gordonia mangrovi Xie et al., 2020",Gordonia mangrovi,,기타,,,,,,,,,,,정명,"Gordonia mangrovi Xie et al., 2020"
국립해양생물자원관_해양생물종정보 서비스,https://www.data.go.kr/data/15094770/openapi.do,,marine_life_species,Gordonia otitidis,세균계; Actinomycetota; Actinomycetes; Mycobacteriales; Gordoniaceae,,,,,Gordonia otitidis은(는) 해양생물 캐릭터와 과학 동화 소재로 사용할 수 있다.,"해양생물의 생김새, 서식지, 분포를 반영한 과학 동화 소재",국명·학명·서식지·분류체계를 활용한 관찰 질문과 퀴즈,5-7;8-10,해양생물종;Gordonia;otitidis;Gordoniaceae,270000028876,Bacteria,세균계,Actinomycetota,,Actinomycetes,,Mycobacteriales,,Gordoniaceae,,"Gordonia otitidis Iida et al., 2005",Gordonia otitidis,,기타,,,,,,,,,,,정명,"Gordonia otitidis Iida et al., 2005"
국립해양생물자원관_해양생물종정보 서비스,https://www.data.go.kr/data/15094770/openapi.do,,marine_life_species,Porphyrosiphon luteus,세균계; Cyanobacteria; Cyanophyceae; Oscillatoriales; Microcoleaceae,,,,,Porphyrosiphon luteus은(는) 해양생물 캐릭터와 과학 동화 소재로 사용할 수 있다.,"해양생물의 생김새, 서식지, 분포를 반영한 과학 동화 소재",국명·학명·서식지·분류체계를 활용한 관찰 질문과 퀴즈,5-7;8-10,해양생물종;Porphyrosiphon;luteus;Microcoleaceae,270000024356,Bacteria,세균계,Cyanobacteria,,Cyanophyceae,,Oscillatoriales,,Microcoleaceae,,"Porphyrosiphon luteus (Gomont ex Gomont) Anagnostidis & Komárek, 1988",Porphyrosiphon luteus,,기타,,,,,,,,,,,정명,"Porphyrosiphon luteus (Gomont ex Gomont) Anagnostidis & Komárek, 1988"
국립해양생물자원관_해양생물종정보 서비스,https://www.data.go.kr/data/15094770/openapi.do,,marine_life_species,Saccharopolyspora gloriosae,세균계; Actinomycetota; Actinomycetes; Pseudonocardiales; Pseudonocardiaceae,,,,,Saccharopolyspora gloriosae은(는) 해양생물 캐릭터와 과학 동화 소재로 사용할 수 있다.,"해양생물의 생김새, 서식지, 분포를 반영한 과학 동화 소재",국명·학명·서식지·분류체계를 활용한 관찰 질문과 퀴즈,5-7;8-10,해양생물종;Saccharopolyspora;gloriosae;Pseudonocardiaceae,270000015827,Bacteria,세균계,Actinomycetota,,Actinomycetes,,Pseudonocardiales,,Pseudonocardiaceae,,Saccharopolyspora gloriosae,Saccharopolyspora gloriosae,,기타,,,,,,,,,,,정명,Saccharopolyspora gloriosae
국립해양생물자원관_해양생물종정보 서비스,https://www.data.go.kr/data/15094770/openapi.do,,marine_life_species,Dictyopteris polypodioides,크로미스타계; 대롱편모조식물문; 갈조강; 그물바탕말목; 그물바탕말과,,,,,Dictyopteris polypodioides은(는) 해양생물 캐릭터와 과학 동화 소재로 사용할 수 있다.,"해양생물의 생김새, 서식지, 분포를 반영한 과학 동화 소재",국명·학명·서식지·분류체계를 활용한 관찰 질문과 퀴즈,5-7;8-10,해양생물종;Dictyopteris;polypodioides;그물바탕말과,270000005364,Chromista,크로미스타계,Ochrophyta,대롱편모조식물문,Phaeophyceae,갈조강,Dictyotales,그물바탕말목,Dictyotaceae,그물바탕말과,"Dictyopteris polypodioides (A.P.De Candolle) J.V.Lamouroux, 1809",Dictyopteris polypodioides,,기타,,,,,,,,,,,정명,"Dictyopteris polypodioides (A.P.De Candolle) J.V.Lamouroux, 1809"
국립해양생물자원관_해양생물종정보 서비스,https://www.data.go.kr/data/15094770/openapi.do,,marine_life_species,Cellulosimicrobium cellulans,세균계; Actinomycetota; Actinomycetes; Micrococcales; Promicromonosporaceae,,,,,Cellulosimicrobium cellulans은(는) 해양생물 캐릭터와 과학 동화 소재로 사용할 수 있다.,"해양생물의 생김새, 서식지, 분포를 반영한 과학 동화 소재",국명·학명·서식지·분류체계를 활용한 관찰 질문과 퀴즈,5-7;8-10,해양생물종;Cellulosimicrobium;cellulans;Promicromonosporaceae,270000003210,Bacteria,세균계,Actinomycetota,,Actinomycetes,,Micrococcales,,Promicromonosporaceae,,Cellulosimicrobium cellulans,Cellulosimicrobium cellulans,,기타,,,,,,,,,,,정명,Cellulosimicrobium cellulans
국립해양생물자원관_해양생물종정보 서비스,https://www.data.go.kr/data/15094770/openapi.do,,marine_life_species,Oerskovia enterophila,세균계; Actinomycetota; Actinomycetes; Micrococcales; Promicromonosporaceae,,,,,Oerskovia enterophila은(는) 해양생물 캐릭터와 과학 동화 소재로 사용할 수 있다.,"해양생물의 생김새, 서식지, 분포를 반영한 과학 동화 소재",국명·학명·서식지·분류체계를 활용한 관찰 질문과 퀴즈,5-7;8-10,해양생물종;Oerskovia;enterophila;Promicromonosporaceae,270000023748,Bacteria,세균계,Actinomycetota,,Actinomycetes,,Micrococcales,,Promicromonosporaceae,,"Oerskovia enterophila (Jáger et al.) Stackebrandt et al., 2002",Oerskovia enterophila,,기타,,,,,,,,,,,정명,"Oerskovia enterophila (Jáger et al.) Stackebrandt et al., 2002"
국립해양생물자원관_해양생물종정보 서비스,https://www.data.go.kr/data/15094770/openapi.do,,marine_life_species,Corynebacterium callunae,세균계; Actinomycetota; Actinomycetes; Mycobacteriales; Corynebacteriaceae,,,,,Corynebacterium callunae은(는) 해양생물 캐릭터와 과학 동화 소재로 사용할 수 있다.,"해양생물의 생김새, 서식지, 분포를 반영한 과학 동화 소재",국명·학명·서식지·분류체계를 활용한 관찰 질문과 퀴즈,5-7;8-10,해양생물종;Corynebacterium;callunae;Corynebacteriaceae,270000021498,Bacteria,세균계,Actinomycetota,,Actinomycetes,,Mycobacteriales,,Corynebacteriaceae,,"Corynebacterium callunae (Lee & Good) Yamada & Komagata, 1972",Corynebacterium callunae,,기타,,,,,,,,,,,정명,"Corynebacterium callunae (Lee & Good) Yamada & Komagata, 1972"
국립해양생물자원관_해양생물종정보 서비스,https://www.data.go.kr/data/15094770/openapi.do,,marine_life_species,Amycolatopsis tucumanensis,세균계; Actinomycetota; Actinomycetes; Pseudonocardiales; Pseudonocardiaceae,,,,,Amycolatopsis tucumanensis은(는) 해양생물 캐릭터와 과학 동화 소재로 사용할 수 있다.,"해양생물의 생김새, 서식지, 분포를 반영한 과학 동화 소재",국명·학명·서식지·분류체계를 활용한 관찰 질문과 퀴즈,5-7;8-10,해양생물종;Amycolatopsis;tucumanensis;Pseudonocardiaceae,270000020307,Bacteria,세균계,Actinomycetota,,Actinomycetes,,Pseudonocardiales,,Pseudonocardiaceae,,"Amycolatopsis tucumanensis Albarracín et al., 2010",Amycolatopsis tucumanensis,,기타,,,,,,,,,,,정명,"Amycolatopsis tucumanensis Albarracín et al., 2010"
국립해양생물자원관_해양생물종정보 서비스,https://www.data.go.kr/data/15094770/openapi.do,,marine_life_species,Arthrobacter luteolus,세균계; Actinomycetota; Actinomycetes; Micrococcales; Micrococcaceae,,,,,Arthrobacter luteolus은(는) 해양생물 캐릭터와 과학 동화 소재로 사용할 수 있다.,"해양생물의 생김새, 서식지, 분포를 반영한 과학 동화 소재",국명·학명·서식지·분류체계를 활용한 관찰 질문과 퀴즈,5-7;8-10,해양생물종;Arthrobacter;luteolus;Micrococcaceae,270000020469,Bacteria,세균계,Actinomycetota,,Actinomycetes,,Micrococcales,,Micrococcaceae,,"Arthrobacter luteolus Wauters et al., 2000",Arthrobacter luteolus,,기타,,,,,,,,,,,정명,"Arthrobacter luteolus Wauters et al., 2000"
국립해양생물자원관_해양생물종정보 서비스,https://www.data.go.kr/data/15094770/openapi.do,,marine_life_species,Arthrobacter gandavensis,세균계; Actinomycetota; Actinomycetes; Micrococcales; Micrococcaceae,,,,,Arthrobacter gandavensis은(는) 해양생물 캐릭터와 과학 동화 소재로 사용할 수 있다.,"해양생물의 생김새, 서식지, 분포를 반영한 과학 동화 소재",국명·학명·서식지·분류체계를 활용한 관찰 질문과 퀴즈,5-7;8-10,해양생물종;Arthrobacter;gandavensis;Micrococcaceae,270000019562,Bacteria,세균계,Actinomycetota,,Actinomycetes,,Micrococcales,,Micrococcaceae,,"Arthrobacter gandavensis Storms et al., 2003",Arthrobacter gandavensis,,기타,,,,,,,,,,,정명,"Arthrobacter gandavensis Storms et al., 2003"
국립해양생물자원관_해양생물종정보 서비스,https://www.data.go.kr/data/15094770/openapi.do,,marine_life_species,Rothia nasimurium,세균계; Actinomycetota; Actinomycetes; Micrococcales; Micrococcaceae,,,,,Rothia nasimurium은(는) 해양생물 캐릭터와 과학 동화 소재로 사용할 수 있다.,"해양생물의 생김새, 서식지, 분포를 반영한 과학 동화 소재",국명·학명·서식지·분류체계를 활용한 관찰 질문과 퀴즈,5-7;8-10,해양생물종;Rothia;nasimurium;Micrococcaceae,270000029274,Bacteria,세균계,Actinomycetota,,Actinomycetes,,Micrococcales,,Micrococcaceae,,"Rothia nasimurium Collins et al., 2000",Rothia nasimurium,,기타,,,,,,,,,,,정명,"Rothia nasimurium Collins et al., 2000"
국립해양생물자원관_해양생물종정보 서비스,https://www.data.go.kr/data/15094770/openapi.do,,marine_life_species,Entophysalis deusta,세균계; Cyanobacteria; Cyanophyceae; Chroococcales; Entophysalidaceae,,,,,Entophysalis deusta은(는) 해양생물 캐릭터와 과학 동화 소재로 사용할 수 있다.,"해양생물의 생김새, 서식지, 분포를 반영한 과학 동화 소재",국명·학명·서식지·분류체계를 활용한 관찰 질문과 퀴즈,5-7;8-10,해양생물종;Entophysalis;deusta;Entophysalidaceae,270000021875,Bacteria,세균계,Cyanobacteria,,Cyanophyceae,,Chroococcales,,Entophysalidaceae,,"Entophysalis deusta (Meneghini) Drouet & Daily, 1948",Entophysalis deusta,,기타,,,,,,,,,,,정명,"Entophysalis deusta (Meneghini) Drouet & Daily, 1948"
국립해양생물자원관_해양생물종정보 서비스,https://www.data.go.kr/data/15094770/openapi.do,,marine_life_species,Stephanocystis dioica,크로미스타계; 대롱편모조식물문; 갈조강; 말목; 모자반과,,,,,Stephanocystis dioica은(는) 해양생물 캐릭터와 과학 동화 소재로 사용할 수 있다.,"해양생물의 생김새, 서식지, 분포를 반영한 과학 동화 소재",국명·학명·서식지·분류체계를 활용한 관찰 질문과 퀴즈,5-7;8-10,해양생물종;Stephanocystis;dioica;모자반과,270000017061,Chromista,크로미스타계,Ochrophyta,대롱편모조식물문,Phaeophyceae,갈조강,Fucales,말목,Sargassaceae,모자반과,Stephanocystis dioica,Stephanocystis dioica,,기타,,,,,,,,,,,정명,Stephanocystis dioica
국립해양생물자원관_해양생물종정보 서비스,https://www.data.go.kr/data/15094770/openapi.do,,marine_life_species,Microcoleus autumnalis,세균계; Cyanobacteria; Cyanophyceae; Oscillatoriales; Microcoleaceae,,,,,Microcoleus autumnalis은(는) 해양생물 캐릭터와 과학 동화 소재로 사용할 수 있다.,"해양생물의 생김새, 서식지, 분포를 반영한 과학 동화 소재",국명·학명·서식지·분류체계를 활용한 관찰 질문과 퀴즈,5-7;8-10,해양생물종;Microcoleus;autumnalis;Microcoleaceae,270000026178,Bacteria,세균계,Cyanobacteria,,Cyanophyceae,,Oscillatoriales,,Microcoleaceae,,"Microcoleus autumnalis (Gomont) Strunecky, Komárek & J.R. Johansen, 2013",Microcoleus autumnalis,,기타,,,,,,,,,,,정명,"Microcoleus autumnalis (Gomont) Strunecky, Komárek & J.R. Johansen, 2013"
국립해양생물자원관_해양생물종정보 서비스,https://www.data.go.kr/data/15094770/openapi.do,,marine_life_species,Sargassum angii,크로미스타계; 대롱편모조식물문; 갈조강; 말목; 모자반과,,,,,Sargassum angii은(는) 해양생물 캐릭터와 과학 동화 소재로 사용할 수 있다.,"해양생물의 생김새, 서식지, 분포를 반영한 과학 동화 소재",국명·학명·서식지·분류체계를 활용한 관찰 질문과 퀴즈,5-7;8-10,해양생물종;Sargassum;angii;모자반과,270000027866,Chromista,크로미스타계,Ochrophyta,대롱편모조식물문,Phaeophyceae,갈조강,Fucales,말목,Sargassaceae,모자반과,"Sargassum angii L.M.Laio, 1998",Sargassum angii,,기타,,,,,,,,,,,정명,"Sargassum angii L.M.Laio, 1998"
국립해양생물자원관_해양생물종정보 서비스,https://www.data.go.kr/data/15094770/openapi.do,,marine_life_species,Nocardiopsis dassonvillei subsp. dassonvillei,세균계; Actinomycetota; Actinomycetes; Actinomycetales; Nocardiopsidaceae,,,,,Nocardiopsis dassonvillei subsp. dassonvillei은(는) 해양생물 캐릭터와 과학 동화 소재로 사용할 수 있다.,"해양생물의 생김새, 서식지, 분포를 반영한 과학 동화 소재",국명·학명·서식지·분류체계를 활용한 관찰 질문과 퀴즈,5-7;8-10,해양생물종;Nocardiopsis;dassonvillei;subsp.;Nocardiopsidaceae,270000011798,Bacteria,세균계,Actinomycetota,,Actinomycetes,,Actinomycetales,,Nocardiopsidaceae,,"Nocardiopsis dassonvillei subsp. dassonvillei (Brocq-Rousseau, 1904) Miyashita et al., 1984",Nocardiopsis dassonvillei subsp. dassonvillei,,기타,,,,,,,,,,,정명,"Nocardiopsis dassonvillei subsp. dassonvillei (Brocq-Rousseau, 1904) Miyashita et al., 1984"
국립해양생물자원관_해양생물종정보 서비스,https://www.data.go.kr/data/15094770/openapi.do,,marine_life_species,Pseudarthrobacter chlorophenolicus,세균계; Actinomycetota; Actinomycetes; Micrococcales; Micrococcaceae,,,,,Pseudarthrobacter chlorophenolicus은(는) 해양생물 캐릭터와 과학 동화 소재로 사용할 수 있다.,"해양생물의 생김새, 서식지, 분포를 반영한 과학 동화 소재",국명·학명·서식지·분류체계를 활용한 관찰 질문과 퀴즈,5-7;8-10,해양생물종;Pseudarthrobacter;chlorophenolicus;Micrococcaceae,270000020459,Bacteria,세균계,Actinomycetota,,Actinomycetes,,Micrococcales,,Micrococcaceae,,"Pseudarthrobacter chlorophenolicus (Westerberg et al.) Busse, 2016",Pseudarthrobacter chlorophenolicus,,기타,,,,,,,,,,,정명,"Pseudarthrobacter chlorophenolicus (Westerberg et al.) Busse, 2016"
국립해양생물자원관_해양생물종정보 서비스,https://www.data.go.kr/data/15094770/openapi.do,,marine_life_species,Cymathaere triplicata,크로미스타계; 대롱편모조식물문; 갈조강; 다시마목; 다시마과,,,,,Cymathaere triplicata은(는) 해양생물 캐릭터와 과학 동화 소재로 사용할 수 있다.,"해양생물의 생김새, 서식지, 분포를 반영한 과학 동화 소재",국명·학명·서식지·분류체계를 활용한 관찰 질문과 퀴즈,5-7;8-10,해양생물종;Cymathaere;triplicata;다시마과,270000004968,Chromista,크로미스타계,Ochrophyta,대롱편모조식물문,Phaeophyceae,갈조강,Laminariales,다시마목,Laminariaceae,다시마과,"Cymathaere triplicata (Postels & Ruprecht) J. Agardh, 1868",Cymathaere triplicata,,기타,,,,,,,,,,,정명,"Cymathaere triplicata (Postels & Ruprecht) J. Agardh, 1868"
국립해양생물자원관_해양생물종정보 서비스,https://www.data.go.kr/data/15094770/openapi.do,,marine_life_species,Microbacterium zeae,세균계; Actinomycetota; Actinomycetes; Micrococcales; Microbacteriaceae,,,,,Microbacterium zeae은(는) 해양생물 캐릭터와 과학 동화 소재로 사용할 수 있다.,"해양생물의 생김새, 서식지, 분포를 반영한 과학 동화 소재",국명·학명·서식지·분류체계를 활용한 관찰 질문과 퀴즈,5-7;8-10,해양생물종;Microbacterium;zeae;Microbacteriaceae,270000026206,Bacteria,세균계,Actinomycetota,,Actinomycetes,,Micrococcales,,Microbacteriaceae,,Microbacterium zeae,Microbacterium zeae,,기타,,,,,,,,,,,정명,Microbacterium zeae
국립해양생물자원관_해양생물종정보 서비스,https://www.data.go.kr/data/15094770/openapi.do,,marine_life_species,Sargassum naozhounse,크로미스타계; 대롱편모조식물문; 갈조강; 말목; 모자반과,,,,,Sargassum naozhounse은(는) 해양생물 캐릭터와 과학 동화 소재로 사용할 수 있다.,"해양생물의 생김새, 서식지, 분포를 반영한 과학 동화 소재",국명·학명·서식지·분류체계를 활용한 관찰 질문과 퀴즈,5-7;8-10,해양생물종;Sargassum;naozhounse;모자반과,270000015992,Chromista,크로미스타계,Ochrophyta,대롱편모조식물문,Phaeophyceae,갈조강,Fucales,말목,Sargassaceae,모자반과,Sargassum naozhounse,Sargassum naozhounse,,기타,,,,,,,,,,,정명,Sargassum naozhounse
국립해양생물자원관_해양생물종정보 서비스,https://www.data.go.kr/data/15094770/openapi.do,,marine_life_species,Agromyces ulmi,세균계; Actinomycetota; Actinomycetes; Micrococcales; Microbacteriaceae,,,,,Agromyces ulmi은(는) 해양생물 캐릭터와 과학 동화 소재로 사용할 수 있다.,"해양생물의 생김새, 서식지, 분포를 반영한 과학 동화 소재",국명·학명·서식지·분류체계를 활용한 관찰 질문과 퀴즈,5-7;8-10,해양생물종;Agromyces;ulmi;Microbacteriaceae,270000020137,Bacteria,세균계,Actinomycetota,,Actinomycetes,,Micrococcales,,Microbacteriaceae,,"Agromyces ulmi Rivas et al., 2004",Agromyces ulmi,,기타,,,,,,,,,,,정명,"Agromyces ulmi Rivas et al., 2004"
국립해양생물자원관_해양생물종정보 서비스,https://www.data.go.kr/data/15094770/openapi.do,,marine_life_species,Merismopedia tenuissima,세균계; Cyanobacteria; Cyanophyceae; Synechococcales; Merismopediaceae,,,,,Merismopedia tenuissima은(는) 해양생물 캐릭터와 과학 동화 소재로 사용할 수 있다.,"해양생물의 생김새, 서식지, 분포를 반영한 과학 동화 소재",국명·학명·서식지·분류체계를 활용한 관찰 질문과 퀴즈,5-7;8-10,해양생물종;Merismopedia;tenuissima;Merismopediaceae,270000023254,Bacteria,세균계,Cyanobacteria,,Cyanophyceae,,Synechococcales,,Merismopediaceae,,"Merismopedia tenuissima Lemmermann, 1898",Merismopedia tenuissima,,기타,,,,,,,,,,,정명,"Merismopedia tenuissima Lemmermann, 1898"
국립해양생물자원관_해양생물종정보 서비스,https://www.data.go.kr/data/15094770/openapi.do,,marine_life_species,Komvophoron constrictum,세균계; Cyanobacteria; Cyanophyceae; Oscillatoriales; Gomontiellaceae,,,,,Komvophoron constrictum은(는) 해양생물 캐릭터와 과학 동화 소재로 사용할 수 있다.,"해양생물의 생김새, 서식지, 분포를 반영한 과학 동화 소재",국명·학명·서식지·분류체계를 활용한 관찰 질문과 퀴즈,5-7;8-10,해양생물종;Komvophoron;constrictum;Gomontiellaceae,270000022751,Bacteria,세균계,Cyanobacteria,,Cyanophyceae,,Oscillatoriales,,Gomontiellaceae,,"Komvophoron constrictum (Szafer) Anagnostidis & Komárek, 1988",Komvophoron constrictum,,기타,,,,,,,,,,,정명,"Komvophoron constrictum (Szafer) Anagnostidis & Komárek, 1988"
국립해양생물자원관_해양생물종정보 서비스,https://www.data.go.kr/data/15094770/openapi.do,,marine_life_species,Corynebacterium xerosis,세균계; Actinomycetota; Actinomycetes; Mycobacteriales; Corynebacteriaceae,,,,,Corynebacterium xerosis은(는) 해양생물 캐릭터와 과학 동화 소재로 사용할 수 있다.,"해양생물의 생김새, 서식지, 분포를 반영한 과학 동화 소재",국명·학명·서식지·분류체계를 활용한 관찰 질문과 퀴즈,5-7;8-10,해양생물종;Corynebacterium;xerosis;Corynebacteriaceae,270000021504,Bacteria,세균계,Actinomycetota,,Actinomycetes,,Mycobacteriales,,Corynebacteriaceae,,"Corynebacterium xerosis (Lehmann & Neumann) Lehmann & Neumann, 1899",Corynebacterium xerosis,,기타,,,,,,,,,,,정명,"Corynebacterium xerosis (Lehmann & Neumann) Lehmann & Neumann, 1899"
국립해양생물자원관_해양생물종정보 서비스,https://www.data.go.kr/data/15094770/openapi.do,,marine_life_species,Microbacterium oxydans,세균계; Actinomycetota; Actinomycetes; Micrococcales; Microbacteriaceae,,,,,Microbacterium oxydans은(는) 해양생물 캐릭터와 과학 동화 소재로 사용할 수 있다.,"해양생물의 생김새, 서식지, 분포를 반영한 과학 동화 소재",국명·학명·서식지·분류체계를 활용한 관찰 질문과 퀴즈,5-7;8-10,해양생물종;Microbacterium;oxydans;Microbacteriaceae,270000023321,Bacteria,세균계,Actinomycetota,,Actinomycetes,,Micrococcales,,Microbacteriaceae,,"Microbacterium oxydans (Chatelain & Second) Schumann et al., 1999",Microbacterium oxydans,,기타,,,,,,,,,,,정명,"Microbacterium oxydans (Chatelain & Second) Schumann et al., 1999"
국립해양생물자원관_해양생물종정보 서비스,https://www.data.go.kr/data/15094770/openapi.do,,marine_life_species,Microbacterium resistens,세균계; Actinomycetota; Actinomycetes; Micrococcales; Microbacteriaceae,,,,,Microbacterium resistens은(는) 해양생물 캐릭터와 과학 동화 소재로 사용할 수 있다.,"해양생물의 생김새, 서식지, 분포를 반영한 과학 동화 소재",국명·학명·서식지·분류체계를 활용한 관찰 질문과 퀴즈,5-7;8-10,해양생물종;Microbacterium;resistens;Microbacteriaceae,270000023325,Bacteria,세균계,Actinomycetota,,Actinomycetes,,Micrococcales,,Microbacteriaceae,,"Microbacterium resistens (Funke et al.) Behrendt et al., 2001",Microbacterium resistens,,기타,,,,,,,,,,,정명,"Microbacterium resistens (Funke et al.) Behrendt et al., 2001"
국립해양생물자원관_해양생물종정보 서비스,https://www.data.go.kr/data/15094770/openapi.do,,marine_life_species,Rhodococcus triatomae,세균계; Actinomycetota; Actinomycetes; Mycobacteriales; Nocardiaceae,,,,,Rhodococcus triatomae은(는) 해양생물 캐릭터와 과학 동화 소재로 사용할 수 있다.,"해양생물의 생김새, 서식지, 분포를 반영한 과학 동화 소재",국명·학명·서식지·분류체계를 활용한 관찰 질문과 퀴즈,5-7;8-10,해양생물종;Rhodococcus;triatomae;Nocardiaceae,270000024832,Bacteria,세균계,Actinomycetota,,Actinomycetes,,Mycobacteriales,,Nocardiaceae,,"Rhodococcus triatomae Yassin, 2005",Rhodococcus triatomae,,기타,,,,,,,,,,,정명,"Rhodococcus triatomae Yassin, 2005"
국립해양생물자원관_해양생물종정보 서비스,https://www.data.go.kr/data/15094770/openapi.do,,marine_life_species,Glutamicibacter arilaitensis,세균계; Actinomycetota; Actinomycetes; Micrococcales; Micrococcaceae,,,,,Glutamicibacter arilaitensis은(는) 해양생물 캐릭터와 과학 동화 소재로 사용할 수 있다.,"해양생물의 생김새, 서식지, 분포를 반영한 과학 동화 소재",국명·학명·서식지·분류체계를 활용한 관찰 질문과 퀴즈,5-7;8-10,해양생물종;Glutamicibacter;arilaitensis;Micrococcaceae,270000019573,Bacteria,세균계,Actinomycetota,,Actinomycetes,,Micrococcales,,Micrococcaceae,,"Glutamicibacter arilaitensis (Irlinger et al.) Busse, 2016",Glutamicibacter arilaitensis,,기타,,,,,,,,,,,정명,"Glutamicibacter arilaitensis (Irlinger et al.) Busse, 2016"
국립해양생물자원관_해양생물종정보 서비스,https://www.data.go.kr/data/15094770/openapi.do,,marine_life_species,Padina caulescens,크로미스타계; 대롱편모조식물문; 갈조강; 그물바탕말목; 그물바탕말과,,,,,Padina caulescens은(는) 해양생물 캐릭터와 과학 동화 소재로 사용할 수 있다.,"해양생물의 생김새, 서식지, 분포를 반영한 과학 동화 소재",국명·학명·서식지·분류체계를 활용한 관찰 질문과 퀴즈,5-7;8-10,해양생물종;Padina;caulescens;그물바탕말과,270000012469,Chromista,크로미스타계,Ochrophyta,대롱편모조식물문,Phaeophyceae,갈조강,Dictyotales,그물바탕말목,Dictyotaceae,그물바탕말과,Padina caulescens,Padina caulescens,,기타,,,,,,,,,,,정명,Padina caulescens
국립해양생물자원관_해양생물종정보 서비스,https://www.data.go.kr/data/15094770/openapi.do,,marine_life_species,Turbinaria mesenterina,크로미스타계; 대롱편모조식물문; 갈조강; 말목; 모자반과,,,,,Turbinaria mesenterina은(는) 해양생물 캐릭터와 과학 동화 소재로 사용할 수 있다.,"해양생물의 생김새, 서식지, 분포를 반영한 과학 동화 소재",국명·학명·서식지·분류체계를 활용한 관찰 질문과 퀴즈,5-7;8-10,해양생물종;Turbinaria;mesenterina;모자반과,270000018532,Chromista,크로미스타계,Ochrophyta,대롱편모조식물문,Phaeophyceae,갈조강,Fucales,말목,Sargassaceae,모자반과,Turbinaria mesenterina,Turbinaria mesenterina,,기타,,,,,,,,,,,정명,Turbinaria mesenterina
국립해양생물자원관_해양생물종정보 서비스,https://www.data.go.kr/data/15094770/openapi.do,,marine_life_species,Dictyopteris crassinervia,크로미스타계; 대롱편모조식물문; 갈조강; 그물바탕말목; 그물바탕말과,,,,,Dictyopteris crassinervia은(는) 해양생물 캐릭터와 과학 동화 소재로 사용할 수 있다.,"해양생물의 생김새, 서식지, 분포를 반영한 과학 동화 소재",국명·학명·서식지·분류체계를 활용한 관찰 질문과 퀴즈,5-7;8-10,해양생물종;Dictyopteris;crassinervia;그물바탕말과,270000005357,Chromista,크로미스타계,Ochrophyta,대롱편모조식물문,Phaeophyceae,갈조강,Dictyotales,그물바탕말목,Dictyotaceae,그물바탕말과,Dictyopteris crassinervia,Dictyopteris crassinervia,,기타,,,,,,,,,,,정명,Dictyopteris crassinervia
국립해양생물자원관_해양생물종정보 서비스,https://www.data.go.kr/data/15094770/openapi.do,,marine_life_species,Agromyces terreus,세균계; Actinomycetota; Actinomycetes; Micrococcales; Microbacteriaceae,,,,,Agromyces terreus은(는) 해양생물 캐릭터와 과학 동화 소재로 사용할 수 있다.,"해양생물의 생김새, 서식지, 분포를 반영한 과학 동화 소재",국명·학명·서식지·분류체계를 활용한 관찰 질문과 퀴즈,5-7;8-10,해양생물종;Agromyces;terreus;Microbacteriaceae,270000020135,Bacteria,세균계,Actinomycetota,,Actinomycetes,,Micrococcales,,Microbacteriaceae,,"Agromyces terreus Yoon et al., 2008",Agromyces terreus,,기타,,,,,,,,,,,정명,"Agromyces terreus Yoon et al., 2008"
국립해양생물자원관_해양생물종정보 서비스,https://www.data.go.kr/data/15094770/openapi.do,,marine_life_species,Laminaria setchellii,크로미스타계; 대롱편모조식물문; 갈조강; 다시마목; 다시마과,,,,,Laminaria setchellii은(는) 해양생물 캐릭터와 과학 동화 소재로 사용할 수 있다.,"해양생물의 생김새, 서식지, 분포를 반영한 과학 동화 소재",국명·학명·서식지·분류체계를 활용한 관찰 질문과 퀴즈,5-7;8-10,해양생물종;Laminaria;setchellii;다시마과,270000028265,Chromista,크로미스타계,Ochrophyta,대롱편모조식물문,Phaeophyceae,갈조강,Laminariales,다시마목,Laminariaceae,다시마과,"Laminaria setchellii P.C.Silva, 1957",Laminaria setchellii,,기타,,,,,,,,,,,정명,"Laminaria setchellii P.C.Silva, 1957"
국립해양생물자원관_해양생물종정보 서비스,https://www.data.go.kr/data/15094770/openapi.do,,marine_life_species,Phycicoccus jejuensis,세균계; Actinomycetota; Actinomycetes; Micrococcales; Intrasporangiaceae,,,,,Phycicoccus jejuensis은(는) 해양생물 캐릭터와 과학 동화 소재로 사용할 수 있다.,"해양생물의 생김새, 서식지, 분포를 반영한 과학 동화 소재",국명·학명·서식지·분류체계를 활용한 관찰 질문과 퀴즈,5-7;8-10,해양생물종;Phycicoccus;jejuensis;Intrasporangiaceae,270000024213,Bacteria,세균계,Actinomycetota,,Actinomycetes,,Micrococcales,,Intrasporangiaceae,,"Phycicoccus jejuensis Lee, 2006",Phycicoccus jejuensis,,기타,,,,,,,,,,,정명,"Phycicoccus jejuensis Lee, 2006"
국립해양생물자원관_해양생물종정보 서비스,https://www.data.go.kr/data/15094770/openapi.do,,marine_life_species,Microbacterium algeriense,세균계; Actinomycetota; Actinomycetes; Micrococcales; Microbacteriaceae,,,,,Microbacterium algeriense은(는) 해양생물 캐릭터와 과학 동화 소재로 사용할 수 있다.,"해양생물의 생김새, 서식지, 분포를 반영한 과학 동화 소재",국명·학명·서식지·분류체계를 활용한 관찰 질문과 퀴즈,5-7;8-10,해양생물종;Microbacterium;algeriense;Microbacteriaceae,270000027975,Bacteria,세균계,Actinomycetota,,Actinomycetes,,Micrococcales,,Microbacteriaceae,,"Microbacterium algeriense Lenchi et al., 2020",Microbacterium algeriense,,기타,,,,,,,,,,,정명,"Microbacterium algeriense Lenchi et al., 2020"
국립해양생물자원관_해양생물종정보 서비스,https://www.data.go.kr/data/15094770/openapi.do,,marine_life_species,Leucobacter iarius,세균계; Actinomycetota; Actinomycetes; Micrococcales; Microbacteriaceae,,,,,Leucobacter iarius은(는) 해양생물 캐릭터와 과학 동화 소재로 사용할 수 있다.,"해양생물의 생김새, 서식지, 분포를 반영한 과학 동화 소재",국명·학명·서식지·분류체계를 활용한 관찰 질문과 퀴즈,5-7;8-10,해양생물종;Leucobacter;iarius;Microbacteriaceae,270000030084,Bacteria,세균계,Actinomycetota,,Actinomycetes,,Micrococcales,,Microbacteriaceae,,"Leucobacter iarius Somvanshi et al., 2007",Leucobacter iarius,,기타,,,,,,,,,,,정명,"Leucobacter iarius Somvanshi et al., 2007"
국립해양생물자원관_해양생물종정보 서비스,https://www.data.go.kr/data/15094770/openapi.do,,marine_life_species,Gordonia hongkongensis,세균계; Actinomycetota; Actinomycetes; Mycobacteriales; Gordoniaceae,,,,,Gordonia hongkongensis은(는) 해양생물 캐릭터와 과학 동화 소재로 사용할 수 있다.,"해양생물의 생김새, 서식지, 분포를 반영한 과학 동화 소재",국명·학명·서식지·분류체계를 활용한 관찰 질문과 퀴즈,5-7;8-10,해양생물종;Gordonia;hongkongensis;Gordoniaceae,270000022254,Bacteria,세균계,Actinomycetota,,Actinomycetes,,Mycobacteriales,,Gordoniaceae,,"Gordonia hongkongensis Tsang et al., 2016",Gordonia hongkongensis,,기타,,,,,,,,,,,정명,"Gordonia hongkongensis Tsang et al., 2016"
국립해양생물자원관_해양생물종정보 서비스,https://www.data.go.kr/data/15094770/openapi.do,,marine_life_species,Glutamicibacter halophytocola,세균계; Actinomycetota; Actinomycetes; Micrococcales; Micrococcaceae,,,,,Glutamicibacter halophytocola은(는) 해양생물 캐릭터와 과학 동화 소재로 사용할 수 있다.,"해양생물의 생김새, 서식지, 분포를 반영한 과학 동화 소재",국명·학명·서식지·분류체계를 활용한 관찰 질문과 퀴즈,5-7;8-10,해양생물종;Glutamicibacter;halophytocola;Micrococcaceae,270000028940,Bacteria,세균계,Actinomycetota,,Actinomycetes,,Micrococcales,,Micrococcaceae,,"Glutamicibacter halophytocola Feng et al., 2017",Glutamicibacter halophytocola,,기타,,,,,,,,,,,정명,"Glutamicibacter halophytocola Feng et al., 2017"
국립해양생물자원관_해양생물종정보 서비스,https://www.data.go.kr/data/15094770/openapi.do,,marine_life_species,Mycetocola manganoxydans,세균계; Actinomycetota; Actinomycetes; Micrococcales; Microbacteriaceae,,,,,Mycetocola manganoxydans은(는) 해양생물 캐릭터와 과학 동화 소재로 사용할 수 있다.,"해양생물의 생김새, 서식지, 분포를 반영한 과학 동화 소재",국명·학명·서식지·분류체계를 활용한 관찰 질문과 퀴즈,5-7;8-10,해양생물종;Mycetocola;manganoxydans;Microbacteriaceae,270000023474,Bacteria,세균계,Actinomycetota,,Actinomycetes,,Micrococcales,,Microbacteriaceae,,"Mycetocola manganoxydans Luo et al., 2012",Mycetocola manganoxydans,,기타,,,,,,,,,,,정명,"Mycetocola manganoxydans Luo et al., 2012"
국립해양생물자원관_해양생물종정보 서비스,https://www.data.go.kr/data/15094770/openapi.do,,marine_life_species,Nocardioides oleivorans,세균계; Actinomycetota; Actinomycetes; Propionibacteriales; Nocardioidaceae,,,,,Nocardioides oleivorans은(는) 해양생물 캐릭터와 과학 동화 소재로 사용할 수 있다.,"해양생물의 생김새, 서식지, 분포를 반영한 과학 동화 소재",국명·학명·서식지·분류체계를 활용한 관찰 질문과 퀴즈,5-7;8-10,해양생물종;Nocardioides;oleivorans;Nocardioidaceae,270000023664,Bacteria,세균계,Actinomycetota,,Actinomycetes,,Propionibacteriales,,Nocardioidaceae,,"Nocardioides oleivorans Schippers et al., 2005",Nocardioides oleivorans,,기타,,,,,,,,,,,정명,"Nocardioides oleivorans Schippers et al., 2005"
국립해양생물자원관_해양생물종정보 서비스,https://www.data.go.kr/data/15094770/openapi.do,,marine_life_species,Silvetia compressa,크로미스타계; 대롱편모조식물문; 갈조강; 말목; 말과,,,,,Silvetia compressa은(는) 해양생물 캐릭터와 과학 동화 소재로 사용할 수 있다.,"해양생물의 생김새, 서식지, 분포를 반영한 과학 동화 소재",국명·학명·서식지·분류체계를 활용한 관찰 질문과 퀴즈,5-7;8-10,해양생물종;Silvetia;compressa;말과,270000016515,Chromista,크로미스타계,Ochrophyta,대롱편모조식물문,Phaeophyceae,갈조강,Fucales,말목,Fucaceae,말과,Silvetia compressa,Silvetia compressa,,기타,,,,,,,,,,,정명,Silvetia compressa
국립해양생물자원관_해양생물종정보 서비스,https://www.data.go.kr/data/15094770/openapi.do,,marine_life_species,Demequina litorisediminis,세균계; Actinomycetota; Actinomycetes; Micrococcales; Demequinaceae,,,,,Demequina litorisediminis은(는) 해양생물 캐릭터와 과학 동화 소재로 사용할 수 있다.,"해양생물의 생김새, 서식지, 분포를 반영한 과학 동화 소재",국명·학명·서식지·분류체계를 활용한 관찰 질문과 퀴즈,5-7;8-10,해양생물종;Demequina;litorisediminis;Demequinaceae,270000028497,Bacteria,세균계,Actinomycetota,,Actinomycetes,,Micrococcales,,Demequinaceae,,"Demequina litorisediminis Park et al., 2016",Demequina litorisediminis,,기타,,,,,,,,,,,정명,"Demequina litorisediminis Park et al., 2016"
국립해양생물자원관_해양생물종정보 서비스,https://www.data.go.kr/data/15094770/openapi.do,,marine_life_species,Nocardioides echinoideorum,세균계; Actinomycetota; Actinomycetes; Propionibacteriales; Nocardioidaceae,,,,,Nocardioides echinoideorum은(는) 해양생물 캐릭터와 과학 동화 소재로 사용할 수 있다.,"해양생물의 생김새, 서식지, 분포를 반영한 과학 동화 소재",국명·학명·서식지·분류체계를 활용한 관찰 질문과 퀴즈,5-7;8-10,해양생물종;Nocardioides;echinoideorum;Nocardioidaceae,270000011780,Bacteria,세균계,Actinomycetota,,Actinomycetes,,Propionibacteriales,,Nocardioidaceae,,Nocardioides echinoideorum,Nocardioides echinoideorum,,기타,,,,,,,,,,,정명,Nocardioides echinoideorum
국립해양생물자원관_해양생물종정보 서비스,https://www.data.go.kr/data/15094770/openapi.do,,marine_life_species,Microbacterium aerolatum,세균계; Actinomycetota; Actinomycetes; Micrococcales; Microbacteriaceae,,,,,Microbacterium aerolatum은(는) 해양생물 캐릭터와 과학 동화 소재로 사용할 수 있다.,"해양생물의 생김새, 서식지, 분포를 반영한 과학 동화 소재",국명·학명·서식지·분류체계를 활용한 관찰 질문과 퀴즈,5-7;8-10,해양생물종;Microbacterium;aerolatum;Microbacteriaceae,270000023297,Bacteria,세균계,Actinomycetota,,Actinomycetes,,Micrococcales,,Microbacteriaceae,,"Microbacterium aerolatum Zlamala et al., 2002",Microbacterium aerolatum,,기타,,,,,,,,,,,정명,"Microbacterium aerolatum Zlamala et al., 2002"
국립해양생물자원관_해양생물종정보 서비스,https://www.data.go.kr/data/15094770/openapi.do,,marine_life_species,Ornithinimicrobium cerasi,세균계; Actinomycetota; Actinomycetes; Micrococcales; Ornithinimicrobiaceae,,,,,Ornithinimicrobium cerasi은(는) 해양생물 캐릭터와 과학 동화 소재로 사용할 수 있다.,"해양생물의 생김새, 서식지, 분포를 반영한 과학 동화 소재",국명·학명·서식지·분류체계를 활용한 관찰 질문과 퀴즈,5-7;8-10,해양생물종;Ornithinimicrobium;cerasi;Ornithinimicrobiaceae,270000028877,Bacteria,세균계,Actinomycetota,,Actinomycetes,,Micrococcales,,Ornithinimicrobiaceae,,"Ornithinimicrobium cerasi Fang et al., 2020",Ornithinimicrobium cerasi,,기타,,,,,,,,,,,정명,"Ornithinimicrobium cerasi Fang et al., 2020"
국립해양생물자원관_해양생물종정보 서비스,https://www.data.go.kr/data/15094770/openapi.do,,marine_life_species,Arthrobacter agilis,세균계; Actinomycetota; Actinomycetes; Micrococcales; Micrococcaceae,,,,,Arthrobacter agilis은(는) 해양생물 캐릭터와 과학 동화 소재로 사용할 수 있다.,"해양생물의 생김새, 서식지, 분포를 반영한 과학 동화 소재",국명·학명·서식지·분류체계를 활용한 관찰 질문과 퀴즈,5-7;8-10,해양생물종;Arthrobacter;agilis;Micrococcaceae,270000020455,Bacteria,세균계,Actinomycetota,,Actinomycetes,,Micrococcales,,Micrococcaceae,,"Arthrobacter agilis (Ali-Cohen) Koch et al., 1995",Arthrobacter agilis,,기타,,,,,,,,,,,정명,"Arthrobacter agilis (Ali-Cohen) Koch et al., 1995"
국립해양생물자원관_해양생물종정보 서비스,https://www.data.go.kr/data/15094770/openapi.do,,marine_life_species,Ascophyllum nodosum,크로미스타계; 대롱편모조식물문; 갈조강; 말목; 말과,,,,,Ascophyllum nodosum은(는) 해양생물 캐릭터와 과학 동화 소재로 사용할 수 있다.,"해양생물의 생김새, 서식지, 분포를 반영한 과학 동화 소재",국명·학명·서식지·분류체계를 활용한 관찰 질문과 퀴즈,5-7;8-10,해양생물종;Ascophyllum;nodosum;말과,270000001569,Chromista,크로미스타계,Ochrophyta,대롱편모조식물문,Phaeophyceae,갈조강,Fucales,말목,Fucaceae,말과,Ascophyllum nodosum,Ascophyllum nodosum,,기타,,,,,,,,,,,정명,Ascophyllum nodosum
국립해양생물자원관_해양생물종정보 서비스,https://www.data.go.kr/data/15094770/openapi.do,,marine_life_species,Leptolyngbya terebrans,세균계; Cyanobacteria; Cyanophyceae; Synechococcales; Leptolyngbyaceae,,,,,Leptolyngbya terebrans은(는) 해양생물 캐릭터와 과학 동화 소재로 사용할 수 있다.,"해양생물의 생김새, 서식지, 분포를 반영한 과학 동화 소재",국명·학명·서식지·분류체계를 활용한 관찰 질문과 퀴즈,5-7;8-10,해양생물종;Leptolyngbya;terebrans;Leptolyngbyaceae,270000022874,Bacteria,세균계,Cyanobacteria,,Cyanophyceae,,Synechococcales,,Leptolyngbyaceae,,"Leptolyngbya terebrans (Bornet & Flahault ex Gomont) Anagnostidis & Komárek, 1988",Leptolyngbya terebrans,,기타,,,,,,,,,,,정명,"Leptolyngbya terebrans (Bornet & Flahault ex Gomont) Anagnostidis & Komárek, 1988"
국립해양생물자원관_해양생물종정보 서비스,https://www.data.go.kr/data/15094770/openapi.do,,marine_life_species,Microterricola pindariensis,세균계; Actinomycetota; Actinomycetes; Micrococcales; Microbacteriaceae,,,,,Microterricola pindariensis은(는) 해양생물 캐릭터와 과학 동화 소재로 사용할 수 있다.,"해양생물의 생김새, 서식지, 분포를 반영한 과학 동화 소재",국명·학명·서식지·분류체계를 활용한 관찰 질문과 퀴즈,5-7;8-10,해양생물종;Microterricola;pindariensis;Microbacteriaceae,270000022844,Bacteria,세균계,Actinomycetota,,Actinomycetes,,Micrococcales,,Microbacteriaceae,,"Microterricola pindariensis (Reddy et al.) Dhotre et al., 2017",Microterricola pindariensis,,기타,,,,,,,,,,,정명,"Microterricola pindariensis (Reddy et al.) Dhotre et al., 2017"
국립해양생물자원관_해양생물종정보 서비스,https://www.data.go.kr/data/15094770/openapi.do,,marine_life_species,Microterricola gilva,세균계; Actinomycetota; Actinomycetes; Micrococcales; Microbacteriaceae,,,,,Microterricola gilva은(는) 해양생물 캐릭터와 과학 동화 소재로 사용할 수 있다.,"해양생물의 생김새, 서식지, 분포를 반영한 과학 동화 소재",국명·학명·서식지·분류체계를 활용한 관찰 질문과 퀴즈,5-7;8-10,해양생물종;Microterricola;gilva;Microbacteriaceae,270000023368,Bacteria,세균계,Actinomycetota,,Actinomycetes,,Micrococcales,,Microbacteriaceae,,"Microterricola gilva (Lee et al.) Dhotre et al., 2017",Microterricola gilva,,기타,,,,,,,,,,,정명,"Microterricola gilva (Lee et al.) Dhotre et al., 2017"
국립해양생물자원관_해양생물종정보 서비스,https://www.data.go.kr/data/15094770/openapi.do,,marine_life_species,Frondihabitans peucedani,세균계; Actinomycetota; Actinomycetes; Micrococcales; Microbacteriaceae,,,,,Frondihabitans peucedani은(는) 해양생물 캐릭터와 과학 동화 소재로 사용할 수 있다.,"해양생물의 생김새, 서식지, 분포를 반영한 과학 동화 소재",국명·학명·서식지·분류체계를 활용한 관찰 질문과 퀴즈,5-7;8-10,해양생물종;Frondihabitans;peucedani;Microbacteriaceae,270000022121,Bacteria,세균계,Actinomycetota,,Actinomycetes,,Micrococcales,,Microbacteriaceae,,"Frondihabitans peucedani Lee, 2010",Frondihabitans peucedani,,기타,,,,,,,,,,,정명,"Frondihabitans peucedani Lee, 2010"
국립해양생물자원관_해양생물종정보 서비스,https://www.data.go.kr/data/15094770/openapi.do,,marine_life_species,Rothia marina,세균계; Actinomycetota; Actinomycetes; Micrococcales; Micrococcaceae,,,,,Rothia marina은(는) 해양생물 캐릭터와 과학 동화 소재로 사용할 수 있다.,"해양생물의 생김새, 서식지, 분포를 반영한 과학 동화 소재",국명·학명·서식지·분류체계를 활용한 관찰 질문과 퀴즈,5-7;8-10,해양생물종;Rothia;marina;Micrococcaceae,270000024896,Bacteria,세균계,Actinomycetota,,Actinomycetes,,Micrococcales,,Micrococcaceae,,"Rothia marina Liu et al., 2013",Rothia marina,,기타,,,,,,,,,,,정명,"Rothia marina Liu et al., 2013"
국립해양생물자원관_해양생물종정보 서비스,https://www.data.go.kr/data/15094770/openapi.do,,marine_life_species,Cellulomonas septica,세균계; Actinomycetota; Actinomycetes; Micrococcales; Cellulomonadaceae,,,,,Cellulomonas septica은(는) 해양생물 캐릭터와 과학 동화 소재로 사용할 수 있다.,"해양생물의 생김새, 서식지, 분포를 반영한 과학 동화 소재",국명·학명·서식지·분류체계를 활용한 관찰 질문과 퀴즈,5-7;8-10,해양생물종;Cellulomonas;septica;Cellulomonadaceae,270000003203,Bacteria,세균계,Actinomycetota,,Actinomycetes,,Micrococcales,,Cellulomonadaceae,,Cellulomonas septica,Cellulomonas septica,,기타,,,,,,,,,,,정명,Cellulomonas septica
국립해양생물자원관_해양생물종정보 서비스,https://www.data.go.kr/data/15094770/openapi.do,,marine_life_species,Nocardiopsis lucentensis,세균계; Actinomycetota; Actinomycetes; Actinomycetales; Nocardiopsidaceae,,,,,Nocardiopsis lucentensis은(는) 해양생물 캐릭터와 과학 동화 소재로 사용할 수 있다.,"해양생물의 생김새, 서식지, 분포를 반영한 과학 동화 소재",국명·학명·서식지·분류체계를 활용한 관찰 질문과 퀴즈,5-7;8-10,해양생물종;Nocardiopsis;lucentensis;Nocardiopsidaceae,270000028760,Bacteria,세균계,Actinomycetota,,Actinomycetes,,Actinomycetales,,Nocardiopsidaceae,,"Nocardiopsis lucentensis Yassin et al., 1993",Nocardiopsis lucentensis,,기타,,,,,,,,,,,정명,"Nocardiopsis lucentensis Yassin et al., 1993"
국립해양생물자원관_해양생물종정보 서비스,https://www.data.go.kr/data/15094770/openapi.do,,marine_life_species,Ralfsia claviformis,크로미스타계; 대롱편모조식물문; 갈조강; 바위딱지목; 바위딱지과,,,,,Ralfsia claviformis은(는) 해양생물 캐릭터와 과학 동화 소재로 사용할 수 있다.,"해양생물의 생김새, 서식지, 분포를 반영한 과학 동화 소재",국명·학명·서식지·분류체계를 활용한 관찰 질문과 퀴즈,5-7;8-10,해양생물종;Ralfsia;claviformis;바위딱지과,270000030806,Chromista,크로미스타계,Ochrophyta,대롱편모조식물문,Phaeophyceae,갈조강,Ralfsiales,바위딱지목,Ralfsiaceae,바위딱지과,Ralfsia claviformis,Ralfsia claviformis,,기타,,,,,,,,,,,,
국립해양생물자원관_해양생물종정보 서비스,https://www.data.go.kr/data/15094770/openapi.do,,marine_life_species,Williamsia serinedens,세균계; Actinomycetota; Actinomycetes; Mycobacteriales; Gordoniaceae,,,,,Williamsia serinedens은(는) 해양생물 캐릭터와 과학 동화 소재로 사용할 수 있다.,"해양생물의 생김새, 서식지, 분포를 반영한 과학 동화 소재",국명·학명·서식지·분류체계를 활용한 관찰 질문과 퀴즈,5-7;8-10,해양생물종;Williamsia;serinedens;Gordoniaceae,270000019004,Bacteria,세균계,Actinomycetota,,Actinomycetes,,Mycobacteriales,,Gordoniaceae,,Williamsia serinedens,Williamsia serinedens,,기타,,,,,,,,,,,정명,Williamsia serinedens
국립해양생물자원관_해양생물종정보 서비스,https://www.data.go.kr/data/15094770/openapi.do,,marine_life_species,Corynebacterium ammoniagenes,세균계; Actinomycetota; Actinomycetes; Mycobacteriales; Corynebacteriaceae,,,,,Corynebacterium ammoniagenes은(는) 해양생물 캐릭터와 과학 동화 소재로 사용할 수 있다.,"해양생물의 생김새, 서식지, 분포를 반영한 과학 동화 소재",국명·학명·서식지·분류체계를 활용한 관찰 질문과 퀴즈,5-7;8-10,해양생물종;Corynebacterium;ammoniagenes;Corynebacteriaceae,270000004582,Bacteria,세균계,Actinomycetota,,Actinomycetes,,Mycobacteriales,,Corynebacteriaceae,,Corynebacterium ammoniagenes,Corynebacterium ammoniagenes,,기타,,,,,,,,,,,정명,Corynebacterium ammoniagenes
국립해양생물자원관_해양생물종정보 서비스,https://www.data.go.kr/data/15094770/openapi.do,,marine_life_species,Gordonia terrae,세균계; Actinomycetota; Actinomycetes; Mycobacteriales; Gordoniaceae,,,,,Gordonia terrae은(는) 해양생물 캐릭터와 과학 동화 소재로 사용할 수 있다.,"해양생물의 생김새, 서식지, 분포를 반영한 과학 동화 소재",국명·학명·서식지·분류체계를 활용한 관찰 질문과 퀴즈,5-7;8-10,해양생물종;Gordonia;terrae;Gordoniaceae,270000022259,Bacteria,세균계,Actinomycetota,,Actinomycetes,,Mycobacteriales,,Gordoniaceae,,"Gordonia terrae corrigendum (Tsukamura, 1971) Stackebrandt et al., 1988",Gordonia terrae,,기타,,,,,,,,,,,정명,"Gordonia terrae corrigendum (Tsukamura, 1971) Stackebrandt et al., 1988"
국립해양생물자원관_해양생물종정보 서비스,https://www.data.go.kr/data/15094770/openapi.do,,marine_life_species,Mycobacterium monacense,세균계; Actinomycetota; Actinomycetes; Mycobacteriales; Mycobacteriaceae,,,,,Mycobacterium monacense은(는) 해양생물 캐릭터와 과학 동화 소재로 사용할 수 있다.,"해양생물의 생김새, 서식지, 분포를 반영한 과학 동화 소재",국명·학명·서식지·분류체계를 활용한 관찰 질문과 퀴즈,5-7;8-10,해양생물종;Mycobacterium;monacense;Mycobacteriaceae,270000023483,Bacteria,세균계,Actinomycetota,,Actinomycetes,,Mycobacteriales,,Mycobacteriaceae,,"Mycobacterium monacense Reischl et al., 2006",Mycobacterium monacense,,기타,,,,,,,,,,,정명,"Mycobacterium monacense Reischl et al., 2006"
국립해양생물자원관_해양생물종정보 서비스,https://www.data.go.kr/data/15094770/openapi.do,,marine_life_species,Frigoribacterium faeni,세균계; Actinomycetota; Actinomycetes; Micrococcales; Microbacteriaceae,,,,,Frigoribacterium faeni은(는) 해양생물 캐릭터와 과학 동화 소재로 사용할 수 있다.,"해양생물의 생김새, 서식지, 분포를 반영한 과학 동화 소재",국명·학명·서식지·분류체계를 활용한 관찰 질문과 퀴즈,5-7;8-10,해양생물종;Frigoribacterium;faeni;Microbacteriaceae,270000022119,Bacteria,세균계,Actinomycetota,,Actinomycetes,,Micrococcales,,Microbacteriaceae,,"Frigoribacterium faeni Kämpfer et al., 2000",Frigoribacterium faeni,,기타,,,,,,,,,,,정명,"Frigoribacterium faeni Kämpfer et al., 2000"
국립해양생물자원관_해양생물종정보 서비스,https://www.data.go.kr/data/15094770/openapi.do,,marine_life_species,Pedococcus aerophilus,세균계; Actinomycetota; Actinomycetes; Micrococcales; Intrasporangiaceae,,,,,Pedococcus aerophilus은(는) 해양생물 캐릭터와 과학 동화 소재로 사용할 수 있다.,"해양생물의 생김새, 서식지, 분포를 반영한 과학 동화 소재",국명·학명·서식지·분류체계를 활용한 관찰 질문과 퀴즈,5-7;8-10,해양생물종;Pedococcus;aerophilus;Intrasporangiaceae,270000024211,Bacteria,세균계,Actinomycetota,,Actinomycetes,,Micrococcales,,Intrasporangiaceae,,"Pedococcus aerophilus (Weon et al.) Nouioui et al., 2018",Pedococcus aerophilus,,기타,,,,,,,,,,,정명,"Pedococcus aerophilus (Weon et al.) Nouioui et al., 2018"
국립해양생물자원관_해양생물종정보 서비스,https://www.data.go.kr/data/15094770/openapi.do,,marine_life_species,Perithalia capillaris,크로미스타계; 대롱편모조식물문; 갈조강; 털비말목; 털비말과,,,,,Perithalia capillaris은(는) 해양생물 캐릭터와 과학 동화 소재로 사용할 수 있다.,"해양생물의 생김새, 서식지, 분포를 반영한 과학 동화 소재",국명·학명·서식지·분류체계를 활용한 관찰 질문과 퀴즈,5-7;8-10,해양생물종;Perithalia;capillaris;털비말과,270000013354,Chromista,크로미스타계,Ochrophyta,대롱편모조식물문,Phaeophyceae,갈조강,Sporochnales,털비말목,Sporochnaceae,털비말과,Perithalia capillaris,Perithalia capillaris,,기타,,,,,,,,,,,정명,Perithalia capillaris
국립해양생물자원관_해양생물종정보 서비스,https://www.data.go.kr/data/15094770/openapi.do,,marine_life_species,Laminaria sinclairii,크로미스타계; 대롱편모조식물문; 갈조강; 다시마목; 다시마과,,,,,Laminaria sinclairii은(는) 해양생물 캐릭터와 과학 동화 소재로 사용할 수 있다.,"해양생물의 생김새, 서식지, 분포를 반영한 과학 동화 소재",국명·학명·서식지·분류체계를 활용한 관찰 질문과 퀴즈,5-7;8-10,해양생물종;Laminaria;sinclairii;다시마과,270000009232,Chromista,크로미스타계,Ochrophyta,대롱편모조식물문,Phaeophyceae,갈조강,Laminariales,다시마목,Laminariaceae,다시마과,Laminaria sinclairii,Laminaria sinclairii,,기타,,,,,,,,,,,정명,Laminaria sinclairii
국립해양생물자원관_해양생물종정보 서비스,https://www.data.go.kr/data/15094770/openapi.do,,marine_life_species,Sungminia asiatica,크로미스타계; 대롱편모조식물문; 갈조강; 바위딱지목; Sungminiaceae,,,,,Sungminia asiatica은(는) 해양생물 캐릭터와 과학 동화 소재로 사용할 수 있다.,"해양생물의 생김새, 서식지, 분포를 반영한 과학 동화 소재",국명·학명·서식지·분류체계를 활용한 관찰 질문과 퀴즈,5-7;8-10,해양생물종;Sungminia;asiatica;Sungminiaceae,270000028462,Chromista,크로미스타계,Ochrophyta,대롱편모조식물문,Phaeophyceae,갈조강,Ralfsiales,바위딱지목,Sungminiaceae,,"Sungminia asiatica Oteng'o, Won & T.O.Cho, 2022",Sungminia asiatica,,기타,,,,,,,,,,,정명,"Sungminia asiatica Oteng'o, Won & T.O.Cho, 2022"
국립해양생물자원관_해양생물종정보 서비스,https://www.data.go.kr/data/15094770/openapi.do,,marine_life_species,Macrocystis pyrifera,크로미스타계; 대롱편모조식물문; 갈조강; 다시마목; 다시마과,,,,,Macrocystis pyrifera은(는) 해양생물 캐릭터와 과학 동화 소재로 사용할 수 있다.,"해양생물의 생김새, 서식지, 분포를 반영한 과학 동화 소재",국명·학명·서식지·분류체계를 활용한 관찰 질문과 퀴즈,5-7;8-10,해양생물종;Macrocystis;pyrifera;다시마과,270000010119,Chromista,크로미스타계,Ochrophyta,대롱편모조식물문,Phaeophyceae,갈조강,Laminariales,다시마목,Laminariaceae,다시마과,Macrocystis pyrifera,Macrocystis pyrifera,,기타,,,,,,,,,,,정명,Macrocystis pyrifera
국립해양생물자원관_해양생물종정보 서비스,https://www.data.go.kr/data/15094770/openapi.do,,marine_life_species,Arthrobacter jiangjiafuii,세균계; Actinomycetota; Actinomycetes; Micrococcales; Micrococcaceae,,,,,Arthrobacter jiangjiafuii은(는) 해양생물 캐릭터와 과학 동화 소재로 사용할 수 있다.,"해양생물의 생김새, 서식지, 분포를 반영한 과학 동화 소재",국명·학명·서식지·분류체계를 활용한 관찰 질문과 퀴즈,5-7;8-10,해양생물종;Arthrobacter;jiangjiafuii;Micrococcaceae,270000029276,Bacteria,세균계,Actinomycetota,,Actinomycetes,,Micrococcales,,Micrococcaceae,,"Arthrobacter jiangjiafuii Zhang et al., 2022",Arthrobacter jiangjiafuii,,기타,,,,,,,,,,,정명,"Arthrobacter jiangjiafuii Zhang et al., 2022"
국립해양생물자원관_해양생물종정보 서비스,https://www.data.go.kr/data/15094770/openapi.do,,marine_life_species,Janibacter sanguinis,세균계; Actinomycetota; Actinomycetes; Micrococcales; Intrasporangiaceae,,,,,Janibacter sanguinis은(는) 해양생물 캐릭터와 과학 동화 소재로 사용할 수 있다.,"해양생물의 생김새, 서식지, 분포를 반영한 과학 동화 소재",국명·학명·서식지·분류체계를 활용한 관찰 질문과 퀴즈,5-7;8-10,해양생물종;Janibacter;sanguinis;Intrasporangiaceae,270000008853,Bacteria,세균계,Actinomycetota,,Actinomycetes,,Micrococcales,,Intrasporangiaceae,,Janibacter sanguinis,Janibacter sanguinis,,기타,,,,,,,,,,,정명,Janibacter sanguinis
국립해양생물자원관_해양생물종정보 서비스,https://www.data.go.kr/data/15094770/openapi.do,,marine_life_species,Serinicoccus profundi,세균계; Actinomycetota; Actinomycetes; Micrococcales; Ornithinimicrobiaceae,,,,,Serinicoccus profundi은(는) 해양생물 캐릭터와 과학 동화 소재로 사용할 수 있다.,"해양생물의 생김새, 서식지, 분포를 반영한 과학 동화 소재",국명·학명·서식지·분류체계를 활용한 관찰 질문과 퀴즈,5-7;8-10,해양생물종;Serinicoccus;profundi;Ornithinimicrobiaceae,270000025073,Bacteria,세균계,Actinomycetota,,Actinomycetes,,Micrococcales,,Ornithinimicrobiaceae,,"Serinicoccus profundi Xiao et al., 2011",Serinicoccus profundi,,기타,,,,,,,,,,,정명,"Serinicoccus profundi Xiao et al., 2011"
국립해양생물자원관_해양생물종정보 서비스,https://www.data.go.kr/data/15094770/openapi.do,,marine_life_species,Kocuria indica,세균계; Actinomycetota; Actinomycetes; Micrococcales; Micrococcaceae,,,,,Kocuria indica은(는) 해양생물 캐릭터와 과학 동화 소재로 사용할 수 있다.,"해양생물의 생김새, 서식지, 분포를 반영한 과학 동화 소재",국명·학명·서식지·분류체계를 활용한 관찰 질문과 퀴즈,5-7;8-10,해양생물종;Kocuria;indica;Micrococcaceae,270000019739,Bacteria,세균계,Actinomycetota,,Actinomycetes,,Micrococcales,,Micrococcaceae,,"Kocuria indica Dastager et al., 2014",Kocuria indica,,기타,,,,,,,,,,,정명,"Kocuria indica Dastager et al., 2014"
국립해양생물자원관_해양생물종정보 서비스,https://www.data.go.kr/data/15094770/openapi.do,,marine_life_species,Citricoccus zhacaiensis,세균계; Actinomycetota; Actinomycetes; Micrococcales; Micrococcaceae,,,,,Citricoccus zhacaiensis은(는) 해양생물 캐릭터와 과학 동화 소재로 사용할 수 있다.,"해양생물의 생김새, 서식지, 분포를 반영한 과학 동화 소재",국명·학명·서식지·분류체계를 활용한 관찰 질문과 퀴즈,5-7;8-10,해양생물종;Citricoccus;zhacaiensis;Micrococcaceae,270000021274,Bacteria,세균계,Actinomycetota,,Actinomycetes,,Micrococcales,,Micrococcaceae,,"Citricoccus zhacaiensis Meng et al., 2010",Citricoccus zhacaiensis,,기타,,,,,,,,,,,정명,"Citricoccus zhacaiensis Meng et al., 2010"
국립해양생물자원관_해양생물종정보 서비스,https://www.data.go.kr/data/15094770/openapi.do,,marine_life_species,Turbinaria stellulata,크로미스타계; 대롱편모조식물문; 갈조강; 말목; 모자반과,,,,,Turbinaria stellulata은(는) 해양생물 캐릭터와 과학 동화 소재로 사용할 수 있다.,"해양생물의 생김새, 서식지, 분포를 반영한 과학 동화 소재",국명·학명·서식지·분류체계를 활용한 관찰 질문과 퀴즈,5-7;8-10,해양생물종;Turbinaria;stellulata;모자반과,270000018536,Chromista,크로미스타계,Ochrophyta,대롱편모조식물문,Phaeophyceae,갈조강,Fucales,말목,Sargassaceae,모자반과,Turbinaria stellulata,Turbinaria stellulata,,기타,,,,,,,,,,,정명,Turbinaria stellulata
국립해양생물자원관_해양생물종정보 서비스,https://www.data.go.kr/data/15094770/openapi.do,,marine_life_species,Dietzia natronolimnaea,세균계; Actinomycetota; Actinomycetes; Mycobacteriales; Dietziaceae,,,,,Dietzia natronolimnaea은(는) 해양생물 캐릭터와 과학 동화 소재로 사용할 수 있다.,"해양생물의 생김새, 서식지, 분포를 반영한 과학 동화 소재",국명·학명·서식지·분류체계를 활용한 관찰 질문과 퀴즈,5-7;8-10,해양생물종;Dietzia;natronolimnaea;Dietziaceae,270000021700,Bacteria,세균계,Actinomycetota,,Actinomycetes,,Mycobacteriales,,Dietziaceae,,"Dietzia natronolimnaea Duckworth et al., 1999",Dietzia natronolimnaea,,기타,,,,,,,,,,,정명,"Dietzia natronolimnaea Duckworth et al., 1999"
국립해양생물자원관_해양생물종정보 서비스,https://www.data.go.kr/data/15094770/openapi.do,,marine_life_species,Cellulomonas denverensis,세균계; Actinomycetota; Actinomycetes; Micrococcales; Cellulomonadaceae,,,,,Cellulomonas denverensis은(는) 해양생물 캐릭터와 과학 동화 소재로 사용할 수 있다.,"해양생물의 생김새, 서식지, 분포를 반영한 과학 동화 소재",국명·학명·서식지·분류체계를 활용한 관찰 질문과 퀴즈,5-7;8-10,해양생물종;Cellulomonas;denverensis;Cellulomonadaceae,270000021051,Bacteria,세균계,Actinomycetota,,Actinomycetes,,Micrococcales,,Cellulomonadaceae,,"Cellulomonas denverensis Brown et al., 2005",Cellulomonas denverensis,,기타,,,,,,,,,,,정명,"Cellulomonas denverensis Brown et al., 2005"
국립해양생물자원관_해양생물종정보 서비스,https://www.data.go.kr/data/15094770/openapi.do,,marine_life_species,Leptolyngbya tenuis,세균계; Cyanobacteria; Cyanophyceae; Synechococcales; Leptolyngbyaceae,,,,,Leptolyngbya tenuis은(는) 해양생물 캐릭터와 과학 동화 소재로 사용할 수 있다.,"해양생물의 생김새, 서식지, 분포를 반영한 과학 동화 소재",국명·학명·서식지·분류체계를 활용한 관찰 질문과 퀴즈,5-7;8-10,해양생물종;Leptolyngbya;tenuis;Leptolyngbyaceae,270000022873,Bacteria,세균계,Cyanobacteria,,Cyanophyceae,,Synechococcales,,Leptolyngbyaceae,,"Leptolyngbya tenuis (Gomont, 1892) Anagnostidis & Komárek, 1988",Leptolyngbya tenuis,,기타,,,,,,,,,,,정명,"Leptolyngbya tenuis (Gomont, 1892) Anagnostidis & Komárek, 1988"
국립해양생물자원관_해양생물종정보 서비스,https://www.data.go.kr/data/15094770/openapi.do,,marine_life_species,Microbacterium luteum,세균계; Actinomycetota; Actinomycetes; Micrococcales; Microbacteriaceae,,,,,Microbacterium luteum은(는) 해양생물 캐릭터와 과학 동화 소재로 사용할 수 있다.,"해양생물의 생김새, 서식지, 분포를 반영한 과학 동화 소재",국명·학명·서식지·분류체계를 활용한 관찰 질문과 퀴즈,5-7;8-10,해양생물종;Microbacterium;luteum;Microbacteriaceae,270000030509,Bacteria,세균계,Actinomycetota,,Actinomycetes,,Micrococcales,,Microbacteriaceae,,"Microbacterium luteum Xie et al., 2022",Microbacterium luteum,,기타,,,,,,,,,,,정명,"Microbacterium luteum Xie et al., 2022"
국립해양생물자원관_해양생물종정보 서비스,https://www.data.go.kr/data/15094770/openapi.do,,marine_life_species,Merismopedia convoluta,세균계; Cyanobacteria; Cyanophyceae; Synechococcales; Merismopediaceae,,,,,Merismopedia convoluta은(는) 해양생물 캐릭터와 과학 동화 소재로 사용할 수 있다.,"해양생물의 생김새, 서식지, 분포를 반영한 과학 동화 소재",국명·학명·서식지·분류체계를 활용한 관찰 질문과 퀴즈,5-7;8-10,해양생물종;Merismopedia;convoluta;Merismopediaceae,270000023250,Bacteria,세균계,Cyanobacteria,,Cyanophyceae,,Synechococcales,,Merismopediaceae,,"Merismopedia convoluta Brébisson ex Kützing, 1849",Merismopedia convoluta,,기타,,,,,,,,,,,정명,"Merismopedia convoluta Brébisson ex Kützing, 1849"
국립해양생물자원관_해양생물종정보 서비스,https://www.data.go.kr/data/15094770/openapi.do,,marine_life_species,Tsukamurella pulmonis,세균계; Actinomycetota; Actinomycetes; Mycobacteriales; Tsukamurellaceae,,,,,Tsukamurella pulmonis은(는) 해양생물 캐릭터와 과학 동화 소재로 사용할 수 있다.,"해양생물의 생김새, 서식지, 분포를 반영한 과학 동화 소재",국명·학명·서식지·분류체계를 활용한 관찰 질문과 퀴즈,5-7;8-10,해양생물종;Tsukamurella;pulmonis;Tsukamurellaceae,270000025726,Bacteria,세균계,Actinomycetota,,Actinomycetes,,Mycobacteriales,,Tsukamurellaceae,,"Tsukamurella pulmonis Yassin et al., 1996",Tsukamurella pulmonis,,기타,,,,,,,,,,,정명,"Tsukamurella pulmonis Yassin et al., 1996"
국립해양생물자원관_해양생물종정보 서비스,https://www.data.go.kr/data/15094770/openapi.do,,marine_life_species,Leptolyngbya calotrichoides,세균계; Cyanobacteria; Cyanophyceae; Synechococcales; Leptolyngbyaceae,,,,,Leptolyngbya calotrichoides은(는) 해양생물 캐릭터와 과학 동화 소재로 사용할 수 있다.,"해양생물의 생김새, 서식지, 분포를 반영한 과학 동화 소재",국명·학명·서식지·분류체계를 활용한 관찰 질문과 퀴즈,5-7;8-10,해양생물종;Leptolyngbya;calotrichoides;Leptolyngbyaceae,270000022871,Bacteria,세균계,Cyanobacteria,,Cyanophyceae,,Synechococcales,,Leptolyngbyaceae,,"Leptolyngbya calotrichoides (Gomont) Anagnostidis & Komárek, 1988",Leptolyngbya calotrichoides,,기타,,,,,,,,,,,정명,"Leptolyngbya calotrichoides (Gomont) Anagnostidis & Komárek, 1988"
국립해양생물자원관_해양생물종정보 서비스,https://www.data.go.kr/data/15094770/openapi.do,,marine_life_species,Dactylococcopsis rupestris,세균계; Cyanobacteria; Cyanophyceae; Chroococcales; Chroococcaceae,,,,,Dactylococcopsis rupestris은(는) 해양생물 캐릭터와 과학 동화 소재로 사용할 수 있다.,"해양생물의 생김새, 서식지, 분포를 반영한 과학 동화 소재",국명·학명·서식지·분류체계를 활용한 관찰 질문과 퀴즈,5-7;8-10,해양생물종;Dactylococcopsis;rupestris;Chroococcaceae,270000021604,Bacteria,세균계,Cyanobacteria,,Cyanophyceae,,Chroococcales,,Chroococcaceae,,"Dactylococcopsis rupestris Hansgirg, 1890",Dactylococcopsis rupestris,,기타,,,,,,,,,,,정명,"Dactylococcopsis rupestris Hansgirg, 1890"
국립해양생물자원관_해양생물종정보 서비스,https://www.data.go.kr/data/15094770/openapi.do,,marine_life_species,Blennothrix lyngbyacea,세균계; Cyanobacteria; Cyanophyceae; Oscillatoriales; Oscillatoriaceae,,,,,Blennothrix lyngbyacea은(는) 해양생물 캐릭터와 과학 동화 소재로 사용할 수 있다.,"해양생물의 생김새, 서식지, 분포를 반영한 과학 동화 소재",국명·학명·서식지·분류체계를 활용한 관찰 질문과 퀴즈,5-7;8-10,해양생물종;Blennothrix;lyngbyacea;Oscillatoriaceae,270000020810,Bacteria,세균계,Cyanobacteria,,Cyanophyceae,,Oscillatoriales,,Oscillatoriaceae,,"Blennothrix lyngbyacea (Kützing ex Gomont) Anagnostidis & Komárek, 1988",Blennothrix lyngbyacea,,기타,,,,,,,,,,,정명,"Blennothrix lyngbyacea (Kützing ex Gomont) Anagnostidis & Komárek, 1988"
국립해양생물자원관_해양생물종정보 서비스,https://www.data.go.kr/data/15094770/openapi.do,,marine_life_species,Dictyoneurum californicum,크로미스타계; 대롱편모조식물문; 갈조강; 다시마목; 쇠미역과,,,,,Dictyoneurum californicum은(는) 해양생물 캐릭터와 과학 동화 소재로 사용할 수 있다.,"해양생물의 생김새, 서식지, 분포를 반영한 과학 동화 소재",국명·학명·서식지·분류체계를 활용한 관찰 질문과 퀴즈,5-7;8-10,해양생물종;Dictyoneurum;californicum;쇠미역과,270000005353,Chromista,크로미스타계,Ochrophyta,대롱편모조식물문,Phaeophyceae,갈조강,Laminariales,다시마목,Agaraceae,쇠미역과,Dictyoneurum californicum,Dictyoneurum californicum,,기타,,,,,,,,,,,정명,Dictyoneurum californicum
국립해양생물자원관_해양생물종정보 서비스,https://www.data.go.kr/data/15094770/openapi.do,,marine_life_species,Spirulina major,세균계; Cyanobacteria; Cyanophyceae; Spirulinales; Spirulinaceae,,,,,Spirulina major은(는) 해양생물 캐릭터와 과학 동화 소재로 사용할 수 있다.,"해양생물의 생김새, 서식지, 분포를 반영한 과학 동화 소재",국명·학명·서식지·분류체계를 활용한 관찰 질문과 퀴즈,5-7;8-10,해양생물종;Spirulina;major;Spirulinaceae,270000025254,Bacteria,세균계,Cyanobacteria,,Cyanophyceae,,Spirulinales,,Spirulinaceae,,"Spirulina major Kützing ex Gomont, 1892",Spirulina major,,기타,,,,,,,,,,,정명,"Spirulina major Kützing ex Gomont, 1892"
국립해양생물자원관_해양생물종정보 서비스,https://www.data.go.kr/data/15094770/openapi.do,,marine_life_species,Plantibacter flavus,세균계; Actinomycetota; Actinomycetes; Micrococcales; Microbacteriaceae,,,,,Plantibacter flavus은(는) 해양생물 캐릭터와 과학 동화 소재로 사용할 수 있다.,"해양생물의 생김새, 서식지, 분포를 반영한 과학 동화 소재",국명·학명·서식지·분류체계를 활용한 관찰 질문과 퀴즈,5-7;8-10,해양생물종;Plantibacter;flavus;Microbacteriaceae,270000024259,Bacteria,세균계,Actinomycetota,,Actinomycetes,,Micrococcales,,Microbacteriaceae,,"Plantibacter flavus Behrendt et al., 2002",Plantibacter flavus,,기타,,,,,,,,,,,정명,"Plantibacter flavus Behrendt et al., 2002"
국립해양생물자원관_해양생물종정보 서비스,https://www.data.go.kr/data/15094770/openapi.do,,marine_life_species,Nereocystis luetkeana,크로미스타계; 대롱편모조식물문; 갈조강; 다시마목; 다시마과,,,,,Nereocystis luetkeana은(는) 해양생물 캐릭터와 과학 동화 소재로 사용할 수 있다.,"해양생물의 생김새, 서식지, 분포를 반영한 과학 동화 소재",국명·학명·서식지·분류체계를 활용한 관찰 질문과 퀴즈,5-7;8-10,해양생물종;Nereocystis;luetkeana;다시마과,270000011615,Chromista,크로미스타계,Ochrophyta,대롱편모조식물문,Phaeophyceae,갈조강,Laminariales,다시마목,Laminariaceae,다시마과,Nereocystis luetkeana,Nereocystis luetkeana,,기타,,,,,,,,,,,정명,Nereocystis luetkeana
국립해양생물자원관_해양생물종정보 서비스,https://www.data.go.kr/data/15094770/openapi.do,,marine_life_species,Brevibacterium permense,세균계; Actinomycetota; Actinomycetes; Micrococcales; Brevibacteriaceae,,,,,Brevibacterium permense은(는) 해양생물 캐릭터와 과학 동화 소재로 사용할 수 있다.,"해양생물의 생김새, 서식지, 분포를 반영한 과학 동화 소재",국명·학명·서식지·분류체계를 활용한 관찰 질문과 퀴즈,5-7;8-10,해양생물종;Brevibacterium;permense;Brevibacteriaceae,270000020880,Bacteria,세균계,Actinomycetota,,Actinomycetes,,Micrococcales,,Brevibacteriaceae,,"Brevibacterium permense Gavrish et al., 2004",Brevibacterium permense,,기타,,,,,,,,,,,정명,"Brevibacterium permense Gavrish et al., 2004"
국립해양생물자원관_해양생물종정보 서비스,https://www.data.go.kr/data/15094770/openapi.do,,marine_life_species,Calothrix confervicola,세균계; Cyanobacteria; Cyanophyceae; Nostocales; Rivulariaceae,,,,,Calothrix confervicola은(는) 해양생물 캐릭터와 과학 동화 소재로 사용할 수 있다.,"해양생물의 생김새, 서식지, 분포를 반영한 과학 동화 소재",국명·학명·서식지·분류체계를 활용한 관찰 질문과 퀴즈,5-7;8-10,해양생물종;Calothrix;confervicola;Rivulariaceae,270000020983,Bacteria,세균계,Cyanobacteria,,Cyanophyceae,,Nostocales,,Rivulariaceae,,"Calothrix confervicola Agardh ex Bornet & Flahault, 1886",Calothrix confervicola,,기타,,,,,,,,,,,정명,"Calothrix confervicola Agardh ex Bornet & Flahault, 1886"
국립해양생물자원관_해양생물종정보 서비스,https://www.data.go.kr/data/15094770/openapi.do,,marine_life_species,Hormophysa cuneiformis,크로미스타계; 대롱편모조식물문; 갈조강; 말목; 모자반과,,,,,Hormophysa cuneiformis은(는) 해양생물 캐릭터와 과학 동화 소재로 사용할 수 있다.,"해양생물의 생김새, 서식지, 분포를 반영한 과학 동화 소재",국명·학명·서식지·분류체계를 활용한 관찰 질문과 퀴즈,5-7;8-10,해양생물종;Hormophysa;cuneiformis;모자반과,270000008426,Chromista,크로미스타계,Ochrophyta,대롱편모조식물문,Phaeophyceae,갈조강,Fucales,말목,Sargassaceae,모자반과,Hormophysa cuneiformis,Hormophysa cuneiformis,,기타,,,,,,,,,,,정명,Hormophysa cuneiformis
국립해양생물자원관_해양생물종정보 서비스,https://www.data.go.kr/data/15094770/openapi.do,,marine_life_species,Nocardioides ginkgobilobae,세균계; Actinomycetota; Actinomycetes; Propionibacteriales; Nocardioidaceae,,,,,Nocardioides ginkgobilobae은(는) 해양생물 캐릭터와 과학 동화 소재로 사용할 수 있다.,"해양생물의 생김새, 서식지, 분포를 반영한 과학 동화 소재",국명·학명·서식지·분류체계를 활용한 관찰 질문과 퀴즈,5-7;8-10,해양생물종;Nocardioides;ginkgobilobae;Nocardioidaceae,270000028789,Bacteria,세균계,Actinomycetota,,Actinomycetes,,Propionibacteriales,,Nocardioidaceae,,"Nocardioides ginkgobilobae Xu et al., 2016",Nocardioides ginkgobilobae,,기타,,,,,,,,,,,정명,"Nocardioides ginkgobilobae Xu et al., 2016"
국립해양생물자원관_해양생물종정보 서비스,https://www.data.go.kr/data/15094770/openapi.do,,marine_life_species,Microbacterium halimionae,세균계; Actinomycetota; Actinomycetes; Micrococcales; Microbacteriaceae,,,,,Microbacterium halimionae은(는) 해양생물 캐릭터와 과학 동화 소재로 사용할 수 있다.,"해양생물의 생김새, 서식지, 분포를 반영한 과학 동화 소재",국명·학명·서식지·분류체계를 활용한 관찰 질문과 퀴즈,5-7;8-10,해양생물종;Microbacterium;halimionae;Microbacteriaceae,270000023307,Bacteria,세균계,Actinomycetota,,Actinomycetes,,Micrococcales,,Microbacteriaceae,,"Microbacterium halimionae Alves et al., 2014",Microbacterium halimionae,,기타,,,,,,,,,,,정명,"Microbacterium halimionae Alves et al., 2014"
국립해양생물자원관_해양생물종정보 서비스,https://www.data.go.kr/data/15094770/openapi.do,,marine_life_species,Rhodococcus fascians,세균계; Actinomycetota; Actinomycetes; Mycobacteriales; Nocardiaceae,,,,,Rhodococcus fascians은(는) 해양생물 캐릭터와 과학 동화 소재로 사용할 수 있다.,"해양생물의 생김새, 서식지, 분포를 반영한 과학 동화 소재",국명·학명·서식지·분류체계를 활용한 관찰 질문과 퀴즈,5-7;8-10,해양생물종;Rhodococcus;fascians;Nocardiaceae,270000024824,Bacteria,세균계,Actinomycetota,,Actinomycetes,,Mycobacteriales,,Nocardiaceae,,"Rhodococcus fascians (Tilford) Goodfellow, 1984",Rhodococcus fascians,,기타,,,,,,,,,,,정명,"Rhodococcus fascians (Tilford) Goodfellow, 1984"
국립해양생물자원관_해양생물종정보 서비스,https://www.data.go.kr/data/15094770/openapi.do,,marine_life_species,Saccharina gurjanovae,크로미스타계; 대롱편모조식물문; 갈조강; 다시마목; 다시마과,,,,,Saccharina gurjanovae은(는) 해양생물 캐릭터와 과학 동화 소재로 사용할 수 있다.,"해양생물의 생김새, 서식지, 분포를 반영한 과학 동화 소재",국명·학명·서식지·분류체계를 활용한 관찰 질문과 퀴즈,5-7;8-10,해양생물종;Saccharina;gurjanovae;다시마과,270000015813,Chromista,크로미스타계,Ochrophyta,대롱편모조식물문,Phaeophyceae,갈조강,Laminariales,다시마목,Laminariaceae,다시마과,Saccharina gurjanovae,Saccharina gurjanovae,,기타,,,,,,,,,,,정명,Saccharina gurjanovae
국립해양생물자원관_해양생물종정보 서비스,https://www.data.go.kr/data/15094770/openapi.do,,marine_life_species,Kytococcus sedentarius,세균계; Actinomycetota; Actinomycetes; Micrococcales; Kytococcaceae,,,,,Kytococcus sedentarius은(는) 해양생물 캐릭터와 과학 동화 소재로 사용할 수 있다.,"해양생물의 생김새, 서식지, 분포를 반영한 과학 동화 소재",국명·학명·서식지·분류체계를 활용한 관찰 질문과 퀴즈,5-7;8-10,해양생물종;Kytococcus;sedentarius;Kytococcaceae,270000022770,Bacteria,세균계,Actinomycetota,,Actinomycetes,,Micrococcales,,Kytococcaceae,,"Kytococcus sedentarius (ZoBell & Upham) Stackebrandt et al., 1995",Kytococcus sedentarius,,기타,,,,,,,,,,,정명,"Kytococcus sedentarius (ZoBell & Upham) Stackebrandt et al., 1995"
국립해양생물자원관_해양생물종정보 서비스,https://www.data.go.kr/data/15094770/openapi.do,,marine_life_species,Sargassum swartzii,크로미스타계; 대롱편모조식물문; 갈조강; 말목; 모자반과,,,,,Sargassum swartzii은(는) 해양생물 캐릭터와 과학 동화 소재로 사용할 수 있다.,"해양생물의 생김새, 서식지, 분포를 반영한 과학 동화 소재",국명·학명·서식지·분류체계를 활용한 관찰 질문과 퀴즈,5-7;8-10,해양생물종;Sargassum;swartzii;모자반과,270000016008,Chromista,크로미스타계,Ochrophyta,대롱편모조식물문,Phaeophyceae,갈조강,Fucales,말목,Sargassaceae,모자반과,Sargassum swartzii,Sargassum swartzii,,기타,,,,,,,,,,,정명,Sargassum swartzii
국립해양생물자원관_해양생물종정보 서비스,https://www.data.go.kr/data/15094770/openapi.do,,marine_life_species,Sargassum ilicifolium,크로미스타계; 대롱편모조식물문; 갈조강; 말목; 모자반과,,,,,Sargassum ilicifolium은(는) 해양생물 캐릭터와 과학 동화 소재로 사용할 수 있다.,"해양생물의 생김새, 서식지, 분포를 반영한 과학 동화 소재",국명·학명·서식지·분류체계를 활용한 관찰 질문과 퀴즈,5-7;8-10,해양생물종;Sargassum;ilicifolium;모자반과,270000015985,Chromista,크로미스타계,Ochrophyta,대롱편모조식물문,Phaeophyceae,갈조강,Fucales,말목,Sargassaceae,모자반과,Sargassum ilicifolium,Sargassum ilicifolium,,기타,,,,,,,,,,,정명,Sargassum ilicifolium
국립해양생물자원관_해양생물종정보 서비스,https://www.data.go.kr/data/15094770/openapi.do,,marine_life_species,Salinispora arenicola,세균계; Actinomycetota; Actinomycetes; Micromonosporales; Micromonosporaceae,,,,,Salinispora arenicola은(는) 해양생물 캐릭터와 과학 동화 소재로 사용할 수 있다.,"해양생물의 생김새, 서식지, 분포를 반영한 과학 동화 소재",국명·학명·서식지·분류체계를 활용한 관찰 질문과 퀴즈,5-7;8-10,해양생물종;Salinispora;arenicola;Micromonosporaceae,270000015900,Bacteria,세균계,Actinomycetota,,Actinomycetes,,Micromonosporales,,Micromonosporaceae,,Salinispora arenicola,Salinispora arenicola,,기타,,,,,,,,,,,정명,Salinispora arenicola
국립해양생물자원관_해양생물종정보 서비스,https://www.data.go.kr/data/15094770/openapi.do,,marine_life_species,Demequina iriomotensis,세균계; Actinomycetota; Actinomycetes; Micrococcales; Demequinaceae,,,,,Demequina iriomotensis은(는) 해양생물 캐릭터와 과학 동화 소재로 사용할 수 있다.,"해양생물의 생김새, 서식지, 분포를 반영한 과학 동화 소재",국명·학명·서식지·분류체계를 활용한 관찰 질문과 퀴즈,5-7;8-10,해양생물종;Demequina;iriomotensis;Demequinaceae,270000029890,Bacteria,세균계,Actinomycetota,,Actinomycetes,,Micrococcales,,Demequinaceae,,"Demequina iriomotensis (Hamada et al., 2015) Nouioui et al., 2018",Demequina iriomotensis,,기타,,,,,,,,,,,정명,"Demequina iriomotensis (Hamada et al., 2015) Nouioui et al., 2018"
국립해양생물자원관_해양생물종정보 서비스,https://www.data.go.kr/data/15094770/openapi.do,,marine_life_species,Scytonematopsis pilosa,세균계; Cyanobacteria; Cyanophyceae; Nostocales; Scytonemataceae,,,,,Scytonematopsis pilosa은(는) 해양생물 캐릭터와 과학 동화 소재로 사용할 수 있다.,"해양생물의 생김새, 서식지, 분포를 반영한 과학 동화 소재",국명·학명·서식지·분류체계를 활용한 관찰 질문과 퀴즈,5-7;8-10,해양생물종;Scytonematopsis;pilosa;Scytonemataceae,270000025053,Bacteria,세균계,Cyanobacteria,,Cyanophyceae,,Nostocales,,Scytonemataceae,,"Scytonematopsis pilosa (Harvey ex Bornet & Flahault) Umezaki & Watanabe, 1994",Scytonematopsis pilosa,,기타,,,,,,,,,,,정명,"Scytonematopsis pilosa (Harvey ex Bornet & Flahault) Umezaki & Watanabe, 1994"
국립해양생물자원관_해양생물종정보 서비스,https://www.data.go.kr/data/15094770/openapi.do,,marine_life_species,Rivularia atra,세균계; Cyanobacteria; Cyanophyceae; Nostocales; Rivulariaceae,,,,,Rivularia atra은(는) 해양생물 캐릭터와 과학 동화 소재로 사용할 수 있다.,"해양생물의 생김새, 서식지, 분포를 반영한 과학 동화 소재",국명·학명·서식지·분류체계를 활용한 관찰 질문과 퀴즈,5-7;8-10,해양생물종;Rivularia;atra;Rivulariaceae,270000024861,Bacteria,세균계,Cyanobacteria,,Cyanophyceae,,Nostocales,,Rivulariaceae,,"Rivularia atra Roth ex Bornet & Flahault, 1886",Rivularia atra,,기타,,,,,,,,,,,정명,"Rivularia atra Roth ex Bornet & Flahault, 1886"
국립해양생물자원관_해양생물종정보 서비스,https://www.data.go.kr/data/15094770/openapi.do,,marine_life_species,Rhodococcus globerulus,세균계; Actinomycetota; Actinomycetes; Mycobacteriales; Nocardiaceae,,,,,Rhodococcus globerulus은(는) 해양생물 캐릭터와 과학 동화 소재로 사용할 수 있다.,"해양생물의 생김새, 서식지, 분포를 반영한 과학 동화 소재",국명·학명·서식지·분류체계를 활용한 관찰 질문과 퀴즈,5-7;8-10,해양생물종;Rhodococcus;globerulus;Nocardiaceae,270000024825,Bacteria,세균계,Actinomycetota,,Actinomycetes,,Mycobacteriales,,Nocardiaceae,,"Rhodococcus globerulus Goodfellow et al., 1982",Rhodococcus globerulus,,기타,,,,,,,,,,,정명,"Rhodococcus globerulus Goodfellow et al., 1982"
국립해양생물자원관_해양생물종정보 서비스,https://www.data.go.kr/data/15094770/openapi.do,,marine_life_species,Dictyopteris jolyana,크로미스타계; 대롱편모조식물문; 갈조강; 그물바탕말목; 그물바탕말과,,,,,Dictyopteris jolyana은(는) 해양생물 캐릭터와 과학 동화 소재로 사용할 수 있다.,"해양생물의 생김새, 서식지, 분포를 반영한 과학 동화 소재",국명·학명·서식지·분류체계를 활용한 관찰 질문과 퀴즈,5-7;8-10,해양생물종;Dictyopteris;jolyana;그물바탕말과,270000005360,Chromista,크로미스타계,Ochrophyta,대롱편모조식물문,Phaeophyceae,갈조강,Dictyotales,그물바탕말목,Dictyotaceae,그물바탕말과,Dictyopteris jolyana,Dictyopteris jolyana,,기타,,,,,,,,,,,정명,Dictyopteris jolyana
국립해양생물자원관_해양생물종정보 서비스,https://www.data.go.kr/data/15094770/openapi.do,,marine_life_species,Brevibacterium avium,세균계; Actinomycetota; Actinomycetes; Micrococcales; Brevibacteriaceae,,,,,Brevibacterium avium은(는) 해양생물 캐릭터와 과학 동화 소재로 사용할 수 있다.,"해양생물의 생김새, 서식지, 분포를 반영한 과학 동화 소재",국명·학명·서식지·분류체계를 활용한 관찰 질문과 퀴즈,5-7;8-10,해양생물종;Brevibacterium;avium;Brevibacteriaceae,270000019569,Bacteria,세균계,Actinomycetota,,Actinomycetes,,Micrococcales,,Brevibacteriaceae,,"Brevibacterium avium Pascual & Collins, 1999",Brevibacterium avium,,기타,,,,,,,,,,,정명,"Brevibacterium avium Pascual & Collins, 1999"
국립해양생물자원관_해양생물종정보 서비스,https://www.data.go.kr/data/15094770/openapi.do,,marine_life_species,Curtobacterium herbarum,세균계; Actinomycetota; Actinomycetes; Micrococcales; Microbacteriaceae,,,,,Curtobacterium herbarum은(는) 해양생물 캐릭터와 과학 동화 소재로 사용할 수 있다.,"해양생물의 생김새, 서식지, 분포를 반영한 과학 동화 소재",국명·학명·서식지·분류체계를 활용한 관찰 질문과 퀴즈,5-7;8-10,해양생물종;Curtobacterium;herbarum;Microbacteriaceae,270000021568,Bacteria,세균계,Actinomycetota,,Actinomycetes,,Micrococcales,,Microbacteriaceae,,"Curtobacterium herbarum Behrendt et al., 2002",Curtobacterium herbarum,,기타,,,,,,,,,,,정명,"Curtobacterium herbarum Behrendt et al., 2002"
국립해양생물자원관_해양생물종정보 서비스,https://www.data.go.kr/data/15094770/openapi.do,,marine_life_species,Mycolicibacterium holsaticum,세균계; Actinomycetota; Actinomycetes; Mycobacteriales; Mycobacteriaceae,,,,,Mycolicibacterium holsaticum은(는) 해양생물 캐릭터와 과학 동화 소재로 사용할 수 있다.,"해양생물의 생김새, 서식지, 분포를 반영한 과학 동화 소재",국명·학명·서식지·분류체계를 활용한 관찰 질문과 퀴즈,5-7;8-10,해양생물종;Mycolicibacterium;holsaticum;Mycobacteriaceae,270000019794,Bacteria,세균계,Actinomycetota,,Actinomycetes,,Mycobacteriales,,Mycobacteriaceae,,Mycolicibacterium holsaticum,Mycolicibacterium holsaticum,,기타,,,,,,,,,,,정명,Mycolicibacterium holsaticum
국립해양생물자원관_해양생물종정보 서비스,https://www.data.go.kr/data/15094770/openapi.do,,marine_life_species,Dictyopteris secundispiralis,크로미스타계; 대롱편모조식물문; 갈조강; 그물바탕말목; 그물바탕말과,,,,,Dictyopteris secundispiralis은(는) 해양생물 캐릭터와 과학 동화 소재로 사용할 수 있다.,"해양생물의 생김새, 서식지, 분포를 반영한 과학 동화 소재",국명·학명·서식지·분류체계를 활용한 관찰 질문과 퀴즈,5-7;8-10,해양생물종;Dictyopteris;secundispiralis;그물바탕말과,270000005367,Chromista,크로미스타계,Ochrophyta,대롱편모조식물문,Phaeophyceae,갈조강,Dictyotales,그물바탕말목,Dictyotaceae,그물바탕말과,Dictyopteris secundispiralis,Dictyopteris secundispiralis,,기타,,,,,,,,,,,정명,Dictyopteris secundispiralis
국립해양생물자원관_해양생물종정보 서비스,https://www.data.go.kr/data/15094770/openapi.do,,marine_life_species,Brevibacterium anseongense,세균계; Actinomycetota; Actinomycetes; Micrococcales; Brevibacteriaceae,,,,,Brevibacterium anseongense은(는) 해양생물 캐릭터와 과학 동화 소재로 사용할 수 있다.,"해양생물의 생김새, 서식지, 분포를 반영한 과학 동화 소재",국명·학명·서식지·분류체계를 활용한 관찰 질문과 퀴즈,5-7;8-10,해양생물종;Brevibacterium;anseongense;Brevibacteriaceae,270000029162,Bacteria,세균계,Actinomycetota,,Actinomycetes,,Micrococcales,,Brevibacteriaceae,,"Brevibacterium anseongense Jung et al., 2019",Brevibacterium anseongense,,기타,,,,,,,,,,,정명,"Brevibacterium anseongense Jung et al., 2019"
국립해양생물자원관_해양생물종정보 서비스,https://www.data.go.kr/data/15094770/openapi.do,,marine_life_species,Encephalophycus tuberculatus,크로미스타계; 대롱편모조식물문; 갈조강; 솜털목; 고리매과,,,,,Encephalophycus tuberculatus은(는) 해양생물 캐릭터와 과학 동화 소재로 사용할 수 있다.,"해양생물의 생김새, 서식지, 분포를 반영한 과학 동화 소재",국명·학명·서식지·분류체계를 활용한 관찰 질문과 퀴즈,5-7;8-10,해양생물종;Encephalophycus;tuberculatus;고리매과,270000030075,Chromista,크로미스타계,Ochrophyta,대롱편모조식물문,Phaeophyceae,갈조강,Ectocarpales,솜털목,Scytosiphonaceae,고리매과,Encephalophycus tuberculatus (D.A.Saunders) Santiañez 2022,Encephalophycus tuberculatus,,기타,,,,,,,,,,,정명,Encephalophycus tuberculatus (D.A.Saunders) Santiañez 2022
국립해양생물자원관_해양생물종정보 서비스,https://www.data.go.kr/data/15094770/openapi.do,,marine_life_species,Spirulina nordstedtii,세균계; Cyanobacteria; Cyanophyceae; Spirulinales; Spirulinaceae,,,,,Spirulina nordstedtii은(는) 해양생물 캐릭터와 과학 동화 소재로 사용할 수 있다.,"해양생물의 생김새, 서식지, 분포를 반영한 과학 동화 소재",국명·학명·서식지·분류체계를 활용한 관찰 질문과 퀴즈,5-7;8-10,해양생물종;Spirulina;nordstedtii;Spirulinaceae,270000025256,Bacteria,세균계,Cyanobacteria,,Cyanophyceae,,Spirulinales,,Spirulinaceae,,"Spirulina nordstedtii Gomont, 1892",Spirulina nordstedtii,,기타,,,,,,,,,,,정명,"Spirulina nordstedtii Gomont, 1892"
국립해양생물자원관_해양생물종정보 서비스,https://www.data.go.kr/data/15094770/openapi.do,,marine_life_species,Oscillatoria angustissima,세균계; Cyanobacteria; Cyanophyceae; Oscillatoriales; Oscillatoriaceae,,,,,Oscillatoria angustissima은(는) 해양생물 캐릭터와 과학 동화 소재로 사용할 수 있다.,"해양생물의 생김새, 서식지, 분포를 반영한 과학 동화 소재",국명·학명·서식지·분류체계를 활용한 관찰 질문과 퀴즈,5-7;8-10,해양생물종;Oscillatoria;angustissima;Oscillatoriaceae,270000023805,Bacteria,세균계,Cyanobacteria,,Cyanophyceae,,Oscillatoriales,,Oscillatoriaceae,,"Oscillatoria angustissima West & G.S.West, 1897",Oscillatoria angustissima,,기타,,,,,,,,,,,정명,"Oscillatoria angustissima West & G.S.West, 1897"
국립해양생물자원관_해양생물종정보 서비스,https://www.data.go.kr/data/15094770/openapi.do,,marine_life_species,Humibacillus xanthopallidus,세균계; Actinomycetota; Actinomycetes; Micrococcales; Intrasporangiaceae,,,,,Humibacillus xanthopallidus은(는) 해양생물 캐릭터와 과학 동화 소재로 사용할 수 있다.,"해양생물의 생김새, 서식지, 분포를 반영한 과학 동화 소재",국명·학명·서식지·분류체계를 활용한 관찰 질문과 퀴즈,5-7;8-10,해양생물종;Humibacillus;xanthopallidus;Intrasporangiaceae,270000029726,Bacteria,세균계,Actinomycetota,,Actinomycetes,,Micrococcales,,Intrasporangiaceae,,"Humibacillus xanthopallidus Kageyama et al., 2008",Humibacillus xanthopallidus,,기타,,,,,,,,,,,정명,"Humibacillus xanthopallidus Kageyama et al., 2008"
국립해양생물자원관_해양생물종정보 서비스,https://www.data.go.kr/data/15094770/openapi.do,,marine_life_species,Leucobacter aridicollis,세균계; Actinomycetota; Actinomycetes; Micrococcales; Microbacteriaceae,,,,,Leucobacter aridicollis은(는) 해양생물 캐릭터와 과학 동화 소재로 사용할 수 있다.,"해양생물의 생김새, 서식지, 분포를 반영한 과학 동화 소재",국명·학명·서식지·분류체계를 활용한 관찰 질문과 퀴즈,5-7;8-10,해양생물종;Leucobacter;aridicollis;Microbacteriaceae,270000030083,Bacteria,세균계,Actinomycetota,,Actinomycetes,,Micrococcales,,Microbacteriaceae,,"Leucobacter aridicollis Morais et al., 2005",Leucobacter aridicollis,,기타,,,,,,,,,,,정명,"Leucobacter aridicollis Morais et al., 2005"
국립해양생물자원관_해양생물종정보 서비스,https://www.data.go.kr/data/15094770/openapi.do,,marine_life_species,Dictyopteris woodwardia,크로미스타계; 대롱편모조식물문; 갈조강; 그물바탕말목; 그물바탕말과,,,,,Dictyopteris woodwardia은(는) 해양생물 캐릭터와 과학 동화 소재로 사용할 수 있다.,"해양생물의 생김새, 서식지, 분포를 반영한 과학 동화 소재",국명·학명·서식지·분류체계를 활용한 관찰 질문과 퀴즈,5-7;8-10,해양생물종;Dictyopteris;woodwardia;그물바탕말과,270000005369,Chromista,크로미스타계,Ochrophyta,대롱편모조식물문,Phaeophyceae,갈조강,Dictyotales,그물바탕말목,Dictyotaceae,그물바탕말과,Dictyopteris woodwardia,Dictyopteris woodwardia,,기타,,,,,,,,,,,정명,Dictyopteris woodwardia
국립해양생물자원관_해양생물종정보 서비스,https://www.data.go.kr/data/15094770/openapi.do,,marine_life_species,Phaeophysema sphaerocephala,크로미스타계; 대롱편모조식물문; 갈조강; 솜털목; 민가지말과,,,,,Phaeophysema sphaerocephala은(는) 해양생물 캐릭터와 과학 동화 소재로 사용할 수 있다.,"해양생물의 생김새, 서식지, 분포를 반영한 과학 동화 소재",국명·학명·서식지·분류체계를 활용한 관찰 질문과 퀴즈,5-7;8-10,해양생물종;Phaeophysema;sphaerocephala;민가지말과,270000026568,Chromista,크로미스타계,Ochrophyta,대롱편모조식물문,Phaeophyceae,갈조강,Ectocarpales,솜털목,Chordariaceae,민가지말과,"Phaeophysema sphaerocephala (Yamada) A.Tanaka, S.Uwai & H.Kawai, 2010",Phaeophysema sphaerocephala,,기타,,,,,,,,,,,정명,"Phaeophysema sphaerocephala (Yamada) A.Tanaka, S.Uwai & H.Kawai, 2010"
국립해양생물자원관_해양생물종정보 서비스,https://www.data.go.kr/data/15094770/openapi.do,,marine_life_species,Microbacterium arabinogalactanolyticum,세균계; Actinomycetota; Actinomycetes; Micrococcales; Microbacteriaceae,,,,,Microbacterium arabinogalactanolyticum은(는) 해양생물 캐릭터와 과학 동화 소재로 사용할 수 있다.,"해양생물의 생김새, 서식지, 분포를 반영한 과학 동화 소재",국명·학명·서식지·분류체계를 활용한 관찰 질문과 퀴즈,5-7;8-10,해양생물종;Microbacterium;arabinogalactanolyticum;Microbacteriaceae,270000023299,Bacteria,세균계,Actinomycetota,,Actinomycetes,,Micrococcales,,Microbacteriaceae,,"Microbacterium arabinogalactanolyticum (Yokota et al.) Takeuchi & Hatano, 1998",Microbacterium arabinogalactanolyticum,,기타,,,,,,,,,,,정명,"Microbacterium arabinogalactanolyticum (Yokota et al.) Takeuchi & Hatano, 1998"
국립해양생물자원관_해양생물종정보 서비스,https://www.data.go.kr/data/15094770/openapi.do,,marine_life_species,Arthrobacter crystallopoietes,세균계; Actinomycetota; Actinomycetes; Micrococcales; Micrococcaceae,,,,,Arthrobacter crystallopoietes은(는) 해양생물 캐릭터와 과학 동화 소재로 사용할 수 있다.,"해양생물의 생김새, 서식지, 분포를 반영한 과학 동화 소재",국명·학명·서식지·분류체계를 활용한 관찰 질문과 퀴즈,5-7;8-10,해양생물종;Arthrobacter;crystallopoietes;Micrococcaceae,270000020462,Bacteria,세균계,Actinomycetota,,Actinomycetes,,Micrococcales,,Micrococcaceae,,"Arthrobacter crystallopoietes Ensign & Rittenberg, 1963",Arthrobacter crystallopoietes,,기타,,,,,,,,,,,정명,"Arthrobacter crystallopoietes Ensign & Rittenberg, 1963"
국립해양생물자원관_해양생물종정보 서비스,https://www.data.go.kr/data/15094770/openapi.do,,marine_life_species,Pseudochorda nagaii,크로미스타계; 대롱편모조식물문; 갈조강; 끈말목; Pseudochordaceae,,,,,Pseudochorda nagaii은(는) 해양생물 캐릭터와 과학 동화 소재로 사용할 수 있다.,"해양생물의 생김새, 서식지, 분포를 반영한 과학 동화 소재",국명·학명·서식지·분류체계를 활용한 관찰 질문과 퀴즈,5-7;8-10,해양생물종;Pseudochorda;nagaii;Pseudochordaceae,270000024600,Chromista,크로미스타계,Ochrophyta,대롱편모조식물문,Phaeophyceae,갈조강,Chordales,끈말목,Pseudochordaceae,,"Pseudochorda nagaii (Tokida) Inagaki, 1958",Pseudochorda nagaii,,기타,,,,,,,,,,,정명,"Pseudochorda nagaii (Tokida) Inagaki, 1958"
국립해양생물자원관_해양생물종정보 서비스,https://www.data.go.kr/data/15094770/openapi.do,,marine_life_species,Haloglycomyces albus,세균계; Actinomycetota; Actinomycetes; Glycomycetales; Glycomycetaceae,,,,,Haloglycomyces albus은(는) 해양생물 캐릭터와 과학 동화 소재로 사용할 수 있다.,"해양생물의 생김새, 서식지, 분포를 반영한 과학 동화 소재",국명·학명·서식지·분류체계를 활용한 관찰 질문과 퀴즈,5-7;8-10,해양생물종;Haloglycomyces;albus;Glycomycetaceae,270000022391,Bacteria,세균계,Actinomycetota,,Actinomycetes,,Glycomycetales,,Glycomycetaceae,,"Haloglycomyces albus Guan et al., 2009",Haloglycomyces albus,,기타,,,,,,,,,,,정명,"Haloglycomyces albus Guan et al., 2009"
국립해양생물자원관_해양생물종정보 서비스,https://www.data.go.kr/data/15094770/openapi.do,,marine_life_species,Rhodococcus pedocola,세균계; Actinomycetota; Actinomycetes; Mycobacteriales; Nocardiaceae,,,,,Rhodococcus pedocola은(는) 해양생물 캐릭터와 과학 동화 소재로 사용할 수 있다.,"해양생물의 생김새, 서식지, 분포를 반영한 과학 동화 소재",국명·학명·서식지·분류체계를 활용한 관찰 질문과 퀴즈,5-7;8-10,해양생물종;Rhodococcus;pedocola;Nocardiaceae,270000028991,Bacteria,세균계,Actinomycetota,,Actinomycetes,,Mycobacteriales,,Nocardiaceae,,"Rhodococcus pedocola Nguyen & Kim, 2016",Rhodococcus pedocola,,기타,,,,,,,,,,,정명,"Rhodococcus pedocola Nguyen & Kim, 2016"
국립해양생물자원관_해양생물종정보 서비스,https://www.data.go.kr/data/15094770/openapi.do,,marine_life_species,Pseudarthrobacter phenanthrenivorans,세균계; Actinomycetota; Actinomycetes; Micrococcales; Micrococcaceae,,,,,Pseudarthrobacter phenanthrenivorans은(는) 해양생물 캐릭터와 과학 동화 소재로 사용할 수 있다.,"해양생물의 생김새, 서식지, 분포를 반영한 과학 동화 소재",국명·학명·서식지·분류체계를 활용한 관찰 질문과 퀴즈,5-7;8-10,해양생물종;Pseudarthrobacter;phenanthrenivorans;Micrococcaceae,270000028978,Bacteria,세균계,Actinomycetota,,Actinomycetes,,Micrococcales,,Micrococcaceae,,"Pseudarthrobacter phenanthrenivorans (Kallimanis et al., 2009) Busse, 2016",Pseudarthrobacter phenanthrenivorans,,기타,,,,,,,,,,,정명,"Pseudarthrobacter phenanthrenivorans (Kallimanis et al., 2009) Busse, 2016"
국립해양생물자원관_해양생물종정보 서비스,https://www.data.go.kr/data/15094770/openapi.do,,marine_life_species,Dietzia kunjamensis,세균계; Actinomycetota; Actinomycetes; Mycobacteriales; Dietziaceae,,,,,Dietzia kunjamensis은(는) 해양생물 캐릭터와 과학 동화 소재로 사용할 수 있다.,"해양생물의 생김새, 서식지, 분포를 반영한 과학 동화 소재",국명·학명·서식지·분류체계를 활용한 관찰 질문과 퀴즈,5-7;8-10,해양생물종;Dietzia;kunjamensis;Dietziaceae,270000028385,Bacteria,세균계,Actinomycetota,,Actinomycetes,,Mycobacteriales,,Dietziaceae,,"Dietzia kunjamensis Mayilraj et al., 2006",Dietzia kunjamensis,,기타,,,,,,,,,,,정명,"Dietzia kunjamensis Mayilraj et al., 2006"
국립해양생물자원관_해양생물종정보 서비스,https://www.data.go.kr/data/15094770/openapi.do,,marine_life_species,Aphanocapsa rivularis,세균계; Cyanobacteria; Cyanophyceae; Synechococcales; Merismopediaceae,,,,,Aphanocapsa rivularis은(는) 해양생물 캐릭터와 과학 동화 소재로 사용할 수 있다.,"해양생물의 생김새, 서식지, 분포를 반영한 과학 동화 소재",국명·학명·서식지·분류체계를 활용한 관찰 질문과 퀴즈,5-7;8-10,해양생물종;Aphanocapsa;rivularis;Merismopediaceae,270000020360,Bacteria,세균계,Cyanobacteria,,Cyanophyceae,,Synechococcales,,Merismopediaceae,,"Aphanocapsa rivularis (Carmichael) Rabenhorst, 1865",Aphanocapsa rivularis,,기타,,,,,,,,,,,정명,"Aphanocapsa rivularis (Carmichael) Rabenhorst, 1865"
국립해양생물자원관_해양생물종정보 서비스,https://www.data.go.kr/data/15094770/openapi.do,,marine_life_species,Lessoniopsis littoralis,크로미스타계; 대롱편모조식물문; 갈조강; 다시마목; 나래미역과,,,,,Lessoniopsis littoralis은(는) 해양생물 캐릭터와 과학 동화 소재로 사용할 수 있다.,"해양생물의 생김새, 서식지, 분포를 반영한 과학 동화 소재",국명·학명·서식지·분류체계를 활용한 관찰 질문과 퀴즈,5-7;8-10,해양생물종;Lessoniopsis;littoralis;나래미역과,270000009562,Chromista,크로미스타계,Ochrophyta,대롱편모조식물문,Phaeophyceae,갈조강,Laminariales,다시마목,Alariaceae,나래미역과,Lessoniopsis littoralis,Lessoniopsis littoralis,,기타,,,,,,,,,,,정명,Lessoniopsis littoralis
국립해양생물자원관_해양생물종정보 서비스,https://www.data.go.kr/data/15094770/openapi.do,,marine_life_species,Corynebacterium singulare,세균계; Actinomycetota; Actinomycetes; Mycobacteriales; Corynebacteriaceae,,,,,Corynebacterium singulare은(는) 해양생물 캐릭터와 과학 동화 소재로 사용할 수 있다.,"해양생물의 생김새, 서식지, 분포를 반영한 과학 동화 소재",국명·학명·서식지·분류체계를 활용한 관찰 질문과 퀴즈,5-7;8-10,해양생물종;Corynebacterium;singulare;Corynebacteriaceae,270000021502,Bacteria,세균계,Actinomycetota,,Actinomycetes,,Mycobacteriales,,Corynebacteriaceae,,"Corynebacterium singulare Riegel et al., 1997",Corynebacterium singulare,,기타,,,,,,,,,,,정명,"Corynebacterium singulare Riegel et al., 1997"
국립해양생물자원관_해양생물종정보 서비스,https://www.data.go.kr/data/15094770/openapi.do,,marine_life_species,Chroococcus pallidus,세균계; Cyanobacteria; Cyanophyceae; Chroococcales; Chroococcaceae,,,,,Chroococcus pallidus은(는) 해양생물 캐릭터와 과학 동화 소재로 사용할 수 있다.,"해양생물의 생김새, 서식지, 분포를 반영한 과학 동화 소재",국명·학명·서식지·분류체계를 활용한 관찰 질문과 퀴즈,5-7;8-10,해양생물종;Chroococcus;pallidus;Chroococcaceae,270000021234,Bacteria,세균계,Cyanobacteria,,Cyanophyceae,,Chroococcales,,Chroococcaceae,,"Chroococcus pallidus Nägeli, 1849",Chroococcus pallidus,,기타,,,,,,,,,,,정명,"Chroococcus pallidus Nägeli, 1849"
국립해양생물자원관_해양생물종정보 서비스,https://www.data.go.kr/data/15094770/openapi.do,,marine_life_species,Microbacterium lacus,세균계; Actinomycetota; Actinomycetes; Micrococcales; Microbacteriaceae,,,,,Microbacterium lacus은(는) 해양생물 캐릭터와 과학 동화 소재로 사용할 수 있다.,"해양생물의 생김새, 서식지, 분포를 반영한 과학 동화 소재",국명·학명·서식지·분류체계를 활용한 관찰 질문과 퀴즈,5-7;8-10,해양생물종;Microbacterium;lacus;Microbacteriaceae,270000030477,Bacteria,세균계,Actinomycetota,,Actinomycetes,,Micrococcales,,Microbacteriaceae,,"Microbacterium lacus Kageyama et al., 2008",Microbacterium lacus,,기타,,,,,,,,,,,정명,"Microbacterium lacus Kageyama et al., 2008"
국립해양생물자원관_해양생물종정보 서비스,https://www.data.go.kr/data/15094770/openapi.do,,marine_life_species,Kamptonema animale,세균계; Cyanobacteria; Cyanophyceae; Oscillatoriales; Microcoleaceae,,,,,Kamptonema animale은(는) 해양생물 캐릭터와 과학 동화 소재로 사용할 수 있다.,"해양생물의 생김새, 서식지, 분포를 반영한 과학 동화 소재",국명·학명·서식지·분류체계를 활용한 관찰 질문과 퀴즈,5-7;8-10,해양생물종;Kamptonema;animale;Microcoleaceae,270000026175,Bacteria,세균계,Cyanobacteria,,Cyanophyceae,,Oscillatoriales,,Microcoleaceae,,"Kamptonema animale (C. Agardh ex Gomont) Strunecký, Komárek & J. Smarda, 2014",Kamptonema animale,,기타,,,,,,,,,,,정명,"Kamptonema animale (C. Agardh ex Gomont) Strunecký, Komárek & J. Smarda, 2014"
국립해양생물자원관_해양생물종정보 서비스,https://www.data.go.kr/data/15094770/openapi.do,,marine_life_species,Padina pavonica,크로미스타계; 대롱편모조식물문; 갈조강; 그물바탕말목; 그물바탕말과,,,,,Padina pavonica은(는) 해양생물 캐릭터와 과학 동화 소재로 사용할 수 있다.,"해양생물의 생김새, 서식지, 분포를 반영한 과학 동화 소재",국명·학명·서식지·분류체계를 활용한 관찰 질문과 퀴즈,5-7;8-10,해양생물종;Padina;pavonica;그물바탕말과,270000012475,Chromista,크로미스타계,Ochrophyta,대롱편모조식물문,Phaeophyceae,갈조강,Dictyotales,그물바탕말목,Dictyotaceae,그물바탕말과,Padina pavonica,Padina pavonica,,기타,,,,,,,,,,,정명,Padina pavonica
국립해양생물자원관_해양생물종정보 서비스,https://www.data.go.kr/data/15094770/openapi.do,,marine_life_species,Kocuria carniphila,세균계; Actinomycetota; Actinomycetes; Micrococcales; Micrococcaceae,,,,,Kocuria carniphila은(는) 해양생물 캐릭터와 과학 동화 소재로 사용할 수 있다.,"해양생물의 생김새, 서식지, 분포를 반영한 과학 동화 소재",국명·학명·서식지·분류체계를 활용한 관찰 질문과 퀴즈,5-7;8-10,해양생물종;Kocuria;carniphila;Micrococcaceae,270000028949,Bacteria,세균계,Actinomycetota,,Actinomycetes,,Micrococcales,,Micrococcaceae,,"Kocuria carniphila Tvrzová et al., 2005",Kocuria carniphila,,기타,,,,,,,,,,,정명,"Kocuria carniphila Tvrzová et al., 2005"
국립해양생물자원관_해양생물종정보 서비스,https://www.data.go.kr/data/15094770/openapi.do,,marine_life_species,Microbacterium foliorum,세균계; Actinomycetota; Actinomycetes; Micrococcales; Microbacteriaceae,,,,,Microbacterium foliorum은(는) 해양생물 캐릭터와 과학 동화 소재로 사용할 수 있다.,"해양생물의 생김새, 서식지, 분포를 반영한 과학 동화 소재",국명·학명·서식지·분류체계를 활용한 관찰 질문과 퀴즈,5-7;8-10,해양생물종;Microbacterium;foliorum;Microbacteriaceae,270000023306,Bacteria,세균계,Actinomycetota,,Actinomycetes,,Micrococcales,,Microbacteriaceae,,"Microbacterium foliorum Behrendt et al., 2001",Microbacterium foliorum,,기타,,,,,,,,,,,정명,"Microbacterium foliorum Behrendt et al., 2001"
국립해양생물자원관_해양생물종정보 서비스,https://www.data.go.kr/data/15094770/openapi.do,,marine_life_species,Desmarestia munda,크로미스타계; 대롱편모조식물문; 갈조강; 산말목; 산말과,,,,,Desmarestia munda은(는) 해양생물 캐릭터와 과학 동화 소재로 사용할 수 있다.,"해양생물의 생김새, 서식지, 분포를 반영한 과학 동화 소재",국명·학명·서식지·분류체계를 활용한 관찰 질문과 퀴즈,5-7;8-10,해양생물종;Desmarestia;munda;산말과,270000005250,Chromista,크로미스타계,Ochrophyta,대롱편모조식물문,Phaeophyceae,갈조강,Desmarestiales,산말목,Desmarestiaceae,산말과,Desmarestia munda,Desmarestia munda,,기타,,,,,,,,,,,정명,Desmarestia munda
국립해양생물자원관_해양생물종정보 서비스,https://www.data.go.kr/data/15094770/openapi.do,,marine_life_species,Saccharopolyspora rosea,세균계; Actinomycetota; Actinomycetes; Pseudonocardiales; Pseudonocardiaceae,,,,,Saccharopolyspora rosea은(는) 해양생물 캐릭터와 과학 동화 소재로 사용할 수 있다.,"해양생물의 생김새, 서식지, 분포를 반영한 과학 동화 소재",국명·학명·서식지·분류체계를 활용한 관찰 질문과 퀴즈,5-7;8-10,해양생물종;Saccharopolyspora;rosea;Pseudonocardiaceae,270000015829,Bacteria,세균계,Actinomycetota,,Actinomycetes,,Pseudonocardiales,,Pseudonocardiaceae,,Saccharopolyspora rosea,Saccharopolyspora rosea,,기타,,,,,,,,,,,정명,Saccharopolyspora rosea
국립해양생물자원관_해양생물종정보 서비스,https://www.data.go.kr/data/15094770/openapi.do,,marine_life_species,Pelvetiopsis californica,크로미스타계; 대롱편모조식물문; 갈조강; 말목; 말과,,,,,Pelvetiopsis californica은(는) 해양생물 캐릭터와 과학 동화 소재로 사용할 수 있다.,"해양생물의 생김새, 서식지, 분포를 반영한 과학 동화 소재",국명·학명·서식지·분류체계를 활용한 관찰 질문과 퀴즈,5-7;8-10,해양생물종;Pelvetiopsis;californica;말과,270000013154,Chromista,크로미스타계,Ochrophyta,대롱편모조식물문,Phaeophyceae,갈조강,Fucales,말목,Fucaceae,말과,Pelvetiopsis californica,Pelvetiopsis californica,,기타,,,,,,,,,,,정명,Pelvetiopsis californica
국립해양생물자원관_해양생물종정보 서비스,https://www.data.go.kr/data/15094770/openapi.do,,marine_life_species,Rhodococcus corynebacterioides,세균계; Actinomycetota; Actinomycetes; Mycobacteriales; Nocardiaceae,,,,,Rhodococcus corynebacterioides은(는) 해양생물 캐릭터와 과학 동화 소재로 사용할 수 있다.,"해양생물의 생김새, 서식지, 분포를 반영한 과학 동화 소재",국명·학명·서식지·분류체계를 활용한 관찰 질문과 퀴즈,5-7;8-10,해양생물종;Rhodococcus;corynebacterioides;Nocardiaceae,270000024821,Bacteria,세균계,Actinomycetota,,Actinomycetes,,Mycobacteriales,,Nocardiaceae,,"Rhodococcus corynebacterioides (Serrano et al.) Yassin & Schaal, 2005",Rhodococcus corynebacterioides,,기타,,,,,,,,,,,정명,"Rhodococcus corynebacterioides (Serrano et al.) Yassin & Schaal, 2005"
국립해양생물자원관_해양생물종정보 서비스,https://www.data.go.kr/data/15094770/openapi.do,,marine_life_species,Arthrobacter ulcerisalmonis,세균계; Actinomycetota; Actinomycetes; Micrococcales; Micrococcaceae,,,,,Arthrobacter ulcerisalmonis은(는) 해양생물 캐릭터와 과학 동화 소재로 사용할 수 있다.,"해양생물의 생김새, 서식지, 분포를 반영한 과학 동화 소재",국명·학명·서식지·분류체계를 활용한 관찰 질문과 퀴즈,5-7;8-10,해양생물종;Arthrobacter;ulcerisalmonis;Micrococcaceae,270000029357,Bacteria,세균계,Actinomycetota,,Actinomycetes,,Micrococcales,,Micrococcaceae,,"Arthrobacter ulcerisalmonis Kämpfer et al., 2020",Arthrobacter ulcerisalmonis,,기타,,,,,,,,,,,정명,"Arthrobacter ulcerisalmonis Kämpfer et al., 2020"
국립해양생물자원관_해양생물종정보 서비스,https://www.data.go.kr/data/15094770/openapi.do,,marine_life_species,Nocardioides terrigena,세균계; Actinomycetota; Actinomycetes; Propionibacteriales; Nocardioidaceae,,,,,Nocardioides terrigena은(는) 해양생물 캐릭터와 과학 동화 소재로 사용할 수 있다.,"해양생물의 생김새, 서식지, 분포를 반영한 과학 동화 소재",국명·학명·서식지·분류체계를 활용한 관찰 질문과 퀴즈,5-7;8-10,해양생물종;Nocardioides;terrigena;Nocardioidaceae,270000029057,Bacteria,세균계,Actinomycetota,,Actinomycetes,,Propionibacteriales,,Nocardioidaceae,,"Nocardioides terrigena Yoon et al., 2007",Nocardioides terrigena,,기타,,,,,,,,,,,정명,"Nocardioides terrigena Yoon et al., 2007"
국립해양생물자원관_해양생물종정보 서비스,https://www.data.go.kr/data/15094770/openapi.do,,marine_life_species,Microcystis flosaquae,세균계; Cyanobacteria; Cyanophyceae; Chroococcales; Microcystaceae,,,,,Microcystis flosaquae은(는) 해양생물 캐릭터와 과학 동화 소재로 사용할 수 있다.,"해양생물의 생김새, 서식지, 분포를 반영한 과학 동화 소재",국명·학명·서식지·분류체계를 활용한 관찰 질문과 퀴즈,5-7;8-10,해양생물종;Microcystis;flosaquae;Microcystaceae,270000023356,Bacteria,세균계,Cyanobacteria,,Cyanophyceae,,Chroococcales,,Microcystaceae,,"Microcystis flosaquae (Wittrock) Kirchner, 1898",Microcystis flosaquae,,기타,,,,,,,,,,,정명,"Microcystis flosaquae (Wittrock) Kirchner, 1898"
국립해양생물자원관_해양생물종정보 서비스,https://www.data.go.kr/data/15094770/openapi.do,,marine_life_species,Brevibacterium epidermidis,세균계; Actinomycetota; Actinomycetes; Micrococcales; Brevibacteriaceae,,,,,Brevibacterium epidermidis은(는) 해양생물 캐릭터와 과학 동화 소재로 사용할 수 있다.,"해양생물의 생김새, 서식지, 분포를 반영한 과학 동화 소재",국명·학명·서식지·분류체계를 활용한 관찰 질문과 퀴즈,5-7;8-10,해양생물종;Brevibacterium;epidermidis;Brevibacteriaceae,270000020875,Bacteria,세균계,Actinomycetota,,Actinomycetes,,Micrococcales,,Brevibacteriaceae,,"Brevibacterium epidermidis Collins et al., 1983",Brevibacterium epidermidis,,기타,,,,,,,,,,,정명,"Brevibacterium epidermidis Collins et al., 1983"
국립해양생물자원관_해양생물종정보 서비스,https://www.data.go.kr/data/15094770/openapi.do,,marine_life_species,Curtobacterium luteum,세균계; Actinomycetota; Actinomycetes; Micrococcales; Microbacteriaceae,,,,,Curtobacterium luteum은(는) 해양생물 캐릭터와 과학 동화 소재로 사용할 수 있다.,"해양생물의 생김새, 서식지, 분포를 반영한 과학 동화 소재",국명·학명·서식지·분류체계를 활용한 관찰 질문과 퀴즈,5-7;8-10,해양생물종;Curtobacterium;luteum;Microbacteriaceae,270000004859,Bacteria,세균계,Actinomycetota,,Actinomycetes,,Micrococcales,,Microbacteriaceae,,Curtobacterium luteum,Curtobacterium luteum,,기타,,,,,,,,,,,정명,Curtobacterium luteum
국립해양생물자원관_해양생물종정보 서비스,https://www.data.go.kr/data/15094770/openapi.do,,marine_life_species,Calothrix codicola,세균계; Cyanobacteria; Cyanophyceae; Nostocales; Rivulariaceae,,,,,Calothrix codicola은(는) 해양생물 캐릭터와 과학 동화 소재로 사용할 수 있다.,"해양생물의 생김새, 서식지, 분포를 반영한 과학 동화 소재",국명·학명·서식지·분류체계를 활용한 관찰 질문과 퀴즈,5-7;8-10,해양생물종;Calothrix;codicola;Rivulariaceae,270000020982,Bacteria,세균계,Cyanobacteria,,Cyanophyceae,,Nostocales,,Rivulariaceae,,"Calothrix codicola Setchell & N.L.Gardner, 1930",Calothrix codicola,,기타,,,,,,,,,,,정명,"Calothrix codicola Setchell & N.L.Gardner, 1930"
국립해양생물자원관_해양생물종정보 서비스,https://www.data.go.kr/data/15094770/openapi.do,,marine_life_species,Pseudarthrobacter polychromogenes,세균계; Actinomycetota; Actinomycetes; Micrococcales; Micrococcaceae,,,,,Pseudarthrobacter polychromogenes은(는) 해양생물 캐릭터와 과학 동화 소재로 사용할 수 있다.,"해양생물의 생김새, 서식지, 분포를 반영한 과학 동화 소재",국명·학명·서식지·분류체계를 활용한 관찰 질문과 퀴즈,5-7;8-10,해양생물종;Pseudarthrobacter;polychromogenes;Micrococcaceae,270000020478,Bacteria,세균계,Actinomycetota,,Actinomycetes,,Micrococcales,,Micrococcaceae,,"Pseudarthrobacter polychromogenes (Schippers-Lammertse et al.) Busse, 2016",Pseudarthrobacter polychromogenes,,기타,,,,,,,,,,,정명,"Pseudarthrobacter polychromogenes (Schippers-Lammertse et al.) Busse, 2016"
국립해양생물자원관_해양생물종정보 서비스,https://www.data.go.kr/data/15094770/openapi.do,,marine_life_species,Ornithinimicrobium pekingense,세균계; Actinomycetota; Actinomycetes; Micrococcales; Ornithinimicrobiaceae,,,,,Ornithinimicrobium pekingense은(는) 해양생물 캐릭터와 과학 동화 소재로 사용할 수 있다.,"해양생물의 생김새, 서식지, 분포를 반영한 과학 동화 소재",국명·학명·서식지·분류체계를 활용한 관찰 질문과 퀴즈,5-7;8-10,해양생물종;Ornithinimicrobium;pekingense;Ornithinimicrobiaceae,270000012333,Bacteria,세균계,Actinomycetota,,Actinomycetes,,Micrococcales,,Ornithinimicrobiaceae,,Ornithinimicrobium pekingense,Ornithinimicrobium pekingense,,기타,,,,,,,,,,,정명,Ornithinimicrobium pekingense
국립해양생물자원관_해양생물종정보 서비스,https://www.data.go.kr/data/15094770/openapi.do,,marine_life_species,Tessaracoccus aquimaris,세균계; Actinomycetota; Actinomycetes; Propionibacteriales; Propionibacteriaceae,,,,,Tessaracoccus aquimaris은(는) 해양생물 캐릭터와 과학 동화 소재로 사용할 수 있다.,"해양생물의 생김새, 서식지, 분포를 반영한 과학 동화 소재",국명·학명·서식지·분류체계를 활용한 관찰 질문과 퀴즈,5-7;8-10,해양생물종;Tessaracoccus;aquimaris;Propionibacteriaceae,270000025557,Bacteria,세균계,Actinomycetota,,Actinomycetes,,Propionibacteriales,,Propionibacteriaceae,,"Tessaracoccus aquimaris Tak et al., 2018",Tessaracoccus aquimaris,,기타,,,,,,,,,,,정명,"Tessaracoccus aquimaris Tak et al., 2018"
국립해양생물자원관_해양생물종정보 서비스,https://www.data.go.kr/data/15094770/openapi.do,,marine_life_species,Microbacterium kummingense,세균계; Actinomycetota; Actinomycetes; Micrococcales; Microbacteriaceae,,,,,Microbacterium kummingense은(는) 해양생물 캐릭터와 과학 동화 소재로 사용할 수 있다.,"해양생물의 생김새, 서식지, 분포를 반영한 과학 동화 소재",국명·학명·서식지·분류체계를 활용한 관찰 질문과 퀴즈,5-7;8-10,해양생물종;Microbacterium;kummingense;Microbacteriaceae,270000030508,Bacteria,세균계,Actinomycetota,,Actinomycetes,,Micrococcales,,Microbacteriaceae,,"Microbacterium kummingense corrigendum Xiao et al., 2023",Microbacterium kummingense,,기타,,,,,,,,,,,정명,"Microbacterium kummingense corrigendum Xiao et al., 2023"
국립해양생물자원관_해양생물종정보 서비스,https://www.data.go.kr/data/15094770/openapi.do,,marine_life_species,Microcoleus vaginatus,세균계; Cyanobacteria; Cyanophyceae; Oscillatoriales; Microcoleaceae,,,,,Microcoleus vaginatus은(는) 해양생물 캐릭터와 과학 동화 소재로 사용할 수 있다.,"해양생물의 생김새, 서식지, 분포를 반영한 과학 동화 소재",국명·학명·서식지·분류체계를 활용한 관찰 질문과 퀴즈,5-7;8-10,해양생물종;Microcoleus;vaginatus;Microcoleaceae,270000026180,Bacteria,세균계,Cyanobacteria,,Cyanophyceae,,Oscillatoriales,,Microcoleaceae,,"Microcoleus vaginatus Gomont ex Gomont, 1892",Microcoleus vaginatus,,기타,,,,,,,,,,,정명,"Microcoleus vaginatus Gomont ex Gomont, 1892"
국립해양생물자원관_해양생물종정보 서비스,https://www.data.go.kr/data/15094770/openapi.do,,marine_life_species,Nesterenkonia aethiopica,세균계; Actinomycetota; Actinomycetes; Micrococcales; Micrococcaceae,,,,,Nesterenkonia aethiopica은(는) 해양생물 캐릭터와 과학 동화 소재로 사용할 수 있다.,"해양생물의 생김새, 서식지, 분포를 반영한 과학 동화 소재",국명·학명·서식지·분류체계를 활용한 관찰 질문과 퀴즈,5-7;8-10,해양생물종;Nesterenkonia;aethiopica;Micrococcaceae,270000011641,Bacteria,세균계,Actinomycetota,,Actinomycetes,,Micrococcales,,Micrococcaceae,,Nesterenkonia aethiopica,Nesterenkonia aethiopica,,기타,,,,,,,,,,,정명,Nesterenkonia aethiopica
국립해양생물자원관_해양생물종정보 서비스,https://www.data.go.kr/data/15094770/openapi.do,,marine_life_species,Sirocoleum kurzii,세균계; Cyanobacteria; Cyanophyceae; Oscillatoriales; Microcoleaceae,,,,,Sirocoleum kurzii은(는) 해양생물 캐릭터와 과학 동화 소재로 사용할 수 있다.,"해양생물의 생김새, 서식지, 분포를 반영한 과학 동화 소재",국명·학명·서식지·분류체계를 활용한 관찰 질문과 퀴즈,5-7;8-10,해양생물종;Sirocoleum;kurzii;Microcoleaceae,270000025169,Bacteria,세균계,Cyanobacteria,,Cyanophyceae,,Oscillatoriales,,Microcoleaceae,,"Sirocoleum kurzii Gomont, 1892",Sirocoleum kurzii,,기타,,,,,,,,,,,정명,"Sirocoleum kurzii Gomont, 1892"
국립해양생물자원관_해양생물종정보 서비스,https://www.data.go.kr/data/15094770/openapi.do,,marine_life_species,Kocuria rosea,세균계; Actinomycetota; Actinomycetes; Micrococcales; Micrococcaceae,,,,,Kocuria rosea은(는) 해양생물 캐릭터와 과학 동화 소재로 사용할 수 있다.,"해양생물의 생김새, 서식지, 분포를 반영한 과학 동화 소재",국명·학명·서식지·분류체계를 활용한 관찰 질문과 퀴즈,5-7;8-10,해양생물종;Kocuria;rosea;Micrococcaceae,270000022743,Bacteria,세균계,Actinomycetota,,Actinomycetes,,Micrococcales,,Micrococcaceae,,"Kocuria rosea (Flügge) Stackebrandt et al., 1995",Kocuria rosea,,기타,,,,,,,,,,,정명,"Kocuria rosea (Flügge) Stackebrandt et al., 1995"
국립해양생물자원관_해양생물종정보 서비스,https://www.data.go.kr/data/15094770/openapi.do,,marine_life_species,Aphanocapsa grevillei,세균계; Cyanobacteria; Cyanophyceae; Synechococcales; Merismopediaceae,,,,,Aphanocapsa grevillei은(는) 해양생물 캐릭터와 과학 동화 소재로 사용할 수 있다.,"해양생물의 생김새, 서식지, 분포를 반영한 과학 동화 소재",국명·학명·서식지·분류체계를 활용한 관찰 질문과 퀴즈,5-7;8-10,해양생물종;Aphanocapsa;grevillei;Merismopediaceae,270000020358,Bacteria,세균계,Cyanobacteria,,Cyanophyceae,,Synechococcales,,Merismopediaceae,,"Aphanocapsa grevillei (Berkeley) Rabenhorst, 1865",Aphanocapsa grevillei,,기타,,,,,,,,,,,정명,"Aphanocapsa grevillei (Berkeley) Rabenhorst, 1865"
국립해양생물자원관_해양생물종정보 서비스,https://www.data.go.kr/data/15094770/openapi.do,,marine_life_species,Micromonospora spongicola,세균계; Actinomycetota; Actinomycetes; Micromonosporales; Micromonosporaceae,,,,,Micromonospora spongicola은(는) 해양생물 캐릭터와 과학 동화 소재로 사용할 수 있다.,"해양생물의 생김새, 서식지, 분포를 반영한 과학 동화 소재",국명·학명·서식지·분류체계를 활용한 관찰 질문과 퀴즈,5-7;8-10,해양생물종;Micromonospora;spongicola;Micromonosporaceae,270000010816,Bacteria,세균계,Actinomycetota,,Actinomycetes,,Micromonosporales,,Micromonosporaceae,,Micromonospora spongicola,Micromonospora spongicola,,기타,,,,,,,,,,,정명,Micromonospora spongicola
국립해양생물자원관_해양생물종정보 서비스,https://www.data.go.kr/data/15094770/openapi.do,,marine_life_species,Nocardioides euryhalodurans,세균계; Actinomycetota; Actinomycetes; Propionibacteriales; Nocardioidaceae,,,,,Nocardioides euryhalodurans은(는) 해양생물 캐릭터와 과학 동화 소재로 사용할 수 있다.,"해양생물의 생김새, 서식지, 분포를 반영한 과학 동화 소재",국명·학명·서식지·분류체계를 활용한 관찰 질문과 퀴즈,5-7;8-10,해양생물종;Nocardioides;euryhalodurans;Nocardioidaceae,270000026812,Bacteria,세균계,Actinomycetota,,Actinomycetes,,Propionibacteriales,,Nocardioidaceae,,Nocardioides euryhalodurans,Nocardioides euryhalodurans,,기타,,,,,,,,,,,정명,Nocardioides euryhalodurans
국립해양생물자원관_해양생물종정보 서비스,https://www.data.go.kr/data/15094770/openapi.do,,marine_life_species,Neoagarum fimbriatum,크로미스타계; 대롱편모조식물문; 갈조강; 다시마목; 쇠미역과,,,,,Neoagarum fimbriatum은(는) 해양생물 캐릭터와 과학 동화 소재로 사용할 수 있다.,"해양생물의 생김새, 서식지, 분포를 반영한 과학 동화 소재",국명·학명·서식지·분류체계를 활용한 관찰 질문과 퀴즈,5-7;8-10,해양생물종;Neoagarum;fimbriatum;쇠미역과,270000011428,Chromista,크로미스타계,Ochrophyta,대롱편모조식물문,Phaeophyceae,갈조강,Laminariales,다시마목,Agaraceae,쇠미역과,"Neoagarum fimbriatum (Harvey) H. Kawai & T. Hanyuda, 2017",Neoagarum fimbriatum,,기타,,,,,,,,,,,정명,"Neoagarum fimbriatum (Harvey) H. Kawai & T. Hanyuda, 2017"
국립해양생물자원관_해양생물종정보 서비스,https://www.data.go.kr/data/15094770/openapi.do,,marine_life_species,Nocardioides rotundus,세균계; Actinomycetota; Actinomycetes; Propionibacteriales; Nocardioidaceae,,,,,Nocardioides rotundus은(는) 해양생물 캐릭터와 과학 동화 소재로 사용할 수 있다.,"해양생물의 생김새, 서식지, 분포를 반영한 과학 동화 소재",국명·학명·서식지·분류체계를 활용한 관찰 질문과 퀴즈,5-7;8-10,해양생물종;Nocardioides;rotundus;Nocardioidaceae,270000011794,Bacteria,세균계,Actinomycetota,,Actinomycetes,,Propionibacteriales,,Nocardioidaceae,,Nocardioides rotundus,Nocardioides rotundus,,기타,,,,,,,,,,,정명,Nocardioides rotundus
국립해양생물자원관_해양생물종정보 서비스,https://www.data.go.kr/data/15094770/openapi.do,,marine_life_species,Synechococcus elongatus,세균계; Cyanobacteria; Cyanophyceae; Synechococcales; Synechococcaceae,,,,,Synechococcus elongatus은(는) 해양생물 캐릭터와 과학 동화 소재로 사용할 수 있다.,"해양생물의 생김새, 서식지, 분포를 반영한 과학 동화 소재",국명·학명·서식지·분류체계를 활용한 관찰 질문과 퀴즈,5-7;8-10,해양생물종;Synechococcus;elongatus;Synechococcaceae,270000025464,Bacteria,세균계,Cyanobacteria,,Cyanophyceae,,Synechococcales,,Synechococcaceae,,"Synechococcus elongatus (Nägeli) Nägeli, 1849",Synechococcus elongatus,,기타,,,,,,,,,,,정명,"Synechococcus elongatus (Nägeli) Nägeli, 1849"
국립해양생물자원관_해양생물종정보 서비스,https://www.data.go.kr/data/15094770/openapi.do,,marine_life_species,Fucus vesiculosus,크로미스타계; 대롱편모조식물문; 갈조강; 말목; 말과,,,,,Fucus vesiculosus은(는) 해양생물 캐릭터와 과학 동화 소재로 사용할 수 있다.,"해양생물의 생김새, 서식지, 분포를 반영한 과학 동화 소재",국명·학명·서식지·분류체계를 활용한 관찰 질문과 퀴즈,5-7;8-10,해양생물종;Fucus;vesiculosus;말과,270000006850,Chromista,크로미스타계,Ochrophyta,대롱편모조식물문,Phaeophyceae,갈조강,Fucales,말목,Fucaceae,말과,Fucus vesiculosus,Fucus vesiculosus,,기타,,,,,,,,,,,정명,Fucus vesiculosus
국립해양생물자원관_해양생물종정보 서비스,https://www.data.go.kr/data/15094770/openapi.do,,marine_life_species,Rhodococcus ruber,세균계; Actinomycetota; Actinomycetes; Mycobacteriales; Nocardiaceae,,,,,Rhodococcus ruber은(는) 해양생물 캐릭터와 과학 동화 소재로 사용할 수 있다.,"해양생물의 생김새, 서식지, 분포를 반영한 과학 동화 소재",국명·학명·서식지·분류체계를 활용한 관찰 질문과 퀴즈,5-7;8-10,해양생물종;Rhodococcus;ruber;Nocardiaceae,270000024831,Bacteria,세균계,Actinomycetota,,Actinomycetes,,Mycobacteriales,,Nocardiaceae,,"Rhodococcus ruber (Kruse) Goodfellow & Alderson, 1977",Rhodococcus ruber,,기타,,,,,,,,,,,정명,"Rhodococcus ruber (Kruse) Goodfellow & Alderson, 1977"
국립해양생물자원관_해양생물종정보 서비스,https://www.data.go.kr/data/15094770/openapi.do,,marine_life_species,Micromonospora gifhornensis,세균계; Actinomycetota; Actinomycetes; Micromonosporales; Micromonosporaceae,,,,,Micromonospora gifhornensis은(는) 해양생물 캐릭터와 과학 동화 소재로 사용할 수 있다.,"해양생물의 생김새, 서식지, 분포를 반영한 과학 동화 소재",국명·학명·서식지·분류체계를 활용한 관찰 질문과 퀴즈,5-7;8-10,해양생물종;Micromonospora;gifhornensis;Micromonosporaceae,270000019912,Bacteria,세균계,Actinomycetota,,Actinomycetes,,Micromonosporales,,Micromonosporaceae,,Micromonospora gifhornensis,Micromonospora gifhornensis,,기타,,,,,,,,,,,정명,Micromonospora gifhornensis
국립해양생물자원관_해양생물종정보 서비스,https://www.data.go.kr/data/15094770/openapi.do,,marine_life_species,Trichodesmium lacustre,세균계; Cyanobacteria; Cyanophyceae; Oscillatoriales; Microcoleaceae,,,,,Trichodesmium lacustre은(는) 해양생물 캐릭터와 과학 동화 소재로 사용할 수 있다.,"해양생물의 생김새, 서식지, 분포를 반영한 과학 동화 소재",국명·학명·서식지·분류체계를 활용한 관찰 질문과 퀴즈,5-7;8-10,해양생물종;Trichodesmium;lacustre;Microcoleaceae,270000025694,Bacteria,세균계,Cyanobacteria,,Cyanophyceae,,Oscillatoriales,,Microcoleaceae,,"Trichodesmium lacustre Klebahn, 1895",Trichodesmium lacustre,,기타,,,,,,,,,,,정명,"Trichodesmium lacustre Klebahn, 1895"
국립해양생물자원관_해양생물종정보 서비스,https://www.data.go.kr/data/15094770/openapi.do,,marine_life_species,Arthrobacter ginsengisoli,세균계; Actinomycetota; Actinomycetes; Micrococcales; Micrococcaceae,,,,,Arthrobacter ginsengisoli은(는) 해양생물 캐릭터와 과학 동화 소재로 사용할 수 있다.,"해양생물의 생김새, 서식지, 분포를 반영한 과학 동화 소재",국명·학명·서식지·분류체계를 활용한 관찰 질문과 퀴즈,5-7;8-10,해양생물종;Arthrobacter;ginsengisoli;Micrococcaceae,270000020465,Bacteria,세균계,Actinomycetota,,Actinomycetes,,Micrococcales,,Micrococcaceae,,"Arthrobacter ginsengisoli Siddigi et al., 2014",Arthrobacter ginsengisoli,,기타,,,,,,,,,,,정명,"Arthrobacter ginsengisoli Siddigi et al., 2014"
국립해양생물자원관_해양생물종정보 서비스,https://www.data.go.kr/data/15094770/openapi.do,,marine_life_species,Actinotalea fermentans,세균계; Actinomycetota; Actinomycetes; Micrococcales; Cellulomonadaceae,,,,,Actinotalea fermentans은(는) 해양생물 캐릭터와 과학 동화 소재로 사용할 수 있다.,"해양생물의 생김새, 서식지, 분포를 반영한 과학 동화 소재",국명·학명·서식지·분류체계를 활용한 관찰 질문과 퀴즈,5-7;8-10,해양생물종;Actinotalea;fermentans;Cellulomonadaceae,270000020069,Bacteria,세균계,Actinomycetota,,Actinomycetes,,Micrococcales,,Cellulomonadaceae,,"Actinotalea fermentans (Bagnara et al.) Yi et al., 2007",Actinotalea fermentans,,기타,,,,,,,,,,,정명,"Actinotalea fermentans (Bagnara et al.) Yi et al., 2007"
국립해양생물자원관_해양생물종정보 서비스,https://www.data.go.kr/data/15094770/openapi.do,,marine_life_species,Lyngbya majuscula,세균계; Cyanobacteria; Cyanophyceae; Oscillatoriales; Oscillatoriaceae,,,,,Lyngbya majuscula은(는) 해양생물 캐릭터와 과학 동화 소재로 사용할 수 있다.,"해양생물의 생김새, 서식지, 분포를 반영한 과학 동화 소재",국명·학명·서식지·분류체계를 활용한 관찰 질문과 퀴즈,5-7;8-10,해양생물종;Lyngbya;majuscula;Oscillatoriaceae,270000023047,Bacteria,세균계,Cyanobacteria,,Cyanophyceae,,Oscillatoriales,,Oscillatoriaceae,,"Lyngbya majuscula Harvey ex Gomont, 1892",Lyngbya majuscula,,기타,,,,,,,,,,,정명,"Lyngbya majuscula Harvey ex Gomont, 1892"
국립해양생물자원관_해양생물종정보 서비스,https://www.data.go.kr/data/15094770/openapi.do,,marine_life_species,Citricoccus parietis,세균계; Actinomycetota; Actinomycetes; Micrococcales; Micrococcaceae,,,,,Citricoccus parietis은(는) 해양생물 캐릭터와 과학 동화 소재로 사용할 수 있다.,"해양생물의 생김새, 서식지, 분포를 반영한 과학 동화 소재",국명·학명·서식지·분류체계를 활용한 관찰 질문과 퀴즈,5-7;8-10,해양생물종;Citricoccus;parietis;Micrococcaceae,270000029157,Bacteria,세균계,Actinomycetota,,Actinomycetes,,Micrococcales,,Micrococcaceae,,"Citricoccus parietis Schäfer et al., 2010",Citricoccus parietis,,기타,,,,,,,,,,,정명,"Citricoccus parietis Schäfer et al., 2010"
국립해양생물자원관_해양생물종정보 서비스,https://www.data.go.kr/data/15094770/openapi.do,,marine_life_species,Spirulina labyrinthiformis,세균계; Cyanobacteria; Cyanophyceae; Spirulinales; Spirulinaceae,,,,,Spirulina labyrinthiformis은(는) 해양생물 캐릭터와 과학 동화 소재로 사용할 수 있다.,"해양생물의 생김새, 서식지, 분포를 반영한 과학 동화 소재",국명·학명·서식지·분류체계를 활용한 관찰 질문과 퀴즈,5-7;8-10,해양생물종;Spirulina;labyrinthiformis;Spirulinaceae,270000025253,Bacteria,세균계,Cyanobacteria,,Cyanophyceae,,Spirulinales,,Spirulinaceae,,"Spirulina labyrinthiformis Gomont, 1892",Spirulina labyrinthiformis,,기타,,,,,,,,,,,정명,"Spirulina labyrinthiformis Gomont, 1892"
국립해양생물자원관_해양생물종정보 서비스,https://www.data.go.kr/data/15094770/openapi.do,,marine_life_species,Rhodococcus phenolicus,세균계; Actinomycetota; Actinomycetes; Mycobacteriales; Nocardiaceae,,,,,Rhodococcus phenolicus은(는) 해양생물 캐릭터와 과학 동화 소재로 사용할 수 있다.,"해양생물의 생김새, 서식지, 분포를 반영한 과학 동화 소재",국명·학명·서식지·분류체계를 활용한 관찰 질문과 퀴즈,5-7;8-10,해양생물종;Rhodococcus;phenolicus;Nocardiaceae,270000024829,Bacteria,세균계,Actinomycetota,,Actinomycetes,,Mycobacteriales,,Nocardiaceae,,"Rhodococcus phenolicus Rehfuss & Urban, 2005",Rhodococcus phenolicus,,기타,,,,,,,,,,,정명,"Rhodococcus phenolicus Rehfuss & Urban, 2005"
국립해양생물자원관_해양생물종정보 서비스,https://www.data.go.kr/data/15094770/openapi.do,,marine_life_species,Citricoccus nitrophenolicus,세균계; Actinomycetota; Actinomycetes; Micrococcales; Micrococcaceae,,,,,Citricoccus nitrophenolicus은(는) 해양생물 캐릭터와 과학 동화 소재로 사용할 수 있다.,"해양생물의 생김새, 서식지, 분포를 반영한 과학 동화 소재",국명·학명·서식지·분류체계를 활용한 관찰 질문과 퀴즈,5-7;8-10,해양생물종;Citricoccus;nitrophenolicus;Micrococcaceae,270000021273,Bacteria,세균계,Actinomycetota,,Actinomycetes,,Micrococcales,,Micrococcaceae,,"Citricoccus nitrophenolicus Nielsen et al., 2011",Citricoccus nitrophenolicus,,기타,,,,,,,,,,,정명,"Citricoccus nitrophenolicus Nielsen et al., 2011"
국립해양생물자원관_해양생물종정보 서비스,https://www.data.go.kr/data/15094770/openapi.do,,marine_life_species,Dictyopteris australis,크로미스타계; 대롱편모조식물문; 갈조강; 그물바탕말목; 그물바탕말과,,,,,Dictyopteris australis은(는) 해양생물 캐릭터와 과학 동화 소재로 사용할 수 있다.,"해양생물의 생김새, 서식지, 분포를 반영한 과학 동화 소재",국명·학명·서식지·분류체계를 활용한 관찰 질문과 퀴즈,5-7;8-10,해양생물종;Dictyopteris;australis;그물바탕말과,270000005356,Chromista,크로미스타계,Ochrophyta,대롱편모조식물문,Phaeophyceae,갈조강,Dictyotales,그물바탕말목,Dictyotaceae,그물바탕말과,Dictyopteris australis,Dictyopteris australis,,기타,,,,,,,,,,,정명,Dictyopteris australis
국립해양생물자원관_해양생물종정보 서비스,https://www.data.go.kr/data/15094770/openapi.do,,marine_life_species,Fucus spiralis,크로미스타계; 대롱편모조식물문; 갈조강; 말목; 말과,,,,,Fucus spiralis은(는) 해양생물 캐릭터와 과학 동화 소재로 사용할 수 있다.,"해양생물의 생김새, 서식지, 분포를 반영한 과학 동화 소재",국명·학명·서식지·분류체계를 활용한 관찰 질문과 퀴즈,5-7;8-10,해양생물종;Fucus;spiralis;말과,270000006849,Chromista,크로미스타계,Ochrophyta,대롱편모조식물문,Phaeophyceae,갈조강,Fucales,말목,Fucaceae,말과,Fucus spiralis,Fucus spiralis,,기타,,,,,,,,,,,정명,Fucus spiralis
국립해양생물자원관_해양생물종정보 서비스,https://www.data.go.kr/data/15094770/openapi.do,,marine_life_species,Aeromicrobium ponti,세균계; Actinomycetota; Actinomycetes; Propionibacteriales; Nocardioidaceae,,,,,Aeromicrobium ponti은(는) 해양생물 캐릭터와 과학 동화 소재로 사용할 수 있다.,"해양생물의 생김새, 서식지, 분포를 반영한 과학 동화 소재",국명·학명·서식지·분류체계를 활용한 관찰 질문과 퀴즈,5-7;8-10,해양생물종;Aeromicrobium;ponti;Nocardioidaceae,270000020090,Bacteria,세균계,Actinomycetota,,Actinomycetes,,Propionibacteriales,,Nocardioidaceae,,"Aeromicrobium ponti Lee & Lee, 2008",Aeromicrobium ponti,,기타,,,,,,,,,,,정명,"Aeromicrobium ponti Lee & Lee, 2008"
국립해양생물자원관_해양생물종정보 서비스,https://www.data.go.kr/data/15094770/openapi.do,,marine_life_species,Serinibacter tropicus,세균계; Actinomycetota; Actinomycetes; Micrococcales; Beutenbergiaceae,,,,,Serinibacter tropicus은(는) 해양생물 캐릭터와 과학 동화 소재로 사용할 수 있다.,"해양생물의 생김새, 서식지, 분포를 반영한 과학 동화 소재",국명·학명·서식지·분류체계를 활용한 관찰 질문과 퀴즈,5-7;8-10,해양생물종;Serinibacter;tropicus;Beutenbergiaceae,270000016337,Bacteria,세균계,Actinomycetota,,Actinomycetes,,Micrococcales,,Beutenbergiaceae,,Serinibacter tropicus,Serinibacter tropicus,,기타,,,,,,,,,,,정명,Serinibacter tropicus
국립해양생물자원관_해양생물종정보 서비스,https://www.data.go.kr/data/15094770/openapi.do,,marine_life_species,Cellulomonas hominis,세균계; Actinomycetota; Actinomycetes; Micrococcales; Cellulomonadaceae,,,,,Cellulomonas hominis은(는) 해양생물 캐릭터와 과학 동화 소재로 사용할 수 있다.,"해양생물의 생김새, 서식지, 분포를 반영한 과학 동화 소재",국명·학명·서식지·분류체계를 활용한 관찰 질문과 퀴즈,5-7;8-10,해양생물종;Cellulomonas;hominis;Cellulomonadaceae,270000021052,Bacteria,세균계,Actinomycetota,,Actinomycetes,,Micrococcales,,Cellulomonadaceae,,"Cellulomonas hominis Funke et al., 1995",Cellulomonas hominis,,기타,,,,,,,,,,,정명,"Cellulomonas hominis Funke et al., 1995"
국립해양생물자원관_해양생물종정보 서비스,https://www.data.go.kr/data/15094770/openapi.do,,marine_life_species,Yimella radicis,세균계; Actinomycetota; Actinomycetes; Micrococcales; Dermacoccaceae,,,,,Yimella radicis은(는) 해양생물 캐릭터와 과학 동화 소재로 사용할 수 있다.,"해양생물의 생김새, 서식지, 분포를 반영한 과학 동화 소재",국명·학명·서식지·분류체계를 활용한 관찰 질문과 퀴즈,5-7;8-10,해양생물종;Yimella;radicis;Dermacoccaceae,270000029319,Bacteria,세균계,Actinomycetota,,Actinomycetes,,Micrococcales,,Dermacoccaceae,,"Yimella radicis Yang et al., 2016",Yimella radicis,,기타,,,,,,,,,,,정명,"Yimella radicis Yang et al., 2016"
국립해양생물자원관_해양생물종정보 서비스,https://www.data.go.kr/data/15094770/openapi.do,,marine_life_species,Arthrobacter psychrochitiniphilus,세균계; Actinomycetota; Actinomycetes; Micrococcales; Micrococcaceae,,,,,Arthrobacter psychrochitiniphilus은(는) 해양생물 캐릭터와 과학 동화 소재로 사용할 수 있다.,"해양생물의 생김새, 서식지, 분포를 반영한 과학 동화 소재",국명·학명·서식지·분류체계를 활용한 관찰 질문과 퀴즈,5-7;8-10,해양생물종;Arthrobacter;psychrochitiniphilus;Micrococcaceae,270000020480,Bacteria,세균계,Actinomycetota,,Actinomycetes,,Micrococcales,,Micrococcaceae,,"Arthrobacter psychrochitiniphilus Wang et al., 2009",Arthrobacter psychrochitiniphilus,,기타,,,,,,,,,,,정명,"Arthrobacter psychrochitiniphilus Wang et al., 2009"
국립해양생물자원관_해양생물종정보 서비스,https://www.data.go.kr/data/15094770/openapi.do,,marine_life_species,Prauserella aidingensis,세균계; Actinomycetota; Actinomycetes; Micromonosporales; Micromonosporaceae,,,,,Prauserella aidingensis은(는) 해양생물 캐릭터와 과학 동화 소재로 사용할 수 있다.,"해양생물의 생김새, 서식지, 분포를 반영한 과학 동화 소재",국명·학명·서식지·분류체계를 활용한 관찰 질문과 퀴즈,5-7;8-10,해양생물종;Prauserella;aidingensis;Micromonosporaceae,270000014353,Bacteria,세균계,Actinomycetota,,Actinomycetes,,Micromonosporales,,Micromonosporaceae,,Prauserella aidingensis,Prauserella aidingensis,,기타,,,,,,,,,,,정명,Prauserella aidingensis
국립해양생물자원관_해양생물종정보 서비스,https://www.data.go.kr/data/15094770/openapi.do,,marine_life_species,Terrabacter lapilli,세균계; Actinomycetota; Actinomycetes; Micrococcales; Intrasporangiaceae,,,,,Terrabacter lapilli은(는) 해양생물 캐릭터와 과학 동화 소재로 사용할 수 있다.,"해양생물의 생김새, 서식지, 분포를 반영한 과학 동화 소재",국명·학명·서식지·분류체계를 활용한 관찰 질문과 퀴즈,5-7;8-10,해양생물종;Terrabacter;lapilli;Intrasporangiaceae,270000025553,Bacteria,세균계,Actinomycetota,,Actinomycetes,,Micrococcales,,Intrasporangiaceae,,"Terrabacter lapilli Lee et al., 2008",Terrabacter lapilli,,기타,,,,,,,,,,,정명,"Terrabacter lapilli Lee et al., 2008"
국립해양생물자원관_해양생물종정보 서비스,https://www.data.go.kr/data/15094770/openapi.do,,marine_life_species,Microbacterium terricola,세균계; Actinomycetota; Actinomycetes; Micrococcales; Microbacteriaceae,,,,,Microbacterium terricola은(는) 해양생물 캐릭터와 과학 동화 소재로 사용할 수 있다.,"해양생물의 생김새, 서식지, 분포를 반영한 과학 동화 소재",국명·학명·서식지·분류체계를 활용한 관찰 질문과 퀴즈,5-7;8-10,해양생물종;Microbacterium;terricola;Microbacteriaceae,270000023327,Bacteria,세균계,Actinomycetota,,Actinomycetes,,Micrococcales,,Microbacteriaceae,,"Microbacterium terricola Kageyama et al., 2007",Microbacterium terricola,,기타,,,,,,,,,,,정명,"Microbacterium terricola Kageyama et al., 2007"
국립해양생물자원관_해양생물종정보 서비스,https://www.data.go.kr/data/15094770/openapi.do,,marine_life_species,Microbacterium amylolyticum,세균계; Actinomycetota; Actinomycetes; Micrococcales; Microbacteriaceae,,,,,Microbacterium amylolyticum은(는) 해양생물 캐릭터와 과학 동화 소재로 사용할 수 있다.,"해양생물의 생김새, 서식지, 분포를 반영한 과학 동화 소재",국명·학명·서식지·분류체계를 활용한 관찰 질문과 퀴즈,5-7;8-10,해양생물종;Microbacterium;amylolyticum;Microbacteriaceae,270000010706,Bacteria,세균계,Actinomycetota,,Actinomycetes,,Micrococcales,,Microbacteriaceae,,Microbacterium amylolyticum,Microbacterium amylolyticum,,기타,,,,,,,,,,,정명,Microbacterium amylolyticum
국립해양생물자원관_해양생물종정보 서비스,https://www.data.go.kr/data/15094770/openapi.do,,marine_life_species,Entophysalis granulosa,세균계; Cyanobacteria; Cyanophyceae; Chroococcales; Entophysalidaceae,,,,,Entophysalis granulosa은(는) 해양생물 캐릭터와 과학 동화 소재로 사용할 수 있다.,"해양생물의 생김새, 서식지, 분포를 반영한 과학 동화 소재",국명·학명·서식지·분류체계를 활용한 관찰 질문과 퀴즈,5-7;8-10,해양생물종;Entophysalis;granulosa;Entophysalidaceae,270000021876,Bacteria,세균계,Cyanobacteria,,Cyanophyceae,,Chroococcales,,Entophysalidaceae,,"Entophysalis granulosa Kützing, 1843",Entophysalis granulosa,,기타,,,,,,,,,,,정명,"Entophysalis granulosa Kützing, 1843"
국립해양생물자원관_해양생물종정보 서비스,https://www.data.go.kr/data/15094770/openapi.do,,marine_life_species,Agrococcus terreus,세균계; Actinomycetota; Actinomycetes; Micrococcales; Microbacteriaceae,,,,,Agrococcus terreus은(는) 해양생물 캐릭터와 과학 동화 소재로 사용할 수 있다.,"해양생물의 생김새, 서식지, 분포를 반영한 과학 동화 소재",국명·학명·서식지·분류체계를 활용한 관찰 질문과 퀴즈,5-7;8-10,해양생물종;Agrococcus;terreus;Microbacteriaceae,270000020127,Bacteria,세균계,Actinomycetota,,Actinomycetes,,Micrococcales,,Microbacteriaceae,,"Agrococcus terreus Zhang et al., 2010",Agrococcus terreus,,기타,,,,,,,,,,,정명,"Agrococcus terreus Zhang et al., 2010"
국립해양생물자원관_해양생물종정보 서비스,https://www.data.go.kr/data/15094770/openapi.do,,marine_life_species,Blastococcus litoris,세균계; Actinomycetota; Actinomycetes; Geodermatophilales; Geodermatophilaceae,,,,,Blastococcus litoris은(는) 해양생물 캐릭터와 과학 동화 소재로 사용할 수 있다.,"해양생물의 생김새, 서식지, 분포를 반영한 과학 동화 소재",국명·학명·서식지·분류체계를 활용한 관찰 질문과 퀴즈,5-7;8-10,해양생물종;Blastococcus;litoris;Geodermatophilaceae,270000020801,Bacteria,세균계,Actinomycetota,,Actinomycetes,,Geodermatophilales,,Geodermatophilaceae,,"Blastococcus litoris Lee et al., 2018",Blastococcus litoris,,기타,,,,,,,,,,,정명,"Blastococcus litoris Lee et al., 2018"
국립해양생물자원관_해양생물종정보 서비스,https://www.data.go.kr/data/15094770/openapi.do,,marine_life_species,Hesperophycus californicus,크로미스타계; 대롱편모조식물문; 갈조강; 말목; 말과,,,,,Hesperophycus californicus은(는) 해양생물 캐릭터와 과학 동화 소재로 사용할 수 있다.,"해양생물의 생김새, 서식지, 분포를 반영한 과학 동화 소재",국명·학명·서식지·분류체계를 활용한 관찰 질문과 퀴즈,5-7;8-10,해양생물종;Hesperophycus;californicus;말과,270000008226,Chromista,크로미스타계,Ochrophyta,대롱편모조식물문,Phaeophyceae,갈조강,Fucales,말목,Fucaceae,말과,Hesperophycus californicus,Hesperophycus californicus,,기타,,,,,,,,,,,정명,Hesperophycus californicus
국립해양생물자원관_해양생물종정보 서비스,https://www.data.go.kr/data/15094770/openapi.do,,marine_life_species,Oscillatoria sancta,세균계; Cyanobacteria; Cyanophyceae; Oscillatoriales; Oscillatoriaceae,,,,,Oscillatoria sancta은(는) 해양생물 캐릭터와 과학 동화 소재로 사용할 수 있다.,"해양생물의 생김새, 서식지, 분포를 반영한 과학 동화 소재",국명·학명·서식지·분류체계를 활용한 관찰 질문과 퀴즈,5-7;8-10,해양생물종;Oscillatoria;sancta;Oscillatoriaceae,270000023812,Bacteria,세균계,Cyanobacteria,,Cyanophyceae,,Oscillatoriales,,Oscillatoriaceae,,"Oscillatoria sancta Kützing ex Gomont, 1892",Oscillatoria sancta,,기타,,,,,,,,,,,정명,"Oscillatoria sancta Kützing ex Gomont, 1892"
국립해양생물자원관_해양생물종정보 서비스,https://www.data.go.kr/data/15094770/openapi.do,,marine_life_species,Lessonia trabeculata,크로미스타계; 대롱편모조식물문; 갈조강; 다시마목; 감태과,,,,,Lessonia trabeculata은(는) 해양생물 캐릭터와 과학 동화 소재로 사용할 수 있다.,"해양생물의 생김새, 서식지, 분포를 반영한 과학 동화 소재",국명·학명·서식지·분류체계를 활용한 관찰 질문과 퀴즈,5-7;8-10,해양생물종;Lessonia;trabeculata;감태과,270000009561,Chromista,크로미스타계,Ochrophyta,대롱편모조식물문,Phaeophyceae,갈조강,Laminariales,다시마목,Lessoniaceae,감태과,Lessonia trabeculata,Lessonia trabeculata,,기타,,,,,,,,,,,정명,Lessonia trabeculata
국립해양생물자원관_해양생물종정보 서비스,https://www.data.go.kr/data/15094770/openapi.do,,marine_life_species,Agromyces binzhouensis,세균계; Actinomycetota; Actinomycetes; Micrococcales; Microbacteriaceae,,,,,Agromyces binzhouensis은(는) 해양생물 캐릭터와 과학 동화 소재로 사용할 수 있다.,"해양생물의 생김새, 서식지, 분포를 반영한 과학 동화 소재",국명·학명·서식지·분류체계를 활용한 관찰 질문과 퀴즈,5-7;8-10,해양생물종;Agromyces;binzhouensis;Microbacteriaceae,270000019560,Bacteria,세균계,Actinomycetota,,Actinomycetes,,Micrococcales,,Microbacteriaceae,,"Agromyces binzhouensis Chen et al., 2016",Agromyces binzhouensis,,기타,,,,,,,,,,,정명,"Agromyces binzhouensis Chen et al., 2016"
국립해양생물자원관_해양생물종정보 서비스,https://www.data.go.kr/data/15094770/openapi.do,,marine_life_species,Cellulomonas fimi,세균계; Actinomycetota; Actinomycetes; Micrococcales; Cellulomonadaceae,,,,,Cellulomonas fimi은(는) 해양생물 캐릭터와 과학 동화 소재로 사용할 수 있다.,"해양생물의 생김새, 서식지, 분포를 반영한 과학 동화 소재",국명·학명·서식지·분류체계를 활용한 관찰 질문과 퀴즈,5-7;8-10,해양생물종;Cellulomonas;fimi;Cellulomonadaceae,270000027929,Bacteria,세균계,Actinomycetota,,Actinomycetes,,Micrococcales,,Cellulomonadaceae,,"Cellulomonas fimi (McBeth & Scales 1913) Bergey et al., 1923",Cellulomonas fimi,,기타,,,,,,,,,,,정명,"Cellulomonas fimi (McBeth & Scales 1913) Bergey et al., 1923"
국립해양생물자원관_해양생물종정보 서비스,https://www.data.go.kr/data/15094770/openapi.do,,marine_life_species,Agromyces indicus,세균계; Actinomycetota; Actinomycetes; Micrococcales; Microbacteriaceae,,,,,Agromyces indicus은(는) 해양생물 캐릭터와 과학 동화 소재로 사용할 수 있다.,"해양생물의 생김새, 서식지, 분포를 반영한 과학 동화 소재",국명·학명·서식지·분류체계를 활용한 관찰 질문과 퀴즈,5-7;8-10,해양생물종;Agromyces;indicus;Microbacteriaceae,270000000512,Bacteria,세균계,Actinomycetota,,Actinomycetes,,Micrococcales,,Microbacteriaceae,,Agromyces indicus,Agromyces indicus,,기타,,,,,,,,,,,정명,Agromyces indicus
국립해양생물자원관_해양생물종정보 서비스,https://www.data.go.kr/data/15094770/openapi.do,,marine_life_species,Dictyota acutiloba,크로미스타계; 대롱편모조식물문; 갈조강; 그물바탕말목; 그물바탕말과,,,,,Dictyota acutiloba은(는) 해양생물 캐릭터와 과학 동화 소재로 사용할 수 있다.,"해양생물의 생김새, 서식지, 분포를 반영한 과학 동화 소재",국명·학명·서식지·분류체계를 활용한 관찰 질문과 퀴즈,5-7;8-10,해양생물종;Dictyota;acutiloba;그물바탕말과,270000005376,Chromista,크로미스타계,Ochrophyta,대롱편모조식물문,Phaeophyceae,갈조강,Dictyotales,그물바탕말목,Dictyotaceae,그물바탕말과,Dictyota acutiloba,Dictyota acutiloba,,기타,,,,,,,,,,,정명,Dictyota acutiloba
국립해양생물자원관_해양생물종정보 서비스,https://www.data.go.kr/data/15094770/openapi.do,,marine_life_species,Postelsia palmaeformis,크로미스타계; 대롱편모조식물문; 갈조강; 다시마목; 다시마과,,,,,Postelsia palmaeformis은(는) 해양생물 캐릭터와 과학 동화 소재로 사용할 수 있다.,"해양생물의 생김새, 서식지, 분포를 반영한 과학 동화 소재",국명·학명·서식지·분류체계를 활용한 관찰 질문과 퀴즈,5-7;8-10,해양생물종;Postelsia;palmaeformis;다시마과,270000014339,Chromista,크로미스타계,Ochrophyta,대롱편모조식물문,Phaeophyceae,갈조강,Laminariales,다시마목,Laminariaceae,다시마과,"Postelsia palmaeformis Ruprecht, 1852",Postelsia palmaeformis,,기타,,,,,,,,,,,정명,"Postelsia palmaeformis Ruprecht, 1852"
국립해양생물자원관_해양생물종정보 서비스,https://www.data.go.kr/data/15094770/openapi.do,,marine_life_species,Nocardiopsis halotolerans,세균계; Actinomycetota; Actinomycetes; Actinomycetales; Nocardiopsidaceae,,,,,Nocardiopsis halotolerans은(는) 해양생물 캐릭터와 과학 동화 소재로 사용할 수 있다.,"해양생물의 생김새, 서식지, 분포를 반영한 과학 동화 소재",국명·학명·서식지·분류체계를 활용한 관찰 질문과 퀴즈,5-7;8-10,해양생물종;Nocardiopsis;halotolerans;Nocardiopsidaceae,270000011799,Bacteria,세균계,Actinomycetota,,Actinomycetes,,Actinomycetales,,Nocardiopsidaceae,,Nocardiopsis halotolerans,Nocardiopsis halotolerans,,기타,,,,,,,,,,,정명,Nocardiopsis halotolerans
국립해양생물자원관_해양생물종정보 서비스,https://www.data.go.kr/data/15094770/openapi.do,,marine_life_species,Agromyces italicus,세균계; Actinomycetota; Actinomycetes; Micrococcales; Microbacteriaceae,,,,,Agromyces italicus은(는) 해양생물 캐릭터와 과학 동화 소재로 사용할 수 있다.,"해양생물의 생김새, 서식지, 분포를 반영한 과학 동화 소재",국명·학명·서식지·분류체계를 활용한 관찰 질문과 퀴즈,5-7;8-10,해양생물종;Agromyces;italicus;Microbacteriaceae,270000020133,Bacteria,세균계,Actinomycetota,,Actinomycetes,,Micrococcales,,Microbacteriaceae,,"Agromyces italicus Jurado et al., 2005",Agromyces italicus,,기타,,,,,,,,,,,정명,"Agromyces italicus Jurado et al., 2005"
국립해양생물자원관_해양생물종정보 서비스,https://www.data.go.kr/data/15094770/openapi.do,,marine_life_species,Serinicoccus sediminis,세균계; Actinomycetota; Actinomycetes; Micrococcales; Ornithinimicrobiaceae,,,,,Serinicoccus sediminis은(는) 해양생물 캐릭터와 과학 동화 소재로 사용할 수 있다.,"해양생물의 생김새, 서식지, 분포를 반영한 과학 동화 소재",국명·학명·서식지·분류체계를 활용한 관찰 질문과 퀴즈,5-7;8-10,해양생물종;Serinicoccus;sediminis;Ornithinimicrobiaceae,270000028482,Bacteria,세균계,Actinomycetota,,Actinomycetes,,Micrococcales,,Ornithinimicrobiaceae,,"Serinicoccus sediminis Lee et al., 2019",Serinicoccus sediminis,,기타,,,,,,,,,,,정명,"Serinicoccus sediminis Lee et al., 2019"
국립해양생물자원관_해양생물종정보 서비스,https://www.data.go.kr/data/15094770/openapi.do,,marine_life_species,Chroococcus endophyticus,세균계; Cyanobacteria; Cyanophyceae; Chroococcales; Chroococcaceae,,,,,Chroococcus endophyticus은(는) 해양생물 캐릭터와 과학 동화 소재로 사용할 수 있다.,"해양생물의 생김새, 서식지, 분포를 반영한 과학 동화 소재",국명·학명·서식지·분류체계를 활용한 관찰 질문과 퀴즈,5-7;8-10,해양생물종;Chroococcus;endophyticus;Chroococcaceae,270000021233,Bacteria,세균계,Cyanobacteria,,Cyanophyceae,,Chroococcales,,Chroococcaceae,,"Chroococcus endophyticus Copeland, 1936",Chroococcus endophyticus,,기타,,,,,,,,,,,정명,"Chroococcus endophyticus Copeland, 1936"
국립해양생물자원관_해양생물종정보 서비스,https://www.data.go.kr/data/15094770/openapi.do,,marine_life_species,Phaeurus antarcticus,크로미스타계; 대롱편모조식물문; 갈조강; 산말목; 산말과,,,,,Phaeurus antarcticus은(는) 해양생물 캐릭터와 과학 동화 소재로 사용할 수 있다.,"해양생물의 생김새, 서식지, 분포를 반영한 과학 동화 소재",국명·학명·서식지·분류체계를 활용한 관찰 질문과 퀴즈,5-7;8-10,해양생물종;Phaeurus;antarcticus;산말과,270000013474,Chromista,크로미스타계,Ochrophyta,대롱편모조식물문,Phaeophyceae,갈조강,Desmarestiales,산말목,Desmarestiaceae,산말과,Phaeurus antarcticus,Phaeurus antarcticus,,기타,,,,,,,,,,,정명,Phaeurus antarcticus
국립해양생물자원관_해양생물종정보 서비스,https://www.data.go.kr/data/15094770/openapi.do,,marine_life_species,Hedophyllum bongardianum,크로미스타계; 대롱편모조식물문; 갈조강; 다시마목; 다시마과,,,,,Hedophyllum bongardianum은(는) 해양생물 캐릭터와 과학 동화 소재로 사용할 수 있다.,"해양생물의 생김새, 서식지, 분포를 반영한 과학 동화 소재",국명·학명·서식지·분류체계를 활용한 관찰 질문과 퀴즈,5-7;8-10,해양생물종;Hedophyllum;bongardianum;다시마과,270000019962,Chromista,크로미스타계,Ochrophyta,대롱편모조식물문,Phaeophyceae,갈조강,Laminariales,다시마목,Laminariaceae,다시마과,Hedophyllum bongardianum,Hedophyllum bongardianum,,기타,,,,,,,,,,,정명,Hedophyllum bongardianum
국립해양생물자원관_해양생물종정보 서비스,https://www.data.go.kr/data/15094770/openapi.do,,marine_life_species,Scytonema polycystum,세균계; Cyanobacteria; Cyanophyceae; Nostocales; Scytonemataceae,,,,,Scytonema polycystum은(는) 해양생물 캐릭터와 과학 동화 소재로 사용할 수 있다.,"해양생물의 생김새, 서식지, 분포를 반영한 과학 동화 소재",국명·학명·서식지·분류체계를 활용한 관찰 질문과 퀴즈,5-7;8-10,해양생물종;Scytonema;polycystum;Scytonemataceae,270000025051,Bacteria,세균계,Cyanobacteria,,Cyanophyceae,,Nostocales,,Scytonemataceae,,"Scytonema polycystum Bornet & Flahault, 1886",Scytonema polycystum,,기타,,,,,,,,,,,정명,"Scytonema polycystum Bornet & Flahault, 1886"
국립해양생물자원관_해양생물종정보 서비스,https://www.data.go.kr/data/15094770/openapi.do,,marine_life_species,Leptolyngbya valderiana,세균계; Cyanobacteria; Cyanophyceae; Synechococcales; Leptolyngbyaceae,,,,,Leptolyngbya valderiana은(는) 해양생물 캐릭터와 과학 동화 소재로 사용할 수 있다.,"해양생물의 생김새, 서식지, 분포를 반영한 과학 동화 소재",국명·학명·서식지·분류체계를 활용한 관찰 질문과 퀴즈,5-7;8-10,해양생물종;Leptolyngbya;valderiana;Leptolyngbyaceae,270000022875,Bacteria,세균계,Cyanobacteria,,Cyanophyceae,,Synechococcales,,Leptolyngbyaceae,,"Leptolyngbya valderiana (Gomont) Anagnostidis & Komárek, 1988",Leptolyngbya valderiana,,기타,,,,,,,,,,,정명,"Leptolyngbya valderiana (Gomont) Anagnostidis & Komárek, 1988"
국립해양생물자원관_해양생물종정보 서비스,https://www.data.go.kr/data/15094770/openapi.do,,marine_life_species,Actinomadura flavalba,세균계; Actinomycetota; Actinomycetes; Streptosporangiales; Thermomonosporaceae,,,,,Actinomadura flavalba은(는) 해양생물 캐릭터와 과학 동화 소재로 사용할 수 있다.,"해양생물의 생김새, 서식지, 분포를 반영한 과학 동화 소재",국명·학명·서식지·분류체계를 활용한 관찰 질문과 퀴즈,5-7;8-10,해양생물종;Actinomadura;flavalba;Thermomonosporaceae,270000000347,Bacteria,세균계,Actinomycetota,,Actinomycetes,,Streptosporangiales,,Thermomonosporaceae,,Actinomadura flavalba,Actinomadura flavalba,,기타,,,,,,,,,,,정명,Actinomadura flavalba
국립해양생물자원관_해양생물종정보 서비스,https://www.data.go.kr/data/15094770/openapi.do,,marine_life_species,Lobophora ceylanica,크로미스타계; 대롱편모조식물문; 갈조강; 그물바탕말목; 그물바탕말과,,,,,Lobophora ceylanica은(는) 해양생물 캐릭터와 과학 동화 소재로 사용할 수 있다.,"해양생물의 생김새, 서식지, 분포를 반영한 과학 동화 소재",국명·학명·서식지·분류체계를 활용한 관찰 질문과 퀴즈,5-7;8-10,해양생물종;Lobophora;ceylanica;그물바탕말과,270000009842,Chromista,크로미스타계,Ochrophyta,대롱편모조식물문,Phaeophyceae,갈조강,Dictyotales,그물바탕말목,Dictyotaceae,그물바탕말과,Lobophora ceylanica,Lobophora ceylanica,,기타,,,,,,,,,,,정명,Lobophora ceylanica
국립해양생물자원관_해양생물종정보 서비스,https://www.data.go.kr/data/15094770/openapi.do,,marine_life_species,Microbacterium binotii,세균계; Actinomycetota; Actinomycetes; Micrococcales; Microbacteriaceae,,,,,Microbacterium binotii은(는) 해양생물 캐릭터와 과학 동화 소재로 사용할 수 있다.,"해양생물의 생김새, 서식지, 분포를 반영한 과학 동화 소재",국명·학명·서식지·분류체계를 활용한 관찰 질문과 퀴즈,5-7;8-10,해양생물종;Microbacterium;binotii;Microbacteriaceae,270000028787,Bacteria,세균계,Actinomycetota,,Actinomycetes,,Micrococcales,,Microbacteriaceae,,"Microbacterium binotii Clermont et al., 2009",Microbacterium binotii,,기타,,,,,,,,,,,정명,"Microbacterium binotii Clermont et al., 2009"
국립해양생물자원관_해양생물종정보 서비스,https://www.data.go.kr/data/15094770/openapi.do,,marine_life_species,Microbacterium arthrosphaerae,세균계; Actinomycetota; Actinomycetes; Micrococcales; Microbacteriaceae,,,,,Microbacterium arthrosphaerae은(는) 해양생물 캐릭터와 과학 동화 소재로 사용할 수 있다.,"해양생물의 생김새, 서식지, 분포를 반영한 과학 동화 소재",국명·학명·서식지·분류체계를 활용한 관찰 질문과 퀴즈,5-7;8-10,해양생물종;Microbacterium;arthrosphaerae;Microbacteriaceae,270000010710,Bacteria,세균계,Actinomycetota,,Actinomycetes,,Micrococcales,,Microbacteriaceae,,Microbacterium arthrosphaerae,Microbacterium arthrosphaerae,,기타,,,,,,,,,,,정명,Microbacterium arthrosphaerae
국립해양생물자원관_해양생물종정보 서비스,https://www.data.go.kr/data/15094770/openapi.do,,marine_life_species,Saccharina longissima,크로미스타계; 대롱편모조식물문; 갈조강; 다시마목; 다시마과,,,,,Saccharina longissima은(는) 해양생물 캐릭터와 과학 동화 소재로 사용할 수 있다.,"해양생물의 생김새, 서식지, 분포를 반영한 과학 동화 소재",국명·학명·서식지·분류체계를 활용한 관찰 질문과 퀴즈,5-7;8-10,해양생물종;Saccharina;longissima;다시마과,270000015816,Chromista,크로미스타계,Ochrophyta,대롱편모조식물문,Phaeophyceae,갈조강,Laminariales,다시마목,Laminariaceae,다시마과,"Saccharina longissima (Miyabe) C.E.Lane, C.Mayes, Druehl & G.W.Saunders, 2006",Saccharina longissima,,기타,,,,,,,,,,,정명,"Saccharina longissima (Miyabe) C.E.Lane, C.Mayes, Druehl & G.W.Saunders, 2006"
국립해양생물자원관_해양생물종정보 서비스,https://www.data.go.kr/data/15094770/openapi.do,,marine_life_species,Pseudonocardia benzenivorans,세균계; Actinomycetota; Actinomycetes; Pseudonocardiales; Pseudonocardiaceae,,,,,Pseudonocardia benzenivorans은(는) 해양생물 캐릭터와 과학 동화 소재로 사용할 수 있다.,"해양생물의 생김새, 서식지, 분포를 반영한 과학 동화 소재",국명·학명·서식지·분류체계를 활용한 관찰 질문과 퀴즈,5-7;8-10,해양생물종;Pseudonocardia;benzenivorans;Pseudonocardiaceae,270000024591,Bacteria,세균계,Actinomycetota,,Actinomycetes,,Pseudonocardiales,,Pseudonocardiaceae,,"Pseudonocardia benzenivorans Kämpfer & Kroppenstedt, 2004",Pseudonocardia benzenivorans,,기타,,,,,,,,,,,정명,"Pseudonocardia benzenivorans Kämpfer & Kroppenstedt, 2004"
국립해양생물자원관_해양생물종정보 서비스,https://www.data.go.kr/data/15094770/openapi.do,,marine_life_species,Demequina activiva,세균계; Actinomycetota; Actinomycetes; Micrococcales; Demequinaceae,,,,,Demequina activiva은(는) 해양생물 캐릭터와 과학 동화 소재로 사용할 수 있다.,"해양생물의 생김새, 서식지, 분포를 반영한 과학 동화 소재",국명·학명·서식지·분류체계를 활용한 관찰 질문과 퀴즈,5-7;8-10,해양생물종;Demequina;activiva;Demequinaceae,270000026879,Bacteria,세균계,Actinomycetota,,Actinomycetes,,Micrococcales,,Demequinaceae,,Demequina activiva,Demequina activiva,,기타,,,,,,,,,,,,
국립해양생물자원관_해양생물종정보 서비스,https://www.data.go.kr/data/15094770/openapi.do,,marine_life_species,Agromyces tropicus,세균계; Actinomycetota; Actinomycetes; Micrococcales; Microbacteriaceae,,,,,Agromyces tropicus은(는) 해양생물 캐릭터와 과학 동화 소재로 사용할 수 있다.,"해양생물의 생김새, 서식지, 분포를 반영한 과학 동화 소재",국명·학명·서식지·분류체계를 활용한 관찰 질문과 퀴즈,5-7;8-10,해양생물종;Agromyces;tropicus;Microbacteriaceae,270000020136,Bacteria,세균계,Actinomycetota,,Actinomycetes,,Micrococcales,,Microbacteriaceae,,"Agromyces tropicus Thawai et al., 2011",Agromyces tropicus,,기타,,,,,,,,,,,정명,"Agromyces tropicus Thawai et al., 2011"
국립해양생물자원관_해양생물종정보 서비스,https://www.data.go.kr/data/15094770/openapi.do,,marine_life_species,Merismopedia glauca,세균계; Cyanobacteria; Cyanophyceae; Synechococcales; Merismopediaceae,,,,,Merismopedia glauca은(는) 해양생물 캐릭터와 과학 동화 소재로 사용할 수 있다.,"해양생물의 생김새, 서식지, 분포를 반영한 과학 동화 소재",국명·학명·서식지·분류체계를 활용한 관찰 질문과 퀴즈,5-7;8-10,해양생물종;Merismopedia;glauca;Merismopediaceae,270000023252,Bacteria,세균계,Cyanobacteria,,Cyanophyceae,,Synechococcales,,Merismopediaceae,,"Merismopedia glauca (Ehrenberg) Kützing, 1845",Merismopedia glauca,,기타,,,,,,,,,,,정명,"Merismopedia glauca (Ehrenberg) Kützing, 1845"
국립해양생물자원관_해양생물종정보 서비스,https://www.data.go.kr/data/15094770/openapi.do,,marine_life_species,Aeromicrobium erythreum,세균계; Actinomycetota; Actinomycetes; Propionibacteriales; Nocardioidaceae,,,,,Aeromicrobium erythreum은(는) 해양생물 캐릭터와 과학 동화 소재로 사용할 수 있다.,"해양생물의 생김새, 서식지, 분포를 반영한 과학 동화 소재",국명·학명·서식지·분류체계를 활용한 관찰 질문과 퀴즈,5-7;8-10,해양생물종;Aeromicrobium;erythreum;Nocardioidaceae,270000028901,Bacteria,세균계,Actinomycetota,,Actinomycetes,,Propionibacteriales,,Nocardioidaceae,,"Aeromicrobium erythreum Miller et al., 1991",Aeromicrobium erythreum,,기타,,,,,,,,,,,정명,"Aeromicrobium erythreum Miller et al., 1991"
국립해양생물자원관_해양생물종정보 서비스,https://www.data.go.kr/data/15094770/openapi.do,,marine_life_species,Rhodococcus canchipurensis,세균계; Actinomycetota; Actinomycetes; Mycobacteriales; Nocardiaceae,,,,,Rhodococcus canchipurensis은(는) 해양생물 캐릭터와 과학 동화 소재로 사용할 수 있다.,"해양생물의 생김새, 서식지, 분포를 반영한 과학 동화 소재",국명·학명·서식지·분류체계를 활용한 관찰 질문과 퀴즈,5-7;8-10,해양생물종;Rhodococcus;canchipurensis;Nocardiaceae,270000026991,Bacteria,세균계,Actinomycetota,,Actinomycetes,,Mycobacteriales,,Nocardiaceae,,"Rhodococcus canchipurensis Nimaichand et al., 2013",Rhodococcus canchipurensis,,기타,,,,,,,,,,,정명,"Rhodococcus canchipurensis Nimaichand et al., 2013"
국립해양생물자원관_해양생물종정보 서비스,https://www.data.go.kr/data/15094770/openapi.do,,marine_life_species,Murinocardiopsis flavida,세균계; Actinomycetota; Actinomycetes; Actinomycetales; Nocardiopsidaceae,,,,,Murinocardiopsis flavida은(는) 해양생물 캐릭터와 과학 동화 소재로 사용할 수 있다.,"해양생물의 생김새, 서식지, 분포를 반영한 과학 동화 소재",국명·학명·서식지·분류체계를 활용한 관찰 질문과 퀴즈,5-7;8-10,해양생물종;Murinocardiopsis;flavida;Nocardiopsidaceae,270000030510,Bacteria,세균계,Actinomycetota,,Actinomycetes,,Actinomycetales,,Nocardiopsidaceae,,"Murinocardiopsis flavida Kämpfer et al., 2010",Murinocardiopsis flavida,,기타,,,,,,,,,,,정명,"Murinocardiopsis flavida Kämpfer et al., 2010"
국립해양생물자원관_해양생물종정보 서비스,https://www.data.go.kr/data/15094770/openapi.do,,marine_life_species,Anthophycus longifolius,크로미스타계; 대롱편모조식물문; 갈조강; 말목; 모자반과,,,,,Anthophycus longifolius은(는) 해양생물 캐릭터와 과학 동화 소재로 사용할 수 있다.,"해양생물의 생김새, 서식지, 분포를 반영한 과학 동화 소재",국명·학명·서식지·분류체계를 활용한 관찰 질문과 퀴즈,5-7;8-10,해양생물종;Anthophycus;longifolius;모자반과,270000001187,Chromista,크로미스타계,Ochrophyta,대롱편모조식물문,Phaeophyceae,갈조강,Fucales,말목,Sargassaceae,모자반과,Anthophycus longifolius,Anthophycus longifolius,,기타,,,,,,,,,,,정명,Anthophycus longifolius
국립해양생물자원관_해양생물종정보 서비스,https://www.data.go.kr/data/15094770/openapi.do,,marine_life_species,Mycolicibacterium parafortuitum,세균계; Actinomycetota; Actinomycetes; Mycobacteriales; Mycobacteriaceae,,,,,Mycolicibacterium parafortuitum은(는) 해양생물 캐릭터와 과학 동화 소재로 사용할 수 있다.,"해양생물의 생김새, 서식지, 분포를 반영한 과학 동화 소재",국명·학명·서식지·분류체계를 활용한 관찰 질문과 퀴즈,5-7;8-10,해양생물종;Mycolicibacterium;parafortuitum;Mycobacteriaceae,270000019795,Bacteria,세균계,Actinomycetota,,Actinomycetes,,Mycobacteriales,,Mycobacteriaceae,,Mycolicibacterium parafortuitum,Mycolicibacterium parafortuitum,,기타,,,,,,,,,,,정명,Mycolicibacterium parafortuitum
국립해양생물자원관_해양생물종정보 서비스,https://www.data.go.kr/data/15094770/openapi.do,,marine_life_species,Saccharopolyspora endophytica,세균계; Actinomycetota; Actinomycetes; Pseudonocardiales; Pseudonocardiaceae,,,,,Saccharopolyspora endophytica은(는) 해양생물 캐릭터와 과학 동화 소재로 사용할 수 있다.,"해양생물의 생김새, 서식지, 분포를 반영한 과학 동화 소재",국명·학명·서식지·분류체계를 활용한 관찰 질문과 퀴즈,5-7;8-10,해양생물종;Saccharopolyspora;endophytica;Pseudonocardiaceae,270000015826,Bacteria,세균계,Actinomycetota,,Actinomycetes,,Pseudonocardiales,,Pseudonocardiaceae,,Saccharopolyspora endophytica,Saccharopolyspora endophytica,,기타,,,,,,,,,,,정명,Saccharopolyspora endophytica
국립해양생물자원관_해양생물종정보 서비스,https://www.data.go.kr/data/15094770/openapi.do,,marine_life_species,Sargassum natans,크로미스타계; 대롱편모조식물문; 갈조강; 말목; 모자반과,,,,,Sargassum natans은(는) 해양생물 캐릭터와 과학 동화 소재로 사용할 수 있다.,"해양생물의 생김새, 서식지, 분포를 반영한 과학 동화 소재",국명·학명·서식지·분류체계를 활용한 관찰 질문과 퀴즈,5-7;8-10,해양생물종;Sargassum;natans;모자반과,270000015993,Chromista,크로미스타계,Ochrophyta,대롱편모조식물문,Phaeophyceae,갈조강,Fucales,말목,Sargassaceae,모자반과,Sargassum natans,Sargassum natans,,기타,,,,,,,,,,,정명,Sargassum natans
국립해양생물자원관_해양생물종정보 서비스,https://www.data.go.kr/data/15094770/openapi.do,,marine_life_species,Spirulina platensis,세균계; Cyanobacteria; Cyanophyceae; Spirulinales; Spirulinaceae,,,,,Spirulina platensis은(는) 해양생물 캐릭터와 과학 동화 소재로 사용할 수 있다.,"해양생물의 생김새, 서식지, 분포를 반영한 과학 동화 소재",국명·학명·서식지·분류체계를 활용한 관찰 질문과 퀴즈,5-7;8-10,해양생물종;Spirulina;platensis;Spirulinaceae,270000025257,Bacteria,세균계,Cyanobacteria,,Cyanophyceae,,Spirulinales,,Spirulinaceae,,"Spirulina platensis (Gomont) Geitler, 1925",Spirulina platensis,,기타,,,,,,,,,,,정명,"Spirulina platensis (Gomont) Geitler, 1925"
국립해양생물자원관_해양생물종정보 서비스,https://www.data.go.kr/data/15094770/openapi.do,,marine_life_species,Sanguibacter keddieii,세균계; Actinomycetota; Actinomycetes; Micrococcales; Jonesiaceae,,,,,Sanguibacter keddieii은(는) 해양생물 캐릭터와 과학 동화 소재로 사용할 수 있다.,"해양생물의 생김새, 서식지, 분포를 반영한 과학 동화 소재",국명·학명·서식지·분류체계를 활용한 관찰 질문과 퀴즈,5-7;8-10,해양생물종;Sanguibacter;keddieii;Jonesiaceae,270000024971,Bacteria,세균계,Actinomycetota,,Actinomycetes,,Micrococcales,,Jonesiaceae,,"Sanguibacter keddieii Fernández-Garayzábal et al., 1995",Sanguibacter keddieii,,기타,,,,,,,,,,,정명,"Sanguibacter keddieii Fernández-Garayzábal et al., 1995"
국립해양생물자원관_해양생물종정보 서비스,https://www.data.go.kr/data/15094770/openapi.do,,marine_life_species,Dictyota cyanoloma,크로미스타계; 대롱편모조식물문; 갈조강; 그물바탕말목; 그물바탕말과,,,,,Dictyota cyanoloma은(는) 해양생물 캐릭터와 과학 동화 소재로 사용할 수 있다.,"해양생물의 생김새, 서식지, 분포를 반영한 과학 동화 소재",국명·학명·서식지·분류체계를 활용한 관찰 질문과 퀴즈,5-7;8-10,해양생물종;Dictyota;cyanoloma;그물바탕말과,270000005382,Chromista,크로미스타계,Ochrophyta,대롱편모조식물문,Phaeophyceae,갈조강,Dictyotales,그물바탕말목,Dictyotaceae,그물바탕말과,Dictyota cyanoloma,Dictyota cyanoloma,,기타,,,,,,,,,,,정명,Dictyota cyanoloma
국립해양생물자원관_해양생물종정보 서비스,https://www.data.go.kr/data/15094770/openapi.do,,marine_life_species,Glutamicibacter bergerei,세균계; Actinomycetota; Actinomycetes; Micrococcales; Micrococcaceae,,,,,Glutamicibacter bergerei은(는) 해양생물 캐릭터와 과학 동화 소재로 사용할 수 있다.,"해양생물의 생김새, 서식지, 분포를 반영한 과학 동화 소재",국명·학명·서식지·분류체계를 활용한 관찰 질문과 퀴즈,5-7;8-10,해양생물종;Glutamicibacter;bergerei;Micrococcaceae,270000020458,Bacteria,세균계,Actinomycetota,,Actinomycetes,,Micrococcales,,Micrococcaceae,,"Glutamicibacter bergerei (Irlinger et al.) Busse, 2016",Glutamicibacter bergerei,,기타,,,,,,,,,,,정명,"Glutamicibacter bergerei (Irlinger et al.) Busse, 2016"
국립해양생물자원관_해양생물종정보 서비스,https://www.data.go.kr/data/15094770/openapi.do,,marine_life_species,Trichocoleus sanctaecrucis,세균계; Cyanobacteria; Cyanophyceae; Synechococcales; Leptolyngbyaceae,,,,,Trichocoleus sanctaecrucis은(는) 해양생물 캐릭터와 과학 동화 소재로 사용할 수 있다.,"해양생물의 생김새, 서식지, 분포를 반영한 과학 동화 소재",국명·학명·서식지·분류체계를 활용한 관찰 질문과 퀴즈,5-7;8-10,해양생물종;Trichocoleus;sanctaecrucis;Leptolyngbyaceae,270000025688,Bacteria,세균계,Cyanobacteria,,Cyanophyceae,,Synechococcales,,Leptolyngbyaceae,,"Trichocoleus sanctaecrucis (Frémy) Anagnostidis, 2001",Trichocoleus sanctaecrucis,,기타,,,,,,,,,,,정명,"Trichocoleus sanctaecrucis (Frémy) Anagnostidis, 2001"
국립해양생물자원관_해양생물종정보 서비스,https://www.data.go.kr/data/15094770/openapi.do,,marine_life_species,Nostoc commune,세균계; Cyanobacteria; Cyanophyceae; Nostocales; Rivulariaceae,,,,,Nostoc commune은(는) 해양생물 캐릭터와 과학 동화 소재로 사용할 수 있다.,"해양생물의 생김새, 서식지, 분포를 반영한 과학 동화 소재",국명·학명·서식지·분류체계를 활용한 관찰 질문과 퀴즈,5-7;8-10,해양생물종;Nostoc;commune;Rivulariaceae,270000023673,Bacteria,세균계,Cyanobacteria,,Cyanophyceae,,Nostocales,,Rivulariaceae,,"Nostoc commune Vaucher ex Bornet & Flahault, 1888",Nostoc commune,,기타,,,,,,,,,,,정명,"Nostoc commune Vaucher ex Bornet & Flahault, 1888"
국립해양생물자원관_해양생물종정보 서비스,https://www.data.go.kr/data/15094770/openapi.do,,marine_life_species,Dictyosiphon chordaria,크로미스타계; 대롱편모조식물문; 갈조강; 솜털목; 민가지말과,,,,,Dictyosiphon chordaria은(는) 해양생물 캐릭터와 과학 동화 소재로 사용할 수 있다.,"해양생물의 생김새, 서식지, 분포를 반영한 과학 동화 소재",국명·학명·서식지·분류체계를 활용한 관찰 질문과 퀴즈,5-7;8-10,해양생물종;Dictyosiphon;chordaria;민가지말과,270000021978,Chromista,크로미스타계,Ochrophyta,대롱편모조식물문,Phaeophyceae,갈조강,Ectocarpales,솜털목,Chordariaceae,민가지말과,"Dictyosiphon chordaria Areschoug, 1847",Dictyosiphon chordaria,,기타,,,,,,,,,,,정명,"Dictyosiphon chordaria Areschoug, 1847"
국립해양생물자원관_해양생물종정보 서비스,https://www.data.go.kr/data/15094770/openapi.do,,marine_life_species,Nocardia flavorosea,세균계; Actinomycetota; Actinomycetes; Mycobacteriales; Nocardiaceae,,,,,Nocardia flavorosea은(는) 해양생물 캐릭터와 과학 동화 소재로 사용할 수 있다.,"해양생물의 생김새, 서식지, 분포를 반영한 과학 동화 소재",국명·학명·서식지·분류체계를 활용한 관찰 질문과 퀴즈,5-7;8-10,해양생물종;Nocardia;flavorosea;Nocardiaceae,270000011774,Bacteria,세균계,Actinomycetota,,Actinomycetes,,Mycobacteriales,,Nocardiaceae,,Nocardia flavorosea,Nocardia flavorosea,,기타,,,,,,,,,,,정명,Nocardia flavorosea
국립해양생물자원관_해양생물종정보 서비스,https://www.data.go.kr/data/15094770/openapi.do,,marine_life_species,Arthrobacter globiformis,세균계; Actinomycetota; Actinomycetes; Micrococcales; Micrococcaceae,,,,,Arthrobacter globiformis은(는) 해양생물 캐릭터와 과학 동화 소재로 사용할 수 있다.,"해양생물의 생김새, 서식지, 분포를 반영한 과학 동화 소재",국명·학명·서식지·분류체계를 활용한 관찰 질문과 퀴즈,5-7;8-10,해양생물종;Arthrobacter;globiformis;Micrococcaceae,270000020466,Bacteria,세균계,Actinomycetota,,Actinomycetes,,Micrococcales,,Micrococcaceae,,"Arthrobacter globiformis (Conn) Conn & Dimmick, 1947",Arthrobacter globiformis,,기타,,,,,,,,,,,정명,"Arthrobacter globiformis (Conn) Conn & Dimmick, 1947"
국립해양생물자원관_해양생물종정보 서비스,https://www.data.go.kr/data/15094770/openapi.do,,marine_life_species,Laminaria ochroleuca,크로미스타계; 대롱편모조식물문; 갈조강; 다시마목; 다시마과,,,,,Laminaria ochroleuca은(는) 해양생물 캐릭터와 과학 동화 소재로 사용할 수 있다.,"해양생물의 생김새, 서식지, 분포를 반영한 과학 동화 소재",국명·학명·서식지·분류체계를 활용한 관찰 질문과 퀴즈,5-7;8-10,해양생물종;Laminaria;ochroleuca;다시마과,270000009231,Chromista,크로미스타계,Ochrophyta,대롱편모조식물문,Phaeophyceae,갈조강,Laminariales,다시마목,Laminariaceae,다시마과,"Laminaria ochroleuca Bachelot de la Pylaie, 1824",Laminaria ochroleuca,,기타,,,,,,,,,,,정명,"Laminaria ochroleuca Bachelot de la Pylaie, 1824"
국립해양생물자원관_해양생물종정보 서비스,https://www.data.go.kr/data/15094770/openapi.do,,marine_life_species,Laspinema thermale,세균계; Cyanobacteria; Cyanophyceae; Oscillatoriales; Microcoleaceae,,,,,Laspinema thermale은(는) 해양생물 캐릭터와 과학 동화 소재로 사용할 수 있다.,"해양생물의 생김새, 서식지, 분포를 반영한 과학 동화 소재",국명·학명·서식지·분류체계를 활용한 관찰 질문과 퀴즈,5-7;8-10,해양생물종;Laspinema;thermale;Microcoleaceae,270000026176,Bacteria,세균계,Cyanobacteria,,Cyanophyceae,,Oscillatoriales,,Microcoleaceae,,"Laspinema thermale Heidari & Hauer, 2018",Laspinema thermale,,기타,,,,,,,,,,,정명,"Laspinema thermale Heidari & Hauer, 2018"
국립해양생물자원관_해양생물종정보 서비스,https://www.data.go.kr/data/15094770/openapi.do,,marine_life_species,Dolichospermum sigmoideum,세균계; Cyanobacteria; Cyanophyceae; Nostocales; Aphanizomenonaceae,,,,,Dolichospermum sigmoideum은(는) 해양생물 캐릭터와 과학 동화 소재로 사용할 수 있다.,"해양생물의 생김새, 서식지, 분포를 반영한 과학 동화 소재",국명·학명·서식지·분류체계를 활용한 관찰 질문과 퀴즈,5-7;8-10,해양생물종;Dolichospermum;sigmoideum;Aphanizomenonaceae,270000005662,Bacteria,세균계,Cyanobacteria,,Cyanophyceae,,Nostocales,,Aphanizomenonaceae,,Dolichospermum sigmoideum,Dolichospermum sigmoideum,,기타,,,,,,,,,,,정명,Dolichospermum sigmoideum
국립해양생물자원관_해양생물종정보 서비스,https://www.data.go.kr/data/15094770/openapi.do,,marine_life_species,Planktothricoides raciborskii,세균계; Cyanobacteria; Cyanophyceae; Oscillatoriales; Microcoleaceae,,,,,Planktothricoides raciborskii은(는) 해양생물 캐릭터와 과학 동화 소재로 사용할 수 있다.,"해양생물의 생김새, 서식지, 분포를 반영한 과학 동화 소재",국명·학명·서식지·분류체계를 활용한 관찰 질문과 퀴즈,5-7;8-10,해양생물종;Planktothricoides;raciborskii;Microcoleaceae,270000026181,Bacteria,세균계,Cyanobacteria,,Cyanophyceae,,Oscillatoriales,,Microcoleaceae,,"Planktothricoides raciborskii (Woloszynska) Suda & Watanabe, 2002",Planktothricoides raciborskii,,기타,,,,,,,,,,,정명,"Planktothricoides raciborskii (Woloszynska) Suda & Watanabe, 2002"
국립해양생물자원관_해양생물종정보 서비스,https://www.data.go.kr/data/15094770/openapi.do,,marine_life_species,Fucus distichus,크로미스타계; 대롱편모조식물문; 갈조강; 말목; 말과,,,,,Fucus distichus은(는) 해양생물 캐릭터와 과학 동화 소재로 사용할 수 있다.,"해양생물의 생김새, 서식지, 분포를 반영한 과학 동화 소재",국명·학명·서식지·분류체계를 활용한 관찰 질문과 퀴즈,5-7;8-10,해양생물종;Fucus;distichus;말과,270000029463,Chromista,크로미스타계,Ochrophyta,대롱편모조식물문,Phaeophyceae,갈조강,Fucales,말목,Fucaceae,말과,"Fucus distichus Linnaeus, 1767",Fucus distichus,,기타,,,,,,,,,,,정명,"Fucus distichus Linnaeus, 1767"
국립해양생물자원관_해양생물종정보 서비스,https://www.data.go.kr/data/15094770/openapi.do,,marine_life_species,Microbacterium proteolyticum,세균계; Actinomycetota; Actinomycetes; Micrococcales; Microbacteriaceae,,,,,Microbacterium proteolyticum은(는) 해양생물 캐릭터와 과학 동화 소재로 사용할 수 있다.,"해양생물의 생김새, 서식지, 분포를 반영한 과학 동화 소재",국명·학명·서식지·분류체계를 활용한 관찰 질문과 퀴즈,5-7;8-10,해양생물종;Microbacterium;proteolyticum;Microbacteriaceae,270000010738,Bacteria,세균계,Actinomycetota,,Actinomycetes,,Micrococcales,,Microbacteriaceae,,Microbacterium proteolyticum,Microbacterium proteolyticum,,기타,,,,,,,,,,,정명,Microbacterium proteolyticum
국립해양생물자원관_해양생물종정보 서비스,https://www.data.go.kr/data/15094770/openapi.do,,marine_life_species,Agrococcus carbonis,세균계; Actinomycetota; Actinomycetes; Micrococcales; Microbacteriaceae,,,,,Agrococcus carbonis은(는) 해양생물 캐릭터와 과학 동화 소재로 사용할 수 있다.,"해양생물의 생김새, 서식지, 분포를 반영한 과학 동화 소재",국명·학명·서식지·분류체계를 활용한 관찰 질문과 퀴즈,5-7;8-10,해양생물종;Agrococcus;carbonis;Microbacteriaceae,270000020123,Bacteria,세균계,Actinomycetota,,Actinomycetes,,Micrococcales,,Microbacteriaceae,,"Agrococcus carbonis Dhanjal et al., 2011",Agrococcus carbonis,,기타,,,,,,,,,,,정명,"Agrococcus carbonis Dhanjal et al., 2011"
국립해양생물자원관_해양생물종정보 서비스,https://www.data.go.kr/data/15094770/openapi.do,,marine_life_species,Tsukamurella tyrosinosolvens,세균계; Actinomycetota; Actinomycetes; Mycobacteriales; Tsukamurellaceae,,,,,Tsukamurella tyrosinosolvens은(는) 해양생물 캐릭터와 과학 동화 소재로 사용할 수 있다.,"해양생물의 생김새, 서식지, 분포를 반영한 과학 동화 소재",국명·학명·서식지·분류체계를 활용한 관찰 질문과 퀴즈,5-7;8-10,해양생물종;Tsukamurella;tyrosinosolvens;Tsukamurellaceae,270000025727,Bacteria,세균계,Actinomycetota,,Actinomycetes,,Mycobacteriales,,Tsukamurellaceae,,"Tsukamurella tyrosinosolvens Yassin et al., 1997",Tsukamurella tyrosinosolvens,,기타,,,,,,,,,,,정명,"Tsukamurella tyrosinosolvens Yassin et al., 1997"
국립해양생물자원관_해양생물종정보 서비스,https://www.data.go.kr/data/15094770/openapi.do,,marine_life_species,Mycobacterium psychrotolerans,세균계; Actinomycetota; Actinomycetes; Mycobacteriales; Mycobacteriaceae,,,,,Mycobacterium psychrotolerans은(는) 해양생물 캐릭터와 과학 동화 소재로 사용할 수 있다.,"해양생물의 생김새, 서식지, 분포를 반영한 과학 동화 소재",국명·학명·서식지·분류체계를 활용한 관찰 질문과 퀴즈,5-7;8-10,해양생물종;Mycobacterium;psychrotolerans;Mycobacteriaceae,270000028962,Bacteria,세균계,Actinomycetota,,Actinomycetes,,Mycobacteriales,,Mycobacteriaceae,,"Mycobacterium psychrotolerans Trujillo et al., 2004",Mycobacterium psychrotolerans,,기타,,,,,,,,,,,정명,"Mycobacterium psychrotolerans Trujillo et al., 2004"
국립해양생물자원관_해양생물종정보 서비스,https://www.data.go.kr/data/15094770/openapi.do,,marine_life_species,Scytonema arcangelii,세균계; Cyanobacteria; Cyanophyceae; Nostocales; Scytonemataceae,,,,,Scytonema arcangelii은(는) 해양생물 캐릭터와 과학 동화 소재로 사용할 수 있다.,"해양생물의 생김새, 서식지, 분포를 반영한 과학 동화 소재",국명·학명·서식지·분류체계를 활용한 관찰 질문과 퀴즈,5-7;8-10,해양생물종;Scytonema;arcangelii;Scytonemataceae,270000026217,Bacteria,세균계,Cyanobacteria,,Cyanophyceae,,Nostocales,,Scytonemataceae,,"Scytonema arcangelii Bornet & Flahault, 1886",Scytonema arcangelii,,기타,,,,,,,,,,,정명,"Scytonema arcangelii Bornet & Flahault, 1886"
국립해양생물자원관_해양생물종정보 서비스,https://www.data.go.kr/data/15094770/openapi.do,,marine_life_species,Lobophora pachyventera,크로미스타계; 대롱편모조식물문; 갈조강; 그물바탕말목; 그물바탕말과,,,,,Lobophora pachyventera은(는) 해양생물 캐릭터와 과학 동화 소재로 사용할 수 있다.,"해양생물의 생김새, 서식지, 분포를 반영한 과학 동화 소재",국명·학명·서식지·분류체계를 활용한 관찰 질문과 퀴즈,5-7;8-10,해양생물종;Lobophora;pachyventera;그물바탕말과,270000029404,Chromista,크로미스타계,Ochrophyta,대롱편모조식물문,Phaeophyceae,갈조강,Dictyotales,그물바탕말목,Dictyotaceae,그물바탕말과,"Lobophora pachyventera Z.Sun, P.-E.Lim, Ji.Tanaka & H.Kawai, 2012",Lobophora pachyventera,,기타,,,,,,,,,,,정명,"Lobophora pachyventera Z.Sun, P.-E.Lim, Ji.Tanaka & H.Kawai, 2012"
국립해양생물자원관_해양생물종정보 서비스,https://www.data.go.kr/data/15094770/openapi.do,,marine_life_species,Mycobacterium fortuitum,세균계; Actinomycetota; Actinomycetes; Mycobacteriales; Mycobacteriaceae,,,,,Mycobacterium fortuitum은(는) 해양생물 캐릭터와 과학 동화 소재로 사용할 수 있다.,"해양생물의 생김새, 서식지, 분포를 반영한 과학 동화 소재",국명·학명·서식지·분류체계를 활용한 관찰 질문과 퀴즈,5-7;8-10,해양생물종;Mycobacterium;fortuitum;Mycobacteriaceae,270000023478,Bacteria,세균계,Actinomycetota,,Actinomycetes,,Mycobacteriales,,Mycobacteriaceae,,"Mycobacterium fortuitum da Costa Cruz, 1938",Mycobacterium fortuitum,,기타,,,,,,,,,,,정명,"Mycobacterium fortuitum da Costa Cruz, 1938"
국립해양생물자원관_해양생물종정보 서비스,https://www.data.go.kr/data/15094770/openapi.do,,marine_life_species,Rhodococcus baikonurensis,세균계; Actinomycetota; Actinomycetes; Mycobacteriales; Nocardiaceae,,,,,Rhodococcus baikonurensis은(는) 해양생물 캐릭터와 과학 동화 소재로 사용할 수 있다.,"해양생물의 생김새, 서식지, 분포를 반영한 과학 동화 소재",국명·학명·서식지·분류체계를 활용한 관찰 질문과 퀴즈,5-7;8-10,해양생물종;Rhodococcus;baikonurensis;Nocardiaceae,270000024818,Bacteria,세균계,Actinomycetota,,Actinomycetes,,Mycobacteriales,,Nocardiaceae,,"Rhodococcus baikonurensis Li et al., 2004",Rhodococcus baikonurensis,,기타,,,,,,,,,,,이명,"Rhodococcus erythropolis (Gray & Thornton) Goodfellow & Alderson, 1977"
국립해양생물자원관_해양생물종정보 서비스,https://www.data.go.kr/data/15094770/openapi.do,,marine_life_species,Sargassum acinarium,크로미스타계; 대롱편모조식물문; 갈조강; 말목; 모자반과,,,,,Sargassum acinarium은(는) 해양생물 캐릭터와 과학 동화 소재로 사용할 수 있다.,"해양생물의 생김새, 서식지, 분포를 반영한 과학 동화 소재",국명·학명·서식지·분류체계를 활용한 관찰 질문과 퀴즈,5-7;8-10,해양생물종;Sargassum;acinarium;모자반과,270000015972,Chromista,크로미스타계,Ochrophyta,대롱편모조식물문,Phaeophyceae,갈조강,Fucales,말목,Sargassaceae,모자반과,Sargassum acinarium,Sargassum acinarium,,기타,,,,,,,,,,,정명,Sargassum acinarium
국립해양생물자원관_해양생물종정보 서비스,https://www.data.go.kr/data/15094770/openapi.do,,marine_life_species,Microbacterium terrae,세균계; Actinomycetota; Actinomycetes; Micrococcales; Microbacteriaceae,,,,,Microbacterium terrae은(는) 해양생물 캐릭터와 과학 동화 소재로 사용할 수 있다.,"해양생물의 생김새, 서식지, 분포를 반영한 과학 동화 소재",국명·학명·서식지·분류체계를 활용한 관찰 질문과 퀴즈,5-7;8-10,해양생물종;Microbacterium;terrae;Microbacteriaceae,270000028793,Bacteria,세균계,Actinomycetota,,Actinomycetes,,Micrococcales,,Microbacteriaceae,,"Microbacterium terrae (Yokota et al., 1993) Takeuchi & Hatano, 1998",Microbacterium terrae,,기타,,,,,,,,,,,정명,"Microbacterium terrae (Yokota et al., 1993) Takeuchi & Hatano, 1998"
국립해양생물자원관_해양생물종정보 서비스,https://www.data.go.kr/data/15094770/openapi.do,,marine_life_species,Kuetzingiella battersii,크로미스타계; 대롱편모조식물문; 갈조강; 솜털목; 민가지말과,,,,,Kuetzingiella battersii은(는) 해양생물 캐릭터와 과학 동화 소재로 사용할 수 있다.,"해양생물의 생김새, 서식지, 분포를 반영한 과학 동화 소재",국명·학명·서식지·분류체계를 활용한 관찰 질문과 퀴즈,5-7;8-10,해양생물종;Kuetzingiella;battersii;민가지말과,270000009052,Chromista,크로미스타계,Ochrophyta,대롱편모조식물문,Phaeophyceae,갈조강,Ectocarpales,솜털목,Chordariaceae,민가지말과,Kuetzingiella battersii,Kuetzingiella battersii,,기타,,,,,,,,,,,정명,Kuetzingiella battersii
국립해양생물자원관_해양생물종정보 서비스,https://www.data.go.kr/data/15094770/openapi.do,,marine_life_species,Corynebacterium glyciniphilum,세균계; Actinomycetota; Actinomycetes; Mycobacteriales; Corynebacteriaceae,,,,,Corynebacterium glyciniphilum은(는) 해양생물 캐릭터와 과학 동화 소재로 사용할 수 있다.,"해양생물의 생김새, 서식지, 분포를 반영한 과학 동화 소재",국명·학명·서식지·분류체계를 활용한 관찰 질문과 퀴즈,5-7;8-10,해양생물종;Corynebacterium;glyciniphilum;Corynebacteriaceae,270000026790,Bacteria,세균계,Actinomycetota,,Actinomycetes,,Mycobacteriales,,Corynebacteriaceae,,Corynebacterium glyciniphilum,Corynebacterium glyciniphilum,,기타,,,,,,,,,,,정명,Corynebacterium glyciniphilum
국립해양생물자원관_해양생물종정보 서비스,https://www.data.go.kr/data/15094770/openapi.do,,marine_life_species,Lobophora canariensis,크로미스타계; 대롱편모조식물문; 갈조강; 그물바탕말목; 그물바탕말과,,,,,Lobophora canariensis은(는) 해양생물 캐릭터와 과학 동화 소재로 사용할 수 있다.,"해양생물의 생김새, 서식지, 분포를 반영한 과학 동화 소재",국명·학명·서식지·분류체계를 활용한 관찰 질문과 퀴즈,5-7;8-10,해양생물종;Lobophora;canariensis;그물바탕말과,270000009841,Chromista,크로미스타계,Ochrophyta,대롱편모조식물문,Phaeophyceae,갈조강,Dictyotales,그물바탕말목,Dictyotaceae,그물바탕말과,Lobophora canariensis,Lobophora canariensis,,기타,,,,,,,,,,,정명,Lobophora canariensis
국립해양생물자원관_해양생물종정보 서비스,https://www.data.go.kr/data/15094770/openapi.do,,marine_life_species,Laminaria yezoensis,크로미스타계; 대롱편모조식물문; 갈조강; 다시마목; 다시마과,,,,,Laminaria yezoensis은(는) 해양생물 캐릭터와 과학 동화 소재로 사용할 수 있다.,"해양생물의 생김새, 서식지, 분포를 반영한 과학 동화 소재",국명·학명·서식지·분류체계를 활용한 관찰 질문과 퀴즈,5-7;8-10,해양생물종;Laminaria;yezoensis;다시마과,270000009234,Chromista,크로미스타계,Ochrophyta,대롱편모조식물문,Phaeophyceae,갈조강,Laminariales,다시마목,Laminariaceae,다시마과,"Laminaria yezoensis Miyabe, 1902",Laminaria yezoensis,,기타,,,,,,,,,,,정명,"Laminaria yezoensis Miyabe, 1902"
국립해양생물자원관_해양생물종정보 서비스,https://www.data.go.kr/data/15094770/openapi.do,,marine_life_species,Canistrocarpus crispatus,크로미스타계; 대롱편모조식물문; 갈조강; 그물바탕말목; 그물바탕말과,,,,,Canistrocarpus crispatus은(는) 해양생물 캐릭터와 과학 동화 소재로 사용할 수 있다.,"해양생물의 생김새, 서식지, 분포를 반영한 과학 동화 소재",국명·학명·서식지·분류체계를 활용한 관찰 질문과 퀴즈,5-7;8-10,해양생물종;Canistrocarpus;crispatus;그물바탕말과,270000002960,Chromista,크로미스타계,Ochrophyta,대롱편모조식물문,Phaeophyceae,갈조강,Dictyotales,그물바탕말목,Dictyotaceae,그물바탕말과,Canistrocarpus crispatus,Canistrocarpus crispatus,,기타,,,,,,,,,,,정명,Canistrocarpus crispatus
국립해양생물자원관_해양생물종정보 서비스,https://www.data.go.kr/data/15094770/openapi.do,,marine_life_species,Neomicrococcus aestuarii,세균계; Actinomycetota; Actinomycetes; Micrococcales; Micrococcaceae,,,,,Neomicrococcus aestuarii은(는) 해양생물 캐릭터와 과학 동화 소재로 사용할 수 있다.,"해양생물의 생김새, 서식지, 분포를 반영한 과학 동화 소재",국명·학명·서식지·분류체계를 활용한 관찰 질문과 퀴즈,5-7;8-10,해양생물종;Neomicrococcus;aestuarii;Micrococcaceae,270000026001,Bacteria,세균계,Actinomycetota,,Actinomycetes,,Micrococcales,,Micrococcaceae,,"Neomicrococcus aestuarii (Baik et al.) Prakash et al., 2015",Neomicrococcus aestuarii,,기타,,,,,,,,,,,정명,"Neomicrococcus aestuarii (Baik et al.) Prakash et al., 2015"
국립해양생물자원관_해양생물종정보 서비스,https://www.data.go.kr/data/15094770/openapi.do,,marine_life_species,Micromonospora eburnea,세균계; Actinomycetota; Actinomycetes; Micromonosporales; Micromonosporaceae,,,,,Micromonospora eburnea은(는) 해양생물 캐릭터와 과학 동화 소재로 사용할 수 있다.,"해양생물의 생김새, 서식지, 분포를 반영한 과학 동화 소재",국명·학명·서식지·분류체계를 활용한 관찰 질문과 퀴즈,5-7;8-10,해양생물종;Micromonospora;eburnea;Micromonosporaceae,270000010809,Bacteria,세균계,Actinomycetota,,Actinomycetes,,Micromonosporales,,Micromonosporaceae,,Micromonospora eburnea,Micromonospora eburnea,,기타,,,,,,,,,,,정명,Micromonospora eburnea
국립해양생물자원관_해양생물종정보 서비스,https://www.data.go.kr/data/15094770/openapi.do,,marine_life_species,Arthrobacter methylotrophus,세균계; Actinomycetota; Actinomycetes; Micrococcales; Micrococcaceae,,,,,Arthrobacter methylotrophus은(는) 해양생물 캐릭터와 과학 동화 소재로 사용할 수 있다.,"해양생물의 생김새, 서식지, 분포를 반영한 과학 동화 소재",국명·학명·서식지·분류체계를 활용한 관찰 질문과 퀴즈,5-7;8-10,해양생물종;Arthrobacter;methylotrophus;Micrococcaceae,270000020470,Bacteria,세균계,Actinomycetota,,Actinomycetes,,Micrococcales,,Micrococcaceae,,"Arthrobacter methylotrophus Borodina et al., 2002",Arthrobacter methylotrophus,,기타,,,,,,,,,,,정명,"Arthrobacter methylotrophus Borodina et al., 2002"
국립해양생물자원관_해양생물종정보 서비스,https://www.data.go.kr/data/15094770/openapi.do,,marine_life_species,Leifsonia rubra,세균계; Actinomycetota; Actinomycetes; Micrococcales; Microbacteriaceae,,,,,Leifsonia rubra은(는) 해양생물 캐릭터와 과학 동화 소재로 사용할 수 있다.,"해양생물의 생김새, 서식지, 분포를 반영한 과학 동화 소재",국명·학명·서식지·분류체계를 활용한 관찰 질문과 퀴즈,5-7;8-10,해양생물종;Leifsonia;rubra;Microbacteriaceae,270000022845,Bacteria,세균계,Actinomycetota,,Actinomycetes,,Micrococcales,,Microbacteriaceae,,"Leifsonia rubra Reddy et al., 2003",Leifsonia rubra,,기타,,,,,,,,,,,정명,"Leifsonia rubra Reddy et al., 2003"
국립해양생물자원관_해양생물종정보 서비스,https://www.data.go.kr/data/15094770/openapi.do,,marine_life_species,Anabaena torulosa,세균계; Cyanobacteria; Cyanophyceae; Nostocales; Nostocaceae,,,,,Anabaena torulosa은(는) 해양생물 캐릭터와 과학 동화 소재로 사용할 수 있다.,"해양생물의 생김새, 서식지, 분포를 반영한 과학 동화 소재",국명·학명·서식지·분류체계를 활용한 관찰 질문과 퀴즈,5-7;8-10,해양생물종;Anabaena;torulosa;Nostocaceae,270000020311,Bacteria,세균계,Cyanobacteria,,Cyanophyceae,,Nostocales,,Nostocaceae,,"Anabaena torulosa Lagerheim ex Bornet & Flahault, 1886",Anabaena torulosa,,기타,,,,,,,,,,,정명,"Anabaena torulosa Lagerheim ex Bornet & Flahault, 1886"
국립해양생물자원관_해양생물종정보 서비스,https://www.data.go.kr/data/15094770/openapi.do,,marine_life_species,Microbacterium keratanolyticum,세균계; Actinomycetota; Actinomycetes; Micrococcales; Microbacteriaceae,,,,,Microbacterium keratanolyticum은(는) 해양생물 캐릭터와 과학 동화 소재로 사용할 수 있다.,"해양생물의 생김새, 서식지, 분포를 반영한 과학 동화 소재",국명·학명·서식지·분류체계를 활용한 관찰 질문과 퀴즈,5-7;8-10,해양생물종;Microbacterium;keratanolyticum;Microbacteriaceae,270000023314,Bacteria,세균계,Actinomycetota,,Actinomycetes,,Micrococcales,,Microbacteriaceae,,"Microbacterium keratanolyticum (Yokota et al.) Takeuchi & Hatano, 1998",Microbacterium keratanolyticum,,기타,,,,,,,,,,,정명,"Microbacterium keratanolyticum (Yokota et al.) Takeuchi & Hatano, 1998"
국립해양생물자원관_해양생물종정보 서비스,https://www.data.go.kr/data/15094770/openapi.do,,marine_life_species,Rothia terrae,세균계; Actinomycetota; Actinomycetes; Micrococcales; Micrococcaceae,,,,,Rothia terrae은(는) 해양생물 캐릭터와 과학 동화 소재로 사용할 수 있다.,"해양생물의 생김새, 서식지, 분포를 반영한 과학 동화 소재",국명·학명·서식지·분류체계를 활용한 관찰 질문과 퀴즈,5-7;8-10,해양생물종;Rothia;terrae;Micrococcaceae,270000029255,Bacteria,세균계,Actinomycetota,,Actinomycetes,,Micrococcales,,Micrococcaceae,,"Rothia terrae Chou et al., 2008",Rothia terrae,,기타,,,,,,,,,,,정명,"Rothia terrae Chou et al., 2008"
국립해양생물자원관_해양생물종정보 서비스,https://www.data.go.kr/data/15094770/openapi.do,,marine_life_species,Iyengaria stellata,크로미스타계; 대롱편모조식물문; 갈조강; 솜털목; 고리매과,,,,,Iyengaria stellata은(는) 해양생물 캐릭터와 과학 동화 소재로 사용할 수 있다.,"해양생물의 생김새, 서식지, 분포를 반영한 과학 동화 소재",국명·학명·서식지·분류체계를 활용한 관찰 질문과 퀴즈,5-7;8-10,해양생물종;Iyengaria;stellata;고리매과,270000008834,Chromista,크로미스타계,Ochrophyta,대롱편모조식물문,Phaeophyceae,갈조강,Ectocarpales,솜털목,Scytosiphonaceae,고리매과,Iyengaria stellata,Iyengaria stellata,,기타,,,,,,,,,,,정명,Iyengaria stellata
국립해양생물자원관_해양생물종정보 서비스,https://www.data.go.kr/data/15094770/openapi.do,,marine_life_species,Fucus serratus,크로미스타계; 대롱편모조식물문; 갈조강; 말목; 말과,,,,,Fucus serratus은(는) 해양생물 캐릭터와 과학 동화 소재로 사용할 수 있다.,"해양생물의 생김새, 서식지, 분포를 반영한 과학 동화 소재",국명·학명·서식지·분류체계를 활용한 관찰 질문과 퀴즈,5-7;8-10,해양생물종;Fucus;serratus;말과,270000006848,Chromista,크로미스타계,Ochrophyta,대롱편모조식물문,Phaeophyceae,갈조강,Fucales,말목,Fucaceae,말과,Fucus serratus,Fucus serratus,,기타,,,,,,,,,,,정명,Fucus serratus
국립해양생물자원관_해양생물종정보 서비스,https://www.data.go.kr/data/15094770/openapi.do,,marine_life_species,Paenarthrobacter nitroguajacolicus,세균계; Actinomycetota; Actinomycetes; Micrococcales; Micrococcaceae,,,,,Paenarthrobacter nitroguajacolicus은(는) 해양생물 캐릭터와 과학 동화 소재로 사용할 수 있다.,"해양생물의 생김새, 서식지, 분포를 반영한 과학 동화 소재",국명·학명·서식지·분류체계를 활용한 관찰 질문과 퀴즈,5-7;8-10,해양생물종;Paenarthrobacter;nitroguajacolicus;Micrococcaceae,270000027986,Bacteria,세균계,Actinomycetota,,Actinomycetes,,Micrococcales,,Micrococcaceae,,"Paenarthrobacter nitroguajacolicus (Kotoučková et al., 2004) Busse 2016",Paenarthrobacter nitroguajacolicus,,기타,,,,,,,,,,,정명,"Paenarthrobacter nitroguajacolicus (Kotoučková et al., 2004) Busse 2016"
국립해양생물자원관_해양생물종정보 서비스,https://www.data.go.kr/data/15094770/openapi.do,,marine_life_species,Dictyopteris delicatula,크로미스타계; 대롱편모조식물문; 갈조강; 그물바탕말목; 그물바탕말과,,,,,Dictyopteris delicatula은(는) 해양생물 캐릭터와 과학 동화 소재로 사용할 수 있다.,"해양생물의 생김새, 서식지, 분포를 반영한 과학 동화 소재",국명·학명·서식지·분류체계를 활용한 관찰 질문과 퀴즈,5-7;8-10,해양생물종;Dictyopteris;delicatula;그물바탕말과,270000005358,Chromista,크로미스타계,Ochrophyta,대롱편모조식물문,Phaeophyceae,갈조강,Dictyotales,그물바탕말목,Dictyotaceae,그물바탕말과,Dictyopteris delicatula,Dictyopteris delicatula,,기타,,,,,,,,,,,정명,Dictyopteris delicatula
국립해양생물자원관_해양생물종정보 서비스,https://www.data.go.kr/data/15094770/openapi.do,,marine_life_species,Lyngbya pellucida,세균계; Cyanobacteria; Cyanophyceae; Oscillatoriales; Oscillatoriaceae,,,,,Lyngbya pellucida은(는) 해양생물 캐릭터와 과학 동화 소재로 사용할 수 있다.,"해양생물의 생김새, 서식지, 분포를 반영한 과학 동화 소재",국명·학명·서식지·분류체계를 활용한 관찰 질문과 퀴즈,5-7;8-10,해양생물종;Lyngbya;pellucida;Oscillatoriaceae,270000023049,Bacteria,세균계,Cyanobacteria,,Cyanophyceae,,Oscillatoriales,,Oscillatoriaceae,,"Lyngbya pellucida Umezaki, 1955",Lyngbya pellucida,,기타,,,,,,,,,,,정명,"Lyngbya pellucida Umezaki, 1955"
국립해양생물자원관_해양생물종정보 서비스,https://www.data.go.kr/data/15094770/openapi.do,,marine_life_species,Arthrobacter alpinus,세균계; Actinomycetota; Actinomycetes; Micrococcales; Micrococcaceae,,,,,Arthrobacter alpinus은(는) 해양생물 캐릭터와 과학 동화 소재로 사용할 수 있다.,"해양생물의 생김새, 서식지, 분포를 반영한 과학 동화 소재",국명·학명·서식지·분류체계를 활용한 관찰 질문과 퀴즈,5-7;8-10,해양생물종;Arthrobacter;alpinus;Micrococcaceae,270000027926,Bacteria,세균계,Actinomycetota,,Actinomycetes,,Micrococcales,,Micrococcaceae,,"Arthrobacter alpinus Zhang et al., 2010",Arthrobacter alpinus,,기타,,,,,,,,,,,정명,"Arthrobacter alpinus Zhang et al., 2010"
국립해양생물자원관_해양생물종정보 서비스,https://www.data.go.kr/data/15094770/openapi.do,,marine_life_species,Oscillatoria nigra,세균계; Cyanobacteria; Cyanophyceae; Oscillatoriales; Oscillatoriaceae,,,,,Oscillatoria nigra은(는) 해양생물 캐릭터와 과학 동화 소재로 사용할 수 있다.,"해양생물의 생김새, 서식지, 분포를 반영한 과학 동화 소재",국명·학명·서식지·분류체계를 활용한 관찰 질문과 퀴즈,5-7;8-10,해양생물종;Oscillatoria;nigra;Oscillatoriaceae,270000023810,Bacteria,세균계,Cyanobacteria,,Cyanophyceae,,Oscillatoriales,,Oscillatoriaceae,,"Oscillatoria nigra Vaucher ex Gomont, 1892",Oscillatoria nigra,,기타,,,,,,,,,,,정명,"Oscillatoria nigra Vaucher ex Gomont, 1892"
국립해양생물자원관_해양생물종정보 서비스,https://www.data.go.kr/data/15094770/openapi.do,,marine_life_species,Agrococcus citreus,세균계; Actinomycetota; Actinomycetes; Micrococcales; Microbacteriaceae,,,,,Agrococcus citreus은(는) 해양생물 캐릭터와 과학 동화 소재로 사용할 수 있다.,"해양생물의 생김새, 서식지, 분포를 반영한 과학 동화 소재",국명·학명·서식지·분류체계를 활용한 관찰 질문과 퀴즈,5-7;8-10,해양생물종;Agrococcus;citreus;Microbacteriaceae,270000030503,Bacteria,세균계,Actinomycetota,,Actinomycetes,,Micrococcales,,Microbacteriaceae,,"Agrococcus citreus Wieser et al., 1999",Agrococcus citreus,,기타,,,,,,,,,,,정명,"Agrococcus citreus Wieser et al., 1999"
국립해양생물자원관_해양생물종정보 서비스,https://www.data.go.kr/data/15094770/openapi.do,,marine_life_species,Laminaria ephemera,크로미스타계; 대롱편모조식물문; 갈조강; 다시마목; 다시마과,,,,,Laminaria ephemera은(는) 해양생물 캐릭터와 과학 동화 소재로 사용할 수 있다.,"해양생물의 생김새, 서식지, 분포를 반영한 과학 동화 소재",국명·학명·서식지·분류체계를 활용한 관찰 질문과 퀴즈,5-7;8-10,해양생물종;Laminaria;ephemera;다시마과,270000009229,Chromista,크로미스타계,Ochrophyta,대롱편모조식물문,Phaeophyceae,갈조강,Laminariales,다시마목,Laminariaceae,다시마과,Laminaria ephemera,Laminaria ephemera,,기타,,,,,,,,,,,정명,Laminaria ephemera
국립해양생물자원관_해양생물종정보 서비스,https://www.data.go.kr/data/15094770/openapi.do,,marine_life_species,Tsukamurella inchonensis,세균계; Actinomycetota; Actinomycetes; Mycobacteriales; Tsukamurellaceae,,,,,Tsukamurella inchonensis은(는) 해양생물 캐릭터와 과학 동화 소재로 사용할 수 있다.,"해양생물의 생김새, 서식지, 분포를 반영한 과학 동화 소재",국명·학명·서식지·분류체계를 활용한 관찰 질문과 퀴즈,5-7;8-10,해양생물종;Tsukamurella;inchonensis;Tsukamurellaceae,270000029670,Bacteria,세균계,Actinomycetota,,Actinomycetes,,Mycobacteriales,,Tsukamurellaceae,,"Tsukamurella inchonensis Yassin et al., 1995",Tsukamurella inchonensis,,기타,,,,,,,,,,,정명,"Tsukamurella inchonensis Yassin et al., 1995"
국립해양생물자원관_해양생물종정보 서비스,https://www.data.go.kr/data/15094770/openapi.do,,marine_life_species,Agromyces allii,세균계; Actinomycetota; Actinomycetes; Micrococcales; Microbacteriaceae,,,,,Agromyces allii은(는) 해양생물 캐릭터와 과학 동화 소재로 사용할 수 있다.,"해양생물의 생김새, 서식지, 분포를 반영한 과학 동화 소재",국명·학명·서식지·분류체계를 활용한 관찰 질문과 퀴즈,5-7;8-10,해양생물종;Agromyces;allii;Microbacteriaceae,270000020128,Bacteria,세균계,Actinomycetota,,Actinomycetes,,Micrococcales,,Microbacteriaceae,,"Agromyces allii Jung et al., 2007",Agromyces allii,,기타,,,,,,,,,,,정명,"Agromyces allii Jung et al., 2007"
국립해양생물자원관_해양생물종정보 서비스,https://www.data.go.kr/data/15094770/openapi.do,,marine_life_species,Pseudarthrobacter equi,세균계; Actinomycetota; Actinomycetes; Micrococcales; Micrococcaceae,,,,,Pseudarthrobacter equi은(는) 해양생물 캐릭터와 과학 동화 소재로 사용할 수 있다.,"해양생물의 생김새, 서식지, 분포를 반영한 과학 동화 소재",국명·학명·서식지·분류체계를 활용한 관찰 질문과 퀴즈,5-7;8-10,해양생물종;Pseudarthrobacter;equi;Micrococcaceae,270000020464,Bacteria,세균계,Actinomycetota,,Actinomycetes,,Micrococcales,,Micrococcaceae,,"Pseudarthrobacter equi (Yassin et al.) Busse, 2016",Pseudarthrobacter equi,,기타,,,,,,,,,,,정명,"Pseudarthrobacter equi (Yassin et al.) Busse, 2016"
국립해양생물자원관_해양생물종정보 서비스,https://www.data.go.kr/data/15094770/openapi.do,,marine_life_species,Dietzia papillomatosis,세균계; Actinomycetota; Actinomycetes; Mycobacteriales; Dietziaceae,,,,,Dietzia papillomatosis은(는) 해양생물 캐릭터와 과학 동화 소재로 사용할 수 있다.,"해양생물의 생김새, 서식지, 분포를 반영한 과학 동화 소재",국명·학명·서식지·분류체계를 활용한 관찰 질문과 퀴즈,5-7;8-10,해양생물종;Dietzia;papillomatosis;Dietziaceae,270000027940,Bacteria,세균계,Actinomycetota,,Actinomycetes,,Mycobacteriales,,Dietziaceae,,"Dietzia papillomatosis Jones et al., 2008",Dietzia papillomatosis,,기타,,,,,,,,,,,정명,"Dietzia papillomatosis Jones et al., 2008"
국립해양생물자원관_해양생물종정보 서비스,https://www.data.go.kr/data/15094770/openapi.do,,marine_life_species,Microbacterium aurum,세균계; Actinomycetota; Actinomycetes; Micrococcales; Microbacteriaceae,,,,,Microbacterium aurum은(는) 해양생물 캐릭터와 과학 동화 소재로 사용할 수 있다.,"해양생물의 생김새, 서식지, 분포를 반영한 과학 동화 소재",국명·학명·서식지·분류체계를 활용한 관찰 질문과 퀴즈,5-7;8-10,해양생물종;Microbacterium;aurum;Microbacteriaceae,270000029884,Bacteria,세균계,Actinomycetota,,Actinomycetes,,Micrococcales,,Microbacteriaceae,,"Microbacterium aurum Yokota et al., 1993",Microbacterium aurum,,기타,,,,,,,,,,,정명,"Microbacterium aurum Yokota et al., 1993"
국립해양생물자원관_해양생물종정보 서비스,https://www.data.go.kr/data/15094770/openapi.do,,marine_life_species,Phormidium chalybeum,세균계; Cyanobacteria; Cyanophyceae; Oscillatoriales; Oscillatoriaceae,,,,,Phormidium chalybeum은(는) 해양생물 캐릭터와 과학 동화 소재로 사용할 수 있다.,"해양생물의 생김새, 서식지, 분포를 반영한 과학 동화 소재",국명·학명·서식지·분류체계를 활용한 관찰 질문과 퀴즈,5-7;8-10,해양생물종;Phormidium;chalybeum;Oscillatoriaceae,270000024177,Bacteria,세균계,Cyanobacteria,,Cyanophyceae,,Oscillatoriales,,Oscillatoriaceae,,"Phormidium chalybeum (Mertens ex Gomont) Anagnostidis & Komárek, 1988",Phormidium chalybeum,,기타,,,,,,,,,,,정명,"Phormidium chalybeum (Mertens ex Gomont) Anagnostidis & Komárek, 1988"
국립해양생물자원관_해양생물종정보 서비스,https://www.data.go.kr/data/15094770/openapi.do,,marine_life_species,Kocuria palustris,세균계; Actinomycetota; Actinomycetes; Micrococcales; Micrococcaceae,,,,,Kocuria palustris은(는) 해양생물 캐릭터와 과학 동화 소재로 사용할 수 있다.,"해양생물의 생김새, 서식지, 분포를 반영한 과학 동화 소재",국명·학명·서식지·분류체계를 활용한 관찰 질문과 퀴즈,5-7;8-10,해양생물종;Kocuria;palustris;Micrococcaceae,270000022740,Bacteria,세균계,Actinomycetota,,Actinomycetes,,Micrococcales,,Micrococcaceae,,"Kocuria palustris Kovács et al., 1999",Kocuria palustris,,기타,,,,,,,,,,,정명,"Kocuria palustris Kovács et al., 1999"
국립해양생물자원관_해양생물종정보 서비스,https://www.data.go.kr/data/15094770/openapi.do,,marine_life_species,Lyngbya martensiana,세균계; Cyanobacteria; Cyanophyceae; Oscillatoriales; Oscillatoriaceae,,,,,Lyngbya martensiana은(는) 해양생물 캐릭터와 과학 동화 소재로 사용할 수 있다.,"해양생물의 생김새, 서식지, 분포를 반영한 과학 동화 소재",국명·학명·서식지·분류체계를 활용한 관찰 질문과 퀴즈,5-7;8-10,해양생물종;Lyngbya;martensiana;Oscillatoriaceae,270000023048,Bacteria,세균계,Cyanobacteria,,Cyanophyceae,,Oscillatoriales,,Oscillatoriaceae,,"Lyngbya martensiana Meneghini ex Gomont, 1892",Lyngbya martensiana,,기타,,,,,,,,,,,정명,"Lyngbya martensiana Meneghini ex Gomont, 1892"
국립해양생물자원관_해양생물종정보 서비스,https://www.data.go.kr/data/15094770/openapi.do,,marine_life_species,Arthrobacter livingstonensis,세균계; Actinomycetota; Actinomycetes; Micrococcales; Micrococcaceae,,,,,Arthrobacter livingstonensis은(는) 해양생물 캐릭터와 과학 동화 소재로 사용할 수 있다.,"해양생물의 생김새, 서식지, 분포를 반영한 과학 동화 소재",국명·학명·서식지·분류체계를 활용한 관찰 질문과 퀴즈,5-7;8-10,해양생물종;Arthrobacter;livingstonensis;Micrococcaceae,270000027928,Bacteria,세균계,Actinomycetota,,Actinomycetes,,Micrococcales,,Micrococcaceae,,"Arthrobacter livingstonensis Ganzert et al., 2011",Arthrobacter livingstonensis,,기타,,,,,,,,,,,정명,"Arthrobacter livingstonensis Ganzert et al., 2011"
국립해양생물자원관_해양생물종정보 서비스,https://www.data.go.kr/data/15094770/openapi.do,,marine_life_species,Xylanimonas pachnodae,세균계; Actinomycetota; Actinomycetes; Micrococcales; Promicromonosporaceae,,,,,Xylanimonas pachnodae은(는) 해양생물 캐릭터와 과학 동화 소재로 사용할 수 있다.,"해양생물의 생김새, 서식지, 분포를 반영한 과학 동화 소재",국명·학명·서식지·분류체계를 활용한 관찰 질문과 퀴즈,5-7;8-10,해양생물종;Xylanimonas;pachnodae;Promicromonosporaceae,270000026792,Bacteria,세균계,Actinomycetota,,Actinomycetes,,Micrococcales,,Promicromonosporaceae,,"Xylanimonas pachnodae (Cazemier et al., 2004) Heo et al., 2020",Xylanimonas pachnodae,,기타,,,,,,,,,,,정명,"Xylanimonas pachnodae (Cazemier et al., 2004) Heo et al., 2020"
국립해양생물자원관_해양생물종정보 서비스,https://www.data.go.kr/data/15094770/openapi.do,,marine_life_species,Jiangella muralis,세균계; Actinomycetota; Actinomycetes; Actinomycetales; Jiangellaceae,,,,,Jiangella muralis은(는) 해양생물 캐릭터와 과학 동화 소재로 사용할 수 있다.,"해양생물의 생김새, 서식지, 분포를 반영한 과학 동화 소재",국명·학명·서식지·분류체계를 활용한 관찰 질문과 퀴즈,5-7;8-10,해양생물종;Jiangella;muralis;Jiangellaceae,270000008902,Bacteria,세균계,Actinomycetota,,Actinomycetes,,Actinomycetales,,Jiangellaceae,,Jiangella muralis,Jiangella muralis,,기타,,,,,,,,,,,정명,Jiangella muralis
국립해양생물자원관_해양생물종정보 서비스,https://www.data.go.kr/data/15094770/openapi.do,,marine_life_species,Nocardiopsis salina,세균계; Actinomycetota; Actinomycetes; Actinomycetales; Nocardiopsidaceae,,,,,Nocardiopsis salina은(는) 해양생물 캐릭터와 과학 동화 소재로 사용할 수 있다.,"해양생물의 생김새, 서식지, 분포를 반영한 과학 동화 소재",국명·학명·서식지·분류체계를 활용한 관찰 질문과 퀴즈,5-7;8-10,해양생물종;Nocardiopsis;salina;Nocardiopsidaceae,270000011801,Bacteria,세균계,Actinomycetota,,Actinomycetes,,Actinomycetales,,Nocardiopsidaceae,,Nocardiopsis salina,Nocardiopsis salina,,기타,,,,,,,,,,,정명,Nocardiopsis salina
국립해양생물자원관_해양생물종정보 서비스,https://www.data.go.kr/data/15094770/openapi.do,,marine_life_species,Sargassum flavicans,크로미스타계; 대롱편모조식물문; 갈조강; 말목; 모자반과,,,,,Sargassum flavicans은(는) 해양생물 캐릭터와 과학 동화 소재로 사용할 수 있다.,"해양생물의 생김새, 서식지, 분포를 반영한 과학 동화 소재",국명·학명·서식지·분류체계를 활용한 관찰 질문과 퀴즈,5-7;8-10,해양생물종;Sargassum;flavicans;모자반과,270000030558,Chromista,크로미스타계,Ochrophyta,대롱편모조식물문,Phaeophyceae,갈조강,Fucales,말목,Sargassaceae,모자반과,Sargassum flavicans (Mertens) C.Agardh 1820,Sargassum flavicans,,기타,,,,,,,,,,,정명,Sargassum flavicans (Mertens) C.Agardh 1820
국립해양생물자원관_해양생물종정보 서비스,https://www.data.go.kr/data/15094770/openapi.do,,marine_life_species,Mycobacterium hippocampi,세균계; Actinomycetota; Actinomycetes; Mycobacteriales; Mycobacteriaceae,,,,,Mycobacterium hippocampi은(는) 해양생물 캐릭터와 과학 동화 소재로 사용할 수 있다.,"해양생물의 생김새, 서식지, 분포를 반영한 과학 동화 소재",국명·학명·서식지·분류체계를 활용한 관찰 질문과 퀴즈,5-7;8-10,해양생물종;Mycobacterium;hippocampi;Mycobacteriaceae,270000023481,Bacteria,세균계,Actinomycetota,,Actinomycetes,,Mycobacteriales,,Mycobacteriaceae,,"Mycobacterium hippocampi Balcázar et al., 2014",Mycobacterium hippocampi,,기타,,,,,,,,,,,정명,"Mycobacterium hippocampi Balcázar et al., 2014"
국립해양생물자원관_해양생물종정보 서비스,https://www.data.go.kr/data/15094770/openapi.do,,marine_life_species,Glutamicibacter protophormiae,세균계; Actinomycetota; Actinomycetes; Micrococcales; Micrococcaceae,,,,,Glutamicibacter protophormiae은(는) 해양생물 캐릭터와 과학 동화 소재로 사용할 수 있다.,"해양생물의 생김새, 서식지, 분포를 반영한 과학 동화 소재",국명·학명·서식지·분류체계를 활용한 관찰 질문과 퀴즈,5-7;8-10,해양생물종;Glutamicibacter;protophormiae;Micrococcaceae,270000020479,Bacteria,세균계,Actinomycetota,,Actinomycetes,,Micrococcales,,Micrococcaceae,,"Glutamicibacter protophormiae (Lysenko) Busse, 2016",Glutamicibacter protophormiae,,기타,,,,,,,,,,,정명,"Glutamicibacter protophormiae (Lysenko) Busse, 2016"
국립해양생물자원관_해양생물종정보 서비스,https://www.data.go.kr/data/15094770/openapi.do,,marine_life_species,Cutleria multifida,크로미스타계; 대롱편모조식물문; 갈조강; 채찍말목; 채찍말과,,,,,Cutleria multifida은(는) 해양생물 캐릭터와 과학 동화 소재로 사용할 수 있다.,"해양생물의 생김새, 서식지, 분포를 반영한 과학 동화 소재",국명·학명·서식지·분류체계를 활용한 관찰 질문과 퀴즈,5-7;8-10,해양생물종;Cutleria;multifida;채찍말과,270000004875,Chromista,크로미스타계,Ochrophyta,대롱편모조식물문,Phaeophyceae,갈조강,Tilopteridales,채찍말목,Cutleriaceae,채찍말과,Cutleria multifida,Cutleria multifida,,기타,,,,,,,,,,,정명,Cutleria multifida
국립해양생물자원관_해양생물종정보 서비스,https://www.data.go.kr/data/15094770/openapi.do,,marine_life_species,Agromyces humi,세균계; Actinomycetota; Actinomycetes; Micrococcales; Microbacteriaceae,,,,,Agromyces humi은(는) 해양생물 캐릭터와 과학 동화 소재로 사용할 수 있다.,"해양생물의 생김새, 서식지, 분포를 반영한 과학 동화 소재",국명·학명·서식지·분류체계를 활용한 관찰 질문과 퀴즈,5-7;8-10,해양생물종;Agromyces;humi;Microbacteriaceae,270000029337,Bacteria,세균계,Actinomycetota,,Actinomycetes,,Micrococcales,,Microbacteriaceae,,"Agromyces humi Lee & Whang, 2020",Agromyces humi,,기타,,,,,,,,,,,정명,"Agromyces humi Lee & Whang, 2020"
국립해양생물자원관_해양생물종정보 서비스,https://www.data.go.kr/data/15094770/openapi.do,,marine_life_species,Laminaria longipes,크로미스타계; 대롱편모조식물문; 갈조강; 다시마목; 다시마과,,,,,Laminaria longipes은(는) 해양생물 캐릭터와 과학 동화 소재로 사용할 수 있다.,"해양생물의 생김새, 서식지, 분포를 반영한 과학 동화 소재",국명·학명·서식지·분류체계를 활용한 관찰 질문과 퀴즈,5-7;8-10,해양생물종;Laminaria;longipes;다시마과,270000009230,Chromista,크로미스타계,Ochrophyta,대롱편모조식물문,Phaeophyceae,갈조강,Laminariales,다시마목,Laminariaceae,다시마과,Laminaria longipes,Laminaria longipes,,기타,,,,,,,,,,,정명,Laminaria longipes
국립해양생물자원관_해양생물종정보 서비스,https://www.data.go.kr/data/15094770/openapi.do,,marine_life_species,Jonesia quinghaiensis,세균계; Actinomycetota; Actinomycetes; Micrococcales; Jonesiaceae,,,,,Jonesia quinghaiensis은(는) 해양생물 캐릭터와 과학 동화 소재로 사용할 수 있다.,"해양생물의 생김새, 서식지, 분포를 반영한 과학 동화 소재",국명·학명·서식지·분류체계를 활용한 관찰 질문과 퀴즈,5-7;8-10,해양생물종;Jonesia;quinghaiensis;Jonesiaceae,270000022695,Bacteria,세균계,Actinomycetota,,Actinomycetes,,Micrococcales,,Jonesiaceae,,"Jonesia quinghaiensis Schumann et al., 2004",Jonesia quinghaiensis,,기타,,,,,,,,,,,정명,"Jonesia quinghaiensis Schumann et al., 2004"
국립해양생물자원관_해양생물종정보 서비스,https://www.data.go.kr/data/15094770/openapi.do,,marine_life_species,Dietzia psychralcaliphila,세균계; Actinomycetota; Actinomycetes; Mycobacteriales; Dietziaceae,,,,,Dietzia psychralcaliphila은(는) 해양생물 캐릭터와 과학 동화 소재로 사용할 수 있다.,"해양생물의 생김새, 서식지, 분포를 반영한 과학 동화 소재",국명·학명·서식지·분류체계를 활용한 관찰 질문과 퀴즈,5-7;8-10,해양생물종;Dietzia;psychralcaliphila;Dietziaceae,270000005417,Bacteria,세균계,Actinomycetota,,Actinomycetes,,Mycobacteriales,,Dietziaceae,,Dietzia psychralcaliphila,Dietzia psychralcaliphila,,기타,,,,,,,,,,,정명,Dietzia psychralcaliphila
국립해양생물자원관_해양생물종정보 서비스,https://www.data.go.kr/data/15094770/openapi.do,,marine_life_species,Scytonema hyalinum,세균계; Cyanobacteria; Cyanophyceae; Nostocales; Scytonemataceae,,,,,Scytonema hyalinum은(는) 해양생물 캐릭터와 과학 동화 소재로 사용할 수 있다.,"해양생물의 생김새, 서식지, 분포를 반영한 과학 동화 소재",국명·학명·서식지·분류체계를 활용한 관찰 질문과 퀴즈,5-7;8-10,해양생물종;Scytonema;hyalinum;Scytonemataceae,270000026218,Bacteria,세균계,Cyanobacteria,,Cyanophyceae,,Nostocales,,Scytonemataceae,,"Scytonema hyalinum Gardner, 1927",Scytonema hyalinum,,기타,,,,,,,,,,,정명,"Scytonema hyalinum Gardner, 1927"
국립해양생물자원관_해양생물종정보 서비스,https://www.data.go.kr/data/15094770/openapi.do,,marine_life_species,Trichodesmium clevei,세균계; Cyanobacteria; Cyanophyceae; Oscillatoriales; Microcoleaceae,,,,,Trichodesmium clevei은(는) 해양생물 캐릭터와 과학 동화 소재로 사용할 수 있다.,"해양생물의 생김새, 서식지, 분포를 반영한 과학 동화 소재",국명·학명·서식지·분류체계를 활용한 관찰 질문과 퀴즈,5-7;8-10,해양생물종;Trichodesmium;clevei;Microcoleaceae,270000025691,Bacteria,세균계,Cyanobacteria,,Cyanophyceae,,Oscillatoriales,,Microcoleaceae,,"Trichodesmium clevei Anagnostidis & Komárek, 1988",Trichodesmium clevei,,기타,,,,,,,,,,,정명,"Trichodesmium clevei Anagnostidis & Komárek, 1988"
국립해양생물자원관_해양생물종정보 서비스,https://www.data.go.kr/data/15094770/openapi.do,,marine_life_species,Microbacterium fluvii,세균계; Actinomycetota; Actinomycetes; Micrococcales; Microbacteriaceae,,,,,Microbacterium fluvii은(는) 해양생물 캐릭터와 과학 동화 소재로 사용할 수 있다.,"해양생물의 생김새, 서식지, 분포를 반영한 과학 동화 소재",국명·학명·서식지·분류체계를 활용한 관찰 질문과 퀴즈,5-7;8-10,해양생물종;Microbacterium;fluvii;Microbacteriaceae,270000023305,Bacteria,세균계,Actinomycetota,,Actinomycetes,,Micrococcales,,Microbacteriaceae,,"Microbacterium fluvii Kageyama et al., 2008",Microbacterium fluvii,,기타,,,,,,,,,,,정명,"Microbacterium fluvii Kageyama et al., 2008"
국립해양생물자원관_해양생물종정보 서비스,https://www.data.go.kr/data/15094770/openapi.do,,marine_life_species,Sphacella subtilissima,크로미스타계; 대롱편모조식물문; 갈조강; 갯쇠털목; 갯쇠털과,,,,,Sphacella subtilissima은(는) 해양생물 캐릭터와 과학 동화 소재로 사용할 수 있다.,"해양생물의 생김새, 서식지, 분포를 반영한 과학 동화 소재",국명·학명·서식지·분류체계를 활용한 관찰 질문과 퀴즈,5-7;8-10,해양생물종;Sphacella;subtilissima;갯쇠털과,270000016720,Chromista,크로미스타계,Ochrophyta,대롱편모조식물문,Phaeophyceae,갈조강,Sphacelariales,갯쇠털목,Sphacelariaceae,갯쇠털과,Sphacella subtilissima,Sphacella subtilissima,,기타,,,,,,,,,,,정명,Sphacella subtilissima
국립해양생물자원관_해양생물종정보 서비스,https://www.data.go.kr/data/15094770/openapi.do,,marine_life_species,Stephanocystis osmundacea,크로미스타계; 대롱편모조식물문; 갈조강; 말목; 모자반과,,,,,Stephanocystis osmundacea은(는) 해양생물 캐릭터와 과학 동화 소재로 사용할 수 있다.,"해양생물의 생김새, 서식지, 분포를 반영한 과학 동화 소재",국명·학명·서식지·분류체계를 활용한 관찰 질문과 퀴즈,5-7;8-10,해양생물종;Stephanocystis;osmundacea;모자반과,270000017063,Chromista,크로미스타계,Ochrophyta,대롱편모조식물문,Phaeophyceae,갈조강,Fucales,말목,Sargassaceae,모자반과,Stephanocystis osmundacea,Stephanocystis osmundacea,,기타,,,,,,,,,,,정명,Stephanocystis osmundacea
국립해양생물자원관_해양생물종정보 서비스,https://www.data.go.kr/data/15094770/openapi.do,,marine_life_species,Padina antillarum,크로미스타계; 대롱편모조식물문; 갈조강; 그물바탕말목; 그물바탕말과,,,,,Padina antillarum은(는) 해양생물 캐릭터와 과학 동화 소재로 사용할 수 있다.,"해양생물의 생김새, 서식지, 분포를 반영한 과학 동화 소재",국명·학명·서식지·분류체계를 활용한 관찰 질문과 퀴즈,5-7;8-10,해양생물종;Padina;antillarum;그물바탕말과,270000012464,Chromista,크로미스타계,Ochrophyta,대롱편모조식물문,Phaeophyceae,갈조강,Dictyotales,그물바탕말목,Dictyotaceae,그물바탕말과,Padina antillarum,Padina antillarum,,기타,,,,,,,,,,,정명,Padina antillarum
국립해양생물자원관_해양생물종정보 서비스,https://www.data.go.kr/data/15094770/openapi.do,,marine_life_species,Dictyota kunthii,크로미스타계; 대롱편모조식물문; 갈조강; 그물바탕말목; 그물바탕말과,,,,,Dictyota kunthii은(는) 해양생물 캐릭터와 과학 동화 소재로 사용할 수 있다.,"해양생물의 생김새, 서식지, 분포를 반영한 과학 동화 소재",국명·학명·서식지·분류체계를 활용한 관찰 질문과 퀴즈,5-7;8-10,해양생물종;Dictyota;kunthii;그물바탕말과,270000005388,Chromista,크로미스타계,Ochrophyta,대롱편모조식물문,Phaeophyceae,갈조강,Dictyotales,그물바탕말목,Dictyotaceae,그물바탕말과,Dictyota kunthii,Dictyota kunthii,,기타,,,,,,,,,,,정명,Dictyota kunthii
국립해양생물자원관_해양생물종정보 서비스,https://www.data.go.kr/data/15094770/openapi.do,,marine_life_species,Chroococcus turgidus,세균계; Cyanobacteria; Cyanophyceae; Chroococcales; Chroococcaceae,,,,,Chroococcus turgidus은(는) 해양생물 캐릭터와 과학 동화 소재로 사용할 수 있다.,"해양생물의 생김새, 서식지, 분포를 반영한 과학 동화 소재",국명·학명·서식지·분류체계를 활용한 관찰 질문과 퀴즈,5-7;8-10,해양생물종;Chroococcus;turgidus;Chroococcaceae,270000021235,Bacteria,세균계,Cyanobacteria,,Cyanophyceae,,Chroococcales,,Chroococcaceae,,"Chroococcus turgidus (Kützing) Nägeli, 1849",Chroococcus turgidus,,기타,,,,,,,,,,,정명,"Chroococcus turgidus (Kützing) Nägeli, 1849"
국립해양생물자원관_해양생물종정보 서비스,https://www.data.go.kr/data/15094770/openapi.do,,marine_life_species,Padina ryukyuana,크로미스타계; 대롱편모조식물문; 갈조강; 그물바탕말목; 그물바탕말과,,,,,Padina ryukyuana은(는) 해양생물 캐릭터와 과학 동화 소재로 사용할 수 있다.,"해양생물의 생김새, 서식지, 분포를 반영한 과학 동화 소재",국명·학명·서식지·분류체계를 활용한 관찰 질문과 퀴즈,5-7;8-10,해양생물종;Padina;ryukyuana;그물바탕말과,270000024086,Chromista,크로미스타계,Ochrophyta,대롱편모조식물문,Phaeophyceae,갈조강,Dictyotales,그물바탕말목,Dictyotaceae,그물바탕말과,"Padina ryukyuana Y.P. Lee & Kamura, 1991",Padina ryukyuana,,기타,,,,,,,,,,,정명,"Padina ryukyuana Y.P. Lee & Kamura, 1991"
국립해양생물자원관_해양생물종정보 서비스,https://www.data.go.kr/data/15094770/openapi.do,,marine_life_species,Rosenvingea nhatrangensis,크로미스타계; 대롱편모조식물문; 갈조강; 솜털목; 고리매과,,,,,Rosenvingea nhatrangensis은(는) 해양생물 캐릭터와 과학 동화 소재로 사용할 수 있다.,"해양생물의 생김새, 서식지, 분포를 반영한 과학 동화 소재",국명·학명·서식지·분류체계를 활용한 관찰 질문과 퀴즈,5-7;8-10,해양생물종;Rosenvingea;nhatrangensis;고리매과,270000015742,Chromista,크로미스타계,Ochrophyta,대롱편모조식물문,Phaeophyceae,갈조강,Ectocarpales,솜털목,Scytosiphonaceae,고리매과,Rosenvingea nhatrangensis,Rosenvingea nhatrangensis,,기타,,,,,,,,,,,정명,Rosenvingea nhatrangensis
국립해양생물자원관_해양생물종정보 서비스,https://www.data.go.kr/data/15094770/openapi.do,,marine_life_species,Nocardia asteroides,세균계; Actinomycetota; Actinomycetes; Mycobacteriales; Nocardiaceae,,,,,Nocardia asteroides은(는) 해양생물 캐릭터와 과학 동화 소재로 사용할 수 있다.,"해양생물의 생김새, 서식지, 분포를 반영한 과학 동화 소재",국명·학명·서식지·분류체계를 활용한 관찰 질문과 퀴즈,5-7;8-10,해양생물종;Nocardia;asteroides;Nocardiaceae,270000011773,Bacteria,세균계,Actinomycetota,,Actinomycetes,,Mycobacteriales,,Nocardiaceae,,Nocardia asteroides,Nocardia asteroides,,기타,,,,,,,,,,,정명,Nocardia asteroides
국립해양생물자원관_해양생물종정보 서비스,https://www.data.go.kr/data/15094770/openapi.do,,marine_life_species,Trichodesmium contortum,세균계; Cyanobacteria; Cyanophyceae; Oscillatoriales; Microcoleaceae,,,,,Trichodesmium contortum은(는) 해양생물 캐릭터와 과학 동화 소재로 사용할 수 있다.,"해양생물의 생김새, 서식지, 분포를 반영한 과학 동화 소재",국명·학명·서식지·분류체계를 활용한 관찰 질문과 퀴즈,5-7;8-10,해양생물종;Trichodesmium;contortum;Microcoleaceae,270000025692,Bacteria,세균계,Cyanobacteria,,Cyanophyceae,,Oscillatoriales,,Microcoleaceae,,"Trichodesmium contortum Wille ex O.Kirchner, 1893",Trichodesmium contortum,,기타,,,,,,,,,,,정명,"Trichodesmium contortum Wille ex O.Kirchner, 1893"
국립해양생물자원관_해양생물종정보 서비스,https://www.data.go.kr/data/15094770/openapi.do,,marine_life_species,Phormidium nigroviride,세균계; Cyanobacteria; Cyanophyceae; Oscillatoriales; Oscillatoriaceae,,,,,Phormidium nigroviride은(는) 해양생물 캐릭터와 과학 동화 소재로 사용할 수 있다.,"해양생물의 생김새, 서식지, 분포를 반영한 과학 동화 소재",국명·학명·서식지·분류체계를 활용한 관찰 질문과 퀴즈,5-7;8-10,해양생물종;Phormidium;nigroviride;Oscillatoriaceae,270000024180,Bacteria,세균계,Cyanobacteria,,Cyanophyceae,,Oscillatoriales,,Oscillatoriaceae,,"Phormidium nigroviride (Thwaites ex Gomont) Anagnostidis & Komárek, 1988",Phormidium nigroviride,,기타,,,,,,,,,,,정명,"Phormidium nigroviride (Thwaites ex Gomont) Anagnostidis & Komárek, 1988"
국립해양생물자원관_해양생물종정보 서비스,https://www.data.go.kr/data/15094770/openapi.do,,marine_life_species,Actinotalea solisilvae,세균계; Actinomycetota; Actinomycetes; Micrococcales; Cellulomonadaceae,,,,,Actinotalea solisilvae은(는) 해양생물 캐릭터와 과학 동화 소재로 사용할 수 있다.,"해양생물의 생김새, 서식지, 분포를 반영한 과학 동화 소재",국명·학명·서식지·분류체계를 활용한 관찰 질문과 퀴즈,5-7;8-10,해양생물종;Actinotalea;solisilvae;Cellulomonadaceae,270000027548,Bacteria,세균계,Actinomycetota,,Actinomycetes,,Micrococcales,,Cellulomonadaceae,,"Actinotalea solisilvae Yan et al., 2018",Actinotalea solisilvae,,기타,,,,,,,,,,,정명,"Actinotalea solisilvae Yan et al., 2018"
국립해양생물자원관_해양생물종정보 서비스,https://www.data.go.kr/data/15094770/openapi.do,,marine_life_species,Oscillatoria geminata,세균계; Cyanobacteria; Cyanophyceae; Oscillatoriales; Oscillatoriaceae,,,,,Oscillatoria geminata은(는) 해양생물 캐릭터와 과학 동화 소재로 사용할 수 있다.,"해양생물의 생김새, 서식지, 분포를 반영한 과학 동화 소재",국명·학명·서식지·분류체계를 활용한 관찰 질문과 퀴즈,5-7;8-10,해양생물종;Oscillatoria;geminata;Oscillatoriaceae,270000023807,Bacteria,세균계,Cyanobacteria,,Cyanophyceae,,Oscillatoriales,,Oscillatoriaceae,,"Oscillatoria geminata Schwabe ex Gomont, 1892",Oscillatoria geminata,,기타,,,,,,,,,,,정명,"Oscillatoria geminata Schwabe ex Gomont, 1892"
국립해양생물자원관_해양생물종정보 서비스,https://www.data.go.kr/data/15094770/openapi.do,,marine_life_species,Sinomonas soli,세균계; Actinomycetota; Actinomycetes; Micrococcales; Micrococcaceae,,,,,Sinomonas soli은(는) 해양생물 캐릭터와 과학 동화 소재로 사용할 수 있다.,"해양생물의 생김새, 서식지, 분포를 반영한 과학 동화 소재",국명·학명·서식지·분류체계를 활용한 관찰 질문과 퀴즈,5-7;8-10,해양생물종;Sinomonas;soli;Micrococcaceae,270000025146,Bacteria,세균계,Actinomycetota,,Actinomycetes,,Micrococcales,,Micrococcaceae,,"Sinomonas soli Zhou et al., 2012",Sinomonas soli,,기타,,,,,,,,,,,정명,"Sinomonas soli Zhou et al., 2012"
국립해양생물자원관_해양생물종정보 서비스,https://www.data.go.kr/data/15094770/openapi.do,,marine_life_species,Corynebacterium variabile,세균계; Actinomycetota; Actinomycetes; Mycobacteriales; Corynebacteriaceae,,,,,Corynebacterium variabile은(는) 해양생물 캐릭터와 과학 동화 소재로 사용할 수 있다.,"해양생물의 생김새, 서식지, 분포를 반영한 과학 동화 소재",국명·학명·서식지·분류체계를 활용한 관찰 질문과 퀴즈,5-7;8-10,해양생물종;Corynebacterium;variabile;Corynebacteriaceae,270000021503,Bacteria,세균계,Actinomycetota,,Actinomycetes,,Mycobacteriales,,Corynebacteriaceae,,"Corynebacterium variabile (Müller) Collins, 1987",Corynebacterium variabile,,기타,,,,,,,,,,,정명,"Corynebacterium variabile (Müller) Collins, 1987"
국립해양생물자원관_해양생물종정보 서비스,https://www.data.go.kr/data/15094770/openapi.do,,marine_life_species,Coelosphaerium kuetzingianum,세균계; Cyanobacteria; Cyanophyceae; Synechococcales; Coelosphaeriaceae,,,,,Coelosphaerium kuetzingianum은(는) 해양생물 캐릭터와 과학 동화 소재로 사용할 수 있다.,"해양생물의 생김새, 서식지, 분포를 반영한 과학 동화 소재",국명·학명·서식지·분류체계를 활용한 관찰 질문과 퀴즈,5-7;8-10,해양생물종;Coelosphaerium;kuetzingianum;Coelosphaeriaceae,270000021432,Bacteria,세균계,Cyanobacteria,,Cyanophyceae,,Synechococcales,,Coelosphaeriaceae,,"Coelosphaerium kuetzingianum kuetzingianum Nägeli, 1849",Coelosphaerium kuetzingianum,,기타,,,,,,,,,,,정명,"Coelosphaerium kuetzingianum kuetzingianum Nägeli, 1849"
국립해양생물자원관_해양생물종정보 서비스,https://www.data.go.kr/data/15094770/openapi.do,,marine_life_species,Tolypothrix penicillata,세균계; Cyanobacteria; Cyanophyceae; Nostocales; Tolypothrichaceae,,,,,Tolypothrix penicillata은(는) 해양생물 캐릭터와 과학 동화 소재로 사용할 수 있다.,"해양생물의 생김새, 서식지, 분포를 반영한 과학 동화 소재",국명·학명·서식지·분류체계를 활용한 관찰 질문과 퀴즈,5-7;8-10,해양생물종;Tolypothrix;penicillata;Tolypothrichaceae,270000025652,Bacteria,세균계,Cyanobacteria,,Cyanophyceae,,Nostocales,,Tolypothrichaceae,,"Tolypothrix penicillata Thuret ex Bornet & Flahault, 1886",Tolypothrix penicillata,,기타,,,,,,,,,,,정명,"Tolypothrix penicillata Thuret ex Bornet & Flahault, 1886"
국립해양생물자원관_해양생물종정보 서비스,https://www.data.go.kr/data/15094770/openapi.do,,marine_life_species,Phormidium lucidum,세균계; Cyanobacteria; Cyanophyceae; Oscillatoriales; Oscillatoriaceae,,,,,Phormidium lucidum은(는) 해양생물 캐릭터와 과학 동화 소재로 사용할 수 있다.,"해양생물의 생김새, 서식지, 분포를 반영한 과학 동화 소재",국명·학명·서식지·분류체계를 활용한 관찰 질문과 퀴즈,5-7;8-10,해양생물종;Phormidium;lucidum;Oscillatoriaceae,270000024179,Bacteria,세균계,Cyanobacteria,,Cyanophyceae,,Oscillatoriales,,Oscillatoriaceae,,"Phormidium lucidum Kützing ex Gomont, 1892",Phormidium lucidum,,기타,,,,,,,,,,,정명,"Phormidium lucidum Kützing ex Gomont, 1892"
국립해양생물자원관_해양생물종정보 서비스,https://www.data.go.kr/data/15094770/openapi.do,,marine_life_species,Nocardia xestospongiae,세균계; Actinomycetota; Actinomycetes; Mycobacteriales; Nocardiaceae,,,,,Nocardia xestospongiae은(는) 해양생물 캐릭터와 과학 동화 소재로 사용할 수 있다.,"해양생물의 생김새, 서식지, 분포를 반영한 과학 동화 소재",국명·학명·서식지·분류체계를 활용한 관찰 질문과 퀴즈,5-7;8-10,해양생물종;Nocardia;xestospongiae;Nocardiaceae,270000011776,Bacteria,세균계,Actinomycetota,,Actinomycetes,,Mycobacteriales,,Nocardiaceae,,Nocardia xestospongiae,Nocardia xestospongiae,,기타,,,,,,,,,,,정명,Nocardia xestospongiae
국립해양생물자원관_해양생물종정보 서비스,https://www.data.go.kr/data/15094770/openapi.do,,marine_life_species,Oscillatoria princeps,세균계; Cyanobacteria; Cyanophyceae; Oscillatoriales; Oscillatoriaceae,,,,,Oscillatoria princeps은(는) 해양생물 캐릭터와 과학 동화 소재로 사용할 수 있다.,"해양생물의 생김새, 서식지, 분포를 반영한 과학 동화 소재",국명·학명·서식지·분류체계를 활용한 관찰 질문과 퀴즈,5-7;8-10,해양생물종;Oscillatoria;princeps;Oscillatoriaceae,270000023811,Bacteria,세균계,Cyanobacteria,,Cyanophyceae,,Oscillatoriales,,Oscillatoriaceae,,"Oscillatoria princeps Vaucher ex Gomont, 1892",Oscillatoria princeps,,기타,,,,,,,,,,,정명,"Oscillatoria princeps Vaucher ex Gomont, 1892"
국립해양생물자원관_해양생물종정보 서비스,https://www.data.go.kr/data/15094770/openapi.do,,marine_life_species,Nocardiopsis synnemataformans,세균계; Actinomycetota; Actinomycetes; Actinomycetales; Nocardiopsidaceae,,,,,Nocardiopsis synnemataformans은(는) 해양생물 캐릭터와 과학 동화 소재로 사용할 수 있다.,"해양생물의 생김새, 서식지, 분포를 반영한 과학 동화 소재",국명·학명·서식지·분류체계를 활용한 관찰 질문과 퀴즈,5-7;8-10,해양생물종;Nocardiopsis;synnemataformans;Nocardiopsidaceae,270000011802,Bacteria,세균계,Actinomycetota,,Actinomycetes,,Actinomycetales,,Nocardiopsidaceae,,Nocardiopsis synnemataformans,Nocardiopsis synnemataformans,,기타,,,,,,,,,,,정명,Nocardiopsis synnemataformans
국립해양생물자원관_해양생물종정보 서비스,https://www.data.go.kr/data/15094770/openapi.do,,marine_life_species,Lyngbya semiplena,세균계; Cyanobacteria; Cyanophyceae; Oscillatoriales; Oscillatoriaceae,,,,,Lyngbya semiplena은(는) 해양생물 캐릭터와 과학 동화 소재로 사용할 수 있다.,"해양생물의 생김새, 서식지, 분포를 반영한 과학 동화 소재",국명·학명·서식지·분류체계를 활용한 관찰 질문과 퀴즈,5-7;8-10,해양생물종;Lyngbya;semiplena;Oscillatoriaceae,270000023050,Bacteria,세균계,Cyanobacteria,,Cyanophyceae,,Oscillatoriales,,Oscillatoriaceae,,"Lyngbya semiplena J.Agardh ex Gomont, 1892",Lyngbya semiplena,,기타,,,,,,,,,,,정명,"Lyngbya semiplena J.Agardh ex Gomont, 1892"
국립해양생물자원관_해양생물종정보 서비스,https://www.data.go.kr/data/15094770/openapi.do,,marine_life_species,Dictyota mertensii,크로미스타계; 대롱편모조식물문; 갈조강; 그물바탕말목; 그물바탕말과,,,,,Dictyota mertensii은(는) 해양생물 캐릭터와 과학 동화 소재로 사용할 수 있다.,"해양생물의 생김새, 서식지, 분포를 반영한 과학 동화 소재",국명·학명·서식지·분류체계를 활용한 관찰 질문과 퀴즈,5-7;8-10,해양생물종;Dictyota;mertensii;그물바탕말과,270000005389,Chromista,크로미스타계,Ochrophyta,대롱편모조식물문,Phaeophyceae,갈조강,Dictyotales,그물바탕말목,Dictyotaceae,그물바탕말과,Dictyota mertensii,Dictyota mertensii,,기타,,,,,,,,,,,정명,Dictyota mertensii
국립해양생물자원관_해양생물종정보 서비스,https://www.data.go.kr/data/15094770/openapi.do,,marine_life_species,Micrococcus flavus,세균계; Actinomycetota; Actinomycetes; Micrococcales; Micrococcaceae,,,,,Micrococcus flavus은(는) 해양생물 캐릭터와 과학 동화 소재로 사용할 수 있다.,"해양생물의 생김새, 서식지, 분포를 반영한 과학 동화 소재",국명·학명·서식지·분류체계를 활용한 관찰 질문과 퀴즈,5-7;8-10,해양생물종;Micrococcus;flavus;Micrococcaceae,270000029578,Bacteria,세균계,Actinomycetota,,Actinomycetes,,Micrococcales,,Micrococcaceae,,"Micrococcus flavus Liu et al., 2007",Micrococcus flavus,,기타,,,,,,,,,,,정명,"Micrococcus flavus Liu et al., 2007"
국립해양생물자원관_해양생물종정보 서비스,https://www.data.go.kr/data/15094770/openapi.do,,marine_life_species,Synechococcus nidulans,세균계; Cyanobacteria; Cyanophyceae; Synechococcales; Synechococcaceae,,,,,Synechococcus nidulans은(는) 해양생물 캐릭터와 과학 동화 소재로 사용할 수 있다.,"해양생물의 생김새, 서식지, 분포를 반영한 과학 동화 소재",국명·학명·서식지·분류체계를 활용한 관찰 질문과 퀴즈,5-7;8-10,해양생물종;Synechococcus;nidulans;Synechococcaceae,270000025465,Bacteria,세균계,Cyanobacteria,,Cyanophyceae,,Synechococcales,,Synechococcaceae,,"Synechococcus nidulans (Pringsheim) Komárek in Bourrelly, 1970",Synechococcus nidulans,,기타,,,,,,,,,,,정명,"Synechococcus nidulans (Pringsheim) Komárek in Bourrelly, 1970"
국립해양생물자원관_해양생물종정보 서비스,https://www.data.go.kr/data/15094770/openapi.do,,marine_life_species,Microbacterium neimengense,세균계; Actinomycetota; Actinomycetes; Micrococcales; Microbacteriaceae,,,,,Microbacterium neimengense은(는) 해양생물 캐릭터와 과학 동화 소재로 사용할 수 있다.,"해양생물의 생김새, 서식지, 분포를 반영한 과학 동화 소재",국명·학명·서식지·분류체계를 활용한 관찰 질문과 퀴즈,5-7;8-10,해양생물종;Microbacterium;neimengense;Microbacteriaceae,270000010732,Bacteria,세균계,Actinomycetota,,Actinomycetes,,Micrococcales,,Microbacteriaceae,,Microbacterium neimengense,Microbacterium neimengense,,기타,,,,,,,,,,,정명,Microbacterium neimengense
국립해양생물자원관_해양생물종정보 서비스,https://www.data.go.kr/data/15094770/openapi.do,,marine_life_species,Dictyotopsis propagulifera,크로미스타계; 대롱편모조식물문; 갈조강; 그물바탕말목; 그물바탕말과,,,,,Dictyotopsis propagulifera은(는) 해양생물 캐릭터와 과학 동화 소재로 사용할 수 있다.,"해양생물의 생김새, 서식지, 분포를 반영한 과학 동화 소재",국명·학명·서식지·분류체계를 활용한 관찰 질문과 퀴즈,5-7;8-10,해양생물종;Dictyotopsis;propagulifera;그물바탕말과,270000005392,Chromista,크로미스타계,Ochrophyta,대롱편모조식물문,Phaeophyceae,갈조강,Dictyotales,그물바탕말목,Dictyotaceae,그물바탕말과,Dictyotopsis propagulifera,Dictyotopsis propagulifera,,기타,,,,,,,,,,,정명,Dictyotopsis propagulifera
국립해양생물자원관_해양생물종정보 서비스,https://www.data.go.kr/data/15094770/openapi.do,,marine_life_species,Trichocoleus tenerrimus,세균계; Cyanobacteria; Cyanophyceae; Synechococcales; Leptolyngbyaceae,,,,,Trichocoleus tenerrimus은(는) 해양생물 캐릭터와 과학 동화 소재로 사용할 수 있다.,"해양생물의 생김새, 서식지, 분포를 반영한 과학 동화 소재",국명·학명·서식지·분류체계를 활용한 관찰 질문과 퀴즈,5-7;8-10,해양생물종;Trichocoleus;tenerrimus;Leptolyngbyaceae,270000025689,Bacteria,세균계,Cyanobacteria,,Cyanophyceae,,Synechococcales,,Leptolyngbyaceae,,"Trichocoleus tenerrimus (Gomont) Anagnostidis, 2001",Trichocoleus tenerrimus,,기타,,,,,,,,,,,정명,"Trichocoleus tenerrimus (Gomont) Anagnostidis, 2001"
국립해양생물자원관_해양생물종정보 서비스,https://www.data.go.kr/data/15094770/openapi.do,,marine_life_species,Pseudanabaena limnetica,세균계; Cyanobacteria; Cyanophyceae; Synechococcales; Pseudanabaenaceae,,,,,Pseudanabaena limnetica은(는) 해양생물 캐릭터와 과학 동화 소재로 사용할 수 있다.,"해양생물의 생김새, 서식지, 분포를 반영한 과학 동화 소재",국명·학명·서식지·분류체계를 활용한 관찰 질문과 퀴즈,5-7;8-10,해양생물종;Pseudanabaena;limnetica;Pseudanabaenaceae,270000023808,Bacteria,세균계,Cyanobacteria,,Cyanophyceae,,Synechococcales,,Pseudanabaenaceae,,"Pseudanabaena limnetica (Lemmermann, 1900) Komárek, 1974",Pseudanabaena limnetica,,기타,,,,,,,,,,,정명,"Pseudanabaena limnetica (Lemmermann, 1900) Komárek, 1974"
국립해양생물자원관_해양생물종정보 서비스,https://www.data.go.kr/data/15094770/openapi.do,,marine_life_species,Microbacterium profundi,세균계; Actinomycetota; Actinomycetes; Micrococcales; Microbacteriaceae,,,,,Microbacterium profundi은(는) 해양생물 캐릭터와 과학 동화 소재로 사용할 수 있다.,"해양생물의 생김새, 서식지, 분포를 반영한 과학 동화 소재",국명·학명·서식지·분류체계를 활용한 관찰 질문과 퀴즈,5-7;8-10,해양생물종;Microbacterium;profundi;Microbacteriaceae,270000027979,Bacteria,세균계,Actinomycetota,,Actinomycetes,,Micrococcales,,Microbacteriaceae,,"Microbacterium profundi Wu et al., 2008",Microbacterium profundi,,기타,,,,,,,,,,,정명,"Microbacterium profundi Wu et al., 2008"
국립해양생물자원관_해양생물종정보 서비스,https://www.data.go.kr/data/15094770/openapi.do,,marine_life_species,Phycicoccus endophyticus,세균계; Actinomycetota; Actinomycetes; Micrococcales; Intrasporangiaceae,,,,,Phycicoccus endophyticus은(는) 해양생물 캐릭터와 과학 동화 소재로 사용할 수 있다.,"해양생물의 생김새, 서식지, 분포를 반영한 과학 동화 소재",국명·학명·서식지·분류체계를 활용한 관찰 질문과 퀴즈,5-7;8-10,해양생물종;Phycicoccus;endophyticus;Intrasporangiaceae,270000013651,Bacteria,세균계,Actinomycetota,,Actinomycetes,,Micrococcales,,Intrasporangiaceae,,Phycicoccus endophyticus,Phycicoccus endophyticus,,기타,,,,,,,,,,,정명,Phycicoccus endophyticus
국립해양생물자원관_해양생물종정보 서비스,https://www.data.go.kr/data/15094770/openapi.do,,marine_life_species,Aeromicrobium alkaliterrae,세균계; Actinomycetota; Actinomycetes; Propionibacteriales; Nocardioidaceae,,,,,Aeromicrobium alkaliterrae은(는) 해양생물 캐릭터와 과학 동화 소재로 사용할 수 있다.,"해양생물의 생김새, 서식지, 분포를 반영한 과학 동화 소재",국명·학명·서식지·분류체계를 활용한 관찰 질문과 퀴즈,5-7;8-10,해양생물종;Aeromicrobium;alkaliterrae;Nocardioidaceae,270000020088,Bacteria,세균계,Actinomycetota,,Actinomycetes,,Propionibacteriales,,Nocardioidaceae,,"Aeromicrobium alkaliterrae Yoon et al., 2005",Aeromicrobium alkaliterrae,,기타,,,,,,,,,,,정명,"Aeromicrobium alkaliterrae Yoon et al., 2005"
국립해양생물자원관_해양생물종정보 서비스,https://www.data.go.kr/data/15094770/openapi.do,,marine_life_species,Agarum turneri,크로미스타계; 대롱편모조식물문; 갈조강; 다시마목; 쇠미역과,,,,,Agarum turneri은(는) 해양생물 캐릭터와 과학 동화 소재로 사용할 수 있다.,"해양생물의 생김새, 서식지, 분포를 반영한 과학 동화 소재",국명·학명·서식지·분류체계를 활용한 관찰 질문과 퀴즈,5-7;8-10,해양생물종;Agarum;turneri;쇠미역과,270000029416,Chromista,크로미스타계,Ochrophyta,대롱편모조식물문,Phaeophyceae,갈조강,Laminariales,다시마목,Agaraceae,쇠미역과,"Agarum turneri Postels & Ruprecht, 1840",Agarum turneri,,기타,,,,,,,,,,,정명,"Agarum turneri Postels & Ruprecht, 1840"
국립해양생물자원관_해양생물종정보 서비스,https://www.data.go.kr/data/15094770/openapi.do,,marine_life_species,Leucobacter chromiireducens,세균계; Actinomycetota; Actinomycetes; Micrococcales; Microbacteriaceae,,,,,Leucobacter chromiireducens은(는) 해양생물 캐릭터와 과학 동화 소재로 사용할 수 있다.,"해양생물의 생김새, 서식지, 분포를 반영한 과학 동화 소재",국명·학명·서식지·분류체계를 활용한 관찰 질문과 퀴즈,5-7;8-10,해양생물종;Leucobacter;chromiireducens;Microbacteriaceae,270000022879,Bacteria,세균계,Actinomycetota,,Actinomycetes,,Micrococcales,,Microbacteriaceae,,"Leucobacter chromiireducens Morais et al., 2004",Leucobacter chromiireducens,,기타,,,,,,,,,,,정명,"Leucobacter chromiireducens Morais et al., 2004"
국립해양생물자원관_해양생물종정보 서비스,https://www.data.go.kr/data/15094770/openapi.do,,marine_life_species,Dactylococcopsis rhaphidioides,세균계; Cyanobacteria; Cyanophyceae; Chroococcales; Chroococcaceae,,,,,Dactylococcopsis rhaphidioides은(는) 해양생물 캐릭터와 과학 동화 소재로 사용할 수 있다.,"해양생물의 생김새, 서식지, 분포를 반영한 과학 동화 소재",국명·학명·서식지·분류체계를 활용한 관찰 질문과 퀴즈,5-7;8-10,해양생물종;Dactylococcopsis;rhaphidioides;Chroococcaceae,270000021603,Bacteria,세균계,Cyanobacteria,,Cyanophyceae,,Chroococcales,,Chroococcaceae,,"Dactylococcopsis rhaphidioides Hansgirg, 1888",Dactylococcopsis rhaphidioides,,기타,,,,,,,,,,,정명,"Dactylococcopsis rhaphidioides Hansgirg, 1888"
국립해양생물자원관_해양생물종정보 서비스,https://www.data.go.kr/data/15094770/openapi.do,,marine_life_species,Pseudonocardia kongjuensis,세균계; Actinomycetota; Actinomycetes; Pseudonocardiales; Pseudonocardiaceae,,,,,Pseudonocardia kongjuensis은(는) 해양생물 캐릭터와 과학 동화 소재로 사용할 수 있다.,"해양생물의 생김새, 서식지, 분포를 반영한 과학 동화 소재",국명·학명·서식지·분류체계를 활용한 관찰 질문과 퀴즈,5-7;8-10,해양생물종;Pseudonocardia;kongjuensis;Pseudonocardiaceae,270000014957,Bacteria,세균계,Actinomycetota,,Actinomycetes,,Pseudonocardiales,,Pseudonocardiaceae,,Pseudonocardia kongjuensis,Pseudonocardia kongjuensis,,기타,,,,,,,,,,,정명,Pseudonocardia kongjuensis
국립해양생물자원관_해양생물종정보 서비스,https://www.data.go.kr/data/15094770/openapi.do,,marine_life_species,Dictyopteris repens,크로미스타계; 대롱편모조식물문; 갈조강; 그물바탕말목; 그물바탕말과,,,,,Dictyopteris repens은(는) 해양생물 캐릭터와 과학 동화 소재로 사용할 수 있다.,"해양생물의 생김새, 서식지, 분포를 반영한 과학 동화 소재",국명·학명·서식지·분류체계를 활용한 관찰 질문과 퀴즈,5-7;8-10,해양생물종;Dictyopteris;repens;그물바탕말과,270000005366,Chromista,크로미스타계,Ochrophyta,대롱편모조식물문,Phaeophyceae,갈조강,Dictyotales,그물바탕말목,Dictyotaceae,그물바탕말과,Dictyopteris repens,Dictyopteris repens,,기타,,,,,,,,,,,정명,Dictyopteris repens
국립해양생물자원관_해양생물종정보 서비스,https://www.data.go.kr/data/15094770/openapi.do,,marine_life_species,Tessaracoccus lapidicaptus,세균계; Actinomycetota; Actinomycetes; Propionibacteriales; Propionibacteriaceae,,,,,Tessaracoccus lapidicaptus은(는) 해양생물 캐릭터와 과학 동화 소재로 사용할 수 있다.,"해양생물의 생김새, 서식지, 분포를 반영한 과학 동화 소재",국명·학명·서식지·분류체계를 활용한 관찰 질문과 퀴즈,5-7;8-10,해양생물종;Tessaracoccus;lapidicaptus;Propionibacteriaceae,270000026317,Bacteria,세균계,Actinomycetota,,Actinomycetes,,Propionibacteriales,,Propionibacteriaceae,,"Tessaracoccus lapidicaptus Puente-Sánchez et al., 2014",Tessaracoccus lapidicaptus,,기타,,,,,,,,,,,정명,"Tessaracoccus lapidicaptus Puente-Sánchez et al., 2014"
국립해양생물자원관_해양생물종정보 서비스,https://www.data.go.kr/data/15094770/openapi.do,,marine_life_species,Sargassum filipendula,크로미스타계; 대롱편모조식물문; 갈조강; 말목; 모자반과,,,,,Sargassum filipendula은(는) 해양생물 캐릭터와 과학 동화 소재로 사용할 수 있다.,"해양생물의 생김새, 서식지, 분포를 반영한 과학 동화 소재",국명·학명·서식지·분류체계를 활용한 관찰 질문과 퀴즈,5-7;8-10,해양생물종;Sargassum;filipendula;모자반과,270000015979,Chromista,크로미스타계,Ochrophyta,대롱편모조식물문,Phaeophyceae,갈조강,Fucales,말목,Sargassaceae,모자반과,Sargassum filipendula,Sargassum filipendula,,기타,,,,,,,,,,,정명,Sargassum filipendula
국립해양생물자원관_해양생물종정보 서비스,https://www.data.go.kr/data/15094770/openapi.do,,marine_life_species,Nocardioides cavernae,세균계; Actinomycetota; Actinomycetes; Propionibacteriales; Nocardioidaceae,,,,,Nocardioides cavernae은(는) 해양생물 캐릭터와 과학 동화 소재로 사용할 수 있다.,"해양생물의 생김새, 서식지, 분포를 반영한 과학 동화 소재",국명·학명·서식지·분류체계를 활용한 관찰 질문과 퀴즈,5-7;8-10,해양생물종;Nocardioides;cavernae;Nocardioidaceae,270000027983,Bacteria,세균계,Actinomycetota,,Actinomycetes,,Propionibacteriales,,Nocardioidaceae,,"Nocardioides cavernae Han et al., 2017",Nocardioides cavernae,,기타,,,,,,,,,,,정명,"Nocardioides cavernae Han et al., 2017"
국립해양생물자원관_해양생물종정보 서비스,https://www.data.go.kr/data/15094770/openapi.do,,marine_life_species,Frigoribacterium endophyticum,세균계; Actinomycetota; Actinomycetes; Micrococcales; Microbacteriaceae,,,,,Frigoribacterium endophyticum은(는) 해양생물 캐릭터와 과학 동화 소재로 사용할 수 있다.,"해양생물의 생김새, 서식지, 분포를 반영한 과학 동화 소재",국명·학명·서식지·분류체계를 활용한 관찰 질문과 퀴즈,5-7;8-10,해양생물종;Frigoribacterium;endophyticum;Microbacteriaceae,270000028938,Bacteria,세균계,Actinomycetota,,Actinomycetes,,Micrococcales,,Microbacteriaceae,,"Frigoribacterium endophyticum Wang et al., 2015",Frigoribacterium endophyticum,,기타,,,,,,,,,,,정명,"Frigoribacterium endophyticum Wang et al., 2015"
국립해양생물자원관_해양생물종정보 서비스,https://www.data.go.kr/data/15094770/openapi.do,,marine_life_species,Blastococcus jejuensis,세균계; Actinomycetota; Actinomycetes; Geodermatophilales; Geodermatophilaceae,,,,,Blastococcus jejuensis은(는) 해양생물 캐릭터와 과학 동화 소재로 사용할 수 있다.,"해양생물의 생김새, 서식지, 분포를 반영한 과학 동화 소재",국명·학명·서식지·분류체계를 활용한 관찰 질문과 퀴즈,5-7;8-10,해양생물종;Blastococcus;jejuensis;Geodermatophilaceae,270000020800,Bacteria,세균계,Actinomycetota,,Actinomycetes,,Geodermatophilales,,Geodermatophilaceae,,"Blastococcus jejuensis Lee, 2006",Blastococcus jejuensis,,기타,,,,,,,,,,,정명,"Blastococcus jejuensis Lee, 2006"
국립해양생물자원관_해양생물종정보 서비스,https://www.data.go.kr/data/15094770/openapi.do,,marine_life_species,Merismopedia elegans,세균계; Cyanobacteria; Cyanophyceae; Synechococcales; Merismopediaceae,,,,,Merismopedia elegans은(는) 해양생물 캐릭터와 과학 동화 소재로 사용할 수 있다.,"해양생물의 생김새, 서식지, 분포를 반영한 과학 동화 소재",국명·학명·서식지·분류체계를 활용한 관찰 질문과 퀴즈,5-7;8-10,해양생물종;Merismopedia;elegans;Merismopediaceae,270000023251,Bacteria,세균계,Cyanobacteria,,Cyanophyceae,,Synechococcales,,Merismopediaceae,,"Merismopedia elegans A.Braun ex Kützing, 1849",Merismopedia elegans,,기타,,,,,,,,,,,정명,"Merismopedia elegans A.Braun ex Kützing, 1849"
국립해양생물자원관_해양생물종정보 서비스,https://www.data.go.kr/data/15094770/openapi.do,,marine_life_species,Agromyces luteolus,세균계; Actinomycetota; Actinomycetes; Micrococcales; Microbacteriaceae,,,,,Agromyces luteolus은(는) 해양생물 캐릭터와 과학 동화 소재로 사용할 수 있다.,"해양생물의 생김새, 서식지, 분포를 반영한 과학 동화 소재",국명·학명·서식지·분류체계를 활용한 관찰 질문과 퀴즈,5-7;8-10,해양생물종;Agromyces;luteolus;Microbacteriaceae,270000020134,Bacteria,세균계,Actinomycetota,,Actinomycetes,,Micrococcales,,Microbacteriaceae,,"Agromyces luteolus Takeuchi & Hatano, 2001",Agromyces luteolus,,기타,,,,,,,,,,,정명,"Agromyces luteolus Takeuchi & Hatano, 2001"
국립해양생물자원관_해양생물종정보 서비스,https://www.data.go.kr/data/15094770/openapi.do,,marine_life_species,Gordonia lacunae,세균계; Actinomycetota; Actinomycetes; Mycobacteriales; Gordoniaceae,,,,,Gordonia lacunae은(는) 해양생물 캐릭터와 과학 동화 소재로 사용할 수 있다.,"해양생물의 생김새, 서식지, 분포를 반영한 과학 동화 소재",국명·학명·서식지·분류체계를 활용한 관찰 질문과 퀴즈,5-7;8-10,해양생물종;Gordonia;lacunae;Gordoniaceae,270000007392,Bacteria,세균계,Actinomycetota,,Actinomycetes,,Mycobacteriales,,Gordoniaceae,,Gordonia lacunae,Gordonia lacunae,,기타,,,,,,,,,,,정명,Gordonia lacunae
국립해양생물자원관_해양생물종정보 서비스,https://www.data.go.kr/data/15094770/openapi.do,,marine_life_species,Pseudarthrobacter sulfonivorans,세균계; Actinomycetota; Actinomycetes; Micrococcales; Micrococcaceae,,,,,Pseudarthrobacter sulfonivorans은(는) 해양생물 캐릭터와 과학 동화 소재로 사용할 수 있다.,"해양생물의 생김새, 서식지, 분포를 반영한 과학 동화 소재",국명·학명·서식지·분류체계를 활용한 관찰 질문과 퀴즈,5-7;8-10,해양생물종;Pseudarthrobacter;sulfonivorans;Micrococcaceae,270000020489,Bacteria,세균계,Actinomycetota,,Actinomycetes,,Micrococcales,,Micrococcaceae,,"Pseudarthrobacter sulfonivorans (Borodina et al.) Busse, 2016",Pseudarthrobacter sulfonivorans,,기타,,,,,,,,,,,정명,"Pseudarthrobacter sulfonivorans (Borodina et al.) Busse, 2016"
국립해양생물자원관_해양생물종정보 서비스,https://www.data.go.kr/data/15094770/openapi.do,,marine_life_species,Demequina aestuarii,세균계; Actinomycetota; Actinomycetes; Micrococcales; Demequinaceae,,,,,Demequina aestuarii은(는) 해양생물 캐릭터와 과학 동화 소재로 사용할 수 있다.,"해양생물의 생김새, 서식지, 분포를 반영한 과학 동화 소재",국명·학명·서식지·분류체계를 활용한 관찰 질문과 퀴즈,5-7;8-10,해양생물종;Demequina;aestuarii;Demequinaceae,270000021627,Bacteria,세균계,Actinomycetota,,Actinomycetes,,Micrococcales,,Demequinaceae,,"Demequina aestuarii Yi et al., 2007",Demequina aestuarii,,기타,,,,,,,,,,,정명,"Demequina aestuarii Yi et al., 2007"
국립해양생물자원관_해양생물종정보 서비스,https://www.data.go.kr/data/15094770/openapi.do,,marine_life_species,Lyngbya sordida,세균계; Cyanobacteria; Cyanophyceae; Oscillatoriales; Oscillatoriaceae,,,,,Lyngbya sordida은(는) 해양생물 캐릭터와 과학 동화 소재로 사용할 수 있다.,"해양생물의 생김새, 서식지, 분포를 반영한 과학 동화 소재",국명·학명·서식지·분류체계를 활용한 관찰 질문과 퀴즈,5-7;8-10,해양생물종;Lyngbya;sordida;Oscillatoriaceae,270000023051,Bacteria,세균계,Cyanobacteria,,Cyanophyceae,,Oscillatoriales,,Oscillatoriaceae,,"Lyngbya sordida Gomont, 1892",Lyngbya sordida,,기타,,,,,,,,,,,정명,"Lyngbya sordida Gomont, 1892"
국립해양생물자원관_해양생물종정보 서비스,https://www.data.go.kr/data/15094770/openapi.do,,marine_life_species,Padina boryana,크로미스타계; 대롱편모조식물문; 갈조강; 그물바탕말목; 그물바탕말과,,,,,Padina boryana은(는) 해양생물 캐릭터와 과학 동화 소재로 사용할 수 있다.,"해양생물의 생김새, 서식지, 분포를 반영한 과학 동화 소재",국명·학명·서식지·분류체계를 활용한 관찰 질문과 퀴즈,5-7;8-10,해양생물종;Padina;boryana;그물바탕말과,270000012468,Chromista,크로미스타계,Ochrophyta,대롱편모조식물문,Phaeophyceae,갈조강,Dictyotales,그물바탕말목,Dictyotaceae,그물바탕말과,"Padina boryana Thivy, 1966",Padina boryana,,기타,,,,,,,,,,,정명,"Padina boryana Thivy, 1966"
국립해양생물자원관_해양생물종정보 서비스,https://www.data.go.kr/data/15094770/openapi.do,,marine_life_species,Egregia menziesii,크로미스타계; 대롱편모조식물문; 갈조강; 다시마목; 감태과,,,,,Egregia menziesii은(는) 해양생물 캐릭터와 과학 동화 소재로 사용할 수 있다.,"해양생물의 생김새, 서식지, 분포를 반영한 과학 동화 소재",국명·학명·서식지·분류체계를 활용한 관찰 질문과 퀴즈,5-7;8-10,해양생물종;Egregia;menziesii;감태과,270000005899,Chromista,크로미스타계,Ochrophyta,대롱편모조식물문,Phaeophyceae,갈조강,Laminariales,다시마목,Lessoniaceae,감태과,"Egregia menziesii (Turner) Areschoug, 1876",Egregia menziesii,,기타,,,,,,,,,,,정명,"Egregia menziesii (Turner) Areschoug, 1876"
국립해양생물자원관_해양생물종정보 서비스,https://www.data.go.kr/data/15094770/openapi.do,,marine_life_species,Brevibacterium antiquum,세균계; Actinomycetota; Actinomycetes; Micrococcales; Brevibacteriaceae,,,,,Brevibacterium antiquum은(는) 해양생물 캐릭터와 과학 동화 소재로 사용할 수 있다.,"해양생물의 생김새, 서식지, 분포를 반영한 과학 동화 소재",국명·학명·서식지·분류체계를 활용한 관찰 질문과 퀴즈,5-7;8-10,해양생물종;Brevibacterium;antiquum;Brevibacteriaceae,270000020871,Bacteria,세균계,Actinomycetota,,Actinomycetes,,Micrococcales,,Brevibacteriaceae,,"Brevibacterium antiquum Gavrish et al., 2004",Brevibacterium antiquum,,기타,,,,,,,,,,,정명,"Brevibacterium antiquum Gavrish et al., 2004"
국립해양생물자원관_해양생물종정보 서비스,https://www.data.go.kr/data/15094770/openapi.do,,marine_life_species,Geitlerinema uncinatum,세균계; Cyanobacteria; Cyanophyceae; Oscillatoriales; Coleofasciculaceae,,,,,Geitlerinema uncinatum은(는) 해양생물 캐릭터와 과학 동화 소재로 사용할 수 있다.,"해양생물의 생김새, 서식지, 분포를 반영한 과학 동화 소재",국명·학명·서식지·분류체계를 활용한 관찰 질문과 퀴즈,5-7;8-10,해양생물종;Geitlerinema;uncinatum;Coleofasciculaceae,270000022170,Bacteria,세균계,Cyanobacteria,,Cyanophyceae,,Oscillatoriales,,Coleofasciculaceae,,"Geitlerinema uncinatum (Emoto & Hirose) Umezaki & Watanabe, 199",Geitlerinema uncinatum,,기타,,,,,,,,,,,정명,"Geitlerinema uncinatum (Emoto & Hirose) Umezaki & Watanabe, 199"
국립해양생물자원관_해양생물종정보 서비스,https://www.data.go.kr/data/15094770/openapi.do,,marine_life_species,Zonaria crenata,크로미스타계; 대롱편모조식물문; 갈조강; 그물바탕말목; 그물바탕말과,,,,,Zonaria crenata은(는) 해양생물 캐릭터와 과학 동화 소재로 사용할 수 있다.,"해양생물의 생김새, 서식지, 분포를 반영한 과학 동화 소재",국명·학명·서식지·분류체계를 활용한 관찰 질문과 퀴즈,5-7;8-10,해양생물종;Zonaria;crenata;그물바탕말과,270000019132,Chromista,크로미스타계,Ochrophyta,대롱편모조식물문,Phaeophyceae,갈조강,Dictyotales,그물바탕말목,Dictyotaceae,그물바탕말과,Zonaria crenata,Zonaria crenata,,기타,,,,,,,,,,,정명,Zonaria crenata
국립해양생물자원관_해양생물종정보 서비스,https://www.data.go.kr/data/15094770/openapi.do,,marine_life_species,Calothrix scopulorum,세균계; Cyanobacteria; Cyanophyceae; Nostocales; Rivulariaceae,,,,,Calothrix scopulorum은(는) 해양생물 캐릭터와 과학 동화 소재로 사용할 수 있다.,"해양생물의 생김새, 서식지, 분포를 반영한 과학 동화 소재",국명·학명·서식지·분류체계를 활용한 관찰 질문과 퀴즈,5-7;8-10,해양생물종;Calothrix;scopulorum;Rivulariaceae,270000020985,Bacteria,세균계,Cyanobacteria,,Cyanophyceae,,Nostocales,,Rivulariaceae,,"Calothrix scopulorum Agardh ex Bornet & Flahault, 1886",Calothrix scopulorum,,기타,,,,,,,,,,,정명,"Calothrix scopulorum Agardh ex Bornet & Flahault, 1886"
국립해양생물자원관_해양생물종정보 서비스,https://www.data.go.kr/data/15094770/openapi.do,,marine_life_species,Chordaria chordaeformis,크로미스타계; 대롱편모조식물문; 갈조강; 솜털목; 민가지말과,,,,,Chordaria chordaeformis은(는) 해양생물 캐릭터와 과학 동화 소재로 사용할 수 있다.,"해양생물의 생김새, 서식지, 분포를 반영한 과학 동화 소재",국명·학명·서식지·분류체계를 활용한 관찰 질문과 퀴즈,5-7;8-10,해양생물종;Chordaria;chordaeformis;민가지말과,270000021559,Chromista,크로미스타계,Ochrophyta,대롱편모조식물문,Phaeophyceae,갈조강,Ectocarpales,솜털목,Chordariaceae,민가지말과,"Chordaria chordaeformis  (Kjellman) H. Kawai & S.-H. Kim, in S.-H. Kim & Kawai, 2002",Chordaria chordaeformis,,기타,,,,,,,,,,,정명,"Chordaria chordaeformis  (Kjellman) H. Kawai & S.-H. Kim, in S.-H. Kim & Kawai, 2002"
국립해양생물자원관_해양생물종정보 서비스,https://www.data.go.kr/data/15094770/openapi.do,,marine_life_species,Brevibacterium casei,세균계; Actinomycetota; Actinomycetes; Micrococcales; Brevibacteriaceae,,,,,Brevibacterium casei은(는) 해양생물 캐릭터와 과학 동화 소재로 사용할 수 있다.,"해양생물의 생김새, 서식지, 분포를 반영한 과학 동화 소재",국명·학명·서식지·분류체계를 활용한 관찰 질문과 퀴즈,5-7;8-10,해양생물종;Brevibacterium;casei;Brevibacteriaceae,270000020873,Bacteria,세균계,Actinomycetota,,Actinomycetes,,Micrococcales,,Brevibacteriaceae,,"Brevibacterium casei Collins et al., 1983",Brevibacterium casei,,기타,,,,,,,,,,,정명,"Brevibacterium casei Collins et al., 1983"
국립해양생물자원관_해양생물종정보 서비스,https://www.data.go.kr/data/15094770/openapi.do,,marine_life_species,Leibleinia baculum,세균계; Cyanobacteria; Cyanophyceae; Synechococcales; Leptolyngbyaceae,,,,,Leibleinia baculum은(는) 해양생물 캐릭터와 과학 동화 소재로 사용할 수 있다.,"해양생물의 생김새, 서식지, 분포를 반영한 과학 동화 소재",국명·학명·서식지·분류체계를 활용한 관찰 질문과 퀴즈,5-7;8-10,해양생물종;Leibleinia;baculum;Leptolyngbyaceae,270000022842,Bacteria,세균계,Cyanobacteria,,Cyanophyceae,,Synechococcales,,Leptolyngbyaceae,,"Leibleinia baculum (Gomont) Hoffmann, 1985",Leibleinia baculum,,기타,,,,,,,,,,,정명,"Leibleinia baculum (Gomont) Hoffmann, 1985"
국립해양생물자원관_해양생물종정보 서비스,https://www.data.go.kr/data/15094770/openapi.do,,marine_life_species,Modestobacter caceresii,세균계; Actinomycetota; Actinomycetes; Geodermatophilales; Geodermatophilaceae,,,,,Modestobacter caceresii은(는) 해양생물 캐릭터와 과학 동화 소재로 사용할 수 있다.,"해양생물의 생김새, 서식지, 분포를 반영한 과학 동화 소재",국명·학명·서식지·분류체계를 활용한 관찰 질문과 퀴즈,5-7;8-10,해양생물종;Modestobacter;caceresii;Geodermatophilaceae,270000029346,Bacteria,세균계,Actinomycetota,,Actinomycetes,,Geodermatophilales,,Geodermatophilaceae,,"Modestobacter caceresii Busarakam et al., 2017",Modestobacter caceresii,,기타,,,,,,,,,,,정명,"Modestobacter caceresii Busarakam et al., 2017"
국립해양생물자원관_해양생물종정보 서비스,https://www.data.go.kr/data/15094770/openapi.do,,marine_life_species,Streptomonospora sediminis,세균계; Actinomycetota; Actinomycetes; Actinomycetales; Nocardiopsidaceae,,,,,Streptomonospora sediminis은(는) 해양생물 캐릭터와 과학 동화 소재로 사용할 수 있다.,"해양생물의 생김새, 서식지, 분포를 반영한 과학 동화 소재",국명·학명·서식지·분류체계를 활용한 관찰 질문과 퀴즈,5-7;8-10,해양생물종;Streptomonospora;sediminis;Nocardiopsidaceae,270000017155,Bacteria,세균계,Actinomycetota,,Actinomycetes,,Actinomycetales,,Nocardiopsidaceae,,Streptomonospora sediminis,Streptomonospora sediminis,,기타,,,,,,,,,,,정명,Streptomonospora sediminis
국립해양생물자원관_해양생물종정보 서비스,https://www.data.go.kr/data/15094770/openapi.do,,marine_life_species,Nocardioides lentus,세균계; Actinomycetota; Actinomycetes; Propionibacteriales; Nocardioidaceae,,,,,Nocardioides lentus은(는) 해양생물 캐릭터와 과학 동화 소재로 사용할 수 있다.,"해양생물의 생김새, 서식지, 분포를 반영한 과학 동화 소재",국명·학명·서식지·분류체계를 활용한 관찰 질문과 퀴즈,5-7;8-10,해양생물종;Nocardioides;lentus;Nocardioidaceae,270000011790,Bacteria,세균계,Actinomycetota,,Actinomycetes,,Propionibacteriales,,Nocardioidaceae,,Nocardioides lentus,Nocardioides lentus,,기타,,,,,,,,,,,정명,Nocardioides lentus
국립해양생물자원관_해양생물종정보 서비스,https://www.data.go.kr/data/15094770/openapi.do,,marine_life_species,Kocuria rhizophila,세균계; Actinomycetota; Actinomycetes; Micrococcales; Micrococcaceae,,,,,Kocuria rhizophila은(는) 해양생물 캐릭터와 과학 동화 소재로 사용할 수 있다.,"해양생물의 생김새, 서식지, 분포를 반영한 과학 동화 소재",국명·학명·서식지·분류체계를 활용한 관찰 질문과 퀴즈,5-7;8-10,해양생물종;Kocuria;rhizophila;Micrococcaceae,270000022742,Bacteria,세균계,Actinomycetota,,Actinomycetes,,Micrococcales,,Micrococcaceae,,"Kocuria rhizophila Kovács et al., 1999",Kocuria rhizophila,,기타,,,,,,,,,,,정명,"Kocuria rhizophila Kovács et al., 1999"
국립해양생물자원관_해양생물종정보 서비스,https://www.data.go.kr/data/15094770/openapi.do,,marine_life_species,Microbacterium koreense,세균계; Actinomycetota; Actinomycetes; Micrococcales; Microbacteriaceae,,,,,Microbacterium koreense은(는) 해양생물 캐릭터와 과학 동화 소재로 사용할 수 있다.,"해양생물의 생김새, 서식지, 분포를 반영한 과학 동화 소재",국명·학명·서식지·분류체계를 활용한 관찰 질문과 퀴즈,5-7;8-10,해양생물종;Microbacterium;koreense;Microbacteriaceae,270000030222,Bacteria,세균계,Actinomycetota,,Actinomycetes,,Micrococcales,,Microbacteriaceae,,"Microbacterium koreense Lee et al., 2006",Microbacterium koreense,,기타,,,,,,,,,,,정명,"Microbacterium koreense Lee et al., 2006"
국립해양생물자원관_해양생물종정보 서비스,https://www.data.go.kr/data/15094770/openapi.do,,marine_life_species,Asterocladon lobatum,크로미스타계; 대롱편모조식물문; 갈조강; 별솜털목; 별솜털과,,,,,Asterocladon lobatum은(는) 해양생물 캐릭터와 과학 동화 소재로 사용할 수 있다.,"해양생물의 생김새, 서식지, 분포를 반영한 과학 동화 소재",국명·학명·서식지·분류체계를 활용한 관찰 질문과 퀴즈,5-7;8-10,해양생물종;Asterocladon;lobatum;별솜털과,270000001684,Chromista,크로미스타계,Ochrophyta,대롱편모조식물문,Phaeophyceae,갈조강,Asterocladales,별솜털목,Asterocladaceae,별솜털과,Asterocladon lobatum,Asterocladon lobatum,,기타,,,,,,,,,,,정명,Asterocladon lobatum
국립해양생물자원관_해양생물종정보 서비스,https://www.data.go.kr/data/15094770/openapi.do,,marine_life_species,Arthrobacter psychrolactophilus,세균계; Actinomycetota; Actinomycetes; Micrococcales; Micrococcaceae,,,,,Arthrobacter psychrolactophilus은(는) 해양생물 캐릭터와 과학 동화 소재로 사용할 수 있다.,"해양생물의 생김새, 서식지, 분포를 반영한 과학 동화 소재",국명·학명·서식지·분류체계를 활용한 관찰 질문과 퀴즈,5-7;8-10,해양생물종;Arthrobacter;psychrolactophilus;Micrococcaceae,270000020481,Bacteria,세균계,Actinomycetota,,Actinomycetes,,Micrococcales,,Micrococcaceae,,"Arthrobacter psychrolactophilus Loveland-Curtze et al., 1999",Arthrobacter psychrolactophilus,,기타,,,,,,,,,,,정명,"Arthrobacter psychrolactophilus Loveland-Curtze et al., 1999"
국립해양생물자원관_해양생물종정보 서비스,https://www.data.go.kr/data/15094770/openapi.do,,marine_life_species,Micromonospora endolithica,세균계; Actinomycetota; Actinomycetes; Micromonosporales; Micromonosporaceae,,,,,Micromonospora endolithica은(는) 해양생물 캐릭터와 과학 동화 소재로 사용할 수 있다.,"해양생물의 생김새, 서식지, 분포를 반영한 과학 동화 소재",국명·학명·서식지·분류체계를 활용한 관찰 질문과 퀴즈,5-7;8-10,해양생물종;Micromonospora;endolithica;Micromonosporaceae,270000010810,Bacteria,세균계,Actinomycetota,,Actinomycetes,,Micromonosporales,,Micromonosporaceae,,Micromonospora endolithica,Micromonospora endolithica,,기타,,,,,,,,,,,정명,Micromonospora endolithica
국립해양생물자원관_해양생물종정보 서비스,https://www.data.go.kr/data/15094770/openapi.do,,marine_life_species,Microbacterium diaminobutyricum,세균계; Actinomycetota; Actinomycetes; Micrococcales; Microbacteriaceae,,,,,Microbacterium diaminobutyricum은(는) 해양생물 캐릭터와 과학 동화 소재로 사용할 수 있다.,"해양생물의 생김새, 서식지, 분포를 반영한 과학 동화 소재",국명·학명·서식지·분류체계를 활용한 관찰 질문과 퀴즈,5-7;8-10,해양생물종;Microbacterium;diaminobutyricum;Microbacteriaceae,270000029254,Bacteria,세균계,Actinomycetota,,Actinomycetes,,Micrococcales,,Microbacteriaceae,,"Microbacterium diaminobutyricum Fidalgo et al., 2016",Microbacterium diaminobutyricum,,기타,,,,,,,,,,,정명,"Microbacterium diaminobutyricum Fidalgo et al., 2016"
국립해양생물자원관_해양생물종정보 서비스,https://www.data.go.kr/data/15094770/openapi.do,,marine_life_species,Microbacterium oryzae,세균계; Actinomycetota; Actinomycetes; Micrococcales; Microbacteriaceae,,,,,Microbacterium oryzae은(는) 해양생물 캐릭터와 과학 동화 소재로 사용할 수 있다.,"해양생물의 생김새, 서식지, 분포를 반영한 과학 동화 소재",국명·학명·서식지·분류체계를 활용한 관찰 질문과 퀴즈,5-7;8-10,해양생물종;Microbacterium;oryzae;Microbacteriaceae,270000010734,Bacteria,세균계,Actinomycetota,,Actinomycetes,,Micrococcales,,Microbacteriaceae,,Microbacterium oryzae,Microbacterium oryzae,,기타,,,,,,,,,,,정명,Microbacterium oryzae
국립해양생물자원관_해양생물종정보 서비스,https://www.data.go.kr/data/15094770/openapi.do,,marine_life_species,Turbinaria conoides,크로미스타계; 대롱편모조식물문; 갈조강; 말목; 모자반과,,,,,Turbinaria conoides은(는) 해양생물 캐릭터와 과학 동화 소재로 사용할 수 있다.,"해양생물의 생김새, 서식지, 분포를 반영한 과학 동화 소재",국명·학명·서식지·분류체계를 활용한 관찰 질문과 퀴즈,5-7;8-10,해양생물종;Turbinaria;conoides;모자반과,270000018530,Chromista,크로미스타계,Ochrophyta,대롱편모조식물문,Phaeophyceae,갈조강,Fucales,말목,Sargassaceae,모자반과,Turbinaria conoides,Turbinaria conoides,,기타,,,,,,,,,,,정명,Turbinaria conoides
국립해양생물자원관_해양생물종정보 서비스,https://www.data.go.kr/data/15094770/openapi.do,,marine_life_species,Trichodesmium thiebautii,세균계; Cyanobacteria; Cyanophyceae; Oscillatoriales; Microcoleaceae,,,,,Trichodesmium thiebautii은(는) 해양생물 캐릭터와 과학 동화 소재로 사용할 수 있다.,"해양생물의 생김새, 서식지, 분포를 반영한 과학 동화 소재",국명·학명·서식지·분류체계를 활용한 관찰 질문과 퀴즈,5-7;8-10,해양생물종;Trichodesmium;thiebautii;Microcoleaceae,270000025695,Bacteria,세균계,Cyanobacteria,,Cyanophyceae,,Oscillatoriales,,Microcoleaceae,,"Trichodesmium thiebautii Gomont ex Gomont, 1890",Trichodesmium thiebautii,,기타,,,,,,,,,,,정명,"Trichodesmium thiebautii Gomont ex Gomont, 1890"
국립해양생물자원관_해양생물종정보 서비스,https://www.data.go.kr/data/15094770/openapi.do,,marine_life_species,Leibleinia willei,세균계; Cyanobacteria; Cyanophyceae; Synechococcales; Leptolyngbyaceae,,,,,Leibleinia willei은(는) 해양생물 캐릭터와 과학 동화 소재로 사용할 수 있다.,"해양생물의 생김새, 서식지, 분포를 반영한 과학 동화 소재",국명·학명·서식지·분류체계를 활용한 관찰 질문과 퀴즈,5-7;8-10,해양생물종;Leibleinia;willei;Leptolyngbyaceae,270000022843,Bacteria,세균계,Cyanobacteria,,Cyanophyceae,,Synechococcales,,Leptolyngbyaceae,,"Leibleinia willei (Setchell & N.L.Gardner) P.C.Silva in Silva, Basson & Moe 1996",Leibleinia willei,,기타,,,,,,,,,,,정명,"Leibleinia willei (Setchell & N.L.Gardner) P.C.Silva in Silva, Basson & Moe 1996"
국립해양생물자원관_해양생물종정보 서비스,https://www.data.go.kr/data/15094770/openapi.do,,marine_life_species,Nocardia kroppenstedtii,세균계; Actinomycetota; Actinomycetes; Mycobacteriales; Nocardiaceae,,,,,Nocardia kroppenstedtii은(는) 해양생물 캐릭터와 과학 동화 소재로 사용할 수 있다.,"해양생물의 생김새, 서식지, 분포를 반영한 과학 동화 소재",국명·학명·서식지·분류체계를 활용한 관찰 질문과 퀴즈,5-7;8-10,해양생물종;Nocardia;kroppenstedtii;Nocardiaceae,270000028965,Bacteria,세균계,Actinomycetota,,Actinomycetes,,Mycobacteriales,,Nocardiaceae,,"Nocardia kroppenstedtii Jones et al., 2014",Nocardia kroppenstedtii,,기타,,,,,,,,,,,정명,"Nocardia kroppenstedtii Jones et al., 2014"
국립해양생물자원관_해양생물종정보 서비스,https://www.data.go.kr/data/15094770/openapi.do,,marine_life_species,Brachybacterium tyrofermentans,세균계; Actinomycetota; Actinomycetes; Micrococcales; Dermabacteraceae,,,,,Brachybacterium tyrofermentans은(는) 해양생물 캐릭터와 과학 동화 소재로 사용할 수 있다.,"해양생물의 생김새, 서식지, 분포를 반영한 과학 동화 소재",국명·학명·서식지·분류체계를 활용한 관찰 질문과 퀴즈,5-7;8-10,해양생물종;Brachybacterium;tyrofermentans;Dermabacteraceae,270000020853,Bacteria,세균계,Actinomycetota,,Actinomycetes,,Micrococcales,,Dermabacteraceae,,"Brachybacterium tyrofermentans Schubert et al., 1996",Brachybacterium tyrofermentans,,기타,,,,,,,,,,,정명,"Brachybacterium tyrofermentans Schubert et al., 1996"
국립해양생물자원관_해양생물종정보 서비스,https://www.data.go.kr/data/15094770/openapi.do,,marine_life_species,Lyngbya confervoides,세균계; Cyanobacteria; Cyanophyceae; Oscillatoriales; Oscillatoriaceae,,,,,Lyngbya confervoides은(는) 해양생물 캐릭터와 과학 동화 소재로 사용할 수 있다.,"해양생물의 생김새, 서식지, 분포를 반영한 과학 동화 소재",국명·학명·서식지·분류체계를 활용한 관찰 질문과 퀴즈,5-7;8-10,해양생물종;Lyngbya;confervoides;Oscillatoriaceae,270000023046,Bacteria,세균계,Cyanobacteria,,Cyanophyceae,,Oscillatoriales,,Oscillatoriaceae,,"Lyngbya confervoides O.Borge, 1918",Lyngbya confervoides,,기타,,,,,,,,,,,정명,"Lyngbya confervoides O.Borge, 1918"
국립해양생물자원관_해양생물종정보 서비스,https://www.data.go.kr/data/15094770/openapi.do,,marine_life_species,Pseudochnoospora implexa,크로미스타계; 대롱편모조식물문; 갈조강; 솜털목; 고리매과,,,,,Pseudochnoospora implexa은(는) 해양생물 캐릭터와 과학 동화 소재로 사용할 수 있다.,"해양생물의 생김새, 서식지, 분포를 반영한 과학 동화 소재",국명·학명·서식지·분류체계를 활용한 관찰 질문과 퀴즈,5-7;8-10,해양생물종;Pseudochnoospora;implexa;고리매과,270000019866,Chromista,크로미스타계,Ochrophyta,대롱편모조식물문,Phaeophyceae,갈조강,Ectocarpales,솜털목,Scytosiphonaceae,고리매과,Pseudochnoospora implexa,Pseudochnoospora implexa,,기타,,,,,,,,,,,정명,Pseudochnoospora implexa
국립해양생물자원관_해양생물종정보 서비스,https://www.data.go.kr/data/15094770/openapi.do,,marine_life_species,Brevibacterium profundi,세균계; Actinomycetota; Actinomycetes; Micrococcales; Brevibacteriaceae,,,,,Brevibacterium profundi은(는) 해양생물 캐릭터와 과학 동화 소재로 사용할 수 있다.,"해양생물의 생김새, 서식지, 분포를 반영한 과학 동화 소재",국명·학명·서식지·분류체계를 활용한 관찰 질문과 퀴즈,5-7;8-10,해양생물종;Brevibacterium;profundi;Brevibacteriaceae,270000027910,Bacteria,세균계,Actinomycetota,,Actinomycetes,,Micrococcales,,Brevibacteriaceae,,"Brevibacterium profundi Pei et al., 2020",Brevibacterium profundi,,기타,,,,,,,,,,,정명,"Brevibacterium profundi Pei et al., 2020"
국립해양생물자원관_해양생물종정보 서비스,https://www.data.go.kr/data/15094770/openapi.do,,marine_life_species,Microbacterium sediminis,세균계; Actinomycetota; Actinomycetes; Micrococcales; Microbacteriaceae,,,,,Microbacterium sediminis은(는) 해양생물 캐릭터와 과학 동화 소재로 사용할 수 있다.,"해양생물의 생김새, 서식지, 분포를 반영한 과학 동화 소재",국명·학명·서식지·분류체계를 활용한 관찰 질문과 퀴즈,5-7;8-10,해양생물종;Microbacterium;sediminis;Microbacteriaceae,270000028960,Bacteria,세균계,Actinomycetota,,Actinomycetes,,Micrococcales,,Microbacteriaceae,,"Microbacterium sediminis Yu et al., 2013",Microbacterium sediminis,,기타,,,,,,,,,,,정명,"Microbacterium sediminis Yu et al., 2013"
국립해양생물자원관_해양생물종정보 서비스,https://www.data.go.kr/data/15094770/openapi.do,,marine_life_species,Merismopedia punctata,세균계; Cyanobacteria; Cyanophyceae; Synechococcales; Merismopediaceae,,,,,Merismopedia punctata은(는) 해양생물 캐릭터와 과학 동화 소재로 사용할 수 있다.,"해양생물의 생김새, 서식지, 분포를 반영한 과학 동화 소재",국명·학명·서식지·분류체계를 활용한 관찰 질문과 퀴즈,5-7;8-10,해양생물종;Merismopedia;punctata;Merismopediaceae,270000023253,Bacteria,세균계,Cyanobacteria,,Cyanophyceae,,Synechococcales,,Merismopediaceae,,"Merismopedia punctata Meyen, 1839",Merismopedia punctata,,기타,,,,,,,,,,,정명,"Merismopedia punctata Meyen, 1839"
국립해양생물자원관_해양생물종정보 서비스,https://www.data.go.kr/data/15094770/openapi.do,,marine_life_species,Paenarthrobacter nicotinovorans,세균계; Actinomycetota; Actinomycetes; Micrococcales; Micrococcaceae,,,,,Paenarthrobacter nicotinovorans은(는) 해양생물 캐릭터와 과학 동화 소재로 사용할 수 있다.,"해양생물의 생김새, 서식지, 분포를 반영한 과학 동화 소재",국명·학명·서식지·분류체계를 활용한 관찰 질문과 퀴즈,5-7;8-10,해양생물종;Paenarthrobacter;nicotinovorans;Micrococcaceae,270000023830,Bacteria,세균계,Actinomycetota,,Actinomycetes,,Micrococcales,,Micrococcaceae,,"Paenarthrobacter nicotinovorans (Kodama et al., 1992) Busse 2016",Paenarthrobacter nicotinovorans,,기타,,,,,,,,,,,정명,"Paenarthrobacter nicotinovorans (Kodama et al., 1992) Busse 2016"
국립해양생물자원관_해양생물종정보 서비스,https://www.data.go.kr/data/15094770/openapi.do,,marine_life_species,Mycobacterium flavescens,세균계; Actinomycetota; Actinomycetes; Mycobacteriales; Mycobacteriaceae,,,,,Mycobacterium flavescens은(는) 해양생물 캐릭터와 과학 동화 소재로 사용할 수 있다.,"해양생물의 생김새, 서식지, 분포를 반영한 과학 동화 소재",국명·학명·서식지·분류체계를 활용한 관찰 질문과 퀴즈,5-7;8-10,해양생물종;Mycobacterium;flavescens;Mycobacteriaceae,270000023477,Bacteria,세균계,Actinomycetota,,Actinomycetes,,Mycobacteriales,,Mycobacteriaceae,,"Mycobacterium flavescens Bojalil et al., 1962",Mycobacterium flavescens,,기타,,,,,,,,,,,정명,"Mycobacterium flavescens Bojalil et al., 1962"
국립해양생물자원관_해양생물종정보 서비스,https://www.data.go.kr/data/15094770/openapi.do,,marine_life_species,Mycobacterium chubuense,세균계; Actinomycetota; Actinomycetes; Mycobacteriales; Mycobacteriaceae,,,,,Mycobacterium chubuense은(는) 해양생물 캐릭터와 과학 동화 소재로 사용할 수 있다.,"해양생물의 생김새, 서식지, 분포를 반영한 과학 동화 소재",국명·학명·서식지·분류체계를 활용한 관찰 질문과 퀴즈,5-7;8-10,해양생물종;Mycobacterium;chubuense;Mycobacteriaceae,270000023475,Bacteria,세균계,Actinomycetota,,Actinomycetes,,Mycobacteriales,,Mycobacteriaceae,,"Mycobacterium chubuense (ex Tsukamura, 1973) Tsukamura, 1981",Mycobacterium chubuense,,기타,,,,,,,,,,,정명,"Mycobacterium chubuense (ex Tsukamura, 1973) Tsukamura, 1981"
국립해양생물자원관_해양생물종정보 서비스,https://www.data.go.kr/data/15094770/openapi.do,,marine_life_species,Microbacterium flavescens,세균계; Actinomycetota; Actinomycetes; Micrococcales; Microbacteriaceae,,,,,Microbacterium flavescens은(는) 해양생물 캐릭터와 과학 동화 소재로 사용할 수 있다.,"해양생물의 생김새, 서식지, 분포를 반영한 과학 동화 소재",국명·학명·서식지·분류체계를 활용한 관찰 질문과 퀴즈,5-7;8-10,해양생물종;Microbacterium;flavescens;Microbacteriaceae,270000027976,Bacteria,세균계,Actinomycetota,,Actinomycetes,,Micrococcales,,Microbacteriaceae,,Microbacterium flavescens (Lochhead 1958) Takeuchi & Hatano 1998,Microbacterium flavescens,,기타,,,,,,,,,,,정명,Microbacterium flavescens (Lochhead 1958) Takeuchi & Hatano 1998
국립해양생물자원관_해양생물종정보 서비스,https://www.data.go.kr/data/15094770/openapi.do,,marine_life_species,Micrococcus antarcticus,세균계; Actinomycetota; Actinomycetes; Micrococcales; Micrococcaceae,,,,,Micrococcus antarcticus은(는) 해양생물 캐릭터와 과학 동화 소재로 사용할 수 있다.,"해양생물의 생김새, 서식지, 분포를 반영한 과학 동화 소재",국명·학명·서식지·분류체계를 활용한 관찰 질문과 퀴즈,5-7;8-10,해양생물종;Micrococcus;antarcticus;Micrococcaceae,270000023350,Bacteria,세균계,Actinomycetota,,Actinomycetes,,Micrococcales,,Micrococcaceae,,"Micrococcus antarcticus Liu et al., 2000",Micrococcus antarcticus,,기타,,,,,,,,,,,정명,"Micrococcus antarcticus Liu et al., 2000"
국립해양생물자원관_해양생물종정보 서비스,https://www.data.go.kr/data/15094770/openapi.do,,marine_life_species,Williamsia muralis,세균계; Actinomycetota; Actinomycetes; Mycobacteriales; Gordoniaceae,,,,,Williamsia muralis은(는) 해양생물 캐릭터와 과학 동화 소재로 사용할 수 있다.,"해양생물의 생김새, 서식지, 분포를 반영한 과학 동화 소재",국명·학명·서식지·분류체계를 활용한 관찰 질문과 퀴즈,5-7;8-10,해양생물종;Williamsia;muralis;Gordoniaceae,270000025964,Bacteria,세균계,Actinomycetota,,Actinomycetes,,Mycobacteriales,,Gordoniaceae,,"Williamsia muralis Kämpfer et al., 1999",Williamsia muralis,,기타,,,,,,,,,,,정명,"Williamsia muralis Kämpfer et al., 1999"
국립해양생물자원관_해양생물종정보 서비스,https://www.data.go.kr/data/15094770/openapi.do,,marine_life_species,Chroococcus varius,세균계; Cyanobacteria; Cyanophyceae; Chroococcales; Chroococcaceae,,,,,Chroococcus varius은(는) 해양생물 캐릭터와 과학 동화 소재로 사용할 수 있다.,"해양생물의 생김새, 서식지, 분포를 반영한 과학 동화 소재",국명·학명·서식지·분류체계를 활용한 관찰 질문과 퀴즈,5-7;8-10,해양생물종;Chroococcus;varius;Chroococcaceae,270000021236,Bacteria,세균계,Cyanobacteria,,Cyanophyceae,,Chroococcales,,Chroococcaceae,,"Chroococcus varius Rabenhorst, 1876",Chroococcus varius,,기타,,,,,,,,,,,정명,"Chroococcus varius Rabenhorst, 1876"
국립해양생물자원관_해양생물종정보 서비스,https://www.data.go.kr/data/15094770/openapi.do,,marine_life_species,Nocardioides aquiterrae,세균계; Actinomycetota; Actinomycetes; Propionibacteriales; Nocardioidaceae,,,,,Nocardioides aquiterrae은(는) 해양생물 캐릭터와 과학 동화 소재로 사용할 수 있다.,"해양생물의 생김새, 서식지, 분포를 반영한 과학 동화 소재",국명·학명·서식지·분류체계를 활용한 관찰 질문과 퀴즈,5-7;8-10,해양생물종;Nocardioides;aquiterrae;Nocardioidaceae,270000011779,Bacteria,세균계,Actinomycetota,,Actinomycetes,,Propionibacteriales,,Nocardioidaceae,,Nocardioides aquiterrae,Nocardioides aquiterrae,,기타,,,,,,,,,,,정명,Nocardioides aquiterrae
국립해양생물자원관_해양생물종정보 서비스,https://www.data.go.kr/data/15094770/openapi.do,,marine_life_species,Mycolicibacterium sphagni,세균계; Actinomycetota; Actinomycetes; Mycobacteriales; Mycobacteriaceae,,,,,Mycolicibacterium sphagni은(는) 해양생물 캐릭터와 과학 동화 소재로 사용할 수 있다.,"해양생물의 생김새, 서식지, 분포를 반영한 과학 동화 소재",국명·학명·서식지·분류체계를 활용한 관찰 질문과 퀴즈,5-7;8-10,해양생물종;Mycolicibacterium;sphagni;Mycobacteriaceae,270000019796,Bacteria,세균계,Actinomycetota,,Actinomycetes,,Mycobacteriales,,Mycobacteriaceae,,Mycolicibacterium sphagni,Mycolicibacterium sphagni,,기타,,,,,,,,,,,정명,Mycolicibacterium sphagni
국립해양생물자원관_해양생물종정보 서비스,https://www.data.go.kr/data/15094770/openapi.do,,marine_life_species,Cellulomonas algicola,세균계; Actinomycetota; Actinomycetes; Micrococcales; Cellulomonadaceae,,,,,Cellulomonas algicola은(는) 해양생물 캐릭터와 과학 동화 소재로 사용할 수 있다.,"해양생물의 생김새, 서식지, 분포를 반영한 과학 동화 소재",국명·학명·서식지·분류체계를 활용한 관찰 질문과 퀴즈,5-7;8-10,해양생물종;Cellulomonas;algicola;Cellulomonadaceae,270000029335,Bacteria,세균계,Actinomycetota,,Actinomycetes,,Micrococcales,,Cellulomonadaceae,,"Cellulomonas algicola Yamamura et al., 2019",Cellulomonas algicola,,기타,,,,,,,,,,,정명,"Cellulomonas algicola Yamamura et al., 2019"
국립해양생물자원관_해양생물종정보 서비스,https://www.data.go.kr/data/15094770/openapi.do,,marine_life_species,Brachybacterium sacelli,세균계; Actinomycetota; Actinomycetes; Micrococcales; Dermabacteraceae,,,,,Brachybacterium sacelli은(는) 해양생물 캐릭터와 과학 동화 소재로 사용할 수 있다.,"해양생물의 생김새, 서식지, 분포를 반영한 과학 동화 소재",국명·학명·서식지·분류체계를 활용한 관찰 질문과 퀴즈,5-7;8-10,해양생물종;Brachybacterium;sacelli;Dermabacteraceae,270000020851,Bacteria,세균계,Actinomycetota,,Actinomycetes,,Micrococcales,,Dermabacteraceae,,"Brachybacterium sacelli Heyrman et al., 2002",Brachybacterium sacelli,,기타,,,,,,,,,,,정명,"Brachybacterium sacelli Heyrman et al., 2002"
국립해양생물자원관_해양생물종정보 서비스,https://www.data.go.kr/data/15094770/openapi.do,,marine_life_species,Blennothrix cantharidosma,세균계; Cyanobacteria; Cyanophyceae; Oscillatoriales; Oscillatoriaceae,,,,,Blennothrix cantharidosma은(는) 해양생물 캐릭터와 과학 동화 소재로 사용할 수 있다.,"해양생물의 생김새, 서식지, 분포를 반영한 과학 동화 소재",국명·학명·서식지·분류체계를 활용한 관찰 질문과 퀴즈,5-7;8-10,해양생물종;Blennothrix;cantharidosma;Oscillatoriaceae,270000020808,Bacteria,세균계,Cyanobacteria,,Cyanophyceae,,Oscillatoriales,,Oscillatoriaceae,,"Blennothrix cantharidosma (Gomont ex Gomont) Anagnostidis & Komárek, 1988",Blennothrix cantharidosma,,기타,,,,,,,,,,,정명,"Blennothrix cantharidosma (Gomont ex Gomont) Anagnostidis & Komárek, 1988"
국립해양생물자원관_해양생물종정보 서비스,https://www.data.go.kr/data/15094770/openapi.do,,marine_life_species,Microcystis aeruginosa,세균계; Cyanobacteria; Cyanophyceae; Chroococcales; Microcystaceae,,,,,Microcystis aeruginosa은(는) 해양생물 캐릭터와 과학 동화 소재로 사용할 수 있다.,"해양생물의 생김새, 서식지, 분포를 반영한 과학 동화 소재",국명·학명·서식지·분류체계를 활용한 관찰 질문과 퀴즈,5-7;8-10,해양생물종;Microcystis;aeruginosa;Microcystaceae,270000023355,Bacteria,세균계,Cyanobacteria,,Cyanophyceae,,Chroococcales,,Microcystaceae,,"Microcystis aeruginosa (Kützing) Kützing, 1846",Microcystis aeruginosa,,기타,,,,,,,,,,,정명,"Microcystis aeruginosa (Kützing) Kützing, 1846"
국립해양생물자원관_해양생물종정보 서비스,https://www.data.go.kr/data/15094770/openapi.do,,marine_life_species,Agromyces aurantiacus,세균계; Actinomycetota; Actinomycetes; Micrococcales; Microbacteriaceae,,,,,Agromyces aurantiacus은(는) 해양생물 캐릭터와 과학 동화 소재로 사용할 수 있다.,"해양생물의 생김새, 서식지, 분포를 반영한 과학 동화 소재",국명·학명·서식지·분류체계를 활용한 관찰 질문과 퀴즈,5-7;8-10,해양생물종;Agromyces;aurantiacus;Microbacteriaceae,270000020129,Bacteria,세균계,Actinomycetota,,Actinomycetes,,Micrococcales,,Microbacteriaceae,,"Agromyces aurantiacus Li et al., 2003",Agromyces aurantiacus,,기타,,,,,,,,,,,정명,"Agromyces aurantiacus Li et al., 2003"
국립해양생물자원관_해양생물종정보 서비스,https://www.data.go.kr/data/15094770/openapi.do,,marine_life_species,Synechocystis aquatilis,세균계; Cyanobacteria; Cyanophyceae; Synechococcales; Merismopediaceae,,,,,Synechocystis aquatilis은(는) 해양생물 캐릭터와 과학 동화 소재로 사용할 수 있다.,"해양생물의 생김새, 서식지, 분포를 반영한 과학 동화 소재",국명·학명·서식지·분류체계를 활용한 관찰 질문과 퀴즈,5-7;8-10,해양생물종;Synechocystis;aquatilis;Merismopediaceae,270000025466,Bacteria,세균계,Cyanobacteria,,Cyanophyceae,,Synechococcales,,Merismopediaceae,,"Synechocystis aquatilis Sauvageau, 1892",Synechocystis aquatilis,,기타,,,,,,,,,,,정명,"Synechocystis aquatilis Sauvageau, 1892"
국립해양생물자원관_해양생물종정보 서비스,https://www.data.go.kr/data/15094770/openapi.do,,marine_life_species,Paraoerskovia sediminicola,세균계; Actinomycetota; Actinomycetes; Micrococcales; Promicromonosporaceae,,,,,Paraoerskovia sediminicola은(는) 해양생물 캐릭터와 과학 동화 소재로 사용할 수 있다.,"해양생물의 생김새, 서식지, 분포를 반영한 과학 동화 소재",국명·학명·서식지·분류체계를 활용한 관찰 질문과 퀴즈,5-7;8-10,해양생물종;Paraoerskovia;sediminicola;Promicromonosporaceae,270000023963,Bacteria,세균계,Actinomycetota,,Actinomycetes,,Micrococcales,,Promicromonosporaceae,,"Paraoerskovia sediminicola Hamada et al., 2013",Paraoerskovia sediminicola,,기타,,,,,,,,,,,정명,"Paraoerskovia sediminicola Hamada et al., 2013"
국립해양생물자원관_해양생물종정보 서비스,https://www.data.go.kr/data/15094770/openapi.do,,marine_life_species,Microbacterium arborescens,세균계; Actinomycetota; Actinomycetes; Micrococcales; Microbacteriaceae,,,,,Microbacterium arborescens은(는) 해양생물 캐릭터와 과학 동화 소재로 사용할 수 있다.,"해양생물의 생김새, 서식지, 분포를 반영한 과학 동화 소재",국명·학명·서식지·분류체계를 활용한 관찰 질문과 퀴즈,5-7;8-10,해양생물종;Microbacterium;arborescens;Microbacteriaceae,270000023300,Bacteria,세균계,Actinomycetota,,Actinomycetes,,Micrococcales,,Microbacteriaceae,,"Microbacterium arborescens (ex Frankland & Frankland) Imai et al., 1984",Microbacterium arborescens,,기타,,,,,,,,,,,정명,"Microbacterium arborescens (ex Frankland & Frankland) Imai et al., 1984"
국립해양생물자원관_해양생물종정보 서비스,https://www.data.go.kr/data/15094770/openapi.do,,marine_life_species,Dictyota humifusa,크로미스타계; 대롱편모조식물문; 갈조강; 그물바탕말목; 그물바탕말과,,,,,Dictyota humifusa은(는) 해양생물 캐릭터와 과학 동화 소재로 사용할 수 있다.,"해양생물의 생김새, 서식지, 분포를 반영한 과학 동화 소재",국명·학명·서식지·분류체계를 활용한 관찰 질문과 퀴즈,5-7;8-10,해양생물종;Dictyota;humifusa;그물바탕말과,270000005385,Chromista,크로미스타계,Ochrophyta,대롱편모조식물문,Phaeophyceae,갈조강,Dictyotales,그물바탕말목,Dictyotaceae,그물바탕말과,Dictyota humifusa,Dictyota humifusa,,기타,,,,,,,,,,,정명,Dictyota humifusa
국립해양생물자원관_해양생물종정보 서비스,https://www.data.go.kr/data/15094770/openapi.do,,marine_life_species,Scytonematopsis crustacea,세균계; Cyanobacteria; Cyanophyceae; Nostocales; Scytonemataceae,,,,,Scytonematopsis crustacea은(는) 해양생물 캐릭터와 과학 동화 소재로 사용할 수 있다.,"해양생물의 생김새, 서식지, 분포를 반영한 과학 동화 소재",국명·학명·서식지·분류체계를 활용한 관찰 질문과 퀴즈,5-7;8-10,해양생물종;Scytonematopsis;crustacea;Scytonemataceae,270000025052,Bacteria,세균계,Cyanobacteria,,Cyanophyceae,,Nostocales,,Scytonemataceae,,"Scytonematopsis crustacea (Thuret ex Bornet & Flahault) Koválik & Komárek, 1988",Scytonematopsis crustacea,,기타,,,,,,,,,,,정명,"Scytonematopsis crustacea (Thuret ex Bornet & Flahault) Koválik & Komárek, 1988"
국립해양생물자원관_해양생물종정보 서비스,https://www.data.go.kr/data/15094770/openapi.do,,marine_life_species,Phormidium corallinae,세균계; Cyanobacteria; Cyanophyceae; Oscillatoriales; Oscillatoriaceae,,,,,Phormidium corallinae은(는) 해양생물 캐릭터와 과학 동화 소재로 사용할 수 있다.,"해양생물의 생김새, 서식지, 분포를 반영한 과학 동화 소재",국명·학명·서식지·분류체계를 활용한 관찰 질문과 퀴즈,5-7;8-10,해양생물종;Phormidium;corallinae;Oscillatoriaceae,270000024178,Bacteria,세균계,Cyanobacteria,,Cyanophyceae,,Oscillatoriales,,Oscillatoriaceae,,"Phormidium corallinae (Gomont ex Gomont) Anagnostidis & Komárek, 1988",Phormidium corallinae,,기타,,,,,,,,,,,정명,"Phormidium corallinae (Gomont ex Gomont) Anagnostidis & Komárek, 1988"
국립해양생물자원관_해양생물종정보 서비스,https://www.data.go.kr/data/15094770/openapi.do,,marine_life_species,Gordonia aquimaris,세균계; Actinomycetota; Actinomycetes; Mycobacteriales; Gordoniaceae,,,,,Gordonia aquimaris은(는) 해양생물 캐릭터와 과학 동화 소재로 사용할 수 있다.,"해양생물의 생김새, 서식지, 분포를 반영한 과학 동화 소재",국명·학명·서식지·분류체계를 활용한 관찰 질문과 퀴즈,5-7;8-10,해양생물종;Gordonia;aquimaris;Gordoniaceae,270000029388,Bacteria,세균계,Actinomycetota,,Actinomycetes,,Mycobacteriales,,Gordoniaceae,,"Gordonia aquimaris Pansomsuay et al., 2023",Gordonia aquimaris,,기타,,,,,,,,,,,정명,"Gordonia aquimaris Pansomsuay et al., 2023"
국립해양생물자원관_해양생물종정보 서비스,https://www.data.go.kr/data/15094770/openapi.do,,marine_life_species,Leucobacter margaritiformis,세균계; Actinomycetota; Actinomycetes; Micrococcales; Microbacteriaceae,,,,,Leucobacter margaritiformis은(는) 해양생물 캐릭터와 과학 동화 소재로 사용할 수 있다.,"해양생물의 생김새, 서식지, 분포를 반영한 과학 동화 소재",국명·학명·서식지·분류체계를 활용한 관찰 질문과 퀴즈,5-7;8-10,해양생물종;Leucobacter;margaritiformis;Microbacteriaceae,270000022881,Bacteria,세균계,Actinomycetota,,Actinomycetes,,Micrococcales,,Microbacteriaceae,,"Leucobacter margaritiformis Lee & Lee, 2012",Leucobacter margaritiformis,,기타,,,,,,,,,,,정명,"Leucobacter margaritiformis Lee & Lee, 2012"
국립해양생물자원관_해양생물종정보 서비스,https://www.data.go.kr/data/15094770/openapi.do,,marine_life_species,Microbacterium phyllosphaerae,세균계; Actinomycetota; Actinomycetes; Micrococcales; Microbacteriaceae,,,,,Microbacterium phyllosphaerae은(는) 해양생물 캐릭터와 과학 동화 소재로 사용할 수 있다.,"해양생물의 생김새, 서식지, 분포를 반영한 과학 동화 소재",국명·학명·서식지·분류체계를 활용한 관찰 질문과 퀴즈,5-7;8-10,해양생물종;Microbacterium;phyllosphaerae;Microbacteriaceae,270000023323,Bacteria,세균계,Actinomycetota,,Actinomycetes,,Micrococcales,,Microbacteriaceae,,"Microbacterium phyllosphaerae Behrendt et al., 2001",Microbacterium phyllosphaerae,,기타,,,,,,,,,,,정명,"Microbacterium phyllosphaerae Behrendt et al., 2001"
국립해양생물자원관_해양생물종정보 서비스,https://www.data.go.kr/data/15094770/openapi.do,,marine_life_species,Aeromicrobium halocynthiae,세균계; Actinomycetota; Actinomycetes; Propionibacteriales; Nocardioidaceae,,,,,Aeromicrobium halocynthiae은(는) 해양생물 캐릭터와 과학 동화 소재로 사용할 수 있다.,"해양생물의 생김새, 서식지, 분포를 반영한 과학 동화 소재",국명·학명·서식지·분류체계를 활용한 관찰 질문과 퀴즈,5-7;8-10,해양생물종;Aeromicrobium;halocynthiae;Nocardioidaceae,270000029343,Bacteria,세균계,Actinomycetota,,Actinomycetes,,Propionibacteriales,,Nocardioidaceae,,"Aeromicrobium halocynthiae Kim et al., 2010",Aeromicrobium halocynthiae,,기타,,,,,,,,,,,정명,"Aeromicrobium halocynthiae Kim et al., 2010"
국립해양생물자원관_해양생물종정보 서비스,https://www.data.go.kr/data/15094770/openapi.do,,marine_life_species,Cellulosimicrobium terreum,세균계; Actinomycetota; Actinomycetes; Micrococcales; Promicromonosporaceae,,,,,Cellulosimicrobium terreum은(는) 해양생물 캐릭터와 과학 동화 소재로 사용할 수 있다.,"해양생물의 생김새, 서식지, 분포를 반영한 과학 동화 소재",국명·학명·서식지·분류체계를 활용한 관찰 질문과 퀴즈,5-7;8-10,해양생물종;Cellulosimicrobium;terreum;Promicromonosporaceae,270000021061,Bacteria,세균계,Actinomycetota,,Actinomycetes,,Micrococcales,,Promicromonosporaceae,,"Cellulosimicrobium terreum Yoon et al., 2007",Cellulosimicrobium terreum,,기타,,,,,,,,,,,정명,"Cellulosimicrobium terreum Yoon et al., 2007"
국립해양생물자원관_해양생물종정보 서비스,https://www.data.go.kr/data/15094770/openapi.do,,marine_life_species,Microbacterium flavum,세균계; Actinomycetota; Actinomycetes; Micrococcales; Microbacteriaceae,,,,,Microbacterium flavum은(는) 해양생물 캐릭터와 과학 동화 소재로 사용할 수 있다.,"해양생물의 생김새, 서식지, 분포를 반영한 과학 동화 소재",국명·학명·서식지·분류체계를 활용한 관찰 질문과 퀴즈,5-7;8-10,해양생물종;Microbacterium;flavum;Microbacteriaceae,270000028729,Bacteria,세균계,Actinomycetota,,Actinomycetes,,Micrococcales,,Microbacteriaceae,,"Microbacterium flavum Kageyama et al., 2008",Microbacterium flavum,,기타,,,,,,,,,,,정명,"Microbacterium flavum Kageyama et al., 2008"
국립해양생물자원관_해양생물종정보 서비스,https://www.data.go.kr/data/15094770/openapi.do,,marine_life_species,Mycobacterium iranicum,세균계; Actinomycetota; Actinomycetes; Mycobacteriales; Mycobacteriaceae,,,,,Mycobacterium iranicum은(는) 해양생물 캐릭터와 과학 동화 소재로 사용할 수 있다.,"해양생물의 생김새, 서식지, 분포를 반영한 과학 동화 소재",국명·학명·서식지·분류체계를 활용한 관찰 질문과 퀴즈,5-7;8-10,해양생물종;Mycobacterium;iranicum;Mycobacteriaceae,270000023482,Bacteria,세균계,Actinomycetota,,Actinomycetes,,Mycobacteriales,,Mycobacteriaceae,,"Mycobacterium iranicum Shojaei et al., 2013",Mycobacterium iranicum,,기타,,,,,,,,,,,정명,"Mycobacterium iranicum Shojaei et al., 2013"
국립해양생물자원관_해양생물종정보 서비스,https://www.data.go.kr/data/15094770/openapi.do,,marine_life_species,Caulocystis cephalornithos,크로미스타계; 대롱편모조식물문; 갈조강; 말목; 모자반과,,,,,Caulocystis cephalornithos은(는) 해양생물 캐릭터와 과학 동화 소재로 사용할 수 있다.,"해양생물의 생김새, 서식지, 분포를 반영한 과학 동화 소재",국명·학명·서식지·분류체계를 활용한 관찰 질문과 퀴즈,5-7;8-10,해양생물종;Caulocystis;cephalornithos;모자반과,270000003160,Chromista,크로미스타계,Ochrophyta,대롱편모조식물문,Phaeophyceae,갈조강,Fucales,말목,Sargassaceae,모자반과,Caulocystis cephalornithos,Caulocystis cephalornithos,,기타,,,,,,,,,,,정명,Caulocystis cephalornithos
국립해양생물자원관_해양생물종정보 서비스,https://www.data.go.kr/data/15094770/openapi.do,,marine_life_species,Aestuariimicrobium kwangyangense,세균계; Actinomycetota; Actinomycetes; Propionibacteriales; Propionibacteriaceae,,,,,Aestuariimicrobium kwangyangense은(는) 해양생물 캐릭터와 과학 동화 소재로 사용할 수 있다.,"해양생물의 생김새, 서식지, 분포를 반영한 과학 동화 소재",국명·학명·서식지·분류체계를 활용한 관찰 질문과 퀴즈,5-7;8-10,해양생물종;Aestuariimicrobium;kwangyangense;Propionibacteriaceae,270000020110,Bacteria,세균계,Actinomycetota,,Actinomycetes,,Propionibacteriales,,Propionibacteriaceae,,"Aestuariimicrobium kwangyangense Jung et al., 2007",Aestuariimicrobium kwangyangense,,기타,,,,,,,,,,,정명,"Aestuariimicrobium kwangyangense Jung et al., 2007"
국립해양생물자원관_해양생물종정보 서비스,https://www.data.go.kr/data/15094770/openapi.do,,marine_life_species,Saccharopolyspora rectivirgula,세균계; Actinomycetota; Actinomycetes; Pseudonocardiales; Pseudonocardiaceae,,,,,Saccharopolyspora rectivirgula은(는) 해양생물 캐릭터와 과학 동화 소재로 사용할 수 있다.,"해양생물의 생김새, 서식지, 분포를 반영한 과학 동화 소재",국명·학명·서식지·분류체계를 활용한 관찰 질문과 퀴즈,5-7;8-10,해양생물종;Saccharopolyspora;rectivirgula;Pseudonocardiaceae,270000024921,Bacteria,세균계,Actinomycetota,,Actinomycetes,,Pseudonocardiales,,Pseudonocardiaceae,,"Saccharopolyspora rectivirgula (Krassilnikov & Agre) Korn-Wendisch et al., 1989",Saccharopolyspora rectivirgula,,기타,,,,,,,,,,,정명,"Saccharopolyspora rectivirgula (Krassilnikov & Agre) Korn-Wendisch et al., 1989"
국립해양생물자원관_해양생물종정보 서비스,https://www.data.go.kr/data/15094770/openapi.do,,marine_life_species,Micromonospora aurantiaca,세균계; Actinomycetota; Actinomycetes; Micromonosporales; Micromonosporaceae,,,,,Micromonospora aurantiaca은(는) 해양생물 캐릭터와 과학 동화 소재로 사용할 수 있다.,"해양생물의 생김새, 서식지, 분포를 반영한 과학 동화 소재",국명·학명·서식지·분류체계를 활용한 관찰 질문과 퀴즈,5-7;8-10,해양생물종;Micromonospora;aurantiaca;Micromonosporaceae,270000010808,Bacteria,세균계,Actinomycetota,,Actinomycetes,,Micromonosporales,,Micromonosporaceae,,Micromonospora aurantiaca,Micromonospora aurantiaca,,기타,,,,,,,,,,,정명,Micromonospora aurantiaca
국립해양생물자원관_해양생물종정보 서비스,https://www.data.go.kr/data/15094770/openapi.do,,marine_life_species,Dictyota rigida,크로미스타계; 대롱편모조식물문; 갈조강; 그물바탕말목; 그물바탕말과,,,,,Dictyota rigida은(는) 해양생물 캐릭터와 과학 동화 소재로 사용할 수 있다.,"해양생물의 생김새, 서식지, 분포를 반영한 과학 동화 소재",국명·학명·서식지·분류체계를 활용한 관찰 질문과 퀴즈,5-7;8-10,해양생물종;Dictyota;rigida;그물바탕말과,270000021979,Chromista,크로미스타계,Ochrophyta,대롱편모조식물문,Phaeophyceae,갈조강,Dictyotales,그물바탕말목,Dictyotaceae,그물바탕말과,"Dictyota rigida De Clerck & Coppejans, 1999",Dictyota rigida,,기타,,,,,,,,,,,정명,"Dictyota rigida De Clerck & Coppejans, 1999"
국립해양생물자원관_해양생물종정보 서비스,https://www.data.go.kr/data/15094770/openapi.do,,marine_life_species,Ishige sinicola,크로미스타계; 대롱편모조식물문; 갈조강; 패목; 패과,,,,,Ishige sinicola은(는) 해양생물 캐릭터와 과학 동화 소재로 사용할 수 있다.,"해양생물의 생김새, 서식지, 분포를 반영한 과학 동화 소재",국명·학명·서식지·분류체계를 활용한 관찰 질문과 퀴즈,5-7;8-10,해양생물종;Ishige;sinicola;패과,270000008785,Chromista,크로미스타계,Ochrophyta,대롱편모조식물문,Phaeophyceae,갈조강,Ishigeales,패목,Ishigeaceae,패과,Ishige sinicola,Ishige sinicola,,기타,,,,,,,,,,,정명,Ishige sinicola
국립해양생물자원관_해양생물종정보 서비스,https://www.data.go.kr/data/15094770/openapi.do,,marine_life_species,Tessaracoccus profundi,세균계; Actinomycetota; Actinomycetes; Propionibacteriales; Propionibacteriaceae,,,,,Tessaracoccus profundi은(는) 해양생물 캐릭터와 과학 동화 소재로 사용할 수 있다.,"해양생물의 생김새, 서식지, 분포를 반영한 과학 동화 소재",국명·학명·서식지·분류체계를 활용한 관찰 질문과 퀴즈,5-7;8-10,해양생물종;Tessaracoccus;profundi;Propionibacteriaceae,270000017720,Bacteria,세균계,Actinomycetota,,Actinomycetes,,Propionibacteriales,,Propionibacteriaceae,,Tessaracoccus profundi,Tessaracoccus profundi,,기타,,,,,,,,,,,정명,Tessaracoccus profundi
국립해양생물자원관_해양생물종정보 서비스,https://www.data.go.kr/data/15094770/openapi.do,,marine_life_species,Arthrobacter rhombi,세균계; Actinomycetota; Actinomycetes; Micrococcales; Micrococcaceae,,,,,Arthrobacter rhombi은(는) 해양생물 캐릭터와 과학 동화 소재로 사용할 수 있다.,"해양생물의 생김새, 서식지, 분포를 반영한 과학 동화 소재",국명·학명·서식지·분류체계를 활용한 관찰 질문과 퀴즈,5-7;8-10,해양생물종;Arthrobacter;rhombi;Micrococcaceae,270000020483,Bacteria,세균계,Actinomycetota,,Actinomycetes,,Micrococcales,,Micrococcaceae,,"Arthrobacter rhombi Osorio et al., 1999",Arthrobacter rhombi,,기타,,,,,,,,,,,정명,"Arthrobacter rhombi Osorio et al., 1999"
국립해양생물자원관_해양생물종정보 서비스,https://www.data.go.kr/data/15094770/openapi.do,,marine_life_species,Agromyces arachidis,세균계; Actinomycetota; Actinomycetes; Micrococcales; Microbacteriaceae,,,,,Agromyces arachidis은(는) 해양생물 캐릭터와 과학 동화 소재로 사용할 수 있다.,"해양생물의 생김새, 서식지, 분포를 반영한 과학 동화 소재",국명·학명·서식지·분류체계를 활용한 관찰 질문과 퀴즈,5-7;8-10,해양생물종;Agromyces;arachidis;Microbacteriaceae,270000000507,Bacteria,세균계,Actinomycetota,,Actinomycetes,,Micrococcales,,Microbacteriaceae,,Agromyces arachidis,Agromyces arachidis,,기타,,,,,,,,,,,정명,Agromyces arachidis
국립해양생물자원관_해양생물종정보 서비스,https://www.data.go.kr/data/15094770/openapi.do,,marine_life_species,Paeniglutamicibacter antarcticus,세균계; Actinomycetota; Actinomycetes; Micrococcales; Micrococcaceae,,,,,Paeniglutamicibacter antarcticus은(는) 해양생물 캐릭터와 과학 동화 소재로 사용할 수 있다.,"해양생물의 생김새, 서식지, 분포를 반영한 과학 동화 소재",국명·학명·서식지·분류체계를 활용한 관찰 질문과 퀴즈,5-7;8-10,해양생물종;Paeniglutamicibacter;antarcticus;Micrococcaceae,270000030624,Bacteria,세균계,Actinomycetota,,Actinomycetes,,Micrococcales,,Micrococcaceae,,"Paeniglutamicibacter antarcticus (Pindi et al., 2010) Busse, 2016",Paeniglutamicibacter antarcticus,,기타,,,,,,,,,,,정명,"Paeniglutamicibacter antarcticus (Pindi et al., 2010) Busse, 2016"
국립해양생물자원관_해양생물종정보 서비스,https://www.data.go.kr/data/15094770/openapi.do,,marine_life_species,Calidifontibacter indicus,세균계; Actinomycetota; Actinomycetes; Micrococcales; Dermacoccaceae,,,,,Calidifontibacter indicus은(는) 해양생물 캐릭터와 과학 동화 소재로 사용할 수 있다.,"해양생물의 생김새, 서식지, 분포를 반영한 과학 동화 소재",국명·학명·서식지·분류체계를 활용한 관찰 질문과 퀴즈,5-7;8-10,해양생물종;Calidifontibacter;indicus;Dermacoccaceae,270000028707,Bacteria,세균계,Actinomycetota,,Actinomycetes,,Micrococcales,,Dermacoccaceae,,"Calidifontibacter indicus Ruckmani et al., 2011",Calidifontibacter indicus,,기타,,,,,,,,,,,정명,"Calidifontibacter indicus Ruckmani et al., 2011"
국립해양생물자원관_해양생물종정보 서비스,https://www.data.go.kr/data/15094770/openapi.do,,marine_life_species,Micromonospora sediminicola,세균계; Actinomycetota; Actinomycetes; Micromonosporales; Micromonosporaceae,,,,,Micromonospora sediminicola은(는) 해양생물 캐릭터와 과학 동화 소재로 사용할 수 있다.,"해양생물의 생김새, 서식지, 분포를 반영한 과학 동화 소재",국명·학명·서식지·분류체계를 활용한 관찰 질문과 퀴즈,5-7;8-10,해양생물종;Micromonospora;sediminicola;Micromonosporaceae,270000023360,Bacteria,세균계,Actinomycetota,,Actinomycetes,,Micromonosporales,,Micromonosporaceae,,"Micromonospora sediminicola Supong et al., 2013",Micromonospora sediminicola,,기타,,,,,,,,,,,정명,"Micromonospora sediminicola Supong et al., 2013"
국립해양생물자원관_해양생물종정보 서비스,https://www.data.go.kr/data/15094770/openapi.do,,marine_life_species,Rosenvingea intricata,크로미스타계; 대롱편모조식물문; 갈조강; 솜털목; 고리매과,,,,,Rosenvingea intricata은(는) 해양생물 캐릭터와 과학 동화 소재로 사용할 수 있다.,"해양생물의 생김새, 서식지, 분포를 반영한 과학 동화 소재",국명·학명·서식지·분류체계를 활용한 관찰 질문과 퀴즈,5-7;8-10,해양생물종;Rosenvingea;intricata;고리매과,270000015741,Chromista,크로미스타계,Ochrophyta,대롱편모조식물문,Phaeophyceae,갈조강,Ectocarpales,솜털목,Scytosiphonaceae,고리매과,Rosenvingea intricata,Rosenvingea intricata,,기타,,,,,,,,,,,정명,Rosenvingea intricata
국립해양생물자원관_해양생물종정보 서비스,https://www.data.go.kr/data/15094770/openapi.do,,marine_life_species,Nesterenkonia lacusekhoensis,세균계; Actinomycetota; Actinomycetes; Micrococcales; Micrococcaceae,,,,,Nesterenkonia lacusekhoensis은(는) 해양생물 캐릭터와 과학 동화 소재로 사용할 수 있다.,"해양생물의 생김새, 서식지, 분포를 반영한 과학 동화 소재",국명·학명·서식지·분류체계를 활용한 관찰 질문과 퀴즈,5-7;8-10,해양생물종;Nesterenkonia;lacusekhoensis;Micrococcaceae,270000030086,Bacteria,세균계,Actinomycetota,,Actinomycetes,,Micrococcales,,Micrococcaceae,,"Nesterenkonia lacusekhoensis Collins et al., 2002",Nesterenkonia lacusekhoensis,,기타,,,,,,,,,,,정명,"Nesterenkonia lacusekhoensis Collins et al., 2002"
국립해양생물자원관_해양생물종정보 서비스,https://www.data.go.kr/data/15094770/openapi.do,,marine_life_species,Leucobacter triazinivorans,세균계; Actinomycetota; Actinomycetes; Micrococcales; Microbacteriaceae,,,,,Leucobacter triazinivorans은(는) 해양생물 캐릭터와 과학 동화 소재로 사용할 수 있다.,"해양생물의 생김새, 서식지, 분포를 반영한 과학 동화 소재",국명·학명·서식지·분류체계를 활용한 관찰 질문과 퀴즈,5-7;8-10,해양생물종;Leucobacter;triazinivorans;Microbacteriaceae,270000029889,Bacteria,세균계,Actinomycetota,,Actinomycetes,,Micrococcales,,Microbacteriaceae,,"Leucobacter triazinivorans Sun et al., 2018",Leucobacter triazinivorans,,기타,,,,,,,,,,,정명,"Leucobacter triazinivorans Sun et al., 2018"
국립해양생물자원관_해양생물종정보 서비스,https://www.data.go.kr/data/15094770/openapi.do,,marine_life_species,Symploca hydnoides,세균계; Cyanobacteria; Cyanophyceae; Oscillatoriales; Microcoleaceae,,,,,Symploca hydnoides은(는) 해양생물 캐릭터와 과학 동화 소재로 사용할 수 있다.,"해양생물의 생김새, 서식지, 분포를 반영한 과학 동화 소재",국명·학명·서식지·분류체계를 활용한 관찰 질문과 퀴즈,5-7;8-10,해양생물종;Symploca;hydnoides;Microcoleaceae,270000025461,Bacteria,세균계,Cyanobacteria,,Cyanophyceae,,Oscillatoriales,,Microcoleaceae,,"Symploca hydnoides Kützing ex Gomont, 1892",Symploca hydnoides,,기타,,,,,,,,,,,정명,"Symploca hydnoides Kützing ex Gomont, 1892"
국립해양생물자원관_해양생물종정보 서비스,https://www.data.go.kr/data/15094770/openapi.do,,marine_life_species,Janibacter indicus,세균계; Actinomycetota; Actinomycetes; Micrococcales; Intrasporangiaceae,,,,,Janibacter indicus은(는) 해양생물 캐릭터와 과학 동화 소재로 사용할 수 있다.,"해양생물의 생김새, 서식지, 분포를 반영한 과학 동화 소재",국명·학명·서식지·분류체계를 활용한 관찰 질문과 퀴즈,5-7;8-10,해양생물종;Janibacter;indicus;Intrasporangiaceae,270000027956,Bacteria,세균계,Actinomycetota,,Actinomycetes,,Micrococcales,,Intrasporangiaceae,,"Janibacter indicus Zhang et al., 2014",Janibacter indicus,,기타,,,,,,,,,,,정명,"Janibacter indicus Zhang et al., 2014"
국립해양생물자원관_해양생물종정보 서비스,https://www.data.go.kr/data/15094770/openapi.do,,marine_life_species,Nocardioides cremeus,세균계; Actinomycetota; Actinomycetes; Propionibacteriales; Nocardioidaceae,,,,,Nocardioides cremeus은(는) 해양생물 캐릭터와 과학 동화 소재로 사용할 수 있다.,"해양생물의 생김새, 서식지, 분포를 반영한 과학 동화 소재",국명·학명·서식지·분류체계를 활용한 관찰 질문과 퀴즈,5-7;8-10,해양생물종;Nocardioides;cremeus;Nocardioidaceae,270000030788,Bacteria,세균계,Actinomycetota,,Actinomycetes,,Propionibacteriales,,Nocardioidaceae,,"Nocardioides cremeus Wang et al., 2023",Nocardioides cremeus,,기타,,,,,,,,,,,정명,"Nocardioides cremeus Wang et al., 2023"
국립해양생물자원관_해양생물종정보 서비스,https://www.data.go.kr/data/15094770/openapi.do,,marine_life_species,Microbacterium kyungheense,세균계; Actinomycetota; Actinomycetes; Micrococcales; Microbacteriaceae,,,,,Microbacterium kyungheense은(는) 해양생물 캐릭터와 과학 동화 소재로 사용할 수 있다.,"해양생물의 생김새, 서식지, 분포를 반영한 과학 동화 소재",국명·학명·서식지·분류체계를 활용한 관찰 질문과 퀴즈,5-7;8-10,해양생물종;Microbacterium;kyungheense;Microbacteriaceae,270000026205,Bacteria,세균계,Actinomycetota,,Actinomycetes,,Micrococcales,,Microbacteriaceae,,Microbacterium kyungheense,Microbacterium kyungheense,,기타,,,,,,,,,,,정명,Microbacterium kyungheense
국립해양생물자원관_해양생물종정보 서비스,https://www.data.go.kr/data/15094770/openapi.do,,marine_life_species,Kocuria varians,세균계; Actinomycetota; Actinomycetes; Micrococcales; Micrococcaceae,,,,,Kocuria varians은(는) 해양생물 캐릭터와 과학 동화 소재로 사용할 수 있다.,"해양생물의 생김새, 서식지, 분포를 반영한 과학 동화 소재",국명·학명·서식지·분류체계를 활용한 관찰 질문과 퀴즈,5-7;8-10,해양생물종;Kocuria;varians;Micrococcaceae,270000019762,Bacteria,세균계,Actinomycetota,,Actinomycetes,,Micrococcales,,Micrococcaceae,,Kocuria varians,Kocuria varians,,기타,,,,,,,,,,,정명,Kocuria varians
국립해양생물자원관_해양생물종정보 서비스,https://www.data.go.kr/data/15094770/openapi.do,,marine_life_species,Brachybacterium alimentarium,세균계; Actinomycetota; Actinomycetes; Micrococcales; Dermabacteraceae,,,,,Brachybacterium alimentarium은(는) 해양생물 캐릭터와 과학 동화 소재로 사용할 수 있다.,"해양생물의 생김새, 서식지, 분포를 반영한 과학 동화 소재",국명·학명·서식지·분류체계를 활용한 관찰 질문과 퀴즈,5-7;8-10,해양생물종;Brachybacterium;alimentarium;Dermabacteraceae,270000028920,Bacteria,세균계,Actinomycetota,,Actinomycetes,,Micrococcales,,Dermabacteraceae,,"Brachybacterium alimentarium Schubert et al., 1996",Brachybacterium alimentarium,,기타,,,,,,,,,,,정명,"Brachybacterium alimentarium Schubert et al., 1996"
국립해양생물자원관_해양생물종정보 서비스,https://www.data.go.kr/data/15094770/openapi.do,,marine_life_species,Dictyopteris muelleri,크로미스타계; 대롱편모조식물문; 갈조강; 그물바탕말목; 그물바탕말과,,,,,Dictyopteris muelleri은(는) 해양생물 캐릭터와 과학 동화 소재로 사용할 수 있다.,"해양생물의 생김새, 서식지, 분포를 반영한 과학 동화 소재",국명·학명·서식지·분류체계를 활용한 관찰 질문과 퀴즈,5-7;8-10,해양생물종;Dictyopteris;muelleri;그물바탕말과,270000005362,Chromista,크로미스타계,Ochrophyta,대롱편모조식물문,Phaeophyceae,갈조강,Dictyotales,그물바탕말목,Dictyotaceae,그물바탕말과,Dictyopteris muelleri,Dictyopteris muelleri,,기타,,,,,,,,,,,정명,Dictyopteris muelleri
국립해양생물자원관_해양생물종정보 서비스,https://www.data.go.kr/data/15094770/openapi.do,,marine_life_species,Glutamicibacter ardleyensis,세균계; Actinomycetota; Actinomycetes; Micrococcales; Micrococcaceae,,,,,Glutamicibacter ardleyensis은(는) 해양생물 캐릭터와 과학 동화 소재로 사용할 수 있다.,"해양생물의 생김새, 서식지, 분포를 반영한 과학 동화 소재",국명·학명·서식지·분류체계를 활용한 관찰 질문과 퀴즈,5-7;8-10,해양생물종;Glutamicibacter;ardleyensis;Micrococcaceae,270000020456,Bacteria,세균계,Actinomycetota,,Actinomycetes,,Micrococcales,,Micrococcaceae,,"Glutamicibacter ardleyensis (Chen et al.) Busse, 2016",Glutamicibacter ardleyensis,,기타,,,,,,,,,,,정명,"Glutamicibacter ardleyensis (Chen et al.) Busse, 2016"
국립해양생물자원관_해양생물종정보 서비스,https://www.data.go.kr/data/15094770/openapi.do,,marine_life_species,Lyngbya aestuarii,세균계; Cyanobacteria; Cyanophyceae; Oscillatoriales; Oscillatoriaceae,,,,,Lyngbya aestuarii은(는) 해양생물 캐릭터와 과학 동화 소재로 사용할 수 있다.,"해양생물의 생김새, 서식지, 분포를 반영한 과학 동화 소재",국명·학명·서식지·분류체계를 활용한 관찰 질문과 퀴즈,5-7;8-10,해양생물종;Lyngbya;aestuarii;Oscillatoriaceae,270000023045,Bacteria,세균계,Cyanobacteria,,Cyanophyceae,,Oscillatoriales,,Oscillatoriaceae,,"Lyngbya aestuarii Liebman ex Gomont, 1892",Lyngbya aestuarii,,기타,,,,,,,,,,,정명,"Lyngbya aestuarii Liebman ex Gomont, 1892"
국립해양생물자원관_해양생물종정보 서비스,https://www.data.go.kr/data/15094770/openapi.do,,marine_life_species,Brevibacterium linens,세균계; Actinomycetota; Actinomycetes; Micrococcales; Brevibacteriaceae,,,,,Brevibacterium linens은(는) 해양생물 캐릭터와 과학 동화 소재로 사용할 수 있다.,"해양생물의 생김새, 서식지, 분포를 반영한 과학 동화 소재",국명·학명·서식지·분류체계를 활용한 관찰 질문과 퀴즈,5-7;8-10,해양생물종;Brevibacterium;linens;Brevibacteriaceae,270000020878,Bacteria,세균계,Actinomycetota,,Actinomycetes,,Micrococcales,,Brevibacteriaceae,,"Brevibacterium linens (Wolff) Breed, 1953",Brevibacterium linens,,기타,,,,,,,,,,,정명,"Brevibacterium linens (Wolff) Breed, 1953"
국립해양생물자원관_해양생물종정보 서비스,https://www.data.go.kr/data/15094770/openapi.do,,marine_life_species,Calothrix parasitica,세균계; Cyanobacteria; Cyanophyceae; Nostocales; Rivulariaceae,,,,,Calothrix parasitica은(는) 해양생물 캐릭터와 과학 동화 소재로 사용할 수 있다.,"해양생물의 생김새, 서식지, 분포를 반영한 과학 동화 소재",국명·학명·서식지·분류체계를 활용한 관찰 질문과 퀴즈,5-7;8-10,해양생물종;Calothrix;parasitica;Rivulariaceae,270000020984,Bacteria,세균계,Cyanobacteria,,Cyanophyceae,,Nostocales,,Rivulariaceae,,"Calothrix parasitica Thuret ex Bornet & Flahault, 1886",Calothrix parasitica,,기타,,,,,,,,,,,정명,"Calothrix parasitica Thuret ex Bornet & Flahault, 1886"
국립해양생물자원관_해양생물종정보 서비스,https://www.data.go.kr/data/15094770/openapi.do,,marine_life_species,Demequina flava,세균계; Actinomycetota; Actinomycetes; Micrococcales; Demequinaceae,,,,,Demequina flava은(는) 해양생물 캐릭터와 과학 동화 소재로 사용할 수 있다.,"해양생물의 생김새, 서식지, 분포를 반영한 과학 동화 소재",국명·학명·서식지·분류체계를 활용한 관찰 질문과 퀴즈,5-7;8-10,해양생물종;Demequina;flava;Demequinaceae,270000030246,Bacteria,세균계,Actinomycetota,,Actinomycetes,,Micrococcales,,Demequinaceae,,"Demequina flava Hamada et al., 2013",Demequina flava,,기타,,,,,,,,,,,정명,"Demequina flava Hamada et al., 2013"
국립해양생물자원관_해양생물종정보 서비스,https://www.data.go.kr/data/15094770/openapi.do,,marine_life_species,Xenococcus acervatus,세균계; Cyanobacteria; Cyanophyceae; Pleurocapsales; Xenococcaceae,,,,,Xenococcus acervatus은(는) 해양생물 캐릭터와 과학 동화 소재로 사용할 수 있다.,"해양생물의 생김새, 서식지, 분포를 반영한 과학 동화 소재",국명·학명·서식지·분류체계를 활용한 관찰 질문과 퀴즈,5-7;8-10,해양생물종;Xenococcus;acervatus;Xenococcaceae,270000025985,Bacteria,세균계,Cyanobacteria,,Cyanophyceae,,Pleurocapsales,,Xenococcaceae,,"Xenococcus acervatus Setchell & N.L.Gardner, 1918",Xenococcus acervatus,,기타,,,,,,,,,,,정명,"Xenococcus acervatus Setchell & N.L.Gardner, 1918"
국립해양생물자원관_해양생물종정보 서비스,https://www.data.go.kr/data/15094770/openapi.do,,marine_life_species,Padina crassa,크로미스타계; 대롱편모조식물문; 갈조강; 그물바탕말목; 그물바탕말과,,,,,Padina crassa은(는) 해양생물 캐릭터와 과학 동화 소재로 사용할 수 있다.,"해양생물의 생김새, 서식지, 분포를 반영한 과학 동화 소재",국명·학명·서식지·분류체계를 활용한 관찰 질문과 퀴즈,5-7;8-10,해양생물종;Padina;crassa;그물바탕말과,270000026858,Chromista,크로미스타계,Ochrophyta,대롱편모조식물문,Phaeophyceae,갈조강,Dictyotales,그물바탕말목,Dictyotaceae,그물바탕말과,"Padina crassa Yamada, 1931",Padina crassa,,기타,,,,,,,,,,,정명,"Padina crassa Yamada, 1931"
국립해양생물자원관_해양생물종정보 서비스,https://www.data.go.kr/data/15094770/openapi.do,,marine_life_species,Nocardioides nanhaiensis,세균계; Actinomycetota; Actinomycetes; Propionibacteriales; Nocardioidaceae,,,,,Nocardioides nanhaiensis은(는) 해양생물 캐릭터와 과학 동화 소재로 사용할 수 있다.,"해양생물의 생김새, 서식지, 분포를 반영한 과학 동화 소재",국명·학명·서식지·분류체계를 활용한 관찰 질문과 퀴즈,5-7;8-10,해양생물종;Nocardioides;nanhaiensis;Nocardioidaceae,270000027984,Bacteria,세균계,Actinomycetota,,Actinomycetes,,Propionibacteriales,,Nocardioidaceae,,"Nocardioides nanhaiensis Zhang et al., 2014",Nocardioides nanhaiensis,,기타,,,,,,,,,,,정명,"Nocardioides nanhaiensis Zhang et al., 2014"
국립해양생물자원관_해양생물종정보 서비스,https://www.data.go.kr/data/15094770/openapi.do,,marine_life_species,Sargassum cymosum,크로미스타계; 대롱편모조식물문; 갈조강; 말목; 모자반과,,,,,Sargassum cymosum은(는) 해양생물 캐릭터와 과학 동화 소재로 사용할 수 있다.,"해양생물의 생김새, 서식지, 분포를 반영한 과학 동화 소재",국명·학명·서식지·분류체계를 활용한 관찰 질문과 퀴즈,5-7;8-10,해양생물종;Sargassum;cymosum;모자반과,270000015978,Chromista,크로미스타계,Ochrophyta,대롱편모조식물문,Phaeophyceae,갈조강,Fucales,말목,Sargassaceae,모자반과,Sargassum cymosum,Sargassum cymosum,,기타,,,,,,,,,,,정명,Sargassum cymosum
국립해양생물자원관_해양생물종정보 서비스,https://www.data.go.kr/data/15094770/openapi.do,,marine_life_species,Gordonia sputi,세균계; Actinomycetota; Actinomycetes; Mycobacteriales; Gordoniaceae,,,,,Gordonia sputi은(는) 해양생물 캐릭터와 과학 동화 소재로 사용할 수 있다.,"해양생물의 생김새, 서식지, 분포를 반영한 과학 동화 소재",국명·학명·서식지·분류체계를 활용한 관찰 질문과 퀴즈,5-7;8-10,해양생물종;Gordonia;sputi;Gordoniaceae,270000028730,Bacteria,세균계,Actinomycetota,,Actinomycetes,,Mycobacteriales,,Gordoniaceae,,"Gordonia sputi (Tsukamura & Yano, 1985) Stackebrandt et al., 1989",Gordonia sputi,,기타,,,,,,,,,,,정명,"Gordonia sputi (Tsukamura & Yano, 1985) Stackebrandt et al., 1989"
국립해양생물자원관_해양생물종정보 서비스,https://www.data.go.kr/data/15094770/openapi.do,,marine_life_species,Gordonia namibiensis,세균계; Actinomycetota; Actinomycetes; Mycobacteriales; Gordoniaceae,,,,,Gordonia namibiensis은(는) 해양생물 캐릭터와 과학 동화 소재로 사용할 수 있다.,"해양생물의 생김새, 서식지, 분포를 반영한 과학 동화 소재",국명·학명·서식지·분류체계를 활용한 관찰 질문과 퀴즈,5-7;8-10,해양생물종;Gordonia;namibiensis;Gordoniaceae,270000022255,Bacteria,세균계,Actinomycetota,,Actinomycetes,,Mycobacteriales,,Gordoniaceae,,"Gordonia namibiensis Brandao et al., 2001",Gordonia namibiensis,,기타,,,,,,,,,,,정명,"Gordonia namibiensis Brandao et al., 2001"
국립해양생물자원관_해양생물종정보 서비스,https://www.data.go.kr/data/15094770/openapi.do,,marine_life_species,Kocuria oceani,세균계; Actinomycetota; Actinomycetes; Micrococcales; Micrococcaceae,,,,,Kocuria oceani은(는) 해양생물 캐릭터와 과학 동화 소재로 사용할 수 있다.,"해양생물의 생김새, 서식지, 분포를 반영한 과학 동화 소재",국명·학명·서식지·분류체계를 활용한 관찰 질문과 퀴즈,5-7;8-10,해양생물종;Kocuria;oceani;Micrococcaceae,270000022739,Bacteria,세균계,Actinomycetota,,Actinomycetes,,Micrococcales,,Micrococcaceae,,"Kocuria oceani Zhang et al., 2016",Kocuria oceani,,기타,,,,,,,,,,,정명,"Kocuria oceani Zhang et al., 2016"
국립해양생물자원관_해양생물종정보 서비스,https://www.data.go.kr/data/15094770/openapi.do,,marine_life_species,Georgenia satyanarayanai,세균계; Actinomycetota; Actinomycetes; Micrococcales; Bogoriellaceae,,,,,Georgenia satyanarayanai은(는) 해양생물 캐릭터와 과학 동화 소재로 사용할 수 있다.,"해양생물의 생김새, 서식지, 분포를 반영한 과학 동화 소재",국명·학명·서식지·분류체계를 활용한 관찰 질문과 퀴즈,5-7;8-10,해양생물종;Georgenia;satyanarayanai;Bogoriellaceae,270000022190,Bacteria,세균계,Actinomycetota,,Actinomycetes,,Micrococcales,,Bogoriellaceae,,"Georgenia satyanarayanai Srinivas et al., 2012",Georgenia satyanarayanai,,기타,,,,,,,,,,,정명,"Georgenia satyanarayanai Srinivas et al., 2012"
국립해양생물자원관_해양생물종정보 서비스,https://www.data.go.kr/data/15094770/openapi.do,,marine_life_species,Chroococcus dispersus,세균계; Cyanobacteria; Cyanophyceae; Chroococcales; Chroococcaceae,,,,,Chroococcus dispersus은(는) 해양생물 캐릭터와 과학 동화 소재로 사용할 수 있다.,"해양생물의 생김새, 서식지, 분포를 반영한 과학 동화 소재",국명·학명·서식지·분류체계를 활용한 관찰 질문과 퀴즈,5-7;8-10,해양생물종;Chroococcus;dispersus;Chroococcaceae,270000021232,Bacteria,세균계,Cyanobacteria,,Cyanophyceae,,Chroococcales,,Chroococcaceae,,"Chroococcus dispersus (Keissler) Lemmermann, 1904",Chroococcus dispersus,,기타,,,,,,,,,,,정명,"Chroococcus dispersus (Keissler) Lemmermann, 1904"
국립해양생물자원관_해양생물종정보 서비스,https://www.data.go.kr/data/15094770/openapi.do,,marine_life_species,Leucobacter komagatae,세균계; Actinomycetota; Actinomycetes; Micrococcales; Microbacteriaceae,,,,,Leucobacter komagatae은(는) 해양생물 캐릭터와 과학 동화 소재로 사용할 수 있다.,"해양생물의 생김새, 서식지, 분포를 반영한 과학 동화 소재",국명·학명·서식지·분류체계를 활용한 관찰 질문과 퀴즈,5-7;8-10,해양생물종;Leucobacter;komagatae;Microbacteriaceae,270000030085,Bacteria,세균계,Actinomycetota,,Actinomycetes,,Micrococcales,,Microbacteriaceae,,"Leucobacter komagatae Takeuchi et al., 1996",Leucobacter komagatae,,기타,,,,,,,,,,,정명,"Leucobacter komagatae Takeuchi et al., 1996"
국립해양생물자원관_해양생물종정보 서비스,https://www.data.go.kr/data/15094770/openapi.do,,marine_life_species,Kocuria sediminis,세균계; Actinomycetota; Actinomycetes; Micrococcales; Micrococcaceae,,,,,Kocuria sediminis은(는) 해양생물 캐릭터와 과학 동화 소재로 사용할 수 있다.,"해양생물의 생김새, 서식지, 분포를 반영한 과학 동화 소재",국명·학명·서식지·분류체계를 활용한 관찰 질문과 퀴즈,5-7;8-10,해양생물종;Kocuria;sediminis;Micrococcaceae,270000022744,Bacteria,세균계,Actinomycetota,,Actinomycetes,,Micrococcales,,Micrococcaceae,,"Kocuria sediminis Bala et al., 2012",Kocuria sediminis,,기타,,,,,,,,,,,정명,"Kocuria sediminis Bala et al., 2012"
국립해양생물자원관_해양생물종정보 서비스,https://www.data.go.kr/data/15094770/openapi.do,,marine_life_species,Nocardioides gansuensis,세균계; Actinomycetota; Actinomycetes; Propionibacteriales; Nocardioidaceae,,,,,Nocardioides gansuensis은(는) 해양생물 캐릭터와 과학 동화 소재로 사용할 수 있다.,"해양생물의 생김새, 서식지, 분포를 반영한 과학 동화 소재",국명·학명·서식지·분류체계를 활용한 관찰 질문과 퀴즈,5-7;8-10,해양생물종;Nocardioides;gansuensis;Nocardioidaceae,270000030423,Bacteria,세균계,Actinomycetota,,Actinomycetes,,Propionibacteriales,,Nocardioidaceae,,"Nocardioides gansuensis Wu et al., 2019",Nocardioides gansuensis,,기타,,,,,,,,,,,정명,"Nocardioides gansuensis Wu et al., 2019"
국립해양생물자원관_해양생물종정보 서비스,https://www.data.go.kr/data/15094770/openapi.do,,marine_life_species,Microcystis smithii,세균계; Cyanobacteria; Cyanophyceae; Chroococcales; Microcystaceae,,,,,Microcystis smithii은(는) 해양생물 캐릭터와 과학 동화 소재로 사용할 수 있다.,"해양생물의 생김새, 서식지, 분포를 반영한 과학 동화 소재",국명·학명·서식지·분류체계를 활용한 관찰 질문과 퀴즈,5-7;8-10,해양생물종;Microcystis;smithii;Microcystaceae,270000023357,Bacteria,세균계,Cyanobacteria,,Cyanophyceae,,Chroococcales,,Microcystaceae,,"Microcystis smithii Komárek & Anagnostidis, 1995",Microcystis smithii,,기타,,,,,,,,,,,정명,"Microcystis smithii Komárek & Anagnostidis, 1995"
국립해양생물자원관_해양생물종정보 서비스,https://www.data.go.kr/data/15094770/openapi.do,,marine_life_species,Arthrobacter pascens,세균계; Actinomycetota; Actinomycetes; Micrococcales; Micrococcaceae,,,,,Arthrobacter pascens은(는) 해양생물 캐릭터와 과학 동화 소재로 사용할 수 있다.,"해양생물의 생김새, 서식지, 분포를 반영한 과학 동화 소재",국명·학명·서식지·분류체계를 활용한 관찰 질문과 퀴즈,5-7;8-10,해양생물종;Arthrobacter;pascens;Micrococcaceae,270000020477,Bacteria,세균계,Actinomycetota,,Actinomycetes,,Micrococcales,,Micrococcaceae,,"Arthrobacter pascens Lochhead & Burton, 1953",Arthrobacter pascens,,기타,,,,,,,,,,,정명,"Arthrobacter pascens Lochhead & Burton, 1953"
국립해양생물자원관_해양생물종정보 서비스,https://www.data.go.kr/data/15094770/openapi.do,,marine_life_species,Microbacterium luteolum,세균계; Actinomycetota; Actinomycetes; Micrococcales; Microbacteriaceae,,,,,Microbacterium luteolum은(는) 해양생물 캐릭터와 과학 동화 소재로 사용할 수 있다.,"해양생물의 생김새, 서식지, 분포를 반영한 과학 동화 소재",국명·학명·서식지·분류체계를 활용한 관찰 질문과 퀴즈,5-7;8-10,해양생물종;Microbacterium;luteolum;Microbacteriaceae,270000023318,Bacteria,세균계,Actinomycetota,,Actinomycetes,,Micrococcales,,Microbacteriaceae,,"Microbacterium luteolum (Yokota et al.) Takeuchi & Hatano, 1998",Microbacterium luteolum,,기타,,,,,,,,,,,정명,"Microbacterium luteolum (Yokota et al.) Takeuchi & Hatano, 1998"
국립해양생물자원관_해양생물종정보 서비스,https://www.data.go.kr/data/15094770/openapi.do,,marine_life_species,Salinispora pacifica,세균계; Actinomycetota; Actinomycetes; Micromonosporales; Micromonosporaceae,,,,,Salinispora pacifica은(는) 해양생물 캐릭터와 과학 동화 소재로 사용할 수 있다.,"해양생물의 생김새, 서식지, 분포를 반영한 과학 동화 소재",국명·학명·서식지·분류체계를 활용한 관찰 질문과 퀴즈,5-7;8-10,해양생물종;Salinispora;pacifica;Micromonosporaceae,270000015901,Bacteria,세균계,Actinomycetota,,Actinomycetes,,Micromonosporales,,Micromonosporaceae,,Salinispora pacifica,Salinispora pacifica,,기타,,,,,,,,,,,정명,Salinispora pacifica
국립해양생물자원관_해양생물종정보 서비스,https://www.data.go.kr/data/15094770/openapi.do,,marine_life_species,Sargassum vulgare,크로미스타계; 대롱편모조식물문; 갈조강; 말목; 모자반과,,,,,Sargassum vulgare은(는) 해양생물 캐릭터와 과학 동화 소재로 사용할 수 있다.,"해양생물의 생김새, 서식지, 분포를 반영한 과학 동화 소재",국명·학명·서식지·분류체계를 활용한 관찰 질문과 퀴즈,5-7;8-10,해양생물종;Sargassum;vulgare;모자반과,270000016011,Chromista,크로미스타계,Ochrophyta,대롱편모조식물문,Phaeophyceae,갈조강,Fucales,말목,Sargassaceae,모자반과,Sargassum vulgare,Sargassum vulgare,,기타,,,,,,,,,,,정명,Sargassum vulgare
국립해양생물자원관_해양생물종정보 서비스,https://www.data.go.kr/data/15094770/openapi.do,,marine_life_species,Janibacter hoylei,세균계; Actinomycetota; Actinomycetes; Micrococcales; Intrasporangiaceae,,,,,Janibacter hoylei은(는) 해양생물 캐릭터와 과학 동화 소재로 사용할 수 있다.,"해양생물의 생김새, 서식지, 분포를 반영한 과학 동화 소재",국명·학명·서식지·분류체계를 활용한 관찰 질문과 퀴즈,5-7;8-10,해양생물종;Janibacter;hoylei;Intrasporangiaceae,270000008850,Bacteria,세균계,Actinomycetota,,Actinomycetes,,Micrococcales,,Intrasporangiaceae,,"Janibacter hoylei Shivaji et al., 2009",Janibacter hoylei,,기타,,,,,,,,,,,정명,"Janibacter hoylei Shivaji et al., 2009"
국립해양생물자원관_해양생물종정보 서비스,https://www.data.go.kr/data/15094770/openapi.do,,marine_life_species,Brachybacterium faecium,세균계; Actinomycetota; Actinomycetes; Micrococcales; Dermabacteraceae,,,,,Brachybacterium faecium은(는) 해양생물 캐릭터와 과학 동화 소재로 사용할 수 있다.,"해양생물의 생김새, 서식지, 분포를 반영한 과학 동화 소재",국명·학명·서식지·분류체계를 활용한 관찰 질문과 퀴즈,5-7;8-10,해양생물종;Brachybacterium;faecium;Dermabacteraceae,270000029267,Bacteria,세균계,Actinomycetota,,Actinomycetes,,Micrococcales,,Dermabacteraceae,,"Brachybacterium faecium Collins et al., 1988",Brachybacterium faecium,,기타,,,,,,,,,,,정명,"Brachybacterium faecium Collins et al., 1988"
국립해양생물자원관_해양생물종정보 서비스,https://www.data.go.kr/data/15094770/openapi.do,,marine_life_species,Microbacterium saperdae,세균계; Actinomycetota; Actinomycetes; Micrococcales; Microbacteriaceae,,,,,Microbacterium saperdae은(는) 해양생물 캐릭터와 과학 동화 소재로 사용할 수 있다.,"해양생물의 생김새, 서식지, 분포를 반영한 과학 동화 소재",국명·학명·서식지·분류체계를 활용한 관찰 질문과 퀴즈,5-7;8-10,해양생물종;Microbacterium;saperdae;Microbacteriaceae,270000029055,Bacteria,세균계,Actinomycetota,,Actinomycetes,,Micrococcales,,Microbacteriaceae,,"Microbacterium saperdae (Lysenko, 1959) Takeuchi & Hatano, 1998",Microbacterium saperdae,,기타,,,,,,,,,,,정명,"Microbacterium saperdae (Lysenko, 1959) Takeuchi & Hatano, 1998"
국립해양생물자원관_해양생물종정보 서비스,https://www.data.go.kr/data/15094770/openapi.do,,marine_life_species,Rhodococcus nanhaiensis,세균계; Actinomycetota; Actinomycetes; Mycobacteriales; Nocardiaceae,,,,,Rhodococcus nanhaiensis은(는) 해양생물 캐릭터와 과학 동화 소재로 사용할 수 있다.,"해양생물의 생김새, 서식지, 분포를 반영한 과학 동화 소재",국명·학명·서식지·분류체계를 활용한 관찰 질문과 퀴즈,5-7;8-10,해양생물종;Rhodococcus;nanhaiensis;Nocardiaceae,270000015614,Bacteria,세균계,Actinomycetota,,Actinomycetes,,Mycobacteriales,,Nocardiaceae,,"Rhodococcus nanhaiensis Li et al., 2012",Rhodococcus nanhaiensis,,기타,,,,,,,,,,,정명,"Rhodococcus nanhaiensis Li et al., 2012"
국립해양생물자원관_해양생물종정보 서비스,https://www.data.go.kr/data/15094770/openapi.do,,marine_life_species,Microbacterium esteraromaticum,세균계; Actinomycetota; Actinomycetes; Micrococcales; Microbacteriaceae,,,,,Microbacterium esteraromaticum은(는) 해양생물 캐릭터와 과학 동화 소재로 사용할 수 있다.,"해양생물의 생김새, 서식지, 분포를 반영한 과학 동화 소재",국명·학명·서식지·분류체계를 활용한 관찰 질문과 퀴즈,5-7;8-10,해양생물종;Microbacterium;esteraromaticum;Microbacteriaceae,270000023304,Bacteria,세균계,Actinomycetota,,Actinomycetes,,Micrococcales,,Microbacteriaceae,,"Microbacterium esteraromaticum (Omelianski) Takeuchi & Hatano, 1998",Microbacterium esteraromaticum,,기타,,,,,,,,,,,정명,"Microbacterium esteraromaticum (Omelianski) Takeuchi & Hatano, 1998"
국립해양생물자원관_해양생물종정보 서비스,https://www.data.go.kr/data/15094770/openapi.do,,marine_life_species,Sargassum aquifolium,크로미스타계; 대롱편모조식물문; 갈조강; 말목; 모자반과,,,,,Sargassum aquifolium은(는) 해양생물 캐릭터와 과학 동화 소재로 사용할 수 있다.,"해양생물의 생김새, 서식지, 분포를 반영한 과학 동화 소재",국명·학명·서식지·분류체계를 활용한 관찰 질문과 퀴즈,5-7;8-10,해양생물종;Sargassum;aquifolium;모자반과,270000015973,Chromista,크로미스타계,Ochrophyta,대롱편모조식물문,Phaeophyceae,갈조강,Fucales,말목,Sargassaceae,모자반과,"Sargassum aquifolium (Turner) C.Agardh, 1820",Sargassum aquifolium,,기타,,,,,,,,,,,정명,"Sargassum aquifolium (Turner) C.Agardh, 1820"
국립해양생물자원관_해양생물종정보 서비스,https://www.data.go.kr/data/15094770/openapi.do,,marine_life_species,Pilinia rimosa,크로미스타계; 대롱편모조식물문; 갈조강; 솜털목; 민가지말과,,,,,Pilinia rimosa은(는) 해양생물 캐릭터와 과학 동화 소재로 사용할 수 있다.,"해양생물의 생김새, 서식지, 분포를 반영한 과학 동화 소재",국명·학명·서식지·분류체계를 활용한 관찰 질문과 퀴즈,5-7;8-10,해양생물종;Pilinia;rimosa;민가지말과,270000013715,Chromista,크로미스타계,Ochrophyta,대롱편모조식물문,Phaeophyceae,갈조강,Ectocarpales,솜털목,Chordariaceae,민가지말과,Pilinia rimosa,Pilinia rimosa,,기타,,,,,,,,,,,정명,Pilinia rimosa
국립해양생물자원관_해양생물종정보 서비스,https://www.data.go.kr/data/15094770/openapi.do,,marine_life_species,Nocardioides soli,세균계; Actinomycetota; Actinomycetes; Propionibacteriales; Nocardioidaceae,,,,,Nocardioides soli은(는) 해양생물 캐릭터와 과학 동화 소재로 사용할 수 있다.,"해양생물의 생김새, 서식지, 분포를 반영한 과학 동화 소재",국명·학명·서식지·분류체계를 활용한 관찰 질문과 퀴즈,5-7;8-10,해양생물종;Nocardioides;soli;Nocardioidaceae,270000029336,Bacteria,세균계,Actinomycetota,,Actinomycetes,,Propionibacteriales,,Nocardioidaceae,,"Nocardioides soli Sun et al., 2014",Nocardioides soli,,기타,,,,,,,,,,,정명,"Nocardioides soli Sun et al., 2014"
국립해양생물자원관_해양생물종정보 서비스,https://www.data.go.kr/data/15094770/openapi.do,,marine_life_species,Turbinaria reniformis,크로미스타계; 대롱편모조식물문; 갈조강; 말목; 모자반과,,,,,Turbinaria reniformis은(는) 해양생물 캐릭터와 과학 동화 소재로 사용할 수 있다.,"해양생물의 생김새, 서식지, 분포를 반영한 과학 동화 소재",국명·학명·서식지·분류체계를 활용한 관찰 질문과 퀴즈,5-7;8-10,해양생물종;Turbinaria;reniformis;모자반과,270000018534,Chromista,크로미스타계,Ochrophyta,대롱편모조식물문,Phaeophyceae,갈조강,Fucales,말목,Sargassaceae,모자반과,Turbinaria reniformis,Turbinaria reniformis,,기타,,,,,,,,,,,정명,Turbinaria reniformis
국립해양생물자원관_해양생물종정보 서비스,https://www.data.go.kr/data/15094770/openapi.do,,marine_life_species,Nocardiopsis alba,세균계; Actinomycetota; Actinomycetes; Actinomycetales; Nocardiopsidaceae,,,,,Nocardiopsis alba은(는) 해양생물 캐릭터와 과학 동화 소재로 사용할 수 있다.,"해양생물의 생김새, 서식지, 분포를 반영한 과학 동화 소재",국명·학명·서식지·분류체계를 활용한 관찰 질문과 퀴즈,5-7;8-10,해양생물종;Nocardiopsis;alba;Nocardiopsidaceae,270000011797,Bacteria,세균계,Actinomycetota,,Actinomycetes,,Actinomycetales,,Nocardiopsidaceae,,Nocardiopsis alba,Nocardiopsis alba,,기타,,,,,,,,,,,정명,Nocardiopsis alba
국립해양생물자원관_해양생물종정보 서비스,https://www.data.go.kr/data/15094770/openapi.do,,marine_life_species,Turbinaria frondens,크로미스타계; 대롱편모조식물문; 갈조강; 말목; 모자반과,,,,,Turbinaria frondens은(는) 해양생물 캐릭터와 과학 동화 소재로 사용할 수 있다.,"해양생물의 생김새, 서식지, 분포를 반영한 과학 동화 소재",국명·학명·서식지·분류체계를 활용한 관찰 질문과 퀴즈,5-7;8-10,해양생물종;Turbinaria;frondens;모자반과,270000018531,Chromista,크로미스타계,Ochrophyta,대롱편모조식물문,Phaeophyceae,갈조강,Fucales,말목,Sargassaceae,모자반과,Turbinaria frondens,Turbinaria frondens,,기타,,,,,,,,,,,정명,Turbinaria frondens
국립해양생물자원관_해양생물종정보 서비스,https://www.data.go.kr/data/15094770/openapi.do,,marine_life_species,Desmarestia aculeata,크로미스타계; 대롱편모조식물문; 갈조강; 산말목; 산말과,,,,,Desmarestia aculeata은(는) 해양생물 캐릭터와 과학 동화 소재로 사용할 수 있다.,"해양생물의 생김새, 서식지, 분포를 반영한 과학 동화 소재",국명·학명·서식지·분류체계를 활용한 관찰 질문과 퀴즈,5-7;8-10,해양생물종;Desmarestia;aculeata;산말과,270000005245,Chromista,크로미스타계,Ochrophyta,대롱편모조식물문,Phaeophyceae,갈조강,Desmarestiales,산말목,Desmarestiaceae,산말과,Desmarestia aculeata,Desmarestia aculeata,,기타,,,,,,,,,,,정명,Desmarestia aculeata
국립해양생물자원관_해양생물종정보 서비스,https://www.data.go.kr/data/15094770/openapi.do,,marine_life_species,Lobophora abscondita,크로미스타계; 대롱편모조식물문; 갈조강; 그물바탕말목; 그물바탕말과,,,,,Lobophora abscondita은(는) 해양생물 캐릭터와 과학 동화 소재로 사용할 수 있다.,"해양생물의 생김새, 서식지, 분포를 반영한 과학 동화 소재",국명·학명·서식지·분류체계를 활용한 관찰 질문과 퀴즈,5-7;8-10,해양생물종;Lobophora;abscondita;그물바탕말과,270000023020,Chromista,크로미스타계,Ochrophyta,대롱편모조식물문,Phaeophyceae,갈조강,Dictyotales,그물바탕말목,Dictyotaceae,그물바탕말과,"Lobophora abscondita C.W. Vieira, Payri & De Clerck, 2014",Lobophora abscondita,,기타,,,,,,,,,,,정명,"Lobophora abscondita C.W. Vieira, Payri & De Clerck, 2014"
국립해양생물자원관_해양생물종정보 서비스,https://www.data.go.kr/data/15094770/openapi.do,,marine_life_species,Luteimicrobium album,세균계; Actinomycetota; Actinomycetes; Micrococcales; Promicromonosporaceae,,,,,Luteimicrobium album은(는) 해양생물 캐릭터와 과학 동화 소재로 사용할 수 있다.,"해양생물의 생김새, 서식지, 분포를 반영한 과학 동화 소재",국명·학명·서식지·분류체계를 활용한 관찰 질문과 퀴즈,5-7;8-10,해양생물종;Luteimicrobium;album;Promicromonosporaceae,270000009989,Bacteria,세균계,Actinomycetota,,Actinomycetes,,Micrococcales,,Promicromonosporaceae,,Luteimicrobium album,Luteimicrobium album,,기타,,,,,,,,,,,정명,Luteimicrobium album
국립해양생물자원관_해양생물종정보 서비스,https://www.data.go.kr/data/15094770/openapi.do,,marine_life_species,Janibacter alkaliphilus,세균계; Actinomycetota; Actinomycetes; Micrococcales; Intrasporangiaceae,,,,,Janibacter alkaliphilus은(는) 해양생물 캐릭터와 과학 동화 소재로 사용할 수 있다.,"해양생물의 생김새, 서식지, 분포를 반영한 과학 동화 소재",국명·학명·서식지·분류체계를 활용한 관찰 질문과 퀴즈,5-7;8-10,해양생물종;Janibacter;alkaliphilus;Intrasporangiaceae,270000008848,Bacteria,세균계,Actinomycetota,,Actinomycetes,,Micrococcales,,Intrasporangiaceae,,Janibacter alkaliphilus,Janibacter alkaliphilus,,기타,,,,,,,,,,,정명,Janibacter alkaliphilus
국립해양생물자원관_해양생물종정보 서비스,https://www.data.go.kr/data/15094770/openapi.do,,marine_life_species,Brevibacterium aurantiacum,세균계; Actinomycetota; Actinomycetes; Micrococcales; Brevibacteriaceae,,,,,Brevibacterium aurantiacum은(는) 해양생물 캐릭터와 과학 동화 소재로 사용할 수 있다.,"해양생물의 생김새, 서식지, 분포를 반영한 과학 동화 소재",국명·학명·서식지·분류체계를 활용한 관찰 질문과 퀴즈,5-7;8-10,해양생물종;Brevibacterium;aurantiacum;Brevibacteriaceae,270000020872,Bacteria,세균계,Actinomycetota,,Actinomycetes,,Micrococcales,,Brevibacteriaceae,,"Brevibacterium aurantiacum Gavrish et al., 2004",Brevibacterium aurantiacum,,기타,,,,,,,,,,,정명,"Brevibacterium aurantiacum Gavrish et al., 2004"
국립해양생물자원관_해양생물종정보 서비스,https://www.data.go.kr/data/15094770/openapi.do,,marine_life_species,Pelvetia canaliculata,크로미스타계; 대롱편모조식물문; 갈조강; 말목; 말과,,,,,Pelvetia canaliculata은(는) 해양생물 캐릭터와 과학 동화 소재로 사용할 수 있다.,"해양생물의 생김새, 서식지, 분포를 반영한 과학 동화 소재",국명·학명·서식지·분류체계를 활용한 관찰 질문과 퀴즈,5-7;8-10,해양생물종;Pelvetia;canaliculata;말과,270000013153,Chromista,크로미스타계,Ochrophyta,대롱편모조식물문,Phaeophyceae,갈조강,Fucales,말목,Fucaceae,말과,Pelvetia canaliculata,Pelvetia canaliculata,,기타,,,,,,,,,,,정명,Pelvetia canaliculata
국립해양생물자원관_해양생물종정보 서비스,https://www.data.go.kr/data/15094770/openapi.do,,marine_life_species,Glutamicibacter nicotianae,세균계; Actinomycetota; Actinomycetes; Micrococcales; Micrococcaceae,,,,,Glutamicibacter nicotianae은(는) 해양생물 캐릭터와 과학 동화 소재로 사용할 수 있다.,"해양생물의 생김새, 서식지, 분포를 반영한 과학 동화 소재",국명·학명·서식지·분류체계를 활용한 관찰 질문과 퀴즈,5-7;8-10,해양생물종;Glutamicibacter;nicotianae;Micrococcaceae,270000020472,Bacteria,세균계,Actinomycetota,,Actinomycetes,,Micrococcales,,Micrococcaceae,,"Glutamicibacter nicotianae (Giovannozzi-Sermanni) Busse, 2016",Glutamicibacter nicotianae,,기타,,,,,,,,,,,정명,"Glutamicibacter nicotianae (Giovannozzi-Sermanni) Busse, 2016"
국립해양생물자원관_해양생물종정보 서비스,https://www.data.go.kr/data/15094770/openapi.do,,marine_life_species,Microbacterium themotolerans,세균계; Actinomycetota; Actinomycetes; Micrococcales; Microbacteriaceae,,,,,Microbacterium themotolerans은(는) 해양생물 캐릭터와 과학 동화 소재로 사용할 수 있다.,"해양생물의 생김새, 서식지, 분포를 반영한 과학 동화 소재",국명·학명·서식지·분류체계를 활용한 관찰 질문과 퀴즈,5-7;8-10,해양생물종;Microbacterium;themotolerans;Microbacteriaceae,270000019724,Bacteria,세균계,Actinomycetota,,Actinomycetes,,Micrococcales,,Microbacteriaceae,,Microbacterium themotolerans,Microbacterium themotolerans,,기타,,,,,,,,,,,정명,Microbacterium themotolerans
국립해양생물자원관_해양생물종정보 서비스,https://www.data.go.kr/data/15094770/openapi.do,,marine_life_species,Agromyces bracchium,세균계; Actinomycetota; Actinomycetes; Micrococcales; Microbacteriaceae,,,,,Agromyces bracchium은(는) 해양생물 캐릭터와 과학 동화 소재로 사용할 수 있다.,"해양생물의 생김새, 서식지, 분포를 반영한 과학 동화 소재",국명·학명·서식지·분류체계를 활용한 관찰 질문과 퀴즈,5-7;8-10,해양생물종;Agromyces;bracchium;Microbacteriaceae,270000020130,Bacteria,세균계,Actinomycetota,,Actinomycetes,,Micrococcales,,Microbacteriaceae,,"Agromyces bracchium Takeuchi & Hatano, 2001",Agromyces bracchium,,기타,,,,,,,,,,,정명,"Agromyces bracchium Takeuchi & Hatano, 2001"
국립해양생물자원관_해양생물종정보 서비스,https://www.data.go.kr/data/15094770/openapi.do,,marine_life_species,Glycomyces scopariae,세균계; Actinomycetota; Actinomycetes; Glycomycetales; Glycomycetaceae,,,,,Glycomyces scopariae은(는) 해양생물 캐릭터와 과학 동화 소재로 사용할 수 있다.,"해양생물의 생김새, 서식지, 분포를 반영한 과학 동화 소재",국명·학명·서식지·분류체계를 활용한 관찰 질문과 퀴즈,5-7;8-10,해양생물종;Glycomyces;scopariae;Glycomycetaceae,270000007285,Bacteria,세균계,Actinomycetota,,Actinomycetes,,Glycomycetales,,Glycomycetaceae,,Glycomyces scopariae,Glycomyces scopariae,,기타,,,,,,,,,,,정명,Glycomyces scopariae
국립해양생물자원관_해양생물종정보 서비스,https://www.data.go.kr/data/15094770/openapi.do,,marine_life_species,Rathayibacter festucae,세균계; Actinomycetota; Actinomycetes; Micrococcales; Microbacteriaceae,,,,,Rathayibacter festucae은(는) 해양생물 캐릭터와 과학 동화 소재로 사용할 수 있다.,"해양생물의 생김새, 서식지, 분포를 반영한 과학 동화 소재",국명·학명·서식지·분류체계를 활용한 관찰 질문과 퀴즈,5-7;8-10,해양생물종;Rathayibacter;festucae;Microbacteriaceae,270000024753,Bacteria,세균계,Actinomycetota,,Actinomycetes,,Micrococcales,,Microbacteriaceae,,"Rathayibacter festucae Dorofeeva et al., 2002",Rathayibacter festucae,,기타,,,,,,,,,,,정명,"Rathayibacter festucae Dorofeeva et al., 2002"
국립해양생물자원관_해양생물종정보 서비스,https://www.data.go.kr/data/15094770/openapi.do,,marine_life_species,Melanosiphon intestinalis,크로미스타계; 대롱편모조식물문; 갈조강; 솜털목; 고리매과,,,,,Melanosiphon intestinalis은(는) 해양생물 캐릭터와 과학 동화 소재로 사용할 수 있다.,"해양생물의 생김새, 서식지, 분포를 반영한 과학 동화 소재",국명·학명·서식지·분류체계를 활용한 관찰 질문과 퀴즈,5-7;8-10,해양생물종;Melanosiphon;intestinalis;고리매과,270000023234,Chromista,크로미스타계,Ochrophyta,대롱편모조식물문,Phaeophyceae,갈조강,Ectocarpales,솜털목,Scytosiphonaceae,고리매과,"Melanosiphon intestinalis (De A.Saunders) M.J.Wynne, 1969",Melanosiphon intestinalis,,기타,,,,,,,,,,,정명,"Melanosiphon intestinalis (De A.Saunders) M.J.Wynne, 1969"
국립해양생물자원관_해양생물종정보 서비스,https://www.data.go.kr/data/15094770/openapi.do,,marine_life_species,Rhodoglobus aureus,세균계; Actinomycetota; Actinomycetes; Micrococcales; Microbacteriaceae,,,,,Rhodoglobus aureus은(는) 해양생물 캐릭터와 과학 동화 소재로 사용할 수 있다.,"해양생물의 생김새, 서식지, 분포를 반영한 과학 동화 소재",국명·학명·서식지·분류체계를 활용한 관찰 질문과 퀴즈,5-7;8-10,해양생물종;Rhodoglobus;aureus;Microbacteriaceae,270000024835,Bacteria,세균계,Actinomycetota,,Actinomycetes,,Micrococcales,,Microbacteriaceae,,"Rhodoglobus aureus (Reddy et al.) An et al., 2010",Rhodoglobus aureus,,기타,,,,,,,,,,,정명,"Rhodoglobus aureus (Reddy et al.) An et al., 2010"
국립해양생물자원관_해양생물종정보 서비스,https://www.data.go.kr/data/15094770/openapi.do,,marine_life_species,Galbitalea soli,세균계; Actinomycetota; Actinomycetes; Micrococcales; Microbacteriaceae,,,,,Galbitalea soli은(는) 해양생물 캐릭터와 과학 동화 소재로 사용할 수 있다.,"해양생물의 생김새, 서식지, 분포를 반영한 과학 동화 소재",국명·학명·서식지·분류체계를 활용한 관찰 질문과 퀴즈,5-7;8-10,해양생물종;Galbitalea;soli;Microbacteriaceae,270000029389,Bacteria,세균계,Actinomycetota,,Actinomycetes,,Micrococcales,,Microbacteriaceae,,"Galbitalea soli Kim et al., 2014",Galbitalea soli,,기타,,,,,,,,,,,정명,"Galbitalea soli Kim et al., 2014"
국립해양생물자원관_해양생물종정보 서비스,https://www.data.go.kr/data/15094770/openapi.do,,marine_life_species,Aphanocapsa zanardinii,세균계; Cyanobacteria; Cyanophyceae; Synechococcales; Merismopediaceae,,,,,Aphanocapsa zanardinii은(는) 해양생물 캐릭터와 과학 동화 소재로 사용할 수 있다.,"해양생물의 생김새, 서식지, 분포를 반영한 과학 동화 소재",국명·학명·서식지·분류체계를 활용한 관찰 질문과 퀴즈,5-7;8-10,해양생물종;Aphanocapsa;zanardinii;Merismopediaceae,270000020361,Bacteria,세균계,Cyanobacteria,,Cyanophyceae,,Synechococcales,,Merismopediaceae,,"Aphanocapsa zanardinii (Hauck) Hansgirg, 1889",Aphanocapsa zanardinii,,기타,,,,,,,,,,,정명,"Aphanocapsa zanardinii (Hauck) Hansgirg, 1889"
국립해양생물자원관_해양생물종정보 서비스,https://www.data.go.kr/data/15094770/openapi.do,,marine_life_species,Rhodococcus rhodochrous,세균계; Actinomycetota; Actinomycetes; Mycobacteriales; Nocardiaceae,,,,,Rhodococcus rhodochrous은(는) 해양생물 캐릭터와 과학 동화 소재로 사용할 수 있다.,"해양생물의 생김새, 서식지, 분포를 반영한 과학 동화 소재",국명·학명·서식지·분류체계를 활용한 관찰 질문과 퀴즈,5-7;8-10,해양생물종;Rhodococcus;rhodochrous;Nocardiaceae,270000028017,Bacteria,세균계,Actinomycetota,,Actinomycetes,,Mycobacteriales,,Nocardiaceae,,"Rhodococcus rhodochrous (Zopf, 1891) Tsukamura, 1974",Rhodococcus rhodochrous,,기타,,,,,,,,,,,정명,"Rhodococcus rhodochrous (Zopf, 1891) Tsukamura, 1974"
국립해양생물자원관_해양생물종정보 서비스,https://www.data.go.kr/data/15094770/openapi.do,,marine_life_species,Brachybacterium rhamnosum,세균계; Actinomycetota; Actinomycetes; Micrococcales; Dermabacteraceae,,,,,Brachybacterium rhamnosum은(는) 해양생물 캐릭터와 과학 동화 소재로 사용할 수 있다.,"해양생물의 생김새, 서식지, 분포를 반영한 과학 동화 소재",국명·학명·서식지·분류체계를 활용한 관찰 질문과 퀴즈,5-7;8-10,해양생물종;Brachybacterium;rhamnosum;Dermabacteraceae,270000019351,Bacteria,세균계,Actinomycetota,,Actinomycetes,,Micrococcales,,Dermabacteraceae,,Brachybacterium rhamnosum,Brachybacterium rhamnosum,,기타,,,,,,,,,,,정명,Brachybacterium rhamnosum
국립해양생물자원관_해양생물종정보 서비스,https://www.data.go.kr/data/15094770/openapi.do,,marine_life_species,Thalassiophyllum clathrus,크로미스타계; 대롱편모조식물문; 갈조강; 다시마목; 쇠미역과,,,,,Thalassiophyllum clathrus은(는) 해양생물 캐릭터와 과학 동화 소재로 사용할 수 있다.,"해양생물의 생김새, 서식지, 분포를 반영한 과학 동화 소재",국명·학명·서식지·분류체계를 활용한 관찰 질문과 퀴즈,5-7;8-10,해양생물종;Thalassiophyllum;clathrus;쇠미역과,270000017838,Chromista,크로미스타계,Ochrophyta,대롱편모조식물문,Phaeophyceae,갈조강,Laminariales,다시마목,Agaraceae,쇠미역과,Thalassiophyllum clathrus,Thalassiophyllum clathrus,,기타,,,,,,,,,,,정명,Thalassiophyllum clathrus
국립해양생물자원관_해양생물종정보 서비스,https://www.data.go.kr/data/15094770/openapi.do,,marine_life_species,Padina sanctae-crucis,크로미스타계; 대롱편모조식물문; 갈조강; 그물바탕말목; 그물바탕말과,,,,,Padina sanctae-crucis은(는) 해양생물 캐릭터와 과학 동화 소재로 사용할 수 있다.,"해양생물의 생김새, 서식지, 분포를 반영한 과학 동화 소재",국명·학명·서식지·분류체계를 활용한 관찰 질문과 퀴즈,5-7;8-10,해양생물종;Padina;sanctae-crucis;그물바탕말과,270000012476,Chromista,크로미스타계,Ochrophyta,대롱편모조식물문,Phaeophyceae,갈조강,Dictyotales,그물바탕말목,Dictyotaceae,그물바탕말과,Padina sanctae-crucis,Padina sanctae-crucis,,기타,,,,,,,,,,,정명,Padina sanctae-crucis
국립해양생물자원관_해양생물종정보 서비스,https://www.data.go.kr/data/15094770/openapi.do,,marine_life_species,Micromonospora haikouensis,세균계; Actinomycetota; Actinomycetes; Micromonosporales; Micromonosporaceae,,,,,Micromonospora haikouensis은(는) 해양생물 캐릭터와 과학 동화 소재로 사용할 수 있다.,"해양생물의 생김새, 서식지, 분포를 반영한 과학 동화 소재",국명·학명·서식지·분류체계를 활용한 관찰 질문과 퀴즈,5-7;8-10,해양생물종;Micromonospora;haikouensis;Micromonosporaceae,270000010811,Bacteria,세균계,Actinomycetota,,Actinomycetes,,Micromonosporales,,Micromonosporaceae,,Micromonospora haikouensis,Micromonospora haikouensis,,기타,,,,,,,,,,,정명,Micromonospora haikouensis
국립해양생물자원관_해양생물종정보 서비스,https://www.data.go.kr/data/15094770/openapi.do,,marine_life_species,Turbinaria decurrens,크로미스타계; 대롱편모조식물문; 갈조강; 말목; 모자반과,,,,,Turbinaria decurrens은(는) 해양생물 캐릭터와 과학 동화 소재로 사용할 수 있다.,"해양생물의 생김새, 서식지, 분포를 반영한 과학 동화 소재",국명·학명·서식지·분류체계를 활용한 관찰 질문과 퀴즈,5-7;8-10,해양생물종;Turbinaria;decurrens;모자반과,270000030370,Chromista,크로미스타계,Ochrophyta,대롱편모조식물문,Phaeophyceae,갈조강,Fucales,말목,Sargassaceae,모자반과,"Turbinaria decurrens Bory, 1828",Turbinaria decurrens,,기타,,,,,,,,,,,정명,"Turbinaria decurrens Bory, 1828"
국립해양생물자원관_해양생물종정보 서비스,https://www.data.go.kr/data/15094770/openapi.do,,marine_life_species,Dermabacter hominis,세균계; Actinomycetota; Actinomycetes; Micrococcales; Dermabacteraceae,,,,,Dermabacter hominis은(는) 해양생물 캐릭터와 과학 동화 소재로 사용할 수 있다.,"해양생물의 생김새, 서식지, 분포를 반영한 과학 동화 소재",국명·학명·서식지·분류체계를 활용한 관찰 질문과 퀴즈,5-7;8-10,해양생물종;Dermabacter;hominis;Dermabacteraceae,270000021643,Bacteria,세균계,Actinomycetota,,Actinomycetes,,Micrococcales,,Dermabacteraceae,,"Dermabacter hominis Jones & Collins, 1988",Dermabacter hominis,,기타,,,,,,,,,,,정명,"Dermabacter hominis Jones & Collins, 1988"
국립해양생물자원관_해양생물종정보 서비스,https://www.data.go.kr/data/15094770/openapi.do,,marine_life_species,Plantactinospora siamensis,세균계; Actinomycetota; Actinomycetes; Micromonosporales; Micromonosporaceae,,,,,Plantactinospora siamensis은(는) 해양생물 캐릭터와 과학 동화 소재로 사용할 수 있다.,"해양생물의 생김새, 서식지, 분포를 반영한 과학 동화 소재",국명·학명·서식지·분류체계를 활용한 관찰 질문과 퀴즈,5-7;8-10,해양생물종;Plantactinospora;siamensis;Micromonosporaceae,270000013837,Bacteria,세균계,Actinomycetota,,Actinomycetes,,Micromonosporales,,Micromonosporaceae,,Plantactinospora siamensis,Plantactinospora siamensis,,기타,,,,,,,,,,,정명,Plantactinospora siamensis
국립해양생물자원관_해양생물종정보 서비스,https://www.data.go.kr/data/15094770/openapi.do,,marine_life_species,Gordonia rubripertincta,세균계; Actinomycetota; Actinomycetes; Mycobacteriales; Gordoniaceae,,,,,Gordonia rubripertincta은(는) 해양생물 캐릭터와 과학 동화 소재로 사용할 수 있다.,"해양생물의 생김새, 서식지, 분포를 반영한 과학 동화 소재",국명·학명·서식지·분류체계를 활용한 관찰 질문과 퀴즈,5-7;8-10,해양생물종;Gordonia;rubripertincta;Gordoniaceae,270000022257,Bacteria,세균계,Actinomycetota,,Actinomycetes,,Mycobacteriales,,Gordoniaceae,,"Gordonia rubripertincta (Hefferan) Stackebrandt et al., 1988",Gordonia rubripertincta,,기타,,,,,,,,,,,정명,"Gordonia rubripertincta (Hefferan) Stackebrandt et al., 1988"
국립해양생물자원관_해양생물종정보 서비스,https://www.data.go.kr/data/15094770/openapi.do,,marine_life_species,Sanguibacter inulinus,세균계; Actinomycetota; Actinomycetes; Micrococcales; Jonesiaceae,,,,,Sanguibacter inulinus은(는) 해양생물 캐릭터와 과학 동화 소재로 사용할 수 있다.,"해양생물의 생김새, 서식지, 분포를 반영한 과학 동화 소재",국명·학명·서식지·분류체계를 활용한 관찰 질문과 퀴즈,5-7;8-10,해양생물종;Sanguibacter;inulinus;Jonesiaceae,270000024970,Bacteria,세균계,Actinomycetota,,Actinomycetes,,Micrococcales,,Jonesiaceae,,"Sanguibacter inulinus Pascual et al., 1996",Sanguibacter inulinus,,기타,,,,,,,,,,,정명,"Sanguibacter inulinus Pascual et al., 1996"
국립해양생물자원관_해양생물종정보 서비스,https://www.data.go.kr/data/15094770/openapi.do,,marine_life_species,Striaria attenuata,크로미스타계; 대롱편모조식물문; 갈조강; 솜털목; 민가지말과,,,,,Striaria attenuata은(는) 해양생물 캐릭터와 과학 동화 소재로 사용할 수 있다.,"해양생물의 생김새, 서식지, 분포를 반영한 과학 동화 소재",국명·학명·서식지·분류체계를 활용한 관찰 질문과 퀴즈,5-7;8-10,해양생물종;Striaria;attenuata;민가지말과,270000017232,Chromista,크로미스타계,Ochrophyta,대롱편모조식물문,Phaeophyceae,갈조강,Ectocarpales,솜털목,Chordariaceae,민가지말과,"Striaria attenuata (Greville) Greville, 1828",Striaria attenuata,,기타,,,,,,,,,,,정명,"Striaria attenuata (Greville) Greville, 1828"
국립해양생물자원관_해양생물종정보 서비스,https://www.data.go.kr/data/15094770/openapi.do,,marine_life_species,Microbacterium azadirachtae,세균계; Actinomycetota; Actinomycetes; Micrococcales; Microbacteriaceae,,,,,Microbacterium azadirachtae은(는) 해양생물 캐릭터와 과학 동화 소재로 사용할 수 있다.,"해양생물의 생김새, 서식지, 분포를 반영한 과학 동화 소재",국명·학명·서식지·분류체계를 활용한 관찰 질문과 퀴즈,5-7;8-10,해양생물종;Microbacterium;azadirachtae;Microbacteriaceae,270000010712,Bacteria,세균계,Actinomycetota,,Actinomycetes,,Micrococcales,,Microbacteriaceae,,Microbacterium azadirachtae,Microbacterium azadirachtae,,기타,,,,,,,,,,,정명,Microbacterium azadirachtae
국립해양생물자원관_해양생물종정보 서비스,https://www.data.go.kr/data/15094770/openapi.do,,marine_life_species,Richelia intracellularis,세균계; Cyanobacteria; Cyanophyceae; Nostocales; Nostocaceae,,,,,Richelia intracellularis은(는) 해양생물 캐릭터와 과학 동화 소재로 사용할 수 있다.,"해양생물의 생김새, 서식지, 분포를 반영한 과학 동화 소재",국명·학명·서식지·분류체계를 활용한 관찰 질문과 퀴즈,5-7;8-10,해양생물종;Richelia;intracellularis;Nostocaceae,270000024851,Bacteria,세균계,Cyanobacteria,,Cyanophyceae,,Nostocales,,Nostocaceae,,"Richelia intracellularis Ostenfeld & J.A.Schmidt, 1901",Richelia intracellularis,,기타,,,,,,,,,,,정명,"Richelia intracellularis Ostenfeld & J.A.Schmidt, 1901"
국립해양생물자원관_해양생물종정보 서비스,https://www.data.go.kr/data/15094770/openapi.do,,marine_life_species,Ecklonia radiata,크로미스타계; 대롱편모조식물문; 갈조강; 다시마목; 감태과,,,,,Ecklonia radiata은(는) 해양생물 캐릭터와 과학 동화 소재로 사용할 수 있다.,"해양생물의 생김새, 서식지, 분포를 반영한 과학 동화 소재",국명·학명·서식지·분류체계를 활용한 관찰 질문과 퀴즈,5-7;8-10,해양생물종;Ecklonia;radiata;감태과,270000005867,Chromista,크로미스타계,Ochrophyta,대롱편모조식물문,Phaeophyceae,갈조강,Laminariales,다시마목,Lessoniaceae,감태과,Ecklonia radiata,Ecklonia radiata,,기타,,,,,,,,,,,정명,Ecklonia radiata
국립해양생물자원관_해양생물종정보 서비스,https://www.data.go.kr/data/15094770/openapi.do,,marine_life_species,Arthrobacter antioxidans,세균계; Actinomycetota; Actinomycetes; Micrococcales; Micrococcaceae,,,,,Arthrobacter antioxidans은(는) 해양생물 캐릭터와 과학 동화 소재로 사용할 수 있다.,"해양생물의 생김새, 서식지, 분포를 반영한 과학 동화 소재",국명·학명·서식지·분류체계를 활용한 관찰 질문과 퀴즈,5-7;8-10,해양생물종;Arthrobacter;antioxidans;Micrococcaceae,270000029723,Bacteria,세균계,Actinomycetota,,Actinomycetes,,Micrococcales,,Micrococcaceae,,"Arthrobacter antioxidans Yu et al., 2022",Arthrobacter antioxidans,,기타,,,,,,,,,,,정명,"Arthrobacter antioxidans Yu et al., 2022"
국립해양생물자원관_해양생물종정보 서비스,https://www.data.go.kr/data/15094770/openapi.do,,marine_life_species,Nocardioides marmoraquaticus,세균계; Actinomycetota; Actinomycetes; Propionibacteriales; Nocardioidaceae,,,,,Nocardioides marmoraquaticus은(는) 해양생물 캐릭터와 과학 동화 소재로 사용할 수 있다.,"해양생물의 생김새, 서식지, 분포를 반영한 과학 동화 소재",국명·학명·서식지·분류체계를 활용한 관찰 질문과 퀴즈,5-7;8-10,해양생물종;Nocardioides;marmoraquaticus;Nocardioidaceae,270000029845,Bacteria,세균계,Actinomycetota,,Actinomycetes,,Propionibacteriales,,Nocardioidaceae,,"Nocardioides marmoraquaticus Wang et al., 2023",Nocardioides marmoraquaticus,,기타,,,,,,,,,,,정명,"Nocardioides marmoraquaticus Wang et al., 2023"
국립해양생물자원관_해양생물종정보 서비스,https://www.data.go.kr/data/15094770/openapi.do,,marine_life_species,Arthrobacter subterraneus,세균계; Actinomycetota; Actinomycetes; Micrococcales; Micrococcaceae,,,,,Arthrobacter subterraneus은(는) 해양생물 캐릭터와 과학 동화 소재로 사용할 수 있다.,"해양생물의 생김새, 서식지, 분포를 반영한 과학 동화 소재",국명·학명·서식지·분류체계를 활용한 관찰 질문과 퀴즈,5-7;8-10,해양생물종;Arthrobacter;subterraneus;Micrococcaceae,270000020488,Bacteria,세균계,Actinomycetota,,Actinomycetes,,Micrococcales,,Micrococcaceae,,"Arthrobacter subterraneus Chang et al., 2008",Arthrobacter subterraneus,,기타,,,,,,,,,,,정명,"Arthrobacter subterraneus Chang et al., 2008"
국립해양생물자원관_해양생물종정보 서비스,https://www.data.go.kr/data/15094770/openapi.do,,marine_life_species,Microbacterium hominis,세균계; Actinomycetota; Actinomycetes; Micrococcales; Microbacteriaceae,,,,,Microbacterium hominis은(는) 해양생물 캐릭터와 과학 동화 소재로 사용할 수 있다.,"해양생물의 생김새, 서식지, 분포를 반영한 과학 동화 소재",국명·학명·서식지·분류체계를 활용한 관찰 질문과 퀴즈,5-7;8-10,해양생물종;Microbacterium;hominis;Microbacteriaceae,270000023310,Bacteria,세균계,Actinomycetota,,Actinomycetes,,Micrococcales,,Microbacteriaceae,,"Microbacterium hominis Takeuchi & Hatano, 1998",Microbacterium hominis,,기타,,,,,,,,,,,정명,"Microbacterium hominis Takeuchi & Hatano, 1998"
국립해양생물자원관_해양생물종정보 서비스,https://www.data.go.kr/data/15094770/openapi.do,,marine_life_species,Cryobacterium psychrophilum,세균계; Actinomycetota; Actinomycetes; Micrococcales; Microbacteriaceae,,,,,Cryobacterium psychrophilum은(는) 해양생물 캐릭터와 과학 동화 소재로 사용할 수 있다.,"해양생물의 생김새, 서식지, 분포를 반영한 과학 동화 소재",국명·학명·서식지·분류체계를 활용한 관찰 질문과 퀴즈,5-7;8-10,해양생물종;Cryobacterium;psychrophilum;Microbacteriaceae,270000021535,Bacteria,세균계,Actinomycetota,,Actinomycetes,,Micrococcales,,Microbacteriaceae,,"Cryobacterium psychrophilum (ex Inoue & Komagata) Suzuki et al., 1997",Cryobacterium psychrophilum,,기타,,,,,,,,,,,정명,"Cryobacterium psychrophilum (ex Inoue & Komagata) Suzuki et al., 1997"
국립해양생물자원관_해양생물종정보 서비스,https://www.data.go.kr/data/15094770/openapi.do,,marine_life_species,Micromonospora tulbaghiae,세균계; Actinomycetota; Actinomycetes; Micromonosporales; Micromonosporaceae,,,,,Micromonospora tulbaghiae은(는) 해양생물 캐릭터와 과학 동화 소재로 사용할 수 있다.,"해양생물의 생김새, 서식지, 분포를 반영한 과학 동화 소재",국명·학명·서식지·분류체계를 활용한 관찰 질문과 퀴즈,5-7;8-10,해양생물종;Micromonospora;tulbaghiae;Micromonosporaceae,270000010817,Bacteria,세균계,Actinomycetota,,Actinomycetes,,Micromonosporales,,Micromonosporaceae,,Micromonospora tulbaghiae,Micromonospora tulbaghiae,,기타,,,,,,,,,,,정명,Micromonospora tulbaghiae
국립해양생물자원관_해양생물종정보 서비스,https://www.data.go.kr/data/15094770/openapi.do,,marine_life_species,Haematomicrobium sanguinis,세균계; Actinomycetota; Actinomycetes; Micrococcales; Micrococcaceae,,,,,Haematomicrobium sanguinis은(는) 해양생물 캐릭터와 과학 동화 소재로 사용할 수 있다.,"해양생물의 생김새, 서식지, 분포를 반영한 과학 동화 소재",국명·학명·서식지·분류체계를 활용한 관찰 질문과 퀴즈,5-7;8-10,해양생물종;Haematomicrobium;sanguinis;Micrococcaceae,270000020484,Bacteria,세균계,Actinomycetota,,Actinomycetes,,Micrococcales,,Micrococcaceae,,"Haematomicrobium sanguinis (Mages et al.) Schumann & Busse, 2016",Haematomicrobium sanguinis,,기타,,,,,,,,,,,정명,"Haematomicrobium sanguinis (Mages et al.) Schumann & Busse, 2016"
국립해양생물자원관_해양생물종정보 서비스,https://www.data.go.kr/data/15094770/openapi.do,,marine_life_species,Feldmannia paradoxa,크로미스타계; 대롱편모조식물문; 갈조강; 솜털목; 솜말과,,,,,Feldmannia paradoxa은(는) 해양생물 캐릭터와 과학 동화 소재로 사용할 수 있다.,"해양생물의 생김새, 서식지, 분포를 반영한 과학 동화 소재",국명·학명·서식지·분류체계를 활용한 관찰 질문과 퀴즈,5-7;8-10,해양생물종;Feldmannia;paradoxa;솜말과,270000030074,Chromista,크로미스타계,Ochrophyta,대롱편모조식물문,Phaeophyceae,갈조강,Ectocarpales,솜털목,Acinetosporaceae,솜말과,Feldmannia paradoxa (Montagne) Hamel 1939,Feldmannia paradoxa,,기타,,,,,,,,,,,정명,Feldmannia paradoxa (Montagne) Hamel 1939
국립해양생물자원관_해양생물종정보 서비스,https://www.data.go.kr/data/15094770/openapi.do,,marine_life_species,Citricoccus alkalitolerans,세균계; Actinomycetota; Actinomycetes; Micrococcales; Micrococcaceae,,,,,Citricoccus alkalitolerans은(는) 해양생물 캐릭터와 과학 동화 소재로 사용할 수 있다.,"해양생물의 생김새, 서식지, 분포를 반영한 과학 동화 소재",국명·학명·서식지·분류체계를 활용한 관찰 질문과 퀴즈,5-7;8-10,해양생물종;Citricoccus;alkalitolerans;Micrococcaceae,270000021272,Bacteria,세균계,Actinomycetota,,Actinomycetes,,Micrococcales,,Micrococcaceae,,"Citricoccus alkalitolerans Li et al., 2005",Citricoccus alkalitolerans,,기타,,,,,,,,,,,정명,"Citricoccus alkalitolerans Li et al., 2005"
국립해양생물자원관_해양생물종정보 서비스,https://www.data.go.kr/data/15094770/openapi.do,,marine_life_species,Ectocarpus flagelliformis,크로미스타계; 대롱편모조식물문; 갈조강; 솜털목; 솜털과,,,,,Ectocarpus flagelliformis은(는) 해양생물 캐릭터와 과학 동화 소재로 사용할 수 있다.,"해양생물의 생김새, 서식지, 분포를 반영한 과학 동화 소재",국명·학명·서식지·분류체계를 활용한 관찰 질문과 퀴즈,5-7;8-10,해양생물종;Ectocarpus;flagelliformis;솜털과,270000027864,Chromista,크로미스타계,Ochrophyta,대롱편모조식물문,Phaeophyceae,갈조강,Ectocarpales,솜털목,Ectocarpaceae,솜털과,Ectocarpus flagelliformis Kützing 1843,Ectocarpus flagelliformis,,기타,,,,,,,,,,,정명,Ectocarpus flagelliformis Kützing 1843
국립해양생물자원관_해양생물종정보 서비스,https://www.data.go.kr/data/15094770/openapi.do,,marine_life_species,Paeniglutamicibacter cryotolerans,세균계; Actinomycetota; Actinomycetes; Micrococcales; Micrococcaceae,,,,,Paeniglutamicibacter cryotolerans은(는) 해양생물 캐릭터와 과학 동화 소재로 사용할 수 있다.,"해양생물의 생김새, 서식지, 분포를 반영한 과학 동화 소재",국명·학명·서식지·분류체계를 활용한 관찰 질문과 퀴즈,5-7;8-10,해양생물종;Paeniglutamicibacter;cryotolerans;Micrococcaceae,270000023862,Bacteria,세균계,Actinomycetota,,Actinomycetes,,Micrococcales,,Micrococcaceae,,"Paeniglutamicibacter cryotolerans (Ganzert et al.) Busse, 2016",Paeniglutamicibacter cryotolerans,,기타,,,,,,,,,,,정명,"Paeniglutamicibacter cryotolerans (Ganzert et al.) Busse, 2016"
국립해양생물자원관_해양생물종정보 서비스,https://www.data.go.kr/data/15094770/openapi.do,,marine_life_species,Hydroclathrus tumulis,크로미스타계; 대롱편모조식물문; 갈조강; 솜털목; 고리매과,,,,,Hydroclathrus tumulis은(는) 해양생물 캐릭터와 과학 동화 소재로 사용할 수 있다.,"해양생물의 생김새, 서식지, 분포를 반영한 과학 동화 소재",국명·학명·서식지·분류체계를 활용한 관찰 질문과 퀴즈,5-7;8-10,해양생물종;Hydroclathrus;tumulis;고리매과,270000008490,Chromista,크로미스타계,Ochrophyta,대롱편모조식물문,Phaeophyceae,갈조강,Ectocarpales,솜털목,Scytosiphonaceae,고리매과,Hydroclathrus tumulis,Hydroclathrus tumulis,,기타,,,,,,,,,,,정명,Hydroclathrus tumulis
국립해양생물자원관_해양생물종정보 서비스,https://www.data.go.kr/data/15094770/openapi.do,,marine_life_species,Tersicoccus solisilvae,세균계; Actinomycetota; Actinomycetes; Micrococcales; Micrococcaceae,,,,,Tersicoccus solisilvae은(는) 해양생물 캐릭터와 과학 동화 소재로 사용할 수 있다.,"해양생물의 생김새, 서식지, 분포를 반영한 과학 동화 소재",국명·학명·서식지·분류체계를 활용한 관찰 질문과 퀴즈,5-7;8-10,해양생물종;Tersicoccus;solisilvae;Micrococcaceae,270000028878,Bacteria,세균계,Actinomycetota,,Actinomycetes,,Micrococcales,,Micrococcaceae,,"Tersicoccus solisilvae Sultanpuram et al., 2016",Tersicoccus solisilvae,,기타,,,,,,,,,,,정명,"Tersicoccus solisilvae Sultanpuram et al., 2016"
국립해양생물자원관_해양생물종정보 서비스,https://www.data.go.kr/data/15094770/openapi.do,,marine_life_species,Agromyces iriomotensis,세균계; Actinomycetota; Actinomycetes; Micrococcales; Microbacteriaceae,,,,,Agromyces iriomotensis은(는) 해양생물 캐릭터와 과학 동화 소재로 사용할 수 있다.,"해양생물의 생김새, 서식지, 분포를 반영한 과학 동화 소재",국명·학명·서식지·분류체계를 활용한 관찰 질문과 퀴즈,5-7;8-10,해양생물종;Agromyces;iriomotensis;Microbacteriaceae,270000028903,Bacteria,세균계,Actinomycetota,,Actinomycetes,,Micrococcales,,Microbacteriaceae,,"Agromyces iriomotensis Hamada et al., 2014",Agromyces iriomotensis,,기타,,,,,,,,,,,정명,"Agromyces iriomotensis Hamada et al., 2014"
국립해양생물자원관_해양생물종정보 서비스,https://www.data.go.kr/data/15094770/openapi.do,,marine_life_species,Dermacoccus barathri,세균계; Actinomycetota; Actinomycetes; Micrococcales; Dermacoccaceae,,,,,Dermacoccus barathri은(는) 해양생물 캐릭터와 과학 동화 소재로 사용할 수 있다.,"해양생물의 생김새, 서식지, 분포를 반영한 과학 동화 소재",국명·학명·서식지·분류체계를 활용한 관찰 질문과 퀴즈,5-7;8-10,해양생물종;Dermacoccus;barathri;Dermacoccaceae,270000026823,Bacteria,세균계,Actinomycetota,,Actinomycetes,,Micrococcales,,Dermacoccaceae,,"Dermacoccus barathri Pathom-aree et al., 2006",Dermacoccus barathri,,기타,,,,,,,,,,,정명,"Dermacoccus barathri Pathom-aree et al., 2006"
국립해양생물자원관_해양생물종정보 서비스,https://www.data.go.kr/data/15094770/openapi.do,,marine_life_species,Demequina sediminis,세균계; Actinomycetota; Actinomycetes; Micrococcales; Demequinaceae,,,,,Demequina sediminis은(는) 해양생물 캐릭터와 과학 동화 소재로 사용할 수 있다.,"해양생물의 생김새, 서식지, 분포를 반영한 과학 동화 소재",국명·학명·서식지·분류체계를 활용한 관찰 질문과 퀴즈,5-7;8-10,해양생물종;Demequina;sediminis;Demequinaceae,270000028796,Bacteria,세균계,Actinomycetota,,Actinomycetes,,Micrococcales,,Demequinaceae,,"Demequina sediminis (Hamada et al., 2017) Yang & Zhi, 2020",Demequina sediminis,,기타,,,,,,,,,,,정명,"Demequina sediminis (Hamada et al., 2017) Yang & Zhi, 2020"
국립해양생물자원관_해양생물종정보 서비스,https://www.data.go.kr/data/15094770/openapi.do,,marine_life_species,Aeromicrobium ginsengisoli,세균계; Actinomycetota; Actinomycetes; Propionibacteriales; Nocardioidaceae,,,,,Aeromicrobium ginsengisoli은(는) 해양생물 캐릭터와 과학 동화 소재로 사용할 수 있다.,"해양생물의 생김새, 서식지, 분포를 반영한 과학 동화 소재",국명·학명·서식지·분류체계를 활용한 관찰 질문과 퀴즈,5-7;8-10,해양생물종;Aeromicrobium;ginsengisoli;Nocardioidaceae,270000020089,Bacteria,세균계,Actinomycetota,,Actinomycetes,,Propionibacteriales,,Nocardioidaceae,,"Aeromicrobium ginsengisoli Kim et al., 2008",Aeromicrobium ginsengisoli,,기타,,,,,,,,,,,정명,"Aeromicrobium ginsengisoli Kim et al., 2008"
국립해양생물자원관_해양생물종정보 서비스,https://www.data.go.kr/data/15094770/openapi.do,,marine_life_species,Dictyota spinulosa,크로미스타계; 대롱편모조식물문; 갈조강; 그물바탕말목; 그물바탕말과,,,,,Dictyota spinulosa은(는) 해양생물 캐릭터와 과학 동화 소재로 사용할 수 있다.,"해양생물의 생김새, 서식지, 분포를 반영한 과학 동화 소재",국명·학명·서식지·분류체계를 활용한 관찰 질문과 퀴즈,5-7;8-10,해양생물종;Dictyota;spinulosa;그물바탕말과,270000029454,Chromista,크로미스타계,Ochrophyta,대롱편모조식물문,Phaeophyceae,갈조강,Dictyotales,그물바탕말목,Dictyotaceae,그물바탕말과,"Dictyota spinulosa J.D.Hooker & Arnott, 1838",Dictyota spinulosa,,기타,,,,,,,,,,,정명,"Dictyota spinulosa J.D.Hooker & Arnott, 1838"
국립해양생물자원관_해양생물종정보 서비스,https://www.data.go.kr/data/15094770/openapi.do,,marine_life_species,Pelvetiopsis limitata,크로미스타계; 대롱편모조식물문; 갈조강; 말목; 말과,,,,,Pelvetiopsis limitata은(는) 해양생물 캐릭터와 과학 동화 소재로 사용할 수 있다.,"해양생물의 생김새, 서식지, 분포를 반영한 과학 동화 소재",국명·학명·서식지·분류체계를 활용한 관찰 질문과 퀴즈,5-7;8-10,해양생물종;Pelvetiopsis;limitata;말과,270000013155,Chromista,크로미스타계,Ochrophyta,대롱편모조식물문,Phaeophyceae,갈조강,Fucales,말목,Fucaceae,말과,Pelvetiopsis limitata,Pelvetiopsis limitata,,기타,,,,,,,,,,,정명,Pelvetiopsis limitata
국립해양생물자원관_해양생물종정보 서비스,https://www.data.go.kr/data/15094770/openapi.do,,marine_life_species,Pedococcus dokdonensis,세균계; Actinomycetota; Actinomycetes; Micrococcales; Intrasporangiaceae,,,,,Pedococcus dokdonensis은(는) 해양생물 캐릭터와 과학 동화 소재로 사용할 수 있다.,"해양생물의 생김새, 서식지, 분포를 반영한 과학 동화 소재",국명·학명·서식지·분류체계를 활용한 관찰 질문과 퀴즈,5-7;8-10,해양생물종;Pedococcus;dokdonensis;Intrasporangiaceae,270000024212,Bacteria,세균계,Actinomycetota,,Actinomycetes,,Micrococcales,,Intrasporangiaceae,,"Pedococcus dokdonensis (Yoon et al.) Nouioui et al., 2018",Pedococcus dokdonensis,,기타,,,,,,,,,,,정명,"Pedococcus dokdonensis (Yoon et al.) Nouioui et al., 2018"
국립해양생물자원관_해양생물종정보 서비스,https://www.data.go.kr/data/15094770/openapi.do,,marine_life_species,Oerskovia paurometabola,세균계; Actinomycetota; Actinomycetes; Micrococcales; Promicromonosporaceae,,,,,Oerskovia paurometabola은(는) 해양생물 캐릭터와 과학 동화 소재로 사용할 수 있다.,"해양생물의 생김새, 서식지, 분포를 반영한 과학 동화 소재",국명·학명·서식지·분류체계를 활용한 관찰 질문과 퀴즈,5-7;8-10,해양생물종;Oerskovia;paurometabola;Promicromonosporaceae,270000027985,Bacteria,세균계,Actinomycetota,,Actinomycetes,,Micrococcales,,Promicromonosporaceae,,"Oerskovia paurometabola Stackebrandt et al., 2002",Oerskovia paurometabola,,기타,,,,,,,,,,,정명,"Oerskovia paurometabola Stackebrandt et al., 2002"
국립해양생물자원관_해양생물종정보 서비스,https://www.data.go.kr/data/15094770/openapi.do,,marine_life_species,Microbacterium thalassium,세균계; Actinomycetota; Actinomycetes; Micrococcales; Microbacteriaceae,,,,,Microbacterium thalassium은(는) 해양생물 캐릭터와 과학 동화 소재로 사용할 수 있다.,"해양생물의 생김새, 서식지, 분포를 반영한 과학 동화 소재",국명·학명·서식지·분류체계를 활용한 관찰 질문과 퀴즈,5-7;8-10,해양생물종;Microbacterium;thalassium;Microbacteriaceae,270000023329,Bacteria,세균계,Actinomycetota,,Actinomycetes,,Micrococcales,,Microbacteriaceae,,"Microbacterium thalassium Takeuchi & Hatano, 1998",Microbacterium thalassium,,기타,,,,,,,,,,,정명,"Microbacterium thalassium Takeuchi & Hatano, 1998"
국립해양생물자원관_해양생물종정보 서비스,https://www.data.go.kr/data/15094770/openapi.do,,marine_life_species,Cellulosimicrobium funkei,세균계; Actinomycetota; Actinomycetes; Micrococcales; Promicromonosporaceae,,,,,Cellulosimicrobium funkei은(는) 해양생물 캐릭터와 과학 동화 소재로 사용할 수 있다.,"해양생물의 생김새, 서식지, 분포를 반영한 과학 동화 소재",국명·학명·서식지·분류체계를 활용한 관찰 질문과 퀴즈,5-7;8-10,해양생물종;Cellulosimicrobium;funkei;Promicromonosporaceae,270000021060,Bacteria,세균계,Actinomycetota,,Actinomycetes,,Micrococcales,,Promicromonosporaceae,,"Cellulosimicrobium funkei Brown et al., 2006",Cellulosimicrobium funkei,,기타,,,,,,,,,,,정명,"Cellulosimicrobium funkei Brown et al., 2006"
국립해양생물자원관_해양생물종정보 서비스,https://www.data.go.kr/data/15094770/openapi.do,,marine_life_species,Renibacterium salmoninarum,세균계; Actinomycetota; Actinomycetes; Micrococcales; Micrococcaceae,,,,,Renibacterium salmoninarum은(는) 해양생물 캐릭터와 과학 동화 소재로 사용할 수 있다.,"해양생물의 생김새, 서식지, 분포를 반영한 과학 동화 소재",국명·학명·서식지·분류체계를 활용한 관찰 질문과 퀴즈,5-7;8-10,해양생물종;Renibacterium;salmoninarum;Micrococcaceae,270000024761,Bacteria,세균계,Actinomycetota,,Actinomycetes,,Micrococcales,,Micrococcaceae,,"Renibacterium salmoninarum Sanders & Fryer, 1980",Renibacterium salmoninarum,,기타,,,,,,,,,,,정명,"Renibacterium salmoninarum Sanders & Fryer, 1980"
국립해양생물자원관_해양생물종정보 서비스,https://www.data.go.kr/data/15094770/openapi.do,,marine_life_species,Microbacterium invictum,세균계; Actinomycetota; Actinomycetes; Micrococcales; Microbacteriaceae,,,,,Microbacterium invictum은(는) 해양생물 캐릭터와 과학 동화 소재로 사용할 수 있다.,"해양생물의 생김새, 서식지, 분포를 반영한 과학 동화 소재",국명·학명·서식지·분류체계를 활용한 관찰 질문과 퀴즈,5-7;8-10,해양생물종;Microbacterium;invictum;Microbacteriaceae,270000010724,Bacteria,세균계,Actinomycetota,,Actinomycetes,,Micrococcales,,Microbacteriaceae,,"Microbacterium invictum Vaz-Moreira et al., 2009",Microbacterium invictum,,기타,,,,,,,,,,,정명,"Microbacterium invictum Vaz-Moreira et al., 2009"
국립해양생물자원관_해양생물종정보 서비스,https://www.data.go.kr/data/15094770/openapi.do,,marine_life_species,Rothia mucilaginosa,세균계; Actinomycetota; Actinomycetes; Micrococcales; Micrococcaceae,,,,,Rothia mucilaginosa은(는) 해양생물 캐릭터와 과학 동화 소재로 사용할 수 있다.,"해양생물의 생김새, 서식지, 분포를 반영한 과학 동화 소재",국명·학명·서식지·분류체계를 활용한 관찰 질문과 퀴즈,5-7;8-10,해양생물종;Rothia;mucilaginosa;Micrococcaceae,270000024897,Bacteria,세균계,Actinomycetota,,Actinomycetes,,Micrococcales,,Micrococcaceae,,"Rothia mucilaginosa (Bergan & Kocur) Collins et al., 2000",Rothia mucilaginosa,,기타,,,,,,,,,,,정명,"Rothia mucilaginosa (Bergan & Kocur) Collins et al., 2000"
국립해양생물자원관_해양생물종정보 서비스,https://www.data.go.kr/data/15094770/openapi.do,,marine_life_species,Dietzia kunjamensis subsp. kunjamensis,세균계; Actinomycetota; Actinomycetes; Mycobacteriales; Dietziaceae,,,,,Dietzia kunjamensis subsp. kunjamensis은(는) 해양생물 캐릭터와 과학 동화 소재로 사용할 수 있다.,"해양생물의 생김새, 서식지, 분포를 반영한 과학 동화 소재",국명·학명·서식지·분류체계를 활용한 관찰 질문과 퀴즈,5-7;8-10,해양생물종;Dietzia;kunjamensis;subsp.;Dietziaceae,271000025661,Bacteria,세균계,Actinomycetota,,Actinomycetes,,Mycobacteriales,,Dietziaceae,,"Dietzia kunjamensis subsp. kunjamensis (Mayilraj et al., 2006) Nouioui et al., 2018",Dietzia kunjamensis subsp. kunjamensis,,기타,,,,,,,,,,,정명,"Dietzia kunjamensis subsp. kunjamensis (Mayilraj et al., 2006) Nouioui et al., 2018"
국립해양생물자원관_해양생물종정보 서비스,https://www.data.go.kr/data/15094770/openapi.do,,marine_life_species,Padina tetrastromatica,크로미스타계; 대롱편모조식물문; 갈조강; 그물바탕말목; 그물바탕말과,,,,,Padina tetrastromatica은(는) 해양생물 캐릭터와 과학 동화 소재로 사용할 수 있다.,"해양생물의 생김새, 서식지, 분포를 반영한 과학 동화 소재",국명·학명·서식지·분류체계를 활용한 관찰 질문과 퀴즈,5-7;8-10,해양생물종;Padina;tetrastromatica;그물바탕말과,270000012478,Chromista,크로미스타계,Ochrophyta,대롱편모조식물문,Phaeophyceae,갈조강,Dictyotales,그물바탕말목,Dictyotaceae,그물바탕말과,Padina tetrastromatica,Padina tetrastromatica,,기타,,,,,,,,,,,정명,Padina tetrastromatica
국립해양생물자원관_해양생물종정보 서비스,https://www.data.go.kr/data/15094770/openapi.do,,marine_life_species,Sargassum serratum,크로미스타계; 대롱편모조식물문; 갈조강; 말목; 모자반과,,,,,Sargassum serratum은(는) 해양생물 캐릭터와 과학 동화 소재로 사용할 수 있다.,"해양생물의 생김새, 서식지, 분포를 반영한 과학 동화 소재",국명·학명·서식지·분류체계를 활용한 관찰 질문과 퀴즈,5-7;8-10,해양생물종;Sargassum;serratum;모자반과,270000016004,Chromista,크로미스타계,Ochrophyta,대롱편모조식물문,Phaeophyceae,갈조강,Fucales,말목,Sargassaceae,모자반과,Sargassum serratum,Sargassum serratum,,기타,,,,,,,,,,,정명,Sargassum serratum
국립해양생물자원관_해양생물종정보 서비스,https://www.data.go.kr/data/15094770/openapi.do,,marine_life_species,Kyrtuthrix maculans,세균계; Cyanobacteria; Cyanophyceae; Nostocales; Rivulariaceae,,,,,Kyrtuthrix maculans은(는) 해양생물 캐릭터와 과학 동화 소재로 사용할 수 있다.,"해양생물의 생김새, 서식지, 분포를 반영한 과학 동화 소재",국명·학명·서식지·분류체계를 활용한 관찰 질문과 퀴즈,5-7;8-10,해양생물종;Kyrtuthrix;maculans;Rivulariaceae,270000022769,Bacteria,세균계,Cyanobacteria,,Cyanophyceae,,Nostocales,,Rivulariaceae,,"Kyrtuthrix maculans (Gomont) Umezaki, 1958",Kyrtuthrix maculans,,기타,,,,,,,,,,,정명,"Kyrtuthrix maculans (Gomont) Umezaki, 1958"
국립해양생물자원관_해양생물종정보 서비스,https://www.data.go.kr/data/15094770/openapi.do,,marine_life_species,Pseudonocardia antitumoralis,세균계; Actinomycetota; Actinomycetes; Pseudonocardiales; Pseudonocardiaceae,,,,,Pseudonocardia antitumoralis은(는) 해양생물 캐릭터와 과학 동화 소재로 사용할 수 있다.,"해양생물의 생김새, 서식지, 분포를 반영한 과학 동화 소재",국명·학명·서식지·분류체계를 활용한 관찰 질문과 퀴즈,5-7;8-10,해양생물종;Pseudonocardia;antitumoralis;Pseudonocardiaceae,270000014955,Bacteria,세균계,Actinomycetota,,Actinomycetes,,Pseudonocardiales,,Pseudonocardiaceae,,Pseudonocardia antitumoralis,Pseudonocardia antitumoralis,,기타,,,,,,,,,,,정명,Pseudonocardia antitumoralis
국립해양생물자원관_해양생물종정보 서비스,https://www.data.go.kr/data/15094770/openapi.do,,marine_life_species,Microbacterium dextranolyticum,세균계; Actinomycetota; Actinomycetes; Micrococcales; Microbacteriaceae,,,,,Microbacterium dextranolyticum은(는) 해양생물 캐릭터와 과학 동화 소재로 사용할 수 있다.,"해양생물의 생김새, 서식지, 분포를 반영한 과학 동화 소재",국명·학명·서식지·분류체계를 활용한 관찰 질문과 퀴즈,5-7;8-10,해양생물종;Microbacterium;dextranolyticum;Microbacteriaceae,270000028790,Bacteria,세균계,Actinomycetota,,Actinomycetes,,Micrococcales,,Microbacteriaceae,,"Microbacterium dextranolyticum Yokota et al., 1993",Microbacterium dextranolyticum,,기타,,,,,,,,,,,정명,"Microbacterium dextranolyticum Yokota et al., 1993"
국립해양생물자원관_해양생물종정보 서비스,https://www.data.go.kr/data/15094770/openapi.do,,marine_life_species,Ectocarpus variabilis,크로미스타계; 대롱편모조식물문; 갈조강; 솜털목; 솜털과,,,,,Ectocarpus variabilis은(는) 해양생물 캐릭터와 과학 동화 소재로 사용할 수 있다.,"해양생물의 생김새, 서식지, 분포를 반영한 과학 동화 소재",국명·학명·서식지·분류체계를 활용한 관찰 질문과 퀴즈,5-7;8-10,해양생물종;Ectocarpus;variabilis;솜털과,270000005886,Chromista,크로미스타계,Ochrophyta,대롱편모조식물문,Phaeophyceae,갈조강,Ectocarpales,솜털목,Ectocarpaceae,솜털과,Ectocarpus variabilis,Ectocarpus variabilis,,기타,,,,,,,,,,,정명,Ectocarpus variabilis
국립해양생물자원관_해양생물종정보 서비스,https://www.data.go.kr/data/15094770/openapi.do,,marine_life_species,Sargassum oligocystum,크로미스타계; 대롱편모조식물문; 갈조강; 말목; 모자반과,,,,,Sargassum oligocystum은(는) 해양생물 캐릭터와 과학 동화 소재로 사용할 수 있다.,"해양생물의 생김새, 서식지, 분포를 반영한 과학 동화 소재",국명·학명·서식지·분류체계를 활용한 관찰 질문과 퀴즈,5-7;8-10,해양생물종;Sargassum;oligocystum;모자반과,270000029542,Chromista,크로미스타계,Ochrophyta,대롱편모조식물문,Phaeophyceae,갈조강,Fucales,말목,Sargassaceae,모자반과,"Sargassum oligocystum Montagne, 1845",Sargassum oligocystum,,기타,,,,,,,,,,,정명,"Sargassum oligocystum Montagne, 1845"
국립해양생물자원관_해양생물종정보 서비스,https://www.data.go.kr/data/15094770/openapi.do,,marine_life_species,Agromyces humatus,세균계; Actinomycetota; Actinomycetes; Micrococcales; Microbacteriaceae,,,,,Agromyces humatus은(는) 해양생물 캐릭터와 과학 동화 소재로 사용할 수 있다.,"해양생물의 생김새, 서식지, 분포를 반영한 과학 동화 소재",국명·학명·서식지·분류체계를 활용한 관찰 질문과 퀴즈,5-7;8-10,해양생물종;Agromyces;humatus;Microbacteriaceae,270000020132,Bacteria,세균계,Actinomycetota,,Actinomycetes,,Micrococcales,,Microbacteriaceae,,"Agromyces humatus Jurado et al., 2005",Agromyces humatus,,기타,,,,,,,,,,,정명,"Agromyces humatus Jurado et al., 2005"
국립해양생물자원관_해양생물종정보 서비스,https://www.data.go.kr/data/15094770/openapi.do,,marine_life_species,Dolichospermum circinale,세균계; Cyanobacteria; Cyanophyceae; Nostocales; Aphanizomenonaceae,,,,,Dolichospermum circinale은(는) 해양생물 캐릭터와 과학 동화 소재로 사용할 수 있다.,"해양생물의 생김새, 서식지, 분포를 반영한 과학 동화 소재",국명·학명·서식지·분류체계를 활용한 관찰 질문과 퀴즈,5-7;8-10,해양생물종;Dolichospermum;circinale;Aphanizomenonaceae,270000020310,Bacteria,세균계,Cyanobacteria,,Cyanophyceae,,Nostocales,,Aphanizomenonaceae,,"Dolichospermum circinale (Rabenhorst ex Bornet & Flahault, 1886) Wacklin et al., 2009",Dolichospermum circinale,,기타,,,,,,,,,,,정명,"Dolichospermum circinale (Rabenhorst ex Bornet & Flahault, 1886) Wacklin et al., 2009"
국립해양생물자원관_해양생물종정보 서비스,https://www.data.go.kr/data/15094770/openapi.do,,marine_life_species,Labedella gwakjiensis,세균계; Actinomycetota; Actinomycetes; Micrococcales; Microbacteriaceae,,,,,Labedella gwakjiensis은(는) 해양생물 캐릭터와 과학 동화 소재로 사용할 수 있다.,"해양생물의 생김새, 서식지, 분포를 반영한 과학 동화 소재",국명·학명·서식지·분류체계를 활용한 관찰 질문과 퀴즈,5-7;8-10,해양생물종;Labedella;gwakjiensis;Microbacteriaceae,270000022771,Bacteria,세균계,Actinomycetota,,Actinomycetes,,Micrococcales,,Microbacteriaceae,,"Labedella gwakjiensis Lee, 2007",Labedella gwakjiensis,,기타,,,,,,,,,,,정명,"Labedella gwakjiensis Lee, 2007"
국립해양생물자원관_해양생물종정보 서비스,https://www.data.go.kr/data/15094770/openapi.do,,marine_life_species,Corynebacterium pseudogenitalium,세균계; Actinomycetota; Actinomycetes; Mycobacteriales; Corynebacteriaceae,,,,,Corynebacterium pseudogenitalium은(는) 해양생물 캐릭터와 과학 동화 소재로 사용할 수 있다.,"해양생물의 생김새, 서식지, 분포를 반영한 과학 동화 소재",국명·학명·서식지·분류체계를 활용한 관찰 질문과 퀴즈,5-7;8-10,해양생물종;Corynebacterium;pseudogenitalium;Corynebacteriaceae,270000021501,Bacteria,세균계,Actinomycetota,,Actinomycetes,,Mycobacteriales,,Corynebacteriaceae,,"Corynebacterium pseudogenitalium Furness et al., 1979",Corynebacterium pseudogenitalium,,기타,,,,,,,,,,,정명,"Corynebacterium pseudogenitalium Furness et al., 1979"
국립해양생물자원관_해양생물종정보 서비스,https://www.data.go.kr/data/15094770/openapi.do,,marine_life_species,Stephanocystis crassipes,크로미스타계; 대롱편모조식물문; 갈조강; 말목; 모자반과,,,,,Stephanocystis crassipes은(는) 해양생물 캐릭터와 과학 동화 소재로 사용할 수 있다.,"해양생물의 생김새, 서식지, 분포를 반영한 과학 동화 소재",국명·학명·서식지·분류체계를 활용한 관찰 질문과 퀴즈,5-7;8-10,해양생물종;Stephanocystis;crassipes;모자반과,270000021880,Chromista,크로미스타계,Ochrophyta,대롱편모조식물문,Phaeophyceae,갈조강,Fucales,말목,Sargassaceae,모자반과,"Stephanocystis crassipes (Mertens ex Turner) Draisma, Ballesteros, Rousseau & Thibaut, 2010",Stephanocystis crassipes,,기타,,,,,,,,,,,정명,"Stephanocystis crassipes (Mertens ex Turner) Draisma, Ballesteros, Rousseau & Thibaut, 2010"
국립해양생물자원관_해양생물종정보 서비스,https://www.data.go.kr/data/15094770/openapi.do,,marine_life_species,Curtobacterium pusillum,세균계; Actinomycetota; Actinomycetes; Micrococcales; Microbacteriaceae,,,,,Curtobacterium pusillum은(는) 해양생물 캐릭터와 과학 동화 소재로 사용할 수 있다.,"해양생물의 생김새, 서식지, 분포를 반영한 과학 동화 소재",국명·학명·서식지·분류체계를 활용한 관찰 질문과 퀴즈,5-7;8-10,해양생물종;Curtobacterium;pusillum;Microbacteriaceae,270000021569,Bacteria,세균계,Actinomycetota,,Actinomycetes,,Micrococcales,,Microbacteriaceae,,"Curtobacterium pusillum (Iizuka & Komagata) Yamada & Komagata, 1972",Curtobacterium pusillum,,기타,,,,,,,,,,,정명,"Curtobacterium pusillum (Iizuka & Komagata) Yamada & Komagata, 1972"
국립해양생물자원관_해양생물종정보 서비스,https://www.data.go.kr/data/15094770/openapi.do,,marine_life_species,Pterygophora californica,크로미스타계; 대롱편모조식물문; 갈조강; 다시마목; 나래미역과,,,,,Pterygophora californica은(는) 해양생물 캐릭터와 과학 동화 소재로 사용할 수 있다.,"해양생물의 생김새, 서식지, 분포를 반영한 과학 동화 소재",국명·학명·서식지·분류체계를 활용한 관찰 질문과 퀴즈,5-7;8-10,해양생물종;Pterygophora;californica;나래미역과,270000015162,Chromista,크로미스타계,Ochrophyta,대롱편모조식물문,Phaeophyceae,갈조강,Laminariales,다시마목,Alariaceae,나래미역과,Pterygophora californica,Pterygophora californica,,기타,,,,,,,,,,,정명,Pterygophora californica
국립해양생물자원관_해양생물종정보 서비스,https://www.data.go.kr/data/15094770/openapi.do,,marine_life_species,Turbinaria triquetra,크로미스타계; 대롱편모조식물문; 갈조강; 말목; 모자반과,,,,,Turbinaria triquetra은(는) 해양생물 캐릭터와 과학 동화 소재로 사용할 수 있다.,"해양생물의 생김새, 서식지, 분포를 반영한 과학 동화 소재",국명·학명·서식지·분류체계를 활용한 관찰 질문과 퀴즈,5-7;8-10,해양생물종;Turbinaria;triquetra;모자반과,270000025667,Chromista,크로미스타계,Ochrophyta,대롱편모조식물문,Phaeophyceae,갈조강,Fucales,말목,Sargassaceae,모자반과,"Turbinaria triquetra (J. Agardh) Kützing, 1849",Turbinaria triquetra,,기타,,,,,,,,,,,정명,"Turbinaria triquetra (J. Agardh) Kützing, 1849"
국립해양생물자원관_해양생물종정보 서비스,https://www.data.go.kr/data/15094770/openapi.do,,marine_life_species,Microchaete diplosiphon,세균계; Cyanobacteria; Cyanophyceae; Nostocales; Rivulariaceae,,,,,Microchaete diplosiphon은(는) 해양생물 캐릭터와 과학 동화 소재로 사용할 수 있다.,"해양생물의 생김새, 서식지, 분포를 반영한 과학 동화 소재",국명·학명·서식지·분류체계를 활용한 관찰 질문과 퀴즈,5-7;8-10,해양생물종;Microchaete;diplosiphon;Rivulariaceae,270000023347,Bacteria,세균계,Cyanobacteria,,Cyanophyceae,,Nostocales,,Rivulariaceae,,"Microchaete diplosiphon Gomont ex Bornet & Flahault, 1886",Microchaete diplosiphon,,기타,,,,,,,,,,,정명,"Microchaete diplosiphon Gomont ex Bornet & Flahault, 1886"
국립해양생물자원관_해양생물종정보 서비스,https://www.data.go.kr/data/15094770/openapi.do,,marine_life_species,Actinomycetospora lutea,세균계; Actinomycetota; Actinomycetes; Pseudonocardiales; Pseudonocardiaceae,,,,,Actinomycetospora lutea은(는) 해양생물 캐릭터와 과학 동화 소재로 사용할 수 있다.,"해양생물의 생김새, 서식지, 분포를 반영한 과학 동화 소재",국명·학명·서식지·분류체계를 활용한 관찰 질문과 퀴즈,5-7;8-10,해양생물종;Actinomycetospora;lutea;Pseudonocardiaceae,270000000350,Bacteria,세균계,Actinomycetota,,Actinomycetes,,Pseudonocardiales,,Pseudonocardiaceae,,Actinomycetospora lutea,Actinomycetospora lutea,,기타,,,,,,,,,,,정명,Actinomycetospora lutea
국립해양생물자원관_해양생물종정보 서비스,https://www.data.go.kr/data/15094770/openapi.do,,marine_life_species,Blennothrix glutinosa,세균계; Cyanobacteria; Cyanophyceae; Oscillatoriales; Oscillatoriaceae,,,,,Blennothrix glutinosa은(는) 해양생물 캐릭터와 과학 동화 소재로 사용할 수 있다.,"해양생물의 생김새, 서식지, 분포를 반영한 과학 동화 소재",국명·학명·서식지·분류체계를 활용한 관찰 질문과 퀴즈,5-7;8-10,해양생물종;Blennothrix;glutinosa;Oscillatoriaceae,270000020809,Bacteria,세균계,Cyanobacteria,,Cyanophyceae,,Oscillatoriales,,Oscillatoriaceae,,"Blennothrix glutinosa (Gomont ex Gomont) Anagnostidis & Komárek, 2001",Blennothrix glutinosa,,기타,,,,,,,,,,,정명,"Blennothrix glutinosa (Gomont ex Gomont) Anagnostidis & Komárek, 2001"
국립해양생물자원관_해양생물종정보 서비스,https://www.data.go.kr/data/15094770/openapi.do,,marine_life_species,Mycobacterium porcinum,세균계; Actinomycetota; Actinomycetes; Mycobacteriales; Mycobacteriaceae,,,,,Mycobacterium porcinum은(는) 해양생물 캐릭터와 과학 동화 소재로 사용할 수 있다.,"해양생물의 생김새, 서식지, 분포를 반영한 과학 동화 소재",국명·학명·서식지·분류체계를 활용한 관찰 질문과 퀴즈,5-7;8-10,해양생물종;Mycobacterium;porcinum;Mycobacteriaceae,270000023486,Bacteria,세균계,Actinomycetota,,Actinomycetes,,Mycobacteriales,,Mycobacteriaceae,,"Mycobacterium porcinum Tsukamura et al., 1983",Mycobacterium porcinum,,기타,,,,,,,,,,,정명,"Mycobacterium porcinum Tsukamura et al., 1983"
국립해양생물자원관_해양생물종정보 서비스,https://www.data.go.kr/data/15094770/openapi.do,,marine_life_species,Cutibacterium acnes,세균계; Actinomycetota; Actinomycetes; Propionibacteriales; Propionibacteriaceae,,,,,Cutibacterium acnes은(는) 해양생물 캐릭터와 과학 동화 소재로 사용할 수 있다.,"해양생물의 생김새, 서식지, 분포를 반영한 과학 동화 소재",국명·학명·서식지·분류체계를 활용한 관찰 질문과 퀴즈,5-7;8-10,해양생물종;Cutibacterium;acnes;Propionibacteriaceae,270000027472,Bacteria,세균계,Actinomycetota,,Actinomycetes,,Propionibacteriales,,Propionibacteriaceae,,Cutibacterium acnes (Gilchrist 1900) Scholz & Kilian 2016,Cutibacterium acnes,,기타,,,,,,,,,,,정명,Cutibacterium acnes (Gilchrist 1900) Scholz & Kilian 2016
국립해양생물자원관_해양생물종정보 서비스,https://www.data.go.kr/data/15094770/openapi.do,,marine_life_species,Desmarestia latifrons,크로미스타계; 대롱편모조식물문; 갈조강; 산말목; 산말과,,,,,Desmarestia latifrons은(는) 해양생물 캐릭터와 과학 동화 소재로 사용할 수 있다.,"해양생물의 생김새, 서식지, 분포를 반영한 과학 동화 소재",국명·학명·서식지·분류체계를 활용한 관찰 질문과 퀴즈,5-7;8-10,해양생물종;Desmarestia;latifrons;산말과,270000005248,Chromista,크로미스타계,Ochrophyta,대롱편모조식물문,Phaeophyceae,갈조강,Desmarestiales,산말목,Desmarestiaceae,산말과,Desmarestia latifrons,Desmarestia latifrons,,기타,,,,,,,,,,,정명,Desmarestia latifrons
국립해양생물자원관_해양생물종정보 서비스,https://www.data.go.kr/data/15094770/openapi.do,,marine_life_species,Tessaracoccus flavescens,세균계; Actinomycetota; Actinomycetes; Propionibacteriales; Propionibacteriaceae,,,,,Tessaracoccus flavescens은(는) 해양생물 캐릭터와 과학 동화 소재로 사용할 수 있다.,"해양생물의 생김새, 서식지, 분포를 반영한 과학 동화 소재",국명·학명·서식지·분류체계를 활용한 관찰 질문과 퀴즈,5-7;8-10,해양생물종;Tessaracoccus;flavescens;Propionibacteriaceae,270000025558,Bacteria,세균계,Actinomycetota,,Actinomycetes,,Propionibacteriales,,Propionibacteriaceae,,"Tessaracoccus flavescens Lee & Lee, 2008",Tessaracoccus flavescens,,기타,,,,,,,,,,,정명,"Tessaracoccus flavescens Lee & Lee, 2008"
국립해양생물자원관_해양생물종정보 서비스,https://www.data.go.kr/data/15094770/openapi.do,,marine_life_species,Myceligenerans xiligouense,세균계; Actinomycetota; Actinomycetes; Micrococcales; Promicromonosporaceae,,,,,Myceligenerans xiligouense은(는) 해양생물 캐릭터와 과학 동화 소재로 사용할 수 있다.,"해양생물의 생김새, 서식지, 분포를 반영한 과학 동화 소재",국명·학명·서식지·분류체계를 활용한 관찰 질문과 퀴즈,5-7;8-10,해양생물종;Myceligenerans;xiligouense;Promicromonosporaceae,270000028759,Bacteria,세균계,Actinomycetota,,Actinomycetes,,Micrococcales,,Promicromonosporaceae,,"Myceligenerans xiligouense Cui et al., 2004",Myceligenerans xiligouense,,기타,,,,,,,,,,,정명,"Myceligenerans xiligouense Cui et al., 2004"
국립해양생물자원관_해양생물종정보 서비스,https://www.data.go.kr/data/15094770/openapi.do,,marine_life_species,Curtobacterium albidum,세균계; Actinomycetota; Actinomycetes; Micrococcales; Microbacteriaceae,,,,,Curtobacterium albidum은(는) 해양생물 캐릭터와 과학 동화 소재로 사용할 수 있다.,"해양생물의 생김새, 서식지, 분포를 반영한 과학 동화 소재",국명·학명·서식지·분류체계를 활용한 관찰 질문과 퀴즈,5-7;8-10,해양생물종;Curtobacterium;albidum;Microbacteriaceae,270000021565,Bacteria,세균계,Actinomycetota,,Actinomycetes,,Micrococcales,,Microbacteriaceae,,"Curtobacterium albidum (Komagata & Iizuka) Yamada & Komagata, 1972",Curtobacterium albidum,,기타,,,,,,,,,,,정명,"Curtobacterium albidum (Komagata & Iizuka) Yamada & Komagata, 1972"
국립해양생물자원관_해양생물종정보 서비스,https://www.data.go.kr/data/15094770/openapi.do,,marine_life_species,Microbacterium testaceum,세균계; Actinomycetota; Actinomycetes; Micrococcales; Microbacteriaceae,,,,,Microbacterium testaceum은(는) 해양생물 캐릭터와 과학 동화 소재로 사용할 수 있다.,"해양생물의 생김새, 서식지, 분포를 반영한 과학 동화 소재",국명·학명·서식지·분류체계를 활용한 관찰 질문과 퀴즈,5-7;8-10,해양생물종;Microbacterium;testaceum;Microbacteriaceae,270000023328,Bacteria,세균계,Actinomycetota,,Actinomycetes,,Micrococcales,,Microbacteriaceae,,"Microbacterium testaceum (Komagata & Iizuka) Takeuchi & Hatano, 1998",Microbacterium testaceum,,기타,,,,,,,,,,,정명,"Microbacterium testaceum (Komagata & Iizuka) Takeuchi & Hatano, 1998"
국립해양생물자원관_해양생물종정보 서비스,https://www.data.go.kr/data/15094770/openapi.do,,marine_life_species,Galactobacter valiniphilus,세균계; Actinomycetota; Actinomycetes; Micrococcales; Micrococcaceae,,,,,Galactobacter valiniphilus은(는) 해양생물 캐릭터와 과학 동화 소재로 사용할 수 있다.,"해양생물의 생김새, 서식지, 분포를 반영한 과학 동화 소재",국명·학명·서식지·분류체계를 활용한 관찰 질문과 퀴즈,5-7;8-10,해양생물종;Galactobacter;valiniphilus;Micrococcaceae,270000029256,Bacteria,세균계,Actinomycetota,,Actinomycetes,,Micrococcales,,Micrococcaceae,,"Galactobacter valiniphilus Hahne et al., 2019",Galactobacter valiniphilus,,기타,,,,,,,,,,,정명,"Galactobacter valiniphilus Hahne et al., 2019"
국립해양생물자원관_해양생물종정보 서비스,https://www.data.go.kr/data/15094770/openapi.do,,marine_life_species,Phormidium uncinatum,세균계; Cyanobacteria; Cyanophyceae; Oscillatoriales; Oscillatoriaceae,,,,,Phormidium uncinatum은(는) 해양생물 캐릭터와 과학 동화 소재로 사용할 수 있다.,"해양생물의 생김새, 서식지, 분포를 반영한 과학 동화 소재",국명·학명·서식지·분류체계를 활용한 관찰 질문과 퀴즈,5-7;8-10,해양생물종;Phormidium;uncinatum;Oscillatoriaceae,270000024183,Bacteria,세균계,Cyanobacteria,,Cyanophyceae,,Oscillatoriales,,Oscillatoriaceae,,"Phormidium uncinatum Gomont ex Gomont, 1892",Phormidium uncinatum,,기타,,,,,,,,,,,정명,"Phormidium uncinatum Gomont ex Gomont, 1892"
국립해양생물자원관_해양생물종정보 서비스,https://www.data.go.kr/data/15094770/openapi.do,,marine_life_species,Geitlerinema splendidum,세균계; Cyanobacteria; Cyanophyceae; Oscillatoriales; Coleofasciculaceae,,,,,Geitlerinema splendidum은(는) 해양생물 캐릭터와 과학 동화 소재로 사용할 수 있다.,"해양생물의 생김새, 서식지, 분포를 반영한 과학 동화 소재",국명·학명·서식지·분류체계를 활용한 관찰 질문과 퀴즈,5-7;8-10,해양생물종;Geitlerinema;splendidum;Coleofasciculaceae,270000023813,Bacteria,세균계,Cyanobacteria,,Cyanophyceae,,Oscillatoriales,,Coleofasciculaceae,,"Geitlerinema splendidum (Gomont) Anagnostidis, 1989",Geitlerinema splendidum,,기타,,,,,,,,,,,정명,"Geitlerinema splendidum (Gomont) Anagnostidis, 1989"
국립해양생물자원관_해양생물종정보 서비스,https://www.data.go.kr/data/15094770/openapi.do,,marine_life_species,Planktolyngbya contorta,세균계; Cyanobacteria; Cyanophyceae; Synechococcales; Leptolyngbyaceae,,,,,Planktolyngbya contorta은(는) 해양생물 캐릭터와 과학 동화 소재로 사용할 수 있다.,"해양생물의 생김새, 서식지, 분포를 반영한 과학 동화 소재",국명·학명·서식지·분류체계를 활용한 관찰 질문과 퀴즈,5-7;8-10,해양생물종;Planktolyngbya;contorta;Leptolyngbyaceae,270000024243,Bacteria,세균계,Cyanobacteria,,Cyanophyceae,,Synechococcales,,Leptolyngbyaceae,,"Planktolyngbya contorta (Lemmermann) Anagnostidis & Komárek, 1988",Planktolyngbya contorta,,기타,,,,,,,,,,,정명,"Planktolyngbya contorta (Lemmermann) Anagnostidis & Komárek, 1988"
국립해양생물자원관_해양생물종정보 서비스,https://www.data.go.kr/data/15094770/openapi.do,,marine_life_species,Sungminia gladiata,크로미스타계; 대롱편모조식물문; 갈조강; 바위딱지목; Sungminiaceae,,,,,Sungminia gladiata은(는) 해양생물 캐릭터와 과학 동화 소재로 사용할 수 있다.,"해양생물의 생김새, 서식지, 분포를 반영한 과학 동화 소재",국명·학명·서식지·분류체계를 활용한 관찰 질문과 퀴즈,5-7;8-10,해양생물종;Sungminia;gladiata;Sungminiaceae,270000028461,Chromista,크로미스타계,Ochrophyta,대롱편모조식물문,Phaeophyceae,갈조강,Ralfsiales,바위딱지목,Sungminiaceae,,"Sungminia gladiata Oteng'o, Won & T.O.Cho, 2022",Sungminia gladiata,,기타,,,,,,,,,,,정명,"Sungminia gladiata Oteng'o, Won & T.O.Cho, 2022"
국립해양생물자원관_해양생물종정보 서비스,https://www.data.go.kr/data/15094770/openapi.do,,marine_life_species,Sargassum graminifolium,크로미스타계; 대롱편모조식물문; 갈조강; 말목; 모자반과,,,,,Sargassum graminifolium은(는) 해양생물 캐릭터와 과학 동화 소재로 사용할 수 있다.,"해양생물의 생김새, 서식지, 분포를 반영한 과학 동화 소재",국명·학명·서식지·분류체계를 활용한 관찰 질문과 퀴즈,5-7;8-10,해양생물종;Sargassum;graminifolium;모자반과,270000029412,Chromista,크로미스타계,Ochrophyta,대롱편모조식물문,Phaeophyceae,갈조강,Fucales,말목,Sargassaceae,모자반과,"Sargassum graminifolium C.Agardh, 1820",Sargassum graminifolium,,기타,,,,,,,,,,,정명,"Sargassum graminifolium C.Agardh, 1820"
국립해양생물자원관_해양생물종정보 서비스,https://www.data.go.kr/data/15094770/openapi.do,,marine_life_species,Arthrobacter stackebrandtii,세균계; Actinomycetota; Actinomycetes; Micrococcales; Micrococcaceae,,,,,Arthrobacter stackebrandtii은(는) 해양생물 캐릭터와 과학 동화 소재로 사용할 수 있다.,"해양생물의 생김새, 서식지, 분포를 반영한 과학 동화 소재",국명·학명·서식지·분류체계를 활용한 관찰 질문과 퀴즈,5-7;8-10,해양생물종;Arthrobacter;stackebrandtii;Micrococcaceae,270000020487,Bacteria,세균계,Actinomycetota,,Actinomycetes,,Micrococcales,,Micrococcaceae,,"Arthrobacter stackebrandtii Tvrzová et al., 2005",Arthrobacter stackebrandtii,,기타,,,,,,,,,,,정명,"Arthrobacter stackebrandtii Tvrzová et al., 2005"
국립해양생물자원관_해양생물종정보 서비스,https://www.data.go.kr/data/15094770/openapi.do,,marine_life_species,Gordonia didemni,세균계; Actinomycetota; Actinomycetes; Mycobacteriales; Gordoniaceae,,,,,Gordonia didemni은(는) 해양생물 캐릭터와 과학 동화 소재로 사용할 수 있다.,"해양생물의 생김새, 서식지, 분포를 반영한 과학 동화 소재",국명·학명·서식지·분류체계를 활용한 관찰 질문과 퀴즈,5-7;8-10,해양생물종;Gordonia;didemni;Gordoniaceae,270000029387,Bacteria,세균계,Actinomycetota,,Actinomycetes,,Mycobacteriales,,Gordoniaceae,,"Gordonia didemni de Menezes et al., 2016",Gordonia didemni,,기타,,,,,,,,,,,정명,"Gordonia didemni de Menezes et al., 2016"
국립해양생물자원관_해양생물종정보 서비스,https://www.data.go.kr/data/15094770/openapi.do,,marine_life_species,Micromonospora maritima,세균계; Actinomycetota; Actinomycetes; Micromonosporales; Micromonosporaceae,,,,,Micromonospora maritima은(는) 해양생물 캐릭터와 과학 동화 소재로 사용할 수 있다.,"해양생물의 생김새, 서식지, 분포를 반영한 과학 동화 소재",국명·학명·서식지·분류체계를 활용한 관찰 질문과 퀴즈,5-7;8-10,해양생물종;Micromonospora;maritima;Micromonosporaceae,270000010814,Bacteria,세균계,Actinomycetota,,Actinomycetes,,Micromonosporales,,Micromonosporaceae,,Micromonospora maritima,Micromonospora maritima,,기타,,,,,,,,,,,정명,Micromonospora maritima
국립해양생물자원관_해양생물종정보 서비스,https://www.data.go.kr/data/15094770/openapi.do,,marine_life_species,Oscillatoria margaritifera,세균계; Cyanobacteria; Cyanophyceae; Oscillatoriales; Oscillatoriaceae,,,,,Oscillatoria margaritifera은(는) 해양생물 캐릭터와 과학 동화 소재로 사용할 수 있다.,"해양생물의 생김새, 서식지, 분포를 반영한 과학 동화 소재",국명·학명·서식지·분류체계를 활용한 관찰 질문과 퀴즈,5-7;8-10,해양생물종;Oscillatoria;margaritifera;Oscillatoriaceae,270000023809,Bacteria,세균계,Cyanobacteria,,Cyanophyceae,,Oscillatoriales,,Oscillatoriaceae,,"Oscillatoria margaritifera Kützing ex Gomont, 1892",Oscillatoria margaritifera,,기타,,,,,,,,,,,정명,"Oscillatoria margaritifera Kützing ex Gomont, 1892"
국립해양생물자원관_해양생물종정보 서비스,https://www.data.go.kr/data/15094770/openapi.do,,marine_life_species,Kocuria assamensis,세균계; Actinomycetota; Actinomycetes; Micrococcales; Micrococcaceae,,,,,Kocuria assamensis은(는) 해양생물 캐릭터와 과학 동화 소재로 사용할 수 있다.,"해양생물의 생김새, 서식지, 분포를 반영한 과학 동화 소재",국명·학명·서식지·분류체계를 활용한 관찰 질문과 퀴즈,5-7;8-10,해양생물종;Kocuria;assamensis;Micrococcaceae,270000022736,Bacteria,세균계,Actinomycetota,,Actinomycetes,,Micrococcales,,Micrococcaceae,,"Kocuria assamensis Kaur et al., 2011",Kocuria assamensis,,기타,,,,,,,,,,,정명,"Kocuria assamensis Kaur et al., 2011"
국립해양생물자원관_해양생물종정보 서비스,https://www.data.go.kr/data/15094770/openapi.do,,marine_life_species,Rhodococcus aetherivorans,세균계; Actinomycetota; Actinomycetes; Mycobacteriales; Nocardiaceae,,,,,Rhodococcus aetherivorans은(는) 해양생물 캐릭터와 과학 동화 소재로 사용할 수 있다.,"해양생물의 생김새, 서식지, 분포를 반영한 과학 동화 소재",국명·학명·서식지·분류체계를 활용한 관찰 질문과 퀴즈,5-7;8-10,해양생물종;Rhodococcus;aetherivorans;Nocardiaceae,270000024817,Bacteria,세균계,Actinomycetota,,Actinomycetes,,Mycobacteriales,,Nocardiaceae,,"Rhodococcus aetherivorans Goodfellow et al., 2004",Rhodococcus aetherivorans,,기타,,,,,,,,,,,정명,"Rhodococcus aetherivorans Goodfellow et al., 2004"
국립해양생물자원관_해양생물종정보 서비스,https://www.data.go.kr/data/15094770/openapi.do,,marine_life_species,Coleofasciculus chthonoplastes,세균계; Cyanobacteria; Cyanophyceae; Oscillatoriales; Coleofasciculaceae,,,,,Coleofasciculus chthonoplastes은(는) 해양생물 캐릭터와 과학 동화 소재로 사용할 수 있다.,"해양생물의 생김새, 서식지, 분포를 반영한 과학 동화 소재",국명·학명·서식지·분류체계를 활용한 관찰 질문과 퀴즈,5-7;8-10,해양생물종;Coleofasciculus;chthonoplastes;Coleofasciculaceae,270000021435,Bacteria,세균계,Cyanobacteria,,Cyanophyceae,,Oscillatoriales,,Coleofasciculaceae,,"Coleofasciculus chthonoplastes (Thuret ex Gomont) M.Siegesmund, J.R.Johansen & T.Friedl in Siegesmund et al. 2008",Coleofasciculus chthonoplastes,,기타,,,,,,,,,,,정명,"Coleofasciculus chthonoplastes (Thuret ex Gomont) M.Siegesmund, J.R.Johansen & T.Friedl in Siegesmund et al. 2008"
국립해양생물자원관_해양생물종정보 서비스,https://www.data.go.kr/data/15094770/openapi.do,,marine_life_species,Agromyces aureus,세균계; Actinomycetota; Actinomycetes; Micrococcales; Microbacteriaceae,,,,,Agromyces aureus은(는) 해양생물 캐릭터와 과학 동화 소재로 사용할 수 있다.,"해양생물의 생김새, 서식지, 분포를 반영한 과학 동화 소재",국명·학명·서식지·분류체계를 활용한 관찰 질문과 퀴즈,5-7;8-10,해양생물종;Agromyces;aureus;Microbacteriaceae,270000028902,Bacteria,세균계,Actinomycetota,,Actinomycetes,,Micrococcales,,Microbacteriaceae,,"Agromyces aureus Corretto et al., 2016",Agromyces aureus,,기타,,,,,,,,,,,정명,"Agromyces aureus Corretto et al., 2016"
국립해양생물자원관_해양생물종정보 서비스,https://www.data.go.kr/data/15094770/openapi.do,,marine_life_species,Curtobacterium citreum,세균계; Actinomycetota; Actinomycetes; Micrococcales; Microbacteriaceae,,,,,Curtobacterium citreum은(는) 해양생물 캐릭터와 과학 동화 소재로 사용할 수 있다.,"해양생물의 생김새, 서식지, 분포를 반영한 과학 동화 소재",국명·학명·서식지·분류체계를 활용한 관찰 질문과 퀴즈,5-7;8-10,해양생물종;Curtobacterium;citreum;Microbacteriaceae,270000021566,Bacteria,세균계,Actinomycetota,,Actinomycetes,,Micrococcales,,Microbacteriaceae,,"Curtobacterium citreum (Komagata & Iizuka) Yamada & Komagata, 1972",Curtobacterium citreum,,기타,,,,,,,,,,,정명,"Curtobacterium citreum (Komagata & Iizuka) Yamada & Komagata, 1972"
국립해양생물자원관_해양생물종정보 서비스,https://www.data.go.kr/data/15094770/openapi.do,,marine_life_species,Agrococcus jejuensis,세균계; Actinomycetota; Actinomycetes; Micrococcales; Microbacteriaceae,,,,,Agrococcus jejuensis은(는) 해양생물 캐릭터와 과학 동화 소재로 사용할 수 있다.,"해양생물의 생김새, 서식지, 분포를 반영한 과학 동화 소재",국명·학명·서식지·분류체계를 활용한 관찰 질문과 퀴즈,5-7;8-10,해양생물종;Agrococcus;jejuensis;Microbacteriaceae,270000020124,Bacteria,세균계,Actinomycetota,,Actinomycetes,,Micrococcales,,Microbacteriaceae,,"Agrococcus jejuensis Lee, 2008",Agrococcus jejuensis,,기타,,,,,,,,,,,정명,"Agrococcus jejuensis Lee, 2008"
국립해양생물자원관_해양생물종정보 서비스,https://www.data.go.kr/data/15094770/openapi.do,,marine_life_species,Nesterenkonia rhizosphaerae,세균계; Actinomycetota; Actinomycetes; Micrococcales; Micrococcaceae,,,,,Nesterenkonia rhizosphaerae은(는) 해양생물 캐릭터와 과학 동화 소재로 사용할 수 있다.,"해양생물의 생김새, 서식지, 분포를 반영한 과학 동화 소재",국명·학명·서식지·분류체계를 활용한 관찰 질문과 퀴즈,5-7;8-10,해양생물종;Nesterenkonia;rhizosphaerae;Micrococcaceae,270000028964,Bacteria,세균계,Actinomycetota,,Actinomycetes,,Micrococcales,,Micrococcaceae,,"Nesterenkonia rhizosphaerae Wang et al., 2014",Nesterenkonia rhizosphaerae,,기타,,,,,,,,,,,정명,"Nesterenkonia rhizosphaerae Wang et al., 2014"
국립해양생물자원관_해양생물종정보 서비스,https://www.data.go.kr/data/15094770/openapi.do,,marine_life_species,Dictyota vivesii,크로미스타계; 대롱편모조식물문; 갈조강; 그물바탕말목; 그물바탕말과,,,,,Dictyota vivesii은(는) 해양생물 캐릭터와 과학 동화 소재로 사용할 수 있다.,"해양생물의 생김새, 서식지, 분포를 반영한 과학 동화 소재",국명·학명·서식지·분류체계를 활용한 관찰 질문과 퀴즈,5-7;8-10,해양생물종;Dictyota;vivesii;그물바탕말과,270000005391,Chromista,크로미스타계,Ochrophyta,대롱편모조식물문,Phaeophyceae,갈조강,Dictyotales,그물바탕말목,Dictyotaceae,그물바탕말과,Dictyota vivesii,Dictyota vivesii,,기타,,,,,,,,,,,정명,Dictyota vivesii
국립해양생물자원관_해양생물종정보 서비스,https://www.data.go.kr/data/15094770/openapi.do,,marine_life_species,Kocuria subflava,세균계; Actinomycetota; Actinomycetes; Micrococcales; Micrococcaceae,,,,,Kocuria subflava은(는) 해양생물 캐릭터와 과학 동화 소재로 사용할 수 있다.,"해양생물의 생김새, 서식지, 분포를 반영한 과학 동화 소재",국명·학명·서식지·분류체계를 활용한 관찰 질문과 퀴즈,5-7;8-10,해양생물종;Kocuria;subflava;Micrococcaceae,270000009023,Bacteria,세균계,Actinomycetota,,Actinomycetes,,Micrococcales,,Micrococcaceae,,Kocuria subflava,Kocuria subflava,,기타,,,,,,,,,,,정명,Kocuria subflava
국립해양생물자원관_해양생물종정보 서비스,https://www.data.go.kr/data/15094770/openapi.do,,marine_life_species,Modestobacter marinus,세균계; Actinomycetota; Actinomycetes; Geodermatophilales; Geodermatophilaceae,,,,,Modestobacter marinus은(는) 해양생물 캐릭터와 과학 동화 소재로 사용할 수 있다.,"해양생물의 생김새, 서식지, 분포를 반영한 과학 동화 소재",국명·학명·서식지·분류체계를 활용한 관찰 질문과 퀴즈,5-7;8-10,해양생물종;Modestobacter;marinus;Geodermatophilaceae,270000029584,Bacteria,세균계,Actinomycetota,,Actinomycetes,,Geodermatophilales,,Geodermatophilaceae,,"Modestobacter marinus Xiao et al., 2011",Modestobacter marinus,,기타,,,,,,,,,,,정명,"Modestobacter marinus Xiao et al., 2011"
국립해양생물자원관_해양생물종정보 서비스,https://www.data.go.kr/data/15094770/openapi.do,,marine_life_species,Glutamicibacter uratoxydans,세균계; Actinomycetota; Actinomycetes; Micrococcales; Micrococcaceae,,,,,Glutamicibacter uratoxydans은(는) 해양생물 캐릭터와 과학 동화 소재로 사용할 수 있다.,"해양생물의 생김새, 서식지, 분포를 반영한 과학 동화 소재",국명·학명·서식지·분류체계를 활용한 관찰 질문과 퀴즈,5-7;8-10,해양생물종;Glutamicibacter;uratoxydans;Micrococcaceae,270000029699,Bacteria,세균계,Actinomycetota,,Actinomycetes,,Micrococcales,,Micrococcaceae,,"Glutamicibacter uratoxydans (Stackebrandt et al., 1984) Busse, 2016",Glutamicibacter uratoxydans,,기타,,,,,,,,,,,정명,"Glutamicibacter uratoxydans (Stackebrandt et al., 1984) Busse, 2016"
국립해양생물자원관_해양생물종정보 서비스,https://www.data.go.kr/data/15094770/openapi.do,,marine_life_species,Curtobacterium flaccumfaciens,세균계; Actinomycetota; Actinomycetes; Micrococcales; Microbacteriaceae,,,,,Curtobacterium flaccumfaciens은(는) 해양생물 캐릭터와 과학 동화 소재로 사용할 수 있다.,"해양생물의 생김새, 서식지, 분포를 반영한 과학 동화 소재",국명·학명·서식지·분류체계를 활용한 관찰 질문과 퀴즈,5-7;8-10,해양생물종;Curtobacterium;flaccumfaciens;Microbacteriaceae,270000021567,Bacteria,세균계,Actinomycetota,,Actinomycetes,,Micrococcales,,Microbacteriaceae,,"Curtobacterium flaccumfaciens (Hedges, 1922) Collins & Jones,1983",Curtobacterium flaccumfaciens,,기타,,,,,,,,,,,정명,"Curtobacterium flaccumfaciens (Hedges, 1922) Collins & Jones,1983"
국립해양생물자원관_해양생물종정보 서비스,https://www.data.go.kr/data/15094770/openapi.do,,marine_life_species,Trichormus virgatus,세균계; Cyanobacteria; Cyanophyceae; Nostocales; Nostocaceae,,,,,Trichormus virgatus은(는) 해양생물 캐릭터와 과학 동화 소재로 사용할 수 있다.,"해양생물의 생김새, 서식지, 분포를 반영한 과학 동화 소재",국명·학명·서식지·분류체계를 활용한 관찰 질문과 퀴즈,5-7;8-10,해양생물종;Trichormus;virgatus;Nostocaceae,270000029098,Bacteria,세균계,Cyanobacteria,,Cyanophyceae,,Nostocales,,Nostocaceae,,"Trichormus virgatus (Kützing ex Bornet & Flahault) Komárek & Anagnostidis, 1989",Trichormus virgatus,,기타,,,,,,,,,,,정명,"Trichormus virgatus (Kützing ex Bornet & Flahault) Komárek & Anagnostidis, 1989"
국립해양생물자원관_해양생물종정보 서비스,https://www.data.go.kr/data/15094770/openapi.do,,marine_life_species,Rhodococcus hoagii,세균계; Actinomycetota; Actinomycetes; Mycobacteriales; Nocardiaceae,,,,,Rhodococcus hoagii은(는) 해양생물 캐릭터와 과학 동화 소재로 사용할 수 있다.,"해양생물의 생김새, 서식지, 분포를 반영한 과학 동화 소재",국명·학명·서식지·분류체계를 활용한 관찰 질문과 퀴즈,5-7;8-10,해양생물종;Rhodococcus;hoagii;Nocardiaceae,270000026821,Bacteria,세균계,Actinomycetota,,Actinomycetes,,Mycobacteriales,,Nocardiaceae,,"Rhodococcus hoagii (Morse) Kämpfer et al., 2014",Rhodococcus hoagii,,기타,,,,,,,,,,,정명,"Rhodococcus hoagii (Morse) Kämpfer et al., 2014"
국립해양생물자원관_해양생물종정보 서비스,https://www.data.go.kr/data/15094770/openapi.do,,marine_life_species,Laminaria digitata,크로미스타계; 대롱편모조식물문; 갈조강; 다시마목; 다시마과,,,,,Laminaria digitata은(는) 해양생물 캐릭터와 과학 동화 소재로 사용할 수 있다.,"해양생물의 생김새, 서식지, 분포를 반영한 과학 동화 소재",국명·학명·서식지·분류체계를 활용한 관찰 질문과 퀴즈,5-7;8-10,해양생물종;Laminaria;digitata;다시마과,270000009228,Chromista,크로미스타계,Ochrophyta,대롱편모조식물문,Phaeophyceae,갈조강,Laminariales,다시마목,Laminariaceae,다시마과,"Laminaria digitata (Hudson) J.V. Lamouroux, 1813",Laminaria digitata,,기타,,,,,,,,,,,정명,"Laminaria digitata (Hudson) J.V. Lamouroux, 1813"
국립해양생물자원관_해양생물종정보 서비스,https://www.data.go.kr/data/15094770/openapi.do,,marine_life_species,Herbiconiux ginsengi,세균계; Actinomycetota; Actinomycetes; Micrococcales; Microbacteriaceae,,,,,Herbiconiux ginsengi은(는) 해양생물 캐릭터와 과학 동화 소재로 사용할 수 있다.,"해양생물의 생김새, 서식지, 분포를 반영한 과학 동화 소재",국명·학명·서식지·분류체계를 활용한 관찰 질문과 퀴즈,5-7;8-10,해양생물종;Herbiconiux;ginsengi;Microbacteriaceae,270000027955,Bacteria,세균계,Actinomycetota,,Actinomycetes,,Micrococcales,,Microbacteriaceae,,"Herbiconiux ginsengi (Qiu et al., 2007) Behrendt et al., 2011",Herbiconiux ginsengi,,기타,,,,,,,,,,,정명,"Herbiconiux ginsengi (Qiu et al., 2007) Behrendt et al., 2011"
국립해양생물자원관_해양생물종정보 서비스,https://www.data.go.kr/data/15094770/openapi.do,,marine_life_species,Agrococcus jenensis,세균계; Actinomycetota; Actinomycetes; Micrococcales; Microbacteriaceae,,,,,Agrococcus jenensis은(는) 해양생물 캐릭터와 과학 동화 소재로 사용할 수 있다.,"해양생물의 생김새, 서식지, 분포를 반영한 과학 동화 소재",국명·학명·서식지·분류체계를 활용한 관찰 질문과 퀴즈,5-7;8-10,해양생물종;Agrococcus;jenensis;Microbacteriaceae,270000020125,Bacteria,세균계,Actinomycetota,,Actinomycetes,,Micrococcales,,Microbacteriaceae,,"Agrococcus jenensis Groth et al., 1996",Agrococcus jenensis,,기타,,,,,,,,,,,정명,"Agrococcus jenensis Groth et al., 1996"
국립해양생물자원관_해양생물종정보 서비스,https://www.data.go.kr/data/15094770/openapi.do,,marine_life_species,Hedophyllum dentigerum,크로미스타계; 대롱편모조식물문; 갈조강; 다시마목; 다시마과,,,,,Hedophyllum dentigerum은(는) 해양생물 캐릭터와 과학 동화 소재로 사용할 수 있다.,"해양생물의 생김새, 서식지, 분포를 반영한 과학 동화 소재",국명·학명·서식지·분류체계를 활용한 관찰 질문과 퀴즈,5-7;8-10,해양생물종;Hedophyllum;dentigerum;다시마과,270000019963,Chromista,크로미스타계,Ochrophyta,대롱편모조식물문,Phaeophyceae,갈조강,Laminariales,다시마목,Laminariaceae,다시마과,Hedophyllum dentigerum,Hedophyllum dentigerum,,기타,,,,,,,,,,,정명,Hedophyllum dentigerum
국립해양생물자원관_해양생물종정보 서비스,https://www.data.go.kr/data/15094770/openapi.do,,marine_life_species,Dictyoneurum reticulatum,크로미스타계; 대롱편모조식물문; 갈조강; 다시마목; 쇠미역과,,,,,Dictyoneurum reticulatum은(는) 해양생물 캐릭터와 과학 동화 소재로 사용할 수 있다.,"해양생물의 생김새, 서식지, 분포를 반영한 과학 동화 소재",국명·학명·서식지·분류체계를 활용한 관찰 질문과 퀴즈,5-7;8-10,해양생물종;Dictyoneurum;reticulatum;쇠미역과,270000005354,Chromista,크로미스타계,Ochrophyta,대롱편모조식물문,Phaeophyceae,갈조강,Laminariales,다시마목,Agaraceae,쇠미역과,Dictyoneurum reticulatum,Dictyoneurum reticulatum,,기타,,,,,,,,,,,정명,Dictyoneurum reticulatum
국립해양생물자원관_해양생물종정보 서비스,https://www.data.go.kr/data/15094770/openapi.do,,marine_life_species,Brachybacterium squillarum,세균계; Actinomycetota; Actinomycetes; Micrococcales; Dermabacteraceae,,,,,Brachybacterium squillarum은(는) 해양생물 캐릭터와 과학 동화 소재로 사용할 수 있다.,"해양생물의 생김새, 서식지, 분포를 반영한 과학 동화 소재",국명·학명·서식지·분류체계를 활용한 관찰 질문과 퀴즈,5-7;8-10,해양생물종;Brachybacterium;squillarum;Dermabacteraceae,270000020852,Bacteria,세균계,Actinomycetota,,Actinomycetes,,Micrococcales,,Dermabacteraceae,,"Brachybacterium squillarum Park et al., 2011",Brachybacterium squillarum,,기타,,,,,,,,,,,정명,"Brachybacterium squillarum Park et al., 2011"
국립해양생물자원관_해양생물종정보 서비스,https://www.data.go.kr/data/15094770/openapi.do,,marine_life_species,Oerskovia turbata,세균계; Actinomycetota; Actinomycetes; Micrococcales; Promicromonosporaceae,,,,,Oerskovia turbata은(는) 해양생물 캐릭터와 과학 동화 소재로 사용할 수 있다.,"해양생물의 생김새, 서식지, 분포를 반영한 과학 동화 소재",국명·학명·서식지·분류체계를 활용한 관찰 질문과 퀴즈,5-7;8-10,해양생물종;Oerskovia;turbata;Promicromonosporaceae,270000028731,Bacteria,세균계,Actinomycetota,,Actinomycetes,,Micrococcales,,Promicromonosporaceae,,"Oerskovia turbata (Erikson, 1954) Prauser et al., 1970",Oerskovia turbata,,기타,,,,,,,,,,,정명,"Oerskovia turbata (Erikson, 1954) Prauser et al., 1970"
국립해양생물자원관_해양생물종정보 서비스,https://www.data.go.kr/data/15094770/openapi.do,,marine_life_species,Nocardia seriolae,세균계; Actinomycetota; Actinomycetes; Mycobacteriales; Nocardiaceae,,,,,Nocardia seriolae은(는) 해양생물 캐릭터와 과학 동화 소재로 사용할 수 있다.,"해양생물의 생김새, 서식지, 분포를 반영한 과학 동화 소재",국명·학명·서식지·분류체계를 활용한 관찰 질문과 퀴즈,5-7;8-10,해양생물종;Nocardia;seriolae;Nocardiaceae,270000023652,Bacteria,세균계,Actinomycetota,,Actinomycetes,,Mycobacteriales,,Nocardiaceae,,"Nocardia seriolae Kudo et al., 1988",Nocardia seriolae,,기타,,,,,,,,,,,정명,"Nocardia seriolae Kudo et al., 1988"
국립해양생물자원관_해양생물종정보 서비스,https://www.data.go.kr/data/15094770/openapi.do,,marine_life_species,Blastococcus massiliensis,세균계; Actinomycetota; Actinomycetes; Geodermatophilales; Geodermatophilaceae,,,,,Blastococcus massiliensis은(는) 해양생물 캐릭터와 과학 동화 소재로 사용할 수 있다.,"해양생물의 생김새, 서식지, 분포를 반영한 과학 동화 소재",국명·학명·서식지·분류체계를 활용한 관찰 질문과 퀴즈,5-7;8-10,해양생물종;Blastococcus;massiliensis;Geodermatophilaceae,270000020802,Bacteria,세균계,Actinomycetota,,Actinomycetes,,Geodermatophilales,,Geodermatophilaceae,,"Blastococcus massiliensis Pfleiderer et al., 2013",Blastococcus massiliensis,,기타,,,,,,,,,,,정명,"Blastococcus massiliensis Pfleiderer et al., 2013"
국립해양생물자원관_해양생물종정보 서비스,https://www.data.go.kr/data/15094770/openapi.do,,marine_life_species,Actinomycetospora straminea,세균계; Actinomycetota; Actinomycetes; Pseudonocardiales; Pseudonocardiaceae,,,,,Actinomycetospora straminea은(는) 해양생물 캐릭터와 과학 동화 소재로 사용할 수 있다.,"해양생물의 생김새, 서식지, 분포를 반영한 과학 동화 소재",국명·학명·서식지·분류체계를 활용한 관찰 질문과 퀴즈,5-7;8-10,해양생물종;Actinomycetospora;straminea;Pseudonocardiaceae,270000000351,Bacteria,세균계,Actinomycetota,,Actinomycetes,,Pseudonocardiales,,Pseudonocardiaceae,,Actinomycetospora straminea,Actinomycetospora straminea,,기타,,,,,,,,,,,정명,Actinomycetospora straminea
국립해양생물자원관_해양생물종정보 서비스,https://www.data.go.kr/data/15094770/openapi.do,,marine_life_species,Nocardioides exalbidus,세균계; Actinomycetota; Actinomycetes; Propionibacteriales; Nocardioidaceae,,,,,Nocardioides exalbidus은(는) 해양생물 캐릭터와 과학 동화 소재로 사용할 수 있다.,"해양생물의 생김새, 서식지, 분포를 반영한 과학 동화 소재",국명·학명·서식지·분류체계를 활용한 관찰 질문과 퀴즈,5-7;8-10,해양생물종;Nocardioides;exalbidus;Nocardioidaceae,270000023655,Bacteria,세균계,Actinomycetota,,Actinomycetes,,Propionibacteriales,,Nocardioidaceae,,"Nocardioides exalbidus Li et al., 2007",Nocardioides exalbidus,,기타,,,,,,,,,,,정명,"Nocardioides exalbidus Li et al., 2007"
국립해양생물자원관_해양생물종정보 서비스,https://www.data.go.kr/data/15094770/openapi.do,,marine_life_species,Aphanothece gelatinosa,세균계; Cyanobacteria; Cyanophyceae; Chroococcales; Aphanothecaceae,,,,,Aphanothece gelatinosa은(는) 해양생물 캐릭터와 과학 동화 소재로 사용할 수 있다.,"해양생물의 생김새, 서식지, 분포를 반영한 과학 동화 소재",국명·학명·서식지·분류체계를 활용한 관찰 질문과 퀴즈,5-7;8-10,해양생물종;Aphanothece;gelatinosa;Aphanothecaceae,270000020362,Bacteria,세균계,Cyanobacteria,,Cyanophyceae,,Chroococcales,,Aphanothecaceae,,"Aphanothece gelatinosa (Hennings) Lemmermann, 1907",Aphanothece gelatinosa,,기타,,,,,,,,,,,정명,"Aphanothece gelatinosa (Hennings) Lemmermann, 1907"
국립해양생물자원관_해양생물종정보 서비스,https://www.data.go.kr/data/15094770/openapi.do,,marine_life_species,Nocardioides glacieisoli,세균계; Actinomycetota; Actinomycetes; Propionibacteriales; Nocardioidaceae,,,,,Nocardioides glacieisoli은(는) 해양생물 캐릭터와 과학 동화 소재로 사용할 수 있다.,"해양생물의 생김새, 서식지, 분포를 반영한 과학 동화 소재",국명·학명·서식지·분류체계를 활용한 관찰 질문과 퀴즈,5-7;8-10,해양생물종;Nocardioides;glacieisoli;Nocardioidaceae,270000023658,Bacteria,세균계,Actinomycetota,,Actinomycetes,,Propionibacteriales,,Nocardioidaceae,,"Nocardioides glacieisoli Liu et al., 2015",Nocardioides glacieisoli,,기타,,,,,,,,,,,정명,"Nocardioides glacieisoli Liu et al., 2015"
국립해양생물자원관_해양생물종정보 서비스,https://www.data.go.kr/data/15094770/openapi.do,,marine_life_species,Sargassum mcclurei,크로미스타계; 대롱편모조식물문; 갈조강; 말목; 모자반과,,,,,Sargassum mcclurei은(는) 해양생물 캐릭터와 과학 동화 소재로 사용할 수 있다.,"해양생물의 생김새, 서식지, 분포를 반영한 과학 동화 소재",국명·학명·서식지·분류체계를 활용한 관찰 질문과 퀴즈,5-7;8-10,해양생물종;Sargassum;mcclurei;모자반과,270000015987,Chromista,크로미스타계,Ochrophyta,대롱편모조식물문,Phaeophyceae,갈조강,Fucales,말목,Sargassaceae,모자반과,Sargassum mcclurei,Sargassum mcclurei,,기타,,,,,,,,,,,정명,Sargassum mcclurei
국립해양생물자원관_해양생물종정보 서비스,https://www.data.go.kr/data/15094770/openapi.do,,marine_life_species,Gordonia bronchialis,세균계; Actinomycetota; Actinomycetes; Mycobacteriales; Gordoniaceae,,,,,Gordonia bronchialis은(는) 해양생물 캐릭터와 과학 동화 소재로 사용할 수 있다.,"해양생물의 생김새, 서식지, 분포를 반영한 과학 동화 소재",국명·학명·서식지·분류체계를 활용한 관찰 질문과 퀴즈,5-7;8-10,해양생물종;Gordonia;bronchialis;Gordoniaceae,270000022253,Bacteria,세균계,Actinomycetota,,Actinomycetes,,Mycobacteriales,,Gordoniaceae,,"Gordonia bronchialis (Tsukamura) Stackebrandt et al., 1988",Gordonia bronchialis,,기타,,,,,,,,,,,정명,"Gordonia bronchialis (Tsukamura) Stackebrandt et al., 1988"
국립해양생물자원관_해양생물종정보 서비스,https://www.data.go.kr/data/15094770/openapi.do,,marine_life_species,Arthrobacter tumbae,세균계; Actinomycetota; Actinomycetes; Micrococcales; Micrococcaceae,,,,,Arthrobacter tumbae은(는) 해양생물 캐릭터와 과학 동화 소재로 사용할 수 있다.,"해양생물의 생김새, 서식지, 분포를 반영한 과학 동화 소재",국명·학명·서식지·분류체계를 활용한 관찰 질문과 퀴즈,5-7;8-10,해양생물종;Arthrobacter;tumbae;Micrococcaceae,270000020490,Bacteria,세균계,Actinomycetota,,Actinomycetes,,Micrococcales,,Micrococcaceae,,"Arthrobacter tumbae Heyrman et al., 2005",Arthrobacter tumbae,,기타,,,,,,,,,,,정명,"Arthrobacter tumbae Heyrman et al., 2005"
국립해양생물자원관_해양생물종정보 서비스,https://www.data.go.kr/data/15094770/openapi.do,,marine_life_species,Brevibacterium sanguinis,세균계; Actinomycetota; Actinomycetes; Micrococcales; Brevibacteriaceae,,,,,Brevibacterium sanguinis은(는) 해양생물 캐릭터와 과학 동화 소재로 사용할 수 있다.,"해양생물의 생김새, 서식지, 분포를 반영한 과학 동화 소재",국명·학명·서식지·분류체계를 활용한 관찰 질문과 퀴즈,5-7;8-10,해양생물종;Brevibacterium;sanguinis;Brevibacteriaceae,270000020883,Bacteria,세균계,Actinomycetota,,Actinomycetes,,Micrococcales,,Brevibacteriaceae,,"Brevibacterium sanguinis Wauters et al., 2004",Brevibacterium sanguinis,,기타,,,,,,,,,,,정명,"Brevibacterium sanguinis Wauters et al., 2004"
국립해양생물자원관_해양생물종정보 서비스,https://www.data.go.kr/data/15094770/openapi.do,,marine_life_species,Sargassum polycystum,크로미스타계; 대롱편모조식물문; 갈조강; 말목; 모자반과,,,,,Sargassum polycystum은(는) 해양생물 캐릭터와 과학 동화 소재로 사용할 수 있다.,"해양생물의 생김새, 서식지, 분포를 반영한 과학 동화 소재",국명·학명·서식지·분류체계를 활용한 관찰 질문과 퀴즈,5-7;8-10,해양생물종;Sargassum;polycystum;모자반과,270000016001,Chromista,크로미스타계,Ochrophyta,대롱편모조식물문,Phaeophyceae,갈조강,Fucales,말목,Sargassaceae,모자반과,Sargassum polycystum,Sargassum polycystum,,기타,,,,,,,,,,,정명,Sargassum polycystum
국립해양생물자원관_해양생물종정보 서비스,https://www.data.go.kr/data/15094770/openapi.do,,marine_life_species,Rhodococcus wratislaviensis,세균계; Actinomycetota; Actinomycetes; Mycobacteriales; Nocardiaceae,,,,,Rhodococcus wratislaviensis은(는) 해양생물 캐릭터와 과학 동화 소재로 사용할 수 있다.,"해양생물의 생김새, 서식지, 분포를 반영한 과학 동화 소재",국명·학명·서식지·분류체계를 활용한 관찰 질문과 퀴즈,5-7;8-10,해양생물종;Rhodococcus;wratislaviensis;Nocardiaceae,270000024833,Bacteria,세균계,Actinomycetota,,Actinomycetes,,Mycobacteriales,,Nocardiaceae,,"Rhodococcus wratislaviensis (Goodfellow et al.) Goodfellow et al., 2002",Rhodococcus wratislaviensis,,기타,,,,,,,,,,,정명,"Rhodococcus wratislaviensis (Goodfellow et al.) Goodfellow et al., 2002"
국립해양생물자원관_해양생물종정보 서비스,https://www.data.go.kr/data/15094770/openapi.do,,marine_life_species,Alaria marginata,크로미스타계; 대롱편모조식물문; 갈조강; 다시마목; 나래미역과,,,,,Alaria marginata은(는) 해양생물 캐릭터와 과학 동화 소재로 사용할 수 있다.,"해양생물의 생김새, 서식지, 분포를 반영한 과학 동화 소재",국명·학명·서식지·분류체계를 활용한 관찰 질문과 퀴즈,5-7;8-10,해양생물종;Alaria;marginata;나래미역과,270000000544,Chromista,크로미스타계,Ochrophyta,대롱편모조식물문,Phaeophyceae,갈조강,Laminariales,다시마목,Alariaceae,나래미역과,Alaria marginata,Alaria marginata,,기타,,,,,,,,,,,정명,Alaria marginata
국립해양생물자원관_해양생물종정보 서비스,https://www.data.go.kr/data/15094770/openapi.do,,marine_life_species,Microbacterium hydrothermale,세균계; Actinomycetota; Actinomycetes; Micrococcales; Microbacteriaceae,,,,,Microbacterium hydrothermale은(는) 해양생물 캐릭터와 과학 동화 소재로 사용할 수 있다.,"해양생물의 생김새, 서식지, 분포를 반영한 과학 동화 소재",국명·학명·서식지·분류체계를 활용한 관찰 질문과 퀴즈,5-7;8-10,해양생물종;Microbacterium;hydrothermale;Microbacteriaceae,270000027977,Bacteria,세균계,Actinomycetota,,Actinomycetes,,Micrococcales,,Microbacteriaceae,,"Microbacterium hydrothermale Zhang et al., 2014",Microbacterium hydrothermale,,기타,,,,,,,,,,,정명,"Microbacterium hydrothermale Zhang et al., 2014"
국립해양생물자원관_해양생물종정보 서비스,https://www.data.go.kr/data/15094770/openapi.do,,marine_life_species,Paeniglutamicibacter kerguelensis,세균계; Actinomycetota; Actinomycetes; Micrococcales; Micrococcaceae,,,,,Paeniglutamicibacter kerguelensis은(는) 해양생물 캐릭터와 과학 동화 소재로 사용할 수 있다.,"해양생물의 생김새, 서식지, 분포를 반영한 과학 동화 소재",국명·학명·서식지·분류체계를 활용한 관찰 질문과 퀴즈,5-7;8-10,해양생물종;Paeniglutamicibacter;kerguelensis;Micrococcaceae,270000029727,Bacteria,세균계,Actinomycetota,,Actinomycetes,,Micrococcales,,Micrococcaceae,,"Paeniglutamicibacter kerguelensis (Gupta et al., 2004) Busse, 2016",Paeniglutamicibacter kerguelensis,,기타,,,,,,,,,,,정명,"Paeniglutamicibacter kerguelensis (Gupta et al., 2004) Busse, 2016"
국립해양생물자원관_해양생물종정보 서비스,https://www.data.go.kr/data/15094770/openapi.do,,marine_life_species,Nesterenkonia massiliensis,세균계; Actinomycetota; Actinomycetes; Micrococcales; Micrococcaceae,,,,,Nesterenkonia massiliensis은(는) 해양생물 캐릭터와 과학 동화 소재로 사용할 수 있다.,"해양생물의 생김새, 서식지, 분포를 반영한 과학 동화 소재",국명·학명·서식지·분류체계를 활용한 관찰 질문과 퀴즈,5-7;8-10,해양생물종;Nesterenkonia;massiliensis;Micrococcaceae,270000023623,Bacteria,세균계,Actinomycetota,,Actinomycetes,,Micrococcales,,Micrococcaceae,,"Nesterenkonia massiliensis Edouard et al., 2014",Nesterenkonia massiliensis,,기타,,,,,,,,,,,정명,"Nesterenkonia massiliensis Edouard et al., 2014"
국립해양생물자원관_해양생물종정보 서비스,https://www.data.go.kr/data/15094770/openapi.do,,marine_life_species,Pseudarthrobacter siccitolerans,세균계; Actinomycetota; Actinomycetes; Micrococcales; Micrococcaceae,,,,,Pseudarthrobacter siccitolerans은(는) 해양생물 캐릭터와 과학 동화 소재로 사용할 수 있다.,"해양생물의 생김새, 서식지, 분포를 반영한 과학 동화 소재",국명·학명·서식지·분류체계를 활용한 관찰 질문과 퀴즈,5-7;8-10,해양생물종;Pseudarthrobacter;siccitolerans;Micrococcaceae,270000028734,Bacteria,세균계,Actinomycetota,,Actinomycetes,,Micrococcales,,Micrococcaceae,,"Pseudarthrobacter siccitolerans (SantaCruz-Calvo et al., 2013) Busse, 2016",Pseudarthrobacter siccitolerans,,기타,,,,,,,,,,,정명,"Pseudarthrobacter siccitolerans (SantaCruz-Calvo et al., 2013) Busse, 2016"
국립해양생물자원관_해양생물종정보 서비스,https://www.data.go.kr/data/15094770/openapi.do,,marine_life_species,Arthrobacter paludis,세균계; Actinomycetota; Actinomycetes; Micrococcales; Micrococcaceae,,,,,Arthrobacter paludis은(는) 해양생물 캐릭터와 과학 동화 소재로 사용할 수 있다.,"해양생물의 생김새, 서식지, 분포를 반영한 과학 동화 소재",국명·학명·서식지·분류체계를 활용한 관찰 질문과 퀴즈,5-7;8-10,해양생물종;Arthrobacter;paludis;Micrococcaceae,270000028910,Bacteria,세균계,Actinomycetota,,Actinomycetes,,Micrococcales,,Micrococcaceae,,"Arthrobacter paludis Zhang et al., 2018",Arthrobacter paludis,,기타,,,,,,,,,,,정명,"Arthrobacter paludis Zhang et al., 2018"
국립해양생물자원관_해양생물종정보 서비스,https://www.data.go.kr/data/15094770/openapi.do,,marine_life_species,Brachytrichia quoyi,세균계; Cyanobacteria; Cyanophyceae; Nostocales; Symphyonemataceae,,,,,Brachytrichia quoyi은(는) 해양생물 캐릭터와 과학 동화 소재로 사용할 수 있다.,"해양생물의 생김새, 서식지, 분포를 반영한 과학 동화 소재",국명·학명·서식지·분류체계를 활용한 관찰 질문과 퀴즈,5-7;8-10,해양생물종;Brachytrichia;quoyi;Symphyonemataceae,270000020859,Bacteria,세균계,Cyanobacteria,,Cyanophyceae,,Nostocales,,Symphyonemataceae,,"Brachytrichia quoyi Bornet & Flahault, 1886",Brachytrichia quoyi,,기타,,,,,,,,,,,정명,"Brachytrichia quoyi Bornet & Flahault, 1886"
국립해양생물자원관_해양생물종정보 서비스,https://www.data.go.kr/data/15094770/openapi.do,,marine_life_species,Saccharopolyspora cebuensis,세균계; Actinomycetota; Actinomycetes; Pseudonocardiales; Pseudonocardiaceae,,,,,Saccharopolyspora cebuensis은(는) 해양생물 캐릭터와 과학 동화 소재로 사용할 수 있다.,"해양생물의 생김새, 서식지, 분포를 반영한 과학 동화 소재",국명·학명·서식지·분류체계를 활용한 관찰 질문과 퀴즈,5-7;8-10,해양생물종;Saccharopolyspora;cebuensis;Pseudonocardiaceae,270000015824,Bacteria,세균계,Actinomycetota,,Actinomycetes,,Pseudonocardiales,,Pseudonocardiaceae,,Saccharopolyspora cebuensis,Saccharopolyspora cebuensis,,기타,,,,,,,,,,,정명,Saccharopolyspora cebuensis
국립해양생물자원관_해양생물종정보 서비스,https://www.data.go.kr/data/15094770/openapi.do,,marine_life_species,Micromonospora marina,세균계; Actinomycetota; Actinomycetes; Micromonosporales; Micromonosporaceae,,,,,Micromonospora marina은(는) 해양생물 캐릭터와 과학 동화 소재로 사용할 수 있다.,"해양생물의 생김새, 서식지, 분포를 반영한 과학 동화 소재",국명·학명·서식지·분류체계를 활용한 관찰 질문과 퀴즈,5-7;8-10,해양생물종;Micromonospora;marina;Micromonosporaceae,270000010813,Bacteria,세균계,Actinomycetota,,Actinomycetes,,Micromonosporales,,Micromonosporaceae,,Micromonospora marina,Micromonospora marina,,기타,,,,,,,,,,,정명,Micromonospora marina
국립해양생물자원관_해양생물종정보 서비스,https://www.data.go.kr/data/15094770/openapi.do,,marine_life_species,Oscillatoria subbrevis,세균계; Cyanobacteria; Cyanophyceae; Oscillatoriales; Oscillatoriaceae,,,,,Oscillatoria subbrevis은(는) 해양생물 캐릭터와 과학 동화 소재로 사용할 수 있다.,"해양생물의 생김새, 서식지, 분포를 반영한 과학 동화 소재",국명·학명·서식지·분류체계를 활용한 관찰 질문과 퀴즈,5-7;8-10,해양생물종;Oscillatoria;subbrevis;Oscillatoriaceae,270000023814,Bacteria,세균계,Cyanobacteria,,Cyanophyceae,,Oscillatoriales,,Oscillatoriaceae,,"Oscillatoria subbrevis Schmidle, 1901",Oscillatoria subbrevis,,기타,,,,,,,,,,,정명,"Oscillatoria subbrevis Schmidle, 1901"
국립해양생물자원관_해양생물종정보 서비스,https://www.data.go.kr/data/15094770/openapi.do,,marine_life_species,Dietzia cercidiphylli,세균계; Actinomycetota; Actinomycetes; Mycobacteriales; Dietziaceae,,,,,Dietzia cercidiphylli은(는) 해양생물 캐릭터와 과학 동화 소재로 사용할 수 있다.,"해양생물의 생김새, 서식지, 분포를 반영한 과학 동화 소재",국명·학명·서식지·분류체계를 활용한 관찰 질문과 퀴즈,5-7;8-10,해양생물종;Dietzia;cercidiphylli;Dietziaceae,270000027807,Bacteria,세균계,Actinomycetota,,Actinomycetes,,Mycobacteriales,,Dietziaceae,,"Dietzia cercidiphylli Li et al., 2008",Dietzia cercidiphylli,,기타,,,,,,,,,,,정명,"Dietzia cercidiphylli Li et al., 2008"
국립해양생물자원관_해양생물종정보 서비스,https://www.data.go.kr/data/15094770/openapi.do,,marine_life_species,Cellulomonas iranensis,세균계; Actinomycetota; Actinomycetes; Micrococcales; Cellulomonadaceae,,,,,Cellulomonas iranensis은(는) 해양생물 캐릭터와 과학 동화 소재로 사용할 수 있다.,"해양생물의 생김새, 서식지, 분포를 반영한 과학 동화 소재",국명·학명·서식지·분류체계를 활용한 관찰 질문과 퀴즈,5-7;8-10,해양생물종;Cellulomonas;iranensis;Cellulomonadaceae,270000028726,Bacteria,세균계,Actinomycetota,,Actinomycetes,,Micrococcales,,Cellulomonadaceae,,"Cellulomonas iranensis Elberson et al., 2000",Cellulomonas iranensis,,기타,,,,,,,,,,,정명,"Cellulomonas iranensis Elberson et al., 2000"
국립해양생물자원관_해양생물종정보 서비스,https://www.data.go.kr/data/15094770/openapi.do,,marine_life_species,Saccharopolyspora dendranthemae,세균계; Actinomycetota; Actinomycetes; Pseudonocardiales; Pseudonocardiaceae,,,,,Saccharopolyspora dendranthemae은(는) 해양생물 캐릭터와 과학 동화 소재로 사용할 수 있다.,"해양생물의 생김새, 서식지, 분포를 반영한 과학 동화 소재",국명·학명·서식지·분류체계를 활용한 관찰 질문과 퀴즈,5-7;8-10,해양생물종;Saccharopolyspora;dendranthemae;Pseudonocardiaceae,270000015825,Bacteria,세균계,Actinomycetota,,Actinomycetes,,Pseudonocardiales,,Pseudonocardiaceae,,Saccharopolyspora dendranthemae,Saccharopolyspora dendranthemae,,기타,,,,,,,,,,,정명,Saccharopolyspora dendranthemae
국립해양생물자원관_해양생물종정보 서비스,https://www.data.go.kr/data/15094770/openapi.do,,marine_life_species,Nocardiopsis prasina,세균계; Actinomycetota; Actinomycetes; Actinomycetales; Nocardiopsidaceae,,,,,Nocardiopsis prasina은(는) 해양생물 캐릭터와 과학 동화 소재로 사용할 수 있다.,"해양생물의 생김새, 서식지, 분포를 반영한 과학 동화 소재",국명·학명·서식지·분류체계를 활용한 관찰 질문과 퀴즈,5-7;8-10,해양생물종;Nocardiopsis;prasina;Nocardiopsidaceae,270000011800,Bacteria,세균계,Actinomycetota,,Actinomycetes,,Actinomycetales,,Nocardiopsidaceae,,Nocardiopsis prasina,Nocardiopsis prasina,,기타,,,,,,,,,,,정명,Nocardiopsis prasina
국립해양생물자원관_해양생물종정보 서비스,https://www.data.go.kr/data/15094770/openapi.do,,marine_life_species,Phormidium baculum,세균계; Cyanobacteria; Cyanophyceae; Oscillatoriales; Oscillatoriaceae,,,,,Phormidium baculum은(는) 해양생물 캐릭터와 과학 동화 소재로 사용할 수 있다.,"해양생물의 생김새, 서식지, 분포를 반영한 과학 동화 소재",국명·학명·서식지·분류체계를 활용한 관찰 질문과 퀴즈,5-7;8-10,해양생물종;Phormidium;baculum;Oscillatoriaceae,270000024176,Bacteria,세균계,Cyanobacteria,,Cyanophyceae,,Oscillatoriales,,Oscillatoriaceae,,"Phormidium baculum (Gomont ex Gomont) Anagnostidis, 2001",Phormidium baculum,,기타,,,,,,,,,,,정명,"Phormidium baculum (Gomont ex Gomont) Anagnostidis, 2001"
국립해양생물자원관_해양생물종정보 서비스,https://www.data.go.kr/data/15094770/openapi.do,,marine_life_species,Hedophyllum sessile,크로미스타계; 대롱편모조식물문; 갈조강; 다시마목; 다시마과,,,,,Hedophyllum sessile은(는) 해양생물 캐릭터와 과학 동화 소재로 사용할 수 있다.,"해양생물의 생김새, 서식지, 분포를 반영한 과학 동화 소재",국명·학명·서식지·분류체계를 활용한 관찰 질문과 퀴즈,5-7;8-10,해양생물종;Hedophyllum;sessile;다시마과,270000008062,Chromista,크로미스타계,Ochrophyta,대롱편모조식물문,Phaeophyceae,갈조강,Laminariales,다시마목,Laminariaceae,다시마과,Hedophyllum sessile,Hedophyllum sessile,,기타,,,,,,,,,,,정명,Hedophyllum sessile
국립해양생물자원관_해양생물종정보 서비스,https://www.data.go.kr/data/15094770/openapi.do,,marine_life_species,Microcella alkalica,세균계; Actinomycetota; Actinomycetes; Micrococcales; Microbacteriaceae,,,,,Microcella alkalica은(는) 해양생물 캐릭터와 과학 동화 소재로 사용할 수 있다.,"해양생물의 생김새, 서식지, 분포를 반영한 과학 동화 소재",국명·학명·서식지·분류체계를 활용한 관찰 질문과 퀴즈,5-7;8-10,해양생물종;Microcella;alkalica;Microbacteriaceae,270000028727,Bacteria,세균계,Actinomycetota,,Actinomycetes,,Micrococcales,,Microbacteriaceae,,"Microcella alkalica Xie et al., 2022",Microcella alkalica,,기타,,,,,,,,,,,정명,"Microcella alkalica Xie et al., 2022"
국립해양생물자원관_해양생물종정보 서비스,https://www.data.go.kr/data/15094770/openapi.do,,marine_life_species,Chrysosporum ovalisporum,세균계; Cyanobacteria; Cyanophyceae; Nostocales; Aphanizomenonaceae,,,,,Chrysosporum ovalisporum은(는) 해양생물 캐릭터와 과학 동화 소재로 사용할 수 있다.,"해양생물의 생김새, 서식지, 분포를 반영한 과학 동화 소재",국명·학명·서식지·분류체계를 활용한 관찰 질문과 퀴즈,5-7;8-10,해양생물종;Chrysosporum;ovalisporum;Aphanizomenonaceae,270000021248,Bacteria,세균계,Cyanobacteria,,Cyanophyceae,,Nostocales,,Aphanizomenonaceae,,"Chrysosporum ovalisporum (Forti) E.Zapomelová et al., 2012",Chrysosporum ovalisporum,,기타,,,,,,,,,,,정명,"Chrysosporum ovalisporum (Forti) E.Zapomelová et al., 2012"
국립해양생물자원관_해양생물종정보 서비스,https://www.data.go.kr/data/15094770/openapi.do,,marine_life_species,Hedophyllum subsessile,크로미스타계; 대롱편모조식물문; 갈조강; 다시마목; 다시마과,,,,,Hedophyllum subsessile은(는) 해양생물 캐릭터와 과학 동화 소재로 사용할 수 있다.,"해양생물의 생김새, 서식지, 분포를 반영한 과학 동화 소재",국명·학명·서식지·분류체계를 활용한 관찰 질문과 퀴즈,5-7;8-10,해양생물종;Hedophyllum;subsessile;다시마과,270000022814,Chromista,크로미스타계,Ochrophyta,대롱편모조식물문,Phaeophyceae,갈조강,Laminariales,다시마목,Laminariaceae,다시마과,"Hedophyllum subsessile (Areschoug) Setchell, 1901",Hedophyllum subsessile,,기타,,,,,,,,,,,정명,"Hedophyllum subsessile (Areschoug) Setchell, 1901"
국립해양생물자원관_해양생물종정보 서비스,https://www.data.go.kr/data/15094770/openapi.do,,marine_life_species,Pseudarthrobacter psychrotolerans,세균계; Actinomycetota; Actinomycetes; Micrococcales; Micrococcaceae,,,,,Pseudarthrobacter psychrotolerans은(는) 해양생물 캐릭터와 과학 동화 소재로 사용할 수 있다.,"해양생물의 생김새, 서식지, 분포를 반영한 과학 동화 소재",국명·학명·서식지·분류체계를 활용한 관찰 질문과 퀴즈,5-7;8-10,해양생물종;Pseudarthrobacter;psychrotolerans;Micrococcaceae,270000027569,Bacteria,세균계,Actinomycetota,,Actinomycetes,,Micrococcales,,Micrococcaceae,,"Pseudarthrobacter psychrotolerans Shin et al., 2020",Pseudarthrobacter psychrotolerans,,기타,,,,,,,,,,,정명,"Pseudarthrobacter psychrotolerans Shin et al., 2020"
국립해양생물자원관_해양생물종정보 서비스,https://www.data.go.kr/data/15094770/openapi.do,,marine_life_species,Frondihabitans australicus,세균계; Actinomycetota; Actinomycetes; Micrococcales; Microbacteriaceae,,,,,Frondihabitans australicus은(는) 해양생물 캐릭터와 과학 동화 소재로 사용할 수 있다.,"해양생물의 생김새, 서식지, 분포를 반영한 과학 동화 소재",국명·학명·서식지·분류체계를 활용한 관찰 질문과 퀴즈,5-7;8-10,해양생물종;Frondihabitans;australicus;Microbacteriaceae,270000022120,Bacteria,세균계,Actinomycetota,,Actinomycetes,,Micrococcales,,Microbacteriaceae,,"Frondihabitans australicus (Zhang et al.) Greene et al., 2009",Frondihabitans australicus,,기타,,,,,,,,,,,정명,"Frondihabitans australicus (Zhang et al.) Greene et al., 2009"
국립해양생물자원관_해양생물종정보 서비스,https://www.data.go.kr/data/15094770/openapi.do,,marine_life_species,Microbacterium ketosireducens,세균계; Actinomycetota; Actinomycetes; Micrococcales; Microbacteriaceae,,,,,Microbacterium ketosireducens은(는) 해양생물 캐릭터와 과학 동화 소재로 사용할 수 있다.,"해양생물의 생김새, 서식지, 분포를 반영한 과학 동화 소재",국명·학명·서식지·분류체계를 활용한 관찰 질문과 퀴즈,5-7;8-10,해양생물종;Microbacterium;ketosireducens;Microbacteriaceae,270000027978,Bacteria,세균계,Actinomycetota,,Actinomycetes,,Micrococcales,,Microbacteriaceae,,Microbacterium ketosireducens Takeuchi & Hatano 1998,Microbacterium ketosireducens,,기타,,,,,,,,,,,정명,Microbacterium ketosireducens Takeuchi & Hatano 1998
국립해양생물자원관_해양생물종정보 서비스,https://www.data.go.kr/data/15094770/openapi.do,,marine_life_species,Pseudoclavibacter helvolus,세균계; Actinomycetota; Actinomycetes; Micrococcales; Microbacteriaceae,,,,,Pseudoclavibacter helvolus은(는) 해양생물 캐릭터와 과학 동화 소재로 사용할 수 있다.,"해양생물의 생김새, 서식지, 분포를 반영한 과학 동화 소재",국명·학명·서식지·분류체계를 활용한 관찰 질문과 퀴즈,5-7;8-10,해양생물종;Pseudoclavibacter;helvolus;Microbacteriaceae,270000028881,Bacteria,세균계,Actinomycetota,,Actinomycetes,,Micrococcales,,Microbacteriaceae,,"Pseudoclavibacter helvolus Manaia et al., 2004",Pseudoclavibacter helvolus,,기타,,,,,,,,,,,정명,"Pseudoclavibacter helvolus Manaia et al., 2004"
국립해양생물자원관_해양생물종정보 서비스,https://www.data.go.kr/data/15094770/openapi.do,,marine_life_species,Sirophysalis trinodis,크로미스타계; 대롱편모조식물문; 갈조강; 말목; 모자반과,,,,,Sirophysalis trinodis은(는) 해양생물 캐릭터와 과학 동화 소재로 사용할 수 있다.,"해양생물의 생김새, 서식지, 분포를 반영한 과학 동화 소재",국명·학명·서식지·분류체계를 활용한 관찰 질문과 퀴즈,5-7;8-10,해양생물종;Sirophysalis;trinodis;모자반과,270000016620,Chromista,크로미스타계,Ochrophyta,대롱편모조식물문,Phaeophyceae,갈조강,Fucales,말목,Sargassaceae,모자반과,Sirophysalis trinodis,Sirophysalis trinodis,,기타,,,,,,,,,,,정명,Sirophysalis trinodis
국립해양생물자원관_해양생물종정보 서비스,https://www.data.go.kr/data/15094770/openapi.do,,marine_life_species,Microbacterium aurantiacum,세균계; Actinomycetota; Actinomycetes; Micrococcales; Microbacteriaceae,,,,,Microbacterium aurantiacum은(는) 해양생물 캐릭터와 과학 동화 소재로 사용할 수 있다.,"해양생물의 생김새, 서식지, 분포를 반영한 과학 동화 소재",국명·학명·서식지·분류체계를 활용한 관찰 질문과 퀴즈,5-7;8-10,해양생물종;Microbacterium;aurantiacum;Microbacteriaceae,270000023301,Bacteria,세균계,Actinomycetota,,Actinomycetes,,Micrococcales,,Microbacteriaceae,,"Microbacterium aurantiacum Takeuchi & Hatano, 1998",Microbacterium aurantiacum,,기타,,,,,,,,,,,정명,"Microbacterium aurantiacum Takeuchi & Hatano, 1998"
국립해양생물자원관_해양생물종정보 서비스,https://www.data.go.kr/data/15094770/openapi.do,,marine_life_species,Microbacterium laevaniformans,세균계; Actinomycetota; Actinomycetes; Micrococcales; Microbacteriaceae,,,,,Microbacterium laevaniformans은(는) 해양생물 캐릭터와 과학 동화 소재로 사용할 수 있다.,"해양생물의 생김새, 서식지, 분포를 반영한 과학 동화 소재",국명·학명·서식지·분류체계를 활용한 관찰 질문과 퀴즈,5-7;8-10,해양생물종;Microbacterium;laevaniformans;Microbacteriaceae,270000023317,Bacteria,세균계,Actinomycetota,,Actinomycetes,,Micrococcales,,Microbacteriaceae,,"Microbacterium laevaniformans (ex Dias & Bhat) Collins et al., 1983",Microbacterium laevaniformans,,기타,,,,,,,,,,,정명,"Microbacterium laevaniformans (ex Dias & Bhat) Collins et al., 1983"
국립해양생물자원관_해양생물종정보 서비스,https://www.data.go.kr/data/15094770/openapi.do,,marine_life_species,Leptolyngbya norvegica,세균계; Cyanobacteria; Cyanophyceae; Synechococcales; Leptolyngbyaceae,,,,,Leptolyngbya norvegica은(는) 해양생물 캐릭터와 과학 동화 소재로 사용할 수 있다.,"해양생물의 생김새, 서식지, 분포를 반영한 과학 동화 소재",국명·학명·서식지·분류체계를 활용한 관찰 질문과 퀴즈,5-7;8-10,해양생물종;Leptolyngbya;norvegica;Leptolyngbyaceae,270000022872,Bacteria,세균계,Cyanobacteria,,Cyanophyceae,,Synechococcales,,Leptolyngbyaceae,,"Leptolyngbya norvegica (Gomont) Anagnostidis & Komárek, 1988",Leptolyngbya norvegica,,기타,,,,,,,,,,,정명,"Leptolyngbya norvegica (Gomont) Anagnostidis & Komárek, 1988"
국립해양생물자원관_해양생물종정보 서비스,https://www.data.go.kr/data/15094770/openapi.do,,marine_life_species,Pseudarthrobacter oxydans,세균계; Actinomycetota; Actinomycetes; Micrococcales; Micrococcaceae,,,,,Pseudarthrobacter oxydans은(는) 해양생물 캐릭터와 과학 동화 소재로 사용할 수 있다.,"해양생물의 생김새, 서식지, 분포를 반영한 과학 동화 소재",국명·학명·서식지·분류체계를 활용한 관찰 질문과 퀴즈,5-7;8-10,해양생물종;Pseudarthrobacter;oxydans;Micrococcaceae,270000020475,Bacteria,세균계,Actinomycetota,,Actinomycetes,,Micrococcales,,Micrococcaceae,,"Pseudarthrobacter oxydans (Sguros) Busse, 2016",Pseudarthrobacter oxydans,,기타,,,,,,,,,,,정명,"Pseudarthrobacter oxydans (Sguros) Busse, 2016"
국립해양생물자원관_해양생물종정보 서비스,https://www.data.go.kr/data/15094770/openapi.do,,marine_life_species,Agrococcus sediminis,세균계; Actinomycetota; Actinomycetes; Micrococcales; Microbacteriaceae,,,,,Agrococcus sediminis은(는) 해양생물 캐릭터와 과학 동화 소재로 사용할 수 있다.,"해양생물의 생김새, 서식지, 분포를 반영한 과학 동화 소재",국명·학명·서식지·분류체계를 활용한 관찰 질문과 퀴즈,5-7;8-10,해양생물종;Agrococcus;sediminis;Microbacteriaceae,270000027917,Bacteria,세균계,Actinomycetota,,Actinomycetes,,Micrococcales,,Microbacteriaceae,,"Agrococcus sediminis Qu et al., 2020",Agrococcus sediminis,,기타,,,,,,,,,,,정명,"Agrococcus sediminis Qu et al., 2020"
국립해양생물자원관_해양생물종정보 서비스,https://www.data.go.kr/data/15094770/openapi.do,,marine_life_species,Nocardioides jensenii,세균계; Actinomycetota; Actinomycetes; Propionibacteriales; Nocardioidaceae,,,,,Nocardioides jensenii은(는) 해양생물 캐릭터와 과학 동화 소재로 사용할 수 있다.,"해양생물의 생김새, 서식지, 분포를 반영한 과학 동화 소재",국명·학명·서식지·분류체계를 활용한 관찰 질문과 퀴즈,5-7;8-10,해양생물종;Nocardioides;jensenii;Nocardioidaceae,270000023662,Bacteria,세균계,Actinomycetota,,Actinomycetes,,Propionibacteriales,,Nocardioidaceae,,"Nocardioides jensenii (Suzuki & Komagata) Collins et al., 1989",Nocardioides jensenii,,기타,,,,,,,,,,,정명,"Nocardioides jensenii (Suzuki & Komagata) Collins et al., 1989"
국립해양생물자원관_해양생물종정보 서비스,https://www.data.go.kr/data/15094770/openapi.do,,marine_life_species,Flavimobilis marinus,세균계; Actinomycetota; Actinomycetes; Micrococcales; Sanguibacteraceae,,,,,Flavimobilis marinus은(는) 해양생물 캐릭터와 과학 동화 소재로 사용할 수 있다.,"해양생물의 생김새, 서식지, 분포를 반영한 과학 동화 소재",국명·학명·서식지·분류체계를 활용한 관찰 질문과 퀴즈,5-7;8-10,해양생물종;Flavimobilis;marinus;Sanguibacteraceae,270000019798,Bacteria,세균계,Actinomycetota,,Actinomycetes,,Micrococcales,,Sanguibacteraceae,,Flavimobilis marinus,Flavimobilis marinus,,기타,,,,,,,,,,,정명,Flavimobilis marinus
국립해양생물자원관_해양생물종정보 서비스,https://www.data.go.kr/data/15094770/openapi.do,,marine_life_species,Nesterenkonia xinjiangensis,세균계; Actinomycetota; Actinomycetes; Micrococcales; Micrococcaceae,,,,,Nesterenkonia xinjiangensis은(는) 해양생물 캐릭터와 과학 동화 소재로 사용할 수 있다.,"해양생물의 생김새, 서식지, 분포를 반영한 과학 동화 소재",국명·학명·서식지·분류체계를 활용한 관찰 질문과 퀴즈,5-7;8-10,해양생물종;Nesterenkonia;xinjiangensis;Micrococcaceae,270000011647,Bacteria,세균계,Actinomycetota,,Actinomycetes,,Micrococcales,,Micrococcaceae,,Nesterenkonia xinjiangensis,Nesterenkonia xinjiangensis,,기타,,,,,,,,,,,정명,Nesterenkonia xinjiangensis
국립해양생물자원관_해양생물종정보 서비스,https://www.data.go.kr/data/15094770/openapi.do,,marine_life_species,Mycobacteroides abscessus,세균계; Actinomycetota; Actinomycetes; Mycobacteriales; Mycobacteriaceae,,,,,Mycobacteroides abscessus은(는) 해양생물 캐릭터와 과학 동화 소재로 사용할 수 있다.,"해양생물의 생김새, 서식지, 분포를 반영한 과학 동화 소재",국명·학명·서식지·분류체계를 활용한 관찰 질문과 퀴즈,5-7;8-10,해양생물종;Mycobacteroides;abscessus;Mycobacteriaceae,270000019793,Bacteria,세균계,Actinomycetota,,Actinomycetes,,Mycobacteriales,,Mycobacteriaceae,,Mycobacteroides abscessus,Mycobacteroides abscessus,,기타,,,,,,,,,,,정명,Mycobacteroides abscessus
국립해양생물자원관_해양생물종정보 서비스,https://www.data.go.kr/data/15094770/openapi.do,,marine_life_species,Heteroleibleinia infixa,세균계; Cyanobacteria; Cyanophyceae; Synechococcales; Heteroleibleiniaceae,,,,,Heteroleibleinia infixa은(는) 해양생물 캐릭터와 과학 동화 소재로 사용할 수 있다.,"해양생물의 생김새, 서식지, 분포를 반영한 과학 동화 소재",국명·학명·서식지·분류체계를 활용한 관찰 질문과 퀴즈,5-7;8-10,해양생물종;Heteroleibleinia;infixa;Heteroleibleiniaceae,270000022512,Bacteria,세균계,Cyanobacteria,,Cyanophyceae,,Synechococcales,,Heteroleibleiniaceae,,"Heteroleibleinia infixa (Frémy) Anagnostidis & Komárek, 1988",Heteroleibleinia infixa,,기타,,,,,,,,,,,정명,"Heteroleibleinia infixa (Frémy) Anagnostidis & Komárek, 1988"
국립해양생물자원관_해양생물종정보 서비스,https://www.data.go.kr/data/15094770/openapi.do,,marine_life_species,Rhodococcus equi,세균계; Actinomycetota; Actinomycetes; Mycobacteriales; Nocardiaceae,,,,,Rhodococcus equi은(는) 해양생물 캐릭터와 과학 동화 소재로 사용할 수 있다.,"해양생물의 생김새, 서식지, 분포를 반영한 과학 동화 소재",국명·학명·서식지·분류체계를 활용한 관찰 질문과 퀴즈,5-7;8-10,해양생물종;Rhodococcus;equi;Nocardiaceae,270000024822,Bacteria,세균계,Actinomycetota,,Actinomycetes,,Mycobacteriales,,Nocardiaceae,,Rhodococcus equi Magnusson 1923,Rhodococcus equi,,기타,,,,,,,,,,,정명,Rhodococcus equi Magnusson 1923
국립해양생물자원관_해양생물종정보 서비스,https://www.data.go.kr/data/15094770/openapi.do,,marine_life_species,Arthrobacter citreus,세균계; Actinomycetota; Actinomycetes; Micrococcales; Micrococcaceae,,,,,Arthrobacter citreus은(는) 해양생물 캐릭터와 과학 동화 소재로 사용할 수 있다.,"해양생물의 생김새, 서식지, 분포를 반영한 과학 동화 소재",국명·학명·서식지·분류체계를 활용한 관찰 질문과 퀴즈,5-7;8-10,해양생물종;Arthrobacter;citreus;Micrococcaceae,270000020460,Bacteria,세균계,Actinomycetota,,Actinomycetes,,Micrococcales,,Micrococcaceae,,"Arthrobacter citreus Sacks, 1954",Arthrobacter citreus,,기타,,,,,,,,,,,정명,"Arthrobacter citreus Sacks, 1954"
국립해양생물자원관_해양생물종정보 서비스,https://www.data.go.kr/data/15094770/openapi.do,,marine_life_species,Synechocystis pevalekii,세균계; Cyanobacteria; Cyanophyceae; Synechococcales; Merismopediaceae,,,,,Synechocystis pevalekii은(는) 해양생물 캐릭터와 과학 동화 소재로 사용할 수 있다.,"해양생물의 생김새, 서식지, 분포를 반영한 과학 동화 소재",국명·학명·서식지·분류체계를 활용한 관찰 질문과 퀴즈,5-7;8-10,해양생물종;Synechocystis;pevalekii;Merismopediaceae,270000025467,Bacteria,세균계,Cyanobacteria,,Cyanophyceae,,Synechococcales,,Merismopediaceae,,"Synechocystis pevalekii Ercegovic, 1925",Synechocystis pevalekii,,기타,,,,,,,,,,,정명,"Synechocystis pevalekii Ercegovic, 1925"
국립해양생물자원관_해양생물종정보 서비스,https://www.data.go.kr/data/15094770/openapi.do,,marine_life_species,Rhodococcus tukisamuensis,세균계; Actinomycetota; Actinomycetes; Mycobacteriales; Nocardiaceae,,,,,Rhodococcus tukisamuensis은(는) 해양생물 캐릭터와 과학 동화 소재로 사용할 수 있다.,"해양생물의 생김새, 서식지, 분포를 반영한 과학 동화 소재",국명·학명·서식지·분류체계를 활용한 관찰 질문과 퀴즈,5-7;8-10,해양생물종;Rhodococcus;tukisamuensis;Nocardiaceae,270000028450,Bacteria,세균계,Actinomycetota,,Actinomycetes,,Mycobacteriales,,Nocardiaceae,,"Rhodococcus tukisamuensis Matsuyama et al., 2003",Rhodococcus tukisamuensis,,기타,,,,,,,,,,,정명,"Rhodococcus tukisamuensis Matsuyama et al., 2003"
국립해양생물자원관_해양생물종정보 서비스,https://www.data.go.kr/data/15094770/openapi.do,,marine_life_species,Arthrobacter bussei,세균계; Actinomycetota; Actinomycetes; Micrococcales; Micrococcaceae,,,,,Arthrobacter bussei은(는) 해양생물 캐릭터와 과학 동화 소재로 사용할 수 있다.,"해양생물의 생김새, 서식지, 분포를 반영한 과학 동화 소재",국명·학명·서식지·분류체계를 활용한 관찰 질문과 퀴즈,5-7;8-10,해양생물종;Arthrobacter;bussei;Micrococcaceae,270000027927,Bacteria,세균계,Actinomycetota,,Actinomycetes,,Micrococcales,,Micrococcaceae,,"Arthrobacter bussei Flegler et al., 2020",Arthrobacter bussei,,기타,,,,,,,,,,,정명,"Arthrobacter bussei Flegler et al., 2020"
국립해양생물자원관_해양생물종정보 서비스,https://www.data.go.kr/data/15094770/openapi.do,,marine_life_species,Rhodococcus jostii,세균계; Actinomycetota; Actinomycetes; Mycobacteriales; Nocardiaceae,,,,,Rhodococcus jostii은(는) 해양생물 캐릭터와 과학 동화 소재로 사용할 수 있다.,"해양생물의 생김새, 서식지, 분포를 반영한 과학 동화 소재",국명·학명·서식지·분류체계를 활용한 관찰 질문과 퀴즈,5-7;8-10,해양생물종;Rhodococcus;jostii;Nocardiaceae,270000024827,Bacteria,세균계,Actinomycetota,,Actinomycetes,,Mycobacteriales,,Nocardiaceae,,"Rhodococcus jostii Takeuchi et al., 2002",Rhodococcus jostii,,기타,,,,,,,,,,,정명,"Rhodococcus jostii Takeuchi et al., 2002"
국립해양생물자원관_해양생물종정보 서비스,https://www.data.go.kr/data/15094770/openapi.do,,marine_life_species,Microbacterium commune,세균계; Actinomycetota; Actinomycetes; Micrococcales; Microbacteriaceae,,,,,Microbacterium commune은(는) 해양생물 캐릭터와 과학 동화 소재로 사용할 수 있다.,"해양생물의 생김새, 서식지, 분포를 반영한 과학 동화 소재",국명·학명·서식지·분류체계를 활용한 관찰 질문과 퀴즈,5-7;8-10,해양생물종;Microbacterium;commune;Microbacteriaceae,270000030787,Bacteria,세균계,Actinomycetota,,Actinomycetes,,Micrococcales,,Microbacteriaceae,,"Microbacterium commune Pallen, 2024",Microbacterium commune,,기타,,,,,,,,,,,정명,"Microbacterium commune Pallen, 2024"
국립해양생물자원관_해양생물종정보 서비스,https://www.data.go.kr/data/15094770/openapi.do,,marine_life_species,Saundersella simplex,크로미스타계; 대롱편모조식물문; 갈조강; 솜털목; 민가지말과,,,,,Saundersella simplex은(는) 해양생물 캐릭터와 과학 동화 소재로 사용할 수 있다.,"해양생물의 생김새, 서식지, 분포를 반영한 과학 동화 소재",국명·학명·서식지·분류체계를 활용한 관찰 질문과 퀴즈,5-7;8-10,해양생물종;Saundersella;simplex;민가지말과,270000029402,Chromista,크로미스타계,Ochrophyta,대롱편모조식물문,Phaeophyceae,갈조강,Ectocarpales,솜털목,Chordariaceae,민가지말과,"Saundersella simplex (De A.Saunders) Kylin, 1940",Saundersella simplex,,기타,,,,,,,,,,,,
국립해양생물자원관_해양생물종정보 서비스,https://www.data.go.kr/data/15094770/openapi.do,,marine_life_species,Aphanocapsa holsatica,세균계; Cyanobacteria; Cyanophyceae; Synechococcales; Merismopediaceae,,,,,Aphanocapsa holsatica은(는) 해양생물 캐릭터와 과학 동화 소재로 사용할 수 있다.,"해양생물의 생김새, 서식지, 분포를 반영한 과학 동화 소재",국명·학명·서식지·분류체계를 활용한 관찰 질문과 퀴즈,5-7;8-10,해양생물종;Aphanocapsa;holsatica;Merismopediaceae,270000020359,Bacteria,세균계,Cyanobacteria,,Cyanophyceae,,Synechococcales,,Merismopediaceae,,"Aphanocapsa holsatica (Lemmermann) G.Cronberg & Komárek, 1994",Aphanocapsa holsatica,,기타,,,,,,,,,,,정명,"Aphanocapsa holsatica (Lemmermann) G.Cronberg & Komárek, 1994"
