source_name,source_url,reference_date,item_type,name_ko,category,region,address,latitude,longitude,summary,story_use,mission_use,age_tags,keywords,fcltyNm,fcltyType,rdnmadr,lnmadr,operPhoneNumber,operInstitutionNm,homepageUrl,fcltyInfo,weekdayOperOpenHhmm,weekdayOperColseHhmm,holidayOperOpenHhmm,holidayCloseOpenHhmm,rstdeInfo,adultChrge,yngbgsChrge,childChrge,etcChrgeInfo,fcltyIntrcn,trnsportInfo,phoneNumber,institutionNm,referenceDate,insttCode,insttNm
전국박물관미술관정보표준데이터,https://www.data.go.kr/data/15017323/standard.do,2025-11-01,place,영인문학관,사립,서울특별시 종로구,서울특별시 종로구 평창30길 81(평창동),37.6118922,126.9717578,영인문학관을(를) 배경으로 관람 전후 동화를 만들 수 있다.,관람 전 예습 동화와 방문 후 기념 동화책 배경,전시실에서 마음에 드는 작품이나 물건을 찾아 가족과 이야기하기,5-7;8-10,박물관;미술관;영인문학관,영인문학관,사립,서울특별시 종로구 평창30길 81(평창동),,02-379-3182,영인문학관,http://young-in.kr/,,10:30,17:00,10:30,17:00,월요일,0,0,0,기금 및 기증,,,02-379-3182,영인문학관,2025-11-01,3000000,서울특별시 종로구
전국박물관미술관정보표준데이터,https://www.data.go.kr/data/15017323/standard.do,2025-11-01,place,의학박물관,사립,서울특별시 종로구,서울특별시 종로구 대학로 101,37.58045239,126.9971964,의학박물관을(를) 배경으로 관람 전후 동화를 만들 수 있다.,관람 전 예습 동화와 방문 후 기념 동화책 배경,전시실에서 마음에 드는 작품이나 물건을 찾아 가족과 이야기하기,5-7;8-10,박물관;미술관;의학박물관,의학박물관,사립,서울특별시 종로구 대학로 101,,02-2072-2636,서울대학교병원 의학박물관,http://medicalmuseum.org/,,09:00,18:00,00:00,00:00,일요일+공휴일+근로자의 날(5/1)+개원기념일 (10/15),0,0,0,,,,02-2072-2636,의학박물관,2025-11-01,3000000,서울특별시 종로구
전국박물관미술관정보표준데이터,https://www.data.go.kr/data/15017323/standard.do,2025-11-01,place,화정박물관,사립,서울특별시 종로구,서울특별시 종로구 평창8길 3(평창동),37.604561,126.9660819,화정박물관을(를) 배경으로 관람 전후 동화를 만들 수 있다.,관람 전 예습 동화와 방문 후 기념 동화책 배경,전시실에서 마음에 드는 작품이나 물건을 찾아 가족과 이야기하기,5-7;8-10,박물관;미술관;화정박물관,화정박물관,사립,서울특별시 종로구 평창8길 3(평창동),,02-2075-0114,화정박물관,https://www.hjmuseum.org/,,09:00,18:00,09:00,18:00,"월요일+명절(1.1, 설날, 추석)",3000,2000,1000,,,,02-2075-0114,화정박물관,2025-11-01,3000000,서울특별시 종로구
전국박물관미술관정보표준데이터,https://www.data.go.kr/data/15017323/standard.do,2025-11-01,place,가회민화박물관,사립,서울특별시 종로구,서울특별시 종로구 북촌로12길 17(가회동),37.58214037,126.9856536,가회민화박물관을(를) 배경으로 관람 전후 동화를 만들 수 있다.,관람 전 예습 동화와 방문 후 기념 동화책 배경,전시실에서 마음에 드는 작품이나 물건을 찾아 가족과 이야기하기,5-7;8-10,박물관;미술관;가회민화박물관,가회민화박물관,사립,서울특별시 종로구 북촌로12길 17(가회동),,02-741-0466,가회민화박물관,http://www.gahoemuseum.org/,,10:00,18:00,10:00,18:00,월요일,2000,1000,1000,,,,02-741-0466,가회민화박물관,2025-11-01,3000000,서울특별시 종로구
전국박물관미술관정보표준데이터,https://www.data.go.kr/data/15017323/standard.do,2025-11-01,place,김달진미술자료박물관,사립,서울특별시 종로구,서울특별시 종로구 홍지문1길 4(홍지동),37.600016,126.9566605,김달진미술자료박물관을(를) 배경으로 관람 전후 동화를 만들 수 있다.,관람 전 예습 동화와 방문 후 기념 동화책 배경,전시실에서 마음에 드는 작품이나 물건을 찾아 가족과 이야기하기,5-7;8-10,박물관;미술관;김달진미술자료박물관,김달진미술자료박물관,사립,서울특별시 종로구 홍지문1길 4(홍지동),,02-730-6216,김달진미술자료박물관,http://www.daljin.com/,,10:00,17:00,00:00,00:00,일요일+공휴일,0,0,0,단체관람시 사전예약,,,02-730-6216,김달진미술자료박물관,2025-11-01,3000000,서울특별시 종로구
전국박물관미술관정보표준데이터,https://www.data.go.kr/data/15017323/standard.do,2025-11-01,place,떡박물관,사립,서울특별시 종로구,서울특별시 종로구 돈화문로 71(와룡동),37.57489958,126.9906359,떡박물관을(를) 배경으로 관람 전후 동화를 만들 수 있다.,관람 전 예습 동화와 방문 후 기념 동화책 배경,전시실에서 마음에 드는 작품이나 물건을 찾아 가족과 이야기하기,5-7;8-10,박물관;미술관;떡박물관,떡박물관,사립,서울특별시 종로구 돈화문로 71(와룡동),,02-741-5447,떡박물관,http://www.tkmuseum.or.kr/,,10:00,18:00,12:00,18:00,"명절(1.1, 설날, 추석 당일)",3000,2000,2000,,,,02-741-5447,떡박물관,2025-11-01,3000000,서울특별시 종로구
전국박물관미술관정보표준데이터,https://www.data.go.kr/data/15017323/standard.do,2025-11-01,place,명인박물관,사립,서울특별시 종로구,서울특별시 종로구 북촌로6길 1(가회동),37.58016533,126.9851875,명인박물관을(를) 배경으로 관람 전후 동화를 만들 수 있다.,관람 전 예습 동화와 방문 후 기념 동화책 배경,전시실에서 마음에 드는 작품이나 물건을 찾아 가족과 이야기하기,5-7;8-10,박물관;미술관;명인박물관,명인박물관,사립,서울특별시 종로구 북촌로6길 1(가회동),,02-766-0272,명인박물관,,,10:00,18:00,10:00,18:00,일요일+월요일,3000,1000,1000,,,,02-766-0272,명인박물관,2025-11-01,3000000,서울특별시 종로구
전국박물관미술관정보표준데이터,https://www.data.go.kr/data/15017323/standard.do,2025-11-01,place,보나장신구박물관,사립,서울특별시 종로구,서울특별시 종로구 인사동9길 9(관훈동),37.573542,126.9845504,보나장신구박물관을(를) 배경으로 관람 전후 동화를 만들 수 있다.,관람 전 예습 동화와 방문 후 기념 동화책 배경,전시실에서 마음에 드는 작품이나 물건을 찾아 가족과 이야기하기,5-7;8-10,박물관;미술관;보나장신구박물관,보나장신구박물관,사립,서울특별시 종로구 인사동9길 9(관훈동),,02-732-6621,보나장신구박물관,http://www.bonamuseum.com/,,10:30,18:30,12:00,18:00,"월요일+명절(1.1, 설날, 추석)",5000,4000,3000,,,,02-732-6621,보나장신구박물관,2025-11-01,3000000,서울특별시 종로구
전국박물관미술관정보표준데이터,https://www.data.go.kr/data/15017323/standard.do,2025-11-01,place,북촌동양문화박물관,사립,서울특별시 종로구,서울특별시 종로구 북촌로11길 76(삼청동),37.583986,126.9833708,북촌동양문화박물관을(를) 배경으로 관람 전후 동화를 만들 수 있다.,관람 전 예습 동화와 방문 후 기념 동화책 배경,전시실에서 마음에 드는 작품이나 물건을 찾아 가족과 이야기하기,5-7;8-10,박물관;미술관;북촌동양문화박물관,북촌동양문화박물관,사립,서울특별시 종로구 북촌로11길 76(삼청동),,02-723-0190,북촌동양문화박물관,https://blog.naver.com/baamuseum,,10:00,18:00,10:00,18:00,월요일,5000,3000,2000,,,,02-723-0190,북촌동양문화박물관,2025-11-01,3000000,서울특별시 종로구
전국박물관미술관정보표준데이터,https://www.data.go.kr/data/15017323/standard.do,2025-11-17,place,덕포진교육박물관,사립,경기도 김포시,경기도 김포시 대곶면 덕포진로103번길 90,37.6506446,126.538715,초등학교 교사로 재직 중 사고로 시력을 잃은 아내를 위해 초등학교 교사를 지냈던 남편(김동선) 선생님이 설립한 사립박물관,관람 전 예습 동화와 방문 후 기념 동화책 배경,전시실에서 마음에 드는 작품이나 물건을 찾아 가족과 이야기하기,5-7;8-10,박물관;미술관;덕포진교육박물관;초등학교;교사로;재직;중;사고로;시력을;잃은;아내를;위해,덕포진교육박물관,사립,경기도 김포시 대곶면 덕포진로103번길 90,경기도 김포시 대곶면 신안리 232-1,031-989-8580,덕포진교육박물관,http://www.덕포진교육박물관.kr/,,10:00,18:00,10:00,18:00,매주 월(매주 월요일이 공휴일인 경우 다음날)/설 연휴/추석 연휴 당일,4000,3000,2000,실버 3000원+중고등 3000원+초등 2000원+유아1500원,초등학교 교사로 재직 중 사고로 시력을 잃은 아내를 위해 초등학교 교사를 지냈던 남편(김동선) 선생님이 설립한 사립박물관,48번 국도(김포/강화방면) → 누산사거리에서 352번 도로 → 대명항 방면으로 좌회전 → 대명항을 약 1Km정도 남겨두고 우측,031-989-8580,덕포진교육박물관,2025-11-17,4090000,경기도 김포시
전국박물관미술관정보표준데이터,https://www.data.go.kr/data/15017323/standard.do,2025-11-17,place,보름산미술관,사립,경기도 김포시,경기도 김포시 고촌읍 수기로 100-78,37.5963635,126.760883,고촌 보름산 자락에 자리잡은 지역문화 공간,관람 전 예습 동화와 방문 후 기념 동화책 배경,전시실에서 마음에 드는 작품이나 물건을 찾아 가족과 이야기하기,5-7;8-10,박물관;미술관;보름산미술관;고촌;보름산;자락에;자리잡은;지역문화;공간,보름산미술관,사립,경기도 김포시 고촌읍 수기로 100-78,경기도 김포시 고촌읍 신곡리 893-1,031-986-0005,보름산미술관,http://www.boroomsan.com,카페,10:00,18:00,11:00,18:00,매주 월/1월1일/설 연휴 당일/추석 연휴 당일,0,0,0,단체관람 사전예약 필요(인당 7천원),고촌 보름산 자락에 자리잡은 지역문화 공간,"보름초등학교 정류장 하차 후, 도보 5분",031-985-0005,보름산미술관,2025-11-17,4090000,경기도 김포시
전국박물관미술관정보표준데이터,https://www.data.go.kr/data/15017323/standard.do,2025-11-17,place,CICA미술관,사립,경기도 김포시,경기도 김포시 양촌읍 삼도로 196-30,37.6081903,126.597767,양촌읍 학운산단에 위치한 문화공간으로 실험적인 아티스트들의 연구 공간이자 누구나 쉽게 현대미술을 접하고 생활 전반에 응용할 수 있는 열린 공간,관람 전 예습 동화와 방문 후 기념 동화책 배경,전시실에서 마음에 드는 작품이나 물건을 찾아 가족과 이야기하기,5-7;8-10,박물관;미술관;CICA미술관;양촌읍;학운산단에;위치한;문화공간으로;실험적인;아티스트들의;연구;공간이자;누구나,CICA미술관,사립,경기도 김포시 양촌읍 삼도로 196-30,경기도 김포시 양촌읍 학운리 1556,031-988-6363,CICA미술관,https://cicamuseum.com,카페,10:30,17:30,10:30,17:30,"매주 월, 화/전시 전후, 철수 및 설치 기간/1월1일/12월25일/12월31일",7000,6000,5000,초중고등 6000원+미취학어린이 5000원,양촌읍 학운산단에 위치한 문화공간으로 실험적인 아티스트들의 연구 공간이자 누구나 쉽게 현대미술을 접하고 생활 전반에 응용할 수 있는 열린 공간,"김포골드라인 구래역에서 하차 후 택시로 이동 (추천) / 또는 4번 버스 구래역 승차, 또는 83번 버스 한강반도유보라5차 승차 후 학운4리마을회관 하차.",031-988-6363,CICA미술관,2025-11-17,4090000,경기도 김포시
전국박물관미술관정보표준데이터,https://www.data.go.kr/data/15017323/standard.do,2025-06-17,place,한림대학교박물관,대학,강원특별자치도 춘천시,강원특별자치도 춘천시 한림대학길 1,37.885427,127.734959,도토기류ㆍ고서화 등 1700여 점을 비롯하여 3000여 점의 국가귀속 유물을 보관 관리하고 있음,관람 전 예습 동화와 방문 후 기념 동화책 배경,전시실에서 마음에 드는 작품이나 물건을 찾아 가족과 이야기하기,5-7;8-10,박물관;미술관;한림대학교박물관;도토기류ㆍ고서화;등;1700여;점을;비롯하여;3000여;점의;국가귀속;유물을,한림대학교박물관,대학,강원특별자치도 춘천시 한림대학길 1,강원특별자치도 춘천시 옥천동 1-1,033-248-2851,한림대학교,http://museum.hallym.ac.kr,,10:00,16:00,00:00,00:00,금+토+일+공휴일+추석연휴+설연휴+시험 및 방학기간+휴관 시에도 단체예약 시 관람 가능,0,0,0,전부 무료,도토기류ㆍ고서화 등 1700여 점을 비롯하여 3000여 점의 국가귀속 유물을 보관 관리하고 있음,"1)대중교통 : 춘천역 - 시내간선 300번, 지선 12, 12-S - 한림대학교 정류장 하차+2)승용차  : 서울양양고속도로(남춘천IC), 일반도로(46번경춘국도-403번도로)",033-248-2851,한림대학교,2025-06-17,4181000,강원특별자치도 춘천시
전국박물관미술관정보표준데이터,https://www.data.go.kr/data/15017323/standard.do,2025-06-17,place,강원대학교박물관,대학,강원특별자치도 춘천시,강원특별자치도 춘천시 강원대학길 1,37.868024,127.748387,1979.5.1. 개설된 이래 선사시대부터 조선시대까지의 고고유물ㆍ금속ㆍ도자공예품 등을 전시하고 있음,관람 전 예습 동화와 방문 후 기념 동화책 배경,전시실에서 마음에 드는 작품이나 물건을 찾아 가족과 이야기하기,5-7;8-10,박물관;미술관;강원대학교박물관;1979.5.1.;개설된;이래;선사시대부터;조선시대까지의;고고유물ㆍ금속ㆍ도자공예품;등을;전시하고;있음,강원대학교박물관,대학,강원특별자치도 춘천시 강원대학길 1,강원특별자치도 춘천시 효자동 192-1,033-250-8077,강원대학교,http://museum.kangwon.ac.kr/,,10:10,17:00,00:00,00:00,토+일+법정공휴일,0,0,0,전부 무료,1979.5.1. 개설된 이래 선사시대부터 조선시대까지의 고고유물ㆍ금속ㆍ도자공예품 등을 전시하고 있음,"1)대중교통 : 남춘천역-시내간선 100번, 300번, 지선 15, 15-S+2)승용차  : 서울양양고속도로(남춘천IC), 일반도로(46번경춘국도-403번도로)",033-250-8077,강원대학교,2025-06-17,4181000,강원특별자치도 춘천시
전국박물관미술관정보표준데이터,https://www.data.go.kr/data/15017323/standard.do,2025-06-17,place,LIUSEUM 세계민족악기전시관,사립,강원특별자치도 춘천시,강원특별자치도 춘천시 남산면 남이섬길 1,37.790127,127.526130,"세계 각국 민족 악기 300여점, 한국 대중음악의 역사를 조명하는 전시 관람 가능",관람 전 예습 동화와 방문 후 기념 동화책 배경,전시실에서 마음에 드는 작품이나 물건을 찾아 가족과 이야기하기,5-7;8-10,박물관;미술관;LIUSEUM;세계민족악기전시관;세계;각국;민족;악기;300여점;한국;대중음악의;역사를,LIUSEUM 세계민족악기전시관,사립,강원특별자치도 춘천시 남산면 남이섬길 1,강원특별자치도 춘천시 남산면 방하리 197,031-580-8015,(재)노래의 섬,http://www.songisland.co.kr/,스윙카페+수유실+휴식공간,08:30,18:00,08:30,18:00,연중 무휴,0,0,0,전부 무료,"세계 각국 민족 악기 300여점, 한국 대중음악의 역사를 조명하는 전시 관람 가능","1)대중교통 : 가평역 - 10-4번 버스 - 남이섬종점 정류장 하차+2) 승용차 : 고속도로(서울양양고속도로-설악IC), 일반도로(경춘북로-경춘로)",031-580-8015,(재)노래의 섬,2025-06-17,4181000,강원특별자치도 춘천시
전국박물관미술관정보표준데이터,https://www.data.go.kr/data/15017323/standard.do,2025-06-17,place,책과인쇄박물관,사립,강원특별자치도 춘천시,강원특별자치도 춘천시 신동면 풍류1길 156,37.819419,127.724821,우리나라의 우수한 인쇄문화와 세계적으로 앞섰던 선현들의 독서문화를 알리고자 수집한 자료를 전시,관람 전 예습 동화와 방문 후 기념 동화책 배경,전시실에서 마음에 드는 작품이나 물건을 찾아 가족과 이야기하기,5-7;8-10,박물관;미술관;책과인쇄박물관;우리나라의;우수한;인쇄문화와;세계적으로;앞섰던;선현들의;독서문화를;알리고자;수집한,책과인쇄박물관,사립,강원특별자치도 춘천시 신동면 풍류1길 156,강원특별자치도 춘천시 신동면 증리 616,033-264-9923,책과인쇄박물관,http://www.mobapkorea.com/,상점+카페+야외정원,09:00,18:00,09:00,18:00,월,7000,6000,5000,"할인 대상[단체(20인이상)+군인,장애인,만65세이상(신분증 제시, 본인만해당)]어린이 과학동아 기자단 무료입장  (본인만 해당)",우리나라의 우수한 인쇄문화와 세계적으로 앞섰던 선현들의 독서문화를 알리고자 수집한 자료를 전시,"▶ 대중교통 이용 ① 경춘선: 상봉역 - 김유정역 1시간 16분 소요, 김유정역 하차 후 도보로 15분거리 ② itx 남춘천역에서 택시로 10분거리 ③ 춘천 버스 터미널에서 택시로 10분거리▶ 자가용 이용 : 서울춘천고속도로 이용 → 남춘천IC삼거리에서 양평, 춘천, 비발디파크 방면으로 우회전 → 김유정로를 따라 이동 -> 광판삼거리에서 춘천, 김유정역 방면으로 우회전 -> 덕만이 터널 -> 팔미교차로에서 양구, 소양댐, 춘천IC 방면으로 우회전 -> 순환대로를 따라 1.76km이동하다 풍류1길 골목길로 우회전 (순환대로에서 오른쪽에 책과인쇄 간판이 있는 건물이 보입니다.)  * 주차: 승용차, 45인승 버스 주차 가능",033-264-9923,책과인쇄박물관,2025-06-17,4181000,강원특별자치도 춘천시
전국박물관미술관정보표준데이터,https://www.data.go.kr/data/15017323/standard.do,2025-08-27,place,영일민속박물관,공립,경상북도 포항시,경상북도 포항시 북구 흥해읍 한동로 51,36.110838,129.3471966,향토풍습 및 민속유물을 영구보존하고자 지역 주민등의 뜻을 모아 구 영일군과 영일문화원이 공동으로 헌종 원년(1835년)에 건립된 당시 흥해군의 동헌 건물이었던 제남헌을 수리하여 1983년 10월29일 개관이후 1985년 5월 제2전시실을 신축하여 민속박물관으로서는 국내최초로 1987년 6월 30일 문화부로 부터 박물관으로 지정됨.,관람 전 예습 동화와 방문 후 기념 동화책 배경,전시실에서 마음에 드는 작품이나 물건을 찾아 가족과 이야기하기,5-7;8-10,박물관;미술관;영일민속박물관;향토풍습;및;민속유물을;영구보존하고자;지역;주민등의;뜻을;모아;구,영일민속박물관,공립,경상북도 포항시 북구 흥해읍 한동로 51,경상북도 포항시 북구 흥해읍 성내리 39-8,054-270-5811,경상북도 포항시청,http://www.pohang.go.kr,,09:00,18:00,09:00,18:00,1월1일+공휴일 다음일+설 연휴+추석 연휴,0,0,0,,향토풍습 및 민속유물을 영구보존하고자 지역 주민등의 뜻을 모아 구 영일군과 영일문화원이 공동으로 헌종 원년(1835년)에 건립된 당시 흥해군의 동헌 건물이었던 제남헌을 수리하여 1983년 10월29일 개관이후 1985년 5월 제2전시실을 신축하여 민속박물관으로서는 국내최초로 1987년 6월 30일 문화부로 부터 박물관으로 지정됨.,시내에서 급행버스 5000번 일반버스 580번 이용. 흥해환승센터 하차,054-261-2798,경상북도 포항시청 문화예술과,2025-08-27,5020000,경상북도 포항시
전국박물관미술관정보표준데이터,https://www.data.go.kr/data/15017323/standard.do,2025-08-27,place,증평민속체험박물관,공립,충청북도 증평군,충청북도 증평군 증평읍 둔덕길 89,36.7638886,127.5955694,증평의 역사와 전통문화를 만나는 곳+증평민속체험박물관,관람 전 예습 동화와 방문 후 기념 동화책 배경,전시실에서 마음에 드는 작품이나 물건을 찾아 가족과 이야기하기,5-7;8-10,박물관;미술관;증평민속체험박물관;증평의;역사와;전통문화를;만나는;곳+증평민속체험박물관,증평민속체험박물관,공립,충청북도 증평군 증평읍 둔덕길 89,충청북도 증평군 증평읍 남하리 91,043-835-4154,충청북도 증평군청,https://www.jp.go.kr/museum.do,휴게실+수유실+야외정자+흔들벤치+장애인화장실,09:00,18:00,09:00,18:00,월+1월 1일+설 당일+추석 당일,000,000,0,,증평의 역사와 전통문화를 만나는 곳+증평민속체험박물관,자동차:증평터미널에서 10분+버스:증평역에서 30분,043-835-4152,충청북도 증평군청,2025-08-27,5570000,충청북도 증평군
전국박물관미술관정보표준데이터,https://www.data.go.kr/data/15017323/standard.do,2025-08-27,place,한양여자대학교 미술관,대학,서울특별시 성동구,서울특별시 성동구 살곶이길 200,37.55791939,127.0493226,한양여자대학교 미술관을(를) 배경으로 관람 전후 동화를 만들 수 있다.,관람 전 예습 동화와 방문 후 기념 동화책 배경,전시실에서 마음에 드는 작품이나 물건을 찾아 가족과 이야기하기,5-7;8-10,박물관;미술관;한양여자대학교,한양여자대학교 미술관,대학,서울특별시 성동구 살곶이길 200,,02-2290-2506,학교법인 한양학원,,,10:00,17:00,00:00,00:00,토+일+공휴일,0,0,0,,,,02-2124-4188,서울특별시,2025-08-27,3030000,서울특별시 성동구
전국박물관미술관정보표준데이터,https://www.data.go.kr/data/15017323/standard.do,2020-12-15,place,KAIST비전관,대학,대전광역시 유성구,대전광역시 유성구 대학로 291,36.36828116,127.3569802,"- 2018년 3월에 개관한 학술문화관에는 KAIST의 과거, 현재, 미래를 한자리에서 볼 수 있는 비전관이 자리하고 있다. - KAIST 비전관은 ‘INTRO Zone’, ‘HISTORY Zone’, ‘INNOVATION Zone’, ‘VISION Zone’으로 전시실이 운영 중에 있다. - 각 전시실은 ‘시작, KAIST와 만나다’, ‘도전과 선도의 KAIST 발전사’, ‘연구성과 FOCUS’, ‘카이스트비전 2031’이라는 소주제로 KAIST의 역",관람 전 예습 동화와 방문 후 기념 동화책 배경,전시실에서 마음에 드는 작품이나 물건을 찾아 가족과 이야기하기,5-7;8-10,박물관;미술관;KAIST비전관;-;2018년;3월에;개관한;학술문화관에는;KAIST의;과거;현재;미래를,KAIST비전관,대학,대전광역시 유성구 대학로 291,대전광역시 유성구 구성동 23,042-350-4470,카이스트,https://visionhall.kaist.ac.kr/,없음,10:00,17:00,10:00,17:00,"공휴일, 토요일",0,0,0,무료,"- 2018년 3월에 개관한 학술문화관에는 KAIST의 과거, 현재, 미래를 한자리에서 볼 수 있는 비전관이 자리하고 있다. - KAIST 비전관은 ‘INTRO Zone’, ‘HISTORY Zone’, ‘INNOVATION Zone’, ‘VISION Zone’으로 전시실이 운영 중에 있다. - 각 전시실은 ‘시작, KAIST와 만나다’, ‘도전과 선도의 KAIST 발전사’, ‘연구성과 FOCUS’, ‘카이스트비전 2031’이라는 소주제로 KAIST의 역","- 버스 : 104, 121, 마을 5",042-350-4470,카이스트,2020-12-15,6300000,대전광역시
전국박물관미술관정보표준데이터,https://www.data.go.kr/data/15017323/standard.do,2020-12-15,place,대전시립미술관,공립,대전광역시 서구,대전광역시 서구 둔산대로 155,36.36704913,127.3857273,"- 대전시립미술관은 대전미술의 정체성을 확립하는 아카이빙과 청년작가 발굴, 근현대미술사 정립 등 특성화전략사업을 추진하고자 설립되었습니다. - 실험적인 전시를 통해 급변하는 국내외 현대미술의 새로운 담론을 제시하고 있습니다. - ‘과학도시 대전’의 브랜드와 대덕연구개발특구 인프라를 기반으로 다양한 연구와 전시를 이어오고 있으며, 2018년 자체 기획한 ‘대전과학예술비엔날레’를 성공적으로 개최하며 세계현대미술의 중심에서 그 입지를 확장해 나가고 있습니",관람 전 예습 동화와 방문 후 기념 동화책 배경,전시실에서 마음에 드는 작품이나 물건을 찾아 가족과 이야기하기,5-7;8-10,박물관;미술관;대전시립미술관;-;대전시립미술관은;대전미술의;정체성을;확립하는;아카이빙과;청년작가;발굴;근현대미술사,대전시립미술관,공립,대전광역시 서구 둔산대로 155,대전광역시 서구 만년동 396,042-270-7370,대전시립미술관,www.daejeon.go.kr/dma,NAME?,10:00,19:00,10:00,19:00,"1월1일, 설(당일), 추석(당일),  매주월요일(다만, 월요일이 공휴일인 경우 그 다음날 휴관)",500,300,300,노인(65세이상) 무료,"- 대전시립미술관은 대전미술의 정체성을 확립하는 아카이빙과 청년작가 발굴, 근현대미술사 정립 등 특성화전략사업을 추진하고자 설립되었습니다. - 실험적인 전시를 통해 급변하는 국내외 현대미술의 새로운 담론을 제시하고 있습니다. - ‘과학도시 대전’의 브랜드와 대덕연구개발특구 인프라를 기반으로 다양한 연구와 전시를 이어오고 있으며, 2018년 자체 기획한 ‘대전과학예술비엔날레’를 성공적으로 개최하며 세계현대미술의 중심에서 그 입지를 확장해 나가고 있습니","-버스 : 606, 618, 911, 104, 301, 318, 604, 705, 918 -지하철 : 정부청사역 3번 출구(도보 20분)",042-270-4424,대전광역시,2020-12-15,6300000,대전광역시
전국박물관미술관정보표준데이터,https://www.data.go.kr/data/15017323/standard.do,2020-12-15,place,이응노미술관,공립,대전광역시 서구,대전광역시 서구 둔산대로 157,36.366898,127.387019,NAME?,관람 전 예습 동화와 방문 후 기념 동화책 배경,전시실에서 마음에 드는 작품이나 물건을 찾아 가족과 이야기하기,5-7;8-10,박물관;미술관;이응노미술관;NAME?,이응노미술관,공립,대전광역시 서구 둔산대로 157,대전광역시 서구 만년동 396,042-611-9800,대전고암미술문화재단,www.leeungnomuseum.or.kr/,NAME?,10:00,19:00,10:00,19:00,"1월1일, 설(당일), 추석(당일),  매주월요일(다만, 월요일이 공휴일인 경우 그 다음날 휴관)",500,300,300,노인(65세이상) 무료,NAME?,"-버스 : 606, 618, 911, 104, 301, 318, 514, 604, 705, 918 -지하철 : 정부청사역 3번 출구(도보 20분)",042-611-9812,대전고암미술문화재단,2020-12-15,6300000,대전광역시
전국박물관미술관정보표준데이터,https://www.data.go.kr/data/15017323/standard.do,2020-12-15,place,남철미술관,사립,대전광역시 서구,대전광역시 서구 갈마로 173-1,36.338908,127.376069,휴관중,관람 전 예습 동화와 방문 후 기념 동화책 배경,전시실에서 마음에 드는 작품이나 물건을 찾아 가족과 이야기하기,5-7;8-10,박물관;미술관;남철미술관;휴관중,남철미술관,사립,대전광역시 서구 갈마로 173-1,대전광역시 서구 괴정동 129-26,042-525-2094,남철미술관,없음,없음,10:00,19:00,10:00,19:00,휴관중,0,0,0,무료,휴관중,"-버스 : 103, 113, 602",042-525-2094,남철미술관,2020-12-15,6300000,대전광역시
전국박물관미술관정보표준데이터,https://www.data.go.kr/data/15017323/standard.do,2020-12-15,place,성암미술관,사립,대전광역시 유성구,대전광역시 유성구 온천동로 19-1,36.35368094,127.348862,NAME?,관람 전 예습 동화와 방문 후 기념 동화책 배경,전시실에서 마음에 드는 작품이나 물건을 찾아 가족과 이야기하기,5-7;8-10,박물관;미술관;성암미술관;NAME?,성암미술관,사립,대전광역시 유성구 온천동로 19-1,대전광역시 유성구 봉명동 541-16,042-822-7882,성암미술관,http://성암미술관.한국,없음,10:00,19:00,10:00,19:00,변동,4000,3000,0,노인(65세이상) 3000,NAME?,"-버스 : 101, 103, 105, 113, 116, 119, 312, 706, 911, 48, 102, 106, 107, 109, 115, 116, 704, 706 (유성온천역 하차) -지하철 : 유성온천역 8번 출구(도보 5분)",042-822-7882,성암미술관,2020-12-15,6300000,대전광역시
전국박물관미술관정보표준데이터,https://www.data.go.kr/data/15017323/standard.do,2020-12-15,place,여진불교미술관,사립,대전광역시 유성구,대전광역시 유성구 엑스포로 624,36.41077114,127.4061141,휴관중,관람 전 예습 동화와 방문 후 기념 동화책 배경,전시실에서 마음에 드는 작품이나 물건을 찾아 가족과 이야기하기,5-7;8-10,박물관;미술관;여진불교미술관;휴관중,여진불교미술관,사립,대전광역시 유성구 엑스포로 624,대전광역시 유성구 탑립동 442-1,042-934-8466,여진불교미술관,http://www.yeojingallery.co.kr/,없음,10:00,19:00,10:00,19:00,휴관중,0,0,0,무료,휴관중,-버스 : 918,042-934-8466,여진불교문화재단,2020-12-15,6300000,대전광역시
전국박물관미술관정보표준데이터,https://www.data.go.kr/data/15017323/standard.do,2020-12-15,place,한남대학교 중앙박물관,대학,대전광역시 대덕구,대전광역시 대덕구 한남로 70,36.35279872,127.4233081,"- 한남대학교 중앙박물관은 1982년 개관하여 역사ㆍ고고ㆍ민속ㆍ대학역사에 관한 자료를 수집ㆍ전시하고, 학술조사, 특별전시, 특별개관, 자유학기제와 진로체험 교육, 세시이벤트, 문화유산탐방, 학술심포지움, 교양강좌, 발간물 발행 등 다양한 활동하고 있다.",관람 전 예습 동화와 방문 후 기념 동화책 배경,전시실에서 마음에 드는 작품이나 물건을 찾아 가족과 이야기하기,5-7;8-10,박물관;미술관;한남대학교;중앙박물관;-;중앙박물관은;1982년;개관하여;역사ㆍ고고ㆍ민속ㆍ대학역사에;관한;자료를;수집ㆍ전시하고,한남대학교 중앙박물관,대학,대전광역시 대덕구 한남로 70,대전광역시 대덕구 오정동 133,042-629-7696,한남대학교,www.bakmul.hannam.ac.kr,없음,10:00,16:00,10:00,17:00,"개교기념일(4.15), 공휴일, 토, 일",0,0,0,무료,"- 한남대학교 중앙박물관은 1982년 개관하여 역사ㆍ고고ㆍ민속ㆍ대학역사에 관한 자료를 수집ㆍ전시하고, 학술조사, 특별전시, 특별개관, 자유학기제와 진로체험 교육, 세시이벤트, 문화유산탐방, 학술심포지움, 교양강좌, 발간물 발행 등 다양한 활동하고 있다.","- 버스 : 105, 314, 711",042-629-7696,한남대학교,2020-12-15,6300000,대전광역시
전국박물관미술관정보표준데이터,https://www.data.go.kr/data/15017323/standard.do,2020-12-15,place,한남대학교 자연사박물관,대학,대전광역시 대덕구,대전광역시 대덕구 한남로 70,36.35279872,127.4233081,"- 한남대학교 자연사박물관은 자연을 이루는 광물, 화석, 동물, 식물 그리고 인간에 관한 표본을 우선 수집하고 보존 연구하여 그 결과를 전시와 각종 프로그램을 통해 대중에게 자연에 대한 올바로 인식시키는데 목적을 두고 운영하고 있다. - 20만여점의 표본이 식물, 포유류, 조류, 양서?파충류, 해양무척추동물, 패류, 곤충, 화석 및 광물 등 다양한 분류군별 전시가 이루어져 있다.",관람 전 예습 동화와 방문 후 기념 동화책 배경,전시실에서 마음에 드는 작품이나 물건을 찾아 가족과 이야기하기,5-7;8-10,박물관;미술관;한남대학교;자연사박물관;-;자연사박물관은;자연을;이루는;광물;화석;동물;식물,한남대학교 자연사박물관,대학,대전광역시 대덕구 한남로 70,대전광역시 대덕구 오정동 133,042-629-7699,한남대학교,museum.hannam.ac.kr,없음,10:00,16:00,10:00,17:00,"개교기념일(4.15), 공휴일,  토, 일",0,0,0,무료,"- 한남대학교 자연사박물관은 자연을 이루는 광물, 화석, 동물, 식물 그리고 인간에 관한 표본을 우선 수집하고 보존 연구하여 그 결과를 전시와 각종 프로그램을 통해 대중에게 자연에 대한 올바로 인식시키는데 목적을 두고 운영하고 있다. - 20만여점의 표본이 식물, 포유류, 조류, 양서?파충류, 해양무척추동물, 패류, 곤충, 화석 및 광물 등 다양한 분류군별 전시가 이루어져 있다.","- 버스 : 105, 314, 711",042-629-7699,한남대학교,2020-12-15,6300000,대전광역시
전국박물관미술관정보표준데이터,https://www.data.go.kr/data/15017323/standard.do,2020-12-15,place,대전대학교 박물관,대학,대전광역시 동구,대전광역시 동구 대학로 62,36.33669455,127.4590019,"- 대전대학교 박물관으로 1984년 10월 27일 고암(叩巖) 서정인 선생이 기증하신 561점의 유물을 바탕으로 개관하였다. - 전시실은 자기실, 고서화실, 고문서실, 금속·문서실을 운영 중에 있으며, 그 외에 대전대학교 학교의 발전사와 현황을 정리한 교사실이 구성되어 있다. - 매년 봄과 가을에 문화유적답사를 하고, 교양강좌를 운영하고 있다.",관람 전 예습 동화와 방문 후 기념 동화책 배경,전시실에서 마음에 드는 작품이나 물건을 찾아 가족과 이야기하기,5-7;8-10,박물관;미술관;대전대학교;-;박물관으로;1984년;10월;27일;고암(叩巖);서정인;선생이;기증하신,대전대학교 박물관,대학,대전광역시 동구 대학로 62,대전광역시 동구 용운동 96-3,042-280-2691,대전대학교,www.museum.dju.kr,없음,10:00,16:00,10:00,17:00,"토, 일, 공휴일",0,0,0,무료,"- 대전대학교 박물관으로 1984년 10월 27일 고암(叩巖) 서정인 선생이 기증하신 561점의 유물을 바탕으로 개관하였다. - 전시실은 자기실, 고서화실, 고문서실, 금속·문서실을 운영 중에 있으며, 그 외에 대전대학교 학교의 발전사와 현황을 정리한 교사실이 구성되어 있다. - 매년 봄과 가을에 문화유적답사를 하고, 교양강좌를 운영하고 있다.","- 버스 : 605, 603, 61, 62,",042-280-2691,대전대학교,2020-12-15,6300000,대전광역시
전국박물관미술관정보표준데이터,https://www.data.go.kr/data/15017323/standard.do,2020-12-15,place,배재대학교 박물관,대학,대전광역시 서구,대전광역시 서구 배재로 155-40,36.32323809,127.3660759,"- 배재대학교 박물관은 1988년 3월 개관하여 1993년 주시경기념도서관 4층으로 확장ㆍ이관하였습니다. - 20여년 동안 다양한 역사자료 및 문화자료들을 수집하고 수집한 유물들을 보관 및 전시함으로써 학술 연구 및 교육, 문화발전을 위해 노력하였습니다. - 박물관은 토기전시실ㆍ배재역사실과 학예실, 관장실, 자료실로 구성되어 있습니다.",관람 전 예습 동화와 방문 후 기념 동화책 배경,전시실에서 마음에 드는 작품이나 물건을 찾아 가족과 이야기하기,5-7;8-10,박물관;미술관;배재대학교;-;박물관은;1988년;3월;개관하여;1993년;주시경기념도서관;4층으로;확장ㆍ이관하였습니다.,배재대학교 박물관,대학,대전광역시 서구 배재로 155-40,대전광역시 서구 도마동 439-6,042-520-5259,배재대학교,www.museum.pcu.ac.kr/,없음,10:00,16:00,10:00,17:00,"토,일, 공휴일",0,0,0,무료,"- 배재대학교 박물관은 1988년 3월 개관하여 1993년 주시경기념도서관 4층으로 확장ㆍ이관하였습니다. - 20여년 동안 다양한 역사자료 및 문화자료들을 수집하고 수집한 유물들을 보관 및 전시함으로써 학술 연구 및 교육, 문화발전을 위해 노력하였습니다. - 박물관은 토기전시실ㆍ배재역사실과 학예실, 관장실, 자료실로 구성되어 있습니다.","- 버스 : 612, 301, 216, 916, 312",042-520-5259,배재대학교,2020-12-15,6300000,대전광역시
전국박물관미술관정보표준데이터,https://www.data.go.kr/data/15017323/standard.do,2025-06-25,place,속초시립박물관,공립,강원특별자치도 속초시,강원특별자치도 속초시 신흥2길 16,38.201053,128.538204,속초시립박물관은 속초가 간직하고 있는 독특한 민속문화를 두루 관람하면서 향토민속문화를 손수 체험할 수 있는 박물관입니다.,관람 전 예습 동화와 방문 후 기념 동화책 배경,전시실에서 마음에 드는 작품이나 물건을 찾아 가족과 이야기하기,5-7;8-10,박물관;미술관;속초시립박물관;속초시립박물관은;속초가;간직하고;있는;독특한;민속문화를;두루;관람하면서;향토민속문화를,속초시립박물관,공립,강원특별자치도 속초시 신흥2길 16,강원특별자치도 속초시 노학동 736-1,033-639-2974,강원특별자치도 속초시 속초시립박물관,https://www.sokchomuse.go.kr,은서네집 매점+공동취사장+수유실+강당,09:00,18:00,09:00,18:00,1월 1일+매주 월요일,2000,1500,700,속초시민+미취학아동+65세이상 어르신+국가유공자+장애인 등 무료,속초시립박물관은 속초가 간직하고 있는 독특한 민속문화를 두루 관람하면서 향토민속문화를 손수 체험할 수 있는 박물관입니다.,"속초시내버스 3, 3-1(30~40분 간격운행) [한옥마을] 정류장 하차",033-639-2974,강원특별자치도 속초시청,2025-06-25,4231000,강원특별자치도 속초시
전국박물관미술관정보표준데이터,https://www.data.go.kr/data/15017323/standard.do,2025-06-25,place,월정사 성보박물관,사립,강원특별자치도 평창군,강원특별자치도 평창군 진부면 오대산로 176,37.71884927,128.6029578,"월정사 성보박물관은 지상 2층, 지하 2층으로 이루어진 콘크리트 건물입니다. 총 면적은 2700㎡ 로 1층과 2층에는 전시공간을, 지하에는 관장실과 학예연구실, 수장고, 창고, 기계실들을 갖추고 있습니다. 현재 국보 제 48-2호 월정사석보살좌상, 제 292호 평창 상원사 중창권선문 2건의 국보와 5건의 보물 등 총 39건의 지정문화재와 4,000점의 문화재가 소장되어있음",관람 전 예습 동화와 방문 후 기념 동화책 배경,전시실에서 마음에 드는 작품이나 물건을 찾아 가족과 이야기하기,5-7;8-10,박물관;미술관;월정사;성보박물관;성보박물관은;지상;2층;지하;2층으로;이루어진;콘크리트;건물입니다.,월정사 성보박물관,사립,강원특별자치도 평창군 진부면 오대산로 176,강원특별자치도 평창군 진부면 동산리 17-31,033-339-7000,월정사,https://wjssm.kr/,,09:30,18:00,09:30,18:00,월요일,0,0,0,,"월정사 성보박물관은 지상 2층, 지하 2층으로 이루어진 콘크리트 건물입니다. 총 면적은 2700㎡ 로 1층과 2층에는 전시공간을, 지하에는 관장실과 학예연구실, 수장고, 창고, 기계실들을 갖추고 있습니다. 현재 국보 제 48-2호 월정사석보살좌상, 제 292호 평창 상원사 중창권선문 2건의 국보와 5건의 보물 등 총 39건의 지정문화재와 4,000점의 문화재가 소장되어있음",월정사 앞 위치,033-330-2722,강원특별자치도 평창군청,2025-06-25,4281000,강원특별자치도 평창군
전국박물관미술관정보표준데이터,https://www.data.go.kr/data/15017323/standard.do,2025-06-25,place,고려궁박물관,사립,강원특별자치도 평창군,강원특별자치도 평창군 대관령면 올림픽로 1169,37.61869947,128.647588,"목아박물관의 설립자이자, 중형무형문화제 108호 목조각장 박찬수씨의 손길을 고스란히 느낄 수 있습니다. 문화예술품들을 역사적으로 조망하며, 역사와 문화를 한눈에 볼 수 있는 전시도 기획하고 있음",관람 전 예습 동화와 방문 후 기념 동화책 배경,전시실에서 마음에 드는 작품이나 물건을 찾아 가족과 이야기하기,5-7;8-10,박물관;미술관;고려궁박물관;목아박물관의;설립자이자;중형무형문화제;108호;목조각장;박찬수씨의;손길을;고스란히;느낄,고려궁박물관,사립,강원특별자치도 평창군 대관령면 올림픽로 1169,강원특별자치도 평창군 대관령면 용산리 649-1,033-336-1111,고려궁한옥호텔,,,10:00,18:00,10:00,18:00,연중무휴,0,0,0,,"목아박물관의 설립자이자, 중형무형문화제 108호 목조각장 박찬수씨의 손길을 고스란히 느낄 수 있습니다. 문화예술품들을 역사적으로 조망하며, 역사와 문화를 한눈에 볼 수 있는 전시도 기획하고 있음",발왕산 인근,033-330-2722,강원특별자치도 평창군청,2025-06-25,4281000,강원특별자치도 평창군
전국박물관미술관정보표준데이터,https://www.data.go.kr/data/15017323/standard.do,2025-07-01,place,남원향토박물관,공립,전북특별자치도 남원시,전북특별자치도 남원시 양림길 14-9,35.401464,127.386902,"남원 지역은 예로부터 역사와 전통이 깊은 고장으로 많은 문화유산과 민속자료가 산재해 있다. 오랜 역사를 증거 하는 고대시대의 출토유물, 광한루로 대표되는 수준 높았던 조선시대 양반 문화, 정유재란기 왜적에 대항했던 선열들의 정신과 흔적들이 있다. 또한 남원은 세계적 무형유산인 판소리의 고장이며 『춘향전』, 『흥부전』등 고전 문학의 산실이자 주요 배경지였다. 남원향토박물관은 산재해 있는 남원의 유형 · 무형의 많은 문화유산을 체계적으로 수집·보존·전시·연구하기 위해 설립되었다. 이러한 체계적 수집, 연구, 전시를 통해 인류의 문화 자산을 널리 인류와 함께 향유하며, 안으로는 지역의 정체성을 함양하여 애향심을 기르고, 밖으로는 남원의 문화를 선양하여 문화유산을 온전히 후손들에게 전하고자 한다. * 개관일 2004년 5월 1일",관람 전 예습 동화와 방문 후 기념 동화책 배경,전시실에서 마음에 드는 작품이나 물건을 찾아 가족과 이야기하기,5-7;8-10,박물관;미술관;남원향토박물관;남원;지역은;예로부터;역사와;전통이;깊은;고장으로;많은;문화유산과,남원향토박물관,공립,전북특별자치도 남원시 양림길 14-9,전북특별자치도 남원시 어현동 37-158,063-620-5798,전북특별자치도 남원시청,,물품보관소,09:00,18:00,09:00,18:00,월+1월 1일+설날+추석,0,0,0,춘향테마파크 안에 있어 추가로 3000원을 지불해야 함.,"남원 지역은 예로부터 역사와 전통이 깊은 고장으로 많은 문화유산과 민속자료가 산재해 있다. 오랜 역사를 증거 하는 고대시대의 출토유물, 광한루로 대표되는 수준 높았던 조선시대 양반 문화, 정유재란기 왜적에 대항했던 선열들의 정신과 흔적들이 있다. 또한 남원은 세계적 무형유산인 판소리의 고장이며 『춘향전』, 『흥부전』등 고전 문학의 산실이자 주요 배경지였다. 남원향토박물관은 산재해 있는 남원의 유형 · 무형의 많은 문화유산을 체계적으로 수집·보존·전시·연구하기 위해 설립되었다. 이러한 체계적 수집, 연구, 전시를 통해 인류의 문화 자산을 널리 인류와 함께 향유하며, 안으로는 지역의 정체성을 함양하여 애향심을 기르고, 밖으로는 남원의 문화를 선양하여 문화유산을 온전히 후손들에게 전하고자 한다. * 개관일 2004년 5월 1일",,063-620-5797,전북특별자치도 남원시청,2025-07-01,4701000,전북특별자치도 남원시
전국박물관미술관정보표준데이터,https://www.data.go.kr/data/15017323/standard.do,2025-06-17,place,의암류인석기념관,공립,강원특별자치도 춘천시,강원특별자치도 춘천시 남면 충효로 1503,37.74379653,127.5713889,개항기 항일의병투쟁을 주도하고 해외 독립군기지를 개척한 한말 지도자 의암 류인석 선생을 기리는 기념관,관람 전 예습 동화와 방문 후 기념 동화책 배경,전시실에서 마음에 드는 작품이나 물건을 찾아 가족과 이야기하기,5-7;8-10,박물관;미술관;의암류인석기념관;개항기;항일의병투쟁을;주도하고;해외;독립군기지를;개척한;한말;지도자;의암,의암류인석기념관,공립,강원특별자치도 춘천시 남면 충효로 1503,강원특별자치도 춘천시 남면 가정리 584-4,033-264-3980,의암류인석기념관,http://ryu.or.kr/,국궁장+의병수련원,09:00,18:00,09:00,18:00,월+1월 1일+설 당일+추석 당일,0,0,0,전부 무료,개항기 항일의병투쟁을 주도하고 해외 독립군기지를 개척한 한말 지도자 의암 류인석 선생을 기리는 기념관,"1) 시내버스:남면1 (강촌역 출발) : 06:50, 08:15, 15:55 /남면1 (중앙시장 출발) : 12:35, 16:55/남면3 (강촌역 출발) : 06:45, 08:35, 19:35/남면3 (중앙시장 출발) : 12:35, 16:55 ※ 중앙시장 → 의암기념관(50분 소요) ※ 강촌역 → 의암기념관(30분 소요) ※ 버스 운행 사정에 따라 시간 차이 있음 ※ 버스 문의 : 033-255-2431(춘천 봄봄 마을버스): 남면1, 남2) 지하철: 상봉역(경춘선) → 강촌역 입구 → 시내버스 (남면1, 남면3) → 의암류인석선생기념관",033-264-3980,의암류인석기념관,2025-06-17,4181000,강원특별자치도 춘천시
전국박물관미술관정보표준데이터,https://www.data.go.kr/data/15017323/standard.do,2025-06-17,place,애니메이션박물관,공립,강원특별자치도 춘천시,강원특별자치도 춘천시 서면 박사로 854,37.893020,127.691924,2003. 10. 1. 개관한 국내 유일의 애니메이션박물관으로 애니메이션 관람ㆍ제작 체험ㆍ촬영체험 등 다양한 체험이 가능,관람 전 예습 동화와 방문 후 기념 동화책 배경,전시실에서 마음에 드는 작품이나 물건을 찾아 가족과 이야기하기,5-7;8-10,박물관;미술관;애니메이션박물관;2003.;10.;1.;개관한;국내;유일의;애니메이션박물관으로;애니메이션;관람ㆍ제작,애니메이션박물관,공립,강원특별자치도 춘천시 서면 박사로 854,강원특별자치도 춘천시 서면 현암리 367-3,033-245-6470,(재)강원정보문화진흥원,http://www.gimc.or.kr+http://www.animationmuseum.com,뮤지엄샵+구름빵카페+캐릭터공원,10:00,18:00,10:00,18:00,"월(단,월요일이 공휴일인 경우 당일은 개관하고 다음날 정기휴관)+1월1일",7000,7000,7000,할인 대상[춘천시민+경로우대(65세 이상)+장애(4~6등급)+기초수급자]+무료[24개월 유아+장애인(1~3등급)+국가유공자(본인)+30인 이상 인솔자+자료 기증자 가족],2003. 10. 1. 개관한 국내 유일의 애니메이션박물관으로 애니메이션 관람ㆍ제작 체험ㆍ촬영체험 등 다양한 체험이 가능,"1)시외버스 : 동서울터미널-춘천시외버스터미널-서면1(서면103)+2)전철 : 춘천역(춘천농협 정류장)-서면4, 서면5+3)승용차  : 서울양양고속도로(강촌IC, 춘천IC, 남춘천IC), 일반도로(46번경춘국도-403번도로)",033-245-6470,(재)강원정보문화진흥원,2025-06-17,4181000,강원특별자치도 춘천시
전국박물관미술관정보표준데이터,https://www.data.go.kr/data/15017323/standard.do,2025-06-17,place,인형극박물관,공립,강원특별자치도 춘천시,강원특별자치도 춘천시 영서로 3017,37.921096,127.720105,국내외 200여점의 인형과 각종 인형극 관련 자료를 전시하고 있음,관람 전 예습 동화와 방문 후 기념 동화책 배경,전시실에서 마음에 드는 작품이나 물건을 찾아 가족과 이야기하기,5-7;8-10,박물관;미술관;인형극박물관;국내외;200여점의;인형과;각종;인형극;관련;자료를;전시하고;있음,인형극박물관,공립,강원특별자치도 춘천시 영서로 3017,강원특별자치도 춘천시 사농동 277-3,033-242-8452,(재)춘천인형극제,http://www.cocobau.com/,,10:00,18:00,10:00,18:00,월+1월 1일+설 당일+추석 당일+박물관 전시 교체 기간,2000,2000,2000,할인 대상[춘천시민+시내단체(20인 이상) : 1000원+시외단체(20인 이상) : 1500원]+무료(장애인+국가유공자+만 65세 이상+단체 인솔교사),국내외 200여점의 인형과 각종 인형극 관련 자료를 전시하고 있음,"1)대중교통 : 춘천역환승센터[2288] - 지선 12번 - 인형극장정류장 하차 / 춘천역 춘천농협정류장[1370] - 지선 9번 - 청소년수련원 정류장 하차 도보로 6분+2)승용차 : 서울양양고속도로(남춘천IC), 일반도로(46번경춘국도-403번도로)",033-242-8452,(재)춘천인형극제,2025-06-17,4181000,강원특별자치도 춘천시
전국박물관미술관정보표준데이터,https://www.data.go.kr/data/15017323/standard.do,2025-11-27,place,동의대학교 박물관,대학,부산광역시 부산진구,부산광역시 부산진구 엄광로 176,35.14432081,129.0363092,역사와 전통의 흐름 속에서 빛나는 가야문화를 간직하고 있는 동의대학교 박물관,관람 전 예습 동화와 방문 후 기념 동화책 배경,전시실에서 마음에 드는 작품이나 물건을 찾아 가족과 이야기하기,5-7;8-10,박물관;미술관;동의대학교;역사와;전통의;흐름;속에서;빛나는;가야문화를;간직하고;있는,동의대학교 박물관,대학,부산광역시 부산진구 엄광로 176,부산광역시 부산진구 가야동 464-121,051-890-1741,동의대학교 박물관,https://www.deu.ac.kr/www/deu-museum.do,주차+남/녀 화장실 구분,10:00,16:00,10:00,16:00,토+일+국경일+개교기념일,0,0,0,0,역사와 전통의 흐름 속에서 빛나는 가야문화를 간직하고 있는 동의대학교 박물관,"마을버스:부산진6-1,부산진9+지하철:2호선 동의대 5번 출구(도보19분)",051-890-1741,동의학원,2025-11-27,3290000,부산광역시 부산진구
전국박물관미술관정보표준데이터,https://www.data.go.kr/data/15017323/standard.do,2025-11-27,place,부산여대차박물관,대학,부산광역시 부산진구,부산광역시 부산진구 진남로 506,35.16923652,129.0720552,"문화재의 보존과 관리 및 전시, 차에 관한 유물구입 및 수집등을 통해 우리문화에 대한 가치와 이해를 높여 교수 및 학생에게 예절 인성 양성에 기여함을 목표로 한다.",관람 전 예습 동화와 방문 후 기념 동화책 배경,전시실에서 마음에 드는 작품이나 물건을 찾아 가족과 이야기하기,5-7;8-10,박물관;미술관;부산여대차박물관;문화재의;보존과;관리;및;전시;차에;관한;유물구입;수집등을,부산여대차박물관,대학,부산광역시 부산진구 진남로 506,부산광역시 부산진구 양정동 423-47,051-850-3112,부산여대차박물관,https://www.bwc.ac.kr/sch/sub02/sub0203_08.asp,없음,10:00,17:00,10:00,17:00,토+일+국경일+개교기념일,0,0,0,0,"문화재의 보존과 관리 및 전시, 차에 관한 유물구입 및 수집등을 통해 우리문화에 대한 가치와 이해를 높여 교수 및 학생에게 예절 인성 양성에 기여함을 목표로 한다.","마을버스:부산진11,부산진12-1+지하철:1호선 양정역 2번출구(도보10분)",051-850-3112,혜화학원,2025-11-27,3290000,부산광역시 부산진구
전국박물관미술관정보표준데이터,https://www.data.go.kr/data/15017323/standard.do,2025-11-27,place,KT&G상상마당부산미술관,사립,부산광역시 부산진구,부산광역시 부산진구 서면로 39,35.154278,129.0573028,2021년 개관,관람 전 예습 동화와 방문 후 기념 동화책 배경,전시실에서 마음에 드는 작품이나 물건을 찾아 가족과 이야기하기,5-7;8-10,박물관;미술관;KT&G상상마당부산미술관;2021년;개관,KT&G상상마당부산미술관,사립,부산광역시 부산진구 서면로 39,부산광역시 부산진구 부전동 521-1,051-809-5555,KT&G상상마당부산미술관,https://www.sangsangmadang.com/main/BS,주차+남/녀 화장실 구분,11:00,20:00,11:00,20:00,1월1일+추석 당일+설 당일,15000,12000,12000,단체할인(20)+국가유공자/장애인/경로우대,2021년 개관,"버스:10,29,43,52,57,86+지하철: 1호선 서면역 1번출구(도보555m)",051-809-5555,주식회사케이티앤지,2025-11-27,3290000,부산광역시 부산진구
전국박물관미술관정보표준데이터,https://www.data.go.kr/data/15017323/standard.do,2025-11-20,place,강화역사박물관,공립,인천광역시 강화군,인천광역시 강화군 하점면 강화대로 994-19,37.77370952,126.4353365,세계문화유산으로 지정된 사적 제137호 강화부근리 지석묘 앞에 위치한 강화역사박물관은 오천년 역사의 문화를 자랑하는 문화유산을 보존 · 활용하기 위한 조사연구 및 전시교육 활동을 하고 있습니다.,관람 전 예습 동화와 방문 후 기념 동화책 배경,전시실에서 마음에 드는 작품이나 물건을 찾아 가족과 이야기하기,5-7;8-10,박물관;미술관;강화역사박물관;세계문화유산으로;지정된;사적;제137호;강화부근리;지석묘;앞에;위치한;강화역사박물관은,강화역사박물관,공립,인천광역시 강화군 하점면 강화대로 994-19,인천광역시 강화군 하점면 부근리 350-4,032-930-7084,인천광역시 강화군청 문화재과,http://www.ganghwa.go.kr/open_content/museum_history/,,09:00,18:00,09:00,18:00,월+1월1일+설당일+추석당일,3000,2000,2000,무료(강화군민+국가유공자 및 그 가족+장애인 및 동반 보호자 1명+기증기탁자 등),세계문화유산으로 지정된 사적 제137호 강화부근리 지석묘 앞에 위치한 강화역사박물관은 오천년 역사의 문화를 자랑하는 문화유산을 보존 · 활용하기 위한 조사연구 및 전시교육 활동을 하고 있습니다.,시내버스+ 군내버스+ 자가용이용,032-390-3114,인천광역시 강화군청,2025-11-20,3570000,인천광역시 강화군
전국박물관미술관정보표준데이터,https://www.data.go.kr/data/15017323/standard.do,2025-11-01,place,서울역사박물관,공립,서울특별시 종로구,서울특별시 종로구 새문안로 55(신문로2가),37.57176907,126.9679849,서울역사박물관을(를) 배경으로 관람 전후 동화를 만들 수 있다.,관람 전 예습 동화와 방문 후 기념 동화책 배경,전시실에서 마음에 드는 작품이나 물건을 찾아 가족과 이야기하기,5-7;8-10,박물관;미술관;서울역사박물관,서울역사박물관,공립,서울특별시 종로구 새문안로 55(신문로2가),,02-724-0274,서울역사박물관,https://museum.seoul.go.kr/,,09:00,20:00,09:00,19:00,1월 1일+매주 월요일,0,0,0,,,,02-724-0274,서울특별시,2025-11-01,3000000,서울특별시 종로구
전국박물관미술관정보표준데이터,https://www.data.go.kr/data/15017323/standard.do,2024-06-11,place,충현박물관,사립,경기도 광명시,경기도 광명시 오리로347번길 5-6,37.4339273,126.8777258,조선시대 청백리 오리이원익 종가박물관,관람 전 예습 동화와 방문 후 기념 동화책 배경,전시실에서 마음에 드는 작품이나 물건을 찾아 가족과 이야기하기,5-7;8-10,박물관;미술관;충현박물관;조선시대;청백리;오리이원익;종가박물관,충현박물관,사립,경기도 광명시 오리로347번길 5-6,경기도 광명시 소하동 1084,02-898-0505,충현문화재단,http://www.chunghyeon.org/,,10:00,17:00,10:00,17:00,월+설 연휴+추석 연휴+12~2월,10000,5000,5000,(일반)7000원(성인단체+65세이상+장애인+참전용사(단체포함))+광명시민 5000원(성인+군인(단체포함)+65세이상+장애인+참전용사(단체포함))+4000원(청소년+군인(단체포함)),조선시대 청백리 오리이원익 종가박물관,버스 : 2+3+11-2+12+17+22+75+77+505+5627+5633 소하2동 행정복지센터 광명동굴길입구 하차,02-898-0505,경기도 광명시 충현문화재단,2024-06-11,3900000,경기도 광명시
전국박물관미술관정보표준데이터,https://www.data.go.kr/data/15017323/standard.do,2025-07-11,place,고성박물관,공립,경상남도 고성군,경상남도 고성군 고성읍 송학로 113번길 50,34.97937123,128.3210129,"2012년 개관한 고성의 대표역사박물관으로써 사적 제119호 고성 송학동고분군 발굴조사성과로 건립. 옛 소가야의 고도인 고성의 역사,문화와 관련된 자료를 수집, 조사 연구하여 전시, 교육을 통해 지역민들에게 제공함",관람 전 예습 동화와 방문 후 기념 동화책 배경,전시실에서 마음에 드는 작품이나 물건을 찾아 가족과 이야기하기,5-7;8-10,박물관;미술관;고성박물관;2012년;개관한;고성의;대표역사박물관으로써;사적;제119호;고성;송학동고분군;발굴조사성과로,고성박물관,공립,경상남도 고성군 고성읍 송학로 113번길 50,경상남도 고성군 고성읍 송학리 475-1,055-670-5822,경상남도 고성군,https://www.goseong.go.kr/tour/,화장실+주차장,09:00,18:00,09:00,18:00,"월(단, 월요일이 공휴일일 경우 화요일 휴관)+1월 1일+설날 당일+추석 당일",0,0,0,0,"2012년 개관한 고성의 대표역사박물관으로써 사적 제119호 고성 송학동고분군 발굴조사성과로 건립. 옛 소가야의 고도인 고성의 역사,문화와 관련된 자료를 수집, 조사 연구하여 전시, 교육을 통해 지역민들에게 제공함",고성터미널에서 도보 10분,055-670-5822,경상남도 고성군,2025-07-11,5420000,경상남도 고성군
전국박물관미술관정보표준데이터,https://www.data.go.kr/data/15017323/standard.do,2025-07-11,place,고성공룡박물관,공립,경상남도 고성군,경상남도 고성군 하이면 자란만로 618,34.90809866,128.148669,한려수도의 중앙부인 상족암군립공원에 위치하여 국내 최초의 공룡전문박물관으로서 여러 종류의 공룡화석과 실제 공룡발자국을 만날 수 있는 곳,관람 전 예습 동화와 방문 후 기념 동화책 배경,전시실에서 마음에 드는 작품이나 물건을 찾아 가족과 이야기하기,5-7;8-10,박물관;미술관;고성공룡박물관;한려수도의;중앙부인;상족암군립공원에;위치하여;국내;최초의;공룡전문박물관으로서;여러;종류의,고성공룡박물관,공립,경상남도 고성군 하이면 자란만로 618,경상남도 고성군 하이면 덕명리 85-2,055-670-4451,경상남도 고성군,https://www.goseong.go.kr/tour/,"체험장, 카페, 식당, 매점",09:00,18:00,09:00,18:00,"월(단, 월요일이 공휴일일 경우 그 다음날 평일 휴관)+1월 1일+설날 당일+추석 당일",3000,2000,1500,"30인 이상 단체할인(500원) , 65세이상 3세미만 무료, 국가유공자 및 장애인 무료, 고성군민(어른: 3,000원, 청소년, 군인(직업군인 제외), 어린이: 500원), 주차료 별도",한려수도의 중앙부인 상족암군립공원에 위치하여 국내 최초의 공룡전문박물관으로서 여러 종류의 공룡화석과 실제 공룡발자국을 만날 수 있는 곳,,055-670-4451,경상남도 고성군,2025-07-11,5420000,경상남도 고성군
전국박물관미술관정보표준데이터,https://www.data.go.kr/data/15017323/standard.do,2025-07-10,place,해남공룡박물관,공립,전라남도 해남군,전라남도 해남군 황산면 공룡박물관길 234,34.58908375,126.4428347,"세계 최초로 익룡, 공룡, 새 발자국이 동일 지층에서 발견 된 세계적으로 유명한 공룡 화석지",관람 전 예습 동화와 방문 후 기념 동화책 배경,전시실에서 마음에 드는 작품이나 물건을 찾아 가족과 이야기하기,5-7;8-10,박물관;미술관;해남공룡박물관;세계;최초로;익룡;공룡;새;발자국이;동일;지층에서;발견,해남공룡박물관,공립,전라남도 해남군 황산면 공룡박물관길 234,전라남도 해남군 황산면 우항리 191,061-530-5949,전라남도 해남군,http://uhangridinopia.haenam.go.kr/,전시실+도서실+식당+게임랜드+포토존,09:00,18:00,09:00,18:00,"월요일+매일 개관(7, 8월)",5000,4000,3000,입장료의 50를 해남사랑상품권으로 환급,"세계 최초로 익룡, 공룡, 새 발자국이 동일 지층에서 발견 된 세계적으로 유명한 공룡 화석지",,061-530-5949,전라남도 해남군,2025-07-10,4930000,전라남도 해남군
전국박물관미술관정보표준데이터,https://www.data.go.kr/data/15017323/standard.do,2025-07-10,place,고산윤선도박물관,공립,전라남도 해남군,전라남도 해남군 해남읍 녹우당길 130,34.54972105,126.6208358,조선조의 문신이자 국문학의 최고봉으로 손꼽히며 시조시인으로 일컫는 고산 윤선도(1587~1671) 선생의 유적지,관람 전 예습 동화와 방문 후 기념 동화책 배경,전시실에서 마음에 드는 작품이나 물건을 찾아 가족과 이야기하기,5-7;8-10,박물관;미술관;고산윤선도박물관;조선조의;문신이자;국문학의;최고봉으로;손꼽히며;시조시인으로;일컫는;고산;윤선도(1587~1671),고산윤선도박물관,공립,전라남도 해남군 해남읍 녹우당길 130,전라남도 해남군 해남읍 연동리 102-1,061-530-5548,전라남도 해남군,http://gosan.haenam.go.kr,전시실+녹우당,09:00,18:00,09:00,18:00,월요일,0,0,0,,조선조의 문신이자 국문학의 최고봉으로 손꼽히며 시조시인으로 일컫는 고산 윤선도(1587~1671) 선생의 유적지,,061-530-5548,전라남도 해남군,2025-07-10,4930000,전라남도 해남군
전국박물관미술관정보표준데이터,https://www.data.go.kr/data/15017323/standard.do,2022-10-31,place,부산광역시립미술관,공립,부산광역시 해운대구,부산광역시 해운대구 APEC로 55,35.1690637154,129.1360182683,부산의 대표적인 미술문화공간,관람 전 예습 동화와 방문 후 기념 동화책 배경,전시실에서 마음에 드는 작품이나 물건을 찾아 가족과 이야기하기,5-7;8-10,박물관;미술관;부산광역시립미술관;부산의;대표적인;미술문화공간,부산광역시립미술관,공립,부산광역시 해운대구 APEC로 55,부산광역시 해운대구 우동 1413,051-744-2602,부산시립미술관 관리팀,https://art.busan.go.kr/,도서자료실+수유실+카페테리아+아트샵,10:00,18:00,10:00,18:00,"1월 1일, 매주 월요일(월요일이 휴일인 경우, 화요일)",0,0,0,"본관은 무료, 이우환공간 유료",부산의 대표적인 미술문화공간,"도시철도 2호선 벡스코(시립미술관)역 5번출구, 버스 31, 39, 40, 63 등",051-744-2602,부산시립미술관,2022-10-31,6260000,부산광역시
전국박물관미술관정보표준데이터,https://www.data.go.kr/data/15017323/standard.do,2022-10-31,place,부산현대미술관,공립,부산광역시 사하구,부산광역시 사하구 낙동남로 1191(하단동),35.1093319279,128.9426935670,2018년 6월 15일 개관동시대 미술을 중심으로 하는 공립미술관,관람 전 예습 동화와 방문 후 기념 동화책 배경,전시실에서 마음에 드는 작품이나 물건을 찾아 가족과 이야기하기,5-7;8-10,박물관;미술관;부산현대미술관;2018년;6월;15일;개관동시대;미술을;중심으로;하는;공립미술관,부산현대미술관,공립,부산광역시 사하구 낙동남로 1191(하단동),부산광역시 사하구 하단동 1149-37,051-220-7400,부산현대미술관 관리팀,https://www.busan.go.kr/moca,갤러리카페+아트숍+모카이브+책그림섬+교육실+수유실,10:00,18:00,10:00,18:00,1.1 휴관매주 월요일 휴관,0,0,0,부산광역시립미술관 및 부산현대미술관 운영조례 제5조에 따름,2018년 6월 15일 개관동시대 미술을 중심으로 하는 공립미술관,"지하철, 버스 등홈페이지 참조",051-220-7400,부산현대미술관,2022-10-31,6260000,부산광역시
전국박물관미술관정보표준데이터,https://www.data.go.kr/data/15017323/standard.do,2022-10-31,place,부산광역시 해양자연사박물관,공립,부산광역시 동래구,부산광역시 동래구 우장춘로 175(온천동),35.2219601060,129.0756475514,"해양자연사분야의 전문박물관으로 사라져가는 다양한 해양자연사자료를 수집, 보존, 전시함으로써 해양에대한 이해와 관심의 기회를 제공",관람 전 예습 동화와 방문 후 기념 동화책 배경,전시실에서 마음에 드는 작품이나 물건을 찾아 가족과 이야기하기,5-7;8-10,박물관;미술관;부산광역시;해양자연사박물관;해양자연사분야의;전문박물관으로;사라져가는;다양한;해양자연사자료를;수집;보존;전시함으로써,부산광역시 해양자연사박물관,공립,부산광역시 동래구 우장춘로 175(온천동),,051-553-4944,부산광역시 해양자연사박물관 관리팀,https://www.busan.go.kr/sea/index,교육실+수유실,09:00,18:00,09:00,18:00,"1월 1일, 매주 월요일(월요일이 휴일인 경우, 화요일)",0,0,0,,"해양자연사분야의 전문박물관으로 사라져가는 다양한 해양자연사자료를 수집, 보존, 전시함으로써 해양에대한 이해와 관심의 기회를 제공","지하철, 버스 등 홈페이지 참조",051-553-4944,부산광역시 해양자연사박물관,2022-10-31,6260000,부산광역시
전국박물관미술관정보표준데이터,https://www.data.go.kr/data/15017323/standard.do,2022-10-31,place,부산광역시립미술관,공립,부산광역시 해운대구,부산광역시 해운대구 APEC로 55,35.1690637154,129.1360182683,부산의 대표적인 미술문화공간,관람 전 예습 동화와 방문 후 기념 동화책 배경,전시실에서 마음에 드는 작품이나 물건을 찾아 가족과 이야기하기,5-7;8-10,박물관;미술관;부산광역시립미술관;부산의;대표적인;미술문화공간,부산광역시립미술관,공립,부산광역시 해운대구 APEC로 55,부산광역시 해운대구 우동 1413,051-744-2602,부산시립미술관 관리팀,https://art.busan.go.kr/,도서자료실+수유실+카페테리아+아트샵,10:00,18:00,10:00,18:00,"1월 1일, 매주 월요일(월요일이 휴일인 경우, 화요일)",0,0,0,"본관은 무료, 이우환공간 유료",부산의 대표적인 미술문화공간,"도시철도 2호선 벡스코(시립미술관)역 5번출구, 버스 31, 39, 40, 63 등",051-744-2602,부산시립미술관,2022-10-31,6260000,부산광역시
전국박물관미술관정보표준데이터,https://www.data.go.kr/data/15017323/standard.do,2022-10-31,place,부산현대미술관,공립,부산광역시 사하구,부산광역시 사하구 낙동남로 1191(하단동),35.1093319279,128.9426935670,2018년 6월 15일 개관동시대 미술을 중심으로 하는 공립미술관,관람 전 예습 동화와 방문 후 기념 동화책 배경,전시실에서 마음에 드는 작품이나 물건을 찾아 가족과 이야기하기,5-7;8-10,박물관;미술관;부산현대미술관;2018년;6월;15일;개관동시대;미술을;중심으로;하는;공립미술관,부산현대미술관,공립,부산광역시 사하구 낙동남로 1191(하단동),부산광역시 사하구 하단동 1149-37,051-220-7400,부산현대미술관 관리팀,https://www.busan.go.kr/moca,갤러리카페+아트숍+모카이브+책그림섬+교육실+수유실,10:00,18:00,10:00,18:00,1.1 휴관매주 월요일 휴관,0,0,0,부산광역시립미술관 및 부산현대미술관 운영조례 제5조에 따름,2018년 6월 15일 개관동시대 미술을 중심으로 하는 공립미술관,"지하철, 버스 등홈페이지 참조",051-220-7400,부산현대미술관,2022-10-31,6260000,부산광역시
전국박물관미술관정보표준데이터,https://www.data.go.kr/data/15017323/standard.do,2022-10-31,place,부산박물관,공립,부산광역시 남구,부산광역시 남구 유엔평화로 63(대연동),35.12955255,129.0929379,부산의 대표적인 박물관,관람 전 예습 동화와 방문 후 기념 동화책 배경,전시실에서 마음에 드는 작품이나 물건을 찾아 가족과 이야기하기,5-7;8-10,박물관;미술관;부산박물관;부산의;대표적인,부산박물관,공립,부산광역시 남구 유엔평화로 63(대연동),부산광역시 남구 대연동 948-1,051-610-7111,부산박물관 관리팀,https://museum.busan.go.kr/busan/index,문헌자료실+수유실,09:00,18:00,09:00,18:00,1.1 휴관매주 월요일 휴관,0,0,0,부산광역시립박물관 운영 조례 제5조에 따름,부산의 대표적인 박물관,"지하철, 버스 등홈페이지 참조",051-610-7111,부산시립박물관,2022-10-31,6260000,부산광역시
전국박물관미술관정보표준데이터,https://www.data.go.kr/data/15017323/standard.do,2025-02-11,place,교동미술관,사립,전북특별자치도 전주시,전북특별자치도 전주시 완산구 경기전길 89,35.815487,127.1511349,교동미술관을(를) 배경으로 관람 전후 동화를 만들 수 있다.,관람 전 예습 동화와 방문 후 기념 동화책 배경,전시실에서 마음에 드는 작품이나 물건을 찾아 가족과 이야기하기,5-7;8-10,박물관;미술관;교동미술관,교동미술관,사립,전북특별자치도 전주시 완산구 경기전길 89,전북특별자치도 전주시 완산구 풍남동3가 67-9,063-287-1244,교동아트미술관,http://www.gdart.co.kr,아트샵+갤러리카페(2층),10:00,18:00,10:00,18:00,월+신정+설날 당일+추석 당일,0,0,0,,,,063-281-2682,전북특별자치도 전주시청,2025-02-11,4641000,전북특별자치도 전주시
전국박물관미술관정보표준데이터,https://www.data.go.kr/data/15017323/standard.do,2025-02-11,place,국립전주박물관,국립,전북특별자치도 전주시,전북특별자치도 전주시 완산구 쑥고개로 249,35.80103866,127.0883735,국립전주박물관을(를) 배경으로 관람 전후 동화를 만들 수 있다.,관람 전 예습 동화와 방문 후 기념 동화책 배경,전시실에서 마음에 드는 작품이나 물건을 찾아 가족과 이야기하기,5-7;8-10,박물관;미술관;국립전주박물관,국립전주박물관,국립,전북특별자치도 전주시 완산구 쑥고개로 249,전북특별자치도 전주시 완산구 효자동2가 900,063-223-5651,문화체육관광부,http://jeonju.museum.go.kr,뮤지엄샵+문화사랑방+아기방+강당+세미나실+카페,09:00,17:30,09:00,18:30,셋째 주 월(어린이박물관)+신정+설날 당일+추석 당일,0,0,0,,,,063-223-5651,문화체육관광부,2025-02-11,4641000,전북특별자치도 전주시
전국박물관미술관정보표준데이터,https://www.data.go.kr/data/15017323/standard.do,2025-02-11,place,누벨백미술관,사립,전북특별자치도 전주시,전북특별자치도 전주시 완산구 홍산북로 29-5,35.81789497,127.1049483,누벨백미술관을(를) 배경으로 관람 전후 동화를 만들 수 있다.,관람 전 예습 동화와 방문 후 기념 동화책 배경,전시실에서 마음에 드는 작품이나 물건을 찾아 가족과 이야기하기,5-7;8-10,박물관;미술관;누벨백미술관,누벨백미술관,사립,전북특별자치도 전주시 완산구 홍산북로 29-5,전북특별자치도 전주시 완산구 효자동2가 1231-5,063-222-7235,누벨백미술관,https://blog.naver.com/pointpark90,아트샵+주차장,10:00,18:00,00:00,00:00,월+일+법정공휴일,0,0,0,,,,063-281-2682,전북특별자치도 전주시청,2025-02-11,4641000,전북특별자치도 전주시
전국박물관미술관정보표준데이터,https://www.data.go.kr/data/15017323/standard.do,2025-02-11,place,뜻밖의미술관,공립,전북특별자치도 전주시,전북특별자치도 전주시 완산구 물왕멀2길 3-6,35.8263036,127.1471796,뜻밖의미술관을(를) 배경으로 관람 전후 동화를 만들 수 있다.,관람 전 예습 동화와 방문 후 기념 동화책 배경,전시실에서 마음에 드는 작품이나 물건을 찾아 가족과 이야기하기,5-7;8-10,박물관;미술관;뜻밖의미술관,뜻밖의미술관,공립,전북특별자치도 전주시 완산구 물왕멀2길 3-6,전북특별자치도 전주시 완산구 서노송동 696-15,063-281-2682,전북특별자치도 전주시청,,,09:00,18:00,09:00,18:00,법정공휴일,0,0,0,,,,063-281-2682,전북특별자치도 전주시청 문화정책과,2025-02-11,4641000,전북특별자치도 전주시
전국박물관미술관정보표준데이터,https://www.data.go.kr/data/15017323/standard.do,2023-11-15,place,죽포미술관,사립,경기도 여주시,경기도 여주시 산북면 고촌길 26-10,37.41003128,127.4426394,국제 미술속에서 한국 미술의 위상과 창조적 전략 기지로서의 기능과 역할을 수행하기 위해 건립되었다.,관람 전 예습 동화와 방문 후 기념 동화책 배경,전시실에서 마음에 드는 작품이나 물건을 찾아 가족과 이야기하기,5-7;8-10,박물관;미술관;죽포미술관;국제;미술속에서;한국;미술의;위상과;창조적;전략;기지로서의;기능과,죽포미술관,사립,경기도 여주시 산북면 고촌길 26-10,경기도 여주시 산북면 명품리 268,031-881-5905,죽포미술관,http://www.jpmuseum.co.kr/,,10:00,17:00,10:00,17:00,1월전체+2월전체,0,0,0,,국제 미술속에서 한국 미술의 위상과 창조적 전략 기지로서의 기능과 역할을 수행하기 위해 건립되었다.,중부고속도로 곤지암IC → 98번국도(양평방면 14km) → 상품사거리,031-881-5905,경기도 여주시청,2023-11-15,5700000,경기도 여주시
전국박물관미술관정보표준데이터,https://www.data.go.kr/data/15017323/standard.do,2023-11-15,place,여주곤충박물관,사립,경기도 여주시,경기도 여주시 명성로 114-146,37.25955987,127.6633506,곤충의 생태를 표본이나 실물을 통해 직접 눈으로 보고 만지며 느낄 수 있는 공간이다.,관람 전 예습 동화와 방문 후 기념 동화책 배경,전시실에서 마음에 드는 작품이나 물건을 찾아 가족과 이야기하기,5-7;8-10,박물관;미술관;여주곤충박물관;곤충의;생태를;표본이나;실물을;통해;직접;눈으로;보고;만지며,여주곤충박물관,사립,경기도 여주시 명성로 114-146,경기도 여주시 능현동 166,031-885-1400,여주곤충박물관,http://www.여주곤충박물관.kr,수유실+장애인화장실+휴게공간+장애인주차구역,10:00,17:00,10:00,18:00,월요일+추석당일+설날전일+설날당일,9000,9000,9000,여주시민할인 2000원+65세이상할인 2000원+30개월미만·지체장애1·2급 무료,곤충의 생태를 표본이나 실물을 통해 직접 눈으로 보고 만지며 느낄 수 있는 공간이다.,여주 IC→명성황후생가입구 명성교차로→명성로(강변유원지 방향 450m)→황후교 사거리→우회전→곤충박물관,031-885-1400,경기도 여주시청,2023-11-15,5700000,경기도 여주시
전국박물관미술관정보표준데이터,https://www.data.go.kr/data/15017323/standard.do,2023-11-15,place,청학(옹청)박물관,사립,경기도 여주시,경기도 여주시 산북면 금품2로 132,37.38943856,127.4481509,"옹청 박물관은 전통문화 예술의 계승·발전을 통해 한민족의 혼과 얼을 심화·고양하며, 한국적이고 그리스도적인 예술치유를 통해 생명의 문화를 구현하려 한다.",관람 전 예습 동화와 방문 후 기념 동화책 배경,전시실에서 마음에 드는 작품이나 물건을 찾아 가족과 이야기하기,5-7;8-10,박물관;미술관;청학(옹청)박물관;옹청;박물관은;전통문화;예술의;계승·발전을;통해;한민족의;혼과;얼을,청학(옹청)박물관,사립,경기도 여주시 산북면 금품2로 132,경기도 여주시 산북면 송현리 292,031-881-4157,청학(옹청)박물관,,교육실,09:00,13:00,00:00,00:00,토요일+일요일+월요일+공휴일,0,0,0,,"옹청 박물관은 전통문화 예술의 계승·발전을 통해 한민족의 혼과 얼을 심화·고양하며, 한국적이고 그리스도적인 예술치유를 통해 생명의 문화를 구현하려 한다.","광주원주고속도로 동곤지암 IC  → 양평방면좌회전, 광여로 → 산북면삼거리(여주이포보방면 오른쪽 2시방향) → 상품, 전원주택(옹청박물관)",031-811-4157,경기도 여주시청,2023-11-15,5700000,경기도 여주시
전국박물관미술관정보표준데이터,https://www.data.go.kr/data/15017323/standard.do,2023-11-15,place,여주미술관,사립,경기도 여주시,경기도 여주시 세종로 394-36,37.2647726,127.637079,2019년 개관하여 시민들이 일상속에서 미술을 친근하고 편안하게 접할 수 있는 공간. 미술관에는 설립자이자 작가로 활동중인 박해룡의 작품들과 그동안 수집한 미술 작품들 700점을 상시로 전시한 공간이다.,관람 전 예습 동화와 방문 후 기념 동화책 배경,전시실에서 마음에 드는 작품이나 물건을 찾아 가족과 이야기하기,5-7;8-10,박물관;미술관;여주미술관;2019년;개관하여;시민들이;일상속에서;미술을;친근하고;편안하게;접할;수,여주미술관,사립,경기도 여주시 세종로 394-36,경기도 여주시 점봉동 430-40,031-884-8803,여주미술관,http://yeojuartmuseum.com/wp/,a Book Museum+카페,12:00,18:00,12:00,18:00,월요일+화요일,5000,4000,3000,,2019년 개관하여 시민들이 일상속에서 미술을 친근하고 편안하게 접할 수 있는 공간. 미술관에는 설립자이자 작가로 활동중인 박해룡의 작품들과 그동안 수집한 미술 작품들 700점을 상시로 전시한 공간이다.,여주톨게이트→여주대학교 방면→코카콜라 사거리에서 좌회전→첫 번째 골목에서 우회전,031-884-8803,경기도 여주시청,2023-11-15,5700000,경기도 여주시
전국박물관미술관정보표준데이터,https://www.data.go.kr/data/15017323/standard.do,2023-01-11,place,한성백제박물관,공립,서울특별시 송파구,"서울특별시 송파구 위례성대로71, 한성백제박물관",37.51542872,127.1208007,한성백제 박물관은 서울시 송파구의 고대역사 유적지에 건립된 박물관으로 고대 역사와 문화를 연구하여 알리고자 설립되었다,관람 전 예습 동화와 방문 후 기념 동화책 배경,전시실에서 마음에 드는 작품이나 물건을 찾아 가족과 이야기하기,5-7;8-10,박물관;미술관;한성백제박물관;한성백제;박물관은;서울시;송파구의;고대역사;유적지에;건립된;박물관으로;고대,한성백제박물관,공립,"서울특별시 송파구 위례성대로71, 한성백제박물관",서울특별시 송파구 방이동 88-20,02-2152-5800,서울특별시,http://baekjemuseum.seoul.go.kr,박물관,09:00,19:00,09:00,19:00,월(공휴일인 경우 휴관하지 않음)+1월 1일+시장이 정하는 휴관일(관장에게 위임),0,0,0,상설전시실 무료 (특별·기획전시는 유료로 진행될 수 있음),한성백제 박물관은 서울시 송파구의 고대역사 유적지에 건립된 박물관으로 고대 역사와 문화를 연구하여 알리고자 설립되었다,지하철 :8호선 몽촌토성역 1번 출구에서 남2문 방향으로 650m (도보10~15분)           5호선 올림픽공원역 3번 출구에서 남2문 방향으로 1km(도보15~20분)버스 : 올림픽공원역 방향에서 오실 때 30-5+3412+3413 한성백제박물관 하차         몽촌토성역 방향에서 오실 때 30+30-5+3412+3413 올림픽베어스타운 하차         방이동사거리 방향에서 오실 때 3216+3414 한성백제박물관 하차자가용 : 잠실+풍납동 방면에서 오실 때 (남2문앞에서 유턴 후 250m에서 진입)       둔촌동+오금동 방면에서 오실 때 (남2문에서 남3문방향으로 250m에서 진입),02-2152-5800,서울특별시,2023-01-11,3230000,서울특별시 송파구
전국박물관미술관정보표준데이터,https://www.data.go.kr/data/15017323/standard.do,2023-01-11,place,몽촌역사관,공립,서울특별시 송파구,서울특별시 송파구 올림픽로 424,37.5203397,127.1155179,청동기시대 움집·백제의 도읍이었던 풍납토성과 몽촌토성·삼국시대 고분군 등 문화유적과 유물을 주로 전시하고 있어 서울의 역사와 문화를 몸소 느끼고 체험할 수 있답니다.특히 몽촌역사관에서는 어린이들을 대상으로 한 다채로운 교육프로그램 및 문화행사를 운영하고 있습니다.,관람 전 예습 동화와 방문 후 기념 동화책 배경,전시실에서 마음에 드는 작품이나 물건을 찾아 가족과 이야기하기,5-7;8-10,박물관;미술관;몽촌역사관;청동기시대;움집·백제의;도읍이었던;풍납토성과;몽촌토성·삼국시대;고분군;등;문화유적과;유물을,몽촌역사관,공립,서울특별시 송파구 올림픽로 424,서울특별시 송파구 방이동 88,02-2152-5900,서울특별시,http://baekjemuseum.seoul.go.kr,역사관,09:00,18:00,09:00,18:00,월+1월 1일,0,0,0,,청동기시대 움집·백제의 도읍이었던 풍납토성과 몽촌토성·삼국시대 고분군 등 문화유적과 유물을 주로 전시하고 있어 서울의 역사와 문화를 몸소 느끼고 체험할 수 있답니다.특히 몽촌역사관에서는 어린이들을 대상으로 한 다채로운 교육프로그램 및 문화행사를 운영하고 있습니다.,지하철 8호선 - 몽촌토성역 1번 출구 하차. 평화의 문 안으로 들어와서 도보로 20분,02-2152-5900,서울특별시,2023-01-11,3230000,서울특별시 송파구
전국박물관미술관정보표준데이터,https://www.data.go.kr/data/15017323/standard.do,2023-01-11,place,롯데월드아쿠아리움,사립,서울특별시 송파구,서울특별시 송파구 올림픽로300,37.51375196,127.1044469,"사람과 자연이 꿈꾸는 바다를 매개원으로 하는 사람과 자연이 더불어 사는 즐거운 세상을 꿈꾸는 롯데월드 아쿠아리움. 깊고 드넓은 해양 생태계 그대로를 재현하겠다는 신념과 고집으로 지금까지의 아쿠아리움에 대한모든 기준을 버리고 해양생물의 입장이 되어, 당신의 입장이 되어 원점에서부터 시작합니다",관람 전 예습 동화와 방문 후 기념 동화책 배경,전시실에서 마음에 드는 작품이나 물건을 찾아 가족과 이야기하기,5-7;8-10,박물관;미술관;롯데월드아쿠아리움;사람과;자연이;꿈꾸는;바다를;매개원으로;하는;더불어;사는;즐거운,롯데월드아쿠아리움,사립,서울특별시 송파구 올림픽로300,서울특별시 송파구 신천동 29,1661-2000,㈜롯데호텔,http://www.lotteworld.com,놀이시설,10:00,22:00,10:00,22:00,연중무휴,29000,27000,25000,연간이용권 어른및 청소년 : 90000원+어린이 : 70000원(1년간 자유임장),"사람과 자연이 꿈꾸는 바다를 매개원으로 하는 사람과 자연이 더불어 사는 즐거운 세상을 꿈꾸는 롯데월드 아쿠아리움. 깊고 드넓은 해양 생태계 그대로를 재현하겠다는 신념과 고집으로 지금까지의 아쿠아리움에 대한모든 기준을 버리고 해양생물의 입장이 되어, 당신의 입장이 되어 원점에서부터 시작합니다","버스지선버스지선버스 3217번+3313번+3314번+3315번+3317번+3411번+3414번+4319번급행열차급행열차 1007-1번+1100번+1700번+2000번+6900번+7007번+8001번간선버스간선버스 301번+341번+360번+362번공항버스공항버스 6000번+6006번+6705번+6706A번지하철 2호선 잠실역 4번출구 하차,",1661-2000,㈜롯데호텔,2023-01-11,3230000,서울특별시 송파구
전국박물관미술관정보표준데이터,https://www.data.go.kr/data/15017323/standard.do,2023-01-11,place,롯데뮤지엄,사립,서울특별시 송파구,서울특별시 송파구 올림픽로 300,37.51375196,127.1044469,현대미술 작품전시,관람 전 예습 동화와 방문 후 기념 동화책 배경,전시실에서 마음에 드는 작품이나 물건을 찾아 가족과 이야기하기,5-7;8-10,박물관;미술관;롯데뮤지엄;현대미술;작품전시,롯데뮤지엄,사립,서울특별시 송파구 올림픽로 300,서울특별시 송파구 신천동 29,02-3213-1132,㈜롯데호텔,,미술관,10:30,20:00,10:30,20:00,전시별상이,13000,10000,7000,,현대미술 작품전시,"버스지선버스지선버스 3217번+3313번+3314번+3315번+3317번+3411번+3414번+4319번급행열차급행열차 1007-1번+1100번+1700번+2000번+6900번+7007번+8001번간선버스간선버스 301번+341번+360번+362번공항버스공항버스 6000번+6006번+6705번+6706A번지하철 2호선 잠실역 4번출구 하차,",02-3213-1132,㈜롯데호텔,2023-01-11,3230000,서울특별시 송파구
전국박물관미술관정보표준데이터,https://www.data.go.kr/data/15017323/standard.do,2023-01-11,place,송파책박물관,공립,서울특별시 송파구,서울특별시 송파구 송파대로37길 77,37.49888418,127.1043834,"전국 최초 공립 책박물관으로, 높아지는 문화수요를 충당하는 송파의 대표적 복합문화공간입니다.",관람 전 예습 동화와 방문 후 기념 동화책 배경,전시실에서 마음에 드는 작품이나 물건을 찾아 가족과 이야기하기,5-7;8-10,박물관;미술관;송파책박물관;전국;최초;공립;책박물관으로;높아지는;문화수요를;충당하는;송파의;대표적,송파책박물관,공립,서울특별시 송파구 송파대로37길 77,서울특별시 송파구 가락동 910,02-2147-2486,서울특별시 송파구청,https://www.bookmuseum.go.kr/,박물관,10:00,18:00,10:00,18:00,월+1월 1일+설 당일+추석 당일,0,0,0,,"전국 최초 공립 책박물관으로, 높아지는 문화수요를 충당하는 송파의 대표적 복합문화공간입니다.",지하철 8호선 송파역 4번 출구,02-2147-2810,서울특별시 송파구청,2023-01-11,3230000,서울특별시 송파구
전국박물관미술관정보표준데이터,https://www.data.go.kr/data/15017323/standard.do,2024-11-12,place,의병박물관,공립,경상남도 의령군,경상남도 의령군 의령읍 충익로 1-25,35.31468812,128.2594317,의병박물관은 기존의 의령군민문화회관 내에 위치하고 있던 의령박물관을 충익사 기념관(보물 제671호 곽재우 유물 일관 등 의병 관련 유물)과 합관하여 의령읍 충익로 1-25번지에 신축하면서 의병박물관으로 명칭 변경하였으면 2012년 6월1일 개관하였다.,관람 전 예습 동화와 방문 후 기념 동화책 배경,전시실에서 마음에 드는 작품이나 물건을 찾아 가족과 이야기하기,5-7;8-10,박물관;미술관;의병박물관;의병박물관은;기존의;의령군민문화회관;내에;위치하고;있던;의령박물관을;충익사;기념관(보물,의병박물관,공립,경상남도 의령군 의령읍 충익로 1-25,경상남도 의령군 의령읍 중동리 482,055-570-2844,의병박물관,http://www.uiryeong.go.kr/tour/index.uiryeong?menuCd=DOM_000000506004000000,,09:00,17:30,09:00,17:30,"매년 1월 1일과 매주 월요일(단, 월요일이 「관공서의 공휴일에 관한 규정」제2조에 따른 공휴일일 때에는 월요일 다음의 첫 번째 평일)",0,0,0,무료,의병박물관은 기존의 의령군민문화회관 내에 위치하고 있던 의령박물관을 충익사 기념관(보물 제671호 곽재우 유물 일관 등 의병 관련 유물)과 합관하여 의령읍 충익로 1-25번지에 신축하면서 의병박물관으로 명칭 변경하였으면 2012년 6월1일 개관하였다.,버스: 의령우체국 정류장(도보: 9분),055-570-2844,경상남도 의령군청,2024-11-12,5390000,경상남도 의령군
전국박물관미술관정보표준데이터,https://www.data.go.kr/data/15017323/standard.do,2024-12-17,place,하동야생차박물관,공립,경상남도 하동군,경상남도 하동군 화개면 쌍계로 571-25,35.227751,127.642635,우리나라 차 시배지인 하동군 화개면에 자리잡고 있고 차문화에 대해서 소개하는 공간이며 다양한 체험활동을 할 수 있습니다,관람 전 예습 동화와 방문 후 기념 동화책 배경,전시실에서 마음에 드는 작품이나 물건을 찾아 가족과 이야기하기,5-7;8-10,박물관;미술관;하동야생차박물관;우리나라;차;시배지인;하동군;화개면에;자리잡고;있고;차문화에;대해서,하동야생차박물관,공립,경상남도 하동군 화개면 쌍계로 571-25,경상남도 하동군 화개면 운수리 664,055-880-2835+,경상남도 하동군청 농산물유통과,http://www.hadongteamuseum.org/,야외화장실+휴식용 파고라,09:00,18:00,09:00,18:00,월+설 당일+추석 당일,0,0,0,,우리나라 차 시배지인 하동군 화개면에 자리잡고 있고 차문화에 대해서 소개하는 공간이며 다양한 체험활동을 할 수 있습니다,"1. 하동터미널 (35번 버스)→화개장터정류장(구례-신흥) →쌍계사 정류장 →박물관+2. 하동터미널 (하동-범왕, 쌍계사, 의신)→쌍계사 정류장 →박물관+3. 하동역(하동-목도 버스)→ 하동터미널",055-880-2835,경상남도 하동군청 농산물유통과,2024-12-17,5440000,경상남도 하동군
전국박물관미술관정보표준데이터,https://www.data.go.kr/data/15017323/standard.do,2025-08-05,place,인삼박물관,공립,경상북도 영주시,경상북도 영주시 풍기읍 죽령로 1378,36.88587394,128.4798554,"국내 유일 인삼 전문 공립박물관으로 인삼 종주국인 우리나라 인삼의 역사와 인삼의 신비한 효능을 소개하고, 인삼과 관련된 유물전시를 통하여 영주 풍기지역의 인삼재배역사와 문화를 소개하고 있습니다.",관람 전 예습 동화와 방문 후 기념 동화책 배경,전시실에서 마음에 드는 작품이나 물건을 찾아 가족과 이야기하기,5-7;8-10,박물관;미술관;인삼박물관;국내;유일;인삼;전문;공립박물관으로;종주국인;우리나라;인삼의;역사와,인삼박물관,공립,경상북도 영주시 풍기읍 죽령로 1378,경상북도 영주시 풍기읍 창락리 452,054-639-7981,인삼박물관,https://www.yeongju.go.kr/insam/index.do,,09:00,18:00,09:00,18:00,"월(단, 월요일이 공휴일인 경우 당일은 개관하고 그 다음 첫번째 평일에 휴관)+설날 및 추석 당일",0,0,0,0,"국내 유일 인삼 전문 공립박물관으로 인삼 종주국인 우리나라 인삼의 역사와 인삼의 신비한 효능을 소개하고, 인삼과 관련된 유물전시를 통하여 영주 풍기지역의 인삼재배역사와 문화를 소개하고 있습니다.","<자가용 이용시>서울출발 : 중부고속도로 → 영동고속도로 → 만종분기점 → 중앙고속도로 → 풍기IC → 인삼박물관(약 1시간 50분 소요)대구,부산출발 : 경부고속도록(금호분기점) → 중앙고속도로 → 영주IC 또는 풍기IC → 인삼박물관(대구에서는 약 1시간 40분, 부산에서는 약 2시간 50분 소요)광주출발 : 88고속도로(금호분기점) → 중앙고속도로 → 영주IC 또는 풍기IC → 인삼박물관(약3시간 30분소요)<시외 · 고속버스 이용시>동서울, 강남 ↔ 영주(하루40회) 약 2시간 19분 소요동대구 중앙고속터미널 ↔ 영주(1일 18회) 약 1시간 30분 소요대구 북부정류장 ↔ 영주(1시간30분 무정차)부산 ↔ 영주(1일 13대) 약 3시간 소요<기차 이용시>청량리 ↔ 풍기 · 영주(1일 8회) 새마을 · 무궁화화(중앙선)서울역 → 제천 → 영주(1일 1회) 새마을동대구 → 영주(1일 3회) 무궁화북천 → 영주(1일 3회) 무궁화강릉 → 영주(1일 3회) 무궁화대전 · 김천 ↔ 영주(1일 4회) 무궁화 : 환승대전 · 제천 ↔ 영주(1일 5회) 무궁화 : 환승<풍기역에서 내리실 경우>기차역 앞 시내버스 승강장에서 풍기온천(희방사)행 시내버스를 타시면(4.8km/6개 정류장)인삼박물관까지 운행합니다.",054-639-7981,경상북도 영주시청,2025-08-05,5090000,경상북도 영주시
전국박물관미술관정보표준데이터,https://www.data.go.kr/data/15017323/standard.do,2025-08-05,place,청도박물관,공립,경상북도 청도군,경상북도 청도군 이서면 이서로 567,35.6942561,128.6865383,"2013년 12월 14일 개관한 이래, 문화융성시대를 위한 힘찬 도약과 품격있는 문화공간으로 발돋움하기위해 청도를 대표하는 다양한 자료를 수집ㆍ전시",관람 전 예습 동화와 방문 후 기념 동화책 배경,전시실에서 마음에 드는 작품이나 물건을 찾아 가족과 이야기하기,5-7;8-10,박물관;미술관;청도박물관;2013년;12월;14일;개관한;이래;문화융성시대를;위한;힘찬;도약과,청도박물관,공립,경상북도 청도군 이서면 이서로 567,경상북도 청도군 이서면 양원리 129-5,054-370-2281,청도박물관,https://www.cheongdo.go.kr/museum/main.do,,09:00,18:00,09:00,18:00,매주 월요일(월요일이 공휴일이면 그 다음 첫번째 평일)+1월 1일+설 당일+추석 당일,0,0,0,,"2013년 12월 14일 개관한 이래, 문화융성시대를 위한 힘찬 도약과 품격있는 문화공간으로 발돋움하기위해 청도를 대표하는 다양한 자료를 수집ㆍ전시",청도기차역(도보2분 버스터미널 도착)→청도버스터미널(2번버스)→청도박물관,054-370-2281,경상북도 청도군청,2025-08-05,5190000,경상북도 청도군
전국박물관미술관정보표준데이터,https://www.data.go.kr/data/15017323/standard.do,2025-08-05,place,삼탄아트마인,사립,강원특별자치도 정선군,강원특별자치도 정선군 고한읍 함백산로 1445-44,37.185072,128.8836162,2001년 10월 폐광된 삼척탄좌 시설을 활용+창조적인 문화예술단지로 운영,관람 전 예습 동화와 방문 후 기념 동화책 배경,전시실에서 마음에 드는 작품이나 물건을 찾아 가족과 이야기하기,5-7;8-10,박물관;미술관;삼탄아트마인;2001년;10월;폐광된;삼척탄좌;시설을;활용+창조적인;문화예술단지로;운영,삼탄아트마인,사립,강원특별자치도 정선군 고한읍 함백산로 1445-44,강원특별자치도 정선군 고한읍 고한리 5-26,033-592-3001,삼탄아트마인,http://samtanartmine.com/,주차장+레스토랑+야외공연장+아트레지던시 룸,09:00,18:00,09:00,18:00,월,13000,13000,11000,미취학 아동 무료+정선&태백지역민 및 광부출신 복지카드 및 국가유공자 30퍼센트 할인,2001년 10월 폐광된 삼척탄좌 시설을 활용+창조적인 문화예술단지로 운영,,033-560-2549,강원특별자치도 정선군청,2025-08-05,4291000,강원특별자치도 정선군
전국박물관미술관정보표준데이터,https://www.data.go.kr/data/15017323/standard.do,2025-08-05,place,아리랑박물관,공립,강원특별자치도 정선군,강원특별자치도 정선군 정선읍 애산로 51,37.376383,128.671536,유네스코 인류무형문화유산인 아리랑의 역사가치와 문화를 경험할 수 잇는 아리랑 관련 유물 전시,관람 전 예습 동화와 방문 후 기념 동화책 배경,전시실에서 마음에 드는 작품이나 물건을 찾아 가족과 이야기하기,5-7;8-10,박물관;미술관;아리랑박물관;유네스코;인류무형문화유산인;아리랑의;역사가치와;문화를;경험할;수;잇는;아리랑,아리랑박물관,공립,강원특별자치도 정선군 정선읍 애산로 51,강원특별자치도 정선군 정선읍 애산리 560,033-560-3031,(재)정선아리랑문화재단,www.arirangmuseum.or.kr,주차장+상설전시실+기획전시실+시청각교육실,10:00,18:00,10:00,18:00,월(단 월요일이 공휴일인 경우 당일은 개관하고 그다음 첫번째 평일에 휴관)+1월 1일+설 연휴+추석 연휴,2000,2000,2000,미취학 아동 무료,유네스코 인류무형문화유산인 아리랑의 역사가치와 문화를 경험할 수 잇는 아리랑 관련 유물 전시,,033-560-2549,강원특별자치도 정선군청,2025-08-05,4291000,강원특별자치도 정선군
전국박물관미술관정보표준데이터,https://www.data.go.kr/data/15017323/standard.do,2025-08-05,place,정선507미술관,사립,강원특별자치도 정선군,강원특별자치도 정선군 정선읍 동강로 2914,37.36136689,128.6267068,폐기된 환경시설의 역사보존과 병방산의 아름다운 자연경관 아래 개관한 미술관으로+미술과 자연이 함께하는 미술전시관,관람 전 예습 동화와 방문 후 기념 동화책 배경,전시실에서 마음에 드는 작품이나 물건을 찾아 가족과 이야기하기,5-7;8-10,박물관;미술관;정선507미술관;폐기된;환경시설의;역사보존과;병방산의;아름다운;자연경관;아래;개관한;미술관으로+미술과,정선507미술관,사립,강원특별자치도 정선군 정선읍 동강로 2914,강원특별자치도 정선군 정선읍 광하리 7-5,033-563-5755,(주)아트507,,상설전시실+주차장,10:00,18:00,10:00,18:00,월+12월~1월은 휴관,0,0,0,,폐기된 환경시설의 역사보존과 병방산의 아름다운 자연경관 아래 개관한 미술관으로+미술과 자연이 함께하는 미술전시관,,033-560-2549,강원특별자치도 정선군청,2025-08-05,4291000,강원특별자치도 정선군
전국박물관미술관정보표준데이터,https://www.data.go.kr/data/15017323/standard.do,2025-08-05,place,강원랜드뿌리관,사립,강원특별자치도 정선군,강원특별자치도 정선군 사북읍 삼삼길 33,37.224552,128.815816,탄광마을의 역사와 문화 관련 전시,관람 전 예습 동화와 방문 후 기념 동화책 배경,전시실에서 마음에 드는 작품이나 물건을 찾아 가족과 이야기하기,5-7;8-10,박물관;미술관;강원랜드뿌리관;탄광마을의;역사와;문화;관련;전시,강원랜드뿌리관,사립,강원특별자치도 정선군 사북읍 삼삼길 33,강원특별자치도 정선군 사북읍 사북리 381-5,033-592-0103,(재)3.3기념사업회,,상설전시실+교육관+음악실+다목적실+화실+영상관+야외상설무대+뿌리공원,09:00,18:00,09:00,18:00,월,0,0,0,,탄광마을의 역사와 문화 관련 전시,,033-560-2549,강원특별자치도 정선군청,2025-08-05,4291000,강원특별자치도 정선군
전국박물관미술관정보표준데이터,https://www.data.go.kr/data/15017323/standard.do,2025-08-05,place,아라리인형의집 인형극박물관,사립,강원특별자치도 정선군,강원특별자치도 정선군 북평면 명주내길 43-1,37.43807911,128.6469695,인형극의 제작과 교육+인형 전시 등,관람 전 예습 동화와 방문 후 기념 동화책 배경,전시실에서 마음에 드는 작품이나 물건을 찾아 가족과 이야기하기,5-7;8-10,박물관;미술관;아라리인형의집;인형극박물관;인형극의;제작과;교육+인형;전시;등,아라리인형의집 인형극박물관,사립,강원특별자치도 정선군 북평면 명주내길 43-1,강원특별자치도 정선군 북평면 나전리 149,033-563-9667,아라리인형의집,http://www.arari.net/,상설전시실+인형극 강습+인형극 공연 제공 등,09:00,18:00,09:00,18:00,월,1000,1000,1000,,인형극의 제작과 교육+인형 전시 등,,033-560-2549,강원특별자치도 정선군청,2025-08-05,4291000,강원특별자치도 정선군
전국박물관미술관정보표준데이터,https://www.data.go.kr/data/15017323/standard.do,2025-08-05,place,양구군립박수근미술관,공립,강원특별자치도양구군 양구읍,강원특별자치도양구군 양구읍 박수근로 265-15,38.0962413,127.9815765,"박수근미술관은 박수근 선생의 손길이 담겨있는 유품과 유화, 수채화, 드로잉, 판화, 삽화 등 여러 작품을 소장하고 있으며 이를 선별하여 상설 전시 하고 있습니다. 또한 박수근 선생과 같은 시대에 활동했던 근 현대 한국 화단의 주요 작가들의 다양한 작품들을 소장하고 있으며 이를 기획 전시하고 있습니다.",관람 전 예습 동화와 방문 후 기념 동화책 배경,전시실에서 마음에 드는 작품이나 물건을 찾아 가족과 이야기하기,5-7;8-10,박물관;미술관;양구군립박수근미술관;박수근미술관은;박수근;선생의;손길이;담겨있는;유품과;유화;수채화;드로잉,양구군립박수근미술관,공립,강원특별자치도양구군 양구읍 박수근로 265-15,강원특별자치도양구군 양구읍 정림리 131-1,033-480-7228,양구군립박수근미술관,http://www.parksookeun.or.kr/,뮤지엄숍+연못+창작스튜디오 등,10:00,18:00,10:00,18:00,월,6000,3000,3000,지역상품권 환급(일반·개인)+6세이하+65세 이상+장애인+국민기초생활수급자+명예군민 등 면제+양구군민+호수문화권+병역명문가+단체관람 등 50 감면+다자녀가정 30 감면,"박수근미술관은 박수근 선생의 손길이 담겨있는 유품과 유화, 수채화, 드로잉, 판화, 삽화 등 여러 작품을 소장하고 있으며 이를 선별하여 상설 전시 하고 있습니다. 또한 박수근 선생과 같은 시대에 활동했던 근 현대 한국 화단의 주요 작가들의 다양한 작품들을 소장하고 있으며 이를 기획 전시하고 있습니다.",,033-480-7228,양구군립박수근미술관,2025-08-05,4321000,강원특별자치도 양구군
전국박물관미술관정보표준데이터,https://www.data.go.kr/data/15017323/standard.do,2025-08-05,place,양구백자박물관,공립,강원특별자치도양구군 방산면,강원특별자치도양구군 방산면 평화로 5182,38.20727188,127.9514036,"양구백자박물관은 백자생산역사 600년의 흐름을 알수 있는 도자 전시 관람과 더불어 흙을 만드는 방법과 성형, 그리고 가마에 직접 구워 자기가 만들어지는 전 과정을 체험할 수도 있다.",관람 전 예습 동화와 방문 후 기념 동화책 배경,전시실에서 마음에 드는 작품이나 물건을 찾아 가족과 이야기하기,5-7;8-10,박물관;미술관;양구백자박물관;양구백자박물관은;백자생산역사;600년의;흐름을;알수;있는;도자;전시;관람과,양구백자박물관,공립,강원특별자치도양구군 방산면 평화로 5182,강원특별자치도양구군 방산면 장평리 344,033-480-7238,양구백자박물관,http://www.yanggum.or.kr/,뮤지엄숍+체험장+영상실 등,10:00,18:00,10:00,18:00,월+1월 1일+설날 오전+추석 오전,3000,3000,3000,지역상품권 환급+6세이하+65세 이상+장애인+국민기초생활수급자+명예군민 등 면제,"양구백자박물관은 백자생산역사 600년의 흐름을 알수 있는 도자 전시 관람과 더불어 흙을 만드는 방법과 성형, 그리고 가마에 직접 구워 자기가 만들어지는 전 과정을 체험할 수도 있다.",양구시외버스터미널 방산(오미)방향 탑승 후 30분 소요(버스요금 1400원),033-480-7238,양구백자박물관,2025-08-05,4321000,강원특별자치도 양구군
전국박물관미술관정보표준데이터,https://www.data.go.kr/data/15017323/standard.do,2025-08-05,place,양구선사박물관,공립,강원특별자치도양구군 양구읍,강원특별자치도양구군 양구읍 금강산로 439-52,38.12356299,127.9904248,"양구선사박물관은 양구를 중심으로 하는 북한강유역에서 발굴조사된 선사유적을 소개하는 박물관입니다. 양구 상무룡리 구석기유적, 양구 고대리·공수리 청동기시대 유적, 양구 해안 만대리 선사유적 등과 춘천, 화천, 홍천, 인제 등지의 북한강 유역에서 발굴된 유물을 생생하게 보여주는 1종 전문박물관입니다.",관람 전 예습 동화와 방문 후 기념 동화책 배경,전시실에서 마음에 드는 작품이나 물건을 찾아 가족과 이야기하기,5-7;8-10,박물관;미술관;양구선사박물관;양구선사박물관은;양구를;중심으로;하는;북한강유역에서;발굴조사된;선사유적을;소개하는;박물관입니다.,양구선사박물관,공립,강원특별자치도양구군 양구읍 금강산로 439-52,강원특별자치도양구군 양구읍 하리 510,033-480-7221,양구선사박물관,http://www.ygpm.or.kr/,뮤지엄숍+향토사료관+고인돌공원+함춘주막,10:00,18:00,10:00,18:00,월+1월 1일+설날 오전+추석 오전,3000,3000,3000,근현대사박물관 통합 매표+지역상품권 환급+6세이하+65세 이상+장애인+국민기초생활수급자+명예군민 등 면제,"양구선사박물관은 양구를 중심으로 하는 북한강유역에서 발굴조사된 선사유적을 소개하는 박물관입니다. 양구 상무룡리 구석기유적, 양구 고대리·공수리 청동기시대 유적, 양구 해안 만대리 선사유적 등과 춘천, 화천, 홍천, 인제 등지의 북한강 유역에서 발굴된 유물을 생생하게 보여주는 1종 전문박물관입니다.",,033-480-7221,양구선사박물관,2025-08-05,4321000,강원특별자치도 양구군
전국박물관미술관정보표준데이터,https://www.data.go.kr/data/15017323/standard.do,2025-08-05,place,양구근현대사박물관,공립,강원특별자치도양구군 양구읍,강원특별자치도양구군 양구읍 금강산로 439-51,38.12222633,127.9904068,"박물관은 근현대사를 담고 있는 다양한 자료를 테마별 전시관으로 구성하고 있습니다. 먼저 제1전시실은 한국근현대사 전반을 살펴볼 수 있는 역사의 휘모리 공간을 시작으로, 엽서관, 우표관, 씰관 등으로 구성되어 있으며,  제2전시실은 추억속의 영화역사 포스터 등을 전시한 추억의 영화관, 아리랑 문화를 다양한 면을 살필 수 있는 공간으로 전시되어 있다. 또한 기획전시실에는 기증유물특별전으로 기증자 박민일 박사, 송광호 기자, 철학가 김형석박사의 다양한 기증자료 중 도자기, 그림, 글씨, 민속품을 중심으로 전시하고 있다.",관람 전 예습 동화와 방문 후 기념 동화책 배경,전시실에서 마음에 드는 작품이나 물건을 찾아 가족과 이야기하기,5-7;8-10,박물관;미술관;양구근현대사박물관;박물관은;근현대사를;담고;있는;다양한;자료를;테마별;전시관으로;구성하고,양구근현대사박물관,공립,강원특별자치도양구군 양구읍 금강산로 439-51,강원특별자치도양구군 양구읍 하리 508-1,033-481-1422,양구근현대사박물관,http://www.ygpm.or.kr/,뮤지엄숍+향토사료관+고인돌공원+함춘주막,10:00,18:00,10:00,18:00,월+1월 1일+설날 오전+추석 오전,3000,3000,3000,지역상품권 환급+6세이하+65세 이상+장애인+국민기초생활수급자+명예군민 등 면제,"박물관은 근현대사를 담고 있는 다양한 자료를 테마별 전시관으로 구성하고 있습니다. 먼저 제1전시실은 한국근현대사 전반을 살펴볼 수 있는 역사의 휘모리 공간을 시작으로, 엽서관, 우표관, 씰관 등으로 구성되어 있으며,  제2전시실은 추억속의 영화역사 포스터 등을 전시한 추억의 영화관, 아리랑 문화를 다양한 면을 살필 수 있는 공간으로 전시되어 있다. 또한 기획전시실에는 기증유물특별전으로 기증자 박민일 박사, 송광호 기자, 철학가 김형석박사의 다양한 기증자료 중 도자기, 그림, 글씨, 민속품을 중심으로 전시하고 있다.",,033-481-1422,양구근현대사박물관,2025-08-05,4321000,강원특별자치도 양구군
전국박물관미술관정보표준데이터,https://www.data.go.kr/data/15017323/standard.do,2025-08-05,place,양구인문학박물관,공립,강원특별자치도양구군 양구읍,강원특별자치도양구군 양구읍 파로호로 869번길 101,38.121961,127.981208,"2012년 12월 1일 개관한 양구인문학박물관은 한국 철학의 거장 김형석, 안병욱 박사님의 철학사상과 한국 문단을 대표하는 양구 출신 이해인 수녀님의 문학정신이 더해져 문화예술의 인프라가 확대 구축되어 양구 홍보는 물론, 고품격의 문학을 양구군민 뿐만 아니라 관광객들에게 선사하게 되었습니다.",관람 전 예습 동화와 방문 후 기념 동화책 배경,전시실에서 마음에 드는 작품이나 물건을 찾아 가족과 이야기하기,5-7;8-10,박물관;미술관;양구인문학박물관;2012년;12월;1일;개관한;양구인문학박물관은;한국;철학의;거장;김형석,양구인문학박물관,공립,강원특별자치도양구군 양구읍 파로호로 869번길 101,강원특별자치도양구군 양구읍 동수리 100-1,033-480-7246,양구인문학박물관,http://www.ymunhak.or.kr/,자동차전기충전소+테라스 등,10:00,18:00,10:00,18:00,월+1월 1일+설날 오전+추석 오전,3000,3000,3000,지역상품권 환급+6세이하+65세 이상+장애인+국민기초생활수급자+명예군민 등 면제,"2012년 12월 1일 개관한 양구인문학박물관은 한국 철학의 거장 김형석, 안병욱 박사님의 철학사상과 한국 문단을 대표하는 양구 출신 이해인 수녀님의 문학정신이 더해져 문화예술의 인프라가 확대 구축되어 양구 홍보는 물론, 고품격의 문학을 양구군민 뿐만 아니라 관광객들에게 선사하게 되었습니다.",,033-480-7246,양구인문학박물관,2025-08-05,4321000,강원특별자치도 양구군
전국박물관미술관정보표준데이터,https://www.data.go.kr/data/15017323/standard.do,2025-04-18,place,건국대학교박물관,대학,서울특별시 광진구,서울특별시 광진구 능동로 120,37.5391833,127.0747099,"1963년에 개관한 이래 국보 1점, 보물 1점을 포함하여 6천여점의 유물을 소장한 종합박물관임.",관람 전 예습 동화와 방문 후 기념 동화책 배경,전시실에서 마음에 드는 작품이나 물건을 찾아 가족과 이야기하기,5-7;8-10,박물관;미술관;건국대학교박물관;1963년에;개관한;이래;국보;1점;보물;1점을;포함하여;6천여점의,건국대학교박물관,대학,서울특별시 광진구 능동로 120,서울특별시 광진구 화양동 1,02-450-3881,건국대학교,http://museum.konkuk.ac.kr/,,10:00,16:00,00:00,00:00,토+일+공휴일+방학기간,0,0,0,0,"1963년에 개관한 이래 국보 1점, 보물 1점을 포함하여 6천여점의 유물을 소장한 종합박물관임.","건국대학교 내에 위치함. 지하철 2,7호선 및 건대역 및 건대병원에서 버스 이용 가능",02-450-7592,서울특별시 광진구청,2025-04-18,3040000,서울특별시 광진구
전국박물관미술관정보표준데이터,https://www.data.go.kr/data/15017323/standard.do,2025-04-18,place,세종대학교박물관,대학,서울특별시 광진구,서울특별시 광진구 능동로21길 37,37.552255,127.074732,"1973년 개관 이래 국내 대학박물관 중 최대 규모를 자랑하며, 고고역사 유물과 대한제국 황실의 궁중의상 등이 전시되어 있다.",관람 전 예습 동화와 방문 후 기념 동화책 배경,전시실에서 마음에 드는 작품이나 물건을 찾아 가족과 이야기하기,5-7;8-10,박물관;미술관;세종대학교박물관;1973년;개관;이래;국내;대학박물관;중;최대;규모를;자랑하며,세종대학교박물관,대학,서울특별시 광진구 능동로21길 37,서울특별시 광진구 군자동 98,02-3408-3114,세종대학교,http://museum.sejong.ac.kr,,10:00,15:00,00:00,00:00,토+일+공휴일+방학기간,0,0,0,0,"1973년 개관 이래 국내 대학박물관 중 최대 규모를 자랑하며, 고고역사 유물과 대한제국 황실의 궁중의상 등이 전시되어 있다.",세종대내에 위치함. 지하철 7호선 어린이대공원역 및 버스 이용,02-450-7592,서울특별시 광진구청,2025-04-18,3040000,서울특별시 광진구
전국박물관미술관정보표준데이터,https://www.data.go.kr/data/15017323/standard.do,2025-04-03,place,평강 성서유물박물관,사립,서울특별시 구로구,서울특별시 구로구 오류로8라길 44,37.4919053,126.8440613,"성서의 배경이 되는 지역인 메소포타미아, 이집트, 고대그리스, 로마에서 출토된 미이라, 향수병, 토기, 두루마리 성경등을 전시하고 있는 국내 유일의 성서고고학 박물관",관람 전 예습 동화와 방문 후 기념 동화책 배경,전시실에서 마음에 드는 작품이나 물건을 찾아 가족과 이야기하기,5-7;8-10,박물관;미술관;평강;성서유물박물관;성서의;배경이;되는;지역인;메소포타미아;이집트;고대그리스;로마에서,평강 성서유물박물관,사립,서울특별시 구로구 오류로8라길 44,서울특별시 구로구 오류동 150-15,02-2686-9496,(재)휘선문화재단,http://www.apm.or.kr/,,10:00,17:00,13:00,17:00,매주 월 휴관,3000,2000,2000,"6세 이하 어린이, 장애우 및 65세 이상 노인 무료","성서의 배경이 되는 지역인 메소포타미아, 이집트, 고대그리스, 로마에서 출토된 미이라, 향수병, 토기, 두루마리 성경등을 전시하고 있는 국내 유일의 성서고고학 박물관",지하철 1호선 오류역하차 도보로 7분 지하철 7호선 천왕역하차 2번출구에서 도보로 12분,02-860-3401,서울특별시 구로구청 문화관광과,2025-04-03,3160000,서울특별시 구로구
전국박물관미술관정보표준데이터,https://www.data.go.kr/data/15017323/standard.do,2025-02-11,place,루이엘모자박물관,사립,전북특별자치도 전주시,전북특별자치도 전주시 완산구 전동성당길 8,35.81852909,127.1484802,루이엘모자박물관을(를) 배경으로 관람 전후 동화를 만들 수 있다.,관람 전 예습 동화와 방문 후 기념 동화책 배경,전시실에서 마음에 드는 작품이나 물건을 찾아 가족과 이야기하기,5-7;8-10,박물관;미술관;루이엘모자박물관,루이엘모자박물관,사립,전북특별자치도 전주시 완산구 전동성당길 8,전북특별자치도 전주시 완산구 경원동1가 7,063-283-5454,(주)샤뽀,http://lhcc.kr,,10:00,18:00,10:00,18:00,월,0,0,0,,,,063-283-5454,(주)샤뽀,2025-02-11,4641000,전북특별자치도 전주시
전국박물관미술관정보표준데이터,https://www.data.go.kr/data/15017323/standard.do,2024-08-27,place,석장리박물관,공립,충청남도 공주시,충청남도 공주시 금벽로 990,36.44795221,127.1875895,한국 구석기 유적이 최초로 발견된 곳에 세워진 박물관으로 구석기시대의 정취를 한껏 느낄 수 있고 구석기와 관련된 다양한 교육체험프로그램 진행으로 가족단위의 관람객들이 방문하기에 최적의 장소입니다.,관람 전 예습 동화와 방문 후 기념 동화책 배경,전시실에서 마음에 드는 작품이나 물건을 찾아 가족과 이야기하기,5-7;8-10,박물관;미술관;석장리박물관;한국;구석기;유적이;최초로;발견된;곳에;세워진;박물관으로;구석기시대의,석장리박물관,공립,충청남도 공주시 금벽로 990,충청남도 공주시 석장리동 118,041-840-8924,공주시,http://www.gongju.go.kr/sjnmuseum/index.do,물품보관소+수유실+매점+카페,09:00,18:00,09:00,18:00,설+ 추석 당일,3000,2000,1000,"경로, 장애인, 공주시민 무료",한국 구석기 유적이 최초로 발견된 곳에 세워진 박물관으로 구석기시대의 정취를 한껏 느낄 수 있고 구석기와 관련된 다양한 교육체험프로그램 진행으로 가족단위의 관람객들이 방문하기에 최적의 장소입니다.,시내버스 570+ 571+ 572+ 573+ 580,041-840-8924,충청남도 공주시,2024-08-27,4500000,충청남도 공주시
전국박물관미술관정보표준데이터,https://www.data.go.kr/data/15017323/standard.do,2024-08-27,place,충남역사박물관,공립,충청남도 공주시,충청남도 공주시 국고개길 24,36.45308898,127.1273867,"국가지정 문화재 3건 65점, 도(道)지정 문화재 12건 61점을 비롯하여 총 37,000여점의 유물을 소장하고 있으며, 근현대 충남의 모습을 한 눈에 엿볼 수 있는 상설전시장 외에도 기증기탁 유물에 대한 특별전 등을 운영하고 있습니다.",관람 전 예습 동화와 방문 후 기념 동화책 배경,전시실에서 마음에 드는 작품이나 물건을 찾아 가족과 이야기하기,5-7;8-10,박물관;미술관;충남역사박물관;국가지정;문화재;3건;65점;도(道)지정;12건;61점을;비롯하여;총,충남역사박물관,공립,충청남도 공주시 국고개길 24,충청남도 공주시 중동 284-1,041-856-8608,충남역사박물관,http://museum.cihc.or.kr/museum,"전시실, 교육실습실, 체험학습실",09:00,18:00,09:00,18:00,1월 1일+ 매주 월요일,0,0,0,없음,"국가지정 문화재 3건 65점, 도(道)지정 문화재 12건 61점을 비롯하여 총 37,000여점의 유물을 소장하고 있으며, 근현대 충남의 모습을 한 눈에 엿볼 수 있는 상설전시장 외에도 기증기탁 유물에 대한 특별전 등을 운영하고 있습니다.",시내버스 100+  108+  125+  200+  210+  212+  220+  230+  240+  250+  251+  264+  270+  580,041-856-8608,충남역사박물관,2024-08-27,4500000,충청남도 공주시
전국박물관미술관정보표준데이터,https://www.data.go.kr/data/15017323/standard.do,2024-08-27,place,한국자연사박물관,사립,충청남도 공주시,충청남도 공주시 임금봉길 49-25,36.36640091,127.2448239,"1. 공룡,미라,화석,동물,식물, 광물,보석 전시                     2. 공휴일 및 주말 매시간 전시해설(11:00~16:00)",관람 전 예습 동화와 방문 후 기념 동화책 배경,전시실에서 마음에 드는 작품이나 물건을 찾아 가족과 이야기하기,5-7;8-10,박물관;미술관;한국자연사박물관;1.;공룡;미라;화석;동물;식물;광물;보석;전시,한국자연사박물관,사립,충청남도 공주시 임금봉길 49-25,충청남도 공주시 반포면 학봉리 511-1,042-825-4052,(재)청운문화재단,http://www.krnamu.or.kr.,"박물관, 주차장, 강당, 뮤지엄샵, 카페",10:00,18:00,10:00,18:00,매주 월요일,9000,6000,4000,"개인후원회원 및 기관회원 무료 / 단체할인, 경로할인, 장애인할인","1. 공룡,미라,화석,동물,식물, 광물,보석 전시                     2. 공휴일 및 주말 매시간 전시해설(11:00~16:00)",시내버스 48+ 303+ 350,042-825-4052,(재)청운문화재단,2024-08-27,4500000,충청남도 공주시
전국박물관미술관정보표준데이터,https://www.data.go.kr/data/15017323/standard.do,2024-08-27,place,동산박물관,사립,충청남도 공주시,충청남도 공주시 반포면 정광터1길 108-8,36.40257387,127.2322116,"동산박물관은 청자, 분청사기, 순백자, 청화백자 등 150여점이 전시되어 있는 상설 전시관과 석조유물 등 300여점이 전시되어 있는 야외 전시장이 있으며, 애듀케이터 선생님과 함께 자연의 흙과 나무를 만지며 감성을 쑥쑥 키워주는 어린이 감성프로그램인 숲속박물관도 함께 운영합니다.",관람 전 예습 동화와 방문 후 기념 동화책 배경,전시실에서 마음에 드는 작품이나 물건을 찾아 가족과 이야기하기,5-7;8-10,박물관;미술관;동산박물관;동산박물관은;청자;분청사기;순백자;청화백자;등;150여점이;전시되어;있는,동산박물관,사립,충청남도 공주시 반포면 정광터1길 108-8,충청남도 공주시 반포면 봉곡리 470-1,041-858-5009,동산박물관,http://www.dongsanmuseum.com/,"상설전시실, 야외전시실, 체험관",10:00,18:00,10:00,16:00,매주 월요일,0,0,0,없음,"동산박물관은 청자, 분청사기, 순백자, 청화백자 등 150여점이 전시되어 있는 상설 전시관과 석조유물 등 300여점이 전시되어 있는 야외 전시장이 있으며, 애듀케이터 선생님과 함께 자연의 흙과 나무를 만지며 감성을 쑥쑥 키워주는 어린이 감성프로그램인 숲속박물관도 함께 운영합니다.",시내버스300+ 303+ 340+ 342+ 350,041-858-5009,동산박물관,2024-08-27,4500000,충청남도 공주시
전국박물관미술관정보표준데이터,https://www.data.go.kr/data/15017323/standard.do,2024-08-27,place,공주기독교박물관,사립,충청남도 공주시,충청남도 공주시 제민1길 18,36.4509175,127.1225019,"공주제일교회는 충청권 선교 거점이었던 115년의 기독교 역사가 전시된 기독교 박물관입니다. 1층은 독립을 위해 헌신했던 기독교도들의 역사를 돌아볼 수 있고, 2층은 공주지역 기독교 역사와 관련 유물들이 전시되어 있습니다.",관람 전 예습 동화와 방문 후 기념 동화책 배경,전시실에서 마음에 드는 작품이나 물건을 찾아 가족과 이야기하기,5-7;8-10,박물관;미술관;공주기독교박물관;공주제일교회는;충청권;선교;거점이었던;115년의;기독교;역사가;전시된;박물관입니다.,공주기독교박물관,사립,충청남도 공주시 제민1길 18,충청남도 공주시 봉황동 10,041-853-7007,공주제일교회,,"전시실, 수장고, 자료도서실",10:00,17:00,10:00,17:00,매주 일요일+ 월요일,2000,2000,1000,미취학아동 무료,"공주제일교회는 충청권 선교 거점이었던 115년의 기독교 역사가 전시된 기독교 박물관입니다. 1층은 독립을 위해 헌신했던 기독교도들의 역사를 돌아볼 수 있고, 2층은 공주지역 기독교 역사와 관련 유물들이 전시되어 있습니다.",시내버스 100+ 125+ 200+ 210+ 212+ 220+ 221+ 230+ 240+ 250+ 251+ 270+ 281+ 501,041-853-7007,공주제일교회,2024-08-27,4500000,충청남도 공주시
전국박물관미술관정보표준데이터,https://www.data.go.kr/data/15017323/standard.do,2025-01-17,place,경상북도산림과학박물관,공립,경상북도 안동시,경상북도 안동시 도산면 퇴계로 2189,36.713958,128.8246789,잊혀져 가는 산림역사자료의 수집과 보존을 통해 새로운 산림휴양문화의 보급을 위한 전문 테마 박물관입니다,관람 전 예습 동화와 방문 후 기념 동화책 배경,전시실에서 마음에 드는 작품이나 물건을 찾아 가족과 이야기하기,5-7;8-10,박물관;미술관;경상북도산림과학박물관;잊혀져;가는;산림역사자료의;수집과;보존을;통해;새로운;산림휴양문화의;보급을,경상북도산림과학박물관,공립,경상북도 안동시 도산면 퇴계로 2189,경상북도 안동시 도산면 동부리 산69,054-840-8283,경상북도산림과학박물관,http://www.gb.go.kr/Main/open_contents/section/forest/,물품보관소+수유실+카페,09:00,18:00,09:00,18:00,"매주 월요일, 신정, 설날, 추석",0,0,0,무료,잊혀져 가는 산림역사자료의 수집과 보존을 통해 새로운 산림휴양문화의 보급을 위한 전문 테마 박물관입니다,버스:567,054-855-8681,경상북도,2025-01-17,6470000,경상북도
전국박물관미술관정보표준데이터,https://www.data.go.kr/data/15017323/standard.do,2023-11-02,place,DIMA MOA,대학,경기도 안성시,경기도 안성시 삼죽면 동아예대길 47,37.062338,127.353282,"동아방송예술대학교 엔터테인먼트관 내에 있는 DIMA갤러리는 기획전과 개인전을 통해 대학 소장품 및 국내외 유수한 작가들의 작품을 전시하며, 지역 예술문화를 선도하여 지역문화 형성에 기여하고 지역민의 예술 체험 기회를 제공하고자 합니다.",관람 전 예습 동화와 방문 후 기념 동화책 배경,전시실에서 마음에 드는 작품이나 물건을 찾아 가족과 이야기하기,5-7;8-10,박물관;미술관;DIMA;MOA;동아방송예술대학교;엔터테인먼트관;내에;있는;DIMA갤러리는;기획전과;개인전을;통해,DIMA MOA,대학,경기도 안성시 삼죽면 동아예대길 47,경기도 안성시 삼죽면 진촌리 632-18번지,031-670-6938,동아방송예술대학,http://moa.dima.ac.kr,,09:00,18:00,09:00,18:00,일요일+공휴일,0,0,0,,"동아방송예술대학교 엔터테인먼트관 내에 있는 DIMA갤러리는 기획전과 개인전을 통해 대학 소장품 및 국내외 유수한 작가들의 작품을 전시하며, 지역 예술문화를 선도하여 지역문화 형성에 기여하고 지역민의 예술 체험 기회를 제공하고자 합니다.",,031-670-6600,동아방송예술대학교,2023-11-02,4080000,경기도 안성시
전국박물관미술관정보표준데이터,https://www.data.go.kr/data/15017323/standard.do,2023-11-02,place,박두진문학관,공립,경기도 안성시,경기도 안성시 보개면 남사당로 198-11,37.03497838,127.3108743,안성출신 시인 박두진의 삶과 문학적 발자취를 소개하고 전시하는 곳입니다.,관람 전 예습 동화와 방문 후 기념 동화책 배경,전시실에서 마음에 드는 작품이나 물건을 찾아 가족과 이야기하기,5-7;8-10,박물관;미술관;박두진문학관;안성출신;시인;박두진의;삶과;문학적;발자취를;소개하고;전시하는;곳입니다.,박두진문학관,공립,경기도 안성시 보개면 남사당로 198-11,경기도 안성시 보개면 복평리 296번지,031-678-2466,경기도 안성시,https://www.anseong.go.kr/tourPortal/munhak,북카페+전망대,09:00,18:00,09:00,18:00,"월요일+월요일이 휴일인 경우 다음날 휴관), 1월1일, 설날, 추석",0,0,0,,안성출신 시인 박두진의 삶과 문학적 발자취를 소개하고 전시하는 곳입니다.,대중교통 : 버스 : 일반15-1 (공예문화센터 정류장 하차) 택시 : 안성시청 앞 봉산로터리에서 약 10분 소요,031-678-2469,경기도 안성시,2023-11-02,4080000,경기도 안성시
전국박물관미술관정보표준데이터,https://www.data.go.kr/data/15017323/standard.do,2023-11-02,place,안성3.1운동기념관,공립,경기도 안성시,경기도 안성시 원곡면 만세로 868,37.06278466,127.1752952,안성4.1만세운동의 역사를 알리고 나라사랑의 산 교육장으로 활용되는 곳,관람 전 예습 동화와 방문 후 기념 동화책 배경,전시실에서 마음에 드는 작품이나 물건을 찾아 가족과 이야기하기,5-7;8-10,박물관;미술관;안성3.1운동기념관;안성4.1만세운동의;역사를;알리고;나라사랑의;산;교육장으로;활용되는;곳,안성3.1운동기념관,공립,경기도 안성시 원곡면 만세로 868,경기도 안성시 원곡면 칠곡리 2-18번지,031-678-2500,경기도 안성시,https://www.anseong.go.kr/tourPortal/41,주차장+화장실+야외휴게+사회적약자휴게 등,09:00,18:00,09:00,18:00,월요일+월요일이 휴일인 경우 다음날 휴관+1월1일+설날+추석,0,0,0,무료,안성4.1만세운동의 역사를 알리고 나라사랑의 산 교육장으로 활용되는 곳,"대중교통 : 버스 : 일반7, 7-6, 8 (안성3.1운동기념관 하차)",031-678-2500,경기도 안성시,2023-11-02,4080000,경기도 안성시
전국박물관미술관정보표준데이터,https://www.data.go.kr/data/15017323/standard.do,2023-12-07,place,고흥분청문화박물관,공립,전라남도 고흥군,전라남도 고흥군 두원면 운곡길 97,34.628185,127.323169,분청사기 도요지의 문화를 보존전승하고 지역 특색이 가미된 박물관,관람 전 예습 동화와 방문 후 기념 동화책 배경,전시실에서 마음에 드는 작품이나 물건을 찾아 가족과 이야기하기,5-7;8-10,박물관;미술관;고흥분청문화박물관;분청사기;도요지의;문화를;보존전승하고;지역;특색이;가미된,고흥분청문화박물관,공립,전라남도 고흥군 두원면 운곡길 97,전라남도 고흥군 두원면 운대리 141-1번지,061-830-5995,고흥분청문화박물관,https://buncheong.goheung.go.kr/,"카페,한식당,뮤지엄샵",09:00,18:00,09:00,18:00,월요일,2000,1500,1000,고흥군민 개인 관람료 50퍼센트 감면,분청사기 도요지의 문화를 보존전승하고 지역 특색이 가미된 박물관,,061-830-5995,고흥분청문화박물관,2023-12-07,4880000,전라남도 고흥군
전국박물관미술관정보표준데이터,https://www.data.go.kr/data/15017323/standard.do,2024-07-01,place,영인산산림박물관,국립,충청남도 아산시,충청남도 아산시 염치읍 아산온천로 16-30,36.84322587,126.9409482,"영인산산림박물관은 산림에 관한 자료의 수집과 교육, 산림문화의 창달을 통한 산림문화의 현장 학습장으로서의 역할과 전시 및 연구를 목적으로 건립되었습니다.",관람 전 예습 동화와 방문 후 기념 동화책 배경,전시실에서 마음에 드는 작품이나 물건을 찾아 가족과 이야기하기,5-7;8-10,박물관;미술관;영인산산림박물관;영인산산림박물관은;산림에;관한;자료의;수집과;교육;산림문화의;창달을;통한,영인산산림박물관,국립,충청남도 아산시 염치읍 아산온천로 16-30,충청남도 아산시 영인면 아산리 산56-1,041-538-1942,아산시시설관리공단,http://museum.asanfmc.or.kr,전시실+전망대+수유실,10:00,18:00,10:00,18:00,"매주 월요일(단, 월요일이 공휴일일 때에는 공휴일 다음 날)+1월1일+설·추석연휴",0,0,0,휴양림 입장료 통합,"영인산산림박물관은 산림에 관한 자료의 수집과 교육, 산림문화의 창달을 통한 산림문화의 현장 학습장으로서의 역할과 전시 및 연구를 목적으로 건립되었습니다.","아산(온양)-영인면(아산방면)시내버스 수시운행(25분 소요) 버스번호:531, 540, 560, 600, 601, 610, 612, 613, 630 영인산 인근 하차 후 도보 1시간",041-538-1947,아산시시설관리공단 휴양림팀,2024-07-01,B553452,아산시시설관리공단
전국박물관미술관정보표준데이터,https://www.data.go.kr/data/15017323/standard.do,2025-07-30,place,함양박물관,공립,경상남도 함양군,경상남도 함양군 함양읍 필봉산길 55,35.52471022,127.7222697,선사시대부터 근대시대에 이르는 함양의 정신과 삶이 담긴 박물관,관람 전 예습 동화와 방문 후 기념 동화책 배경,전시실에서 마음에 드는 작품이나 물건을 찾아 가족과 이야기하기,5-7;8-10,박물관;미술관;함양박물관;선사시대부터;근대시대에;이르는;함양의;정신과;삶이;담긴,함양박물관,공립,경상남도 함양군 함양읍 필봉산길 55,경상남도 함양군 함양읍 교산리 1044-6,055-960-5546,경상남도 함양군 문화시설사업소,http://www.hygn.go.kr/museum.web,,09:00,18:00,09:00,18:00,월(월요일이 공휴일인 날은 그 다음날 휴관)+설 당일+추석 당일,0,0,0,,선사시대부터 근대시대에 이르는 함양의 정신과 삶이 담긴 박물관,함양 시외버스터미널에서 도보로 15분,055-960-6730,경상남도 함양군 문화시설사업소,2025-07-30,5460000,경상남도 함양군
전국박물관미술관정보표준데이터,https://www.data.go.kr/data/15017323/standard.do,2025-07-17,place,녹청자박물관,공립,인천광역시 서구,인천광역시 서구 도요지로 54,37.55820777,126.6562577,"우리의 전통 도자기에서부터 현대 도예작품까지 한눈에 살펴볼 수 있는 곳, 인천 서구 복합문화공간 녹청자 박물관입니다.",관람 전 예습 동화와 방문 후 기념 동화책 배경,전시실에서 마음에 드는 작품이나 물건을 찾아 가족과 이야기하기,5-7;8-10,박물관;미술관;녹청자박물관;우리의;전통;도자기에서부터;현대;도예작품까지;한눈에;살펴볼;수;있는,녹청자박물관,공립,인천광역시 서구 도요지로 54,인천광역시 서구 경서동 209-3,032-560-2932,서구문화원,www.nokcheongja.or.kr,카페테리아,09:00,18:00,09:00,18:00,월,0,0,0,무료,"우리의 전통 도자기에서부터 현대 도예작품까지 한눈에 살펴볼 수 있는 곳, 인천 서구 복합문화공간 녹청자 박물관입니다.",도심형 버스(43번+70번)+지선버스(591번)+공항철도(검암역 1번 출구에서 591번 경서동 방향 승차)+인천 지하철(2호선 검암역 3번 출구에서 70번 경서동 방향 승차),032-560-2932,서구문화원,2025-07-17,3560000,인천광역시 서구
전국박물관미술관정보표준데이터,https://www.data.go.kr/data/15017323/standard.do,2025-07-18,place,사상생활사박물관,공립,부산광역시 사상구,부산광역시 사상구 낙동대로1258번길 36(삼락동),35.1720216,128.978723,사상생활사박물관은 사상의 자연과 함께 살아온 사람들의 생활사 변천과정을 전시하고 지역에 산재해 있는 관광자원을 소개하는 곳,관람 전 예습 동화와 방문 후 기념 동화책 배경,전시실에서 마음에 드는 작품이나 물건을 찾아 가족과 이야기하기,5-7;8-10,박물관;미술관;사상생활사박물관;사상생활사박물관은;사상의;자연과;함께;살아온;사람들의;생활사;변천과정을;전시하고,사상생활사박물관,공립,부산광역시 사상구 낙동대로1258번길 36(삼락동),부산광역시 사상구 삼락동414-13,051-310-5136,부산광역시 사상구청,http://www.sasang.go.kr/lmuseum/index.sasang,전시실+프로그램실+휴게실+주차장,09:00,18:00,09:00,18:00,"매주 월(단, 월요일이 공휴일인 경우 당일은 개관하고 그 다음 첫번째 평일에 휴관)+1월1일+설연휴+추석연휴",0,0,0,무료,사상생활사박물관은 사상의 자연과 함께 살아온 사람들의 생활사 변천과정을 전시하고 지역에 산재해 있는 관광자원을 소개하는 곳,"지하철: 2호선 덕포역1번출구(도보로 529m)+마을버스: 사상구7-덕포시장+버스: 123, 126-삼락생태공원,138-1-한신아파트2차",051-310-5136,부산광역시 사상구청,2025-07-18,3390000,부산광역시 사상구
전국박물관미술관정보표준데이터,https://www.data.go.kr/data/15017323/standard.do,2025-07-18,place,신라대학교박물관,대학,부산광역시 사상구,부산광역시 사상구 백양대로700번길 140,35.17203752,128.9977368,"부산, 울산, 경남지역을 중심으로 많은 문화유적의 지표조사, 발굴조사를 통해 얻어진 유물들을 정리하여 전시",관람 전 예습 동화와 방문 후 기념 동화책 배경,전시실에서 마음에 드는 작품이나 물건을 찾아 가족과 이야기하기,5-7;8-10,박물관;미술관;신라대학교박물관;부산;울산;경남지역을;중심으로;많은;문화유적의;지표조사;발굴조사를;통해,신라대학교박물관,대학,부산광역시 사상구 백양대로700번길 140,부산광역시 사상구 괘법동 산1-23,051-999-5000,신라대학교 박영학원,http://museum.silla.ac.kr/museum/,전시실,09:00,16:30,00:00,00:00,토+일+공휴일,0,0,0,무료,"부산, 울산, 경남지역을 중심으로 많은 문화유적의 지표조사, 발굴조사를 통해 얻어진 유물들을 정리하여 전시","버스: 62신라대학교, 129-1, 169, 160",051-999-5281,신라대학교 박물관,2025-07-18,3390000,부산광역시 사상구
전국박물관미술관정보표준데이터,https://www.data.go.kr/data/15017323/standard.do,2025-07-11,place,합천박물관,공립,경상남도 합천군,경상남도 합천군 쌍책면 황강옥전로 1558,35.58042271,128.2829423,"합천박물관은 2004년 12월 9일에 개관하여, 합천 지역의 전통문화와 역사에 대한 올바른 지식을 제공하고자 설립하였다.",관람 전 예습 동화와 방문 후 기념 동화책 배경,전시실에서 마음에 드는 작품이나 물건을 찾아 가족과 이야기하기,5-7;8-10,박물관;미술관;합천박물관;합천박물관은;2004년;12월;9일에;개관하여;합천;지역의;전통문화와;역사에,합천박물관,공립,경상남도 합천군 쌍책면 황강옥전로 1558,,055-930-4882,합천박물관,https://www.hc.go.kr/museum.web,주차시설+산책로+야외조각전시+인공폭포+분수대,09:00,18:00,09:00,18:00,"월(단, 월요일이 공휴일인 경우 당일은 개관하고 그 다음 첫번째 평일에 휴관)+1월1일+설 당일+추석 당일",0,0,0,,"합천박물관은 2004년 12월 9일에 개관하여, 합천 지역의 전통문화와 역사에 대한 올바른 지식을 제공하고자 설립하였다.",버스: 합천-초계(성태.초계)(합천터미널)에서 쌍책정류장 하차,055-930-4881,경상남도 합천군청,2025-07-11,5480000,경상남도 합천군
전국박물관미술관정보표준데이터,https://www.data.go.kr/data/15017323/standard.do,2025-07-11,place,합천한의학박물관,사립,경상남도 합천군,경상남도 합천군 용주면 고품길 42,35.53772383,128.1012211,의학박사 고 임판규 옹에 의해 2013년 8월 개관하였다. 양의학의 단점인 하나의 장기를 고치면 다른 하나의 장기는 돌보지 못한다는 한계점을 인식하고 이러한 점을 보완할 수 있는 한의학과 약초학에 관심을 가졌다. 이리하여 병이 생기기 전 예방할 수 있는 한의학을 널리 알리기 위하여 합천한의학박물관을 개관하였다. 민족의학의 정통성과 소중함을 지닌 전통한방유물 및 교육적 가치가 높은 삼국시대부터 근현대 생활상을 보여주는 도자기 및 민속유물 등 총4000여점의 유물을 보유중이며 이 중 300여점의 한의학유물을 상설전시 중이다.,관람 전 예습 동화와 방문 후 기념 동화책 배경,전시실에서 마음에 드는 작품이나 물건을 찾아 가족과 이야기하기,5-7;8-10,박물관;미술관;합천한의학박물관;의학박사;고;임판규;옹에;의해;2013년;8월;개관하였다.;양의학의,합천한의학박물관,사립,경상남도 합천군 용주면 고품길 42,,055-934-0601,합천한의학박물관,http://hckmmuseum.com/,주차시설+힐링운동장+캠핑시설,09:00,18:00,09:00,18:00,"월(단, 월요일이 공휴일인 경우 당일은 개관하고 그 다음 첫번째 평일에 휴관)+1월1일+설 당일+추석 당일",1500,3000,2500,어른(55세이상)+청소년(20~55세)+어린이(11~19세),의학박사 고 임판규 옹에 의해 2013년 8월 개관하였다. 양의학의 단점인 하나의 장기를 고치면 다른 하나의 장기는 돌보지 못한다는 한계점을 인식하고 이러한 점을 보완할 수 있는 한의학과 약초학에 관심을 가졌다. 이리하여 병이 생기기 전 예방할 수 있는 한의학을 널리 알리기 위하여 합천한의학박물관을 개관하였다. 민족의학의 정통성과 소중함을 지닌 전통한방유물 및 교육적 가치가 높은 삼국시대부터 근현대 생활상을 보여주는 도자기 및 민속유물 등 총4000여점의 유물을 보유중이며 이 중 300여점의 한의학유물을 상설전시 중이다.,버스: 합천-거창(평학.대병)(합천터미널)에서 고품삼거리정류장 하차,055-930-4895,경상남도 합천군청,2025-07-11,5480000,경상남도 합천군
전국박물관미술관정보표준데이터,https://www.data.go.kr/data/15017323/standard.do,2025-07-11,place,해인사성보박물관,사립,경상남도 합천군,경상남도 합천군 가야면 가야산로 1742-17,35.7935754,128.094564,"해인사성보박물관은 유네스코 세계문화유산과 세계기록유산으로 등재된 장경판전과 팔만대장경이 모셔진 법보종찰 해인사에 위치하고 있는 사찰 박물관이다. 해인사와 해인사 산내 암자, 말사의 문화재들을 안전하고 효율적으로 보존,관리하고, 문화재에 대한 체계적인 연구를 통하여 관람객들에게 불교문화에 대한 올바른 이해를 도모하고자 2002년에 개관하였다.",관람 전 예습 동화와 방문 후 기념 동화책 배경,전시실에서 마음에 드는 작품이나 물건을 찾아 가족과 이야기하기,5-7;8-10,박물관;미술관;해인사성보박물관;해인사성보박물관은;유네스코;세계문화유산과;세계기록유산으로;등재된;장경판전과;팔만대장경이;모셔진;법보종찰,해인사성보박물관,사립,경상남도 합천군 가야면 가야산로 1742-17,,055-934-3150,해인사성보박물관,http://www.haeinsamuseum.kr/,주차시설,10:00,17:00,10:00,17:00,월,0,0,0,,"해인사성보박물관은 유네스코 세계문화유산과 세계기록유산으로 등재된 장경판전과 팔만대장경이 모셔진 법보종찰 해인사에 위치하고 있는 사찰 박물관이다. 해인사와 해인사 산내 암자, 말사의 문화재들을 안전하고 효율적으로 보존,관리하고, 문화재에 대한 체계적인 연구를 통하여 관람객들에게 불교문화에 대한 올바른 이해를 도모하고자 2002년에 개관하였다.",버스: 합천시외버스터미널에서 해인사행 시외버스 탑승 후 해인사 앞에서 하차,055-930-4895,경상남도 합천군청,2025-07-11,5480000,경상남도 합천군
전국박물관미술관정보표준데이터,https://www.data.go.kr/data/15017323/standard.do,2025-07-11,place,고성탈박물관,공립,경상남도 고성군,경상남도 고성군 고성읍 율대2길 23,34.971094,128.333804,"2005년 개관한 우리나라 유일의 탈전문공립박물관으로 탈 수집 및 조사 연구, 대중을 위한 특별전 및 세미나를 비롯하여 지역민을 위한 교육프로그램을 운영하고 있다. 상설전시실에서는 우리나라 무형문화재 탈놀이의 탈을 지역별로 구분하여 전시하고 있으며 기획전시실에서는 연 1회 주제별 전시를 개최하고 있다. 야외에는 잔디마당, 포토죤 등이 있다.",관람 전 예습 동화와 방문 후 기념 동화책 배경,전시실에서 마음에 드는 작품이나 물건을 찾아 가족과 이야기하기,5-7;8-10,박물관;미술관;고성탈박물관;2005년;개관한;우리나라;유일의;탈전문공립박물관으로;탈;수집;및;조사,고성탈박물관,공립,경상남도 고성군 고성읍 율대2길 23,경상남도 고성군 고성읍 율대리 666-19,055-672-8829,경상남도 고성군,https://www.goseong.go.kr/tour/,화장실+주차장,09:00,18:00,09:00,18:00,"월(단, 월요일이 공휴일일 경우 화요일 휴관)+1월 1일+설날 당일+추석 당일",0,0,0,0,"2005년 개관한 우리나라 유일의 탈전문공립박물관으로 탈 수집 및 조사 연구, 대중을 위한 특별전 및 세미나를 비롯하여 지역민을 위한 교육프로그램을 운영하고 있다. 상설전시실에서는 우리나라 무형문화재 탈놀이의 탈을 지역별로 구분하여 전시하고 있으며 기획전시실에서는 연 1회 주제별 전시를 개최하고 있다. 야외에는 잔디마당, 포토죤 등이 있다.",,055-672-8829,경상남도 고성군,2025-07-11,5420000,경상남도 고성군
전국박물관미술관정보표준데이터,https://www.data.go.kr/data/15017323/standard.do,2025-07-01,place,조태일 시문학기념관,공립,전라남도 곡성군,전라남도 곡성군 죽곡면 태안로 622-38,35.13351552,127.3685909,조태일 시문학기념관은 199년 타계한 문단의 큰별인 죽형 조태일선생을 기리기 위해 2003년 곡성군에서 건립하였다.,관람 전 예습 동화와 방문 후 기념 동화책 배경,전시실에서 마음에 드는 작품이나 물건을 찾아 가족과 이야기하기,5-7;8-10,박물관;미술관;조태일;시문학기념관;시문학기념관은;199년;타계한;문단의;큰별인;죽형;조태일선생을;기리기,조태일 시문학기념관,공립,전라남도 곡성군 죽곡면 태안로 622-38,전라남도 곡성군 죽곡면 원달리 20,061-362-5868,전라남도 곡성군청,http://www.gokseong.go.kr/tour/?pid=90&act=view&SEQ=94,창작실,09:00,18:00,09:00,18:00,월,0,0,0,무료,조태일 시문학기념관은 199년 타계한 문단의 큰별인 죽형 조태일선생을 기리기 위해 2003년 곡성군에서 건립하였다.,,061-360-8473,전라남도 곡성군청,2025-07-01,4860000,전라남도 곡성군
전국박물관미술관정보표준데이터,https://www.data.go.kr/data/15017323/standard.do,2023-11-15,place,여주산림박물관,공립,경기도 여주시,경기도 여주시 황학산수목원길 73,37.27875343,127.6470365,"산림의 과거, 현재, 미래를 영상과 학습자료를 이용해 설명하고 다양한 산림문화작품을 전시한 체험관.",관람 전 예습 동화와 방문 후 기념 동화책 배경,전시실에서 마음에 드는 작품이나 물건을 찾아 가족과 이야기하기,5-7;8-10,박물관;미술관;여주산림박물관;산림의;과거;현재;미래를;영상과;학습자료를;이용해;설명하고;다양한,여주산림박물관,공립,경기도 여주시 황학산수목원길 73,경기도 여주시 매룡동 287-1,031-887-2741,여주산림박물관,http://www.yeoju.go.kr/main/hhsan,북카페,09:00,18:00,09:00,18:00,월요일+추석연휴+설날연휴+1월1일,0,0,0,,"산림의 과거, 현재, 미래를 영상과 학습자료를 이용해 설명하고 다양한 산림문화작품을 전시한 체험관.",여주 IC→명성황후생가입구→강변유원지 방향→곤충박물관 삼거리에서 좌회전→황학산수목원,031-887-2741,경기도 여주시청,2023-11-15,5700000,경기도 여주시
전국박물관미술관정보표준데이터,https://www.data.go.kr/data/15017323/standard.do,2023-11-15,place,여주시립폰박물관,공립,경기도 여주시,경기도 여주시 강변유원지길 105,37.29306214,127.666904,2016년 4월 여주 시립으로 다시 태어난 폰박물관은 세계에서 하나뿐인 휴대전화 박물관이다.,관람 전 예습 동화와 방문 후 기념 동화책 배경,전시실에서 마음에 드는 작품이나 물건을 찾아 가족과 이야기하기,5-7;8-10,박물관;미술관;여주시립폰박물관;2016년;4월;여주;시립으로;다시;태어난;폰박물관은;세계에서;하나뿐인,여주시립폰박물관,공립,경기도 여주시 강변유원지길 105,경기도 여주시 연양동 304-3,031-887-3548,여주시립폰박물관,https://phone.yeoju.go.kr/,,09:00,18:00,09:00,18:00,월요일+추석당일+설날당일+1월1일,3000,2500,2000,,2016년 4월 여주 시립으로 다시 태어난 폰박물관은 세계에서 하나뿐인 휴대전화 박물관이다.,"여주IC, 서여주IC → 버스터미널사거리 → 상동사거리(우회전) → 상동삼거리(좌회전) → 강변유원지 내 위치",031-887-3548,경기도 여주시청,2023-11-15,5700000,경기도 여주시
전국박물관미술관정보표준데이터,https://www.data.go.kr/data/15017323/standard.do,2023-11-15,place,명성황후기념관,공립,경기도 여주시,경기도 여주시 명성로 71,37.25967518,127.6554281,명성황후 생가 앞에 위치한 명성황후 기념관은 올바른 역사관을 정립하고자 건립한 기념관이다.,관람 전 예습 동화와 방문 후 기념 동화책 배경,전시실에서 마음에 드는 작품이나 물건을 찾아 가족과 이야기하기,5-7;8-10,박물관;미술관;명성황후기념관;명성황후;생가;앞에;위치한;기념관은;올바른;역사관을;정립하고자;건립한,명성황후기념관,공립,경기도 여주시 명성로 71,경기도 여주시 능현동 250-2,031-881-9730,명성황후기념관,https://www.yjcf.or.kr/cms/content/view/289,,09:00,18:00,09:00,18:00,월요일+추석당일+설날당일+1월1일,0,0,0,,명성황후 생가 앞에 위치한 명성황후 기념관은 올바른 역사관을 정립하고자 건립한 기념관이다.,"경부고속도로 신갈 I.C., 중부고속도로 호법 I.C., 중부내륙고속도로 여주 Jct.에서 영동고속도로로 진입 →강릉방면 여주 I.C.에서 나와 → 여주 방향으로 우회전 하여 150m 지점에서 → 다시 우회전 한 후 직진하면 800m 지점에 명성황후생가가 위치",031-881-9730,경기도 여주시청,2023-11-15,5700000,경기도 여주시
전국박물관미술관정보표준데이터,https://www.data.go.kr/data/15017323/standard.do,2023-11-15,place,여주박물관,공립,경기도 여주시,경기도 여주시 신륵사길 6-12,37.2996535,127.6533782,"여주의 역사와 전통문화를 아우르는 시립박물관으로, 전시와 교육, 체험을 할 수 있는 문화공간이다.",관람 전 예습 동화와 방문 후 기념 동화책 배경,전시실에서 마음에 드는 작품이나 물건을 찾아 가족과 이야기하기,5-7;8-10,박물관;미술관;여주박물관;여주의;역사와;전통문화를;아우르는;시립박물관으로;전시와;교육;체험을;할,여주박물관,공립,경기도 여주시 신륵사길 6-12,경기도 여주시 천송동 545-1,031-887-3583,여주박물관,http://www.yeoju.go.kr/museum,통카페,09:00,18:00,09:00,18:00,월요일+추석당일+설날당일+1월1일,0,0,0,,"여주의 역사와 전통문화를 아우르는 시립박물관으로, 전시와 교육, 체험을 할 수 있는 문화공간이다.",여주IC → 여주대교 → 신륵사 관광단지 → 신륵사 관지 내 강변에 위치,031-887-3583,경기도 여주시청,2023-11-15,5700000,경기도 여주시
전국박물관미술관정보표준데이터,https://www.data.go.kr/data/15017323/standard.do,2023-11-15,place,아트뮤지엄 려,공립,경기도 여주시,경기도 여주시 명품로 370,37.2380063,127.6078488,"예술 중심의 통섭을 통해 시민, 관람객 간의 소통과 문화향유 기회를 확대하고자 여주시가 운영하는 미술관이다.",관람 전 예습 동화와 방문 후 기념 동화책 배경,전시실에서 마음에 드는 작품이나 물건을 찾아 가족과 이야기하기,5-7;8-10,박물관;미술관;아트뮤지엄;려;예술;중심의;통섭을;통해;시민;관람객;간의;소통과,아트뮤지엄 려,공립,경기도 여주시 명품로 370,경기도 여주시 상거동 462,031-887-2630,아트뮤지엄 려,https://www.yeoju.go.kr/ryeo/,,10:00,18:00,10:00,18:00,월요일+추석당일+설날당일+1월1일,0,0,0,,"예술 중심의 통섭을 통해 시민, 관람객 간의 소통과 문화향유 기회를 확대하고자 여주시가 운영하는 미술관이다.",여주JC → 남여주IC → 남여주 IC교차로 → 유통단지(프리미엄아울렛 방면으로 좌회전) → 여주프리미엄아울렛 → WEST 퍼블릭마켓 內 H주차장 앞,031-887-2630,경기도 여주시청,2023-11-15,5700000,경기도 여주시
전국박물관미술관정보표준데이터,https://www.data.go.kr/data/15017323/standard.do,2023-11-15,place,목아박물관,사립,경기도 여주시,경기도 여주시 강천면 이문안길 21,37.28855063,127.6881237,우리 전통불교미술의 우수성과 예술성을 계승·발전시키고자 국가무형문화재 제108호 박찬수 목조각장에 의해 설립된 박물관,관람 전 예습 동화와 방문 후 기념 동화책 배경,전시실에서 마음에 드는 작품이나 물건을 찾아 가족과 이야기하기,5-7;8-10,박물관;미술관;목아박물관;우리;전통불교미술의;우수성과;예술성을;계승·발전시키고자;국가무형문화재;제108호;박찬수;목조각장에,목아박물관,사립,경기도 여주시 강천면 이문안길 21,경기도 여주시 강천면 이호리 396-2,031-885-9952,목아박물관,http://www.moka.or.kr/,목아카페,09:30,18:00,09:30,18:00,월요일+화요일,6000,5000,3000,경로 5000,우리 전통불교미술의 우수성과 예술성을 계승·발전시키고자 국가무형문화재 제108호 박찬수 목조각장에 의해 설립된 박물관,"여주 IC → 여주대학 → 문막방면 전용도로 → 이호대교 → 이호리, 대순진리회 → 좌회전 → 목아박물관",031-885-9952,경기도 여주시청,2023-11-15,5700000,경기도 여주시
전국박물관미술관정보표준데이터,https://www.data.go.kr/data/15017323/standard.do,2023-11-15,place,여성생활사박물관,사립,경기도 여주시,경기도 여주시 강천면 강천로 324-20,37.2425236,127.7081445,여성생활사 유물의 조사수집과 관리 및 전시를 통해 여성문화의 이해증진을 위해 건립한 박물관이다.,관람 전 예습 동화와 방문 후 기념 동화책 배경,전시실에서 마음에 드는 작품이나 물건을 찾아 가족과 이야기하기,5-7;8-10,박물관;미술관;여성생활사박물관;여성생활사;유물의;조사수집과;관리;및;전시를;통해;여성문화의;이해증진을,여성생활사박물관,사립,경기도 여주시 강천면 강천로 324-20,경기도 여주시 강천면 굴암리 9-3,031-882-8100,여성생활사박물관,http://www.womanlife.kr/,,10:00,18:00,10:00,18:00,월요일,5000,3000,3000,,여성생활사 유물의 조사수집과 관리 및 전시를 통해 여성문화의 이해증진을 위해 건립한 박물관이다.,여주 IC를 나와 여주대학을 지나 원주 방면 자동차 전용도로를 이용하여 7km 운행 후 강천에서 빠져나와 파출소를 지나 우회전하여 굴암리 쪽으로 향한다.,031-882-8100,경기도 여주시청,2023-11-15,5700000,경기도 여주시
전국박물관미술관정보표준데이터,https://www.data.go.kr/data/15017323/standard.do,2025-11-17,place,다도박물관,사립,경기도 김포시,경기도 김포시 월곶면 애기봉로275번길 187-49,37.7375188,126.574432,한국 차문화역사를 재조명 할 수 있도록 2001년 5월 개관한 국내 유일의 전통 다도 전문 사립박물관,관람 전 예습 동화와 방문 후 기념 동화책 배경,전시실에서 마음에 드는 작품이나 물건을 찾아 가족과 이야기하기,5-7;8-10,박물관;미술관;다도박물관;한국;차문화역사를;재조명;할;수;있도록;2001년;5월;개관한,다도박물관,사립,경기도 김포시 월곶면 애기봉로275번길 187-49,경기도 김포시 월곶면 개곡리 832,031-998-1000,다도박물관,http://www.gimpoteamuseum.org,,10:00,18:00,10:00,18:00,매주 월요일,5000,3000,2000,성인 : 5000원 / 단체(20명이상) 관람시 인당 4000원) +청소년(초/중/고등) : 3000원 + 유아(3세~7세) : 2000원,한국 차문화역사를 재조명 할 수 있도록 2001년 5월 개관한 국내 유일의 전통 다도 전문 사립박물관,"대중교통 이용시 : 강화도행(48번국도) 88, 96, 3000 버스(군하리 하차) > 택시 탑승 & 이동 약 5분 + 자가용 이용시 : 48번국도 강화도 방면 > 청소년수련관 : 김포조각공원과 애기봉 삼거리에서 애기봉방향으로 약 5분",031-998-1000,다도박물관,2025-11-17,4090000,경기도 김포시
전국박물관미술관정보표준데이터,https://www.data.go.kr/data/15017323/standard.do,2025-11-17,place,외할머니의 부엌,사립,경기도 김포시,경기도 김포시 대곶면 덕포진로103번길 95-7,37.6499707,126.538973,"덕포진 인근에 위치한 생활사 박물관으로, 옛 부엌의 풍경과 정서를 담아낸 공간",관람 전 예습 동화와 방문 후 기념 동화책 배경,전시실에서 마음에 드는 작품이나 물건을 찾아 가족과 이야기하기,5-7;8-10,박물관;미술관;외할머니의;부엌;덕포진;인근에;위치한;생활사;박물관으로;옛;부엌의;풍경과,외할머니의 부엌,사립,경기도 김포시 대곶면 덕포진로103번길 95-7,경기도 김포시 대곶면 신안리 222,031-984-1993,외할머니의 부엌,https://blog.naver.com/kimhs0891,,10:00,18:00,10:00,18:00,매주 월요일,5000,5000,2000,중학생 이상 5000원+초등학생 2000원,"덕포진 인근에 위치한 생활사 박물관으로, 옛 부엌의 풍경과 정서를 담아낸 공간",덕포진 전시관 가기 전 약 100m거리 위치,031-984-1993,외할머니의 부엌,2025-11-17,4090000,경기도 김포시
전국박물관미술관정보표준데이터,https://www.data.go.kr/data/15017323/standard.do,2025-12-02,place,수양개선사유물전시관,공립,충청북도 단양군,충청북도 단양군 적성면 수양개유적로 390,36.96046477,128.3324638,수양개선사유물전시관은 1983년 충주댐 수몰지구 문화유적 발굴조사의 일환으로 발굴을 시작하여 중기 구석기시대부터 마한시대까지의 문화층에서 발굴된 수양개 유적의 유물과 정리+연구된 자료들을 전시하고 있다,관람 전 예습 동화와 방문 후 기념 동화책 배경,전시실에서 마음에 드는 작품이나 물건을 찾아 가족과 이야기하기,5-7;8-10,박물관;미술관;수양개선사유물전시관;수양개선사유물전시관은;1983년;충주댐;수몰지구;문화유적;발굴조사의;일환으로;발굴을;시작하여,수양개선사유물전시관,공립,충청북도 단양군 적성면 수양개유적로 390,충청북도 단양군 적성면 애곡리 209-1,043-423-8502,수양개선사유물전시관,http://www.danyang.go.kr/suyanggae,장애인 편의시설,09:00,22:00,09:00,22:00,1월 1일+설날 당일 + 추석 당일+ 월,2000,1000,800,지역주민 50퍼센트 감면,수양개선사유물전시관은 1983년 충주댐 수몰지구 문화유적 발굴조사의 일환으로 발굴을 시작하여 중기 구석기시대부터 마한시대까지의 문화층에서 발굴된 수양개 유적의 유물과 정리+연구된 자료들을 전시하고 있다,,043-423-8502,충청북도 단양군청,2025-12-02,4480000,충청북도 단양군
전국박물관미술관정보표준데이터,https://www.data.go.kr/data/15017323/standard.do,2025-12-02,place,불교천태중앙박물관,사립,충청북도 단양군,충청북도 단양군 영춘면 백자길 9,37.0435507,128.4851688,불교와 관련된 전적+회화+공예+조각 등의 다양한 유물을 소장하고 있다+대표적으로 국가지정문화재 43점을 비롯하여 중국+일본+몽골+티베트+파키스탄 등 세계 각지에서 수집한 다양한 불교 관련 유물들을 보유하고 있다,관람 전 예습 동화와 방문 후 기념 동화책 배경,전시실에서 마음에 드는 작품이나 물건을 찾아 가족과 이야기하기,5-7;8-10,박물관;미술관;불교천태중앙박물관;불교와;관련된;전적+회화+공예+조각;등의;다양한;유물을;소장하고;있다+대표적으로;국가지정문화재,불교천태중앙박물관,사립,충청북도 단양군 영춘면 백자길 9,충청북도 단양군 영춘면 백자리 65,043-423-9103,구인사,http://www.cheontae.org/cul/loader.php?hcode=culture/museum,매점,10:00,17:00,09:00,17:00,1월 1일+설날 당일 + 추석 당일+ 월,0,0,0,,불교와 관련된 전적+회화+공예+조각 등의 다양한 유물을 소장하고 있다+대표적으로 국가지정문화재 43점을 비롯하여 중국+일본+몽골+티베트+파키스탄 등 세계 각지에서 수집한 다양한 불교 관련 유물들을 보유하고 있다,,043-423-9103,구인사,2025-12-02,4480000,충청북도 단양군
전국박물관미술관정보표준데이터,https://www.data.go.kr/data/15017323/standard.do,2025-11-28,place,수다라성보박물관,사립,전라남도 영광군,전라남도 영광군 불갑면 불갑사로 450,35.19967453,126.5500459,"불교 관련 전적, 불화, 공예품 전시",관람 전 예습 동화와 방문 후 기념 동화책 배경,전시실에서 마음에 드는 작품이나 물건을 찾아 가족과 이야기하기,5-7;8-10,박물관;미술관;수다라성보박물관;불교;관련;전적;불화;공예품;전시,수다라성보박물관,사립,전라남도 영광군 불갑면 불갑사로 450,전라남도 영광군 불갑면 모악리 8,061-352-8097,대한불교조계종불갑사,,,09:00,17:00,09:00,17:00,매주 월요일,0,0,0,,"불교 관련 전적, 불화, 공예품 전시",,061-350-5226,전라남도 영광군,2025-11-28,4970000,전라남도 영광군
전국박물관미술관정보표준데이터,https://www.data.go.kr/data/15017323/standard.do,2025-11-28,place,우리삶문화옥당박물관,사립,전라남도 영광군,전라남도 영광군 백수읍 대신길3길 3,35.36068807,126.4026604,"고고학, 민속유물, 인물 전시",관람 전 예습 동화와 방문 후 기념 동화책 배경,전시실에서 마음에 드는 작품이나 물건을 찾아 가족과 이야기하기,5-7;8-10,박물관;미술관;우리삶문화옥당박물관;고고학;민속유물;인물;전시,우리삶문화옥당박물관,사립,전라남도 영광군 백수읍 대신길3길 3,전라남도 영광군 백수읍 대신리 36,070-7011-6887,재단법인 원불교,,,10:00,17:00,10:00,17:00,매주 월요일,0,0,0,,"고고학, 민속유물, 인물 전시",,061-350-5226,전라남도 영광군,2025-11-28,4970000,전라남도 영광군
전국박물관미술관정보표준데이터,https://www.data.go.kr/data/15017323/standard.do,2025-12-02,place,1004섬수석미술관,공립,전라남도 신안군,전라남도 신안군 자은면 자은서부2길 508-68,34.8800925,125.9968744,수석 225점 전시,관람 전 예습 동화와 방문 후 기념 동화책 배경,전시실에서 마음에 드는 작품이나 물건을 찾아 가족과 이야기하기,5-7;8-10,박물관;미술관;1004섬수석미술관;수석;225점;전시,1004섬수석미술관,공립,전라남도 신안군 자은면 자은서부2길 508-68,전라남도 신안군 자은면 백산리 633-54,061-240-3223,전라남도 신안군,https://www.shinan.go.kr/home/museum,해설사,09:00,18:00,09:00,18:00,"월(단, 월요일이 공휴일인 경우 당일은 개관하고 그 다음 첫번째 평일에 휴관)",1000020,500020,300020,"1.국가유공자, 장애인, 등 면제 2.디지털관광주민증 소지시 30 할인3. 신안군통합관람권 5개소중 대상",수석 225점 전시,1. 자가이용(목포에서 1시간10분 소요)2. 목포1004 공용버스 운영(1시간40분 소요)3. 증도출발시 선박 이용,061-240-3223,전라남도 신안군청,2025-12-02,5010000,전라남도 신안군
전국박물관미술관정보표준데이터,https://www.data.go.kr/data/15017323/standard.do,2025-12-02,place,천사상미술관,공립,전라남도 신안군,전라남도 신안군 하의면 웅곡리 242-33,34.6084222,126.0375545,천사상미술관을(를) 배경으로 관람 전후 동화를 만들 수 있다.,관람 전 예습 동화와 방문 후 기념 동화책 배경,전시실에서 마음에 드는 작품이나 물건을 찾아 가족과 이야기하기,5-7;8-10,박물관;미술관;천사상미술관,천사상미술관,공립,,전라남도 신안군 하의면 웅곡리 242-33,061-240-8067,전라남도 신안군,https://www.shinan.go.kr/home/museum,,00:00,12:00,00:00,12:00,연중무휴,0,0,0,,,,061-240-8067,전라남도 신안군청,2025-12-02,5010000,전라남도 신안군
전국박물관미술관정보표준데이터,https://www.data.go.kr/data/15017323/standard.do,2025-12-02,place,저녁노을미술관,공립,전라남도 신안군,전라남도 신안군 압해읍 무지개길 350,34.844492,126.249879,저녁노을미술관을(를) 배경으로 관람 전후 동화를 만들 수 있다.,관람 전 예습 동화와 방문 후 기념 동화책 배경,전시실에서 마음에 드는 작품이나 물건을 찾아 가족과 이야기하기,5-7;8-10,박물관;미술관;저녁노을미술관,저녁노을미술관,공립,전라남도 신안군 압해읍 무지개길 350,전라남도 신안군 압해읍 송공리 58-5,061-240-5441,전라남도 신안군,https://www.shinan.go.kr/home/museum,,09:00,18:00,09:00,18:00,"월(단, 월요일이 공휴일인 경우 당일은 개관하고 그 다음 첫번째 평일에 휴관)",0,0,0,,,,061-240-5441,전라남도 신안군청,2025-12-02,5010000,전라남도 신안군
전국박물관미술관정보표준데이터,https://www.data.go.kr/data/15017323/standard.do,2025-11-20,place,강화자연사박물관,공립,인천광역시 강화군,인천광역시 강화군 하점면 강화대로 994-33,37.77459672,126.4347214,강화자연삭박물관은 다양한 표본을 체계적으로 수집 · 보존 · 조사 · 연구하고 관람객이 즐길 수 있는 풍성한 전시 · 교육 · 문화행사 등을 개최하여 재미있고 생동감있는 관람거리를 제공하고자 합니다.,관람 전 예습 동화와 방문 후 기념 동화책 배경,전시실에서 마음에 드는 작품이나 물건을 찾아 가족과 이야기하기,5-7;8-10,박물관;미술관;강화자연사박물관;강화자연삭박물관은;다양한;표본을;체계적으로;수집;·;보존;조사;연구하고,강화자연사박물관,공립,인천광역시 강화군 하점면 강화대로 994-33,인천광역시 강화군 하점면 부근리 814,032-930-7090,인천광역시 강화군청 문화재과,http://www.ganghwa.go.kr/open_content/museum_natural/,,09:00,18:00,09:00,18:00,월+1월1일+설당일+추석당일,3000,2000,2000,무료(강화군민+국가유공자 및 그 가족+장애인 및 동반 보호자 1명+기증기탁자 등),강화자연삭박물관은 다양한 표본을 체계적으로 수집 · 보존 · 조사 · 연구하고 관람객이 즐길 수 있는 풍성한 전시 · 교육 · 문화행사 등을 개최하여 재미있고 생동감있는 관람거리를 제공하고자 합니다.,시내버스+ 군내버스+ 자가용이용,032-390-3114,인천광역시 강화군청,2025-11-20,3570000,인천광역시 강화군
전국박물관미술관정보표준데이터,https://www.data.go.kr/data/15017323/standard.do,2025-11-20,place,강화전쟁박물관,공립,인천광역시 강화군,인천광역시 강화군 강화읍 해안동로1366번길 18,37.73357906,126.5159972,강화전쟁박물관은 천혜의 지정학적 위치를 가지고 있어 역사의 고비 때마다 국방상 요충지 역학을 수행하며 외세의 침략을 막아낸 강화의 호국정신을 널리 알리기 위한 전쟁관련 유물등을 전시하고 있습니다.,관람 전 예습 동화와 방문 후 기념 동화책 배경,전시실에서 마음에 드는 작품이나 물건을 찾아 가족과 이야기하기,5-7;8-10,박물관;미술관;강화전쟁박물관;강화전쟁박물관은;천혜의;지정학적;위치를;가지고;있어;역사의;고비;때마다,강화전쟁박물관,공립,인천광역시 강화군 강화읍 해안동로1366번길 18,인천광역시 강화군 강화읍 갑곳리 1040,032-930-7076,인천광역시 강화군청 문화재과,http://www.ganghwa.go.kr/open_content/museum_war/,,09:00,18:00,09:00,18:00,월+1월1일+설당일+추석당일,1200,900,900,무료(강화군민+국가유공자 및 그 가족+장애인 및 동반 보호자 1명+기증기탁자 등),강화전쟁박물관은 천혜의 지정학적 위치를 가지고 있어 역사의 고비 때마다 국방상 요충지 역학을 수행하며 외세의 침략을 막아낸 강화의 호국정신을 널리 알리기 위한 전쟁관련 유물등을 전시하고 있습니다.,시내버스+ 군내버스+ 자가용이용,032-390-3114,인천광역시 강화군청,2025-11-20,3570000,인천광역시 강화군
전국박물관미술관정보표준데이터,https://www.data.go.kr/data/15017323/standard.do,2025-11-20,place,재송역사박물관,공립,부산광역시 해운대구,부산광역시 해운대구 재반로63번길 23,35.1846356,129.1251954,재송동 역사박물관,관람 전 예습 동화와 방문 후 기념 동화책 배경,전시실에서 마음에 드는 작품이나 물건을 찾아 가족과 이야기하기,5-7;8-10,박물관;미술관;재송역사박물관;재송동;역사박물관,재송역사박물관,공립,부산광역시 해운대구 재반로63번길 23,부산광역시 해운대구 재송동 274-2,051-749-5972,부산광역시 해운대구청,,,10:00,17:00,10:00,17:00,공휴일,0,0,0,,재송동 역사박물관,동해선 센텀역 3번 출구 하차,051-749-5972,부산광역시 해운대구청,2025-11-20,3330000,부산광역시 해운대구
전국박물관미술관정보표준데이터,https://www.data.go.kr/data/15017323/standard.do,2025-11-20,place,조각보박물관,사립,부산광역시 해운대구,부산광역시 해운대구 좌동순환로 25-1,35.16869405,129.1661951,주천 김순향 조각보 박물관,관람 전 예습 동화와 방문 후 기념 동화책 배경,전시실에서 마음에 드는 작품이나 물건을 찾아 가족과 이야기하기,5-7;8-10,박물관;미술관;조각보박물관;주천;김순향;조각보,조각보박물관,사립,부산광역시 해운대구 좌동순환로 25-1,부산광역시 해운대구 좌동 1352-3,051-744-0026,조각보박물관,http://www.조각보박물관.kr/,,14:00,16:00,14:00,16:00,금 제외,0,0,0,금(사전예약),주천 김순향 조각보 박물관,부산 지하철 중동역 10번 출구 하차,051-744-0026,조각보박물관,2025-11-20,3330000,부산광역시 해운대구
전국박물관미술관정보표준데이터,https://www.data.go.kr/data/15017323/standard.do,2025-11-20,place,무비인더박스,사립,부산광역시 해운대구,부산광역시 해운대구 해운대해변로209번길 8-3,35.15933365,129.1543081,국내 최초 SF영화모형 전시관,관람 전 예습 동화와 방문 후 기념 동화책 배경,전시실에서 마음에 드는 작품이나 물건을 찾아 가족과 이야기하기,5-7;8-10,박물관;미술관;무비인더박스;국내;최초;SF영화모형;전시관,무비인더박스,사립,부산광역시 해운대구 해운대해변로209번길 8-3,부산광역시 해운대구 우동 653-2,051-747-2153,무비인더박스,,,10:00,18:00,10:00,18:00,월,5000,5000,3000,,국내 최초 SF영화모형 전시관,부산 지하철 2호선 동백역 하차,051-747-2153,무비인더박스,2025-11-20,3330000,부산광역시 해운대구
전국박물관미술관정보표준데이터,https://www.data.go.kr/data/15017323/standard.do,2025-11-20,place,부산시립미술관,공립,부산광역시 해운대구,부산광역시 해운대구 APEC로 58,35.16668716,129.1370273,각 장르별 미술작품 전시,관람 전 예습 동화와 방문 후 기념 동화책 배경,전시실에서 마음에 드는 작품이나 물건을 찾아 가족과 이야기하기,5-7;8-10,박물관;미술관;부산시립미술관;각;장르별;미술작품;전시,부산시립미술관,공립,부산광역시 해운대구 APEC로 58,부산광역시 해운대구 우동 1413,051-740-4421,부산광역시,art.busan.go.kr,카페,10:00,18:00,10:00,18:00,월,2000,1000,1000,,각 장르별 미술작품 전시,부산 지하철 2호선 벡스코역 하차,051-740-4421,부산광역시,2025-11-20,3330000,부산광역시 해운대구
전국박물관미술관정보표준데이터,https://www.data.go.kr/data/15017323/standard.do,2025-11-20,place,고은사진미술관,사립,부산광역시 해운대구,부산광역시 해운대구 해운대로452번길 16,35.1632784,129.1412107,해운대 소재 최초의 사진전문미술관,관람 전 예습 동화와 방문 후 기념 동화책 배경,전시실에서 마음에 드는 작품이나 물건을 찾아 가족과 이야기하기,5-7;8-10,박물관;미술관;고은사진미술관;해운대;소재;최초의;사진전문미술관,고은사진미술관,사립,부산광역시 해운대구 해운대로452번길 16,부산광역시 해운대구 우동 1005-17,051-746-0055,고은문화재단,http://www.goeunmuseum.kr/,,10:00,18:00,10:00,18:00,월+명절,0,0,0,,해운대 소재 최초의 사진전문미술관,수영 요트경기장 인근 버거킹 뒤,051-746-0055,고은문화재단,2025-11-20,3330000,부산광역시 해운대구
전국박물관미술관정보표준데이터,https://www.data.go.kr/data/15017323/standard.do,2025-11-20,place,뮤지엄원,사립,부산광역시 해운대구,부산광역시 해운대구 센텀서로 20,35.1713212,129.1289814,"대중을 위한 예술, 대중이 체험하고 즐길 수 있는 예술 등을 소개",관람 전 예습 동화와 방문 후 기념 동화책 배경,전시실에서 마음에 드는 작품이나 물건을 찾아 가족과 이야기하기,5-7;8-10,박물관;미술관;뮤지엄원;대중을;위한;예술;대중이;체험하고;즐길;수;있는;등을,뮤지엄원,사립,부산광역시 해운대구 센텀서로 20,부산광역시 해운대구 센텀서로 20,051-731-3302,뮤지엄원,https://museum1.co.kr,,10:00,19:00,10:00,20:00,연중무휴,18000,15000,13000,"장애인, 유공자, 단체 할인","대중을 위한 예술, 대중이 체험하고 즐길 수 있는 예술 등을 소개",부산 지하철 2호선 센텀시티역 하차,051-731-3302,뮤지엄다,2025-11-20,3330000,부산광역시 해운대구
전국박물관미술관정보표준데이터,https://www.data.go.kr/data/15017323/standard.do,2025-11-20,place,아세안문화박물관,사립,부산광역시 해운대구,부산광역시 해운대구 좌동로 162,35.175147,129.182013,아세안 공예품을 통해 각 국가별 역사와 문화 소개,관람 전 예습 동화와 방문 후 기념 동화책 배경,전시실에서 마음에 드는 작품이나 물건을 찾아 가족과 이야기하기,5-7;8-10,박물관;미술관;아세안문화박물관;아세안;공예품을;통해;각;국가별;역사와;문화;소개,아세안문화박물관,사립,부산광역시 해운대구 좌동로 162,부산광역시 해운대구 좌동 1427,051-775-2000,아세안문화원,https://www.ach.or.kr/ach/main.do,카페,10:00,18:00,10:00,19:00,월,0,0,0,,아세안 공예품을 통해 각 국가별 역사와 문화 소개,부산 지하철 2호선 장산역 하차,051-775-2000,아세안문화원,2025-11-20,3330000,부산광역시 해운대구
전국박물관미술관정보표준데이터,https://www.data.go.kr/data/15017323/standard.do,2025-11-24,place,유엔평화기념관,사립,부산광역시 남구,부산광역시 남구 홍곡로320번길 106,35.12475247,129.093215,유엔평화기념관을(를) 배경으로 관람 전후 동화를 만들 수 있다.,관람 전 예습 동화와 방문 후 기념 동화책 배경,전시실에서 마음에 드는 작품이나 물건을 찾아 가족과 이야기하기,5-7;8-10,박물관;미술관;유엔평화기념관,유엔평화기념관,사립,부산광역시 남구 홍곡로320번길 106,,051-901-1400,유엔평화기념관,,,10:00,18:00,10:00,18:00,"매주 월요일, 단 국가공휴일과 월요일이 겹칠 경우 당일은 개관하고 다음날 휴관",0,0,0,,,,051-901-1400,(사)국제평화기념사업회,2025-11-24,3310000,부산광역시 남구
전국박물관미술관정보표준데이터,https://www.data.go.kr/data/15017323/standard.do,2025-11-24,place,부경대학교박물관,대학,부산광역시 남구,부산광역시 남구 용소로 45,35.13116783,129.1048238,부경대학교박물관을(를) 배경으로 관람 전후 동화를 만들 수 있다.,관람 전 예습 동화와 방문 후 기념 동화책 배경,전시실에서 마음에 드는 작품이나 물건을 찾아 가족과 이야기하기,5-7;8-10,박물관;미술관;부경대학교박물관,부경대학교박물관,대학,부산광역시 남구 용소로 45,,051-629-6771,부경대학교박물관,,,10:00,17:00,00:00,00:00,"토·일요일, 공휴일",0,0,0,,,,051-629-6771,부경대학교,2025-11-24,3310000,부산광역시 남구
전국박물관미술관정보표준데이터,https://www.data.go.kr/data/15017323/standard.do,2025-11-24,place,부산시립박물관,공립,부산광역시 남구,부산광역시 남구 유엔평화로 63,35.12959259,129.0929417,부산시립박물관을(를) 배경으로 관람 전후 동화를 만들 수 있다.,관람 전 예습 동화와 방문 후 기념 동화책 배경,전시실에서 마음에 드는 작품이나 물건을 찾아 가족과 이야기하기,5-7;8-10,박물관;미술관;부산시립박물관,부산시립박물관,공립,부산광역시 남구 유엔평화로 63,,051-610-7150,부산시립박물관,,,09:00,18:00,09:00,21:00,"1월 1일, 매주 월요일, 단 월요일이 공휴일인 경우 다음날 휴관",0,0,0,,,,051-610-7150,부산광역시,2025-11-24,3310000,부산광역시 남구
전국박물관미술관정보표준데이터,https://www.data.go.kr/data/15017323/standard.do,2025-11-24,place,경성대학교미술관,대학,부산광역시 남구,부산광역시 남구 수영로 309,35.13843676,129.1000975,경성대학교미술관을(를) 배경으로 관람 전후 동화를 만들 수 있다.,관람 전 예습 동화와 방문 후 기념 동화책 배경,전시실에서 마음에 드는 작품이나 물건을 찾아 가족과 이야기하기,5-7;8-10,박물관;미술관;경성대학교미술관,경성대학교미술관,대학,부산광역시 남구 수영로 309,,051-663-5361,경성대학교미술관,,,10:00,18:00,10:00,18:00,"매월 둘째, 넷째 일요일",0,0,0,,,,051-663-5361,경성대학교,2025-11-24,3310000,부산광역시 남구
전국박물관미술관정보표준데이터,https://www.data.go.kr/data/15017323/standard.do,2025-11-24,place,한국거래소자본시장역사박물관,사립,부산광역시 남구,부산광역시 남구 문현금융로 40,35.14649173,129.0658548,한국거래소자본시장역사박물관을(를) 배경으로 관람 전후 동화를 만들 수 있다.,관람 전 예습 동화와 방문 후 기념 동화책 배경,전시실에서 마음에 드는 작품이나 물건을 찾아 가족과 이야기하기,5-7;8-10,박물관;미술관;한국거래소자본시장역사박물관,한국거래소자본시장역사박물관,사립,부산광역시 남구 문현금융로 40,,051-662-2424,한국거래소,,,09:30,17:30,00:00,00:00,"토·일요일, 공휴일",0,0,0,,,,051-662-2424,한국거래소,2025-11-24,3310000,부산광역시 남구
전국박물관미술관정보표준데이터,https://www.data.go.kr/data/15017323/standard.do,2025-11-24,place,증권박물관(부산관),사립,부산광역시 남구,부산광역시 남구 전포대로 133,35.14828237,129.0654725,증권박물관(부산관)을(를) 배경으로 관람 전후 동화를 만들 수 있다.,관람 전 예습 동화와 방문 후 기념 동화책 배경,전시실에서 마음에 드는 작품이나 물건을 찾아 가족과 이야기하기,5-7;8-10,박물관;미술관;증권박물관(부산관),증권박물관(부산관),사립,부산광역시 남구 전포대로 133,,051-519-0600,한국예탁결제원,,,10:00,17:00,00:00,00:00,"매주 일요일, 공휴일, 근로자의 날",0,0,0,,,,051-519-0600,한국예탁결제원,2025-11-24,3310000,부산광역시 남구
전국박물관미술관정보표준데이터,https://www.data.go.kr/data/15017323/standard.do,2025-11-19,place,부산대박물관,대학,부산광역시 금정구,부산광역시 금정구 부산대학로63번길 2,35.23224315,129.0838247,부산대박물관을(를) 배경으로 관람 전후 동화를 만들 수 있다.,관람 전 예습 동화와 방문 후 기념 동화책 배경,전시실에서 마음에 드는 작품이나 물건을 찾아 가족과 이야기하기,5-7;8-10,박물관;미술관;부산대박물관,부산대박물관,대학,부산광역시 금정구 부산대학로63번길 2,부산광역시 금정구 장전동 40,051-510-1838,부산대학교,https://pnumuseum.pusan.ac.kr/pnumuseum/index..do,,09:00,17:00,00:00,00:00,일+공휴일,0,0,0,,,부산대역 3번출구,051-519-4082,부산광역시 금정구청,2025-11-19,3350000,부산광역시 금정구
전국박물관미술관정보표준데이터,https://www.data.go.kr/data/15017323/standard.do,2025-11-19,place,범어사성보박물관,사립,부산광역시 금정구,부산광역시 금정구 범어사로 250,35.28304308,129.0676212,범어사성보박물관을(를) 배경으로 관람 전후 동화를 만들 수 있다.,관람 전 예습 동화와 방문 후 기념 동화책 배경,전시실에서 마음에 드는 작품이나 물건을 찾아 가족과 이야기하기,5-7;8-10,박물관;미술관;범어사성보박물관,범어사성보박물관,사립,부산광역시 금정구 범어사로 250,부산광역시 금정구 청룡동 546,051-508-6139,범어사,http://www.beomeomuseum.org/,,09:30,17:00,00:00,23:59,월+명절연휴,0,0,0,,,범어사역 7번출구,051-519-4082,부산광역시 금정구청,2025-11-19,3350000,부산광역시 금정구
전국박물관미술관정보표준데이터,https://www.data.go.kr/data/15017323/standard.do,2025-11-19,place,오륜대한국순교자박물관,사립,부산광역시 금정구,부산광역시 금정구 오륜대로 106-1,35.24570172,129.1009016,오륜대한국순교자박물관을(를) 배경으로 관람 전후 동화를 만들 수 있다.,관람 전 예습 동화와 방문 후 기념 동화책 배경,전시실에서 마음에 드는 작품이나 물건을 찾아 가족과 이야기하기,5-7;8-10,박물관;미술관;오륜대한국순교자박물관,오륜대한국순교자박물관,사립,부산광역시 금정구 오륜대로 106-1,부산광역시 금정구 부곡동 1-4,051-583-2923,오륜대한국순교자박물관,http://www.oryundaemuseum.com/,,10:00,17:00,00:00,23:59,월+명절연휴,2000,1000,1000,,,장전역 4번출구+마을버스,051-519-4082,부산광역시 금정구청,2025-11-19,3350000,부산광역시 금정구
전국박물관미술관정보표준데이터,https://www.data.go.kr/data/15017323/standard.do,2025-11-19,place,디오티미술관,사립,부산광역시 금정구,부산광역시 금정구 금샘로35,35.228821,129.076708,디오티미술관을(를) 배경으로 관람 전후 동화를 만들 수 있다.,관람 전 예습 동화와 방문 후 기념 동화책 배경,전시실에서 마음에 드는 작품이나 물건을 찾아 가족과 이야기하기,5-7;8-10,박물관;미술관;디오티미술관,디오티미술관,사립,부산광역시 금정구 금샘로35,부산광역시 금정구 장전동 503-44,051-518-8480,디오티미술관,https://dotmuseum.co.kr/,,11:00,18:00,00:00,00:00,일+월+명절연휴,0,0,0,,,"온천장역 3,5번 출구 + 도보 15분",051-519-4064,부산광역시 금정구청,2025-11-19,3350000,부산광역시 금정구
전국박물관미술관정보표준데이터,https://www.data.go.kr/data/15017323/standard.do,2025-11-19,place,킴스필드아트미술관,사립,부산광역시 금정구,부산광역시 금정구 죽전1길 29,35.252403,129.0542017,킴스필드아트미술관을(를) 배경으로 관람 전후 동화를 만들 수 있다.,관람 전 예습 동화와 방문 후 기념 동화책 배경,전시실에서 마음에 드는 작품이나 물건을 찾아 가족과 이야기하기,5-7;8-10,박물관;미술관;킴스필드아트미술관,킴스필드아트미술관,사립,부산광역시 금정구 죽전1길 29,부산광역시 금정구 금성동 385-2,051-517-6800,킴스필드아트미술관,https://blog.naver.com/kafmuseum,,10:00,17:00,00:00,00:00,토+일+명절연휴,0,0,0,,,죽전마을 버스정류장 하차,051-519-4064,부산광역시 금정구청,2025-11-19,3350000,부산광역시 금정구
전국박물관미술관정보표준데이터,https://www.data.go.kr/data/15017323/standard.do,2025-08-26,place,산꽃미술관,사립,전라남도 진도군,전라남도 진도군 진도읍 서부해안로 828,34.52308172,126.2275807,구 진도서초등학교분교를 리모델링하여 서예·문인화·한국화·현대미술 등 다양한 작품을 기획 전시하고 있다.,관람 전 예습 동화와 방문 후 기념 동화책 배경,전시실에서 마음에 드는 작품이나 물건을 찾아 가족과 이야기하기,5-7;8-10,박물관;미술관;산꽃미술관;구;진도서초등학교분교를;리모델링하여;서예·문인화·한국화·현대미술;등;다양한;작품을;기획;전시하고,산꽃미술관,사립,전라남도 진도군 진도읍 서부해안로 828,전라남도 진도군 진도읍 수유리 792,061-544-0202,산꽃미술관,https://blog.daum.net/ksr1958,,10:00,18:00,10:00,18:00,일+월,3000,3000,0,,구 진도서초등학교분교를 리모델링하여 서예·문인화·한국화·현대미술 등 다양한 작품을 기획 전시하고 있다.,,061-540-3059,전라남도 진도군청,2025-08-26,5000000,전라남도 진도군
전국박물관미술관정보표준데이터,https://www.data.go.kr/data/15017323/standard.do,2025-08-26,place,시에그린한국시화박물관,사립,전라남도 진도군,전라남도 진도군 임회면 죽림길 97,34.39089736,126.2503456,한국문학의 대표적인 시와 소설 등 주요 문학작품을 미술로 구현한 작품과 시인이 직접 쓴 서예작품을 동시에 전시한 한국 최초의 시화 박물관이다.,관람 전 예습 동화와 방문 후 기념 동화책 배경,전시실에서 마음에 드는 작품이나 물건을 찾아 가족과 이야기하기,5-7;8-10,박물관;미술관;시에그린한국시화박물관;한국문학의;대표적인;시와;소설;등;주요;문학작품을;미술로;구현한,시에그린한국시화박물관,사립,전라남도 진도군 임회면 죽림길 97,전라남도 진도군 임회면 죽림리 779,061-542-1005,시에그린한국시화박물관,http://www.seagreen.co.kr,,09:00,18:00,09:00,18:00,월,5000,5000,0,,한국문학의 대표적인 시와 소설 등 주요 문학작품을 미술로 구현한 작품과 시인이 직접 쓴 서예작품을 동시에 전시한 한국 최초의 시화 박물관이다.,,061-540-3059,전라남도 진도군청,2025-08-26,5000000,전라남도 진도군
전국박물관미술관정보표준데이터,https://www.data.go.kr/data/15017323/standard.do,2025-08-26,place,여귀산미술관,사립,전라남도 진도군,전라남도 진도군 임회면 죽림길 100,34.39097128,126.2504942,진도가 낳은 세계적인 조각가인 양두환의 조각 작품과 한국을 대표하는 주요 서양화·한국화·문인화·서예·공예와 조각품을 실내외 전시 중이다.,관람 전 예습 동화와 방문 후 기념 동화책 배경,전시실에서 마음에 드는 작품이나 물건을 찾아 가족과 이야기하기,5-7;8-10,박물관;미술관;여귀산미술관;진도가;낳은;세계적인;조각가인;양두환의;조각;작품과;한국을;대표하는,여귀산미술관,사립,전라남도 진도군 임회면 죽림길 100,전라남도 진도군 임회면 죽림리 778,061-542-1006,여귀산미술관,,,09:00,18:00,09:00,18:00,월,0,0,0,무료,진도가 낳은 세계적인 조각가인 양두환의 조각 작품과 한국을 대표하는 주요 서양화·한국화·문인화·서예·공예와 조각품을 실내외 전시 중이다.,,061-540-3059,전라남도 진도군청,2025-08-26,5000000,전라남도 진도군
전국박물관미술관정보표준데이터,https://www.data.go.kr/data/15017323/standard.do,2025-08-27,place,포항시립미술관,공립,경상북도 포항시,경상북도 포항시 북구 환호공원길 10,36.06627642,129.391093,"포항시립미술관은 2009년 12월 22일 개관하여, 포항 문화의 근간인 ’Steel’을 테마로 ’Steel Art’ 컬렉션과 전시기획에 주력하고 있으며, ’시민이 감동하는, 작지만 차별화된, 세계적 미술관’을 지향하고 있습니다.",관람 전 예습 동화와 방문 후 기념 동화책 배경,전시실에서 마음에 드는 작품이나 물건을 찾아 가족과 이야기하기,5-7;8-10,박물관;미술관;포항시립미술관;포항시립미술관은;2009년;12월;22일;개관하여;포항;문화의;근간인;’Steel’을,포항시립미술관,공립,경상북도 포항시 북구 환호공원길 10,경상북도 포항시 북구 환호동 351,054-270-4631,경상북도 포항시립미술관,http://poma.pohang.go.kr,카페+도서실+수유실,10:00,19:00,10:00,19:00,월(월요일이 공휴일인 경우 정상개관 후 그 다음 첫번째 평일에 휴관) + 1월1일 + 설 연휴 + 추석 연휴 + 전시준비기간,0,0,0,,"포항시립미술관은 2009년 12월 22일 개관하여, 포항 문화의 근간인 ’Steel’을 테마로 ’Steel Art’ 컬렉션과 전시기획에 주력하고 있으며, ’시민이 감동하는, 작지만 차별화된, 세계적 미술관’을 지향하고 있습니다.",(일반) 207+302+600+900+9000+양덕1+양덕3번 환호해맞이그린빌 하차+도보 3분,054-270-4361,경상북도 포항시 평생학습원,2025-08-27,5020000,경상북도 포항시
전국박물관미술관정보표준데이터,https://www.data.go.kr/data/15017323/standard.do,2025-11-19,place,금산역사문화박물관,공립,충청남도 금산군,충청남도 금산군 금산읍 금산로 1575,36.1141664,127.4918544,금산역사문화박물관은 지하1층 지상3층 규모로 1층 금산역사관에는 선사시대부터 근현대까지 금산의 역사와 발굴유물을 전시하고 있으며 2층 금산생활민속관에는 금산의 민속유물과 세계민속유물을 전시하고 있습니다.,관람 전 예습 동화와 방문 후 기념 동화책 배경,전시실에서 마음에 드는 작품이나 물건을 찾아 가족과 이야기하기,5-7;8-10,박물관;미술관;금산역사문화박물관;금산역사문화박물관은;지하1층;지상3층;규모로;1층;금산역사관에는;선사시대부터;근현대까지;금산의,금산역사문화박물관,공립,충청남도 금산군 금산읍 금산로 1575,충청남도 금산군 금산읍 중도리 203-28,041-750-2397,충청남도 금산군청,https://www.geumsan.go.kr/museum/,,09:00,18:00,09:00,18:00,월+1월1일+설 당일+추석 당일,0,0,0,,금산역사문화박물관은 지하1층 지상3층 규모로 1층 금산역사관에는 선사시대부터 근현대까지 금산의 역사와 발굴유물을 전시하고 있으며 2층 금산생활민속관에는 금산의 민속유물과 세계민속유물을 전시하고 있습니다.,,041-750-2294,충청남도 금산군청,2025-11-19,4550000,충청남도 금산군
전국박물관미술관정보표준데이터,https://www.data.go.kr/data/15017323/standard.do,2025-11-19,place,금산인삼관,공립,충청남도 금산군,충청남도 금산군 금산읍 인삼광장로30,36.1000256,127.5007304,"금산인삼관은 고려인삼(금산인삼)의 우수성을 국내·외에 널리 알리고자 1998년에 신축 2005년 리노베이션을 거쳐, 2011년 리모델링을 하였으며 2017년 8월에 새롭게 개관 운영하고 있습니다. 금산인삼의 역사 인삼의 전통재배과정 인삼의 성분과 효능 국내외 인삼제품류 인삼음식 및 약초 등을 전시하고 각종 영상시설을 설치하여 인삼에 관한 모든 것을 눈으로 보고 듣고 이해할 수 있도록 연출하였습니다.",관람 전 예습 동화와 방문 후 기념 동화책 배경,전시실에서 마음에 드는 작품이나 물건을 찾아 가족과 이야기하기,5-7;8-10,박물관;미술관;금산인삼관;금산인삼관은;고려인삼(금산인삼)의;우수성을;국내·외에;널리;알리고자;1998년에;신축;2005년,금산인삼관,공립,충청남도 금산군 금산읍 인삼광장로30,충청남도 금산군 금산읍 신대리 392,041-750-2621,충청남도 금산군청,https://www.geumsan.go.kr/insam/,,09:00,18:00,09:00,18:00,연중무휴,0,0,0,,"금산인삼관은 고려인삼(금산인삼)의 우수성을 국내·외에 널리 알리고자 1998년에 신축 2005년 리노베이션을 거쳐, 2011년 리모델링을 하였으며 2017년 8월에 새롭게 개관 운영하고 있습니다. 금산인삼의 역사 인삼의 전통재배과정 인삼의 성분과 효능 국내외 인삼제품류 인삼음식 및 약초 등을 전시하고 각종 영상시설을 설치하여 인삼에 관한 모든 것을 눈으로 보고 듣고 이해할 수 있도록 연출하였습니다.",,041-750-2294,충청남도 금산군청,2025-11-19,4550000,충청남도 금산군
전국박물관미술관정보표준데이터,https://www.data.go.kr/data/15017323/standard.do,2025-11-19,place,태영민속박물관,사립,충청남도 금산군,충청남도 금산군 남이면 하금평촌길 26,36.05144078,127.4368352,태영민속박물관을(를) 배경으로 관람 전후 동화를 만들 수 있다.,관람 전 예습 동화와 방문 후 기념 동화책 배경,전시실에서 마음에 드는 작품이나 물건을 찾아 가족과 이야기하기,5-7;8-10,박물관;미술관;태영민속박물관,태영민속박물관,사립,충청남도 금산군 남이면 하금평촌길 26,충청남도 금산군 남이면 하금리 364-2,041-754-7942,태영민속박물관,http://www.tfmuseum.org/,,10:00,18:00,10:00,18:00,월+1월1일,0,0,0,,,,041-750-2294,충청남도 금산군청,2025-11-19,4550000,충청남도 금산군
전국박물관미술관정보표준데이터,https://www.data.go.kr/data/15017323/standard.do,2025-11-20,place,장생포고래박물관,공립,울산광역시 남구,울산광역시 남구 장생포고래로 244,35.502792,129.380796,"옛 고래잡이 전진기지였던 장생포에 국내 유일의 고래박물관을 건립, 1986년 포경이 금지된 이래 사라져가는 포경유물을 수집, 보존·전시하고 고래와 관련된 각종 정보를 제공",관람 전 예습 동화와 방문 후 기념 동화책 배경,전시실에서 마음에 드는 작품이나 물건을 찾아 가족과 이야기하기,5-7;8-10,박물관;미술관;장생포고래박물관;옛;고래잡이;전진기지였던;장생포에;국내;유일의;고래박물관을;건립;1986년,장생포고래박물관,공립,울산광역시 남구 장생포고래로 244,울산광역시 남구 매암동 139-29,052-256-6301,울산광역시 남구 도시관리공단,https://www.whalecity.kr/EgovPageLink.do?link=museum/introduction/history,훨체어(2)+유모차(2)+실버카트(2),09:00,18:00,09:00,18:00,월+공휴일 다음날+설 당일+추석 당일,2000,1500,1000,단체 입장 시(유료 20인 이상) 성인 1500원+군인·청소년 1000원+어린이 500원,"옛 고래잡이 전진기지였던 장생포에 국내 유일의 고래박물관을 건립, 1986년 포경이 금지된 이래 사라져가는 포경유물을 수집, 보존·전시하고 고래와 관련된 각종 정보를 제공",공업탑→여천오거리(직진)→신여천사거리(좌회전)→매암사거리(직진)→장생포고래박물관,052-226-5673,울산광역시 남구청,2025-11-20,3700000,울산광역시 남구
전국박물관미술관정보표준데이터,https://www.data.go.kr/data/15017323/standard.do,2025-11-01,place,국립민속박물관,국립,서울특별시 종로구,서울특별시 종로구 삼청로 37,37.57590409,126.9768421,국립민속박물관을(를) 배경으로 관람 전후 동화를 만들 수 있다.,관람 전 예습 동화와 방문 후 기념 동화책 배경,전시실에서 마음에 드는 작품이나 물건을 찾아 가족과 이야기하기,5-7;8-10,박물관;미술관;국립민속박물관,국립민속박물관,국립,서울특별시 종로구 삼청로 37,,02-3704-3114,국립민속박물관,https://www.nfm.go.kr/,,09:00,18:00,09:00,19:00,1월1일+설+추석,0,0,0,,,,02-3704-3114,문화체육관광부,2025-11-01,3000000,서울특별시 종로구
전국박물관미술관정보표준데이터,https://www.data.go.kr/data/15017323/standard.do,2025-11-01,place,대한민국역사박물관,국립,서울특별시 종로구,서울특별시 종로구 세종대로 198,37.57371316,126.9783379,대한민국역사박물관을(를) 배경으로 관람 전후 동화를 만들 수 있다.,관람 전 예습 동화와 방문 후 기념 동화책 배경,전시실에서 마음에 드는 작품이나 물건을 찾아 가족과 이야기하기,5-7;8-10,박물관;미술관;대한민국역사박물관,대한민국역사박물관,국립,서울특별시 종로구 세종대로 198,,02-3703-9200,대한민국역사박물관,http://www.much.go.kr/,,10:00,18:00,10:00,18:00,1월1일+설+추석,0,0,0,,,,02-3703-9200,문화체육관광부,2025-11-01,3000000,서울특별시 종로구
전국박물관미술관정보표준데이터,https://www.data.go.kr/data/15017323/standard.do,2025-11-01,place,국립고궁박물관,국립,서울특별시 종로구,서울특별시 종로구 효자로 12,37.57659207,126.9749771,국립고궁박물관을(를) 배경으로 관람 전후 동화를 만들 수 있다.,관람 전 예습 동화와 방문 후 기념 동화책 배경,전시실에서 마음에 드는 작품이나 물건을 찾아 가족과 이야기하기,5-7;8-10,박물관;미술관;국립고궁박물관,국립고궁박물관,국립,서울특별시 종로구 효자로 12,,02-3701-7500,국립고궁박물관,https://www.gogung.go.kr/,,10:00,18:00,10:00,18:00,1월1일+설+추석,0,0,0,,,,02-3701-7500,문화체육관광부,2025-11-01,3000000,서울특별시 종로구
전국박물관미술관정보표준데이터,https://www.data.go.kr/data/15017323/standard.do,2025-11-01,place,국립경찰박물관,국립,서울특별시 종로구,서울특별시 종로구 새문안로 41,37.56887613,126.9687094,국립경찰박물관을(를) 배경으로 관람 전후 동화를 만들 수 있다.,관람 전 예습 동화와 방문 후 기념 동화책 배경,전시실에서 마음에 드는 작품이나 물건을 찾아 가족과 이야기하기,5-7;8-10,박물관;미술관;국립경찰박물관,국립경찰박물관,국립,서울특별시 종로구 새문안로 41,,02-3150-0681,국립경찰박물관,http://www.policemuseum.go.kr/,,09:30,17:30,09:30,17:30,월요일+1월1일+설날+추석 당일,0,0,0,,,,02-3150-0681,문화체육관광부,2025-11-01,3000000,서울특별시 종로구
전국박물관미술관정보표준데이터,https://www.data.go.kr/data/15017323/standard.do,2025-11-01,place,북촌박물관,사립,서울특별시 종로구,서울특별시 종로구 북촌로 39,37.58043197,126.9847663,북촌박물관을(를) 배경으로 관람 전후 동화를 만들 수 있다.,관람 전 예습 동화와 방문 후 기념 동화책 배경,전시실에서 마음에 드는 작품이나 물건을 찾아 가족과 이야기하기,5-7;8-10,박물관;미술관;북촌박물관,북촌박물관,사립,서울특별시 종로구 북촌로 39,,02-766-8402,북촌박물관,,,10:00,18:00,10:00,18:00,월요일,3000,2000,0,,,,02-766-8402,북촌박물관,2025-11-01,3000000,서울특별시 종로구
전국박물관미술관정보표준데이터,https://www.data.go.kr/data/15017323/standard.do,2025-01-24,place,모산조형미술관,사립,충청남도 보령시,충청남도 보령시 성주면 성주산로 673-24,36.3111117,126.6577924,"모산조형미술관이 자리 잡고 있는 보령시 성주면은 예로부터 ‘남포오석’이라 불리는 오석과 청석의 주산지이다. 오석은 비석의 재료로, 청석은 벼루 재료로 최고의 품질을 인정받았으며 이를 바탕으로 석재산업이 발달한 곳이다. 모산조형미술관은 개관 이래 이 ‘남포오석’이라는 미술관만의 독창적인 컨텐츠를 구축해왔고, 이를 중심으로 한 지역미술문화의 활성화를 위해 노력하고 있다.",관람 전 예습 동화와 방문 후 기념 동화책 배경,전시실에서 마음에 드는 작품이나 물건을 찾아 가족과 이야기하기,5-7;8-10,박물관;미술관;모산조형미술관;모산조형미술관이;자리;잡고;있는;보령시;성주면은;예로부터;‘남포오석’이라;불리는,모산조형미술관,사립,충청남도 보령시 성주면 성주산로 673-24,충청남도 보령시 성주면 개화리 262,041-933-8100,개화예술공원,http://mosanmuseum.com/,카페,09:00,18:00,09:30,18:00,연중무휴,0,0,0,무료,"모산조형미술관이 자리 잡고 있는 보령시 성주면은 예로부터 ‘남포오석’이라 불리는 오석과 청석의 주산지이다. 오석은 비석의 재료로, 청석은 벼루 재료로 최고의 품질을 인정받았으며 이를 바탕으로 석재산업이 발달한 곳이다. 모산조형미술관은 개관 이래 이 ‘남포오석’이라는 미술관만의 독창적인 컨텐츠를 구축해왔고, 이를 중심으로 한 지역미술문화의 활성화를 위해 노력하고 있다.",승용차 15분대천역 → 보령시청 → 석탄박물관 →모산조형미술관대중교통 (25minutes)버스이용번호 (Bus number)809+801+801-1+801-2+800-2+813대천역 (성주/외산방면) → 보령시청 → 석탄박물관 → 모산조형미술관,041-933-8100,개화예술공원,2025-01-24,4510000,충청남도 보령시
전국박물관미술관정보표준데이터,https://www.data.go.kr/data/15017323/standard.do,2025-01-23,place,통영옻칠미술관,사립,경상남도 통영시,경상남도 통영시 용남면 용남해안로 36,34.85467741,128.4429183,전통옻칠예술과 현대화된 옻칠창작예술을 감상할 수 있는 국내 유일의 옻칠미술관,관람 전 예습 동화와 방문 후 기념 동화책 배경,전시실에서 마음에 드는 작품이나 물건을 찾아 가족과 이야기하기,5-7;8-10,박물관;미술관;통영옻칠미술관;전통옻칠예술과;현대화된;옻칠창작예술을;감상할;수;있는;국내;유일의;옻칠미술관,통영옻칠미술관,사립,경상남도 통영시 용남면 용남해안로 36,경상남도 통영시 용남면 화삼리 658,055-649-5257,통영옻칠미술관,,주차장+휴게실+아트샵,10:00,18:00,10:00,18:00,월(월요일이 공휴일인 경우 다음날 휴관)+설당일+추석당일,3000,2000,1000,65세이상 노인은 1500원,전통옻칠예술과 현대화된 옻칠창작예술을 감상할 수 있는 국내 유일의 옻칠미술관,,055-649-5257,통영옻칠미술관,2025-01-23,5330000,경상남도 통영시
전국박물관미술관정보표준데이터,https://www.data.go.kr/data/15017323/standard.do,2025-01-23,place,전혁림미술관,사립,경상남도 통영시,경상남도 통영시 봉수1길 10(봉평동),34.82651379,128.4151206,"전혁림 화백이 1975년부터 30년 가까이 생활하던 집을 헐고 새로운 창조의 공간으로 신축하여 2003년 5월 11일 미술관으로 개관. 전혁림 화백의 작품과 관련 자료를 상설 전시하고 있으며, 봄, 가을 기획전을 개최함",관람 전 예습 동화와 방문 후 기념 동화책 배경,전시실에서 마음에 드는 작품이나 물건을 찾아 가족과 이야기하기,5-7;8-10,박물관;미술관;전혁림미술관;전혁림;화백이;1975년부터;30년;가까이;생활하던;집을;헐고;새로운,전혁림미술관,사립,경상남도 통영시 봉수1길 10(봉평동),경상남도 통영시 봉평동 189-1,055-645-7349,전혁림미술관,,주차장+카페테리아,10:00,17:30,10:00,17:30,월+화+1월1일+설당일+추석당일,0,0,0,0,"전혁림 화백이 1975년부터 30년 가까이 생활하던 집을 헐고 새로운 창조의 공간으로 신축하여 2003년 5월 11일 미술관으로 개관. 전혁림 화백의 작품과 관련 자료를 상설 전시하고 있으며, 봄, 가을 기획전을 개최함",,055-645-7349,전혁림미술관,2025-01-23,5330000,경상남도 통영시
전국박물관미술관정보표준데이터,https://www.data.go.kr/data/15017323/standard.do,2025-01-23,place,통영시립박물관,공립,경상남도 통영시,경상남도 통영시 중앙로 65(도천동),34.84075153,128.4167887,통영 역사문화 자료 전시,관람 전 예습 동화와 방문 후 기념 동화책 배경,전시실에서 마음에 드는 작품이나 물건을 찾아 가족과 이야기하기,5-7;8-10,박물관;미술관;통영시립박물관;통영;역사문화;자료;전시,통영시립박물관,공립,경상남도 통영시 중앙로 65(도천동),경상남도 통영시 도천동 28,055-646-8371,경상남도 통영시청,https://museum.tongyeong.go.kr/,주차장,09:00,18:00,09:00,18:00,월+설당일+추석당일,0,0,0,0,통영 역사문화 자료 전시,통영미늘고개>롯데마트방면 진입>산복도로>충렬사교차로에서 좌회전 400M>신협앞우회전진입>50M전방에서 통영시립박물관 도착,055-650-4515,경상남도 통영시청,2025-01-23,5330000,경상남도 통영시
전국박물관미술관정보표준데이터,https://www.data.go.kr/data/15017323/standard.do,2025-02-05,place,성산패총(유물전시관),공립,경상남도 창원시,경상남도 창원시 성산구 성산패총로 137,35.20793133,128.6792736,1974년 11월 2일 사적 제240호로 지정됨. 패총의 10∼30cm의 표토층 밑에 두께 2∼3m의 두꺼운 패각층(貝殼層)이 형성됨.,관람 전 예습 동화와 방문 후 기념 동화책 배경,전시실에서 마음에 드는 작품이나 물건을 찾아 가족과 이야기하기,5-7;8-10,박물관;미술관;성산패총(유물전시관);1974년;11월;2일;사적;제240호로;지정됨.;패총의;10∼30cm의;표토층,성산패총(유물전시관),공립,경상남도 창원시 성산구 성산패총로 137,경상남도 창원시 성산구 외동 853-7,055-282-7270,성산패총(유물전시관),,,09:00,18:00,09:00,18:00,매주월+1월 1일+설날+추석당일,0,0,0,,1974년 11월 2일 사적 제240호로 지정됨. 패총의 10∼30cm의 표토층 밑에 두께 2∼3m의 두꺼운 패각층(貝殼層)이 형성됨.,S&T 중공업 102번+108번+109번+17번+114번+150번+720번,055-225-3679,경상남도 창원시 문화유산육성과,2025-02-05,5670000,경상남도 창원시
전국박물관미술관정보표준데이터,https://www.data.go.kr/data/15017323/standard.do,2023-10-05,place,홍천미술관,공립,강원특별자치도 홍천군,강원특별자치도 홍천군 홍천읍 희망로 55,37.69461263,127.8885105,홍천 미술관은 1956년 홍천군청사로 건축된 등록문화재 제108호 건물이 모태가 되어 다양한 장소로 사용되어 오다 2014년 홍천미술관으로 개관되었으며 현재 다양한 현대미술작품의 전시와 교육 및 체험프로그램을 통해 지역민과 호흡하는 미술관이 되고자 다각도로 노력하고 있다.,관람 전 예습 동화와 방문 후 기념 동화책 배경,전시실에서 마음에 드는 작품이나 물건을 찾아 가족과 이야기하기,5-7;8-10,박물관;미술관;홍천미술관;홍천;미술관은;1956년;홍천군청사로;건축된;등록문화재;제108호;건물이;모태가,홍천미술관,공립,강원특별자치도 홍천군 홍천읍 희망로 55,,033-430-4380,강원특별자치도 홍천군청,https://www.hongcheon.go.kr/museum/art_gallery/,공유 커뮤니티 공간,10:00,17:30,10:00,17:30,월+1월1일+설 당일+추석 당일,0,0,0,,홍천 미술관은 1956년 홍천군청사로 건축된 등록문화재 제108호 건물이 모태가 되어 다양한 장소로 사용되어 오다 2014년 홍천미술관으로 개관되었으며 현재 다양한 현대미술작품의 전시와 교육 및 체험프로그램을 통해 지역민과 호흡하는 미술관이 되고자 다각도로 노력하고 있다.,,033-430-2424,강원특별자치도 홍천군청,2023-10-05,4251000,강원특별자치도 홍천군
전국박물관미술관정보표준데이터,https://www.data.go.kr/data/15017323/standard.do,2023-10-05,place,마리소리골 악기박물관,공립,강원특별자치도 홍천군,강원특별자치도 홍천군 서석면 마리소리길 207,37.73788994,128.2511229,"2007년11월16일 개관, 한국 전통 음악의 우수성을 알리고, 이해와 지식습득의 산실역활을 위해 개관된 최초의 악기 박물관.",관람 전 예습 동화와 방문 후 기념 동화책 배경,전시실에서 마음에 드는 작품이나 물건을 찾아 가족과 이야기하기,5-7;8-10,박물관;미술관;마리소리골;악기박물관;2007년11월16일;개관;한국;전통;음악의;우수성을;알리고;이해와,마리소리골 악기박물관,공립,강원특별자치도 홍천군 서석면 마리소리길 207,,033-430-4385,강원특별자치도 홍천군청,https://www.hongcheon.go.kr/museum/,,09:00,18:00,09:00,18:00,월,0,0,0,0,"2007년11월16일 개관, 한국 전통 음악의 우수성을 알리고, 이해와 지식습득의 산실역활을 위해 개관된 최초의 악기 박물관.",https://www.hongcheon.go.kr/museum/hcm/sub/marisorigol/,033-430-4385,강원특별자치도 홍천군청,2023-10-05,4251000,강원특별자치도 홍천군
전국박물관미술관정보표준데이터,https://www.data.go.kr/data/15017323/standard.do,2023-10-05,place,홍천박물관,공립,강원특별자치도 홍천군,강원특별자치도 홍천군 홍천읍 장전평로 18,37.68230738,127.8724005,"2003년 5월 3일 개관, 홍천의 유구한 역사와 유서깊은 전통문화를 널리 알리는 지역의 대표 문화공간.",관람 전 예습 동화와 방문 후 기념 동화책 배경,전시실에서 마음에 드는 작품이나 물건을 찾아 가족과 이야기하기,5-7;8-10,박물관;미술관;홍천박물관;2003년;5월;3일;개관;홍천의;유구한;역사와;유서깊은;전통문화를,홍천박물관,공립,강원특별자치도 홍천군 홍천읍 장전평로 18,,033-430-2428,강원특별자치도 홍천군청,https://www.hongcheon.go.kr/museum/,,09:00,18:00,09:00,18:00,월,0,0,0,0,"2003년 5월 3일 개관, 홍천의 유구한 역사와 유서깊은 전통문화를 널리 알리는 지역의 대표 문화공간.",https://www.hongcheon.go.kr/museum/hcm/guide/direction/,033-430-2428,강원특별자치도 홍천군청,2023-10-05,4251000,강원특별자치도 홍천군
전국박물관미술관정보표준데이터,https://www.data.go.kr/data/15017323/standard.do,2024-12-10,place,울주민속박물관,공립,울산광역시 울주군,울산광역시 울주군 온양읍 외고산1길 4-19,35.43641573,129.2809508,"울주민속박물관은 울주 사람들과 세상 사이를 잇는 가교라는 슬로건을 바탕으로 울주의 민속 생활을 보존, 연구 및 전시하고 있는 지역사 전문 공립박물관이다.",관람 전 예습 동화와 방문 후 기념 동화책 배경,전시실에서 마음에 드는 작품이나 물건을 찾아 가족과 이야기하기,5-7;8-10,박물관;미술관;울주민속박물관;울주민속박물관은;울주;사람들과;세상;사이를;잇는;가교라는;슬로건을;바탕으로,울주민속박물관,공립,울산광역시 울주군 온양읍 외고산1길 4-19,울산광역시 울주군 온양읍 고산리 446-1,052-204-4033,울산광역시 울주군청,https://all.ulju.ulsan.kr/uljufolk/,수유실,09:00,18:00,09:00,18:00,1월1일+설날 및 추석당일+매주 월요일+공휴일이 월요일인 경우 다음날+관리운영상 정하는 휴관일,0,0,0,무료,"울주민속박물관은 울주 사람들과 세상 사이를 잇는 가교라는 슬로건을 바탕으로 울주의 민속 생활을 보존, 연구 및 전시하고 있는 지역사 전문 공립박물관이다.",,052-204-0364,울산광역시 울주군청,2024-12-10,3730000,울산광역시 울주군
전국박물관미술관정보표준데이터,https://www.data.go.kr/data/15017323/standard.do,2024-12-10,place,울산옹기박물관,공립,울산광역시 울주군,울산광역시 울주군 온양읍 외고산3길 36,35.435094,129.2795067,"울산옹기박물관은 옹기와 함게 숨 쉬며 살아온 외고산 장인들의 발자취와 옹기의 역사, 문화 그리고 미래가 오롯이 담겨 있는 공립박물관이다.",관람 전 예습 동화와 방문 후 기념 동화책 배경,전시실에서 마음에 드는 작품이나 물건을 찾아 가족과 이야기하기,5-7;8-10,박물관;미술관;울산옹기박물관;울산옹기박물관은;옹기와;함게;숨;쉬며;살아온;외고산;장인들의;발자취와,울산옹기박물관,공립,울산광역시 울주군 온양읍 외고산3길 36,울산광역시 울주군 온양읍 고산리 501-18,052-237-7894,울산광역시 울주군청,https://www.ulju.ulsan.kr/onggi/,휴게시설+수유실,09:00,18:00,09:00,18:00,1월1일+설날 및 추석당일+매주 월요일+공휴일이 월요일인 경우 다음날+관리운영상 정하는 휴관일,0,0,0,무료,"울산옹기박물관은 옹기와 함게 숨 쉬며 살아온 외고산 장인들의 발자취와 옹기의 역사, 문화 그리고 미래가 오롯이 담겨 있는 공립박물관이다.",,052-204-0334,울산광역시 울주군청,2024-12-10,3730000,울산광역시 울주군
전국박물관미술관정보표준데이터,https://www.data.go.kr/data/15017323/standard.do,2025-05-13,place,영집궁시전시관,사립,경기도 파주시,경기도 파주시 탄현면 국원말길 168,37.7849290691,126.7113665764,무기류 등,관람 전 예습 동화와 방문 후 기념 동화책 배경,전시실에서 마음에 드는 작품이나 물건을 찾아 가족과 이야기하기,5-7;8-10,박물관;미술관;영집궁시전시관;무기류;등,영집궁시전시관,사립,경기도 파주시 탄현면 국원말길 168,경기도 파주시 탄현면 법흥리 242-5,031-944-6800,영집궁시전시관,,,10:00,18:00,10:00,18:00,화요일,4000,3500,3000,,무기류 등,,031-940-4356,경기도 파주시청,2025-05-13,4060000,경기도 파주시
전국박물관미술관정보표준데이터,https://www.data.go.kr/data/15017323/standard.do,2025-05-13,place,파주나비나라박물관,사립,경기도 파주시,경기도 파주시 광인사길 161,37.7148520478,126.6869123589,곤충 표본 및 관련미술품,관람 전 예습 동화와 방문 후 기념 동화책 배경,전시실에서 마음에 드는 작품이나 물건을 찾아 가족과 이야기하기,5-7;8-10,박물관;미술관;파주나비나라박물관;곤충;표본;및;관련미술품,파주나비나라박물관,사립,경기도 파주시 광인사길 161,경기도 파주시 문발동 500-8,031-955-3727,파주나비나라박물관,http://www.nabynara.com,,10:00,18:00,10:00,18:00,월요일,7000,7000,7000,단체(20명 이상) 인당 6300원,곤충 표본 및 관련미술품,,031-940-4356,경기도 파주시청,2025-05-13,4060000,경기도 파주시
전국박물관미술관정보표준데이터,https://www.data.go.kr/data/15017323/standard.do,2025-05-13,place,한국근현대사박물관,사립,경기도 파주시,경기도 파주시 탄현면 헤이리마을길 59-85,37.7908727117,126.6952019470,근현대자료 등,관람 전 예습 동화와 방문 후 기념 동화책 배경,전시실에서 마음에 드는 작품이나 물건을 찾아 가족과 이야기하기,5-7;8-10,박물관;미술관;한국근현대사박물관;근현대자료;등,한국근현대사박물관,사립,경기도 파주시 탄현면 헤이리마을길 59-85,경기도 파주시 탄현면 법흥리 1652-10,031-957-1125,한국근현대사박물관,http://www.kmhm.or.kr,,10:00,18:00,10:00,18:00,월요일,8000,8000,6000,,근현대자료 등,,031-940-4356,경기도 파주시청,2025-05-13,4060000,경기도 파주시
전국박물관미술관정보표준데이터,https://www.data.go.kr/data/15017323/standard.do,2025-05-13,place,한길책박물관,사립,경기도 파주시,경기도 파주시 탄현면 헤이리마을길 59-6,37.7892612758,126.6979379076,고서,관람 전 예습 동화와 방문 후 기념 동화책 배경,전시실에서 마음에 드는 작품이나 물건을 찾아 가족과 이야기하기,5-7;8-10,박물관;미술관;한길책박물관;고서,한길책박물관,사립,경기도 파주시 탄현면 헤이리마을길 59-6,경기도 파주시 탄현면 법흥리 1652-136,031-949-9786,한길책박물관,http://blog.naver.com/hangilbm,,11:00,18:00,11:00,18:00,월요일+화요일,12000,10000,10000,단체(20명 이상) 인당 8000원+36개월 미만 영유아 무료,고서,,031-940-4356,경기도 파주시청,2025-05-13,4060000,경기도 파주시
전국박물관미술관정보표준데이터,https://www.data.go.kr/data/15017323/standard.do,2025-05-13,place,세계민속악기박물관,사립,경기도 파주시,경기도 파주시 탄현면 헤이리마을길 63-26,37.7895075879,126.6993782690,민속악기 및 민속품,관람 전 예습 동화와 방문 후 기념 동화책 배경,전시실에서 마음에 드는 작품이나 물건을 찾아 가족과 이야기하기,5-7;8-10,박물관;미술관;세계민속악기박물관;민속악기;및;민속품,세계민속악기박물관,사립,경기도 파주시 탄현면 헤이리마을길 63-26,경기도 파주시 탄현면 법흥리 1652-213,031-946-9838,세계민속악기박물관,http://www.e-musictour.com,,09:30,17:30,09:30,17:30,월요일,7000,6000,6000,단체(20명이상)1인당 1000원 할인,민속악기 및 민속품,,031-940-4356,경기도 파주시청,2025-05-13,4060000,경기도 파주시
전국박물관미술관정보표준데이터,https://www.data.go.kr/data/15017323/standard.do,2025-05-13,place,두루뫼사료관,사립,경기도 파주시,경기도 파주시 법원읍 초리골길 278,37.8568024157,126.8960423939,민속+옹기+농기+근현대 유물,관람 전 예습 동화와 방문 후 기념 동화책 배경,전시실에서 마음에 드는 작품이나 물건을 찾아 가족과 이야기하기,5-7;8-10,박물관;미술관;두루뫼사료관;민속+옹기+농기+근현대;유물,두루뫼사료관,사립,경기도 파주시 법원읍 초리골길 278,경기도 파주시 법원읍 법원리 139-5,031-958-6101,두루뫼사료관,http://www.durumea.org,,10:00,18:00,10:00,18:00,월요일+화요일,5000,4000,3000,,민속+옹기+농기+근현대 유물,,031-940-4356,경기도 파주시청,2025-05-13,4060000,경기도 파주시
전국박물관미술관정보표준데이터,https://www.data.go.kr/data/15017323/standard.do,2025-05-13,place,한향림옹기박물관,사립,경기도 파주시,경기도 파주시 탄현면 헤이리마을길 96-43,37.7899543289,126.7009185328,옹기+관련 민속품,관람 전 예습 동화와 방문 후 기념 동화책 배경,전시실에서 마음에 드는 작품이나 물건을 찾아 가족과 이야기하기,5-7;8-10,박물관;미술관;한향림옹기박물관;옹기+관련;민속품,한향림옹기박물관,사립,경기도 파주시 탄현면 헤이리마을길 96-43,경기도 파주시 탄현면 법흥리 1652-577,070-4161-7271,한향림옹기박물관,https://blog.naver.com/hhlmuseum,,10:00,19:00,10:00,19:00,월요일+화요일,5000,4000,3000,,옹기+관련 민속품,,031-940-4356,경기도 파주시청,2025-05-13,4060000,경기도 파주시
전국박물관미술관정보표준데이터,https://www.data.go.kr/data/15017323/standard.do,2025-05-13,place,세계인형박물관,사립,경기도 파주시,경기도 파주시 탄현면 헤이리마을길 76-100,37.7869047959,126.7021050126,인형류,관람 전 예습 동화와 방문 후 기념 동화책 배경,전시실에서 마음에 드는 작품이나 물건을 찾아 가족과 이야기하기,5-7;8-10,박물관;미술관;세계인형박물관;인형류,세계인형박물관,사립,경기도 파주시 탄현면 헤이리마을길 76-100,경기도 파주시 탄현면 법흥리 1652-485,031-947-2575,세계인형박물관,http://www.worlddoll.net,,10:00,18:00,10:00,18:00,월요일+화요일+수요일,5000,4000,3000,파주시민 1000원 할인,인형류,,031-940-4356,경기도 파주시청,2025-05-13,4060000,경기도 파주시
전국박물관미술관정보표준데이터,https://www.data.go.kr/data/15017323/standard.do,2025-05-13,place,타임앤블레이드박물관,사립,경기도 파주시,경기도 파주시 탄현면 헤이리마을길 41,37.7873499886,126.6978703064,기계식시계+칼,관람 전 예습 동화와 방문 후 기념 동화책 배경,전시실에서 마음에 드는 작품이나 물건을 찾아 가족과 이야기하기,5-7;8-10,박물관;미술관;타임앤블레이드박물관;기계식시계+칼,타임앤블레이드박물관,사립,경기도 파주시 탄현면 헤이리마을길 41,경기도 파주시 탄현면 법흥리 1652-257,031-949-5675,타임앤블레이드박물관,http://www.time-blade.com,,10:00,18:00,10:00,18:00,월요일+화요일,7000,5000,5000,,기계식시계+칼,,031-940-4356,경기도 파주시청,2025-05-13,4060000,경기도 파주시
전국박물관미술관정보표준데이터,https://www.data.go.kr/data/15017323/standard.do,2025-05-13,place,한향림도자미술관,사립,경기도 파주시,경기도 파주시 탄현면 헤이리마을길 76-101,37.7865784815,126.7021101824,도자+조각 등,관람 전 예습 동화와 방문 후 기념 동화책 배경,전시실에서 마음에 드는 작품이나 물건을 찾아 가족과 이야기하기,5-7;8-10,박물관;미술관;한향림도자미술관;도자+조각;등,한향림도자미술관,사립,경기도 파주시 탄현면 헤이리마을길 76-101,경기도 파주시 탄현면 법흥리 1652-487,070-8872-0469,한향림도자미술관,https://hhlceramicmuseum.modoo.at,,10:00,19:00,10:00,19:00,월요일+화요일,8000,7000,6000,,도자+조각 등,,031-940-4356,경기도 파주시청,2025-05-13,4060000,경기도 파주시
전국박물관미술관정보표준데이터,https://www.data.go.kr/data/15017323/standard.do,2025-05-13,place,아트린뮤지움,사립,경기도 파주시,경기도 파주시 광탄면 기산로186번길 59,37.7737719224,126.9164735958,회화+공예 등,관람 전 예습 동화와 방문 후 기념 동화책 배경,전시실에서 마음에 드는 작품이나 물건을 찾아 가족과 이야기하기,5-7;8-10,박물관;미술관;아트린뮤지움;회화+공예;등,아트린뮤지움,사립,경기도 파주시 광탄면 기산로186번길 59,경기도 파주시 광탄면 기산리 540-5,031-946-6468,아트린뮤지움,https://artrin.modoo.at,,11:00,18:00,11:00,18:00,월요일,7000,4000,4000,(장애인+군인) 4000원,회화+공예 등,,031-940-4356,경기도 파주시청,2025-05-13,4060000,경기도 파주시
전국박물관미술관정보표준데이터,https://www.data.go.kr/data/15017323/standard.do,2022-07-12,place,영동군 난계국악박물관,공립,충청북도 영동군,충청북도 영동군 심천면 국악로 9,36.210131,127.7049504,영동군 난계국악박물관을(를) 배경으로 관람 전후 동화를 만들 수 있다.,관람 전 예습 동화와 방문 후 기념 동화책 배경,전시실에서 마음에 드는 작품이나 물건을 찾아 가족과 이야기하기,5-7;8-10,박물관;미술관;영동군;난계국악박물관,영동군 난계국악박물관,공립,충청북도 영동군 심천면 국악로 9,충청북도 영동군 심천면 고당리 519-1,043-740-3886,충청북도 영동군,,,09:00,18:00,09:00,18:00,월+1월 1일+설연휴+추석연휴+법정공휴일 다음날,2000,1500,1500,,,,043-740-3886,충청북도 영동군,2022-07-12,4440000,충청북도 영동군
전국박물관미술관정보표준데이터,https://www.data.go.kr/data/15017323/standard.do,2022-07-12,place,영동군 향토민속자료전시관,공립,충청북도 영동군,충청북도 영동군 심천면 국악로 18,36.210812,127.705826,영동군 향토민속자료전시관을(를) 배경으로 관람 전후 동화를 만들 수 있다.,관람 전 예습 동화와 방문 후 기념 동화책 배경,전시실에서 마음에 드는 작품이나 물건을 찾아 가족과 이야기하기,5-7;8-10,박물관;미술관;영동군;향토민속자료전시관,영동군 향토민속자료전시관,공립,충청북도 영동군 심천면 국악로 18,충청북도 영동군 심천면 고당리 448-3,043-740-3207,충청북도 영동군,,,00:00,00:00,00:00,00:00,임시휴관,0,0,0,,,,043-740-3207,충청북도 영동군,2022-07-12,4440000,충청북도 영동군
전국박물관미술관정보표준데이터,https://www.data.go.kr/data/15017323/standard.do,2022-07-12,place,농민문학기념관,공립,충청북도 영동군,충청북도 영동군 매곡면 노천2길 5-1,36.18884401,127.9298775,농민문학기념관을(를) 배경으로 관람 전후 동화를 만들 수 있다.,관람 전 예습 동화와 방문 후 기념 동화책 배경,전시실에서 마음에 드는 작품이나 물건을 찾아 가족과 이야기하기,5-7;8-10,박물관;미술관;농민문학기념관,농민문학기념관,공립,충청북도 영동군 매곡면 노천2길 5-1,충청북도 영동군 매곡면 노천리 622-3,043-743-5186,농민문학기념관,,,10:00,18:00,10:00,18:00,월,0,0,0,,,,043-743-5186,농민문학기념관,2022-07-12,4440000,충청북도 영동군
전국박물관미술관정보표준데이터,https://www.data.go.kr/data/15017323/standard.do,2024-07-18,place,경기여고경운박물관,사립,서울특별시 강남구,서울특별시 강남구 삼성로 29,37.48691615,127.0654539,경기여고경운박물관을(를) 배경으로 관람 전후 동화를 만들 수 있다.,관람 전 예습 동화와 방문 후 기념 동화책 배경,전시실에서 마음에 드는 작품이나 물건을 찾아 가족과 이야기하기,5-7;8-10,박물관;미술관;경기여고경운박물관,경기여고경운박물관,사립,서울특별시 강남구 삼성로 29,,02-3463-1336,경기여고경운박물관,,,10:00,16:00,00:00,00:00,일+공휴일,0,0,0,,,,02-3423-5933,서울특별시 강남구청,2024-07-18,3220000,서울특별시 강남구
전국박물관미술관정보표준데이터,https://www.data.go.kr/data/15017323/standard.do,2024-07-18,place,세계골프역사박물관,사립,서울특별시 강남구,서울특별시 강남구 테헤란로 528,37.5080761,127.0620024,세계골프역사박물관을(를) 배경으로 관람 전후 동화를 만들 수 있다.,관람 전 예습 동화와 방문 후 기념 동화책 배경,전시실에서 마음에 드는 작품이나 물건을 찾아 가족과 이야기하기,5-7;8-10,박물관;미술관;세계골프역사박물관,세계골프역사박물관,사립,서울특별시 강남구 테헤란로 528,,02-2192-3005,세계골프역사박물관,,,10:00,19:00,00:00,00:00,일+공휴일,5000,3000,3000,,,,02-3423-5933,서울특별시 강남구청,2024-07-18,3220000,서울특별시 강남구
전국박물관미술관정보표준데이터,https://www.data.go.kr/data/15017323/standard.do,2024-07-18,place,코리아나 화장박물관,사립,서울특별시 강남구,서울특별시 강남구 언주로 827,37.524071,127.032811,코리아나 화장박물관을(를) 배경으로 관람 전후 동화를 만들 수 있다.,관람 전 예습 동화와 방문 후 기념 동화책 배경,전시실에서 마음에 드는 작품이나 물건을 찾아 가족과 이야기하기,5-7;8-10,박물관;미술관;코리아나;화장박물관,코리아나 화장박물관,사립,서울특별시 강남구 언주로 827,,031-722-7000,코리아나 화장박물관,,,11:00,18:00,00:00,00:00,월+토+일+공휴일+근로자의날,4000,3000,3000,,,,02-3423-5933,서울특별시 강남구청,2024-07-18,3220000,서울특별시 강남구
전국박물관미술관정보표준데이터,https://www.data.go.kr/data/15017323/standard.do,2024-07-18,place,도산안창호기념관,사립,서울특별시 강남구,서울특별시 강남구 도산대로45길 20,37.5239121,127.0356029,도산안창호기념관을(를) 배경으로 관람 전후 동화를 만들 수 있다.,관람 전 예습 동화와 방문 후 기념 동화책 배경,전시실에서 마음에 드는 작품이나 물건을 찾아 가족과 이야기하기,5-7;8-10,박물관;미술관;도산안창호기념관,도산안창호기념관,사립,서울특별시 강남구 도산대로45길 20,,02-541-1800,도산안창호기념관,,,10:00,18:00,11:00,18:00,신정+설 연휴+추석 연휴,0,0,0,,,,02-3423-5933,서울특별시 강남구청,2024-07-18,3220000,서울특별시 강남구
전국박물관미술관정보표준데이터,https://www.data.go.kr/data/15017323/standard.do,2024-07-18,place,관세박물관,국립,서울특별시 강남구,서울특별시 강남구 언주로 721,37.51830058,127.0337768,관세박물관을(를) 배경으로 관람 전후 동화를 만들 수 있다.,관람 전 예습 동화와 방문 후 기념 동화책 배경,전시실에서 마음에 드는 작품이나 물건을 찾아 가족과 이야기하기,5-7;8-10,박물관;미술관;관세박물관,관세박물관,국립,서울특별시 강남구 언주로 721,,02-510-1082,관세박물관,,,09:30,18:00,00:00,00:00,토+일+공휴일,0,0,0,,,,02-3423-5933,서울특별시 강남구청,2024-07-18,3220000,서울특별시 강남구
전국박물관미술관정보표준데이터,https://www.data.go.kr/data/15017323/standard.do,2024-07-18,place,탄허기념박물관,사립,서울특별시 강남구,서울특별시 강남구 밤고개로14길 13-51,37.4789983,127.1029546,탄허기념박물관을(를) 배경으로 관람 전후 동화를 만들 수 있다.,관람 전 예습 동화와 방문 후 기념 동화책 배경,전시실에서 마음에 드는 작품이나 물건을 찾아 가족과 이야기하기,5-7;8-10,박물관;미술관;탄허기념박물관,탄허기념박물관,사립,서울특별시 강남구 밤고개로14길 13-51,,02-445-8486,탄허기념박물관,,,10:30,17:00,10:30,17:00,월+신정+설 연휴+추석 연휴,0,0,0,,,,02-3423-5933,서울특별시 강남구청,2024-07-18,3220000,서울특별시 강남구
전국박물관미술관정보표준데이터,https://www.data.go.kr/data/15017323/standard.do,2024-07-18,place,호림박물관 신사분관,사립,서울특별시 강남구,서울특별시 강남구 도산대로 317,37.5226393,127.0363446,호림박물관 신사분관을(를) 배경으로 관람 전후 동화를 만들 수 있다.,관람 전 예습 동화와 방문 후 기념 동화책 배경,전시실에서 마음에 드는 작품이나 물건을 찾아 가족과 이야기하기,5-7;8-10,박물관;미술관;호림박물관;신사분관,호림박물관 신사분관,사립,서울특별시 강남구 도산대로 317,,02-858-2500,호림박물관 총무부,,,10:00,17:00,00:00,00:00,월+토+일+공휴일+근로자의날,4000,2000,2000,,,,02-3423-5933,서울특별시 강남구청,2024-07-18,3220000,서울특별시 강남구
전국박물관미술관정보표준데이터,https://www.data.go.kr/data/15017323/standard.do,2024-07-18,place,포스코미술관,사립,서울특별시 강남구,서울특별시 강남구 테헤란로 440,37.50581326,127.056137,포스코미술관을(를) 배경으로 관람 전후 동화를 만들 수 있다.,관람 전 예습 동화와 방문 후 기념 동화책 배경,전시실에서 마음에 드는 작품이나 물건을 찾아 가족과 이야기하기,5-7;8-10,박물관;미술관;포스코미술관,포스코미술관,사립,서울특별시 강남구 테헤란로 440,,02-3457-1665,포스코미술관,,,10:00,19:00,00:00,00:00,일+공휴일,0,0,0,,,,02-3423-5933,서울특별시 강남구청,2024-07-18,3220000,서울특별시 강남구
전국박물관미술관정보표준데이터,https://www.data.go.kr/data/15017323/standard.do,2024-10-31,place,송암박두성기념관,공립,인천광역시 미추홀구,인천광역시 미추홀구 한나루로357번길 105-19,37.43811766,126.6560275,시각 장애인들의 세종대왕으로 불리는 송암은 1910년대 제생원 맹아부 교사로 재직하며 한글 점자를 창안했고 선생의 삶과 업적을 유품과 자료 등이 전시된 기념관에서 만날 수 있다,관람 전 예습 동화와 방문 후 기념 동화책 배경,전시실에서 마음에 드는 작품이나 물건을 찾아 가족과 이야기하기,5-7;8-10,박물관;미술관;송암박두성기념관;시각;장애인들의;세종대왕으로;불리는;송암은;1910년대;제생원;맹아부;교사로,송암박두성기념관,공립,인천광역시 미추홀구 한나루로357번길 105-19,인천광역시 미추홀구 학익동 709-1,070-4559-4506,송암박두성기념관,http://ibusongam.or.kr/index.php,,10:00,17:00,00:00,00:00,토요일+일요일+법정공휴일,0,0,0,,시각 장애인들의 세종대왕으로 불리는 송암은 1910년대 제생원 맹아부 교사로 재직하며 한글 점자를 창안했고 선생의 삶과 업적을 유품과 자료 등이 전시된 기념관에서 만날 수 있다,시내버스 516+520,070-4559-4506,송암박두성기념관,2024-10-31,3510500,인천광역시 미추홀구
전국박물관미술관정보표준데이터,https://www.data.go.kr/data/15017323/standard.do,2024-10-31,place,인하대학교박물관,대학,인천광역시 미추홀구,인천광역시 미추홀구 인하로 100,37.45144803,126.6515423,1976년 개관하여 국내외 자료조사와 연구+유물수집+역사+문화+민속과 인류학 분야를 수장 전시하고 있다,관람 전 예습 동화와 방문 후 기념 동화책 배경,전시실에서 마음에 드는 작품이나 물건을 찾아 가족과 이야기하기,5-7;8-10,박물관;미술관;인하대학교박물관;1976년;개관하여;국내외;자료조사와;연구+유물수집+역사+문화+민속과;인류학;분야를;수장;전시하고,인하대학교박물관,대학,인천광역시 미추홀구 인하로 100,인천광역시 미추홀구 용현동 253,032-860-8260,인하대학교,https://museum.inha.ac.kr/user/museum,,10:00,16:00,00:00,00:00,토요일+일요일+법정공휴일+개교기념일(4월24일),0,0,0,,1976년 개관하여 국내외 자료조사와 연구+유물수집+역사+문화+민속과 인류학 분야를 수장 전시하고 있다,간선버스 5+5-1+8+9+13+27+46+111-2 + 지선버스 511+515+516+518+512+517+519 + 광역버스 1601+9200 + 직행좌석 3001 + 급행간선908 + 무료셔틀버스 주안역1번출구,032-860-8260,인하대학교,2024-10-31,3510500,인천광역시 미추홀구
전국박물관미술관정보표준데이터,https://www.data.go.kr/data/15017323/standard.do,2024-10-31,place,국제성서박물관,사립,인천광역시 미추홀구,인천광역시 미추홀구 경인로349번길 9,37.4592356,126.678454,성서수집과 연구에 평생을 바친 한경수 목사가 세계 각국에서 모은 1만여 점의 성서와 미국의 성서연구가가 기증한 8천여 점의 성경을 소장하고 있다,관람 전 예습 동화와 방문 후 기념 동화책 배경,전시실에서 마음에 드는 작품이나 물건을 찾아 가족과 이야기하기,5-7;8-10,박물관;미술관;국제성서박물관;성서수집과;연구에;평생을;바친;한경수;목사가;세계;각국에서;모은,국제성서박물관,사립,인천광역시 미추홀구 경인로349번길 9,인천광역시 미추홀구 주안동 193-3,032-874-0385,국제성서박물관,http://www.biblemuseum.or.kr,,10:00,17:00,00:00,00:00,월요일+일요일+법정공휴일,7000,5000,0,5000원(학생+국가유공자+65세 이상 어르신) + 미취학 아동은 무료,성서수집과 연구에 평생을 바친 한경수 목사가 세계 각국에서 모은 1만여 점의 성서와 미국의 성서연구가가 기증한 8천여 점의 성경을 소장하고 있다,시내버스 2+15+33+41,032-874-0385,국제성서박물관,2024-10-31,3510500,인천광역시 미추홀구
전국박물관미술관정보표준데이터,https://www.data.go.kr/data/15017323/standard.do,2024-10-31,place,서광사사리박물관,사립,인천광역시 미추홀구,인천광역시 미추홀구 햇골길 37,37.43804697,126.6629861,1947년 창간된 서광사 내에 2002년 개관한 사리박물관은 석가모니의 진신 사리와 그 10대 제자의 사리 및 국내외 고승의 사리를 전시하며 소장하고 있다,관람 전 예습 동화와 방문 후 기념 동화책 배경,전시실에서 마음에 드는 작품이나 물건을 찾아 가족과 이야기하기,5-7;8-10,박물관;미술관;서광사사리박물관;1947년;창간된;서광사;내에;2002년;개관한;사리박물관은;석가모니의;진신,서광사사리박물관,사립,인천광역시 미추홀구 햇골길 37,인천광역시 미추홀구 학익동 183-4,032-865-2384,불교사리박물관,http://www.sarimuseum.com,,08:00,18:00,08:00,18:00,연중무휴,0,0,0,,1947년 창간된 서광사 내에 2002년 개관한 사리박물관은 석가모니의 진신 사리와 그 10대 제자의 사리 및 국내외 고승의 사리를 전시하며 소장하고 있다,시내버스 518+520,032-865-2384,불교사리박물관,2024-10-31,3510500,인천광역시 미추홀구
전국박물관미술관정보표준데이터,https://www.data.go.kr/data/15017323/standard.do,2024-10-31,place,범패민속문화박물관,사립,인천광역시 미추홀구,인천광역시 미추홀구 경인로70번길 11-13,37.46478542,126.6512164,불교의 음악과 무용 및 의식에 관한 자료를 체계적으로 수집+연구+보존+전시하는 전문 박물관이다,관람 전 예습 동화와 방문 후 기념 동화책 배경,전시실에서 마음에 드는 작품이나 물건을 찾아 가족과 이야기하기,5-7;8-10,박물관;미술관;범패민속문화박물관;불교의;음악과;무용;및;의식에;관한;자료를;체계적으로;수집+연구+보존+전시하는,범패민속문화박물관,사립,인천광역시 미추홀구 경인로70번길 11-13,인천광역시 미추홀구 숭의동 119-7,032-886-0029,범패민속문화박물관,,,10:00,17:00,10:00,17:00,일요일,5000,3000,3000,65세 이상 무료,불교의 음악과 무용 및 의식에 관한 자료를 체계적으로 수집+연구+보존+전시하는 전문 박물관이다,시내버스 4+23+33+28-1+517+519+506,032-886-0029,범패민속문화박물관,2024-10-31,3510500,인천광역시 미추홀구
전국박물관미술관정보표준데이터,https://www.data.go.kr/data/15017323/standard.do,2024-10-31,place,송암미술관,공립,인천광역시 미추홀구,인천광역시 미추홀구 비류대로55번길 68,37.43441631,126.6422184,송암문화재단이 인천광역시에 기증한 미술관은 고서화+불상+불기류+목가구+공예품+목판 등 9385점 소장,관람 전 예습 동화와 방문 후 기념 동화책 배경,전시실에서 마음에 드는 작품이나 물건을 찾아 가족과 이야기하기,5-7;8-10,박물관;미술관;송암미술관;송암문화재단이;인천광역시에;기증한;미술관은;고서화+불상+불기류+목가구+공예품+목판;등;9385점;소장,송암미술관,공립,인천광역시 미추홀구 비류대로55번길 68,인천광역시 미추홀구 학익동 587-145,032-440-6770,송암미술관,https://www.incheon.go.kr/museum/MU020102,,09:00,18:00,09:00,18:00,월요일,0,0,0,,송암문화재단이 인천광역시에 기증한 미술관은 고서화+불상+불기류+목가구+공예품+목판 등 9385점 소장,시내버스 112+9+111-2+8+16+521,032-440-6770,송암미술관,2024-10-31,3510500,인천광역시 미추홀구
전국박물관미술관정보표준데이터,https://www.data.go.kr/data/15017323/standard.do,2024-03-18,place,강릉커피박물관,사립,강원특별자치도 강릉시,강원특별자치도 강릉시 왕산면 왕산로 2171-19,37.65223553,128.784661,강릉커피박물관을(를) 배경으로 관람 전후 동화를 만들 수 있다.,관람 전 예습 동화와 방문 후 기념 동화책 배경,전시실에서 마음에 드는 작품이나 물건을 찾아 가족과 이야기하기,5-7;8-10,박물관;미술관;강릉커피박물관,강릉커피박물관,사립,강원특별자치도 강릉시 왕산면 왕산로 2171-19,,070-8888-0077,강릉커피박물관,,,10:00,17:00,10:00,17:00,연중무휴,5000,5000,5000,,,,033-640-5117,강원특별자치도 강릉시청 문화예술과,2024-03-18,4201000,강원특별자치도 강릉시
전국박물관미술관정보표준데이터,https://www.data.go.kr/data/15017323/standard.do,2024-08-13,place,태백고생대자연사박물관,공립,강원특별자치도 태백시,강원특별자치도 태백시 태백로 2249,37.0948919,129.0396125,천연기념물로 지정된 구문소 일원의 자연유산을 활용하여 체험학습과 관광이 함께하는 현장체험 박물관,관람 전 예습 동화와 방문 후 기념 동화책 배경,전시실에서 마음에 드는 작품이나 물건을 찾아 가족과 이야기하기,5-7;8-10,박물관;미술관;태백고생대자연사박물관;천연기념물로;지정된;구문소;일원의;자연유산을;활용하여;체험학습과;관광이;함께하는,태백고생대자연사박물관,공립,강원특별자치도 태백시 태백로 2249,강원특별자치도 태백시 동점동 295,033-581-3003,태백시,https://tour.taebaek.go.kr/tpmuseum,영상실 휴게실,09:00,18:00,09:00,18:00,월,2000,1500,1000,"지역주민할인, 노인/영유아/폐광지역주민/장애인/국가유공자 무료",천연기념물로 지정된 구문소 일원의 자연유산을 활용하여 체험학습과 관광이 함께하는 현장체험 박물관,호법IC-영동고속(남원주IC)-중앙고속(제천IC)-영월-사북-고한-태백,033-552-1360,강원특별자치도 태백시,2024-08-13,4221000,강원특별자치도 태백시
전국박물관미술관정보표준데이터,https://www.data.go.kr/data/15017323/standard.do,2024-08-13,place,태백석탄박물관,공립,강원특별자치도 태백시,강원특별자치도 태백시 천제단길 195,37.1185773888,128.9505642,국가기간산업의 원동력이 되었던 석탄의 역할과 그 역사적 사실들을 한 곳에 모아 체계적으로 전시,관람 전 예습 동화와 방문 후 기념 동화책 배경,전시실에서 마음에 드는 작품이나 물건을 찾아 가족과 이야기하기,5-7;8-10,박물관;미술관;태백석탄박물관;국가기간산업의;원동력이;되었던;석탄의;역할과;그;역사적;사실들을;한,태백석탄박물관,공립,강원특별자치도 태백시 천제단길 195,강원특별자치도 태백시 소도동 166,033-552-7720,태백시,https://www.taebaek.go.kr/coalmuseum/index.do,영상실 휴게실,09:00,18:00,09:00,18:00,월,2000,1500,1000,노인 및 영유아 폐광지역주민 장애인 국가유공자 무료,국가기간산업의 원동력이 되었던 석탄의 역할과 그 역사적 사실들을 한 곳에 모아 체계적으로 전시,호법IC-영동고속(남원주IC)-중앙고속(제천IC)-영월-사북-고한-태백,033-552-1360,강원특별자치도 태백시,2024-08-13,4221000,강원특별자치도 태백시
전국박물관미술관정보표준데이터,https://www.data.go.kr/data/15017323/standard.do,2024-04-22,place,보은향토민속자료전시관,공립,충청북도 보은군,충청북도 보은군 보은읍 군청길 38,36.48970363,127.7297482,보은군 향토민속자료 전시,관람 전 예습 동화와 방문 후 기념 동화책 배경,전시실에서 마음에 드는 작품이나 물건을 찾아 가족과 이야기하기,5-7;8-10,박물관;미술관;보은향토민속자료전시관;보은군;향토민속자료;전시,보은향토민속자료전시관,공립,충청북도 보은군 보은읍 군청길 38,충청북도 보은군 보은읍 이평리 45,043-540-3407,충청북도 보은군 문화관광과,,,09:00,18:00,09:00,18:00,"매주 월요일,화요일+1월1일+설날+추석",0,0,0,,보은군 향토민속자료 전시,,043-540-3407,충청북도 보은군청,2024-04-22,4420000,충청북도 보은군
전국박물관미술관정보표준데이터,https://www.data.go.kr/data/15017323/standard.do,2024-04-22,place,솔향공원 소나무전시관,공립,충청북도 보은군,충청북도 보은군 속리산면 속리산로 600,36.49920811,127.8027076,소나무 체험 및 영상관,관람 전 예습 동화와 방문 후 기념 동화책 배경,전시실에서 마음에 드는 작품이나 물건을 찾아 가족과 이야기하기,5-7;8-10,박물관;미술관;솔향공원;소나무전시관;소나무;체험;및;영상관,솔향공원 소나무전시관,공립,충청북도 보은군 속리산면 속리산로 600,충청북도 보은군 속리산면 갈목리 77,043-540-4433,충청북도 보은군 속리산휴양사업소,,,09:00,18:00,09:00,18:00,매주 월요일+1월1일+설날+추석,0,0,0,,소나무 체험 및 영상관,,043-540-4433,충청북도 보은군청,2024-04-22,4420000,충청북도 보은군
전국박물관미술관정보표준데이터,https://www.data.go.kr/data/15017323/standard.do,2024-12-01,place,이춘만미술관,사립,충청남도 당진시,"충청남도 당진시 우강면 솔뫼로 132-0, 1동 (솔뫼성지)",36.82025298,126.7847499,이춘만미술관을(를) 배경으로 관람 전후 동화를 만들 수 있다.,관람 전 예습 동화와 방문 후 기념 동화책 배경,전시실에서 마음에 드는 작품이나 물건을 찾아 가족과 이야기하기,5-7;8-10,박물관;미술관;이춘만미술관,이춘만미술관,사립,"충청남도 당진시 우강면 솔뫼로 132-0, 1동 (솔뫼성지)",충청남도 당진시 우강면 송산리 121-8,041-362-5021,이춘만미술관,,,09:00,17:00,09:00,17:00,연중무휴,0,0,0,0,,,041-350-3575,충청남도 당진시청,2024-12-01,5680000,충청남도 당진시
전국박물관미술관정보표준데이터,https://www.data.go.kr/data/15017323/standard.do,2025-02-05,place,창원시립마산문신미술관,공립,경상남도 창원시,경상남도 창원시 마산합포구 문신길 147,35.20675249,128.569266,"작가 문신의 작품세계를 보여주기 위하여 문신원형미술관을 건립, 2010년 10월 개관하여 116여 점의 석고원형작품을 소장·전시하고 있음",관람 전 예습 동화와 방문 후 기념 동화책 배경,전시실에서 마음에 드는 작품이나 물건을 찾아 가족과 이야기하기,5-7;8-10,박물관;미술관;창원시립마산문신미술관;작가;문신의;작품세계를;보여주기;위하여;문신원형미술관을;건립;2010년;10월,창원시립마산문신미술관,공립,경상남도 창원시 마산합포구 문신길 147,경상남도 창원시 마산합포구 추산동 51-1,055-225-7181,창원시립 마산 문신미술관,,,09:00,18:00,09:00,18:00,매주월+1월 1일+설날+추석당일,500,200,200,,"작가 문신의 작품세계를 보여주기 위하여 문신원형미술관을 건립, 2010년 10월 개관하여 116여 점의 석고원형작품을 소장·전시하고 있음",경남데파트 정류장 하차 101번+102번+103번+106번+107번+108번,055-225-7181,경상남도 창원시 문화시설사업소,2025-02-05,5670000,경상남도 창원시
전국박물관미술관정보표준데이터,https://www.data.go.kr/data/15017323/standard.do,2025-02-05,place,창원시립마산박물관,공립,경상남도 창원시,경상남도 창원시 마산합포구 문신길105(추산동),35.20567156,128.5689101,"마산시립박물관은 2001년 9월 12에 개관하였으며, 현대화와 도시화로 사라져가는 문화유산을 수집.보관.전시.교육하는 문화공간임",관람 전 예습 동화와 방문 후 기념 동화책 배경,전시실에서 마음에 드는 작품이나 물건을 찾아 가족과 이야기하기,5-7;8-10,박물관;미술관;창원시립마산박물관;마산시립박물관은;2001년;9월;12에;개관하였으며;현대화와;도시화로;사라져가는;문화유산을,창원시립마산박물관,공립,경상남도 창원시 마산합포구 문신길105(추산동),경상남도 창원시 마산합포구 추산동 54-36,055-225-7171,창원시립마산박물관,,,09:00,18:00,09:00,18:00,매주월+1월 1일+설날+추석당일,0,0,0,,"마산시립박물관은 2001년 9월 12에 개관하였으며, 현대화와 도시화로 사라져가는 문화유산을 수집.보관.전시.교육하는 문화공간임",창원시립마산박물관 271번,055-225-7171,경상남도 창원시 문화시설사업소,2025-02-05,5670000,경상남도 창원시
전국박물관미술관정보표준데이터,https://www.data.go.kr/data/15017323/standard.do,2025-02-05,place,창원시립진해박물관,공립,경상남도 창원시,경상남도 창원시 진해구 중원동로 52,35.14882748,128.6631795,"진해박물관은 진해탑 내에 위치하고 있으며, 2016년 3월에 리모델링 공사를 통해 군항도시 진해의 역사를 살펴볼수 있는 문화공간임",관람 전 예습 동화와 방문 후 기념 동화책 배경,전시실에서 마음에 드는 작품이나 물건을 찾아 가족과 이야기하기,5-7;8-10,박물관;미술관;창원시립진해박물관;진해박물관은;진해탑;내에;위치하고;있으며;2016년;3월에;리모델링;공사를,창원시립진해박물관,공립,경상남도 창원시 진해구 중원동로 52,경상남도 창원시 진해구 제황산동 28-6,055-548-2053,창원시립진해박물관,,,09:00,18:00,09:00,18:00,매주월+1월 1일+설날+추석당일,0,0,0,,"진해박물관은 진해탑 내에 위치하고 있으며, 2016년 3월에 리모델링 공사를 통해 군항도시 진해의 역사를 살펴볼수 있는 문화공간임",제황산공원 모노레일카 이용,055-225-6852,경상남도 창원시 문화시설사업소,2025-02-05,5670000,경상남도 창원시
전국박물관미술관정보표준데이터,https://www.data.go.kr/data/15017323/standard.do,2025-02-05,place,웅천도요지전시관,공립,경상남도 창원시,경상남도 창원시 진해구 두동도요로198,35.127379,128.8155995,"웅천도요지 전시관은 경상남도 기념물 제 160호인 웅천도요지에 2011년 11월에 개관하였으며, 이 곳은 조선시대 분청사기와 백자 등을 제작하였던 가마터가 있는 곳으로 웅천지역 도자사를 전시하고 있는 공간임",관람 전 예습 동화와 방문 후 기념 동화책 배경,전시실에서 마음에 드는 작품이나 물건을 찾아 가족과 이야기하기,5-7;8-10,박물관;미술관;웅천도요지전시관;웅천도요지;전시관은;경상남도;기념물;제;160호인;웅천도요지에;2011년;11월에,웅천도요지전시관,공립,경상남도 창원시 진해구 두동도요로198,경상남도 창원시 진해구 두동 24,055-225-6852,웅천도요지 전시관,,,09:00,18:00,09:00,18:00,매주월+1월 1일+설날+추석당일,0,0,0,,"웅천도요지 전시관은 경상남도 기념물 제 160호인 웅천도요지에 2011년 11월에 개관하였으며, 이 곳은 조선시대 분청사기와 백자 등을 제작하였던 가마터가 있는 곳으로 웅천지역 도자사를 전시하고 있는 공간임",청안해오름앞 하자 305번+315번+351번+3006번+3002번,055-225-6852,경상남도 창원시 문화시설사업소,2025-02-05,5670000,경상남도 창원시
전국박물관미술관정보표준데이터,https://www.data.go.kr/data/15017323/standard.do,2025-12-02,place,조희룡미술관,공립,전라남도 신안군,전라남도 신안군 임자면 대광해수욕장길 177,35.10259823,126.0727879,조희룡미술관을(를) 배경으로 관람 전후 동화를 만들 수 있다.,관람 전 예습 동화와 방문 후 기념 동화책 배경,전시실에서 마음에 드는 작품이나 물건을 찾아 가족과 이야기하기,5-7;8-10,박물관;미술관;조희룡미술관,조희룡미술관,공립,전라남도 신안군 임자면 대광해수욕장길 177,전라남도 신안군 임자면 대기리 2523-31,061-240-8067,전라남도 신안군,https://www.shinan.go.kr/home/museum,,09:00,18:00,09:00,18:00,"월(단, 월요일이 공휴일인 경우 당일은 개관하고 그 다음 첫번째 평일에 휴관)",0,0,0,,,,061-240-8067,전라남도 신안군청,2025-12-02,5010000,전라남도 신안군
전국박물관미술관정보표준데이터,https://www.data.go.kr/data/15017323/standard.do,2025-12-02,place,둔장마을미술관,공립,전라남도 신안군,전라남도 신안군 자은면 둔장길 33-4,34.9137812,126.0627136,둔장마을미술관을(를) 배경으로 관람 전후 동화를 만들 수 있다.,관람 전 예습 동화와 방문 후 기념 동화책 배경,전시실에서 마음에 드는 작품이나 물건을 찾아 가족과 이야기하기,5-7;8-10,박물관;미술관;둔장마을미술관,둔장마을미술관,공립,전라남도 신안군 자은면 둔장길 33-4,전라남도 신안군 자은면 한운리 661,061-240-8067,전라남도 신안군,https://www.shinan.go.kr/home/museum,,10:00,17:00,10:00,17:00,"월(단, 월요일이 공휴일인 경우 당일은 개관하고 그 다음 첫번째 평일에 휴관)",0,0,0,,,,061-240-8067,전라남도 신안군청,2025-12-02,5010000,전라남도 신안군
전국박물관미술관정보표준데이터,https://www.data.go.kr/data/15017323/standard.do,2025-12-02,place,박득순미술관,사립,전라남도 신안군,전라남도 신안군 흑산면 진마을길 53,34.68347635,125.4233176,박득순미술관을(를) 배경으로 관람 전후 동화를 만들 수 있다.,관람 전 예습 동화와 방문 후 기념 동화책 배경,전시실에서 마음에 드는 작품이나 물건을 찾아 가족과 이야기하기,5-7;8-10,박물관;미술관;박득순미술관,박득순미술관,사립,전라남도 신안군 흑산면 진마을길 53,전라남도 신안군 흑산면 진리 845,0507-1442-155,전라남도 신안군,https://www.shinan.go.kr/home/museum,,10:00,18:00,10:00,18:00,"월(단, 월요일이 공휴일인 경우 당일은 개관하고 그 다음 첫번째 평일에 휴관)",0,0,0,,,,0507-1442-155,전라남도 신안군청,2025-12-02,5010000,전라남도 신안군
전국박물관미술관정보표준데이터,https://www.data.go.kr/data/15017323/standard.do,2025-12-02,place,장산화이트미술관,공립,전라남도 신안군,전라남도 신안군 장산면 장산동면길 303-3,34.63654628,126.1740875,장산화이트미술관을(를) 배경으로 관람 전후 동화를 만들 수 있다.,관람 전 예습 동화와 방문 후 기념 동화책 배경,전시실에서 마음에 드는 작품이나 물건을 찾아 가족과 이야기하기,5-7;8-10,박물관;미술관;장산화이트미술관,장산화이트미술관,공립,전라남도 신안군 장산면 장산동면길 303-3,전라남도 신안군 장산면 팽진리 921,061-240-8067,전라남도 신안군,https://www.shinan.go.kr/home/museum,,09:00,18:00,09:00,18:00,"월(단, 월요일이 공휴일인 경우 당일은 개관하고 그 다음 첫번째 평일에 휴관)",0,0,0,,,,061-240-8067,전라남도 신안군청,2025-12-02,5010000,전라남도 신안군
전국박물관미술관정보표준데이터,https://www.data.go.kr/data/15017323/standard.do,2025-12-02,place,세계조개박물관,공립,전라남도 신안군,전라남도 신안군 자은면 자은서부2길 508-65,34.87794449,125.9959143,조개및 고둥 3000종 전시,관람 전 예습 동화와 방문 후 기념 동화책 배경,전시실에서 마음에 드는 작품이나 물건을 찾아 가족과 이야기하기,5-7;8-10,박물관;미술관;세계조개박물관;조개및;고둥;3000종;전시,세계조개박물관,공립,전라남도 신안군 자은면 자은서부2길 508-65,전라남도 신안군 자은면 백산리 633-93,061-240-3223,전라남도 신안군,https://www.shinan.go.kr/home/museum,해설사+뮤지엄샾,09:00,18:00,09:00,18:00,"월(단, 월요일이 공휴일인 경우 당일은 개관하고 그 다음 첫번째 평일에 휴관)",1000020,500020,300020,"1.국가유공자, 장애인, 등 면제2.디지털관광주민증 소지시 30 할인3. 신안군통합관람권 5개소중 대상",조개및 고둥 3000종 전시,1. 자가이용(목포에서 1시간10분 소요)2. 목포1004 공용버스 운영(1시간40분 소요)3. 증도출발시 선박 이용,061-240-3223,전라남도 신안군청,2025-12-02,5010000,전라남도 신안군
전국박물관미술관정보표준데이터,https://www.data.go.kr/data/15017323/standard.do,2025-12-02,place,신안갯벌박물관,공립,전라남도 신안군,전라남도 신안군 증도면 지도증도로 1766-4,34.96448778,126.136446,신안갯벌박물관을(를) 배경으로 관람 전후 동화를 만들 수 있다.,관람 전 예습 동화와 방문 후 기념 동화책 배경,전시실에서 마음에 드는 작품이나 물건을 찾아 가족과 이야기하기,5-7;8-10,박물관;미술관;신안갯벌박물관,신안갯벌박물관,공립,전라남도 신안군 증도면 지도증도로 1766-4,전라남도 신안군 증도면 우전리 77,061-275-8400,전라남도 신안군,https://www.shinan.go.kr/home/museum,갯벌학습실+야외카페테리아,09:00,17:00,09:00,17:00,"월(단, 월요일이 공휴일인 경우 당일은 개관하고 그 다음 첫번째 평일에 휴관)",0,0,0,,,,061-275-8400,전라남도 신안군청,2025-12-02,5010000,전라남도 신안군
전국박물관미술관정보표준데이터,https://www.data.go.kr/data/15017323/standard.do,2025-12-02,place,세계화석광물박물관,공립,전라남도 신안군,전라남도 신안군 안좌면 대리길 18-24,34.71528596,126.1690134,세계화석광물박물관을(를) 배경으로 관람 전후 동화를 만들 수 있다.,관람 전 예습 동화와 방문 후 기념 동화책 배경,전시실에서 마음에 드는 작품이나 물건을 찾아 가족과 이야기하기,5-7;8-10,박물관;미술관;세계화석광물박물관,세계화석광물박물관,공립,전라남도 신안군 안좌면 대리길 18-24,전라남도 신안군 안좌면 대리 756,061-262-0230,전라남도 신안군,https://www.shinan.go.kr/home/museum,,09:00,18:00,09:00,18:00,"월(단, 월요일이 공휴일인 경우 당일은 개관하고 그 다음 첫번째 평일에 휴관)",5000,3000,1000,,,,061-262-0230,전라남도 신안군청,2025-12-02,5010000,전라남도 신안군
전국박물관미술관정보표준데이터,https://www.data.go.kr/data/15017323/standard.do,2025-12-02,place,철새박물관,공립,전라남도 신안군,전라남도 신안군 흑산면 흑산읍동길 38,34.69483892,125.4300918,철새박물관을(를) 배경으로 관람 전후 동화를 만들 수 있다.,관람 전 예습 동화와 방문 후 기념 동화책 배경,전시실에서 마음에 드는 작품이나 물건을 찾아 가족과 이야기하기,5-7;8-10,박물관;미술관;철새박물관,철새박물관,공립,전라남도 신안군 흑산면 흑산읍동길 38,전라남도 신안군 흑산면 진리 671-1,061-246-1005,전라남도 신안군,https://www.shinan.go.kr/home/museum,디오라마+학습휴게실,09:00,18:00,09:00,18:00,"월(단, 월요일이 공휴일인 경우 당일은 개관하고 그 다음 첫번째 평일에 휴관)",5000,3000,0,,,,061-246-1005,전라남도 신안군청,2025-12-02,5010000,전라남도 신안군
전국박물관미술관정보표준데이터,https://www.data.go.kr/data/15017323/standard.do,2025-12-02,place,새공예박물관,공립,전라남도 신안군,전라남도 신안군 흑산면 흑산읍동길 38,34.69483892,125.4300918,새공예박물관을(를) 배경으로 관람 전후 동화를 만들 수 있다.,관람 전 예습 동화와 방문 후 기념 동화책 배경,전시실에서 마음에 드는 작품이나 물건을 찾아 가족과 이야기하기,5-7;8-10,박물관;미술관;새공예박물관,새공예박물관,공립,전라남도 신안군 흑산면 흑산읍동길 38,전라남도 신안군 흑산면 진리 671-1,061-246-1005,전라남도 신안군,https://www.shinan.go.kr/home/museum,,09:00,18:00,09:00,18:00,"월(단, 월요일이 공휴일인 경우 당일은 개관하고 그 다음 첫번째 평일에 휴관)",5000,3000,0,,,,061-246-1005,전라남도 신안군청,2025-12-02,5010000,전라남도 신안군
전국박물관미술관정보표준데이터,https://www.data.go.kr/data/15017323/standard.do,2025-12-02,place,에로스서각박물관,공립,전라남도 신안군,전라남도 신안군 암태면 박달로 362-26,34.85812685,126.1228997,에로스서각박물관을(를) 배경으로 관람 전후 동화를 만들 수 있다.,관람 전 예습 동화와 방문 후 기념 동화책 배경,전시실에서 마음에 드는 작품이나 물건을 찾아 가족과 이야기하기,5-7;8-10,박물관;미술관;에로스서각박물관,에로스서각박물관,공립,전라남도 신안군 암태면 박달로 362-26,전라남도 신안군 암태면 신석리 1717,061-240-8651,전라남도 신안군,https://www.shinan.go.kr/home/museum,,09:00,18:00,09:00,18:00,"월(단, 월요일이 공휴일인 경우 당일은 개관하고 그 다음 첫번째 평일에 휴관)",5000,0,0,,,,061-240-8651,전라남도 신안군청,2025-12-02,5010000,전라남도 신안군
전국박물관미술관정보표준데이터,https://www.data.go.kr/data/15017323/standard.do,2025-12-02,place,이세돌바둑박물관,공립,전라남도 신안군,전라남도 신안군 비금면 비금북부길 573-1,34.77397487,125.9464592,이세돌바둑박물관을(를) 배경으로 관람 전후 동화를 만들 수 있다.,관람 전 예습 동화와 방문 후 기념 동화책 배경,전시실에서 마음에 드는 작품이나 물건을 찾아 가족과 이야기하기,5-7;8-10,박물관;미술관;이세돌바둑박물관,이세돌바둑박물관,공립,전라남도 신안군 비금면 비금북부길 573-1,전라남도 신안군 비금면 지당리 1007-1,061-240-8188,전라남도 신안군,https://www.shinan.go.kr/home/museum,,09:00,18:00,09:00,18:00,"월(단, 월요일이 공휴일인 경우 당일은 개관하고 그 다음 첫번째 평일에 휴관)",0,0,0,,,,061-240-8188,전라남도 신안군청,2025-12-02,5010000,전라남도 신안군
전국박물관미술관정보표준데이터,https://www.data.go.kr/data/15017323/standard.do,2024-09-24,place,고남패총박물관,공립,충청남도 태안군,충청남도 태안군 고남면 안면대로 4270-6,36.4195041,126.4097958,고남리 패총유적 및 발굴 유물 전시+태안 전통 민속유물 전시+분기별 프로그램 운영,관람 전 예습 동화와 방문 후 기념 동화책 배경,전시실에서 마음에 드는 작품이나 물건을 찾아 가족과 이야기하기,5-7;8-10,박물관;미술관;고남패총박물관;고남리;패총유적;및;발굴;유물;전시+태안;전통;민속유물;전시+분기별,고남패총박물관,공립,충청남도 태안군 고남면 안면대로 4270-6,충청남도 태안군 고남면 고남리 611,041-670-2337,태안군 문화예술과,http://www.taean.go.kr/tour/sub04_07_01_01.do,체험전시관+수유실,09:00,18:00,09:00,18:00,월+관공서 공휴일 다음날+명절당일+신정,1200,1000,700,무료(고남패총박물관 운영관리 조례 제5조),고남리 패총유적 및 발굴 유물 전시+태안 전통 민속유물 전시+분기별 프로그램 운영,"서울→서해안고속도로→서산IC→안면도→고남, 대전→공주→청양→홍성→서산→안면도→고남, 광주→전주→군산→서해안고속도로→대천IC→보령해저터널, 원산안면대교→고남",041-670-5618,충청남도 태안군,2024-09-24,4620000,충청남도 태안군
전국박물관미술관정보표준데이터,https://www.data.go.kr/data/15017323/standard.do,2024-09-24,place,안면도쥬라기박물관,사립,충청남도 태안군,충청남도 태안군 남면 곰섬로 37-20,36.60929425,126.310712,중생대 공룡 전시물+단궁류+파충류+포유류+익룡+새+해양생물+각종 공룡 실물 크기 모형 등 전시,관람 전 예습 동화와 방문 후 기념 동화책 배경,전시실에서 마음에 드는 작품이나 물건을 찾아 가족과 이야기하기,5-7;8-10,박물관;미술관;안면도쥬라기박물관;중생대;공룡;전시물+단궁류+파충류+포유류+익룡+새+해양생물+각종;실물;크기;모형;등;전시,안면도쥬라기박물관,사립,충청남도 태안군 남면 곰섬로 37-20,충청남도 태안군 남면 신온리 641-3,041-674-5660,안면도쥬라기공원영농조합법인,http://www.anmyondojurassic.com,기념품샵,09:30,17:30,09:30,18:00,월(월요일이 공휴일인 경우 다음날)+설 당일+추석 당일+정부지정 대체공휴일일 경우 그 다음날,12000,10000,9000,장애인(1~3급 2000원+4~6급 4000원)+경로 2000원+군인ㆍ경찰ㆍ소방ㆍ국가유공자 5000원,중생대 공룡 전시물+단궁류+파충류+포유류+익룡+새+해양생물+각종 공룡 실물 크기 모형 등 전시,서해안고속도로 홍성IC→갈산교차로(안면도 방면)→국도 40호선(남당리 방면)→창리교차로 직진→원청사거리 좌회전→곰섬 삼거리 우회전→안면도쥬라기공원(홍성IC에서 약 30분 소요),041-670-5922,충청남도 태안군,2024-09-24,4620000,충청남도 태안군
전국박물관미술관정보표준데이터,https://www.data.go.kr/data/15017323/standard.do,2024-09-24,place,유류피해극복기념관,공립,충청남도 태안군,충청남도 태안군 소원면 천리포1길 120,36.79263915,126.1483302,2007년 유류유출사고 및 123만 자원봉사자 업적 기념+상하반기 해양환경 전문인력양성교육,관람 전 예습 동화와 방문 후 기념 동화책 배경,전시실에서 마음에 드는 작품이나 물건을 찾아 가족과 이야기하기,5-7;8-10,박물관;미술관;유류피해극복기념관;2007년;유류유출사고;및;123만;자원봉사자;업적;기념+상하반기;해양환경;전문인력양성교육,유류피해극복기념관,공립,충청남도 태안군 소원면 천리포1길 120,충청남도 태안군 소원면 의항리 898,041-670-2930,태안군 해양산업과,http://taean.go.kr/tour/sub04_10_01_01.do,체험전시관+수유실,09:00,18:00,09:00,18:00,월+관공서 공휴일 다음날+명절당일+신정,0,0,0,무료,2007년 유류유출사고 및 123만 자원봉사자 업적 기념+상하반기 해양환경 전문인력양성교육,"서해안고속도로 서산IC → 서산, 당진 방면 좌회전 → 서산나들목에서 태안, 서산 방면 좌회전 → 8.9km 이동 → 태안,부석 방면 좌회전 → 6.7km 이동 → 만리포, 태안 방면 좌회전 → 14.8km 이동 → 남문교차로에서 만리포 방면 지하도 진입 → 16.km 이동 → 천리포1길 방면으로 우회전 → 1.2.km 이동",041-670-2925,충청남도 태안군,2024-09-24,4620000,충청남도 태안군
전국박물관미술관정보표준데이터,https://www.data.go.kr/data/15017323/standard.do,2024-09-24,place,태안동학농민혁명기념관,공립,충청남도 태안군,충청남도 태안군 태안읍 성안1길 28-23,36.76033768,126.295195,태안동학농민혁명기념관을(를) 배경으로 관람 전후 동화를 만들 수 있다.,관람 전 예습 동화와 방문 후 기념 동화책 배경,전시실에서 마음에 드는 작품이나 물건을 찾아 가족과 이야기하기,5-7;8-10,박물관;미술관;태안동학농민혁명기념관,태안동학농민혁명기념관,공립,충청남도 태안군 태안읍 성안1길 28-23,충청남도 태안군 태안읍 남문리 380-3,041-670-5966,태안군 문화예술과,https://www.taean.go.kr/tour/sub04_11_01_01.do,전시실+휴게실,09:00,18:00,09:00,18:00,월+관공서 공휴일 다음날+명절당일+신정,0,0,0,무료,,,041-670-5966,충청남도 태안군,2024-09-24,4620000,충청남도 태안군
전국박물관미술관정보표준데이터,https://www.data.go.kr/data/15017323/standard.do,2024-12-11,place,매괴박물관,사립,충청북도 음성군,충청북도 음성군 감곡면 성당길 10,37.122433,127.641386,1896년에 설립된 감곡성당의 역사적 유물을 모아 보여주는 교육의 장,관람 전 예습 동화와 방문 후 기념 동화책 배경,전시실에서 마음에 드는 작품이나 물건을 찾아 가족과 이야기하기,5-7;8-10,박물관;미술관;매괴박물관;1896년에;설립된;감곡성당의;역사적;유물을;모아;보여주는;교육의;장,매괴박물관,사립,충청북도 음성군 감곡면 성당길 10,충청북도 음성군 감곡면 왕장리 357-2,043-881-2809,청주교구천주교유지재단,http://www.maegoe.com,,09:00,17:00,09:00,17:00,월요일,0,0,0,,1896년에 설립된 감곡성당의 역사적 유물을 모아 보여주는 교육의 장,,043-881-2809,청주교구천주교유지재단,2024-12-11,4470000,충청북도 음성군
전국박물관미술관정보표준데이터,https://www.data.go.kr/data/15017323/standard.do,2025-07-10,place,땅끝해양자연사박물관,사립,전라남도 해남군,전라남도 해남군 송지면 땅끝마을길 89,34.30129216,126.5296515,"원양어선 선장님이 40여년 간 전세계 바다를 돌며, 직접 수집한 해양생물들을 실물로 만날수 있는 박물관",관람 전 예습 동화와 방문 후 기념 동화책 배경,전시실에서 마음에 드는 작품이나 물건을 찾아 가족과 이야기하기,5-7;8-10,박물관;미술관;땅끝해양자연사박물관;원양어선;선장님이;40여년;간;전세계;바다를;돌며;직접;수집한,땅끝해양자연사박물관,사립,전라남도 해남군 송지면 땅끝마을길 89,전라남도 해남군 송지면 송호리 1123-3,061-535-2110,땅끝해양자연사박물관,www.tmnhm.co.kr,전시실,10:30,18:00,10:30,18:00,월요일,5000,4000,3000,"36개월 미만 무료, 복지카드 할인, 단체 예약 할인 등","원양어선 선장님이 40여년 간 전세계 바다를 돌며, 직접 수집한 해양생물들을 실물로 만날수 있는 박물관",,061-535-2110,땅끝해양자연사박물관,2025-07-10,4930000,전라남도 해남군
전국박물관미술관정보표준데이터,https://www.data.go.kr/data/15017323/standard.do,2025-07-10,place,대흥사성보박물관,사립,전라남도 해남군,전라남도 해남군 삼산면 대흥사길 400,34.47714315,126.6166308,대흥사 및 암자에 전해지는 성보 문화재를 전시하기 위해 세운 박물관,관람 전 예습 동화와 방문 후 기념 동화책 배경,전시실에서 마음에 드는 작품이나 물건을 찾아 가족과 이야기하기,5-7;8-10,박물관;미술관;대흥사성보박물관;대흥사;및;암자에;전해지는;성보;문화재를;전시하기;위해;세운,대흥사성보박물관,사립,전라남도 해남군 삼산면 대흥사길 400,전라남도 해남군 삼산면 구림리 799,061-534-5502,대흥사,www.daeheungsa.co.kr,전시실,09:00,16:30,09:00,16:30,월요일 + 화요일,0,0,0,,대흥사 및 암자에 전해지는 성보 문화재를 전시하기 위해 세운 박물관,,061-534-5502,대흥사,2025-07-10,4930000,전라남도 해남군
전국박물관미술관정보표준데이터,https://www.data.go.kr/data/15017323/standard.do,2025-07-10,place,행촌미술관,사립,전라남도 해남군,전라남도 해남군 해남읍 해남로 45,34.57109906,126.6125061,해남종합병원 설립자이자 지역 예술 후원자였던 행촌 김제현의 삶을 기려 설립된 미술관,관람 전 예습 동화와 방문 후 기념 동화책 배경,전시실에서 마음에 드는 작품이나 물건을 찾아 가족과 이야기하기,5-7;8-10,박물관;미술관;행촌미술관;해남종합병원;설립자이자;지역;예술;후원자였던;행촌;김제현의;삶을;기려,행촌미술관,사립,전라남도 해남군 해남읍 해남로 45,전라남도 해남군 해남읍 해리 182-1,061-533-3663,행촌문화재단,http://haengchon.or.kr/,전시실,09:00,17:00,00:00,00:00,일요일+공휴일+토요일 개관(09:00~13:00),0,0,0,,해남종합병원 설립자이자 지역 예술 후원자였던 행촌 김제현의 삶을 기려 설립된 미술관,,061-533-3663,행촌문화재단,2025-07-10,4930000,전라남도 해남군
전국박물관미술관정보표준데이터,https://www.data.go.kr/data/15017323/standard.do,2025-07-09,place,은평역사한옥박물관,공립,서울특별시 은평구,서울특별시 은평구 연서로50길 8,37.6403687,126.9380375,"은평의 역사와 발굴유물 전시, 한옥 건축 및 구조물 전시 등",관람 전 예습 동화와 방문 후 기념 동화책 배경,전시실에서 마음에 드는 작품이나 물건을 찾아 가족과 이야기하기,5-7;8-10,박물관;미술관;은평역사한옥박물관;은평의;역사와;발굴유물;전시;한옥;건축;및;구조물;등,은평역사한옥박물관,공립,서울특별시 은평구 연서로50길 8,서울특별시 은평구 진관동 135-5,02-351-8556,은평역사한옥박물관,https://museum.ep.go.kr,"장난감도서관, 주차장, 카페",09:00,18:00,09:00,18:00,"매주 월요일, 1월 1일, 설날 및 추석 연휴",1000,500,0,"65세 이상 무료, 문화가 있는 날 무료","은평의 역사와 발굴유물 전시, 한옥 건축 및 구조물 전시 등","지하철 3호선 연신내역 3번 출구 연서시장 정류장, 701 및 7211 버스 승차, 하나고 앞 정류장 하차. 지하철 3호선 구파발역 3번 출구 정류장, 7723  버스 승차, 하나고 앞 정류장 하차",02-351-8524,서울특별시 은평구청,2025-07-09,3110000,서울특별시 은평구
전국박물관미술관정보표준데이터,https://www.data.go.kr/data/15017323/standard.do,2025-07-09,place,다문화박물관,사립,서울특별시 은평구,서울특별시 은평구 불광로 135,37.6187179,126.9325323,"글로벌 시대에 앞서가는, 다양한 문화가 공존하는 오감체험 박물관",관람 전 예습 동화와 방문 후 기념 동화책 배경,전시실에서 마음에 드는 작품이나 물건을 찾아 가족과 이야기하기,5-7;8-10,박물관;미술관;다문화박물관;글로벌;시대에;앞서가는;다양한;문화가;공존하는;오감체험,다문화박물관,사립,서울특별시 은평구 불광로 135,서울특별시 은평구 불광동 13-27,02-323-6848,다문화박물관,http://www.multiculturemuseum.com,주차장,13:00,18:00,10:00,18:00,"매주 일요일, 매주 월요일, 추석·설 명절",10000,8000,7000,"국가유공자 및 장애인 본인 50할인, 매월 마지막 주 수요일 개인 일반관람 50 할인","글로벌 시대에 앞서가는, 다양한 문화가 공존하는 오감체험 박물관","지하철 6호선 독바위역 하차 후 1번 출구로 나오셔서 왼쪽 방향으로 1분거리, 버스 7720 - 수양탕 정류소에 하차후 오른쪽 방향으로 1분 거리",02-323-6848,서울특별시 은평구청,2025-07-09,3110000,서울특별시 은평구
전국박물관미술관정보표준데이터,https://www.data.go.kr/data/15017323/standard.do,2025-07-09,place,사비나미술관,사립,서울특별시 은평구,서울특별시 은평구 진관동 진관1로 93,37.6301511,126.9293496,"은평구 내 최초의 미술관으로서 융복합 전시, 예술 교육프로그램, 아카데미, 세미나, 문화행사 등 다양한 문화예술 활동을 통해 시민들의 예술적 소양과 심미안, 창의성을 길러주는 평생학교의 역할을 수행",관람 전 예습 동화와 방문 후 기념 동화책 배경,전시실에서 마음에 드는 작품이나 물건을 찾아 가족과 이야기하기,5-7;8-10,박물관;미술관;사비나미술관;은평구;내;최초의;미술관으로서;융복합;전시;예술;교육프로그램;아카데미,사비나미술관,사립,서울특별시 은평구 진관동 진관1로 93,서울특별시 은평구 진관동 9999-2,02-736-4371,사비나미술관,http://www.savinamuseum.com,"카페, 주차장",10:00,18:00,10:00,18:00,매주 월요일,6000,5000,5000,"65세 이상, 국가유공자, 장애인 및 동반 1인 50 할인, 은평구 지역주민 1000원 할인","은평구 내 최초의 미술관으로서 융복합 전시, 예술 교육프로그램, 아카데미, 세미나, 문화행사 등 다양한 문화예술 활동을 통해 시민들의 예술적 소양과 심미안, 창의성을 길러주는 평생학교의 역할을 수행","지하철 3호선 연신내역(3,5번 출구) 또는 구파발역(3번 출구)에서 버스 환승, 연신내역 3번출구 571번 탑승 후 신도초,중교입구 정류장 하차, 연신내역 3번출구 701, 720, 7211번 탑승 후 폭포동 정류장 하차, 연신내역 5번출구 7720번 탑승 후 신도초중교입구정류장 하차, 구파발역 3번출구 720 탑승 후 폭포동,은평노인종합복지관 하차,구파발역 3번출구 7734 탑승 후 신도초,중교입구 하차, 독바위역 6호선 1번 출구 맞은편 수리초등학교 버스정류장에서 7720/7734 승차 후, 은평경찰서(5정거장 후) 또는 고전번역원(6정거장 후)에서 하차 후 도보 5분",02-736-4371,서울특별시 은평구청,2025-07-09,3110000,서울특별시 은평구
전국박물관미술관정보표준데이터,https://www.data.go.kr/data/15017323/standard.do,2020-12-15,place,한국족보박물관,공립,대전광역시 중구,대전광역시 중구 뿌리공원로 79,36.28537962,127.3883000376,NAME?,관람 전 예습 동화와 방문 후 기념 동화책 배경,전시실에서 마음에 드는 작품이나 물건을 찾아 가족과 이야기하기,5-7;8-10,박물관;미술관;한국족보박물관;NAME?,한국족보박물관,공립,대전광역시 중구 뿌리공원로 79,대전광역시 중구 침산동 364,042-582-4445,한국족보박물관,www.한국족보박물관.한국,없음,10:00,17:00,10:00,17:00,"매주 월요일, 설, 추석 당일",0,0,0,무료,NAME?,"- 버스 : 312, 313, 316, 513",042-582-4445,한국족보박물관,2020-12-15,6300000,대전광역시
전국박물관미술관정보표준데이터,https://www.data.go.kr/data/15017323/standard.do,2022-10-31,place,복천박물관,공립,부산광역시 동래구,부산광역시 동래구 복천로 63(복천동),35.20877341,129.0911773,부산의 가야문화를 대표하는 박물관,관람 전 예습 동화와 방문 후 기념 동화책 배경,전시실에서 마음에 드는 작품이나 물건을 찾아 가족과 이야기하기,5-7;8-10,박물관;미술관;복천박물관;부산의;가야문화를;대표하는,복천박물관,공립,부산광역시 동래구 복천로 63(복천동),부산광역시 동래구 복천동 16-5,051-550-0316,복천박물관,https://museum.busan.go.kr/bokcheon/index,문헌자료실+수유실,09:00,18:00,09:00,18:00,1.1 휴관매주 월요일 휴관,0,0,0,부산광역시립박물관 운영 조례 제5조에 따름,부산의 가야문화를 대표하는 박물관,"지하철, 버스 등홈페이지 참조",051-550-0316,복천박물관,2022-10-31,6260000,부산광역시
전국박물관미술관정보표준데이터,https://www.data.go.kr/data/15017323/standard.do,2022-10-31,place,정관박물관,공립,부산광역시 기장군,부산광역시 기장군 정관읍 정관중앙로 122(방곡리),35.3268078158,129.1848654223,삼국시대 살림살이와 생활유물이 전시된 열린박물관,관람 전 예습 동화와 방문 후 기념 동화책 배경,전시실에서 마음에 드는 작품이나 물건을 찾아 가족과 이야기하기,5-7;8-10,박물관;미술관;정관박물관;삼국시대;살림살이와;생활유물이;전시된;열린박물관,정관박물관,공립,부산광역시 기장군 정관읍 정관중앙로 122(방곡리),부산광역시 기장군 정관읍 방곡리 442,051-720-6911,정관박물관,https://museum.busan.go.kr/jeonggwan/index,수유실,09:00,18:00,09:00,18:00,1.1 휴관매주 월요일 휴관,0,0,0,부산광역시립박물관 운영 조례 제5조에 따름,삼국시대 살림살이와 생활유물이 전시된 열린박물관,"지하철, 버스 등홈페이지 참조",051-720-6911,정관박물관,2022-10-31,6260000,부산광역시
전국박물관미술관정보표준데이터,https://www.data.go.kr/data/15017323/standard.do,2022-10-31,place,임시수도기념관,공립,부산광역시 서구,부산광역시 서구 임시수도기념로 45(부민동3가),35.10375325,129.0175964443,피란수도 부산을 조명한 박물관,관람 전 예습 동화와 방문 후 기념 동화책 배경,전시실에서 마음에 드는 작품이나 물건을 찾아 가족과 이야기하기,5-7;8-10,박물관;미술관;임시수도기념관;피란수도;부산을;조명한,임시수도기념관,공립,부산광역시 서구 임시수도기념로 45(부민동3가),부산광역시 서구 부민동3가 22,051-244-6345,임시수도기념관,https://museum.busan.go.kr/monument/index,,09:00,18:00,09:00,18:00,1.1 휴관매주 월요일 휴관,0,0,0,부산광역시립박물관 운영 조례 제5조에 따름,피란수도 부산을 조명한 박물관,"지하철, 버스 등홈페이지 참조",051-244-6345,임시수도기념관,2022-10-31,6260000,부산광역시
전국박물관미술관정보표준데이터,https://www.data.go.kr/data/15017323/standard.do,2025-01-24,place,보령문화의전당,공립,충청남도 보령시,충청남도 보령시 대흥로 63,36.35071294,126.5905262,"보령지역 최초의 지방사 박물관인 보령박물관은 선사시대부터 근·현대시대에 이르기까지 보령의 향토사를 고스란히 담고 있는 박물관이다. 각각의 시대마다 주거문화, 고분문화, 종교문화, 도자문화, 선비문화 등 주제가 있는 전시를 기획하여 관람객들로 하여금 보령지역이 품고 있는 역사를 한눈에 알 수 있는 기회를 제공한다. 대표적인 전시유물로는 충청남도 유형문화재 158호 금강암 비편(碑片)과 충청남도 시도민속문화재 32호 호서 옥마산 김부대왕지기 등 지정문화재가 있으며, 전시된 대부분의 유물이 보령지역에서 출토된 국가귀속유물이다. 그리고 60년대 보령거리 재현은 보령박물관의 색다른 볼거리이다.",관람 전 예습 동화와 방문 후 기념 동화책 배경,전시실에서 마음에 드는 작품이나 물건을 찾아 가족과 이야기하기,5-7;8-10,박물관;미술관;보령문화의전당;보령지역;최초의;지방사;박물관인;보령박물관은;선사시대부터;근·현대시대에;이르기까지;보령의,보령문화의전당,공립,충청남도 보령시 대흥로 63,충청남도 보령시 대천동 340-2,041-930-0932,충청남도 보령시청,http://culture.brcn.go.kr,작은도서관+대강당+소강당,09:00,18:00,09:00,18:00,월,0,0,0,무료,"보령지역 최초의 지방사 박물관인 보령박물관은 선사시대부터 근·현대시대에 이르기까지 보령의 향토사를 고스란히 담고 있는 박물관이다. 각각의 시대마다 주거문화, 고분문화, 종교문화, 도자문화, 선비문화 등 주제가 있는 전시를 기획하여 관람객들로 하여금 보령지역이 품고 있는 역사를 한눈에 알 수 있는 기회를 제공한다. 대표적인 전시유물로는 충청남도 유형문화재 158호 금강암 비편(碑片)과 충청남도 시도민속문화재 32호 호서 옥마산 김부대왕지기 등 지정문화재가 있으며, 전시된 대부분의 유물이 보령지역에서 출토된 국가귀속유물이다. 그리고 60년대 보령거리 재현은 보령박물관의 색다른 볼거리이다.",대천역(버스) → 구기차역방면 자가용 5분내외 거리,041-930-0932,충청남도 보령시청 문화새마을과,2025-01-24,4510000,충청남도 보령시
전국박물관미술관정보표준데이터,https://www.data.go.kr/data/15017323/standard.do,2024-11-08,place,수덕사근역성보관,사립,충청남도 예산군,충청남도 예산군 덕산면 수덕사안길 79,36.66245138,126.6226692,수덕사근역성보관을(를) 배경으로 관람 전후 동화를 만들 수 있다.,관람 전 예습 동화와 방문 후 기념 동화책 배경,전시실에서 마음에 드는 작품이나 물건을 찾아 가족과 이야기하기,5-7;8-10,박물관;미술관;수덕사근역성보관,수덕사근역성보관,사립,충청남도 예산군 덕산면 수덕사안길 79,충청남도 예산군 덕산면 사천리 19,041-337-2902,수덕사근역성보관,,,9:00,18:00,0:00,0:00,공휴일,3000,3000,3000,,,,041-337-2902,충청남도 예산군청,2024-11-08,4610000,충청남도 예산군
전국박물관미술관정보표준데이터,https://www.data.go.kr/data/15017323/standard.do,2024-11-08,place,한국문인인장박물관,사립,충청남도 예산군,충청남도 예산군 광시면 운산2길 111-3,36.54709527,126.7503304,한국문인인장박물관을(를) 배경으로 관람 전후 동화를 만들 수 있다.,관람 전 예습 동화와 방문 후 기념 동화책 배경,전시실에서 마음에 드는 작품이나 물건을 찾아 가족과 이야기하기,5-7;8-10,박물관;미술관;한국문인인장박물관,한국문인인장박물관,사립,충청남도 예산군 광시면 운산2길 111-3,충청남도 예산군 광시면 운산리 256-2,031-302-0591,한국문인인장박물관,,,9:00,18:00,0:00,0:00,공휴일,0,0,0,,,,031-302-0591,충청남도 예산군청,2024-11-08,4610000,충청남도 예산군
전국박물관미술관정보표준데이터,https://www.data.go.kr/data/15017323/standard.do,2024-11-08,place,한국토종씨앗박물관,사립,충청남도 예산군,충청남도 예산군 대술면 시산서길 64-9,36.66631039,126.8784015,한국토종씨앗박물관을(를) 배경으로 관람 전후 동화를 만들 수 있다.,관람 전 예습 동화와 방문 후 기념 동화책 배경,전시실에서 마음에 드는 작품이나 물건을 찾아 가족과 이야기하기,5-7;8-10,박물관;미술관;한국토종씨앗박물관,한국토종씨앗박물관,사립,충청남도 예산군 대술면 시산서길 64-9,,000-000-0000,한국토종씨앗박물관,,,9:00,18:00,0:00,0:00,공휴일,3000,2500,2500,,,,000-000-0000,충청남도 예산군청,2024-11-08,4610000,충청남도 예산군
전국박물관미술관정보표준데이터,https://www.data.go.kr/data/15017323/standard.do,2024-11-08,place,수덕사선미술관,사립,충청남도 예산군,충청남도 예산군 덕산면 수덕사안길 79,36.66245074,126.6226684,수덕사선미술관을(를) 배경으로 관람 전후 동화를 만들 수 있다.,관람 전 예습 동화와 방문 후 기념 동화책 배경,전시실에서 마음에 드는 작품이나 물건을 찾아 가족과 이야기하기,5-7;8-10,박물관;미술관;수덕사선미술관,수덕사선미술관,사립,충청남도 예산군 덕산면 수덕사안길 79,충청남도 예산군 덕산면 사천리 19,041-338-9900,수덕사선미술관,,,9:00,18:00,0:00,0:00,공휴일,3000,3000,3000,,,,041-338-9900,충청남도 예산군청,2024-11-08,4610000,충청남도 예산군
전국박물관미술관정보표준데이터,https://www.data.go.kr/data/15017323/standard.do,2024-11-08,place,예산보부상박물관,공립,충청남도 예산군,충청남도 예산군 덕산면 온천단지1로 55,36.69120437,126.6500362,예산보부상박물관을(를) 배경으로 관람 전후 동화를 만들 수 있다.,관람 전 예습 동화와 방문 후 기념 동화책 배경,전시실에서 마음에 드는 작품이나 물건을 찾아 가족과 이야기하기,5-7;8-10,박물관;미술관;예산보부상박물관,예산보부상박물관,공립,충청남도 예산군 덕산면 온천단지1로 55,충청남도 예산군 덕산면 사동리 256-2,041-337-8830,충청남도 예산군청,,,10:00,20:00,10:00,20:00,월요일,11000,9000,7000,,,,041-337-8830,충청남도 예산군청,2024-11-08,4610000,충청남도 예산군
전국박물관미술관정보표준데이터,https://www.data.go.kr/data/15017323/standard.do,2024-11-08,place,덕산세계인형박물관,사립,충청남도 예산군,충청남도 예산군 덕산면 신평1길 14-7,36.69261981,126.6630795,덕산세계인형박물관을(를) 배경으로 관람 전후 동화를 만들 수 있다.,관람 전 예습 동화와 방문 후 기념 동화책 배경,전시실에서 마음에 드는 작품이나 물건을 찾아 가족과 이야기하기,5-7;8-10,박물관;미술관;덕산세계인형박물관,덕산세계인형박물관,사립,충청남도 예산군 덕산면 신평1길 14-7,충청남도 예산군 덕산면 신평리 188-2,041-337-5688,덕산세계인형박물관,,,10:00,20:00,10:00,20:00,월요일,10000,8000,8000,,,,041-337-5688,충청남도 예산군청,2024-11-08,4610000,충청남도 예산군
전국박물관미술관정보표준데이터,https://www.data.go.kr/data/15017323/standard.do,2024-11-14,place,포천역사문화관,공립,경기도 포천시,경기도 포천시 중앙로34번길 8,37.890447,127.198245,선사시대부터 근현대에 이르기까지 포천의 역사문화와 유물전시,관람 전 예습 동화와 방문 후 기념 동화책 배경,전시실에서 마음에 드는 작품이나 물건을 찾아 가족과 이야기하기,5-7;8-10,박물관;미술관;포천역사문화관;선사시대부터;근현대에;이르기까지;포천의;역사문화와;유물전시,포천역사문화관,공립,경기도 포천시 중앙로34번길 8,경기도 포천시 신읍동 397-3,031-538-3029,포천역사문화관,,,09:30,17:30,00:00,00:00,토+일+법정공휴일,0,0,0,,선사시대부터 근현대에 이르기까지 포천의 역사문화와 유물전시,,031-538-3029,경기도 포천시청 문화체육과,2024-11-14,5600000,경기도 포천시
전국박물관미술관정보표준데이터,https://www.data.go.kr/data/15017323/standard.do,2024-10-31,place,인천어린이박물관,사립,인천광역시 미추홀구,인천광역시 미추홀구 매소홀로 618,37.43654516,126.6864606,어린이가 스스로 사고하고 오감을 사용해 느끼고 생각으로 연결할 수 있는 체험식 박물관이다,관람 전 예습 동화와 방문 후 기념 동화책 배경,전시실에서 마음에 드는 작품이나 물건을 찾아 가족과 이야기하기,5-7;8-10,박물관;미술관;인천어린이박물관;어린이가;스스로;사고하고;오감을;사용해;느끼고;생각으로;연결할;수,인천어린이박물관,사립,인천광역시 미추홀구 매소홀로 618,인천광역시 미추홀구 문학동 482,032-432-5600,인천어린이박물관,http://www.enjoymuseum.org,,10:00,18:00,10:00,18:00,월요일+법정공휴일,6000,6000,7000,12개월 미만 어린이는 무료,어린이가 스스로 사고하고 오감을 사용해 느끼고 생각으로 연결할 수 있는 체험식 박물관이다,시내버스 4+6+6-1+13+27+63+111-2+303+515+522,032-432-5600,인천어린이박물관,2024-10-31,3510500,인천광역시 미추홀구
전국박물관미술관정보표준데이터,https://www.data.go.kr/data/15017323/standard.do,2024-01-18,place,대한민국술테마박물관,공립,전북특별자치도 완주군,전북특별자치도 완주군 구이면 덕천전원길 232-58,35.72601706,127.1361627,대한민국 술테마 박물관,관람 전 예습 동화와 방문 후 기념 동화책 배경,전시실에서 마음에 드는 작품이나 물건을 찾아 가족과 이야기하기,5-7;8-10,박물관;미술관;대한민국술테마박물관;대한민국;술테마,대한민국술테마박물관,공립,전북특별자치도 완주군 구이면 덕천전원길 232-58,전북특별자치도 완주군 구이면 덕천리 산245-1,063-290-3842,전라북도 완주군청,www.sulmuseum.kr,,09:00,18:00,09:00,18:00,월,2000,1000,500,,대한민국 술테마 박물관,403번 버스,063-290-3842,전라북도 완주군청,2024-01-18,4721000,전북특별자치도 완주군
전국박물관미술관정보표준데이터,https://www.data.go.kr/data/15017323/standard.do,2024-01-18,place,카메라영상박물관,사립,전북특별자치도 완주군,전북특별자치도 완주군 소양면 신교응암길 14,35.853068,127.206581,카메라영상박물관,관람 전 예습 동화와 방문 후 기념 동화책 배경,전시실에서 마음에 드는 작품이나 물건을 찾아 가족과 이야기하기,5-7;8-10,박물관;미술관;카메라영상박물관,카메라영상박물관,사립,전북특별자치도 완주군 소양면 신교응암길 14,전북특별자치도 완주군 소양면 신교리 404-1,063-243-8090,카메라영상박물관,,,10:00,18:00,10:00,18:00,-,3000,2000,1000,-,카메라영상박물관,-,063-243-8090,조창환,2024-01-18,4721000,전북특별자치도 완주군
전국박물관미술관정보표준데이터,https://www.data.go.kr/data/15017323/standard.do,2024-01-18,place,산속등대미술관,사립,전북특별자치도 완주군,전북특별자치도 완주군 소양면 원암로 82,35.86930215,127.2519891,등대 테마의 미술관,관람 전 예습 동화와 방문 후 기념 동화책 배경,전시실에서 마음에 드는 작품이나 물건을 찾아 가족과 이야기하기,5-7;8-10,박물관;미술관;산속등대미술관;등대;테마의,산속등대미술관,사립,전북특별자치도 완주군 소양면 원암로 82,전북특별자치도 완주군 소양면 해월리 362,063-245-2456,(유)제이와이프롭,http://www.sansoklighthouse.co.kr,주차장+카페,10:00,19:00,10:00,19:00,-,12000,10000,8000,-,등대 테마의 미술관,"807,806,814번 버스",063-245-2456,(유)제이와이프롭,2024-01-18,4721000,전북특별자치도 완주군
전국박물관미술관정보표준데이터,https://www.data.go.kr/data/15017323/standard.do,2024-03-18,place,정동진시간박물관,사립,강원특별자치도 강릉시,강원특별자치도 강릉시 강동면 헌화로 990-1,37.68694053,129.0375964,정동진시간박물관을(를) 배경으로 관람 전후 동화를 만들 수 있다.,관람 전 예습 동화와 방문 후 기념 동화책 배경,전시실에서 마음에 드는 작품이나 물건을 찾아 가족과 이야기하기,5-7;8-10,박물관;미술관;정동진시간박물관,정동진시간박물관,사립,강원특별자치도 강릉시 강동면 헌화로 990-1,,033-645-4540,정동진시간박물관,,,09:00,18:00,09:00,18:00,연중무휴,7000,5000,4000,,,,033-640-5117,강원특별자치도 강릉시청 문화예술과,2024-03-18,4201000,강원특별자치도 강릉시
전국박물관미술관정보표준데이터,https://www.data.go.kr/data/15017323/standard.do,2024-03-18,place,강릉시립미술관,공립,강원특별자치도 강릉시,강원특별자치도 강릉시 화부산로 40번길 46,37.76055167,128.890841,강릉시립미술관을(를) 배경으로 관람 전후 동화를 만들 수 있다.,관람 전 예습 동화와 방문 후 기념 동화책 배경,전시실에서 마음에 드는 작품이나 물건을 찾아 가족과 이야기하기,5-7;8-10,박물관;미술관;강릉시립미술관,강릉시립미술관,공립,강원특별자치도 강릉시 화부산로 40번길 46,,033-640-4271,강릉시립미술관,,,09:00,18:00,09:00,18:00,"월(월요일 공휴일 경우 당일 개관, 그 다음 첫번째 평일 휴관)",0,0,0,,,,033-640-5117,강원특별자치도 강릉시청 문화예술과,2024-03-18,4201000,강원특별자치도 강릉시
전국박물관미술관정보표준데이터,https://www.data.go.kr/data/15017323/standard.do,2024-03-18,place,하슬라미술관,사립,강원특별자치도 강릉시,강원특별자치도 강릉시 강동면 율곡로 1441,37.70545629,129.0078449,하슬라미술관을(를) 배경으로 관람 전후 동화를 만들 수 있다.,관람 전 예습 동화와 방문 후 기념 동화책 배경,전시실에서 마음에 드는 작품이나 물건을 찾아 가족과 이야기하기,5-7;8-10,박물관;미술관;하슬라미술관,하슬라미술관,사립,강원특별자치도 강릉시 강동면 율곡로 1441,,033-644-9411,하슬라미술관,,,09:00,18:00,09:00,18:00,연중무휴,12000,12000,11000,,,,033-640-5117,강원특별자치도 강릉시청 문화예술과,2024-03-18,4201000,강원특별자치도 강릉시
전국박물관미술관정보표준데이터,https://www.data.go.kr/data/15017323/standard.do,2024-03-18,place,장길환미술관,사립,강원특별자치도 강릉시,강원특별자치도 강릉시 해안로 10,37.7744783,128.9430975,장길환미술관을(를) 배경으로 관람 전후 동화를 만들 수 있다.,관람 전 예습 동화와 방문 후 기념 동화책 배경,전시실에서 마음에 드는 작품이나 물건을 찾아 가족과 이야기하기,5-7;8-10,박물관;미술관;장길환미술관,장길환미술관,사립,강원특별자치도 강릉시 해안로 10,,033-661-3413,장길환미술관,,,09:00,18:00,09:00,18:00,월,10000,7000,7000,,,,033-640-5117,강원특별자치도 강릉시청 문화예술과,2024-03-18,4201000,강원특별자치도 강릉시
전국박물관미술관정보표준데이터,https://www.data.go.kr/data/15017323/standard.do,2024-03-18,place,강릉자수박물관,사립,강원특별자치도 강릉시,강원특별자치도 강릉시 죽헌길 140-12,37.77809202,128.8802931,강릉자수박물관을(를) 배경으로 관람 전후 동화를 만들 수 있다.,관람 전 예습 동화와 방문 후 기념 동화책 배경,전시실에서 마음에 드는 작품이나 물건을 찾아 가족과 이야기하기,5-7;8-10,박물관;미술관;강릉자수박물관,강릉자수박물관,사립,강원특별자치도 강릉시 죽헌길 140-12,,033-644-0600,강릉자수박물관,,,09:30,17:30,09:30,17:30,월,6000,5000,4000,,,,033-640-5117,강원특별자치도 강릉시청 문화예술과,2024-03-18,4201000,강원특별자치도 강릉시
전국박물관미술관정보표준데이터,https://www.data.go.kr/data/15017323/standard.do,2024-03-18,place,강릉화폐전시관,공립,강원특별자치도 강릉시,강원특별자치도 강릉시 율곡로 3139번길 24,37.77830804,128.8767146,강릉화폐전시관을(를) 배경으로 관람 전후 동화를 만들 수 있다.,관람 전 예습 동화와 방문 후 기념 동화책 배경,전시실에서 마음에 드는 작품이나 물건을 찾아 가족과 이야기하기,5-7;8-10,박물관;미술관;강릉화폐전시관,강릉화폐전시관,공립,강원특별자치도 강릉시 율곡로 3139번길 24,,033-660-3301,오죽헌시립박물관,,,09:00,18:00,09:00,18:00,1월 1일+설 연휴+추석 연휴,3000,2000,1000,,,,033-640-5117,강원특별자치도 강릉시청 문화예술과,2024-03-18,4201000,강원특별자치도 강릉시
전국박물관미술관정보표준데이터,https://www.data.go.kr/data/15017323/standard.do,2024-07-18,place,코리아나미술관,사립,서울특별시 강남구,서울특별시 강남구 언주로 827,37.524071,127.032811,코리아나미술관을(를) 배경으로 관람 전후 동화를 만들 수 있다.,관람 전 예습 동화와 방문 후 기념 동화책 배경,전시실에서 마음에 드는 작품이나 물건을 찾아 가족과 이야기하기,5-7;8-10,박물관;미술관;코리아나미술관,코리아나미술관,사립,서울특별시 강남구 언주로 827,,031-722-7000,코리아나미술관,,,10:00,18:00,10:00,18:00,일+신정+설 연휴+추석 연휴,4000,3000,3000,,,,02-3423-5933,서울특별시 강남구청,2024-07-18,3220000,서울특별시 강남구
전국박물관미술관정보표준데이터,https://www.data.go.kr/data/15017323/standard.do,2025-08-28,place,고려대학교박물관,사립,서울특별시 성북구,서울특별시 성북구 안암로 145,37.58649222,127.0309796,우리나라 최초 대학박물관,관람 전 예습 동화와 방문 후 기념 동화책 배경,전시실에서 마음에 드는 작품이나 물건을 찾아 가족과 이야기하기,5-7;8-10,박물관;미술관;고려대학교박물관;우리나라;최초;대학박물관,고려대학교박물관,사립,서울특별시 성북구 안암로 145,서울특별시 성북구 안암동5가 1-2,02-3290-1517,고려대학교,museum.korea.ac.kr,휠체어 이용가능 출입구+주차장+화장실,10:00,17:00,10:00,17:00,매주 일+법적공휴일,0,0,0,무료(기획전시는 별도),우리나라 최초 대학박물관,버스(101+130)+ 지하철 고려대역,02-3290-1514,고려대 박물관,2025-08-28,3070000,서울특별시 성북구
전국박물관미술관정보표준데이터,https://www.data.go.kr/data/15017323/standard.do,2025-08-28,place,명원박물관,사립,서울특별시 성북구,서울특별시 성북구 정릉로 77,37.61028784,126.9985206,명원박물관을(를) 배경으로 관람 전후 동화를 만들 수 있다.,관람 전 예습 동화와 방문 후 기념 동화책 배경,전시실에서 마음에 드는 작품이나 물건을 찾아 가족과 이야기하기,5-7;8-10,박물관;미술관;명원박물관,명원박물관,사립,서울특별시 성북구 정릉로 77,서울특별시 성북구 정릉동 848-4,02-909-4210,국민대학교,museum.kookmin.ac.kr,화장실,10:00,16:00,10:00,16:00,매주 토+일,0,0,0,무료,,북한산보국문역+지하철 길음역,02-909-4210,국민대학교,2025-08-28,3070000,서울특별시 성북구
전국박물관미술관정보표준데이터,https://www.data.go.kr/data/15017323/standard.do,2025-08-28,place,동덕여대박물관,사립,서울특별시 성북구,서울특별시 성북구 화랑로13길 60,37.60681483,127.0411763,동덕여대박물관을(를) 배경으로 관람 전후 동화를 만들 수 있다.,관람 전 예습 동화와 방문 후 기념 동화책 배경,전시실에서 마음에 드는 작품이나 물건을 찾아 가족과 이야기하기,5-7;8-10,박물관;미술관;동덕여대박물관,동덕여대박물관,사립,서울특별시 성북구 화랑로13길 60,서울특별시 성북구 하월곡동 23-1,02-940-4232,동덕여대,dongdukrenaissancehall.com,화장실,10:00,16:00,10:00,16:00,매주 토+일,0,0,0,무료,,동덕여대 버스+지하철 월곡역,02-940-4232,동덕여대,2025-08-28,3070000,서울특별시 성북구
전국박물관미술관정보표준데이터,https://www.data.go.kr/data/15017323/standard.do,2025-08-28,place,성신여대박물관,사립,서울특별시 성북구,서울특별시 성북구 보문로34다길 2,37.59165248,127.0221456,성신여대박물관을(를) 배경으로 관람 전후 동화를 만들 수 있다.,관람 전 예습 동화와 방문 후 기념 동화책 배경,전시실에서 마음에 드는 작품이나 물건을 찾아 가족과 이야기하기,5-7;8-10,박물관;미술관;성신여대박물관,성신여대박물관,사립,서울특별시 성북구 보문로34다길 2,서울특별시 성북구 동선동3가 249-1,02-920-7715,성신여대,museum.sungshin.ac.kr,화장실+주차,10:00,17:00,10:00,17:00,매주 토+일+방학 휴관,0,0,0,무료,,지하철 성신여대 입구역,02-920-7715,성신여대,2025-08-28,3070000,서울특별시 성북구
전국박물관미술관정보표준데이터,https://www.data.go.kr/data/15017323/standard.do,2025-08-28,place,간송박물관,사립,서울특별시 성북구,서울특별시 성북구 성북로 102-11,37.59446244,126.9962385,간송박물관을(를) 배경으로 관람 전후 동화를 만들 수 있다.,관람 전 예습 동화와 방문 후 기념 동화책 배경,전시실에서 마음에 드는 작품이나 물건을 찾아 가족과 이야기하기,5-7;8-10,박물관;미술관;간송박물관,간송박물관,사립,서울특별시 성북구 성북로 102-11,서울특별시 성북구 성북동 81-2,02-744-7830,간송 재단,kansong.org,화장실,10:00,17:00,10:00,17:00,현재 휴관중,0,0,0,전시에 따라 입장료 상이,,지하철 한성대입구역,02-744-7830,간송미술재단,2025-08-28,3070000,서울특별시 성북구
전국박물관미술관정보표준데이터,https://www.data.go.kr/data/15017323/standard.do,2025-08-28,place,옛돌박물관,사립,서울특별시 성북구,서울특별시 성북구 대사관로13길 66,37.600882,126.990191,옛돌박물관을(를) 배경으로 관람 전후 동화를 만들 수 있다.,관람 전 예습 동화와 방문 후 기념 동화책 배경,전시실에서 마음에 드는 작품이나 물건을 찾아 가족과 이야기하기,5-7;8-10,박물관;미술관;옛돌박물관,옛돌박물관,사립,서울특별시 성북구 대사관로13길 66,서울특별시 성북구 성북동 330-605,02-986-1001,옛돌박물관,koreanstonemuseum.com,화장실,10:00,17:00,10:00,17:00,매주 월(공휴일 월요일은 운영),3000,2000,1000,,,지하철 한성대입구역,02-986-1001,옛돌박물관,2025-08-28,3070000,서울특별시 성북구
전국박물관미술관정보표준데이터,https://www.data.go.kr/data/15017323/standard.do,2025-08-28,place,가구박물관,사립,서울특별시 성북구,서울특별시 성북구 대사관로 121,37.60037831,126.9934492,가구박물관을(를) 배경으로 관람 전후 동화를 만들 수 있다.,관람 전 예습 동화와 방문 후 기념 동화책 배경,전시실에서 마음에 드는 작품이나 물건을 찾아 가족과 이야기하기,5-7;8-10,박물관;미술관;가구박물관,가구박물관,사립,서울특별시 성북구 대사관로 121,서울특별시 성북구 성북동 330-577,02-745-0181,가구박물관,kofum.com,화장실,10:00,17:00,10:00,17:00,현재휴관중,0,0,0,전시에 따라 입장료 상이,,지하철 한성대입구역,02-745-0181,가구박물관,2025-08-28,3070000,서울특별시 성북구
전국박물관미술관정보표준데이터,https://www.data.go.kr/data/15017323/standard.do,2025-08-21,place,월산미술관,사립,강원특별자치도 동해시,강원특별자치도 동해시 삼화로 520,37.46393347,129.0213151,월산미술관을(를) 배경으로 관람 전후 동화를 만들 수 있다.,관람 전 예습 동화와 방문 후 기념 동화책 배경,전시실에서 마음에 드는 작품이나 물건을 찾아 가족과 이야기하기,5-7;8-10,박물관;미술관;월산미술관,월산미술관,사립,강원특별자치도 동해시 삼화로 520,,0507-1434-885,월산미술관,https://blog.naver.com/wsart88,,10:00,19:00,10:00,19:00,월요일,0,0,0,무료,,,033-534-8854,월산미술관,2025-08-21,4211000,강원특별자치도 동해시
전국박물관미술관정보표준데이터,https://www.data.go.kr/data/15017323/standard.do,2025-08-21,place,연필뮤지엄,사립,강원특별자치도 동해시,강원특별자치도 동해시 발한로 183-6,37.54745893,129.1063635,연필뮤지엄을(를) 배경으로 관람 전후 동화를 만들 수 있다.,관람 전 예습 동화와 방문 후 기념 동화책 배경,전시실에서 마음에 드는 작품이나 물건을 찾아 가족과 이야기하기,5-7;8-10,박물관;미술관;연필뮤지엄,연필뮤지엄,사립,강원특별자치도 동해시 발한로 183-6,강원특별자치도 동해시 발한동 240-20,033-532-1010,연필뮤지엄,https://www.pencilmuseum.co.kr/,카페,10:00,18:00,10:00,18:00,화요일,7000,7000,4500,"만4세미만 무료, 동해시민 4500, 단체(20명 이상) 5000",,,033-532-1010,연필뮤지엄,2025-08-21,4211000,강원특별자치도 동해시
전국박물관미술관정보표준데이터,https://www.data.go.kr/data/15017323/standard.do,2025-08-18,place,최북미술관,공립,전북특별자치도 무주군,전북특별자치도 무주군 무주읍 최북로 15,36.0040096,127.6656587,"무주공립미술관으로서 조선시대화가 최북의 작품과 다양한 기획전시,교육프로그램등을 운영하여 문화향유의 확대를 위한 역할을 하고 있습니다.",관람 전 예습 동화와 방문 후 기념 동화책 배경,전시실에서 마음에 드는 작품이나 물건을 찾아 가족과 이야기하기,5-7;8-10,박물관;미술관;최북미술관;무주공립미술관으로서;조선시대화가;최북의;작품과;다양한;기획전시;교육프로그램등을;운영하여;문화향유의,최북미술관,공립,전북특별자치도 무주군 무주읍 최북로 15,전북특별자치도 무주군 무주읍 당산리 918-3,063-320-5636,전북특별자치도 무주군청,https://tour.muju.go.kr,미술관+기획전시실+세미나실+다목적영상관실+수유실+장애인화장실,09:00,18:00,09:00,18:00,매주월요일+명절당일,0,0,0,,"무주공립미술관으로서 조선시대화가 최북의 작품과 다양한 기획전시,교육프로그램등을 운영하여 문화향유의 확대를 위한 역할을 하고 있습니다.",,063-320-5636,전북특별자치도 무주군청,2025-08-18,4741000,전북특별자치도 무주군
전국박물관미술관정보표준데이터,https://www.data.go.kr/data/15017323/standard.do,2025-08-18,place,영종역사관,공립,인천광역시 중구,인천광역시 중구 구읍로 63,37.48907002,126.5777135,영종역사관을(를) 배경으로 관람 전후 동화를 만들 수 있다.,관람 전 예습 동화와 방문 후 기념 동화책 배경,전시실에서 마음에 드는 작품이나 물건을 찾아 가족과 이야기하기,5-7;8-10,박물관;미술관;영종역사관,영종역사관,공립,인천광역시 중구 구읍로 63,인천광역시 중구 중산동 1957-2,032-746-9901,재단법인 인천중구문화재단,http://www.ijcf.or.kr/load.asp?subPage=522.08,,10:00,18:00,10:00,18:00,매주 월요일,1000,700,500,단체(20인 이상) 10~35퍼센트할인,,,032-760-6448,인천광역시 중구청,2025-08-18,3490000,인천광역시 중구
전국박물관미술관정보표준데이터,https://www.data.go.kr/data/15017323/standard.do,2025-08-18,place,인천개항박물관,공립,인천광역시 중구,인천광역시 중구 신포로23번길 89,37.47331374,126.6203311,인천개항박물관을(를) 배경으로 관람 전후 동화를 만들 수 있다.,관람 전 예습 동화와 방문 후 기념 동화책 배경,전시실에서 마음에 드는 작품이나 물건을 찾아 가족과 이야기하기,5-7;8-10,박물관;미술관;인천개항박물관,인천개항박물관,공립,인천광역시 중구 신포로23번길 89,인천광역시 중구 중앙동1가 9-2,032-764-0488,재단법인 인천중구문화재단,http://www.ijcf.or.kr/load.asp?subPage=522.04,,09:00,18:00,09:00,18:00,매주 월요일,500,300,200,통합관람권 10~35퍼센트할인+단체(20인 이상) 할인,,,032-760-6448,인천광역시 중구청,2025-08-18,3490000,인천광역시 중구
전국박물관미술관정보표준데이터,https://www.data.go.kr/data/15017323/standard.do,2025-08-18,place,인천개항장 근대건축전시관,공립,인천광역시 중구,인천광역시 중구 신포로23번길 77,37.47298742,126.6212228,인천개항장 근대건축전시관을(를) 배경으로 관람 전후 동화를 만들 수 있다.,관람 전 예습 동화와 방문 후 기념 동화책 배경,전시실에서 마음에 드는 작품이나 물건을 찾아 가족과 이야기하기,5-7;8-10,박물관;미술관;인천개항장;근대건축전시관,인천개항장 근대건축전시관,공립,인천광역시 중구 신포로23번길 77,인천광역시 중구 중앙동2가 24-1,032-762-3089,재단법인 인천중구문화재단,http://www.ijcf.or.kr/load.asp?subPage=522.03,,09:00,18:00,09:00,18:00,매주 월요일,500,300,200,통합관람권 10~35퍼센트할인+단체(20인 이상) 할인,,,032-760-6448,인천광역시 중구청,2025-08-18,3490000,인천광역시 중구
전국박물관미술관정보표준데이터,https://www.data.go.kr/data/15017323/standard.do,2025-08-18,place,대불호텔전시관,공립,인천광역시 중구,인천광역시 중구 신포로23번길 101,37.47354683,126.6199636,대불호텔전시관을(를) 배경으로 관람 전후 동화를 만들 수 있다.,관람 전 예습 동화와 방문 후 기념 동화책 배경,전시실에서 마음에 드는 작품이나 물건을 찾아 가족과 이야기하기,5-7;8-10,박물관;미술관;대불호텔전시관,대불호텔전시관,공립,인천광역시 중구 신포로23번길 101,인천광역시 중구 중앙동1가 18,032-766-2202,재단법인 인천중구문화재단,http://www.ijcf.or.kr/load.asp?subPage=522.06,,09:00,18:00,09:00,18:00,매주 월요일,1000,700,500,통합관람권 10~35퍼센트할인+단체(20인 이상) 할인,,,032-760-6448,인천광역시 중구청,2025-08-18,3490000,인천광역시 중구
전국박물관미술관정보표준데이터,https://www.data.go.kr/data/15017323/standard.do,2025-08-18,place,짜장면박물관,공립,인천광역시 중구,인천광역시 중구 차이나타운로 56-14,37.4748153,126.618197,짜장면박물관을(를) 배경으로 관람 전후 동화를 만들 수 있다.,관람 전 예습 동화와 방문 후 기념 동화책 배경,전시실에서 마음에 드는 작품이나 물건을 찾아 가족과 이야기하기,5-7;8-10,박물관;미술관;짜장면박물관,짜장면박물관,공립,인천광역시 중구 차이나타운로 56-14,인천광역시 중구 선린동 38-2,032-773-9812,재단법인 인천중구문화재단,http://www.ijcf.or.kr/load.asp?subPage=522.05,,09:00,18:00,09:00,18:00,매주 월요일,500,300,200,통합관람권 10~35퍼센트할인+단체(20인 이상) 할인,,,032-760-6448,인천광역시 중구청,2025-08-18,3490000,인천광역시 중구
전국박물관미술관정보표준데이터,https://www.data.go.kr/data/15017323/standard.do,2025-08-18,place,한중문화관,공립,인천광역시 중구,인천광역시 중구 제물량로 238,37.4735399,126.6187688,한중문화관을(를) 배경으로 관람 전후 동화를 만들 수 있다.,관람 전 예습 동화와 방문 후 기념 동화책 배경,전시실에서 마음에 드는 작품이나 물건을 찾아 가족과 이야기하기,5-7;8-10,박물관;미술관;한중문화관,한중문화관,공립,인천광역시 중구 제물량로 238,인천광역시 중구 항동1가 1-2,032-764-9771,재단법인 인천중구문화재단,http://www.ijcf.or.kr/load.asp?subPage=522.01,,09:00,18:00,09:00,18:00,매주 월요일,1000,700,500,통합관람권 10~35퍼센트할인+단체(20인 이상) 할인,,,032-760-6448,인천광역시 중구청,2025-08-18,3490000,인천광역시 중구
전국박물관미술관정보표준데이터,https://www.data.go.kr/data/15017323/standard.do,2025-08-08,place,진천종박물관,공립,충청북도 진천군,충청북도 진천군 진천읍 백곡로 1504-12,36.87002892,127.4131749,진천종박물관을(를) 배경으로 관람 전후 동화를 만들 수 있다.,관람 전 예습 동화와 방문 후 기념 동화책 배경,전시실에서 마음에 드는 작품이나 물건을 찾아 가족과 이야기하기,5-7;8-10,박물관;미술관;진천종박물관,진천종박물관,공립,충청북도 진천군 진천읍 백곡로 1504-12,충청북도 진천군 진천읍 장관리 705,043-539-3848,진천종박물관,http://www.jincheon.go.kr/sisul/sub.do?menukey=787,수유실,10:00,18:00,10:00,18:00,월요일+신정+설날+추석,5000,0,0,무료(국가유공자+독립유공자+5.18민주유공자+참전유공자+고엽제후유의증 등 환자+특수임무+유공자+ 의사상자+등록포로 및 억류지출신 포로가족+장애 정도가 심한 장애인 및 보호자 1명+장애 정도가 심하지 않은 장애인 본인+의무복무 중인 군인+매월 마지막 주 수요일 ‘문화가 있는 날’+국빈 또는 외교사절단 및 수행자+공무수행+군수가 별도로 정한 경우,,승용차-중부고속도로 진천IC를 통해서 진입할 경우(서울기점 1시간 30분 소요) 진천IC에서 좌회전 -> 성석사거리에서 우회전 -> 벽암사거리에서 좌회전 -> 백곡저수지 방향으로 직진-> 장관교를 지나 좌회전○대중교통-서울 동서울 및 남부시외버스터미널에서 06시 부터 19:50분까지 운행 (1시간 30분 소요)-청주 시외버스터미널에서 06:50 ~ 20:20분까지 수시운행 (40분소요),043-539-3645,충청북도 진천군청,2025-08-08,4450000,충청북도 진천군
전국박물관미술관정보표준데이터,https://www.data.go.kr/data/15017323/standard.do,2024-07-31,place,울진봉평신라비전시관,국립,경상북도 울진군,경상북도 울진군 죽변면 봉화길 15,37.04370105,129.4093438,국보 제242호 실내전시관봉평신라비 실물 및 삼국시대의 주요 석비모형전시금석학의 계보와 시대별 비의 양식변화한자서체와 한글창제등을 소개,관람 전 예습 동화와 방문 후 기념 동화책 배경,전시실에서 마음에 드는 작품이나 물건을 찾아 가족과 이야기하기,5-7;8-10,박물관;미술관;울진봉평신라비전시관;국보;제242호;실내전시관봉평신라비;실물;및;삼국시대의;주요;석비모형전시금석학의;계보와,울진봉평신라비전시관,국립,경상북도 울진군 죽변면 봉화길 15,경상북도 울진군 죽변면 봉평리 521,054-789-5460,경상북도 울진군청,,야외비석공원주차장+화장실+연못+정자,10:00,17:00,10:00,17:00,월,0,0,0,,국보 제242호 실내전시관봉평신라비 실물 및 삼국시대의 주요 석비모형전시금석학의 계보와 시대별 비의 양식변화한자서체와 한글창제등을 소개,,054-783-6891,경상북도 울진군청,2024-07-31,5250000,경상북도 울진군
전국박물관미술관정보표준데이터,https://www.data.go.kr/data/15017323/standard.do,2024-07-31,place,향암미술관,사립,경상북도 울진군,경상북도 울진군 온정면 백암온천로 1388,36.71812868,129.3545998,"백암온천 입구 도로변에 위치3개의 전시실과 세미나실,야외전시장,조각공원한국화 원로들의 작품과 한국 젊은 작가들의 작품등 전시",관람 전 예습 동화와 방문 후 기념 동화책 배경,전시실에서 마음에 드는 작품이나 물건을 찾아 가족과 이야기하기,5-7;8-10,박물관;미술관;향암미술관;백암온천;입구;도로변에;위치3개의;전시실과;세미나실;야외전시장;조각공원한국화;원로들의,향암미술관,사립,경상북도 울진군 온정면 백암온천로 1388,경상북도 울진군 온정면 소태리 472-2,054-787-0001,경상북도 울진군청,http://www.hyangam.co.kr/index.html,야외전시장+조각공원+화장실,09:30,17:00,09:30,17:00,월,3000,1500,1000,(단체 30인이상) 2000원+(단체 초등학생) 500원,"백암온천 입구 도로변에 위치3개의 전시실과 세미나실,야외전시장,조각공원한국화 원로들의 작품과 한국 젊은 작가들의 작품등 전시",,054-783-6891,경상북도 울진군청,2024-07-31,5250000,경상북도 울진군
전국박물관미술관정보표준데이터,https://www.data.go.kr/data/15017323/standard.do,2025-07-04,place,벽골제농경문화박물관,공립,전북특별자치도 김제시,전북특별자치도 김제시 부량면 벽골제로 442,35.7546256,126.8531043,"국가사적 제111호 고대 최대의 수리시설 벽골제의 역사적 의의 및 발굴 경과와 수리, 치수의 역사 및 전래 농경 도구와 농경문화, 오래된 고을 김제를 주제로 하였다. 상설전시실 4개관과 기획전시실 1개관으로 이루어졌다.",관람 전 예습 동화와 방문 후 기념 동화책 배경,전시실에서 마음에 드는 작품이나 물건을 찾아 가족과 이야기하기,5-7;8-10,박물관;미술관;벽골제농경문화박물관;국가사적;제111호;고대;최대의;수리시설;벽골제의;역사적;의의;및,벽골제농경문화박물관,공립,전북특별자치도 김제시 부량면 벽골제로 442,전북특별자치도 김제시 부량면 신용리 242-1,063-540-4990,전북특별자치도 김제시,https://www.gimje.go.kr/tour/index.gimje,,09:00,18:00,09:00,18:00,매주 월요일 + 1월 1일,0,0,0,무료,"국가사적 제111호 고대 최대의 수리시설 벽골제의 역사적 의의 및 발굴 경과와 수리, 치수의 역사 및 전래 농경 도구와 농경문화, 오래된 고을 김제를 주제로 하였다. 상설전시실 4개관과 기획전시실 1개관으로 이루어졌다.",,063-540-4990,전북특별자치도 김제시,2025-07-04,4711000,전북특별자치도 김제시
전국박물관미술관정보표준데이터,https://www.data.go.kr/data/15017323/standard.do,2025-07-04,place,벽천미술관,공립,전북특별자치도 김제시,전북특별자치도 김제시 부량면 벽골제로 442,35.7546256,126.8531043,"호남 한국화 발전에 이바지한 벽천 나상목(1924-1999)은 철저한 자연성에 입각한 전통 화법을 연구하면서, 기존의 산수화풍에서 벗어나 자연을 주관적으로 재해석하는 시도를 하며 호남화단 특유의 습윤(濕潤)한 기풍을 완성하였다. 벽천미술관은 나상목의 업적과 정신을 기리기 위해 건립되었으며, 미술작품과 자료를 전시, 연구, 수집을 목적으로 한다.",관람 전 예습 동화와 방문 후 기념 동화책 배경,전시실에서 마음에 드는 작품이나 물건을 찾아 가족과 이야기하기,5-7;8-10,박물관;미술관;벽천미술관;호남;한국화;발전에;이바지한;벽천;나상목(1924-1999)은;철저한;자연성에;입각한,벽천미술관,공립,전북특별자치도 김제시 부량면 벽골제로 442,전북특별자치도 김제시 부량면 신용리 242-1,063-540-4990,전북특별자치도 김제시,https://www.gimje.go.kr/tour/index.gimje,,09:00,18:00,09:00,18:00,매주 월요일 + 1월 1일,0,0,0,무료,"호남 한국화 발전에 이바지한 벽천 나상목(1924-1999)은 철저한 자연성에 입각한 전통 화법을 연구하면서, 기존의 산수화풍에서 벗어나 자연을 주관적으로 재해석하는 시도를 하며 호남화단 특유의 습윤(濕潤)한 기풍을 완성하였다. 벽천미술관은 나상목의 업적과 정신을 기리기 위해 건립되었으며, 미술작품과 자료를 전시, 연구, 수집을 목적으로 한다.",,063-540-4990,전북특별자치도 김제시,2025-07-04,4711000,전북특별자치도 김제시
전국박물관미술관정보표준데이터,https://www.data.go.kr/data/15017323/standard.do,2025-07-01,place,심수관도예전시관,공립,전북특별자치도 남원시,전북특별자치도 남원시 양림길 14-16,35.401132,127.385409,"정유재란 당시 일본으로 끌려간 남원 도공의 후예로서 현재 일본 사쓰마도자기를 대표하는 심수관 도자기, 이제 남원시는 400년 망향의 아픔을 딛고 세계적인 명품을 만들어낸 심수관가의 역사를 조명하고 역대 심수관의 기증 작품을 통해 한일교류의 진정한 의미를 되새기는 계기를 마련하기 위해 심관도예전시관을 설립.",관람 전 예습 동화와 방문 후 기념 동화책 배경,전시실에서 마음에 드는 작품이나 물건을 찾아 가족과 이야기하기,5-7;8-10,박물관;미술관;심수관도예전시관;정유재란;당시;일본으로;끌려간;남원;도공의;후예로서;현재;일본,심수관도예전시관,공립,전북특별자치도 남원시 양림길 14-16,전북특별자치도 남원시 어현동 37-146,063-620-6835,전북특별자치도 남원시청,,물품보관소+응급대기실,09:00,18:00,09:00,18:00,월,0,0,0,,"정유재란 당시 일본으로 끌려간 남원 도공의 후예로서 현재 일본 사쓰마도자기를 대표하는 심수관 도자기, 이제 남원시는 400년 망향의 아픔을 딛고 세계적인 명품을 만들어낸 심수관가의 역사를 조명하고 역대 심수관의 기증 작품을 통해 한일교류의 진정한 의미를 되새기는 계기를 마련하기 위해 심관도예전시관을 설립.",,063-620-6835,전북특별자치도 남원시청,2025-07-01,4701000,전북특별자치도 남원시
전국박물관미술관정보표준데이터,https://www.data.go.kr/data/15017323/standard.do,2025-07-01,place,남원시립김병종미술관,공립,전북특별자치도 남원시,전북특별자치도 남원시 함파우길 65-14,35.398706,127.389555,"전북특별자치도 남원시 춘향테마파크 내에 위치한 남원시립김병종미술관은 2018년 3월 2일에 개관하였습니다. 남원시에서 직접 운영하는 공립미술관으로서 시민들의 문화예술 향유를 통한 삶의 질 향상과 지역 출신 작가들의 전시 공간 마련을 통해 지역 미술의 특성을 알리는데 설립 목적이 있습니다. 특히 남원 출신의 김병종(b.1953) 작가가 본인의 대표작을 남원시에 대량 기증하면서 콜렉션의 기반을 갖추었습니다. 숲으로 둘러싸인 남원시립김병종미술관은 전원형(田園形) 미술관으로서 바쁜 일상에 지친 현대인들이 찾아와 미술작품 뿐 아니라 자연을 감상하고, 마음을 치유하는 복합 문화시설입니다. 또한 문학인으로 유명한 김병종 작가가 기증한 각종 문학 관련 자료들을 선보여, 미술과 문학이 공존하는 공간이기도 합니다. 약 2,000권의 미술·문학·인문학 관련 도서가 비치된 북카페도 이 같은 미술관의 독특한 역할에 일조하고 있습니다.",관람 전 예습 동화와 방문 후 기념 동화책 배경,전시실에서 마음에 드는 작품이나 물건을 찾아 가족과 이야기하기,5-7;8-10,박물관;미술관;남원시립김병종미술관;전북특별자치도;남원시;춘향테마파크;내에;위치한;남원시립김병종미술관은;2018년;3월;2일에,남원시립김병종미술관,공립,전북특별자치도 남원시 함파우길 65-14,전북특별자치도 남원시 어현동 272,063-620-5660,전북특별자치도 남원시청,,물품보관함+모유수유실,10:00,18:00,10:00,18:00,월,0,0,0,,"전북특별자치도 남원시 춘향테마파크 내에 위치한 남원시립김병종미술관은 2018년 3월 2일에 개관하였습니다. 남원시에서 직접 운영하는 공립미술관으로서 시민들의 문화예술 향유를 통한 삶의 질 향상과 지역 출신 작가들의 전시 공간 마련을 통해 지역 미술의 특성을 알리는데 설립 목적이 있습니다. 특히 남원 출신의 김병종(b.1953) 작가가 본인의 대표작을 남원시에 대량 기증하면서 콜렉션의 기반을 갖추었습니다. 숲으로 둘러싸인 남원시립김병종미술관은 전원형(田園形) 미술관으로서 바쁜 일상에 지친 현대인들이 찾아와 미술작품 뿐 아니라 자연을 감상하고, 마음을 치유하는 복합 문화시설입니다. 또한 문학인으로 유명한 김병종 작가가 기증한 각종 문학 관련 자료들을 선보여, 미술과 문학이 공존하는 공간이기도 합니다. 약 2,000권의 미술·문학·인문학 관련 도서가 비치된 북카페도 이 같은 미술관의 독특한 역할에 일조하고 있습니다.",남원항공우주천문대 바로 아래에 위치하고 있습니다.,063-620-5660,전북특별자치도 남원시청,2025-07-01,4701000,전북특별자치도 남원시
전국박물관미술관정보표준데이터,https://www.data.go.kr/data/15017323/standard.do,2025-08-07,place,삼척시립박물관,공립,강원특별자치도 삼척시,강원특별자치도 삼척시 엑스포로 54,37.438937,129.1584095,"2000년 3월 개관한 강원 남부지역 역사민속박물관으로 3개의 상설전시실과 1개의 기획전시실을 가지고 있으며, 현재 8121점의 유물을 소장하고 있음.",관람 전 예습 동화와 방문 후 기념 동화책 배경,전시실에서 마음에 드는 작품이나 물건을 찾아 가족과 이야기하기,5-7;8-10,박물관;미술관;삼척시립박물관;2000년;3월;개관한;강원;남부지역;역사민속박물관으로;3개의;상설전시실과;1개의,삼척시립박물관,공립,강원특별자치도 삼척시 엑스포로 54,강원특별자치도 삼척시 성남동 167-8,033-575-0768,삼척시 문화예술센터,https://www.samcheok.go.kr/specialty/00468/00891.web,,09:00,18:00,09:00,18:00,월+1월1일+설 당일+추석 당일,0,0,0,,"2000년 3월 개관한 강원 남부지역 역사민속박물관으로 3개의 상설전시실과 1개의 기획전시실을 가지고 있으며, 현재 8121점의 유물을 소장하고 있음.",시외·고속터미널기준(도보 15분+택시 3분),033-572-2011,강원특별자치도 삼척시청,2025-08-07,4241000,강원특별자치도 삼척시
전국박물관미술관정보표준데이터,https://www.data.go.kr/data/15017323/standard.do,2024-11-05,place,필암서원 유물전시관,공립,전라남도 장성군,전라남도 장성군 황룡면 필암서원로 187,35.30989394,126.7510688,"유물전시관은 필암서원과 하서 김인후 관련 유물을 보관하고, 정보를 제공하기 위해 1999년 설립하였으며, 2008년 시설을 증축하여 새롭게 개관하였다. 현재 3,744점의 유물을 소장하고 있으며, 관람객들에게 다양한 볼거리를 제공하고 있다.",관람 전 예습 동화와 방문 후 기념 동화책 배경,전시실에서 마음에 드는 작품이나 물건을 찾아 가족과 이야기하기,5-7;8-10,박물관;미술관;필암서원;유물전시관;유물전시관은;필암서원과;하서;김인후;관련;유물을;보관하고;정보를,필암서원 유물전시관,공립,전라남도 장성군 황룡면 필암서원로 187,전라남도 장성군 황룡면 필암리 400-9,061-390-7224,전라남도 장성군청,https://www.jangseong.go.kr/home/tour/spectacle/spectacle_01/spectacle_01_14,주차장+화장실,09:00,18:00,09:00,18:00,1월1일+설날 당일+추석 당일,0,0,0,0,"유물전시관은 필암서원과 하서 김인후 관련 유물을 보관하고, 정보를 제공하기 위해 1999년 설립하였으며, 2008년 시설을 증축하여 새롭게 개관하였다. 현재 3,744점의 유물을 소장하고 있으며, 관람객들에게 다양한 볼거리를 제공하고 있다.",농어촌 버스 46 : 장성터미널 탑승 →원필암정류장 하차,061-390-7224,전라남도 장성군청,2024-11-05,4980000,전라남도 장성군
전국박물관미술관정보표준데이터,https://www.data.go.kr/data/15017323/standard.do,2024-11-05,place,홍길동전시관,공립,전라남도 장성군,전라남도 장성군 황룡면 홍길동로 431,35.31862071,126.7265578,"홍길동 생가 발굴 유물 및 실존성 자료 등의 전시를 통해 홍길동이 실존 인물이었음을 알 수 있으며, 홍길동 영상물 상영으로 관람의 재미를 더해주고 있다.",관람 전 예습 동화와 방문 후 기념 동화책 배경,전시실에서 마음에 드는 작품이나 물건을 찾아 가족과 이야기하기,5-7;8-10,박물관;미술관;홍길동전시관;홍길동;생가;발굴;유물;및;실존성;자료;등의;전시를,홍길동전시관,공립,전라남도 장성군 황룡면 홍길동로 431,전라남도 장성군 황룡면 아곡리 373,061-390-7046,전라남도 장성군청,https://www.jangseong.go.kr/honggildong/,주차장+화장실,09:00,18:00,09:00,18:00,1월1일+설날 당일+추석 당일,0,0,0,0,"홍길동 생가 발굴 유물 및 실존성 자료 등의 전시를 통해 홍길동이 실존 인물이었음을 알 수 있으며, 홍길동 영상물 상영으로 관람의 재미를 더해주고 있다.",농어촌 버스 60 : 장성터미널 탑승 →아치실정류장 하차,061-390-7046,전라남도 장성군청,2024-11-05,4980000,전라남도 장성군
전국박물관미술관정보표준데이터,https://www.data.go.kr/data/15017323/standard.do,2024-11-05,place,사립아인미술관,사립,전라남도 장성군,전라남도 장성군 장성읍 미락단지길 8,35.344232,126.817249,"사립아인미술관은 개인작가 초대전을 비롯한 개인전, 단체전 등 여러 작가들의 작품을 일정기간 동안 전시하고 있으며, 다양한 주제를 통해 전시회 진행하고 있어 미술작품을 쉽게 접할 수 있는 기회를 제공하고 있다.",관람 전 예습 동화와 방문 후 기념 동화책 배경,전시실에서 마음에 드는 작품이나 물건을 찾아 가족과 이야기하기,5-7;8-10,박물관;미술관;사립아인미술관;사립아인미술관은;개인작가;초대전을;비롯한;개인전;단체전;등;여러;작가들의,사립아인미술관,사립,전라남도 장성군 장성읍 미락단지길 8,전라남도 장성군 장성읍 야은리 292-5,0507-1312-200,사립아인미술관,https://blog.naver.com/ainmuseum,카페+주차장+화장실,11:00,20:00,11:00,20:00,연중무휴,0,0,0,0,"사립아인미술관은 개인작가 초대전을 비롯한 개인전, 단체전 등 여러 작가들의 작품을 일정기간 동안 전시하고 있으며, 다양한 주제를 통해 전시회 진행하고 있어 미술작품을 쉽게 접할 수 있는 기회를 제공하고 있다.",농어촌 버스 10 : 장성터미널 탑승 →황룡교정류장 하차,0507-1312-200,사립아인미술관,2024-11-05,4980000,전라남도 장성군
전국박물관미술관정보표준데이터,https://www.data.go.kr/data/15017323/standard.do,2024-11-08,place,윤봉길의사기념관,공립,충청남도 예산군,충청남도 예산군 덕산면 덕산온천로 183-5,36.6865377,126.6513825,윤봉길의사기념관을(를) 배경으로 관람 전후 동화를 만들 수 있다.,관람 전 예습 동화와 방문 후 기념 동화책 배경,전시실에서 마음에 드는 작품이나 물건을 찾아 가족과 이야기하기,5-7;8-10,박물관;미술관;윤봉길의사기념관,윤봉길의사기념관,공립,충청남도 예산군 덕산면 덕산온천로 183-5,,041-337-4108,충청남도 예산군청,,,9:00,18:00,9:00,18:00,연중무휴,0,0,0,,,,041-337-4108,충청남도 예산군청,2024-11-08,4610000,충청남도 예산군
전국박물관미술관정보표준데이터,https://www.data.go.kr/data/15017323/standard.do,2024-11-08,place,한국고건축박물관,사립,충청남도 예산군,충청남도 예산군 덕산면 홍덕서로 543,36.633194,126.6116131,한국고건축박물관을(를) 배경으로 관람 전후 동화를 만들 수 있다.,관람 전 예습 동화와 방문 후 기념 동화책 배경,전시실에서 마음에 드는 작품이나 물건을 찾아 가족과 이야기하기,5-7;8-10,박물관;미술관;한국고건축박물관,한국고건축박물관,사립,충청남도 예산군 덕산면 홍덕서로 543,,041-337-5877,한국고건축박물관,,,9:00,18:00,0:00,0:00,공휴일,2000,2000,2000,,,,041-337-5877,충청남도 예산군청,2024-11-08,4610000,충청남도 예산군
전국박물관미술관정보표준데이터,https://www.data.go.kr/data/15017323/standard.do,2024-10-10,place,의림지 역사박물관,공립,충청북도 제천시,충청북도 제천시 의림대로47길 7,37.17612532,128.209517,"의림지 역사박물관은 고대에 축조된 저수지인 제천 의림지의 역사와 구조, 관개방법, 생태 등에 대해 알아볼 수 있는 전문박물관입니다.",관람 전 예습 동화와 방문 후 기념 동화책 배경,전시실에서 마음에 드는 작품이나 물건을 찾아 가족과 이야기하기,5-7;8-10,박물관;미술관;의림지;역사박물관;역사박물관은;고대에;축조된;저수지인;제천;의림지의;역사와;구조,의림지 역사박물관,공립,충청북도 제천시 의림대로47길 7,충청북도 제천시 모산동 223-2,043-641-6565,제천시청 관광미식과,https://www.jecheon.go.kr/museum/index.do,장애인 편의시설 및 주차장,09:00,18:00,09:00,18:00,월요일+1월 1일+그외 시장이 정하는 휴관일,2000,1000,1000,"만65세 이상 노인, 취학 전 아동, 장애인 무료, 디지털 주민증 발급자 50 할인","의림지 역사박물관은 고대에 축조된 저수지인 제천 의림지의 역사와 구조, 관개방법, 생태 등에 대해 알아볼 수 있는 전문박물관입니다.",,043-641-6565,충청북도 제천시,2024-10-10,4400000,충청북도 제천시
전국박물관미술관정보표준데이터,https://www.data.go.kr/data/15017323/standard.do,2024-10-10,place,제천유물전시관,공립,충청북도 제천시,충청북도 제천시 청풍면 청풍호로 2048,37.004046,128.1733782,"제천유물전시관은 제천의 향토유물을 살필 수 있는 곳으로 고려시대의 청동 거울, 선사시대의 토기, 다양한 생활도구 등이 전시되어 있다.",관람 전 예습 동화와 방문 후 기념 동화책 배경,전시실에서 마음에 드는 작품이나 물건을 찾아 가족과 이야기하기,5-7;8-10,박물관;미술관;제천유물전시관;제천유물전시관은;제천의;향토유물을;살필;수;있는;곳으로;고려시대의;청동,제천유물전시관,공립,충청북도 제천시 청풍면 청풍호로 2048,충청북도 제천시 청풍면 물태리 산6-20,043-641-5536,제천시청 문화예술과,,장애인 편의시설 및 주차장,09:00,18:00,09:00,18:00,연중 무휴,3000,2000,1000,"6세 이하 어린이, 노인복지법에 따른 노인 등 무료","제천유물전시관은 제천의 향토유물을 살필 수 있는 곳으로 고려시대의 청동 거울, 선사시대의 토기, 다양한 생활도구 등이 전시되어 있다.",,043-641-5536,충청북도 제천시,2024-10-10,4400000,충청북도 제천시
전국박물관미술관정보표준데이터,https://www.data.go.kr/data/15017323/standard.do,2024-10-10,place,제천의병전시관,공립,충청북도 제천시,충청북도 제천시 봉양읍 의암로 566-7,37.0995741,128.0876121,제천의병전시관은 제천을 중심으로 명성황후 시해와 단발령에 반발하여 위정척사의 깃발 아래 외세의 침입에 항거한 호좌(湖左) 의병의 활동과 전개 과정을 살펴볼 수 있는 전시관이다.,관람 전 예습 동화와 방문 후 기념 동화책 배경,전시실에서 마음에 드는 작품이나 물건을 찾아 가족과 이야기하기,5-7;8-10,박물관;미술관;제천의병전시관;제천의병전시관은;제천을;중심으로;명성황후;시해와;단발령에;반발하여;위정척사의;깃발,제천의병전시관,공립,충청북도 제천시 봉양읍 의암로 566-7,충청북도 제천시 봉양읍 공전리 475,043-641-4811,제천시청 문화예술과,https://www.jecheon.go.kr/jcub/index.do,장애인 편의시설 및 주차장,09:00,17:30,09:00,18:00,월요일+설날+추석,0,0,0,,제천의병전시관은 제천을 중심으로 명성황후 시해와 단발령에 반발하여 위정척사의 깃발 아래 외세의 침입에 항거한 호좌(湖左) 의병의 활동과 전개 과정을 살펴볼 수 있는 전시관이다.,,043-641-5518,충청북도 제천시,2024-10-10,4400000,충청북도 제천시
전국박물관미술관정보표준데이터,https://www.data.go.kr/data/15017323/standard.do,2024-10-10,place,국제한방발효박물관,공립,충청북도 제천시,충청북도 제천시 한방엑스포로 19(왕암동),37.14373393,128.1597406,"국제발표박물관은 과거 발효식품의 유래와 효능을 통해 발효식품의 발전 방향을 알아보고, 현재 우리 실생활에 응용되는 세계 각국의 발효식품들과 발효의 방법, 발효의 과정 등을 살펴볼 수 있는 곳이다.",관람 전 예습 동화와 방문 후 기념 동화책 배경,전시실에서 마음에 드는 작품이나 물건을 찾아 가족과 이야기하기,5-7;8-10,박물관;미술관;국제한방발효박물관;국제발표박물관은;과거;발효식품의;유래와;효능을;통해;발전;방향을;알아보고,국제한방발효박물관,공립,충청북도 제천시 한방엑스포로 19(왕암동),충청북도 제천시 왕암동 660,043-647-1011,(재)제천한방바이오진흥재단,https://www.expopark.kr/,장애인 편의시설 및 주차장,09:00,18:00,09:00,17:30,월요일(공휴일인 경우 익일 휴무)+1월 1일+설날+추석,0,0,0,,"국제발표박물관은 과거 발효식품의 유래와 효능을 통해 발효식품의 발전 방향을 알아보고, 현재 우리 실생활에 응용되는 세계 각국의 발효식품들과 발효의 방법, 발효의 과정 등을 살펴볼 수 있는 곳이다.",,043-641-6783,충청북도 제천시,2024-10-10,4400000,충청북도 제천시
전국박물관미술관정보표준데이터,https://www.data.go.kr/data/15017323/standard.do,2024-10-10,place,지적박물관,사립,충청북도 제천시,충청북도 제천시 금성면 양월로 34,37.0761096,128.1976789,"지적박물관은 지적 관련 자료, 향토지, 백년사 등 3개 분야의 자료를 상설·특별 전시와 보관을 통해 학술 연구 및 교육에 기여하기 위해 설립되었다.",관람 전 예습 동화와 방문 후 기념 동화책 배경,전시실에서 마음에 드는 작품이나 물건을 찾아 가족과 이야기하기,5-7;8-10,박물관;미술관;지적박물관;지적박물관은;지적;관련;자료;향토지;백년사;등;3개;분야의,지적박물관,사립,충청북도 제천시 금성면 양월로 34,충청북도 제천시 금성면 양화리 623,043-651-5115,지적박물관,http://www.forjijeok.com/,장애인 편의시설 및 주차장,09:00,17:00,09:00,18:00,월요일+법정공휴일,5000,3000,2000,,"지적박물관은 지적 관련 자료, 향토지, 백년사 등 3개 분야의 자료를 상설·특별 전시와 보관을 통해 학술 연구 및 교육에 기여하기 위해 설립되었다.",,043-651-5115,지적박물관,2024-10-10,4400000,충청북도 제천시
전국박물관미술관정보표준데이터,https://www.data.go.kr/data/15017323/standard.do,2024-10-10,place,한국차문화박물관,사립,충청북도 제천시,충청북도 제천시 봉양읍 국사봉로 741,37.09018793,128.1145196,"한국차문화박물관은 보이차 전문 박물관으로 중국 및 한국, 일본의 차 도구에 대한 상설 전시를 진행하고 있으며, 일상생활에서 쉽게 접할 수 있는 차문화를 알리고자 합니다.",관람 전 예습 동화와 방문 후 기념 동화책 배경,전시실에서 마음에 드는 작품이나 물건을 찾아 가족과 이야기하기,5-7;8-10,박물관;미술관;한국차문화박물관;한국차문화박물관은;보이차;전문;박물관으로;중국;및;한국;일본의;차,한국차문화박물관,사립,충청북도 제천시 봉양읍 국사봉로 741,충청북도 제천시 마곡리 540,043-651-8800,㈜우리다,https://teacm.modoo.at/,장애인 편의시설 및 주차장,10:00,18:00,10:00,17:00,월요일+화요일,16000,8000,8000,영유아(만 24개월 미만) 무료,"한국차문화박물관은 보이차 전문 박물관으로 중국 및 한국, 일본의 차 도구에 대한 상설 전시를 진행하고 있으며, 일상생활에서 쉽게 접할 수 있는 차문화를 알리고자 합니다.",,043-651-8800,㈜우리다,2024-10-10,4400000,충청북도 제천시
전국박물관미술관정보표준데이터,https://www.data.go.kr/data/15017323/standard.do,2024-10-10,place,세계기독교박물관,사립,충북 제천시,충북 제천시 백운면 구학산로 1164-14,37.2070648800,128.0199188000,세계기독교박물관은 종교 유물의 엄숙함과 자연의 평화로운 매력을 모두 지니고 있는 박물관입니다.,관람 전 예습 동화와 방문 후 기념 동화책 배경,전시실에서 마음에 드는 작품이나 물건을 찾아 가족과 이야기하기,5-7;8-10,박물관;미술관;세계기독교박물관;세계기독교박물관은;종교;유물의;엄숙함과;자연의;평화로운;매력을;모두;지니고,세계기독교박물관,사립,충북 제천시 백운면 구학산로 1164-14,충청북도 제천시 백운면 운학리 75,043-651-0191,세계기독교박물관,https://www.segibak.or.kr,장애인 편의시설 및 주차장,10:00,17:00,10:00,17:00,"일요일, 수요일, 법정공휴일",10000,8000,8000,미취학 6천원,세계기독교박물관은 종교 유물의 엄숙함과 자연의 평화로운 매력을 모두 지니고 있는 박물관입니다.,,043-651-0191,세계기독교박물관,2024-10-10,4400000,충청북도 제천시
전국박물관미술관정보표준데이터,https://www.data.go.kr/data/15017323/standard.do,2024-09-08,place,외솔기념관,공립,울산광역시 중구,울산광역시 중구 병영12길 15,35.57475705,129.3474699,외솔기념관은 외솔 최현배선생의 업적을 소개하고 대표 저서와 유품을 소장하고 있는 2010년 3월 23일에 개관한 공립박물관이다.,관람 전 예습 동화와 방문 후 기념 동화책 배경,전시실에서 마음에 드는 작품이나 물건을 찾아 가족과 이야기하기,5-7;8-10,박물관;미술관;외솔기념관;외솔기념관은;외솔;최현배선생의;업적을;소개하고;대표;저서와;유품을;소장하고,외솔기념관,공립,울산광역시 중구 병영12길 15,울산광역시 중구 동동 613,052-290-4828,외솔기념관,http://www.junggu.ulsan.kr/oesol,주차장+화장실,09:00,18:00,09:00,18:00,"매주 월요일 (단, 월요일이 공휴일인 경우 당일은 개관하고 그 다음 첫번째 평일에 휴관)",0,0,0,무료,외솔기념관은 외솔 최현배선생의 업적을 소개하고 대표 저서와 유품을 소장하고 있는 2010년 3월 23일에 개관한 공립박물관이다.,버스:132+203+205,052-290-3656,울산광역시 중구청,2024-09-08,3690000,울산광역시 중구
전국박물관미술관정보표준데이터,https://www.data.go.kr/data/15017323/standard.do,2024-10-24,place,영암곤충박물관,사립,전라남도 영암군,전라남도 영암군 영암읍 기찬랜드로 41,34.79032075,126.6851242,영암곤충박물관을(를) 배경으로 관람 전후 동화를 만들 수 있다.,관람 전 예습 동화와 방문 후 기념 동화책 배경,전시실에서 마음에 드는 작품이나 물건을 찾아 가족과 이야기하기,5-7;8-10,박물관;미술관;영암곤충박물관,영암곤충박물관,사립,전라남도 영암군 영암읍 기찬랜드로 41,전라남도 영암군 영암읍 회문리 26-4,061-461-4300,영암곤충박물관,https://www.facebook.com/102858404847093,,10:00,18:00,10:00,18:00,월 / 매주,7000,7000,7000,5000원(영암군민+65세이상)+무료(27개월이하),,,061-470-2241,전라남도 영암군청,2024-10-24,4940000,전라남도 영암군
전국박물관미술관정보표준데이터,https://www.data.go.kr/data/15017323/standard.do,2024-12-01,place,합덕수리민속박물관,공립,충청남도 당진시,충청남도 당진시 합덕읍 덕평로 379-9,36.7932667,126.7842769,합덕수리민속박물관을(를) 배경으로 관람 전후 동화를 만들 수 있다.,관람 전 예습 동화와 방문 후 기념 동화책 배경,전시실에서 마음에 드는 작품이나 물건을 찾아 가족과 이야기하기,5-7;8-10,박물관;미술관;합덕수리민속박물관,합덕수리민속박물관,공립,충청남도 당진시 합덕읍 덕평로 379-9,충청남도 당진시 합덕읍 합덕리 304-3,041-350-4931,충청남도 당진시청,https://hdmuseum.or.kr/,,09:00,17:00,09:00,17:00,매주 월요일+설 연휴+추석 연휴,0,0,0,0,,,041-350-4931,충청남도 당진시청,2024-12-01,5680000,충청남도 당진시
전국박물관미술관정보표준데이터,https://www.data.go.kr/data/15017323/standard.do,2024-12-01,place,심훈기념관,공립,충청남도 당진시,충청남도 당진시 송악읍 상록수길 105,36.951501,126.7719112,심훈기념관을(를) 배경으로 관람 전후 동화를 만들 수 있다.,관람 전 예습 동화와 방문 후 기념 동화책 배경,전시실에서 마음에 드는 작품이나 물건을 찾아 가족과 이야기하기,5-7;8-10,박물관;미술관;심훈기념관,심훈기념관,공립,충청남도 당진시 송악읍 상록수길 105,충청남도 당진시 송악읍 부곡리 253,041-360-6883,충청남도 당진시청,https://shimhoon.dangjin.go.kr/,,09:00,17:00,09:00,17:00,매주 월요일,0,0,0,0,,,041-360-6883,충청남도 당진시청,2024-12-01,5680000,충청남도 당진시
전국박물관미술관정보표준데이터,https://www.data.go.kr/data/15017323/standard.do,2024-12-01,place,기지시줄다리기박물관,공립,충청남도 당진시,충청남도 당진시 송악읍 안틀모시길11,36.89616228,126.6947633,기지시줄다리기박물관을(를) 배경으로 관람 전후 동화를 만들 수 있다.,관람 전 예습 동화와 방문 후 기념 동화책 배경,전시실에서 마음에 드는 작품이나 물건을 찾아 가족과 이야기하기,5-7;8-10,박물관;미술관;기지시줄다리기박물관,기지시줄다리기박물관,공립,충청남도 당진시 송악읍 안틀모시길11,충청남도 당진시 송악읍 기지시리49-1,041-350-4929,충청남도 당진시청,,,09:00,17:00,09:00,17:00,"매주 월요일 (단, 월요일이 공휴일인 경우 당일은 개관하고 그 다음 첫번째 평일에 휴관)+설 연휴+추석 연휴",0,0,0,0,,,041-350-3611,충청남도 당진시청,2024-12-01,5680000,충청남도 당진시
전국박물관미술관정보표준데이터,https://www.data.go.kr/data/15017323/standard.do,2024-12-01,place,(사)한국도량형박물관,사립,충청남도 당진시,충청남도 당진시 산곡길 219-4,36.8927981,126.6765945,(사)한국도량형박물관을(를) 배경으로 관람 전후 동화를 만들 수 있다.,관람 전 예습 동화와 방문 후 기념 동화책 배경,전시실에서 마음에 드는 작품이나 물건을 찾아 가족과 이야기하기,5-7;8-10,박물관;미술관;(사)한국도량형박물관,(사)한국도량형박물관,사립,충청남도 당진시 산곡길 219-4,충청남도 당진시 시곡동 290-11,041-356-9739,(사)한국도량형박물관,,,10:00,16:30,10:00,16:30,매주 일요일+월요일,3000,2000,2000,0,,,041-350-3575,충청남도 당진시청,2024-12-01,5680000,충청남도 당진시
전국박물관미술관정보표준데이터,https://www.data.go.kr/data/15017323/standard.do,2024-12-01,place,아미미술관,사립,충청남도 당진시,충청남도 당진시 순성면 남부로 753-4,36.86174554,126.6804815,아미미술관을(를) 배경으로 관람 전후 동화를 만들 수 있다.,관람 전 예습 동화와 방문 후 기념 동화책 배경,전시실에서 마음에 드는 작품이나 물건을 찾아 가족과 이야기하기,5-7;8-10,박물관;미술관;아미미술관,아미미술관,사립,충청남도 당진시 순성면 남부로 753-4,충청남도 당진시 순성면 성북리 158,041-353-1555,아미미술관,,,10:00,18:00,10:00,18:00,연중무휴+명절당일휴무,7000,5000,5000,0,,,041-350-3575,충청남도 당진시청,2024-12-01,5680000,충청남도 당진시
전국박물관미술관정보표준데이터,https://www.data.go.kr/data/15017323/standard.do,2024-12-01,place,순성미술관,사립,충청남도 당진시,충청남도 당진시 순성면 순성로 493-12,36.843352,126.712628,순성미술관을(를) 배경으로 관람 전후 동화를 만들 수 있다.,관람 전 예습 동화와 방문 후 기념 동화책 배경,전시실에서 마음에 드는 작품이나 물건을 찾아 가족과 이야기하기,5-7;8-10,박물관;미술관;순성미술관,순성미술관,사립,충청남도 당진시 순성면 순성로 493-12,충청남도 당진시 순성면 봉소리 85-1,041-352-6819,순성미술관,,,10:00,18:00,10:00,18:00,매주 월요일,2000,1000,0,0,,,041-350-3575,충청남도 당진시청,2024-12-01,5680000,충청남도 당진시
전국박물관미술관정보표준데이터,https://www.data.go.kr/data/15017323/standard.do,2024-12-11,place,철박물관,사립,충청북도 음성군,충청북도 음성군 감곡면 영산로 360,37.09116101,127.6497515,철의 탄생에서 현대의 제강공정까지 철을 중심으로 한 인류의 역사와 문화를 살펴볼 수 있는 박물관,관람 전 예습 동화와 방문 후 기념 동화책 배경,전시실에서 마음에 드는 작품이나 물건을 찾아 가족과 이야기하기,5-7;8-10,박물관;미술관;철박물관;철의;탄생에서;현대의;제강공정까지;철을;중심으로;한;인류의;역사와,철박물관,사립,충청북도 음성군 감곡면 영산로 360,충청북도 음성군 감곡면 오향리 97,043-883-2321,세연문화재단,http://www.ironmuseum.or.kr/,세미나실+교육관+아트스튜디오,10:00,17:00,10:00,17:00,일요일+월요일+추석 연휴+동절기(1월~2월),0,0,0,,철의 탄생에서 현대의 제강공정까지 철을 중심으로 한 인류의 역사와 문화를 살펴볼 수 있는 박물관,,043-883-2321,세연문화재단,2024-12-11,4470000,충청북도 음성군
전국박물관미술관정보표준데이터,https://www.data.go.kr/data/15017323/standard.do,2024-12-11,place,한독의약박물관,사립,충청북도 음성군,충청북도 음성군 대소면 대풍산단로 78,36.97056729,127.465316,1964년 ㈜한독(옛 한독약품) 창립 10주년 기념 문화사업으로 설립된 우리나라 최초의 기업박물관이자 의료관련 전문박물관,관람 전 예습 동화와 방문 후 기념 동화책 배경,전시실에서 마음에 드는 작품이나 물건을 찾아 가족과 이야기하기,5-7;8-10,박물관;미술관;한독의약박물관;1964년;㈜한독(옛;한독약품);창립;10주년;기념;문화사업으로;설립된;우리나라,한독의약박물관,사립,충청북도 음성군 대소면 대풍산단로 78,충청북도 음성군 대소면 대풍리 37,043-530-1004,한독제석재단,https://www.handokmuseum.com,,09:00,17:00,09:00,17:00,월요일+1월 1일+설 연휴+추석 연휴,0,0,0,,1964년 ㈜한독(옛 한독약품) 창립 10주년 기념 문화사업으로 설립된 우리나라 최초의 기업박물관이자 의료관련 전문박물관,,043-530-1004,한독제석재단,2024-12-11,4470000,충청북도 음성군
전국박물관미술관정보표준데이터,https://www.data.go.kr/data/15017323/standard.do,2025-05-13,place,화폐박물관,사립,경기도 파주시,경기도 파주시 탄현면 헤이리마을길 93-89,37.7908049099,126.6973144693,화폐+금융자료,관람 전 예습 동화와 방문 후 기념 동화책 배경,전시실에서 마음에 드는 작품이나 물건을 찾아 가족과 이야기하기,5-7;8-10,박물관;미술관;화폐박물관;화폐+금융자료,화폐박물관,사립,경기도 파주시 탄현면 헤이리마을길 93-89,경기도 파주시 탄현면 법흥리 1652-53,031-949-6592,화폐박물관,https://cafe.naver.com/currencymuseum,,11:00,18:00,11:00,18:00,월요일,3000,3000,3000,,화폐+금융자료,,031-940-4356,경기도 파주시청,2025-05-13,4060000,경기도 파주시
전국박물관미술관정보표준데이터,https://www.data.go.kr/data/15017323/standard.do,2025-05-13,place,블루메미술관,사립,경기도 파주시,경기도 파주시 탄현면 헤이리마을길 59-30,37.7893254058,126.6966333151,현대전시,관람 전 예습 동화와 방문 후 기념 동화책 배경,전시실에서 마음에 드는 작품이나 물건을 찾아 가족과 이야기하기,5-7;8-10,박물관;미술관;블루메미술관;현대전시,블루메미술관,사립,경기도 파주시 탄현면 헤이리마을길 59-30,경기도 파주시 탄현면 법흥리 1652-140,031-944-6324,블루메미술관,https://bmca.or.kr,,11:00,18:00,13:00,18:00,월요일,9000,7000,7000,,현대전시,,031-940-4356,경기도 파주시청,2025-05-13,4060000,경기도 파주시
전국박물관미술관정보표준데이터,https://www.data.go.kr/data/15017323/standard.do,2025-05-13,place,미메시스아트뮤지엄,사립,경기도 파주시,경기도 파주시 문발로 253,37.7166492275,126.6890971601,현대전시,관람 전 예습 동화와 방문 후 기념 동화책 배경,전시실에서 마음에 드는 작품이나 물건을 찾아 가족과 이야기하기,5-7;8-10,박물관;미술관;미메시스아트뮤지엄;현대전시,미메시스아트뮤지엄,사립,경기도 파주시 문발로 253,경기도 파주시 문발동 499-3,031-955-4100,미메시스아트뮤지엄,https://mimesisartmuseum.co.kr,,10:00,19:00,10:00,19:00,연중무휴,10000,8000,5000,파주시민 2000원 감면,현대전시,,031-940-4356,경기도 파주시청,2025-05-13,4060000,경기도 파주시
전국박물관미술관정보표준데이터,https://www.data.go.kr/data/15017323/standard.do,2025-05-13,place,아트센터화이트블럭,사립,경기도 파주시,경기도 파주시 탄현면 헤이리마을길 72,37.7888932843,126.6994018739,현대전시,관람 전 예습 동화와 방문 후 기념 동화책 배경,전시실에서 마음에 드는 작품이나 물건을 찾아 가족과 이야기하기,5-7;8-10,박물관;미술관;아트센터화이트블럭;현대전시,아트센터화이트블럭,사립,경기도 파주시 탄현면 헤이리마을길 72,경기도 파주시 탄현면 법흥리 1652-237,031-992-4400,아트센터화이트블럭,https://whiteblock.org,,11:00,18:00,11:00,18:30,연중무휴,3000,3000,3000,,현대전시,,031-940-4356,경기도 파주시청,2025-05-13,4060000,경기도 파주시
전국박물관미술관정보표준데이터,https://www.data.go.kr/data/15017323/standard.do,2025-05-13,place,벽봉한국장신구박물관,사립,경기도 파주시,경기도 파주시 탄현면 헤이리마을길 48-38,37.7876302890,126.7000613546,왕실 공예품 등,관람 전 예습 동화와 방문 후 기념 동화책 배경,전시실에서 마음에 드는 작품이나 물건을 찾아 가족과 이야기하기,5-7;8-10,박물관;미술관;벽봉한국장신구박물관;왕실;공예품;등,벽봉한국장신구박물관,사립,경기도 파주시 탄현면 헤이리마을길 48-38,경기도 파주시 탄현면 법흥리 1652-410,031-949-0848,벽봉한국장신구박물관,,,10:00,18:00,10:00,18:00,월요일+화요일,6000,4000,4000,,왕실 공예품 등,,031-940-4356,경기도 파주시청,2025-05-13,4060000,경기도 파주시
전국박물관미술관정보표준데이터,https://www.data.go.kr/data/15017323/standard.do,2024-10-07,place,한국압화박물관,공립,전라남도 구례군,전라남도 구례군 구례읍 동산1길 29,35.196686,127.4599106,"세계 유일의 압화박물관으로 꽃, 식물의 식물소재를 활용한 창조예술의 아름다움을 만끽할 수 있는 곳",관람 전 예습 동화와 방문 후 기념 동화책 배경,전시실에서 마음에 드는 작품이나 물건을 찾아 가족과 이야기하기,5-7;8-10,박물관;미술관;한국압화박물관;세계;유일의;압화박물관으로;꽃;식물의;식물소재를;활용한;창조예술의;아름다움을,한국압화박물관,공립,전라남도 구례군 구례읍 동산1길 29,전라남도 구례군 구례읍 봉서리 894-2,061-780-2082,전라남도 구례군,https://www.gurye.go.kr/farmtech/,박물관+체험관+화장실+주차장,10:00,17:00,10:00,17:00,"매주 월요일(단,월요일이 공휴일일 경우 화요일에 휴관)",2000,1000,1000,국가유공자+장애인+현역군경+만65세 이상+기초생활수급자+미취학아동+구례군민+매월 마지막 주 수요일(문화가 있는 날) 무료 입장/ 20인 이상 단체 500원 할인,"세계 유일의 압화박물관으로 꽃, 식물의 식물소재를 활용한 창조예술의 아름다움을 만끽할 수 있는 곳",구례군청에서 도보로 10분 거리,061-780-2082,전라남도 구례군청,2024-10-07,4870000,전라남도 구례군
전국박물관미술관정보표준데이터,https://www.data.go.kr/data/15017323/standard.do,2025-11-26,place,청주고인쇄박물관,공립,충청북도 청주시,충청북도 청주시 흥덕구 직지대로 713(운천동),36.6439736,127.4714597,청주 고인쇄 박물관은 세계에서 가장 오래 된 금속 활자본직지를 인쇄한 청주 흥덕사의 옛 터에 있으며 1992년 3월 17일에 개관한 고인쇄 전문 박물관,관람 전 예습 동화와 방문 후 기념 동화책 배경,전시실에서 마음에 드는 작품이나 물건을 찾아 가족과 이야기하기,5-7;8-10,박물관;미술관;청주고인쇄박물관;청주;고인쇄;박물관은;세계에서;가장;오래;된;금속;활자본직지를,청주고인쇄박물관,공립,충청북도 청주시 흥덕구 직지대로 713(운천동),충청북도 청주시 흥덕구 운천동 866,043-201-4262,충청북도 청주시청 청주고인쇄박물관,https://www.cheongju.go.kr/jikjiworld/index.do,주차장+수유실,09:00,18:00,09:00,18:00,1월 1일+설 당일+추석 당일 14시까지+월요일,0,0,0,,청주 고인쇄 박물관은 세계에서 가장 오래 된 금속 활자본직지를 인쇄한 청주 흥덕사의 옛 터에 있으며 1992년 3월 17일에 개관한 고인쇄 전문 박물관,시내버스 831 831-1,043-201-4263,충청북도 청주시청,2025-11-26,5710000,충청북도 청주시
전국박물관미술관정보표준데이터,https://www.data.go.kr/data/15017323/standard.do,2025-11-26,place,청주시립미술관,공립,충청북도 청주시,충청북도 청주시 서원구 충렬로18번길 50(사직동),36.63471608,127.4782998,문화중심도시 청주시립미술관,관람 전 예습 동화와 방문 후 기념 동화책 배경,전시실에서 마음에 드는 작품이나 물건을 찾아 가족과 이야기하기,5-7;8-10,박물관;미술관;청주시립미술관;문화중심도시,청주시립미술관,공립,충청북도 청주시 서원구 충렬로18번길 50(사직동),충청북도 청주시 서원구 사직동 604-26,043-201-2650,충청북도 청주시청 청주시립미술관,https://cmoa.cheongju.go.kr/www/index.do,물품보관소,10:00,19:00,10:00,19:00,1월 1일+설 연휴+추석 연휴+월,1000,0,500,청주시 주민등록자는 50퍼센트 할인,문화중심도시 청주시립미술관,시내버스 105 311 516 611 714 등을 이용한 후 사직사거리에서 하차,043-201-2658,충청북도 청주시청,2025-11-26,5710000,충청북도 청주시
전국박물관미술관정보표준데이터,https://www.data.go.kr/data/15017323/standard.do,2025-11-26,place,청주백제유물전시관,공립,충청북도 청주시,충청북도 청주시 흥덕구 1순환로 438번길 9(신봉동),36.652175,127.4690007,사적 제319호 청주신봉동동백제고분군에 2001년 11월 건립 청주지역의 초기 역사를 보여주는 대표적인 교육의 장소,관람 전 예습 동화와 방문 후 기념 동화책 배경,전시실에서 마음에 드는 작품이나 물건을 찾아 가족과 이야기하기,5-7;8-10,박물관;미술관;청주백제유물전시관;사적;제319호;청주신봉동동백제고분군에;2001년;11월;건립;청주지역의;초기;역사를,청주백제유물전시관,공립,충청북도 청주시 흥덕구 1순환로 438번길 9(신봉동),충청북도 청주시 흥덕구 신봉동 139-6,043-201-4255,충청북도 청주시청 청주백제유물전시관,https://cheongju.go.kr/cjbaekje/index.do,주차장,09:00,18:00,09:00,18:00,1월 1일+설 연휴+추석 연휴+월+14시까지,0,0,0,,사적 제319호 청주신봉동동백제고분군에 2001년 11월 건립 청주지역의 초기 역사를 보여주는 대표적인 교육의 장소,자가용 이용시-경부고속도로 청주IC 10.9㎞ 중부고속도로 서청주 IC 6.2㎞ 대중교통 고소버스터미널에서 사창사거리 정류장 하차 후 도보 5분,043-201-4255,충청북도 청주시청,2025-11-26,5710000,충청북도 청주시
전국박물관미술관정보표준데이터,https://www.data.go.kr/data/15017323/standard.do,2025-11-26,place,충청북도농업과학관,공립,충청북도 청주시,충청북도 청주시 청원구 오창읍 가곡길 46,36.726788,127.466545,"2001년에 개관하여 귀중한 전통 농경문화 유물과 식량작물, 원예작물, 스마트 온실 등 농업기술의 발달과정과 농업기술을 한자리에 모아놓은 농업 전문 박물관",관람 전 예습 동화와 방문 후 기념 동화책 배경,전시실에서 마음에 드는 작품이나 물건을 찾아 가족과 이야기하기,5-7;8-10,박물관;미술관;충청북도농업과학관;2001년에;개관하여;귀중한;전통;농경문화;유물과;식량작물;원예작물;스마트,충청북도농업과학관,공립,충청북도 청주시 청원구 오창읍 가곡길 46,충청북도 청주시 청원구 오창읍 괴정리 383,043-220-5722,충청북도농업기술원,https://ares.chungbuk.go.kr/home/main.php,주차장,09:00,17:00,09:00,17:00,1월1일+설 연휴+추석연휴,0,0,0,,"2001년에 개관하여 귀중한 전통 농경문화 유물과 식량작물, 원예작물, 스마트 온실 등 농업기술의 발달과정과 농업기술을 한자리에 모아놓은 농업 전문 박물관","시내버스 720, 720-1",043-220-5722,충청북도농업기술원,2025-11-26,5710000,충청북도 청주시
전국박물관미술관정보표준데이터,https://www.data.go.kr/data/15017323/standard.do,2025-11-26,place,충북교육박물관,공립,충청북도 청주시,충청북도 청주시 상당구 교서로 17(영동),36.6376457,127.4856795,우리나라 교육사와 충북교육 역사의 흐름을 한눈에 볼 수 있는 교육전문박물관,관람 전 예습 동화와 방문 후 기념 동화책 배경,전시실에서 마음에 드는 작품이나 물건을 찾아 가족과 이야기하기,5-7;8-10,박물관;미술관;충북교육박물관;우리나라;교육사와;충북교육;역사의;흐름을;한눈에;볼;수;있는,충북교육박물관,공립,충청북도 청주시 상당구 교서로 17(영동),충청북도 청주시 상당구 영동 79,043-256-5225,충청북도교욱문화원 충북교육박물관,https://www.cbec.go.kr/edu/,,09:00,18:00,09:00,18:00,관공서 공휴일,0,0,0,,우리나라 교육사와 충북교육 역사의 흐름을 한눈에 볼 수 있는 교육전문박물관,"중부도로: 서청주 IC → 사창사거리 → 서문대교 → 충북교육박물관, 경부도로: 남청주 IC → 도청방면 → 상당공원사거리 → 충북교육박물관",043-256-5225,충청북도교육문화원,2025-11-26,5710000,충청북도 청주시
전국박물관미술관정보표준데이터,https://www.data.go.kr/data/15017323/standard.do,2025-11-26,place,한국교원대학교 교육박물관,대학,충청북도 청주시,충청북도 청주시 흥덕구 강내면 태성탑연로 250,36.6056652,127.3573247,"한국 교육의 역사와 문화를 지키고 공유하는 국내 최대 규모의 교육박물관입니다. 한국교육사실, 교육테마실, 학교사실, 기획전시실 등에서 한국 교육의 역사를 살펴볼 수 있고, 교육체험실을 통해 우리 교육을 직접 체험하고 즐길 수 있습니다.",관람 전 예습 동화와 방문 후 기념 동화책 배경,전시실에서 마음에 드는 작품이나 물건을 찾아 가족과 이야기하기,5-7;8-10,박물관;미술관;한국교원대학교;교육박물관;한국;교육의;역사와;문화를;지키고;공유하는;국내;최대,한국교원대학교 교육박물관,대학,충청북도 청주시 흥덕구 강내면 태성탑연로 250,충청북도 청주시 흥덕구 강내면 다락리 산7,043-230-3361,한국교원대학교 교육박물관,https://museum.knue.ac.kr/smain.html,주차장+물품보관소,10:00,17:00,10:00,17:00,월요일+공휴일,0,0,0,,"한국 교육의 역사와 문화를 지키고 공유하는 국내 최대 규모의 교육박물관입니다. 한국교육사실, 교육테마실, 학교사실, 기획전시실 등에서 한국 교육의 역사를 살펴볼 수 있고, 교육체험실을 통해 우리 교육을 직접 체험하고 즐길 수 있습니다.","시내버스 513, 513-1, 514, 515, 청주에서 조치원 방면으로 12㎞ 직진 후 미호 삼거리에서 좌회전 1.5㎞ 지점",043-230-3114,한국교원대학교,2025-11-26,5710000,충청북도 청주시
전국박물관미술관정보표준데이터,https://www.data.go.kr/data/15017323/standard.do,2025-11-26,place,충북대학교박물관,대학,충청북도 청주시,충청북도 청주시 서원구 충대로 1(개신동),36.63003782,127.4547916,"1970년 9월 27일 개관한 박물관은 중원문화의 실체규명을 위한 학술조사와 연구, 국제학술교류 및 평생교육을 중점적으로 실시하여 대학박물관으로서의 기능과 역할에 충실하고 있다. 소장유물은 보물 제716호 『김길통좌리공신교서(金吉通佐理功臣敎書)』와 중요민속문화재 5건 286점 등 동산문화재7,500여점 및 구석기시대 유물 30,000여점을 소장하고 있다. 특히 구석기시대의 다양한 유물과 조선시대 복식유물은 우리 박물관의 상징이라 할 수 있다.",관람 전 예습 동화와 방문 후 기념 동화책 배경,전시실에서 마음에 드는 작품이나 물건을 찾아 가족과 이야기하기,5-7;8-10,박물관;미술관;충북대학교박물관;1970년;9월;27일;개관한;박물관은;중원문화의;실체규명을;위한;학술조사와,충북대학교박물관,대학,충청북도 청주시 서원구 충대로 1(개신동),충청북도 청주시 서원구 개신동 12,043-261-2900,충북대학교박물관,https://museum.chungbuk.ac.kr,주차장,09:00,17:30,09:00,17:30,일요일+공휴일 및 학교에서 정하는 휴관일토요일은 예약자에 한해 관람가능,0,0,0,,"1970년 9월 27일 개관한 박물관은 중원문화의 실체규명을 위한 학술조사와 연구, 국제학술교류 및 평생교육을 중점적으로 실시하여 대학박물관으로서의 기능과 역할에 충실하고 있다. 소장유물은 보물 제716호 『김길통좌리공신교서(金吉通佐理功臣敎書)』와 중요민속문화재 5건 286점 등 동산문화재7,500여점 및 구석기시대 유물 30,000여점을 소장하고 있다. 특히 구석기시대의 다양한 유물과 조선시대 복식유물은 우리 박물관의 상징이라 할 수 있다.","청주 고속(시외)버스터미널 승차(20-1, 50-1, 105, 502, 511, 710, 747, 823, 832등) 후 충북대학교 하차청주역 승차(514, 717, 911-1 등) 후 충북대학교 하차 / 오송역 승차(500, 502, 511, 747 등) 후 충북대학교 하차",043-261-2900,충북대학교박물관,2025-11-26,5710000,충청북도 청주시
전국박물관미술관정보표준데이터,https://www.data.go.kr/data/15017323/standard.do,2025-11-01,place,국립기상박물관,국립,서울특별시 종로구송월길,서울특별시 종로구송월길 52,37.57022174,126.9662042,국립기상박물관을(를) 배경으로 관람 전후 동화를 만들 수 있다.,관람 전 예습 동화와 방문 후 기념 동화책 배경,전시실에서 마음에 드는 작품이나 물건을 찾아 가족과 이야기하기,5-7;8-10,박물관;미술관;국립기상박물관,국립기상박물관,국립,서울특별시 종로구송월길 52,,070-7850-8493,국립기상박물관,https://science.kma.go.kr/museum/,,10:00,18:00,10:00,18:00,월요일+1월1일+설날+추석 당일,0,0,0,,,,070-7850-8493,문화체육관광부,2025-11-01,3000000,서울특별시 종로구
전국박물관미술관정보표준데이터,https://www.data.go.kr/data/15017323/standard.do,2018-05-15,place,옹기민속박물관,사립,서울특별시 도봉구,서울특별시 도봉구 삼양로 574-41,37.654480,127.014650,"옹기전시실 : 거름통, 요강, 화로, 굴뚝, 독우물 등 주거 생활용 및 악기용, 민간 신앙용 옹기 전시민속생활용품전시실 : 목공예, 짚풀공예, 종이공예, 금속공예품 등 전시야외전시실 : 큰 항아리, 옹기굴뚝, 석탑, 석등, 맷돌 등 다양한 석조물 전시",관람 전 예습 동화와 방문 후 기념 동화책 배경,전시실에서 마음에 드는 작품이나 물건을 찾아 가족과 이야기하기,5-7;8-10,박물관;미술관;옹기민속박물관;옹기전시실;:;거름통;요강;화로;굴뚝;독우물;등;주거,옹기민속박물관,사립,서울특별시 도봉구 삼양로 574-41,,02-900-0900,옹기민속박물관,,,10:00,18:00,10:00,18:00,"매주 월요일, 1월1일, 설연휴, 추석연휴",0,0,0,"[개인/단체(20명)]  어른3,000원/ 2,000원, 어린이 2,000원/1,000원","옹기전시실 : 거름통, 요강, 화로, 굴뚝, 독우물 등 주거 생활용 및 악기용, 민간 신앙용 옹기 전시민속생활용품전시실 : 목공예, 짚풀공예, 종이공예, 금속공예품 등 전시야외전시실 : 큰 항아리, 옹기굴뚝, 석탑, 석등, 맷돌 등 다양한 석조물 전시","지하철: 4호선 수유역 ③번 출구 → 120(간선), 153(간선) 버스 → 서라벌중학교 하차(10분소요) → 옹기민속박물관 길로 100m 진입버스: 간선(파랑) : 120, 144, 151, 153, 지선(녹색) : 1120, 1144, 1161, 1218 서라벌중학교 하차 → 옹기민속박물관 길로 100m 진입마을버스:  01 창동역, 02 수유역6번출구 약초원 하차",02-900-0900,서울특별시 도봉구청,2018-05-15,3090000,서울특별시 도봉구
전국박물관미술관정보표준데이터,https://www.data.go.kr/data/15017323/standard.do,2018-05-15,place,덕성여자대학교 박물관,사립,서울특별시 도봉구,서울특별시 도봉구 근화교길 19 덕성여자대학교,37.668770,127.047070,"회화·도자실 : 회화류 : 조선시대 회화. 민화 등 회화류 및 각종 도자기 전시목공예실 : 조선시대 목가구, 소반, 반닫이 등복식실 : 원삼, 초의, 저고리 등 조선후기의 남녀복식 전시금속공예실 : 청동병, 동경 등 고려시대의 청동기유물, 등잔, 촛대 등 조선후기의 등기류, 나전칠기류 등 전시",관람 전 예습 동화와 방문 후 기념 동화책 배경,전시실에서 마음에 드는 작품이나 물건을 찾아 가족과 이야기하기,5-7;8-10,박물관;미술관;덕성여자대학교;회화·도자실;:;회화류;조선시대;회화.;민화;등;및;각종,덕성여자대학교 박물관,사립,서울특별시 도봉구 근화교길 19 덕성여자대학교,,02-901-8131,덕성여자대학교 박물관,http://museum.duksung.ac.kr,,10:00,16:00,00:00,00:00,"토,일요일 법정공휴일 개교기념일, 동하계 휴가기간, 기타 정부나 대학에서 임시휴일로 정하는 날.",0,0,0,무료,"회화·도자실 : 회화류 : 조선시대 회화. 민화 등 회화류 및 각종 도자기 전시목공예실 : 조선시대 목가구, 소반, 반닫이 등복식실 : 원삼, 초의, 저고리 등 조선후기의 남녀복식 전시금속공예실 : 청동병, 동경 등 고려시대의 청동기유물, 등잔, 촛대 등 조선후기의 등기류, 나전칠기류 등 전시","지하철: 4호선 수유역 하차 덕성여자대학교 방향 버스 이용(101번, 170번, 1144번, 1217번)버스: 101번, 109번, 144번, 151번, 170번, 1144번, 1217번, 1218번 ,1219번",02-901-8131,서울특별시 도봉구청,2018-05-15,3090000,서울특별시 도봉구
전국박물관미술관정보표준데이터,https://www.data.go.kr/data/15017323/standard.do,2018-05-15,place,산악박물관,사립,서울특별시 도봉구,서울특별시 도봉구 도봉산길 86,37.687480,127.034080,산악박물관을(를) 배경으로 관람 전후 동화를 만들 수 있다.,관람 전 예습 동화와 방문 후 기념 동화책 배경,전시실에서 마음에 드는 작품이나 물건을 찾아 가족과 이야기하기,5-7;8-10,박물관;미술관;산악박물관,산악박물관,사립,서울특별시 도봉구 도봉산길 86,,02-909-3693,산악박물관,http://eco-institute.knps.or.kr/,,10:00,17:00,10:00,17:00,"매주 월요일, 1월1일, 설 연휴, 추석연휴",0,0,0,무료,,"지하철: 1호선, 7호선 도봉산역 하차 도보 15분 정도 소요버스: 간선(파랑) 141,142, 지선(녹색) 1127,1128 도봉산입구하차 /간선(파랑) 100,106,107,108,140,150,160, 지선(녹색) 1018,1019,1139,1148,1151 도봉산역하차",02-909-3693,서울특별시 도봉구청,2018-05-15,3090000,서울특별시 도봉구
전국박물관미술관정보표준데이터,https://www.data.go.kr/data/15017323/standard.do,2025-06-26,place,노적봉예술공원미술관,공립,전라남도 목포시,전라남도 목포시 유달로 116,34.78811336,126.3809359,"노적봉예술공원 미술관은 2009년 7월 29일 개관되어 부지 면적 4,420.24m²+건물 2,508m²로 본관동(노적봉예술공원 미술관 및 김암기 미술관)과 별관동(문화예술단체 및 관리 사무실)으로 나뉘어 구성하고 있다. 유달산의 아름다운 자연 경관과 예술 작품들을 함께 감상할 수 있는 목포를 대표하는 전원형 미술관으로 예향 목포의 문화 ·예술이 공존하는 복합 문화 공간이다.",관람 전 예습 동화와 방문 후 기념 동화책 배경,전시실에서 마음에 드는 작품이나 물건을 찾아 가족과 이야기하기,5-7;8-10,박물관;미술관;노적봉예술공원미술관;노적봉예술공원;미술관은;2009년;7월;29일;개관되어;부지;면적;4,노적봉예술공원미술관,공립,전라남도 목포시 유달로 116,전라남도 목포시 유달동 1-1,061-270-8300,노적봉예술공원미술관,https://www.mokpo.go.kr/artmuseum,,09:00,18:00,09:00,18:00,매주 월요일(월요일이 공휴일인 경우 당일은 개관하고 그 다음 첫번째 평일에 휴관)+1월1일,0,0,0,,"노적봉예술공원 미술관은 2009년 7월 29일 개관되어 부지 면적 4,420.24m²+건물 2,508m²로 본관동(노적봉예술공원 미술관 및 김암기 미술관)과 별관동(문화예술단체 및 관리 사무실)으로 나뉘어 구성하고 있다. 유달산의 아름다운 자연 경관과 예술 작품들을 함께 감상할 수 있는 목포를 대표하는 전원형 미술관으로 예향 목포의 문화 ·예술이 공존하는 복합 문화 공간이다.",,061-270-8300,전라남도 목포시청,2025-06-26,4800000,전라남도 목포시
전국박물관미술관정보표준데이터,https://www.data.go.kr/data/15017323/standard.do,2025-06-26,place,광주은행금융박물관,사립,광주광역시 동구,광주광역시 동구 제봉로 225(대인동),35.154827,126.9128802,"주,전남 금융 역사의 흐름을 살필 수 있는 역사자료와 반세기 광주은행의 금융역사 자료를 한 자리에 모아 전시를 구성하였습니다. 또한 화폐문화와 생활 속 금융지식을 학습할 수 있도록 화폐전시실과 어린이금융체험실을 마련하여 어린이, 청소년에게 열린 금융교육의 장이 되고 있습니다.",관람 전 예습 동화와 방문 후 기념 동화책 배경,전시실에서 마음에 드는 작품이나 물건을 찾아 가족과 이야기하기,5-7;8-10,박물관;미술관;광주은행금융박물관;주;전남;금융;역사의;흐름을;살필;수;있는;역사자료와,광주은행금융박물관,사립,광주광역시 동구 제봉로 225(대인동),,062-239-5000,광주은행,,,10:00,18:00,00:00,00:00,토+일+공휴일,0,0,0,,"주,전남 금융 역사의 흐름을 살필 수 있는 역사자료와 반세기 광주은행의 금융역사 자료를 한 자리에 모아 전시를 구성하였습니다. 또한 화폐문화와 생활 속 금융지식을 학습할 수 있도록 화폐전시실과 어린이금융체험실을 마련하여 어린이, 청소년에게 열린 금융교육의 장이 되고 있습니다.",,062-239-5000,광주은행,2025-06-26,3590000,광주광역시 동구
전국박물관미술관정보표준데이터,https://www.data.go.kr/data/15017323/standard.do,2025-06-26,place,전남대학교의학박물관,대학,광주광역시 동구,광주광역시 동구 백서로 160(학동),35.143167,126.923264,소장유물 : 실습기자래+의료장비+도서 등 1720점,관람 전 예습 동화와 방문 후 기념 동화책 배경,전시실에서 마음에 드는 작품이나 물건을 찾아 가족과 이야기하기,5-7;8-10,박물관;미술관;전남대학교의학박물관;소장유물;:;실습기자래+의료장비+도서;등;1720점,전남대학교의학박물관,대학,광주광역시 동구 백서로 160(학동),,062-220-4381,전남대학교,http://www.medicalmuseum.ac.kr/main/main.php,,09:00,18:00,00:00,00:00,토+일+공휴일,0,0,0,,소장유물 : 실습기자래+의료장비+도서 등 1720점,,062-220-4381,전남대학교,2025-06-26,3590000,광주광역시 동구
전국박물관미술관정보표준데이터,https://www.data.go.kr/data/15017323/standard.do,2025-06-26,place,조선대학교 박물관,대학,광주광역시 동구,"광주광역시 동구 필문대로 309(서석동,조선대학교)",35.146003,126.934363,조선대학교 박물관은 실물교육자료를 수집·연구·전시하고 교육과 학술 및 지역 발전에 이바지할 목적으로 설립되었습니다,관람 전 예습 동화와 방문 후 기념 동화책 배경,전시실에서 마음에 드는 작품이나 물건을 찾아 가족과 이야기하기,5-7;8-10,박물관;미술관;조선대학교;박물관은;실물교육자료를;수집·연구·전시하고;교육과;학술;및;지역;발전에;이바지할,조선대학교 박물관,대학,"광주광역시 동구 필문대로 309(서석동,조선대학교)",,062-230-6333,조선대학교,http://www2.chosun.ac.kr/mbs/museum/,,10:00,17:00,00:00,00:00,토+일+공휴일,0,0,0,,조선대학교 박물관은 실물교육자료를 수집·연구·전시하고 교육과 학술 및 지역 발전에 이바지할 목적으로 설립되었습니다,,062-230-6333,조선대학교,2025-06-26,3590000,광주광역시 동구
전국박물관미술관정보표준데이터,https://www.data.go.kr/data/15017323/standard.do,2025-06-26,place,비움박물관,사립,광주광역시 동구,광주광역시 동구 제봉로 143-1(대의동),35.150404,126.920277,"세월의 장터를 큰 주제로 ＂1층-겨울, 2층-가을, 3층-여름, 4층-봄＂ T18테마로 구성, 곡식을 보관하던 항아리, 소쿠리, 바가지 등 각종 생활용기와 가마솥이 걸린 부뚜막, 절구, 전통혼례 복장, 꼭두각시 등 전통 민속품들을 전시",관람 전 예습 동화와 방문 후 기념 동화책 배경,전시실에서 마음에 드는 작품이나 물건을 찾아 가족과 이야기하기,5-7;8-10,박물관;미술관;비움박물관;세월의;장터를;큰;주제로;＂1층-겨울;2층-가을;3층-여름;4층-봄＂;T18테마로,비움박물관,사립,광주광역시 동구 제봉로 143-1(대의동),,062-222-6668,비움박물관,http://www.biummuseum.com/,,10:00,18:00,10:00,18:00,월+일,10000,7000,5000,,"세월의 장터를 큰 주제로 ＂1층-겨울, 2층-가을, 3층-여름, 4층-봄＂ T18테마로 구성, 곡식을 보관하던 항아리, 소쿠리, 바가지 등 각종 생활용기와 가마솥이 걸린 부뚜막, 절구, 전통혼례 복장, 꼭두각시 등 전통 민속품들을 전시",,062-222-6668,비움박물관,2025-06-26,3590000,광주광역시 동구
전국박물관미술관정보표준데이터,https://www.data.go.kr/data/15017323/standard.do,2025-06-26,place,조선대학교미술관,대학,광주광역시 동구,"광주광역시 동구 필문대로 309(서석동,조선대학교)",35.146003,126.934363,"대학미술관으로써, 동문출신들의 작품을 중심으로 전시와 연구 보존 및 현대미술의 실험 현장을 지향함",관람 전 예습 동화와 방문 후 기념 동화책 배경,전시실에서 마음에 드는 작품이나 물건을 찾아 가족과 이야기하기,5-7;8-10,박물관;미술관;조선대학교미술관;대학미술관으로써;동문출신들의;작품을;중심으로;전시와;연구;보존;및;현대미술의,조선대학교미술관,대학,"광주광역시 동구 필문대로 309(서석동,조선대학교)",,062-230-7832,조선대학교,https://blog.naver.com/cuma7832,,10:00,17:00,10:00,17:00,토+일,0,0,0,,"대학미술관으로써, 동문출신들의 작품을 중심으로 전시와 연구 보존 및 현대미술의 실험 현장을 지향함",,062-230-7832,조선대학교,2025-06-26,3590000,광주광역시 동구
전국박물관미술관정보표준데이터,https://www.data.go.kr/data/15017323/standard.do,2025-06-26,place,의재미술관,사립,광주광역시 동구,광주광역시 동구 증심사길 155(운림동),35.12937059,126.967392,의재미술관은 의재 허백련(毅齋 許百鍊) 선생을 기념하기 위해 건립된 미술관입니다.,관람 전 예습 동화와 방문 후 기념 동화책 배경,전시실에서 마음에 드는 작품이나 물건을 찾아 가족과 이야기하기,5-7;8-10,박물관;미술관;의재미술관;의재미술관은;의재;허백련(毅齋;許百鍊);선생을;기념하기;위해;건립된;미술관입니다.,의재미술관,사립,광주광역시 동구 증심사길 155(운림동),,062-222-3040,의재문화재단,http://www.uijae.org/,,09:30,05:30,09:30,17:00,월,2000,1000,0,군인 1000원,의재미술관은 의재 허백련(毅齋 許百鍊) 선생을 기념하기 위해 건립된 미술관입니다.,,062-222-3040,의재문화재단,2025-06-26,3590000,광주광역시 동구
전국박물관미술관정보표준데이터,https://www.data.go.kr/data/15017323/standard.do,2025-06-26,place,우제길미술관,사립,광주광역시 동구,광주광역시 동구 의재로 140-6(운림동),35.131806,126.943042,"대학 미술관으로써, 동문출신들의 작품을 중심으로 전시와 연구, 보존",관람 전 예습 동화와 방문 후 기념 동화책 배경,전시실에서 마음에 드는 작품이나 물건을 찾아 가족과 이야기하기,5-7;8-10,박물관;미술관;우제길미술관;대학;미술관으로써;동문출신들의;작품을;중심으로;전시와;연구;보존,우제길미술관,사립,광주광역시 동구 의재로 140-6(운림동),,062-224-6601,우제길미술관,http://www.wooart.co.kr/,,11:00,18:00,10:00,18:00,월,3000,3000,3000,군인 1000원,"대학 미술관으로써, 동문출신들의 작품을 중심으로 전시와 연구, 보존",,062-224-6601,우제길미술관,2025-06-26,3590000,광주광역시 동구
전국박물관미술관정보표준데이터,https://www.data.go.kr/data/15017323/standard.do,2025-06-26,place,무등현대미술관,사립,광주광역시 동구,광주광역시 동구 증심사길 9(운림동),35.134183,126.953723,미술관의 명칭에 걸맞게 현대 미술 전시회를 꾸준히 개최하는 것은 물론 500여 점의 소장품을 중심으로 한 상설전시관을 운영,관람 전 예습 동화와 방문 후 기념 동화책 배경,전시실에서 마음에 드는 작품이나 물건을 찾아 가족과 이야기하기,5-7;8-10,박물관;미술관;무등현대미술관;미술관의;명칭에;걸맞게;현대;미술;전시회를;꾸준히;개최하는;것은,무등현대미술관,사립,광주광역시 동구 증심사길 9(운림동),,062-223-6677,무등현대미술관,http://www.mdmoca.co.kr,,10:00,18:00,12:00,18:00,월,2000,1000,0,,미술관의 명칭에 걸맞게 현대 미술 전시회를 꾸준히 개최하는 것은 물론 500여 점의 소장품을 중심으로 한 상설전시관을 운영,,062-223-6677,무등현대미술관,2025-06-26,3590000,광주광역시 동구
전국박물관미술관정보표준데이터,https://www.data.go.kr/data/15017323/standard.do,2025-07-07,place,광주김치박물관,공립,광주광역시 남구,광주광역시 남구 김치로 60,35.10966818,126.866605,"김치의 맛과 우수성을 알리고자 2010년 10월 23일 개관한 박물관으로 김치에 대한 문화와 역사, 체험을 한 곳에서 경험할 수 있도록 조성됨",관람 전 예습 동화와 방문 후 기념 동화책 배경,전시실에서 마음에 드는 작품이나 물건을 찾아 가족과 이야기하기,5-7;8-10,박물관;미술관;광주김치박물관;김치의;맛과;우수성을;알리고자;2010년;10월;23일;개관한;박물관으로,광주김치박물관,공립,광주광역시 남구 김치로 60,광주광역시 남구 임암동 674,062-613-8223,김치타운관리사무소,https://www.gwangju.go.kr/kimchitown/,,09:00,18:00,09:00,18:00,월+설날+추석+공휴일(토/일 제외),0,0,0,,"김치의 맛과 우수성을 알리고자 2010년 10월 23일 개관한 박물관으로 김치에 대한 문화와 역사, 체험을 한 곳에서 경험할 수 있도록 조성됨","진원78, 수완03",062-613-8223,광주광역시청,2025-07-07,6290000,광주광역시
전국박물관미술관정보표준데이터,https://www.data.go.kr/data/15017323/standard.do,2025-07-07,place,시립민속박물관(광주역사민속박물관),공립,광주광역시 북구,광주광역시 북구 서하로 48-25,35.18441617,126.8884364,"남도민속 및 광주근대역사와 문화를 종합적으로 전시, 1987년 국내 최대 시립박물관으로 개관",관람 전 예습 동화와 방문 후 기념 동화책 배경,전시실에서 마음에 드는 작품이나 물건을 찾아 가족과 이야기하기,5-7;8-10,박물관;미술관;시립민속박물관(광주역사민속박물관);남도민속;및;광주근대역사와;문화를;종합적으로;전시;1987년;국내;최대,시립민속박물관(광주역사민속박물관),공립,광주광역시 북구 서하로 48-25,광주광역시 북구 용봉동 1004-4,062-613-5378,광주역사민속박물관,www.gwangju.go.kr/gjhfm/,일반주차장(소형차 20대 주차가능),09:00,18:00,09:00,18:00,월요일+신정+공휴일다음날,0,0,0,,"남도민속 및 광주근대역사와 문화를 종합적으로 전시, 1987년 국내 최대 시립박물관으로 개관",용봉동 쌍용아파트ㆍ역사민속박물관 : 송정29+문흥53+상무63 / 광주비엔날레전시관 : 상무64+용봉(83+419)+마을777 / 광주문화예술회관 : 봉선27+송정29+운림51+문흥53+금남58+송암72+용전84+용전85+첨단95+첨단192 / 차량 : 광천터미널(유스퀘어) 15분 소요+광주역에서 15분 소요+광주공항에서 30분 소요+송정역에서 40분 소요,062-613-5378,광주광역시청,2025-07-07,6290000,광주광역시
전국박물관미술관정보표준데이터,https://www.data.go.kr/data/15017323/standard.do,2025-07-07,place,광주시립미술관,공립,광주광역시 북구,광주광역시 북구 하서로 52,35.1832330525,126.8857357552,광주시립미술관을(를) 배경으로 관람 전후 동화를 만들 수 있다.,관람 전 예습 동화와 방문 후 기념 동화책 배경,전시실에서 마음에 드는 작품이나 물건을 찾아 가족과 이야기하기,5-7;8-10,박물관;미술관;광주시립미술관,광주시립미술관,공립,광주광역시 북구 하서로 52,광주광역시 북구 운암동 164,062-613-7113,광주시립미술관,https://artmuse.gwangju.go.kr/,"본관주차장(일반17대, 임산부1대, 전기차2대)정문주차장(일반43대, 전기차2대)비엔날레전시관주차장(일반22대, 임산부1대, 장애인2대)비엔날레광장주차장(일반11대)용봉청소년문화의집주차장(일반70대, 장애인4대)비엔날레주차장(일반248대, 임산부12대, 장애인15대, 대형38대)",10:00,18:00,10:00,18:00,"1월1일, 설(당일), 추석(당일), 매주 월요일",0,0,0,,,"(광주비엔날레관 하차)용봉 83, 상무 64(체육고/폴리텍5대학 하차)송정29, 첨단95,문흥53,용전84,용전85,상무63",062-613-7113,광주광역시청,2025-07-07,6290000,광주광역시
전국박물관미술관정보표준데이터,https://www.data.go.kr/data/15017323/standard.do,2025-11-26,place,청주대학교박물관,대학,충청북도 청주시,충청북도 청주시 청원구 대성로 298(내덕동),36.6508565,127.4951991,"역사, 고고, 민속, 미술, 고예부문의 자료를 수집하고 보관하여 학술연구에 이바지할 목적으로 충북지방에서는 최초로 1967년 11월 10일에 종합박물관으로 개관",관람 전 예습 동화와 방문 후 기념 동화책 배경,전시실에서 마음에 드는 작품이나 물건을 찾아 가족과 이야기하기,5-7;8-10,박물관;미술관;청주대학교박물관;역사;고고;민속;미술;고예부문의;자료를;수집하고;보관하여;학술연구에,청주대학교박물관,대학,충청북도 청주시 청원구 대성로 298(내덕동),충청북도 청주시 청원구 내덕동 36,043-229-8762,청주대학교박물관,https://www.cju.ac.kr/muse/index.do,주차장,09:30,17:00,00:00,00:00,주말+공휴일+방학기간,0,0,0,,"역사, 고고, 민속, 미술, 고예부문의 자료를 수집하고 보관하여 학술연구에 이바지할 목적으로 충북지방에서는 최초로 1967년 11월 10일에 종합박물관으로 개관","청주IC: 청주,청주공항방면으로 좌회전 -> 가로수터널 직진 -> 터미널사거리에서 직진 -> 산업단지육거리에서 직진 -> 사창사거리에서 청주공항방면으로 좌회전 -> 봉명사거리에서 상당구청방면으로 우회전 -> 흥덕고가대교 직진 -> 청주대학교",043-229-8762,청주대학교박물관,2025-11-26,5710000,충청북도 청주시
전국박물관미술관정보표준데이터,https://www.data.go.kr/data/15017323/standard.do,2025-11-26,place,한국잠사박물관,사립,충청북도 청주시,충청북도 청주시 흥덕구 강내면 청주역로 213-52,36.63936808,127.3822358,"민족 전통 잠사산업과 곤충 누에의 비밀이 숨겨져 있는곳, 4계절 계절프로그램과 청주 복합 테마파크형 박물관",관람 전 예습 동화와 방문 후 기념 동화책 배경,전시실에서 마음에 드는 작품이나 물건을 찾아 가족과 이야기하기,5-7;8-10,박물관;미술관;한국잠사박물관;민족;전통;잠사산업과;곤충;누에의;비밀이;숨겨져;있는곳;4계절,한국잠사박물관,사립,충청북도 청주시 흥덕구 강내면 청주역로 213-52,충청북도 청주시 흥덕구 강내면 학천리 175,043-235-1267,한국잠사플레이팜 농업회사법인㈜,www.jamsamuseum.co.kr,주차장,10:00,17:00,10:00,17:00,매주 월요일,10000,10000,12000,시즌별 상이,"민족 전통 잠사산업과 곤충 누에의 비밀이 숨겨져 있는곳, 4계절 계절프로그램과 청주 복합 테마파크형 박물관",청주역에서 자차 5분거리,043-235-1267,한국잠사플레이팜,2025-11-26,5710000,충청북도 청주시
전국박물관미술관정보표준데이터,https://www.data.go.kr/data/15017323/standard.do,2025-11-26,place,청주시립대청호미술관,공립,충청북도 청주시,충청북도 청주시 상당구 문의면 대청호반로 721,36.50711307,127.4937195,에술과 자연이 하나되는 가장 아름다운 순간,관람 전 예습 동화와 방문 후 기념 동화책 배경,전시실에서 마음에 드는 작품이나 물건을 찾아 가족과 이야기하기,5-7;8-10,박물관;미술관;청주시립대청호미술관;에술과;자연이;하나되는;가장;아름다운;순간,청주시립대청호미술관,공립,충청북도 청주시 상당구 문의면 대청호반로 721,충청북도 청주시 상당구 문의면 문산리 산6-1,043-201-0914,충청북도 청주시청 청주시립미술관,https://cmoa.cheongju.go.kr/daecheongho/index.do,문의문화재단지,10:00,18:00,10:00,18:00,1월 1일+설 연휴+추석 연휴+월,1000,800,500,문의문화재단지 관람객 무료,에술과 자연이 하나되는 가장 아름다운 순간,시내버스 313 313-1 등을 이용한 후 문의종점에서 하차,043-201-0911,충청북도 청주시청,2025-11-26,5710000,충청북도 청주시
전국박물관미술관정보표준데이터,https://www.data.go.kr/data/15017323/standard.do,2025-11-26,place,청주시한국공예관,공립,충청북도 청주시,충청북도 청주시 청원구 상당로 314 (내덕동),36.656195,127.492382,"공예 전문 공립 미술관으로 기획 전시, 공예 아카데미 운영, 문화상품 개발·판매를 통해 시민의 문화예술적 소양을 높이고, 공예문화 교류의 열린 창을 만들기 위한 사업을 추진",관람 전 예습 동화와 방문 후 기념 동화책 배경,전시실에서 마음에 드는 작품이나 물건을 찾아 가족과 이야기하기,5-7;8-10,박물관;미술관;청주시한국공예관;공예;전문;공립;미술관으로;기획;전시;아카데미;운영;문화상품,청주시한국공예관,공립,충청북도 청주시 청원구 상당로 314 (내덕동),충청북도 청주시 청원구 내덕동 201-1,043-268-0255,(재)청주시문화산업진흥재단,https://cjkcm.org,주차장,10:00,19:00,10:00,19:00,1월 1일+설+추석 당일(14시까지 휴관)+월 휴관,0,0,0,,"공예 전문 공립 미술관으로 기획 전시, 공예 아카데미 운영, 문화상품 개발·판매를 통해 시민의 문화예술적 소양을 높이고, 공예문화 교류의 열린 창을 만들기 위한 사업을 추진","고속버스터미널에서 921, 922, 111, 112, 113, 116, 118, 211, 511, 511-1 / 국제공항 747 / 오송역 511, 517, 511-1, 747",043-201-2038,충청북도 청주시청,2025-11-26,5710000,충청북도 청주시
전국박물관미술관정보표준데이터,https://www.data.go.kr/data/15017323/standard.do,2025-11-26,place,쉐마미술관,사립,충청북도 청주시,충청북도 청주시 청원구 내수읍 내수로 241,36.6950253,127.4996815,"SCHEMA는 “격”, “짜임”, “계획” 이라는 의미로 기하학적 구성요소로 이루어진 김재관 교수의 작품과 그 맥을 같이하며 2009년 6월 26일에 설립된 사립미술관입니다. 현대미술의 격(格)과 시대정신에 걸 맞는 창작 예술의 연구와 실천을 위한 공간입니다.",관람 전 예습 동화와 방문 후 기념 동화책 배경,전시실에서 마음에 드는 작품이나 물건을 찾아 가족과 이야기하기,5-7;8-10,박물관;미술관;쉐마미술관;SCHEMA는;“격”;“짜임”;“계획”;이라는;의미로;기하학적;구성요소로;이루어진,쉐마미술관,사립,충청북도 청주시 청원구 내수읍 내수로 241,충청북도 청주시 청원구 내수읍 원통리 301,043-221-3269,쉐마미술관,https://schemaartmuseum.com,주차장,10:00,18:00,10:00,18:00,1월 1일+설 연휴+추석 연휴,2000,1000,1000,6세 이하 어린이+65세 이상 어르신+장애인+국가유공자 무료,"SCHEMA는 “격”, “짜임”, “계획” 이라는 의미로 기하학적 구성요소로 이루어진 김재관 교수의 작품과 그 맥을 같이하며 2009년 6월 26일에 설립된 사립미술관입니다. 현대미술의 격(格)과 시대정신에 걸 맞는 창작 예술의 연구와 실천을 위한 공간입니다.","시내버스 111,115번 이용 후 신화동 정류소 하차. 도보 15분",043-221-3269,쉐마미술관,2025-11-26,5710000,충청북도 청주시
전국박물관미술관정보표준데이터,https://www.data.go.kr/data/15017323/standard.do,2024-11-19,place,순천시립뿌리깊은나무박물관,공립,전라남도 순천시,전라남도 순천시 낙안면 평촌3길45,34.9036464,127.3399827,故한창기 선생이 생전에 모은 6500여 점의 유물이 전시 · 보존되어 있는 곳,관람 전 예습 동화와 방문 후 기념 동화책 배경,전시실에서 마음에 드는 작품이나 물건을 찾아 가족과 이야기하기,5-7;8-10,박물관;미술관;순천시립뿌리깊은나무박물관;故한창기;선생이;생전에;모은;6500여;점의;유물이;전시;·,순천시립뿌리깊은나무박물관,공립,전라남도 순천시 낙안면 평촌3길45,전라남도 순천시 낙안면 남내리 219,061-749-8855,전라남도 순천시청,http://main.suncheon.go.kr/tour/tourist/0010/0002/,화장실,09:00,18:00,09:00,18:00,월(월요일이 공휴일인 경우 당일 개관 후 별도 휴관일 없음),1000,800,500,단체(20명 이상) 200원 할인+순천시민 50퍼센트 할인+자매결연도시 50퍼센트 할인+남해안 남중권 도시 50퍼센트 할인+순천 어린이 무료,故한창기 선생이 생전에 모은 6500여 점의 유물이 전시 · 보존되어 있는 곳,"1. 버스 : 61번, 63번, 68번    2. 자가용  -1) 서순천IC → 선평삼거리 → 가곡삼거리 → 순천대 → 순고오거리 → 청암대사거리 → 연동삼거리 → 낙안   -2) 순천IC → 조례지하차도 → 팔마오거리 → 호현삼거리 → 청암대사거리 → 연동삼거리 → 낙안",061-749-8855,전라남도 순천시청,2024-11-19,4820000,전라남도 순천시
전국박물관미술관정보표준데이터,https://www.data.go.kr/data/15017323/standard.do,2024-11-19,place,순천시기독교역사박물관,공립,전라남도 순천시,전라남도 순천시 매산길61,34.96043473,127.4801207,순천 선교역사 100년을 돌아볼수 있는기증유물 730여 점과 영상이 있는 복합문화공간,관람 전 예습 동화와 방문 후 기념 동화책 배경,전시실에서 마음에 드는 작품이나 물건을 찾아 가족과 이야기하기,5-7;8-10,박물관;미술관;순천시기독교역사박물관;순천;선교역사;100년을;돌아볼수;있는기증유물;730여;점과;영상이;있는,순천시기독교역사박물관,공립,전라남도 순천시 매산길61,전라남도 순천시 매곡동 179-10,061-749-4530,전라남도 순천시청,http://main.suncheon.go.kr/tour/tourist/0010/0001/,화장실 및 작은도서관,09:00,18:00,09:00,18:00,일+1월 1일+설 당일+추석 당일,0,0,0,무료,순천 선교역사 100년을 돌아볼수 있는기증유물 730여 점과 영상이 있는 복합문화공간,"1. 버스 71번, 77번, 56번 , 59번 , 55번  2. 버스 또는 승용차 이용 - 순천 또는 서순천 IC→ 순천시청→순천의료원 →순천중앙교회에서 500m 방향",061-749-4530,전라남도 순천시청,2024-11-19,4820000,전라남도 순천시
전국박물관미술관정보표준데이터,https://www.data.go.kr/data/15017323/standard.do,2025-07-07,place,현대어린이책미술관 MOKA,사립,경기도 성남시,경기도 성남시 분당구 판교역로 146번길 20,37.392794,127.112088,"현대어린이책미술관은 국내 최초 책을 주제로 한 어린이 미술관입니다. 그림책을 통해 어린이들이 자신을 이해하고, 스토리에 담긴 의미와 타인을 이해하는 방법을 다양하고 흥미롭게 경험할 수 있도록 마련되었습니다.",관람 전 예습 동화와 방문 후 기념 동화책 배경,전시실에서 마음에 드는 작품이나 물건을 찾아 가족과 이야기하기,5-7;8-10,박물관;미술관;현대어린이책미술관;MOKA;현대어린이책미술관은;국내;최초;책을;주제로;한;어린이;미술관입니다.,현대어린이책미술관 MOKA,사립,경기도 성남시 분당구 판교역로 146번길 20,경기도 성남시 분당구 백현동 541,031-5170-3700,현대백화점,http://www.hmoka.org,,10:00,19:00,10:00,19:00,월+1월 1일+설 연휴(현대백화점 판교점 휴점일에 따름)+추석 연휴(현대백화점 판교점 휴점일에 따름),6000,6000,6000,무료입장(만3세(36개월)미만의 유아+65세 이상 경로+장애인 중증 및 보호자 1인+국가보훈대상자1~3급 및 보호자 1인+기초생활수급대상자+문화누리카드 소지자),"현대어린이책미술관은 국내 최초 책을 주제로 한 어린이 미술관입니다. 그림책을 통해 어린이들이 자신을 이해하고, 스토리에 담긴 의미와 타인을 이해하는 방법을 다양하고 흥미롭게 경험할 수 있도록 마련되었습니다.",직행버스(1002/1005/1005-1/1150/1151/1241/1500-2/3330/3500/4000/5500-1/7007-1/9000/9001/9007/9300/9507)+일반버스(55/103/303/340/340-1/380/390)+마을버스(32/71/72/73/74/75/76/602/602-1/602-2/812)+급행버스(8106/8110)+광역버스(9401)+신분당선 판교역 3번출구 100m,031-5170-3700,현대백화점,2025-07-07,3780000,경기도 성남시
전국박물관미술관정보표준데이터,https://www.data.go.kr/data/15017323/standard.do,2025-07-07,place,신구대학교 식물원 갤러리 우촌,사립,경기도 성남시,경기도 성남시 수정구 적푸리로 9,37.433664,127.081149,신구대학교 식물원 갤러리 우촌을(를) 배경으로 관람 전후 동화를 만들 수 있다.,관람 전 예습 동화와 방문 후 기념 동화책 배경,전시실에서 마음에 드는 작품이나 물건을 찾아 가족과 이야기하기,5-7;8-10,박물관;미술관;신구대학교;식물원;갤러리;우촌,신구대학교 식물원 갤러리 우촌,사립,경기도 성남시 수정구 적푸리로 9,경기도 성남시 수정구 상적동 산 123-1,031-724-1600,신구대학교,http://www.sbg.or.kr,,09:00,18:00,09:00,18:00,월,7000,5000,5000,무료입장(적푸리마을 주민+만3세(36개월)미만의 유아+장애인 1급~3급+신구대교직원 및 재학생),,버스(342/341/누리2),031-724-1600,신구대학교,2025-07-07,3780000,경기도 성남시
전국박물관미술관정보표준데이터,https://www.data.go.kr/data/15017323/standard.do,2025-07-07,place,판교박물관,공립,경기도 성남시,경기도 성남시 분당구 판교로 191,37.401083,127.095548,판교택지개발시 출토된 삼국시대 굴식돌방무덤의 보존 및 전시,관람 전 예습 동화와 방문 후 기념 동화책 배경,전시실에서 마음에 드는 작품이나 물건을 찾아 가족과 이야기하기,5-7;8-10,박물관;미술관;판교박물관;판교택지개발시;출토된;삼국시대;굴식돌방무덤의;보존;및;전시,판교박물관,공립,경기도 성남시 분당구 판교로 191,경기도 성남시 분당구 판교동 499,031-729-1792,경기도 성남시,https://www.pangyomuseum.go.kr,자전거보관대,09:00,18:00,09:00,18:00,월+1월1일+추석 연휴+설 연휴,0,0,0,,판교택지개발시 출토된 삼국시대 굴식돌방무덤의 보존 및 전시,버스(73/75/330/350/9007/4000),031-729-1792,경기도 성남시청,2025-07-07,3780000,경기도 성남시
전국박물관미술관정보표준데이터,https://www.data.go.kr/data/15017323/standard.do,2025-07-07,place,신구대학 우촌박물관,사립,경기도 성남시,경기도 성남시 중원구 광명로 377,37.448850,127.167697,신구대학 우촌박물관을(를) 배경으로 관람 전후 동화를 만들 수 있다.,관람 전 예습 동화와 방문 후 기념 동화책 배경,전시실에서 마음에 드는 작품이나 물건을 찾아 가족과 이야기하기,5-7;8-10,박물관;미술관;신구대학;우촌박물관,신구대학 우촌박물관,사립,경기도 성남시 중원구 광명로 377,경기도 성남시 중원구 금광동 2685,031-740-1258,신구대학교,http://museum.shingu.ac.kr,,10:00,17:00,00:00,00:00,토+일+공휴일,0,0,0,,,단대오거리역 하차시 8호선 단대오거리역 3번출구 신구대학교 셔틀버스 이용+남한산성입구역 하차시 4번출구에서 버스(33-1/55)이용,031-740-1258,신구대학교,2025-07-07,3780000,경기도 성남시
전국박물관미술관정보표준데이터,https://www.data.go.kr/data/15017323/standard.do,2025-07-07,place,디자인코리아뮤지엄,사립,경기도 성남시,경기도 성남시 분당구 양현로 322,37.413197,127.123256,디자인코리아뮤지엄을(를) 배경으로 관람 전후 동화를 만들 수 있다.,관람 전 예습 동화와 방문 후 기념 동화책 배경,전시실에서 마음에 드는 작품이나 물건을 찾아 가족과 이야기하기,5-7;8-10,박물관;미술관;디자인코리아뮤지엄,디자인코리아뮤지엄,사립,경기도 성남시 분당구 양현로 322,경기도 성남시 분당구 야탑동 344-1,031-788-7840,디자인코리아뮤지엄,www.designmuseum.or.kr,,10:00,18:00,10:00,18:00,토+일,6000,4000,4000,무료입장(만6세이하+<장애인복지법>등록장애인),,버스(7201/7002/330/350),031-788-7840,디자인코리아뮤지엄,2025-07-07,3780000,경기도 성남시
전국박물관미술관정보표준데이터,https://www.data.go.kr/data/15017323/standard.do,2025-07-07,place,을지대학교 범석의학박물관,사립,경기도 성남시,경기도 성남시 수정구 산성대로 553,37.4609789115,127.1651467974,국내 최초의 보건대학인 을지대학교의 역사와 근대의학의 발달과 의학발전에 기여한 기초과학의 발달사를 조망하여 건강과 생명의 소중함을 배울 수 있는 교육의 장,관람 전 예습 동화와 방문 후 기념 동화책 배경,전시실에서 마음에 드는 작품이나 물건을 찾아 가족과 이야기하기,5-7;8-10,박물관;미술관;을지대학교;범석의학박물관;국내;최초의;보건대학인;을지대학교의;역사와;근대의학의;발달과;의학발전에,을지대학교 범석의학박물관,사립,경기도 성남시 수정구 산성대로 553,경기도 성남시 수정구 양지동 212,031-740-7339,을지대학교,http://eulji.ac.kr/medical_museum,,10:00,17:30,00:00,00:00,토+일+공휴일+범석의학박물관에서 지정한 날,0,0,0,,국내 최초의 보건대학인 을지대학교의 역사와 근대의학의 발달과 의학발전에 기여한 기초과학의 발달사를 조망하여 건강과 생명의 소중함을 배울 수 있는 교육의 장,8호선 남한산성입구역 2번출구+일반버스(6/9/30/30-1/33-1/51/55/70/88/240/340/720/720-1)+직행버스(7200/333)+마을버스(88-1/10-10-1)+간선버스(452)+지선버스(4419),031-740-7339,을지대학교,2025-07-07,3780000,경기도 성남시
전국박물관미술관정보표준데이터,https://www.data.go.kr/data/15017323/standard.do,2025-07-04,place,보성군립백민미술관,공립,전라남도 보성군,전라남도 보성군 문덕면 죽산길 168-14,34.96694632,127.160095,지역출신 서양화가 백민 조규일 화백의 작품과 국내외 유명화가들의 작품을 기증받아 전시,관람 전 예습 동화와 방문 후 기념 동화책 배경,전시실에서 마음에 드는 작품이나 물건을 찾아 가족과 이야기하기,5-7;8-10,박물관;미술관;보성군립백민미술관;지역출신;서양화가;백민;조규일;화백의;작품과;국내외;유명화가들의;작품을,보성군립백민미술관,공립,전라남도 보성군 문덕면 죽산길 168-14,전라남도 보성군 문덕면 죽산리 산 122-1,061-853-0003,전라남도 보성군청,,야외공원,09:00,18:00,09:00,18:00,월,0,0,0,무료,지역출신 서양화가 백민 조규일 화백의 작품과 국내외 유명화가들의 작품을 기증받아 전시,,061-853-0003,전라남도 보성군청,2025-07-04,4890000,전라남도 보성군
전국박물관미술관정보표준데이터,https://www.data.go.kr/data/15017323/standard.do,2025-07-04,place,한국차박물관,공립,전라남도 보성군,전라남도 보성군 보성읍 녹차로 775,34.71987643,127.0817099,한국차박물관을(를) 배경으로 관람 전후 동화를 만들 수 있다.,관람 전 예습 동화와 방문 후 기념 동화책 배경,전시실에서 마음에 드는 작품이나 물건을 찾아 가족과 이야기하기,5-7;8-10,박물관;미술관;한국차박물관,한국차박물관,공립,전라남도 보성군 보성읍 녹차로 775,,061-850-8670,한국차박물관,,,10:00,17:00,10:00,17:00,월,1000,700,500,,,,061-850-8670,전라남도 보성군청,2025-07-04,4890000,전라남도 보성군
전국박물관미술관정보표준데이터,https://www.data.go.kr/data/15017323/standard.do,2024-11-29,place,마가미술관,사립,경기도 용인시,경기도 용인시 처인구 모현읍 문형동림로101번길 37,37.331711,127.1927877,마가미술관을(를) 배경으로 관람 전후 동화를 만들 수 있다.,관람 전 예습 동화와 방문 후 기념 동화책 배경,전시실에서 마음에 드는 작품이나 물건을 찾아 가족과 이야기하기,5-7;8-10,박물관;미술관;마가미술관,마가미술관,사립,경기도 용인시 처인구 모현읍 문형동림로101번길 37,경기도 용인시 처인구 모현읍 동림리 263,031-334-0365,마가미술관,http://www.magamuseum.co.kr/,,10:30,18:30,10:00,18:00,"매주 월요일,설연휴,추석연휴",12000,12000,6000,0,,,031-334-0365,마가미술관,2024-11-29,4050000,경기도 용인시
전국박물관미술관정보표준데이터,https://www.data.go.kr/data/15017323/standard.do,2024-11-29,place,백남준아트센터,공립,경기도 용인시,경기도 용인시 기흥구 상갈로 6,37.2681702,127.1088507,백남준아트센터을(를) 배경으로 관람 전후 동화를 만들 수 있다.,관람 전 예습 동화와 방문 후 기념 동화책 배경,전시실에서 마음에 드는 작품이나 물건을 찾아 가족과 이야기하기,5-7;8-10,박물관;미술관;백남준아트센터,백남준아트센터,공립,경기도 용인시 기흥구 상갈로 6,경기도 용인시 기흥구 상갈동 496,031-201-8500,(재)경기문화재단,http://www.njpartcenter.kr/,,10:00,18:00,10:00,18:00,"매주 월요일,신정,설(당일),추석(당일)",0,0,0,0,,,031-201-8500,(재)경기문화재단,2024-11-29,4050000,경기도 용인시
전국박물관미술관정보표준데이터,https://www.data.go.kr/data/15017323/standard.do,2024-11-29,place,안젤리미술관,사립,경기도 용인시,경기도 용인시 처인구 이동읍 이원로 244,37.18451155,127.2313126,안젤리미술관을(를) 배경으로 관람 전후 동화를 만들 수 있다.,관람 전 예습 동화와 방문 후 기념 동화책 배경,전시실에서 마음에 드는 작품이나 물건을 찾아 가족과 이야기하기,5-7;8-10,박물관;미술관;안젤리미술관,안젤리미술관,사립,경기도 용인시 처인구 이동읍 이원로 244,경기도 용인시 처인구 이동읍 묵리 724-4,031-323-1968,안젤리미술관,http://www.angeliartmuseum.net/,,09:30,18:30,10:00,18:00,"매주 월요일,설연휴,추석연휴",6000,5000,4000,3000,,,031-323-1968,안젤리미술관,2024-11-29,4050000,경기도 용인시
전국박물관미술관정보표준데이터,https://www.data.go.kr/data/15017323/standard.do,2024-11-29,place,근현대사미술관담다,사립,경기도 용인시,경기도 용인시 기흥구 강남동로140번길 1-6,37.2771845,127.1366705,근현대사미술관담다을(를) 배경으로 관람 전후 동화를 만들 수 있다.,관람 전 예습 동화와 방문 후 기념 동화책 배경,전시실에서 마음에 드는 작품이나 물건을 찾아 가족과 이야기하기,5-7;8-10,박물관;미술관;근현대사미술관담다,근현대사미술관담다,사립,경기도 용인시 기흥구 강남동로140번길 1-6,경기도 용인시 기흥구 상하동 519-5,031-283-7222,근현대사미술관담다,,,10:00,18:00,11:00,19:00,"매주 월요일,설연휴,추석연휴",5000,4000,3000,4000,,,031-283-7222,근현대사미술관담다,2024-11-29,4050000,경기도 용인시
전국박물관미술관정보표준데이터,https://www.data.go.kr/data/15017323/standard.do,2024-08-14,place,장보고기념관,공립,전라남도 완도군,전라남도 완도군 완도읍 청해진로 1455,34.355097,126.730164,장보고기념관을(를) 배경으로 관람 전후 동화를 만들 수 있다.,관람 전 예습 동화와 방문 후 기념 동화책 배경,전시실에서 마음에 드는 작품이나 물건을 찾아 가족과 이야기하기,5-7;8-10,박물관;미술관;장보고기념관,장보고기념관,공립,전라남도 완도군 완도읍 청해진로 1455,,061-550-6932,전라남도 완도군청,,,09:00,18:00,09:00,18:00,매주 월요일+설날+추석 당일,2000,1500,1000,,,,061-550-6932,전라남도 완도군청,2024-08-14,4990000,전라남도 완도군
전국박물관미술관정보표준데이터,https://www.data.go.kr/data/15017323/standard.do,2020-12-15,place,대전시립박물관,공립,대전광역시 유성구,대전광역시 유성구 도안대로 398,36.33686038,127.3353396,"- 대전시립박물관은 대전의 역사와 문화를 한눈에 살펴볼 수 있는 박물관으로, 상설전시실과 특별전시실로 나누어 운영하고 있다. - 상설전시실은 ‘대전의 조선시대’, ‘대전유학자의 출생과 교육’, ‘대전의 성리학’, ‘대전 유학자의 예술’, ‘반가(班家)의 여성’, ‘대전의 상례와 제례’를 주제로 전시 중이며, 정기적으로 특별전시실에서 특별전이 개최·운영 중에 있다.",관람 전 예습 동화와 방문 후 기념 동화책 배경,전시실에서 마음에 드는 작품이나 물건을 찾아 가족과 이야기하기,5-7;8-10,박물관;미술관;대전시립박물관;-;대전시립박물관은;대전의;역사와;문화를;한눈에;살펴볼;수;있는,대전시립박물관,공립,대전광역시 유성구 도안대로 398,대전광역시 유성구 상대동 488,042-270-8600,대전시립박물관,www.museum.daejeon.go.kr,여성휴게실,10:00,18:00,10:00,18:00,"매주 월요일(단, 월요일이 공휴일인 경우 당일은 개관하고 그 다음날 휴관)",0,0,0,무료,"- 대전시립박물관은 대전의 역사와 문화를 한눈에 살펴볼 수 있는 박물관으로, 상설전시실과 특별전시실로 나누어 운영하고 있다. - 상설전시실은 ‘대전의 조선시대’, ‘대전유학자의 출생과 교육’, ‘대전의 성리학’, ‘대전 유학자의 예술’, ‘반가(班家)의 여성’, ‘대전의 상례와 제례’를 주제로 전시 중이며, 정기적으로 특별전시실에서 특별전이 개최·운영 중에 있다.","- 버스 : 106, 115, 312, 706, 11, 601",042-270-8600,대전시립박물관,2020-12-15,6300000,대전광역시
전국박물관미술관정보표준데이터,https://www.data.go.kr/data/15017323/standard.do,2020-12-15,place,대전선사박물관,공립,대전광역시 유성구,대전광역시 유성구 노은동로 126,36.3719118,127.323866,NAME?,관람 전 예습 동화와 방문 후 기념 동화책 배경,전시실에서 마음에 드는 작품이나 물건을 찾아 가족과 이야기하기,5-7;8-10,박물관;미술관;대전선사박물관;NAME?,대전선사박물관,공립,대전광역시 유성구 노은동로 126,대전광역시 유성구 노은동 523,042-270-8640,대전시립박물관,www.museum.daejeon.go.kr,없음,10:00,18:00,10:00,18:00,"매주 월요일(단, 월요일이 공휴일인 경우 당일은 개관하고 그 다음날 휴관)",0,0,0,무료,NAME?,"- 버스 : 101, 109, 114, 116, 121",042-270-8640,대전시립박물관,2020-12-15,6300000,대전광역시
전국박물관미술관정보표준데이터,https://www.data.go.kr/data/15017323/standard.do,2023-05-24,place,양평친환경농업박물관,공립,경기도 양평군,경기도 양평군 용문면 용문산로 670,37.54760453,127.5812266,2007년 10월 개관. 양평의 향토와 친환경농업특구로 지정된 양평의 친환경농업을 다루는 공간,관람 전 예습 동화와 방문 후 기념 동화책 배경,전시실에서 마음에 드는 작품이나 물건을 찾아 가족과 이야기하기,5-7;8-10,박물관;미술관;양평친환경농업박물관;2007년;10월;개관.;양평의;향토와;친환경농업특구로;지정된;친환경농업을;다루는,양평친환경농업박물관,공립,경기도 양평군 용문면 용문산로 670,경기도 양평군 용문면 신점리 508-9번지,031-772-3370,대한불교조계종 용문사,https://www.yp21.go.kr/museumhub/,,09:30,17:00,09:30,17:00,"월(단, 월요일이 공휴일인 경우 당일은 개관하고 그 다음날 휴관)+1월1일+설+추석 당일",0,0,0,,2007년 10월 개관. 양평의 향토와 친환경농업특구로 지정된 양평의 친환경농업을 다루는 공간,"(버스)상봉, 동서울터미널-용문행,양평-용문사행시내버스+(열차)중앙선 용문역 하차",031-770-2473,경기도 양평군청,2023-05-24,4170000,경기도 양평군
전국박물관미술관정보표준데이터,https://www.data.go.kr/data/15017323/standard.do,2023-05-24,place,양평곤충박물관,공립,경기도 양평군,경기도 양평군 옥천면 경강로 1496,37.50920003,127.4491461,2011년 11월 18일에 개관한 곤충전문박물관,관람 전 예습 동화와 방문 후 기념 동화책 배경,전시실에서 마음에 드는 작품이나 물건을 찾아 가족과 이야기하기,5-7;8-10,박물관;미술관;양평곤충박물관;2011년;11월;18일에;개관한;곤충전문박물관,양평곤충박물관,공립,경기도 양평군 옥천면 경강로 1496,경기도 양평군 옥천면 옥천리 903-15번지,031-775-8022,양평곤충연구소,https://www.yp21.go.kr/museumhub/,매점+교육실,09:30,17:00,09:30,17:00,"월(단, 월요일이 공휴일인 경우 당일은 개관하고 그 다음날 휴관)+1월1일+설+추석 당일",3000,2000,2000,군인 2000+[단체]일반 2500+[단체]군인·청소년·어린이 1500+[무료]만65세이상 노인+[무료]장애인 및 국가유공자+[무료]양평군민+[무료]그린카드 소지자,2011년 11월 18일에 개관한 곤충전문박물관,"(버스)2000-1, 200-2, 2000-3, 3-4, 6, 6-2, 6-5, 6-6, 9-5, 9-6번 버스",031-770-2455,경기도 양평군청,2023-05-24,4170000,경기도 양평군
전국박물관미술관정보표준데이터,https://www.data.go.kr/data/15017323/standard.do,2023-05-24,place,양평군립미술관,공립,경기도 양평군,경기도 양평군 양평읍 문화복지길 2,37.49709935,127.4839988,2011년 12월 16일에 개관한 현대미술 전문미술관,관람 전 예습 동화와 방문 후 기념 동화책 배경,전시실에서 마음에 드는 작품이나 물건을 찾아 가족과 이야기하기,5-7;8-10,박물관;미술관;양평군립미술관;2011년;12월;16일에;개관한;현대미술;전문미술관,양평군립미술관,공립,경기도 양평군 양평읍 문화복지길 2,경기도 양평군 양평읍 양근리 543번지,031-775-8515,(사)한국미술 양평지부,http://www.ymuseum.org/home/,컨퍼런스룸+멤버스룸+수유실,10:00,18:00,10:00,18:00,"월(단, 월요일이 공휴일인 경우 당일은 개관하고 그 다음날 휴관)+1월1일+설+추석 당일",1000,700,500,[단체]일반700+[단체]청소년500+[단체]어린이 300+[무료]만65세이상 노인+[무료]장애인 및 국가유공자+[무료]양평군민+[무료]그린카드 소지자,2011년 12월 16일에 개관한 현대미술 전문미술관,(전철)중앙선 양평역 하차,031-770-2473,경기도 양평군청,2023-05-24,4170000,경기도 양평군
전국박물관미술관정보표준데이터,https://www.data.go.kr/data/15017323/standard.do,2023-05-24,place,몽양기념관,공립,경기도 양평군,경기도 양평군 양서면 몽양길 66,37.53046757,127.3735324,2011년 11월 27일에 개관. 독립 ·평화통일운동가 여운형 관련 역사박물관,관람 전 예습 동화와 방문 후 기념 동화책 배경,전시실에서 마음에 드는 작품이나 물건을 찾아 가족과 이야기하기,5-7;8-10,박물관;미술관;몽양기념관;2011년;11월;27일에;개관.;독립;·평화통일운동가;여운형;관련;역사박물관,몽양기념관,공립,경기도 양평군 양서면 몽양길 66,경기도 양평군 양서면 신원리 623-2번지,031-775-5600,몽양여운형선생기념사업회,https://www.yp21.go.kr/museumhub/,,09:30,17:00,09:30,17:00,"월(단, 월요일이 공휴일인 경우 당일은 개관하고 그 다음날 휴관)+1월1일+설+추석 당일",1000,800,500,군인800+[단체]일반800+[단체]청소년·군인500+[단체]어린이 400+[무료]만65세이상 노인+[무료]장애인 및 국가유공자+[무료]양평군민+[무료]그린카드 소지자,2011년 11월 27일에 개관. 독립 ·평화통일운동가 여운형 관련 역사박물관,"(버스)2000-1, 200-2번 버스-신원역 하차+(전철)중앙선 신원역 하차",031-770-2134,경기도 양평군청,2023-05-24,4170000,경기도 양평군
전국박물관미술관정보표준데이터,https://www.data.go.kr/data/15017323/standard.do,2023-05-24,place,화서기념관,공립,경기도 양평군,경기도 양평군 서종면 화서1로 239,37.63942791,127.4270996,2002년 9월 29일 개관. 구한말 의병의 근간을 이룬 화서 이항로 관련 기념관,관람 전 예습 동화와 방문 후 기념 동화책 배경,전시실에서 마음에 드는 작품이나 물건을 찾아 가족과 이야기하기,5-7;8-10,박물관;미술관;화서기념관;2002년;9월;29일;개관.;구한말;의병의;근간을;이룬;화서,화서기념관,공립,경기도 양평군 서종면 화서1로 239,경기도 양평군 서종면 노문리 535-6번지,031-774-5326,양평군청,https://www.yp21.go.kr/museumhub/,,09:30,17:00,09:30,17:00,"월(단, 월요일이 공휴일인 경우 당일은 개관하고 그 다음날 휴관)+1월1일+설+추석 당일",0,0,0,,2002년 9월 29일 개관. 구한말 의병의 근간을 이룬 화서 이항로 관련 기념관,(버스)양서복지회관앞 정류장에서 9-6번 승차,031-770-2317,경기도 양평군청,2023-05-24,4170000,경기도 양평군
전국박물관미술관정보표준데이터,https://www.data.go.kr/data/15017323/standard.do,2023-05-24,place,황순원문학촌 소나기마을,공립,경기도 양평군,경기도 양평군 서종면 소나기마을길 24,37.59491786,127.3778854,2009년 6월 13일에 개관. 소설가 황순원의 문학세계를 살펴볼 수 있는 문학관,관람 전 예습 동화와 방문 후 기념 동화책 배경,전시실에서 마음에 드는 작품이나 물건을 찾아 가족과 이야기하기,5-7;8-10,박물관;미술관;황순원문학촌;소나기마을;2009년;6월;13일에;개관.;소설가;황순원의;문학세계를;살펴볼,황순원문학촌 소나기마을,공립,경기도 양평군 서종면 소나기마을길 24,경기도 양평군 서종면 수능리 산74번지,031-773-2299,(사)황순원기념사업회,https://www.yp21.go.kr/museumhub/,야외공원+매점+쉼터+세미나실,09:30,17:00,09:30,17:00,"월(단, 월요일이 공휴일인 경우 당일은 개관하고 그 다음날 휴관)+1월1일+설+추석 당일",2000,1500,1000,군인 1500+[단체]일반 1500+[단체]청소년·군인1000+[단체]어린이 500+[무료]만65세이상 노인+[무료]장애인 및 국가유공자+[무료]양평군민+[무료]그린카드 소지자,2009년 6월 13일에 개관. 소설가 황순원의 문학세계를 살펴볼 수 있는 문학관,(버스)양수리에서 문호리행 버스+(전철)양수역 하차-문호리행 버스,031-770-2455,경기도 양평군청,2023-05-24,4170000,경기도 양평군
전국박물관미술관정보표준데이터,https://www.data.go.kr/data/15017323/standard.do,2024-11-29,place,경기도어린이박물관,공립,경기도 용인시,경기도 용인시 기흥구 상갈로 6,37.2681702,127.1088507,경기도어린이박물관을(를) 배경으로 관람 전후 동화를 만들 수 있다.,관람 전 예습 동화와 방문 후 기념 동화책 배경,전시실에서 마음에 드는 작품이나 물건을 찾아 가족과 이야기하기,5-7;8-10,박물관;미술관;경기도어린이박물관,경기도어린이박물관,공립,경기도 용인시 기흥구 상갈로 6,경기도 용인시 기흥구 상갈동 496,031-270-8636,(재)경기문화재단,http://gcm.ggcf.kr/,,10:00,18:00,10:00,18:00,"매주 월요일,신정,설(당일),추석(당일)",4000,4000,4000,2000,,,031-270-8636,(재)경기문화재단,2024-11-29,4050000,경기도 용인시
전국박물관미술관정보표준데이터,https://www.data.go.kr/data/15017323/standard.do,2024-11-29,place,한국민속촌박물관,사립,경기도 용인시,경기도 용인시 기흥구 민속촌로 90,37.25913189,127.1225431,한국민속촌박물관을(를) 배경으로 관람 전후 동화를 만들 수 있다.,관람 전 예습 동화와 방문 후 기념 동화책 배경,전시실에서 마음에 드는 작품이나 물건을 찾아 가족과 이야기하기,5-7;8-10,박물관;미술관;한국민속촌박물관,한국민속촌박물관,사립,경기도 용인시 기흥구 민속촌로 90,경기도 용인시 기흥구 보라동 35,031-288-0000,한국민속촌,http://www.koreanfolk.co.kr,,10:00,18:00,10:00,18:00,연중무휴,35000,35000,29000,25000,,,031-288-0000,한국민속촌,2024-11-29,4050000,경기도 용인시
전국박물관미술관정보표준데이터,https://www.data.go.kr/data/15017323/standard.do,2024-11-29,place,삶의이야기가있는집,사립,경기도 용인시,경기도 용인시 처인구 원삼면 내동로 50-13,37.17384579,127.2958775,삶의이야기가있는집을(를) 배경으로 관람 전후 동화를 만들 수 있다.,관람 전 예습 동화와 방문 후 기념 동화책 배경,전시실에서 마음에 드는 작품이나 물건을 찾아 가족과 이야기하기,5-7;8-10,박물관;미술관;삶의이야기가있는집,삶의이야기가있는집,사립,경기도 용인시 처인구 원삼면 내동로 50-13,경기도 용인시 처인구 원삼면 사암리 883-1,031-334-4115,삶의이야기가있는집,,,10:00,17:30,00:00,00:00,"매주 토요일,공휴일,설연휴,추석연휴",0,0,0,0,,,031-334-4115,삶의이야기가있는집,2024-11-29,4050000,경기도 용인시
전국박물관미술관정보표준데이터,https://www.data.go.kr/data/15017323/standard.do,2024-11-29,place,호암미술관,사립,경기도 용인시,경기도 용인시 처인구 포곡읍 에버랜드로562번길 38,37.29321604,127.192333,호암미술관을(를) 배경으로 관람 전후 동화를 만들 수 있다.,관람 전 예습 동화와 방문 후 기념 동화책 배경,전시실에서 마음에 드는 작품이나 물건을 찾아 가족과 이야기하기,5-7;8-10,박물관;미술관;호암미술관,호암미술관,사립,경기도 용인시 처인구 포곡읍 에버랜드로562번길 38,경기도 용인시 처인구 포곡읍 가실리 산12-8,031-320-1800,삼성재단,www.hoammuseum.org,,10:00,18:00,10:00,18:00,"매주 월요일,신정,설(당일),추석(당일)",14000,7000,0,0,,,031-320-1800,삼성재단,2024-11-29,4050000,경기도 용인시
전국박물관미술관정보표준데이터,https://www.data.go.kr/data/15017323/standard.do,2024-11-29,place,용인시박물관,공립,경기도 용인시,경기도 용인시 기흥구 동백3로 79,37.27389677,127.1571253,용인시박물관을(를) 배경으로 관람 전후 동화를 만들 수 있다.,관람 전 예습 동화와 방문 후 기념 동화책 배경,전시실에서 마음에 드는 작품이나 물건을 찾아 가족과 이야기하기,5-7;8-10,박물관;미술관;용인시박물관,용인시박물관,공립,경기도 용인시 기흥구 동백3로 79,경기도 용인시 기흥구 중동 862,031-324-4796,용인시박물관,https://www.youngin.go.kr/museum/index.do,,10:00,18:00,10:00,18:00,"매주 월요일,신정,설연휴,추석연휴",0,0,0,0,,,031-324-4796,용인시박물관,2024-11-29,4050000,경기도 용인시
전국박물관미술관정보표준데이터,https://www.data.go.kr/data/15017323/standard.do,2024-11-29,place,예아리박물관,사립,경기도 용인시,경기도 용인시 처인구 백암면 원설로270번길 25,37.14132389,127.3642612,예아리박물관을(를) 배경으로 관람 전후 동화를 만들 수 있다.,관람 전 예습 동화와 방문 후 기념 동화책 배경,전시실에서 마음에 드는 작품이나 물건을 찾아 가족과 이야기하기,5-7;8-10,박물관;미술관;예아리박물관,예아리박물관,사립,경기도 용인시 처인구 백암면 원설로270번길 25,경기도 용인시 처인구 백암면 근삼리 389-1,031-323-7277,예아리박물관,http://www.yearee.com,,10:00,18:00,10:00,18:00,"매주 월요일,설연휴,추석연휴",4000,4000,4000,15000,,,031-323-7277,예아리박물관,2024-11-29,4050000,경기도 용인시
전국박물관미술관정보표준데이터,https://www.data.go.kr/data/15017323/standard.do,2024-11-29,place,한국미술관,사립,경기도 용인시,경기도 용인시 기흥구 마북로 244-2,37.3089509,127.1319883,한국미술관을(를) 배경으로 관람 전후 동화를 만들 수 있다.,관람 전 예습 동화와 방문 후 기념 동화책 배경,전시실에서 마음에 드는 작품이나 물건을 찾아 가족과 이야기하기,5-7;8-10,박물관;미술관;한국미술관,한국미술관,사립,경기도 용인시 기흥구 마북로 244-2,경기도 용인시 기흥구 마북동 73-1,031-284-6418,한국미술관,www.hartm.com,,10:00,17:00,10:00,18:00,"매주 월요일,설연휴,추석연휴",3000,2000,1000,0,,,031-284-6418,한국미술관,2024-11-29,4050000,경기도 용인시
전국박물관미술관정보표준데이터,https://www.data.go.kr/data/15017323/standard.do,2025-08-26,place,남도전통미술관,공립,전라남도 진도군,전라남도 진도군 의신면 운림산방로 315,34.46699348,126.3083816,남종화의 본 고장인 진도군의 많은 예술인들의 삶과 문화·예술의 생명력이 살아있는 공간으로 무한한 창의의 가능성이 열려 있는 미술관입니다.,관람 전 예습 동화와 방문 후 기념 동화책 배경,전시실에서 마음에 드는 작품이나 물건을 찾아 가족과 이야기하기,5-7;8-10,박물관;미술관;남도전통미술관;남종화의;본;고장인;진도군의;많은;예술인들의;삶과;문화·예술의;생명력이,남도전통미술관,공립,전라남도 진도군 의신면 운림산방로 315,전라남도 진도군 의신면 사천리 61,061-540-6264,전라남도 진도군청,jindo.go.kr,,09:00,18:00,09:00,18:00,연중무휴,0,0,0,무료,남종화의 본 고장인 진도군의 많은 예술인들의 삶과 문화·예술의 생명력이 살아있는 공간으로 무한한 창의의 가능성이 열려 있는 미술관입니다.,,061-540-6264,전라남도 진도군청,2025-08-26,5000000,전라남도 진도군
전국박물관미술관정보표준데이터,https://www.data.go.kr/data/15017323/standard.do,2025-08-26,place,진도현대미술관,사립,전라남도 진도군,전라남도 진도군 진도읍 교동5길 30,34.48485654,126.2592679,진도군민과 관광객들로 하여금 다양한 문화 향수를 제공하고 문화 예술의 발전과 향을 위해 누구나 참여 가능한 체험 및 교육 프로그램을 운영하고 있다.,관람 전 예습 동화와 방문 후 기념 동화책 배경,전시실에서 마음에 드는 작품이나 물건을 찾아 가족과 이야기하기,5-7;8-10,박물관;미술관;진도현대미술관;진도군민과;관광객들로;하여금;다양한;문화;향수를;제공하고;예술의;발전과,진도현대미술관,사립,전라남도 진도군 진도읍 교동5길 30,전라남도 진도군 진도읍 교동리 545-2,061-542-6711,진도현대미술관,,,09:00,18:00,09:00,18:00,월,0,0,0,무료,진도군민과 관광객들로 하여금 다양한 문화 향수를 제공하고 문화 예술의 발전과 향을 위해 누구나 참여 가능한 체험 및 교육 프로그램을 운영하고 있다.,,061-540-3059,전라남도 진도군청,2025-08-26,5000000,전라남도 진도군
전국박물관미술관정보표준데이터,https://www.data.go.kr/data/15017323/standard.do,2023-06-16,place,독도박물관,공립,경상북도 울릉군,경상북도 울릉군 울릉읍 약수터길 90-17,37.48342003,130.9008821,독도박물관은 1997년 8월 8일 개관한 국내 유일의 영토박물관,관람 전 예습 동화와 방문 후 기념 동화책 배경,전시실에서 마음에 드는 작품이나 물건을 찾아 가족과 이야기하기,5-7;8-10,박물관;미술관;독도박물관;독도박물관은;1997년;8월;8일;개관한;국내;유일의;영토박물관,독도박물관,공립,경상북도 울릉군 울릉읍 약수터길 90-17,경상북도 울릉군 울릉읍 도동리 581-1,054-790-6436,독도박물관,http://www.dokdomuseum.go.kr/,장애인 및 노약자를 위한 엘리베이터,09:00,18:00,09:00,18:00,연중무휴,0,0,0,,독도박물관은 1997년 8월 8일 개관한 국내 유일의 영토박물관,,054-791-2191,경상북도 울릉군청,2023-06-16,5260000,경상북도 울릉군
전국박물관미술관정보표준데이터,https://www.data.go.kr/data/15017323/standard.do,2025-05-13,place,콩세유미술관,사립,경기도 파주시,경기도 파주시 광탄면 세류길 7,37.7389756417,126.8790261954,회화,관람 전 예습 동화와 방문 후 기념 동화책 배경,전시실에서 마음에 드는 작품이나 물건을 찾아 가족과 이야기하기,5-7;8-10,박물관;미술관;콩세유미술관;회화,콩세유미술관,사립,경기도 파주시 광탄면 세류길 7,경기도 파주시 광탄면 용미리 341,031-949-0654,콩세유미술관,http://conseilartmuseum.org,,10:00,18:00,10:00,18:00,연중무휴,5000,3000,3000,단체(10인 이상) 성인 3000원+초중고 2000원+무료(65세이상+파주 용미리 주민+장애인),회화,,031-940-4356,경기도 파주시청,2025-05-13,4060000,경기도 파주시
전국박물관미술관정보표준데이터,https://www.data.go.kr/data/15017323/standard.do,2025-04-15,place,무안군오승우미술관,공립,전라남도 무안군,전라남도 무안군 삼향읍 초의길 7,34.852575,126.4152438,오승우화백의 작품기증으로 2011-02-24 개관하여 문화예술의 발전을 촉구,관람 전 예습 동화와 방문 후 기념 동화책 배경,전시실에서 마음에 드는 작품이나 물건을 찾아 가족과 이야기하기,5-7;8-10,박물관;미술관;무안군오승우미술관;오승우화백의;작품기증으로;2011-02-24;개관하여;문화예술의;발전을;촉구,무안군오승우미술관,공립,전라남도 무안군 삼향읍 초의길 7,전라남도 무안군 삼향읍 왕산리 1020,061-450-5482,전라남도 무안군청,https://www.muan.go.kr/museum,주차장+화장실+카페테리어 등,09:00,18:00,09:00,18:00,매주 월요일+1월1일+추석 당일+설 당일,0,0,0,0,오승우화백의 작품기증으로 2011-02-24 개관하여 문화예술의 발전을 촉구,,061-450-5482,전라남도 무안군청 문화예술과,2025-04-15,4950000,전라남도 무안군
전국박물관미술관정보표준데이터,https://www.data.go.kr/data/15017323/standard.do,2025-06-26,place,국윤미술관,사립,광주광역시 동구,광주광역시 동구 의재로 82(소태동),35.131896,126.936533,"젊은 작가에서 중견, 원로 작가의 기획전과 초대전 중심으로 전시",관람 전 예습 동화와 방문 후 기념 동화책 배경,전시실에서 마음에 드는 작품이나 물건을 찾아 가족과 이야기하기,5-7;8-10,박물관;미술관;국윤미술관;젊은;작가에서;중견;원로;작가의;기획전과;초대전;중심으로;전시,국윤미술관,사립,광주광역시 동구 의재로 82(소태동),,062-232-7335,국윤미술관,http://cafe.daum.net/yywol,,10:00,18:00,10:00,18:00,월,0,0,0,,"젊은 작가에서 중견, 원로 작가의 기획전과 초대전 중심으로 전시",,062-232-7335,국윤미술관,2025-06-26,3590000,광주광역시 동구
전국박물관미술관정보표준데이터,https://www.data.go.kr/data/15017323/standard.do,2025-06-26,place,은암미술관,사립,광주광역시 동구,광주광역시 동구 서석로 85번길8-12(대의동),35.150012,126.920655,"신진작가 발굴과 작고한 작가들의 작품전시, 기획전과 초대전 중심으로 운영하고 있으며, 국립아시아문화전당과 인접하여 미술인들 뿐만 아니라 시민의 소통장 역할을 하고 있음",관람 전 예습 동화와 방문 후 기념 동화책 배경,전시실에서 마음에 드는 작품이나 물건을 찾아 가족과 이야기하기,5-7;8-10,박물관;미술관;은암미술관;신진작가;발굴과;작고한;작가들의;작품전시;기획전과;초대전;중심으로;운영하고,은암미술관,사립,광주광역시 동구 서석로 85번길8-12(대의동),,062-231-5299,(사)동아시아미술교류협회운영,http://www.eunam.org,,10:00,18:00,10:00,18:00,일,0,0,0,,"신진작가 발굴과 작고한 작가들의 작품전시, 기획전과 초대전 중심으로 운영하고 있으며, 국립아시아문화전당과 인접하여 미술인들 뿐만 아니라 시민의 소통장 역할을 하고 있음",,062-231-5299,은암미술관,2025-06-26,3590000,광주광역시 동구
전국박물관미술관정보표준데이터,https://www.data.go.kr/data/15017323/standard.do,2025-06-26,place,주안미술관,사립,광주광역시 동구,광주광역시 동구 제봉로 197(대인동),35.153376,126.9156606,"주안미술관은 대인예술시장, 예술의 거리, 아시아문화전당에 인접한 위치에 있어 접근성이 용이한 이점을 갖고 있다. 이러한 지리적 이점을 활용하여 젊은 작가들을 후원 및 양성하고 지역민과 예술가의 소통의 장이 될 수 있는 든든한 조력자로써 시민들의 삶의 질 향상에 이바지",관람 전 예습 동화와 방문 후 기념 동화책 배경,전시실에서 마음에 드는 작품이나 물건을 찾아 가족과 이야기하기,5-7;8-10,박물관;미술관;주안미술관;주안미술관은;대인예술시장;예술의;거리;아시아문화전당에;인접한;위치에;있어;접근성이,주안미술관,사립,광주광역시 동구 제봉로 197(대인동),,062-222-2083,주안미술관,https://www.facebook.com/juanmoa14,,09:30,19:00,09:30,19:00,월,0,0,0,,"주안미술관은 대인예술시장, 예술의 거리, 아시아문화전당에 인접한 위치에 있어 접근성이 용이한 이점을 갖고 있다. 이러한 지리적 이점을 활용하여 젊은 작가들을 후원 및 양성하고 지역민과 예술가의 소통의 장이 될 수 있는 든든한 조력자로써 시민들의 삶의 질 향상에 이바지",,062-222-2083,주안미술관,2025-06-26,3590000,광주광역시 동구
전국박물관미술관정보표준데이터,https://www.data.go.kr/data/15017323/standard.do,2025-06-26,place,드영미술관,사립,광주광역시 동구,광주광역시 동구 성촌길 6(운림동),35.134298,126.953481,"복합미술공간인 드영미술관에서는 전시공간과 교육실을 활용한 기획전시, 특별전시, 상설전시, 성인강좌, 어린이 뮤지엄교육, 심포지엄, 워크샵 등의 전시 및 교육행사들을 다채롭고 지속적으로 추진",관람 전 예습 동화와 방문 후 기념 동화책 배경,전시실에서 마음에 드는 작품이나 물건을 찾아 가족과 이야기하기,5-7;8-10,박물관;미술관;드영미술관;복합미술공간인;드영미술관에서는;전시공간과;교육실을;활용한;기획전시;특별전시;상설전시;성인강좌,드영미술관,사립,광주광역시 동구 성촌길 6(운림동),,062-223-6515,드영미술관,http://www.deyoungmuseum.co.kr/,주차 15대,10:00,18:00,10:00,18:00,월,0,0,0,,"복합미술공간인 드영미술관에서는 전시공간과 교육실을 활용한 기획전시, 특별전시, 상설전시, 성인강좌, 어린이 뮤지엄교육, 심포지엄, 워크샵 등의 전시 및 교육행사들을 다채롭고 지속적으로 추진",,062-223-6515,드영미술관,2025-06-26,3590000,광주광역시 동구
전국박물관미술관정보표준데이터,https://www.data.go.kr/data/15017323/standard.do,2025-06-25,place,백영수미술관,사립,경기도 의정부시,경기도 의정부시 안말로58번안길 55-1,37.71369448,127.0444385,"비영리재단법인 백영수미술문화재단 산하 (재)백영수미술관은 사회 환원된 공익기관으로서 1970년대부터 소유한 의정부백영수작업실 터에 설립된 의정부 1호 등록미술관임. 한국최초의 추상미술그룹인 신사실파 중 1인으로 35년간의 프랑스에서의 작품 등, 화가백영수(1922~2018)의 일생을 통해 남긴 미술작품들을 기념, 보존, 연구하며 미술문화 전시, 교육사업 등 지역 문화발전과 한국미술문화진흥에 이바지함을 목적으로 함.",관람 전 예습 동화와 방문 후 기념 동화책 배경,전시실에서 마음에 드는 작품이나 물건을 찾아 가족과 이야기하기,5-7;8-10,박물관;미술관;백영수미술관;비영리재단법인;백영수미술문화재단;산하;(재)백영수미술관은;사회;환원된;공익기관으로서;1970년대부터;소유한,백영수미술관,사립,경기도 의정부시 안말로58번안길 55-1,경기도 의정부시 호원동 260-13,031-873-4613,재단법인 백영수미술문화재단,http://blog.naver.com/pysmuseum,남/녀 화장실,10:00,18:00,10:00,18:00,월+1월1일+설연휴+추석연휴,5000,3000,2000,의정부시민 4000원+군인 3000원+4세 미만 무료,"비영리재단법인 백영수미술문화재단 산하 (재)백영수미술관은 사회 환원된 공익기관으로서 1970년대부터 소유한 의정부백영수작업실 터에 설립된 의정부 1호 등록미술관임. 한국최초의 추상미술그룹인 신사실파 중 1인으로 35년간의 프랑스에서의 작품 등, 화가백영수(1922~2018)의 일생을 통해 남긴 미술작품들을 기념, 보존, 연구하며 미술문화 전시, 교육사업 등 지역 문화발전과 한국미술문화진흥에 이바지함을 목적으로 함.","· 지하철 - 1호선 망월사역 2번 출구로 나와 도보 566m(9분 소요)· 버스 - ‘안말, 병무청, 호원예비군훈련장앞’ 정류장 하차 후 도보 432m(6분 소요)(5, 7, 10, 36, 39, 39-1, 39-4, 72, 72-3, 118, 133, 106, 108, 203, 203-1, 203-2A, 206-1)· 승용차 [도봉산역 방면에서 오실 경우]평화로-평화로 243번길 새마을금고방향 좌회전 161m 직진 → 안말어린이집에서 우회전 92m직진  [회룡역 방면에서 오실 경우]평화로-평화로 243번길 새마을금고 방향 우회전 161m 직진 → 안말어린이집에서 우회전 92m직진",031-873-4613,재단법인 백영수미술문화재단,2025-06-25,3820000,경기도 의정부시
전국박물관미술관정보표준데이터,https://www.data.go.kr/data/15017323/standard.do,2023-01-11,place,예송미술관,공립,서울특별시 송파구,서울특별시 송파구 백제고분로 242,37.50235785,127.0934902,송파구민들에게 수준 높은 문화향유의 기회를 제공하기 위하여 다채로운 기획전시 및 송파에서 활동하는 시각예술가들의 창작활동을 지원하고 있습니다.,관람 전 예습 동화와 방문 후 기념 동화책 배경,전시실에서 마음에 드는 작품이나 물건을 찾아 가족과 이야기하기,5-7;8-10,박물관;미술관;예송미술관;송파구민들에게;수준;높은;문화향유의;기회를;제공하기;위하여;다채로운;기획전시,예송미술관,공립,서울특별시 송파구 백제고분로 242,서울특별시 송파구 삼전동 62-2,02-2147-2810,서울특별시 송파구청,http://www.songpa.go.kr,미술관,10:00,18:00,00:00,00:00,일+법정공휴일,0,0,0,,송파구민들에게 수준 높은 문화향유의 기회를 제공하기 위하여 다채로운 기획전시 및 송파에서 활동하는 시각예술가들의 창작활동을 지원하고 있습니다.,2호선 종합운동장 4번출구 : 350+3314+3417+34182호선 잠실역 5번출구 : 3314+33158호선 석촌역 7번출구 : 340+350+3012,02-2147-2810,서울특별시 송파구청,2023-01-11,3230000,서울특별시 송파구
전국박물관미술관정보표준데이터,https://www.data.go.kr/data/15017323/standard.do,2023-01-11,place,한국광고박물관,사립,서울특별시 송파구,서울특별시 송파구 올림픽로35길 137,37.51592726,127.0996432,"한국광고박물관은 광고산업과 광고문화 발전을 위한 광고인프라시설로서 2008년 11월 7일에 개관하였습니다. 광고박물관은 한국의 광고역사, 광고의 순기능, 광고제작과정 등을 유물, 광고자료, 멀티미디어 체험을 통해 이해 할 수 있는 광고 전문박물관으로서 국내 유일의 디지털아카이브관을 구축하여 사라져 가는 역사적인 영상 인쇄광고 자료를 보존하고 있습니다",관람 전 예습 동화와 방문 후 기념 동화책 배경,전시실에서 마음에 드는 작품이나 물건을 찾아 가족과 이야기하기,5-7;8-10,박물관;미술관;한국광고박물관;한국광고박물관은;광고산업과;광고문화;발전을;위한;광고인프라시설로서;2008년;11월;7일에,한국광고박물관,사립,서울특별시 송파구 올림픽로35길 137,서울특별시 송파구 신천동 7-11,02-2144-0116,한국방송광고진흥공사,http://admuseum.kobaco.co.kr/main.jsp,박물관,09:30,17:30,00:00,00:00,월+법정공휴일,0,0,0,,"한국광고박물관은 광고산업과 광고문화 발전을 위한 광고인프라시설로서 2008년 11월 7일에 개관하였습니다. 광고박물관은 한국의 광고역사, 광고의 순기능, 광고제작과정 등을 유물, 광고자료, 멀티미디어 체험을 통해 이해 할 수 있는 광고 전문박물관으로서 국내 유일의 디지털아카이브관을 구축하여 사라져 가는 역사적인 영상 인쇄광고 자료를 보존하고 있습니다","지하철 2,8호선 잠실역 7번 출구 도보 5분+간선버스(301+320+303+360+362+730)+지선버스(2225+2311+2412+3215+3216+3217+3312+3313+3314+3315+3411+3412+3413+3414+3415)+광역버스(9202+ 9203+9403)+공항버스(600+606)+승용차 유료 주차",02-2144-0116,한국방송광고진흥공사,2023-01-11,3230000,서울특별시 송파구
전국박물관미술관정보표준데이터,https://www.data.go.kr/data/15017323/standard.do,2023-01-11,place,소마미술관,사립,서울특별시 송파구,서울특별시 송파구 위례성대로 51,37.51686487,127.1181845,소마미술관은 국민체육진흥공단이 국민의 예술적 정서함양을 위하여 2004년 9월 개관한 대중지향적 문화예술공간입니다.,관람 전 예습 동화와 방문 후 기념 동화책 배경,전시실에서 마음에 드는 작품이나 물건을 찾아 가족과 이야기하기,5-7;8-10,박물관;미술관;소마미술관;소마미술관은;국민체육진흥공단이;국민의;예술적;정서함양을;위하여;2004년;9월;개관한,소마미술관,사립,서울특별시 송파구 위례성대로 51,서울특별시 송파구 방이동 88-21,02-425-1077,국민체육진흥공단,http://soma.kspo.or.kr/,미술관,10:00,18:00,10:00,18:00,월+1월 1일+설 당일+추석 당일,3000,2000,1000,무료(만65세이상+국가유공자+장애인(1~3급이상동반1인까지 무료),소마미술관은 국민체육진흥공단이 국민의 예술적 정서함양을 위하여 2004년 9월 개관한 대중지향적 문화예술공간입니다.,올림픽공원 평화의문광장 정류장 일반버스30일반버스30-5파란버스340녹색버스3412녹색버스3413 올림픽공원 정류장 일반버스30일반버스30-5녹색버스3412녹색버스34138호선 몽촌토성역8번 출구 / 평화의 문 내에서 오른편으로 200M 도보,02-410-1070,스포츠레져사업본부,2023-01-11,3230000,서울특별시 송파구
전국박물관미술관정보표준데이터,https://www.data.go.kr/data/15017323/standard.do,2023-01-11,place,서울올림픽기념관,사립,서울특별시 송파구,서울특별시 송파구 올림픽로 424,37.5203397,127.1155179,"서울올림픽기념관은 서울올림픽의 영광을 재조명하고 올림픽 정신을 계승 발전시키기위함으로 지금은 다양한 이벤트 프로그램의 운영, 사이버 기념관의 활성화 및 스포츠센터와 연계한 체험학습 프로그램개발, 올림픽 기념사업등을 시민들이 참여하고 즐길수 있는 열려있는 공간으로 구성되어 있다",관람 전 예습 동화와 방문 후 기념 동화책 배경,전시실에서 마음에 드는 작품이나 물건을 찾아 가족과 이야기하기,5-7;8-10,박물관;미술관;서울올림픽기념관;서울올림픽기념관은;서울올림픽의;영광을;재조명하고;올림픽;정신을;계승;발전시키기위함으로;지금은,서울올림픽기념관,사립,서울특별시 송파구 올림픽로 424,서울특별시 송파구 방이동 88,02-410-1354,국민체육진흥공단,http://88olympic.kspo.or.kr,기념관,10:00,18:00,10:00,18:00,월+1월 1일+설 당일+추석 당일,0,0,0,,"서울올림픽기념관은 서울올림픽의 영광을 재조명하고 올림픽 정신을 계승 발전시키기위함으로 지금은 다양한 이벤트 프로그램의 운영, 사이버 기념관의 활성화 및 스포츠센터와 연계한 체험학습 프로그램개발, 올림픽 기념사업등을 시민들이 참여하고 즐길수 있는 열려있는 공간으로 구성되어 있다",승용차 :올림픽회관(서1문) 또는 올림픽파크텔(서2문) 입구 이용지하철 :8호선 몽촌토성역 하차 1번출구 (도보 약 4분),02-410-1354,국민체육진흥공단,2023-01-11,3230000,서울특별시 송파구
전국박물관미술관정보표준데이터,https://www.data.go.kr/data/15017323/standard.do,2023-01-11,place,롯데월드민속박물관,사립,서울특별시 송파구,서울특별시 송파구 올림픽로 240,37.51130961,127.0981418,"구석기시대부터 일제강점기까지의 우리역사를 시대별로 구분하여 실제유물과 함께 모형으로 재현하여 알기 쉽고 재미있게 관람이 가능하도록 전시되어 있습니다. 특히, 모형촌은 8분의 1로 축소된 2천여 점의 인형을 이용하여 조선시대의 사계절과 세시풍속,관혼상제, 양반과 서민들의 생활모습을 사실적으로 표현하였습니다.",관람 전 예습 동화와 방문 후 기념 동화책 배경,전시실에서 마음에 드는 작품이나 물건을 찾아 가족과 이야기하기,5-7;8-10,박물관;미술관;롯데월드민속박물관;구석기시대부터;일제강점기까지의;우리역사를;시대별로;구분하여;실제유물과;함께;모형으로;재현하여,롯데월드민속박물관,사립,서울특별시 송파구 올림픽로 240,서울특별시 송파구 잠실동 40-1,1661-2000,㈜롯데호텔,http://www.lotteworld.com,박물관,11:00,19:00,11:00,20:00,연중무휴,5000,3000,3200,"65세이상 -청소년요금적용장애인,국가유공자는 증 보유시 (동반1인포함) : 단체요금으로 적용","구석기시대부터 일제강점기까지의 우리역사를 시대별로 구분하여 실제유물과 함께 모형으로 재현하여 알기 쉽고 재미있게 관람이 가능하도록 전시되어 있습니다. 특히, 모형촌은 8분의 1로 축소된 2천여 점의 인형을 이용하여 조선시대의 사계절과 세시풍속,관혼상제, 양반과 서민들의 생활모습을 사실적으로 표현하였습니다.","버스지선버스지선버스 3217번+3313번+3314번+3315번+3317번+3411번+3414번+4319번급행열차급행열차 1007-1번+1100번+1700번+2000번+6900번+7007번+8001번간선버스간선버스 301번+341번+360번+362번공항버스공항버스 6000번+6006번+6705번+6706A번지하철 2호선 잠실역 4번출구 하차,",1661-2000,㈜롯데호텔,2023-01-11,3230000,서울특별시 송파구
전국박물관미술관정보표준데이터,https://www.data.go.kr/data/15017323/standard.do,2023-01-11,place,한미사진미술관,사립,서울특별시 송파구,"서울특별시 송파구 위례성대로14, 한미타워 19.20층",37.51659259,127.1139562,"한미사진미술관은 전시를 비롯하여 작가지원 및 학술, 출판, 국제 교류 등의 활동을 하는 한편, 사진문화예술의 활성화를 위해 활동하는 문화예술 단체들을 후원함으로서 상호협력체계를 형성하고 함께 성장할 수 있는 기회를 가지는데 목적이 있습니다. 특히, 한국 근·현대사진을 소장 및 연구함으로서 한국사진사의 체계화를 위해 노력하고 있습니다",관람 전 예습 동화와 방문 후 기념 동화책 배경,전시실에서 마음에 드는 작품이나 물건을 찾아 가족과 이야기하기,5-7;8-10,박물관;미술관;한미사진미술관;한미사진미술관은;전시를;비롯하여;작가지원;및;학술;출판;국제;교류,한미사진미술관,사립,"서울특별시 송파구 위례성대로14, 한미타워 19.20층",서울특별시 송파구 방이동 45,02-418-1315,가현문화재단,http://www.photomuseum.or.kr/,미술관,10:00,19:00,11:00,18:30,매주일요일,6000,5000,0,1000원 할인(10인 이상 단체 (* 관람료는 전시에 따라 달라집니다.))+할인(사진전공 학생+송파구민(신분증 확인))+무료(10인이상 경로단체(65세 이상)+장애우+미취학 아동+국가유공자),"한미사진미술관은 전시를 비롯하여 작가지원 및 학술, 출판, 국제 교류 등의 활동을 하는 한편, 사진문화예술의 활성화를 위해 활동하는 문화예술 단체들을 후원함으로서 상호협력체계를 형성하고 함께 성장할 수 있는 기회를 가지는데 목적이 있습니다. 특히, 한국 근·현대사진을 소장 및 연구함으로서 한국사진사의 체계화를 위해 노력하고 있습니다",지하철 :8호선 몽촌토성역 2번 출구 50m 직진 올림픽 공원 평화의 문 맞은편 한미타워 19+20층버스 : 30+30-5+333+3412+3413 _ 올릭픽공원역 하차,02-418-1315,가현문화재단,2023-01-11,3230000,서울특별시 송파구
전국박물관미술관정보표준데이터,https://www.data.go.kr/data/15017323/standard.do,2024-03-18,place,피노키오박물관(하슬라아트월드),사립,강원특별자치도 강릉시,강원특별자치도 강릉시 강동면 율곡로 1441,37.70545629,129.0078449,피노키오박물관(하슬라아트월드)을(를) 배경으로 관람 전후 동화를 만들 수 있다.,관람 전 예습 동화와 방문 후 기념 동화책 배경,전시실에서 마음에 드는 작품이나 물건을 찾아 가족과 이야기하기,5-7;8-10,박물관;미술관;피노키오박물관(하슬라아트월드),피노키오박물관(하슬라아트월드),사립,강원특별자치도 강릉시 강동면 율곡로 1441,,033-644-9411,하슬라아트월드,,,09:00,18:00,09:00,18:00,연중무휴,12000,12000,11000,,,,033-640-5117,강원특별자치도 강릉시청 문화예술과,2024-03-18,4201000,강원특별자치도 강릉시
전국박물관미술관정보표준데이터,https://www.data.go.kr/data/15017323/standard.do,2024-03-18,place,환희컵박물관,사립,강원특별자치도 강릉시,강원특별자치도 강릉시 해안로 10,37.7744783,128.9430975,환희컵박물관을(를) 배경으로 관람 전후 동화를 만들 수 있다.,관람 전 예습 동화와 방문 후 기념 동화책 배경,전시실에서 마음에 드는 작품이나 물건을 찾아 가족과 이야기하기,5-7;8-10,박물관;미술관;환희컵박물관,환희컵박물관,사립,강원특별자치도 강릉시 해안로 10,,033-661-3413,환희컵박물관,,,09:00,18:00,09:00,18:00,월(부정기적),10000,5000,5000,,,,033-640-5117,강원특별자치도 강릉시청 문화예술과,2024-03-18,4201000,강원특별자치도 강릉시
전국박물관미술관정보표준데이터,https://www.data.go.kr/data/15017323/standard.do,2024-03-18,place,강릉선교장박물관,사립,강원특별자치도 강릉시,강원특별자치도 강릉시 운정길 63,37.7872994,128.8845418,강릉선교장박물관을(를) 배경으로 관람 전후 동화를 만들 수 있다.,관람 전 예습 동화와 방문 후 기념 동화책 배경,전시실에서 마음에 드는 작품이나 물건을 찾아 가족과 이야기하기,5-7;8-10,박물관;미술관;강릉선교장박물관,강릉선교장박물관,사립,강원특별자치도 강릉시 운정길 63,,033-646-3270,㈜배다리문화원,,,09:00,18:00,09:00,18:00,연중무휴,5000,3000,2000,,,,033-640-5117,강원특별자치도 강릉시청 문화예술과,2024-03-18,4201000,강원특별자치도 강릉시
전국박물관미술관정보표준데이터,https://www.data.go.kr/data/15017323/standard.do,2024-03-18,place,디자인씽킹뮤지엄,사립,강원특별자치도 강릉시,강원특별자치도 강릉시 구정면 정등로 130,37.72922013,128.8741651,디자인씽킹뮤지엄을(를) 배경으로 관람 전후 동화를 만들 수 있다.,관람 전 예습 동화와 방문 후 기념 동화책 배경,전시실에서 마음에 드는 작품이나 물건을 찾아 가족과 이야기하기,5-7;8-10,박물관;미술관;디자인씽킹뮤지엄,디자인씽킹뮤지엄,사립,강원특별자치도 강릉시 구정면 정등로 130,,033-823-2700,디자인씽킹뮤지엄,,,09:00,18:00,00:00,00:00,공휴일+비정기 휴무일(코로나로 일정하지 않음),0,0,0,,,,033-640-5117,강원특별자치도 강릉시청 문화예술과,2024-03-18,4201000,강원특별자치도 강릉시
전국박물관미술관정보표준데이터,https://www.data.go.kr/data/15017323/standard.do,2025-01-24,place,전북특별자치도산림박물관,공립,전북특별자치도 순창군,전북특별자치도 순창군 복흥면 추령로 1777,35.47714115,126.9257287,전북특별자치도산림박물관을(를) 배경으로 관람 전후 동화를 만들 수 있다.,관람 전 예습 동화와 방문 후 기념 동화책 배경,전시실에서 마음에 드는 작품이나 물건을 찾아 가족과 이야기하기,5-7;8-10,박물관;미술관;전북특별자치도산림박물관,전북특별자치도산림박물관,공립,전북특별자치도 순창군 복흥면 추령로 1777,,063-290-5517,전북특별자치도 산림환경연구원,http://forest.jb.go.kr/forestmuseum,,09:00,18:00,09:00,18:00,"1월 1일+설날+추석+매주 월요일(단, 월요일이 공휴일인 경우는 그 다음날)",0,0,0,,,,063-290-5517,전북특별자치도산림환경연구원,2025-01-24,6540000,전북특별자치도
전국박물관미술관정보표준데이터,https://www.data.go.kr/data/15017323/standard.do,2025-01-24,place,전북특별자치도립미술관,공립,전북특별자치도 완주군,전북특별자치도 완주군 구이면 모악산길 111-6,35.72770556,127.1069245,전북특별자치도립미술관을(를) 배경으로 관람 전후 동화를 만들 수 있다.,관람 전 예습 동화와 방문 후 기념 동화책 배경,전시실에서 마음에 드는 작품이나 물건을 찾아 가족과 이야기하기,5-7;8-10,박물관;미술관;전북특별자치도립미술관,전북특별자치도립미술관,공립,전북특별자치도 완주군 구이면 모악산길 111-6,,063-290-6888,전북특별자치도립미술관,https://www.jma.go.kr/,,10:00,18:00,10:00,18:00,1월 1일+설날+추석+매주 월요일,0,0,0,0,,,063-290-6888,전북특별자치도립미술관,2025-01-24,6540000,전북특별자치도
전국박물관미술관정보표준데이터,https://www.data.go.kr/data/15017323/standard.do,2025-04-30,place,대구보건대학교 인당박물관,대학,대구광역시 북구,대구광역시 북구 영송로 15(태전동),35.92684373,128.5440255,"개관 이래 유물의 수집과 보존, 전시 등을 통해 전통문화를 계승하고 있으며, 매년 봄 가을 2차례 특별전을 개최하여 지역민들에게 가치있는 문화를 향유할 수 있는 기회를 제공하고자 노력하고 있음",관람 전 예습 동화와 방문 후 기념 동화책 배경,전시실에서 마음에 드는 작품이나 물건을 찾아 가족과 이야기하기,5-7;8-10,박물관;미술관;대구보건대학교;인당박물관;개관;이래;유물의;수집과;보존;전시;등을;통해,대구보건대학교 인당박물관,대학,대구광역시 북구 영송로 15(태전동),대구광역시 북구 태전동 산 6-6,053-320-1857,대구보건대학교,https://museum.dhc.ac.kr/main,제1전시실+제2전시실+제3전시실+제4전시실+제5전시실+야외전시장,10:00,17:00,00:00,00:00,공휴일+토요일+일요일 휴관+전시 기간 중 월요일 휴관,0,0,0,일반인 관람 가능,"개관 이래 유물의 수집과 보존, 전시 등을 통해 전통문화를 계승하고 있으며, 매년 봄 가을 2차례 특별전을 개최하여 지역민들에게 가치있는 문화를 향유할 수 있는 기회를 제공하고자 노력하고 있음","버스:724, 750, 726, 527, 704, 급행3",053-320-1857,대구보건대학교,2025-04-30,3450000,대구광역시 북구
전국박물관미술관정보표준데이터,https://www.data.go.kr/data/15017323/standard.do,2025-04-30,place,경북대학교 미술관,대학,대구광역시 북구,대구광역시 북구 대학로 80(산격동),35.88909849,128.6143217,지역 최초로 설립된 대학미술관이자 공공미술관으로 전시 및 다양한 학술행사와 교육프로그램을 개발 운영하고 있음,관람 전 예습 동화와 방문 후 기념 동화책 배경,전시실에서 마음에 드는 작품이나 물건을 찾아 가족과 이야기하기,5-7;8-10,박물관;미술관;경북대학교;지역;최초로;설립된;대학미술관이자;공공미술관으로;전시;및;다양한;학술행사와,경북대학교 미술관,대학,대구광역시 북구 대학로 80(산격동),대구광역시 북구 산격동 1370-1,053-950-7968,경북대학교,http://artmuseum.knu.ac.kr,제1전시실+제2전시실+제3전시실,10:00,18:00,00:00,00:00,일요일+국정공휴일,0,0,0,기획전 또는 특별전의 경우 관람료가 책정될 수 있음,지역 최초로 설립된 대학미술관이자 공공미술관으로 전시 및 다양한 학술행사와 교육프로그램을 개발 운영하고 있음,"버스:북문정차(300, 306, 410, 410-1, 523, 706, 719, 급행6), 정문정차(410,410-1, 503, 937, 동구2, 북구2), 서문정차(304, 306, 403, 410, 523, 623, 급행6, 순환2-1)+지하철:1호선 칠성역서운프라자 출구, 신천역 5번 출구",053-950-7968,경북대학교,2025-04-30,3450000,대구광역시 북구
전국박물관미술관정보표준데이터,https://www.data.go.kr/data/15017323/standard.do,2025-04-30,place,대구교육박물관,공립,대구광역시 북구,대구광역시 북구 대동로1길 40(산격동),35.89736822,128.6118404,"교육수도 대구의 교육 사료의 체계적인 수집· 보존과 세대 간 공감을 위한 교육역사 체험공간을 마련하고, 시민·지역사회와 함께 하는 지역문화 공간의 창출을 위해 옛 대구대동초등학교를 리모델링하여 대구교육박물관을 설립하였다. 7개의 전시실과 5개의 체험실을 갖추고 다양한 볼거리와 즐길거리를 제공하고 있으며, 교육과 관련된 수준 높은 교육프로그램과 대구의 숨은 교육과 역사 이야기가 담긴 전시유물을 만나볼 수 있다.",관람 전 예습 동화와 방문 후 기념 동화책 배경,전시실에서 마음에 드는 작품이나 물건을 찾아 가족과 이야기하기,5-7;8-10,박물관;미술관;대구교육박물관;교육수도;대구의;교육;사료의;체계적인;수집·;보존과;세대;간,대구교육박물관,공립,대구광역시 북구 대동로1길 40(산격동),대구광역시 북구 산격동 1285,053-231-1790,대구광역시교육청,http://www.dge.go.kr,교육역사관+주제전시실+고고학체험실 등,09:30,18:00,09:30,18:00,1월1일+추석+설날+매주 월요일,0,0,0,일반인 관람 가능,"교육수도 대구의 교육 사료의 체계적인 수집· 보존과 세대 간 공감을 위한 교육역사 체험공간을 마련하고, 시민·지역사회와 함께 하는 지역문화 공간의 창출을 위해 옛 대구대동초등학교를 리모델링하여 대구교육박물관을 설립하였다. 7개의 전시실과 5개의 체험실을 갖추고 다양한 볼거리와 즐길거리를 제공하고 있으며, 교육과 관련된 수준 높은 교육프로그램과 대구의 숨은 교육과 역사 이야기가 담긴 전시유물을 만나볼 수 있다.","버스:복현우체국 건너 하차 : 300, 306, 410-1, 523, 706, 719, 복현우체국 앞 하차 : 300, 306, 410, 523, 706, 719, 산격종합시장 앞 하차 : 북구1, 북구2. 101, 304, 323, 623, 706, 836, 순환3, 산격대우아파트 앞 하차 : 북구1, 북구2. 101-1, 304, 323-1,623, 706, 836, 순환3-1, 101, 304, 323, 623, 706, 836+지하철:1호선 동구청 역에서 하차하여 4번 출구로 나와 큰고개 오거리 방향으로 이동 후  아래 버스로 환승 하시고 산격 대우아파트 앞 정류장에서 하차(횡단보도 건너편에 대구교육박물관이 위치하고 있습니다.), 간선: 836, 순환: 순환3-1",053-231-1790,대구광역시교육청,2025-04-30,3450000,대구광역시 북구
전국박물관미술관정보표준데이터,https://www.data.go.kr/data/15017323/standard.do,2025-05-01,place,극재미술관,대학,대구광역시 남구,"대구광역시 남구 명덕로 104, 계명대학교 2층 동산관(대명동)",35.85552317,128.5793157,1999년 10월 대명캠퍼스 동산관에 개관한 극재미술관은 2008년 9월 한국 추상화의 거목 극재 정점식 화백의 예술과 교육철학을 본받고자 극재미술관으로 명명하고 상설전시관을 갖추어 운영됨.,관람 전 예습 동화와 방문 후 기념 동화책 배경,전시실에서 마음에 드는 작품이나 물건을 찾아 가족과 이야기하기,5-7;8-10,박물관;미술관;극재미술관;1999년;10월;대명캠퍼스;동산관에;개관한;극재미술관은;2008년;9월;한국,극재미술관,대학,"대구광역시 남구 명덕로 104, 계명대학교 2층 동산관(대명동)",대구광역시 남구 대명동 2139-11,053-620-2381,계명대학교,https://newcms.kmu.ac.kr/sites/gukje/index.do,,10:00,18:00,00:00,00:00,토+일+공휴일,0,0,0,,1999년 10월 대명캠퍼스 동산관에 개관한 극재미술관은 2008년 9월 한국 추상화의 거목 극재 정점식 화백의 예술과 교육철학을 본받고자 극재미술관으로 명명하고 상설전시관을 갖추어 운영됨.,,053-620-2381,계명대학교,2025-05-01,3440000,대구광역시 남구
전국박물관미술관정보표준데이터,https://www.data.go.kr/data/15017323/standard.do,2025-05-07,place,계명대학교 성서캠퍼스행소박물관,대학,대구광역시 달서구,대구광역시 달서구 달구벌대로 1095,35.85355435,128.4814938,"대구, 경북지역의 신석기시대부터 조선시대에 이르는 다양한 유적의 발굴조사 및 연구를 수행했으며, 다양한 특별전시 개최 및 사회교육 프로그램을 활발히 수행하여 지역 중심 박물관으로 도약하고 있음",관람 전 예습 동화와 방문 후 기념 동화책 배경,전시실에서 마음에 드는 작품이나 물건을 찾아 가족과 이야기하기,5-7;8-10,박물관;미술관;계명대학교;성서캠퍼스행소박물관;대구;경북지역의;신석기시대부터;조선시대에;이르는;다양한;유적의;발굴조사,계명대학교 성서캠퍼스행소박물관,대학,대구광역시 달서구 달구벌대로 1095,대구광역시 달서구 신당동 1000-2,053-580-6992,행소박물관,http://www.hengsomuseum.com,카페,10:00,17:00,10:00,17:00,일요일+1월 1일+설 당일+추석 당일,0,0,0,,"대구, 경북지역의 신석기시대부터 조선시대에 이르는 다양한 유적의 발굴조사 및 연구를 수행했으며, 다양한 특별전시 개최 및 사회교육 프로그램을 활발히 수행하여 지역 중심 박물관으로 도약하고 있음","버스: 급행1, 달서3, 성서1, 성서1-1, 성서2, 425, 503, 527, 564, 655+지하철: 2호선 계명대역(도보 7분)",053-667-2301,대구광역시 달서구청,2025-05-07,3470000,대구광역시 달서구
전국박물관미술관정보표준데이터,https://www.data.go.kr/data/15017323/standard.do,2025-04-17,place,남해유배문학관,공립,경상남도 남해군,경상남도 남해군 남해읍 남해대로 2745,34.83195858,127.899138,국내 최대 문학관으로 최초로 유배객과 문학에 관한 전시공간,관람 전 예습 동화와 방문 후 기념 동화책 배경,전시실에서 마음에 드는 작품이나 물건을 찾아 가족과 이야기하기,5-7;8-10,박물관;미술관;남해유배문학관;국내;최대;문학관으로;최초로;유배객과;문학에;관한;전시공간,남해유배문학관,공립,경상남도 남해군 남해읍 남해대로 2745,경상남도 남해군 남해읍 남변리 555,055-860-8626,경상남도 남해군청,https://www.namhae.go.kr/tour/00008/00022/00168.web,야외공원+주차장+화장실+물품보관소,09:00,18:00,09:00,18:00,월(단 월요일이 공휴일인 경우 당일은 개관하고 그 다음날 휴관)+설 당일+추석 당일,2000,1500,1000,무료(단체할인+65세 이상+장애우+군민),국내 최대 문학관으로 최초로 유배객과 문학에 관한 전시공간,"버스:401,402,403,404,500+자가용 이용",055-860-8621,경상남도 남해군청 문화체육과,2025-04-17,5430000,경상남도 남해군
전국박물관미술관정보표준데이터,https://www.data.go.kr/data/15017323/standard.do,2025-04-17,place,보물섬마늘나라,공립,경상남도 남해군,경상남도 남해군 이동면 남해대로 2443,34.81705961,127.9248025,"보물섬 마늘나라 마늘에 관한 학술적인 연구 자료 수집·활용, 품질향상을 위한 실증시범과 체계적인 마늘연구를 통해 보물섬 남해마늘의 우수성 홍보",관람 전 예습 동화와 방문 후 기념 동화책 배경,전시실에서 마음에 드는 작품이나 물건을 찾아 가족과 이야기하기,5-7;8-10,박물관;미술관;보물섬마늘나라;보물섬;마늘나라;마늘에;관한;학술적인;연구;자료;수집·활용;품질향상을,보물섬마늘나라,공립,경상남도 남해군 이동면 남해대로 2443,경상남도 남해군 이동면 다정리 906,055-860-3986,경상남도 남해군 농업기술센터,,제1·2전시실+영상정보실+세미나실+중앙정원+마늘명품관,09:00,18:00,09:00,18:00,월+1월1일+설 당일+추석 당일,0,0,0,,"보물섬 마늘나라 마늘에 관한 학술적인 연구 자료 수집·활용, 품질향상을 위한 실증시범과 체계적인 마늘연구를 통해 보물섬 남해마늘의 우수성 홍보","버스:401,402,403,404,500+자가용 이용",055-860-3943,경상남도 남해군청 농업기술센터,2025-04-17,5430000,경상남도 남해군
전국박물관미술관정보표준데이터,https://www.data.go.kr/data/15017323/standard.do,2025-04-17,place,바래길작은미술관,공립,경상남도 남해군,경상남도 남해군 남면 남면로 1739번길 46-1,34.76768593,127.847836,주민들의 아픈 곳을 치료해주던 시골 보건소가 관람객의 마음을 치유하는 따스한 미술관으로 재탄생한 곳,관람 전 예습 동화와 방문 후 기념 동화책 배경,전시실에서 마음에 드는 작품이나 물건을 찾아 가족과 이야기하기,5-7;8-10,박물관;미술관;바래길작은미술관;주민들의;아픈;곳을;치료해주던;시골;보건소가;관람객의;마음을;치유하는,바래길작은미술관,공립,경상남도 남해군 남면 남면로 1739번길 46-1,경상남도 남해군 남면 평산리 1738-5,055-862-5557,경상남도 남해군청,https://www.namhae.go.kr/tour/00008/00023/00255.web,전시실(4개)+화장실,10:00,17:00,10:00,17:00,월(단 월요일이 공휴일인 경우 당일은 개관하고 그 다음날 휴관)+설 당일+추석 당일,0,0,0,,주민들의 아픈 곳을 치료해주던 시골 보건소가 관람객의 마음을 치유하는 따스한 미술관으로 재탄생한 곳,"버스:20,401,405+자가용 이용",055-860-8621,경상남도 남해군청 문화체육과,2025-04-17,5430000,경상남도 남해군
전국박물관미술관정보표준데이터,https://www.data.go.kr/data/15017323/standard.do,2024-11-26,place,오산리선사유적박물관,공립,강원특별자치도 양양군,강원특별자치도 양양군 손양면 학포길 33,38.085895,128.660472,"2007년 개관, 오산리 유적 및 지역 출토 선사 유물 전시, 사적 제394호 오산리 유적 내 위치, 야외시설, 쌍호 탐방로 등",관람 전 예습 동화와 방문 후 기념 동화책 배경,전시실에서 마음에 드는 작품이나 물건을 찾아 가족과 이야기하기,5-7;8-10,박물관;미술관;오산리선사유적박물관;2007년;개관;오산리;유적;및;지역;출토;선사;유물,오산리선사유적박물관,공립,강원특별자치도 양양군 손양면 학포길 33,강원특별자치도 양양군 손양면 오산리 51,033-670-2442,강원특별자치도 양양군청 문화체육과,https://www.yangyang.go.kr/gw/osm,주차장+화장실+자전거보관대,09:00,18:00,09:00,18:00,연중무휴,1000,500,300,1)지역주민 50퍼센트 감면 1)단체할인 3)만7세이하 만65세 이상  장애인 국가유공자 무료,"2007년 개관, 오산리 유적 및 지역 출토 선사 유물 전시, 사적 제394호 오산리 유적 내 위치, 야외시설, 쌍호 탐방로 등","버스 양양시내에서 수산리·동호리 방향 오산리, 송포초등학교 하차 도보 400m",033-670-2446,강원특별자치도 양양군청,2024-11-26,4351000,강원특별자치도 양양군
전국박물관미술관정보표준데이터,https://www.data.go.kr/data/15017323/standard.do,2024-11-29,place,삼성화재 모빌리티뮤지엄,사립,경기도 용인시,경기도 용인시 처인구 포곡읍 에버랜드로376번길 171,37.300383,127.2169538,삼성화재 모빌리티뮤지엄을(를) 배경으로 관람 전후 동화를 만들 수 있다.,관람 전 예습 동화와 방문 후 기념 동화책 배경,전시실에서 마음에 드는 작품이나 물건을 찾아 가족과 이야기하기,5-7;8-10,박물관;미술관;삼성화재;모빌리티뮤지엄,삼성화재 모빌리티뮤지엄,사립,경기도 용인시 처인구 포곡읍 에버랜드로376번길 171,경기도 용인시 처인구 포곡읍 유운리 432,031-320-9900,삼성화재,http://www.stm.or.kr,,10:00,18:00,10:00,18:00,"매주 월요일, 설연휴,추석연휴",6000,5000,5000,3000,,,031-320-9900,삼성화재,2024-11-29,4050000,경기도 용인시
전국박물관미술관정보표준데이터,https://www.data.go.kr/data/15017323/standard.do,2024-11-29,place,한국등잔박물관,사립,경기도 용인시,경기도 용인시 처인구 모현읍 능곡로56번길 8,37.33658645,127.1778809,한국등잔박물관을(를) 배경으로 관람 전후 동화를 만들 수 있다.,관람 전 예습 동화와 방문 후 기념 동화책 배경,전시실에서 마음에 드는 작품이나 물건을 찾아 가족과 이야기하기,5-7;8-10,박물관;미술관;한국등잔박물관,한국등잔박물관,사립,경기도 용인시 처인구 모현읍 능곡로56번길 8,경기도 용인시 처인구 모현읍 능원리 258-9,031-334-0797,(재)한국등잔박물관,www.deungjan.org,,10:00,17:00,10:00,17:00,"매주 월요일~화요일,신정,설연휴,추석(당일)",8000,5000,0,3000,,,031-334-0797,(재)한국등잔박물관,2024-11-29,4050000,경기도 용인시
전국박물관미술관정보표준데이터,https://www.data.go.kr/data/15017323/standard.do,2024-11-29,place,명지대학교박물관,사립,경기도 용인시,경기도 용인시 처인구 명지로 116,37.22180726,127.1901837,명지대학교박물관을(를) 배경으로 관람 전후 동화를 만들 수 있다.,관람 전 예습 동화와 방문 후 기념 동화책 배경,전시실에서 마음에 드는 작품이나 물건을 찾아 가족과 이야기하기,5-7;8-10,박물관;미술관;명지대학교박물관,명지대학교박물관,사립,경기도 용인시 처인구 명지로 116,경기도 용인시 처인구 남동 555,031-330-6074,명지대,http://mum.mju.ac.kr,,10:00,16:00,00:00,00:00,"매주 주말, 공휴일, 개교기념일(9.7.),설연휴,추석연휴",0,0,0,0,,,031-330-6074,명지대,2024-11-29,4050000,경기도 용인시
전국박물관미술관정보표준데이터,https://www.data.go.kr/data/15017323/standard.do,2024-11-29,place,용인대학교박물관,사립,경기도 용인시,경기도 용인시 처인구 용인대학로 134,37.22787888,127.1707243,용인대학교박물관을(를) 배경으로 관람 전후 동화를 만들 수 있다.,관람 전 예습 동화와 방문 후 기념 동화책 배경,전시실에서 마음에 드는 작품이나 물건을 찾아 가족과 이야기하기,5-7;8-10,박물관;미술관;용인대학교박물관,용인대학교박물관,사립,경기도 용인시 처인구 용인대학로 134,경기도 용인시 처인구 삼가동 470,031-8020-3001,용인대,http://www.yongin.ac.kr/,,10:00,17:00,00:00,00:00,"매주 주말,공휴일,설연휴,추석연휴",0,0,0,0,,,031-8020-3001,용인대,2024-11-29,4050000,경기도 용인시
전국박물관미술관정보표준데이터,https://www.data.go.kr/data/15017323/standard.do,2024-11-29,place,경희대학교혜정박물관,사립,경기도 용인시,경기도 용인시 기흥구 덕영대로 1732,37.23980015,127.0811988,경희대학교혜정박물관을(를) 배경으로 관람 전후 동화를 만들 수 있다.,관람 전 예습 동화와 방문 후 기념 동화책 배경,전시실에서 마음에 드는 작품이나 물건을 찾아 가족과 이야기하기,5-7;8-10,박물관;미술관;경희대학교혜정박물관,경희대학교혜정박물관,사립,경기도 용인시 기흥구 덕영대로 1732,경기도 용인시 기흥구 서천동 1,031-201-2014,경희대,http://oldmaps.khu.ac.kr,,10:00,16:00,00:00,00:00,"매주 주말,공휴일,설연휴,추석연휴",0,0,0,0,,,031-201-2014,경희대,2024-11-29,4050000,경기도 용인시
전국박물관미술관정보표준데이터,https://www.data.go.kr/data/15017323/standard.do,2024-11-29,place,단국대학교석주선기념박물관,사립,경기도 용인시,경기도 용인시 수지구 죽전로 152,37.32119387,127.1325359,단국대학교석주선기념박물관을(를) 배경으로 관람 전후 동화를 만들 수 있다.,관람 전 예습 동화와 방문 후 기념 동화책 배경,전시실에서 마음에 드는 작품이나 물건을 찾아 가족과 이야기하기,5-7;8-10,박물관;미술관;단국대학교석주선기념박물관,단국대학교석주선기념박물관,사립,경기도 용인시 수지구 죽전로 152,경기도 용인시 수지구 죽전동 1491,031-8005-2389,단국대,http://museum.dankook.ac.kr,,10:00,16:00,00:00,00:00,"매주 주말,공휴일,설연휴,추석연휴",0,0,0,0,,,031-8005-2389,단국대,2024-11-29,4050000,경기도 용인시
전국박물관미술관정보표준데이터,https://www.data.go.kr/data/15017323/standard.do,2024-11-29,place,단국대학교 단국역사관,사립,경기도 용인시,경기도 용인시 수지구 죽전로 152,37.32119387,127.1325359,단국대학교 단국역사관을(를) 배경으로 관람 전후 동화를 만들 수 있다.,관람 전 예습 동화와 방문 후 기념 동화책 배경,전시실에서 마음에 드는 작품이나 물건을 찾아 가족과 이야기하기,5-7;8-10,박물관;미술관;단국대학교;단국역사관,단국대학교 단국역사관,사립,경기도 용인시 수지구 죽전로 152,경기도 용인시 수지구 죽전동 1491,031-8005-2389,단국대,http://museum.dankook.ac.kr,,10:00,16:00,00:00,00:00,"매주 주말,공휴일,설연휴,추석연휴",0,0,0,0,,,031-8005-2389,단국대,2024-11-29,4050000,경기도 용인시
전국박물관미술관정보표준데이터,https://www.data.go.kr/data/15017323/standard.do,2024-11-29,place,경기도박물관,공립,경기도 용인시,경기도 용인시 기흥구 상갈로 6,37.2681702,127.108847,경기도박물관을(를) 배경으로 관람 전후 동화를 만들 수 있다.,관람 전 예습 동화와 방문 후 기념 동화책 배경,전시실에서 마음에 드는 작품이나 물건을 찾아 가족과 이야기하기,5-7;8-10,박물관;미술관;경기도박물관,경기도박물관,공립,경기도 용인시 기흥구 상갈로 6,경기도 용인시 기흥구 상갈동 496,031-288-5300,(재)경기문화재단,http://musenet.ggcf.kr/,,10:00,18:00,10:00,18:00,"매주 월요일,신정,설(당일),추석(당일)",0,0,0,0,,,031-288-5300,(재)경기문화재단,2024-11-29,4050000,경기도 용인시
전국박물관미술관정보표준데이터,https://www.data.go.kr/data/15017323/standard.do,2020-12-15,place,한밭교육박물관,공립,대전광역시 동구,대전광역시 동구 우암로 96,36.33739429,127.428759,NAME?,관람 전 예습 동화와 방문 후 기념 동화책 배경,전시실에서 마음에 드는 작품이나 물건을 찾아 가족과 이야기하기,5-7;8-10,박물관;미술관;한밭교육박물관;NAME?,한밭교육박물관,공립,대전광역시 동구 우암로 96,대전광역시 동구 삼성동 113-1,042-670-2200,한밭교육박물관,www.hbem.or.kr,없음,09:30,17:00,09:30,17:00,매주 월요일일요일을 제외한 공휴일,0,0,0,무료,NAME?,"- 버스 : 2, 101, 201, 202, 501, 606, 607, 802, 314, 512, 611, 614, 616, 620, 711",042-670-2200,한밭교육박물관,2020-12-15,6300000,대전광역시
전국박물관미술관정보표준데이터,https://www.data.go.kr/data/15017323/standard.do,2020-12-15,place,한국조폐공사 화폐박물관,사립,대전광역시 유성구,대전광역시 유성구 과학로 80-67,36.37847117,127.3705338,NAME?,관람 전 예습 동화와 방문 후 기념 동화책 배경,전시실에서 마음에 드는 작품이나 물건을 찾아 가족과 이야기하기,5-7;8-10,박물관;미술관;한국조폐공사;화폐박물관;NAME?,한국조폐공사 화폐박물관,사립,대전광역시 유성구 과학로 80-67,대전광역시 유성구 가정동 35,042-870-1400,한국조폐공사,museum.komsco.com,체험코너,10:00,17:00,10:00,17:00,"매주 월요일, 신정, 설날연휴, 추석연휴, 정부지정임시 공휴일",0,0,0,무료,NAME?,- 버스 : 106 → 604 / 102→604 / 604,042-870-1400,한국조폐공사,2020-12-15,6300000,대전광역시
전국박물관미술관정보표준데이터,https://www.data.go.kr/data/15017323/standard.do,2020-12-15,place,지질자원연구원 지질박물관,사립,대전광역시 유성구,대전광역시 유성구 과학로 124,36.38105757,127.3573584,"- 한국지질자원연구원 지질박물관은 현재의 지구를 쉽게 이해할 수 있도록 암석, 광물, 화석 등 다양한 지질표본을 수집, 연구, 전시하고 있습니다. - 또한 체험관과 체험 교육프로그램을 운영하고 있으며, 상설전시를 보완하기 위해 2년마다 특별 기획전을 개최하고 있다. 광물, 암석, 화석과 같은 지질표본의 전시, 영상물의 상영, 강연회 또는 체험학습의 장을 마련함으로써 지질과학의 대중화에 기여하고 있다.",관람 전 예습 동화와 방문 후 기념 동화책 배경,전시실에서 마음에 드는 작품이나 물건을 찾아 가족과 이야기하기,5-7;8-10,박물관;미술관;지질자원연구원;지질박물관;-;한국지질자원연구원;지질박물관은;현재의;지구를;쉽게;이해할;수,지질자원연구원 지질박물관,사립,대전광역시 유성구 과학로 124,대전광역시 유성구 어은동 254-1,042-868-3797,지질자원연구원,http://museum.kigam.re.kr/,NAME?,10:00,17:00,10:00,17:00,"매주 월요일, 법정 공휴일 다음날, 1월 1일, 설날과 추석연휴, 근로자의 날, 창립기념일(5월 10일), 임시공휴일",0,0,0,무료,"- 한국지질자원연구원 지질박물관은 현재의 지구를 쉽게 이해할 수 있도록 암석, 광물, 화석 등 다양한 지질표본을 수집, 연구, 전시하고 있습니다. - 또한 체험관과 체험 교육프로그램을 운영하고 있으며, 상설전시를 보완하기 위해 2년마다 특별 기획전을 개최하고 있다. 광물, 암석, 화석과 같은 지질표본의 전시, 영상물의 상영, 강연회 또는 체험학습의 장을 마련함으로써 지질과학의 대중화에 기여하고 있다.",- 버스 : 604 / 311→604 / 606 / 705→604 / 급행2 → 604,042-868-3797,지질자원연구원,2020-12-15,6300000,대전광역시
전국박물관미술관정보표준데이터,https://www.data.go.kr/data/15017323/standard.do,2022-06-15,place,옥천골미술관,공립,전라북도 순창군,전라북도 순창군 순창읍 남계로 81,35.37408371,127.1443984,순창군은 미술문화의 확산과 육성을 위해 양곡창고를 미술관으로 리모델링하여 문화향유와 순창을 찾는 일반대중이 쉬어갈수 있는 곳으로 순창만의 차별화된 미술관으로 전시관 뿐만아니라 교육시설을 갖추고 있어 현장체험위주의 공간확보 및 테마형 전시기획을 하여 옥천골미술관을 순창군의 문화공간으로 만들어가고 있다. 순창군은 미술문화의 확산과 육성을 위해 양곡창고를 미술관으로 리모델링하여 문화향유와 순창을 찾는 일반대중이 쉬어 갈수 있는 곳으로 순창만의 차별화된 미술관으로 전시관 뿐만아니라 교육시설을 갖추고 있어 현장체험위주의 공간확보 및 테마형 전시기획을 하여 옥천골미술관을 순창군의 문화공간으로 만들어가고 있다.,관람 전 예습 동화와 방문 후 기념 동화책 배경,전시실에서 마음에 드는 작품이나 물건을 찾아 가족과 이야기하기,5-7;8-10,박물관;미술관;옥천골미술관;순창군은;미술문화의;확산과;육성을;위해;양곡창고를;미술관으로;리모델링하여;문화향유와,옥천골미술관,공립,전라북도 순창군 순창읍 남계로 81,전라북도 순창군 순창읍 남계리 471,063-650-1638,전라북도 순창군,www.artsunchang.com,,10:00,18:00,10:00,18:00,월(특별개관일 별도공지),0,0,0,,순창군은 미술문화의 확산과 육성을 위해 양곡창고를 미술관으로 리모델링하여 문화향유와 순창을 찾는 일반대중이 쉬어갈수 있는 곳으로 순창만의 차별화된 미술관으로 전시관 뿐만아니라 교육시설을 갖추고 있어 현장체험위주의 공간확보 및 테마형 전시기획을 하여 옥천골미술관을 순창군의 문화공간으로 만들어가고 있다. 순창군은 미술문화의 확산과 육성을 위해 양곡창고를 미술관으로 리모델링하여 문화향유와 순창을 찾는 일반대중이 쉬어 갈수 있는 곳으로 순창만의 차별화된 미술관으로 전시관 뿐만아니라 교육시설을 갖추고 있어 현장체험위주의 공간확보 및 테마형 전시기획을 하여 옥천골미술관을 순창군의 문화공간으로 만들어가고 있다.,순창터미널+작은영화관 방향(도보 10분) ▷순창입구사거리→작은영화관→옥천골미술관,063-650-1638,전라북도 순창군,2022-06-15,4771000,전북특별자치도 순창군
전국박물관미술관정보표준데이터,https://www.data.go.kr/data/15017323/standard.do,2022-06-15,place,섬진강미술관,공립,전라북도 순창군,전라북도 순창군 적성면 평남길 113,35.42634164,127.2189105,"순창군은  천년의 고도 청정 순창, 유구한 역사를 자랑할 수 있을 만큼 그 어느 곳을 보아도 선사시대부터 터전을 잡고 청정 섬진강의 유역인 적성구남마을에 465㎡규모의 섬진강미술관을 개관하여 섬진강에 얽힌 농경 문화를 바탕으로 한 운영을 통해 전국 미술인들이 즐겨 찾는 미술관광 캠프로 운영 방침이다.",관람 전 예습 동화와 방문 후 기념 동화책 배경,전시실에서 마음에 드는 작품이나 물건을 찾아 가족과 이야기하기,5-7;8-10,박물관;미술관;섬진강미술관;순창군은;천년의;고도;청정;순창;유구한;역사를;자랑할;수,섬진강미술관,공립,전라북도 순창군 적성면 평남길 113,전라북도 순창군 적성면 평남리 458,063-653-2296,전라북도 순창군,www.artsunchang.com,,10:00,18:00,10:00,18:00,월(특별개관일 별도공지),0,0,0,,"순창군은  천년의 고도 청정 순창, 유구한 역사를 자랑할 수 있을 만큼 그 어느 곳을 보아도 선사시대부터 터전을 잡고 청정 섬진강의 유역인 적성구남마을에 465㎡규모의 섬진강미술관을 개관하여 섬진강에 얽힌 농경 문화를 바탕으로 한 운영을 통해 전국 미술인들이 즐겨 찾는 미술관광 캠프로 운영 방침이다.",순창버스터미널+적성평남마을+ 도보10분,063-653-2296,전라북도 순창군,2022-06-15,4771000,전북특별자치도 순창군
전국박물관미술관정보표준데이터,https://www.data.go.kr/data/15017323/standard.do,2022-06-15,place,순창장류박물관,공립,전라북도 순창군,전라북도 순창군 순창읍 장류로 43,35.36957617,127.1110918,"장류를 테마로 조성한 대한민국 최초의 박물관이다.  2002년부터 2007년까지 5년에 걸쳐 국비 9억원과 군비 23억 5000만원 도합 32억 5000만원을 들여 2007년 11월 1일 개관하였다.  소장 유물은 2017년 5월 현재 1258점[구입품 390점, 기증품 868점]이 있다. 전적과 고문서 362점, 민속품 790점, 서화류 14점, 토기·옹기·도자기 92점이다.  상설 전시실은 장의 역사, 장 담그는 날, 세계 속의 장 등 총 3개 공간 20개 섹션으로 구성되어 있다. 상설 전시실에는 고추의 전래 과정과 장류[고추장, 된장, 간장] 담그는 과정을 소개하며, 발효 과정을 관찰하고 발효 온도도 체험할 수 있다. 또 어린이를 대상으로 순창과 장류에 대해 소개하는 애니메이션을 상영하고 있다. 중앙홀에는 항아리 등 장류 관련 유물 40여 점이 상설로 전시되어 있으며, 정보 검색대가 있어 관련 정보를 검색할 수 있다. 기획 전시실에서는 순창의 장류·역사·민속·인물 관련 유물을 기획 전시하며, 이 외 특별 전시의 개최 공간으로 활용한다. 야외 광장에는 적성면 내월리에서 발굴된 고분을 재현한 백제시대 고분 모형이 있고, 또 장독과 확독 등을 진열하였다. 순창 대장간도 복원해 놓았는데, 순창 장류 축제와 가을 단풍철 같은 관광 성수기에는 대장간에서 시연 및 체험 행사가 실시된다. 목제 데크는 관람객들의 휴식 공간이다.",관람 전 예습 동화와 방문 후 기념 동화책 배경,전시실에서 마음에 드는 작품이나 물건을 찾아 가족과 이야기하기,5-7;8-10,박물관;미술관;순창장류박물관;장류를;테마로;조성한;대한민국;최초의;박물관이다.;2002년부터;2007년까지;5년에,순창장류박물관,공립,전라북도 순창군 순창읍 장류로 43,전라북도 순창군 순창읍 백산리 263,063-650-1627,전라북도 순창군,,목재 데크+대장간+연못+산책로,09:00,18:00,09:00,18:00,월(특별개관일 별도공지),0,0,0,,"장류를 테마로 조성한 대한민국 최초의 박물관이다.  2002년부터 2007년까지 5년에 걸쳐 국비 9억원과 군비 23억 5000만원 도합 32억 5000만원을 들여 2007년 11월 1일 개관하였다.  소장 유물은 2017년 5월 현재 1258점[구입품 390점, 기증품 868점]이 있다. 전적과 고문서 362점, 민속품 790점, 서화류 14점, 토기·옹기·도자기 92점이다.  상설 전시실은 장의 역사, 장 담그는 날, 세계 속의 장 등 총 3개 공간 20개 섹션으로 구성되어 있다. 상설 전시실에는 고추의 전래 과정과 장류[고추장, 된장, 간장] 담그는 과정을 소개하며, 발효 과정을 관찰하고 발효 온도도 체험할 수 있다. 또 어린이를 대상으로 순창과 장류에 대해 소개하는 애니메이션을 상영하고 있다. 중앙홀에는 항아리 등 장류 관련 유물 40여 점이 상설로 전시되어 있으며, 정보 검색대가 있어 관련 정보를 검색할 수 있다. 기획 전시실에서는 순창의 장류·역사·민속·인물 관련 유물을 기획 전시하며, 이 외 특별 전시의 개최 공간으로 활용한다. 야외 광장에는 적성면 내월리에서 발굴된 고분을 재현한 백제시대 고분 모형이 있고, 또 장독과 확독 등을 진열하였다. 순창 대장간도 복원해 놓았는데, 순창 장류 축제와 가을 단풍철 같은 관광 성수기에는 대장간에서 시연 및 체험 행사가 실시된다. 목제 데크는 관람객들의 휴식 공간이다.",순창터미널+순창전통고추장민속마을 앞,063-650-1627,전라북도 순창군,2022-06-15,4771000,전북특별자치도 순창군
전국박물관미술관정보표준데이터,https://www.data.go.kr/data/15017323/standard.do,2025-02-27,place,장수미술관,사립,전북특별자치도 장수군,전북특별자치도 장수군 계남면 장안산로 317,35.6762644,127.5925069,장수미술관은 복합 문화공간으로써 지역의 역사 문화와 문화예술에 관한 중요한 가치를 경험하고 누릴 수 있는 공간으로 지역의 문화를 바탕으로 제작된 작품들과 지역의 자원을 활용한 다양한 미술 작품들이 소장되어 있습니다.,관람 전 예습 동화와 방문 후 기념 동화책 배경,전시실에서 마음에 드는 작품이나 물건을 찾아 가족과 이야기하기,5-7;8-10,박물관;미술관;장수미술관;장수미술관은;복합;문화공간으로써;지역의;역사;문화와;문화예술에;관한;중요한,장수미술관,사립,전북특별자치도 장수군 계남면 장안산로 317,전북특별자치도 장수군 계남면 궁양리 186-2,063-351-3383,장수미술관,www.jsmuseum.kr,,10:00,17:00,10:00,17:00,일+월+설당일+추석당일,0,0,0,0,장수미술관은 복합 문화공간으로써 지역의 역사 문화와 문화예술에 관한 중요한 가치를 경험하고 누릴 수 있는 공간으로 지역의 문화를 바탕으로 제작된 작품들과 지역의 자원을 활용한 다양한 미술 작품들이 소장되어 있습니다.,,063-351-3383,전북특별자치도 장수군청 문화체육과,2025-02-27,4751000,전북특별자치도 장수군
전국박물관미술관정보표준데이터,https://www.data.go.kr/data/15017323/standard.do,2025-02-27,place,장수역사전시관,공립,전북특별자치도 장수군,전북특별자치도 장수군 장계면 방천길11,35.7300447200,127.5897788000,금강의 발원지이자 지역사를 대표하는 우리 박물관은 고대부터 근현대에 이르기까지 장수의 역사와 문화를 종합적으로 관람할 수 있는 장수역사전시관 입니다.,관람 전 예습 동화와 방문 후 기념 동화책 배경,전시실에서 마음에 드는 작품이나 물건을 찾아 가족과 이야기하기,5-7;8-10,박물관;미술관;장수역사전시관;금강의;발원지이자;지역사를;대표하는;우리;박물관은;고대부터;근현대에;이르기까지,장수역사전시관,공립,전북특별자치도 장수군 장계면 방천길11,전북특별자치도 장수군 장계면 방천길11,063-350-1745,장수역사전시관,museum.jangsu.go.kr,전시관 앞 주차장,09:00,18:00,09:00,18:00,월+설당일+추석당일,0,0,0,0,금강의 발원지이자 지역사를 대표하는 우리 박물관은 고대부터 근현대에 이르기까지 장수의 역사와 문화를 종합적으로 관람할 수 있는 장수역사전시관 입니다.,,063-350-1745,전북특별자치도 장수군청 문화체육과,2025-02-27,4751000,전북특별자치도 장수군
전국박물관미술관정보표준데이터,https://www.data.go.kr/data/15017323/standard.do,2025-05-27,place,수원시립미술관,공립,경기도 수원시,경기도 수원시 팔달구 정조로 833,37.282704,127.015823,전통과 현대의 문화예술 플랫폼으로 지역작가를 후원 발굴하고 국내외 새로운 미술경향을 소개합니다.,관람 전 예습 동화와 방문 후 기념 동화책 배경,전시실에서 마음에 드는 작품이나 물건을 찾아 가족과 이야기하기,5-7;8-10,박물관;미술관;수원시립미술관;전통과;현대의;문화예술;플랫폼으로;지역작가를;후원;발굴하고;국내외;새로운,수원시립미술관,공립,경기도 수원시 팔달구 정조로 833,경기도 수원시 팔달구 신풍동 238-1,031-228-3800,수원시립미술관,https://suma.suwon.go.kr,교육실+라이브러리+카페테리아+수유실+물품보관실,10:00,19:00,10:00,19:00,월(월요일이 공휴일인 경우 그 다음날 휴관),4000,2000,1000,만7세 미만의 어린이와 만 65세 이상어르신+장애인+국가유공자+국민기초생활보장법의 수급자+ICOM카드 및 예술인 패스 소지자+병역명문가 및 인솔교사 1명 무료,전통과 현대의 문화예술 플랫폼으로 지역작가를 후원 발굴하고 국내외 새로운 미술경향을 소개합니다.,버스 : 11+ 112+ 13+ 13-3+ 25+ 27+ 35+ 60+ 64+ 65+ 66+ 7+ 7-2+700-2+ 82-1+ 88+ 98+ 1007,031-228-3800,경기도 수원시,2025-05-27,3740000,경기도 수원시
전국박물관미술관정보표준데이터,https://www.data.go.kr/data/15017323/standard.do,2025-05-13,place,전곡선사박물관,공립,경기도 연천군,경기도 연천군 전곡읍 평화로443번길 2,38.0114268829,127.0636178267,전곡선사박물관은 다양한 고고학 체험이 가능한 열려있는 박물관입니다.,관람 전 예습 동화와 방문 후 기념 동화책 배경,전시실에서 마음에 드는 작품이나 물건을 찾아 가족과 이야기하기,5-7;8-10,박물관;미술관;전곡선사박물관;전곡선사박물관은;다양한;고고학;체험이;가능한;열려있는;박물관입니다.,전곡선사박물관,공립,경기도 연천군 전곡읍 평화로443번길 2,경기도 연천군 전곡읍 전곡리 176-1,031-830-5600,전곡선사박물관,https://jgpm.ggcf.kr/,장애인 편의시설+주차장+카페테리아,10:00,18:00,10:00,18:00,매주 월요일(월요일이 공휴일인 경우 제외)+1월 1일+설날 당일+추석 당일,0,0,0,,전곡선사박물관은 다양한 고고학 체험이 가능한 열려있는 박물관입니다.,서울-3번국도-의정부방면-동두천방면-연천방면-한탄대교-사랑동삼거리-전곡선사박물관,031-830-5600,전곡선사박물관,2025-05-13,4140000,경기도 연천군
전국박물관미술관정보표준데이터,https://www.data.go.kr/data/15017323/standard.do,2025-04-15,place,구미성리학역사관,공립,경상북도 구미시,경상북도 구미시 금오산로 336-13,36.11454297,128.3134312,구미의 성리학 및 역사와 전통을 체험하는 복합 문화의 장,관람 전 예습 동화와 방문 후 기념 동화책 배경,전시실에서 마음에 드는 작품이나 물건을 찾아 가족과 이야기하기,5-7;8-10,박물관;미술관;구미성리학역사관;구미의;성리학;및;역사와;전통을;체험하는;복합;문화의;장,구미성리학역사관,공립,경상북도 구미시 금오산로 336-13,경상북도 구미시 남통동 산143,054-480-2681,경상북도 구미시청,https://www.gumi.go.kr/museum/,문화카페+문화사랑방,09:00,18:00,09:00,18:00,매주 월+1월 1일+설 당일+추석 당일,0,0,0,단체관람시(20명이상) 사전예약,구미의 성리학 및 역사와 전통을 체험하는 복합 문화의 장,27번 탑승 후 구미성리학역사관 정류장 하차,054-480-2681,경상북도 구미시청,2025-04-15,5080000,경상북도 구미시
전국박물관미술관정보표준데이터,https://www.data.go.kr/data/15017323/standard.do,2025-04-15,place,박정희대통령역사자료관,공립,경상북도 구미시,경상북도 구미시 박정희로 123,36.09074861,128.3487682,박정희 대통령 유품 및 관련 근·현대사 자료를 보존 관리 전시,관람 전 예습 동화와 방문 후 기념 동화책 배경,전시실에서 마음에 드는 작품이나 물건을 찾아 가족과 이야기하기,5-7;8-10,박물관;미술관;박정희대통령역사자료관;박정희;대통령;유품;및;관련;근·현대사;자료를;보존;관리,박정희대통령역사자료관,공립,경상북도 구미시 박정희로 123,경상북도 구미시 상모동 156-1,054-480-4940,경상북도 구미시청,http://www.parkchungheepresidentialmuseum.or.kr,,09:00,18:00,09:00,18:00,매주 월+1월 1일+설 당일+추석 당일,0,0,0,관람료 한시적 무료 입장,박정희 대통령 유품 및 관련 근·현대사 자료를 보존 관리 전시,"101,161번 버스 탑승 박정희생가 정류장 하차+361,380-2,411-7번 버스 탑승 새마을운동테마공원 정류장 하차",054-480-4940,경상북도 구미시청,2025-04-15,5080000,경상북도 구미시
전국박물관미술관정보표준데이터,https://www.data.go.kr/data/15017323/standard.do,2025-05-01,place,항공우주박물관,사립,경상남도 사천시,경상남도 사천시 사남면 공단1로 78,35.07146644,128.0629051,항공우주박물관을(를) 배경으로 관람 전후 동화를 만들 수 있다.,관람 전 예습 동화와 방문 후 기념 동화책 배경,전시실에서 마음에 드는 작품이나 물건을 찾아 가족과 이야기하기,5-7;8-10,박물관;미술관;항공우주박물관,항공우주박물관,사립,경상남도 사천시 사남면 공단1로 78,경상남도 사천시 사남면 유천리 802,055-851-6565,㈜한국항공우주산업,,,09:00,18:00,09:00,18:00,설 연휴 추석 연휴,3000,2000,2000,,,,055-851-6565,㈜한국항공우주산업,2025-05-01,5340000,경상남도 사천시
전국박물관미술관정보표준데이터,https://www.data.go.kr/data/15017323/standard.do,2025-05-01,place,우주미술관,사립,경상남도 사천시,경상남도 사천시 정동면 사천강1길 3,35.07366768,128.083174,우주미술관을(를) 배경으로 관람 전후 동화를 만들 수 있다.,관람 전 예습 동화와 방문 후 기념 동화책 배경,전시실에서 마음에 드는 작품이나 물건을 찾아 가족과 이야기하기,5-7;8-10,박물관;미술관;우주미술관,우주미술관,사립,경상남도 사천시 정동면 사천강1길 3,경상남도 사천시 정동면 고읍리 602-8,055-855-0612,우주미술관,,,10:00,19:00,10:00,19:00,일요일,0,0,0,,,,055-855-0612,우주미술관,2025-05-01,5340000,경상남도 사천시
전국박물관미술관정보표준데이터,https://www.data.go.kr/data/15017323/standard.do,2025-04-30,place,경북대학교 박물관,대학,대구광역시 북구,대구광역시 북구 대학로 80(산격동),35.88909849,128.6143217,"1959년 개관 이래 유물의 수집과 보존, 전시, 연구 등을 통하여 대구 경북지역의 중축적인 문화시설로서 그 역할을 수행하여 왔음",관람 전 예습 동화와 방문 후 기념 동화책 배경,전시실에서 마음에 드는 작품이나 물건을 찾아 가족과 이야기하기,5-7;8-10,박물관;미술관;경북대학교;1959년;개관;이래;유물의;수집과;보존;전시;연구;등을,경북대학교 박물관,대학,대구광역시 북구 대학로 80(산격동),대구광역시 북구 산격동 1370-1,053-950-6537,경북대학교,http://museum.knu.ac.kr/,기획전시실+상설전시실+야외전시장+자료정리실+보존과학실+도서실+시청각실+수장실,10:00,17:00,00:00,00:00,"토(둘째, 넷째)+일요일 및 공휴일+개교기념일(5월 28일)",0,0,0,일반인 관람 가능,"1959년 개관 이래 유물의 수집과 보존, 전시, 연구 등을 통하여 대구 경북지역의 중축적인 문화시설로서 그 역할을 수행하여 왔음","버스:북문정차(300, 306, 410, 410-1, 523, 706, 719, 급행6), 정문정차(410,410-1, 503, 937, 동구2, 북구2), 서문정차(304, 306, 403, 410, 523, 623, 급행6, 순환2-1)+지하철:1호선 칠성역서운프라자 출구, 신천역 5번 출구",053-950-6537,경북대학교,2025-04-30,3450000,대구광역시 북구
전국박물관미술관정보표준데이터,https://www.data.go.kr/data/15017323/standard.do,2023-08-30,place,한얼문예박물관,사립,강원특별자치도 횡성군,강원특별자치도 횡성군 우천면 경강로 2885-2,37.48911759,128.0728458,동헌 이양형+설매 이정자 작품 등 다양한 미술작품 전시,관람 전 예습 동화와 방문 후 기념 동화책 배경,전시실에서 마음에 드는 작품이나 물건을 찾아 가족과 이야기하기,5-7;8-10,박물관;미술관;한얼문예박물관;동헌;이양형+설매;이정자;작품;등;다양한;미술작품;전시,한얼문예박물관,사립,강원특별자치도 횡성군 우천면 경강로 2885-2,강원특별자치도 횡성군 우천면 산전리 426-3,033-345-0151,한얼문예박물관,http://blog.naver.com/hemuseum,휴게실(정자각)+박물관 교실1칸,09:30,18:00,09:30,18:00,월,0,0,0,,동헌 이양형+설매 이정자 작품 등 다양한 미술작품 전시,,033-340-5954,강원특별자치도 횡성군,2023-08-30,4261000,강원특별자치도 횡성군
전국박물관미술관정보표준데이터,https://www.data.go.kr/data/15017323/standard.do,2023-08-30,place,미술관 자작나무숲,사립,강원특별자치도 횡성군,강원특별자치도 횡성군 우천면 한우로두곡5길 186,37.49276094,128.0500584,원종호 갤러리 및 소장품 전시,관람 전 예습 동화와 방문 후 기념 동화책 배경,전시실에서 마음에 드는 작품이나 물건을 찾아 가족과 이야기하기,5-7;8-10,박물관;미술관;자작나무숲;원종호;갤러리;및;소장품;전시,미술관 자작나무숲,사립,강원특별자치도 횡성군 우천면 한우로두곡5길 186,강원특별자치도 횡성군 우천면 두곡리 5,033-342-6833,미술관 자작나무숲,http://www.jjsoup.com/,정원+야외무대+숲속의 집(게스트 하우스),11:00,17:00,11:00,17:00,수목,20000,10000,10000,3세 미만 무료,원종호 갤러리 및 소장품 전시,,033-340-5954,강원특별자치도 횡성군,2023-08-30,4261000,강원특별자치도 횡성군
전국박물관미술관정보표준데이터,https://www.data.go.kr/data/15017323/standard.do,2022-11-18,place,서천 이하복 고택 전시관,공립,충청남도 서천군,충청남도 서천군 기산면 신막로 57번길 32-3,36.0809383,126.7592669,"서천 이하복 고택은 우리나라 중부지방의 전통농가(큰집) 형태를 그대로 간직한 채 보존되고 있는 대표적인 가옥으로서 그 가치를 인정 받아 1984년 12월 24일 중요민속자료 제 197호로 지정되었다. 19세기 후반 안채를 짓고 20세기 초에 사랑채·아래채·광채를 지으면서 안채를 늘려지었다. 안마당을 중심으로 ”ㄱ”자형의 안채와 그 앞쪽으로 ”ㅡ”자형의 사랑채, 안채의 왼쪽에 광채가 있어 튼 ”ㅁ”자형 배치를 하였다. 또한 사랑채의 오른쪽에는 2칸 정도 떨어져서 ”ㅡ”자형의 아래채가 자리잡고 있다. 안채는 원래 부�과 방 2개로 구성된 3칸집이었으나, 후대에 왼쪽의 부엌을 늘리고 오른쪽으로 대청과 방·부엌 겸 헛간으로 사용하는 ”헛청”을 덧달았다. 사랑채는 왼쪽에 대문을 내고, 부엌과 사랑방으로 구성되었다. 아래채는 며느리가 거처하는 독립적인 공간으로, 부엌과 방 2개, 광으로 구성되어 살림을 따로 하게 되어있다. 필요이상의 재료나 멋을 전혀 부리지 않은채 전형적인 민간기법을 사용하며 매우 검소하고 소박하게 지어진 것으로 유명하다. 고택 옆에 지어진 서천 이하복 고택 전시관은 생전에 이하복 선생의 손때가 묻은 생활용품들을 비롯한 유물들이 전시되어있다.",관람 전 예습 동화와 방문 후 기념 동화책 배경,전시실에서 마음에 드는 작품이나 물건을 찾아 가족과 이야기하기,5-7;8-10,박물관;미술관;서천;이하복;고택;전시관;고택은;우리나라;중부지방의;전통농가(큰집);형태를;그대로,서천 이하복 고택 전시관,공립,충청남도 서천군 기산면 신막로 57번길 32-3,충청남도 서천군 기산면 신산리 120,041-950-4230,충청남도 서천군청,http://tour.seocheon.go.kr/,전시실+영상실+체험실+장애인 휠체어 리프트+주차장,10:00,17:00,10:00,17:00,월+1월1일+설날+추석,0,0,0,0,"서천 이하복 고택은 우리나라 중부지방의 전통농가(큰집) 형태를 그대로 간직한 채 보존되고 있는 대표적인 가옥으로서 그 가치를 인정 받아 1984년 12월 24일 중요민속자료 제 197호로 지정되었다. 19세기 후반 안채를 짓고 20세기 초에 사랑채·아래채·광채를 지으면서 안채를 늘려지었다. 안마당을 중심으로 ”ㄱ”자형의 안채와 그 앞쪽으로 ”ㅡ”자형의 사랑채, 안채의 왼쪽에 광채가 있어 튼 ”ㅁ”자형 배치를 하였다. 또한 사랑채의 오른쪽에는 2칸 정도 떨어져서 ”ㅡ”자형의 아래채가 자리잡고 있다. 안채는 원래 부�과 방 2개로 구성된 3칸집이었으나, 후대에 왼쪽의 부엌을 늘리고 오른쪽으로 대청과 방·부엌 겸 헛간으로 사용하는 ”헛청”을 덧달았다. 사랑채는 왼쪽에 대문을 내고, 부엌과 사랑방으로 구성되었다. 아래채는 며느리가 거처하는 독립적인 공간으로, 부엌과 방 2개, 광으로 구성되어 살림을 따로 하게 되어있다. 필요이상의 재료나 멋을 전혀 부리지 않은채 전형적인 민간기법을 사용하며 매우 검소하고 소박하게 지어진 것으로 유명하다. 고택 옆에 지어진 서천 이하복 고택 전시관은 생전에 이하복 선생의 손때가 묻은 생활용품들을 비롯한 유물들이 전시되어있다.",,041-950-4230,충청남도 서천군청,2022-11-18,4580000,충청남도 서천군
전국박물관미술관정보표준데이터,https://www.data.go.kr/data/15017323/standard.do,2023-11-02,place,안성맞춤박물관,공립,경기도 안성시,경기도 안성시 대덕면 서동대로 4726-15,37.011318,127.228354,안성맞춤박물관은 안성유기를 중심테마로 2002년 8월 1일에 개관한 시립박물관이다.,관람 전 예습 동화와 방문 후 기념 동화책 배경,전시실에서 마음에 드는 작품이나 물건을 찾아 가족과 이야기하기,5-7;8-10,박물관;미술관;안성맞춤박물관;안성맞춤박물관은;안성유기를;중심테마로;2002년;8월;1일에;개관한;시립박물관이다.,안성맞춤박물관,공립,경기도 안성시 대덕면 서동대로 4726-15,경기도 안성시 대덕면 내리 399-5번지,031-676-4352,경기도 안성시,https://www.anseong.go.kr/tourPortal/museum,휴식공간+자전거보관대,09:00,18:00,09:00,18:00,월요일+월요일이 휴일인 경우 다음날 휴관+1월1일+설날+추석,0,0,0,,안성맞춤박물관은 안성유기를 중심테마로 2002년 8월 1일에 개관한 시립박물관이다.,자가용 이용- 경부고속도로 안성 톨게이트 도착 - 우회전 - 안성방향 3km - 안성 중앙대 입구 대중교통- 서울에서(소요시간 1시간) : 남부터미널 또는 강남고속버스터미널 안성행(15~20분 간격) → 안성 중앙대 하차 도보 1분- 수원에서(소요시간 50분) : 수원버스터미널 안성행(15~20분 간격) → 안성 중앙대 하차 도보 1분,031-676-4352,경기도 안성시,2023-11-02,4080000,경기도 안성시
전국박물관미술관정보표준데이터,https://www.data.go.kr/data/15017323/standard.do,2023-11-02,place,안성3.1운동기념관,공립,경기도 안성시,경기도 안성시 원곡면 만세로 868,37.06278466,127.1752952,3.1운동의 전국 3대 실력 항쟁지 중 한 곳으로 가장 극렬하게 만세항쟁을 펼쳐 일제를 몰아내고 2일 간의 해방을 이뤄냈던 4.1만세 항쟁의 집결지였던 만세고개 일원을 성역화하여 선열들의 숭고한 자주독립 정신을 발전시키고 후세들에게 나라사랑의 산 교육장으로 활용하기 위해 건립하였다.,관람 전 예습 동화와 방문 후 기념 동화책 배경,전시실에서 마음에 드는 작품이나 물건을 찾아 가족과 이야기하기,5-7;8-10,박물관;미술관;안성3.1운동기념관;3.1운동의;전국;3대;실력;항쟁지;중;한;곳으로;가장,안성3.1운동기념관,공립,경기도 안성시 원곡면 만세로 868,경기도 안성시 원곡면 칠곡리 2-18번지,031-678-2500,경기도 안성시,http://www.anseong.go.kr/tourPortal/41.main.do,,09:00,18:00,09:00,18:00,월요일+월요일이 휴일인 경우 다음날 휴관+1월 1일+설날 당일+추석 당일,0,0,0,,3.1운동의 전국 3대 실력 항쟁지 중 한 곳으로 가장 극렬하게 만세항쟁을 펼쳐 일제를 몰아내고 2일 간의 해방을 이뤄냈던 4.1만세 항쟁의 집결지였던 만세고개 일원을 성역화하여 선열들의 숭고한 자주독립 정신을 발전시키고 후세들에게 나라사랑의 산 교육장으로 활용하기 위해 건립하였다.,"자가용이용 평택제천고속도로 서안성IC - 45번 국도 안성방면 - 만세고개 좌회전 - 좌회전 직진 후 왼쪽 주차장 진입대중교통 이용 평택터미널에서 8번(안성 양성터미널행) 안성터미널에서 7번(원곡면사무소 행) 공도버스터미널에서 7-6번(원곡지방산단 행) 안성터미널 - 양성터미널 - 기념관 : 60, 60-3, 22-1, 7-2 - (환승) - 8, 7-6, 7 용인터미널에서 22-1번 승차, 양성터미널 하차 환승",031-678-2476,경기도 안성시,2023-11-02,4080000,경기도 안성시
전국박물관미술관정보표준데이터,https://www.data.go.kr/data/15017323/standard.do,2023-11-02,place,조병화문학관,사립,경기도 안성시,경기도 안성시 양성면 난실길 14-1,37.1120754,127.2216269,"편운 조병화의 유품 및 창작저작물, 그림을 상설 전시하는 문학기념관으로서, 조병화 시인이 전 생애의 창작활동을 통해 추구해 온 꿈과 사랑의 시정신이 오롯이 담겨 있으며, 한국 현대문학의 한 발자취가 보존되어 있는 곳입니다.",관람 전 예습 동화와 방문 후 기념 동화책 배경,전시실에서 마음에 드는 작품이나 물건을 찾아 가족과 이야기하기,5-7;8-10,박물관;미술관;조병화문학관;편운;조병화의;유품;및;창작저작물;그림을;상설;전시하는;문학기념관으로서,조병화문학관,사립,경기도 안성시 양성면 난실길 14-1,경기도 안성시 양성면 난실리 337번지,031-674-0307,경기도 안성시 조병화문학관,http://www.poetcho.com,,10:00,16:00,10:00,16:00,월요일+신정+구정+추석+성탄절,3000,2000,2000,6세이하020인이상 단체 10할인,"편운 조병화의 유품 및 창작저작물, 그림을 상설 전시하는 문학기념관으로서, 조병화 시인이 전 생애의 창작활동을 통해 추구해 온 꿈과 사랑의 시정신이 오롯이 담겨 있으며, 한국 현대문학의 한 발자취가 보존되어 있는 곳입니다.",,031-674-0307,경기도 안성시 조병화문학관,2023-11-02,4080000,경기도 안성시
전국박물관미술관정보표준데이터,https://www.data.go.kr/data/15017323/standard.do,2025-08-27,place,헬로우뮤지움,사립,서울특별시 성동구,서울특별시 성동구 성수일로12길 20,37.5481761,127.0532497,헬로우뮤지움을(를) 배경으로 관람 전후 동화를 만들 수 있다.,관람 전 예습 동화와 방문 후 기념 동화책 배경,전시실에서 마음에 드는 작품이나 물건을 찾아 가족과 이야기하기,5-7;8-10,박물관;미술관;헬로우뮤지움,헬로우뮤지움,사립,서울특별시 성동구 성수일로12길 20,,02-3217-4222,헬로우뮤지움,http://www.hellomuseum.com/,,10:00,18:00,10:00,18:00,월+공휴일,5000,5000,5000,,,,02-2124-4188,서울특별시,2025-08-27,3030000,서울특별시 성동구
전국박물관미술관정보표준데이터,https://www.data.go.kr/data/15017323/standard.do,2025-08-27,place,한양대학교 박물관,대학,서울특별시 성동구,서울특별시 성동구 왕십리로 222,37.55450355,127.0466112,한양대학교 박물관을(를) 배경으로 관람 전후 동화를 만들 수 있다.,관람 전 예습 동화와 방문 후 기념 동화책 배경,전시실에서 마음에 드는 작품이나 물건을 찾아 가족과 이야기하기,5-7;8-10,박물관;미술관;한양대학교,한양대학교 박물관,대학,서울특별시 성동구 왕십리로 222,,02-2220-1394,학교법인 한양학원,,,10:00,17:00,00:00,00:00,일+국경일+공휴일,0,0,0,,,,02-2124-4188,서울특별시,2025-08-27,3030000,서울특별시 성동구
전국박물관미술관정보표준데이터,https://www.data.go.kr/data/15017323/standard.do,2025-08-27,place,수도박물관,공립,서울특별시 성동구,서울특별시 성동구 왕십리로27,37.53982701,127.042263,수도박물관을(를) 배경으로 관람 전후 동화를 만들 수 있다.,관람 전 예습 동화와 방문 후 기념 동화책 배경,전시실에서 마음에 드는 작품이나 물건을 찾아 가족과 이야기하기,5-7;8-10,박물관;미술관;수도박물관,수도박물관,공립,서울특별시 성동구 왕십리로27,,02-3146-5937,수도박물관,http://arisumuseum.seoul.go.kr/main/main.jsp,,09:00,18:00,09:00,18:00,월+1월1일+설날당일+추석당일,0,0,0,,,,02-2124-4188,서울특별시,2025-08-27,3030000,서울특별시 성동구
전국박물관미술관정보표준데이터,https://www.data.go.kr/data/15017323/standard.do,2025-08-27,place,청계천박물관,공립,서울특별시 성동구,서울특별시 성동구 청계천로 530,37.5712267,127.0350281,청계천박물관을(를) 배경으로 관람 전후 동화를 만들 수 있다.,관람 전 예습 동화와 방문 후 기념 동화책 배경,전시실에서 마음에 드는 작품이나 물건을 찾아 가족과 이야기하기,5-7;8-10,박물관;미술관;청계천박물관,청계천박물관,공립,서울특별시 성동구 청계천로 530,,02-2286-3410,청계천박물관,https://museum.seoul.go.kr/cgcm/index.do,,09:00,19:00,09:00,18:00,월+1월1일,0,0,0,,,,02-2124-4188,서울특별시,2025-08-27,3030000,서울특별시 성동구
전국박물관미술관정보표준데이터,https://www.data.go.kr/data/15017323/standard.do,2025-08-28,place,성북선잠박물관,공립,서울특별시 성북구,서울특별시 성북구 성북로 96,37.59323425,126.9982055,성북선잠박물관은 2018년 4월 개관한 최초 구립박물관으로 선잠단지(사적 제83호)의 역사성을 알리기 위해 건립,관람 전 예습 동화와 방문 후 기념 동화책 배경,전시실에서 마음에 드는 작품이나 물건을 찾아 가족과 이야기하기,5-7;8-10,박물관;미술관;성북선잠박물관;성북선잠박물관은;2018년;4월;개관한;최초;구립박물관으로;선잠단지(사적;제83호)의;역사성을,성북선잠박물관,공립,서울특별시 성북구 성북로 96,서울특별시 성북구 성북동 66-21,02-744-0025,서울특별시 성북구청,http://museum.sb.go.kr,장애인엘리베이터+장애인용 화장실,10:00,17:30,10:00,17:30,월(월요일이 공휴일인 경우 그 다음날)+1월 1일+설 연휴+추석 연휴,1000,500,300,무료(장애인+국가유공자+6세 이하+65세 이상),성북선잠박물관은 2018년 4월 개관한 최초 구립박물관으로 선잠단지(사적 제83호)의 역사성을 알리기 위해 건립,버스(1111+2112+성북03)+지하철 한성대입구역(4호선) 6번출구에서 성북동 방향으로 약 900m(도보),02-2241-2601,서울특별시 성북구청,2025-08-28,3070000,서울특별시 성북구
전국박물관미술관정보표준데이터,https://www.data.go.kr/data/15017323/standard.do,2025-08-28,place,성북구립미술관,공립,서울특별시 성북구,서울특별시 성북구 성북로 134,37.5948078,126.9948864,성북구립미술관은 2009년 개관한 최초 구립미술관으로 성북구 미술 작가들의 작품과 미술작품을 전시하기 위해 건립,관람 전 예습 동화와 방문 후 기념 동화책 배경,전시실에서 마음에 드는 작품이나 물건을 찾아 가족과 이야기하기,5-7;8-10,박물관;미술관;성북구립미술관;성북구립미술관은;2009년;개관한;최초;구립미술관으로;성북구;미술;작가들의;작품과,성북구립미술관,공립,서울특별시 성북구 성북로 134,서울특별시 성북구 성북동 246,02-6925-5011,서울특별시 성북문화재단,http://sma.sbculture.or.kr,엘리베이터,10:00,18:00,10:00,18:00,월(월요일이 공휴일인 경우 그 다음날)+1월 1일+설 연휴+추석 당일,2000,1000,0,무료(장애인+국가유공자+6세 이하+65세 이상),성북구립미술관은 2009년 개관한 최초 구립미술관으로 성북구 미술 작가들의 작품과 미술작품을 전시하기 위해 건립,한성대입구역(4호선) 6번출구에서 버스(1111+2112+성북03) 이용 성북구립미술관 하차,02-6925-5011,성북문화재단,2025-08-28,3070000,서울특별시 성북구
전국박물관미술관정보표준데이터,https://www.data.go.kr/data/15017323/standard.do,2025-08-01,place,박물관수,사립,대구광역시 수성구,대구광역시 수성구 국채보상로186길 79,35.864878,128.634161,박물관수을(를) 배경으로 관람 전후 동화를 만들 수 있다.,관람 전 예습 동화와 방문 후 기념 동화책 배경,전시실에서 마음에 드는 작품이나 물건을 찾아 가족과 이야기하기,5-7;8-10,박물관;미술관;박물관수,박물관수,사립,대구광역시 수성구 국채보상로186길 79,대구광역시 수성구 범어동 136-8,053-744-5500,박물관수,www.museumsoo.org,,10:00,17:00,10:00,17:00,일+설 연휴+추석 연휴,5000,3000,3000,단체관람(20인 이상) 일반3000원/어린이+청소년2000원,,,053-744-5500,박물관수,2025-08-01,3460000,대구광역시 수성구
전국박물관미술관정보표준데이터,https://www.data.go.kr/data/15017323/standard.do,2024-06-02,place,고창고인돌박물관,공립,전북특별자치도 고창군,전북특별자치도 고창군 고창읍 고인돌공원길 74,35.44169795,126.6524975,"고창고인돌박물관은 세계유산 고창고인돌유적에 위치하며, 2008년 9월 25일에 개관한 최초의 고인돌전문박물관",관람 전 예습 동화와 방문 후 기념 동화책 배경,전시실에서 마음에 드는 작품이나 물건을 찾아 가족과 이야기하기,5-7;8-10,박물관;미술관;고창고인돌박물관;고창고인돌박물관은;세계유산;고창고인돌유적에;위치하며;2008년;9월;25일에;개관한;최초의,고창고인돌박물관,공립,전북특별자치도 고창군 고창읍 고인돌공원길 74,전북특별자치도 고창군 고창읍 도산리 676,063-560-8666,전북특별자치도 고창군청,www.gochang.go.kr/gcdolmen,뮤지엄샵+매점+물품보관소+수유실,09:00,18:00,09:00,18:00,매주 월요일,3000,2000,1000,무료(고창군민+65세 이상 어르신+장애인 등),"고창고인돌박물관은 세계유산 고창고인돌유적에 위치하며, 2008년 9월 25일에 개관한 최초의 고인돌전문박물관",고창버스터미널에서 10분거리,063-560-8666,전북특별자치도 고창군청,2024-06-02,4781000,전북특별자치도 고창군
전국박물관미술관정보표준데이터,https://www.data.go.kr/data/15017323/standard.do,2024-06-02,place,고창판소리박물관,공립,전북특별자치도 고창군,전북특별자치도 고창군 고창읍 동리로 100,35.43237353,126.7026295,"고창판소리박물관은 판소리 이론가이자 개작자이며 후원가였던 동리 신재효 및 진채선, 김소희 등 다수의 명창을 기념하고 판소리 전통을 계승 발전시키기 위하여 동리 신재효 선생의 고택자리에 설립",관람 전 예습 동화와 방문 후 기념 동화책 배경,전시실에서 마음에 드는 작품이나 물건을 찾아 가족과 이야기하기,5-7;8-10,박물관;미술관;고창판소리박물관;고창판소리박물관은;판소리;이론가이자;개작자이며;후원가였던;동리;신재효;및;진채선,고창판소리박물관,공립,전북특별자치도 고창군 고창읍 동리로 100,전북특별자치도 고창군 고창읍 읍내리 241-1,063-560-8061,전북특별자치도 고창군청,http://www.gochang.go.kr/pansorimuseum,휠체어,09:00,18:00,09:00,18:00,매주 월요일+1월 1일+설날+추석,0,0,0,,"고창판소리박물관은 판소리 이론가이자 개작자이며 후원가였던 동리 신재효 및 진채선, 김소희 등 다수의 명창을 기념하고 판소리 전통을 계승 발전시키기 위하여 동리 신재효 선생의 고택자리에 설립",고창군청에서 100미터+고창버스터미널에서  500미터,063-560-8061,전북특별자치도 고창군청,2024-06-02,4781000,전북특별자치도 고창군
전국박물관미술관정보표준데이터,https://www.data.go.kr/data/15017323/standard.do,2025-06-17,place,KT&G 상상마당 춘천 아트센터,사립,강원특별자치도 춘천시,강원특별자치도 춘천시 스포츠타운길399번길 25,37.873618,127.702092,의암호 수변의 아름다운 경관을 가진 춘천시 어린이회관을 리모델링하여 다양한 전시 제공,관람 전 예습 동화와 방문 후 기념 동화책 배경,전시실에서 마음에 드는 작품이나 물건을 찾아 가족과 이야기하기,5-7;8-10,박물관;미술관;KT&G;상상마당;춘천;아트센터;의암호;수변의;아름다운;경관을;가진;춘천시,KT&G 상상마당 춘천 아트센터,사립,강원특별자치도 춘천시 스포츠타운길399번길 25,강원특별자치도 춘천시 삼천동 223-2,033-818-3200,KT&G상상마당,https://www.sangsangmadang.com/main/CC,댄싱카페인(카페)+세인트콕스레스토랑+숙박시설,10:00,19:00,10:00,19:00,전시마다 다름,0,0,0,전부 무료,의암호 수변의 아름다운 경관을 가진 춘천시 어린이회관을 리모델링하여 다양한 전시 제공,"1)대중교통 : 춘천역환승센터[1164]- 지선 11번(중앙시장/중앙초교-환승)- 중앙시장환승센터[1011]에서 지선6번 - 상상마당입구 정류장 하차+2)승용차  : 서울양양고속도로(남춘천IC), 일반도로(46번경춘국도-403번도로)",033-818-3200,KT&G상상마당,2025-06-17,4181000,강원특별자치도 춘천시
전국박물관미술관정보표준데이터,https://www.data.go.kr/data/15017323/standard.do,2025-06-30,place,부천시립박물관,공립,경기도 부천시,경기도 부천시 오정구 소사로 638,37.513641,126.801745,부천시립박물관은 선사시대부터 이어져오는 부천의 자랑스러운 역사를 알리고 계승하며 다양한 문화콘텐츠의 가치를 제고하여 시민을 위한 복합문화공간이 되고자 합니다.,관람 전 예습 동화와 방문 후 기념 동화책 배경,전시실에서 마음에 드는 작품이나 물건을 찾아 가족과 이야기하기,5-7;8-10,박물관;미술관;부천시립박물관;부천시립박물관은;선사시대부터;이어져오는;부천의;자랑스러운;역사를;알리고;계승하며;다양한,부천시립박물관,공립,경기도 부천시 오정구 소사로 638,경기도 부천시 오정구 여월동 318,032-684-9057,부천문화재단,http://www.bcmuseum.or.kr,,09:30,18:00,09:30,18:00,월(월요일이 공휴일인 경우 월요일 정상 개관 후 화요일에 휴관)+1월 1일+설 연휴+추석 연휴,0,0,0,0,부천시립박물관은 선사시대부터 이어져오는 부천의 자랑스러운 역사를 알리고 계승하며 다양한 문화콘텐츠의 가치를 제고하여 시민을 위한 복합문화공간이 되고자 합니다.,7호선 부천종합운동장역(2번출구) 에서  도보로 15분  버스 환승은 95번 60번으로 5분 정도 소요,032-625-3132,경기도 부천시청 문화예술과 문화종무팀,2025-06-30,3860000,경기도 부천시
전국박물관미술관정보표준데이터,https://www.data.go.kr/data/15017323/standard.do,2025-06-30,place,부천활박물관,공립,경기도 부천시,경기도 부천시 원미구 소사로 482,37.502565,126.799025,우리 전통 활인 국궁에 담긴 선조의 얼과 슬기를 배우며 문화유산으로써 활문화를 계승하고자 2004년 12월 4일 개관하였습니다.,관람 전 예습 동화와 방문 후 기념 동화책 배경,전시실에서 마음에 드는 작품이나 물건을 찾아 가족과 이야기하기,5-7;8-10,박물관;미술관;부천활박물관;우리;전통;활인;국궁에;담긴;선조의;얼과;슬기를;배우며,부천활박물관,공립,경기도 부천시 원미구 소사로 482,경기도 부천시 원미구 춘의동 8,032-614-2678,부천문화재단,http://www.bcmuseum.or.kr,,09:30,18:00,09:30,18:00,월(월요일이 공휴일인 경우 월요일 정상 개관 후 화요일에 휴관)+1월 1일+설 연휴+추석 연휴,0,0,0,0,우리 전통 활인 국궁에 담긴 선조의 얼과 슬기를 배우며 문화유산으로써 활문화를 계승하고자 2004년 12월 4일 개관하였습니다.,부천종합운동장역 2번출구로 나오시며 도보로 5분 소요,032-625-3132,경기도 부천시청 문화예술과 문화종무팀,2025-06-30,3860000,경기도 부천시
전국박물관미술관정보표준데이터,https://www.data.go.kr/data/15017323/standard.do,2025-06-30,place,부천펄벅기념관,공립,경기도 부천시,경기도 부천시 소사구 성주로214번길 61,37.475502,126.781706,부천시는 한국에서 보여준 펄벅여사의 고귀한 박애정신을 기리기 위해 옛 소사희망원 터에 2006년 9월 30일 부천펄벅기념관을 설립하였습니다.,관람 전 예습 동화와 방문 후 기념 동화책 배경,전시실에서 마음에 드는 작품이나 물건을 찾아 가족과 이야기하기,5-7;8-10,박물관;미술관;부천펄벅기념관;부천시는;한국에서;보여준;펄벅여사의;고귀한;박애정신을;기리기;위해;옛,부천펄벅기념관,공립,경기도 부천시 소사구 성주로214번길 61,경기도 부천시 소사구 심곡본동 566-9,032-668-7563,부천문화재단,http://www.bcmuseum.or.kr,,09:30,18:00,09:30,18:00,월(월요일이 공휴일인 경우 월요일 정상 개관 후 화요일에 휴관)+1월 1일+설 연휴+추석 연휴,0,0,0,0,부천시는 한국에서 보여준 펄벅여사의 고귀한 박애정신을 기리기 위해 옛 소사희망원 터에 2006년 9월 30일 부천펄벅기념관을 설립하였습니다.,지하철 1호선 부천역 4번 출구에서 6-2  015번 버스환승하시거나 도보 가능( 20분 소요),032-625-3132,경기도 부천시청 문화예술과 문화종무팀,2025-06-30,3860000,경기도 부천시
전국박물관미술관정보표준데이터,https://www.data.go.kr/data/15017323/standard.do,2025-06-30,place,부천자연생태박물관,공립,경기도 부천시,경기도 부천시 원미구 길주로 660,37.505169,126.815687,부천자연생태박물관입니다.,관람 전 예습 동화와 방문 후 기념 동화책 배경,전시실에서 마음에 드는 작품이나 물건을 찾아 가족과 이야기하기,5-7;8-10,박물관;미술관;부천자연생태박물관;부천자연생태박물관입니다.,부천자연생태박물관,공립,경기도 부천시 원미구 길주로 660,경기도 부천시 원미구 춘의동 381,032-625-3503,경기도 부천시청,https://ecopark.bucheon.go.kr/site/main/index149,,09:30,18:00,09:30,18:00,월(월요일이 공휴일인 경우 월요일 정상 개관 후 화요일에 휴관)+1월 1일+설 연휴+추석 연휴,2000,1500,1000,부천시민(50퍼센트 감면),부천자연생태박물관입니다.,7호선 까치울역 하차 1번 출구,032-625-3503,경기도 부천시청 공원조성과 자연생태팀,2025-06-30,3860000,경기도 부천시
전국박물관미술관정보표준데이터,https://www.data.go.kr/data/15017323/standard.do,2025-06-30,place,부천로보파크전시관,사립,경기도 부천시,경기도 부천시 원미구 평천로 655,37.517610,126.764051,부천로보파크전시관입니다.,관람 전 예습 동화와 방문 후 기념 동화책 배경,전시실에서 마음에 드는 작품이나 물건을 찾아 가족과 이야기하기,5-7;8-10,박물관;미술관;부천로보파크전시관;부천로보파크전시관입니다.,부천로보파크전시관,사립,경기도 부천시 원미구 평천로 655,경기도 부천시 원미구 약대동 193,070-7094-5479,부천산업진흥원,https://www.robopark.org/ko/main/index.do,,10:00,17:00,10:00,17:00,월(월요일이 공휴일인 경우 월요일 정상 개관 후 화요일에 휴관)+1월 1일+설 연휴+추석 연휴,5000,4000,3000,부천성인시민(50퍼센트 감면),부천로보파크전시관입니다.,부천 송내역 2번 출구 북부광장→ 8번  83번 버스 승차→ 부천테크노파크4단지 403동앞 하차,070-7094-5479,부천산업진흥원,2025-06-30,3860000,경기도 부천시
전국박물관미술관정보표준데이터,https://www.data.go.kr/data/15017323/standard.do,2025-06-30,place,한국만화박물관,공립,경기도 부천시,경기도 부천시 원미구 길주로1,37.512942,126.748747,한국만화박물관입니다.,관람 전 예습 동화와 방문 후 기념 동화책 배경,전시실에서 마음에 드는 작품이나 물건을 찾아 가족과 이야기하기,5-7;8-10,박물관;미술관;한국만화박물관;한국만화박물관입니다.,한국만화박물관,공립,경기도 부천시 원미구 길주로1,경기도 부천시 원미구 상동 529-2,032-310-3090,(재)한국만화영상진흥원,http://www.komacon.kr/comicsmuseum,,10:00,18:00,10:00,18:00,월(월요일이 공휴일인 경우 월요일 정상 개관 후 화요일에 휴관)+1월 1일+설 연휴+추석 연휴,5000,5000,5000,부천시민(10~50퍼센트 감면),한국만화박물관입니다.,지하철 7호선 삼산체육관역 하차 5번 출구 도보 3분 소요,032-661-3745,한국만화영상진흥원,2025-06-30,3860000,경기도 부천시
전국박물관미술관정보표준데이터,https://www.data.go.kr/data/15017323/standard.do,2025-06-30,place,수주문학관,공립,경기도 부천시,경기도 부천시 오정구 고리울로8번길 77,37.524377,126.818650,한국 근대문학을 개척한 선구적 문필가이자 부천의 시인인 수주 변영로의 문학정신과 작품을 기념하기 위해 조성된 문학관이다.,관람 전 예습 동화와 방문 후 기념 동화책 배경,전시실에서 마음에 드는 작품이나 물건을 찾아 가족과 이야기하기,5-7;8-10,박물관;미술관;수주문학관;한국;근대문학을;개척한;선구적;문필가이자;부천의;시인인;수주;변영로의,수주문학관,공립,경기도 부천시 오정구 고리울로8번길 77,경기도 부천시 오정구 고강동 산90,032-320-6434,부천문화재단,http://www.bcmuseum.or.kr,,09:00,18:00,09:00,18:00,월(월요일이 공휴일인 경우 월요일 정상 개관 후 화요일에 휴관)+1월 1일+설 연휴+추석 연휴,0,0,0,0,한국 근대문학을 개척한 선구적 문필가이자 부천의 시인인 수주 변영로의 문학정신과 작품을 기념하기 위해 조성된 문학관이다.,원종역 2번출구에서 도보로 19분,032-625-3133,경기도 부천시청 문화예술과 문화종무팀,2025-06-30,3860000,경기도 부천시
전국박물관미술관정보표준데이터,https://www.data.go.kr/data/15017323/standard.do,2025-06-30,place,고강선사유적체험관,공립,경기도 부천시,경기도 부천시 오정구 고리울로8번길 77,37.524377,126.818650,청동기시대 고강 선사 문화의 가치를 널리 알리기 위해 2022년 개관한 체험형 전시공간이다.,관람 전 예습 동화와 방문 후 기념 동화책 배경,전시실에서 마음에 드는 작품이나 물건을 찾아 가족과 이야기하기,5-7;8-10,박물관;미술관;고강선사유적체험관;청동기시대;고강;선사;문화의;가치를;널리;알리기;위해;2022년,고강선사유적체험관,공립,경기도 부천시 오정구 고리울로8번길 77,경기도 부천시 오정구고강동 산90,032-320-6434,부천문화재단,http://www.bcmuseum.or.kr,,09:00,18:00,09:00,18:00,월(월요일이 공휴일인 경우 월요일 정상 개관 후 화요일에 휴관)+1월 1일+설 연휴+추석 연휴,0,0,0,0,청동기시대 고강 선사 문화의 가치를 널리 알리기 위해 2022년 개관한 체험형 전시공간이다.,원종역 2번출구에서 도보로 19분,032-625-3133,경기도 부천시청 문화예술과 문화종무팀,2025-06-30,3860000,경기도 부천시
전국박물관미술관정보표준데이터,https://www.data.go.kr/data/15017323/standard.do,2025-06-27,place,한국기독교선교박물관,사립,부산광역시 동래구,부산광역시 동래구 충렬대로202번가길 13,35.20171298,129.0824401,"2009년 개관, 2015년 사립박물관으로 등록, 한국 기독교 성장 과정을 이해할 수 있다",관람 전 예습 동화와 방문 후 기념 동화책 배경,전시실에서 마음에 드는 작품이나 물건을 찾아 가족과 이야기하기,5-7;8-10,박물관;미술관;한국기독교선교박물관;2009년;개관;2015년;사립박물관으로;등록;한국;기독교;성장;과정을,한국기독교선교박물관,사립,부산광역시 동래구 충렬대로202번가길 13,,051-555-3096,한국기독교선교박물관,https://museum-kcm.or.kr,,10:00,17:00,10:00,17:00,일요일+월요일+공휴일 및 명절연휴기간,0,0,0,,"2009년 개관, 2015년 사립박물관으로 등록, 한국 기독교 성장 과정을 이해할 수 있다",수안역 2번 출구,051-555-3096,한국기독교선교박물관,2025-06-27,3300000,부산광역시 동래구
전국박물관미술관정보표준데이터,https://www.data.go.kr/data/15017323/standard.do,2025-06-23,place,마       한       관,공립,전북특별자치도 익산시,전북특별자치도 익산시 금마면 고도9길 41-14,36.00153068,127.0570706,"익산 마한박물관은  2008년 4월 개관, 2013년 7월 이후 익산 출토 국가귀속유물을 인수하여 현재 전시 및 보관·관리하고 있는 박물관임",관람 전 예습 동화와 방문 후 기념 동화책 배경,전시실에서 마음에 드는 작품이나 물건을 찾아 가족과 이야기하기,5-7;8-10,박물관;미술관;마;한;관;익산;마한박물관은;2008년;4월;개관;2013년;7월,마       한       관,공립,전북특별자치도 익산시 금마면 고도9길 41-14,전북특별자치도 익산시 금마면 동고도리 534-3,063-859-4827,전북특별자치도 익산시 유적전시관-마한관,http://www.iksan.go.kr/mahan,,09:00,18:00,09:00,18:00,매주 월요일,0,0,0,,"익산 마한박물관은  2008년 4월 개관, 2013년 7월 이후 익산 출토 국가귀속유물을 인수하여 현재 전시 및 보관·관리하고 있는 박물관임",버스: 222+222-3+61+64+41+41-1+60+60-1+60-2+62+63+65,063-859-4827,유적전시관-마한관,2025-06-23,4681000,전북특별자치도 익산시
전국박물관미술관정보표준데이터,https://www.data.go.kr/data/15017323/standard.do,2025-06-23,place,왕궁리유적전시관,공립,전북특별자치도 익산시,전북특별자치도 익산시 왕궁면 궁성로 666,35.97155978,127.0558096,"2008년 개관한 전시관으로 왕궁리5층석탑이 위치한 곳에 자리, 유적발굴조사 과정에서 출토된 다양한 유물을 전시한 박물관임",관람 전 예습 동화와 방문 후 기념 동화책 배경,전시실에서 마음에 드는 작품이나 물건을 찾아 가족과 이야기하기,5-7;8-10,박물관;미술관;왕궁리유적전시관;2008년;개관한;전시관으로;왕궁리5층석탑이;위치한;곳에;자리;유적발굴조사;과정에서,왕궁리유적전시관,공립,전북특별자치도 익산시 왕궁면 궁성로 666,전북특별자치도 익산시 왕궁면 왕궁리 562,063-859-4798,전북특별자치도 익산시 유적전시관,http://www.iksan.go.kr/wg,,09:00,18:00,09:00,18:00,매주 월요일,0,0,0,,"2008년 개관한 전시관으로 왕궁리5층석탑이 위치한 곳에 자리, 유적발굴조사 과정에서 출토된 다양한 유물을 전시한 박물관임",버스: 65+65-1,063-859-4798,유적전시관,2025-06-23,4681000,전북특별자치도 익산시
전국박물관미술관정보표준데이터,https://www.data.go.kr/data/15017323/standard.do,2025-06-23,place,익산 보석박물관,공립,전북특별자치도 익산시,전북특별자치도 익산시 왕궁면 호반로 8,35.99061351,127.102548,전국유일 보석박물관,관람 전 예습 동화와 방문 후 기념 동화책 배경,전시실에서 마음에 드는 작품이나 물건을 찾아 가족과 이야기하기,5-7;8-10,박물관;미술관;익산;보석박물관;전국유일,익산 보석박물관,공립,전북특별자치도 익산시 왕궁면 호반로 8,전북특별자치도 익산시 왕궁면 동용리 541-1,063-859-4772,전북특별자치도 익산시 보석박물관,http://www.jewelmuseum.go.kr,카페테리아+식당,10:00,18:00,10:00,18:00,매주 월요일,3000,2000,1000,익산 시민 할인,전국유일 보석박물관,좌석버스 555번,063-859-4772,익산보석박물관,2025-06-23,4681000,전북특별자치도 익산시
전국박물관미술관정보표준데이터,https://www.data.go.kr/data/15017323/standard.do,2024-03-18,place,오죽헌시립박물관,공립,강원특별자치도 강릉시,강원특별자치도 강릉시 율곡로 3139번길 24,37.77830804,128.8767146,오죽헌시립박물관을(를) 배경으로 관람 전후 동화를 만들 수 있다.,관람 전 예습 동화와 방문 후 기념 동화책 배경,전시실에서 마음에 드는 작품이나 물건을 찾아 가족과 이야기하기,5-7;8-10,박물관;미술관;오죽헌시립박물관,오죽헌시립박물관,공립,강원특별자치도 강릉시 율곡로 3139번길 24,,033-660-3301,오죽헌시립박물관,,,09:00,18:00,09:00,18:00,1월 1일+설 연휴+추석 연휴,3000,2000,1000,,,,033-640-5117,강원특별자치도 강릉시청 문화예술과,2024-03-18,4201000,강원특별자치도 강릉시
전국박물관미술관정보표준데이터,https://www.data.go.kr/data/15017323/standard.do,2024-03-18,place,대관령박물관,공립,강원특별자치도 강릉시,강원특별자치도 강릉시 성산면 대관령옛길 1,37.71677638,128.8040296,대관령박물관을(를) 배경으로 관람 전후 동화를 만들 수 있다.,관람 전 예습 동화와 방문 후 기념 동화책 배경,전시실에서 마음에 드는 작품이나 물건을 찾아 가족과 이야기하기,5-7;8-10,박물관;미술관;대관령박물관,대관령박물관,공립,강원특별자치도 강릉시 성산면 대관령옛길 1,,033-660-3830,오죽헌시립박물관,,,09:00,18:00,09:00,18:00,1월 1일+설 연휴+추석 연휴,1000,700,400,,,,033-640-5117,강원특별자치도 강릉시청 문화예술과,2024-03-18,4201000,강원특별자치도 강릉시
전국박물관미술관정보표준데이터,https://www.data.go.kr/data/15017323/standard.do,2024-03-18,place,숲사랑(산불방지)홍보관,공립,강원특별자치도 강릉시,강원특별자치도 강릉시 사천면 미노길 1,37.81715301,128.8513187,숲사랑(산불방지)홍보관을(를) 배경으로 관람 전후 동화를 만들 수 있다.,관람 전 예습 동화와 방문 후 기념 동화책 배경,전시실에서 마음에 드는 작품이나 물건을 찾아 가족과 이야기하기,5-7;8-10,박물관;미술관;숲사랑(산불방지)홍보관,숲사랑(산불방지)홍보관,공립,강원특별자치도 강릉시 사천면 미노길 1,,033-644-4852,강릉관광개발공사,,,09:00,18:00,09:00,18:00,월,0,0,0,,,,033-640-5117,강원특별자치도 강릉시청 문화예술과,2024-03-18,4201000,강원특별자치도 강릉시
전국박물관미술관정보표준데이터,https://www.data.go.kr/data/15017323/standard.do,2024-03-18,place,"허균,허난설헌기념관",공립,강원특별자치도 강릉시,강원특별자치도 강릉시 난설헌로 193번길 1-29,37.79103213,128.9095525,"허균,허난설헌기념관을(를) 배경으로 관람 전후 동화를 만들 수 있다.",관람 전 예습 동화와 방문 후 기념 동화책 배경,전시실에서 마음에 드는 작품이나 물건을 찾아 가족과 이야기하기,5-7;8-10,박물관;미술관;허균;허난설헌기념관,"허균,허난설헌기념관",공립,강원특별자치도 강릉시 난설헌로 193번길 1-29,,033-640-4798,강릉시 문화예술과,,,09:00,18:00,09:00,18:00,월,0,0,0,,,,033-640-5117,강원특별자치도 강릉시청 문화예술과,2024-03-18,4201000,강원특별자치도 강릉시
전국박물관미술관정보표준데이터,https://www.data.go.kr/data/15017323/standard.do,2024-03-18,place,김시습기념관,공립,강원특별자치도 강릉시,강원특별자치도 강릉시 운정길 85,37.78624734,128.8876174,김시습기념관을(를) 배경으로 관람 전후 동화를 만들 수 있다.,관람 전 예습 동화와 방문 후 기념 동화책 배경,전시실에서 마음에 드는 작품이나 물건을 찾아 가족과 이야기하기,5-7;8-10,박물관;미술관;김시습기념관,김시습기념관,공립,강원특별자치도 강릉시 운정길 85,,033-644-4600,강릉시 문화예술과,,,09:00,18:00,09:00,18:00,월+화,0,0,0,,,,033-640-5117,강원특별자치도 강릉시청 문화예술과,2024-03-18,4201000,강원특별자치도 강릉시
전국박물관미술관정보표준데이터,https://www.data.go.kr/data/15017323/standard.do,2024-03-18,place,강릉원주대학교박물관,대학,강원특별자치도 강릉시,강원특별자치도 강릉시 죽헌길 7,37.76569493,128.8700048,강릉원주대학교박물관을(를) 배경으로 관람 전후 동화를 만들 수 있다.,관람 전 예습 동화와 방문 후 기념 동화책 배경,전시실에서 마음에 드는 작품이나 물건을 찾아 가족과 이야기하기,5-7;8-10,박물관;미술관;강릉원주대학교박물관,강릉원주대학교박물관,대학,강원특별자치도 강릉시 죽헌길 7,,033-640-2596,강릉원주대학교,,,09:00,18:00,00:00,00:00,토+일+공휴일,0,0,0,,,,033-640-5117,강원특별자치도 강릉시청 문화예술과,2024-03-18,4201000,강원특별자치도 강릉시
전국박물관미술관정보표준데이터,https://www.data.go.kr/data/15017323/standard.do,2024-03-18,place,가톨릭관동대학교박물관,대학,강원특별자치도 강릉시,강원특별자치도 강릉시 범일로579번길 24,37.73732878,128.8737046,가톨릭관동대학교박물관을(를) 배경으로 관람 전후 동화를 만들 수 있다.,관람 전 예습 동화와 방문 후 기념 동화책 배경,전시실에서 마음에 드는 작품이나 물건을 찾아 가족과 이야기하기,5-7;8-10,박물관;미술관;가톨릭관동대학교박물관,가톨릭관동대학교박물관,대학,강원특별자치도 강릉시 범일로579번길 24,,033-649-7851,가톨릭관동대학교,,,09:00,17:00,00:00,00:00,토+일+공휴일,0,0,0,,,,033-640-5117,강원특별자치도 강릉시청 문화예술과,2024-03-18,4201000,강원특별자치도 강릉시
전국박물관미술관정보표준데이터,https://www.data.go.kr/data/15017323/standard.do,2024-03-18,place,참소리축음기박물관,사립,강원특별자치도 강릉시,강원특별자치도 강릉시 경포로 393,37.79796032,128.897388,참소리축음기박물관을(를) 배경으로 관람 전후 동화를 만들 수 있다.,관람 전 예습 동화와 방문 후 기념 동화책 배경,전시실에서 마음에 드는 작품이나 물건을 찾아 가족과 이야기하기,5-7;8-10,박물관;미술관;참소리축음기박물관,참소리축음기박물관,사립,강원특별자치도 강릉시 경포로 393,,033-655-1130,참소리축음기박물관,,,10:00,17:00,10:00,17:00,연중무휴,15000,12000,9000,,,,033-640-5117,강원특별자치도 강릉시청 문화예술과,2024-03-18,4201000,강원특별자치도 강릉시
전국박물관미술관정보표준데이터,https://www.data.go.kr/data/15017323/standard.do,2024-03-18,place,에디슨과학박물관,사립,강원특별자치도 강릉시,강원특별자치도 강릉시 경포로 371번길 26,37.7973369,128.8970998,에디슨과학박물관을(를) 배경으로 관람 전후 동화를 만들 수 있다.,관람 전 예습 동화와 방문 후 기념 동화책 배경,전시실에서 마음에 드는 작품이나 물건을 찾아 가족과 이야기하기,5-7;8-10,박물관;미술관;에디슨과학박물관,에디슨과학박물관,사립,강원특별자치도 강릉시 경포로 371번길 26,,033-655-1131,참소리축음기박물관,,,10:00,17:00,10:00,17:00,연중무휴,15000,12000,9000,,,,033-640-5117,강원특별자치도 강릉시청 문화예술과,2024-03-18,4201000,강원특별자치도 강릉시
전국박물관미술관정보표준데이터,https://www.data.go.kr/data/15017323/standard.do,2024-03-18,place,손성목영화박물관,사립,강원특별자치도 강릉시,강원특별자치도 강릉시 경포로 399,37.79812044,128.8978546,손성목영화박물관을(를) 배경으로 관람 전후 동화를 만들 수 있다.,관람 전 예습 동화와 방문 후 기념 동화책 배경,전시실에서 마음에 드는 작품이나 물건을 찾아 가족과 이야기하기,5-7;8-10,박물관;미술관;손성목영화박물관,손성목영화박물관,사립,강원특별자치도 강릉시 경포로 399,,033-655-1130,참소리축음기박물관,,,10:00,17:00,10:00,17:00,연중무휴,15000,12000,9000,,,,033-640-5117,강원특별자치도 강릉시청 문화예술과,2024-03-18,4201000,강원특별자치도 강릉시
전국박물관미술관정보표준데이터,https://www.data.go.kr/data/15017323/standard.do,2025-02-11,place,부채박물관,사립,전북특별자치도 전주시,전북특별자치도 전주시 완산구 천경로 37,35.80982205,127.1531135,부채박물관을(를) 배경으로 관람 전후 동화를 만들 수 있다.,관람 전 예습 동화와 방문 후 기념 동화책 배경,전시실에서 마음에 드는 작품이나 물건을 찾아 가족과 이야기하기,5-7;8-10,박물관;미술관;부채박물관,부채박물관,사립,전북특별자치도 전주시 완산구 천경로 37,전북특별자치도 전주시 완산구 동서학동 83-2,063-231-8527,부채박물관,http://fanmuseum.co.kr,,10:00,18:00,10:00,18:00,연중무휴,1000,1000,1000,무료(체험자+미취학아동+65세 이상(가족동반 관람시)),,,063-231-8527,부채박물관,2025-02-11,4641000,전북특별자치도 전주시
전국박물관미술관정보표준데이터,https://www.data.go.kr/data/15017323/standard.do,2025-02-11,place,어진박물관,공립,전북특별자치도 전주시,"전북특별자치도 전주시 완산구 태조로 44, 1동",35.815519,127.1501202,어진박물관을(를) 배경으로 관람 전후 동화를 만들 수 있다.,관람 전 예습 동화와 방문 후 기념 동화책 배경,전시실에서 마음에 드는 작품이나 물건을 찾아 가족과 이야기하기,5-7;8-10,박물관;미술관;어진박물관,어진박물관,공립,"전북특별자치도 전주시 완산구 태조로 44, 1동",전북특별자치도 전주시 완산구 풍남동3가 91-5,063-231-0090,전주문화사랑회,http://www.eojinmuseum.org,문화상품점,09:00,18:00,09:00,18:00,월+신정,3000,2000,1000,경기전 입장료 동일적용+무료(영유아 및 만 65세 이상),,,063-281-5139,전북특별자치도 전주시청,2025-02-11,4641000,전북특별자치도 전주시
전국박물관미술관정보표준데이터,https://www.data.go.kr/data/15017323/standard.do,2025-02-11,place,예수병원의학박물관,사립,전북특별자치도 전주시,전북특별자치도 전주시 완산구 서원로 394,35.81484077,127.1366225,예수병원의학박물관을(를) 배경으로 관람 전후 동화를 만들 수 있다.,관람 전 예습 동화와 방문 후 기념 동화책 배경,전시실에서 마음에 드는 작품이나 물건을 찾아 가족과 이야기하기,5-7;8-10,박물관;미술관;예수병원의학박물관,예수병원의학박물관,사립,전북특별자치도 전주시 완산구 서원로 394,전북특별자치도 전주시 완산구 중화산동1가 190,063-230-8778,예수병원,,주차장,09:00,17:00,00:00,00:00,월+일+법정공휴일,0,0,0,,,,063-230-8778,예수병원,2025-02-11,4641000,전북특별자치도 전주시
전국박물관미술관정보표준데이터,https://www.data.go.kr/data/15017323/standard.do,2025-02-11,place,완판본문화관,사립,전북특별자치도 전주시,전북특별자치도 전주시 완산구 전주천동로 24,35.81196229,127.1579796,완판본문화관을(를) 배경으로 관람 전후 동화를 만들 수 있다.,관람 전 예습 동화와 방문 후 기념 동화책 배경,전시실에서 마음에 드는 작품이나 물건을 찾아 가족과 이야기하기,5-7;8-10,박물관;미술관;완판본문화관,완판본문화관,사립,전북특별자치도 전주시 완산구 전주천동로 24,전북특별자치도 전주시 완산구 교동 19-3,063-231-2212,대장경문화학교,https://wanpanbon.modoo.at/,,10:00,17:00,10:00,17:00,월+신정,0,0,0,,,,063-231-2212,대장경문화학교,2025-02-11,4641000,전북특별자치도 전주시
전국박물관미술관정보표준데이터,https://www.data.go.kr/data/15017323/standard.do,2025-02-11,place,전북대학교부속박물관,대학,전북특별자치도 전주시,전북특별자치도 전주시 덕진구 백제대로 567,35.8411407,127.1315899700,전북대학교부속박물관을(를) 배경으로 관람 전후 동화를 만들 수 있다.,관람 전 예습 동화와 방문 후 기념 동화책 배경,전시실에서 마음에 드는 작품이나 물건을 찾아 가족과 이야기하기,5-7;8-10,박물관;미술관;전북대학교부속박물관,전북대학교부속박물관,대학,전북특별자치도 전주시 덕진구 백제대로 567,전북특별자치도 전주시 덕진구 덕진동1가 664-14,063-270-3488,전북대학교,http://museum.jbnu.ac.kr,주차장,09:30,17:30,00:00,00:00,일+법정공휴일,0,0,0,,,,063-270-3488,전북대학교,2025-02-11,4641000,전북특별자치도 전주시
전국박물관미술관정보표준데이터,https://www.data.go.kr/data/15017323/standard.do,2025-02-11,place,전북대학교자연사박물관,대학,전북특별자치도 전주시,전북특별자치도 전주시 덕진구 백제대로 567,35.8411407,127.1315899700,전북대학교자연사박물관을(를) 배경으로 관람 전후 동화를 만들 수 있다.,관람 전 예습 동화와 방문 후 기념 동화책 배경,전시실에서 마음에 드는 작품이나 물건을 찾아 가족과 이야기하기,5-7;8-10,박물관;미술관;전북대학교자연사박물관,전북대학교자연사박물관,대학,전북특별자치도 전주시 덕진구 백제대로 567,전북특별자치도 전주시 덕진구 덕진동1가 664-14,063-219-5449,전북대학교,https://nhm.jbnu.ac.kr/,주차장,10:00,17:00,00:00,00:00,일+토+법정공휴일,0,0,0,,,,063-219-5462,전북대학교,2025-02-11,4641000,전북특별자치도 전주시
전국박물관미술관정보표준데이터,https://www.data.go.kr/data/15017323/standard.do,2025-05-27,place,수원광교박물관,공립,경기도 수원시,경기도 수원시 영통구 광교로 182,37.296351,127.051421,수원광교박물관은 2014년 3월 7일에 개관+ 광교신도시 개발지역에서 발굴된 선사시대부터 근현대 시기의 유물을 전시한 광교역사문화실과 사운 이종학실+ 소강 민관식실로 이루어짐.,관람 전 예습 동화와 방문 후 기념 동화책 배경,전시실에서 마음에 드는 작품이나 물건을 찾아 가족과 이야기하기,5-7;8-10,박물관;미술관;수원광교박물관;수원광교박물관은;2014년;3월;7일에;개관+;광교신도시;개발지역에서;발굴된;선사시대부터,수원광교박물관,공립,경기도 수원시 영통구 광교로 182,경기도 수원시 영통구 이의동 403-2,031-228-4175,수원광교박물관,https://smuseum.suwon.go.kr/gg/main/view,카페테리아+수유실+물품보관소+자전거보관대,09:00,18:00,09:00,18:00,월(월요일이 공휴일인 경우 그 다음날 휴관),2000,1000,0,1. 국빈·외국사절단 및 그 수행자 무료+2. 국가유공자 무료+3. 장애인과 동반 1인  무료+4. 12세 이하의 어린이 및 65세 이상의 노인 무료,수원광교박물관은 2014년 3월 7일에 개관+ 광교신도시 개발지역에서 발굴된 선사시대부터 근현대 시기의 유물을 전시한 광교역사문화실과 사운 이종학실+ 소강 민관식실로 이루어짐.,버스 : (좌석버스) M5115+M5121+3002+3007+M5422+7002+4000+4500 +(공항버스) 8165+8852+ (일반) 60+400+400-4+5-3+700-2+720-1+720-2+7-2+19+80+201+670+(마을)2+6,031-228-4175,경기도 수원시,2025-05-27,3740000,경기도 수원시
전국박물관미술관정보표준데이터,https://www.data.go.kr/data/15017323/standard.do,2025-05-27,place,수원화성박물관,공립,경기도 수원시,경기도 수원시 팔달구 창룡대로 21,37.282591,127.018985,세계문화유산 수원화성의 중심부에 자리잡아 접근성이 용이하고 모형과 관련 유물의 전시를 통해 화성 축성에 대한 전반을 이해할 수 있게 건립되었습니다,관람 전 예습 동화와 방문 후 기념 동화책 배경,전시실에서 마음에 드는 작품이나 물건을 찾아 가족과 이야기하기,5-7;8-10,박물관;미술관;수원화성박물관;세계문화유산;수원화성의;중심부에;자리잡아;접근성이;용이하고;모형과;관련;유물의,수원화성박물관,공립,경기도 수원시 팔달구 창룡대로 21,경기도 수원시 팔달구 매향동 49,031-228-4242,수원화성박물관,https://smuseum.suwon.go.kr/hs/main/view,카페테리아+뮤지업샵+수유실+물품보관실,09:00,18:00,09:00,18:00,월(월요일이 공휴일인 경우 그 다음날 휴관),2000,1000,0,1. 국빈·외국사절단 및 그 수행자 무료+2. 국가유공자 무료+3. 장애인과 동반 1인  무료+4. 12세 이하의 어린이 및 65세 이상의 노인 무료,세계문화유산 수원화성의 중심부에 자리잡아 접근성이 용이하고 모형과 관련 유물의 전시를 통해 화성 축성에 대한 전반을 이해할 수 있게 건립되었습니다,버스 : (팔달구청)11+60+400+400A+700-2+1+1007+ (화성행궁) 3+13+25+27+35+60+61+62-1+64+65+66+66-4+82-1+88+98+112+700-2+1007,031-228-4242,경기도 수원시,2025-05-27,3740000,경기도 수원시
전국박물관미술관정보표준데이터,https://www.data.go.kr/data/15017323/standard.do,2025-05-27,place,수원박물관,공립,경기도 수원시,경기도 수원시 영통구 창룡대로 265,37.297646,127.035631,수원박물관은 2008년 10월 1일에 개관+ 수원의 유구한 역사와 문화를 다양하게 보여주는 수원역사박물관과 한국 서예사를 한 눈에 볼 수 있는 한국서예박물관으로 이루어짐.,관람 전 예습 동화와 방문 후 기념 동화책 배경,전시실에서 마음에 드는 작품이나 물건을 찾아 가족과 이야기하기,5-7;8-10,박물관;미술관;수원박물관;수원박물관은;2008년;10월;1일에;개관+;수원의;유구한;역사와;문화를,수원박물관,공립,경기도 수원시 영통구 창룡대로 265,경기도 수원시 영통구 이의동 1088-10,031-228-4150,수원박물관,https://smuseum.suwon.go.kr/sw/main/view,뮤지엄샵+북카페+수유실+물품보관소+자전거보관대,09:00,18:00,09:00,18:00,월(월요일이 공휴일인 경우 그 다음날 휴관),2000,1000,0,1. 국빈·외국사절단 및 그 수행자 무료+2. 국가유공자 무료+3. 장애인과 동반 1인  무료+4. 12세 이하의 어린이 및 65세 이상의 노인 무료,수원박물관은 2008년 10월 1일에 개관+ 수원의 유구한 역사와 문화를 다양하게 보여주는 수원역사박물관과 한국 서예사를 한 눈에 볼 수 있는 한국서예박물관으로 이루어짐.,버스 : (좌석버스) 1007+3007+3008+4000+4500+7000+7001+8800+ (일반) 7+19+60+80+400+400-4+720-1+ (마을) 6,031-228-4150,경기도 수원시,2025-05-27,3740000,경기도 수원시
전국박물관미술관정보표준데이터,https://www.data.go.kr/data/15017323/standard.do,2025-02-11,place,전주난장,사립,전북특별자치도 전주시,전북특별자치도 전주시 완산구 동문길 33-20,35.81853922,127.1525553,전주난장을(를) 배경으로 관람 전후 동화를 만들 수 있다.,관람 전 예습 동화와 방문 후 기념 동화책 배경,전시실에서 마음에 드는 작품이나 물건을 찾아 가족과 이야기하기,5-7;8-10,박물관;미술관;전주난장,전주난장,사립,전북특별자치도 전주시 완산구 동문길 33-20,전북특별자치도 전주시 완산구 풍남동2가 32-5,063-244-0001,전주난장,http://www.jjnanjang.com,,10:00,20:00,09:30,20:30,연중무휴,8500,6000,5000,성인단체 20인이상 7000원+인터넷 예약 시 할인,,,063-244-0001,전주난장,2025-02-11,4641000,전북특별자치도 전주시
전국박물관미술관정보표준데이터,https://www.data.go.kr/data/15017323/standard.do,2025-02-11,place,전주대학교박물관,대학,전북특별자치도 전주시,전북특별자치도 전주시 완산구 천잠로 303,35.81616417,127.0888841,전주대학교박물관을(를) 배경으로 관람 전후 동화를 만들 수 있다.,관람 전 예습 동화와 방문 후 기념 동화책 배경,전시실에서 마음에 드는 작품이나 물건을 찾아 가족과 이야기하기,5-7;8-10,박물관;미술관;전주대학교박물관,전주대학교박물관,대학,전북특별자치도 전주시 완산구 천잠로 303,전북특별자치도 전주시 완산구 효자동3가 산 218-1,063-220-2158,전주대학교,https://museum.jj.ac.kr,,09:00,17:00,00:00,00:00,일+토+법정공휴일+개교기념일,0,0,0,,,,063-220-2158,전주대학교,2025-02-11,4641000,전북특별자치도 전주시
전국박물관미술관정보표준데이터,https://www.data.go.kr/data/15017323/standard.do,2025-02-11,place,전주미술관,사립,전북특별자치도 전주시,전북특별자치도 전주시 완산구 풍남문4길 25-26,35.8148935,127.1445576,전주미술관을(를) 배경으로 관람 전후 동화를 만들 수 있다.,관람 전 예습 동화와 방문 후 기념 동화책 배경,전시실에서 마음에 드는 작품이나 물건을 찾아 가족과 이야기하기,5-7;8-10,박물관;미술관;전주미술관,전주미술관,사립,전북특별자치도 전주시 완산구 풍남문4길 25-26,전북특별자치도 전주시 완산구 중앙동4가 31-18,063-283-8887,전주미술관,http://www.jeonjumuseum.com (홈페이지 점검 중),아트샵+주차장,09:00,18:00,09:00,18:00,월+신정+설날 연휴+추석 연휴,5000,3000,2000,할인(도민(신분증 제시)+경로+장애인+국가유공자),,,063-283-8887,(사)한국사립미술관협회,2025-02-11,4641000,전북특별자치도 전주시
전국박물관미술관정보표준데이터,https://www.data.go.kr/data/15017323/standard.do,2025-02-11,place,전주역사박물관,공립,전북특별자치도 전주시,전북특별자치도 전주시 완산구 쑥고개로 259,35.8011446,127.0933286,전주역사박물관을(를) 배경으로 관람 전후 동화를 만들 수 있다.,관람 전 예습 동화와 방문 후 기념 동화책 배경,전시실에서 마음에 드는 작품이나 물건을 찾아 가족과 이야기하기,5-7;8-10,박물관;미술관;전주역사박물관,전주역사박물관,공립,전북특별자치도 전주시 완산구 쑥고개로 259,전북특별자치도 전주시 완산구 효자동2가 921-3,063-228-6485,전주문화사랑회,http://www.jeonjumuseum.org,문화상품점+물품보관소+수유실+자전거보관대,09:00,18:00,09:00,18:00,월+신정,0,0,0,,,,063-228-6485,전북특별자치도 전주시청,2025-02-11,4641000,전북특별자치도 전주시
전국박물관미술관정보표준데이터,https://www.data.go.kr/data/15017323/standard.do,2025-02-11,place,전주자연생태관,공립,전북특별자치도 전주시,전북특별자치도 전주시 완산구 바람쐬는길 21,35.81159258,127.1625872,전주자연생태관을(를) 배경으로 관람 전후 동화를 만들 수 있다.,관람 전 예습 동화와 방문 후 기념 동화책 배경,전시실에서 마음에 드는 작품이나 물건을 찾아 가족과 이야기하기,5-7;8-10,박물관;미술관;전주자연생태관,전주자연생태관,공립,전북특별자치도 전주시 완산구 바람쐬는길 21,전북특별자치도 전주시 완산구 교동 951-1,063-288-9540,전북특별자치도 전주시청,http://ecomuseum.jeonju.go.kr,주차장+쉼터+정자+수유실+운동기구,09:00,18:00,09:00,18:00,월+신정+설날 당일+추석 당일,2000,1000,500,할인(20인 이상 단체)+무료(국가유공자와 유족+장애인 복지카드 소지자 및 동행 보호자 1인+만 6세 이하 어린이+만 65세 이상 어르신+전주시 다둥이 카드 소지자+전주시민 중 장기기증자(장기기증등록자)+의사상자 증서 소지자+병역명문가증 소지자),,,063-281-5253,전북특별자치도 전주시청,2025-02-11,4641000,전북특별자치도 전주시
전국박물관미술관정보표준데이터,https://www.data.go.kr/data/15017323/standard.do,2025-02-11,place,전주전통술박물관,공립,전북특별자치도 전주시,전북특별자치도 전주시 완산구 한지길 74,35.81685036,127.1534667,전주전통술박물관을(를) 배경으로 관람 전후 동화를 만들 수 있다.,관람 전 예습 동화와 방문 후 기념 동화책 배경,전시실에서 마음에 드는 작품이나 물건을 찾아 가족과 이야기하기,5-7;8-10,박물관;미술관;전주전통술박물관,전주전통술박물관,공립,전북특별자치도 전주시 완산구 한지길 74,전북특별자치도 전주시 완산구 풍남동3가 39-3,063-287-6305,전북특별자치도 전주시청,http://urisul.net,,09:00,18:00,09:00,18:00,월,0,0,0,,,,063-287-6305,전북특별자치도 전주시청,2025-02-11,4641000,전북특별자치도 전주시
전국박물관미술관정보표준데이터,https://www.data.go.kr/data/15017323/standard.do,2025-02-11,place,전주한옥마을역사관,공립,전북특별자치도 전주시,전북특별자치도 전주시 완산구 최명희길 17-10,35.81589052,127.1530349,전주한옥마을역사관을(를) 배경으로 관람 전후 동화를 만들 수 있다.,관람 전 예습 동화와 방문 후 기념 동화책 배경,전시실에서 마음에 드는 작품이나 물건을 찾아 가족과 이야기하기,5-7;8-10,박물관;미술관;전주한옥마을역사관,전주한옥마을역사관,공립,전북특별자치도 전주시 완산구 최명희길 17-10,전북특별자치도 전주시 완산구 풍남동3가 51-2,063-286-5125,전북특별자치도 전주시청,,,10:00,18:00,10:00,18:00,월,0,0,0,,,,063-286-5125,전북특별자치도 전주시청,2025-02-11,4641000,전북특별자치도 전주시
전국박물관미술관정보표준데이터,https://www.data.go.kr/data/15017323/standard.do,2025-02-11,place,전주한지박물관,사립,전북특별자치도 전주시,전북특별자치도 전주시 덕진구 팔복로 59,35.84512928,127.0967046,전주한지박물관을(를) 배경으로 관람 전후 동화를 만들 수 있다.,관람 전 예습 동화와 방문 후 기념 동화책 배경,전시실에서 마음에 드는 작품이나 물건을 찾아 가족과 이야기하기,5-7;8-10,박물관;미술관;전주한지박물관,전주한지박물관,사립,전북특별자치도 전주시 덕진구 팔복로 59,전북특별자치도 전주시 덕진구 팔복동3가 410,063-210-8103,전주페이퍼,http://www.hanjimuseum.co.kr,,09:00,17:00,09:00,17:00,월+일+신정+설날 연휴+추석 연휴,0,0,0,,,,063-210-8103,전주페이퍼,2025-02-11,4641000,전북특별자치도 전주시
전국박물관미술관정보표준데이터,https://www.data.go.kr/data/15017323/standard.do,2025-02-11,place,전주현대미술관,사립,전북특별자치도 전주시,전북특별자치도 전주시 완산구 풍남문2길 98-1,35.81380222,127.1442048,전주현대미술관을(를) 배경으로 관람 전후 동화를 만들 수 있다.,관람 전 예습 동화와 방문 후 기념 동화책 배경,전시실에서 마음에 드는 작품이나 물건을 찾아 가족과 이야기하기,5-7;8-10,박물관;미술관;전주현대미술관,전주현대미술관,사립,전북특별자치도 전주시 완산구 풍남문2길 98-1,전북특별자치도 전주시 완산구 전동3가 56-1,063-284-0777,전주현대미술관,,,10:00,18:00,10:00,18:00,월,0,0,0,,,,063-284-0777,전주현대미술관,2025-02-11,4641000,전북특별자치도 전주시
전국박물관미술관정보표준데이터,https://www.data.go.kr/data/15017323/standard.do,2025-02-11,place,청목미술관,사립,전북특별자치도 전주시,"전북특별자치도 전주시 완산구 팔달로 232, 청목빌딩 1층",35.82290877,127.1455957,청목미술관을(를) 배경으로 관람 전후 동화를 만들 수 있다.,관람 전 예습 동화와 방문 후 기념 동화책 배경,전시실에서 마음에 드는 작품이나 물건을 찾아 가족과 이야기하기,5-7;8-10,박물관;미술관;청목미술관,청목미술관,사립,"전북특별자치도 전주시 완산구 팔달로 232, 청목빌딩 1층",전북특별자치도 전주시 완산구 서노송동 614-3,063-246-2222,재단법인 청목미술관,http://chungmokart.com,,10:00,17:30,10:00,17:30,월+신정+설날 당일+추석 당일,0,0,0,,,,063-246-2222,재단법인 청목미술관,2025-02-11,4641000,전북특별자치도 전주시
전국박물관미술관정보표준데이터,https://www.data.go.kr/data/15017323/standard.do,2025-02-11,place,호남기독교박물관,사립,전북특별자치도 전주시,"전북특별자치도 전주시 완산구 천잠로 303, 스타타워 A동",35.81616417,127.0888841,호남기독교박물관을(를) 배경으로 관람 전후 동화를 만들 수 있다.,관람 전 예습 동화와 방문 후 기념 동화책 배경,전시실에서 마음에 드는 작품이나 물건을 찾아 가족과 이야기하기,5-7;8-10,박물관;미술관;호남기독교박물관,호남기독교박물관,사립,"전북특별자치도 전주시 완산구 천잠로 303, 스타타워 A동",전북특별자치도 전주시 완산구 효자동3가 산 218-1,063-220-3117,전주대학교,https://blog.naver.com/jjmuseum2158,,09:00,17:00,00:00,00:00,일+토+법정 공휴일+개교기념일,0,0,0,,,,063-220-3117,전주대학교,2025-02-11,4641000,전북특별자치도 전주시
전국박물관미술관정보표준데이터,https://www.data.go.kr/data/15017323/standard.do,2025-03-31,place,검단선사박물관,공립,인천광역시 서구,인천광역시 서구 고산후로121번길 7,37.59444584,126.6986824,"검단선사박물관은 검단, 원당, 동양, 불로지구 등 인천 서북부지역의 도시개발 진행 과정에서 발굴된 도토류, 골각류, 금속류, 옥석유리류 등의 선사시대유물을 전시하고 있으며, 청동기시대 집터 및 돌널무덤(석관묘)을 발굴 당시 모습 그대로 이전 설치하였습니다",관람 전 예습 동화와 방문 후 기념 동화책 배경,전시실에서 마음에 드는 작품이나 물건을 찾아 가족과 이야기하기,5-7;8-10,박물관;미술관;검단선사박물관;검단선사박물관은;검단;원당;동양;불로지구;등;인천;서북부지역의;도시개발,검단선사박물관,공립,인천광역시 서구 고산후로121번길 7,인천광역시 서구 원당동 824-11,032-440-6790,검단선사박물관,http://www.incheon.go.kr/museum,,09:00,18:00,09:00,18:00,"월(단, 공휴일인 월요일은 제외)+1월1일",0,0,0,,"검단선사박물관은 검단, 원당, 동양, 불로지구 등 인천 서북부지역의 도시개발 진행 과정에서 발굴된 도토류, 골각류, 금속류, 옥석유리류 등의 선사시대유물을 전시하고 있으며, 청동기시대 집터 및 돌널무덤(석관묘)을 발굴 당시 모습 그대로 이전 설치하였습니다",인천 지하철 1호선 및 공항철도 계양역 하차 + 일반 30번/급행 97번 승차 + 원당사거리 하차 + 인천 지하철 2호선 완정역 하차 + 일반 30번/87번 승차 + 원당사거리 하차,032-440-6750,인천광역시립박물관,2025-03-31,6280000,인천광역시
전국박물관미술관정보표준데이터,https://www.data.go.kr/data/15017323/standard.do,2025-03-31,place,송암미술관,공립,인천광역시 미추홀구,인천광역시 미추홀구 비류대로55번길 68,37.4344431,126.6422184,"송암미술관에는 고대부터 현대까지 서화, 조각, 공예, 도자기 등 전 시대와 장르를 망라하여 총 9천여 점이 넘는 유물이 소장되어 있으며, 상설전은 주요 유물 300여점이 정기적으로 교체 전시됩니다.",관람 전 예습 동화와 방문 후 기념 동화책 배경,전시실에서 마음에 드는 작품이나 물건을 찾아 가족과 이야기하기,5-7;8-10,박물관;미술관;송암미술관;송암미술관에는;고대부터;현대까지;서화;조각;공예;도자기;등;전,송암미술관,공립,인천광역시 미추홀구 비류대로55번길 68,인천광역시 미추홀구 학익동 587-145,032-440-6777,송암미술관,http://www.incheon.go.kr/museum,,09:00,18:00,09:00,18:00,"월(단, 공휴일인 월요일은 제외)+1월1일",0,0,0,,"송암미술관에는 고대부터 현대까지 서화, 조각, 공예, 도자기 등 전 시대와 장르를 망라하여 총 9천여 점이 넘는 유물이 소장되어 있으며, 상설전은 주요 유물 300여점이 정기적으로 교체 전시됩니다.",송도고등학교 입구 하차 800m 도보 이용(112번)+옥련여고 입구 하차 1000m 도보 이용(9번+111-2번)+조개고개 하차 1000m 도보 이용(8번+16번),032-440-6750,인천광역시립박물관,2025-03-31,6280000,인천광역시
전국박물관미술관정보표준데이터,https://www.data.go.kr/data/15017323/standard.do,2025-03-31,place,한국이민사박물관,공립,인천광역시 중구,인천광역시 중구 월미로 329,37.4703348050,126.5974803708,한국이민사박물관은 2003년 미주 이민 100주년을 맞아 우리 선조들의 해외에서의 개척자적인 삶을 기리고 그 발자취를 후손들에게 전 하기 위해 인천광역시 시민들과 해외동포들이 함께 뜻을 모아서 건립한 우리나라 최초의 이민사박물관입니다.,관람 전 예습 동화와 방문 후 기념 동화책 배경,전시실에서 마음에 드는 작품이나 물건을 찾아 가족과 이야기하기,5-7;8-10,박물관;미술관;한국이민사박물관;한국이민사박물관은;2003년;미주;이민;100주년을;맞아;우리;선조들의;해외에서의,한국이민사박물관,공립,인천광역시 중구 월미로 329,인천광역시 중구 북성동1가 102-2,032-440-4710,한국이민사박물관,http://www.incheon.go.kr/museum,,09:00,18:00,09:00,18:00,"월(단, 공휴일인 월요일은 제외)+1월1일",0,0,0,,한국이민사박물관은 2003년 미주 이민 100주년을 맞아 우리 선조들의 해외에서의 개척자적인 삶을 기리고 그 발자취를 후손들에게 전 하기 위해 인천광역시 시민들과 해외동포들이 함께 뜻을 모아서 건립한 우리나라 최초의 이민사박물관입니다.,인천지하철 : 인천역 하차+버스 45번 승차+해사고등학교 앞 하차,032-440-6750,인천광역시립박물관,2025-03-31,6280000,인천광역시
전국박물관미술관정보표준데이터,https://www.data.go.kr/data/15017323/standard.do,2025-03-31,place,인천도시역사관,공립,인천광역시 연수구,인천광역시 연수구 인천타워대로 238,37.39281282,126.6358893,인천도시역사관은 국내 및 해외 도시의 홍보관과 차별화된 전략으로 글로벌 도시 마케팅 개념을 적용하여 인천의 과거와 현재 그리고 미래를 한 눈에 볼 수 있는 전시관입니다.,관람 전 예습 동화와 방문 후 기념 동화책 배경,전시실에서 마음에 드는 작품이나 물건을 찾아 가족과 이야기하기,5-7;8-10,박물관;미술관;인천도시역사관;인천도시역사관은;국내;및;해외;도시의;홍보관과;차별화된;전략으로;글로벌,인천도시역사관,공립,인천광역시 연수구 인천타워대로 238,인천광역시 연수구 송도동 24-7,032-850-6000,인천도시역사관,http://www.incheon.go.kr/museum,,09:00,18:00,09:00,18:00,"월(단, 공휴일인 월요일은 제외)+1월1일",0,0,0,,인천도시역사관은 국내 및 해외 도시의 홍보관과 차별화된 전략으로 글로벌 도시 마케팅 개념을 적용하여 인천의 과거와 현재 그리고 미래를 한 눈에 볼 수 있는 전시관입니다.,인천지하철 1호선 센트럴파크역 3번 출구+광역버스(M6405번+M6450번) 센트럴파크역 하차+급행버스(급행98번) 센트럴파크역 하차,032-440-6750,인천광역시립박물관,2025-03-31,6280000,인천광역시
전국박물관미술관정보표준데이터,https://www.data.go.kr/data/15017323/standard.do,2025-03-31,place,인천광역시립박물관,공립,인천광역시 연수구,인천광역시 연수구 청량로160번길 26,37.42070925,126.6531798,"인천광역시립박물관은 1946년 4월 개관한 우리나라 최초의 공립박물관으로 인천지역의 향토사와 문화유산을 조사, 연구하고 그 결과를 시민들에게 공개하여, 시민들을 위한 시민들의 공간으로 만들자는 취지로 설립되었습니다.",관람 전 예습 동화와 방문 후 기념 동화책 배경,전시실에서 마음에 드는 작품이나 물건을 찾아 가족과 이야기하기,5-7;8-10,박물관;미술관;인천광역시립박물관;인천광역시립박물관은;1946년;4월;개관한;우리나라;최초의;공립박물관으로;인천지역의;향토사와,인천광역시립박물관,공립,인천광역시 연수구 청량로160번길 26,인천광역시 연수구 옥련동 525,032-440-6750,인천광역시립박물관,http://www.incheon.go.kr/museum,,09:00,18:00,09:00,18:00,"월(단, 공휴일인 월요일은 제외)+1월1일",0,0,0,,"인천광역시립박물관은 1946년 4월 개관한 우리나라 최초의 공립박물관으로 인천지역의 향토사와 문화유산을 조사, 연구하고 그 결과를 시민들에게 공개하여, 시민들을 위한 시민들의 공간으로 만들자는 취지로 설립되었습니다.",시내버스(16번+65-1번) 마을버스(523번) 이용 축현초등학교 하차후 도보 5분+인천e음45번 이용 인천시립박물관 하차 후 도보 2분,032-440-6750,인천광역시립박물관,2025-03-31,6280000,인천광역시
전국박물관미술관정보표준데이터,https://www.data.go.kr/data/15017323/standard.do,2019-09-17,place,국립아시아문화전당(문화창조원),국립,광주광역시 동구,광주광역시 동구 문화전당로 38,35.1467193,126.9202542,"국립아시아문화전당 내 전시 중심 운영기관/ 전 세계인들이 공감할 수 있는 동시대 주요 주제와 이슈, 아시아를 중심으로 세계 역사와 문화에 대하여 예술부야를 비롯한 다학제적 결합과 창제작을 기반으로 한 다양한 전시를 선보이는 기관",관람 전 예습 동화와 방문 후 기념 동화책 배경,전시실에서 마음에 드는 작품이나 물건을 찾아 가족과 이야기하기,5-7;8-10,박물관;미술관;국립아시아문화전당(문화창조원);국립아시아문화전당;내;전시;중심;운영기관/;전;세계인들이;공감할;수,국립아시아문화전당(문화창조원),국립,광주광역시 동구 문화전당로 38,광주광역시 동구 광산동13,1899-5566,국립아시아문화전당(아시아문화원),https://www.acc.go.kr/http://www.aci-k.kr/,,10:00,18:00,10:00,18:00,"매주 월요일, 1월1일",0,0,0,유료전시 관람료 별도책정,"국립아시아문화전당 내 전시 중심 운영기관/ 전 세계인들이 공감할 수 있는 동시대 주요 주제와 이슈, 아시아를 중심으로 세계 역사와 문화에 대하여 예술부야를 비롯한 다학제적 결합과 창제작을 기반으로 한 다양한 전시를 선보이는 기관","지하철로 오시는 길문화전당역에서 하차(5번,6번 출입구)버스로 오시는 길국립아시아문화전당 또는 문화전당역 이용https://www.acc.go.kr/guide/Map/view 참조",1899-5566,아시아문화원,2019-09-17,B553558,아시아문화원
전국박물관미술관정보표준데이터,https://www.data.go.kr/data/15017323/standard.do,2025-04-14,place,신평생활사박물관,국립,전북특별자치도 임실군,전북특별자치도 임실군 신평면 석등슬치로369,35.65705012,127.223673,2002년12월24일 규모 지상2층이며 소장 전시유물은 650점입니다 직원과 12개 마을 주민들이 희사한 전근대 농촌 생활유물을 전시조상들의 생활상을 엿볼 수 있는 임실군에 하나뿐인 생활사 박물관입니다,관람 전 예습 동화와 방문 후 기념 동화책 배경,전시실에서 마음에 드는 작품이나 물건을 찾아 가족과 이야기하기,5-7;8-10,박물관;미술관;신평생활사박물관;2002년12월24일;규모;지상2층이며;소장;전시유물은;650점입니다;직원과;12개;마을,신평생활사박물관,국립,전북특별자치도 임실군 신평면 석등슬치로369,전북특별자치도 임실군 신평면 원천리 212,063-640-4121,임실군 신평면사무소,,화장실,09:00,17:00,09:00,17:00,토요일+일요일,0,0,0,무료,2002년12월24일 규모 지상2층이며 소장 전시유물은 650점입니다 직원과 12개 마을 주민들이 희사한 전근대 농촌 생활유물을 전시조상들의 생활상을 엿볼 수 있는 임실군에 하나뿐인 생활사 박물관입니다,버스:203,063-640-4122,임실군 신평면사무소,2025-04-14,4761000,전북특별자치도 임실군
전국박물관미술관정보표준데이터,https://www.data.go.kr/data/15017323/standard.do,2025-04-05,place,숭실대학교 한국기독교박물관,대학,서울특별시 동작구,서울특별시 동작구 상도로 369,37.49642897,126.9551579,숭실대학교 한국기독교박물관을(를) 배경으로 관람 전후 동화를 만들 수 있다.,관람 전 예습 동화와 방문 후 기념 동화책 배경,전시실에서 마음에 드는 작품이나 물건을 찾아 가족과 이야기하기,5-7;8-10,박물관;미술관;숭실대학교;한국기독교박물관,숭실대학교 한국기독교박물관,대학,서울특별시 동작구 상도로 369,,02-820-0752,숭실대학교 한국기독교박물관,,,10:00,16:30,10:00,12:00,일+공휴일,0,0,0,,,,02-820-2946,서울특별시 동작구청,2025-04-05,3190000,서울특별시 동작구
전국박물관미술관정보표준데이터,https://www.data.go.kr/data/15017323/standard.do,2025-03-31,place,원주역사박물관,공립,강원특별자치도 원주시,강원특별자치도 원주시 봉산로 134,37.34309272,127.9664064,"원주시의 대표적인 박물관으로 ,원주의 고대시대부터 일제강점기까지 원주의 역사를 한눈에 살필수 있으며, 역사강좌, 체혐교실 등 다양한 문화프로그램도 운영중이다.",관람 전 예습 동화와 방문 후 기념 동화책 배경,전시실에서 마음에 드는 작품이나 물건을 찾아 가족과 이야기하기,5-7;8-10,박물관;미술관;원주역사박물관;원주시의;대표적인;박물관으로;원주의;고대시대부터;일제강점기까지;역사를;한눈에;살필수,원주역사박물관,공립,강원특별자치도 원주시 봉산로 134,강원특별자치도 원주시 봉산동 836-1,033-737-4371,강원특별자치도 원주시,http://whm.wonju.go.kr/,주말체험교실,09:00,18:00,09:00,18:00,월+명절당일+공휴일 익일,0,0,0,0,"원주시의 대표적인 박물관으로 ,원주의 고대시대부터 일제강점기까지 원주의 역사를 한눈에 살필수 있으며, 역사강좌, 체혐교실 등 다양한 문화프로그램도 운영중이다.",시내버스 5+5-1+5-2+80+81+81-1+82,033-737-4371,강원특별자치도 원주시청,2025-03-31,4191000,강원특별자치도 원주시
전국박물관미술관정보표준데이터,https://www.data.go.kr/data/15017323/standard.do,2025-03-31,place,뮤지엄산미술관,사립,강원특별자치도 원주시,강원특별자치도 원주시 지정면 오크밸리2길 260,37.41819781,127.8232354,"세계적인 건축가 안도 다다오가 설계한 아름다운 미술관이다. 2015년 한국관광공사가 진행한 <한국인이 꼭 가봐야할 한국관광100선>에 선정되기도 한 곳이다.  근현대 한국을 대표하는 이중섭, 박수근, 백남준 등 여러 주요작가들의 회화 및 판화드로잉 작품을 집중소장하고 있다. (매년 2회의 기획전시 개최)",관람 전 예습 동화와 방문 후 기념 동화책 배경,전시실에서 마음에 드는 작품이나 물건을 찾아 가족과 이야기하기,5-7;8-10,박물관;미술관;뮤지엄산미술관;세계적인;건축가;안도;다다오가;설계한;아름다운;미술관이다.;2015년;한국관광공사가,뮤지엄산미술관,사립,강원특별자치도 원주시 지정면 오크밸리2길 260,강원특별자치도 원주시 지정면 월송리 산129-5,033-730-9000,(재)한솔문화재단,www.museumsan.org,카페테리아+아트샵+수유실,10:30,18:00,10:30,18:00,월,18000,10000,0,제임스터렐관 13000원+명상관13000원 추가,"세계적인 건축가 안도 다다오가 설계한 아름다운 미술관이다. 2015년 한국관광공사가 진행한 <한국인이 꼭 가봐야할 한국관광100선>에 선정되기도 한 곳이다.  근현대 한국을 대표하는 이중섭, 박수근, 백남준 등 여러 주요작가들의 회화 및 판화드로잉 작품을 집중소장하고 있다. (매년 2회의 기획전시 개최)",셔틀버스(시외버스터미널 정류장),033-730-9000,강원특별자치도 원주시청,2025-03-31,4191000,강원특별자치도 원주시
전국박물관미술관정보표준데이터,https://www.data.go.kr/data/15017323/standard.do,2025-03-31,place,오랜미래신화미술관,사립,강원특별자치도 원주시,강원특별자치도 원주시 문막읍 취병로 711,37.35008342,127.7697485,한국 최초의 신화 테마 미술관,관람 전 예습 동화와 방문 후 기념 동화책 배경,전시실에서 마음에 드는 작품이나 물건을 찾아 가족과 이야기하기,5-7;8-10,박물관;미술관;오랜미래신화미술관;한국;최초의;신화;테마,오랜미래신화미술관,사립,강원특별자치도 원주시 문막읍 취병로 711,강원특별자치도 원주시 문막읍 취병리 835,033-746-5256,오랜미래신화미술관,,,10:00,17:00,10:00,17:00,월,0,0,0,,한국 최초의 신화 테마 미술관,,033-746-5256,강원특별자치도 원주시청,2025-03-31,4191000,강원특별자치도 원주시
전국박물관미술관정보표준데이터,https://www.data.go.kr/data/15017323/standard.do,2025-03-31,place,연세대학교 원주박물관,대학,강원특별자치도 원주시,강원특별자치도 원주시 흥업면 연세대길 1 (청송관 117호),37.2748331,127.9043277,연세대학교 원주박물관을(를) 배경으로 관람 전후 동화를 만들 수 있다.,관람 전 예습 동화와 방문 후 기념 동화책 배경,전시실에서 마음에 드는 작품이나 물건을 찾아 가족과 이야기하기,5-7;8-10,박물관;미술관;연세대학교;원주박물관,연세대학교 원주박물관,대학,강원특별자치도 원주시 흥업면 연세대길 1 (청송관 117호),강원특별자치도 원주시 흥업면 매지리 1875,033-760-2731,연세대학교,https://ywmuseum.yonsei.ac.kr/ywmuseum,식당+매점,10:00,16:00,00:00,00:00,토+일+국정공휴일+학교가 정한 휴교일,0,0,0,0,,시내버스 30+31+34,033-760-2731,강원특별자치도 원주시청,2025-03-31,4191000,강원특별자치도 원주시
전국박물관미술관정보표준데이터,https://www.data.go.kr/data/15017323/standard.do,2025-03-31,place,뮤지엄산(페이퍼갤리러),사립,강원특별자치도 원주시,강원특별자치도 원주시 지정면 오크밸리2길 260,37.41819781,127.8232354,"세계적인 건축가 안도 다다오가 설계한 박물관이다. 국보 제277호인 초조본대방광불 화엄경 주본 권제3과 보물 제1153호인 묘법연화경 권제1~3 등 국가문화재 10점 등 2,000여점의 자료를 소장하고 있다.",관람 전 예습 동화와 방문 후 기념 동화책 배경,전시실에서 마음에 드는 작품이나 물건을 찾아 가족과 이야기하기,5-7;8-10,박물관;미술관;뮤지엄산(페이퍼갤리러);세계적인;건축가;안도;다다오가;설계한;박물관이다.;국보;제277호인;초조본대방광불,뮤지엄산(페이퍼갤리러),사립,강원특별자치도 원주시 지정면 오크밸리2길 260,강원특별자치도 원주시 지정면 월송리 산129-5,033-730-9000,(재)한솔문화재단,www.museumsan.org,카페테리아+아트샵+수유실,10:00,18:00,10:00,18:00,월(월요일이 공휴일인 경우 정상 개관),18000,10000,0,0,"세계적인 건축가 안도 다다오가 설계한 박물관이다. 국보 제277호인 초조본대방광불 화엄경 주본 권제3과 보물 제1153호인 묘법연화경 권제1~3 등 국가문화재 10점 등 2,000여점의 자료를 소장하고 있다.",셔틀버스(시외버스터미널 정류장),033-730-9000,강원특별자치도 원주시청,2025-03-31,4191000,강원특별자치도 원주시
전국박물관미술관정보표준데이터,https://www.data.go.kr/data/15017323/standard.do,2025-03-31,place,뮤지엄산(청조갤러리),사립,강원특별자치도 원주시,강원특별자치도 원주시 지정면 오크밸리 2길 260,37.41819781,127.8232354,뮤지엄은 1997년부터 운영되어 오던 종이박물관(페이퍼갤러리)과 2013년 개관한 미술관(청조갤러리)으로 이루어진 종합뮤지엄,관람 전 예습 동화와 방문 후 기념 동화책 배경,전시실에서 마음에 드는 작품이나 물건을 찾아 가족과 이야기하기,5-7;8-10,박물관;미술관;뮤지엄산(청조갤러리);뮤지엄은;1997년부터;운영되어;오던;종이박물관(페이퍼갤러리)과;2013년;개관한;미술관(청조갤러리)으로;이루어진,뮤지엄산(청조갤러리),사립,강원특별자치도 원주시 지정면 오크밸리 2길 260,강원특별자치도 원주시 지정면 월송리 산129-5,033-730-9000,한솔문화재단,http://museumsan.org/,,10:30,18:00,10:30,18:00,월(월요일이 공휴일인 경우 정상 개관),18000,10000,0,,뮤지엄은 1997년부터 운영되어 오던 종이박물관(페이퍼갤러리)과 2013년 개관한 미술관(청조갤러리)으로 이루어진 종합뮤지엄,,033-730-9000,강원특별자치도 원주시청,2025-03-31,4191000,강원특별자치도 원주시
전국박물관미술관정보표준데이터,https://www.data.go.kr/data/15017323/standard.do,2025-03-31,place,치악산 고판화박물관,사립,강원특별자치도 원주시,강원특별자치도 원주시 신림면 물안길 62,37.25743819,128.1280298,"한국, 일본, 중국, 몽골 등 고판화 4,000여점을 소장하고 있다. 튿히 강원도 유형문화재 제152호 덕주사판 불설아미타경 등 7점이 강원도 문화재로 지정되어 있다. 운영기관인 명주사에서 템플스테이도 운영 중이다.",관람 전 예습 동화와 방문 후 기념 동화책 배경,전시실에서 마음에 드는 작품이나 물건을 찾아 가족과 이야기하기,5-7;8-10,박물관;미술관;치악산;고판화박물관;한국;일본;중국;몽골;등;고판화;4;000여점을,치악산 고판화박물관,사립,강원특별자치도 원주시 신림면 물안길 62,강원특별자치도 원주시 신림면 황둔리 1706-1,033-761-7885,명주사,www.gopanhwa.com,템플스테이 운영,10:00,17:00,10:00,17:00,월+화,5000,4000,3000,0,"한국, 일본, 중국, 몽골 등 고판화 4,000여점을 소장하고 있다. 튿히 강원도 유형문화재 제152호 덕주사판 불설아미타경 등 7점이 강원도 문화재로 지정되어 있다. 운영기관인 명주사에서 템플스테이도 운영 중이다.",시내버스 24+25,033-761-7885,강원특별자치도 원주시청,2025-03-31,4191000,강원특별자치도 원주시
전국박물관미술관정보표준데이터,https://www.data.go.kr/data/15017323/standard.do,2025-03-31,place,강원감영관찰사박물관,사립,강원특별자치도 원주시,강원특별자치도 원주시 흥업면 사제로 399-10,37.32528094,127.886523,강원감영관찰사박물관을(를) 배경으로 관람 전후 동화를 만들 수 있다.,관람 전 예습 동화와 방문 후 기념 동화책 배경,전시실에서 마음에 드는 작품이나 물건을 찾아 가족과 이야기하기,5-7;8-10,박물관;미술관;강원감영관찰사박물관,강원감영관찰사박물관,사립,강원특별자치도 원주시 흥업면 사제로 399-10,강원특별자치도 원주시 흥업면 사제리 540,033-763-1534,강원감영관찰사박물관,,,10:00,17:00,00:00,00:00,일+국경일,0,0,0,0,,시내버스 20,033-763-1534,강원특별자치도 원주시청,2025-03-31,4191000,강원특별자치도 원주시
전국박물관미술관정보표준데이터,https://www.data.go.kr/data/15017323/standard.do,2025-03-31,place,무릉고서화미술박물관,사립,강원특별자치도 원주시,강원특별자치도 원주시 흥업면 사제로 399-10,37.32528094,127.886523,"선사시대부터 근대까지 고문서, 고서, 시화, 도자기, 민예품 등 1만점여점의 유물 전시",관람 전 예습 동화와 방문 후 기념 동화책 배경,전시실에서 마음에 드는 작품이나 물건을 찾아 가족과 이야기하기,5-7;8-10,박물관;미술관;무릉고서화미술박물관;선사시대부터;근대까지;고문서;고서;시화;도자기;민예품;등;1만점여점의,무릉고서화미술박물관,사립,강원특별자치도 원주시 흥업면 사제로 399-10,강원특별자치도 원주시 흥업면 사제리 540,033-763-1535,무릉고서화미술박물관,https://wmum.modoo.at/,,10:00,17:00,00:00,00:00,일+국경일,0,0,0,0,"선사시대부터 근대까지 고문서, 고서, 시화, 도자기, 민예품 등 1만점여점의 유물 전시",시내버스 20,033-763-1535,강원특별자치도 원주시청,2025-03-31,4191000,강원특별자치도 원주시
전국박물관미술관정보표준데이터,https://www.data.go.kr/data/15017323/standard.do,2025-03-31,place,원주허브팜식물박물관,사립,강원특별자치도 원주시,강원특별자치도 원주시 마장2길33,37.30800949,127.9250271,"17,000제곱미터 재배면적에 1,000여종의 식물이 자라는 강원도 최초 식물박물관",관람 전 예습 동화와 방문 후 기념 동화책 배경,전시실에서 마음에 드는 작품이나 물건을 찾아 가족과 이야기하기,5-7;8-10,박물관;미술관;원주허브팜식물박물관;17;000제곱미터;재배면적에;1;000여종의;식물이;자라는;강원도;최초,원주허브팜식물박물관,사립,강원특별자치도 원주시 마장2길33,강원특별자치도 원주시 무실동 887-42,033-762-3113,원주허브팜식물박물관,http://www.wonjuherb.com/,휴게실,10:00,18:00,10:00,18:00,월(월요일이 공휴일인 경우 개관)+11~3월 날씨 상황에 따라 휴관,7000,6000,5000,앵무새집 5000원 추가,"17,000제곱미터 재배면적에 1,000여종의 식물이 자라는 강원도 최초 식물박물관",시내버스 31+33+34+35,033-762-3113,강원특별자치도 원주시청,2025-03-31,4191000,강원특별자치도 원주시
전국박물관미술관정보표준데이터,https://www.data.go.kr/data/15017323/standard.do,2025-03-31,place,박경리뮤지엄,사립,강원특별자치도 원주시,강원특별자치도 원주시 매지회촌길 79-1,37.25715098,127.9118285,박경리 뮤지엄은 작가의 생애 마지막 공간이었던 ’작가의 집’을 통해 작가의 일상생활의 흔적과 삶을 보여주는 곳으로 ’작가 박경리’의 모습 뿐만 아니라 ’사람 박경리’의 모습을 보여주고자 하는 공간이다,관람 전 예습 동화와 방문 후 기념 동화책 배경,전시실에서 마음에 드는 작품이나 물건을 찾아 가족과 이야기하기,5-7;8-10,박물관;미술관;박경리뮤지엄;박경리;뮤지엄은;작가의;생애;마지막;공간이었던;’작가의;집’을;통해,박경리뮤지엄,사립,강원특별자치도 원주시 매지회촌길 79-1,강원특별자치도 원주시 흥업면 매지리 576,033-763-7178,박경리 뮤지엄,https://pknmuseum.modoo.at/,뮤지엄샵+무인카페,10:00,17:30,00:00,00:00,월+토+일+명절연휴 (토요일의 경우 단체관람예약시 개관),5000,4000,4000,미취학아동(무료),박경리 뮤지엄은 작가의 생애 마지막 공간이었던 ’작가의 집’을 통해 작가의 일상생활의 흔적과 삶을 보여주는 곳으로 ’작가 박경리’의 모습 뿐만 아니라 ’사람 박경리’의 모습을 보여주고자 하는 공간이다,,033-763-7178,강원특별자치도 원주시청,2025-03-31,4191000,강원특별자치도 원주시
전국박물관미술관정보표준데이터,https://www.data.go.kr/data/15017323/standard.do,2024-07-22,place,삼육대학교 박물관,대학,서울특별시 노원구,서울특별시 노원구 화랑로 815,37.64335827,127.1088514,"삼육대학교박물관은 다양한 성경고고학 유물 및 성경 사본, 역본과 일반역사자료 전시를 통해 선조들의 삶을 보고 느낄 수 있는 공간이 되고자 합니다.",관람 전 예습 동화와 방문 후 기념 동화책 배경,전시실에서 마음에 드는 작품이나 물건을 찾아 가족과 이야기하기,5-7;8-10,박물관;미술관;삼육대학교;삼육대학교박물관은;다양한;성경고고학;유물;및;성경;사본;역본과;일반역사자료,삼육대학교 박물관,대학,서울특별시 노원구 화랑로 815,서울특별시 노원구 공릉동 26-21,02-3399-3636,삼육대학교,https://www.syu.ac.kr/museum/,,10:00,16:00,00:00,00:00,토+일+개교기념일+공휴일+전시준비기간,0,0,0,0,"삼육대학교박물관은 다양한 성경고고학 유물 및 성경 사본, 역본과 일반역사자료 전시를 통해 선조들의 삶을 보고 느낄 수 있는 공간이 되고자 합니다.",,02-3399-3065,삼육대학교,2024-07-22,3100000,서울특별시 노원구
전국박물관미술관정보표준데이터,https://www.data.go.kr/data/15017323/standard.do,2024-07-22,place,서울여자대학교 박물관,대학,서울특별시 노원구,서울특별시 노원구 화랑로 621,37.62878257,127.0889917,서울여자대학교 박물관을(를) 배경으로 관람 전후 동화를 만들 수 있다.,관람 전 예습 동화와 방문 후 기념 동화책 배경,전시실에서 마음에 드는 작품이나 물건을 찾아 가족과 이야기하기,5-7;8-10,박물관;미술관;서울여자대학교,서울여자대학교 박물관,대학,서울특별시 노원구 화랑로 621,서울특별시 노원구 공릉동 126,02-970-5311,서울여자대학교,http://museum.swu.ac.kr/,,10:00,16:00,00:00,00:00,토+일+개교기념일+공휴일+전시준비기간,0,0,0,0,,,02-970-5311,서울여자대학교,2024-07-22,3100000,서울특별시 노원구
전국박물관미술관정보표준데이터,https://www.data.go.kr/data/15017323/standard.do,2024-07-22,place,서울과학기술대학교 미술관,대학,서울특별시 노원구,서울특별시 노원구 공릉로 232 서울과학기술대학교 다빈치관 216호 미술관,37.6395138570,127.0678212630,현대미술을 전시하여 학내구성원 및 지역주민들에게 문화향유의 기회를 제공하는  예술공간입니다.,관람 전 예습 동화와 방문 후 기념 동화책 배경,전시실에서 마음에 드는 작품이나 물건을 찾아 가족과 이야기하기,5-7;8-10,박물관;미술관;서울과학기술대학교;현대미술을;전시하여;학내구성원;및;지역주민들에게;문화향유의;기회를;제공하는;예술공간입니다.,서울과학기술대학교 미술관,대학,서울특별시 노원구 공릉로 232 서울과학기술대학교 다빈치관 216호 미술관,서울특별시 노원구 중계동 508,02-970-6215,서울과학기술대학교,http://art.seoultech.ac.kr/,,09:00,18:00,00:00,00:00,토+일+개교기념일+공휴일+전시준비기간,0,0,0,0,현대미술을 전시하여 학내구성원 및 지역주민들에게 문화향유의 기회를 제공하는  예술공간입니다.,,02-970-6215,서울과학기술대학교,2024-07-22,3100000,서울특별시 노원구
전국박물관미술관정보표준데이터,https://www.data.go.kr/data/15017323/standard.do,2025-07-07,place,시화문화마을금봉미술관,공립,광주광역시 북구,광주광역시 북구 각화대로 93,35.1790925646,126.9404956663,"광주광역시 북구 각화동 시화문화마을에 자리하고 있는 금봉 미술관은 2015년 금봉 박행보 화백 소장품 291점 기증으로 개관한 공립미술관으로남도 문인화화 같은 전통회화 자원의 연구, 기록, 보존과 더불어 다양한 전시화 문화 예술 교육을 통해 지역민에게 전통문화를 알리고 지역 작가들과 함께 예술 향유를 확대하고자 설립하였습니다.",관람 전 예습 동화와 방문 후 기념 동화책 배경,전시실에서 마음에 드는 작품이나 물건을 찾아 가족과 이야기하기,5-7;8-10,박물관;미술관;시화문화마을금봉미술관;광주광역시;북구;각화동;시화문화마을에;자리하고;있는;금봉;미술관은;2015년,시화문화마을금봉미술관,공립,광주광역시 북구 각화대로 93,광주광역시 북구 각화동 586,062-269-9883,시화문화마을 금봉문화진흥회,https://gbartmuseum.or.kr/,자주식 옥외주차장 : 664㎡(56대 수용),10:00,18:00,10:00,18:00,"월요일1월 1일, 설날, 추석 당일",0,0,0,,"광주광역시 북구 각화동 시화문화마을에 자리하고 있는 금봉 미술관은 2015년 금봉 박행보 화백 소장품 291점 기증으로 개관한 공립미술관으로남도 문인화화 같은 전통회화 자원의 연구, 기록, 보존과 더불어 다양한 전시화 문화 예술 교육을 통해 지역민에게 전통문화를 알리고 지역 작가들과 함께 예술 향유를 확대하고자 설립하였습니다.","[각화초교] 하차 후, 도보 5~7분 소요첨단23, 금호36, 금남55, 송암74, 용천86, 두암81[시화문화마을문화관] 마을버스 788",062-410-6620,광주광역시 북구,2025-07-07,6290000,광주광역시
전국박물관미술관정보표준데이터,https://www.data.go.kr/data/15017323/standard.do,2025-07-07,place,양림미술관,공립,광주광역시 남구,광주광역시 남구 제중로 70,35.14055335,126.9129656,지역 주민과 예술인을 위한 공립 전시 공간,관람 전 예습 동화와 방문 후 기념 동화책 배경,전시실에서 마음에 드는 작품이나 물건을 찾아 가족과 이야기하기,5-7;8-10,박물관;미술관;양림미술관;지역;주민과;예술인을;위한;공립;전시;공간,양림미술관,공립,광주광역시 남구 제중로 70,광주광역시 남구 양림동 108-1,062-607-2315,광주광역시 남구,blog.naver.com/yangrimart,일반주차장(주차공간 7~8대),10:00,18:00,10:00,18:00,월+국가공휴일,0,0,0,,지역 주민과 예술인을 위한 공립 전시 공간,,062-607-2315,광주광역시 남구,2025-07-07,6290000,광주광역시
전국박물관미술관정보표준데이터,https://www.data.go.kr/data/15017323/standard.do,2025-07-07,place,이강하미술관,공립,광주광역시 남구,광주광역시 남구 3·1만세운동길 6,35.13690654,126.9156644,"2028년 2월9일 개관(옛 양림동사무소를 리모델링)하였고, 故 이강하 화백의 삶과 예술세계, 시대별 작품의 흐름을 다양한 전시와 공연, 교육 등을 통해 감상 할 수 있도록 조성",관람 전 예습 동화와 방문 후 기념 동화책 배경,전시실에서 마음에 드는 작품이나 물건을 찾아 가족과 이야기하기,5-7;8-10,박물관;미술관;이강하미술관;2028년;2월9일;개관(옛;양림동사무소를;리모델링)하였고;故;이강하;화백의;삶과,이강하미술관,공립,광주광역시 남구 3·1만세운동길 6,광주광역시 남구 양림동 285-1,062-674-8515,(사)이강하기념사업회,lkh-artmuseum.com,,10:00,18:00,10:00,18:00,월+신정+설날+추석,0,0,0,,"2028년 2월9일 개관(옛 양림동사무소를 리모델링)하였고, 故 이강하 화백의 삶과 예술세계, 시대별 작품의 흐름을 다양한 전시와 공연, 교육 등을 통해 감상 할 수 있도록 조성",,062-607-2331,이강하 미술관,2025-07-07,6290000,광주광역시
전국박물관미술관정보표준데이터,https://www.data.go.kr/data/15017323/standard.do,2025-08-08,place,진천군립 생거판화미술관,공립,충청북도 진천군,충청북도 진천군 진천읍 백곡로 1504-10,36.87095893,127.4148849,진천군립 생거판화미술관을(를) 배경으로 관람 전후 동화를 만들 수 있다.,관람 전 예습 동화와 방문 후 기념 동화책 배경,전시실에서 마음에 드는 작품이나 물건을 찾아 가족과 이야기하기,5-7;8-10,박물관;미술관;진천군립;생거판화미술관,진천군립 생거판화미술관,공립,충청북도 진천군 진천읍 백곡로 1504-10,충청북도 진천군 진천읍 장관리 732-19,043-539-3608,진천군립 생거판화미술관,http://www.jincheon.go.kr/sisul/sub.do?menukey=784,,10:00,18:00,10:00,18:00,월요일+설날+추석,5000,0,0,무료(국가유공자+독립유공자+5.18민주유공자+참전유공자+고엽제후유의증 등 환자+특수임무+유공자+ 의사상자+등록포로 및 억류지출신 포로가족+장애 정도가 심한 장애인 및 보호자 1명+장애 정도가 심하지 않은 장애인 본인+의무복무 중인 군인+매월 마지막 주 수요일 ‘문화가 있는 날’+국빈 또는 외교사절단 및 수행자+공무수행+군수가 별도로 정한 경우,,"승용차-중부고속도로 진천IC를 통해서 진입할 경우(서울기점 1시간 30분 소요) 진천IC에서 좌회전 -> 성석사거리에서 우회전 -> 벽암사거리에서 좌회전 -> 백곡저수지 방향으로 직진-> 장관교를 지나 좌회전○대중교통-진천시외버스 공용 터미널 안내(T. 043-533-1501(사무실), 043-533-2376(매표소)-청주시외버스 터미널에서 06:20~ 20:15분까지 수시운행(15~30분간격 운행)",043-539-3609,충청북도 진천군청,2025-08-08,4450000,충청북도 진천군
전국박물관미술관정보표준데이터,https://www.data.go.kr/data/15017323/standard.do,2025-08-11,place,군위숭덕박물관,공립,대구광역시 군위군,대구광역시 군위군 군위읍 동서2길 35,36.233989,128.568511,향토문화박물관,관람 전 예습 동화와 방문 후 기념 동화책 배경,전시실에서 마음에 드는 작품이나 물건을 찾아 가족과 이야기하기,5-7;8-10,박물관;미술관;군위숭덕박물관;향토문화박물관,군위숭덕박물관,공립,대구광역시 군위군 군위읍 동서2길 35,대구광역시 군위군 군위읍 서부리 99,054-380-7329,대구광역시 군위군청,,,09:00,18:00,00:00,00:00,토요일+일요일+공휴일,0,0,0,,향토문화박물관,군위 I/C 하차 → 군위ㆍ안동 5호선 국도(안동방면) → 군위읍 →군위생활문화센터,054-380-6076,대구광역시 군위군청,2025-08-11,5141000,대구광역시 군위군
전국박물관미술관정보표준데이터,https://www.data.go.kr/data/15017323/standard.do,2025-08-11,place,경북대학교자연사박물관,국립,대구광역시 군위군,대구광역시 군위군 효령면 경북대로 2228,36.121732,128.576603,국내·외 자연사 자료를 수집·전시·연구,관람 전 예습 동화와 방문 후 기념 동화책 배경,전시실에서 마음에 드는 작품이나 물건을 찾아 가족과 이야기하기,5-7;8-10,박물관;미술관;경북대학교자연사박물관;국내·외;자연사;자료를;수집·전시·연구,경북대학교자연사박물관,국립,대구광역시 군위군 효령면 경북대로 2228,대구광역시 군위군 효령면 장군리 190-2,054-383-7026,경북대학교,http://mnh.knu.ac.kr,,10:00,17:00,10:00,17:00,"매주 월요일(단, 월요일이 공휴일인 경우 당일은 개관하고 그 다음날에 휴관)",0,0,0,,국내·외 자연사 자료를 수집·전시·연구,중앙 고속도로 → 가산 I/C 하차 → 군위ㆍ안동 5호선 국도 → 군위농협유통센터 → 장군리(경북대 자연사 박물관),054-383-7026,경북대학교,2025-08-11,5141000,대구광역시 군위군
전국박물관미술관정보표준데이터,https://www.data.go.kr/data/15017323/standard.do,2025-08-12,place,박을복자수박물관,사립,서울특별시 강북구,서울특별시 강북구 삼양로 149가길53,37.65381634,127.0084901,현대 한국자수 발전에 기여한 박을복 선생의 업적을 기리고 한국 자수의 역사 및 감상 자수를 일반에게 선보여 문화향수의 기회 제공,관람 전 예습 동화와 방문 후 기념 동화책 배경,전시실에서 마음에 드는 작품이나 물건을 찾아 가족과 이야기하기,5-7;8-10,박물관;미술관;박을복자수박물관;현대;한국자수;발전에;기여한;박을복;선생의;업적을;기리고;한국,박을복자수박물관,사립,서울특별시 강북구 삼양로 149가길53,서울특별시 강북구 우이동 86-4,02-990-7000,박을복자수박물관,http://www.embromuseum.com,,10:00,17:00,00:00,00:00,토+일+국가공휴일,6000,4000,4000,단체 20명 이상(성인 3000원+청소년·어린이 2000원),현대 한국자수 발전에 기여한 박을복 선생의 업적을 기리고 한국 자수의 역사 및 감상 자수를 일반에게 선보여 문화향수의 기회 제공,지하철 4호선 수유역(3번 출구)에서 120번ㆍ153번 탑승 후 덕성여대 하차,02-901-6232,서울특별시 강북구청,2025-08-12,3080000,서울특별시 강북구
전국박물관미술관정보표준데이터,https://www.data.go.kr/data/15017323/standard.do,2025-06-17,place,강아지숲 박물관,사립,강원특별자치도 춘천시,강원특별자치도 춘천시 남면 충효로 437,37.736419,127.662018,“반려견과 인간의 아름다운 관계”에 대한 상설전시 진행,관람 전 예습 동화와 방문 후 기념 동화책 배경,전시실에서 마음에 드는 작품이나 물건을 찾아 가족과 이야기하기,5-7;8-10,박물관;미술관;강아지숲;“반려견과;인간의;아름다운;관계”에;대한;상설전시;진행,강아지숲 박물관,사립,강원특별자치도 춘천시 남면 충효로 437,강원특별자치도 춘천시 행촌리 1193,033-913-1400,강아지숲,http://www.dforest.co.kr/,마켓+강아지 대기실+강아지의무실+물품보관소+의무실,10:00,18:00,10:00,18:00,"월+설,추석 당일",17000,15000,12000,"[할인대상]유아(36개월이하)+경로(만65세이상)+춘천시민+ 국가유공자, 장애인 + 단체(20명이상)+연간회원권 O+반려견 8,000원",“반려견과 인간의 아름다운 관계”에 대한 상설전시 진행,1)고속도로 : 서울양양고속도로>강촌 IC>5분 2)국도 : 강변북로>신경춘로>경춘로,033-913-1400,강아지숲,2025-06-17,4181000,강원특별자치도 춘천시
전국박물관미술관정보표준데이터,https://www.data.go.kr/data/15017323/standard.do,2025-06-17,place,춘천미술관,공립,강원특별자치도 춘천시,강원특별자치도 춘천시 서부대성로 71,37.882376,127.731333,고풍스러운 옛 교회건물을 리모델링하여 사용하고 있는 미술관으로 매주 색다른 작가들의 전시 관람 가능,관람 전 예습 동화와 방문 후 기념 동화책 배경,전시실에서 마음에 드는 작품이나 물건을 찾아 가족과 이야기하기,5-7;8-10,박물관;미술관;춘천미술관;고풍스러운;옛;교회건물을;리모델링하여;사용하고;있는;미술관으로;매주;색다른,춘천미술관,공립,강원특별자치도 춘천시 서부대성로 71,강원특별자치도 춘천시 옥천동 73-2,033-241-1856,(사)한국미술협회 춘천지부,http://cafe.daum.net/CCART,,10:00,18:00,10:00,18:00,토(전시있을 시 개관)+일(전시있을 시 개관),0,0,0,전부 무료,고풍스러운 옛 교회건물을 리모델링하여 사용하고 있는 미술관으로 매주 색다른 작가들의 전시 관람 가능,"1)대중교통 : 춘천역환승센터[1164]- 300번 버스 - 춘천시청별관 정류장 하차, 도보 8분+2)승용차  : 서울양양고속도로(남춘천IC), 일반도로(46번경춘국도-403번도로)",033-241-1856,(사)한국미술협회 춘천지부,2025-06-17,4181000,강원특별자치도 춘천시
전국박물관미술관정보표준데이터,https://www.data.go.kr/data/15017323/standard.do,2025-06-17,place,이상원미술관,사립,강원특별자치도 춘천시,강원특별자치도 춘천시 사북면 화악지암길 99,37.968325,127.578351,2014. 10. 18. 개관하여 이상원 화백의 회화작품 소장(약 2000여 점) 및 한국 미술가들의 창작품 보유(1000여 점),관람 전 예습 동화와 방문 후 기념 동화책 배경,전시실에서 마음에 드는 작품이나 물건을 찾아 가족과 이야기하기,5-7;8-10,박물관;미술관;이상원미술관;2014.;10.;18.;개관하여;이상원;화백의;회화작품;소장(약;2000여,이상원미술관,사립,강원특별자치도 춘천시 사북면 화악지암길 99,강원특별자치도 춘천시 사북면 지암리 587,033-255-9001,이상원미술관,http://www.lswmuseum.com,산책로와계곡+레스토랑(이탈리안)+카페01,10:00,18:00,10:00,18:00,월(공휴일인 경우 화요일 휴관)+구정 연휴 다음날(명절연휴 정상개관)+추석 연휴 다음날(명절연휴 정상개관)+전시교체기간,6000,4000,4000,할인 대상[청소년+65세 이상+단체(20명 이상)]+무료[7세 이하+청소년 단체인솔자(교사) 1명],2014. 10. 18. 개관하여 이상원 화백의 회화작품 소장(약 2000여 점) 및 한국 미술가들의 창작품 보유(1000여 점),"1)대중교통 : 춘천역환승센터[2288]- 12번 버스 - 소양고등학교[1372] 하차-사북 2번+2)승용차 : 서울춘천고속도로(남춘천IC), 일반도로(46번경춘국도-403번도로)",033-255-9001,이상원미술관,2025-06-17,4181000,강원특별자치도 춘천시
전국박물관미술관정보표준데이터,https://www.data.go.kr/data/15017323/standard.do,2024-12-13,place,인제산촌민속박물관,공립,강원특별자치도 인제군,강원특별자치도 인제군 인제읍 인제로156번길 50,38.06277737,128.1717223,제일산수 인제군의 산촌문화 보존 및 전시,관람 전 예습 동화와 방문 후 기념 동화책 배경,전시실에서 마음에 드는 작품이나 물건을 찾아 가족과 이야기하기,5-7;8-10,박물관;미술관;인제산촌민속박물관;제일산수;인제군의;산촌문화;보존;및;전시,인제산촌민속박물관,공립,강원특별자치도 인제군 인제읍 인제로156번길 50,강원특별자치도 인제군 인제읍 상동리 415-1,033-462-2086,인제군문화재단,http://mvfm.kr/,휴게공간,09:00,18:00,09:00,18:00,월+설 당일+추석 당일+공휴일 다음날,0,0,0,0,제일산수 인제군의 산촌문화 보존 및 전시,인제읍터미널에서 도보 10분,033-462-8971,(재)인제군문화재단,2024-12-13,4331000,강원특별자치도 인제군
전국박물관미술관정보표준데이터,https://www.data.go.kr/data/15017323/standard.do,2024-12-13,place,박인환문학관,공립,강원특별자치도 인제군,강원특별자치도 인제군 인제읍 인제로156번길 50,38.06277763,128.1717233,박인환 시인으로 대표되는 한국 모더니즘의 산실,관람 전 예습 동화와 방문 후 기념 동화책 배경,전시실에서 마음에 드는 작품이나 물건을 찾아 가족과 이야기하기,5-7;8-10,박물관;미술관;박인환문학관;박인환;시인으로;대표되는;한국;모더니즘의;산실,박인환문학관,공립,강원특별자치도 인제군 인제읍 인제로156번길 50,강원특별자치도 인제군 인제읍 상동리 415-1,033-462-2086,인제군문화재단,http://mvfm.kr/?page_id=865,휴게공간,09:00,18:00,09:00,18:00,월+설 당일+추석 당일+공휴일 다음날,0,0,0,0,박인환 시인으로 대표되는 한국 모더니즘의 산실,인제읍터미널에서 도보 10분,033-462-8971,(재)인제군문화재단,2024-12-13,4331000,강원특별자치도 인제군
전국박물관미술관정보표준데이터,https://www.data.go.kr/data/15017323/standard.do,2024-12-13,place,여초서예관,공립,강원특별자치도 인제군,강원특별자치도 인제군 북면 만해로 154,38.18891481,128.3197865,"여초 김응현선생의 서예작품과 유품, 국내·외 서법관련 자료, 서적 등 보존 · 전시",관람 전 예습 동화와 방문 후 기념 동화책 배경,전시실에서 마음에 드는 작품이나 물건을 찾아 가족과 이야기하기,5-7;8-10,박물관;미술관;여초서예관;여초;김응현선생의;서예작품과;유품;국내·외;서법관련;자료;서적;등,여초서예관,공립,강원특별자치도 인제군 북면 만해로 154,강원특별자치도 인제군 북면 용대리 1130-9,033-461-4081,인제군문화재단,http://yeochomuseum.kr/,휴게공간,09:00,18:00,09:00,18:00,월+1월 1일+설 당일+추석 하루,0,0,0,0,"여초 김응현선생의 서예작품과 유품, 국내·외 서법관련 자료, 서적 등 보존 · 전시",용대리 만해마을 인근,033-462-8971,(재)인제군문화재단,2024-12-13,4331000,강원특별자치도 인제군
전국박물관미술관정보표준데이터,https://www.data.go.kr/data/15017323/standard.do,2024-12-13,place,한국시집박물관,공립,강원특별자치도 인제군,강원특별자치도 인제군 북면 만해로 136,38.1886501,128.3184745,우리나라 근현대 시기 시집 보존 및 전시,관람 전 예습 동화와 방문 후 기념 동화책 배경,전시실에서 마음에 드는 작품이나 물건을 찾아 가족과 이야기하기,5-7;8-10,박물관;미술관;한국시집박물관;우리나라;근현대;시기;시집;보존;및;전시,한국시집박물관,공립,강원특별자치도 인제군 북면 만해로 136,강원특별자치도 인제군 북면 용대리 1099-15,033-463-4082,인제군문화재단,http://한국시집박물관.org/,휴게공간,09:00,18:00,09:00,18:00,월+1월 1일+설 당일+추석 하루,0,0,0,0,우리나라 근현대 시기 시집 보존 및 전시,용대리 만해마을 인근,033-462-8971,(재)인제군문화재단,2024-12-13,4331000,강원특별자치도 인제군
전국박물관미술관정보표준데이터,https://www.data.go.kr/data/15017323/standard.do,2024-12-13,place,공립인제내설악미술관,공립,강원특별자치도 인제군,강원특별자치도 인제군 북면 예술인촌길 66-27,38.14667693,128.2523603,현대미술 작가들과 세계적인 작가들의 작품을 선보여 문화예술 발전에 기여,관람 전 예습 동화와 방문 후 기념 동화책 배경,전시실에서 마음에 드는 작품이나 물건을 찾아 가족과 이야기하기,5-7;8-10,박물관;미술관;공립인제내설악미술관;현대미술;작가들과;세계적인;작가들의;작품을;선보여;문화예술;발전에;기여,공립인제내설악미술관,공립,강원특별자치도 인제군 북면 예술인촌길 66-27,강원특별자치도 인제군 북면 한계리 1191-12,033-463-4081,(사)내설악예술인회,http://www.inama.co.kr/,휴게공간,09:00,18:00,09:00,18:00,월+1월 1일+설 당일+추석 하루,0,0,0,0,현대미술 작가들과 세계적인 작가들의 작품을 선보여 문화예술 발전에 기여,,033-463-4081,(사)내설악예술인회,2024-12-13,4331000,강원특별자치도 인제군
전국박물관미술관정보표준데이터,https://www.data.go.kr/data/15017323/standard.do,2025-03-14,place,화천민속박물관,공립,강원특별자치도 화천군,강원특별자치도 화천군 하남면 춘화로 3337,38.09782649,127.7040886,화천 민속 및 역사 문화자료 전시,관람 전 예습 동화와 방문 후 기념 동화책 배경,전시실에서 마음에 드는 작품이나 물건을 찾아 가족과 이야기하기,5-7;8-10,박물관;미술관;화천민속박물관;화천;민속;및;역사;문화자료;전시,화천민속박물관,공립,강원특별자치도 화천군 하남면 춘화로 3337,강원특별자치도 화천군 하남면 위라리 490,033-440-4547,강원특별자치도 화천군,http://www.hcmuseum.kr/,,09:00,17:30,09:00,17:30,매주월+설 당일+추석 당일+1월1일,0,0,0,,화천 민속 및 역사 문화자료 전시,,033-440-4547,강원특별자치도 화천군청 문화체육과,2025-03-14,4311000,강원특별자치도 화천군
전국박물관미술관정보표준데이터,https://www.data.go.kr/data/15017323/standard.do,2025-01-24,place,보령석탄박물관,공립,충청남도 보령시,충청남도 보령시 성주산로 508,36.32612387,126.6527142,"보령석탄박물관은 대한민국 1호 석탄박물관으로서, 사라진 석탄산업의 재조명을 위해 1995년 건립되었다. 광산장비 광물 등 약 4500여점의 유물이 소장되어 있다.",관람 전 예습 동화와 방문 후 기념 동화책 배경,전시실에서 마음에 드는 작품이나 물건을 찾아 가족과 이야기하기,5-7;8-10,박물관;미술관;보령석탄박물관;보령석탄박물관은;대한민국;1호;석탄박물관으로서;사라진;석탄산업의;재조명을;위해;1995년,보령석탄박물관,공립,충청남도 보령시 성주산로 508,충청남도 보령시 성주면 개화리 114-4,041-934-1902,보령시 시설관리공단,https://www.brsisul.or.kr/kor/sub01_02_01.do,,09:00,18:00,09:00,18:00,월,2000,1500,1000,지역주민 50 할인,"보령석탄박물관은 대한민국 1호 석탄박물관으로서, 사라진 석탄산업의 재조명을 위해 1995년 건립되었다. 광산장비 광물 등 약 4500여점의 유물이 소장되어 있다.",대천역(버스) → 성주방면 자가용 15분내외 거리,041-934-1902,보령시 시설관리공단,2025-01-24,4510000,충청남도 보령시
전국박물관미술관정보표준데이터,https://www.data.go.kr/data/15017323/standard.do,2025-11-26,place,스페이스몸미술관,사립,충청북도 청주시,충청북도 청주시 흥덕구 풍년로 162 (1관)충청북도 청주시 흥덕구 서부로1205번길 183(2관),36.62677804,127.4328093,전통을 기반으로 현대미술의 다양한 양태를 수용하여 예술의 지평을 확장해 나가고자하는 미술관,관람 전 예습 동화와 방문 후 기념 동화책 배경,전시실에서 마음에 드는 작품이나 물건을 찾아 가족과 이야기하기,5-7;8-10,박물관;미술관;스페이스몸미술관;전통을;기반으로;현대미술의;다양한;양태를;수용하여;예술의;지평을;확장해,스페이스몸미술관,사립,충청북도 청주시 흥덕구 풍년로 162 (1관)충청북도 청주시 흥덕구 서부로1205번길 183(2관),충청북도 청주시 흥덕구 가경동 1411(1관) 충청북도 청주시 흥덕구 가경동 633-2(2관),043-236-6622,스페이스몸미술관,http://www.spacemom.org,주차장,10:00,18:00,10:00,18:00,"1월1일+설 연휴+추석 연휴+일,월(기획전 기간 월만 휴관)",0,0,0,,전통을 기반으로 현대미술의 다양한 양태를 수용하여 예술의 지평을 확장해 나가고자하는 미술관,"1전시장 20-1, 50-2, 105, 311, 513, 747 청주고속버스터미널 하차 / 2전시장 50-2, 50-1 서현공원 정류장 하차 후 도보 12분",043-236-6622,스페이스몸미술관,2025-11-26,5710000,충청북도 청주시
전국박물관미술관정보표준데이터,https://www.data.go.kr/data/15017323/standard.do,2025-11-26,place,우민아트센터,사립,충청북도 청주시,"충청북도 청주시 상당구 사북로 164, B1(북문로3가)",36.644553,127.489187,2011년 9월 (재)우민재단이 설립한 우민아트센터는 지역 문화예술에 대한 공공적 기여와 창의적 소통을 지향하고 한국 현대미술발전에 기여하고자 하는 등록 사립미술관,관람 전 예습 동화와 방문 후 기념 동화책 배경,전시실에서 마음에 드는 작품이나 물건을 찾아 가족과 이야기하기,5-7;8-10,박물관;미술관;우민아트센터;2011년;9월;(재)우민재단이;설립한;우민아트센터는;지역;문화예술에;대한;공공적,우민아트센터,사립,"충청북도 청주시 상당구 사북로 164, B1(북문로3가)","충청북도 청주시 상당구 북문로3가 15-1, B1",043-222-0357,우민아트센터,http://www.wuminartcenter.org,주차장+카페,10:00,19:00,10:00,19:00,1월1일+설연휴+추석연휴+매주 일요일,0,0,0,,2011년 9월 (재)우민재단이 설립한 우민아트센터는 지역 문화예술에 대한 공공적 기여와 창의적 소통을 지향하고 한국 현대미술발전에 기여하고자 하는 등록 사립미술관,"시내버스 10-2, 101, 111, 112, 105 등 방아다리에서 하차",043-222-0357,우민아트센터,2025-11-26,5710000,충청북도 청주시
전국박물관미술관정보표준데이터,https://www.data.go.kr/data/15017323/standard.do,2025-11-26,place,신미술관,사립,충청북도 청주시,충청북도 청주시 서원구 호국로97번길 30(사직동),36.63783836,127.4757059,2000년 7월 1일 개관한 신미술관은 국내외 현대미술을 소개하는 청주의 새로운 문화예술 공간입니다.,관람 전 예습 동화와 방문 후 기념 동화책 배경,전시실에서 마음에 드는 작품이나 물건을 찾아 가족과 이야기하기,5-7;8-10,박물관;미술관;신미술관;2000년;7월;1일;개관한;신미술관은;국내외;현대미술을;소개하는;청주의,신미술관,사립,충청북도 청주시 서원구 호국로97번길 30(사직동),충청북도 청주시 서원구 사직동 556-2,043-264-5545,신미술관,http://www.shinmuseum.org,주차장,10:00,18:00,10:00,18:00,매주 월요일+매주 일요일+추석+구정+신정 당일 휴관,1000,500,500,7세 미만 어린이+65세 이상 노인+장애인 무료,2000년 7월 1일 개관한 신미술관은 국내외 현대미술을 소개하는 청주의 새로운 문화예술 공간입니다.,오송역 승차 후 청주체육관 하차 후 도보 5분,043-264-5545,신미술관,2025-11-26,5710000,충청북도 청주시
전국박물관미술관정보표준데이터,https://www.data.go.kr/data/15017323/standard.do,2025-11-26,place,운보미술관,사립,충청북도 청주시,충청북도 청주시 청원구 내수읍 형동2길 92-41,36.69193256,127.5650627,"운보미술관은 한국 근현대 미술의 거장 운보 김기창 화백의 정신을 담아 전통적 건축요소와 현대적 디자인이 조화를 이루는 공간입니다. 단순한 전시 공간을 넘어 예술가와 관람객, 과거와 현재가 만나는 문화적 소통의 장입니다.",관람 전 예습 동화와 방문 후 기념 동화책 배경,전시실에서 마음에 드는 작품이나 물건을 찾아 가족과 이야기하기,5-7;8-10,박물관;미술관;운보미술관;운보미술관은;한국;근현대;미술의;거장;운보;김기창;화백의;정신을,운보미술관,사립,충청북도 청주시 청원구 내수읍 형동2길 92-41,충청북도 청주시 청원구 내수읍 형동리 393-1,043-213-0570,운보미술관,http://unbo.co.kr,주차장+운보의집+조각공원,09:30,17:30,09:30,18:00,매주 월요일+추석+설날 전일 및 당일 휴관+매년 1월 휴관,6000,5000,4000,"충북도민, 단체20인 이상 할인","운보미술관은 한국 근현대 미술의 거장 운보 김기창 화백의 정신을 담아 전통적 건축요소와 현대적 디자인이 조화를 이루는 공간입니다. 단순한 전시 공간을 넘어 예술가와 관람객, 과거와 현재가 만나는 문화적 소통의 장입니다.","청주 상당공원에서 우산리, 형동리방향 101번 버스이용",043-213-0570,운보미술관,2025-11-26,5710000,충청북도 청주시
전국박물관미술관정보표준데이터,https://www.data.go.kr/data/15017323/standard.do,2025-12-01,place,정읍시립미술관,공립,전북특별자치도 정읍시,전북특별자치도 정읍시 시기4길 7,35.55232735,126.8613896,"정읍사공원 옆에 위치한 정읍시립미술관은 2015년에 옛 정읍시립도서관을 리모델링하여 전시실 3관, 교육실 1관의 시설로 개관하였습니다.정읍 및 인근지역의 미술 전시 수요를 충족하기 위하여 연 4회의 기획전시와 그 외  대관전시, 미술교육프로그램을 운영중입니다.",관람 전 예습 동화와 방문 후 기념 동화책 배경,전시실에서 마음에 드는 작품이나 물건을 찾아 가족과 이야기하기,5-7;8-10,박물관;미술관;정읍시립미술관;정읍사공원;옆에;위치한;정읍시립미술관은;2015년에;옛;정읍시립도서관을;리모델링하여;전시실,정읍시립미술관,공립,전북특별자치도 정읍시 시기4길 7,전북특별자치도 정읍시 시기동 69-15,063-539-6419,정읍시립미술관,http://www.jeongeup.go.kr,까페,10:00,18:00,10:00,18:00,매주 월,0,0,0,전체 무료,"정읍사공원 옆에 위치한 정읍시립미술관은 2015년에 옛 정읍시립도서관을 리모델링하여 전시실 3관, 교육실 1관의 시설로 개관하였습니다.정읍 및 인근지역의 미술 전시 수요를 충족하기 위하여 연 4회의 기획전시와 그 외  대관전시, 미술교육프로그램을 운영중입니다.","277번(시내운행버스) 이용, 시기주공 정류장에서 하차, 도보로 10분 소요",063-539-6419,전북특별자치도 정읍시청,2025-12-01,4691000,전북특별자치도 정읍시
전국박물관미술관정보표준데이터,https://www.data.go.kr/data/15017323/standard.do,2025-12-01,place,정읍시립박물관,공립,전북특별자치도 정읍시,전북특별자치도 정읍시 내장산로 370-12,35.52784502,126.8943859,정읍시립박물관은 정읍의 역사문화유산을 보호하기 위해  2012년 6월 22일에 개관한 공립박물관입니다.,관람 전 예습 동화와 방문 후 기념 동화책 배경,전시실에서 마음에 드는 작품이나 물건을 찾아 가족과 이야기하기,5-7;8-10,박물관;미술관;정읍시립박물관;정읍시립박물관은;정읍의;역사문화유산을;보호하기;위해;2012년;6월;22일에;개관한,정읍시립박물관,공립,전북특별자치도 정읍시 내장산로 370-12,전북특별자치도 정읍시 부전동 1009,063-539-6792,정읍시립박물관,http://www.jeongeup.go.kr,어린이문화놀이터,09:00,18:00,09:00,18:00,매주 월+1월 1일+설날연휴+추석연휴,0,0,0,전체 무료,정읍시립박물관은 정읍의 역사문화유산을 보호하기 위해  2012년 6월 22일에 개관한 공립박물관입니다.,"171번(시내버스) 이용, 20~30분 간격, 박물관 앞 부전마을 버스정류장에서 하차",063-539-6792,전북특별자치도 정읍시청,2025-12-01,4691000,전북특별자치도 정읍시
전국박물관미술관정보표준데이터,https://www.data.go.kr/data/15017323/standard.do,2025-11-17,place,호림박물관,사립,서울특별시 관악구,서울특별시 관악구 남부순환로152길 53,37.4808823,126.9182364,호림박물관을(를) 배경으로 관람 전후 동화를 만들 수 있다.,관람 전 예습 동화와 방문 후 기념 동화책 배경,전시실에서 마음에 드는 작품이나 물건을 찾아 가족과 이야기하기,5-7;8-10,박물관;미술관;호림박물관,호림박물관,사립,서울특별시 관악구 남부순환로152길 53,서울특별시 관악구 신림동 1707,02-858-2500,성보문화재단,http://www.horimmuseum.org,,10:00,17:00,00:00,00:00,토+일+월+법정공휴일+근로자의 날,4000,2000,2000,장애인 무료,,,02-879-5602,서울특별시 관악구청,2025-11-17,3200000,서울특별시 관악구
전국박물관미술관정보표준데이터,https://www.data.go.kr/data/15017323/standard.do,2025-11-17,place,서울대학교 박물관,대학,서울특별시 관악구,서울특별시 관악구 관악로 1,37.46803806,126.9592943,서울대학교 박물관을(를) 배경으로 관람 전후 동화를 만들 수 있다.,관람 전 예습 동화와 방문 후 기념 동화책 배경,전시실에서 마음에 드는 작품이나 물건을 찾아 가족과 이야기하기,5-7;8-10,박물관;미술관;서울대학교,서울대학교 박물관,대학,서울특별시 관악구 관악로 1,서울특별시 관악구 신림동 산 56-1,02-880-5333,서울대학교,http://museum.snu.ac.kr,,10:00,17:00,00:00,00:00,월+일+법정공휴일+개교기념일(10월15일),0,0,0,,,,02-879-5602,서울특별시 관악구청,2025-11-17,3200000,서울특별시 관악구
전국박물관미술관정보표준데이터,https://www.data.go.kr/data/15017323/standard.do,2025-11-17,place,서울시립 남서울미술관,공립,서울특별시 관악구,서울특별시 관악구 남부순환로 2076,37.47605354,126.9794659,서울시립 남서울미술관을(를) 배경으로 관람 전후 동화를 만들 수 있다.,관람 전 예습 동화와 방문 후 기념 동화책 배경,전시실에서 마음에 드는 작품이나 물건을 찾아 가족과 이야기하기,5-7;8-10,박물관;미술관;서울시립;남서울미술관,서울시립 남서울미술관,공립,서울특별시 관악구 남부순환로 2076,서울특별시 관악구 남현동 1059-13,02-598-6247,서울특별시청,http://sema.seoul.go.kr/kr/visit/namseoul,,10:00,20:00,10:00,18:00,월+1월1일,0,0,0,,,,02-879-5602,서울특별시 관악구청,2025-11-17,3200000,서울특별시 관악구
전국박물관미술관정보표준데이터,https://www.data.go.kr/data/15017323/standard.do,2025-11-17,place,서울대학교 미술관,대학,서울특별시 관악구,서울특별시 관악구 관악로 1,37.46803806,126.9592943,서울대학교 미술관을(를) 배경으로 관람 전후 동화를 만들 수 있다.,관람 전 예습 동화와 방문 후 기념 동화책 배경,전시실에서 마음에 드는 작품이나 물건을 찾아 가족과 이야기하기,5-7;8-10,박물관;미술관;서울대학교,서울대학교 미술관,대학,서울특별시 관악구 관악로 1,서울특별시 관악구 신림동 산 56-1,02-880-9504,서울대학교,http://www.snumoa.org,,10:00,18:00,00:00,00:00,월+법정공휴일+개교기념일(10월15일)+전시준비기간,0,0,0,,,,02-879-5602,서울특별시 관악구청,2025-11-17,3200000,서울특별시 관악구
전국박물관미술관정보표준데이터,https://www.data.go.kr/data/15017323/standard.do,2025-11-17,place,갤러리관악,공립,서울특별시 관악구,서울특별시 관악구 관악로 145,37.47825697,126.951506,갤러리관악을(를) 배경으로 관람 전후 동화를 만들 수 있다.,관람 전 예습 동화와 방문 후 기념 동화책 배경,전시실에서 마음에 드는 작품이나 물건을 찾아 가족과 이야기하기,5-7;8-10,박물관;미술관;갤러리관악,갤러리관악,공립,서울특별시 관악구 관악로 145,,02-879-5605,서울특별시 관악구청,,,10:00,18:00,00:00,00:00,토+일+법정공휴일,0,0,0,,,,02-879-5605,서울특별시 관악구청,2025-11-17,3200000,서울특별시 관악구
전국박물관미술관정보표준데이터,https://www.data.go.kr/data/15017323/standard.do,2025-11-27,place,부산포민속박물관,사립,부산광역시 부산진구,부산광역시 부산진구 중앙대로702번길 21,35.15554992,129.0603702,"사라져가는 민속자료를 한자리에 모아, 이를 보존, 전시, 조사, 연구하기 위하여 2006년 5월에 개관",관람 전 예습 동화와 방문 후 기념 동화책 배경,전시실에서 마음에 드는 작품이나 물건을 찾아 가족과 이야기하기,5-7;8-10,박물관;미술관;부산포민속박물관;사라져가는;민속자료를;한자리에;모아;이를;보존;전시;조사;연구하기,부산포민속박물관,사립,부산광역시 부산진구 중앙대로702번길 21,부산광역시 부산진구 부전동 168-176,051-803-4300,부산포민속박물관,http://blog.naver.com/busanpo4300,없음,10:00,17:00,10:00,17:00,휴관중,0,0,0,0,"사라져가는 민속자료를 한자리에 모아, 이를 보존, 전시, 조사, 연구하기 위하여 2006년 5월에 개관",지하철:1호선 서면역(2번출구)+2호선 서면역(6번출구),051-803-4300,김정민,2025-11-27,3290000,부산광역시 부산진구
전국박물관미술관정보표준데이터,https://www.data.go.kr/data/15017323/standard.do,2025-11-01,place,서울교육박물관,공립,서울특별시 종로구,서울특별시 종로구 북촌로5길 48(화동),37.58126437,126.9838695,서울교육박물관을(를) 배경으로 관람 전후 동화를 만들 수 있다.,관람 전 예습 동화와 방문 후 기념 동화책 배경,전시실에서 마음에 드는 작품이나 물건을 찾아 가족과 이야기하기,5-7;8-10,박물관;미술관;서울교육박물관,서울교육박물관,공립,서울특별시 종로구 북촌로5길 48(화동),,02-2011-5780,서울교육박물관,http://edumuseum.sen.go.kr/,,09:00,18:00,09:00,17:00,공휴일+1·3 주 수요일,0,0,0,,,,02-2011-5780,서울특별시,2025-11-01,3000000,서울특별시 종로구
전국박물관미술관정보표준데이터,https://www.data.go.kr/data/15017323/standard.do,2025-05-31,place,충주고구려천문과학관,국립,충청북도 충주시,충청북도 충주시 중앙탑면 묘곡내동길 100,37.040354,127.848417,충주고구려천문과학관은 시민들에게 천문우주과학 지식을 보급하고 우리지역의 밤하늘을 보조하기 위해 노력 하고 있다,관람 전 예습 동화와 방문 후 기념 동화책 배경,전시실에서 마음에 드는 작품이나 물건을 찾아 가족과 이야기하기,5-7;8-10,박물관;미술관;충주고구려천문과학관;충주고구려천문과학관은;시민들에게;천문우주과학;지식을;보급하고;우리지역의;밤하늘을;보조하기;위해,충주고구려천문과학관,국립,충청북도 충주시 중앙탑면 묘곡내동길 100,충청북도 충주시 중앙탑면 하구암리 143-3,043-842-3247,㈜천문우주기획,www.gogostar.kr,주관측실+보조관측실+천체투영실+시청각실+전시실,14:00,22:00,14:00,22:00,매주월요일+설 당일+설 연휴+추석 당일+추석 연휴+공휴일 익일,3000,2000,1000,0,충주고구려천문과학관은 시민들에게 천문우주과학 지식을 보급하고 우리지역의 밤하늘을 보조하기 위해 노력 하고 있다,,043-850-5972,충청북도 충주시청 문화예술과,2025-05-31,4390000,충청북도 충주시
전국박물관미술관정보표준데이터,https://www.data.go.kr/data/15017323/standard.do,2025-05-31,place,세계무술박물관,국립,충청북도 충주시,충청북도 충주시 남한강로26,36.98843956,127.9077644,충주세계물술박물관은 그동안 열렸던 충주세계무술축제의 성과를 전시하고 세계무술의 다양한 모습과 가치를 만드는 곳이다.,관람 전 예습 동화와 방문 후 기념 동화책 배경,전시실에서 마음에 드는 작품이나 물건을 찾아 가족과 이야기하기,5-7;8-10,박물관;미술관;세계무술박물관;충주세계물술박물관은;그동안;열렸던;충주세계무술축제의;성과를;전시하고;세계무술의;다양한;모습과,세계무술박물관,국립,충청북도 충주시 남한강로26,충청북도 충주시 금릉동 626-16,043-850-3995,세계무술박물관,,,09:00,18:00,09:00,18:00,1월 1일+설 당일+설 연휴+추석 당일+추석 연휴+매주월요일,0,0,0,0,충주세계물술박물관은 그동안 열렸던 충주세계무술축제의 성과를 전시하고 세계무술의 다양한 모습과 가치를 만드는 곳이다.,"충주공용버스터미널에서 도보 20분, 버스로 1정거장 소요",043-850-3995,충주박물관,2025-05-31,4390000,충청북도 충주시
전국박물관미술관정보표준데이터,https://www.data.go.kr/data/15017323/standard.do,2025-05-31,place,충렬사유물전시관,국립,충청북도 충주시,충청북도 충주시 충열1길 6(단월동),36.94617991,127.9054216,임충민공 충렬사는 선조27년 충주에서 태어난 임경업장군의 충절을 기리기 위해 세운 사당이며 장군이 사용했던 유품을 충렬사유물전시관에 전시하고 있음,관람 전 예습 동화와 방문 후 기념 동화책 배경,전시실에서 마음에 드는 작품이나 물건을 찾아 가족과 이야기하기,5-7;8-10,박물관;미술관;충렬사유물전시관;임충민공;충렬사는;선조27년;충주에서;태어난;임경업장군의;충절을;기리기;위해,충렬사유물전시관,국립,충청북도 충주시 충열1길 6(단월동),충청북도 충주시 단월동 385-1,043-850-7302,충주 임충민공충렬사 관리사무소,,주차장,09:00,18:00,09:00,18:00,연중무휴,0,0,0,0,임충민공 충렬사는 선조27년 충주에서 태어난 임경업장군의 충절을 기리기 위해 세운 사당이며 장군이 사용했던 유품을 충렬사유물전시관에 전시하고 있음,자가운전 : 충주IC→달천사거리(우회전)→건국대학교→달천동주민센터건너편→충주임충민공충렬사대중교통 : 충주공용버스터미널에서 610번 버스 이용,043-850-5982,충청북도 충주시청 문화예술과,2025-05-31,4390000,충청북도 충주시
전국박물관미술관정보표준데이터,https://www.data.go.kr/data/15017323/standard.do,2025-05-31,place,충주박물관,국립,충청북도 충주시,충청북도 충주시 중앙탑면 중앙탑길 112-28,37.016683,127.8651272,"충주의 역사와 문화유산을 전시 및 체험을 통해 즐길수 있는 박물관으로, 역사실, 민속실, 디지털실감체험실, 실감영상실, 고려조선실, 충주명현실로 구성되어 있다.",관람 전 예습 동화와 방문 후 기념 동화책 배경,전시실에서 마음에 드는 작품이나 물건을 찾아 가족과 이야기하기,5-7;8-10,박물관;미술관;충주박물관;충주의;역사와;문화유산을;전시;및;체험을;통해;즐길수;있는,충주박물관,국립,충청북도 충주시 중앙탑면 중앙탑길 112-28,충청북도 충주시 중앙탑면 탑평리 47-5,043-850-3927,충주박물관,www.chungju.go.kr/museum,안내실+자료실+강당,09:00,18:00,09:00,18:00,매주월요일+1월1일+설 연휴+설 당일+추석 당일,0,0,0,,"충주의 역사와 문화유산을 전시 및 체험을 통해 즐길수 있는 박물관으로, 역사실, 민속실, 디지털실감체험실, 실감영상실, 고려조선실, 충주명현실로 구성되어 있다.","시내버스 40~50분간격 운행, 도심에서 20분 소요",043-850-3924,충주박물관,2025-05-31,4390000,충청북도 충주시
전국박물관미술관정보표준데이터,https://www.data.go.kr/data/15017323/standard.do,2025-05-31,place,조동리선사유적박물관,국립,충청북도 충주시,충청북도 충주시 동량면 조동1길 15,37.026491,127.961838,"한강유역 상류의 대규모 선사유적인 조동리선사유적의 가치 및 발굴 성과를 전시한 공간으로, 선사문화실, 농학자허문회실로 구성되어 있다.",관람 전 예습 동화와 방문 후 기념 동화책 배경,전시실에서 마음에 드는 작품이나 물건을 찾아 가족과 이야기하기,5-7;8-10,박물관;미술관;조동리선사유적박물관;한강유역;상류의;대규모;선사유적인;조동리선사유적의;가치;및;발굴;성과를,조동리선사유적박물관,국립,충청북도 충주시 동량면 조동1길 15,충청북도 충주시 동량면 조동리 1373-3,043-850-3991,선사유적박물관,www.chungju.go.kr/museum,안내실+자료실+강당,09:00,18:00,09:00,18:00,매주월요일+1월1일+설 연휴+설 당일+추석당일,0,0,0,,"한강유역 상류의 대규모 선사유적인 조동리선사유적의 가치 및 발굴 성과를 전시한 공간으로, 선사문화실, 농학자허문회실로 구성되어 있다.","시내버스 1시간 간격 운행, 도심에서 30분 소요",043-850-3991,충주박물관,2025-05-31,4390000,충청북도 충주시
전국박물관미술관정보표준데이터,https://www.data.go.kr/data/15017323/standard.do,2025-05-31,place,한국교통대학교 박물관,대학,충청북도 충주시,충청북도 충주시 대소원면 대학로 50,36.96884634,127.8727696,"산업기술 분야를 중심으로 한 고고역사,미술,공예 및 민속 관련 자료를 수집,전시하고 교직원 및 학생의 관람과 교육연구 자료로서 공여하여 향토문화의 인식계몽에 기어코자 함.",관람 전 예습 동화와 방문 후 기념 동화책 배경,전시실에서 마음에 드는 작품이나 물건을 찾아 가족과 이야기하기,5-7;8-10,박물관;미술관;한국교통대학교;산업기술;분야를;중심으로;한;고고역사;미술;공예;및;민속,한국교통대학교 박물관,대학,충청북도 충주시 대소원면 대학로 50,충청북도 충주시 대소원면 검단리 123,043-841-5696,한국교통대학교,https://www.ut.ac.kr/museum.do,커피숍+편의점+식당,10:00,17:00,09:00,18:00,법정 공휴일,0,0,0,0,"산업기술 분야를 중심으로 한 고고역사,미술,공예 및 민속 관련 자료를 수집,전시하고 교직원 및 학생의 관람과 교육연구 자료로서 공여하여 향토문화의 인식계몽에 기어코자 함.","서울 → 충주(동서울터미널, 강남터미널 1시간 30분)수원 → 충주(직통, 직행 1시간 30분)청주 → 충주(직통, 직행 1시간)원주·제천 → 충주(직행 50분)문경·점촌 → 충주(직행 1시간)충주시외버스터미널 → 한국교통대학교(주덕방향 시내버스 5분)",043-841-5696,한국교통대학교,2025-05-31,4390000,충청북도 충주시
전국박물관미술관정보표준데이터,https://www.data.go.kr/data/15017323/standard.do,2025-05-31,place,관아갤러리,공립,충청북도 충주시,충청북도 충주시 관아5길 10,36.970052,127.9360876,충주문화회관 내 소재한 관아갤러리는 기획전시공간으로 대관 신청을 통해 이용 가능,관람 전 예습 동화와 방문 후 기념 동화책 배경,전시실에서 마음에 드는 작품이나 물건을 찾아 가족과 이야기하기,5-7;8-10,박물관;미술관;관아갤러리;충주문화회관;내;소재한;관아갤러리는;기획전시공간으로;대관;신청을;통해;이용,관아갤러리,공립,충청북도 충주시 관아5길 10,충청북도 충주시 성내동 452,043-850-3911,관아갤러리,www.chungju.go.kr/culture/,전시실,09:00,18:00,09:00,18:00,법정 공휴일,0,0,0,0,충주문화회관 내 소재한 관아갤러리는 기획전시공간으로 대관 신청을 통해 이용 가능,,043-850-3913,충청북도 충주시청 문화예술과,2025-05-31,4390000,충청북도 충주시
전국박물관미술관정보표준데이터,https://www.data.go.kr/data/15017323/standard.do,2025-05-31,place,성마루미술관,사립,충청북도 충주시,충청북도 충주시 대소원면 장성길 38-1,36.9613298,127.8388283,"충주시 대소원면 장성리에 위치한 성마루미술관은 서예,한국화,서양화,유화,도자기 등의 소장품 200여점이 상설전시되어 있으며, 야외전시장, 수목원, 연못, 쉼터 등의 부대시설을 갖추고 있음",관람 전 예습 동화와 방문 후 기념 동화책 배경,전시실에서 마음에 드는 작품이나 물건을 찾아 가족과 이야기하기,5-7;8-10,박물관;미술관;성마루미술관;충주시;대소원면;장성리에;위치한;성마루미술관은;서예;한국화;서양화;유화,성마루미술관,사립,충청북도 충주시 대소원면 장성길 38-1,충청북도 충주시 대소원면 장성리 243,043-848-7200,성마루미술관,,전시실,09:00,18:00,09:00,18:00,연중무휴,0,0,0,0,"충주시 대소원면 장성리에 위치한 성마루미술관은 서예,한국화,서양화,유화,도자기 등의 소장품 200여점이 상설전시되어 있으며, 야외전시장, 수목원, 연못, 쉼터 등의 부대시설을 갖추고 있음",,043-853-1883,성마루미술관,2025-05-31,4390000,충청북도 충주시
전국박물관미술관정보표준데이터,https://www.data.go.kr/data/15017323/standard.do,2025-05-27,place,계양아트갤러리,공립,인천광역시 계양구,인천광역시 계양구 계산새로 88,37.537442,126.737759,계양아트갤러리을(를) 배경으로 관람 전후 동화를 만들 수 있다.,관람 전 예습 동화와 방문 후 기념 동화책 배경,전시실에서 마음에 드는 작품이나 물건을 찾아 가족과 이야기하기,5-7;8-10,박물관;미술관;계양아트갤러리,계양아트갤러리,공립,인천광역시 계양구 계산새로 88,,032-450-5877,인천광역시 계양구청,http://www.gyeyang.go.kr/open_content/tour/event/culture/gallery.jsp,,09:00,18:00,09:00,18:00,연중무휴,0,0,0,,,,032-450-5877,인천광역시 계양구청,2025-05-27,3550000,인천광역시 계양구
전국박물관미술관정보표준데이터,https://www.data.go.kr/data/15017323/standard.do,2025-05-27,place,계양산성박물관,공립,인천광역시 계양구,인천광역시 계양구 계양산로 101,37.548054,126.727032,전국 최초 산성전문박물관,관람 전 예습 동화와 방문 후 기념 동화책 배경,전시실에서 마음에 드는 작품이나 물건을 찾아 가족과 이야기하기,5-7;8-10,박물관;미술관;계양산성박물관;전국;최초;산성전문박물관,계양산성박물관,공립,인천광역시 계양구 계양산로 101,인천광역시 계양구 계산동 548-14,032-450-8317,인천광역시 계양구청,http://museum.gyeyang.go.kr/,카페테리아+야외매점+주차장,09:00,18:00,09:00,18:00,월(단 공휴일과 겹치는 경우 그 다음날 휴관)+1월1일+설 당일+추석 당일,1000,0,0,군경 500원,전국 최초 산성전문박물관,,032-450-8317,인천광역시 계양구청,2025-05-27,3550000,인천광역시 계양구
전국박물관미술관정보표준데이터,https://www.data.go.kr/data/15017323/standard.do,2025-05-30,place,수도국산달동네박물관,공립,인천광역시 동구,인천광역시 동구 솔빛로 51(송현동),37.47777345,126.639225,"수도국산달동네박물관은 인천 동구청에서 건립하고 운영하는 공립박물관으로, 2005년 10월 25일에 제1종 전문박물관으로 개관하였다. 우리나라의 1960~1970년대 달동네 서민의 생활상을 테마로 한 체험 중심의 근현대생활사 박물관이다. 기성세대에게는 향수를, 현세대에게는 기성세대를 이해할 수 있는 교육의 장이 되도록 박물관을 운영하고 있다.",관람 전 예습 동화와 방문 후 기념 동화책 배경,전시실에서 마음에 드는 작품이나 물건을 찾아 가족과 이야기하기,5-7;8-10,박물관;미술관;수도국산달동네박물관;수도국산달동네박물관은;인천;동구청에서;건립하고;운영하는;공립박물관으로;2005년;10월;25일에,수도국산달동네박물관,공립,인천광역시 동구 솔빛로 51(송현동),인천광역시 동구 송현동 163,032-770-6130,인천광역시 동구,https://www.icdonggu.go.kr/museum/index.jsp,,09:00,18:00,09:00,18:00,증축공사로 휴관중(휴관기간 : 2023. 10. 2. ~ 증축 공사 완료 시까지),0,0,0,단체20명이상 관람시 개인관람료의 1/2,"수도국산달동네박물관은 인천 동구청에서 건립하고 운영하는 공립박물관으로, 2005년 10월 25일에 제1종 전문박물관으로 개관하였다. 우리나라의 1960~1970년대 달동네 서민의 생활상을 테마로 한 체험 중심의 근현대생활사 박물관이다. 기성세대에게는 향수를, 현세대에게는 기성세대를 이해할 수 있는 교육의 장이 되도록 박물관을 운영하고 있다.","지하철 이용시 1호선 동인천역 하차, 4번출구, 도보 10분 동인천 북광장 → 송현시장 입구(파리바게트와 인천종합동물병원 사이길) → 오르막길 약 400m / 시내버스 이용시 미림극장 하차 도보 7분, 동구청소년수련관 하차 도보 7분",032-770-6132,인천광역시 동구,2025-05-30,3500000,인천광역시 동구
전국박물관미술관정보표준데이터,https://www.data.go.kr/data/15017323/standard.do,2025-06-17,place,붓이야기박물관,사립,강원특별자치도 춘천시,강원특별자치도 춘천시 서면 박사로 906,37.896512,127.692736,"전통 붓의 역사와 종류, 제작 과정 등 전시,무형문화재 제24호 춘천필장 박경수 필장의 작품들이 전시, 붓을 만드는 전통적인 공구들과 붓 제작 공방을 관람, 붓 만들기, 붓 사용해보기 등 체험학습 공간이 마련되어 관람과 교육, 체험진행",관람 전 예습 동화와 방문 후 기념 동화책 배경,전시실에서 마음에 드는 작품이나 물건을 찾아 가족과 이야기하기,5-7;8-10,박물관;미술관;붓이야기박물관;전통;붓의;역사와;종류;제작;과정;등;전시;무형문화재,붓이야기박물관,사립,강원특별자치도 춘천시 서면 박사로 906,강원특별자치도 춘천시 서면 금산리 985-2,033-255-0580,붓이야기박물관,http://brushstory.co.kr,,10:00,18:00,10:00,18:00,월,0,0,0,,"전통 붓의 역사와 종류, 제작 과정 등 전시,무형문화재 제24호 춘천필장 박경수 필장의 작품들이 전시, 붓을 만드는 전통적인 공구들과 붓 제작 공방을 관람, 붓 만들기, 붓 사용해보기 등 체험학습 공간이 마련되어 관람과 교육, 체험진행",,033-255-0580,붓이야기박물관,2025-06-17,4181000,강원특별자치도 춘천시
전국박물관미술관정보표준데이터,https://www.data.go.kr/data/15017323/standard.do,2024-07-18,place,밀알미술관,사립,서울특별시 강남구,서울특별시 강남구 일원로 90,37.48578132,127.0820739,밀알미술관을(를) 배경으로 관람 전후 동화를 만들 수 있다.,관람 전 예습 동화와 방문 후 기념 동화책 배경,전시실에서 마음에 드는 작품이나 물건을 찾아 가족과 이야기하기,5-7;8-10,박물관;미술관;밀알미술관,밀알미술관,사립,서울특별시 강남구 일원로 90,,02-3412-0061,밀알미술관,,,09:30,17:00,09:30,17:00,국경일,0,0,0,,,,02-3423-5933,서울특별시 강남구청,2024-07-18,3220000,서울특별시 강남구
전국박물관미술관정보표준데이터,https://www.data.go.kr/data/15017323/standard.do,2024-07-18,place,피규어뮤지엄W,사립,서울특별시 강남구,서울특별시 강남구 선릉로158길 3,37.5257998,127.0403869,피규어뮤지엄W을(를) 배경으로 관람 전후 동화를 만들 수 있다.,관람 전 예습 동화와 방문 후 기념 동화책 배경,전시실에서 마음에 드는 작품이나 물건을 찾아 가족과 이야기하기,5-7;8-10,박물관;미술관;피규어뮤지엄W,피규어뮤지엄W,사립,서울특별시 강남구 선릉로158길 3,,070-7404-2240,피규어뮤지엄W,,,11:00,19:00,11:00,19:00,월+신정+설 연휴+추석 연휴,15000,13500,12000,,,,02-3423-5933,서울특별시 강남구청,2024-07-18,3220000,서울특별시 강남구
전국박물관미술관정보표준데이터,https://www.data.go.kr/data/15017323/standard.do,2024-07-18,place,K현대미술관,사립,서울특별시 강남구,서울특별시 강남구 선릉로 807,37.52438077,127.0391734,K현대미술관을(를) 배경으로 관람 전후 동화를 만들 수 있다.,관람 전 예습 동화와 방문 후 기념 동화책 배경,전시실에서 마음에 드는 작품이나 물건을 찾아 가족과 이야기하기,5-7;8-10,박물관;미술관;K현대미술관,K현대미술관,사립,서울특별시 강남구 선릉로 807,,02-2138-0952,K현대미술관,,,10:00,19:00,10:00,19:00,월,15000,12000,10000,,,,02-3423-5933,서울특별시 강남구청,2024-07-18,3220000,서울특별시 강남구
전국박물관미술관정보표준데이터,https://www.data.go.kr/data/15017323/standard.do,2025-06-17,place,추사박물관,공립,경기도 과천시,경기도 과천시 추사로 78,37.45300477,127.0287251,추사 김정희 전문 박물관,관람 전 예습 동화와 방문 후 기념 동화책 배경,전시실에서 마음에 드는 작품이나 물건을 찾아 가족과 이야기하기,5-7;8-10,박물관;미술관;추사박물관;추사;김정희;전문,추사박물관,공립,경기도 과천시 추사로 78,경기도 과천시 주암동 184-2,02-2150-3650,추사박물관,https://www.gccity.go.kr/chusamuseum/main.do,,09:00,18:00,09:00,18:00,월(월요일이 공휴일인 경우에는 그 다음날 휴관일)+1월1일+설연휴+추석연휴+과천시장이 정하는 휴관일,2000,1000,500,6세 이하 미취학 아동 및 65세이상 노인 등 무료,추사 김정희 전문 박물관,"지하철 4호선 선바위역, 지하철3호선 양재역에서 버스 이용",02-2150-3650,추사박물관,2025-06-17,3970000,경기도 과천시
전국박물관미술관정보표준데이터,https://www.data.go.kr/data/15017323/standard.do,2025-06-17,place,말박물관,사립,경기도 과천시,경기도 과천시 경마공원대로 107,37.44120036,127.0161266,국내 유일의 말 전문박물관,관람 전 예습 동화와 방문 후 기념 동화책 배경,전시실에서 마음에 드는 작품이나 물건을 찾아 가족과 이야기하기,5-7;8-10,박물관;미술관;말박물관;국내;유일의;말;전문박물관,말박물관,사립,경기도 과천시 경마공원대로 107,경기도 과천시 주암동 685,02-509-1275,말박물관,https://park.kra.co.kr/informationMuseumInformation.do?type=0,,10:00,17:30,10:00,17:30,월+1월1일+설연휴+추석연휴+기타임시휴관일,0,0,0,무료,국내 유일의 말 전문박물관,,02-509-1275,말박물관,2025-06-17,3970000,경기도 과천시
전국박물관미술관정보표준데이터,https://www.data.go.kr/data/15017323/standard.do,2025-06-17,place,아해한국전통어린이박물관,사립,경기도 과천시,경기도 과천시 추사로 133,37.457687,127.0299792,자연과 함께 사람과 더불어 놀이로 생각하는 아해박물관,관람 전 예습 동화와 방문 후 기념 동화책 배경,전시실에서 마음에 드는 작품이나 물건을 찾아 가족과 이야기하기,5-7;8-10,박물관;미술관;아해한국전통어린이박물관;자연과;함께;사람과;더불어;놀이로;생각하는;아해박물관,아해한국전통어린이박물관,사립,경기도 과천시 추사로 133,경기도 과천시 주암동 97-2,02-3418-5501,아해한국전통문화어린이박물관,www.ahaemuseum.org,,10:00,17:00,00:00,00:00,토+일+공휴일,5000,5000,5000,과천시민 무료,자연과 함께 사람과 더불어 놀이로 생각하는 아해박물관,지하철4호선 선바위역에서 버스이동,02-3418-5501,아해한국전통문화어린이박물관,2025-06-17,3970000,경기도 과천시
전국박물관미술관정보표준데이터,https://www.data.go.kr/data/15017323/standard.do,2025-06-17,place,한국카메라박물관,사립,경기도 과천시,경기도 과천시 대공원광장로 8,37.43505342,127.005651,카메라 기종 및 사진 관련을 전시하는 박물관,관람 전 예습 동화와 방문 후 기념 동화책 배경,전시실에서 마음에 드는 작품이나 물건을 찾아 가족과 이야기하기,5-7;8-10,박물관;미술관;한국카메라박물관;카메라;기종;및;사진;관련을;전시하는,한국카메라박물관,사립,경기도 과천시 대공원광장로 8,경기도 과천시 막계동 330,02-502-4123,한국카메라박물관,kcpm.or.kr,,10:00,18:00,10:00,18:00,일+월,5000,4000,3000,전시 오프닝 참석자 무료+과천시민 1000원 할인,카메라 기종 및 사진 관련을 전시하는 박물관,,02-502-4123,한국카메라박물관,2025-06-17,3970000,경기도 과천시
전국박물관미술관정보표준데이터,https://www.data.go.kr/data/15017323/standard.do,2025-06-17,place,과천사료박물관,공립,경기도 과천시,경기도 과천시 문원로 40-1,37.42834358,127.0017944,과천의 역사와 생활를 한눈에 볼수 있는 향토유물 전시,관람 전 예습 동화와 방문 후 기념 동화책 배경,전시실에서 마음에 드는 작품이나 물건을 찾아 가족과 이야기하기,5-7;8-10,박물관;미술관;과천사료박물관;과천의;역사와;생활를;한눈에;볼수;있는;향토유물;전시,과천사료박물관,공립,경기도 과천시 문원로 40-1,경기도 과천시 문원동 31-7,02-504-6513,과천문화원,http://www.gccc.or.kr/,,09:00,18:00,00:00,00:00,토+일+공휴일,0,0,0,무료,과천의 역사와 생활를 한눈에 볼수 있는 향토유물 전시,,02-504-6513,과천문화원,2025-06-17,3970000,경기도 과천시
전국박물관미술관정보표준데이터,https://www.data.go.kr/data/15017323/standard.do,2025-06-13,place,손기정기념관,공립,서울특별시 중구,서울특별시 중구 손기정로 101-4,37.55592073,126.9645377,손기정기념관을(를) 배경으로 관람 전후 동화를 만들 수 있다.,관람 전 예습 동화와 방문 후 기념 동화책 배경,전시실에서 마음에 드는 작품이나 물건을 찾아 가족과 이야기하기,5-7;8-10,박물관;미술관;손기정기념관,손기정기념관,공립,서울특별시 중구 손기정로 101-4,서울특별시 중구 만리동2가 6-1,02-364-1936,손기정기념재단,http://www.sonkeechung.com/sonkeechung/main/main.do,,10:00,18:00,10:00,18:00,월요일+1월 1일+설 당일+추석 당일,0,0,0,,,,02-3396-4605,서울특별시 중구청,2025-06-13,3010000,서울특별시 중구
전국박물관미술관정보표준데이터,https://www.data.go.kr/data/15017323/standard.do,2025-06-13,place,서소문성지역사박물관,공립,서울특별시 중구,서울특별시 중구 칠패로 5,37.560570,126.968866,서소문성지역사박물관을(를) 배경으로 관람 전후 동화를 만들 수 있다.,관람 전 예습 동화와 방문 후 기념 동화책 배경,전시실에서 마음에 드는 작품이나 물건을 찾아 가족과 이야기하기,5-7;8-10,박물관;미술관;서소문성지역사박물관,서소문성지역사박물관,공립,서울특별시 중구 칠패로 5,서울특별시 중구 의주로2가 16-4,02-3147-2401,천주교 서울대교구,https://www.seosomun.org/main.do,,09:00,17:00,09:00,17:00,월요일+1월 1일+설 당일+추석 당일,0,0,0,,,,02-3396-4605,서울특별시 중구청,2025-06-13,3010000,서울특별시 중구
전국박물관미술관정보표준데이터,https://www.data.go.kr/data/15017323/standard.do,2025-06-13,place,농협 농업박물관,사립,서울특별시 중구,서울특별시 중구 새문안로 16,37.566496,126.968558,농협 농업박물관을(를) 배경으로 관람 전후 동화를 만들 수 있다.,관람 전 예습 동화와 방문 후 기념 동화책 배경,전시실에서 마음에 드는 작품이나 물건을 찾아 가족과 이야기하기,5-7;8-10,박물관;미술관;농협;농업박물관,농협 농업박물관,사립,서울특별시 중구 새문안로 16,서울특별시 중구 충정로1가 75-1,02-2080-5722,농협중앙회,https://www.agrimuseum.or.kr:472/,,09:30,18:00,09:30,18:00,월요일+1월 1일+설 연휴+추석 연휴+공휴일+근로자의 날,0,0,0,,,,02-3396-4605,서울특별시 중구청,2025-06-13,3010000,서울특별시 중구
전국박물관미술관정보표준데이터,https://www.data.go.kr/data/15017323/standard.do,2025-06-13,place,배재학당역사박물관,사립,서울특별시 중구,서울특별시 중구 서소문로 11길 19,37.563788,126.972093,배재학당역사박물관을(를) 배경으로 관람 전후 동화를 만들 수 있다.,관람 전 예습 동화와 방문 후 기념 동화책 배경,전시실에서 마음에 드는 작품이나 물건을 찾아 가족과 이야기하기,5-7;8-10,박물관;미술관;배재학당역사박물관,배재학당역사박물관,사립,서울특별시 중구 서소문로 11길 19,서울특별시 중구 정동 34-5,02-319-5578,배재학당역사박물관,https://appenzeller.pcu.ac.kr/appenzeller,,10:00,17:00,00:00,00:00,일요일+월요일+공휴일,0,0,0,,,,02-3396-4605,서울특별시 중구청,2025-06-13,3010000,서울특별시 중구
전국박물관미술관정보표준데이터,https://www.data.go.kr/data/15017323/standard.do,2025-06-13,place,샬트르성바오로수녀회 역사박물관,사립,서울특별시 중구,서울특별시 중구 명동길 74-2,37.562229,126.987825,샬트르성바오로수녀회 역사박물관을(를) 배경으로 관람 전후 동화를 만들 수 있다.,관람 전 예습 동화와 방문 후 기념 동화책 배경,전시실에서 마음에 드는 작품이나 물건을 찾아 가족과 이야기하기,5-7;8-10,박물관;미술관;샬트르성바오로수녀회;역사박물관,샬트르성바오로수녀회 역사박물관,사립,서울특별시 중구 명동길 74-2,서울특별시 중구 명동2가 1-6,02-3706-3255,샬트르성바오로수녀회 서울관구,http://www.spcseoul.or.kr/sub5/sub5_01.php,,10:00,16:00,10:00,16:00,화요일+국경일+성삼일+부활 대축일+성탄 대축일,0,0,0,,,,02-3396-4605,서울특별시 중구청,2025-06-13,3010000,서울특별시 중구
전국박물관미술관정보표준데이터,https://www.data.go.kr/data/15017323/standard.do,2025-06-13,place,안중근의사기념관,사립,서울특별시 중구,서울특별시 중구 소월로 91,37.553470,126.980406,안중근의사기념관을(를) 배경으로 관람 전후 동화를 만들 수 있다.,관람 전 예습 동화와 방문 후 기념 동화책 배경,전시실에서 마음에 드는 작품이나 물건을 찾아 가족과 이야기하기,5-7;8-10,박물관;미술관;안중근의사기념관,안중근의사기념관,사립,서울특별시 중구 소월로 91,서울특별시 중구 남대문로5가 471,02-3789-1016,(사)안중근의사숭모회,http://www.ahnjunggeun.or.kr/kwa-intro,,10:00,18:00,10:00,18:00,월요일+1월 1일+설 당일+추석 당일,0,0,0,,,,02-3396-4605,서울특별시 중구청,2025-06-13,3010000,서울특별시 중구
전국박물관미술관정보표준데이터,https://www.data.go.kr/data/15017323/standard.do,2025-06-13,place,우리은행 은행사박물관,사립,서울특별시 중구,"서울특별시 중구 소공로 51, 지하 1층",37.55943797,126.981751,우리은행 은행사박물관을(를) 배경으로 관람 전후 동화를 만들 수 있다.,관람 전 예습 동화와 방문 후 기념 동화책 배경,전시실에서 마음에 드는 작품이나 물건을 찾아 가족과 이야기하기,5-7;8-10,박물관;미술관;우리은행;은행사박물관,우리은행 은행사박물관,사립,"서울특별시 중구 소공로 51, 지하 1층",서울특별시 중구 회현동1가 203,02-2002-5090,우리은행,http://www.woorimuseum.com/wbm/main.do,,10:00,18:00,00:00,00:00,일요일+공휴일+근로자의 날,0,0,0,,,,02-3396-4605,서울특별시 중구청,2025-06-13,3010000,서울특별시 중구
전국박물관미술관정보표준데이터,https://www.data.go.kr/data/15017323/standard.do,2025-06-13,place,이화박물관,사립,서울특별시 중구,서울특별시 중구 정동길 26,37.566178,126.971324,이화박물관을(를) 배경으로 관람 전후 동화를 만들 수 있다.,관람 전 예습 동화와 방문 후 기념 동화책 배경,전시실에서 마음에 드는 작품이나 물건을 찾아 가족과 이야기하기,5-7;8-10,박물관;미술관;이화박물관,이화박물관,사립,서울특별시 중구 정동길 26,서울특별시 중구 정동 32-1,02-752-3353,이화여자고등학교,http://ewhamuseum.com/,,10:00,17:00,00:00,00:00,월요일+일요일+공휴일+기타 관장이 정하는 휴일,0,0,0,,,,02-3396-4605,서울특별시 중구청,2025-06-13,3010000,서울특별시 중구
전국박물관미술관정보표준데이터,https://www.data.go.kr/data/15017323/standard.do,2025-06-13,place,종이나라박물관,사립,서울특별시 중구,서울특별시 중구 장충단로 166,37.559646,127.006151,종이나라박물관을(를) 배경으로 관람 전후 동화를 만들 수 있다.,관람 전 예습 동화와 방문 후 기념 동화책 배경,전시실에서 마음에 드는 작품이나 물건을 찾아 가족과 이야기하기,5-7;8-10,박물관;미술관;종이나라박물관,종이나라박물관,사립,서울특별시 중구 장충단로 166,서울특별시 중구 장충동1가 62-35,02-2279-7901,㈜종이나라,https://cafe.naver.com/papermuseum,,09:00,18:00,00:00,00:00,일요일+공휴일,2000,1500,1500,50할인(문화가있는날+단체+경로),,,02-3396-4605,서울특별시 중구청,2025-06-13,3010000,서울특별시 중구
전국박물관미술관정보표준데이터,https://www.data.go.kr/data/15017323/standard.do,2025-06-13,place,초전섬유퀼트박물관,사립,서울특별시 중구,서울특별시 중구 퇴계로18길 66,37.558126,126.984225,초전섬유퀼트박물관을(를) 배경으로 관람 전후 동화를 만들 수 있다.,관람 전 예습 동화와 방문 후 기념 동화책 배경,전시실에서 마음에 드는 작품이나 물건을 찾아 가족과 이야기하기,5-7;8-10,박물관;미술관;초전섬유퀼트박물관,초전섬유퀼트박물관,사립,서울특별시 중구 퇴계로18길 66,서울특별시 중구 남산동1가 20,02-753-4075,사단법인 한국섬유 · 퀼트문화협회,,,10:00,17:00,00:00,00:00,일요일+공휴일,8000,5000,3000,30할인(단체),,,02-3396-4605,서울특별시 중구청,2025-06-13,3010000,서울특별시 중구
전국박물관미술관정보표준데이터,https://www.data.go.kr/data/15017323/standard.do,2025-06-13,place,한국금융사박물관,사립,서울특별시 중구,서울특별시 중구 세종대로 135-5,37.568592,126.976430,한국금융사박물관을(를) 배경으로 관람 전후 동화를 만들 수 있다.,관람 전 예습 동화와 방문 후 기념 동화책 배경,전시실에서 마음에 드는 작품이나 물건을 찾아 가족과 이야기하기,5-7;8-10,박물관;미술관;한국금융사박물관,한국금융사박물관,사립,서울특별시 중구 세종대로 135-5,서울특별시 중구 태평로1가 62-12,02-2151-7677,신한은행,http://www.beautifulshinhan.co.kr,,10:00,18:00,00:00,00:00,일요일+공휴일,0,0,0,,,,02-3396-4605,서울특별시 중구청,2025-06-13,3010000,서울특별시 중구
전국박물관미술관정보표준데이터,https://www.data.go.kr/data/15017323/standard.do,2025-06-13,place,한국은행 화폐금융박물관,사립,서울특별시 중구,서울특별시 중구 남대문로 39,37.562511,126.979728,한국은행 화폐금융박물관을(를) 배경으로 관람 전후 동화를 만들 수 있다.,관람 전 예습 동화와 방문 후 기념 동화책 배경,전시실에서 마음에 드는 작품이나 물건을 찾아 가족과 이야기하기,5-7;8-10,박물관;미술관;한국은행;화폐금융박물관,한국은행 화폐금융박물관,사립,서울특별시 중구 남대문로 39,서울특별시 중구 남대문로3가 110,02-759-4881,한국은행,https://www.bok.or.kr/museum/main/contents.do?menuNo=700112,,10:00,17:00,10:00,17:00,월요일+설 연휴+추석 연휴+근로자의 날+선거일+12월 29일~다음해 1월 2일,0,0,0,,,,02-3396-4605,서울특별시 중구청,2025-06-13,3010000,서울특별시 중구
전국박물관미술관정보표준데이터,https://www.data.go.kr/data/15017323/standard.do,2025-06-13,place,동국대학교 박물관,사립,서울특별시 중구,서울특별시 중구 필동로1길 30,37.55893664,126.9987376,동국대학교 박물관을(를) 배경으로 관람 전후 동화를 만들 수 있다.,관람 전 예습 동화와 방문 후 기념 동화책 배경,전시실에서 마음에 드는 작품이나 물건을 찾아 가족과 이야기하기,5-7;8-10,박물관;미술관;동국대학교,동국대학교 박물관,사립,서울특별시 중구 필동로1길 30,서울특별시 중구 필동3가 26-1,02-2260-3722,동국대학교,https://dgumuseum.dongguk.edu/main,,10:00,16:00,00:00,00:00,토요일+일요일+공휴일,0,0,0,,,,02-3396-4605,서울특별시 중구청,2025-06-13,3010000,서울특별시 중구
전국박물관미술관정보표준데이터,https://www.data.go.kr/data/15017323/standard.do,2025-07-07,place,성남큐브미술관,공립,경기도 성남시,경기도 성남시 분당구 성남대로 808,37.402956,127.130558,성남큐브미술관을(를) 배경으로 관람 전후 동화를 만들 수 있다.,관람 전 예습 동화와 방문 후 기념 동화책 배경,전시실에서 마음에 드는 작품이나 물건을 찾아 가족과 이야기하기,5-7;8-10,박물관;미술관;성남큐브미술관,성남큐브미술관,공립,경기도 성남시 분당구 성남대로 808,경기도 성남시 분당구 야탑동 757,031-783-8000,성남문화재단,http://www.snab.or.kr,,10:00,18:00,10:00,18:00,월+1월 1일,0,0,0,기획전시 별도,,광역버스(9408/3330/4000/9607/7200)+일반버스(250/220/2-1/51/33-1/300/720/720-1/77-1/116-3/17/17-1/119),031-783-8141,성남문화재단,2025-07-07,3780000,경기도 성남시
전국박물관미술관정보표준데이터,https://www.data.go.kr/data/15017323/standard.do,2025-06-25,place,비엔나인형박물관,사립,강원특별자치도 평창군,강원특별자치도 평창군 대관령면 솔봉로 296,37.66272045,128.6639536,"비엔나인형박물관은 2019년 6월 평창군 대관령면에서 개관한 테마 박물관으로, 유럽의 오스트리아 마을을 본 뜬 티롤빌리지 내에 위치하고 있습니다. 각종 인형을 주제로 한 11개의 전시관을 비롯하여 놀이방과 멀티존(영상존) 등 휴게시설이 마련되어 있으며, 명예관장으로 계신 가수 전영록님의 수집 피규어와 기증 인형들도 자리하고 있습니다.",관람 전 예습 동화와 방문 후 기념 동화책 배경,전시실에서 마음에 드는 작품이나 물건을 찾아 가족과 이야기하기,5-7;8-10,박물관;미술관;비엔나인형박물관;비엔나인형박물관은;2019년;6월;평창군;대관령면에서;개관한;테마;박물관으로;유럽의,비엔나인형박물관,사립,강원특별자치도 평창군 대관령면 솔봉로 296,강원특별자치도 평창군 대관령면 용산리 383-3,033-333-3330,오스트리아 마을,www.viennadollmuseum.com,주차장(지하)+장애인화장실+놀이방,10:00,18:00,10:00,18:00,연중무휴,10000,8000,7000,,"비엔나인형박물관은 2019년 6월 평창군 대관령면에서 개관한 테마 박물관으로, 유럽의 오스트리아 마을을 본 뜬 티롤빌리지 내에 위치하고 있습니다. 각종 인형을 주제로 한 11개의 전시관을 비롯하여 놀이방과 멀티존(영상존) 등 휴게시설이 마련되어 있으며, 명예관장으로 계신 가수 전영록님의 수집 피규어와 기증 인형들도 자리하고 있습니다.",평창알프스마을 티롤빌리지,033-330-2722,강원특별자치도 평창군청,2025-06-25,4281000,강원특별자치도 평창군
전국박물관미술관정보표준데이터,https://www.data.go.kr/data/15017323/standard.do,2025-06-25,place,왕조실록의궤박물관,사립,강원특별자치도 평창군,강원특별자치도 평창군 진부면 오대산로 180,37.7179265565,128.6015874117,"왕조실록·의궤 박물관은 조선총독부에 의하여 일본으로 무단 반출된 뒤 국내로 환수된 왕실의 기록유산인 『조선왕조실록』과 『조선왕조의궤』오대산본을 주제로 2019년 10월에 개관하였다. 성종, 중종, 선조실록, 고종명성황후가례도감의궤 등의 영인본과 기록문화관련 유물 200여점을 소장하고 있으며 오대산사고의 의미와 조선왕실 기록문화의 우수성을 되새겨보는 취지로 건립되었다.",관람 전 예습 동화와 방문 후 기념 동화책 배경,전시실에서 마음에 드는 작품이나 물건을 찾아 가족과 이야기하기,5-7;8-10,박물관;미술관;왕조실록의궤박물관;왕조실록·의궤;박물관은;조선총독부에;의하여;일본으로;무단;반출된;뒤;국내로,왕조실록의궤박물관,사립,강원특별자치도 평창군 진부면 오대산로 180,강원특별자치도 평창군 진부면 동산리 17-15,033-339-7000,월정사,,,09:30,18:00,09:30,18:00,월요일,0,0,0,,"왕조실록·의궤 박물관은 조선총독부에 의하여 일본으로 무단 반출된 뒤 국내로 환수된 왕실의 기록유산인 『조선왕조실록』과 『조선왕조의궤』오대산본을 주제로 2019년 10월에 개관하였다. 성종, 중종, 선조실록, 고종명성황후가례도감의궤 등의 영인본과 기록문화관련 유물 200여점을 소장하고 있으며 오대산사고의 의미와 조선왕실 기록문화의 우수성을 되새겨보는 취지로 건립되었다.",,033-330-2722,강원특별자치도 평창군청,2025-06-25,4281000,강원특별자치도 평창군
전국박물관미술관정보표준데이터,https://www.data.go.kr/data/15017323/standard.do,2025-06-23,place,달성화석박물관,공립,대구광역시 달성군,대구광역시 달성군 유가읍 테크노대로6길 66,35.6843648733,128.4622782104,국내 최초의 공립 화석 전문박물관,관람 전 예습 동화와 방문 후 기념 동화책 배경,전시실에서 마음에 드는 작품이나 물건을 찾아 가족과 이야기하기,5-7;8-10,박물관;미술관;달성화석박물관;국내;최초의;공립;화석;전문박물관,달성화석박물관,공립,대구광역시 달성군 유가읍 테크노대로6길 66,대구광역시 달성군 유가읍 상리 971,053-659-4900,달성화석박물관,https://fossilmuseum.dssiseol.or.kr/,,09:30,17:30,09:30,17:30,매주월요일,0000,0000,0000,,국내 최초의 공립 화석 전문박물관,,053-668-2796,대구광역시 달성군청,2025-06-23,3480000,대구광역시 달성군
전국박물관미술관정보표준데이터,https://www.data.go.kr/data/15017323/standard.do,2025-06-20,place,성산동고분군전시관,공립,경상북도 성주군,경상북도 성주군 성주읍 성산4길 37,35.90667894,128.298314,성산가야 및 성산동고분군 소개,관람 전 예습 동화와 방문 후 기념 동화책 배경,전시실에서 마음에 드는 작품이나 물건을 찾아 가족과 이야기하기,5-7;8-10,박물관;미술관;성산동고분군전시관;성산가야;및;성산동고분군;소개,성산동고분군전시관,공립,경상북도 성주군 성주읍 성산4길 37,경상북도 성주군 성주읍 성산리 822,054-930-8384,경상북도 성주군청 문화예술과,https://www.sj.go.kr/goboongoon/main.do,"어린이체험실, 카페부스, 가족쉼터, 자판기 1대",09:00,18:00,09:00,18:00,"매주 월요일, 1월 1일, 설 및 추석 당일",0,0,0,자체전시전 및 대관 제외는 유료,성산가야 및 성산동고분군 소개,"성주전기버스 4번, 자동차로 25분 정도 소요(대구시 대실역 기준)",054-930-8384,경상북도 성주군청 문화예술과,2025-06-20,5210000,경상북도 성주군
전국박물관미술관정보표준데이터,https://www.data.go.kr/data/15017323/standard.do,2025-06-19,place,전남도립미술관,공립,전라남도 광양시,전라남도 광양시 광양읍 순광로 660,34.96787817,127.5888221,예향 전남을 넘어 세계로 나아가는 미술관,관람 전 예습 동화와 방문 후 기념 동화책 배경,전시실에서 마음에 드는 작품이나 물건을 찾아 가족과 이야기하기,5-7;8-10,박물관;미술관;전남도립미술관;예향;전남을;넘어;세계로;나아가는,전남도립미술관,공립,전라남도 광양시 광양읍 순광로 660,전라남도 광양시 광양읍 인동리 227,061-760-3242,전라남도청,http://artmuseum.jeonnam.go.kr/,전시실+수장고+북카페+어린이 전시 체험실,10:00,18:00,10:00,18:00,월요일,1000,700,700,전남도민 관람료의 50퍼센트 할인,예향 전남을 넘어 세계로 나아가는 미술관,,061-760-3242,전라남도청,2025-06-19,4840000,전라남도 광양시
전국박물관미술관정보표준데이터,https://www.data.go.kr/data/15017323/standard.do,2025-05-31,place,부평역사박물관,공립,인천광역시 부평구,인천광역시 부평구 굴포로 151,37.512195,126.737918,"2007년 3월 29일 개관하였으며 부평의 역사와 문화를 주제로 총 3개의 상설전시실과 1개의 특별전시실이 있음. 전시사업과 함께 지역역사 자료의 수집과 보존, 연구를 진행하고 있으며 지역민들을 대상으로 하는 문화교육도 활발히 진행",관람 전 예습 동화와 방문 후 기념 동화책 배경,전시실에서 마음에 드는 작품이나 물건을 찾아 가족과 이야기하기,5-7;8-10,박물관;미술관;부평역사박물관;2007년;3월;29일;개관하였으며;부평의;역사와;문화를;주제로;총,부평역사박물관,공립,인천광역시 부평구 굴포로 151,인천광역시 부평구 삼산동 451-1,032-515-6471,부평역사박물관,https://portal.icbp.go.kr/bphm/,박물관 카페,09:00,18:00,09:00,18:00,매주 월요일,0,0,0,0,"2007년 3월 29일 개관하였으며 부평의 역사와 문화를 주제로 총 3개의 상설전시실과 1개의 특별전시실이 있음. 전시사업과 함께 지역역사 자료의 수집과 보존, 연구를 진행하고 있으며 지역민들을 대상으로 하는 문화교육도 활발히 진행",지하철 1호선 부개역+지하철 1호선 부평역+지하철 7호선 삼산월드체육관역,032-505-9001,인천광역시 부평문화원,2025-05-31,3540000,인천광역시 부평구
전국박물관미술관정보표준데이터,https://www.data.go.kr/data/15017323/standard.do,2025-07-01,place,혼불문학관,공립,전북특별자치도 남원시,전북특별자치도 남원시 사매면 노봉안길52,35.481096,127.319992,"혼불문학관은 민족의 혼과 근원을 찾기 위해 온몸으로 번뇌하며 상념에 사로 잡혔던 최명희 작가의 혼불“ 문학정신을 계승,발전시키고자 소설의 배경지이며 혼불문학마을인 남원시 사매면 노봉마을을 혼불“ 의 맥이 살아 숨 쉬도록 가꾸고 꾸미기 위하여 출발하였습니다. 최명희 작가는 우리말의 아름다움과 운율을 살려 모국어의 감미로움과 미려함, 풍성함을 돋보이게 하여 찬탄을 자아내었습니다. 전시관은 작가의 문학적 생애 및 작가정신을 알 수 있는 작가의 작품일지와 유품 및 집필실과, 혼불 속 전통문화와 풍속을 엿볼 수 있는 10개의 입체 인형극 형식의 디오라마 공간으로 구성되어 있습니다. 혼불문학관은 2004년 10월 개관하였다.",관람 전 예습 동화와 방문 후 기념 동화책 배경,전시실에서 마음에 드는 작품이나 물건을 찾아 가족과 이야기하기,5-7;8-10,박물관;미술관;혼불문학관;혼불문학관은;민족의;혼과;근원을;찾기;위해;온몸으로;번뇌하며;상념에,혼불문학관,공립,전북특별자치도 남원시 사매면 노봉안길52,전북특별자치도 남원시 사매면 서도리 522,063-620-5744,전북특별자치도 남원시청,,누마루+사랑실+초막3동,09:00,18:00,09:00,18:00,월,0,0,0,,"혼불문학관은 민족의 혼과 근원을 찾기 위해 온몸으로 번뇌하며 상념에 사로 잡혔던 최명희 작가의 혼불“ 문학정신을 계승,발전시키고자 소설의 배경지이며 혼불문학마을인 남원시 사매면 노봉마을을 혼불“ 의 맥이 살아 숨 쉬도록 가꾸고 꾸미기 위하여 출발하였습니다. 최명희 작가는 우리말의 아름다움과 운율을 살려 모국어의 감미로움과 미려함, 풍성함을 돋보이게 하여 찬탄을 자아내었습니다. 전시관은 작가의 문학적 생애 및 작가정신을 알 수 있는 작가의 작품일지와 유품 및 집필실과, 혼불 속 전통문화와 풍속을 엿볼 수 있는 10개의 입체 인형극 형식의 디오라마 공간으로 구성되어 있습니다. 혼불문학관은 2004년 10월 개관하였다.","버스: 523번, 524번 노봉 종점에서 하차",063-620-5744,전북특별자치도 남원시청,2025-07-01,4701000,전북특별자치도 남원시
전국박물관미술관정보표준데이터,https://www.data.go.kr/data/15017323/standard.do,2024-11-19,place,상주자전거박물관,공립,경상북도 상주시,경상북도 상주시 용마로 415,36.4544380263,128.2544540767,상주자전거박물관을(를) 배경으로 관람 전후 동화를 만들 수 있다.,관람 전 예습 동화와 방문 후 기념 동화책 배경,전시실에서 마음에 드는 작품이나 물건을 찾아 가족과 이야기하기,5-7;8-10,박물관;미술관;상주자전거박물관,상주자전거박물관,공립,경상북도 상주시 용마로 415,경상북도 상주시 도남동 산 3-4,054-534-4973,상주박물관,http://www.sangju.go.kr/tour/main/main.jsp?home_url=tour&befor_home_url=tour&befor_code=TOUR_PLACE_8_5&code=TOUR_PLACE_8_1,자전거보관대+수유실+매점,09:30,17:30,09:30,17:30,"매년 1월1일, 매주 월요일(월요일이 공휴일인 경우, 그 다음날), 설날 및 추석 당일, 그 외 상주시장이 필요하다고 인정하여 정하는 휴관일",1000,500,0,,,,054-534-4973,상주시청,2024-11-19,5110000,경상북도 상주시
전국박물관미술관정보표준데이터,https://www.data.go.kr/data/15017323/standard.do,2024-11-19,place,상주박물관,공립,경상북도 상주시,경상북도 상주시 사벌국면 경천로 684,36.4591647044,128.2403521353,상주박물관을(를) 배경으로 관람 전후 동화를 만들 수 있다.,관람 전 예습 동화와 방문 후 기념 동화책 배경,전시실에서 마음에 드는 작품이나 물건을 찾아 가족과 이야기하기,5-7;8-10,박물관;미술관;상주박물관,상주박물관,공립,경상북도 상주시 사벌국면 경천로 684,경상북도 상주시 사벌국면 삼덕리 산 18-7,054-537-6752,상주박물관,http://www.sangju.go.kr/tour/main/main.jsp?home_url=tour&befor_home_url=tour&befor_code=TOUR_PLACE_8_1&code=TOUR_PLACE_14_4,자전거보관대+수유실+매점,09:30,17:30,09:30,17:30,"매년 1월1일, 매주 월요일(월요일이 공휴일인 경우, 그 다음날), 설날 및 추석 당일, 그 외 상주시장이 필요하다고 인정하여 정하는 휴관일",0,0,0,,,,054-537-6752,상주시청,2024-11-19,5110000,경상북도 상주시
전국박물관미술관정보표준데이터,https://www.data.go.kr/data/15017323/standard.do,2025-03-31,place,반곡역사관,공립,강원특별자치도 원주시,강원특별자치도 원주시 양지로 36,37.32480055,127.9825461,원주 혁신도시 조성사업 과정에서 출토된 반곡동 유적 관련 역사자료와 유물 500여점을 전시하고 있는 역사문화공간으로 어린이 대상 선사마을 놀이터 시설과 다양한 주제의 교육 체험프로그램 등이 운영 중이다.,관람 전 예습 동화와 방문 후 기념 동화책 배경,전시실에서 마음에 드는 작품이나 물건을 찾아 가족과 이야기하기,5-7;8-10,박물관;미술관;반곡역사관;원주;혁신도시;조성사업;과정에서;출토된;반곡동;유적;관련;역사자료와,반곡역사관,공립,강원특별자치도 원주시 양지로 36,강원특별자치도 원주시 반곡동 1889,033-737-5381,원주시역사박물관,https://whm.wonju.go.kr/whm/page/view.php/sub_10_01,휴게공간,09:00,18:00,09:00,18:00,월+명절당일+공휴일 익일,0,0,0,0,원주 혁신도시 조성사업 과정에서 출토된 반곡동 유적 관련 역사자료와 유물 500여점을 전시하고 있는 역사문화공간으로 어린이 대상 선사마을 놀이터 시설과 다양한 주제의 교육 체험프로그램 등이 운영 중이다.,시내버스 100+16+86+52+16-1+52번,033-737-4371,강원특별자치도 원주시청,2025-03-31,4191000,강원특별자치도 원주시
전국박물관미술관정보표준데이터,https://www.data.go.kr/data/15017323/standard.do,2025-03-31,place,임윤지당선양관,공립,강원특별자치도 원주시,강원특별자치도 원주시 단관길 53-1,37.32309216,127.9548149,원주 지역 조선시대 여성 성리학자 임윤지당의 일생과 업적을 기리는 기념관으로 임윤지당 관련 역사자료 관람과 전통문화 교육프로그램 체험이 가능하다.,관람 전 예습 동화와 방문 후 기념 동화책 배경,전시실에서 마음에 드는 작품이나 물건을 찾아 가족과 이야기하기,5-7;8-10,박물관;미술관;임윤지당선양관;원주;지역;조선시대;여성;성리학자;임윤지당의;일생과;업적을;기리는,임윤지당선양관,공립,강원특별자치도 원주시 단관길 53-1,강원특별자치도 원주시 단구동 1708,033-737-4701,원주시역사박물관,https://whm.wonju.go.kr/whm/page/view.php/sub_09_01,,09:00,18:00,09:00,18:00,월+명절당일+공휴일 익일,0,0,0,0,원주 지역 조선시대 여성 성리학자 임윤지당의 일생과 업적을 기리는 기념관으로 임윤지당 관련 역사자료 관람과 전통문화 교육프로그램 체험이 가능하다.,시내버스 34-1+51-1+55+51번,033-737-4371,강원특별자치도 원주시청,2025-03-31,4191000,강원특별자치도 원주시
전국박물관미술관정보표준데이터,https://www.data.go.kr/data/15017323/standard.do,2025-03-31,place,조엄기념관,공립,강원특별자치도 원주시,강원특별자치도 원주시 지정면 간현웃말길 46,37.3538199959,127.8517615,우리나라에 최초로 고구마를 도입하여 조선시대 당시 기근 해결에 큰 기여를 했던 문익공 조엄 선생을 기리는 기념관으로 조엄묘역과 조엄사당 등이 함께 위치하며 직접 고구마 경작을 할 수 있는 체험프로그램도 운영 중이다.,관람 전 예습 동화와 방문 후 기념 동화책 배경,전시실에서 마음에 드는 작품이나 물건을 찾아 가족과 이야기하기,5-7;8-10,박물관;미술관;조엄기념관;우리나라에;최초로;고구마를;도입하여;조선시대;당시;기근;해결에;큰,조엄기념관,공립,강원특별자치도 원주시 지정면 간현웃말길 46,강원특별자치도 원주시 지정면 간현리 136-1,033-731-1373,원주시역사박물관,http://whm.wonju.go.kr/whm/page/view.php/sub_08_01,,10:00,17:00,10:00,17:00,월+명절당일+공휴일 익일,0,0,0,0,우리나라에 최초로 고구마를 도입하여 조선시대 당시 기근 해결에 큰 기여를 했던 문익공 조엄 선생을 기리는 기념관으로 조엄묘역과 조엄사당 등이 함께 위치하며 직접 고구마 경작을 할 수 있는 체험프로그램도 운영 중이다.,시외버스터미널 주변 시내버스 52+57번(지정면행),033-737-4371,강원특별자치도 원주시청,2025-03-31,4191000,강원특별자치도 원주시
전국박물관미술관정보표준데이터,https://www.data.go.kr/data/15017323/standard.do,2025-03-31,place,법천사지 유적전시관,공립,강원특별자치도 원주시,강원특별자치도 원주시 법천사지길 50-15,37.2062448,127.7640766,"고려 문종 때 왕사와 국사를 지낸 지광국사가 머물면서 큰 사찰의 규모를 갖추게 된 법천사가 있던 폐사지(국가지정문화유산 사적 법천사지) 내에 지어진 유적전시관으로,  전시관 실내에 고려시대 승탑의 백미로 꼽히는 국보 원주 법천사지 지광국사탑이 원주를 떠난지 110여년 만에 환수되어 전시되어 있다.  이 탑은 1910년대 무단으로 일본으로 반출되었다가, 다시 명동성당, 경복궁 등으로 거처를 옮기다, 한국전쟁 당시 피폭 되어 복원 후 경복궁 고궁 박물관",관람 전 예습 동화와 방문 후 기념 동화책 배경,전시실에서 마음에 드는 작품이나 물건을 찾아 가족과 이야기하기,5-7;8-10,박물관;미술관;법천사지;유적전시관;고려;문종;때;왕사와;국사를;지낸;지광국사가;머물면서,법천사지 유적전시관,공립,강원특별자치도 원주시 법천사지길 50-15,강원특별자치도 원주시 부론면 법천리 594,033-737-2807,원주시역사박물관,https://whm.wonju.go.kr/whm/page/view.php/sub_11_03,전시관+주차장+화장실,09:00,18:00,09:00,18:00,월+명절당일+공휴일 익일,0,0,0,0,"고려 문종 때 왕사와 국사를 지낸 지광국사가 머물면서 큰 사찰의 규모를 갖추게 된 법천사가 있던 폐사지(국가지정문화유산 사적 법천사지) 내에 지어진 유적전시관으로,  전시관 실내에 고려시대 승탑의 백미로 꼽히는 국보 원주 법천사지 지광국사탑이 원주를 떠난지 110여년 만에 환수되어 전시되어 있다.  이 탑은 1910년대 무단으로 일본으로 반출되었다가, 다시 명동성당, 경복궁 등으로 거처를 옮기다, 한국전쟁 당시 피폭 되어 복원 후 경복궁 고궁 박물관",시내버스 55,033-737-2807,강원특별자치도 원주시청,2025-03-31,4191000,강원특별자치도 원주시
전국박물관미술관정보표준데이터,https://www.data.go.kr/data/15017323/standard.do,2025-04-03,place,거제어촌민속전시관,공립,경상남도 거제시,경상남도 거제시 일운면 지세포해안로 41,34.83369365,128.7018853,민속품+패류+어구+어류박제품 등 2120여점 소장,관람 전 예습 동화와 방문 후 기념 동화책 배경,전시실에서 마음에 드는 작품이나 물건을 찾아 가족과 이야기하기,5-7;8-10,박물관;미술관;거제어촌민속전시관;민속품+패류+어구+어류박제품;등;2120여점;소장,거제어촌민속전시관,공립,경상남도 거제시 일운면 지세포해안로 41,경상남도 거제시 일운면 지세포리 929-88,055-639-8270,거제해양관광개발공사,http://www.gmdc.co.kr/_marine/,,09:00,18:00,09:00,18:00,"설당일+추석당일+월요일(단, 월요일이 공휴일인 경우 당일은 개관하고 그 다음 첫번째 평일에 휴관)",3000,2000,1000,할인(거제시민+만 65세 이상+관광지 통합이용권 이용자+상호협약 체결 시설 당일 입장권 소지자+단체 30명 이상)+무료(미취학 아동 + 국가보훈대상자+ 장애인+ 다자녀가정 + 기초생활수급자),민속품+패류+어구+어류박제품 등 2120여점 소장,,055-639-4243,경상남도 거제시,2025-04-03,5370000,경상남도 거제시
전국박물관미술관정보표준데이터,https://www.data.go.kr/data/15017323/standard.do,2025-04-03,place,청마기념관,공립,경상남도 거제시,경상남도 거제시 둔덕면 방하2길 6,34.8548686,128.5171215,지류+도자기+금속 등(209여 점),관람 전 예습 동화와 방문 후 기념 동화책 배경,전시실에서 마음에 드는 작품이나 물건을 찾아 가족과 이야기하기,5-7;8-10,박물관;미술관;청마기념관;지류+도자기+금속;등(209여;점),청마기념관,공립,경상남도 거제시 둔덕면 방하2길 6,경상남도 거제시 둔덕면 방하리 505-1,055-635-8340,청마기념사업회,http://www.cheongma.or.kr,,09:00,18:00,09:00,18:00,월요일+1월1일+설당일+추석 당일,0,0,0,,지류+도자기+금속 등(209여 점),,055-639-3535,경상남도 거제시,2025-04-03,5370000,경상남도 거제시
전국박물관미술관정보표준데이터,https://www.data.go.kr/data/15017323/standard.do,2025-04-03,place,거제민속박물관,사립,경상남도 거제시,경상남도 거제시 연초면 대금산로 339-7,34.95011436,128.677436,민속품+고서화+옹기+고가구+농기구 등 29000여점 소장,관람 전 예습 동화와 방문 후 기념 동화책 배경,전시실에서 마음에 드는 작품이나 물건을 찾아 가족과 이야기하기,5-7;8-10,박물관;미술관;거제민속박물관;민속품+고서화+옹기+고가구+농기구;등;29000여점;소장,거제민속박물관,사립,경상남도 거제시 연초면 대금산로 339-7,경상남도 거제시 연초면 명동리 390,055-637-3722,거제민속박물관,,,09:30,16:30,09:30,16:30,일요일,2000,1000,1000,할인(단체),민속품+고서화+옹기+고가구+농기구 등 29000여점 소장,,055-637-3722,거제민속자료관,2025-04-03,5370000,경상남도 거제시
전국박물관미술관정보표준데이터,https://www.data.go.kr/data/15017323/standard.do,2025-04-03,place,거제박물관,사립,경상남도 거제시,경상남도 거제시 거제대로 3791,34.894053,128.6862106,도류+토기+민속품+고서+서화류 등 3500여점 소장,관람 전 예습 동화와 방문 후 기념 동화책 배경,전시실에서 마음에 드는 작품이나 물건을 찾아 가족과 이야기하기,5-7;8-10,박물관;미술관;거제박물관;도류+토기+민속품+고서+서화류;등;3500여점;소장,거제박물관,사립,경상남도 거제시 거제대로 3791,경상남도 거제시 옥포2동 1565,055-687-6790,거제박물관,http://gjmuseum.or.kr/,,09:00,18:00,09:00,18:00,월요일+설당일+추석당일,3000,2000,1500,"할인(경로우대, 국가유공자, 장애인, 단체(20인 이상))+무료입장(병역명문가)",도류+토기+민속품+고서+서화류 등 3500여점 소장,,055-687-6790,거제박물관,2025-04-03,5370000,경상남도 거제시
전국박물관미술관정보표준데이터,https://www.data.go.kr/data/15017323/standard.do,2025-04-03,place,외도보타니아,사립,경상남도 거제시,경상남도 거제시 일운면 외도길 17,34.76947226,128.7113921,식물 등 1000여점 소장,관람 전 예습 동화와 방문 후 기념 동화책 배경,전시실에서 마음에 드는 작품이나 물건을 찾아 가족과 이야기하기,5-7;8-10,박물관;미술관;외도보타니아;식물;등;1000여점;소장,외도보타니아,사립,경상남도 거제시 일운면 외도길 17,경상남도 거제시 일운면 와현리 674,055-681-4541,외도보타니아,http://www.oedobotania.com,,08:00,19:00,08:00,19:00,해상주의보발생일,11000,8000,5000,"할인(학생 단체 30명 이상, 군경)",식물 등 1000여점 소장,,055-681-4541,외도보타니아,2025-04-03,5370000,경상남도 거제시
전국박물관미술관정보표준데이터,https://www.data.go.kr/data/15017323/standard.do,2025-04-03,place,포로수용소유적박물관,사립,경상남도 거제시,경상남도 거제시 계룡로 61,34.87637998,128.6253705,기치류+무기류 등 218여점 소장,관람 전 예습 동화와 방문 후 기념 동화책 배경,전시실에서 마음에 드는 작품이나 물건을 찾아 가족과 이야기하기,5-7;8-10,박물관;미술관;포로수용소유적박물관;기치류+무기류;등;218여점;소장,포로수용소유적박물관,사립,경상남도 거제시 계룡로 61,경상남도 거제시 고현동 362,055-639-0625,거제해양관광개발공사,http://www.gmdc.co.kr/_pow/,,09:00,18:00,09:00,18:00,"설날당일+추석당일+화요일(단, 화요일이 공유일인 경우 다음 첫 번째 평일 휴관)",7000,5000,3000,할인(거제시 관내 주민등록 대상 + 만65세 이상 + 단체(20명 이상))+무료(만6세 이하 어린이 + 어린이날 입장 어린이 + 현충일 입장 유가족 + 장애인 + 국가보훈 대상자 + 다자녀 가정 + 기초생활수급자),기치류+무기류 등 218여점 소장,,055-639-8102,거제해양관광개발공사,2025-04-03,5370000,경상남도 거제시
전국박물관미술관정보표준데이터,https://www.data.go.kr/data/15017323/standard.do,2025-04-03,place,해금강테마박물관,사립,경상남도 거제시,경상남도 거제시 남부면 해금강로 120,34.74055707,128.6626444,근현대사 생활자료+전쟁유물+서화 등 50000여점 소장,관람 전 예습 동화와 방문 후 기념 동화책 배경,전시실에서 마음에 드는 작품이나 물건을 찾아 가족과 이야기하기,5-7;8-10,박물관;미술관;해금강테마박물관;근현대사;생활자료+전쟁유물+서화;등;50000여점;소장,해금강테마박물관,사립,경상남도 거제시 남부면 해금강로 120,경상남도 거제시 남부면 갈곶리 262-5,055-632-0670,해금강테마박물관,http://www.hggmuseum.com,,09:00,18:00,09:00,18:00,설/추석 당일 오전,6000,4000,4000,할인(소인(4세 이상~7세 이하)+장애인+국가유공자+경로우대+단체(20인 이상)),근현대사 생활자료+전쟁유물+서화 등 50000여점 소장,,055-632-0670,해금강테마박물관,2025-04-03,5370000,경상남도 거제시
전국박물관미술관정보표준데이터,https://www.data.go.kr/data/15017323/standard.do,2024-11-02,place,울산 장생포고래박물관,공립,울산광역시 남구,울산광역시 남구 장생포고래로 244,35.50273782,129.3807899594,"국내 유일의 고래 전문 박물관으로 실물 고래골격과 고래잡이 유물이 전시되어 있으며, 고래의 생태학적 정보 제공 및 고래도시 울산의 역사와 문화를 소개하고 있습니다.",관람 전 예습 동화와 방문 후 기념 동화책 배경,전시실에서 마음에 드는 작품이나 물건을 찾아 가족과 이야기하기,5-7;8-10,박물관;미술관;울산;장생포고래박물관;국내;유일의;고래;전문;박물관으로;실물;고래골격과;고래잡이,울산 장생포고래박물관,공립,울산광역시 남구 장생포고래로 244,울산광역시 남구 매암동 139-29,052-256-6301,울산남구도시관리공단,http://www.whalecity.kr,,09:00,18:00,09:00,18:00,매주 월+설+추석 당일,2000,1500,1000,0,"국내 유일의 고래 전문 박물관으로 실물 고래골격과 고래잡이 유물이 전시되어 있으며, 고래의 생태학적 정보 제공 및 고래도시 울산의 역사와 문화를 소개하고 있습니다.",,052-256-6301,울산남구도시관리공단,2024-11-02,6310000,울산광역시
전국박물관미술관정보표준데이터,https://www.data.go.kr/data/15017323/standard.do,2024-11-02,place,울산외솔기념관,공립,울산광역시 중구,울산광역시 중구 병영12길 15,35.57475583,129.3474679,"외솔기념관은 일제강점기 우리말과 글을 지킨 독립운동가이자 평생 한글보급과 정보화를 위해 한길을 걸은 한글학자인 외솔 최현배 선생의 업적을 기리고 그의 삶과 한글에 대한 정신을 계승, 발전시키고자 개관하였습니다. 외솔 선생의 저서와 유품 등이 전시된 상설전시실을 비롯하여 다양한 한글서적들을 열람할 수 있는 한글실, 어린아이들이 한글의 체계를 놀이를 통해 익힐 수 있는 체험실, 그리고 영상실, 모둠실(강당) 등을 갖추고 있습니다. 또한 외솔 선생이 나고 자란 생가가 함께 있어 그의 삶을 한눈에 살필 수 있습니다.",관람 전 예습 동화와 방문 후 기념 동화책 배경,전시실에서 마음에 드는 작품이나 물건을 찾아 가족과 이야기하기,5-7;8-10,박물관;미술관;울산외솔기념관;외솔기념관은;일제강점기;우리말과;글을;지킨;독립운동가이자;평생;한글보급과;정보화를,울산외솔기념관,공립,울산광역시 중구 병영12길 15,울산광역시 중구 동동 613,052-290-4828,울산광역시 중구청,http://www.junggu.ulsan.kr/oesol/,"화장실, 주차장+유아놀이시설",09:00,18:00,09:00,18:00,매주 월+1월 1일+설날 및 추석 당일,0,0,0,0,"외솔기념관은 일제강점기 우리말과 글을 지킨 독립운동가이자 평생 한글보급과 정보화를 위해 한길을 걸은 한글학자인 외솔 최현배 선생의 업적을 기리고 그의 삶과 한글에 대한 정신을 계승, 발전시키고자 개관하였습니다. 외솔 선생의 저서와 유품 등이 전시된 상설전시실을 비롯하여 다양한 한글서적들을 열람할 수 있는 한글실, 어린아이들이 한글의 체계를 놀이를 통해 익힐 수 있는 체험실, 그리고 영상실, 모둠실(강당) 등을 갖추고 있습니다. 또한 외솔 선생이 나고 자란 생가가 함께 있어 그의 삶을 한눈에 살필 수 있습니다.",병영사거리에서 도보 10분,052-293-4828,울산광역시 중구청,2024-11-02,6310000,울산광역시
전국박물관미술관정보표준데이터,https://www.data.go.kr/data/15017323/standard.do,2024-11-02,place,울주민속박물관,공립,울산광역시 울주군,울산광역시 울주군 온양읍외고산 1길 4-19,35.43641573,129.2809508,옹기라는 테마를 활용하여 과거 울산의 산업 문화를 재조명하고 일상에서 사용되었던 옹기문화를 보존하고 그 가치를 계승하여 현대적으로 변용 및 승화하는 목적으로 설립된 군립박물관,관람 전 예습 동화와 방문 후 기념 동화책 배경,전시실에서 마음에 드는 작품이나 물건을 찾아 가족과 이야기하기,5-7;8-10,박물관;미술관;울주민속박물관;옹기라는;테마를;활용하여;과거;울산의;산업;문화를;재조명하고;일상에서,울주민속박물관,공립,울산광역시 울주군 온양읍외고산 1길 4-19,울산광역시 울주군 온양읍 고산리 446-1,052-204-4033,울산광역시 울주군청,https://all.ulju.ulsan.kr/uljufolk,,09:00,18:00,09:00,18:00,매주 월+1월 1일+설날 및 추석 당일,0,0,0,0,옹기라는 테마를 활용하여 과거 울산의 산업 문화를 재조명하고 일상에서 사용되었던 옹기문화를 보존하고 그 가치를 계승하여 현대적으로 변용 및 승화하는 목적으로 설립된 군립박물관,"공업탑(대공원 동문입구)에서225, 405, 715, 705태화강역/시외·고속버스터미널(남창방면)에서705울산공항에서205, 216, 235, 266, 412, 432, 453, 1402 이용 공업탑 하차 → 대공원 동문 이동 → 225, 405, 715, 705 환승KTX역에서1703, 5004 이용 공업탑 하차 → 대공원 동문 이동 → 225, 405, 715, 705 환승부산방면에서해운대역(남창행) → 225, 405, 715, 705 환승(울산방향)",052-204-4033,울산광역시 울주군청,2024-11-02,6310000,울산광역시
전국박물관미술관정보표준데이터,https://www.data.go.kr/data/15017323/standard.do,2024-11-02,place,울산옹기박물관,공립,울산광역시 울주군,울산광역시 울주군 온양읍외고산 3길 36,35.43506769,129.2795067,"울주지역의 문화,예술,학문의 발전과 울주 군민의 문화향유 및 평생교육 증진에 이바지하며, 울주지역 향토문화의 체계적인 보존과 계승을 통해 미래 울주문화를 창출하고자 하는 목적으로 설립된 군립박물관",관람 전 예습 동화와 방문 후 기념 동화책 배경,전시실에서 마음에 드는 작품이나 물건을 찾아 가족과 이야기하기,5-7;8-10,박물관;미술관;울산옹기박물관;울주지역의;문화;예술;학문의;발전과;울주;군민의;문화향유;및,울산옹기박물관,공립,울산광역시 울주군 온양읍외고산 3길 36,울산광역시 울주군 온양읍 고산리 501-18,052-237-7894,울산광역시 울주군청,https://www.ulju.ulsan.kr/onggi/,,09:00,18:00,09:00,18:00,매주 월+1월 1일+설날 및 추석 당일,0,0,0,0,"울주지역의 문화,예술,학문의 발전과 울주 군민의 문화향유 및 평생교육 증진에 이바지하며, 울주지역 향토문화의 체계적인 보존과 계승을 통해 미래 울주문화를 창출하고자 하는 목적으로 설립된 군립박물관","공업탑(대공원 동문입구)에서225, 405, 715, 705태화강역/시외·고속버스터미널(남창방면)에서705울산공항에서205, 216, 235, 266, 412, 432, 453, 1402 이용 공업탑 하차 → 대공원 동문 이동 → 225, 405, 715, 705 환승KTX역에서1703, 5004 이용 공업탑 하차 → 대공원 동문 이동 → 225, 405, 715, 705 환승부산방면에서해운대역(남창행) → 225, 405, 715, 705 환승(울산방향)",052-237-7894,울산광역시 울주군청,2024-11-02,6310000,울산광역시
전국박물관미술관정보표준데이터,https://www.data.go.kr/data/15017323/standard.do,2024-11-02,place,울산해양박물관,사립,울산광역시 울주군,울산광역시 울주군 서생면 해맞이로 1251,35.36165466,129.3546962,6대륙 바다의 생물자원을 한 곳에 모아놓은 세계교류의 역할공간으로 울산 최초 사립박물관임,관람 전 예습 동화와 방문 후 기념 동화책 배경,전시실에서 마음에 드는 작품이나 물건을 찾아 가족과 이야기하기,5-7;8-10,박물관;미술관;울산해양박물관;6대륙;바다의;생물자원을;한;곳에;모아놓은;세계교류의;역할공간으로;울산,울산해양박물관,사립,울산광역시 울주군 서생면 해맞이로 1251,울산광역시 울주군 서생면 대송리 261,052-239-6709,사립,,주차장,09:00,17:00,09:00,17:00,매주 월,5000,4000,3000,"장애인1,2,3급/군인/ 국가유공자/ 신분증 지참시 50 할인",6대륙 바다의 생물자원을 한 곳에 모아놓은 세계교류의 역할공간으로 울산 최초 사립박물관임,,052-239-6709,사립,2024-11-02,6310000,울산광역시
전국박물관미술관정보표준데이터,https://www.data.go.kr/data/15017323/standard.do,2024-10-23,place,함안박물관,공립,경상남도 함안군,경상남도 함안군 가야읍 고분길 153-31,35.26936794,128.4026874,함안의 역사와 문화를 종합적으로 전시한 박물관,관람 전 예습 동화와 방문 후 기념 동화책 배경,전시실에서 마음에 드는 작품이나 물건을 찾아 가족과 이야기하기,5-7;8-10,박물관;미술관;함안박물관;함안의;역사와;문화를;종합적으로;전시한,함안박물관,공립,경상남도 함안군 가야읍 고분길 153-31,,055-580-3908,경상남도 함안군,https://www.haman.go.kr/museum.web,,09:00,18:00,09:00,18:00,월요일+추석 연휴+설 연휴,0,0,0,0,함안의 역사와 문화를 종합적으로 전시한 박물관,주차장(122면),055-580-3906,경상남도 함안군,2024-10-23,5400000,경상남도 함안군
전국박물관미술관정보표준데이터,https://www.data.go.kr/data/15017323/standard.do,2024-10-24,place,영암군립하정웅미술관,공립,전라남도 영암군,전라남도 영암군 군서면 구림로 96,34.7606502,126.621768,"영암군 홍보대사인 재일교포 동강 하정웅이 평생동안 모아온 작품과 자료 3,600여점 기증을 계기로 2012년 9월 3일에 개관한 공립미술관이다.",관람 전 예습 동화와 방문 후 기념 동화책 배경,전시실에서 마음에 드는 작품이나 물건을 찾아 가족과 이야기하기,5-7;8-10,박물관;미술관;영암군립하정웅미술관;영암군;홍보대사인;재일교포;동강;하정웅이;평생동안;모아온;작품과;자료,영암군립하정웅미술관,공립,전라남도 영암군 군서면 구림로 96,전라남도 영암군 군서면 서구림리 381-1,061-470-6841,영암군립하정웅미술관,http://haart.yeongam.go.kr,,10:00,18:00,10:00,18:00,월+1월1일+설 연휴+추석 연휴,0,0,0,,"영암군 홍보대사인 재일교포 동강 하정웅이 평생동안 모아온 작품과 자료 3,600여점 기증을 계기로 2012년 9월 3일에 개관한 공립미술관이다.",항공: 김포↔광주↔택시 또는 버스로 영암 고속버스: 서울↔영암(1일 약3회) 군내버스: 목포↔독천↔군서사거리 또는 왕인박사유적지 시외버스: 광주↔영암(1일 약35회) 목포↔영암(1일 약25회),061-470-2241,전라남도 영암군청,2024-10-24,4940000,전라남도 영암군
전국박물관미술관정보표준데이터,https://www.data.go.kr/data/15017323/standard.do,2024-10-24,place,아천미술관,사립,전라남도 영암군,전라남도 영암군 신북면 하정길12-7,34.88939751,126.704699,아천미술관을(를) 배경으로 관람 전후 동화를 만들 수 있다.,관람 전 예습 동화와 방문 후 기념 동화책 배경,전시실에서 마음에 드는 작품이나 물건을 찾아 가족과 이야기하기,5-7;8-10,박물관;미술관;아천미술관,아천미술관,사립,전라남도 영암군 신북면 하정길12-7,전라남도 영암군 신북면 모산리 406-1,061-472-9220,아천미술관,www.achen.kr,,09:00,18:00,09:00,18:00,월 / 매주,0,0,0,,,,061-470-2241,전라남도 영암군청,2024-10-24,4940000,전라남도 영암군
전국박물관미술관정보표준데이터,https://www.data.go.kr/data/15017323/standard.do,2024-10-24,place,영산미술관,사립,전라남도 영암군,전라남도 영암군 삼호읍 녹색로1126-171,34.73959317,126.4886883,영산미술관을(를) 배경으로 관람 전후 동화를 만들 수 있다.,관람 전 예습 동화와 방문 후 기념 동화책 배경,전시실에서 마음에 드는 작품이나 물건을 찾아 가족과 이야기하기,5-7;8-10,박물관;미술관;영산미술관,영산미술관,사립,전라남도 영암군 삼호읍 녹색로1126-171,전라남도 영암군 삼호읍 산호리 71-15,061-464-1516,영산미술관,http://yeongam.grandculture.net/yeongam/toc/GC04401355,,10:00,18:00,10:00,18:00,월+국가공휴일,0,0,0,,,,061-470-2241,전라남도 영암군청,2024-10-24,4940000,전라남도 영암군
전국박물관미술관정보표준데이터,https://www.data.go.kr/data/15017323/standard.do,2024-10-24,place,영암도기박물관,공립,전라남도 영암군,전라남도 영암군 군서면 서호정길 5,34.76051478,126.6192804,"국가사적 제338호 구림도기가마터에서 출토된 국내 최초의 고화도의 시유도기(유약을 입힌)인  ‘구림도기’의 역사성을 토대로 전시, 도기체험, 영암도기문화상품을 제작 판매하는 복합문화공간입니다.",관람 전 예습 동화와 방문 후 기념 동화책 배경,전시실에서 마음에 드는 작품이나 물건을 찾아 가족과 이야기하기,5-7;8-10,박물관;미술관;영암도기박물관;국가사적;제338호;구림도기가마터에서;출토된;국내;최초의;고화도의;시유도기(유약을;입힌)인,영암도기박물관,공립,전라남도 영암군 군서면 서호정길 5,전라남도 영암군 군서면 서구림리 354,061-470-6851,영암도기박물관,https://www.yeongam.go.kr/home/dogi,박물관 마당 정자(휴게공간),09:00,18:00,10:00,18:00,월+1월1일+설 연휴+추석 연휴,0,0,0,,"국가사적 제338호 구림도기가마터에서 출토된 국내 최초의 고화도의 시유도기(유약을 입힌)인  ‘구림도기’의 역사성을 토대로 전시, 도기체험, 영암도기문화상품을 제작 판매하는 복합문화공간입니다.",항공: 김포↔광주↔택시 또는 버스로 영암 고속버스: 서울↔영암(1일 약3회) 군내버스: 목포↔독천↔군서사거리 또는 왕인박사유적지 시외버스: 광주↔영암(1일 약35회) 목포↔영암(1일 약25회),061-470-2241,전라남도 영암군청,2024-10-24,4940000,전라남도 영암군
전국박물관미술관정보표준데이터,https://www.data.go.kr/data/15017323/standard.do,2024-10-24,place,왕인박사기념관,공립,전라남도 영암군,전라남도 영암군 군서면 왕인로 440,34.75653038,126.6291211,왕인박사기념관을(를) 배경으로 관람 전후 동화를 만들 수 있다.,관람 전 예습 동화와 방문 후 기념 동화책 배경,전시실에서 마음에 드는 작품이나 물건을 찾아 가족과 이야기하기,5-7;8-10,박물관;미술관;왕인박사기념관,왕인박사기념관,공립,전라남도 영암군 군서면 왕인로 440,전라남도 영암군 군서면 동구림리 산17,061-470-6656,왕인박사기념관,,,09:00,18:00,09:00,18:00,연중무휴,0,0,0,,,,061-470-2241,전라남도 영암군청,2024-10-24,4940000,전라남도 영암군
전국박물관미술관정보표준데이터,https://www.data.go.kr/data/15017323/standard.do,2024-10-24,place,도갑사 성보박물관,사립,전라남도 영암군,전라남도 영암군 군서면 도갑사로 306,34.75337646,126.6625133,도갑사 성보박물관을(를) 배경으로 관람 전후 동화를 만들 수 있다.,관람 전 예습 동화와 방문 후 기념 동화책 배경,전시실에서 마음에 드는 작품이나 물건을 찾아 가족과 이야기하기,5-7;8-10,박물관;미술관;도갑사;성보박물관,도갑사 성보박물관,사립,전라남도 영암군 군서면 도갑사로 306,전라남도 영암군 군서면 도갑리 8,061-473-5122,도갑사 성보박물관,www.dogapsa.com,,10:00,16:00,10:00,16:00,평일,0,0,0,,,,061-470-2241,전라남도 영암군청,2024-10-24,4940000,전라남도 영암군
전국박물관미술관정보표준데이터,https://www.data.go.kr/data/15017323/standard.do,2024-11-02,place,울산박물관,공립,울산광역시 남구,울산광역시 남구 두왕로 277,35.52713607,129.3086925,"울산의 역사와 문화를 보여주는 울산의 대표 박물관이다. 역사실, 산업사실로 구성된 상설전시실과 어린이박물관, 실감영상관, 기획전시실로 구성되어 있다. 매년 울산의 역사, 문화, 산업 등을 주제로 한 전시와 교육 및 문화행사를 운영하고 있다.",관람 전 예습 동화와 방문 후 기념 동화책 배경,전시실에서 마음에 드는 작품이나 물건을 찾아 가족과 이야기하기,5-7;8-10,박물관;미술관;울산박물관;울산의;역사와;문화를;보여주는;대표;박물관이다.;역사실;산업사실로;구성된,울산박물관,공립,울산광역시 남구 두왕로 277,울산광역시 남구 신정동 1888,052-229-4766,울산광역시청,http://www.ulsan.go.kr/s/museum,주차장+수유실+도서관 등,09:00,18:00,09:00,18:00,매주 월+1월1일,0,0,0,0,"울산의 역사와 문화를 보여주는 울산의 대표 박물관이다. 역사실, 산업사실로 구성된 상설전시실과 어린이박물관, 실감영상관, 기획전시실로 구성되어 있다. 매년 울산의 역사, 문화, 산업 등을 주제로 한 전시와 교육 및 문화행사를 운영하고 있다.","- 일반버스 124, 205, 225, 527, 715번 : 울산박물관·울산대공원동문앞 하차- 일반버스 106, 216번 : 올림푸스아파트앞 하차, 울산박물관까지 도보 11분- 일반버스   714, 824번 : 공업탑 하차, 울산박물관까지 도보 13분",052-229-4766,울산광역시,2024-11-02,6310000,울산광역시
전국박물관미술관정보표준데이터,https://www.data.go.kr/data/15017323/standard.do,2024-11-02,place,울산대곡박물관,공립,울산광역시 울주군,울산광역시 울주군 두동면서하천전로 257,35.61909806,129.1691895,"울산대곡박물관은 울산 시민의 식수원 확보를 위한 대곡댐 건설로 인해 건립된 박물관으로, 대곡댐 편입부지 발굴성과와 서부 울산지역 ’언양문화권’ 역사 문화를 전시하고 있습니다.",관람 전 예습 동화와 방문 후 기념 동화책 배경,전시실에서 마음에 드는 작품이나 물건을 찾아 가족과 이야기하기,5-7;8-10,박물관;미술관;울산대곡박물관;울산대곡박물관은;울산;시민의;식수원;확보를;위한;대곡댐;건설로;인해,울산대곡박물관,공립,울산광역시 울주군 두동면서하천전로 257,울산광역시 울주군 두동면 천전리 307,052-229-6638,울산광역시청,https://www.ulsan.go.kr/s/dgmuseum/main.ulsan,주차장+휠체어 제공 등,09:00,18:00,09:00,18:00,매주 월+1월1일,0,0,0,0,"울산대곡박물관은 울산 시민의 식수원 확보를 위한 대곡댐 건설로 인해 건립된 박물관으로, 대곡댐 편입부지 발굴성과와 서부 울산지역 ’언양문화권’ 역사 문화를 전시하고 있습니다.",348번 버스 등(자세한 사항은 홈페이지 내 ’오시는 길’ 참고),052-229-6638,울산광역시,2024-11-02,6310000,울산광역시
전국박물관미술관정보표준데이터,https://www.data.go.kr/data/15017323/standard.do,2024-11-02,place,울산약사제방유적전시관,공립,울산광역시 중구,울산광역시 중구 종가14길 22-28,35.5762564,129.3369722,"약사동제방유적전시관은 울산 약사동 제방(사적)을 소개하고 고대 제방 연구와 역사적인 가치를 알리기 위하여 2017년 5월 24일에 개관하였다. 전시관 1층은 전시 공간으로 운영하고 있으며, 제방의 토층 전사를 전시하는 제방전시실, 제방 인근 약사동의 역사를 알 수 있는 유물과 농기구 등을 전시하는 테마전시실로 구성되어 있다.2층은 어린이 체험전시실로 제방꼽기체험, 영상, VR(가상현실)체험, 동작감지체험, 퍼즐, 블럭, 도서공간 등이 마련되어 있다.",관람 전 예습 동화와 방문 후 기념 동화책 배경,전시실에서 마음에 드는 작품이나 물건을 찾아 가족과 이야기하기,5-7;8-10,박물관;미술관;울산약사제방유적전시관;약사동제방유적전시관은;울산;약사동;제방(사적)을;소개하고;고대;제방;연구와;역사적인,울산약사제방유적전시관,공립,울산광역시 중구 종가14길 22-28,울산광역시 중구 약사동 917-1,052-229-4729,울산광역시청,http://www.ulsan.go.kr/s/museum/contents.ulsan?mId=001010001000000000,장애인 화장실+음수대 등,09:00,18:00,09:00,18:00,매주 월+1월 1일,0,0,0,0,"약사동제방유적전시관은 울산 약사동 제방(사적)을 소개하고 고대 제방 연구와 역사적인 가치를 알리기 위하여 2017년 5월 24일에 개관하였다. 전시관 1층은 전시 공간으로 운영하고 있으며, 제방의 토층 전사를 전시하는 제방전시실, 제방 인근 약사동의 역사를 알 수 있는 유물과 농기구 등을 전시하는 테마전시실로 구성되어 있다.2층은 어린이 체험전시실로 제방꼽기체험, 영상, VR(가상현실)체험, 동작감지체험, 퍼즐, 블럭, 도서공간 등이 마련되어 있다.","- 일반버스 431, 847, 207, 847약사동제방전시관(11431) 하차 후 도보 10분- 일반버스 147, 216, 422, 147, 216혜인학교(30907) 하차 후 도보 5분",052-229-4729,울산광역시,2024-11-02,6310000,울산광역시
전국박물관미술관정보표준데이터,https://www.data.go.kr/data/15017323/standard.do,2024-11-02,place,울산암각화박물관,공립,울산광역시 울주군,울산광역시 울주군 두동면반구대안길 254,35.60806072,129.1705539,국보 제285호인 울주 대곡리의 반구대 암각화와 천전리의 암각화를 소개하고 국내 암각화연구의 중추적인 역할을 담당하기 위해 개관,관람 전 예습 동화와 방문 후 기념 동화책 배경,전시실에서 마음에 드는 작품이나 물건을 찾아 가족과 이야기하기,5-7;8-10,박물관;미술관;울산암각화박물관;국보;제285호인;울주;대곡리의;반구대;암각화와;천전리의;암각화를;소개하고,울산암각화박물관,공립,울산광역시 울주군 두동면반구대안길 254,울산광역시 울주군 두동면 천전리 333-1,052-229-6678,울산광역시청,https://www.ulsan.go.kr/s/bangudae/main.ulsan,세미나실+회의실,09:00,18:00,09:00,18:00,매주 월,0,0,0,0,국보 제285호인 울주 대곡리의 반구대 암각화와 천전리의 암각화를 소개하고 국내 암각화연구의 중추적인 역할을 담당하기 위해 개관,"대중교통 348번버스삼남신화 출발시간 : 10시20분, 12시55분, 17시55분 (암각화박물관까지 약 50분 소요)울산역 출발시간 : 10시25분, 13시, 18시대곡박물관 출발시간 : 11시25분, 14시, 19시암각화박물관 출발예정시간 : 11시35분, 14시10분, 19시10분, (종점까지 약 1시간 소요)자가용경부고속도로 서울산IC35번국도 경주방면 → 반구대암각화진입로 → 울산암각화박물관울산밀양 24번 국도경주방향 → 35번국도 경주방면 → 반구대암각화진입로 → 울산암각화박물관경주 35번국도언양방향 → 반구대암각화진입로 → 울산암각화박물관",052-229-6678,울산광역시,2024-11-02,6310000,울산광역시
전국박물관미술관정보표준데이터,https://www.data.go.kr/data/15017323/standard.do,2024-11-02,place,울산시립미술관,공립,울산광역시 중구,울산광역시 중구 미술관길 72,35.55778844,129.3206661,울산시립미술관은 21세기 기술기반의 미래형 융복합 미술관으로 실험적이고 창의적인 예술을 모두가 공유하는 참여와 체험의 공간이다.,관람 전 예습 동화와 방문 후 기념 동화책 배경,전시실에서 마음에 드는 작품이나 물건을 찾아 가족과 이야기하기,5-7;8-10,박물관;미술관;울산시립미술관;울산시립미술관은;21세기;기술기반의;미래형;융복합;미술관으로;실험적이고;창의적인;예술을,울산시립미술관,공립,울산광역시 중구 미술관길 72,울산광역시 중구 북정동 1-3,052-211-3800,울산광역시청,https://www.ulsan.go.kr/uam,도서자료실(아카이브) / 1층,09:00,18:00,09:00,18:00,"1월1일+설날 및 추석 당일+매주 월(단, 월요일이 공휴일인 경우 그 다음날을 휴관일로 함)",1000,0,0,0,울산시립미술관은 21세기 기술기반의 미래형 융복합 미술관으로 실험적이고 창의적인 예술을 모두가 공유하는 참여와 체험의 공간이다.,"ㆍ마을버스울산시립미술관(63117)/ 13,14,15ㆍ일반버스울산시립미술관(21008)/ 108,114,133,266,442울산시립미술관(21007)/ 108, 266",052-211-3800,울산광역시,2024-11-02,6310000,울산광역시
전국박물관미술관정보표준데이터,https://www.data.go.kr/data/15017323/standard.do,2025-09-01,place,국립제주박물관,국립,제주특별자치도 제주시,제주특별자치도 제주시 일주동로 17,33.51379671,126.5479096,국립제주박물관을(를) 배경으로 관람 전후 동화를 만들 수 있다.,관람 전 예습 동화와 방문 후 기념 동화책 배경,전시실에서 마음에 드는 작품이나 물건을 찾아 가족과 이야기하기,5-7;8-10,박물관;미술관;국립제주박물관,국립제주박물관,국립,제주특별자치도 제주시 일주동로 17,,064-720-8000,국립제주박물관,http://jeju.museum.go.kr/,강당+세미나실+카페,09:00,18:00,09:00,18:00,월+1월 1일+설 연휴+추석 연휴,0,0,0,유료 특별 전시 있음,,,064-710-3323,제주특별자치도 문화정책과,2025-09-01,6500000,제주특별자치도
전국박물관미술관정보표준데이터,https://www.data.go.kr/data/15017323/standard.do,2025-09-01,place,민속자연사박물관,공립,제주특별자치도 제주시,제주특별자치도 제주시 삼성로 40,33.50563037,126.5317241,민속자연사박물관을(를) 배경으로 관람 전후 동화를 만들 수 있다.,관람 전 예습 동화와 방문 후 기념 동화책 배경,전시실에서 마음에 드는 작품이나 물건을 찾아 가족과 이야기하기,5-7;8-10,박물관;미술관;민속자연사박물관,민속자연사박물관,공립,제주특별자치도 제주시 삼성로 40,,064-710-7708,민속자연사박물관,http://www.jeju.go.kr/museum/index.htm,카페테리아+문화상품판매+수유실+물품보관함,09:00,18:00,09:00,18:00,월+1월 1일+설 당일+설 다음날+추석 당일+추석 다음날+훈증 소독기간(별도 공지),2000,1000,0,단체 관람 시 할인+도민할인,,,064-710-3323,제주특별자치도 문화정책과,2025-09-01,6500000,제주특별자치도
전국박물관미술관정보표준데이터,https://www.data.go.kr/data/15017323/standard.do,2025-09-01,place,제주교육박물관,공립,제주특별자치도 제주시,제주특별자치도 제주시 오복4길 25,33.49439315,126.5382962,제주교육박물관을(를) 배경으로 관람 전후 동화를 만들 수 있다.,관람 전 예습 동화와 방문 후 기념 동화책 배경,전시실에서 마음에 드는 작품이나 물건을 찾아 가족과 이야기하기,5-7;8-10,박물관;미술관;제주교육박물관,제주교육박물관,공립,제주특별자치도 제주시 오복4길 25,,064-720-9114,제주특별자치도교육청,http://www.jjemuseum.go.kr/,갤러리카페+체험학습실,09:00,18:00,09:00,18:00,월+1월 1일+설 연휴+추석 연휴+임시공휴일,0,0,0,,,,064-710-3323,제주특별자치도 문화정책과,2025-09-01,6500000,제주특별자치도
전국박물관미술관정보표준데이터,https://www.data.go.kr/data/15017323/standard.do,2025-09-01,place,제주민속촌,사립,제주특별자치도 서귀포시,제주특별자치도 서귀포시 표선면 민속해안로 631-34,33.32128714,126.8430882,제주민속촌을(를) 배경으로 관람 전후 동화를 만들 수 있다.,관람 전 예습 동화와 방문 후 기념 동화책 배경,전시실에서 마음에 드는 작품이나 물건을 찾아 가족과 이야기하기,5-7;8-10,박물관;미술관;제주민속촌,제주민속촌,사립,제주특별자치도 서귀포시 표선면 민속해안로 631-34,,064-787-4501,제주민속촌,http://www.jejufolk.com/,체험가옥+자연학습장,08:30,18:00,08:30,18:00,연중무휴,11000,8000,7000,단체 관람 시 할인+도민할인,,,064-710-3323,제주특별자치도 문화정책과,2025-09-01,6500000,제주특별자치도
전국박물관미술관정보표준데이터,https://www.data.go.kr/data/15017323/standard.do,2025-09-01,place,제주대학교박물관,대학,제주특별자치도 제주시,제주특별자치도 제주시 제주대학로 102,33.45723698,126.5642939,제주대학교박물관을(를) 배경으로 관람 전후 동화를 만들 수 있다.,관람 전 예습 동화와 방문 후 기념 동화책 배경,전시실에서 마음에 드는 작품이나 물건을 찾아 가족과 이야기하기,5-7;8-10,박물관;미술관;제주대학교박물관,제주대학교박물관,대학,제주특별자치도 제주시 제주대학로 102,,064-754-2242,제주대학교,http://museum.jejunu.ac.kr/,체험실습실,10:00,17:00,00:00,00:00,주말+공휴일,0,0,0,,,,064-710-3323,제주특별자치도 문화정책과,2025-09-01,6500000,제주특별자치도
전국박물관미술관정보표준데이터,https://www.data.go.kr/data/15017323/standard.do,2025-09-01,place,감귤박물관,공립,제주특별자치도 서귀포시,제주특별자치도 서귀포시 효돈순환로 441,33.27159304,126.6074285,감귤박물관을(를) 배경으로 관람 전후 동화를 만들 수 있다.,관람 전 예습 동화와 방문 후 기념 동화책 배경,전시실에서 마음에 드는 작품이나 물건을 찾아 가족과 이야기하기,5-7;8-10,박물관;미술관;감귤박물관,감귤박물관,공립,제주특별자치도 서귀포시 효돈순환로 441,,064-760-6398,감귤박물관,http://culture.seogwipo.go.kr/citrus/index.htm,,09:00,18:00,09:00,18:00,1월1일+설날+추석,1500,1000,800,단체 관람 시 할인+도민할인,,,064-710-3323,제주특별자치도 문화정책과,2025-09-01,6500000,제주특별자치도
전국박물관미술관정보표준데이터,https://www.data.go.kr/data/15017323/standard.do,2025-09-01,place,아프리카 박물관,사립,제주특별자치도 서귀포시,제주특별자치도 서귀포시 이어도로 49,33.23997655,126.4288137,아프리카 박물관을(를) 배경으로 관람 전후 동화를 만들 수 있다.,관람 전 예습 동화와 방문 후 기념 동화책 배경,전시실에서 마음에 드는 작품이나 물건을 찾아 가족과 이야기하기,5-7;8-10,박물관;미술관;아프리카,아프리카 박물관,사립,제주특별자치도 서귀포시 이어도로 49,,064-738-6565,아프리카박물관,http://africamuseum.alltheway.kr/,,09:00,19:00,09:00,19:00,연중무휴,10000,9000,8000,단체 관람 시 할인+도민할인,,,064-710-3323,제주특별자치도 문화정책과,2025-09-01,6500000,제주특별자치도
전국박물관미술관정보표준데이터,https://www.data.go.kr/data/15017323/standard.do,2025-09-01,place,제주돌문화공원,공립,제주특별자치도 제주시,제주특별자치도 제주시 조천읍 남조로 2023,33.45136457,126.656711,제주돌문화공원을(를) 배경으로 관람 전후 동화를 만들 수 있다.,관람 전 예습 동화와 방문 후 기념 동화책 배경,전시실에서 마음에 드는 작품이나 물건을 찾아 가족과 이야기하기,5-7;8-10,박물관;미술관;제주돌문화공원,제주돌문화공원,공립,제주특별자치도 제주시 조천읍 남조로 2023,,064-710-7733,제주돌문화공원,http://www.jeju.go.kr/jejustonepark/index.htm,,09:00,18:00,09:00,18:00,월+1월 1일+설 당일+추석 당일,5000,3500,0,단체 관람 시 할인+도민할인,,,064-710-3323,제주특별자치도 문화정책과,2025-09-01,6500000,제주특별자치도
전국박물관미술관정보표준데이터,https://www.data.go.kr/data/15017323/standard.do,2025-09-01,place,제주건강과 성 박물관,사립,제주특별자치도 서귀포시,제주특별자치도 서귀포시 안덕면 일주서로 1611,33.25484697,126.3465837,제주건강과 성 박물관을(를) 배경으로 관람 전후 동화를 만들 수 있다.,관람 전 예습 동화와 방문 후 기념 동화책 배경,전시실에서 마음에 드는 작품이나 물건을 찾아 가족과 이야기하기,5-7;8-10,박물관;미술관;제주건강과;성,제주건강과 성 박물관,사립,제주특별자치도 서귀포시 안덕면 일주서로 1611,,064-792-5700,(주)에스메카,http://www.sexmuseum.or.kr/,,09:00,18:00,09:00,18:00,연중무휴,13000,0,0,단체 관람 시 할인+도민할인,,,064-710-3323,제주특별자치도 문화정책과,2025-09-01,6500000,제주특별자치도
전국박물관미술관정보표준데이터,https://www.data.go.kr/data/15017323/standard.do,2025-09-01,place,해녀박물관,공립,제주특별자치도 제주시,제주특별자치도 제주시 구좌읍 해녀박물관길 26,33.52360988,126.8634256,해녀박물관을(를) 배경으로 관람 전후 동화를 만들 수 있다.,관람 전 예습 동화와 방문 후 기념 동화책 배경,전시실에서 마음에 드는 작품이나 물건을 찾아 가족과 이야기하기,5-7;8-10,박물관;미술관;해녀박물관,해녀박물관,공립,제주특별자치도 제주시 구좌읍 해녀박물관길 26,,064-782-9898,해녀박물관,http://www.jeju.go.kr/haenyeo/index.htm,,09:00,18:00,09:00,18:00,월+1월 1일+설 연휴+추석 연휴,1100,500,0,단체 관람 시 할인,,,064-710-3323,제주특별자치도 문화정책과,2025-09-01,6500000,제주특별자치도
전국박물관미술관정보표준데이터,https://www.data.go.kr/data/15017323/standard.do,2025-09-01,place,세계자동차&피아노 박물관,사립,제주특별자치도 서귀포시,제주특별자치도 서귀포시 안덕면 중산간서로 1610,33.28294238,126.3490104,세계자동차&피아노 박물관을(를) 배경으로 관람 전후 동화를 만들 수 있다.,관람 전 예습 동화와 방문 후 기념 동화책 배경,전시실에서 마음에 드는 작품이나 물건을 찾아 가족과 이야기하기,5-7;8-10,박물관;미술관;세계자동차&피아노,세계자동차&피아노 박물관,사립,제주특별자치도 서귀포시 안덕면 중산간서로 1610,,064-792-3000,세계자동차&피아노 박물관,https://worldautopianomuseum.com/,,09:00,18:00,09:00,18:00,연중무휴,13000,12000,12000,단체 관람 시 할인+도민할인,,,064-710-3323,제주특별자치도 문화정책과,2025-09-01,6500000,제주특별자치도
전국박물관미술관정보표준데이터,https://www.data.go.kr/data/15017323/standard.do,2025-09-01,place,테마공원 선녀와나무꾼,사립,제주특별자치도 제주시,제주특별자치도 제주시 조천읍 선교로 267,33.47962079,126.702685,테마공원 선녀와나무꾼을(를) 배경으로 관람 전후 동화를 만들 수 있다.,관람 전 예습 동화와 방문 후 기념 동화책 배경,전시실에서 마음에 드는 작품이나 물건을 찾아 가족과 이야기하기,5-7;8-10,박물관;미술관;테마공원;선녀와나무꾼,테마공원 선녀와나무꾼,사립,제주특별자치도 제주시 조천읍 선교로 267,,064-784-9004,테마공원 선녀와나무꾼,http://www.namuggun.com/,,09:00,18:30,09:00,18:30,연중무휴,13000,11000,10000,단체 관람 시 할인+도민할인,,,064-710-3323,제주특별자치도 문화정책과,2025-09-01,6500000,제주특별자치도
전국박물관미술관정보표준데이터,https://www.data.go.kr/data/15017323/standard.do,2025-09-01,place,조안베어뮤지엄,사립,제주특별자치도 서귀포시,제주특별자치도 서귀포시 대포로 113,33.24025015,126.4341101,조안베어뮤지엄을(를) 배경으로 관람 전후 동화를 만들 수 있다.,관람 전 예습 동화와 방문 후 기념 동화책 배경,전시실에서 마음에 드는 작품이나 물건을 찾아 가족과 이야기하기,5-7;8-10,박물관;미술관;조안베어뮤지엄,조안베어뮤지엄,사립,제주특별자치도 서귀포시 대포로 113,,064-739-1024,조안베어뮤지엄,http://www.joannestudio.co.kr/,,09:00,17:00,09:00,17:00,일,8000,7000,6000,도민할인,,,064-710-3323,제주특별자치도 문화정책과,2025-09-01,6500000,제주특별자치도
전국박물관미술관정보표준데이터,https://www.data.go.kr/data/15017323/standard.do,2025-09-01,place,김만덕기념관,공립,제주특별자치도 제주시,제주특별자치도 제주시 산지로 7,33.51587498,126.5303913,김만덕기념관을(를) 배경으로 관람 전후 동화를 만들 수 있다.,관람 전 예습 동화와 방문 후 기념 동화책 배경,전시실에서 마음에 드는 작품이나 물건을 찾아 가족과 이야기하기,5-7;8-10,박물관;미술관;김만덕기념관,김만덕기념관,공립,제주특별자치도 제주시 산지로 7,,064-759-6090,김만덕기념관,http://www.mandukmuseum.or.kr/,,09:00,18:00,09:00,18:00,월+1월 1일+설 연휴+추석 연휴,0,0,0,,,,064-710-3323,제주특별자치도 문화정책과,2025-09-01,6500000,제주특별자치도
전국박물관미술관정보표준데이터,https://www.data.go.kr/data/15017323/standard.do,2025-09-01,place,초콜릿 박물관,사립,제주특별자치도 서귀포시,제주특별자치도 서귀포시 대정읍 일주서로3000번길 144,33.25705283,126.2299329,초콜릿 박물관을(를) 배경으로 관람 전후 동화를 만들 수 있다.,관람 전 예습 동화와 방문 후 기념 동화책 배경,전시실에서 마음에 드는 작품이나 물건을 찾아 가족과 이야기하기,5-7;8-10,박물관;미술관;초콜릿,초콜릿 박물관,사립,제주특별자치도 서귀포시 대정읍 일주서로3000번길 144,,064-792-3121,초콜릿 박물관,http://chocomuseum.alltheway.kr/,,10:30,17:00,10:30,17:00,연중무휴,7000,0,5000,6세 미만 및 65세 이상 무료,,,064-710-3323,제주특별자치도 문화정책과,2025-09-01,6500000,제주특별자치도
전국박물관미술관정보표준데이터,https://www.data.go.kr/data/15017323/standard.do,2025-09-01,place,테디베어뮤지엄,사립,제주특별자치도 서귀포시,제주특별자치도 서귀포시 중문관광로110번길 31,33.25030323,126.4121588,테디베어뮤지엄을(를) 배경으로 관람 전후 동화를 만들 수 있다.,관람 전 예습 동화와 방문 후 기념 동화책 배경,전시실에서 마음에 드는 작품이나 물건을 찾아 가족과 이야기하기,5-7;8-10,박물관;미술관;테디베어뮤지엄,테디베어뮤지엄,사립,제주특별자치도 서귀포시 중문관광로110번길 31,,064-738-7600,테디베어뮤지엄,http://www.teddybearmuseum.com/,,09:00,18:00,09:00,18:00,연중무휴,12000,11000,10000,,,,064-710-3323,제주특별자치도 문화정책과,2025-09-01,6500000,제주특별자치도
전국박물관미술관정보표준데이터,https://www.data.go.kr/data/15017323/standard.do,2025-09-01,place,제주유리박물관,사립,제주특별자치도 서귀포시,제주특별자치도 서귀포시 중산간서로 1403,33.27851386,126.3701574,제주유리박물관을(를) 배경으로 관람 전후 동화를 만들 수 있다.,관람 전 예습 동화와 방문 후 기념 동화책 배경,전시실에서 마음에 드는 작품이나 물건을 찾아 가족과 이야기하기,5-7;8-10,박물관;미술관;제주유리박물관,제주유리박물관,사립,제주특별자치도 서귀포시 중산간서로 1403,,064-792-6262,제주유리박물관,http://www.glassmuseum.co.kr/main.php,,10:00,20:00,10:00,20:00,연중무휴,9000,8000,7000,단체 관람 시 할인,,,064-710-3323,제주특별자치도 문화정책과,2025-09-01,6500000,제주특별자치도
전국박물관미술관정보표준데이터,https://www.data.go.kr/data/15017323/standard.do,2025-09-01,place,제주4·3 평화기념관,공립,제주특별자치도 제주시,제주특별자치도 제주시 명림로 430,33.44982559,126.6177477,제주4·3 평화기념관을(를) 배경으로 관람 전후 동화를 만들 수 있다.,관람 전 예습 동화와 방문 후 기념 동화책 배경,전시실에서 마음에 드는 작품이나 물건을 찾아 가족과 이야기하기,5-7;8-10,박물관;미술관;제주4·3;평화기념관,제주4·3 평화기념관,공립,제주특별자치도 제주시 명림로 430,,064-723-4301,제주4·3평화재단,https://jeju43peace.or.kr/,,09:00,18:00,09:00,18:00,첫·셋째주월요일,0,0,0,,,,064-710-3323,제주특별자치도 문화정책과,2025-09-01,6500000,제주특별자치도
전국박물관미술관정보표준데이터,https://www.data.go.kr/data/15017323/standard.do,2025-09-01,place,설문대여성문화센터여성역사문화전시관,공립,제주특별자치도 제주시,제주특별자치도 제주시 선덕로8길 12,33.48439696,126.5003713,설문대여성문화센터여성역사문화전시관을(를) 배경으로 관람 전후 동화를 만들 수 있다.,관람 전 예습 동화와 방문 후 기념 동화책 배경,전시실에서 마음에 드는 작품이나 물건을 찾아 가족과 이야기하기,5-7;8-10,박물관;미술관;설문대여성문화센터여성역사문화전시관,설문대여성문화센터여성역사문화전시관,공립,제주특별자치도 제주시 선덕로8길 12,,064-710-4246,설문대여성문화센터,http://www.jeju.go.kr/swcenter/index.htm,,09:00,18:00,09:00,18:00,1.1일 /설연휴 추석연휴,0,0,0,,,,064-710-3323,제주특별자치도 문화정책과,2025-09-01,6500000,제주특별자치도
전국박물관미술관정보표준데이터,https://www.data.go.kr/data/15017323/standard.do,2025-09-01,place,세계조가비박물관,사립,제주특별자치도 서귀포시,제주특별자치도 서귀포시 태평로 284,33.24744266,126.5516295,세계조가비박물관을(를) 배경으로 관람 전후 동화를 만들 수 있다.,관람 전 예습 동화와 방문 후 기념 동화책 배경,전시실에서 마음에 드는 작품이나 물건을 찾아 가족과 이야기하기,5-7;8-10,박물관;미술관;세계조가비박물관,세계조가비박물관,사립,제주특별자치도 서귀포시 태평로 284,,064-762-5551,세계조가비박물관,http://www.wsmuseum.co.kr/,,09:30,18:00,09:30,18:00,연중무휴,6000,5000,4000,단체 관람 시 할인,,,064-710-3323,제주특별자치도 문화정책과,2025-09-01,6500000,제주특별자치도
전국박물관미술관정보표준데이터,https://www.data.go.kr/data/15017323/standard.do,2025-09-01,place,메이즈 뮤지엄,사립,제주특별자치도 제주시,제주특별자치도 제주시 구좌읍 비자림로 2134-47,33.48915525,126.8010962,메이즈 뮤지엄을(를) 배경으로 관람 전후 동화를 만들 수 있다.,관람 전 예습 동화와 방문 후 기념 동화책 배경,전시실에서 마음에 드는 작품이나 물건을 찾아 가족과 이야기하기,5-7;8-10,박물관;미술관;메이즈;뮤지엄,메이즈 뮤지엄,사립,제주특별자치도 제주시 구좌읍 비자림로 2134-47,,064-784-3838,메이즈랜드,http://www.mazeland.co.kr/,,09:00,18:00,09:00,18:00,연중무휴,11000,9000,8000,단체 관람 시 할인,,,064-710-3323,제주특별자치도 문화정책과,2025-09-01,6500000,제주특별자치도
전국박물관미술관정보표준데이터,https://www.data.go.kr/data/15017323/standard.do,2025-09-01,place,본태박물관,사립,제주특별자치도 서귀포시,제주특별자치도 서귀포시 안덕면 산록남로762번길 69,33.30395481,126.3925683,본태박물관을(를) 배경으로 관람 전후 동화를 만들 수 있다.,관람 전 예습 동화와 방문 후 기념 동화책 배경,전시실에서 마음에 드는 작품이나 물건을 찾아 가족과 이야기하기,5-7;8-10,박물관;미술관;본태박물관,본태박물관,사립,제주특별자치도 서귀포시 안덕면 산록남로762번길 69,,064-792-8108,본태박물관,http://www.bontemuseum.com/,,10:00,18:00,10:00,18:00,연중무휴,20000,12000,10000,단체 관람 시 할인+도민할인,,,064-710-3323,제주특별자치도 문화정책과,2025-09-01,6500000,제주특별자치도
전국박물관미술관정보표준데이터,https://www.data.go.kr/data/15017323/standard.do,2025-09-01,place,넥슨컴퓨터 박물관,사립,제주특별자치도 제주시,제주특별자치도 제주시 1100로 3198-8,33.47211995,126.4857998,넥슨컴퓨터 박물관을(를) 배경으로 관람 전후 동화를 만들 수 있다.,관람 전 예습 동화와 방문 후 기념 동화책 배경,전시실에서 마음에 드는 작품이나 물건을 찾아 가족과 이야기하기,5-7;8-10,박물관;미술관;넥슨컴퓨터,넥슨컴퓨터 박물관,사립,제주특별자치도 제주시 1100로 3198-8,,064-745-1994,NXCL,http://www.nexoncomputermuseum.org/,,10:00,18:00,10:00,18:00,월+설 당일+추석 당일+매년 3월,8000,7000,6000,단체 관람 시 할인+도민할인,,,064-710-3323,제주특별자치도 문화정책과,2025-09-01,6500000,제주특별자치도
전국박물관미술관정보표준데이터,https://www.data.go.kr/data/15017323/standard.do,2025-09-01,place,헬로키티아일랜드,사립,제주특별자치도 서귀포시,제주특별자치도 서귀포시 안덕면 한창로 340,33.29009955,126.3520811,헬로키티아일랜드을(를) 배경으로 관람 전후 동화를 만들 수 있다.,관람 전 예습 동화와 방문 후 기념 동화책 배경,전시실에서 마음에 드는 작품이나 물건을 찾아 가족과 이야기하기,5-7;8-10,박물관;미술관;헬로키티아일랜드,헬로키티아일랜드,사립,제주특별자치도 서귀포시 안덕면 한창로 340,,064-792-6114,㈜제이콥 씨앤이,https://www.hellokittyisland.co.kr/museum/index.html,,09:00,18:00,09:00,18:00,연중무휴,14000,13000,11000,단체 관람 시 할인+도민할인,,,064-710-3323,제주특별자치도 문화정책과,2025-09-01,6500000,제주특별자치도
전국박물관미술관정보표준데이터,https://www.data.go.kr/data/15017323/standard.do,2025-09-01,place,제주항공우주박물관,사립,제주특별자치도 서귀포시,제주특별자치도 서귀포시 안덕면 녹차분재로 218,33.3042074,126.2996615,제주항공우주박물관을(를) 배경으로 관람 전후 동화를 만들 수 있다.,관람 전 예습 동화와 방문 후 기념 동화책 배경,전시실에서 마음에 드는 작품이나 물건을 찾아 가족과 이야기하기,5-7;8-10,박물관;미술관;제주항공우주박물관,제주항공우주박물관,사립,제주특별자치도 서귀포시 안덕면 녹차분재로 218,,064-800-2150,JDC,https://www.jdc-jam.com/index.jam,,09:00,18:00,09:00,18:00,월 (매월 셋째주),10000,9000,8000,단체 관람 시 할인+도민할인,,,064-710-3323,제주특별자치도 문화정책과,2025-09-01,6500000,제주특별자치도
전국박물관미술관정보표준데이터,https://www.data.go.kr/data/15017323/standard.do,2025-09-01,place,세계오지민속박물관 (베니스랜드) / 휴관,사립,제주특별자치도 서귀포시,제주특별자치도 서귀포시 성산읍 서성일로 474,33.41539642,126.8407025,세계오지민속박물관 (베니스랜드) / 휴관을(를) 배경으로 관람 전후 동화를 만들 수 있다.,관람 전 예습 동화와 방문 후 기념 동화책 배경,전시실에서 마음에 드는 작품이나 물건을 찾아 가족과 이야기하기,5-7;8-10,박물관;미술관;세계오지민속박물관;(베니스랜드);/;휴관,세계오지민속박물관 (베니스랜드) / 휴관,사립,제주특별자치도 서귀포시 성산읍 서성일로 474,,064-784-6565,베니스랜드,http://theveniceland.com/,,09:00,18:00,09:00,18:00,연중무휴,12000,10000,8000,단체 관람 시 할인+도민할인,,,064-710-3323,제주특별자치도 문화정책과,2025-09-01,6500000,제주특별자치도
전국박물관미술관정보표준데이터,https://www.data.go.kr/data/15017323/standard.do,2025-09-01,place,제주커피박물관 바움,사립,제주특별자치도 서귀포시,제주특별자치도 서귀포시 성산읍 서성일로1168번길 89-17,33.43987482,126.8992119,제주커피박물관 바움을(를) 배경으로 관람 전후 동화를 만들 수 있다.,관람 전 예습 동화와 방문 후 기념 동화책 배경,전시실에서 마음에 드는 작품이나 물건을 찾아 가족과 이야기하기,5-7;8-10,박물관;미술관;제주커피박물관;바움,제주커피박물관 바움,사립,제주특별자치도 서귀포시 성산읍 서성일로1168번길 89-17,,064-784-2255,바움,http://jejubaum.com/,,09:00,18:00,09:00,18:00,연중무휴,0,0,0,,,,064-710-3323,제주특별자치도 문화정책과,2025-09-01,6500000,제주특별자치도
전국박물관미술관정보표준데이터,https://www.data.go.kr/data/15017323/standard.do,2025-09-01,place,기당미술관,공립,제주특별자치도 서귀포시,제주특별자치도 서귀포시 남성중로 153번길 15,33.24484755,126.5511958,기당미술관을(를) 배경으로 관람 전후 동화를 만들 수 있다.,관람 전 예습 동화와 방문 후 기념 동화책 배경,전시실에서 마음에 드는 작품이나 물건을 찾아 가족과 이야기하기,5-7;8-10,박물관;미술관;기당미술관,기당미술관,공립,제주특별자치도 서귀포시 남성중로 153번길 15,,064-733-1586,기당미술관,http://culture.seogwipo.go.kr/gidang/index.htm,,09:00,18:00,09:00,18:00,월+1월 1일+설 연휴+추석 연휴,1000,500,300,단체 관람 시 할인+도민할인+6세이하 무료,,,064-710-3323,제주특별자치도 문화정책과,2025-09-01,6500000,제주특별자치도
전국박물관미술관정보표준데이터,https://www.data.go.kr/data/15017323/standard.do,2025-09-01,place,이중섭미술관,공립,제주특별자치도 서귀포시,제주특별자치도 서귀포시 이중섭로 27-3,33.24586163,126.5648746,이중섭미술관을(를) 배경으로 관람 전후 동화를 만들 수 있다.,관람 전 예습 동화와 방문 후 기념 동화책 배경,전시실에서 마음에 드는 작품이나 물건을 찾아 가족과 이야기하기,5-7;8-10,박물관;미술관;이중섭미술관,이중섭미술관,공립,제주특별자치도 서귀포시 이중섭로 27-3,,064-760-3567,이중섭미술관,http://culture.seogwipo.go.kr/jslee/index.htm,,09:00,18:00,09:00,18:00,월+1월 1일+설 연휴+추석 연휴,1500,800,400,단체 관람 시 할인+도민할인,,,064-710-3323,제주특별자치도 문화정책과,2025-09-01,6500000,제주특별자치도
전국박물관미술관정보표준데이터,https://www.data.go.kr/data/15017323/standard.do,2025-09-01,place,김영갑갤러리 (두모악),사립,제주특별자치도 서귀포시,제주특별자치도 서귀포시 성산읍 삼달로 137,33.37236763,126.8542458,김영갑갤러리 (두모악)을(를) 배경으로 관람 전후 동화를 만들 수 있다.,관람 전 예습 동화와 방문 후 기념 동화책 배경,전시실에서 마음에 드는 작품이나 물건을 찾아 가족과 이야기하기,5-7;8-10,박물관;미술관;김영갑갤러리;(두모악),김영갑갤러리 (두모악),사립,제주특별자치도 서귀포시 성산읍 삼달로 137,,064-784-9907,두모악,http://www.dumoak.com/,,09:30,18:00,09:30,18:00,월+1월 1일+설 연휴+추석 연휴,4500,3000,1500,도민할인,,,064-710-3323,제주특별자치도 문화정책과,2025-09-01,6500000,제주특별자치도
전국박물관미술관정보표준데이터,https://www.data.go.kr/data/15017323/standard.do,2025-09-01,place,자연사랑 미술관,사립,제주특별자치도 서귀포시,제주특별자치도 서귀포시 표선면 가시로613번길 46,33.35564999,126.7719331,자연사랑 미술관을(를) 배경으로 관람 전후 동화를 만들 수 있다.,관람 전 예습 동화와 방문 후 기념 동화책 배경,전시실에서 마음에 드는 작품이나 물건을 찾아 가족과 이야기하기,5-7;8-10,박물관;미술관;자연사랑,자연사랑 미술관,사립,제주특별자치도 서귀포시 표선면 가시로613번길 46,,064-787-3110,자연사랑,http://hallaphoto.com/default/,,10:00,17:00,10:00,17:00,연중무휴,3000,1000,0,도민할인,,,064-710-3323,제주특별자치도 문화정책과,2025-09-01,6500000,제주특별자치도
전국박물관미술관정보표준데이터,https://www.data.go.kr/data/15017323/standard.do,2025-09-01,place,제주 현대미술관,공립,제주특별자치도 제주시,제주특별자치도 제주시 한경면 저지14길 35,33.33969288,126.2656919,제주 현대미술관을(를) 배경으로 관람 전후 동화를 만들 수 있다.,관람 전 예습 동화와 방문 후 기념 동화책 배경,전시실에서 마음에 드는 작품이나 물건을 찾아 가족과 이야기하기,5-7;8-10,박물관;미술관;제주;현대미술관,제주 현대미술관,공립,제주특별자치도 제주시 한경면 저지14길 35,,064-710-7801,제주 현대미술관,http://jejumuseum.go.kr/kor/,,09:00,18:00,09:00,18:00,월+1월 1일+설 연휴+추석 연휴,2000,1000,500,단체 관람 시 할인+도민할인+6세이하 무료,,,064-710-3323,제주특별자치도 문화정책과,2025-09-01,6500000,제주특별자치도
전국박물관미술관정보표준데이터,https://www.data.go.kr/data/15017323/standard.do,2025-09-01,place,돌하르방미술관,사립,제주특별자치도 제주시,제주특별자치도 제주시 조천읍 북촌서1길 70,33.5388475,126.6888123,돌하르방미술관을(를) 배경으로 관람 전후 동화를 만들 수 있다.,관람 전 예습 동화와 방문 후 기념 동화책 배경,전시실에서 마음에 드는 작품이나 물건을 찾아 가족과 이야기하기,5-7;8-10,박물관;미술관;돌하르방미술관,돌하르방미술관,사립,제주특별자치도 제주시 조천읍 북촌서1길 70,,064-782-0570,북촌돌하르방공원,https://blog.naver.com/dhbpark,,09:00,18:00,09:00,18:00,설 당일 추석 당일,7000,5000,0,단체 관람 시 할인+도민할인,,,064-710-3323,제주특별자치도 문화정책과,2025-09-01,6500000,제주특별자치도
전국박물관미술관정보표준데이터,https://www.data.go.kr/data/15017323/standard.do,2025-09-01,place,루나폴,사립,제주특별자치도 서귀포시,제주특별자치도 서귀포시 안덕면 일주서로 1836,33.2541298,126.3222874,루나폴을(를) 배경으로 관람 전후 동화를 만들 수 있다.,관람 전 예습 동화와 방문 후 기념 동화책 배경,전시실에서 마음에 드는 작품이나 물건을 찾아 가족과 이야기하기,5-7;8-10,박물관;미술관;루나폴,루나폴,사립,제주특별자치도 서귀포시 안덕면 일주서로 1836,,064-794-9680,루나폴,https://www.instagram.com/lunafall_jeju/,,20:30,23:59,20:30,23:59,연중무휴,22000,20000,17000,,,,064-710-3323,제주특별자치도 문화정책과,2025-09-01,6500000,제주특별자치도
전국박물관미술관정보표준데이터,https://www.data.go.kr/data/15017323/standard.do,2025-09-01,place,제주도립 김창열미술관,공립,제주특별자치도 제주시,제주특별자치도 제주시 한림읍 용금로 883-5,33.33907132,126.2686717,제주도립 김창열미술관을(를) 배경으로 관람 전후 동화를 만들 수 있다.,관람 전 예습 동화와 방문 후 기념 동화책 배경,전시실에서 마음에 드는 작품이나 물건을 찾아 가족과 이야기하기,5-7;8-10,박물관;미술관;제주도립;김창열미술관,제주도립 김창열미술관,공립,제주특별자치도 제주시 한림읍 용금로 883-5,,064-710-4150,제주도립 김창열미술관,http://kimtschang-yeul.jeju.go.kr/,,09:00,18:00,09:00,18:00,월+1월 1일+설 연휴+추석 연휴,2000,1000,500,단체 관람 시 할인+도민할인,,,064-710-3323,제주특별자치도 문화정책과,2025-09-01,6500000,제주특별자치도
전국박물관미술관정보표준데이터,https://www.data.go.kr/data/15017323/standard.do,2025-09-01,place,제주 유리의 성,사립,제주특별자치도 제주시,제주특별자치도 제주시 한경면 녹차분재로 462,33.31463387,126.2736624,제주 유리의 성을(를) 배경으로 관람 전후 동화를 만들 수 있다.,관람 전 예습 동화와 방문 후 기념 동화책 배경,전시실에서 마음에 드는 작품이나 물건을 찾아 가족과 이야기하기,5-7;8-10,박물관;미술관;제주;유리의;성,제주 유리의 성,사립,제주특별자치도 제주시 한경면 녹차분재로 462,,064-772-7777,제주 유리의 성,http://www.jejuglasscastle.com/,,09:00,19:00,09:00,19:00,연중무휴,11000,9000,8000,단체 관람 시 할인+도민할인,,,064-710-3323,제주특별자치도 문화정책과,2025-09-01,6500000,제주특별자치도
전국박물관미술관정보표준데이터,https://www.data.go.kr/data/15017323/standard.do,2025-09-01,place,제주 도립미술관,공립,제주특별자치도 제주시,제주특별자치도 제주시 1100로 2894-78,33.45255002,126.4896861,제주 도립미술관을(를) 배경으로 관람 전후 동화를 만들 수 있다.,관람 전 예습 동화와 방문 후 기념 동화책 배경,전시실에서 마음에 드는 작품이나 물건을 찾아 가족과 이야기하기,5-7;8-10,박물관;미술관;제주;도립미술관,제주 도립미술관,공립,제주특별자치도 제주시 1100로 2894-78,,064-710-4300,제주 도립미술관,http://jmoa.jeju.go.kr/kor/,,09:00,18:00,09:00,18:00,월+1월 1일+설 연휴+추석 연휴,2000,1000,500,단체 관람 시 할인+도민할인+6세이하 무료,,,064-710-3323,제주특별자치도 문화정책과,2025-09-01,6500000,제주특별자치도
전국박물관미술관정보표준데이터,https://www.data.go.kr/data/15017323/standard.do,2025-09-01,place,제주추사관,공립,제주특별자치도 서귀포시,제주특별자치도 서귀포시 대정읍 추사로 44,33.24979614,126.278494,제주추사관을(를) 배경으로 관람 전후 동화를 만들 수 있다.,관람 전 예습 동화와 방문 후 기념 동화책 배경,전시실에서 마음에 드는 작품이나 물건을 찾아 가족과 이야기하기,5-7;8-10,박물관;미술관;제주추사관,제주추사관,공립,제주특별자치도 서귀포시 대정읍 추사로 44,,064-710-6803,제주추사관,http://www.jeju.go.kr/chusa/index.htm,,09:00,18:00,09:00,18:00,월+1월 1일+설 연휴+추석 연휴,0,0,0,,,,064-710-3323,제주특별자치도 문화정책과,2025-09-01,6500000,제주특별자치도
전국박물관미술관정보표준데이터,https://www.data.go.kr/data/15017323/standard.do,2025-09-01,place,박물관은살아있다,사립,제주특별자치도 서귀포시,제주특별자치도 서귀포시 중문관광로 42,33.25490055,126.4097703,박물관은살아있다을(를) 배경으로 관람 전후 동화를 만들 수 있다.,관람 전 예습 동화와 방문 후 기념 동화책 배경,전시실에서 마음에 드는 작품이나 물건을 찾아 가족과 이야기하기,5-7;8-10,박물관;미술관;박물관은살아있다,박물관은살아있다,사립,제주특별자치도 서귀포시 중문관광로 42,,064-805-0888,크리에이티브통,http://www.alivemuseum.com/branch/jeju,,10:00,19:00,10:00,19:00,연중무휴,14000,13000,12000,단체 관람 시 할인+도민할인,,,064-710-3323,제주특별자치도 문화정책과,2025-09-01,6500000,제주특별자치도
전국박물관미술관정보표준데이터,https://www.data.go.kr/data/15017323/standard.do,2025-09-01,place,그리스신화박물관,사립,제주특별자치도 제주시,제주특별자치도 제주시 한림읍 광산로 942,33.34808613,126.3575213,그리스신화박물관을(를) 배경으로 관람 전후 동화를 만들 수 있다.,관람 전 예습 동화와 방문 후 기념 동화책 배경,전시실에서 마음에 드는 작품이나 물건을 찾아 가족과 이야기하기,5-7;8-10,박물관;미술관;그리스신화박물관,그리스신화박물관,사립,제주특별자치도 제주시 한림읍 광산로 942,,064-773-5800,그리스신화박물관,http://www.greekmythology.co.kr/default/,,09:00,18:00,09:00,18:00,연중무휴,9000,8000,8000,단체 관람 시 할인,,,064-710-3323,제주특별자치도 문화정책과,2025-09-01,6500000,제주특별자치도
전국박물관미술관정보표준데이터,https://www.data.go.kr/data/15017323/standard.do,2025-09-01,place,왈종미술관,사립,제주특별자치도 서귀포시,제주특별자치도 서귀포시 칠십리로214번길 30,33.24530212,126.5736629,왈종미술관을(를) 배경으로 관람 전후 동화를 만들 수 있다.,관람 전 예습 동화와 방문 후 기념 동화책 배경,전시실에서 마음에 드는 작품이나 물건을 찾아 가족과 이야기하기,5-7;8-10,박물관;미술관;왈종미술관,왈종미술관,사립,제주특별자치도 서귀포시 칠십리로214번길 30,,064-763-3600,재단법인 왈종후연미술문화재단,http://walartmuseum.or.kr/,,10:00,18:00,10:00,18:00,월,5000,3000,3000,단체 관람 시 할인+도민할인+7세이하 무료,,,064-710-3323,제주특별자치도 문화정책과,2025-09-01,6500000,제주특별자치도
전국박물관미술관정보표준데이터,https://www.data.go.kr/data/15017323/standard.do,2025-09-01,place,아라리오뮤지엄,사립,제주특별자치도 제주시,제주특별자치도 제주시 탑동로 14,33.51742062,126.5233925,아라리오뮤지엄을(를) 배경으로 관람 전후 동화를 만들 수 있다.,관람 전 예습 동화와 방문 후 기념 동화책 배경,전시실에서 마음에 드는 작품이나 물건을 찾아 가족과 이야기하기,5-7;8-10,박물관;미술관;아라리오뮤지엄,아라리오뮤지엄,사립,제주특별자치도 제주시 탑동로 14,,064-720-8201,아라리오뮤지엄,http://www.arariomuseum.org/main.php,,10:00,19:00,10:00,19:00,월,15000,9000,6000,도민할인,,,064-710-3323,제주특별자치도 문화정책과,2025-09-01,6500000,제주특별자치도
전국박물관미술관정보표준데이터,https://www.data.go.kr/data/15017323/standard.do,2025-09-01,place,유민미술관,사립,제주특별자치도 서귀포시,제주특별자치도 서귀포시 성산읍 섭지코지로 107,33.42603156,126.9264499,유민미술관을(를) 배경으로 관람 전후 동화를 만들 수 있다.,관람 전 예습 동화와 방문 후 기념 동화책 배경,전시실에서 마음에 드는 작품이나 물건을 찾아 가족과 이야기하기,5-7;8-10,박물관;미술관;유민미술관,유민미술관,사립,제주특별자치도 서귀포시 성산읍 섭지코지로 107,,064-731-7791,휘닉스중앙제주,http://www.yuminart.org/,,09:00,18:00,09:00,18:00,화 (*국경일+명절 연휴 :정상 운영),12000,9000,9000,단체 관람 시 할인+도민할인,,,064-710-3323,제주특별자치도 문화정책과,2025-09-01,6500000,제주특별자치도
전국박물관미술관정보표준데이터,https://www.data.go.kr/data/15017323/standard.do,2025-09-01,place,제주세계자연유산센터 세계유산전시관,공립,제주특별자치도 제주시,제주특별자치도 제주시 조천읍 선교로 569-36,33.45691987,126.7147521,제주세계자연유산센터 세계유산전시관을(를) 배경으로 관람 전후 동화를 만들 수 있다.,관람 전 예습 동화와 방문 후 기념 동화책 배경,전시실에서 마음에 드는 작품이나 물건을 찾아 가족과 이야기하기,5-7;8-10,박물관;미술관;제주세계자연유산센터;세계유산전시관,제주세계자연유산센터 세계유산전시관,공립,제주특별자치도 제주시 조천읍 선교로 569-36,,064-710-8993,세계유산본부,http://www.jeju.go.kr/wnhcenter/index.htm,,09:00,18:00,09:00,18:00,매월 첫째주 화요일,3000,2000,2000,단체 관람 시 할인+도민할인,,,064-710-3323,제주특별자치도 문화정책과,2025-09-01,6500000,제주특별자치도
전국박물관미술관정보표준데이터,https://www.data.go.kr/data/15017323/standard.do,2025-09-01,place,한라산국립공원산악박물관,공립,제주특별자치도 제주시,제주특별자치도 제주시 산록북로588,33.42161341,126.5497576,한라산국립공원산악박물관을(를) 배경으로 관람 전후 동화를 만들 수 있다.,관람 전 예습 동화와 방문 후 기념 동화책 배경,전시실에서 마음에 드는 작품이나 물건을 찾아 가족과 이야기하기,5-7;8-10,박물관;미술관;한라산국립공원산악박물관,한라산국립공원산악박물관,공립,제주특별자치도 제주시 산록북로588,,064-710-4632,세계유산본부,http://www.jeju.go.kr/hallasan/index.htm,,09:00,17:00,09:00,17:00,매주 월요일,0,0,0,,,,064-710-3323,제주특별자치도 문화정책과,2025-09-01,6500000,제주특별자치도
전국박물관미술관정보표준데이터,https://www.data.go.kr/data/15017323/standard.do,2025-09-01,place,제주항일기념관,공립,제주특별자치도 제주시,제주특별자치도 제주시 조천읍 신북로 303,33.54102729,126.6407255,제주항일기념관을(를) 배경으로 관람 전후 동화를 만들 수 있다.,관람 전 예습 동화와 방문 후 기념 동화책 배경,전시실에서 마음에 드는 작품이나 물건을 찾아 가족과 이야기하기,5-7;8-10,박물관;미술관;제주항일기념관,제주항일기념관,공립,제주특별자치도 제주시 조천읍 신북로 303,,064-710-7793,보훈청,http://www.jeju.go.kr/hangil/index.htm,,09:00,18:00,09:00,18:00,1월1일 설연휴(3일) 추석연휴(3일),0,0,0,,,,064-710-3323,제주특별자치도 문화정책과,2025-09-01,6500000,제주특별자치도
전국박물관미술관정보표준데이터,https://www.data.go.kr/data/15017323/standard.do,2025-09-01,place,김택화미술관,사립,제주특별자치도 제주시,제주특별자치도 제주시 조첩읍 신흥로1,33.544049,126.652878,김택화미술관을(를) 배경으로 관람 전후 동화를 만들 수 있다.,관람 전 예습 동화와 방문 후 기념 동화책 배경,전시실에서 마음에 드는 작품이나 물건을 찾아 가족과 이야기하기,5-7;8-10,박물관;미술관;김택화미술관,김택화미술관,사립,제주특별자치도 제주시 조첩읍 신흥로1,,064-900-9097,김택화미술관,www.kimtekhwa.com,,10:00,18:00,10:00,18:00,매주 목요일,4500,3000,1500,도민 33할인+7세이하 무료,,,064-710-3323,제주특별자치도 문화정책과,2025-09-01,6500000,제주특별자치도
전국박물관미술관정보표준데이터,https://www.data.go.kr/data/15017323/standard.do,2025-09-01,place,생각하는 정원,사립,제주특별자치도 제주시,제주특별자치도 제주시 한경면 녹차분재로 675,33.32558449,126.2550051,생각하는 정원을(를) 배경으로 관람 전후 동화를 만들 수 있다.,관람 전 예습 동화와 방문 후 기념 동화책 배경,전시실에서 마음에 드는 작품이나 물건을 찾아 가족과 이야기하기,5-7;8-10,박물관;미술관;생각하는;정원,생각하는 정원,사립,제주특별자치도 제주시 한경면 녹차분재로 675,,064-772-3701,㈜청원,www.spiritedgarden.com,,09:00,18:00,09:00,18:00,연중무휴,12000,10000,7000,성인17 청소년20 초등생14 미취학14+36개월미만 무료,,,064-710-3323,제주특별자치도 문화정책과,2025-09-01,6500000,제주특별자치도
전국박물관미술관정보표준데이터,https://www.data.go.kr/data/15017323/standard.do,2025-09-01,place,세계미니어처 전시관,사립,제주특별자치도 제주시,제주특별자치도 제주시 조천읍 비자림로606,33.4342519,126.6749133,세계미니어처 전시관을(를) 배경으로 관람 전후 동화를 만들 수 있다.,관람 전 예습 동화와 방문 후 기념 동화책 배경,전시실에서 마음에 드는 작품이나 물건을 찾아 가족과 이야기하기,5-7;8-10,박물관;미술관;세계미니어처;전시관,세계미니어처 전시관,사립,제주특별자치도 제주시 조천읍 비자림로606,,064-782-7720,사립세계미니어처박물관,www.jejucentralpark.com,,09:00,18:00,09:00,18:00,연중무휴,7000,5000,4000,단체 관람 시 할인+도민할인,,,064-710-3323,제주특별자치도 문화정책과,2025-09-01,6500000,제주특별자치도
전국박물관미술관정보표준데이터,https://www.data.go.kr/data/15017323/standard.do,2025-09-01,place,세계술박물관,사립,제주특별자치도 서귀포시,제주특별자치도 서귀포시 표선면 한마음초등로431,33.35397099,126.8175928,세계술박물관을(를) 배경으로 관람 전후 동화를 만들 수 있다.,관람 전 예습 동화와 방문 후 기념 동화책 배경,전시실에서 마음에 드는 작품이나 물건을 찾아 가족과 이야기하기,5-7;8-10,박물관;미술관;세계술박물관,세계술박물관,사립,제주특별자치도 서귀포시 표선면 한마음초등로431,,064-787-9500,세계술박물관,,,09:00,18:00,09:00,18:00,연중무휴,7000,5000,2000,,,,064-710-3323,제주특별자치도 문화정책과,2025-09-01,6500000,제주특별자치도
전국박물관미술관정보표준데이터,https://www.data.go.kr/data/15017323/standard.do,2025-09-01,place,아이스뮤지엄,사립,제주특별자치도 제주시,제주특별자치도 제주시 은수길 69,33.47065125,126.488281,아이스뮤지엄을(를) 배경으로 관람 전후 동화를 만들 수 있다.,관람 전 예습 동화와 방문 후 기념 동화책 배경,전시실에서 마음에 드는 작품이나 물건을 찾아 가족과 이야기하기,5-7;8-10,박물관;미술관;아이스뮤지엄,아이스뮤지엄,사립,제주특별자치도 제주시 은수길 69,,064-742-3700,유한회사 수목원,www.sumokwonpark.com,,09:00,19:00,09:00,19:00,연중무휴,12000,10000,10000,,,,064-710-3323,제주특별자치도 문화정책과,2025-09-01,6500000,제주특별자치도
전국박물관미술관정보표준데이터,https://www.data.go.kr/data/15017323/standard.do,2025-09-01,place,유동룡미술관,사립,제주특별자치도 제주시,제주특별자치도 제주시 한림읍 용금로906-10,33.34061683,126.2707159,유동룡미술관을(를) 배경으로 관람 전후 동화를 만들 수 있다.,관람 전 예습 동화와 방문 후 기념 동화책 배경,전시실에서 마음에 드는 작품이나 물건을 찾아 가족과 이야기하기,5-7;8-10,박물관;미술관;유동룡미술관,유동룡미술관,사립,제주특별자치도 제주시 한림읍 용금로906-10,,064-745-2678,유동룡미술관,www.itamijunmuseum.com,,10:00,18:00,10:00,18:00,매주 월+설 당일+추석 당일,32000,19200,16000,도민할인,,,064-710-3323,제주특별자치도 문화정책과,2025-09-01,6500000,제주특별자치도
전국박물관미술관정보표준데이터,https://www.data.go.kr/data/15017323/standard.do,2025-09-01,place,북앤토이 뮤지엄,사립,제주특별자치도 서귀포시,제주특별자치도 서귀포시 안덕면 동광로 267-7,33.31897122,126.345363,북앤토이 뮤지엄을(를) 배경으로 관람 전후 동화를 만들 수 있다.,관람 전 예습 동화와 방문 후 기념 동화책 배경,전시실에서 마음에 드는 작품이나 물건을 찾아 가족과 이야기하기,5-7;8-10,박물관;미술관;북앤토이;뮤지엄,북앤토이 뮤지엄,사립,제주특별자치도 서귀포시 안덕면 동광로 267-7,,064-794-0333,토이파크뮤지엄,toypark.withmedia.kr,,09:00,19:00,09:00,18:00,연중무휴,8000,8000,8000,도민할인,,,064-710-3323,제주특별자치도 문화정책과,2025-09-01,6500000,제주특별자치도
전국박물관미술관정보표준데이터,https://www.data.go.kr/data/15017323/standard.do,2025-09-01,place,포도뮤지엄,사립,제주특별자치도 서귀포시,제주특별자치도 서귀포시 안덕면 산록남로 788,33.3192674,126.3859703,포도뮤지엄을(를) 배경으로 관람 전후 동화를 만들 수 있다.,관람 전 예습 동화와 방문 후 기념 동화책 배경,전시실에서 마음에 드는 작품이나 물건을 찾아 가족과 이야기하기,5-7;8-10,박물관;미술관;포도뮤지엄,포도뮤지엄,사립,제주특별자치도 서귀포시 안덕면 산록남로 788,,064-794-5115,주식회사 휘찬,https://www.podomuseum.com/,,10:00,18:00,10:00,18:00,매주화,10000,6000,4000,도민할인,,,064-710-3323,제주특별자치도 문화정책과,2025-09-01,6500000,제주특별자치도
전국박물관미술관정보표준데이터,https://www.data.go.kr/data/15017323/standard.do,2025-09-01,place,방림원,사립,제주특별자치도 제주시,제주특별자치도 제주시 한경면 용금로 864,33.33722842,126.2685129,방림원을(를) 배경으로 관람 전후 동화를 만들 수 있다.,관람 전 예습 동화와 방문 후 기념 동화책 배경,전시실에서 마음에 드는 작품이나 물건을 찾아 가족과 이야기하기,5-7;8-10,박물관;미술관;방림원,방림원,사립,제주특별자치도 제주시 한경면 용금로 864,,064-773-0090,방림원,www.banglimwon.com,,09:00,18:00,09:00,18:00,연중무휴,8000,6000,6000,단체 관람 시 할인,,,064-710-3323,제주특별자치도 문화정책과,2025-09-01,6500000,제주특별자치도
전국박물관미술관정보표준데이터,https://www.data.go.kr/data/15017323/standard.do,2025-09-01,place,숨도 귤림성,사립,제주특별자치도 서귀포시,제주특별자치도 서귀포시 일주동로 8941,33.25029067,126.5360068,숨도 귤림성을(를) 배경으로 관람 전후 동화를 만들 수 있다.,관람 전 예습 동화와 방문 후 기념 동화책 배경,전시실에서 마음에 드는 작품이나 물건을 찾아 가족과 이야기하기,5-7;8-10,박물관;미술관;숨도;귤림성,숨도 귤림성,사립,제주특별자치도 서귀포시 일주동로 8941,,064-739-3331,숨도 귤림성,http://www.seokbujak.com/index.php,,08:00,18:00,08:00,18:00,연중무휴,6000,4000,3000,단체 관람 시 할인,,,064-710-3323,제주특별자치도 문화정책과,2025-09-01,6500000,제주특별자치도
전국박물관미술관정보표준데이터,https://www.data.go.kr/data/15017323/standard.do,2025-09-01,place,에코랜드,사립,제주특별자치도 제주시,제주특별자치도 제주시 조천읍 번영로 1278-169,33.45534851,126.6688528,에코랜드을(를) 배경으로 관람 전후 동화를 만들 수 있다.,관람 전 예습 동화와 방문 후 기념 동화책 배경,전시실에서 마음에 드는 작품이나 물건을 찾아 가족과 이야기하기,5-7;8-10,박물관;미술관;에코랜드,에코랜드,사립,제주특별자치도 제주시 조천읍 번영로 1278-169,,064-802-8054,㈜더원,www.ecolandjeju.co.kr,,08:30,17:30,08:30,17:30,연중무휴,14000,12000,12000,단체 관람 시 할인+도민할인,,,064-710-3323,제주특별자치도 문화정책과,2025-09-01,6500000,제주특별자치도
전국박물관미술관정보표준데이터,https://www.data.go.kr/data/15017323/standard.do,2025-09-01,place,여미지식물원,사립,제주특별자치도 서귀포시,제주특별자치도 서귀포시 중문관광로93,33.2544646,126.4144764,여미지식물원을(를) 배경으로 관람 전후 동화를 만들 수 있다.,관람 전 예습 동화와 방문 후 기념 동화책 배경,전시실에서 마음에 드는 작품이나 물건을 찾아 가족과 이야기하기,5-7;8-10,박물관;미술관;여미지식물원,여미지식물원,사립,제주특별자치도 서귀포시 중문관광로93,,064-735-1100,부국개발㈜,www.yeomiji.or.kr,,09:00,18:00,09:00,18:00,연중무휴,12000,8000,7000,단체 관람 시 할인+도민할인,,,064-710-3323,제주특별자치도 문화정책과,2025-09-01,6500000,제주특별자치도
전국박물관미술관정보표준데이터,https://www.data.go.kr/data/15017323/standard.do,2025-09-01,place,카멜리아힐,사립,제주특별자치도 서귀포시,제주특별자치도 서귀포시 안덕면 병악로 166,33.290106,126.3683652,카멜리아힐을(를) 배경으로 관람 전후 동화를 만들 수 있다.,관람 전 예습 동화와 방문 후 기념 동화책 배경,전시실에서 마음에 드는 작품이나 물건을 찾아 가족과 이야기하기,5-7;8-10,박물관;미술관;카멜리아힐,카멜리아힐,사립,제주특별자치도 서귀포시 안덕면 병악로 166,,064-792-0088,카멜리아힐,www.camelliahill.co.kr,,08:30,17:00,08:30,17:00,연중무휴,9000,7000,6000,단체 관람 시 할인+도민할인,,,064-710-3323,제주특별자치도 문화정책과,2025-09-01,6500000,제주특별자치도
전국박물관미술관정보표준데이터,https://www.data.go.kr/data/15017323/standard.do,2025-09-01,place,피규어뮤지엄,사립,제주특별자치도 서귀포시,제주특별자치도 서귀포시 안덕면 한창로 243,33.28190379,126.3553569,피규어뮤지엄을(를) 배경으로 관람 전후 동화를 만들 수 있다.,관람 전 예습 동화와 방문 후 기념 동화책 배경,전시실에서 마음에 드는 작품이나 물건을 찾아 가족과 이야기하기,5-7;8-10,박물관;미술관;피규어뮤지엄,피규어뮤지엄,사립,제주특별자치도 서귀포시 안덕면 한창로 243,,064-792-2244,(주)피규어뮤지엄제주주식회사,www.figurejeju.com,,09:30,18:00,09:30,18:00,연중무휴,12000,10000,9000,단체 관람 시 할인,,,064-710-3323,제주특별자치도 문화정책과,2025-09-01,6500000,제주특별자치도
전국박물관미술관정보표준데이터,https://www.data.go.kr/data/15017323/standard.do,2025-09-01,place,SN박물관,사립,제주특별자치도 제주시,제주특별자치도 제주시 구좌읍 금백조로 930,33.4435165,126.7785708,SN박물관을(를) 배경으로 관람 전후 동화를 만들 수 있다.,관람 전 예습 동화와 방문 후 기념 동화책 배경,전시실에서 마음에 드는 작품이나 물건을 찾아 가족과 이야기하기,5-7;8-10,박물관;미술관;SN박물관,SN박물관,사립,제주특별자치도 제주시 구좌읍 금백조로 930,,064-903-1111,㈜에스앤가든,https://www.snoopygarden.com/,,09:00,19:00,09:00,19:00,연중무휴,19000,16000,13000,단체 관람 시 할인+도민할인,,,064-710-3323,제주특별자치도 문화정책과,2025-09-01,6500000,제주특별자치도
전국박물관미술관정보표준데이터,https://www.data.go.kr/data/15017323/standard.do,2025-09-01,place,예나르공예박물관,사립,제주특별자치도 제주시,제주특별자치도 제주시 한경면 저지14길 36,33.34002436,126.2669211,예나르공예박물관을(를) 배경으로 관람 전후 동화를 만들 수 있다.,관람 전 예습 동화와 방문 후 기념 동화책 배경,전시실에서 마음에 드는 작품이나 물건을 찾아 가족과 이야기하기,5-7;8-10,박물관;미술관;예나르공예박물관,예나르공예박물관,사립,제주특별자치도 제주시 한경면 저지14길 36,,064-772-4280,예나르공예박물관,http://jejucraftmuseum.com/,,10:00,18:00,10:00,18:00,월,5000,3000,0,도민할인,,,064-710-3323,제주특별자치도 문화정책과,2025-09-01,6500000,제주특별자치도
전국박물관미술관정보표준데이터,https://www.data.go.kr/data/15017323/standard.do,2025-09-01,place,훈데르트바서파크,사립,제주특별자치도 제주시,제주특별자치도 제주시 우도면 우도해안길 32-12,33.49298366,126.9562278,훈데르트바서파크을(를) 배경으로 관람 전후 동화를 만들 수 있다.,관람 전 예습 동화와 방문 후 기념 동화책 배경,전시실에서 마음에 드는 작품이나 물건을 찾아 가족과 이야기하기,5-7;8-10,박물관;미술관;훈데르트바서파크,훈데르트바서파크,사립,제주특별자치도 제주시 우도면 우도해안길 32-12,,064-766-6077,㈜이지앤스토리,http://www.hundertwasserpark.co.kr,,09:30,18:00,09:30,18:00,연중무휴,15000,15000,0,단체 관람 시 할인+도민할인 초등학생 50할인 미취학아동(8세미만) 무료입장,,,064-710-3323,제주특별자치도 문화정책과,2025-09-01,6500000,제주특별자치도
전국박물관미술관정보표준데이터,https://www.data.go.kr/data/15017323/standard.do,2025-09-01,place,테지움사파리,사립,제주특별자치도 제주시,제주특별자치도 제주시 애월읍 평화로 2159,33.4122175,126.3935364,테지움사파리을(를) 배경으로 관람 전후 동화를 만들 수 있다.,관람 전 예습 동화와 방문 후 기념 동화책 배경,전시실에서 마음에 드는 작품이나 물건을 찾아 가족과 이야기하기,5-7;8-10,박물관;미술관;테지움사파리,테지움사파리,사립,제주특별자치도 제주시 애월읍 평화로 2159,,0507-1406-112,㈜테지움,http://teseum.net/default/,,08:30,19:00,08:30,19:00,연중무휴,12500,11500,10500,단체 관람 시 할인+도민할인,,,064-710-3323,제주특별자치도 문화정책과,2025-09-01,6500000,제주특별자치도
전국박물관미술관정보표준데이터,https://www.data.go.kr/data/15017323/standard.do,2025-09-01,place,이랜드뮤지엄,사립,제주특별자치도 제주시,제주특별자치도 제주시 한림읍 한림해안로 530,33.43576319,126.274436,이랜드뮤지엄을(를) 배경으로 관람 전후 동화를 만들 수 있다.,관람 전 예습 동화와 방문 후 기념 동화책 배경,전시실에서 마음에 드는 작품이나 물건을 찾아 가족과 이야기하기,5-7;8-10,박물관;미술관;이랜드뮤지엄,이랜드뮤지엄,사립,제주특별자치도 제주시 한림읍 한림해안로 530,,064-796-9611,㈜이랜드파크,https://www.instagram.com/elandmuseum/,,09:00,18:00,09:00,18:00,월,5000,3000,2000,65세 이상 무료 입장,,,064-710-3323,제주특별자치도 문화정책과,2025-09-01,6500000,제주특별자치도
전국박물관미술관정보표준데이터,https://www.data.go.kr/data/15017323/standard.do,2025-09-01,place,한림공원,사립,제주특별자치도 제주시,제주특별자치도 제주시 한림읍 한림로 300,33.39022486,126.2396912,한림공원을(를) 배경으로 관람 전후 동화를 만들 수 있다.,관람 전 예습 동화와 방문 후 기념 동화책 배경,전시실에서 마음에 드는 작품이나 물건을 찾아 가족과 이야기하기,5-7;8-10,박물관;미술관;한림공원,한림공원,사립,제주특별자치도 제주시 한림읍 한림로 300,,064-796-0001,㈜한림공원,http://www.hallimpark.com,,09:00,19:00,09:00,19:00,연중무휴,15000,10000,9000,단체 관람 시 할인+도민할인,,,064-710-3323,제주특별자치도 문화정책과,2025-09-01,6500000,제주특별자치도
전국박물관미술관정보표준데이터,https://www.data.go.kr/data/15017323/standard.do,2025-09-01,place,러브랜드미술관,사립,제주특별자치도 제주시,제주특별자치도 제주시 1100로 2894-72,33.45211112,126.488483,러브랜드미술관을(를) 배경으로 관람 전후 동화를 만들 수 있다.,관람 전 예습 동화와 방문 후 기념 동화책 배경,전시실에서 마음에 드는 작품이나 물건을 찾아 가족과 이야기하기,5-7;8-10,박물관;미술관;러브랜드미술관,러브랜드미술관,사립,제주특별자치도 제주시 1100로 2894-72,,064-712-6988,러브랜드미술관,http://www.jejuloveland.com/,,09:00,22:00,09:00,22:00,연중무휴,15000,0,0,단체 관람 시 할인+도민할인,,,064-710-3323,제주특별자치도 문화정책과,2025-09-01,6500000,제주특별자치도
전국박물관미술관정보표준데이터,https://www.data.go.kr/data/15017323/standard.do,2025-09-01,place,제주화석박물관,사립,제주특별자치도 서귀포시,제주특별자치도 서귀포시 표선면 하천로 11,33.343744,126.8433207,제주화석박물관을(를) 배경으로 관람 전후 동화를 만들 수 있다.,관람 전 예습 동화와 방문 후 기념 동화책 배경,전시실에서 마음에 드는 작품이나 물건을 찾아 가족과 이야기하기,5-7;8-10,박물관;미술관;제주화석박물관,제주화석박물관,사립,제주특별자치도 서귀포시 표선면 하천로 11,,0507-1418-176,제주화석박물관,,,10:00,17:00,10:00,17:00,일,0,0,0,코로나 시기 이후 당분간 무료운영,,,064-710-3323,제주특별자치도 문화정책과,2025-09-01,6500000,제주특별자치도
전국박물관미술관정보표준데이터,https://www.data.go.kr/data/15017323/standard.do,2025-09-01,place,제주해양동물박물관,사립,제주특별자치도 서귀포시,제주특별자치도 서귀포시 성산읍 서성일로 689-21,33.42948623,126.8551274,제주해양동물박물관을(를) 배경으로 관람 전후 동화를 만들 수 있다.,관람 전 예습 동화와 방문 후 기념 동화책 배경,전시실에서 마음에 드는 작품이나 물건을 찾아 가족과 이야기하기,5-7;8-10,박물관;미술관;제주해양동물박물관,제주해양동물박물관,사립,제주특별자치도 서귀포시 성산읍 서성일로 689-21,,064-782-3711,제주해양동물박물관,http://www.jejumarineanimal.com,,09:00,18:00,09:00,18:00,수,10000,9000,8000,단체 관람 시 할인+도민할인,,,064-710-3323,제주특별자치도 문화정책과,2025-09-01,6500000,제주특별자치도
전국박물관미술관정보표준데이터,https://www.data.go.kr/data/15017323/standard.do,2025-09-01,place,소인국테마파크전시관,사립,제주특별자치도 서귀포시,제주특별자치도 서귀포시 안덕면 화순서동로 347,33.28128615,126.3303816,소인국테마파크전시관을(를) 배경으로 관람 전후 동화를 만들 수 있다.,관람 전 예습 동화와 방문 후 기념 동화책 배경,전시실에서 마음에 드는 작품이나 물건을 찾아 가족과 이야기하기,5-7;8-10,박물관;미술관;소인국테마파크전시관,소인국테마파크전시관,사립,제주특별자치도 서귀포시 안덕면 화순서동로 347,,064-794-5400,㈜소인국테마파크,www.soingook.com,,09:00,18:00,09:00,18:00,연중무휴,7000,6000,5000,도민할인,,,064-710-3323,제주특별자치도 문화정책과,2025-09-01,6500000,제주특별자치도
전국박물관미술관정보표준데이터,https://www.data.go.kr/data/15017323/standard.do,2025-09-01,place,SOS박물관 / 휴관,사립,제주특별자치도 서귀포시,제주특별자치도 서귀포시 월드컵로 31,33.24706746,126.5073626,SOS박물관 / 휴관을(를) 배경으로 관람 전후 동화를 만들 수 있다.,관람 전 예습 동화와 방문 후 기념 동화책 배경,전시실에서 마음에 드는 작품이나 물건을 찾아 가족과 이야기하기,5-7;8-10,박물관;미술관;SOS박물관;/;휴관,SOS박물관 / 휴관,사립,제주특별자치도 서귀포시 월드컵로 31,,064-739-7707,SOS박물관,http://seriworld.co.kr/index.php?mid=KR03,,10:00,17:00,10:00,17:00,월,12000,10000,8000,,,,064-710-3323,제주특별자치도 문화정책과,2025-09-01,6500000,제주특별자치도
전국박물관미술관정보표준데이터,https://www.data.go.kr/data/15017323/standard.do,2025-09-01,place,일출랜드식물원,사립,제주특별자치도 서귀포시,제주특별자치도 서귀포시 성산읍 중산간동로 4150-30,33.38499937,126.8398599,일출랜드식물원을(를) 배경으로 관람 전후 동화를 만들 수 있다.,관람 전 예습 동화와 방문 후 기념 동화책 배경,전시실에서 마음에 드는 작품이나 물건을 찾아 가족과 이야기하기,5-7;8-10,박물관;미술관;일출랜드식물원,일출랜드식물원,사립,제주특별자치도 서귀포시 성산읍 중산간동로 4150-30,,064-784-2080,㈜삼영관광,http://www.ilchulland.com/,,09:00,18:00,09:00,18:00,연중무휴,12000,8000,7000,단체 관람 시 할인+도민할인,,,064-710-3323,제주특별자치도 문화정책과,2025-09-01,6500000,제주특별자치도
전국박물관미술관정보표준데이터,https://www.data.go.kr/data/15017323/standard.do,2025-09-01,place,제주허브동산,사립,제주특별자치도 서귀포시,제주특별자치도 서귀포시 표선면 돈오름로 170,33.32912416,126.8147261,제주허브동산을(를) 배경으로 관람 전후 동화를 만들 수 있다.,관람 전 예습 동화와 방문 후 기념 동화책 배경,전시실에서 마음에 드는 작품이나 물건을 찾아 가족과 이야기하기,5-7;8-10,박물관;미술관;제주허브동산,제주허브동산,사립,제주특별자치도 서귀포시 표선면 돈오름로 170,,064-787-7362,제주허브동산,http://www.herbdongsan.com/,,09:00,22:00,09:00,22:00,연중무휴,13000,11000,10000,도민할인,,,064-710-3323,제주특별자치도 문화정책과,2025-09-01,6500000,제주특별자치도
전국박물관미술관정보표준데이터,https://www.data.go.kr/data/15017323/standard.do,2025-09-01,place,휴애리,사립,제주특별자치도 서귀포시,제주특별자치도 서귀포시 남원읍 신례동로 256,33.30853475,126.6343808,휴애리을(를) 배경으로 관람 전후 동화를 만들 수 있다.,관람 전 예습 동화와 방문 후 기념 동화책 배경,전시실에서 마음에 드는 작품이나 물건을 찾아 가족과 이야기하기,5-7;8-10,박물관;미술관;휴애리,휴애리,사립,제주특별자치도 서귀포시 남원읍 신례동로 256,,064-732-2114,휴애리,http://hueree.com/index.php,,09:00,18:00,09:00,18:00,연중무휴,13000,11000,10000,단체 관람 시 할인+도민할인,,,064-710-3323,제주특별자치도 문화정책과,2025-09-01,6500000,제주특별자치도
전국박물관미술관정보표준데이터,https://www.data.go.kr/data/15017323/standard.do,2025-09-01,place,소암기념관,공립,제주특별자치도 서귀포시,제주특별자치도 서귀포시 소암로 15,33.2451236,126.5674212,소암기념관을(를) 배경으로 관람 전후 동화를 만들 수 있다.,관람 전 예습 동화와 방문 후 기념 동화책 배경,전시실에서 마음에 드는 작품이나 물건을 찾아 가족과 이야기하기,5-7;8-10,박물관;미술관;소암기념관,소암기념관,공립,제주특별자치도 서귀포시 소암로 15,,064-760-3511,소암기념관,http://culture.seogwipo.go.kr/soam/,,09:00,18:00,09:00,18:00,월,0,0,0,,,,064-710-3323,제주특별자치도 문화정책과,2025-09-01,6500000,제주특별자치도
전국박물관미술관정보표준데이터,https://www.data.go.kr/data/15017323/standard.do,2025-09-01,place,루나폴,사립,제주특별자치도 서귀포시,제주특별자치도 서귀포시 안덕면 일주서로 1836,33.2541298,126.3222874,루나폴을(를) 배경으로 관람 전후 동화를 만들 수 있다.,관람 전 예습 동화와 방문 후 기념 동화책 배경,전시실에서 마음에 드는 작품이나 물건을 찾아 가족과 이야기하기,5-7;8-10,박물관;미술관;루나폴,루나폴,사립,제주특별자치도 서귀포시 안덕면 일주서로 1836,,064-794-9680,루나폴,https://www.instagram.com/lunafall_jeju,,20:30,23:59,20:30,23:59,연중무휴,22000,20000,17000,도민할인+경로(65세이상)할인,,,064-710-3323,제주특별자치도 문화정책과,2025-09-01,6500000,제주특별자치도
전국박물관미술관정보표준데이터,https://www.data.go.kr/data/15017323/standard.do,2025-09-01,place,한라디지털아트뮤지엄,대학,제주특별자치도 제주시,제주특별자치도 제주시 한라대학로38,33.47678976,126.4741519,한라디지털아트뮤지엄을(를) 배경으로 관람 전후 동화를 만들 수 있다.,관람 전 예습 동화와 방문 후 기념 동화책 배경,전시실에서 마음에 드는 작품이나 물건을 찾아 가족과 이야기하기,5-7;8-10,박물관;미술관;한라디지털아트뮤지엄,한라디지털아트뮤지엄,대학,제주특별자치도 제주시 한라대학로38,,064-741-1666,한라디지털아트뮤지엄,https://halladigitalartmuseum.com/,,10:00,19:00,10:00,19:00,연중무휴,15000,13000,10000,"아동8,0000 영유아(36개월미만)무료 도민각요금 2,000할인",,,064-710-3323,제주특별자치도 문화정책과,2025-09-01,6500000,제주특별자치도
전국박물관미술관정보표준데이터,https://www.data.go.kr/data/15017323/standard.do,2025-09-16,place,칠곡호국평화기념관,공립,경상북도 칠곡군,경상북도 칠곡군 석적읍 강변대로 1580,36.0179177,128.404032,6·25전쟁 전문박물관,관람 전 예습 동화와 방문 후 기념 동화책 배경,전시실에서 마음에 드는 작품이나 물건을 찾아 가족과 이야기하기,5-7;8-10,박물관;미술관;칠곡호국평화기념관;6·25전쟁;전문박물관,칠곡호국평화기념관,공립,경상북도 칠곡군 석적읍 강변대로 1580,경상북도 칠곡군 석적읍 중지리 산33,054-979-5512,칠곡군시설관리사업소,https://www.chilgok.go.kr/chppm,"푸드코트, 북카페, 매점",09:00,18:00,09:00,18:00,"매주 월요일(월요일이 공휴일인 경우 공휴일 다음 첫 번째 평일), 설날 및 추석 당일, 1월 1일",0,0,0,무료,6·25전쟁 전문박물관,,054-979-5512,칠곡군시설관리사업소,2025-09-16,5220000,경상북도 칠곡군
전국박물관미술관정보표준데이터,https://www.data.go.kr/data/15017323/standard.do,2025-09-16,place,경북과학대학교박물관,대학,경상북도 칠곡군,경상북도 칠곡군 기산면 지산로 463,35.993495,128.3366433,경북과학대학교박물관을(를) 배경으로 관람 전후 동화를 만들 수 있다.,관람 전 예습 동화와 방문 후 기념 동화책 배경,전시실에서 마음에 드는 작품이나 물건을 찾아 가족과 이야기하기,5-7;8-10,박물관;미술관;경북과학대학교박물관,경북과학대학교박물관,대학,경상북도 칠곡군 기산면 지산로 463,경상북도 칠곡군 기산면 봉산리 622-3,054-972-9796,경북과학대학교,http://kmuseum.kbsc.ac.kr,,09:00,18:00,00:00,00:00,"국, 공휴일",0,0,0,체험료 별도,,,054-972-9796,경북과학대학교,2025-09-16,5220000,경상북도 칠곡군
전국박물관미술관정보표준데이터,https://www.data.go.kr/data/15017323/standard.do,2025-09-16,place,안다미로귀때박물관,사립,경상북도 칠곡군,경상북도 칠곡군 기산면 강정길 47-10,35.98393601,128.3842314,안다미로귀때박물관을(를) 배경으로 관람 전후 동화를 만들 수 있다.,관람 전 예습 동화와 방문 후 기념 동화책 배경,전시실에서 마음에 드는 작품이나 물건을 찾아 가족과 이야기하기,5-7;8-10,박물관;미술관;안다미로귀때박물관,안다미로귀때박물관,사립,경상북도 칠곡군 기산면 강정길 47-10,경상북도 칠곡군 기산면 죽전리 241-3,070-7581-0747,안다미로귀때박물관,http://blog.naver.com/ysroadsun,,09:00,18:00,09:00,18:00,연중무휴,0,0,0,체험료 별도,,,070-7581-0747,안다미로귀때박물관,2025-09-16,5220000,경상북도 칠곡군
전국박물관미술관정보표준데이터,https://www.data.go.kr/data/15017323/standard.do,2025-09-15,place,경주솔거미술관,공립,경상북도 경주시,경상북도 경주시 경감로614,35.83225413,129.288868,경주솔거미술관을(를) 배경으로 관람 전후 동화를 만들 수 있다.,관람 전 예습 동화와 방문 후 기념 동화책 배경,전시실에서 마음에 드는 작품이나 물건을 찾아 가족과 이야기하기,5-7;8-10,박물관;미술관;경주솔거미술관,경주솔거미술관,공립,경상북도 경주시 경감로614,,054-740-3990,(재)문화엑스포,https://www.gjsam.or.kr/ko/,,10:00,18:00,10:00,18:00,연중무휴,12000,10000,10000,,,,054-740-3990,(재)문화엑스포,2025-09-15,5050000,경상북도 경주시
전국박물관미술관정보표준데이터,https://www.data.go.kr/data/15017323/standard.do,2025-09-15,place,경주예술의전당알천미술관,공립,경상북도 경주시,경상북도 경주시 알천북로 1,35.86235686,129.205958,경주예술의전당알천미술관을(를) 배경으로 관람 전후 동화를 만들 수 있다.,관람 전 예습 동화와 방문 후 기념 동화책 배경,전시실에서 마음에 드는 작품이나 물건을 찾아 가족과 이야기하기,5-7;8-10,박물관;미술관;경주예술의전당알천미술관,경주예술의전당알천미술관,공립,경상북도 경주시 알천북로 1,,1588-4925,(재)경주문화재단,https://garts.kr/,,10:00,18:00,10:00,18:00,"매주 월요일, 1월 1일, 설날, 추석",5000,3000,3000,,,,1588-4925,(재)경주문화재단,2025-09-15,5050000,경상북도 경주시
전국박물관미술관정보표준데이터,https://www.data.go.kr/data/15017323/standard.do,2025-09-15,place,우양미술관,사립,경상북도 경주시,경상북도 경주시 보문로 484-7,35.8399144,129.2859499,우양미술관을(를) 배경으로 관람 전후 동화를 만들 수 있다.,관람 전 예습 동화와 방문 후 기념 동화책 배경,전시실에서 마음에 드는 작품이나 물건을 찾아 가족과 이야기하기,5-7;8-10,박물관;미술관;우양미술관,우양미술관,사립,경상북도 경주시 보문로 484-7,,054-745-7075,우양산업개발㈜,http://www.wooyangmuseum.org,,10:00,18:00,10:00,18:00,"1월1일, 설날, 추석",15000,12000,10000,,,,054-745-7075,우양산업개발㈜,2025-09-15,5050000,경상북도 경주시
전국박물관미술관정보표준데이터,https://www.data.go.kr/data/15017323/standard.do,2025-09-15,place,경주바니베어박물관,사립,경상북도 경주시,경상북도 경주시 보문로 280-34,35.8518937,129.2734577,경주바니베어박물관을(를) 배경으로 관람 전후 동화를 만들 수 있다.,관람 전 예습 동화와 방문 후 기념 동화책 배경,전시실에서 마음에 드는 작품이나 물건을 찾아 가족과 이야기하기,5-7;8-10,박물관;미술관;경주바니베어박물관,경주바니베어박물관,사립,경상북도 경주시 보문로 280-34,,054-746-1991,경주바니베어박물관,https://cafe.naver.com/bbmuseum,,10:00,19:00,10:00,19:00,연중무휴,12000,11000,10000,체험은 유료또는무료,,,054-746-1991,㈜바니베어뮤지엄,2025-09-15,5050000,경상북도 경주시
전국박물관미술관정보표준데이터,https://www.data.go.kr/data/15017323/standard.do,2025-09-15,place,경주세계자동차박물관,사립,경상북도 경주시,경상북도 경주시 보문로 132-22,35.85210632,129.2685489,경주세계자동차박물관을(를) 배경으로 관람 전후 동화를 만들 수 있다.,관람 전 예습 동화와 방문 후 기념 동화책 배경,전시실에서 마음에 드는 작품이나 물건을 찾아 가족과 이야기하기,5-7;8-10,박물관;미술관;경주세계자동차박물관,경주세계자동차박물관,사립,경상북도 경주시 보문로 132-22,,054-742-8900,경주세계자동차박물관,http://carmuseum.co.kr/,,10:00,18:00,10:00,18:00,연중무휴,9900,8000,6600,,,,054-742-8900,경주세계자동차박물관,2025-09-15,5050000,경상북도 경주시
전국박물관미술관정보표준데이터,https://www.data.go.kr/data/15017323/standard.do,2025-09-15,place,한국대중음악박물관,사립,경상북도 경주시,경상북도 경주시 엑스포로 9(신평동),35.84034131,129.2888924,한국대중음악박물관을(를) 배경으로 관람 전후 동화를 만들 수 있다.,관람 전 예습 동화와 방문 후 기념 동화책 배경,전시실에서 마음에 드는 작품이나 물건을 찾아 가족과 이야기하기,5-7;8-10,박물관;미술관;한국대중음악박물관,한국대중음악박물관,사립,경상북도 경주시 엑스포로 9(신평동),,054-776-5502,한국대중음악박물관,http://www.kpopmuseum.com/,,10:00,18:00,10:00,18:00,"매주 월,화",15000,10000,8000,,,,054-776-5502,한국대중음악박물관,2025-09-15,5050000,경상북도 경주시
전국박물관미술관정보표준데이터,https://www.data.go.kr/data/15017323/standard.do,2025-09-15,place,불국사박물관,사립,경상북도 경주시,경상북도 경주시 불국로 385,35.7923038,129.3317233,불국사박물관을(를) 배경으로 관람 전후 동화를 만들 수 있다.,관람 전 예습 동화와 방문 후 기념 동화책 배경,전시실에서 마음에 드는 작품이나 물건을 찾아 가족과 이야기하기,5-7;8-10,박물관;미술관;불국사박물관,불국사박물관,사립,경상북도 경주시 불국로 385,,054-745-8911,불국사박물관,http://www.bulguksa.or.kr/,,09:00,17:00,09:00,17:00,"매주 월요일, 1월 1일, 설날, 추석",2000,1000,1000,,,,054-745-8911,대한불교조계종불국사,2025-09-15,5050000,경상북도 경주시
전국박물관미술관정보표준데이터,https://www.data.go.kr/data/15017323/standard.do,2025-09-15,place,동국대학교경주캠퍼스박물관,대학,경상북도 경주시,경상북도 경주시 동대로 123,35.86479343,129.1910293,동국대학교경주캠퍼스박물관을(를) 배경으로 관람 전후 동화를 만들 수 있다.,관람 전 예습 동화와 방문 후 기념 동화책 배경,전시실에서 마음에 드는 작품이나 물건을 찾아 가족과 이야기하기,5-7;8-10,박물관;미술관;동국대학교경주캠퍼스박물관,동국대학교경주캠퍼스박물관,대학,경상북도 경주시 동대로 123,,054-770-2462,동국대학교경주캠퍼스,https://museum.dongguk.ac.kr/,,10:00,16:00,00:00,00:00,"주말, 공휴일",0,0,0,,,,054-770-2462,동국대학교경주캠퍼스,2025-09-15,5050000,경상북도 경주시
전국박물관미술관정보표준데이터,https://www.data.go.kr/data/15017323/standard.do,2025-09-15,place,경주대박물관,대학,경상북도 경주시,경상북도 경주시 태종로 188,35.829283,129.1632401,경주대박물관을(를) 배경으로 관람 전후 동화를 만들 수 있다.,관람 전 예습 동화와 방문 후 기념 동화책 배경,전시실에서 마음에 드는 작품이나 물건을 찾아 가족과 이야기하기,5-7;8-10,박물관;미술관;경주대박물관,경주대박물관,대학,경상북도 경주시 태종로 188,,054-770-5081,경주대학교박물관,https://www.gu.ac.kr/07_introduction/05_uniOrga_03_04.html,,10:00,16:00,00:00,00:00,"토,일,공휴일",0,0,0,,,,054-770-5081,경주대학교박물관,2025-09-15,5050000,경상북도 경주시
전국박물관미술관정보표준데이터,https://www.data.go.kr/data/15017323/standard.do,2025-09-15,place,양림미술관,공립,광주광역시 남구,광주광역시 남구 제중로 70,35.140554,126.912967,양림미술관을(를) 배경으로 관람 전후 동화를 만들 수 있다.,관람 전 예습 동화와 방문 후 기념 동화책 배경,전시실에서 마음에 드는 작품이나 물건을 찾아 가족과 이야기하기,5-7;8-10,박물관;미술관;양림미술관,양림미술관,공립,광주광역시 남구 제중로 70,광주광역시 남구 양림동 108-1,062-607-2315,광주광역시 남구청,blog.naver.com/yangrimart,,10:00,18:00,10:00,18:00,월+신정+설날+추석,0,0,0,,,,062-607-2315,광주광역시 남구청,2025-09-15,3610000,광주광역시 남구
전국박물관미술관정보표준데이터,https://www.data.go.kr/data/15017323/standard.do,2025-09-15,place,이강하 미술관,공립,광주광역시 남구,광주광역시 남구 3·1만세운동길 6,35.136907,126.915665,이강하 미술관을(를) 배경으로 관람 전후 동화를 만들 수 있다.,관람 전 예습 동화와 방문 후 기념 동화책 배경,전시실에서 마음에 드는 작품이나 물건을 찾아 가족과 이야기하기,5-7;8-10,박물관;미술관;이강하,이강하 미술관,공립,광주광역시 남구 3·1만세운동길 6,광주광역시 남구 양림동 285-1,062-674-8515,(사)이강하기념사업회,lkh-artmuseum.com,,10:00,18:00,10:00,18:00,월+신정+설날+추석,0,0,0,,,,062-607-2331,이강하 미술관,2025-09-15,3610000,광주광역시 남구
전국박물관미술관정보표준데이터,https://www.data.go.kr/data/15017323/standard.do,2025-08-31,place,인천광역시립박물관,공립,인천광역시 연수구,인천광역시 연수구 청량로160번길 26,37.42070925,126.6531798,"인천광역시립박물관은 1946년 4월 개관한 우리나라 최초의 공립박물관으로 인천지역의 향토사와 문화유산을 조사, 연구하고 그 결과를 시민들에게 공개하여, 시민들을 위한 시민들의 공간으로 만들자는 취지로 설립되었습니다.",관람 전 예습 동화와 방문 후 기념 동화책 배경,전시실에서 마음에 드는 작품이나 물건을 찾아 가족과 이야기하기,5-7;8-10,박물관;미술관;인천광역시립박물관;인천광역시립박물관은;1946년;4월;개관한;우리나라;최초의;공립박물관으로;인천지역의;향토사와,인천광역시립박물관,공립,인천광역시 연수구 청량로160번길 26,인천광역시 연수구 옥련동 525,032-440-6750,인천광역시립박물관,http://museum.incheon.go.kr,,09:00,18:00,09:00,18:00,"매주 월요일(단, 공휴일인 경우 제외)+공휴일 다음날+1월1일",0,0,0,,"인천광역시립박물관은 1946년 4월 개관한 우리나라 최초의 공립박물관으로 인천지역의 향토사와 문화유산을 조사, 연구하고 그 결과를 시민들에게 공개하여, 시민들을 위한 시민들의 공간으로 만들자는 취지로 설립되었습니다.","시내버스 8번, 16번,  65-1번, 523번(마을버스) 이용 축현초등학교 하차후 도보 5분",032-440-6750,인천광역시립박물관,2025-08-31,3520000,인천광역시 연수구
전국박물관미술관정보표준데이터,https://www.data.go.kr/data/15017323/standard.do,2025-08-31,place,가천박물관,사립,인천광역시 연수구,인천광역시 연수구 청량로102번길 40-9,37.41847997,126.6576026,"가천박물관은 (재)가천문화재단 부속기관으로, 한국의료생활사 전문 박물관이다. 가천길재단의 설립자인 이길여 박사의 ‘박애, 봉사, 애국’의 정신을 실천하고, 가천대 길병원을 아껴준 인천시민들의 사랑에 보답하기 위하여 1995년 10월 31일에 설립되었다.",관람 전 예습 동화와 방문 후 기념 동화책 배경,전시실에서 마음에 드는 작품이나 물건을 찾아 가족과 이야기하기,5-7;8-10,박물관;미술관;가천박물관;가천박물관은;(재)가천문화재단;부속기관으로;한국의료생활사;전문;박물관이다.;가천길재단의;설립자인;이길여,가천박물관,사립,인천광역시 연수구 청량로102번길 40-9,인천광역시 연수구 옥련동 567-22,032-833-4747,가천문화재단,https://www.gachonmuseum.or.kr/,,09:00,17:00,09:00,17:00,월요일+1월 1일+설날당일+추석 당일,0,0,0,,"가천박물관은 (재)가천문화재단 부속기관으로, 한국의료생활사 전문 박물관이다. 가천길재단의 설립자인 이길여 박사의 ‘박애, 봉사, 애국’의 정신을 실천하고, 가천대 길병원을 아껴준 인천시민들의 사랑에 보답하기 위하여 1995년 10월 31일에 설립되었다.",인천지하철 동막역에서 하차 → 6. 6-1번을 이용하여 송도유원지 앞 하차 → 도보로 15분,032-833-4747,가천문화재단,2025-08-31,3520000,인천광역시 연수구
전국박물관미술관정보표준데이터,https://www.data.go.kr/data/15017323/standard.do,2025-08-31,place,국립세계문자박물관,국립,인천광역시 연수구,인천광역시 연수구 센트럴로 217,37.394639,126.6381068,"국립세계문자박물관은 10년이라는 오랜 준비 과정 끝에 2023년 6월 인천 송도에 문을 열었습니다. 우리 박물관은 인류의 가장 위대한 발명품인 문자에 특화된 전문 박물관입니다. 문자 전문 박물관으로는 프랑스 샹폴리옹세계문자박물관, 중국문자박물관에 이은 세계 세 번째 박물관입니다.",관람 전 예습 동화와 방문 후 기념 동화책 배경,전시실에서 마음에 드는 작품이나 물건을 찾아 가족과 이야기하기,5-7;8-10,박물관;미술관;국립세계문자박물관;국립세계문자박물관은;10년이라는;오랜;준비;과정;끝에;2023년;6월;인천,국립세계문자박물관,국립,인천광역시 연수구 센트럴로 217,인천광역시 연수구 송도동 24-8,032-290-2000,국립세계문자박물관,https://www.mow.or.kr/kor/index.do,,10:00,18:00,10:00,18:00,월요일+1월 1일+설날당일+추석 당일,0,0,0,,"국립세계문자박물관은 10년이라는 오랜 준비 과정 끝에 2023년 6월 인천 송도에 문을 열었습니다. 우리 박물관은 인류의 가장 위대한 발명품인 문자에 특화된 전문 박물관입니다. 문자 전문 박물관으로는 프랑스 샹폴리옹세계문자박물관, 중국문자박물관에 이은 세계 세 번째 박물관입니다.",,032-290-2000,국립세계문자박물관,2025-08-31,3520000,인천광역시 연수구
전국박물관미술관정보표준데이터,https://www.data.go.kr/data/15017323/standard.do,2025-09-11,place,안상철미술관,사립,경기도 양주시,경기도 양주시 백석읍 권율로 905,37.77840046,126.956991,연정 안상철과 더불어 화가로 활동하신 부인 나희균의 예술세계를 널리 알리고 한국미술사에서 적절한 위상을 정립하기 위함,관람 전 예습 동화와 방문 후 기념 동화책 배경,전시실에서 마음에 드는 작품이나 물건을 찾아 가족과 이야기하기,5-7;8-10,박물관;미술관;안상철미술관;연정;안상철과;더불어;화가로;활동하신;부인;나희균의;예술세계를;널리,안상철미술관,사립,경기도 양주시 백석읍 권율로 905,경기도 양주시 백석읍 기산리 215-3,031-874-0734,안상철미술관,,,11:00,17:00,11:00,17:00,월+1월1일+설 연휴+추석 연휴+동절기(12월15일~다음해 3월15일),3000,1000,0,미취학아동 및 65세이상 무료 관람,연정 안상철과 더불어 화가로 활동하신 부인 나희균의 예술세계를 널리 알리고 한국미술사에서 적절한 위상을 정립하기 위함,,031-874-0734,안상철미술관,2025-09-11,5590000,경기도 양주시
전국박물관미술관정보표준데이터,https://www.data.go.kr/data/15017323/standard.do,2025-09-11,place,필룩스조명박물관,사립,경기도 양주시,경기도 양주시 광적면 광적로 235-48,37.83609614,126.9675329,"빛의 과거와 현재, 미래가 공존하는 곳 조명박물관입니다",관람 전 예습 동화와 방문 후 기념 동화책 배경,전시실에서 마음에 드는 작품이나 물건을 찾아 가족과 이야기하기,5-7;8-10,박물관;미술관;필룩스조명박물관;빛의;과거와;현재;미래가;공존하는;곳;조명박물관입니다,필룩스조명박물관,사립,경기도 양주시 광적면 광적로 235-48,경기도 양주시 광적면 석우리 633,070-7780-8911,필룩스조명박물관,http://www.lighting-museum.com/,,10:00,17:00,10:00,17:00,1월1일+설 연휴+추석 연휴+필룩스 창립기념일(6.20),5000,4000,4000,36개월 미만 및 65세 이상 무료 입장,"빛의 과거와 현재, 미래가 공존하는 곳 조명박물관입니다",,070-7780-8911,필룩스조명박물관,2025-09-11,5590000,경기도 양주시
전국박물관미술관정보표준데이터,https://www.data.go.kr/data/15017323/standard.do,2025-09-11,place,청암박물관,사립,경기도 양주시,경기도 양주시 장흥면 권율로 83-5,37.722055,126.945774,"청암박물관은 과거와 현재 그리고 미래가, 사람과 자연이 어우러져 하나됨이 기쁜 곳입니다.",관람 전 예습 동화와 방문 후 기념 동화책 배경,전시실에서 마음에 드는 작품이나 물건을 찾아 가족과 이야기하기,5-7;8-10,박물관;미술관;청암박물관;청암박물관은;과거와;현재;그리고;미래가;사람과;자연이;어우러져;하나됨이,청암박물관,사립,경기도 양주시 장흥면 권율로 83-5,"경기도 양주시 장흥면 일영리 36-7, (장흥관광지 입구)",031-855-5100,청암박물관,http://www.cheong-am.co.kr/ca01_Introduction.html,,10:00,18:00,10:00,18:00,월(첫째+셋째+넷째 주),5000,5000,3000,어린이 기준(3세 이상),"청암박물관은 과거와 현재 그리고 미래가, 사람과 자연이 어우러져 하나됨이 기쁜 곳입니다.",,031-855-5100,청암박물관,2025-09-11,5590000,경기도 양주시
전국박물관미술관정보표준데이터,https://www.data.go.kr/data/15017323/standard.do,2025-09-11,place,양주시립장욱진미술관,공립,경기도 양주시,경기도 양주시 장흥면 권율로 193,37.73281632,126.9492504,"양주시립장욱진미술관은 한국 근현대미술을 대표하는 장욱진의 업적과 정신을 기리며, 한국현대미술의 발전에 이바지하는 미술작품과 자료를 전시, 연구, 수집을 목적으로 합니다.",관람 전 예습 동화와 방문 후 기념 동화책 배경,전시실에서 마음에 드는 작품이나 물건을 찾아 가족과 이야기하기,5-7;8-10,박물관;미술관;양주시립장욱진미술관;양주시립장욱진미술관은;한국;근현대미술을;대표하는;장욱진의;업적과;정신을;기리며;한국현대미술의,양주시립장욱진미술관,공립,경기도 양주시 장흥면 권율로 193,경기도 양주시 장흥면 석현리 산1,031-8082-4245,양주시립장욱진미술관,http://changucchin.yangju.go.kr/,,10:00,18:00,10:00,18:00,월+1월 1일+설 당일+추석 당일,5000,1000,1000,50프로할인(양주시민(신분증 소지자))+무료(7세 이하+65세 이상+국가유공자+장애인(1~3등급)),"양주시립장욱진미술관은 한국 근현대미술을 대표하는 장욱진의 업적과 정신을 기리며, 한국현대미술의 발전에 이바지하는 미술작품과 자료를 전시, 연구, 수집을 목적으로 합니다.",,031-8082-4245,양주시립장욱진미술관,2025-09-11,5590000,경기도 양주시
전국박물관미술관정보표준데이터,https://www.data.go.kr/data/15017323/standard.do,2025-09-11,place,가나아트파크,사립,경기도 양주시,경기도 양주시 장흥면 권율로 117,37.72583554,126.9493324,전시와 체험이 어우러진 프로그램을 통해 가족이 함께 참여하고 소통할 수 있는 가나아트파크에는 예술-자연-인간이 공존합니다. 가족 단위 나들이에서부터 본격적인 문화체험에 이르기까지 다양한 활용이 가능한 가나아트파크에서 신선한 문화 체험과 감동을 느껴보시기 바랍니다.,관람 전 예습 동화와 방문 후 기념 동화책 배경,전시실에서 마음에 드는 작품이나 물건을 찾아 가족과 이야기하기,5-7;8-10,박물관;미술관;가나아트파크;전시와;체험이;어우러진;프로그램을;통해;가족이;함께;참여하고;소통할,가나아트파크,사립,경기도 양주시 장흥면 권율로 117,경기도 양주시 장흥면 일영리 6-7,031-877-0500,가나아트파크,http://www.artpark.co.kr/,,10:30,18:00,10:30,18:00,월,9000,8000,8000,50프로할인(65세이상+장애인+국가유공자)+무료(24개월 미만),전시와 체험이 어우러진 프로그램을 통해 가족이 함께 참여하고 소통할 수 있는 가나아트파크에는 예술-자연-인간이 공존합니다. 가족 단위 나들이에서부터 본격적인 문화체험에 이르기까지 다양한 활용이 가능한 가나아트파크에서 신선한 문화 체험과 감동을 느껴보시기 바랍니다.,,031-877-0500,가나아트파크,2025-09-11,5590000,경기도 양주시
전국박물관미술관정보표준데이터,https://www.data.go.kr/data/15017323/standard.do,2025-09-11,place,양주시립회암사지박물관,공립,경기도 양주시,경기도 양주시 회암사길 11,37.841241,127.102912,회암동 천보산 자락에 위치한 회암사는 유교사회를 지향했던 조선시대에 왕실의 적극적 후원을 입은 조선최대의 왕실사찰로서 한국 불교사에서 중요한 자리를 차지,관람 전 예습 동화와 방문 후 기념 동화책 배경,전시실에서 마음에 드는 작품이나 물건을 찾아 가족과 이야기하기,5-7;8-10,박물관;미술관;양주시립회암사지박물관;회암동;천보산;자락에;위치한;회암사는;유교사회를;지향했던;조선시대에;왕실의,양주시립회암사지박물관,공립,경기도 양주시 회암사길 11,경기도 양주시 율정동 299-1,031-8082-4187,양주시회암사지박물관,https://www.yangju.go.kr/museum/index.do,,09:00,17:00,09:00,17:00,월+1월 1일+설 연휴+추석 연휴,2000,1500,1000,7세 이하 및 65세 이상 무료,회암동 천보산 자락에 위치한 회암사는 유교사회를 지향했던 조선시대에 왕실의 적극적 후원을 입은 조선최대의 왕실사찰로서 한국 불교사에서 중요한 자리를 차지,,031-8082-4187,양주시립회암사지박물관,2025-09-11,5590000,경기도 양주시
전국박물관미술관정보표준데이터,https://www.data.go.kr/data/15017323/standard.do,2025-08-29,place,홍주성역사관,공립,충청남도 홍성군,충청남도 홍성군 홍성읍 아문길 20,36.60019715,126.660951,홍성 홍주읍성(사적 231호) 내 위치하고 있으며 전면적 7199.17㎡ 및 연면적 1669㎡ 로 구성되어 있다. 홍성과 충남 내포지역의 특색 있는 역사와 문화ㆍ관련 유적 및 유물을 소재로 전시를 하고 있다. 박물관이 홍주읍성 내에 위치하고 있고 주변에 옛 홍주목 관련 흔적들이 남아 있어 전시와 연계한 볼거리가 마련되어 있다.,관람 전 예습 동화와 방문 후 기념 동화책 배경,전시실에서 마음에 드는 작품이나 물건을 찾아 가족과 이야기하기,5-7;8-10,박물관;미술관;홍주성역사관;홍성;홍주읍성(사적;231호);내;위치하고;있으며;전면적;7199.17㎡;및,홍주성역사관,공립,충청남도 홍성군 홍성읍 아문길 20,충청남도 홍성군 홍성읍 오관리 105-2,041-630-9219,홍성군 역사문화시설관리사업소,https://www.hongseong.go.kr/history/,,09:00,18:00,09:00,18:00,월+1월 1일+설 연휴+추석 연휴,0,0,0,,홍성 홍주읍성(사적 231호) 내 위치하고 있으며 전면적 7199.17㎡ 및 연면적 1669㎡ 로 구성되어 있다. 홍성과 충남 내포지역의 특색 있는 역사와 문화ㆍ관련 유적 및 유물을 소재로 전시를 하고 있다. 박물관이 홍주읍성 내에 위치하고 있고 주변에 옛 홍주목 관련 흔적들이 남아 있어 전시와 연계한 볼거리가 마련되어 있다.,서울→서해안고속도로(홍성IC)→21번국도(홍성방면)→홍주성역사관,041-630-9219,충청남도 홍성군 문화유산과,2025-08-29,4600000,충청남도 홍성군
전국박물관미술관정보표준데이터,https://www.data.go.kr/data/15017323/standard.do,2025-08-29,place,고암이응노생가기념관,공립,충청남도 홍성군,충청남도 홍성군 홍북읍 이응노로 61-7,36.62232152,126.6316653,고암 이응노 생가기념관은 이응노가 탄생하고 유년을 보냈다는 충남 홍성군 홍북읍 중계리의 낮은 산자락 끝에 자리 잡고 있다. 고암 이응노 생가기념관은 대지 면적 2만여㎡ 및 건축 면적 1천여㎡로 전시 홀ㆍ북카페ㆍ다목적실 등 전시 시설을 중심으로 하는 공간과 초가로 지은 생가ㆍ연밭ㆍ산책로 등을 갖춘 기념관이자 미술관이다. 이응노 개인을 기리고자 마련된 이 생가 기념관은 그 자신이 미술가였기에 기능면에서 전시와 수장 공간이 반드시 필요한 미술관의 성격이 한층 더 강하다. 이런 의미에서 ’’고암 이응노 생가기념관’’은 기념관은 미술관의 측면에서 살펴보아야 할 것이다.,관람 전 예습 동화와 방문 후 기념 동화책 배경,전시실에서 마음에 드는 작품이나 물건을 찾아 가족과 이야기하기,5-7;8-10,박물관;미술관;고암이응노생가기념관;고암;이응노;생가기념관은;이응노가;탄생하고;유년을;보냈다는;충남;홍성군,고암이응노생가기념관,공립,충청남도 홍성군 홍북읍 이응노로 61-7,충청남도 홍성군 홍북읍 중계리 383,041-630-9243,홍성군 역사문화시설관리사업소,https://www.hongseong.go.kr/leeungno/index.do,북카페,09:00,18:00,09:00,18:00,월+1월 1일+설 연휴+추석 연휴,1000,500,0,무료(65세이상+장애인+유공자),고암 이응노 생가기념관은 이응노가 탄생하고 유년을 보냈다는 충남 홍성군 홍북읍 중계리의 낮은 산자락 끝에 자리 잡고 있다. 고암 이응노 생가기념관은 대지 면적 2만여㎡ 및 건축 면적 1천여㎡로 전시 홀ㆍ북카페ㆍ다목적실 등 전시 시설을 중심으로 하는 공간과 초가로 지은 생가ㆍ연밭ㆍ산책로 등을 갖춘 기념관이자 미술관이다. 이응노 개인을 기리고자 마련된 이 생가 기념관은 그 자신이 미술가였기에 기능면에서 전시와 수장 공간이 반드시 필요한 미술관의 성격이 한층 더 강하다. 이런 의미에서 ’’고암 이응노 생가기념관’’은 기념관은 미술관의 측면에서 살펴보아야 할 것이다.,서울→서해안고속도로(홍성IC)→21번국도(홍성방면)→이응노생가기념관,041-630-9243,충청남도 홍성군 문화유산과,2025-08-29,4600000,충청남도 홍성군
전국박물관미술관정보표준데이터,https://www.data.go.kr/data/15017323/standard.do,2025-08-29,place,결성농요농사박물관,공립,충청남도 홍성군,충청남도 홍성군 결성면 구성남로 91,36.53262623,126.5489682,결성 농사박물관은 2004년 3월 3일 개관하였으며 농요와 농사 유물 및 선사유물이 전시되어 농경생활의 변천사를 한눈에 알아보고 체험할수 있다.,관람 전 예습 동화와 방문 후 기념 동화책 배경,전시실에서 마음에 드는 작품이나 물건을 찾아 가족과 이야기하기,5-7;8-10,박물관;미술관;결성농요농사박물관;결성;농사박물관은;2004년;3월;3일;개관하였으며;농요와;농사;유물,결성농요농사박물관,공립,충청남도 홍성군 결성면 구성남로 91,충청남도 홍성군 결성면 읍내리 12-1,041-642-1993,홍성군 역사문화시설관리사업소,,,09:00,18:00,09:00,18:00,월(월요일이 공휴일인 경우 화요일 대체 휴관)+1월 1일+설 연휴+추석 연휴,0,0,0,,결성 농사박물관은 2004년 3월 3일 개관하였으며 농요와 농사 유물 및 선사유물이 전시되어 농경생활의 변천사를 한눈에 알아보고 체험할수 있다.,,000-0000-0000,충청남도 홍성군 문화유산과,2025-08-29,4600000,충청남도 홍성군
전국박물관미술관정보표준데이터,https://www.data.go.kr/data/15017323/standard.do,2025-08-29,place,한국식기박물관,사립,충청남도 홍성군,충청남도 홍성군 장곡면 무한로 957-24,36.49396445,126.7423027,한국식기박물관은 백제 부흥 운동의 마지막 격전지로 가능성이 제기되는 장곡 산성(주류성)과 통일신라시대의 국가 제사를 행한 오서산에 위치하고 있다. 본 박물관은 오랫동안 전수ㆍ수집한 유물을 한약방ㆍ조선시대 문화실ㆍ한국의 토기-고려청자실ㆍ전통부엌 등의 테마별로 전시되어 있다.,관람 전 예습 동화와 방문 후 기념 동화책 배경,전시실에서 마음에 드는 작품이나 물건을 찾아 가족과 이야기하기,5-7;8-10,박물관;미술관;한국식기박물관;한국식기박물관은;백제;부흥;운동의;마지막;격전지로;가능성이;제기되는;장곡,한국식기박물관,사립,충청남도 홍성군 장곡면 무한로 957-24,충청남도 홍성군 장곡면 산성리 265-4,041-642-3833,한국식기박물관,,,10:00,17:00,10:00,17:00,월+토+일,0,0,0,,한국식기박물관은 백제 부흥 운동의 마지막 격전지로 가능성이 제기되는 장곡 산성(주류성)과 통일신라시대의 국가 제사를 행한 오서산에 위치하고 있다. 본 박물관은 오랫동안 전수ㆍ수집한 유물을 한약방ㆍ조선시대 문화실ㆍ한국의 토기-고려청자실ㆍ전통부엌 등의 테마별로 전시되어 있다.,광천+홍성버스터미널(기차역)→옥계방면 시외버스 이용하여 예당큰집 하차,041-630-1696,한국식기박물관,2025-08-29,4600000,충청남도 홍성군
전국박물관미술관정보표준데이터,https://www.data.go.kr/data/15017323/standard.do,2025-09-10,place,시흥역사자료전시관,공립,경기도 시흥시,경기도 시흥시 연성로 13번길 3,37.3904085,126.804756,시흥의 고대부터 현대까지의 문화+ 지역+ 생활 관련 문화재 전시+ 시흥시의 특색을 엿볼수 있는 군자 및 소래염전의 옛 사진과 생활사 자료 전시,관람 전 예습 동화와 방문 후 기념 동화책 배경,전시실에서 마음에 드는 작품이나 물건을 찾아 가족과 이야기하기,5-7;8-10,박물관;미술관;시흥역사자료전시관;시흥의;고대부터;현대까지의;문화+;지역+;생활;관련;문화재;전시+,시흥역사자료전시관,공립,경기도 시흥시 연성로 13번길 3,경기도 시흥시 하중동 875-1,031-317-0827,시흥문화원,http://www.shcc.or.kr,,10:00,17:00,10:00,17:00,월+ 1월1일 + 설날 및 추석연휴,0,0,0,,시흥의 고대부터 현대까지의 문화+ 지역+ 생활 관련 문화재 전시+ 시흥시의 특색을 엿볼수 있는 군자 및 소래염전의 옛 사진과 생활사 자료 전시,(버스) 1+ 11-3+ 26+ 30-7+ 32+ 31-3+ 520+ 530+ 5602+ 61+ 63+ 3200 시흥등기소 하차 후 도보 5분,031-310-6703,경기도 시흥시청,2025-09-10,4010000,경기도 시흥시
전국박물관미술관정보표준데이터,https://www.data.go.kr/data/15017323/standard.do,2025-09-10,place,창조자연사박물관,사립,경기도 시흥시,경기도 시흥시 두문로 71번길 4,37.43371505,126.786468,7200여점의 화석+ 광물+ 곤충표본+ 해양표본+ 동물박제+ 식물표본 등 전시,관람 전 예습 동화와 방문 후 기념 동화책 배경,전시실에서 마음에 드는 작품이나 물건을 찾아 가족과 이야기하기,5-7;8-10,박물관;미술관;창조자연사박물관;7200여점의;화석+;광물+;곤충표본+;해양표본+;동물박제+;식물표본;등;전시,창조자연사박물관,사립,경기도 시흥시 두문로 71번길 4,경기도 시흥시 신천동 184-1,031-435-1009,창조자연사박물관,http://www.cjmuseum.net/,,10:00,17:00,10:00,17:00,월+ 1월1일 + 설날 및 추석연휴,7000,6000,6000,(할인)20인 이상 단체 1000원 할인+ 경로할인 3500원(65세 이상) + (무료)24개월 미만 영유아,7200여점의 화석+ 광물+ 곤충표본+ 해양표본+ 동물박제+ 식물표본 등 전시,(버스) 마을버스 1+ 1-1신천동 한신APT하차 후 도보 10분,031-310-6703,경기도 시흥시청,2025-09-10,4010000,경기도 시흥시
전국박물관미술관정보표준데이터,https://www.data.go.kr/data/15017323/standard.do,2025-09-10,place,소전미술관,사립,경기도 시흥시,경기도 시흥시 소래산길 41,37.4519274,126.785502,한국적 감성을 표현한 분청사기 와 청자+ 불화+ 한국화 등의 미술품 전시,관람 전 예습 동화와 방문 후 기념 동화책 배경,전시실에서 마음에 드는 작품이나 물건을 찾아 가족과 이야기하기,5-7;8-10,박물관;미술관;소전미술관;한국적;감성을;표현한;분청사기;와;청자+;불화+;한국화;등의,소전미술관,사립,경기도 시흥시 소래산길 41,경기도 시흥시 대야동 305-9,031-313-1211,소전재단,http://www.sojeonmuseum.org,,10:00,21:00,10:00,21:00,연중무휴,0,0,0,,한국적 감성을 표현한 분청사기 와 청자+ 불화+ 한국화 등의 미술품 전시,(버스) 31-3+ 31-5+ 31-7+ 31-9+ 61-1 하대야동(두산위브아파트)정류장 하차 후 도보 10분,031-310-6703,경기도 시흥시청,2025-09-10,4010000,경기도 시흥시
전국박물관미술관정보표준데이터,https://www.data.go.kr/data/15017323/standard.do,2025-09-10,place,시흥오이도박물관,공립,경기도 시흥시,경기도 시흥시 오이도로 332,37.33518527,126.6912532,시흥 오이도 조개무덤 + 시흥시 출토 매장유산 + 신석기 시대 해양 문화 전시 및 체험프로그램 운영,관람 전 예습 동화와 방문 후 기념 동화책 배경,전시실에서 마음에 드는 작품이나 물건을 찾아 가족과 이야기하기,5-7;8-10,박물관;미술관;시흥오이도박물관;시흥;오이도;조개무덤;+;시흥시;출토;매장유산;신석기;시대,시흥오이도박물관,공립,경기도 시흥시 오이도로 332,경기도 시흥시 정왕동 2202-6,031-310-3052,경기도 시흥시청,https://oidomuseum.siheung.go.kr/,,10:00,18:00,10:00,18:00,월+ 1월1일 + 설날 및 추석연휴,1000,1000,1000,(할인)단체 및 시흥시민 500 + (무료)36개월 미만+65세 이상+국가유공자+참전유공자+등록 장애인+기초생활수급자+한부모 가족+국민 및 외국사절단,시흥 오이도 조개무덤 + 시흥시 출토 매장유산 + 신석기 시대 해양 문화 전시 및 체험프로그램 운영,(버스) 30-2 + 99-3 + 25 + 21  오이도박물관 정류장 하차 도보 2분,031-310-6703,경기도 시흥시청,2025-09-10,4010000,경기도 시흥시
전국박물관미술관정보표준데이터,https://www.data.go.kr/data/15017323/standard.do,2025-09-01,place,고양어린이박물관,공립,경기도 고양시,경기도 고양시 덕양구 화중로 26,37.62948069,126.8309509,다양한 놀이와 체험을 통해 꿈과 미래를 만나는 어린이박물관,관람 전 예습 동화와 방문 후 기념 동화책 배경,전시실에서 마음에 드는 작품이나 물건을 찾아 가족과 이야기하기,5-7;8-10,박물관;미술관;고양어린이박물관;다양한;놀이와;체험을;통해;꿈과;미래를;만나는;어린이박물관,고양어린이박물관,공립,경기도 고양시 덕양구 화중로 26,경기도 고양시 덕양구 화정동 1003,031-839-0300,고양문화재단,http://www.goyangcm.or.kr,전시실+사무실+교육실+수장고,10:00,17:00,10:00,17:00,월(휴관일인 월요일이 법정 공휴일에 해당하는 경우 다음날 휴관)+1월 1일+설 당일+추석 당일,5000,5000,5000,만36개월 미만+국민 기초수급생활자 및 자녀+한부모가족+장애인+국가유공자+독립유공자+5.18유공자+특수임무유공자+참전유공자+고엽제 후유증 환자+만65세이상 등,다양한 놀이와 체험을 통해 꿈과 미래를 만나는 어린이박물관,지하철 3호선 화정역 2번출구,031-839-0300,경기도 고양시 고양문화재단,2025-09-01,3940000,경기도 고양시
전국박물관미술관정보표준데이터,https://www.data.go.kr/data/15017323/standard.do,2025-09-01,place,아람미술관,공립,경기도 고양시,경기도 고양시 일산동구 중앙로 1286,37.66148641,126.7744561,고양시 최대 규모 미술전시관,관람 전 예습 동화와 방문 후 기념 동화책 배경,전시실에서 마음에 드는 작품이나 물건을 찾아 가족과 이야기하기,5-7;8-10,박물관;미술관;아람미술관;고양시;최대;규모;미술전시관,아람미술관,공립,경기도 고양시 일산동구 중앙로 1286,경기도 고양시 일산동구 마두동 816,031-960-0180,고양문화재단,http://www.artgy.or.kr,전시실+갤러리+카페+ 체험.교육관+수장고,10:00,18:00,10:00,18:00,월+1월 1일+설 당일+추석 당일,10000,8000,8000,상설전시+24개월 미만+만65세 이상+국가유공자+장애인 등 무료+고양시민 할인 등,고양시 최대 규모 미술전시관,지하철 3호선 정발산역 3번출구,1577-7766,경기도 고양시 고양문화재단,2025-09-01,3940000,경기도 고양시
전국박물관미술관정보표준데이터,https://www.data.go.kr/data/15017323/standard.do,2025-09-01,place,고양가와지볍씨박물관,공립,경기도 고양시,경기도 고양시 덕양구 고양대로 1695,37.6497779,126.870086,인류 농경문화의 기원이 되는 재배볍씨가 전시되어 있는 곳,관람 전 예습 동화와 방문 후 기념 동화책 배경,전시실에서 마음에 드는 작품이나 물건을 찾아 가족과 이야기하기,5-7;8-10,박물관;미술관;고양가와지볍씨박물관;인류;농경문화의;기원이;되는;재배볍씨가;전시되어;있는;곳,고양가와지볍씨박물관,공립,경기도 고양시 덕양구 고양대로 1695,경기도 고양시 덕양구 원흥동 471-10,031-968-3399,고양시 농업기술센터,http://www.goyang.go.kr/agr/agr02/agr02_8.jsp,전시실+사무실+수장고,09:30,17:30,00:00,00:00,일+공휴일,0,0,0,,인류 농경문화의 기원이 되는 재배볍씨가 전시되어 있는 곳,지하철 3호선 원흥역 4번 출구,031-8075-4275,경기도 고양시 농업기술센터,2025-09-01,3940000,경기도 고양시
전국박물관미술관정보표준데이터,https://www.data.go.kr/data/15017323/standard.do,2025-09-05,place,부산보건대학교 석파박물관,사립,부산광역시 사하구,부산광역시 사하구 사리로55번길 16(괴정동),35.10672609,128.99723524,옛 선조들이 남긴 유적과 유물을 발굴·수집·조사·연구·보존·교육·전시함으로써 우리전통문화의 우수성과 독창성을 실증하는 역사 자료실,관람 전 예습 동화와 방문 후 기념 동화책 배경,전시실에서 마음에 드는 작품이나 물건을 찾아 가족과 이야기하기,5-7;8-10,박물관;미술관;부산보건대학교;석파박물관;옛;선조들이;남긴;유적과;유물을;발굴·수집·조사·연구·보존·교육·전시함으로써;우리전통문화의;우수성과,부산보건대학교 석파박물관,사립,부산광역시 사하구 사리로55번길 16(괴정동),부산광역시 사하구 괴정동 산15-1,051-200-3247,부산보건대학교,https://museum.bhu.ac.kr/museum,전시실+사무실+수장고,10:00,16:00,00:00,00:00,토요일+일요일+공휴일,0,0,0,,옛 선조들이 남긴 유적과 유물을 발굴·수집·조사·연구·보존·교육·전시함으로써 우리전통문화의 우수성과 독창성을 실증하는 역사 자료실,,051-200-3247,부산보건대학교,2025-09-05,3340000,부산광역시 사하구
전국박물관미술관정보표준데이터,https://www.data.go.kr/data/15017323/standard.do,2025-09-04,place,안동시립박물관,공립,경상북도 안동시,경상북도 안동시 민속촌길 13,36.576067,128.764440,안동시립박물관을(를) 배경으로 관람 전후 동화를 만들 수 있다.,관람 전 예습 동화와 방문 후 기념 동화책 배경,전시실에서 마음에 드는 작품이나 물건을 찾아 가족과 이야기하기,5-7;8-10,박물관;미술관;안동시립박물관,안동시립박물관,공립,경상북도 안동시 민속촌길 13,경상북도 안동시 성곡동 784-1,054-821-0649,안동시립박물관,https://www.andong.go.kr/fm,,09:00,18:00,09:00,18:00,1월1일+설 당일+추석 당일,1000,300,300,,,,054-821-0649,안동시립박물관,2025-09-04,5070000,경상북도 안동시
전국박물관미술관정보표준데이터,https://www.data.go.kr/data/15017323/standard.do,2025-09-04,place,전통문화콘텐츠박물관,공립,경상북도 안동시,경상북도 안동시 서동문로 203,36.566284,128.733987,전통문화콘텐츠박물관을(를) 배경으로 관람 전후 동화를 만들 수 있다.,관람 전 예습 동화와 방문 후 기념 동화책 배경,전시실에서 마음에 드는 작품이나 물건을 찾아 가족과 이야기하기,5-7;8-10,박물관;미술관;전통문화콘텐츠박물관,전통문화콘텐츠박물관,공립,경상북도 안동시 서동문로 203,경상북도 안동시 동부동 447-8,054-843-7900,안동시립박물관,https://www.andong.go.kr/tm,,09:00,18:00,09:00,18:00,월+설 당일+추석 당일,3000,2000,1000,,,,054-843-7900,안동시립박물관,2025-09-04,5070000,경상북도 안동시
전국박물관미술관정보표준데이터,https://www.data.go.kr/data/15017323/standard.do,2025-09-04,place,옥진각,공립,경상북도 안동시,경상북도 안동시 도산면 도산서원길 154,36.727894,128.840352,옥진각을(를) 배경으로 관람 전후 동화를 만들 수 있다.,관람 전 예습 동화와 방문 후 기념 동화책 배경,전시실에서 마음에 드는 작품이나 물건을 찾아 가족과 이야기하기,5-7;8-10,박물관;미술관;옥진각,옥진각,공립,경상북도 안동시 도산면 도산서원길 154,경상북도 안동시 도산면 토계리 679-2,054-840-6599,옥진각,https://www.andong.go.kr/dosanseowon/main.do,,09:00,18:00,09:00,18:00,연중무휴,1500,700,600,,,,054-840-3774,도산서원관리사무소,2025-09-04,5070000,경상북도 안동시
전국박물관미술관정보표준데이터,https://www.data.go.kr/data/15017323/standard.do,2025-09-04,place,경상북도독립운동기념관,사립,경상북도 안동시,경상북도 안동시 임하면 독립기념관길 2,36.533194,128.858222,경상북도독립운동기념관을(를) 배경으로 관람 전후 동화를 만들 수 있다.,관람 전 예습 동화와 방문 후 기념 동화책 배경,전시실에서 마음에 드는 작품이나 물건을 찾아 가족과 이야기하기,5-7;8-10,박물관;미술관;경상북도독립운동기념관,경상북도독립운동기념관,사립,경상북도 안동시 임하면 독립기념관길 2,경상북도 안동시 임하면 천전리 240,054-820-2600,경상북도독립운동기념관,http://815gb.or.kr,,09:00,18:00,09:00,18:00,월+설 당일+추석 당일,2000,1500,1000,,,,054-820-2600,경상북도독립운동기념관,2025-09-04,5070000,경상북도 안동시
전국박물관미술관정보표준데이터,https://www.data.go.kr/data/15017323/standard.do,2025-09-04,place,안동소주박물관,사립,경상북도 안동시,경상북도 안동시 강남로 71-1,36.549765,128.708627,안동소주박물관을(를) 배경으로 관람 전후 동화를 만들 수 있다.,관람 전 예습 동화와 방문 후 기념 동화책 배경,전시실에서 마음에 드는 작품이나 물건을 찾아 가족과 이야기하기,5-7;8-10,박물관;미술관;안동소주박물관,안동소주박물관,사립,경상북도 안동시 강남로 71-1,경상북도 안동시 수상동 280,054-858-4541,안동소주박물관,http://www.andongsoju.net,,09:00,17:00,09:00,17:00,연중무휴,0,0,0,,,,054-858-4541,안동소주박물관,2025-09-04,5070000,경상북도 안동시
전국박물관미술관정보표준데이터,https://www.data.go.kr/data/15017323/standard.do,2025-09-04,place,하회세계탈박물관,사립,경상북도 안동시,경상북도 안동시 풍천면 전서로 206,36.548962,128.527489,하회세계탈박물관을(를) 배경으로 관람 전후 동화를 만들 수 있다.,관람 전 예습 동화와 방문 후 기념 동화책 배경,전시실에서 마음에 드는 작품이나 물건을 찾아 가족과 이야기하기,5-7;8-10,박물관;미술관;하회세계탈박물관,하회세계탈박물관,사립,경상북도 안동시 풍천면 전서로 206,경상북도 안동시 풍천면 하회리 287,054-853-2288,하회세계탈박물관,http://www.mask.kr,,09:30,18:00,09:30,18:00,1월1일+설 당일+추석 당일,0,0,0,,,,054-853-2288,하회세계탈박물관,2025-09-04,5070000,경상북도 안동시
전국박물관미술관정보표준데이터,https://www.data.go.kr/data/15017323/standard.do,2025-09-04,place,유교문화박물관,사립,경상북도 안동시,경상북도 안동시 도산면 퇴계로 1997,36.701789,128.811071,유교문화박물관을(를) 배경으로 관람 전후 동화를 만들 수 있다.,관람 전 예습 동화와 방문 후 기념 동화책 배경,전시실에서 마음에 드는 작품이나 물건을 찾아 가족과 이야기하기,5-7;8-10,박물관;미술관;유교문화박물관,유교문화박물관,사립,경상북도 안동시 도산면 퇴계로 1997,경상북도 안동시 도산면 서부리 220,054-851-0800,한국국학진흥원,http://www.koreastudy.or.kr/cfseum/,,09:00,17:30,09:00,17:30,1월1일+설 당일+추석 당일+월,0,0,0,,,,054-851-0800,한국국학진흥원,2025-09-04,5070000,경상북도 안동시
전국박물관미술관정보표준데이터,https://www.data.go.kr/data/15017323/standard.do,2025-09-04,place,안동대학교박물관,대학,경상북도 안동시,경상북도 안동시 경동로 1375,36.541437,128.797564,안동대학교박물관을(를) 배경으로 관람 전후 동화를 만들 수 있다.,관람 전 예습 동화와 방문 후 기념 동화책 배경,전시실에서 마음에 드는 작품이나 물건을 찾아 가족과 이야기하기,5-7;8-10,박물관;미술관;안동대학교박물관,안동대학교박물관,대학,경상북도 안동시 경동로 1375,경상북도 안동시 송천동 388,054-820-7421,안동대학교박물관,https://www.andong.ac.kr/main/html.do?menu_idx=211,,10:00,17:00,00:00,00:00,토+일+공휴일+개교기념일,0,0,0,10명 이상일 경우 예약 가능,,,054-820-7424,안동대학교박물관,2025-09-04,5070000,경상북도 안동시
전국박물관미술관정보표준데이터,https://www.data.go.kr/data/15017323/standard.do,2025-09-04,place,경상북도산림과학박물관,공립,경상북도 안동시,경상북도 안동시 도산면 퇴계로 2189,36.713968,128.824679,경상북도산림과학박물관을(를) 배경으로 관람 전후 동화를 만들 수 있다.,관람 전 예습 동화와 방문 후 기념 동화책 배경,전시실에서 마음에 드는 작품이나 물건을 찾아 가족과 이야기하기,5-7;8-10,박물관;미술관;경상북도산림과학박물관,경상북도산림과학박물관,공립,경상북도 안동시 도산면 퇴계로 2189,경상북도 안동시 도산면 동부리 108-3,054-840-8282,경상북도산림과학박물관,http://www.gb.go.kr/Main/open_contents/section/forest/page.do?mnu_uid=3778&LARGE_CODE=450&MEDIUM_CODE=30&SMALL_CODE=10&SMALL_CODE2=10&mnu_order=3,,09:00,18:00,09:00,18:00,월+설 당일+추석 당일,0,0,0,,,,054-840-8282,경상북도산림과학박물관,2025-09-04,5070000,경상북도 안동시
전국박물관미술관정보표준데이터,https://www.data.go.kr/data/15017323/standard.do,2025-09-04,place,송강미술관,사립,경상북도 안동시,경상북도 안동시 서후면 이송천길 240-10,36.612402,128.694300,송강미술관을(를) 배경으로 관람 전후 동화를 만들 수 있다.,관람 전 예습 동화와 방문 후 기념 동화책 배경,전시실에서 마음에 드는 작품이나 물건을 찾아 가족과 이야기하기,5-7;8-10,박물관;미술관;송강미술관,송강미술관,사립,경상북도 안동시 서후면 이송천길 240-10,경상북도 안동시 서후면 이송천리 138,054-854-2110,송강미술관,http://www.sgma.kr/,,10:00,18:00,10:00,18:00,월,7000,3000,0,,,,054-854-2110,송강미술관,2025-09-04,5070000,경상북도 안동시
전국박물관미술관정보표준데이터,https://www.data.go.kr/data/15017323/standard.do,2025-09-03,place,별마로천문대,공립,강원특별자치도 영월군,강원특별자치도 영월군 영월읍 천문대길397,37.19946748,128.4857304,동강과 서강이 만나는 해발 799.8m인 영월읍 봉래산 정상에 세워져 2001년 10월 13일 개관하였습니다.,관람 전 예습 동화와 방문 후 기념 동화책 배경,전시실에서 마음에 드는 작품이나 물건을 찾아 가족과 이야기하기,5-7;8-10,박물관;미술관;별마로천문대;동강과;서강이;만나는;해발;799.8m인;영월읍;봉래산;정상에;세워져,별마로천문대,공립,강원특별자치도 영월군 영월읍 천문대길397,,033-374-7460,강원특별자치도 영월군청,,,14:00,23:00,14:00,23:00,월,7000,6000,5000,영월군민 : 50 프로 할인+단체요금 : 20인 이상,동강과 서강이 만나는 해발 799.8m인 영월읍 봉래산 정상에 세워져 2001년 10월 13일 개관하였습니다.,"동절기 우회경로 안내동절기 도로 폐쇄로 동강시스타, 정선, 태백 및 하이원 방향에서 진입하시는 분들은 영월역 → 영월중 → 별마로천문대(내비게이션 검색)로 우회 하시기 바랍니다.",033-374-7460,강원특별자치도 영월군청,2025-09-03,4271000,강원특별자치도 영월군
전국박물관미술관정보표준데이터,https://www.data.go.kr/data/15017323/standard.do,2025-09-03,place,단종역사관,공립,강원특별자치도 영월군,강원특별자치도 영월군 영월읍 단종로190,37.19681856,128.4528928,왜곡된 단종의 역사를 바로 잡고 이를 널리 알리고자 하는 자각과 재인식에 서 계획되었습니다.,관람 전 예습 동화와 방문 후 기념 동화책 배경,전시실에서 마음에 드는 작품이나 물건을 찾아 가족과 이야기하기,5-7;8-10,박물관;미술관;단종역사관;왜곡된;단종의;역사를;바로;잡고;이를;널리;알리고자;하는,단종역사관,공립,강원특별자치도 영월군 영월읍 단종로190,,033-370-2901,강원특별자치도 영월군청,http://www.ywmuseum.com,,09:00,18:00,09:00,18:00,연중무휴,2000,1500,1000,영월군민 : 50 프로 할인+단체요금 : 30인 이상,왜곡된 단종의 역사를 바로 잡고 이를 널리 알리고자 하는 자각과 재인식에 서 계획되었습니다.,,033-370-2901,강원특별자치도 영월군청,2025-09-03,4271000,강원특별자치도 영월군
전국박물관미술관정보표준데이터,https://www.data.go.kr/data/15017323/standard.do,2025-09-03,place,난고김삿갓문학관,공립,강원특별자치도 영월군,강원특별자치도 영월군 김삿갓면 김삿갓로 216-22,37.07949201,128.6017366,강원특별자치도 시책 사업인 강원의 얼 선양 사업의 하나로 김삿갓 선생의 생애 와 문학 세계를 한눈에 볼 수 있는 곳 입니다.,관람 전 예습 동화와 방문 후 기념 동화책 배경,전시실에서 마음에 드는 작품이나 물건을 찾아 가족과 이야기하기,5-7;8-10,박물관;미술관;난고김삿갓문학관;강원특별자치도;시책;사업인;강원의;얼;선양;사업의;하나로;김삿갓,난고김삿갓문학관,공립,강원특별자치도 영월군 김삿갓면 김삿갓로 216-22,,033-375-7900,강원특별자치도 영월군청,http://www.ywmuseum.com,,09:00,18:00,09:00,18:00,월,2000,1500,1000,영월군민 : 50 프로 할인+단체요금 : 20인 이상,강원특별자치도 시책 사업인 강원의 얼 선양 사업의 하나로 김삿갓 선생의 생애 와 문학 세계를 한눈에 볼 수 있는 곳 입니다.,,033-375-7900,강원특별자치도 영월군청,2025-09-03,4271000,강원특별자치도 영월군
전국박물관미술관정보표준데이터,https://www.data.go.kr/data/15017323/standard.do,2025-09-03,place,동강사진박물관,공립,강원특별자치도 영월군,강원특별자치도 영월군 영월읍 영월로 1909-10,37.18193994,128.461504,국내 최초의 공립사진박물관으로서 지난 2005년 7월에 개관한 동강사진박물관은 국내 최초 사진마을 선언을 통해사진의고장으로 거듭난 영월이 사진마을로서 그 역할을 수행하고 신활력 사업인 박물관 고을의 육성 발전을 위해건립한 문화 기반시설입니다.,관람 전 예습 동화와 방문 후 기념 동화책 배경,전시실에서 마음에 드는 작품이나 물건을 찾아 가족과 이야기하기,5-7;8-10,박물관;미술관;동강사진박물관;국내;최초의;공립사진박물관으로서;지난;2005년;7월에;개관한;동강사진박물관은;최초,동강사진박물관,공립,강원특별자치도 영월군 영월읍 영월로 1909-10,,033-375-4554,강원특별자치도 영월군청,http://www.dgphotomuseum.com,,09:00,18:00,09:00,18:00,월,2000,1500,1000,영월군민 : 50 프로 할인+단체요금 : 20인 이상,국내 최초의 공립사진박물관으로서 지난 2005년 7월에 개관한 동강사진박물관은 국내 최초 사진마을 선언을 통해사진의고장으로 거듭난 영월이 사진마을로서 그 역할을 수행하고 신활력 사업인 박물관 고을의 육성 발전을 위해건립한 문화 기반시설입니다.,,033-375-4554,강원특별자치도 영월군청,2025-09-03,4271000,강원특별자치도 영월군
전국박물관미술관정보표준데이터,https://www.data.go.kr/data/15017323/standard.do,2025-09-03,place,영월동굴생태관,공립,강원특별자치도 영월군,강원특별자치도 영월군 김삿갓면 영월동로 1121-15,37.13035675,128.5367419,동굴 각 분야의 전문가들이 모여서 가 지고 있는 자료를 관람객들에게 효과 적으로 전달하기위해 맞춰 시설한 최초의 전시 시설입니다.,관람 전 예습 동화와 방문 후 기념 동화책 배경,전시실에서 마음에 드는 작품이나 물건을 찾아 가족과 이야기하기,5-7;8-10,박물관;미술관;영월동굴생태관;동굴;각;분야의;전문가들이;모여서;가;지고;있는;자료를,영월동굴생태관,공립,강원특별자치도 영월군 김삿갓면 영월동로 1121-15,,033-372-6828,강원특별자치도 영월군청,http://www.ywmuseum.com,,09:00,18:00,09:00,18:00,월,3000,2000,0,영월군민 : 50 프로 할인+단체요금 : 20인 이상,동굴 각 분야의 전문가들이 모여서 가 지고 있는 자료를 관람객들에게 효과 적으로 전달하기위해 맞춰 시설한 최초의 전시 시설입니다.,,033-372-6828,강원특별자치도 영월군청,2025-09-03,4271000,강원특별자치도 영월군
전국박물관미술관정보표준데이터,https://www.data.go.kr/data/15017323/standard.do,2025-09-03,place,강원특별자치도탄광문화촌,공립,강원특별자치도 영월군,강원특별자치도 영월군 북면 밤재로 351,37.2631059,128.4669049,우리나라의 대표 에너지원이었던 석탄을 중심으로 살아온 영월사람들의 삶을 재현하는 리얼리티 문화체험 공간입니다.,관람 전 예습 동화와 방문 후 기념 동화책 배경,전시실에서 마음에 드는 작품이나 물건을 찾아 가족과 이야기하기,5-7;8-10,박물관;미술관;강원특별자치도탄광문화촌;우리나라의;대표;에너지원이었던;석탄을;중심으로;살아온;영월사람들의;삶을;재현하는,강원특별자치도탄광문화촌,공립,강원특별자치도 영월군 북면 밤재로 351,,033-372-1520,강원특별자치도 영월군청,http://www.ywmuseum.com,,10:00,18:00,10:00,18:00,월,2000,1400,1000,영월군민 : 50 프로 할인+단체요금 : 20인 이상,우리나라의 대표 에너지원이었던 석탄을 중심으로 살아온 영월사람들의 삶을 재현하는 리얼리티 문화체험 공간입니다.,,033-372-1520,강원특별자치도 영월군청,2025-09-03,4271000,강원특별자치도 영월군
전국박물관미술관정보표준데이터,https://www.data.go.kr/data/15017323/standard.do,2025-09-03,place,동강생태정보센터,공립,강원특별자치도 영월군,강원특별자치도 영월군 영월읍 동강로716,37.22820572,128.505455,"영월 동강의 우수한 생물자원을 보전 하고 생태, 문화적 생명력을 지켜가 는데 노력하고 있습니다.",관람 전 예습 동화와 방문 후 기념 동화책 배경,전시실에서 마음에 드는 작품이나 물건을 찾아 가족과 이야기하기,5-7;8-10,박물관;미술관;동강생태정보센터;영월;동강의;우수한;생물자원을;보전;하고;생태;문화적;생명력을,동강생태정보센터,공립,강원특별자치도 영월군 영월읍 동강로716,,033-375-1155,강원특별자치도 영월군청,http://www.ywmuseum.com,,09:00,18:00,09:00,18:00,월,5000,3000,2000,동강생태공원영월곤충박물관(통합발권),"영월 동강의 우수한 생물자원을 보전 하고 생태, 문화적 생명력을 지켜가 는데 노력하고 있습니다.",,033-375-1155,강원특별자치도 영월군청,2025-09-03,4271000,강원특별자치도 영월군
전국박물관미술관정보표준데이터,https://www.data.go.kr/data/15017323/standard.do,2025-09-03,place,조선민화박물관,사립,강원특별자치도 영월군,강원특별자치도 영월군 김삿갓면 김삿갓로 432-10,37.096332,128.6066208,"전통 민화의 계승 발전을 위해 체계적인 연구와 수집은 물론 전시와교육, 전문 서적의 출판 등을 추진하고 있습니다.",관람 전 예습 동화와 방문 후 기념 동화책 배경,전시실에서 마음에 드는 작품이나 물건을 찾아 가족과 이야기하기,5-7;8-10,박물관;미술관;조선민화박물관;전통;민화의;계승;발전을;위해;체계적인;연구와;수집은;물론,조선민화박물관,사립,강원특별자치도 영월군 김삿갓면 김삿갓로 432-10,,033-375-6100,조선민화박물관,minhwa.co.kr,,09:00,18:00,09:00,18:00,월+화,5000,4000,3000,50프로 할인(영월군민+65세 이상)+ 단체요금: 20인 이상+무료(2급 이상 장애인 및 5세 이하),"전통 민화의 계승 발전을 위해 체계적인 연구와 수집은 물론 전시와교육, 전문 서적의 출판 등을 추진하고 있습니다.",,033-375-6100,강원특별자치도 영월군청,2025-09-03,4271000,강원특별자치도 영월군
전국박물관미술관정보표준데이터,https://www.data.go.kr/data/15017323/standard.do,2025-09-03,place,국제현대미술관,사립,강원특별자치도 영월군,강원특별자치도 영월군 영월읍 삼옥길31,37.20840155,128.5069046,프랑스와 이탈리아 등 70개국 조각 작품 350여점 가운데 60여점 이상 전시되어 관람객을 맞고 있습니다.,관람 전 예습 동화와 방문 후 기념 동화책 배경,전시실에서 마음에 드는 작품이나 물건을 찾아 가족과 이야기하기,5-7;8-10,박물관;미술관;국제현대미술관;프랑스와;이탈리아;등;70개국;조각;작품;350여점;가운데;60여점,국제현대미술관,사립,강원특별자치도 영월군 영월읍 삼옥길31,,033-375-2752,국제현대미술관,http://www.ywmuseum.com,,09:00,18:00,09:00,18:00,월+화,5000,4000,3000,50프로 할인(영월군민+65세 이상)+ 단체요금: 20인 이상+무료(2급 이상 장애인 및 5세 이하),프랑스와 이탈리아 등 70개국 조각 작품 350여점 가운데 60여점 이상 전시되어 관람객을 맞고 있습니다.,,033-375-2752,강원특별자치도 영월군청,2025-09-03,4271000,강원특별자치도 영월군
전국박물관미술관정보표준데이터,https://www.data.go.kr/data/15017323/standard.do,2025-09-03,place,영월곤충박물관,사립,강원특별자치도 영월군,강원특별자치도 영월군 북면 영월로1229,37.21175307,128.4219541,어린이들에게 자연사랑을 일깨워주 고 어른들에게는 환경보호의 필요성 을 인식시키기 위하여 2002년 5월5일 어린이날에 개관하였습니다.,관람 전 예습 동화와 방문 후 기념 동화책 배경,전시실에서 마음에 드는 작품이나 물건을 찾아 가족과 이야기하기,5-7;8-10,박물관;미술관;영월곤충박물관;어린이들에게;자연사랑을;일깨워주;고;어른들에게는;환경보호의;필요성;을;인식시키기,영월곤충박물관,사립,강원특별자치도 영월군 북면 영월로1229,,033-374-5888,영월곤충박물관,www.insectarium.co.kr,,09:00,18:00,09:00,18:00,월,5000,3000,2000,동강생태공원영월곤충박물관(통합발권),어린이들에게 자연사랑을 일깨워주 고 어른들에게는 환경보호의 필요성 을 인식시키기 위하여 2002년 5월5일 어린이날에 개관하였습니다.,,033-374-5888,강원특별자치도 영월군청,2025-09-03,4271000,강원특별자치도 영월군
전국박물관미술관정보표준데이터,https://www.data.go.kr/data/15017323/standard.do,2025-09-03,place,호야지리박물관,사립,강원특별자치도 영월군,강원특별자치도 영월군 무릉도원면 무릉법흥로 303,37.299986,128.2626995,한국령 독도관련 고지도와 지리 관련 희귀자료를 관람 할 수 있는 국내 최초의 지리 테마 사설 박물관입니다,관람 전 예습 동화와 방문 후 기념 동화책 배경,전시실에서 마음에 드는 작품이나 물건을 찾아 가족과 이야기하기,5-7;8-10,박물관;미술관;호야지리박물관;한국령;독도관련;고지도와;지리;관련;희귀자료를;관람;할;수,호야지리박물관,사립,강원특별자치도 영월군 무릉도원면 무릉법흥로 303,,033-372-8872,호야지리박물관,http://www.geomuseum.co.kr,,09:00,18:00,09:00,18:00,월+화,5000,4000,3000,50프로 할인(영월군민+65세 이상)+ 단체요금: 20인 이상+무료(2급 이상 장애인 및 5세 이하),한국령 독도관련 고지도와 지리 관련 희귀자료를 관람 할 수 있는 국내 최초의 지리 테마 사설 박물관입니다,,033-372-8872,강원특별자치도 영월군청,2025-09-03,4271000,강원특별자치도 영월군
전국박물관미술관정보표준데이터,https://www.data.go.kr/data/15017323/standard.do,2025-09-03,place,영월화석박물관,사립,강원특별자치도 영월군,강원특별자치도 영월군 주천면 평창강로 137,37.293146,128.340617,"학생에게는 배울거리, 어른에게는 흥 미로움을 제공해주는 동시에 지구 46억 년 생물의 변화를 살펴볼 수 있 는 교육의 장입니다.",관람 전 예습 동화와 방문 후 기념 동화책 배경,전시실에서 마음에 드는 작품이나 물건을 찾아 가족과 이야기하기,5-7;8-10,박물관;미술관;영월화석박물관;학생에게는;배울거리;어른에게는;흥;미로움을;제공해주는;동시에;지구;46억,영월화석박물관,사립,강원특별자치도 영월군 주천면 평창강로 137,,033-375-0088,영월화석박물관,http://www.ywmuseum.com,,09:00,18:00,09:00,18:00,월,5000,4000,3000,50프로 할인(영월군민+65세 이상)+ 단체요금: 20인 이상+무료(2급 이상 장애인 및 5세 이하),"학생에게는 배울거리, 어른에게는 흥 미로움을 제공해주는 동시에 지구 46억 년 생물의 변화를 살펴볼 수 있 는 교육의 장입니다.",,033-375-0088,강원특별자치도 영월군청,2025-09-03,4271000,강원특별자치도 영월군
전국박물관미술관정보표준데이터,https://www.data.go.kr/data/15017323/standard.do,2025-09-03,place,호안다구박물관,사립,강원특별자치도 영월군,강원특별자치도 영월군 김삿갓면 내리계곡로 1088,37.10579141,128.677057,어린이부터 성인까지 차와 관련된 작품의 감상과 다도 및 제다실습을 자연과 함께 체험할 수 있는 곳으로 최적의 요건을 갖추고 있습니다.,관람 전 예습 동화와 방문 후 기념 동화책 배경,전시실에서 마음에 드는 작품이나 물건을 찾아 가족과 이야기하기,5-7;8-10,박물관;미술관;호안다구박물관;어린이부터;성인까지;차와;관련된;작품의;감상과;다도;및;제다실습을,호안다구박물관,사립,강원특별자치도 영월군 김삿갓면 내리계곡로 1088,,033-378-5779,호안다구박물관,http://www.ywmuseum.com,,09:00,18:00,09:00,18:00,월,5000,4000,3000,50프로 할인(영월군민+65세 이상)+ 단체요금: 20인 이상+무료(2급 이상 장애인 및 5세 이하),어린이부터 성인까지 차와 관련된 작품의 감상과 다도 및 제다실습을 자연과 함께 체험할 수 있는 곳으로 최적의 요건을 갖추고 있습니다.,,033-378-5779,강원특별자치도 영월군청,2025-09-03,4271000,강원특별자치도 영월군
전국박물관미술관정보표준데이터,https://www.data.go.kr/data/15017323/standard.do,2025-09-03,place,쾌연재도자미술관,사립,강원특별자치도 영월군,강원특별자치도 영월군 한반도면 한반도로452,37.218111,128.3679631,"흙을 소재로한 새로운 작품을 전시, 기획,제작하여 선보이고 있으며 아름다운 고장 영월의 또 다른 문화공간입니다.",관람 전 예습 동화와 방문 후 기념 동화책 배경,전시실에서 마음에 드는 작품이나 물건을 찾아 가족과 이야기하기,5-7;8-10,박물관;미술관;쾌연재도자미술관;흙을;소재로한;새로운;작품을;전시;기획;제작하여;선보이고;있으며,쾌연재도자미술관,사립,강원특별자치도 영월군 한반도면 한반도로452,,033-372-8436,쾌연재도자미술관,http://www.ywmuseum.com,,09:00,18:00,09:00,18:00,월,5000,4000,3000,50프로 할인(영월군민+65세 이상)+ 단체요금: 20인 이상+무료(2급 이상 장애인 및 5세 이하),"흙을 소재로한 새로운 작품을 전시, 기획,제작하여 선보이고 있으며 아름다운 고장 영월의 또 다른 문화공간입니다.",,033-372-8436,강원특별자치도 영월군청,2025-09-03,4271000,강원특별자치도 영월군
전국박물관미술관정보표준데이터,https://www.data.go.kr/data/15017323/standard.do,2025-09-03,place,영월아프리카미술박물관,사립,강원특별자치도 영월군,강원특별자치도 영월군 김삿갓면 영월동로 1107-1,37.13187895,128.5353509,"아프리카 20여개 나라에서 수집한 미술품을 전시하고 있으며, 이국적인 풍취와함께 원초적인 생동감을 느낄 수 있습니다.",관람 전 예습 동화와 방문 후 기념 동화책 배경,전시실에서 마음에 드는 작품이나 물건을 찾아 가족과 이야기하기,5-7;8-10,박물관;미술관;영월아프리카미술박물관;아프리카;20여개;나라에서;수집한;미술품을;전시하고;있으며;이국적인;풍취와함께,영월아프리카미술박물관,사립,강원특별자치도 영월군 김삿갓면 영월동로 1107-1,,033-372-3229,영월아프리카미술박물관,https://aamy.kr,,09:00,18:00,09:00,18:00,화+수,5000,4000,3000,50프로 할인(영월군민+65세 이상)+ 단체요금: 20인 이상+무료(2급 이상 장애인 및 5세 이하),"아프리카 20여개 나라에서 수집한 미술품을 전시하고 있으며, 이국적인 풍취와함께 원초적인 생동감을 느낄 수 있습니다.",,033-372-3229,강원특별자치도 영월군청,2025-09-03,4271000,강원특별자치도 영월군
전국박물관미술관정보표준데이터,https://www.data.go.kr/data/15017323/standard.do,2025-09-03,place,영월종교미술박물관,사립,강원특별자치도 영월군,강원특별자치도 영월군 북면 시루산길122-2,37.210942,128.4452253,성서를 기반으로 제작된 1백여점의 주전시 작품과 6백여점의 다양한 작품을 주제별로 감상할 수 있습니다.,관람 전 예습 동화와 방문 후 기념 동화책 배경,전시실에서 마음에 드는 작품이나 물건을 찾아 가족과 이야기하기,5-7;8-10,박물관;미술관;영월종교미술박물관;성서를;기반으로;제작된;1백여점의;주전시;작품과;6백여점의;다양한;작품을,영월종교미술박물관,사립,강원특별자치도 영월군 북면 시루산길122-2,,033-378-0153,영월종교미술박물관,http://www.paulart.co.kr,,09:00,17:00,09:00,17:00,화,5000,3000,2000,50프로 할인(영월군민+65세 이상)+ 단체요금: 20인 이상+무료(2급 이상 장애인 및 5세 이하),성서를 기반으로 제작된 1백여점의 주전시 작품과 6백여점의 다양한 작품을 주제별로 감상할 수 있습니다.,,033-378-0153,강원특별자치도 영월군청,2025-09-03,4271000,강원특별자치도 영월군
전국박물관미술관정보표준데이터,https://www.data.go.kr/data/15017323/standard.do,2025-09-03,place,영월미디어기자박물관,사립,강원특별자치도 영월군,강원특별자치도 영월군 한반도면 서강로1094,37.24382441,128.3565545,"언론의 근현대사적 발자취인 신문의 역사와 기자들이 취재현장에서 사용하던 다양한 장비들이 전시되어 있으며, 이를 직접 만져볼 수 있습니다.",관람 전 예습 동화와 방문 후 기념 동화책 배경,전시실에서 마음에 드는 작품이나 물건을 찾아 가족과 이야기하기,5-7;8-10,박물관;미술관;영월미디어기자박물관;언론의;근현대사적;발자취인;신문의;역사와;기자들이;취재현장에서;사용하던;다양한,영월미디어기자박물관,사립,강원특별자치도 영월군 한반도면 서강로1094,,033-372-1094,영월미디어기자박물관,http://www.ywmuseum.com,,09:00,17:00,09:00,17:00,월+화,5000,4000,3000,50프로 할인(영월군민+65세 이상)+ 단체요금: 20인 이상+무료(2급 이상 장애인 및 5세 이하),"언론의 근현대사적 발자취인 신문의 역사와 기자들이 취재현장에서 사용하던 다양한 장비들이 전시되어 있으며, 이를 직접 만져볼 수 있습니다.",,033-372-1094,강원특별자치도 영월군청,2025-09-03,4271000,강원특별자치도 영월군
전국박물관미술관정보표준데이터,https://www.data.go.kr/data/15017323/standard.do,2025-09-03,place,인도미술박물관,사립,강원특별자치도 영월군,강원특별자치도 영월군 주천면 송학주천로 899-6,37.23587339,128.2392085,다양한 인종과 종교로 이루어진 인도의 각종 미술품들을 전시하고 있습니다.,관람 전 예습 동화와 방문 후 기념 동화책 배경,전시실에서 마음에 드는 작품이나 물건을 찾아 가족과 이야기하기,5-7;8-10,박물관;미술관;인도미술박물관;다양한;인종과;종교로;이루어진;인도의;각종;미술품들을;전시하고;있습니다.,인도미술박물관,사립,강원특별자치도 영월군 주천면 송학주천로 899-6,,033-375-2883,인도미술박물관,http://www.ywmuseum.com,,09:00,18:00,09:00,18:00,월,5000,4000,3000,50프로 할인(영월군민+65세 이상)+ 단체요금: 20인 이상+무료(2급 이상 장애인 및 5세 이하),다양한 인종과 종교로 이루어진 인도의 각종 미술품들을 전시하고 있습니다.,,033-375-2883,강원특별자치도 영월군청,2025-09-03,4271000,강원특별자치도 영월군
전국박물관미술관정보표준데이터,https://www.data.go.kr/data/15017323/standard.do,2025-09-03,place,만봉불화박물관,사립,강원특별자치도 영월군,강원특별자치도 영월군 김삿갓면 망경대산길135-3,37.15499587,128.6086564,중요무형문화제 제48호로 지정되신 만봉스님의 훌륭한 작품을 보존하고 전시하고 있습니다.,관람 전 예습 동화와 방문 후 기념 동화책 배경,전시실에서 마음에 드는 작품이나 물건을 찾아 가족과 이야기하기,5-7;8-10,박물관;미술관;만봉불화박물관;중요무형문화제;제48호로;지정되신;만봉스님의;훌륭한;작품을;보존하고;전시하고;있습니다.,만봉불화박물관,사립,강원특별자치도 영월군 김삿갓면 망경대산길135-3,,033-372-5009,만봉불화박물관,https://korean.visitkorea.or.kr/detail/ms_detail.do?cotid=cac9efbf-4e28-416d-8af5-e40af18af867&big_category=A02&mid_category=A0206&big_area=32,,09:00,18:00,09:00,18:00,월,5000,4000,3000,50프로 할인(영월군민+65세 이상)+ 단체요금: 20인 이상+무료(2급 이상 장애인 및 5세 이하),중요무형문화제 제48호로 지정되신 만봉스님의 훌륭한 작품을 보존하고 전시하고 있습니다.,,033-372-5009,강원특별자치도 영월군청,2025-09-03,4271000,강원특별자치도 영월군
전국박물관미술관정보표준데이터,https://www.data.go.kr/data/15017323/standard.do,2025-09-03,place,라디오스타박물관,공립,강원특별자치도 영월군,강원특별자치도 영월군 영월읍 금강공원길 84-3,37.18534286,128.4767824,단순히 관람하는 것을 넘어 직접 라디오방송제작에 참여하고 경험해 볼 수 있는 체험형 학습박물관입니다.,관람 전 예습 동화와 방문 후 기념 동화책 배경,전시실에서 마음에 드는 작품이나 물건을 찾아 가족과 이야기하기,5-7;8-10,박물관;미술관;라디오스타박물관;단순히;관람하는;것을;넘어;직접;라디오방송제작에;참여하고;경험해;볼,라디오스타박물관,공립,강원특별자치도 영월군 영월읍 금강공원길 84-3,,033-372-8123,라디오스타사회적협동조합,www.radiostar.or.kr,,09:00,18:00,09:00,18:00,월,3000,2000,2000,50프로 할인(영월군민+자매결연 및 중부내륙권 행정협력 자치단체 주민+폐광지역 주민)+예술인패스 소지자 : 청소년 요금 적용,단순히 관람하는 것을 넘어 직접 라디오방송제작에 참여하고 경험해 볼 수 있는 체험형 학습박물관입니다.,,033-372-8123,강원특별자치도 영월군청,2025-09-03,4271000,강원특별자치도 영월군
전국박물관미술관정보표준데이터,https://www.data.go.kr/data/15017323/standard.do,2025-09-03,place,영월Y파크(술샘박물관),공립,강원특별자치도 영월군,강원특별자치도 영월군 주천면 송학주천로 1467-9,37.27400332,128.2692247,"다양한 현대미술 작품들과 여러 박물관, 공방이 합쳐진 복합예술공간입니다.",관람 전 예습 동화와 방문 후 기념 동화책 배경,전시실에서 마음에 드는 작품이나 물건을 찾아 가족과 이야기하기,5-7;8-10,박물관;미술관;영월Y파크(술샘박물관);다양한;현대미술;작품들과;여러;공방이;합쳐진;복합예술공간입니다.,영월Y파크(술샘박물관),공립,강원특별자치도 영월군 주천면 송학주천로 1467-9,,033-372-9411,하슬라아트월드,https://ypark.kr,,10:00,18:00,10:00,18:00,연중무휴,15000,15000,10000,50프로 할인(영월군민)+33프로 할인(강원특별자치도민+제천시민)+무료(보호자 동반한 만 36개월 미만 영유아 및 주천면 주민),"다양한 현대미술 작품들과 여러 박물관, 공방이 합쳐진 복합예술공간입니다.",,033-372-9411,강원특별자치도 영월군청,2025-09-03,4271000,강원특별자치도 영월군
전국박물관미술관정보표준데이터,https://www.data.go.kr/data/15017323/standard.do,2025-09-03,place,영월지오뮤지엄,사립,강원특별자치도 영월군,강원특별자치도 영월군 북면 밤재로 7,37.252869,128.4321072,"영월지오뮤지엄은 5억 년 전 바다였던 영월의 경관, 지형, 지질 과 함께 마을이 가진 고유한 어메니티(amenity)에 대한 표면적인 감상을 넘어 그 안에 내재 된 역사와 의미를 이해하고 현재를 비추어 볼 수 있도록 개관하였습니다.",관람 전 예습 동화와 방문 후 기념 동화책 배경,전시실에서 마음에 드는 작품이나 물건을 찾아 가족과 이야기하기,5-7;8-10,박물관;미술관;영월지오뮤지엄;영월지오뮤지엄은;5억;년;전;바다였던;영월의;경관;지형;지질,영월지오뮤지엄,사립,강원특별자치도 영월군 북면 밤재로 7,,033-375-0370,영월지오뮤지엄,http://www.ywmuseum.com,,09:00,18:00,09:00,18:00,월,5000,4000,3000,50프로 할인(영월군민+65세 이상)+ 단체요금: 20인 이상+무료(2급 이상 장애인 및 5세 이하),"영월지오뮤지엄은 5억 년 전 바다였던 영월의 경관, 지형, 지질 과 함께 마을이 가진 고유한 어메니티(amenity)에 대한 표면적인 감상을 넘어 그 안에 내재 된 역사와 의미를 이해하고 현재를 비추어 볼 수 있도록 개관하였습니다.",,033-375-0370,강원특별자치도 영월군청,2025-09-03,4271000,강원특별자치도 영월군
전국박물관미술관정보표준데이터,https://www.data.go.kr/data/15017323/standard.do,2025-09-03,place,의성조문국박물관,공립,경상북도 의성군,경상북도 의성군 금성면 초전1길 83,36.27668498,128.6693604,"의성군민의 오랜 열망속에 건립되어 2013년 4월 25일 문을 연 의성조문국박물관은 조문국의 역사와 더불어 옛 시절 의성인들의 발자취를 전시물을 통해 보고 느낄 수 있는 곳으로써 의성의 문화유산을 보존·전시하고, 학술조사 연구와 문화 교육을 수행하는 의성 문화유산의 보고이자 역사 문화 도시의 중추적 역할을 하는 문화기반시설입니다.금성산 고분군 인근에 위치한 우리 박물관은 주변 금성산의 수려한 경관과 조화를 이루면서, 미려하고 현대적인 감각의 외관을 갖춘 건축물로 지상3층 지하1층 규모에 상설전시실, 기획전시실, 어린이고고발굴체험관, 세미나실, 165석 규모의 강당을 비롯하여 야외전시장과 공연장을 갖춘 복합문화공간입니다.우리박물관은 앞으로 의성의 귀중한 문화유산을 더욱 효율적으로 보존·전시하고 연구함은 물론, 일반인과 청소년을 대상으로 재미있고 다양한 체험 중심의 교육 프로그램을 개발하여 지속적으로 확대 운영할 계획입니다.아울러 박물관을 찾는 관람객들이 쾌적한 환경 속에서 우수한 의성의 역사와 문화를 체험하고, 배울 수 있는 열린 복합문화공간이 되도록 최선을 다하겠습니다.",관람 전 예습 동화와 방문 후 기념 동화책 배경,전시실에서 마음에 드는 작품이나 물건을 찾아 가족과 이야기하기,5-7;8-10,박물관;미술관;의성조문국박물관;의성군민의;오랜;열망속에;건립되어;2013년;4월;25일;문을;연,의성조문국박물관,공립,경상북도 의성군 금성면 초전1길 83,경상북도 의성군 금성면 초전리 223-5,054-830-6909,경상북도 의성군청,https://www.usc.go.kr/jmgmuseum/main.tc,매점,09:00,18:00,09:00,18:00,매주 월요일/설 당일/추석 당일,0,0,0,관람료없음,"의성군민의 오랜 열망속에 건립되어 2013년 4월 25일 문을 연 의성조문국박물관은 조문국의 역사와 더불어 옛 시절 의성인들의 발자취를 전시물을 통해 보고 느낄 수 있는 곳으로써 의성의 문화유산을 보존·전시하고, 학술조사 연구와 문화 교육을 수행하는 의성 문화유산의 보고이자 역사 문화 도시의 중추적 역할을 하는 문화기반시설입니다.금성산 고분군 인근에 위치한 우리 박물관은 주변 금성산의 수려한 경관과 조화를 이루면서, 미려하고 현대적인 감각의 외관을 갖춘 건축물로 지상3층 지하1층 규모에 상설전시실, 기획전시실, 어린이고고발굴체험관, 세미나실, 165석 규모의 강당을 비롯하여 야외전시장과 공연장을 갖춘 복합문화공간입니다.우리박물관은 앞으로 의성의 귀중한 문화유산을 더욱 효율적으로 보존·전시하고 연구함은 물론, 일반인과 청소년을 대상으로 재미있고 다양한 체험 중심의 교육 프로그램을 개발하여 지속적으로 확대 운영할 계획입니다.아울러 박물관을 찾는 관람객들이 쾌적한 환경 속에서 우수한 의성의 역사와 문화를 체험하고, 배울 수 있는 열린 복합문화공간이 되도록 최선을 다하겠습니다.","서울 : 경부고속도로(신갈JC) → 영동고속도로(여주JC) → 중부내륙고속도로(상주IC) → 25번국도(낙단대교) → 912번지방도(안계면) → 28번국도(봉양면) → 5번국도(구미삼거리) → 927번지방도(박물관), 부산 : 경부고속도로(금호JC) → 중앙고속도로(의성IC) → 5번국도(구미삼거리) → 927번지방도(박물관), 대구 : 경부고속도로(금호JC) → 중앙고속도로(의성IC) → 5번국도(구미삼거리) → 927번지방도(박물관), 광주 : 88고속도로(금호JC) → 중앙고속도로(의성IC) → 5번국도(구미삼거리) → 927번지방도(박물관), 울산 : 울산고속도로(언양JC) → 경부고속도로(금호JC) → 중앙고속도로(의성IC) → 5번국도(구미삼거리) → 927번지방도(박물관), 구미 : 25번국도(가산IC) → 중앙고속도로(의성IC) → 5번국도(구미삼거리) → 927번지방도(박물관)",054-830-6909,경상북도 의성군청,2025-09-03,5150000,경상북도 의성군
전국박물관미술관정보표준데이터,https://www.data.go.kr/data/15017323/standard.do,2025-08-01,place,삼성현역사문화관,공립,경상북도 경산시,경상북도 경산시 남산면 삼성현공원로 59,35.80168834,128.7966117,삼성현의 정신을 알리는 박물관,관람 전 예습 동화와 방문 후 기념 동화책 배경,전시실에서 마음에 드는 작품이나 물건을 찾아 가족과 이야기하기,5-7;8-10,박물관;미술관;삼성현역사문화관;삼성현의;정신을;알리는,삼성현역사문화관,공립,경상북도 경산시 남산면 삼성현공원로 59,경상북도 경산시 남산면 인흥리 250,053-804-7329,경상북도 경산시청(삼성현역사문화관),http://samseonghyeon.gbgs.go.kr,휴게실+수유실+아카이브실 등,09:00,18:00,09:00,18:00,1월 1일+명절 당일+매주 월요일,0,0,0,무료,삼성현의 정신을 알리는 박물관,,053-804-7333,경상북도 경산시청,2025-08-01,5130000,경상북도 경산시
전국박물관미술관정보표준데이터,https://www.data.go.kr/data/15017323/standard.do,2025-07-31,place,서대문자연사박물관(3월~10월),공립,서울특별시 서대문구,서울특별시 서대문구 연희로 32길 51,37.57675199,126.937836,서대문자연사박물관은 살아있는 인성교육의 공간으로써 우리나라 최초의 학교나 개인이 아닌 지방자치단체에서 직접 계획하고 만든 자연사박물관 입니다.,관람 전 예습 동화와 방문 후 기념 동화책 배경,전시실에서 마음에 드는 작품이나 물건을 찾아 가족과 이야기하기,5-7;8-10,박물관;미술관;서대문자연사박물관(3월~10월);서대문자연사박물관은;살아있는;인성교육의;공간으로써;우리나라;최초의;학교나;개인이;아닌,서대문자연사박물관(3월~10월),공립,서울특별시 서대문구 연희로 32길 51,서울특별시 서대문구 연희동 141-52,02-330-8899,서대문자연사박물관,https://namu.sdm.go.kr,북파크+나무홀+수유실+카페+스낵바+야외쉼터+뮤지엄샵,09:00,18:00,09:00,19:00,월+1월1일+설 당일+추석 당일,7000,4000,2400,"① 무료(4세이하+65세 이상+장애인 및 국가유공자 등 (장애인등록증 및 국가유공자증 등 소지자)+② 서대문구민(신분증 소지자)할인(어른 3500원+청소년,군인 2000원+어린이 1500원+③ 기타할인(서대문형무소역사관 티켓 소지자+문화가 있는 날 20퍼센트할인+서대문자연사박물관 연간회원 100퍼센트 할인) 등 *자세한 사항 홈페이지 확인",서대문자연사박물관은 살아있는 인성교육의 공간으로써 우리나라 최초의 학교나 개인이 아닌 지방자치단체에서 직접 계획하고 만든 자연사박물관 입니다.,"[지하철] 신촌역(2호선) 3,4출구로 나와 서대문03마을버스 탑승 후 서대문자연사박물관 하차, 홍제역(3호선) 3번출구(무악재방향), 4번출구(홍은사거리방향)로 나와 7738 탑승 후 서대문자연사박물관 하차  [버스] (간선버스) 110A, 163  (지선버스) 7017, 7720, 7738  [자가용] 홈페이지 참고",02-330-8899,서울특별시 서대문구청,2025-07-31,3120000,서울특별시 서대문구
전국박물관미술관정보표준데이터,https://www.data.go.kr/data/15017323/standard.do,2025-07-31,place,서대문자연사박물관(11월~2월),공립,서울특별시 서대문구,서울특별시 서대문구 연희로 32길 51,37.57675199,126.937836,서대문자연사박물관은 살아있는 인성교육의 공간으로써 우리나라 최초의 학교나 개인이 아닌 지방자치단체에서 직접 계획하고 만든 자연사박물관 입니다.,관람 전 예습 동화와 방문 후 기념 동화책 배경,전시실에서 마음에 드는 작품이나 물건을 찾아 가족과 이야기하기,5-7;8-10,박물관;미술관;서대문자연사박물관(11월~2월);서대문자연사박물관은;살아있는;인성교육의;공간으로써;우리나라;최초의;학교나;개인이;아닌,서대문자연사박물관(11월~2월),공립,서울특별시 서대문구 연희로 32길 51,서울특별시 서대문구 연희동 141-52,02-330-8899,서대문자연사박물관,https://namu.sdm.go.kr,북파크+나무홀+수유실+카페+스낵바+야외쉼터+뮤지엄샵,09:00,17:00,09:00,18:00,월+1월1일+설 당일+추석 당일,7000,4000,2400,"① 무료(4세이하+65세 이상+장애인 및 국가유공자 등 (장애인등록증 및 국가유공자증 등 소지자)+② 서대문구민(신분증 소지자)할인(어른 3500원+청소년,군인 2000원+어린이 1500원+③ 기타할인(서대문형무소역사관 티켓 소지자+문화가 있는 날 20퍼센트할인+서대문자연사박물관 연간회원 100퍼센트 할인) 등 *자세한 사항 홈페이지 확인",서대문자연사박물관은 살아있는 인성교육의 공간으로써 우리나라 최초의 학교나 개인이 아닌 지방자치단체에서 직접 계획하고 만든 자연사박물관 입니다.,"[지하철] 신촌역(2호선) 3,4출구로 나와 서대문03마을버스 탑승 후 서대문자연사박물관 하차, 홍제역(3호선) 3번출구(무악재방향), 4번출구(홍은사거리방향)로 나와 7738 탑승 후 서대문자연사박물관 하차  [버스] (간선버스) 110A, 163  (지선버스) 7017, 7720, 7738  [자가용] 홈페이지 참고",02-330-8899,서울특별시 서대문구청,2025-07-31,3120000,서울특별시 서대문구
전국박물관미술관정보표준데이터,https://www.data.go.kr/data/15017323/standard.do,2025-07-31,place,서대문형무소역사관(3월~10월),공립,서울특별시 서대문구,서울특별시 서대문구 통일로 251,37.57460851,126.9556118,"자주독립정신과 자유, 평화수호 정신을 기리는 교육의 현장으로 운영되고 있습니다.",관람 전 예습 동화와 방문 후 기념 동화책 배경,전시실에서 마음에 드는 작품이나 물건을 찾아 가족과 이야기하기,5-7;8-10,박물관;미술관;서대문형무소역사관(3월~10월);자주독립정신과;자유;평화수호;정신을;기리는;교육의;현장으로;운영되고;있습니다.,서대문형무소역사관(3월~10월),공립,서울특별시 서대문구 통일로 251,서울특별시 서대문구 현저동 101,02-360-8590,서대문구도시관리공단,https://sphh.sscmc.or.kr/,휴게공간(창고 내)+뮤지엄샵+장애인 전담도우미 안내+무료해설 안내 앱(개인 이어폰 지참),09:30,18:00,09:30,18:00,월+1월1일+설 당일+추석 당일,3000,1500,1000,① 무료[6세 이하+65세 이상+장애인 및 국가보훈대상자(장애인등록증 및 국가유공자증 등 소지자)]+② 50퍼센트 할인[서대문 거주 주민(신분증 소지자)+관내 학교(초ㆍ중ㆍ고)]+③ 20퍼센트 할인(서대문 자연사박물관 티켓 소지자),"자주독립정신과 자유, 평화수호 정신을 기리는 교육의 현장으로 운영되고 있습니다.","[지하철] 독립문역(3호선) 5번 출구(도보 50m), 서대문역(5호선) 3번 출구에서 종로05(마을버스) 탑승 후 독립문역 3번 출구 하차  [버스] 독립문역 또는 한성과학고 정류장 하차 (간선버스) 471, 701, 702A/B, 704, 720, 752 (지선버스) 7019, 7021, 7023, 7025, 7737 (광역버스) 9701 (공항버스) 6005",02-330-1130,서울특별시 서대문구청,2025-07-31,3120000,서울특별시 서대문구
전국박물관미술관정보표준데이터,https://www.data.go.kr/data/15017323/standard.do,2025-07-31,place,서대문형무소역사관(11월~2월),공립,서울특별시 서대문구,서울특별시 서대문구 통일로 251,37.57460851,126.9556118,"자주독립정신과 자유, 평화수호 정신을 기리는 교육의 현장으로 운영되고 있습니다.",관람 전 예습 동화와 방문 후 기념 동화책 배경,전시실에서 마음에 드는 작품이나 물건을 찾아 가족과 이야기하기,5-7;8-10,박물관;미술관;서대문형무소역사관(11월~2월);자주독립정신과;자유;평화수호;정신을;기리는;교육의;현장으로;운영되고;있습니다.,서대문형무소역사관(11월~2월),공립,서울특별시 서대문구 통일로 251,서울특별시 서대문구 현저동 101,02-360-8590,서대문구도시관리공단,https://sphh.sscmc.or.kr/,휴게공간(창고 내)+뮤지엄샵+장애인 전담도우미 안내+무료해설 안내 앱(개인 이어폰 지참),09:30,17:00,09:30,17:00,월+1월1일+설 당일+추석 당일,3000,1500,1000,① 무료[6세 이하+65세 이상+장애인 및 국가보훈대상자(장애인등록증 및 국가유공자증 등 소지자)]+② 50퍼센트 할인[서대문 거주 주민(신분증 소지자)+관내 학교(초ㆍ중ㆍ고)]+③ 20퍼센트 할인(서대문 자연사박물관 티켓 소지자),"자주독립정신과 자유, 평화수호 정신을 기리는 교육의 현장으로 운영되고 있습니다.","[지하철] 독립문역(3호선) 5번 출구(도보 50m), 서대문역(5호선) 3번 출구에서 종로05(마을버스) 탑승 후 독립문역 3번 출구 하차  [버스] 독립문역 또는 한성과학고 정류장 하차 (간선버스) 471, 701, 702A/B, 704, 720, 752 (지선버스) 7019, 7021, 7023, 7025, 7737 (광역버스) 9701 (공항버스) 6005",02-330-1130,서울특별시 서대문구청,2025-07-31,3120000,서울특별시 서대문구
전국박물관미술관정보표준데이터,https://www.data.go.kr/data/15017323/standard.do,2025-08-01,place,대구은행금융박물관,사립,대구광역시 수성구,대구광역시 수성구 달구벌대로 2310,35.8593128,128.6149484,대구은행금융박물관을(를) 배경으로 관람 전후 동화를 만들 수 있다.,관람 전 예습 동화와 방문 후 기념 동화책 배경,전시실에서 마음에 드는 작품이나 물건을 찾아 가족과 이야기하기,5-7;8-10,박물관;미술관;대구은행금융박물관,대구은행금융박물관,사립,대구광역시 수성구 달구벌대로 2310,대구광역시 수성구 수성동2가 118,053-740-2061,대구은행,http://museum.dgb.co.kr,,10:00,17:30,00:00,00:00,토+일+법정공휴일+근로자의날,0,0,0,"자유관람 : 10인 미만 자유관람은 예약 없이 이용 가능, 관람예약 필수 : 단체관람(10인 이상) 또는 전시해설(5인 이상)",,,053-740-2061,대구은행,2025-08-01,3460000,대구광역시 수성구
전국박물관미술관정보표준데이터,https://www.data.go.kr/data/15017323/standard.do,2025-08-01,place,국립대구박물관,국립,대구광역시 수성구,대구광역시 수성구 청호로 321,35.84557624,128.638342,국립대구박물관을(를) 배경으로 관람 전후 동화를 만들 수 있다.,관람 전 예습 동화와 방문 후 기념 동화책 배경,전시실에서 마음에 드는 작품이나 물건을 찾아 가족과 이야기하기,5-7;8-10,박물관;미술관;국립대구박물관,국립대구박물관,국립,대구광역시 수성구 청호로 321,대구광역시 수성구 황금동 70,053-768-6051,국립대구박물관,daegu.museum.go.kr/,,09:00,18:00,09:00,18:00,1월1일+설 연휴+ 추석 연휴+월,0,0,0,"유료 특별 · 기획전시는 유료, 토요야간개장 09:00 ~ 21:00(4월~10월중 매주 토요일), 문화가있는날 09:00 ~ 21:00 (매월 마지막주 수요일이 포함된 주의 토요일)",,,053-768-6051,국립대구박물관,2025-08-01,3460000,대구광역시 수성구
전국박물관미술관정보표준데이터,https://www.data.go.kr/data/15017323/standard.do,2025-08-01,place,박물관휴르,사립,대구광역시 수성구,대구광역시 수성구 국채보상로186길 47,35.86605539,128.6332304,박물관휴르을(를) 배경으로 관람 전후 동화를 만들 수 있다.,관람 전 예습 동화와 방문 후 기념 동화책 배경,전시실에서 마음에 드는 작품이나 물건을 찾아 가족과 이야기하기,5-7;8-10,박물관;미술관;박물관휴르,박물관휴르,사립,대구광역시 수성구 국채보상로186길 47,대구광역시 수성구 범어동 136-33,053-759-3902,박물관휴르,https://booking.naver.com/booking/5/bizes/1424101,,10:00,19:00,10:00,19:00,월+설 연휴+ 추석 연휴,5000,3000,3000,단체관람(20인 이상) 일반3000원/어린이+청소년 2000원/ 국가유공자 및 장애인+6세 이하+65세 이상 무료),,,053-759-3902,박물관휴르,2025-08-01,3460000,대구광역시 수성구
전국박물관미술관정보표준데이터,https://www.data.go.kr/data/15017323/standard.do,2025-12-10,place,군립청송야송미술관,공립,경상북도 청송군,경상북도 청송군 진보면 경동로 5162,36.50585535,129.1192008,폐교시설인 신촌초등학교를 리모델링하여 2005년 4월 29일에 개관함,관람 전 예습 동화와 방문 후 기념 동화책 배경,전시실에서 마음에 드는 작품이나 물건을 찾아 가족과 이야기하기,5-7;8-10,박물관;미술관;군립청송야송미술관;폐교시설인;신촌초등학교를;리모델링하여;2005년;4월;29일에;개관함,군립청송야송미술관,공립,경상북도 청송군 진보면 경동로 5162,경상북도 청송군 진보면 신촌리 46-3,054-870-6536,경상북도 청송군 종합시설관리사업소,http://tour.cs.go.kr/sub/01/10_01.asp,,09:00,18:00,09:00,18:00,"매주 월요일, 1월 1일, 설날(전후1일 포함), 추석(전후1일 포함)",0,0,0,,폐교시설인 신촌초등학교를 리모델링하여 2005년 4월 29일에 개관함,,054-870-6583,경상북도 청송군청,2025-12-10,5160000,경상북도 청송군
전국박물관미술관정보표준데이터,https://www.data.go.kr/data/15017323/standard.do,2025-12-10,place,청송수석꽃돌박물관,공립,경상북도 청송군,경상북도 청송군 주왕산면 주왕산로 494,36.37813214,129.108598,청강 남정락선생의 기증품 및 청송꽃돌 전시체험공간 제공,관람 전 예습 동화와 방문 후 기념 동화책 배경,전시실에서 마음에 드는 작품이나 물건을 찾아 가족과 이야기하기,5-7;8-10,박물관;미술관;청송수석꽃돌박물관;청강;남정락선생의;기증품;및;청송꽃돌;전시체험공간;제공,청송수석꽃돌박물관,공립,경상북도 청송군 주왕산면 주왕산로 494,경상북도 청송군 주왕산면 하의리 842,054-874-0101,경상북도 청송군 문화관광과,http://www.cctf.or.kr/coding/sub3/sub6.asp,,09:00,18:00,09:00,18:00,"1월1일, 월요일, 설(당일), 추석(당일)",0,0,0,,청강 남정락선생의 기증품 및 청송꽃돌 전시체험공간 제공,,054-870-6067,경상북도 청송군청,2025-12-10,5160000,경상북도 청송군
전국박물관미술관정보표준데이터,https://www.data.go.kr/data/15017323/standard.do,2025-12-18,place,옛길박물관,공립,경상북도 문경시,경상북도 문경시 문경읍 새재로 944,36.763134,128.076414,옛길박물관,관람 전 예습 동화와 방문 후 기념 동화책 배경,전시실에서 마음에 드는 작품이나 물건을 찾아 가족과 이야기하기,5-7;8-10,박물관;미술관;옛길박물관,옛길박물관,공립,경상북도 문경시 문경읍 새재로 944,경상북도 문경시 문경읍 상초리 242-1,054-550-8366,경상북도 문경시청,https://www.gbmg.go.kr/tour/contents.do?mId=0102010100,모바일서비스,09:00,18:00,09:00,18:00,"1월1일, 설날, 추석, 박물관훈증소독 기간",0,0,0,무료,옛길박물관,,054-550-8366,경상북도 문경시청 문경새재관리사무소,2025-12-18,5120000,경상북도 문경시
전국박물관미술관정보표준데이터,https://www.data.go.kr/data/15017323/standard.do,2025-12-18,place,문경석탄박물관,공립,경상북도 문경시,경상북도 문경시 가은읍 왕능길 112,36.65420039,128.0613259,문경석탄박물관,관람 전 예습 동화와 방문 후 기념 동화책 배경,전시실에서 마음에 드는 작품이나 물건을 찾아 가족과 이야기하기,5-7;8-10,박물관;미술관;문경석탄박물관,문경석탄박물관,공립,경상북도 문경시 가은읍 왕능길 112,경상북도 문경시 가은읍 왕능리 432-5,054-550-6985,경상북도 문경시청,http://ecorala.com/,,09:00,18:00,09:00,18:00,연중무휴,10000,9000,9000,경로우대 대상 40프로 할인 및 문경시민 50프로 할인,문경석탄박물관,,054-550-6965,경상북도 문경시청 관광진흥과,2025-12-18,5120000,경상북도 문경시
전국박물관미술관정보표준데이터,https://www.data.go.kr/data/15017323/standard.do,2025-12-18,place,문경도자기박물관,공립,경상북도 문경시,경상북도 문경시 문경읍 문경대로 2416,36.74062871,128.0845639,도자 일일체험을 할 수 있는 도자기 박물관,관람 전 예습 동화와 방문 후 기념 동화책 배경,전시실에서 마음에 드는 작품이나 물건을 찾아 가족과 이야기하기,5-7;8-10,박물관;미술관;문경도자기박물관;도자;일일체험을;할;수;있는;도자기,문경도자기박물관,공립,경상북도 문경시 문경읍 문경대로 2416,경상북도 문경시 문경읍 진안리 360-10,054-550-6416,경상북도 문경시청,https://www.gbmg.go.kr/tour/contents.do?mId=0104010100,,09:00,18:00,09:00,18:00,"매주 월요일, 1월1일, 설날, 추석",0,0,0,무료,도자 일일체험을 할 수 있는 도자기 박물관,,054-550-6416,경상북도 문경시청 문화예술과,2025-12-18,5120000,경상북도 문경시
전국박물관미술관정보표준데이터,https://www.data.go.kr/data/15017323/standard.do,2025-12-18,place,운강이강년기념관,공립,경상북도 문경시,경상북도 문경시 가은읍 대야로 1683,36.67228175,127.9955282,운강이강년기념관,관람 전 예습 동화와 방문 후 기념 동화책 배경,전시실에서 마음에 드는 작품이나 물건을 찾아 가족과 이야기하기,5-7;8-10,박물관;미술관;운강이강년기념관,운강이강년기념관,공립,경상북도 문경시 가은읍 대야로 1683,경상북도 문경시 가은읍 완장리 96,054-550-6415,경상북도 문경시청,http://ungang.kr,,09:00,18:00,09:00,18:00,"매주 월요일, 1월1일, 설날, 추석",0,0,0,무료,운강이강년기념관,,054-550-6403,경상북도 문경시청 문화예술과,2025-12-18,5120000,경상북도 문경시
전국박물관미술관정보표준데이터,https://www.data.go.kr/data/15017323/standard.do,2025-12-18,place,문경자연생태박물관,공립,경상북도 문경시,경상북도 문경시 문경읍 새재1길 45,36.75251619,128.0764842,문경자연생태박물관,관람 전 예습 동화와 방문 후 기념 동화책 배경,전시실에서 마음에 드는 작품이나 물건을 찾아 가족과 이야기하기,5-7;8-10,박물관;미술관;문경자연생태박물관,문경자연생태박물관,공립,경상북도 문경시 문경읍 새재1길 45,경상북도 문경시 문경읍 하초리 243,054-550-8383,경상북도 문경시청,https://www.gbmg.go.kr/tour/contents.do?mId=0103010100,모바일서비스,09:00,18:00,09:00,18:00,"1월1일, 설날, 추석",0,0,0,무료,문경자연생태박물관,,054-550-8384,경상북도 문경시청 문경새재관리사무소,2025-12-18,5120000,경상북도 문경시
전국박물관미술관정보표준데이터,https://www.data.go.kr/data/15017323/standard.do,2025-12-17,place,한국잡지박물관,사립,서울특별시 영등포구,서울특별시 영등포구 여의대방로67길 11,37.51976516,126.9302412,"한국잡지정보관은 (사)한국잡지협회가 한국잡지 100년을 기념해서 우리민족의 발자취와 세대의 흐름을 잡지 속에서 찾고자 1992년 12월 1일 개관했다. 잡지인들의 투철한 사명감과 불굴의 정신을 계승 발전시키고, 소멸되어가는 희귀하고도 역사적 가치가 높은 잡지 및 자료들을 수집, 전시하고 전문적 학술적 연구를 통해 우리 잡지를 이해하고 발전시키기 위해 잡지정보관을 만들게 되었다",관람 전 예습 동화와 방문 후 기념 동화책 배경,전시실에서 마음에 드는 작품이나 물건을 찾아 가족과 이야기하기,5-7;8-10,박물관;미술관;한국잡지박물관;한국잡지정보관은;(사)한국잡지협회가;한국잡지;100년을;기념해서;우리민족의;발자취와;세대의;흐름을,한국잡지박물관,사립,서울특별시 영등포구 여의대방로67길 11,서울특별시 영등포구 여의도동 44-31,02-360-0041,(사)한국잡지협회,http://www.magazine.or.kr/,화장실,10:00,18:00,10:00,18:00,토+일+12/25 성탄절+1월1일,0,0,0,,"한국잡지정보관은 (사)한국잡지협회가 한국잡지 100년을 기념해서 우리민족의 발자취와 세대의 흐름을 잡지 속에서 찾고자 1992년 12월 1일 개관했다. 잡지인들의 투철한 사명감과 불굴의 정신을 계승 발전시키고, 소멸되어가는 희귀하고도 역사적 가치가 높은 잡지 및 자료들을 수집, 전시하고 전문적 학술적 연구를 통해 우리 잡지를 이해하고 발전시키기 위해 잡지정보관을 만들게 되었다","여의도역 5번 출구로 나와 직진 50m, 여의도우체국과 증권거래소 사잇길로 도보로 10분정도 직진, kbs별관 후문 4거리에서 좌측으로 조흥은행 끼고 좌회전, 맞은편 잡지회관 지하1층에 위치",02-360-0041,(사)한국잡지협회,2025-12-17,3180000,서울특별시 영등포구
전국박물관미술관정보표준데이터,https://www.data.go.kr/data/15017323/standard.do,2025-12-17,place,국회박물관,공립,서울특별시 영등포구,서울특별시 영등포구 의사당대로 1,37.53291197,126.9164039,"임시의정원부터 현재까지의 국회 활동과 의회민주주의 관련 자료를 보관, 전시한 제1종국립박물관으로 1998년 건립되었던 헌정기념관이 24년만인 2022년에 개편공사를 통해 국회박물관으로 재탄생하였으며, 지하1층부터 지상3층에 걸쳐 국회체험관과 4개의 상설전시실, 어린이박물관 등으로 구성되어 있다.",관람 전 예습 동화와 방문 후 기념 동화책 배경,전시실에서 마음에 드는 작품이나 물건을 찾아 가족과 이야기하기,5-7;8-10,박물관;미술관;국회박물관;임시의정원부터;현재까지의;국회;활동과;의회민주주의;관련;자료를;보관;전시한,국회박물관,공립,서울특별시 영등포구 의사당대로 1,서울특별시 영등포구 여의도동 1,02-6788-2269,국회사무처,https://memorial.assembly.go.kr,수유실+화장실,10:00,18:00,10:00,13:00,일+공휴일,0,0,0,,"임시의정원부터 현재까지의 국회 활동과 의회민주주의 관련 자료를 보관, 전시한 제1종국립박물관으로 1998년 건립되었던 헌정기념관이 24년만인 2022년에 개편공사를 통해 국회박물관으로 재탄생하였으며, 지하1층부터 지상3층에 걸쳐 국회체험관과 4개의 상설전시실, 어린이박물관 등으로 구성되어 있다.",9호선 국회의사당역 1번 출구로 나와 횡단보도 건너 국회 1문 또는 국회 7문 이용,02-6788-2865,국회사무처,2025-12-17,3180000,서울특별시 영등포구
전국박물관미술관정보표준데이터,https://www.data.go.kr/data/15017323/standard.do,2025-12-17,place,독도체험관,사립,서울특별시 영등포구,서울특별시 영등포구 영중로 15,37.51723326,126.903716,"2022년, 서울 3대 도심인 영등포로 독도체험관을 확장이전하여 독도에 대한 영토주권을 확고히 하고 국내외 더 많은 관람객에게 독도를 알리고 교육하고자 합니다.",관람 전 예습 동화와 방문 후 기념 동화책 배경,전시실에서 마음에 드는 작품이나 물건을 찾아 가족과 이야기하기,5-7;8-10,박물관;미술관;독도체험관;2022년;서울;3대;도심인;영등포로;독도체험관을;확장이전하여;독도에;대한,독도체험관,사립,서울특별시 영등포구 영중로 15,서울특별시 영등포구 영등포동4가 442,02-2068-6101,동북아역사재단,http://dokdomuseum.nahf.or.kr/,화장실,10:00,18:00,10:00,18:00,매주 월요일,0,0,0,,"2022년, 서울 3대 도심인 영등포로 독도체험관을 확장이전하여 독도에 대한 영토주권을 확고히 하고 국내외 더 많은 관람객에게 독도를 알리고 교육하고자 합니다.","1호선 영등포역 지하 연결통로 도보 0분, 2호선 문래역 4번출구 도보 7분, 5호선 영등포시장역 4번 출구 도보 10분",02-2068-6101,동북아역사재단,2025-12-17,3180000,서울특별시 영등포구
전국박물관미술관정보표준데이터,https://www.data.go.kr/data/15017323/standard.do,2025-11-01,place,신문박물관,사립,서울특별시 종로구,서울특별시 종로구 세종대로 152,37.56986758,126.9776553,신문박물관을(를) 배경으로 관람 전후 동화를 만들 수 있다.,관람 전 예습 동화와 방문 후 기념 동화책 배경,전시실에서 마음에 드는 작품이나 물건을 찾아 가족과 이야기하기,5-7;8-10,박물관;미술관;신문박물관,신문박물관,사립,서울특별시 종로구 세종대로 152,,02-2020-1830,신문박물관,http://presseum.or.kr/,,09:00,18:00,09:00,18:00,"월요일+명절(1.1, 설날, 추석)+봄·가을정기 휴관(3월, 9월 첫째주 화~일요일)",3000,2000,0,,,,02-2020-1830,신문박물관,2025-11-01,3000000,서울특별시 종로구
전국박물관미술관정보표준데이터,https://www.data.go.kr/data/15017323/standard.do,2025-12-16,place,청량산박물관,공립,경상북도 봉화군,경상북도 봉화군 명호면 광석길 39,36.78808222,128.8938782,"청량산박물관은 2004-06-11일 개관하여 청량산을 배경으로 한 문화유산과 자연환경, 지역 홍보자료를 한 곳에 모아 전시함으로써 봉화의 역사와 문화에 대한이해는 물론, 지역전통문화의 계승발전과 군민 정서함양의 계기를 마련하고 청량산을 찾는 사람들에게 유익한 탐방문화를 제공하여 자연체험의 산 교육장으로 활용함과 아울러 지역의 새로운 관광명소를 조성하고자 건립하였다",관람 전 예습 동화와 방문 후 기념 동화책 배경,전시실에서 마음에 드는 작품이나 물건을 찾아 가족과 이야기하기,5-7;8-10,박물관;미술관;청량산박물관;청량산박물관은;2004-06-11일;개관하여;청량산을;배경으로;한;문화유산과;자연환경;지역,청량산박물관,공립,경상북도 봉화군 명호면 광석길 39,경상북도 봉화군 명호면 관창리 1726-6,054-679-6672,청량산도립공원관리사무소,http://bonghwa.go.kr/open.content/mt/,전망대+휠체어+안내소,09:00,18:00,09:00,18:00,월+법정공휴일,0,0,0,,"청량산박물관은 2004-06-11일 개관하여 청량산을 배경으로 한 문화유산과 자연환경, 지역 홍보자료를 한 곳에 모아 전시함으로써 봉화의 역사와 문화에 대한이해는 물론, 지역전통문화의 계승발전과 군민 정서함양의 계기를 마련하고 청량산을 찾는 사람들에게 유익한 탐방문화를 제공하여 자연체험의 산 교육장으로 활용함과 아울러 지역의 새로운 관광명소를 조성하고자 건립하였다",봉화출발 일 4회+안동(67번)출발 일 5회,054-679-6672,경상북도 봉화군청,2025-12-16,5240000,경상북도 봉화군
전국박물관미술관정보표준데이터,https://www.data.go.kr/data/15017323/standard.do,2025-12-16,place,충재유물관,공립,경상북도 봉화군,경상북도 봉화군 봉화읍 충재길 60,36.9052737,128.7424487,"2007년 개관한 충재박물관은 조선시대 유물 10,000여점과 484점의 보물을 소장한 박물관으로, 전통마을인 닭실마을(달실)에 위치하고 있다. 소장하고 있는 모든 유물은 이 마을의 종갓집 및 마을출신 자손들로부터 받은 것이다. 연간 20,000여 명의 관람객이 방문하고 있다. 주변문화재의 관리와 교육프로그램 등을 시행하면서 봉화지역의 박물관으로서의 역할을 다하고 있는 중이다.",관람 전 예습 동화와 방문 후 기념 동화책 배경,전시실에서 마음에 드는 작품이나 물건을 찾아 가족과 이야기하기,5-7;8-10,박물관;미술관;충재유물관;2007년;개관한;충재박물관은;조선시대;유물;10;000여점과;484점의;보물을,충재유물관,공립,경상북도 봉화군 봉화읍 충재길 60,경상북도 봉화군 봉화읍 유곡리 934,054-674-0963,(사)닭실문화유적보존회,,주차장,10:00,16:00,10:00,16:00,월+설 연휴+추석 연휴+법정공휴일,0,0,0,,"2007년 개관한 충재박물관은 조선시대 유물 10,000여점과 484점의 보물을 소장한 박물관으로, 전통마을인 닭실마을(달실)에 위치하고 있다. 소장하고 있는 모든 유물은 이 마을의 종갓집 및 마을출신 자손들로부터 받은 것이다. 연간 20,000여 명의 관람객이 방문하고 있다. 주변문화재의 관리와 교육프로그램 등을 시행하면서 봉화지역의 박물관으로서의 역할을 다하고 있는 중이다.","버스: 봉화읍에서 춘양 및 재산방면 완행버스 이용+택시 : 봉화버스정류장에서 약 6,000원 내외+자가용 : 봉화버스정류장에서 7분 거리",054-679-6331,경상북도 봉화군청,2025-12-16,5240000,경상북도 봉화군
전국박물관미술관정보표준데이터,https://www.data.go.kr/data/15017323/standard.do,2023-11-29,place,대담,사립,전라남도 담양군,전라남도 담양군 담양읍 언골길 5-4,35.3253167,126.9834549,대담을(를) 배경으로 관람 전후 동화를 만들 수 있다.,관람 전 예습 동화와 방문 후 기념 동화책 배경,전시실에서 마음에 드는 작품이나 물건을 찾아 가족과 이야기하기,5-7;8-10,박물관;미술관;대담,대담,사립,전라남도 담양군 담양읍 언골길 5-4,전라남도 담양군 담양읍 향교리 352-1,061-381-0082,대담,http://www.daedam.kr/,전시실 수장고 연구실,10:00,18:00,10:00,18:00,연중무휴,0,0,0,0,,,061-286-5432,전라남도,2023-11-29,4850000,전라남도 담양군
전국박물관미술관정보표준데이터,https://www.data.go.kr/data/15017323/standard.do,2023-11-29,place,보임쉔,사립,전라남도 담양군,전라남도 담양군 대전면 신룡길 79-3,35.248682,126.8795971,보임쉔을(를) 배경으로 관람 전후 동화를 만들 수 있다.,관람 전 예습 동화와 방문 후 기념 동화책 배경,전시실에서 마음에 드는 작품이나 물건을 찾아 가족과 이야기하기,5-7;8-10,박물관;미술관;보임쉔,보임쉔,사립,전라남도 담양군 대전면 신룡길 79-3,전라남도 담양군 대전면 응용리 591,061-383-6473,보임쉔,http://www.artbaum.co.kr/default/main/main.php,전시실 수장고,10:00,18:00,10:00,18:00,월요일휴관,0,0,0,0,,,061-286-5432,전라남도,2023-11-29,4850000,전라남도 담양군
전국박물관미술관정보표준데이터,https://www.data.go.kr/data/15017323/standard.do,2023-11-29,place,나야나,사립,전라남도 담양군,전라남도 담양군 담양읍 언골길 7-12,35.3256186,126.9834928,나야나을(를) 배경으로 관람 전후 동화를 만들 수 있다.,관람 전 예습 동화와 방문 후 기념 동화책 배경,전시실에서 마음에 드는 작품이나 물건을 찾아 가족과 이야기하기,5-7;8-10,박물관;미술관;나야나,나야나,사립,전라남도 담양군 담양읍 언골길 7-12,전라남도 담양군 담양읍 향교리 366,061-380-0080,나야나,,전시실 수장고,09:00,18:00,09:00,18:00,연중무휴,0,0,0,0,,,061-286-5432,전라남도,2023-11-29,4850000,전라남도 담양군
전국박물관미술관정보표준데이터,https://www.data.go.kr/data/15017323/standard.do,2023-11-29,place,담양우표,사립,전라남도 담양군,전라남도 담양군 대전면 대치9길 16,35.27663482,126.8895788,담양우표을(를) 배경으로 관람 전후 동화를 만들 수 있다.,관람 전 예습 동화와 방문 후 기념 동화책 배경,전시실에서 마음에 드는 작품이나 물건을 찾아 가족과 이야기하기,5-7;8-10,박물관;미술관;담양우표,담양우표,사립,전라남도 담양군 대전면 대치9길 16,전라남도 담양군 대전면 대치리 876-5,061-383-3863,담양우표,https://cafe.daum.net/nsk7000,전시실 수장고,10:00,17:00,10:00,17:00,월요일휴관,0,0,0,0,,,061-286-5432,전라남도,2023-11-29,4850000,전라남도 담양군
전국박물관미술관정보표준데이터,https://www.data.go.kr/data/15017323/standard.do,2023-11-29,place,미암,사립,전라남도 담양군,전라남도 담양군 대덕면 장동길 76,35.25942438,127.0214947,미암을(를) 배경으로 관람 전후 동화를 만들 수 있다.,관람 전 예습 동화와 방문 후 기념 동화책 배경,전시실에서 마음에 드는 작품이나 물건을 찾아 가족과 이야기하기,5-7;8-10,박물관;미술관;미암,미암,사립,전라남도 담양군 대덕면 장동길 76,전라남도 담양군 대덕면 장산리 239,061-381-1239,미암,,전시실 수장고,10:00,17:00,10:00,17:00,월요일휴관,0,0,0,0,,,061-286-5432,전라남도,2023-11-29,4850000,전라남도 담양군
전국박물관미술관정보표준데이터,https://www.data.go.kr/data/15017323/standard.do,2023-11-30,place,경남도립미술관,공립,경상남도 창원시,경상남도 창원시 의창구 용지로 296(경남도립미술관),35.23946503,128.6908555,"경남도립미술관은 미술작품 및 자료의 수집, 보존 이에따른 조사, 연구와 전시, 그리고 국제교류 및 미술 저변 확대를 위한 교육 행사를 수행하여 지역 문화발전에 기여하기 위해 2004년 6월 설립되었습니다.",관람 전 예습 동화와 방문 후 기념 동화책 배경,전시실에서 마음에 드는 작품이나 물건을 찾아 가족과 이야기하기,5-7;8-10,박물관;미술관;경남도립미술관;경남도립미술관은;미술작품;및;자료의;수집;보존;이에따른;조사;연구와,경남도립미술관,공립,경상남도 창원시 의창구 용지로 296(경남도립미술관),경상남도 창원시 의창구 퇴촌동 산134-1,055-254-4600,경상남도청,https://www.gyeongnam.go.kr/gam/index.gyeong,주차장+물품보관소+수유실+카페+자전거보관대,10:00,18:00,10:00,18:00,"월(월요일이 공휴일인 경우, 그 다음 첫 번째 평일)+1월1일+설날+추석",1000,700,0,무료(18세 이하의 어린이 및 청소년+65세 이상의 노인+장애인과 그 안내인+기초수급 대상자 및 차상위 계층+학술연구+공무수행),"경남도립미술관은 미술작품 및 자료의 수집, 보존 이에따른 조사, 연구와 전시, 그리고 국제교류 및 미술 저변 확대를 위한 교육 행사를 수행하여 지역 문화발전에 기여하기 위해 2004년 6월 설립되었습니다.",,055-211-2114,경상남도청,2023-11-30,6480000,경상남도
전국박물관미술관정보표준데이터,https://www.data.go.kr/data/15017323/standard.do,2024-07-11,place,백석대학교 기독교박물관,대학,충청남도 천안시,"충청남도 천안시 동남구 백석대학로 1, 창조관 13층",36.83883721,127.1825206,"히브리어ㆍ헬라어 등을 비롯하여 세계 여러 나라 고성경(古聖經), 한국초기 성경 교회사와 성경시의 생활과 풍습에 관한 고고유물(考古遺物), 기독교 미술 등 기독교 문화예술이 전시되어 있습니다.",관람 전 예습 동화와 방문 후 기념 동화책 배경,전시실에서 마음에 드는 작품이나 물건을 찾아 가족과 이야기하기,5-7;8-10,박물관;미술관;백석대학교;기독교박물관;히브리어ㆍ헬라어;등을;비롯하여;세계;여러;나라;고성경(古聖經);한국초기,백석대학교 기독교박물관,대학,"충청남도 천안시 동남구 백석대학로 1, 창조관 13층",충청남도 천안시 동남구 안서동 393,041-550-9097,백석대학교,https://community.bu.ac.kr/museum/index.do,,09:30,17:30,00:00,00:00,토+일+공휴일,0,0,0,0,"히브리어ㆍ헬라어 등을 비롯하여 세계 여러 나라 고성경(古聖經), 한국초기 성경 교회사와 성경시의 생활과 풍습에 관한 고고유물(考古遺物), 기독교 미술 등 기독교 문화예술이 전시되어 있습니다.","천안 고속버스(시외버스)터미널에서 하차 후, 대로 건너편 버스정류장에서 시내버스(14, 700, 701, 710, 711, 720, 730) 탑승 후 백석대학교에서 하차 (약 10분)",041-550-9097,백석대학교,2024-07-11,4490000,충청남도 천안시
전국박물관미술관정보표준데이터,https://www.data.go.kr/data/15017323/standard.do,2024-12-12,place,밀양시립박물관,공립,경상남도 밀양시,경상남도 밀양시 밀양대공원로 100,35.50296509,128.7593641,"1974년 4월 밀양군립박물관으로 개관한 이래 박물관에서는 낙동강 유역의 문화와 역사를 조명하며 밀양지역의 다양한 자료를 수집, 전시하고있는 경남 최초의 공립박물관",관람 전 예습 동화와 방문 후 기념 동화책 배경,전시실에서 마음에 드는 작품이나 물건을 찾아 가족과 이야기하기,5-7;8-10,박물관;미술관;밀양시립박물관;1974년;4월;밀양군립박물관으로;개관한;이래;박물관에서는;낙동강;유역의;문화와,밀양시립박물관,공립,경상남도 밀양시 밀양대공원로 100,경상남도 밀양시 교동 485-4,055-359-5589,밀양시립박물관,https://www.miryang.go.kr/msm/index.do,문화상품점+휴게실,09:00,18:00,09:00,18:00,"매주월요일(단, 공휴일경우, 다음날 휴관)+설+추석",1000,700,500,"* 20인이상 단체 30 감면* 예술인패스, 그린카드, 임산부 30감면* 6세 이하~65세 이상 무료* 독립유공자, 국가유공자, 장애인, 다자녀, 다문화, 한부모가족 등 무료","1974년 4월 밀양군립박물관으로 개관한 이래 박물관에서는 낙동강 유역의 문화와 역사를 조명하며 밀양지역의 다양한 자료를 수집, 전시하고있는 경남 최초의 공립박물관","시내버스: 1, 2, 4-2, 5, 6, 9번 밀양향교 하차후 5분 도보",055-359-5589,경상남도 밀양시청,2024-12-12,5360000,경상남도 밀양시
전국박물관미술관정보표준데이터,https://www.data.go.kr/data/15017323/standard.do,2024-05-29,place,대구교육박물관,공립,대구광역시 북구,대구광역시 북구 대동로1길 40,35.89736822,128.6118404,기증과 구입을 통해 확보한 교육자료 550여점 전시,관람 전 예습 동화와 방문 후 기념 동화책 배경,전시실에서 마음에 드는 작품이나 물건을 찾아 가족과 이야기하기,5-7;8-10,박물관;미술관;대구교육박물관;기증과;구입을;통해;확보한;교육자료;550여점;전시,대구교육박물관,공립,대구광역시 북구 대동로1길 40,대구광역시 북구 산격동 1285,053-231-1790,대구광역시교육청,dge.go.kr/dme,북카페,09:00,18:00,09:00,18:00,월+1월 1일+설 당일+추석 당일,0,0,0,전부무료,기증과 구입을 통해 확보한 교육자료 550여점 전시,"버스 300, 306, 410-1, 523, 706, 719",053-231-1790,대구교육박물관,2024-05-29,7240405,대구광역시교육청 대구교육박물관
전국박물관미술관정보표준데이터,https://www.data.go.kr/data/15017323/standard.do,2024-10-14,place,박진전쟁기념관,공립,경상남도 창녕군,경상남도 창녕군 남지읍 월상길 27,35.44796796,128.3861935,박진전쟁기념관을(를) 배경으로 관람 전후 동화를 만들 수 있다.,관람 전 예습 동화와 방문 후 기념 동화책 배경,전시실에서 마음에 드는 작품이나 물건을 찾아 가족과 이야기하기,5-7;8-10,박물관;미술관;박진전쟁기념관,박진전쟁기념관,공립,경상남도 창녕군 남지읍 월상길 27,경상남도 창녕군 남지읍 월하리 624,055-530-1511,경상남도 창녕군청,https://www.cng.go.kr/01656/03204/03205.web,장애인화장실+유모차/휠체어 이용가능,09:00,18:00,09:00,18:00,매주 월요일+1월 1일+설날+추석날,0,0,0,,,,055-530-1511,경상남도 창녕군청,2024-10-14,5410000,경상남도 창녕군
전국박물관미술관정보표준데이터,https://www.data.go.kr/data/15017323/standard.do,2024-08-08,place,나주복암리고분전시관,공립,전라남도 나주시,전라남도 나주시 다시면 백호로 287,34.996091,126.6570592190,국가 사적 제404호인 나주복암리고분을 실물모습으로 전시하여 영산강유역 고대문화의 역동성과 중요성을 알기 위해 2016년에 개관,관람 전 예습 동화와 방문 후 기념 동화책 배경,전시실에서 마음에 드는 작품이나 물건을 찾아 가족과 이야기하기,5-7;8-10,박물관;미술관;나주복암리고분전시관;국가;사적;제404호인;나주복암리고분을;실물모습으로;전시하여;영산강유역;고대문화의;역동성과,나주복암리고분전시관,공립,전라남도 나주시 다시면 백호로 287,전라남도 나주시 다시면 복암리 71,061-337-0090,동신대학교 산학협력단,http://www.njbogam.or.kr,"북카페, 야외체험시설, 주차장, 무선인터넷",10:00,18:00,10:00,18:00,"신정, 매주 월요일, 설, 추석",0,0,0,,국가 사적 제404호인 나주복암리고분을 실물모습으로 전시하여 영산강유역 고대문화의 역동성과 중요성을 알기 위해 2016년에 개관,"버스 500, 503",061-337-0090,동신대학교 산학협력단,2024-08-08,4830000,전라남도 나주시
전국박물관미술관정보표준데이터,https://www.data.go.kr/data/15017323/standard.do,2024-08-08,place,국립나주박물관,국립,전라남도 나주시,전라남도 나주시 반남면 고분로 747,34.914852,126.6589031,영산강 유역에 남아있는 고고자료를 보존하고 전시하며 호남지역 발굴매장 문화재에 대한 수장고의 기능 수행,관람 전 예습 동화와 방문 후 기념 동화책 배경,전시실에서 마음에 드는 작품이나 물건을 찾아 가족과 이야기하기,5-7;8-10,박물관;미술관;국립나주박물관;영산강;유역에;남아있는;고고자료를;보존하고;전시하며;호남지역;발굴매장;문화재에,국립나주박물관,국립,전라남도 나주시 반남면 고분로 747,전라남도 나주시 반남면 신촌리 152-25,061-330-7800,국립나주박물관,http://naju.museum.go.kr,"카페, 산책로, 정원, 연못, 주차장, 무선인터넷",09:00,18:00,09:00,18:00,"신정, 매주 월요일, 설, 추석",0,0,0,,영산강 유역에 남아있는 고고자료를 보존하고 전시하며 호남지역 발굴매장 문화재에 대한 수장고의 기능 수행,"낭주교통버스, 버스 101",061-330-7800,국립나주박물관,2024-08-08,4830000,전라남도 나주시
전국박물관미술관정보표준데이터,https://www.data.go.kr/data/15017323/standard.do,2024-08-08,place,나주배박물관,공립,전라남도 나주시,전라남도 나주시 금천면 영산로 5838,35.03343353,126.7672094,배의 역사를 학습하고 배와 관련된 다양한 체험공간,관람 전 예습 동화와 방문 후 기념 동화책 배경,전시실에서 마음에 드는 작품이나 물건을 찾아 가족과 이야기하기,5-7;8-10,박물관;미술관;나주배박물관;배의;역사를;학습하고;배와;관련된;다양한;체험공간,나주배박물관,공립,전라남도 나주시 금천면 영산로 5838,전라남도 나주시 금천면 석전리 381-11,061-331-5038,나주시청,https://blog.naver.com/najupearmuseum,"카페, 주차장, 무선인터넷",09:00,18:00,09:00,18:00,"신정, 설, 추석",0,0,0,,배의 역사를 학습하고 배와 관련된 다양한 체험공간,"버스 160, 999, 999-1",061-339-2590,전라남도 나주시청 배원예유통과,2024-08-08,4830000,전라남도 나주시
전국박물관미술관정보표준데이터,https://www.data.go.kr/data/15017323/standard.do,2024-08-08,place,한국천연염색박물관,공립,전라남도 나주시,전라남도 나주시 다시면 백호로 379,34.99403177,126.6625269,천연염색 전통 계승 발전과 천연염색산업 진흥계기를 마련하고 천연염색상품을 개발하여 광자원화를 통한 지역경제 활성화에 기여 목적,관람 전 예습 동화와 방문 후 기념 동화책 배경,전시실에서 마음에 드는 작품이나 물건을 찾아 가족과 이야기하기,5-7;8-10,박물관;미술관;한국천연염색박물관;천연염색;전통;계승;발전과;천연염색산업;진흥계기를;마련하고;천연염색상품을;개발하여,한국천연염색박물관,공립,전라남도 나주시 다시면 백호로 379,전라남도 나주시 다시면 회진리 163,061-335-0091,(재)나주시천연염색문화재단,www.naturaldyeing.or.kr,"카페, 주차장, 체험공간, 무선인터넷",09:00,18:00,09:00,18:00,"신정, 설, 추석",0,0,0,,천연염색 전통 계승 발전과 천연염색산업 진흥계기를 마련하고 천연염색상품을 개발하여 광자원화를 통한 지역경제 활성화에 기여 목적,버스 500,061-335-0091,(재)나주시천연염색문화재단,2024-08-08,4830000,전라남도 나주시
전국박물관미술관정보표준데이터,https://www.data.go.kr/data/15017323/standard.do,2024-08-08,place,동신대학교문화박물관,대학,전라남도 나주시,전라남도 나주시 동신대길 67,35.0496248791,126.7179925226,매년 다양한 장르별로 전시기획,관람 전 예습 동화와 방문 후 기념 동화책 배경,전시실에서 마음에 드는 작품이나 물건을 찾아 가족과 이야기하기,5-7;8-10,박물관;미술관;동신대학교문화박물관;매년;다양한;장르별로;전시기획,동신대학교문화박물관,대학,전라남도 나주시 동신대길 67,전라남도 나주시 대호동 252,061-330-3114,동신대학교,http://dsum.dsu.ac.kr,"카페, 주차장, 무선인터넷",10:00,17:00,00:00,00:00,"주말, 공휴일",0,0,0,,매년 다양한 장르별로 전시기획,"버스 160, 진곡196",061-330-3827,나주시 동신대학교,2024-08-08,4830000,전라남도 나주시
전국박물관미술관정보표준데이터,https://www.data.go.kr/data/15017323/standard.do,2024-07-11,place,우정박물관,국립,충청남도 천안시,충청남도 천안시 동남구 양지말길 11-14,36.8139658652,127.1885617847,"우편뿐 아니라 금융을 포함한 우체국 업무 전반을 소개하고 있으며 집배원복과 우체통의 변천, 세계 각구의 우체통 등을 전시하여 관람객들에게 좋은 볼거리를 제공하고 있습니다.",관람 전 예습 동화와 방문 후 기념 동화책 배경,전시실에서 마음에 드는 작품이나 물건을 찾아 가족과 이야기하기,5-7;8-10,박물관;미술관;우정박물관;우편뿐;아니라;금융을;포함한;우체국;업무;전반을;소개하고;있으며,우정박물관,국립,충청남도 천안시 동남구 양지말길 11-14,충청남도 천안시 동남구 유량동 60-1,041-560-5900,우정사업본부,http://www.koreapost.go.kr/postmuseum,,09:00,18:00,00:00,00:00,토+일요일 + 대체공휴일+공휴일,0,0,0,0,"우편뿐 아니라 금융을 포함한 우체국 업무 전반을 소개하고 있으며 집배원복과 우체통의 변천, 세계 각구의 우체통 등을 전시하여 관람객들에게 좋은 볼거리를 제공하고 있습니다.","천안역, 천안버스터미널 → 51번, 52번",041-560-5900,우정사업본부,2024-07-11,4490000,충청남도 천안시
전국박물관미술관정보표준데이터,https://www.data.go.kr/data/15017323/standard.do,2024-07-11,place,천안박물관,공립,충청남도 천안시,충청남도 천안시 동남구 천안삼거리길 27,36.78669474,127.1633299,"천안삼거리로 유명한 천안은 예로부터 영남과 호남 그리고 충청도 문물과 사람이 만나고 어우러져 하나가 되는 만남과 교류의 장이며, 이해와 화합의 장이었기에 역사적/문화적으로 중요한 장소입니다. 선사유적에서부터 근대에 이르기까지 그동안 감추어져 왔던 천안의 이야기들이 담긴 다양한 유적과 유물들을 만나볼 수 있게 되었습니다. 또한, 기획전시실, 체험하는 어린이 전시실, 공연장, 야외공연장 등에서 다양한 프로그램으로 문화행사가 열려 참여의 기회가 제공될 것 입니다.",관람 전 예습 동화와 방문 후 기념 동화책 배경,전시실에서 마음에 드는 작품이나 물건을 찾아 가족과 이야기하기,5-7;8-10,박물관;미술관;천안박물관;천안삼거리로;유명한;천안은;예로부터;영남과;호남;그리고;충청도;문물과,천안박물관,공립,충청남도 천안시 동남구 천안삼거리길 27,충청남도 천안시 동남구 삼룡동 261-10,041-521-2891,충청남도 천안시청,http://www.cheonan.go.kr/museum.do,공연장+강의실+매점,09:00,17:00,09:00,17:00,월+1월 1일+설 당일+추석 당일 *2023.11~2025.5(리모델링 공사 휴관),0,0,0,0,"천안삼거리로 유명한 천안은 예로부터 영남과 호남 그리고 충청도 문물과 사람이 만나고 어우러져 하나가 되는 만남과 교류의 장이며, 이해와 화합의 장이었기에 역사적/문화적으로 중요한 장소입니다. 선사유적에서부터 근대에 이르기까지 그동안 감추어져 왔던 천안의 이야기들이 담긴 다양한 유적과 유물들을 만나볼 수 있게 되었습니다. 또한, 기획전시실, 체험하는 어린이 전시실, 공연장, 야외공연장 등에서 다양한 프로그램으로 문화행사가 열려 참여의 기회가 제공될 것 입니다.","천안 IC에서 세종시 방향, 국도 1호선 천안삼거리 앞",041-521-2891,충청남도 천안시청,2024-07-11,4490000,충청남도 천안시
전국박물관미술관정보표준데이터,https://www.data.go.kr/data/15017323/standard.do,2024-07-11,place,천안흥타령관,공립,충청남도 천안시,충청남도 천안시 동남구 천안대로 412,36.78478709,127.165631,"천안삼거리라는 역사적 명소에 술과 춤이라는 독특한 주제로 건립된 천안흥타령관은 전통주전시설, 전통춤전시실, 기획전시실, 전통주 및 춤체험전시관 등 내부에 다양한 유물을 갖춘 천안의 술과 춤을 한눈에 알 수 있는 전시관이다.",관람 전 예습 동화와 방문 후 기념 동화책 배경,전시실에서 마음에 드는 작품이나 물건을 찾아 가족과 이야기하기,5-7;8-10,박물관;미술관;천안흥타령관;천안삼거리라는;역사적;명소에;술과;춤이라는;독특한;주제로;건립된;천안흥타령관은,천안흥타령관,공립,충청남도 천안시 동남구 천안대로 412,충청남도 천안시 동남구 삼룡동 265-14,041-521-3461,충청남도 천안시청,www.cheonan.go.kr/museum.do,,09:00,18:00,09:00,18:00,1월 1일 + 매주 월요일 + 설 당일+ 추석 당일,0,0,0,0,"천안삼거리라는 역사적 명소에 술과 춤이라는 독특한 주제로 건립된 천안흥타령관은 전통주전시설, 전통춤전시실, 기획전시실, 전통주 및 춤체험전시관 등 내부에 다양한 유물을 갖춘 천안의 술과 춤을 한눈에 알 수 있는 전시관이다.","천안역 동부광장 → 700, 702번 버스 → 원삼거리 → 도보 5분",041-521-3461,충청남도 천안시청,2024-07-11,4490000,충청남도 천안시
전국박물관미술관정보표준데이터,https://www.data.go.kr/data/15017323/standard.do,2024-07-11,place,유관순열사기념관,공립,충청남도 천안시,충청남도 천안시 동남구 유관순길 38,36.7600902,127.3083675,유관순열사 기념관은 열사의 탄신 100주년을 기념하여 2003년 4월 1일 개관하였다.,관람 전 예습 동화와 방문 후 기념 동화책 배경,전시실에서 마음에 드는 작품이나 물건을 찾아 가족과 이야기하기,5-7;8-10,박물관;미술관;유관순열사기념관;유관순열사;기념관은;열사의;탄신;100주년을;기념하여;2003년;4월;1일,유관순열사기념관,공립,충청남도 천안시 동남구 유관순길 38,충청남도 천안시 동남구 병천면 탑원리 252,041-521-2821,충청남도 천안시청,http://www.cheonan.go.kr/yugwansun.do,문화상품점+매점,09:00,18:00,09:00,18:00,연중무휴,0,0,0,0,유관순열사 기념관은 열사의 탄신 100주년을 기념하여 2003년 4월 1일 개관하였다.,"천안시내에서 진천으로 가는 21번 국도를 따라 18km정도 가면 아우내 장터이고, 이곳에서 진천 쪽으로 300m 지점에 위치",041-521-2821,충청남도 천안시청,2024-07-11,4490000,충청남도 천안시
전국박물관미술관정보표준데이터,https://www.data.go.kr/data/15017323/standard.do,2024-07-11,place,이동녕기념관,공립,충청남도 천안시,충청남도 천안시 동남구 목천읍 동리4길 38,36.7907152,127.2392868,석오 이동녕 선생의 삶과 사상을 엿볼 수 있음,관람 전 예습 동화와 방문 후 기념 동화책 배경,전시실에서 마음에 드는 작품이나 물건을 찾아 가족과 이야기하기,5-7;8-10,박물관;미술관;이동녕기념관;석오;이동녕;선생의;삶과;사상을;엿볼;수;있음,이동녕기념관,공립,충청남도 천안시 동남구 목천읍 동리4길 38,충청남도 천안시 동남구 목천읍 동리 79-2,041-521-2821,충청남도 천안시청,http://www.cheonan.go.kr/leedn.do,,09:00,18:00,09:00,18:00,월+1월 1일+설 당일+추석 당일,0,0,0,0,석오 이동녕 선생의 삶과 사상을 엿볼 수 있음,목천IC → 목천읍사무소 → 이동녕 기념관,041-521-2822,충청남도 천안시청,2024-07-11,4490000,충청남도 천안시
전국박물관미술관정보표준데이터,https://www.data.go.kr/data/15017323/standard.do,2024-07-11,place,독립기념관,사립,충청남도 천안시,충청남도 천안시 동남구 목천읍 독립기념관로 1,36.781872,127.2303981,뜨거운 민족혼과 대자연의 풍광이 어우러진 겨례의 전당,관람 전 예습 동화와 방문 후 기념 동화책 배경,전시실에서 마음에 드는 작품이나 물건을 찾아 가족과 이야기하기,5-7;8-10,박물관;미술관;독립기념관;뜨거운;민족혼과;대자연의;풍광이;어우러진;겨례의;전당,독립기념관,사립,충청남도 천안시 동남구 목천읍 독립기념관로 1,충청남도 천안시 동남구 목천읍 남화리 230-1,041-560-0500,독립기념관,http://www.i815.or.kr,문화상품점+매점,09:30,18:00,09:30,18:00,월요일,0,0,0,0,뜨거운 민족혼과 대자연의 풍광이 어우러진 겨례의 전당,"경부 고속도로 목천(독립기념관) 나들목에서 2km, 천안나들목에서 국도 21호 이용 시 12km",041-560-0500,독립기념관,2024-07-11,4490000,충청남도 천안시
전국박물관미술관정보표준데이터,https://www.data.go.kr/data/15017323/standard.do,2024-07-11,place,복권박물관,사립,충청남도 천안시,충청남도 천안시 동남구 문암로 283,36.8487251,127.201708,국내외 복권자료 전시,관람 전 예습 동화와 방문 후 기념 동화책 배경,전시실에서 마음에 드는 작품이나 물건을 찾아 가족과 이야기하기,5-7;8-10,박물관;미술관;복권박물관;국내외;복권자료;전시,복권박물관,사립,충청남도 천안시 동남구 문암로 283,충청남도 천안시 동남구 안서동 3,02-2073-7755,KB국민은행,,,09:00,16:00,00:00,00:00,토+일요일+공휴일,0,0,0,0,국내외 복권자료 전시,버스 700,02-2073-7755,KB국민은행,2024-07-11,4490000,충청남도 천안시
전국박물관미술관정보표준데이터,https://www.data.go.kr/data/15017323/standard.do,2024-07-11,place,도계민화박물관,사립,충청남도 천안시,충청남도 천안시 동남구 정골1길 73-9,36.7927962,127.1722236,전통 민화전시 및 체험,관람 전 예습 동화와 방문 후 기념 동화책 배경,전시실에서 마음에 드는 작품이나 물건을 찾아 가족과 이야기하기,5-7;8-10,박물관;미술관;도계민화박물관;전통;민화전시;및;체험,도계민화박물관,사립,충청남도 천안시 동남구 정골1길 73-9,충청남도 천안시 동남구 구성동 191-2,041-551-6886,도계민화박물관,,,10:00,18:00,10:00,18:00,월+설 당일+추석 당일,0,0,0,0,전통 민화전시 및 체험,"천안종합터미널정거장 381번, 382번, 390번, 391번 → 구성동 신성미소지움아파트 하차 → 구성5동 방면 도보 5~10분소요",041-551-6886,도계민화박물관,2024-07-11,4490000,충청남도 천안시
전국박물관미술관정보표준데이터,https://www.data.go.kr/data/15017323/standard.do,2024-07-11,place,백석대학교 기독교박물관,대학,충청남도 천안시,충청남도 천안시 동남구 백석대학로 1-1,36.84044266,127.1845931,"세계 고성경 및 고고유물, 기독교 미술, 교회사 등 관련 유물 전시 수집 보존하고 있음.",관람 전 예습 동화와 방문 후 기념 동화책 배경,전시실에서 마음에 드는 작품이나 물건을 찾아 가족과 이야기하기,5-7;8-10,박물관;미술관;백석대학교;기독교박물관;세계;고성경;및;고고유물;기독교;미술;교회사;등,백석대학교 기독교박물관,대학,충청남도 천안시 동남구 백석대학로 1-1,충청남도 천안시 동남구 안서동 115,041-850-8733,백석대학교,https://community.bu.ac.kr/museum/index.do,,10:00,17:00,00:00,00:00,토+일요일+공휴일,0,0,0,0,"세계 고성경 및 고고유물, 기독교 미술, 교회사 등 관련 유물 전시 수집 보존하고 있음.",KTX역 천안방면 버스정류장에서 13번을 타서 백석대학교 앞에서 하차,041-850-8733,백석대학교,2024-07-11,4490000,충청남도 천안시
전국박물관미술관정보표준데이터,https://www.data.go.kr/data/15017323/standard.do,2024-07-11,place,천안시립미술관,공립,충청남도 천안시,충청남도 천안시 동남구 성남면 종합휴양지로 185,36.7561303,127.2248886,제1종 공립미술관으로서 지역미술이 지닌 역사적 가치를 연구하고 소장품의 수집과 체계적 관리를 통해 지역의 문화자산을 보존,관람 전 예습 동화와 방문 후 기념 동화책 배경,전시실에서 마음에 드는 작품이나 물건을 찾아 가족과 이야기하기,5-7;8-10,박물관;미술관;천안시립미술관;제1종;공립미술관으로서;지역미술이;지닌;역사적;가치를;연구하고;소장품의;수집과,천안시립미술관,공립,충청남도 천안시 동남구 성남면 종합휴양지로 185,충청남도 천안시 동남구 성남면 용원리 710,041-901-6610,천안문화재단,https://www.camoa.or.kr/,,10:00,18:00,10:00,18:00,월요일+1월 1일+설 당일+추석 당일+전시 준비기간,0,0,0,0,제1종 공립미술관으로서 지역미술이 지닌 역사적 가치를 연구하고 소장품의 수집과 체계적 관리를 통해 지역의 문화자산을 보존,경부고속도로 > 천안JC > 목천IC > 병천방면 우회전 > GS칼텍스 끼고 우회전 > 천안예술의전당/ 대중교통 401번,041-601-6610,천안문화재단,2024-07-11,4490000,충청남도 천안시
전국박물관미술관정보표준데이터,https://www.data.go.kr/data/15017323/standard.do,2024-07-11,place,리각미술관,사립,충청남도 천안시,충청남도 천안시 동남구 태조산길 245,36.82015665,127.186286,이종각 조각가의 예술정신을 엿볼 수 있는 현대미술관,관람 전 예습 동화와 방문 후 기념 동화책 배경,전시실에서 마음에 드는 작품이나 물건을 찾아 가족과 이야기하기,5-7;8-10,박물관;미술관;리각미술관;이종각;조각가의;예술정신을;엿볼;수;있는;현대미술관,리각미술관,사립,충청남도 천안시 동남구 태조산길 245,충청남도 천안시 동남구 유량동 4-1,070-4111-3463,리각미술관,http://ligak.co.kr/,,11:00,18:00,11:00,18:00,연중무휴,3000,2000,2000,0,이종각 조각가의 예술정신을 엿볼 수 있는 현대미술관,"버스 51,52",070-4111-3463,리각미술관,2024-07-11,4490000,충청남도 천안시
전국박물관미술관정보표준데이터,https://www.data.go.kr/data/15017323/standard.do,2025-12-10,place,대구근대역사관,공립,대구광역시 중구,대구광역시 중구 경상감영길 67,35.87179779,128.5911599,근대기 대구의 모습과 선조들의 생활상을 알 수 있는 공립박물관,관람 전 예습 동화와 방문 후 기념 동화책 배경,전시실에서 마음에 드는 작품이나 물건을 찾아 가족과 이야기하기,5-7;8-10,박물관;미술관;대구근대역사관;근대기;대구의;모습과;선조들의;생활상을;알;수;있는;공립박물관,대구근대역사관,공립,대구광역시 중구 경상감영길 67,대구광역시 중구 포정동 33,053-430-7910,재단법인 대구문화예술진흥원,https://dmhm.or.kr,,09:00,18:00,09:00,18:00,매주 월요일+1월 1일+설날추석 당일,0,0,0,,근대기 대구의 모습과 선조들의 생활상을 알 수 있는 공립박물관,지하철 1호선 중앙로역+204+304+349+401+410-1+503+623+706+730+급행2+북구2,053-430-1200,대구광역시,2025-12-10,6270000,대구광역시
전국박물관미술관정보표준데이터,https://www.data.go.kr/data/15017323/standard.do,2025-12-10,place,대구향토역사관,공립,대구광역시 중구,대구광역시 중구 달성공원로 35,35.87339859,128.5759183,대구의 역사와 문화를 소개하는 공립박물관,관람 전 예습 동화와 방문 후 기념 동화책 배경,전시실에서 마음에 드는 작품이나 물건을 찾아 가족과 이야기하기,5-7;8-10,박물관;미술관;대구향토역사관;대구의;역사와;문화를;소개하는;공립박물관,대구향토역사관,공립,대구광역시 중구 달성공원로 35,대구광역시 중구 달성동 294-1,053-430-7920,재단법인 대구문화예술진흥원,https://hyangto.or.kr,,09:00,18:00,09:00,18:00,매주 월요일+1월 1일+설날추석 당일,0,0,0,,대구의 역사와 문화를 소개하는 공립박물관,지하철 3호선 달성공원역+300+808+836+939+동구2,053-430-1200,대구광역시,2025-12-10,6270000,대구광역시
전국박물관미술관정보표준데이터,https://www.data.go.kr/data/15017323/standard.do,2025-12-10,place,대구방짜유기박물관,공립,대구광역시 동구,대구광역시 동구 도장길 29,35.96545542,128.7013639,전국 유일의 방짜유기 테마 전문 박물관,관람 전 예습 동화와 방문 후 기념 동화책 배경,전시실에서 마음에 드는 작품이나 물건을 찾아 가족과 이야기하기,5-7;8-10,박물관;미술관;대구방짜유기박물관;전국;유일의;방짜유기;테마;전문,대구방짜유기박물관,공립,대구광역시 동구 도장길 29,대구광역시 동구 도학동 399,053-430-7920,재단법인 대구문화예술진흥원,https://bangjja.or.kr,,09:00,18:00,09:00,18:00,매주 월요일+1월 1일+설날추석 당일,0,0,0,,전국 유일의 방짜유기 테마 전문 박물관,급행1+팔공1+팔공3,053-430-1200,대구광역시,2025-12-10,6270000,대구광역시
전국박물관미술관정보표준데이터,https://www.data.go.kr/data/15017323/standard.do,2025-12-10,place,대구약령시한의약박물관,공립,대구광역시 중구,대구광역시 중구 남성로 51-1,35.86828731,128.5899134,옛 약령시 사람들의 삶을 관람하고 체험할 수 있는 공립박물관,관람 전 예습 동화와 방문 후 기념 동화책 배경,전시실에서 마음에 드는 작품이나 물건을 찾아 가족과 이야기하기,5-7;8-10,박물관;미술관;대구약령시한의약박물관;옛;약령시;사람들의;삶을;관람하고;체험할;수;있는;공립박물관,대구약령시한의약박물관,공립,대구광역시 중구 남성로 51-1,대구광역시 중구 동성로3가 44-2,053-253-4729,사단법인 약령시보존위원회,www.daegu.go.kr/dgom,,09:00,18:00,09:00,18:00,매주 월요일+1월 1일+설날추석 당일,0,0,0,,옛 약령시 사람들의 삶을 관람하고 체험할 수 있는 공립박물관,지하철 1호선 중앙로역+지하철 2호선 반월당역+204+304+349+401+405+410+410-1+503+518+609+650+706+730+840+909+990+991+급행2+북구2,053-253-4729,대구광역시,2025-12-10,6270000,대구광역시
전국박물관미술관정보표준데이터,https://www.data.go.kr/data/15017323/standard.do,2025-12-10,place,국채보상운동기념관,공립,대구광역시 중구,대구광역시 중구 국채보상로 670,35.86930105,128.6017388,국채보상운동을 테마로 한 공립박물관,관람 전 예습 동화와 방문 후 기념 동화책 배경,전시실에서 마음에 드는 작품이나 물건을 찾아 가족과 이야기하기,5-7;8-10,박물관;미술관;국채보상운동기념관;국채보상운동을;테마로;한;공립박물관,국채보상운동기념관,공립,대구광역시 중구 국채보상로 670,대구광역시 중구 동인동2가 42,053-745-6753,사단법인 국채보상운동기념사업회,http://www.gukchae.com,,09:00,17:00,09:00,17:00,매주 월요일+1월 1일+설날추석 당일,0,0,0,,국채보상운동을 테마로 한 공립박물관,,053-745-6753,대구광역시,2025-12-10,6270000,대구광역시
전국박물관미술관정보표준데이터,https://www.data.go.kr/data/15017323/standard.do,2025-12-10,place,대구섬유박물관,공립,대구광역시 동구,대구광역시 동구 팔공로 227,35.9190995,128.640295,"대한민국 유일의 종합섬유박물관으로 우리나라 섬유,패선의 역사 조망",관람 전 예습 동화와 방문 후 기념 동화책 배경,전시실에서 마음에 드는 작품이나 물건을 찾아 가족과 이야기하기,5-7;8-10,박물관;미술관;대구섬유박물관;대한민국;유일의;종합섬유박물관으로;우리나라;섬유;패선의;역사;조망,대구섬유박물관,공립,대구광역시 동구 팔공로 227,대구광역시 동구 봉무동 1560-1,053-980-1004,대구경북섬유직물공업협동조합,www.dtmuseum.org,,09:00,18:00,09:00,18:00,매주 월요일+1월 1일+설날추석 당일,0,0,0,,"대한민국 유일의 종합섬유박물관으로 우리나라 섬유,패선의 역사 조망",급행1+101-1+401+팔공1+동구8,053-980-1004,대구광역시,2025-12-10,6270000,대구광역시
전국박물관미술관정보표준데이터,https://www.data.go.kr/data/15017323/standard.do,2025-12-10,place,대구교육박물관,공립,대구광역시 북구,대구광역시 북구 대동로1길 40,35.8973687,128.6118383,"영남지역 최초의 교육박물관으로서, 구 대동초등학교를 리모델링하여 박물관으로 운영",관람 전 예습 동화와 방문 후 기념 동화책 배경,전시실에서 마음에 드는 작품이나 물건을 찾아 가족과 이야기하기,5-7;8-10,박물관;미술관;대구교육박물관;영남지역;최초의;교육박물관으로서;구;대동초등학교를;리모델링하여;박물관으로;운영,대구교육박물관,공립,대구광역시 북구 대동로1길 40,대구광역시 북구 산격동 1285,053-231-1790,대구교육박물관,http://www.dge.go.kr/dme/main.do,,09:30,18:00,09:30,18:00,매주 월요일+1월 1일+설날추석 당일,0,0,0,,"영남지역 최초의 교육박물관으로서, 구 대동초등학교를 리모델링하여 박물관으로 운영",300+306+410+410-1+523+706+719+북구1+북구2+순환3+순환3-1,053-231-0000,대구광역시교육청,2025-12-10,6270000,대구광역시
전국박물관미술관정보표준데이터,https://www.data.go.kr/data/15017323/standard.do,2025-12-10,place,전통산업박물관,사립,대구광역시 동구,대구광역시 동구 팔공산로 225-34,35.99780144,128.6138939,"길쌈방, 천연염색, 매실, 전통생산도구 등을 전시,체험교육하는 사립박물관",관람 전 예습 동화와 방문 후 기념 동화책 배경,전시실에서 마음에 드는 작품이나 물건을 찾아 가족과 이야기하기,5-7;8-10,박물관;미술관;전통산업박물관;길쌈방;천연염색;매실;전통생산도구;등을;전시;체험교육하는;사립박물관,전통산업박물관,사립,대구광역시 동구 팔공산로 225-34,대구광역시 동구 덕곡동 34-7,053-981-4562,전통산업박물관,www.skmuseum.co.kr,,10:00,17:00,10:00,17:00,매주 월요일,2000,2000,1500,,"길쌈방, 천연염색, 매실, 전통생산도구 등을 전시,체험교육하는 사립박물관",,053-981-4562,전통산업박물관,2025-12-10,6270000,대구광역시
전국박물관미술관정보표준데이터,https://www.data.go.kr/data/15017323/standard.do,2025-12-10,place,자연염색박물관,사립,대구광역시 동구,대구광역시 동구 파계로 112길 17,35.97933851,128.6364735,"천연 재료를 이용한 자연염색 유물과 도구, 섬유관련 민속자료와 자연염색예술작품을 전시하는 사립박물관",관람 전 예습 동화와 방문 후 기념 동화책 배경,전시실에서 마음에 드는 작품이나 물건을 찾아 가족과 이야기하기,5-7;8-10,박물관;미술관;자연염색박물관;천연;재료를;이용한;자연염색;유물과;도구;섬유관련;민속자료와;자연염색예술작품을,자연염색박물관,사립,대구광역시 동구 파계로 112길 17,대구광역시 동구 중대동 467,053-743-4300,자연염색박물관,http://www.naturaldyeing.net/,,10:00,17:00,10:00,17:00,매주 월요일+1월 1일+설날추석연휴,5000,4000,3000,,"천연 재료를 이용한 자연염색 유물과 도구, 섬유관련 민속자료와 자연염색예술작품을 전시하는 사립박물관",101+101-1,053-981-4330,자연염색박물관,2025-12-10,6270000,대구광역시
전국박물관미술관정보표준데이터,https://www.data.go.kr/data/15017323/standard.do,2025-12-10,place,대구은행금융박물관,사립,대구광역시 수성구,대구광역시 수성구 달구벌대로 2310,35.85931427,128.6149469,대한민국 최초의 지방은행인 대구은행의 역사를 전시하고 금융과 화폐에 대하여 체험할 수 있는 박물관,관람 전 예습 동화와 방문 후 기념 동화책 배경,전시실에서 마음에 드는 작품이나 물건을 찾아 가족과 이야기하기,5-7;8-10,박물관;미술관;대구은행금융박물관;대한민국;최초의;지방은행인;대구은행의;역사를;전시하고;금융과;화폐에;대하여,대구은행금융박물관,사립,대구광역시 수성구 달구벌대로 2310,대구광역시 수성구 수성동2가 118,053-740-0251,대구은행금융박물관,,,10:00,17:30,00:00,00:00,토요일+일요일+공휴일+근로자의날,0,0,0,,대한민국 최초의 지방은행인 대구은행의 역사를 전시하고 금융과 화폐에 대하여 체험할 수 있는 박물관,지하철 2호선 대구은행역+급행2+309+939 등,053-740-2061,주식회사 대구은행,2025-12-10,6270000,대구광역시
전국박물관미술관정보표준데이터,https://www.data.go.kr/data/15017323/standard.do,2025-12-10,place,박물관 수,사립,대구광역시 수성구,대구광역시 수성구 국채보상로 186길 79,35.86482862,128.6341486,"한국의 자수와 민화에 대해 소개하고 전시, 교육하는 사립박물관",관람 전 예습 동화와 방문 후 기념 동화책 배경,전시실에서 마음에 드는 작품이나 물건을 찾아 가족과 이야기하기,5-7;8-10,박물관;미술관;수;한국의;자수와;민화에;대해;소개하고;전시;교육하는;사립박물관,박물관 수,사립,대구광역시 수성구 국채보상로 186길 79,대구광역시 수성구 범어동 136-8,053-744-5500,박물관 수,www.museumsoo.org,,10:00,17:00,00:00,00:00,일요일+공휴일,5000,3000,3000,,"한국의 자수와 민화에 대해 소개하고 전시, 교육하는 사립박물관",지하철 2호선 수성구청역+309+323+323-1+420+420-1+425+509+609+649+724+840+939+100+990+991+303-1+814,053-744-5500,재단법인 동재문화,2025-12-10,6270000,대구광역시
전국박물관미술관정보표준데이터,https://www.data.go.kr/data/15017323/standard.do,2025-12-10,place,박물관 휴르,사립,대구광역시 수성구,대구광역시 수성구 국채보상로 186길 47,35.86605539,128.6332304,"부엉이와 관련된 다양한 전시,체험교육을 운영하는 사립박물관",관람 전 예습 동화와 방문 후 기념 동화책 배경,전시실에서 마음에 드는 작품이나 물건을 찾아 가족과 이야기하기,5-7;8-10,박물관;미술관;휴르;부엉이와;관련된;다양한;전시;체험교육을;운영하는;사립박물관,박물관 휴르,사립,대구광역시 수성구 국채보상로 186길 47,대구광역시 수성구 범어동 136-33,053-759-3902,박물관 휴르,,,10:00,19:00,10:00,19:00,매주 월요일+1월 1일+설날추석연휴,5000,3000,3000,,"부엉이와 관련된 다양한 전시,체험교육을 운영하는 사립박물관",지하철 2호선 수성구청역+309+323+323-1+420+420-1+425+509+609+649+724+840+939+100+990+991+303-1+814,053-759-3902,박물관 휴르,2025-12-10,6270000,대구광역시
전국박물관미술관정보표준데이터,https://www.data.go.kr/data/15017323/standard.do,2025-12-10,place,계명대학교행소박물관,대학,대구광역시 달서구,대구광역시 달서구 달구벌대로 1095,35.85355435,128.4814938,"계명대학교 성서캠퍼스 내에 있는 박물관으로 다양한 유적의 발굴조사, 학술대회, 특별전시, 사회교육활동을 통하여 대구경북지역의 역사와 문화 소개",관람 전 예습 동화와 방문 후 기념 동화책 배경,전시실에서 마음에 드는 작품이나 물건을 찾아 가족과 이야기하기,5-7;8-10,박물관;미술관;계명대학교행소박물관;계명대학교;성서캠퍼스;내에;있는;박물관으로;다양한;유적의;발굴조사;학술대회,계명대학교행소박물관,대학,대구광역시 달서구 달구벌대로 1095,대구광역시 달서구 신당동 1000-2,053-580-6992,계명대학교행소박물관,www.hengsomuseum.com,,10:00,17:00,10:00,17:00,매주 월요일+1월 1일+설날추석 당일,0,0,0,,"계명대학교 성서캠퍼스 내에 있는 박물관으로 다양한 유적의 발굴조사, 학술대회, 특별전시, 사회교육활동을 통하여 대구경북지역의 역사와 문화 소개",지하철 2호선 계명대역+급행1+급행5+250+425+503+527+564+655+달서1+달서3+성서1+성서1-1+성서2+524 등,053-620-2053,계명대학교,2025-12-10,6270000,대구광역시
전국박물관미술관정보표준데이터,https://www.data.go.kr/data/15017323/standard.do,2025-12-10,place,경북대학교박물관,대학,대구광역시 북구,대구광역시 북구 대학로 80,35.88909749,128.6143223,"경북대학교 대구캠퍼스 내에 있는 박물관으로 최근에는 문화강좌, 문화유적답사, 특별전시회 등 사회교육과 전시 기능 강화",관람 전 예습 동화와 방문 후 기념 동화책 배경,전시실에서 마음에 드는 작품이나 물건을 찾아 가족과 이야기하기,5-7;8-10,박물관;미술관;경북대학교박물관;경북대학교;대구캠퍼스;내에;있는;박물관으로;최근에는;문화강좌;문화유적답사;특별전시회,경북대학교박물관,대학,대구광역시 북구 대학로 80,대구광역시 북구 산격동 1370-1,053-950-6536,경북대학교박물관,museum.knu.ac.kr,,10:00,17:00,00:00,00:00,일요일+공휴일,0,0,0,,"경북대학교 대구캠퍼스 내에 있는 박물관으로 최근에는 문화강좌, 문화유적답사, 특별전시회 등 사회교육과 전시 기능 강화",719+937+동구2+북구2+503+410+706,053-950-6537,경북대학교,2025-12-10,6270000,대구광역시
전국박물관미술관정보표준데이터,https://www.data.go.kr/data/15017323/standard.do,2025-12-10,place,경북대학교자연사박물관,대학,대구광역시 군위군,대구광역시 군위군 효령면 경북대로 2228,36.12173194,128.5766028,"국립대학 최초의 자연사박물관으로 군위군 효령면에 소재하며, 국내외 자연사 자료를 수집,전시,연구",관람 전 예습 동화와 방문 후 기념 동화책 배경,전시실에서 마음에 드는 작품이나 물건을 찾아 가족과 이야기하기,5-7;8-10,박물관;미술관;경북대학교자연사박물관;국립대학;최초의;자연사박물관으로;군위군;효령면에;소재하며;국내외;자연사;자료를,경북대학교자연사박물관,대학,대구광역시 군위군 효령면 경북대로 2228,대구광역시 군위군 효령면 장군리 190-2,054-383-7026,경북대학교자연사박물관,mnh.knu.ac.kr,,10:00,17:00,10:00,17:00,매주 월요일+1월 1일+설날추석연휴,0,0,0,,"국립대학 최초의 자연사박물관으로 군위군 효령면에 소재하며, 국내외 자연사 자료를 수집,전시,연구",(시외버스) 군위 안동행 중 구효령 정차 버스 이용,054-383-7026,경북대학교,2025-12-10,6270000,대구광역시
전국박물관미술관정보표준데이터,https://www.data.go.kr/data/15017323/standard.do,2025-12-10,place,대구보건대학인당뮤지엄,대학,대구광역시 북구,대구광역시 북구 학정로 76-1,35.91439529,128.5509366,"대구보건대학교 내에 있는 박물관으로 우리나라 전통 목가구와 규방 용품, 생활 용품들을 전시, 교육",관람 전 예습 동화와 방문 후 기념 동화책 배경,전시실에서 마음에 드는 작품이나 물건을 찾아 가족과 이야기하기,5-7;8-10,박물관;미술관;대구보건대학인당뮤지엄;대구보건대학교;내에;있는;박물관으로;우리나라;전통;목가구와;규방;용품,대구보건대학인당뮤지엄,대학,대구광역시 북구 학정로 76-1,대구광역시 북구 태전동 산 61-7,053-320-1857,대구보건대학인당뮤지엄,https://museum.dhc.ac.kr,,10:00,17:00,00:00,00:00,주말+공휴일,0,0,0,,"대구보건대학교 내에 있는 박물관으로 우리나라 전통 목가구와 규방 용품, 생활 용품들을 전시, 교육",200+250+250-1+300+527+708+719+724+726+730+750+칠곡1+칠곡2+칠곡3+칠곡4+칠곡6+북구1,053-320-1300,대구보건대학교,2025-12-10,6270000,대구광역시
전국박물관미술관정보표준데이터,https://www.data.go.kr/data/15017323/standard.do,2025-12-10,place,달성화석박물관,공립,대구광역시 달성군,대구광역시 달성군 유가읍 테크노대로6길 66,35.68436487,128.4622782,"달성화석박물관은 국내 최초의 공립 화석 전문 박물관으로, 국내에서 발견된 화석을 중심으로 지구의 역사와 생물의 다양성, 생물의 진화 과정에 대하여 전시하고 있습니다.",관람 전 예습 동화와 방문 후 기념 동화책 배경,전시실에서 마음에 드는 작품이나 물건을 찾아 가족과 이야기하기,5-7;8-10,박물관;미술관;달성화석박물관;달성화석박물관은;국내;최초의;공립;화석;전문;박물관으로;국내에서;발견된,달성화석박물관,공립,대구광역시 달성군 유가읍 테크노대로6길 66,대구광역시 달성군 유가읍 상리 971,053-625-4900,달성화석박물관,https://fossilmuseum.dssiseol.or.kr/,카페+뮤지엄샵+물품보관소+수유실+자전거보관대,09:30,17:30,09:30,17:30,"매주 월요일(단, 월요일이 공휴일인 경우 개관하고 그 다음 평일에 휴관)+1월 1일+설날+추석 당일",3000,2000,1000,"달성군민 50 할인, 미취학, 장애인, 국가유공자 등 조례에 따른 무료입장","달성화석박물관은 국내 최초의 공립 화석 전문 박물관으로, 국내에서 발견된 화석을 중심으로 지구의 역사와 생물의 다양성, 생물의 진화 과정에 대하여 전시하고 있습니다.",655+665+급행8-1,053-659-4000,달성군시설관리공단,2025-12-10,6270000,대구광역시
전국박물관미술관정보표준데이터,https://www.data.go.kr/data/15017323/standard.do,2025-08-26,place,진도솔마루미술관,사립,전라남도 진도군,전라남도 진도군 군내면 가흥로 641,34.51366797,126.291313,진도를 찾는 관광객과 지역민들이 넓은 폐고부지를 이용한 미술관의 체헙과 자기가 직접문화체험을 할 수 있도록 꾸려나가며 함께하는 미술사업을 전개,관람 전 예습 동화와 방문 후 기념 동화책 배경,전시실에서 마음에 드는 작품이나 물건을 찾아 가족과 이야기하기,5-7;8-10,박물관;미술관;진도솔마루미술관;진도를;찾는;관광객과;지역민들이;넓은;폐고부지를;이용한;미술관의;체헙과,진도솔마루미술관,사립,전라남도 진도군 군내면 가흥로 641,전라남도 진도군 군내면 분토리 216-1,061-543-8787,진도솔마루미술관,,,09:00,17:00,09:00,17:00,월,0,0,0,무료,진도를 찾는 관광객과 지역민들이 넓은 폐고부지를 이용한 미술관의 체헙과 자기가 직접문화체험을 할 수 있도록 꾸려나가며 함께하는 미술사업을 전개,,061-540-3059,전라남도 진도군청,2025-08-26,5000000,전라남도 진도군
전국박물관미술관정보표준데이터,https://www.data.go.kr/data/15017323/standard.do,2025-08-26,place,나절로미술관,사립,전라남도 진도군,전라남도 진도군 임회면 진도대로 3886,34.38278134,126.2184684,나절로는 “스스로 흥에 겨워 즐거움”이란 뜻으로 쓰는 전라도 사투리로 미술관을 지은 이상은 화가의 호이자 자유분방한 내면적 예술세계를 표현하는 곳이라는 뜻을 함유하고 있다.,관람 전 예습 동화와 방문 후 기념 동화책 배경,전시실에서 마음에 드는 작품이나 물건을 찾아 가족과 이야기하기,5-7;8-10,박물관;미술관;나절로미술관;나절로는;“스스로;흥에;겨워;즐거움”이란;뜻으로;쓰는;전라도;사투리로,나절로미술관,사립,전라남도 진도군 임회면 진도대로 3886,전라남도 진도군 임회면 상만리 403,061-543-8841,나절로미술관,,,09:00,18:00,09:00,18:00,월,10000,5000,0,,나절로는 “스스로 흥에 겨워 즐거움”이란 뜻으로 쓰는 전라도 사투리로 미술관을 지은 이상은 화가의 호이자 자유분방한 내면적 예술세계를 표현하는 곳이라는 뜻을 함유하고 있다.,,061-540-3059,전라남도 진도군청,2025-08-26,5000000,전라남도 진도군
전국박물관미술관정보표준데이터,https://www.data.go.kr/data/15017323/standard.do,2025-08-26,place,소전미술관,공립,전라남도 진도군,전라남도 진도군 진도읍 철마길 29,34.48699026,126.2646155,추사 김정희 이래 서예 대가로 추앙받을 정도로 우리나라 서예계에 뚜렷한 발자취를 남긴 서예계의 거목인 소전 손재형 선생의 작품과 소장품이 전시되어 있으며 그의 제자 양진이·서희환 등의 작품과 의제 허백련 선생의 작품이 전시되어 있다.,관람 전 예습 동화와 방문 후 기념 동화책 배경,전시실에서 마음에 드는 작품이나 물건을 찾아 가족과 이야기하기,5-7;8-10,박물관;미술관;소전미술관;추사;김정희;이래;서예;대가로;추앙받을;정도로;우리나라;서예계에,소전미술관,공립,전라남도 진도군 진도읍 철마길 29,전라남도 진도군 진도읍 성내리 63-1,061-540-6266,전라남도 진도군청,,,09:00,17:30,09:00,17:30,월+설 당일+추석 당일,1500,800,500,,추사 김정희 이래 서예 대가로 추앙받을 정도로 우리나라 서예계에 뚜렷한 발자취를 남긴 서예계의 거목인 소전 손재형 선생의 작품과 소장품이 전시되어 있으며 그의 제자 양진이·서희환 등의 작품과 의제 허백련 선생의 작품이 전시되어 있다.,,061-540-6266,전라남도 진도군청,2025-08-26,5000000,전라남도 진도군
전국박물관미술관정보표준데이터,https://www.data.go.kr/data/15017323/standard.do,2025-12-10,place,정림사지박물관,공립,충청남도 부여군,충청남도 부여군 부여읍 정림로 83,36.27902527,126.9128806,백제시대 가장 화려했던 사비시기의 불교유적 등 백제의 꿈과 땀이 담긴 박물관,관람 전 예습 동화와 방문 후 기념 동화책 배경,전시실에서 마음에 드는 작품이나 물건을 찾아 가족과 이야기하기,5-7;8-10,박물관;미술관;정림사지박물관;백제시대;가장;화려했던;사비시기의;불교유적;등;백제의;꿈과;땀이,정림사지박물관,공립,충청남도 부여군 부여읍 정림로 83,충청남도 부여군 부여읍 동남리 364,041-832-2721,부여군사적관리소,http://www.jeongnimsaji.or.kr/,뮤지엄샵+영상실+연지,09:00,18:00,09:00,18:00,월요일(월요일이 공휴일일경우 그 다음 첫번째평일)+1월 1일+설 당일+추석 당일,0,0,0,무료,백제시대 가장 화려했던 사비시기의 불교유적 등 백제의 꿈과 땀이 담긴 박물관,,041-830-3950,충청남도 부여군청,2025-12-10,4570000,충청남도 부여군
전국박물관미술관정보표준데이터,https://www.data.go.kr/data/15017323/standard.do,2025-12-10,place,부여생활사박물관,사립,충청남도 부여군,충청남도 부여군 규암면 백제문로 553,36.3065313,126.9169635,선사시대부터 근현대까지 선조들의 삶과 관련된 다양한 유물 전시,관람 전 예습 동화와 방문 후 기념 동화책 배경,전시실에서 마음에 드는 작품이나 물건을 찾아 가족과 이야기하기,5-7;8-10,박물관;미술관;부여생활사박물관;선사시대부터;근현대까지;선조들의;삶과;관련된;다양한;유물;전시,부여생활사박물관,사립,충청남도 부여군 규암면 백제문로 553,충청남도 부여군 규암면 호암리 210-2,041-832-0041,부여생활사박물관,,,10:00,17:30,10:00,17:30,설 연휴+추석 연휴,6000,5000,5000,,선사시대부터 근현대까지 선조들의 삶과 관련된 다양한 유물 전시,,041-830-2203,충청남도 부여군청,2025-12-10,4570000,충청남도 부여군
전국박물관미술관정보표준데이터,https://www.data.go.kr/data/15017323/standard.do,2025-12-10,place,한국전통문화대학교박물관,대학,충청남도 부여군,충청남도 부여군 규암면 백제문로 367,36.30789119,126.8966496,문화재분야의 조사 연구 발굴 보존 등 전통문화의 다양한 융복합 연구개발을 선도하는 박물관,관람 전 예습 동화와 방문 후 기념 동화책 배경,전시실에서 마음에 드는 작품이나 물건을 찾아 가족과 이야기하기,5-7;8-10,박물관;미술관;한국전통문화대학교박물관;문화재분야의;조사;연구;발굴;보존;등;전통문화의;다양한;융복합,한국전통문화대학교박물관,대학,충청남도 부여군 규암면 백제문로 367,충청남도 부여군 규암면 합정리 619,041-830-4773,한국전통문화대학교박물관,,,09:30,17:30,00:00,00:00,토+일+공휴일+1월 1일+설 연휴+추석 연휴,0,0,0,,문화재분야의 조사 연구 발굴 보존 등 전통문화의 다양한 융복합 연구개발을 선도하는 박물관,,041-830-2203,충청남도 부여군청,2025-12-10,4570000,충청남도 부여군
전국박물관미술관정보표준데이터,https://www.data.go.kr/data/15017323/standard.do,2025-12-11,place,대가야박물관,공립,경상북도 고령군,경상북도 고령군 대가야읍 대가야로 1203,35.72243051,128.2568087,대가야 전문박물관,관람 전 예습 동화와 방문 후 기념 동화책 배경,전시실에서 마음에 드는 작품이나 물건을 찾아 가족과 이야기하기,5-7;8-10,박물관;미술관;대가야박물관;대가야;전문박물관,대가야박물관,공립,경상북도 고령군 대가야읍 대가야로 1203,경상북도 고령군 대가야읍 지산리 460,054-950-7103,경상북도 고령군청,www.goryeong.go.kr/daegaya/sub01/sub01.do,주차장+어린이체험실,09:00,18:00,09:00,18:00,"매주 월요일(단, 월요일이 공휴일인 경우 공휴일 다음의 첫번째 평일)",0,0,0,0,대가야 전문박물관,,054-950-7103,대가야박물관,2025-12-11,5200000,경상북도 고령군
전국박물관미술관정보표준데이터,https://www.data.go.kr/data/15017323/standard.do,2025-12-10,place,대구간송미술관,공립,대구광역시 수성구,대구광역시 수성구 미술관로 70,35.82702862,128.6743408,"2024년 9월에 개관한 대구간송미술관은 민족문화유산의 보고인 간송미술관의 유일한 상설 전시관으로서 문화보국 정신으로 지켜온 문화유산과 그 의미를 다양한 전시와 교육, 문화 프로그램을 통해 소개하고 시민들의 문화향유욕구에 부응하는 문화예술공간으로서의 역할을 수행하고자 합니다.우리 문화와 전통, 정체성에 대한 현재적인 담론을 지역·세대의 경계를 넘어 미래세대와 함께 풀어가는 대구간송미술관이 되겠습니다. 대구간송미술관에 많은 관심과 관람 부탁드립니다.",관람 전 예습 동화와 방문 후 기념 동화책 배경,전시실에서 마음에 드는 작품이나 물건을 찾아 가족과 이야기하기,5-7;8-10,박물관;미술관;대구간송미술관;2024년;9월에;개관한;대구간송미술관은;민족문화유산의;보고인;간송미술관의;유일한;상설,대구간송미술관,공립,대구광역시 수성구 미술관로 70,대구광역시 수성구 삼덕동 374,053-793-2022,간송미술문화재단,https://kansong.org/daegu/,아트숍+물품보관소+수유실,10:00,19:00,10:00,19:00,"매주 월요일(단, 월요일이 공휴일인 경우에는 월요일 당일 개관 후 그 다음 첫번째 비공휴일에 휴관)+1월 1일+설날추석 당일",6000,3000,3000,"대구시민 20 할인, 국민기초생활법에 따른 수급자+차상위계층 50 할인","2024년 9월에 개관한 대구간송미술관은 민족문화유산의 보고인 간송미술관의 유일한 상설 전시관으로서 문화보국 정신으로 지켜온 문화유산과 그 의미를 다양한 전시와 교육, 문화 프로그램을 통해 소개하고 시민들의 문화향유욕구에 부응하는 문화예술공간으로서의 역할을 수행하고자 합니다.우리 문화와 전통, 정체성에 대한 현재적인 담론을 지역·세대의 경계를 넘어 미래세대와 함께 풀어가는 대구간송미술관이 되겠습니다. 대구간송미술관에 많은 관심과 관람 부탁드립니다.",수성3+수성3-1+도시철도 2호선 수성알파시티역 5번출구에서 순환버스 이용,053-803-3632,대구광역시,2025-12-10,6270000,대구광역시
전국박물관미술관정보표준데이터,https://www.data.go.kr/data/15017323/standard.do,2025-12-10,place,대구문화예술회관 미술관,공립,대구광역시 달서구,대구광역시 달서구 공원순환로 201,35.84476741,128.5581018,1991년 10월 8일 개관한 대구문화예술회관 미술관은 대구미술의 허브로서 기능을 하고 있는 복합문화공간,관람 전 예습 동화와 방문 후 기념 동화책 배경,전시실에서 마음에 드는 작품이나 물건을 찾아 가족과 이야기하기,5-7;8-10,박물관;미술관;대구문화예술회관;1991년;10월;8일;개관한;미술관은;대구미술의;허브로서;기능을;하고,대구문화예술회관 미술관,공립,대구광역시 달서구 공원순환로 201,대구광역시 달서구 성당동 187,053-430-7600,대구문화예술진흥원,https://daeguartscenter.or.kr/,커피명가 카페+수유실+자전거보관대,10:00,19:00,10:00,19:00,"매주 월요일(단, 월요일이 공휴일인 경우에는 월요일 당일 개관 후 그 다음 첫번째 비공휴일에 휴관)+1월 1일+설날추석 당일",0,0,0,,1991년 10월 8일 개관한 대구문화예술회관 미술관은 대구미술의 허브로서 기능을 하고 있는 복합문화공간,609+618+650+706+805+836+남구1-1+급행6+지하철 1호선 서부정류장역 1번출구에서 약 1km,053-430-1200,대구문화예술진흥원,2025-12-10,6270000,대구광역시
전국박물관미술관정보표준데이터,https://www.data.go.kr/data/15017323/standard.do,2025-12-10,place,대구미술관,공립,대구광역시 수성구,대구광역시 수성구 미술관로 40,35.82702862,128.6743408,"2011년 많은 관심 속에 개관한 대구미술관은 지역 미술의 역사와 미학을 연구하고,이를 동시대 현대미술의 흐름과 연결하는 지역대표 미술플랫폼으로 역할하고 있습니다.",관람 전 예습 동화와 방문 후 기념 동화책 배경,전시실에서 마음에 드는 작품이나 물건을 찾아 가족과 이야기하기,5-7;8-10,박물관;미술관;대구미술관;2011년;많은;관심;속에;개관한;대구미술관은;지역;미술의;역사와,대구미술관,공립,대구광역시 수성구 미술관로 40,대구광역시 수성구 삼덕동 374,053-430-7500,대구문화예술진흥원,https://daeguartmuseum.or.kr,수유실+뷰라운지+미술정보센터+아카이브실+핸즈커피+카페,10:00,19:00,10:00,19:00,"매주 월요일(단, 월요일이 공휴일인 경우에는 월요일 당일 개관 후 그 다음 첫번째 비공휴일에 휴관)+1월 1일+설날추석 당일",1000,700,700,"50할인(국민기초생활수급자(본인)막내 나이 19세 미만인 다자녀가정의 부모와 자녀100시간 이상 활동 자원봉사자(본인)그린카드 결제자(본인)  *전용단말기 인증 결제)무료(경로(~1959년생까지), 영.유아(2018년생부터), 장애인과 안내인(1인), 병역명문가증 발급자,  발급자의 부모, 배우자, 자녀, 「독립유공자 예우 및 지원에 관한 법률」 등 타 법령에서 무료관람 대상자로 규정된 사람, 국빈, 외교사절단 및 그 수행자, 학술연구 및 공무수행을 위하여 출입하는 사람)","2011년 많은 관심 속에 개관한 대구미술관은 지역 미술의 역사와 미학을 연구하고,이를 동시대 현대미술의 흐름과 연결하는 지역대표 미술플랫폼으로 역할하고 있습니다.",수성3+수성3-1+도시철도 2호선 수성알파시티역 5번출구에서 순환버스 이용,053-430-7500,대구문화예술진흥원,2025-12-10,6270000,대구광역시
전국박물관미술관정보표준데이터,https://www.data.go.kr/data/15017323/standard.do,2025-12-10,place,경북대학교 미술관,대학,대구광역시 북구,대구광역시 북구 대학로 80,35.88909749,128.6143223,경북대학교 미술관은 지역사회에 봉사하고 글로벌 시대에 문화역량을 강화하기 위해 2006년 설립됨,관람 전 예습 동화와 방문 후 기념 동화책 배경,전시실에서 마음에 드는 작품이나 물건을 찾아 가족과 이야기하기,5-7;8-10,박물관;미술관;경북대학교;미술관은;지역사회에;봉사하고;글로벌;시대에;문화역량을;강화하기;위해;2006년,경북대학교 미술관,대학,대구광역시 북구 대학로 80,대구광역시 북구 산격동 1370-1,053-950-7968,경북대학교,artmuseum.knu.ac.kr,전시실,10:00,18:00,00:00,00:00,일요일+국정공휴일,0,0,0,기획전 및 특별전의 경우 관람료가 책정될 수 있음,경북대학교 미술관은 지역사회에 봉사하고 글로벌 시대에 문화역량을 강화하기 위해 2006년 설립됨,719+동구2+937+북구2+503+410+706,053-950-7968,경북대학교,2025-12-10,6270000,대구광역시
전국박물관미술관정보표준데이터,https://www.data.go.kr/data/15017323/standard.do,2025-12-10,place,계명대 극재미술관,대학,대구광역시 남구,대구광역시 남구 명덕로 104,35.85552317,128.5793157,"1999년 개관한 극재미술관은 한국 추상화의 거목이자 미술대학의 개척과 발전에 큰 공헌을 한 고 극재(克哉) 정점식(鄭點植) 화백의 예술과 교육철학을 본받고자 그 호를 미술관명으로 명명하였습니다.  평소 왕성한 작품활동과 후학사랑의 실천에 앞장서 온 화백의 유화, 크로키, 서적 등의 기증으로 2008년 상설전시실이 만들어지게 되었습니다. 2012년 3월 3개의 전시장(화이트갤러리, 블랙갤러리, 크리에이티브갤러리)으로 확장되면서 교내 부속기관으로 승격되어 독자적인 운영을 시작하였고, 같은 해 12월 ‘박물관 및 미술관 진흥법’에 의거하여 제1종 미술관으로 등록되었습니다. 극재미술관은 대학미술관의 특성에 맞춰 교수·강사와 학생들이 주체가 되어 다양한 분야의 전시를 기획·개최하고 있으며, 향후 새로운 미술사업과 교육프로그램을 개발하여 대학 내 구성원뿐만 아니라 지역주민들이 친근하게 다가갈 수 있는 문화공간의 현장으로 자리매김하고자 합니다.",관람 전 예습 동화와 방문 후 기념 동화책 배경,전시실에서 마음에 드는 작품이나 물건을 찾아 가족과 이야기하기,5-7;8-10,박물관;미술관;계명대;극재미술관;1999년;개관한;극재미술관은;한국;추상화의;거목이자;미술대학의;개척과,계명대 극재미술관,대학,대구광역시 남구 명덕로 104,대구광역시 남구 대명동 2139-11,053-620-2381,계명대학교,https://newcms.kmu.ac.kr/gukje/index.do,전시실,10:00,18:00,00:00,00:00,임시휴관,0,0,0,,"1999년 개관한 극재미술관은 한국 추상화의 거목이자 미술대학의 개척과 발전에 큰 공헌을 한 고 극재(克哉) 정점식(鄭點植) 화백의 예술과 교육철학을 본받고자 그 호를 미술관명으로 명명하였습니다.  평소 왕성한 작품활동과 후학사랑의 실천에 앞장서 온 화백의 유화, 크로키, 서적 등의 기증으로 2008년 상설전시실이 만들어지게 되었습니다. 2012년 3월 3개의 전시장(화이트갤러리, 블랙갤러리, 크리에이티브갤러리)으로 확장되면서 교내 부속기관으로 승격되어 독자적인 운영을 시작하였고, 같은 해 12월 ‘박물관 및 미술관 진흥법’에 의거하여 제1종 미술관으로 등록되었습니다. 극재미술관은 대학미술관의 특성에 맞춰 교수·강사와 학생들이 주체가 되어 다양한 분야의 전시를 기획·개최하고 있으며, 향후 새로운 미술사업과 교육프로그램을 개발하여 대학 내 구성원뿐만 아니라 지역주민들이 친근하게 다가갈 수 있는 문화공간의 현장으로 자리매김하고자 합니다.",509+650+706+805+836+달서4+순환2-1+300+306+518+609+651+805+남구1-1+대구지하철 3호선 남산역 하차 후 2번 출구에서 약 500m,053-620-2381,계명대학교,2025-12-10,6270000,대구광역시
전국박물관미술관정보표준데이터,https://www.data.go.kr/data/15017323/standard.do,2025-12-10,place,권정호미술관,사립,대구광역시 동구,대구광역시 동구 동부로 67,35.87535436,128.619876,권정호 작가의 작품세계를 재조명하는 공간 조성,관람 전 예습 동화와 방문 후 기념 동화책 배경,전시실에서 마음에 드는 작품이나 물건을 찾아 가족과 이야기하기,5-7;8-10,박물관;미술관;권정호미술관;권정호;작가의;작품세계를;재조명하는;공간;조성,권정호미술관,사립,대구광역시 동구 동부로 67,대구광역시 동구 신천동 23-2,053-243-1601,권정호미술관,http://www.kwonjungho.com/,전시실+교육실+자료실+아트샵,10:00,18:00,00:00,00:00,일요일+국정공휴일,6000,3000,3000,,권정호 작가의 작품세계를 재조명하는 공간 조성,410-1+수성4+425+651+도시철도 1호선 신천역,053-243-1601,권정호미술관,2025-12-10,6270000,대구광역시
전국박물관미술관정보표준데이터,https://www.data.go.kr/data/15017323/standard.do,2025-12-10,place,국립대구박물관,국립,대구광역시 수성구,대구광역시 수성구 청호로 321,35.84557453,128.6383419,"대구와 경상북도의 문화유산을 보존,연구,전시,교육하는 국립박물관",관람 전 예습 동화와 방문 후 기념 동화책 배경,전시실에서 마음에 드는 작품이나 물건을 찾아 가족과 이야기하기,5-7;8-10,박물관;미술관;국립대구박물관;대구와;경상북도의;문화유산을;보존;연구;전시;교육하는;국립박물관,국립대구박물관,국립,대구광역시 수성구 청호로 321,대구광역시 수성구 황금동 70,053-768-6051,국립대구박물관,https://daegu.museum.go.kr,,09:00,18:00,09:00,18:00,매주 월요일+1월 1일+설날추석 당일,0,0,0,,"대구와 경상북도의 문화유산을 보존,연구,전시,교육하는 국립박물관",순환3+순환3-1+234+349+449+수성1+수성1-1+수성3+수성3-1,053-768-6051,문화체육관광부,2025-12-10,6270000,대구광역시
전국박물관미술관정보표준데이터,https://www.data.go.kr/data/15017323/standard.do,2025-11-04,place,㈜장생도라지박물관,사립,경상남도 진주시,경상남도 진주시 금곡면 정자천로15번길 5,35.13833722,128.1713736,장생도라지 관련 전시,관람 전 예습 동화와 방문 후 기념 동화책 배경,전시실에서 마음에 드는 작품이나 물건을 찾아 가족과 이야기하기,5-7;8-10,박물관;미술관;㈜장생도라지박물관;장생도라지;관련;전시,㈜장생도라지박물관,사립,경상남도 진주시 금곡면 정자천로15번길 5,경상남도 진주시 금곡면 정자리 1218-9,055-771-1000,㈜장생도라지,,,09:00,17:30,09:00,17:30,토+일,0,0,0,0,장생도라지 관련 전시,시내버스(292번+293번+294번+295번+390번+391번),055-771-1000,장생도라지 박물관,2025-11-04,5310000,경상남도 진주시
전국박물관미술관정보표준데이터,https://www.data.go.kr/data/15017323/standard.do,2025-11-04,place,(사)진주어린이박물관,사립,경상남도 진주시,경상남도 진주시 망경로 224번길 40,35.1811237,128.0788419,"업사이클아트 작품 관람, 미디어아트 체험, 기획전시장 관람 및 체험, 생태미술관람 및 체험, VR 체험이 가능",관람 전 예습 동화와 방문 후 기념 동화책 배경,전시실에서 마음에 드는 작품이나 물건을 찾아 가족과 이야기하기,5-7;8-10,박물관;미술관;(사)진주어린이박물관;업사이클아트;작품;관람;미디어아트;체험;기획전시장;및;생태미술관람;VR,(사)진주어린이박물관,사립,경상남도 진주시 망경로 224번길 40,경상남도 진주시 망경동 218-3,055-754-0007,(사)한국기초교육개발원,https://jcm.or.kr/jjcm/main/index.php,,10:20,19:00,10:20,19:00,일+1월 1일+설날연휴+추석연휴,7000,15000,15000,30 할인(국가유공자+ 장애인+국민기초생활수급자+다자녀가구+ 만 65세 이상)+ 제휴기관 할인+무료(36개월미만 어린이 동반시 입장가능)+단체25명이상 10000원,"업사이클아트 작품 관람, 미디어아트 체험, 기획전시장 관람 및 체험, 생태미술관람 및 체험, VR 체험이 가능",시내버스(121번+136번),055-754-0007,(사)한국기초교육개발원,2025-11-04,5310000,경상남도 진주시
전국박물관미술관정보표준데이터,https://www.data.go.kr/data/15017323/standard.do,2025-11-04,place,국립진주박물관,국립,경상남도 진주시,경상남도 진주시 남강로 626-35,35.18901371,128.0768441,"임진왜란과 관련된 동아시아 사회의 역사, 경남의 역사와 문화를 종합적으로 연구, 전시, 교육",관람 전 예습 동화와 방문 후 기념 동화책 배경,전시실에서 마음에 드는 작품이나 물건을 찾아 가족과 이야기하기,5-7;8-10,박물관;미술관;국립진주박물관;임진왜란과;관련된;동아시아;사회의;역사;경남의;역사와;문화를;종합적으로,국립진주박물관,국립,경상남도 진주시 남강로 626-35,경상남도 진주시 남성동 169-17,055-740-0698,국립진주박물관,https://jinju.museum.go.kr/kor/,,09:00,18:00,09:00,18:00,월+1월 1일+설 당일+추석 당일,0,0,0,0,"임진왜란과 관련된 동아시아 사회의 역사, 경남의 역사와 문화를 종합적으로 연구, 전시, 교육",시내버스(120번+210번+253번+260번+270번+280번+290번+340번+353번+373번+420번+730번),055-740-0698,국립진주박물관,2025-11-04,5310000,경상남도 진주시
전국박물관미술관정보표준데이터,https://www.data.go.kr/data/15017323/standard.do,2025-11-04,place,국립저작권박물관,국립,경상남도 진주시,경상남도 진주시 소호로 117,35.17918439,128.1344898,문화 콘텐츠의 지지 기반인 저작권 가치에 대해 국민들의 체험적 경험 제공,관람 전 예습 동화와 방문 후 기념 동화책 배경,전시실에서 마음에 드는 작품이나 물건을 찾아 가족과 이야기하기,5-7;8-10,박물관;미술관;국립저작권박물관;문화;콘텐츠의;지지;기반인;저작권;가치에;대해;국민들의;체험적,국립저작권박물관,국립,경상남도 진주시 소호로 117,경상남도 진주시 충무공동 15-2,055-792-0330,국립저작권위원회,https://copyright.or.kr/allco/main.do,,10:00,17:00,00:00,00:00,토+일+공휴일,0,0,0,0,문화 콘텐츠의 지지 기반인 저작권 가치에 대해 국민들의 체험적 경험 제공,시내버스(10번+150번+280번+290번+300번+301번),055-792-0330,국립저작권위원회,2025-11-04,5310000,경상남도 진주시
전국박물관미술관정보표준데이터,https://www.data.go.kr/data/15017323/standard.do,2025-11-04,place,토지주택박물관,사립,경상남도 진주시,경상남도 진주시 충의로 19,35.17824568,128.146167,우리 민족의 주거건축문화와 토목건축기술을 테마로한 전문 박물관,관람 전 예습 동화와 방문 후 기념 동화책 배경,전시실에서 마음에 드는 작품이나 물건을 찾아 가족과 이야기하기,5-7;8-10,박물관;미술관;토지주택박물관;우리;민족의;주거건축문화와;토목건축기술을;테마로한;전문,토지주택박물관,사립,경상남도 진주시 충의로 19,경상남도 진주시 충무공동 227-2,055-922-5432,한국토지주택공사,https://museum.lh.or.kr/main.do,,10:00,17:00,10:00,17:00,설날연휴+추석연휴+5월 1일(근로자의 날)+10월 1일(창사기념일),0,0,0,0,우리 민족의 주거건축문화와 토목건축기술을 테마로한 전문 박물관,시내버스(10번+150번+200번+290번+301번+301-1번+380번),055-922-5432,한국토지주택공사,2025-11-04,5310000,경상남도 진주시
전국박물관미술관정보표준데이터,https://www.data.go.kr/data/15017323/standard.do,2025-11-04,place,남가람박물관,사립,경상남도 진주시,경상남도 진주시 내동면 칠봉산길 190,35.15258563,128.0547633,선조들의 지혜가 담긴 다양한 유물들과 아름다운 향토문화의 자취를 감상할 수 있는 박물관,관람 전 예습 동화와 방문 후 기념 동화책 배경,전시실에서 마음에 드는 작품이나 물건을 찾아 가족과 이야기하기,5-7;8-10,박물관;미술관;남가람박물관;선조들의;지혜가;담긴;다양한;유물들과;아름다운;향토문화의;자취를;감상할,남가람박물관,사립,경상남도 진주시 내동면 칠봉산길 190,경상남도 진주시 내동면 삼계리 16-32,055-762-8380,(재)남가람문화재단,http://namgaram.or.kr/,,10:00,18:00,10:00,18:00,월요일+설날연휴+추석연휴,2000,1000,500,"장애인, 유공자 : 1,000원, 군인 노인 : 1,000원",선조들의 지혜가 담긴 다양한 유물들과 아름다운 향토문화의 자취를 감상할 수 있는 박물관,시내버스(241번+340번+341번+342번+343번+343번),055-762-8380,(재)남가람문화재단,2025-11-04,5310000,경상남도 진주시
전국박물관미술관정보표준데이터,https://www.data.go.kr/data/15017323/standard.do,2024-07-30,place,당림미술관,사립,충청남도 아산시,충청남도 아산시 송악면 외암로 1182번길 34-19,36.742747,127.018673,당림미술관을(를) 배경으로 관람 전후 동화를 만들 수 있다.,관람 전 예습 동화와 방문 후 기념 동화책 배경,전시실에서 마음에 드는 작품이나 물건을 찾아 가족과 이야기하기,5-7;8-10,박물관;미술관;당림미술관,당림미술관,사립,충청남도 아산시 송악면 외암로 1182번길 34-19,충청남도 아산시 송악면 외암리 429-14,041-543-6969,당림미술관,www.dangnim.co.kr,카페 등,10:00,18:00,10:00,18:00,월,4000,2000,2000,문화의 날(50) 할인+만4세미만 유아 무료,,[현지교통] 1. 시내버스(온양) → 100번+101번 탑승 후 당림미술관 입구에서 하차(20분에서 40분간격_40분 소요),041-540-2825,충청남도 아산시,2024-07-30,4520000,충청남도 아산시
전국박물관미술관정보표준데이터,https://www.data.go.kr/data/15017323/standard.do,2024-07-30,place,온양민속박물관,사립,충청남도 아산시,충청남도 아산시 충무로 123,36.79323056,127.0079103,온양민속박물관을(를) 배경으로 관람 전후 동화를 만들 수 있다.,관람 전 예습 동화와 방문 후 기념 동화책 배경,전시실에서 마음에 드는 작품이나 물건을 찾아 가족과 이야기하기,5-7;8-10,박물관;미술관;온양민속박물관,온양민속박물관,사립,충청남도 아산시 충무로 123,충청남도 아산시 권곡동 403-1,041-542-6001,(재)구정문화재단,onyangmuseum.or.kr/,카페 등,10:00,17:30,10:00,17:30,월,5000,3000,1500,아산시민(80)+문화가 있는 날(30)+아산시티투어 및 장애인 할인,,경부고속국도-남부우회도로-국도21호선을 이용하거나 38번국도-48번 국도를 이용하거나 아산만방조제-39번 국도를 이용해서 올 수 있습니다.,041-530-8497,충청남도 아산시,2024-07-30,4520000,충청남도 아산시
전국박물관미술관정보표준데이터,https://www.data.go.kr/data/15017323/standard.do,2024-07-30,place,영인산산림박물관,공립,충청남도 아산시,충청남도 아산시 염치읍 아산온천로 16-26,36.84059456,126.9500195,영인산산림박물관을(를) 배경으로 관람 전후 동화를 만들 수 있다.,관람 전 예습 동화와 방문 후 기념 동화책 배경,전시실에서 마음에 드는 작품이나 물건을 찾아 가족과 이야기하기,5-7;8-10,박물관;미술관;영인산산림박물관,영인산산림박물관,공립,충청남도 아산시 염치읍 아산온천로 16-26,충청남도 아산시 영인면 아산리 산56-1,041-538-1947,아산시시설관리공단,museum.asanfmc.or.kr/museum/,수유실+장애인화장실 등,10:00,18:00,10:00,18:00,"월, 1월1일, 설, 추석 연휴",2000,1500,1000,주차료 부과,,영인산자연휴양림 주차장에 주차하시고 차단기를 지나 수목원을 거쳐 약 20~30분 정도 정상방향으로 이동,041-530-8497,충청남도 아산시,2024-07-30,4520000,충청남도 아산시
전국박물관미술관정보표준데이터,https://www.data.go.kr/data/15017323/standard.do,2024-07-30,place,아산정린박물관,사립,충청남도 아산시,충청남도 아산시 배방읍 휴대길 142,36.77243798,127.1176483,아산정린박물관을(를) 배경으로 관람 전후 동화를 만들 수 있다.,관람 전 예습 동화와 방문 후 기념 동화책 배경,전시실에서 마음에 드는 작품이나 물건을 찾아 가족과 이야기하기,5-7;8-10,박물관;미술관;아산정린박물관,아산정린박물관,사립,충청남도 아산시 배방읍 휴대길 142,충청남도 아산시 배방읍 휴대리 55-1,041-549-4005,아산정린박물관,blog.naver.com/jeonglin,없음,10:00,18:00,10:00,18:00,일,4000,3000,1500,,,천안종합터미널에서 건창여객 614번 버스 이용,041-530-8497,충청남도 아산시,2024-07-30,4520000,충청남도 아산시
전국박물관미술관정보표준데이터,https://www.data.go.kr/data/15017323/standard.do,2024-07-30,place,충무공이순신 기념관,국립,충청남도 아산시,충청남도 아산시 염치읍 현충사길 126,36.806513,127.0311988,충무공이순신 기념관을(를) 배경으로 관람 전후 동화를 만들 수 있다.,관람 전 예습 동화와 방문 후 기념 동화책 배경,전시실에서 마음에 드는 작품이나 물건을 찾아 가족과 이야기하기,5-7;8-10,박물관;미술관;충무공이순신;기념관,충무공이순신 기념관,국립,충청남도 아산시 염치읍 현충사길 126,충청남도 아산시 염치읍 백암리 298-1,041-539-4600,문화재청,hcs.khs.go.kr/,수유실+장애인화장실 등,09:00,18:00,09:00,18:00,월,0,0,0,무료,,대중교통기차편 고속철도 : 천안아산역 → 택시 → 현충사일반열차 : 온양온천역(장항선) → 시내버스 → 현충사전철 : 1호선(신창행) → 온양온천역 → 시내버스 → 현충사버스편 고속버스 : 아산(온양)버스터미널 → 시내버스 → 현충사시내버스 : 아산평생학습관 - 온천역 - 온양터미널 - 현충사(경유) - 탕정면 - 남부오거리 - 천안역 - 천안터미널 : 970+971번,041-530-8497,충청남도 아산시,2024-07-30,4520000,충청남도 아산시
전국박물관미술관정보표준데이터,https://www.data.go.kr/data/15017323/standard.do,2024-07-30,place,외암민속관,공립,충청남도 아산시,충청남도 아산시 송악면 외암민속길5,36.73032636,127.0137712,외암민속관을(를) 배경으로 관람 전후 동화를 만들 수 있다.,관람 전 예습 동화와 방문 후 기념 동화책 배경,전시실에서 마음에 드는 작품이나 물건을 찾아 가족과 이야기하기,5-7;8-10,박물관;미술관;외암민속관,외암민속관,공립,충청남도 아산시 송악면 외암민속길5,충청남도 아산시 송악면 외암리 258-3,041-536-8680,충청남도 아산시 문화유산과,www.asan.go.kr/oeamfolk/main/,수유실+장애인화장실,09:00,18:00,09:00,18:00,연중무휴,2000,1000,1000,"설, 추석 당일 무료 입장",,[대중교통] 1. 서울역 → 온양온천역(05:15 - 19:50 30분 간격_1시간 30분 소요) 장항선 철도:온양온천역 2. 서울강남터미널 → 아산(06:30 - 21:00 30분 간격_1시간 30분 소요)  3. 대전동부터미널 → 아산(07:05 - 19:55 30분 간격_1시간 30분 소요)  4. 청주터미널 → 아산(06:50 - 21:10 30분 간격_1시간 20분 소요)  5. 인천터미널 → 아산(06:00 - 20:00 30분 간격_2시간 00분 소요),041-530-8451,충청남도 아산시,2024-07-30,4520000,충청남도 아산시
전국박물관미술관정보표준데이터,https://www.data.go.kr/data/15017323/standard.do,2024-07-30,place,고불맹사성기념관,공립,충청남도 아산시,충청남도 아산시 배방읍 행단길 22,36.74778381,127.0416058,고불맹사성기념관을(를) 배경으로 관람 전후 동화를 만들 수 있다.,관람 전 예습 동화와 방문 후 기념 동화책 배경,전시실에서 마음에 드는 작품이나 물건을 찾아 가족과 이야기하기,5-7;8-10,박물관;미술관;고불맹사성기념관,고불맹사성기념관,공립,충청남도 아산시 배방읍 행단길 22,충청남도 아산시 배방읍 중리 275,041-541-5330,충청남도 아산시 문화유산과,www.asan.go.kr/gb_museum2,장애인화장실+휴게공간 등,09:00,18:00,09:00,18:00,"1월1일, 설, 추석 당일",0,0,0,무료,,시내버스온양온천역 : 온양온천역정류장에서 170번+171번+172번 승차 (33분) 맹사성고택정류장 하차 (도보로 275m 이동) 아산시외버스터미널 : 고속버스터미널(시티노래방앞)정류장 에서 151번+170번+171번+172번 승차(26분) 맹사성고택정류장 하차(도보로 275m 이동),041-530-8497,충청남도 아산시,2024-07-30,4520000,충청남도 아산시
전국박물관미술관정보표준데이터,https://www.data.go.kr/data/15017323/standard.do,2024-08-23,place,한국족보박물관,공립,대전광역시 중구,대전광역시 중구 뿌리공원로 79(침산동),36.28538043,127.3883000376,족보 전문 공립박물관,관람 전 예습 동화와 방문 후 기념 동화책 배경,전시실에서 마음에 드는 작품이나 물건을 찾아 가족과 이야기하기,5-7;8-10,박물관;미술관;한국족보박물관;족보;전문;공립박물관,한국족보박물관,공립,대전광역시 중구 뿌리공원로 79(침산동),대전광역시 중구 침산동 364,042-288-8310,대전광역시 중구 효문화마을관리원,https://djjunggu.go.kr/hyo/sub04_01_01.do,휠체어+유모차+모유수유실+매점,10:00,17:00,10:00,17:00,월+설 당일+추석 당일,0,0,0,,족보 전문 공립박물관,https://djjunggu.go.kr/hyo/sub04_01_01.do,042-288-8310,대전광역시 중구 효문화마을관리원,2024-08-23,3650000,대전광역시 중구
전국박물관미술관정보표준데이터,https://www.data.go.kr/data/15017323/standard.do,2024-09-23,place,거창박물관,공립,경상남도 거창군,경상남도 거창군 거창읍 수남로 2181,35.67430045,127.9103127,거창 향토 사학자 최남식+김태순 두 분의 기증유물 1000점으로 1988. 5. 20. 건립된 군단위 최초 공립박물관,관람 전 예습 동화와 방문 후 기념 동화책 배경,전시실에서 마음에 드는 작품이나 물건을 찾아 가족과 이야기하기,5-7;8-10,박물관;미술관;거창박물관;거창;향토;사학자;최남식+김태순;두;분의;기증유물;1000점으로;1988.,거창박물관,공립,경상남도 거창군 거창읍 수남로 2181,경상남도 거창군 거창읍 김천리 216-5,055-940-8740,거창박물관,http://www.geochang.go.kr/museum/Index.do,야외화장실,09:00,17:00,09:00,17:00,월+1월 1일+설 당일+추석 당일,0,0,0,전부무료,거창 향토 사학자 최남식+김태순 두 분의 기증유물 1000점으로 1988. 5. 20. 건립된 군단위 최초 공립박물관,농어촌버스 : 남상·춘전선(홈페이지 참조)+도보 : 거창군청 ↔ 박물관(500m),055-940-8740,경상남도 거창군청,2024-09-23,5470000,경상남도 거창군
전국박물관미술관정보표준데이터,https://www.data.go.kr/data/15017323/standard.do,2024-10-14,place,창녕박물관,공립,경상남도 창녕군,경상남도 창녕군 창녕읍 창밀로 34,35.54540564,128.5054413,창녕박물관을(를) 배경으로 관람 전후 동화를 만들 수 있다.,관람 전 예습 동화와 방문 후 기념 동화책 배경,전시실에서 마음에 드는 작품이나 물건을 찾아 가족과 이야기하기,5-7;8-10,박물관;미술관;창녕박물관,창녕박물관,공립,경상남도 창녕군 창녕읍 창밀로 34,경상남도 창녕군 창녕읍 교리 87-1,055-530-1500,경상남도 창녕군청,https://www.cng.go.kr/01656/01671.web,장애인화장실+유모차/휠체어 대여+유모차/휠체어 이용가능,09:00,18:00,09:00,18:00,매주 월요일+1월 1일+설날+추석날,0,0,0,,,,055-530-1500,경상남도 창녕군청,2024-10-14,5410000,경상남도 창녕군
전국박물관미술관정보표준데이터,https://www.data.go.kr/data/15017323/standard.do,2024-10-14,place,비봉리 패총전시관,공립,경상남도 창녕군,경상남도 창녕군 부곡면 비봉길 7,35.41065676,128.6452583,비봉리 패총전시관을(를) 배경으로 관람 전후 동화를 만들 수 있다.,관람 전 예습 동화와 방문 후 기념 동화책 배경,전시실에서 마음에 드는 작품이나 물건을 찾아 가족과 이야기하기,5-7;8-10,박물관;미술관;비봉리;패총전시관,비봉리 패총전시관,공립,경상남도 창녕군 부곡면 비봉길 7,경상남도 창녕군 부곡면 비봉리 43,055-530-1516,경상남도 창녕군청,https://www.cng.go.kr/01656/03216/03217.web,장애인화장실+유모차/휠체어 이용가능,09:00,18:00,09:00,18:00,매주 월요일+1월 1일+설날+추석날,0,0,0,,,,055-530-1515,경상남도 창녕군청,2024-10-14,5410000,경상남도 창녕군
전국박물관미술관정보표준데이터,https://www.data.go.kr/data/15017323/standard.do,2025-11-05,place,화순군립 최상준미술관,공립,전라남도 화순군,전라남도 화순군 화순읍 진각로 249-8,35.0733094,126.9875228,2018.10.22. 미술관 등록 및 개관,관람 전 예습 동화와 방문 후 기념 동화책 배경,전시실에서 마음에 드는 작품이나 물건을 찾아 가족과 이야기하기,5-7;8-10,박물관;미술관;화순군립;최상준미술관;2018.10.22.;등록;및;개관,화순군립 최상준미술관,공립,전라남도 화순군 화순읍 진각로 249-8,전라남도 화순군 화순읍 동구리 43,061-379-3836,전라남도 화순군청,https://sbart.or.kr/,"전시실(1~2, 석봉)+수장고(1~3)+사무실+도서실+세미나실&교육창작실+화장실+승강기",10:00,18:00,10:00,18:00,월요일+1월1일+설날+추석당일포함3일,0,0,0,,2018.10.22. 미술관 등록 및 개관,,061-379-3835,전라남도 화순군청,2025-11-05,4900000,전라남도 화순군
전국박물관미술관정보표준데이터,https://www.data.go.kr/data/15017323/standard.do,2025-11-10,place,전라남도농업박물관,공립,전라남도 영암군,전라남도 영암군 삼호읍 녹색로 653-11,34.776157,126.457776,전라남도농업박물관을(를) 배경으로 관람 전후 동화를 만들 수 있다.,관람 전 예습 동화와 방문 후 기념 동화책 배경,전시실에서 마음에 드는 작품이나 물건을 찾아 가족과 이야기하기,5-7;8-10,박물관;미술관;전라남도농업박물관,전라남도농업박물관,공립,전라남도 영암군 삼호읍 녹색로 653-11,전라남도 영암군 삼호읍 나불리 306,061-462-2796,전라남도농업박물관,https://www.jam.go.kr/sites/kr/index.do,,09:00,18:00,09:00,18:00,"월(단, 월요일이 공휴일인 경우에는 개관)+1월1일+그밖에 도지사가 정하는 휴관일",0,0,0,,,,061-462-2796,전라남도청,2025-11-10,6460000,전라남도
전국박물관미술관정보표준데이터,https://www.data.go.kr/data/15017323/standard.do,2025-11-10,place,전남도립미술관(본관),공립,전라남도 광양시,전라남도 광양시 광양읍 순광로 660,34.9678781744,127.5888220527,전남도립미술관(본관)을(를) 배경으로 관람 전후 동화를 만들 수 있다.,관람 전 예습 동화와 방문 후 기념 동화책 배경,전시실에서 마음에 드는 작품이나 물건을 찾아 가족과 이야기하기,5-7;8-10,박물관;미술관;전남도립미술관(본관),전남도립미술관(본관),공립,전라남도 광양시 광양읍 순광로 660,전라남도 광양시 광양읍 인동리 466,061-760-3215,전라남도 전남도립미술관,https://artmuseum.jeonnam.go.kr/,,10:00,18:00,10:00,18:00,월+1월1일+설 당일+추석 당일+그밖에 도지사가 정하는 휴관일,1000,700,700,전남도민은 관람료의 50,,,061-760-3242,전라남도청,2025-11-10,6460000,전라남도
전국박물관미술관정보표준데이터,https://www.data.go.kr/data/15017323/standard.do,2025-11-10,place,아산조방원미술관(분관),공립,전라남도 곡성군,전라남도 곡성군 옥과면 미술관로 27,35.2788039315,127.1354816664,아산조방원미술관(분관)을(를) 배경으로 관람 전후 동화를 만들 수 있다.,관람 전 예습 동화와 방문 후 기념 동화책 배경,전시실에서 마음에 드는 작품이나 물건을 찾아 가족과 이야기하기,5-7;8-10,박물관;미술관;아산조방원미술관(분관),아산조방원미술관(분관),공립,전라남도 곡성군 옥과면 미술관로 27,전라남도 곡성군 옥과면 죽림리 420-1,061-363-7278,전라남도 아산조방원미술관,,,10:00,18:00,10:00,18:00,휴관중(미술관 리모델링),0,0,0,,,,061-363-7278,전라남도청,2025-11-10,6460000,전라남도
전국박물관미술관정보표준데이터,https://www.data.go.kr/data/15017323/standard.do,2025-11-11,place,이천시립월전미술관,공립,경기도 이천시,경기도 이천시 경충대로2709번길 185,37.28016467,127.4240483,이천시립월전미술관은 한국화의 거장 월전 장우성선생을 기리는 기념관적 성격의 미술관 입니다.,관람 전 예습 동화와 방문 후 기념 동화책 배경,전시실에서 마음에 드는 작품이나 물건을 찾아 가족과 이야기하기,5-7;8-10,박물관;미술관;이천시립월전미술관;이천시립월전미술관은;한국화의;거장;월전;장우성선생을;기리는;기념관적;성격의;입니다.,이천시립월전미술관,공립,경기도 이천시 경충대로2709번길 185,,031-637-0032,재단법인 월전미술문화재단,http://www.iwoljeon.org/,아트숍+카페+세미나실,10:00,18:00,10:00,18:00,매주월요일+1월1일+설날당일+추석당일,2000,1000,600,이천시민 50퍼센트할인+영유아 및 65세 이상 무료+그린카드 30퍼센트할인+예술인패스 30퍼센트할인,이천시립월전미술관은 한국화의 거장 월전 장우성선생을 기리는 기념관적 성격의 미술관 입니다.,이천설봉공원 내,031-645-3653,경기도 이천시청,2025-11-11,4070000,경기도 이천시
전국박물관미술관정보표준데이터,https://www.data.go.kr/data/15017323/standard.do,2025-11-11,place,이천시립박물관,공립,경기도 이천시,경기도 이천시 경충대로2697번길 172,37.2748184,127.4273361,"이천시립박물관은 이천고을의 고고, 역사, 민속문화에 관한 자료를 통해 이천의 정체성을 알리고 도자문화의 메카로서 전통을 계승하고 있습니다.",관람 전 예습 동화와 방문 후 기념 동화책 배경,전시실에서 마음에 드는 작품이나 물건을 찾아 가족과 이야기하기,5-7;8-10,박물관;미술관;이천시립박물관;이천시립박물관은;이천고을의;고고;역사;민속문화에;관한;자료를;통해;이천의,이천시립박물관,공립,경기도 이천시 경충대로2697번길 172,,031-633-9734,재단법인 이천문화재단,https://www.artic.or.kr/icmus/main/view,,09:00,18:00,09:00,18:00,매주월요일+신정+설날당일+추석당일+월요일이 공휴일인 경우는 그 다음날+이천시장이 필요하다고 인정할 때,0,0,0,무료,"이천시립박물관은 이천고을의 고고, 역사, 민속문화에 관한 자료를 통해 이천의 정체성을 알리고 도자문화의 메카로서 전통을 계승하고 있습니다.",이천설봉공원 내,031-633-9734,경기도 이천시청,2025-11-11,4070000,경기도 이천시
전국박물관미술관정보표준데이터,https://www.data.go.kr/data/15017323/standard.do,2025-09-25,place,가산박물관,사립,충청북도 옥천군,충청북도 옥천군 안내면 안내회남로 310-5,36.40466701,127.6218971,고서 중심으로 테마별 관련자료 전시,관람 전 예습 동화와 방문 후 기념 동화책 배경,전시실에서 마음에 드는 작품이나 물건을 찾아 가족과 이야기하기,5-7;8-10,박물관;미술관;가산박물관;고서;중심으로;테마별;관련자료;전시,가산박물관,사립,충청북도 옥천군 안내면 안내회남로 310-5,충청북도 옥천군 안내면 용촌리 221,043-733-9129,가산박물관,,주차장,09:00,18:00,09:00,18:00,연중무휴,0,0,0,0,고서 중심으로 테마별 관련자료 전시,,043-733-9129,가산박물관,2025-09-25,4430000,충청북도 옥천군
전국박물관미술관정보표준데이터,https://www.data.go.kr/data/15017323/standard.do,2025-11-07,place,향토사료관,공립,경기도 의왕시,경기도 의왕시 골우물길 49,37.3422075,126.9695117,의왕시의 역사와 문화를 보존 관리하는 기관,관람 전 예습 동화와 방문 후 기념 동화책 배경,전시실에서 마음에 드는 작품이나 물건을 찾아 가족과 이야기하기,5-7;8-10,박물관;미술관;향토사료관;의왕시의;역사와;문화를;보존;관리하는;기관,향토사료관,공립,경기도 의왕시 골우물길 49,경기도 의왕시 고천동 159,031-345-3666,경기도 의왕시청,https://www.uiwang.go.kr/,,09:00,18:00,00:00,00:00,월(첫째 주+셋째 주)+법정 공휴일,0,0,0,,의왕시의 역사와 문화를 보존 관리하는 기관,버스(1-1+1-2+52-1),031-345-3666,경기도 의왕시청,2025-11-07,4030000,경기도 의왕시
전국박물관미술관정보표준데이터,https://www.data.go.kr/data/15017323/standard.do,2025-11-07,place,철도박물관,사립,경기도 의왕시,경기도 의왕시 철도박물관로 142,37.3140471,126.9512975,철도역사가 살아 숨쉬는 철도문화의 전당,관람 전 예습 동화와 방문 후 기념 동화책 배경,전시실에서 마음에 드는 작품이나 물건을 찾아 가족과 이야기하기,5-7;8-10,박물관;미술관;철도박물관;철도역사가;살아;숨쉬는;철도문화의;전당,철도박물관,사립,경기도 의왕시 철도박물관로 142,경기도 의왕시 월암동 374-1,031-461-3610,한국철도공사,https://www.railroadmuseum.co.kr/,휴게실+기념품점,09:00,18:00,09:00,18:00,월(단 월요일이 공휴일인 경우 다음날),2000,1000,1000,,철도역사가 살아 숨쉬는 철도문화의 전당,버스(1-1+1-2+52-2)+지하철 1호선 의왕역,031-461-3610,한국철도공사,2025-11-07,4030000,경기도 의왕시
전국박물관미술관정보표준데이터,https://www.data.go.kr/data/15017323/standard.do,2025-11-05,place,은해사성보박물관,사립,경상북도 영천시,경상북도 영천시 청통면 은해사로 300,35.9902609,128.794311,대한불교조계종 제10교구 본사인 은해사와 말사의 성보문화재를 보존 및 전시하기 위해 개관,관람 전 예습 동화와 방문 후 기념 동화책 배경,전시실에서 마음에 드는 작품이나 물건을 찾아 가족과 이야기하기,5-7;8-10,박물관;미술관;은해사성보박물관;대한불교조계종;제10교구;본사인;은해사와;말사의;성보문화재를;보존;및;전시하기,은해사성보박물관,사립,경상북도 영천시 청통면 은해사로 300,경상북도 영천시 청통면 치일리 479,054-335-3318,은해사,http://www.eunhae-sa.org,전시실,10:00,16:30,10:00,16:30,월요일+1월1일+명절연휴+ 관람종료시각 안내사항 평일/공휴일관람종료시각 4월~9월(17:00) 10월~3월(16:30),0,0,0,무료,대한불교조계종 제10교구 본사인 은해사와 말사의 성보문화재를 보존 및 전시하기 위해 개관,버스 : 은해사 행 노선버스,054-330-6865,경상북도 영천시청,2025-11-05,5100000,경상북도 영천시
전국박물관미술관정보표준데이터,https://www.data.go.kr/data/15017323/standard.do,2025-11-05,place,경상북도문화재연구원 역사박물관,사립,경상북도 영천시,경상북도 영천시 금호읍 원제2길 38,35.9441009,128.8971267,경상북도문화재연구원의 문화재 조사 성과들로 꾸며진 전문박물관,관람 전 예습 동화와 방문 후 기념 동화책 배경,전시실에서 마음에 드는 작품이나 물건을 찾아 가족과 이야기하기,5-7;8-10,박물관;미술관;경상북도문화재연구원;역사박물관;경상북도문화재연구원의;문화재;조사;성과들로;꾸며진;전문박물관,경상북도문화재연구원 역사박물관,사립,경상북도 영천시 금호읍 원제2길 38,경상북도 영천시 금호읍 원제리 297-1,070-7113-9019,(재)경상북도문화재단 문화재연구원,http://www.gbcp.or.kr,시청각실(무대형120석)+세미나실(회의실20석)+작은도서관(도서자료200권+30석),10:00,17:00,10:00,17:00,토요일+일요일+관람종료시각 안내사항 평일/공휴일관람종료시각 3월~10월(17:50) 11월~2월(17:00),0,0,0,무료,경상북도문화재연구원의 문화재 조사 성과들로 꾸며진 전문박물관,"지하철: 1호선 안심역 4번 출구+버스:55, 555",054-330-6865,경상북도 영천시청,2025-11-05,5100000,경상북도 영천시
전국박물관미술관정보표준데이터,https://www.data.go.kr/data/15017323/standard.do,2025-11-05,place,영천역사박물관,사립,경상북도 영천시,경상북도 영천시 선창길 9,36.018594,128.9299782,영천시와 관련된 고문서 민속품 등의 문화재 전시,관람 전 예습 동화와 방문 후 기념 동화책 배경,전시실에서 마음에 드는 작품이나 물건을 찾아 가족과 이야기하기,5-7;8-10,박물관;미술관;영천역사박물관;영천시와;관련된;고문서;민속품;등의;문화재;전시,영천역사박물관,사립,경상북도 영천시 선창길 9,경상북도 영천시 도림동 709-4,054-337-7990,영천역사박물관,http://yeongcheonmuseum.com/,전시실+강의실,10:00,17:30,00:00,00:00,일요일+공휴일,0,0,0,무료,영천시와 관련된 고문서 민속품 등의 문화재 전시,차량:영천역사박물관+버스:도림2동 정류장 하차,054-330-6865,경상북도 영천시청,2025-11-05,5100000,경상북도 영천시
전국박물관미술관정보표준데이터,https://www.data.go.kr/data/15017323/standard.do,2025-11-05,place,시안미술관,사립,경상북도 영천시,경상북도 영천시 화산면 가래실로 364,36.03276243,128.889217,지역 사립미술관의 새로운 패러다임 시안미술관은 2004년 시안아트센터로 설립하여 2004년 12월 미술관등록이 허가된 제1종 사립미술관,관람 전 예습 동화와 방문 후 기념 동화책 배경,전시실에서 마음에 드는 작품이나 물건을 찾아 가족과 이야기하기,5-7;8-10,박물관;미술관;시안미술관;지역;사립미술관의;새로운;패러다임;시안미술관은;2004년;시안아트센터로;설립하여;12월,시안미술관,사립,경상북도 영천시 화산면 가래실로 364,경상북도 영천시 화산면 가상리 633,054-338-9391,시안미술관,http://www.cianmuseum.org/,전시실+야외조각공원+글라스뷰+미술관 카페+미술관 레지던스룸+뮤지엄샵+아트스위치스튜디오,10:00,17:30,10:00,17:30,월요일+설날당일+추석당일,4000,3000,0,무료(시안미술관멤버+보호자 동반 미취학 아동+영천시 화산면 주민+후원인 또는 후원기업 임직원)+50할인(장애인+국가유공자+영천시민+예술인패스 소지자),지역 사립미술관의 새로운 패러다임 시안미술관은 2004년 시안아트센터로 설립하여 2004년 12월 미술관등록이 허가된 제1종 사립미술관,"버스 : 241, 241-1, 331, 242, 242-2, 330",054-330-6865,경상북도 영천시청,2025-11-05,5100000,경상북도 영천시
전국박물관미술관정보표준데이터,https://www.data.go.kr/data/15017323/standard.do,2025-11-05,place,영천전통문화체험관,공립,경상북도 영천시,경상북도 영천시 운동장로 54,35.967656,128.9241637,지역의 역사문화에 대한 이해와 관심을 증진시키고 영천의 역사를 알려주는 홍보의 장으로써 큰 역할을 하고 있다,관람 전 예습 동화와 방문 후 기념 동화책 배경,전시실에서 마음에 드는 작품이나 물건을 찾아 가족과 이야기하기,5-7;8-10,박물관;미술관;영천전통문화체험관;지역의;역사문화에;대한;이해와;관심을;증진시키고;영천의;역사를;알려주는,영천전통문화체험관,공립,경상북도 영천시 운동장로 54,경상북도 영천시 교촌동 288-4,054-330-6515,경상북도 영천시청,http://www.yc.go.kr/toursub/yctc/contents.do?mId=0100000000,전시실+강의실+소회의실+민속관,10:00,17:00,10:00,17:00,월요일,0,0,0,무료,지역의 역사문화에 대한 이해와 관심을 증진시키고 영천의 역사를 알려주는 홍보의 장으로써 큰 역할을 하고 있다,"버스 : 2-4, 6, 순환2",054-330-6754,경상북도 영천시청,2025-11-05,5100000,경상북도 영천시
전국박물관미술관정보표준데이터,https://www.data.go.kr/data/15017323/standard.do,2025-11-04,place,진주시립 이성자미술관,공립,경상남도 진주시,경상남도 진주시 에나로 128번길 14,35.17580907,128.1427382,이성자화백 작품의 기증으로 개관한 미술관,관람 전 예습 동화와 방문 후 기념 동화책 배경,전시실에서 마음에 드는 작품이나 물건을 찾아 가족과 이야기하기,5-7;8-10,박물관;미술관;진주시립;이성자미술관;이성자화백;작품의;기증으로;개관한,진주시립 이성자미술관,공립,경상남도 진주시 에나로 128번길 14,경상남도 진주시 충무공동 291,055-749-3661,경상남도 진주시청,http://www.jinju.go.kr/rheesjmuseum/,,09:00,18:00,09:00,18:00,월+1월 1일+설 당일+추석 당일,2000,1000,500,무료(장애인+국가유공자등+65세 이상 어른+6세이하 유아),이성자화백 작품의 기증으로 개관한 미술관,시내버스(296번+300번+301번),055-749-3661,경상남도 진주시청,2025-11-04,5310000,경상남도 진주시
전국박물관미술관정보표준데이터,https://www.data.go.kr/data/15017323/standard.do,2025-11-04,place,진주 청동기문화박물관,공립,경상남도 진주시,경상남도 진주시 대평면 호반로 1353,35.22438491,127.961967,남강댐 수몰지구 출토 유물들의 전시와 교육,관람 전 예습 동화와 방문 후 기념 동화책 배경,전시실에서 마음에 드는 작품이나 물건을 찾아 가족과 이야기하기,5-7;8-10,박물관;미술관;진주;청동기문화박물관;남강댐;수몰지구;출토;유물들의;전시와;교육,진주 청동기문화박물관,공립,경상남도 진주시 대평면 호반로 1353,경상남도 진주시 대평면 대평리 706-5,055-749-6956,경상남도 진주시청,http://bronze.jinju.go.kr/,,09:00,18:00,09:00,18:00,월+1월 1일+설 당일+추석 당일,1000,1000,500,무료 (보호자를 동반한 6세 이하 어린이 + 65세 이상 어른+ 장애인+국가유공자와 그 유가족+ 독립유공자+참전유공자+그 밖에 박물관 운영상 필요하다고 인정하는 자),남강댐 수몰지구 출토 유물들의 전시와 교육,시내버스(143번),055-749-6956,경상남도 진주시청,2025-11-04,5310000,경상남도 진주시
전국박물관미술관정보표준데이터,https://www.data.go.kr/data/15017323/standard.do,2025-11-04,place,진주익룡발자국전시관,공립,경상남도 진주시,경상남도 진주시 영천강로68번길 22,35.16868938,128.1396179,세계에서 익룡발자국이 많이 발견된 진주 익룡발자국전시관,관람 전 예습 동화와 방문 후 기념 동화책 배경,전시실에서 마음에 드는 작품이나 물건을 찾아 가족과 이야기하기,5-7;8-10,박물관;미술관;진주익룡발자국전시관;세계에서;익룡발자국이;많이;발견된;진주;익룡발자국전시관,진주익룡발자국전시관,공립,경상남도 진주시 영천강로68번길 22,경상남도 진주시 충무공동 136,055-749-7401,경상남도 진주시청,https://www.jinju.go.kr/ptero/,,09:00,18:00,09:00,18:00,월+1월 1일+설 당일+추석 당일,2000,1000,500,무료 (장애인+국가유공자등)+할인(진주시민+두자녀 이상가정 등),세계에서 익룡발자국이 많이 발견된 진주 익룡발자국전시관,시내버스(290번+300번+301번),055-749-7401,경상남도 진주시청,2025-11-04,5310000,경상남도 진주시
전국박물관미술관정보표준데이터,https://www.data.go.kr/data/15017323/standard.do,2025-11-01,place,아트선재센터,사립,서울특별시 종로구,서울특별시 종로구 율곡로3길 87,37.57946209,126.981877,아트선재센터을(를) 배경으로 관람 전후 동화를 만들 수 있다.,관람 전 예습 동화와 방문 후 기념 동화책 배경,전시실에서 마음에 드는 작품이나 물건을 찾아 가족과 이야기하기,5-7;8-10,박물관;미술관;아트선재센터,아트선재센터,사립,서울특별시 종로구 율곡로3길 87,,02-733-8945,아트선재센터,http://www.artsonje.org/,,12:00,19:00,12:00,19:00,월요일+신정+구정+설날 연휴,5000,3000,0,,,,02-733-8945,아트선재센터,2025-11-01,3000000,서울특별시 종로구
전국박물관미술관정보표준데이터,https://www.data.go.kr/data/15017323/standard.do,2025-11-01,place,아트센터 나비 미술관,사립,서울특별시 종로구,서울특별시 종로구 종로 26,37.56969128,126.980341,아트센터 나비 미술관을(를) 배경으로 관람 전후 동화를 만들 수 있다.,관람 전 예습 동화와 방문 후 기념 동화책 배경,전시실에서 마음에 드는 작품이나 물건을 찾아 가족과 이야기하기,5-7;8-10,박물관;미술관;아트센터;나비,아트센터 나비 미술관,사립,서울특별시 종로구 종로 26,,02-2121-1031,아트센터 나비 미술관,http://www.nabi.or.kr/,,11:00,18:00,00:00,00:00,토요일+일요일+공휴일,0,0,0,,,,02-2121-1031,아트센터 나비 미술관,2025-11-01,3000000,서울특별시 종로구
전국박물관미술관정보표준데이터,https://www.data.go.kr/data/15017323/standard.do,2025-11-01,place,일민미술관,사립,서울특별시 종로구,서울특별시 종로구 세종대로 152,37.56986758,126.9776553,일민미술관을(를) 배경으로 관람 전후 동화를 만들 수 있다.,관람 전 예습 동화와 방문 후 기념 동화책 배경,전시실에서 마음에 드는 작품이나 물건을 찾아 가족과 이야기하기,5-7;8-10,박물관;미술관;일민미술관,일민미술관,사립,서울특별시 종로구 세종대로 152,,02-2020-2050,일민미술관,http://www.ilmin.org/,,11:00,19:00,11:00,19:00,월요일,0,0,0,전시마다 상이,,,02-2020-2050,일민미술관,2025-11-01,3000000,서울특별시 종로구
전국박물관미술관정보표준데이터,https://www.data.go.kr/data/15017323/standard.do,2025-11-01,place,자하미술관,사립,서울특별시 종로구,서울특별시 종로구 창의문로5가길 46,37.58937855,126.960398,자하미술관을(를) 배경으로 관람 전후 동화를 만들 수 있다.,관람 전 예습 동화와 방문 후 기념 동화책 배경,전시실에서 마음에 드는 작품이나 물건을 찾아 가족과 이야기하기,5-7;8-10,박물관;미술관;자하미술관,자하미술관,사립,서울특별시 종로구 창의문로5가길 46,,02-395-3222,자하미술관,https://www.zahamuseum.org/,,10:00,18:00,10:00,18:00,월요일,0,0,0,전시마다 상이,,,02-395-3222,자하미술관,2025-11-01,3000000,서울특별시 종로구
전국박물관미술관정보표준데이터,https://www.data.go.kr/data/15017323/standard.do,2025-11-01,place,토탈미술관,사립,서울특별시 종로구,서울특별시 종로구 평창32길 8,37.61212012,126.9756765,토탈미술관을(를) 배경으로 관람 전후 동화를 만들 수 있다.,관람 전 예습 동화와 방문 후 기념 동화책 배경,전시실에서 마음에 드는 작품이나 물건을 찾아 가족과 이야기하기,5-7;8-10,박물관;미술관;토탈미술관,토탈미술관,사립,서울특별시 종로구 평창32길 8,,02-379-7037,토탈미술관,http://www.totalmuseum.org/,,11:00,18:00,11:00,18:00,월요일,5000,3000,3000,,,,02-379-7037,토탈미술관,2025-11-01,3000000,서울특별시 종로구
전국박물관미술관정보표준데이터,https://www.data.go.kr/data/15017323/standard.do,2025-11-01,place,학아재미술관,사립,서울특별시 종로구,서울특별시 종로구 돈화문로 98,37.577059,126.9904047,학아재미술관을(를) 배경으로 관람 전후 동화를 만들 수 있다.,관람 전 예습 동화와 방문 후 기념 동화책 배경,전시실에서 마음에 드는 작품이나 물건을 찾아 가족과 이야기하기,5-7;8-10,박물관;미술관;학아재미술관,학아재미술관,사립,서울특별시 종로구 돈화문로 98,,02-766-7647,학아재미술관,http://www.seoulscm.com/museum/345,,11:00,18:00,11:00,18:00,목요일,0,0,0,전시마다 상이,,,02-766-7647,학아재미술관,2025-11-01,3000000,서울특별시 종로구
전국박물관미술관정보표준데이터,https://www.data.go.kr/data/15017323/standard.do,2025-11-01,place,환기미술관,사립,서울특별시 종로구,서울특별시 종로구 자하문로 40길 63,37.59408714,126.966112,환기미술관을(를) 배경으로 관람 전후 동화를 만들 수 있다.,관람 전 예습 동화와 방문 후 기념 동화책 배경,전시실에서 마음에 드는 작품이나 물건을 찾아 가족과 이야기하기,5-7;8-10,박물관;미술관;환기미술관,환기미술관,사립,서울특별시 종로구 자하문로 40길 63,,02-391-7701,환기미술관,http://whankimuseum.org/,,10:00,18:00,10:00,18:00,월요일,15000,7500,7500,,,,02-391-7701,환기미술관,2025-11-01,3000000,서울특별시 종로구
전국박물관미술관정보표준데이터,https://www.data.go.kr/data/15017323/standard.do,2025-11-01,place,세화미술관,사립,서울특별시 종로구,"서울특별시 종로구 새문안로 68, 3층",37.56964296,126.972186,세화미술관을(를) 배경으로 관람 전후 동화를 만들 수 있다.,관람 전 예습 동화와 방문 후 기념 동화책 배경,전시실에서 마음에 드는 작품이나 물건을 찾아 가족과 이야기하기,5-7;8-10,박물관;미술관;세화미술관,세화미술관,사립,"서울특별시 종로구 새문안로 68, 3층",,02-2002-7785,세화미술관,www.sehwamuseum.org,,10:00,18:00,10:00,18:00,월요일+공휴일,0,0,0,전시마다 상이,,,02-2002-7785,세화미술관,2025-11-01,3000000,서울특별시 종로구
전국박물관미술관정보표준데이터,https://www.data.go.kr/data/15017323/standard.do,2025-11-01,place,대림미술관,사립,서울특별시 종로구,서울특별시 종로구 자하문로 4길 21,37.57750352,126.9733647,대림미술관을(를) 배경으로 관람 전후 동화를 만들 수 있다.,관람 전 예습 동화와 방문 후 기념 동화책 배경,전시실에서 마음에 드는 작품이나 물건을 찾아 가족과 이야기하기,5-7;8-10,박물관;미술관;대림미술관,대림미술관,사립,서울특별시 종로구 자하문로 4길 21,,02-720-0667,대림미술관,http://www.daelimmuseum.org/,,11:00,20:00,11:00,20:00,월요일+추석 연휴,18000,9000,6000,,,,02-720-0667,대림미술관,2025-11-01,3000000,서울특별시 종로구
전국박물관미술관정보표준데이터,https://www.data.go.kr/data/15017323/standard.do,2025-11-19,place,록봉민속교육박물관,사립,부산광역시 강서구,부산광역시 강서구 가덕해안로 741,35.03153063,128.8135847,민속자료 관람 등,관람 전 예습 동화와 방문 후 기념 동화책 배경,전시실에서 마음에 드는 작품이나 물건을 찾아 가족과 이야기하기,5-7;8-10,박물관;미술관;록봉민속교육박물관;민속자료;관람;등,록봉민속교육박물관,사립,부산광역시 강서구 가덕해안로 741,부산광역시 강서구 천성동 813,051-892-5997,록봉민속교육박물관,www.rogbong.com,,10:00,17:00,10:00,17:00,현재 휴관 중,5000,5000,5000,,민속자료 관람 등,,051-892-5997,록봉민속교육박물관,2025-11-19,3360000,부산광역시 강서구
전국박물관미술관정보표준데이터,https://www.data.go.kr/data/15017323/standard.do,2025-11-18,place,동아대학교석당박물관,대학,부산광역시 서구,부산광역시 서구 구덕로 225,35.103747,129.0194155,"동아대학교석당박물관은 1959년 11월에 개관한 부산 최초의 박물관으로, 학교 설립자이자 박물관장을 역임한 석당 정재환(1904~1976) 박사의 문화유산에 대한 염원과 신념이 담겨있다. 석당박물관은 부산에서 가장 많은 국가지정문화재를 보유하고 있으며, 소장품의 수준과 가치 또한 매우 뛰어나다. 국보로 지정된 심지백 개국원종공신녹권과 동궐도를 비롯하여 보물, 국가민속문화재, 부산광역시지정 유형문화재 등 다양하고 진귀한 유물 30,000여 점을 소장하고 있다. 2009년부터 현재의 건물(부산 임시수도정부청사)로 이전 개관 후 역사적 기억을 담는 공간인 동시에 지역문화시설로 거듭나고 있다.",관람 전 예습 동화와 방문 후 기념 동화책 배경,전시실에서 마음에 드는 작품이나 물건을 찾아 가족과 이야기하기,5-7;8-10,박물관;미술관;동아대학교석당박물관;동아대학교석당박물관은;1959년;11월에;개관한;부산;최초의;박물관으로;학교;설립자이자,동아대학교석당박물관,대학,부산광역시 서구 구덕로 225,부산광역시 서구 부민동2가 1,051-200-8493,동아대학교석당박물관,http://museum.donga.ac.kr,문화상품 판매+카페테리아+화장실(장애인용 포함)+엘리베이터+음성안내기+유모차 및 휠체어 대여,09:30,17:00,09:30,17:00,월요일+법정공휴일+개교기념일(11월 1일)(박물관 사정에 따라 변경될 수 있음),0,0,0,해당없음,"동아대학교석당박물관은 1959년 11월에 개관한 부산 최초의 박물관으로, 학교 설립자이자 박물관장을 역임한 석당 정재환(1904~1976) 박사의 문화유산에 대한 염원과 신념이 담겨있다. 석당박물관은 부산에서 가장 많은 국가지정문화재를 보유하고 있으며, 소장품의 수준과 가치 또한 매우 뛰어나다. 국보로 지정된 심지백 개국원종공신녹권과 동궐도를 비롯하여 보물, 국가민속문화재, 부산광역시지정 유형문화재 등 다양하고 진귀한 유물 30,000여 점을 소장하고 있다. 2009년부터 현재의 건물(부산 임시수도정부청사)로 이전 개관 후 역사적 기억을 담는 공간인 동시에 지역문화시설로 거듭나고 있다.",지하철 이용 시 1호선 토성동역에서 하차 2번출구 도보로 10분,051-200-8493,동아대학교석당박물관,2025-11-18,3260000,부산광역시 서구
전국박물관미술관정보표준데이터,https://www.data.go.kr/data/15017323/standard.do,2025-11-18,place,동아대학교석당미술관,대학,부산광역시 서구,부산광역시 서구 구덕로 225,35.103747,129.0194155,"석당미술관은 동아대학교의 설립자이신 석당 정재환 박사님의 교육업적과 예술정신을 이어가고자 설립 운영되고 있다. 동아대학교 예술대학 교수, 지역 예술가들의 작품을 비롯해 부산화단의 훌륭한 족적을 남기신 청초 이석우, 옻칠예술의 선구자 김성수 작품 등 현재까지 300여 점을 소장하고 있으며, 소장품 보존과 연구를 위해 노력하고 있다. 매년 다양한 주제의 기획전시를 통해 확장된 의미의 현대미술을 소개하고 미술전공자들의 창작의욕 고취를 위해 yaa(young artist artista) 전시를 개최하여 부산 경남지역 대학생들의 창작발표 기회를 제공하고 있기도 하다.",관람 전 예습 동화와 방문 후 기념 동화책 배경,전시실에서 마음에 드는 작품이나 물건을 찾아 가족과 이야기하기,5-7;8-10,박물관;미술관;동아대학교석당미술관;석당미술관은;동아대학교의;설립자이신;석당;정재환;박사님의;교육업적과;예술정신을;이어가고자,동아대학교석당미술관,대학,부산광역시 서구 구덕로 225,부산광역시 서구 부민동2가 1,051-200-8749,동아대학교석당미술관,http://museumsd.donga.ac.kr,화장실(장애인용 포함)+엘리베이터+유모차 및 휠체어 대여,09:30,17:00,09:30,17:00,법정공휴일+개교기념일(11월 1일)(미술관 사정에 따라 변경될 수 있음),0,0,0,해당없음,"석당미술관은 동아대학교의 설립자이신 석당 정재환 박사님의 교육업적과 예술정신을 이어가고자 설립 운영되고 있다. 동아대학교 예술대학 교수, 지역 예술가들의 작품을 비롯해 부산화단의 훌륭한 족적을 남기신 청초 이석우, 옻칠예술의 선구자 김성수 작품 등 현재까지 300여 점을 소장하고 있으며, 소장품 보존과 연구를 위해 노력하고 있다. 매년 다양한 주제의 기획전시를 통해 확장된 의미의 현대미술을 소개하고 미술전공자들의 창작의욕 고취를 위해 yaa(young artist artista) 전시를 개최하여 부산 경남지역 대학생들의 창작발표 기회를 제공하고 있기도 하다.",지하철 이용 시 1호선 토성동역에서 하차 2번출구 도보로 10분,051-200-8749,동아대학교석당미술관,2025-11-18,3260000,부산광역시 서구
전국박물관미술관정보표준데이터,https://www.data.go.kr/data/15017323/standard.do,2025-11-17,place,양산시립박물관,공립,경상남도 양산시,경상남도 양산시 북정로78,35.3584941,129.0490217,고분문화+불교문화+도자문화+제례문화 전시,관람 전 예습 동화와 방문 후 기념 동화책 배경,전시실에서 마음에 드는 작품이나 물건을 찾아 가족과 이야기하기,5-7;8-10,박물관;미술관;양산시립박물관;고분문화+불교문화+도자문화+제례문화;전시,양산시립박물관,공립,경상남도 양산시 북정로78,경상남도 양산시 북정동 678,055-392-3314,양산시립박물관,http://www.yangsan.go.kr/museum/main.do,대강당+기획전시실+어린이체험실+시청각실,09:00,18:00,09:00,18:00,월+1월1일+설 연휴+추석 연휴,0,0,0,일부기획전시 유료(개인-일반1000+청소년+군인 700+어린이 500)+(단체-일반700+청소년+군인500+어린이300),고분문화+불교문화+도자문화+제례문화 전시,"1. 지하철-2호선 양산역 하차하여 북정 방면 32번, 128번, 128-1번, 138번 삼성중학교·시립박물관 정류장 하차 2. 버스 -부산 범어사 방면 : 12번, 13번, 삼성중학교·시립박물관 정류장 하차부산 명륜동 방면 : 1200번 삼성중학교·시립박물관 정류장 하차부산 구포, 덕천동 방면 : 23번 삼성중학교·시립박물관 정류장 하차물금 방면 : 21번, 32번, 128번, 128-1번, 138번 삼성중학교·시립박물관 정류장 하차웅상 방면 : 52번, 57번 구.터미널 정류장 하차 후 물금방면에서 오는 차로 환승",055-392-3314,양산시립박물관,2025-11-17,5380000,경상남도 양산시
전국박물관미술관정보표준데이터,https://www.data.go.kr/data/15017323/standard.do,2025-11-14,place,백제문화체험박물관,공립,충청남도 청양군,충청남도 청양군 대치면 장곡길 43-24,36.40606642,126.8454702,백제시대 두 수도의 배후도시였던 청양지역의 역사와 문화를 한눈에 볼수 있으며 전시관람 및 다양한 체험을 할수 있는 곳,관람 전 예습 동화와 방문 후 기념 동화책 배경,전시실에서 마음에 드는 작품이나 물건을 찾아 가족과 이야기하기,5-7;8-10,박물관;미술관;백제문화체험박물관;백제시대;두;수도의;배후도시였던;청양지역의;역사와;문화를;한눈에;볼수,백제문화체험박물관,공립,충청남도 청양군 대치면 장곡길 43-24,충청남도 청양군 대치면 장곡리153-5,041-940-4874,충청남도 청양군,http://www.cheongyang.go.kr/museum.do,,09:00,18:00,09:00,18:00,월(단 월요일이 공휴일인 경우 다음날)+1월1일+설날 당일+추석당일+그밖의 군수가 정하는 날,2000,1500,1000,단체 20인이상 할인,백제시대 두 수도의 배후도시였던 청양지역의 역사와 문화를 한눈에 볼수 있으며 전시관람 및 다양한 체험을 할수 있는 곳,,041-940-4871,충청남도 청양군청,2025-11-14,4590000,충청남도 청양군
전국박물관미술관정보표준데이터,https://www.data.go.kr/data/15017323/standard.do,2025-11-05,place,규남박물관,사립,전라남도 화순군,전라남도 화순군 이서면 백아로 3109,35.110024,127.079964,"2011년 11.1개관,2012.4.4.박물관 등록",관람 전 예습 동화와 방문 후 기념 동화책 배경,전시실에서 마음에 드는 작품이나 물건을 찾아 가족과 이야기하기,5-7;8-10,박물관;미술관;규남박물관;2011년;11.1개관;2012.4.4.박물관;등록,규남박물관,사립,전라남도 화순군 이서면 백아로 3109,전라남도 화순군 이서면 야사리 164,070-4233-9060,규남박물관,http://www.gyunammuseum.org,전시실+사무실+자료실+수장고,10:00,16:30,10:00,16:30,동절기(12월~3월)+월요일+화요일+목요일+금요일,0,0,0,,"2011년 11.1개관,2012.4.4.박물관 등록",217-1번(이서커뮤니티센터 하차 후 도보로 1분),061-379-3836,전라남도 화순군청,2025-11-05,4900000,전라남도 화순군
전국박물관미술관정보표준데이터,https://www.data.go.kr/data/15017323/standard.do,2025-11-05,place,다산미술관,사립,전라남도 화순군,전라남도 화순군 사평면 다공길 25,35.023337,127.126387,"2011.4.8개관, 2006.1.10미술관 등록",관람 전 예습 동화와 방문 후 기념 동화책 배경,전시실에서 마음에 드는 작품이나 물건을 찾아 가족과 이야기하기,5-7;8-10,박물관;미술관;다산미술관;2011.4.8개관;2006.1.10미술관;등록,다산미술관,사립,전라남도 화순군 사평면 다공길 25,전라남도 화순군 사평면 다산리 455,061-371-3443,다산미술관,,전시실+사무실+연구실+자료실+도서실+시청각실+야외체험장,10:00,17:00,00:00,00:00,공휴일+일요일+월요일,0,0,0,,"2011.4.8개관, 2006.1.10미술관 등록",217번(다산 하차 후 도보로 3분),061-379-3836,전라남도 화순군청,2025-11-05,4900000,전라남도 화순군
전국박물관미술관정보표준데이터,https://www.data.go.kr/data/15017323/standard.do,2025-11-05,place,소소미술관,사립,전라남도 화순군,전라남도 화순군 도곡면 지강로 467-1,35.035937,126.905588,"2014.8.1개관, 2014.10.17미술관 등록",관람 전 예습 동화와 방문 후 기념 동화책 배경,전시실에서 마음에 드는 작품이나 물건을 찾아 가족과 이야기하기,5-7;8-10,박물관;미술관;소소미술관;2014.8.1개관;2014.10.17미술관;등록,소소미술관,사립,전라남도 화순군 도곡면 지강로 467-1,전라남도 화순군 도곡면 원화리 304,061-375-1995,소소미술관,,전시실+작업실+사무실+도서실+강당+준비실+카페,10:00,22:00,10:00,22:00,연중무휴,0,0,0,,"2014.8.1개관, 2014.10.17미술관 등록",200번(원화리·소소미술관 하차 후 도보 2분),061-379-3836,전라남도 화순군청,2025-11-05,4900000,전라남도 화순군
전국박물관미술관정보표준데이터,https://www.data.go.kr/data/15017323/standard.do,2025-11-05,place,태곳미술관,사립,전라남도 화순군,전라남도 화순군 화순읍 내평길 39-11,35.037549,126.968088,"2017 개관, 2022 미술관 등록",관람 전 예습 동화와 방문 후 기념 동화책 배경,전시실에서 마음에 드는 작품이나 물건을 찾아 가족과 이야기하기,5-7;8-10,박물관;미술관;태곳미술관;2017;개관;2022;등록,태곳미술관,사립,전라남도 화순군 화순읍 내평길 39-11,전라남도 화순군 화순읍 내평리 188-47,061-375-1556,태곳미술관,,전시실+사무실,10:00,20:00,10:00,20:00,월요일+일요일,0,0,0,,"2017 개관, 2022 미술관 등록","지원 152번(능주역)·화순-도곡(화순역·미곡리), 218번·218-1번(연양리2구 하차 후 도보로 9분)",061-379-3836,전라남도 화순군청,2025-11-05,4900000,전라남도 화순군
전국박물관미술관정보표준데이터,https://www.data.go.kr/data/15017323/standard.do,2025-11-05,place,동암미술관,사립,전라남도 화순군,전라남도 화순군 동면 천덕길 110,35.02481263,127.0540228,2024 등록,관람 전 예습 동화와 방문 후 기념 동화책 배경,전시실에서 마음에 드는 작품이나 물건을 찾아 가족과 이야기하기,5-7;8-10,박물관;미술관;동암미술관;2024;등록,동암미술관,사립,전라남도 화순군 동면 천덕길 110,전라남도 화순군 동면 천덕리 95-2,0507-1392-459,동암미술관,,전시실+카페+사무실,10:00,18:00,10:00,18:00,연중무휴,0,0,0,,2024 등록,228번(동암 하차 후 도보로 5분),061-379-3836,전라남도 화순군청,2025-11-05,4900000,전라남도 화순군
전국박물관미술관정보표준데이터,https://www.data.go.kr/data/15017323/standard.do,2025-11-01,place,북촌생활사박물관,사립,서울특별시 종로구,서울특별시 종로구 북촌로5나길 90(삼청동),37.584425,126.9829948,북촌생활사박물관을(를) 배경으로 관람 전후 동화를 만들 수 있다.,관람 전 예습 동화와 방문 후 기념 동화책 배경,전시실에서 마음에 드는 작품이나 물건을 찾아 가족과 이야기하기,5-7;8-10,박물관;미술관;북촌생활사박물관,북촌생활사박물관,사립,서울특별시 종로구 북촌로5나길 90(삼청동),,02-736-3957,북촌생활사박물관,http://cafe.daum.net/namu3579,,10:00,19:00,10:00,19:00,연중무휴,5000,3000,0,,,,02-736-3957,북촌생활사박물관,2025-11-01,3000000,서울특별시 종로구
전국박물관미술관정보표준데이터,https://www.data.go.kr/data/15017323/standard.do,2025-11-01,place,삼성출판박물관,사립,서울특별시 종로구,서울특별시 종로구 비봉길 2-2(구기동),37.608605,126.9570767,삼성출판박물관을(를) 배경으로 관람 전후 동화를 만들 수 있다.,관람 전 예습 동화와 방문 후 기념 동화책 배경,전시실에서 마음에 드는 작품이나 물건을 찾아 가족과 이야기하기,5-7;8-10,박물관;미술관;삼성출판박물관,삼성출판박물관,사립,서울특별시 종로구 비봉길 2-2(구기동),,02-394-6544,삼성출판박물관,http://ssmop.org/,,10:00,17:00,00:00,00:00,토요일+일요일+공휴일,3000,2000,0,,,,02-394-6544,삼성출판박물관,2025-11-01,3000000,서울특별시 종로구
전국박물관미술관정보표준데이터,https://www.data.go.kr/data/15017323/standard.do,2025-11-01,place,세계장신구박물관,사립,서울특별시 종로구,서울특별시 종로구 북촌로5나길 2(화동),37.580936,126.9818046,세계장신구박물관을(를) 배경으로 관람 전후 동화를 만들 수 있다.,관람 전 예습 동화와 방문 후 기념 동화책 배경,전시실에서 마음에 드는 작품이나 물건을 찾아 가족과 이야기하기,5-7;8-10,박물관;미술관;세계장신구박물관,세계장신구박물관,사립,서울특별시 종로구 북촌로5나길 2(화동),,02-730-1610,세계장신구박물관,http://www.wjmuseum.com/,,11:00,17:00,11:00,17:00,월요일+화요일,7000,5000,3000,,,,02-730-1610,세계장신구박물관,2025-11-01,3000000,서울특별시 종로구
전국박물관미술관정보표준데이터,https://www.data.go.kr/data/15017323/standard.do,2025-11-01,place,쇳대박물관,사립,서울특별시 종로구,서울특별시 종로구 이화장길 100(동숭동),37.57980578,127.0046144,쇳대박물관을(를) 배경으로 관람 전후 동화를 만들 수 있다.,관람 전 예습 동화와 방문 후 기념 동화책 배경,전시실에서 마음에 드는 작품이나 물건을 찾아 가족과 이야기하기,5-7;8-10,박물관;미술관;쇳대박물관,쇳대박물관,사립,서울특별시 종로구 이화장길 100(동숭동),,02-766-6494,쇳대박물관,http://ehwadong.com,,10:00,18:00,10:00,18:00,월요일,4000,3000,3000,,,,02-766-6494,쇳대박물관,2025-11-01,3000000,서울특별시 종로구
전국박물관미술관정보표준데이터,https://www.data.go.kr/data/15017323/standard.do,2025-11-01,place,쉼박물관,사립,서울특별시 종로구,서울특별시 종로구 세검정로 209-17(홍지동),37.59950405,126.9556778,쉼박물관을(를) 배경으로 관람 전후 동화를 만들 수 있다.,관람 전 예습 동화와 방문 후 기념 동화책 배경,전시실에서 마음에 드는 작품이나 물건을 찾아 가족과 이야기하기,5-7;8-10,박물관;미술관;쉼박물관,쉼박물관,사립,서울특별시 종로구 세검정로 209-17(홍지동),,02-396-9277,쉼박물관,http://museeshuim.com/,,10:00,18:00,14:00,19:00,"월요일+명절(1.1, 설날, 추석)",10000,5000,5000,,,,02-396-9277,쉼박물관,2025-11-01,3000000,서울특별시 종로구
전국박물관미술관정보표준데이터,https://www.data.go.kr/data/15017323/standard.do,2025-11-01,place,유금와당박물관,사립,서울특별시 종로구,서울특별시 종로구 창의문로11가길 4(부암동),37.5937185,126.9626563,유금와당박물관을(를) 배경으로 관람 전후 동화를 만들 수 있다.,관람 전 예습 동화와 방문 후 기념 동화책 배경,전시실에서 마음에 드는 작품이나 물건을 찾아 가족과 이야기하기,5-7;8-10,박물관;미술관;유금와당박물관,유금와당박물관,사립,서울특별시 종로구 창의문로11가길 4(부암동),,02-394-3451,유금와당박물관,http://yoogeum.org/,,10:00,17:00,00:00,00:00,월요일+일요일+공휴일,5000,3000,0,"일반관람 : 수요일, 토요일, 예약관람 : 화요일, 목요일, 금요일",,,02-394-3451,유금와당박물관,2025-11-01,3000000,서울특별시 종로구
전국박물관미술관정보표준데이터,https://www.data.go.kr/data/15017323/standard.do,2025-11-01,place,춘원당한방박물관,사립,서울특별시 종로구,서울특별시 종로구 돈화문로9길 27(낙원동),37.5715019,126.9902424,춘원당한방박물관을(를) 배경으로 관람 전후 동화를 만들 수 있다.,관람 전 예습 동화와 방문 후 기념 동화책 배경,전시실에서 마음에 드는 작품이나 물건을 찾아 가족과 이야기하기,5-7;8-10,박물관;미술관;춘원당한방박물관,춘원당한방박물관,사립,서울특별시 종로구 돈화문로9길 27(낙원동),,02-367-2005,춘원당한방박물관,www.cwdmuseum.com,,09:00,18:00,09:00,18:00,"월요일+명절(1.1, 설날, 추석)",0,0,0,,,,02-367-2005,춘원당한방박물관,2025-11-01,3000000,서울특별시 종로구
전국박물관미술관정보표준데이터,https://www.data.go.kr/data/15017323/standard.do,2025-11-01,place,한국색동박물관,사립,서울특별시 종로구,서울특별시 종로구 율곡로10길 85-7(권농동),37.573843,126.9920895,한국색동박물관을(를) 배경으로 관람 전후 동화를 만들 수 있다.,관람 전 예습 동화와 방문 후 기념 동화책 배경,전시실에서 마음에 드는 작품이나 물건을 찾아 가족과 이야기하기,5-7;8-10,박물관;미술관;한국색동박물관,한국색동박물관,사립,서울특별시 종로구 율곡로10길 85-7(권농동),,02-765-9286,한국색동박물관,www.saekdongmuseum.com,,10:30,18:00,00:00,00:00,월요일+일요일+공휴일,3000,2000,2000,,,,02-765-9286,한국색동박물관,2025-11-01,3000000,서울특별시 종로구
전국박물관미술관정보표준데이터,https://www.data.go.kr/data/15017323/standard.do,2025-11-01,place,상명대학교박물관,사립,서울특별시 종로구,서울특별시 종로구 평창문화로 151(평창동),37.61058485,126.975763,상명대학교박물관을(를) 배경으로 관람 전후 동화를 만들 수 있다.,관람 전 예습 동화와 방문 후 기념 동화책 배경,전시실에서 마음에 드는 작품이나 물건을 찾아 가족과 이야기하기,5-7;8-10,박물관;미술관;상명대학교박물관,상명대학교박물관,사립,서울특별시 종로구 평창문화로 151(평창동),,02-781-7920,상명대학교박물관,http://museum.smu.ac.kr/,,10:00,17:00,00:00,00:00,토요일+일요일+공휴일+개교기념일,0,0,0,,,,02-781-7920,상명대학교박물관,2025-11-01,3000000,서울특별시 종로구
전국박물관미술관정보표준데이터,https://www.data.go.kr/data/15017323/standard.do,2025-11-01,place,짚풀생활사박물관,사립,서울특별시 종로구,서울특별시 종로구 성균관로4길 45(명륜2가),37.58490549,126.9998415,짚풀생활사박물관을(를) 배경으로 관람 전후 동화를 만들 수 있다.,관람 전 예습 동화와 방문 후 기념 동화책 배경,전시실에서 마음에 드는 작품이나 물건을 찾아 가족과 이야기하기,5-7;8-10,박물관;미술관;짚풀생활사박물관,짚풀생활사박물관,사립,서울특별시 종로구 성균관로4길 45(명륜2가),,02-743-8787,짚풀생활사박물관,http://www.jipul.com,,10:00,17:30,10:00,17:30,월요일+명절,5000,4000,4000,,,,02-743-8787,짚풀생활사박물관,2025-11-01,3000000,서울특별시 종로구
전국박물관미술관정보표준데이터,https://www.data.go.kr/data/15017323/standard.do,2025-11-01,place,한무숙문학관,사립,서울특별시 종로구,서울특별시 종로구 혜화로9길 20(명륜1가),37.58780091,126.9985915,한무숙문학관을(를) 배경으로 관람 전후 동화를 만들 수 있다.,관람 전 예습 동화와 방문 후 기념 동화책 배경,전시실에서 마음에 드는 작품이나 물건을 찾아 가족과 이야기하기,5-7;8-10,박물관;미술관;한무숙문학관,한무숙문학관,사립,서울특별시 종로구 혜화로9길 20(명륜1가),,02-732-3093,한무숙문학관,http://www.hahnmoosook.com/,,10:00,17:00,00:00,00:00,일요일+공휴일,0,0,0,예약제므로 미리 연락,,,02-732-3093,한무숙문학관,2025-11-01,3000000,서울특별시 종로구
전국박물관미술관정보표준데이터,https://www.data.go.kr/data/15017323/standard.do,2025-11-01,place,서울대학교 치의학대학원 치의학박물관,사립,서울특별시 종로구,서울특별시 종로구 대학로 101(연건동),37.58045239,126.9971964,서울대학교 치의학대학원 치의학박물관을(를) 배경으로 관람 전후 동화를 만들 수 있다.,관람 전 예습 동화와 방문 후 기념 동화책 배경,전시실에서 마음에 드는 작품이나 물건을 찾아 가족과 이야기하기,5-7;8-10,박물관;미술관;서울대학교;치의학대학원;치의학박물관,서울대학교 치의학대학원 치의학박물관,사립,서울특별시 종로구 대학로 101(연건동),,02-740-8799,서울대학교 치의학대학원 치의학박물관,https://dentalmuseum.snu.ac.kr/,,10:00,17:00,00:00,00:00,토요일+일요일+공휴일+개교기념일(10.15.),0,0,0,,,,02-740-8799,서울대학교 치의학대학원 치의학박물관,2025-11-01,3000000,서울특별시 종로구
전국박물관미술관정보표준데이터,https://www.data.go.kr/data/15017323/standard.do,2025-11-01,place,성균관대학교 박물관,사립,서울특별시 종로구,서울특별시 종로구 성균관로 25-2(명륜3가),37.58722985,126.9931161,성균관대학교 박물관을(를) 배경으로 관람 전후 동화를 만들 수 있다.,관람 전 예습 동화와 방문 후 기념 동화책 배경,전시실에서 마음에 드는 작품이나 물건을 찾아 가족과 이야기하기,5-7;8-10,박물관;미술관;성균관대학교,성균관대학교 박물관,사립,서울특별시 종로구 성균관로 25-2(명륜3가),,02-760-1216,성균관대학교 박물관,https://swb.skku.edu/museum/,,10:00,16:00,00:00,00:00,토요일+일요일+공휴일+개교기념일(9.25.),0,0,0,,,,02-760-1216,성균관대학교 박물관,2025-11-01,3000000,서울특별시 종로구
전국박물관미술관정보표준데이터,https://www.data.go.kr/data/15017323/standard.do,2025-11-01,place,국립현대미술관(서울관),국립,서울특별시 종로구,서울특별시 종로구 삼청로 30,37.57862929,126.9800889,국립현대미술관(서울관)을(를) 배경으로 관람 전후 동화를 만들 수 있다.,관람 전 예습 동화와 방문 후 기념 동화책 배경,전시실에서 마음에 드는 작품이나 물건을 찾아 가족과 이야기하기,5-7;8-10,박물관;미술관;국립현대미술관(서울관),국립현대미술관(서울관),국립,서울특별시 종로구 삼청로 30,,02-3701-9500,국립현대미술관(서울관),http://www.mmca.go.kr/main.do,,10:00,18:00,10:00,18:00,1.1+설날연휴+추석연휴,0,0,0,전시마다 상이,,,02-3701-9500,국립현대미술관(서울관),2025-11-01,3000000,서울특별시 종로구
전국박물관미술관정보표준데이터,https://www.data.go.kr/data/15017323/standard.do,2025-11-01,place,박노수미술관,공립,서울특별시 종로구,서울특별시 종로구 옥인1길 34,37.5813192,126.966815,박노수미술관을(를) 배경으로 관람 전후 동화를 만들 수 있다.,관람 전 예습 동화와 방문 후 기념 동화책 배경,전시실에서 마음에 드는 작품이나 물건을 찾아 가족과 이야기하기,5-7;8-10,박물관;미술관;박노수미술관,박노수미술관,공립,서울특별시 종로구 옥인1길 34,,02-2148-4171,종로구립박노수미술관,https://www.jfac.or.kr/,,10:00,18:00,10:00,18:00,월요일,3000,1800,1200,,,,02-2148-4171,서울특별시 종로구청,2025-11-01,3000000,서울특별시 종로구
전국박물관미술관정보표준데이터,https://www.data.go.kr/data/15017323/standard.do,2025-11-01,place,고희동미술관,공립,서울특별시 종로구,서울특별시 종로구 창덕궁5길 40,37.58318236,126.988957,고희동미술관을(를) 배경으로 관람 전후 동화를 만들 수 있다.,관람 전 예습 동화와 방문 후 기념 동화책 배경,전시실에서 마음에 드는 작품이나 물건을 찾아 가족과 이야기하기,5-7;8-10,박물관;미술관;고희동미술관,고희동미술관,공립,서울특별시 종로구 창덕궁5길 40,,02-741-8424,종로구립고희동미술관,https://www.youtube.com/channel/UCUjiu1QeaohL_PTJioDAtpQ,,10:00,18:00,10:00,18:00,화요일,0,0,0,체험료,,,02-741-8424,서울특별시 종로구청,2025-11-01,3000000,서울특별시 종로구
전국박물관미술관정보표준데이터,https://www.data.go.kr/data/15017323/standard.do,2025-11-01,place,OCI 미술관,사립,서울특별시 종로구,서울특별시 종로구 우정국로 45-14,37.57323807,126.982131,OCI 미술관을(를) 배경으로 관람 전후 동화를 만들 수 있다.,관람 전 예습 동화와 방문 후 기념 동화책 배경,전시실에서 마음에 드는 작품이나 물건을 찾아 가족과 이야기하기,5-7;8-10,박물관;미술관;OCI,OCI 미술관,사립,서울특별시 종로구 우정국로 45-14,,02-734-0440,OCI 미술관,http://www.ocimuseum.org/,,10:00,18:00,00:00,00:00,일요일+월요일+공휴일,0,0,0,,,,02-734-0440,OCI 미술관,2025-11-01,3000000,서울특별시 종로구
전국박물관미술관정보표준데이터,https://www.data.go.kr/data/15017323/standard.do,2025-11-01,place,JCC미술관,사립,서울특별시 종로구,서울특별시 종로구 창경궁로35길 29,37.58716156,127.0018885,JCC미술관을(를) 배경으로 관람 전후 동화를 만들 수 있다.,관람 전 예습 동화와 방문 후 기념 동화책 배경,전시실에서 마음에 드는 작품이나 물건을 찾아 가족과 이야기하기,5-7;8-10,박물관;미술관;JCC미술관,JCC미술관,사립,서울특별시 종로구 창경궁로35길 29,,02-2138-7373,JCC미술관,http://www.jeijcc.org/,,10:00,18:00,10:00,18:00,월+설날연휴+추석연휴,0,0,0,전시마다 상이,,,02-2138-7373,JCC미술관,2025-11-01,3000000,서울특별시 종로구
전국박물관미술관정보표준데이터,https://www.data.go.kr/data/15017323/standard.do,2025-11-01,place,금호미술관,사립,서울특별시 종로구,서울특별시 종로구 삼청로 18,37.57746518,126.9799126,금호미술관을(를) 배경으로 관람 전후 동화를 만들 수 있다.,관람 전 예습 동화와 방문 후 기념 동화책 배경,전시실에서 마음에 드는 작품이나 물건을 찾아 가족과 이야기하기,5-7;8-10,박물관;미술관;금호미술관,금호미술관,사립,서울특별시 종로구 삼청로 18,,02-720-5114,금호미술관,http://www.kumhomuseum.com/,,10:00,18:00,10:00,18:00,월요일+설날연휴+추석연휴,0,0,0,전시마다 상이,,,02-720-5114,금호미술관,2025-11-01,3000000,서울특별시 종로구
전국박물관미술관정보표준데이터,https://www.data.go.kr/data/15017323/standard.do,2025-11-01,place,상원미술관,사립,서울특별시 종로구,서울특별시 종로구 평창31길 27,37.61162656,126.976541,상원미술관을(를) 배경으로 관람 전후 동화를 만들 수 있다.,관람 전 예습 동화와 방문 후 기념 동화책 배경,전시실에서 마음에 드는 작품이나 물건을 찾아 가족과 이야기하기,5-7;8-10,박물관;미술관;상원미술관,상원미술관,사립,서울특별시 종로구 평창31길 27,,02-396-3185,상원미술관,http://www.imageroot.co.kr/,,10:30,17:30,00:00,00:00,일요일+월요일+공휴일,2000,1000,1000,,,,02-396-3185,상원미술관,2025-11-01,3000000,서울특별시 종로구
전국박물관미술관정보표준데이터,https://www.data.go.kr/data/15017323/standard.do,2025-11-01,place,성곡미술관,사립,서울특별시 종로구,서울특별시 종로구 경희궁길 42,37.57350943,126.969703,성곡미술관을(를) 배경으로 관람 전후 동화를 만들 수 있다.,관람 전 예습 동화와 방문 후 기념 동화책 배경,전시실에서 마음에 드는 작품이나 물건을 찾아 가족과 이야기하기,5-7;8-10,박물관;미술관;성곡미술관,성곡미술관,사립,서울특별시 종로구 경희궁길 42,,02-737-7650,성곡미술관,http://www.sungkokmuseum.org/,,10:00,18:00,10:00,18:00,월요일,5000,3000,2000,,,,02-737-7650,성곡미술관,2025-11-01,3000000,서울특별시 종로구
전국박물관미술관정보표준데이터,https://www.data.go.kr/data/15017323/standard.do,2025-11-01,place,세종문화회관 미술관(세종미술관),사립,서울특별시 종로구,서울특별시 종로구 세종대로 175,37.57184786,126.9761683,세종문화회관 미술관(세종미술관)을(를) 배경으로 관람 전후 동화를 만들 수 있다.,관람 전 예습 동화와 방문 후 기념 동화책 배경,전시실에서 마음에 드는 작품이나 물건을 찾아 가족과 이야기하기,5-7;8-10,박물관;미술관;세종문화회관;미술관(세종미술관),세종문화회관 미술관(세종미술관),사립,서울특별시 종로구 세종대로 175,,02-399-1156,세종문화회관 미술관(세종미술관),http://sejongpac.or.kr,,10:30,20:00,10:30,20:00,연중무휴,0,0,0,전시마다 상이,,,02-399-1156,세종문화회관 미술관(세종미술관),2025-11-01,3000000,서울특별시 종로구
전국박물관미술관정보표준데이터,https://www.data.go.kr/data/15017323/standard.do,2025-11-01,place,아라리오뮤지엄 인스페이스,사립,서울특별시 종로구,서울특별시 종로구 율곡로 83,37.57776184,126.9884166,아라리오뮤지엄 인스페이스을(를) 배경으로 관람 전후 동화를 만들 수 있다.,관람 전 예습 동화와 방문 후 기념 동화책 배경,전시실에서 마음에 드는 작품이나 물건을 찾아 가족과 이야기하기,5-7;8-10,박물관;미술관;아라리오뮤지엄;인스페이스,아라리오뮤지엄 인스페이스,사립,서울특별시 종로구 율곡로 83,,02-736-5700,아라리오뮤지엄 인스페이스,http://www.arariomuseum.org/,,10:00,19:00,10:00,19:00,월요일,15000,9000,6000,,,,02-736-5700,아라리오뮤지엄 인스페이스,2025-11-01,3000000,서울특별시 종로구
전국박물관미술관정보표준데이터,https://www.data.go.kr/data/15017323/standard.do,2025-11-01,place,아르코미술관,사립,서울특별시 종로구,서울특별시 종로구 동숭길 3,37.58050139,127.003256,아르코미술관을(를) 배경으로 관람 전후 동화를 만들 수 있다.,관람 전 예습 동화와 방문 후 기념 동화책 배경,전시실에서 마음에 드는 작품이나 물건을 찾아 가족과 이야기하기,5-7;8-10,박물관;미술관;아르코미술관,아르코미술관,사립,서울특별시 종로구 동숭길 3,,02-760-4850,아르코미술관,https://www.arko.or.kr/artcenter/,,11:00,19:00,11:00,19:00,월+신정+추석당일+설날 당일,0,0,0,,,,02-760-4850,아르코미술관,2025-11-01,3000000,서울특별시 종로구
전국박물관미술관정보표준데이터,https://www.data.go.kr/data/15017323/standard.do,2024-08-27,place,공주민속극박물관,사립,충청남도 공주시,충청남도 공주시 의당면 돌모루1길 40,36.5015314,127.1470666,"충청남도 공주시 의당면 청룡리에 있는 사설 민속극 전문 박물관으로 민속학자 심우성 선생이 평생 수집한 민속 자료 들을 전시하고, 각종 민속 공연, 출판 사업, 다양한 체험 프로그램을 운영하고 있습니다.",관람 전 예습 동화와 방문 후 기념 동화책 배경,전시실에서 마음에 드는 작품이나 물건을 찾아 가족과 이야기하기,5-7;8-10,박물관;미술관;공주민속극박물관;충청남도;공주시;의당면;청룡리에;있는;사설;민속극;전문;박물관으로,공주민속극박물관,사립,충청남도 공주시 의당면 돌모루1길 40,충청남도 공주시 의당면 청룡리 357-2,041-855-4933,공주민속극박물관,https://cafe.naver.com/dolmorootown,"기념품점,식당",10:00,17:00,10:00,17:00,매주 월요일+ 설+ 추석 당일,3000,2500,2000,20인이상 단체,"충청남도 공주시 의당면 청룡리에 있는 사설 민속극 전문 박물관으로 민속학자 심우성 선생이 평생 수집한 민속 자료 들을 전시하고, 각종 민속 공연, 출판 사업, 다양한 체험 프로그램을 운영하고 있습니다.",시내버스 540+공주종합터미널에서 택시로 10분,041-855-4933,공주민속극박물관,2024-08-27,4500000,충청남도 공주시
전국박물관미술관정보표준데이터,https://www.data.go.kr/data/15017323/standard.do,2024-08-27,place,임립미술관,사립,충청남도 공주시,충청남도 공주시 계룡면 봉곡길 77-13,36.39645552,127.1405904,"임립미술관은 화가이자 교육자인 임 립이 1996년에 설립하여 1800평 규모의 대지면적에 3개 전시동과 2개의 연수원동이 있습니다. 5개의 전시실과, 교육실, 작업장, 작가 레지던시 시설을 갖추고 있으며 그 외 호수와 산책로, 공연장, 야외조각공원 등의 부대시설을 가지고 있어서 다양한 미술전시와 음악, 연극 등 다양한 장르의 예술행사를 진행하는 지역주민의 휴식과 문화체험을 위한 복합문화공간입니다.",관람 전 예습 동화와 방문 후 기념 동화책 배경,전시실에서 마음에 드는 작품이나 물건을 찾아 가족과 이야기하기,5-7;8-10,박물관;미술관;임립미술관;임립미술관은;화가이자;교육자인;임;립이;1996년에;설립하여;1800평;규모의,임립미술관,사립,충청남도 공주시 계룡면 봉곡길 77-13,충청남도 공주시 계룡면 기산리 791-1,041-856-7749,임립미술관,http://www.limlipmuseum.org,"전시공간(5개의 전시실), 야외조각공원, 휴게실, 자료실, 대공연장, 호수와 산책로, 게스트하우스",09:00,18:00,09:00,18:00,매주 월요일,5000,3000,3000,"만 48개월 미만 유아, 국가보훈대상자, 기초수급자, 장애인(1~3급) 등 무료 / 예술인패스, 다둥이카드, 장애인,문화의 날(50) 할인","임립미술관은 화가이자 교육자인 임 립이 1996년에 설립하여 1800평 규모의 대지면적에 3개 전시동과 2개의 연수원동이 있습니다. 5개의 전시실과, 교육실, 작업장, 작가 레지던시 시설을 갖추고 있으며 그 외 호수와 산책로, 공연장, 야외조각공원 등의 부대시설을 가지고 있어서 다양한 미술전시와 음악, 연극 등 다양한 장르의 예술행사를 진행하는 지역주민의 휴식과 문화체험을 위한 복합문화공간입니다.",시내버스 280+ 281+ 310+ 320,041-856-7749,임립미술관,2024-08-27,4500000,충청남도 공주시
전국박물관미술관정보표준데이터,https://www.data.go.kr/data/15017323/standard.do,2024-12-11,place,감우재전승기념관,공립,충청북도 음성군,충청북도 음성군 음성읍 생음대로 594,36.95068328,127.6470132,"6.25전쟁 중 최초로 크게 승리한 음성지구(감우재) 전투를 기념하고, 전투장비와 전쟁 참상, 전쟁 당시 생활상 등 전쟁관련 자료를 전시하고 있는 역사의 산 교육장",관람 전 예습 동화와 방문 후 기념 동화책 배경,전시실에서 마음에 드는 작품이나 물건을 찾아 가족과 이야기하기,5-7;8-10,박물관;미술관;감우재전승기념관;6.25전쟁;중;최초로;크게;승리한;음성지구(감우재);전투를;기념하고;전투장비와,감우재전승기념관,공립,충청북도 음성군 음성읍 생음대로 594,충청북도 음성군 음성읍 소여리 897,043-871-5930,충청북도 음성군청,www.eumseong.go.kr,,09:00,18:00,09:00,18:00,월요일+1월 1일+설 연휴+추석 연휴,0,0,0,,"6.25전쟁 중 최초로 크게 승리한 음성지구(감우재) 전투를 기념하고, 전투장비와 전쟁 참상, 전쟁 당시 생활상 등 전쟁관련 자료를 전시하고 있는 역사의 산 교육장",,043-871-5930,충청북도 음성군청,2024-12-11,4470000,충청북도 음성군
전국박물관미술관정보표준데이터,https://www.data.go.kr/data/15017323/standard.do,2024-12-11,place,제8대 유엔사무총장 반기문 평화기념관,공립,충청북도 음성군,충청북도 음성군 원남면 행치길 15-5,36.89195764,127.6644073,유엔의 정신과 반기문 제8대 유엔사무총장의 활동과 업적을 기리고 더 나아가 미래의 글로벌 리더들이 될 청소년들에게 꿈과 비전을 제시해 줄 수 있는 교육의 장,관람 전 예습 동화와 방문 후 기념 동화책 배경,전시실에서 마음에 드는 작품이나 물건을 찾아 가족과 이야기하기,5-7;8-10,박물관;미술관;제8대;유엔사무총장;반기문;평화기념관;유엔의;정신과;유엔사무총장의;활동과;업적을;기리고,제8대 유엔사무총장 반기문 평화기념관,공립,충청북도 음성군 원남면 행치길 15-5,충청북도 음성군 원남면 상당리 605-1,043-871-5932,충청북도 음성군청,https://www.eumseong.go.kr/Banki-moonpeacemuseum/index.do,다목적실+컨퍼런스룸,09:00,18:00,09:00,18:00,월요일+1월 1일+설+추석+월요일이 공휴일인 경우 그다음의 첫 번째 평일,0,0,0,,유엔의 정신과 반기문 제8대 유엔사무총장의 활동과 업적을 기리고 더 나아가 미래의 글로벌 리더들이 될 청소년들에게 꿈과 비전을 제시해 줄 수 있는 교육의 장,,043-871-3122,충청북도 음성군청,2024-12-11,4470000,충청북도 음성군
전국박물관미술관정보표준데이터,https://www.data.go.kr/data/15017323/standard.do,2025-11-01,place,서울우리소리박물관,공립,서울특별시 종로구,서울특별시 종로구 율곡로 96,37.57715793,126.989622,서울우리소리박물관을(를) 배경으로 관람 전후 동화를 만들 수 있다.,관람 전 예습 동화와 방문 후 기념 동화책 배경,전시실에서 마음에 드는 작품이나 물건을 찾아 가족과 이야기하기,5-7;8-10,박물관;미술관;서울우리소리박물관,서울우리소리박물관,공립,서울특별시 종로구 율곡로 96,,02-721-7503,서울우리소리박물관,https://museum.seoul.go.kr/sekm/front/main.do?locale=KO,,09:00,19:00,09:00,19:00,연중무휴,0,0,0,,,,02-742-2600,서울특별시,2025-11-01,3000000,서울특별시 종로구
전국박물관미술관정보표준데이터,https://www.data.go.kr/data/15017323/standard.do,2025-11-01,place,서울공예박물관,공립,서울특별시 종로구,서울특별시 종로구 율곡로3길 4,37.57664817,126.9835334,서울공예박물관을(를) 배경으로 관람 전후 동화를 만들 수 있다.,관람 전 예습 동화와 방문 후 기념 동화책 배경,전시실에서 마음에 드는 작품이나 물건을 찾아 가족과 이야기하기,5-7;8-10,박물관;미술관;서울공예박물관,서울공예박물관,공립,서울특별시 종로구 율곡로3길 4,,02-6450-7000,서울공예박물관,https://craftmuseum.seoul.go.kr/main,,10:00,18:00,10:00,18:00,월요일,0,0,0,,,,02-6450-7000,서울특별시,2025-11-01,3000000,서울특별시 종로구
전국박물관미술관정보표준데이터,https://www.data.go.kr/data/15017323/standard.do,2025-11-01,place,목인박물관,사립,서울특별시 종로구,서울특별시 종로구 인사동11길 20(견지동),37.573871,126.9836492,목인박물관을(를) 배경으로 관람 전후 동화를 만들 수 있다.,관람 전 예습 동화와 방문 후 기념 동화책 배경,전시실에서 마음에 드는 작품이나 물건을 찾아 가족과 이야기하기,5-7;8-10,박물관;미술관;목인박물관,목인박물관,사립,서울특별시 종로구 인사동11길 20(견지동),,02-722-5066,목인박물관,http://www.mokinmuseum.com/,,10:00,19:00,10:00,19:00,월요일+1월 1일+설날+추석 당일,5000,3000,3000,,,,02-722-5066,목인박물관,2025-11-01,3000000,서울특별시 종로구
전국박물관미술관정보표준데이터,https://www.data.go.kr/data/15017323/standard.do,2025-11-01,place,뮤지엄김치간,사립,서울특별시 종로구,서울특별시 종로구 인사동길 35-4(관훈동),37.573514,126.9848673,뮤지엄김치간을(를) 배경으로 관람 전후 동화를 만들 수 있다.,관람 전 예습 동화와 방문 후 기념 동화책 배경,전시실에서 마음에 드는 작품이나 물건을 찾아 가족과 이야기하기,5-7;8-10,박물관;미술관;뮤지엄김치간,뮤지엄김치간,사립,서울특별시 종로구 인사동길 35-4(관훈동),,02-6002-6256,뮤지엄김치간,https://www.kimchikan.com/,,10:00,18:00,10:00,18:00,월요일+1월 1일+설연휴+추석연휴+크리스마스,5000,3000,2000,,,,02-6002-6256,뮤지엄김치간,2025-11-01,3000000,서울특별시 종로구
전국박물관미술관정보표준데이터,https://www.data.go.kr/data/15017323/standard.do,2025-11-01,place,불교중앙박물관,사립,서울특별시 종로구,서울특별시 종로구 우정국로 55,37.57389395,126.9818833,불교중앙박물관을(를) 배경으로 관람 전후 동화를 만들 수 있다.,관람 전 예습 동화와 방문 후 기념 동화책 배경,전시실에서 마음에 드는 작품이나 물건을 찾아 가족과 이야기하기,5-7;8-10,박물관;미술관;불교중앙박물관,불교중앙박물관,사립,서울특별시 종로구 우정국로 55,,02-2011-1960,불교중앙박물관,http://museum.buddhism.or.kr/,,09:00,18:00,09:00,18:00,"월요일+명절(1.1, 설날, 추석)",0,0,0,,,,02-2011-1960,불교중앙박물관,2025-11-01,3000000,서울특별시 종로구
전국박물관미술관정보표준데이터,https://www.data.go.kr/data/15017323/standard.do,2026-04-01,place,미호박물관,사립,경기도 남양주시,경기도 남양주시 고산로126번길 15-2,37.5926636,127.1806149,미호박물관을(를) 배경으로 관람 전후 동화를 만들 수 있다.,관람 전 예습 동화와 방문 후 기념 동화책 배경,전시실에서 마음에 드는 작품이나 물건을 찾아 가족과 이야기하기,5-7;8-10,박물관;미술관;미호박물관,미호박물관,사립,경기도 남양주시 고산로126번길 15-2,경기도 남양주시 수석동 3-1,031-566-7377,미호박물관,https://blog.naver.com/mihonhm,문화상품점+매점,10:00,18:00,10:00,19:00,수+1월 1일+설 당일+추석 당일,8000,8000,8000,,,,031-590-8540,경기도 남양주시청 문화예술과,2026-04-01,3990000,경기도 남양주시
전국박물관미술관정보표준데이터,https://www.data.go.kr/data/15017323/standard.do,2026-04-01,place,왈츠와 닥터만 커피박물관,사립,경기도 남양주시,경기도 남양주시 조안면 북한강로 856-37,37.591975,127.338463,왈츠와 닥터만 커피박물관을(를) 배경으로 관람 전후 동화를 만들 수 있다.,관람 전 예습 동화와 방문 후 기념 동화책 배경,전시실에서 마음에 드는 작품이나 물건을 찾아 가족과 이야기하기,5-7;8-10,박물관;미술관;왈츠와;닥터만;커피박물관,왈츠와 닥터만 커피박물관,사립,경기도 남양주시 조안면 북한강로 856-37,경기도 남양주시 조안면 삼봉리 272-6,031-576-0020,왈츠와 닥터만 커피박물관,http://www.wndcof.com/,문화상품점,11:00,17:00,11:00,17:00,월+화,10000,6000,6000,,,,031-590-8540,경기도 남양주시청 문화예술과,2026-04-01,3990000,경기도 남양주시
전국박물관미술관정보표준데이터,https://www.data.go.kr/data/15017323/standard.do,2026-04-01,place,우석헌자연사박물관,사립,경기도 남양주시,경기도 남양주시 진접읍 금강로 1095,37.69803201,127.1608188,우석헌자연사박물관을(를) 배경으로 관람 전후 동화를 만들 수 있다.,관람 전 예습 동화와 방문 후 기념 동화책 배경,전시실에서 마음에 드는 작품이나 물건을 찾아 가족과 이야기하기,5-7;8-10,박물관;미술관;우석헌자연사박물관,우석헌자연사박물관,사립,경기도 남양주시 진접읍 금강로 1095,경기도 남양주시 진접읍 내각리 589,031-572-9555,우석헌자연사박물관,https://www.geomuseum.org/,문화상품점,10:00,19:00,10:00,19:00,월(월 공휴일인 경우 개관),6500,4000,4000,,,,031-590-8540,경기도 남양주시청 문화예술과,2026-04-01,3990000,경기도 남양주시
전국박물관미술관정보표준데이터,https://www.data.go.kr/data/15017323/standard.do,2026-03-11,place,함평군립미술관,공립,전라남도 함평군,전라남도 함평군 함평읍 곤재로 27,35.05813923,126.5226056,"함평군립미술관은 <함평나비대축제>와 <대한민국 국향대전>이 열리는 함평엑스포공원에 위치하고 있다. 미술관의 외관은 양 날개를 펼쳐 날아가고 있는 나비 형상이며, 이 나비 몸체의 중앙에 미술관의 핵심시설인 전시실이 1층과 2층에 걸쳐 총 3개실로 자리 잡고 있다. 그 날개에 해당하는 양쪽에는 수장고와 자료실, 학예연구실 등이 있다.",관람 전 예습 동화와 방문 후 기념 동화책 배경,전시실에서 마음에 드는 작품이나 물건을 찾아 가족과 이야기하기,5-7;8-10,박물관;미술관;함평군립미술관;함평군립미술관은;<함평나비대축제>와;<대한민국;국향대전>이;열리는;함평엑스포공원에;위치하고;있다.;미술관의,함평군립미술관,공립,전라남도 함평군 함평읍 곤재로 27,전라남도 함평군 함평읍 수호리 1153-1,061-320-2276,함평군립미술관,http://www.hpart.or.kr/,카페+수유실,10:00,18:00,10:00,18:00,매주 월요일+1월 1일+설 당일+추석 당일,0,0,0,축제시 입장료에 포함,"함평군립미술관은 <함평나비대축제>와 <대한민국 국향대전>이 열리는 함평엑스포공원에 위치하고 있다. 미술관의 외관은 양 날개를 펼쳐 날아가고 있는 나비 형상이며, 이 나비 몸체의 중앙에 미술관의 핵심시설인 전시실이 1층과 2층에 걸쳐 총 3개실로 자리 잡고 있다. 그 날개에 해당하는 양쪽에는 수장고와 자료실, 학예연구실 등이 있다.",함평터미널 도보 15분,061-320-2276,전라남도 함평군청,2026-03-11,4960000,전라남도 함평군
전국박물관미술관정보표준데이터,https://www.data.go.kr/data/15017323/standard.do,2026-03-12,place,경기북부어린이박물관,공립,경기도 동두천시,경기도 동두천시 평화로 2910번길 46,37.94467222,127.0644517,어린이가 주체가 되어 [숲에서 꿈꾸는 아이들]을 주제로 조성된 경기북부지역의 대표적인 문화 체험 공간 어린이박물관,관람 전 예습 동화와 방문 후 기념 동화책 배경,전시실에서 마음에 드는 작품이나 물건을 찾아 가족과 이야기하기,5-7;8-10,박물관;미술관;경기북부어린이박물관;어린이가;주체가;되어;[숲에서;꿈꾸는;아이들]을;주제로;조성된;경기북부지역의,경기북부어린이박물관,공립,경기도 동두천시 평화로 2910번길 46,경기도 동두천시 상봉암동 162,031-868-9610,경기도 문화재단,https://ngcm.ggcf.kr/,카페+뮤지엄샵+물품보관소+수유실+의무실,10:00,17:50,10:00,17:50,"월 (단, 월요일이 공휴일인 경우 당일은 개관하고 그 다음 첫번째 평일에 휴관)+1월1일+설날 및 추석 당일",4000,4000,4000,단체 2000원+경기도민 2000원+그외 홈페이지 참조,어린이가 주체가 되어 [숲에서 꿈꾸는 아이들]을 주제로 조성된 경기북부지역의 대표적인 문화 체험 공간 어린이박물관,1호선 소요산역 1번 출구+도보 10분,031-868-9610,경기도 문화재단,2026-03-12,3920000,경기도 동두천시
전국박물관미술관정보표준데이터,https://www.data.go.kr/data/15017323/standard.do,2026-03-12,place,자유수호평화박물관,공립,경기도 동두천시,경기도 동두천시 평화로 2910번길 96-63,37.94250187,127.0660561,잊혀져 가는 6.25전쟁에 대한 이해와 자유와 평화를 수호하기 위하여 희생하신 분들의 뜻을 기리고 유엔 참전국과의 우호 증진을 위해 건립된 박물관,관람 전 예습 동화와 방문 후 기념 동화책 배경,전시실에서 마음에 드는 작품이나 물건을 찾아 가족과 이야기하기,5-7;8-10,박물관;미술관;자유수호평화박물관;잊혀져;가는;6.25전쟁에;대한;이해와;자유와;평화를;수호하기;위하여,자유수호평화박물관,공립,경기도 동두천시 평화로 2910번길 96-63,경기도 동두천시 상봉암동 162-10,031-860-3333,경기도 동두천시청,https://www.ddc.go.kr/museum/index.do,휴게공간,09:00,18:00,09:00,18:00,"월 (단, 월요일이 공휴일인 경우 당일은 개관하고 그 다음 첫번째 평일에 휴관)+1월1일+설날 및 추석 당일",0,0,0,무료,잊혀져 가는 6.25전쟁에 대한 이해와 자유와 평화를 수호하기 위하여 희생하신 분들의 뜻을 기리고 유엔 참전국과의 우호 증진을 위해 건립된 박물관,1호선 소요산역 1번 출구+도보 15분,031-860-3333,경기도 동두천시청 문화체육과,2026-03-12,3920000,경기도 동두천시
전국박물관미술관정보표준데이터,https://www.data.go.kr/data/15017323/standard.do,2026-03-05,place,성호박물관,공립,경기도 안산시,경기도 안산시 상록구 성호로 131,37.3286489,126.8586760,성호박물관은  성호 이익 서생의 생애와 사상을 조명하기 위하여 안산시가 2002년 건립한 안산 최초의 박물관(제1종 전문박물관),관람 전 예습 동화와 방문 후 기념 동화책 배경,전시실에서 마음에 드는 작품이나 물건을 찾아 가족과 이야기하기,5-7;8-10,박물관;미술관;성호박물관;성호박물관은;성호;이익;서생의;생애와;사상을;조명하기;위하여;안산시가,성호박물관,공립,경기도 안산시 상록구 성호로 131,경기도 안산시 상록구 이동 615,031-481-2574,경기도 안산시청,https://www2.ansan.go.kr/seongho/main/main.do,휴게공간,09:00,18:00,09:00,18:00,월요일+1월1일+설연휴+추석연휴,0,0,0,,성호박물관은  성호 이익 서생의 생애와 사상을 조명하기 위하여 안산시가 2002년 건립한 안산 최초의 박물관(제1종 전문박물관),"시내버스 : 11, 125, 23, 80B, 21, 60A, 71, 99-1 좌석버스 : 301번(서울 영등포역 - 광명 - 이익선생묘입구) 지하철 : 4호선(상록수역, 한양대역)",031-481-3034,경기도 안산시청,2026-03-05,3930000,경기도 안산시
전국박물관미술관정보표준데이터,https://www.data.go.kr/data/15017323/standard.do,2026-03-05,place,최용신기념관,공립,경기도 안산시,경기도 안산시 상록구 샘골서길 64,37.2996048,126.8627317,최용신기념관은 애국계몽독립운동가이셨던 최용신 선생을 기리고자 안산시가 건립한 공립박물관이자 국가보훈처 지정 현충시설(제13-1-23호),관람 전 예습 동화와 방문 후 기념 동화책 배경,전시실에서 마음에 드는 작품이나 물건을 찾아 가족과 이야기하기,5-7;8-10,박물관;미술관;최용신기념관;최용신기념관은;애국계몽독립운동가이셨던;최용신;선생을;기리고자;안산시가;건립한;공립박물관이자;국가보훈처,최용신기념관,공립,경기도 안산시 상록구 샘골서길 64,경기도 안산시 상록구 본오동 879-4,031-481-3040,경기도 안산시청,https://www.ansan.go.kr/choiyongshin,,09:00,18:00,09:00,18:00,월요일+1월1일+설연휴+추석연휴,0,0,0,,최용신기념관은 애국계몽독립운동가이셨던 최용신 선생을 기리고자 안산시가 건립한 공립박물관이자 국가보훈처 지정 현충시설(제13-1-23호),4호선 상록수역 1번 출구 (500m),031-481-3034,경기도 안산시청,2026-03-05,3930000,경기도 안산시
전국박물관미술관정보표준데이터,https://www.data.go.kr/data/15017323/standard.do,2026-03-05,place,김홍도미술관,공립,경기도 안산시,경기도 안산시 상록구 충장로 422,37.3160366,126.8517361,단원미술관은 단원 김홍도의 예술혼이 살아 숨쉬는 문화예술도시 안산시가 건립한 최초의 공립미술관(제1종 전문미술관),관람 전 예습 동화와 방문 후 기념 동화책 배경,전시실에서 마음에 드는 작품이나 물건을 찾아 가족과 이야기하기,5-7;8-10,박물관;미술관;김홍도미술관;단원미술관은;단원;김홍도의;예술혼이;살아;숨쉬는;문화예술도시;안산시가;건립한,김홍도미술관,공립,경기도 안산시 상록구 충장로 422,경기도 안산시 상록구 성포동 737,031-481-0505,안산문화재단,https://www.ansanart.com/main/danwon/index.do,카페테리아,10:00,18:00,10:00,18:00,월요일+1월1일+설당일+추석당일,0,0,0,,단원미술관은 단원 김홍도의 예술혼이 살아 숨쉬는 문화예술도시 안산시가 건립한 최초의 공립미술관(제1종 전문미술관),"시내버스 : 23, 31, 52번 이용(성포동 홈플러스 앞 하차, 도보 5분) 지하철 : 4호선 한대앞역 하차(3번출구) ->버스 환승(31, 33, 52번) [성포동 홈플러스 앞 하차, 도보 5분]",031-481-3034,경기도 안산시청,2026-03-05,3930000,경기도 안산시
전국박물관미술관정보표준데이터,https://www.data.go.kr/data/15017323/standard.do,2026-03-05,place,유리섬미술관,사립,경기도 안산시,경기도 안산시 단원구 부흥로 254,37.2197536,126.6024204,유리섬 미술관은 유리예술 문화를 공유하고 창조하는 복합문화체험공간을 추구하는 사립미술관(2012년 개관),관람 전 예습 동화와 방문 후 기념 동화책 배경,전시실에서 마음에 드는 작품이나 물건을 찾아 가족과 이야기하기,5-7;8-10,박물관;미술관;유리섬미술관;유리섬;미술관은;유리예술;문화를;공유하고;창조하는;복합문화체험공간을;추구하는;사립미술관(2012년,유리섬미술관,사립,경기도 안산시 단원구 부흥로 254,경기도 안산시 단원구 대부남동 3-13,032-888-6262,유리섬미술관,http://www.glassisland.co.kr,문화상품점+식당+카페,09:30,18:00,09:30,18:00,월요일+12월31일,12000,11000,8000,유아무료(24개월까지),유리섬 미술관은 유리예술 문화를 공유하고 창조하는 복합문화체험공간을 추구하는 사립미술관(2012년 개관),"지하철 4호선 안산역 <-> 시내버스 123번 이용 (대부동주민센터 하차 후 4km 거리), 지하철 4호선 오이도역 <-> 광역버스 790번 이용 (대부동주민센터 하차 후 4km 거리)",031-481-3034,경기도 안산시청,2026-03-05,3930000,경기도 안산시
전국박물관미술관정보표준데이터,https://www.data.go.kr/data/15017323/standard.do,2026-03-05,place,종이미술관,사립,경기도 안산시,경기도 안산시 단원구 대남로 233,37.2245131,126.5759886,종이미술관은 2014년 개관한  한국 최초의 종이조형미술관,관람 전 예습 동화와 방문 후 기념 동화책 배경,전시실에서 마음에 드는 작품이나 물건을 찾아 가족과 이야기하기,5-7;8-10,박물관;미술관;종이미술관;종이미술관은;2014년;개관한;한국;최초의;종이조형미술관,종이미술관,사립,경기도 안산시 단원구 대남로 233,경기도 안산시 단원구 대부남동 460-134,032-887-0606,종이미술관,http://종이미술관.com,문화상품점+카페+한옥체험관,10:00,18:00,10:00,18:00,월요일,10000,10000,7000,유아무료(24개월까지),종이미술관은 2014년 개관한  한국 최초의 종이조형미술관,"지하철 : 4호선 안산역↔시내버스 123번 이용, 오이도역↔광역버스 790번 이용",031-481-3034,경기도 안산시청,2026-03-05,3930000,경기도 안산시
전국박물관미술관정보표준데이터,https://www.data.go.kr/data/15017323/standard.do,2026-03-05,place,안산어촌민속박물관,공립,경기도 안산시,경기도 안산시 단원구 대부황금로 7,37.1925076,126.6461230,안산어촌민속박물관은 서해안의 갯벌 생태계와 어촌 주민들의 삶을 살펴볼 수 있는 공립박물관(제1종 전문박물관),관람 전 예습 동화와 방문 후 기념 동화책 배경,전시실에서 마음에 드는 작품이나 물건을 찾아 가족과 이야기하기,5-7;8-10,박물관;미술관;안산어촌민속박물관;안산어촌민속박물관은;서해안의;갯벌;생태계와;어촌;주민들의;삶을;살펴볼;수,안산어촌민속박물관,공립,경기도 안산시 단원구 대부황금로 7,경기도 안산시 단원구 선감동 717,031-440-8310,안산도시공사,https://www.ansanuc.net/home/10106/40052/contents.do,수유실,10:00,18:00,10:00,18:00,월요일+1월1일+설연휴+추석연휴,2000,1500,1000,무료입장(안산시민+국가유공자+미취학아동+65세이상+병역명문가증소유자),안산어촌민속박물관은 서해안의 갯벌 생태계와 어촌 주민들의 삶을 살펴볼 수 있는 공립박물관(제1종 전문박물관),안산 시내버스 123번 버스 탑승 후 탄도항(종점) 하차,031-481-3034,경기도 안산시청,2026-03-05,3930000,경기도 안산시
전국박물관미술관정보표준데이터,https://www.data.go.kr/data/15017323/standard.do,2026-03-05,place,안산산업역사박물관,공립,경기도 안산시,경기도 안산시 단원구 화랑로 265,37.3230890,126.8161874,안산산업역사박물관은 안산의 산업사 및 변천사를 살펴볼 수 있는 공립박물관(제1종 전문박물관),관람 전 예습 동화와 방문 후 기념 동화책 배경,전시실에서 마음에 드는 작품이나 물건을 찾아 가족과 이야기하기,5-7;8-10,박물관;미술관;안산산업역사박물관;안산산업역사박물관은;안산의;산업사;및;변천사를;살펴볼;수;있는;공립박물관(제1종,안산산업역사박물관,공립,경기도 안산시 단원구 화랑로 265,경기도 안산시 단원구 초지동 667,031-369-1694,경기도 안산시청,https://ansan.go.kr/aim/,수유실,09:00,18:00,09:00,18:00,월요일+1월1일+설연휴+추석연휴,0,0,0,,안산산업역사박물관은 안산의 산업사 및 변천사를 살펴볼 수 있는 공립박물관(제1종 전문박물관),"시내버스 : 단원구청·보건소 정류장(123, 123-1, 99, 52,11, 23, 22, 30-2, 350, 30, 101번) 지하철 : 4호선(초지역, 고잔역)",031-481-3429,경기도 안산시청,2026-03-05,3930000,경기도 안산시
전국박물관미술관정보표준데이터,https://www.data.go.kr/data/15017323/standard.do,2026-03-05,place,안산향토사박물관,공립,경기도 안산시,경기도 안산시 상록구 석호로 144,37.2993262,126.8476318,"안산향토사박물관은 2005년 개관했으며, 선사시대부터 근현대사에 이르는 안산의 역사를 한 눈에 볼 수 있는 1종 전문박물관",관람 전 예습 동화와 방문 후 기념 동화책 배경,전시실에서 마음에 드는 작품이나 물건을 찾아 가족과 이야기하기,5-7;8-10,박물관;미술관;안산향토사박물관;안산향토사박물관은;2005년;개관했으며;선사시대부터;근현대사에;이르는;안산의;역사를;한,안산향토사박물관,공립,경기도 안산시 상록구 석호로 144,경기도 안산시 상록구 사동 1586-1,031-415-0041,안산문화원,http://www.ansanculture.or.kr,,10:00,17:00,10:00,17:00,설연휴+추석연휴,0,0,0,,"안산향토사박물관은 2005년 개관했으며, 선사시대부터 근현대사에 이르는 안산의 역사를 한 눈에 볼 수 있는 1종 전문박물관",지하철 4호선 한대앞역,031-481-3034,경기도 안산시청,2026-03-05,3930000,경기도 안산시
전국박물관미술관정보표준데이터,https://www.data.go.kr/data/15017323/standard.do,2026-03-05,place,맥아트미술관,사립,경기도 안산시,경기도 안산시 단원구 부흥로 254,37.2197536,126.6024204,"맥아트미술관은 회화, 입체, 설치, 영상 등 다양한 장르의 예술 작품들을 만날 수 있는 사립미술관(2012년 개관)",관람 전 예습 동화와 방문 후 기념 동화책 배경,전시실에서 마음에 드는 작품이나 물건을 찾아 가족과 이야기하기,5-7;8-10,박물관;미술관;맥아트미술관;맥아트미술관은;회화;입체;설치;영상;등;다양한;장르의;예술,맥아트미술관,사립,경기도 안산시 단원구 부흥로 254,경기도 안산시 단원구 대부남동 3-13,032-888-6262,맥아트미술관,http://www.glassisland.co.kr,문화상품점+매점,09:30,18:00,09:30,18:00,월요일+12월31일,12000,11000,8000,유아무료(24개월까지),"맥아트미술관은 회화, 입체, 설치, 영상 등 다양한 장르의 예술 작품들을 만날 수 있는 사립미술관(2012년 개관)","지하철 4호선 안산역 <-> 시내버스 123번 이용 (대부동주민센터 하차 후 4km 거리) 지하철 4호선 오이도역, <-> 광역버스 790번 이용 (대부동주민센터 하차 후 4km 거리)",031-481-3034,경기도 안산시청,2026-03-05,3930000,경기도 안산시
전국박물관미술관정보표준데이터,https://www.data.go.kr/data/15017323/standard.do,2026-04-01,place,프라움 악기박물관,사립,경기도 남양주시,경기도 남양주시 와부읍 경강로 756,37.56850845,127.2270492,프라움 악기박물관을(를) 배경으로 관람 전후 동화를 만들 수 있다.,관람 전 예습 동화와 방문 후 기념 동화책 배경,전시실에서 마음에 드는 작품이나 물건을 찾아 가족과 이야기하기,5-7;8-10,박물관;미술관;프라움;악기박물관,프라움 악기박물관,사립,경기도 남양주시 와부읍 경강로 756,경기도 남양주시 와부읍 도곡리 504-41,031-521-0441,프라움 악기박물관,http://www.praum.or.kr/,,10:00,18:00,10:00,18:00,월+1월 1일,6000,5000,4000,,,,031-590-8540,경기도 남양주시청 문화예술과,2026-04-01,3990000,경기도 남양주시
전국박물관미술관정보표준데이터,https://www.data.go.kr/data/15017323/standard.do,2026-04-01,place,모란미술관,사립,경기도 남양주시,경기도 남양주시 화도읍 경춘로2110번길 8,37.6504135,127.3237775,모란미술관을(를) 배경으로 관람 전후 동화를 만들 수 있다.,관람 전 예습 동화와 방문 후 기념 동화책 배경,전시실에서 마음에 드는 작품이나 물건을 찾아 가족과 이야기하기,5-7;8-10,박물관;미술관;모란미술관,모란미술관,사립,경기도 남양주시 화도읍 경춘로2110번길 8,경기도 남양주시 화도읍 월산리 246-1,031-594-8001,모란미술관,http://www.moranmuseum.org/,,10:00,18:00,10:00,18:00,월+1월 1일+설 연휴+추석 연휴+미술관 지정일,10000,6000,5000,,,,031-590-8540,경기도 남양주시청 문화예술과,2026-04-01,3990000,경기도 남양주시
전국박물관미술관정보표준데이터,https://www.data.go.kr/data/15017323/standard.do,2026-04-01,place,서호미술관,사립,경기도 남양주시,경기도 남양주시 화도읍 북한강로 1344,37.63270736,127.3515079,서호미술관을(를) 배경으로 관람 전후 동화를 만들 수 있다.,관람 전 예습 동화와 방문 후 기념 동화책 배경,전시실에서 마음에 드는 작품이나 물건을 찾아 가족과 이야기하기,5-7;8-10,박물관;미술관;서호미술관,서호미술관,사립,경기도 남양주시 화도읍 북한강로 1344,경기도 남양주시 화도읍 금남리 571-17,031-592-1865,서호미술관,http://www.seohoart.com/,,10:00,18:00,10:00,18:00,설 연휴+추석 연휴,5000,3000,2000,,,,031-590-8540,경기도 남양주시청 문화예술과,2026-04-01,3990000,경기도 남양주시
전국박물관미술관정보표준데이터,https://www.data.go.kr/data/15017323/standard.do,2026-04-01,place,한강뮤지엄,사립,경기도 남양주시,경기도 남양주시 와부읍 경강로926번길 30,37.5534542,127.2366752,한강뮤지엄을(를) 배경으로 관람 전후 동화를 만들 수 있다.,관람 전 예습 동화와 방문 후 기념 동화책 배경,전시실에서 마음에 드는 작품이나 물건을 찾아 가족과 이야기하기,5-7;8-10,박물관;미술관;한강뮤지엄,한강뮤지엄,사립,경기도 남양주시 와부읍 경강로926번길 30,경기도 남양주시 와부읍 팔당리 784,031-577-2977,한강뮤지엄,http://hangangmuseum.com/,문화상품점,11:00,20:00,11:00,22:00,연중무휴,10000,8000,8000,,,,031-590-8540,경기도 남양주시청 문화예술과,2026-04-01,3990000,경기도 남양주시
전국박물관미술관정보표준데이터,https://www.data.go.kr/data/15017323/standard.do,2026-04-01,place,현대어린이책미술관 MOKA가든,사립,경기도 남양주시,경기도 남양주시 다산순환로 50,37.61625793,127.1524291,현대어린이책미술관 MOKA가든을(를) 배경으로 관람 전후 동화를 만들 수 있다.,관람 전 예습 동화와 방문 후 기념 동화책 배경,전시실에서 마음에 드는 작품이나 물건을 찾아 가족과 이야기하기,5-7;8-10,박물관;미술관;현대어린이책미술관;MOKA가든,현대어린이책미술관 MOKA가든,사립,경기도 남양주시 다산순환로 50,경기도 남양주시 다산동 6141,031-8078-2900,현대어린이책미술관 MOKA가든,http://www.hmoka.org/,,10:00,19:00,10:00,19:00,월+1월 1일+설 전일 +설 당일+추석 전일+추석 당일,6000,6000,6000,교육프로그램 참여비용 별도,,,031-590-8540,경기도 남양주시청 문화예술과,2026-04-01,3990000,경기도 남양주시
전국박물관미술관정보표준데이터,https://www.data.go.kr/data/15017323/standard.do,2026-04-01,place,남양주시립박물관,공립,경기도 남양주시,경기도 남양주시 와부읍 팔당로 121,37.54638551,127.2443749,"남양주의 역사와 문화를 보존, 전시하고 교육하여 과거와 현재, 미래를 아우르는 시민 문화와 교육의 공간",관람 전 예습 동화와 방문 후 기념 동화책 배경,전시실에서 마음에 드는 작품이나 물건을 찾아 가족과 이야기하기,5-7;8-10,박물관;미술관;남양주시립박물관;남양주의;역사와;문화를;보존;전시하고;교육하여;과거와;현재;미래를,남양주시립박물관,공립,경기도 남양주시 와부읍 팔당로 121,경기도 남양주시 와부읍 팔당리 237-3,031-590-8600,남양주시립박물관,http://blog.naver.com/nyjmuseum,휴게공간,10:00,18:00,10:00,18:00,월(월 공휴일이면 다음 평일)+1월 1일+설 당일+추석 당일,0,0,0,,"남양주의 역사와 문화를 보존, 전시하고 교육하여 과거와 현재, 미래를 아우르는 시민 문화와 교육의 공간","버스 58-3, 2000-1, 8-8번(팔당역 하차) / 버스 112-1번(하팔당 마을 하차) / 마을버스 63, 50번(팔당역 하차) / 지하철 경의중앙선 팔당역 하차",031-590-8540,경기도 남양주시청 문화예술과,2026-04-01,3990000,경기도 남양주시
전국박물관미술관정보표준데이터,https://www.data.go.kr/data/15017323/standard.do,2026-04-01,place,덕소자연사박물관,사립,경기도 남양주시,경기도 남양주시 와부읍 석실로 46-11,37.58001418,127.230014,덕소자연사박물관을(를) 배경으로 관람 전후 동화를 만들 수 있다.,관람 전 예습 동화와 방문 후 기념 동화책 배경,전시실에서 마음에 드는 작품이나 물건을 찾아 가족과 이야기하기,5-7;8-10,박물관;미술관;덕소자연사박물관,덕소자연사박물관,사립,경기도 남양주시 와부읍 석실로 46-11,경기도 남양주시 와부읍 도곡리 619-4,031-521-7166,덕소자연사박물관,http://www.duksomuseum.com/,문화상품점,10:00,18:00,10:00,18:00,월+1월 1일+설 당일+추석 당일,7000,6000,6000,,,,031-590-8540,경기도 남양주시청 문화예술과,2026-04-01,3990000,경기도 남양주시
전국박물관미술관정보표준데이터,https://www.data.go.kr/data/15017323/standard.do,2026-04-08,place,국립일제강제동원역사관,국립,부산광역시 남구,부산광역시 남구 홍곡로 320번길 100,35.12450497,129.0920701,국립일제강제동원역사관을(를) 배경으로 관람 전후 동화를 만들 수 있다.,관람 전 예습 동화와 방문 후 기념 동화책 배경,전시실에서 마음에 드는 작품이나 물건을 찾아 가족과 이야기하기,5-7;8-10,박물관;미술관;국립일제강제동원역사관,국립일제강제동원역사관,국립,부산광역시 남구 홍곡로 320번길 100,,02-721-1800,일제강제동원피해자지원재단,,,09:30,17:30,09:30,17:30,"매주 월요일, 1월 1일, 설날, 추석",0,0,0,,,,051-629-8600,행정안전부,2026-04-08,1371000,문화체육관광부
전국박물관미술관정보표준데이터,https://www.data.go.kr/data/15017323/standard.do,2026-04-08,place,국립해양박물관,국립,부산광역시 영도구,부산광역시 영도구 해양로 301번길 45,35.0785634153,129.0802448645,국립해양박물관을(를) 배경으로 관람 전후 동화를 만들 수 있다.,관람 전 예습 동화와 방문 후 기념 동화책 배경,전시실에서 마음에 드는 작품이나 물건을 찾아 가족과 이야기하기,5-7;8-10,박물관;미술관;국립해양박물관,국립해양박물관,국립,부산광역시 영도구 해양로 301번길 45,,051-309-1900,국립해양박물관,,,09:00,18:00,09:00,18:00,"매주 월요일(단, 월요일이 공휴일인 경우 당일은 개관하고 그 다음 첫번째 평일에 휴관)",0,0,0,,,,044-200-5228,해양수산부,2026-04-08,1371000,문화체육관광부
전국박물관미술관정보표준데이터,https://www.data.go.kr/data/15017323/standard.do,2026-04-08,place,국립대구박물관,국립,대구광역시 수성구,대구광역시 수성구 청호로 321,35.8455745296,128.638341948,국립대구박물관을(를) 배경으로 관람 전후 동화를 만들 수 있다.,관람 전 예습 동화와 방문 후 기념 동화책 배경,전시실에서 마음에 드는 작품이나 물건을 찾아 가족과 이야기하기,5-7;8-10,박물관;미술관;국립대구박물관,국립대구박물관,국립,대구광역시 수성구 청호로 321,,053-768-6051,국립대구박물관,,,09:00,18:00,09:00,18:00,"매주 월요일(단, 월요일이 공휴일인 경우 당일은 개관하고 그 다음 첫번째 평일에 휴관), 1월 1일, 설날 및 추석 당일",0,0,0,,,,044-203-2000,문화체육관광부,2026-04-08,1371000,문화체육관광부
전국박물관미술관정보표준데이터,https://www.data.go.kr/data/15017323/standard.do,2026-04-08,place,국립세계문자박물관,국립,인천광역시 연수구,인천광역시 연수구 센트럴로 217,37.394646,126.6381068109,국립세계문자박물관을(를) 배경으로 관람 전후 동화를 만들 수 있다.,관람 전 예습 동화와 방문 후 기념 동화책 배경,전시실에서 마음에 드는 작품이나 물건을 찾아 가족과 이야기하기,5-7;8-10,박물관;미술관;국립세계문자박물관,국립세계문자박물관,국립,인천광역시 연수구 센트럴로 217,,032-290-2021,국립세계문자박물관,,,10:00,18:00,10:00,18:00,"매주 월요일, 신정, 설날 및 추석 당일",0,0,0,,,,044-203-2540,문화체육관광부,2026-04-08,1371000,문화체육관광부
전국박물관미술관정보표준데이터,https://www.data.go.kr/data/15017323/standard.do,2026-04-08,place,국립광주박물관,국립,광주광역시 북구,광주광역시 북구 하서로 110,35.1896565756,126.883951454,국립광주박물관을(를) 배경으로 관람 전후 동화를 만들 수 있다.,관람 전 예습 동화와 방문 후 기념 동화책 배경,전시실에서 마음에 드는 작품이나 물건을 찾아 가족과 이야기하기,5-7;8-10,박물관;미술관;국립광주박물관,국립광주박물관,국립,광주광역시 북구 하서로 110,,062-570-7000,국립광주박물관,,,10:00,18:00,10:00,18:00,"1월 1일, 명절 당일, 4월, 11월 첫번째 주 월요일",0,0,0,,,,044-203-2000,문화체육관광부,2026-04-08,1371000,문화체육관광부
전국박물관미술관정보표준데이터,https://www.data.go.kr/data/15017323/standard.do,2026-04-08,place,아시아문화박물관,국립,광주광역시 동구,광주광역시 동구 문화전당로 38,35.147371428,126.9208567631,아시아문화박물관을(를) 배경으로 관람 전후 동화를 만들 수 있다.,관람 전 예습 동화와 방문 후 기념 동화책 배경,전시실에서 마음에 드는 작품이나 물건을 찾아 가족과 이야기하기,5-7;8-10,박물관;미술관;아시아문화박물관,아시아문화박물관,국립,광주광역시 동구 문화전당로 38,,062-601-4511,국립아시아문화전당,,,10:00,18:00,10:00,18:00,"매주 월요일(단, 월요일이 공휴일인 경우 당일은 개관하고 그 다음 첫번째 평일에 휴관)",0,0,0,,,,044-203-2000,문화체육관광부,2026-04-08,1371000,문화체육관광부
전국박물관미술관정보표준데이터,https://www.data.go.kr/data/15017323/standard.do,2026-04-08,place,국립조세박물관,국립,세종특별자치시 국세청로,세종특별자치시 국세청로 8-14,36.48507978,127.2603064,국립조세박물관을(를) 배경으로 관람 전후 동화를 만들 수 있다.,관람 전 예습 동화와 방문 후 기념 동화책 배경,전시실에서 마음에 드는 작품이나 물건을 찾아 가족과 이야기하기,5-7;8-10,박물관;미술관;국립조세박물관,국립조세박물관,국립,세종특별자치시 국세청로 8-14,,044-204-4646,국세청,,,09:00,18:00,00:00,00:00,매주 월요일 및 법정공휴일,0,0,0,,,,044-204-4646,국세청,2026-04-08,1371000,문화체육관광부
전국박물관미술관정보표준데이터,https://www.data.go.kr/data/15017323/standard.do,2026-04-08,place,국립6.25전쟁납북자기념관,국립,경기도 파주시,경기도 파주시 문산읍 임진각로 153,37.8891060488,126.7425308384,국립6.25전쟁납북자기념관을(를) 배경으로 관람 전후 동화를 만들 수 있다.,관람 전 예습 동화와 방문 후 기념 동화책 배경,전시실에서 마음에 드는 작품이나 물건을 찾아 가족과 이야기하기,5-7;8-10,박물관;미술관;국립6.25전쟁납북자기념관,국립6.25전쟁납북자기념관,국립,경기도 파주시 문산읍 임진각로 153,,031-930-6000,국립6.25전쟁납북자기념관,,,10:00,17:00,10:00,17:00,"매주 월요일, 공휴일(설, 추석 당일은 개관)",0,0,0,,,,1577-1365,통일부,2026-04-08,1371000,문화체육관광부
전국박물관미술관정보표준데이터,https://www.data.go.kr/data/15017323/standard.do,2026-04-08,place,국립수목원 산림박물관,국립,경기도 포천시,경기도 포천시 소흘읍 광릉수목원로 509,37.7595233133,127.1689953274,국립수목원 산림박물관을(를) 배경으로 관람 전후 동화를 만들 수 있다.,관람 전 예습 동화와 방문 후 기념 동화책 배경,전시실에서 마음에 드는 작품이나 물건을 찾아 가족과 이야기하기,5-7;8-10,박물관;미술관;국립수목원;산림박물관,국립수목원 산림박물관,국립,경기도 포천시 소흘읍 광릉수목원로 509,,031-540-2000,국립수목원 산림박물관,,,09:00,18:00,09:00,18:00,"매주 월요일, 1월 1일, 설·추석연휴동계(12월~2월)기간은 일요일 휴무",0,0,0,,,,1588-3249,산림청,2026-04-08,1371000,문화체육관광부
전국박물관미술관정보표준데이터,https://www.data.go.kr/data/15017323/standard.do,2026-04-08,place,국립여성사전시관,국립,경기도 고양시,경기도 고양시 덕양구 화중로104번길 50,37.6358155664,126.834035479,국립여성사전시관을(를) 배경으로 관람 전후 동화를 만들 수 있다.,관람 전 예습 동화와 방문 후 기념 동화책 배경,전시실에서 마음에 드는 작품이나 물건을 찾아 가족과 이야기하기,5-7;8-10,박물관;미술관;국립여성사전시관,국립여성사전시관,국립,경기도 고양시 덕양구 화중로104번길 50,,02-3156-6100,한국양성평등교육진흥원,,,10:00,18:00,00:00,00:00,"일요일, 공휴일 및 명절 휴관",0,0,0,,,,02-2100-6145,여성가족부,2026-04-08,1371000,문화체육관광부
전국박물관미술관정보표준데이터,https://www.data.go.kr/data/15017323/standard.do,2026-04-08,place,세종대왕역사문화관,국립,경기도 여주시,경기도 여주시 세종대왕면 영릉로 269-10,37.3052535152,127.6131005499,세종대왕역사문화관을(를) 배경으로 관람 전후 동화를 만들 수 있다.,관람 전 예습 동화와 방문 후 기념 동화책 배경,전시실에서 마음에 드는 작품이나 물건을 찾아 가족과 이야기하기,5-7;8-10,박물관;미술관;세종대왕역사문화관,세종대왕역사문화관,국립,경기도 여주시 세종대왕면 영릉로 269-10,,031-880-4712,세종대왕유적관리소,,,09:00,18:00,09:00,18:00,매주 월요일,0,0,0,,,,02-6450-3833,국가유산청,2026-04-08,1371000,문화체육관광부
전국박물관미술관정보표준데이터,https://www.data.go.kr/data/15017323/standard.do,2026-04-08,place,국립지도박물관,국립,경기도 수원시,경기도 수원시 영통구 월드컵로 92,37.2757714463,127.0549634103,국립지도박물관을(를) 배경으로 관람 전후 동화를 만들 수 있다.,관람 전 예습 동화와 방문 후 기념 동화책 배경,전시실에서 마음에 드는 작품이나 물건을 찾아 가족과 이야기하기,5-7;8-10,박물관;미술관;국립지도박물관,국립지도박물관,국립,경기도 수원시 영통구 월드컵로 92,,031-210-2635,국토교통부 국토지리정보원,,,10:00,17:00,10:00,17:00,"신정, 설연휴, 추석연휴",0,0,0,,,,031-210-2635,국토교통부 국토지리정보원,2026-04-08,1371000,문화체육관광부
전국박물관미술관정보표준데이터,https://www.data.go.kr/data/15017323/standard.do,2026-04-08,place,국립농업박물관,국립,경기도 수원시,경기도 수원시 권선구 수인로 154,37.2748838338,126.9849753448,국립농업박물관을(를) 배경으로 관람 전후 동화를 만들 수 있다.,관람 전 예습 동화와 방문 후 기념 동화책 배경,전시실에서 마음에 드는 작품이나 물건을 찾아 가족과 이야기하기,5-7;8-10,박물관;미술관;국립농업박물관,국립농업박물관,국립,경기도 수원시 권선구 수인로 154,,031-324-9114,국립농업박물관,,,10:00,18:00,10:00,18:00,"매주 월요일, 1월 1일, 설·추석 당일",0,0,0,,,,044-201-1000,농림축산식품부,2026-04-08,1371000,문화체육관광부
전국박물관미술관정보표준데이터,https://www.data.go.kr/data/15017323/standard.do,2026-04-08,place,국립춘천박물관,국립,강원특별자치도 춘천시,강원특별자치도 춘천시 우석로 70,37.8640187675,127.7521906961,국립춘천박물관을(를) 배경으로 관람 전후 동화를 만들 수 있다.,관람 전 예습 동화와 방문 후 기념 동화책 배경,전시실에서 마음에 드는 작품이나 물건을 찾아 가족과 이야기하기,5-7;8-10,박물관;미술관;국립춘천박물관,국립춘천박물관,국립,강원특별자치도 춘천시 우석로 70,,033-260-1500,국립춘천박물관,,,09:00,18:00,09:00,18:00,"매주 월요일(단, 월요일이 공휴일인 경우 당일은 개관하고 그 다음 첫번째 평일에 휴관), 1월 1일, 설날 및 추석 당일",0,0,0,,,,044-203-2000,문화체육관광부,2026-04-08,1371000,문화체육관광부
전국박물관미술관정보표준데이터,https://www.data.go.kr/data/15017323/standard.do,2026-04-08,place,강원경찰박물관,국립,강원특별자치도 춘천시,강원특별자치도 춘천시 신북읍 신샘밭로 361,37.925723,127.750243,강원경찰박물관을(를) 배경으로 관람 전후 동화를 만들 수 있다.,관람 전 예습 동화와 방문 후 기념 동화책 배경,전시실에서 마음에 드는 작품이나 물건을 찾아 가족과 이야기하기,5-7;8-10,박물관;미술관;강원경찰박물관,강원경찰박물관,국립,강원특별자치도 춘천시 신북읍 신샘밭로 361,,033-248-0221,강원도경찰청,,,09:30,17:30,09:30,17:30,"매주 월요일, 법정공휴일",0,0,0,,,,033-248-0221,강원특별자치도경찰청,2026-04-08,1371000,문화체육관광부
전국박물관미술관정보표준데이터,https://www.data.go.kr/data/15017323/standard.do,2026-04-08,place,국립산악박물관,국립,강원특별자치도 속초시,강원특별자치도 속초시 미시령로 3054,38.202732105,128.5404971421,국립산악박물관을(를) 배경으로 관람 전후 동화를 만들 수 있다.,관람 전 예습 동화와 방문 후 기념 동화책 배경,전시실에서 마음에 드는 작품이나 물건을 찾아 가족과 이야기하기,5-7;8-10,박물관;미술관;국립산악박물관,국립산악박물관,국립,강원특별자치도 속초시 미시령로 3054,,042-620-6300,한국등산·트레킹지원센터,,,09:00,18:00,09:00,18:00,"매주 월요일(단, 월요일이 공휴일인 경우 당일은 개관하고 그 다음 첫번째 평일에 휴관), 1월 1일(신정), 설연휴, 추석연휴",0,0,0,,,,042-481-8876,산림청,2026-04-08,1371000,문화체육관광부
전국박물관미술관정보표준데이터,https://www.data.go.kr/data/15017323/standard.do,2026-04-08,place,국립청주박물관,국립,충청북도 청주시,충청북도 청주시 상당구 명암로 143,36.64966894,127.5120091,국립청주박물관을(를) 배경으로 관람 전후 동화를 만들 수 있다.,관람 전 예습 동화와 방문 후 기념 동화책 배경,전시실에서 마음에 드는 작품이나 물건을 찾아 가족과 이야기하기,5-7;8-10,박물관;미술관;국립청주박물관,국립청주박물관,국립,충청북도 청주시 상당구 명암로 143,,043-229-6300,국립청주박물관,,,09:00,18:00,09:00,18:00,"매주 월요일(단, 월요일이 공휴일인 경우 당일은 개관하고 그 다음 첫번째 평일에 휴관), 1월 1일, 설날 및 추석 당일",0,0,0,,,,044-203-2000,문화체육관광부,2026-04-08,1371000,문화체육관광부
전국박물관미술관정보표준데이터,https://www.data.go.kr/data/15017323/standard.do,2026-04-08,place,국립공주박물관,국립,충청남도 공주시,충청남도 공주시 관광단지길 34,36.465529123,127.112179949,국립공주박물관을(를) 배경으로 관람 전후 동화를 만들 수 있다.,관람 전 예습 동화와 방문 후 기념 동화책 배경,전시실에서 마음에 드는 작품이나 물건을 찾아 가족과 이야기하기,5-7;8-10,박물관;미술관;국립공주박물관,국립공주박물관,국립,충청남도 공주시 관광단지길 34,,041-850-6300,국립공주박물관,,,09:00,18:00,09:00,18:00,"매주 월요일(단, 월요일이 공휴일인 경우 당일은 개관하고 그 다음 첫번째 평일에 휴관), 1월 1일, 설날 및 추석 당일",0,0,0,,,,044-203-2000,문화체육관광부,2026-04-08,1371000,문화체육관광부
전국박물관미술관정보표준데이터,https://www.data.go.kr/data/15017323/standard.do,2026-04-08,place,국립부여박물관,국립,충청남도 부여군,충청남도 부여군 부여읍 금성로 5,36.2756427697,126.9178932509,국립부여박물관을(를) 배경으로 관람 전후 동화를 만들 수 있다.,관람 전 예습 동화와 방문 후 기념 동화책 배경,전시실에서 마음에 드는 작품이나 물건을 찾아 가족과 이야기하기,5-7;8-10,박물관;미술관;국립부여박물관,국립부여박물관,국립,충청남도 부여군 부여읍 금성로 5,,041-833-8562,국립부여박물관,,,09:00,18:00,09:00,18:00,"매주 월요일(단, 월요일이 공휴일인 경우 당일은 개관하고 그 다음 첫번째 평일에 휴관)",0,0,0,,,,044-203-2000,문화체육관광부,2026-04-08,1371000,문화체육관광부
전국박물관미술관정보표준데이터,https://www.data.go.kr/data/15017323/standard.do,2026-04-08,place,국립해양생물자원관 씨큐리움,국립,충청남도 서천군,충청남도 서천군 장항읍 장산로101번길 75,36.0172449848,126.6698206094,국립해양생물자원관 씨큐리움을(를) 배경으로 관람 전후 동화를 만들 수 있다.,관람 전 예습 동화와 방문 후 기념 동화책 배경,전시실에서 마음에 드는 작품이나 물건을 찾아 가족과 이야기하기,5-7;8-10,박물관;미술관;국립해양생물자원관;씨큐리움,국립해양생물자원관 씨큐리움,국립,충청남도 서천군 장항읍 장산로101번길 75,,041-950-0600,국립해양생물자원관,,,09:30,18:00,09:30,18:00,"1월 1일, 설날, 추석, 매주 월요일(월요일이 공휴일인 경우 그 다음 평일)",3000,2000,1000,"지역민 50 할인, 다자녀 가정 50 할인, 단체(20인 이상) 500원 할인, 지역 유관기관 상호할인",,,044-200-5671,해양수산부,2026-04-08,1371000,문화체육관광부
전국박물관미술관정보표준데이터,https://www.data.go.kr/data/15017323/standard.do,2026-04-08,place,우정박물관,국립,충청남도 천안시,충청남도 천안시 동남구  양지말1길 11-14,36.813937,127.188908,우정박물관을(를) 배경으로 관람 전후 동화를 만들 수 있다.,관람 전 예습 동화와 방문 후 기념 동화책 배경,전시실에서 마음에 드는 작품이나 물건을 찾아 가족과 이야기하기,5-7;8-10,박물관;미술관;우정박물관,우정박물관,국립,충청남도 천안시 동남구  양지말1길 11-14,,041-560-5900,우정인재개발원,,,09:00,18:00,00:00,00:00,"토요일, 공휴일",0,0,0,,,,044-200-8892,우정사업본부,2026-04-08,1371000,문화체육관광부
전국박물관미술관정보표준데이터,https://www.data.go.kr/data/15017323/standard.do,2026-04-08,place,충무공이순신기념관,국립,충청남도 아산시,충청남도 아산시 염치읍 현충사길 126,36.80654743,127.0311988,충무공이순신기념관을(를) 배경으로 관람 전후 동화를 만들 수 있다.,관람 전 예습 동화와 방문 후 기념 동화책 배경,전시실에서 마음에 드는 작품이나 물건을 찾아 가족과 이야기하기,5-7;8-10,박물관;미술관;충무공이순신기념관,충무공이순신기념관,국립,충청남도 아산시 염치읍 현충사길 126,,041-539-4600,국가유산청 현충사관리소,,,09:00,18:00,09:00,18:00,매주 월요일(단 월요일이 공휴일인 경우 개관),0,0,0,,,,041-539-4600,국가유산청,2026-04-08,1371000,문화체육관광부
전국박물관미술관정보표준데이터,https://www.data.go.kr/data/15017323/standard.do,2026-04-08,place,칠백의총관리소(기념관),국립,충청남도 금산군,충청남도 금산군 금성면 의총길 50,36.130210499,127.490643533,칠백의총관리소(기념관)을(를) 배경으로 관람 전후 동화를 만들 수 있다.,관람 전 예습 동화와 방문 후 기념 동화책 배경,전시실에서 마음에 드는 작품이나 물건을 찾아 가족과 이야기하기,5-7;8-10,박물관;미술관;칠백의총관리소(기념관),칠백의총관리소(기념관),국립,충청남도 금산군 금성면 의총길 50,,041-753-8701,칠백의총관리소,,,09:00,18:00,09:00,18:00,매주 월요일,0,0,0,,,,041-753-8701,국가유산청,2026-04-08,1371000,문화체육관광부
전국박물관미술관정보표준데이터,https://www.data.go.kr/data/15017323/standard.do,2026-04-08,place,국립나주박물관,국립,전라남도 나주시,전라남도 나주시 반남면 고분로 747,34.9148538318,126.6589014216,국립나주박물관을(를) 배경으로 관람 전후 동화를 만들 수 있다.,관람 전 예습 동화와 방문 후 기념 동화책 배경,전시실에서 마음에 드는 작품이나 물건을 찾아 가족과 이야기하기,5-7;8-10,박물관;미술관;국립나주박물관,국립나주박물관,국립,전라남도 나주시 반남면 고분로 747,,061-330-7800,국립나주박물관,,,09:00,18:00,09:00,18:00,"매주 월요일(단, 월요일이 공휴일인 경우 당일은 개관하고 그 다음 첫번째 평일에 휴관), 1월 1일, 설날 및 추석 당일",0,0,0,,,,044-203-2000,문화체육관광부,2026-04-08,1371000,문화체육관광부
전국박물관미술관정보표준데이터,https://www.data.go.kr/data/15017323/standard.do,2026-04-08,place,국립소록도병원 한센병박물관,국립,전라남도 고흥군,전라남도 고흥군 도양읍 소록해안길 82,34.512418,127.1196802,국립소록도병원 한센병박물관을(를) 배경으로 관람 전후 동화를 만들 수 있다.,관람 전 예습 동화와 방문 후 기념 동화책 배경,전시실에서 마음에 드는 작품이나 물건을 찾아 가족과 이야기하기,5-7;8-10,박물관;미술관;국립소록도병원;한센병박물관,국립소록도병원 한센병박물관,국립,전라남도 고흥군 도양읍 소록해안길 82,,061-840-0692,국립소록도병원,,,09:30,16:30,09:30,16:30,"매주 월요일, 1월 1일, 설 및 추석 연휴",0,0,0,,,,061-840-0692,보건복지부,2026-04-08,1371000,문화체육관광부
전국박물관미술관정보표준데이터,https://www.data.go.kr/data/15017323/standard.do,2026-04-08,place,국립해양유산연구소 해양유물전시관,국립,전라남도 목포시,전라남도 목포시 남농로 136,34.7921694686,126.421563187,국립해양유산연구소 해양유물전시관을(를) 배경으로 관람 전후 동화를 만들 수 있다.,관람 전 예습 동화와 방문 후 기념 동화책 배경,전시실에서 마음에 드는 작품이나 물건을 찾아 가족과 이야기하기,5-7;8-10,박물관;미술관;국립해양유산연구소;해양유물전시관,국립해양유산연구소 해양유물전시관,국립,전라남도 목포시 남농로 136,,061-270-2000,국립해양유산연구소,,,09:00,18:00,09:00,18:00,월요일,0,0,0,,,,061-270-2000,국가유산청,2026-04-08,1371000,문화체육관광부
전국박물관미술관정보표준데이터,https://www.data.go.kr/data/15017323/standard.do,2026-04-08,place,국립해양유산연구소 태안해양유물전시관,국립,충청남도 태안군,충청남도 태안군 근흥면 신진대교길 94-33,36.6766170565,126.1518290515,국립해양유산연구소 태안해양유물전시관을(를) 배경으로 관람 전후 동화를 만들 수 있다.,관람 전 예습 동화와 방문 후 기념 동화책 배경,전시실에서 마음에 드는 작품이나 물건을 찾아 가족과 이야기하기,5-7;8-10,박물관;미술관;국립해양유산연구소;태안해양유물전시관,국립해양유산연구소 태안해양유물전시관,국립,충청남도 태안군 근흥면 신진대교길 94-33,,041-419-7000,국립해양유산연구소,,,09:00,18:00,09:00,18:00,없음,0,0,0,,,,041-419-7000,국가유산청,2026-04-08,1371000,문화체육관광부
전국박물관미술관정보표준데이터,https://www.data.go.kr/data/15017323/standard.do,2026-04-08,place,국립경주박물관,국립,경상북도 경주시,경상북도 경주시 일정로 186,35.8294300868,129.2286819147,국립경주박물관을(를) 배경으로 관람 전후 동화를 만들 수 있다.,관람 전 예습 동화와 방문 후 기념 동화책 배경,전시실에서 마음에 드는 작품이나 물건을 찾아 가족과 이야기하기,5-7;8-10,박물관;미술관;국립경주박물관,국립경주박물관,국립,경상북도 경주시 일정로 186,,054-740-7500,국립경주박물관,,,09:00,18:00,09:00,18:00,"1월 1일, 설날, 추석, 3월,11월 첫 번째 월요일",0,0,0,,,,044-203-2000,문화체육관광부,2026-04-08,1371000,문화체육관광부
전국박물관미술관정보표준데이터,https://www.data.go.kr/data/15017323/standard.do,2026-04-08,place,국립국악원 국악박물관,국립,서울특별시 서초구,서울특별시 서초구 남부순환로 2364,37.4783515553,127.0090735824,국립국악원 국악박물관을(를) 배경으로 관람 전후 동화를 만들 수 있다.,관람 전 예습 동화와 방문 후 기념 동화책 배경,전시실에서 마음에 드는 작품이나 물건을 찾아 가족과 이야기하기,5-7;8-10,박물관;미술관;국립국악원;국악박물관,국립국악원 국악박물관,국립,서울특별시 서초구 남부순환로 2364,,02-580-3073,국립국악원,,,10:00,18:00,10:00,18:00,"매주 월요일, 1월 1일",0,0,0,,,,02-580-3073,국립국악원,2026-04-08,1371000,문화체육관광부
전국박물관미술관정보표준데이터,https://www.data.go.kr/data/15017323/standard.do,2026-04-08,place,국립극장 공연예술박물관,국립,서울특별시 중구,서울특별시 중구 장충단로 59,37.55199491,126.9992673,국립극장 공연예술박물관을(를) 배경으로 관람 전후 동화를 만들 수 있다.,관람 전 예습 동화와 방문 후 기념 동화책 배경,전시실에서 마음에 드는 작품이나 물건을 찾아 가족과 이야기하기,5-7;8-10,박물관;미술관;국립극장;공연예술박물관,국립극장 공연예술박물관,국립,서울특별시 중구 장충단로 59,,031-870-9118,국립중앙극장,,,10:00,18:00,10:00,18:00,"매주 월요일, 1월 1일",0,0,0,,,,031-870-9114,문화체육관광부,2026-04-08,1371000,문화체육관광부
전국박물관미술관정보표준데이터,https://www.data.go.kr/data/15017323/standard.do,2026-04-08,place,국립고궁박물관,국립,서울특별시 종로구,서울특별시 종로구 효자로 12,37.576585,126.9749748251,국립고궁박물관을(를) 배경으로 관람 전후 동화를 만들 수 있다.,관람 전 예습 동화와 방문 후 기념 동화책 배경,전시실에서 마음에 드는 작품이나 물건을 찾아 가족과 이야기하기,5-7;8-10,박물관;미술관;국립고궁박물관,국립고궁박물관,국립,서울특별시 종로구 효자로 12,,02-3701-7500,국립고궁박물관,,,10:00,18:00,10:00,18:00,"신정, 설날, 추석당일",0,0,0,,,,02-3701-7500,국가유산청,2026-04-08,1371000,문화체육관광부
전국박물관미술관정보표준데이터,https://www.data.go.kr/data/15017323/standard.do,2026-04-08,place,국립관세박물관,국립,서울특별시 강남구,서울특별시 강남구 언주로 721,37.518374,127.033779,국립관세박물관을(를) 배경으로 관람 전후 동화를 만들 수 있다.,관람 전 예습 동화와 방문 후 기념 동화책 배경,전시실에서 마음에 드는 작품이나 물건을 찾아 가족과 이야기하기,5-7;8-10,박물관;미술관;국립관세박물관,국립관세박물관,국립,서울특별시 강남구 언주로 721,,02-510-1089,국립관세박물관,,,10:00,18:00,00:00,00:00,주말 및 공휴일,0,0,0,,,,02-510-1089,관세청,2026-04-08,1371000,문화체육관광부
전국박물관미술관정보표준데이터,https://www.data.go.kr/data/15017323/standard.do,2026-04-08,place,국립기상박물관,국립,서울특별시 종로구,서울특별시 종로구 송월길 52,37.5702217431,126.966204176,국립기상박물관을(를) 배경으로 관람 전후 동화를 만들 수 있다.,관람 전 예습 동화와 방문 후 기념 동화책 배경,전시실에서 마음에 드는 작품이나 물건을 찾아 가족과 이야기하기,5-7;8-10,박물관;미술관;국립기상박물관,국립기상박물관,국립,서울특별시 종로구 송월길 52,,070-7850-8495,기상청,,,10:00,18:00,10:00,18:00,"1월 1일, 설, 추석 당일, 매주 월요일(월요일이 공휴일, 또는 대체 공휴일인 경우 다음 첫번째 평일)",0,0,0,,,,070-7850-8495,기상청,2026-04-08,1371000,문화체육관광부
전국박물관미술관정보표준데이터,https://www.data.go.kr/data/15017323/standard.do,2026-04-08,place,국토발전전시관,국립,서울특별시 중구,서울특별시 중구 정동길 18,37.56681018,126.970081,국토발전전시관을(를) 배경으로 관람 전후 동화를 만들 수 있다.,관람 전 예습 동화와 방문 후 기념 동화책 배경,전시실에서 마음에 드는 작품이나 물건을 찾아 가족과 이야기하기,5-7;8-10,박물관;미술관;국토발전전시관,국토발전전시관,국립,서울특별시 중구 정동길 18,,02-3425-8900,서울지방국토관리청,,,09:30,17:30,09:30,17:30,"매주 월요일, 신정, 설ㆍ추석",0,0,0,,,,02-3425-8900,국토교통부,2026-04-08,1371000,문화체육관광부
전국박물관미술관정보표준데이터,https://www.data.go.kr/data/15017323/standard.do,2026-04-08,place,국회박물관,국립,서울특별시 영등포구,서울특별시 영등포구 의사당대로 1,37.53291197,126.9164039,국회박물관을(를) 배경으로 관람 전후 동화를 만들 수 있다.,관람 전 예습 동화와 방문 후 기념 동화책 배경,전시실에서 마음에 드는 작품이나 물건을 찾아 가족과 이야기하기,5-7;8-10,박물관;미술관;국회박물관,국회박물관,국립,서울특별시 영등포구 의사당대로 1,,02-6788-2269,국회박물관,,,10:00,18:00,00:00,00:00,"매주 토요일 13:00 이후, 매주 일요일, 공휴일 등",0,0,0,,,,02-6788-2269,국회사무처,2026-04-08,1371000,문화체육관광부
전국박물관미술관정보표준데이터,https://www.data.go.kr/data/15017323/standard.do,2026-04-08,place,석조전 대한제국역사관,국립,서울특별시 중구,서울특별시 중구 세종대로 99,37.5661681521,126.9739838289,석조전 대한제국역사관을(를) 배경으로 관람 전후 동화를 만들 수 있다.,관람 전 예습 동화와 방문 후 기념 동화책 배경,전시실에서 마음에 드는 작품이나 물건을 찾아 가족과 이야기하기,5-7;8-10,박물관;미술관;석조전;대한제국역사관,석조전 대한제국역사관,국립,서울특별시 중구 세종대로 99,,02-771-9952,문화재청 궁능유적본부 덕수궁관리소,,,09:30,17:30,09:30,17:30,매주 월요일,1000,0,0,중구민 50,,,042-481-4921,국가유산청,2026-04-08,1371000,문화체육관광부
전국박물관미술관정보표준데이터,https://www.data.go.kr/data/15017323/standard.do,2026-04-08,place,국립한글박물관,국립,서울특별시 용산구,서울특별시 용산구 서빙고로 139,37.5247022358,126.9777402465,국립한글박물관을(를) 배경으로 관람 전후 동화를 만들 수 있다.,관람 전 예습 동화와 방문 후 기념 동화책 배경,전시실에서 마음에 드는 작품이나 물건을 찾아 가족과 이야기하기,5-7;8-10,박물관;미술관;국립한글박물관,국립한글박물관,국립,서울특별시 용산구 서빙고로 139,,02-2124-6233,국립한글박물관,,,10:00,18:00,10:00,18:00,"1월 1일, 설날 및 추석 당일 휴관",0,0,0,,,,044-203-2555,문화체육관광부,2026-04-08,1371000,문화체육관광부
전국박물관미술관정보표준데이터,https://www.data.go.kr/data/15017323/standard.do,2026-04-08,place,국립낙동강생물자원관,국립,경상북도 상주시,경상북도 상주시 도남2길 137,36.4455919581,128.2554155117,국립낙동강생물자원관을(를) 배경으로 관람 전후 동화를 만들 수 있다.,관람 전 예습 동화와 방문 후 기념 동화책 배경,전시실에서 마음에 드는 작품이나 물건을 찾아 가족과 이야기하기,5-7;8-10,박물관;미술관;국립낙동강생물자원관,국립낙동강생물자원관,국립,경상북도 상주시 도남2길 137,,054-530-0700,국립낙동강생물자원관,,,09:30,17:30,09:30,17:30,"매주 월요일(단, 월요일이 공휴일인 경우 그 다음 평일), 1월 1일, 설날·추석 전일 및 당일, 자원관 설립일(6.3)",3000,2000,2000,"(30) 그린카드 소지자, 국세청 세금포인트 -1p 사용 시 입장료 1천 원 할인 (50) 상주시민, 다자녀 가정, 유관기관(상주승마장, 상주자전거박물관) 체험 이용권 제시자",,,044-201-7252,환경부,2026-04-08,1371000,문화체육관광부
전국박물관미술관정보표준데이터,https://www.data.go.kr/data/15017323/standard.do,2026-04-08,place,국립등대박물관,국립,경상북도 포항시,경상북도 포항시 남구 호미곶면 해맞이로150번길 20,36.0778379129,129.5682564531,국립등대박물관을(를) 배경으로 관람 전후 동화를 만들 수 있다.,관람 전 예습 동화와 방문 후 기념 동화책 배경,전시실에서 마음에 드는 작품이나 물건을 찾아 가족과 이야기하기,5-7;8-10,박물관;미술관;국립등대박물관,국립등대박물관,국립,경상북도 포항시 남구 호미곶면 해맞이로150번길 20,,044-850-7505,한국항로표지기술원,,,09:00,18:00,09:00,18:00,"매주 월요일(단, 월요일이 공휴일인 경우 당일은 개관하고 그 다음 첫번째 평일에 휴관), 설날, 추석",0,0,0,,,,044-200-5881,해양수산부,2026-04-08,1371000,문화체육관광부
전국박물관미술관정보표준데이터,https://www.data.go.kr/data/15017323/standard.do,2026-04-08,place,국립김해박물관,국립,경상남도 김해시,경상남도 김해시 가야의길 190,35.243528,128.8725848349,국립김해박물관을(를) 배경으로 관람 전후 동화를 만들 수 있다.,관람 전 예습 동화와 방문 후 기념 동화책 배경,전시실에서 마음에 드는 작품이나 물건을 찾아 가족과 이야기하기,5-7;8-10,박물관;미술관;국립김해박물관,국립김해박물관,국립,경상남도 김해시 가야의길 190,,055-320-6800,국립김해박물관,,,09:00,18:00,09:00,18:00,"매주 월요일(단, 월요일이 공휴일인 경우 당일은 개관하고 그 다음 첫번째 평일에 휴관), 1월 1일, 설날 및 추석 당일",0,0,0,,,,044-203-2000,문화체육관광부,2026-04-08,1371000,문화체육관광부
전국박물관미술관정보표준데이터,https://www.data.go.kr/data/15017323/standard.do,2026-04-08,place,국립진주박물관,국립,경상남도 진주시,경상남도 진주시 남강로 626-35,35.1890137051,128.0768441324,국립진주박물관을(를) 배경으로 관람 전후 동화를 만들 수 있다.,관람 전 예습 동화와 방문 후 기념 동화책 배경,전시실에서 마음에 드는 작품이나 물건을 찾아 가족과 이야기하기,5-7;8-10,박물관;미술관;국립진주박물관,국립진주박물관,국립,경상남도 진주시 남강로 626-35,,055-742-5951,국립진주박물관,,,09:00,18:00,09:00,18:00,"매주 월요일, 1월 1일, 설·추석 당일 (월요일이 공휴일인 경우 개관하고 공휴일 다음의 첫 번째 평일에 휴관)",0,0,0,,,,044-203-2000,문화체육관광부,2026-04-08,1371000,문화체육관광부
전국박물관미술관정보표준데이터,https://www.data.go.kr/data/15017323/standard.do,2026-04-08,place,국립저작권박물관,국립,경상남도 진주시,경상남도 진주시 소호로 117,35.1791843881,128.1344898466,국립저작권박물관을(를) 배경으로 관람 전후 동화를 만들 수 있다.,관람 전 예습 동화와 방문 후 기념 동화책 배경,전시실에서 마음에 드는 작품이나 물건을 찾아 가족과 이야기하기,5-7;8-10,박물관;미술관;국립저작권박물관,국립저작권박물관,국립,경상남도 진주시 소호로 117,,055-792-0000,한국저작권위원회,,,10:00,18:00,00:00,00:00,"주말, 공휴일",0,0,0,,,,044-203-2000,문화체육관광부,2026-04-08,1371000,문화체육관광부
전국박물관미술관정보표준데이터,https://www.data.go.kr/data/15017323/standard.do,2026-04-08,place,국립제주박물관,국립,제주특별자치도 제주시,제주특별자치도 제주시 일주동로 17,33.51379671,126.5479096,국립제주박물관을(를) 배경으로 관람 전후 동화를 만들 수 있다.,관람 전 예습 동화와 방문 후 기념 동화책 배경,전시실에서 마음에 드는 작품이나 물건을 찾아 가족과 이야기하기,5-7;8-10,박물관;미술관;국립제주박물관,국립제주박물관,국립,제주특별자치도 제주시 일주동로 17,,064-720-8000,국립제주박물관,,,09:00,18:00,09:00,18:00,"매주 월요일, 1월 1일, 설 및 추석 당일",0,0,0,,,,044-203-2000,문화체육관광부,2026-04-08,1371000,문화체육관광부
전국박물관미술관정보표준데이터,https://www.data.go.kr/data/15017323/standard.do,2026-04-08,place,국립현대미술관(과천관),국립,경기도 과천시,경기도 과천시 광명로 313,37.431037,127.019929894,국립현대미술관(과천관)을(를) 배경으로 관람 전후 동화를 만들 수 있다.,관람 전 예습 동화와 방문 후 기념 동화책 배경,전시실에서 마음에 드는 작품이나 물건을 찾아 가족과 이야기하기,5-7;8-10,박물관;미술관;국립현대미술관(과천관),국립현대미술관(과천관),국립,경기도 과천시 광명로 313,,02-2188-6114,국립현대미술관,,,10:00,18:00,10:00,18:00,"매주 월요일(단, 월요일이 공휴일인 경우 당일은 개관하고 그 다음 첫번째 평일에 휴관), 1월 1일",0,0,0,,,,02-2188-6114,문화체육관광부,2026-04-08,1371000,문화체육관광부
전국박물관미술관정보표준데이터,https://www.data.go.kr/data/15017323/standard.do,2026-04-08,place,국립현대미술관(서울관),국립,서울특별시 종로구,서울특별시 종로구 삼청로 30,37.5786280285,126.9800879949,국립현대미술관(서울관)을(를) 배경으로 관람 전후 동화를 만들 수 있다.,관람 전 예습 동화와 방문 후 기념 동화책 배경,전시실에서 마음에 드는 작품이나 물건을 찾아 가족과 이야기하기,5-7;8-10,박물관;미술관;국립현대미술관(서울관),국립현대미술관(서울관),국립,서울특별시 종로구 삼청로 30,,02-3701-9500,국립현대미술관,,,10:00,18:00,10:00,18:00,"1월 1일, 설날, 추석 당일",0,0,0,,,,02-3701-9500,문화체육관광부,2026-04-08,1371000,문화체육관광부
전국박물관미술관정보표준데이터,https://www.data.go.kr/data/15017323/standard.do,2026-04-08,place,국립현대미술관(덕수궁관),국립,서울특별시 중구,서울특별시 중구 세종대로 99,37.5661681521,126.973912,국립현대미술관(덕수궁관)을(를) 배경으로 관람 전후 동화를 만들 수 있다.,관람 전 예습 동화와 방문 후 기념 동화책 배경,전시실에서 마음에 드는 작품이나 물건을 찾아 가족과 이야기하기,5-7;8-10,박물관;미술관;국립현대미술관(덕수궁관),국립현대미술관(덕수궁관),국립,서울특별시 중구 세종대로 99,,02-2022-0600,국립현대미술관,,,10:00,18:00,10:00,18:00,"매주 월요일(단, 월요일이 공휴일인 경우 당일은 개관하고 그 다음 첫번째 평일에 휴관), 1월 1일",0,0,0,,,,02-2022-0600,문화체육관광부,2026-04-08,1371000,문화체육관광부
전국박물관미술관정보표준데이터,https://www.data.go.kr/data/15017323/standard.do,2026-04-08,place,국립현대미술관 미술품수장센터(청주관),국립,충청북도 청주시,충청북도 청주시 청원구 상당로 314,36.6561956312,127.4923823595,국립현대미술관 미술품수장센터(청주관)을(를) 배경으로 관람 전후 동화를 만들 수 있다.,관람 전 예습 동화와 방문 후 기념 동화책 배경,전시실에서 마음에 드는 작품이나 물건을 찾아 가족과 이야기하기,5-7;8-10,박물관;미술관;국립현대미술관;미술품수장센터(청주관),국립현대미술관 미술품수장센터(청주관),국립,충청북도 청주시 청원구 상당로 314,,043-261-1400,국립현대미술관,,,10:00,18:00,10:00,18:00,"매주 월요일(단, 월요일이 공휴일인 경우 당일은 개관하고 그 다음 첫번째 평일에 휴관), 1월 1일",0,0,0,,,,043-261-1400,문화체육관광부,2026-04-08,1371000,문화체육관광부
전국박물관미술관정보표준데이터,https://www.data.go.kr/data/15017323/standard.do,2026-04-08,place,국립중앙박물관,국립,서울특별시 용산구,서울특별시 용산구 서빙고로 137,37.5247022358,126.9777402465,국립중앙박물관을(를) 배경으로 관람 전후 동화를 만들 수 있다.,관람 전 예습 동화와 방문 후 기념 동화책 배경,전시실에서 마음에 드는 작품이나 물건을 찾아 가족과 이야기하기,5-7;8-10,박물관;미술관;국립중앙박물관,국립중앙박물관,국립,서울특별시 용산구 서빙고로 137,,02-2077-9000,국립중앙박물관,,,10:00,18:00,10:00,18:00,"1월 1일, 설날 및 추석 당일",0,0,0,,,,044-203-2000,문화체육관광부,2026-04-08,1371000,문화체육관광부
전국박물관미술관정보표준데이터,https://www.data.go.kr/data/15017323/standard.do,2026-04-08,place,국립민속박물관,국립,서울특별시 종로구,서울특별시 종로구 삼청로 37,37.575904091,126.9768421338,국립민속박물관을(를) 배경으로 관람 전후 동화를 만들 수 있다.,관람 전 예습 동화와 방문 후 기념 동화책 배경,전시실에서 마음에 드는 작품이나 물건을 찾아 가족과 이야기하기,5-7;8-10,박물관;미술관;국립민속박물관,국립민속박물관,국립,서울특별시 종로구 삼청로 37,,02-3704-3114,국립민속박물관,,,09:00,18:00,09:00,18:00,"1월 1일, 설·추석 당일",0,0,0,,,,044-203-2000,문화체육관광부,2026-04-08,1371000,문화체육관광부
전국박물관미술관정보표준데이터,https://www.data.go.kr/data/15017323/standard.do,2026-04-08,place,국립민속박물관 파주(개방형 수장고 및 정보센터),국립,경기도 파주시,경기도 파주시 탄현면  헤이리로 30,37.786684,126.693867,국립민속박물관 파주(개방형 수장고 및 정보센터)을(를) 배경으로 관람 전후 동화를 만들 수 있다.,관람 전 예습 동화와 방문 후 기념 동화책 배경,전시실에서 마음에 드는 작품이나 물건을 찾아 가족과 이야기하기,5-7;8-10,박물관;미술관;국립민속박물관;파주(개방형;수장고;및;정보센터),국립민속박물관 파주(개방형 수장고 및 정보센터),국립,경기도 파주시 탄현면  헤이리로 30,,031-580-5800,국립민속박물관,,,10:00,18:00,10:00,18:00,"매주 월요일, 1월 1일, 설·추석 당일",0,0,0,,,,044-203-2000,문화체육관광부,2026-04-08,1371000,문화체육관광부
전국박물관미술관정보표준데이터,https://www.data.go.kr/data/15017323/standard.do,2026-04-08,place,대한민국역사박물관,국립,서울특별시 종로구,서울특별시 종로구 세종대로 198,37.5737136067,126.9783394425,대한민국역사박물관을(를) 배경으로 관람 전후 동화를 만들 수 있다.,관람 전 예습 동화와 방문 후 기념 동화책 배경,전시실에서 마음에 드는 작품이나 물건을 찾아 가족과 이야기하기,5-7;8-10,박물관;미술관;대한민국역사박물관,대한민국역사박물관,국립,서울특별시 종로구 세종대로 198,,02-3703-9200,대한민국역사박물관,,,10:00,18:00,10:00,18:00,"1월 1일, 설날, 추석",0,0,0,,,,044-203-2000,문화체육관광부,2026-04-08,1371000,문화체육관광부
전국박물관미술관정보표준데이터,https://www.data.go.kr/data/15017323/standard.do,2026-04-08,place,한국영화박물관,국립,서울특별시 마포구,서울특별시 마포구 월드컵북로 400,37.5804510731,126.889893526,한국영화박물관을(를) 배경으로 관람 전후 동화를 만들 수 있다.,관람 전 예습 동화와 방문 후 기념 동화책 배경,전시실에서 마음에 드는 작품이나 물건을 찾아 가족과 이야기하기,5-7;8-10,박물관;미술관;한국영화박물관,한국영화박물관,국립,서울특별시 마포구 월드컵북로 400,,02-3153-2001,한국영상자료원,,,10:00,19:00,10:00,19:00,"매주 일, 월요일/ 1.1/ 설 연휴/ 추석 연휴/ 창립기념일(1.18.)/ 근로자의 날(5.1)",0,0,0,,,,044-203-2000,문화체육관광부,2026-04-08,1371000,문화체육관광부
전국박물관미술관정보표준데이터,https://www.data.go.kr/data/15017323/standard.do,2026-04-08,place,국립항공박물관,국립,서울특별시 강서구,서울특별시 강서구 하늘길 177,37.5568697659,126.8088723462,국립항공박물관을(를) 배경으로 관람 전후 동화를 만들 수 있다.,관람 전 예습 동화와 방문 후 기념 동화책 배경,전시실에서 마음에 드는 작품이나 물건을 찾아 가족과 이야기하기,5-7;8-10,박물관;미술관;국립항공박물관,국립항공박물관,국립,서울특별시 강서구 하늘길 177,,02-6940-3198,국립항공박물관,,,10:00,18:00,10:00,18:00,"매주 월요일(단, 월요일이 공휴일인 경우 당일은 개관하고 그 다음 첫번째 평일에 휴관)",0,0,0,,,,02-6940-3021,국토교통부,2026-04-08,1371000,문화체육관광부
전국박물관미술관정보표준데이터,https://www.data.go.kr/data/15017323/standard.do,2026-04-08,place,국립대한민국임시정부기념관,국립,서울특별시 서대문구,서울특별시 서대문구 통일로 279-24,37.57624246,126.9546507,국립대한민국임시정부기념관을(를) 배경으로 관람 전후 동화를 만들 수 있다.,관람 전 예습 동화와 방문 후 기념 동화책 배경,전시실에서 마음에 드는 작품이나 물건을 찾아 가족과 이야기하기,5-7;8-10,박물관;미술관;국립대한민국임시정부기념관,국립대한민국임시정부기념관,국립,서울특별시 서대문구 통일로 279-24,,02-772-8708,국립대한민국임시정부기념관,,,09:00,18:00,09:00,18:00,"매주 월요일(단, 월요일이 공휴일인 경우 당일은 개관하고 그 다음 첫번째 평일에 휴관)",0,0,0,,,,02-772-8708,국가보훈부,2026-04-08,1371000,문화체육관광부
전국박물관미술관정보표준데이터,https://www.data.go.kr/data/15017323/standard.do,2026-02-04,place,사람박물관얼굴,사립,경기도 광주시,경기도 광주시 남종면 분원길 3-6,37.493941,127.302021,"연극 연출가 김정옥이 지난 40여 년간 수집해 온 우리의 옛 사람들이 만든 석인, 목각인형, 도자기 등과 세계 여러나라의 도자인형과 유리로 된 인형, 그리고 사람의 얼굴을 본딴 와당과 가면 등을 전시하고 있다.",관람 전 예습 동화와 방문 후 기념 동화책 배경,전시실에서 마음에 드는 작품이나 물건을 찾아 가족과 이야기하기,5-7;8-10,박물관;미술관;사람박물관얼굴;연극;연출가;김정옥이;지난;40여;년간;수집해;온;우리의,사람박물관얼굴,사립,경기도 광주시 남종면 분원길 3-6,경기도 광주시 남종면 분원리 68번지,031-765-3522,사람박물관얼굴,www.visagej.org,,10:00,18:00,10:00,18:00,월요일+화요일,6000,4000,3000,,"연극 연출가 김정옥이 지난 40여 년간 수집해 온 우리의 옛 사람들이 만든 석인, 목각인형, 도자기 등과 세계 여러나라의 도자인형과 유리로 된 인형, 그리고 사람의 얼굴을 본딴 와당과 가면 등을 전시하고 있다.",,031-765-3522,사람박물관얼굴,2026-02-04,5540000,경기도 광주시
전국박물관미술관정보표준데이터,https://www.data.go.kr/data/15017323/standard.do,2026-02-04,place,일본군위안부역사관,사립,경기도 광주시,경기도 광주시 퇴촌면 가새골길 85,37.44329869,127.3218884,일본군 위안부 역사관은 세계최초 ’성노예’ 테마 인권박물관으로 잊혀져 가는 일본의 전쟁범죄행위를 고발하고 과거를 기록하는 역사교육의 장이다.,관람 전 예습 동화와 방문 후 기념 동화책 배경,전시실에서 마음에 드는 작품이나 물건을 찾아 가족과 이야기하기,5-7;8-10,박물관;미술관;일본군위안부역사관;일본군;위안부;역사관은;세계최초;’성노예’;테마;인권박물관으로;잊혀져;가는,일본군위안부역사관,사립,경기도 광주시 퇴촌면 가새골길 85,경기도 광주시 퇴촌면 원당리 65번지,031-768-0064,일본군위안부역사관,www.nanum.org,주자장+카페,10:00,18:00,10:00,18:00,월요일+화요일+설연휴,5000,3000,3000,,일본군 위안부 역사관은 세계최초 ’성노예’ 테마 인권박물관으로 잊혀져 가는 일본의 전쟁범죄행위를 고발하고 과거를 기록하는 역사교육의 장이다.,광주터미널에서 택시이용,031-768-1545,나눔의집,2026-02-04,5540000,경기도 광주시
전국박물관미술관정보표준데이터,https://www.data.go.kr/data/15017323/standard.do,2026-03-05,place,겸재정선미술관,공립,서울특별시 강서구,서울특별시 강서구 양천로47길 36,37.57222423,126.8387234,겸재정선미술관은 진경산수화풍을 완성한 겸재 정선(1676~1759)의 위대한 예술적 업적을 기리고 진경문화를 계승·발전시키고자 2009.4.23. 건립되었음,관람 전 예습 동화와 방문 후 기념 동화책 배경,전시실에서 마음에 드는 작품이나 물건을 찾아 가족과 이야기하기,5-7;8-10,박물관;미술관;겸재정선미술관;겸재정선미술관은;진경산수화풍을;완성한;겸재;정선(1676~1759)의;위대한;예술적;업적을;기리고,겸재정선미술관,공립,서울특별시 강서구 양천로47길 36,서울특별시 강서구 마곡동 815,02-2659-2206,서울특별시 강서문화원,https://culture.gangseo.seoul.kr/,주차장(26대)+카페테리아+뮤지엄샵+수유실+자전거보관대,10:00,18:00,10:00,18:00,월+1월1일+설 당일+추석 당일,1000,500,500,1. 무료: 만6세이하+만65세이상+국가·독립유공자 등+장애인+다둥이행복카드소지자 2. 통합관람(겸재정선미술관+허준박물관): 어른(개인 1300원+단체 1000원) / 청소년(개인 700원+단체 500원),겸재정선미술관은 진경산수화풍을 완성한 겸재 정선(1676~1759)의 위대한 예술적 업적을 기리고 진경문화를 계승·발전시키고자 2009.4.23. 건립되었음,지하철9호선 양천향교역 1번출구→마을버스 강서06 탑승하여겸재정선미술관 앞 하차,02-2600-6804,서울특별시 강서구청,2026-03-05,3150000,서울특별시 강서구
전국박물관미술관정보표준데이터,https://www.data.go.kr/data/15017323/standard.do,2026-03-05,place,허준박물관,공립,서울특별시 강서구,서울특별시 강서구 허준로 87,37.56787281,126.8510301,허준박물관은 2005.3.23. 개관하여허준 선생의 생애와 학문적 업적을 널리 기리고자관련 자료를 수집·연구·전시하는 한의학 복합 문화공간임,관람 전 예습 동화와 방문 후 기념 동화책 배경,전시실에서 마음에 드는 작품이나 물건을 찾아 가족과 이야기하기,5-7;8-10,박물관;미술관;허준박물관;허준박물관은;2005.3.23.;개관하여허준;선생의;생애와;학문적;업적을;널리;기리고자관련,허준박물관,공립,서울특별시 강서구 허준로 87,서울특별시 강서구 가양동 26-5,02-3661-8686,서울특별시 강서문화원,https://culture.gangseo.seoul.kr/,주차장(33대)+뮤지엄샵+카페테리아+약초원+수유실,10:00,18:00,10:00,18:00,월+1월1일+설 당일+추석 당일,1000,500,500,1. 무료: 만6세이하+만65세이상+국가·독립유공자 등+장애인+다둥이행복카드소지자 2. 통합관람(겸재정선미술관+허준박물관): 어른(개인 1300원+단체 1000원) / 청소년(개인 700원+단체 500원),허준박물관은 2005.3.23. 개관하여허준 선생의 생애와 학문적 업적을 널리 기리고자관련 자료를 수집·연구·전시하는 한의학 복합 문화공간임,지하철9호선 가양역1번 출구(도보 10분) / 지하철5호선 발산역3번 출구→지선버스 6657 또는 6630 또는1002 탑승하여 탑산초.허준박물관역 하차,02-2600-6071,서울특별시 강서구청,2026-03-05,3150000,서울특별시 강서구
전국박물관미술관정보표준데이터,https://www.data.go.kr/data/15017323/standard.do,2026-01-01,place,국립해양박물관,국립,부산광역시 영도구,부산광역시 영도구 해양로301번길 45,35.07856342,129.0802449,국립해양박물관을(를) 배경으로 관람 전후 동화를 만들 수 있다.,관람 전 예습 동화와 방문 후 기념 동화책 배경,전시실에서 마음에 드는 작품이나 물건을 찾아 가족과 이야기하기,5-7;8-10,박물관;미술관;국립해양박물관,국립해양박물관,국립,부산광역시 영도구 해양로301번길 45,,051-309-1900,국립해양박물관,https://www.mmk.or.kr/,,09:00,18:00,09:00,19:00,"월(단, 월요일이 공휴일인 경우 당일은 개관하고 그 다음 첫번째 평일에 휴관)",0,0,0,,,,051-309-1900,해양수산부,2026-01-01,3280000,부산광역시 영도구
전국박물관미술관정보표준데이터,https://www.data.go.kr/data/15017323/standard.do,2026-01-01,place,아르떼뮤지엄부산,사립,부산광역시 영도구,부산광역시 영도구 해양로247번길 29,35.087098,129.0763538,아르떼뮤지엄부산을(를) 배경으로 관람 전후 동화를 만들 수 있다.,관람 전 예습 동화와 방문 후 기념 동화책 배경,전시실에서 마음에 드는 작품이나 물건을 찾아 가족과 이야기하기,5-7;8-10,박물관;미술관;아르떼뮤지엄부산,아르떼뮤지엄부산,사립,부산광역시 영도구 해양로247번길 29,,1899-5008,아르떼뮤지엄부산,https://kr.artemuseum.com/,,10:00,21:00,10:00,21:00,연중무휴,22000,18000,15000,,,,1899-5008,㈜ 디스트릭트,2026-01-01,3280000,부산광역시 영도구
전국박물관미술관정보표준데이터,https://www.data.go.kr/data/15017323/standard.do,2026-02-02,place,6.25전쟁체험기념관,공립,강원특별자치도 고성군,강원특별자치도 고성군 현내면 통일전망대로 453,38.584071,128.3736792,6.25 전쟁체험 및 사료 전시,관람 전 예습 동화와 방문 후 기념 동화책 배경,전시실에서 마음에 드는 작품이나 물건을 찾아 가족과 이야기하기,5-7;8-10,박물관;미술관;6.25전쟁체험기념관;6.25;전쟁체험;및;사료;전시,6.25전쟁체험기념관,공립,강원특별자치도 고성군 현내면 통일전망대로 453,강원특별자치도 고성군 현내면 명호리 88-8 6.25전쟁체험전시관,033-682-0088,강원특별자치도 고성군,https://www.gwgs.go.kr/prog/tursmCn/tour/sub02_05/list.do?contentTypeCode=TC007,,09:00,17:30,09:00,18:00,연중무휴,0,0,0,,6.25 전쟁체험 및 사료 전시,서울→진부령→대대리검문소→거진→대진→통일전망대,033-682-6625,강원특별자치도 고성군청,2026-02-02,4341000,강원특별자치도 고성군
전국박물관미술관정보표준데이터,https://www.data.go.kr/data/15017323/standard.do,2026-02-02,place,고성군 진부령미술관,공립,강원특별자치도 인제군,강원특별자치도 인제군 북면 진부령로 663,38.265504,128.3585937,전시실 4개,관람 전 예습 동화와 방문 후 기념 동화책 배경,전시실에서 마음에 드는 작품이나 물건을 찾아 가족과 이야기하기,5-7;8-10,박물관;미술관;고성군;진부령미술관;전시실;4개,고성군 진부령미술관,공립,강원특별자치도 인제군 북면 진부령로 663,강원특별자치도 인제군 북면 용대리 29-1 진부령미술관,033-681-7667,강원특별자치도 고성군,https://www.gwgs.go.kr/prog/tursmCn/tour/sub02_12/view.do?cntno=45,외부 화장실,09:00,18:00,09:00,18:00,매주 월요일+1월 1일+설날 당일+추석 당일,0,0,0,,전시실 4개,서울→진부령(시외 버스)/간성터미널→진부령정상(시내 버스),033-680-3360,강원특별자치도 고성군청,2026-02-02,4341000,강원특별자치도 고성군
전국박물관미술관정보표준데이터,https://www.data.go.kr/data/15017323/standard.do,2026-01-13,place,한서대학교 박물관,대학,충청남도서산시해미면한서1로46,충청남도서산시해미면한서1로46,36.69071573,126.5869649,한서대학교 대학박물관으로 상설전시+특별전시 운영 중(유물 총7749점 소장),관람 전 예습 동화와 방문 후 기념 동화책 배경,전시실에서 마음에 드는 작품이나 물건을 찾아 가족과 이야기하기,5-7;8-10,박물관;미술관;한서대학교;대학박물관으로;상설전시+특별전시;운영;중(유물;총7749점;소장),한서대학교 박물관,대학,충청남도서산시해미면한서1로46,충청남도 서산시 해미면 대곡리 8,041-660-1720,한서대학교 박물관,,전시실+주차장,13:30,17:30,00:00,00:00,토+일+법적공휴일+학교지정휴일,0,0,0,,한서대학교 대학박물관으로 상설전시+특별전시 운영 중(유물 총7749점 소장),서울남부터미널+인천시외버스터미널+수원터미널에서 학교까지 고속버스 운행경부 서해안 고속도로 이용 해미 IC에서 10분 소요,041-660-1102,한서대학교,2026-01-13,4530000,충청남도 서산시
전국박물관미술관정보표준데이터,https://www.data.go.kr/data/15017323/standard.do,2026-01-13,place,서해미술관,사립,충청남도서산시부석면무학로152-13,충청남도서산시부석면무학로152-13,36.63887544,126.3774755,서해미술관은 사립미술관으로 조형물 등 미술작품 전시(유물 총 180점 소장),관람 전 예습 동화와 방문 후 기념 동화책 배경,전시실에서 마음에 드는 작품이나 물건을 찾아 가족과 이야기하기,5-7;8-10,박물관;미술관;서해미술관;서해미술관은;사립미술관으로;조형물;등;미술작품;전시(유물;총;180점;소장),서해미술관,사립,충청남도서산시부석면무학로152-13,충청남도서산시부석면창리산18-2,041-664-7004,서해미술관,,전시실+주차장,10:00,18:00,10:00,18:00,연중무휴,0,0,0,,서해미술관은 사립미술관으로 조형물 등 미술작품 전시(유물 총 180점 소장),서해안 고속도로 홍성IC에서 안면도+간월도 방면 20분 소요,041-664-7004,서해미술관,2026-01-13,4530000,충청남도 서산시
전국박물관미술관정보표준데이터,https://www.data.go.kr/data/15017323/standard.do,2026-01-28,place,진안가위박물관,공립,전북특별자치도 진안군,전북특별자치도 진안군 진안읍 마이산로 258,35.765952,127.4150023,세계유일 가위콘텐츠 전시,관람 전 예습 동화와 방문 후 기념 동화책 배경,전시실에서 마음에 드는 작품이나 물건을 찾아 가족과 이야기하기,5-7;8-10,박물관;미술관;진안가위박물관;세계유일;가위콘텐츠;전시,진안가위박물관,공립,전북특별자치도 진안군 진안읍 마이산로 258,전북특별자치도 진안군 진안읍 단양리 690-15,063-430-8744,전북특별자치도 진안군,https://jinan.go.kr/scissormuseum/,전시실+체험실,09:00,18:00,09:00,18:00,매주 월요일+1월1일+설날 당일+추석 당일,0,0,0,,세계유일 가위콘텐츠 전시,(대중교통)마이산행 버스+(자가용)가위박물관 주차장 이용,063-430-2324,전북특별자치도 진안군청,2026-01-28,4731000,전북특별자치도 진안군
전국박물관미술관정보표준데이터,https://www.data.go.kr/data/15017323/standard.do,2026-01-28,place,진안역사박물관,공립,전북특별자치도 진안군,전북특별자치도 진안군 진안읍 내사양길 7,35.77255631,127.4171648,진안의 역사와 문화를 종합적으로 보여주는 박물관,관람 전 예습 동화와 방문 후 기념 동화책 배경,전시실에서 마음에 드는 작품이나 물건을 찾아 가족과 이야기하기,5-7;8-10,박물관;미술관;진안역사박물관;진안의;역사와;문화를;종합적으로;보여주는,진안역사박물관,공립,전북특별자치도 진안군 진안읍 내사양길 7,전북특별자치도 진안군 진안읍 단양리 813,063-430-8086,전북특별자치도 진안군,https://jinan.go.kr/museum/,전시실+강당,09:00,18:00,09:00,18:00,매주 월요일+1월1일+설날 당일+추석 당일,0,0,0,,진안의 역사와 문화를 종합적으로 보여주는 박물관,(대중교통)마이산행 버스+(자가용)역사박물관 주차장 이용,063-430-8085,전북특별자치도 진안군청,2026-01-28,4731000,전북특별자치도 진안군
전국박물관미술관정보표준데이터,https://www.data.go.kr/data/15017323/standard.do,2026-01-14,place,부안청자박물관,국립,전북특별자치도 부안군,전북특별자치도 부안군 보안면 청자로 1493,35.61149959,126.6513356,"부안청자박물관은 제1종 전문박물관으로서 진품유물을 관람할 수 있는 전시동과 도자기 만들기 체험을 할 수 있는 체험동, 그리고 천 년 전 고려청자를 구워냈던 가마터를 직접 관찰할 수 있는 야외사적공원 등 다채로운 공간이 마련되어 있습니다.",관람 전 예습 동화와 방문 후 기념 동화책 배경,전시실에서 마음에 드는 작품이나 물건을 찾아 가족과 이야기하기,5-7;8-10,박물관;미술관;부안청자박물관;부안청자박물관은;제1종;전문박물관으로서;진품유물을;관람할;수;있는;전시동과;도자기,부안청자박물관,국립,전북특별자치도 부안군 보안면 청자로 1493,전북특별자치도 부안군 보안면 유천리 798-4,063-580-3959,전북특별자치도 부안군,http://www.buan.go.kr/buancela/index.buan,,10:00,18:00,10:00,18:00,1월1일+설당일+추석당일+월요일+동절기17시관람종료,3000,2000,1000,,"부안청자박물관은 제1종 전문박물관으로서 진품유물을 관람할 수 있는 전시동과 도자기 만들기 체험을 할 수 있는 체험동, 그리고 천 년 전 고려청자를 구워냈던 가마터를 직접 관찰할 수 있는 야외사적공원 등 다채로운 공간이 마련되어 있습니다.",정읍+701번지방도+줄포들어가기전(우회전)+부안방면23번국도(우회전)+영전사거리30번국도(좌회전)+부안청자박물관,063-580-3964,전북특별자치도 부안군,2026-01-14,4791000,전북특별자치도 부안군
전국박물관미술관정보표준데이터,https://www.data.go.kr/data/15017323/standard.do,2026-01-14,place,휘목미술관,사립,전북특별자치도 부안군,전북특별자치도 부안군 진서면 운호길 10,35.59440018,126.5635167,"2007년 개관한 휘목미술관은 2011년 전북특별자치도에서 제3호로 미술관으로 등록하였으며, 수려한 풍광의 바다와 계곡이 있는 휴양 명소들 사이에 자연, 예술, 인간이 함께 어우러져 있는 공간입니다. 1~2세대 작가 및 현역 작가들의 수준높은 600여점의 소장작품을 바탕으로 다양한 장르의 신진작가들과의 전시도 병행하면서 신, 구의 조화를 추구하고 있습니다.",관람 전 예습 동화와 방문 후 기념 동화책 배경,전시실에서 마음에 드는 작품이나 물건을 찾아 가족과 이야기하기,5-7;8-10,박물관;미술관;휘목미술관;2007년;개관한;휘목미술관은;2011년;전북특별자치도에서;제3호로;미술관으로;등록하였으며;수려한,휘목미술관,사립,전북특별자치도 부안군 진서면 운호길 10,전북특별자치도 부안군 진서면 운호리 77-1,063-584-0006,휘목아트타운,http://www.hmarttown.com/index2.html,,10:00,18:00,10:00,18:00,1월1일+월요일,3000,3000,0,,"2007년 개관한 휘목미술관은 2011년 전북특별자치도에서 제3호로 미술관으로 등록하였으며, 수려한 풍광의 바다와 계곡이 있는 휴양 명소들 사이에 자연, 예술, 인간이 함께 어우러져 있는 공간입니다. 1~2세대 작가 및 현역 작가들의 수준높은 600여점의 소장작품을 바탕으로 다양한 장르의 신진작가들과의 전시도 병행하면서 신, 구의 조화를 추구하고 있습니다.",,063-584-0006,휘목아트타운,2026-01-14,4791000,전북특별자치도 부안군
전국박물관미술관정보표준데이터,https://www.data.go.kr/data/15017323/standard.do,2026-01-14,place,금구원 야외조각미술관,사립,전북특별자치도 부안군,전북특별자치도 부안군 변산면 조각공원길 31,35.62063562,126.4888399,"조각가 김오성의 개인작품을 야외에 전시하면서 자연발생적으로 성장되어 왔으며, 그 토대는 부친 김병렬(농촌개척자, 농민교육자, 1963년 대통령상금탑산업훈장, 1964년 제5회 3 ·1문화상 수상)씨가 농민학교를 설립하기 위하여 숲을 개척하고 금구원 농장을 세운 1966년부터 이루어졌다.",관람 전 예습 동화와 방문 후 기념 동화책 배경,전시실에서 마음에 드는 작품이나 물건을 찾아 가족과 이야기하기,5-7;8-10,박물관;미술관;금구원;야외조각미술관;조각가;김오성의;개인작품을;야외에;전시하면서;자연발생적으로;성장되어;왔으며,금구원 야외조각미술관,사립,전북특별자치도 부안군 변산면 조각공원길 31,전북특별자치도 부안군 변산면 도청리 861-22,063-584-6770,금구원야외조각미술관,http://www.keumkuwon.org/,,09:00,19:00,09:00,19:00,연중무휴,2000,2000,1000,,"조각가 김오성의 개인작품을 야외에 전시하면서 자연발생적으로 성장되어 왔으며, 그 토대는 부친 김병렬(농촌개척자, 농민교육자, 1963년 대통령상금탑산업훈장, 1964년 제5회 3 ·1문화상 수상)씨가 농민학교를 설립하기 위하여 숲을 개척하고 금구원 농장을 세운 1966년부터 이루어졌다.",,063-584-6770,금구원야외조각미술관,2026-01-14,4791000,전북특별자치도 부안군
전국박물관미술관정보표준데이터,https://www.data.go.kr/data/15017323/standard.do,2026-01-16,place,여수미술관,사립,전라남도 여수시,전라남도 여수시 도원로 263-1,34.761318,127.660173,여수 최초 등록 사립미술관,관람 전 예습 동화와 방문 후 기념 동화책 배경,전시실에서 마음에 드는 작품이나 물건을 찾아 가족과 이야기하기,5-7;8-10,박물관;미술관;여수미술관;여수;최초;등록;사립미술관,여수미술관,사립,전라남도 여수시 도원로 263-1,전라남도 여수시 학동 67-16,061-685-9559,여수미술관,https://www.yeosumuseum.co.kr/,주차장,09:30,17:30,09:30,17:30,매주 일+월,0,0,0,,여수 최초 등록 사립미술관,"버스 : 2, 27, 28, 81, 87, 2000",061-685-9559,여수미술관,2026-01-16,4810000,전라남도 여수시
전국박물관미술관정보표준데이터,https://www.data.go.kr/data/15017323/standard.do,2026-01-16,place,여수민속전시관,공립,전라남도 여수시,전라남도 여수시 율촌면 서부로 1442,34.8472483,127.5571831,여수 최초 등록 공립박물관+향토사와 전통문화를 한 눈에 볼 수 있는 전시관,관람 전 예습 동화와 방문 후 기념 동화책 배경,전시실에서 마음에 드는 작품이나 물건을 찾아 가족과 이야기하기,5-7;8-10,박물관;미술관;여수민속전시관;여수;최초;등록;공립박물관+향토사와;전통문화를;한;눈에;볼;수,여수민속전시관,공립,전라남도 여수시 율촌면 서부로 1442,전라남도 여수시 율촌면 가장리 830,061-683-2231,여수민속전시관,,주차장+야외벤치,09:00,18:00,09:00,18:00,매주 월+1월1일,0,0,0,,여수 최초 등록 공립박물관+향토사와 전통문화를 한 눈에 볼 수 있는 전시관,버스 : 31(진남시장 탑승),061-659-4520,전라남도 여수시청,2026-01-16,4810000,전라남도 여수시
전국박물관미술관정보표준데이터,https://www.data.go.kr/data/15017323/standard.do,2026-03-20,place,쌀문화전시관,국립,경기도 이천시,경기도 이천시 모가면 공원로 48,37.17960623,127.4453047,이천쌀의우수성과명품화홍보+전시관의차별화및명소화+쌀의소중함과미래의농업방향제시,관람 전 예습 동화와 방문 후 기념 동화책 배경,전시실에서 마음에 드는 작품이나 물건을 찾아 가족과 이야기하기,5-7;8-10,박물관;미술관;쌀문화전시관;이천쌀의우수성과명품화홍보+전시관의차별화및명소화+쌀의소중함과미래의농업방향제시,쌀문화전시관,국립,경기도 이천시 모가면 공원로 48,경기도 이천시 모가면 어농리 871-3,031-632-6430,이천시시설관리공단,farmpark.2000fmc.or.kr,수유실,09:00,18:00,09:00,18:00,화,0,0,0,무료,이천쌀의우수성과명품화홍보+전시관의차별화및명소화+쌀의소중함과미래의농업방향제시,,031-644-4137,이천시농업기술센터,2026-03-20,B553081,이천시시설관리공단
전국박물관미술관정보표준데이터,https://www.data.go.kr/data/15017323/standard.do,2026-01-26,place,숙명여자대학교 문신미술관,대학,서울특별시 용산구,서울특별시 용산구 청파로47길 100,37.54547273,126.9650748,숙명여자대학교 문신미술관을(를) 배경으로 관람 전후 동화를 만들 수 있다.,관람 전 예습 동화와 방문 후 기념 동화책 배경,전시실에서 마음에 드는 작품이나 물건을 찾아 가족과 이야기하기,5-7;8-10,박물관;미술관;숙명여자대학교;문신미술관,숙명여자대학교 문신미술관,대학,서울특별시 용산구 청파로47길 100,,02-710-9280,숙명여자대학교,,,10:00,17:00,00:00,00:00,주말+공휴일+숙명여대 창학기념일(5월22일)+기타 관장이 필요하다고 인정할 때,0,0,0,,,,02-2199-7247,서울특별시 용산구청,2026-01-26,3020000,서울특별시 용산구
전국박물관미술관정보표준데이터,https://www.data.go.kr/data/15017323/standard.do,2026-01-26,place,김세중미술관,사립,서울특별시 용산구,서울특별시 용산구 효창원로70길 35,37.54201614,126.9638815,김세중미술관을(를) 배경으로 관람 전후 동화를 만들 수 있다.,관람 전 예습 동화와 방문 후 기념 동화책 배경,전시실에서 마음에 드는 작품이나 물건을 찾아 가족과 이야기하기,5-7;8-10,박물관;미술관;김세중미술관,김세중미술관,사립,서울특별시 용산구 효창원로70길 35,,02-717-5129,김세중미술관,,,11:00,17:00,00:00,00:00,월요일+법정공휴일,0,0,0,,,,02-2199-7247,서울특별시 용산구청,2026-01-26,3020000,서울특별시 용산구
전국박물관미술관정보표준데이터,https://www.data.go.kr/data/15017323/standard.do,2026-01-26,place,아모레퍼시픽미술관,사립,서울특별시 용산구,서울특별시 용산구 한강대로 100,37.52879082,126.9686757,아모레퍼시픽미술관을(를) 배경으로 관람 전후 동화를 만들 수 있다.,관람 전 예습 동화와 방문 후 기념 동화책 배경,전시실에서 마음에 드는 작품이나 물건을 찾아 가족과 이야기하기,5-7;8-10,박물관;미술관;아모레퍼시픽미술관,아모레퍼시픽미술관,사립,서울특별시 용산구 한강대로 100,,02-6040-2345,㈜아모레퍼시픽,,,10:00,18:00,10:00,18:00,월요일+1월1일+설연휴+추석연휴,13000,13000,13000,,,,02-2199-7247,서울특별시 용산구청,2026-01-26,3020000,서울특별시 용산구
전국박물관미술관정보표준데이터,https://www.data.go.kr/data/15017323/standard.do,2026-01-26,place,용산역사박물관,공립,서울특별시 용산구,서울특별시 용산구 한강대로14길 35-29,37.52557465,126.9656016,용산역사박물관을(를) 배경으로 관람 전후 동화를 만들 수 있다.,관람 전 예습 동화와 방문 후 기념 동화책 배경,전시실에서 마음에 드는 작품이나 물건을 찾아 가족과 이야기하기,5-7;8-10,박물관;미술관;용산역사박물관,용산역사박물관,공립,서울특별시 용산구 한강대로14길 35-29,,02-2199-4620,용산역사박물관,,,10:00,18:00,10:00,18:00,월요일+1월1일+설날 당일+추석 당일,0,0,0,,,,02-2199-7247,서울특별시 용산구청,2026-01-26,3020000,서울특별시 용산구
전국박물관미술관정보표준데이터,https://www.data.go.kr/data/15017323/standard.do,2026-02-03,place,관문사성보 박물관,사립,서울특별시 서초구,서울특별시 서초구 바우뫼로7길111,37.47375033,127.0222823,관문사성보 박물관을(를) 배경으로 관람 전후 동화를 만들 수 있다.,관람 전 예습 동화와 방문 후 기념 동화책 배경,전시실에서 마음에 드는 작품이나 물건을 찾아 가족과 이야기하기,5-7;8-10,박물관;미술관;관문사성보,관문사성보 박물관,사립,서울특별시 서초구 바우뫼로7길111,서울특별시 서초구 우면동 56,02-3460-5300,관문사성보 박물관,www.gwanmunsa.org,,10:00,17:00,10:00,17:00,매주 월요일,0,0,0,0,,,02-2155-6114,서울특별시 서초구청,2026-02-03,3210000,서울특별시 서초구
전국박물관미술관정보표준데이터,https://www.data.go.kr/data/15017323/standard.do,2026-02-03,place,매헌윤봉길의사기념관,사립,서울특별시 서초구,서울특별시 서초구 매헌로99,37.4730498,127.0369771,매헌윤봉길의사기념관을(를) 배경으로 관람 전후 동화를 만들 수 있다.,관람 전 예습 동화와 방문 후 기념 동화책 배경,전시실에서 마음에 드는 작품이나 물건을 찾아 가족과 이야기하기,5-7;8-10,박물관;미술관;매헌윤봉길의사기념관,매헌윤봉길의사기념관,사립,서울특별시 서초구 매헌로99,서울특별시 서초구 양재동 236,02-578-3388,매헌윤봉길의사기념관,www.yunbonggil.or.kr,,10:00,17:00,10:00,17:00,매주 월요일,0,0,0,0,,,02-2155-6114,서울특별시 서초구청,2026-02-03,3210000,서울특별시 서초구
전국박물관미술관정보표준데이터,https://www.data.go.kr/data/15017323/standard.do,2026-02-03,place,전기박물관,사립,서울특별시 서초구,서울특별시 서초구 효령로 72길 60,37.48560466,127.0280788,전기박물관을(를) 배경으로 관람 전후 동화를 만들 수 있다.,관람 전 예습 동화와 방문 후 기념 동화책 배경,전시실에서 마음에 드는 작품이나 물건을 찾아 가족과 이야기하기,5-7;8-10,박물관;미술관;전기박물관,전기박물관,사립,서울특별시 서초구 효령로 72길 60,서울특별시 서초구 서초동 1355,02-2105-8191,전기박물관,https://home.kepco.co.kr/kepco/PR/F/htmlView/PRFAHP001.do?menuCd=FN0605,,10:00,18:00,10:00,18:00,매주 일요일+월요일,0,0,0,0,,,02-2155-6114,서울특별시 서초구청,2026-02-03,3210000,서울특별시 서초구
