경도,국가,국명,분류체계,위도,지역,채집일,학명,해역
128.769684,대한민국,훈수용선충,Nematoda > Chromadorea > Desmodorida > Draconematidae > Draconema > Draconema hoonsooi,37.958641,대한민국 강원도 양양군 현남면 조간대,2014-06-02,Draconema hoonsooi,동해중부
127.846413,대한민국,말쥐치,Thamnaconus modestus,34.206280,대한민국 전라남도 여수시,2015-04-20,Thamnaconus modestus,남해동부
126.169395,대한민국,범섬긴털용선충,Prochaetosoma beomseomense,33.344032,대한민국 제주특별자치도 제주시 한경면 조간대,2015-05-21,Prochaetosoma beomseomense,남해서부
131.867569,대한민국,독도긴털용선충,Prochaetosoma dokdoense,37.239449,대한민국 경상북도 울릉군 울릉읍 조하대,2014-06-20,Prochaetosoma dokdoense,동해중부
130.115677,대한민국,,Micrococcales > Dermabacteraceae > Brachybacterium > Brachybacterium paraconglomeratum,36.844147,대한민국 동해,2010-09-05,Brachybacterium paraconglomeratum,동해중부
126.545944,대한민국,무늬발게,Varunidae > Hemigrapsus > Hemigrapsus sanguineus,35.586128,대한민국 전라북도 부안군 진서면,2021-03-15,Hemigrapsus sanguineus,서해
126.468742,대한민국,짧은미륵비늘갯지렁이,Polynoidae > Halosydna > Halosydna brevisetosa,35.628166,대한민국 전라북도 부안군 변산면 격포해수욕장,2021-03-16,Halosydna brevisetosa,서해
130.349213,대한민국,,Caryophanales > Bacillaceae > Bacillus > Bacillus albus,35.683472,대한민국 동해,2010-09-05,Bacillus albus,동해남부
130.349213,대한민국,,Micrococcales > Dermabacteraceae > Brachybacterium > Brachybacterium paraconglomeratum,35.683472,대한민국 동해,2010-09-05,Brachybacterium paraconglomeratum,동해남부
130.349213,대한민국,,Fictibacillus enclensis,35.683472,대한민국 동해,2010-09-05,Fictibacillus enclensis,동해남부
130.349213,대한민국,,Peribacillus frigoritolerans,35.683472,대한민국 동해,2010-09-05,Peribacillus frigoritolerans,동해남부
130.366776,대한민국,,Muricauda beolgyonensis,36.914806,대한민국 동해,2010-09-05,Muricauda beolgyonensis,동해중부
130.366776,대한민국,,Micrococcales > Microbacteriaceae > Microbacterium > Microbacterium kitamiense,36.914806,대한민국 동해,2010-09-05,Microbacterium kitamiense,동해중부
126.160950,대한민국,가는낫노벌레,Copepoda > Calanoida > Centropagidae > Centropages > Centropages tenuiremis,34.342258,대한민국 전라남도 진도군,2011-05-15,Centropages tenuiremis,남해서부
131.867783,대한민국,,Oncholaimus tripapillatus,37.239166,대한민국 경상북도 울릉군 울릉읍 조하대,2015-09-22,Oncholaimus tripapillatus,동해중부
130.366776,대한민국,,Caryophanales > Bacillaceae > Bacillus > Bacillus haynesii,36.914806,대한민국 동해,2010-09-05,Bacillus haynesii,동해중부
129.381134,대한민국,,Rhodobacterales > Paracoccaceae > Phaeobacter > Phaeobacter porticola,37.100739,대한민국 경상북도 울진군,2010-12-20,Phaeobacter porticola,동해중부
129.381134,대한민국,,Polaribacter reichenbachii,37.100739,대한민국 경상북도 울진군,2010-12-20,Polaribacter reichenbachii,동해중부
126.275284,대한민국,남방갑옷선충,Nematoda > Enoplea > Enoplida > Enoplidae > Enoplus > Enoplus meridionalis,34.395836,대한민국 전라남도 진도군 의신면 조간대,2016-02-18,Enoplus meridionalis,남해서부
129.381134,대한민국,,Shewanellaceae > Shewanella > Shewanella japonica,37.100739,대한민국 경상북도 울진군,2010-12-20,Shewanella japonica,동해중부
125.239494,대한민국,별상어,Triakidae > Mustelus > Mustelus manazo,34.228333,대한민국 남해,2013-03-15,Mustelus manazo,서해
126.563889,대한민국,,Pseudomonadota > Alphaproteobacteria > Caulobacterales > Caulobacteraceae > Brevundimonas > Brevundimonas vesicularis,37.240002,대한민국 서해,2018-09-24,Brevundimonas vesicularis,서해
126.662224,대한민국,,Pseudomonadota > Alphaproteobacteria > Hyphomicrobiales > Brucellaceae > Brucella > Brucella anthropi,36.026943,대한민국 서해 송림해수욕장,2018-06-19,Brucella anthropi,서해
126.518616,대한민국,,Pseudomonadota > Gammaproteobacteria > Alteromonadales > Pseudoalteromonadaceae > Pseudoalteromonas > Pseudoalteromonas distincta,37.241669,대한민국 서해 영흥면 선재리_측도,2014-05-23,Pseudoalteromonas distincta,서해
126.518616,대한민국,,Caryophanales > Bacillaceae > Alkalihalobacillus > Alkalihalobacillus algicola,37.241669,대한민국 서해 영흥면 선재리_측도,2016-08-10,Alkalihalobacillus algicola,서해
128.288452,대한민국,넓은게발,Rhodophyta > Florideophyceae > Corallinales > Lithophyllaceae > Amphiroa > Amphiroa anceps,34.876446,대한민국 경상남도 통영시 사량면,2012-06-28,Amphiroa anceps,남해동부
129.413651,대한민국,동양예쁜털배벌레,Thaumastodermatidae > Ptychostomella > Ptychostomella orientalis,36.969563,대한민국 경상북도 울진군 근남면,2010-07-26,Ptychostomella orientalis,동해중부
129.381134,대한민국,,Vibrionales > Vibrionaceae > Vibrio > Vibrio lentus,37.100739,대한민국 경상북도 울진군,2010-12-20,Vibrio lentus,동해중부
126.178467,대한민국,,Pseudomonadota > Gammaproteobacteria > Oceanospirillales > Halomonadaceae > Halomonas > Halomonas olivaria,36.886307,대한민국 충청남도 태안군,2010-08-12,Halomonas olivaria,서해
128.951157,대한민국,부풀음벌집소모충,Tintinnida > Rhabdonellidae > Schmidingerella > Schmidingerella arcuata,37.772167,대한민국 강원도 강릉시 강릉항,2017-04-28,Schmidingerella arcuata,동해중부
126.334862,대한민국,개청각,Ulvophyceae > Bryopsidales > Codiaceae > Codium > Codium tomentosum,33.957550,대한민국 제주특별자치도 제주시 추자면,2015-09-13,Codium tomentosum,남해서부
129.193710,대한민국,청각,Ulvophyceae > Bryopsidales > Codiaceae > Codium > Codium fragile,35.160782,대한민국 부산광역시 해운대구,2013-12-20,Codium fragile,동해남부
126.242409,대한민국,순양거미불가사리,Ophiuroidea > Amphilepidida > Amphiuridae > Amphioplus > Lymanella > Amphioplus (Lymanella) japonicus,37.394733,대한민국 인천광역시 옹진군,2011-01-13,Amphioplus (Lymanella) japonicus,서해
130.971664,대한민국,,Flavobacteriia > Flavobacteriales > Flavobacteriaceae > Dokdonia > Dokdonia diaphoros,36.106667,대한민국 동해,2011-04-19,Dokdonia diaphoros,동해남부
126.616417,대한민국,갈색대마디말,Ulvophyceae > Cladophorales > Cladophoraceae > Cladophora > Cladophora wrightiana var. minor,33.537579,대한민국 제주특별자치도 제주시 조천읍,2015-07-07,Cladophora wrightiana var. minor,남해서부
131.927231,대한민국,,Fictibacillus phosphorivorans,37.098331,대한민국 동해,2011-04-19,Fictibacillus phosphorivorans,동해중부
126.330338,대한민국,매생이,Ulvophyceae > Ulotrichales > Ulotrichaceae > Capsosiphon > Capsosiphon fulvescens,33.239666,대한민국 제주특별자치도 서귀포시 안덕면,2015-03-01,Capsosiphon fulvescens,남해서부
128.463287,대한민국,미끌풀,Rhodophyta > Florideophyceae > Gigartinales > Dumontiaceae > Dumontia > Dumontia simplex,38.423233,대한민국 강원도 고성군 거진읍,2017-03-01,Dumontia simplex,동해중부
128.381058,대한민국,말청각,Ulvophyceae > Bryopsidales > Codiaceae > Codium > Codium subtubulosum,34.854221,대한민국 경상남도 통영시,2014-10-29,Codium subtubulosum,남해동부
126.631477,대한민국,,Penicillium oxalicum,36.076248,대한민국 충청남도 서천군 마서면,2015-08-13,Penicillium oxalicum,서해
128.463287,대한민국,참가시그물바탕말,Phaeophyceae > Dictyotales > Dictyotaceae > Dictyopteris > Dictyopteris pacifica,38.423233,대한민국 강원도 고성군 거진읍,2017-03-01,Dictyopteris pacifica,동해중부
126.935692,대한민국,방석청각,Ulvophyceae > Bryopsidales > Codiaceae > Codium > Codium hubbsii,33.470974,대한민국 제주특별자치도 서귀포시 성산읍,2013-02-19,Codium hubbsii,남해서부
126.706764,대한민국,붉벤자리,Teleostei > Perciformes > Anthiadidae > Caprodon > Caprodon schlegelii,33.677185,대한민국 제주특별자치도 제주시,2015-10-22,Caprodon schlegelii,남해서부
127.608330,대한민국,큰수염붉은실,Rhodophyta > Florideophyceae > Ceramiales > Rhodomelaceae > Polysiphonia > Polysiphonia morrowii,34.644646,대한민국 전라남도 여수시 화양면,2016-03-24,Polysiphonia morrowii,남해서부
125.703484,대한민국,홍어,Rajiformes > Rajidae > Okamejei > Okamejei kenojei,36.435577,대한민국 충청남도 태안군,2014-04-18,Okamejei kenojei,서해
129.381134,대한민국,,Flavobacteriia > Flavobacteriales > Flavobacteriaceae > Cellulophaga > Cellulophaga baltica,37.100739,대한민국 경상북도 울진군,2011-06-21,Cellulophaga baltica,동해중부
130.936584,대한민국,,Selachinematidae > Halichoanolaimus > Halichoanolaimus minor,37.526459,대한민국 경상북도 울릉군 울릉읍 조하대,2016-06-14,Halichoanolaimus minor,동해중부
126.180908,대한민국,전력날치,Teleostei > Beloniformes > Exocoetidae > Cheilopogon > Cheilopogon doederleinii,33.127071,대한민국 제주특별자치도 서귀포시,2014-09-20,Cheilopogon doederleinii,남해서부
130.857437,대한민국,,Sarsamphiascus titoi,37.460064,대한민국 경상북도 울릉군 서면 거북바위,2019-07-24,Sarsamphiascus titoi,동해중부
126.145805,대한민국,가는낫노벌레,Copepoda > Calanoida > Centropagidae > Centropages > Centropages tenuiremis,34.276421,대한민국 전라남도 진도군,2011-05-15,Centropages tenuiremis,남해서부
128.549194,대한민국,,Vibrionales > Vibrionaceae > Vibrio > Vibrio crassostreae,38.300739,대한민국 강원도 고성군 백도,2011-05-12,Vibrio crassostreae,동해중부
126.375160,대한민국,,Vibrionales > Vibrionaceae > Vibrio > Vibrio coralliirubri,35.310490,대한민국 전라남도 영광군,2011-05-12,Vibrio coralliirubri,서해
129.463104,대한민국,뾰족아참노벌레,Subeucalanus mucronatus,37.083660,대한민국 경상북도 울진군,2011-07-20,Subeucalanus mucronatus,동해중부
126.407242,대한민국,,Mycobacteriales > Dietziaceae > Dietzia > Dietzia maris,33.212902,대한민국 제주특별자치도,2011-06-02,Dietzia maris,남해서부
126.995995,대한민국,얼룩덜룩갈줄고둥,Not assigned > Cerithiidae > Cerithium > Cerithium alutaceum,33.488998,대한민국 제주특별자치도 서귀포시 성산읍 우도 남동쪽,2024-07-30,Cerithium alutaceum,남해서부
129.343811,대한민국,상어껍질별벌레,Sipuncula > Phascolosomatidea > Phascolosomatida > Phascolosomatidae > Phascolosoma > Phascolosoma > Phascolosoma (Phascolosoma) scolops,37.219555,대한민국 강원도 삼척시 원덕읍,2012-04-18,Phascolosoma (Phascolosoma) scolops,동해중부
126.318726,대한민국,구슬청각,Ulvophyceae > Bryopsidales > Codiaceae > Codium > Codium minus,33.219082,대한민국 제주특별자치도 서귀포시 안덕면,2015-12-23,Codium minus,남해서부
128.027054,대한민국,마디잘록이,Rhodymeniales > Lomentariaceae > Fushitsunagia > Fushitsunagia catenata,34.704613,대한민국 경상남도 남해군 미조면,2018-03-29,Fushitsunagia catenata,남해동부
126.911537,대한민국,떨기나무새붉은실,Rhodophyta > Florideophyceae > Ceramiales > Rhodomelaceae > Melanothamnus > Melanothamnus japonicus,33.491108,대한민국 제주특별자치도 제주시 구좌읍,2016-06-01,Melanothamnus japonicus,남해서부
125.917892,대한민국,,Sphingomonadales > Erythrobacteraceae > Qipengyuania > Qipengyuania flava,32.752979,대한민국 제주근해,2011-06-02,Qipengyuania flava,남해서부
125.414742,대한민국,,Pseudomonadota > Gammaproteobacteria > Oceanospirillales > Halomonadaceae > Halomonas > Halomonas zincidurans,32.246227,대한민국 제주근해,2011-06-02,Halomonas zincidurans,남해서부
126.438187,대한민국,,Winogradskyella sediminis,33.541252,대한민국 제주특별자치도,2011-06-03,Winogradskyella sediminis,남해서부
126.527000,대한민국,비단부채게,Sphaerozius nitidus,36.221111,대한민국 충청남도 보령시 웅천읍 독산해수욕장,2021-03-02,Sphaerozius nitidus,서해
126.527000,대한민국,비단부채게,Sphaerozius nitidus,36.221111,대한민국 충청남도 보령시 웅천읍 독산해수욕장,2021-03-02,Sphaerozius nitidus,서해
125.068008,대한민국,참복,Tetraodontiformes > Tetraodontidae > Takifugu > Takifugu chinensis,35.873272,대한민국 전라북도 군산시,2015-10-09,Takifugu chinensis,서해
126.339867,대한민국,,Exiguobacterium profundum,35.264629,대한민국 전라남도 영광군,2011-08-31,Exiguobacterium profundum,서해
126.339485,대한민국,,Vibrionales > Vibrionaceae > Salinivibrio > Salinivibrio costicola subsp. vallismortis,35.265373,대한민국 전라남도 영광군,2011-08-31,Salinivibrio costicola subsp. vallismortis,서해
129.384506,대한민국,염주말,Ulvophyceae > Cladophorales > Cladophoraceae > Chaetomorpha > Chaetomorpha moniligera,36.185226,대한민국 경상북도 포항시 북구 청하면,2015-03-28,Chaetomorpha moniligera,동해남부
126.940918,대한민국,갈색대마디말,Ulvophyceae > Cladophorales > Cladophoraceae > Cladophora > Cladophora wrightiana var. minor,33.505322,대한민국 제주특별자치도 제주시 우도면,2015-07-29,Cladophora wrightiana var. minor,남해서부
129.381134,대한민국,,Staphylococcus warneri,37.100739,대한민국 경상북도 울진군,2011-06-21,Staphylococcus warneri,동해중부
129.193710,대한민국,청각,Ulvophyceae > Bryopsidales > Codiaceae > Codium > Codium fragile,35.160782,대한민국 부산광역시 해운대구,2013-05-24,Codium fragile,동해남부
129.193710,대한민국,떡청각,Ulvophyceae > Bryopsidales > Codiaceae > Codium > Codium arabicum,35.160782,대한민국 부산광역시 해운대구,2013-03-27,Codium arabicum,동해남부
128.569672,대한민국,비틀이바늘고둥,Mollusca > Gastropoda > Littorinimorpha > Eulimidae > Amamibalcis > Amamibalcis flavipunctata,38.301220,대한민국 강원도 고성군 죽왕면 문암진리 문암항 금강산,2024-04-10,Amamibalcis flavipunctata,동해중부
126.072533,대한민국,얼룩통구멍,Uranoscopus japonicus,33.586716,대한민국 제주특별자치도 제주시,2015-03-23,Uranoscopus japonicus,남해서부
131.865097,대한민국,옥덩굴,Ulvophyceae > Bryopsidales > Caulerpaceae > Caulerpa > Caulerpa okamurae,37.239933,대한민국 경상북도 울릉군 울릉읍,2015-10-13,Caulerpa okamurae,동해중부
126.115044,대한민국,짱뚱어,Teleostei > Perciformes > Gobiidae > Boleophthalmus > Boleophthalmus pectinirostris,35.115391,대한민국 전라남도 신안군,2015-10-19,Boleophthalmus pectinirostris,서해
129.381134,대한민국,,Shewanellaceae > Shewanella > Shewanella algae,37.100739,대한민국 경상북도 울진군,2011-06-21,Shewanella algae,동해중부
126.341934,대한민국,,Sphingomonadales > Erythrobacteraceae > Porphyrobacter > Porphyrobacter tepidarius,35.261219,대한민국 전라남도 영광군 백수읍 백암리,2011-08-31,Porphyrobacter tepidarius,서해
126.376389,대한민국,큰비늘숭어,Teleostei > Mugiliformes > Mugilidae > Planiliza > Planiliza macrolepis,33.233166,대한민국 제주특별자치도 서귀포시,2015-10-07,Planiliza macrolepis,남해서부
127.392639,대한민국,전기가오리,Torpediniformes > Narkidae > Narke > Narke japonica,33.643475,대한민국 제주특별자치도 서귀포시,2015-12-23,Narke japonica,남해서부
126.375099,대한민국,,Vibrionales > Vibrionaceae > Vibrio > Vibrio sinaloensis,35.310436,대한민국 전라남도 영광군 백수읍 백암리,2011-08-31,Vibrio sinaloensis,서해
129.486557,대한민국,검은새다래,Teleostei > Perciformes > Bramidae > Taractes > Taractes rubescens,36.094219,대한민국 경상북도 포항시,2016-08-16,Taractes rubescens,동해남부
127.733376,대한민국,,Sididae > Penilia > Penilia avirostris,34.902287,대한민국 전라남도 광양시,2011-09-09,Penilia avirostris,남해서부
127.148613,대한민국,황돔,Teleostei > Perciformes > Sparidae > Dentex > Dentex hypselosomus,33.103218,대한민국 제주특별자치도 서귀포시,2016-01-07,Dentex hypselosomus,남해서부
127.846413,대한민국,고등어,Teleostei > Perciformes > Scombridae > Scomber > Scomber japonicus,34.206280,대한민국 전라남도 여수시,2016-01-13,Scomber japonicus,남해동부
127.619453,대한민국,,Sididae > Penilia > Penilia avirostris,34.884762,대한민국 전라남도 광양시,2011-09-09,Penilia avirostris,남해서부
125.688057,대한민국,가는낫노벌레,Copepoda > Calanoida > Centropagidae > Centropages > Centropages tenuiremis,35.956711,대한민국 전라북도 군산시,2011-08-13,Centropages tenuiremis,서해
125.639061,대한민국,가는낫노벌레,Copepoda > Calanoida > Centropagidae > Centropages > Centropages tenuiremis,36.005562,대한민국 전라북도 군산시,2011-08-13,Centropages tenuiremis,서해
126.160034,대한민국,,Vibrionales > Vibrionaceae > Vibrio > Vibrio campbellii,36.844147,대한민국 충청남도 태안군 소원면 의항리,2011-08-31,Vibrio campbellii,서해
128.559052,대한민국,,Leeuwenhoekiella marinoflava,38.337650,대한민국 강원도 고성군,2005-06-29,Leeuwenhoekiella marinoflava,동해중부
126.153854,대한민국,용치놀래기,Teleostei > Perciformes > Labridae > Parajulis > Parajulis poecilepterus,33.306789,대한민국 제주특별자치도 제주시,2014-08-28,Parajulis poecilepterus,남해서부
126.511826,대한민국,중국노벌레,Copepoda > Calanoida > Calanidae > Calanus > Calanus sinicus,33.199329,대한민국 제주특별자치도 서귀포시,2011-08-27,Calanus sinicus,남해서부
126.176643,대한민국,중국노벌레,Copepoda > Calanoida > Calanidae > Calanus > Calanus sinicus,34.330208,대한민국 전라남도 진도군,2011-05-15,Calanus sinicus,남해서부
129.497101,대한민국,잔가시뿔고둥,Neogastropoda > Muricidae > Lataxiena > Lataxiena fimbriata,35.791115,대한민국 경상북도 경주시 감포읍 전촌리 전촌항 왼쪽 조간대,2018-02-08,Lataxiena fimbriata,동해남부
126.157501,대한민국,,Vibrionales > Vibrionaceae > Vibrio > Vibrio variabilis,37.175667,대한민국 인천광역시,2005-09-09,Vibrio variabilis,서해
126.499718,대한민국,,Cytophagia > Cytophagales > Cyclobacteriaceae > Algoriphagus > Algoriphagus formosus,37.462223,대한민국 인천광역시 중구,2006-09-07,Algoriphagus formosus,서해
127.492165,대한민국,,Fungi > Ascomycota > Eurotiomycetes > Eurotiales > Aspergillaceae > Aspergillus > Aspergillus unguis,34.847721,대한민국 남해,2021-01-12,Aspergillus unguis,남해서부
131.867783,대한민국,,Oncholaimus tripapillatus,37.239166,대한민국 경상북도 울릉군 울릉읍 조하대,2015-09-22,Oncholaimus tripapillatus,동해중부
131.867783,대한민국,,Oncholaimus tripapillatus,37.239166,대한민국 경상북도 울릉군 울릉읍 조하대,2015-09-22,Oncholaimus tripapillatus,동해중부
129.589188,대한민국,산뜻참센털노벌레,Euchaetidae > Euchaeta > Euchaeta concinna,36.465519,대한민국 경상북도 영덕군,2011-05-20,Euchaeta concinna,동해남부
126.275284,대한민국,,Nematoda > Chromadorea > Chromadorida > Chromadoridae > Chromadorita > Chromadorita abnormis,34.395836,대한민국 전라남도 진도군 의신면 조간대,2016-02-18,Chromadorita abnormis,남해서부
126.898994,대한민국,,Penicillium kongii,33.512638,대한민국 제주특별자치도 제주시 구좌읍,2015-07-03,Penicillium kongii,남해서부
126.303612,대한민국,,Pseudomonadota > Gammaproteobacteria > Alteromonadales > Alteromonadaceae > Marinobacter > Marinobacter adhaerens,36.946388,대한민국 충청남도 태안군 이원면 원이로,2012-05-25,Marinobacter adhaerens,서해
126.369797,대한민국,열한가시밤게,Pleocyemata > Brachyura > Leucosioidea > Leucosiidae > Ebaliinae > Arcania > Arcania undecimspinosa,36.265800,대한민국 충청남도 보령시 웅천읍 용섬,2021-05-12,Arcania undecimspinosa,서해
126.303612,대한민국,,Pseudomonadota > Gammaproteobacteria > Oceanospirillales > Halomonadaceae > Halomonas > Halomonas salicampi,36.946388,대한민국 충청남도 태안군 이원면 원이로,2012-05-25,Halomonas salicampi,서해
126.303612,대한민국,,Pseudomonadota > Gammaproteobacteria > Oceanospirillales > Halomonadaceae > Halomonas > Halomonas gomseomensis,36.946388,대한민국 충청남도 태안군 이원면 원이로,2012-05-25,Halomonas gomseomensis,서해
128.811462,대한민국,각시노벌레,Sinocalanus tenellus,37.911640,대한민국 강원도 강릉시,2011-10-14,Sinocalanus tenellus,동해중부
129.377335,대한민국,,Nematoda > Enoplea > Enoplida > Enchelidiidae > Eurystomina > Eurystomina ophthalmophora,37.105988,대한민국 경상북도 울진군 북면 조간대,2016-01-28,Eurystomina ophthalmophora,동해중부
129.231339,대한민국,작은구슬산호말,Rhodophyta > Florideophyceae > Corallinales > Corallinaceae > Corallina > Corallina pilulifera,35.221058,대한민국 부산광역시 기장군 기장읍,2013-11-06,Corallina pilulifera,동해남부
128.559052,대한민국,,Rhodobacterales > Paracoccaceae > Nereida > Nereida ignava,38.337650,대한민국 강원도 고성군,2005-06-29,Nereida ignava,동해중부
126.499718,대한민국,,Pseudomonadota > Gammaproteobacteria > Alteromonadales > Alteromonadaceae > Marinobacter > Marinobacter algicola,37.462223,대한민국 인천광역시 중구,2006-09-07,Marinobacter algicola,서해
126.515831,대한민국,,Roseovarius litorisediminis,37.579830,대한민국 인천광역시 강화군 동검도,2005-07-26,Roseovarius litorisediminis,서해
129.620926,대한민국,,Zhongshania borealis,35.330276,대한민국 남해,2011-07-26,Zhongshania borealis,동해남부
129.189911,대한민국,큰갈파래,Ulvophyceae > Ulvales > Ulvaceae > Ulva > Ulva ohnoi,35.161057,대한민국 부산광역시 해운대구,2015-05-05,Ulva ohnoi,동해남부
129.318008,대한민국,누은분홍잎,Rhodophyta > Florideophyceae > Ceramiales > Delesseriaceae > Acrosorium > Acrosorium yendoi,37.289211,대한민국 강원도 삼척시 근덕면,2017-10-18,Acrosorium yendoi,동해중부
126.584114,대한민국,납작파래,Ulvophyceae > Ulvales > Ulvaceae > Ulva > Ulva compressa,33.526775,대한민국 제주특별자치도 제주시,2015-03-04,Ulva compressa,남해서부
129.189667,대한민국,아라사키갈파래,Ulvophyceae > Ulvales > Ulvaceae > Ulva > Ulva arasakii,37.445980,대한민국 강원도 삼척시,2015-03-30,Ulva arasakii,동해중부
129.483810,대한민국,,Rhodobacterales > Paracoccaceae > Ponticoccus > Ponticoccus litoralis,37.250458,대한민국 강원도 삼척시,2013-09-11,Ponticoccus litoralis,동해중부
128.910614,대한민국,마른나무,Tichocarpus crinitus,37.810978,대한민국 강원도 강릉시,2017-09-20,Tichocarpus crinitus,동해중부
126.911537,대한민국,떨기나무새붉은실,Rhodophyta > Florideophyceae > Ceramiales > Rhodomelaceae > Melanothamnus > Melanothamnus japonicus,33.491108,대한민국 제주특별자치도 제주시 구좌읍,2016-06-01,Melanothamnus japonicus,남해서부
129.384750,대한민국,창자파래,Ulvophyceae > Ulvales > Ulvaceae > Ulva > Ulva intestinalis,36.237473,대한민국 경상북도 포항시 북구 송라면,2014-07-04,Ulva intestinalis,동해남부
128.898819,대한민국,참보라색우무,Symphyocladia latiuscula,37.813122,대한민국 강원도 강릉시,2013-07-02,Symphyocladia latiuscula,동해중부
129.483810,대한민국,,Pseudomonadota > Gammaproteobacteria > Alteromonadales > Pseudoalteromonadaceae > Pseudoalteromonas > Pseudoalteromonas piscicida,37.250458,대한민국 강원도 삼척시,2013-09-11,Pseudoalteromonas piscicida,동해중부
129.483810,대한민국,,Pseudomonadota > Gammaproteobacteria > Alteromonadales > Alteromonadaceae > Alteromonas > Alteromonas fortis,37.250458,대한민국 강원도 삼척시,2013-09-11,Alteromonas fortis,동해중부
129.483810,대한민국,,Shewanellaceae > Shewanella > Shewanella waksmanii,37.250458,대한민국 강원도 삼척시,2013-09-11,Shewanella waksmanii,동해중부
125.861763,대한민국,두드러기어리게,Pleocyemata > Anomura > Lithodoidea > Hapalogastridae > Oedignathus > Oedignathus inermis,36.663559,대한민국 충청남도 태안군 근흥면 궁시도,2021-04-27,Oedignathus inermis,서해
125.861763,대한민국,두드러기어리게,Pleocyemata > Anomura > Lithodoidea > Hapalogastridae > Oedignathus > Oedignathus inermis,36.663559,대한민국 충청남도 태안군 근흥면 궁시도,2021-04-27,Oedignathus inermis,서해
125.861763,대한민국,두드러기어리게,Pleocyemata > Anomura > Lithodoidea > Hapalogastridae > Oedignathus > Oedignathus inermis,36.663559,대한민국 충청남도 태안군 근흥면 궁시도,2021-04-27,Oedignathus inermis,서해
129.301834,대한민국,,Roseovarius nanhaiticus,37.686184,대한민국 동해,2014-02-12,Roseovarius nanhaiticus,동해중부
126.199356,대한민국,,Sididae > Penilia > Penilia avirostris,34.324341,대한민국 전라남도 진도군,2011-08-20,Penilia avirostris,남해서부
129.301834,대한민국,,Sphingomonadales > Erythrobacteraceae > Qipengyuania > Qipengyuania citrea,37.686184,대한민국 동해,2014-02-12,Qipengyuania citrea,동해중부
126.124420,대한민국,,Sididae > Penilia > Penilia avirostris,34.286308,대한민국 전라남도 진도군,2011-08-20,Penilia avirostris,남해서부
129.301834,대한민국,,Flavobacterium piscis,37.686184,대한민국 동해,2014-02-12,Flavobacterium piscis,동해중부
129.301834,대한민국,,Winogradskyella ulvae,37.686184,대한민국 동해,2014-02-12,Winogradskyella ulvae,동해중부
129.301834,대한민국,,Flavobacterium crassostreae,37.686184,대한민국 동해,2014-02-12,Flavobacterium crassostreae,동해중부
127.605728,대한민국,,Sididae > Penilia > Penilia avirostris,34.923233,대한민국 전라남도 광양시,2011-09-09,Penilia avirostris,남해서부
127.842743,대한민국,,Sididae > Penilia > Penilia avirostris,34.912575,대한민국 전라남도 광양시,2011-09-09,Penilia avirostris,남해동부
126.865929,대한민국,무늬깜정이,Teleostei > Perciformes > Kyphosidae > Kyphosus > Kyphosus bigibbus,33.557507,대한민국 제주특별자치도 제주시,2014-09-06,Kyphosus bigibbus,남해서부
126.376389,대한민국,무점황놀래기,Teleostei > Perciformes > Labridae > Pseudolabrus > Pseudolabrus eoethinus,33.233166,대한민국 제주특별자치도 서귀포시,2014-09-15,Pseudolabrus eoethinus,남해서부
126.160950,대한민국,,Paracalanus parvus parvus,34.342258,대한민국 전라남도 진도군,2011-05-15,Paracalanus parvus parvus,남해서부
126.258904,대한민국,오츠카작은노벌레,Odontacartia > Acartia (Odontacartia) ohtsukai,37.718468,대한민국 인천광역시 강화군,2011-08-01,Acartia (Odontacartia) ohtsukai,서해
126.403656,대한민국,오츠카작은노벌레,Odontacartia > Acartia (Odontacartia) ohtsukai,35.722282,대한민국 전라북도 군산시,2011-05-20,Acartia (Odontacartia) ohtsukai,서해
126.255638,대한민국,마른불가사리,Paxillosida > Astropectinidae > Dipsacaster > Dipsacaster pretiosus,33.415264,대한민국 제주특별자치도 제주시 한림읍,2016-11-04,Dipsacaster pretiosus,남해서부
127.480278,대한민국,,Nematoda > Chromadorea > Desmodorida > Microlaimidae > Bolbolaimus > Bolbolaimus crassiceps,34.578617,대한민국 전라남도 고흥군 영남면 조간대,2017-01-19,Bolbolaimus crassiceps,남해서부
128.683884,대한민국,,Spongiibacteraceae > Spongiibacter > Spongiibacter marinus,38.217667,대한민국 강원도 속초시,2010-08-31,Spongiibacter marinus,동해중부
126.433052,대한민국,갯가꼬마새우,Thoridae > Eualus > Eualus sinensis,36.360832,대한민국 충청남도 보령시 오천면 원산도해수욕장,2021-05-10,Eualus sinensis,서해
128.683884,대한민국,,Pseudomonadota > Gammaproteobacteria > Alteromonadales > Alteromonadaceae > Marinobacter > Marinobacter algicola,38.217667,대한민국 강원도 속초시,2010-08-31,Marinobacter algicola,동해중부
125.689835,대한민국,돗돔,Teleostei > Acropomatiformes > Stereolepididae > Stereolepis > Stereolepis doederleini,34.658962,대한민국 전라남도 목포시,2019-03-23,Stereolepis doederleini,서해
126.664246,대한민국,,Staphylococcus warneri,36.018505,대한민국 충청남도 서천군 장항읍 송림리,2014-09-15,Staphylococcus warneri,서해
126.275284,대한민국,,Oncholaimus dujardinii,34.395836,대한민국 전라남도 진도군 의신면 조간대,2016-02-18,Oncholaimus dujardinii,남해서부
126.327499,대한민국,구멍갈파래,Ulvophyceae > Ulvales > Ulvaceae > Ulva > Ulva australis,36.510834,대한민국 전라남도 완도군 완도읍,2013-10-20,Ulva australis,서해
131.871918,대한민국,민털보라색우무,Symphyocladia glabra,37.239582,대한민국 경상북도 울릉군 울릉읍,2018-05-11,Symphyocladia glabra,동해중부
126.664246,대한민국,,Sphingomonadales > Erythrobacteraceae > Alteraurantiacibacter > Alteraurantiacibacter aquimixticola,36.018505,대한민국 충청남도 서천군 장항읍 송림리,2014-09-15,Alteraurantiacibacter aquimixticola,서해
129.317657,대한민국,,Rhodymeniales > Champiaceae > Champia > Champia parvula,37.290668,대한민국 강원도 삼척시 근덕면,2017-10-17,Champia parvula,동해중부
126.701500,대한민국,참깃털말,Ulvophyceae > Bryopsidales > Bryopsidaceae > Bryopsis > Bryopsis plumosa,34.296329,대한민국 전라남도 완도군 완도읍,2013-12-30,Bryopsis plumosa,남해서부
128.354828,대한민국,,Micrococcales > Microbacteriaceae > Microbacterium > Microbacterium halimionae,34.918602,대한민국 경상남도 통영시 도산면 도선리 396-4,2015-07-18,Microbacterium halimionae,남해동부
126.742950,대한민국,납작파래,Ulvophyceae > Ulvales > Ulvaceae > Ulva > Ulva compressa,34.298210,대한민국 전라남도 완도군 완도읍,2014-04-15,Ulva compressa,남해서부
126.318726,대한민국,갈색대마디말,Ulvophyceae > Cladophorales > Cladophoraceae > Cladophora > Cladophora wrightiana var. minor,33.219082,대한민국 제주특별자치도 서귀포시 안덕면,2015-12-23,Cladophora wrightiana var. minor,남해서부
131.866119,대한민국,,Shewanellaceae > Shewanella > Shewanella waksmanii,37.240276,대한민국 경상북도 울릉군 울릉읍 독도,2016-07-07,Shewanella waksmanii,동해중부
128.435608,대한민국,줄가자미,Teleostei > Pleuronectiformes > Pleuronectidae > Clidoderma > Clidoderma asperrimum,34.842159,대한민국 경상남도 통영시,2015-04-05,Clidoderma asperrimum,남해동부
131.866119,대한민국,,Shewanellaceae > Shewanella > Shewanella waksmanii,37.240276,대한민국 경상북도 울릉군 울릉읍 독도,2016-07-07,Shewanella waksmanii,동해중부
126.443436,대한민국,방황혹산호말,Rhodophyta > Florideophyceae > Corallinales > Corallinaceae > Corallina > Corallina aberrans,33.498329,대한민국 제주특별자치도 제주시,2012-06-15,Corallina aberrans,남해서부
126.143684,대한민국,,Ditrichocorycaeus affinis,34.300301,대한민국 전라남도 진도군,2011-05-15,Ditrichocorycaeus affinis,남해서부
126.273056,대한민국,,Stappiaceae > Pseudovibrio > Pseudovibrio ascidiaceicola,33.165001,대한민국 제주특별자치도 서귀포시 대정읍 가파리,2016-11-23,Pseudovibrio ascidiaceicola,남해서부
126.709496,대한민국,가시부푼긴노벌레,Tortanus > Eutortanus > Tortanus (Eutortanus) spinicaudatus,37.307415,대한민국 경기도 안산시,2011-08-23,Tortanus (Eutortanus) spinicaudatus,서해
126.042252,대한민국,오모리작은노벌레,Copepoda > Calanoida > Acartiidae > Acartia > Acartiura > Acartia (Acartiura) omorii,34.347382,대한민국 전라남도 진도군,2011-05-15,Acartia (Acartiura) omorii,남해서부
126.602226,대한민국,납작파래,Ulvophyceae > Ulvales > Ulvaceae > Ulva > Ulva compressa,35.990700,대한민국 충청남도 서천군 장항읍 유부도,2024-02-22,Ulva compressa,서해
127.825592,대한민국,,Paracalanus parvus parvus,34.906860,대한민국 전라남도 광양시,2011-07-04,Paracalanus parvus parvus,남해동부
128.046112,대한민국,털다리참집게,Pleocyemata > Anomura > Paguroidea > Paguridae > Pagurus > Pagurus lanuginosus,34.713333,대한민국 경상남도 남해군 미조면 북미조항,2024-05-28,Pagurus lanuginosus,남해동부
126.385056,대한민국,해변도랑반날개,Staphylinidae > Aleocharinae > Myrmecopora > Lamproxenusa > Myrmecopora (Lamproxenusa) reticulata,34.968388,대한민국 전라남도 무안군 망운면,2021-03-23,Myrmecopora (Lamproxenusa) reticulata,서해
126.507195,대한민국,세줄해변바수염반날개,Triochara > Aleochara (Triochara) trisulcata,35.661697,대한민국 전라북도 부안군 변산면,2021-05-18,Aleochara (Triochara) trisulcata,서해
126.075226,대한민국,오츠카작은노벌레,Odontacartia > Acartia (Odontacartia) ohtsukai,34.367794,대한민국 전라남도 진도군,2011-05-15,Acartia (Odontacartia) ohtsukai,남해서부
128.812164,대한민국,톱니꼬리검물벼룩,Eucyclops Serrulatus,37.911358,대한민국 강원도 강릉시,2011-09-05,Eucyclops Serrulatus,동해중부
126.157143,대한민국,꽃부채게,Xanthoidea > Xanthidae > Xanthinae > Macromedaeus > Macromedaeus distinguendus,36.829445,대한민국 충청남도 태안군 소원면 의항해수욕장,2021-05-11,Macromedaeus distinguendus,서해
130.846436,대한민국,,Nematoda > Chromadorea > Chromadorida > Cyatholaimidae > Marylynnia > Marylynnia hopperi,37.539951,대한민국 경상북도 울릉군 울릉읍 조하대,2016-06-18,Marylynnia hopperi,동해중부
130.846436,대한민국,,Nematoda > Chromadorea > Chromadorida > Cyatholaimidae > Marylynnia > Marylynnia hopperi,37.539951,대한민국 경상북도 울릉군 울릉읍 조하대,2016-06-18,Marylynnia hopperi,동해중부
130.846436,대한민국,,Nematoda > Chromadorea > Chromadorida > Cyatholaimidae > Marylynnia > Marylynnia hopperi,37.539951,대한민국 경상북도 울릉군 울릉읍 조하대,2016-06-18,Marylynnia hopperi,동해중부
126.525002,대한민국,,Pseudomonadota > Alphaproteobacteria > Hyphomicrobiales > Parvibaculaceae > Anderseniella > Anderseniella baltica,36.054722,대한민국 전라북도 군산시 옥도면 개야도,2016-05-27,Anderseniella baltica,서해
126.525002,대한민국,,Maribacter litoralis,36.054722,대한민국 전라북도 군산시 옥도면 개야도,2016-05-27,Maribacter litoralis,서해
127.480278,대한민국,,Xyalidae > Daptonema > Daptonema calceolatum,34.578617,대한민국 전라남도 고흥군 영남면 조간대,2017-01-19,Daptonema calceolatum,남해서부
130.856949,대한민국,,Maribacter dokdonensis,37.460278,대한민국 경상북도 울릉군 서면 남양리,2016-04-27,Maribacter dokdonensis,동해중부
130.856949,대한민국,,Maribacter dokdonensis,37.460278,대한민국 경상북도 울릉군 서면 남양리,2016-04-27,Maribacter dokdonensis,동해중부
126.931328,대한민국,넓은사슬풀,Rhodymeniales > Champiaceae > Champia > Champia expansa,33.495529,대한민국 제주특별자치도 제주시 우도면,2019-06-26,Champia expansa,남해서부
126.941757,대한민국,덩이애기산호말,Rhodophyta > Florideophyceae > Corallinales > Corallinaceae > Jania > Jania pedunculata var. adhaerens,33.461697,대한민국 제주특별자치도 서귀포시 성산읍,2012-08-21,Jania pedunculata var. adhaerens,남해서부
126.935692,대한민국,누운청각,Ulvophyceae > Bryopsidales > Codiaceae > Codium > Codium coactum,33.470974,대한민국 제주특별자치도 서귀포시 성산읍,2013-02-19,Codium coactum,남해서부
124.719582,대한민국,좀해변바수염반날개,Staphylinidae > Aleocharinae > Aleochara > Emplenota > Aleochara (Emplenota) fucicola,37.949390,대한민국 인천광역시 옹진군,2021-06-23,Aleochara (Emplenota) fucicola,서해
126.527695,대한민국,한국갯벌반날개,Staphylinidae > Aleocharinae > Bryothinusa > Bryothinusa koreana,37.045918,대한민국 충청남도 당진시 석문면,2021-04-15,Bryothinusa koreana,서해
126.529167,대한민국,붉은줄참새우,Pleocyemata > Caridea > Palaemonoidea > Palaemonidae > Palaemon > Palaemon macrodactylus,36.220280,대한민국 충청남도 보령시 웅천읍 독산해수욕장,2021-05-13,Palaemon macrodactylus,서해
131.865845,대한민국,바위대마디말,Ulvophyceae > Cladophorales > Cladophoraceae > Rama > Rama rupestris,37.240276,대한민국 경상북도 울릉군 울릉읍,2014-08-10,Rama rupestris,동해중부
126.940918,대한민국,몽우리청각,Ulvophyceae > Bryopsidales > Codiaceae > Codium > Codium contractum,33.505322,대한민국 제주특별자치도 제주시 우도면,2015-02-22,Codium contractum,남해서부
126.499687,대한민국,큰서실,Rhodophyta > Florideophyceae > Ceramiales > Rhodomelaceae > Laurencia > Laurencia nipponica,36.325127,대한민국 충청남도 보령시 오천면,1988-07-29,Laurencia nipponica,서해
129.475845,대한민국,납작마디게발,Rhodophyta > Florideophyceae > Corallinales > Lithophyllaceae > Amphiroa > Amphiroa ephedraea,35.697174,대한민국 경상북도 경주시 양남면,2012-08-14,Amphiroa ephedraea,동해남부
126.567017,대한민국,,Tripos setaceus,33.218819,대한민국 제주특별자치도 서귀포시 서귀포항 앞바다,2010-07-29,Tripos setaceus,남해서부
126.134018,대한민국,,Tripos furca,33.252155,대한민국 제주특별자치도 제주시 한경면 차귀도 앞바다,2010-07-26,Tripos furca,남해서부
126.468742,대한민국,비단부채게,Sphaerozius nitidus,35.628166,대한민국 전라북도 부안군 백산면 격포해수욕장,2021-03-16,Sphaerozius nitidus,서해
129.585556,대한민국,작은꼬마긴눈집게,Pleocyemata > Anomura > Paguroidea > Diogenidae > Areopaguristes > Areopaguristes japonicus,36.000000,대한민국 경상북도 포항시 남구 구룡포읍 우럭도,2024-06-13,Areopaguristes japonicus,동해남부
126.442780,대한민국,,Rossellomorea marisflavi,37.270000,대한민국 인천광역시 옹진군,2003-03-20,Rossellomorea marisflavi,서해
129.475494,대한민국,진흙새우,Pleocyemata > Caridea > Crangonoidea > Crangonidae > Argis > Argis lar,35.321526,대한민국 동해 #92-3,2024-08-17,Argis lar,동해남부
129.087601,대한민국,꼬리치,Teleostei > Ateleopodiformes > Ateleopodidae > Ateleopus > Ateleopus japonicus,34.867054,대한민국 남해 100-1해구,2024-08-16,Ateleopus japonicus,남해동부
126.208328,대한민국,오모리작은노벌레,Copepoda > Calanoida > Acartiidae > Acartia > Acartiura > Acartia (Acartiura) omorii,37.036667,대한민국 충청남도 태안군,2011-09-22,Acartia (Acartiura) omorii,서해
126.624420,대한민국,보어밴키해변해면,Porifera > Demospongiae > Halichondrida > Halichondridae > Halichondria > Halichondria bowerbanki,37.458035,대한민국 인천광역시 중구,2010-11-12,Halichondria bowerbanki,서해
126.468742,대한민국,짧은가시거미불가사리,Ophiuroidea > Amphilepidida > Ophiotrichidae > Ophiothrix > Ophiothrix > Ophiothrix (Ophiothrix) exigua,35.628166,대한민국 전라북도 부안군 변산면 격포해수욕장,2021-03-16,Ophiothrix (Ophiothrix) exigua,서해
125.620255,대한민국,짧은가시거미불가사리,Ophiuroidea > Amphilepidida > Ophiotrichidae > Ophiothrix > Ophiothrix > Ophiothrix (Ophiothrix) exigua,37.281666,대한민국 인천광역시,2021-04-21,Ophiothrix (Ophiothrix) exigua,서해
126.200272,대한민국,오모리작은노벌레,Copepoda > Calanoida > Acartiidae > Acartia > Acartiura > Acartia (Acartiura) omorii,35.441086,대한민국 전라북도 고창군,2011-02-22,Acartia (Acartiura) omorii,서해
126.442780,대한민국,,Pseudomonadota > Gammaproteobacteria > Cellvibrionales > Microbulbiferaceae > Microbulbifer > Microbulbifer variabilis,37.270000,대한민국 인천광역시 옹진군,2003-03-20,Microbulbifer variabilis,서해
128.810745,대한민국,각시노벌레,Sinocalanus tenellus,37.910934,대한민국 강원도 강릉시,2011-09-20,Sinocalanus tenellus,동해중부
128.809631,대한민국,각시노벌레,Sinocalanus tenellus,37.912373,대한민국 강원도 강릉시,2011-09-05,Sinocalanus tenellus,동해중부
126.289619,대한민국,세로줄조개사돈,Terebratulidae > Coptothyris > Coptothyris grayi,33.957348,대한민국 제주특별자치도 제주시 추자면,2017-09-13,Coptothyris grayi,남해서부
126.897514,대한민국,홍작은노벌레,Copepoda > Calanoida > Acartiidae > Acartia > Acartiura > Acartia (Acartiura) hongi,36.903534,대한민국 충청남도 아산시,2010-10-02,Acartia (Acartiura) hongi,서해
126.776634,대한민국,긴발딱총새우,Pleocyemata > Caridea > Alpheoidea > Alpheidae > Alpheus > Alpheus japonicus,34.598351,대한민국 전라남도 강진군,2012-09-24,Alpheus japonicus,남해서부
126.347244,대한민국,붉은줄참새우,Pleocyemata > Caridea > Palaemonoidea > Palaemonidae > Palaemon > Palaemon macrodactylus,35.154564,대한민국 전라남도 무안군 해제면 도리포항,2021-03-18,Palaemon macrodactylus,서해
126.468742,대한민국,민꽃게,Thalamitinae > Charybdis > Charybdis > Charybdis (Charybdis) japonica,35.628166,대한민국 전라북도 부안군 백산면 격포해수욕장,2021-03-16,Charybdis (Charybdis) japonica,서해
129.017212,대한민국,,Tigriopus koreanus,35.073887,대한민국 부산광역시 서구 송도해수욕장,2019-04-10,Tigriopus koreanus,남해동부
125.982857,대한민국,,Watersiporidae > Watersipora > Watersipora subatra,36.118370,대한민국 전라북도 군산시 옥도면 어청도,2021-04-23,Watersipora subatra,서해
126.317825,대한민국,작은구슬산호말,Rhodophyta > Florideophyceae > Corallinales > Corallinaceae > Corallina > Corallina pilulifera,33.929787,대한민국 제주특별자치도 제주시 추자면,2013-04-04,Corallina pilulifera,남해서부
129.353821,대한민국,살시빗살거미불가사리,Ophiuroidea > Ophiurida > Ophiuridae > Ophiura > Ophiura sarsii,37.216194,대한민국 강원도 삼척시 원덕읍,2012-12-23,Ophiura sarsii,동해중부
127.984962,대한민국,,Sarsamphiascus titoi,34.715805,대한민국 경상남도 남해군 상주면 금전항,2018-03-28,Sarsamphiascus titoi,남해동부
126.701500,대한민국,가시파래,Ulvophyceae > Ulvales > Ulvaceae > Ulva > Ulva prolifera,34.296329,대한민국 전라남도 완도군 완도읍,2014-03-03,Ulva prolifera,남해서부
129.474625,대한민국,한뿔두드럭게,Pyromaia tuberculata,36.725197,대한민국 경상북도 울진군 평해읍 직산항,2024-04-23,Pyromaia tuberculata,동해중부
126.054771,대한민국,참산호말,Rhodophyta > Florideophyceae > Corallinales > Corallinaceae > Corallina > Corallina officinalis,36.222843,대한민국 충청남도 보령시 오천면,2013-07-29,Corallina officinalis,서해
129.491699,대한민국,잎파래,Ulvophyceae > Ulvales > Ulvaceae > Ulva > Ulva linza,36.018192,대한민국 경상북도 포항시 남구 동해면,2015-04-21,Ulva linza,동해남부
126.563171,대한민국,갈색대마디말,Ulvophyceae > Cladophorales > Cladophoraceae > Cladophora > Cladophora wrightiana var. minor,33.226051,대한민국 제주특별자치도 서귀포시,2014-08-30,Cladophora wrightiana var. minor,남해서부
128.911804,대한민국,애기털보부채게,Pleocyemata > Brachyura > Pilumnoidea > Pilumnidae > Pilumninae > Pilumnus > Pilumnus minutus,37.809944,대한민국 강원도 강릉시 안현동 십리바위,2024-07-18,Pilumnus minutus,동해중부
126.601555,대한민국,잎파래,Ulvophyceae > Ulvales > Ulvaceae > Ulva > Ulva linza,35.990948,대한민국 충청남도 서천군 장항읍 유부도 남쪽,2024-04-09,Ulva linza,서해
128.969284,대한민국,상어껍질별벌레,Sipuncula > Phascolosomatidea > Phascolosomatida > Phascolosomatidae > Phascolosoma > Phascolosoma > Phascolosoma (Phascolosoma) scolops,34.933971,대한민국 부산광역시 사하구,2017-09-28,Phascolosoma (Phascolosoma) scolops,남해동부
126.157143,대한민국,꽃부채게,Xanthoidea > Xanthidae > Xanthinae > Macromedaeus > Macromedaeus distinguendus,36.829445,대한민국 충청남도 태안군 소원면 의항해수욕장,2021-05-11,Macromedaeus distinguendus,서해
129.475510,대한민국,지네지누아리,Rhodophyta > Florideophyceae > Halymeniales > Halymeniaceae > Grateloupia > Grateloupia asiatica,36.709694,대한민국 경상북도 울진군 평해읍,2017-04-05,Grateloupia asiatica,동해중부
126.378883,대한민국,두가시걸쇠뿔노벌레,Pontellidae > Labidocera > Labidocera rotunda,35.770287,대한민국 전라북도 군산시,2011-05-18,Labidocera rotunda,서해
126.442780,대한민국,,Priestia megaterium,37.270000,대한민국 인천광역시 옹진군,2003-03-20,Priestia megaterium,서해
126.448708,대한민국,두가시걸쇠뿔노벌레,Pontellidae > Labidocera > Labidocera rotunda,35.803493,대한민국 전라북도 군산시,2011-05-18,Labidocera rotunda,서해
126.442780,대한민국,,Priestia megaterium,37.270000,대한민국 인천광역시 옹진군,2003-03-20,Priestia megaterium,서해
128.895493,대한민국,각시노벌레,Sinocalanus tenellus,35.109184,대한민국 부산광역시,2011-09-27,Sinocalanus tenellus,남해동부
128.809631,대한민국,각시노벌레,Sinocalanus tenellus,37.912373,대한민국 강원도 강릉시,2011-10-14,Sinocalanus tenellus,동해중부
128.551315,대한민국,진흙새우,Pleocyemata > Caridea > Crangonoidea > Crangonidae > Argis > Argis lar,38.423447,대한민국 동해 #55-1,2024-08-19,Argis lar,동해중부
126.157143,대한민국,꽃부채게,Xanthoidea > Xanthidae > Xanthinae > Macromedaeus > Macromedaeus distinguendus,36.829445,대한민국 충청남도 태안군 소원면 의항해수욕장,2021-05-11,Macromedaeus distinguendus,서해
129.568665,대한민국,끄덕새우,Rhynchocinetidae > Rhynchocinetes > Rhynchocinetes uritai,35.997890,대한민국 경상북도 포항시 남구 구룡포읍 구룡포항,2024-04-24,Rhynchocinetes uritai,동해남부
129.494705,대한민국,뾰족걸쇠뿔노벌레,Pontellidae > Labidocera > Labidocera acuta,35.633911,대한민국 경상북도 경주시,2010-08-21,Labidocera acuta,동해남부
127.739716,대한민국,,Pseudalkalibacillus hwajinpoensis,34.946945,대한민국 전라남도 광양시 태인동,1994-06-15,Pseudalkalibacillus hwajinpoensis,남해서부
126.738632,대한민국,부채새우,Scyllaridae > Ibacinae > Ibacus > Ibacus ciliatus,32.595139,대한민국 제주근해 #243-8,2024-08-11,Ibacus ciliatus,남해서부
126.876366,대한민국,두드럭게,Pleocyemata > Brachyura > Majoidea > Majidae > Majinae > Leptomithrax > Leptomithrax edwardsii,32.676418,대한민국 제주근해 #243-6,2024-08-11,Leptomithrax edwardsii,남해서부
128.059723,대한민국,두드러기부채게,Xanthoidea > Xanthidae > Euxanthinae > Medaeops > Medaeops granulosus,34.682777,대한민국 경상남도 남해군 미조면 고도,2024-05-29,Medaeops granulosus,남해동부
125.325500,대한민국,긴집게발게,Pleocyemata > Brachyura > Majoidea > Oregoniidae > Oregoniinae > Oregonia > Oregonia gracilis,34.801334,대한민국 서해,2013-10-14,Oregonia gracilis,서해
126.413361,대한민국,,Protista > Bacillariophyta > Mediophyceae > Chaetocerotales > Chaetocerotaceae > Chaetoceros > Chaetoceros didymus,34.783993,대한민국 전라북도 군산시,2010-08-26,Chaetoceros didymus,남해서부
126.250275,대한민국,줄무늬갯고사리,Echinodermata > Crinoidea > Comatulida > Colobometridae > Cyllometra > Cyllometra manca,33.214710,대한민국 제주특별자치도 서귀포시 대정읍,2017-07-12,Cyllometra manca,남해서부
126.042252,대한민국,위볼록배검물벼룩,Oncaeidae > Oncaea > Oncaea venusta venusta,34.347382,대한민국 전라남도 진도군,2011-05-15,Oncaea venusta venusta,남해서부
129.376053,대한민국,작은구슬산호말,Rhodophyta > Florideophyceae > Corallinales > Corallinaceae > Corallina > Corallina pilulifera,37.113770,대한민국 경상북도 울진군 북면,2014-02-25,Corallina pilulifera,동해중부
126.748451,대한민국,,Stephanodiscales > Stephanodiscaceae > Cyclotella > Cyclotella litoralis,37.007271,대한민국 경기도 평택시,2010-08-28,Cyclotella litoralis,서해
129.422882,대한민국,보통주정노벌레,Undinula vulgaris,37.096100,대한민국 경상북도 울진군,2011-09-28,Undinula vulgaris,동해중부
129.454224,대한민국,보통주정노벌레,Undinula vulgaris,37.089924,대한민국 경상북도 울진군,2011-09-28,Undinula vulgaris,동해중부
129.444031,대한민국,보통주정노벌레,Undinula vulgaris,37.090122,대한민국 경상북도 울진군,2011-09-28,Undinula vulgaris,동해중부
126.384613,대한민국,,Stephanopyxis palmeriana,34.777924,대한민국 전라남도 목포시,2010-08-26,Stephanopyxis palmeriana,남해서부
129.376053,대한민국,작은구슬산호말,Rhodophyta > Florideophyceae > Corallinales > Corallinaceae > Corallina > Corallina pilulifera,37.113770,대한민국 경상북도 울진군 북면,2014-02-25,Corallina pilulifera,동해중부
129.455627,대한민국,,Protista > Bacillariophyta > Mediophyceae > Hemiaulales > Hemiaulaceae > Hemiaulus > Hemiaulus chinensis,36.680836,대한민국 경상북도 울진군 후포면 후포리,2012-09-05,Hemiaulus chinensis,동해중부
125.982857,대한민국,,Watersiporidae > Watersipora > Watersipora subatra,36.118370,대한민국 전라북도 군산시 옥도면 어청도,2021-04-23,Watersipora subatra,서해
129.570419,대한민국,작은구슬산호말,Rhodophyta > Florideophyceae > Corallinales > Corallinaceae > Corallina > Corallina pilulifera,36.077202,대한민국 경상북도 포항시 남구 호미곶면,2013-10-12,Corallina pilulifera,동해남부
126.411781,대한민국,주름가시돌잎,Spongitaceae > Neogoniolithon > Neogoniolithon setchellii,33.490807,대한민국 제주특별자치도 제주시 애월읍,2013-04-11,Neogoniolithon setchellii,남해서부
126.169395,대한민국,수정긴털용선충,Prochaetosoma sujungi,33.344032,대한민국 제주특별자치도 제주시 한경면 조간대,2015-05-21,Prochaetosoma sujungi,남해서부
127.663612,대한민국,,Pseudomonadota > Gammaproteobacteria > Oceanospirillales > Halomonadaceae > Cobetia > Cobetia amphilecti,34.755833,대한민국 전라남도 여수시 시전동,2002-03-08,Cobetia amphilecti,남해서부
128.770782,대한민국,윌슨낫벌레,Ergasilus wilsoni,37.950607,대한민국 강원도 양양군 현남면 전포매리,2012-05-02,Ergasilus wilsoni,동해중부
129.437378,대한민국,별불가사리,Valvatida > Asterinidae > Patiria > Patiria pectinifera,37.059025,대한민국 경상북도 울진군 죽변면,2013-11-13,Patiria pectinifera,동해중부
129.317657,대한민국,마디잘록이,Rhodymeniales > Lomentariaceae > Fushitsunagia > Fushitsunagia catenata,37.290668,대한민국 강원도 삼척시 근덕면,2017-10-17,Fushitsunagia catenata,동해중부
126.544601,대한민국,나무꼴애기산호말,Rhodophyta > Florideophyceae > Corallinales > Corallinaceae > Jania > Jania arborescens,33.238876,대한민국 제주특별자치도 서귀포시,2013-07-12,Jania arborescens,남해서부
126.369797,대한민국,게가재,Pleocyemata > Anomura > Hippoidea > Blepharipodidae > Blepharipoda > Blepharipoda liberata,36.265800,대한민국 충청남도 보령시 웅천읍 용섬,2021-05-12,Blepharipoda liberata,서해
126.369797,대한민국,게가재,Pleocyemata > Anomura > Hippoidea > Blepharipodidae > Blepharipoda > Blepharipoda liberata,36.265800,대한민국 충청남도 보령시 웅천읍 용섬,2021-05-12,Blepharipoda liberata,서해
126.308029,대한민국,,Pleosporales > Didymellaceae > Epicoccum > Epicoccum nigrum,35.066971,대한민국 전라남도 무안군 해제면,2014-03-15,Epicoccum nigrum,서해
129.317657,대한민국,잔가시모자반,Sargassum micracanthum,37.290668,대한민국 강원도 삼척시 근덕면,2017-10-17,Sargassum micracanthum,동해중부
126.178192,대한민국,태평작은노벌레,Odontacartia > Acartia (Odontacartia) pacifica,36.850792,대한민국 충청남도 태안군,2011-08-30,Acartia (Odontacartia) pacifica,서해
126.265617,대한민국,태평작은노벌레,Odontacartia > Acartia (Odontacartia) pacifica,37.642384,대한민국 인천광역시 강화군,2011-07-01,Acartia (Odontacartia) pacifica,서해
126.351898,대한민국,태평작은노벌레,Odontacartia > Acartia (Odontacartia) pacifica,37.635868,대한민국 인천광역시 강화군,2011-07-01,Acartia (Odontacartia) pacifica,서해
128.854401,대한민국,,Fungi > Ascomycota > Eurotiomycetes > Eurotiales > Aspergillaceae > Aspergillus > Aspergillus luchuensis,37.858555,대한민국 강원도 강릉시 연곡면 연곡면,2016-08-02,Aspergillus luchuensis,동해중부
127.739716,대한민국,,Caryophanales > Bacillaceae > Bacillus > Bacillus mobilis,34.946945,대한민국 전라남도 광양시 태인동,2002-03-08,Bacillus mobilis,남해서부
127.767227,대한민국,,Penicillium citrinum,34.818890,대한민국 전라남도 여수시,2014-03-15,Penicillium citrinum,남해서부
127.767227,대한민국,,Penicillium citrinum,34.818890,대한민국 전라남도 여수시,2014-03-15,Penicillium citrinum,남해서부
127.739716,대한민국,,Stappiaceae > Roseibium > Roseibium aggregatum,34.946945,대한민국 전라남도 광양시 태인동,2002-03-08,Roseibium aggregatum,남해서부
129.376129,대한민국,뚱뚱이짚신고둥,Mollusca > Gastropoda > Littorinimorpha > Calyptraeidae > Crepidula > Crepidula onyx,37.113205,대한민국 경상북도 울진군 북면 석호항,2024-04-22,Crepidula onyx,동해중부
127.663612,대한민국,,Rossellomorea aquimaris,34.755833,대한민국 전라남도 여수시 시전동,2002-03-08,Rossellomorea aquimaris,남해서부
127.663612,대한민국,,Caryophanales > Bacillaceae > Bacillus > Bacillus altitudinis,34.755833,대한민국 전라남도 여수시 시전동,2002-03-08,Bacillus altitudinis,남해서부
129.634888,대한민국,뾰족걸쇠뿔노벌레,Pontellidae > Labidocera > Labidocera acuta,35.870552,대한민국 경상북도 경주시,2010-08-21,Labidocera acuta,동해남부
126.235039,대한민국,참갈고리풀,Rhodophyta > Florideophyceae > Bonnemaisoniales > Bonnemaisoniaceae > Bonnemaisonia > Bonnemaisonia hamifera,33.391674,대한민국 제주특별자치도 제주시 한림읍 협재,2024-03-11,Bonnemaisonia hamifera,남해서부
129.583878,대한민국,작은꼬마긴눈집게,Pleocyemata > Anomura > Paguroidea > Diogenidae > Areopaguristes > Areopaguristes japonicus,36.001110,대한민국 경상북도 포항시 남구 구룡포읍 삼정,2024-06-13,Areopaguristes japonicus,동해남부
126.597374,대한민국,해면살이새우,Thaumastocaris streptopus,33.231808,대한민국 제주근해 섶섬,2023-11-23,Thaumastocaris streptopus,남해서부
126.442780,대한민국,,Halobacillus dabanensis,37.270000,대한민국 인천광역시 옹진군,2003-03-10,Halobacillus dabanensis,서해
126.527000,대한민국,,Protista > Bacillariophyta > Bacillariophyceae > Naviculales > Naviculaceae > Caloneis > Caloneis crassa,36.221111,대한민국 충청남도 보령시 웅천읍,2021-04-13,Caloneis crassa,서해
126.469131,대한민국,,Watersiporidae > Watersipora > Watersipora subatra,35.622414,대한민국 전라북도 부안군 변산면 격포항,2021-04-29,Watersipora subatra,서해
126.515831,대한민국,긴자루구슬모자반,Sargassum yendoi,33.215557,대한민국 제주특별자치도 서귀포시,2011-07-11,Sargassum yendoi,남해서부
129.484726,대한민국,미더덕,Styelidae > Styela > Styela clava,36.691391,대한민국 경상북도 울진군 평해읍 냉동선,2024-06-12,Styela clava,동해중부
126.442780,대한민국,,Stappiaceae > Pseudovibrio > Pseudovibrio ascidiaceicola,37.270000,대한민국 인천광역시 옹진군,2003-03-10,Pseudovibrio ascidiaceicola,서해
125.861664,대한민국,남일본곤쟁이,Orientomysis okayamaensis,36.665558,대한민국 충청남도 태안군 근흥면 궁시도,2021-04-27,Orientomysis okayamaensis,서해
126.371391,대한민국,,Timarete posteria,37.447308,대한민국 인천광역시 중구,2021-04-15,Timarete posteria,서해
126.371391,대한민국,우산석회관갯지렁이,Serpulidae > Hydroides > Hydroides ezoensis,37.447308,대한민국 인천광역시 중구,2021-04-15,Hydroides ezoensis,서해
126.359024,대한민국,빛꽃갯지렁이,Sabellidae > Chone > Chone infundibuliformis,36.422085,대한민국 충청남도 태안군 고남면,2021-09-09,Chone infundibuliformis,서해
129.051727,대한민국,,Trichobranchidae > Terebellides > Terebellides horikoshii,37.708000,대한민국 강원도,2014-02-01,Terebellides horikoshii,동해중부
127.739716,대한민국,,Planococcus okeanokoites,34.946945,대한민국 전라남도 광양시 태인동,2002-03-08,Planococcus okeanokoites,남해서부
127.739716,대한민국,,Caryophanales > Bacillaceae > Bacillus > Bacillus safensis subsp. safensis,34.946945,대한민국 전라남도 광양시 태인동,2002-03-08,Bacillus safensis subsp. safensis,남해서부
129.421432,대한민국,물메기,Teleostei > Scorpaeniformes > Liparidae > Liparis > Liparis tessellatus,37.055897,대한민국 경상북도 울진군,2016-08-20,Liparis tessellatus,동해중부
128.951157,대한민국,톱날입진짜종소모충,Tintinnidae > Eutintinnus > Eutintinnus rectus,37.772167,대한민국 강원도 강릉시 강릉항,2017-04-28,Eutintinnus rectus,동해중부
128.951157,대한민국,민부풀음벌집소모충,Tintinnida > Ptychocylididae > Favella > Favella ehrenbergii,37.772167,대한민국 강원도 강릉시 강릉항,2017-06-15,Favella ehrenbergii,동해중부
128.951157,대한민국,민부풀음벌집소모충,Tintinnida > Ptychocylididae > Favella > Favella ehrenbergii,37.772167,대한민국 강원도 강릉시 강릉항,2017-06-15,Favella ehrenbergii,동해중부
126.363945,대한민국,조개치레,Pleocyemata > Brachyura > Dorippoidea > Dorippidae > Heikeopsis > Heikeopsis japonica,36.240612,대한민국 충청남도 보령시 오천면 용섬,2021-09-10,Heikeopsis japonica,서해
125.984566,대한민국,,Nematoda > Enoplea > Enoplida > Anticomidae > Anticoma > Anticoma elegans,36.121372,대한민국 전라북도 군산시 옥도면 조간대,2016-03-31,Anticoma elegans,서해
127.739716,대한민국,,Rossellomorea marisflavi,34.946945,대한민국 전라남도 광양시 태인동,2002-03-08,Rossellomorea marisflavi,남해서부
127.908081,대한민국,구멍갈파래,Ulvophyceae > Ulvales > Ulvaceae > Ulva > Ulva australis,34.750305,대한민국 경상남도 남해군 남면,2015-03-20,Ulva australis,남해동부
126.606094,대한민국,곰소검물벼룩붙이,Hemicyclops gomsoensis,37.229294,대한민국 경기도 안산시,2012-05-17,Hemicyclops gomsoensis,서해
128.953064,대한민국,,Serpulidae > Ficopomatus > Ficopomatus enigmaticus,35.105145,대한민국 부산광역시 사하구,2014-05-22,Ficopomatus enigmaticus,남해동부
127.739716,대한민국,,Micrococcales > Microbacteriaceae > Microbacterium > Microbacterium esteraromaticum,34.946945,대한민국 전라남도 광양시 태인동,2002-03-08,Microbacterium esteraromaticum,남해서부
127.739716,대한민국,,Pseudomonadota > Gammaproteobacteria > Oceanospirillales > Halomonadaceae > Halomonas > Halomonas alkaliantarctica,34.946945,대한민국 전라남도 광양시 태인동,2002-03-08,Halomonas alkaliantarctica,남해서부
126.701500,대한민국,모란갈파래,Ulvophyceae > Ulvales > Ulvaceae > Ulva > Ulva conglobata,34.296329,대한민국 전라남도 완도군 완도읍,2014-03-03,Ulva conglobata,남해서부
126.922180,대한민국,헐렁대마디말,Ulvophyceae > Cladophorales > Cladophoraceae > Cladophora > Cladophora hutchinsioides,34.392895,대한민국 전라남도 완도군 약산면,2015-07-20,Cladophora hutchinsioides,남해서부
126.606094,대한민국,곰소검물벼룩붙이,Hemicyclops gomsoensis,37.229294,대한민국 경기도 안산시,2012-05-17,Hemicyclops gomsoensis,서해
130.933533,대한민국,,Polychaeta > Not assigned > Paraonidae > Aricidea > Acmira > Aricidea (Acmira) catherinae,37.536465,대한민국 경상북도 울릉군 울릉읍,2013-05-13,Aricidea (Acmira) catherinae,동해중부
126.265778,대한민국,낫대마디말,Ulvophyceae > Cladophorales > Cladophoraceae > Lychaete > Lychaete dotyana,33.115665,대한민국 제주특별자치도 서귀포시 대정읍,2014-07-29,Lychaete dotyana,남해서부
126.224174,대한민국,가는잎송진내,Rhodophyta > Florideophyceae > Gigartinales > Rhizophyllidaceae > Portieria > Portieria hornemannii,33.419659,대한민국 제주특별자치도 제주시 한림읍,2018-10-16,Portieria hornemannii,남해서부
126.545944,대한민국,털보꼬마풀게,Varunidae > Hemigrapsus > Hemigrapsus sinensis,35.586128,대한민국 전라북도 부안군 진서면,2021-03-15,Hemigrapsus sinensis,서해
126.447098,대한민국,애기가시덤불,Rhodophyta > Florideophyceae > Gigartinales > Caulacanthaceae > Caulacanthus > Caulacanthus okamurae,35.810745,대한민국 전라북도 군산시 옥도면,2021-02-16,Caulacanthus okamurae,서해
126.117111,대한민국,세줄고리버들갯지렁이,Polychaeta > Not assigned > Capitellidae > Heteromastus > Heteromastus koreanus,35.141808,대한민국 전라남도 신안군 임자면,2021-07-22,Heteromastus koreanus,서해
129.377319,대한민국,긴까막살,Rhodophyta > Florideophyceae > Halymeniales > Halymeniaceae > Grateloupia > Grateloupia elata,36.270683,대한민국 경상북도 영덕군 남정면,2018-07-11,Grateloupia elata,동해남부
126.470833,대한민국,옴부채게,Xanthoidea > Xanthidae > Actaeinae > Actaea > Actaea semblatae,33.513054,대한민국 제주특별자치도 제주시 풋섬여,2024-07-23,Actaea semblatae,남해서부
126.260376,대한민국,유착깃해면,Porifera > Demospongiae > Poecilosclerida > Mycalidae > Mycale > Mycale nullarosette,33.203468,대한민국 제주특별자치도 서귀포시 대정읍,2018-08-01,Mycale nullarosette,남해서부
126.235039,대한민국,애기마디잘록이,Yendoa hakodatensis,33.391674,대한민국 제주특별자치도 제주시 한림읍 협재,2024-03-11,Yendoa hakodatensis,남해서부
126.235039,대한민국,갈색대마디말,Ulvophyceae > Cladophorales > Cladophoraceae > Cladophora > Cladophora wrightiana var. minor,33.391674,대한민국 제주특별자치도 제주시 한림읍 협재,2024-03-11,Cladophora wrightiana var. minor,남해서부
126.474190,대한민국,,Rhaphoneidales > Asterionellopsidaceae > Asterionellopsis > Asterionellopsis glacialis,35.823360,대한민국 전라북도 군산시 옥도면,2021-06-01,Asterionellopsis glacialis,서해
129.473663,대한민국,왜좁쌀무늬고둥,Neogastropoda > Nassariidae > Nassarius > Nassarius multigranosus,36.724396,대한민국 경상북도 울진군 평해읍 직산항 주변,2024-04-23,Nassarius multigranosus,동해중부
129.395996,대한민국,뿔두드럭고둥,Reishia luteostoma,36.143250,대한민국 경상북도 포항시 북구 흥해읍 칠포항 주변,2024-04-24,Reishia luteostoma,동해남부
129.384491,대한민국,그물바구니,Scytosiphonaceae > Hydroclathrus > Hydroclathrus clathratus,36.212204,대한민국 경상북도 포항시 북구 청하면 방어리,2024-02-15,Hydroclathrus clathratus,동해남부
128.035065,대한민국,지충이,Sargassum thunbergii,34.730740,대한민국 경상남도 남해군 미조면 초전몽돌해변,2024-02-13,Sargassum thunbergii,남해동부
129.469711,대한민국,털보긴눈집게,Pleocyemata > Anomura > Paguroidea > Diogenidae > Paguristes > Paguristes ortmanni,36.759998,대한민국 경상북도 울진군 기성면 구산항,2024-04-24,Paguristes ortmanni,동해중부
128.084442,대한민국,띠매끈발갯고사리,Zygometridae > Catoptometra > Catoptometra rubroflava,34.499443,대한민국 경상남도 남해군 상주면 세존도 ST.1,2024-05-30,Catoptometra rubroflava,남해동부
129.428146,대한민국,녹색불꽃부채발갯지렁이,Polychaeta > Phyllodocida > Phyllodocidae > Eulalia > Eulalia viridis,37.054958,대한민국 경상북도 울진군 죽변면,2013-08-08,Eulalia viridis,동해중부
128.912491,대한민국,눈전구섬모충,Protista > Ciliophora > Oligohymenophorea > Peniculida > Frontoniidae > Frontonia > Frontonia ocularis,37.797501,대한민국 강원도 강릉시 강문교,2021-06-28,Frontonia ocularis,동해중부
126.526390,대한민국,농게,Tubuca arcuata,37.646946,대한민국 인천광역시 강화군 불은면 강화도,2021-08-24,Tubuca arcuata,서해
128.716827,대한민국,,Travisiidae > Travisia > Travisia forbesii,38.129749,대한민국 강원도 양양군 손양면,2013-09-01,Travisia forbesii,동해중부
131.867783,대한민국,,Oncholaimus tripapillatus,37.239166,대한민국 경상북도 울릉군 울릉읍 조하대,2015-09-22,Oncholaimus tripapillatus,동해중부
126.779396,대한민국,네모부채발갯지렁이,Polychaeta > Phyllodocida > Phyllodocidae > Phyllodoce > Phyllodoce maculata,36.987152,대한민국 충청남도 당진시 송악읍,2012-11-28,Phyllodoce maculata,서해
126.576385,대한민국,고리사슴갯지렁이,Terebellida > Ampharetidae > Amphisamytha > Amphisamytha japonica,37.372776,대한민국 인천광역시 연수구,2010-11-18,Amphisamytha japonica,서해
126.664146,대한민국,가는버들갯지렁이,Polychaeta > Not assigned > Capitellidae > Notomastus > Notomastus latericeus,36.019394,대한민국 충청남도 서천군 장항읍,2014-09-15,Notomastus latericeus,서해
128.953064,대한민국,,Serpulidae > Ficopomatus > Ficopomatus enigmaticus,35.105145,대한민국 부산광역시 사하구,2014-05-22,Ficopomatus enigmaticus,남해동부
126.595680,대한민국,두갈래별난가시갯지렁이,Polychaeta > Not assigned > Paraonidae > Cirrophorus > Cirrophorus furcatus,35.984344,대한민국 전라북도 군산시,2011-07-21,Cirrophorus furcatus,서해
126.041977,대한민국,큰가위손육질꼬리옆새우붙이,Malacostraca > Amphipoda > Ischyroceridae > Jassa > Jassa marmorata,34.911591,대한민국 전라남도 신안군 자은면 고장리,2012-06-04,Jassa marmorata,서해
126.631958,대한민국,,Polychaeta > Phyllodocida > Nereididae > Perinereis > Perinereis aibuhitensis,36.090584,대한민국 충청남도 서천군 종천면,2012-06-27,Perinereis aibuhitensis,서해
128.675888,대한민국,네모부채발갯지렁이,Polychaeta > Phyllodocida > Phyllodocidae > Phyllodoce > Phyllodoce maculata,38.078949,대한민국 강원도 양양군 손양면,2012-03-22,Phyllodoce maculata,동해중부
126.402000,대한민국,짧막뾰족입짠물응애,Trombidiformes > Halacaridae > Copidognathus > Copidognathus curtus,35.828949,대한민국 전라북도 군산시 옥도면 몽돌해수욕장,2020-11-15,Copidognathus curtus,서해
126.544601,대한민국,낭과쩍,Rhodophyta > Florideophyceae > Hapalidiales > Hapalidiaceae > Orthocarpa > Orthocarpa chejuense,33.238876,대한민국 제주특별자치도 서귀포시,2013-07-12,Orthocarpa chejuense,남해서부
126.447098,대한민국,방사무늬돌김,Rhodophyta > Bangiophyceae > Bangiales > Bangiaceae > Pyropia > Pyropia yezoensis,35.810745,대한민국 전라북도 군산시 옥도면,2021-02-16,Pyropia yezoensis,서해
126.344917,대한민국,낭과쩍,Rhodophyta > Florideophyceae > Hapalidiales > Hapalidiaceae > Orthocarpa > Orthocarpa chejuense,33.954010,대한민국 제주특별자치도 제주시 추자면,2013-04-04,Orthocarpa chejuense,남해서부
126.545944,대한민국,사각게,Sesarmidae > Parasesarma > Parasesarma pictum,35.586128,대한민국 전라북도 부안군 진서면,2021-03-15,Parasesarma pictum,서해
126.371391,대한민국,노란솜털갯지렁이,Polychaeta > Eunicida > Eunicidae > Lysidice > Lysidice collaris,37.447308,대한민국 인천광역시 중구,2021-04-14,Lysidice collaris,서해
126.556908,대한민국,긴다리송곳갯지렁이,Polychaeta > Eunicida > Lumbrineridae > Kuwaita > Kuwaita heteropoda,35.549728,대한민국 전라북도 고창군 심원면,2012-06-26,Kuwaita heteropoda,서해
126.432434,대한민국,긴자락송곳갯지렁이,Polychaeta > Eunicida > Lumbrineridae > Lumbrineris > Lumbrineris longifolia,36.481354,대한민국 충청남도 홍성군,2012-05-10,Lumbrineris longifolia,서해
126.142738,대한민국,갈고리석회관갯지렁이,Serpulidae > Hydroides > Hydroides uncinata,36.795723,대한민국 충청남도 태안군 소원면,2013-05-09,Hydroides uncinata,서해
126.501724,대한민국,긴까막살,Rhodophyta > Florideophyceae > Halymeniales > Halymeniaceae > Grateloupia > Grateloupia elata,37.258335,대한민국 인천광역시 옹진군 영흥면,2019-09-03,Grateloupia elata,서해
126.767563,대한민국,긴털바퀴실타래갯지렁이,Terebellida > Cirratulidae > Chaetozone > Chaetozone spinosa,34.474487,대한민국 전라남도 강진군 도암면,2013-06-20,Chaetozone spinosa,남해서부
126.341599,대한민국,,Protodorvillea biarticulata,36.916695,대한민국 충청남도 서산시 팔봉면,2012-11-01,Protodorvillea biarticulata,서해
126.567780,대한민국,길쭉둥근울타리갯지렁이,Sabellida > Sabellariidae > Sabellaria > Sabellaria ishikawai,37.366386,대한민국 인천광역시 중구,2015-02-01,Sabellaria ishikawai,서해
127.908081,대한민국,납작파래,Ulvophyceae > Ulvales > Ulvaceae > Ulva > Ulva compressa,34.750305,대한민국 경상남도 남해군 남면,2015-03-20,Ulva compressa,남해동부
126.465248,대한민국,금발대마디말,Ulvophyceae > Cladophorales > Cladophoraceae > Cladophora > Cladophora vadorum,35.641190,대한민국 전라북도 부안군 변산면,2015-09-24,Cladophora vadorum,서해
126.616417,대한민국,갈색대마디말,Ulvophyceae > Cladophorales > Cladophoraceae > Cladophora > Cladophora wrightiana var. minor,33.537579,대한민국 제주특별자치도 제주시 조천읍,2015-07-07,Cladophora wrightiana var. minor,남해서부
129.544861,대한민국,염주말,Ulvophyceae > Cladophorales > Cladophoraceae > Chaetomorpha > Chaetomorpha moniligera,36.076527,대한민국 경상북도 포항시 남구 호미곶면,2016-01-10,Chaetomorpha moniligera,동해남부
126.567780,대한민국,길쭉둥근울타리갯지렁이,Sabellida > Sabellariidae > Sabellaria > Sabellaria ishikawai,37.366386,대한민국 인천광역시 중구,2015-02-01,Sabellaria ishikawai,서해
126.599724,대한민국,홈울타리갯지렁이,Sabellida > Sabellariidae > Lygdamis > Lygdamis giardi,37.318054,대한민국 인천광역시 연수구,2014-11-01,Lygdamis giardi,서해
126.737419,대한민국,줄새우아재비,Pleocyemata > Caridea > Palaemonoidea > Palaemonidae > Palaemon > Palaemon serrifer,36.001957,대한민국 전라북도 군산시 금강하구둑,2021-03-16,Palaemon serrifer,서해
126.347244,대한민국,밀새우,Pleocyemata > Caridea > Palaemonoidea > Palaemonidae > Palaemon > Palaemon carinicauda,35.154564,대한민국 전라남도 무안군 해제면 도리포항,2021-03-18,Palaemon carinicauda,서해
127.507225,대한민국,,Rossellomorea vietnamensis,34.073608,대한민국 남해,2003-07-20,Rossellomorea vietnamensis,남해서부
126.361076,대한민국,민구더기갯지렁이,Scalibregmatidae > Hyboscolex > Hyboscolex pacificus borealis,36.406651,대한민국 충청남도 보령시 오천면,2008-09-01,Hyboscolex pacificus borealis,서해
126.601166,대한민국,,Ploettnerulaceae > Cadophora > Cadophora luteo-olivacea,35.593082,대한민국 전라북도 부안군 진서면,2014-03-15,Cadophora luteo-olivacea,서해
127.507225,대한민국,,Staphylococcus warneri,34.073608,대한민국 남해,2002-07-20,Staphylococcus warneri,남해서부
126.505058,대한민국,숨은이끼벌레,Gymnolaemata > Cheilostomatida > Cryptosulidae > Cryptosula > Cryptosula pallasiana,36.129276,대한민국 충청남도 서천군 서면,2021-04-13,Cryptosula pallasiana,서해
127.507225,대한민국,,Pseudomonadota > Gammaproteobacteria > Alteromonadales > Pseudoalteromonadaceae > Pseudoalteromonas > Pseudoalteromonas shioyasakiensis,34.073608,대한민국 남해,2003-06-20,Pseudoalteromonas shioyasakiensis,남해서부
127.507225,대한민국,,Vibrionales > Vibrionaceae > Vibrio > Vibrio alginolyticus,34.073608,대한민국 남해,2003-07-22,Vibrio alginolyticus,남해서부
126.389351,대한민국,새조개,Mollusca > Bivalvia > Cardiida > Cardiidae > Fulvia > Fulvia mutica,36.544811,대한민국 충청남도 홍성군 서부면,2021-04-08,Fulvia mutica,서해
127.507225,대한민국,,Vibrionales > Vibrionaceae > Vibrio > Vibrio alginolyticus,34.073608,대한민국 남해,2003-07-20,Vibrio alginolyticus,남해서부
126.433052,대한민국,알통게붙이,Porcellanidae > Pisidia > Pisidia serratifrons,36.360832,대한민국 충청남도 보령시 오천면 원산도해수욕장,2021-05-10,Pisidia serratifrons,서해
126.433052,대한민국,납작게,Varunidae > Gaetice > Gaetice depressus,36.360832,대한민국 충청남도 보령시 오천면 원산도해수욕장,2021-05-10,Gaetice depressus,서해
126.468742,대한민국,꽃부채게,Xanthoidea > Xanthidae > Xanthinae > Macromedaeus > Macromedaeus distinguendus,35.628166,대한민국 전라북도 부안군 백산면 격포해수욕장,2021-03-16,Macromedaeus distinguendus,서해
126.359024,대한민국,고목유령갯지렁이,Terebellidae > Terebella > Terebella ehrenbergi,36.422085,대한민국 충청남도 태안군 고남면,2021-09-09,Terebella ehrenbergi,서해
126.534767,대한민국,,Siphogenerinoididae > Siphogenerina > Siphogenerina raphanus,33.238739,대한민국 제주특별자치도 서귀포시,2020-06-23,Siphogenerina raphanus,남해서부
126.275764,대한민국,,Spionidae > Rhynchospio > Rhynchospio foliosa,34.395763,대한민국 전라남도 고흥군 영남면,2020-05-18,Rhynchospio foliosa,남해서부
127.507225,대한민국,,Pseudomonadota > Gammaproteobacteria > Oceanospirillales > Halomonadaceae > Cobetia > Cobetia amphilecti,34.073608,대한민국 남해,2003-07-22,Cobetia amphilecti,남해서부
126.389351,대한민국,새조개,Mollusca > Bivalvia > Cardiida > Cardiidae > Fulvia > Fulvia mutica,36.544811,대한민국 충청남도 홍성군 서부면,2021-04-08,Fulvia mutica,서해
127.507225,대한민국,,Pseudomonadota > Gammaproteobacteria > Pseudomonadales > Moraxellaceae > Acinetobacter > Acinetobacter venetianus,34.073608,대한민국 남해,2003-07-20,Acinetobacter venetianus,남해서부
127.507225,대한민국,,Micrococcales > Micrococcaceae > Glutamicibacter > Glutamicibacter nicotianae,34.073608,대한민국 남해,2003-07-22,Glutamicibacter nicotianae,남해서부
127.507225,대한민국,,Exiguobacterium mexicanum,34.073608,대한민국 남해,2003-07-22,Exiguobacterium mexicanum,남해서부
127.507225,대한민국,,Pseudomonadota > Gammaproteobacteria > Alteromonadales > Pseudoalteromonadaceae > Pseudoalteromonas > Pseudoalteromonas tetraodonis,34.073608,대한민국 남해,2002-07-22,Pseudoalteromonas tetraodonis,남해서부
129.396469,대한민국,갈퀴낫노벌레,Copepoda > Calanoida > Centropagidae > Centropages > Centropages furcatus,35.124405,대한민국 부산광역시,2011-07-05,Centropages furcatus,동해남부
127.507225,대한민국,,Micrococcales > Micrococcaceae > Glutamicibacter > Glutamicibacter nicotianae,34.073608,대한민국 남해,2003-06-22,Glutamicibacter nicotianae,남해서부
127.507225,대한민국,,Psychrobacter pulmonis,34.073608,대한민국 남해,2003-06-20,Psychrobacter pulmonis,남해서부
127.507225,대한민국,,Flavobacterium aquimarinum,34.073608,대한민국 남해,2003-07-20,Flavobacterium aquimarinum,남해서부
127.507225,대한민국,,Pseudomonadota > Betaproteobacteria > Neisseriales > Neisseriaceae > Prolinoborus > Prolinoborus fasciculus,34.073608,대한민국 남해,2003-07-22,Prolinoborus fasciculus,남해서부
127.507225,대한민국,,Pseudomonadota > Gammaproteobacteria > Oceanospirillales > Halomonadaceae > Cobetia > Cobetia marina,34.073608,대한민국 남해,2003-07-20,Cobetia marina,남해서부
127.507225,대한민국,,Planococcus maritimus,34.073608,대한민국 남해,2003-07-20,Planococcus maritimus,남해서부
127.507225,대한민국,,Pseudomonadota > Gammaproteobacteria > Alteromonadales > Pseudoalteromonadaceae > Pseudoalteromonas > Pseudoalteromonas tetraodonis,34.073608,대한민국 남해,2003-07-20,Pseudoalteromonas tetraodonis,남해서부
126.495010,대한민국,큰가위손육질꼬리옆새우붙이,Malacostraca > Amphipoda > Ischyroceridae > Jassa > Jassa marmorata,34.182068,대한민국 전라남도 완도군 노화읍 방서리,2011-08-13,Jassa marmorata,남해서부
127.507225,대한민국,,Pseudomonadota > Gammaproteobacteria > Oceanospirillales > Halomonadaceae > Cobetia > Cobetia marina,34.073608,대한민국 남해,2003-07-22,Cobetia marina,남해서부
127.507225,대한민국,,Sulfitobacter dubius,34.073608,대한민국 남해,2003-07-22,Sulfitobacter dubius,남해서부
127.470055,대한민국,배무래기,Not assigned > Lottiidae > Nipponacmea > Nipponacmea schrenckii,34.509735,대한민국 전라남도 고흥군 동일면,2020-11-12,Nipponacmea schrenckii,남해서부
126.568672,대한민국,주름방사륵조개,Mollusca > Bivalvia > Carditida > Carditidae > Cardita > Cardita leana,33.225513,대한민국 제주특별자치도 서귀포시,2020-11-11,Cardita leana,남해서부
127.459503,대한민국,세모손해조숨이옆새우,Protohyale > Boreohyale > Protohyale (Boreohyale) triangulata,34.525768,대한민국 전라남도 고흥군 동일면,2020-11-12,Protohyale (Boreohyale) triangulata,남해서부
127.507225,대한민국,,Pseudomonadota > Gammaproteobacteria > Oceanospirillales > Halomonadaceae > Cobetia > Cobetia amphilecti,34.073608,대한민국 남해,2003-07-22,Cobetia amphilecti,남해서부
128.951157,대한민국,민부풀음벌집소모충,Tintinnida > Ptychocylididae > Favella > Favella ehrenbergii,37.772167,대한민국 강원도 강릉시 강릉항,2017-06-15,Favella ehrenbergii,동해중부
126.503761,대한민국,갯가꼬마새우,Thoridae > Eualus > Eualus sinensis,36.327717,대한민국 충청남도 보령시 대천항,2021-05-12,Eualus sinensis,서해
126.391396,대한민국,줄새우아재비,Pleocyemata > Caridea > Palaemonoidea > Palaemonidae > Palaemon > Palaemon serrifer,34.894257,대한민국 전라남도 무안군 청계면 복길항,2021-03-17,Palaemon serrifer,서해
127.507225,대한민국,,Pseudomonadota > Gammaproteobacteria > Oceanospirillales > Halomonadaceae > Cobetia > Cobetia marina,34.073608,대한민국 남해,2003-07-20,Cobetia marina,남해서부
126.527000,대한민국,,Protista > Bacillariophyta > Bacillariophyceae > Bacillariales > Bacillariaceae > Nitzschia > Nitzschia longissima,36.221111,대한민국 충청남도 보령시 웅천읍,2021-04-13,Nitzschia longissima,서해
127.507225,대한민국,,Pseudalkalibacillus hwajinpoensis,34.073608,대한민국 남해,2003-07-22,Pseudalkalibacillus hwajinpoensis,남해서부
126.041954,대한민국,큰가위손육질꼬리옆새우붙이,Malacostraca > Amphipoda > Ischyroceridae > Jassa > Jassa marmorata,34.911568,대한민국 전라남도 신안군 자은면 고장리,2012-06-04,Jassa marmorata,서해
128.706879,대한민국,띠대나무갯지렁이,Polychaeta > Not assigned > Maldanidae > Clymenella > Clymenella koellikeri,34.808563,대한민국 경상남도 거제시 일운면,2007-11-16,Clymenella koellikeri,남해동부
126.527000,대한민국,떡조개,Veneridae > Dosinia > Dosinia japonica,36.221111,대한민국 충청남도 보령시 웅천읍 독산해수욕장,2021-03-02,Dosinia japonica,서해
127.507225,대한민국,,Micrococcales > Micrococcaceae > Glutamicibacter > Glutamicibacter nicotianae,34.073608,대한민국 남해,2003-07-22,Glutamicibacter nicotianae,남해서부
127.507225,대한민국,,Mycobacteriales > Corynebacteriaceae > Corynebacterium > Corynebacterium callunae,34.073608,대한민국 남해,2003-07-22,Corynebacterium callunae,남해서부
129.397644,대한민국,별난멜리타옆새우,Melitidae > Abludomelita > Abludomelita japonica,36.206585,대한민국 경상북도,2013-02-01,Abludomelita japonica,동해남부
130.861374,대한민국,,Vargula hilgendorfii,37.455891,대한민국 경상북도 울릉군,2014-05-01,Vargula hilgendorfii,동해중부
127.507225,대한민국,,Pseudomonadota > Gammaproteobacteria > Oceanospirillales > Halomonadaceae > Cobetia > Cobetia marina,34.073608,대한민국 남해,2003-07-22,Cobetia marina,남해서부
127.507225,대한민국,,Pseudomonadota > Gammaproteobacteria > Oceanospirillales > Halomonadaceae > Cobetia > Cobetia amphilecti,34.073608,대한민국 남해,2003-07-22,Cobetia amphilecti,남해서부
129.427872,대한민국,염주말,Ulvophyceae > Cladophorales > Cladophoraceae > Chaetomorpha > Chaetomorpha moniligera,37.061077,대한민국 경상북도 울진군 죽변면,2014-01-07,Chaetomorpha moniligera,동해중부
126.332359,대한민국,미끈뼈대그물말,Phaeophyceae > Dictyotales > Dictyotaceae > Dictyopteris > Dictyopteris divaricata,36.509140,대한민국 충청남도 태안군 안면읍,2013-07-19,Dictyopteris divaricata,서해
129.397644,대한민국,미하라안경옆새우,Malacostraca > Amphipoda > Ampeliscidae > Ampelisca > Ampelisca miharaensis,36.206585,대한민국 경상북도,2013-02-01,Ampelisca miharaensis,동해남부
126.664146,대한민국,오뚜기갯지렁이,Terebellida > Sternaspidae > Sternaspis > Sternaspis scutata,36.019394,대한민국 충청남도 서천군 장항읍,2014-09-15,Sternaspis scutata,서해
126.150558,대한민국,황금뿔사슴갯지렁이,Terebellida > Ampharetidae > Melinna > Melinna elisabethae,33.334999,대한민국 제주특별자치도 제주시 한경면,2010-09-12,Melinna elisabethae,남해서부
128.839005,대한민국,가시파래,Ulvophyceae > Ulvales > Ulvaceae > Ulva > Ulva prolifera,35.083279,대한민국 부산광역시 강서구,2013-04-13,Ulva prolifera,남해동부
127.507225,대한민국,,Pseudomonadota > Gammaproteobacteria > Oceanospirillales > Halomonadaceae > Cobetia > Cobetia marina,34.073608,대한민국 남해,2003-07-20,Cobetia marina,남해서부
128.459564,대한민국,떡청각,Ulvophyceae > Bryopsidales > Codiaceae > Codium > Codium arabicum,38.443287,대한민국 강원도 고성군 거진읍,2017-05-30,Codium arabicum,동해중부
126.292229,대한민국,붉은뼈까막살,Rhodophyta > Florideophyceae > Halymeniales > Halymeniaceae > Grateloupia > Grateloupia angusta,33.174187,대한민국 제주특별자치도 서귀포시 대정읍,2016-07-14,Grateloupia angusta,남해서부
127.507225,대한민국,,Pseudomonadota > Gammaproteobacteria > Oceanospirillales > Halomonadaceae > Cobetia > Cobetia amphilecti,34.073608,대한민국 남해,2003-07-22,Cobetia amphilecti,남해서부
127.507225,대한민국,,Pseudomonadota > Gammaproteobacteria > Alteromonadales > Pseudoalteromonadaceae > Pseudoalteromonas > Pseudoalteromonas tetraodonis,34.073608,대한민국 남해,2003-07-22,Pseudoalteromonas tetraodonis,남해서부
127.507225,대한민국,,Vibrionales > Vibrionaceae > Vibrio > Vibrio tasmaniensis,34.073608,대한민국 남해,2003-07-22,Vibrio tasmaniensis,남해서부
127.507225,대한민국,,Micrococcales > Micrococcaceae > Glutamicibacter > Glutamicibacter nicotianae,34.073608,대한민국 남해,2003-07-22,Glutamicibacter nicotianae,남해서부
127.507225,대한민국,,Psychrobacter nivimaris,34.073608,대한민국 남해,2003-07-22,Psychrobacter nivimaris,남해서부
126.664146,대한민국,오뚜기갯지렁이,Terebellida > Sternaspidae > Sternaspis > Sternaspis scutata,36.019394,대한민국 충청남도 서천군 장항읍,2014-09-15,Sternaspis scutata,서해
125.124474,대한민국,옥덩굴,Ulvophyceae > Bryopsidales > Caulerpaceae > Caulerpa > Caulerpa okamurae,34.050915,대한민국 전라남도 신안군 흑산면 가거도,2021-06-29,Caulerpa okamurae,서해
125.124474,대한민국,방석청각,Ulvophyceae > Bryopsidales > Codiaceae > Codium > Codium hubbsii,34.050915,대한민국 전라남도 신안군 흑산면 가거도,2021-06-29,Codium hubbsii,서해
127.507225,대한민국,,Pseudomonadota > Gammaproteobacteria > Alteromonadales > Pseudoalteromonadaceae > Pseudoalteromonas > Pseudoalteromonas lipolytica,34.073608,대한민국 남해,2003-07-20,Pseudoalteromonas lipolytica,남해서부
125.361557,대한민국,붕장어,Teleostei > Anguilliformes > Congridae > Conger > Conger myriaster,37.296089,대한민국 인천광역시,2016-08-23,Conger myriaster,서해
126.085289,대한민국,금줄촉수,Teleostei > Mulliformes > Mullidae > Parupeneus > Parupeneus ciliatus,32.959011,대한민국 제주특별자치도 서귀포시,2014-09-15,Parupeneus ciliatus,남해서부
126.287613,대한민국,털보집갯지렁이,Polychaeta > Eunicida > Onuphidae > Diopatra > Diopatra sugokai,36.606499,대한민국 충청남도 태안군 남면,2021-04-01,Diopatra sugokai,서해
127.507225,대한민국,,Exiguobacterium oxidotolerans,34.073608,대한민국 남해,2003-07-22,Exiguobacterium oxidotolerans,남해서부
127.507225,대한민국,,Pseudomonadota > Gammaproteobacteria > Oceanospirillales > Halomonadaceae > Cobetia > Cobetia marina,34.073608,대한민국 남해,2003-07-22,Cobetia marina,남해서부
126.452217,대한민국,,Thoracostomopsidae > Epacanthion > Epacanthion mawsoni,33.497501,대한민국 제주특별자치도 제주시 이호일동 조간대,2015-10-19,Epacanthion mawsoni,남해서부
126.452217,대한민국,,Thoracostomopsidae > Epacanthion > Epacanthion mawsoni,33.497501,대한민국 제주특별자치도 제주시 이호일동 조간대,2015-10-19,Epacanthion mawsoni,남해서부
126.526955,대한민국,,Protista > Bacillariophyta > Bacillariophyceae > Naviculales > Naviculaceae > Gyrosigma > Gyrosigma fasciola,35.677647,대한민국 전라북도 부안군 변산면,2021-03-17,Gyrosigma fasciola,서해
127.507225,대한민국,,Pseudomonadota > Gammaproteobacteria > Alteromonadales > Pseudoalteromonadaceae > Pseudoalteromonas > Pseudoalteromonas shioyasakiensis,34.073608,대한민국 남해,2003-07-22,Pseudoalteromonas shioyasakiensis,남해서부
127.507225,대한민국,,Vibrionales > Vibrionaceae > Vibrio > Vibrio owensii,34.073608,대한민국 남해,2003-07-20,Vibrio owensii,남해서부
126.520058,대한민국,,Penicillium paraherquei,36.152973,대한민국 충청남도 서천군 서면,2014-06-10,Penicillium paraherquei,서해
127.507225,대한민국,,Pseudomonas edaphica,34.073608,대한민국 남해,2003-07-22,Pseudomonas edaphica,남해서부
127.507225,대한민국,,Micrococcus luteus,34.073608,대한민국 남해,2003-07-20,Micrococcus luteus,남해서부
127.507225,대한민국,,Pseudomonas abietaniphila,34.073608,대한민국 남해,2003-07-22,Pseudomonas abietaniphila,남해서부
127.507225,대한민국,,Cytobacillus firmus,34.073608,대한민국 남해,2003-07-22,Cytobacillus firmus,남해서부
127.507225,대한민국,,Micrococcales > Micrococcaceae > Glutamicibacter > Glutamicibacter soli,34.073608,대한민국 남해,2003-07-20,Glutamicibacter soli,남해서부
128.583771,대한민국,아무르불가사리,Forcipulatida > Asteriidae > Asterias > Asterias amurensis,34.946449,대한민국 경상남도 거제시 하청면,2010-08-03,Asterias amurensis,남해동부
127.507225,대한민국,,Flavobacterium aquimarinum,34.073608,대한민국 남해,2003-07-20,Flavobacterium aquimarinum,남해서부
127.507225,대한민국,,Exiguobacterium oxidotolerans,34.073608,대한민국 남해,2003-07-20,Exiguobacterium oxidotolerans,남해서부
127.507225,대한민국,,Micrococcales > Micrococcaceae > Kocuria > Kocuria rhizophila,34.073608,대한민국 남해,2003-07-20,Kocuria rhizophila,남해서부
127.507225,대한민국,,Pseudomonadota > Gammaproteobacteria > Alteromonadales > Pseudoalteromonadaceae > Pseudoalteromonas > Pseudoalteromonas arctica,34.073608,대한민국 남해,2003-06-22,Pseudoalteromonas arctica,남해서부
127.507225,대한민국,,Caryophanales > Bacillaceae > Bacillus > Bacillus salacetis,34.073608,대한민국 남해,2003-07-22,Bacillus salacetis,남해서부
127.507225,대한민국,,Vibrionales > Vibrionaceae > Vibrio > Vibrio tasmaniensis,34.073608,대한민국 남해,2003-07-22,Vibrio tasmaniensis,남해서부
127.507225,대한민국,,Vibrionales > Vibrionaceae > Vibrio > Vibrio tasmaniensis,34.073608,대한민국 남해,2003-07-22,Vibrio tasmaniensis,남해서부
127.507225,대한민국,,Vibrionales > Vibrionaceae > Vibrio > Vibrio echinoideorum,34.073608,대한민국 남해,2003-07-20,Vibrio echinoideorum,남해서부
127.507225,대한민국,,Pseudomonadota > Gammaproteobacteria > Oceanospirillales > Halomonadaceae > Cobetia > Cobetia amphilecti,34.073608,대한민국 남해,2003-07-20,Cobetia amphilecti,남해서부
127.507225,대한민국,,Pseudomonadota > Gammaproteobacteria > Oceanospirillales > Halomonadaceae > Cobetia > Cobetia marina,34.073608,대한민국 남해,2003-07-22,Cobetia marina,남해서부
127.507225,대한민국,,Exiguobacterium oxidotolerans,34.073608,대한민국 남해,2003-07-20,Exiguobacterium oxidotolerans,남해서부
127.507225,대한민국,,Pseudomonadota > Gammaproteobacteria > Alteromonadales > Pseudoalteromonadaceae > Pseudoalteromonas > Pseudoalteromonas carrageenovora,34.073608,대한민국 남해,2003-07-22,Pseudoalteromonas carrageenovora,남해서부
127.507225,대한민국,,Pseudomonas monteilii,34.073608,대한민국 남해,2003-07-22,Pseudomonas monteilii,남해서부
126.545944,대한민국,털다발풀게,Varunidae > Hemigrapsus > Hemigrapsus takanoi,35.586128,대한민국 전라북도 부안군 진서면,2021-03-16,Hemigrapsus takanoi,서해
126.545944,대한민국,칠게,Pleocyemata > Brachyura > Ocypodoidea > Macrophthalmidae > Macrophthalminae > Macrophthalmus > Mareotis > Macrophthalmus (Mareotis) japonicus,35.586128,대한민국 전라북도 부안군 진서면,2021-03-16,Macrophthalmus (Mareotis) japonicus,서해
129.167511,대한민국,,Pseudomonadota > Gammaproteobacteria > Alteromonadales > Alteromonadaceae > Alteromonas > Alteromonas stellipolaris,35.159168,대한민국 부산광역시 해운대구 중동,2003-05-20,Alteromonas stellipolaris,남해동부
128.058502,대한민국,학공치,Teleostei > Beloniformes > Hemiramphidae > Hyporhamphus > Hyporhamphus sajori,34.927731,대한민국 경상남도 사천시,2015-01-09,Hyporhamphus sajori,남해동부
129.176117,대한민국,,Olleya namhaensis,37.466946,대한민국 강원도 삼척시,2004-03-15,Olleya namhaensis,동해중부
129.176117,대한민국,,Ruegeria atlantica,37.466946,대한민국 강원도 삼척시,2004-03-15,Ruegeria atlantica,동해중부
129.176117,대한민국,,Psychrobacter proteolyticus,37.466946,대한민국 강원도 삼척시,2004-03-15,Psychrobacter proteolyticus,동해중부
126.414635,대한민국,,Protista > Bacillariophyta > Bacillariophyceae > Bacillariales > Bacillariaceae > Cylindrotheca > Cylindrotheca closterium,37.410492,대한민국 인천광역시 중구,2021-05-06,Cylindrotheca closterium,서해
129.176117,대한민국,,Vibrionales > Vibrionaceae > Vibrio > Vibrio echinoideorum,37.466946,대한민국 강원도 삼척시,2004-03-15,Vibrio echinoideorum,동해중부
129.176117,대한민국,,Ruegeria halocynthiae,37.466946,대한민국 강원도 삼척시,2004-03-15,Ruegeria halocynthiae,동해중부
129.176117,대한민국,,Ruegeria mediterranea,37.466946,대한민국 강원도 삼척시,2004-03-15,Ruegeria mediterranea,동해중부
126.288696,대한민국,,Polychaeta > Phyllodocida > Nephtyidae > Inermonephtys > Inermonephtys gallardi,35.159031,대한민국 전라남도 무안군 해제면,2011-08-07,Inermonephtys gallardi,서해
126.457771,대한민국,보리무륵,Neogastropoda > Columbellidae > Mitrella > Mitrella bicincta,36.387222,대한민국 충청남도 보령시 오천면,2021-07-21,Mitrella bicincta,서해
126.437225,대한민국,동해이랑조개,Mollusca > Bivalvia > Carditida > Carditidae > Megacardita > Megacardita koreana,36.379444,대한민국 충청남도 보령시 오천면,2021-07-22,Megacardita koreana,서해
126.605003,대한민국,황해비단고둥,Umbonium thomasi,36.110668,대한민국 충청남도 서천군 비인면,2021-04-08,Umbonium thomasi,서해
127.929802,대한민국,총알고둥,Mollusca > Gastropoda > Littorinimorpha > Littorinidae > Littorina > Littorina brevicula,34.914948,대한민국 경상남도 남해군 설천면 문항리 갯벌,2008-07-11,Littorina brevicula,남해동부
125.854401,대한민국,가시투성바다대벌레,Malacostraca > Amphipoda > Caprellidae > Caprella > Caprella acanthogaster,34.620422,대한민국 전라남도 신안군 도초면 우이도리,2011-06-12,Caprella acanthogaster,서해
129.176117,대한민국,,Psychrobacter nivimaris,37.466946,대한민국 강원도 삼척시,2004-03-15,Psychrobacter nivimaris,동해중부
128.431671,대한민국,짝돌속살이조개,Veneridae > Petricola > Petricola japonica,34.829391,대한민국 경상남도 통영시 도남동 도남관광지,2011-10-20,Petricola japonica,남해동부
129.176117,대한민국,,Psychrobacter nivimaris,37.466946,대한민국 강원도 삼척시,2004-03-15,Psychrobacter nivimaris,동해중부
129.176117,대한민국,,Rhodobacterales > Paracoccaceae > Leisingera > Leisingera methylohalidivorans,37.466946,대한민국 강원도 삼척시,2004-03-15,Leisingera methylohalidivorans,동해중부
129.176117,대한민국,,Pseudomonadota > Gammaproteobacteria > Alteromonadales > Pseudoalteromonadaceae > Pseudoalteromonas > Pseudoalteromonas marina,37.466946,대한민국 강원도 삼척시,2004-03-15,Pseudoalteromonas marina,동해중부
128.955353,대한민국,홋카이도붙은꼬리옆새우,Malacostraca > Amphipoda > Dexaminidae > Guernea > Guernea ezoensis,37.869858,대한민국 강원도,2014-05-01,Guernea ezoensis,동해중부
130.861374,대한민국,뾰족머리긴팔바다대벌레,Malacostraca > Amphipoda > Caprellidae > Caprella > Caprella simia,37.455891,대한민국 경상북도 울릉군,2014-05-01,Caprella simia,동해중부
128.968948,대한민국,잎파래,Ulvophyceae > Ulvales > Ulvaceae > Ulva > Ulva linza,35.046551,대한민국 부산광역시 사하구,2014-04-12,Ulva linza,남해동부
129.176117,대한민국,,Stappiaceae > Pseudovibrio > Pseudovibrio japonicus,37.466946,대한민국 강원도 삼척시,2004-03-15,Pseudovibrio japonicus,동해중부
126.461411,대한민국,잎파래,Ulvophyceae > Ulvales > Ulvaceae > Ulva > Ulva linza,35.611149,대한민국 전라북도 부안군 변산면,2015-10-28,Ulva linza,서해
128.468307,대한민국,마디잘록이,Rhodymeniales > Lomentariaceae > Fushitsunagia > Fushitsunagia catenata,34.878975,대한민국 경상남도 통영시 용남면,2017-12-04,Fushitsunagia catenata,남해동부
128.894440,대한민국,모래마디벌레,Malacostraca > Isopoda > Anthuridae > Cyathura > Cyathura higoensis,35.069443,대한민국 부산광역시 강서구 명지동,2012-10-01,Cyathura higoensis,남해동부
129.393250,대한민국,창벌레,Symmius caudatus,36.289555,대한민국 경상북도,2013-02-01,Symmius caudatus,동해남부
126.531654,대한민국,쏙,Upogebiidae > Upogebia > Upogebia major,37.225498,대한민국 인천광역시 옹진군 영흥면 선재리,2014-08-01,Upogebia major,서해
129.176117,대한민국,,Sphingomonadales > Erythrobacteraceae > Qipengyuania > Qipengyuania pelagi,37.466946,대한민국 강원도 삼척시,2004-03-15,Qipengyuania pelagi,동해중부
129.176117,대한민국,,Caryophanales > Bacillaceae > Bacillus > Bacillus altitudinis,37.466946,대한민국 강원도 삼척시,2004-03-15,Bacillus altitudinis,동해중부
126.651894,대한민국,풀게,Varunidae > Hemigrapsus > Hemigrapsus penicillatus,37.146000,대한민국 경기도 화성시 서신면 송교리,2013-07-10,Hemigrapsus penicillatus,서해
126.588188,대한민국,중국뱀옆새우,Sinocorophium sinensis,37.404278,대한민국 인천광역시 연수구 송도동,2014-12-01,Sinocorophium sinensis,서해
125.986488,대한민국,무늬발게,Varunidae > Hemigrapsus > Hemigrapsus sanguineus,36.120064,대한민국 전라북도 군산시 옥도면 돌섬,2021-04-23,Hemigrapsus sanguineus,서해
129.176117,대한민국,,Micrococcales > Microbacteriaceae > Microbacterium > Microbacterium algeriense,37.466946,대한민국 강원도 삼척시,2004-03-15,Microbacterium algeriense,동해중부
129.176117,대한민국,,Pseudomonadota > Gammaproteobacteria > Alteromonadales > Alteromonadaceae > Marinobacter > Marinobacter sediminum,37.466946,대한민국 강원도 삼척시,2004-03-15,Marinobacter sediminum,동해중부
128.673309,대한민국,톱날입진짜종소모충,Tintinnidae > Eutintinnus > Eutintinnus rectus,38.079887,대한민국 강원도 양양군 손양면 수산길 수산항,2017-04-28,Eutintinnus rectus,동해중부
128.951157,대한민국,톱날입진짜종소모충,Tintinnidae > Eutintinnus > Eutintinnus rectus,37.772167,대한민국 강원도 강릉시 강릉항,2017-04-28,Eutintinnus rectus,동해중부
126.452217,대한민국,,Thoracostomopsidae > Epacanthion > Epacanthion mawsoni,33.497501,대한민국 제주특별자치도 제주시 이호일동 조간대,2015-10-19,Epacanthion mawsoni,남해서부
129.176117,대한민국,,Pseudomonadota > Gammaproteobacteria > Alteromonadales > Alteromonadaceae > Marinobacter > Marinobacter sediminum,37.466946,대한민국 강원도 삼척시,2004-03-15,Marinobacter sediminum,동해중부
126.511810,대한민국,갈퀴낫노벌레,Copepoda > Calanoida > Centropagidae > Centropages > Centropages furcatus,33.207550,대한민국 제주특별자치도 서귀포시,2011-09-19,Centropages furcatus,남해서부
126.500137,대한민국,갈퀴낫노벌레,Copepoda > Calanoida > Centropagidae > Centropages > Centropages furcatus,33.212803,대한민국 제주특별자치도 서귀포시,2011-09-19,Centropages furcatus,남해서부
129.176117,대한민국,,Shewanellaceae > Shewanella > Shewanella electrodiphila,37.466946,대한민국 강원도 삼척시,2004-02-26,Shewanella electrodiphila,동해중부
129.505005,대한민국,보어밴키해변해면,Porifera > Demospongiae > Halichondrida > Halichondridae > Halichondria > Halichondria bowerbanki,35.804531,대한민국 경상북도 경주시 감포읍,2010-07-16,Halichondria bowerbanki,동해남부
129.176117,대한민국,,Caryophanales > Bacillaceae > Bacillus > Bacillus altitudinis,37.466946,대한민국 강원도 삼척시,2004-02-26,Bacillus altitudinis,동해중부
129.176117,대한민국,,Ruegeria meonggei,37.466946,대한민국 강원도 삼척시,2004-02-26,Ruegeria meonggei,동해중부
129.176117,대한민국,,Caryophanales > Bacillaceae > Alkalihalobacillus > Alkalihalobacillus algicola,37.466946,대한민국 강원도 삼척시,2004-02-26,Alkalihalobacillus algicola,동해중부
129.176117,대한민국,,Pseudomonadota > Gammaproteobacteria > Alteromonadales > Alteromonadaceae > Agarivorans > Agarivorans aestuarii,37.466946,대한민국 강원도 삼척시,2004-02-26,Agarivorans aestuarii,동해중부
129.176117,대한민국,,Flavobacterium aquimarinum,37.466946,대한민국 강원도 삼척시,2004-02-26,Flavobacterium aquimarinum,동해중부
129.176117,대한민국,,Shewanellaceae > Shewanella > Shewanella japonica,37.466946,대한민국 강원도 삼척시,2004-02-26,Shewanella japonica,동해중부
129.176117,대한민국,,Gaetbulibacter marinus,37.466946,대한민국 강원도 삼척시,2004-02-26,Gaetbulibacter marinus,동해중부
123.771667,대한민국,두점박이민꽃게,Thalamitinae > Charybdis > Gonioneptunus > Charybdis (Gonioneptunus) bimaculata,34.241669,대한민국 서해 한·중 잠정조치수역,2021-09-09,Charybdis (Gonioneptunus) bimaculata,서해
126.262863,대한민국,홍점갯지렁이,Polychaeta > Eunicida > Oenonidae > Arabella > Arabella iricolor,37.167919,대한민국 인천광역시 옹진군 자월면,2021-04-28,Arabella iricolor,서해
129.176117,대한민국,,Gaetbulibacter marinus,37.466946,대한민국 강원도 삼척시,2004-02-26,Gaetbulibacter marinus,동해중부
129.176117,대한민국,,Psychrobacter nivimaris,37.466946,대한민국 강원도 삼척시,2004-02-26,Psychrobacter nivimaris,동해중부
129.176117,대한민국,,Caryophanales > Bacillaceae > Bacillus > Bacillus altitudinis,37.466946,대한민국 강원도 삼척시,2004-02-26,Bacillus altitudinis,동해중부
129.176117,대한민국,,Caryophanales > Bacillaceae > Alkalihalobacillus > Alkalihalobacillus algicola,37.466946,대한민국 강원도 삼척시,2004-02-26,Alkalihalobacillus algicola,동해중부
129.176117,대한민국,,Planococcus donghaensis,37.466946,대한민국 강원도 삼척시,2004-02-26,Planococcus donghaensis,동해중부
126.421417,대한민국,,Penicillium expansum,35.027637,대한민국 전라남도 무안군 현경면,2013-07-12,Penicillium expansum,서해
129.176117,대한민국,,Shewanellaceae > Shewanella > Shewanella kaireitica,37.466946,대한민국 강원도 삼척시,2004-02-26,Shewanella kaireitica,동해중부
129.176117,대한민국,,Rossellomorea oryzaecorticis,37.466946,대한민국 강원도 삼척시,2004-02-26,Rossellomorea oryzaecorticis,동해중부
129.176117,대한민국,,Shewanellaceae > Shewanella > Shewanella livingstonensis,37.466946,대한민국 강원도 삼척시,2004-02-26,Shewanella livingstonensis,동해중부
126.414726,대한민국,개맛,Lingulidae > Lingula > Lingula anatina,37.430973,대한민국 인천광역시 중구 덕교동 662-5,2021-07-12,Lingula anatina,서해
129.176117,대한민국,,Rhodobacterales > Paracoccaceae > Paracoccus > Paracoccus marcusii,37.466946,대한민국 강원도 삼척시,2004-02-26,Paracoccus marcusii,동해중부
129.176117,대한민국,,Vibrionales > Vibrionaceae > Vibrio > Vibrio splendidus,37.466946,대한민국 강원도 삼척시,2004-02-26,Vibrio splendidus,동해중부
129.176117,대한민국,,Flavobacterium frigidarium,37.466946,대한민국 강원도 삼척시,2004-02-26,Flavobacterium frigidarium,동해중부
129.176117,대한민국,,Olleya algicola,37.466946,대한민국 강원도 삼척시,2004-02-26,Olleya algicola,동해중부
129.176117,대한민국,,Caryophanales > Bacillaceae > Bacillus > Bacillus mycoides,37.466946,대한민국 강원도 삼척시,2004-02-26,Bacillus mycoides,동해중부
129.176117,대한민국,,Psychrobacter piscatorii,37.466946,대한민국 강원도 삼척시,2004-02-26,Psychrobacter piscatorii,동해중부
129.176117,대한민국,,Olleya algicola,37.466946,대한민국 강원도 삼척시,2004-02-26,Olleya algicola,동해중부
129.176117,대한민국,,Psychrobacter cibarius,37.466946,대한민국 강원도 삼척시,2004-02-26,Psychrobacter cibarius,동해중부
129.176117,대한민국,,Flavobacterium frigidarium,37.466946,대한민국 강원도 삼척시,2004-02-26,Flavobacterium frigidarium,동해중부
129.176117,대한민국,,Vibrionales > Vibrionaceae > Vibrio > Vibrio atlanticus,37.466946,대한민국 강원도 삼척시,2004-02-26,Vibrio atlanticus,동해중부
129.176117,대한민국,,Psychrobacter cibarius,37.466946,대한민국 강원도 삼척시,2004-02-26,Psychrobacter cibarius,동해중부
126.527000,대한민국,두드럭고둥,Reishia bronni,36.221111,대한민국 충청남도 보령시 웅천읍 독산해수욕장,2021-04-13,Reishia bronni,서해
129.176117,대한민국,,Gillisia mitskevichiae,37.466946,대한민국 강원도 삼척시,2004-02-26,Gillisia mitskevichiae,동해중부
125.094048,대한민국,흰갯민숭달팽이,Nudibranchia > Chromodorididae > Chromodoris > Chromodoris orientalis,34.114697,대한민국 전라남도 신안군 흑산면,2021-06-23,Chromodoris orientalis,서해
125.092857,대한민국,방석고둥,Trochida > Calliostomatidae > Tristichotrochus > Tristichotrochus unicus,34.054234,대한민국 전라남도 신안군 흑산면 가거도,2021-06-24,Tristichotrochus unicus,서해
129.176117,대한민국,,Salinibacterium amurskyense,37.466946,대한민국 강원도 삼척시,2004-02-26,Salinibacterium amurskyense,동해중부
126.276894,대한민국,검은싸리모자반,Sargassum miyabei,34.395531,대한민국 전라남도 진도군 의신면,2016-05-05,Sargassum miyabei,남해서부
128.951157,대한민국,톱날입진짜종소모충,Tintinnidae > Eutintinnus > Eutintinnus rectus,37.772167,대한민국 강원도 강릉시 강릉항,2017-04-28,Eutintinnus rectus,동해중부
129.176117,대한민국,,Micrococcales > Microbacteriaceae > Leifsonia > Leifsonia rubra,37.466946,대한민국 강원도 삼척시,2004-02-26,Leifsonia rubra,동해중부
129.176117,대한민국,,Ruegeria meonggei,37.466946,대한민국 강원도 삼척시,2004-02-26,Ruegeria meonggei,동해중부
129.176117,대한민국,,Staphylococcus epidermidis,37.466946,대한민국 강원도 삼척시,2004-02-26,Staphylococcus epidermidis,동해중부
129.176117,대한민국,,Psychrobacter maritimus,37.466946,대한민국 강원도 삼척시,2005-02-25,Psychrobacter maritimus,동해중부
129.176117,대한민국,,Lysinibacillus fusiformis,37.466946,대한민국 강원도 삼척시,2004-03-30,Lysinibacillus fusiformis,동해중부
129.176117,대한민국,,Cytobacillus firmus,37.466946,대한민국 강원도 삼척시,2004-03-30,Cytobacillus firmus,동해중부
129.176117,대한민국,,Sporosarcina saromensis,37.466946,대한민국 강원도 삼척시,2004-03-30,Sporosarcina saromensis,동해중부
129.176117,대한민국,,Halobacillus trueperi,37.466946,대한민국 강원도 삼척시,2004-03-30,Halobacillus trueperi,동해중부
129.176117,대한민국,,Vibrionales > Vibrionaceae > Photobacterium > Photobacterium galatheae,37.466946,대한민국 강원도 삼척시,2004-03-30,Photobacterium galatheae,동해중부
129.176117,대한민국,,Sporosarcina saromensis,37.466946,대한민국 강원도 삼척시,2004-03-30,Sporosarcina saromensis,동해중부
129.176117,대한민국,,Caryophanales > Bacillaceae > Bacillus > Bacillus licheniformis,37.466946,대한민국 강원도 삼척시,2004-03-30,Bacillus licheniformis,동해중부
129.176117,대한민국,,Lysinibacillus fusiformis,37.466946,대한민국 강원도 삼척시,2004-03-30,Lysinibacillus fusiformis,동해중부
126.563171,대한민국,개청각,Ulvophyceae > Bryopsidales > Codiaceae > Codium > Codium tomentosum,33.226051,대한민국 제주특별자치도 서귀포시,2013-10-06,Codium tomentosum,남해서부
129.566635,대한민국,덤불모자반,Sargassum yezoense,35.996529,대한민국 경상북도 포항시 남구 구룡포읍,2014-12-13,Sargassum yezoense,동해남부
129.176117,대한민국,,Psychrobacter nivimaris,37.466946,대한민국 강원도 삼척시,2004-03-30,Psychrobacter nivimaris,동해중부
126.276894,대한민국,뜸부기,Silvetia siliquosa,34.395531,대한민국 전라남도 진도군 의신면,2013-11-09,Silvetia siliquosa,남해서부
129.176117,대한민국,,Caryophanales > Bacillaceae > Alkalihalobacillus > Alkalihalobacillus algicola,37.466946,대한민국 강원도 삼척시,2004-03-30,Alkalihalobacillus algicola,동해중부
126.351021,대한민국,막우뭇가사리,Rhodophyta > Florideophyceae > Gelidiales > Gelidiaceae > Gelidium > Gelidium vagum,36.348793,대한민국 충청남도 보령시 오천면,1989-06-04,Gelidium vagum,서해
126.634422,대한민국,,Thalassiosirales > Thalassiosiraceae > Detonula > Detonula pumila,33.542465,대한민국 제주특별자치도 제주시,2012-06-23,Detonula pumila,남해서부
126.567802,대한민국,톱니붉은잎,Rhodophyta > Florideophyceae > Gigartinales > Kallymeniaceae > Callophyllis > Callophyllis serratifolia,33.227566,대한민국 제주특별자치도 서귀포시,2018-03-13,Callophyllis serratifolia,남해서부
129.176117,대한민국,,Micrococcales > Microbacteriaceae > Microbacterium > Microbacterium esteraromaticum,37.466946,대한민국 강원도 삼척시,2004-03-30,Microbacterium esteraromaticum,동해중부
126.276894,대한민국,납작솜털,Phaeophyceae > Ectocarpales > Ectocarpaceae > Ectocarpus > Ectocarpus acutus,34.395531,대한민국 전라남도 진도군 의신면,2013-11-09,Ectocarpus acutus,남해서부
126.135292,대한민국,,Tigriopus west,36.795727,대한민국 충청남도 태안군 소원면,2006-10-19,Tigriopus west,서해
129.176117,대한민국,,Pseudomonadota > Gammaproteobacteria > Alteromonadales > Pseudoalteromonadaceae > Pseudoalteromonas > Pseudoalteromonas distincta,37.466946,대한민국 강원도 삼척시,2004-03-30,Pseudoalteromonas distincta,동해중부
129.176117,대한민국,,Caryophanales > Bacillaceae > Bacillus > Bacillus paramobilis,37.466946,대한민국 강원도 삼척시,2004-03-30,Bacillus paramobilis,동해중부
129.475510,대한민국,구멍갈파래,Ulvophyceae > Ulvales > Ulvaceae > Ulva > Ulva australis,36.709694,대한민국 경상북도 울진군 평해읍,2017-08-01,Ulva australis,동해중부
131.229996,대한민국,,Priestia aryabhattai,37.173058,대한민국 동해,2004-06-18,Priestia aryabhattai,동해중부
126.626884,대한민국,반자이칠게,Pleocyemata > Brachyura > Ocypodoidea > Macrophthalmidae > Macrophthalminae > Macrophthalmus > Mareotis > Macrophthalmus (Mareotis) banzai,34.396881,대한민국 전라남도 완도군 군외면 원동리,2015-03-27,Macrophthalmus (Mareotis) banzai,남해서부
125.868553,대한민국,대서양긴배검물벼룩,Oithonidae > Oithona > Oithona atlantica,35.323792,대한민국 전라남도,2014-08-16,Oithona atlantica,서해
126.391396,대한민국,일본곤쟁이,Neomysis japonica,34.894257,대한민국 전라남도 무안군 청계면 복길항,2021-03-17,Neomysis japonica,서해
128.951157,대한민국,톱니근사벌집소모충,Xystonellidae > Parafavella > Parafavella denticulata,37.772167,대한민국 강원도 강릉시 강릉항,2017-06-15,Parafavella denticulata,동해중부
131.229996,대한민국,,Fictibacillus aquaticus,37.173058,대한민국 동해,2004-06-18,Fictibacillus aquaticus,동해중부
125.122704,대한민국,마디이끼벌레,Gymnolaemata > Cheilostomatida > Cellariidae > Cellaria > Cellaria punctata,34.046944,대한민국 전라남도 신안군 흑산면 가거도 녹섬,2021-06-22,Cellaria punctata,서해
127.207428,대한민국,큰가위손육질꼬리옆새우붙이,Malacostraca > Amphipoda > Ischyroceridae > Jassa > Jassa marmorata,34.381069,대한민국 전라남도 고흥군 금산면 오천리,2012-05-07,Jassa marmorata,남해서부
127.458824,대한민국,큰가위손육질꼬리옆새우붙이,Malacostraca > Amphipoda > Ischyroceridae > Jassa > Jassa marmorata,34.840889,대한민국 전라남도 순천시 별량면 마산리,2012-07-23,Jassa marmorata,남해서부
126.169395,대한민국,범섬긴털용선충,Prochaetosoma beomseomense,33.344032,대한민국 제주특별자치도 제주시 한경면 조간대,2015-05-21,Prochaetosoma beomseomense,남해서부
126.898994,대한민국,,Penicillium oxalicum,33.512638,대한민국 제주특별자치도 제주시 구좌읍,2014-08-25,Penicillium oxalicum,남해서부
130.795715,대한민국,성준자루용선충,Nematoda > Chromadorea > Desmodorida > Draconematidae > Dracograllus > Dracograllus sungjooni,37.523514,대한민국 경상북도 울릉군 울릉읍 조간대,2014-06-22,Dracograllus sungjooni,동해중부
131.229996,대한민국,,Pseudomonadota > Gammaproteobacteria > Alteromonadales > Alteromonadaceae > Alteromonas > Alteromonas macleodii,37.173058,대한민국 동해,2004-06-18,Alteromonas macleodii,동해중부
131.229996,대한민국,,Peribacillus frigoritolerans,37.173058,대한민국 동해,2004-06-18,Peribacillus frigoritolerans,동해중부
131.229996,대한민국,,Metabacillus indicus,37.173058,대한민국 동해,2004-06-18,Metabacillus indicus,동해중부
131.229996,대한민국,,Caryophanales > Bacillaceae > Bacillus > Bacillus halotolerans,37.173058,대한민국 동해,2004-06-18,Bacillus halotolerans,동해중부
131.229996,대한민국,,Pseudomonadota > Gammaproteobacteria > Enterobacterales > Erwiniaceae > Pantoea > Pantoea wallisii,37.173058,대한민국 동해,2004-06-18,Pantoea wallisii,동해중부
131.229996,대한민국,,Cytobacillus horneckiae,37.173058,대한민국 동해,2004-06-18,Cytobacillus horneckiae,동해중부
131.229996,대한민국,,Rheinheimera aquimaris,37.173058,대한민국 동해,2004-06-18,Rheinheimera aquimaris,동해중부
131.229996,대한민국,,Pseudomonadota > Gammaproteobacteria > Alteromonadales > Alteromonadaceae > Alteromonas > Alteromonas macleodii,37.173058,대한민국 동해,2004-06-18,Alteromonas macleodii,동해중부
126.203430,대한민국,넙치,Teleostei > Pleuronectiformes > Paralichthyidae > Paralichthys > Paralichthys olivaceus,36.431602,대한민국 충청남도 태안군,2014-04-21,Paralichthys olivaceus,서해
131.229996,대한민국,,Priestia aryabhattai,37.173058,대한민국 동해,2004-06-18,Priestia aryabhattai,동해중부
131.229996,대한민국,,Priestia aryabhattai,37.173058,대한민국 동해,2004-06-18,Priestia aryabhattai,동해중부
131.229996,대한민국,,Caryophanales > Bacillaceae > Bacillus > Bacillus pumilus,37.173058,대한민국 동해,2004-06-18,Bacillus pumilus,동해중부
126.529167,대한민국,한토막눈썹참갯지렁이,Polychaeta > Phyllodocida > Nereididae > Perinereis > Perinereis euiini,36.220280,대한민국 충청남도 보령시 웅천읍 독산해수욕장,2015-10-14,Perinereis euiini,서해
129.486557,대한민국,별쭉지성대,Teleostei > Scorpaeniformes > Dactylopteridae > Dactyloptena > Dactyloptena peterseni,36.094219,대한민국 경상북도 포항시,2016-08-20,Dactyloptena peterseni,동해남부
131.229996,대한민국,,Cytobacillus oceanisediminis,37.173058,대한민국 동해,2004-06-18,Cytobacillus oceanisediminis,동해중부
126.285583,대한민국,돗대기새우,Pleocyemata > Caridea > Pasiphaeoidea > Pasiphaeidae > Leptochela > Leptochela gracilis,36.623795,대한민국 충청남도 태안군 남면 마검포항,2021-05-11,Leptochela gracilis,서해
126.285583,대한민국,잘피갯가꼬마새우,Thoridae > Eualus > Eualus leptognathus,36.623795,대한민국 충청남도 태안군 남면 마검포항,2021-05-11,Eualus leptognathus,서해
131.229996,대한민국,,Caryophanales > Bacillaceae > Alkalihalobacillus > Alkalihalobacillus algicola,37.173058,대한민국 동해,2004-06-18,Alkalihalobacillus algicola,동해중부
131.229996,대한민국,,Neobacillus drentensis,37.173058,대한민국 동해,2004-06-18,Neobacillus drentensis,동해중부
131.229996,대한민국,,Metabacillus indicus,37.173058,대한민국 동해,2004-06-18,Metabacillus indicus,동해중부
131.229996,대한민국,,Caryophanales > Bacillaceae > Bacillus > Bacillus altitudinis,37.173058,대한민국 동해,2004-06-18,Bacillus altitudinis,동해중부
131.229996,대한민국,,Shewanellaceae > Shewanella > Shewanella livingstonensis,37.173058,대한민국 동해,2004-06-18,Shewanella livingstonensis,동해중부
131.229996,대한민국,,Caryophanales > Bacillaceae > Alkalicoccobacillus > Alkalicoccobacillus gibsonii,37.173058,대한민국 동해,2004-06-18,Alkalicoccobacillus gibsonii,동해중부
131.229996,대한민국,,Metabacillus flavus,37.173058,대한민국 동해,2004-06-18,Metabacillus flavus,동해중부
131.229996,대한민국,,Peribacillus simplex,37.173058,대한민국 동해,2004-06-18,Peribacillus simplex,동해중부
131.229996,대한민국,,Flavobacteriia > Flavobacteriales > Flavobacteriaceae > Flagellimonas > Flagellimonas lutimaris,37.173058,대한민국 동해,2004-06-18,Flagellimonas lutimaris,동해중부
131.229996,대한민국,,Pseudomonadota > Gammaproteobacteria > Oceanospirillales > Halomonadaceae > Halomonas > Halomonas axialensis,37.173058,대한민국 동해,2004-06-18,Halomonas axialensis,동해중부
131.229996,대한민국,,Exiguobacterium undae,37.173058,대한민국 동해,2004-06-18,Exiguobacterium undae,동해중부
131.229996,대한민국,,Exiguobacterium undae,37.173058,대한민국 동해,2004-06-28,Exiguobacterium undae,동해중부
131.229996,대한민국,,Psychrobacter nivimaris,37.173058,대한민국 동해,2004-06-28,Psychrobacter nivimaris,동해중부
131.229996,대한민국,,Rossellomorea marisflavi,37.173058,대한민국 동해,2004-06-28,Rossellomorea marisflavi,동해중부
125.078270,대한민국,쇠털껍질고둥,Pollia subrubiginosa,34.117008,대한민국 전라남도 신안군 흑산면 소국흘도,2021-06-23,Pollia subrubiginosa,서해
131.229996,대한민국,,Pseudalkalibacillus hwajinpoensis,37.173058,대한민국 동해,2004-06-28,Pseudalkalibacillus hwajinpoensis,동해중부
131.229996,대한민국,,Psychrobacter alimentarius,37.173058,대한민국 동해,2004-06-28,Psychrobacter alimentarius,동해중부
125.854462,대한민국,가시투성바다대벌레,Malacostraca > Amphipoda > Caprellidae > Caprella > Caprella acanthogaster,34.620483,대한민국 전라남도 신안군 도초면 우이도리,2011-06-13,Caprella acanthogaster,서해
123.771667,대한민국,두점박이민꽃게,Thalamitinae > Charybdis > Gonioneptunus > Charybdis (Gonioneptunus) bimaculata,34.241669,대한민국 서해 한·중 잠정조치수역,2021-09-09,Charybdis (Gonioneptunus) bimaculata,서해
128.847244,대한민국,참보라색우무,Symphyocladia latiuscula,37.868687,대한민국 강원도 강릉시 연곡면,2016-03-04,Symphyocladia latiuscula,동해중부
129.384598,대한민국,큰키각시고둥,Trochidae > Monodonta > Monodonta canalifera,36.185089,대한민국 경상북도 포항시 북구 청하면 이가리방파제 주변,2024-04-24,Monodonta canalifera,동해남부
127.903053,대한민국,복털조개,Mollusca > Bivalvia > Arcida > Arcidae > Barbatia > Barbatia virescens,34.761944,대한민국 경상남도 남해군 남면 월포방파제,2024-05-27,Barbatia virescens,남해동부
126.235039,대한민국,참까막살,Rhodophyta > Florideophyceae > Halymeniales > Halymeniaceae > Polyopes > Polyopes affinis,33.391674,대한민국 제주특별자치도 제주시 한림읍 협재,2024-03-11,Polyopes affinis,남해서부
127.843727,대한민국,쇠털새붉은실,Rhodophyta > Florideophyceae > Ceramiales > Rhodomelaceae > Melanothamnus > Melanothamnus yendoi,34.787979,대한민국 경상남도 남해군 남면,2016-04-22,Melanothamnus yendoi,남해동부
127.808365,대한민국,납작파래,Ulvophyceae > Ulvales > Ulvaceae > Ulva > Ulva compressa,34.856888,대한민국 경상남도 남해군 서면,2015-03-20,Ulva compressa,남해동부
129.382080,대한민국,흐린대마디말,Ulvophyceae > Cladophorales > Cladophoraceae > Cladophora > Cladophora opaca,36.185528,대한민국 경상북도 포항시 북구 청하면,2013-09-13,Cladophora opaca,동해남부
128.035065,대한민국,마디잘록이,Rhodymeniales > Lomentariaceae > Fushitsunagia > Fushitsunagia catenata,34.730740,대한민국 경상남도 남해군 미조면 초전몽돌해변,2024-02-13,Fushitsunagia catenata,남해동부
128.606430,대한민국,새끼실모자반,Sargassum okamurae,38.173195,대한민국 강원도 속초시,2014-07-31,Sargassum okamurae,동해중부
129.384750,대한민국,납작파래,Ulvophyceae > Ulvales > Ulvaceae > Ulva > Ulva compressa,36.237473,대한민국 경상북도 포항시 북구 송라면,2014-07-04,Ulva compressa,동해남부
129.448883,대한민국,,Vibrionales > Vibrionaceae > Vibrio > Vibrio campbellii,36.601387,대한민국 경상북도 영덕군,2004-08-30,Vibrio campbellii,동해중부
129.448883,대한민국,,Micrococcales > Micrococcaceae > Kocuria > Kocuria flava,36.601387,대한민국 경상북도 영덕군,2004-08-30,Kocuria flava,동해중부
129.448883,대한민국,,Vibrionales > Vibrionaceae > Vibrio > Vibrio hyugaensis,36.601387,대한민국 경상북도 영덕군,2004-08-30,Vibrio hyugaensis,동해중부
124.719582,대한민국,민집게벌레,Insecta > Dermaptera > Anisolabididae > Anisolabis > Anisolabis maritima,37.949390,대한민국 인천광역시 옹진군 백령면,2021-06-23,Anisolabis maritima,서해
124.719582,대한민국,민집게벌레,Insecta > Dermaptera > Anisolabididae > Anisolabis > Anisolabis maritima,37.949390,대한민국 인천광역시 옹진군 백령면,2021-06-23,Anisolabis maritima,서해
129.448883,대한민국,,Micrococcales > Microbacteriaceae > Agrococcus > Agrococcus lahaulensis,36.601387,대한민국 경상북도 영덕군,2004-08-01,Agrococcus lahaulensis,동해중부
126.563171,대한민국,몽우리청각,Ulvophyceae > Bryopsidales > Codiaceae > Codium > Codium contractum,33.226051,대한민국 제주특별자치도 서귀포시,2013-10-06,Codium contractum,남해서부
129.486908,대한민국,보라성게,Heliocidaris crassispina,36.618683,대한민국 경상북도 울진군,2013-07-17,Heliocidaris crassispina,동해중부
126.286049,대한민국,엷은잎모자반,Sargassum tenuifolium,33.970245,대한민국 제주특별자치도 제주시 추자면,2017-09-13,Sargassum tenuifolium,남해서부
129.446747,대한민국,,Protista > Bacillariophyta > Coscinodiscophyceae > Coscinodiscales > Hemidiscaceae > Azpeitia > Azpeitia nodulifera,36.023067,대한민국 경상북도 포항시,2010-08-24,Azpeitia nodulifera,동해남부
127.654724,대한민국,,Protista > Bacillariophyta > Mediophyceae > Chaetocerotales > Chaetocerotaceae > Chaetoceros > Chaetoceros lorenzianus,34.886803,대한민국 전라남도 광양시,2010-08-27,Chaetoceros lorenzianus,남해서부
126.264755,대한민국,띠갈파래,Ulvophyceae > Ulvales > Ulvaceae > Ulva > Ulva fasciata,33.436169,대한민국 제주특별자치도 제주시 한림읍,2015-12-08,Ulva fasciata,남해서부
126.840645,대한민국,옥덩굴,Ulvophyceae > Bryopsidales > Caulerpaceae > Caulerpa > Caulerpa okamurae,33.533123,대한민국 제주특별자치도 제주시 구좌읍,2013-11-01,Caulerpa okamurae,남해서부
129.519211,대한민국,방석청각,Ulvophyceae > Bryopsidales > Codiaceae > Codium > Codium hubbsii,35.837303,대한민국 경상북도 경주시 감포읍,2014-02-27,Codium hubbsii,동해남부
126.735298,대한민국,,Stephanodiscales > Stephanodiscaceae > Cyclotella > Cyclotella striata,37.015587,대한민국 경기도 평택시,2010-02-21,Cyclotella striata,서해
126.166779,대한민국,빨강바닷말반날개,Staphylinidae > Cafius > Cafius rufescens,34.968777,대한민국 전라남도 신안군 도초면,2021-05-13,Cafius rufescens,서해
124.585808,대한민국,갯가재,Stomatopoda > Squillidae > Oratosquilla > Oratosquilla oratoria,32.900475,대한민국 서해 한·중 잠정조치수역,2021-09-09,Oratosquilla oratoria,남해서부
129.623505,대한민국,학공치,Teleostei > Beloniformes > Hemiramphidae > Hyporhamphus > Hyporhamphus sajori,36.003979,대한민국 경상북도 포항시,2015-05-01,Hyporhamphus sajori,동해남부
129.623505,대한민국,학공치,Teleostei > Beloniformes > Hemiramphidae > Hyporhamphus > Hyporhamphus sajori,36.003979,대한민국 경상북도 포항시,2015-05-01,Hyporhamphus sajori,동해남부
126.321541,대한민국,녹색말미잘이,Rhynchomolgidae > Critomolgus > Critomolgus vicinus,36.583694,대한민국 충청남도 태안군 안면읍 창기리,2012-06-03,Critomolgus vicinus,서해
126.117218,대한민국,노랑촉수,Upeneus japonicus,33.587685,대한민국 제주특별자치도 제주시,2015-10-24,Upeneus japonicus,남해서부
126.292870,대한민국,참조기,Teleostei > Perciformes > Sciaenidae > Larimichthys > Larimichthys polyactis,33.694897,대한민국 제주특별자치도 제주시,2015-10-24,Larimichthys polyactis,남해서부
126.946060,대한민국,누운청각,Ulvophyceae > Bryopsidales > Codiaceae > Codium > Codium coactum,33.513390,대한민국 제주특별자치도 제주시 우도면,2013-10-30,Codium coactum,남해서부
129.344940,대한민국,물메기,Teleostei > Scorpaeniformes > Liparidae > Liparis > Liparis tessellatus,37.228195,대한민국 강원도 삼척시,2016-01-13,Liparis tessellatus,동해중부
128.663727,대한민국,까나리,Teleostei > Perciformes > Ammodytidae > Ammodytes > Ammodytes japonicus,38.106075,대한민국 강원도 강릉시,2015-12-02,Ammodytes japonicus,동해중부
129.448883,대한민국,,Vibrionales > Vibrionaceae > Vibrio > Vibrio campbellii,36.601387,대한민국 경상북도 영덕군,2004-08-30,Vibrio campbellii,동해중부
128.533310,대한민국,가시가자미,Teleostei > Pleuronectiformes > Pleuronectidae > Acanthopsetta > Acanthopsetta nadeshnyi,38.397137,대한민국 강원도,2017-11-09,Acanthopsetta nadeshnyi,동해중부
126.418015,대한민국,비틀이고둥,Potamididae > Pirenella > Pirenella cingulata,35.383095,대한민국 전라남도 영광군 홍농읍 칠곡리 창개미골 앞 갯벌 및 습지,2017-02-27,Pirenella cingulata,서해
129.384506,대한민국,술대마디말,Ulvophyceae > Cladophorales > Cladophoraceae > Lychaete > Lychaete sakaii,36.185226,대한민국 경상북도 포항시 북구 청하면,2013-01-06,Lychaete sakaii,동해남부
129.448883,대한민국,,Vibrionales > Vibrionaceae > Vibrio > Vibrio hyugaensis,36.601387,대한민국 경상북도 영덕군,2004-08-30,Vibrio hyugaensis,동해중부
129.448883,대한민국,,Vibrionales > Vibrionaceae > Vibrio > Vibrio campbellii,36.601387,대한민국 경상북도 영덕군,2004-08-30,Vibrio campbellii,동해중부
129.448883,대한민국,,Vibrionales > Vibrionaceae > Vibrio > Vibrio jasicida,36.601387,대한민국 경상북도 영덕군,2004-08-30,Vibrio jasicida,동해중부
129.448883,대한민국,,Pseudomonadota > Gammaproteobacteria > Alteromonadales > Pseudoalteromonadaceae > Pseudoalteromonas > Pseudoalteromonas shioyasakiensis,36.601387,대한민국 경상북도 영덕군,2004-08-30,Pseudoalteromonas shioyasakiensis,동해중부
129.448883,대한민국,,Pseudomonadota > Gammaproteobacteria > Oceanospirillales > Alcanivoracaceae > Alcanivorax > Alcanivorax dieselolei,36.601387,대한민국 경상북도 영덕군,2004-08-30,Alcanivorax dieselolei,동해중부
129.448883,대한민국,,Pseudomonadota > Gammaproteobacteria > Enterobacterales > Enterobacteriaceae > Leclercia > Leclercia adecarboxylata,36.601387,대한민국 경상북도 영덕군,2004-08-30,Leclercia adecarboxylata,동해중부
129.448883,대한민국,,Staphylococcus pasteuri,36.601387,대한민국 경상북도 영덕군,2004-08-30,Staphylococcus pasteuri,동해중부
129.384506,대한민국,흐린대마디말,Ulvophyceae > Cladophorales > Cladophoraceae > Cladophora > Cladophora opaca,36.185226,대한민국 경상북도 포항시 북구 청하면,2013-01-06,Cladophora opaca,동해남부
126.157143,대한민국,잘피갯가꼬마새우,Thoridae > Eualus > Eualus leptognathus,36.829445,대한민국 충청남도 태안군 소원면 의항해수욕장,2021-05-11,Eualus leptognathus,서해
126.842361,대한민국,타이핑갑옷선충,Nematoda > Enoplea > Enoplida > Enoplidae > Enoplus > Enoplus taipingensis,33.329750,대한민국 제주특별자치도 서귀포시 표선면 조간대,2015-01-11,Enoplus taipingensis,남해서부
127.150322,대한민국,세가닥갯쇠털,Sphacelariales > Sphacelariaceae > Sphacelaria > Sphacelaria fusca,34.430183,대한민국 전라남도 고흥군 금산면 익금해수욕장,2017-09-30,Sphacelaria fusca,남해서부
128.325775,대한민국,먹장어,Myxiniformes > Myxinidae > Eptatretus > Eptatretus burgeri,34.850460,대한민국 경상남도 통영시,2017-04-05,Eptatretus burgeri,남해동부
128.058502,대한민국,도돔발상어,Squalus japonicus,34.927731,대한민국 경상남도 사천시,2015-08-20,Squalus japonicus,남해동부
129.258331,대한민국,세모뿔장수노벌레,Robertsonia normani,35.281940,대한민국 부산광역시 기장군 기장읍,2011-01-12,Robertsonia normani,동해남부
127.846413,대한민국,깃비늘치,Teleostei > Myctophiformes > Myctophidae > Benthosema > Benthosema pterotum,34.206280,대한민국 전라남도 여수시,2014-04-03,Benthosema pterotum,남해동부
126.655983,대한민국,,Teleostei > Mugiliformes > Mugilidae > Mugil > Mugil japonicus,35.802395,대한민국 전라북도 부안군,2014-04-14,Mugil japonicus,서해
129.523605,대한민국,삽벌레털노벌레,Scolecitrichidae > Scolecithrix > Scolecithrix danae,35.691250,대한민국 경상북도 경주시,2011-08-28,Scolecithrix danae,동해남부
129.353821,대한민국,붉은갈기불가사리,Velatida > Solasteridae > Lophaster > Lophaster furcilliger,37.216194,대한민국 강원도 삼척시 원덕읍,2014-09-26,Lophaster furcilliger,동해중부
126.300461,대한민국,가위갯쇠털,Sphacelariales > Sphacelariaceae > Sphacelaria > Sphacelaria rigidula,33.957703,대한민국 제주특별자치도 제주시 추자면 영흥리,2017-09-12,Sphacelaria rigidula,남해서부
126.300461,대한민국,지충이,Sargassum thunbergii,33.957703,대한민국 제주특별자치도 제주시 추자면 영흥리,2017-09-12,Sargassum thunbergii,남해서부
126.861572,대한민국,다도해모래옆새우,Malacostraca > Amphipoda > Dogielinotidae > Haustorioides > Haustorioides nesogenes,34.197987,대한민국 전라남도 완도군 지리,2013-08-27,Haustorioides nesogenes,남해서부
128.389435,대한민국,보통이형올챙이새우,Malacostraca > Cumacea > Diastylidae > Dimorphostylis > Dimorphostylis asiatica,34.188889,대한민국 경상남도,2006-10-01,Dimorphostylis asiatica,남해동부
128.594437,대한민국,네모손멜리타옆새우,Melitidae > Melita > Melita koreana,34.777500,대한민국 경상남도 거제시 율포리,2012-10-01,Melita koreana,남해동부
128.594437,대한민국,네모손멜리타옆새우,Melitidae > Melita > Melita koreana,34.777500,대한민국 경상남도 거제시 율포리,2012-10-01,Melita koreana,남해동부
129.384506,대한민국,개청각,Ulvophyceae > Bryopsidales > Codiaceae > Codium > Codium tomentosum,36.185226,대한민국 경상북도 포항시 북구 청하면,2013-11-08,Codium tomentosum,동해남부
126.701500,대한민국,가시파래,Ulvophyceae > Ulvales > Ulvaceae > Ulva > Ulva prolifera,34.296329,대한민국 전라남도 완도군 완도읍,2014-03-03,Ulva prolifera,남해서부
126.162354,대한민국,도화망둑,Teleostei > Perciformes > Gobiidae > Amblychaeturichthys > Amblychaeturichthys hexanema,36.623150,대한민국 충청남도 태안군,2014-04-24,Amblychaeturichthys hexanema,서해
128.895828,대한민국,주름깃완미윤충,Rotifera > Eurotatoria > Ploima > Brachionidae > Brachionus > Brachionus plicatilis,35.104717,대한민국 부산광역시 강서구,2011-06-16,Brachionus plicatilis,남해동부
127.766945,대한민국,,Rossellomorea marisflavi,34.681946,대한민국 남해,2017-09-28,Rossellomorea marisflavi,남해서부
125.090279,대한민국,마디이끼벌레,Gymnolaemata > Cheilostomatida > Cellariidae > Cellaria > Cellaria punctata,34.097721,대한민국 전라남도 신안군 흑산면 가거도 검은여,2021-06-22,Cellaria punctata,서해
125.122932,대한민국,큰단추이끼벌레,Steginoporellidae > Steginoporella > Steginoporella magnilabris,34.047005,대한민국 전라남도 신안군 흑산면 가거도 녹섬,2021-06-22,Steginoporella magnilabris,서해
129.448883,대한민국,,Vibrionales > Vibrionaceae > Vibrio > Vibrio hyugaensis,36.601387,대한민국 경상북도 영덕군,2004-08-30,Vibrio hyugaensis,동해중부
126.389999,대한민국,갈색가시이끼벌레,Gymnolaemata > Cheilostomatida > Calloporidae > Cauloramphus > Cauloramphus korensis,36.362221,대한민국 충청남도 보령시 오천면,2021-07-21,Cauloramphus korensis,서해
129.421432,대한민국,물메기,Teleostei > Scorpaeniformes > Liparidae > Liparis > Liparis tessellatus,37.055897,대한민국 경상북도 울진군,2016-08-20,Liparis tessellatus,동해중부
126.364594,대한민국,방어,Teleostei > Perciformes > Carangidae > Seriola > Seriola quinqueradiata,36.284615,대한민국 충청남도 보령시,2016-08-20,Seriola quinqueradiata,서해
125.361557,대한민국,붕장어,Teleostei > Anguilliformes > Congridae > Conger > Conger myriaster,37.296089,대한민국 인천광역시,2016-08-23,Conger myriaster,서해
129.448883,대한민국,,Exiguobacterium mexicanum,36.601387,대한민국 경상북도 영덕군,2004-08-30,Exiguobacterium mexicanum,동해중부
126.536667,대한민국,젓새우,Sergestoidea > Sergestidae > Acetes > Acetes japonicus,36.249722,대한민국 충청남도 보령시 웅천읍 무창포항,2021-05-13,Acetes japonicus,서해
126.468742,대한민국,별불가사리,Valvatida > Asterinidae > Patiria > Patiria pectinifera,35.628166,대한민국 전라북도 부안군 변산면 격포해수욕장,2021-03-16,Patiria pectinifera,서해
126.468742,대한민국,돌기해삼,Synallactida > Stichopodidae > Apostichopus > Apostichopus japonicus,35.628166,대한민국 전라북도 부안군 변산면 격포해수욕장,2021-03-16,Apostichopus japonicus,서해
126.472298,대한민국,검정반점갯민숭달팽이,Nudibranchia > Dendrodorididae > Dendrodoris > Dendrodoris guttata,33.224804,대한민국 제주특별자치도 서귀포시 강정동 강정포구 조간대,2017-06-30,Dendrodoris guttata,남해서부
129.416672,대한민국,,Pseudomonadota > Gammaproteobacteria > Oceanospirillales > Alcanivoracaceae > Alcanivorax > Alcanivorax borkumensis,37.070553,대한민국 동해,2016-06-27,Alcanivorax borkumensis,동해중부
127.766945,대한민국,,Rossellomorea marisflavi,34.886669,대한민국 남해,2017-09-28,Rossellomorea marisflavi,남해서부
129.448883,대한민국,,Micrococcales > Micrococcaceae > Kocuria > Kocuria salina,36.601387,대한민국 경상북도 영덕군,2004-08-30,Kocuria salina,동해중부
129.448883,대한민국,,Psychrobacter pulmonis,36.601387,대한민국 경상북도 영덕군,2004-08-30,Psychrobacter pulmonis,동해중부
126.795830,대한민국,,Pseudomonadota > Gammaproteobacteria > Alteromonadales > Alteromonadaceae > Alteromonas > Alteromonas macleodii,33.559998,대한민국 제주근해,2017-10-27,Alteromonas macleodii,남해서부
128.782639,대한민국,보어밴키해변해면,Porifera > Demospongiae > Halichondrida > Halichondridae > Halichondria > Halichondria bowerbanki,35.082447,대한민국 경상남도 창원시 진해구,2011-08-25,Halichondria bowerbanki,남해동부
122.792030,대한민국,두점박이민꽃게,Thalamitinae > Charybdis > Gonioneptunus > Charybdis (Gonioneptunus) bimaculata,34.298664,대한민국 서해 한·중 잠정조치수역,2021-09-11,Charybdis (Gonioneptunus) bimaculata,서해
123.603203,대한민국,긴집게발게,Pleocyemata > Brachyura > Majoidea > Oregoniidae > Oregoniinae > Oregonia > Oregonia gracilis,34.257660,대한민국 서해 한·중 잠정조치수역,2021-09-10,Oregonia gracilis,서해
126.545944,대한민국,무늬발게,Varunidae > Hemigrapsus > Hemigrapsus sanguineus,35.586128,대한민국 전라북도 부안군 진서면,2021-03-15,Hemigrapsus sanguineus,서해
123.281555,대한민국,꽃게,Portunus trituberculatus,33.773613,대한민국 서해 한·중 잠정조치수역,2021-09-10,Portunus trituberculatus,서해
126.931229,대한민국,개그물바탕말,Rugulopteryx okamurae,33.424156,대한민국 제주특별자치도 서귀포시 성산읍 섭지코지,2015-05-05,Rugulopteryx okamurae,남해서부
129.568085,대한민국,참가죽그물바탕말,Phaeophyceae > Dictyotales > Dictyotaceae > Dictyota > Dictyota coriacea,36.079945,대한민국 경상북도 포항시 남구 호미곶면 구만리,2015-01-24,Dictyota coriacea,동해남부
129.450821,대한민국,그물바구니,Scytosiphonaceae > Hydroclathrus > Hydroclathrus clathratus,36.678585,대한민국 경상북도 울진군 후포면 후포항,2015-01-23,Hydroclathrus clathratus,동해중부
127.910278,대한민국,,Nematoda > Chromadorea > Monhysterida > Monhysteridae > Halomonhystera > Halomonhystera disjuncta,34.749168,대한민국 경상남도 남해군 남면 조간대,2016-02-17,Halomonhystera disjuncta,남해동부
126.277283,대한민국,미역,Undaria pinnatifida,34.394402,대한민국 전라남도 진도군 의신면 금갑,2014-03-16,Undaria pinnatifida,남해서부
128.058502,대한민국,학공치,Teleostei > Beloniformes > Hemiramphidae > Hyporhamphus > Hyporhamphus sajori,34.927731,대한민국 경상남도 사천시,2015-01-09,Hyporhamphus sajori,남해동부
126.305046,대한민국,새우붙이,Pleocyemata > Anomura > Galatheoidea > Galatheidae > Galathea > Galathea orientalis,33.961796,대한민국 제주특별자치도 제주시 추자면,2020-08-09,Galathea orientalis,남해서부
126.305046,대한민국,포로시씨마이끼벌레,Gymnolaemata > Cheilostomatida > Celleporidae > Celleporina > Celleporina porosissima,33.961796,대한민국 제주특별자치도 제주시 추자면,2020-08-09,Celleporina porosissima,남해서부
126.369408,대한민국,검은띠불가사리,Paxillosida > Luidiidae > Luidia > Luidia quinaria,37.446609,대한민국 인천광역시 중구,2013-03-30,Luidia quinaria,서해
126.085518,대한민국,가는낫노벌레,Copepoda > Calanoida > Centropagidae > Centropages > Centropages tenuiremis,34.346981,대한민국 전라남도 진도군,2011-05-15,Centropages tenuiremis,남해서부
126.264084,대한민국,족집게부푼긴노벌레,Tortanus > Tortanus > Tortanus (Tortanus) forcipatus,36.990200,대한민국 충청남도 태안군,2011-09-05,Tortanus (Tortanus) forcipatus,서해
126.093178,대한민국,족집게부푼긴노벌레,Tortanus > Tortanus > Tortanus (Tortanus) forcipatus,36.969696,대한민국 충청남도 태안군,2011-09-05,Tortanus (Tortanus) forcipatus,서해
128.511108,대한민국,더듬털해면속살이,Siphonostomatoida > Asterocheridae > Asterocheres > Asterocheres aesthetes,38.367496,대한민국 강원도 고성군 죽왕면 가진항,2020-04-28,Asterocheres aesthetes,동해중부
126.136108,대한민국,넙치장님물이,Siphonostomatoida > Caligidae > Lepeophtheirus > Lepeophtheirus paralichthydis,36.676945,대한민국 충청남도 태안군 근흥면 신진항,2020-05-13,Lepeophtheirus paralichthydis,서해
127.677368,대한민국,두가시걸쇠뿔노벌레,Pontellidae > Labidocera > Labidocera rotunda,34.884762,대한민국 전라남도 광양시,2011-08-19,Labidocera rotunda,남해서부
123.715813,대한민국,대롱수염새우,Solenoceridae > Solenocera > Solenocera melantho,33.745010,대한민국 서해 한·중 잠정조치수역,2021-09-09,Solenocera melantho,서해
126.085518,대한민국,두가시걸쇠뿔노벌레,Pontellidae > Labidocera > Labidocera rotunda,34.346981,대한민국 전라남도 진도군,2011-05-15,Labidocera rotunda,남해서부
129.317810,대한민국,동양짧은몸용선충,Nematoda > Chromadorea > Desmodorida > Draconematidae > Dinetia > Dinetia orientalis,37.289207,대한민국 강원도 삼척시 근덕면 조간대,2014-05-22,Dinetia orientalis,동해중부
129.317810,대한민국,동양짧은몸용선충,Nematoda > Chromadorea > Desmodorida > Draconematidae > Dinetia > Dinetia orientalis,37.289207,대한민국 강원도 삼척시 근덕면 조간대,2014-05-22,Dinetia orientalis,동해중부
129.506241,대한민국,비틀대모자반,Sargassum sagamianum,35.806595,대한민국 경상북도 경주시 감포읍 감포,2016-12-31,Sargassum sagamianum,동해남부
127.846413,대한민국,삼치,Teleostei > Perciformes > Scombridae > Scomberomorus > Scomberomorus niphonius,34.206280,대한민국 전라남도 여수시,2015-12-23,Scomberomorus niphonius,남해동부
128.791245,대한민국,갈전갱이,Teleostei > Perciformes > Carangidae > Kaiwarinus > Kaiwarinus equula,34.778065,대한민국 경상남도 거제시,2015-12-23,Kaiwarinus equula,남해동부
127.766945,대한민국,,Pseudomonadota > Gammaproteobacteria > Alteromonadales > Alteromonadaceae > Marinobacter > Marinobacter nauticus,34.681946,대한민국 남해,2017-09-28,Marinobacter nauticus,남해서부
129.623505,대한민국,학공치,Teleostei > Beloniformes > Hemiramphidae > Hyporhamphus > Hyporhamphus sajori,36.003979,대한민국 경상북도 포항시,2015-05-01,Hyporhamphus sajori,동해남부
129.623505,대한민국,학공치,Teleostei > Beloniformes > Hemiramphidae > Hyporhamphus > Hyporhamphus sajori,36.003979,대한민국 경상북도 포항시,2015-05-01,Hyporhamphus sajori,동해남부
126.332497,대한민국,털다발풀게,Varunidae > Hemigrapsus > Hemigrapsus takanoi,37.651947,대한민국 인천광역시 강화군 삼산면 민머루해변,2021-08-26,Hemigrapsus takanoi,서해
128.952225,대한민국,,Stappiaceae > Pseudovibrio > Pseudovibrio ascidiaceicola,34.886112,대한민국 부산광역시,2004-09-30,Pseudovibrio ascidiaceicola,남해동부
123.281555,대한민국,두점박이민꽃게,Thalamitinae > Charybdis > Gonioneptunus > Charybdis (Gonioneptunus) bimaculata,33.773613,대한민국 서해 한·중 잠정조치수역,2021-09-10,Charybdis (Gonioneptunus) bimaculata,서해
124.719582,대한민국,바다반날개,Staphylinidae > Aleocharinae > Adota > Adota magnipennis,37.949390,대한민국 인천광역시 옹진군,2021-06-23,Adota magnipennis,서해
126.561195,대한민국,강진갯벌반날개,Staphylinidae > Aleocharinae > Bryothinusa > Bryothinusa gangjinensis,37.029778,대한민국 충청남도 당진시 석문면,2021-08-18,Bryothinusa gangjinensis,서해
128.952225,대한민국,,Sphingomonadales > Erythrobacteraceae > Qipengyuania > Qipengyuania polymorpha,34.886112,대한민국 부산광역시,2004-09-30,Qipengyuania polymorpha,남해동부
125.361557,대한민국,삼세기,Teleostei > Scorpaeniformes > Agonidae > Hemitripterus > Hemitripterus villosus,37.296089,대한민국 인천광역시,2016-09-03,Hemitripterus villosus,서해
128.952225,대한민국,,Sulfitobacter pontiacus,34.886112,대한민국 부산광역시,2004-09-30,Sulfitobacter pontiacus,남해동부
128.952225,대한민국,,Roseobacteraceae > Alloyangia > Alloyangia pacifica,34.886112,대한민국 부산광역시,2004-09-30,Alloyangia pacifica,남해동부
128.952225,대한민국,,Lacinutrix venerupis,34.886112,대한민국 부산광역시,2004-09-30,Lacinutrix venerupis,남해동부
127.321457,대한민국,긴불레기말,Scytosiphonaceae > Dactylosiphon > Dactylosiphon bullosus,34.006603,"대한민국 전라남도 여수시 삼산면 덕촌리,거문도등대",2016-03-25,Dactylosiphon bullosus,남해서부
126.872780,대한민국,,Vibrionales > Vibrionaceae > Vibrio > Vibrio chagasii,33.529167,대한민국 제주근해,2017-10-27,Vibrio chagasii,남해서부
129.577271,대한민국,미역쇠,Scytosiphonaceae > Petalonia > Petalonia binghamiae,36.026028,대한민국 경상북도 포항시 남구 구룡포읍 석봉2리,2015-12-26,Petalonia binghamiae,동해남부
129.506241,대한민국,미역쇠,Scytosiphonaceae > Petalonia > Petalonia binghamiae,35.806595,대한민국 경상북도 경주시 감포읍 감포리,2016-04-01,Petalonia binghamiae,동해남부
128.952225,대한민국,,Sulfitobacter pontiacus,34.886112,대한민국 부산광역시,2004-09-30,Sulfitobacter pontiacus,남해동부
126.935211,대한민국,엷은부챗말,Phaeophyceae > Dictyotales > Dictyotaceae > Padina > Padina japonica,33.470634,대한민국 제주특별자치도 서귀포시 성산읍 성산포,2018-06-08,Padina japonica,남해서부
125.976280,대한민국,둥근돗대기새우,Pleocyemata > Caridea > Pasiphaeoidea > Pasiphaeidae > Leptochela > Leptochela sydniensis,36.113220,대한민국 전라북도 군산시 옥도면 어청도,2021-05-21,Leptochela sydniensis,서해
126.391396,대한민국,붉은줄참새우,Pleocyemata > Caridea > Palaemonoidea > Palaemonidae > Palaemon > Palaemon macrodactylus,34.894257,대한민국 전라남도 무안군 청계면 복길항,2021-03-17,Palaemon macrodactylus,서해
126.359024,대한민국,짧은싸리비유령갯지렁이,Thelepus toyamaensis,36.422085,대한민국 충청남도 태안군 고남면,2021-09-08,Thelepus toyamaensis,서해
126.135666,대한민국,둥근이빨참갯지렁이,Pseudonereis variegata,36.670918,대한민국 충청남도 태안군 근흥면,2021-03-31,Pseudonereis variegata,서해
128.951157,대한민국,부풀음벌집소모충,Tintinnida > Rhabdonellidae > Schmidingerella > Schmidingerella arcuata,37.772167,대한민국 강원도 강릉시 강릉항,2017-04-28,Schmidingerella arcuata,동해중부
126.631393,대한민국,,Streptomycetales > Streptomycetaceae > Streptomyces > Streptomyces zaomyceticus,37.174725,대한민국 서해,2010-05-10,Streptomyces zaomyceticus,서해
126.631393,대한민국,,Caryophanales > Bacillaceae > Bacillus > Bacillus paramycoides,37.174725,대한민국 서해,2010-05-10,Bacillus paramycoides,서해
129.119171,대한민국,떡청각,Ulvophyceae > Bryopsidales > Codiaceae > Codium > Codium arabicum,37.567028,대한민국 강원도 동해시,2013-10-26,Codium arabicum,동해중부
128.952225,대한민국,,Salegentibacter mishustinae,34.886112,대한민국 부산광역시,2004-09-30,Salegentibacter mishustinae,남해동부
128.425003,대한민국,뿔가시횟대장님물이,Siphonostomatoida > Caligidae > Lepeophtheirus > Lepeophtheirus parviventris,38.500000,대한민국 강원도 고성군 현내면 대진항,2020-04-28,Lepeophtheirus parviventris,동해중부
128.577545,대한민국,매끈발톱요정짠물응애,Trombidiformes > Halacaridae > Agaue > Agaue laeviunguis,34.778378,대한민국 경상남도 거제시 동부면 덕원해수욕장,2018-03-20,Agaue laeviunguis,남해동부
128.951157,대한민국,톱날입진짜종소모충,Tintinnidae > Eutintinnus > Eutintinnus rectus,37.772167,대한민국 강원도 강릉시 강릉항,2017-04-28,Eutintinnus rectus,동해중부
128.951157,대한민국,톱날입진짜종소모충,Tintinnidae > Eutintinnus > Eutintinnus rectus,37.772167,대한민국 강원도 강릉시 강릉항,2017-04-28,Eutintinnus rectus,동해중부
126.634064,대한민국,,Thalassiosirales > Thalassiosiraceae > Detonula > Detonula pumila,33.542118,대한민국 제주특별자치도 제주시,2012-06-23,Detonula pumila,남해서부
126.224388,대한민국,그물바탕말,Phaeophyceae > Dictyotales > Dictyotaceae > Dictyota > Dictyota dichotoma,33.417946,대한민국 제주특별자치도 제주시 한림읍 비양도,2021-07-28,Dictyota dichotoma,남해서부
126.307449,대한민국,태평작은노벌레,Odontacartia > Acartia (Odontacartia) pacifica,34.569183,대한민국 전라남도 진도군,2011-08-15,Acartia (Odontacartia) pacifica,남해서부
129.377335,대한민국,,Oncholaimidae > Adoncholaimus > Adoncholaimus daikokuensis,37.105988,대한민국 경상북도 울진군 북면 조간대,2016-02-11,Adoncholaimus daikokuensis,동해중부
130.846436,대한민국,,Oncholaimidae > Adoncholaimus > Adoncholaimus crassicaudus,37.539951,대한민국 경상북도 울릉군 울릉읍 조하대,2016-06-18,Adoncholaimus crassicaudus,동해중부
127.766945,대한민국,,Vibrionales > Vibrionaceae > Catenococcus > Catenococcus thiocycli,34.681946,대한민국 남해,2017-09-28,Catenococcus thiocycli,남해서부
128.325775,대한민국,,Teleostei > Perciformes > Cebidichthyidae > Dictyosoma > Dictyosoma burgeri,34.850460,대한민국 경상남도 통영시,2019-07-09,Dictyosoma burgeri,남해동부
127.458809,대한민국,가시투성바다대벌레,Malacostraca > Amphipoda > Caprellidae > Caprella > Caprella acanthogaster,34.840874,대한민국 전라남도 순천시 별량면 마산리,2012-07-23,Caprella acanthogaster,남해서부
125.411362,대한민국,민꽃게,Thalamitinae > Charybdis > Charybdis > Charybdis (Charybdis) japonica,34.643978,대한민국 전라남도 신안군 흑산면 흑산도,2021-08-10,Charybdis (Charybdis) japonica,서해
128.952225,대한민국,,Rhodobacterales > Paracoccaceae > Paracoccus > Paracoccus homiensis,34.886112,대한민국 부산광역시,2004-09-30,Paracoccus homiensis,남해동부
125.193199,대한민국,크뢰앙솜털,Phaeophyceae > Ectocarpales > Ectocarpaceae > Ectocarpus > Ectocarpus crouaniorum,34.683933,"대한민국 전라남도 신안군 흑산면 홍도리,홍도항",2016-05-21,Ectocarpus crouaniorum,서해
129.506241,대한민국,민가지말,Phaeophyceae > Ectocarpales > Chordariaceae > Chordaria > Chordaria flagelliformis,35.806595,대한민국 경상북도 경주시 감포읍 감포리,2016-04-01,Chordaria flagelliformis,동해남부
126.831665,대한민국,,Vibrionales > Vibrionaceae > Vibrio > Vibrio caribbeanicus,33.546665,대한민국 제주근해,2017-10-27,Vibrio caribbeanicus,남해서부
126.636940,대한민국,,Caryophanales > Bacillaceae > Bacillus > Bacillus aeolius,35.978889,대한민국 서해,2017-09-28,Bacillus aeolius,서해
128.952225,대한민국,,Rhodobacterales > Paracoccaceae > Paracoccus > Paracoccus xiamenensis,34.886112,대한민국 부산광역시,2004-09-30,Paracoccus xiamenensis,남해동부
126.503761,대한민국,갯가꼬마새우,Thoridae > Eualus > Eualus sinensis,36.327717,대한민국 충청남도 보령시 대천항,2021-05-12,Eualus sinensis,서해
128.952225,대한민국,,Weeksellaceae > Chryseobacterium > Chryseobacterium profundimaris,34.886112,대한민국 부산광역시,2004-09-30,Chryseobacterium profundimaris,남해동부
127.308014,대한민국,톳,Sargassum fusiforme,34.018715,"대한민국 전라남도 여수시 삼산면 거문도, 서도",2017-10-01,Sargassum fusiforme,남해서부
129.486557,대한민국,도화볼락,Teleostei > Scorpaeniformes > Sebastidae > Sebastes > Sebastes joyneri,36.094219,대한민국 경상북도 포항시,2016-08-25,Sebastes joyneri,동해남부
129.397644,대한민국,염주말,Ulvophyceae > Cladophorales > Cladophoraceae > Chaetomorpha > Chaetomorpha moniligera,36.160778,대한민국 경상북도 포항시 북구 흥해읍,2015-11-06,Chaetomorpha moniligera,동해남부
129.225067,대한민국,연두털말,Phaeophyceae > Ectocarpales > Chordariaceae > Papenfussiella > Papenfussiella kuromo,35.215683,대한민국 부산광역시 기장군 기장읍 연화리,2014-01-03,Papenfussiella kuromo,동해남부
126.631393,대한민국,,Caryophanales > Bacillaceae > Bacillus > Bacillus altitudinis,37.174725,대한민국 서해,2010-05-10,Bacillus altitudinis,서해
127.805435,대한민국,바위주름,Phaeophyceae > Ectocarpales > Petrospongiaceae > Petrospongium > Petrospongium rugosum,34.857830,대한민국 경상남도 남해군 서면 노구리,2012-01-24,Petrospongium rugosum,남해동부
129.197754,대한민국,바위주름,Phaeophyceae > Ectocarpales > Petrospongiaceae > Petrospongium > Petrospongium rugosum,35.175198,대한민국 부산광역시 해운대구 송정동 구덕포,2016-04-23,Petrospongium rugosum,동해남부
128.988770,대한민국,가지바다오디,Phaeophyceae > Ectocarpales > Chordariaceae > Botrytella > Botrytella reinboldii,37.737724,대한민국 강원도 강릉시 강동면 안인진항,2018-05-01,Botrytella reinboldii,동해중부
126.631393,대한민국,,Rossellomorea marisflavi,37.174725,대한민국 서해,2010-05-10,Rossellomorea marisflavi,서해
126.631393,대한민국,,Staphylococcus sciuri,37.174725,대한민국 서해,2010-05-10,Staphylococcus sciuri,서해
129.172668,대한민국,,Terebellidae > Amaeana > Amaeana occidentalis,35.136715,대한민국 부산광역시,2010-08-01,Amaeana occidentalis,남해동부
128.952225,대한민국,,Vibrionales > Vibrionaceae > Vibrio > Vibrio chagasii,34.886112,대한민국 부산광역시,2004-09-30,Vibrio chagasii,남해동부
129.416672,대한민국,,Geodermatophilales > Geodermatophilaceae > Blastococcus > Blastococcus massiliensis,37.070553,대한민국 동해,2016-06-27,Blastococcus massiliensis,동해중부
129.416672,대한민국,,Pseudomonadota > Gammaproteobacteria > Oceanospirillales > Alcanivoracaceae > Alcanivorax > Alcanivorax venustensis,37.070553,대한민국 동해,2016-06-27,Alcanivorax venustensis,동해중부
127.766945,대한민국,,Pseudomonadota > Gammaproteobacteria > Oceanospirillales > Halomonadaceae > Halomonas > Halomonas aestuarii,34.886669,대한민국 남해,2017-09-28,Halomonas aestuarii,남해서부
128.952225,대한민국,,Psychrobacter piscatorii,34.886112,대한민국 부산광역시,2004-09-30,Psychrobacter piscatorii,남해동부
127.458778,대한민국,가시투성바다대벌레,Malacostraca > Amphipoda > Caprellidae > Caprella > Caprella acanthogaster,34.840843,대한민국 전라남도 순천시 별량면 마산리,2012-07-22,Caprella acanthogaster,남해서부
126.631393,대한민국,,Vibrionales > Vibrionaceae > Vibrio > Vibrio azureus,37.174725,대한민국 서해,2010-05-10,Vibrio azureus,서해
126.631393,대한민국,,Staphylococcus capitis subsp. capitis,37.174725,대한민국 서해,2010-05-10,Staphylococcus capitis subsp. capitis,서해
126.631393,대한민국,,Metabacillus halosaccharovorans,37.174725,대한민국 서해,2010-05-10,Metabacillus halosaccharovorans,서해
126.631393,대한민국,,Caryophanales > Bacillaceae > Bacillus > Bacillus siamensis,37.174725,대한민국 서해,2010-05-10,Bacillus siamensis,서해
126.631393,대한민국,,Rhodobacterales > Paracoccaceae > Paracoccus > Paracoccus marcusii,37.174725,대한민국 서해,2010-05-10,Paracoccus marcusii,서해
128.952225,대한민국,,Ruegeria atlantica,34.886112,대한민국 부산광역시,2004-09-30,Ruegeria atlantica,남해동부
126.567924,대한민국,계단꼭지청자고둥,Neogastropoda > Conidae > Conus > Conus lischkeanus,33.227169,대한민국 제주특별자치도 서귀포시 서귀동 문섬 site3 diving,2017-04-22,Conus lischkeanus,남해서부
128.952225,대한민국,,Mycobacteriales > Dietziaceae > Dietzia > Dietzia kunjamensis subsp. kunjamensis,34.886112,대한민국 부산광역시,2004-09-30,Dietzia kunjamensis subsp. kunjamensis,남해동부
129.603989,대한민국,두깃장방노벌레,Copepoda > Calanoida > Candaciidae > Candacia > Candacia bipinnata,35.726879,대한민국 경상북도 경주시,2011-08-28,Candacia bipinnata,동해남부
129.222061,대한민국,두깃장방노벌레,Copepoda > Calanoida > Candaciidae > Candacia > Candacia bipinnata,35.159424,대한민국 부산광역시,2011-08-28,Candacia bipinnata,동해남부
125.122704,대한민국,마디이끼벌레,Gymnolaemata > Cheilostomatida > Cellariidae > Cellaria > Cellaria punctata,34.046944,대한민국 전라남도 신안군 흑산면 가거도 녹섬,2021-06-22,Cellaria punctata,서해
126.588707,대한민국,,Rotaliida > Amphisteginidae > Amphistegina > Amphistegina radiata,33.236694,대한민국 제주특별자치도 서귀포시 섶섬,2020-08-03,Amphistegina radiata,남해서부
126.735031,대한민국,,Rotaliida > Pegidiidae > Pegidia > Pegidia dubia,33.574017,대한민국 제주특별자치도 제주시 구좌읍,2016-04-30,Pegidia dubia,남해서부
126.285583,대한민국,젓새우,Sergestoidea > Sergestidae > Acetes > Acetes japonicus,36.623795,대한민국 충청남도 태안군 남면 마검포항,2021-05-11,Acetes japonicus,서해
126.527000,대한민국,옆길게,Tritodynamiinae > Tritodynamia > Tritodynamia rathbuni,36.221111,대한민국 충청남도 보령시 웅천읍 독산해수욕장,2021-03-02,Tritodynamia rathbuni,서해
126.545944,대한민국,칠게,Pleocyemata > Brachyura > Ocypodoidea > Macrophthalmidae > Macrophthalminae > Macrophthalmus > Mareotis > Macrophthalmus (Mareotis) japonicus,35.586128,대한민국 전라북도 부안군 진서면,2021-03-16,Macrophthalmus (Mareotis) japonicus,서해
129.416672,대한민국,,Pseudalkalibacillus berkeleyi,37.070553,대한민국 동해,2016-06-27,Pseudalkalibacillus berkeleyi,동해중부
129.416672,대한민국,,Pseudalkalibacillus berkeleyi,37.070553,대한민국 동해,2016-06-27,Pseudalkalibacillus berkeleyi,동해중부
126.795830,대한민국,,Pseudomonadota > Gammaproteobacteria > Alteromonadales > Alteromonadaceae > Alteromonas > Alteromonas macleodii,33.559998,대한민국 제주근해,2017-10-27,Alteromonas macleodii,남해서부
129.225067,대한민국,반지털,Phaeophyceae > Ectocarpales > Chordariaceae > Halothrix > Halothrix lumbricalis,35.215683,대한민국 부산광역시 기장군 기장읍 연화리,2014-01-03,Halothrix lumbricalis,동해남부
126.296425,대한민국,바위두둑,Phaeophyceae > Ectocarpales > Chordariaceae > Leathesia > Leathesia marina,33.962414,대한민국 제주특별자치도 제주시 추자면 추자항,2014-06-27,Leathesia marina,남해서부
126.330917,대한민국,바위수염,Scytosiphonaceae > Myelophycus > Myelophycus simplex,33.956097,"대한민국 제주특별자치도 제주시 추자면 추자도, 예초리",2014-06-27,Myelophycus simplex,남해서부
126.795830,대한민국,,Vibrionales > Vibrionaceae > Photobacterium > Photobacterium damselae subsp. damselae,33.559998,대한민국 제주근해,2017-10-27,Photobacterium damselae subsp. damselae,남해서부
126.872780,대한민국,,Vibrionales > Vibrionaceae > Vibrio > Vibrio antiquarius,33.529167,대한민국 제주근해,2017-10-27,Vibrio antiquarius,남해서부
126.529694,대한민국,도끼배보트노벌레,Pontellidae > Pontella > Pontella securifer,33.234795,대한민국 제주특별자치도 서귀포시,2020-10-13,Pontella securifer,남해서부
126.636940,대한민국,,Caryophanales > Bacillaceae > Bacillus > Bacillus aeolius,35.978889,대한민국 서해,2017-09-28,Bacillus aeolius,서해
126.636940,대한민국,,Caryophanales > Bacillaceae > Aeribacillus > Aeribacillus pallidus,35.978889,대한민국 서해,2017-09-28,Aeribacillus pallidus,서해
126.275421,대한민국,꼬인바위수염,Scytosiphonaceae > Myelophycus > Myelophycus cavus,34.395943,대한민국 전라남도 진도군 의신면 금갑해수욕장,2013-03-27,Myelophycus cavus,남해서부
128.418610,대한민국,,Pseudomonadota > Gammaproteobacteria > Alteromonadales > Pseudoalteromonadaceae > Pseudoalteromonas > Pseudoalteromonas spongiae,34.839443,대한민국 남해,2017-09-27,Pseudoalteromonas spongiae,남해동부
125.191460,대한민국,크뢰앙솜털,Phaeophyceae > Ectocarpales > Ectocarpaceae > Ectocarpus > Ectocarpus crouaniorum,34.685791,"대한민국 전라남도 신안군 흑산면 홍도리,몽돌해수욕장",2016-05-20,Ectocarpus crouaniorum,서해
126.631393,대한민국,,Pseudomonadota > Alphaproteobacteria > Hyphomicrobiales > Devosiaceae > Devosia > Devosia euplotis,37.174725,대한민국 서해,2010-05-10,Devosia euplotis,서해
126.565422,대한민국,말청각,Ulvophyceae > Bryopsidales > Codiaceae > Codium > Codium subtubulosum,33.227776,대한민국 제주특별자치도 서귀포시,2015-07-06,Codium subtubulosum,남해서부
126.576233,대한민국,가숭어,Teleostei > Mugiliformes > Mugilidae > Planiliza > Planiliza haematocheilus,36.138714,대한민국 충청남도 서천군 비인면 비인천,2021-09-30,Planiliza haematocheilus,서해
126.390701,대한민국,털다발풀게,Varunidae > Hemigrapsus > Hemigrapsus takanoi,34.900120,대한민국 전라남도 무안군 청계면,2021-03-17,Hemigrapsus takanoi,서해
126.631393,대한민국,,Priestia aryabhattai,37.174725,대한민국 서해,2010-05-10,Priestia aryabhattai,서해
126.631393,대한민국,,Caryophanales > Bacillaceae > Bacillus > Bacillus zhangzhouensis,37.174725,대한민국 서해,2010-05-10,Bacillus zhangzhouensis,서해
128.988876,대한민국,그물바탕말,Phaeophyceae > Dictyotales > Dictyotaceae > Dictyota > Dictyota dichotoma,37.737041,"대한민국 강원도 강릉시 강동면 안인,강릉",2013-10-04,Dictyota dichotoma,동해중부
126.277283,대한민국,불레기말,Scytosiphonaceae > Colpomenia > Colpomenia sinuosa,34.394402,대한민국 전라남도 진도군 의신면 금갑,2014-03-16,Colpomenia sinuosa,남해서부
129.450821,대한민국,불레기말,Scytosiphonaceae > Colpomenia > Colpomenia sinuosa,36.678585,대한민국 경상북도 울진군 후포면 후포항,2015-01-23,Colpomenia sinuosa,동해중부
126.631393,대한민국,,Caryophanales > Bacillaceae > Bacillus > Bacillus zhangzhouensis,37.174725,대한민국 서해,2010-05-10,Bacillus zhangzhouensis,서해
128.952225,대한민국,,Stappiaceae > Pseudovibrio > Pseudovibrio ascidiaceicola,34.886112,대한민국 부산광역시,2004-09-30,Pseudovibrio ascidiaceicola,남해동부
129.552063,대한민국,불레기말,Scytosiphonaceae > Colpomenia > Colpomenia sinuosa,36.084415,대한민국 경상북도 포항시 남구 호미곶면 구만2리,2015-12-26,Colpomenia sinuosa,동해남부
126.631393,대한민국,,Staphylococcus saprophyticus subsp. saprophyticus,37.174725,대한민국 서해,2010-05-10,Staphylococcus saprophyticus subsp. saprophyticus,서해
126.631393,대한민국,,Staphylococcus xylosus,37.174725,대한민국 서해,2010-05-10,Staphylococcus xylosus,서해
126.631393,대한민국,,Vibrionales > Vibrionaceae > Vibrio > Vibrio neocaledonicus,37.174725,대한민국 서해,2010-05-10,Vibrio neocaledonicus,서해
126.631393,대한민국,,Caryophanales > Bacillaceae > Alkalihalobacillus > Alkalihalobacillus algicola,37.174725,대한민국 서해,2010-05-10,Alkalihalobacillus algicola,서해
126.631393,대한민국,,Staphylococcus capitis subsp. capitis,37.174725,대한민국 서해,2010-05-10,Staphylococcus capitis subsp. capitis,서해
126.631393,대한민국,,Micrococcus aloeverae,37.174725,대한민국 서해,2010-05-10,Micrococcus aloeverae,서해
126.631393,대한민국,,Pseudomonadota > Gammaproteobacteria > Oceanospirillales > Halomonadaceae > Halomonas > Halomonas shengliensis,37.174725,대한민국 서해,2010-05-10,Halomonas shengliensis,서해
129.577271,대한민국,미역쇠,Scytosiphonaceae > Petalonia > Petalonia binghamiae,36.026028,대한민국 경상북도 포항시 남구 구룡포읍 석봉2리,2015-12-26,Petalonia binghamiae,동해남부
126.631393,대한민국,,Vibrionales > Vibrionaceae > Vibrio > Vibrio neocaledonicus,37.174725,대한민국 서해,2010-05-10,Vibrio neocaledonicus,서해
126.503761,대한민국,붉은줄참새우,Pleocyemata > Caridea > Palaemonoidea > Palaemonidae > Palaemon > Palaemon macrodactylus,36.327717,대한민국 충청남도 보령시,2021-05-12,Palaemon macrodactylus,서해
126.503761,대한민국,붉은줄참새우,Pleocyemata > Caridea > Palaemonoidea > Palaemonidae > Palaemon > Palaemon macrodactylus,36.327717,대한민국 충청남도 보령시,2021-05-12,Palaemon macrodactylus,서해
129.564163,대한민국,큰대마디말,Ulvophyceae > Cladophorales > Cladophoraceae > Lychaete > Lychaete japonica var. kajimurae,35.989723,대한민국 경상북도 포항시 남구 구룡포읍,2015-06-24,Lychaete japonica var. kajimurae,동해남부
126.294693,대한민국,꽃병소모충,Tintinnidae > Amphorides > Amphorides amphora,33.961555,대한민국 제주특별자치도 제주시 추자면 대서리 상추자도항,2021-08-19,Amphorides amphora,남해서부
126.631393,대한민국,,Pseudomonadota > Gammaproteobacteria > Alteromonadales > Pseudoalteromonadaceae > Pseudoalteromonas > Pseudoalteromonas arabiensis,37.174725,대한민국 서해,2010-05-10,Pseudoalteromonas arabiensis,서해
126.631393,대한민국,,Priestia flexa,37.174725,대한민국 서해,2010-05-10,Priestia flexa,서해
126.398582,대한민국,꼬인바위수염,Scytosiphonaceae > Myelophycus > Myelophycus cavus,36.368439,"대한민국 충청남도 보령시 오천면 원산도,오봉산해수욕장",2015-06-15,Myelophycus cavus,서해
126.398582,대한민국,꼬인바위수염,Scytosiphonaceae > Myelophycus > Myelophycus cavus,36.368439,"대한민국 충청남도 보령시 오천면 원산도,오봉산해수욕장",2015-06-15,Myelophycus cavus,서해
128.952225,대한민국,,Vibrionales > Vibrionaceae > Vibrio > Vibrio chagasii,34.886112,대한민국 부산광역시,2004-09-30,Vibrio chagasii,남해동부
128.709137,대한민국,창자파래,Ulvophyceae > Ulvales > Ulvaceae > Ulva > Ulva intestinalis,34.845581,대한민국 경상남도 거제시 일운면,2016-04-08,Ulva intestinalis,남해동부
128.952225,대한민국,,Rhodobacterales > Paracoccaceae > Paracoccus > Paracoccus halophilus,34.886112,대한민국 부산광역시,2004-10-04,Paracoccus halophilus,남해동부
126.301628,대한민국,,Protista > Dinophyta > Dinophyceae > Dinophysiales > Dinophysaceae > Dinophysis > Dinophysis acuminata,33.185017,대한민국 제주특별자치도 서귀포시 안덕면 화순 앞바다,2010-07-29,Dinophysis acuminata,남해서부
126.249077,대한민국,창자파래,Ulvophyceae > Ulvales > Ulvaceae > Ulva > Ulva intestinalis,33.986305,대한민국 제주특별자치도 제주시 추자면 추자도,2021-09-11,Ulva intestinalis,남해서부
125.113640,대한민국,털비말,Sporochnus radiciformis,34.056332,대한민국 전라남도 신안군 흑산면 가거도,2021-06-29,Sporochnus radiciformis,서해
126.371391,대한민국,납작수염부채발갯지렁이,Polychaeta > Phyllodocida > Phyllodocidae > Nereiphylla > Nereiphylla castanea,37.447308,대한민국 인천광역시 중구,2021-04-14,Nereiphylla castanea,서해
126.359024,대한민국,옆눈비늘갯지렁이,Polynoidae > Harmothoe > Harmothoe imbricata,36.422085,대한민국 충청남도 태안군 고남면,2021-09-09,Harmothoe imbricata,서해
126.113914,대한민국,원참갯지렁이,Polychaeta > Phyllodocida > Nereididae > Nereis > Nereis pelagica,35.010502,대한민국 전라남도 신안군 증도면,2021-07-23,Nereis pelagica,서해
129.386780,대한민국,,Ulvophyceae > Bryopsidales > Codiaceae > Codium > Codium tenue,36.346249,대한민국 경상북도 영덕군 강구면,2016-04-29,Codium tenue,동해남부
130.878952,대한민국,갈색대마디말,Ulvophyceae > Cladophorales > Cladophoraceae > Cladophora > Cladophora wrightiana var. minor,37.465694,대한민국 경상북도 울릉군 울릉읍,2016-07-21,Cladophora wrightiana var. minor,동해중부
129.326920,대한민국,두깃장방노벌레,Copepoda > Calanoida > Candaciidae > Candacia > Candacia bipinnata,35.306717,대한민국 부산광역시,2011-08-28,Candacia bipinnata,동해남부
129.016663,대한민국,메디불가사리,Valvatida > Goniasteridae > Mediaster > Mediaster brachiatus,34.750000,대한민국 남해,2012-02-09,Mediaster brachiatus,남해동부
129.395355,대한민국,보통주정노벌레,Undinula vulgaris,37.092590,대한민국 경상북도 울진군,2011-09-28,Undinula vulgaris,동해중부
127.910278,대한민국,,Nematoda > Chromadorea > Araeolaimida > Axonolaimidae > Axonolaimus > Axonolaimus helgolandicus,34.749168,대한민국 경상남도 남해군 남면 조간대,2016-02-17,Axonolaimus helgolandicus,남해동부
128.603500,대한민국,민가지말,Phaeophyceae > Ectocarpales > Chordariaceae > Chordaria > Chordaria flagelliformis,34.726791,대한민국 경상남도 거제시 남부면 명사해수욕장,2014-07-12,Chordaria flagelliformis,남해동부
126.276978,대한민국,반지털,Phaeophyceae > Ectocarpales > Chordariaceae > Halothrix > Halothrix lumbricalis,34.395443,대한민국 전라남도 진도군 진도읍 진도,2013-03-27,Halothrix lumbricalis,남해서부
128.399994,대한민국,작은배젖꼭지노벌레,Pleuromamma indica,34.225002,대한민국 남해,2020-08-20,Pleuromamma indica,남해동부
128.952225,대한민국,,Tsukamurellaceae > Tsukamurella > Tsukamurella pulmonis,34.886112,대한민국 부산광역시,2004-10-04,Tsukamurella pulmonis,남해동부
126.360123,대한민국,농게,Tubuca arcuata,37.741325,대한민국 인천광역시 강화군 내가면 강화도,2021-04-16,Tubuca arcuata,서해
126.360123,대한민국,칠게,Pleocyemata > Brachyura > Ocypodoidea > Macrophthalmidae > Macrophthalminae > Macrophthalmus > Mareotis > Macrophthalmus (Mareotis) japonicus,37.741325,대한민국 인천광역시 강화군 내가면 강화도,2021-04-16,Macrophthalmus (Mareotis) japonicus,서해
125.124474,대한민국,가는엉킨실,Ulvophyceae > Bryopsidales > Derbesiaceae > Derbesia > Derbesia tenuissima,34.050915,대한민국 전라남도 신안군 흑산면 가거도,2021-06-29,Derbesia tenuissima,서해
126.349617,대한민국,참깃털말,Ulvophyceae > Bryopsidales > Bryopsidaceae > Bryopsis > Bryopsis plumosa,33.984028,대한민국 제주특별자치도 제주시 추자면 추자도,2021-09-10,Bryopsis plumosa,남해서부
128.952225,대한민국,,Rhodobacterales > Paracoccaceae > Paracoccus > Paracoccus rhizosphaerae,34.886112,대한민국 부산광역시,2004-10-04,Paracoccus rhizosphaerae,남해동부
125.192513,대한민국,바위수염,Scytosiphonaceae > Myelophycus > Myelophycus simplex,34.681953,대한민국 전라남도 신안군 흑산면 홍도리,2013-07-20,Myelophycus simplex,서해
129.189529,대한민국,바위수염,Scytosiphonaceae > Myelophycus > Myelophycus simplex,35.159672,대한민국 부산광역시 해운대구 중1동 청사포,2015-02-03,Myelophycus simplex,동해남부
129.224625,대한민국,바위수염,Scytosiphonaceae > Myelophycus > Myelophycus simplex,35.194866,대한민국 부산광역시 기장군 기장읍 시랑리,2016-04-23,Myelophycus simplex,동해남부
126.631393,대한민국,,Micrococcales > Micrococcaceae > Arthrobacter > Arthrobacter rhombi,37.174725,대한민국 서해,2010-05-10,Arthrobacter rhombi,서해
126.599251,대한민국,,Pleosporales > Pleosporaceae > Decorospora > Decorospora gaudefroyi,35.594276,대한민국 전라남도 부안군 진서면,2014-01-03,Decorospora gaudefroyi,서해
129.237610,대한민국,주둥치,Teleostei > Perciformes > Leiognathidae > Nuchequula > Nuchequula nuchalis,35.259884,대한민국 부산광역시 기장군,2016-01-06,Nuchequula nuchalis,동해남부
126.925644,대한민국,참가시그물바탕말,Phaeophyceae > Dictyotales > Dictyotaceae > Dictyopteris > Dictyopteris pacifica,33.460114,대한민국 제주특별자치도 서귀포시 성산읍 성산,2013-04-28,Dictyopteris pacifica,남해서부
129.566635,대한민국,가시뼈대그물말,Phaeophyceae > Dictyotales > Dictyotaceae > Dictyopteris > Dictyopteris prolifera,35.996532,대한민국 경상북도 포항시 남구 구룡포읍 구룡포,2014-12-13,Dictyopteris prolifera,동해남부
128.971359,대한민국,청줄돔,Teleostei > Perciformes > Pomacanthidae > Chaetodontoplus > Chaetodontoplus septentrionalis,34.917816,대한민국 부산광역시,2015-10-19,Chaetodontoplus septentrionalis,남해동부
126.470390,대한민국,미끈뼈대그물말,Phaeophyceae > Dictyotales > Dictyotaceae > Dictyopteris > Dictyopteris divaricata,35.627247,대한민국 전라북도 부안군 변산면 격포항,2011-06-16,Dictyopteris divaricata,서해
125.451736,대한민국,미끈뼈대그물말,Phaeophyceae > Dictyotales > Dictyotaceae > Dictyopteris > Dictyopteris divaricata,34.689339,대한민국 전라남도 신안군 흑산면 예리3길,2016-05-19,Dictyopteris divaricata,서해
127.295105,대한민국,미역쇠,Scytosiphonaceae > Petalonia > Petalonia binghamiae,34.055443,"대한민국 전라남도 여수시 삼산면 서도리,이금포해변",2016-03-26,Petalonia binghamiae,남해서부
129.577271,대한민국,미역쇠,Scytosiphonaceae > Petalonia > Petalonia binghamiae,36.026028,대한민국 경상북도 포항시 남구 구룡포읍 석봉2리,2015-12-26,Petalonia binghamiae,동해남부
128.787659,대한민국,삼세기,Teleostei > Scorpaeniformes > Agonidae > Hemitripterus > Hemitripterus villosus,35.024479,대한민국 부산광역시 강서구,2015-01-20,Hemitripterus villosus,남해동부
129.328094,대한민국,참가시그물바탕말,Phaeophyceae > Dictyotales > Dictyotaceae > Dictyopteris > Dictyopteris pacifica,37.263279,대한민국 강원도 삼척시 원덕읍 갈남,2014-08-01,Dictyopteris pacifica,동해중부
126.467850,대한민국,가시뼈대그물말,Phaeophyceae > Dictyotales > Dictyotaceae > Dictyopteris > Dictyopteris prolifera,35.628838,대한민국 전라북도 부안군 변산면 격포,2014-08-15,Dictyopteris prolifera,서해
129.552063,대한민국,긴불레기말,Scytosiphonaceae > Dactylosiphon > Dactylosiphon bullosus,36.084415,대한민국 경상북도 포항시 남구 호미곶면 구만리,2014-02-17,Dactylosiphon bullosus,동해남부
126.631393,대한민국,,Vibrionales > Vibrionaceae > Vibrio > Vibrio diabolicus,37.174725,대한민국 서해,2010-05-10,Vibrio diabolicus,서해
127.000000,대한민국,,Protista > Foraminifera > Globothalamea > Lituolida > Prolixoplectidae > Karrerulina > Karrerulina conversa,32.500000,대한민국 제주근해,2019-08-08,Karrerulina conversa,남해서부
128.951157,대한민국,민부풀음벌집소모충,Tintinnida > Ptychocylididae > Favella > Favella ehrenbergii,37.772167,대한민국 강원도 강릉시 강릉항,2017-06-15,Favella ehrenbergii,동해중부
126.631393,대한민국,,Staphylococcus epidermidis,37.174725,대한민국 서해,2010-05-10,Staphylococcus epidermidis,서해
126.631393,대한민국,,Micrococcales > Kytococcaceae > Kytococcus > Kytococcus sedentarius,37.174725,대한민국 서해,2010-05-10,Kytococcus sedentarius,서해
126.631393,대한민국,,Staphylococcus xylosus,37.174725,대한민국 서해,2010-05-10,Staphylococcus xylosus,서해
126.631393,대한민국,,Micrococcus aloeverae,37.174725,대한민국 서해,2010-05-10,Micrococcus aloeverae,서해
126.593292,대한민국,가시투성바다대벌레,Malacostraca > Amphipoda > Caprellidae > Caprella > Caprella acanthogaster,37.465206,대한민국 인천광역시 중구,2012-08-14,Caprella acanthogaster,서해
129.552063,대한민국,미역쇠,Scytosiphonaceae > Petalonia > Petalonia binghamiae,36.084415,대한민국 경상북도 포항시 남구 호미곶면 구만2리,2015-12-26,Petalonia binghamiae,동해남부
129.577271,대한민국,미역쇠,Scytosiphonaceae > Petalonia > Petalonia binghamiae,36.026028,대한민국 경상북도 포항시 남구 구룡포읍 석봉2리,2015-12-26,Petalonia binghamiae,동해남부
129.331284,대한민국,개그물바탕말,Rugulopteryx okamurae,37.262955,"대한민국 강원도 삼척시 원덕읍 갈남,삼척",2013-10-04,Rugulopteryx okamurae,동해중부
128.952225,대한민국,,Sphingomonadales > Erythrobacteraceae > Qipengyuania > Qipengyuania flava,34.886112,대한민국 부산광역시,2004-10-04,Qipengyuania flava,남해동부
128.952225,대한민국,,Roseivirgaceae > Roseivirga > Roseivirga spongicola,34.886112,대한민국 부산광역시,2004-10-04,Roseivirga spongicola,남해동부
128.952225,대한민국,,Ruegeria atlantica,34.886112,대한민국 부산광역시,2004-10-04,Ruegeria atlantica,남해동부
126.781113,대한민국,,Penicillium westlingii,34.601025,대한민국 전라남도 강진군 칠량면,2015-10-03,Penicillium westlingii,남해서부
126.702133,대한민국,청각,Ulvophyceae > Bryopsidales > Codiaceae > Codium > Codium fragile,34.297554,대한민국 전라남도 완도군 완도읍,2016-10-14,Codium fragile,남해서부
128.952225,대한민국,,Micrococcales > Kytococcaceae > Kytococcus > Kytococcus sedentarius,34.886112,대한민국 부산광역시,2004-10-04,Kytococcus sedentarius,남해동부
126.910416,대한민국,몽우리청각,Ulvophyceae > Bryopsidales > Codiaceae > Codium > Codium contractum,33.495510,대한민국 제주특별자치도 제주시 구좌읍,2016-10-22,Codium contractum,남해서부
128.952225,대한민국,,Ruegeria atlantica,34.886112,대한민국 부산광역시,2004-10-04,Ruegeria atlantica,남해동부
129.407776,대한민국,보통주정노벌레,Undinula vulgaris,37.102520,대한민국 경상북도 울진군,2011-09-28,Undinula vulgaris,동해중부
126.758163,대한민국,긴줄꼬마도화새우,Plesionika ortmanni,32.823334,대한민국 제주근해,2011-11-21,Plesionika ortmanni,남해서부
128.952225,대한민국,,Ruegeria denitrificans,34.886112,대한민국 부산광역시,2004-10-04,Ruegeria denitrificans,남해동부
128.952225,대한민국,,Rhodobacterales > Paracoccaceae > Phaeobacter > Phaeobacter inhibens,34.886112,대한민국 부산광역시,2004-10-04,Phaeobacter inhibens,남해동부
131.867218,대한민국,,Shewanellaceae > Shewanella > Shewanella fidelis,37.239723,대한민국 경상북도 울릉군 울릉읍 독도,2004-10-26,Shewanella fidelis,동해중부
128.882935,대한민국,,Podonidae > Pleopis > Pleopis polyphemoides,35.050941,대한민국 부산광역시,2010-06-15,Pleopis polyphemoides,남해동부
129.313995,대한민국,뾰족아참노벌레,Subeucalanus mucronatus,35.314587,대한민국 부산광역시 기장군,2010-08-28,Subeucalanus mucronatus,동해남부
126.156776,대한민국,갈가자미,Teleostei > Pleuronectiformes > Pleuronectidae > Glyptocephalus > Glyptocephalus kitaharae,32.755615,대한민국 제주특별자치도,2018-04-19,Glyptocephalus kitaharae,남해서부
127.061836,대한민국,,Fungi > Ascomycota > Eurotiomycetes > Eurotiales > Aspergillaceae > Aspergillus > Aspergillus terreus,34.656250,대한민국 전라남도 보성군 회천면,2015-10-03,Aspergillus terreus,남해서부
125.122704,대한민국,미끈안방이끼벌레,Thalamoporellidae > Thalamoporella > Thalamoporella lioticha,34.046944,대한민국 전라남도 신안군 흑산면 가거도 녹섬,2021-06-22,Thalamoporella lioticha,서해
126.468742,대한민국,자주빛이끼벌레,Watersiporidae > Watersipora > Watersipora subtorquata,35.628166,대한민국 전라북도 부안군 변산면 격포해수욕장,2021-03-16,Watersipora subtorquata,서해
125.106537,대한민국,철빛종이끼벌레,Metroperiella montferrandii,34.094791,대한민국 전라남도 신안군 흑산면 가거도 사끼미,2021-06-24,Metroperiella montferrandii,서해
128.663727,대한민국,대구,Teleostei > Gadiformes > Gadidae > Gadus > Gadus macrocephalus,38.106075,대한민국 강원도 강릉시 주문진읍,2014-01-06,Gadus macrocephalus,동해중부
129.470764,대한민국,전어,Teleostei > Clupeiformes > Dorosomatidae > Konosirus > Konosirus punctatus,36.058956,대한민국 경상북도 포항시,2014-01-17,Konosirus punctatus,동해남부
129.470764,대한민국,전어,Teleostei > Clupeiformes > Dorosomatidae > Konosirus > Konosirus punctatus,36.058956,대한민국 경상북도 포항시,2014-01-17,Konosirus punctatus,동해남부
131.867218,대한민국,,Micrococcales > Intrasporangiaceae > Knoellia > Knoellia locipacati,37.239723,대한민국 경상북도 울릉군 울릉읍 독도,2004-10-26,Knoellia locipacati,동해중부
129.470764,대한민국,전어,Teleostei > Clupeiformes > Dorosomatidae > Konosirus > Konosirus punctatus,36.058956,대한민국 경상북도 포항시,2014-01-17,Konosirus punctatus,동해남부
126.925995,대한민국,뾰족입짠물응애,Trombidiformes > Halacaridae > Copidognathus > Copidognathus koreanus,33.435417,대한민국 제주특별자치도 서귀포시 성산읍,2021-06-22,Copidognathus koreanus,남해서부
126.197388,대한민국,솜대마디말,Ulvophyceae > Cladophorales > Cladophoraceae > Cladophora > Cladophora albida,36.899891,대한민국 충청남도 태안군 원북면,2016-08-21,Cladophora albida,서해
126.564034,대한민국,넓은미역쇠,Punctaria latifolia,34.141014,대한민국 전라남도 완도군 보길면 예송리,2013-04-25,Punctaria latifolia,남해서부
129.506241,대한민국,민가지말,Phaeophyceae > Ectocarpales > Chordariaceae > Chordaria > Chordaria flagelliformis,35.806595,대한민국 경상북도 경주시 감포읍 감포리,2016-04-01,Chordaria flagelliformis,동해남부
129.225067,대한민국,바위두둑,Phaeophyceae > Ectocarpales > Chordariaceae > Leathesia > Leathesia marina,35.215683,대한민국 부산광역시 기장군 기장읍 연화리,2014-01-03,Leathesia marina,동해남부
126.280540,대한민국,,Polyarthra > Longipediidae > Longipedia > Longipedia koreana,35.571316,대한민국 전라북도 부안군 위도면,2019-09-26,Longipedia koreana,서해
123.682495,대한민국,대롱수염새우,Solenoceridae > Solenocera > Solenocera melantho,34.805832,대한민국 서해 한·중 잠정조치수역,2021-09-12,Solenocera melantho,서해
123.682495,대한민국,대롱수염새우,Solenoceridae > Solenocera > Solenocera melantho,34.805832,대한민국 서해 한·중 잠정조치수역,2021-09-12,Solenocera melantho,서해
123.281555,대한민국,대롱수염새우,Solenoceridae > Solenocera > Solenocera melantho,33.773613,대한민국 서해 한·중 잠정조치수역,2021-09-10,Solenocera melantho,서해
125.192764,대한민국,잘록이고리매,Scytosiphonaceae > Scytosiphon > Scytosiphon lomentaria,34.684513,"대한민국 전라남도 신안군 흑산면 홍도리,홍도항",2016-05-21,Scytosiphon lomentaria,서해
129.567154,대한민국,미역쇠,Scytosiphonaceae > Petalonia > Petalonia binghamiae,35.992680,대한민국 경상북도 포항시 남구 구룡포읍 구룡포,2016-04-01,Petalonia binghamiae,동해남부
129.225067,대한민국,개그물바탕말,Rugulopteryx okamurae,35.215683,대한민국 부산광역시 기장군 기장읍 연화리,2014-01-03,Rugulopteryx okamurae,동해남부
128.605606,대한민국,참가시그물바탕말,Phaeophyceae > Dictyotales > Dictyotaceae > Dictyopteris > Dictyopteris pacifica,38.173878,"대한민국 강원도 속초시 대포동 속초,대포항",2013-10-03,Dictyopteris pacifica,동해중부
129.559845,대한민국,미역쇠,Scytosiphonaceae > Petalonia > Petalonia binghamiae,36.081444,대한민국 경상북도 포항시 남구 호미곶면 호미곶 327-1,2015-12-26,Petalonia binghamiae,동해남부
129.567154,대한민국,미역쇠,Scytosiphonaceae > Petalonia > Petalonia binghamiae,35.992680,대한민국 경상북도 포항시 남구 구룡포읍 구룡포,2016-04-01,Petalonia binghamiae,동해남부
126.276901,대한민국,반질불레기말,Scytosiphonaceae > Colpomenia > Colpomenia peregrina,34.395527,대한민국 전라남도 진도군 의신면 금갑,2016-05-05,Colpomenia peregrina,남해서부
127.836380,대한민국,잘록이고리매,Scytosiphonaceae > Scytosiphon > Scytosiphon lomentaria,34.798534,대한민국 경상남도 남해군 서면 서상,2014-02-18,Scytosiphon lomentaria,남해동부
126.296425,대한민국,민가지말,Phaeophyceae > Ectocarpales > Chordariaceae > Chordaria > Chordaria flagelliformis,33.962414,대한민국 제주특별자치도 제주시 추자면 추자항,2014-06-27,Chordaria flagelliformis,남해서부
129.552063,대한민국,불레기말,Scytosiphonaceae > Colpomenia > Colpomenia sinuosa,36.084415,대한민국 경상북도 포항시 남구 호미곶면 구만2리,2015-12-26,Colpomenia sinuosa,동해남부
127.295105,대한민국,바위주름,Phaeophyceae > Ectocarpales > Petrospongiaceae > Petrospongium > Petrospongium rugosum,34.055443,"대한민국 전라남도 여수시 삼산면 서도리,이금포해변",2016-03-26,Petrospongium rugosum,남해서부
126.968468,대한민국,부챗말,Phaeophyceae > Dictyotales > Dictyotaceae > Padina > Padina arborescens,33.496738,대한민국 제주특별자치도 제주시 우도면 우도등대,2013-04-26,Padina arborescens,남해서부
126.304611,대한민국,바위수염,Scytosiphonaceae > Myelophycus > Myelophycus simplex,33.451099,대한민국 제주특별자치도 제주시 애월읍 곽지,2015-05-07,Myelophycus simplex,남해서부
126.260948,대한민국,바위수염,Scytosiphonaceae > Myelophycus > Myelophycus simplex,34.393002,대한민국 전라남도 진도군 임회면 중림리(탑립리),2016-01-20,Myelophycus simplex,남해서부
127.737061,대한민국,댕기넓은미역쇠,Punctaria plantaginea,34.660889,대한민국 전라남도 여수시 돌산읍 평사리,2011-05-13,Punctaria plantaginea,남해서부
129.114212,대한민국,가시뼈대그물말,Phaeophyceae > Dictyotales > Dictyotaceae > Dictyopteris > Dictyopteris prolifera,37.579899,대한민국 강원도 동해시 대진동 대진항,2014-08-01,Dictyopteris prolifera,동해중부
129.481552,대한민국,매끈발톱요정짠물응애,Trombidiformes > Halacaridae > Agaue > Agaue laeviunguis,36.016388,대한민국 경상북도 포항시,2019-04-21,Agaue laeviunguis,동해남부
125.361557,대한민국,삼세기,Teleostei > Scorpaeniformes > Agonidae > Hemitripterus > Hemitripterus villosus,37.296089,대한민국 인천광역시,2016-09-03,Hemitripterus villosus,서해
125.361557,대한민국,삼세기,Teleostei > Scorpaeniformes > Agonidae > Hemitripterus > Hemitripterus villosus,37.296089,대한민국 인천광역시,2016-09-03,Hemitripterus villosus,서해
131.868317,대한민국,개그물바탕말,Rugulopteryx okamurae,37.240105,대한민국 경상북도 울릉군 울릉읍 독도리 동도,2013-04-22,Rugulopteryx okamurae,동해중부
128.768509,대한민국,개그물바탕말,Rugulopteryx okamurae,37.962006,대한민국 강원도 양양군 현남면 인구리,2013-02-01,Rugulopteryx okamurae,동해중부
129.442688,대한민국,개그물바탕말,Rugulopteryx okamurae,35.628448,대한민국 울산광역시 북구 정자동 정자해수욕장,2015-01-22,Rugulopteryx okamurae,동해남부
129.377335,대한민국,남방갑옷선충,Nematoda > Enoplea > Enoplida > Enoplidae > Enoplus > Enoplus meridionalis,37.105988,대한민국 경상북도 울진군 북면 조간대,2016-03-14,Enoplus meridionalis,동해중부
126.500275,대한민국,,Protista > Bacillariophyta > Bacillariophyceae > Bacillariales > Bacillariaceae > Bacillaria > Bacillaria paxillifera,35.817448,대한민국 전라북도 군산시,2013-07-25,Bacillaria paxillifera,서해
126.567268,대한민국,,Protista > Bacillariophyta > Mediophyceae > Chaetocerotales > Chaetocerotaceae > Bacteriastrum > Bacteriastrum delicatulum,35.852257,대한민국 전라북도 군산시,2013-09-26,Bacteriastrum delicatulum,서해
126.593712,대한민국,,Protista > Bacillariophyta > Mediophyceae > Eupodiscales > Eupodiscaceae > Cerataulus > Cerataulus granulatus,37.449894,대한민국 인천광역시 중구 항동,2015-03-09,Cerataulus granulatus,서해
125.135529,대한민국,미끈뼈대그물말,Phaeophyceae > Dictyotales > Dictyotaceae > Dictyopteris > Dictyopteris divaricata,34.063332,대한민국 전라남도 신안군 흑산면 가거도,2021-06-29,Dictyopteris divaricata,서해
125.135529,대한민국,개그물바탕말,Rugulopteryx okamurae,34.063332,대한민국 전라남도 신안군 흑산면 가거도,2021-06-29,Rugulopteryx okamurae,서해
125.135529,대한민국,명주가시그물바탕말,Spatoglossum solieri,34.063332,대한민국 전라남도 신안군 흑산면 가거도,2021-06-29,Spatoglossum solieri,서해
126.437225,대한민국,민꽃게,Thalamitinae > Charybdis > Charybdis > Charybdis (Charybdis) japonica,36.379444,대한민국 충청남도 보령시 오천면,2021-07-22,Charybdis (Charybdis) japonica,서해
129.464767,대한민국,보통주정노벌레,Undinula vulgaris,37.074211,대한민국 경상북도 울진군,2011-09-28,Undinula vulgaris,동해중부
126.759163,대한민국,불레기말,Scytosiphonaceae > Colpomenia > Colpomenia sinuosa,33.558056,대한민국 제주특별자치도 제주시 구좌읍,2012-04-04,Colpomenia sinuosa,남해서부
131.866028,대한민국,홍점갯지렁이,Polychaeta > Eunicida > Oenonidae > Arabella > Arabella iricolor,37.240208,대한민국 경상북도 울릉군 울릉읍 독도,2006-06-08,Arabella iricolor,동해중부
126.681496,대한민국,두점박이선녀얼굴갯지렁이,Spionidae > Pseudopolydora > Pseudopolydora cf. kempi,37.285774,대한민국 경기도 화성시 송산면,2012-02-01,Pseudopolydora cf. kempi,서해
126.775574,대한민국,가시부푼긴노벌레,Tortanus > Eutortanus > Tortanus (Eutortanus) spinicaudatus,36.984699,대한민국 충청남도 아산시,2011-10-21,Tortanus (Eutortanus) spinicaudatus,서해
127.586700,대한민국,나무결붓솔무륵,Neogastropoda > Columbellidae > Mokumea > Mokumea divaricata,34.062721,대한민국 전라남도 여수시 삼산면 거문리 하백도 보석섬 다이빙,2019-05-15,Mokumea divaricata,남해서부
128.476349,대한민국,노란테갯민숭달팽이,Nudibranchia > Cadlinidae > Cadlina > Cadlina japonica,38.444889,대한민국 강원도 고성군 거진읍 거진리 거진항 레드썬 다이빙,2020-05-14,Cadlina japonica,동해중부
129.239868,대한민국,타래고둥,Neogastropoda > Buccinidae > Japeuthria > Japeuthria ferrea,35.226501,대한민국 부산광역시 기장군 기장읍 부산기장해양정수센터 왼쪽 조간대,2020-01-13,Japeuthria ferrea,동해남부
129.470764,대한민국,전어,Teleostei > Clupeiformes > Dorosomatidae > Konosirus > Konosirus punctatus,36.058956,대한민국 경상북도 포항시,2014-01-17,Konosirus punctatus,동해남부
126.294693,대한민국,사다리소모충,Tintinnida > Metacylididae > Climacocylis > Climacocylis scalaroides,33.961555,대한민국 제주특별자치도 제주시 추자면 대서리 상추자도항,2021-08-19,Climacocylis scalaroides,남해서부
126.294693,대한민국,사다리소모충,Tintinnida > Metacylididae > Climacocylis > Climacocylis scalaroides,33.961555,대한민국 제주특별자치도 제주시 추자면 대서리 상추자도항,2021-08-19,Climacocylis scalaroides,남해서부
126.294693,대한민국,사다리소모충,Tintinnida > Metacylididae > Climacocylis > Climacocylis scalaroides,33.961555,대한민국 제주특별자치도 제주시 추자면 대서리 상추자도항,2021-08-19,Climacocylis scalaroides,남해서부
129.418335,대한민국,괭생이모자반,Sargassum horneri,35.481358,대한민국 울산광역시 동구 방어동 방어진,2015-01-22,Sargassum horneri,동해남부
125.193199,대한민국,반지털,Phaeophyceae > Ectocarpales > Chordariaceae > Halothrix > Halothrix lumbricalis,34.683933,"대한민국 전라남도 신안군 흑산면 홍도리,홍도항",2016-05-21,Halothrix lumbricalis,서해
126.593117,대한민국,바위두둑,Phaeophyceae > Ectocarpales > Chordariaceae > Leathesia > Leathesia marina,34.161812,"대한민국 전라남도 완도군 보길면 보길도, 중리",2015-06-04,Leathesia marina,남해서부
126.265190,대한민국,톳,Sargassum fusiforme,34.380089,대한민국 전라남도 진도군 임회면 탑립리,2014-07-28,Sargassum fusiforme,남해서부
129.567154,대한민국,미역쇠,Scytosiphonaceae > Petalonia > Petalonia binghamiae,35.992680,대한민국 경상북도 포항시 남구 구룡포읍 구룡포,2016-04-01,Petalonia binghamiae,동해남부
129.225067,대한민국,참가시그물바탕말,Phaeophyceae > Dictyotales > Dictyotaceae > Dictyopteris > Dictyopteris pacifica,35.215683,대한민국 부산광역시 기장군 기장읍 연화리,2014-01-03,Dictyopteris pacifica,동해남부
126.277283,대한민국,댕기넓은미역쇠,Punctaria plantaginea,34.394402,대한민국 전라남도 진도군 의신면 금갑,2014-03-16,Punctaria plantaginea,남해서부
126.277283,대한민국,댕기넓은미역쇠,Punctaria plantaginea,34.394402,대한민국 전라남도 진도군 의신면 금갑,2014-03-16,Punctaria plantaginea,남해서부
125.451736,대한민국,긴불레기말,Scytosiphonaceae > Dactylosiphon > Dactylosiphon bullosus,34.689339,대한민국 전라남도 신안군 흑산면 예리3길,2016-05-19,Dactylosiphon bullosus,서해
131.868317,대한민국,잘록이고리매,Scytosiphonaceae > Scytosiphon > Scytosiphon lomentaria,37.240105,대한민국 경상북도 울릉군 울릉읍 독도리 동도,2013-04-22,Scytosiphon lomentaria,동해중부
127.836380,대한민국,잘록이고리매,Scytosiphonaceae > Scytosiphon > Scytosiphon lomentaria,34.798534,대한민국 경상남도 남해군 서면 서상,2014-02-18,Scytosiphon lomentaria,남해동부
125.191460,대한민국,잘록이고리매,Scytosiphonaceae > Scytosiphon > Scytosiphon lomentaria,34.685791,"대한민국 전라남도 신안군 흑산면 홍도리,몽돌해수욕장",2016-05-20,Scytosiphon lomentaria,서해
128.988876,대한민국,그물바탕말,Phaeophyceae > Dictyotales > Dictyotaceae > Dictyota > Dictyota dichotoma,37.737041,"대한민국 강원도 강릉시 강동면 안인,강릉",2013-10-04,Dictyota dichotoma,동해중부
129.294098,대한민국,빗살판불가사리,Paxillosida > Ctenodiscidae > Ctenodiscus > Ctenodiscus crispatus,37.620667,대한민국 강원도 동해시,2019-04-09,Ctenodiscus crispatus,동해중부
126.706764,대한민국,잔비늘매퉁이,Teleostei > Aulopiformes > Synodontidae > Saurida > Saurida microlepis,33.677185,대한민국 제주특별자치도 제주시,2015-10-07,Saurida microlepis,남해서부
128.325775,대한민국,성대,Triglidae > Chelidonichthys > Chelidonichthys spinosus,34.850460,대한민국 경상남도 통영시,2014-01-24,Chelidonichthys spinosus,남해동부
128.325775,대한민국,성대,Triglidae > Chelidonichthys > Chelidonichthys spinosus,34.850460,대한민국 경상남도 통영시,2014-01-24,Chelidonichthys spinosus,남해동부
126.462524,대한민국,며느리발톱곤쟁이,Nipponomysis calcarata,35.619781,대한민국 전라북도 부안군 변산면 송포항,2021-03-16,Nipponomysis calcarata,서해
